section_id	family	model	template	length_um	target_case	target_mask_um	amplitude_sd	n_replicates	n_detected	power	lower95	passed
usz-KC1	halo	gaussian_1500	halo	100	0	130	0.5	200	200	1.0	0.9851329607687279	True
usz-KC1	halo	gaussian_1500	halo	100	0	130	1.0	200	200	1.0	0.9851329607687279	True
usz-KC1	halo	gaussian_1500	halo	250	0	130	0.5	200	178	0.89	0.8466627177582489	True
usz-KC1	halo	gaussian_1500	halo	250	0	130	1.0	200	192	0.96	0.9289858313839802	True
usz-KC1	halo	gaussian_1500	halo	500	1	130	0.5	200	0	0.0	0.0	False
usz-KC1	halo	gaussian_1500	halo	500	1	130	1.0	200	0	0.0	0.0	False
usz-KC1	halo	gaussian_1500	halo	1000	2	130	0.5	200	0	0.0	0.0	False
usz-KC1	halo	gaussian_1500	halo	1000	2	130	1.0	200	0	0.0	0.0	False
usz-KC1	halo	gaussian_1500	halo	2000	3	130	0.5	200	0	0.0	0.0	False
usz-KC1	halo	gaussian_1500	halo	2000	3	130	1.0	200	0	0.0	0.0	False
usz-KC1	halo	gaussian_1500	halo	4000	3	130	0.5	200	0	0.0	0.0	False
usz-KC1	halo	gaussian_1500	halo	4000	3	130	1.0	200	0	0.0	0.0	False
usz-KC1	halo	gaussian_150	halo	100	0	130	0.5	200	71	0.355	0.29874226219571554	False
usz-KC1	halo	gaussian_150	halo	100	0	130	1.0	200	194	0.97	0.9416502396240891	True
usz-KC1	halo	gaussian_150	halo	250	0	130	0.5	200	27	0.135	0.0970282455614178	False
usz-KC1	halo	gaussian_150	halo	250	0	130	1.0	200	149	0.745	0.6892622869439965	False
usz-KC1	halo	gaussian_150	halo	500	1	130	0.5	200	0	0.0	0.0	False
usz-KC1	halo	gaussian_150	halo	500	1	130	1.0	200	0	0.0	0.0	False
usz-KC1	halo	gaussian_150	halo	1000	2	130	0.5	200	0	0.0	0.0	False
usz-KC1	halo	gaussian_150	halo	1000	2	130	1.0	200	0	0.0	0.0	False
usz-KC1	halo	gaussian_150	halo	2000	3	130	0.5	200	0	0.0	0.0	False
usz-KC1	halo	gaussian_150	halo	2000	3	130	1.0	200	0	0.0	0.0	False
usz-KC1	halo	gaussian_150	halo	4000	3	130	0.5	200	0	0.0	0.0	False
usz-KC1	halo	gaussian_150	halo	4000	3	130	1.0	200	0	0.0	0.0	False
usz-KC1	halo	gaussian_4000	halo	100	0	130	0.5	200	200	1.0	0.9851329607687279	True
usz-KC1	halo	gaussian_4000	halo	100	0	130	1.0	200	200	1.0	0.9851329607687279	True
usz-KC1	halo	gaussian_4000	halo	250	0	130	0.5	200	196	0.98	0.9548195850052813	True
usz-KC1	halo	gaussian_4000	halo	250	0	130	1.0	200	199	0.995	0.9765015295650493	True
usz-KC1	halo	gaussian_4000	halo	500	1	130	0.5	200	0	0.0	0.0	False
usz-KC1	halo	gaussian_4000	halo	500	1	130	1.0	200	0	0.0	0.0	False
usz-KC1	halo	gaussian_4000	halo	1000	2	130	0.5	200	0	0.0	0.0	False
usz-KC1	halo	gaussian_4000	halo	1000	2	130	1.0	200	0	0.0	0.0	False
usz-KC1	halo	gaussian_4000	halo	2000	3	130	0.5	200	0	0.0	0.0	False
usz-KC1	halo	gaussian_4000	halo	2000	3	130	1.0	200	0	0.0	0.0	False
usz-KC1	halo	gaussian_4000	halo	4000	3	130	0.5	200	0	0.0	0.0	False
usz-KC1	halo	gaussian_4000	halo	4000	3	130	1.0	200	0	0.0	0.0	False
usz-KC1	halo	gaussian_500	halo	100	0	130	0.5	200	185	0.925	0.8868616117335995	True
usz-KC1	halo	gaussian_500	halo	100	0	130	1.0	200	200	1.0	0.9851329607687279	True
usz-KC1	halo	gaussian_500	halo	250	0	130	0.5	200	119	0.595	0.5346254575680677	False
usz-KC1	halo	gaussian_500	halo	250	0	130	1.0	200	188	0.94	0.9045985822701227	True
usz-KC1	halo	gaussian_500	halo	500	1	130	0.5	200	0	0.0	0.0	False
usz-KC1	halo	gaussian_500	halo	500	1	130	1.0	200	0	0.0	0.0	False
usz-KC1	halo	gaussian_500	halo	1000	2	130	0.5	200	0	0.0	0.0	False
usz-KC1	halo	gaussian_500	halo	1000	2	130	1.0	200	0	0.0	0.0	False
usz-KC1	halo	gaussian_500	halo	2000	3	130	0.5	200	0	0.0	0.0	False
usz-KC1	halo	gaussian_500	halo	2000	3	130	1.0	200	0	0.0	0.0	False
usz-KC1	halo	gaussian_500	halo	4000	3	130	0.5	200	0	0.0	0.0	False
usz-KC1	halo	gaussian_500	halo	4000	3	130	1.0	200	0	0.0	0.0	False
usz-KC1	halo	mixture	halo	100	0	130	0.5	200	100	0.5	0.439641025282761	False
usz-KC1	halo	mixture	halo	100	0	130	1.0	200	199	0.995	0.9765015295650493	True
usz-KC1	halo	mixture	halo	250	0	130	0.5	200	52	0.26	0.2094115409332631	False
usz-KC1	halo	mixture	halo	250	0	130	1.0	200	159	0.795	0.7423832949198079	False
usz-KC1	halo	mixture	halo	500	1	130	0.5	200	0	0.0	0.0	False
usz-KC1	halo	mixture	halo	500	1	130	1.0	200	0	0.0	0.0	False
usz-KC1	halo	mixture	halo	1000	2	130	0.5	200	0	0.0	0.0	False
usz-KC1	halo	mixture	halo	1000	2	130	1.0	200	0	0.0	0.0	False
usz-KC1	halo	mixture	halo	2000	3	130	0.5	200	0	0.0	0.0	False
usz-KC1	halo	mixture	halo	2000	3	130	1.0	200	0	0.0	0.0	False
usz-KC1	halo	mixture	halo	4000	3	130	0.5	200	0	0.0	0.0	False
usz-KC1	halo	mixture	halo	4000	3	130	1.0	200	0	0.0	0.0	False
usz-KC1	halo	skew_heterogeneous_gradient	halo	100	0	130	0.5	200	117	0.585	0.5245269463245412	False
usz-KC1	halo	skew_heterogeneous_gradient	halo	100	0	130	1.0	200	196	0.98	0.9548195850052813	True
usz-KC1	halo	skew_heterogeneous_gradient	halo	250	0	130	0.5	200	58	0.29	0.2373277618980395	False
usz-KC1	halo	skew_heterogeneous_gradient	halo	250	0	130	1.0	200	159	0.795	0.7423832949198079	False
usz-KC1	halo	skew_heterogeneous_gradient	halo	500	1	130	0.5	200	0	0.0	0.0	False
usz-KC1	halo	skew_heterogeneous_gradient	halo	500	1	130	1.0	200	0	0.0	0.0	False
usz-KC1	halo	skew_heterogeneous_gradient	halo	1000	2	130	0.5	200	0	0.0	0.0	False
usz-KC1	halo	skew_heterogeneous_gradient	halo	1000	2	130	1.0	200	0	0.0	0.0	False
usz-KC1	halo	skew_heterogeneous_gradient	halo	2000	3	130	0.5	200	0	0.0	0.0	False
usz-KC1	halo	skew_heterogeneous_gradient	halo	2000	3	130	1.0	200	0	0.0	0.0	False
usz-KC1	halo	skew_heterogeneous_gradient	halo	4000	3	130	0.5	200	0	0.0	0.0	False
usz-KC1	halo	skew_heterogeneous_gradient	halo	4000	3	130	1.0	200	0	0.0	0.0	False
usz-KC3	halo	gaussian_1500	halo	100	0	130	0.5	200	156	0.78	0.7263452161879329	False
usz-KC3	halo	gaussian_1500	halo	100	0	130	1.0	200	191	0.955	0.9227890249826619	True
usz-KC3	halo	gaussian_1500	halo	250	0	130	0.5	200	153	0.765	0.7103969763569448	False
usz-KC3	halo	gaussian_1500	halo	250	0	130	1.0	200	192	0.96	0.9289858313839802	True
usz-KC3	halo	gaussian_1500	halo	500	1	130	0.5	200	0	0.0	0.0	False
usz-KC3	halo	gaussian_1500	halo	500	1	130	1.0	200	0	0.0	0.0	False
usz-KC3	halo	gaussian_1500	halo	1000	2	130	0.5	200	0	0.0	0.0	False
usz-KC3	halo	gaussian_1500	halo	1000	2	130	1.0	200	0	0.0	0.0	False
usz-KC3	halo	gaussian_1500	halo	2000	2	130	0.5	200	0	0.0	0.0	False
usz-KC3	halo	gaussian_1500	halo	2000	2	130	1.0	200	0	0.0	0.0	False
usz-KC3	halo	gaussian_1500	halo	4000	2	130	0.5	200	0	0.0	0.0	False
usz-KC3	halo	gaussian_1500	halo	4000	2	130	1.0	200	0	0.0	0.0	False
usz-KC3	halo	gaussian_150	halo	100	0	130	0.5	200	96	0.48	0.41991101578353507	False
usz-KC3	halo	gaussian_150	halo	100	0	130	1.0	200	175	0.875	0.8298072741246233	True
usz-KC3	halo	gaussian_150	halo	250	0	130	0.5	200	63	0.315	0.2608058964505091	False
usz-KC3	halo	gaussian_150	halo	250	0	130	1.0	200	165	0.825	0.7747586446316664	False
usz-KC3	halo	gaussian_150	halo	500	1	130	0.5	200	0	0.0	0.0	False
usz-KC3	halo	gaussian_150	halo	500	1	130	1.0	200	0	0.0	0.0	False
usz-KC3	halo	gaussian_150	halo	1000	2	130	0.5	200	0	0.0	0.0	False
usz-KC3	halo	gaussian_150	halo	1000	2	130	1.0	200	0	0.0	0.0	False
usz-KC3	halo	gaussian_150	halo	2000	2	130	0.5	200	0	0.0	0.0	False
usz-KC3	halo	gaussian_150	halo	2000	2	130	1.0	200	1	0.005	0.0002564335872234742	False
usz-KC3	halo	gaussian_150	halo	4000	2	130	0.5	200	0	0.0	0.0	False
usz-KC3	halo	gaussian_150	halo	4000	2	130	1.0	200	0	0.0	0.0	False
usz-KC3	halo	gaussian_4000	halo	100	0	130	0.5	200	158	0.79	0.7370268768503345	False
usz-KC3	halo	gaussian_4000	halo	100	0	130	1.0	200	189	0.945	0.9106038618926544	True
usz-KC3	halo	gaussian_4000	halo	250	0	130	0.5	200	155	0.775	0.7210194678937667	False
usz-KC3	halo	gaussian_4000	halo	250	0	130	1.0	200	186	0.93	0.8927320207739601	True
usz-KC3	halo	gaussian_4000	halo	500	1	130	0.5	200	0	0.0	0.0	False
usz-KC3	halo	gaussian_4000	halo	500	1	130	1.0	200	0	0.0	0.0	False
usz-KC3	halo	gaussian_4000	halo	1000	2	130	0.5	200	0	0.0	0.0	False
usz-KC3	halo	gaussian_4000	halo	1000	2	130	1.0	200	0	0.0	0.0	False
usz-KC3	halo	gaussian_4000	halo	2000	2	130	0.5	200	0	0.0	0.0	False
usz-KC3	halo	gaussian_4000	halo	2000	2	130	1.0	200	0	0.0	0.0	False
usz-KC3	halo	gaussian_4000	halo	4000	2	130	0.5	200	0	0.0	0.0	False
usz-KC3	halo	gaussian_4000	halo	4000	2	130	1.0	200	0	0.0	0.0	False
usz-KC3	halo	gaussian_500	halo	100	0	130	0.5	200	145	0.725	0.66826523462842	False
usz-KC3	halo	gaussian_500	halo	100	0	130	1.0	200	194	0.97	0.9416502396240891	True
usz-KC3	halo	gaussian_500	halo	250	0	130	0.5	200	119	0.595	0.5346254575680677	False
usz-KC3	halo	gaussian_500	halo	250	0	130	1.0	200	188	0.94	0.9045985822701227	True
usz-KC3	halo	gaussian_500	halo	500	1	130	0.5	200	0	0.0	0.0	False
usz-KC3	halo	gaussian_500	halo	500	1	130	1.0	200	0	0.0	0.0	False
usz-KC3	halo	gaussian_500	halo	1000	2	130	0.5	200	0	0.0	0.0	False
usz-KC3	halo	gaussian_500	halo	1000	2	130	1.0	200	0	0.0	0.0	False
usz-KC3	halo	gaussian_500	halo	2000	2	130	0.5	200	0	0.0	0.0	False
usz-KC3	halo	gaussian_500	halo	2000	2	130	1.0	200	0	0.0	0.0	False
usz-KC3	halo	gaussian_500	halo	4000	2	130	0.5	200	0	0.0	0.0	False
usz-KC3	halo	gaussian_500	halo	4000	2	130	1.0	200	0	0.0	0.0	False
usz-KC3	halo	mixture	halo	100	0	130	0.5	200	130	0.65	0.5906098583232074	False
usz-KC3	halo	mixture	halo	100	0	130	1.0	200	190	0.95	0.916664848933628	True
usz-KC3	halo	mixture	halo	250	0	130	0.5	200	98	0.49	0.42976449205582073	False
usz-KC3	halo	mixture	halo	250	0	130	1.0	200	186	0.93	0.8927320207739601	True
usz-KC3	halo	mixture	halo	500	1	130	0.5	200	0	0.0	0.0	False
usz-KC3	halo	mixture	halo	500	1	130	1.0	200	0	0.0	0.0	False
usz-KC3	halo	mixture	halo	1000	2	130	0.5	200	0	0.0	0.0	False
usz-KC3	halo	mixture	halo	1000	2	130	1.0	200	0	0.0	0.0	False
usz-KC3	halo	mixture	halo	2000	2	130	0.5	200	0	0.0	0.0	False
usz-KC3	halo	mixture	halo	2000	2	130	1.0	200	0	0.0	0.0	False
usz-KC3	halo	mixture	halo	4000	2	130	0.5	200	0	0.0	0.0	False
usz-KC3	halo	mixture	halo	4000	2	130	1.0	200	0	0.0	0.0	False
usz-KC3	halo	skew_heterogeneous_gradient	halo	100	0	130	0.5	200	111	0.555	0.4943745727669294	False
usz-KC3	halo	skew_heterogeneous_gradient	halo	100	0	130	1.0	200	167	0.835	0.7856491247609306	False
usz-KC3	halo	skew_heterogeneous_gradient	halo	250	0	130	0.5	200	79	0.395	0.33710181456339955	False
usz-KC3	halo	skew_heterogeneous_gradient	halo	250	0	130	1.0	200	169	0.845	0.7965946293976403	False
usz-KC3	halo	skew_heterogeneous_gradient	halo	500	1	130	0.5	200	0	0.0	0.0	False
usz-KC3	halo	skew_heterogeneous_gradient	halo	500	1	130	1.0	200	0	0.0	0.0	False
usz-KC3	halo	skew_heterogeneous_gradient	halo	1000	2	130	0.5	200	0	0.0	0.0	False
usz-KC3	halo	skew_heterogeneous_gradient	halo	1000	2	130	1.0	200	0	0.0	0.0	False
usz-KC3	halo	skew_heterogeneous_gradient	halo	2000	2	130	0.5	200	0	0.0	0.0	False
usz-KC3	halo	skew_heterogeneous_gradient	halo	2000	2	130	1.0	200	0	0.0	0.0	False
usz-KC3	halo	skew_heterogeneous_gradient	halo	4000	2	130	0.5	200	0	0.0	0.0	False
usz-KC3	halo	skew_heterogeneous_gradient	halo	4000	2	130	1.0	200	0	0.0	0.0	False
usz-LC1	halo	gaussian_1500	halo	100	0	130	0.5	200	179	0.895	0.8523247560177831	True
usz-LC1	halo	gaussian_1500	halo	100	0	130	1.0	200	200	1.0	0.9851329607687279	True
usz-LC1	halo	gaussian_1500	halo	250	0	130	0.5	200	145	0.725	0.66826523462842	False
usz-LC1	halo	gaussian_1500	halo	250	0	130	1.0	200	199	0.995	0.9765015295650493	True
usz-LC1	halo	gaussian_1500	halo	500	1	130	0.5	200	0	0.0	0.0	False
usz-LC1	halo	gaussian_1500	halo	500	1	130	1.0	200	0	0.0	0.0	False
usz-LC1	halo	gaussian_1500	halo	1000	2	130	0.5	200	0	0.0	0.0	False
usz-LC1	halo	gaussian_1500	halo	1000	2	130	1.0	200	0	0.0	0.0	False
usz-LC1	halo	gaussian_1500	halo	2000	3	130	0.5	200	0	0.0	0.0	False
usz-LC1	halo	gaussian_1500	halo	2000	3	130	1.0	200	0	0.0	0.0	False
usz-LC1	halo	gaussian_1500	halo	4000	3	130	0.5	200	0	0.0	0.0	False
usz-LC1	halo	gaussian_1500	halo	4000	3	130	1.0	200	0	0.0	0.0	False
usz-LC1	halo	gaussian_150	halo	100	0	130	0.5	200	145	0.725	0.66826523462842	False
usz-LC1	halo	gaussian_150	halo	100	0	130	1.0	200	200	1.0	0.9851329607687279	True
usz-LC1	halo	gaussian_150	halo	250	0	130	0.5	200	97	0.485	0.4248348694416409	False
usz-LC1	halo	gaussian_150	halo	250	0	130	1.0	200	192	0.96	0.9289858313839802	True
usz-LC1	halo	gaussian_150	halo	500	1	130	0.5	200	0	0.0	0.0	False
usz-LC1	halo	gaussian_150	halo	500	1	130	1.0	200	0	0.0	0.0	False
usz-LC1	halo	gaussian_150	halo	1000	2	130	0.5	200	0	0.0	0.0	False
usz-LC1	halo	gaussian_150	halo	1000	2	130	1.0	200	0	0.0	0.0	False
usz-LC1	halo	gaussian_150	halo	2000	3	130	0.5	200	0	0.0	0.0	False
usz-LC1	halo	gaussian_150	halo	2000	3	130	1.0	200	0	0.0	0.0	False
usz-LC1	halo	gaussian_150	halo	4000	3	130	0.5	200	0	0.0	0.0	False
usz-LC1	halo	gaussian_150	halo	4000	3	130	1.0	200	0	0.0	0.0	False
usz-LC1	halo	gaussian_4000	halo	100	0	130	0.5	200	200	1.0	0.9851329607687279	True
usz-LC1	halo	gaussian_4000	halo	100	0	130	1.0	200	200	1.0	0.9851329607687279	True
usz-LC1	halo	gaussian_4000	halo	250	0	130	0.5	200	194	0.97	0.9416502396240891	True
usz-LC1	halo	gaussian_4000	halo	250	0	130	1.0	200	200	1.0	0.9851329607687279	True
usz-LC1	halo	gaussian_4000	halo	500	1	130	0.5	200	0	0.0	0.0	False
usz-LC1	halo	gaussian_4000	halo	500	1	130	1.0	200	0	0.0	0.0	False
usz-LC1	halo	gaussian_4000	halo	1000	2	130	0.5	200	0	0.0	0.0	False
usz-LC1	halo	gaussian_4000	halo	1000	2	130	1.0	200	0	0.0	0.0	False
usz-LC1	halo	gaussian_4000	halo	2000	3	130	0.5	200	0	0.0	0.0	False
usz-LC1	halo	gaussian_4000	halo	2000	3	130	1.0	200	0	0.0	0.0	False
usz-LC1	halo	gaussian_4000	halo	4000	3	130	0.5	200	0	0.0	0.0	False
usz-LC1	halo	gaussian_4000	halo	4000	3	130	1.0	200	0	0.0	0.0	False
usz-LC1	halo	gaussian_500	halo	100	0	130	0.5	200	166	0.83	0.7801972462204539	False
usz-LC1	halo	gaussian_500	halo	100	0	130	1.0	200	200	1.0	0.9851329607687279	True
usz-LC1	halo	gaussian_500	halo	250	0	130	0.5	200	106	0.53	0.4694088993658029	False
usz-LC1	halo	gaussian_500	halo	250	0	130	1.0	200	195	0.975	0.9481566608797095	True
usz-LC1	halo	gaussian_500	halo	500	1	130	0.5	200	0	0.0	0.0	False
usz-LC1	halo	gaussian_500	halo	500	1	130	1.0	200	0	0.0	0.0	False
usz-LC1	halo	gaussian_500	halo	1000	2	130	0.5	200	0	0.0	0.0	False
usz-LC1	halo	gaussian_500	halo	1000	2	130	1.0	200	0	0.0	0.0	False
usz-LC1	halo	gaussian_500	halo	2000	3	130	0.5	200	0	0.0	0.0	False
usz-LC1	halo	gaussian_500	halo	2000	3	130	1.0	200	0	0.0	0.0	False
usz-LC1	halo	gaussian_500	halo	4000	3	130	0.5	200	0	0.0	0.0	False
usz-LC1	halo	gaussian_500	halo	4000	3	130	1.0	200	0	0.0	0.0	False
usz-LC1	halo	mixture	halo	100	0	130	0.5	200	160	0.8	0.7477504679917852	False
usz-LC1	halo	mixture	halo	100	0	130	1.0	200	200	1.0	0.9851329607687279	True
usz-LC1	halo	mixture	halo	250	0	130	0.5	200	96	0.48	0.41991101578353507	False
usz-LC1	halo	mixture	halo	250	0	130	1.0	200	195	0.975	0.9481566608797095	True
usz-LC1	halo	mixture	halo	500	1	130	0.5	200	0	0.0	0.0	False
usz-LC1	halo	mixture	halo	500	1	130	1.0	200	0	0.0	0.0	False
usz-LC1	halo	mixture	halo	1000	2	130	0.5	200	0	0.0	0.0	False
usz-LC1	halo	mixture	halo	1000	2	130	1.0	200	0	0.0	0.0	False
usz-LC1	halo	mixture	halo	2000	3	130	0.5	200	0	0.0	0.0	False
usz-LC1	halo	mixture	halo	2000	3	130	1.0	200	0	0.0	0.0	False
usz-LC1	halo	mixture	halo	4000	3	130	0.5	200	0	0.0	0.0	False
usz-LC1	halo	mixture	halo	4000	3	130	1.0	200	0	0.0	0.0	False
usz-LC1	halo	skew_heterogeneous_gradient	halo	100	0	130	0.5	200	173	0.865	0.8186683119865428	True
usz-LC1	halo	skew_heterogeneous_gradient	halo	100	0	130	1.0	200	200	1.0	0.9851329607687279	True
usz-LC1	halo	skew_heterogeneous_gradient	halo	250	0	130	0.5	200	135	0.675	0.6163169925736068	False
usz-LC1	halo	skew_heterogeneous_gradient	halo	250	0	130	1.0	200	197	0.985	0.9616902915014307	True
usz-LC1	halo	skew_heterogeneous_gradient	halo	500	1	130	0.5	200	0	0.0	0.0	False
usz-LC1	halo	skew_heterogeneous_gradient	halo	500	1	130	1.0	200	0	0.0	0.0	False
usz-LC1	halo	skew_heterogeneous_gradient	halo	1000	2	130	0.5	200	0	0.0	0.0	False
usz-LC1	halo	skew_heterogeneous_gradient	halo	1000	2	130	1.0	200	0	0.0	0.0	False
usz-LC1	halo	skew_heterogeneous_gradient	halo	2000	3	130	0.5	200	0	0.0	0.0	False
usz-LC1	halo	skew_heterogeneous_gradient	halo	2000	3	130	1.0	200	0	0.0	0.0	False
usz-LC1	halo	skew_heterogeneous_gradient	halo	4000	3	130	0.5	200	0	0.0	0.0	False
usz-LC1	halo	skew_heterogeneous_gradient	halo	4000	3	130	1.0	200	0	0.0	0.0	False
usz-LC1	edge	gaussian_1500	edge_peak	100	0	130	0.5	200	0	0.0	0.0	False
usz-LC1	edge	gaussian_1500	edge_peak	100	0	130	1.0	200	0	0.0	0.0	False
usz-LC1	edge	gaussian_1500	edge_peak	250	10	230	0.5	200	0	0.0	0.0	False
usz-LC1	edge	gaussian_1500	edge_peak	250	10	230	1.0	200	0	0.0	0.0	False
usz-LC1	edge	gaussian_1500	edge_peak	500	10	230	0.5	200	0	0.0	0.0	False
usz-LC1	edge	gaussian_1500	edge_peak	500	10	230	1.0	200	0	0.0	0.0	False
usz-LC1	edge	gaussian_1500	edge_peak	1000	16	230	0.5	200	0	0.0	0.0	False
usz-LC1	edge	gaussian_1500	edge_peak	1000	16	230	1.0	200	0	0.0	0.0	False
usz-LC1	edge	gaussian_1500	edge_peak	2000	18	230	0.5	200	0	0.0	0.0	False
usz-LC1	edge	gaussian_1500	edge_peak	2000	18	230	1.0	200	0	0.0	0.0	False
usz-LC1	edge	gaussian_1500	edge_peak	4000	18	230	0.5	200	0	0.0	0.0	False
usz-LC1	edge	gaussian_1500	edge_peak	4000	18	230	1.0	200	0	0.0	0.0	False
usz-LC1	edge	gaussian_1500	edge_jump	100	20	130	0.5	200	0	0.0	0.0	False
usz-LC1	edge	gaussian_1500	edge_jump	100	20	130	1.0	200	0	0.0	0.0	False
usz-LC1	edge	gaussian_1500	edge_jump	250	20	130	0.5	200	0	0.0	0.0	False
usz-LC1	edge	gaussian_1500	edge_jump	250	20	130	1.0	200	0	0.0	0.0	False
usz-LC1	edge	gaussian_1500	edge_jump	500	20	130	0.5	200	0	0.0	0.0	False
usz-LC1	edge	gaussian_1500	edge_jump	500	20	130	1.0	200	0	0.0	0.0	False
usz-LC1	edge	gaussian_1500	edge_jump	1000	20	130	0.5	200	0	0.0	0.0	False
usz-LC1	edge	gaussian_1500	edge_jump	1000	20	130	1.0	200	0	0.0	0.0	False
usz-LC1	edge	gaussian_1500	edge_jump	2000	20	130	0.5	200	0	0.0	0.0	False
usz-LC1	edge	gaussian_1500	edge_jump	2000	20	130	1.0	200	0	0.0	0.0	False
usz-LC1	edge	gaussian_1500	edge_jump	4000	20	130	0.5	200	0	0.0	0.0	False
usz-LC1	edge	gaussian_1500	edge_jump	4000	20	130	1.0	200	0	0.0	0.0	False
usz-LC1	edge	gaussian_150	edge_peak	100	0	130	0.5	200	0	0.0	0.0	False
usz-LC1	edge	gaussian_150	edge_peak	100	0	130	1.0	200	0	0.0	0.0	False
usz-LC1	edge	gaussian_150	edge_peak	250	10	230	0.5	200	0	0.0	0.0	False
usz-LC1	edge	gaussian_150	edge_peak	250	10	230	1.0	200	0	0.0	0.0	False
usz-LC1	edge	gaussian_150	edge_peak	500	10	230	0.5	200	0	0.0	0.0	False
usz-LC1	edge	gaussian_150	edge_peak	500	10	230	1.0	200	0	0.0	0.0	False
usz-LC1	edge	gaussian_150	edge_peak	1000	16	230	0.5	200	0	0.0	0.0	False
usz-LC1	edge	gaussian_150	edge_peak	1000	16	230	1.0	200	0	0.0	0.0	False
usz-LC1	edge	gaussian_150	edge_peak	2000	18	230	0.5	200	0	0.0	0.0	False
usz-LC1	edge	gaussian_150	edge_peak	2000	18	230	1.0	200	0	0.0	0.0	False
usz-LC1	edge	gaussian_150	edge_peak	4000	18	230	0.5	200	0	0.0	0.0	False
usz-LC1	edge	gaussian_150	edge_peak	4000	18	230	1.0	200	0	0.0	0.0	False
usz-LC1	edge	gaussian_150	edge_jump	100	20	130	0.5	200	0	0.0	0.0	False
usz-LC1	edge	gaussian_150	edge_jump	100	20	130	1.0	200	0	0.0	0.0	False
usz-LC1	edge	gaussian_150	edge_jump	250	20	130	0.5	200	0	0.0	0.0	False
usz-LC1	edge	gaussian_150	edge_jump	250	20	130	1.0	200	0	0.0	0.0	False
usz-LC1	edge	gaussian_150	edge_jump	500	20	130	0.5	200	0	0.0	0.0	False
usz-LC1	edge	gaussian_150	edge_jump	500	20	130	1.0	200	0	0.0	0.0	False
usz-LC1	edge	gaussian_150	edge_jump	1000	20	130	0.5	200	0	0.0	0.0	False
usz-LC1	edge	gaussian_150	edge_jump	1000	20	130	1.0	200	0	0.0	0.0	False
usz-LC1	edge	gaussian_150	edge_jump	2000	20	130	0.5	200	0	0.0	0.0	False
usz-LC1	edge	gaussian_150	edge_jump	2000	20	130	1.0	200	0	0.0	0.0	False
usz-LC1	edge	gaussian_150	edge_jump	4000	20	130	0.5	200	0	0.0	0.0	False
usz-LC1	edge	gaussian_150	edge_jump	4000	20	130	1.0	200	0	0.0	0.0	False
usz-LC1	edge	gaussian_4000	edge_peak	100	0	130	0.5	200	0	0.0	0.0	False
usz-LC1	edge	gaussian_4000	edge_peak	100	0	130	1.0	200	0	0.0	0.0	False
usz-LC1	edge	gaussian_4000	edge_peak	250	10	230	0.5	200	0	0.0	0.0	False
usz-LC1	edge	gaussian_4000	edge_peak	250	10	230	1.0	200	0	0.0	0.0	False
usz-LC1	edge	gaussian_4000	edge_peak	500	10	230	0.5	200	0	0.0	0.0	False
usz-LC1	edge	gaussian_4000	edge_peak	500	10	230	1.0	200	0	0.0	0.0	False
usz-LC1	edge	gaussian_4000	edge_peak	1000	16	230	0.5	200	0	0.0	0.0	False
usz-LC1	edge	gaussian_4000	edge_peak	1000	16	230	1.0	200	0	0.0	0.0	False
usz-LC1	edge	gaussian_4000	edge_peak	2000	18	230	0.5	200	0	0.0	0.0	False
usz-LC1	edge	gaussian_4000	edge_peak	2000	18	230	1.0	200	0	0.0	0.0	False
usz-LC1	edge	gaussian_4000	edge_peak	4000	18	230	0.5	200	0	0.0	0.0	False
usz-LC1	edge	gaussian_4000	edge_peak	4000	18	230	1.0	200	0	0.0	0.0	False
usz-LC1	edge	gaussian_4000	edge_jump	100	20	130	0.5	200	0	0.0	0.0	False
usz-LC1	edge	gaussian_4000	edge_jump	100	20	130	1.0	200	0	0.0	0.0	False
usz-LC1	edge	gaussian_4000	edge_jump	250	20	130	0.5	200	0	0.0	0.0	False
usz-LC1	edge	gaussian_4000	edge_jump	250	20	130	1.0	200	0	0.0	0.0	False
usz-LC1	edge	gaussian_4000	edge_jump	500	20	130	0.5	200	0	0.0	0.0	False
usz-LC1	edge	gaussian_4000	edge_jump	500	20	130	1.0	200	0	0.0	0.0	False
usz-LC1	edge	gaussian_4000	edge_jump	1000	20	130	0.5	200	0	0.0	0.0	False
usz-LC1	edge	gaussian_4000	edge_jump	1000	20	130	1.0	200	0	0.0	0.0	False
usz-LC1	edge	gaussian_4000	edge_jump	2000	20	130	0.5	200	0	0.0	0.0	False
usz-LC1	edge	gaussian_4000	edge_jump	2000	20	130	1.0	200	0	0.0	0.0	False
usz-LC1	edge	gaussian_4000	edge_jump	4000	20	130	0.5	200	0	0.0	0.0	False
usz-LC1	edge	gaussian_4000	edge_jump	4000	20	130	1.0	200	0	0.0	0.0	False
usz-LC1	edge	gaussian_500	edge_peak	100	0	130	0.5	200	0	0.0	0.0	False
usz-LC1	edge	gaussian_500	edge_peak	100	0	130	1.0	200	0	0.0	0.0	False
usz-LC1	edge	gaussian_500	edge_peak	250	10	230	0.5	200	0	0.0	0.0	False
usz-LC1	edge	gaussian_500	edge_peak	250	10	230	1.0	200	0	0.0	0.0	False
usz-LC1	edge	gaussian_500	edge_peak	500	10	230	0.5	200	0	0.0	0.0	False
usz-LC1	edge	gaussian_500	edge_peak	500	10	230	1.0	200	0	0.0	0.0	False
usz-LC1	edge	gaussian_500	edge_peak	1000	16	230	0.5	200	0	0.0	0.0	False
usz-LC1	edge	gaussian_500	edge_peak	1000	16	230	1.0	200	0	0.0	0.0	False
usz-LC1	edge	gaussian_500	edge_peak	2000	18	230	0.5	200	0	0.0	0.0	False
usz-LC1	edge	gaussian_500	edge_peak	2000	18	230	1.0	200	0	0.0	0.0	False
usz-LC1	edge	gaussian_500	edge_peak	4000	18	230	0.5	200	0	0.0	0.0	False
usz-LC1	edge	gaussian_500	edge_peak	4000	18	230	1.0	200	0	0.0	0.0	False
usz-LC1	edge	gaussian_500	edge_jump	100	20	130	0.5	200	0	0.0	0.0	False
usz-LC1	edge	gaussian_500	edge_jump	100	20	130	1.0	200	0	0.0	0.0	False
usz-LC1	edge	gaussian_500	edge_jump	250	20	130	0.5	200	0	0.0	0.0	False
usz-LC1	edge	gaussian_500	edge_jump	250	20	130	1.0	200	0	0.0	0.0	False
usz-LC1	edge	gaussian_500	edge_jump	500	20	130	0.5	200	0	0.0	0.0	False
usz-LC1	edge	gaussian_500	edge_jump	500	20	130	1.0	200	0	0.0	0.0	False
usz-LC1	edge	gaussian_500	edge_jump	1000	20	130	0.5	200	0	0.0	0.0	False
usz-LC1	edge	gaussian_500	edge_jump	1000	20	130	1.0	200	0	0.0	0.0	False
usz-LC1	edge	gaussian_500	edge_jump	2000	20	130	0.5	200	0	0.0	0.0	False
usz-LC1	edge	gaussian_500	edge_jump	2000	20	130	1.0	200	0	0.0	0.0	False
usz-LC1	edge	gaussian_500	edge_jump	4000	20	130	0.5	200	0	0.0	0.0	False
usz-LC1	edge	gaussian_500	edge_jump	4000	20	130	1.0	200	0	0.0	0.0	False
usz-LC1	edge	mixture	edge_peak	100	0	130	0.5	200	0	0.0	0.0	False
usz-LC1	edge	mixture	edge_peak	100	0	130	1.0	200	0	0.0	0.0	False
usz-LC1	edge	mixture	edge_peak	250	10	230	0.5	200	0	0.0	0.0	False
usz-LC1	edge	mixture	edge_peak	250	10	230	1.0	200	0	0.0	0.0	False
usz-LC1	edge	mixture	edge_peak	500	10	230	0.5	200	0	0.0	0.0	False
usz-LC1	edge	mixture	edge_peak	500	10	230	1.0	200	0	0.0	0.0	False
usz-LC1	edge	mixture	edge_peak	1000	16	230	0.5	200	0	0.0	0.0	False
usz-LC1	edge	mixture	edge_peak	1000	16	230	1.0	200	0	0.0	0.0	False
usz-LC1	edge	mixture	edge_peak	2000	18	230	0.5	200	0	0.0	0.0	False
usz-LC1	edge	mixture	edge_peak	2000	18	230	1.0	200	0	0.0	0.0	False
usz-LC1	edge	mixture	edge_peak	4000	18	230	0.5	200	0	0.0	0.0	False
usz-LC1	edge	mixture	edge_peak	4000	18	230	1.0	200	0	0.0	0.0	False
usz-LC1	edge	mixture	edge_jump	100	20	130	0.5	200	0	0.0	0.0	False
usz-LC1	edge	mixture	edge_jump	100	20	130	1.0	200	0	0.0	0.0	False
usz-LC1	edge	mixture	edge_jump	250	20	130	0.5	200	0	0.0	0.0	False
usz-LC1	edge	mixture	edge_jump	250	20	130	1.0	200	0	0.0	0.0	False
usz-LC1	edge	mixture	edge_jump	500	20	130	0.5	200	0	0.0	0.0	False
usz-LC1	edge	mixture	edge_jump	500	20	130	1.0	200	0	0.0	0.0	False
usz-LC1	edge	mixture	edge_jump	1000	20	130	0.5	200	0	0.0	0.0	False
usz-LC1	edge	mixture	edge_jump	1000	20	130	1.0	200	0	0.0	0.0	False
usz-LC1	edge	mixture	edge_jump	2000	20	130	0.5	200	0	0.0	0.0	False
usz-LC1	edge	mixture	edge_jump	2000	20	130	1.0	200	0	0.0	0.0	False
usz-LC1	edge	mixture	edge_jump	4000	20	130	0.5	200	0	0.0	0.0	False
usz-LC1	edge	mixture	edge_jump	4000	20	130	1.0	200	0	0.0	0.0	False
usz-LC1	edge	skew_heterogeneous_gradient	edge_peak	100	0	130	0.5	200	0	0.0	0.0	False
usz-LC1	edge	skew_heterogeneous_gradient	edge_peak	100	0	130	1.0	200	0	0.0	0.0	False
usz-LC1	edge	skew_heterogeneous_gradient	edge_peak	250	10	230	0.5	200	0	0.0	0.0	False
usz-LC1	edge	skew_heterogeneous_gradient	edge_peak	250	10	230	1.0	200	0	0.0	0.0	False
usz-LC1	edge	skew_heterogeneous_gradient	edge_peak	500	10	230	0.5	200	0	0.0	0.0	False
usz-LC1	edge	skew_heterogeneous_gradient	edge_peak	500	10	230	1.0	200	0	0.0	0.0	False
usz-LC1	edge	skew_heterogeneous_gradient	edge_peak	1000	16	230	0.5	200	0	0.0	0.0	False
usz-LC1	edge	skew_heterogeneous_gradient	edge_peak	1000	16	230	1.0	200	0	0.0	0.0	False
usz-LC1	edge	skew_heterogeneous_gradient	edge_peak	2000	18	230	0.5	200	0	0.0	0.0	False
usz-LC1	edge	skew_heterogeneous_gradient	edge_peak	2000	18	230	1.0	200	0	0.0	0.0	False
usz-LC1	edge	skew_heterogeneous_gradient	edge_peak	4000	18	230	0.5	200	0	0.0	0.0	False
usz-LC1	edge	skew_heterogeneous_gradient	edge_peak	4000	18	230	1.0	200	0	0.0	0.0	False
usz-LC1	edge	skew_heterogeneous_gradient	edge_jump	100	20	130	0.5	200	0	0.0	0.0	False
usz-LC1	edge	skew_heterogeneous_gradient	edge_jump	100	20	130	1.0	200	0	0.0	0.0	False
usz-LC1	edge	skew_heterogeneous_gradient	edge_jump	250	20	130	0.5	200	0	0.0	0.0	False
usz-LC1	edge	skew_heterogeneous_gradient	edge_jump	250	20	130	1.0	200	0	0.0	0.0	False
usz-LC1	edge	skew_heterogeneous_gradient	edge_jump	500	20	130	0.5	200	0	0.0	0.0	False
usz-LC1	edge	skew_heterogeneous_gradient	edge_jump	500	20	130	1.0	200	0	0.0	0.0	False
usz-LC1	edge	skew_heterogeneous_gradient	edge_jump	1000	20	130	0.5	200	0	0.0	0.0	False
usz-LC1	edge	skew_heterogeneous_gradient	edge_jump	1000	20	130	1.0	200	0	0.0	0.0	False
usz-LC1	edge	skew_heterogeneous_gradient	edge_jump	2000	20	130	0.5	200	0	0.0	0.0	False
usz-LC1	edge	skew_heterogeneous_gradient	edge_jump	2000	20	130	1.0	200	0	0.0	0.0	False
usz-LC1	edge	skew_heterogeneous_gradient	edge_jump	4000	20	130	0.5	200	0	0.0	0.0	False
usz-LC1	edge	skew_heterogeneous_gradient	edge_jump	4000	20	130	1.0	200	0	0.0	0.0	False
usz-LC2	halo	gaussian_1500	halo	100	0	130	0.5	200	186	0.93	0.8927320207739601	True
usz-LC2	halo	gaussian_1500	halo	100	0	130	1.0	200	199	0.995	0.9765015295650493	True
usz-LC2	halo	gaussian_1500	halo	250	0	130	0.5	200	124	0.62	0.5599785569952646	False
usz-LC2	halo	gaussian_1500	halo	250	0	130	1.0	200	164	0.82	0.7693328826160744	False
usz-LC2	halo	gaussian_1500	halo	500	1	130	0.5	200	0	0.0	0.0	False
usz-LC2	halo	gaussian_1500	halo	500	1	130	1.0	200	0	0.0	0.0	False
usz-LC2	halo	gaussian_1500	halo	1000	2	130	0.5	200	0	0.0	0.0	False
usz-LC2	halo	gaussian_1500	halo	1000	2	130	1.0	200	0	0.0	0.0	False
usz-LC2	halo	gaussian_1500	halo	2000	3	130	0.5	200	0	0.0	0.0	False
usz-LC2	halo	gaussian_1500	halo	2000	3	130	1.0	200	0	0.0	0.0	False
usz-LC2	halo	gaussian_1500	halo	4000	4	130	0.5	200	0	0.0	0.0	False
usz-LC2	halo	gaussian_1500	halo	4000	4	130	1.0	200	0	0.0	0.0	False
usz-LC2	halo	gaussian_150	halo	100	0	130	0.5	200	61	0.305	0.2513922862937256	False
usz-LC2	halo	gaussian_150	halo	100	0	130	1.0	200	184	0.92	0.8810282256716788	True
usz-LC2	halo	gaussian_150	halo	250	0	130	0.5	200	20	0.1	0.0672614011001397	False
usz-LC2	halo	gaussian_150	halo	250	0	130	1.0	200	100	0.5	0.439641025282761	False
usz-LC2	halo	gaussian_150	halo	500	1	130	0.5	200	0	0.0	0.0	False
usz-LC2	halo	gaussian_150	halo	500	1	130	1.0	200	0	0.0	0.0	False
usz-LC2	halo	gaussian_150	halo	1000	2	130	0.5	200	0	0.0	0.0	False
usz-LC2	halo	gaussian_150	halo	1000	2	130	1.0	200	0	0.0	0.0	False
usz-LC2	halo	gaussian_150	halo	2000	3	130	0.5	200	0	0.0	0.0	False
usz-LC2	halo	gaussian_150	halo	2000	3	130	1.0	200	0	0.0	0.0	False
usz-LC2	halo	gaussian_150	halo	4000	4	130	0.5	200	0	0.0	0.0	False
usz-LC2	halo	gaussian_150	halo	4000	4	130	1.0	200	0	0.0	0.0	False
usz-LC2	halo	gaussian_4000	halo	100	0	130	0.5	200	172	0.86	0.8131254805235482	True
usz-LC2	halo	gaussian_4000	halo	100	0	130	1.0	200	197	0.985	0.9616902915014307	True
usz-LC2	halo	gaussian_4000	halo	250	0	130	0.5	200	121	0.605	0.5447482349670006	False
usz-LC2	halo	gaussian_4000	halo	250	0	130	1.0	200	152	0.76	0.7050998074123762	False
usz-LC2	halo	gaussian_4000	halo	500	1	130	0.5	200	0	0.0	0.0	False
usz-LC2	halo	gaussian_4000	halo	500	1	130	1.0	200	0	0.0	0.0	False
usz-LC2	halo	gaussian_4000	halo	1000	2	130	0.5	200	0	0.0	0.0	False
usz-LC2	halo	gaussian_4000	halo	1000	2	130	1.0	200	0	0.0	0.0	False
usz-LC2	halo	gaussian_4000	halo	2000	3	130	0.5	200	0	0.0	0.0	False
usz-LC2	halo	gaussian_4000	halo	2000	3	130	1.0	200	0	0.0	0.0	False
usz-LC2	halo	gaussian_4000	halo	4000	4	130	0.5	200	0	0.0	0.0	False
usz-LC2	halo	gaussian_4000	halo	4000	4	130	1.0	200	0	0.0	0.0	False
usz-LC2	halo	gaussian_500	halo	100	0	130	0.5	200	108	0.54	0.4793777310514647	False
usz-LC2	halo	gaussian_500	halo	100	0	130	1.0	200	190	0.95	0.916664848933628	True
usz-LC2	halo	gaussian_500	halo	250	0	130	0.5	200	56	0.28	0.22798997309707106	False
usz-LC2	halo	gaussian_500	halo	250	0	130	1.0	200	133	0.665	0.6060137990515452	False
usz-LC2	halo	gaussian_500	halo	500	1	130	0.5	200	0	0.0	0.0	False
usz-LC2	halo	gaussian_500	halo	500	1	130	1.0	200	0	0.0	0.0	False
usz-LC2	halo	gaussian_500	halo	1000	2	130	0.5	200	0	0.0	0.0	False
usz-LC2	halo	gaussian_500	halo	1000	2	130	1.0	200	0	0.0	0.0	False
usz-LC2	halo	gaussian_500	halo	2000	3	130	0.5	200	0	0.0	0.0	False
usz-LC2	halo	gaussian_500	halo	2000	3	130	1.0	200	0	0.0	0.0	False
usz-LC2	halo	gaussian_500	halo	4000	4	130	0.5	200	0	0.0	0.0	False
usz-LC2	halo	gaussian_500	halo	4000	4	130	1.0	200	0	0.0	0.0	False
usz-LC2	halo	mixture	halo	100	0	130	0.5	200	98	0.49	0.42976449205582073	False
usz-LC2	halo	mixture	halo	100	0	130	1.0	200	194	0.97	0.9416502396240891	True
usz-LC2	halo	mixture	halo	250	0	130	0.5	200	41	0.205	0.15906671864608193	False
usz-LC2	halo	mixture	halo	250	0	130	1.0	200	118	0.59	0.5295731857538195	False
usz-LC2	halo	mixture	halo	500	1	130	0.5	200	0	0.0	0.0	False
usz-LC2	halo	mixture	halo	500	1	130	1.0	200	0	0.0	0.0	False
usz-LC2	halo	mixture	halo	1000	2	130	0.5	200	0	0.0	0.0	False
usz-LC2	halo	mixture	halo	1000	2	130	1.0	200	0	0.0	0.0	False
usz-LC2	halo	mixture	halo	2000	3	130	0.5	200	0	0.0	0.0	False
usz-LC2	halo	mixture	halo	2000	3	130	1.0	200	0	0.0	0.0	False
usz-LC2	halo	mixture	halo	4000	4	130	0.5	200	0	0.0	0.0	False
usz-LC2	halo	mixture	halo	4000	4	130	1.0	200	0	0.0	0.0	False
usz-LC2	halo	skew_heterogeneous_gradient	halo	100	0	130	0.5	200	124	0.62	0.5599785569952646	False
usz-LC2	halo	skew_heterogeneous_gradient	halo	100	0	130	1.0	200	193	0.965	0.9352674778631515	True
usz-LC2	halo	skew_heterogeneous_gradient	halo	250	0	130	0.5	200	49	0.245	0.19556740368897305	False
usz-LC2	halo	skew_heterogeneous_gradient	halo	250	0	130	1.0	200	135	0.675	0.6163169925736068	False
usz-LC2	halo	skew_heterogeneous_gradient	halo	500	1	130	0.5	200	0	0.0	0.0	False
usz-LC2	halo	skew_heterogeneous_gradient	halo	500	1	130	1.0	200	0	0.0	0.0	False
usz-LC2	halo	skew_heterogeneous_gradient	halo	1000	2	130	0.5	200	0	0.0	0.0	False
usz-LC2	halo	skew_heterogeneous_gradient	halo	1000	2	130	1.0	200	0	0.0	0.0	False
usz-LC2	halo	skew_heterogeneous_gradient	halo	2000	3	130	0.5	200	0	0.0	0.0	False
usz-LC2	halo	skew_heterogeneous_gradient	halo	2000	3	130	1.0	200	0	0.0	0.0	False
usz-LC2	halo	skew_heterogeneous_gradient	halo	4000	4	130	0.5	200	0	0.0	0.0	False
usz-LC2	halo	skew_heterogeneous_gradient	halo	4000	4	130	1.0	200	0	0.0	0.0	False
usz-LC3	halo	gaussian_1500	halo	100	0	130	0.5	200	83	0.415	0.3564314597645569	False
usz-LC3	halo	gaussian_1500	halo	100	0	130	1.0	200	156	0.78	0.7263452161879329	False
usz-LC3	halo	gaussian_1500	halo	250	1	130	0.5	200	0	0.0	0.0	False
usz-LC3	halo	gaussian_1500	halo	250	1	130	1.0	200	0	0.0	0.0	False
usz-LC3	halo	gaussian_1500	halo	500	2	130	0.5	200	0	0.0	0.0	False
usz-LC3	halo	gaussian_1500	halo	500	2	130	1.0	200	0	0.0	0.0	False
usz-LC3	halo	gaussian_1500	halo	1000	2	130	0.5	200	0	0.0	0.0	False
usz-LC3	halo	gaussian_1500	halo	1000	2	130	1.0	200	0	0.0	0.0	False
usz-LC3	halo	gaussian_1500	halo	2000	3	130	0.5	200	0	0.0	0.0	False
usz-LC3	halo	gaussian_1500	halo	2000	3	130	1.0	200	0	0.0	0.0	False
usz-LC3	halo	gaussian_1500	halo	4000	3	130	0.5	200	0	0.0	0.0	False
usz-LC3	halo	gaussian_1500	halo	4000	3	130	1.0	200	0	0.0	0.0	False
usz-LC3	halo	gaussian_150	halo	100	0	130	0.5	200	71	0.355	0.29874226219571554	False
usz-LC3	halo	gaussian_150	halo	100	0	130	1.0	200	153	0.765	0.7103969763569448	False
usz-LC3	halo	gaussian_150	halo	250	1	130	0.5	200	0	0.0	0.0	False
usz-LC3	halo	gaussian_150	halo	250	1	130	1.0	200	0	0.0	0.0	False
usz-LC3	halo	gaussian_150	halo	500	2	130	0.5	200	0	0.0	0.0	False
usz-LC3	halo	gaussian_150	halo	500	2	130	1.0	200	0	0.0	0.0	False
usz-LC3	halo	gaussian_150	halo	1000	2	130	0.5	200	0	0.0	0.0	False
usz-LC3	halo	gaussian_150	halo	1000	2	130	1.0	200	0	0.0	0.0	False
usz-LC3	halo	gaussian_150	halo	2000	3	130	0.5	200	0	0.0	0.0	False
usz-LC3	halo	gaussian_150	halo	2000	3	130	1.0	200	0	0.0	0.0	False
usz-LC3	halo	gaussian_150	halo	4000	3	130	0.5	200	0	0.0	0.0	False
usz-LC3	halo	gaussian_150	halo	4000	3	130	1.0	200	0	0.0	0.0	False
usz-LC3	halo	gaussian_4000	halo	100	0	130	0.5	200	59	0.295	0.24200834146197006	False
usz-LC3	halo	gaussian_4000	halo	100	0	130	1.0	200	129	0.645	0.5854884934769852	False
usz-LC3	halo	gaussian_4000	halo	250	1	130	0.5	200	0	0.0	0.0	False
usz-LC3	halo	gaussian_4000	halo	250	1	130	1.0	200	0	0.0	0.0	False
usz-LC3	halo	gaussian_4000	halo	500	2	130	0.5	200	0	0.0	0.0	False
usz-LC3	halo	gaussian_4000	halo	500	2	130	1.0	200	0	0.0	0.0	False
usz-LC3	halo	gaussian_4000	halo	1000	2	130	0.5	200	0	0.0	0.0	False
usz-LC3	halo	gaussian_4000	halo	1000	2	130	1.0	200	0	0.0	0.0	False
usz-LC3	halo	gaussian_4000	halo	2000	3	130	0.5	200	0	0.0	0.0	False
usz-LC3	halo	gaussian_4000	halo	2000	3	130	1.0	200	0	0.0	0.0	False
usz-LC3	halo	gaussian_4000	halo	4000	3	130	0.5	200	0	0.0	0.0	False
usz-LC3	halo	gaussian_4000	halo	4000	3	130	1.0	200	0	0.0	0.0	False
usz-LC3	halo	gaussian_500	halo	100	0	130	0.5	200	71	0.355	0.29874226219571554	False
usz-LC3	halo	gaussian_500	halo	100	0	130	1.0	200	149	0.745	0.6892622869439965	False
usz-LC3	halo	gaussian_500	halo	250	1	130	0.5	200	0	0.0	0.0	False
usz-LC3	halo	gaussian_500	halo	250	1	130	1.0	200	0	0.0	0.0	False
usz-LC3	halo	gaussian_500	halo	500	2	130	0.5	200	0	0.0	0.0	False
usz-LC3	halo	gaussian_500	halo	500	2	130	1.0	200	0	0.0	0.0	False
usz-LC3	halo	gaussian_500	halo	1000	2	130	0.5	200	0	0.0	0.0	False
usz-LC3	halo	gaussian_500	halo	1000	2	130	1.0	200	0	0.0	0.0	False
usz-LC3	halo	gaussian_500	halo	2000	3	130	0.5	200	0	0.0	0.0	False
usz-LC3	halo	gaussian_500	halo	2000	3	130	1.0	200	0	0.0	0.0	False
usz-LC3	halo	gaussian_500	halo	4000	3	130	0.5	200	0	0.0	0.0	False
usz-LC3	halo	gaussian_500	halo	4000	3	130	1.0	200	0	0.0	0.0	False
usz-LC3	halo	mixture	halo	100	0	130	0.5	200	76	0.38	0.32266934335958575	False
usz-LC3	halo	mixture	halo	100	0	130	1.0	200	162	0.81	0.7585182736119596	False
usz-LC3	halo	mixture	halo	250	1	130	0.5	200	0	0.0	0.0	False
usz-LC3	halo	mixture	halo	250	1	130	1.0	200	0	0.0	0.0	False
usz-LC3	halo	mixture	halo	500	2	130	0.5	200	0	0.0	0.0	False
usz-LC3	halo	mixture	halo	500	2	130	1.0	200	0	0.0	0.0	False
usz-LC3	halo	mixture	halo	1000	2	130	0.5	200	0	0.0	0.0	False
usz-LC3	halo	mixture	halo	1000	2	130	1.0	200	0	0.0	0.0	False
usz-LC3	halo	mixture	halo	2000	3	130	0.5	200	0	0.0	0.0	False
usz-LC3	halo	mixture	halo	2000	3	130	1.0	200	0	0.0	0.0	False
usz-LC3	halo	mixture	halo	4000	3	130	0.5	200	0	0.0	0.0	False
usz-LC3	halo	mixture	halo	4000	3	130	1.0	200	0	0.0	0.0	False
usz-LC3	halo	skew_heterogeneous_gradient	halo	100	0	130	0.5	200	65	0.325	0.2702483829145604	False
usz-LC3	halo	skew_heterogeneous_gradient	halo	100	0	130	1.0	200	143	0.715	0.65781530232529	False
usz-LC3	halo	skew_heterogeneous_gradient	halo	250	1	130	0.5	200	0	0.0	0.0	False
usz-LC3	halo	skew_heterogeneous_gradient	halo	250	1	130	1.0	200	0	0.0	0.0	False
usz-LC3	halo	skew_heterogeneous_gradient	halo	500	2	130	0.5	200	0	0.0	0.0	False
usz-LC3	halo	skew_heterogeneous_gradient	halo	500	2	130	1.0	200	0	0.0	0.0	False
usz-LC3	halo	skew_heterogeneous_gradient	halo	1000	2	130	0.5	200	0	0.0	0.0	False
usz-LC3	halo	skew_heterogeneous_gradient	halo	1000	2	130	1.0	200	0	0.0	0.0	False
usz-LC3	halo	skew_heterogeneous_gradient	halo	2000	3	130	0.5	200	0	0.0	0.0	False
usz-LC3	halo	skew_heterogeneous_gradient	halo	2000	3	130	1.0	200	0	0.0	0.0	False
usz-LC3	halo	skew_heterogeneous_gradient	halo	4000	3	130	0.5	200	0	0.0	0.0	False
usz-LC3	halo	skew_heterogeneous_gradient	halo	4000	3	130	1.0	200	0	0.0	0.0	False
usz-LC4	edge	gaussian_1500	edge_peak	100	8	230	0.5	200	0	0.0	0.0	False
usz-LC4	edge	gaussian_1500	edge_peak	100	8	230	1.0	200	0	0.0	0.0	False
usz-LC4	edge	gaussian_1500	edge_peak	250	8	230	0.5	200	0	0.0	0.0	False
usz-LC4	edge	gaussian_1500	edge_peak	250	8	230	1.0	200	0	0.0	0.0	False
usz-LC4	edge	gaussian_1500	edge_peak	500	8	230	0.5	200	0	0.0	0.0	False
usz-LC4	edge	gaussian_1500	edge_peak	500	8	230	1.0	200	0	0.0	0.0	False
usz-LC4	edge	gaussian_1500	edge_peak	1000	13	230	0.5	200	0	0.0	0.0	False
usz-LC4	edge	gaussian_1500	edge_peak	1000	13	230	1.0	200	0	0.0	0.0	False
usz-LC4	edge	gaussian_1500	edge_peak	2000	7	130	0.5	200	0	0.0	0.0	False
usz-LC4	edge	gaussian_1500	edge_peak	2000	7	130	1.0	200	0	0.0	0.0	False
usz-LC4	edge	gaussian_1500	edge_peak	4000	7	130	0.5	200	0	0.0	0.0	False
usz-LC4	edge	gaussian_1500	edge_peak	4000	7	130	1.0	200	0	0.0	0.0	False
usz-LC4	edge	gaussian_1500	edge_jump	100	21	230	0.5	200	0	0.0	0.0	False
usz-LC4	edge	gaussian_1500	edge_jump	100	21	230	1.0	200	0	0.0	0.0	False
usz-LC4	edge	gaussian_1500	edge_jump	250	21	230	0.5	200	0	0.0	0.0	False
usz-LC4	edge	gaussian_1500	edge_jump	250	21	230	1.0	200	0	0.0	0.0	False
usz-LC4	edge	gaussian_1500	edge_jump	500	21	230	0.5	200	0	0.0	0.0	False
usz-LC4	edge	gaussian_1500	edge_jump	500	21	230	1.0	200	0	0.0	0.0	False
usz-LC4	edge	gaussian_1500	edge_jump	1000	21	230	0.5	200	0	0.0	0.0	False
usz-LC4	edge	gaussian_1500	edge_jump	1000	21	230	1.0	200	0	0.0	0.0	False
usz-LC4	edge	gaussian_1500	edge_jump	2000	21	230	0.5	200	0	0.0	0.0	False
usz-LC4	edge	gaussian_1500	edge_jump	2000	21	230	1.0	200	0	0.0	0.0	False
usz-LC4	edge	gaussian_1500	edge_jump	4000	21	230	0.5	200	0	0.0	0.0	False
usz-LC4	edge	gaussian_1500	edge_jump	4000	21	230	1.0	200	0	0.0	0.0	False
usz-LC4	edge	gaussian_150	edge_peak	100	8	230	0.5	200	0	0.0	0.0	False
usz-LC4	edge	gaussian_150	edge_peak	100	8	230	1.0	200	0	0.0	0.0	False
usz-LC4	edge	gaussian_150	edge_peak	250	8	230	0.5	200	0	0.0	0.0	False
usz-LC4	edge	gaussian_150	edge_peak	250	8	230	1.0	200	0	0.0	0.0	False
usz-LC4	edge	gaussian_150	edge_peak	500	8	230	0.5	200	0	0.0	0.0	False
usz-LC4	edge	gaussian_150	edge_peak	500	8	230	1.0	200	0	0.0	0.0	False
usz-LC4	edge	gaussian_150	edge_peak	1000	13	230	0.5	200	0	0.0	0.0	False
usz-LC4	edge	gaussian_150	edge_peak	1000	13	230	1.0	200	0	0.0	0.0	False
usz-LC4	edge	gaussian_150	edge_peak	2000	7	130	0.5	200	0	0.0	0.0	False
usz-LC4	edge	gaussian_150	edge_peak	2000	7	130	1.0	200	0	0.0	0.0	False
usz-LC4	edge	gaussian_150	edge_peak	4000	7	130	0.5	200	0	0.0	0.0	False
usz-LC4	edge	gaussian_150	edge_peak	4000	7	130	1.0	200	0	0.0	0.0	False
usz-LC4	edge	gaussian_150	edge_jump	100	21	230	0.5	200	0	0.0	0.0	False
usz-LC4	edge	gaussian_150	edge_jump	100	21	230	1.0	200	0	0.0	0.0	False
usz-LC4	edge	gaussian_150	edge_jump	250	21	230	0.5	200	0	0.0	0.0	False
usz-LC4	edge	gaussian_150	edge_jump	250	21	230	1.0	200	0	0.0	0.0	False
usz-LC4	edge	gaussian_150	edge_jump	500	21	230	0.5	200	0	0.0	0.0	False
usz-LC4	edge	gaussian_150	edge_jump	500	21	230	1.0	200	0	0.0	0.0	False
usz-LC4	edge	gaussian_150	edge_jump	1000	21	230	0.5	200	0	0.0	0.0	False
usz-LC4	edge	gaussian_150	edge_jump	1000	21	230	1.0	200	0	0.0	0.0	False
usz-LC4	edge	gaussian_150	edge_jump	2000	21	230	0.5	200	0	0.0	0.0	False
usz-LC4	edge	gaussian_150	edge_jump	2000	21	230	1.0	200	0	0.0	0.0	False
usz-LC4	edge	gaussian_150	edge_jump	4000	21	230	0.5	200	0	0.0	0.0	False
usz-LC4	edge	gaussian_150	edge_jump	4000	21	230	1.0	200	0	0.0	0.0	False
usz-LC4	edge	gaussian_4000	edge_peak	100	8	230	0.5	200	0	0.0	0.0	False
usz-LC4	edge	gaussian_4000	edge_peak	100	8	230	1.0	200	0	0.0	0.0	False
usz-LC4	edge	gaussian_4000	edge_peak	250	8	230	0.5	200	0	0.0	0.0	False
usz-LC4	edge	gaussian_4000	edge_peak	250	8	230	1.0	200	0	0.0	0.0	False
usz-LC4	edge	gaussian_4000	edge_peak	500	8	230	0.5	200	0	0.0	0.0	False
usz-LC4	edge	gaussian_4000	edge_peak	500	8	230	1.0	200	0	0.0	0.0	False
usz-LC4	edge	gaussian_4000	edge_peak	1000	13	230	0.5	200	0	0.0	0.0	False
usz-LC4	edge	gaussian_4000	edge_peak	1000	13	230	1.0	200	0	0.0	0.0	False
usz-LC4	edge	gaussian_4000	edge_peak	2000	7	130	0.5	200	0	0.0	0.0	False
usz-LC4	edge	gaussian_4000	edge_peak	2000	7	130	1.0	200	0	0.0	0.0	False
usz-LC4	edge	gaussian_4000	edge_peak	4000	7	130	0.5	200	0	0.0	0.0	False
usz-LC4	edge	gaussian_4000	edge_peak	4000	7	130	1.0	200	0	0.0	0.0	False
usz-LC4	edge	gaussian_4000	edge_jump	100	21	230	0.5	200	0	0.0	0.0	False
usz-LC4	edge	gaussian_4000	edge_jump	100	21	230	1.0	200	0	0.0	0.0	False
usz-LC4	edge	gaussian_4000	edge_jump	250	21	230	0.5	200	0	0.0	0.0	False
usz-LC4	edge	gaussian_4000	edge_jump	250	21	230	1.0	200	0	0.0	0.0	False
usz-LC4	edge	gaussian_4000	edge_jump	500	21	230	0.5	200	0	0.0	0.0	False
usz-LC4	edge	gaussian_4000	edge_jump	500	21	230	1.0	200	0	0.0	0.0	False
usz-LC4	edge	gaussian_4000	edge_jump	1000	21	230	0.5	200	0	0.0	0.0	False
usz-LC4	edge	gaussian_4000	edge_jump	1000	21	230	1.0	200	0	0.0	0.0	False
usz-LC4	edge	gaussian_4000	edge_jump	2000	21	230	0.5	200	0	0.0	0.0	False
usz-LC4	edge	gaussian_4000	edge_jump	2000	21	230	1.0	200	0	0.0	0.0	False
usz-LC4	edge	gaussian_4000	edge_jump	4000	21	230	0.5	200	0	0.0	0.0	False
usz-LC4	edge	gaussian_4000	edge_jump	4000	21	230	1.0	200	0	0.0	0.0	False
usz-LC4	edge	gaussian_500	edge_peak	100	8	230	0.5	200	0	0.0	0.0	False
usz-LC4	edge	gaussian_500	edge_peak	100	8	230	1.0	200	0	0.0	0.0	False
usz-LC4	edge	gaussian_500	edge_peak	250	8	230	0.5	200	0	0.0	0.0	False
usz-LC4	edge	gaussian_500	edge_peak	250	8	230	1.0	200	0	0.0	0.0	False
usz-LC4	edge	gaussian_500	edge_peak	500	8	230	0.5	200	0	0.0	0.0	False
usz-LC4	edge	gaussian_500	edge_peak	500	8	230	1.0	200	0	0.0	0.0	False
usz-LC4	edge	gaussian_500	edge_peak	1000	13	230	0.5	200	0	0.0	0.0	False
usz-LC4	edge	gaussian_500	edge_peak	1000	13	230	1.0	200	0	0.0	0.0	False
usz-LC4	edge	gaussian_500	edge_peak	2000	7	130	0.5	200	0	0.0	0.0	False
usz-LC4	edge	gaussian_500	edge_peak	2000	7	130	1.0	200	0	0.0	0.0	False
usz-LC4	edge	gaussian_500	edge_peak	4000	7	130	0.5	200	0	0.0	0.0	False
usz-LC4	edge	gaussian_500	edge_peak	4000	7	130	1.0	200	0	0.0	0.0	False
usz-LC4	edge	gaussian_500	edge_jump	100	21	230	0.5	200	0	0.0	0.0	False
usz-LC4	edge	gaussian_500	edge_jump	100	21	230	1.0	200	0	0.0	0.0	False
usz-LC4	edge	gaussian_500	edge_jump	250	21	230	0.5	200	0	0.0	0.0	False
usz-LC4	edge	gaussian_500	edge_jump	250	21	230	1.0	200	0	0.0	0.0	False
usz-LC4	edge	gaussian_500	edge_jump	500	21	230	0.5	200	0	0.0	0.0	False
usz-LC4	edge	gaussian_500	edge_jump	500	21	230	1.0	200	0	0.0	0.0	False
usz-LC4	edge	gaussian_500	edge_jump	1000	21	230	0.5	200	0	0.0	0.0	False
usz-LC4	edge	gaussian_500	edge_jump	1000	21	230	1.0	200	0	0.0	0.0	False
usz-LC4	edge	gaussian_500	edge_jump	2000	21	230	0.5	200	0	0.0	0.0	False
usz-LC4	edge	gaussian_500	edge_jump	2000	21	230	1.0	200	0	0.0	0.0	False
usz-LC4	edge	gaussian_500	edge_jump	4000	21	230	0.5	200	0	0.0	0.0	False
usz-LC4	edge	gaussian_500	edge_jump	4000	21	230	1.0	200	0	0.0	0.0	False
usz-LC4	edge	mixture	edge_peak	100	8	230	0.5	200	0	0.0	0.0	False
usz-LC4	edge	mixture	edge_peak	100	8	230	1.0	200	0	0.0	0.0	False
usz-LC4	edge	mixture	edge_peak	250	8	230	0.5	200	0	0.0	0.0	False
usz-LC4	edge	mixture	edge_peak	250	8	230	1.0	200	0	0.0	0.0	False
usz-LC4	edge	mixture	edge_peak	500	8	230	0.5	200	0	0.0	0.0	False
usz-LC4	edge	mixture	edge_peak	500	8	230	1.0	200	0	0.0	0.0	False
usz-LC4	edge	mixture	edge_peak	1000	13	230	0.5	200	0	0.0	0.0	False
usz-LC4	edge	mixture	edge_peak	1000	13	230	1.0	200	0	0.0	0.0	False
usz-LC4	edge	mixture	edge_peak	2000	7	130	0.5	200	0	0.0	0.0	False
usz-LC4	edge	mixture	edge_peak	2000	7	130	1.0	200	0	0.0	0.0	False
usz-LC4	edge	mixture	edge_peak	4000	7	130	0.5	200	0	0.0	0.0	False
usz-LC4	edge	mixture	edge_peak	4000	7	130	1.0	200	0	0.0	0.0	False
usz-LC4	edge	mixture	edge_jump	100	21	230	0.5	200	0	0.0	0.0	False
usz-LC4	edge	mixture	edge_jump	100	21	230	1.0	200	0	0.0	0.0	False
usz-LC4	edge	mixture	edge_jump	250	21	230	0.5	200	0	0.0	0.0	False
usz-LC4	edge	mixture	edge_jump	250	21	230	1.0	200	0	0.0	0.0	False
usz-LC4	edge	mixture	edge_jump	500	21	230	0.5	200	0	0.0	0.0	False
usz-LC4	edge	mixture	edge_jump	500	21	230	1.0	200	0	0.0	0.0	False
usz-LC4	edge	mixture	edge_jump	1000	21	230	0.5	200	0	0.0	0.0	False
usz-LC4	edge	mixture	edge_jump	1000	21	230	1.0	200	0	0.0	0.0	False
usz-LC4	edge	mixture	edge_jump	2000	21	230	0.5	200	0	0.0	0.0	False
usz-LC4	edge	mixture	edge_jump	2000	21	230	1.0	200	0	0.0	0.0	False
usz-LC4	edge	mixture	edge_jump	4000	21	230	0.5	200	0	0.0	0.0	False
usz-LC4	edge	mixture	edge_jump	4000	21	230	1.0	200	0	0.0	0.0	False
usz-LC4	edge	skew_heterogeneous_gradient	edge_peak	100	8	230	0.5	200	0	0.0	0.0	False
usz-LC4	edge	skew_heterogeneous_gradient	edge_peak	100	8	230	1.0	200	0	0.0	0.0	False
usz-LC4	edge	skew_heterogeneous_gradient	edge_peak	250	8	230	0.5	200	0	0.0	0.0	False
usz-LC4	edge	skew_heterogeneous_gradient	edge_peak	250	8	230	1.0	200	0	0.0	0.0	False
usz-LC4	edge	skew_heterogeneous_gradient	edge_peak	500	8	230	0.5	200	0	0.0	0.0	False
usz-LC4	edge	skew_heterogeneous_gradient	edge_peak	500	8	230	1.0	200	0	0.0	0.0	False
usz-LC4	edge	skew_heterogeneous_gradient	edge_peak	1000	13	230	0.5	200	0	0.0	0.0	False
usz-LC4	edge	skew_heterogeneous_gradient	edge_peak	1000	13	230	1.0	200	0	0.0	0.0	False
usz-LC4	edge	skew_heterogeneous_gradient	edge_peak	2000	7	130	0.5	200	0	0.0	0.0	False
usz-LC4	edge	skew_heterogeneous_gradient	edge_peak	2000	7	130	1.0	200	0	0.0	0.0	False
usz-LC4	edge	skew_heterogeneous_gradient	edge_peak	4000	7	130	0.5	200	0	0.0	0.0	False
usz-LC4	edge	skew_heterogeneous_gradient	edge_peak	4000	7	130	1.0	200	0	0.0	0.0	False
usz-LC4	edge	skew_heterogeneous_gradient	edge_jump	100	21	230	0.5	200	0	0.0	0.0	False
usz-LC4	edge	skew_heterogeneous_gradient	edge_jump	100	21	230	1.0	200	0	0.0	0.0	False
usz-LC4	edge	skew_heterogeneous_gradient	edge_jump	250	21	230	0.5	200	0	0.0	0.0	False
usz-LC4	edge	skew_heterogeneous_gradient	edge_jump	250	21	230	1.0	200	0	0.0	0.0	False
usz-LC4	edge	skew_heterogeneous_gradient	edge_jump	500	21	230	0.5	200	0	0.0	0.0	False
usz-LC4	edge	skew_heterogeneous_gradient	edge_jump	500	21	230	1.0	200	0	0.0	0.0	False
usz-LC4	edge	skew_heterogeneous_gradient	edge_jump	1000	21	230	0.5	200	0	0.0	0.0	False
usz-LC4	edge	skew_heterogeneous_gradient	edge_jump	1000	21	230	1.0	200	0	0.0	0.0	False
usz-LC4	edge	skew_heterogeneous_gradient	edge_jump	2000	21	230	0.5	200	0	0.0	0.0	False
usz-LC4	edge	skew_heterogeneous_gradient	edge_jump	2000	21	230	1.0	200	0	0.0	0.0	False
usz-LC4	edge	skew_heterogeneous_gradient	edge_jump	4000	21	230	0.5	200	0	0.0	0.0	False
usz-LC4	edge	skew_heterogeneous_gradient	edge_jump	4000	21	230	1.0	200	0	0.0	0.0	False
usz-LC5	halo	gaussian_1500	halo	100	0	130	0.5	200	3	0.015	0.0041006133350699105	False
usz-LC5	halo	gaussian_1500	halo	100	0	130	1.0	200	20	0.1	0.0672614011001397	False
usz-LC5	halo	gaussian_1500	halo	250	0	130	0.5	200	2	0.01	0.0017796814478925685	False
usz-LC5	halo	gaussian_1500	halo	250	0	130	1.0	200	2	0.01	0.0017796814478925685	False
usz-LC5	halo	gaussian_1500	halo	500	1	130	0.5	200	0	0.0	0.0	False
usz-LC5	halo	gaussian_1500	halo	500	1	130	1.0	200	0	0.0	0.0	False
usz-LC5	halo	gaussian_1500	halo	1000	2	130	0.5	200	0	0.0	0.0	False
usz-LC5	halo	gaussian_1500	halo	1000	2	130	1.0	200	0	0.0	0.0	False
usz-LC5	halo	gaussian_1500	halo	2000	3	130	0.5	200	0	0.0	0.0	False
usz-LC5	halo	gaussian_1500	halo	2000	3	130	1.0	200	0	0.0	0.0	False
usz-LC5	halo	gaussian_1500	halo	4000	3	130	0.5	200	0	0.0	0.0	False
usz-LC5	halo	gaussian_1500	halo	4000	3	130	1.0	200	0	0.0	0.0	False
usz-LC5	halo	gaussian_150	halo	100	0	130	0.5	200	11	0.055	0.031146858789654508	False
usz-LC5	halo	gaussian_150	halo	100	0	130	1.0	200	45	0.225	0.17723719428386583	False
usz-LC5	halo	gaussian_150	halo	250	0	130	0.5	200	0	0.0	0.0	False
usz-LC5	halo	gaussian_150	halo	250	0	130	1.0	200	0	0.0	0.0	False
usz-LC5	halo	gaussian_150	halo	500	1	130	0.5	200	0	0.0	0.0	False
usz-LC5	halo	gaussian_150	halo	500	1	130	1.0	200	0	0.0	0.0	False
usz-LC5	halo	gaussian_150	halo	1000	2	130	0.5	200	0	0.0	0.0	False
usz-LC5	halo	gaussian_150	halo	1000	2	130	1.0	200	0	0.0	0.0	False
usz-LC5	halo	gaussian_150	halo	2000	3	130	0.5	200	0	0.0	0.0	False
usz-LC5	halo	gaussian_150	halo	2000	3	130	1.0	200	0	0.0	0.0	False
usz-LC5	halo	gaussian_150	halo	4000	3	130	0.5	200	0	0.0	0.0	False
usz-LC5	halo	gaussian_150	halo	4000	3	130	1.0	200	0	0.0	0.0	False
usz-LC5	halo	gaussian_4000	halo	100	0	130	0.5	200	10	0.05	0.027374253525114488	False
usz-LC5	halo	gaussian_4000	halo	100	0	130	1.0	200	26	0.13	0.09271267536271859	False
usz-LC5	halo	gaussian_4000	halo	250	0	130	0.5	200	0	0.0	0.0	False
usz-LC5	halo	gaussian_4000	halo	250	0	130	1.0	200	0	0.0	0.0	False
usz-LC5	halo	gaussian_4000	halo	500	1	130	0.5	200	0	0.0	0.0	False
usz-LC5	halo	gaussian_4000	halo	500	1	130	1.0	200	0	0.0	0.0	False
usz-LC5	halo	gaussian_4000	halo	1000	2	130	0.5	200	0	0.0	0.0	False
usz-LC5	halo	gaussian_4000	halo	1000	2	130	1.0	200	0	0.0	0.0	False
usz-LC5	halo	gaussian_4000	halo	2000	3	130	0.5	200	0	0.0	0.0	False
usz-LC5	halo	gaussian_4000	halo	2000	3	130	1.0	200	0	0.0	0.0	False
usz-LC5	halo	gaussian_4000	halo	4000	3	130	0.5	200	0	0.0	0.0	False
usz-LC5	halo	gaussian_4000	halo	4000	3	130	1.0	200	0	0.0	0.0	False
usz-LC5	halo	gaussian_500	halo	100	0	130	0.5	200	4	0.02	0.006859719101091237	False
usz-LC5	halo	gaussian_500	halo	100	0	130	1.0	200	33	0.165	0.12327905286867549	False
usz-LC5	halo	gaussian_500	halo	250	0	130	0.5	200	1	0.005	0.0002564335872234742	False
usz-LC5	halo	gaussian_500	halo	250	0	130	1.0	200	5	0.025	0.009901244217107584	False
usz-LC5	halo	gaussian_500	halo	500	1	130	0.5	200	0	0.0	0.0	False
usz-LC5	halo	gaussian_500	halo	500	1	130	1.0	200	0	0.0	0.0	False
usz-LC5	halo	gaussian_500	halo	1000	2	130	0.5	200	0	0.0	0.0	False
usz-LC5	halo	gaussian_500	halo	1000	2	130	1.0	200	0	0.0	0.0	False
usz-LC5	halo	gaussian_500	halo	2000	3	130	0.5	200	0	0.0	0.0	False
usz-LC5	halo	gaussian_500	halo	2000	3	130	1.0	200	0	0.0	0.0	False
usz-LC5	halo	gaussian_500	halo	4000	3	130	0.5	200	0	0.0	0.0	False
usz-LC5	halo	gaussian_500	halo	4000	3	130	1.0	200	0	0.0	0.0	False
usz-LC5	halo	mixture	halo	100	0	130	0.5	200	4	0.02	0.006859719101091237	False
usz-LC5	halo	mixture	halo	100	0	130	1.0	200	33	0.165	0.12327905286867549	False
usz-LC5	halo	mixture	halo	250	0	130	0.5	200	0	0.0	0.0	False
usz-LC5	halo	mixture	halo	250	0	130	1.0	200	7	0.035	0.01653963501789509	False
usz-LC5	halo	mixture	halo	500	1	130	0.5	200	0	0.0	0.0	False
usz-LC5	halo	mixture	halo	500	1	130	1.0	200	0	0.0	0.0	False
usz-LC5	halo	mixture	halo	1000	2	130	0.5	200	0	0.0	0.0	False
usz-LC5	halo	mixture	halo	1000	2	130	1.0	200	0	0.0	0.0	False
usz-LC5	halo	mixture	halo	2000	3	130	0.5	200	0	0.0	0.0	False
usz-LC5	halo	mixture	halo	2000	3	130	1.0	200	0	0.0	0.0	False
usz-LC5	halo	mixture	halo	4000	3	130	0.5	200	0	0.0	0.0	False
usz-LC5	halo	mixture	halo	4000	3	130	1.0	200	0	0.0	0.0	False
usz-LC5	halo	skew_heterogeneous_gradient	halo	100	0	130	0.5	200	5	0.025	0.009901244217107584	False
usz-LC5	halo	skew_heterogeneous_gradient	halo	100	0	130	1.0	200	45	0.225	0.17723719428386583	False
usz-LC5	halo	skew_heterogeneous_gradient	halo	250	0	130	0.5	200	0	0.0	0.0	False
usz-LC5	halo	skew_heterogeneous_gradient	halo	250	0	130	1.0	200	5	0.025	0.009901244217107584	False
usz-LC5	halo	skew_heterogeneous_gradient	halo	500	1	130	0.5	200	0	0.0	0.0	False
usz-LC5	halo	skew_heterogeneous_gradient	halo	500	1	130	1.0	200	0	0.0	0.0	False
usz-LC5	halo	skew_heterogeneous_gradient	halo	1000	2	130	0.5	200	0	0.0	0.0	False
usz-LC5	halo	skew_heterogeneous_gradient	halo	1000	2	130	1.0	200	0	0.0	0.0	False
usz-LC5	halo	skew_heterogeneous_gradient	halo	2000	3	130	0.5	200	0	0.0	0.0	False
usz-LC5	halo	skew_heterogeneous_gradient	halo	2000	3	130	1.0	200	0	0.0	0.0	False
usz-LC5	halo	skew_heterogeneous_gradient	halo	4000	3	130	0.5	200	0	0.0	0.0	False
usz-LC5	halo	skew_heterogeneous_gradient	halo	4000	3	130	1.0	200	0	0.0	0.0	False
gse175540-GSM5924031_ffpe_c_3	halo	gaussian_1500	halo	100	0	130	0.5	200	95	0.475	0.414992937965042	False
gse175540-GSM5924031_ffpe_c_3	halo	gaussian_1500	halo	100	0	130	1.0	200	190	0.95	0.916664848933628	True
gse175540-GSM5924031_ffpe_c_3	halo	gaussian_1500	halo	250	0	130	0.5	200	31	0.155	0.11446547318068777	False
gse175540-GSM5924031_ffpe_c_3	halo	gaussian_1500	halo	250	0	130	1.0	200	111	0.555	0.4943745727669294	False
gse175540-GSM5924031_ffpe_c_3	halo	gaussian_1500	halo	500	1	130	0.5	200	0	0.0	0.0	False
gse175540-GSM5924031_ffpe_c_3	halo	gaussian_1500	halo	500	1	130	1.0	200	0	0.0	0.0	False
gse175540-GSM5924031_ffpe_c_3	halo	gaussian_1500	halo	1000	2	130	0.5	200	0	0.0	0.0	False
gse175540-GSM5924031_ffpe_c_3	halo	gaussian_1500	halo	1000	2	130	1.0	200	0	0.0	0.0	False
gse175540-GSM5924031_ffpe_c_3	halo	gaussian_1500	halo	2000	3	130	0.5	200	0	0.0	0.0	False
gse175540-GSM5924031_ffpe_c_3	halo	gaussian_1500	halo	2000	3	130	1.0	200	0	0.0	0.0	False
gse175540-GSM5924031_ffpe_c_3	halo	gaussian_1500	halo	4000	3	130	0.5	200	0	0.0	0.0	False
gse175540-GSM5924031_ffpe_c_3	halo	gaussian_1500	halo	4000	3	130	1.0	200	0	0.0	0.0	False
gse175540-GSM5924031_ffpe_c_3	halo	gaussian_150	halo	100	0	130	0.5	200	9	0.045	0.023673576156510508	False
gse175540-GSM5924031_ffpe_c_3	halo	gaussian_150	halo	100	0	130	1.0	200	124	0.62	0.5599785569952646	False
gse175540-GSM5924031_ffpe_c_3	halo	gaussian_150	halo	250	0	130	0.5	200	6	0.03	0.01314398708718085	False
gse175540-GSM5924031_ffpe_c_3	halo	gaussian_150	halo	250	0	130	1.0	200	52	0.26	0.2094115409332631	False
gse175540-GSM5924031_ffpe_c_3	halo	gaussian_150	halo	500	1	130	0.5	200	0	0.0	0.0	False
gse175540-GSM5924031_ffpe_c_3	halo	gaussian_150	halo	500	1	130	1.0	200	0	0.0	0.0	False
gse175540-GSM5924031_ffpe_c_3	halo	gaussian_150	halo	1000	2	130	0.5	200	0	0.0	0.0	False
gse175540-GSM5924031_ffpe_c_3	halo	gaussian_150	halo	1000	2	130	1.0	200	0	0.0	0.0	False
gse175540-GSM5924031_ffpe_c_3	halo	gaussian_150	halo	2000	3	130	0.5	200	0	0.0	0.0	False
gse175540-GSM5924031_ffpe_c_3	halo	gaussian_150	halo	2000	3	130	1.0	200	0	0.0	0.0	False
gse175540-GSM5924031_ffpe_c_3	halo	gaussian_150	halo	4000	3	130	0.5	200	0	0.0	0.0	False
gse175540-GSM5924031_ffpe_c_3	halo	gaussian_150	halo	4000	3	130	1.0	200	0	0.0	0.0	False
gse175540-GSM5924031_ffpe_c_3	halo	gaussian_4000	halo	100	0	130	0.5	200	139	0.695	0.6370075673735427	False
gse175540-GSM5924031_ffpe_c_3	halo	gaussian_4000	halo	100	0	130	1.0	200	193	0.965	0.9352674778631515	True
gse175540-GSM5924031_ffpe_c_3	halo	gaussian_4000	halo	250	0	130	0.5	200	36	0.18	0.13660502458784396	False
gse175540-GSM5924031_ffpe_c_3	halo	gaussian_4000	halo	250	0	130	1.0	200	140	0.7	0.6421982672395453	False
gse175540-GSM5924031_ffpe_c_3	halo	gaussian_4000	halo	500	1	130	0.5	200	0	0.0	0.0	False
gse175540-GSM5924031_ffpe_c_3	halo	gaussian_4000	halo	500	1	130	1.0	200	0	0.0	0.0	False
gse175540-GSM5924031_ffpe_c_3	halo	gaussian_4000	halo	1000	2	130	0.5	200	0	0.0	0.0	False
gse175540-GSM5924031_ffpe_c_3	halo	gaussian_4000	halo	1000	2	130	1.0	200	0	0.0	0.0	False
gse175540-GSM5924031_ffpe_c_3	halo	gaussian_4000	halo	2000	3	130	0.5	200	0	0.0	0.0	False
gse175540-GSM5924031_ffpe_c_3	halo	gaussian_4000	halo	2000	3	130	1.0	200	0	0.0	0.0	False
gse175540-GSM5924031_ffpe_c_3	halo	gaussian_4000	halo	4000	3	130	0.5	200	0	0.0	0.0	False
gse175540-GSM5924031_ffpe_c_3	halo	gaussian_4000	halo	4000	3	130	1.0	200	0	0.0	0.0	False
gse175540-GSM5924031_ffpe_c_3	halo	gaussian_500	halo	100	0	130	0.5	200	20	0.1	0.0672614011001397	False
gse175540-GSM5924031_ffpe_c_3	halo	gaussian_500	halo	100	0	130	1.0	200	134	0.67	0.6111619566355555	False
gse175540-GSM5924031_ffpe_c_3	halo	gaussian_500	halo	250	0	130	0.5	200	3	0.015	0.0041006133350699105	False
gse175540-GSM5924031_ffpe_c_3	halo	gaussian_500	halo	250	0	130	1.0	200	45	0.225	0.17723719428386583	False
gse175540-GSM5924031_ffpe_c_3	halo	gaussian_500	halo	500	1	130	0.5	200	0	0.0	0.0	False
gse175540-GSM5924031_ffpe_c_3	halo	gaussian_500	halo	500	1	130	1.0	200	0	0.0	0.0	False
gse175540-GSM5924031_ffpe_c_3	halo	gaussian_500	halo	1000	2	130	0.5	200	0	0.0	0.0	False
gse175540-GSM5924031_ffpe_c_3	halo	gaussian_500	halo	1000	2	130	1.0	200	0	0.0	0.0	False
gse175540-GSM5924031_ffpe_c_3	halo	gaussian_500	halo	2000	3	130	0.5	200	0	0.0	0.0	False
gse175540-GSM5924031_ffpe_c_3	halo	gaussian_500	halo	2000	3	130	1.0	200	0	0.0	0.0	False
gse175540-GSM5924031_ffpe_c_3	halo	gaussian_500	halo	4000	3	130	0.5	200	0	0.0	0.0	False
gse175540-GSM5924031_ffpe_c_3	halo	gaussian_500	halo	4000	3	130	1.0	200	0	0.0	0.0	False
gse175540-GSM5924031_ffpe_c_3	halo	mixture	halo	100	0	130	0.5	200	20	0.1	0.0672614011001397	False
gse175540-GSM5924031_ffpe_c_3	halo	mixture	halo	100	0	130	1.0	200	137	0.685	0.6266480209038037	False
gse175540-GSM5924031_ffpe_c_3	halo	mixture	halo	250	0	130	0.5	200	5	0.025	0.009901244217107584	False
gse175540-GSM5924031_ffpe_c_3	halo	mixture	halo	250	0	130	1.0	200	50	0.25	0.2001732451817572	False
gse175540-GSM5924031_ffpe_c_3	halo	mixture	halo	500	1	130	0.5	200	0	0.0	0.0	False
gse175540-GSM5924031_ffpe_c_3	halo	mixture	halo	500	1	130	1.0	200	0	0.0	0.0	False
gse175540-GSM5924031_ffpe_c_3	halo	mixture	halo	1000	2	130	0.5	200	0	0.0	0.0	False
gse175540-GSM5924031_ffpe_c_3	halo	mixture	halo	1000	2	130	1.0	200	0	0.0	0.0	False
gse175540-GSM5924031_ffpe_c_3	halo	mixture	halo	2000	3	130	0.5	200	0	0.0	0.0	False
gse175540-GSM5924031_ffpe_c_3	halo	mixture	halo	2000	3	130	1.0	200	0	0.0	0.0	False
gse175540-GSM5924031_ffpe_c_3	halo	mixture	halo	4000	3	130	0.5	200	0	0.0	0.0	False
gse175540-GSM5924031_ffpe_c_3	halo	mixture	halo	4000	3	130	1.0	200	0	0.0	0.0	False
gse175540-GSM5924031_ffpe_c_3	halo	skew_heterogeneous_gradient	halo	100	0	130	0.5	200	35	0.175	0.13214961554582152	False
gse175540-GSM5924031_ffpe_c_3	halo	skew_heterogeneous_gradient	halo	100	0	130	1.0	200	132	0.66	0.6008724442248959	False
gse175540-GSM5924031_ffpe_c_3	halo	skew_heterogeneous_gradient	halo	250	0	130	0.5	200	11	0.055	0.031146858789654508	False
gse175540-GSM5924031_ffpe_c_3	halo	skew_heterogeneous_gradient	halo	250	0	130	1.0	200	65	0.325	0.2702483829145604	False
gse175540-GSM5924031_ffpe_c_3	halo	skew_heterogeneous_gradient	halo	500	1	130	0.5	200	0	0.0	0.0	False
gse175540-GSM5924031_ffpe_c_3	halo	skew_heterogeneous_gradient	halo	500	1	130	1.0	200	0	0.0	0.0	False
gse175540-GSM5924031_ffpe_c_3	halo	skew_heterogeneous_gradient	halo	1000	2	130	0.5	200	0	0.0	0.0	False
gse175540-GSM5924031_ffpe_c_3	halo	skew_heterogeneous_gradient	halo	1000	2	130	1.0	200	0	0.0	0.0	False
gse175540-GSM5924031_ffpe_c_3	halo	skew_heterogeneous_gradient	halo	2000	3	130	0.5	200	0	0.0	0.0	False
gse175540-GSM5924031_ffpe_c_3	halo	skew_heterogeneous_gradient	halo	2000	3	130	1.0	200	0	0.0	0.0	False
gse175540-GSM5924031_ffpe_c_3	halo	skew_heterogeneous_gradient	halo	4000	3	130	0.5	200	0	0.0	0.0	False
gse175540-GSM5924031_ffpe_c_3	halo	skew_heterogeneous_gradient	halo	4000	3	130	1.0	200	0	0.0	0.0	False
gse175540-GSM5924032_ffpe_c_4	halo	gaussian_1500	halo	100	0	130	0.5	200	0	0.0	0.0	False
gse175540-GSM5924032_ffpe_c_4	halo	gaussian_1500	halo	100	0	130	1.0	200	2	0.01	0.0017796814478925685	False
gse175540-GSM5924032_ffpe_c_4	halo	gaussian_1500	halo	250	0	130	0.5	200	0	0.0	0.0	False
gse175540-GSM5924032_ffpe_c_4	halo	gaussian_1500	halo	250	0	130	1.0	200	2	0.01	0.0017796814478925685	False
gse175540-GSM5924032_ffpe_c_4	halo	gaussian_1500	halo	500	1	130	0.5	200	0	0.0	0.0	False
gse175540-GSM5924032_ffpe_c_4	halo	gaussian_1500	halo	500	1	130	1.0	200	0	0.0	0.0	False
gse175540-GSM5924032_ffpe_c_4	halo	gaussian_1500	halo	1000	2	130	0.5	200	0	0.0	0.0	False
gse175540-GSM5924032_ffpe_c_4	halo	gaussian_1500	halo	1000	2	130	1.0	200	0	0.0	0.0	False
gse175540-GSM5924032_ffpe_c_4	halo	gaussian_1500	halo	2000	3	130	0.5	200	0	0.0	0.0	False
gse175540-GSM5924032_ffpe_c_4	halo	gaussian_1500	halo	2000	3	130	1.0	200	0	0.0	0.0	False
gse175540-GSM5924032_ffpe_c_4	halo	gaussian_1500	halo	4000	3	130	0.5	200	0	0.0	0.0	False
gse175540-GSM5924032_ffpe_c_4	halo	gaussian_1500	halo	4000	3	130	1.0	200	0	0.0	0.0	False
gse175540-GSM5924032_ffpe_c_4	halo	gaussian_150	halo	100	0	130	0.5	200	5	0.025	0.009901244217107584	False
gse175540-GSM5924032_ffpe_c_4	halo	gaussian_150	halo	100	0	130	1.0	200	18	0.09	0.05897873094176663	False
gse175540-GSM5924032_ffpe_c_4	halo	gaussian_150	halo	250	0	130	0.5	200	2	0.01	0.0017796814478925685	False
gse175540-GSM5924032_ffpe_c_4	halo	gaussian_150	halo	250	0	130	1.0	200	1	0.005	0.0002564335872234742	False
gse175540-GSM5924032_ffpe_c_4	halo	gaussian_150	halo	500	1	130	0.5	200	0	0.0	0.0	False
gse175540-GSM5924032_ffpe_c_4	halo	gaussian_150	halo	500	1	130	1.0	200	0	0.0	0.0	False
gse175540-GSM5924032_ffpe_c_4	halo	gaussian_150	halo	1000	2	130	0.5	200	0	0.0	0.0	False
gse175540-GSM5924032_ffpe_c_4	halo	gaussian_150	halo	1000	2	130	1.0	200	0	0.0	0.0	False
gse175540-GSM5924032_ffpe_c_4	halo	gaussian_150	halo	2000	3	130	0.5	200	0	0.0	0.0	False
gse175540-GSM5924032_ffpe_c_4	halo	gaussian_150	halo	2000	3	130	1.0	200	0	0.0	0.0	False
gse175540-GSM5924032_ffpe_c_4	halo	gaussian_150	halo	4000	3	130	0.5	200	0	0.0	0.0	False
gse175540-GSM5924032_ffpe_c_4	halo	gaussian_150	halo	4000	3	130	1.0	200	0	0.0	0.0	False
gse175540-GSM5924032_ffpe_c_4	halo	gaussian_4000	halo	100	0	130	0.5	200	0	0.0	0.0	False
gse175540-GSM5924032_ffpe_c_4	halo	gaussian_4000	halo	100	0	130	1.0	200	1	0.005	0.0002564335872234742	False
gse175540-GSM5924032_ffpe_c_4	halo	gaussian_4000	halo	250	0	130	0.5	200	0	0.0	0.0	False
gse175540-GSM5924032_ffpe_c_4	halo	gaussian_4000	halo	250	0	130	1.0	200	0	0.0	0.0	False
gse175540-GSM5924032_ffpe_c_4	halo	gaussian_4000	halo	500	1	130	0.5	200	0	0.0	0.0	False
gse175540-GSM5924032_ffpe_c_4	halo	gaussian_4000	halo	500	1	130	1.0	200	0	0.0	0.0	False
gse175540-GSM5924032_ffpe_c_4	halo	gaussian_4000	halo	1000	2	130	0.5	200	0	0.0	0.0	False
gse175540-GSM5924032_ffpe_c_4	halo	gaussian_4000	halo	1000	2	130	1.0	200	0	0.0	0.0	False
gse175540-GSM5924032_ffpe_c_4	halo	gaussian_4000	halo	2000	3	130	0.5	200	0	0.0	0.0	False
gse175540-GSM5924032_ffpe_c_4	halo	gaussian_4000	halo	2000	3	130	1.0	200	0	0.0	0.0	False
gse175540-GSM5924032_ffpe_c_4	halo	gaussian_4000	halo	4000	3	130	0.5	200	0	0.0	0.0	False
gse175540-GSM5924032_ffpe_c_4	halo	gaussian_4000	halo	4000	3	130	1.0	200	0	0.0	0.0	False
gse175540-GSM5924032_ffpe_c_4	halo	gaussian_500	halo	100	0	130	0.5	200	2	0.01	0.0017796814478925685	False
gse175540-GSM5924032_ffpe_c_4	halo	gaussian_500	halo	100	0	130	1.0	200	12	0.06	0.03498213212553194	False
gse175540-GSM5924032_ffpe_c_4	halo	gaussian_500	halo	250	0	130	0.5	200	1	0.005	0.0002564335872234742	False
gse175540-GSM5924032_ffpe_c_4	halo	gaussian_500	halo	250	0	130	1.0	200	4	0.02	0.006859719101091237	False
gse175540-GSM5924032_ffpe_c_4	halo	gaussian_500	halo	500	1	130	0.5	200	0	0.0	0.0	False
gse175540-GSM5924032_ffpe_c_4	halo	gaussian_500	halo	500	1	130	1.0	200	0	0.0	0.0	False
gse175540-GSM5924032_ffpe_c_4	halo	gaussian_500	halo	1000	2	130	0.5	200	0	0.0	0.0	False
gse175540-GSM5924032_ffpe_c_4	halo	gaussian_500	halo	1000	2	130	1.0	200	0	0.0	0.0	False
gse175540-GSM5924032_ffpe_c_4	halo	gaussian_500	halo	2000	3	130	0.5	200	0	0.0	0.0	False
gse175540-GSM5924032_ffpe_c_4	halo	gaussian_500	halo	2000	3	130	1.0	200	0	0.0	0.0	False
gse175540-GSM5924032_ffpe_c_4	halo	gaussian_500	halo	4000	3	130	0.5	200	0	0.0	0.0	False
gse175540-GSM5924032_ffpe_c_4	halo	gaussian_500	halo	4000	3	130	1.0	200	0	0.0	0.0	False
gse175540-GSM5924032_ffpe_c_4	halo	mixture	halo	100	0	130	0.5	200	0	0.0	0.0	False
gse175540-GSM5924032_ffpe_c_4	halo	mixture	halo	100	0	130	1.0	200	5	0.025	0.009901244217107584	False
gse175540-GSM5924032_ffpe_c_4	halo	mixture	halo	250	0	130	0.5	200	0	0.0	0.0	False
gse175540-GSM5924032_ffpe_c_4	halo	mixture	halo	250	0	130	1.0	200	0	0.0	0.0	False
gse175540-GSM5924032_ffpe_c_4	halo	mixture	halo	500	1	130	0.5	200	0	0.0	0.0	False
gse175540-GSM5924032_ffpe_c_4	halo	mixture	halo	500	1	130	1.0	200	0	0.0	0.0	False
gse175540-GSM5924032_ffpe_c_4	halo	mixture	halo	1000	2	130	0.5	200	0	0.0	0.0	False
gse175540-GSM5924032_ffpe_c_4	halo	mixture	halo	1000	2	130	1.0	200	0	0.0	0.0	False
gse175540-GSM5924032_ffpe_c_4	halo	mixture	halo	2000	3	130	0.5	200	0	0.0	0.0	False
gse175540-GSM5924032_ffpe_c_4	halo	mixture	halo	2000	3	130	1.0	200	0	0.0	0.0	False
gse175540-GSM5924032_ffpe_c_4	halo	mixture	halo	4000	3	130	0.5	200	0	0.0	0.0	False
gse175540-GSM5924032_ffpe_c_4	halo	mixture	halo	4000	3	130	1.0	200	0	0.0	0.0	False
gse175540-GSM5924032_ffpe_c_4	halo	skew_heterogeneous_gradient	halo	100	0	130	0.5	200	2	0.01	0.0017796814478925685	False
gse175540-GSM5924032_ffpe_c_4	halo	skew_heterogeneous_gradient	halo	100	0	130	1.0	200	8	0.04	0.020056759589509348	False
gse175540-GSM5924032_ffpe_c_4	halo	skew_heterogeneous_gradient	halo	250	0	130	0.5	200	1	0.005	0.0002564335872234742	False
gse175540-GSM5924032_ffpe_c_4	halo	skew_heterogeneous_gradient	halo	250	0	130	1.0	200	2	0.01	0.0017796814478925685	False
gse175540-GSM5924032_ffpe_c_4	halo	skew_heterogeneous_gradient	halo	500	1	130	0.5	200	0	0.0	0.0	False
gse175540-GSM5924032_ffpe_c_4	halo	skew_heterogeneous_gradient	halo	500	1	130	1.0	200	0	0.0	0.0	False
gse175540-GSM5924032_ffpe_c_4	halo	skew_heterogeneous_gradient	halo	1000	2	130	0.5	200	0	0.0	0.0	False
gse175540-GSM5924032_ffpe_c_4	halo	skew_heterogeneous_gradient	halo	1000	2	130	1.0	200	0	0.0	0.0	False
gse175540-GSM5924032_ffpe_c_4	halo	skew_heterogeneous_gradient	halo	2000	3	130	0.5	200	0	0.0	0.0	False
gse175540-GSM5924032_ffpe_c_4	halo	skew_heterogeneous_gradient	halo	2000	3	130	1.0	200	0	0.0	0.0	False
gse175540-GSM5924032_ffpe_c_4	halo	skew_heterogeneous_gradient	halo	4000	3	130	0.5	200	0	0.0	0.0	False
gse175540-GSM5924032_ffpe_c_4	halo	skew_heterogeneous_gradient	halo	4000	3	130	1.0	200	0	0.0	0.0	False
gse175540-GSM5924033_ffpe_c_7	halo	gaussian_1500	halo	100	0	130	0.5	200	26	0.13	0.09271267536271859	False
gse175540-GSM5924033_ffpe_c_7	halo	gaussian_1500	halo	100	0	130	1.0	200	90	0.45	0.39048955032686955	False
gse175540-GSM5924033_ffpe_c_7	halo	gaussian_1500	halo	250	1	130	0.5	200	0	0.0	0.0	False
gse175540-GSM5924033_ffpe_c_7	halo	gaussian_1500	halo	250	1	130	1.0	200	0	0.0	0.0	False
gse175540-GSM5924033_ffpe_c_7	halo	gaussian_1500	halo	500	1	130	0.5	200	0	0.0	0.0	False
gse175540-GSM5924033_ffpe_c_7	halo	gaussian_1500	halo	500	1	130	1.0	200	0	0.0	0.0	False
gse175540-GSM5924033_ffpe_c_7	halo	gaussian_1500	halo	1000	2	130	0.5	200	0	0.0	0.0	False
gse175540-GSM5924033_ffpe_c_7	halo	gaussian_1500	halo	1000	2	130	1.0	200	0	0.0	0.0	False
gse175540-GSM5924033_ffpe_c_7	halo	gaussian_1500	halo	2000	3	130	0.5	200	0	0.0	0.0	False
gse175540-GSM5924033_ffpe_c_7	halo	gaussian_1500	halo	2000	3	130	1.0	200	0	0.0	0.0	False
gse175540-GSM5924033_ffpe_c_7	halo	gaussian_1500	halo	4000	3	130	0.5	200	0	0.0	0.0	False
gse175540-GSM5924033_ffpe_c_7	halo	gaussian_1500	halo	4000	3	130	1.0	200	0	0.0	0.0	False
gse175540-GSM5924033_ffpe_c_7	halo	gaussian_150	halo	100	0	130	0.5	200	5	0.025	0.009901244217107584	False
gse175540-GSM5924033_ffpe_c_7	halo	gaussian_150	halo	100	0	130	1.0	200	61	0.305	0.2513922862937256	False
gse175540-GSM5924033_ffpe_c_7	halo	gaussian_150	halo	250	1	130	0.5	200	0	0.0	0.0	False
gse175540-GSM5924033_ffpe_c_7	halo	gaussian_150	halo	250	1	130	1.0	200	0	0.0	0.0	False
gse175540-GSM5924033_ffpe_c_7	halo	gaussian_150	halo	500	1	130	0.5	200	0	0.0	0.0	False
gse175540-GSM5924033_ffpe_c_7	halo	gaussian_150	halo	500	1	130	1.0	200	0	0.0	0.0	False
gse175540-GSM5924033_ffpe_c_7	halo	gaussian_150	halo	1000	2	130	0.5	200	0	0.0	0.0	False
gse175540-GSM5924033_ffpe_c_7	halo	gaussian_150	halo	1000	2	130	1.0	200	0	0.0	0.0	False
gse175540-GSM5924033_ffpe_c_7	halo	gaussian_150	halo	2000	3	130	0.5	200	0	0.0	0.0	False
gse175540-GSM5924033_ffpe_c_7	halo	gaussian_150	halo	2000	3	130	1.0	200	0	0.0	0.0	False
gse175540-GSM5924033_ffpe_c_7	halo	gaussian_150	halo	4000	3	130	0.5	200	0	0.0	0.0	False
gse175540-GSM5924033_ffpe_c_7	halo	gaussian_150	halo	4000	3	130	1.0	200	0	0.0	0.0	False
gse175540-GSM5924033_ffpe_c_7	halo	gaussian_4000	halo	100	0	130	0.5	200	74	0.37	0.3130791960715266	False
gse175540-GSM5924033_ffpe_c_7	halo	gaussian_4000	halo	100	0	130	1.0	200	116	0.58	0.5194867078274346	False
gse175540-GSM5924033_ffpe_c_7	halo	gaussian_4000	halo	250	1	130	0.5	200	0	0.0	0.0	False
gse175540-GSM5924033_ffpe_c_7	halo	gaussian_4000	halo	250	1	130	1.0	200	0	0.0	0.0	False
gse175540-GSM5924033_ffpe_c_7	halo	gaussian_4000	halo	500	1	130	0.5	200	0	0.0	0.0	False
gse175540-GSM5924033_ffpe_c_7	halo	gaussian_4000	halo	500	1	130	1.0	200	0	0.0	0.0	False
gse175540-GSM5924033_ffpe_c_7	halo	gaussian_4000	halo	1000	2	130	0.5	200	0	0.0	0.0	False
gse175540-GSM5924033_ffpe_c_7	halo	gaussian_4000	halo	1000	2	130	1.0	200	0	0.0	0.0	False
gse175540-GSM5924033_ffpe_c_7	halo	gaussian_4000	halo	2000	3	130	0.5	200	0	0.0	0.0	False
gse175540-GSM5924033_ffpe_c_7	halo	gaussian_4000	halo	2000	3	130	1.0	200	0	0.0	0.0	False
gse175540-GSM5924033_ffpe_c_7	halo	gaussian_4000	halo	4000	3	130	0.5	200	0	0.0	0.0	False
gse175540-GSM5924033_ffpe_c_7	halo	gaussian_4000	halo	4000	3	130	1.0	200	0	0.0	0.0	False
gse175540-GSM5924033_ffpe_c_7	halo	gaussian_500	halo	100	0	130	0.5	200	5	0.025	0.009901244217107584	False
gse175540-GSM5924033_ffpe_c_7	halo	gaussian_500	halo	100	0	130	1.0	200	69	0.345	0.28921718583727074	False
gse175540-GSM5924033_ffpe_c_7	halo	gaussian_500	halo	250	1	130	0.5	200	0	0.0	0.0	False
gse175540-GSM5924033_ffpe_c_7	halo	gaussian_500	halo	250	1	130	1.0	200	0	0.0	0.0	False
gse175540-GSM5924033_ffpe_c_7	halo	gaussian_500	halo	500	1	130	0.5	200	0	0.0	0.0	False
gse175540-GSM5924033_ffpe_c_7	halo	gaussian_500	halo	500	1	130	1.0	200	0	0.0	0.0	False
gse175540-GSM5924033_ffpe_c_7	halo	gaussian_500	halo	1000	2	130	0.5	200	0	0.0	0.0	False
gse175540-GSM5924033_ffpe_c_7	halo	gaussian_500	halo	1000	2	130	1.0	200	0	0.0	0.0	False
gse175540-GSM5924033_ffpe_c_7	halo	gaussian_500	halo	2000	3	130	0.5	200	0	0.0	0.0	False
gse175540-GSM5924033_ffpe_c_7	halo	gaussian_500	halo	2000	3	130	1.0	200	0	0.0	0.0	False
gse175540-GSM5924033_ffpe_c_7	halo	gaussian_500	halo	4000	3	130	0.5	200	0	0.0	0.0	False
gse175540-GSM5924033_ffpe_c_7	halo	gaussian_500	halo	4000	3	130	1.0	200	0	0.0	0.0	False
gse175540-GSM5924033_ffpe_c_7	halo	mixture	halo	100	0	130	0.5	200	5	0.025	0.009901244217107584	False
gse175540-GSM5924033_ffpe_c_7	halo	mixture	halo	100	0	130	1.0	200	52	0.26	0.2094115409332631	False
gse175540-GSM5924033_ffpe_c_7	halo	mixture	halo	250	1	130	0.5	200	0	0.0	0.0	False
gse175540-GSM5924033_ffpe_c_7	halo	mixture	halo	250	1	130	1.0	200	0	0.0	0.0	False
gse175540-GSM5924033_ffpe_c_7	halo	mixture	halo	500	1	130	0.5	200	0	0.0	0.0	False
gse175540-GSM5924033_ffpe_c_7	halo	mixture	halo	500	1	130	1.0	200	0	0.0	0.0	False
gse175540-GSM5924033_ffpe_c_7	halo	mixture	halo	1000	2	130	0.5	200	0	0.0	0.0	False
gse175540-GSM5924033_ffpe_c_7	halo	mixture	halo	1000	2	130	1.0	200	0	0.0	0.0	False
gse175540-GSM5924033_ffpe_c_7	halo	mixture	halo	2000	3	130	0.5	200	0	0.0	0.0	False
gse175540-GSM5924033_ffpe_c_7	halo	mixture	halo	2000	3	130	1.0	200	0	0.0	0.0	False
gse175540-GSM5924033_ffpe_c_7	halo	mixture	halo	4000	3	130	0.5	200	0	0.0	0.0	False
gse175540-GSM5924033_ffpe_c_7	halo	mixture	halo	4000	3	130	1.0	200	0	0.0	0.0	False
gse175540-GSM5924033_ffpe_c_7	halo	skew_heterogeneous_gradient	halo	100	0	130	0.5	200	15	0.075	0.04679701651463301	False
gse175540-GSM5924033_ffpe_c_7	halo	skew_heterogeneous_gradient	halo	100	0	130	1.0	200	79	0.395	0.33710181456339955	False
gse175540-GSM5924033_ffpe_c_7	halo	skew_heterogeneous_gradient	halo	250	1	130	0.5	200	0	0.0	0.0	False
gse175540-GSM5924033_ffpe_c_7	halo	skew_heterogeneous_gradient	halo	250	1	130	1.0	200	0	0.0	0.0	False
gse175540-GSM5924033_ffpe_c_7	halo	skew_heterogeneous_gradient	halo	500	1	130	0.5	200	0	0.0	0.0	False
gse175540-GSM5924033_ffpe_c_7	halo	skew_heterogeneous_gradient	halo	500	1	130	1.0	200	0	0.0	0.0	False
gse175540-GSM5924033_ffpe_c_7	halo	skew_heterogeneous_gradient	halo	1000	2	130	0.5	200	0	0.0	0.0	False
gse175540-GSM5924033_ffpe_c_7	halo	skew_heterogeneous_gradient	halo	1000	2	130	1.0	200	0	0.0	0.0	False
gse175540-GSM5924033_ffpe_c_7	halo	skew_heterogeneous_gradient	halo	2000	3	130	0.5	200	0	0.0	0.0	False
gse175540-GSM5924033_ffpe_c_7	halo	skew_heterogeneous_gradient	halo	2000	3	130	1.0	200	0	0.0	0.0	False
gse175540-GSM5924033_ffpe_c_7	halo	skew_heterogeneous_gradient	halo	4000	3	130	0.5	200	0	0.0	0.0	False
gse175540-GSM5924033_ffpe_c_7	halo	skew_heterogeneous_gradient	halo	4000	3	130	1.0	200	0	0.0	0.0	False
gse175540-GSM5924035_ffpe_c_20	halo	gaussian_1500	halo	100	0	130	0.5	200	81	0.405	0.3467544340720227	False
gse175540-GSM5924035_ffpe_c_20	halo	gaussian_1500	halo	100	0	130	1.0	200	177	0.885	0.8410232592916256	True
gse175540-GSM5924035_ffpe_c_20	halo	gaussian_1500	halo	250	0	130	0.5	200	17	0.085	0.054883277851866384	False
gse175540-GSM5924035_ffpe_c_20	halo	gaussian_1500	halo	250	0	130	1.0	200	65	0.325	0.2702483829145604	False
gse175540-GSM5924035_ffpe_c_20	halo	gaussian_1500	halo	500	1	130	0.5	200	0	0.0	0.0	False
gse175540-GSM5924035_ffpe_c_20	halo	gaussian_1500	halo	500	1	130	1.0	200	0	0.0	0.0	False
gse175540-GSM5924035_ffpe_c_20	halo	gaussian_1500	halo	1000	2	130	0.5	200	0	0.0	0.0	False
gse175540-GSM5924035_ffpe_c_20	halo	gaussian_1500	halo	1000	2	130	1.0	200	0	0.0	0.0	False
gse175540-GSM5924035_ffpe_c_20	halo	gaussian_1500	halo	2000	3	130	0.5	200	0	0.0	0.0	False
gse175540-GSM5924035_ffpe_c_20	halo	gaussian_1500	halo	2000	3	130	1.0	200	0	0.0	0.0	False
gse175540-GSM5924035_ffpe_c_20	halo	gaussian_1500	halo	4000	4	130	0.5	200	0	0.0	0.0	False
gse175540-GSM5924035_ffpe_c_20	halo	gaussian_1500	halo	4000	4	130	1.0	200	0	0.0	0.0	False
gse175540-GSM5924035_ffpe_c_20	halo	gaussian_150	halo	100	0	130	0.5	200	5	0.025	0.009901244217107584	False
gse175540-GSM5924035_ffpe_c_20	halo	gaussian_150	halo	100	0	130	1.0	200	86	0.43	0.37099216264696777	False
gse175540-GSM5924035_ffpe_c_20	halo	gaussian_150	halo	250	0	130	0.5	200	1	0.005	0.0002564335872234742	False
gse175540-GSM5924035_ffpe_c_20	halo	gaussian_150	halo	250	0	130	1.0	200	17	0.085	0.054883277851866384	False
gse175540-GSM5924035_ffpe_c_20	halo	gaussian_150	halo	500	1	130	0.5	200	0	0.0	0.0	False
gse175540-GSM5924035_ffpe_c_20	halo	gaussian_150	halo	500	1	130	1.0	200	0	0.0	0.0	False
gse175540-GSM5924035_ffpe_c_20	halo	gaussian_150	halo	1000	2	130	0.5	200	0	0.0	0.0	False
gse175540-GSM5924035_ffpe_c_20	halo	gaussian_150	halo	1000	2	130	1.0	200	0	0.0	0.0	False
gse175540-GSM5924035_ffpe_c_20	halo	gaussian_150	halo	2000	3	130	0.5	200	0	0.0	0.0	False
gse175540-GSM5924035_ffpe_c_20	halo	gaussian_150	halo	2000	3	130	1.0	200	0	0.0	0.0	False
gse175540-GSM5924035_ffpe_c_20	halo	gaussian_150	halo	4000	4	130	0.5	200	0	0.0	0.0	False
gse175540-GSM5924035_ffpe_c_20	halo	gaussian_150	halo	4000	4	130	1.0	200	0	0.0	0.0	False
gse175540-GSM5924035_ffpe_c_20	halo	gaussian_4000	halo	100	0	130	0.5	200	160	0.8	0.7477504679917852	False
gse175540-GSM5924035_ffpe_c_20	halo	gaussian_4000	halo	100	0	130	1.0	200	197	0.985	0.9616902915014307	True
gse175540-GSM5924035_ffpe_c_20	halo	gaussian_4000	halo	250	0	130	0.5	200	52	0.26	0.2094115409332631	False
gse175540-GSM5924035_ffpe_c_20	halo	gaussian_4000	halo	250	0	130	1.0	200	117	0.585	0.5245269463245412	False
gse175540-GSM5924035_ffpe_c_20	halo	gaussian_4000	halo	500	1	130	0.5	200	0	0.0	0.0	False
gse175540-GSM5924035_ffpe_c_20	halo	gaussian_4000	halo	500	1	130	1.0	200	0	0.0	0.0	False
gse175540-GSM5924035_ffpe_c_20	halo	gaussian_4000	halo	1000	2	130	0.5	200	0	0.0	0.0	False
gse175540-GSM5924035_ffpe_c_20	halo	gaussian_4000	halo	1000	2	130	1.0	200	0	0.0	0.0	False
gse175540-GSM5924035_ffpe_c_20	halo	gaussian_4000	halo	2000	3	130	0.5	200	0	0.0	0.0	False
gse175540-GSM5924035_ffpe_c_20	halo	gaussian_4000	halo	2000	3	130	1.0	200	0	0.0	0.0	False
gse175540-GSM5924035_ffpe_c_20	halo	gaussian_4000	halo	4000	4	130	0.5	200	0	0.0	0.0	False
gse175540-GSM5924035_ffpe_c_20	halo	gaussian_4000	halo	4000	4	130	1.0	200	0	0.0	0.0	False
gse175540-GSM5924035_ffpe_c_20	halo	gaussian_500	halo	100	0	130	0.5	200	4	0.02	0.006859719101091237	False
gse175540-GSM5924035_ffpe_c_20	halo	gaussian_500	halo	100	0	130	1.0	200	65	0.325	0.2702483829145604	False
gse175540-GSM5924035_ffpe_c_20	halo	gaussian_500	halo	250	0	130	0.5	200	2	0.01	0.0017796814478925685	False
gse175540-GSM5924035_ffpe_c_20	halo	gaussian_500	halo	250	0	130	1.0	200	12	0.06	0.03498213212553194	False
gse175540-GSM5924035_ffpe_c_20	halo	gaussian_500	halo	500	1	130	0.5	200	0	0.0	0.0	False
gse175540-GSM5924035_ffpe_c_20	halo	gaussian_500	halo	500	1	130	1.0	200	0	0.0	0.0	False
gse175540-GSM5924035_ffpe_c_20	halo	gaussian_500	halo	1000	2	130	0.5	200	0	0.0	0.0	False
gse175540-GSM5924035_ffpe_c_20	halo	gaussian_500	halo	1000	2	130	1.0	200	0	0.0	0.0	False
gse175540-GSM5924035_ffpe_c_20	halo	gaussian_500	halo	2000	3	130	0.5	200	0	0.0	0.0	False
gse175540-GSM5924035_ffpe_c_20	halo	gaussian_500	halo	2000	3	130	1.0	200	0	0.0	0.0	False
gse175540-GSM5924035_ffpe_c_20	halo	gaussian_500	halo	4000	4	130	0.5	200	0	0.0	0.0	False
gse175540-GSM5924035_ffpe_c_20	halo	gaussian_500	halo	4000	4	130	1.0	200	0	0.0	0.0	False
gse175540-GSM5924035_ffpe_c_20	halo	mixture	halo	100	0	130	0.5	200	4	0.02	0.006859719101091237	False
gse175540-GSM5924035_ffpe_c_20	halo	mixture	halo	100	0	130	1.0	200	74	0.37	0.3130791960715266	False
gse175540-GSM5924035_ffpe_c_20	halo	mixture	halo	250	0	130	0.5	200	1	0.005	0.0002564335872234742	False
gse175540-GSM5924035_ffpe_c_20	halo	mixture	halo	250	0	130	1.0	200	15	0.075	0.04679701651463301	False
gse175540-GSM5924035_ffpe_c_20	halo	mixture	halo	500	1	130	0.5	200	0	0.0	0.0	False
gse175540-GSM5924035_ffpe_c_20	halo	mixture	halo	500	1	130	1.0	200	0	0.0	0.0	False
gse175540-GSM5924035_ffpe_c_20	halo	mixture	halo	1000	2	130	0.5	200	0	0.0	0.0	False
gse175540-GSM5924035_ffpe_c_20	halo	mixture	halo	1000	2	130	1.0	200	0	0.0	0.0	False
gse175540-GSM5924035_ffpe_c_20	halo	mixture	halo	2000	3	130	0.5	200	0	0.0	0.0	False
gse175540-GSM5924035_ffpe_c_20	halo	mixture	halo	2000	3	130	1.0	200	0	0.0	0.0	False
gse175540-GSM5924035_ffpe_c_20	halo	mixture	halo	4000	4	130	0.5	200	0	0.0	0.0	False
gse175540-GSM5924035_ffpe_c_20	halo	mixture	halo	4000	4	130	1.0	200	0	0.0	0.0	False
gse175540-GSM5924035_ffpe_c_20	halo	skew_heterogeneous_gradient	halo	100	0	130	0.5	200	19	0.095	0.06310551496161292	False
gse175540-GSM5924035_ffpe_c_20	halo	skew_heterogeneous_gradient	halo	100	0	130	1.0	200	114	0.57	0.5094241182607133	False
gse175540-GSM5924035_ffpe_c_20	halo	skew_heterogeneous_gradient	halo	250	0	130	0.5	200	6	0.03	0.01314398708718085	False
gse175540-GSM5924035_ffpe_c_20	halo	skew_heterogeneous_gradient	halo	250	0	130	1.0	200	39	0.195	0.150046608641861	False
gse175540-GSM5924035_ffpe_c_20	halo	skew_heterogeneous_gradient	halo	500	1	130	0.5	200	0	0.0	0.0	False
gse175540-GSM5924035_ffpe_c_20	halo	skew_heterogeneous_gradient	halo	500	1	130	1.0	200	0	0.0	0.0	False
gse175540-GSM5924035_ffpe_c_20	halo	skew_heterogeneous_gradient	halo	1000	2	130	0.5	200	0	0.0	0.0	False
gse175540-GSM5924035_ffpe_c_20	halo	skew_heterogeneous_gradient	halo	1000	2	130	1.0	200	0	0.0	0.0	False
gse175540-GSM5924035_ffpe_c_20	halo	skew_heterogeneous_gradient	halo	2000	3	130	0.5	200	0	0.0	0.0	False
gse175540-GSM5924035_ffpe_c_20	halo	skew_heterogeneous_gradient	halo	2000	3	130	1.0	200	0	0.0	0.0	False
gse175540-GSM5924035_ffpe_c_20	halo	skew_heterogeneous_gradient	halo	4000	4	130	0.5	200	0	0.0	0.0	False
gse175540-GSM5924035_ffpe_c_20	halo	skew_heterogeneous_gradient	halo	4000	4	130	1.0	200	0	0.0	0.0	False
gse175540-GSM5924037_ffpe_c_34	halo	gaussian_1500	halo	100	0	130	0.5	200	0	0.0	0.0	False
gse175540-GSM5924037_ffpe_c_34	halo	gaussian_1500	halo	100	0	130	1.0	200	1	0.005	0.0002564335872234742	False
gse175540-GSM5924037_ffpe_c_34	halo	gaussian_1500	halo	250	1	130	0.5	200	0	0.0	0.0	False
gse175540-GSM5924037_ffpe_c_34	halo	gaussian_1500	halo	250	1	130	1.0	200	0	0.0	0.0	False
gse175540-GSM5924037_ffpe_c_34	halo	gaussian_1500	halo	500	1	130	0.5	200	0	0.0	0.0	False
gse175540-GSM5924037_ffpe_c_34	halo	gaussian_1500	halo	500	1	130	1.0	200	0	0.0	0.0	False
gse175540-GSM5924037_ffpe_c_34	halo	gaussian_1500	halo	1000	2	130	0.5	200	0	0.0	0.0	False
gse175540-GSM5924037_ffpe_c_34	halo	gaussian_1500	halo	1000	2	130	1.0	200	0	0.0	0.0	False
gse175540-GSM5924037_ffpe_c_34	halo	gaussian_1500	halo	2000	3	130	0.5	200	0	0.0	0.0	False
gse175540-GSM5924037_ffpe_c_34	halo	gaussian_1500	halo	2000	3	130	1.0	200	0	0.0	0.0	False
gse175540-GSM5924037_ffpe_c_34	halo	gaussian_1500	halo	4000	4	130	0.5	200	0	0.0	0.0	False
gse175540-GSM5924037_ffpe_c_34	halo	gaussian_1500	halo	4000	4	130	1.0	200	0	0.0	0.0	False
gse175540-GSM5924037_ffpe_c_34	halo	gaussian_150	halo	100	0	130	0.5	200	1	0.005	0.0002564335872234742	False
gse175540-GSM5924037_ffpe_c_34	halo	gaussian_150	halo	100	0	130	1.0	200	11	0.055	0.031146858789654508	False
gse175540-GSM5924037_ffpe_c_34	halo	gaussian_150	halo	250	1	130	0.5	200	0	0.0	0.0	False
gse175540-GSM5924037_ffpe_c_34	halo	gaussian_150	halo	250	1	130	1.0	200	0	0.0	0.0	False
gse175540-GSM5924037_ffpe_c_34	halo	gaussian_150	halo	500	1	130	0.5	200	0	0.0	0.0	False
gse175540-GSM5924037_ffpe_c_34	halo	gaussian_150	halo	500	1	130	1.0	200	0	0.0	0.0	False
gse175540-GSM5924037_ffpe_c_34	halo	gaussian_150	halo	1000	2	130	0.5	200	0	0.0	0.0	False
gse175540-GSM5924037_ffpe_c_34	halo	gaussian_150	halo	1000	2	130	1.0	200	0	0.0	0.0	False
gse175540-GSM5924037_ffpe_c_34	halo	gaussian_150	halo	2000	3	130	0.5	200	0	0.0	0.0	False
gse175540-GSM5924037_ffpe_c_34	halo	gaussian_150	halo	2000	3	130	1.0	200	0	0.0	0.0	False
gse175540-GSM5924037_ffpe_c_34	halo	gaussian_150	halo	4000	4	130	0.5	200	0	0.0	0.0	False
gse175540-GSM5924037_ffpe_c_34	halo	gaussian_150	halo	4000	4	130	1.0	200	0	0.0	0.0	False
gse175540-GSM5924037_ffpe_c_34	halo	gaussian_4000	halo	100	0	130	0.5	200	1	0.005	0.0002564335872234742	False
gse175540-GSM5924037_ffpe_c_34	halo	gaussian_4000	halo	100	0	130	1.0	200	1	0.005	0.0002564335872234742	False
gse175540-GSM5924037_ffpe_c_34	halo	gaussian_4000	halo	250	1	130	0.5	200	0	0.0	0.0	False
gse175540-GSM5924037_ffpe_c_34	halo	gaussian_4000	halo	250	1	130	1.0	200	0	0.0	0.0	False
gse175540-GSM5924037_ffpe_c_34	halo	gaussian_4000	halo	500	1	130	0.5	200	0	0.0	0.0	False
gse175540-GSM5924037_ffpe_c_34	halo	gaussian_4000	halo	500	1	130	1.0	200	0	0.0	0.0	False
gse175540-GSM5924037_ffpe_c_34	halo	gaussian_4000	halo	1000	2	130	0.5	200	0	0.0	0.0	False
gse175540-GSM5924037_ffpe_c_34	halo	gaussian_4000	halo	1000	2	130	1.0	200	0	0.0	0.0	False
gse175540-GSM5924037_ffpe_c_34	halo	gaussian_4000	halo	2000	3	130	0.5	200	0	0.0	0.0	False
gse175540-GSM5924037_ffpe_c_34	halo	gaussian_4000	halo	2000	3	130	1.0	200	0	0.0	0.0	False
gse175540-GSM5924037_ffpe_c_34	halo	gaussian_4000	halo	4000	4	130	0.5	200	0	0.0	0.0	False
gse175540-GSM5924037_ffpe_c_34	halo	gaussian_4000	halo	4000	4	130	1.0	200	0	0.0	0.0	False
gse175540-GSM5924037_ffpe_c_34	halo	gaussian_500	halo	100	0	130	0.5	200	0	0.0	0.0	False
gse175540-GSM5924037_ffpe_c_34	halo	gaussian_500	halo	100	0	130	1.0	200	3	0.015	0.0041006133350699105	False
gse175540-GSM5924037_ffpe_c_34	halo	gaussian_500	halo	250	1	130	0.5	200	0	0.0	0.0	False
gse175540-GSM5924037_ffpe_c_34	halo	gaussian_500	halo	250	1	130	1.0	200	0	0.0	0.0	False
gse175540-GSM5924037_ffpe_c_34	halo	gaussian_500	halo	500	1	130	0.5	200	0	0.0	0.0	False
gse175540-GSM5924037_ffpe_c_34	halo	gaussian_500	halo	500	1	130	1.0	200	0	0.0	0.0	False
gse175540-GSM5924037_ffpe_c_34	halo	gaussian_500	halo	1000	2	130	0.5	200	0	0.0	0.0	False
gse175540-GSM5924037_ffpe_c_34	halo	gaussian_500	halo	1000	2	130	1.0	200	0	0.0	0.0	False
gse175540-GSM5924037_ffpe_c_34	halo	gaussian_500	halo	2000	3	130	0.5	200	0	0.0	0.0	False
gse175540-GSM5924037_ffpe_c_34	halo	gaussian_500	halo	2000	3	130	1.0	200	0	0.0	0.0	False
gse175540-GSM5924037_ffpe_c_34	halo	gaussian_500	halo	4000	4	130	0.5	200	0	0.0	0.0	False
gse175540-GSM5924037_ffpe_c_34	halo	gaussian_500	halo	4000	4	130	1.0	200	0	0.0	0.0	False
gse175540-GSM5924037_ffpe_c_34	halo	mixture	halo	100	0	130	0.5	200	2	0.01	0.0017796814478925685	False
gse175540-GSM5924037_ffpe_c_34	halo	mixture	halo	100	0	130	1.0	200	3	0.015	0.0041006133350699105	False
gse175540-GSM5924037_ffpe_c_34	halo	mixture	halo	250	1	130	0.5	200	0	0.0	0.0	False
gse175540-GSM5924037_ffpe_c_34	halo	mixture	halo	250	1	130	1.0	200	0	0.0	0.0	False
gse175540-GSM5924037_ffpe_c_34	halo	mixture	halo	500	1	130	0.5	200	0	0.0	0.0	False
gse175540-GSM5924037_ffpe_c_34	halo	mixture	halo	500	1	130	1.0	200	0	0.0	0.0	False
gse175540-GSM5924037_ffpe_c_34	halo	mixture	halo	1000	2	130	0.5	200	0	0.0	0.0	False
gse175540-GSM5924037_ffpe_c_34	halo	mixture	halo	1000	2	130	1.0	200	0	0.0	0.0	False
gse175540-GSM5924037_ffpe_c_34	halo	mixture	halo	2000	3	130	0.5	200	0	0.0	0.0	False
gse175540-GSM5924037_ffpe_c_34	halo	mixture	halo	2000	3	130	1.0	200	0	0.0	0.0	False
gse175540-GSM5924037_ffpe_c_34	halo	mixture	halo	4000	4	130	0.5	200	0	0.0	0.0	False
gse175540-GSM5924037_ffpe_c_34	halo	mixture	halo	4000	4	130	1.0	200	0	0.0	0.0	False
gse175540-GSM5924037_ffpe_c_34	halo	skew_heterogeneous_gradient	halo	100	0	130	0.5	200	1	0.005	0.0002564335872234742	False
gse175540-GSM5924037_ffpe_c_34	halo	skew_heterogeneous_gradient	halo	100	0	130	1.0	200	5	0.025	0.009901244217107584	False
gse175540-GSM5924037_ffpe_c_34	halo	skew_heterogeneous_gradient	halo	250	1	130	0.5	200	0	0.0	0.0	False
gse175540-GSM5924037_ffpe_c_34	halo	skew_heterogeneous_gradient	halo	250	1	130	1.0	200	0	0.0	0.0	False
gse175540-GSM5924037_ffpe_c_34	halo	skew_heterogeneous_gradient	halo	500	1	130	0.5	200	0	0.0	0.0	False
gse175540-GSM5924037_ffpe_c_34	halo	skew_heterogeneous_gradient	halo	500	1	130	1.0	200	0	0.0	0.0	False
gse175540-GSM5924037_ffpe_c_34	halo	skew_heterogeneous_gradient	halo	1000	2	130	0.5	200	0	0.0	0.0	False
gse175540-GSM5924037_ffpe_c_34	halo	skew_heterogeneous_gradient	halo	1000	2	130	1.0	200	0	0.0	0.0	False
gse175540-GSM5924037_ffpe_c_34	halo	skew_heterogeneous_gradient	halo	2000	3	130	0.5	200	0	0.0	0.0	False
gse175540-GSM5924037_ffpe_c_34	halo	skew_heterogeneous_gradient	halo	2000	3	130	1.0	200	0	0.0	0.0	False
gse175540-GSM5924037_ffpe_c_34	halo	skew_heterogeneous_gradient	halo	4000	4	130	0.5	200	0	0.0	0.0	False
gse175540-GSM5924037_ffpe_c_34	halo	skew_heterogeneous_gradient	halo	4000	4	130	1.0	200	0	0.0	0.0	False
gse175540-GSM5924038_ffpe_c_36	halo	gaussian_1500	halo	100	0	130	0.5	200	0	0.0	0.0	False
gse175540-GSM5924038_ffpe_c_36	halo	gaussian_1500	halo	100	0	130	1.0	200	2	0.01	0.0017796814478925685	False
gse175540-GSM5924038_ffpe_c_36	halo	gaussian_1500	halo	250	0	130	0.5	200	0	0.0	0.0	False
gse175540-GSM5924038_ffpe_c_36	halo	gaussian_1500	halo	250	0	130	1.0	200	0	0.0	0.0	False
gse175540-GSM5924038_ffpe_c_36	halo	gaussian_1500	halo	500	1	130	0.5	200	0	0.0	0.0	False
gse175540-GSM5924038_ffpe_c_36	halo	gaussian_1500	halo	500	1	130	1.0	200	0	0.0	0.0	False
gse175540-GSM5924038_ffpe_c_36	halo	gaussian_1500	halo	1000	2	130	0.5	200	0	0.0	0.0	False
gse175540-GSM5924038_ffpe_c_36	halo	gaussian_1500	halo	1000	2	130	1.0	200	0	0.0	0.0	False
gse175540-GSM5924038_ffpe_c_36	halo	gaussian_1500	halo	2000	3	130	0.5	200	0	0.0	0.0	False
gse175540-GSM5924038_ffpe_c_36	halo	gaussian_1500	halo	2000	3	130	1.0	200	0	0.0	0.0	False
gse175540-GSM5924038_ffpe_c_36	halo	gaussian_1500	halo	4000	3	130	0.5	200	0	0.0	0.0	False
gse175540-GSM5924038_ffpe_c_36	halo	gaussian_1500	halo	4000	3	130	1.0	200	0	0.0	0.0	False
gse175540-GSM5924038_ffpe_c_36	halo	gaussian_150	halo	100	0	130	0.5	200	1	0.005	0.0002564335872234742	False
gse175540-GSM5924038_ffpe_c_36	halo	gaussian_150	halo	100	0	130	1.0	200	11	0.055	0.031146858789654508	False
gse175540-GSM5924038_ffpe_c_36	halo	gaussian_150	halo	250	0	130	0.5	200	0	0.0	0.0	False
gse175540-GSM5924038_ffpe_c_36	halo	gaussian_150	halo	250	0	130	1.0	200	0	0.0	0.0	False
gse175540-GSM5924038_ffpe_c_36	halo	gaussian_150	halo	500	1	130	0.5	200	0	0.0	0.0	False
gse175540-GSM5924038_ffpe_c_36	halo	gaussian_150	halo	500	1	130	1.0	200	0	0.0	0.0	False
gse175540-GSM5924038_ffpe_c_36	halo	gaussian_150	halo	1000	2	130	0.5	200	0	0.0	0.0	False
gse175540-GSM5924038_ffpe_c_36	halo	gaussian_150	halo	1000	2	130	1.0	200	0	0.0	0.0	False
gse175540-GSM5924038_ffpe_c_36	halo	gaussian_150	halo	2000	3	130	0.5	200	0	0.0	0.0	False
gse175540-GSM5924038_ffpe_c_36	halo	gaussian_150	halo	2000	3	130	1.0	200	0	0.0	0.0	False
gse175540-GSM5924038_ffpe_c_36	halo	gaussian_150	halo	4000	3	130	0.5	200	0	0.0	0.0	False
gse175540-GSM5924038_ffpe_c_36	halo	gaussian_150	halo	4000	3	130	1.0	200	0	0.0	0.0	False
gse175540-GSM5924038_ffpe_c_36	halo	gaussian_4000	halo	100	0	130	0.5	200	0	0.0	0.0	False
gse175540-GSM5924038_ffpe_c_36	halo	gaussian_4000	halo	100	0	130	1.0	200	0	0.0	0.0	False
gse175540-GSM5924038_ffpe_c_36	halo	gaussian_4000	halo	250	0	130	0.5	200	0	0.0	0.0	False
gse175540-GSM5924038_ffpe_c_36	halo	gaussian_4000	halo	250	0	130	1.0	200	0	0.0	0.0	False
gse175540-GSM5924038_ffpe_c_36	halo	gaussian_4000	halo	500	1	130	0.5	200	0	0.0	0.0	False
gse175540-GSM5924038_ffpe_c_36	halo	gaussian_4000	halo	500	1	130	1.0	200	0	0.0	0.0	False
gse175540-GSM5924038_ffpe_c_36	halo	gaussian_4000	halo	1000	2	130	0.5	200	0	0.0	0.0	False
gse175540-GSM5924038_ffpe_c_36	halo	gaussian_4000	halo	1000	2	130	1.0	200	0	0.0	0.0	False
gse175540-GSM5924038_ffpe_c_36	halo	gaussian_4000	halo	2000	3	130	0.5	200	0	0.0	0.0	False
gse175540-GSM5924038_ffpe_c_36	halo	gaussian_4000	halo	2000	3	130	1.0	200	0	0.0	0.0	False
gse175540-GSM5924038_ffpe_c_36	halo	gaussian_4000	halo	4000	3	130	0.5	200	0	0.0	0.0	False
gse175540-GSM5924038_ffpe_c_36	halo	gaussian_4000	halo	4000	3	130	1.0	200	0	0.0	0.0	False
gse175540-GSM5924038_ffpe_c_36	halo	gaussian_500	halo	100	0	130	0.5	200	1	0.005	0.0002564335872234742	False
gse175540-GSM5924038_ffpe_c_36	halo	gaussian_500	halo	100	0	130	1.0	200	4	0.02	0.006859719101091237	False
gse175540-GSM5924038_ffpe_c_36	halo	gaussian_500	halo	250	0	130	0.5	200	0	0.0	0.0	False
gse175540-GSM5924038_ffpe_c_36	halo	gaussian_500	halo	250	0	130	1.0	200	0	0.0	0.0	False
gse175540-GSM5924038_ffpe_c_36	halo	gaussian_500	halo	500	1	130	0.5	200	0	0.0	0.0	False
gse175540-GSM5924038_ffpe_c_36	halo	gaussian_500	halo	500	1	130	1.0	200	0	0.0	0.0	False
gse175540-GSM5924038_ffpe_c_36	halo	gaussian_500	halo	1000	2	130	0.5	200	0	0.0	0.0	False
gse175540-GSM5924038_ffpe_c_36	halo	gaussian_500	halo	1000	2	130	1.0	200	0	0.0	0.0	False
gse175540-GSM5924038_ffpe_c_36	halo	gaussian_500	halo	2000	3	130	0.5	200	0	0.0	0.0	False
gse175540-GSM5924038_ffpe_c_36	halo	gaussian_500	halo	2000	3	130	1.0	200	0	0.0	0.0	False
gse175540-GSM5924038_ffpe_c_36	halo	gaussian_500	halo	4000	3	130	0.5	200	0	0.0	0.0	False
gse175540-GSM5924038_ffpe_c_36	halo	gaussian_500	halo	4000	3	130	1.0	200	0	0.0	0.0	False
gse175540-GSM5924038_ffpe_c_36	halo	mixture	halo	100	0	130	0.5	200	0	0.0	0.0	False
gse175540-GSM5924038_ffpe_c_36	halo	mixture	halo	100	0	130	1.0	200	1	0.005	0.0002564335872234742	False
gse175540-GSM5924038_ffpe_c_36	halo	mixture	halo	250	0	130	0.5	200	0	0.0	0.0	False
gse175540-GSM5924038_ffpe_c_36	halo	mixture	halo	250	0	130	1.0	200	0	0.0	0.0	False
gse175540-GSM5924038_ffpe_c_36	halo	mixture	halo	500	1	130	0.5	200	0	0.0	0.0	False
gse175540-GSM5924038_ffpe_c_36	halo	mixture	halo	500	1	130	1.0	200	0	0.0	0.0	False
gse175540-GSM5924038_ffpe_c_36	halo	mixture	halo	1000	2	130	0.5	200	0	0.0	0.0	False
gse175540-GSM5924038_ffpe_c_36	halo	mixture	halo	1000	2	130	1.0	200	0	0.0	0.0	False
gse175540-GSM5924038_ffpe_c_36	halo	mixture	halo	2000	3	130	0.5	200	0	0.0	0.0	False
gse175540-GSM5924038_ffpe_c_36	halo	mixture	halo	2000	3	130	1.0	200	0	0.0	0.0	False
gse175540-GSM5924038_ffpe_c_36	halo	mixture	halo	4000	3	130	0.5	200	0	0.0	0.0	False
gse175540-GSM5924038_ffpe_c_36	halo	mixture	halo	4000	3	130	1.0	200	0	0.0	0.0	False
gse175540-GSM5924038_ffpe_c_36	halo	skew_heterogeneous_gradient	halo	100	0	130	0.5	200	0	0.0	0.0	False
gse175540-GSM5924038_ffpe_c_36	halo	skew_heterogeneous_gradient	halo	100	0	130	1.0	200	3	0.015	0.0041006133350699105	False
gse175540-GSM5924038_ffpe_c_36	halo	skew_heterogeneous_gradient	halo	250	0	130	0.5	200	0	0.0	0.0	False
gse175540-GSM5924038_ffpe_c_36	halo	skew_heterogeneous_gradient	halo	250	0	130	1.0	200	0	0.0	0.0	False
gse175540-GSM5924038_ffpe_c_36	halo	skew_heterogeneous_gradient	halo	500	1	130	0.5	200	0	0.0	0.0	False
gse175540-GSM5924038_ffpe_c_36	halo	skew_heterogeneous_gradient	halo	500	1	130	1.0	200	0	0.0	0.0	False
gse175540-GSM5924038_ffpe_c_36	halo	skew_heterogeneous_gradient	halo	1000	2	130	0.5	200	0	0.0	0.0	False
gse175540-GSM5924038_ffpe_c_36	halo	skew_heterogeneous_gradient	halo	1000	2	130	1.0	200	0	0.0	0.0	False
gse175540-GSM5924038_ffpe_c_36	halo	skew_heterogeneous_gradient	halo	2000	3	130	0.5	200	0	0.0	0.0	False
gse175540-GSM5924038_ffpe_c_36	halo	skew_heterogeneous_gradient	halo	2000	3	130	1.0	200	0	0.0	0.0	False
gse175540-GSM5924038_ffpe_c_36	halo	skew_heterogeneous_gradient	halo	4000	3	130	0.5	200	0	0.0	0.0	False
gse175540-GSM5924038_ffpe_c_36	halo	skew_heterogeneous_gradient	halo	4000	3	130	1.0	200	0	0.0	0.0	False
gse175540-GSM5924039_ffpe_c_39	halo	gaussian_1500	halo	100	1	130	0.5	200	0	0.0	0.0	False
gse175540-GSM5924039_ffpe_c_39	halo	gaussian_1500	halo	100	1	130	1.0	200	0	0.0	0.0	False
gse175540-GSM5924039_ffpe_c_39	halo	gaussian_1500	halo	250	1	130	0.5	200	0	0.0	0.0	False
gse175540-GSM5924039_ffpe_c_39	halo	gaussian_1500	halo	250	1	130	1.0	200	0	0.0	0.0	False
gse175540-GSM5924039_ffpe_c_39	halo	gaussian_1500	halo	500	1	130	0.5	200	0	0.0	0.0	False
gse175540-GSM5924039_ffpe_c_39	halo	gaussian_1500	halo	500	1	130	1.0	200	0	0.0	0.0	False
gse175540-GSM5924039_ffpe_c_39	halo	gaussian_1500	halo	1000	2	130	0.5	200	0	0.0	0.0	False
gse175540-GSM5924039_ffpe_c_39	halo	gaussian_1500	halo	1000	2	130	1.0	200	0	0.0	0.0	False
gse175540-GSM5924039_ffpe_c_39	halo	gaussian_1500	halo	2000	3	130	0.5	200	0	0.0	0.0	False
gse175540-GSM5924039_ffpe_c_39	halo	gaussian_1500	halo	2000	3	130	1.0	200	0	0.0	0.0	False
gse175540-GSM5924039_ffpe_c_39	halo	gaussian_1500	halo	4000	4	130	0.5	200	0	0.0	0.0	False
gse175540-GSM5924039_ffpe_c_39	halo	gaussian_1500	halo	4000	4	130	1.0	200	0	0.0	0.0	False
gse175540-GSM5924039_ffpe_c_39	halo	gaussian_150	halo	100	1	130	0.5	200	0	0.0	0.0	False
gse175540-GSM5924039_ffpe_c_39	halo	gaussian_150	halo	100	1	130	1.0	200	0	0.0	0.0	False
gse175540-GSM5924039_ffpe_c_39	halo	gaussian_150	halo	250	1	130	0.5	200	0	0.0	0.0	False
gse175540-GSM5924039_ffpe_c_39	halo	gaussian_150	halo	250	1	130	1.0	200	0	0.0	0.0	False
gse175540-GSM5924039_ffpe_c_39	halo	gaussian_150	halo	500	1	130	0.5	200	0	0.0	0.0	False
gse175540-GSM5924039_ffpe_c_39	halo	gaussian_150	halo	500	1	130	1.0	200	0	0.0	0.0	False
gse175540-GSM5924039_ffpe_c_39	halo	gaussian_150	halo	1000	2	130	0.5	200	0	0.0	0.0	False
gse175540-GSM5924039_ffpe_c_39	halo	gaussian_150	halo	1000	2	130	1.0	200	0	0.0	0.0	False
gse175540-GSM5924039_ffpe_c_39	halo	gaussian_150	halo	2000	3	130	0.5	200	0	0.0	0.0	False
gse175540-GSM5924039_ffpe_c_39	halo	gaussian_150	halo	2000	3	130	1.0	200	0	0.0	0.0	False
gse175540-GSM5924039_ffpe_c_39	halo	gaussian_150	halo	4000	4	130	0.5	200	0	0.0	0.0	False
gse175540-GSM5924039_ffpe_c_39	halo	gaussian_150	halo	4000	4	130	1.0	200	0	0.0	0.0	False
gse175540-GSM5924039_ffpe_c_39	halo	gaussian_4000	halo	100	1	130	0.5	200	0	0.0	0.0	False
gse175540-GSM5924039_ffpe_c_39	halo	gaussian_4000	halo	100	1	130	1.0	200	0	0.0	0.0	False
gse175540-GSM5924039_ffpe_c_39	halo	gaussian_4000	halo	250	1	130	0.5	200	0	0.0	0.0	False
gse175540-GSM5924039_ffpe_c_39	halo	gaussian_4000	halo	250	1	130	1.0	200	0	0.0	0.0	False
gse175540-GSM5924039_ffpe_c_39	halo	gaussian_4000	halo	500	1	130	0.5	200	0	0.0	0.0	False
gse175540-GSM5924039_ffpe_c_39	halo	gaussian_4000	halo	500	1	130	1.0	200	0	0.0	0.0	False
gse175540-GSM5924039_ffpe_c_39	halo	gaussian_4000	halo	1000	2	130	0.5	200	0	0.0	0.0	False
gse175540-GSM5924039_ffpe_c_39	halo	gaussian_4000	halo	1000	2	130	1.0	200	0	0.0	0.0	False
gse175540-GSM5924039_ffpe_c_39	halo	gaussian_4000	halo	2000	3	130	0.5	200	0	0.0	0.0	False
gse175540-GSM5924039_ffpe_c_39	halo	gaussian_4000	halo	2000	3	130	1.0	200	0	0.0	0.0	False
gse175540-GSM5924039_ffpe_c_39	halo	gaussian_4000	halo	4000	4	130	0.5	200	0	0.0	0.0	False
gse175540-GSM5924039_ffpe_c_39	halo	gaussian_4000	halo	4000	4	130	1.0	200	0	0.0	0.0	False
gse175540-GSM5924039_ffpe_c_39	halo	gaussian_500	halo	100	1	130	0.5	200	0	0.0	0.0	False
gse175540-GSM5924039_ffpe_c_39	halo	gaussian_500	halo	100	1	130	1.0	200	0	0.0	0.0	False
gse175540-GSM5924039_ffpe_c_39	halo	gaussian_500	halo	250	1	130	0.5	200	0	0.0	0.0	False
gse175540-GSM5924039_ffpe_c_39	halo	gaussian_500	halo	250	1	130	1.0	200	0	0.0	0.0	False
gse175540-GSM5924039_ffpe_c_39	halo	gaussian_500	halo	500	1	130	0.5	200	0	0.0	0.0	False
gse175540-GSM5924039_ffpe_c_39	halo	gaussian_500	halo	500	1	130	1.0	200	0	0.0	0.0	False
gse175540-GSM5924039_ffpe_c_39	halo	gaussian_500	halo	1000	2	130	0.5	200	0	0.0	0.0	False
gse175540-GSM5924039_ffpe_c_39	halo	gaussian_500	halo	1000	2	130	1.0	200	0	0.0	0.0	False
gse175540-GSM5924039_ffpe_c_39	halo	gaussian_500	halo	2000	3	130	0.5	200	0	0.0	0.0	False
gse175540-GSM5924039_ffpe_c_39	halo	gaussian_500	halo	2000	3	130	1.0	200	0	0.0	0.0	False
gse175540-GSM5924039_ffpe_c_39	halo	gaussian_500	halo	4000	4	130	0.5	200	0	0.0	0.0	False
gse175540-GSM5924039_ffpe_c_39	halo	gaussian_500	halo	4000	4	130	1.0	200	0	0.0	0.0	False
gse175540-GSM5924039_ffpe_c_39	halo	mixture	halo	100	1	130	0.5	200	0	0.0	0.0	False
gse175540-GSM5924039_ffpe_c_39	halo	mixture	halo	100	1	130	1.0	200	0	0.0	0.0	False
gse175540-GSM5924039_ffpe_c_39	halo	mixture	halo	250	1	130	0.5	200	0	0.0	0.0	False
gse175540-GSM5924039_ffpe_c_39	halo	mixture	halo	250	1	130	1.0	200	0	0.0	0.0	False
gse175540-GSM5924039_ffpe_c_39	halo	mixture	halo	500	1	130	0.5	200	0	0.0	0.0	False
gse175540-GSM5924039_ffpe_c_39	halo	mixture	halo	500	1	130	1.0	200	0	0.0	0.0	False
gse175540-GSM5924039_ffpe_c_39	halo	mixture	halo	1000	2	130	0.5	200	0	0.0	0.0	False
gse175540-GSM5924039_ffpe_c_39	halo	mixture	halo	1000	2	130	1.0	200	0	0.0	0.0	False
gse175540-GSM5924039_ffpe_c_39	halo	mixture	halo	2000	3	130	0.5	200	0	0.0	0.0	False
gse175540-GSM5924039_ffpe_c_39	halo	mixture	halo	2000	3	130	1.0	200	0	0.0	0.0	False
gse175540-GSM5924039_ffpe_c_39	halo	mixture	halo	4000	4	130	0.5	200	0	0.0	0.0	False
gse175540-GSM5924039_ffpe_c_39	halo	mixture	halo	4000	4	130	1.0	200	0	0.0	0.0	False
gse175540-GSM5924039_ffpe_c_39	halo	skew_heterogeneous_gradient	halo	100	1	130	0.5	200	0	0.0	0.0	False
gse175540-GSM5924039_ffpe_c_39	halo	skew_heterogeneous_gradient	halo	100	1	130	1.0	200	0	0.0	0.0	False
gse175540-GSM5924039_ffpe_c_39	halo	skew_heterogeneous_gradient	halo	250	1	130	0.5	200	0	0.0	0.0	False
gse175540-GSM5924039_ffpe_c_39	halo	skew_heterogeneous_gradient	halo	250	1	130	1.0	200	0	0.0	0.0	False
gse175540-GSM5924039_ffpe_c_39	halo	skew_heterogeneous_gradient	halo	500	1	130	0.5	200	0	0.0	0.0	False
gse175540-GSM5924039_ffpe_c_39	halo	skew_heterogeneous_gradient	halo	500	1	130	1.0	200	0	0.0	0.0	False
gse175540-GSM5924039_ffpe_c_39	halo	skew_heterogeneous_gradient	halo	1000	2	130	0.5	200	0	0.0	0.0	False
gse175540-GSM5924039_ffpe_c_39	halo	skew_heterogeneous_gradient	halo	1000	2	130	1.0	200	0	0.0	0.0	False
gse175540-GSM5924039_ffpe_c_39	halo	skew_heterogeneous_gradient	halo	2000	3	130	0.5	200	0	0.0	0.0	False
gse175540-GSM5924039_ffpe_c_39	halo	skew_heterogeneous_gradient	halo	2000	3	130	1.0	200	0	0.0	0.0	False
gse175540-GSM5924039_ffpe_c_39	halo	skew_heterogeneous_gradient	halo	4000	4	130	0.5	200	0	0.0	0.0	False
gse175540-GSM5924039_ffpe_c_39	halo	skew_heterogeneous_gradient	halo	4000	4	130	1.0	200	0	0.0	0.0	False
gse175540-GSM5924040_ffpe_c_45	halo	gaussian_1500	halo	100	1	130	0.5	200	0	0.0	0.0	False
gse175540-GSM5924040_ffpe_c_45	halo	gaussian_1500	halo	100	1	130	1.0	200	0	0.0	0.0	False
gse175540-GSM5924040_ffpe_c_45	halo	gaussian_1500	halo	250	1	130	0.5	200	0	0.0	0.0	False
gse175540-GSM5924040_ffpe_c_45	halo	gaussian_1500	halo	250	1	130	1.0	200	0	0.0	0.0	False
gse175540-GSM5924040_ffpe_c_45	halo	gaussian_1500	halo	500	1	130	0.5	200	0	0.0	0.0	False
gse175540-GSM5924040_ffpe_c_45	halo	gaussian_1500	halo	500	1	130	1.0	200	0	0.0	0.0	False
gse175540-GSM5924040_ffpe_c_45	halo	gaussian_1500	halo	1000	2	130	0.5	200	0	0.0	0.0	False
gse175540-GSM5924040_ffpe_c_45	halo	gaussian_1500	halo	1000	2	130	1.0	200	0	0.0	0.0	False
gse175540-GSM5924040_ffpe_c_45	halo	gaussian_1500	halo	2000	3	130	0.5	200	0	0.0	0.0	False
gse175540-GSM5924040_ffpe_c_45	halo	gaussian_1500	halo	2000	3	130	1.0	200	0	0.0	0.0	False
gse175540-GSM5924040_ffpe_c_45	halo	gaussian_1500	halo	4000	4	130	0.5	200	0	0.0	0.0	False
gse175540-GSM5924040_ffpe_c_45	halo	gaussian_1500	halo	4000	4	130	1.0	200	0	0.0	0.0	False
gse175540-GSM5924040_ffpe_c_45	halo	gaussian_150	halo	100	1	130	0.5	200	0	0.0	0.0	False
gse175540-GSM5924040_ffpe_c_45	halo	gaussian_150	halo	100	1	130	1.0	200	0	0.0	0.0	False
gse175540-GSM5924040_ffpe_c_45	halo	gaussian_150	halo	250	1	130	0.5	200	0	0.0	0.0	False
gse175540-GSM5924040_ffpe_c_45	halo	gaussian_150	halo	250	1	130	1.0	200	0	0.0	0.0	False
gse175540-GSM5924040_ffpe_c_45	halo	gaussian_150	halo	500	1	130	0.5	200	0	0.0	0.0	False
gse175540-GSM5924040_ffpe_c_45	halo	gaussian_150	halo	500	1	130	1.0	200	0	0.0	0.0	False
gse175540-GSM5924040_ffpe_c_45	halo	gaussian_150	halo	1000	2	130	0.5	200	0	0.0	0.0	False
gse175540-GSM5924040_ffpe_c_45	halo	gaussian_150	halo	1000	2	130	1.0	200	0	0.0	0.0	False
gse175540-GSM5924040_ffpe_c_45	halo	gaussian_150	halo	2000	3	130	0.5	200	0	0.0	0.0	False
gse175540-GSM5924040_ffpe_c_45	halo	gaussian_150	halo	2000	3	130	1.0	200	0	0.0	0.0	False
gse175540-GSM5924040_ffpe_c_45	halo	gaussian_150	halo	4000	4	130	0.5	200	0	0.0	0.0	False
gse175540-GSM5924040_ffpe_c_45	halo	gaussian_150	halo	4000	4	130	1.0	200	0	0.0	0.0	False
gse175540-GSM5924040_ffpe_c_45	halo	gaussian_4000	halo	100	1	130	0.5	200	0	0.0	0.0	False
gse175540-GSM5924040_ffpe_c_45	halo	gaussian_4000	halo	100	1	130	1.0	200	0	0.0	0.0	False
gse175540-GSM5924040_ffpe_c_45	halo	gaussian_4000	halo	250	1	130	0.5	200	0	0.0	0.0	False
gse175540-GSM5924040_ffpe_c_45	halo	gaussian_4000	halo	250	1	130	1.0	200	0	0.0	0.0	False
gse175540-GSM5924040_ffpe_c_45	halo	gaussian_4000	halo	500	1	130	0.5	200	0	0.0	0.0	False
gse175540-GSM5924040_ffpe_c_45	halo	gaussian_4000	halo	500	1	130	1.0	200	0	0.0	0.0	False
gse175540-GSM5924040_ffpe_c_45	halo	gaussian_4000	halo	1000	2	130	0.5	200	0	0.0	0.0	False
gse175540-GSM5924040_ffpe_c_45	halo	gaussian_4000	halo	1000	2	130	1.0	200	0	0.0	0.0	False
gse175540-GSM5924040_ffpe_c_45	halo	gaussian_4000	halo	2000	3	130	0.5	200	0	0.0	0.0	False
gse175540-GSM5924040_ffpe_c_45	halo	gaussian_4000	halo	2000	3	130	1.0	200	0	0.0	0.0	False
gse175540-GSM5924040_ffpe_c_45	halo	gaussian_4000	halo	4000	4	130	0.5	200	0	0.0	0.0	False
gse175540-GSM5924040_ffpe_c_45	halo	gaussian_4000	halo	4000	4	130	1.0	200	0	0.0	0.0	False
gse175540-GSM5924040_ffpe_c_45	halo	gaussian_500	halo	100	1	130	0.5	200	0	0.0	0.0	False
gse175540-GSM5924040_ffpe_c_45	halo	gaussian_500	halo	100	1	130	1.0	200	0	0.0	0.0	False
gse175540-GSM5924040_ffpe_c_45	halo	gaussian_500	halo	250	1	130	0.5	200	0	0.0	0.0	False
gse175540-GSM5924040_ffpe_c_45	halo	gaussian_500	halo	250	1	130	1.0	200	0	0.0	0.0	False
gse175540-GSM5924040_ffpe_c_45	halo	gaussian_500	halo	500	1	130	0.5	200	0	0.0	0.0	False
gse175540-GSM5924040_ffpe_c_45	halo	gaussian_500	halo	500	1	130	1.0	200	0	0.0	0.0	False
gse175540-GSM5924040_ffpe_c_45	halo	gaussian_500	halo	1000	2	130	0.5	200	0	0.0	0.0	False
gse175540-GSM5924040_ffpe_c_45	halo	gaussian_500	halo	1000	2	130	1.0	200	0	0.0	0.0	False
gse175540-GSM5924040_ffpe_c_45	halo	gaussian_500	halo	2000	3	130	0.5	200	0	0.0	0.0	False
gse175540-GSM5924040_ffpe_c_45	halo	gaussian_500	halo	2000	3	130	1.0	200	0	0.0	0.0	False
gse175540-GSM5924040_ffpe_c_45	halo	gaussian_500	halo	4000	4	130	0.5	200	0	0.0	0.0	False
gse175540-GSM5924040_ffpe_c_45	halo	gaussian_500	halo	4000	4	130	1.0	200	0	0.0	0.0	False
gse175540-GSM5924040_ffpe_c_45	halo	mixture	halo	100	1	130	0.5	200	0	0.0	0.0	False
gse175540-GSM5924040_ffpe_c_45	halo	mixture	halo	100	1	130	1.0	200	0	0.0	0.0	False
gse175540-GSM5924040_ffpe_c_45	halo	mixture	halo	250	1	130	0.5	200	0	0.0	0.0	False
gse175540-GSM5924040_ffpe_c_45	halo	mixture	halo	250	1	130	1.0	200	0	0.0	0.0	False
gse175540-GSM5924040_ffpe_c_45	halo	mixture	halo	500	1	130	0.5	200	0	0.0	0.0	False
gse175540-GSM5924040_ffpe_c_45	halo	mixture	halo	500	1	130	1.0	200	0	0.0	0.0	False
gse175540-GSM5924040_ffpe_c_45	halo	mixture	halo	1000	2	130	0.5	200	0	0.0	0.0	False
gse175540-GSM5924040_ffpe_c_45	halo	mixture	halo	1000	2	130	1.0	200	0	0.0	0.0	False
gse175540-GSM5924040_ffpe_c_45	halo	mixture	halo	2000	3	130	0.5	200	0	0.0	0.0	False
gse175540-GSM5924040_ffpe_c_45	halo	mixture	halo	2000	3	130	1.0	200	0	0.0	0.0	False
gse175540-GSM5924040_ffpe_c_45	halo	mixture	halo	4000	4	130	0.5	200	0	0.0	0.0	False
gse175540-GSM5924040_ffpe_c_45	halo	mixture	halo	4000	4	130	1.0	200	0	0.0	0.0	False
gse175540-GSM5924040_ffpe_c_45	halo	skew_heterogeneous_gradient	halo	100	1	130	0.5	200	0	0.0	0.0	False
gse175540-GSM5924040_ffpe_c_45	halo	skew_heterogeneous_gradient	halo	100	1	130	1.0	200	0	0.0	0.0	False
gse175540-GSM5924040_ffpe_c_45	halo	skew_heterogeneous_gradient	halo	250	1	130	0.5	200	0	0.0	0.0	False
gse175540-GSM5924040_ffpe_c_45	halo	skew_heterogeneous_gradient	halo	250	1	130	1.0	200	0	0.0	0.0	False
gse175540-GSM5924040_ffpe_c_45	halo	skew_heterogeneous_gradient	halo	500	1	130	0.5	200	0	0.0	0.0	False
gse175540-GSM5924040_ffpe_c_45	halo	skew_heterogeneous_gradient	halo	500	1	130	1.0	200	0	0.0	0.0	False
gse175540-GSM5924040_ffpe_c_45	halo	skew_heterogeneous_gradient	halo	1000	2	130	0.5	200	0	0.0	0.0	False
gse175540-GSM5924040_ffpe_c_45	halo	skew_heterogeneous_gradient	halo	1000	2	130	1.0	200	0	0.0	0.0	False
gse175540-GSM5924040_ffpe_c_45	halo	skew_heterogeneous_gradient	halo	2000	3	130	0.5	200	0	0.0	0.0	False
gse175540-GSM5924040_ffpe_c_45	halo	skew_heterogeneous_gradient	halo	2000	3	130	1.0	200	0	0.0	0.0	False
gse175540-GSM5924040_ffpe_c_45	halo	skew_heterogeneous_gradient	halo	4000	4	130	0.5	200	0	0.0	0.0	False
gse175540-GSM5924040_ffpe_c_45	halo	skew_heterogeneous_gradient	halo	4000	4	130	1.0	200	0	0.0	0.0	False
gse175540-GSM5924041_ffpe_c_51	halo	gaussian_1500	halo	100	0	130	0.5	200	82	0.41	0.3515899143064052	False
gse175540-GSM5924041_ffpe_c_51	halo	gaussian_1500	halo	100	0	130	1.0	200	166	0.83	0.7801972462204539	False
gse175540-GSM5924041_ffpe_c_51	halo	gaussian_1500	halo	250	0	130	0.5	200	13	0.065	0.03887271590942304	False
gse175540-GSM5924041_ffpe_c_51	halo	gaussian_1500	halo	250	0	130	1.0	200	70	0.35	0.2939763936794282	False
gse175540-GSM5924041_ffpe_c_51	halo	gaussian_1500	halo	500	1	130	0.5	200	0	0.0	0.0	False
gse175540-GSM5924041_ffpe_c_51	halo	gaussian_1500	halo	500	1	130	1.0	200	0	0.0	0.0	False
gse175540-GSM5924041_ffpe_c_51	halo	gaussian_1500	halo	1000	2	130	0.5	200	0	0.0	0.0	False
gse175540-GSM5924041_ffpe_c_51	halo	gaussian_1500	halo	1000	2	130	1.0	200	0	0.0	0.0	False
gse175540-GSM5924041_ffpe_c_51	halo	gaussian_1500	halo	2000	3	130	0.5	200	0	0.0	0.0	False
gse175540-GSM5924041_ffpe_c_51	halo	gaussian_1500	halo	2000	3	130	1.0	200	0	0.0	0.0	False
gse175540-GSM5924041_ffpe_c_51	halo	gaussian_1500	halo	4000	4	130	0.5	200	0	0.0	0.0	False
gse175540-GSM5924041_ffpe_c_51	halo	gaussian_1500	halo	4000	4	130	1.0	200	0	0.0	0.0	False
gse175540-GSM5924041_ffpe_c_51	halo	gaussian_150	halo	100	0	130	0.5	200	13	0.065	0.03887271590942304	False
gse175540-GSM5924041_ffpe_c_51	halo	gaussian_150	halo	100	0	130	1.0	200	106	0.53	0.4694088993658029	False
gse175540-GSM5924041_ffpe_c_51	halo	gaussian_150	halo	250	0	130	0.5	200	2	0.01	0.0017796814478925685	False
gse175540-GSM5924041_ffpe_c_51	halo	gaussian_150	halo	250	0	130	1.0	200	25	0.125	0.08841630122855551	False
gse175540-GSM5924041_ffpe_c_51	halo	gaussian_150	halo	500	1	130	0.5	200	0	0.0	0.0	False
gse175540-GSM5924041_ffpe_c_51	halo	gaussian_150	halo	500	1	130	1.0	200	0	0.0	0.0	False
gse175540-GSM5924041_ffpe_c_51	halo	gaussian_150	halo	1000	2	130	0.5	200	0	0.0	0.0	False
gse175540-GSM5924041_ffpe_c_51	halo	gaussian_150	halo	1000	2	130	1.0	200	0	0.0	0.0	False
gse175540-GSM5924041_ffpe_c_51	halo	gaussian_150	halo	2000	3	130	0.5	200	0	0.0	0.0	False
gse175540-GSM5924041_ffpe_c_51	halo	gaussian_150	halo	2000	3	130	1.0	200	0	0.0	0.0	False
gse175540-GSM5924041_ffpe_c_51	halo	gaussian_150	halo	4000	4	130	0.5	200	0	0.0	0.0	False
gse175540-GSM5924041_ffpe_c_51	halo	gaussian_150	halo	4000	4	130	1.0	200	0	0.0	0.0	False
gse175540-GSM5924041_ffpe_c_51	halo	gaussian_4000	halo	100	0	130	0.5	200	114	0.57	0.5094241182607133	False
gse175540-GSM5924041_ffpe_c_51	halo	gaussian_4000	halo	100	0	130	1.0	200	175	0.875	0.8298072741246233	True
gse175540-GSM5924041_ffpe_c_51	halo	gaussian_4000	halo	250	0	130	0.5	200	24	0.12	0.0841401228766342	False
gse175540-GSM5924041_ffpe_c_51	halo	gaussian_4000	halo	250	0	130	1.0	200	90	0.45	0.39048955032686955	False
gse175540-GSM5924041_ffpe_c_51	halo	gaussian_4000	halo	500	1	130	0.5	200	0	0.0	0.0	False
gse175540-GSM5924041_ffpe_c_51	halo	gaussian_4000	halo	500	1	130	1.0	200	0	0.0	0.0	False
gse175540-GSM5924041_ffpe_c_51	halo	gaussian_4000	halo	1000	2	130	0.5	200	0	0.0	0.0	False
gse175540-GSM5924041_ffpe_c_51	halo	gaussian_4000	halo	1000	2	130	1.0	200	0	0.0	0.0	False
gse175540-GSM5924041_ffpe_c_51	halo	gaussian_4000	halo	2000	3	130	0.5	200	0	0.0	0.0	False
gse175540-GSM5924041_ffpe_c_51	halo	gaussian_4000	halo	2000	3	130	1.0	200	0	0.0	0.0	False
gse175540-GSM5924041_ffpe_c_51	halo	gaussian_4000	halo	4000	4	130	0.5	200	0	0.0	0.0	False
gse175540-GSM5924041_ffpe_c_51	halo	gaussian_4000	halo	4000	4	130	1.0	200	0	0.0	0.0	False
gse175540-GSM5924041_ffpe_c_51	halo	gaussian_500	halo	100	0	130	0.5	200	21	0.105	0.07144443546847488	False
gse175540-GSM5924041_ffpe_c_51	halo	gaussian_500	halo	100	0	130	1.0	200	122	0.61	0.5498188144336942	False
gse175540-GSM5924041_ffpe_c_51	halo	gaussian_500	halo	250	0	130	0.5	200	9	0.045	0.023673576156510508	False
gse175540-GSM5924041_ffpe_c_51	halo	gaussian_500	halo	250	0	130	1.0	200	44	0.22	0.172678995061986	False
gse175540-GSM5924041_ffpe_c_51	halo	gaussian_500	halo	500	1	130	0.5	200	0	0.0	0.0	False
gse175540-GSM5924041_ffpe_c_51	halo	gaussian_500	halo	500	1	130	1.0	200	0	0.0	0.0	False
gse175540-GSM5924041_ffpe_c_51	halo	gaussian_500	halo	1000	2	130	0.5	200	0	0.0	0.0	False
gse175540-GSM5924041_ffpe_c_51	halo	gaussian_500	halo	1000	2	130	1.0	200	0	0.0	0.0	False
gse175540-GSM5924041_ffpe_c_51	halo	gaussian_500	halo	2000	3	130	0.5	200	0	0.0	0.0	False
gse175540-GSM5924041_ffpe_c_51	halo	gaussian_500	halo	2000	3	130	1.0	200	0	0.0	0.0	False
gse175540-GSM5924041_ffpe_c_51	halo	gaussian_500	halo	4000	4	130	0.5	200	0	0.0	0.0	False
gse175540-GSM5924041_ffpe_c_51	halo	gaussian_500	halo	4000	4	130	1.0	200	0	0.0	0.0	False
gse175540-GSM5924041_ffpe_c_51	halo	mixture	halo	100	0	130	0.5	200	15	0.075	0.04679701651463301	False
gse175540-GSM5924041_ffpe_c_51	halo	mixture	halo	100	0	130	1.0	200	106	0.53	0.4694088993658029	False
gse175540-GSM5924041_ffpe_c_51	halo	mixture	halo	250	0	130	0.5	200	7	0.035	0.01653963501789509	False
gse175540-GSM5924041_ffpe_c_51	halo	mixture	halo	250	0	130	1.0	200	35	0.175	0.13214961554582152	False
gse175540-GSM5924041_ffpe_c_51	halo	mixture	halo	500	1	130	0.5	200	0	0.0	0.0	False
gse175540-GSM5924041_ffpe_c_51	halo	mixture	halo	500	1	130	1.0	200	0	0.0	0.0	False
gse175540-GSM5924041_ffpe_c_51	halo	mixture	halo	1000	2	130	0.5	200	0	0.0	0.0	False
gse175540-GSM5924041_ffpe_c_51	halo	mixture	halo	1000	2	130	1.0	200	0	0.0	0.0	False
gse175540-GSM5924041_ffpe_c_51	halo	mixture	halo	2000	3	130	0.5	200	0	0.0	0.0	False
gse175540-GSM5924041_ffpe_c_51	halo	mixture	halo	2000	3	130	1.0	200	0	0.0	0.0	False
gse175540-GSM5924041_ffpe_c_51	halo	mixture	halo	4000	4	130	0.5	200	0	0.0	0.0	False
gse175540-GSM5924041_ffpe_c_51	halo	mixture	halo	4000	4	130	1.0	200	0	0.0	0.0	False
gse175540-GSM5924041_ffpe_c_51	halo	skew_heterogeneous_gradient	halo	100	0	130	0.5	200	27	0.135	0.0970282455614178	False
gse175540-GSM5924041_ffpe_c_51	halo	skew_heterogeneous_gradient	halo	100	0	130	1.0	200	120	0.6	0.5396837953697727	False
gse175540-GSM5924041_ffpe_c_51	halo	skew_heterogeneous_gradient	halo	250	0	130	0.5	200	11	0.055	0.031146858789654508	False
gse175540-GSM5924041_ffpe_c_51	halo	skew_heterogeneous_gradient	halo	250	0	130	1.0	200	56	0.28	0.22798997309707106	False
gse175540-GSM5924041_ffpe_c_51	halo	skew_heterogeneous_gradient	halo	500	1	130	0.5	200	0	0.0	0.0	False
gse175540-GSM5924041_ffpe_c_51	halo	skew_heterogeneous_gradient	halo	500	1	130	1.0	200	0	0.0	0.0	False
gse175540-GSM5924041_ffpe_c_51	halo	skew_heterogeneous_gradient	halo	1000	2	130	0.5	200	0	0.0	0.0	False
gse175540-GSM5924041_ffpe_c_51	halo	skew_heterogeneous_gradient	halo	1000	2	130	1.0	200	0	0.0	0.0	False
gse175540-GSM5924041_ffpe_c_51	halo	skew_heterogeneous_gradient	halo	2000	3	130	0.5	200	0	0.0	0.0	False
gse175540-GSM5924041_ffpe_c_51	halo	skew_heterogeneous_gradient	halo	2000	3	130	1.0	200	0	0.0	0.0	False
gse175540-GSM5924041_ffpe_c_51	halo	skew_heterogeneous_gradient	halo	4000	4	130	0.5	200	0	0.0	0.0	False
gse175540-GSM5924041_ffpe_c_51	halo	skew_heterogeneous_gradient	halo	4000	4	130	1.0	200	0	0.0	0.0	False
gse175540-GSM5924044_frozen_a_15	halo	gaussian_1500	halo	100	1	130	0.5	200	0	0.0	0.0	False
gse175540-GSM5924044_frozen_a_15	halo	gaussian_1500	halo	100	1	130	1.0	200	0	0.0	0.0	False
gse175540-GSM5924044_frozen_a_15	halo	gaussian_1500	halo	250	1	130	0.5	200	0	0.0	0.0	False
gse175540-GSM5924044_frozen_a_15	halo	gaussian_1500	halo	250	1	130	1.0	200	0	0.0	0.0	False
gse175540-GSM5924044_frozen_a_15	halo	gaussian_1500	halo	500	1	130	0.5	200	0	0.0	0.0	False
gse175540-GSM5924044_frozen_a_15	halo	gaussian_1500	halo	500	1	130	1.0	200	0	0.0	0.0	False
gse175540-GSM5924044_frozen_a_15	halo	gaussian_1500	halo	1000	2	130	0.5	200	0	0.0	0.0	False
gse175540-GSM5924044_frozen_a_15	halo	gaussian_1500	halo	1000	2	130	1.0	200	0	0.0	0.0	False
gse175540-GSM5924044_frozen_a_15	halo	gaussian_1500	halo	2000	3	130	0.5	200	0	0.0	0.0	False
gse175540-GSM5924044_frozen_a_15	halo	gaussian_1500	halo	2000	3	130	1.0	200	0	0.0	0.0	False
gse175540-GSM5924044_frozen_a_15	halo	gaussian_1500	halo	4000	4	130	0.5	200	0	0.0	0.0	False
gse175540-GSM5924044_frozen_a_15	halo	gaussian_1500	halo	4000	4	130	1.0	200	0	0.0	0.0	False
gse175540-GSM5924044_frozen_a_15	halo	gaussian_150	halo	100	1	130	0.5	200	0	0.0	0.0	False
gse175540-GSM5924044_frozen_a_15	halo	gaussian_150	halo	100	1	130	1.0	200	0	0.0	0.0	False
gse175540-GSM5924044_frozen_a_15	halo	gaussian_150	halo	250	1	130	0.5	200	0	0.0	0.0	False
gse175540-GSM5924044_frozen_a_15	halo	gaussian_150	halo	250	1	130	1.0	200	0	0.0	0.0	False
gse175540-GSM5924044_frozen_a_15	halo	gaussian_150	halo	500	1	130	0.5	200	0	0.0	0.0	False
gse175540-GSM5924044_frozen_a_15	halo	gaussian_150	halo	500	1	130	1.0	200	0	0.0	0.0	False
gse175540-GSM5924044_frozen_a_15	halo	gaussian_150	halo	1000	2	130	0.5	200	0	0.0	0.0	False
gse175540-GSM5924044_frozen_a_15	halo	gaussian_150	halo	1000	2	130	1.0	200	0	0.0	0.0	False
gse175540-GSM5924044_frozen_a_15	halo	gaussian_150	halo	2000	3	130	0.5	200	0	0.0	0.0	False
gse175540-GSM5924044_frozen_a_15	halo	gaussian_150	halo	2000	3	130	1.0	200	0	0.0	0.0	False
gse175540-GSM5924044_frozen_a_15	halo	gaussian_150	halo	4000	4	130	0.5	200	0	0.0	0.0	False
gse175540-GSM5924044_frozen_a_15	halo	gaussian_150	halo	4000	4	130	1.0	200	0	0.0	0.0	False
gse175540-GSM5924044_frozen_a_15	halo	gaussian_4000	halo	100	1	130	0.5	200	0	0.0	0.0	False
gse175540-GSM5924044_frozen_a_15	halo	gaussian_4000	halo	100	1	130	1.0	200	0	0.0	0.0	False
gse175540-GSM5924044_frozen_a_15	halo	gaussian_4000	halo	250	1	130	0.5	200	0	0.0	0.0	False
gse175540-GSM5924044_frozen_a_15	halo	gaussian_4000	halo	250	1	130	1.0	200	0	0.0	0.0	False
gse175540-GSM5924044_frozen_a_15	halo	gaussian_4000	halo	500	1	130	0.5	200	0	0.0	0.0	False
gse175540-GSM5924044_frozen_a_15	halo	gaussian_4000	halo	500	1	130	1.0	200	0	0.0	0.0	False
gse175540-GSM5924044_frozen_a_15	halo	gaussian_4000	halo	1000	2	130	0.5	200	0	0.0	0.0	False
gse175540-GSM5924044_frozen_a_15	halo	gaussian_4000	halo	1000	2	130	1.0	200	0	0.0	0.0	False
gse175540-GSM5924044_frozen_a_15	halo	gaussian_4000	halo	2000	3	130	0.5	200	0	0.0	0.0	False
gse175540-GSM5924044_frozen_a_15	halo	gaussian_4000	halo	2000	3	130	1.0	200	0	0.0	0.0	False
gse175540-GSM5924044_frozen_a_15	halo	gaussian_4000	halo	4000	4	130	0.5	200	0	0.0	0.0	False
gse175540-GSM5924044_frozen_a_15	halo	gaussian_4000	halo	4000	4	130	1.0	200	0	0.0	0.0	False
gse175540-GSM5924044_frozen_a_15	halo	gaussian_500	halo	100	1	130	0.5	200	0	0.0	0.0	False
gse175540-GSM5924044_frozen_a_15	halo	gaussian_500	halo	100	1	130	1.0	200	0	0.0	0.0	False
gse175540-GSM5924044_frozen_a_15	halo	gaussian_500	halo	250	1	130	0.5	200	0	0.0	0.0	False
gse175540-GSM5924044_frozen_a_15	halo	gaussian_500	halo	250	1	130	1.0	200	0	0.0	0.0	False
gse175540-GSM5924044_frozen_a_15	halo	gaussian_500	halo	500	1	130	0.5	200	0	0.0	0.0	False
gse175540-GSM5924044_frozen_a_15	halo	gaussian_500	halo	500	1	130	1.0	200	0	0.0	0.0	False
gse175540-GSM5924044_frozen_a_15	halo	gaussian_500	halo	1000	2	130	0.5	200	0	0.0	0.0	False
gse175540-GSM5924044_frozen_a_15	halo	gaussian_500	halo	1000	2	130	1.0	200	0	0.0	0.0	False
gse175540-GSM5924044_frozen_a_15	halo	gaussian_500	halo	2000	3	130	0.5	200	0	0.0	0.0	False
gse175540-GSM5924044_frozen_a_15	halo	gaussian_500	halo	2000	3	130	1.0	200	0	0.0	0.0	False
gse175540-GSM5924044_frozen_a_15	halo	gaussian_500	halo	4000	4	130	0.5	200	0	0.0	0.0	False
gse175540-GSM5924044_frozen_a_15	halo	gaussian_500	halo	4000	4	130	1.0	200	0	0.0	0.0	False
gse175540-GSM5924044_frozen_a_15	halo	mixture	halo	100	1	130	0.5	200	0	0.0	0.0	False
gse175540-GSM5924044_frozen_a_15	halo	mixture	halo	100	1	130	1.0	200	0	0.0	0.0	False
gse175540-GSM5924044_frozen_a_15	halo	mixture	halo	250	1	130	0.5	200	0	0.0	0.0	False
gse175540-GSM5924044_frozen_a_15	halo	mixture	halo	250	1	130	1.0	200	0	0.0	0.0	False
gse175540-GSM5924044_frozen_a_15	halo	mixture	halo	500	1	130	0.5	200	0	0.0	0.0	False
gse175540-GSM5924044_frozen_a_15	halo	mixture	halo	500	1	130	1.0	200	0	0.0	0.0	False
gse175540-GSM5924044_frozen_a_15	halo	mixture	halo	1000	2	130	0.5	200	0	0.0	0.0	False
gse175540-GSM5924044_frozen_a_15	halo	mixture	halo	1000	2	130	1.0	200	0	0.0	0.0	False
gse175540-GSM5924044_frozen_a_15	halo	mixture	halo	2000	3	130	0.5	200	0	0.0	0.0	False
gse175540-GSM5924044_frozen_a_15	halo	mixture	halo	2000	3	130	1.0	200	0	0.0	0.0	False
gse175540-GSM5924044_frozen_a_15	halo	mixture	halo	4000	4	130	0.5	200	0	0.0	0.0	False
gse175540-GSM5924044_frozen_a_15	halo	mixture	halo	4000	4	130	1.0	200	0	0.0	0.0	False
gse175540-GSM5924044_frozen_a_15	halo	skew_heterogeneous_gradient	halo	100	1	130	0.5	200	0	0.0	0.0	False
gse175540-GSM5924044_frozen_a_15	halo	skew_heterogeneous_gradient	halo	100	1	130	1.0	200	0	0.0	0.0	False
gse175540-GSM5924044_frozen_a_15	halo	skew_heterogeneous_gradient	halo	250	1	130	0.5	200	0	0.0	0.0	False
gse175540-GSM5924044_frozen_a_15	halo	skew_heterogeneous_gradient	halo	250	1	130	1.0	200	0	0.0	0.0	False
gse175540-GSM5924044_frozen_a_15	halo	skew_heterogeneous_gradient	halo	500	1	130	0.5	200	0	0.0	0.0	False
gse175540-GSM5924044_frozen_a_15	halo	skew_heterogeneous_gradient	halo	500	1	130	1.0	200	0	0.0	0.0	False
gse175540-GSM5924044_frozen_a_15	halo	skew_heterogeneous_gradient	halo	1000	2	130	0.5	200	0	0.0	0.0	False
gse175540-GSM5924044_frozen_a_15	halo	skew_heterogeneous_gradient	halo	1000	2	130	1.0	200	0	0.0	0.0	False
gse175540-GSM5924044_frozen_a_15	halo	skew_heterogeneous_gradient	halo	2000	3	130	0.5	200	0	0.0	0.0	False
gse175540-GSM5924044_frozen_a_15	halo	skew_heterogeneous_gradient	halo	2000	3	130	1.0	200	0	0.0	0.0	False
gse175540-GSM5924044_frozen_a_15	halo	skew_heterogeneous_gradient	halo	4000	4	130	0.5	200	0	0.0	0.0	False
gse175540-GSM5924044_frozen_a_15	halo	skew_heterogeneous_gradient	halo	4000	4	130	1.0	200	0	0.0	0.0	False
gse175540-GSM5924046_frozen_b_1	halo	gaussian_1500	halo	100	0	130	0.5	200	22	0.11	0.07565289375219138	False
gse175540-GSM5924046_frozen_b_1	halo	gaussian_1500	halo	100	0	130	1.0	200	64	0.32	0.2655235765317892	False
gse175540-GSM5924046_frozen_b_1	halo	gaussian_1500	halo	250	0	130	0.5	200	10	0.05	0.027374253525114488	False
gse175540-GSM5924046_frozen_b_1	halo	gaussian_1500	halo	250	0	130	1.0	200	21	0.105	0.07144443546847488	False
gse175540-GSM5924046_frozen_b_1	halo	gaussian_1500	halo	500	1	130	0.5	200	0	0.0	0.0	False
gse175540-GSM5924046_frozen_b_1	halo	gaussian_1500	halo	500	1	130	1.0	200	0	0.0	0.0	False
gse175540-GSM5924046_frozen_b_1	halo	gaussian_1500	halo	1000	2	130	0.5	200	0	0.0	0.0	False
gse175540-GSM5924046_frozen_b_1	halo	gaussian_1500	halo	1000	2	130	1.0	200	0	0.0	0.0	False
gse175540-GSM5924046_frozen_b_1	halo	gaussian_1500	halo	2000	3	130	0.5	200	0	0.0	0.0	False
gse175540-GSM5924046_frozen_b_1	halo	gaussian_1500	halo	2000	3	130	1.0	200	0	0.0	0.0	False
gse175540-GSM5924046_frozen_b_1	halo	gaussian_1500	halo	4000	3	130	0.5	200	0	0.0	0.0	False
gse175540-GSM5924046_frozen_b_1	halo	gaussian_1500	halo	4000	3	130	1.0	200	0	0.0	0.0	False
gse175540-GSM5924046_frozen_b_1	halo	gaussian_150	halo	100	0	130	0.5	200	5	0.025	0.009901244217107584	False
gse175540-GSM5924046_frozen_b_1	halo	gaussian_150	halo	100	0	130	1.0	200	43	0.215	0.16813100686537177	False
gse175540-GSM5924046_frozen_b_1	halo	gaussian_150	halo	250	0	130	0.5	200	3	0.015	0.0041006133350699105	False
gse175540-GSM5924046_frozen_b_1	halo	gaussian_150	halo	250	0	130	1.0	200	9	0.045	0.023673576156510508	False
gse175540-GSM5924046_frozen_b_1	halo	gaussian_150	halo	500	1	130	0.5	200	0	0.0	0.0	False
gse175540-GSM5924046_frozen_b_1	halo	gaussian_150	halo	500	1	130	1.0	200	0	0.0	0.0	False
gse175540-GSM5924046_frozen_b_1	halo	gaussian_150	halo	1000	2	130	0.5	200	0	0.0	0.0	False
gse175540-GSM5924046_frozen_b_1	halo	gaussian_150	halo	1000	2	130	1.0	200	0	0.0	0.0	False
gse175540-GSM5924046_frozen_b_1	halo	gaussian_150	halo	2000	3	130	0.5	200	0	0.0	0.0	False
gse175540-GSM5924046_frozen_b_1	halo	gaussian_150	halo	2000	3	130	1.0	200	0	0.0	0.0	False
gse175540-GSM5924046_frozen_b_1	halo	gaussian_150	halo	4000	3	130	0.5	200	0	0.0	0.0	False
gse175540-GSM5924046_frozen_b_1	halo	gaussian_150	halo	4000	3	130	1.0	200	0	0.0	0.0	False
gse175540-GSM5924046_frozen_b_1	halo	gaussian_4000	halo	100	0	130	0.5	200	15	0.075	0.04679701651463301	False
gse175540-GSM5924046_frozen_b_1	halo	gaussian_4000	halo	100	0	130	1.0	200	67	0.335	0.27971902943794563	False
gse175540-GSM5924046_frozen_b_1	halo	gaussian_4000	halo	250	0	130	0.5	200	7	0.035	0.01653963501789509	False
gse175540-GSM5924046_frozen_b_1	halo	gaussian_4000	halo	250	0	130	1.0	200	34	0.17	0.127707468721952	False
gse175540-GSM5924046_frozen_b_1	halo	gaussian_4000	halo	500	1	130	0.5	200	0	0.0	0.0	False
gse175540-GSM5924046_frozen_b_1	halo	gaussian_4000	halo	500	1	130	1.0	200	0	0.0	0.0	False
gse175540-GSM5924046_frozen_b_1	halo	gaussian_4000	halo	1000	2	130	0.5	200	0	0.0	0.0	False
gse175540-GSM5924046_frozen_b_1	halo	gaussian_4000	halo	1000	2	130	1.0	200	0	0.0	0.0	False
gse175540-GSM5924046_frozen_b_1	halo	gaussian_4000	halo	2000	3	130	0.5	200	0	0.0	0.0	False
gse175540-GSM5924046_frozen_b_1	halo	gaussian_4000	halo	2000	3	130	1.0	200	0	0.0	0.0	False
gse175540-GSM5924046_frozen_b_1	halo	gaussian_4000	halo	4000	3	130	0.5	200	0	0.0	0.0	False
gse175540-GSM5924046_frozen_b_1	halo	gaussian_4000	halo	4000	3	130	1.0	200	0	0.0	0.0	False
gse175540-GSM5924046_frozen_b_1	halo	gaussian_500	halo	100	0	130	0.5	200	11	0.055	0.031146858789654508	False
gse175540-GSM5924046_frozen_b_1	halo	gaussian_500	halo	100	0	130	1.0	200	46	0.23	0.18180535961999741	False
gse175540-GSM5924046_frozen_b_1	halo	gaussian_500	halo	250	0	130	0.5	200	5	0.025	0.009901244217107584	False
gse175540-GSM5924046_frozen_b_1	halo	gaussian_500	halo	250	0	130	1.0	200	15	0.075	0.04679701651463301	False
gse175540-GSM5924046_frozen_b_1	halo	gaussian_500	halo	500	1	130	0.5	200	0	0.0	0.0	False
gse175540-GSM5924046_frozen_b_1	halo	gaussian_500	halo	500	1	130	1.0	200	0	0.0	0.0	False
gse175540-GSM5924046_frozen_b_1	halo	gaussian_500	halo	1000	2	130	0.5	200	0	0.0	0.0	False
gse175540-GSM5924046_frozen_b_1	halo	gaussian_500	halo	1000	2	130	1.0	200	0	0.0	0.0	False
gse175540-GSM5924046_frozen_b_1	halo	gaussian_500	halo	2000	3	130	0.5	200	0	0.0	0.0	False
gse175540-GSM5924046_frozen_b_1	halo	gaussian_500	halo	2000	3	130	1.0	200	0	0.0	0.0	False
gse175540-GSM5924046_frozen_b_1	halo	gaussian_500	halo	4000	3	130	0.5	200	0	0.0	0.0	False
gse175540-GSM5924046_frozen_b_1	halo	gaussian_500	halo	4000	3	130	1.0	200	0	0.0	0.0	False
gse175540-GSM5924046_frozen_b_1	halo	mixture	halo	100	0	130	0.5	200	8	0.04	0.020056759589509348	False
gse175540-GSM5924046_frozen_b_1	halo	mixture	halo	100	0	130	1.0	200	32	0.16	0.11886487277262693	False
gse175540-GSM5924046_frozen_b_1	halo	mixture	halo	250	0	130	0.5	200	1	0.005	0.0002564335872234742	False
gse175540-GSM5924046_frozen_b_1	halo	mixture	halo	250	0	130	1.0	200	11	0.055	0.031146858789654508	False
gse175540-GSM5924046_frozen_b_1	halo	mixture	halo	500	1	130	0.5	200	0	0.0	0.0	False
gse175540-GSM5924046_frozen_b_1	halo	mixture	halo	500	1	130	1.0	200	0	0.0	0.0	False
gse175540-GSM5924046_frozen_b_1	halo	mixture	halo	1000	2	130	0.5	200	0	0.0	0.0	False
gse175540-GSM5924046_frozen_b_1	halo	mixture	halo	1000	2	130	1.0	200	0	0.0	0.0	False
gse175540-GSM5924046_frozen_b_1	halo	mixture	halo	2000	3	130	0.5	200	0	0.0	0.0	False
gse175540-GSM5924046_frozen_b_1	halo	mixture	halo	2000	3	130	1.0	200	0	0.0	0.0	False
gse175540-GSM5924046_frozen_b_1	halo	mixture	halo	4000	3	130	0.5	200	0	0.0	0.0	False
gse175540-GSM5924046_frozen_b_1	halo	mixture	halo	4000	3	130	1.0	200	0	0.0	0.0	False
gse175540-GSM5924046_frozen_b_1	halo	skew_heterogeneous_gradient	halo	100	0	130	0.5	200	16	0.08	0.050821717029926744	False
gse175540-GSM5924046_frozen_b_1	halo	skew_heterogeneous_gradient	halo	100	0	130	1.0	200	62	0.31	0.2560954343111016	False
gse175540-GSM5924046_frozen_b_1	halo	skew_heterogeneous_gradient	halo	250	0	130	0.5	200	8	0.04	0.020056759589509348	False
gse175540-GSM5924046_frozen_b_1	halo	skew_heterogeneous_gradient	halo	250	0	130	1.0	200	22	0.11	0.07565289375219138	False
gse175540-GSM5924046_frozen_b_1	halo	skew_heterogeneous_gradient	halo	500	1	130	0.5	200	0	0.0	0.0	False
gse175540-GSM5924046_frozen_b_1	halo	skew_heterogeneous_gradient	halo	500	1	130	1.0	200	0	0.0	0.0	False
gse175540-GSM5924046_frozen_b_1	halo	skew_heterogeneous_gradient	halo	1000	2	130	0.5	200	0	0.0	0.0	False
gse175540-GSM5924046_frozen_b_1	halo	skew_heterogeneous_gradient	halo	1000	2	130	1.0	200	0	0.0	0.0	False
gse175540-GSM5924046_frozen_b_1	halo	skew_heterogeneous_gradient	halo	2000	3	130	0.5	200	0	0.0	0.0	False
gse175540-GSM5924046_frozen_b_1	halo	skew_heterogeneous_gradient	halo	2000	3	130	1.0	200	0	0.0	0.0	False
gse175540-GSM5924046_frozen_b_1	halo	skew_heterogeneous_gradient	halo	4000	3	130	0.5	200	0	0.0	0.0	False
gse175540-GSM5924046_frozen_b_1	halo	skew_heterogeneous_gradient	halo	4000	3	130	1.0	200	0	0.0	0.0	False
gse175540-GSM5924049_frozen_b_18	halo	gaussian_1500	halo	100	0	130	0.5	200	1	0.005	0.0002564335872234742	False
gse175540-GSM5924049_frozen_b_18	halo	gaussian_1500	halo	100	0	130	1.0	200	12	0.06	0.03498213212553194	False
gse175540-GSM5924049_frozen_b_18	halo	gaussian_1500	halo	250	1	130	0.5	200	0	0.0	0.0	False
gse175540-GSM5924049_frozen_b_18	halo	gaussian_1500	halo	250	1	130	1.0	200	0	0.0	0.0	False
gse175540-GSM5924049_frozen_b_18	halo	gaussian_1500	halo	500	1	130	0.5	200	0	0.0	0.0	False
gse175540-GSM5924049_frozen_b_18	halo	gaussian_1500	halo	500	1	130	1.0	200	0	0.0	0.0	False
gse175540-GSM5924049_frozen_b_18	halo	gaussian_1500	halo	1000	2	130	0.5	200	0	0.0	0.0	False
gse175540-GSM5924049_frozen_b_18	halo	gaussian_1500	halo	1000	2	130	1.0	200	0	0.0	0.0	False
gse175540-GSM5924049_frozen_b_18	halo	gaussian_1500	halo	2000	2	130	0.5	200	0	0.0	0.0	False
gse175540-GSM5924049_frozen_b_18	halo	gaussian_1500	halo	2000	2	130	1.0	200	0	0.0	0.0	False
gse175540-GSM5924049_frozen_b_18	halo	gaussian_1500	halo	4000	2	130	0.5	200	0	0.0	0.0	False
gse175540-GSM5924049_frozen_b_18	halo	gaussian_1500	halo	4000	2	130	1.0	200	0	0.0	0.0	False
gse175540-GSM5924049_frozen_b_18	halo	gaussian_150	halo	100	0	130	0.5	200	2	0.01	0.0017796814478925685	False
gse175540-GSM5924049_frozen_b_18	halo	gaussian_150	halo	100	0	130	1.0	200	13	0.065	0.03887271590942304	False
gse175540-GSM5924049_frozen_b_18	halo	gaussian_150	halo	250	1	130	0.5	200	0	0.0	0.0	False
gse175540-GSM5924049_frozen_b_18	halo	gaussian_150	halo	250	1	130	1.0	200	0	0.0	0.0	False
gse175540-GSM5924049_frozen_b_18	halo	gaussian_150	halo	500	1	130	0.5	200	0	0.0	0.0	False
gse175540-GSM5924049_frozen_b_18	halo	gaussian_150	halo	500	1	130	1.0	200	0	0.0	0.0	False
gse175540-GSM5924049_frozen_b_18	halo	gaussian_150	halo	1000	2	130	0.5	200	0	0.0	0.0	False
gse175540-GSM5924049_frozen_b_18	halo	gaussian_150	halo	1000	2	130	1.0	200	0	0.0	0.0	False
gse175540-GSM5924049_frozen_b_18	halo	gaussian_150	halo	2000	2	130	0.5	200	0	0.0	0.0	False
gse175540-GSM5924049_frozen_b_18	halo	gaussian_150	halo	2000	2	130	1.0	200	0	0.0	0.0	False
gse175540-GSM5924049_frozen_b_18	halo	gaussian_150	halo	4000	2	130	0.5	200	0	0.0	0.0	False
gse175540-GSM5924049_frozen_b_18	halo	gaussian_150	halo	4000	2	130	1.0	200	0	0.0	0.0	False
gse175540-GSM5924049_frozen_b_18	halo	gaussian_4000	halo	100	0	130	0.5	200	0	0.0	0.0	False
gse175540-GSM5924049_frozen_b_18	halo	gaussian_4000	halo	100	0	130	1.0	200	6	0.03	0.01314398708718085	False
gse175540-GSM5924049_frozen_b_18	halo	gaussian_4000	halo	250	1	130	0.5	200	0	0.0	0.0	False
gse175540-GSM5924049_frozen_b_18	halo	gaussian_4000	halo	250	1	130	1.0	200	0	0.0	0.0	False
gse175540-GSM5924049_frozen_b_18	halo	gaussian_4000	halo	500	1	130	0.5	200	0	0.0	0.0	False
gse175540-GSM5924049_frozen_b_18	halo	gaussian_4000	halo	500	1	130	1.0	200	0	0.0	0.0	False
gse175540-GSM5924049_frozen_b_18	halo	gaussian_4000	halo	1000	2	130	0.5	200	0	0.0	0.0	False
gse175540-GSM5924049_frozen_b_18	halo	gaussian_4000	halo	1000	2	130	1.0	200	0	0.0	0.0	False
gse175540-GSM5924049_frozen_b_18	halo	gaussian_4000	halo	2000	2	130	0.5	200	0	0.0	0.0	False
gse175540-GSM5924049_frozen_b_18	halo	gaussian_4000	halo	2000	2	130	1.0	200	0	0.0	0.0	False
gse175540-GSM5924049_frozen_b_18	halo	gaussian_4000	halo	4000	2	130	0.5	200	0	0.0	0.0	False
gse175540-GSM5924049_frozen_b_18	halo	gaussian_4000	halo	4000	2	130	1.0	200	0	0.0	0.0	False
gse175540-GSM5924049_frozen_b_18	halo	gaussian_500	halo	100	0	130	0.5	200	0	0.0	0.0	False
gse175540-GSM5924049_frozen_b_18	halo	gaussian_500	halo	100	0	130	1.0	200	5	0.025	0.009901244217107584	False
gse175540-GSM5924049_frozen_b_18	halo	gaussian_500	halo	250	1	130	0.5	200	0	0.0	0.0	False
gse175540-GSM5924049_frozen_b_18	halo	gaussian_500	halo	250	1	130	1.0	200	0	0.0	0.0	False
gse175540-GSM5924049_frozen_b_18	halo	gaussian_500	halo	500	1	130	0.5	200	0	0.0	0.0	False
gse175540-GSM5924049_frozen_b_18	halo	gaussian_500	halo	500	1	130	1.0	200	0	0.0	0.0	False
gse175540-GSM5924049_frozen_b_18	halo	gaussian_500	halo	1000	2	130	0.5	200	0	0.0	0.0	False
gse175540-GSM5924049_frozen_b_18	halo	gaussian_500	halo	1000	2	130	1.0	200	0	0.0	0.0	False
gse175540-GSM5924049_frozen_b_18	halo	gaussian_500	halo	2000	2	130	0.5	200	0	0.0	0.0	False
gse175540-GSM5924049_frozen_b_18	halo	gaussian_500	halo	2000	2	130	1.0	200	0	0.0	0.0	False
gse175540-GSM5924049_frozen_b_18	halo	gaussian_500	halo	4000	2	130	0.5	200	0	0.0	0.0	False
gse175540-GSM5924049_frozen_b_18	halo	gaussian_500	halo	4000	2	130	1.0	200	0	0.0	0.0	False
gse175540-GSM5924049_frozen_b_18	halo	mixture	halo	100	0	130	0.5	200	1	0.005	0.0002564335872234742	False
gse175540-GSM5924049_frozen_b_18	halo	mixture	halo	100	0	130	1.0	200	11	0.055	0.031146858789654508	False
gse175540-GSM5924049_frozen_b_18	halo	mixture	halo	250	1	130	0.5	200	0	0.0	0.0	False
gse175540-GSM5924049_frozen_b_18	halo	mixture	halo	250	1	130	1.0	200	0	0.0	0.0	False
gse175540-GSM5924049_frozen_b_18	halo	mixture	halo	500	1	130	0.5	200	0	0.0	0.0	False
gse175540-GSM5924049_frozen_b_18	halo	mixture	halo	500	1	130	1.0	200	0	0.0	0.0	False
gse175540-GSM5924049_frozen_b_18	halo	mixture	halo	1000	2	130	0.5	200	0	0.0	0.0	False
gse175540-GSM5924049_frozen_b_18	halo	mixture	halo	1000	2	130	1.0	200	0	0.0	0.0	False
gse175540-GSM5924049_frozen_b_18	halo	mixture	halo	2000	2	130	0.5	200	0	0.0	0.0	False
gse175540-GSM5924049_frozen_b_18	halo	mixture	halo	2000	2	130	1.0	200	0	0.0	0.0	False
gse175540-GSM5924049_frozen_b_18	halo	mixture	halo	4000	2	130	0.5	200	0	0.0	0.0	False
gse175540-GSM5924049_frozen_b_18	halo	mixture	halo	4000	2	130	1.0	200	0	0.0	0.0	False
gse175540-GSM5924049_frozen_b_18	halo	skew_heterogeneous_gradient	halo	100	0	130	0.5	200	0	0.0	0.0	False
gse175540-GSM5924049_frozen_b_18	halo	skew_heterogeneous_gradient	halo	100	0	130	1.0	200	15	0.075	0.04679701651463301	False
gse175540-GSM5924049_frozen_b_18	halo	skew_heterogeneous_gradient	halo	250	1	130	0.5	200	0	0.0	0.0	False
gse175540-GSM5924049_frozen_b_18	halo	skew_heterogeneous_gradient	halo	250	1	130	1.0	200	0	0.0	0.0	False
gse175540-GSM5924049_frozen_b_18	halo	skew_heterogeneous_gradient	halo	500	1	130	0.5	200	0	0.0	0.0	False
gse175540-GSM5924049_frozen_b_18	halo	skew_heterogeneous_gradient	halo	500	1	130	1.0	200	0	0.0	0.0	False
gse175540-GSM5924049_frozen_b_18	halo	skew_heterogeneous_gradient	halo	1000	2	130	0.5	200	0	0.0	0.0	False
gse175540-GSM5924049_frozen_b_18	halo	skew_heterogeneous_gradient	halo	1000	2	130	1.0	200	0	0.0	0.0	False
gse175540-GSM5924049_frozen_b_18	halo	skew_heterogeneous_gradient	halo	2000	2	130	0.5	200	0	0.0	0.0	False
gse175540-GSM5924049_frozen_b_18	halo	skew_heterogeneous_gradient	halo	2000	2	130	1.0	200	0	0.0	0.0	False
gse175540-GSM5924049_frozen_b_18	halo	skew_heterogeneous_gradient	halo	4000	2	130	0.5	200	0	0.0	0.0	False
gse175540-GSM5924049_frozen_b_18	halo	skew_heterogeneous_gradient	halo	4000	2	130	1.0	200	0	0.0	0.0	False
gse175540-GSM5924050_frozen_c_2	halo	gaussian_1500	halo	100	0	130	0.5	200	11	0.055	0.031146858789654508	False
gse175540-GSM5924050_frozen_c_2	halo	gaussian_1500	halo	100	0	130	1.0	200	51	0.255	0.20478801610237804	False
gse175540-GSM5924050_frozen_c_2	halo	gaussian_1500	halo	250	0	130	0.5	200	5	0.025	0.009901244217107584	False
gse175540-GSM5924050_frozen_c_2	halo	gaussian_1500	halo	250	0	130	1.0	200	25	0.125	0.08841630122855551	False
gse175540-GSM5924050_frozen_c_2	halo	gaussian_1500	halo	500	1	130	0.5	200	0	0.0	0.0	False
gse175540-GSM5924050_frozen_c_2	halo	gaussian_1500	halo	500	1	130	1.0	200	0	0.0	0.0	False
gse175540-GSM5924050_frozen_c_2	halo	gaussian_1500	halo	1000	2	130	0.5	200	0	0.0	0.0	False
gse175540-GSM5924050_frozen_c_2	halo	gaussian_1500	halo	1000	2	130	1.0	200	0	0.0	0.0	False
gse175540-GSM5924050_frozen_c_2	halo	gaussian_1500	halo	2000	2	130	0.5	200	0	0.0	0.0	False
gse175540-GSM5924050_frozen_c_2	halo	gaussian_1500	halo	2000	2	130	1.0	200	0	0.0	0.0	False
gse175540-GSM5924050_frozen_c_2	halo	gaussian_1500	halo	4000	3	130	0.5	200	0	0.0	0.0	False
gse175540-GSM5924050_frozen_c_2	halo	gaussian_1500	halo	4000	3	130	1.0	200	0	0.0	0.0	False
gse175540-GSM5924050_frozen_c_2	halo	gaussian_150	halo	100	0	130	0.5	200	3	0.015	0.0041006133350699105	False
gse175540-GSM5924050_frozen_c_2	halo	gaussian_150	halo	100	0	130	1.0	200	42	0.21	0.16359348945361138	False
gse175540-GSM5924050_frozen_c_2	halo	gaussian_150	halo	250	0	130	0.5	200	2	0.01	0.0017796814478925685	False
gse175540-GSM5924050_frozen_c_2	halo	gaussian_150	halo	250	0	130	1.0	200	9	0.045	0.023673576156510508	False
gse175540-GSM5924050_frozen_c_2	halo	gaussian_150	halo	500	1	130	0.5	200	0	0.0	0.0	False
gse175540-GSM5924050_frozen_c_2	halo	gaussian_150	halo	500	1	130	1.0	200	0	0.0	0.0	False
gse175540-GSM5924050_frozen_c_2	halo	gaussian_150	halo	1000	2	130	0.5	200	0	0.0	0.0	False
gse175540-GSM5924050_frozen_c_2	halo	gaussian_150	halo	1000	2	130	1.0	200	0	0.0	0.0	False
gse175540-GSM5924050_frozen_c_2	halo	gaussian_150	halo	2000	2	130	0.5	200	0	0.0	0.0	False
gse175540-GSM5924050_frozen_c_2	halo	gaussian_150	halo	2000	2	130	1.0	200	0	0.0	0.0	False
gse175540-GSM5924050_frozen_c_2	halo	gaussian_150	halo	4000	3	130	0.5	200	0	0.0	0.0	False
gse175540-GSM5924050_frozen_c_2	halo	gaussian_150	halo	4000	3	130	1.0	200	0	0.0	0.0	False
gse175540-GSM5924050_frozen_c_2	halo	gaussian_4000	halo	100	0	130	0.5	200	12	0.06	0.03498213212553194	False
gse175540-GSM5924050_frozen_c_2	halo	gaussian_4000	halo	100	0	130	1.0	200	42	0.21	0.16359348945361138	False
gse175540-GSM5924050_frozen_c_2	halo	gaussian_4000	halo	250	0	130	0.5	200	5	0.025	0.009901244217107584	False
gse175540-GSM5924050_frozen_c_2	halo	gaussian_4000	halo	250	0	130	1.0	200	29	0.145	0.10571342198142152	False
gse175540-GSM5924050_frozen_c_2	halo	gaussian_4000	halo	500	1	130	0.5	200	0	0.0	0.0	False
gse175540-GSM5924050_frozen_c_2	halo	gaussian_4000	halo	500	1	130	1.0	200	0	0.0	0.0	False
gse175540-GSM5924050_frozen_c_2	halo	gaussian_4000	halo	1000	2	130	0.5	200	0	0.0	0.0	False
gse175540-GSM5924050_frozen_c_2	halo	gaussian_4000	halo	1000	2	130	1.0	200	0	0.0	0.0	False
gse175540-GSM5924050_frozen_c_2	halo	gaussian_4000	halo	2000	2	130	0.5	200	0	0.0	0.0	False
gse175540-GSM5924050_frozen_c_2	halo	gaussian_4000	halo	2000	2	130	1.0	200	0	0.0	0.0	False
gse175540-GSM5924050_frozen_c_2	halo	gaussian_4000	halo	4000	3	130	0.5	200	0	0.0	0.0	False
gse175540-GSM5924050_frozen_c_2	halo	gaussian_4000	halo	4000	3	130	1.0	200	0	0.0	0.0	False
gse175540-GSM5924050_frozen_c_2	halo	gaussian_500	halo	100	0	130	0.5	200	8	0.04	0.020056759589509348	False
gse175540-GSM5924050_frozen_c_2	halo	gaussian_500	halo	100	0	130	1.0	200	44	0.22	0.172678995061986	False
gse175540-GSM5924050_frozen_c_2	halo	gaussian_500	halo	250	0	130	0.5	200	2	0.01	0.0017796814478925685	False
gse175540-GSM5924050_frozen_c_2	halo	gaussian_500	halo	250	0	130	1.0	200	14	0.07	0.042812648019325536	False
gse175540-GSM5924050_frozen_c_2	halo	gaussian_500	halo	500	1	130	0.5	200	0	0.0	0.0	False
gse175540-GSM5924050_frozen_c_2	halo	gaussian_500	halo	500	1	130	1.0	200	0	0.0	0.0	False
gse175540-GSM5924050_frozen_c_2	halo	gaussian_500	halo	1000	2	130	0.5	200	0	0.0	0.0	False
gse175540-GSM5924050_frozen_c_2	halo	gaussian_500	halo	1000	2	130	1.0	200	0	0.0	0.0	False
gse175540-GSM5924050_frozen_c_2	halo	gaussian_500	halo	2000	2	130	0.5	200	0	0.0	0.0	False
gse175540-GSM5924050_frozen_c_2	halo	gaussian_500	halo	2000	2	130	1.0	200	0	0.0	0.0	False
gse175540-GSM5924050_frozen_c_2	halo	gaussian_500	halo	4000	3	130	0.5	200	0	0.0	0.0	False
gse175540-GSM5924050_frozen_c_2	halo	gaussian_500	halo	4000	3	130	1.0	200	0	0.0	0.0	False
gse175540-GSM5924050_frozen_c_2	halo	mixture	halo	100	0	130	0.5	200	9	0.045	0.023673576156510508	False
gse175540-GSM5924050_frozen_c_2	halo	mixture	halo	100	0	130	1.0	200	36	0.18	0.13660502458784396	False
gse175540-GSM5924050_frozen_c_2	halo	mixture	halo	250	0	130	0.5	200	4	0.02	0.006859719101091237	False
gse175540-GSM5924050_frozen_c_2	halo	mixture	halo	250	0	130	1.0	200	17	0.085	0.054883277851866384	False
gse175540-GSM5924050_frozen_c_2	halo	mixture	halo	500	1	130	0.5	200	0	0.0	0.0	False
gse175540-GSM5924050_frozen_c_2	halo	mixture	halo	500	1	130	1.0	200	0	0.0	0.0	False
gse175540-GSM5924050_frozen_c_2	halo	mixture	halo	1000	2	130	0.5	200	0	0.0	0.0	False
gse175540-GSM5924050_frozen_c_2	halo	mixture	halo	1000	2	130	1.0	200	0	0.0	0.0	False
gse175540-GSM5924050_frozen_c_2	halo	mixture	halo	2000	2	130	0.5	200	0	0.0	0.0	False
gse175540-GSM5924050_frozen_c_2	halo	mixture	halo	2000	2	130	1.0	200	0	0.0	0.0	False
gse175540-GSM5924050_frozen_c_2	halo	mixture	halo	4000	3	130	0.5	200	0	0.0	0.0	False
gse175540-GSM5924050_frozen_c_2	halo	mixture	halo	4000	3	130	1.0	200	0	0.0	0.0	False
gse175540-GSM5924050_frozen_c_2	halo	skew_heterogeneous_gradient	halo	100	0	130	0.5	200	8	0.04	0.020056759589509348	False
gse175540-GSM5924050_frozen_c_2	halo	skew_heterogeneous_gradient	halo	100	0	130	1.0	200	43	0.215	0.16813100686537177	False
gse175540-GSM5924050_frozen_c_2	halo	skew_heterogeneous_gradient	halo	250	0	130	0.5	200	3	0.015	0.0041006133350699105	False
gse175540-GSM5924050_frozen_c_2	halo	skew_heterogeneous_gradient	halo	250	0	130	1.0	200	26	0.13	0.09271267536271859	False
gse175540-GSM5924050_frozen_c_2	halo	skew_heterogeneous_gradient	halo	500	1	130	0.5	200	0	0.0	0.0	False
gse175540-GSM5924050_frozen_c_2	halo	skew_heterogeneous_gradient	halo	500	1	130	1.0	200	0	0.0	0.0	False
gse175540-GSM5924050_frozen_c_2	halo	skew_heterogeneous_gradient	halo	1000	2	130	0.5	200	0	0.0	0.0	False
gse175540-GSM5924050_frozen_c_2	halo	skew_heterogeneous_gradient	halo	1000	2	130	1.0	200	0	0.0	0.0	False
gse175540-GSM5924050_frozen_c_2	halo	skew_heterogeneous_gradient	halo	2000	2	130	0.5	200	0	0.0	0.0	False
gse175540-GSM5924050_frozen_c_2	halo	skew_heterogeneous_gradient	halo	2000	2	130	1.0	200	0	0.0	0.0	False
gse175540-GSM5924050_frozen_c_2	halo	skew_heterogeneous_gradient	halo	4000	3	130	0.5	200	0	0.0	0.0	False
gse175540-GSM5924050_frozen_c_2	halo	skew_heterogeneous_gradient	halo	4000	3	130	1.0	200	0	0.0	0.0	False
gse175540-GSM5924051_frozen_c_5	halo	gaussian_1500	halo	100	1	130	0.5	200	0	0.0	0.0	False
gse175540-GSM5924051_frozen_c_5	halo	gaussian_1500	halo	100	1	130	1.0	200	0	0.0	0.0	False
gse175540-GSM5924051_frozen_c_5	halo	gaussian_1500	halo	250	1	130	0.5	200	0	0.0	0.0	False
gse175540-GSM5924051_frozen_c_5	halo	gaussian_1500	halo	250	1	130	1.0	200	0	0.0	0.0	False
gse175540-GSM5924051_frozen_c_5	halo	gaussian_1500	halo	500	1	130	0.5	200	0	0.0	0.0	False
gse175540-GSM5924051_frozen_c_5	halo	gaussian_1500	halo	500	1	130	1.0	200	0	0.0	0.0	False
gse175540-GSM5924051_frozen_c_5	halo	gaussian_1500	halo	1000	2	130	0.5	200	0	0.0	0.0	False
gse175540-GSM5924051_frozen_c_5	halo	gaussian_1500	halo	1000	2	130	1.0	200	0	0.0	0.0	False
gse175540-GSM5924051_frozen_c_5	halo	gaussian_1500	halo	2000	3	130	0.5	200	0	0.0	0.0	False
gse175540-GSM5924051_frozen_c_5	halo	gaussian_1500	halo	2000	3	130	1.0	200	0	0.0	0.0	False
gse175540-GSM5924051_frozen_c_5	halo	gaussian_1500	halo	4000	3	130	0.5	200	0	0.0	0.0	False
gse175540-GSM5924051_frozen_c_5	halo	gaussian_1500	halo	4000	3	130	1.0	200	0	0.0	0.0	False
gse175540-GSM5924051_frozen_c_5	halo	gaussian_150	halo	100	1	130	0.5	200	0	0.0	0.0	False
gse175540-GSM5924051_frozen_c_5	halo	gaussian_150	halo	100	1	130	1.0	200	0	0.0	0.0	False
gse175540-GSM5924051_frozen_c_5	halo	gaussian_150	halo	250	1	130	0.5	200	0	0.0	0.0	False
gse175540-GSM5924051_frozen_c_5	halo	gaussian_150	halo	250	1	130	1.0	200	0	0.0	0.0	False
gse175540-GSM5924051_frozen_c_5	halo	gaussian_150	halo	500	1	130	0.5	200	0	0.0	0.0	False
gse175540-GSM5924051_frozen_c_5	halo	gaussian_150	halo	500	1	130	1.0	200	0	0.0	0.0	False
gse175540-GSM5924051_frozen_c_5	halo	gaussian_150	halo	1000	2	130	0.5	200	0	0.0	0.0	False
gse175540-GSM5924051_frozen_c_5	halo	gaussian_150	halo	1000	2	130	1.0	200	0	0.0	0.0	False
gse175540-GSM5924051_frozen_c_5	halo	gaussian_150	halo	2000	3	130	0.5	200	0	0.0	0.0	False
gse175540-GSM5924051_frozen_c_5	halo	gaussian_150	halo	2000	3	130	1.0	200	0	0.0	0.0	False
gse175540-GSM5924051_frozen_c_5	halo	gaussian_150	halo	4000	3	130	0.5	200	0	0.0	0.0	False
gse175540-GSM5924051_frozen_c_5	halo	gaussian_150	halo	4000	3	130	1.0	200	0	0.0	0.0	False
gse175540-GSM5924051_frozen_c_5	halo	gaussian_4000	halo	100	1	130	0.5	200	0	0.0	0.0	False
gse175540-GSM5924051_frozen_c_5	halo	gaussian_4000	halo	100	1	130	1.0	200	0	0.0	0.0	False
gse175540-GSM5924051_frozen_c_5	halo	gaussian_4000	halo	250	1	130	0.5	200	0	0.0	0.0	False
gse175540-GSM5924051_frozen_c_5	halo	gaussian_4000	halo	250	1	130	1.0	200	0	0.0	0.0	False
gse175540-GSM5924051_frozen_c_5	halo	gaussian_4000	halo	500	1	130	0.5	200	0	0.0	0.0	False
gse175540-GSM5924051_frozen_c_5	halo	gaussian_4000	halo	500	1	130	1.0	200	0	0.0	0.0	False
gse175540-GSM5924051_frozen_c_5	halo	gaussian_4000	halo	1000	2	130	0.5	200	0	0.0	0.0	False
gse175540-GSM5924051_frozen_c_5	halo	gaussian_4000	halo	1000	2	130	1.0	200	0	0.0	0.0	False
gse175540-GSM5924051_frozen_c_5	halo	gaussian_4000	halo	2000	3	130	0.5	200	0	0.0	0.0	False
gse175540-GSM5924051_frozen_c_5	halo	gaussian_4000	halo	2000	3	130	1.0	200	0	0.0	0.0	False
gse175540-GSM5924051_frozen_c_5	halo	gaussian_4000	halo	4000	3	130	0.5	200	0	0.0	0.0	False
gse175540-GSM5924051_frozen_c_5	halo	gaussian_4000	halo	4000	3	130	1.0	200	0	0.0	0.0	False
gse175540-GSM5924051_frozen_c_5	halo	gaussian_500	halo	100	1	130	0.5	200	0	0.0	0.0	False
gse175540-GSM5924051_frozen_c_5	halo	gaussian_500	halo	100	1	130	1.0	200	0	0.0	0.0	False
gse175540-GSM5924051_frozen_c_5	halo	gaussian_500	halo	250	1	130	0.5	200	0	0.0	0.0	False
gse175540-GSM5924051_frozen_c_5	halo	gaussian_500	halo	250	1	130	1.0	200	0	0.0	0.0	False
gse175540-GSM5924051_frozen_c_5	halo	gaussian_500	halo	500	1	130	0.5	200	0	0.0	0.0	False
gse175540-GSM5924051_frozen_c_5	halo	gaussian_500	halo	500	1	130	1.0	200	0	0.0	0.0	False
gse175540-GSM5924051_frozen_c_5	halo	gaussian_500	halo	1000	2	130	0.5	200	0	0.0	0.0	False
gse175540-GSM5924051_frozen_c_5	halo	gaussian_500	halo	1000	2	130	1.0	200	0	0.0	0.0	False
gse175540-GSM5924051_frozen_c_5	halo	gaussian_500	halo	2000	3	130	0.5	200	0	0.0	0.0	False
gse175540-GSM5924051_frozen_c_5	halo	gaussian_500	halo	2000	3	130	1.0	200	0	0.0	0.0	False
gse175540-GSM5924051_frozen_c_5	halo	gaussian_500	halo	4000	3	130	0.5	200	0	0.0	0.0	False
gse175540-GSM5924051_frozen_c_5	halo	gaussian_500	halo	4000	3	130	1.0	200	0	0.0	0.0	False
gse175540-GSM5924051_frozen_c_5	halo	mixture	halo	100	1	130	0.5	200	0	0.0	0.0	False
gse175540-GSM5924051_frozen_c_5	halo	mixture	halo	100	1	130	1.0	200	0	0.0	0.0	False
gse175540-GSM5924051_frozen_c_5	halo	mixture	halo	250	1	130	0.5	200	0	0.0	0.0	False
gse175540-GSM5924051_frozen_c_5	halo	mixture	halo	250	1	130	1.0	200	0	0.0	0.0	False
gse175540-GSM5924051_frozen_c_5	halo	mixture	halo	500	1	130	0.5	200	0	0.0	0.0	False
gse175540-GSM5924051_frozen_c_5	halo	mixture	halo	500	1	130	1.0	200	0	0.0	0.0	False
gse175540-GSM5924051_frozen_c_5	halo	mixture	halo	1000	2	130	0.5	200	0	0.0	0.0	False
gse175540-GSM5924051_frozen_c_5	halo	mixture	halo	1000	2	130	1.0	200	0	0.0	0.0	False
gse175540-GSM5924051_frozen_c_5	halo	mixture	halo	2000	3	130	0.5	200	0	0.0	0.0	False
gse175540-GSM5924051_frozen_c_5	halo	mixture	halo	2000	3	130	1.0	200	0	0.0	0.0	False
gse175540-GSM5924051_frozen_c_5	halo	mixture	halo	4000	3	130	0.5	200	0	0.0	0.0	False
gse175540-GSM5924051_frozen_c_5	halo	mixture	halo	4000	3	130	1.0	200	0	0.0	0.0	False
gse175540-GSM5924051_frozen_c_5	halo	skew_heterogeneous_gradient	halo	100	1	130	0.5	200	0	0.0	0.0	False
gse175540-GSM5924051_frozen_c_5	halo	skew_heterogeneous_gradient	halo	100	1	130	1.0	200	0	0.0	0.0	False
gse175540-GSM5924051_frozen_c_5	halo	skew_heterogeneous_gradient	halo	250	1	130	0.5	200	0	0.0	0.0	False
gse175540-GSM5924051_frozen_c_5	halo	skew_heterogeneous_gradient	halo	250	1	130	1.0	200	0	0.0	0.0	False
gse175540-GSM5924051_frozen_c_5	halo	skew_heterogeneous_gradient	halo	500	1	130	0.5	200	0	0.0	0.0	False
gse175540-GSM5924051_frozen_c_5	halo	skew_heterogeneous_gradient	halo	500	1	130	1.0	200	0	0.0	0.0	False
gse175540-GSM5924051_frozen_c_5	halo	skew_heterogeneous_gradient	halo	1000	2	130	0.5	200	0	0.0	0.0	False
gse175540-GSM5924051_frozen_c_5	halo	skew_heterogeneous_gradient	halo	1000	2	130	1.0	200	0	0.0	0.0	False
gse175540-GSM5924051_frozen_c_5	halo	skew_heterogeneous_gradient	halo	2000	3	130	0.5	200	0	0.0	0.0	False
gse175540-GSM5924051_frozen_c_5	halo	skew_heterogeneous_gradient	halo	2000	3	130	1.0	200	0	0.0	0.0	False
gse175540-GSM5924051_frozen_c_5	halo	skew_heterogeneous_gradient	halo	4000	3	130	0.5	200	0	0.0	0.0	False
gse175540-GSM5924051_frozen_c_5	halo	skew_heterogeneous_gradient	halo	4000	3	130	1.0	200	0	0.0	0.0	False
gse175540-GSM5924052_frozen_c_23	halo	gaussian_1500	halo	100	0	130	0.5	200	118	0.59	0.5295731857538195	False
gse175540-GSM5924052_frozen_c_23	halo	gaussian_1500	halo	100	0	130	1.0	200	195	0.975	0.9481566608797095	True
gse175540-GSM5924052_frozen_c_23	halo	gaussian_1500	halo	250	0	130	0.5	200	34	0.17	0.127707468721952	False
gse175540-GSM5924052_frozen_c_23	halo	gaussian_1500	halo	250	0	130	1.0	200	120	0.6	0.5396837953697727	False
gse175540-GSM5924052_frozen_c_23	halo	gaussian_1500	halo	500	1	130	0.5	200	0	0.0	0.0	False
gse175540-GSM5924052_frozen_c_23	halo	gaussian_1500	halo	500	1	130	1.0	200	0	0.0	0.0	False
gse175540-GSM5924052_frozen_c_23	halo	gaussian_1500	halo	1000	2	130	0.5	200	0	0.0	0.0	False
gse175540-GSM5924052_frozen_c_23	halo	gaussian_1500	halo	1000	2	130	1.0	200	0	0.0	0.0	False
gse175540-GSM5924052_frozen_c_23	halo	gaussian_1500	halo	2000	3	130	0.5	200	0	0.0	0.0	False
gse175540-GSM5924052_frozen_c_23	halo	gaussian_1500	halo	2000	3	130	1.0	200	0	0.0	0.0	False
gse175540-GSM5924052_frozen_c_23	halo	gaussian_1500	halo	4000	3	130	0.5	200	0	0.0	0.0	False
gse175540-GSM5924052_frozen_c_23	halo	gaussian_1500	halo	4000	3	130	1.0	200	0	0.0	0.0	False
gse175540-GSM5924052_frozen_c_23	halo	gaussian_150	halo	100	0	130	0.5	200	28	0.14	0.10136210370744624	False
gse175540-GSM5924052_frozen_c_23	halo	gaussian_150	halo	100	0	130	1.0	200	163	0.815	0.7639195524964694	False
gse175540-GSM5924052_frozen_c_23	halo	gaussian_150	halo	250	0	130	0.5	200	7	0.035	0.01653963501789509	False
gse175540-GSM5924052_frozen_c_23	halo	gaussian_150	halo	250	0	130	1.0	200	41	0.205	0.15906671864608193	False
gse175540-GSM5924052_frozen_c_23	halo	gaussian_150	halo	500	1	130	0.5	200	0	0.0	0.0	False
gse175540-GSM5924052_frozen_c_23	halo	gaussian_150	halo	500	1	130	1.0	200	0	0.0	0.0	False
gse175540-GSM5924052_frozen_c_23	halo	gaussian_150	halo	1000	2	130	0.5	200	0	0.0	0.0	False
gse175540-GSM5924052_frozen_c_23	halo	gaussian_150	halo	1000	2	130	1.0	200	0	0.0	0.0	False
gse175540-GSM5924052_frozen_c_23	halo	gaussian_150	halo	2000	3	130	0.5	200	0	0.0	0.0	False
gse175540-GSM5924052_frozen_c_23	halo	gaussian_150	halo	2000	3	130	1.0	200	0	0.0	0.0	False
gse175540-GSM5924052_frozen_c_23	halo	gaussian_150	halo	4000	3	130	0.5	200	0	0.0	0.0	False
gse175540-GSM5924052_frozen_c_23	halo	gaussian_150	halo	4000	3	130	1.0	200	0	0.0	0.0	False
gse175540-GSM5924052_frozen_c_23	halo	gaussian_4000	halo	100	0	130	0.5	200	160	0.8	0.7477504679917852	False
gse175540-GSM5924052_frozen_c_23	halo	gaussian_4000	halo	100	0	130	1.0	200	197	0.985	0.9616902915014307	True
gse175540-GSM5924052_frozen_c_23	halo	gaussian_4000	halo	250	0	130	0.5	200	45	0.225	0.17723719428386583	False
gse175540-GSM5924052_frozen_c_23	halo	gaussian_4000	halo	250	0	130	1.0	200	92	0.46	0.4002734546346322	False
gse175540-GSM5924052_frozen_c_23	halo	gaussian_4000	halo	500	1	130	0.5	200	0	0.0	0.0	False
gse175540-GSM5924052_frozen_c_23	halo	gaussian_4000	halo	500	1	130	1.0	200	0	0.0	0.0	False
gse175540-GSM5924052_frozen_c_23	halo	gaussian_4000	halo	1000	2	130	0.5	200	0	0.0	0.0	False
gse175540-GSM5924052_frozen_c_23	halo	gaussian_4000	halo	1000	2	130	1.0	200	0	0.0	0.0	False
gse175540-GSM5924052_frozen_c_23	halo	gaussian_4000	halo	2000	3	130	0.5	200	0	0.0	0.0	False
gse175540-GSM5924052_frozen_c_23	halo	gaussian_4000	halo	2000	3	130	1.0	200	0	0.0	0.0	False
gse175540-GSM5924052_frozen_c_23	halo	gaussian_4000	halo	4000	3	130	0.5	200	0	0.0	0.0	False
gse175540-GSM5924052_frozen_c_23	halo	gaussian_4000	halo	4000	3	130	1.0	200	0	0.0	0.0	False
gse175540-GSM5924052_frozen_c_23	halo	gaussian_500	halo	100	0	130	0.5	200	65	0.325	0.2702483829145604	False
gse175540-GSM5924052_frozen_c_23	halo	gaussian_500	halo	100	0	130	1.0	200	175	0.875	0.8298072741246233	True
gse175540-GSM5924052_frozen_c_23	halo	gaussian_500	halo	250	0	130	0.5	200	12	0.06	0.03498213212553194	False
gse175540-GSM5924052_frozen_c_23	halo	gaussian_500	halo	250	0	130	1.0	200	81	0.405	0.3467544340720227	False
gse175540-GSM5924052_frozen_c_23	halo	gaussian_500	halo	500	1	130	0.5	200	0	0.0	0.0	False
gse175540-GSM5924052_frozen_c_23	halo	gaussian_500	halo	500	1	130	1.0	200	0	0.0	0.0	False
gse175540-GSM5924052_frozen_c_23	halo	gaussian_500	halo	1000	2	130	0.5	200	0	0.0	0.0	False
gse175540-GSM5924052_frozen_c_23	halo	gaussian_500	halo	1000	2	130	1.0	200	0	0.0	0.0	False
gse175540-GSM5924052_frozen_c_23	halo	gaussian_500	halo	2000	3	130	0.5	200	0	0.0	0.0	False
gse175540-GSM5924052_frozen_c_23	halo	gaussian_500	halo	2000	3	130	1.0	200	0	0.0	0.0	False
gse175540-GSM5924052_frozen_c_23	halo	gaussian_500	halo	4000	3	130	0.5	200	0	0.0	0.0	False
gse175540-GSM5924052_frozen_c_23	halo	gaussian_500	halo	4000	3	130	1.0	200	0	0.0	0.0	False
gse175540-GSM5924052_frozen_c_23	halo	mixture	halo	100	0	130	0.5	200	40	0.2	0.15455098766686928	False
gse175540-GSM5924052_frozen_c_23	halo	mixture	halo	100	0	130	1.0	200	164	0.82	0.7693328826160744	False
gse175540-GSM5924052_frozen_c_23	halo	mixture	halo	250	0	130	0.5	200	10	0.05	0.027374253525114488	False
gse175540-GSM5924052_frozen_c_23	halo	mixture	halo	250	0	130	1.0	200	64	0.32	0.2655235765317892	False
gse175540-GSM5924052_frozen_c_23	halo	mixture	halo	500	1	130	0.5	200	0	0.0	0.0	False
gse175540-GSM5924052_frozen_c_23	halo	mixture	halo	500	1	130	1.0	200	0	0.0	0.0	False
gse175540-GSM5924052_frozen_c_23	halo	mixture	halo	1000	2	130	0.5	200	0	0.0	0.0	False
gse175540-GSM5924052_frozen_c_23	halo	mixture	halo	1000	2	130	1.0	200	0	0.0	0.0	False
gse175540-GSM5924052_frozen_c_23	halo	mixture	halo	2000	3	130	0.5	200	0	0.0	0.0	False
gse175540-GSM5924052_frozen_c_23	halo	mixture	halo	2000	3	130	1.0	200	0	0.0	0.0	False
gse175540-GSM5924052_frozen_c_23	halo	mixture	halo	4000	3	130	0.5	200	0	0.0	0.0	False
gse175540-GSM5924052_frozen_c_23	halo	mixture	halo	4000	3	130	1.0	200	0	0.0	0.0	False
gse175540-GSM5924052_frozen_c_23	halo	skew_heterogeneous_gradient	halo	100	0	130	0.5	200	38	0.19	0.14555391426956013	False
gse175540-GSM5924052_frozen_c_23	halo	skew_heterogeneous_gradient	halo	100	0	130	1.0	200	157	0.785	0.7316809373724984	False
gse175540-GSM5924052_frozen_c_23	halo	skew_heterogeneous_gradient	halo	250	0	130	0.5	200	13	0.065	0.03887271590942304	False
gse175540-GSM5924052_frozen_c_23	halo	skew_heterogeneous_gradient	halo	250	0	130	1.0	200	57	0.285	0.2326549315210225	False
gse175540-GSM5924052_frozen_c_23	halo	skew_heterogeneous_gradient	halo	500	1	130	0.5	200	0	0.0	0.0	False
gse175540-GSM5924052_frozen_c_23	halo	skew_heterogeneous_gradient	halo	500	1	130	1.0	200	0	0.0	0.0	False
gse175540-GSM5924052_frozen_c_23	halo	skew_heterogeneous_gradient	halo	1000	2	130	0.5	200	0	0.0	0.0	False
gse175540-GSM5924052_frozen_c_23	halo	skew_heterogeneous_gradient	halo	1000	2	130	1.0	200	0	0.0	0.0	False
gse175540-GSM5924052_frozen_c_23	halo	skew_heterogeneous_gradient	halo	2000	3	130	0.5	200	0	0.0	0.0	False
gse175540-GSM5924052_frozen_c_23	halo	skew_heterogeneous_gradient	halo	2000	3	130	1.0	200	0	0.0	0.0	False
gse175540-GSM5924052_frozen_c_23	halo	skew_heterogeneous_gradient	halo	4000	3	130	0.5	200	0	0.0	0.0	False
gse175540-GSM5924052_frozen_c_23	halo	skew_heterogeneous_gradient	halo	4000	3	130	1.0	200	0	0.0	0.0	False
