program_index	program	panel	n_valid_distance_bins	n_valid_distance_contrasts	n_valid_bridge_groups	n_bridge_groups_with_qualified_references	n_valid_inverse_aggregate_rows	inference_status	formal_p
0	GOBP_3_UTR_MEDIATED_MRNA_STABILIZATION	GO_BP	66	52	13	0	3	INTERNAL_AND_DESCRIPTIVE_NOT_SPATIAL_CONFIRMATION	
1	GOBP_ACETYL_COA_BIOSYNTHETIC_PROCESS	GO_BP	331	290	1559	714	27	INTERNAL_AND_DESCRIPTIVE_NOT_SPATIAL_CONFIRMATION	
2	GOBP_ACID_SECRETION	GO_BP	331	290	1559	714	27	INTERNAL_AND_DESCRIPTIVE_NOT_SPATIAL_CONFIRMATION	
3	GOBP_ACROSOME_ASSEMBLY	GO_BP	331	290	1559	714	27	INTERNAL_AND_DESCRIPTIVE_NOT_SPATIAL_CONFIRMATION	
4	GOBP_ACROSOME_REACTION	GO_BP	331	290	1559	714	27	INTERNAL_AND_DESCRIPTIVE_NOT_SPATIAL_CONFIRMATION	
5	GOBP_ACTIN_FILAMENT_DEPOLYMERIZATION	GO_BP	331	290	1559	714	27	INTERNAL_AND_DESCRIPTIVE_NOT_SPATIAL_CONFIRMATION	
6	GOBP_ACTIN_FILAMENT_POLYMERIZATION	GO_BP	331	290	1559	714	27	INTERNAL_AND_DESCRIPTIVE_NOT_SPATIAL_CONFIRMATION	
7	GOBP_ACTIVATED_T_CELL_PROLIFERATION	GO_BP	331	290	1559	714	27	INTERNAL_AND_DESCRIPTIVE_NOT_SPATIAL_CONFIRMATION	
8	GOBP_ACTIVATION_OF_GTPASE_ACTIVITY	GO_BP	331	290	1559	714	27	INTERNAL_AND_DESCRIPTIVE_NOT_SPATIAL_CONFIRMATION	
9	GOBP_ACTIVATION_OF_PROTEIN_KINASE_ACTIVITY	GO_BP	331	290	1559	714	27	INTERNAL_AND_DESCRIPTIVE_NOT_SPATIAL_CONFIRMATION	
10	GOBP_ACUTE_PHASE_RESPONSE	GO_BP	331	290	1559	714	27	INTERNAL_AND_DESCRIPTIVE_NOT_SPATIAL_CONFIRMATION	
11	GOBP_ACYLGLYCEROL_HOMEOSTASIS	GO_BP	331	290	1559	714	27	INTERNAL_AND_DESCRIPTIVE_NOT_SPATIAL_CONFIRMATION	
12	GOBP_ADAPTIVE_THERMOGENESIS	GO_BP	331	290	1559	714	27	INTERNAL_AND_DESCRIPTIVE_NOT_SPATIAL_CONFIRMATION	
13	GOBP_ADENYLATE_CYCLASE_ACTIVATING_ADRENERGIC_RECEPTOR_SIGNALING_PATHWAY	GO_BP	331	290	1559	714	27	INTERNAL_AND_DESCRIPTIVE_NOT_SPATIAL_CONFIRMATION	
14	GOBP_ADENYLATE_CYCLASE_INHIBITING_G_PROTEIN_COUPLED_RECEPTOR_SIGNALING_PATHWAY	GO_BP	331	290	1559	714	27	INTERNAL_AND_DESCRIPTIVE_NOT_SPATIAL_CONFIRMATION	
15	GOBP_ADHERENS_JUNCTION_ORGANIZATION	GO_BP	331	290	1559	714	27	INTERNAL_AND_DESCRIPTIVE_NOT_SPATIAL_CONFIRMATION	
16	GOBP_ADIPOSE_TISSUE_DEVELOPMENT	GO_BP	331	290	1559	714	27	INTERNAL_AND_DESCRIPTIVE_NOT_SPATIAL_CONFIRMATION	
17	GOBP_ADRENAL_GLAND_DEVELOPMENT	GO_BP	331	290	1559	714	27	INTERNAL_AND_DESCRIPTIVE_NOT_SPATIAL_CONFIRMATION	
18	GOBP_ADULT_LOCOMOTORY_BEHAVIOR	GO_BP	331	290	1559	714	27	INTERNAL_AND_DESCRIPTIVE_NOT_SPATIAL_CONFIRMATION	
19	GOBP_ALCOHOL_CATABOLIC_PROCESS	GO_BP	331	290	1559	714	27	INTERNAL_AND_DESCRIPTIVE_NOT_SPATIAL_CONFIRMATION	
20	GOBP_ALDEHYDE_METABOLIC_PROCESS	GO_BP	331	290	1559	714	27	INTERNAL_AND_DESCRIPTIVE_NOT_SPATIAL_CONFIRMATION	
21	GOBP_ALDITOL_METABOLIC_PROCESS	GO_BP	331	290	1559	714	27	INTERNAL_AND_DESCRIPTIVE_NOT_SPATIAL_CONFIRMATION	
22	GOBP_ALPHA_AMINO_ACID_METABOLIC_PROCESS	GO_BP	331	290	1559	714	27	INTERNAL_AND_DESCRIPTIVE_NOT_SPATIAL_CONFIRMATION	
23	GOBP_AMIDE_BIOSYNTHETIC_PROCESS	GO_BP	331	290	1559	714	27	INTERNAL_AND_DESCRIPTIVE_NOT_SPATIAL_CONFIRMATION	
24	GOBP_AMIDE_METABOLIC_PROCESS	GO_BP	331	290	1559	714	27	INTERNAL_AND_DESCRIPTIVE_NOT_SPATIAL_CONFIRMATION	
25	GOBP_AMIDE_TRANSPORT	GO_BP	331	290	1559	714	27	INTERNAL_AND_DESCRIPTIVE_NOT_SPATIAL_CONFIRMATION	
26	GOBP_AMINE_BIOSYNTHETIC_PROCESS	GO_BP	331	290	1559	714	27	INTERNAL_AND_DESCRIPTIVE_NOT_SPATIAL_CONFIRMATION	
27	GOBP_AMINE_CATABOLIC_PROCESS	GO_BP	66	52	13	0	3	INTERNAL_AND_DESCRIPTIVE_NOT_SPATIAL_CONFIRMATION	
28	GOBP_AMINE_TRANSPORT	GO_BP	331	290	1559	714	27	INTERNAL_AND_DESCRIPTIVE_NOT_SPATIAL_CONFIRMATION	
29	GOBP_AMINO_ACID_ACTIVATION	GO_BP	155	148	1480	708	9	INTERNAL_AND_DESCRIPTIVE_NOT_SPATIAL_CONFIRMATION	
30	GOBP_AMINO_ACID_BIOSYNTHETIC_PROCESS	GO_BP	331	290	1559	714	27	INTERNAL_AND_DESCRIPTIVE_NOT_SPATIAL_CONFIRMATION	
31	GOBP_AMINO_ACID_IMPORT_ACROSS_PLASMA_MEMBRANE	GO_BP	331	290	1559	714	27	INTERNAL_AND_DESCRIPTIVE_NOT_SPATIAL_CONFIRMATION	
32	GOBP_AMINO_SUGAR_METABOLIC_PROCESS	GO_BP	331	290	1559	714	27	INTERNAL_AND_DESCRIPTIVE_NOT_SPATIAL_CONFIRMATION	
33	GOBP_AMMONIUM_ION_METABOLIC_PROCESS	GO_BP	331	290	1559	714	27	INTERNAL_AND_DESCRIPTIVE_NOT_SPATIAL_CONFIRMATION	
34	GOBP_AMP_METABOLIC_PROCESS	GO_BP	331	290	1559	714	27	INTERNAL_AND_DESCRIPTIVE_NOT_SPATIAL_CONFIRMATION	
35	GOBP_AMYLOID_BETA_CLEARANCE	GO_BP	331	290	1559	714	27	INTERNAL_AND_DESCRIPTIVE_NOT_SPATIAL_CONFIRMATION	
36	GOBP_AMYLOID_BETA_FORMATION	GO_BP	0	0	0	0	0	INTERNAL_AND_DESCRIPTIVE_NOT_SPATIAL_CONFIRMATION	
37	GOBP_AMYLOID_FIBRIL_FORMATION	GO_BP	331	290	1559	714	27	INTERNAL_AND_DESCRIPTIVE_NOT_SPATIAL_CONFIRMATION	
38	GOBP_ANAPHASE_PROMOTING_COMPLEX_DEPENDENT_CATABOLIC_PROCESS	GO_BP	331	290	1559	714	27	INTERNAL_AND_DESCRIPTIVE_NOT_SPATIAL_CONFIRMATION	
39	GOBP_ANDROGEN_METABOLIC_PROCESS	GO_BP	331	290	1559	714	27	INTERNAL_AND_DESCRIPTIVE_NOT_SPATIAL_CONFIRMATION	
40	GOBP_ANDROGEN_RECEPTOR_SIGNALING_PATHWAY	GO_BP	331	290	1559	714	27	INTERNAL_AND_DESCRIPTIVE_NOT_SPATIAL_CONFIRMATION	
41	GOBP_ANGIOTENSIN_ACTIVATED_SIGNALING_PATHWAY	GO_BP	331	290	1559	714	27	INTERNAL_AND_DESCRIPTIVE_NOT_SPATIAL_CONFIRMATION	
42	GOBP_ANTERIOR_POSTERIOR_AXIS_SPECIFICATION	GO_BP	331	290	1559	714	27	INTERNAL_AND_DESCRIPTIVE_NOT_SPATIAL_CONFIRMATION	
43	GOBP_ANTEROGRADE_AXONAL_TRANSPORT	GO_BP	331	290	1559	714	27	INTERNAL_AND_DESCRIPTIVE_NOT_SPATIAL_CONFIRMATION	
44	GOBP_ANTIBACTERIAL_HUMORAL_RESPONSE	GO_BP	221	200	1493	708	24	INTERNAL_AND_DESCRIPTIVE_NOT_SPATIAL_CONFIRMATION	
45	GOBP_ANTIFUNGAL_INNATE_IMMUNE_RESPONSE	GO_BP	331	290	1559	714	27	INTERNAL_AND_DESCRIPTIVE_NOT_SPATIAL_CONFIRMATION	
46	GOBP_ANTIGEN_PROCESSING_AND_PRESENTATION_OF_ENDOGENOUS_PEPTIDE_ANTIGEN	GO_BP	331	290	1559	714	27	INTERNAL_AND_DESCRIPTIVE_NOT_SPATIAL_CONFIRMATION	
47	GOBP_ANTIGEN_PROCESSING_AND_PRESENTATION_OF_EXOGENOUS_PEPTIDE_ANTIGEN_VIA_MHC_CLASS_II	GO_BP	331	290	1559	714	27	INTERNAL_AND_DESCRIPTIVE_NOT_SPATIAL_CONFIRMATION	
48	GOBP_ANTIGEN_PROCESSING_AND_PRESENTATION_OF_PEPTIDE_ANTIGEN_VIA_MHC_CLASS_I	GO_BP	331	290	1559	714	27	INTERNAL_AND_DESCRIPTIVE_NOT_SPATIAL_CONFIRMATION	
49	GOBP_ANTIGEN_PROCESSING_AND_PRESENTATION_VIA_MHC_CLASS_IB	GO_BP	331	290	1559	714	27	INTERNAL_AND_DESCRIPTIVE_NOT_SPATIAL_CONFIRMATION	
50	GOBP_ANTIMICROBIAL_HUMORAL_IMMUNE_RESPONSE_MEDIATED_BY_ANTIMICROBIAL_PEPTIDE	GO_BP	221	200	1493	708	24	INTERNAL_AND_DESCRIPTIVE_NOT_SPATIAL_CONFIRMATION	
51	GOBP_ANTIVIRAL_INNATE_IMMUNE_RESPONSE	GO_BP	331	290	1559	714	27	INTERNAL_AND_DESCRIPTIVE_NOT_SPATIAL_CONFIRMATION	
52	GOBP_AORTA_MORPHOGENESIS	GO_BP	331	290	1559	714	27	INTERNAL_AND_DESCRIPTIVE_NOT_SPATIAL_CONFIRMATION	
53	GOBP_AORTIC_VALVE_MORPHOGENESIS	GO_BP	331	290	1559	714	27	INTERNAL_AND_DESCRIPTIVE_NOT_SPATIAL_CONFIRMATION	
54	GOBP_APOPTOTIC_CELL_CLEARANCE	GO_BP	331	290	1559	714	27	INTERNAL_AND_DESCRIPTIVE_NOT_SPATIAL_CONFIRMATION	
55	GOBP_APOPTOTIC_PROCESS_INVOLVED_IN_MORPHOGENESIS	GO_BP	331	290	1559	714	27	INTERNAL_AND_DESCRIPTIVE_NOT_SPATIAL_CONFIRMATION	
56	GOBP_ARACHIDONATE_METABOLIC_PROCESS	GO_BP	331	290	1559	714	27	INTERNAL_AND_DESCRIPTIVE_NOT_SPATIAL_CONFIRMATION	
57	GOBP_ARACHIDONATE_SECRETION	GO_BP	331	290	1559	714	27	INTERNAL_AND_DESCRIPTIVE_NOT_SPATIAL_CONFIRMATION	
58	GOBP_ARF_PROTEIN_SIGNAL_TRANSDUCTION	GO_BP	331	290	1559	714	27	INTERNAL_AND_DESCRIPTIVE_NOT_SPATIAL_CONFIRMATION	
59	GOBP_ARGININE_METABOLIC_PROCESS	GO_BP	331	290	1559	714	27	INTERNAL_AND_DESCRIPTIVE_NOT_SPATIAL_CONFIRMATION	
60	GOBP_AROMATIC_AMINO_ACID_FAMILY_CATABOLIC_PROCESS	GO_BP	331	290	1559	714	27	INTERNAL_AND_DESCRIPTIVE_NOT_SPATIAL_CONFIRMATION	
61	GOBP_ARP2_3_COMPLEX_MEDIATED_ACTIN_NUCLEATION	GO_BP	331	290	1559	714	27	INTERNAL_AND_DESCRIPTIVE_NOT_SPATIAL_CONFIRMATION	
62	GOBP_ASPARTATE_FAMILY_AMINO_ACID_METABOLIC_PROCESS	GO_BP	331	290	1559	714	27	INTERNAL_AND_DESCRIPTIVE_NOT_SPATIAL_CONFIRMATION	
63	GOBP_ASPARTATE_TRANSMEMBRANE_TRANSPORT	GO_BP	331	290	1559	714	27	INTERNAL_AND_DESCRIPTIVE_NOT_SPATIAL_CONFIRMATION	
64	GOBP_ASSOCIATIVE_LEARNING	GO_BP	331	290	1559	714	27	INTERNAL_AND_DESCRIPTIVE_NOT_SPATIAL_CONFIRMATION	
65	GOBP_ASTROCYTE_ACTIVATION	GO_BP	331	290	1559	714	27	INTERNAL_AND_DESCRIPTIVE_NOT_SPATIAL_CONFIRMATION	
66	GOBP_ATP_TRANSPORT	GO_BP	331	290	1559	714	27	INTERNAL_AND_DESCRIPTIVE_NOT_SPATIAL_CONFIRMATION	
67	GOBP_ATRIAL_CARDIAC_MUSCLE_TISSUE_DEVELOPMENT	GO_BP	331	290	1559	714	27	INTERNAL_AND_DESCRIPTIVE_NOT_SPATIAL_CONFIRMATION	
68	GOBP_ATRIAL_SEPTUM_DEVELOPMENT	GO_BP	331	290	1559	714	27	INTERNAL_AND_DESCRIPTIVE_NOT_SPATIAL_CONFIRMATION	
69	GOBP_ATRIOVENTRICULAR_VALVE_DEVELOPMENT	GO_BP	331	290	1559	714	27	INTERNAL_AND_DESCRIPTIVE_NOT_SPATIAL_CONFIRMATION	
70	GOBP_ATTACHMENT_OF_MITOTIC_SPINDLE_MICROTUBULES_TO_KINETOCHORE	GO_BP	331	290	1559	714	27	INTERNAL_AND_DESCRIPTIVE_NOT_SPATIAL_CONFIRMATION	
71	GOBP_AUDITORY_RECEPTOR_CELL_STEREOCILIUM_ORGANIZATION	GO_BP	331	290	1559	714	27	INTERNAL_AND_DESCRIPTIVE_NOT_SPATIAL_CONFIRMATION	
72	GOBP_AUTOPHAGOSOME_MATURATION	GO_BP	331	290	1559	714	27	INTERNAL_AND_DESCRIPTIVE_NOT_SPATIAL_CONFIRMATION	
73	GOBP_AUTOPHAGOSOME_ORGANIZATION	GO_BP	331	290	1559	714	27	INTERNAL_AND_DESCRIPTIVE_NOT_SPATIAL_CONFIRMATION	
74	GOBP_AXONAL_FASCICULATION	GO_BP	331	290	1559	714	27	INTERNAL_AND_DESCRIPTIVE_NOT_SPATIAL_CONFIRMATION	
75	GOBP_AXON_ENSHEATHMENT_IN_CENTRAL_NERVOUS_SYSTEM	GO_BP	331	290	1559	714	27	INTERNAL_AND_DESCRIPTIVE_NOT_SPATIAL_CONFIRMATION	
76	GOBP_AXON_EXTENSION	GO_BP	331	290	1559	714	27	INTERNAL_AND_DESCRIPTIVE_NOT_SPATIAL_CONFIRMATION	
77	GOBP_BARBED_END_ACTIN_FILAMENT_CAPPING	GO_BP	331	290	1559	714	27	INTERNAL_AND_DESCRIPTIVE_NOT_SPATIAL_CONFIRMATION	
78	GOBP_BASEMENT_MEMBRANE_ORGANIZATION	GO_BP	331	290	1559	714	27	INTERNAL_AND_DESCRIPTIVE_NOT_SPATIAL_CONFIRMATION	
79	GOBP_BASE_EXCISION_REPAIR	GO_BP	331	290	1559	714	27	INTERNAL_AND_DESCRIPTIVE_NOT_SPATIAL_CONFIRMATION	
80	GOBP_BASIC_AMINO_ACID_TRANSPORT	GO_BP	331	290	1559	714	27	INTERNAL_AND_DESCRIPTIVE_NOT_SPATIAL_CONFIRMATION	
81	GOBP_BEHAVIORAL_RESPONSE_TO_PAIN	GO_BP	331	290	1559	714	27	INTERNAL_AND_DESCRIPTIVE_NOT_SPATIAL_CONFIRMATION	
82	GOBP_BENZENE_CONTAINING_COMPOUND_METABOLIC_PROCESS	GO_BP	331	290	1559	714	27	INTERNAL_AND_DESCRIPTIVE_NOT_SPATIAL_CONFIRMATION	
83	GOBP_BICARBONATE_TRANSPORT	GO_BP	331	290	1559	714	27	INTERNAL_AND_DESCRIPTIVE_NOT_SPATIAL_CONFIRMATION	
84	GOBP_BILE_ACID_AND_BILE_SALT_TRANSPORT	GO_BP	331	290	1559	714	27	INTERNAL_AND_DESCRIPTIVE_NOT_SPATIAL_CONFIRMATION	
85	GOBP_BILE_ACID_BIOSYNTHETIC_PROCESS	GO_BP	331	290	1559	714	27	INTERNAL_AND_DESCRIPTIVE_NOT_SPATIAL_CONFIRMATION	
86	GOBP_BINDING_OF_SPERM_TO_ZONA_PELLUCIDA	GO_BP	331	290	1559	714	27	INTERNAL_AND_DESCRIPTIVE_NOT_SPATIAL_CONFIRMATION	
87	GOBP_BIOLOGICAL_PROCESS_INVOLVED_IN_INTERACTION_WITH_SYMBIONT	GO_BP	66	52	13	0	3	INTERNAL_AND_DESCRIPTIVE_NOT_SPATIAL_CONFIRMATION	
88	GOBP_BIOLOGICAL_PROCESS_INVOLVED_IN_INTRASPECIES_INTERACTION_BETWEEN_ORGANISMS	GO_BP	331	290	1559	714	27	INTERNAL_AND_DESCRIPTIVE_NOT_SPATIAL_CONFIRMATION	
89	GOBP_BLASTOCYST_GROWTH	GO_BP	331	290	1559	714	27	INTERNAL_AND_DESCRIPTIVE_NOT_SPATIAL_CONFIRMATION	
90	GOBP_BLOOD_VESSEL_ENDOTHELIAL_CELL_PROLIFERATION_INVOLVED_IN_SPROUTING_ANGIOGENESIS	GO_BP	0	0	0	0	0	INTERNAL_AND_DESCRIPTIVE_NOT_SPATIAL_CONFIRMATION	
91	GOBP_BLOOD_VESSEL_REMODELING	GO_BP	331	290	1559	714	27	INTERNAL_AND_DESCRIPTIVE_NOT_SPATIAL_CONFIRMATION	
92	GOBP_BONE_MATURATION	GO_BP	331	290	1559	714	27	INTERNAL_AND_DESCRIPTIVE_NOT_SPATIAL_CONFIRMATION	
93	GOBP_BONE_MINERALIZATION	GO_BP	331	290	1559	714	27	INTERNAL_AND_DESCRIPTIVE_NOT_SPATIAL_CONFIRMATION	
94	GOBP_BONE_RESORPTION	GO_BP	331	290	1559	714	27	INTERNAL_AND_DESCRIPTIVE_NOT_SPATIAL_CONFIRMATION	
95	GOBP_BRAIN_MORPHOGENESIS	GO_BP	331	290	1559	714	27	INTERNAL_AND_DESCRIPTIVE_NOT_SPATIAL_CONFIRMATION	
96	GOBP_BRANCHED_CHAIN_AMINO_ACID_METABOLIC_PROCESS	GO_BP	331	290	1559	714	27	INTERNAL_AND_DESCRIPTIVE_NOT_SPATIAL_CONFIRMATION	
97	GOBP_BRANCHING_INVOLVED_IN_BLOOD_VESSEL_MORPHOGENESIS	GO_BP	331	290	1559	714	27	INTERNAL_AND_DESCRIPTIVE_NOT_SPATIAL_CONFIRMATION	
98	GOBP_BRANCHING_INVOLVED_IN_MAMMARY_GLAND_DUCT_MORPHOGENESIS	GO_BP	331	290	1559	714	27	INTERNAL_AND_DESCRIPTIVE_NOT_SPATIAL_CONFIRMATION	
99	GOBP_BRANCHING_INVOLVED_IN_SALIVARY_GLAND_MORPHOGENESIS	GO_BP	331	290	1559	714	27	INTERNAL_AND_DESCRIPTIVE_NOT_SPATIAL_CONFIRMATION	
100	GOBP_BRANCH_ELONGATION_OF_AN_EPITHELIUM	GO_BP	331	290	1559	714	27	INTERNAL_AND_DESCRIPTIVE_NOT_SPATIAL_CONFIRMATION	
101	GOBP_BROWN_FAT_CELL_DIFFERENTIATION	GO_BP	331	290	1559	714	27	INTERNAL_AND_DESCRIPTIVE_NOT_SPATIAL_CONFIRMATION	
102	GOBP_B_CELL_ACTIVATION_INVOLVED_IN_IMMUNE_RESPONSE	GO_BP	331	290	1559	714	27	INTERNAL_AND_DESCRIPTIVE_NOT_SPATIAL_CONFIRMATION	
103	GOBP_B_CELL_HOMEOSTASIS	GO_BP	331	290	1559	714	27	INTERNAL_AND_DESCRIPTIVE_NOT_SPATIAL_CONFIRMATION	
104	GOBP_B_CELL_PROLIFERATION	GO_BP	331	290	1559	714	27	INTERNAL_AND_DESCRIPTIVE_NOT_SPATIAL_CONFIRMATION	
105	GOBP_B_CELL_RECEPTOR_SIGNALING_PATHWAY	GO_BP	331	290	1559	714	27	INTERNAL_AND_DESCRIPTIVE_NOT_SPATIAL_CONFIRMATION	
106	GOBP_C21_STEROID_HORMONE_BIOSYNTHETIC_PROCESS	GO_BP	331	290	1559	714	27	INTERNAL_AND_DESCRIPTIVE_NOT_SPATIAL_CONFIRMATION	
107	GOBP_CALCINEURIN_MEDIATED_SIGNALING	GO_BP	331	290	1559	714	27	INTERNAL_AND_DESCRIPTIVE_NOT_SPATIAL_CONFIRMATION	
108	GOBP_CALCIUM_DEPENDENT_CELL_CELL_ADHESION_VIA_PLASMA_MEMBRANE_CELL_ADHESION_MOLECULES	GO_BP	331	290	1559	714	27	INTERNAL_AND_DESCRIPTIVE_NOT_SPATIAL_CONFIRMATION	
109	GOBP_CALCIUM_INDEPENDENT_CELL_CELL_ADHESION_VIA_PLASMA_MEMBRANE_CELL_ADHESION_MOLECULES	GO_BP	331	290	1559	714	27	INTERNAL_AND_DESCRIPTIVE_NOT_SPATIAL_CONFIRMATION	
110	GOBP_CALCIUM_ION_IMPORT_ACROSS_PLASMA_MEMBRANE	GO_BP	221	200	1493	708	24	INTERNAL_AND_DESCRIPTIVE_NOT_SPATIAL_CONFIRMATION	
111	GOBP_CALCIUM_ION_REGULATED_EXOCYTOSIS	GO_BP	331	290	1559	714	27	INTERNAL_AND_DESCRIPTIVE_NOT_SPATIAL_CONFIRMATION	
112	GOBP_CALCIUM_ION_TRANSMEMBRANE_TRANSPORT_VIA_HIGH_VOLTAGE_GATED_CALCIUM_CHANNEL	GO_BP	331	290	1559	714	27	INTERNAL_AND_DESCRIPTIVE_NOT_SPATIAL_CONFIRMATION	
113	GOBP_CALCIUM_ION_TRANSPORT_INTO_CYTOSOL	GO_BP	331	290	1559	714	27	INTERNAL_AND_DESCRIPTIVE_NOT_SPATIAL_CONFIRMATION	
114	GOBP_CAMERA_TYPE_EYE_PHOTORECEPTOR_CELL_DIFFERENTIATION	GO_BP	331	290	1559	714	27	INTERNAL_AND_DESCRIPTIVE_NOT_SPATIAL_CONFIRMATION	
115	GOBP_CAMP_MEDIATED_SIGNALING	GO_BP	331	290	1559	714	27	INTERNAL_AND_DESCRIPTIVE_NOT_SPATIAL_CONFIRMATION	
116	GOBP_CAMP_METABOLIC_PROCESS	GO_BP	331	290	1559	714	27	INTERNAL_AND_DESCRIPTIVE_NOT_SPATIAL_CONFIRMATION	
117	GOBP_CANONICAL_NF_KAPPAB_SIGNAL_TRANSDUCTION	GO_BP	331	290	1559	714	27	INTERNAL_AND_DESCRIPTIVE_NOT_SPATIAL_CONFIRMATION	
118	GOBP_CANONICAL_WNT_SIGNALING_PATHWAY	GO_BP	331	290	1559	714	27	INTERNAL_AND_DESCRIPTIVE_NOT_SPATIAL_CONFIRMATION	
119	GOBP_CARBOHYDRATE_PHOSPHORYLATION	GO_BP	331	290	1559	714	27	INTERNAL_AND_DESCRIPTIVE_NOT_SPATIAL_CONFIRMATION	
120	GOBP_CARDIAC_ATRIUM_MORPHOGENESIS	GO_BP	331	290	1559	714	27	INTERNAL_AND_DESCRIPTIVE_NOT_SPATIAL_CONFIRMATION	
121	GOBP_CARDIAC_CONDUCTION_SYSTEM_DEVELOPMENT	GO_BP	331	290	1559	714	27	INTERNAL_AND_DESCRIPTIVE_NOT_SPATIAL_CONFIRMATION	
122	GOBP_CARDIAC_EPITHELIAL_TO_MESENCHYMAL_TRANSITION	GO_BP	331	290	1559	714	27	INTERNAL_AND_DESCRIPTIVE_NOT_SPATIAL_CONFIRMATION	
123	GOBP_CARDIAC_MUSCLE_CELL_MEMBRANE_REPOLARIZATION	GO_BP	331	290	1559	714	27	INTERNAL_AND_DESCRIPTIVE_NOT_SPATIAL_CONFIRMATION	
124	GOBP_CARDIAC_MUSCLE_CELL_PROLIFERATION	GO_BP	66	52	13	0	3	INTERNAL_AND_DESCRIPTIVE_NOT_SPATIAL_CONFIRMATION	
125	GOBP_CARDIAC_MYOFIBRIL_ASSEMBLY	GO_BP	331	290	1559	714	27	INTERNAL_AND_DESCRIPTIVE_NOT_SPATIAL_CONFIRMATION	
126	GOBP_CARDIAC_RIGHT_VENTRICLE_MORPHOGENESIS	GO_BP	331	290	1559	714	27	INTERNAL_AND_DESCRIPTIVE_NOT_SPATIAL_CONFIRMATION	
127	GOBP_CARTILAGE_CONDENSATION	GO_BP	331	290	1559	714	27	INTERNAL_AND_DESCRIPTIVE_NOT_SPATIAL_CONFIRMATION	
128	GOBP_CATECHOLAMINE_SECRETION	GO_BP	331	290	1559	714	27	INTERNAL_AND_DESCRIPTIVE_NOT_SPATIAL_CONFIRMATION	
129	GOBP_CATECHOL_CONTAINING_COMPOUND_BIOSYNTHETIC_PROCESS	GO_BP	331	290	1559	714	27	INTERNAL_AND_DESCRIPTIVE_NOT_SPATIAL_CONFIRMATION	
130	GOBP_CD4_POSITIVE_ALPHA_BETA_T_CELL_PROLIFERATION	GO_BP	331	290	1559	714	27	INTERNAL_AND_DESCRIPTIVE_NOT_SPATIAL_CONFIRMATION	
131	GOBP_CELLULAR_COMPONENT_DISASSEMBLY_INVOLVED_IN_EXECUTION_PHASE_OF_APOPTOSIS	GO_BP	331	290	1559	714	27	INTERNAL_AND_DESCRIPTIVE_NOT_SPATIAL_CONFIRMATION	
132	GOBP_CELLULAR_DEFENSE_RESPONSE	GO_BP	331	290	1559	714	27	INTERNAL_AND_DESCRIPTIVE_NOT_SPATIAL_CONFIRMATION	
133	GOBP_CELLULAR_HYPEROSMOTIC_RESPONSE	GO_BP	331	290	1559	714	27	INTERNAL_AND_DESCRIPTIVE_NOT_SPATIAL_CONFIRMATION	
134	GOBP_CELLULAR_OXIDANT_DETOXIFICATION	GO_BP	331	290	1559	714	27	INTERNAL_AND_DESCRIPTIVE_NOT_SPATIAL_CONFIRMATION	
135	GOBP_CELLULAR_RESPONSE_TO_ACID_CHEMICAL	GO_BP	331	290	1559	714	27	INTERNAL_AND_DESCRIPTIVE_NOT_SPATIAL_CONFIRMATION	
136	GOBP_CELLULAR_RESPONSE_TO_ALKALOID	GO_BP	331	290	1559	714	27	INTERNAL_AND_DESCRIPTIVE_NOT_SPATIAL_CONFIRMATION	
137	GOBP_CELLULAR_RESPONSE_TO_AMYLOID_BETA	GO_BP	331	290	1559	714	27	INTERNAL_AND_DESCRIPTIVE_NOT_SPATIAL_CONFIRMATION	
138	GOBP_CELLULAR_RESPONSE_TO_CADMIUM_ION	GO_BP	331	290	1559	714	27	INTERNAL_AND_DESCRIPTIVE_NOT_SPATIAL_CONFIRMATION	
139	GOBP_CELLULAR_RESPONSE_TO_CALCIUM_ION	GO_BP	331	290	1559	714	27	INTERNAL_AND_DESCRIPTIVE_NOT_SPATIAL_CONFIRMATION	
140	GOBP_CELLULAR_RESPONSE_TO_CAMP	GO_BP	331	290	1559	714	27	INTERNAL_AND_DESCRIPTIVE_NOT_SPATIAL_CONFIRMATION	
141	GOBP_CELLULAR_RESPONSE_TO_CHOLESTEROL	GO_BP	331	290	1559	714	27	INTERNAL_AND_DESCRIPTIVE_NOT_SPATIAL_CONFIRMATION	
142	GOBP_CELLULAR_RESPONSE_TO_COPPER_ION	GO_BP	331	290	1559	714	27	INTERNAL_AND_DESCRIPTIVE_NOT_SPATIAL_CONFIRMATION	
143	GOBP_CELLULAR_RESPONSE_TO_DEXAMETHASONE_STIMULUS	GO_BP	331	290	1559	714	27	INTERNAL_AND_DESCRIPTIVE_NOT_SPATIAL_CONFIRMATION	
144	GOBP_CELLULAR_RESPONSE_TO_DSRNA	GO_BP	331	290	1559	714	27	INTERNAL_AND_DESCRIPTIVE_NOT_SPATIAL_CONFIRMATION	
145	GOBP_CELLULAR_RESPONSE_TO_ESTRADIOL_STIMULUS	GO_BP	331	290	1559	714	27	INTERNAL_AND_DESCRIPTIVE_NOT_SPATIAL_CONFIRMATION	
146	GOBP_CELLULAR_RESPONSE_TO_EXTERNAL_STIMULUS	GO_BP	331	290	1559	714	27	INTERNAL_AND_DESCRIPTIVE_NOT_SPATIAL_CONFIRMATION	
147	GOBP_CELLULAR_RESPONSE_TO_FATTY_ACID	GO_BP	331	290	1559	714	27	INTERNAL_AND_DESCRIPTIVE_NOT_SPATIAL_CONFIRMATION	
148	GOBP_CELLULAR_RESPONSE_TO_FLUID_SHEAR_STRESS	GO_BP	331	290	1559	714	27	INTERNAL_AND_DESCRIPTIVE_NOT_SPATIAL_CONFIRMATION	
149	GOBP_CELLULAR_RESPONSE_TO_GAMMA_RADIATION	GO_BP	331	290	1559	714	27	INTERNAL_AND_DESCRIPTIVE_NOT_SPATIAL_CONFIRMATION	
150	GOBP_CELLULAR_RESPONSE_TO_GLUCOSE_STARVATION	GO_BP	331	290	1559	714	27	INTERNAL_AND_DESCRIPTIVE_NOT_SPATIAL_CONFIRMATION	
151	GOBP_CELLULAR_RESPONSE_TO_GONADOTROPIN_STIMULUS	GO_BP	331	290	1559	714	27	INTERNAL_AND_DESCRIPTIVE_NOT_SPATIAL_CONFIRMATION	
152	GOBP_CELLULAR_RESPONSE_TO_GROWTH_HORMONE_STIMULUS	GO_BP	331	290	1559	714	27	INTERNAL_AND_DESCRIPTIVE_NOT_SPATIAL_CONFIRMATION	
153	GOBP_CELLULAR_RESPONSE_TO_HEAT	GO_BP	331	290	1559	714	27	INTERNAL_AND_DESCRIPTIVE_NOT_SPATIAL_CONFIRMATION	
154	GOBP_CELLULAR_RESPONSE_TO_HYDROGEN_PEROXIDE	GO_BP	331	290	1559	714	27	INTERNAL_AND_DESCRIPTIVE_NOT_SPATIAL_CONFIRMATION	
155	GOBP_CELLULAR_RESPONSE_TO_INTERFERON_BETA	GO_BP	331	290	1559	714	27	INTERNAL_AND_DESCRIPTIVE_NOT_SPATIAL_CONFIRMATION	
156	GOBP_CELLULAR_RESPONSE_TO_OXYGEN_LEVELS	GO_BP	331	290	1559	714	27	INTERNAL_AND_DESCRIPTIVE_NOT_SPATIAL_CONFIRMATION	
157	GOBP_CELLULAR_RESPONSE_TO_OXYGEN_RADICAL	GO_BP	331	290	1559	714	27	INTERNAL_AND_DESCRIPTIVE_NOT_SPATIAL_CONFIRMATION	
158	GOBP_CELLULAR_RESPONSE_TO_PH	GO_BP	331	290	1559	714	27	INTERNAL_AND_DESCRIPTIVE_NOT_SPATIAL_CONFIRMATION	
159	GOBP_CELLULAR_RESPONSE_TO_PROSTAGLANDIN_STIMULUS	GO_BP	331	290	1559	714	27	INTERNAL_AND_DESCRIPTIVE_NOT_SPATIAL_CONFIRMATION	
160	GOBP_CELLULAR_RESPONSE_TO_RETINOIC_ACID	GO_BP	331	290	1559	714	27	INTERNAL_AND_DESCRIPTIVE_NOT_SPATIAL_CONFIRMATION	
161	GOBP_CELLULAR_RESPONSE_TO_UV	GO_BP	331	290	1559	714	27	INTERNAL_AND_DESCRIPTIVE_NOT_SPATIAL_CONFIRMATION	
162	GOBP_CELLULAR_RESPONSE_TO_VIRUS	GO_BP	66	52	13	0	3	INTERNAL_AND_DESCRIPTIVE_NOT_SPATIAL_CONFIRMATION	
163	GOBP_CELLULAR_RESPONSE_TO_VITAMIN_D	GO_BP	331	290	1559	714	27	INTERNAL_AND_DESCRIPTIVE_NOT_SPATIAL_CONFIRMATION	
164	GOBP_CELLULAR_RESPONSE_TO_ZINC_ION	GO_BP	331	290	1559	714	27	INTERNAL_AND_DESCRIPTIVE_NOT_SPATIAL_CONFIRMATION	
165	GOBP_CELLULAR_SENESCENCE	GO_BP	331	290	1559	714	27	INTERNAL_AND_DESCRIPTIVE_NOT_SPATIAL_CONFIRMATION	
166	GOBP_CELL_ADHESION_MEDIATED_BY_INTEGRIN	GO_BP	331	290	1559	714	27	INTERNAL_AND_DESCRIPTIVE_NOT_SPATIAL_CONFIRMATION	
167	GOBP_CELL_ADHESION_MOLECULE_PRODUCTION	GO_BP	0	0	0	0	0	INTERNAL_AND_DESCRIPTIVE_NOT_SPATIAL_CONFIRMATION	
168	GOBP_CELL_CELL_ADHESION_MEDIATED_BY_CADHERIN	GO_BP	331	290	1559	714	27	INTERNAL_AND_DESCRIPTIVE_NOT_SPATIAL_CONFIRMATION	
169	GOBP_CELL_CELL_ADHESION_VIA_PLASMA_MEMBRANE_ADHESION_MOLECULES	GO_BP	331	290	1559	714	27	INTERNAL_AND_DESCRIPTIVE_NOT_SPATIAL_CONFIRMATION	
170	GOBP_CELL_CELL_JUNCTION_MAINTENANCE	GO_BP	331	290	1559	714	27	INTERNAL_AND_DESCRIPTIVE_NOT_SPATIAL_CONFIRMATION	
171	GOBP_CELL_CELL_SIGNALING_INVOLVED_IN_CARDIAC_CONDUCTION	GO_BP	331	290	1559	714	27	INTERNAL_AND_DESCRIPTIVE_NOT_SPATIAL_CONFIRMATION	
172	GOBP_CELL_COMMUNICATION_BY_ELECTRICAL_COUPLING_INVOLVED_IN_CARDIAC_CONDUCTION	GO_BP	331	290	1559	714	27	INTERNAL_AND_DESCRIPTIVE_NOT_SPATIAL_CONFIRMATION	
173	GOBP_CELL_CYCLE_DNA_REPLICATION	GO_BP	331	290	1559	714	27	INTERNAL_AND_DESCRIPTIVE_NOT_SPATIAL_CONFIRMATION	
174	GOBP_CELL_CYCLE_G1_S_PHASE_TRANSITION	GO_BP	331	290	1559	714	27	INTERNAL_AND_DESCRIPTIVE_NOT_SPATIAL_CONFIRMATION	
175	GOBP_CELL_CYCLE_G2_M_PHASE_TRANSITION	GO_BP	331	290	1559	714	27	INTERNAL_AND_DESCRIPTIVE_NOT_SPATIAL_CONFIRMATION	
176	GOBP_CELL_DIFFERENTIATION_INVOLVED_IN_EMBRYONIC_PLACENTA_DEVELOPMENT	GO_BP	331	290	1559	714	27	INTERNAL_AND_DESCRIPTIVE_NOT_SPATIAL_CONFIRMATION	
177	GOBP_CELL_DIFFERENTIATION_INVOLVED_IN_METANEPHROS_DEVELOPMENT	GO_BP	331	290	1559	714	27	INTERNAL_AND_DESCRIPTIVE_NOT_SPATIAL_CONFIRMATION	
178	GOBP_CELL_DIFFERENTIATION_IN_HINDBRAIN	GO_BP	331	290	1559	714	27	INTERNAL_AND_DESCRIPTIVE_NOT_SPATIAL_CONFIRMATION	
179	GOBP_CELL_FATE_COMMITMENT_INVOLVED_IN_FORMATION_OF_PRIMARY_GERM_LAYER	GO_BP	331	290	1559	714	27	INTERNAL_AND_DESCRIPTIVE_NOT_SPATIAL_CONFIRMATION	
180	GOBP_CELL_FATE_DETERMINATION	GO_BP	331	290	1559	714	27	INTERNAL_AND_DESCRIPTIVE_NOT_SPATIAL_CONFIRMATION	
181	GOBP_CELL_JUNCTION_DISASSEMBLY	GO_BP	331	290	1559	714	27	INTERNAL_AND_DESCRIPTIVE_NOT_SPATIAL_CONFIRMATION	
182	GOBP_CELL_MIGRATION_INVOLVED_IN_HEART_DEVELOPMENT	GO_BP	331	290	1559	714	27	INTERNAL_AND_DESCRIPTIVE_NOT_SPATIAL_CONFIRMATION	
183	GOBP_CELL_MIGRATION_INVOLVED_IN_SPROUTING_ANGIOGENESIS	GO_BP	0	0	0	0	0	INTERNAL_AND_DESCRIPTIVE_NOT_SPATIAL_CONFIRMATION	
184	GOBP_CELL_PROLIFERATION_INVOLVED_IN_HEART_MORPHOGENESIS	GO_BP	331	290	1559	714	27	INTERNAL_AND_DESCRIPTIVE_NOT_SPATIAL_CONFIRMATION	
185	GOBP_CELL_PROLIFERATION_INVOLVED_IN_KIDNEY_DEVELOPMENT	GO_BP	331	290	1559	714	27	INTERNAL_AND_DESCRIPTIVE_NOT_SPATIAL_CONFIRMATION	
186	GOBP_CELL_PROLIFERATION_IN_FOREBRAIN	GO_BP	331	290	1559	714	27	INTERNAL_AND_DESCRIPTIVE_NOT_SPATIAL_CONFIRMATION	
187	GOBP_CELL_REDOX_HOMEOSTASIS	GO_BP	331	290	1559	714	27	INTERNAL_AND_DESCRIPTIVE_NOT_SPATIAL_CONFIRMATION	
188	GOBP_CELL_SURFACE_RECEPTOR_SIGNALING_PATHWAY_VIA_JAK_STAT	GO_BP	331	290	1559	714	27	INTERNAL_AND_DESCRIPTIVE_NOT_SPATIAL_CONFIRMATION	
189	GOBP_CELL_SURFACE_TOLL_LIKE_RECEPTOR_SIGNALING_PATHWAY	GO_BP	331	290	1559	714	27	INTERNAL_AND_DESCRIPTIVE_NOT_SPATIAL_CONFIRMATION	
190	GOBP_CELL_VOLUME_HOMEOSTASIS	GO_BP	331	290	1559	714	27	INTERNAL_AND_DESCRIPTIVE_NOT_SPATIAL_CONFIRMATION	
191	GOBP_CENTRAL_NERVOUS_SYSTEM_PROJECTION_NEURON_AXONOGENESIS	GO_BP	331	290	1559	714	27	INTERNAL_AND_DESCRIPTIVE_NOT_SPATIAL_CONFIRMATION	
192	GOBP_CENTRIOLE_ASSEMBLY	GO_BP	331	290	1559	714	27	INTERNAL_AND_DESCRIPTIVE_NOT_SPATIAL_CONFIRMATION	
193	GOBP_CENTROMERE_COMPLEX_ASSEMBLY	GO_BP	331	290	1559	714	27	INTERNAL_AND_DESCRIPTIVE_NOT_SPATIAL_CONFIRMATION	
194	GOBP_CENTROSOME_DUPLICATION	GO_BP	331	290	1559	714	27	INTERNAL_AND_DESCRIPTIVE_NOT_SPATIAL_CONFIRMATION	
195	GOBP_CERAMIDE_BIOSYNTHETIC_PROCESS	GO_BP	331	290	1559	714	27	INTERNAL_AND_DESCRIPTIVE_NOT_SPATIAL_CONFIRMATION	
196	GOBP_CERAMIDE_CATABOLIC_PROCESS	GO_BP	66	52	13	0	3	INTERNAL_AND_DESCRIPTIVE_NOT_SPATIAL_CONFIRMATION	
197	GOBP_CEREBELLAR_PURKINJE_CELL_LAYER_MORPHOGENESIS	GO_BP	331	290	1559	714	27	INTERNAL_AND_DESCRIPTIVE_NOT_SPATIAL_CONFIRMATION	
198	GOBP_CEREBRAL_CORTEX_CELL_MIGRATION	GO_BP	331	290	1559	714	27	INTERNAL_AND_DESCRIPTIVE_NOT_SPATIAL_CONFIRMATION	
199	GOBP_CEREBRAL_CORTEX_NEURON_DIFFERENTIATION	GO_BP	331	290	1559	714	27	INTERNAL_AND_DESCRIPTIVE_NOT_SPATIAL_CONFIRMATION	
200	GOBP_CGAS_STING_SIGNALING_PATHWAY	GO_BP	331	290	1559	714	27	INTERNAL_AND_DESCRIPTIVE_NOT_SPATIAL_CONFIRMATION	
201	GOBP_CGMP_MEDIATED_SIGNALING	GO_BP	331	290	1559	714	27	INTERNAL_AND_DESCRIPTIVE_NOT_SPATIAL_CONFIRMATION	
202	GOBP_CHAPERONE_MEDIATED_PROTEIN_COMPLEX_ASSEMBLY	GO_BP	331	290	1559	714	27	INTERNAL_AND_DESCRIPTIVE_NOT_SPATIAL_CONFIRMATION	
203	GOBP_CHAPERONE_MEDIATED_PROTEIN_FOLDING	GO_BP	331	290	1559	714	27	INTERNAL_AND_DESCRIPTIVE_NOT_SPATIAL_CONFIRMATION	
204	GOBP_CHEMICAL_SYNAPTIC_TRANSMISSION_POSTSYNAPTIC	GO_BP	331	290	1559	714	27	INTERNAL_AND_DESCRIPTIVE_NOT_SPATIAL_CONFIRMATION	
205	GOBP_CHEMOKINE_C_X_C_MOTIF_LIGAND_2_PRODUCTION	GO_BP	331	290	1559	714	27	INTERNAL_AND_DESCRIPTIVE_NOT_SPATIAL_CONFIRMATION	
206	GOBP_CHLORIDE_TRANSPORT	GO_BP	331	290	1559	714	27	INTERNAL_AND_DESCRIPTIVE_NOT_SPATIAL_CONFIRMATION	
207	GOBP_CHOLESTEROL_EFFLUX	GO_BP	0	0	0	0	0	INTERNAL_AND_DESCRIPTIVE_NOT_SPATIAL_CONFIRMATION	
208	GOBP_CHOLESTEROL_STORAGE	GO_BP	331	290	1559	714	27	INTERNAL_AND_DESCRIPTIVE_NOT_SPATIAL_CONFIRMATION	
209	GOBP_CHONDROCYTE_DEVELOPMENT	GO_BP	331	290	1559	714	27	INTERNAL_AND_DESCRIPTIVE_NOT_SPATIAL_CONFIRMATION	
210	GOBP_CHONDROCYTE_PROLIFERATION	GO_BP	331	290	1559	714	27	INTERNAL_AND_DESCRIPTIVE_NOT_SPATIAL_CONFIRMATION	
211	GOBP_CHONDROITIN_SULFATE_PROTEOGLYCAN_BIOSYNTHETIC_PROCESS	GO_BP	331	290	1559	714	27	INTERNAL_AND_DESCRIPTIVE_NOT_SPATIAL_CONFIRMATION	
212	GOBP_CHROMOSOME_CONDENSATION	GO_BP	155	148	1480	708	9	INTERNAL_AND_DESCRIPTIVE_NOT_SPATIAL_CONFIRMATION	
213	GOBP_CHROMOSOME_SEPARATION	GO_BP	331	290	1559	714	27	INTERNAL_AND_DESCRIPTIVE_NOT_SPATIAL_CONFIRMATION	
214	GOBP_CHRONIC_INFLAMMATORY_RESPONSE	GO_BP	331	290	1559	714	27	INTERNAL_AND_DESCRIPTIVE_NOT_SPATIAL_CONFIRMATION	
215	GOBP_CIRCADIAN_REGULATION_OF_GENE_EXPRESSION	GO_BP	331	290	1559	714	27	INTERNAL_AND_DESCRIPTIVE_NOT_SPATIAL_CONFIRMATION	
216	GOBP_CIRCADIAN_SLEEP_WAKE_CYCLE_SLEEP	GO_BP	331	290	1559	714	27	INTERNAL_AND_DESCRIPTIVE_NOT_SPATIAL_CONFIRMATION	
217	GOBP_CLATHRIN_COAT_ASSEMBLY	GO_BP	331	290	1559	714	27	INTERNAL_AND_DESCRIPTIVE_NOT_SPATIAL_CONFIRMATION	
218	GOBP_CLATHRIN_DEPENDENT_ENDOCYTOSIS	GO_BP	331	290	1559	714	27	INTERNAL_AND_DESCRIPTIVE_NOT_SPATIAL_CONFIRMATION	
219	GOBP_COCHLEA_MORPHOGENESIS	GO_BP	331	290	1559	714	27	INTERNAL_AND_DESCRIPTIVE_NOT_SPATIAL_CONFIRMATION	
220	GOBP_COLLAGEN_BIOSYNTHETIC_PROCESS	GO_BP	331	290	1559	714	27	INTERNAL_AND_DESCRIPTIVE_NOT_SPATIAL_CONFIRMATION	
221	GOBP_COLLAGEN_CATABOLIC_PROCESS	GO_BP	331	290	1559	714	27	INTERNAL_AND_DESCRIPTIVE_NOT_SPATIAL_CONFIRMATION	
222	GOBP_COLLAGEN_FIBRIL_ORGANIZATION	GO_BP	331	290	1559	714	27	INTERNAL_AND_DESCRIPTIVE_NOT_SPATIAL_CONFIRMATION	
223	GOBP_COLLATERAL_SPROUTING	GO_BP	331	290	1559	714	27	INTERNAL_AND_DESCRIPTIVE_NOT_SPATIAL_CONFIRMATION	
224	GOBP_COLUMNAR_CUBOIDAL_EPITHELIAL_CELL_DEVELOPMENT	GO_BP	331	290	1559	714	27	INTERNAL_AND_DESCRIPTIVE_NOT_SPATIAL_CONFIRMATION	
225	GOBP_COMPLEMENT_ACTIVATION_CLASSICAL_PATHWAY	GO_BP	331	290	1559	714	27	INTERNAL_AND_DESCRIPTIVE_NOT_SPATIAL_CONFIRMATION	
226	GOBP_CONNECTIVE_TISSUE_REPLACEMENT	GO_BP	0	0	0	0	0	INTERNAL_AND_DESCRIPTIVE_NOT_SPATIAL_CONFIRMATION	
227	GOBP_COPII_COATED_VESICLE_BUDDING	GO_BP	331	290	1559	714	27	INTERNAL_AND_DESCRIPTIVE_NOT_SPATIAL_CONFIRMATION	
228	GOBP_COPPER_ION_HOMEOSTASIS	GO_BP	331	290	1559	714	27	INTERNAL_AND_DESCRIPTIVE_NOT_SPATIAL_CONFIRMATION	
229	GOBP_CORONARY_VASCULATURE_DEVELOPMENT	GO_BP	331	290	1559	714	27	INTERNAL_AND_DESCRIPTIVE_NOT_SPATIAL_CONFIRMATION	
230	GOBP_CORPUS_CALLOSUM_DEVELOPMENT	GO_BP	331	290	1559	714	27	INTERNAL_AND_DESCRIPTIVE_NOT_SPATIAL_CONFIRMATION	
231	GOBP_CORTICAL_ACTIN_CYTOSKELETON_ORGANIZATION	GO_BP	331	290	1559	714	27	INTERNAL_AND_DESCRIPTIVE_NOT_SPATIAL_CONFIRMATION	
232	GOBP_CORTICOSTEROID_HORMONE_SECRETION	GO_BP	331	290	1559	714	27	INTERNAL_AND_DESCRIPTIVE_NOT_SPATIAL_CONFIRMATION	
233	GOBP_CRANIAL_NERVE_MORPHOGENESIS	GO_BP	331	290	1559	714	27	INTERNAL_AND_DESCRIPTIVE_NOT_SPATIAL_CONFIRMATION	
234	GOBP_CRISTAE_FORMATION	GO_BP	331	290	1559	714	27	INTERNAL_AND_DESCRIPTIVE_NOT_SPATIAL_CONFIRMATION	
235	GOBP_CYCLIC_NUCLEOTIDE_BIOSYNTHETIC_PROCESS	GO_BP	331	290	1559	714	27	INTERNAL_AND_DESCRIPTIVE_NOT_SPATIAL_CONFIRMATION	
236	GOBP_CYTOKINE_PRODUCTION_INVOLVED_IN_INFLAMMATORY_RESPONSE	GO_BP	0	0	0	0	0	INTERNAL_AND_DESCRIPTIVE_NOT_SPATIAL_CONFIRMATION	
237	GOBP_CYTOPLASMIC_MICROTUBULE_ORGANIZATION	GO_BP	331	290	1559	714	27	INTERNAL_AND_DESCRIPTIVE_NOT_SPATIAL_CONFIRMATION	
238	GOBP_CYTOPLASMIC_TRANSLATIONAL_INITIATION	GO_BP	331	290	1559	714	27	INTERNAL_AND_DESCRIPTIVE_NOT_SPATIAL_CONFIRMATION	
239	GOBP_DECIDUALIZATION	GO_BP	331	290	1559	714	27	INTERNAL_AND_DESCRIPTIVE_NOT_SPATIAL_CONFIRMATION	
240	GOBP_DEFENSE_RESPONSE_TO_GRAM_NEGATIVE_BACTERIUM	GO_BP	331	290	1559	714	27	INTERNAL_AND_DESCRIPTIVE_NOT_SPATIAL_CONFIRMATION	
241	GOBP_DEFENSE_RESPONSE_TO_GRAM_POSITIVE_BACTERIUM	GO_BP	221	200	1493	708	24	INTERNAL_AND_DESCRIPTIVE_NOT_SPATIAL_CONFIRMATION	
242	GOBP_DEFINITIVE_HEMOPOIESIS	GO_BP	331	290	1559	714	27	INTERNAL_AND_DESCRIPTIVE_NOT_SPATIAL_CONFIRMATION	
243	GOBP_DENDRITE_EXTENSION	GO_BP	331	290	1559	714	27	INTERNAL_AND_DESCRIPTIVE_NOT_SPATIAL_CONFIRMATION	
244	GOBP_DENDRITE_MORPHOGENESIS	GO_BP	331	290	1559	714	27	INTERNAL_AND_DESCRIPTIVE_NOT_SPATIAL_CONFIRMATION	
245	GOBP_DENDRITIC_CELL_CHEMOTAXIS	GO_BP	331	290	1559	714	27	INTERNAL_AND_DESCRIPTIVE_NOT_SPATIAL_CONFIRMATION	
246	GOBP_DENDRITIC_SPINE_DEVELOPMENT	GO_BP	331	290	1559	714	27	INTERNAL_AND_DESCRIPTIVE_NOT_SPATIAL_CONFIRMATION	
247	GOBP_DENDRITIC_SPINE_MAINTENANCE	GO_BP	331	290	1559	714	27	INTERNAL_AND_DESCRIPTIVE_NOT_SPATIAL_CONFIRMATION	
248	GOBP_DENTATE_GYRUS_DEVELOPMENT	GO_BP	331	290	1559	714	27	INTERNAL_AND_DESCRIPTIVE_NOT_SPATIAL_CONFIRMATION	
249	GOBP_DEOXYRIBONUCLEOSIDE_MONOPHOSPHATE_METABOLIC_PROCESS	GO_BP	331	290	1559	714	27	INTERNAL_AND_DESCRIPTIVE_NOT_SPATIAL_CONFIRMATION	
250	GOBP_DEOXYRIBONUCLEOTIDE_CATABOLIC_PROCESS	GO_BP	331	290	1559	714	27	INTERNAL_AND_DESCRIPTIVE_NOT_SPATIAL_CONFIRMATION	
251	GOBP_DETECTION_OF_EXTERNAL_BIOTIC_STIMULUS	GO_BP	331	290	1559	714	27	INTERNAL_AND_DESCRIPTIVE_NOT_SPATIAL_CONFIRMATION	
252	GOBP_DETECTION_OF_LIGHT_STIMULUS_INVOLVED_IN_SENSORY_PERCEPTION	GO_BP	331	290	1559	714	27	INTERNAL_AND_DESCRIPTIVE_NOT_SPATIAL_CONFIRMATION	
253	GOBP_DETECTION_OF_MECHANICAL_STIMULUS_INVOLVED_IN_SENSORY_PERCEPTION	GO_BP	331	290	1559	714	27	INTERNAL_AND_DESCRIPTIVE_NOT_SPATIAL_CONFIRMATION	
254	GOBP_DETECTION_OF_STIMULUS_INVOLVED_IN_SENSORY_PERCEPTION_OF_PAIN	GO_BP	331	290	1559	714	27	INTERNAL_AND_DESCRIPTIVE_NOT_SPATIAL_CONFIRMATION	
255	GOBP_DETECTION_OF_TEMPERATURE_STIMULUS_INVOLVED_IN_SENSORY_PERCEPTION_OF_PAIN	GO_BP	331	290	1559	714	27	INTERNAL_AND_DESCRIPTIVE_NOT_SPATIAL_CONFIRMATION	
256	GOBP_DETERMINATION_OF_ADULT_LIFESPAN	GO_BP	331	290	1559	714	27	INTERNAL_AND_DESCRIPTIVE_NOT_SPATIAL_CONFIRMATION	
257	GOBP_DETOXIFICATION_OF_INORGANIC_COMPOUND	GO_BP	331	290	1559	714	27	INTERNAL_AND_DESCRIPTIVE_NOT_SPATIAL_CONFIRMATION	
258	GOBP_DE_NOVO_POST_TRANSLATIONAL_PROTEIN_FOLDING	GO_BP	331	290	1559	714	27	INTERNAL_AND_DESCRIPTIVE_NOT_SPATIAL_CONFIRMATION	
259	GOBP_DIACYLGLYCEROL_METABOLIC_PROCESS	GO_BP	331	290	1559	714	27	INTERNAL_AND_DESCRIPTIVE_NOT_SPATIAL_CONFIRMATION	
260	GOBP_DIGESTIVE_TRACT_MORPHOGENESIS	GO_BP	331	290	1559	714	27	INTERNAL_AND_DESCRIPTIVE_NOT_SPATIAL_CONFIRMATION	
261	GOBP_DIOL_BIOSYNTHETIC_PROCESS	GO_BP	331	290	1559	714	27	INTERNAL_AND_DESCRIPTIVE_NOT_SPATIAL_CONFIRMATION	
262	GOBP_DISRUPTION_OF_ANATOMICAL_STRUCTURE_IN_ANOTHER_ORGANISM	GO_BP	331	290	1559	714	27	INTERNAL_AND_DESCRIPTIVE_NOT_SPATIAL_CONFIRMATION	
263	GOBP_DNA_CATABOLIC_PROCESS	GO_BP	331	290	1559	714	27	INTERNAL_AND_DESCRIPTIVE_NOT_SPATIAL_CONFIRMATION	
264	GOBP_DNA_DAMAGE_RESPONSE_SIGNAL_TRANSDUCTION_BY_P53_CLASS_MEDIATOR	GO_BP	331	290	1559	714	27	INTERNAL_AND_DESCRIPTIVE_NOT_SPATIAL_CONFIRMATION	
265	GOBP_DNA_DOUBLE_STRAND_BREAK_PROCESSING	GO_BP	331	290	1559	714	27	INTERNAL_AND_DESCRIPTIVE_NOT_SPATIAL_CONFIRMATION	
266	GOBP_DNA_METHYLATION_DEPENDENT_CONSTITUTIVE_HETEROCHROMATIN_FORMATION	GO_BP	331	290	1559	714	27	INTERNAL_AND_DESCRIPTIVE_NOT_SPATIAL_CONFIRMATION	
267	GOBP_DNA_MODIFICATION	GO_BP	331	290	1559	714	27	INTERNAL_AND_DESCRIPTIVE_NOT_SPATIAL_CONFIRMATION	
268	GOBP_DNA_REPAIR_DEPENDENT_CHROMATIN_REMODELING	GO_BP	331	290	1559	714	27	INTERNAL_AND_DESCRIPTIVE_NOT_SPATIAL_CONFIRMATION	
269	GOBP_DNA_REPLICATION_CHECKPOINT_SIGNALING	GO_BP	331	290	1559	714	27	INTERNAL_AND_DESCRIPTIVE_NOT_SPATIAL_CONFIRMATION	
270	GOBP_DNA_REPLICATION_INITIATION	GO_BP	331	290	1559	714	27	INTERNAL_AND_DESCRIPTIVE_NOT_SPATIAL_CONFIRMATION	
271	GOBP_DNA_STRAND_ELONGATION	GO_BP	331	290	1559	714	27	INTERNAL_AND_DESCRIPTIVE_NOT_SPATIAL_CONFIRMATION	
272	GOBP_DNA_SYNTHESIS_INVOLVED_IN_DNA_REPAIR	GO_BP	331	290	1559	714	27	INTERNAL_AND_DESCRIPTIVE_NOT_SPATIAL_CONFIRMATION	
273	GOBP_DNA_TEMPLATED_DNA_REPLICATION_MAINTENANCE_OF_FIDELITY	GO_BP	331	290	1559	714	27	INTERNAL_AND_DESCRIPTIVE_NOT_SPATIAL_CONFIRMATION	
274	GOBP_DNA_TEMPLATED_TRANSCRIPTION_ELONGATION	GO_BP	331	290	1559	714	27	INTERNAL_AND_DESCRIPTIVE_NOT_SPATIAL_CONFIRMATION	
275	GOBP_DNA_TEMPLATED_TRANSCRIPTION_TERMINATION	GO_BP	0	0	0	0	0	INTERNAL_AND_DESCRIPTIVE_NOT_SPATIAL_CONFIRMATION	
276	GOBP_DOLICHOL_LINKED_OLIGOSACCHARIDE_BIOSYNTHETIC_PROCESS	GO_BP	331	290	1559	714	27	INTERNAL_AND_DESCRIPTIVE_NOT_SPATIAL_CONFIRMATION	
277	GOBP_DOPAMINERGIC_NEURON_DIFFERENTIATION	GO_BP	331	290	1559	714	27	INTERNAL_AND_DESCRIPTIVE_NOT_SPATIAL_CONFIRMATION	
278	GOBP_DOPAMINE_METABOLIC_PROCESS	GO_BP	331	290	1559	714	27	INTERNAL_AND_DESCRIPTIVE_NOT_SPATIAL_CONFIRMATION	
279	GOBP_DOPAMINE_TRANSPORT	GO_BP	331	290	1559	714	27	INTERNAL_AND_DESCRIPTIVE_NOT_SPATIAL_CONFIRMATION	
280	GOBP_DORSAL_SPINAL_CORD_DEVELOPMENT	GO_BP	331	290	1559	714	27	INTERNAL_AND_DESCRIPTIVE_NOT_SPATIAL_CONFIRMATION	
281	GOBP_DORSAL_VENTRAL_PATTERN_FORMATION	GO_BP	331	290	1559	714	27	INTERNAL_AND_DESCRIPTIVE_NOT_SPATIAL_CONFIRMATION	
282	GOBP_DOUBLE_STRAND_BREAK_REPAIR_VIA_NONHOMOLOGOUS_END_JOINING	GO_BP	331	290	1559	714	27	INTERNAL_AND_DESCRIPTIVE_NOT_SPATIAL_CONFIRMATION	
283	GOBP_EATING_BEHAVIOR	GO_BP	331	290	1559	714	27	INTERNAL_AND_DESCRIPTIVE_NOT_SPATIAL_CONFIRMATION	
284	GOBP_ECTODERM_DEVELOPMENT	GO_BP	331	290	1559	714	27	INTERNAL_AND_DESCRIPTIVE_NOT_SPATIAL_CONFIRMATION	
285	GOBP_EMBRYONIC_AXIS_SPECIFICATION	GO_BP	331	290	1559	714	27	INTERNAL_AND_DESCRIPTIVE_NOT_SPATIAL_CONFIRMATION	
286	GOBP_EMBRYONIC_BRAIN_DEVELOPMENT	GO_BP	331	290	1559	714	27	INTERNAL_AND_DESCRIPTIVE_NOT_SPATIAL_CONFIRMATION	
287	GOBP_EMBRYONIC_CAMERA_TYPE_EYE_MORPHOGENESIS	GO_BP	331	290	1559	714	27	INTERNAL_AND_DESCRIPTIVE_NOT_SPATIAL_CONFIRMATION	
288	GOBP_EMBRYONIC_CRANIAL_SKELETON_MORPHOGENESIS	GO_BP	331	290	1559	714	27	INTERNAL_AND_DESCRIPTIVE_NOT_SPATIAL_CONFIRMATION	
289	GOBP_EMBRYONIC_DIGESTIVE_TRACT_DEVELOPMENT	GO_BP	331	290	1559	714	27	INTERNAL_AND_DESCRIPTIVE_NOT_SPATIAL_CONFIRMATION	
290	GOBP_EMBRYONIC_DIGIT_MORPHOGENESIS	GO_BP	331	290	1559	714	27	INTERNAL_AND_DESCRIPTIVE_NOT_SPATIAL_CONFIRMATION	
291	GOBP_EMBRYONIC_FORELIMB_MORPHOGENESIS	GO_BP	331	290	1559	714	27	INTERNAL_AND_DESCRIPTIVE_NOT_SPATIAL_CONFIRMATION	
292	GOBP_EMBRYONIC_HEART_TUBE_MORPHOGENESIS	GO_BP	331	290	1559	714	27	INTERNAL_AND_DESCRIPTIVE_NOT_SPATIAL_CONFIRMATION	
293	GOBP_EMBRYONIC_HEMOPOIESIS	GO_BP	331	290	1559	714	27	INTERNAL_AND_DESCRIPTIVE_NOT_SPATIAL_CONFIRMATION	
294	GOBP_EMBRYONIC_HINDLIMB_MORPHOGENESIS	GO_BP	331	290	1559	714	27	INTERNAL_AND_DESCRIPTIVE_NOT_SPATIAL_CONFIRMATION	
295	GOBP_EMBRYONIC_PLACENTA_MORPHOGENESIS	GO_BP	331	290	1559	714	27	INTERNAL_AND_DESCRIPTIVE_NOT_SPATIAL_CONFIRMATION	
296	GOBP_ENAMEL_MINERALIZATION	GO_BP	331	290	1559	714	27	INTERNAL_AND_DESCRIPTIVE_NOT_SPATIAL_CONFIRMATION	
297	GOBP_ENDOCARDIAL_CUSHION_FORMATION	GO_BP	331	290	1559	714	27	INTERNAL_AND_DESCRIPTIVE_NOT_SPATIAL_CONFIRMATION	
298	GOBP_ENDOCRINE_HORMONE_SECRETION	GO_BP	331	290	1559	714	27	INTERNAL_AND_DESCRIPTIVE_NOT_SPATIAL_CONFIRMATION	
299	GOBP_ENDOCYTIC_RECYCLING	GO_BP	331	290	1559	714	27	INTERNAL_AND_DESCRIPTIVE_NOT_SPATIAL_CONFIRMATION	
300	GOBP_ENDODERM_FORMATION	GO_BP	331	290	1559	714	27	INTERNAL_AND_DESCRIPTIVE_NOT_SPATIAL_CONFIRMATION	
301	GOBP_ENDOPLASMIC_RETICULUM_CALCIUM_ION_HOMEOSTASIS	GO_BP	331	290	1559	714	27	INTERNAL_AND_DESCRIPTIVE_NOT_SPATIAL_CONFIRMATION	
302	GOBP_ENDOPLASMIC_RETICULUM_TO_CYTOSOL_TRANSPORT	GO_BP	331	290	1559	714	27	INTERNAL_AND_DESCRIPTIVE_NOT_SPATIAL_CONFIRMATION	
303	GOBP_ENDOPLASMIC_RETICULUM_TUBULAR_NETWORK_ORGANIZATION	GO_BP	331	290	1559	714	27	INTERNAL_AND_DESCRIPTIVE_NOT_SPATIAL_CONFIRMATION	
304	GOBP_ENDOSOME_TO_LYSOSOME_TRANSPORT	GO_BP	331	290	1559	714	27	INTERNAL_AND_DESCRIPTIVE_NOT_SPATIAL_CONFIRMATION	
305	GOBP_ENDOTHELIAL_CELL_APOPTOTIC_PROCESS	GO_BP	331	290	1559	714	27	INTERNAL_AND_DESCRIPTIVE_NOT_SPATIAL_CONFIRMATION	
306	GOBP_ENTRAINMENT_OF_CIRCADIAN_CLOCK_BY_PHOTOPERIOD	GO_BP	66	52	13	0	3	INTERNAL_AND_DESCRIPTIVE_NOT_SPATIAL_CONFIRMATION	
307	GOBP_EOSINOPHIL_CHEMOTAXIS	GO_BP	331	290	1559	714	27	INTERNAL_AND_DESCRIPTIVE_NOT_SPATIAL_CONFIRMATION	
308	GOBP_EPHRIN_RECEPTOR_SIGNALING_PATHWAY	GO_BP	331	290	1559	714	27	INTERNAL_AND_DESCRIPTIVE_NOT_SPATIAL_CONFIRMATION	
309	GOBP_EPIDERMIS_MORPHOGENESIS	GO_BP	331	290	1559	714	27	INTERNAL_AND_DESCRIPTIVE_NOT_SPATIAL_CONFIRMATION	
310	GOBP_EPITHELIAL_CELL_DIFFERENTIATION_INVOLVED_IN_KIDNEY_DEVELOPMENT	GO_BP	331	290	1559	714	27	INTERNAL_AND_DESCRIPTIVE_NOT_SPATIAL_CONFIRMATION	
311	GOBP_EPITHELIAL_CELL_MATURATION	GO_BP	331	290	1559	714	27	INTERNAL_AND_DESCRIPTIVE_NOT_SPATIAL_CONFIRMATION	
312	GOBP_EPITHELIAL_CELL_MORPHOGENESIS	GO_BP	331	290	1559	714	27	INTERNAL_AND_DESCRIPTIVE_NOT_SPATIAL_CONFIRMATION	
313	GOBP_EPITHELIAL_TUBE_BRANCHING_INVOLVED_IN_LUNG_MORPHOGENESIS	GO_BP	331	290	1559	714	27	INTERNAL_AND_DESCRIPTIVE_NOT_SPATIAL_CONFIRMATION	
314	GOBP_ERAD_PATHWAY	GO_BP	331	290	1559	714	27	INTERNAL_AND_DESCRIPTIVE_NOT_SPATIAL_CONFIRMATION	
315	GOBP_ERBB2_SIGNALING_PATHWAY	GO_BP	331	290	1559	714	27	INTERNAL_AND_DESCRIPTIVE_NOT_SPATIAL_CONFIRMATION	
316	GOBP_ERK1_AND_ERK2_CASCADE	GO_BP	331	290	1559	714	27	INTERNAL_AND_DESCRIPTIVE_NOT_SPATIAL_CONFIRMATION	
317	GOBP_ERYTHROCYTE_MATURATION	GO_BP	331	290	1559	714	27	INTERNAL_AND_DESCRIPTIVE_NOT_SPATIAL_CONFIRMATION	
318	GOBP_ERYTHROSE_4_PHOSPHATE_PHOSPHOENOLPYRUVATE_FAMILY_AMINO_ACID_METABOLIC_PROCESS	GO_BP	331	290	1559	714	27	INTERNAL_AND_DESCRIPTIVE_NOT_SPATIAL_CONFIRMATION	
319	GOBP_ESTABLISHMENT_OF_ENDOTHELIAL_BARRIER	GO_BP	331	290	1559	714	27	INTERNAL_AND_DESCRIPTIVE_NOT_SPATIAL_CONFIRMATION	
320	GOBP_ESTABLISHMENT_OF_EPITHELIAL_CELL_POLARITY	GO_BP	331	290	1559	714	27	INTERNAL_AND_DESCRIPTIVE_NOT_SPATIAL_CONFIRMATION	
321	GOBP_ESTABLISHMENT_OF_MITOCHONDRION_LOCALIZATION_MICROTUBULE_MEDIATED	GO_BP	331	290	1559	714	27	INTERNAL_AND_DESCRIPTIVE_NOT_SPATIAL_CONFIRMATION	
322	GOBP_ESTABLISHMENT_OF_MITOTIC_SPINDLE_LOCALIZATION	GO_BP	331	290	1559	714	27	INTERNAL_AND_DESCRIPTIVE_NOT_SPATIAL_CONFIRMATION	
323	GOBP_ESTABLISHMENT_OF_PIGMENT_GRANULE_LOCALIZATION	GO_BP	331	290	1559	714	27	INTERNAL_AND_DESCRIPTIVE_NOT_SPATIAL_CONFIRMATION	
324	GOBP_ESTABLISHMENT_OF_PROTEIN_LOCALIZATION_TO_CHROMOSOME	GO_BP	331	290	1559	714	27	INTERNAL_AND_DESCRIPTIVE_NOT_SPATIAL_CONFIRMATION	
325	GOBP_ESTABLISHMENT_OF_PROTEIN_LOCALIZATION_TO_MITOCHONDRIAL_MEMBRANE	GO_BP	331	290	1559	714	27	INTERNAL_AND_DESCRIPTIVE_NOT_SPATIAL_CONFIRMATION	
326	GOBP_ESTABLISHMENT_OF_PROTEIN_LOCALIZATION_TO_PEROXISOME	GO_BP	331	290	1559	714	27	INTERNAL_AND_DESCRIPTIVE_NOT_SPATIAL_CONFIRMATION	
327	GOBP_ESTABLISHMENT_OF_SKIN_BARRIER	GO_BP	331	290	1559	714	27	INTERNAL_AND_DESCRIPTIVE_NOT_SPATIAL_CONFIRMATION	
328	GOBP_ESTABLISHMENT_OF_TISSUE_POLARITY	GO_BP	331	290	1559	714	27	INTERNAL_AND_DESCRIPTIVE_NOT_SPATIAL_CONFIRMATION	
329	GOBP_ESTABLISHMENT_OR_MAINTENANCE_OF_BIPOLAR_CELL_POLARITY	GO_BP	331	290	1559	714	27	INTERNAL_AND_DESCRIPTIVE_NOT_SPATIAL_CONFIRMATION	
330	GOBP_ESTABLISHMENT_OR_MAINTENANCE_OF_MONOPOLAR_CELL_POLARITY	GO_BP	331	290	1559	714	27	INTERNAL_AND_DESCRIPTIVE_NOT_SPATIAL_CONFIRMATION	
331	GOBP_ESTROGEN_METABOLIC_PROCESS	GO_BP	331	290	1559	714	27	INTERNAL_AND_DESCRIPTIVE_NOT_SPATIAL_CONFIRMATION	
332	GOBP_ESTROGEN_RECEPTOR_SIGNALING_PATHWAY	GO_BP	331	290	1559	714	27	INTERNAL_AND_DESCRIPTIVE_NOT_SPATIAL_CONFIRMATION	
333	GOBP_EXIT_FROM_MITOSIS	GO_BP	331	290	1559	714	27	INTERNAL_AND_DESCRIPTIVE_NOT_SPATIAL_CONFIRMATION	
334	GOBP_EXPLORATION_BEHAVIOR	GO_BP	331	290	1559	714	27	INTERNAL_AND_DESCRIPTIVE_NOT_SPATIAL_CONFIRMATION	
335	GOBP_EXTRACELLULAR_MATRIX_ASSEMBLY	GO_BP	66	52	13	0	3	INTERNAL_AND_DESCRIPTIVE_NOT_SPATIAL_CONFIRMATION	
336	GOBP_EXTRACELLULAR_MATRIX_DISASSEMBLY	GO_BP	331	290	1559	714	27	INTERNAL_AND_DESCRIPTIVE_NOT_SPATIAL_CONFIRMATION	
337	GOBP_EXTRACELLULAR_TRANSPORT	GO_BP	331	290	1559	714	27	INTERNAL_AND_DESCRIPTIVE_NOT_SPATIAL_CONFIRMATION	
338	GOBP_EXTRACELLULAR_VESICLE_BIOGENESIS	GO_BP	331	290	1559	714	27	INTERNAL_AND_DESCRIPTIVE_NOT_SPATIAL_CONFIRMATION	
339	GOBP_EXTRINSIC_APOPTOTIC_SIGNALING_PATHWAY_VIA_DEATH_DOMAIN_RECEPTORS	GO_BP	331	290	1559	714	27	INTERNAL_AND_DESCRIPTIVE_NOT_SPATIAL_CONFIRMATION	
340	GOBP_EYE_PHOTORECEPTOR_CELL_DEVELOPMENT	GO_BP	331	290	1559	714	27	INTERNAL_AND_DESCRIPTIVE_NOT_SPATIAL_CONFIRMATION	
341	GOBP_FACE_MORPHOGENESIS	GO_BP	331	290	1559	714	27	INTERNAL_AND_DESCRIPTIVE_NOT_SPATIAL_CONFIRMATION	
342	GOBP_FATTY_ACID_BETA_OXIDATION	GO_BP	331	290	1559	714	27	INTERNAL_AND_DESCRIPTIVE_NOT_SPATIAL_CONFIRMATION	
343	GOBP_FATTY_ACID_TRANSMEMBRANE_TRANSPORT	GO_BP	331	290	1559	714	27	INTERNAL_AND_DESCRIPTIVE_NOT_SPATIAL_CONFIRMATION	
344	GOBP_FATTY_ACYL_COA_BIOSYNTHETIC_PROCESS	GO_BP	331	290	1559	714	27	INTERNAL_AND_DESCRIPTIVE_NOT_SPATIAL_CONFIRMATION	
345	GOBP_FAT_SOLUBLE_VITAMIN_METABOLIC_PROCESS	GO_BP	331	290	1559	714	27	INTERNAL_AND_DESCRIPTIVE_NOT_SPATIAL_CONFIRMATION	
346	GOBP_FC_EPSILON_RECEPTOR_SIGNALING_PATHWAY	GO_BP	331	290	1559	714	27	INTERNAL_AND_DESCRIPTIVE_NOT_SPATIAL_CONFIRMATION	
347	GOBP_FC_GAMMA_RECEPTOR_SIGNALING_PATHWAY	GO_BP	331	290	1559	714	27	INTERNAL_AND_DESCRIPTIVE_NOT_SPATIAL_CONFIRMATION	
348	GOBP_FEAR_RESPONSE	GO_BP	331	290	1559	714	27	INTERNAL_AND_DESCRIPTIVE_NOT_SPATIAL_CONFIRMATION	
349	GOBP_FEMALE_MEIOTIC_NUCLEAR_DIVISION	GO_BP	331	290	1559	714	27	INTERNAL_AND_DESCRIPTIVE_NOT_SPATIAL_CONFIRMATION	
350	GOBP_FIBRINOLYSIS	GO_BP	331	290	1559	714	27	INTERNAL_AND_DESCRIPTIVE_NOT_SPATIAL_CONFIRMATION	
351	GOBP_FIBROBLAST_GROWTH_FACTOR_RECEPTOR_SIGNALING_PATHWAY	GO_BP	331	290	1559	714	27	INTERNAL_AND_DESCRIPTIVE_NOT_SPATIAL_CONFIRMATION	
352	GOBP_FIBROBLAST_PROLIFERATION	GO_BP	331	290	1559	714	27	INTERNAL_AND_DESCRIPTIVE_NOT_SPATIAL_CONFIRMATION	
353	GOBP_FILOPODIUM_ASSEMBLY	GO_BP	331	290	1559	714	27	INTERNAL_AND_DESCRIPTIVE_NOT_SPATIAL_CONFIRMATION	
354	GOBP_FOAM_CELL_DIFFERENTIATION	GO_BP	331	290	1559	714	27	INTERNAL_AND_DESCRIPTIVE_NOT_SPATIAL_CONFIRMATION	
355	GOBP_FOCAL_ADHESION_ASSEMBLY	GO_BP	331	290	1559	714	27	INTERNAL_AND_DESCRIPTIVE_NOT_SPATIAL_CONFIRMATION	
356	GOBP_FOREBRAIN_NEURON_DEVELOPMENT	GO_BP	331	290	1559	714	27	INTERNAL_AND_DESCRIPTIVE_NOT_SPATIAL_CONFIRMATION	
357	GOBP_FOREBRAIN_REGIONALIZATION	GO_BP	331	290	1559	714	27	INTERNAL_AND_DESCRIPTIVE_NOT_SPATIAL_CONFIRMATION	
358	GOBP_G0_TO_G1_TRANSITION	GO_BP	331	290	1559	714	27	INTERNAL_AND_DESCRIPTIVE_NOT_SPATIAL_CONFIRMATION	
359	GOBP_G1_TO_G0_TRANSITION	GO_BP	331	290	1559	714	27	INTERNAL_AND_DESCRIPTIVE_NOT_SPATIAL_CONFIRMATION	
360	GOBP_GABAERGIC_NEURON_DIFFERENTIATION	GO_BP	331	290	1559	714	27	INTERNAL_AND_DESCRIPTIVE_NOT_SPATIAL_CONFIRMATION	
361	GOBP_GAMMA_AMINOBUTYRIC_ACID_SIGNALING_PATHWAY	GO_BP	331	290	1559	714	27	INTERNAL_AND_DESCRIPTIVE_NOT_SPATIAL_CONFIRMATION	
362	GOBP_GAMMA_DELTA_T_CELL_ACTIVATION	GO_BP	331	290	1559	714	27	INTERNAL_AND_DESCRIPTIVE_NOT_SPATIAL_CONFIRMATION	
363	GOBP_GANGLIOSIDE_METABOLIC_PROCESS	GO_BP	331	290	1559	714	27	INTERNAL_AND_DESCRIPTIVE_NOT_SPATIAL_CONFIRMATION	
364	GOBP_GASTRULATION_WITH_MOUTH_FORMING_SECOND	GO_BP	331	290	1559	714	27	INTERNAL_AND_DESCRIPTIVE_NOT_SPATIAL_CONFIRMATION	
365	GOBP_GAS_TRANSPORT	GO_BP	331	290	1559	714	27	INTERNAL_AND_DESCRIPTIVE_NOT_SPATIAL_CONFIRMATION	
366	GOBP_GENOMIC_IMPRINTING	GO_BP	331	290	1559	714	27	INTERNAL_AND_DESCRIPTIVE_NOT_SPATIAL_CONFIRMATION	
367	GOBP_GLANDULAR_EPITHELIAL_CELL_DIFFERENTIATION	GO_BP	331	290	1559	714	27	INTERNAL_AND_DESCRIPTIVE_NOT_SPATIAL_CONFIRMATION	
368	GOBP_GLIAL_CELL_PROLIFERATION	GO_BP	331	290	1559	714	27	INTERNAL_AND_DESCRIPTIVE_NOT_SPATIAL_CONFIRMATION	
369	GOBP_GLOMERULAR_EPITHELIUM_DEVELOPMENT	GO_BP	331	290	1559	714	27	INTERNAL_AND_DESCRIPTIVE_NOT_SPATIAL_CONFIRMATION	
370	GOBP_GLUCAN_METABOLIC_PROCESS	GO_BP	331	290	1559	714	27	INTERNAL_AND_DESCRIPTIVE_NOT_SPATIAL_CONFIRMATION	
371	GOBP_GLUCOCORTICOID_METABOLIC_PROCESS	GO_BP	331	290	1559	714	27	INTERNAL_AND_DESCRIPTIVE_NOT_SPATIAL_CONFIRMATION	
372	GOBP_GLUCOSAMINE_CONTAINING_COMPOUND_METABOLIC_PROCESS	GO_BP	331	290	1559	714	27	INTERNAL_AND_DESCRIPTIVE_NOT_SPATIAL_CONFIRMATION	
373	GOBP_GLUCOSE_CATABOLIC_PROCESS	GO_BP	331	290	1559	714	27	INTERNAL_AND_DESCRIPTIVE_NOT_SPATIAL_CONFIRMATION	
374	GOBP_GLUTAMATE_METABOLIC_PROCESS	GO_BP	331	290	1559	714	27	INTERNAL_AND_DESCRIPTIVE_NOT_SPATIAL_CONFIRMATION	
375	GOBP_GLUTAMATE_SECRETION	GO_BP	331	290	1559	714	27	INTERNAL_AND_DESCRIPTIVE_NOT_SPATIAL_CONFIRMATION	
376	GOBP_GLUTAMINE_FAMILY_AMINO_ACID_CATABOLIC_PROCESS	GO_BP	331	290	1559	714	27	INTERNAL_AND_DESCRIPTIVE_NOT_SPATIAL_CONFIRMATION	
377	GOBP_GLUTAMINE_FAMILY_AMINO_ACID_METABOLIC_PROCESS	GO_BP	331	290	1559	714	27	INTERNAL_AND_DESCRIPTIVE_NOT_SPATIAL_CONFIRMATION	
378	GOBP_GLUTAMINE_METABOLIC_PROCESS	GO_BP	331	290	1559	714	27	INTERNAL_AND_DESCRIPTIVE_NOT_SPATIAL_CONFIRMATION	
379	GOBP_GLUTATHIONE_METABOLIC_PROCESS	GO_BP	66	52	13	0	3	INTERNAL_AND_DESCRIPTIVE_NOT_SPATIAL_CONFIRMATION	
380	GOBP_GLYCEROL_ETHER_METABOLIC_PROCESS	GO_BP	331	290	1559	714	27	INTERNAL_AND_DESCRIPTIVE_NOT_SPATIAL_CONFIRMATION	
381	GOBP_GLYCEROPHOSPHOLIPID_CATABOLIC_PROCESS	GO_BP	331	290	1559	714	27	INTERNAL_AND_DESCRIPTIVE_NOT_SPATIAL_CONFIRMATION	
382	GOBP_GLYCOLIPID_CATABOLIC_PROCESS	GO_BP	0	0	0	0	0	INTERNAL_AND_DESCRIPTIVE_NOT_SPATIAL_CONFIRMATION	
383	GOBP_GLYCOLYTIC_PROCESS_THROUGH_GLUCOSE_6_PHOSPHATE	GO_BP	331	290	1559	714	27	INTERNAL_AND_DESCRIPTIVE_NOT_SPATIAL_CONFIRMATION	
384	GOBP_GLYCOPROTEIN_CATABOLIC_PROCESS	GO_BP	331	290	1559	714	27	INTERNAL_AND_DESCRIPTIVE_NOT_SPATIAL_CONFIRMATION	
385	GOBP_GLYCOSAMINOGLYCAN_BIOSYNTHETIC_PROCESS	GO_BP	331	290	1559	714	27	INTERNAL_AND_DESCRIPTIVE_NOT_SPATIAL_CONFIRMATION	
386	GOBP_GLYCOSAMINOGLYCAN_CATABOLIC_PROCESS	GO_BP	331	290	1559	714	27	INTERNAL_AND_DESCRIPTIVE_NOT_SPATIAL_CONFIRMATION	
387	GOBP_GLYCOSPHINGOLIPID_BIOSYNTHETIC_PROCESS	GO_BP	331	290	1559	714	27	INTERNAL_AND_DESCRIPTIVE_NOT_SPATIAL_CONFIRMATION	
388	GOBP_GLYCOSYLATION	GO_BP	331	290	1559	714	27	INTERNAL_AND_DESCRIPTIVE_NOT_SPATIAL_CONFIRMATION	
389	GOBP_GLYCOSYLCERAMIDE_METABOLIC_PROCESS	GO_BP	0	0	0	0	0	INTERNAL_AND_DESCRIPTIVE_NOT_SPATIAL_CONFIRMATION	
390	GOBP_GLYCOSYL_COMPOUND_BIOSYNTHETIC_PROCESS	GO_BP	331	290	1559	714	27	INTERNAL_AND_DESCRIPTIVE_NOT_SPATIAL_CONFIRMATION	
391	GOBP_GLYCOSYL_COMPOUND_METABOLIC_PROCESS	GO_BP	331	290	1559	714	27	INTERNAL_AND_DESCRIPTIVE_NOT_SPATIAL_CONFIRMATION	
392	GOBP_GMP_METABOLIC_PROCESS	GO_BP	331	290	1559	714	27	INTERNAL_AND_DESCRIPTIVE_NOT_SPATIAL_CONFIRMATION	
393	GOBP_GOLGI_ORGANIZATION	GO_BP	331	290	1559	714	27	INTERNAL_AND_DESCRIPTIVE_NOT_SPATIAL_CONFIRMATION	
394	GOBP_GOLGI_TO_PLASMA_MEMBRANE_PROTEIN_TRANSPORT	GO_BP	331	290	1559	714	27	INTERNAL_AND_DESCRIPTIVE_NOT_SPATIAL_CONFIRMATION	
395	GOBP_GPI_ANCHOR_METABOLIC_PROCESS	GO_BP	331	290	1559	714	27	INTERNAL_AND_DESCRIPTIVE_NOT_SPATIAL_CONFIRMATION	
396	GOBP_GRANULOCYTE_DIFFERENTIATION	GO_BP	331	290	1559	714	27	INTERNAL_AND_DESCRIPTIVE_NOT_SPATIAL_CONFIRMATION	
397	GOBP_GROWTH_PLATE_CARTILAGE_DEVELOPMENT	GO_BP	331	290	1559	714	27	INTERNAL_AND_DESCRIPTIVE_NOT_SPATIAL_CONFIRMATION	
398	GOBP_GTP_METABOLIC_PROCESS	GO_BP	331	290	1559	714	27	INTERNAL_AND_DESCRIPTIVE_NOT_SPATIAL_CONFIRMATION	
399	GOBP_G_PROTEIN_COUPLED_ACETYLCHOLINE_RECEPTOR_SIGNALING_PATHWAY	GO_BP	331	290	1559	714	27	INTERNAL_AND_DESCRIPTIVE_NOT_SPATIAL_CONFIRMATION	
400	GOBP_G_PROTEIN_COUPLED_DOPAMINE_RECEPTOR_SIGNALING_PATHWAY	GO_BP	331	290	1559	714	27	INTERNAL_AND_DESCRIPTIVE_NOT_SPATIAL_CONFIRMATION	
401	GOBP_G_PROTEIN_COUPLED_RECEPTOR_SIGNALING_PATHWAY_COUPLED_TO_CYCLIC_NUCLEOTIDE_SECOND_MESSENGER	GO_BP	331	290	1559	714	27	INTERNAL_AND_DESCRIPTIVE_NOT_SPATIAL_CONFIRMATION	
402	GOBP_HEART_FORMATION	GO_BP	331	290	1559	714	27	INTERNAL_AND_DESCRIPTIVE_NOT_SPATIAL_CONFIRMATION	
403	GOBP_HEART_TRABECULA_MORPHOGENESIS	GO_BP	331	290	1559	714	27	INTERNAL_AND_DESCRIPTIVE_NOT_SPATIAL_CONFIRMATION	
404	GOBP_HEMATOPOIETIC_STEM_CELL_DIFFERENTIATION	GO_BP	331	290	1559	714	27	INTERNAL_AND_DESCRIPTIVE_NOT_SPATIAL_CONFIRMATION	
405	GOBP_HEMATOPOIETIC_STEM_CELL_HOMEOSTASIS	GO_BP	331	290	1559	714	27	INTERNAL_AND_DESCRIPTIVE_NOT_SPATIAL_CONFIRMATION	
406	GOBP_HEMATOPOIETIC_STEM_CELL_PROLIFERATION	GO_BP	331	290	1559	714	27	INTERNAL_AND_DESCRIPTIVE_NOT_SPATIAL_CONFIRMATION	
407	GOBP_HEPARAN_SULFATE_PROTEOGLYCAN_BIOSYNTHETIC_PROCESS	GO_BP	331	290	1559	714	27	INTERNAL_AND_DESCRIPTIVE_NOT_SPATIAL_CONFIRMATION	
408	GOBP_HEPATOCYTE_APOPTOTIC_PROCESS	GO_BP	331	290	1559	714	27	INTERNAL_AND_DESCRIPTIVE_NOT_SPATIAL_CONFIRMATION	
409	GOBP_HETEROPHILIC_CELL_CELL_ADHESION_VIA_PLASMA_MEMBRANE_CELL_ADHESION_MOLECULES	GO_BP	331	290	1559	714	27	INTERNAL_AND_DESCRIPTIVE_NOT_SPATIAL_CONFIRMATION	
410	GOBP_HETEROTYPIC_CELL_CELL_ADHESION	GO_BP	331	290	1559	714	27	INTERNAL_AND_DESCRIPTIVE_NOT_SPATIAL_CONFIRMATION	
411	GOBP_HIGH_DENSITY_LIPOPROTEIN_PARTICLE_REMODELING	GO_BP	331	290	1559	714	27	INTERNAL_AND_DESCRIPTIVE_NOT_SPATIAL_CONFIRMATION	
412	GOBP_HIPPO_SIGNALING	GO_BP	331	290	1559	714	27	INTERNAL_AND_DESCRIPTIVE_NOT_SPATIAL_CONFIRMATION	
413	GOBP_HISTONE_MRNA_METABOLIC_PROCESS	GO_BP	331	290	1559	714	27	INTERNAL_AND_DESCRIPTIVE_NOT_SPATIAL_CONFIRMATION	
414	GOBP_HOMEOSTASIS_OF_NUMBER_OF_CELLS_WITHIN_A_TISSUE	GO_BP	331	290	1559	714	27	INTERNAL_AND_DESCRIPTIVE_NOT_SPATIAL_CONFIRMATION	
415	GOBP_HOMOLOGOUS_CHROMOSOME_PAIRING_AT_MEIOSIS	GO_BP	331	290	1559	714	27	INTERNAL_AND_DESCRIPTIVE_NOT_SPATIAL_CONFIRMATION	
416	GOBP_HOMOLOGOUS_RECOMBINATION	GO_BP	331	290	1559	714	27	INTERNAL_AND_DESCRIPTIVE_NOT_SPATIAL_CONFIRMATION	
417	GOBP_HOMOPHILIC_CELL_ADHESION_VIA_PLASMA_MEMBRANE_ADHESION_MOLECULES	GO_BP	331	290	1559	714	27	INTERNAL_AND_DESCRIPTIVE_NOT_SPATIAL_CONFIRMATION	
418	GOBP_HOST_MEDIATED_SUPPRESSION_OF_SYMBIONT_INVASION	GO_BP	331	290	1559	714	27	INTERNAL_AND_DESCRIPTIVE_NOT_SPATIAL_CONFIRMATION	
419	GOBP_HYALURONAN_METABOLIC_PROCESS	GO_BP	331	290	1559	714	27	INTERNAL_AND_DESCRIPTIVE_NOT_SPATIAL_CONFIRMATION	
420	GOBP_HYDROGEN_PEROXIDE_CATABOLIC_PROCESS	GO_BP	66	52	13	0	3	INTERNAL_AND_DESCRIPTIVE_NOT_SPATIAL_CONFIRMATION	
421	GOBP_HYPERSENSITIVITY	GO_BP	331	290	1559	714	27	INTERNAL_AND_DESCRIPTIVE_NOT_SPATIAL_CONFIRMATION	
422	GOBP_HYPOTHALAMUS_DEVELOPMENT	GO_BP	331	290	1559	714	27	INTERNAL_AND_DESCRIPTIVE_NOT_SPATIAL_CONFIRMATION	
423	GOBP_IMMUNE_RESPONSE_REGULATING_CELL_SURFACE_RECEPTOR_SIGNALING_PATHWAY_INVOLVED_IN_PHAGOCYTOSIS	GO_BP	331	290	1559	714	27	INTERNAL_AND_DESCRIPTIVE_NOT_SPATIAL_CONFIRMATION	
424	GOBP_IMMUNOGLOBULIN_PRODUCTION_INVOLVED_IN_IMMUNOGLOBULIN_MEDIATED_IMMUNE_RESPONSE	GO_BP	331	290	1559	714	27	INTERNAL_AND_DESCRIPTIVE_NOT_SPATIAL_CONFIRMATION	
425	GOBP_IMMUNOLOGICAL_MEMORY_PROCESS	GO_BP	331	290	1559	714	27	INTERNAL_AND_DESCRIPTIVE_NOT_SPATIAL_CONFIRMATION	
426	GOBP_INCLUSION_BODY_ASSEMBLY	GO_BP	331	290	1559	714	27	INTERNAL_AND_DESCRIPTIVE_NOT_SPATIAL_CONFIRMATION	
427	GOBP_INDOLE_CONTAINING_COMPOUND_METABOLIC_PROCESS	GO_BP	331	290	1559	714	27	INTERNAL_AND_DESCRIPTIVE_NOT_SPATIAL_CONFIRMATION	
428	GOBP_INFLAMMASOME_MEDIATED_SIGNALING_PATHWAY	GO_BP	331	290	1559	714	27	INTERNAL_AND_DESCRIPTIVE_NOT_SPATIAL_CONFIRMATION	
429	GOBP_INFLAMMATORY_CELL_APOPTOTIC_PROCESS	GO_BP	331	290	1559	714	27	INTERNAL_AND_DESCRIPTIVE_NOT_SPATIAL_CONFIRMATION	
430	GOBP_INFLAMMATORY_RESPONSE_TO_WOUNDING	GO_BP	331	290	1559	714	27	INTERNAL_AND_DESCRIPTIVE_NOT_SPATIAL_CONFIRMATION	
431	GOBP_INHIBITORY_SYNAPSE_ASSEMBLY	GO_BP	331	290	1559	714	27	INTERNAL_AND_DESCRIPTIVE_NOT_SPATIAL_CONFIRMATION	
432	GOBP_INNATE_IMMUNE_RESPONSE_IN_MUCOSA	GO_BP	0	0	0	0	0	INTERNAL_AND_DESCRIPTIVE_NOT_SPATIAL_CONFIRMATION	
433	GOBP_INNERVATION	GO_BP	331	290	1559	714	27	INTERNAL_AND_DESCRIPTIVE_NOT_SPATIAL_CONFIRMATION	
434	GOBP_INOSITOL_PHOSPHATE_BIOSYNTHETIC_PROCESS	GO_BP	331	290	1559	714	27	INTERNAL_AND_DESCRIPTIVE_NOT_SPATIAL_CONFIRMATION	
435	GOBP_INSULIN_LIKE_GROWTH_FACTOR_RECEPTOR_SIGNALING_PATHWAY	GO_BP	331	290	1559	714	27	INTERNAL_AND_DESCRIPTIVE_NOT_SPATIAL_CONFIRMATION	
436	GOBP_INSULIN_RECEPTOR_SIGNALING_PATHWAY	GO_BP	331	290	1559	714	27	INTERNAL_AND_DESCRIPTIVE_NOT_SPATIAL_CONFIRMATION	
437	GOBP_INSULIN_SECRETION_INVOLVED_IN_CELLULAR_RESPONSE_TO_GLUCOSE_STIMULUS	GO_BP	331	290	1559	714	27	INTERNAL_AND_DESCRIPTIVE_NOT_SPATIAL_CONFIRMATION	
438	GOBP_INTEGRIN_ACTIVATION	GO_BP	331	290	1559	714	27	INTERNAL_AND_DESCRIPTIVE_NOT_SPATIAL_CONFIRMATION	
439	GOBP_INTEGRIN_MEDIATED_SIGNALING_PATHWAY	GO_BP	331	290	1559	714	27	INTERNAL_AND_DESCRIPTIVE_NOT_SPATIAL_CONFIRMATION	
440	GOBP_INTERFERON_BETA_PRODUCTION	GO_BP	331	290	1559	714	27	INTERNAL_AND_DESCRIPTIVE_NOT_SPATIAL_CONFIRMATION	
441	GOBP_INTERLEUKIN_10_PRODUCTION	GO_BP	331	290	1559	714	27	INTERNAL_AND_DESCRIPTIVE_NOT_SPATIAL_CONFIRMATION	
442	GOBP_INTERLEUKIN_12_PRODUCTION	GO_BP	331	290	1559	714	27	INTERNAL_AND_DESCRIPTIVE_NOT_SPATIAL_CONFIRMATION	
443	GOBP_INTERLEUKIN_13_PRODUCTION	GO_BP	331	290	1559	714	27	INTERNAL_AND_DESCRIPTIVE_NOT_SPATIAL_CONFIRMATION	
444	GOBP_INTERLEUKIN_17_PRODUCTION	GO_BP	331	290	1559	714	27	INTERNAL_AND_DESCRIPTIVE_NOT_SPATIAL_CONFIRMATION	
445	GOBP_INTERLEUKIN_1_BETA_PRODUCTION	GO_BP	331	290	1559	714	27	INTERNAL_AND_DESCRIPTIVE_NOT_SPATIAL_CONFIRMATION	
446	GOBP_INTERLEUKIN_1_MEDIATED_SIGNALING_PATHWAY	GO_BP	331	290	1559	714	27	INTERNAL_AND_DESCRIPTIVE_NOT_SPATIAL_CONFIRMATION	
447	GOBP_INTERLEUKIN_2_PRODUCTION	GO_BP	331	290	1559	714	27	INTERNAL_AND_DESCRIPTIVE_NOT_SPATIAL_CONFIRMATION	
448	GOBP_INTERLEUKIN_5_PRODUCTION	GO_BP	331	290	1559	714	27	INTERNAL_AND_DESCRIPTIVE_NOT_SPATIAL_CONFIRMATION	
449	GOBP_INTERLEUKIN_6_MEDIATED_SIGNALING_PATHWAY	GO_BP	0	0	0	0	0	INTERNAL_AND_DESCRIPTIVE_NOT_SPATIAL_CONFIRMATION	
450	GOBP_INTERLEUKIN_6_PRODUCTION	GO_BP	331	290	1559	714	27	INTERNAL_AND_DESCRIPTIVE_NOT_SPATIAL_CONFIRMATION	
451	GOBP_INTERLEUKIN_8_PRODUCTION	GO_BP	66	52	13	0	3	INTERNAL_AND_DESCRIPTIVE_NOT_SPATIAL_CONFIRMATION	
452	GOBP_INTERMEDIATE_FILAMENT_ORGANIZATION	GO_BP	331	290	1559	714	27	INTERNAL_AND_DESCRIPTIVE_NOT_SPATIAL_CONFIRMATION	
453	GOBP_INTERMEMBRANE_LIPID_TRANSFER	GO_BP	331	290	1559	714	27	INTERNAL_AND_DESCRIPTIVE_NOT_SPATIAL_CONFIRMATION	
454	GOBP_INTERSTRAND_CROSS_LINK_REPAIR	GO_BP	331	290	1559	714	27	INTERNAL_AND_DESCRIPTIVE_NOT_SPATIAL_CONFIRMATION	
455	GOBP_INTESTINAL_EPITHELIAL_CELL_DIFFERENTIATION	GO_BP	331	290	1559	714	27	INTERNAL_AND_DESCRIPTIVE_NOT_SPATIAL_CONFIRMATION	
456	GOBP_INTESTINAL_LIPID_ABSORPTION	GO_BP	331	290	1559	714	27	INTERNAL_AND_DESCRIPTIVE_NOT_SPATIAL_CONFIRMATION	
457	GOBP_INTRACELLULAR_IRON_ION_HOMEOSTASIS	GO_BP	331	290	1559	714	27	INTERNAL_AND_DESCRIPTIVE_NOT_SPATIAL_CONFIRMATION	
458	GOBP_INTRACELLULAR_SODIUM_ION_HOMEOSTASIS	GO_BP	331	290	1559	714	27	INTERNAL_AND_DESCRIPTIVE_NOT_SPATIAL_CONFIRMATION	
459	GOBP_INTRACELLULAR_STEROL_TRANSPORT	GO_BP	331	290	1559	714	27	INTERNAL_AND_DESCRIPTIVE_NOT_SPATIAL_CONFIRMATION	
460	GOBP_INTRACELLULAR_ZINC_ION_HOMEOSTASIS	GO_BP	331	290	1559	714	27	INTERNAL_AND_DESCRIPTIVE_NOT_SPATIAL_CONFIRMATION	
461	GOBP_INTRACILIARY_TRANSPORT	GO_BP	331	290	1559	714	27	INTERNAL_AND_DESCRIPTIVE_NOT_SPATIAL_CONFIRMATION	
462	GOBP_INTRA_GOLGI_VESICLE_MEDIATED_TRANSPORT	GO_BP	331	290	1559	714	27	INTERNAL_AND_DESCRIPTIVE_NOT_SPATIAL_CONFIRMATION	
463	GOBP_INTRINSIC_APOPTOTIC_SIGNALING_PATHWAY_IN_RESPONSE_TO_DNA_DAMAGE_BY_P53_CLASS_MEDIATOR	GO_BP	331	290	1559	714	27	INTERNAL_AND_DESCRIPTIVE_NOT_SPATIAL_CONFIRMATION	
464	GOBP_INTRINSIC_APOPTOTIC_SIGNALING_PATHWAY_IN_RESPONSE_TO_ENDOPLASMIC_RETICULUM_STRESS	GO_BP	331	290	1559	714	27	INTERNAL_AND_DESCRIPTIVE_NOT_SPATIAL_CONFIRMATION	
465	GOBP_IONOTROPIC_GLUTAMATE_RECEPTOR_SIGNALING_PATHWAY	GO_BP	331	290	1559	714	27	INTERNAL_AND_DESCRIPTIVE_NOT_SPATIAL_CONFIRMATION	
466	GOBP_IRE1_MEDIATED_UNFOLDED_PROTEIN_RESPONSE	GO_BP	331	290	1559	714	27	INTERNAL_AND_DESCRIPTIVE_NOT_SPATIAL_CONFIRMATION	
467	GOBP_IRON_ION_TRANSMEMBRANE_TRANSPORT	GO_BP	331	290	1559	714	27	INTERNAL_AND_DESCRIPTIVE_NOT_SPATIAL_CONFIRMATION	
468	GOBP_ISOPRENOID_BIOSYNTHETIC_PROCESS	GO_BP	331	290	1559	714	27	INTERNAL_AND_DESCRIPTIVE_NOT_SPATIAL_CONFIRMATION	
469	GOBP_JNK_CASCADE	GO_BP	331	290	1559	714	27	INTERNAL_AND_DESCRIPTIVE_NOT_SPATIAL_CONFIRMATION	
470	GOBP_KERATINIZATION	GO_BP	331	290	1559	714	27	INTERNAL_AND_DESCRIPTIVE_NOT_SPATIAL_CONFIRMATION	
471	GOBP_KERATINOCYTE_MIGRATION	GO_BP	331	290	1559	714	27	INTERNAL_AND_DESCRIPTIVE_NOT_SPATIAL_CONFIRMATION	
472	GOBP_KERATINOCYTE_PROLIFERATION	GO_BP	331	290	1559	714	27	INTERNAL_AND_DESCRIPTIVE_NOT_SPATIAL_CONFIRMATION	
473	GOBP_KETONE_BIOSYNTHETIC_PROCESS	GO_BP	331	290	1559	714	27	INTERNAL_AND_DESCRIPTIVE_NOT_SPATIAL_CONFIRMATION	
474	GOBP_KINETOCHORE_ORGANIZATION	GO_BP	331	290	1559	714	27	INTERNAL_AND_DESCRIPTIVE_NOT_SPATIAL_CONFIRMATION	
475	GOBP_LABYRINTHINE_LAYER_BLOOD_VESSEL_DEVELOPMENT	GO_BP	331	290	1559	714	27	INTERNAL_AND_DESCRIPTIVE_NOT_SPATIAL_CONFIRMATION	
476	GOBP_LACTATE_METABOLIC_PROCESS	GO_BP	331	290	1559	714	27	INTERNAL_AND_DESCRIPTIVE_NOT_SPATIAL_CONFIRMATION	
477	GOBP_LACTATION	GO_BP	331	290	1559	714	27	INTERNAL_AND_DESCRIPTIVE_NOT_SPATIAL_CONFIRMATION	
478	GOBP_LAMELLIPODIUM_ASSEMBLY	GO_BP	331	290	1559	714	27	INTERNAL_AND_DESCRIPTIVE_NOT_SPATIAL_CONFIRMATION	
479	GOBP_LATE_ENDOSOME_TO_LYSOSOME_TRANSPORT	GO_BP	331	290	1559	714	27	INTERNAL_AND_DESCRIPTIVE_NOT_SPATIAL_CONFIRMATION	
480	GOBP_LATE_ENDOSOME_TO_VACUOLE_TRANSPORT_VIA_MULTIVESICULAR_BODY_SORTING_PATHWAY	GO_BP	331	290	1559	714	27	INTERNAL_AND_DESCRIPTIVE_NOT_SPATIAL_CONFIRMATION	
481	GOBP_LENS_FIBER_CELL_DIFFERENTIATION	GO_BP	331	290	1559	714	27	INTERNAL_AND_DESCRIPTIVE_NOT_SPATIAL_CONFIRMATION	
482	GOBP_LENS_MORPHOGENESIS_IN_CAMERA_TYPE_EYE	GO_BP	331	290	1559	714	27	INTERNAL_AND_DESCRIPTIVE_NOT_SPATIAL_CONFIRMATION	
483	GOBP_LEUKOCYTE_ACTIVATION_INVOLVED_IN_INFLAMMATORY_RESPONSE	GO_BP	331	290	1559	714	27	INTERNAL_AND_DESCRIPTIVE_NOT_SPATIAL_CONFIRMATION	
484	GOBP_LEUKOCYTE_DEGRANULATION	GO_BP	331	290	1559	714	27	INTERNAL_AND_DESCRIPTIVE_NOT_SPATIAL_CONFIRMATION	
485	GOBP_LEUKOCYTE_MIGRATION_INVOLVED_IN_INFLAMMATORY_RESPONSE	GO_BP	331	290	1559	714	27	INTERNAL_AND_DESCRIPTIVE_NOT_SPATIAL_CONFIRMATION	
486	GOBP_LEUKOCYTE_TETHERING_OR_ROLLING	GO_BP	331	290	1559	714	27	INTERNAL_AND_DESCRIPTIVE_NOT_SPATIAL_CONFIRMATION	
487	GOBP_LEUKOTRIENE_BIOSYNTHETIC_PROCESS	GO_BP	66	52	13	0	3	INTERNAL_AND_DESCRIPTIVE_NOT_SPATIAL_CONFIRMATION	
488	GOBP_LINOLEIC_ACID_METABOLIC_PROCESS	GO_BP	331	290	1559	714	27	INTERNAL_AND_DESCRIPTIVE_NOT_SPATIAL_CONFIRMATION	
489	GOBP_LIPID_DIGESTION	GO_BP	331	290	1559	714	27	INTERNAL_AND_DESCRIPTIVE_NOT_SPATIAL_CONFIRMATION	
490	GOBP_LIPID_DROPLET_ORGANIZATION	GO_BP	331	290	1559	714	27	INTERNAL_AND_DESCRIPTIVE_NOT_SPATIAL_CONFIRMATION	
491	GOBP_LIPID_IMPORT_INTO_CELL	GO_BP	331	290	1559	714	27	INTERNAL_AND_DESCRIPTIVE_NOT_SPATIAL_CONFIRMATION	
492	GOBP_LIPOPOLYSACCHARIDE_MEDIATED_SIGNALING_PATHWAY	GO_BP	331	290	1559	714	27	INTERNAL_AND_DESCRIPTIVE_NOT_SPATIAL_CONFIRMATION	
493	GOBP_LIPOPROTEIN_LOCALIZATION	GO_BP	331	290	1559	714	27	INTERNAL_AND_DESCRIPTIVE_NOT_SPATIAL_CONFIRMATION	
494	GOBP_LIVER_MORPHOGENESIS	GO_BP	331	290	1559	714	27	INTERNAL_AND_DESCRIPTIVE_NOT_SPATIAL_CONFIRMATION	
495	GOBP_LIVER_REGENERATION	GO_BP	331	290	1559	714	27	INTERNAL_AND_DESCRIPTIVE_NOT_SPATIAL_CONFIRMATION	
496	GOBP_LONG_CHAIN_FATTY_ACID_BIOSYNTHETIC_PROCESS	GO_BP	331	290	1559	714	27	INTERNAL_AND_DESCRIPTIVE_NOT_SPATIAL_CONFIRMATION	
497	GOBP_LONG_CHAIN_FATTY_ACYL_COA_METABOLIC_PROCESS	GO_BP	331	290	1559	714	27	INTERNAL_AND_DESCRIPTIVE_NOT_SPATIAL_CONFIRMATION	
498	GOBP_LONG_TERM_MEMORY	GO_BP	331	290	1559	714	27	INTERNAL_AND_DESCRIPTIVE_NOT_SPATIAL_CONFIRMATION	
499	GOBP_LONG_TERM_SYNAPTIC_DEPRESSION	GO_BP	331	290	1559	714	27	INTERNAL_AND_DESCRIPTIVE_NOT_SPATIAL_CONFIRMATION	
500	GOBP_LONG_TERM_SYNAPTIC_POTENTIATION	GO_BP	331	290	1559	714	27	INTERNAL_AND_DESCRIPTIVE_NOT_SPATIAL_CONFIRMATION	
501	GOBP_LOW_DENSITY_LIPOPROTEIN_PARTICLE_CLEARANCE	GO_BP	331	290	1559	714	27	INTERNAL_AND_DESCRIPTIVE_NOT_SPATIAL_CONFIRMATION	
502	GOBP_LUNG_ALVEOLUS_DEVELOPMENT	GO_BP	331	290	1559	714	27	INTERNAL_AND_DESCRIPTIVE_NOT_SPATIAL_CONFIRMATION	
503	GOBP_LUNG_CELL_DIFFERENTIATION	GO_BP	331	290	1559	714	27	INTERNAL_AND_DESCRIPTIVE_NOT_SPATIAL_CONFIRMATION	
504	GOBP_LUNG_EPITHELIUM_DEVELOPMENT	GO_BP	331	290	1559	714	27	INTERNAL_AND_DESCRIPTIVE_NOT_SPATIAL_CONFIRMATION	
505	GOBP_LYMPHANGIOGENESIS	GO_BP	331	290	1559	714	27	INTERNAL_AND_DESCRIPTIVE_NOT_SPATIAL_CONFIRMATION	
506	GOBP_LYMPHOCYTE_COSTIMULATION	GO_BP	331	290	1559	714	27	INTERNAL_AND_DESCRIPTIVE_NOT_SPATIAL_CONFIRMATION	
507	GOBP_LYMPHOID_PROGENITOR_CELL_DIFFERENTIATION	GO_BP	331	290	1559	714	27	INTERNAL_AND_DESCRIPTIVE_NOT_SPATIAL_CONFIRMATION	
508	GOBP_LYMPH_NODE_DEVELOPMENT	GO_BP	331	290	1559	714	27	INTERNAL_AND_DESCRIPTIVE_NOT_SPATIAL_CONFIRMATION	
509	GOBP_LYSOSOMAL_LUMEN_ACIDIFICATION	GO_BP	331	290	1559	714	27	INTERNAL_AND_DESCRIPTIVE_NOT_SPATIAL_CONFIRMATION	
510	GOBP_LYTIC_VACUOLE_ORGANIZATION	GO_BP	331	290	1559	714	27	INTERNAL_AND_DESCRIPTIVE_NOT_SPATIAL_CONFIRMATION	
511	GOBP_L_AMINO_ACID_CATABOLIC_PROCESS	GO_BP	331	290	1559	714	27	INTERNAL_AND_DESCRIPTIVE_NOT_SPATIAL_CONFIRMATION	
512	GOBP_L_GLUTAMATE_TRANSMEMBRANE_TRANSPORT	GO_BP	331	290	1559	714	27	INTERNAL_AND_DESCRIPTIVE_NOT_SPATIAL_CONFIRMATION	
513	GOBP_MACROPHAGE_ACTIVATION_INVOLVED_IN_IMMUNE_RESPONSE	GO_BP	331	290	1559	714	27	INTERNAL_AND_DESCRIPTIVE_NOT_SPATIAL_CONFIRMATION	
514	GOBP_MACROPHAGE_CHEMOTAXIS	GO_BP	331	290	1559	714	27	INTERNAL_AND_DESCRIPTIVE_NOT_SPATIAL_CONFIRMATION	
515	GOBP_MACROPHAGE_CYTOKINE_PRODUCTION	GO_BP	331	290	1559	714	27	INTERNAL_AND_DESCRIPTIVE_NOT_SPATIAL_CONFIRMATION	
516	GOBP_MACROPHAGE_DIFFERENTIATION	GO_BP	331	290	1559	714	27	INTERNAL_AND_DESCRIPTIVE_NOT_SPATIAL_CONFIRMATION	
517	GOBP_MAGNESIUM_ION_TRANSPORT	GO_BP	331	290	1559	714	27	INTERNAL_AND_DESCRIPTIVE_NOT_SPATIAL_CONFIRMATION	
518	GOBP_MAINTENANCE_OF_BLOOD_BRAIN_BARRIER	GO_BP	331	290	1559	714	27	INTERNAL_AND_DESCRIPTIVE_NOT_SPATIAL_CONFIRMATION	
519	GOBP_MAINTENANCE_OF_GASTROINTESTINAL_EPITHELIUM	GO_BP	331	290	1559	714	27	INTERNAL_AND_DESCRIPTIVE_NOT_SPATIAL_CONFIRMATION	
520	GOBP_MAINTENANCE_OF_PROTEIN_LOCATION_IN_NUCLEUS	GO_BP	331	290	1559	714	27	INTERNAL_AND_DESCRIPTIVE_NOT_SPATIAL_CONFIRMATION	
521	GOBP_MAINTENANCE_OF_SYNAPSE_STRUCTURE	GO_BP	331	290	1559	714	27	INTERNAL_AND_DESCRIPTIVE_NOT_SPATIAL_CONFIRMATION	
522	GOBP_MALE_GENITALIA_DEVELOPMENT	GO_BP	331	290	1559	714	27	INTERNAL_AND_DESCRIPTIVE_NOT_SPATIAL_CONFIRMATION	
523	GOBP_MALE_MEIOSIS_I	GO_BP	331	290	1559	714	27	INTERNAL_AND_DESCRIPTIVE_NOT_SPATIAL_CONFIRMATION	
524	GOBP_MAMMARY_GLAND_ALVEOLUS_DEVELOPMENT	GO_BP	331	290	1559	714	27	INTERNAL_AND_DESCRIPTIVE_NOT_SPATIAL_CONFIRMATION	
525	GOBP_MAMMARY_GLAND_EPITHELIAL_CELL_PROLIFERATION	GO_BP	331	290	1559	714	27	INTERNAL_AND_DESCRIPTIVE_NOT_SPATIAL_CONFIRMATION	
526	GOBP_MANNOSYLATION	GO_BP	331	290	1559	714	27	INTERNAL_AND_DESCRIPTIVE_NOT_SPATIAL_CONFIRMATION	
527	GOBP_MAST_CELL_ACTIVATION_INVOLVED_IN_IMMUNE_RESPONSE	GO_BP	331	290	1559	714	27	INTERNAL_AND_DESCRIPTIVE_NOT_SPATIAL_CONFIRMATION	
528	GOBP_MATING_BEHAVIOR	GO_BP	331	290	1559	714	27	INTERNAL_AND_DESCRIPTIVE_NOT_SPATIAL_CONFIRMATION	
529	GOBP_MATURATION_OF_5_8S_RRNA_FROM_TRICISTRONIC_RRNA_TRANSCRIPT_SSU_RRNA_5_8S_RRNA_LSU_RRNA	GO_BP	331	290	1559	714	27	INTERNAL_AND_DESCRIPTIVE_NOT_SPATIAL_CONFIRMATION	
530	GOBP_MATURATION_OF_LSU_RRNA	GO_BP	331	290	1559	714	27	INTERNAL_AND_DESCRIPTIVE_NOT_SPATIAL_CONFIRMATION	
531	GOBP_MATURATION_OF_SSU_RRNA_FROM_TRICISTRONIC_RRNA_TRANSCRIPT_SSU_RRNA_5_8S_RRNA_LSU_RRNA	GO_BP	331	290	1559	714	27	INTERNAL_AND_DESCRIPTIVE_NOT_SPATIAL_CONFIRMATION	
532	GOBP_MATURE_B_CELL_DIFFERENTIATION	GO_BP	331	290	1559	714	27	INTERNAL_AND_DESCRIPTIVE_NOT_SPATIAL_CONFIRMATION	
533	GOBP_MEGAKARYOCYTE_DEVELOPMENT	GO_BP	331	290	1559	714	27	INTERNAL_AND_DESCRIPTIVE_NOT_SPATIAL_CONFIRMATION	
534	GOBP_MEIOTIC_SPINDLE_ORGANIZATION	GO_BP	331	290	1559	714	27	INTERNAL_AND_DESCRIPTIVE_NOT_SPATIAL_CONFIRMATION	
535	GOBP_MELANOCYTE_DIFFERENTIATION	GO_BP	331	290	1559	714	27	INTERNAL_AND_DESCRIPTIVE_NOT_SPATIAL_CONFIRMATION	
536	GOBP_MEMBRANE_DEPOLARIZATION_DURING_CARDIAC_MUSCLE_CELL_ACTION_POTENTIAL	GO_BP	331	290	1559	714	27	INTERNAL_AND_DESCRIPTIVE_NOT_SPATIAL_CONFIRMATION	
537	GOBP_MEMBRANE_DOCKING	GO_BP	331	290	1559	714	27	INTERNAL_AND_DESCRIPTIVE_NOT_SPATIAL_CONFIRMATION	
538	GOBP_MEMBRANE_FISSION	GO_BP	331	290	1559	714	27	INTERNAL_AND_DESCRIPTIVE_NOT_SPATIAL_CONFIRMATION	
539	GOBP_MEMBRANE_LIPID_BIOSYNTHETIC_PROCESS	GO_BP	331	290	1559	714	27	INTERNAL_AND_DESCRIPTIVE_NOT_SPATIAL_CONFIRMATION	
540	GOBP_MEMBRANE_LIPID_CATABOLIC_PROCESS	GO_BP	331	290	1559	714	27	INTERNAL_AND_DESCRIPTIVE_NOT_SPATIAL_CONFIRMATION	
541	GOBP_MEMBRANE_LIPID_METABOLIC_PROCESS	GO_BP	331	290	1559	714	27	INTERNAL_AND_DESCRIPTIVE_NOT_SPATIAL_CONFIRMATION	
542	GOBP_MEMBRANE_PROTEIN_ECTODOMAIN_PROTEOLYSIS	GO_BP	331	290	1559	714	27	INTERNAL_AND_DESCRIPTIVE_NOT_SPATIAL_CONFIRMATION	
543	GOBP_MEMBRANE_RAFT_ORGANIZATION	GO_BP	331	290	1559	714	27	INTERNAL_AND_DESCRIPTIVE_NOT_SPATIAL_CONFIRMATION	
544	GOBP_MEMBRANE_REPOLARIZATION_DURING_ACTION_POTENTIAL	GO_BP	331	290	1559	714	27	INTERNAL_AND_DESCRIPTIVE_NOT_SPATIAL_CONFIRMATION	
545	GOBP_MESENCHYMAL_CELL_MIGRATION	GO_BP	331	290	1559	714	27	INTERNAL_AND_DESCRIPTIVE_NOT_SPATIAL_CONFIRMATION	
546	GOBP_MESENCHYMAL_CELL_PROLIFERATION	GO_BP	331	290	1559	714	27	INTERNAL_AND_DESCRIPTIVE_NOT_SPATIAL_CONFIRMATION	
547	GOBP_MESENCHYMAL_TO_EPITHELIAL_TRANSITION	GO_BP	331	290	1559	714	27	INTERNAL_AND_DESCRIPTIVE_NOT_SPATIAL_CONFIRMATION	
548	GOBP_MESODERMAL_CELL_DIFFERENTIATION	GO_BP	331	290	1559	714	27	INTERNAL_AND_DESCRIPTIVE_NOT_SPATIAL_CONFIRMATION	
549	GOBP_MESONEPHRIC_TUBULE_MORPHOGENESIS	GO_BP	331	290	1559	714	27	INTERNAL_AND_DESCRIPTIVE_NOT_SPATIAL_CONFIRMATION	
550	GOBP_METABOLIC_COMPOUND_SALVAGE	GO_BP	331	290	1559	714	27	INTERNAL_AND_DESCRIPTIVE_NOT_SPATIAL_CONFIRMATION	
551	GOBP_METALLO_SULFUR_CLUSTER_ASSEMBLY	GO_BP	331	290	1559	714	27	INTERNAL_AND_DESCRIPTIVE_NOT_SPATIAL_CONFIRMATION	
552	GOBP_METANEPHRIC_NEPHRON_MORPHOGENESIS	GO_BP	331	290	1559	714	27	INTERNAL_AND_DESCRIPTIVE_NOT_SPATIAL_CONFIRMATION	
553	GOBP_METANEPHRIC_TUBULE_DEVELOPMENT	GO_BP	331	290	1559	714	27	INTERNAL_AND_DESCRIPTIVE_NOT_SPATIAL_CONFIRMATION	
554	GOBP_MHC_CLASS_II_BIOSYNTHETIC_PROCESS	GO_BP	331	290	1559	714	27	INTERNAL_AND_DESCRIPTIVE_NOT_SPATIAL_CONFIRMATION	
555	GOBP_MICROAUTOPHAGY	GO_BP	331	290	1559	714	27	INTERNAL_AND_DESCRIPTIVE_NOT_SPATIAL_CONFIRMATION	
556	GOBP_MICROTUBULE_ANCHORING	GO_BP	331	290	1559	714	27	INTERNAL_AND_DESCRIPTIVE_NOT_SPATIAL_CONFIRMATION	
557	GOBP_MICROTUBULE_DEPOLYMERIZATION	GO_BP	331	290	1559	714	27	INTERNAL_AND_DESCRIPTIVE_NOT_SPATIAL_CONFIRMATION	
558	GOBP_MICROTUBULE_NUCLEATION	GO_BP	331	290	1559	714	27	INTERNAL_AND_DESCRIPTIVE_NOT_SPATIAL_CONFIRMATION	
559	GOBP_MICROTUBULE_ORGANIZING_CENTER_LOCALIZATION	GO_BP	331	290	1559	714	27	INTERNAL_AND_DESCRIPTIVE_NOT_SPATIAL_CONFIRMATION	
560	GOBP_MICROVILLUS_ASSEMBLY	GO_BP	331	290	1559	714	27	INTERNAL_AND_DESCRIPTIVE_NOT_SPATIAL_CONFIRMATION	
561	GOBP_MIDBODY_ABSCISSION	GO_BP	331	290	1559	714	27	INTERNAL_AND_DESCRIPTIVE_NOT_SPATIAL_CONFIRMATION	
562	GOBP_MIDDLE_EAR_MORPHOGENESIS	GO_BP	331	290	1559	714	27	INTERNAL_AND_DESCRIPTIVE_NOT_SPATIAL_CONFIRMATION	
563	GOBP_MIRNA_CATABOLIC_PROCESS	GO_BP	66	52	13	0	3	INTERNAL_AND_DESCRIPTIVE_NOT_SPATIAL_CONFIRMATION	
564	GOBP_MIRNA_MEDIATED_GENE_SILENCING_BY_INHIBITION_OF_TRANSLATION	GO_BP	0	0	0	0	0	INTERNAL_AND_DESCRIPTIVE_NOT_SPATIAL_CONFIRMATION	
565	GOBP_MIRNA_MEDIATED_GENE_SILENCING_BY_MRNA_DESTABILIZATION	GO_BP	0	0	0	0	0	INTERNAL_AND_DESCRIPTIVE_NOT_SPATIAL_CONFIRMATION	
566	GOBP_MIRNA_PROCESSING	GO_BP	331	290	1559	714	27	INTERNAL_AND_DESCRIPTIVE_NOT_SPATIAL_CONFIRMATION	
567	GOBP_MISMATCH_REPAIR	GO_BP	331	290	1559	714	27	INTERNAL_AND_DESCRIPTIVE_NOT_SPATIAL_CONFIRMATION	
568	GOBP_MITOCHONDRIAL_CALCIUM_ION_HOMEOSTASIS	GO_BP	331	290	1559	714	27	INTERNAL_AND_DESCRIPTIVE_NOT_SPATIAL_CONFIRMATION	
569	GOBP_MITOCHONDRIAL_CALCIUM_ION_TRANSMEMBRANE_TRANSPORT	GO_BP	331	290	1559	714	27	INTERNAL_AND_DESCRIPTIVE_NOT_SPATIAL_CONFIRMATION	
570	GOBP_MITOCHONDRIAL_DNA_METABOLIC_PROCESS	GO_BP	331	290	1559	714	27	INTERNAL_AND_DESCRIPTIVE_NOT_SPATIAL_CONFIRMATION	
571	GOBP_MITOCHONDRIAL_ELECTRON_TRANSPORT_CYTOCHROME_C_TO_OXYGEN	GO_BP	66	52	13	0	3	INTERNAL_AND_DESCRIPTIVE_NOT_SPATIAL_CONFIRMATION	
572	GOBP_MITOCHONDRIAL_ELECTRON_TRANSPORT_NADH_TO_UBIQUINONE	GO_BP	66	52	13	0	3	INTERNAL_AND_DESCRIPTIVE_NOT_SPATIAL_CONFIRMATION	
573	GOBP_MITOCHONDRIAL_FISSION	GO_BP	331	290	1559	714	27	INTERNAL_AND_DESCRIPTIVE_NOT_SPATIAL_CONFIRMATION	
574	GOBP_MITOCHONDRIAL_FUSION	GO_BP	331	290	1559	714	27	INTERNAL_AND_DESCRIPTIVE_NOT_SPATIAL_CONFIRMATION	
575	GOBP_MITOCHONDRIAL_RESPIRATORY_CHAIN_COMPLEX_ASSEMBLY	GO_BP	331	290	1559	714	27	INTERNAL_AND_DESCRIPTIVE_NOT_SPATIAL_CONFIRMATION	
576	GOBP_MITOCHONDRIAL_RNA_PROCESSING	GO_BP	331	290	1559	714	27	INTERNAL_AND_DESCRIPTIVE_NOT_SPATIAL_CONFIRMATION	
577	GOBP_MITOCHONDRIAL_TRANSCRIPTION	GO_BP	331	290	1559	714	27	INTERNAL_AND_DESCRIPTIVE_NOT_SPATIAL_CONFIRMATION	
578	GOBP_MITOCHONDRIAL_TRANSLATION	GO_BP	66	52	13	0	3	INTERNAL_AND_DESCRIPTIVE_NOT_SPATIAL_CONFIRMATION	
579	GOBP_MITOCHONDRION_DISTRIBUTION	GO_BP	331	290	1559	714	27	INTERNAL_AND_DESCRIPTIVE_NOT_SPATIAL_CONFIRMATION	
580	GOBP_MITOPHAGY	GO_BP	331	290	1559	714	27	INTERNAL_AND_DESCRIPTIVE_NOT_SPATIAL_CONFIRMATION	
581	GOBP_MITOTIC_G2_DNA_DAMAGE_CHECKPOINT_SIGNALING	GO_BP	331	290	1559	714	27	INTERNAL_AND_DESCRIPTIVE_NOT_SPATIAL_CONFIRMATION	
582	GOBP_MITOTIC_RECOMBINATION	GO_BP	331	290	1559	714	27	INTERNAL_AND_DESCRIPTIVE_NOT_SPATIAL_CONFIRMATION	
583	GOBP_MITOTIC_SISTER_CHROMATID_COHESION	GO_BP	331	290	1559	714	27	INTERNAL_AND_DESCRIPTIVE_NOT_SPATIAL_CONFIRMATION	
584	GOBP_MITOTIC_SPINDLE_ASSEMBLY	GO_BP	331	290	1559	714	27	INTERNAL_AND_DESCRIPTIVE_NOT_SPATIAL_CONFIRMATION	
585	GOBP_MODIFICATION_OF_POSTSYNAPTIC_STRUCTURE	GO_BP	331	290	1559	714	27	INTERNAL_AND_DESCRIPTIVE_NOT_SPATIAL_CONFIRMATION	
586	GOBP_MODIFIED_AMINO_ACID_BIOSYNTHETIC_PROCESS	GO_BP	331	290	1559	714	27	INTERNAL_AND_DESCRIPTIVE_NOT_SPATIAL_CONFIRMATION	
587	GOBP_MODIFIED_AMINO_ACID_CATABOLIC_PROCESS	GO_BP	331	290	1559	714	27	INTERNAL_AND_DESCRIPTIVE_NOT_SPATIAL_CONFIRMATION	
588	GOBP_MODIFIED_AMINO_ACID_TRANSPORT	GO_BP	331	290	1559	714	27	INTERNAL_AND_DESCRIPTIVE_NOT_SPATIAL_CONFIRMATION	
589	GOBP_MODULATION_BY_HOST_OF_VIRAL_GENOME_REPLICATION	GO_BP	331	290	1559	714	27	INTERNAL_AND_DESCRIPTIVE_NOT_SPATIAL_CONFIRMATION	
590	GOBP_MODULATION_BY_HOST_OF_VIRAL_PROCESS	GO_BP	331	290	1559	714	27	INTERNAL_AND_DESCRIPTIVE_NOT_SPATIAL_CONFIRMATION	
591	GOBP_MOLTING_CYCLE_PROCESS	GO_BP	331	290	1559	714	27	INTERNAL_AND_DESCRIPTIVE_NOT_SPATIAL_CONFIRMATION	
592	GOBP_MONOAMINE_TRANSPORT	GO_BP	331	290	1559	714	27	INTERNAL_AND_DESCRIPTIVE_NOT_SPATIAL_CONFIRMATION	
593	GOBP_MONOATOMIC_ANION_HOMEOSTASIS	GO_BP	331	290	1559	714	27	INTERNAL_AND_DESCRIPTIVE_NOT_SPATIAL_CONFIRMATION	
594	GOBP_MONOCYTE_CHEMOTACTIC_PROTEIN_1_PRODUCTION	GO_BP	331	290	1559	714	27	INTERNAL_AND_DESCRIPTIVE_NOT_SPATIAL_CONFIRMATION	
595	GOBP_MONOCYTE_CHEMOTAXIS	GO_BP	331	290	1559	714	27	INTERNAL_AND_DESCRIPTIVE_NOT_SPATIAL_CONFIRMATION	
596	GOBP_MONOCYTE_DIFFERENTIATION	GO_BP	331	290	1559	714	27	INTERNAL_AND_DESCRIPTIVE_NOT_SPATIAL_CONFIRMATION	
597	GOBP_MONOSACCHARIDE_BIOSYNTHETIC_PROCESS	GO_BP	331	290	1559	714	27	INTERNAL_AND_DESCRIPTIVE_NOT_SPATIAL_CONFIRMATION	
598	GOBP_MONOSACCHARIDE_TRANSMEMBRANE_TRANSPORT	GO_BP	331	290	1559	714	27	INTERNAL_AND_DESCRIPTIVE_NOT_SPATIAL_CONFIRMATION	
599	GOBP_MORPHOGENESIS_OF_AN_EPITHELIAL_FOLD	GO_BP	331	290	1559	714	27	INTERNAL_AND_DESCRIPTIVE_NOT_SPATIAL_CONFIRMATION	
600	GOBP_MOTOR_BEHAVIOR	GO_BP	331	290	1559	714	27	INTERNAL_AND_DESCRIPTIVE_NOT_SPATIAL_CONFIRMATION	
601	GOBP_MOTOR_NEURON_APOPTOTIC_PROCESS	GO_BP	331	290	1559	714	27	INTERNAL_AND_DESCRIPTIVE_NOT_SPATIAL_CONFIRMATION	
602	GOBP_MOTOR_NEURON_AXON_GUIDANCE	GO_BP	331	290	1559	714	27	INTERNAL_AND_DESCRIPTIVE_NOT_SPATIAL_CONFIRMATION	
603	GOBP_MRNA_3_END_PROCESSING	GO_BP	331	290	1559	714	27	INTERNAL_AND_DESCRIPTIVE_NOT_SPATIAL_CONFIRMATION	
604	GOBP_MRNA_5_SPLICE_SITE_RECOGNITION	GO_BP	0	0	0	0	0	INTERNAL_AND_DESCRIPTIVE_NOT_SPATIAL_CONFIRMATION	
605	GOBP_MRNA_EXPORT_FROM_NUCLEUS	GO_BP	331	290	1559	714	27	INTERNAL_AND_DESCRIPTIVE_NOT_SPATIAL_CONFIRMATION	
606	GOBP_MRNA_MODIFICATION	GO_BP	331	290	1559	714	27	INTERNAL_AND_DESCRIPTIVE_NOT_SPATIAL_CONFIRMATION	
607	GOBP_MRNA_TRANSCRIPTION	GO_BP	331	290	1559	714	27	INTERNAL_AND_DESCRIPTIVE_NOT_SPATIAL_CONFIRMATION	
608	GOBP_MULTICELLULAR_ORGANISMAL_LEVEL_IRON_ION_HOMEOSTASIS	GO_BP	331	290	1559	714	27	INTERNAL_AND_DESCRIPTIVE_NOT_SPATIAL_CONFIRMATION	
609	GOBP_MULTICELLULAR_ORGANISM_GROWTH	GO_BP	331	290	1559	714	27	INTERNAL_AND_DESCRIPTIVE_NOT_SPATIAL_CONFIRMATION	
610	GOBP_MULTIVESICULAR_BODY_ORGANIZATION	GO_BP	331	290	1559	714	27	INTERNAL_AND_DESCRIPTIVE_NOT_SPATIAL_CONFIRMATION	
611	GOBP_MUSCLE_CELL_CELLULAR_HOMEOSTASIS	GO_BP	331	290	1559	714	27	INTERNAL_AND_DESCRIPTIVE_NOT_SPATIAL_CONFIRMATION	
612	GOBP_MUSCLE_HYPERTROPHY_IN_RESPONSE_TO_STRESS	GO_BP	0	0	0	0	0	INTERNAL_AND_DESCRIPTIVE_NOT_SPATIAL_CONFIRMATION	
613	GOBP_MYD88_DEPENDENT_TOLL_LIKE_RECEPTOR_SIGNALING_PATHWAY	GO_BP	331	290	1559	714	27	INTERNAL_AND_DESCRIPTIVE_NOT_SPATIAL_CONFIRMATION	
614	GOBP_MYELIN_ASSEMBLY	GO_BP	331	290	1559	714	27	INTERNAL_AND_DESCRIPTIVE_NOT_SPATIAL_CONFIRMATION	
615	GOBP_MYELOID_CELL_APOPTOTIC_PROCESS	GO_BP	331	290	1559	714	27	INTERNAL_AND_DESCRIPTIVE_NOT_SPATIAL_CONFIRMATION	
616	GOBP_MYELOID_DENDRITIC_CELL_DIFFERENTIATION	GO_BP	331	290	1559	714	27	INTERNAL_AND_DESCRIPTIVE_NOT_SPATIAL_CONFIRMATION	
617	GOBP_MYOBLAST_DIFFERENTIATION	GO_BP	331	290	1559	714	27	INTERNAL_AND_DESCRIPTIVE_NOT_SPATIAL_CONFIRMATION	
618	GOBP_MYOBLAST_FUSION	GO_BP	331	290	1559	714	27	INTERNAL_AND_DESCRIPTIVE_NOT_SPATIAL_CONFIRMATION	
619	GOBP_MYOTUBE_CELL_DEVELOPMENT	GO_BP	331	290	1559	714	27	INTERNAL_AND_DESCRIPTIVE_NOT_SPATIAL_CONFIRMATION	
620	GOBP_NADH_DEHYDROGENASE_COMPLEX_ASSEMBLY	GO_BP	331	290	1559	714	27	INTERNAL_AND_DESCRIPTIVE_NOT_SPATIAL_CONFIRMATION	
621	GOBP_NADH_METABOLIC_PROCESS	GO_BP	331	290	1559	714	27	INTERNAL_AND_DESCRIPTIVE_NOT_SPATIAL_CONFIRMATION	
622	GOBP_NAD_METABOLIC_PROCESS	GO_BP	331	290	1559	714	27	INTERNAL_AND_DESCRIPTIVE_NOT_SPATIAL_CONFIRMATION	
623	GOBP_NATURAL_KILLER_CELL_ACTIVATION_INVOLVED_IN_IMMUNE_RESPONSE	GO_BP	331	290	1559	714	27	INTERNAL_AND_DESCRIPTIVE_NOT_SPATIAL_CONFIRMATION	
624	GOBP_NATURAL_KILLER_CELL_DIFFERENTIATION	GO_BP	331	290	1559	714	27	INTERNAL_AND_DESCRIPTIVE_NOT_SPATIAL_CONFIRMATION	
625	GOBP_NATURAL_KILLER_CELL_MEDIATED_IMMUNITY	GO_BP	331	290	1559	714	27	INTERNAL_AND_DESCRIPTIVE_NOT_SPATIAL_CONFIRMATION	
626	GOBP_NECROPTOTIC_PROCESS	GO_BP	66	52	13	0	3	INTERNAL_AND_DESCRIPTIVE_NOT_SPATIAL_CONFIRMATION	
627	GOBP_NEGATIVE_ADAPTATION_OF_SIGNALING_PATHWAY	GO_BP	331	290	1559	714	27	INTERNAL_AND_DESCRIPTIVE_NOT_SPATIAL_CONFIRMATION	
628	GOBP_NEGATIVE_CHEMOTAXIS	GO_BP	331	290	1559	714	27	INTERNAL_AND_DESCRIPTIVE_NOT_SPATIAL_CONFIRMATION	
629	GOBP_NEGATIVE_REGULATION_OF_ACTIN_FILAMENT_BUNDLE_ASSEMBLY	GO_BP	331	290	1559	714	27	INTERNAL_AND_DESCRIPTIVE_NOT_SPATIAL_CONFIRMATION	
630	GOBP_NEGATIVE_REGULATION_OF_AMINE_TRANSPORT	GO_BP	331	290	1559	714	27	INTERNAL_AND_DESCRIPTIVE_NOT_SPATIAL_CONFIRMATION	
631	GOBP_NEGATIVE_REGULATION_OF_AMYLOID_PRECURSOR_PROTEIN_BIOSYNTHETIC_PROCESS	GO_BP	0	0	0	0	0	INTERNAL_AND_DESCRIPTIVE_NOT_SPATIAL_CONFIRMATION	
632	GOBP_NEGATIVE_REGULATION_OF_AMYLOID_PRECURSOR_PROTEIN_CATABOLIC_PROCESS	GO_BP	0	0	0	0	0	INTERNAL_AND_DESCRIPTIVE_NOT_SPATIAL_CONFIRMATION	
633	GOBP_NEGATIVE_REGULATION_OF_AXON_EXTENSION	GO_BP	331	290	1559	714	27	INTERNAL_AND_DESCRIPTIVE_NOT_SPATIAL_CONFIRMATION	
634	GOBP_NEGATIVE_REGULATION_OF_BLOOD_CIRCULATION	GO_BP	331	290	1559	714	27	INTERNAL_AND_DESCRIPTIVE_NOT_SPATIAL_CONFIRMATION	
635	GOBP_NEGATIVE_REGULATION_OF_BLOOD_VESSEL_ENDOTHELIAL_CELL_PROLIFERATION_INVOLVED_IN_SPROUTING_ANGIOGENESIS	GO_BP	0	0	0	0	0	INTERNAL_AND_DESCRIPTIVE_NOT_SPATIAL_CONFIRMATION	
636	GOBP_NEGATIVE_REGULATION_OF_BMP_SIGNALING_PATHWAY	GO_BP	66	52	13	0	3	INTERNAL_AND_DESCRIPTIVE_NOT_SPATIAL_CONFIRMATION	
637	GOBP_NEGATIVE_REGULATION_OF_BONE_MINERALIZATION	GO_BP	331	290	1559	714	27	INTERNAL_AND_DESCRIPTIVE_NOT_SPATIAL_CONFIRMATION	
638	GOBP_NEGATIVE_REGULATION_OF_B_CELL_ACTIVATION	GO_BP	331	290	1559	714	27	INTERNAL_AND_DESCRIPTIVE_NOT_SPATIAL_CONFIRMATION	
639	GOBP_NEGATIVE_REGULATION_OF_CALCIUM_ION_TRANSMEMBRANE_TRANSPORT	GO_BP	66	52	13	0	3	INTERNAL_AND_DESCRIPTIVE_NOT_SPATIAL_CONFIRMATION	
640	GOBP_NEGATIVE_REGULATION_OF_CALCIUM_MEDIATED_SIGNALING	GO_BP	331	290	1559	714	27	INTERNAL_AND_DESCRIPTIVE_NOT_SPATIAL_CONFIRMATION	
641	GOBP_NEGATIVE_REGULATION_OF_CANONICAL_NF_KAPPAB_SIGNAL_TRANSDUCTION	GO_BP	331	290	1559	714	27	INTERNAL_AND_DESCRIPTIVE_NOT_SPATIAL_CONFIRMATION	
642	GOBP_NEGATIVE_REGULATION_OF_CANONICAL_WNT_SIGNALING_PATHWAY	GO_BP	331	290	1559	714	27	INTERNAL_AND_DESCRIPTIVE_NOT_SPATIAL_CONFIRMATION	
643	GOBP_NEGATIVE_REGULATION_OF_CARDIAC_MUSCLE_TISSUE_GROWTH	GO_BP	0	0	0	0	0	INTERNAL_AND_DESCRIPTIVE_NOT_SPATIAL_CONFIRMATION	
644	GOBP_NEGATIVE_REGULATION_OF_CATION_CHANNEL_ACTIVITY	GO_BP	331	290	1559	714	27	INTERNAL_AND_DESCRIPTIVE_NOT_SPATIAL_CONFIRMATION	
645	GOBP_NEGATIVE_REGULATION_OF_CELLULAR_RESPONSE_TO_INSULIN_STIMULUS	GO_BP	331	290	1559	714	27	INTERNAL_AND_DESCRIPTIVE_NOT_SPATIAL_CONFIRMATION	
646	GOBP_NEGATIVE_REGULATION_OF_CELLULAR_RESPONSE_TO_VASCULAR_ENDOTHELIAL_GROWTH_FACTOR_STIMULUS	GO_BP	0	0	0	0	0	INTERNAL_AND_DESCRIPTIVE_NOT_SPATIAL_CONFIRMATION	
647	GOBP_NEGATIVE_REGULATION_OF_CELLULAR_SENESCENCE	GO_BP	331	290	1559	714	27	INTERNAL_AND_DESCRIPTIVE_NOT_SPATIAL_CONFIRMATION	
648	GOBP_NEGATIVE_REGULATION_OF_CELL_CYCLE_G1_S_PHASE_TRANSITION	GO_BP	0	0	0	0	0	INTERNAL_AND_DESCRIPTIVE_NOT_SPATIAL_CONFIRMATION	
649	GOBP_NEGATIVE_REGULATION_OF_CELL_JUNCTION_ASSEMBLY	GO_BP	331	290	1559	714	27	INTERNAL_AND_DESCRIPTIVE_NOT_SPATIAL_CONFIRMATION	
650	GOBP_NEGATIVE_REGULATION_OF_CELL_MATRIX_ADHESION	GO_BP	331	290	1559	714	27	INTERNAL_AND_DESCRIPTIVE_NOT_SPATIAL_CONFIRMATION	
651	GOBP_NEGATIVE_REGULATION_OF_CELL_MIGRATION_INVOLVED_IN_SPROUTING_ANGIOGENESIS	GO_BP	0	0	0	0	0	INTERNAL_AND_DESCRIPTIVE_NOT_SPATIAL_CONFIRMATION	
652	GOBP_NEGATIVE_REGULATION_OF_CHEMOKINE_PRODUCTION	GO_BP	0	0	0	0	0	INTERNAL_AND_DESCRIPTIVE_NOT_SPATIAL_CONFIRMATION	
653	GOBP_NEGATIVE_REGULATION_OF_CHOLESTEROL_EFFLUX	GO_BP	0	0	0	0	0	INTERNAL_AND_DESCRIPTIVE_NOT_SPATIAL_CONFIRMATION	
654	GOBP_NEGATIVE_REGULATION_OF_CHONDROCYTE_DIFFERENTIATION	GO_BP	331	290	1559	714	27	INTERNAL_AND_DESCRIPTIVE_NOT_SPATIAL_CONFIRMATION	
655	GOBP_NEGATIVE_REGULATION_OF_CHROMOSOME_SEGREGATION	GO_BP	331	290	1559	714	27	INTERNAL_AND_DESCRIPTIVE_NOT_SPATIAL_CONFIRMATION	
656	GOBP_NEGATIVE_REGULATION_OF_CILIUM_ASSEMBLY	GO_BP	331	290	1559	714	27	INTERNAL_AND_DESCRIPTIVE_NOT_SPATIAL_CONFIRMATION	
657	GOBP_NEGATIVE_REGULATION_OF_COLD_INDUCED_THERMOGENESIS	GO_BP	331	290	1559	714	27	INTERNAL_AND_DESCRIPTIVE_NOT_SPATIAL_CONFIRMATION	
658	GOBP_NEGATIVE_REGULATION_OF_CYTOKINE_PRODUCTION_INVOLVED_IN_IMMUNE_RESPONSE	GO_BP	331	290	1559	714	27	INTERNAL_AND_DESCRIPTIVE_NOT_SPATIAL_CONFIRMATION	
659	GOBP_NEGATIVE_REGULATION_OF_CYTOKINE_PRODUCTION_INVOLVED_IN_INFLAMMATORY_RESPONSE	GO_BP	0	0	0	0	0	INTERNAL_AND_DESCRIPTIVE_NOT_SPATIAL_CONFIRMATION	
660	GOBP_NEGATIVE_REGULATION_OF_DNA_BINDING	GO_BP	331	290	1559	714	27	INTERNAL_AND_DESCRIPTIVE_NOT_SPATIAL_CONFIRMATION	
661	GOBP_NEGATIVE_REGULATION_OF_DNA_BINDING_TRANSCRIPTION_FACTOR_ACTIVITY	GO_BP	331	290	1559	714	27	INTERNAL_AND_DESCRIPTIVE_NOT_SPATIAL_CONFIRMATION	
662	GOBP_NEGATIVE_REGULATION_OF_DNA_REPLICATION	GO_BP	331	290	1559	714	27	INTERNAL_AND_DESCRIPTIVE_NOT_SPATIAL_CONFIRMATION	
663	GOBP_NEGATIVE_REGULATION_OF_DNA_TEMPLATED_TRANSCRIPTION_ELONGATION	GO_BP	331	290	1559	714	27	INTERNAL_AND_DESCRIPTIVE_NOT_SPATIAL_CONFIRMATION	
664	GOBP_NEGATIVE_REGULATION_OF_DOUBLE_STRAND_BREAK_REPAIR_VIA_HOMOLOGOUS_RECOMBINATION	GO_BP	331	290	1559	714	27	INTERNAL_AND_DESCRIPTIVE_NOT_SPATIAL_CONFIRMATION	
665	GOBP_NEGATIVE_REGULATION_OF_D_GLUCOSE_TRANSMEMBRANE_TRANSPORT	GO_BP	66	52	13	0	3	INTERNAL_AND_DESCRIPTIVE_NOT_SPATIAL_CONFIRMATION	
666	GOBP_NEGATIVE_REGULATION_OF_ENDOPLASMIC_RETICULUM_STRESS_INDUCED_INTRINSIC_APOPTOTIC_SIGNALING_PATHWAY	GO_BP	331	290	1559	714	27	INTERNAL_AND_DESCRIPTIVE_NOT_SPATIAL_CONFIRMATION	
667	GOBP_NEGATIVE_REGULATION_OF_ENDOPLASMIC_RETICULUM_UNFOLDED_PROTEIN_RESPONSE	GO_BP	331	290	1559	714	27	INTERNAL_AND_DESCRIPTIVE_NOT_SPATIAL_CONFIRMATION	
668	GOBP_NEGATIVE_REGULATION_OF_ENDOTHELIAL_CELL_APOPTOTIC_PROCESS	GO_BP	331	290	1559	714	27	INTERNAL_AND_DESCRIPTIVE_NOT_SPATIAL_CONFIRMATION	
669	GOBP_NEGATIVE_REGULATION_OF_EPITHELIAL_CELL_APOPTOTIC_PROCESS	GO_BP	331	290	1559	714	27	INTERNAL_AND_DESCRIPTIVE_NOT_SPATIAL_CONFIRMATION	
670	GOBP_NEGATIVE_REGULATION_OF_EPITHELIAL_CELL_DIFFERENTIATION	GO_BP	331	290	1559	714	27	INTERNAL_AND_DESCRIPTIVE_NOT_SPATIAL_CONFIRMATION	
671	GOBP_NEGATIVE_REGULATION_OF_EPITHELIAL_TO_MESENCHYMAL_TRANSITION	GO_BP	0	0	0	0	0	INTERNAL_AND_DESCRIPTIVE_NOT_SPATIAL_CONFIRMATION	
672	GOBP_NEGATIVE_REGULATION_OF_ERBB_SIGNALING_PATHWAY	GO_BP	331	290	1559	714	27	INTERNAL_AND_DESCRIPTIVE_NOT_SPATIAL_CONFIRMATION	
673	GOBP_NEGATIVE_REGULATION_OF_ERK1_AND_ERK2_CASCADE	GO_BP	331	290	1559	714	27	INTERNAL_AND_DESCRIPTIVE_NOT_SPATIAL_CONFIRMATION	
674	GOBP_NEGATIVE_REGULATION_OF_EXTRACELLULAR_MATRIX_ORGANIZATION	GO_BP	0	0	0	0	0	INTERNAL_AND_DESCRIPTIVE_NOT_SPATIAL_CONFIRMATION	
675	GOBP_NEGATIVE_REGULATION_OF_EXTRINSIC_APOPTOTIC_SIGNALING_PATHWAY_VIA_DEATH_DOMAIN_RECEPTORS	GO_BP	331	290	1559	714	27	INTERNAL_AND_DESCRIPTIVE_NOT_SPATIAL_CONFIRMATION	
676	GOBP_NEGATIVE_REGULATION_OF_FATTY_ACID_BIOSYNTHETIC_PROCESS	GO_BP	0	0	0	0	0	INTERNAL_AND_DESCRIPTIVE_NOT_SPATIAL_CONFIRMATION	
677	GOBP_NEGATIVE_REGULATION_OF_FAT_CELL_DIFFERENTIATION	GO_BP	66	52	13	0	3	INTERNAL_AND_DESCRIPTIVE_NOT_SPATIAL_CONFIRMATION	
678	GOBP_NEGATIVE_REGULATION_OF_FIBROBLAST_GROWTH_FACTOR_RECEPTOR_SIGNALING_PATHWAY	GO_BP	0	0	0	0	0	INTERNAL_AND_DESCRIPTIVE_NOT_SPATIAL_CONFIRMATION	
679	GOBP_NEGATIVE_REGULATION_OF_FIBROBLAST_PROLIFERATION	GO_BP	331	290	1559	714	27	INTERNAL_AND_DESCRIPTIVE_NOT_SPATIAL_CONFIRMATION	
680	GOBP_NEGATIVE_REGULATION_OF_GLIAL_CELL_DIFFERENTIATION	GO_BP	331	290	1559	714	27	INTERNAL_AND_DESCRIPTIVE_NOT_SPATIAL_CONFIRMATION	
681	GOBP_NEGATIVE_REGULATION_OF_GLUCONEOGENESIS	GO_BP	331	290	1559	714	27	INTERNAL_AND_DESCRIPTIVE_NOT_SPATIAL_CONFIRMATION	
682	GOBP_NEGATIVE_REGULATION_OF_G_PROTEIN_COUPLED_RECEPTOR_SIGNALING_PATHWAY	GO_BP	331	290	1559	714	27	INTERNAL_AND_DESCRIPTIVE_NOT_SPATIAL_CONFIRMATION	
683	GOBP_NEGATIVE_REGULATION_OF_HIPPO_SIGNALING	GO_BP	331	290	1559	714	27	INTERNAL_AND_DESCRIPTIVE_NOT_SPATIAL_CONFIRMATION	
684	GOBP_NEGATIVE_REGULATION_OF_HORMONE_SECRETION	GO_BP	331	290	1559	714	27	INTERNAL_AND_DESCRIPTIVE_NOT_SPATIAL_CONFIRMATION	
685	GOBP_NEGATIVE_REGULATION_OF_HYDROLASE_ACTIVITY	GO_BP	331	290	1559	714	27	INTERNAL_AND_DESCRIPTIVE_NOT_SPATIAL_CONFIRMATION	
686	GOBP_NEGATIVE_REGULATION_OF_INFLAMMASOME_MEDIATED_SIGNALING_PATHWAY	GO_BP	331	290	1559	714	27	INTERNAL_AND_DESCRIPTIVE_NOT_SPATIAL_CONFIRMATION	
687	GOBP_NEGATIVE_REGULATION_OF_INFLAMMATORY_RESPONSE_TO_ANTIGENIC_STIMULUS	GO_BP	331	290	1559	714	27	INTERNAL_AND_DESCRIPTIVE_NOT_SPATIAL_CONFIRMATION	
688	GOBP_NEGATIVE_REGULATION_OF_INTERLEUKIN_10_PRODUCTION	GO_BP	331	290	1559	714	27	INTERNAL_AND_DESCRIPTIVE_NOT_SPATIAL_CONFIRMATION	
689	GOBP_NEGATIVE_REGULATION_OF_INTERLEUKIN_17_PRODUCTION	GO_BP	0	0	0	0	0	INTERNAL_AND_DESCRIPTIVE_NOT_SPATIAL_CONFIRMATION	
690	GOBP_NEGATIVE_REGULATION_OF_INTERLEUKIN_1_BETA_PRODUCTION	GO_BP	0	0	0	0	0	INTERNAL_AND_DESCRIPTIVE_NOT_SPATIAL_CONFIRMATION	
691	GOBP_NEGATIVE_REGULATION_OF_INTERLEUKIN_2_PRODUCTION	GO_BP	331	290	1559	714	27	INTERNAL_AND_DESCRIPTIVE_NOT_SPATIAL_CONFIRMATION	
692	GOBP_NEGATIVE_REGULATION_OF_INTERLEUKIN_6_PRODUCTION	GO_BP	0	0	0	0	0	INTERNAL_AND_DESCRIPTIVE_NOT_SPATIAL_CONFIRMATION	
693	GOBP_NEGATIVE_REGULATION_OF_INTERLEUKIN_8_PRODUCTION	GO_BP	0	0	0	0	0	INTERNAL_AND_DESCRIPTIVE_NOT_SPATIAL_CONFIRMATION	
694	GOBP_NEGATIVE_REGULATION_OF_INTRACELLULAR_PROTEIN_TRANSPORT	GO_BP	331	290	1559	714	27	INTERNAL_AND_DESCRIPTIVE_NOT_SPATIAL_CONFIRMATION	
695	GOBP_NEGATIVE_REGULATION_OF_INTRACELLULAR_STEROID_HORMONE_RECEPTOR_SIGNALING_PATHWAY	GO_BP	331	290	1559	714	27	INTERNAL_AND_DESCRIPTIVE_NOT_SPATIAL_CONFIRMATION	
696	GOBP_NEGATIVE_REGULATION_OF_INTRINSIC_APOPTOTIC_SIGNALING_PATHWAY_BY_P53_CLASS_MEDIATOR	GO_BP	331	290	1559	714	27	INTERNAL_AND_DESCRIPTIVE_NOT_SPATIAL_CONFIRMATION	
697	GOBP_NEGATIVE_REGULATION_OF_INTRINSIC_APOPTOTIC_SIGNALING_PATHWAY_IN_RESPONSE_TO_DNA_DAMAGE	GO_BP	331	290	1559	714	27	INTERNAL_AND_DESCRIPTIVE_NOT_SPATIAL_CONFIRMATION	
698	GOBP_NEGATIVE_REGULATION_OF_JNK_CASCADE	GO_BP	331	290	1559	714	27	INTERNAL_AND_DESCRIPTIVE_NOT_SPATIAL_CONFIRMATION	
699	GOBP_NEGATIVE_REGULATION_OF_KERATINOCYTE_PROLIFERATION	GO_BP	331	290	1559	714	27	INTERNAL_AND_DESCRIPTIVE_NOT_SPATIAL_CONFIRMATION	
700	GOBP_NEGATIVE_REGULATION_OF_LEUKOCYTE_CHEMOTAXIS	GO_BP	331	290	1559	714	27	INTERNAL_AND_DESCRIPTIVE_NOT_SPATIAL_CONFIRMATION	
701	GOBP_NEGATIVE_REGULATION_OF_LIPID_CATABOLIC_PROCESS	GO_BP	331	290	1559	714	27	INTERNAL_AND_DESCRIPTIVE_NOT_SPATIAL_CONFIRMATION	
702	GOBP_NEGATIVE_REGULATION_OF_LIPID_STORAGE	GO_BP	331	290	1559	714	27	INTERNAL_AND_DESCRIPTIVE_NOT_SPATIAL_CONFIRMATION	
703	GOBP_NEGATIVE_REGULATION_OF_LIPOPROTEIN_PARTICLE_CLEARANCE	GO_BP	0	0	0	0	0	INTERNAL_AND_DESCRIPTIVE_NOT_SPATIAL_CONFIRMATION	
704	GOBP_NEGATIVE_REGULATION_OF_MACROAUTOPHAGY	GO_BP	331	290	1559	714	27	INTERNAL_AND_DESCRIPTIVE_NOT_SPATIAL_CONFIRMATION	
705	GOBP_NEGATIVE_REGULATION_OF_MAP_KINASE_ACTIVITY	GO_BP	331	290	1559	714	27	INTERNAL_AND_DESCRIPTIVE_NOT_SPATIAL_CONFIRMATION	
706	GOBP_NEGATIVE_REGULATION_OF_MEGAKARYOCYTE_DIFFERENTIATION	GO_BP	0	0	0	0	0	INTERNAL_AND_DESCRIPTIVE_NOT_SPATIAL_CONFIRMATION	
707	GOBP_NEGATIVE_REGULATION_OF_MEIOTIC_CELL_CYCLE	GO_BP	331	290	1559	714	27	INTERNAL_AND_DESCRIPTIVE_NOT_SPATIAL_CONFIRMATION	
708	GOBP_NEGATIVE_REGULATION_OF_MEMBRANE_PERMEABILITY	GO_BP	66	52	13	0	3	INTERNAL_AND_DESCRIPTIVE_NOT_SPATIAL_CONFIRMATION	
709	GOBP_NEGATIVE_REGULATION_OF_MICROTUBULE_DEPOLYMERIZATION	GO_BP	331	290	1559	714	27	INTERNAL_AND_DESCRIPTIVE_NOT_SPATIAL_CONFIRMATION	
710	GOBP_NEGATIVE_REGULATION_OF_MIRNA_METABOLIC_PROCESS	GO_BP	331	290	1559	714	27	INTERNAL_AND_DESCRIPTIVE_NOT_SPATIAL_CONFIRMATION	
711	GOBP_NEGATIVE_REGULATION_OF_MONONUCLEAR_CELL_MIGRATION	GO_BP	331	290	1559	714	27	INTERNAL_AND_DESCRIPTIVE_NOT_SPATIAL_CONFIRMATION	
712	GOBP_NEGATIVE_REGULATION_OF_MRNA_PROCESSING	GO_BP	331	290	1559	714	27	INTERNAL_AND_DESCRIPTIVE_NOT_SPATIAL_CONFIRMATION	
713	GOBP_NEGATIVE_REGULATION_OF_MUSCLE_CONTRACTION	GO_BP	331	290	1559	714	27	INTERNAL_AND_DESCRIPTIVE_NOT_SPATIAL_CONFIRMATION	
714	GOBP_NEGATIVE_REGULATION_OF_MUSCLE_HYPERTROPHY	GO_BP	66	52	13	0	3	INTERNAL_AND_DESCRIPTIVE_NOT_SPATIAL_CONFIRMATION	
715	GOBP_NEGATIVE_REGULATION_OF_MYELOID_CELL_APOPTOTIC_PROCESS	GO_BP	331	290	1559	714	27	INTERNAL_AND_DESCRIPTIVE_NOT_SPATIAL_CONFIRMATION	
716	GOBP_NEGATIVE_REGULATION_OF_MYOBLAST_DIFFERENTIATION	GO_BP	331	290	1559	714	27	INTERNAL_AND_DESCRIPTIVE_NOT_SPATIAL_CONFIRMATION	
717	GOBP_NEGATIVE_REGULATION_OF_NATURAL_KILLER_CELL_MEDIATED_IMMUNITY	GO_BP	331	290	1559	714	27	INTERNAL_AND_DESCRIPTIVE_NOT_SPATIAL_CONFIRMATION	
718	GOBP_NEGATIVE_REGULATION_OF_NEURAL_PRECURSOR_CELL_PROLIFERATION	GO_BP	331	290	1559	714	27	INTERNAL_AND_DESCRIPTIVE_NOT_SPATIAL_CONFIRMATION	
719	GOBP_NEGATIVE_REGULATION_OF_NEURON_APOPTOTIC_PROCESS	GO_BP	331	290	1559	714	27	INTERNAL_AND_DESCRIPTIVE_NOT_SPATIAL_CONFIRMATION	
720	GOBP_NEGATIVE_REGULATION_OF_NEURON_DIFFERENTIATION	GO_BP	331	290	1559	714	27	INTERNAL_AND_DESCRIPTIVE_NOT_SPATIAL_CONFIRMATION	
721	GOBP_NEGATIVE_REGULATION_OF_NF_KAPPAB_TRANSCRIPTION_FACTOR_ACTIVITY	GO_BP	331	290	1559	714	27	INTERNAL_AND_DESCRIPTIVE_NOT_SPATIAL_CONFIRMATION	
722	GOBP_NEGATIVE_REGULATION_OF_NON_CANONICAL_NF_KAPPAB_SIGNAL_TRANSDUCTION	GO_BP	0	0	0	0	0	INTERNAL_AND_DESCRIPTIVE_NOT_SPATIAL_CONFIRMATION	
723	GOBP_NEGATIVE_REGULATION_OF_NOTCH_SIGNALING_PATHWAY	GO_BP	331	290	1559	714	27	INTERNAL_AND_DESCRIPTIVE_NOT_SPATIAL_CONFIRMATION	
724	GOBP_NEGATIVE_REGULATION_OF_NUCLEOCYTOPLASMIC_TRANSPORT	GO_BP	331	290	1559	714	27	INTERNAL_AND_DESCRIPTIVE_NOT_SPATIAL_CONFIRMATION	
725	GOBP_NEGATIVE_REGULATION_OF_NUCLEOTIDE_CATABOLIC_PROCESS	GO_BP	331	290	1559	714	27	INTERNAL_AND_DESCRIPTIVE_NOT_SPATIAL_CONFIRMATION	
726	GOBP_NEGATIVE_REGULATION_OF_ORGANIC_ACID_TRANSPORT	GO_BP	331	290	1559	714	27	INTERNAL_AND_DESCRIPTIVE_NOT_SPATIAL_CONFIRMATION	
727	GOBP_NEGATIVE_REGULATION_OF_OSTEOBLAST_DIFFERENTIATION	GO_BP	0	0	0	0	0	INTERNAL_AND_DESCRIPTIVE_NOT_SPATIAL_CONFIRMATION	
728	GOBP_NEGATIVE_REGULATION_OF_OSTEOCLAST_DIFFERENTIATION	GO_BP	331	290	1559	714	27	INTERNAL_AND_DESCRIPTIVE_NOT_SPATIAL_CONFIRMATION	
729	GOBP_NEGATIVE_REGULATION_OF_OXIDATIVE_STRESS_INDUCED_INTRINSIC_APOPTOTIC_SIGNALING_PATHWAY	GO_BP	176	142	79	6	6	INTERNAL_AND_DESCRIPTIVE_NOT_SPATIAL_CONFIRMATION	
730	GOBP_NEGATIVE_REGULATION_OF_PEPTIDE_SECRETION	GO_BP	331	290	1559	714	27	INTERNAL_AND_DESCRIPTIVE_NOT_SPATIAL_CONFIRMATION	
731	GOBP_NEGATIVE_REGULATION_OF_PEPTIDYL_TYROSINE_PHOSPHORYLATION	GO_BP	331	290	1559	714	27	INTERNAL_AND_DESCRIPTIVE_NOT_SPATIAL_CONFIRMATION	
732	GOBP_NEGATIVE_REGULATION_OF_PHAGOCYTOSIS	GO_BP	331	290	1559	714	27	INTERNAL_AND_DESCRIPTIVE_NOT_SPATIAL_CONFIRMATION	
733	GOBP_NEGATIVE_REGULATION_OF_PHOSPHATIDYLINOSITOL_3_KINASE_PROTEIN_KINASE_B_SIGNAL_TRANSDUCTION	GO_BP	66	52	13	0	3	INTERNAL_AND_DESCRIPTIVE_NOT_SPATIAL_CONFIRMATION	
734	GOBP_NEGATIVE_REGULATION_OF_POTASSIUM_ION_TRANSMEMBRANE_TRANSPORT	GO_BP	66	52	13	0	3	INTERNAL_AND_DESCRIPTIVE_NOT_SPATIAL_CONFIRMATION	
735	GOBP_NEGATIVE_REGULATION_OF_PROGRAMMED_NECROTIC_CELL_DEATH	GO_BP	0	0	0	0	0	INTERNAL_AND_DESCRIPTIVE_NOT_SPATIAL_CONFIRMATION	
736	GOBP_NEGATIVE_REGULATION_OF_PROTEASOMAL_UBIQUITIN_DEPENDENT_PROTEIN_CATABOLIC_PROCESS	GO_BP	331	290	1559	714	27	INTERNAL_AND_DESCRIPTIVE_NOT_SPATIAL_CONFIRMATION	
737	GOBP_NEGATIVE_REGULATION_OF_PROTEIN_BINDING	GO_BP	331	290	1559	714	27	INTERNAL_AND_DESCRIPTIVE_NOT_SPATIAL_CONFIRMATION	
738	GOBP_NEGATIVE_REGULATION_OF_PROTEIN_LOCALIZATION_TO_CELL_PERIPHERY	GO_BP	331	290	1559	714	27	INTERNAL_AND_DESCRIPTIVE_NOT_SPATIAL_CONFIRMATION	
739	GOBP_NEGATIVE_REGULATION_OF_PROTEIN_LOCALIZATION_TO_NUCLEUS	GO_BP	331	290	1559	714	27	INTERNAL_AND_DESCRIPTIVE_NOT_SPATIAL_CONFIRMATION	
740	GOBP_NEGATIVE_REGULATION_OF_PROTEIN_MATURATION	GO_BP	331	290	1559	714	27	INTERNAL_AND_DESCRIPTIVE_NOT_SPATIAL_CONFIRMATION	
741	GOBP_NEGATIVE_REGULATION_OF_PROTEIN_SECRETION	GO_BP	331	290	1559	714	27	INTERNAL_AND_DESCRIPTIVE_NOT_SPATIAL_CONFIRMATION	
742	GOBP_NEGATIVE_REGULATION_OF_PROTEIN_UBIQUITINATION	GO_BP	331	290	1559	714	27	INTERNAL_AND_DESCRIPTIVE_NOT_SPATIAL_CONFIRMATION	
743	GOBP_NEGATIVE_REGULATION_OF_PROTEOLYSIS	GO_BP	331	290	1559	714	27	INTERNAL_AND_DESCRIPTIVE_NOT_SPATIAL_CONFIRMATION	
744	GOBP_NEGATIVE_REGULATION_OF_PROTEOLYSIS_INVOLVED_IN_PROTEIN_CATABOLIC_PROCESS	GO_BP	331	290	1559	714	27	INTERNAL_AND_DESCRIPTIVE_NOT_SPATIAL_CONFIRMATION	
745	GOBP_NEGATIVE_REGULATION_OF_RAS_PROTEIN_SIGNAL_TRANSDUCTION	GO_BP	331	290	1559	714	27	INTERNAL_AND_DESCRIPTIVE_NOT_SPATIAL_CONFIRMATION	
746	GOBP_NEGATIVE_REGULATION_OF_REACTIVE_OXYGEN_SPECIES_BIOSYNTHETIC_PROCESS	GO_BP	331	290	1559	714	27	INTERNAL_AND_DESCRIPTIVE_NOT_SPATIAL_CONFIRMATION	
747	GOBP_NEGATIVE_REGULATION_OF_RECEPTOR_MEDIATED_ENDOCYTOSIS	GO_BP	331	290	1559	714	27	INTERNAL_AND_DESCRIPTIVE_NOT_SPATIAL_CONFIRMATION	
748	GOBP_NEGATIVE_REGULATION_OF_RECEPTOR_SIGNALING_PATHWAY_VIA_JAK_STAT	GO_BP	331	290	1559	714	27	INTERNAL_AND_DESCRIPTIVE_NOT_SPATIAL_CONFIRMATION	
749	GOBP_NEGATIVE_REGULATION_OF_REGULATED_SECRETORY_PATHWAY	GO_BP	331	290	1559	714	27	INTERNAL_AND_DESCRIPTIVE_NOT_SPATIAL_CONFIRMATION	
750	GOBP_NEGATIVE_REGULATION_OF_RELEASE_OF_CYTOCHROME_C_FROM_MITOCHONDRIA	GO_BP	331	290	1559	714	27	INTERNAL_AND_DESCRIPTIVE_NOT_SPATIAL_CONFIRMATION	
751	GOBP_NEGATIVE_REGULATION_OF_RHO_PROTEIN_SIGNAL_TRANSDUCTION	GO_BP	331	290	1559	714	27	INTERNAL_AND_DESCRIPTIVE_NOT_SPATIAL_CONFIRMATION	
752	GOBP_NEGATIVE_REGULATION_OF_SIGNAL_TRANSDUCTION_IN_ABSENCE_OF_LIGAND	GO_BP	331	290	1559	714	27	INTERNAL_AND_DESCRIPTIVE_NOT_SPATIAL_CONFIRMATION	
753	GOBP_NEGATIVE_REGULATION_OF_SMAD_PROTEIN_SIGNAL_TRANSDUCTION	GO_BP	0	0	0	0	0	INTERNAL_AND_DESCRIPTIVE_NOT_SPATIAL_CONFIRMATION	
754	GOBP_NEGATIVE_REGULATION_OF_SMOOTHENED_SIGNALING_PATHWAY	GO_BP	331	290	1559	714	27	INTERNAL_AND_DESCRIPTIVE_NOT_SPATIAL_CONFIRMATION	
755	GOBP_NEGATIVE_REGULATION_OF_SMOOTH_MUSCLE_CELL_DIFFERENTIATION	GO_BP	0	0	0	0	0	INTERNAL_AND_DESCRIPTIVE_NOT_SPATIAL_CONFIRMATION	
756	GOBP_NEGATIVE_REGULATION_OF_SPROUTING_ANGIOGENESIS	GO_BP	0	0	0	0	0	INTERNAL_AND_DESCRIPTIVE_NOT_SPATIAL_CONFIRMATION	
757	GOBP_NEGATIVE_REGULATION_OF_STEM_CELL_DIFFERENTIATION	GO_BP	331	290	1559	714	27	INTERNAL_AND_DESCRIPTIVE_NOT_SPATIAL_CONFIRMATION	
758	GOBP_NEGATIVE_REGULATION_OF_STEM_CELL_POPULATION_MAINTENANCE	GO_BP	331	290	1559	714	27	INTERNAL_AND_DESCRIPTIVE_NOT_SPATIAL_CONFIRMATION	
759	GOBP_NEGATIVE_REGULATION_OF_STEM_CELL_PROLIFERATION	GO_BP	66	52	13	0	3	INTERNAL_AND_DESCRIPTIVE_NOT_SPATIAL_CONFIRMATION	
760	GOBP_NEGATIVE_REGULATION_OF_STEROID_BIOSYNTHETIC_PROCESS	GO_BP	331	290	1559	714	27	INTERNAL_AND_DESCRIPTIVE_NOT_SPATIAL_CONFIRMATION	
761	GOBP_NEGATIVE_REGULATION_OF_STRIATED_MUSCLE_CELL_APOPTOTIC_PROCESS	GO_BP	0	0	0	0	0	INTERNAL_AND_DESCRIPTIVE_NOT_SPATIAL_CONFIRMATION	
762	GOBP_NEGATIVE_REGULATION_OF_STRIATED_MUSCLE_CELL_DIFFERENTIATION	GO_BP	331	290	1559	714	27	INTERNAL_AND_DESCRIPTIVE_NOT_SPATIAL_CONFIRMATION	
763	GOBP_NEGATIVE_REGULATION_OF_SYSTEMIC_ARTERIAL_BLOOD_PRESSURE	GO_BP	331	290	1559	714	27	INTERNAL_AND_DESCRIPTIVE_NOT_SPATIAL_CONFIRMATION	
764	GOBP_NEGATIVE_REGULATION_OF_TELOMERE_MAINTENANCE_VIA_TELOMERASE	GO_BP	331	290	1559	714	27	INTERNAL_AND_DESCRIPTIVE_NOT_SPATIAL_CONFIRMATION	
765	GOBP_NEGATIVE_REGULATION_OF_TISSUE_REMODELING	GO_BP	331	290	1559	714	27	INTERNAL_AND_DESCRIPTIVE_NOT_SPATIAL_CONFIRMATION	
766	GOBP_NEGATIVE_REGULATION_OF_TOLL_LIKE_RECEPTOR_4_SIGNALING_PATHWAY	GO_BP	0	0	0	0	0	INTERNAL_AND_DESCRIPTIVE_NOT_SPATIAL_CONFIRMATION	
767	GOBP_NEGATIVE_REGULATION_OF_TOLL_LIKE_RECEPTOR_SIGNALING_PATHWAY	GO_BP	66	52	13	0	3	INTERNAL_AND_DESCRIPTIVE_NOT_SPATIAL_CONFIRMATION	
768	GOBP_NEGATIVE_REGULATION_OF_TORC1_SIGNALING	GO_BP	331	290	1559	714	27	INTERNAL_AND_DESCRIPTIVE_NOT_SPATIAL_CONFIRMATION	
769	GOBP_NEGATIVE_REGULATION_OF_TRANSCRIPTION_BY_RNA_POLYMERASE_II	GO_BP	331	290	1559	714	27	INTERNAL_AND_DESCRIPTIVE_NOT_SPATIAL_CONFIRMATION	
770	GOBP_NEGATIVE_REGULATION_OF_TRANSFERASE_ACTIVITY	GO_BP	331	290	1559	714	27	INTERNAL_AND_DESCRIPTIVE_NOT_SPATIAL_CONFIRMATION	
771	GOBP_NEGATIVE_REGULATION_OF_TRANSFORMING_GROWTH_FACTOR_BETA_RECEPTOR_SIGNALING_PATHWAY	GO_BP	0	0	0	0	0	INTERNAL_AND_DESCRIPTIVE_NOT_SPATIAL_CONFIRMATION	
772	GOBP_NEGATIVE_REGULATION_OF_TRANSLATIONAL_INITIATION	GO_BP	331	290	1559	714	27	INTERNAL_AND_DESCRIPTIVE_NOT_SPATIAL_CONFIRMATION	
773	GOBP_NEGATIVE_REGULATION_OF_TRANSPORTER_ACTIVITY	GO_BP	331	290	1559	714	27	INTERNAL_AND_DESCRIPTIVE_NOT_SPATIAL_CONFIRMATION	
774	GOBP_NEGATIVE_REGULATION_OF_TUMOR_NECROSIS_FACTOR_MEDIATED_SIGNALING_PATHWAY	GO_BP	66	52	13	0	3	INTERNAL_AND_DESCRIPTIVE_NOT_SPATIAL_CONFIRMATION	
775	GOBP_NEGATIVE_REGULATION_OF_TUMOR_NECROSIS_FACTOR_SUPERFAMILY_CYTOKINE_PRODUCTION	GO_BP	66	52	13	0	3	INTERNAL_AND_DESCRIPTIVE_NOT_SPATIAL_CONFIRMATION	
776	GOBP_NEGATIVE_REGULATION_OF_TYPE_II_INTERFERON_PRODUCTION	GO_BP	331	290	1559	714	27	INTERNAL_AND_DESCRIPTIVE_NOT_SPATIAL_CONFIRMATION	
777	GOBP_NEGATIVE_REGULATION_OF_TYPE_I_INTERFERON_MEDIATED_SIGNALING_PATHWAY	GO_BP	331	290	1559	714	27	INTERNAL_AND_DESCRIPTIVE_NOT_SPATIAL_CONFIRMATION	
778	GOBP_NEGATIVE_REGULATION_OF_TYPE_I_INTERFERON_PRODUCTION	GO_BP	331	290	1559	714	27	INTERNAL_AND_DESCRIPTIVE_NOT_SPATIAL_CONFIRMATION	
779	GOBP_NEGATIVE_REGULATION_OF_T_CELL_APOPTOTIC_PROCESS	GO_BP	331	290	1559	714	27	INTERNAL_AND_DESCRIPTIVE_NOT_SPATIAL_CONFIRMATION	
780	GOBP_NEGATIVE_REGULATION_OF_T_CELL_MEDIATED_IMMUNITY	GO_BP	331	290	1559	714	27	INTERNAL_AND_DESCRIPTIVE_NOT_SPATIAL_CONFIRMATION	
781	GOBP_NEGATIVE_REGULATION_OF_T_CELL_PROLIFERATION	GO_BP	331	290	1559	714	27	INTERNAL_AND_DESCRIPTIVE_NOT_SPATIAL_CONFIRMATION	
782	GOBP_NEGATIVE_REGULATION_OF_T_CELL_RECEPTOR_SIGNALING_PATHWAY	GO_BP	331	290	1559	714	27	INTERNAL_AND_DESCRIPTIVE_NOT_SPATIAL_CONFIRMATION	
783	GOBP_NEGATIVE_REGULATION_OF_T_HELPER_CELL_DIFFERENTIATION	GO_BP	331	290	1559	714	27	INTERNAL_AND_DESCRIPTIVE_NOT_SPATIAL_CONFIRMATION	
784	GOBP_NEGATIVE_REGULATION_OF_VASCULAR_ASSOCIATED_SMOOTH_MUSCLE_CELL_MIGRATION	GO_BP	0	0	0	0	0	INTERNAL_AND_DESCRIPTIVE_NOT_SPATIAL_CONFIRMATION	
785	GOBP_NEGATIVE_REGULATION_OF_VASCULAR_ASSOCIATED_SMOOTH_MUSCLE_CELL_PROLIFERATION	GO_BP	0	0	0	0	0	INTERNAL_AND_DESCRIPTIVE_NOT_SPATIAL_CONFIRMATION	
786	GOBP_NEGATIVE_REGULATION_OF_VASCULAR_ENDOTHELIAL_CELL_PROLIFERATION	GO_BP	0	0	0	0	0	INTERNAL_AND_DESCRIPTIVE_NOT_SPATIAL_CONFIRMATION	
787	GOBP_NEGATIVE_REGULATION_OF_VASCULAR_ENDOTHELIAL_GROWTH_FACTOR_PRODUCTION	GO_BP	0	0	0	0	0	INTERNAL_AND_DESCRIPTIVE_NOT_SPATIAL_CONFIRMATION	
788	GOBP_NEGATIVE_REGULATION_OF_VASCULAR_PERMEABILITY	GO_BP	331	290	1559	714	27	INTERNAL_AND_DESCRIPTIVE_NOT_SPATIAL_CONFIRMATION	
789	GOBP_NEGATIVE_REGULATION_OF_VIRAL_GENOME_REPLICATION	GO_BP	331	290	1559	714	27	INTERNAL_AND_DESCRIPTIVE_NOT_SPATIAL_CONFIRMATION	
790	GOBP_NEPHRON_TUBULE_FORMATION	GO_BP	331	290	1559	714	27	INTERNAL_AND_DESCRIPTIVE_NOT_SPATIAL_CONFIRMATION	
791	GOBP_NEURAL_TUBE_PATTERNING	GO_BP	331	290	1559	714	27	INTERNAL_AND_DESCRIPTIVE_NOT_SPATIAL_CONFIRMATION	
792	GOBP_NEUROBLAST_PROLIFERATION	GO_BP	331	290	1559	714	27	INTERNAL_AND_DESCRIPTIVE_NOT_SPATIAL_CONFIRMATION	
793	GOBP_NEUROEPITHELIAL_CELL_DIFFERENTIATION	GO_BP	331	290	1559	714	27	INTERNAL_AND_DESCRIPTIVE_NOT_SPATIAL_CONFIRMATION	
794	GOBP_NEUROMUSCULAR_JUNCTION_DEVELOPMENT	GO_BP	331	290	1559	714	27	INTERNAL_AND_DESCRIPTIVE_NOT_SPATIAL_CONFIRMATION	
795	GOBP_NEUROMUSCULAR_PROCESS_CONTROLLING_BALANCE	GO_BP	331	290	1559	714	27	INTERNAL_AND_DESCRIPTIVE_NOT_SPATIAL_CONFIRMATION	
796	GOBP_NEUROMUSCULAR_SYNAPTIC_TRANSMISSION	GO_BP	331	290	1559	714	27	INTERNAL_AND_DESCRIPTIVE_NOT_SPATIAL_CONFIRMATION	
797	GOBP_NEURONAL_ACTION_POTENTIAL	GO_BP	331	290	1559	714	27	INTERNAL_AND_DESCRIPTIVE_NOT_SPATIAL_CONFIRMATION	
798	GOBP_NEURONAL_STEM_CELL_POPULATION_MAINTENANCE	GO_BP	331	290	1559	714	27	INTERNAL_AND_DESCRIPTIVE_NOT_SPATIAL_CONFIRMATION	
799	GOBP_NEURON_CELLULAR_HOMEOSTASIS	GO_BP	331	290	1559	714	27	INTERNAL_AND_DESCRIPTIVE_NOT_SPATIAL_CONFIRMATION	
800	GOBP_NEURON_FATE_SPECIFICATION	GO_BP	331	290	1559	714	27	INTERNAL_AND_DESCRIPTIVE_NOT_SPATIAL_CONFIRMATION	
801	GOBP_NEURON_INTRINSIC_APOPTOTIC_SIGNALING_PATHWAY_IN_RESPONSE_TO_OXIDATIVE_STRESS	GO_BP	331	290	1559	714	27	INTERNAL_AND_DESCRIPTIVE_NOT_SPATIAL_CONFIRMATION	
802	GOBP_NEURON_MATURATION	GO_BP	331	290	1559	714	27	INTERNAL_AND_DESCRIPTIVE_NOT_SPATIAL_CONFIRMATION	
803	GOBP_NEURON_MIGRATION	GO_BP	331	290	1559	714	27	INTERNAL_AND_DESCRIPTIVE_NOT_SPATIAL_CONFIRMATION	
804	GOBP_NEURON_PROJECTION_ARBORIZATION	GO_BP	331	290	1559	714	27	INTERNAL_AND_DESCRIPTIVE_NOT_SPATIAL_CONFIRMATION	
805	GOBP_NEURON_PROJECTION_EXTENSION_INVOLVED_IN_NEURON_PROJECTION_GUIDANCE	GO_BP	331	290	1559	714	27	INTERNAL_AND_DESCRIPTIVE_NOT_SPATIAL_CONFIRMATION	
806	GOBP_NEURON_PROJECTION_REGENERATION	GO_BP	331	290	1559	714	27	INTERNAL_AND_DESCRIPTIVE_NOT_SPATIAL_CONFIRMATION	
807	GOBP_NEUROPEPTIDE_SIGNALING_PATHWAY	GO_BP	331	290	1559	714	27	INTERNAL_AND_DESCRIPTIVE_NOT_SPATIAL_CONFIRMATION	
808	GOBP_NEUROTRANSMITTER_RECEPTOR_LOCALIZATION_TO_POSTSYNAPTIC_SPECIALIZATION_MEMBRANE	GO_BP	331	290	1559	714	27	INTERNAL_AND_DESCRIPTIVE_NOT_SPATIAL_CONFIRMATION	
809	GOBP_NEUROTRANSMITTER_RECEPTOR_TRANSPORT	GO_BP	331	290	1559	714	27	INTERNAL_AND_DESCRIPTIVE_NOT_SPATIAL_CONFIRMATION	
810	GOBP_NEUROTRANSMITTER_REUPTAKE	GO_BP	331	290	1559	714	27	INTERNAL_AND_DESCRIPTIVE_NOT_SPATIAL_CONFIRMATION	
811	GOBP_NEUROTROPHIN_TRK_RECEPTOR_SIGNALING_PATHWAY	GO_BP	331	290	1559	714	27	INTERNAL_AND_DESCRIPTIVE_NOT_SPATIAL_CONFIRMATION	
812	GOBP_NEUTRAL_AMINO_ACID_TRANSPORT	GO_BP	331	290	1559	714	27	INTERNAL_AND_DESCRIPTIVE_NOT_SPATIAL_CONFIRMATION	
813	GOBP_NEUTROPHIL_ACTIVATION_INVOLVED_IN_IMMUNE_RESPONSE	GO_BP	331	290	1559	714	27	INTERNAL_AND_DESCRIPTIVE_NOT_SPATIAL_CONFIRMATION	
814	GOBP_NEUTROPHIL_CHEMOTAXIS	GO_BP	331	290	1559	714	27	INTERNAL_AND_DESCRIPTIVE_NOT_SPATIAL_CONFIRMATION	
815	GOBP_NEUTROPHIL_HOMEOSTASIS	GO_BP	331	290	1559	714	27	INTERNAL_AND_DESCRIPTIVE_NOT_SPATIAL_CONFIRMATION	
816	GOBP_NEUTROPHIL_MEDIATED_IMMUNITY	GO_BP	331	290	1559	714	27	INTERNAL_AND_DESCRIPTIVE_NOT_SPATIAL_CONFIRMATION	
817	GOBP_NITRIC_OXIDE_MEDIATED_SIGNAL_TRANSDUCTION	GO_BP	331	290	1559	714	27	INTERNAL_AND_DESCRIPTIVE_NOT_SPATIAL_CONFIRMATION	
818	GOBP_NK_T_CELL_ACTIVATION	GO_BP	331	290	1559	714	27	INTERNAL_AND_DESCRIPTIVE_NOT_SPATIAL_CONFIRMATION	
819	GOBP_NLS_BEARING_PROTEIN_IMPORT_INTO_NUCLEUS	GO_BP	66	52	13	0	3	INTERNAL_AND_DESCRIPTIVE_NOT_SPATIAL_CONFIRMATION	
820	GOBP_NODAL_SIGNALING_PATHWAY	GO_BP	66	52	13	0	3	INTERNAL_AND_DESCRIPTIVE_NOT_SPATIAL_CONFIRMATION	
821	GOBP_NON_CANONICAL_NF_KAPPAB_SIGNAL_TRANSDUCTION	GO_BP	331	290	1559	714	27	INTERNAL_AND_DESCRIPTIVE_NOT_SPATIAL_CONFIRMATION	
822	GOBP_NON_MOTILE_CILIUM_ASSEMBLY	GO_BP	331	290	1559	714	27	INTERNAL_AND_DESCRIPTIVE_NOT_SPATIAL_CONFIRMATION	
823	GOBP_NON_PROTEINOGENIC_AMINO_ACID_METABOLIC_PROCESS	GO_BP	331	290	1559	714	27	INTERNAL_AND_DESCRIPTIVE_NOT_SPATIAL_CONFIRMATION	
824	GOBP_NOREPINEPHRINE_TRANSPORT	GO_BP	331	290	1559	714	27	INTERNAL_AND_DESCRIPTIVE_NOT_SPATIAL_CONFIRMATION	
825	GOBP_NOTCH_SIGNALING_PATHWAY	GO_BP	331	290	1559	714	27	INTERNAL_AND_DESCRIPTIVE_NOT_SPATIAL_CONFIRMATION	
826	GOBP_NUCLEAR_MEMBRANE_REASSEMBLY	GO_BP	331	290	1559	714	27	INTERNAL_AND_DESCRIPTIVE_NOT_SPATIAL_CONFIRMATION	
827	GOBP_NUCLEAR_MIGRATION	GO_BP	331	290	1559	714	27	INTERNAL_AND_DESCRIPTIVE_NOT_SPATIAL_CONFIRMATION	
828	GOBP_NUCLEAR_TRANSCRIBED_MRNA_CATABOLIC_PROCESS_NONSENSE_MEDIATED_DECAY	GO_BP	331	290	1559	714	27	INTERNAL_AND_DESCRIPTIVE_NOT_SPATIAL_CONFIRMATION	
829	GOBP_NUCLEAR_TRANSCRIBED_MRNA_POLY_A_TAIL_SHORTENING	GO_BP	331	290	1559	714	27	INTERNAL_AND_DESCRIPTIVE_NOT_SPATIAL_CONFIRMATION	
830	GOBP_NUCLEOLAR_LARGE_RRNA_TRANSCRIPTION_BY_RNA_POLYMERASE_I	GO_BP	221	200	1493	708	24	INTERNAL_AND_DESCRIPTIVE_NOT_SPATIAL_CONFIRMATION	
831	GOBP_NUCLEOPHAGY	GO_BP	331	290	1559	714	27	INTERNAL_AND_DESCRIPTIVE_NOT_SPATIAL_CONFIRMATION	
832	GOBP_NUCLEOSIDE_CATABOLIC_PROCESS	GO_BP	331	290	1559	714	27	INTERNAL_AND_DESCRIPTIVE_NOT_SPATIAL_CONFIRMATION	
833	GOBP_NUCLEOSOME_ORGANIZATION	GO_BP	0	0	0	0	0	INTERNAL_AND_DESCRIPTIVE_NOT_SPATIAL_CONFIRMATION	
834	GOBP_NUCLEOTIDE_BINDING_OLIGOMERIZATION_DOMAIN_CONTAINING_2_SIGNALING_PATHWAY	GO_BP	331	290	1559	714	27	INTERNAL_AND_DESCRIPTIVE_NOT_SPATIAL_CONFIRMATION	
835	GOBP_NUCLEOTIDE_EXCISION_REPAIR	GO_BP	331	290	1559	714	27	INTERNAL_AND_DESCRIPTIVE_NOT_SPATIAL_CONFIRMATION	
836	GOBP_NUCLEOTIDE_SUGAR_BIOSYNTHETIC_PROCESS	GO_BP	331	290	1559	714	27	INTERNAL_AND_DESCRIPTIVE_NOT_SPATIAL_CONFIRMATION	
837	GOBP_NUCLEOTIDE_TRANSMEMBRANE_TRANSPORT	GO_BP	331	290	1559	714	27	INTERNAL_AND_DESCRIPTIVE_NOT_SPATIAL_CONFIRMATION	
838	GOBP_N_GLYCAN_PROCESSING	GO_BP	331	290	1559	714	27	INTERNAL_AND_DESCRIPTIVE_NOT_SPATIAL_CONFIRMATION	
839	GOBP_N_TERMINAL_PROTEIN_AMINO_ACID_MODIFICATION	GO_BP	331	290	1559	714	27	INTERNAL_AND_DESCRIPTIVE_NOT_SPATIAL_CONFIRMATION	
840	GOBP_OLEFINIC_COMPOUND_BIOSYNTHETIC_PROCESS	GO_BP	331	290	1559	714	27	INTERNAL_AND_DESCRIPTIVE_NOT_SPATIAL_CONFIRMATION	
841	GOBP_OLFACTORY_LOBE_DEVELOPMENT	GO_BP	331	290	1559	714	27	INTERNAL_AND_DESCRIPTIVE_NOT_SPATIAL_CONFIRMATION	
842	GOBP_OLIGODENDROCYTE_DEVELOPMENT	GO_BP	331	290	1559	714	27	INTERNAL_AND_DESCRIPTIVE_NOT_SPATIAL_CONFIRMATION	
843	GOBP_OLIGOSACCHARIDE_BIOSYNTHETIC_PROCESS	GO_BP	331	290	1559	714	27	INTERNAL_AND_DESCRIPTIVE_NOT_SPATIAL_CONFIRMATION	
844	GOBP_ONE_CARBON_COMPOUND_TRANSPORT	GO_BP	331	290	1559	714	27	INTERNAL_AND_DESCRIPTIVE_NOT_SPATIAL_CONFIRMATION	
845	GOBP_ONE_CARBON_METABOLIC_PROCESS	GO_BP	331	290	1559	714	27	INTERNAL_AND_DESCRIPTIVE_NOT_SPATIAL_CONFIRMATION	
846	GOBP_OOCYTE_MATURATION	GO_BP	331	290	1559	714	27	INTERNAL_AND_DESCRIPTIVE_NOT_SPATIAL_CONFIRMATION	
847	GOBP_ORGANELLE_DISASSEMBLY	GO_BP	331	290	1559	714	27	INTERNAL_AND_DESCRIPTIVE_NOT_SPATIAL_CONFIRMATION	
848	GOBP_ORGANIC_ACID_BIOSYNTHETIC_PROCESS	GO_BP	331	290	1559	714	27	INTERNAL_AND_DESCRIPTIVE_NOT_SPATIAL_CONFIRMATION	
849	GOBP_ORGANIC_ACID_CATABOLIC_PROCESS	GO_BP	331	290	1559	714	27	INTERNAL_AND_DESCRIPTIVE_NOT_SPATIAL_CONFIRMATION	
850	GOBP_ORGANIC_ACID_METABOLIC_PROCESS	GO_BP	331	290	1559	714	27	INTERNAL_AND_DESCRIPTIVE_NOT_SPATIAL_CONFIRMATION	
851	GOBP_ORGANIC_ACID_TRANSMEMBRANE_TRANSPORT	GO_BP	331	290	1559	714	27	INTERNAL_AND_DESCRIPTIVE_NOT_SPATIAL_CONFIRMATION	
852	GOBP_ORGANIC_ANION_TRANSPORT	GO_BP	331	290	1559	714	27	INTERNAL_AND_DESCRIPTIVE_NOT_SPATIAL_CONFIRMATION	
853	GOBP_ORGANIC_CATION_TRANSPORT	GO_BP	331	290	1559	714	27	INTERNAL_AND_DESCRIPTIVE_NOT_SPATIAL_CONFIRMATION	
854	GOBP_ORGANISM_EMERGENCE_FROM_PROTECTIVE_STRUCTURE	GO_BP	331	290	1559	714	27	INTERNAL_AND_DESCRIPTIVE_NOT_SPATIAL_CONFIRMATION	
855	GOBP_ORGAN_INDUCTION	GO_BP	331	290	1559	714	27	INTERNAL_AND_DESCRIPTIVE_NOT_SPATIAL_CONFIRMATION	
856	GOBP_OSTEOBLAST_DIFFERENTIATION	GO_BP	331	290	1559	714	27	INTERNAL_AND_DESCRIPTIVE_NOT_SPATIAL_CONFIRMATION	
857	GOBP_OSTEOCLAST_DIFFERENTIATION	GO_BP	331	290	1559	714	27	INTERNAL_AND_DESCRIPTIVE_NOT_SPATIAL_CONFIRMATION	
858	GOBP_OUTER_DYNEIN_ARM_ASSEMBLY	GO_BP	155	148	1480	708	9	INTERNAL_AND_DESCRIPTIVE_NOT_SPATIAL_CONFIRMATION	
859	GOBP_OUTFLOW_TRACT_SEPTUM_MORPHOGENESIS	GO_BP	331	290	1559	714	27	INTERNAL_AND_DESCRIPTIVE_NOT_SPATIAL_CONFIRMATION	
860	GOBP_OVARIAN_FOLLICLE_DEVELOPMENT	GO_BP	331	290	1559	714	27	INTERNAL_AND_DESCRIPTIVE_NOT_SPATIAL_CONFIRMATION	
861	GOBP_OVULATION_CYCLE_PROCESS	GO_BP	331	290	1559	714	27	INTERNAL_AND_DESCRIPTIVE_NOT_SPATIAL_CONFIRMATION	
862	GOBP_O_GLYCAN_PROCESSING	GO_BP	331	290	1559	714	27	INTERNAL_AND_DESCRIPTIVE_NOT_SPATIAL_CONFIRMATION	
863	GOBP_P38MAPK_CASCADE	GO_BP	331	290	1559	714	27	INTERNAL_AND_DESCRIPTIVE_NOT_SPATIAL_CONFIRMATION	
864	GOBP_PARAXIAL_MESODERM_DEVELOPMENT	GO_BP	331	290	1559	714	27	INTERNAL_AND_DESCRIPTIVE_NOT_SPATIAL_CONFIRMATION	
865	GOBP_PENTOSE_PHOSPHATE_SHUNT	GO_BP	331	290	1559	714	27	INTERNAL_AND_DESCRIPTIVE_NOT_SPATIAL_CONFIRMATION	
866	GOBP_PEPTIDE_ANTIGEN_ASSEMBLY_WITH_MHC_PROTEIN_COMPLEX	GO_BP	331	290	1559	714	27	INTERNAL_AND_DESCRIPTIVE_NOT_SPATIAL_CONFIRMATION	
867	GOBP_PEPTIDE_BIOSYNTHETIC_PROCESS	GO_BP	331	290	1559	714	27	INTERNAL_AND_DESCRIPTIVE_NOT_SPATIAL_CONFIRMATION	
868	GOBP_PEPTIDE_CATABOLIC_PROCESS	GO_BP	331	290	1559	714	27	INTERNAL_AND_DESCRIPTIVE_NOT_SPATIAL_CONFIRMATION	
869	GOBP_PEPTIDE_CROSS_LINKING	GO_BP	331	290	1559	714	27	INTERNAL_AND_DESCRIPTIVE_NOT_SPATIAL_CONFIRMATION	
870	GOBP_PEPTIDYL_CYSTEINE_MODIFICATION	GO_BP	331	290	1559	714	27	INTERNAL_AND_DESCRIPTIVE_NOT_SPATIAL_CONFIRMATION	
871	GOBP_PEPTIDYL_GLUTAMIC_ACID_MODIFICATION	GO_BP	331	290	1559	714	27	INTERNAL_AND_DESCRIPTIVE_NOT_SPATIAL_CONFIRMATION	
872	GOBP_PEPTIDYL_SERINE_MODIFICATION	GO_BP	331	290	1559	714	27	INTERNAL_AND_DESCRIPTIVE_NOT_SPATIAL_CONFIRMATION	
873	GOBP_PEPTIDYL_THREONINE_PHOSPHORYLATION	GO_BP	331	290	1559	714	27	INTERNAL_AND_DESCRIPTIVE_NOT_SPATIAL_CONFIRMATION	
874	GOBP_PEPTIDYL_TYROSINE_DEPHOSPHORYLATION	GO_BP	331	290	1559	714	27	INTERNAL_AND_DESCRIPTIVE_NOT_SPATIAL_CONFIRMATION	
875	GOBP_PEPTIDYL_TYROSINE_MODIFICATION	GO_BP	331	290	1559	714	27	INTERNAL_AND_DESCRIPTIVE_NOT_SPATIAL_CONFIRMATION	
876	GOBP_PERIPHERAL_NERVOUS_SYSTEM_AXON_ENSHEATHMENT	GO_BP	331	290	1559	714	27	INTERNAL_AND_DESCRIPTIVE_NOT_SPATIAL_CONFIRMATION	
877	GOBP_PERK_MEDIATED_UNFOLDED_PROTEIN_RESPONSE	GO_BP	331	290	1559	714	27	INTERNAL_AND_DESCRIPTIVE_NOT_SPATIAL_CONFIRMATION	
878	GOBP_PEROXISOME_ORGANIZATION	GO_BP	331	290	1559	714	27	INTERNAL_AND_DESCRIPTIVE_NOT_SPATIAL_CONFIRMATION	
879	GOBP_PEROXISOME_PROLIFERATOR_ACTIVATED_RECEPTOR_SIGNALING_PATHWAY	GO_BP	331	290	1559	714	27	INTERNAL_AND_DESCRIPTIVE_NOT_SPATIAL_CONFIRMATION	
880	GOBP_PHAGOCYTOSIS_ENGULFMENT	GO_BP	331	290	1559	714	27	INTERNAL_AND_DESCRIPTIVE_NOT_SPATIAL_CONFIRMATION	
881	GOBP_PHAGOCYTOSIS_RECOGNITION	GO_BP	331	290	1559	714	27	INTERNAL_AND_DESCRIPTIVE_NOT_SPATIAL_CONFIRMATION	
882	GOBP_PHAGOSOME_MATURATION	GO_BP	331	290	1559	714	27	INTERNAL_AND_DESCRIPTIVE_NOT_SPATIAL_CONFIRMATION	
883	GOBP_PHARYNGEAL_SYSTEM_DEVELOPMENT	GO_BP	331	290	1559	714	27	INTERNAL_AND_DESCRIPTIVE_NOT_SPATIAL_CONFIRMATION	
884	GOBP_PHASIC_SMOOTH_MUSCLE_CONTRACTION	GO_BP	331	290	1559	714	27	INTERNAL_AND_DESCRIPTIVE_NOT_SPATIAL_CONFIRMATION	
885	GOBP_PHOSPHATE_ION_HOMEOSTASIS	GO_BP	331	290	1559	714	27	INTERNAL_AND_DESCRIPTIVE_NOT_SPATIAL_CONFIRMATION	
886	GOBP_PHOSPHATE_ION_TRANSPORT	GO_BP	331	290	1559	714	27	INTERNAL_AND_DESCRIPTIVE_NOT_SPATIAL_CONFIRMATION	
887	GOBP_PHOSPHATIDIC_ACID_METABOLIC_PROCESS	GO_BP	331	290	1559	714	27	INTERNAL_AND_DESCRIPTIVE_NOT_SPATIAL_CONFIRMATION	
888	GOBP_PHOSPHATIDYLCHOLINE_BIOSYNTHETIC_PROCESS	GO_BP	331	290	1559	714	27	INTERNAL_AND_DESCRIPTIVE_NOT_SPATIAL_CONFIRMATION	
889	GOBP_PHOSPHATIDYLETHANOLAMINE_METABOLIC_PROCESS	GO_BP	331	290	1559	714	27	INTERNAL_AND_DESCRIPTIVE_NOT_SPATIAL_CONFIRMATION	
890	GOBP_PHOSPHATIDYLGLYCEROL_METABOLIC_PROCESS	GO_BP	331	290	1559	714	27	INTERNAL_AND_DESCRIPTIVE_NOT_SPATIAL_CONFIRMATION	
891	GOBP_PHOSPHATIDYLINOSITOL_3_KINASE_PROTEIN_KINASE_B_SIGNAL_TRANSDUCTION	GO_BP	331	290	1559	714	27	INTERNAL_AND_DESCRIPTIVE_NOT_SPATIAL_CONFIRMATION	
892	GOBP_PHOSPHATIDYLINOSITOL_3_PHOSPHATE_BIOSYNTHETIC_PROCESS	GO_BP	331	290	1559	714	27	INTERNAL_AND_DESCRIPTIVE_NOT_SPATIAL_CONFIRMATION	
893	GOBP_PHOSPHATIDYLINOSITOL_BIOSYNTHETIC_PROCESS	GO_BP	331	290	1559	714	27	INTERNAL_AND_DESCRIPTIVE_NOT_SPATIAL_CONFIRMATION	
894	GOBP_PHOSPHATIDYLINOSITOL_DEPHOSPHORYLATION	GO_BP	331	290	1559	714	27	INTERNAL_AND_DESCRIPTIVE_NOT_SPATIAL_CONFIRMATION	
895	GOBP_PHOSPHATIDYLINOSITOL_MEDIATED_SIGNALING	GO_BP	331	290	1559	714	27	INTERNAL_AND_DESCRIPTIVE_NOT_SPATIAL_CONFIRMATION	
896	GOBP_PHOSPHATIDYLSERINE_METABOLIC_PROCESS	GO_BP	331	290	1559	714	27	INTERNAL_AND_DESCRIPTIVE_NOT_SPATIAL_CONFIRMATION	
897	GOBP_PHOSPHOLIPASE_C_ACTIVATING_G_PROTEIN_COUPLED_RECEPTOR_SIGNALING_PATHWAY	GO_BP	331	290	1559	714	27	INTERNAL_AND_DESCRIPTIVE_NOT_SPATIAL_CONFIRMATION	
898	GOBP_PHOTORECEPTOR_CELL_MAINTENANCE	GO_BP	331	290	1559	714	27	INTERNAL_AND_DESCRIPTIVE_NOT_SPATIAL_CONFIRMATION	
899	GOBP_PHOTOTRANSDUCTION_VISIBLE_LIGHT	GO_BP	331	290	1559	714	27	INTERNAL_AND_DESCRIPTIVE_NOT_SPATIAL_CONFIRMATION	
900	GOBP_PHYSIOLOGICAL_CARDIAC_MUSCLE_HYPERTROPHY	GO_BP	0	0	0	0	0	INTERNAL_AND_DESCRIPTIVE_NOT_SPATIAL_CONFIRMATION	
901	GOBP_PIGMENT_BIOSYNTHETIC_PROCESS	GO_BP	331	290	1559	714	27	INTERNAL_AND_DESCRIPTIVE_NOT_SPATIAL_CONFIRMATION	
902	GOBP_PIGMENT_GRANULE_ORGANIZATION	GO_BP	331	290	1559	714	27	INTERNAL_AND_DESCRIPTIVE_NOT_SPATIAL_CONFIRMATION	
903	GOBP_PINOCYTOSIS	GO_BP	331	290	1559	714	27	INTERNAL_AND_DESCRIPTIVE_NOT_SPATIAL_CONFIRMATION	
904	GOBP_PIRNA_PROCESSING	GO_BP	331	290	1559	714	27	INTERNAL_AND_DESCRIPTIVE_NOT_SPATIAL_CONFIRMATION	
905	GOBP_PITUITARY_GLAND_DEVELOPMENT	GO_BP	331	290	1559	714	27	INTERNAL_AND_DESCRIPTIVE_NOT_SPATIAL_CONFIRMATION	
906	GOBP_PLASMA_MEMBRANE_FUSION	GO_BP	331	290	1559	714	27	INTERNAL_AND_DESCRIPTIVE_NOT_SPATIAL_CONFIRMATION	
907	GOBP_PLASMA_MEMBRANE_PHOSPHOLIPID_SCRAMBLING	GO_BP	331	290	1559	714	27	INTERNAL_AND_DESCRIPTIVE_NOT_SPATIAL_CONFIRMATION	
908	GOBP_PLASMA_MEMBRANE_REPAIR	GO_BP	331	290	1559	714	27	INTERNAL_AND_DESCRIPTIVE_NOT_SPATIAL_CONFIRMATION	
909	GOBP_PLASMINOGEN_ACTIVATION	GO_BP	331	290	1559	714	27	INTERNAL_AND_DESCRIPTIVE_NOT_SPATIAL_CONFIRMATION	
910	GOBP_PLATELET_AGGREGATION	GO_BP	331	290	1559	714	27	INTERNAL_AND_DESCRIPTIVE_NOT_SPATIAL_CONFIRMATION	
911	GOBP_PLATELET_DENSE_GRANULE_ORGANIZATION	GO_BP	331	290	1559	714	27	INTERNAL_AND_DESCRIPTIVE_NOT_SPATIAL_CONFIRMATION	
912	GOBP_PLATELET_DERIVED_GROWTH_FACTOR_RECEPTOR_SIGNALING_PATHWAY	GO_BP	331	290	1559	714	27	INTERNAL_AND_DESCRIPTIVE_NOT_SPATIAL_CONFIRMATION	
913	GOBP_PLATELET_MORPHOGENESIS	GO_BP	331	290	1559	714	27	INTERNAL_AND_DESCRIPTIVE_NOT_SPATIAL_CONFIRMATION	
914	GOBP_PODOSOME_ASSEMBLY	GO_BP	331	290	1559	714	27	INTERNAL_AND_DESCRIPTIVE_NOT_SPATIAL_CONFIRMATION	
915	GOBP_POLARIZED_EPITHELIAL_CELL_DIFFERENTIATION	GO_BP	331	290	1559	714	27	INTERNAL_AND_DESCRIPTIVE_NOT_SPATIAL_CONFIRMATION	
916	GOBP_POLYSACCHARIDE_BIOSYNTHETIC_PROCESS	GO_BP	331	290	1559	714	27	INTERNAL_AND_DESCRIPTIVE_NOT_SPATIAL_CONFIRMATION	
917	GOBP_POLYSACCHARIDE_CATABOLIC_PROCESS	GO_BP	331	290	1559	714	27	INTERNAL_AND_DESCRIPTIVE_NOT_SPATIAL_CONFIRMATION	
918	GOBP_POLY_A_PLUS_MRNA_EXPORT_FROM_NUCLEUS	GO_BP	66	52	13	0	3	INTERNAL_AND_DESCRIPTIVE_NOT_SPATIAL_CONFIRMATION	
919	GOBP_PORE_COMPLEX_ASSEMBLY	GO_BP	331	290	1559	714	27	INTERNAL_AND_DESCRIPTIVE_NOT_SPATIAL_CONFIRMATION	
920	GOBP_PORPHYRIN_CONTAINING_COMPOUND_METABOLIC_PROCESS	GO_BP	331	290	1559	714	27	INTERNAL_AND_DESCRIPTIVE_NOT_SPATIAL_CONFIRMATION	
921	GOBP_POSITIVE_CHEMOTAXIS	GO_BP	331	290	1559	714	27	INTERNAL_AND_DESCRIPTIVE_NOT_SPATIAL_CONFIRMATION	
922	GOBP_POSITIVE_REGULATION_BY_HOST_OF_VIRAL_PROCESS	GO_BP	331	290	1559	714	27	INTERNAL_AND_DESCRIPTIVE_NOT_SPATIAL_CONFIRMATION	
923	GOBP_POSITIVE_REGULATION_OF_ACTIN_FILAMENT_POLYMERIZATION	GO_BP	331	290	1559	714	27	INTERNAL_AND_DESCRIPTIVE_NOT_SPATIAL_CONFIRMATION	
924	GOBP_POSITIVE_REGULATION_OF_ACTIVATED_T_CELL_PROLIFERATION	GO_BP	331	290	1559	714	27	INTERNAL_AND_DESCRIPTIVE_NOT_SPATIAL_CONFIRMATION	
925	GOBP_POSITIVE_REGULATION_OF_ACUTE_INFLAMMATORY_RESPONSE	GO_BP	331	290	1559	714	27	INTERNAL_AND_DESCRIPTIVE_NOT_SPATIAL_CONFIRMATION	
926	GOBP_POSITIVE_REGULATION_OF_ALCOHOL_BIOSYNTHETIC_PROCESS	GO_BP	331	290	1559	714	27	INTERNAL_AND_DESCRIPTIVE_NOT_SPATIAL_CONFIRMATION	
927	GOBP_POSITIVE_REGULATION_OF_ALPHA_BETA_T_CELL_PROLIFERATION	GO_BP	331	290	1559	714	27	INTERNAL_AND_DESCRIPTIVE_NOT_SPATIAL_CONFIRMATION	
928	GOBP_POSITIVE_REGULATION_OF_AMIDE_METABOLIC_PROCESS	GO_BP	331	290	1559	714	27	INTERNAL_AND_DESCRIPTIVE_NOT_SPATIAL_CONFIRMATION	
929	GOBP_POSITIVE_REGULATION_OF_AMINO_ACID_TRANSPORT	GO_BP	331	290	1559	714	27	INTERNAL_AND_DESCRIPTIVE_NOT_SPATIAL_CONFIRMATION	
930	GOBP_POSITIVE_REGULATION_OF_AMYLOID_BETA_FORMATION	GO_BP	331	290	1559	714	27	INTERNAL_AND_DESCRIPTIVE_NOT_SPATIAL_CONFIRMATION	
931	GOBP_POSITIVE_REGULATION_OF_ANTIGEN_RECEPTOR_MEDIATED_SIGNALING_PATHWAY	GO_BP	331	290	1559	714	27	INTERNAL_AND_DESCRIPTIVE_NOT_SPATIAL_CONFIRMATION	
932	GOBP_POSITIVE_REGULATION_OF_ATP_DEPENDENT_ACTIVITY	GO_BP	331	290	1559	714	27	INTERNAL_AND_DESCRIPTIVE_NOT_SPATIAL_CONFIRMATION	
933	GOBP_POSITIVE_REGULATION_OF_AUTOPHAGOSOME_ASSEMBLY	GO_BP	331	290	1559	714	27	INTERNAL_AND_DESCRIPTIVE_NOT_SPATIAL_CONFIRMATION	
934	GOBP_POSITIVE_REGULATION_OF_AUTOPHAGY_OF_MITOCHONDRION	GO_BP	331	290	1559	714	27	INTERNAL_AND_DESCRIPTIVE_NOT_SPATIAL_CONFIRMATION	
935	GOBP_POSITIVE_REGULATION_OF_AXON_EXTENSION	GO_BP	331	290	1559	714	27	INTERNAL_AND_DESCRIPTIVE_NOT_SPATIAL_CONFIRMATION	
936	GOBP_POSITIVE_REGULATION_OF_BEHAVIOR	GO_BP	331	290	1559	714	27	INTERNAL_AND_DESCRIPTIVE_NOT_SPATIAL_CONFIRMATION	
937	GOBP_POSITIVE_REGULATION_OF_BLOOD_PRESSURE	GO_BP	331	290	1559	714	27	INTERNAL_AND_DESCRIPTIVE_NOT_SPATIAL_CONFIRMATION	
938	GOBP_POSITIVE_REGULATION_OF_BLOOD_VESSEL_ENDOTHELIAL_CELL_PROLIFERATION_INVOLVED_IN_SPROUTING_ANGIOGENESIS	GO_BP	0	0	0	0	0	INTERNAL_AND_DESCRIPTIVE_NOT_SPATIAL_CONFIRMATION	
939	GOBP_POSITIVE_REGULATION_OF_BMP_SIGNALING_PATHWAY	GO_BP	331	290	1559	714	27	INTERNAL_AND_DESCRIPTIVE_NOT_SPATIAL_CONFIRMATION	
940	GOBP_POSITIVE_REGULATION_OF_BONE_MINERALIZATION	GO_BP	331	290	1559	714	27	INTERNAL_AND_DESCRIPTIVE_NOT_SPATIAL_CONFIRMATION	
941	GOBP_POSITIVE_REGULATION_OF_B_CELL_PROLIFERATION	GO_BP	331	290	1559	714	27	INTERNAL_AND_DESCRIPTIVE_NOT_SPATIAL_CONFIRMATION	
942	GOBP_POSITIVE_REGULATION_OF_CALCINEURIN_MEDIATED_SIGNALING	GO_BP	331	290	1559	714	27	INTERNAL_AND_DESCRIPTIVE_NOT_SPATIAL_CONFIRMATION	
943	GOBP_POSITIVE_REGULATION_OF_CALCIUM_ION_IMPORT	GO_BP	331	290	1559	714	27	INTERNAL_AND_DESCRIPTIVE_NOT_SPATIAL_CONFIRMATION	
944	GOBP_POSITIVE_REGULATION_OF_CANONICAL_NF_KAPPAB_SIGNAL_TRANSDUCTION	GO_BP	331	290	1559	714	27	INTERNAL_AND_DESCRIPTIVE_NOT_SPATIAL_CONFIRMATION	
945	GOBP_POSITIVE_REGULATION_OF_CANONICAL_WNT_SIGNALING_PATHWAY	GO_BP	331	290	1559	714	27	INTERNAL_AND_DESCRIPTIVE_NOT_SPATIAL_CONFIRMATION	
946	GOBP_POSITIVE_REGULATION_OF_CARDIAC_MUSCLE_CELL_PROLIFERATION	GO_BP	0	0	0	0	0	INTERNAL_AND_DESCRIPTIVE_NOT_SPATIAL_CONFIRMATION	
947	GOBP_POSITIVE_REGULATION_OF_CATION_CHANNEL_ACTIVITY	GO_BP	331	290	1559	714	27	INTERNAL_AND_DESCRIPTIVE_NOT_SPATIAL_CONFIRMATION	
948	GOBP_POSITIVE_REGULATION_OF_CELLULAR_RESPONSE_TO_INSULIN_STIMULUS	GO_BP	331	290	1559	714	27	INTERNAL_AND_DESCRIPTIVE_NOT_SPATIAL_CONFIRMATION	
949	GOBP_POSITIVE_REGULATION_OF_CELLULAR_RESPONSE_TO_TRANSFORMING_GROWTH_FACTOR_BETA_STIMULUS	GO_BP	331	290	1559	714	27	INTERNAL_AND_DESCRIPTIVE_NOT_SPATIAL_CONFIRMATION	
950	GOBP_POSITIVE_REGULATION_OF_CELL_ADHESION_MEDIATED_BY_INTEGRIN	GO_BP	331	290	1559	714	27	INTERNAL_AND_DESCRIPTIVE_NOT_SPATIAL_CONFIRMATION	
951	GOBP_POSITIVE_REGULATION_OF_CELL_CYCLE_G2_M_PHASE_TRANSITION	GO_BP	331	290	1559	714	27	INTERNAL_AND_DESCRIPTIVE_NOT_SPATIAL_CONFIRMATION	
952	GOBP_POSITIVE_REGULATION_OF_CELL_MIGRATION_INVOLVED_IN_SPROUTING_ANGIOGENESIS	GO_BP	0	0	0	0	0	INTERNAL_AND_DESCRIPTIVE_NOT_SPATIAL_CONFIRMATION	
953	GOBP_POSITIVE_REGULATION_OF_CELL_MORPHOGENESIS	GO_BP	331	290	1559	714	27	INTERNAL_AND_DESCRIPTIVE_NOT_SPATIAL_CONFIRMATION	
954	GOBP_POSITIVE_REGULATION_OF_CHEMOKINE_PRODUCTION	GO_BP	331	290	1559	714	27	INTERNAL_AND_DESCRIPTIVE_NOT_SPATIAL_CONFIRMATION	
955	GOBP_POSITIVE_REGULATION_OF_CHOLESTEROL_EFFLUX	GO_BP	331	290	1559	714	27	INTERNAL_AND_DESCRIPTIVE_NOT_SPATIAL_CONFIRMATION	
956	GOBP_POSITIVE_REGULATION_OF_CHOLESTEROL_METABOLIC_PROCESS	GO_BP	331	290	1559	714	27	INTERNAL_AND_DESCRIPTIVE_NOT_SPATIAL_CONFIRMATION	
957	GOBP_POSITIVE_REGULATION_OF_CHONDROCYTE_DIFFERENTIATION	GO_BP	331	290	1559	714	27	INTERNAL_AND_DESCRIPTIVE_NOT_SPATIAL_CONFIRMATION	
958	GOBP_POSITIVE_REGULATION_OF_CHROMOSOME_SEGREGATION	GO_BP	331	290	1559	714	27	INTERNAL_AND_DESCRIPTIVE_NOT_SPATIAL_CONFIRMATION	
959	GOBP_POSITIVE_REGULATION_OF_CILIUM_ASSEMBLY	GO_BP	331	290	1559	714	27	INTERNAL_AND_DESCRIPTIVE_NOT_SPATIAL_CONFIRMATION	
960	GOBP_POSITIVE_REGULATION_OF_CIRCADIAN_RHYTHM	GO_BP	331	290	1559	714	27	INTERNAL_AND_DESCRIPTIVE_NOT_SPATIAL_CONFIRMATION	
961	GOBP_POSITIVE_REGULATION_OF_COAGULATION	GO_BP	331	290	1559	714	27	INTERNAL_AND_DESCRIPTIVE_NOT_SPATIAL_CONFIRMATION	
962	GOBP_POSITIVE_REGULATION_OF_COLD_INDUCED_THERMOGENESIS	GO_BP	331	290	1559	714	27	INTERNAL_AND_DESCRIPTIVE_NOT_SPATIAL_CONFIRMATION	
963	GOBP_POSITIVE_REGULATION_OF_COLLAGEN_METABOLIC_PROCESS	GO_BP	331	290	1559	714	27	INTERNAL_AND_DESCRIPTIVE_NOT_SPATIAL_CONFIRMATION	
964	GOBP_POSITIVE_REGULATION_OF_CYTOKINESIS	GO_BP	331	290	1559	714	27	INTERNAL_AND_DESCRIPTIVE_NOT_SPATIAL_CONFIRMATION	
965	GOBP_POSITIVE_REGULATION_OF_CYTOKINE_PRODUCTION_INVOLVED_IN_INFLAMMATORY_RESPONSE	GO_BP	331	290	1559	714	27	INTERNAL_AND_DESCRIPTIVE_NOT_SPATIAL_CONFIRMATION	
966	GOBP_POSITIVE_REGULATION_OF_DEFENSE_RESPONSE_TO_VIRUS_BY_HOST	GO_BP	331	290	1559	714	27	INTERNAL_AND_DESCRIPTIVE_NOT_SPATIAL_CONFIRMATION	
967	GOBP_POSITIVE_REGULATION_OF_DENDRITE_EXTENSION	GO_BP	331	290	1559	714	27	INTERNAL_AND_DESCRIPTIVE_NOT_SPATIAL_CONFIRMATION	
968	GOBP_POSITIVE_REGULATION_OF_DENDRITIC_SPINE_DEVELOPMENT	GO_BP	331	290	1559	714	27	INTERNAL_AND_DESCRIPTIVE_NOT_SPATIAL_CONFIRMATION	
969	GOBP_POSITIVE_REGULATION_OF_DNA_BINDING	GO_BP	331	290	1559	714	27	INTERNAL_AND_DESCRIPTIVE_NOT_SPATIAL_CONFIRMATION	
970	GOBP_POSITIVE_REGULATION_OF_DNA_BIOSYNTHETIC_PROCESS	GO_BP	331	290	1559	714	27	INTERNAL_AND_DESCRIPTIVE_NOT_SPATIAL_CONFIRMATION	
971	GOBP_POSITIVE_REGULATION_OF_DNA_REPLICATION	GO_BP	331	290	1559	714	27	INTERNAL_AND_DESCRIPTIVE_NOT_SPATIAL_CONFIRMATION	
972	GOBP_POSITIVE_REGULATION_OF_DNA_TEMPLATED_TRANSCRIPTION_ELONGATION	GO_BP	331	290	1559	714	27	INTERNAL_AND_DESCRIPTIVE_NOT_SPATIAL_CONFIRMATION	
973	GOBP_POSITIVE_REGULATION_OF_DNA_TEMPLATED_TRANSCRIPTION_INITIATION	GO_BP	331	290	1559	714	27	INTERNAL_AND_DESCRIPTIVE_NOT_SPATIAL_CONFIRMATION	
974	GOBP_POSITIVE_REGULATION_OF_DOUBLE_STRAND_BREAK_REPAIR_VIA_HOMOLOGOUS_RECOMBINATION	GO_BP	331	290	1559	714	27	INTERNAL_AND_DESCRIPTIVE_NOT_SPATIAL_CONFIRMATION	
975	GOBP_POSITIVE_REGULATION_OF_D_GLUCOSE_IMPORT	GO_BP	331	290	1559	714	27	INTERNAL_AND_DESCRIPTIVE_NOT_SPATIAL_CONFIRMATION	
976	GOBP_POSITIVE_REGULATION_OF_EMBRYONIC_DEVELOPMENT	GO_BP	331	290	1559	714	27	INTERNAL_AND_DESCRIPTIVE_NOT_SPATIAL_CONFIRMATION	
977	GOBP_POSITIVE_REGULATION_OF_ENDOTHELIAL_CELL_APOPTOTIC_PROCESS	GO_BP	0	0	0	0	0	INTERNAL_AND_DESCRIPTIVE_NOT_SPATIAL_CONFIRMATION	
978	GOBP_POSITIVE_REGULATION_OF_EPITHELIAL_CELL_APOPTOTIC_PROCESS	GO_BP	331	290	1559	714	27	INTERNAL_AND_DESCRIPTIVE_NOT_SPATIAL_CONFIRMATION	
979	GOBP_POSITIVE_REGULATION_OF_EPITHELIAL_CELL_MIGRATION	GO_BP	331	290	1559	714	27	INTERNAL_AND_DESCRIPTIVE_NOT_SPATIAL_CONFIRMATION	
980	GOBP_POSITIVE_REGULATION_OF_EPITHELIAL_TO_MESENCHYMAL_TRANSITION	GO_BP	331	290	1559	714	27	INTERNAL_AND_DESCRIPTIVE_NOT_SPATIAL_CONFIRMATION	
981	GOBP_POSITIVE_REGULATION_OF_ERBB_SIGNALING_PATHWAY	GO_BP	331	290	1559	714	27	INTERNAL_AND_DESCRIPTIVE_NOT_SPATIAL_CONFIRMATION	
982	GOBP_POSITIVE_REGULATION_OF_ERK1_AND_ERK2_CASCADE	GO_BP	331	290	1559	714	27	INTERNAL_AND_DESCRIPTIVE_NOT_SPATIAL_CONFIRMATION	
983	GOBP_POSITIVE_REGULATION_OF_ERYTHROCYTE_DIFFERENTIATION	GO_BP	331	290	1559	714	27	INTERNAL_AND_DESCRIPTIVE_NOT_SPATIAL_CONFIRMATION	
984	GOBP_POSITIVE_REGULATION_OF_ESTABLISHMENT_OF_PROTEIN_LOCALIZATION_TO_MITOCHONDRION	GO_BP	331	290	1559	714	27	INTERNAL_AND_DESCRIPTIVE_NOT_SPATIAL_CONFIRMATION	
985	GOBP_POSITIVE_REGULATION_OF_EXCITATORY_POSTSYNAPTIC_POTENTIAL	GO_BP	331	290	1559	714	27	INTERNAL_AND_DESCRIPTIVE_NOT_SPATIAL_CONFIRMATION	
986	GOBP_POSITIVE_REGULATION_OF_EXECUTION_PHASE_OF_APOPTOSIS	GO_BP	331	290	1559	714	27	INTERNAL_AND_DESCRIPTIVE_NOT_SPATIAL_CONFIRMATION	
987	GOBP_POSITIVE_REGULATION_OF_EXTRACELLULAR_MATRIX_ORGANIZATION	GO_BP	331	290	1559	714	27	INTERNAL_AND_DESCRIPTIVE_NOT_SPATIAL_CONFIRMATION	
988	GOBP_POSITIVE_REGULATION_OF_EXTRINSIC_APOPTOTIC_SIGNALING_PATHWAY	GO_BP	331	290	1559	714	27	INTERNAL_AND_DESCRIPTIVE_NOT_SPATIAL_CONFIRMATION	
989	GOBP_POSITIVE_REGULATION_OF_FATTY_ACID_BIOSYNTHETIC_PROCESS	GO_BP	331	290	1559	714	27	INTERNAL_AND_DESCRIPTIVE_NOT_SPATIAL_CONFIRMATION	
990	GOBP_POSITIVE_REGULATION_OF_FATTY_ACID_TRANSPORT	GO_BP	331	290	1559	714	27	INTERNAL_AND_DESCRIPTIVE_NOT_SPATIAL_CONFIRMATION	
991	GOBP_POSITIVE_REGULATION_OF_FAT_CELL_DIFFERENTIATION	GO_BP	331	290	1559	714	27	INTERNAL_AND_DESCRIPTIVE_NOT_SPATIAL_CONFIRMATION	
992	GOBP_POSITIVE_REGULATION_OF_FIBROBLAST_PROLIFERATION	GO_BP	331	290	1559	714	27	INTERNAL_AND_DESCRIPTIVE_NOT_SPATIAL_CONFIRMATION	
993	GOBP_POSITIVE_REGULATION_OF_FILOPODIUM_ASSEMBLY	GO_BP	331	290	1559	714	27	INTERNAL_AND_DESCRIPTIVE_NOT_SPATIAL_CONFIRMATION	
994	GOBP_POSITIVE_REGULATION_OF_FOCAL_ADHESION_ASSEMBLY	GO_BP	331	290	1559	714	27	INTERNAL_AND_DESCRIPTIVE_NOT_SPATIAL_CONFIRMATION	
995	GOBP_POSITIVE_REGULATION_OF_G1_S_TRANSITION_OF_MITOTIC_CELL_CYCLE	GO_BP	66	52	13	0	3	INTERNAL_AND_DESCRIPTIVE_NOT_SPATIAL_CONFIRMATION	
996	GOBP_POSITIVE_REGULATION_OF_GENE_EXPRESSION_EPIGENETIC	GO_BP	331	290	1559	714	27	INTERNAL_AND_DESCRIPTIVE_NOT_SPATIAL_CONFIRMATION	
997	GOBP_POSITIVE_REGULATION_OF_GLIAL_CELL_PROLIFERATION	GO_BP	331	290	1559	714	27	INTERNAL_AND_DESCRIPTIVE_NOT_SPATIAL_CONFIRMATION	
998	GOBP_POSITIVE_REGULATION_OF_GLUCONEOGENESIS	GO_BP	331	290	1559	714	27	INTERNAL_AND_DESCRIPTIVE_NOT_SPATIAL_CONFIRMATION	
999	GOBP_POSITIVE_REGULATION_OF_GLYCOGEN_METABOLIC_PROCESS	GO_BP	331	290	1559	714	27	INTERNAL_AND_DESCRIPTIVE_NOT_SPATIAL_CONFIRMATION	
1000	GOBP_POSITIVE_REGULATION_OF_GLYCOPROTEIN_METABOLIC_PROCESS	GO_BP	331	290	1559	714	27	INTERNAL_AND_DESCRIPTIVE_NOT_SPATIAL_CONFIRMATION	
1001	GOBP_POSITIVE_REGULATION_OF_GRANULOCYTE_CHEMOTAXIS	GO_BP	331	290	1559	714	27	INTERNAL_AND_DESCRIPTIVE_NOT_SPATIAL_CONFIRMATION	
1002	GOBP_POSITIVE_REGULATION_OF_G_PROTEIN_COUPLED_RECEPTOR_SIGNALING_PATHWAY	GO_BP	331	290	1559	714	27	INTERNAL_AND_DESCRIPTIVE_NOT_SPATIAL_CONFIRMATION	
1003	GOBP_POSITIVE_REGULATION_OF_HEART_RATE	GO_BP	331	290	1559	714	27	INTERNAL_AND_DESCRIPTIVE_NOT_SPATIAL_CONFIRMATION	
1004	GOBP_POSITIVE_REGULATION_OF_HOMOTYPIC_CELL_CELL_ADHESION	GO_BP	331	290	1559	714	27	INTERNAL_AND_DESCRIPTIVE_NOT_SPATIAL_CONFIRMATION	
1005	GOBP_POSITIVE_REGULATION_OF_HUMORAL_IMMUNE_RESPONSE	GO_BP	331	290	1559	714	27	INTERNAL_AND_DESCRIPTIVE_NOT_SPATIAL_CONFIRMATION	
1006	GOBP_POSITIVE_REGULATION_OF_INFLAMMASOME_MEDIATED_SIGNALING_PATHWAY	GO_BP	331	290	1559	714	27	INTERNAL_AND_DESCRIPTIVE_NOT_SPATIAL_CONFIRMATION	
1007	GOBP_POSITIVE_REGULATION_OF_INSULIN_SECRETION_INVOLVED_IN_CELLULAR_RESPONSE_TO_GLUCOSE_STIMULUS	GO_BP	331	290	1559	714	27	INTERNAL_AND_DESCRIPTIVE_NOT_SPATIAL_CONFIRMATION	
1008	GOBP_POSITIVE_REGULATION_OF_INTERFERON_ALPHA_PRODUCTION	GO_BP	331	290	1559	714	27	INTERNAL_AND_DESCRIPTIVE_NOT_SPATIAL_CONFIRMATION	
1009	GOBP_POSITIVE_REGULATION_OF_INTERFERON_BETA_PRODUCTION	GO_BP	331	290	1559	714	27	INTERNAL_AND_DESCRIPTIVE_NOT_SPATIAL_CONFIRMATION	
1010	GOBP_POSITIVE_REGULATION_OF_INTERLEUKIN_10_PRODUCTION	GO_BP	331	290	1559	714	27	INTERNAL_AND_DESCRIPTIVE_NOT_SPATIAL_CONFIRMATION	
1011	GOBP_POSITIVE_REGULATION_OF_INTERLEUKIN_12_PRODUCTION	GO_BP	331	290	1559	714	27	INTERNAL_AND_DESCRIPTIVE_NOT_SPATIAL_CONFIRMATION	
1012	GOBP_POSITIVE_REGULATION_OF_INTERLEUKIN_17_PRODUCTION	GO_BP	331	290	1559	714	27	INTERNAL_AND_DESCRIPTIVE_NOT_SPATIAL_CONFIRMATION	
1013	GOBP_POSITIVE_REGULATION_OF_INTERLEUKIN_1_PRODUCTION	GO_BP	331	290	1559	714	27	INTERNAL_AND_DESCRIPTIVE_NOT_SPATIAL_CONFIRMATION	
1014	GOBP_POSITIVE_REGULATION_OF_INTERLEUKIN_2_PRODUCTION	GO_BP	331	290	1559	714	27	INTERNAL_AND_DESCRIPTIVE_NOT_SPATIAL_CONFIRMATION	
1015	GOBP_POSITIVE_REGULATION_OF_INTERLEUKIN_4_PRODUCTION	GO_BP	331	290	1559	714	27	INTERNAL_AND_DESCRIPTIVE_NOT_SPATIAL_CONFIRMATION	
1016	GOBP_POSITIVE_REGULATION_OF_INTERLEUKIN_6_PRODUCTION	GO_BP	331	290	1559	714	27	INTERNAL_AND_DESCRIPTIVE_NOT_SPATIAL_CONFIRMATION	
1017	GOBP_POSITIVE_REGULATION_OF_INTERLEUKIN_8_PRODUCTION	GO_BP	331	290	1559	714	27	INTERNAL_AND_DESCRIPTIVE_NOT_SPATIAL_CONFIRMATION	
1018	GOBP_POSITIVE_REGULATION_OF_INTRINSIC_APOPTOTIC_SIGNALING_PATHWAY	GO_BP	331	290	1559	714	27	INTERNAL_AND_DESCRIPTIVE_NOT_SPATIAL_CONFIRMATION	
1019	GOBP_POSITIVE_REGULATION_OF_ISOTYPE_SWITCHING	GO_BP	331	290	1559	714	27	INTERNAL_AND_DESCRIPTIVE_NOT_SPATIAL_CONFIRMATION	
1020	GOBP_POSITIVE_REGULATION_OF_JNK_CASCADE	GO_BP	331	290	1559	714	27	INTERNAL_AND_DESCRIPTIVE_NOT_SPATIAL_CONFIRMATION	
1021	GOBP_POSITIVE_REGULATION_OF_KERATINOCYTE_DIFFERENTIATION	GO_BP	331	290	1559	714	27	INTERNAL_AND_DESCRIPTIVE_NOT_SPATIAL_CONFIRMATION	
1022	GOBP_POSITIVE_REGULATION_OF_LAMELLIPODIUM_ASSEMBLY	GO_BP	331	290	1559	714	27	INTERNAL_AND_DESCRIPTIVE_NOT_SPATIAL_CONFIRMATION	
1023	GOBP_POSITIVE_REGULATION_OF_LEUKOCYTE_ADHESION_TO_VASCULAR_ENDOTHELIAL_CELL	GO_BP	331	290	1559	714	27	INTERNAL_AND_DESCRIPTIVE_NOT_SPATIAL_CONFIRMATION	
1024	GOBP_POSITIVE_REGULATION_OF_LEUKOCYTE_DEGRANULATION	GO_BP	331	290	1559	714	27	INTERNAL_AND_DESCRIPTIVE_NOT_SPATIAL_CONFIRMATION	
1025	GOBP_POSITIVE_REGULATION_OF_LIPID_CATABOLIC_PROCESS	GO_BP	331	290	1559	714	27	INTERNAL_AND_DESCRIPTIVE_NOT_SPATIAL_CONFIRMATION	
1026	GOBP_POSITIVE_REGULATION_OF_LIPID_STORAGE	GO_BP	331	290	1559	714	27	INTERNAL_AND_DESCRIPTIVE_NOT_SPATIAL_CONFIRMATION	
1027	GOBP_POSITIVE_REGULATION_OF_LONG_TERM_SYNAPTIC_POTENTIATION	GO_BP	331	290	1559	714	27	INTERNAL_AND_DESCRIPTIVE_NOT_SPATIAL_CONFIRMATION	
1028	GOBP_POSITIVE_REGULATION_OF_LYASE_ACTIVITY	GO_BP	66	52	13	0	3	INTERNAL_AND_DESCRIPTIVE_NOT_SPATIAL_CONFIRMATION	
1029	GOBP_POSITIVE_REGULATION_OF_LYMPHOCYTE_APOPTOTIC_PROCESS	GO_BP	331	290	1559	714	27	INTERNAL_AND_DESCRIPTIVE_NOT_SPATIAL_CONFIRMATION	
1030	GOBP_POSITIVE_REGULATION_OF_MACROPHAGE_ACTIVATION	GO_BP	221	200	1493	708	24	INTERNAL_AND_DESCRIPTIVE_NOT_SPATIAL_CONFIRMATION	
1031	GOBP_POSITIVE_REGULATION_OF_MACROPHAGE_CHEMOTAXIS	GO_BP	331	290	1559	714	27	INTERNAL_AND_DESCRIPTIVE_NOT_SPATIAL_CONFIRMATION	
1032	GOBP_POSITIVE_REGULATION_OF_MACROPHAGE_CYTOKINE_PRODUCTION	GO_BP	331	290	1559	714	27	INTERNAL_AND_DESCRIPTIVE_NOT_SPATIAL_CONFIRMATION	
1033	GOBP_POSITIVE_REGULATION_OF_MACROPHAGE_DERIVED_FOAM_CELL_DIFFERENTIATION	GO_BP	331	290	1559	714	27	INTERNAL_AND_DESCRIPTIVE_NOT_SPATIAL_CONFIRMATION	
1034	GOBP_POSITIVE_REGULATION_OF_MAP_KINASE_ACTIVITY	GO_BP	331	290	1559	714	27	INTERNAL_AND_DESCRIPTIVE_NOT_SPATIAL_CONFIRMATION	
1035	GOBP_POSITIVE_REGULATION_OF_MEIOTIC_CELL_CYCLE	GO_BP	331	290	1559	714	27	INTERNAL_AND_DESCRIPTIVE_NOT_SPATIAL_CONFIRMATION	
1036	GOBP_POSITIVE_REGULATION_OF_MESENCHYMAL_CELL_PROLIFERATION	GO_BP	331	290	1559	714	27	INTERNAL_AND_DESCRIPTIVE_NOT_SPATIAL_CONFIRMATION	
1037	GOBP_POSITIVE_REGULATION_OF_MICROTUBULE_POLYMERIZATION_OR_DEPOLYMERIZATION	GO_BP	331	290	1559	714	27	INTERNAL_AND_DESCRIPTIVE_NOT_SPATIAL_CONFIRMATION	
1038	GOBP_POSITIVE_REGULATION_OF_MIRNA_TRANSCRIPTION	GO_BP	331	290	1559	714	27	INTERNAL_AND_DESCRIPTIVE_NOT_SPATIAL_CONFIRMATION	
1039	GOBP_POSITIVE_REGULATION_OF_MITOCHONDRIAL_FISSION	GO_BP	331	290	1559	714	27	INTERNAL_AND_DESCRIPTIVE_NOT_SPATIAL_CONFIRMATION	
1040	GOBP_POSITIVE_REGULATION_OF_MITOCHONDRIAL_MEMBRANE_PERMEABILITY	GO_BP	331	290	1559	714	27	INTERNAL_AND_DESCRIPTIVE_NOT_SPATIAL_CONFIRMATION	
1041	GOBP_POSITIVE_REGULATION_OF_MITOTIC_NUCLEAR_DIVISION	GO_BP	331	290	1559	714	27	INTERNAL_AND_DESCRIPTIVE_NOT_SPATIAL_CONFIRMATION	
1042	GOBP_POSITIVE_REGULATION_OF_MITOTIC_SISTER_CHROMATID_SEPARATION	GO_BP	331	290	1559	714	27	INTERNAL_AND_DESCRIPTIVE_NOT_SPATIAL_CONFIRMATION	
1043	GOBP_POSITIVE_REGULATION_OF_MONOCYTE_CHEMOTAXIS	GO_BP	331	290	1559	714	27	INTERNAL_AND_DESCRIPTIVE_NOT_SPATIAL_CONFIRMATION	
1044	GOBP_POSITIVE_REGULATION_OF_MORPHOGENESIS_OF_AN_EPITHELIUM	GO_BP	331	290	1559	714	27	INTERNAL_AND_DESCRIPTIVE_NOT_SPATIAL_CONFIRMATION	
1045	GOBP_POSITIVE_REGULATION_OF_MRNA_PROCESSING	GO_BP	66	52	13	0	3	INTERNAL_AND_DESCRIPTIVE_NOT_SPATIAL_CONFIRMATION	
1046	GOBP_POSITIVE_REGULATION_OF_MULTICELLULAR_ORGANISM_GROWTH	GO_BP	331	290	1559	714	27	INTERNAL_AND_DESCRIPTIVE_NOT_SPATIAL_CONFIRMATION	
1047	GOBP_POSITIVE_REGULATION_OF_MUSCLE_CELL_APOPTOTIC_PROCESS	GO_BP	0	0	0	0	0	INTERNAL_AND_DESCRIPTIVE_NOT_SPATIAL_CONFIRMATION	
1048	GOBP_POSITIVE_REGULATION_OF_MUSCLE_HYPERTROPHY	GO_BP	0	0	0	0	0	INTERNAL_AND_DESCRIPTIVE_NOT_SPATIAL_CONFIRMATION	
1049	GOBP_POSITIVE_REGULATION_OF_MUSCLE_ORGAN_DEVELOPMENT	GO_BP	331	290	1559	714	27	INTERNAL_AND_DESCRIPTIVE_NOT_SPATIAL_CONFIRMATION	
1050	GOBP_POSITIVE_REGULATION_OF_MYELINATION	GO_BP	331	290	1559	714	27	INTERNAL_AND_DESCRIPTIVE_NOT_SPATIAL_CONFIRMATION	
1051	GOBP_POSITIVE_REGULATION_OF_MYELOID_LEUKOCYTE_MEDIATED_IMMUNITY	GO_BP	331	290	1559	714	27	INTERNAL_AND_DESCRIPTIVE_NOT_SPATIAL_CONFIRMATION	
1052	GOBP_POSITIVE_REGULATION_OF_MYOBLAST_DIFFERENTIATION	GO_BP	331	290	1559	714	27	INTERNAL_AND_DESCRIPTIVE_NOT_SPATIAL_CONFIRMATION	
1053	GOBP_POSITIVE_REGULATION_OF_NATURAL_KILLER_CELL_ACTIVATION	GO_BP	331	290	1559	714	27	INTERNAL_AND_DESCRIPTIVE_NOT_SPATIAL_CONFIRMATION	
1054	GOBP_POSITIVE_REGULATION_OF_NATURAL_KILLER_CELL_MEDIATED_CYTOTOXICITY	GO_BP	331	290	1559	714	27	INTERNAL_AND_DESCRIPTIVE_NOT_SPATIAL_CONFIRMATION	
1055	GOBP_POSITIVE_REGULATION_OF_NEUROBLAST_PROLIFERATION	GO_BP	331	290	1559	714	27	INTERNAL_AND_DESCRIPTIVE_NOT_SPATIAL_CONFIRMATION	
1056	GOBP_POSITIVE_REGULATION_OF_NEURON_APOPTOTIC_PROCESS	GO_BP	331	290	1559	714	27	INTERNAL_AND_DESCRIPTIVE_NOT_SPATIAL_CONFIRMATION	
1057	GOBP_POSITIVE_REGULATION_OF_NEURON_DIFFERENTIATION	GO_BP	331	290	1559	714	27	INTERNAL_AND_DESCRIPTIVE_NOT_SPATIAL_CONFIRMATION	
1058	GOBP_POSITIVE_REGULATION_OF_NEURON_PROJECTION_DEVELOPMENT	GO_BP	331	290	1559	714	27	INTERNAL_AND_DESCRIPTIVE_NOT_SPATIAL_CONFIRMATION	
1059	GOBP_POSITIVE_REGULATION_OF_NEUROTRANSMITTER_SECRETION	GO_BP	331	290	1559	714	27	INTERNAL_AND_DESCRIPTIVE_NOT_SPATIAL_CONFIRMATION	
1060	GOBP_POSITIVE_REGULATION_OF_NEUTROPHIL_MIGRATION	GO_BP	331	290	1559	714	27	INTERNAL_AND_DESCRIPTIVE_NOT_SPATIAL_CONFIRMATION	
1061	GOBP_POSITIVE_REGULATION_OF_NF_KAPPAB_TRANSCRIPTION_FACTOR_ACTIVITY	GO_BP	331	290	1559	714	27	INTERNAL_AND_DESCRIPTIVE_NOT_SPATIAL_CONFIRMATION	
1062	GOBP_POSITIVE_REGULATION_OF_NITRIC_OXIDE_METABOLIC_PROCESS	GO_BP	331	290	1559	714	27	INTERNAL_AND_DESCRIPTIVE_NOT_SPATIAL_CONFIRMATION	
1063	GOBP_POSITIVE_REGULATION_OF_NON_CANONICAL_NF_KAPPAB_SIGNAL_TRANSDUCTION	GO_BP	331	290	1559	714	27	INTERNAL_AND_DESCRIPTIVE_NOT_SPATIAL_CONFIRMATION	
1064	GOBP_POSITIVE_REGULATION_OF_NOTCH_SIGNALING_PATHWAY	GO_BP	331	290	1559	714	27	INTERNAL_AND_DESCRIPTIVE_NOT_SPATIAL_CONFIRMATION	
1065	GOBP_POSITIVE_REGULATION_OF_NUCLEOTIDE_CATABOLIC_PROCESS	GO_BP	331	290	1559	714	27	INTERNAL_AND_DESCRIPTIVE_NOT_SPATIAL_CONFIRMATION	
1066	GOBP_POSITIVE_REGULATION_OF_OLIGODENDROCYTE_DIFFERENTIATION	GO_BP	331	290	1559	714	27	INTERNAL_AND_DESCRIPTIVE_NOT_SPATIAL_CONFIRMATION	
1067	GOBP_POSITIVE_REGULATION_OF_OSTEOBLAST_DIFFERENTIATION	GO_BP	331	290	1559	714	27	INTERNAL_AND_DESCRIPTIVE_NOT_SPATIAL_CONFIRMATION	
1068	GOBP_POSITIVE_REGULATION_OF_OSTEOCLAST_DIFFERENTIATION	GO_BP	331	290	1559	714	27	INTERNAL_AND_DESCRIPTIVE_NOT_SPATIAL_CONFIRMATION	
1069	GOBP_POSITIVE_REGULATION_OF_P38MAPK_CASCADE	GO_BP	331	290	1559	714	27	INTERNAL_AND_DESCRIPTIVE_NOT_SPATIAL_CONFIRMATION	
1070	GOBP_POSITIVE_REGULATION_OF_PEPTIDYL_SERINE_PHOSPHORYLATION	GO_BP	331	290	1559	714	27	INTERNAL_AND_DESCRIPTIVE_NOT_SPATIAL_CONFIRMATION	
1071	GOBP_POSITIVE_REGULATION_OF_PEPTIDYL_TYROSINE_PHOSPHORYLATION	GO_BP	331	290	1559	714	27	INTERNAL_AND_DESCRIPTIVE_NOT_SPATIAL_CONFIRMATION	
1072	GOBP_POSITIVE_REGULATION_OF_PHAGOCYTOSIS	GO_BP	331	290	1559	714	27	INTERNAL_AND_DESCRIPTIVE_NOT_SPATIAL_CONFIRMATION	
1073	GOBP_POSITIVE_REGULATION_OF_PHOSPHATIDYLINOSITOL_3_KINASE_PROTEIN_KINASE_B_SIGNAL_TRANSDUCTION	GO_BP	331	290	1559	714	27	INTERNAL_AND_DESCRIPTIVE_NOT_SPATIAL_CONFIRMATION	
1074	GOBP_POSITIVE_REGULATION_OF_POTASSIUM_ION_TRANSMEMBRANE_TRANSPORT	GO_BP	331	290	1559	714	27	INTERNAL_AND_DESCRIPTIVE_NOT_SPATIAL_CONFIRMATION	
1075	GOBP_POSITIVE_REGULATION_OF_PROTEASOMAL_UBIQUITIN_DEPENDENT_PROTEIN_CATABOLIC_PROCESS	GO_BP	331	290	1559	714	27	INTERNAL_AND_DESCRIPTIVE_NOT_SPATIAL_CONFIRMATION	
1076	GOBP_POSITIVE_REGULATION_OF_PROTEIN_BINDING	GO_BP	331	290	1559	714	27	INTERNAL_AND_DESCRIPTIVE_NOT_SPATIAL_CONFIRMATION	
1077	GOBP_POSITIVE_REGULATION_OF_PROTEIN_DEPOLYMERIZATION	GO_BP	331	290	1559	714	27	INTERNAL_AND_DESCRIPTIVE_NOT_SPATIAL_CONFIRMATION	
1078	GOBP_POSITIVE_REGULATION_OF_PROTEIN_EXPORT_FROM_NUCLEUS	GO_BP	331	290	1559	714	27	INTERNAL_AND_DESCRIPTIVE_NOT_SPATIAL_CONFIRMATION	
1079	GOBP_POSITIVE_REGULATION_OF_PROTEIN_IMPORT_INTO_NUCLEUS	GO_BP	331	290	1559	714	27	INTERNAL_AND_DESCRIPTIVE_NOT_SPATIAL_CONFIRMATION	
1080	GOBP_POSITIVE_REGULATION_OF_PROTEIN_LOCALIZATION_TO_CELL_SURFACE	GO_BP	331	290	1559	714	27	INTERNAL_AND_DESCRIPTIVE_NOT_SPATIAL_CONFIRMATION	
1081	GOBP_POSITIVE_REGULATION_OF_PROTEIN_LOCALIZATION_TO_PLASMA_MEMBRANE	GO_BP	331	290	1559	714	27	INTERNAL_AND_DESCRIPTIVE_NOT_SPATIAL_CONFIRMATION	
1082	GOBP_POSITIVE_REGULATION_OF_PROTEIN_MATURATION	GO_BP	331	290	1559	714	27	INTERNAL_AND_DESCRIPTIVE_NOT_SPATIAL_CONFIRMATION	
1083	GOBP_POSITIVE_REGULATION_OF_PROTEIN_TARGETING_TO_MEMBRANE	GO_BP	331	290	1559	714	27	INTERNAL_AND_DESCRIPTIVE_NOT_SPATIAL_CONFIRMATION	
1084	GOBP_POSITIVE_REGULATION_OF_PROTEIN_UBIQUITINATION	GO_BP	331	290	1559	714	27	INTERNAL_AND_DESCRIPTIVE_NOT_SPATIAL_CONFIRMATION	
1085	GOBP_POSITIVE_REGULATION_OF_PROTEOLYSIS	GO_BP	331	290	1559	714	27	INTERNAL_AND_DESCRIPTIVE_NOT_SPATIAL_CONFIRMATION	
1086	GOBP_POSITIVE_REGULATION_OF_PROTEOLYSIS_INVOLVED_IN_PROTEIN_CATABOLIC_PROCESS	GO_BP	331	290	1559	714	27	INTERNAL_AND_DESCRIPTIVE_NOT_SPATIAL_CONFIRMATION	
1087	GOBP_POSITIVE_REGULATION_OF_REACTIVE_OXYGEN_SPECIES_BIOSYNTHETIC_PROCESS	GO_BP	331	290	1559	714	27	INTERNAL_AND_DESCRIPTIVE_NOT_SPATIAL_CONFIRMATION	
1088	GOBP_POSITIVE_REGULATION_OF_RECEPTOR_INTERNALIZATION	GO_BP	331	290	1559	714	27	INTERNAL_AND_DESCRIPTIVE_NOT_SPATIAL_CONFIRMATION	
1089	GOBP_POSITIVE_REGULATION_OF_RECEPTOR_SIGNALING_PATHWAY_VIA_STAT	GO_BP	331	290	1559	714	27	INTERNAL_AND_DESCRIPTIVE_NOT_SPATIAL_CONFIRMATION	
1090	GOBP_POSITIVE_REGULATION_OF_REGULATORY_T_CELL_DIFFERENTIATION	GO_BP	331	290	1559	714	27	INTERNAL_AND_DESCRIPTIVE_NOT_SPATIAL_CONFIRMATION	
1091	GOBP_POSITIVE_REGULATION_OF_RELEASE_OF_CYTOCHROME_C_FROM_MITOCHONDRIA	GO_BP	331	290	1559	714	27	INTERNAL_AND_DESCRIPTIVE_NOT_SPATIAL_CONFIRMATION	
1092	GOBP_POSITIVE_REGULATION_OF_RELEASE_OF_SEQUESTERED_CALCIUM_ION_INTO_CYTOSOL	GO_BP	331	290	1559	714	27	INTERNAL_AND_DESCRIPTIVE_NOT_SPATIAL_CONFIRMATION	
1093	GOBP_POSITIVE_REGULATION_OF_RESPONSE_TO_ENDOPLASMIC_RETICULUM_STRESS	GO_BP	331	290	1559	714	27	INTERNAL_AND_DESCRIPTIVE_NOT_SPATIAL_CONFIRMATION	
1094	GOBP_POSITIVE_REGULATION_OF_RESPONSE_TO_WOUNDING	GO_BP	331	290	1559	714	27	INTERNAL_AND_DESCRIPTIVE_NOT_SPATIAL_CONFIRMATION	
1095	GOBP_POSITIVE_REGULATION_OF_RHO_PROTEIN_SIGNAL_TRANSDUCTION	GO_BP	331	290	1559	714	27	INTERNAL_AND_DESCRIPTIVE_NOT_SPATIAL_CONFIRMATION	
1096	GOBP_POSITIVE_REGULATION_OF_RNA_SPLICING	GO_BP	66	52	13	0	3	INTERNAL_AND_DESCRIPTIVE_NOT_SPATIAL_CONFIRMATION	
1097	GOBP_POSITIVE_REGULATION_OF_SIGNAL_TRANSDUCTION_BY_P53_CLASS_MEDIATOR	GO_BP	66	52	13	0	3	INTERNAL_AND_DESCRIPTIVE_NOT_SPATIAL_CONFIRMATION	
1098	GOBP_POSITIVE_REGULATION_OF_SMAD_PROTEIN_SIGNAL_TRANSDUCTION	GO_BP	331	290	1559	714	27	INTERNAL_AND_DESCRIPTIVE_NOT_SPATIAL_CONFIRMATION	
1099	GOBP_POSITIVE_REGULATION_OF_SMOOTHENED_SIGNALING_PATHWAY	GO_BP	331	290	1559	714	27	INTERNAL_AND_DESCRIPTIVE_NOT_SPATIAL_CONFIRMATION	
1100	GOBP_POSITIVE_REGULATION_OF_SMOOTH_MUSCLE_CELL_DIFFERENTIATION	GO_BP	0	0	0	0	0	INTERNAL_AND_DESCRIPTIVE_NOT_SPATIAL_CONFIRMATION	
1101	GOBP_POSITIVE_REGULATION_OF_SMOOTH_MUSCLE_CONTRACTION	GO_BP	331	290	1559	714	27	INTERNAL_AND_DESCRIPTIVE_NOT_SPATIAL_CONFIRMATION	
1102	GOBP_POSITIVE_REGULATION_OF_SODIUM_ION_TRANSMEMBRANE_TRANSPORT	GO_BP	331	290	1559	714	27	INTERNAL_AND_DESCRIPTIVE_NOT_SPATIAL_CONFIRMATION	
1103	GOBP_POSITIVE_REGULATION_OF_SPROUTING_ANGIOGENESIS	GO_BP	0	0	0	0	0	INTERNAL_AND_DESCRIPTIVE_NOT_SPATIAL_CONFIRMATION	
1104	GOBP_POSITIVE_REGULATION_OF_STEM_CELL_DIFFERENTIATION	GO_BP	331	290	1559	714	27	INTERNAL_AND_DESCRIPTIVE_NOT_SPATIAL_CONFIRMATION	
1105	GOBP_POSITIVE_REGULATION_OF_STEM_CELL_POPULATION_MAINTENANCE	GO_BP	331	290	1559	714	27	INTERNAL_AND_DESCRIPTIVE_NOT_SPATIAL_CONFIRMATION	
1106	GOBP_POSITIVE_REGULATION_OF_STEM_CELL_PROLIFERATION	GO_BP	331	290	1559	714	27	INTERNAL_AND_DESCRIPTIVE_NOT_SPATIAL_CONFIRMATION	
1107	GOBP_POSITIVE_REGULATION_OF_STEROID_BIOSYNTHETIC_PROCESS	GO_BP	331	290	1559	714	27	INTERNAL_AND_DESCRIPTIVE_NOT_SPATIAL_CONFIRMATION	
1108	GOBP_POSITIVE_REGULATION_OF_STRESS_ACTIVATED_PROTEIN_KINASE_SIGNALING_CASCADE	GO_BP	331	290	1559	714	27	INTERNAL_AND_DESCRIPTIVE_NOT_SPATIAL_CONFIRMATION	
1109	GOBP_POSITIVE_REGULATION_OF_STRESS_FIBER_ASSEMBLY	GO_BP	331	290	1559	714	27	INTERNAL_AND_DESCRIPTIVE_NOT_SPATIAL_CONFIRMATION	
1110	GOBP_POSITIVE_REGULATION_OF_STRIATED_MUSCLE_CELL_DIFFERENTIATION	GO_BP	331	290	1559	714	27	INTERNAL_AND_DESCRIPTIVE_NOT_SPATIAL_CONFIRMATION	
1111	GOBP_POSITIVE_REGULATION_OF_SUBSTRATE_ADHESION_DEPENDENT_CELL_SPREADING	GO_BP	331	290	1559	714	27	INTERNAL_AND_DESCRIPTIVE_NOT_SPATIAL_CONFIRMATION	
1112	GOBP_POSITIVE_REGULATION_OF_SYNAPSE_ASSEMBLY	GO_BP	331	290	1559	714	27	INTERNAL_AND_DESCRIPTIVE_NOT_SPATIAL_CONFIRMATION	
1113	GOBP_POSITIVE_REGULATION_OF_SYNAPTIC_TRANSMISSION_GLUTAMATERGIC	GO_BP	331	290	1559	714	27	INTERNAL_AND_DESCRIPTIVE_NOT_SPATIAL_CONFIRMATION	
1114	GOBP_POSITIVE_REGULATION_OF_SYNCYTIUM_FORMATION_BY_PLASMA_MEMBRANE_FUSION	GO_BP	331	290	1559	714	27	INTERNAL_AND_DESCRIPTIVE_NOT_SPATIAL_CONFIRMATION	
1115	GOBP_POSITIVE_REGULATION_OF_TELOMERE_MAINTENANCE_VIA_TELOMERE_LENGTHENING	GO_BP	331	290	1559	714	27	INTERNAL_AND_DESCRIPTIVE_NOT_SPATIAL_CONFIRMATION	
1116	GOBP_POSITIVE_REGULATION_OF_TISSUE_REMODELING	GO_BP	0	0	0	0	0	INTERNAL_AND_DESCRIPTIVE_NOT_SPATIAL_CONFIRMATION	
1117	GOBP_POSITIVE_REGULATION_OF_TORC1_SIGNALING	GO_BP	331	290	1559	714	27	INTERNAL_AND_DESCRIPTIVE_NOT_SPATIAL_CONFIRMATION	
1118	GOBP_POSITIVE_REGULATION_OF_TRANSCRIPTION_BY_RNA_POLYMERASE_I	GO_BP	331	290	1559	714	27	INTERNAL_AND_DESCRIPTIVE_NOT_SPATIAL_CONFIRMATION	
1119	GOBP_POSITIVE_REGULATION_OF_TRANSCRIPTION_BY_RNA_POLYMERASE_II	GO_BP	331	290	1559	714	27	INTERNAL_AND_DESCRIPTIVE_NOT_SPATIAL_CONFIRMATION	
1120	GOBP_POSITIVE_REGULATION_OF_TRANSFERASE_ACTIVITY	GO_BP	331	290	1559	714	27	INTERNAL_AND_DESCRIPTIVE_NOT_SPATIAL_CONFIRMATION	
1121	GOBP_POSITIVE_REGULATION_OF_TRANSFORMING_GROWTH_FACTOR_BETA_PRODUCTION	GO_BP	331	290	1559	714	27	INTERNAL_AND_DESCRIPTIVE_NOT_SPATIAL_CONFIRMATION	
1122	GOBP_POSITIVE_REGULATION_OF_TRANSLATIONAL_INITIATION	GO_BP	331	290	1559	714	27	INTERNAL_AND_DESCRIPTIVE_NOT_SPATIAL_CONFIRMATION	
1123	GOBP_POSITIVE_REGULATION_OF_TRIGLYCERIDE_METABOLIC_PROCESS	GO_BP	331	290	1559	714	27	INTERNAL_AND_DESCRIPTIVE_NOT_SPATIAL_CONFIRMATION	
1124	GOBP_POSITIVE_REGULATION_OF_TUMOR_NECROSIS_FACTOR_SUPERFAMILY_CYTOKINE_PRODUCTION	GO_BP	331	290	1559	714	27	INTERNAL_AND_DESCRIPTIVE_NOT_SPATIAL_CONFIRMATION	
1125	GOBP_POSITIVE_REGULATION_OF_TYPE_II_INTERFERON_PRODUCTION	GO_BP	331	290	1559	714	27	INTERNAL_AND_DESCRIPTIVE_NOT_SPATIAL_CONFIRMATION	
1126	GOBP_POSITIVE_REGULATION_OF_TYPE_I_INTERFERON_MEDIATED_SIGNALING_PATHWAY	GO_BP	331	290	1559	714	27	INTERNAL_AND_DESCRIPTIVE_NOT_SPATIAL_CONFIRMATION	
1127	GOBP_POSITIVE_REGULATION_OF_T_CELL_CYTOKINE_PRODUCTION	GO_BP	331	290	1559	714	27	INTERNAL_AND_DESCRIPTIVE_NOT_SPATIAL_CONFIRMATION	
1128	GOBP_POSITIVE_REGULATION_OF_T_CELL_MEDIATED_CYTOTOXICITY	GO_BP	331	290	1559	714	27	INTERNAL_AND_DESCRIPTIVE_NOT_SPATIAL_CONFIRMATION	
1129	GOBP_POSITIVE_REGULATION_OF_T_CELL_MIGRATION	GO_BP	331	290	1559	714	27	INTERNAL_AND_DESCRIPTIVE_NOT_SPATIAL_CONFIRMATION	
1130	GOBP_POSITIVE_REGULATION_OF_T_HELPER_17_TYPE_IMMUNE_RESPONSE	GO_BP	331	290	1559	714	27	INTERNAL_AND_DESCRIPTIVE_NOT_SPATIAL_CONFIRMATION	
1131	GOBP_POSITIVE_REGULATION_OF_T_HELPER_CELL_DIFFERENTIATION	GO_BP	331	290	1559	714	27	INTERNAL_AND_DESCRIPTIVE_NOT_SPATIAL_CONFIRMATION	
1132	GOBP_POSITIVE_REGULATION_OF_VASCULAR_ASSOCIATED_SMOOTH_MUSCLE_CELL_MIGRATION	GO_BP	0	0	0	0	0	INTERNAL_AND_DESCRIPTIVE_NOT_SPATIAL_CONFIRMATION	
1133	GOBP_POSITIVE_REGULATION_OF_VASCULAR_ASSOCIATED_SMOOTH_MUSCLE_CELL_PROLIFERATION	GO_BP	0	0	0	0	0	INTERNAL_AND_DESCRIPTIVE_NOT_SPATIAL_CONFIRMATION	
1134	GOBP_POSITIVE_REGULATION_OF_VASCULAR_ENDOTHELIAL_CELL_PROLIFERATION	GO_BP	0	0	0	0	0	INTERNAL_AND_DESCRIPTIVE_NOT_SPATIAL_CONFIRMATION	
1135	GOBP_POSITIVE_REGULATION_OF_VASCULAR_ENDOTHELIAL_GROWTH_FACTOR_PRODUCTION	GO_BP	331	290	1559	714	27	INTERNAL_AND_DESCRIPTIVE_NOT_SPATIAL_CONFIRMATION	
1136	GOBP_POSITIVE_REGULATION_OF_VASOCONSTRICTION	GO_BP	331	290	1559	714	27	INTERNAL_AND_DESCRIPTIVE_NOT_SPATIAL_CONFIRMATION	
1137	GOBP_POSITIVE_REGULATION_OF_VESICLE_FUSION	GO_BP	331	290	1559	714	27	INTERNAL_AND_DESCRIPTIVE_NOT_SPATIAL_CONFIRMATION	
1138	GOBP_POSITIVE_REGULATION_OF_VIRAL_GENOME_REPLICATION	GO_BP	331	290	1559	714	27	INTERNAL_AND_DESCRIPTIVE_NOT_SPATIAL_CONFIRMATION	
1139	GOBP_POSITIVE_REGULATION_OF_VIRAL_LIFE_CYCLE	GO_BP	331	290	1559	714	27	INTERNAL_AND_DESCRIPTIVE_NOT_SPATIAL_CONFIRMATION	
1140	GOBP_POSTREPLICATION_REPAIR	GO_BP	331	290	1559	714	27	INTERNAL_AND_DESCRIPTIVE_NOT_SPATIAL_CONFIRMATION	
1141	GOBP_POSTSYNAPTIC_ACTIN_CYTOSKELETON_ORGANIZATION	GO_BP	66	52	13	0	3	INTERNAL_AND_DESCRIPTIVE_NOT_SPATIAL_CONFIRMATION	
1142	GOBP_POSTSYNAPTIC_DENSITY_ASSEMBLY	GO_BP	331	290	1559	714	27	INTERNAL_AND_DESCRIPTIVE_NOT_SPATIAL_CONFIRMATION	
1143	GOBP_POSTSYNAPTIC_MEMBRANE_ORGANIZATION	GO_BP	331	290	1559	714	27	INTERNAL_AND_DESCRIPTIVE_NOT_SPATIAL_CONFIRMATION	
1144	GOBP_POSTSYNAPTIC_MODULATION_OF_CHEMICAL_SYNAPTIC_TRANSMISSION	GO_BP	331	290	1559	714	27	INTERNAL_AND_DESCRIPTIVE_NOT_SPATIAL_CONFIRMATION	
1145	GOBP_POST_ANAL_TAIL_MORPHOGENESIS	GO_BP	331	290	1559	714	27	INTERNAL_AND_DESCRIPTIVE_NOT_SPATIAL_CONFIRMATION	
1146	GOBP_POST_EMBRYONIC_DEVELOPMENT	GO_BP	331	290	1559	714	27	INTERNAL_AND_DESCRIPTIVE_NOT_SPATIAL_CONFIRMATION	
1147	GOBP_POTASSIUM_ION_EXPORT_ACROSS_PLASMA_MEMBRANE	GO_BP	331	290	1559	714	27	INTERNAL_AND_DESCRIPTIVE_NOT_SPATIAL_CONFIRMATION	
1148	GOBP_POTASSIUM_ION_HOMEOSTASIS	GO_BP	331	290	1559	714	27	INTERNAL_AND_DESCRIPTIVE_NOT_SPATIAL_CONFIRMATION	
1149	GOBP_POTASSIUM_ION_IMPORT_ACROSS_PLASMA_MEMBRANE	GO_BP	331	290	1559	714	27	INTERNAL_AND_DESCRIPTIVE_NOT_SPATIAL_CONFIRMATION	
1150	GOBP_PRESYNAPSE_ASSEMBLY	GO_BP	331	290	1559	714	27	INTERNAL_AND_DESCRIPTIVE_NOT_SPATIAL_CONFIRMATION	
1151	GOBP_PRESYNAPTIC_ENDOCYTOSIS	GO_BP	331	290	1559	714	27	INTERNAL_AND_DESCRIPTIVE_NOT_SPATIAL_CONFIRMATION	
1152	GOBP_PRESYNAPTIC_MODULATION_OF_CHEMICAL_SYNAPTIC_TRANSMISSION	GO_BP	331	290	1559	714	27	INTERNAL_AND_DESCRIPTIVE_NOT_SPATIAL_CONFIRMATION	
1153	GOBP_PROGRAMMED_CELL_DEATH_INVOLVED_IN_CELL_DEVELOPMENT	GO_BP	331	290	1559	714	27	INTERNAL_AND_DESCRIPTIVE_NOT_SPATIAL_CONFIRMATION	
1154	GOBP_PROGRAMMED_CELL_DEATH_IN_RESPONSE_TO_REACTIVE_OXYGEN_SPECIES	GO_BP	0	0	0	0	0	INTERNAL_AND_DESCRIPTIVE_NOT_SPATIAL_CONFIRMATION	
1155	GOBP_PROSTAGLANDIN_TRANSPORT	GO_BP	331	290	1559	714	27	INTERNAL_AND_DESCRIPTIVE_NOT_SPATIAL_CONFIRMATION	
1156	GOBP_PROSTANOID_BIOSYNTHETIC_PROCESS	GO_BP	331	290	1559	714	27	INTERNAL_AND_DESCRIPTIVE_NOT_SPATIAL_CONFIRMATION	
1157	GOBP_PROSTATE_GLAND_MORPHOGENESIS	GO_BP	331	290	1559	714	27	INTERNAL_AND_DESCRIPTIVE_NOT_SPATIAL_CONFIRMATION	
1158	GOBP_PROTEINOGENIC_AMINO_ACID_BIOSYNTHETIC_PROCESS	GO_BP	331	290	1559	714	27	INTERNAL_AND_DESCRIPTIVE_NOT_SPATIAL_CONFIRMATION	
1159	GOBP_PROTEIN_ACETYLATION	GO_BP	331	290	1559	714	27	INTERNAL_AND_DESCRIPTIVE_NOT_SPATIAL_CONFIRMATION	
1160	GOBP_PROTEIN_ACTIVATION_CASCADE	GO_BP	331	290	1559	714	27	INTERNAL_AND_DESCRIPTIVE_NOT_SPATIAL_CONFIRMATION	
1161	GOBP_PROTEIN_AUTOPHOSPHORYLATION	GO_BP	331	290	1559	714	27	INTERNAL_AND_DESCRIPTIVE_NOT_SPATIAL_CONFIRMATION	
1162	GOBP_PROTEIN_AUTOPROCESSING	GO_BP	331	290	1559	714	27	INTERNAL_AND_DESCRIPTIVE_NOT_SPATIAL_CONFIRMATION	
1163	GOBP_PROTEIN_AUTOUBIQUITINATION	GO_BP	331	290	1559	714	27	INTERNAL_AND_DESCRIPTIVE_NOT_SPATIAL_CONFIRMATION	
1164	GOBP_PROTEIN_CATABOLIC_PROCESS_IN_THE_VACUOLE	GO_BP	331	290	1559	714	27	INTERNAL_AND_DESCRIPTIVE_NOT_SPATIAL_CONFIRMATION	
1165	GOBP_PROTEIN_DEACETYLATION	GO_BP	331	290	1559	714	27	INTERNAL_AND_DESCRIPTIVE_NOT_SPATIAL_CONFIRMATION	
1166	GOBP_PROTEIN_DEGLYCOSYLATION	GO_BP	331	290	1559	714	27	INTERNAL_AND_DESCRIPTIVE_NOT_SPATIAL_CONFIRMATION	
1167	GOBP_PROTEIN_DESTABILIZATION	GO_BP	331	290	1559	714	27	INTERNAL_AND_DESCRIPTIVE_NOT_SPATIAL_CONFIRMATION	
1168	GOBP_PROTEIN_DNA_COMPLEX_DISASSEMBLY	GO_BP	331	290	1559	714	27	INTERNAL_AND_DESCRIPTIVE_NOT_SPATIAL_CONFIRMATION	
1169	GOBP_PROTEIN_EXIT_FROM_ENDOPLASMIC_RETICULUM	GO_BP	331	290	1559	714	27	INTERNAL_AND_DESCRIPTIVE_NOT_SPATIAL_CONFIRMATION	
1170	GOBP_PROTEIN_EXPORT_FROM_NUCLEUS	GO_BP	331	290	1559	714	27	INTERNAL_AND_DESCRIPTIVE_NOT_SPATIAL_CONFIRMATION	
1171	GOBP_PROTEIN_HETEROOLIGOMERIZATION	GO_BP	331	290	1559	714	27	INTERNAL_AND_DESCRIPTIVE_NOT_SPATIAL_CONFIRMATION	
1172	GOBP_PROTEIN_HOMOTETRAMERIZATION	GO_BP	331	290	1559	714	27	INTERNAL_AND_DESCRIPTIVE_NOT_SPATIAL_CONFIRMATION	
1173	GOBP_PROTEIN_IMPORT_INTO_MITOCHONDRIAL_MATRIX	GO_BP	331	290	1559	714	27	INTERNAL_AND_DESCRIPTIVE_NOT_SPATIAL_CONFIRMATION	
1174	GOBP_PROTEIN_INSERTION_INTO_ER_MEMBRANE	GO_BP	331	290	1559	714	27	INTERNAL_AND_DESCRIPTIVE_NOT_SPATIAL_CONFIRMATION	
1175	GOBP_PROTEIN_K11_LINKED_UBIQUITINATION	GO_BP	331	290	1559	714	27	INTERNAL_AND_DESCRIPTIVE_NOT_SPATIAL_CONFIRMATION	
1176	GOBP_PROTEIN_K48_LINKED_DEUBIQUITINATION	GO_BP	331	290	1559	714	27	INTERNAL_AND_DESCRIPTIVE_NOT_SPATIAL_CONFIRMATION	
1177	GOBP_PROTEIN_K48_LINKED_UBIQUITINATION	GO_BP	331	290	1559	714	27	INTERNAL_AND_DESCRIPTIVE_NOT_SPATIAL_CONFIRMATION	
1178	GOBP_PROTEIN_K63_LINKED_DEUBIQUITINATION	GO_BP	331	290	1559	714	27	INTERNAL_AND_DESCRIPTIVE_NOT_SPATIAL_CONFIRMATION	
1179	GOBP_PROTEIN_K63_LINKED_UBIQUITINATION	GO_BP	331	290	1559	714	27	INTERNAL_AND_DESCRIPTIVE_NOT_SPATIAL_CONFIRMATION	
1180	GOBP_PROTEIN_KINASE_A_SIGNALING	GO_BP	331	290	1559	714	27	INTERNAL_AND_DESCRIPTIVE_NOT_SPATIAL_CONFIRMATION	
1181	GOBP_PROTEIN_LIPID_COMPLEX_ASSEMBLY	GO_BP	331	290	1559	714	27	INTERNAL_AND_DESCRIPTIVE_NOT_SPATIAL_CONFIRMATION	
1182	GOBP_PROTEIN_LOCALIZATION_TO_CELL_CELL_JUNCTION	GO_BP	331	290	1559	714	27	INTERNAL_AND_DESCRIPTIVE_NOT_SPATIAL_CONFIRMATION	
1183	GOBP_PROTEIN_LOCALIZATION_TO_CELL_SURFACE	GO_BP	331	290	1559	714	27	INTERNAL_AND_DESCRIPTIVE_NOT_SPATIAL_CONFIRMATION	
1184	GOBP_PROTEIN_LOCALIZATION_TO_CHROMATIN	GO_BP	155	148	1480	708	9	INTERNAL_AND_DESCRIPTIVE_NOT_SPATIAL_CONFIRMATION	
1185	GOBP_PROTEIN_LOCALIZATION_TO_CHROMOSOME_CENTROMERIC_REGION	GO_BP	155	148	1480	708	9	INTERNAL_AND_DESCRIPTIVE_NOT_SPATIAL_CONFIRMATION	
1186	GOBP_PROTEIN_LOCALIZATION_TO_CHROMOSOME_TELOMERIC_REGION	GO_BP	331	290	1559	714	27	INTERNAL_AND_DESCRIPTIVE_NOT_SPATIAL_CONFIRMATION	
1187	GOBP_PROTEIN_LOCALIZATION_TO_CILIUM	GO_BP	331	290	1559	714	27	INTERNAL_AND_DESCRIPTIVE_NOT_SPATIAL_CONFIRMATION	
1188	GOBP_PROTEIN_LOCALIZATION_TO_ENDOPLASMIC_RETICULUM	GO_BP	331	290	1559	714	27	INTERNAL_AND_DESCRIPTIVE_NOT_SPATIAL_CONFIRMATION	
1189	GOBP_PROTEIN_LOCALIZATION_TO_ENDOSOME	GO_BP	331	290	1559	714	27	INTERNAL_AND_DESCRIPTIVE_NOT_SPATIAL_CONFIRMATION	
1190	GOBP_PROTEIN_LOCALIZATION_TO_GOLGI_APPARATUS	GO_BP	331	290	1559	714	27	INTERNAL_AND_DESCRIPTIVE_NOT_SPATIAL_CONFIRMATION	
1191	GOBP_PROTEIN_LOCALIZATION_TO_MICROTUBULE_ORGANIZING_CENTER	GO_BP	331	290	1559	714	27	INTERNAL_AND_DESCRIPTIVE_NOT_SPATIAL_CONFIRMATION	
1192	GOBP_PROTEIN_LOCALIZATION_TO_NUCLEOLUS	GO_BP	331	290	1559	714	27	INTERNAL_AND_DESCRIPTIVE_NOT_SPATIAL_CONFIRMATION	
1193	GOBP_PROTEIN_METHYLATION	GO_BP	331	290	1559	714	27	INTERNAL_AND_DESCRIPTIVE_NOT_SPATIAL_CONFIRMATION	
1194	GOBP_PROTEIN_MONOUBIQUITINATION	GO_BP	331	290	1559	714	27	INTERNAL_AND_DESCRIPTIVE_NOT_SPATIAL_CONFIRMATION	
1195	GOBP_PROTEIN_N_LINKED_GLYCOSYLATION_VIA_ASPARAGINE	GO_BP	331	290	1559	714	27	INTERNAL_AND_DESCRIPTIVE_NOT_SPATIAL_CONFIRMATION	
1196	GOBP_PROTEIN_PALMITOYLATION	GO_BP	331	290	1559	714	27	INTERNAL_AND_DESCRIPTIVE_NOT_SPATIAL_CONFIRMATION	
1197	GOBP_PROTEIN_QUALITY_CONTROL_FOR_MISFOLDED_OR_INCOMPLETELY_SYNTHESIZED_PROTEINS	GO_BP	331	290	1559	714	27	INTERNAL_AND_DESCRIPTIVE_NOT_SPATIAL_CONFIRMATION	
1198	GOBP_PROTEIN_REFOLDING	GO_BP	331	290	1559	714	27	INTERNAL_AND_DESCRIPTIVE_NOT_SPATIAL_CONFIRMATION	
1199	GOBP_PROTEIN_STABILIZATION	GO_BP	331	290	1559	714	27	INTERNAL_AND_DESCRIPTIVE_NOT_SPATIAL_CONFIRMATION	
1200	GOBP_PROTEIN_SUMOYLATION	GO_BP	331	290	1559	714	27	INTERNAL_AND_DESCRIPTIVE_NOT_SPATIAL_CONFIRMATION	
1201	GOBP_PROTEIN_TARGETING_TO_LYSOSOME	GO_BP	331	290	1559	714	27	INTERNAL_AND_DESCRIPTIVE_NOT_SPATIAL_CONFIRMATION	
1202	GOBP_PROTEIN_TARGETING_TO_MITOCHONDRION	GO_BP	331	290	1559	714	27	INTERNAL_AND_DESCRIPTIVE_NOT_SPATIAL_CONFIRMATION	
1203	GOBP_PROTEOLYSIS_INVOLVED_IN_PROTEIN_CATABOLIC_PROCESS	GO_BP	331	290	1559	714	27	INTERNAL_AND_DESCRIPTIVE_NOT_SPATIAL_CONFIRMATION	
1204	GOBP_PROTON_MOTIVE_FORCE_DRIVEN_ATP_SYNTHESIS	GO_BP	66	52	13	0	3	INTERNAL_AND_DESCRIPTIVE_NOT_SPATIAL_CONFIRMATION	
1205	GOBP_PROTON_TRANSMEMBRANE_TRANSPORT	GO_BP	331	290	1559	714	27	INTERNAL_AND_DESCRIPTIVE_NOT_SPATIAL_CONFIRMATION	
1206	GOBP_PROXIMAL_DISTAL_PATTERN_FORMATION	GO_BP	331	290	1559	714	27	INTERNAL_AND_DESCRIPTIVE_NOT_SPATIAL_CONFIRMATION	
1207	GOBP_PULMONARY_VALVE_MORPHOGENESIS	GO_BP	331	290	1559	714	27	INTERNAL_AND_DESCRIPTIVE_NOT_SPATIAL_CONFIRMATION	
1208	GOBP_PURINERGIC_NUCLEOTIDE_RECEPTOR_SIGNALING_PATHWAY	GO_BP	331	290	1559	714	27	INTERNAL_AND_DESCRIPTIVE_NOT_SPATIAL_CONFIRMATION	
1209	GOBP_PURINE_CONTAINING_COMPOUND_TRANSMEMBRANE_TRANSPORT	GO_BP	331	290	1559	714	27	INTERNAL_AND_DESCRIPTIVE_NOT_SPATIAL_CONFIRMATION	
1210	GOBP_PURINE_NUCLEOBASE_METABOLIC_PROCESS	GO_BP	331	290	1559	714	27	INTERNAL_AND_DESCRIPTIVE_NOT_SPATIAL_CONFIRMATION	
1211	GOBP_PURINE_NUCLEOSIDE_MONOPHOSPHATE_BIOSYNTHETIC_PROCESS	GO_BP	331	290	1559	714	27	INTERNAL_AND_DESCRIPTIVE_NOT_SPATIAL_CONFIRMATION	
1212	GOBP_PURINE_RIBONUCLEOSIDE_METABOLIC_PROCESS	GO_BP	331	290	1559	714	27	INTERNAL_AND_DESCRIPTIVE_NOT_SPATIAL_CONFIRMATION	
1213	GOBP_PYRIDINE_CONTAINING_COMPOUND_BIOSYNTHETIC_PROCESS	GO_BP	331	290	1559	714	27	INTERNAL_AND_DESCRIPTIVE_NOT_SPATIAL_CONFIRMATION	
1214	GOBP_PYRIMIDINE_DEOXYRIBONUCLEOTIDE_METABOLIC_PROCESS	GO_BP	331	290	1559	714	27	INTERNAL_AND_DESCRIPTIVE_NOT_SPATIAL_CONFIRMATION	
1215	GOBP_PYRIMIDINE_NUCLEOBASE_METABOLIC_PROCESS	GO_BP	331	290	1559	714	27	INTERNAL_AND_DESCRIPTIVE_NOT_SPATIAL_CONFIRMATION	
1216	GOBP_PYRIMIDINE_NUCLEOSIDE_MONOPHOSPHATE_METABOLIC_PROCESS	GO_BP	331	290	1559	714	27	INTERNAL_AND_DESCRIPTIVE_NOT_SPATIAL_CONFIRMATION	
1217	GOBP_PYRIMIDINE_NUCLEOSIDE_TRIPHOSPHATE_METABOLIC_PROCESS	GO_BP	331	290	1559	714	27	INTERNAL_AND_DESCRIPTIVE_NOT_SPATIAL_CONFIRMATION	
1218	GOBP_PYRIMIDINE_NUCLEOTIDE_CATABOLIC_PROCESS	GO_BP	331	290	1559	714	27	INTERNAL_AND_DESCRIPTIVE_NOT_SPATIAL_CONFIRMATION	
1219	GOBP_PYRIMIDINE_RIBONUCLEOTIDE_BIOSYNTHETIC_PROCESS	GO_BP	331	290	1559	714	27	INTERNAL_AND_DESCRIPTIVE_NOT_SPATIAL_CONFIRMATION	
1220	GOBP_PYROPTOTIC_INFLAMMATORY_RESPONSE	GO_BP	331	290	1559	714	27	INTERNAL_AND_DESCRIPTIVE_NOT_SPATIAL_CONFIRMATION	
1221	GOBP_P_BODY_ASSEMBLY	GO_BP	331	290	1559	714	27	INTERNAL_AND_DESCRIPTIVE_NOT_SPATIAL_CONFIRMATION	
1222	GOBP_RAB_PROTEIN_SIGNAL_TRANSDUCTION	GO_BP	331	290	1559	714	27	INTERNAL_AND_DESCRIPTIVE_NOT_SPATIAL_CONFIRMATION	
1223	GOBP_RAC_PROTEIN_SIGNAL_TRANSDUCTION	GO_BP	331	290	1559	714	27	INTERNAL_AND_DESCRIPTIVE_NOT_SPATIAL_CONFIRMATION	
1224	GOBP_RAS_PROTEIN_SIGNAL_TRANSDUCTION	GO_BP	331	290	1559	714	27	INTERNAL_AND_DESCRIPTIVE_NOT_SPATIAL_CONFIRMATION	
1225	GOBP_REACTIVE_OXYGEN_SPECIES_BIOSYNTHETIC_PROCESS	GO_BP	331	290	1559	714	27	INTERNAL_AND_DESCRIPTIVE_NOT_SPATIAL_CONFIRMATION	
1226	GOBP_RECEPTOR_CATABOLIC_PROCESS	GO_BP	331	290	1559	714	27	INTERNAL_AND_DESCRIPTIVE_NOT_SPATIAL_CONFIRMATION	
1227	GOBP_RECEPTOR_CLUSTERING	GO_BP	331	290	1559	714	27	INTERNAL_AND_DESCRIPTIVE_NOT_SPATIAL_CONFIRMATION	
1228	GOBP_RECEPTOR_INTERNALIZATION	GO_BP	331	290	1559	714	27	INTERNAL_AND_DESCRIPTIVE_NOT_SPATIAL_CONFIRMATION	
1229	GOBP_RECEPTOR_RECYCLING	GO_BP	331	290	1559	714	27	INTERNAL_AND_DESCRIPTIVE_NOT_SPATIAL_CONFIRMATION	
1230	GOBP_RECOMBINATIONAL_REPAIR	GO_BP	331	290	1559	714	27	INTERNAL_AND_DESCRIPTIVE_NOT_SPATIAL_CONFIRMATION	
1231	GOBP_REFLEX	GO_BP	331	290	1559	714	27	INTERNAL_AND_DESCRIPTIVE_NOT_SPATIAL_CONFIRMATION	
1232	GOBP_REGULATION_OF_ACTIN_FILAMENT_BASED_MOVEMENT	GO_BP	331	290	1559	714	27	INTERNAL_AND_DESCRIPTIVE_NOT_SPATIAL_CONFIRMATION	
1233	GOBP_REGULATION_OF_ACTIVIN_RECEPTOR_SIGNALING_PATHWAY	GO_BP	331	290	1559	714	27	INTERNAL_AND_DESCRIPTIVE_NOT_SPATIAL_CONFIRMATION	
1234	GOBP_REGULATION_OF_ADENYLATE_CYCLASE_ACTIVATING_G_PROTEIN_COUPLED_RECEPTOR_SIGNALING_PATHWAY	GO_BP	331	290	1559	714	27	INTERNAL_AND_DESCRIPTIVE_NOT_SPATIAL_CONFIRMATION	
1235	GOBP_REGULATION_OF_ADENYLATE_CYCLASE_ACTIVITY	GO_BP	331	290	1559	714	27	INTERNAL_AND_DESCRIPTIVE_NOT_SPATIAL_CONFIRMATION	
1236	GOBP_REGULATION_OF_ALTERNATIVE_MRNA_SPLICING_VIA_SPLICEOSOME	GO_BP	66	52	13	0	3	INTERNAL_AND_DESCRIPTIVE_NOT_SPATIAL_CONFIRMATION	
1237	GOBP_REGULATION_OF_AMIDE_METABOLIC_PROCESS	GO_BP	66	52	13	0	3	INTERNAL_AND_DESCRIPTIVE_NOT_SPATIAL_CONFIRMATION	
1238	GOBP_REGULATION_OF_AMYLOID_BETA_CLEARANCE	GO_BP	331	290	1559	714	27	INTERNAL_AND_DESCRIPTIVE_NOT_SPATIAL_CONFIRMATION	
1239	GOBP_REGULATION_OF_ANDROGEN_RECEPTOR_SIGNALING_PATHWAY	GO_BP	331	290	1559	714	27	INTERNAL_AND_DESCRIPTIVE_NOT_SPATIAL_CONFIRMATION	
1240	GOBP_REGULATION_OF_ANOIKIS	GO_BP	331	290	1559	714	27	INTERNAL_AND_DESCRIPTIVE_NOT_SPATIAL_CONFIRMATION	
1241	GOBP_REGULATION_OF_ANTIGEN_PROCESSING_AND_PRESENTATION	GO_BP	331	290	1559	714	27	INTERNAL_AND_DESCRIPTIVE_NOT_SPATIAL_CONFIRMATION	
1242	GOBP_REGULATION_OF_APPETITE	GO_BP	331	290	1559	714	27	INTERNAL_AND_DESCRIPTIVE_NOT_SPATIAL_CONFIRMATION	
1243	GOBP_REGULATION_OF_ARP2_3_COMPLEX_MEDIATED_ACTIN_NUCLEATION	GO_BP	331	290	1559	714	27	INTERNAL_AND_DESCRIPTIVE_NOT_SPATIAL_CONFIRMATION	
1244	GOBP_REGULATION_OF_ASTROCYTE_DIFFERENTIATION	GO_BP	331	290	1559	714	27	INTERNAL_AND_DESCRIPTIVE_NOT_SPATIAL_CONFIRMATION	
1245	GOBP_REGULATION_OF_ATP_BIOSYNTHETIC_PROCESS	GO_BP	331	290	1559	714	27	INTERNAL_AND_DESCRIPTIVE_NOT_SPATIAL_CONFIRMATION	
1246	GOBP_REGULATION_OF_ATTACHMENT_OF_SPINDLE_MICROTUBULES_TO_KINETOCHORE	GO_BP	331	290	1559	714	27	INTERNAL_AND_DESCRIPTIVE_NOT_SPATIAL_CONFIRMATION	
1247	GOBP_REGULATION_OF_BICELLULAR_TIGHT_JUNCTION_ASSEMBLY	GO_BP	331	290	1559	714	27	INTERNAL_AND_DESCRIPTIVE_NOT_SPATIAL_CONFIRMATION	
1248	GOBP_REGULATION_OF_BONE_REMODELING	GO_BP	331	290	1559	714	27	INTERNAL_AND_DESCRIPTIVE_NOT_SPATIAL_CONFIRMATION	
1249	GOBP_REGULATION_OF_BRANCHING_INVOLVED_IN_URETERIC_BUD_MORPHOGENESIS	GO_BP	331	290	1559	714	27	INTERNAL_AND_DESCRIPTIVE_NOT_SPATIAL_CONFIRMATION	
1250	GOBP_REGULATION_OF_BROWN_FAT_CELL_DIFFERENTIATION	GO_BP	331	290	1559	714	27	INTERNAL_AND_DESCRIPTIVE_NOT_SPATIAL_CONFIRMATION	
1251	GOBP_REGULATION_OF_B_CELL_APOPTOTIC_PROCESS	GO_BP	331	290	1559	714	27	INTERNAL_AND_DESCRIPTIVE_NOT_SPATIAL_CONFIRMATION	
1252	GOBP_REGULATION_OF_B_CELL_DIFFERENTIATION	GO_BP	331	290	1559	714	27	INTERNAL_AND_DESCRIPTIVE_NOT_SPATIAL_CONFIRMATION	
1253	GOBP_REGULATION_OF_B_CELL_RECEPTOR_SIGNALING_PATHWAY	GO_BP	331	290	1559	714	27	INTERNAL_AND_DESCRIPTIVE_NOT_SPATIAL_CONFIRMATION	
1254	GOBP_REGULATION_OF_CALCIUM_ION_DEPENDENT_EXOCYTOSIS	GO_BP	331	290	1559	714	27	INTERNAL_AND_DESCRIPTIVE_NOT_SPATIAL_CONFIRMATION	
1255	GOBP_REGULATION_OF_CALCIUM_ION_TRANSMEMBRANE_TRANSPORTER_ACTIVITY	GO_BP	331	290	1559	714	27	INTERNAL_AND_DESCRIPTIVE_NOT_SPATIAL_CONFIRMATION	
1256	GOBP_REGULATION_OF_CALCIUM_ION_TRANSPORT_INTO_CYTOSOL	GO_BP	331	290	1559	714	27	INTERNAL_AND_DESCRIPTIVE_NOT_SPATIAL_CONFIRMATION	
1257	GOBP_REGULATION_OF_CAMP_PKA_SIGNAL_TRANSDUCTION	GO_BP	331	290	1559	714	27	INTERNAL_AND_DESCRIPTIVE_NOT_SPATIAL_CONFIRMATION	
1258	GOBP_REGULATION_OF_CARDIAC_CONDUCTION	GO_BP	331	290	1559	714	27	INTERNAL_AND_DESCRIPTIVE_NOT_SPATIAL_CONFIRMATION	
1259	GOBP_REGULATION_OF_CARDIAC_MUSCLE_ADAPTATION	GO_BP	0	0	0	0	0	INTERNAL_AND_DESCRIPTIVE_NOT_SPATIAL_CONFIRMATION	
1260	GOBP_REGULATION_OF_CARDIAC_MUSCLE_CELL_ACTION_POTENTIAL	GO_BP	331	290	1559	714	27	INTERNAL_AND_DESCRIPTIVE_NOT_SPATIAL_CONFIRMATION	
1261	GOBP_REGULATION_OF_CARDIAC_MUSCLE_CELL_DIFFERENTIATION	GO_BP	0	0	0	0	0	INTERNAL_AND_DESCRIPTIVE_NOT_SPATIAL_CONFIRMATION	
1262	GOBP_REGULATION_OF_CARDIAC_MUSCLE_CONTRACTION_BY_REGULATION_OF_THE_RELEASE_OF_SEQUESTERED_CALCIUM_ION	GO_BP	331	290	1559	714	27	INTERNAL_AND_DESCRIPTIVE_NOT_SPATIAL_CONFIRMATION	
1263	GOBP_REGULATION_OF_CATECHOLAMINE_METABOLIC_PROCESS	GO_BP	331	290	1559	714	27	INTERNAL_AND_DESCRIPTIVE_NOT_SPATIAL_CONFIRMATION	
1264	GOBP_REGULATION_OF_CATION_CHANNEL_ACTIVITY	GO_BP	331	290	1559	714	27	INTERNAL_AND_DESCRIPTIVE_NOT_SPATIAL_CONFIRMATION	
1265	GOBP_REGULATION_OF_CD8_POSITIVE_ALPHA_BETA_T_CELL_ACTIVATION	GO_BP	331	290	1559	714	27	INTERNAL_AND_DESCRIPTIVE_NOT_SPATIAL_CONFIRMATION	
1266	GOBP_REGULATION_OF_CELLULAR_EXTRAVASATION	GO_BP	331	290	1559	714	27	INTERNAL_AND_DESCRIPTIVE_NOT_SPATIAL_CONFIRMATION	
1267	GOBP_REGULATION_OF_CELLULAR_RESPONSE_TO_HYPOXIA	GO_BP	331	290	1559	714	27	INTERNAL_AND_DESCRIPTIVE_NOT_SPATIAL_CONFIRMATION	
1268	GOBP_REGULATION_OF_CELLULAR_RESPONSE_TO_OXIDATIVE_STRESS	GO_BP	331	290	1559	714	27	INTERNAL_AND_DESCRIPTIVE_NOT_SPATIAL_CONFIRMATION	
1269	GOBP_REGULATION_OF_CELL_CELL_ADHESION_MEDIATED_BY_CADHERIN	GO_BP	331	290	1559	714	27	INTERNAL_AND_DESCRIPTIVE_NOT_SPATIAL_CONFIRMATION	
1270	GOBP_REGULATION_OF_CELL_FATE_SPECIFICATION	GO_BP	331	290	1559	714	27	INTERNAL_AND_DESCRIPTIVE_NOT_SPATIAL_CONFIRMATION	
1271	GOBP_REGULATION_OF_CELL_GROWTH_INVOLVED_IN_CARDIAC_MUSCLE_CELL_DEVELOPMENT	GO_BP	0	0	0	0	0	INTERNAL_AND_DESCRIPTIVE_NOT_SPATIAL_CONFIRMATION	
1272	GOBP_REGULATION_OF_CELL_MATURATION	GO_BP	331	290	1559	714	27	INTERNAL_AND_DESCRIPTIVE_NOT_SPATIAL_CONFIRMATION	
1273	GOBP_REGULATION_OF_CELL_SHAPE	GO_BP	331	290	1559	714	27	INTERNAL_AND_DESCRIPTIVE_NOT_SPATIAL_CONFIRMATION	
1274	GOBP_REGULATION_OF_CENTRIOLE_REPLICATION	GO_BP	331	290	1559	714	27	INTERNAL_AND_DESCRIPTIVE_NOT_SPATIAL_CONFIRMATION	
1275	GOBP_REGULATION_OF_CHOLESTEROL_BIOSYNTHETIC_PROCESS	GO_BP	0	0	0	0	0	INTERNAL_AND_DESCRIPTIVE_NOT_SPATIAL_CONFIRMATION	
1276	GOBP_REGULATION_OF_CHROMATIN_ORGANIZATION	GO_BP	331	290	1559	714	27	INTERNAL_AND_DESCRIPTIVE_NOT_SPATIAL_CONFIRMATION	
1277	GOBP_REGULATION_OF_COLLATERAL_SPROUTING	GO_BP	331	290	1559	714	27	INTERNAL_AND_DESCRIPTIVE_NOT_SPATIAL_CONFIRMATION	
1278	GOBP_REGULATION_OF_COMPLEMENT_ACTIVATION	GO_BP	221	200	1493	708	24	INTERNAL_AND_DESCRIPTIVE_NOT_SPATIAL_CONFIRMATION	
1279	GOBP_REGULATION_OF_CYCLIN_DEPENDENT_PROTEIN_SERINE_THREONINE_KINASE_ACTIVITY	GO_BP	331	290	1559	714	27	INTERNAL_AND_DESCRIPTIVE_NOT_SPATIAL_CONFIRMATION	
1280	GOBP_REGULATION_OF_CYTOPLASMIC_TRANSLATION	GO_BP	331	290	1559	714	27	INTERNAL_AND_DESCRIPTIVE_NOT_SPATIAL_CONFIRMATION	
1281	GOBP_REGULATION_OF_CYTOSOLIC_CALCIUM_ION_CONCENTRATION	GO_BP	331	290	1559	714	27	INTERNAL_AND_DESCRIPTIVE_NOT_SPATIAL_CONFIRMATION	
1282	GOBP_REGULATION_OF_DENDRITE_MORPHOGENESIS	GO_BP	331	290	1559	714	27	INTERNAL_AND_DESCRIPTIVE_NOT_SPATIAL_CONFIRMATION	
1283	GOBP_REGULATION_OF_DENDRITIC_SPINE_MORPHOGENESIS	GO_BP	331	290	1559	714	27	INTERNAL_AND_DESCRIPTIVE_NOT_SPATIAL_CONFIRMATION	
1284	GOBP_REGULATION_OF_DEPHOSPHORYLATION	GO_BP	331	290	1559	714	27	INTERNAL_AND_DESCRIPTIVE_NOT_SPATIAL_CONFIRMATION	
1285	GOBP_REGULATION_OF_DIGESTIVE_SYSTEM_PROCESS	GO_BP	331	290	1559	714	27	INTERNAL_AND_DESCRIPTIVE_NOT_SPATIAL_CONFIRMATION	
1286	GOBP_REGULATION_OF_DNA_BINDING_TRANSCRIPTION_FACTOR_ACTIVITY	GO_BP	331	290	1559	714	27	INTERNAL_AND_DESCRIPTIVE_NOT_SPATIAL_CONFIRMATION	
1287	GOBP_REGULATION_OF_DNA_DAMAGE_CHECKPOINT	GO_BP	331	290	1559	714	27	INTERNAL_AND_DESCRIPTIVE_NOT_SPATIAL_CONFIRMATION	
1288	GOBP_REGULATION_OF_DNA_DAMAGE_RESPONSE_SIGNAL_TRANSDUCTION_BY_P53_CLASS_MEDIATOR	GO_BP	331	290	1559	714	27	INTERNAL_AND_DESCRIPTIVE_NOT_SPATIAL_CONFIRMATION	
1289	GOBP_REGULATION_OF_DNA_TEMPLATED_DNA_REPLICATION	GO_BP	331	290	1559	714	27	INTERNAL_AND_DESCRIPTIVE_NOT_SPATIAL_CONFIRMATION	
1290	GOBP_REGULATION_OF_DOPAMINE_SECRETION	GO_BP	331	290	1559	714	27	INTERNAL_AND_DESCRIPTIVE_NOT_SPATIAL_CONFIRMATION	
1291	GOBP_REGULATION_OF_DOUBLE_STRAND_BREAK_REPAIR_VIA_NONHOMOLOGOUS_END_JOINING	GO_BP	331	290	1559	714	27	INTERNAL_AND_DESCRIPTIVE_NOT_SPATIAL_CONFIRMATION	
1292	GOBP_REGULATION_OF_D_GLUCOSE_IMPORT	GO_BP	331	290	1559	714	27	INTERNAL_AND_DESCRIPTIVE_NOT_SPATIAL_CONFIRMATION	
1293	GOBP_REGULATION_OF_ENDOCYTIC_RECYCLING	GO_BP	331	290	1559	714	27	INTERNAL_AND_DESCRIPTIVE_NOT_SPATIAL_CONFIRMATION	
1294	GOBP_REGULATION_OF_ENDOPEPTIDASE_ACTIVITY	GO_BP	331	290	1559	714	27	INTERNAL_AND_DESCRIPTIVE_NOT_SPATIAL_CONFIRMATION	
1295	GOBP_REGULATION_OF_ENDOTHELIAL_CELL_CHEMOTAXIS	GO_BP	331	290	1559	714	27	INTERNAL_AND_DESCRIPTIVE_NOT_SPATIAL_CONFIRMATION	
1296	GOBP_REGULATION_OF_ENDOTHELIAL_CELL_DIFFERENTIATION	GO_BP	0	0	0	0	0	INTERNAL_AND_DESCRIPTIVE_NOT_SPATIAL_CONFIRMATION	
1297	GOBP_REGULATION_OF_ERAD_PATHWAY	GO_BP	331	290	1559	714	27	INTERNAL_AND_DESCRIPTIVE_NOT_SPATIAL_CONFIRMATION	
1298	GOBP_REGULATION_OF_ESTABLISHMENT_OR_MAINTENANCE_OF_CELL_POLARITY	GO_BP	331	290	1559	714	27	INTERNAL_AND_DESCRIPTIVE_NOT_SPATIAL_CONFIRMATION	
1299	GOBP_REGULATION_OF_EXCITATORY_SYNAPSE_ASSEMBLY	GO_BP	331	290	1559	714	27	INTERNAL_AND_DESCRIPTIVE_NOT_SPATIAL_CONFIRMATION	
1300	GOBP_REGULATION_OF_EXTRACELLULAR_MATRIX_ASSEMBLY	GO_BP	0	0	0	0	0	INTERNAL_AND_DESCRIPTIVE_NOT_SPATIAL_CONFIRMATION	
1301	GOBP_REGULATION_OF_EXTRACELLULAR_MATRIX_DISASSEMBLY	GO_BP	0	0	0	0	0	INTERNAL_AND_DESCRIPTIVE_NOT_SPATIAL_CONFIRMATION	
1302	GOBP_REGULATION_OF_FATTY_ACID_OXIDATION	GO_BP	331	290	1559	714	27	INTERNAL_AND_DESCRIPTIVE_NOT_SPATIAL_CONFIRMATION	
1303	GOBP_REGULATION_OF_FEEDING_BEHAVIOR	GO_BP	331	290	1559	714	27	INTERNAL_AND_DESCRIPTIVE_NOT_SPATIAL_CONFIRMATION	
1304	GOBP_REGULATION_OF_FIBROBLAST_APOPTOTIC_PROCESS	GO_BP	331	290	1559	714	27	INTERNAL_AND_DESCRIPTIVE_NOT_SPATIAL_CONFIRMATION	
1305	GOBP_REGULATION_OF_FIBROBLAST_MIGRATION	GO_BP	331	290	1559	714	27	INTERNAL_AND_DESCRIPTIVE_NOT_SPATIAL_CONFIRMATION	
1306	GOBP_REGULATION_OF_FLAGELLATED_SPERM_MOTILITY	GO_BP	331	281	1537	708	27	INTERNAL_AND_DESCRIPTIVE_NOT_SPATIAL_CONFIRMATION	
1307	GOBP_REGULATION_OF_GENE_SILENCING_BY_REGULATORY_NCRNA	GO_BP	331	290	1559	714	27	INTERNAL_AND_DESCRIPTIVE_NOT_SPATIAL_CONFIRMATION	
1308	GOBP_REGULATION_OF_GLIAL_CELL_MIGRATION	GO_BP	331	290	1559	714	27	INTERNAL_AND_DESCRIPTIVE_NOT_SPATIAL_CONFIRMATION	
1309	GOBP_REGULATION_OF_GLYCOGEN_BIOSYNTHETIC_PROCESS	GO_BP	331	290	1559	714	27	INTERNAL_AND_DESCRIPTIVE_NOT_SPATIAL_CONFIRMATION	
1310	GOBP_REGULATION_OF_GLYCOLYTIC_PROCESS	GO_BP	331	290	1559	714	27	INTERNAL_AND_DESCRIPTIVE_NOT_SPATIAL_CONFIRMATION	
1311	GOBP_REGULATION_OF_HAIR_FOLLICLE_DEVELOPMENT	GO_BP	331	290	1559	714	27	INTERNAL_AND_DESCRIPTIVE_NOT_SPATIAL_CONFIRMATION	
1312	GOBP_REGULATION_OF_HEART_RATE_BY_CARDIAC_CONDUCTION	GO_BP	331	290	1559	714	27	INTERNAL_AND_DESCRIPTIVE_NOT_SPATIAL_CONFIRMATION	
1313	GOBP_REGULATION_OF_HEMATOPOIETIC_PROGENITOR_CELL_DIFFERENTIATION	GO_BP	331	290	1559	714	27	INTERNAL_AND_DESCRIPTIVE_NOT_SPATIAL_CONFIRMATION	
1314	GOBP_REGULATION_OF_HETEROTYPIC_CELL_CELL_ADHESION	GO_BP	331	290	1559	714	27	INTERNAL_AND_DESCRIPTIVE_NOT_SPATIAL_CONFIRMATION	
1315	GOBP_REGULATION_OF_HORMONE_BIOSYNTHETIC_PROCESS	GO_BP	331	290	1559	714	27	INTERNAL_AND_DESCRIPTIVE_NOT_SPATIAL_CONFIRMATION	
1316	GOBP_REGULATION_OF_INCLUSION_BODY_ASSEMBLY	GO_BP	331	290	1559	714	27	INTERNAL_AND_DESCRIPTIVE_NOT_SPATIAL_CONFIRMATION	
1317	GOBP_REGULATION_OF_INSULIN_LIKE_GROWTH_FACTOR_RECEPTOR_SIGNALING_PATHWAY	GO_BP	331	290	1559	714	27	INTERNAL_AND_DESCRIPTIVE_NOT_SPATIAL_CONFIRMATION	
1318	GOBP_REGULATION_OF_INSULIN_RECEPTOR_SIGNALING_PATHWAY	GO_BP	331	290	1559	714	27	INTERNAL_AND_DESCRIPTIVE_NOT_SPATIAL_CONFIRMATION	
1319	GOBP_REGULATION_OF_INTEGRIN_MEDIATED_SIGNALING_PATHWAY	GO_BP	331	290	1559	714	27	INTERNAL_AND_DESCRIPTIVE_NOT_SPATIAL_CONFIRMATION	
1320	GOBP_REGULATION_OF_INTRACELLULAR_ESTROGEN_RECEPTOR_SIGNALING_PATHWAY	GO_BP	331	290	1559	714	27	INTERNAL_AND_DESCRIPTIVE_NOT_SPATIAL_CONFIRMATION	
1321	GOBP_REGULATION_OF_JUN_KINASE_ACTIVITY	GO_BP	331	290	1559	714	27	INTERNAL_AND_DESCRIPTIVE_NOT_SPATIAL_CONFIRMATION	
1322	GOBP_REGULATION_OF_KETONE_BIOSYNTHETIC_PROCESS	GO_BP	331	290	1559	714	27	INTERNAL_AND_DESCRIPTIVE_NOT_SPATIAL_CONFIRMATION	
1323	GOBP_REGULATION_OF_LIPOPOLYSACCHARIDE_MEDIATED_SIGNALING_PATHWAY	GO_BP	331	290	1559	714	27	INTERNAL_AND_DESCRIPTIVE_NOT_SPATIAL_CONFIRMATION	
1324	GOBP_REGULATION_OF_LONG_TERM_NEURONAL_SYNAPTIC_PLASTICITY	GO_BP	331	290	1559	714	27	INTERNAL_AND_DESCRIPTIVE_NOT_SPATIAL_CONFIRMATION	
1325	GOBP_REGULATION_OF_LOW_DENSITY_LIPOPROTEIN_PARTICLE_CLEARANCE	GO_BP	0	0	0	0	0	INTERNAL_AND_DESCRIPTIVE_NOT_SPATIAL_CONFIRMATION	
1326	GOBP_REGULATION_OF_LYMPHOCYTE_CHEMOTAXIS	GO_BP	331	290	1559	714	27	INTERNAL_AND_DESCRIPTIVE_NOT_SPATIAL_CONFIRMATION	
1327	GOBP_REGULATION_OF_MACROPHAGE_DIFFERENTIATION	GO_BP	66	52	13	0	3	INTERNAL_AND_DESCRIPTIVE_NOT_SPATIAL_CONFIRMATION	
1328	GOBP_REGULATION_OF_MAST_CELL_DEGRANULATION	GO_BP	331	290	1559	714	27	INTERNAL_AND_DESCRIPTIVE_NOT_SPATIAL_CONFIRMATION	
1329	GOBP_REGULATION_OF_MEIOTIC_NUCLEAR_DIVISION	GO_BP	331	290	1559	714	27	INTERNAL_AND_DESCRIPTIVE_NOT_SPATIAL_CONFIRMATION	
1330	GOBP_REGULATION_OF_MEMBRANE_LIPID_METABOLIC_PROCESS	GO_BP	331	290	1559	714	27	INTERNAL_AND_DESCRIPTIVE_NOT_SPATIAL_CONFIRMATION	
1331	GOBP_REGULATION_OF_MEMBRANE_PROTEIN_ECTODOMAIN_PROTEOLYSIS	GO_BP	331	290	1559	714	27	INTERNAL_AND_DESCRIPTIVE_NOT_SPATIAL_CONFIRMATION	
1332	GOBP_REGULATION_OF_MICROGLIAL_CELL_ACTIVATION	GO_BP	331	290	1559	714	27	INTERNAL_AND_DESCRIPTIVE_NOT_SPATIAL_CONFIRMATION	
1333	GOBP_REGULATION_OF_MICROTUBULE_POLYMERIZATION	GO_BP	331	290	1559	714	27	INTERNAL_AND_DESCRIPTIVE_NOT_SPATIAL_CONFIRMATION	
1334	GOBP_REGULATION_OF_MITOCHONDRIAL_DEPOLARIZATION	GO_BP	331	290	1559	714	27	INTERNAL_AND_DESCRIPTIVE_NOT_SPATIAL_CONFIRMATION	
1335	GOBP_REGULATION_OF_MITOCHONDRIAL_OUTER_MEMBRANE_PERMEABILIZATION_INVOLVED_IN_APOPTOTIC_SIGNALING_PATHWAY	GO_BP	331	290	1559	714	27	INTERNAL_AND_DESCRIPTIVE_NOT_SPATIAL_CONFIRMATION	
1336	GOBP_REGULATION_OF_MITOCHONDRIAL_TRANSLATION	GO_BP	331	290	1559	714	27	INTERNAL_AND_DESCRIPTIVE_NOT_SPATIAL_CONFIRMATION	
1337	GOBP_REGULATION_OF_MITOTIC_SPINDLE_ASSEMBLY	GO_BP	331	290	1559	714	27	INTERNAL_AND_DESCRIPTIVE_NOT_SPATIAL_CONFIRMATION	
1338	GOBP_REGULATION_OF_MODIFICATION_OF_SYNAPTIC_STRUCTURE	GO_BP	331	290	1559	714	27	INTERNAL_AND_DESCRIPTIVE_NOT_SPATIAL_CONFIRMATION	
1339	GOBP_REGULATION_OF_MONOCYTE_DIFFERENTIATION	GO_BP	331	290	1559	714	27	INTERNAL_AND_DESCRIPTIVE_NOT_SPATIAL_CONFIRMATION	
1340	GOBP_REGULATION_OF_MYOBLAST_FUSION	GO_BP	331	290	1559	714	27	INTERNAL_AND_DESCRIPTIVE_NOT_SPATIAL_CONFIRMATION	
1341	GOBP_REGULATION_OF_MYOBLAST_PROLIFERATION	GO_BP	0	0	0	0	0	INTERNAL_AND_DESCRIPTIVE_NOT_SPATIAL_CONFIRMATION	
1342	GOBP_REGULATION_OF_MYOTUBE_DIFFERENTIATION	GO_BP	331	290	1559	714	27	INTERNAL_AND_DESCRIPTIVE_NOT_SPATIAL_CONFIRMATION	
1343	GOBP_REGULATION_OF_NEURON_MIGRATION	GO_BP	331	290	1559	714	27	INTERNAL_AND_DESCRIPTIVE_NOT_SPATIAL_CONFIRMATION	
1344	GOBP_REGULATION_OF_NEURON_PROJECTION_REGENERATION	GO_BP	331	290	1559	714	27	INTERNAL_AND_DESCRIPTIVE_NOT_SPATIAL_CONFIRMATION	
1345	GOBP_REGULATION_OF_NEUROTRANSMITTER_UPTAKE	GO_BP	331	290	1559	714	27	INTERNAL_AND_DESCRIPTIVE_NOT_SPATIAL_CONFIRMATION	
1346	GOBP_REGULATION_OF_NITRIC_OXIDE_METABOLIC_PROCESS	GO_BP	331	290	1559	714	27	INTERNAL_AND_DESCRIPTIVE_NOT_SPATIAL_CONFIRMATION	
1347	GOBP_REGULATION_OF_NON_CANONICAL_WNT_SIGNALING_PATHWAY	GO_BP	331	290	1559	714	27	INTERNAL_AND_DESCRIPTIVE_NOT_SPATIAL_CONFIRMATION	
1348	GOBP_REGULATION_OF_NUCLEAR_TRANSCRIBED_MRNA_CATABOLIC_PROCESS_DEADENYLATION_DEPENDENT_DECAY	GO_BP	331	290	1559	714	27	INTERNAL_AND_DESCRIPTIVE_NOT_SPATIAL_CONFIRMATION	
1349	GOBP_REGULATION_OF_NUCLEOTIDE_EXCISION_REPAIR	GO_BP	331	290	1559	714	27	INTERNAL_AND_DESCRIPTIVE_NOT_SPATIAL_CONFIRMATION	
1350	GOBP_REGULATION_OF_OSTEOBLAST_PROLIFERATION	GO_BP	331	290	1559	714	27	INTERNAL_AND_DESCRIPTIVE_NOT_SPATIAL_CONFIRMATION	
1351	GOBP_REGULATION_OF_OXIDATIVE_PHOSPHORYLATION	GO_BP	331	290	1559	714	27	INTERNAL_AND_DESCRIPTIVE_NOT_SPATIAL_CONFIRMATION	
1352	GOBP_REGULATION_OF_OXIDOREDUCTASE_ACTIVITY	GO_BP	331	290	1559	714	27	INTERNAL_AND_DESCRIPTIVE_NOT_SPATIAL_CONFIRMATION	
1353	GOBP_REGULATION_OF_PEROXISOME_PROLIFERATOR_ACTIVATED_RECEPTOR_SIGNALING_PATHWAY	GO_BP	66	52	13	0	3	INTERNAL_AND_DESCRIPTIVE_NOT_SPATIAL_CONFIRMATION	
1354	GOBP_REGULATION_OF_PHOSPHOLIPID_METABOLIC_PROCESS	GO_BP	331	290	1559	714	27	INTERNAL_AND_DESCRIPTIVE_NOT_SPATIAL_CONFIRMATION	
1355	GOBP_REGULATION_OF_PLATELET_AGGREGATION	GO_BP	331	290	1559	714	27	INTERNAL_AND_DESCRIPTIVE_NOT_SPATIAL_CONFIRMATION	
1356	GOBP_REGULATION_OF_PLATELET_DERIVED_GROWTH_FACTOR_RECEPTOR_SIGNALING_PATHWAY	GO_BP	331	290	1559	714	27	INTERNAL_AND_DESCRIPTIVE_NOT_SPATIAL_CONFIRMATION	
1357	GOBP_REGULATION_OF_POSITIVE_CHEMOTAXIS	GO_BP	331	290	1559	714	27	INTERNAL_AND_DESCRIPTIVE_NOT_SPATIAL_CONFIRMATION	
1358	GOBP_REGULATION_OF_POSTSYNAPSE_ASSEMBLY	GO_BP	331	290	1559	714	27	INTERNAL_AND_DESCRIPTIVE_NOT_SPATIAL_CONFIRMATION	
1359	GOBP_REGULATION_OF_POSTSYNAPTIC_DENSITY_ORGANIZATION	GO_BP	331	290	1559	714	27	INTERNAL_AND_DESCRIPTIVE_NOT_SPATIAL_CONFIRMATION	
1360	GOBP_REGULATION_OF_POSTSYNAPTIC_NEUROTRANSMITTER_RECEPTOR_INTERNALIZATION	GO_BP	331	290	1559	714	27	INTERNAL_AND_DESCRIPTIVE_NOT_SPATIAL_CONFIRMATION	
1361	GOBP_REGULATION_OF_POSTSYNAPTIC_SPECIALIZATION_ASSEMBLY	GO_BP	331	290	1559	714	27	INTERNAL_AND_DESCRIPTIVE_NOT_SPATIAL_CONFIRMATION	
1362	GOBP_REGULATION_OF_PRESYNAPSE_ORGANIZATION	GO_BP	331	290	1559	714	27	INTERNAL_AND_DESCRIPTIVE_NOT_SPATIAL_CONFIRMATION	
1363	GOBP_REGULATION_OF_PRESYNAPTIC_MEMBRANE_POTENTIAL	GO_BP	331	290	1559	714	27	INTERNAL_AND_DESCRIPTIVE_NOT_SPATIAL_CONFIRMATION	
1364	GOBP_REGULATION_OF_PROTEIN_EXIT_FROM_ENDOPLASMIC_RETICULUM	GO_BP	331	290	1559	714	27	INTERNAL_AND_DESCRIPTIVE_NOT_SPATIAL_CONFIRMATION	
1365	GOBP_REGULATION_OF_PROTEIN_LOCALIZATION_TO_SYNAPSE	GO_BP	331	290	1559	714	27	INTERNAL_AND_DESCRIPTIVE_NOT_SPATIAL_CONFIRMATION	
1366	GOBP_REGULATION_OF_PROTEIN_NEDDYLATION	GO_BP	331	290	1559	714	27	INTERNAL_AND_DESCRIPTIVE_NOT_SPATIAL_CONFIRMATION	
1367	GOBP_REGULATION_OF_PROTEIN_POLYUBIQUITINATION	GO_BP	331	290	1559	714	27	INTERNAL_AND_DESCRIPTIVE_NOT_SPATIAL_CONFIRMATION	
1368	GOBP_REGULATION_OF_PROTEIN_SUMOYLATION	GO_BP	331	290	1559	714	27	INTERNAL_AND_DESCRIPTIVE_NOT_SPATIAL_CONFIRMATION	
1369	GOBP_REGULATION_OF_PROTEIN_TYROSINE_KINASE_ACTIVITY	GO_BP	331	290	1559	714	27	INTERNAL_AND_DESCRIPTIVE_NOT_SPATIAL_CONFIRMATION	
1370	GOBP_REGULATION_OF_PROTEOLYSIS_INVOLVED_IN_PROTEIN_CATABOLIC_PROCESS	GO_BP	331	290	1559	714	27	INTERNAL_AND_DESCRIPTIVE_NOT_SPATIAL_CONFIRMATION	
1371	GOBP_REGULATION_OF_RAC_PROTEIN_SIGNAL_TRANSDUCTION	GO_BP	331	290	1559	714	27	INTERNAL_AND_DESCRIPTIVE_NOT_SPATIAL_CONFIRMATION	
1372	GOBP_REGULATION_OF_RECEPTOR_LOCALIZATION_TO_SYNAPSE	GO_BP	331	290	1559	714	27	INTERNAL_AND_DESCRIPTIVE_NOT_SPATIAL_CONFIRMATION	
1373	GOBP_REGULATION_OF_RECEPTOR_RECYCLING	GO_BP	331	290	1559	714	27	INTERNAL_AND_DESCRIPTIVE_NOT_SPATIAL_CONFIRMATION	
1374	GOBP_REGULATION_OF_RENAL_SYSTEM_PROCESS	GO_BP	331	290	1559	714	27	INTERNAL_AND_DESCRIPTIVE_NOT_SPATIAL_CONFIRMATION	
1375	GOBP_REGULATION_OF_RESPIRATORY_GASEOUS_EXCHANGE	GO_BP	331	290	1559	714	27	INTERNAL_AND_DESCRIPTIVE_NOT_SPATIAL_CONFIRMATION	
1376	GOBP_REGULATION_OF_RESPONSE_TO_NUTRIENT_LEVELS	GO_BP	331	290	1559	714	27	INTERNAL_AND_DESCRIPTIVE_NOT_SPATIAL_CONFIRMATION	
1377	GOBP_REGULATION_OF_RESPONSE_TO_TUMOR_CELL	GO_BP	331	290	1559	714	27	INTERNAL_AND_DESCRIPTIVE_NOT_SPATIAL_CONFIRMATION	
1378	GOBP_REGULATION_OF_RIG_I_SIGNALING_PATHWAY	GO_BP	331	290	1559	714	27	INTERNAL_AND_DESCRIPTIVE_NOT_SPATIAL_CONFIRMATION	
1379	GOBP_REGULATION_OF_RUFFLE_ASSEMBLY	GO_BP	331	290	1559	714	27	INTERNAL_AND_DESCRIPTIVE_NOT_SPATIAL_CONFIRMATION	
1380	GOBP_REGULATION_OF_SENSORY_PERCEPTION	GO_BP	331	290	1559	714	27	INTERNAL_AND_DESCRIPTIVE_NOT_SPATIAL_CONFIRMATION	
1381	GOBP_REGULATION_OF_SIGNALING_RECEPTOR_ACTIVITY	GO_BP	331	290	1559	714	27	INTERNAL_AND_DESCRIPTIVE_NOT_SPATIAL_CONFIRMATION	
1382	GOBP_REGULATION_OF_SISTER_CHROMATID_SEGREGATION	GO_BP	331	290	1559	714	27	INTERNAL_AND_DESCRIPTIVE_NOT_SPATIAL_CONFIRMATION	
1383	GOBP_REGULATION_OF_SKELETAL_MUSCLE_CELL_DIFFERENTIATION	GO_BP	331	290	1559	714	27	INTERNAL_AND_DESCRIPTIVE_NOT_SPATIAL_CONFIRMATION	
1384	GOBP_REGULATION_OF_SKELETAL_MUSCLE_TISSUE_DEVELOPMENT	GO_BP	331	290	1559	714	27	INTERNAL_AND_DESCRIPTIVE_NOT_SPATIAL_CONFIRMATION	
1385	GOBP_REGULATION_OF_SPINDLE_CHECKPOINT	GO_BP	331	290	1559	714	27	INTERNAL_AND_DESCRIPTIVE_NOT_SPATIAL_CONFIRMATION	
1386	GOBP_REGULATION_OF_STEROID_HORMONE_SECRETION	GO_BP	331	290	1559	714	27	INTERNAL_AND_DESCRIPTIVE_NOT_SPATIAL_CONFIRMATION	
1387	GOBP_REGULATION_OF_SUPEROXIDE_ANION_GENERATION	GO_BP	331	290	1559	714	27	INTERNAL_AND_DESCRIPTIVE_NOT_SPATIAL_CONFIRMATION	
1388	GOBP_REGULATION_OF_SYNAPSE_MATURATION	GO_BP	331	290	1559	714	27	INTERNAL_AND_DESCRIPTIVE_NOT_SPATIAL_CONFIRMATION	
1389	GOBP_REGULATION_OF_SYNAPTIC_TRANSMISSION_GABAERGIC	GO_BP	331	290	1559	714	27	INTERNAL_AND_DESCRIPTIVE_NOT_SPATIAL_CONFIRMATION	
1390	GOBP_REGULATION_OF_SYNAPTIC_VESICLE_ENDOCYTOSIS	GO_BP	331	290	1559	714	27	INTERNAL_AND_DESCRIPTIVE_NOT_SPATIAL_CONFIRMATION	
1391	GOBP_REGULATION_OF_SYNAPTIC_VESICLE_EXOCYTOSIS	GO_BP	331	290	1559	714	27	INTERNAL_AND_DESCRIPTIVE_NOT_SPATIAL_CONFIRMATION	
1392	GOBP_REGULATION_OF_SYNAPTIC_VESICLE_MEMBRANE_ORGANIZATION	GO_BP	331	290	1559	714	27	INTERNAL_AND_DESCRIPTIVE_NOT_SPATIAL_CONFIRMATION	
1393	GOBP_REGULATION_OF_SYSTEMIC_ARTERIAL_BLOOD_PRESSURE_BY_CIRCULATORY_RENIN_ANGIOTENSIN	GO_BP	331	290	1559	714	27	INTERNAL_AND_DESCRIPTIVE_NOT_SPATIAL_CONFIRMATION	
1394	GOBP_REGULATION_OF_THE_FORCE_OF_HEART_CONTRACTION	GO_BP	331	290	1559	714	27	INTERNAL_AND_DESCRIPTIVE_NOT_SPATIAL_CONFIRMATION	
1395	GOBP_REGULATION_OF_TOLERANCE_INDUCTION	GO_BP	331	290	1559	714	27	INTERNAL_AND_DESCRIPTIVE_NOT_SPATIAL_CONFIRMATION	
1396	GOBP_REGULATION_OF_TRANSCRIPTION_BY_RNA_POLYMERASE_III	GO_BP	331	290	1559	714	27	INTERNAL_AND_DESCRIPTIVE_NOT_SPATIAL_CONFIRMATION	
1397	GOBP_REGULATION_OF_TRANSCRIPTION_REGULATORY_REGION_DNA_BINDING	GO_BP	331	290	1559	714	27	INTERNAL_AND_DESCRIPTIVE_NOT_SPATIAL_CONFIRMATION	
1398	GOBP_REGULATION_OF_TRANSLATION_IN_RESPONSE_TO_STRESS	GO_BP	66	52	13	0	3	INTERNAL_AND_DESCRIPTIVE_NOT_SPATIAL_CONFIRMATION	
1399	GOBP_REGULATION_OF_TRANSPORTER_ACTIVITY	GO_BP	331	290	1559	714	27	INTERNAL_AND_DESCRIPTIVE_NOT_SPATIAL_CONFIRMATION	
1400	GOBP_REGULATION_OF_TRIGLYCERIDE_BIOSYNTHETIC_PROCESS	GO_BP	331	290	1559	714	27	INTERNAL_AND_DESCRIPTIVE_NOT_SPATIAL_CONFIRMATION	
1401	GOBP_REGULATION_OF_TYPE_2_IMMUNE_RESPONSE	GO_BP	331	290	1559	714	27	INTERNAL_AND_DESCRIPTIVE_NOT_SPATIAL_CONFIRMATION	
1402	GOBP_REGULATION_OF_TYROSINE_PHOSPHORYLATION_OF_STAT_PROTEIN	GO_BP	331	290	1559	714	27	INTERNAL_AND_DESCRIPTIVE_NOT_SPATIAL_CONFIRMATION	
1403	GOBP_REGULATION_OF_T_CELL_DIFFERENTIATION_IN_THYMUS	GO_BP	331	290	1559	714	27	INTERNAL_AND_DESCRIPTIVE_NOT_SPATIAL_CONFIRMATION	
1404	GOBP_REGULATION_OF_T_HELPER_17_CELL_DIFFERENTIATION	GO_BP	331	290	1559	714	27	INTERNAL_AND_DESCRIPTIVE_NOT_SPATIAL_CONFIRMATION	
1405	GOBP_REGULATION_OF_T_HELPER_1_TYPE_IMMUNE_RESPONSE	GO_BP	331	290	1559	714	27	INTERNAL_AND_DESCRIPTIVE_NOT_SPATIAL_CONFIRMATION	
1406	GOBP_REGULATION_OF_UBIQUITIN_PROTEIN_TRANSFERASE_ACTIVITY	GO_BP	66	52	13	0	3	INTERNAL_AND_DESCRIPTIVE_NOT_SPATIAL_CONFIRMATION	
1407	GOBP_REGULATION_OF_URINE_VOLUME	GO_BP	331	290	1559	714	27	INTERNAL_AND_DESCRIPTIVE_NOT_SPATIAL_CONFIRMATION	
1408	GOBP_REGULATION_OF_VASCULAR_ASSOCIATED_SMOOTH_MUSCLE_CELL_DIFFERENTIATION	GO_BP	0	0	0	0	0	INTERNAL_AND_DESCRIPTIVE_NOT_SPATIAL_CONFIRMATION	
1409	GOBP_REGULATION_OF_VASCULAR_ENDOTHELIAL_GROWTH_FACTOR_RECEPTOR_SIGNALING_PATHWAY	GO_BP	331	290	1559	714	27	INTERNAL_AND_DESCRIPTIVE_NOT_SPATIAL_CONFIRMATION	
1410	GOBP_REGULATION_OF_VENTRICULAR_CARDIAC_MUSCLE_CELL_MEMBRANE_REPOLARIZATION	GO_BP	331	290	1559	714	27	INTERNAL_AND_DESCRIPTIVE_NOT_SPATIAL_CONFIRMATION	
1411	GOBP_REGULATION_OF_VIRAL_ENTRY_INTO_HOST_CELL	GO_BP	331	290	1559	714	27	INTERNAL_AND_DESCRIPTIVE_NOT_SPATIAL_CONFIRMATION	
1412	GOBP_REGULATION_OF_VIRAL_TRANSCRIPTION	GO_BP	331	290	1559	714	27	INTERNAL_AND_DESCRIPTIVE_NOT_SPATIAL_CONFIRMATION	
1413	GOBP_REGULATORY_NCRNA_MEDIATED_HETEROCHROMATIN_FORMATION	GO_BP	331	290	1559	714	27	INTERNAL_AND_DESCRIPTIVE_NOT_SPATIAL_CONFIRMATION	
1414	GOBP_REGULATORY_T_CELL_DIFFERENTIATION	GO_BP	331	290	1559	714	27	INTERNAL_AND_DESCRIPTIVE_NOT_SPATIAL_CONFIRMATION	
1415	GOBP_RELAXATION_OF_MUSCLE	GO_BP	331	290	1559	714	27	INTERNAL_AND_DESCRIPTIVE_NOT_SPATIAL_CONFIRMATION	
1416	GOBP_RELEASE_OF_CYTOCHROME_C_FROM_MITOCHONDRIA	GO_BP	331	290	1559	714	27	INTERNAL_AND_DESCRIPTIVE_NOT_SPATIAL_CONFIRMATION	
1417	GOBP_RELEASE_OF_SEQUESTERED_CALCIUM_ION_INTO_CYTOSOL_BY_ENDOPLASMIC_RETICULUM	GO_BP	331	290	1559	714	27	INTERNAL_AND_DESCRIPTIVE_NOT_SPATIAL_CONFIRMATION	
1418	GOBP_RENAL_ABSORPTION	GO_BP	331	290	1559	714	27	INTERNAL_AND_DESCRIPTIVE_NOT_SPATIAL_CONFIRMATION	
1419	GOBP_RENAL_FILTRATION	GO_BP	331	290	1559	714	27	INTERNAL_AND_DESCRIPTIVE_NOT_SPATIAL_CONFIRMATION	
1420	GOBP_RENAL_SYSTEM_PROCESS_INVOLVED_IN_REGULATION_OF_SYSTEMIC_ARTERIAL_BLOOD_PRESSURE	GO_BP	331	290	1559	714	27	INTERNAL_AND_DESCRIPTIVE_NOT_SPATIAL_CONFIRMATION	
1421	GOBP_RENAL_SYSTEM_VASCULATURE_DEVELOPMENT	GO_BP	331	290	1559	714	27	INTERNAL_AND_DESCRIPTIVE_NOT_SPATIAL_CONFIRMATION	
1422	GOBP_RENAL_TUBULAR_SECRETION	GO_BP	331	290	1559	714	27	INTERNAL_AND_DESCRIPTIVE_NOT_SPATIAL_CONFIRMATION	
1423	GOBP_RENAL_WATER_HOMEOSTASIS	GO_BP	331	290	1559	714	27	INTERNAL_AND_DESCRIPTIVE_NOT_SPATIAL_CONFIRMATION	
1424	GOBP_REPLACEMENT_OSSIFICATION	GO_BP	331	290	1559	714	27	INTERNAL_AND_DESCRIPTIVE_NOT_SPATIAL_CONFIRMATION	
1425	GOBP_RESCUE_OF_STALLED_RIBOSOME	GO_BP	331	290	1559	714	27	INTERNAL_AND_DESCRIPTIVE_NOT_SPATIAL_CONFIRMATION	
1426	GOBP_RESPIRATORY_BURST	GO_BP	331	290	1559	714	27	INTERNAL_AND_DESCRIPTIVE_NOT_SPATIAL_CONFIRMATION	
1427	GOBP_RESPIRATORY_CHAIN_COMPLEX_IV_ASSEMBLY	GO_BP	331	290	1559	714	27	INTERNAL_AND_DESCRIPTIVE_NOT_SPATIAL_CONFIRMATION	
1428	GOBP_RESPIRATORY_SYSTEM_PROCESS	GO_BP	331	290	1559	714	27	INTERNAL_AND_DESCRIPTIVE_NOT_SPATIAL_CONFIRMATION	
1429	GOBP_RESPONSE_TO_ACIDIC_PH	GO_BP	331	290	1559	714	27	INTERNAL_AND_DESCRIPTIVE_NOT_SPATIAL_CONFIRMATION	
1430	GOBP_RESPONSE_TO_AMINO_ACID_STARVATION	GO_BP	331	290	1559	714	27	INTERNAL_AND_DESCRIPTIVE_NOT_SPATIAL_CONFIRMATION	
1431	GOBP_RESPONSE_TO_AMPHETAMINE	GO_BP	331	290	1559	714	27	INTERNAL_AND_DESCRIPTIVE_NOT_SPATIAL_CONFIRMATION	
1432	GOBP_RESPONSE_TO_ANTIBIOTIC	GO_BP	331	290	1559	714	27	INTERNAL_AND_DESCRIPTIVE_NOT_SPATIAL_CONFIRMATION	
1433	GOBP_RESPONSE_TO_ARSENIC_CONTAINING_SUBSTANCE	GO_BP	331	290	1559	714	27	INTERNAL_AND_DESCRIPTIVE_NOT_SPATIAL_CONFIRMATION	
1434	GOBP_RESPONSE_TO_ATP	GO_BP	331	290	1559	714	27	INTERNAL_AND_DESCRIPTIVE_NOT_SPATIAL_CONFIRMATION	
1435	GOBP_RESPONSE_TO_AUDITORY_STIMULUS	GO_BP	331	290	1559	714	27	INTERNAL_AND_DESCRIPTIVE_NOT_SPATIAL_CONFIRMATION	
1436	GOBP_RESPONSE_TO_AXON_INJURY	GO_BP	331	290	1559	714	27	INTERNAL_AND_DESCRIPTIVE_NOT_SPATIAL_CONFIRMATION	
1437	GOBP_RESPONSE_TO_BMP	GO_BP	331	290	1559	714	27	INTERNAL_AND_DESCRIPTIVE_NOT_SPATIAL_CONFIRMATION	
1438	GOBP_RESPONSE_TO_CHEMOKINE	GO_BP	331	290	1559	714	27	INTERNAL_AND_DESCRIPTIVE_NOT_SPATIAL_CONFIRMATION	
1439	GOBP_RESPONSE_TO_COCAINE	GO_BP	331	290	1559	714	27	INTERNAL_AND_DESCRIPTIVE_NOT_SPATIAL_CONFIRMATION	
1440	GOBP_RESPONSE_TO_COLD	GO_BP	331	290	1559	714	27	INTERNAL_AND_DESCRIPTIVE_NOT_SPATIAL_CONFIRMATION	
1441	GOBP_RESPONSE_TO_DIETARY_EXCESS	GO_BP	331	290	1559	714	27	INTERNAL_AND_DESCRIPTIVE_NOT_SPATIAL_CONFIRMATION	
1442	GOBP_RESPONSE_TO_ELECTRICAL_STIMULUS	GO_BP	331	290	1559	714	27	INTERNAL_AND_DESCRIPTIVE_NOT_SPATIAL_CONFIRMATION	
1443	GOBP_RESPONSE_TO_EPIDERMAL_GROWTH_FACTOR	GO_BP	331	290	1559	714	27	INTERNAL_AND_DESCRIPTIVE_NOT_SPATIAL_CONFIRMATION	
1444	GOBP_RESPONSE_TO_ESTROGEN	GO_BP	331	290	1559	714	27	INTERNAL_AND_DESCRIPTIVE_NOT_SPATIAL_CONFIRMATION	
1445	GOBP_RESPONSE_TO_ETHANOL	GO_BP	331	290	1559	714	27	INTERNAL_AND_DESCRIPTIVE_NOT_SPATIAL_CONFIRMATION	
1446	GOBP_RESPONSE_TO_ETHER	GO_BP	331	290	1559	714	27	INTERNAL_AND_DESCRIPTIVE_NOT_SPATIAL_CONFIRMATION	
1447	GOBP_RESPONSE_TO_FOOD	GO_BP	331	290	1559	714	27	INTERNAL_AND_DESCRIPTIVE_NOT_SPATIAL_CONFIRMATION	
1448	GOBP_RESPONSE_TO_GLUCAGON	GO_BP	331	290	1559	714	27	INTERNAL_AND_DESCRIPTIVE_NOT_SPATIAL_CONFIRMATION	
1449	GOBP_RESPONSE_TO_HYDROPEROXIDE	GO_BP	331	290	1559	714	27	INTERNAL_AND_DESCRIPTIVE_NOT_SPATIAL_CONFIRMATION	
1450	GOBP_RESPONSE_TO_IMMOBILIZATION_STRESS	GO_BP	331	290	1559	714	27	INTERNAL_AND_DESCRIPTIVE_NOT_SPATIAL_CONFIRMATION	
1451	GOBP_RESPONSE_TO_INCREASED_OXYGEN_LEVELS	GO_BP	331	290	1559	714	27	INTERNAL_AND_DESCRIPTIVE_NOT_SPATIAL_CONFIRMATION	
1452	GOBP_RESPONSE_TO_INTERFERON_ALPHA	GO_BP	331	290	1559	714	27	INTERNAL_AND_DESCRIPTIVE_NOT_SPATIAL_CONFIRMATION	
1453	GOBP_RESPONSE_TO_INTERLEUKIN_4	GO_BP	331	290	1559	714	27	INTERNAL_AND_DESCRIPTIVE_NOT_SPATIAL_CONFIRMATION	
1454	GOBP_RESPONSE_TO_INTERLEUKIN_7	GO_BP	331	290	1559	714	27	INTERNAL_AND_DESCRIPTIVE_NOT_SPATIAL_CONFIRMATION	
1455	GOBP_RESPONSE_TO_IRON_ION	GO_BP	331	290	1559	714	27	INTERNAL_AND_DESCRIPTIVE_NOT_SPATIAL_CONFIRMATION	
1456	GOBP_RESPONSE_TO_ISCHEMIA	GO_BP	331	290	1559	714	27	INTERNAL_AND_DESCRIPTIVE_NOT_SPATIAL_CONFIRMATION	
1457	GOBP_RESPONSE_TO_LAMINAR_FLUID_SHEAR_STRESS	GO_BP	331	290	1559	714	27	INTERNAL_AND_DESCRIPTIVE_NOT_SPATIAL_CONFIRMATION	
1458	GOBP_RESPONSE_TO_LECTIN	GO_BP	331	290	1559	714	27	INTERNAL_AND_DESCRIPTIVE_NOT_SPATIAL_CONFIRMATION	
1459	GOBP_RESPONSE_TO_LEPTIN	GO_BP	331	290	1559	714	27	INTERNAL_AND_DESCRIPTIVE_NOT_SPATIAL_CONFIRMATION	
1460	GOBP_RESPONSE_TO_LEUKEMIA_INHIBITORY_FACTOR	GO_BP	331	290	1559	714	27	INTERNAL_AND_DESCRIPTIVE_NOT_SPATIAL_CONFIRMATION	
1461	GOBP_RESPONSE_TO_LIPOPROTEIN_PARTICLE	GO_BP	66	52	13	0	3	INTERNAL_AND_DESCRIPTIVE_NOT_SPATIAL_CONFIRMATION	
1462	GOBP_RESPONSE_TO_MINERALOCORTICOID	GO_BP	331	290	1559	714	27	INTERNAL_AND_DESCRIPTIVE_NOT_SPATIAL_CONFIRMATION	
1463	GOBP_RESPONSE_TO_MISFOLDED_PROTEIN	GO_BP	331	290	1559	714	27	INTERNAL_AND_DESCRIPTIVE_NOT_SPATIAL_CONFIRMATION	
1464	GOBP_RESPONSE_TO_MURAMYL_DIPEPTIDE	GO_BP	331	290	1559	714	27	INTERNAL_AND_DESCRIPTIVE_NOT_SPATIAL_CONFIRMATION	
1465	GOBP_RESPONSE_TO_MUSCLE_ACTIVITY	GO_BP	331	290	1559	714	27	INTERNAL_AND_DESCRIPTIVE_NOT_SPATIAL_CONFIRMATION	
1466	GOBP_RESPONSE_TO_MUSCLE_STRETCH	GO_BP	331	290	1559	714	27	INTERNAL_AND_DESCRIPTIVE_NOT_SPATIAL_CONFIRMATION	
1467	GOBP_RESPONSE_TO_NERVE_GROWTH_FACTOR	GO_BP	331	290	1559	714	27	INTERNAL_AND_DESCRIPTIVE_NOT_SPATIAL_CONFIRMATION	
1468	GOBP_RESPONSE_TO_NICOTINE	GO_BP	331	290	1559	714	27	INTERNAL_AND_DESCRIPTIVE_NOT_SPATIAL_CONFIRMATION	
1469	GOBP_RESPONSE_TO_NITRIC_OXIDE	GO_BP	331	290	1559	714	27	INTERNAL_AND_DESCRIPTIVE_NOT_SPATIAL_CONFIRMATION	
1470	GOBP_RESPONSE_TO_PLATELET_DERIVED_GROWTH_FACTOR	GO_BP	331	290	1559	714	27	INTERNAL_AND_DESCRIPTIVE_NOT_SPATIAL_CONFIRMATION	
1471	GOBP_RESPONSE_TO_POTASSIUM_ION	GO_BP	331	290	1559	714	27	INTERNAL_AND_DESCRIPTIVE_NOT_SPATIAL_CONFIRMATION	
1472	GOBP_RESPONSE_TO_PROGESTERONE	GO_BP	331	290	1559	714	27	INTERNAL_AND_DESCRIPTIVE_NOT_SPATIAL_CONFIRMATION	
1473	GOBP_RESPONSE_TO_PROSTAGLANDIN_E	GO_BP	331	290	1559	714	27	INTERNAL_AND_DESCRIPTIVE_NOT_SPATIAL_CONFIRMATION	
1474	GOBP_RESPONSE_TO_PROTOZOAN	GO_BP	331	290	1559	714	27	INTERNAL_AND_DESCRIPTIVE_NOT_SPATIAL_CONFIRMATION	
1475	GOBP_RESPONSE_TO_SALT	GO_BP	331	290	1559	714	27	INTERNAL_AND_DESCRIPTIVE_NOT_SPATIAL_CONFIRMATION	
1476	GOBP_RESPONSE_TO_SALT_STRESS	GO_BP	331	290	1559	714	27	INTERNAL_AND_DESCRIPTIVE_NOT_SPATIAL_CONFIRMATION	
1477	GOBP_RESPONSE_TO_TESTOSTERONE	GO_BP	331	290	1559	714	27	INTERNAL_AND_DESCRIPTIVE_NOT_SPATIAL_CONFIRMATION	
1478	GOBP_RESPONSE_TO_THYROID_HORMONE	GO_BP	331	290	1559	714	27	INTERNAL_AND_DESCRIPTIVE_NOT_SPATIAL_CONFIRMATION	
1479	GOBP_RESPONSE_TO_TUMOR_CELL	GO_BP	331	290	1559	714	27	INTERNAL_AND_DESCRIPTIVE_NOT_SPATIAL_CONFIRMATION	
1480	GOBP_RESPONSE_TO_TYPE_I_INTERFERON	GO_BP	331	290	1559	714	27	INTERNAL_AND_DESCRIPTIVE_NOT_SPATIAL_CONFIRMATION	
1481	GOBP_RESPONSE_TO_UV_B	GO_BP	331	290	1559	714	27	INTERNAL_AND_DESCRIPTIVE_NOT_SPATIAL_CONFIRMATION	
1482	GOBP_RESPONSE_TO_X_RAY	GO_BP	331	290	1559	714	27	INTERNAL_AND_DESCRIPTIVE_NOT_SPATIAL_CONFIRMATION	
1483	GOBP_RETICULOPHAGY	GO_BP	331	290	1559	714	27	INTERNAL_AND_DESCRIPTIVE_NOT_SPATIAL_CONFIRMATION	
1484	GOBP_RETINAL_GANGLION_CELL_AXON_GUIDANCE	GO_BP	331	290	1559	714	27	INTERNAL_AND_DESCRIPTIVE_NOT_SPATIAL_CONFIRMATION	
1485	GOBP_RETINA_LAYER_FORMATION	GO_BP	331	290	1559	714	27	INTERNAL_AND_DESCRIPTIVE_NOT_SPATIAL_CONFIRMATION	
1486	GOBP_RETINA_VASCULATURE_DEVELOPMENT_IN_CAMERA_TYPE_EYE	GO_BP	331	290	1559	714	27	INTERNAL_AND_DESCRIPTIVE_NOT_SPATIAL_CONFIRMATION	
1487	GOBP_RETINOIC_ACID_METABOLIC_PROCESS	GO_BP	331	290	1559	714	27	INTERNAL_AND_DESCRIPTIVE_NOT_SPATIAL_CONFIRMATION	
1488	GOBP_RETINOIC_ACID_RECEPTOR_SIGNALING_PATHWAY	GO_BP	331	290	1559	714	27	INTERNAL_AND_DESCRIPTIVE_NOT_SPATIAL_CONFIRMATION	
1489	GOBP_RETINOL_METABOLIC_PROCESS	GO_BP	331	290	1559	714	27	INTERNAL_AND_DESCRIPTIVE_NOT_SPATIAL_CONFIRMATION	
1490	GOBP_RETROGRADE_AXONAL_TRANSPORT	GO_BP	331	290	1559	714	27	INTERNAL_AND_DESCRIPTIVE_NOT_SPATIAL_CONFIRMATION	
1491	GOBP_RETROGRADE_TRANSPORT_ENDOSOME_TO_GOLGI	GO_BP	331	290	1559	714	27	INTERNAL_AND_DESCRIPTIVE_NOT_SPATIAL_CONFIRMATION	
1492	GOBP_RETROGRADE_VESICLE_MEDIATED_TRANSPORT_GOLGI_TO_ENDOPLASMIC_RETICULUM	GO_BP	331	290	1559	714	27	INTERNAL_AND_DESCRIPTIVE_NOT_SPATIAL_CONFIRMATION	
1493	GOBP_REVERSE_CHOLESTEROL_TRANSPORT	GO_BP	331	290	1559	714	27	INTERNAL_AND_DESCRIPTIVE_NOT_SPATIAL_CONFIRMATION	
1494	GOBP_RHO_PROTEIN_SIGNAL_TRANSDUCTION	GO_BP	331	290	1559	714	27	INTERNAL_AND_DESCRIPTIVE_NOT_SPATIAL_CONFIRMATION	
1495	GOBP_RIBONUCLEOSIDE_MONOPHOSPHATE_BIOSYNTHETIC_PROCESS	GO_BP	331	290	1559	714	27	INTERNAL_AND_DESCRIPTIVE_NOT_SPATIAL_CONFIRMATION	
1496	GOBP_RIBONUCLEOSIDE_MONOPHOSPHATE_METABOLIC_PROCESS	GO_BP	331	290	1559	714	27	INTERNAL_AND_DESCRIPTIVE_NOT_SPATIAL_CONFIRMATION	
1497	GOBP_RIBOSOMAL_LARGE_SUBUNIT_ASSEMBLY	GO_BP	66	52	13	0	3	INTERNAL_AND_DESCRIPTIVE_NOT_SPATIAL_CONFIRMATION	
1498	GOBP_RIBOSOMAL_SMALL_SUBUNIT_ASSEMBLY	GO_BP	66	52	13	0	3	INTERNAL_AND_DESCRIPTIVE_NOT_SPATIAL_CONFIRMATION	
1499	GOBP_RNA_5_END_PROCESSING	GO_BP	331	290	1559	714	27	INTERNAL_AND_DESCRIPTIVE_NOT_SPATIAL_CONFIRMATION	
1500	GOBP_RNA_DECAPPING	GO_BP	331	290	1559	714	27	INTERNAL_AND_DESCRIPTIVE_NOT_SPATIAL_CONFIRMATION	
1501	GOBP_RNA_POLYMERASE_II_PREINITIATION_COMPLEX_ASSEMBLY	GO_BP	331	290	1559	714	27	INTERNAL_AND_DESCRIPTIVE_NOT_SPATIAL_CONFIRMATION	
1502	GOBP_RNA_SURVEILLANCE	GO_BP	331	290	1559	714	27	INTERNAL_AND_DESCRIPTIVE_NOT_SPATIAL_CONFIRMATION	
1503	GOBP_RNA_TEMPLATED_DNA_BIOSYNTHETIC_PROCESS	GO_BP	331	290	1559	714	27	INTERNAL_AND_DESCRIPTIVE_NOT_SPATIAL_CONFIRMATION	
1504	GOBP_RRNA_METHYLATION	GO_BP	331	290	1559	714	27	INTERNAL_AND_DESCRIPTIVE_NOT_SPATIAL_CONFIRMATION	
1505	GOBP_RUFFLE_ORGANIZATION	GO_BP	331	290	1559	714	27	INTERNAL_AND_DESCRIPTIVE_NOT_SPATIAL_CONFIRMATION	
1506	GOBP_SARCOMERE_ORGANIZATION	GO_BP	331	290	1559	714	27	INTERNAL_AND_DESCRIPTIVE_NOT_SPATIAL_CONFIRMATION	
1507	GOBP_SCF_DEPENDENT_PROTEASOMAL_UBIQUITIN_DEPENDENT_PROTEIN_CATABOLIC_PROCESS	GO_BP	331	290	1559	714	27	INTERNAL_AND_DESCRIPTIVE_NOT_SPATIAL_CONFIRMATION	
1508	GOBP_SCHWANN_CELL_DIFFERENTIATION	GO_BP	331	290	1559	714	27	INTERNAL_AND_DESCRIPTIVE_NOT_SPATIAL_CONFIRMATION	
1509	GOBP_SECONDARY_ALCOHOL_METABOLIC_PROCESS	GO_BP	331	290	1559	714	27	INTERNAL_AND_DESCRIPTIVE_NOT_SPATIAL_CONFIRMATION	
1510	GOBP_SECONDARY_METABOLITE_BIOSYNTHETIC_PROCESS	GO_BP	331	290	1559	714	27	INTERNAL_AND_DESCRIPTIVE_NOT_SPATIAL_CONFIRMATION	
1511	GOBP_SECONDARY_PALATE_DEVELOPMENT	GO_BP	331	290	1559	714	27	INTERNAL_AND_DESCRIPTIVE_NOT_SPATIAL_CONFIRMATION	
1512	GOBP_SECRETION_BY_TISSUE	GO_BP	331	290	1559	714	27	INTERNAL_AND_DESCRIPTIVE_NOT_SPATIAL_CONFIRMATION	
1513	GOBP_SECRETORY_GRANULE_LOCALIZATION	GO_BP	331	290	1559	714	27	INTERNAL_AND_DESCRIPTIVE_NOT_SPATIAL_CONFIRMATION	
1514	GOBP_SEMAPHORIN_PLEXIN_SIGNALING_PATHWAY	GO_BP	331	290	1559	714	27	INTERNAL_AND_DESCRIPTIVE_NOT_SPATIAL_CONFIRMATION	
1515	GOBP_SEMINIFEROUS_TUBULE_DEVELOPMENT	GO_BP	331	290	1559	714	27	INTERNAL_AND_DESCRIPTIVE_NOT_SPATIAL_CONFIRMATION	
1516	GOBP_SENSORY_PERCEPTION_OF_BITTER_TASTE	GO_BP	331	290	1559	714	27	INTERNAL_AND_DESCRIPTIVE_NOT_SPATIAL_CONFIRMATION	
1517	GOBP_SENSORY_PERCEPTION_OF_SMELL	GO_BP	331	290	1559	714	27	INTERNAL_AND_DESCRIPTIVE_NOT_SPATIAL_CONFIRMATION	
1518	GOBP_SEQUESTERING_OF_CALCIUM_ION	GO_BP	331	290	1559	714	27	INTERNAL_AND_DESCRIPTIVE_NOT_SPATIAL_CONFIRMATION	
1519	GOBP_SERINE_FAMILY_AMINO_ACID_METABOLIC_PROCESS	GO_BP	331	290	1559	714	27	INTERNAL_AND_DESCRIPTIVE_NOT_SPATIAL_CONFIRMATION	
1520	GOBP_SEROTONIN_TRANSPORT	GO_BP	331	290	1559	714	27	INTERNAL_AND_DESCRIPTIVE_NOT_SPATIAL_CONFIRMATION	
1521	GOBP_SERTOLI_CELL_DIFFERENTIATION	GO_BP	331	290	1559	714	27	INTERNAL_AND_DESCRIPTIVE_NOT_SPATIAL_CONFIRMATION	
1522	GOBP_SEX_CHROMOSOME_DOSAGE_COMPENSATION	GO_BP	221	200	1493	708	24	INTERNAL_AND_DESCRIPTIVE_NOT_SPATIAL_CONFIRMATION	
1523	GOBP_SEX_DETERMINATION	GO_BP	331	290	1559	714	27	INTERNAL_AND_DESCRIPTIVE_NOT_SPATIAL_CONFIRMATION	
1524	GOBP_SIGNALING_RECEPTOR_LIGAND_PRECURSOR_PROCESSING	GO_BP	331	290	1559	714	27	INTERNAL_AND_DESCRIPTIVE_NOT_SPATIAL_CONFIRMATION	
1525	GOBP_SIGNAL_TRANSDUCTION_INVOLVED_IN_REGULATION_OF_GENE_EXPRESSION	GO_BP	331	290	1559	714	27	INTERNAL_AND_DESCRIPTIVE_NOT_SPATIAL_CONFIRMATION	
1526	GOBP_SIGNAL_TRANSDUCTION_IN_ABSENCE_OF_LIGAND	GO_BP	331	290	1559	714	27	INTERNAL_AND_DESCRIPTIVE_NOT_SPATIAL_CONFIRMATION	
1527	GOBP_SKELETAL_MUSCLE_ADAPTATION	GO_BP	331	290	1559	714	27	INTERNAL_AND_DESCRIPTIVE_NOT_SPATIAL_CONFIRMATION	
1528	GOBP_SKELETAL_MUSCLE_CELL_DIFFERENTIATION	GO_BP	331	290	1559	714	27	INTERNAL_AND_DESCRIPTIVE_NOT_SPATIAL_CONFIRMATION	
1529	GOBP_SKELETAL_MUSCLE_CELL_PROLIFERATION	GO_BP	331	290	1559	714	27	INTERNAL_AND_DESCRIPTIVE_NOT_SPATIAL_CONFIRMATION	
1530	GOBP_SKELETAL_MUSCLE_CONTRACTION	GO_BP	331	290	1559	714	27	INTERNAL_AND_DESCRIPTIVE_NOT_SPATIAL_CONFIRMATION	
1531	GOBP_SKELETAL_MUSCLE_TISSUE_REGENERATION	GO_BP	331	290	1559	714	27	INTERNAL_AND_DESCRIPTIVE_NOT_SPATIAL_CONFIRMATION	
1532	GOBP_SMAD_PROTEIN_SIGNAL_TRANSDUCTION	GO_BP	331	290	1559	714	27	INTERNAL_AND_DESCRIPTIVE_NOT_SPATIAL_CONFIRMATION	
1533	GOBP_SMOOTHENED_SIGNALING_PATHWAY	GO_BP	331	290	1559	714	27	INTERNAL_AND_DESCRIPTIVE_NOT_SPATIAL_CONFIRMATION	
1534	GOBP_SMOOTH_MUSCLE_CELL_APOPTOTIC_PROCESS	GO_BP	0	0	0	0	0	INTERNAL_AND_DESCRIPTIVE_NOT_SPATIAL_CONFIRMATION	
1535	GOBP_SMOOTH_MUSCLE_TISSUE_DEVELOPMENT	GO_BP	331	290	1559	714	27	INTERNAL_AND_DESCRIPTIVE_NOT_SPATIAL_CONFIRMATION	
1536	GOBP_SNARE_COMPLEX_ASSEMBLY	GO_BP	331	290	1559	714	27	INTERNAL_AND_DESCRIPTIVE_NOT_SPATIAL_CONFIRMATION	
1537	GOBP_SNRNA_3_END_PROCESSING	GO_BP	331	290	1559	714	27	INTERNAL_AND_DESCRIPTIVE_NOT_SPATIAL_CONFIRMATION	
1538	GOBP_SNRNA_TRANSCRIPTION	GO_BP	331	290	1559	714	27	INTERNAL_AND_DESCRIPTIVE_NOT_SPATIAL_CONFIRMATION	
1539	GOBP_SODIUM_ION_EXPORT_ACROSS_PLASMA_MEMBRANE	GO_BP	331	290	1559	714	27	INTERNAL_AND_DESCRIPTIVE_NOT_SPATIAL_CONFIRMATION	
1540	GOBP_SODIUM_ION_IMPORT_ACROSS_PLASMA_MEMBRANE	GO_BP	331	290	1559	714	27	INTERNAL_AND_DESCRIPTIVE_NOT_SPATIAL_CONFIRMATION	
1541	GOBP_SOMATIC_DIVERSIFICATION_OF_IMMUNE_RECEPTORS	GO_BP	331	290	1559	714	27	INTERNAL_AND_DESCRIPTIVE_NOT_SPATIAL_CONFIRMATION	
1542	GOBP_SOMATIC_STEM_CELL_POPULATION_MAINTENANCE	GO_BP	331	290	1559	714	27	INTERNAL_AND_DESCRIPTIVE_NOT_SPATIAL_CONFIRMATION	
1543	GOBP_SOMITOGENESIS	GO_BP	331	290	1559	714	27	INTERNAL_AND_DESCRIPTIVE_NOT_SPATIAL_CONFIRMATION	
1544	GOBP_SPECIFICATION_OF_ANIMAL_ORGAN_IDENTITY	GO_BP	331	290	1559	714	27	INTERNAL_AND_DESCRIPTIVE_NOT_SPATIAL_CONFIRMATION	
1545	GOBP_SPECIFICATION_OF_SYMMETRY	GO_BP	331	290	1559	714	27	INTERNAL_AND_DESCRIPTIVE_NOT_SPATIAL_CONFIRMATION	
1546	GOBP_SPERMATID_NUCLEUS_DIFFERENTIATION	GO_BP	331	290	1559	714	27	INTERNAL_AND_DESCRIPTIVE_NOT_SPATIAL_CONFIRMATION	
1547	GOBP_SPERM_AXONEME_ASSEMBLY	GO_BP	331	290	1559	714	27	INTERNAL_AND_DESCRIPTIVE_NOT_SPATIAL_CONFIRMATION	
1548	GOBP_SPERM_CAPACITATION	GO_BP	331	290	1559	714	27	INTERNAL_AND_DESCRIPTIVE_NOT_SPATIAL_CONFIRMATION	
1549	GOBP_SPHINGOID_METABOLIC_PROCESS	GO_BP	331	290	1559	714	27	INTERNAL_AND_DESCRIPTIVE_NOT_SPATIAL_CONFIRMATION	
1550	GOBP_SPHINGOLIPID_MEDIATED_SIGNALING_PATHWAY	GO_BP	331	290	1559	714	27	INTERNAL_AND_DESCRIPTIVE_NOT_SPATIAL_CONFIRMATION	
1551	GOBP_SPHINGOMYELIN_METABOLIC_PROCESS	GO_BP	331	290	1559	714	27	INTERNAL_AND_DESCRIPTIVE_NOT_SPATIAL_CONFIRMATION	
1552	GOBP_SPINAL_CORD_MOTOR_NEURON_DIFFERENTIATION	GO_BP	331	290	1559	714	27	INTERNAL_AND_DESCRIPTIVE_NOT_SPATIAL_CONFIRMATION	
1553	GOBP_SPLEEN_DEVELOPMENT	GO_BP	331	290	1559	714	27	INTERNAL_AND_DESCRIPTIVE_NOT_SPATIAL_CONFIRMATION	
1554	GOBP_SPLICEOSOMAL_TRI_SNRNP_COMPLEX_ASSEMBLY	GO_BP	0	0	0	0	0	INTERNAL_AND_DESCRIPTIVE_NOT_SPATIAL_CONFIRMATION	
1555	GOBP_SRP_DEPENDENT_COTRANSLATIONAL_PROTEIN_TARGETING_TO_MEMBRANE	GO_BP	0	0	0	0	0	INTERNAL_AND_DESCRIPTIVE_NOT_SPATIAL_CONFIRMATION	
1556	GOBP_STARTLE_RESPONSE	GO_BP	331	290	1559	714	27	INTERNAL_AND_DESCRIPTIVE_NOT_SPATIAL_CONFIRMATION	
1557	GOBP_STEM_CELL_DEVELOPMENT	GO_BP	331	290	1559	714	27	INTERNAL_AND_DESCRIPTIVE_NOT_SPATIAL_CONFIRMATION	
1558	GOBP_STEM_CELL_DIVISION	GO_BP	331	290	1559	714	27	INTERNAL_AND_DESCRIPTIVE_NOT_SPATIAL_CONFIRMATION	
1559	GOBP_STEROID_CATABOLIC_PROCESS	GO_BP	331	290	1559	714	27	INTERNAL_AND_DESCRIPTIVE_NOT_SPATIAL_CONFIRMATION	
1560	GOBP_STEROL_BIOSYNTHETIC_PROCESS	GO_BP	331	290	1559	714	27	INTERNAL_AND_DESCRIPTIVE_NOT_SPATIAL_CONFIRMATION	
1561	GOBP_STEROL_HOMEOSTASIS	GO_BP	331	290	1559	714	27	INTERNAL_AND_DESCRIPTIVE_NOT_SPATIAL_CONFIRMATION	
1562	GOBP_STORE_OPERATED_CALCIUM_ENTRY	GO_BP	331	290	1559	714	27	INTERNAL_AND_DESCRIPTIVE_NOT_SPATIAL_CONFIRMATION	
1563	GOBP_STRESS_ACTIVATED_PROTEIN_KINASE_SIGNALING_CASCADE	GO_BP	331	290	1559	714	27	INTERNAL_AND_DESCRIPTIVE_NOT_SPATIAL_CONFIRMATION	
1564	GOBP_STRESS_FIBER_ASSEMBLY	GO_BP	331	290	1559	714	27	INTERNAL_AND_DESCRIPTIVE_NOT_SPATIAL_CONFIRMATION	
1565	GOBP_STRESS_GRANULE_ASSEMBLY	GO_BP	331	290	1559	714	27	INTERNAL_AND_DESCRIPTIVE_NOT_SPATIAL_CONFIRMATION	
1566	GOBP_STRIATED_MUSCLE_CELL_APOPTOTIC_PROCESS	GO_BP	0	0	0	0	0	INTERNAL_AND_DESCRIPTIVE_NOT_SPATIAL_CONFIRMATION	
1567	GOBP_STRIATUM_DEVELOPMENT	GO_BP	331	290	1559	714	27	INTERNAL_AND_DESCRIPTIVE_NOT_SPATIAL_CONFIRMATION	
1568	GOBP_SUBSTANTIA_NIGRA_DEVELOPMENT	GO_BP	331	290	1559	714	27	INTERNAL_AND_DESCRIPTIVE_NOT_SPATIAL_CONFIRMATION	
1569	GOBP_SUBSTRATE_ADHESION_DEPENDENT_CELL_SPREADING	GO_BP	331	290	1559	714	27	INTERNAL_AND_DESCRIPTIVE_NOT_SPATIAL_CONFIRMATION	
1570	GOBP_SUBSTRATE_DEPENDENT_CELL_MIGRATION	GO_BP	331	290	1559	714	27	INTERNAL_AND_DESCRIPTIVE_NOT_SPATIAL_CONFIRMATION	
1571	GOBP_SULFATION	GO_BP	331	290	1559	714	27	INTERNAL_AND_DESCRIPTIVE_NOT_SPATIAL_CONFIRMATION	
1572	GOBP_SULFUR_AMINO_ACID_METABOLIC_PROCESS	GO_BP	331	290	1559	714	27	INTERNAL_AND_DESCRIPTIVE_NOT_SPATIAL_CONFIRMATION	
1573	GOBP_SULFUR_COMPOUND_CATABOLIC_PROCESS	GO_BP	331	290	1559	714	27	INTERNAL_AND_DESCRIPTIVE_NOT_SPATIAL_CONFIRMATION	
1574	GOBP_SULFUR_COMPOUND_TRANSPORT	GO_BP	331	290	1559	714	27	INTERNAL_AND_DESCRIPTIVE_NOT_SPATIAL_CONFIRMATION	
1575	GOBP_SUPEROXIDE_ANION_GENERATION	GO_BP	331	290	1559	714	27	INTERNAL_AND_DESCRIPTIVE_NOT_SPATIAL_CONFIRMATION	
1576	GOBP_SURFACTANT_HOMEOSTASIS	GO_BP	331	290	1559	714	27	INTERNAL_AND_DESCRIPTIVE_NOT_SPATIAL_CONFIRMATION	
1577	GOBP_SYMBIONT_ENTRY_INTO_HOST	GO_BP	331	290	1559	714	27	INTERNAL_AND_DESCRIPTIVE_NOT_SPATIAL_CONFIRMATION	
1578	GOBP_SYMPATHETIC_NERVOUS_SYSTEM_DEVELOPMENT	GO_BP	331	290	1559	714	27	INTERNAL_AND_DESCRIPTIVE_NOT_SPATIAL_CONFIRMATION	
1579	GOBP_SYNAPSE_MATURATION	GO_BP	331	290	1559	714	27	INTERNAL_AND_DESCRIPTIVE_NOT_SPATIAL_CONFIRMATION	
1580	GOBP_SYNAPTIC_MEMBRANE_ADHESION	GO_BP	331	290	1559	714	27	INTERNAL_AND_DESCRIPTIVE_NOT_SPATIAL_CONFIRMATION	
1581	GOBP_SYNAPTIC_TRANSMISSION_CHOLINERGIC	GO_BP	331	290	1559	714	27	INTERNAL_AND_DESCRIPTIVE_NOT_SPATIAL_CONFIRMATION	
1582	GOBP_SYNAPTIC_TRANSMISSION_DOPAMINERGIC	GO_BP	331	290	1559	714	27	INTERNAL_AND_DESCRIPTIVE_NOT_SPATIAL_CONFIRMATION	
1583	GOBP_SYNAPTIC_TRANSMISSION_GABAERGIC	GO_BP	331	290	1559	714	27	INTERNAL_AND_DESCRIPTIVE_NOT_SPATIAL_CONFIRMATION	
1584	GOBP_SYNAPTIC_TRANSMISSION_GLUTAMATERGIC	GO_BP	331	290	1559	714	27	INTERNAL_AND_DESCRIPTIVE_NOT_SPATIAL_CONFIRMATION	
1585	GOBP_SYNAPTIC_VESICLE_MATURATION	GO_BP	331	290	1559	714	27	INTERNAL_AND_DESCRIPTIVE_NOT_SPATIAL_CONFIRMATION	
1586	GOBP_SYNAPTIC_VESICLE_PRIMING	GO_BP	331	290	1559	714	27	INTERNAL_AND_DESCRIPTIVE_NOT_SPATIAL_CONFIRMATION	
1587	GOBP_SYNAPTIC_VESICLE_TRANSPORT	GO_BP	331	290	1559	714	27	INTERNAL_AND_DESCRIPTIVE_NOT_SPATIAL_CONFIRMATION	
1588	GOBP_SYNAPTONEMAL_COMPLEX_ORGANIZATION	GO_BP	331	290	1559	714	27	INTERNAL_AND_DESCRIPTIVE_NOT_SPATIAL_CONFIRMATION	
1589	GOBP_TELENCEPHALON_GLIAL_CELL_MIGRATION	GO_BP	331	290	1559	714	27	INTERNAL_AND_DESCRIPTIVE_NOT_SPATIAL_CONFIRMATION	
1590	GOBP_TELOMERE_CAPPING	GO_BP	331	290	1559	714	27	INTERNAL_AND_DESCRIPTIVE_NOT_SPATIAL_CONFIRMATION	
1591	GOBP_TELOMERE_MAINTENANCE_IN_RESPONSE_TO_DNA_DAMAGE	GO_BP	331	290	1559	714	27	INTERNAL_AND_DESCRIPTIVE_NOT_SPATIAL_CONFIRMATION	
1592	GOBP_TERTIARY_ALCOHOL_METABOLIC_PROCESS	GO_BP	331	290	1559	714	27	INTERNAL_AND_DESCRIPTIVE_NOT_SPATIAL_CONFIRMATION	
1593	GOBP_TETRAHYDROFOLATE_METABOLIC_PROCESS	GO_BP	331	290	1559	714	27	INTERNAL_AND_DESCRIPTIVE_NOT_SPATIAL_CONFIRMATION	
1594	GOBP_TETRAPYRROLE_BIOSYNTHETIC_PROCESS	GO_BP	331	290	1559	714	27	INTERNAL_AND_DESCRIPTIVE_NOT_SPATIAL_CONFIRMATION	
1595	GOBP_THIOESTER_BIOSYNTHETIC_PROCESS	GO_BP	331	290	1559	714	27	INTERNAL_AND_DESCRIPTIVE_NOT_SPATIAL_CONFIRMATION	
1596	GOBP_THYMIC_T_CELL_SELECTION	GO_BP	331	290	1559	714	27	INTERNAL_AND_DESCRIPTIVE_NOT_SPATIAL_CONFIRMATION	
1597	GOBP_THYMOCYTE_APOPTOTIC_PROCESS	GO_BP	331	290	1559	714	27	INTERNAL_AND_DESCRIPTIVE_NOT_SPATIAL_CONFIRMATION	
1598	GOBP_THYMUS_DEVELOPMENT	GO_BP	331	290	1559	714	27	INTERNAL_AND_DESCRIPTIVE_NOT_SPATIAL_CONFIRMATION	
1599	GOBP_THYROID_GLAND_DEVELOPMENT	GO_BP	331	290	1559	714	27	INTERNAL_AND_DESCRIPTIVE_NOT_SPATIAL_CONFIRMATION	
1600	GOBP_THYROID_HORMONE_GENERATION	GO_BP	331	290	1559	714	27	INTERNAL_AND_DESCRIPTIVE_NOT_SPATIAL_CONFIRMATION	
1601	GOBP_TIGHT_JUNCTION_ASSEMBLY	GO_BP	331	290	1559	714	27	INTERNAL_AND_DESCRIPTIVE_NOT_SPATIAL_CONFIRMATION	
1602	GOBP_TOLERANCE_INDUCTION	GO_BP	331	290	1559	714	27	INTERNAL_AND_DESCRIPTIVE_NOT_SPATIAL_CONFIRMATION	
1603	GOBP_TOLL_LIKE_RECEPTOR_3_SIGNALING_PATHWAY	GO_BP	331	290	1559	714	27	INTERNAL_AND_DESCRIPTIVE_NOT_SPATIAL_CONFIRMATION	
1604	GOBP_TOLL_LIKE_RECEPTOR_9_SIGNALING_PATHWAY	GO_BP	331	290	1559	714	27	INTERNAL_AND_DESCRIPTIVE_NOT_SPATIAL_CONFIRMATION	
1605	GOBP_TORC1_SIGNALING	GO_BP	331	290	1559	714	27	INTERNAL_AND_DESCRIPTIVE_NOT_SPATIAL_CONFIRMATION	
1606	GOBP_TORC2_SIGNALING	GO_BP	331	290	1559	714	27	INTERNAL_AND_DESCRIPTIVE_NOT_SPATIAL_CONFIRMATION	
1607	GOBP_TRABECULA_FORMATION	GO_BP	331	290	1559	714	27	INTERNAL_AND_DESCRIPTIVE_NOT_SPATIAL_CONFIRMATION	
1608	GOBP_TRANSCRIPTION_BY_RNA_POLYMERASE_III	GO_BP	331	290	1559	714	27	INTERNAL_AND_DESCRIPTIVE_NOT_SPATIAL_CONFIRMATION	
1609	GOBP_TRANSCYTOSIS	GO_BP	331	290	1559	714	27	INTERNAL_AND_DESCRIPTIVE_NOT_SPATIAL_CONFIRMATION	
1610	GOBP_TRANSEPITHELIAL_TRANSPORT	GO_BP	331	290	1559	714	27	INTERNAL_AND_DESCRIPTIVE_NOT_SPATIAL_CONFIRMATION	
1611	GOBP_TRANSFORMING_GROWTH_FACTOR_BETA_PRODUCTION	GO_BP	331	290	1559	714	27	INTERNAL_AND_DESCRIPTIVE_NOT_SPATIAL_CONFIRMATION	
1612	GOBP_TRANSFORMING_GROWTH_FACTOR_BETA_RECEPTOR_SIGNALING_PATHWAY	GO_BP	221	200	1493	708	24	INTERNAL_AND_DESCRIPTIVE_NOT_SPATIAL_CONFIRMATION	
1613	GOBP_TRANSLATIONAL_ELONGATION	GO_BP	221	200	1493	708	24	INTERNAL_AND_DESCRIPTIVE_NOT_SPATIAL_CONFIRMATION	
1614	GOBP_TRANSLESION_SYNTHESIS	GO_BP	331	290	1559	714	27	INTERNAL_AND_DESCRIPTIVE_NOT_SPATIAL_CONFIRMATION	
1615	GOBP_TRANSPOSABLE_ELEMENT_SILENCING_BY_HETEROCHROMATIN_FORMATION	GO_BP	331	290	1559	714	27	INTERNAL_AND_DESCRIPTIVE_NOT_SPATIAL_CONFIRMATION	
1616	GOBP_TRANSPOSITION	GO_BP	331	290	1559	714	27	INTERNAL_AND_DESCRIPTIVE_NOT_SPATIAL_CONFIRMATION	
1617	GOBP_TRICARBOXYLIC_ACID_CYCLE	GO_BP	331	290	1559	714	27	INTERNAL_AND_DESCRIPTIVE_NOT_SPATIAL_CONFIRMATION	
1618	GOBP_TRIGLYCERIDE_BIOSYNTHETIC_PROCESS	GO_BP	331	290	1559	714	27	INTERNAL_AND_DESCRIPTIVE_NOT_SPATIAL_CONFIRMATION	
1619	GOBP_TRIGLYCERIDE_CATABOLIC_PROCESS	GO_BP	331	290	1559	714	27	INTERNAL_AND_DESCRIPTIVE_NOT_SPATIAL_CONFIRMATION	
1620	GOBP_TRIPARTITE_REGIONAL_SUBDIVISION	GO_BP	331	290	1559	714	27	INTERNAL_AND_DESCRIPTIVE_NOT_SPATIAL_CONFIRMATION	
1621	GOBP_TRNA_METHYLATION	GO_BP	331	290	1559	714	27	INTERNAL_AND_DESCRIPTIVE_NOT_SPATIAL_CONFIRMATION	
1622	GOBP_TRNA_THREONYLCARBAMOYLADENOSINE_METABOLIC_PROCESS	GO_BP	331	290	1559	714	27	INTERNAL_AND_DESCRIPTIVE_NOT_SPATIAL_CONFIRMATION	
1623	GOBP_TRNA_WOBBLE_BASE_MODIFICATION	GO_BP	331	290	1559	714	27	INTERNAL_AND_DESCRIPTIVE_NOT_SPATIAL_CONFIRMATION	
1624	GOBP_TROPHECTODERMAL_CELL_DIFFERENTIATION	GO_BP	331	290	1559	714	27	INTERNAL_AND_DESCRIPTIVE_NOT_SPATIAL_CONFIRMATION	
1625	GOBP_TROPHOBLAST_CELL_MIGRATION	GO_BP	331	290	1559	714	27	INTERNAL_AND_DESCRIPTIVE_NOT_SPATIAL_CONFIRMATION	
1626	GOBP_TUBE_CLOSURE	GO_BP	331	290	1559	714	27	INTERNAL_AND_DESCRIPTIVE_NOT_SPATIAL_CONFIRMATION	
1627	GOBP_TUMOR_NECROSIS_FACTOR_MEDIATED_SIGNALING_PATHWAY	GO_BP	331	290	1559	714	27	INTERNAL_AND_DESCRIPTIVE_NOT_SPATIAL_CONFIRMATION	
1628	GOBP_TUMOR_NECROSIS_FACTOR_SUPERFAMILY_CYTOKINE_PRODUCTION	GO_BP	331	290	1559	714	27	INTERNAL_AND_DESCRIPTIVE_NOT_SPATIAL_CONFIRMATION	
1629	GOBP_TYPE_B_PANCREATIC_CELL_DEVELOPMENT	GO_BP	331	290	1559	714	27	INTERNAL_AND_DESCRIPTIVE_NOT_SPATIAL_CONFIRMATION	
1630	GOBP_TYPE_B_PANCREATIC_CELL_PROLIFERATION	GO_BP	331	290	1559	714	27	INTERNAL_AND_DESCRIPTIVE_NOT_SPATIAL_CONFIRMATION	
1631	GOBP_TYPE_II_INTERFERON_MEDIATED_SIGNALING_PATHWAY	GO_BP	331	290	1559	714	27	INTERNAL_AND_DESCRIPTIVE_NOT_SPATIAL_CONFIRMATION	
1632	GOBP_TYPE_II_INTERFERON_PRODUCTION	GO_BP	331	290	1559	714	27	INTERNAL_AND_DESCRIPTIVE_NOT_SPATIAL_CONFIRMATION	
1633	GOBP_T_CELL_CHEMOTAXIS	GO_BP	331	290	1559	714	27	INTERNAL_AND_DESCRIPTIVE_NOT_SPATIAL_CONFIRMATION	
1634	GOBP_T_CELL_HOMEOSTASIS	GO_BP	331	290	1559	714	27	INTERNAL_AND_DESCRIPTIVE_NOT_SPATIAL_CONFIRMATION	
1635	GOBP_T_CELL_MEDIATED_CYTOTOXICITY	GO_BP	331	290	1559	714	27	INTERNAL_AND_DESCRIPTIVE_NOT_SPATIAL_CONFIRMATION	
1636	GOBP_T_CELL_RECEPTOR_SIGNALING_PATHWAY	GO_BP	331	290	1559	714	27	INTERNAL_AND_DESCRIPTIVE_NOT_SPATIAL_CONFIRMATION	
1637	GOBP_T_HELPER_17_TYPE_IMMUNE_RESPONSE	GO_BP	331	290	1559	714	27	INTERNAL_AND_DESCRIPTIVE_NOT_SPATIAL_CONFIRMATION	
1638	GOBP_T_HELPER_1_CELL_DIFFERENTIATION	GO_BP	331	290	1559	714	27	INTERNAL_AND_DESCRIPTIVE_NOT_SPATIAL_CONFIRMATION	
1639	GOBP_T_HELPER_CELL_LINEAGE_COMMITMENT	GO_BP	331	290	1559	714	27	INTERNAL_AND_DESCRIPTIVE_NOT_SPATIAL_CONFIRMATION	
1640	GOBP_U2_TYPE_PRESPLICEOSOME_ASSEMBLY	GO_BP	331	290	1559	714	27	INTERNAL_AND_DESCRIPTIVE_NOT_SPATIAL_CONFIRMATION	
1641	GOBP_UBIQUINONE_METABOLIC_PROCESS	GO_BP	331	290	1559	714	27	INTERNAL_AND_DESCRIPTIVE_NOT_SPATIAL_CONFIRMATION	
1642	GOBP_UBIQUITIN_DEPENDENT_PROTEIN_CATABOLIC_PROCESS_VIA_THE_MULTIVESICULAR_BODY_SORTING_PATHWAY	GO_BP	331	290	1559	714	27	INTERNAL_AND_DESCRIPTIVE_NOT_SPATIAL_CONFIRMATION	
1643	GOBP_UTERUS_DEVELOPMENT	GO_BP	331	290	1559	714	27	INTERNAL_AND_DESCRIPTIVE_NOT_SPATIAL_CONFIRMATION	
1644	GOBP_VACUOLAR_LOCALIZATION	GO_BP	331	290	1559	714	27	INTERNAL_AND_DESCRIPTIVE_NOT_SPATIAL_CONFIRMATION	
1645	GOBP_VASCULAR_ASSOCIATED_SMOOTH_MUSCLE_CELL_DIFFERENTIATION	GO_BP	0	0	0	0	0	INTERNAL_AND_DESCRIPTIVE_NOT_SPATIAL_CONFIRMATION	
1646	GOBP_VASCULAR_ASSOCIATED_SMOOTH_MUSCLE_CELL_MIGRATION	GO_BP	0	0	0	0	0	INTERNAL_AND_DESCRIPTIVE_NOT_SPATIAL_CONFIRMATION	
1647	GOBP_VASCULAR_ASSOCIATED_SMOOTH_MUSCLE_CELL_PROLIFERATION	GO_BP	0	0	0	0	0	INTERNAL_AND_DESCRIPTIVE_NOT_SPATIAL_CONFIRMATION	
1648	GOBP_VASCULAR_ASSOCIATED_SMOOTH_MUSCLE_CONTRACTION	GO_BP	331	290	1559	714	27	INTERNAL_AND_DESCRIPTIVE_NOT_SPATIAL_CONFIRMATION	
1649	GOBP_VASCULAR_ENDOTHELIAL_CELL_PROLIFERATION	GO_BP	0	0	0	0	0	INTERNAL_AND_DESCRIPTIVE_NOT_SPATIAL_CONFIRMATION	
1650	GOBP_VASCULAR_ENDOTHELIAL_GROWTH_FACTOR_PRODUCTION	GO_BP	0	0	0	0	0	INTERNAL_AND_DESCRIPTIVE_NOT_SPATIAL_CONFIRMATION	
1651	GOBP_VASCULAR_ENDOTHELIAL_GROWTH_FACTOR_RECEPTOR_SIGNALING_PATHWAY	GO_BP	331	290	1559	714	27	INTERNAL_AND_DESCRIPTIVE_NOT_SPATIAL_CONFIRMATION	
1652	GOBP_VASCULAR_ENDOTHELIAL_GROWTH_FACTOR_SIGNALING_PATHWAY	GO_BP	331	290	1559	714	27	INTERNAL_AND_DESCRIPTIVE_NOT_SPATIAL_CONFIRMATION	
1653	GOBP_VASCULAR_TRANSPORT	GO_BP	331	290	1559	714	27	INTERNAL_AND_DESCRIPTIVE_NOT_SPATIAL_CONFIRMATION	
1654	GOBP_VASCULAR_WOUND_HEALING	GO_BP	331	290	1559	714	27	INTERNAL_AND_DESCRIPTIVE_NOT_SPATIAL_CONFIRMATION	
1655	GOBP_VASCULOGENESIS	GO_BP	331	290	1559	714	27	INTERNAL_AND_DESCRIPTIVE_NOT_SPATIAL_CONFIRMATION	
1656	GOBP_VASODILATION	GO_BP	331	290	1559	714	27	INTERNAL_AND_DESCRIPTIVE_NOT_SPATIAL_CONFIRMATION	
1657	GOBP_VENTRICULAR_CARDIAC_MUSCLE_CELL_ACTION_POTENTIAL	GO_BP	331	290	1559	714	27	INTERNAL_AND_DESCRIPTIVE_NOT_SPATIAL_CONFIRMATION	
1658	GOBP_VENTRICULAR_CARDIAC_MUSCLE_TISSUE_MORPHOGENESIS	GO_BP	331	290	1559	714	27	INTERNAL_AND_DESCRIPTIVE_NOT_SPATIAL_CONFIRMATION	
1659	GOBP_VENTRICULAR_SEPTUM_MORPHOGENESIS	GO_BP	331	290	1559	714	27	INTERNAL_AND_DESCRIPTIVE_NOT_SPATIAL_CONFIRMATION	
1660	GOBP_VENTRICULAR_SYSTEM_DEVELOPMENT	GO_BP	331	290	1559	714	27	INTERNAL_AND_DESCRIPTIVE_NOT_SPATIAL_CONFIRMATION	
1661	GOBP_VERY_LONG_CHAIN_FATTY_ACID_METABOLIC_PROCESS	GO_BP	331	290	1559	714	27	INTERNAL_AND_DESCRIPTIVE_NOT_SPATIAL_CONFIRMATION	
1662	GOBP_VESICLE_CARGO_LOADING	GO_BP	331	290	1559	714	27	INTERNAL_AND_DESCRIPTIVE_NOT_SPATIAL_CONFIRMATION	
1663	GOBP_VESICLE_COATING	GO_BP	331	290	1559	714	27	INTERNAL_AND_DESCRIPTIVE_NOT_SPATIAL_CONFIRMATION	
1664	GOBP_VESICLE_DOCKING	GO_BP	331	290	1559	714	27	INTERNAL_AND_DESCRIPTIVE_NOT_SPATIAL_CONFIRMATION	
1665	GOBP_VESICLE_DOCKING_INVOLVED_IN_EXOCYTOSIS	GO_BP	331	290	1559	714	27	INTERNAL_AND_DESCRIPTIVE_NOT_SPATIAL_CONFIRMATION	
1666	GOBP_VESICLE_FUSION_TO_PLASMA_MEMBRANE	GO_BP	331	290	1559	714	27	INTERNAL_AND_DESCRIPTIVE_NOT_SPATIAL_CONFIRMATION	
1667	GOBP_VESICLE_MEDIATED_TRANSPORT_BETWEEN_ENDOSOMAL_COMPARTMENTS	GO_BP	331	290	1559	714	27	INTERNAL_AND_DESCRIPTIVE_NOT_SPATIAL_CONFIRMATION	
1668	GOBP_VESICLE_TARGETING	GO_BP	331	290	1559	714	27	INTERNAL_AND_DESCRIPTIVE_NOT_SPATIAL_CONFIRMATION	
1669	GOBP_VESICLE_TARGETING_ROUGH_ER_TO_CIS_GOLGI	GO_BP	331	290	1559	714	27	INTERNAL_AND_DESCRIPTIVE_NOT_SPATIAL_CONFIRMATION	
1670	GOBP_VESICLE_TETHERING	GO_BP	331	290	1559	714	27	INTERNAL_AND_DESCRIPTIVE_NOT_SPATIAL_CONFIRMATION	
1671	GOBP_VESICLE_TRANSPORT_ALONG_MICROTUBULE	GO_BP	331	290	1559	714	27	INTERNAL_AND_DESCRIPTIVE_NOT_SPATIAL_CONFIRMATION	
1672	GOBP_VIRAL_BUDDING	GO_BP	331	290	1559	714	27	INTERNAL_AND_DESCRIPTIVE_NOT_SPATIAL_CONFIRMATION	
1673	GOBP_VIRAL_PROTEIN_PROCESSING	GO_BP	331	290	1559	714	27	INTERNAL_AND_DESCRIPTIVE_NOT_SPATIAL_CONFIRMATION	
1674	GOBP_VIRAL_RELEASE_FROM_HOST_CELL	GO_BP	331	290	1559	714	27	INTERNAL_AND_DESCRIPTIVE_NOT_SPATIAL_CONFIRMATION	
1675	GOBP_VIRAL_RNA_GENOME_REPLICATION	GO_BP	331	290	1559	714	27	INTERNAL_AND_DESCRIPTIVE_NOT_SPATIAL_CONFIRMATION	
1676	GOBP_VIRAL_TRANSCRIPTION	GO_BP	331	290	1559	714	27	INTERNAL_AND_DESCRIPTIVE_NOT_SPATIAL_CONFIRMATION	
1677	GOBP_VIRAL_TRANSLATION	GO_BP	331	290	1559	714	27	INTERNAL_AND_DESCRIPTIVE_NOT_SPATIAL_CONFIRMATION	
1678	GOBP_VISUAL_BEHAVIOR	GO_BP	331	290	1559	714	27	INTERNAL_AND_DESCRIPTIVE_NOT_SPATIAL_CONFIRMATION	
1679	GOBP_VITAMIN_BIOSYNTHETIC_PROCESS	GO_BP	331	290	1559	714	27	INTERNAL_AND_DESCRIPTIVE_NOT_SPATIAL_CONFIRMATION	
1680	GOBP_VITAMIN_D_METABOLIC_PROCESS	GO_BP	331	290	1559	714	27	INTERNAL_AND_DESCRIPTIVE_NOT_SPATIAL_CONFIRMATION	
1681	GOBP_VITAMIN_TRANSMEMBRANE_TRANSPORT	GO_BP	331	290	1559	714	27	INTERNAL_AND_DESCRIPTIVE_NOT_SPATIAL_CONFIRMATION	
1682	GOBP_VOCALIZATION_BEHAVIOR	GO_BP	331	290	1559	714	27	INTERNAL_AND_DESCRIPTIVE_NOT_SPATIAL_CONFIRMATION	
1683	GOBP_WALKING_BEHAVIOR	GO_BP	331	290	1559	714	27	INTERNAL_AND_DESCRIPTIVE_NOT_SPATIAL_CONFIRMATION	
1684	GOBP_WATER_SOLUBLE_VITAMIN_METABOLIC_PROCESS	GO_BP	331	290	1559	714	27	INTERNAL_AND_DESCRIPTIVE_NOT_SPATIAL_CONFIRMATION	
1685	GOBP_WATER_TRANSPORT	GO_BP	331	290	1559	714	27	INTERNAL_AND_DESCRIPTIVE_NOT_SPATIAL_CONFIRMATION	
1686	GOBP_WNT_SIGNALING_PATHWAY_PLANAR_CELL_POLARITY_PATHWAY	GO_BP	331	290	1559	714	27	INTERNAL_AND_DESCRIPTIVE_NOT_SPATIAL_CONFIRMATION	
1687	GOBP_WOUND_HEALING_SPREADING_OF_EPIDERMAL_CELLS	GO_BP	331	290	1559	714	27	INTERNAL_AND_DESCRIPTIVE_NOT_SPATIAL_CONFIRMATION	
1688	GOBP_XENOBIOTIC_CATABOLIC_PROCESS	GO_BP	331	290	1559	714	27	INTERNAL_AND_DESCRIPTIVE_NOT_SPATIAL_CONFIRMATION	
1689	GOBP_XENOBIOTIC_EXPORT_FROM_CELL	GO_BP	0	0	0	0	0	INTERNAL_AND_DESCRIPTIVE_NOT_SPATIAL_CONFIRMATION	
1690	GOBP_ZINC_ION_TRANSPORT	GO_BP	331	290	1559	714	27	INTERNAL_AND_DESCRIPTIVE_NOT_SPATIAL_CONFIRMATION	
1691	HALLMARK_ADIPOGENESIS	FIXED_CONTROL	331	290	1559	714	27	INTERNAL_AND_DESCRIPTIVE_NOT_SPATIAL_CONFIRMATION	
1692	HALLMARK_ALLOGRAFT_REJECTION	FIXED_CONTROL	331	290	1559	714	27	INTERNAL_AND_DESCRIPTIVE_NOT_SPATIAL_CONFIRMATION	
1693	HALLMARK_ANDROGEN_RESPONSE	FIXED_CONTROL	331	290	1559	714	27	INTERNAL_AND_DESCRIPTIVE_NOT_SPATIAL_CONFIRMATION	
1694	HALLMARK_ANGIOGENESIS	FIXED_CONTROL	331	290	1559	714	27	INTERNAL_AND_DESCRIPTIVE_NOT_SPATIAL_CONFIRMATION	
1695	HALLMARK_APICAL_JUNCTION	FIXED_CONTROL	331	290	1559	714	27	INTERNAL_AND_DESCRIPTIVE_NOT_SPATIAL_CONFIRMATION	
1696	HALLMARK_APICAL_SURFACE	FIXED_CONTROL	331	290	1559	714	27	INTERNAL_AND_DESCRIPTIVE_NOT_SPATIAL_CONFIRMATION	
1697	HALLMARK_APOPTOSIS	FIXED_CONTROL	331	290	1559	714	27	INTERNAL_AND_DESCRIPTIVE_NOT_SPATIAL_CONFIRMATION	
1698	HALLMARK_BILE_ACID_METABOLISM	FIXED_CONTROL	331	290	1559	714	27	INTERNAL_AND_DESCRIPTIVE_NOT_SPATIAL_CONFIRMATION	
1699	HALLMARK_CHOLESTEROL_HOMEOSTASIS	FIXED_CONTROL	331	290	1559	714	27	INTERNAL_AND_DESCRIPTIVE_NOT_SPATIAL_CONFIRMATION	
1700	HALLMARK_COAGULATION	FIXED_CONTROL	331	290	1559	714	27	INTERNAL_AND_DESCRIPTIVE_NOT_SPATIAL_CONFIRMATION	
1701	HALLMARK_COMPLEMENT	FIXED_CONTROL	331	290	1559	714	27	INTERNAL_AND_DESCRIPTIVE_NOT_SPATIAL_CONFIRMATION	
1702	HALLMARK_DNA_REPAIR	FIXED_CONTROL	331	290	1559	714	27	INTERNAL_AND_DESCRIPTIVE_NOT_SPATIAL_CONFIRMATION	
1703	HALLMARK_E2F_TARGETS	FIXED_CONTROL	331	290	1559	714	27	INTERNAL_AND_DESCRIPTIVE_NOT_SPATIAL_CONFIRMATION	
1704	HALLMARK_EPITHELIAL_MESENCHYMAL_TRANSITION	FIXED_CONTROL	331	290	1559	714	27	INTERNAL_AND_DESCRIPTIVE_NOT_SPATIAL_CONFIRMATION	
1705	HALLMARK_ESTROGEN_RESPONSE_EARLY	FIXED_CONTROL	331	290	1559	714	27	INTERNAL_AND_DESCRIPTIVE_NOT_SPATIAL_CONFIRMATION	
1706	HALLMARK_ESTROGEN_RESPONSE_LATE	FIXED_CONTROL	331	290	1559	714	27	INTERNAL_AND_DESCRIPTIVE_NOT_SPATIAL_CONFIRMATION	
1707	HALLMARK_FATTY_ACID_METABOLISM	FIXED_CONTROL	331	290	1559	714	27	INTERNAL_AND_DESCRIPTIVE_NOT_SPATIAL_CONFIRMATION	
1708	HALLMARK_G2M_CHECKPOINT	FIXED_CONTROL	331	290	1559	714	27	INTERNAL_AND_DESCRIPTIVE_NOT_SPATIAL_CONFIRMATION	
1709	HALLMARK_GLYCOLYSIS	FIXED_CONTROL	331	290	1559	714	27	INTERNAL_AND_DESCRIPTIVE_NOT_SPATIAL_CONFIRMATION	
1710	HALLMARK_HEDGEHOG_SIGNALING	FIXED_CONTROL	331	290	1559	714	27	INTERNAL_AND_DESCRIPTIVE_NOT_SPATIAL_CONFIRMATION	
1711	HALLMARK_HEME_METABOLISM	FIXED_CONTROL	331	290	1559	714	27	INTERNAL_AND_DESCRIPTIVE_NOT_SPATIAL_CONFIRMATION	
1712	HALLMARK_HYPOXIA	FIXED_CONTROL	331	290	1559	714	27	INTERNAL_AND_DESCRIPTIVE_NOT_SPATIAL_CONFIRMATION	
1713	HALLMARK_IL2_STAT5_SIGNALING	FIXED_CONTROL	331	290	1559	714	27	INTERNAL_AND_DESCRIPTIVE_NOT_SPATIAL_CONFIRMATION	
1714	HALLMARK_IL6_JAK_STAT3_SIGNALING	FIXED_CONTROL	331	290	1559	714	27	INTERNAL_AND_DESCRIPTIVE_NOT_SPATIAL_CONFIRMATION	
1715	HALLMARK_INFLAMMATORY_RESPONSE	FIXED_CONTROL	331	290	1559	714	27	INTERNAL_AND_DESCRIPTIVE_NOT_SPATIAL_CONFIRMATION	
1716	HALLMARK_INTERFERON_ALPHA_RESPONSE	FIXED_CONTROL	331	290	1559	714	27	INTERNAL_AND_DESCRIPTIVE_NOT_SPATIAL_CONFIRMATION	
1717	HALLMARK_INTERFERON_GAMMA_RESPONSE	FIXED_CONTROL	331	290	1559	714	27	INTERNAL_AND_DESCRIPTIVE_NOT_SPATIAL_CONFIRMATION	
1718	HALLMARK_KRAS_SIGNALING_DN	FIXED_CONTROL	331	290	1559	714	27	INTERNAL_AND_DESCRIPTIVE_NOT_SPATIAL_CONFIRMATION	
1719	HALLMARK_KRAS_SIGNALING_UP	FIXED_CONTROL	331	290	1559	714	27	INTERNAL_AND_DESCRIPTIVE_NOT_SPATIAL_CONFIRMATION	
1720	HALLMARK_MITOTIC_SPINDLE	FIXED_CONTROL	331	290	1559	714	27	INTERNAL_AND_DESCRIPTIVE_NOT_SPATIAL_CONFIRMATION	
1721	HALLMARK_MTORC1_SIGNALING	FIXED_CONTROL	331	290	1559	714	27	INTERNAL_AND_DESCRIPTIVE_NOT_SPATIAL_CONFIRMATION	
1722	HALLMARK_MYC_TARGETS_V1	FIXED_CONTROL	331	290	1559	714	27	INTERNAL_AND_DESCRIPTIVE_NOT_SPATIAL_CONFIRMATION	
1723	HALLMARK_MYC_TARGETS_V2	FIXED_CONTROL	331	290	1559	714	27	INTERNAL_AND_DESCRIPTIVE_NOT_SPATIAL_CONFIRMATION	
1724	HALLMARK_MYOGENESIS	FIXED_CONTROL	331	290	1559	714	27	INTERNAL_AND_DESCRIPTIVE_NOT_SPATIAL_CONFIRMATION	
1725	HALLMARK_NOTCH_SIGNALING	FIXED_CONTROL	331	290	1559	714	27	INTERNAL_AND_DESCRIPTIVE_NOT_SPATIAL_CONFIRMATION	
1726	HALLMARK_OXIDATIVE_PHOSPHORYLATION	FIXED_CONTROL	331	290	1559	714	27	INTERNAL_AND_DESCRIPTIVE_NOT_SPATIAL_CONFIRMATION	
1727	HALLMARK_P53_PATHWAY	FIXED_CONTROL	331	290	1559	714	27	INTERNAL_AND_DESCRIPTIVE_NOT_SPATIAL_CONFIRMATION	
1728	HALLMARK_PANCREAS_BETA_CELLS	FIXED_CONTROL	331	290	1559	714	27	INTERNAL_AND_DESCRIPTIVE_NOT_SPATIAL_CONFIRMATION	
1729	HALLMARK_PEROXISOME	FIXED_CONTROL	331	290	1559	714	27	INTERNAL_AND_DESCRIPTIVE_NOT_SPATIAL_CONFIRMATION	
1730	HALLMARK_PI3K_AKT_MTOR_SIGNALING	FIXED_CONTROL	331	290	1559	714	27	INTERNAL_AND_DESCRIPTIVE_NOT_SPATIAL_CONFIRMATION	
1731	HALLMARK_PROTEIN_SECRETION	FIXED_CONTROL	331	290	1559	714	27	INTERNAL_AND_DESCRIPTIVE_NOT_SPATIAL_CONFIRMATION	
1732	HALLMARK_REACTIVE_OXYGEN_SPECIES_PATHWAY	FIXED_CONTROL	331	290	1559	714	27	INTERNAL_AND_DESCRIPTIVE_NOT_SPATIAL_CONFIRMATION	
1733	HALLMARK_SPERMATOGENESIS	FIXED_CONTROL	331	290	1559	714	27	INTERNAL_AND_DESCRIPTIVE_NOT_SPATIAL_CONFIRMATION	
1734	HALLMARK_TGF_BETA_SIGNALING	FIXED_CONTROL	331	290	1559	714	27	INTERNAL_AND_DESCRIPTIVE_NOT_SPATIAL_CONFIRMATION	
1735	HALLMARK_TNFA_SIGNALING_VIA_NFKB	FIXED_CONTROL	331	290	1559	714	27	INTERNAL_AND_DESCRIPTIVE_NOT_SPATIAL_CONFIRMATION	
1736	HALLMARK_UNFOLDED_PROTEIN_RESPONSE	FIXED_CONTROL	331	290	1559	714	27	INTERNAL_AND_DESCRIPTIVE_NOT_SPATIAL_CONFIRMATION	
1737	HALLMARK_UV_RESPONSE_DN	FIXED_CONTROL	331	290	1559	714	27	INTERNAL_AND_DESCRIPTIVE_NOT_SPATIAL_CONFIRMATION	
1738	HALLMARK_UV_RESPONSE_UP	FIXED_CONTROL	331	290	1559	714	27	INTERNAL_AND_DESCRIPTIVE_NOT_SPATIAL_CONFIRMATION	
1739	HALLMARK_WNT_BETA_CATENIN_SIGNALING	FIXED_CONTROL	331	290	1559	714	27	INTERNAL_AND_DESCRIPTIVE_NOT_SPATIAL_CONFIRMATION	
1740	HALLMARK_XENOBIOTIC_METABOLISM	FIXED_CONTROL	331	290	1559	714	27	INTERNAL_AND_DESCRIPTIVE_NOT_SPATIAL_CONFIRMATION	
1741	B_AXIS	FIXED_CONTROL	331	290	1559	714	27	INTERNAL_AND_DESCRIPTIVE_NOT_SPATIAL_CONFIRMATION	
