program	molecular_raw_20	molecular_normalized_20	masked_M1_raw	masked_M1_normalized	masked_M2_raw	masked_M2_normalized
GOBP_10_FORMYLTETRAHYDROFOLATE_METABOLIC_PROCESS	False	False	True	True	True	True
GOBP_2_OXOGLUTARATE_METABOLIC_PROCESS	False	False	False	True	False	True
GOBP_3_UTR_MEDIATED_MRNA_DESTABILIZATION	False	False	False	True	False	True
GOBP_3_UTR_MEDIATED_MRNA_STABILIZATION	False	False	False	True	False	True
GOBP_4_HYDROXYPROLINE_METABOLIC_PROCESS	False	False	True	True	True	True
GOBP_7_METHYLGUANOSINE_CAP_HYPERMETHYLATION	False	False	False	True	True	True
GOBP_ACETATE_ESTER_METABOLIC_PROCESS	False	False	False	True	False	True
GOBP_ACETATE_ESTER_TRANSPORT	False	False	False	True	False	True
GOBP_ACETYLCHOLINE_SECRETION	False	False	False	False	False	False
GOBP_ACETYL_COA_BIOSYNTHETIC_PROCESS	False	False	True	True	True	True
GOBP_ACETYL_COA_METABOLIC_PROCESS	False	False	False	True	False	True
GOBP_ACIDIC_AMINO_ACID_TRANSPORT	False	False	False	True	False	True
GOBP_ACID_SECRETION	False	False	False	True	False	True
GOBP_ACINAR_CELL_DIFFERENTIATION	False	False	True	True	True	True
GOBP_ACROSOMAL_VESICLE_EXOCYTOSIS	False	False	False	False	False	False
GOBP_ACROSOME_ASSEMBLY	False	False	False	True	False	True
GOBP_ACROSOME_REACTION	False	False	True	True	True	True
GOBP_ACTIN_CROSSLINK_FORMATION	False	False	False	True	False	True
GOBP_ACTIN_FILAMENT_BASED_MOVEMENT	False	False	False	False	False	False
GOBP_ACTIN_FILAMENT_BASED_PROCESS	True	False	False	False	False	False
GOBP_ACTIN_FILAMENT_BUNDLE_ORGANIZATION	True	False	False	False	False	False
GOBP_ACTIN_FILAMENT_DEPOLYMERIZATION	False	False	False	True	False	True
GOBP_ACTIN_FILAMENT_NETWORK_FORMATION	False	False	True	True	True	True
GOBP_ACTIN_FILAMENT_ORGANIZATION	True	False	False	False	False	False
GOBP_ACTIN_FILAMENT_POLYMERIZATION	False	False	False	False	False	False
GOBP_ACTIN_FILAMENT_SEVERING	False	False	False	True	False	True
GOBP_ACTIN_MEDIATED_CELL_CONTRACTION	False	False	False	False	False	False
GOBP_ACTIN_MYOSIN_FILAMENT_SLIDING	False	False	True	True	True	True
GOBP_ACTIN_NUCLEATION	False	False	False	True	False	True
GOBP_ACTIN_POLYMERIZATION_DEPENDENT_CELL_MOTILITY	False	False	True	True	True	True
GOBP_ACTIN_POLYMERIZATION_OR_DEPOLYMERIZATION	False	False	False	False	False	False
GOBP_ACTION_POTENTIAL	False	False	False	False	False	False
GOBP_ACTION_POTENTIAL_PROPAGATION	False	False	True	True	True	True
GOBP_ACTIVATED_T_CELL_PROLIFERATION	False	False	False	False	False	False
GOBP_ACTIVATION_INDUCED_CELL_DEATH_OF_T_CELLS	False	False	True	True	True	True
GOBP_ACTIVATION_OF_ADENYLATE_CYCLASE_ACTIVITY	False	False	True	True	True	True
GOBP_ACTIVATION_OF_GTPASE_ACTIVITY	False	False	True	True	True	True
GOBP_ACTIVATION_OF_IMMUNE_RESPONSE	True	False	False	False	False	False
GOBP_ACTIVATION_OF_INNATE_IMMUNE_RESPONSE	True	False	False	False	False	False
GOBP_ACTIVATION_OF_MEIOSIS	False	False	True	True	True	True
GOBP_ACTIVATION_OF_NF_KAPPAB_INDUCING_KINASE_ACTIVITY	False	False	True	True	True	True
GOBP_ACTIVATION_OF_PROTEIN_KINASE_ACTIVITY	False	False	False	True	False	True
GOBP_ACTIVATION_OF_PROTEIN_KINASE_B_ACTIVITY	False	False	True	True	True	True
GOBP_ACTIVIN_RECEPTOR_SIGNALING_PATHWAY	False	False	False	True	False	True
GOBP_ACTOMYOSIN_CONTRACTILE_RING_ORGANIZATION	False	False	False	True	False	True
GOBP_ACTOMYOSIN_STRUCTURE_ORGANIZATION	True	False	False	False	False	False
GOBP_ACUTE_INFLAMMATORY_RESPONSE	False	False	False	False	False	False
GOBP_ACUTE_INFLAMMATORY_RESPONSE_TO_ANTIGENIC_STIMULUS	False	False	False	False	False	False
GOBP_ACUTE_PHASE_RESPONSE	False	False	False	False	False	False
GOBP_ACYLGLYCEROL_HOMEOSTASIS	False	False	False	False	False	False
GOBP_ACYLGLYCEROL_TRANSPORT	False	False	True	True	True	True
GOBP_ACYL_COA_METABOLIC_PROCESS	False	False	False	False	False	True
GOBP_ADAPTIVE_IMMUNE_MEMORY_RESPONSE	False	False	False	True	False	True
GOBP_ADAPTIVE_IMMUNE_RESPONSE	True	True	False	False	False	False
GOBP_ADAPTIVE_IMMUNE_RESPONSE_BASED_ON_SOMATIC_RECOMBINATION_OF_IMMUNE_RECEPTORS_BUILT_FROM_IMMUNOGLOBULIN_SUPERFAMILY_DOMAINS	False	False	False	False	False	False
GOBP_ADAPTIVE_THERMOGENESIS	False	False	False	False	False	False
GOBP_ADENINE_TRANSPORT	False	False	True	True	True	True
GOBP_ADENOHYPOPHYSIS_DEVELOPMENT	False	False	True	True	True	True
GOBP_ADENOSINE_METABOLIC_PROCESS	False	False	True	True	True	True
GOBP_ADENOSINE_TRANSPORT	False	False	True	True	True	True
GOBP_ADENYLATE_CYCLASE_ACTIVATING_ADRENERGIC_RECEPTOR_SIGNALING_PATHWAY	False	False	True	True	True	True
GOBP_ADENYLATE_CYCLASE_ACTIVATING_DOPAMINE_RECEPTOR_SIGNALING_PATHWAY	False	False	True	True	True	True
GOBP_ADENYLATE_CYCLASE_ACTIVATING_G_PROTEIN_COUPLED_RECEPTOR_SIGNALING_PATHWAY	False	False	False	True	False	False
GOBP_ADENYLATE_CYCLASE_INHIBITING_DOPAMINE_RECEPTOR_SIGNALING_PATHWAY	False	False	False	False	False	False
GOBP_ADENYLATE_CYCLASE_INHIBITING_G_PROTEIN_COUPLED_ACETYLCHOLINE_RECEPTOR_SIGNALING_PATHWAY	False	False	True	True	True	True
GOBP_ADENYLATE_CYCLASE_INHIBITING_G_PROTEIN_COUPLED_GLUTAMATE_RECEPTOR_SIGNALING_PATHWAY	False	False	False	False	False	False
GOBP_ADENYLATE_CYCLASE_INHIBITING_G_PROTEIN_COUPLED_RECEPTOR_SIGNALING_PATHWAY	False	False	False	False	False	False
GOBP_ADENYLATE_CYCLASE_INHIBITING_SEROTONIN_RECEPTOR_SIGNALING_PATHWAY	False	False	True	True	True	True
GOBP_ADENYLATE_CYCLASE_MODULATING_G_PROTEIN_COUPLED_RECEPTOR_SIGNALING_PATHWAY	False	False	False	False	False	False
GOBP_ADHERENS_JUNCTION_ASSEMBLY	False	False	False	True	False	True
GOBP_ADHERENS_JUNCTION_MAINTENANCE	False	False	False	True	False	True
GOBP_ADHERENS_JUNCTION_ORGANIZATION	False	False	False	True	False	True
GOBP_ADHESION_OF_SYMBIONT_TO_HOST	False	False	False	True	False	True
GOBP_ADHESION_OF_SYMBIONT_TO_HOST_CELL	False	False	False	False	False	True
GOBP_ADIPONECTIN_ACTIVATED_SIGNALING_PATHWAY	False	False	True	True	True	True
GOBP_ADIPOSE_TISSUE_DEVELOPMENT	False	False	False	True	False	True
GOBP_ADP_TRANSPORT	False	False	True	True	True	True
GOBP_ADRENAL_GLAND_DEVELOPMENT	False	False	False	True	False	True
GOBP_ADRENERGIC_RECEPTOR_SIGNALING_PATHWAY	False	False	True	True	True	True
GOBP_ADRENOMEDULLIN_RECEPTOR_SIGNALING_PATHWAY	False	False	False	True	False	True
GOBP_ADULT_BEHAVIOR	False	False	False	False	False	True
GOBP_ADULT_FEEDING_BEHAVIOR	False	False	True	True	True	True
GOBP_ADULT_HEART_DEVELOPMENT	False	False	True	True	True	True
GOBP_ADULT_LOCOMOTORY_BEHAVIOR	False	False	False	True	False	True
GOBP_AEROBIC_RESPIRATION	True	False	False	False	False	False
GOBP_AGGREPHAGY	False	False	False	True	False	True
GOBP_AGGRESOME_ASSEMBLY	False	False	True	True	True	True
GOBP_AGGRESSIVE_BEHAVIOR	False	False	False	False	False	False
GOBP_ALANINE_METABOLIC_PROCESS	False	False	True	True	True	True
GOBP_ALANINE_TRANSPORT	False	False	True	True	True	True
GOBP_ALCOHOL_BIOSYNTHETIC_PROCESS	True	False	False	False	False	False
GOBP_ALCOHOL_CATABOLIC_PROCESS	False	False	False	True	False	True
GOBP_ALCOHOL_METABOLIC_PROCESS	True	False	False	False	False	False
GOBP_ALDEHYDE_BIOSYNTHETIC_PROCESS	False	False	True	True	True	True
GOBP_ALDEHYDE_CATABOLIC_PROCESS	False	False	True	True	True	True
GOBP_ALDEHYDE_METABOLIC_PROCESS	False	False	False	True	False	True
GOBP_ALDITOL_BIOSYNTHETIC_PROCESS	False	False	True	True	True	True
GOBP_ALDITOL_METABOLIC_PROCESS	False	False	True	True	True	True
GOBP_ALDITOL_PHOSPHATE_METABOLIC_PROCESS	False	False	True	True	True	True
GOBP_ALDOSTERONE_SECRETION	False	False	True	True	True	True
GOBP_ALKALOID_METABOLIC_PROCESS	False	False	True	True	True	True
GOBP_ALKANESULFONATE_METABOLIC_PROCESS	False	False	True	True	True	True
GOBP_ALKANESULFONATE_TRANSMEMBRANE_TRANSPORT	False	False	True	True	True	True
GOBP_ALLANTOIN_METABOLIC_PROCESS	False	False	True	True	True	True
GOBP_ALPHA_AMINO_ACID_BIOSYNTHETIC_PROCESS	False	False	False	True	False	True
GOBP_ALPHA_AMINO_ACID_METABOLIC_PROCESS	False	False	False	False	False	False
GOBP_ALPHA_BETA_T_CELL_ACTIVATION	True	False	False	False	False	False
GOBP_ALPHA_BETA_T_CELL_DIFFERENTIATION	False	False	False	False	False	False
GOBP_ALPHA_BETA_T_CELL_PROLIFERATION	False	False	False	True	False	True
GOBP_ALPHA_KETOGLUTARATE_TRANSPORT	False	False	False	False	False	False
GOBP_ALPHA_LINOLENIC_ACID_METABOLIC_PROCESS	False	False	True	True	True	True
GOBP_ALTERNATIVE_MRNA_SPLICING_VIA_SPLICEOSOME	False	False	False	True	False	True
GOBP_AMACRINE_CELL_DIFFERENTIATION	False	False	True	True	True	True
GOBP_AMEBOIDAL_TYPE_CELL_MIGRATION	False	False	False	False	False	False
GOBP_AMELOBLAST_DIFFERENTIATION	False	False	True	True	True	True
GOBP_AMELOGENESIS	False	False	False	True	False	True
GOBP_AMIDE_BIOSYNTHETIC_PROCESS	True	False	False	True	False	True
GOBP_AMIDE_CATABOLIC_PROCESS	False	False	True	True	True	True
GOBP_AMIDE_METABOLIC_PROCESS	True	False	False	False	False	False
GOBP_AMIDE_TRANSPORT	False	False	False	False	False	False
GOBP_AMINE_BIOSYNTHETIC_PROCESS	False	False	False	True	False	True
GOBP_AMINE_CATABOLIC_PROCESS	False	False	True	True	True	True
GOBP_AMINE_METABOLIC_PROCESS	False	False	False	True	False	True
GOBP_AMINE_TRANSPORT	False	False	False	True	False	True
GOBP_AMINOACYL_TRNA_METABOLISM_INVOLVED_IN_TRANSLATIONAL_FIDELITY	False	False	True	True	True	True
GOBP_AMINOGLYCAN_BIOSYNTHETIC_PROCESS	False	False	False	True	False	True
GOBP_AMINOGLYCAN_CATABOLIC_PROCESS	False	False	False	True	False	True
GOBP_AMINOGLYCAN_METABOLIC_PROCESS	False	False	False	True	False	True
GOBP_AMINOGLYCOSIDE_ANTIBIOTIC_METABOLIC_PROCESS	False	False	True	True	True	True
GOBP_AMINOPHOSPHOLIPID_TRANSLOCATION	False	False	True	True	True	True
GOBP_AMINOPHOSPHOLIPID_TRANSPORT	False	False	False	True	False	True
GOBP_AMINO_ACID_ACTIVATION	False	False	True	True	True	True
GOBP_AMINO_ACID_BETAINE_BIOSYNTHETIC_PROCESS	False	False	True	True	True	True
GOBP_AMINO_ACID_BETAINE_METABOLIC_PROCESS	False	False	True	True	True	True
GOBP_AMINO_ACID_BETAINE_TRANSPORT	False	False	False	True	False	True
GOBP_AMINO_ACID_BIOSYNTHETIC_PROCESS	False	False	False	True	False	True
GOBP_AMINO_ACID_CATABOLIC_PROCESS	False	False	False	True	False	True
GOBP_AMINO_ACID_IMPORT_ACROSS_PLASMA_MEMBRANE	False	False	False	True	False	True
GOBP_AMINO_ACID_METABOLIC_PROCESS	True	False	False	False	False	False
GOBP_AMINO_ACID_NEUROTRANSMITTER_REUPTAKE	False	False	True	True	True	True
GOBP_AMINO_ACID_TRANSMEMBRANE_TRANSPORT	False	False	False	True	False	True
GOBP_AMINO_ACID_TRANSPORT	False	False	False	False	False	False
GOBP_AMINO_SUGAR_BIOSYNTHETIC_PROCESS	False	False	True	True	True	True
GOBP_AMINO_SUGAR_CATABOLIC_PROCESS	False	False	True	True	True	True
GOBP_AMINO_SUGAR_METABOLIC_PROCESS	False	False	False	True	False	True
GOBP_AMMONIUM_HOMEOSTASIS	False	False	False	False	False	False
GOBP_AMMONIUM_ION_METABOLIC_PROCESS	False	False	True	True	True	True
GOBP_AMMONIUM_TRANSMEMBRANE_TRANSPORT	False	False	False	True	False	True
GOBP_AMPA_GLUTAMATE_RECEPTOR_CLUSTERING	False	False	False	True	False	True
GOBP_AMPA_SELECTIVE_GLUTAMATE_RECEPTOR_SIGNALING_PATHWAY	False	False	False	False	False	False
GOBP_AMP_BIOSYNTHETIC_PROCESS	False	False	True	True	True	True
GOBP_AMP_CATABOLIC_PROCESS	False	False	False	False	False	False
GOBP_AMP_METABOLIC_PROCESS	False	False	False	True	False	True
GOBP_AMYLIN_RECEPTOR_SIGNALING_PATHWAY	False	False	True	True	True	True
GOBP_AMYLOID_BETA_CLEARANCE	False	False	False	False	False	False
GOBP_AMYLOID_BETA_CLEARANCE_BY_CELLULAR_CATABOLIC_PROCESS	False	False	False	True	False	True
GOBP_AMYLOID_BETA_FORMATION	False	False	False	True	False	True
GOBP_AMYLOID_BETA_METABOLIC_PROCESS	False	False	False	True	False	True
GOBP_AMYLOID_FIBRIL_FORMATION	False	False	False	False	False	False
GOBP_AMYLOID_PRECURSOR_PROTEIN_BIOSYNTHETIC_PROCESS	False	False	False	True	False	True
GOBP_AMYLOID_PRECURSOR_PROTEIN_CATABOLIC_PROCESS	False	False	False	True	False	True
GOBP_AMYLOID_PRECURSOR_PROTEIN_METABOLIC_PROCESS	False	False	False	False	False	False
GOBP_ANAGEN	False	False	True	True	False	True
GOBP_ANAPHASE_PROMOTING_COMPLEX_DEPENDENT_CATABOLIC_PROCESS	False	False	False	True	False	True
GOBP_ANATOMICAL_STRUCTURE_ARRANGEMENT	False	False	True	True	True	True
GOBP_ANATOMICAL_STRUCTURE_FORMATION_INVOLVED_IN_MORPHOGENESIS	True	True	False	False	False	False
GOBP_ANATOMICAL_STRUCTURE_MATURATION	False	False	False	False	False	False
GOBP_ANATOMICAL_STRUCTURE_REGRESSION	False	False	True	True	True	True
GOBP_ANDROGEN_BIOSYNTHETIC_PROCESS	False	False	True	True	True	True
GOBP_ANDROGEN_CATABOLIC_PROCESS	False	False	False	True	False	True
GOBP_ANDROGEN_METABOLIC_PROCESS	False	False	False	True	False	True
GOBP_ANDROGEN_RECEPTOR_SIGNALING_PATHWAY	False	False	False	True	False	True
GOBP_ANGIOGENESIS_INVOLVED_IN_WOUND_HEALING	False	False	False	True	False	True
GOBP_ANGIOTENSIN_ACTIVATED_SIGNALING_PATHWAY	False	False	False	True	False	True
GOBP_ANIMAL_ORGAN_FORMATION	False	False	False	True	False	True
GOBP_ANIMAL_ORGAN_MATURATION	False	False	False	True	False	True
GOBP_ANIMAL_ORGAN_MORPHOGENESIS	True	False	False	False	False	False
GOBP_ANIMAL_ORGAN_REGENERATION	False	False	False	True	False	True
GOBP_ANOIKIS	False	False	False	True	False	True
GOBP_ANTERIOR_COMMISSURE_MORPHOGENESIS	False	False	True	True	True	True
GOBP_ANTERIOR_HEAD_DEVELOPMENT	False	False	False	True	False	True
GOBP_ANTERIOR_POSTERIOR_AXIS_SPECIFICATION	False	False	False	True	False	True
GOBP_ANTERIOR_POSTERIOR_AXON_GUIDANCE	False	False	True	True	True	True
GOBP_ANTERIOR_POSTERIOR_PATTERN_SPECIFICATION	True	False	False	False	False	False
GOBP_ANTEROGRADE_AXONAL_TRANSPORT	False	False	False	True	False	True
GOBP_ANTEROGRADE_DENDRITIC_TRANSPORT	False	False	True	True	True	True
GOBP_ANTEROGRADE_NEURONAL_DENSE_CORE_VESICLE_TRANSPORT	False	False	True	True	True	True
GOBP_ANTIBACTERIAL_HUMORAL_RESPONSE	False	False	False	False	False	False
GOBP_ANTIBACTERIAL_INNATE_IMMUNE_RESPONSE	False	False	False	False	False	False
GOBP_ANTIBACTERIAL_PEPTIDE_PRODUCTION	False	False	True	True	True	True
GOBP_ANTIBODY_DEPENDENT_CELLULAR_CYTOTOXICITY	False	False	True	True	True	True
GOBP_ANTIFUNGAL_HUMORAL_RESPONSE	False	False	False	True	False	True
GOBP_ANTIFUNGAL_INNATE_IMMUNE_RESPONSE	False	False	False	True	False	True
GOBP_ANTIGEN_PROCESSING_AND_PRESENTATION	False	False	False	False	False	False
GOBP_ANTIGEN_PROCESSING_AND_PRESENTATION_ENDOGENOUS_LIPID_ANTIGEN_VIA_MHC_CLASS_IB	False	False	True	True	True	True
GOBP_ANTIGEN_PROCESSING_AND_PRESENTATION_OF_ENDOGENOUS_ANTIGEN	False	False	False	False	False	True
GOBP_ANTIGEN_PROCESSING_AND_PRESENTATION_OF_ENDOGENOUS_PEPTIDE_ANTIGEN	False	False	False	False	False	False
GOBP_ANTIGEN_PROCESSING_AND_PRESENTATION_OF_EXOGENOUS_ANTIGEN	False	False	False	False	False	False
GOBP_ANTIGEN_PROCESSING_AND_PRESENTATION_OF_EXOGENOUS_PEPTIDE_ANTIGEN	False	False	False	False	False	False
GOBP_ANTIGEN_PROCESSING_AND_PRESENTATION_OF_EXOGENOUS_PEPTIDE_ANTIGEN_VIA_MHC_CLASS_I	False	False	False	True	False	True
GOBP_ANTIGEN_PROCESSING_AND_PRESENTATION_OF_EXOGENOUS_PEPTIDE_ANTIGEN_VIA_MHC_CLASS_II	False	False	False	False	False	False
GOBP_ANTIGEN_PROCESSING_AND_PRESENTATION_OF_PEPTIDE_ANTIGEN	False	False	False	False	False	False
GOBP_ANTIGEN_PROCESSING_AND_PRESENTATION_OF_PEPTIDE_ANTIGEN_VIA_MHC_CLASS_I	False	False	False	False	False	False
GOBP_ANTIGEN_PROCESSING_AND_PRESENTATION_OF_PEPTIDE_ANTIGEN_VIA_MHC_CLASS_IB	False	False	False	False	False	True
GOBP_ANTIGEN_PROCESSING_AND_PRESENTATION_OF_PEPTIDE_OR_POLYSACCHARIDE_ANTIGEN_VIA_MHC_CLASS_II	False	False	False	False	False	False
GOBP_ANTIGEN_PROCESSING_AND_PRESENTATION_VIA_MHC_CLASS_IB	False	False	False	True	False	True
GOBP_ANTIGEN_RECEPTOR_MEDIATED_SIGNALING_PATHWAY	False	False	False	False	False	False
GOBP_ANTIMICROBIAL_HUMORAL_IMMUNE_RESPONSE_MEDIATED_BY_ANTIMICROBIAL_PEPTIDE	False	False	False	False	False	False
GOBP_ANTIMICROBIAL_HUMORAL_RESPONSE	False	False	False	False	False	False
GOBP_ANTIMICROBIAL_PEPTIDE_PRODUCTION	False	False	False	False	False	False
GOBP_ANTIVIRAL_INNATE_IMMUNE_RESPONSE	False	False	False	True	False	True
GOBP_ANTRAL_OVARIAN_FOLLICLE_GROWTH	False	False	False	True	False	True
GOBP_AORTA_DEVELOPMENT	False	False	False	False	False	False
GOBP_AORTA_MORPHOGENESIS	False	False	False	False	False	False
GOBP_AORTA_SMOOTH_MUSCLE_TISSUE_MORPHOGENESIS	False	False	True	True	True	True
GOBP_AORTIC_VALVE_MORPHOGENESIS	False	False	False	True	False	True
GOBP_APICAL_JUNCTION_ASSEMBLY	False	False	False	True	False	True
GOBP_APICAL_PROTEIN_LOCALIZATION	False	False	False	True	False	True
GOBP_APOLIPOPROTEIN_A_I_MEDIATED_SIGNALING_PATHWAY	False	False	True	True	True	True
GOBP_APOPTOTIC_CELL_CLEARANCE	False	False	False	False	False	False
GOBP_APOPTOTIC_CHROMOSOME_CONDENSATION	False	False	False	False	False	False
GOBP_APOPTOTIC_DNA_FRAGMENTATION	False	False	False	True	False	True
GOBP_APOPTOTIC_MITOCHONDRIAL_CHANGES	False	False	False	True	False	False
GOBP_APOPTOTIC_PROCESS	True	False	False	False	False	False
GOBP_APOPTOTIC_PROCESS_INVOLVED_IN_DEVELOPMENT	False	False	False	True	False	True
GOBP_APOPTOTIC_PROCESS_INVOLVED_IN_HEART_MORPHOGENESIS	False	False	True	True	True	True
GOBP_APOPTOTIC_PROCESS_INVOLVED_IN_MORPHOGENESIS	False	False	False	True	False	True
GOBP_APOPTOTIC_PROCESS_IN_BONE_MARROW_CELL	False	False	True	True	True	True
GOBP_APOPTOTIC_SIGNALING_PATHWAY	True	False	False	False	False	False
GOBP_APPENDAGE_DEVELOPMENT	False	False	False	True	False	True
GOBP_APPENDAGE_MORPHOGENESIS	False	False	False	False	False	False
GOBP_ARACHIDONATE_METABOLIC_PROCESS	False	False	False	True	False	True
GOBP_ARACHIDONATE_SECRETION	False	False	True	True	True	True
GOBP_ARF_PROTEIN_SIGNAL_TRANSDUCTION	False	False	True	True	True	True
GOBP_ARGININE_CATABOLIC_PROCESS	False	False	True	True	True	True
GOBP_ARGININE_METABOLIC_PROCESS	False	False	False	True	False	True
GOBP_AROMATIC_AMINO_ACID_FAMILY_CATABOLIC_PROCESS	False	False	True	True	True	True
GOBP_AROMATIC_AMINO_ACID_METABOLIC_PROCESS	False	False	False	True	False	True
GOBP_AROMATIC_AMINO_ACID_TRANSPORT	False	False	False	True	True	True
GOBP_ARP2_3_COMPLEX_MEDIATED_ACTIN_NUCLEATION	False	False	True	True	True	True
GOBP_ARTERIAL_ENDOTHELIAL_CELL_DIFFERENTIATION	False	False	True	True	True	True
GOBP_ARTERY_DEVELOPMENT	False	False	False	False	False	False
GOBP_ARTERY_MORPHOGENESIS	False	False	False	False	False	False
GOBP_ARTERY_SMOOTH_MUSCLE_CONTRACTION	False	False	True	True	True	True
GOBP_ARTICULAR_CARTILAGE_DEVELOPMENT	False	False	False	False	False	False
GOBP_ASCENDING_AORTA_DEVELOPMENT	False	False	True	True	True	True
GOBP_ASPARTATE_FAMILY_AMINO_ACID_BIOSYNTHETIC_PROCESS	False	False	False	True	True	True
GOBP_ASPARTATE_FAMILY_AMINO_ACID_CATABOLIC_PROCESS	False	False	True	True	True	True
GOBP_ASPARTATE_FAMILY_AMINO_ACID_METABOLIC_PROCESS	False	False	False	True	False	True
GOBP_ASPARTATE_METABOLIC_PROCESS	False	False	True	True	True	True
GOBP_ASPARTATE_TRANSMEMBRANE_TRANSPORT	False	False	False	True	False	True
GOBP_ASSOCIATIVE_LEARNING	False	False	False	True	False	True
GOBP_ASTRAL_MICROTUBULE_ORGANIZATION	False	False	True	True	True	True
GOBP_ASTROCYTE_ACTIVATION	False	False	True	True	True	True
GOBP_ASTROCYTE_CELL_MIGRATION	False	False	False	True	False	True
GOBP_ASTROCYTE_DEVELOPMENT	False	False	False	True	False	True
GOBP_ASTROCYTE_DIFFERENTIATION	False	False	False	False	False	False
GOBP_ASYMMETRIC_CELL_DIVISION	False	False	True	True	True	True
GOBP_ATF6_MEDIATED_UNFOLDED_PROTEIN_RESPONSE	False	False	True	True	True	True
GOBP_ATP_BIOSYNTHETIC_PROCESS	True	False	False	False	False	False
GOBP_ATP_EXPORT	False	False	True	True	True	True
GOBP_ATP_METABOLIC_PROCESS	True	False	False	False	False	False
GOBP_ATP_SYNTHESIS_COUPLED_ELECTRON_TRANSPORT	True	False	False	False	False	False
GOBP_ATP_TRANSPORT	False	False	True	True	True	True
GOBP_ATRIAL_CARDIAC_MUSCLE_CELL_MEMBRANE_REPOLARIZATION	False	False	True	True	True	True
GOBP_ATRIAL_CARDIAC_MUSCLE_CELL_TO_AV_NODE_CELL_COMMUNICATION	False	False	True	True	True	True
GOBP_ATRIAL_CARDIAC_MUSCLE_TISSUE_DEVELOPMENT	False	False	False	True	False	True
GOBP_ATRIAL_CARDIAC_MUSCLE_TISSUE_MORPHOGENESIS	False	False	True	True	True	True
GOBP_ATRIAL_SEPTUM_DEVELOPMENT	False	False	True	True	True	True
GOBP_ATRIAL_SEPTUM_MORPHOGENESIS	False	False	False	True	False	True
GOBP_ATRIAL_SEPTUM_PRIMUM_MORPHOGENESIS	False	False	True	True	True	True
GOBP_ATRIOVENTRICULAR_CANAL_DEVELOPMENT	False	False	False	True	False	True
GOBP_ATRIOVENTRICULAR_NODE_DEVELOPMENT	False	False	True	True	True	True
GOBP_ATRIOVENTRICULAR_VALVE_DEVELOPMENT	False	False	False	True	False	True
GOBP_ATRIOVENTRICULAR_VALVE_FORMATION	False	False	True	True	True	True
GOBP_ATTACHMENT_OF_GPI_ANCHOR_TO_PROTEIN	False	False	True	True	True	True
GOBP_ATTACHMENT_OF_MITOTIC_SPINDLE_MICROTUBULES_TO_KINETOCHORE	False	False	False	True	False	True
GOBP_ATTACHMENT_OF_SPINDLE_MICROTUBULES_TO_KINETOCHORE	True	False	False	True	False	True
GOBP_AUDITORY_RECEPTOR_CELL_DEVELOPMENT	False	False	False	True	False	True
GOBP_AUDITORY_RECEPTOR_CELL_MORPHOGENESIS	False	False	False	True	False	True
GOBP_AUDITORY_RECEPTOR_CELL_STEREOCILIUM_ORGANIZATION	False	False	False	True	False	True
GOBP_AUTOCRINE_SIGNALING	False	False	False	True	True	True
GOBP_AUTONOMIC_NERVOUS_SYSTEM_DEVELOPMENT	False	False	False	False	False	False
GOBP_AUTOPHAGIC_CELL_DEATH	False	False	False	True	False	True
GOBP_AUTOPHAGOSOME_LYSOSOME_FUSION	False	False	False	True	False	True
GOBP_AUTOPHAGOSOME_MATURATION	False	False	True	True	True	True
GOBP_AUTOPHAGOSOME_ORGANIZATION	False	False	False	False	False	False
GOBP_AUTOPHAGY_OF_MITOCHONDRION	False	False	False	False	False	False
GOBP_AUTOPHAGY_OF_PEROXISOME	False	False	True	True	True	True
GOBP_AUTOSOME_GENOMIC_IMPRINTING	False	False	True	True	True	True
GOBP_AV_NODE_CELL_TO_BUNDLE_OF_HIS_CELL_COMMUNICATION	False	False	True	True	True	True
GOBP_AV_NODE_CELL_TO_BUNDLE_OF_HIS_CELL_SIGNALING	False	False	True	True	True	True
GOBP_AXIAL_MESODERM_DEVELOPMENT	False	False	False	False	False	False
GOBP_AXIS_ELONGATION	False	False	False	True	False	True
GOBP_AXIS_ELONGATION_INVOLVED_IN_SOMITOGENESIS	False	False	True	True	True	True
GOBP_AXIS_SPECIFICATION	False	False	False	False	False	False
GOBP_AXONAL_FASCICULATION	False	False	True	True	True	True
GOBP_AXONAL_TRANSPORT	False	False	False	True	False	True
GOBP_AXONAL_TRANSPORT_OF_MITOCHONDRION	False	False	True	True	True	True
GOBP_AXONEMAL_CENTRAL_APPARATUS_ASSEMBLY	False	False	True	True	True	True
GOBP_AXONEMAL_DYNEIN_COMPLEX_ASSEMBLY	False	False	True	True	True	True
GOBP_AXONEME_ASSEMBLY	False	False	True	True	True	True
GOBP_AXONOGENESIS_INVOLVED_IN_INNERVATION	False	False	True	True	True	True
GOBP_AXON_CHOICE_POINT_RECOGNITION	False	False	True	True	True	True
GOBP_AXON_DEVELOPMENT	True	False	False	False	False	False
GOBP_AXON_ENSHEATHMENT_IN_CENTRAL_NERVOUS_SYSTEM	False	False	False	True	False	True
GOBP_AXON_EXTENSION	False	False	False	True	False	True
GOBP_AXON_MIDLINE_CHOICE_POINT_RECOGNITION	False	False	False	False	False	False
GOBP_AXO_DENDRITIC_PROTEIN_TRANSPORT	False	False	False	True	False	True
GOBP_AXO_DENDRITIC_TRANSPORT	False	False	False	True	False	True
GOBP_AZOLE_TRANSMEMBRANE_TRANSPORT	False	False	True	True	True	True
GOBP_BARBED_END_ACTIN_FILAMENT_CAPPING	False	False	False	True	False	True
GOBP_BASEMENT_MEMBRANE_ORGANIZATION	False	False	False	False	False	False
GOBP_BASE_CONVERSION_OR_SUBSTITUTION_EDITING	False	False	True	True	True	True
GOBP_BASE_EXCISION_REPAIR	False	False	False	True	False	True
GOBP_BASE_EXCISION_REPAIR_GAP_FILLING	False	False	False	True	False	True
GOBP_BASIC_AMINO_ACID_TRANSPORT	False	False	True	True	True	True
GOBP_BASOLATERAL_PROTEIN_SECRETION	False	False	True	True	True	True
GOBP_BEHAVIOR	True	False	False	False	False	False
GOBP_BEHAVIORAL_RESPONSE_TO_COCAINE	False	False	True	True	True	True
GOBP_BEHAVIORAL_RESPONSE_TO_ETHANOL	False	False	True	True	True	True
GOBP_BEHAVIORAL_RESPONSE_TO_NICOTINE	False	False	True	True	True	True
GOBP_BEHAVIORAL_RESPONSE_TO_PAIN	False	False	True	True	True	True
GOBP_BENZENE_CONTAINING_COMPOUND_METABOLIC_PROCESS	False	False	True	True	True	True
GOBP_BERGMANN_GLIAL_CELL_DIFFERENTIATION	False	False	False	True	False	True
GOBP_BICARBONATE_TRANSPORT	False	False	False	True	False	True
GOBP_BILE_ACID_AND_BILE_SALT_TRANSPORT	False	False	False	False	False	False
GOBP_BILE_ACID_BIOSYNTHETIC_PROCESS	False	False	False	True	False	True
GOBP_BILE_ACID_METABOLIC_PROCESS	False	False	False	True	False	True
GOBP_BILE_ACID_SECRETION	False	False	False	True	False	True
GOBP_BINDING_OF_SPERM_TO_ZONA_PELLUCIDA	False	False	False	True	False	True
GOBP_BIOLOGICAL_PHASE	False	False	False	True	False	True
GOBP_BIOLOGICAL_PROCESS_INVOLVED_IN_INTERACTION_WITH_HOST	True	False	False	False	False	False
GOBP_BIOLOGICAL_PROCESS_INVOLVED_IN_INTERACTION_WITH_SYMBIONT	False	False	False	True	False	True
GOBP_BIOLOGICAL_PROCESS_INVOLVED_IN_INTERSPECIES_INTERACTION_BETWEEN_ORGANISMS	True	True	False	False	False	False
GOBP_BIOLOGICAL_PROCESS_INVOLVED_IN_INTRASPECIES_INTERACTION_BETWEEN_ORGANISMS	False	False	True	True	True	True
GOBP_BIOLOGICAL_PROCESS_INVOLVED_IN_SYMBIOTIC_INTERACTION	True	False	False	False	False	False
GOBP_BIOMINERAL_TISSUE_DEVELOPMENT	False	False	False	False	False	False
GOBP_BLASTOCYST_DEVELOPMENT	True	False	False	True	False	True
GOBP_BLASTOCYST_FORMATION	False	False	False	True	False	True
GOBP_BLASTOCYST_GROWTH	False	False	False	True	True	True
GOBP_BLASTODERM_SEGMENTATION	False	False	False	True	False	True
GOBP_BLEB_ASSEMBLY	False	False	False	True	False	True
GOBP_BLOOD_COAGULATION_FIBRIN_CLOT_FORMATION	False	False	False	False	False	False
GOBP_BLOOD_COAGULATION_INTRINSIC_PATHWAY	False	False	False	False	False	False
GOBP_BLOOD_VESSEL_ENDOTHELIAL_CELL_DIFFERENTIATION	False	False	True	True	True	True
GOBP_BLOOD_VESSEL_ENDOTHELIAL_CELL_MIGRATION	False	False	False	False	False	False
GOBP_BLOOD_VESSEL_ENDOTHELIAL_CELL_PROLIFERATION_INVOLVED_IN_SPROUTING_ANGIOGENESIS	False	False	False	True	False	True
GOBP_BLOOD_VESSEL_MATURATION	False	False	True	True	True	True
GOBP_BLOOD_VESSEL_MORPHOGENESIS	True	False	False	False	False	False
GOBP_BLOOD_VESSEL_REMODELING	False	False	False	True	False	True
GOBP_BODY_FLUID_SECRETION	False	False	False	False	False	False
GOBP_BODY_MORPHOGENESIS	False	False	False	False	False	False
GOBP_BONE_CELL_DEVELOPMENT	False	False	False	True	False	True
GOBP_BONE_DEVELOPMENT	False	False	False	False	False	False
GOBP_BONE_GROWTH	False	False	False	True	False	True
GOBP_BONE_MARROW_DEVELOPMENT	False	False	True	True	False	True
GOBP_BONE_MATURATION	False	False	False	True	False	True
GOBP_BONE_MINERALIZATION	False	False	False	False	False	False
GOBP_BONE_MINERALIZATION_INVOLVED_IN_BONE_MATURATION	False	False	True	True	True	True
GOBP_BONE_MORPHOGENESIS	False	False	False	False	False	False
GOBP_BONE_REMODELING	False	False	False	False	False	False
GOBP_BONE_RESORPTION	False	False	False	True	False	True
GOBP_BONE_TRABECULA_FORMATION	False	False	False	False	False	False
GOBP_BOX_C_D_SNORNP_ASSEMBLY	False	False	True	True	True	True
GOBP_BRADYKININ_CATABOLIC_PROCESS	False	False	False	True	False	True
GOBP_BRAIN_DERIVED_NEUROTROPHIC_FACTOR_RECEPTOR_SIGNALING_PATHWAY	False	False	True	True	True	True
GOBP_BRAIN_MORPHOGENESIS	False	False	True	True	True	True
GOBP_BRANCHED_CHAIN_AMINO_ACID_METABOLIC_PROCESS	False	False	False	True	False	True
GOBP_BRANCHED_CHAIN_AMINO_ACID_TRANSPORT	False	False	False	True	False	True
GOBP_BRANCHING_INVOLVED_IN_BLOOD_VESSEL_MORPHOGENESIS	False	False	False	True	False	True
GOBP_BRANCHING_INVOLVED_IN_LABYRINTHINE_LAYER_MORPHOGENESIS	False	False	False	True	False	True
GOBP_BRANCHING_INVOLVED_IN_MAMMARY_GLAND_DUCT_MORPHOGENESIS	False	False	False	True	False	True
GOBP_BRANCHING_INVOLVED_IN_PROSTATE_GLAND_MORPHOGENESIS	False	False	True	True	True	True
GOBP_BRANCHING_INVOLVED_IN_SALIVARY_GLAND_MORPHOGENESIS	False	False	False	True	False	True
GOBP_BRANCHING_MORPHOGENESIS_OF_AN_EPITHELIAL_TUBE	True	False	False	False	False	False
GOBP_BRANCHING_MORPHOGENESIS_OF_A_NERVE	False	False	True	True	True	True
GOBP_BRANCHIOMOTOR_NEURON_AXON_GUIDANCE	False	False	True	True	True	True
GOBP_BRANCH_ELONGATION_INVOLVED_IN_MAMMARY_GLAND_DUCT_BRANCHING	False	False	False	True	False	True
GOBP_BRANCH_ELONGATION_OF_AN_EPITHELIUM	False	False	False	True	False	True
GOBP_BRONCHIOLE_DEVELOPMENT	False	False	True	True	True	True
GOBP_BRONCHUS_DEVELOPMENT	False	False	False	False	False	True
GOBP_BROWN_FAT_CELL_DIFFERENTIATION	False	False	False	True	False	True
GOBP_BRUSH_BORDER_ASSEMBLY	False	False	False	True	False	True
GOBP_BUD_ELONGATION_INVOLVED_IN_LUNG_BRANCHING	False	False	True	True	True	True
GOBP_BUNDLE_OF_HIS_CELL_TO_PURKINJE_MYOCYTE_COMMUNICATION	False	False	False	False	False	True
GOBP_BUNDLE_OF_HIS_CELL_TO_PURKINJE_MYOCYTE_SIGNALING	False	False	True	True	True	True
GOBP_B_1_B_CELL_DIFFERENTIATION	False	False	True	True	True	True
GOBP_B_CELL_ACTIVATION	False	False	False	False	False	False
GOBP_B_CELL_ACTIVATION_INVOLVED_IN_IMMUNE_RESPONSE	False	False	False	False	False	False
GOBP_B_CELL_APOPTOTIC_PROCESS	False	False	False	False	False	False
GOBP_B_CELL_CHEMOTAXIS	False	False	True	True	True	True
GOBP_B_CELL_DIFFERENTIATION	False	False	False	False	False	False
GOBP_B_CELL_HOMEOSTASIS	False	False	False	True	False	True
GOBP_B_CELL_LINEAGE_COMMITMENT	False	False	True	True	True	True
GOBP_B_CELL_MEDIATED_IMMUNITY	False	False	False	False	False	False
GOBP_B_CELL_PROLIFERATION	False	False	False	False	False	False
GOBP_B_CELL_RECEPTOR_SIGNALING_PATHWAY	False	False	False	False	False	False
GOBP_C21_STEROID_HORMONE_BIOSYNTHETIC_PROCESS	False	False	False	True	False	True
GOBP_C21_STEROID_HORMONE_METABOLIC_PROCESS	False	False	False	True	False	True
GOBP_C4_DICARBOXYLATE_TRANSPORT	False	False	False	True	False	True
GOBP_CADMIUM_ION_TRANSMEMBRANE_TRANSPORT	False	False	True	True	True	True
GOBP_CALCINEURIN_MEDIATED_SIGNALING	False	False	False	True	False	True
GOBP_CALCITONIN_FAMILY_RECEPTOR_SIGNALING_PATHWAY	False	False	False	True	False	True
GOBP_CALCITONIN_GENE_RELATED_PEPTIDE_RECEPTOR_SIGNALING_PATHWAY	False	False	True	True	True	True
GOBP_CALCIUM_ACTIVATED_PHOSPHOLIPID_SCRAMBLING	False	False	True	True	True	True
GOBP_CALCIUM_DEPENDENT_CELL_CELL_ADHESION_VIA_PLASMA_MEMBRANE_CELL_ADHESION_MOLECULES	False	False	False	True	False	True
GOBP_CALCIUM_IMPORT_INTO_THE_MITOCHONDRION	False	False	False	True	False	True
GOBP_CALCIUM_INDEPENDENT_CELL_CELL_ADHESION_VIA_PLASMA_MEMBRANE_CELL_ADHESION_MOLECULES	False	False	False	False	False	False
GOBP_CALCIUM_ION_EXPORT_ACROSS_PLASMA_MEMBRANE	False	False	True	True	True	True
GOBP_CALCIUM_ION_HOMEOSTASIS	False	False	False	False	False	False
GOBP_CALCIUM_ION_IMPORT	False	False	False	True	False	True
GOBP_CALCIUM_ION_IMPORT_ACROSS_PLASMA_MEMBRANE	False	False	True	True	True	True
GOBP_CALCIUM_ION_IMPORT_INTO_SARCOPLASMIC_RETICULUM	False	False	True	True	True	True
GOBP_CALCIUM_ION_REGULATED_EXOCYTOSIS	False	False	False	True	False	True
GOBP_CALCIUM_ION_REGULATED_EXOCYTOSIS_OF_NEUROTRANSMITTER	False	False	True	True	True	True
GOBP_CALCIUM_ION_TRANSMEMBRANE_IMPORT_INTO_CYTOSOL	False	False	False	False	False	True
GOBP_CALCIUM_ION_TRANSMEMBRANE_TRANSPORT	True	False	False	False	False	False
GOBP_CALCIUM_ION_TRANSMEMBRANE_TRANSPORT_VIA_HIGH_VOLTAGE_GATED_CALCIUM_CHANNEL	False	False	True	True	True	True
GOBP_CALCIUM_ION_TRANSPORT	False	False	False	False	False	False
GOBP_CALCIUM_ION_TRANSPORT_INTO_CYTOSOL	False	False	False	True	False	True
GOBP_CALCIUM_MEDIATED_SIGNALING	False	False	False	False	False	False
GOBP_CAMERA_TYPE_EYE_MORPHOGENESIS	False	False	False	False	False	True
GOBP_CAMERA_TYPE_EYE_PHOTORECEPTOR_CELL_DIFFERENTIATION	False	False	False	True	False	True
GOBP_CAMKK_AMPK_SIGNALING_CASCADE	False	False	True	True	True	True
GOBP_CAMP_BIOSYNTHETIC_PROCESS	False	False	True	True	True	True
GOBP_CAMP_CATABOLIC_PROCESS	False	False	True	True	True	True
GOBP_CAMP_MEDIATED_SIGNALING	False	False	True	True	True	True
GOBP_CAMP_METABOLIC_PROCESS	False	False	True	True	True	True
GOBP_CAMP_PKA_SIGNAL_TRANSDUCTION	False	False	False	True	False	True
GOBP_CANNABINOID_SIGNALING_PATHWAY	False	False	True	True	True	True
GOBP_CANONICAL_NF_KAPPAB_SIGNAL_TRANSDUCTION	True	False	False	False	False	False
GOBP_CANONICAL_WNT_SIGNALING_PATHWAY	True	False	False	False	False	False
GOBP_CARBOHYDRATE_BIOSYNTHETIC_PROCESS	False	False	False	False	False	False
GOBP_CARBOHYDRATE_CATABOLIC_PROCESS	False	False	False	False	False	False
GOBP_CARBOHYDRATE_DERIVATIVE_BIOSYNTHETIC_PROCESS	True	False	False	False	False	False
GOBP_CARBOHYDRATE_DERIVATIVE_CATABOLIC_PROCESS	True	False	False	False	False	False
GOBP_CARBOHYDRATE_DERIVATIVE_METABOLIC_PROCESS	True	False	False	False	False	False
GOBP_CARBOHYDRATE_DERIVATIVE_TRANSPORT	False	False	False	True	False	True
GOBP_CARBOHYDRATE_HOMEOSTASIS	False	False	False	False	False	False
GOBP_CARBOHYDRATE_IMPORT_ACROSS_PLASMA_MEMBRANE	False	False	False	True	False	True
GOBP_CARBOHYDRATE_MEDIATED_SIGNALING	False	False	True	True	True	True
GOBP_CARBOHYDRATE_METABOLIC_PROCESS	True	False	False	False	False	False
GOBP_CARBOHYDRATE_PHOSPHORYLATION	False	False	True	True	True	True
GOBP_CARBOHYDRATE_TRANSPORT	False	False	False	False	False	False
GOBP_CARBON_DIOXIDE_TRANSMEMBRANE_TRANSPORT	False	False	False	True	False	True
GOBP_CARBON_DIOXIDE_TRANSPORT	False	False	False	False	False	False
GOBP_CARDIAC_ATRIUM_DEVELOPMENT	False	False	True	True	True	True
GOBP_CARDIAC_ATRIUM_MORPHOGENESIS	False	False	False	True	False	True
GOBP_CARDIAC_CELL_DEVELOPMENT	False	False	False	True	False	True
GOBP_CARDIAC_CELL_FATE_COMMITMENT	False	False	True	True	True	True
GOBP_CARDIAC_CHAMBER_DEVELOPMENT	False	False	False	False	False	False
GOBP_CARDIAC_CHAMBER_FORMATION	False	False	True	True	True	True
GOBP_CARDIAC_CHAMBER_MORPHOGENESIS	False	False	False	False	False	False
GOBP_CARDIAC_CONDUCTION	False	False	False	True	False	True
GOBP_CARDIAC_CONDUCTION_SYSTEM_DEVELOPMENT	False	False	False	True	False	True
GOBP_CARDIAC_EPITHELIAL_TO_MESENCHYMAL_TRANSITION	False	False	False	True	False	True
GOBP_CARDIAC_FIBROBLAST_CELL_DIFFERENTIATION	False	False	True	True	True	True
GOBP_CARDIAC_LEFT_VENTRICLE_MORPHOGENESIS	False	False	False	True	False	True
GOBP_CARDIAC_MUSCLE_CELL_ACTION_POTENTIAL	False	False	False	True	False	True
GOBP_CARDIAC_MUSCLE_CELL_ACTION_POTENTIAL_INVOLVED_IN_CONTRACTION	False	False	False	False	False	False
GOBP_CARDIAC_MUSCLE_CELL_CARDIAC_MUSCLE_CELL_ADHESION	False	False	False	True	False	True
GOBP_CARDIAC_MUSCLE_CELL_CONTRACTION	False	False	False	False	False	False
GOBP_CARDIAC_MUSCLE_CELL_DIFFERENTIATION	False	False	False	False	False	False
GOBP_CARDIAC_MUSCLE_CELL_FATE_COMMITMENT	False	False	True	True	True	True
GOBP_CARDIAC_MUSCLE_CELL_MEMBRANE_REPOLARIZATION	False	False	False	True	False	True
GOBP_CARDIAC_MUSCLE_CELL_MYOBLAST_DIFFERENTIATION	False	False	False	True	False	True
GOBP_CARDIAC_MUSCLE_CELL_PROLIFERATION	False	False	False	True	False	True
GOBP_CARDIAC_MUSCLE_CONTRACTION	False	False	False	False	False	False
GOBP_CARDIAC_MUSCLE_TISSUE_DEVELOPMENT	True	False	False	False	False	False
GOBP_CARDIAC_MUSCLE_TISSUE_MORPHOGENESIS	False	False	False	True	False	True
GOBP_CARDIAC_MYOFIBRIL_ASSEMBLY	False	False	True	True	True	True
GOBP_CARDIAC_NEURAL_CREST_CELL_DEVELOPMENT_INVOLVED_IN_OUTFLOW_TRACT_MORPHOGENESIS	False	False	False	True	False	True
GOBP_CARDIAC_NEURAL_CREST_CELL_DIFFERENTIATION_INVOLVED_IN_HEART_DEVELOPMENT	False	False	False	True	False	True
GOBP_CARDIAC_NEURAL_CREST_CELL_MIGRATION_INVOLVED_IN_OUTFLOW_TRACT_MORPHOGENESIS	False	False	True	True	True	True
GOBP_CARDIAC_PACEMAKER_CELL_DEVELOPMENT	False	False	False	False	False	False
GOBP_CARDIAC_PACEMAKER_CELL_DIFFERENTIATION	False	False	True	True	True	True
GOBP_CARDIAC_RIGHT_VENTRICLE_MORPHOGENESIS	False	False	True	True	True	True
GOBP_CARDIAC_SEPTUM_CELL_DIFFERENTIATION	False	False	False	False	False	False
GOBP_CARDIAC_SEPTUM_DEVELOPMENT	False	False	False	False	False	True
GOBP_CARDIAC_SEPTUM_MORPHOGENESIS	False	False	False	True	False	True
GOBP_CARDIAC_VASCULAR_SMOOTH_MUSCLE_CELL_DIFFERENTIATION	False	False	True	True	True	True
GOBP_CARDIAC_VENTRICLE_DEVELOPMENT	False	False	False	True	False	True
GOBP_CARDIAC_VENTRICLE_FORMATION	False	False	True	True	True	True
GOBP_CARDIAC_VENTRICLE_MORPHOGENESIS	False	False	False	True	False	True
GOBP_CARDIOBLAST_DIFFERENTIATION	False	False	False	True	False	True
GOBP_CARDIOBLAST_PROLIFERATION	False	False	True	True	True	True
GOBP_CARDIOCYTE_DIFFERENTIATION	False	False	False	False	False	False
GOBP_CARDIOLIPIN_METABOLIC_PROCESS	False	False	True	True	True	True
GOBP_CARNITINE_BIOSYNTHETIC_PROCESS	False	False	False	False	False	False
GOBP_CARNITINE_METABOLIC_PROCESS	False	False	True	True	True	True
GOBP_CARNITINE_TRANSPORT	False	False	True	True	True	True
GOBP_CARTILAGE_CONDENSATION	False	False	False	True	False	True
GOBP_CARTILAGE_DEVELOPMENT	False	False	False	False	False	False
GOBP_CARTILAGE_DEVELOPMENT_INVOLVED_IN_ENDOCHONDRAL_BONE_MORPHOGENESIS	False	False	True	True	True	True
GOBP_CARTILAGE_MORPHOGENESIS	False	False	True	True	True	True
GOBP_CATECHOLAMINE_SECRETION	False	False	True	True	True	True
GOBP_CATECHOLAMINE_TRANSPORT	False	False	False	True	False	True
GOBP_CATECHOLAMINE_UPTAKE	False	False	True	True	True	True
GOBP_CATECHOLAMINE_UPTAKE_INVOLVED_IN_SYNAPTIC_TRANSMISSION	False	False	True	True	True	True
GOBP_CATECHOL_CONTAINING_COMPOUND_BIOSYNTHETIC_PROCESS	False	False	False	True	False	True
GOBP_CATECHOL_CONTAINING_COMPOUND_CATABOLIC_PROCESS	False	False	True	True	True	True
GOBP_CATECHOL_CONTAINING_COMPOUND_METABOLIC_PROCESS	False	False	False	True	False	True
GOBP_CAVEOLA_ASSEMBLY	False	False	True	True	True	True
GOBP_CAVEOLIN_MEDIATED_ENDOCYTOSIS	False	False	True	True	True	True
GOBP_CD27_SIGNALING_PATHWAY	False	False	True	True	True	True
GOBP_CD40_SIGNALING_PATHWAY	False	False	True	True	True	True
GOBP_CD4_POSITIVE_ALPHA_BETA_T_CELL_ACTIVATION	False	False	False	False	False	False
GOBP_CD4_POSITIVE_ALPHA_BETA_T_CELL_CYTOKINE_PRODUCTION	False	False	False	True	False	True
GOBP_CD4_POSITIVE_ALPHA_BETA_T_CELL_DIFFERENTIATION	False	False	False	False	False	False
GOBP_CD4_POSITIVE_ALPHA_BETA_T_CELL_PROLIFERATION	False	False	False	True	False	True
GOBP_CD4_POSITIVE_CD25_POSITIVE_ALPHA_BETA_REGULATORY_T_CELL_DIFFERENTIATION	False	False	False	False	False	False
GOBP_CD4_POSITIVE_OR_CD8_POSITIVE_ALPHA_BETA_T_CELL_LINEAGE_COMMITMENT	False	False	False	False	False	True
GOBP_CD8_POSITIVE_ALPHA_BETA_T_CELL_ACTIVATION	False	False	False	True	False	True
GOBP_CD8_POSITIVE_ALPHA_BETA_T_CELL_DIFFERENTIATION	False	False	True	True	True	True
GOBP_CD8_POSITIVE_ALPHA_BETA_T_CELL_PROLIFERATION	False	False	False	True	False	True
GOBP_CDC42_PROTEIN_SIGNAL_TRANSDUCTION	False	False	True	True	True	True
GOBP_CDP_CHOLINE_PATHWAY	False	False	True	True	True	True
GOBP_CDP_DIACYLGLYCEROL_METABOLIC_PROCESS	False	False	False	True	False	True
GOBP_CELLULAR_COMPONENT_ASSEMBLY_INVOLVED_IN_MORPHOGENESIS	False	False	False	True	False	False
GOBP_CELLULAR_COMPONENT_DISASSEMBLY	True	False	False	False	False	False
GOBP_CELLULAR_COMPONENT_DISASSEMBLY_INVOLVED_IN_EXECUTION_PHASE_OF_APOPTOSIS	False	False	True	True	True	True
GOBP_CELLULAR_COMPONENT_MAINTENANCE	False	False	False	True	False	True
GOBP_CELLULAR_DEFENSE_RESPONSE	False	False	False	True	False	True
GOBP_CELLULAR_DETOXIFICATION_OF_ALDEHYDE	False	False	True	True	True	True
GOBP_CELLULAR_EXTRAVASATION	False	False	False	False	False	False
GOBP_CELLULAR_HOMEOSTASIS	True	False	False	False	False	False
GOBP_CELLULAR_HYPEROSMOTIC_RESPONSE	False	False	False	True	False	True
GOBP_CELLULAR_HYPOTONIC_RESPONSE	False	False	False	True	False	True
GOBP_CELLULAR_OXIDANT_DETOXIFICATION	False	False	False	False	False	False
GOBP_CELLULAR_PIGMENTATION	False	False	False	True	False	True
GOBP_CELLULAR_PROCESS_INVOLVED_IN_REPRODUCTION_IN_MULTICELLULAR_ORGANISM	True	False	False	False	False	False
GOBP_CELLULAR_RESPIRATION	True	False	False	False	False	False
GOBP_CELLULAR_RESPONSE_TO_ABIOTIC_STIMULUS	False	False	False	False	False	False
GOBP_CELLULAR_RESPONSE_TO_ACIDIC_PH	False	False	True	True	False	True
GOBP_CELLULAR_RESPONSE_TO_ACID_CHEMICAL	False	False	False	False	False	False
GOBP_CELLULAR_RESPONSE_TO_ALCOHOL	False	False	False	False	False	False
GOBP_CELLULAR_RESPONSE_TO_ALDEHYDE	False	False	False	True	False	True
GOBP_CELLULAR_RESPONSE_TO_ALDOSTERONE	False	False	False	True	False	True
GOBP_CELLULAR_RESPONSE_TO_ALKALOID	False	False	False	True	False	True
GOBP_CELLULAR_RESPONSE_TO_AMMONIUM_ION	False	False	False	True	False	True
GOBP_CELLULAR_RESPONSE_TO_AMYLOID_BETA	False	False	False	True	True	True
GOBP_CELLULAR_RESPONSE_TO_ANGIOTENSIN	False	False	False	False	False	False
GOBP_CELLULAR_RESPONSE_TO_ANTIBIOTIC	False	False	True	True	True	True
GOBP_CELLULAR_RESPONSE_TO_ARSENIC_CONTAINING_SUBSTANCE	False	False	False	True	False	True
GOBP_CELLULAR_RESPONSE_TO_ATP	False	False	True	True	True	True
GOBP_CELLULAR_RESPONSE_TO_BIOTIC_STIMULUS	False	False	False	False	False	False
GOBP_CELLULAR_RESPONSE_TO_BRAIN_DERIVED_NEUROTROPHIC_FACTOR_STIMULUS	False	False	True	True	True	True
GOBP_CELLULAR_RESPONSE_TO_CADMIUM_ION	False	False	False	False	False	True
GOBP_CELLULAR_RESPONSE_TO_CAFFEINE	False	False	True	True	True	True
GOBP_CELLULAR_RESPONSE_TO_CALCIUM_ION	False	False	False	True	False	True
GOBP_CELLULAR_RESPONSE_TO_CAMP	False	False	False	True	False	True
GOBP_CELLULAR_RESPONSE_TO_CARBOHYDRATE_STIMULUS	False	False	False	False	False	True
GOBP_CELLULAR_RESPONSE_TO_CGMP	False	False	True	True	True	True
GOBP_CELLULAR_RESPONSE_TO_CHEMICAL_STRESS	True	False	False	False	False	False
GOBP_CELLULAR_RESPONSE_TO_CHOLESTEROL	False	False	True	True	False	True
GOBP_CELLULAR_RESPONSE_TO_COCAINE	False	False	False	True	False	True
GOBP_CELLULAR_RESPONSE_TO_COLD	False	False	True	True	True	True
GOBP_CELLULAR_RESPONSE_TO_COPPER_ION	False	False	False	False	False	False
GOBP_CELLULAR_RESPONSE_TO_CORTICOSTEROID_STIMULUS	False	False	False	True	False	True
GOBP_CELLULAR_RESPONSE_TO_DEXAMETHASONE_STIMULUS	False	False	False	True	False	True
GOBP_CELLULAR_RESPONSE_TO_DSRNA	False	False	False	True	False	True
GOBP_CELLULAR_RESPONSE_TO_ELECTRICAL_STIMULUS	False	False	False	True	False	True
GOBP_CELLULAR_RESPONSE_TO_ENDOGENOUS_STIMULUS	True	False	False	False	False	False
GOBP_CELLULAR_RESPONSE_TO_EPINEPHRINE_STIMULUS	False	False	True	True	True	True
GOBP_CELLULAR_RESPONSE_TO_ESTRADIOL_STIMULUS	False	False	False	True	False	True
GOBP_CELLULAR_RESPONSE_TO_ESTROGEN_STIMULUS	False	False	False	True	True	True
GOBP_CELLULAR_RESPONSE_TO_ETHANOL	False	False	False	True	False	True
GOBP_CELLULAR_RESPONSE_TO_ETHER	False	False	True	True	True	True
GOBP_CELLULAR_RESPONSE_TO_EXOGENOUS_DSRNA	False	False	True	True	True	True
GOBP_CELLULAR_RESPONSE_TO_EXTERNAL_STIMULUS	False	False	False	False	False	False
GOBP_CELLULAR_RESPONSE_TO_FATTY_ACID	False	False	False	True	False	True
GOBP_CELLULAR_RESPONSE_TO_FLUID_SHEAR_STRESS	False	False	False	True	False	True
GOBP_CELLULAR_RESPONSE_TO_FOLLICLE_STIMULATING_HORMONE_STIMULUS	False	False	True	True	True	True
GOBP_CELLULAR_RESPONSE_TO_GAMMA_RADIATION	False	False	False	True	False	True
GOBP_CELLULAR_RESPONSE_TO_GLUCAGON_STIMULUS	False	False	True	True	True	True
GOBP_CELLULAR_RESPONSE_TO_GLUCOCORTICOID_STIMULUS	False	False	False	False	False	False
GOBP_CELLULAR_RESPONSE_TO_GLUCOSE_STARVATION	False	False	False	True	False	True
GOBP_CELLULAR_RESPONSE_TO_GONADOTROPIN_RELEASING_HORMONE	False	False	True	True	True	True
GOBP_CELLULAR_RESPONSE_TO_GONADOTROPIN_STIMULUS	False	False	False	True	False	True
GOBP_CELLULAR_RESPONSE_TO_GROWTH_HORMONE_STIMULUS	False	False	False	True	False	True
GOBP_CELLULAR_RESPONSE_TO_HEAT	False	False	False	True	False	True
GOBP_CELLULAR_RESPONSE_TO_HISTAMINE	False	False	True	True	True	True
GOBP_CELLULAR_RESPONSE_TO_HORMONE_STIMULUS	True	False	False	False	False	False
GOBP_CELLULAR_RESPONSE_TO_HYDROGEN_PEROXIDE	False	False	False	False	False	False
GOBP_CELLULAR_RESPONSE_TO_HYDROPEROXIDE	False	False	True	True	True	True
GOBP_CELLULAR_RESPONSE_TO_INCREASED_OXYGEN_LEVELS	False	False	True	True	True	True
GOBP_CELLULAR_RESPONSE_TO_INSULIN_LIKE_GROWTH_FACTOR_STIMULUS	False	False	False	True	False	True
GOBP_CELLULAR_RESPONSE_TO_INSULIN_STIMULUS	False	False	False	False	False	False
GOBP_CELLULAR_RESPONSE_TO_INTERFERON_ALPHA	False	False	False	True	False	True
GOBP_CELLULAR_RESPONSE_TO_INTERFERON_BETA	False	False	False	True	False	True
GOBP_CELLULAR_RESPONSE_TO_INTERLEUKIN_1	False	False	False	False	False	False
GOBP_CELLULAR_RESPONSE_TO_IONIZING_RADIATION	False	False	False	True	False	True
GOBP_CELLULAR_RESPONSE_TO_IRON_ION	False	False	True	True	True	True
GOBP_CELLULAR_RESPONSE_TO_KETONE	False	False	False	False	False	False
GOBP_CELLULAR_RESPONSE_TO_LAMINAR_FLUID_SHEAR_STRESS	False	False	False	True	False	True
GOBP_CELLULAR_RESPONSE_TO_LEPTIN_STIMULUS	False	False	True	True	True	True
GOBP_CELLULAR_RESPONSE_TO_LEUCINE_STARVATION	False	False	True	True	True	True
GOBP_CELLULAR_RESPONSE_TO_LIGHT_STIMULUS	False	False	False	True	False	True
GOBP_CELLULAR_RESPONSE_TO_LIPID	True	False	False	False	False	False
GOBP_CELLULAR_RESPONSE_TO_LIPOPROTEIN_PARTICLE_STIMULUS	False	False	False	False	False	False
GOBP_CELLULAR_RESPONSE_TO_LUTEINIZING_HORMONE_STIMULUS	False	False	True	True	True	True
GOBP_CELLULAR_RESPONSE_TO_L_GLUTAMATE	False	False	True	True	True	True
GOBP_CELLULAR_RESPONSE_TO_L_LEUCINE	False	False	True	True	True	True
GOBP_CELLULAR_RESPONSE_TO_MACROPHAGE_COLONY_STIMULATING_FACTOR_STIMULUS	False	False	True	True	True	True
GOBP_CELLULAR_RESPONSE_TO_MAGNESIUM_ION	False	False	False	False	False	False
GOBP_CELLULAR_RESPONSE_TO_MANGANESE_ION	False	False	True	True	True	True
GOBP_CELLULAR_RESPONSE_TO_METAL_ION	False	False	False	False	False	False
GOBP_CELLULAR_RESPONSE_TO_MINERALOCORTICOID_STIMULUS	False	False	False	True	False	True
GOBP_CELLULAR_RESPONSE_TO_MOLECULE_OF_BACTERIAL_ORIGIN	False	False	False	False	False	False
GOBP_CELLULAR_RESPONSE_TO_NICOTINE	False	False	False	False	False	False
GOBP_CELLULAR_RESPONSE_TO_NITROGEN_COMPOUND	True	False	False	False	False	False
GOBP_CELLULAR_RESPONSE_TO_NITROSATIVE_STRESS	False	False	True	True	True	True
GOBP_CELLULAR_RESPONSE_TO_NUTRIENT	False	False	False	True	False	True
GOBP_CELLULAR_RESPONSE_TO_NUTRIENT_LEVELS	False	False	False	False	False	False
GOBP_CELLULAR_RESPONSE_TO_OSMOTIC_STRESS	False	False	False	True	False	True
GOBP_CELLULAR_RESPONSE_TO_OXIDATIVE_STRESS	True	False	False	False	False	False
GOBP_CELLULAR_RESPONSE_TO_OXIDISED_LOW_DENSITY_LIPOPROTEIN_PARTICLE_STIMULUS	False	False	False	True	False	True
GOBP_CELLULAR_RESPONSE_TO_OXYGEN_CONTAINING_COMPOUND	True	False	False	False	False	False
GOBP_CELLULAR_RESPONSE_TO_OXYGEN_LEVELS	False	False	False	False	False	False
GOBP_CELLULAR_RESPONSE_TO_OXYGEN_RADICAL	False	False	False	True	False	True
GOBP_CELLULAR_RESPONSE_TO_PARATHYROID_HORMONE_STIMULUS	False	False	False	False	False	False
GOBP_CELLULAR_RESPONSE_TO_PEPTIDE	False	False	False	True	False	True
GOBP_CELLULAR_RESPONSE_TO_PEPTIDE_HORMONE_STIMULUS	True	False	False	False	False	False
GOBP_CELLULAR_RESPONSE_TO_PEPTIDOGLYCAN	False	False	True	True	True	True
GOBP_CELLULAR_RESPONSE_TO_PH	False	False	False	True	False	True
GOBP_CELLULAR_RESPONSE_TO_POTASSIUM_ION	False	False	False	True	False	True
GOBP_CELLULAR_RESPONSE_TO_PROSTAGLANDIN_E_STIMULUS	False	False	True	True	True	True
GOBP_CELLULAR_RESPONSE_TO_PROSTAGLANDIN_STIMULUS	False	False	False	True	False	True
GOBP_CELLULAR_RESPONSE_TO_PURINE_CONTAINING_COMPOUND	False	False	True	True	True	True
GOBP_CELLULAR_RESPONSE_TO_RADIATION	False	False	False	False	False	False
GOBP_CELLULAR_RESPONSE_TO_REACTIVE_NITROGEN_SPECIES	False	False	False	False	False	True
GOBP_CELLULAR_RESPONSE_TO_REACTIVE_OXYGEN_SPECIES	False	False	False	False	False	False
GOBP_CELLULAR_RESPONSE_TO_RETINOIC_ACID	False	False	False	True	False	True
GOBP_CELLULAR_RESPONSE_TO_SALT_STRESS	False	False	False	True	False	True
GOBP_CELLULAR_RESPONSE_TO_STARVATION	False	False	False	False	False	False
GOBP_CELLULAR_RESPONSE_TO_STEROID_HORMONE_STIMULUS	True	False	False	False	False	False
GOBP_CELLULAR_RESPONSE_TO_STEROL	False	False	True	True	True	True
GOBP_CELLULAR_RESPONSE_TO_STEROL_DEPLETION	False	False	False	True	False	True
GOBP_CELLULAR_RESPONSE_TO_STRESS	True	True	False	False	False	False
GOBP_CELLULAR_RESPONSE_TO_TESTOSTERONE_STIMULUS	False	False	False	True	False	True
GOBP_CELLULAR_RESPONSE_TO_THYROID_HORMONE_STIMULUS	False	False	False	True	False	True
GOBP_CELLULAR_RESPONSE_TO_TOPOLOGICALLY_INCORRECT_PROTEIN	False	False	False	False	False	False
GOBP_CELLULAR_RESPONSE_TO_TOXIC_SUBSTANCE	False	False	False	True	False	True
GOBP_CELLULAR_RESPONSE_TO_TYPE_III_INTERFERON	False	False	True	True	True	True
GOBP_CELLULAR_RESPONSE_TO_TYPE_II_INTERFERON	False	False	False	False	False	False
GOBP_CELLULAR_RESPONSE_TO_UNFOLDED_PROTEIN	False	False	False	False	False	False
GOBP_CELLULAR_RESPONSE_TO_UV	False	False	False	False	False	False
GOBP_CELLULAR_RESPONSE_TO_UV_A	False	False	False	False	False	False
GOBP_CELLULAR_RESPONSE_TO_UV_B	False	False	False	True	False	True
GOBP_CELLULAR_RESPONSE_TO_VASCULAR_ENDOTHELIAL_GROWTH_FACTOR_STIMULUS	False	False	False	False	False	False
GOBP_CELLULAR_RESPONSE_TO_VIRUS	False	False	False	False	False	False
GOBP_CELLULAR_RESPONSE_TO_VITAMIN	False	False	False	False	False	False
GOBP_CELLULAR_RESPONSE_TO_VITAMIN_D	False	False	False	True	False	True
GOBP_CELLULAR_RESPONSE_TO_WATER_STIMULUS	False	False	True	True	True	True
GOBP_CELLULAR_RESPONSE_TO_XENOBIOTIC_STIMULUS	False	False	False	False	False	False
GOBP_CELLULAR_RESPONSE_TO_X_RAY	False	False	False	True	False	True
GOBP_CELLULAR_RESPONSE_TO_ZINC_ION	False	False	False	True	False	True
GOBP_CELLULAR_SENESCENCE	False	False	False	False	False	False
GOBP_CELL_ACTIVATION	True	True	False	False	False	False
GOBP_CELL_ACTIVATION_INVOLVED_IN_IMMUNE_RESPONSE	False	False	False	False	False	False
GOBP_CELL_ADHESION	True	True	False	False	False	False
GOBP_CELL_ADHESION_INVOLVED_IN_HEART_MORPHOGENESIS	False	False	True	True	True	True
GOBP_CELL_ADHESION_MEDIATED_BY_INTEGRIN	False	False	False	False	False	False
GOBP_CELL_ADHESION_MOLECULE_PRODUCTION	False	False	False	False	False	False
GOBP_CELL_AGGREGATION	False	False	True	True	False	True
GOBP_CELL_CELL_ADHESION	True	True	False	False	False	False
GOBP_CELL_CELL_ADHESION_INVOLVED_IN_GASTRULATION	False	False	False	True	False	True
GOBP_CELL_CELL_ADHESION_MEDIATED_BY_CADHERIN	False	False	False	False	False	False
GOBP_CELL_CELL_ADHESION_MEDIATED_BY_INTEGRIN	False	False	True	True	True	True
GOBP_CELL_CELL_ADHESION_VIA_PLASMA_MEMBRANE_ADHESION_MOLECULES	True	False	False	False	False	False
GOBP_CELL_CELL_JUNCTION_ASSEMBLY	True	False	False	False	False	False
GOBP_CELL_CELL_JUNCTION_DISASSEMBLY	False	False	True	True	True	True
GOBP_CELL_CELL_JUNCTION_MAINTENANCE	False	False	False	True	False	True
GOBP_CELL_CELL_JUNCTION_ORGANIZATION	True	False	False	False	False	False
GOBP_CELL_CELL_RECOGNITION	False	False	False	False	False	True
GOBP_CELL_CELL_SIGNALING	True	False	False	False	False	False
GOBP_CELL_CELL_SIGNALING_INVOLVED_IN_CARDIAC_CONDUCTION	False	False	False	True	False	True
GOBP_CELL_CHEMOTAXIS	False	False	False	False	False	False
GOBP_CELL_COMMUNICATION_BY_ELECTRICAL_COUPLING	False	False	False	True	False	True
GOBP_CELL_COMMUNICATION_BY_ELECTRICAL_COUPLING_INVOLVED_IN_CARDIAC_CONDUCTION	False	False	True	True	True	True
GOBP_CELL_COMMUNICATION_INVOLVED_IN_CARDIAC_CONDUCTION	False	False	False	False	False	True
GOBP_CELL_CYCLE	True	True	False	False	False	False
GOBP_CELL_CYCLE_CHECKPOINT_SIGNALING	True	False	False	False	False	False
GOBP_CELL_CYCLE_DNA_REPLICATION	True	False	False	True	False	True
GOBP_CELL_CYCLE_DNA_REPLICATION_INITIATION	False	False	True	True	True	True
GOBP_CELL_CYCLE_G1_S_PHASE_TRANSITION	True	False	False	False	False	False
GOBP_CELL_CYCLE_G2_M_PHASE_TRANSITION	True	False	False	False	False	True
GOBP_CELL_CYCLE_PHASE_TRANSITION	True	False	False	False	False	False
GOBP_CELL_CYCLE_PROCESS	True	True	False	False	False	False
GOBP_CELL_DIFFERENTIATION_INVOLVED_IN_EMBRYONIC_PLACENTA_DEVELOPMENT	False	False	False	False	False	False
GOBP_CELL_DIFFERENTIATION_INVOLVED_IN_KIDNEY_DEVELOPMENT	False	False	False	True	False	True
GOBP_CELL_DIFFERENTIATION_INVOLVED_IN_METANEPHROS_DEVELOPMENT	False	False	False	True	False	True
GOBP_CELL_DIFFERENTIATION_IN_HINDBRAIN	False	False	True	True	True	True
GOBP_CELL_DIFFERENTIATION_IN_SPINAL_CORD	False	False	True	True	True	True
GOBP_CELL_DIVISION	True	True	False	False	False	False
GOBP_CELL_FATE_COMMITMENT	False	False	False	False	False	False
GOBP_CELL_FATE_COMMITMENT_INVOLVED_IN_FORMATION_OF_PRIMARY_GERM_LAYER	False	False	False	True	False	True
GOBP_CELL_FATE_COMMITMENT_INVOLVED_IN_PATTERN_SPECIFICATION	False	False	True	True	True	True
GOBP_CELL_FATE_DETERMINATION	False	False	False	True	False	True
GOBP_CELL_FATE_SPECIFICATION	False	False	False	True	False	True
GOBP_CELL_FATE_SPECIFICATION_INVOLVED_IN_PATTERN_SPECIFICATION	False	False	True	True	True	True
GOBP_CELL_GROWTH	False	False	False	False	False	False
GOBP_CELL_JUNCTION_ASSEMBLY	True	False	False	False	False	False
GOBP_CELL_JUNCTION_DISASSEMBLY	False	False	False	False	False	False
GOBP_CELL_JUNCTION_MAINTENANCE	False	False	False	True	False	True
GOBP_CELL_JUNCTION_ORGANIZATION	True	False	False	False	False	False
GOBP_CELL_KILLING	False	False	False	False	False	False
GOBP_CELL_MATRIX_ADHESION	False	False	False	False	False	False
GOBP_CELL_MATURATION	False	False	False	False	False	False
GOBP_CELL_MIGRATION_INVOLVED_IN_GASTRULATION	False	False	True	True	True	True
GOBP_CELL_MIGRATION_INVOLVED_IN_HEART_DEVELOPMENT	False	False	False	True	False	True
GOBP_CELL_MIGRATION_INVOLVED_IN_KIDNEY_DEVELOPMENT	False	False	True	True	True	True
GOBP_CELL_MIGRATION_INVOLVED_IN_METANEPHROS_DEVELOPMENT	False	False	True	True	True	True
GOBP_CELL_MIGRATION_INVOLVED_IN_SPROUTING_ANGIOGENESIS	False	False	False	False	False	False
GOBP_CELL_MIGRATION_IN_HINDBRAIN	False	False	False	True	False	True
GOBP_CELL_MORPHOGENESIS	True	False	False	False	False	False
GOBP_CELL_MORPHOGENESIS_INVOLVED_IN_NEURON_DIFFERENTIATION	True	False	False	False	False	False
GOBP_CELL_MOTILITY	True	True	False	False	False	False
GOBP_CELL_PROJECTION_ASSEMBLY	True	False	False	False	False	False
GOBP_CELL_PROJECTION_MORPHOGENESIS	True	False	False	False	False	False
GOBP_CELL_PROJECTION_ORGANIZATION	True	False	False	False	False	False
GOBP_CELL_PROLIFERATION_INVOLVED_IN_HEART_MORPHOGENESIS	False	False	True	True	True	True
GOBP_CELL_PROLIFERATION_INVOLVED_IN_KIDNEY_DEVELOPMENT	False	False	False	True	False	True
GOBP_CELL_PROLIFERATION_INVOLVED_IN_METANEPHROS_DEVELOPMENT	False	False	False	True	False	True
GOBP_CELL_PROLIFERATION_IN_BONE_MARROW	False	False	True	True	True	True
GOBP_CELL_PROLIFERATION_IN_FOREBRAIN	False	False	True	True	True	True
GOBP_CELL_PROLIFERATION_IN_HINDBRAIN	False	False	True	True	True	True
GOBP_CELL_PROLIFERATION_IN_MIDBRAIN	False	False	True	True	True	True
GOBP_CELL_RECOGNITION	False	False	False	False	False	False
GOBP_CELL_REDOX_HOMEOSTASIS	False	False	False	True	False	True
GOBP_CELL_SUBSTRATE_ADHESION	True	False	False	False	False	False
GOBP_CELL_SUBSTRATE_JUNCTION_ORGANIZATION	False	False	False	False	False	False
GOBP_CELL_SURFACE_PATTERN_RECOGNITION_RECEPTOR_SIGNALING_PATHWAY	False	False	False	True	False	True
GOBP_CELL_SURFACE_RECEPTOR_PROTEIN_SERINE_THREONINE_KINASE_SIGNALING_PATHWAY	True	False	False	False	False	False
GOBP_CELL_SURFACE_RECEPTOR_PROTEIN_TYROSINE_KINASE_SIGNALING_PATHWAY	True	False	False	False	False	False
GOBP_CELL_SURFACE_RECEPTOR_PROTEIN_TYROSINE_PHOSPHATASE_SIGNALING_PATHWAY	False	False	False	True	False	True
GOBP_CELL_SURFACE_RECEPTOR_SIGNALING_PATHWAY_VIA_JAK_STAT	False	False	False	False	False	False
GOBP_CELL_SURFACE_RECEPTOR_SIGNALING_PATHWAY_VIA_STAT	False	False	False	False	False	True
GOBP_CELL_SURFACE_TOLL_LIKE_RECEPTOR_SIGNALING_PATHWAY	False	False	False	True	False	True
GOBP_CELL_VOLUME_HOMEOSTASIS	False	False	False	True	False	True
GOBP_CEMENTUM_MINERALIZATION	False	False	True	True	True	True
GOBP_CENTRAL_NERVOUS_SYSTEM_DEVELOPMENT	True	False	False	False	False	False
GOBP_CENTRAL_NERVOUS_SYSTEM_MYELIN_FORMATION	False	False	True	True	True	True
GOBP_CENTRAL_NERVOUS_SYSTEM_MYELIN_MAINTENANCE	False	False	False	True	False	True
GOBP_CENTRAL_NERVOUS_SYSTEM_NEURON_AXONOGENESIS	False	False	False	True	False	True
GOBP_CENTRAL_NERVOUS_SYSTEM_NEURON_DEVELOPMENT	False	False	False	True	False	True
GOBP_CENTRAL_NERVOUS_SYSTEM_NEURON_DIFFERENTIATION	False	False	False	True	False	True
GOBP_CENTRAL_NERVOUS_SYSTEM_PROJECTION_NEURON_AXONOGENESIS	False	False	False	True	False	True
GOBP_CENTRAL_NERVOUS_SYSTEM_VASCULOGENESIS	False	False	True	True	True	True
GOBP_CENTRIOLE_ASSEMBLY	False	False	True	True	True	True
GOBP_CENTRIOLE_ELONGATION	False	False	True	True	True	True
GOBP_CENTROMERE_COMPLEX_ASSEMBLY	False	False	True	True	True	True
GOBP_CENTROMERIC_SISTER_CHROMATID_COHESION	False	False	True	True	True	True
GOBP_CENTROSOME_DUPLICATION	False	False	False	True	False	True
GOBP_CENTROSOME_SEPARATION	False	False	True	True	True	True
GOBP_CERAMIDE_BIOSYNTHETIC_PROCESS	False	False	False	True	False	True
GOBP_CERAMIDE_CATABOLIC_PROCESS	False	False	False	True	False	True
GOBP_CERAMIDE_METABOLIC_PROCESS	False	False	False	True	False	True
GOBP_CERAMIDE_TRANSPORT	False	False	True	True	True	True
GOBP_CEREBELLAR_CORTEX_DEVELOPMENT	False	False	False	True	False	True
GOBP_CEREBELLAR_CORTEX_FORMATION	False	False	True	True	True	True
GOBP_CEREBELLAR_CORTEX_MORPHOGENESIS	False	False	True	True	True	True
GOBP_CEREBELLAR_GRANULAR_LAYER_DEVELOPMENT	False	False	True	True	True	True
GOBP_CEREBELLAR_GRANULAR_LAYER_FORMATION	False	False	True	True	True	True
GOBP_CEREBELLAR_GRANULAR_LAYER_MORPHOGENESIS	False	False	True	True	True	True
GOBP_CEREBELLAR_PURKINJE_CELL_LAYER_DEVELOPMENT	False	False	False	True	False	True
GOBP_CEREBELLAR_PURKINJE_CELL_LAYER_FORMATION	False	False	True	True	True	True
GOBP_CEREBELLAR_PURKINJE_CELL_LAYER_MORPHOGENESIS	False	False	True	True	True	True
GOBP_CEREBRAL_CORTEX_CELL_MIGRATION	False	False	False	False	False	False
GOBP_CEREBRAL_CORTEX_DEVELOPMENT	False	False	False	False	False	False
GOBP_CEREBRAL_CORTEX_GABAERGIC_INTERNEURON_DEVELOPMENT	False	False	False	False	False	False
GOBP_CEREBRAL_CORTEX_GABAERGIC_INTERNEURON_DIFFERENTIATION	False	False	False	False	False	False
GOBP_CEREBRAL_CORTEX_NEURON_DIFFERENTIATION	False	False	True	True	True	True
GOBP_CEREBRAL_CORTEX_RADIALLY_ORIENTED_CELL_MIGRATION	False	False	False	False	False	False
GOBP_CEREBRAL_CORTEX_REGIONALIZATION	False	False	False	True	False	True
GOBP_CEREBRAL_CORTEX_TANGENTIAL_MIGRATION	False	False	True	True	True	True
GOBP_CEREBROSPINAL_FLUID_CIRCULATION	False	False	True	True	True	True
GOBP_CGAS_STING_SIGNALING_PATHWAY	False	False	True	True	True	True
GOBP_CGMP_BIOSYNTHETIC_PROCESS	False	False	True	True	True	True
GOBP_CGMP_CATABOLIC_PROCESS	False	False	True	True	True	True
GOBP_CGMP_MEDIATED_SIGNALING	False	False	False	True	False	True
GOBP_CGMP_METABOLIC_PROCESS	False	False	True	True	True	True
GOBP_CHAPERONE_MEDIATED_AUTOPHAGY	False	False	False	True	False	True
GOBP_CHAPERONE_MEDIATED_PROTEIN_COMPLEX_ASSEMBLY	False	False	False	False	False	True
GOBP_CHAPERONE_MEDIATED_PROTEIN_FOLDING	True	False	False	False	False	False
GOBP_CHEMICAL_HOMEOSTASIS	True	False	False	False	False	False
GOBP_CHEMICAL_SYNAPTIC_TRANSMISSION_POSTSYNAPTIC	False	False	False	True	False	True
GOBP_CHEMOKINE_C_C_MOTIF_LIGAND_5_PRODUCTION	False	False	True	True	True	True
GOBP_CHEMOKINE_C_X_C_MOTIF_LIGAND_12_SIGNALING_PATHWAY	False	False	True	True	True	True
GOBP_CHEMOKINE_C_X_C_MOTIF_LIGAND_1_PRODUCTION	False	False	True	True	True	True
GOBP_CHEMOKINE_C_X_C_MOTIF_LIGAND_2_PRODUCTION	False	False	False	False	False	False
GOBP_CHEMOKINE_PRODUCTION	False	False	False	False	False	False
GOBP_CHEMOREPULSION_OF_AXON	False	False	True	True	True	True
GOBP_CHEMOSENSORY_BEHAVIOR	False	False	True	True	True	True
GOBP_CHIASMA_ASSEMBLY	False	False	True	True	True	True
GOBP_CHITIN_METABOLIC_PROCESS	False	False	False	False	False	False
GOBP_CHLORIDE_TRANSPORT	False	False	False	False	False	False
GOBP_CHOLANGIOCYTE_PROLIFERATION	False	False	True	True	True	True
GOBP_CHOLESTEROL_CATABOLIC_PROCESS	False	False	True	True	True	True
GOBP_CHOLESTEROL_EFFLUX	False	False	False	False	False	False
GOBP_CHOLESTEROL_IMPORT	False	False	True	True	True	True
GOBP_CHOLESTEROL_STORAGE	False	False	False	True	False	True
GOBP_CHOLINE_METABOLIC_PROCESS	False	False	True	True	True	True
GOBP_CHOLINE_TRANSPORT	False	False	False	True	False	True
GOBP_CHONDROBLAST_DIFFERENTIATION	False	False	False	False	False	False
GOBP_CHONDROCYTE_DEVELOPMENT	False	False	False	True	False	True
GOBP_CHONDROCYTE_DEVELOPMENT_INVOLVED_IN_ENDOCHONDRAL_BONE_MORPHOGENESIS	False	False	True	True	True	True
GOBP_CHONDROCYTE_DIFFERENTIATION	False	False	False	False	False	False
GOBP_CHONDROCYTE_DIFFERENTIATION_INVOLVED_IN_ENDOCHONDRAL_BONE_MORPHOGENESIS	False	False	True	True	True	True
GOBP_CHONDROCYTE_HYPERTROPHY	False	False	True	True	True	True
GOBP_CHONDROCYTE_PROLIFERATION	False	False	False	True	False	True
GOBP_CHONDROITIN_SULFATE_PROTEOGLYCAN_BIOSYNTHETIC_PROCESS	False	False	True	True	True	True
GOBP_CHONDROITIN_SULFATE_PROTEOGLYCAN_METABOLIC_PROCESS	False	False	True	True	True	True
GOBP_CHORIONIC_TROPHOBLAST_CELL_DIFFERENTIATION	False	False	False	True	False	True
GOBP_CHORIONIC_TROPHOBLAST_CELL_PROLIFERATION	False	False	True	True	True	True
GOBP_CHORION_DEVELOPMENT	False	False	False	True	False	True
GOBP_CHORIO_ALLANTOIC_FUSION	False	False	False	True	False	True
GOBP_CHROMATIN_LOOPING	False	False	True	True	True	True
GOBP_CHROMATIN_ORGANIZATION	True	False	False	False	False	False
GOBP_CHROMATIN_REMODELING	True	False	False	False	False	False
GOBP_CHROMATIN_REMODELING_AT_CENTROMERE	False	False	False	True	False	True
GOBP_CHROMOSOMAL_5_METHYLCYTOSINE_DNA_DEMETHYLATION_PATHWAY	False	False	True	True	True	True
GOBP_CHROMOSOME_CONDENSATION	False	False	False	False	False	False
GOBP_CHROMOSOME_LOCALIZATION	True	False	False	True	False	True
GOBP_CHROMOSOME_MOVEMENT_TOWARDS_SPINDLE_POLE	False	False	True	True	True	True
GOBP_CHROMOSOME_ORGANIZATION	True	True	False	False	False	False
GOBP_CHROMOSOME_ORGANIZATION_INVOLVED_IN_MEIOTIC_CELL_CYCLE	False	False	False	True	False	True
GOBP_CHROMOSOME_SEGREGATION	True	True	False	False	False	False
GOBP_CHROMOSOME_SEPARATION	True	False	False	False	False	True
GOBP_CHRONIC_INFLAMMATORY_RESPONSE	False	False	False	False	False	False
GOBP_CHYLOMICRON_REMODELING	False	False	True	True	True	True
GOBP_CILIUM_DISASSEMBLY	False	False	False	False	False	False
GOBP_CILIUM_MOVEMENT	False	False	False	True	False	True
GOBP_CILIUM_ORGANIZATION	False	False	False	True	False	True
GOBP_CILIUM_OR_FLAGELLUM_DEPENDENT_CELL_MOTILITY	False	False	False	True	False	True
GOBP_CIRCADIAN_REGULATION_OF_GENE_EXPRESSION	False	False	False	True	False	True
GOBP_CIRCADIAN_RHYTHM	False	False	False	False	False	False
GOBP_CIRCADIAN_SLEEP_WAKE_CYCLE	False	False	True	True	True	True
GOBP_CIRCADIAN_SLEEP_WAKE_CYCLE_NON_REM_SLEEP	False	False	False	False	False	False
GOBP_CIRCADIAN_SLEEP_WAKE_CYCLE_REM_SLEEP	False	False	False	False	False	False
GOBP_CIRCADIAN_SLEEP_WAKE_CYCLE_SLEEP	False	False	False	False	False	False
GOBP_CIRCULATORY_SYSTEM_DEVELOPMENT	True	True	False	False	False	False
GOBP_CIRCULATORY_SYSTEM_PROCESS	True	False	False	False	False	False
GOBP_CITRULLINE_METABOLIC_PROCESS	False	False	True	True	True	True
GOBP_CLATHRIN_COAT_ASSEMBLY	False	False	False	True	False	True
GOBP_CLATHRIN_COAT_DISASSEMBLY	False	False	False	True	False	True
GOBP_CLATHRIN_DEPENDENT_ENDOCYTOSIS	False	False	False	True	False	True
GOBP_CLEARANCE_OF_FOREIGN_INTRACELLULAR_NUCLEIC_ACIDS	False	False	True	True	True	True
GOBP_CLUSTERING_OF_VOLTAGE_GATED_SODIUM_CHANNELS	False	False	True	True	True	True
GOBP_CMP_METABOLIC_PROCESS	False	False	True	True	True	True
GOBP_CMP_N_ACETYLNEURAMINATE_BIOSYNTHETIC_PROCESS	False	False	True	True	True	True
GOBP_COBALAMIN_METABOLIC_PROCESS	False	False	True	True	True	True
GOBP_COBALAMIN_TRANSPORT	False	False	True	True	True	True
GOBP_COBALT_ION_TRANSPORT	False	False	True	True	True	True
GOBP_COCHLEA_DEVELOPMENT	False	False	False	True	False	True
GOBP_COCHLEA_MORPHOGENESIS	False	False	False	True	False	True
GOBP_COENZYME_A_BIOSYNTHETIC_PROCESS	False	False	True	True	True	True
GOBP_COENZYME_A_METABOLIC_PROCESS	False	False	False	True	True	True
GOBP_COGNITION	True	False	False	False	False	False
GOBP_COLLAGEN_ACTIVATED_SIGNALING_PATHWAY	False	False	False	False	False	False
GOBP_COLLAGEN_ACTIVATED_TYROSINE_KINASE_RECEPTOR_SIGNALING_PATHWAY	False	False	False	False	False	False
GOBP_COLLAGEN_BIOSYNTHETIC_PROCESS	False	False	False	False	False	False
GOBP_COLLAGEN_CATABOLIC_PROCESS	False	False	False	False	False	False
GOBP_COLLAGEN_FIBRIL_ORGANIZATION	False	False	False	False	False	False
GOBP_COLLAGEN_METABOLIC_PROCESS	False	False	False	False	False	False
GOBP_COLLATERAL_SPROUTING	False	False	True	True	True	True
GOBP_COLLECTING_DUCT_DEVELOPMENT	False	False	True	True	True	True
GOBP_COLUMNAR_CUBOIDAL_EPITHELIAL_CELL_DEVELOPMENT	False	False	False	True	False	True
GOBP_COLUMNAR_CUBOIDAL_EPITHELIAL_CELL_DIFFERENTIATION	False	False	False	True	False	True
GOBP_COLUMNAR_CUBOIDAL_EPITHELIAL_CELL_MATURATION	False	False	True	True	True	True
GOBP_COMMA_SHAPED_BODY_MORPHOGENESIS	False	False	True	True	True	True
GOBP_COMMISSURAL_NEURON_AXON_GUIDANCE	False	False	False	True	False	True
GOBP_COMMITMENT_OF_NEURONAL_CELL_TO_SPECIFIC_NEURON_TYPE_IN_FOREBRAIN	False	False	False	False	False	False
GOBP_COMMON_MYELOID_PROGENITOR_CELL_PROLIFERATION	False	False	False	True	False	True
GOBP_COMPARTMENT_PATTERN_SPECIFICATION	False	False	True	True	True	True
GOBP_COMPLEMENT_ACTIVATION	False	False	False	False	False	False
GOBP_COMPLEMENT_ACTIVATION_ALTERNATIVE_PATHWAY	False	False	False	False	False	False
GOBP_COMPLEMENT_ACTIVATION_CLASSICAL_PATHWAY	False	False	False	False	False	False
GOBP_COMPLEMENT_ACTIVATION_LECTIN_PATHWAY	False	False	False	False	False	False
GOBP_COMPLEMENT_DEPENDENT_CYTOTOXICITY	False	False	True	True	True	True
GOBP_COMPLEMENT_RECEPTOR_MEDIATED_SIGNALING_PATHWAY	False	False	True	True	True	True
GOBP_CONDITIONED_PLACE_PREFERENCE	False	False	True	True	True	True
GOBP_CONNECTIVE_TISSUE_DEVELOPMENT	False	False	False	False	False	False
GOBP_CONNECTIVE_TISSUE_REPLACEMENT	False	False	False	True	False	True
GOBP_CONNECTIVE_TISSUE_REPLACEMENT_INVOLVED_IN_INFLAMMATORY_RESPONSE_WOUND_HEALING	False	False	True	True	True	True
GOBP_CONSTITUTIVE_HETEROCHROMATIN_FORMATION	False	False	False	True	True	True
GOBP_CONVERGENT_EXTENSION	False	False	True	True	True	True
GOBP_CONVERGENT_EXTENSION_INVOLVED_IN_AXIS_ELONGATION	False	False	False	False	False	False
GOBP_CONVERGENT_EXTENSION_INVOLVED_IN_GASTRULATION	False	False	True	True	True	True
GOBP_CONVERGENT_EXTENSION_INVOLVED_IN_ORGANOGENESIS	False	False	True	True	True	True
GOBP_COPII_COATED_VESICLE_BUDDING	False	False	False	True	False	True
GOBP_COPII_COATED_VESICLE_CARGO_LOADING	False	False	True	True	True	True
GOBP_COPPER_ION_HOMEOSTASIS	False	False	False	True	False	True
GOBP_COPPER_ION_IMPORT	False	False	True	True	True	True
GOBP_COPPER_ION_TRANSMEMBRANE_TRANSPORT	False	False	True	True	True	True
GOBP_COPPER_ION_TRANSPORT	False	False	True	True	True	True
GOBP_COPULATION	False	False	False	False	False	False
GOBP_CORNEA_DEVELOPMENT_IN_CAMERA_TYPE_EYE	False	False	True	True	True	True
GOBP_CORNIFICATION	False	False	True	True	True	True
GOBP_CORNIFIED_ENVELOPE_ASSEMBLY	False	False	True	True	True	True
GOBP_CORONARY_ARTERY_MORPHOGENESIS	False	False	False	True	False	True
GOBP_CORONARY_VASCULATURE_DEVELOPMENT	False	False	False	True	False	False
GOBP_CORONARY_VASCULATURE_MORPHOGENESIS	False	False	False	True	False	True
GOBP_CORPUS_CALLOSUM_DEVELOPMENT	False	False	True	True	True	True
GOBP_CORTICAL_ACTIN_CYTOSKELETON_ORGANIZATION	False	False	False	True	False	True
GOBP_CORTICAL_CYTOSKELETON_ORGANIZATION	False	False	False	False	False	False
GOBP_CORTICAL_MICROTUBULE_ORGANIZATION	False	False	True	True	True	True
GOBP_CORTICOSPINAL_TRACT_MORPHOGENESIS	False	False	True	True	True	True
GOBP_CORTICOSTEROID_HORMONE_SECRETION	False	False	False	True	False	True
GOBP_CORTICOSTERONE_SECRETION	False	False	True	True	True	True
GOBP_CORTICOTROPIN_SECRETION	False	False	True	True	True	True
GOBP_CORTISOL_BIOSYNTHETIC_PROCESS	False	False	True	True	True	True
GOBP_CORTISOL_METABOLIC_PROCESS	False	False	False	True	False	True
GOBP_CORTISOL_SECRETION	False	False	False	False	False	False
GOBP_COTRANSLATIONAL_PROTEIN_TARGETING_TO_MEMBRANE	False	False	False	True	False	True
GOBP_CO_TRANSCRIPTIONAL_MRNA_3_END_PROCESSING_CLEAVAGE_AND_POLYADENYLATION_PATHWAY	False	False	True	True	True	True
GOBP_CRANIAL_GANGLION_DEVELOPMENT	False	False	True	True	True	True
GOBP_CRANIAL_NERVE_DEVELOPMENT	False	False	False	True	False	True
GOBP_CRANIAL_NERVE_FORMATION	False	False	True	True	True	True
GOBP_CRANIAL_NERVE_MORPHOGENESIS	False	False	False	True	False	True
GOBP_CRANIAL_NERVE_STRUCTURAL_ORGANIZATION	False	False	True	True	True	True
GOBP_CRANIAL_SKELETAL_SYSTEM_DEVELOPMENT	False	False	False	True	False	True
GOBP_CRANIAL_SUTURE_MORPHOGENESIS	False	False	True	True	True	True
GOBP_CRANIOFACIAL_SUTURE_MORPHOGENESIS	False	False	True	True	True	True
GOBP_CRD_MEDIATED_MRNA_STABILIZATION	False	False	False	True	False	True
GOBP_CRISTAE_FORMATION	False	False	False	True	False	True
GOBP_CXCL12_ACTIVATED_CXCR4_SIGNALING_PATHWAY	False	False	True	True	True	True
GOBP_CYCLIC_GMP_AMP_TRANSMEMBRANE_IMPORT_ACROSS_PLASMA_MEMBRANE	False	False	True	True	True	True
GOBP_CYCLIC_NUCLEOTIDE_BIOSYNTHETIC_PROCESS	False	False	True	True	True	True
GOBP_CYCLIC_NUCLEOTIDE_CATABOLIC_PROCESS	False	False	True	True	True	True
GOBP_CYCLIC_NUCLEOTIDE_METABOLIC_PROCESS	False	False	True	True	True	True
GOBP_CYCLIC_NUCLEOTIDE_TRANSPORT	False	False	True	True	True	True
GOBP_CYSTEINE_METABOLIC_PROCESS	False	False	True	True	True	True
GOBP_CYTIDINE_METABOLIC_PROCESS	False	False	True	True	True	True
GOBP_CYTIDINE_TO_URIDINE_EDITING	False	False	True	True	True	True
GOBP_CYTOCHROME_COMPLEX_ASSEMBLY	False	False	False	True	False	True
GOBP_CYTOCHROME_METABOLIC_PROCESS	False	False	True	True	True	True
GOBP_CYTOKINESIS	True	False	False	False	False	True
GOBP_CYTOKINETIC_PROCESS	False	False	False	True	False	True
GOBP_CYTOKINE_MEDIATED_SIGNALING_PATHWAY	True	False	False	False	False	False
GOBP_CYTOKINE_PRODUCTION	True	False	False	False	False	False
GOBP_CYTOKINE_PRODUCTION_INVOLVED_IN_IMMUNE_RESPONSE	False	False	False	False	False	False
GOBP_CYTOKINE_PRODUCTION_INVOLVED_IN_INFLAMMATORY_RESPONSE	False	False	False	True	False	True
GOBP_CYTOLYSIS	False	False	False	True	True	True
GOBP_CYTOLYSIS_BY_HOST_OF_SYMBIONT_CELLS	False	False	False	True	False	True
GOBP_CYTOLYSIS_IN_ANOTHER_ORGANISM	False	False	True	True	True	True
GOBP_CYTOPLASMIC_MICROTUBULE_ORGANIZATION	False	False	False	True	False	True
GOBP_CYTOPLASMIC_PATTERN_RECOGNITION_RECEPTOR_SIGNALING_PATHWAY	True	False	False	False	False	False
GOBP_CYTOPLASMIC_TRANSLATION	True	False	False	False	False	False
GOBP_CYTOPLASMIC_TRANSLATIONAL_INITIATION	True	False	False	True	False	True
GOBP_CYTOPLASM_ORGANIZATION	False	False	True	True	True	True
GOBP_CYTOSKELETON_DEPENDENT_CYTOKINESIS	True	False	False	False	False	False
GOBP_CYTOSKELETON_DEPENDENT_INTRACELLULAR_TRANSPORT	True	False	False	False	False	True
GOBP_CYTOSKELETON_ORGANIZATION	True	False	False	False	False	False
GOBP_CYTOSOLIC_RIBOSOME_ASSEMBLY	False	False	True	True	True	True
GOBP_CYTOSOLIC_TRANSPORT	False	False	False	True	False	True
GOBP_C_TERMINAL_PROTEIN_AMINO_ACID_MODIFICATION	False	False	False	False	False	False
GOBP_DAMP_METABOLIC_PROCESS	False	False	False	True	False	True
GOBP_DEADENYLATION_DEPENDENT_DECAPPING_OF_NUCLEAR_TRANSCRIBED_MRNA	False	False	True	True	True	True
GOBP_DECIDUALIZATION	False	False	True	True	True	True
GOBP_DEDIFFERENTIATION	False	False	True	True	True	True
GOBP_DEFENSE_RESPONSE_TO_BACTERIUM	False	False	False	False	False	False
GOBP_DEFENSE_RESPONSE_TO_GRAM_NEGATIVE_BACTERIUM	False	False	False	False	False	False
GOBP_DEFENSE_RESPONSE_TO_GRAM_POSITIVE_BACTERIUM	False	False	False	False	False	False
GOBP_DEFENSE_RESPONSE_TO_OTHER_ORGANISM	True	True	False	False	False	False
GOBP_DEFENSE_RESPONSE_TO_SYMBIONT	True	False	False	False	False	False
GOBP_DEFENSE_RESPONSE_TO_TUMOR_CELL	False	False	True	True	True	True
GOBP_DEFENSE_RESPONSE_TO_VIRUS	False	False	False	False	False	False
GOBP_DEFINITIVE_ERYTHROCYTE_DIFFERENTIATION	False	False	False	False	False	False
GOBP_DEFINITIVE_HEMOPOIESIS	False	False	False	True	False	True
GOBP_DEHYDROASCORBIC_ACID_TRANSPORT	False	False	True	True	True	True
GOBP_DELAMINATION	False	False	True	True	True	True
GOBP_DEMETHYLATION	False	False	True	True	True	True
GOBP_DENDRITE_ARBORIZATION	False	False	True	True	True	True
GOBP_DENDRITE_DEVELOPMENT	False	False	False	True	False	True
GOBP_DENDRITE_EXTENSION	False	False	True	True	True	True
GOBP_DENDRITE_MORPHOGENESIS	False	False	False	True	False	True
GOBP_DENDRITE_SELF_AVOIDANCE	False	False	False	True	False	True
GOBP_DENDRITIC_CELL_ANTIGEN_PROCESSING_AND_PRESENTATION	False	False	False	False	False	False
GOBP_DENDRITIC_CELL_APOPTOTIC_PROCESS	False	False	False	True	False	True
GOBP_DENDRITIC_CELL_CHEMOTAXIS	False	False	False	True	False	True
GOBP_DENDRITIC_CELL_CYTOKINE_PRODUCTION	False	False	False	True	False	True
GOBP_DENDRITIC_CELL_DIFFERENTIATION	False	False	False	False	False	False
GOBP_DENDRITIC_CELL_MIGRATION	False	False	False	True	False	True
GOBP_DENDRITIC_SPINE_DEVELOPMENT	False	False	False	True	False	True
GOBP_DENDRITIC_SPINE_MAINTENANCE	False	False	False	False	False	False
GOBP_DENDRITIC_SPINE_MORPHOGENESIS	False	False	False	True	False	True
GOBP_DENDRITIC_TRANSPORT	False	False	False	True	False	True
GOBP_DENSE_CORE_GRANULE_EXOCYTOSIS	False	False	False	False	False	False
GOBP_DENSE_CORE_GRANULE_TRANSPORT	False	False	True	True	True	True
GOBP_DENTATE_GYRUS_DEVELOPMENT	False	False	True	True	True	True
GOBP_DENTINOGENESIS	False	False	False	False	False	False
GOBP_DEOXYRIBONUCLEOSIDE_CATABOLIC_PROCESS	False	False	False	False	False	False
GOBP_DEOXYRIBONUCLEOSIDE_METABOLIC_PROCESS	False	False	False	True	False	True
GOBP_DEOXYRIBONUCLEOSIDE_MONOPHOSPHATE_BIOSYNTHETIC_PROCESS	False	False	False	True	True	True
GOBP_DEOXYRIBONUCLEOSIDE_MONOPHOSPHATE_CATABOLIC_PROCESS	False	False	False	True	False	True
GOBP_DEOXYRIBONUCLEOSIDE_MONOPHOSPHATE_METABOLIC_PROCESS	False	False	False	True	False	True
GOBP_DEOXYRIBONUCLEOSIDE_TRIPHOSPHATE_METABOLIC_PROCESS	False	False	True	True	True	True
GOBP_DEOXYRIBONUCLEOTIDE_BIOSYNTHETIC_PROCESS	False	False	False	True	False	True
GOBP_DEOXYRIBONUCLEOTIDE_CATABOLIC_PROCESS	False	False	False	True	False	True
GOBP_DEOXYRIBONUCLEOTIDE_METABOLIC_PROCESS	False	False	False	True	False	True
GOBP_DEPHOSPHORYLATION	False	False	False	True	False	True
GOBP_DERMATAN_SULFATE_PROTEOGLYCAN_METABOLIC_PROCESS	False	False	True	True	True	True
GOBP_DESMOSOME_ASSEMBLY	False	False	False	True	False	True
GOBP_DESMOSOME_ORGANIZATION	False	False	False	True	False	True
GOBP_DETECTION_OF_ABIOTIC_STIMULUS	False	False	False	True	False	True
GOBP_DETECTION_OF_BACTERIUM	False	False	False	False	False	False
GOBP_DETECTION_OF_BIOTIC_STIMULUS	False	False	False	True	False	True
GOBP_DETECTION_OF_CALCIUM_ION	False	False	True	True	True	True
GOBP_DETECTION_OF_CELL_DENSITY	False	False	False	True	False	True
GOBP_DETECTION_OF_CHEMICAL_STIMULUS	False	False	False	False	False	False
GOBP_DETECTION_OF_CHEMICAL_STIMULUS_INVOLVED_IN_SENSORY_PERCEPTION_OF_TASTE	False	False	False	False	False	False
GOBP_DETECTION_OF_EXTERNAL_BIOTIC_STIMULUS	False	False	False	True	False	True
GOBP_DETECTION_OF_LIGHT_STIMULUS	False	False	True	True	True	True
GOBP_DETECTION_OF_LIGHT_STIMULUS_INVOLVED_IN_SENSORY_PERCEPTION	False	False	True	True	True	True
GOBP_DETECTION_OF_LIPOPOLYSACCHARIDE	False	False	False	False	False	False
GOBP_DETECTION_OF_MECHANICAL_STIMULUS	False	False	False	True	False	True
GOBP_DETECTION_OF_MECHANICAL_STIMULUS_INVOLVED_IN_SENSORY_PERCEPTION	False	False	False	True	False	True
GOBP_DETECTION_OF_MECHANICAL_STIMULUS_INVOLVED_IN_SENSORY_PERCEPTION_OF_PAIN	False	False	True	True	True	True
GOBP_DETECTION_OF_MECHANICAL_STIMULUS_INVOLVED_IN_SENSORY_PERCEPTION_OF_SOUND	False	False	True	True	True	True
GOBP_DETECTION_OF_MOLECULE_OF_BACTERIAL_ORIGIN	False	False	True	True	True	True
GOBP_DETECTION_OF_MUSCLE_STRETCH	False	False	True	True	True	True
GOBP_DETECTION_OF_OTHER_ORGANISM	False	False	False	True	False	True
GOBP_DETECTION_OF_OXYGEN	False	False	False	True	False	True
GOBP_DETECTION_OF_STIMULUS	False	False	False	False	False	False
GOBP_DETECTION_OF_STIMULUS_INVOLVED_IN_SENSORY_PERCEPTION	False	False	False	True	False	True
GOBP_DETECTION_OF_STIMULUS_INVOLVED_IN_SENSORY_PERCEPTION_OF_PAIN	False	False	True	True	True	True
GOBP_DETECTION_OF_TEMPERATURE_STIMULUS	False	False	True	True	True	True
GOBP_DETECTION_OF_TEMPERATURE_STIMULUS_INVOLVED_IN_SENSORY_PERCEPTION_OF_PAIN	False	False	True	True	True	True
GOBP_DETECTION_OF_VISIBLE_LIGHT	False	False	True	True	True	True
GOBP_DETERMINATION_OF_ADULT_LIFESPAN	False	False	False	True	False	True
GOBP_DETERMINATION_OF_DIGESTIVE_TRACT_LEFT_RIGHT_ASYMMETRY	False	False	True	True	True	True
GOBP_DETERMINATION_OF_DORSAL_VENTRAL_ASYMMETRY	False	False	False	True	False	True
GOBP_DETERMINATION_OF_LEFT_RIGHT_ASYMMETRY_IN_LATERAL_MESODERM	False	False	True	True	True	True
GOBP_DETOXIFICATION	False	False	False	False	False	False
GOBP_DETOXIFICATION_OF_CADMIUM_ION	False	False	True	True	True	True
GOBP_DETOXIFICATION_OF_COPPER_ION	False	False	False	False	False	False
GOBP_DETOXIFICATION_OF_INORGANIC_COMPOUND	False	False	False	False	False	False
GOBP_DEVELOPMENTAL_CELL_GROWTH	False	False	False	False	False	True
GOBP_DEVELOPMENTAL_GROWTH	True	False	False	False	False	False
GOBP_DEVELOPMENTAL_GROWTH_INVOLVED_IN_MORPHOGENESIS	False	False	False	False	False	False
GOBP_DEVELOPMENTAL_INDUCTION	False	False	False	True	True	True
GOBP_DEVELOPMENTAL_MATURATION	False	False	False	False	False	False
GOBP_DEVELOPMENTAL_PIGMENTATION	False	False	True	True	True	True
GOBP_DEVELOPMENTAL_PROCESS_INVOLVED_IN_REPRODUCTION	True	False	False	False	False	False
GOBP_DEVELOPMENT_OF_PRIMARY_FEMALE_SEXUAL_CHARACTERISTICS	False	False	False	False	False	False
GOBP_DEVELOPMENT_OF_PRIMARY_SEXUAL_CHARACTERISTICS	False	False	False	False	False	False
GOBP_DEVELOPMENT_OF_SECONDARY_FEMALE_SEXUAL_CHARACTERISTICS	False	False	True	True	True	True
GOBP_DEVELOPMENT_OF_SECONDARY_SEXUAL_CHARACTERISTICS	False	False	False	True	False	True
GOBP_DE_NOVO_NAD_BIOSYNTHETIC_PROCESS_FROM_L_TRYPTOPHAN	False	False	True	True	True	True
GOBP_DE_NOVO_POST_TRANSLATIONAL_PROTEIN_FOLDING	False	False	False	False	False	True
GOBP_DE_NOVO_PROTEIN_FOLDING	False	False	False	False	False	False
GOBP_DE_NOVO_PYRIMIDINE_NUCLEOBASE_BIOSYNTHETIC_PROCESS	False	False	True	True	True	True
GOBP_DGMP_METABOLIC_PROCESS	False	False	False	False	False	False
GOBP_DIACYLGLYCEROL_BIOSYNTHETIC_PROCESS	False	False	True	True	True	True
GOBP_DIACYLGLYCEROL_METABOLIC_PROCESS	False	False	True	True	True	True
GOBP_DIAPEDESIS	False	False	True	True	True	True
GOBP_DIAPHRAGM_DEVELOPMENT	False	False	True	True	True	True
GOBP_DICARBOXYLIC_ACID_BIOSYNTHETIC_PROCESS	False	False	False	True	False	True
GOBP_DICARBOXYLIC_ACID_CATABOLIC_PROCESS	False	False	False	True	False	True
GOBP_DICARBOXYLIC_ACID_METABOLIC_PROCESS	False	False	False	True	False	True
GOBP_DICARBOXYLIC_ACID_TRANSPORT	False	False	False	True	False	True
GOBP_DICHOTOMOUS_SUBDIVISION_OF_AN_EPITHELIAL_TERMINAL_UNIT	False	False	True	True	True	True
GOBP_DIENCEPHALON_DEVELOPMENT	False	False	False	True	False	True
GOBP_DIET_INDUCED_THERMOGENESIS	False	False	True	True	True	True
GOBP_DIGESTION	False	False	False	False	False	False
GOBP_DIGESTIVE_SYSTEM_DEVELOPMENT	False	False	False	False	False	False
GOBP_DIGESTIVE_SYSTEM_PROCESS	False	False	False	False	False	False
GOBP_DIGESTIVE_TRACT_MORPHOGENESIS	False	False	False	True	False	True
GOBP_DIOL_BIOSYNTHETIC_PROCESS	False	False	True	True	True	True
GOBP_DIOL_METABOLIC_PROCESS	False	False	False	True	False	True
GOBP_DIPEPTIDE_TRANSMEMBRANE_TRANSPORT	False	False	True	True	True	True
GOBP_DIRECT_OSSIFICATION	False	False	True	True	True	True
GOBP_DISACCHARIDE_METABOLIC_PROCESS	False	False	True	True	True	True
GOBP_DISRUPTION_OF_ANATOMICAL_STRUCTURE_IN_ANOTHER_ORGANISM	False	False	False	True	False	True
GOBP_DISRUPTION_OF_CELLULAR_ANATOMICAL_STRUCTURE_IN_ANOTHER_ORGANISM	False	False	False	False	False	False
GOBP_DISTAL_CONVOLUTED_TUBULE_DEVELOPMENT	False	False	False	False	False	False
GOBP_DISTAL_TUBULE_DEVELOPMENT	False	False	True	True	True	True
GOBP_DITERPENOID_BIOSYNTHETIC_PROCESS	False	False	True	True	False	True
GOBP_DNA_BIOSYNTHETIC_PROCESS	True	False	False	False	False	False
GOBP_DNA_CATABOLIC_PROCESS	False	False	True	True	True	True
GOBP_DNA_CONFORMATION_CHANGE	False	False	True	True	True	True
GOBP_DNA_CYTOSINE_DEAMINATION	False	False	True	True	True	True
GOBP_DNA_DAMAGE_RESPONSE	True	True	False	False	False	False
GOBP_DNA_DAMAGE_RESPONSE_SIGNAL_TRANSDUCTION_BY_P53_CLASS_MEDIATOR	False	False	False	True	False	True
GOBP_DNA_DEAMINATION	False	False	True	True	True	True
GOBP_DNA_DOUBLE_STRAND_BREAK_PROCESSING	False	False	True	True	True	True
GOBP_DNA_GEOMETRIC_CHANGE	False	False	True	True	True	True
GOBP_DNA_INTEGRITY_CHECKPOINT_SIGNALING	True	False	False	False	False	True
GOBP_DNA_METABOLIC_PROCESS	True	True	False	False	False	False
GOBP_DNA_METHYLATION_DEPENDENT_CONSTITUTIVE_HETEROCHROMATIN_FORMATION	False	False	True	True	True	True
GOBP_DNA_MODIFICATION	False	False	True	True	True	True
GOBP_DNA_PROTECTION	False	False	True	True	True	True
GOBP_DNA_RECOMBINATION	True	False	False	False	False	False
GOBP_DNA_REPAIR	True	True	False	False	False	False
GOBP_DNA_REPAIR_COMPLEX_ASSEMBLY	False	False	True	True	True	True
GOBP_DNA_REPAIR_DEPENDENT_CHROMATIN_REMODELING	False	False	True	True	True	True
GOBP_DNA_REPLICATION	True	False	False	False	False	False
GOBP_DNA_REPLICATION_CHECKPOINT_SIGNALING	False	False	False	True	False	True
GOBP_DNA_REPLICATION_DEPENDENT_CHROMATIN_ASSEMBLY	False	False	True	True	True	True
GOBP_DNA_REPLICATION_INITIATION	True	False	False	True	False	True
GOBP_DNA_REPLICATION_SYNTHESIS_OF_PRIMER	False	False	True	True	True	True
GOBP_DNA_STRAND_ELONGATION	True	False	False	True	False	True
GOBP_DNA_STRAND_ELONGATION_INVOLVED_IN_DNA_REPLICATION	False	False	False	True	False	True
GOBP_DNA_STRAND_INVASION	False	False	True	True	True	True
GOBP_DNA_STRAND_RESECTION_INVOLVED_IN_REPLICATION_FORK_PROCESSING	False	False	True	True	True	True
GOBP_DNA_SYNTHESIS_INVOLVED_IN_DNA_REPAIR	False	False	False	True	False	True
GOBP_DNA_TEMPLATED_DNA_REPLICATION	True	False	False	False	False	False
GOBP_DNA_TEMPLATED_DNA_REPLICATION_MAINTENANCE_OF_FIDELITY	False	False	False	True	False	True
GOBP_DNA_TEMPLATED_TRANSCRIPTION_ELONGATION	False	False	False	True	False	True
GOBP_DNA_TEMPLATED_TRANSCRIPTION_INITIATION	True	False	False	False	False	False
GOBP_DNA_TEMPLATED_TRANSCRIPTION_TERMINATION	False	False	False	True	False	True
GOBP_DNA_TOPOLOGICAL_CHANGE	False	False	True	True	True	True
GOBP_DOLICHOL_LINKED_OLIGOSACCHARIDE_BIOSYNTHETIC_PROCESS	False	False	True	True	True	True
GOBP_DOLICHOL_METABOLIC_PROCESS	False	False	True	True	True	True
GOBP_DOLICHYL_DIPHOSPHATE_BIOSYNTHETIC_PROCESS	False	False	True	True	True	True
GOBP_DOPAMINERGIC_NEURON_AXON_GUIDANCE	False	False	True	True	True	True
GOBP_DOPAMINERGIC_NEURON_DIFFERENTIATION	False	False	False	True	False	True
GOBP_DOPAMINE_BIOSYNTHETIC_PROCESS	False	False	False	True	False	True
GOBP_DOPAMINE_METABOLIC_PROCESS	False	False	True	True	True	True
GOBP_DOPAMINE_SECRETION	False	False	False	True	True	True
GOBP_DOPAMINE_TRANSPORT	False	False	True	True	True	True
GOBP_DORSAL_AORTA_DEVELOPMENT	False	False	False	True	True	True
GOBP_DORSAL_AORTA_MORPHOGENESIS	False	False	False	True	False	True
GOBP_DORSAL_ROOT_GANGLION_DEVELOPMENT	False	False	True	True	True	True
GOBP_DORSAL_SPINAL_CORD_DEVELOPMENT	False	False	True	True	True	True
GOBP_DORSAL_VENTRAL_AXIS_SPECIFICATION	False	False	True	True	True	True
GOBP_DORSAL_VENTRAL_NEURAL_TUBE_PATTERNING	False	False	True	True	True	True
GOBP_DORSAL_VENTRAL_PATTERN_FORMATION	False	False	False	True	False	True
GOBP_DOUBLE_STRAND_BREAK_REPAIR	True	False	False	False	False	False
GOBP_DOUBLE_STRAND_BREAK_REPAIR_INVOLVED_IN_MEIOTIC_RECOMBINATION	False	False	True	True	True	True
GOBP_DOUBLE_STRAND_BREAK_REPAIR_VIA_ALTERNATIVE_NONHOMOLOGOUS_END_JOINING	False	False	False	True	True	True
GOBP_DOUBLE_STRAND_BREAK_REPAIR_VIA_BREAK_INDUCED_REPLICATION	False	False	False	True	False	True
GOBP_DOUBLE_STRAND_BREAK_REPAIR_VIA_CLASSICAL_NONHOMOLOGOUS_END_JOINING	False	False	True	True	True	True
GOBP_DOUBLE_STRAND_BREAK_REPAIR_VIA_NONHOMOLOGOUS_END_JOINING	False	False	False	True	False	True
GOBP_DOUBLE_STRAND_BREAK_REPAIR_VIA_SYNTHESIS_DEPENDENT_STRAND_ANNEALING	False	False	True	True	True	True
GOBP_DRINKING_BEHAVIOR	False	False	True	True	True	True
GOBP_DTMP_METABOLIC_PROCESS	False	False	True	True	True	True
GOBP_DTTP_METABOLIC_PROCESS	False	False	True	True	True	True
GOBP_DUCTUS_ARTERIOSUS_CLOSURE	False	False	True	True	True	True
GOBP_D_AMINO_ACID_TRANSPORT	False	False	True	True	True	True
GOBP_D_ASPARTATE_TRANSMEMBRANE_TRANSPORT	False	False	True	True	True	True
GOBP_D_GLUCOSE_IMPORT	False	False	False	False	False	False
GOBP_D_GLUCOSE_IMPORT_ACROSS_PLASMA_MEMBRANE	False	False	False	True	False	True
GOBP_EARLY_ENDOSOME_TO_GOLGI_TRANSPORT	False	False	True	True	True	True
GOBP_EARLY_ENDOSOME_TO_RECYCLING_ENDOSOME_TRANSPORT	False	False	False	True	False	True
GOBP_EAR_DEVELOPMENT	False	False	False	False	False	False
GOBP_EAR_MORPHOGENESIS	False	False	False	False	False	False
GOBP_EATING_BEHAVIOR	False	False	False	True	False	True
GOBP_ECTODERMAL_CELL_DIFFERENTIATION	False	False	True	True	True	True
GOBP_ECTODERMAL_PLACODE_DEVELOPMENT	False	False	True	True	True	True
GOBP_ECTODERM_DEVELOPMENT	False	False	False	True	False	True
GOBP_ECTOPIC_GERM_CELL_PROGRAMMED_CELL_DEATH	False	False	False	True	False	True
GOBP_EGG_ACTIVATION	False	False	True	True	True	True
GOBP_ELASTIC_FIBER_ASSEMBLY	False	False	False	False	False	False
GOBP_ELASTIN_CATABOLIC_PROCESS	False	False	False	False	False	False
GOBP_ELECTRON_TRANSPORT_CHAIN	True	False	False	False	False	False
GOBP_EMBRYONIC_APPENDAGE_MORPHOGENESIS	False	False	False	True	False	True
GOBP_EMBRYONIC_AXIS_SPECIFICATION	False	False	False	True	False	True
GOBP_EMBRYONIC_BODY_MORPHOGENESIS	False	False	False	False	False	False
GOBP_EMBRYONIC_BRAIN_DEVELOPMENT	False	False	True	True	True	True
GOBP_EMBRYONIC_CAMERA_TYPE_EYE_DEVELOPMENT	False	False	False	True	False	True
GOBP_EMBRYONIC_CAMERA_TYPE_EYE_FORMATION	False	False	False	True	False	True
GOBP_EMBRYONIC_CAMERA_TYPE_EYE_MORPHOGENESIS	False	False	True	True	True	True
GOBP_EMBRYONIC_CLEAVAGE	False	False	True	True	True	True
GOBP_EMBRYONIC_CRANIAL_SKELETON_MORPHOGENESIS	False	False	False	True	False	True
GOBP_EMBRYONIC_DIGESTIVE_TRACT_DEVELOPMENT	False	False	False	True	False	True
GOBP_EMBRYONIC_DIGESTIVE_TRACT_MORPHOGENESIS	False	False	True	True	True	True
GOBP_EMBRYONIC_DIGIT_MORPHOGENESIS	False	False	False	True	False	True
GOBP_EMBRYONIC_EPITHELIAL_TUBE_FORMATION	False	False	False	False	False	True
GOBP_EMBRYONIC_EYE_MORPHOGENESIS	False	False	False	True	False	True
GOBP_EMBRYONIC_FORELIMB_MORPHOGENESIS	False	False	False	True	False	True
GOBP_EMBRYONIC_HEART_TUBE_DEVELOPMENT	False	False	False	True	False	True
GOBP_EMBRYONIC_HEART_TUBE_MORPHOGENESIS	False	False	False	True	False	True
GOBP_EMBRYONIC_HEMOPOIESIS	False	False	False	True	False	True
GOBP_EMBRYONIC_HINDLIMB_MORPHOGENESIS	False	False	True	True	True	True
GOBP_EMBRYONIC_MORPHOGENESIS	True	False	False	False	False	False
GOBP_EMBRYONIC_NEUROCRANIUM_MORPHOGENESIS	False	False	True	True	True	True
GOBP_EMBRYONIC_OLFACTORY_BULB_INTERNEURON_PRECURSOR_MIGRATION	False	False	True	True	True	True
GOBP_EMBRYONIC_ORGAN_DEVELOPMENT	True	False	False	False	False	False
GOBP_EMBRYONIC_ORGAN_MORPHOGENESIS	True	False	False	False	False	False
GOBP_EMBRYONIC_PATTERN_SPECIFICATION	False	False	False	True	False	True
GOBP_EMBRYONIC_PLACENTA_DEVELOPMENT	False	False	False	False	False	False
GOBP_EMBRYONIC_PLACENTA_MORPHOGENESIS	False	False	False	True	False	True
GOBP_EMBRYONIC_PROCESS_INVOLVED_IN_FEMALE_PREGNANCY	False	False	True	True	True	True
GOBP_EMBRYONIC_RETINA_MORPHOGENESIS_IN_CAMERA_TYPE_EYE	False	False	True	True	True	True
GOBP_EMBRYONIC_SKELETAL_JOINT_DEVELOPMENT	False	False	True	True	True	True
GOBP_EMBRYONIC_SKELETAL_JOINT_MORPHOGENESIS	False	False	True	True	True	True
GOBP_EMBRYONIC_SKELETAL_SYSTEM_DEVELOPMENT	False	False	False	False	False	False
GOBP_EMBRYONIC_SKELETAL_SYSTEM_MORPHOGENESIS	False	False	False	True	False	True
GOBP_EMBRYONIC_VISCEROCRANIUM_MORPHOGENESIS	False	False	True	True	True	True
GOBP_EMBRYO_DEVELOPMENT	True	False	False	False	False	False
GOBP_EMBRYO_DEVELOPMENT_ENDING_IN_BIRTH_OR_EGG_HATCHING	True	False	False	False	False	False
GOBP_EMBRYO_IMPLANTATION	False	False	False	False	False	False
GOBP_ENAMEL_MINERALIZATION	False	False	True	True	True	True
GOBP_ENDOCARDIAL_CELL_DIFFERENTIATION	False	False	True	True	True	True
GOBP_ENDOCARDIAL_CUSHION_DEVELOPMENT	False	False	False	True	False	True
GOBP_ENDOCARDIAL_CUSHION_FORMATION	False	False	False	True	False	True
GOBP_ENDOCARDIAL_CUSHION_MORPHOGENESIS	False	False	False	True	False	True
GOBP_ENDOCARDIAL_CUSHION_TO_MESENCHYMAL_TRANSITION	False	False	True	True	True	True
GOBP_ENDOCARDIUM_DEVELOPMENT	False	False	True	True	True	True
GOBP_ENDOCARDIUM_MORPHOGENESIS	False	False	True	True	True	True
GOBP_ENDOCHONDRAL_BONE_MORPHOGENESIS	False	False	False	False	False	False
GOBP_ENDOCRINE_HORMONE_SECRETION	False	False	False	False	False	False
GOBP_ENDOCRINE_PANCREAS_DEVELOPMENT	False	False	False	True	False	True
GOBP_ENDOCRINE_PROCESS	False	False	False	True	False	True
GOBP_ENDOCRINE_SYSTEM_DEVELOPMENT	False	False	False	False	False	True
GOBP_ENDOCYTIC_RECYCLING	False	False	False	True	False	True
GOBP_ENDOCYTOSIS	True	False	False	False	False	False
GOBP_ENDOCYTOSIS_INVOLVED_IN_VIRAL_ENTRY_INTO_HOST_CELL	False	False	True	True	True	True
GOBP_ENDODERMAL_CELL_FATE_COMMITMENT	False	False	True	True	True	True
GOBP_ENDODERMAL_CELL_FATE_SPECIFICATION	False	False	True	True	True	True
GOBP_ENDODERM_DEVELOPMENT	False	False	False	False	False	False
GOBP_ENDODERM_FORMATION	False	False	False	False	False	False
GOBP_ENDOLYSOSOMAL_TOLL_LIKE_RECEPTOR_SIGNALING_PATHWAY	False	False	False	True	False	True
GOBP_ENDOMEMBRANE_SYSTEM_ORGANIZATION	True	False	False	False	False	False
GOBP_ENDONUCLEOLYTIC_CLEAVAGE_IN_5_ETS_OF_TRICISTRONIC_RRNA_TRANSCRIPT_SSU_RRNA_5_8S_RRNA_LSU_RRNA	False	False	True	True	True	True
GOBP_ENDONUCLEOLYTIC_CLEAVAGE_IN_ITS1_TO_SEPARATE_SSU_RRNA_FROM_5_8S_RRNA_AND_LSU_RRNA_FROM_TRICISTRONIC_RRNA_TRANSCRIPT_SSU_RRNA_5_8S_RRNA_LSU_RRNA	False	False	True	True	True	True
GOBP_ENDONUCLEOLYTIC_CLEAVAGE_OF_TRICISTRONIC_RRNA_TRANSCRIPT_SSU_RRNA_5_8S_RRNA_LSU_RRNA	False	False	True	True	True	True
GOBP_ENDOPLASMIC_RETICULUM_CALCIUM_ION_HOMEOSTASIS	False	False	False	True	False	True
GOBP_ENDOPLASMIC_RETICULUM_LOCALIZATION	False	False	False	False	False	False
GOBP_ENDOPLASMIC_RETICULUM_MANNOSE_TRIMMING	False	False	True	True	True	True
GOBP_ENDOPLASMIC_RETICULUM_MEMBRANE_ORGANIZATION	False	False	True	True	True	True
GOBP_ENDOPLASMIC_RETICULUM_ORGANIZATION	False	False	False	True	False	True
GOBP_ENDOPLASMIC_RETICULUM_TO_CYTOSOL_TRANSPORT	False	False	False	True	False	True
GOBP_ENDOPLASMIC_RETICULUM_TO_GOLGI_VESICLE_MEDIATED_TRANSPORT	False	False	False	True	False	True
GOBP_ENDOPLASMIC_RETICULUM_TUBULAR_NETWORK_ORGANIZATION	False	False	True	True	True	True
GOBP_ENDOSOMAL_TRANSPORT	True	False	False	False	False	False
GOBP_ENDOSOME_ORGANIZATION	False	False	False	True	False	True
GOBP_ENDOSOME_TO_LYSOSOME_TRANSPORT	False	False	False	True	False	True
GOBP_ENDOSOME_TO_LYSOSOME_TRANSPORT_VIA_MULTIVESICULAR_BODY_SORTING_PATHWAY	False	False	True	True	True	True
GOBP_ENDOSOME_TO_PLASMA_MEMBRANE_PROTEIN_TRANSPORT	False	False	False	True	False	True
GOBP_ENDOTHELIAL_CELL_ACTIVATION	False	False	True	True	True	True
GOBP_ENDOTHELIAL_CELL_APOPTOTIC_PROCESS	False	False	False	False	False	False
GOBP_ENDOTHELIAL_CELL_CHEMOTAXIS	False	False	False	False	False	False
GOBP_ENDOTHELIAL_CELL_DEVELOPMENT	False	False	False	False	False	False
GOBP_ENDOTHELIAL_CELL_DIFFERENTIATION	False	False	False	False	False	True
GOBP_ENDOTHELIAL_CELL_FATE_COMMITMENT	False	False	True	True	True	True
GOBP_ENDOTHELIAL_CELL_MATRIX_ADHESION	False	False	False	True	False	True
GOBP_ENDOTHELIAL_CELL_MATRIX_ADHESION_VIA_FIBRONECTIN	False	False	True	True	True	True
GOBP_ENDOTHELIAL_CELL_MIGRATION	False	False	False	False	False	False
GOBP_ENDOTHELIAL_CELL_MORPHOGENESIS	False	False	True	True	True	True
GOBP_ENDOTHELIAL_CELL_PROLIFERATION	False	False	False	False	False	False
GOBP_ENDOTHELIN_RECEPTOR_SIGNALING_PATHWAY	False	False	True	True	True	True
GOBP_ENDOTHELIUM_DEVELOPMENT	False	False	False	False	False	False
GOBP_ENERGY_DERIVATION_BY_OXIDATION_OF_ORGANIC_COMPOUNDS	True	False	False	False	False	False
GOBP_ENERGY_HOMEOSTASIS	False	False	False	True	False	True
GOBP_ENERGY_RESERVE_METABOLIC_PROCESS	False	False	False	True	False	True
GOBP_ENGULFMENT_OF_APOPTOTIC_CELL	False	False	False	True	False	True
GOBP_ENSHEATHMENT_OF_NEURONS	False	False	False	False	False	False
GOBP_ENTERIC_NERVOUS_SYSTEM_DEVELOPMENT	False	False	True	True	True	True
GOBP_ENTEROENDOCRINE_CELL_DIFFERENTIATION	False	False	True	True	True	True
GOBP_ENTRAINMENT_OF_CIRCADIAN_CLOCK	False	False	False	True	False	True
GOBP_ENTRAINMENT_OF_CIRCADIAN_CLOCK_BY_PHOTOPERIOD	False	False	False	True	False	True
GOBP_ENUCLEATE_ERYTHROCYTE_DEVELOPMENT	False	False	True	True	True	True
GOBP_ENUCLEATE_ERYTHROCYTE_DIFFERENTIATION	False	False	True	True	True	True
GOBP_ENZYME_LINKED_RECEPTOR_PROTEIN_SIGNALING_PATHWAY	True	False	False	False	False	False
GOBP_EOSINOPHIL_ACTIVATION	False	False	True	True	True	True
GOBP_EOSINOPHIL_CHEMOTAXIS	False	False	False	False	False	False
GOBP_EOSINOPHIL_DIFFERENTIATION	False	False	False	False	False	False
GOBP_EOSINOPHIL_MEDIATED_IMMUNITY	False	False	False	False	False	False
GOBP_EOSINOPHIL_MIGRATION	False	False	False	True	False	True
GOBP_EPHRIN_RECEPTOR_SIGNALING_PATHWAY	False	False	False	True	False	True
GOBP_EPIBOLY	False	False	False	False	False	False
GOBP_EPIDERMAL_CELL_DIFFERENTIATION	True	False	False	False	False	False
GOBP_EPIDERMIS_DEVELOPMENT	True	False	False	False	False	False
GOBP_EPIDERMIS_MORPHOGENESIS	False	False	False	True	False	True
GOBP_EPIGENETIC_PROGRAMMING_IN_THE_ZYGOTIC_PRONUCLEI	False	False	True	True	True	True
GOBP_EPIGENETIC_PROGRAMMING_OF_GENE_EXPRESSION	False	False	True	True	True	True
GOBP_EPIGENETIC_REGULATION_OF_GENE_EXPRESSION	True	False	False	False	False	True
GOBP_EPINEPHRINE_SECRETION	False	False	True	True	True	True
GOBP_EPINEPHRINE_TRANSPORT	False	False	True	True	True	True
GOBP_EPITHELIAL_CELL_APOPTOTIC_PROCESS	False	False	False	True	False	True
GOBP_EPITHELIAL_CELL_CELL_ADHESION	False	False	False	True	False	True
GOBP_EPITHELIAL_CELL_DEVELOPMENT	False	False	False	False	False	False
GOBP_EPITHELIAL_CELL_DIFFERENTIATION	True	False	False	False	False	False
GOBP_EPITHELIAL_CELL_DIFFERENTIATION_INVOLVED_IN_KIDNEY_DEVELOPMENT	False	False	False	False	False	False
GOBP_EPITHELIAL_CELL_DIFFERENTIATION_INVOLVED_IN_PROSTATE_GLAND_DEVELOPMENT	False	False	False	True	False	True
GOBP_EPITHELIAL_CELL_FATE_COMMITMENT	False	False	True	True	True	True
GOBP_EPITHELIAL_CELL_MATURATION	False	False	False	True	False	True
GOBP_EPITHELIAL_CELL_MORPHOGENESIS	False	False	False	True	False	True
GOBP_EPITHELIAL_CELL_PROLIFERATION	True	False	False	False	False	False
GOBP_EPITHELIAL_CELL_PROLIFERATION_INVOLVED_IN_LUNG_MORPHOGENESIS	False	False	True	True	True	True
GOBP_EPITHELIAL_CELL_PROLIFERATION_INVOLVED_IN_MAMMARY_GLAND_DUCT_ELONGATION	False	False	False	True	False	True
GOBP_EPITHELIAL_CELL_PROLIFERATION_INVOLVED_IN_PROSTATE_GLAND_DEVELOPMENT	False	False	False	True	False	True
GOBP_EPITHELIAL_CELL_PROLIFERATION_INVOLVED_IN_RENAL_TUBULE_MORPHOGENESIS	False	False	True	True	True	True
GOBP_EPITHELIAL_CELL_PROLIFERATION_INVOLVED_IN_SALIVARY_GLAND_MORPHOGENESIS	False	False	True	True	True	True
GOBP_EPITHELIAL_CILIUM_MOVEMENT_INVOLVED_IN_DETERMINATION_OF_LEFT_RIGHT_ASYMMETRY	False	False	True	True	True	True
GOBP_EPITHELIAL_FLUID_TRANSPORT	False	False	False	True	False	True
GOBP_EPITHELIAL_MESENCHYMAL_CELL_SIGNALING	False	False	True	True	True	True
GOBP_EPITHELIAL_STRUCTURE_MAINTENANCE	False	False	False	False	False	False
GOBP_EPITHELIAL_TO_MESENCHYMAL_TRANSITION	False	False	False	False	False	False
GOBP_EPITHELIAL_TO_MESENCHYMAL_TRANSITION_INVOLVED_IN_ENDOCARDIAL_CUSHION_FORMATION	False	False	True	True	True	True
GOBP_EPITHELIAL_TUBE_BRANCHING_INVOLVED_IN_LUNG_MORPHOGENESIS	False	False	False	False	False	False
GOBP_EPITHELIAL_TUBE_MORPHOGENESIS	True	False	False	False	False	False
GOBP_EPITHELIUM_DEVELOPMENT	True	False	False	False	False	False
GOBP_EPOXIDE_METABOLIC_PROCESS	False	False	True	True	True	True
GOBP_EPOXYGENASE_P450_PATHWAY	False	False	True	True	True	True
GOBP_EQUILIBRIOCEPTION	False	False	True	True	True	True
GOBP_ERAD_PATHWAY	False	False	False	True	False	True
GOBP_ERBB2_EGFR_SIGNALING_PATHWAY	False	False	False	True	False	True
GOBP_ERBB2_ERBB4_SIGNALING_PATHWAY	False	False	False	True	True	True
GOBP_ERBB2_SIGNALING_PATHWAY	False	False	False	True	False	True
GOBP_ERBB3_SIGNALING_PATHWAY	False	False	False	True	False	True
GOBP_ERBB4_SIGNALING_PATHWAY	False	False	True	True	True	True
GOBP_ERBB_SIGNALING_PATHWAY	False	False	False	False	False	False
GOBP_ERK1_AND_ERK2_CASCADE	False	False	False	False	False	False
GOBP_ERROR_PRONE_TRANSLESION_SYNTHESIS	False	False	True	True	True	True
GOBP_ERYTHROCYTE_DEVELOPMENT	False	False	True	True	True	True
GOBP_ERYTHROCYTE_HOMEOSTASIS	False	False	False	False	False	False
GOBP_ERYTHROCYTE_MATURATION	False	False	False	True	False	True
GOBP_ERYTHROPOIETIN_MEDIATED_SIGNALING_PATHWAY	False	False	True	True	True	True
GOBP_ERYTHROSE_4_PHOSPHATE_PHOSPHOENOLPYRUVATE_FAMILY_AMINO_ACID_CATABOLIC_PROCESS	False	False	True	True	True	True
GOBP_ERYTHROSE_4_PHOSPHATE_PHOSPHOENOLPYRUVATE_FAMILY_AMINO_ACID_METABOLIC_PROCESS	False	False	False	True	False	True
GOBP_ER_NUCLEUS_SIGNALING_PATHWAY	False	False	False	False	False	True
GOBP_ER_OVERLOAD_RESPONSE	False	False	False	True	False	True
GOBP_ESCRT_COMPLEX_DISASSEMBLY	False	False	True	True	True	True
GOBP_ESTABLISHMENT_OF_BLOOD_BRAIN_BARRIER	False	False	False	True	False	True
GOBP_ESTABLISHMENT_OF_BLOOD_RETINAL_BARRIER	False	False	True	True	True	True
GOBP_ESTABLISHMENT_OF_CELL_POLARITY	False	False	False	False	False	False
GOBP_ESTABLISHMENT_OF_CENTROSOME_LOCALIZATION	False	False	False	True	False	True
GOBP_ESTABLISHMENT_OF_ENDOTHELIAL_BARRIER	False	False	False	True	False	True
GOBP_ESTABLISHMENT_OF_ENDOTHELIAL_INTESTINAL_BARRIER	False	False	True	True	True	True
GOBP_ESTABLISHMENT_OF_EPITHELIAL_CELL_APICAL_BASAL_POLARITY	False	False	False	True	False	True
GOBP_ESTABLISHMENT_OF_EPITHELIAL_CELL_POLARITY	False	False	False	True	False	True
GOBP_ESTABLISHMENT_OF_LYMPHOCYTE_POLARITY	False	False	False	True	False	True
GOBP_ESTABLISHMENT_OF_MEIOTIC_SPINDLE_LOCALIZATION	False	False	True	True	True	True
GOBP_ESTABLISHMENT_OF_MITOCHONDRION_LOCALIZATION	False	False	False	True	False	True
GOBP_ESTABLISHMENT_OF_MITOCHONDRION_LOCALIZATION_MICROTUBULE_MEDIATED	False	False	False	True	False	True
GOBP_ESTABLISHMENT_OF_MITOTIC_SISTER_CHROMATID_COHESION	False	False	True	True	True	True
GOBP_ESTABLISHMENT_OF_MITOTIC_SPINDLE_LOCALIZATION	False	False	False	True	False	True
GOBP_ESTABLISHMENT_OF_ORGANELLE_LOCALIZATION	True	False	False	False	False	False
GOBP_ESTABLISHMENT_OF_PIGMENT_GRANULE_LOCALIZATION	False	False	False	True	False	True
GOBP_ESTABLISHMENT_OF_PLANAR_POLARITY_OF_EMBRYONIC_EPITHELIUM	False	False	True	True	True	True
GOBP_ESTABLISHMENT_OF_PROTEIN_LOCALIZATION	True	False	False	False	False	False
GOBP_ESTABLISHMENT_OF_PROTEIN_LOCALIZATION_TO_CHROMOSOME	False	False	False	True	False	True
GOBP_ESTABLISHMENT_OF_PROTEIN_LOCALIZATION_TO_ENDOPLASMIC_RETICULUM	False	False	False	False	False	True
GOBP_ESTABLISHMENT_OF_PROTEIN_LOCALIZATION_TO_MEMBRANE	True	False	False	False	False	False
GOBP_ESTABLISHMENT_OF_PROTEIN_LOCALIZATION_TO_MITOCHONDRIAL_MEMBRANE	False	False	False	True	False	True
GOBP_ESTABLISHMENT_OF_PROTEIN_LOCALIZATION_TO_ORGANELLE	True	False	False	False	False	False
GOBP_ESTABLISHMENT_OF_PROTEIN_LOCALIZATION_TO_PEROXISOME	False	False	True	True	True	True
GOBP_ESTABLISHMENT_OF_PROTEIN_LOCALIZATION_TO_PLASMA_MEMBRANE	False	False	False	True	False	True
GOBP_ESTABLISHMENT_OF_PROTEIN_LOCALIZATION_TO_TELOMERE	False	False	True	True	True	True
GOBP_ESTABLISHMENT_OF_PROTEIN_LOCALIZATION_TO_VACUOLE	False	False	False	True	False	True
GOBP_ESTABLISHMENT_OF_RNA_LOCALIZATION	True	False	False	False	False	False
GOBP_ESTABLISHMENT_OF_SISTER_CHROMATID_COHESION	False	False	True	True	True	True
GOBP_ESTABLISHMENT_OF_SKIN_BARRIER	False	False	False	False	False	False
GOBP_ESTABLISHMENT_OF_SPINDLE_ORIENTATION	False	False	False	True	False	True
GOBP_ESTABLISHMENT_OF_TISSUE_POLARITY	False	False	False	True	False	True
GOBP_ESTABLISHMENT_OR_MAINTENANCE_OF_BIPOLAR_CELL_POLARITY	False	False	False	True	False	True
GOBP_ESTABLISHMENT_OR_MAINTENANCE_OF_CELL_POLARITY	True	False	False	False	False	False
GOBP_ESTABLISHMENT_OR_MAINTENANCE_OF_CYTOSKELETON_POLARITY	False	False	True	True	True	True
GOBP_ESTABLISHMENT_OR_MAINTENANCE_OF_MONOPOLAR_CELL_POLARITY	False	False	False	True	False	True
GOBP_ESTABLISHMENT_OR_MAINTENANCE_OF_TRANSMEMBRANE_ELECTROCHEMICAL_GRADIENT	False	False	False	True	False	True
GOBP_ESTROGEN_BIOSYNTHETIC_PROCESS	False	False	True	True	True	True
GOBP_ESTROGEN_METABOLIC_PROCESS	False	False	True	True	True	True
GOBP_ESTROGEN_RECEPTOR_SIGNALING_PATHWAY	False	False	False	True	False	True
GOBP_ESTROUS_CYCLE	False	False	False	True	False	True
GOBP_ETHANOLAMINE_CONTAINING_COMPOUND_METABOLIC_PROCESS	False	False	True	True	True	True
GOBP_ETHANOL_METABOLIC_PROCESS	False	False	False	True	False	True
GOBP_ETHER_BIOSYNTHETIC_PROCESS	False	False	True	True	True	True
GOBP_ETHER_METABOLIC_PROCESS	False	False	False	True	False	True
GOBP_EXCITATORY_CHEMICAL_SYNAPTIC_TRANSMISSION	False	False	True	True	True	True
GOBP_EXCITATORY_SYNAPSE_ASSEMBLY	False	False	True	True	True	True
GOBP_EXCRETION	False	False	True	True	False	True
GOBP_EXECUTION_PHASE_OF_APOPTOSIS	False	False	False	False	False	False
GOBP_EXIT_FROM_MITOSIS	False	False	False	True	True	True
GOBP_EXOCRINE_PANCREAS_DEVELOPMENT	False	False	True	True	True	True
GOBP_EXOCRINE_SYSTEM_DEVELOPMENT	False	False	False	True	False	True
GOBP_EXOCYST_LOCALIZATION	False	False	True	True	True	True
GOBP_EXOCYTIC_PROCESS	False	False	False	True	False	True
GOBP_EXOCYTOSIS	True	False	False	False	False	False
GOBP_EXPLORATION_BEHAVIOR	False	False	False	False	False	False
GOBP_EXPORT_ACROSS_PLASMA_MEMBRANE	False	False	False	True	False	True
GOBP_EXPORT_FROM_CELL	True	False	False	False	False	False
GOBP_EXTERNAL_ENCAPSULATING_STRUCTURE_ORGANIZATION	True	True	False	False	False	False
GOBP_EXTRACELLULAR_EXOSOME_ASSEMBLY	False	False	False	True	False	True
GOBP_EXTRACELLULAR_MATRIX_ASSEMBLY	False	False	False	False	False	False
GOBP_EXTRACELLULAR_MATRIX_CELL_SIGNALING	False	False	True	True	True	True
GOBP_EXTRACELLULAR_MATRIX_CONSTITUENT_SECRETION	False	False	True	True	True	True
GOBP_EXTRACELLULAR_MATRIX_DISASSEMBLY	False	False	False	False	False	False
GOBP_EXTRACELLULAR_REGULATION_OF_SIGNAL_TRANSDUCTION	False	False	False	False	False	False
GOBP_EXTRACELLULAR_TRANSPORT	False	False	False	True	False	True
GOBP_EXTRACELLULAR_VESICLE_BIOGENESIS	False	False	False	True	False	True
GOBP_EXTRAEMBRYONIC_MEMBRANE_DEVELOPMENT	False	False	True	True	True	True
GOBP_EXTRAOCULAR_SKELETAL_MUSCLE_DEVELOPMENT	False	False	False	False	False	False
GOBP_EXTRINSIC_APOPTOTIC_SIGNALING_PATHWAY	False	False	False	False	False	False
GOBP_EXTRINSIC_APOPTOTIC_SIGNALING_PATHWAY_VIA_DEATH_DOMAIN_RECEPTORS	False	False	False	False	False	False
GOBP_EYELID_DEVELOPMENT_IN_CAMERA_TYPE_EYE	False	False	True	True	True	True
GOBP_EYE_MORPHOGENESIS	False	False	False	False	False	False
GOBP_EYE_PHOTORECEPTOR_CELL_DEVELOPMENT	False	False	False	True	False	True
GOBP_EYE_PHOTORECEPTOR_CELL_DIFFERENTIATION	False	False	False	True	False	True
GOBP_EYE_PIGMENTATION	False	False	True	True	True	True
GOBP_FACE_DEVELOPMENT	False	False	False	False	False	False
GOBP_FACE_MORPHOGENESIS	False	False	False	False	False	False
GOBP_FACIAL_NERVE_MORPHOGENESIS	False	False	True	True	True	True
GOBP_FACIAL_NERVE_STRUCTURAL_ORGANIZATION	False	False	True	True	True	True
GOBP_FACULTATIVE_HETEROCHROMATIN_FORMATION	False	False	True	True	True	True
GOBP_FARNESYL_DIPHOSPHATE_METABOLIC_PROCESS	False	False	False	True	True	True
GOBP_FAS_SIGNALING_PATHWAY	False	False	True	True	True	True
GOBP_FATTY_ACID_ALPHA_OXIDATION	False	False	True	True	True	True
GOBP_FATTY_ACID_BETA_OXIDATION	False	False	False	True	False	True
GOBP_FATTY_ACID_BETA_OXIDATION_USING_ACYL_COA_DEHYDROGENASE	False	False	False	False	False	False
GOBP_FATTY_ACID_BETA_OXIDATION_USING_ACYL_COA_OXIDASE	False	False	False	True	False	True
GOBP_FATTY_ACID_BIOSYNTHETIC_PROCESS	False	False	False	False	False	False
GOBP_FATTY_ACID_CATABOLIC_PROCESS	False	False	False	True	False	True
GOBP_FATTY_ACID_DERIVATIVE_BIOSYNTHETIC_PROCESS	False	False	False	True	False	True
GOBP_FATTY_ACID_DERIVATIVE_CATABOLIC_PROCESS	False	False	True	True	True	True
GOBP_FATTY_ACID_DERIVATIVE_METABOLIC_PROCESS	False	False	False	True	False	True
GOBP_FATTY_ACID_ELONGATION	False	False	True	True	True	True
GOBP_FATTY_ACID_ELONGATION_SATURATED_FATTY_ACID	False	False	True	True	True	True
GOBP_FATTY_ACID_HOMEOSTASIS	False	False	False	True	False	True
GOBP_FATTY_ACID_METABOLIC_PROCESS	True	False	False	False	False	False
GOBP_FATTY_ACID_TRANSMEMBRANE_TRANSPORT	False	False	False	True	False	True
GOBP_FATTY_ACID_TRANSPORT	False	False	False	False	False	True
GOBP_FATTY_ACYL_COA_BIOSYNTHETIC_PROCESS	False	False	True	True	False	True
GOBP_FATTY_ACYL_COA_METABOLIC_PROCESS	False	False	False	True	False	True
GOBP_FAT_CELL_DIFFERENTIATION	False	False	False	False	False	False
GOBP_FAT_CELL_PROLIFERATION	False	False	False	True	False	True
GOBP_FAT_PAD_DEVELOPMENT	False	False	False	True	False	True
GOBP_FAT_SOLUBLE_VITAMIN_BIOSYNTHETIC_PROCESS	False	False	True	True	True	True
GOBP_FAT_SOLUBLE_VITAMIN_CATABOLIC_PROCESS	False	False	True	True	True	True
GOBP_FAT_SOLUBLE_VITAMIN_METABOLIC_PROCESS	False	False	False	True	False	True
GOBP_FC_EPSILON_RECEPTOR_SIGNALING_PATHWAY	False	False	False	True	False	True
GOBP_FC_GAMMA_RECEPTOR_SIGNALING_PATHWAY	False	False	False	True	False	True
GOBP_FC_RECEPTOR_MEDIATED_STIMULATORY_SIGNALING_PATHWAY	False	False	False	True	False	True
GOBP_FC_RECEPTOR_SIGNALING_PATHWAY	False	False	False	True	False	True
GOBP_FEAR_RESPONSE	False	False	False	True	False	True
GOBP_FEEDING_BEHAVIOR	False	False	False	True	False	True
GOBP_FEMALE_GAMETE_GENERATION	False	False	False	True	False	True
GOBP_FEMALE_GENITALIA_DEVELOPMENT	False	False	True	True	True	True
GOBP_FEMALE_MATING_BEHAVIOR	False	False	True	True	True	True
GOBP_FEMALE_MEIOSIS_CHROMOSOME_SEGREGATION	False	False	True	True	True	True
GOBP_FEMALE_MEIOSIS_I	False	False	False	True	False	True
GOBP_FEMALE_MEIOTIC_NUCLEAR_DIVISION	False	False	False	True	False	True
GOBP_FEMALE_SEX_DIFFERENTIATION	False	False	False	False	False	False
GOBP_FERMENTATION	False	False	True	True	True	True
GOBP_FERROPTOSIS	False	False	False	True	False	True
GOBP_FERTILIZATION	False	False	False	True	False	True
GOBP_FEVER_GENERATION	False	False	False	False	False	False
GOBP_FIBRINOLYSIS	False	False	False	False	False	False
GOBP_FIBROBLAST_ACTIVATION	False	False	True	True	True	True
GOBP_FIBROBLAST_APOPTOTIC_PROCESS	False	False	False	True	False	True
GOBP_FIBROBLAST_GROWTH_FACTOR_PRODUCTION	False	False	True	True	True	True
GOBP_FIBROBLAST_GROWTH_FACTOR_RECEPTOR_SIGNALING_PATHWAY	False	False	False	False	False	False
GOBP_FIBROBLAST_MIGRATION	False	False	False	True	False	True
GOBP_FIBROBLAST_PROLIFERATION	False	False	False	False	False	False
GOBP_FILOPODIUM_ASSEMBLY	False	False	False	True	False	True
GOBP_FLAVIN_CONTAINING_COMPOUND_METABOLIC_PROCESS	False	False	True	True	True	True
GOBP_FLAVONE_METABOLIC_PROCESS	False	False	False	False	False	False
GOBP_FLAVONOID_METABOLIC_PROCESS	False	False	False	False	False	False
GOBP_FLOOR_PLATE_DEVELOPMENT	False	False	True	True	True	True
GOBP_FLUID_TRANSPORT	False	False	False	True	False	True
GOBP_FOAM_CELL_DIFFERENTIATION	False	False	False	True	False	True
GOBP_FOCAL_ADHESION_ASSEMBLY	False	False	False	True	False	True
GOBP_FOLIC_ACID_CONTAINING_COMPOUND_BIOSYNTHETIC_PROCESS	False	False	True	True	True	True
GOBP_FOLIC_ACID_CONTAINING_COMPOUND_METABOLIC_PROCESS	False	False	False	True	False	True
GOBP_FOLIC_ACID_METABOLIC_PROCESS	False	False	True	True	False	True
GOBP_FOLIC_ACID_TRANSPORT	False	False	False	True	False	True
GOBP_FOLLICLE_STIMULATING_HORMONE_SECRETION	False	False	True	True	True	True
GOBP_FOREBRAIN_CELL_MIGRATION	False	False	False	True	False	True
GOBP_FOREBRAIN_DEVELOPMENT	True	False	False	False	False	False
GOBP_FOREBRAIN_DORSAL_VENTRAL_PATTERN_FORMATION	False	False	False	False	False	False
GOBP_FOREBRAIN_GENERATION_OF_NEURONS	False	False	False	True	False	True
GOBP_FOREBRAIN_MORPHOGENESIS	False	False	True	True	True	True
GOBP_FOREBRAIN_NEUROBLAST_DIVISION	False	False	True	True	True	True
GOBP_FOREBRAIN_NEURON_DEVELOPMENT	False	False	True	True	True	True
GOBP_FOREBRAIN_NEURON_FATE_COMMITMENT	False	False	False	False	False	False
GOBP_FOREBRAIN_REGIONALIZATION	False	False	False	True	False	True
GOBP_FOREBRAIN_VENTRICULAR_ZONE_PROGENITOR_CELL_DIVISION	False	False	False	False	False	False
GOBP_FOREGUT_MORPHOGENESIS	False	False	True	True	True	True
GOBP_FORELIMB_MORPHOGENESIS	False	False	True	True	True	True
GOBP_FORMATE_METABOLIC_PROCESS	False	False	True	True	True	True
GOBP_FORMATION_OF_CYTOPLASMIC_TRANSLATION_INITIATION_COMPLEX	False	False	False	True	False	True
GOBP_FORMATION_OF_EXTRACHROMOSOMAL_CIRCULAR_DNA	False	False	True	True	True	True
GOBP_FORMATION_OF_PRIMARY_GERM_LAYER	False	False	False	False	False	False
GOBP_FORMATION_OF_TRANSLATION_PREINITIATION_COMPLEX	False	False	False	True	False	True
GOBP_FREE_UBIQUITIN_CHAIN_POLYMERIZATION	False	False	True	True	True	True
GOBP_FRUCTOSE_1_6_BISPHOSPHATE_METABOLIC_PROCESS	False	False	True	True	True	True
GOBP_FRUCTOSE_2_6_BISPHOSPHATE_METABOLIC_PROCESS	False	False	True	True	True	True
GOBP_FRUCTOSE_6_PHOSPHATE_METABOLIC_PROCESS	False	False	False	True	False	True
GOBP_FRUCTOSE_METABOLIC_PROCESS	False	False	True	True	True	True
GOBP_FRUCTOSE_TRANSMEMBRANE_TRANSPORT	False	False	True	True	True	True
GOBP_FUCOSE_CATABOLIC_PROCESS	False	False	True	True	True	True
GOBP_FUCOSE_METABOLIC_PROCESS	False	False	True	True	True	True
GOBP_FUCOSYLATION	False	False	False	True	False	True
GOBP_FUNGIFORM_PAPILLA_DEVELOPMENT	False	False	True	True	True	True
GOBP_FUNGIFORM_PAPILLA_MORPHOGENESIS	False	False	True	True	True	True
GOBP_FUSED_ANTRUM_STAGE	False	False	True	True	True	True
GOBP_G0_TO_G1_TRANSITION	False	False	False	True	False	True
GOBP_G1_TO_G0_TRANSITION	False	False	False	True	False	True
GOBP_G1_TO_G0_TRANSITION_INVOLVED_IN_CELL_DIFFERENTIATION	False	False	True	True	True	True
GOBP_G2_MI_TRANSITION_OF_MEIOTIC_CELL_CYCLE	False	False	True	True	True	True
GOBP_GABAERGIC_NEURON_DIFFERENTIATION	False	False	True	True	True	True
GOBP_GALACTOLIPID_BIOSYNTHETIC_PROCESS	False	False	True	True	True	True
GOBP_GALACTOLIPID_METABOLIC_PROCESS	False	False	True	True	True	True
GOBP_GALACTOSE_CATABOLIC_PROCESS	False	False	True	True	True	True
GOBP_GALACTOSE_CATABOLIC_PROCESS_VIA_UDP_GALACTOSE_LELOIR_PATHWAY	False	False	True	True	True	True
GOBP_GALACTOSE_METABOLIC_PROCESS	False	False	False	True	False	True
GOBP_GALACTOSE_TRANSMEMBRANE_TRANSPORT	False	False	True	True	True	True
GOBP_GAMETE_GENERATION	True	False	False	False	False	False
GOBP_GAMMA_AMINOBUTYRIC_ACID_BIOSYNTHETIC_PROCESS	False	False	True	True	True	True
GOBP_GAMMA_AMINOBUTYRIC_ACID_IMPORT	False	False	False	False	False	False
GOBP_GAMMA_AMINOBUTYRIC_ACID_METABOLIC_PROCESS	False	False	True	True	True	True
GOBP_GAMMA_AMINOBUTYRIC_ACID_RECEPTOR_CLUSTERING	False	False	False	False	False	False
GOBP_GAMMA_AMINOBUTYRIC_ACID_SECRETION	False	False	True	True	True	True
GOBP_GAMMA_AMINOBUTYRIC_ACID_SIGNALING_PATHWAY	False	False	False	True	False	True
GOBP_GAMMA_AMINOBUTYRIC_ACID_TRANSPORT	False	False	True	True	True	True
GOBP_GAMMA_DELTA_T_CELL_ACTIVATION	False	False	False	True	False	True
GOBP_GAMMA_DELTA_T_CELL_DIFFERENTIATION	False	False	False	True	False	True
GOBP_GANGLION_DEVELOPMENT	False	False	True	True	True	True
GOBP_GANGLIOSIDE_BIOSYNTHETIC_PROCESS	False	False	True	True	True	True
GOBP_GANGLIOSIDE_CATABOLIC_PROCESS	False	False	False	True	True	True
GOBP_GANGLIOSIDE_METABOLIC_PROCESS	False	False	True	True	True	True
GOBP_GAP_JUNCTION_ASSEMBLY	False	False	False	True	False	True
GOBP_GAP_JUNCTION_MEDIATED_INTERCELLULAR_TRANSPORT	False	False	False	True	False	True
GOBP_GASTRIC_ACID_SECRETION	False	False	True	True	True	True
GOBP_GASTRIC_MOTILITY	False	False	False	False	False	False
GOBP_GASTRO_INTESTINAL_SYSTEM_SMOOTH_MUSCLE_CONTRACTION	False	False	True	True	True	True
GOBP_GASTRULATION	True	False	False	False	False	False
GOBP_GASTRULATION_WITH_MOUTH_FORMING_SECOND	False	False	False	True	False	True
GOBP_GAS_TRANSPORT	False	False	False	False	False	False
GOBP_GDP_L_FUCOSE_METABOLIC_PROCESS	False	False	False	True	False	True
GOBP_GDP_MANNOSE_METABOLIC_PROCESS	False	False	True	True	True	True
GOBP_GDP_METABOLIC_PROCESS	False	False	True	True	True	True
GOBP_GENERAL_ADAPTATION_SYNDROME	False	False	False	False	False	False
GOBP_GENERAL_ADAPTATION_SYNDROME_BEHAVIORAL_PROCESS	False	False	False	False	False	False
GOBP_GENERATION_OF_NEURONS	True	False	False	False	False	False
GOBP_GENERATION_OF_PRECURSOR_METABOLITES_AND_ENERGY	True	False	False	False	False	False
GOBP_GENITALIA_DEVELOPMENT	False	False	False	True	False	True
GOBP_GENITALIA_MORPHOGENESIS	False	False	True	True	True	True
GOBP_GENOMIC_IMPRINTING	False	False	True	True	True	True
GOBP_GEPHYRIN_CLUSTERING_INVOLVED_IN_POSTSYNAPTIC_DENSITY_ASSEMBLY	False	False	False	False	False	False
GOBP_GERMINAL_CENTER_B_CELL_DIFFERENTIATION	False	False	False	True	False	True
GOBP_GERMINAL_CENTER_FORMATION	False	False	True	True	True	True
GOBP_GERM_CELL_MIGRATION	False	False	True	True	True	True
GOBP_GERM_CELL_PROLIFERATION	False	False	False	True	False	True
GOBP_GERM_LINE_STEM_CELL_POPULATION_MAINTENANCE	False	False	False	False	False	False
GOBP_GLANDULAR_EPITHELIAL_CELL_DEVELOPMENT	False	False	False	True	False	True
GOBP_GLANDULAR_EPITHELIAL_CELL_DIFFERENTIATION	False	False	False	True	False	True
GOBP_GLANDULAR_EPITHELIAL_CELL_MATURATION	False	False	False	True	False	True
GOBP_GLAND_DEVELOPMENT	True	False	False	False	False	False
GOBP_GLAND_MORPHOGENESIS	False	False	False	False	False	False
GOBP_GLIAL_CELL_ACTIVATION	False	False	False	True	False	True
GOBP_GLIAL_CELL_APOPTOTIC_PROCESS	False	False	False	True	False	True
GOBP_GLIAL_CELL_DERIVED_NEUROTROPHIC_FACTOR_RECEPTOR_SIGNALING_PATHWAY	False	False	False	True	False	True
GOBP_GLIAL_CELL_DEVELOPMENT	False	False	False	False	False	False
GOBP_GLIAL_CELL_DIFFERENTIATION	False	False	False	False	False	False
GOBP_GLIAL_CELL_FATE_COMMITMENT	False	False	True	True	True	True
GOBP_GLIAL_CELL_FATE_SPECIFICATION	False	False	True	True	True	True
GOBP_GLIAL_CELL_MIGRATION	False	False	False	True	False	True
GOBP_GLIAL_CELL_PROLIFERATION	False	False	False	True	False	True
GOBP_GLIOGENESIS	False	False	False	False	False	False
GOBP_GLOMERULAR_BASEMENT_MEMBRANE_DEVELOPMENT	False	False	False	False	False	False
GOBP_GLOMERULAR_ENDOTHELIUM_DEVELOPMENT	False	False	True	True	True	True
GOBP_GLOMERULAR_EPITHELIAL_CELL_DEVELOPMENT	False	False	True	True	True	True
GOBP_GLOMERULAR_EPITHELIUM_DEVELOPMENT	False	False	False	True	False	True
GOBP_GLOMERULAR_MESANGIAL_CELL_DEVELOPMENT	False	False	True	True	True	True
GOBP_GLOMERULAR_MESANGIAL_CELL_PROLIFERATION	False	False	False	True	False	True
GOBP_GLOMERULAR_MESANGIUM_DEVELOPMENT	False	False	True	True	True	True
GOBP_GLOMERULUS_DEVELOPMENT	False	False	False	False	False	False
GOBP_GLOMERULUS_MORPHOGENESIS	False	False	True	True	True	True
GOBP_GLOMERULUS_VASCULATURE_MORPHOGENESIS	False	False	False	True	False	True
GOBP_GLUCAN_BIOSYNTHETIC_PROCESS	False	False	True	True	True	True
GOBP_GLUCAN_METABOLIC_PROCESS	False	False	False	True	False	True
GOBP_GLUCOCORTICOID_BIOSYNTHETIC_PROCESS	False	False	True	True	True	True
GOBP_GLUCOCORTICOID_METABOLIC_PROCESS	False	False	False	True	False	True
GOBP_GLUCOCORTICOID_SECRETION	False	False	False	True	False	True
GOBP_GLUCOSAMINE_CONTAINING_COMPOUND_METABOLIC_PROCESS	False	False	True	True	True	True
GOBP_GLUCOSE_6_PHOSPHATE_METABOLIC_PROCESS	False	False	False	True	False	True
GOBP_GLUCOSE_CATABOLIC_PROCESS	False	False	False	False	False	False
GOBP_GLUCOSE_CATABOLIC_PROCESS_TO_LACTATE	False	False	False	False	False	False
GOBP_GLUCOSE_IMPORT_IN_RESPONSE_TO_INSULIN_STIMULUS	False	False	True	True	True	True
GOBP_GLUCOSE_METABOLIC_PROCESS	False	False	False	False	False	False
GOBP_GLUTAMATERGIC_NEURON_DIFFERENTIATION	False	False	True	True	True	True
GOBP_GLUTAMATE_CATABOLIC_PROCESS	False	False	False	True	False	True
GOBP_GLUTAMATE_METABOLIC_PROCESS	False	False	False	True	False	True
GOBP_GLUTAMATE_RECEPTOR_SIGNALING_PATHWAY	False	False	True	True	True	True
GOBP_GLUTAMATE_SECRETION	False	False	True	True	True	True
GOBP_GLUTAMATE_SECRETION_NEUROTRANSMISSION	False	False	False	True	False	True
GOBP_GLUTAMINE_FAMILY_AMINO_ACID_BIOSYNTHETIC_PROCESS	False	False	False	True	False	True
GOBP_GLUTAMINE_FAMILY_AMINO_ACID_CATABOLIC_PROCESS	False	False	False	True	False	True
GOBP_GLUTAMINE_FAMILY_AMINO_ACID_METABOLIC_PROCESS	False	False	False	True	False	True
GOBP_GLUTAMINE_METABOLIC_PROCESS	False	False	False	True	False	True
GOBP_GLUTAMINE_TRANSPORT	False	False	True	True	True	True
GOBP_GLUTATHIONE_CATABOLIC_PROCESS	False	False	False	True	True	True
GOBP_GLUTATHIONE_METABOLIC_PROCESS	False	False	False	True	False	True
GOBP_GLUTATHIONE_TRANSMEMBRANE_TRANSPORT	False	False	False	True	True	True
GOBP_GLUTATHIONE_TRANSPORT	False	False	False	True	False	True
GOBP_GLYCERALDEHYDE_3_PHOSPHATE_METABOLIC_PROCESS	False	False	False	True	True	True
GOBP_GLYCEROLIPID_BIOSYNTHETIC_PROCESS	False	False	False	False	False	False
GOBP_GLYCEROLIPID_CATABOLIC_PROCESS	False	False	False	True	False	True
GOBP_GLYCEROLIPID_METABOLIC_PROCESS	True	False	False	False	False	False
GOBP_GLYCEROL_3_PHOSPHATE_METABOLIC_PROCESS	False	False	True	True	True	True
GOBP_GLYCEROL_ETHER_METABOLIC_PROCESS	False	False	True	True	True	True
GOBP_GLYCEROL_TRANSMEMBRANE_TRANSPORT	False	False	True	True	True	True
GOBP_GLYCEROPHOSPHOLIPID_BIOSYNTHETIC_PROCESS	False	False	False	False	False	False
GOBP_GLYCEROPHOSPHOLIPID_CATABOLIC_PROCESS	False	False	False	True	False	True
GOBP_GLYCEROPHOSPHOLIPID_METABOLIC_PROCESS	True	False	False	False	False	False
GOBP_GLYCINE_IMPORT_ACROSS_PLASMA_MEMBRANE	False	False	True	True	True	True
GOBP_GLYCINE_METABOLIC_PROCESS	False	False	True	True	True	True
GOBP_GLYCINE_TRANSPORT	False	False	False	True	False	True
GOBP_GLYCOLIPID_BIOSYNTHETIC_PROCESS	False	False	False	True	False	True
GOBP_GLYCOLIPID_CATABOLIC_PROCESS	False	False	False	True	False	True
GOBP_GLYCOLIPID_TRANSPORT	False	False	False	True	False	True
GOBP_GLYCOLYTIC_PROCESS_THROUGH_FRUCTOSE_6_PHOSPHATE	False	False	False	True	False	True
GOBP_GLYCOPHAGY	False	False	True	True	True	True
GOBP_GLYCOPROTEIN_BIOSYNTHETIC_PROCESS	False	False	False	False	False	False
GOBP_GLYCOPROTEIN_CATABOLIC_PROCESS	False	False	False	True	False	True
GOBP_GLYCOPROTEIN_METABOLIC_PROCESS	False	False	False	False	False	False
GOBP_GLYCOSAMINOGLYCAN_BIOSYNTHETIC_PROCESS	False	False	False	True	False	True
GOBP_GLYCOSAMINOGLYCAN_CATABOLIC_PROCESS	False	False	False	True	False	True
GOBP_GLYCOSAMINOGLYCAN_METABOLIC_PROCESS	False	False	False	True	False	True
GOBP_GLYCOSIDE_CATABOLIC_PROCESS	False	False	True	True	True	True
GOBP_GLYCOSIDE_METABOLIC_PROCESS	False	False	True	True	True	True
GOBP_GLYCOSIDE_TRANSPORT	False	False	True	True	True	True
GOBP_GLYCOSPHINGOLIPID_BIOSYNTHETIC_PROCESS	False	False	True	True	True	True
GOBP_GLYCOSPHINGOLIPID_METABOLIC_PROCESS	False	False	False	True	False	True
GOBP_GLYCOSYLATION	False	False	False	False	False	False
GOBP_GLYCOSYLCERAMIDE_CATABOLIC_PROCESS	False	False	True	True	True	True
GOBP_GLYCOSYLCERAMIDE_METABOLIC_PROCESS	False	False	True	True	True	True
GOBP_GLYCOSYL_COMPOUND_BIOSYNTHETIC_PROCESS	False	False	False	True	False	True
GOBP_GLYCOSYL_COMPOUND_CATABOLIC_PROCESS	False	False	False	True	False	True
GOBP_GLYCOSYL_COMPOUND_METABOLIC_PROCESS	False	False	False	True	False	True
GOBP_GMP_BIOSYNTHETIC_PROCESS	False	False	True	True	True	True
GOBP_GMP_CATABOLIC_PROCESS	False	False	True	True	True	True
GOBP_GMP_METABOLIC_PROCESS	False	False	False	True	False	True
GOBP_GMP_SALVAGE	False	False	False	False	False	False
GOBP_GOLGI_LOCALIZATION	False	False	True	True	True	True
GOBP_GOLGI_ORGANIZATION	False	False	False	True	False	True
GOBP_GOLGI_TO_ENDOSOME_TRANSPORT	False	False	True	True	True	True
GOBP_GOLGI_TO_LYSOSOME_TRANSPORT	False	False	False	True	False	True
GOBP_GOLGI_TO_PLASMA_MEMBRANE_PROTEIN_TRANSPORT	False	False	False	True	False	True
GOBP_GOLGI_TO_PLASMA_MEMBRANE_TRANSPORT	False	False	False	True	False	True
GOBP_GOLGI_TO_VACUOLE_TRANSPORT	False	False	False	True	False	True
GOBP_GOLGI_VESICLE_TRANSPORT	True	False	False	False	False	False
GOBP_GONADOTROPHIN_RELEASING_HORMONE_NEURONAL_MIGRATION_TO_THE_HYPOTHALAMUS	False	False	True	True	True	True
GOBP_GONADOTROPIN_SECRETION	False	False	False	True	False	True
GOBP_GPI_ANCHOR_METABOLIC_PROCESS	False	False	False	True	False	True
GOBP_GRANULOCYTE_ACTIVATION	False	False	False	False	False	False
GOBP_GRANULOCYTE_CHEMOTAXIS	False	False	False	False	False	False
GOBP_GRANULOCYTE_COLONY_STIMULATING_FACTOR_PRODUCTION	False	False	True	True	True	True
GOBP_GRANULOCYTE_COLONY_STIMULATING_FACTOR_SIGNALING_PATHWAY	False	False	True	True	True	True
GOBP_GRANULOCYTE_DIFFERENTIATION	False	False	False	True	False	True
GOBP_GRANULOCYTE_MACROPHAGE_COLONY_STIMULATING_FACTOR_PRODUCTION	False	False	True	True	True	True
GOBP_GRANULOCYTE_MIGRATION	False	False	False	False	False	False
GOBP_GRANZYME_MEDIATED_PROGRAMMED_CELL_DEATH_SIGNALING_PATHWAY	False	False	True	True	True	True
GOBP_GROOMING_BEHAVIOR	False	False	True	True	True	True
GOBP_GROWTH	True	False	False	False	False	False
GOBP_GROWTH_HORMONE_SECRETION	False	False	True	True	True	True
GOBP_GROWTH_PLATE_CARTILAGE_CHONDROCYTE_DEVELOPMENT	False	False	False	True	False	True
GOBP_GROWTH_PLATE_CARTILAGE_CHONDROCYTE_DIFFERENTIATION	False	False	True	True	True	True
GOBP_GROWTH_PLATE_CARTILAGE_DEVELOPMENT	False	False	False	True	False	True
GOBP_GTP_BIOSYNTHETIC_PROCESS	False	False	False	True	False	True
GOBP_GTP_METABOLIC_PROCESS	False	False	True	True	True	True
GOBP_GUANINE_NUCLEOTIDE_TRANSPORT	False	False	True	True	True	True
GOBP_G_PROTEIN_COUPLED_ACETYLCHOLINE_RECEPTOR_SIGNALING_PATHWAY	False	False	True	True	True	True
GOBP_G_PROTEIN_COUPLED_DOPAMINE_RECEPTOR_SIGNALING_PATHWAY	False	False	False	True	False	True
GOBP_G_PROTEIN_COUPLED_GLUTAMATE_RECEPTOR_SIGNALING_PATHWAY	False	False	True	True	True	True
GOBP_G_PROTEIN_COUPLED_OPIOID_RECEPTOR_SIGNALING_PATHWAY	False	False	True	True	True	True
GOBP_G_PROTEIN_COUPLED_OPSIN_SIGNALING_PATHWAY	False	False	False	False	False	False
GOBP_G_PROTEIN_COUPLED_PURINERGIC_NUCLEOTIDE_RECEPTOR_SIGNALING_PATHWAY	False	False	True	True	True	True
GOBP_G_PROTEIN_COUPLED_PURINERGIC_RECEPTOR_SIGNALING_PATHWAY	False	False	True	True	True	True
GOBP_G_PROTEIN_COUPLED_RECEPTOR_INTERNALIZATION	False	False	False	True	False	True
GOBP_G_PROTEIN_COUPLED_RECEPTOR_SIGNALING_PATHWAY	True	False	False	False	False	False
GOBP_G_PROTEIN_COUPLED_RECEPTOR_SIGNALING_PATHWAY_COUPLED_TO_CYCLIC_NUCLEOTIDE_SECOND_MESSENGER	False	False	True	True	True	True
GOBP_G_PROTEIN_COUPLED_RECEPTOR_SIGNALING_PATHWAY_INVOLVED_IN_HEART_PROCESS	False	False	True	True	True	True
GOBP_G_PROTEIN_COUPLED_SEROTONIN_RECEPTOR_SIGNALING_PATHWAY	False	False	True	True	True	True
GOBP_HAIR_CELL_DIFFERENTIATION	False	False	False	False	False	False
GOBP_HAIR_FOLLICLE_MATURATION	False	False	True	True	True	True
GOBP_HAIR_FOLLICLE_PLACODE_FORMATION	False	False	False	False	False	False
GOBP_HARD_PALATE_DEVELOPMENT	False	False	True	True	True	True
GOBP_HEAD_DEVELOPMENT	True	False	False	False	False	False
GOBP_HEAD_MORPHOGENESIS	False	False	False	False	False	False
GOBP_HEART_DEVELOPMENT	True	False	False	False	False	False
GOBP_HEART_FIELD_SPECIFICATION	False	False	True	True	True	True
GOBP_HEART_FORMATION	False	False	False	True	False	True
GOBP_HEART_GROWTH	False	False	False	True	False	True
GOBP_HEART_MORPHOGENESIS	False	False	False	False	False	True
GOBP_HEART_PROCESS	False	False	False	False	False	True
GOBP_HEART_TRABECULA_FORMATION	False	False	False	True	False	True
GOBP_HEART_TRABECULA_MORPHOGENESIS	False	False	False	True	False	True
GOBP_HEART_VALVE_DEVELOPMENT	False	False	False	True	False	True
GOBP_HEART_VALVE_FORMATION	False	False	False	True	False	True
GOBP_HEART_VALVE_MORPHOGENESIS	False	False	False	False	False	False
GOBP_HEAT_ACCLIMATION	False	False	False	True	False	True
GOBP_HEAT_GENERATION	False	False	True	False	True	False
GOBP_HEMATOPOIETIC_OR_LYMPHOID_ORGAN_DEVELOPMENT	False	False	False	True	False	True
GOBP_HEMATOPOIETIC_PROGENITOR_CELL_DIFFERENTIATION	True	False	False	False	False	False
GOBP_HEMATOPOIETIC_STEM_CELL_DIFFERENTIATION	False	False	False	True	False	True
GOBP_HEMATOPOIETIC_STEM_CELL_HOMEOSTASIS	False	False	False	True	False	True
GOBP_HEMATOPOIETIC_STEM_CELL_MIGRATION	False	False	True	True	True	True
GOBP_HEMATOPOIETIC_STEM_CELL_MIGRATION_TO_BONE_MARROW	False	False	True	True	True	True
GOBP_HEMATOPOIETIC_STEM_CELL_PROLIFERATION	False	False	False	True	False	True
GOBP_HEME_A_METABOLIC_PROCESS	False	False	True	True	True	True
GOBP_HEME_B_METABOLIC_PROCESS	False	False	True	True	True	True
GOBP_HEME_TRANSPORT	False	False	True	True	True	True
GOBP_HEMIDESMOSOME_ASSEMBLY	False	False	False	True	False	True
GOBP_HEMOGLOBIN_BIOSYNTHETIC_PROCESS	False	False	False	True	False	True
GOBP_HEMOGLOBIN_METABOLIC_PROCESS	False	False	True	True	True	True
GOBP_HEMOPOIESIS	True	False	False	False	False	False
GOBP_HEMOSTASIS	False	False	False	False	False	False
GOBP_HEPARAN_SULFATE_PROTEOGLYCAN_BIOSYNTHETIC_PROCESS	False	False	False	True	False	True
GOBP_HEPARAN_SULFATE_PROTEOGLYCAN_METABOLIC_PROCESS	False	False	False	True	False	True
GOBP_HEPARIN_PROTEOGLYCAN_BIOSYNTHETIC_PROCESS	False	False	True	True	True	True
GOBP_HEPARIN_PROTEOGLYCAN_METABOLIC_PROCESS	False	False	True	True	True	True
GOBP_HEPATICOBILIARY_SYSTEM_DEVELOPMENT	False	False	False	False	False	False
GOBP_HEPATIC_STELLATE_CELL_ACTIVATION	False	False	True	True	True	True
GOBP_HEPATOCYTE_APOPTOTIC_PROCESS	False	False	False	True	False	True
GOBP_HEPATOCYTE_DIFFERENTIATION	False	False	True	True	True	True
GOBP_HEPATOCYTE_GROWTH_FACTOR_RECEPTOR_SIGNALING_PATHWAY	False	False	True	True	True	True
GOBP_HETEROCHROMATIN_FORMATION	True	False	False	True	False	True
GOBP_HETEROCHROMATIN_ORGANIZATION	False	False	True	True	True	True
GOBP_HETEROPHILIC_CELL_CELL_ADHESION_VIA_PLASMA_MEMBRANE_CELL_ADHESION_MOLECULES	False	False	False	True	False	True
GOBP_HETEROTYPIC_CELL_CELL_ADHESION	False	False	False	False	False	False
GOBP_HEXOSE_PHOSPHATE_TRANSPORT	False	False	False	False	False	False
GOBP_HIGH_DENSITY_LIPOPROTEIN_PARTICLE_ASSEMBLY	False	False	True	True	True	True
GOBP_HIGH_DENSITY_LIPOPROTEIN_PARTICLE_CLEARANCE	False	False	False	True	False	True
GOBP_HIGH_DENSITY_LIPOPROTEIN_PARTICLE_REMODELING	False	False	False	False	False	False
GOBP_HINDBRAIN_DEVELOPMENT	False	False	False	False	False	False
GOBP_HINDBRAIN_MORPHOGENESIS	False	False	False	True	True	True
GOBP_HINDBRAIN_RADIAL_GLIA_GUIDED_CELL_MIGRATION	False	False	True	True	True	True
GOBP_HINDBRAIN_TANGENTIAL_CELL_MIGRATION	False	False	True	True	True	True
GOBP_HINDGUT_DEVELOPMENT	False	False	True	True	True	True
GOBP_HINDLIMB_MORPHOGENESIS	False	False	False	True	False	True
GOBP_HIPPOCAMPAL_NEURON_APOPTOTIC_PROCESS	False	False	True	True	True	True
GOBP_HIPPOCAMPUS_DEVELOPMENT	False	False	False	True	False	True
GOBP_HIPPO_SIGNALING	False	False	False	True	False	True
GOBP_HISTAMINE_METABOLIC_PROCESS	False	False	True	True	True	True
GOBP_HISTAMINE_SECRETION	False	False	True	True	True	True
GOBP_HISTAMINE_TRANSPORT	False	False	True	True	True	True
GOBP_HISTONE_MRNA_CATABOLIC_PROCESS	False	False	True	True	True	True
GOBP_HISTONE_MRNA_METABOLIC_PROCESS	False	False	True	True	True	True
GOBP_HIS_PURKINJE_SYSTEM_DEVELOPMENT	False	False	True	True	True	True
GOBP_HOMEOSTASIS_OF_NUMBER_OF_CELLS	False	False	False	False	False	False
GOBP_HOMEOSTASIS_OF_NUMBER_OF_CELLS_WITHIN_A_TISSUE	False	False	False	True	False	True
GOBP_HOMEOSTATIC_PROCESS	True	False	False	False	False	False
GOBP_HOMOCYSTEINE_METABOLIC_PROCESS	False	False	True	True	True	True
GOBP_HOMOLOGOUS_CHROMOSOME_PAIRING_AT_MEIOSIS	False	False	True	True	True	True
GOBP_HOMOLOGOUS_CHROMOSOME_SEGREGATION	False	False	False	True	False	True
GOBP_HOMOLOGOUS_RECOMBINATION	False	False	False	True	False	True
GOBP_HOMOPHILIC_CELL_ADHESION_VIA_PLASMA_MEMBRANE_ADHESION_MOLECULES	True	False	False	False	False	False
GOBP_HOMOTYPIC_CELL_CELL_ADHESION	False	False	False	False	False	False
GOBP_HORMONE_BIOSYNTHETIC_PROCESS	False	False	False	False	False	True
GOBP_HORMONE_CATABOLIC_PROCESS	False	False	False	True	False	True
GOBP_HORMONE_MEDIATED_APOPTOTIC_SIGNALING_PATHWAY	False	False	False	False	False	False
GOBP_HORMONE_MEDIATED_SIGNALING_PATHWAY	False	False	False	False	False	True
GOBP_HORMONE_METABOLIC_PROCESS	False	False	False	False	False	False
GOBP_HORMONE_TRANSPORT	False	False	False	False	False	False
GOBP_HOST_MEDIATED_REGULATION_OF_INTESTINAL_MICROBIOTA_COMPOSITION	False	False	True	True	True	True
GOBP_HOST_MEDIATED_SUPPRESSION_OF_SYMBIONT_INVASION	False	False	False	False	False	False
GOBP_HUMORAL_IMMUNE_RESPONSE	False	False	False	False	False	False
GOBP_HUMORAL_IMMUNE_RESPONSE_MEDIATED_BY_CIRCULATING_IMMUNOGLOBULIN	False	False	False	False	False	False
GOBP_HYALOID_VASCULAR_PLEXUS_REGRESSION	False	False	False	False	False	False
GOBP_HYALURONAN_BIOSYNTHETIC_PROCESS	False	False	False	True	False	True
GOBP_HYALURONAN_CATABOLIC_PROCESS	False	False	False	True	False	True
GOBP_HYALURONAN_METABOLIC_PROCESS	False	False	True	True	True	True
GOBP_HYDROCARBON_METABOLIC_PROCESS	False	False	False	False	False	False
GOBP_HYDROGEN_PEROXIDE_BIOSYNTHETIC_PROCESS	False	False	False	True	False	True
GOBP_HYDROGEN_PEROXIDE_CATABOLIC_PROCESS	False	False	False	False	False	False
GOBP_HYDROGEN_PEROXIDE_METABOLIC_PROCESS	False	False	False	True	False	True
GOBP_HYPEROSMOTIC_RESPONSE	False	False	False	True	False	True
GOBP_HYPEROSMOTIC_SALINITY_RESPONSE	False	False	False	True	False	True
GOBP_HYPERSENSITIVITY	False	False	False	False	False	False
GOBP_HYPOTHALAMUS_CELL_DIFFERENTIATION	False	False	False	True	False	True
GOBP_HYPOTHALAMUS_CELL_MIGRATION	False	False	True	True	True	True
GOBP_HYPOTHALAMUS_DEVELOPMENT	False	False	False	True	False	True
GOBP_HYPOTHALAMUS_GONADOTROPHIN_RELEASING_HORMONE_NEURON_DIFFERENTIATION	False	False	False	True	False	True
GOBP_HYPOTONIC_RESPONSE	False	False	False	True	False	True
GOBP_HYPOXIA_INDUCIBLE_FACTOR_1ALPHA_SIGNALING_PATHWAY	False	False	True	True	True	True
GOBP_ICOSANOID_BIOSYNTHETIC_PROCESS	False	False	False	False	False	False
GOBP_ICOSANOID_CATABOLIC_PROCESS	False	False	True	True	True	True
GOBP_ICOSANOID_METABOLIC_PROCESS	False	False	False	False	False	True
GOBP_ICOSANOID_SECRETION	False	False	False	True	False	False
GOBP_ICOSANOID_TRANSPORT	False	False	False	True	False	True
GOBP_IMIDAZOLE_CONTAINING_COMPOUND_METABOLIC_PROCESS	False	False	True	True	True	True
GOBP_IMMATURE_B_CELL_DIFFERENTIATION	False	False	True	True	True	True
GOBP_IMMATURE_T_CELL_PROLIFERATION	False	False	False	True	False	True
GOBP_IMMUNE_COMPLEX_CLEARANCE	False	False	True	True	True	True
GOBP_IMMUNE_EFFECTOR_PROCESS	False	False	False	False	False	False
GOBP_IMMUNE_RESPONSE_INHIBITING_CELL_SURFACE_RECEPTOR_SIGNALING_PATHWAY	False	False	True	True	True	True
GOBP_IMMUNE_RESPONSE_REGULATING_CELL_SURFACE_RECEPTOR_SIGNALING_PATHWAY	False	False	False	False	False	False
GOBP_IMMUNE_RESPONSE_REGULATING_CELL_SURFACE_RECEPTOR_SIGNALING_PATHWAY_INVOLVED_IN_PHAGOCYTOSIS	False	False	True	True	True	True
GOBP_IMMUNE_RESPONSE_REGULATING_SIGNALING_PATHWAY	True	False	False	False	False	False
GOBP_IMMUNE_RESPONSE_TO_TUMOR_CELL	False	False	False	True	False	True
GOBP_IMMUNE_SYSTEM_DEVELOPMENT	False	False	False	False	False	False
GOBP_IMMUNOGLOBULIN_PRODUCTION	False	False	False	False	False	False
GOBP_IMMUNOGLOBULIN_PRODUCTION_INVOLVED_IN_IMMUNOGLOBULIN_MEDIATED_IMMUNE_RESPONSE	False	False	False	True	False	True
GOBP_IMMUNOGLOBULIN_V_D_J_RECOMBINATION	False	False	False	True	False	True
GOBP_IMMUNOLOGICAL_MEMORY_FORMATION_PROCESS	False	False	True	True	True	True
GOBP_IMMUNOLOGICAL_MEMORY_PROCESS	False	False	False	False	False	False
GOBP_IMMUNOLOGICAL_SYNAPSE_FORMATION	False	False	False	False	False	False
GOBP_IMPORT_ACROSS_PLASMA_MEMBRANE	False	False	False	False	False	False
GOBP_IMPORT_INTO_CELL	True	False	False	False	False	False
GOBP_IMPORT_INTO_NUCLEUS	True	False	False	False	False	False
GOBP_IMPORT_INTO_THE_MITOCHONDRION	False	False	False	True	False	True
GOBP_IMP_BIOSYNTHETIC_PROCESS	False	False	True	True	True	True
GOBP_IMP_CATABOLIC_PROCESS	False	False	False	False	False	False
GOBP_IMP_METABOLIC_PROCESS	False	False	True	True	True	True
GOBP_INCLUSION_BODY_ASSEMBLY	False	False	False	True	False	True
GOBP_INDOLALKYLAMINE_METABOLIC_PROCESS	False	False	True	True	True	True
GOBP_INDOLE_CONTAINING_COMPOUND_BIOSYNTHETIC_PROCESS	False	False	True	True	True	True
GOBP_INDOLE_CONTAINING_COMPOUND_METABOLIC_PROCESS	False	False	True	True	True	True
GOBP_INDUCTION_OF_BACTERIAL_AGGLUTINATION	False	False	False	True	False	True
GOBP_INDUCTION_OF_POSITIVE_CHEMOTAXIS	False	False	True	True	True	True
GOBP_INFLAMMASOME_MEDIATED_SIGNALING_PATHWAY	False	False	False	True	False	True
GOBP_INFLAMMATORY_CELL_APOPTOTIC_PROCESS	False	False	False	True	False	True
GOBP_INFLAMMATORY_RESPONSE	True	True	False	False	False	False
GOBP_INFLAMMATORY_RESPONSE_TO_ANTIGENIC_STIMULUS	False	False	False	False	False	False
GOBP_INFLAMMATORY_RESPONSE_TO_WOUNDING	False	False	False	False	False	False
GOBP_INHIBITION_OF_NEUROEPITHELIAL_CELL_DIFFERENTIATION	False	False	False	False	False	False
GOBP_INHIBITORY_POSTSYNAPTIC_POTENTIAL	False	False	True	True	True	True
GOBP_INHIBITORY_SYNAPSE_ASSEMBLY	False	False	True	True	True	True
GOBP_INNATE_IMMUNE_RESPONSE_ACTIVATING_CELL_SURFACE_RECEPTOR_SIGNALING_PATHWAY	False	False	False	True	False	True
GOBP_INNATE_IMMUNE_RESPONSE_IN_MUCOSA	False	False	False	True	False	True
GOBP_INNERVATION	False	False	False	True	False	True
GOBP_INNER_CELL_MASS_CELL_DIFFERENTIATION	False	False	True	True	True	True
GOBP_INNER_CELL_MASS_CELL_PROLIFERATION	False	False	True	True	True	True
GOBP_INNER_DYNEIN_ARM_ASSEMBLY	False	False	True	True	True	True
GOBP_INNER_EAR_MORPHOGENESIS	False	False	False	True	False	True
GOBP_INNER_EAR_RECEPTOR_CELL_DEVELOPMENT	False	False	False	True	False	True
GOBP_INNER_EAR_RECEPTOR_CELL_STEREOCILIUM_ORGANIZATION	False	False	False	True	False	True
GOBP_INNER_MITOCHONDRIAL_MEMBRANE_ORGANIZATION	False	False	False	True	False	True
GOBP_INORGANIC_ANION_TRANSMEMBRANE_TRANSPORT	False	False	False	False	False	False
GOBP_INORGANIC_ANION_TRANSPORT	False	False	False	False	False	False
GOBP_INORGANIC_ION_HOMEOSTASIS	True	False	False	False	False	False
GOBP_INORGANIC_ION_IMPORT_ACROSS_PLASMA_MEMBRANE	False	False	False	False	False	False
GOBP_INOSINE_METABOLIC_PROCESS	False	False	True	True	True	True
GOBP_INOSITOL_METABOLIC_PROCESS	False	False	True	True	True	True
GOBP_INOSITOL_PHOSPHATE_BIOSYNTHETIC_PROCESS	False	False	True	True	True	True
GOBP_INOSITOL_PHOSPHATE_METABOLIC_PROCESS	False	False	False	True	False	True
GOBP_INOSITOL_TRISPHOSPHATE_BIOSYNTHETIC_PROCESS	False	False	True	True	True	True
GOBP_INOSITOL_TRISPHOSPHATE_METABOLIC_PROCESS	False	False	True	True	True	True
GOBP_INSEMINATION	False	False	True	True	True	True
GOBP_INSULIN_LIKE_GROWTH_FACTOR_RECEPTOR_SIGNALING_PATHWAY	False	False	False	True	False	True
GOBP_INSULIN_METABOLIC_PROCESS	False	False	False	True	False	True
GOBP_INSULIN_PROCESSING	False	False	True	True	True	True
GOBP_INSULIN_RECEPTOR_SIGNALING_PATHWAY	False	False	False	True	False	True
GOBP_INSULIN_SECRETION	False	False	False	True	False	True
GOBP_INSULIN_SECRETION_INVOLVED_IN_CELLULAR_RESPONSE_TO_GLUCOSE_STIMULUS	False	False	False	True	False	True
GOBP_INTEGRATED_STRESS_RESPONSE_SIGNALING	False	False	False	False	False	True
GOBP_INTEGRIN_ACTIVATION	False	False	False	True	False	True
GOBP_INTEGRIN_BIOSYNTHETIC_PROCESS	False	False	True	True	True	True
GOBP_INTEGRIN_MEDIATED_SIGNALING_PATHWAY	False	False	False	False	False	False
GOBP_INTERCELLULAR_TRANSPORT	False	False	True	True	True	True
GOBP_INTERFERON_ALPHA_PRODUCTION	False	False	False	True	False	True
GOBP_INTERFERON_BETA_PRODUCTION	False	False	False	True	False	True
GOBP_INTERFERON_MEDIATED_SIGNALING_PATHWAY	False	False	False	True	False	True
GOBP_INTERLEUKIN_10_MEDIATED_SIGNALING_PATHWAY	False	False	True	True	True	True
GOBP_INTERLEUKIN_10_PRODUCTION	False	False	False	False	False	False
GOBP_INTERLEUKIN_12_MEDIATED_SIGNALING_PATHWAY	False	False	True	True	True	True
GOBP_INTERLEUKIN_12_PRODUCTION	False	False	False	False	False	True
GOBP_INTERLEUKIN_13_PRODUCTION	False	False	False	True	False	True
GOBP_INTERLEUKIN_17_MEDIATED_SIGNALING_PATHWAY	False	False	False	False	False	False
GOBP_INTERLEUKIN_17_PRODUCTION	False	False	False	True	False	True
GOBP_INTERLEUKIN_18_PRODUCTION	False	False	True	True	True	True
GOBP_INTERLEUKIN_1_ALPHA_PRODUCTION	False	False	True	True	True	True
GOBP_INTERLEUKIN_1_BETA_PRODUCTION	False	False	False	True	False	True
GOBP_INTERLEUKIN_1_MEDIATED_SIGNALING_PATHWAY	False	False	False	True	False	True
GOBP_INTERLEUKIN_1_PRODUCTION	False	False	False	False	False	False
GOBP_INTERLEUKIN_23_MEDIATED_SIGNALING_PATHWAY	False	False	False	True	False	True
GOBP_INTERLEUKIN_23_PRODUCTION	False	False	True	True	True	True
GOBP_INTERLEUKIN_27_MEDIATED_SIGNALING_PATHWAY	False	False	False	True	False	True
GOBP_INTERLEUKIN_2_MEDIATED_SIGNALING_PATHWAY	False	False	True	True	True	True
GOBP_INTERLEUKIN_2_PRODUCTION	False	False	False	False	False	False
GOBP_INTERLEUKIN_3_MEDIATED_SIGNALING_PATHWAY	False	False	True	True	True	True
GOBP_INTERLEUKIN_4_MEDIATED_SIGNALING_PATHWAY	False	False	False	True	False	True
GOBP_INTERLEUKIN_4_PRODUCTION	False	False	False	False	False	False
GOBP_INTERLEUKIN_5_MEDIATED_SIGNALING_PATHWAY	False	False	True	True	True	True
GOBP_INTERLEUKIN_5_PRODUCTION	False	False	True	True	True	True
GOBP_INTERLEUKIN_6_MEDIATED_SIGNALING_PATHWAY	False	False	False	True	False	True
GOBP_INTERLEUKIN_6_PRODUCTION	False	False	False	False	False	False
GOBP_INTERLEUKIN_7_MEDIATED_SIGNALING_PATHWAY	False	False	False	True	False	True
GOBP_INTERLEUKIN_8_PRODUCTION	False	False	False	False	False	False
GOBP_INTERMEDIATE_FILAMENT_BASED_PROCESS	False	False	False	False	False	False
GOBP_INTERMEDIATE_FILAMENT_BUNDLE_ASSEMBLY	False	False	False	False	False	True
GOBP_INTERMEDIATE_FILAMENT_ORGANIZATION	False	False	False	False	False	True
GOBP_INTERMEMBRANE_LIPID_TRANSFER	False	False	False	True	False	True
GOBP_INTERNAL_PEPTIDYL_LYSINE_ACETYLATION	False	False	False	False	False	False
GOBP_INTERNEURON_MIGRATION	False	False	True	True	True	True
GOBP_INTERNEURON_MIGRATION_FROM_THE_SUBPALLIUM_TO_THE_CORTEX	False	False	False	False	False	False
GOBP_INTERSTRAND_CROSS_LINK_REPAIR	False	False	True	True	True	True
GOBP_INTESTINAL_ABSORPTION	False	False	False	True	False	True
GOBP_INTESTINAL_CHOLESTEROL_ABSORPTION	False	False	True	True	True	True
GOBP_INTESTINAL_EPITHELIAL_CELL_DEVELOPMENT	False	False	True	True	True	True
GOBP_INTESTINAL_EPITHELIAL_CELL_DIFFERENTIATION	False	False	False	True	False	True
GOBP_INTESTINAL_EPITHELIAL_STRUCTURE_MAINTENANCE	False	False	False	True	False	True
GOBP_INTESTINAL_HEXOSE_ABSORPTION	False	False	False	True	False	True
GOBP_INTESTINAL_LIPID_ABSORPTION	False	False	False	True	False	True
GOBP_INTESTINAL_STEM_CELL_HOMEOSTASIS	False	False	True	True	True	True
GOBP_INTESTINE_SMOOTH_MUSCLE_CONTRACTION	False	False	True	True	True	True
GOBP_INTRACELLULAR_AMINO_ACID_HOMEOSTASIS	False	False	True	True	True	True
GOBP_INTRACELLULAR_COPPER_ION_HOMEOSTASIS	False	False	False	True	False	True
GOBP_INTRACELLULAR_DISTRIBUTION_OF_MITOCHONDRIA	False	False	True	True	True	True
GOBP_INTRACELLULAR_GLUCOSE_HOMEOSTASIS	False	False	False	True	False	True
GOBP_INTRACELLULAR_GLUTAMATE_HOMEOSTASIS	False	False	False	False	False	False
GOBP_INTRACELLULAR_IRON_ION_HOMEOSTASIS	False	False	False	True	False	True
GOBP_INTRACELLULAR_LIPID_TRANSPORT	False	False	False	True	False	True
GOBP_INTRACELLULAR_MAGNESIUM_ION_HOMEOSTASIS	False	False	False	False	False	False
GOBP_INTRACELLULAR_MONOATOMIC_ANION_HOMEOSTASIS	False	False	True	True	True	True
GOBP_INTRACELLULAR_MONOATOMIC_ION_HOMEOSTASIS	True	False	False	False	False	False
GOBP_INTRACELLULAR_MRNA_LOCALIZATION	False	False	False	True	False	True
GOBP_INTRACELLULAR_OXYGEN_HOMEOSTASIS	False	False	True	True	True	True
GOBP_INTRACELLULAR_PHOSPHATE_ION_HOMEOSTASIS	False	False	False	False	False	False
GOBP_INTRACELLULAR_PH_ELEVATION	False	False	True	True	True	True
GOBP_INTRACELLULAR_PH_REDUCTION	False	False	False	True	False	True
GOBP_INTRACELLULAR_POTASSIUM_ION_HOMEOSTASIS	False	False	False	True	False	True
GOBP_INTRACELLULAR_PROTEIN_TRANSMEMBRANE_TRANSPORT	False	False	False	True	False	True
GOBP_INTRACELLULAR_PROTEIN_TRANSPORT	True	False	False	False	False	False
GOBP_INTRACELLULAR_RECEPTOR_SIGNALING_PATHWAY	True	False	False	False	False	False
GOBP_INTRACELLULAR_SODIUM_ION_HOMEOSTASIS	False	False	False	True	False	True
GOBP_INTRACELLULAR_STEROL_TRANSPORT	False	False	False	True	False	True
GOBP_INTRACELLULAR_TRANSPORT	True	False	False	False	False	False
GOBP_INTRACELLULAR_TRIGLYCERIDE_HOMEOSTASIS	False	False	True	True	True	True
GOBP_INTRACELLULAR_WATER_HOMEOSTASIS	False	False	True	True	True	True
GOBP_INTRACELLULAR_ZINC_ION_HOMEOSTASIS	False	False	False	True	False	True
GOBP_INTRACILIARY_TRANSPORT	False	False	True	True	True	True
GOBP_INTRACILIARY_TRANSPORT_INVOLVED_IN_CILIUM_ASSEMBLY	False	False	True	True	True	True
GOBP_INTRA_GOLGI_VESICLE_MEDIATED_TRANSPORT	False	False	True	True	True	True
GOBP_INTRINSIC_APOPTOTIC_SIGNALING_PATHWAY	True	False	False	False	False	False
GOBP_INTRINSIC_APOPTOTIC_SIGNALING_PATHWAY_BY_P53_CLASS_MEDIATOR	True	False	False	False	False	False
GOBP_INTRINSIC_APOPTOTIC_SIGNALING_PATHWAY_IN_RESPONSE_TO_DNA_DAMAGE	False	False	False	False	False	False
GOBP_INTRINSIC_APOPTOTIC_SIGNALING_PATHWAY_IN_RESPONSE_TO_DNA_DAMAGE_BY_P53_CLASS_MEDIATOR	False	False	False	True	False	True
GOBP_INTRINSIC_APOPTOTIC_SIGNALING_PATHWAY_IN_RESPONSE_TO_ENDOPLASMIC_RETICULUM_STRESS	False	False	False	True	False	True
GOBP_INTRINSIC_APOPTOTIC_SIGNALING_PATHWAY_IN_RESPONSE_TO_HYDROGEN_PEROXIDE	False	False	True	True	True	True
GOBP_INTRINSIC_APOPTOTIC_SIGNALING_PATHWAY_IN_RESPONSE_TO_HYPOXIA	False	False	False	True	False	True
GOBP_INTRINSIC_APOPTOTIC_SIGNALING_PATHWAY_IN_RESPONSE_TO_OSMOTIC_STRESS	False	False	False	True	False	True
GOBP_INTRINSIC_APOPTOTIC_SIGNALING_PATHWAY_IN_RESPONSE_TO_OXIDATIVE_STRESS	False	False	False	True	False	True
GOBP_INVOLUNTARY_SKELETAL_MUSCLE_CONTRACTION	False	False	True	True	True	True
GOBP_IN_UTERO_EMBRYONIC_DEVELOPMENT	True	False	False	False	False	False
GOBP_IODIDE_TRANSPORT	False	False	True	True	True	True
GOBP_IONOTROPIC_GLUTAMATE_RECEPTOR_SIGNALING_PATHWAY	False	False	True	True	True	True
GOBP_IRE1_MEDIATED_UNFOLDED_PROTEIN_RESPONSE	False	False	False	False	False	False
GOBP_IRES_DEPENDENT_VIRAL_TRANSLATIONAL_INITIATION	False	False	True	True	True	True
GOBP_IRIS_MORPHOGENESIS	False	False	True	True	True	True
GOBP_IRON_COORDINATION_ENTITY_TRANSPORT	False	False	False	False	False	False
GOBP_IRON_IMPORT_INTO_CELL	False	False	True	True	True	True
GOBP_IRON_ION_IMPORT_ACROSS_PLASMA_MEMBRANE	False	False	False	False	False	False
GOBP_IRON_ION_TRANSMEMBRANE_TRANSPORT	False	False	False	True	False	True
GOBP_IRON_ION_TRANSPORT	False	False	False	False	False	False
GOBP_ISG15_PROTEIN_CONJUGATION	False	False	True	True	True	True
GOBP_ISOCITRATE_METABOLIC_PROCESS	False	False	False	True	True	True
GOBP_ISOLEUCINE_METABOLIC_PROCESS	False	False	True	True	True	True
GOBP_ISOLEUCINE_TRANSPORT	False	False	True	True	True	True
GOBP_ISOPENTENYL_DIPHOSPHATE_BIOSYNTHETIC_PROCESS	False	False	True	True	True	True
GOBP_ISOPRENOID_BIOSYNTHETIC_PROCESS	False	False	False	True	False	True
GOBP_ISOPRENOID_CATABOLIC_PROCESS	False	False	True	True	True	True
GOBP_ISOPRENOID_METABOLIC_PROCESS	False	False	False	True	False	False
GOBP_ISOTYPE_SWITCHING_TO_IGA_ISOTYPES	False	False	True	True	True	True
GOBP_ISOTYPE_SWITCHING_TO_IGG_ISOTYPES	False	False	True	True	True	True
GOBP_JNK_CASCADE	False	False	False	True	False	True
GOBP_KERATAN_SULFATE_PROTEOGLYCAN_METABOLIC_PROCESS	False	False	False	True	False	True
GOBP_KERATINIZATION	False	False	False	True	True	True
GOBP_KERATINOCYTE_APOPTOTIC_PROCESS	False	False	False	True	False	True
GOBP_KERATINOCYTE_DEVELOPMENT	False	False	True	True	True	True
GOBP_KERATINOCYTE_DIFFERENTIATION	False	False	False	False	False	False
GOBP_KERATINOCYTE_MIGRATION	False	False	False	True	False	True
GOBP_KERATINOCYTE_PROLIFERATION	False	False	False	False	False	False
GOBP_KETONE_BIOSYNTHETIC_PROCESS	False	False	False	True	False	True
GOBP_KETONE_BODY_BIOSYNTHETIC_PROCESS	False	False	True	True	True	True
GOBP_KETONE_BODY_METABOLIC_PROCESS	False	False	False	True	False	True
GOBP_KETONE_CATABOLIC_PROCESS	False	False	True	True	True	True
GOBP_KETONE_METABOLIC_PROCESS	False	False	False	False	False	False
GOBP_KIDNEY_EPITHELIUM_DEVELOPMENT	False	False	False	False	False	False
GOBP_KIDNEY_MESENCHYME_DEVELOPMENT	False	False	False	True	False	True
GOBP_KIDNEY_MORPHOGENESIS	False	False	False	False	False	False
GOBP_KINETOCHORE_ASSEMBLY	False	False	True	True	True	True
GOBP_KINETOCHORE_ORGANIZATION	False	False	False	True	False	True
GOBP_KYNURENINE_METABOLIC_PROCESS	False	False	True	True	True	True
GOBP_LABYRINTHINE_LAYER_BLOOD_VESSEL_DEVELOPMENT	False	False	False	True	False	True
GOBP_LABYRINTHINE_LAYER_DEVELOPMENT	False	False	False	True	False	True
GOBP_LACRIMAL_GLAND_DEVELOPMENT	False	False	True	True	True	True
GOBP_LACTATE_METABOLIC_PROCESS	False	False	True	True	True	True
GOBP_LACTATE_TRANSPORT	False	False	True	True	True	True
GOBP_LACTATION	False	False	False	True	False	True
GOBP_LACTONE_METABOLIC_PROCESS	False	False	False	True	False	True
GOBP_LAMELLIPODIUM_ASSEMBLY	False	False	False	True	False	True
GOBP_LAMELLIPODIUM_MORPHOGENESIS	False	False	True	True	True	True
GOBP_LAMELLIPODIUM_ORGANIZATION	False	False	False	False	False	False
GOBP_LATERAL_MESODERM_DEVELOPMENT	False	False	True	True	True	True
GOBP_LATERAL_MESODERM_MORPHOGENESIS	False	False	True	True	True	True
GOBP_LATERAL_SPROUTING_FROM_AN_EPITHELIUM	False	False	False	True	False	True
GOBP_LATERAL_VENTRICLE_DEVELOPMENT	False	False	True	True	True	True
GOBP_LATE_ENDOSOME_TO_LYSOSOME_TRANSPORT	False	False	True	True	True	True
GOBP_LATE_ENDOSOME_TO_VACUOLE_TRANSPORT	False	False	True	True	True	True
GOBP_LATE_ENDOSOME_TO_VACUOLE_TRANSPORT_VIA_MULTIVESICULAR_BODY_SORTING_PATHWAY	False	False	True	True	True	True
GOBP_LAYER_FORMATION_IN_CEREBRAL_CORTEX	False	False	False	False	False	False
GOBP_LEARNED_VOCALIZATION_BEHAVIOR_OR_VOCAL_LEARNING	False	False	True	True	True	True
GOBP_LEARNING	False	False	False	True	False	True
GOBP_LEFT_RIGHT_AXIS_SPECIFICATION	False	False	True	True	True	True
GOBP_LENS_DEVELOPMENT_IN_CAMERA_TYPE_EYE	False	False	False	True	False	True
GOBP_LENS_FIBER_CELL_DEVELOPMENT	False	False	False	False	False	False
GOBP_LENS_FIBER_CELL_DIFFERENTIATION	False	False	False	True	True	True
GOBP_LENS_FIBER_CELL_MORPHOGENESIS	False	False	True	True	True	True
GOBP_LENS_MORPHOGENESIS_IN_CAMERA_TYPE_EYE	False	False	True	True	True	True
GOBP_LEUKOCYTE_ACTIVATION_INVOLVED_IN_INFLAMMATORY_RESPONSE	False	False	False	False	False	False
GOBP_LEUKOCYTE_ADHESION_TO_ARTERIAL_ENDOTHELIAL_CELL	False	False	True	True	True	True
GOBP_LEUKOCYTE_ADHESION_TO_VASCULAR_ENDOTHELIAL_CELL	False	False	False	True	False	True
GOBP_LEUKOCYTE_AGGREGATION	False	False	False	True	False	True
GOBP_LEUKOCYTE_APOPTOTIC_PROCESS	False	False	False	False	False	False
GOBP_LEUKOCYTE_CELL_CELL_ADHESION	True	False	False	False	False	False
GOBP_LEUKOCYTE_CHEMOTAXIS	False	False	False	False	False	False
GOBP_LEUKOCYTE_CHEMOTAXIS_INVOLVED_IN_INFLAMMATORY_RESPONSE	False	False	False	True	False	True
GOBP_LEUKOCYTE_DEGRANULATION	False	False	False	False	False	False
GOBP_LEUKOCYTE_DIFFERENTIATION	True	False	False	False	False	False
GOBP_LEUKOCYTE_HOMEOSTASIS	False	False	False	False	False	False
GOBP_LEUKOCYTE_MEDIATED_CYTOTOXICITY	False	False	False	False	False	False
GOBP_LEUKOCYTE_MEDIATED_IMMUNITY	False	False	False	False	False	False
GOBP_LEUKOCYTE_MIGRATION	False	False	False	False	False	False
GOBP_LEUKOCYTE_MIGRATION_INVOLVED_IN_INFLAMMATORY_RESPONSE	False	False	False	True	False	True
GOBP_LEUKOCYTE_PROLIFERATION	True	False	False	False	False	False
GOBP_LEUKOCYTE_TETHERING_OR_ROLLING	False	False	False	True	False	True
GOBP_LEUKOTRIENE_B4_METABOLIC_PROCESS	False	False	False	False	False	False
GOBP_LEUKOTRIENE_BIOSYNTHETIC_PROCESS	False	False	True	True	True	True
GOBP_LEUKOTRIENE_CATABOLIC_PROCESS	False	False	False	False	False	False
GOBP_LEUKOTRIENE_D4_BIOSYNTHETIC_PROCESS	False	False	False	True	False	True
GOBP_LEUKOTRIENE_D4_METABOLIC_PROCESS	False	False	False	True	False	True
GOBP_LEUKOTRIENE_METABOLIC_PROCESS	False	False	False	True	False	True
GOBP_LEUKOTRIENE_TRANSPORT	False	False	True	True	True	True
GOBP_LEYDIG_CELL_DIFFERENTIATION	False	False	True	True	True	True
GOBP_LIGAND_GATED_ION_CHANNEL_SIGNALING_PATHWAY	False	False	True	True	True	True
GOBP_LIMBIC_SYSTEM_DEVELOPMENT	False	False	False	True	False	True
GOBP_LIMB_BUD_FORMATION	False	False	False	True	False	True
GOBP_LIMB_JOINT_MORPHOGENESIS	False	False	False	False	False	False
GOBP_LINOLEIC_ACID_METABOLIC_PROCESS	False	False	True	True	True	True
GOBP_LIPID_BIOSYNTHETIC_PROCESS	True	False	False	False	False	False
GOBP_LIPID_CATABOLIC_PROCESS	True	False	False	False	False	False
GOBP_LIPID_DIGESTION	False	False	True	True	True	True
GOBP_LIPID_DROPLET_FORMATION	False	False	False	True	False	True
GOBP_LIPID_DROPLET_ORGANIZATION	False	False	False	True	False	True
GOBP_LIPID_EXPORT_FROM_CELL	False	False	False	True	False	False
GOBP_LIPID_GLYCOSYLATION	False	False	True	True	True	True
GOBP_LIPID_HOMEOSTASIS	False	False	False	False	False	False
GOBP_LIPID_HYDROXYLATION	False	False	True	True	True	True
GOBP_LIPID_IMPORT_INTO_CELL	False	False	False	True	False	True
GOBP_LIPID_LOCALIZATION	True	False	False	False	False	False
GOBP_LIPID_METABOLIC_PROCESS	True	False	False	False	False	False
GOBP_LIPID_MODIFICATION	True	False	False	False	False	False
GOBP_LIPID_OXIDATION	False	False	False	False	False	False
GOBP_LIPID_PHOSPHORYLATION	False	False	True	True	True	True
GOBP_LIPID_TRANSPORT_ACROSS_BLOOD_BRAIN_BARRIER	False	False	False	False	False	False
GOBP_LIPOPOLYSACCHARIDE_MEDIATED_SIGNALING_PATHWAY	False	False	False	True	False	True
GOBP_LIPOPROTEIN_BIOSYNTHETIC_PROCESS	False	False	False	True	False	True
GOBP_LIPOPROTEIN_CATABOLIC_PROCESS	False	False	False	False	False	False
GOBP_LIPOPROTEIN_LOCALIZATION	False	False	False	True	False	True
GOBP_LIPOPROTEIN_METABOLIC_PROCESS	False	False	False	False	False	False
GOBP_LIPOPROTEIN_PARTICLE_MEDIATED_SIGNALING	False	False	True	True	True	True
GOBP_LIPOSACCHARIDE_METABOLIC_PROCESS	False	False	False	True	False	True
GOBP_LIPOXIN_METABOLIC_PROCESS	False	False	True	True	True	True
GOBP_LIPOXYGENASE_PATHWAY	False	False	True	True	True	True
GOBP_LIVER_MORPHOGENESIS	False	False	False	True	False	True
GOBP_LIVER_REGENERATION	False	False	False	True	False	True
GOBP_LNCRNA_TRANSCRIPTION	False	False	False	False	False	False
GOBP_LOBAR_BRONCHUS_DEVELOPMENT	False	False	True	True	True	True
GOBP_LOBAR_BRONCHUS_EPITHELIUM_DEVELOPMENT	False	False	False	False	False	False
GOBP_LOCALIZATION_OF_CELL	False	False	True	True	True	True
GOBP_LOCALIZATION_WITHIN_MEMBRANE	True	False	False	False	False	False
GOBP_LOCOMOTION	True	False	False	False	False	False
GOBP_LOCOMOTION_INVOLVED_IN_LOCOMOTORY_BEHAVIOR	False	False	False	True	False	True
GOBP_LOCOMOTORY_BEHAVIOR	False	False	False	True	False	True
GOBP_LOCOMOTORY_EXPLORATION_BEHAVIOR	False	False	True	True	True	True
GOBP_LOCOMOTOR_RHYTHM	False	False	False	False	False	False
GOBP_LONG_CHAIN_FATTY_ACID_BIOSYNTHETIC_PROCESS	False	False	False	False	False	False
GOBP_LONG_CHAIN_FATTY_ACID_CATABOLIC_PROCESS	False	False	False	False	False	False
GOBP_LONG_CHAIN_FATTY_ACID_IMPORT_ACROSS_PLASMA_MEMBRANE	False	False	True	True	True	True
GOBP_LONG_CHAIN_FATTY_ACID_IMPORT_INTO_CELL	False	False	False	True	False	True
GOBP_LONG_CHAIN_FATTY_ACID_METABOLIC_PROCESS	False	False	False	False	False	False
GOBP_LONG_CHAIN_FATTY_ACID_TRANSPORT	False	False	False	False	False	False
GOBP_LONG_CHAIN_FATTY_ACYL_COA_BIOSYNTHETIC_PROCESS	False	False	True	True	True	True
GOBP_LONG_CHAIN_FATTY_ACYL_COA_METABOLIC_PROCESS	False	False	False	True	False	True
GOBP_LONG_TERM_MEMORY	False	False	False	False	False	False
GOBP_LONG_TERM_SYNAPTIC_DEPRESSION	False	False	True	True	True	True
GOBP_LONG_TERM_SYNAPTIC_POTENTIATION	False	False	False	True	False	True
GOBP_LOOP_OF_HENLE_DEVELOPMENT	False	False	True	True	True	True
GOBP_LOW_DENSITY_LIPOPROTEIN_PARTICLE_CLEARANCE	False	False	False	True	False	True
GOBP_LOW_DENSITY_LIPOPROTEIN_PARTICLE_REMODELING	False	False	True	True	True	True
GOBP_LOW_DENSITY_LIPOPROTEIN_RECEPTOR_PARTICLE_METABOLIC_PROCESS	False	False	False	True	False	True
GOBP_LUNG_ALVEOLUS_DEVELOPMENT	False	False	False	False	False	False
GOBP_LUNG_ASSOCIATED_MESENCHYME_DEVELOPMENT	False	False	True	True	True	True
GOBP_LUNG_CELL_DIFFERENTIATION	False	False	False	True	False	True
GOBP_LUNG_EPITHELIUM_DEVELOPMENT	False	False	False	True	False	True
GOBP_LUNG_GROWTH	False	False	True	True	True	True
GOBP_LUNG_LOBE_DEVELOPMENT	False	False	True	True	True	True
GOBP_LUNG_MORPHOGENESIS	False	False	False	True	False	True
GOBP_LUNG_SACCULE_DEVELOPMENT	False	False	True	True	True	True
GOBP_LUNG_SECRETORY_CELL_DIFFERENTIATION	False	False	True	True	True	True
GOBP_LUNG_VASCULATURE_DEVELOPMENT	False	False	False	True	False	True
GOBP_LUTEINIZATION	False	False	True	True	True	True
GOBP_LUTEINIZING_HORMONE_SECRETION	False	False	True	True	True	True
GOBP_LUTEOLYSIS	False	False	True	True	True	True
GOBP_LYMPHANGIOGENESIS	False	False	False	True	False	True
GOBP_LYMPHATIC_ENDOTHELIAL_CELL_DIFFERENTIATION	False	False	True	True	True	True
GOBP_LYMPHOCYTE_ACTIVATION	True	True	False	False	False	False
GOBP_LYMPHOCYTE_ACTIVATION_INVOLVED_IN_IMMUNE_RESPONSE	False	False	False	False	False	False
GOBP_LYMPHOCYTE_AGGREGATION	False	False	True	True	True	True
GOBP_LYMPHOCYTE_ANERGY	False	False	True	True	True	True
GOBP_LYMPHOCYTE_APOPTOTIC_PROCESS	False	False	False	False	False	False
GOBP_LYMPHOCYTE_CHEMOTAXIS	False	False	False	True	False	True
GOBP_LYMPHOCYTE_COSTIMULATION	False	False	False	False	False	True
GOBP_LYMPHOCYTE_DIFFERENTIATION	True	False	False	False	False	False
GOBP_LYMPHOCYTE_HOMEOSTASIS	False	False	False	False	False	False
GOBP_LYMPHOCYTE_MEDIATED_IMMUNITY	False	False	False	False	False	False
GOBP_LYMPHOCYTE_MIGRATION	False	False	False	False	False	False
GOBP_LYMPHOCYTE_MIGRATION_INTO_LYMPHOID_ORGANS	False	False	True	True	True	True
GOBP_LYMPHOID_PROGENITOR_CELL_DIFFERENTIATION	False	False	True	True	True	True
GOBP_LYMPH_NODE_DEVELOPMENT	False	False	False	True	False	True
GOBP_LYMPH_VESSEL_DEVELOPMENT	False	False	False	True	False	True
GOBP_LYMPH_VESSEL_MORPHOGENESIS	False	False	False	True	False	True
GOBP_LYSINE_METABOLIC_PROCESS	False	False	True	True	True	True
GOBP_LYSOSOMAL_LUMEN_ACIDIFICATION	False	False	False	True	False	True
GOBP_LYSOSOMAL_MEMBRANE_ORGANIZATION	False	False	False	True	False	True
GOBP_LYSOSOMAL_TRANSPORT	False	False	False	True	False	True
GOBP_LYTIC_VACUOLE_ORGANIZATION	False	False	False	True	False	True
GOBP_L_ALANINE_TRANSMEMBRANE_TRANSPORT	False	False	False	False	False	False
GOBP_L_ALANINE_TRANSPORT	False	False	True	True	True	True
GOBP_L_ALPHA_AMINO_ACID_TRANSMEMBRANE_TRANSPORT	False	False	False	True	False	True
GOBP_L_AMINO_ACID_CATABOLIC_PROCESS	False	False	False	True	False	True
GOBP_L_AMINO_ACID_TRANSPORT	False	False	False	True	False	True
GOBP_L_ARGININE_BIOSYNTHETIC_PROCESS	False	False	False	True	False	True
GOBP_L_ARGININE_IMPORT_ACROSS_PLASMA_MEMBRANE	False	False	True	True	True	True
GOBP_L_ARGININE_TRANSMEMBRANE_TRANSPORT	False	False	True	True	True	True
GOBP_L_ASCORBIC_ACID_METABOLIC_PROCESS	False	False	False	True	False	True
GOBP_L_ASPARTATE_IMPORT_ACROSS_PLASMA_MEMBRANE	False	False	True	True	True	True
GOBP_L_ASPARTATE_TRANSMEMBRANE_TRANSPORT	False	False	True	True	True	True
GOBP_L_CYSTINE_TRANSPORT	False	False	True	True	True	True
GOBP_L_GLUTAMATE_IMPORT	False	False	False	True	False	True
GOBP_L_GLUTAMATE_IMPORT_ACROSS_PLASMA_MEMBRANE	False	False	True	True	True	True
GOBP_L_GLUTAMATE_TRANSMEMBRANE_TRANSPORT	False	False	False	True	False	True
GOBP_L_GLUTAMINE_IMPORT_ACROSS_PLASMA_MEMBRANE	False	False	False	True	False	True
GOBP_L_HISTIDINE_METABOLIC_PROCESS	False	False	True	True	True	True
GOBP_L_HISTIDINE_TRANSMEMBRANE_TRANSPORT	False	False	True	True	True	True
GOBP_L_KYNURENINE_METABOLIC_PROCESS	False	False	True	True	True	True
GOBP_L_LEUCINE_METABOLIC_PROCESS	False	False	True	True	True	True
GOBP_L_LEUCINE_TRANSPORT	False	False	True	True	True	True
GOBP_L_LYSINE_TRANSPORT	False	False	True	True	True	True
GOBP_L_PHENYLALANINE_METABOLIC_PROCESS	False	False	True	True	True	True
GOBP_L_PROLINE_TRANSMEMBRANE_TRANSPORT	False	False	True	True	True	True
GOBP_L_SERINE_BIOSYNTHETIC_PROCESS	False	False	True	True	True	True
GOBP_L_SERINE_METABOLIC_PROCESS	False	False	True	True	True	True
GOBP_L_TRYPTOPHAN_CATABOLIC_PROCESS_TO_KYNURENINE	False	False	True	True	True	True
GOBP_MACROAUTOPHAGY	True	False	False	False	False	False
GOBP_MACROMOLECULE_CATABOLIC_PROCESS	True	False	False	False	False	False
GOBP_MACROMOLECULE_DEACYLATION	False	False	False	False	False	False
GOBP_MACROMOLECULE_METHYLATION	True	False	False	True	False	True
GOBP_MACROPHAGE_ACTIVATION	False	False	False	False	False	False
GOBP_MACROPHAGE_ACTIVATION_INVOLVED_IN_IMMUNE_RESPONSE	False	False	False	True	False	True
GOBP_MACROPHAGE_APOPTOTIC_PROCESS	False	False	False	True	False	True
GOBP_MACROPHAGE_CHEMOTAXIS	False	False	False	True	False	True
GOBP_MACROPHAGE_COLONY_STIMULATING_FACTOR_SIGNALING_PATHWAY	False	False	True	True	True	True
GOBP_MACROPHAGE_CYTOKINE_PRODUCTION	False	False	False	True	False	True
GOBP_MACROPHAGE_DIFFERENTIATION	False	False	False	False	False	True
GOBP_MACROPHAGE_FUSION	False	False	True	True	True	True
GOBP_MACROPHAGE_INFLAMMATORY_PROTEIN_1_ALPHA_PRODUCTION	False	False	True	True	True	True
GOBP_MACROPHAGE_MIGRATION	False	False	False	False	False	False
GOBP_MACROPHAGE_PROLIFERATION	False	False	True	True	True	True
GOBP_MACROPINOCYTOSIS	False	False	True	True	True	True
GOBP_MAGNESIUM_ION_HOMEOSTASIS	False	False	True	True	True	True
GOBP_MAGNESIUM_ION_TRANSPORT	False	False	True	True	True	True
GOBP_MAINTENANCE_OF_ANIMAL_ORGAN_IDENTITY	False	False	False	False	False	False
GOBP_MAINTENANCE_OF_APICAL_BASAL_CELL_POLARITY	False	False	True	True	True	True
GOBP_MAINTENANCE_OF_BLOOD_BRAIN_BARRIER	False	False	False	True	False	True
GOBP_MAINTENANCE_OF_CELL_NUMBER	True	False	False	False	False	False
GOBP_MAINTENANCE_OF_CELL_POLARITY	False	False	True	True	True	True
GOBP_MAINTENANCE_OF_CENTROSOME_LOCATION	False	False	True	True	True	True
GOBP_MAINTENANCE_OF_DNA_REPEAT_ELEMENTS	False	False	True	True	True	True
GOBP_MAINTENANCE_OF_GASTROINTESTINAL_EPITHELIUM	False	False	False	False	False	False
GOBP_MAINTENANCE_OF_LENS_TRANSPARENCY	False	False	True	True	True	True
GOBP_MAINTENANCE_OF_LOCATION	False	False	False	False	False	True
GOBP_MAINTENANCE_OF_ORGANELLE_LOCATION	False	False	True	True	True	True
GOBP_MAINTENANCE_OF_POSTSYNAPTIC_SPECIALIZATION_STRUCTURE	False	False	True	True	True	True
GOBP_MAINTENANCE_OF_PRESYNAPTIC_ACTIVE_ZONE_STRUCTURE	False	False	True	True	True	True
GOBP_MAINTENANCE_OF_PROTEIN_LOCALIZATION_IN_ENDOPLASMIC_RETICULUM	False	False	True	True	True	True
GOBP_MAINTENANCE_OF_PROTEIN_LOCALIZATION_IN_ORGANELLE	False	False	False	True	False	True
GOBP_MAINTENANCE_OF_PROTEIN_LOCATION	False	False	False	False	False	False
GOBP_MAINTENANCE_OF_PROTEIN_LOCATION_IN_EXTRACELLULAR_REGION	False	False	True	True	True	True
GOBP_MAINTENANCE_OF_PROTEIN_LOCATION_IN_MITOCHONDRION	False	False	False	True	False	True
GOBP_MAINTENANCE_OF_PROTEIN_LOCATION_IN_NUCLEUS	False	False	True	True	True	True
GOBP_MAINTENANCE_OF_SISTER_CHROMATID_COHESION	False	False	True	True	True	True
GOBP_MAINTENANCE_OF_SYNAPSE_STRUCTURE	False	False	True	True	True	True
GOBP_MALATE_ASPARTATE_SHUTTLE	False	False	True	True	True	True
GOBP_MALATE_METABOLIC_PROCESS	False	False	True	True	True	True
GOBP_MALE_GAMETE_GENERATION	True	False	False	False	False	False
GOBP_MALE_GENITALIA_DEVELOPMENT	False	False	False	True	False	True
GOBP_MALE_MATING_BEHAVIOR	False	False	True	True	True	True
GOBP_MALE_MEIOSIS_I	False	False	True	True	True	True
GOBP_MALE_MEIOTIC_NUCLEAR_DIVISION	False	False	False	True	False	True
GOBP_MALE_SEX_DETERMINATION	False	False	True	True	True	True
GOBP_MALE_SEX_DIFFERENTIATION	False	False	False	False	False	False
GOBP_MAMMALIAN_OOGENESIS_STAGE	False	False	True	True	True	True
GOBP_MAMMARY_GLAND_ALVEOLUS_DEVELOPMENT	False	False	False	True	False	True
GOBP_MAMMARY_GLAND_BRANCHING_INVOLVED_IN_PREGNANCY	False	False	True	True	True	True
GOBP_MAMMARY_GLAND_DEVELOPMENT	False	False	False	False	False	False
GOBP_MAMMARY_GLAND_DUCT_MORPHOGENESIS	False	False	False	True	False	True
GOBP_MAMMARY_GLAND_EPITHELIAL_CELL_DIFFERENTIATION	False	False	True	True	True	True
GOBP_MAMMARY_GLAND_EPITHELIAL_CELL_PROLIFERATION	False	False	False	True	False	True
GOBP_MAMMARY_GLAND_EPITHELIUM_DEVELOPMENT	False	False	False	True	False	True
GOBP_MAMMARY_GLAND_FORMATION	False	False	True	True	True	True
GOBP_MAMMARY_GLAND_INVOLUTION	False	False	True	True	True	True
GOBP_MAMMARY_GLAND_MORPHOGENESIS	False	False	False	False	False	False
GOBP_MANGANESE_ION_TRANSMEMBRANE_TRANSPORT	False	False	True	True	True	True
GOBP_MANGANESE_ION_TRANSPORT	False	False	False	True	False	True
GOBP_MANNOSYLATION	False	False	True	True	True	True
GOBP_MAPK_CASCADE	True	False	False	False	False	False
GOBP_MARGINAL_ZONE_B_CELL_DIFFERENTIATION	False	False	False	False	False	False
GOBP_MAST_CELL_ACTIVATION	False	False	False	True	False	True
GOBP_MAST_CELL_ACTIVATION_INVOLVED_IN_IMMUNE_RESPONSE	False	False	False	False	False	False
GOBP_MAST_CELL_CHEMOTAXIS	False	False	False	True	False	True
GOBP_MAST_CELL_CYTOKINE_PRODUCTION	False	False	True	True	True	True
GOBP_MAST_CELL_DIFFERENTIATION	False	False	True	True	True	True
GOBP_MAST_CELL_HOMEOSTASIS	False	False	True	True	True	True
GOBP_MAST_CELL_MIGRATION	False	False	True	True	True	True
GOBP_MAST_CELL_PROLIFERATION	False	False	True	True	True	True
GOBP_MATERNAL_PLACENTA_DEVELOPMENT	False	False	False	True	False	True
GOBP_MATERNAL_PROCESS_INVOLVED_IN_FEMALE_PREGNANCY	False	False	False	True	False	True
GOBP_MATERNAL_PROCESS_INVOLVED_IN_PARTURITION	False	False	True	True	True	True
GOBP_MATERNAL_TO_ZYGOTIC_TRANSITION_OF_GENE_EXPRESSION	False	False	True	True	True	True
GOBP_MATING_BEHAVIOR	False	False	False	True	False	True
GOBP_MATURATION_OF_5_8S_RRNA	False	False	False	True	False	True
GOBP_MATURATION_OF_5_8S_RRNA_FROM_TRICISTRONIC_RRNA_TRANSCRIPT_SSU_RRNA_5_8S_RRNA_LSU_RRNA	False	False	True	True	True	True
GOBP_MATURATION_OF_LSU_RRNA	False	False	False	True	False	True
GOBP_MATURATION_OF_LSU_RRNA_FROM_TRICISTRONIC_RRNA_TRANSCRIPT_SSU_RRNA_5_8S_RRNA_LSU_RRNA	False	False	True	True	True	True
GOBP_MATURATION_OF_SSU_RRNA	False	False	False	True	False	True
GOBP_MATURATION_OF_SSU_RRNA_FROM_TRICISTRONIC_RRNA_TRANSCRIPT_SSU_RRNA_5_8S_RRNA_LSU_RRNA	False	False	True	True	True	True
GOBP_MATURE_B_CELL_DIFFERENTIATION	False	False	False	True	False	True
GOBP_MATURE_CONVENTIONAL_DENDRITIC_CELL_DIFFERENTIATION	False	False	True	True	True	True
GOBP_MDA_5_SIGNALING_PATHWAY	False	False	True	True	True	True
GOBP_MECHANORECEPTOR_DIFFERENTIATION	False	False	False	True	False	True
GOBP_MECHANOSENSORY_BEHAVIOR	False	False	True	True	True	True
GOBP_MEDIUM_CHAIN_FATTY_ACID_BIOSYNTHETIC_PROCESS	False	False	True	True	True	True
GOBP_MEDIUM_CHAIN_FATTY_ACID_CATABOLIC_PROCESS	False	False	False	True	False	True
GOBP_MEDIUM_CHAIN_FATTY_ACID_METABOLIC_PROCESS	False	False	True	True	True	True
GOBP_MEGAKARYOCYTE_DEVELOPMENT	False	False	False	False	False	False
GOBP_MEGAKARYOCYTE_DIFFERENTIATION	False	False	False	True	False	True
GOBP_MEIOSIS_I_CELL_CYCLE_PROCESS	True	False	False	True	False	True
GOBP_MEIOTIC_CELL_CYCLE	True	False	False	False	False	False
GOBP_MEIOTIC_CELL_CYCLE_CHECKPOINT_SIGNALING	False	False	True	True	True	True
GOBP_MEIOTIC_CELL_CYCLE_PHASE_TRANSITION	False	False	False	True	False	True
GOBP_MEIOTIC_CELL_CYCLE_PROCESS	True	False	False	False	False	False
GOBP_MEIOTIC_CELL_CYCLE_PROCESS_INVOLVED_IN_OOCYTE_MATURATION	False	False	True	True	True	True
GOBP_MEIOTIC_CHROMOSOME_CONDENSATION	False	False	True	True	True	True
GOBP_MEIOTIC_CHROMOSOME_SEGREGATION	True	False	False	True	False	True
GOBP_MEIOTIC_CHROMOSOME_SEPARATION	False	False	True	True	True	True
GOBP_MEIOTIC_DNA_DOUBLE_STRAND_BREAK_FORMATION	False	False	True	True	True	True
GOBP_MEIOTIC_METAPHASE_CHROMOSOME_ALIGNMENT	False	False	True	True	True	True
GOBP_MEIOTIC_SISTER_CHROMATID_COHESION	False	False	True	True	True	True
GOBP_MEIOTIC_SPINDLE_ASSEMBLY	False	False	True	True	True	True
GOBP_MEIOTIC_SPINDLE_ORGANIZATION	False	False	True	True	True	True
GOBP_MELANOCYTE_DIFFERENTIATION	False	False	True	True	True	True
GOBP_MELANOCYTE_PROLIFERATION	False	False	True	True	True	True
GOBP_MELANOSOME_ASSEMBLY	False	False	True	True	True	True
GOBP_MEMBRANELESS_ORGANELLE_ASSEMBLY	True	False	False	False	False	False
GOBP_MEMBRANE_BIOGENESIS	False	False	False	True	False	True
GOBP_MEMBRANE_DEPOLARIZATION	False	False	False	True	False	True
GOBP_MEMBRANE_DEPOLARIZATION_DURING_ACTION_POTENTIAL	False	False	True	True	True	True
GOBP_MEMBRANE_DEPOLARIZATION_DURING_CARDIAC_MUSCLE_CELL_ACTION_POTENTIAL	False	False	True	True	True	True
GOBP_MEMBRANE_DEPOLARIZATION_DURING_SA_NODE_CELL_ACTION_POTENTIAL	False	False	True	True	True	True
GOBP_MEMBRANE_DISASSEMBLY	False	False	True	True	True	True
GOBP_MEMBRANE_DOCKING	False	False	False	True	False	True
GOBP_MEMBRANE_FISSION	False	False	False	True	True	True
GOBP_MEMBRANE_FUSION	False	False	False	True	False	True
GOBP_MEMBRANE_HYPERPOLARIZATION	False	False	False	False	False	False
GOBP_MEMBRANE_INVAGINATION	False	False	False	False	False	False
GOBP_MEMBRANE_LIPID_BIOSYNTHETIC_PROCESS	False	False	False	True	False	True
GOBP_MEMBRANE_LIPID_CATABOLIC_PROCESS	False	False	False	True	False	True
GOBP_MEMBRANE_LIPID_METABOLIC_PROCESS	False	False	False	False	False	False
GOBP_MEMBRANE_ORGANIZATION	True	False	False	False	False	False
GOBP_MEMBRANE_PROTEIN_ECTODOMAIN_PROTEOLYSIS	False	False	False	False	False	False
GOBP_MEMBRANE_PROTEIN_INTRACELLULAR_DOMAIN_PROTEOLYSIS	False	False	True	True	True	True
GOBP_MEMBRANE_PROTEIN_PROTEOLYSIS	False	False	False	False	False	False
GOBP_MEMBRANE_RAFT_ASSEMBLY	False	False	False	True	False	True
GOBP_MEMBRANE_RAFT_LOCALIZATION	False	False	False	True	False	True
GOBP_MEMBRANE_RAFT_ORGANIZATION	False	False	False	True	False	True
GOBP_MEMBRANE_REPOLARIZATION	False	False	False	True	False	True
GOBP_MEMBRANE_REPOLARIZATION_DURING_ACTION_POTENTIAL	False	False	False	True	False	True
GOBP_MEMBRANE_REPOLARIZATION_DURING_ATRIAL_CARDIAC_MUSCLE_CELL_ACTION_POTENTIAL	False	False	True	True	True	True
GOBP_MEMBRANE_REPOLARIZATION_DURING_VENTRICULAR_CARDIAC_MUSCLE_CELL_ACTION_POTENTIAL	False	False	True	True	True	True
GOBP_MEMBRANE_TO_MEMBRANE_DOCKING	False	False	False	True	False	True
GOBP_MEMBRANOUS_SEPTUM_MORPHOGENESIS	False	False	True	True	True	True
GOBP_MEMORY	False	False	False	False	False	False
GOBP_MENAQUINONE_CATABOLIC_PROCESS	False	False	False	False	False	False
GOBP_MESANGIAL_CELL_DEVELOPMENT	False	False	False	True	False	True
GOBP_MESANGIAL_CELL_DIFFERENTIATION	False	False	False	True	False	True
GOBP_MESENCHYMAL_CELL_APOPTOTIC_PROCESS	False	False	True	True	True	True
GOBP_MESENCHYMAL_CELL_DEVELOPMENT	False	False	True	True	True	True
GOBP_MESENCHYMAL_CELL_DIFFERENTIATION	False	False	False	False	False	False
GOBP_MESENCHYMAL_CELL_DIFFERENTIATION_INVOLVED_IN_KIDNEY_DEVELOPMENT	False	False	True	True	True	True
GOBP_MESENCHYMAL_CELL_MIGRATION	False	False	False	True	False	True
GOBP_MESENCHYMAL_CELL_PROLIFERATION	False	False	False	True	False	True
GOBP_MESENCHYMAL_CELL_PROLIFERATION_INVOLVED_IN_LUNG_DEVELOPMENT	False	False	True	True	True	True
GOBP_MESENCHYMAL_EPITHELIAL_CELL_SIGNALING	False	False	True	True	True	True
GOBP_MESENCHYMAL_STEM_CELL_DIFFERENTIATION	False	False	True	True	True	True
GOBP_MESENCHYMAL_STEM_CELL_MAINTENANCE_INVOLVED_IN_NEPHRON_MORPHOGENESIS	False	False	True	True	True	True
GOBP_MESENCHYMAL_STEM_CELL_PROLIFERATION	False	False	True	True	True	True
GOBP_MESENCHYMAL_TO_EPITHELIAL_TRANSITION	False	False	True	True	True	True
GOBP_MESENCHYMAL_TO_EPITHELIAL_TRANSITION_INVOLVED_IN_METANEPHROS_MORPHOGENESIS	False	False	False	True	False	True
GOBP_MESENCHYME_DEVELOPMENT	True	False	False	False	False	False
GOBP_MESENCHYME_MIGRATION	False	False	False	False	False	False
GOBP_MESENCHYME_MORPHOGENESIS	False	False	False	False	False	True
GOBP_MESENDODERM_DEVELOPMENT	False	False	False	True	False	True
GOBP_MESODERMAL_CELL_DIFFERENTIATION	False	False	False	True	False	True
GOBP_MESODERMAL_CELL_FATE_COMMITMENT	False	False	False	True	False	True
GOBP_MESODERMAL_CELL_FATE_SPECIFICATION	False	False	False	False	False	False
GOBP_MESODERMAL_CELL_MIGRATION	False	False	True	True	True	True
GOBP_MESODERM_DEVELOPMENT	False	False	False	True	False	True
GOBP_MESODERM_MORPHOGENESIS	False	False	False	True	False	True
GOBP_MESONEPHRIC_DUCT_DEVELOPMENT	False	False	True	True	True	True
GOBP_MESONEPHRIC_TUBULE_FORMATION	False	False	True	True	True	True
GOBP_MESONEPHRIC_TUBULE_MORPHOGENESIS	False	False	False	True	False	True
GOBP_MESONEPHROS_DEVELOPMENT	False	False	False	False	False	False
GOBP_METABOLIC_COMPOUND_SALVAGE	False	False	False	True	True	True
GOBP_METALLO_SULFUR_CLUSTER_ASSEMBLY	False	False	True	True	True	True
GOBP_METAL_ION_TRANSPORT	False	False	False	False	False	False
GOBP_METANEPHRIC_COLLECTING_DUCT_DEVELOPMENT	False	False	True	True	True	True
GOBP_METANEPHRIC_EPITHELIUM_DEVELOPMENT	False	False	False	False	False	False
GOBP_METANEPHRIC_GLOMERULAR_MESANGIUM_DEVELOPMENT	False	False	False	True	False	True
GOBP_METANEPHRIC_GLOMERULUS_DEVELOPMENT	False	False	False	True	False	True
GOBP_METANEPHRIC_GLOMERULUS_VASCULATURE_DEVELOPMENT	False	False	False	True	False	True
GOBP_METANEPHRIC_LOOP_OF_HENLE_DEVELOPMENT	False	False	False	True	False	True
GOBP_METANEPHRIC_MESENCHYMAL_CELL_DIFFERENTIATION	False	False	False	True	False	True
GOBP_METANEPHRIC_MESENCHYME_DEVELOPMENT	False	False	False	True	False	True
GOBP_METANEPHRIC_NEPHRON_DEVELOPMENT	False	False	False	False	False	False
GOBP_METANEPHRIC_NEPHRON_MORPHOGENESIS	False	False	False	True	False	True
GOBP_METANEPHRIC_NEPHRON_TUBULE_EPITHELIAL_CELL_DIFFERENTIATION	False	False	False	True	False	True
GOBP_METANEPHRIC_NEPHRON_TUBULE_MORPHOGENESIS	False	False	False	True	False	True
GOBP_METANEPHRIC_PART_OF_URETERIC_BUD_DEVELOPMENT	False	False	False	False	False	False
GOBP_METANEPHRIC_RENAL_VESICLE_MORPHOGENESIS	False	False	False	True	False	True
GOBP_METANEPHRIC_S_SHAPED_BODY_MORPHOGENESIS	False	False	True	True	True	True
GOBP_METANEPHRIC_TUBULE_DEVELOPMENT	False	False	True	True	True	True
GOBP_METANEPHRIC_TUBULE_FORMATION	False	False	False	True	False	True
GOBP_METANEPHRIC_TUBULE_MORPHOGENESIS	False	False	False	True	False	True
GOBP_METANEPHROS_DEVELOPMENT	False	False	False	False	False	False
GOBP_METANEPHROS_MORPHOGENESIS	False	False	False	True	False	True
GOBP_METAPHASE_ANAPHASE_TRANSITION_OF_MEIOTIC_CELL_CYCLE	False	False	True	True	True	True
GOBP_METAPHASE_CHROMOSOME_ALIGNMENT	True	False	False	True	False	True
GOBP_METENCEPHALON_DEVELOPMENT	False	False	False	True	False	True
GOBP_METHIONINE_BIOSYNTHETIC_PROCESS	False	False	True	True	True	True
GOBP_METHIONINE_METABOLIC_PROCESS	False	False	True	True	True	True
GOBP_METHYLATION	True	False	False	True	False	True
GOBP_MHC_CLASS_II_BIOSYNTHETIC_PROCESS	False	False	True	True	True	True
GOBP_MHC_CLASS_I_BIOSYNTHETIC_PROCESS	False	False	True	True	True	True
GOBP_MICROAUTOPHAGY	False	False	True	True	True	True
GOBP_MICROGLIAL_CELL_ACTIVATION_INVOLVED_IN_IMMUNE_RESPONSE	False	False	False	True	False	True
GOBP_MICROGLIAL_CELL_MEDIATED_CYTOTOXICITY	False	False	False	True	True	True
GOBP_MICROGLIAL_CELL_MIGRATION	False	False	True	True	True	True
GOBP_MICROGLIAL_CELL_PROLIFERATION	False	False	False	True	False	True
GOBP_MICROGLIA_DIFFERENTIATION	False	False	True	True	True	True
GOBP_MICROTUBULE_ANCHORING	False	False	True	True	True	True
GOBP_MICROTUBULE_ANCHORING_AT_MICROTUBULE_ORGANIZING_CENTER	False	False	True	True	True	True
GOBP_MICROTUBULE_BASED_MOVEMENT	True	False	False	False	False	False
GOBP_MICROTUBULE_BASED_PROCESS	True	False	False	False	False	False
GOBP_MICROTUBULE_BASED_PROTEIN_TRANSPORT	False	False	False	True	False	True
GOBP_MICROTUBULE_BASED_TRANSPORT	False	False	False	False	False	False
GOBP_MICROTUBULE_BUNDLE_FORMATION	False	False	True	True	True	True
GOBP_MICROTUBULE_CYTOSKELETON_ORGANIZATION	True	False	False	False	False	False
GOBP_MICROTUBULE_CYTOSKELETON_ORGANIZATION_INVOLVED_IN_MITOSIS	True	False	False	False	False	False
GOBP_MICROTUBULE_DEPOLYMERIZATION	False	False	False	True	False	True
GOBP_MICROTUBULE_NUCLEATION	False	False	False	True	False	True
GOBP_MICROTUBULE_NUCLEATION_BY_MICROTUBULE_ORGANIZING_CENTER	False	False	True	True	True	True
GOBP_MICROTUBULE_ORGANIZING_CENTER_LOCALIZATION	False	False	True	True	True	True
GOBP_MICROTUBULE_ORGANIZING_CENTER_ORGANIZATION	True	False	False	True	False	True
GOBP_MICROTUBULE_POLYMERIZATION	False	False	False	True	False	True
GOBP_MICROTUBULE_POLYMERIZATION_OR_DEPOLYMERIZATION	False	False	False	True	False	True
GOBP_MICROTUBULE_SEVERING	False	False	True	True	True	True
GOBP_MICROVILLUS_ASSEMBLY	False	False	False	True	False	True
GOBP_MICROVILLUS_ORGANIZATION	False	False	False	False	False	False
GOBP_MICTURITION	False	False	True	True	True	True
GOBP_MIDBODY_ABSCISSION	False	False	True	True	True	True
GOBP_MIDBRAIN_DEVELOPMENT	False	False	False	False	False	False
GOBP_MIDBRAIN_DOPAMINERGIC_NEURON_DIFFERENTIATION	False	False	True	True	True	True
GOBP_MIDBRAIN_HINDBRAIN_BOUNDARY_DEVELOPMENT	False	False	False	False	False	False
GOBP_MIDDLE_EAR_MORPHOGENESIS	False	False	False	True	False	True
GOBP_MIDGUT_DEVELOPMENT	False	False	True	True	True	True
GOBP_MINERALOCORTICOID_BIOSYNTHETIC_PROCESS	False	False	True	True	True	True
GOBP_MINERALOCORTICOID_METABOLIC_PROCESS	False	False	False	True	False	True
GOBP_MIRNA_CATABOLIC_PROCESS	False	False	True	True	True	True
GOBP_MIRNA_MEDIATED_GENE_SILENCING_BY_INHIBITION_OF_TRANSLATION	False	False	False	True	False	True
GOBP_MIRNA_METABOLIC_PROCESS	False	False	False	False	False	False
GOBP_MIRNA_PROCESSING	False	False	False	True	False	True
GOBP_MIRNA_TRANSCRIPTION	False	False	False	False	False	False
GOBP_MISMATCH_REPAIR	False	False	False	True	False	True
GOBP_MITOCHONDRIAL_ATP_TRANSMEMBRANE_TRANSPORT	False	False	True	True	True	True
GOBP_MITOCHONDRIAL_CALCIUM_ION_HOMEOSTASIS	False	False	False	True	False	True
GOBP_MITOCHONDRIAL_CALCIUM_ION_TRANSMEMBRANE_TRANSPORT	False	False	False	True	False	True
GOBP_MITOCHONDRIAL_DEPOLARIZATION	False	False	False	True	False	True
GOBP_MITOCHONDRIAL_DNA_METABOLIC_PROCESS	False	False	False	True	False	True
GOBP_MITOCHONDRIAL_DNA_REPAIR	False	False	True	True	True	True
GOBP_MITOCHONDRIAL_DNA_REPLICATION	False	False	True	True	True	True
GOBP_MITOCHONDRIAL_ELECTRON_TRANSPORT_CYTOCHROME_C_TO_OXYGEN	False	False	False	False	False	False
GOBP_MITOCHONDRIAL_ELECTRON_TRANSPORT_NADH_TO_UBIQUINONE	False	False	False	True	False	True
GOBP_MITOCHONDRIAL_ELECTRON_TRANSPORT_UBIQUINOL_TO_CYTOCHROME_C	False	False	False	True	False	True
GOBP_MITOCHONDRIAL_FISSION	False	False	False	True	False	True
GOBP_MITOCHONDRIAL_FRAGMENTATION_INVOLVED_IN_APOPTOTIC_PROCESS	False	False	True	True	True	True
GOBP_MITOCHONDRIAL_FUSION	False	False	False	True	False	True
GOBP_MITOCHONDRIAL_GENE_EXPRESSION	True	False	False	True	False	True
GOBP_MITOCHONDRIAL_GENOME_MAINTENANCE	False	False	False	True	False	True
GOBP_MITOCHONDRIAL_MEMBRANE_ORGANIZATION	True	False	False	False	False	False
GOBP_MITOCHONDRIAL_OUTER_MEMBRANE_PERMEABILIZATION	False	False	False	True	False	True
GOBP_MITOCHONDRIAL_PROTEIN_CATABOLIC_PROCESS	False	False	False	True	False	True
GOBP_MITOCHONDRIAL_PROTEIN_PROCESSING	False	False	False	True	False	True
GOBP_MITOCHONDRIAL_PROTON_TRANSPORTING_ATP_SYNTHASE_COMPLEX_ASSEMBLY	False	False	True	True	True	True
GOBP_MITOCHONDRIAL_RESPIRASOME_ASSEMBLY	False	False	False	True	False	True
GOBP_MITOCHONDRIAL_RESPIRATORY_CHAIN_COMPLEX_ASSEMBLY	True	False	False	True	False	True
GOBP_MITOCHONDRIAL_RNA_3_END_PROCESSING	False	False	True	True	True	True
GOBP_MITOCHONDRIAL_RNA_CATABOLIC_PROCESS	False	False	True	True	True	True
GOBP_MITOCHONDRIAL_RNA_METABOLIC_PROCESS	False	False	False	True	False	True
GOBP_MITOCHONDRIAL_RNA_MODIFICATION	False	False	True	True	True	True
GOBP_MITOCHONDRIAL_RNA_PROCESSING	False	False	True	True	True	True
GOBP_MITOCHONDRIAL_TRANSCRIPTION	False	False	True	True	True	True
GOBP_MITOCHONDRIAL_TRANSLATION	False	False	False	True	False	True
GOBP_MITOCHONDRIAL_TRANSLATIONAL_ELONGATION	False	False	False	True	False	True
GOBP_MITOCHONDRIAL_TRANSMEMBRANE_TRANSPORT	True	False	False	False	False	False
GOBP_MITOCHONDRIAL_TRANSPORT	True	False	False	False	False	False
GOBP_MITOCHONDRIAL_TRNA_PROCESSING	False	False	True	True	True	True
GOBP_MITOCHONDRION_DISTRIBUTION	False	False	True	True	True	True
GOBP_MITOCHONDRION_LOCALIZATION	False	False	False	True	False	True
GOBP_MITOCHONDRION_ORGANIZATION	True	False	False	False	False	False
GOBP_MITOPHAGY	False	False	False	False	False	False
GOBP_MITOTIC_CELL_CYCLE	True	True	False	False	False	False
GOBP_MITOTIC_CELL_CYCLE_CHECKPOINT_SIGNALING	True	False	False	False	False	False
GOBP_MITOTIC_CELL_CYCLE_PHASE_TRANSITION	True	True	False	False	False	False
GOBP_MITOTIC_CELL_CYCLE_PROCESS	True	True	False	False	False	False
GOBP_MITOTIC_CHROMOSOME_CONDENSATION	False	False	False	True	False	True
GOBP_MITOTIC_CYTOKINESIS	True	False	False	True	False	True
GOBP_MITOTIC_CYTOKINETIC_PROCESS	False	False	False	True	False	True
GOBP_MITOTIC_DNA_INTEGRITY_CHECKPOINT_SIGNALING	False	False	False	True	False	True
GOBP_MITOTIC_DNA_REPLICATION	False	False	False	True	False	True
GOBP_MITOTIC_DNA_REPLICATION_CHECKPOINT_SIGNALING	False	False	True	True	True	True
GOBP_MITOTIC_G1_S_TRANSITION_CHECKPOINT_SIGNALING	False	False	False	True	False	True
GOBP_MITOTIC_G2_DNA_DAMAGE_CHECKPOINT_SIGNALING	False	False	False	True	False	True
GOBP_MITOTIC_G2_M_TRANSITION_CHECKPOINT	False	False	False	True	False	True
GOBP_MITOTIC_INTRA_S_DNA_DAMAGE_CHECKPOINT_SIGNALING	False	False	True	True	True	True
GOBP_MITOTIC_METAPHASE_CHROMOSOME_ALIGNMENT	True	False	False	True	False	True
GOBP_MITOTIC_NUCLEAR_DIVISION	True	True	False	False	False	False
GOBP_MITOTIC_NUCLEAR_MEMBRANE_DISASSEMBLY	False	False	True	True	True	True
GOBP_MITOTIC_NUCLEAR_MEMBRANE_ORGANIZATION	False	False	True	True	True	True
GOBP_MITOTIC_RECOMBINATION	False	False	False	True	False	True
GOBP_MITOTIC_SISTER_CHROMATID_COHESION	False	False	False	True	False	True
GOBP_MITOTIC_SISTER_CHROMATID_COHESION_CENTROMERIC	False	False	True	True	True	True
GOBP_MITOTIC_SISTER_CHROMATID_SEGREGATION	True	True	False	False	False	False
GOBP_MITOTIC_SISTER_CHROMATID_SEPARATION	True	False	False	True	False	True
GOBP_MITOTIC_SPINDLE_ASSEMBLY	True	False	False	True	False	True
GOBP_MITOTIC_SPINDLE_ELONGATION	False	False	True	True	True	True
GOBP_MITOTIC_SPINDLE_ORGANIZATION	True	False	False	False	False	False
GOBP_MITRAL_VALVE_DEVELOPMENT	False	False	True	True	True	True
GOBP_MODIFICATION_DEPENDENT_MACROMOLECULE_CATABOLIC_PROCESS	True	False	False	False	False	False
GOBP_MODIFICATION_OF_POSTSYNAPTIC_ACTIN_CYTOSKELETON	False	False	False	True	False	True
GOBP_MODIFICATION_OF_POSTSYNAPTIC_STRUCTURE	False	False	False	True	False	True
GOBP_MODIFICATION_OF_SYNAPTIC_STRUCTURE	False	False	False	True	False	True
GOBP_MODIFIED_AMINO_ACID_BIOSYNTHETIC_PROCESS	False	False	False	True	False	True
GOBP_MODIFIED_AMINO_ACID_CATABOLIC_PROCESS	False	False	False	True	False	True
GOBP_MODIFIED_AMINO_ACID_METABOLIC_PROCESS	False	False	False	False	False	False
GOBP_MODIFIED_AMINO_ACID_TRANSPORT	False	False	False	True	False	True
GOBP_MODULATION_BY_HOST_OF_VIRAL_GENOME_REPLICATION	False	False	True	True	True	True
GOBP_MODULATION_BY_HOST_OF_VIRAL_PROCESS	False	False	False	True	False	True
GOBP_MODULATION_BY_SYMBIONT_OF_ENTRY_INTO_HOST	False	False	False	True	False	True
GOBP_MODULATION_OF_EXCITATORY_POSTSYNAPTIC_POTENTIAL	False	False	True	True	True	True
GOBP_MODULATION_OF_INHIBITORY_POSTSYNAPTIC_POTENTIAL	False	False	True	True	True	True
GOBP_MODULATION_OF_PROCESS_OF_ANOTHER_ORGANISM	False	False	False	False	False	False
GOBP_MOLTING_CYCLE	False	False	False	False	False	False
GOBP_MOLTING_CYCLE_PROCESS	False	False	False	True	False	True
GOBP_MONOACYLGLYCEROL_BIOSYNTHETIC_PROCESS	False	False	False	True	False	True
GOBP_MONOACYLGLYCEROL_CATABOLIC_PROCESS	False	False	False	False	False	False
GOBP_MONOACYLGLYCEROL_METABOLIC_PROCESS	False	False	False	True	False	True
GOBP_MONOAMINE_TRANSPORT	False	False	False	True	False	True
GOBP_MONOATOMIC_ANION_HOMEOSTASIS	False	False	False	True	False	True
GOBP_MONOATOMIC_ANION_TRANSPORT	False	False	False	False	False	False
GOBP_MONOATOMIC_CATION_TRANSMEMBRANE_TRANSPORT	True	False	False	False	False	False
GOBP_MONOATOMIC_CATION_TRANSPORT	True	False	False	False	False	False
GOBP_MONOATOMIC_ION_HOMEOSTASIS	True	False	False	False	False	False
GOBP_MONOATOMIC_ION_TRANSMEMBRANE_TRANSPORT	True	False	False	False	False	False
GOBP_MONOATOMIC_ION_TRANSPORT	True	False	False	False	False	False
GOBP_MONOCARBOXYLIC_ACID_BIOSYNTHETIC_PROCESS	False	False	False	False	False	False
GOBP_MONOCARBOXYLIC_ACID_CATABOLIC_PROCESS	False	False	False	False	False	False
GOBP_MONOCARBOXYLIC_ACID_METABOLIC_PROCESS	True	False	False	False	False	False
GOBP_MONOCARBOXYLIC_ACID_TRANSPORT	False	False	False	False	False	False
GOBP_MONOCYTE_ACTIVATION	False	False	False	False	False	False
GOBP_MONOCYTE_AGGREGATION	False	False	False	True	False	True
GOBP_MONOCYTE_CHEMOTACTIC_PROTEIN_1_PRODUCTION	False	False	False	False	False	False
GOBP_MONOCYTE_CHEMOTAXIS	False	False	False	False	False	False
GOBP_MONOCYTE_DIFFERENTIATION	False	False	False	False	False	False
GOBP_MONOCYTE_EXTRAVASATION	False	False	False	True	False	True
GOBP_MONONUCLEAR_CELL_DIFFERENTIATION	True	False	False	False	False	False
GOBP_MONONUCLEAR_CELL_MIGRATION	False	False	False	False	False	False
GOBP_MONOSACCHARIDE_BIOSYNTHETIC_PROCESS	False	False	False	True	False	True
GOBP_MONOSACCHARIDE_CATABOLIC_PROCESS	False	False	False	False	False	False
GOBP_MONOSACCHARIDE_METABOLIC_PROCESS	True	False	False	False	False	False
GOBP_MONOSACCHARIDE_TRANSMEMBRANE_TRANSPORT	False	False	False	False	False	False
GOBP_MONOUBIQUITINATED_PROTEIN_DEUBIQUITINATION	False	False	True	True	True	True
GOBP_MORPHOGENESIS_OF_AN_ENDOTHELIUM	False	False	False	True	False	True
GOBP_MORPHOGENESIS_OF_AN_EPITHELIAL_BUD	False	False	False	True	False	True
GOBP_MORPHOGENESIS_OF_AN_EPITHELIAL_FOLD	False	False	False	True	False	True
GOBP_MORPHOGENESIS_OF_AN_EPITHELIAL_SHEET	False	False	False	True	False	True
GOBP_MORPHOGENESIS_OF_AN_EPITHELIUM	True	False	False	False	False	False
GOBP_MORPHOGENESIS_OF_A_BRANCHING_STRUCTURE	True	False	False	False	False	False
GOBP_MORPHOGENESIS_OF_A_POLARIZED_EPITHELIUM	False	False	False	True	False	True
GOBP_MORPHOGENESIS_OF_EMBRYONIC_EPITHELIUM	False	False	False	False	False	False
GOBP_MOTILE_CILIUM_ASSEMBLY	False	False	True	True	True	True
GOBP_MOTOR_BEHAVIOR	False	False	True	True	True	True
GOBP_MOTOR_LEARNING	False	False	False	False	False	False
GOBP_MOTOR_NEURON_APOPTOTIC_PROCESS	False	False	True	True	True	True
GOBP_MOTOR_NEURON_AXON_GUIDANCE	False	False	False	True	False	True
GOBP_MOTOR_NEURON_MIGRATION	False	False	True	True	True	True
GOBP_MRNA_3_END_PROCESSING	False	False	False	True	False	True
GOBP_MRNA_3_SPLICE_SITE_RECOGNITION	False	False	True	True	True	True
GOBP_MRNA_CATABOLIC_PROCESS	True	False	False	False	False	False
GOBP_MRNA_CIS_SPLICING_VIA_SPLICEOSOME	False	False	False	True	False	True
GOBP_MRNA_EXPORT_FROM_NUCLEUS	False	False	False	False	False	False
GOBP_MRNA_METABOLIC_PROCESS	True	False	False	False	False	False
GOBP_MRNA_MODIFICATION	False	False	True	True	True	True
GOBP_MRNA_PROCESSING	True	False	False	False	False	False
GOBP_MRNA_PSEUDOURIDINE_SYNTHESIS	False	False	True	True	True	True
GOBP_MRNA_SPLICE_SITE_RECOGNITION	False	False	False	True	False	True
GOBP_MRNA_TRANSCRIPTION	False	False	False	True	False	True
GOBP_MRNA_TRANSPORT	True	False	False	False	False	False
GOBP_MUCOCILIARY_CLEARANCE	False	False	True	True	True	True
GOBP_MUCOSA_ASSOCIATED_LYMPHOID_TISSUE_DEVELOPMENT	False	False	True	True	True	True
GOBP_MUCUS_SECRETION	False	False	False	False	False	False
GOBP_MULTICELLULAR_ORGANISMAL_LEVEL_CHEMICAL_HOMEOSTASIS	False	False	False	False	False	False
GOBP_MULTICELLULAR_ORGANISMAL_LEVEL_HOMEOSTASIS	True	False	False	False	False	False
GOBP_MULTICELLULAR_ORGANISMAL_LEVEL_IRON_ION_HOMEOSTASIS	False	False	False	True	False	True
GOBP_MULTICELLULAR_ORGANISMAL_LEVEL_WATER_HOMEOSTASIS	False	False	False	True	False	True
GOBP_MULTICELLULAR_ORGANISMAL_MOVEMENT	False	False	False	True	False	True
GOBP_MULTICELLULAR_ORGANISMAL_REPRODUCTIVE_PROCESS	True	False	False	False	False	False
GOBP_MULTICELLULAR_ORGANISMAL_RESPONSE_TO_STRESS	False	False	False	False	False	False
GOBP_MULTICELLULAR_ORGANISM_GROWTH	False	False	False	True	False	True
GOBP_MULTINUCLEAR_OSTEOCLAST_DIFFERENTIATION	False	False	False	True	False	True
GOBP_MULTIVESICULAR_BODY_ORGANIZATION	False	False	True	True	True	True
GOBP_MULTIVESICULAR_BODY_SORTING_PATHWAY	False	False	False	True	False	True
GOBP_MULTI_CILIATED_EPITHELIAL_CELL_DIFFERENTIATION	False	False	True	True	True	True
GOBP_MULTI_MULTICELLULAR_ORGANISM_PROCESS	False	False	False	False	False	False
GOBP_MULTI_PASS_TRANSMEMBRANE_PROTEIN_INSERTION_INTO_ER_MEMBRANE	False	False	False	True	False	True
GOBP_MUSCLE_ADAPTATION	False	False	False	False	False	False
GOBP_MUSCLE_ATROPHY	False	False	False	True	False	True
GOBP_MUSCLE_CELL_APOPTOTIC_PROCESS	False	False	False	True	False	True
GOBP_MUSCLE_CELL_CELLULAR_HOMEOSTASIS	False	False	False	True	False	True
GOBP_MUSCLE_CELL_DEVELOPMENT	False	False	False	False	False	False
GOBP_MUSCLE_CELL_DIFFERENTIATION	True	False	False	False	False	False
GOBP_MUSCLE_CELL_FATE_COMMITMENT	False	False	True	True	True	True
GOBP_MUSCLE_CELL_MIGRATION	False	False	False	False	False	False
GOBP_MUSCLE_CELL_PROLIFERATION	True	False	False	False	False	False
GOBP_MUSCLE_CONTRACTION	True	False	False	False	False	False
GOBP_MUSCLE_HYPERTROPHY	False	False	False	True	False	True
GOBP_MUSCLE_HYPERTROPHY_IN_RESPONSE_TO_STRESS	False	False	True	True	True	True
GOBP_MUSCLE_ORGAN_DEVELOPMENT	True	False	False	False	False	False
GOBP_MUSCLE_ORGAN_MORPHOGENESIS	False	False	False	True	False	True
GOBP_MUSCLE_STRUCTURE_DEVELOPMENT	True	False	False	False	False	False
GOBP_MUSCLE_SYSTEM_PROCESS	True	False	False	False	False	False
GOBP_MUSCLE_TISSUE_DEVELOPMENT	True	False	False	False	False	False
GOBP_MUSCULAR_SEPTUM_MORPHOGENESIS	False	False	True	True	True	True
GOBP_MYCOTOXIN_METABOLIC_PROCESS	False	False	False	True	False	True
GOBP_MYD88_DEPENDENT_TOLL_LIKE_RECEPTOR_SIGNALING_PATHWAY	False	False	True	True	True	True
GOBP_MYD88_INDEPENDENT_TOLL_LIKE_RECEPTOR_SIGNALING_PATHWAY	False	False	True	True	True	True
GOBP_MYELIN_ASSEMBLY	False	False	False	True	False	True
GOBP_MYELIN_MAINTENANCE	False	False	False	True	False	True
GOBP_MYELOID_CELL_ACTIVATION_INVOLVED_IN_IMMUNE_RESPONSE	False	False	False	True	False	True
GOBP_MYELOID_CELL_APOPTOTIC_PROCESS	False	False	False	True	False	True
GOBP_MYELOID_CELL_DEVELOPMENT	False	False	False	False	False	False
GOBP_MYELOID_CELL_DIFFERENTIATION	True	False	False	False	False	False
GOBP_MYELOID_CELL_HOMEOSTASIS	True	False	False	False	False	False
GOBP_MYELOID_DENDRITIC_CELL_ACTIVATION	False	False	False	True	False	True
GOBP_MYELOID_DENDRITIC_CELL_CHEMOTAXIS	False	False	False	True	False	True
GOBP_MYELOID_DENDRITIC_CELL_DIFFERENTIATION	False	False	False	True	False	True
GOBP_MYELOID_LEUKOCYTE_ACTIVATION	False	False	False	False	False	False
GOBP_MYELOID_LEUKOCYTE_CYTOKINE_PRODUCTION	False	False	False	True	False	True
GOBP_MYELOID_LEUKOCYTE_DIFFERENTIATION	True	False	False	False	False	False
GOBP_MYELOID_LEUKOCYTE_MEDIATED_IMMUNITY	False	False	False	False	False	False
GOBP_MYELOID_LEUKOCYTE_MIGRATION	False	False	False	False	False	False
GOBP_MYELOID_PROGENITOR_CELL_DIFFERENTIATION	False	False	False	True	False	True
GOBP_MYOBLAST_DIFFERENTIATION	False	False	False	False	False	False
GOBP_MYOBLAST_FATE_COMMITMENT	False	False	True	True	True	True
GOBP_MYOBLAST_FUSION	False	False	False	True	False	True
GOBP_MYOBLAST_FUSION_INVOLVED_IN_SKELETAL_MUSCLE_REGENERATION	False	False	False	False	False	False
GOBP_MYOBLAST_MIGRATION	False	False	False	True	False	True
GOBP_MYOBLAST_PROLIFERATION	False	False	False	False	False	False
GOBP_MYOFIBRIL_ASSEMBLY	False	False	False	True	False	True
GOBP_MYOFIBROBLAST_DIFFERENTIATION	False	False	True	True	True	True
GOBP_MYOTUBE_CELL_DEVELOPMENT	False	False	False	True	False	True
GOBP_MYOTUBE_DIFFERENTIATION	False	False	False	False	False	False
GOBP_MYOTUBE_DIFFERENTIATION_INVOLVED_IN_SKELETAL_MUSCLE_REGENERATION	False	False	False	True	False	True
GOBP_NADH_DEHYDROGENASE_COMPLEX_ASSEMBLY	False	False	False	True	False	True
GOBP_NADH_METABOLIC_PROCESS	False	False	False	True	False	True
GOBP_NADPH_REGENERATION	False	False	False	True	False	True
GOBP_NADP_METABOLIC_PROCESS	False	False	False	True	False	True
GOBP_NAD_BIOSYNTHETIC_PROCESS	False	False	False	True	False	True
GOBP_NAD_METABOLIC_PROCESS	False	False	False	True	False	True
GOBP_NAIL_DEVELOPMENT	False	False	False	True	True	True
GOBP_NATURAL_KILLER_CELL_ACTIVATION	False	False	False	False	False	False
GOBP_NATURAL_KILLER_CELL_ACTIVATION_INVOLVED_IN_IMMUNE_RESPONSE	False	False	False	True	False	True
GOBP_NATURAL_KILLER_CELL_CHEMOTAXIS	False	False	True	True	True	True
GOBP_NATURAL_KILLER_CELL_CYTOKINE_PRODUCTION	False	False	True	True	True	True
GOBP_NATURAL_KILLER_CELL_DEGRANULATION	False	False	False	True	False	True
GOBP_NATURAL_KILLER_CELL_DIFFERENTIATION	False	False	True	True	True	True
GOBP_NATURAL_KILLER_CELL_MEDIATED_IMMUNE_RESPONSE_TO_TUMOR_CELL	False	False	False	False	False	False
GOBP_NATURAL_KILLER_CELL_MEDIATED_IMMUNITY	False	False	False	False	False	False
GOBP_NATURAL_KILLER_CELL_PROLIFERATION	False	False	False	True	False	True
GOBP_NECROPTOTIC_PROCESS	False	False	False	True	False	True
GOBP_NECROPTOTIC_SIGNALING_PATHWAY	False	False	True	True	True	True
GOBP_NEGATIVE_ADAPTATION_OF_SIGNALING_PATHWAY	False	False	False	True	False	True
GOBP_NEGATIVE_CHEMOTAXIS	False	False	False	True	False	True
GOBP_NEGATIVE_REGULATION_BY_HOST_OF_VIRAL_GENOME_REPLICATION	False	False	True	True	True	True
GOBP_NEGATIVE_REGULATION_BY_HOST_OF_VIRAL_PROCESS	False	False	True	True	True	True
GOBP_NEGATIVE_REGULATION_BY_HOST_OF_VIRAL_TRANSCRIPTION	False	False	True	True	True	True
GOBP_NEGATIVE_REGULATION_OF_ACTIN_FILAMENT_BUNDLE_ASSEMBLY	False	False	False	True	False	True
GOBP_NEGATIVE_REGULATION_OF_ACTIN_FILAMENT_DEPOLYMERIZATION	False	False	False	True	False	True
GOBP_NEGATIVE_REGULATION_OF_ACTIN_FILAMENT_POLYMERIZATION	False	False	False	True	False	True
GOBP_NEGATIVE_REGULATION_OF_ACTIN_NUCLEATION	False	False	True	True	True	True
GOBP_NEGATIVE_REGULATION_OF_ACTION_POTENTIAL	False	False	False	False	False	False
GOBP_NEGATIVE_REGULATION_OF_ACTIVATED_T_CELL_PROLIFERATION	False	False	False	True	False	True
GOBP_NEGATIVE_REGULATION_OF_ACTIVIN_RECEPTOR_SIGNALING_PATHWAY	False	False	False	True	False	True
GOBP_NEGATIVE_REGULATION_OF_ACUTE_INFLAMMATORY_RESPONSE	False	False	False	True	False	True
GOBP_NEGATIVE_REGULATION_OF_ACUTE_INFLAMMATORY_RESPONSE_TO_ANTIGENIC_STIMULUS	False	False	True	True	True	True
GOBP_NEGATIVE_REGULATION_OF_ADAPTIVE_IMMUNE_RESPONSE	False	False	False	False	False	False
GOBP_NEGATIVE_REGULATION_OF_ADENYLATE_CYCLASE_ACTIVATING_G_PROTEIN_COUPLED_RECEPTOR_SIGNALING_PATHWAY	False	False	True	True	True	True
GOBP_NEGATIVE_REGULATION_OF_ADIPOSE_TISSUE_DEVELOPMENT	False	False	True	True	True	True
GOBP_NEGATIVE_REGULATION_OF_ALCOHOL_BIOSYNTHETIC_PROCESS	False	False	False	True	False	True
GOBP_NEGATIVE_REGULATION_OF_ALPHA_BETA_T_CELL_ACTIVATION	False	False	False	True	False	True
GOBP_NEGATIVE_REGULATION_OF_ALPHA_BETA_T_CELL_DIFFERENTIATION	False	False	False	False	False	False
GOBP_NEGATIVE_REGULATION_OF_ALPHA_BETA_T_CELL_PROLIFERATION	False	False	True	True	True	True
GOBP_NEGATIVE_REGULATION_OF_AMIDE_METABOLIC_PROCESS	False	False	False	True	False	True
GOBP_NEGATIVE_REGULATION_OF_AMINE_METABOLIC_PROCESS	False	False	False	True	False	True
GOBP_NEGATIVE_REGULATION_OF_AMINE_TRANSPORT	False	False	True	True	True	True
GOBP_NEGATIVE_REGULATION_OF_AMINO_ACID_TRANSPORT	False	False	True	True	True	True
GOBP_NEGATIVE_REGULATION_OF_AMYLOID_BETA_CLEARANCE	False	False	True	True	True	True
GOBP_NEGATIVE_REGULATION_OF_AMYLOID_FIBRIL_FORMATION	False	False	False	True	False	True
GOBP_NEGATIVE_REGULATION_OF_AMYLOID_PRECURSOR_PROTEIN_BIOSYNTHETIC_PROCESS	False	False	False	True	False	True
GOBP_NEGATIVE_REGULATION_OF_AMYLOID_PRECURSOR_PROTEIN_CATABOLIC_PROCESS	False	False	False	False	False	False
GOBP_NEGATIVE_REGULATION_OF_ANDROGEN_RECEPTOR_SIGNALING_PATHWAY	False	False	True	True	True	True
GOBP_NEGATIVE_REGULATION_OF_ANOIKIS	False	False	True	True	True	True
GOBP_NEGATIVE_REGULATION_OF_ANTIGEN_PROCESSING_AND_PRESENTATION	False	False	False	True	False	True
GOBP_NEGATIVE_REGULATION_OF_ANTIGEN_RECEPTOR_MEDIATED_SIGNALING_PATHWAY	False	False	False	True	False	True
GOBP_NEGATIVE_REGULATION_OF_APOPTOTIC_PROCESS_INVOLVED_IN_DEVELOPMENT	False	False	True	True	True	True
GOBP_NEGATIVE_REGULATION_OF_APOPTOTIC_SIGNALING_PATHWAY	False	False	False	False	False	False
GOBP_NEGATIVE_REGULATION_OF_ASTROCYTE_DIFFERENTIATION	False	False	False	True	True	True
GOBP_NEGATIVE_REGULATION_OF_ATP_DEPENDENT_ACTIVITY	False	False	False	True	False	True
GOBP_NEGATIVE_REGULATION_OF_AUTOPHAGOSOME_ASSEMBLY	False	False	False	True	False	True
GOBP_NEGATIVE_REGULATION_OF_AUTOPHAGY	False	False	False	False	False	True
GOBP_NEGATIVE_REGULATION_OF_AUTOPHAGY_OF_MITOCHONDRION	False	False	False	True	False	True
GOBP_NEGATIVE_REGULATION_OF_AXONOGENESIS	False	False	False	True	False	True
GOBP_NEGATIVE_REGULATION_OF_AXON_EXTENSION	False	False	True	True	True	True
GOBP_NEGATIVE_REGULATION_OF_AXON_EXTENSION_INVOLVED_IN_AXON_GUIDANCE	False	False	True	True	True	True
GOBP_NEGATIVE_REGULATION_OF_BEHAVIOR	False	False	True	True	True	True
GOBP_NEGATIVE_REGULATION_OF_BINDING	False	False	False	True	False	True
GOBP_NEGATIVE_REGULATION_OF_BIOMINERAL_TISSUE_DEVELOPMENT	False	False	False	True	False	True
GOBP_NEGATIVE_REGULATION_OF_BLOOD_CIRCULATION	False	False	True	True	True	True
GOBP_NEGATIVE_REGULATION_OF_BLOOD_PRESSURE	False	False	False	True	False	True
GOBP_NEGATIVE_REGULATION_OF_BLOOD_VESSEL_ENDOTHELIAL_CELL_MIGRATION	False	False	False	True	False	True
GOBP_NEGATIVE_REGULATION_OF_BLOOD_VESSEL_ENDOTHELIAL_CELL_PROLIFERATION_INVOLVED_IN_SPROUTING_ANGIOGENESIS	False	False	False	True	False	True
GOBP_NEGATIVE_REGULATION_OF_BMP_SIGNALING_PATHWAY	False	False	False	True	False	True
GOBP_NEGATIVE_REGULATION_OF_BONE_MINERALIZATION	False	False	False	True	False	True
GOBP_NEGATIVE_REGULATION_OF_BONE_REMODELING	False	False	False	True	False	True
GOBP_NEGATIVE_REGULATION_OF_B_CELL_ACTIVATION	False	False	False	True	False	True
GOBP_NEGATIVE_REGULATION_OF_B_CELL_APOPTOTIC_PROCESS	False	False	False	True	False	True
GOBP_NEGATIVE_REGULATION_OF_B_CELL_DIFFERENTIATION	False	False	False	True	False	True
GOBP_NEGATIVE_REGULATION_OF_B_CELL_MEDIATED_IMMUNITY	False	False	False	True	False	True
GOBP_NEGATIVE_REGULATION_OF_B_CELL_PROLIFERATION	False	False	True	True	True	True
GOBP_NEGATIVE_REGULATION_OF_B_CELL_RECEPTOR_SIGNALING_PATHWAY	False	False	True	True	True	True
GOBP_NEGATIVE_REGULATION_OF_CALCINEURIN_MEDIATED_SIGNALING	False	False	True	True	True	True
GOBP_NEGATIVE_REGULATION_OF_CALCIUM_ION_IMPORT	False	False	False	False	False	False
GOBP_NEGATIVE_REGULATION_OF_CALCIUM_ION_TRANSMEMBRANE_TRANSPORT	False	False	False	True	False	True
GOBP_NEGATIVE_REGULATION_OF_CALCIUM_ION_TRANSMEMBRANE_TRANSPORTER_ACTIVITY	False	False	True	True	True	True
GOBP_NEGATIVE_REGULATION_OF_CALCIUM_ION_TRANSPORT	False	False	False	True	False	True
GOBP_NEGATIVE_REGULATION_OF_CALCIUM_ION_TRANSPORT_INTO_CYTOSOL	False	False	False	False	False	False
GOBP_NEGATIVE_REGULATION_OF_CALCIUM_MEDIATED_SIGNALING	False	False	True	True	True	True
GOBP_NEGATIVE_REGULATION_OF_CAMP_PKA_SIGNAL_TRANSDUCTION	False	False	True	True	True	True
GOBP_NEGATIVE_REGULATION_OF_CANONICAL_NF_KAPPAB_SIGNAL_TRANSDUCTION	False	False	False	True	False	True
GOBP_NEGATIVE_REGULATION_OF_CANONICAL_WNT_SIGNALING_PATHWAY	False	False	False	False	False	False
GOBP_NEGATIVE_REGULATION_OF_CARBOHYDRATE_METABOLIC_PROCESS	False	False	False	True	False	True
GOBP_NEGATIVE_REGULATION_OF_CARDIAC_MUSCLE_ADAPTATION	False	False	True	True	True	True
GOBP_NEGATIVE_REGULATION_OF_CARDIAC_MUSCLE_CELL_DIFFERENTIATION	False	False	True	True	True	True
GOBP_NEGATIVE_REGULATION_OF_CARDIAC_MUSCLE_CELL_PROLIFERATION	False	False	True	True	True	True
GOBP_NEGATIVE_REGULATION_OF_CARDIAC_MUSCLE_CONTRACTION	False	False	True	True	True	True
GOBP_NEGATIVE_REGULATION_OF_CARDIAC_MUSCLE_TISSUE_GROWTH	False	False	True	True	True	True
GOBP_NEGATIVE_REGULATION_OF_CARDIOCYTE_DIFFERENTIATION	False	False	True	True	True	True
GOBP_NEGATIVE_REGULATION_OF_CARTILAGE_DEVELOPMENT	False	False	False	False	False	False
GOBP_NEGATIVE_REGULATION_OF_CATABOLIC_PROCESS	True	False	False	False	False	False
GOBP_NEGATIVE_REGULATION_OF_CATALYTIC_ACTIVITY	False	False	False	False	False	False
GOBP_NEGATIVE_REGULATION_OF_CATECHOLAMINE_SECRETION	False	False	True	True	True	True
GOBP_NEGATIVE_REGULATION_OF_CATION_CHANNEL_ACTIVITY	False	False	True	True	True	True
GOBP_NEGATIVE_REGULATION_OF_CD4_POSITIVE_ALPHA_BETA_T_CELL_ACTIVATION	False	False	False	True	False	True
GOBP_NEGATIVE_REGULATION_OF_CD4_POSITIVE_ALPHA_BETA_T_CELL_DIFFERENTIATION	False	False	False	True	False	True
GOBP_NEGATIVE_REGULATION_OF_CD4_POSITIVE_ALPHA_BETA_T_CELL_PROLIFERATION	False	False	True	True	True	True
GOBP_NEGATIVE_REGULATION_OF_CD8_POSITIVE_ALPHA_BETA_T_CELL_ACTIVATION	False	False	True	True	True	True
GOBP_NEGATIVE_REGULATION_OF_CELLULAR_COMPONENT_ORGANIZATION	True	False	False	False	False	False
GOBP_NEGATIVE_REGULATION_OF_CELLULAR_EXTRAVASATION	False	False	True	True	True	True
GOBP_NEGATIVE_REGULATION_OF_CELLULAR_RESPIRATION	False	False	True	True	True	True
GOBP_NEGATIVE_REGULATION_OF_CELLULAR_RESPONSE_TO_GROWTH_FACTOR_STIMULUS	False	False	False	False	False	False
GOBP_NEGATIVE_REGULATION_OF_CELLULAR_RESPONSE_TO_HYPOXIA	False	False	False	True	False	True
GOBP_NEGATIVE_REGULATION_OF_CELLULAR_RESPONSE_TO_INSULIN_STIMULUS	False	False	False	True	False	True
GOBP_NEGATIVE_REGULATION_OF_CELLULAR_RESPONSE_TO_VASCULAR_ENDOTHELIAL_GROWTH_FACTOR_STIMULUS	False	False	True	True	True	True
GOBP_NEGATIVE_REGULATION_OF_CELLULAR_SENESCENCE	False	False	False	True	False	True
GOBP_NEGATIVE_REGULATION_OF_CELL_ACTIVATION	False	False	False	False	False	False
GOBP_NEGATIVE_REGULATION_OF_CELL_ADHESION	True	False	False	False	False	False
GOBP_NEGATIVE_REGULATION_OF_CELL_ADHESION_MEDIATED_BY_INTEGRIN	False	False	False	False	False	False
GOBP_NEGATIVE_REGULATION_OF_CELL_ADHESION_MOLECULE_PRODUCTION	False	False	False	False	False	False
GOBP_NEGATIVE_REGULATION_OF_CELL_CELL_ADHESION	False	False	False	False	False	False
GOBP_NEGATIVE_REGULATION_OF_CELL_CELL_ADHESION_MEDIATED_BY_CADHERIN	False	False	False	True	False	True
GOBP_NEGATIVE_REGULATION_OF_CELL_CYCLE	True	False	False	False	False	False
GOBP_NEGATIVE_REGULATION_OF_CELL_CYCLE_CHECKPOINT	False	False	False	True	False	True
GOBP_NEGATIVE_REGULATION_OF_CELL_CYCLE_G1_S_PHASE_TRANSITION	False	False	False	True	False	True
GOBP_NEGATIVE_REGULATION_OF_CELL_CYCLE_G2_M_PHASE_TRANSITION	False	False	False	True	False	True
GOBP_NEGATIVE_REGULATION_OF_CELL_CYCLE_PROCESS	True	False	False	False	False	False
GOBP_NEGATIVE_REGULATION_OF_CELL_DEVELOPMENT	True	False	False	False	False	False
GOBP_NEGATIVE_REGULATION_OF_CELL_DIFFERENTIATION	True	False	False	False	False	False
GOBP_NEGATIVE_REGULATION_OF_CELL_DIVISION	False	False	False	True	False	True
GOBP_NEGATIVE_REGULATION_OF_CELL_FATE_COMMITMENT	False	False	False	False	False	False
GOBP_NEGATIVE_REGULATION_OF_CELL_GROWTH	False	False	False	False	False	False
GOBP_NEGATIVE_REGULATION_OF_CELL_GROWTH_INVOLVED_IN_CARDIAC_MUSCLE_CELL_DEVELOPMENT	False	False	False	True	False	True
GOBP_NEGATIVE_REGULATION_OF_CELL_JUNCTION_ASSEMBLY	False	False	False	True	False	True
GOBP_NEGATIVE_REGULATION_OF_CELL_KILLING	False	False	False	True	False	True
GOBP_NEGATIVE_REGULATION_OF_CELL_MATRIX_ADHESION	False	False	False	True	False	True
GOBP_NEGATIVE_REGULATION_OF_CELL_MATURATION	False	False	True	True	True	True
GOBP_NEGATIVE_REGULATION_OF_CELL_MIGRATION_INVOLVED_IN_SPROUTING_ANGIOGENESIS	False	False	False	True	False	True
GOBP_NEGATIVE_REGULATION_OF_CELL_POPULATION_PROLIFERATION	True	False	False	False	False	False
GOBP_NEGATIVE_REGULATION_OF_CELL_PROJECTION_ORGANIZATION	False	False	False	False	False	False
GOBP_NEGATIVE_REGULATION_OF_CELL_PROLIFERATION_INVOLVED_IN_KIDNEY_DEVELOPMENT	False	False	True	True	True	True
GOBP_NEGATIVE_REGULATION_OF_CELL_SIZE	False	False	True	True	True	True
GOBP_NEGATIVE_REGULATION_OF_CELL_SUBSTRATE_ADHESION	False	False	False	False	False	False
GOBP_NEGATIVE_REGULATION_OF_CELL_SUBSTRATE_JUNCTION_ORGANIZATION	False	False	True	True	True	True
GOBP_NEGATIVE_REGULATION_OF_CGAS_STING_SIGNALING_PATHWAY	False	False	True	True	True	True
GOBP_NEGATIVE_REGULATION_OF_CGMP_MEDIATED_SIGNALING	False	False	False	True	False	True
GOBP_NEGATIVE_REGULATION_OF_CHEMOKINE_C_C_MOTIF_LIGAND_5_PRODUCTION	False	False	True	True	True	True
GOBP_NEGATIVE_REGULATION_OF_CHEMOKINE_C_X_C_MOTIF_LIGAND_2_PRODUCTION	False	False	False	True	True	True
GOBP_NEGATIVE_REGULATION_OF_CHEMOKINE_MEDIATED_SIGNALING_PATHWAY	False	False	True	True	True	True
GOBP_NEGATIVE_REGULATION_OF_CHEMOKINE_PRODUCTION	False	False	False	True	False	True
GOBP_NEGATIVE_REGULATION_OF_CHEMOTAXIS	False	False	False	False	False	False
GOBP_NEGATIVE_REGULATION_OF_CHOLESTEROL_BIOSYNTHETIC_PROCESS	False	False	False	False	False	False
GOBP_NEGATIVE_REGULATION_OF_CHOLESTEROL_EFFLUX	False	False	True	True	True	True
GOBP_NEGATIVE_REGULATION_OF_CHOLESTEROL_METABOLIC_PROCESS	False	False	False	False	False	False
GOBP_NEGATIVE_REGULATION_OF_CHOLESTEROL_STORAGE	False	False	True	True	True	True
GOBP_NEGATIVE_REGULATION_OF_CHONDROCYTE_DIFFERENTIATION	False	False	False	True	False	True
GOBP_NEGATIVE_REGULATION_OF_CHROMATIN_ORGANIZATION	False	False	True	True	True	True
GOBP_NEGATIVE_REGULATION_OF_CHROMOSOME_ORGANIZATION	True	False	False	False	False	False
GOBP_NEGATIVE_REGULATION_OF_CHROMOSOME_SEGREGATION	True	False	False	True	False	True
GOBP_NEGATIVE_REGULATION_OF_CILIUM_ASSEMBLY	False	False	False	True	False	True
GOBP_NEGATIVE_REGULATION_OF_CIRCADIAN_RHYTHM	False	False	True	True	True	True
GOBP_NEGATIVE_REGULATION_OF_COAGULATION	False	False	False	False	False	False
GOBP_NEGATIVE_REGULATION_OF_COLD_INDUCED_THERMOGENESIS	False	False	False	True	False	True
GOBP_NEGATIVE_REGULATION_OF_COLLAGEN_METABOLIC_PROCESS	False	False	False	True	False	True
GOBP_NEGATIVE_REGULATION_OF_COLLATERAL_SPROUTING	False	False	False	True	False	True
GOBP_NEGATIVE_REGULATION_OF_COMPLEMENT_ACTIVATION	False	False	False	True	False	True
GOBP_NEGATIVE_REGULATION_OF_CYCLIN_DEPENDENT_PROTEIN_KINASE_ACTIVITY	False	False	False	True	False	True
GOBP_NEGATIVE_REGULATION_OF_CYTOKINESIS	False	False	True	True	True	True
GOBP_NEGATIVE_REGULATION_OF_CYTOKINE_PRODUCTION	False	False	False	False	False	False
GOBP_NEGATIVE_REGULATION_OF_CYTOKINE_PRODUCTION_INVOLVED_IN_IMMUNE_RESPONSE	False	False	False	False	False	False
GOBP_NEGATIVE_REGULATION_OF_CYTOKINE_PRODUCTION_INVOLVED_IN_INFLAMMATORY_RESPONSE	False	False	False	True	False	True
GOBP_NEGATIVE_REGULATION_OF_CYTOPLASMIC_PATTERN_RECOGNITION_RECEPTOR_SIGNALING_PATHWAY	False	False	False	True	False	True
GOBP_NEGATIVE_REGULATION_OF_CYTOPLASMIC_TRANSLATION	False	False	False	False	False	False
GOBP_NEGATIVE_REGULATION_OF_CYTOSKELETON_ORGANIZATION	False	False	False	False	False	False
GOBP_NEGATIVE_REGULATION_OF_CYTOSOLIC_CALCIUM_ION_CONCENTRATION	False	False	True	True	True	True
GOBP_NEGATIVE_REGULATION_OF_DEFENSE_RESPONSE	False	False	False	False	False	False
GOBP_NEGATIVE_REGULATION_OF_DEFENSE_RESPONSE_TO_BACTERIUM	False	False	True	True	True	True
GOBP_NEGATIVE_REGULATION_OF_DEFENSE_RESPONSE_TO_VIRUS	False	False	True	True	True	True
GOBP_NEGATIVE_REGULATION_OF_DELAYED_RECTIFIER_POTASSIUM_CHANNEL_ACTIVITY	False	False	True	True	True	True
GOBP_NEGATIVE_REGULATION_OF_DENDRITE_DEVELOPMENT	False	False	True	True	True	True
GOBP_NEGATIVE_REGULATION_OF_DENDRITE_MORPHOGENESIS	False	False	True	True	True	True
GOBP_NEGATIVE_REGULATION_OF_DENDRITIC_CELL_APOPTOTIC_PROCESS	False	False	False	False	False	False
GOBP_NEGATIVE_REGULATION_OF_DENDRITIC_CELL_DIFFERENTIATION	False	False	True	True	True	True
GOBP_NEGATIVE_REGULATION_OF_DENDRITIC_SPINE_DEVELOPMENT	False	False	True	True	True	True
GOBP_NEGATIVE_REGULATION_OF_DENDRITIC_SPINE_MAINTENANCE	False	False	False	False	False	False
GOBP_NEGATIVE_REGULATION_OF_DEVELOPMENTAL_GROWTH	False	False	False	True	False	True
GOBP_NEGATIVE_REGULATION_OF_DEVELOPMENTAL_PROCESS	True	False	False	False	False	False
GOBP_NEGATIVE_REGULATION_OF_DIGESTIVE_SYSTEM_PROCESS	False	False	True	True	True	True
GOBP_NEGATIVE_REGULATION_OF_DNA_BINDING	False	False	True	True	True	True
GOBP_NEGATIVE_REGULATION_OF_DNA_BINDING_TRANSCRIPTION_FACTOR_ACTIVITY	False	False	False	False	False	False
GOBP_NEGATIVE_REGULATION_OF_DNA_BIOSYNTHETIC_PROCESS	False	False	False	True	False	True
GOBP_NEGATIVE_REGULATION_OF_DNA_DAMAGE_RESPONSE_SIGNAL_TRANSDUCTION_BY_P53_CLASS_MEDIATOR	False	False	False	False	False	False
GOBP_NEGATIVE_REGULATION_OF_DNA_METABOLIC_PROCESS	True	False	False	True	False	True
GOBP_NEGATIVE_REGULATION_OF_DNA_RECOMBINATION	False	False	False	True	False	True
GOBP_NEGATIVE_REGULATION_OF_DNA_REPAIR	False	False	True	True	True	True
GOBP_NEGATIVE_REGULATION_OF_DNA_REPLICATION	False	False	True	True	True	True
GOBP_NEGATIVE_REGULATION_OF_DNA_TEMPLATED_DNA_REPLICATION	False	False	True	True	True	True
GOBP_NEGATIVE_REGULATION_OF_DNA_TEMPLATED_TRANSCRIPTION_ELONGATION	False	False	True	True	True	True
GOBP_NEGATIVE_REGULATION_OF_DNA_TEMPLATED_TRANSCRIPTION_INITIATION	False	False	False	False	False	False
GOBP_NEGATIVE_REGULATION_OF_DOUBLE_STRAND_BREAK_REPAIR_VIA_HOMOLOGOUS_RECOMBINATION	False	False	False	True	False	True
GOBP_NEGATIVE_REGULATION_OF_DOUBLE_STRAND_BREAK_REPAIR_VIA_NONHOMOLOGOUS_END_JOINING	False	False	True	True	True	True
GOBP_NEGATIVE_REGULATION_OF_D_GLUCOSE_IMPORT	False	False	True	True	True	True
GOBP_NEGATIVE_REGULATION_OF_D_GLUCOSE_TRANSMEMBRANE_TRANSPORT	False	False	True	True	True	True
GOBP_NEGATIVE_REGULATION_OF_ENDOCYTOSIS	False	False	False	True	False	True
GOBP_NEGATIVE_REGULATION_OF_ENDOPEPTIDASE_ACTIVITY	False	False	True	True	True	True
GOBP_NEGATIVE_REGULATION_OF_ENDOPLASMIC_RETICULUM_STRESS_INDUCED_INTRINSIC_APOPTOTIC_SIGNALING_PATHWAY	False	False	False	True	False	True
GOBP_NEGATIVE_REGULATION_OF_ENDOPLASMIC_RETICULUM_UNFOLDED_PROTEIN_RESPONSE	False	False	False	True	False	True
GOBP_NEGATIVE_REGULATION_OF_ENDOTHELIAL_CELL_APOPTOTIC_PROCESS	False	False	False	True	False	True
GOBP_NEGATIVE_REGULATION_OF_ENDOTHELIAL_CELL_DIFFERENTIATION	False	False	False	True	False	True
GOBP_NEGATIVE_REGULATION_OF_ENDOTHELIAL_CELL_MIGRATION	False	False	False	False	False	False
GOBP_NEGATIVE_REGULATION_OF_ENDOTHELIAL_CELL_PROLIFERATION	False	False	False	False	False	False
GOBP_NEGATIVE_REGULATION_OF_EPIDERMIS_DEVELOPMENT	False	False	True	True	True	True
GOBP_NEGATIVE_REGULATION_OF_EPINEPHRINE_SECRETION	False	False	True	True	True	True
GOBP_NEGATIVE_REGULATION_OF_EPITHELIAL_CELL_APOPTOTIC_PROCESS	False	False	False	True	False	True
GOBP_NEGATIVE_REGULATION_OF_EPITHELIAL_CELL_DIFFERENTIATION	False	False	False	True	False	True
GOBP_NEGATIVE_REGULATION_OF_EPITHELIAL_CELL_MIGRATION	False	False	False	True	False	True
GOBP_NEGATIVE_REGULATION_OF_EPITHELIAL_CELL_PROLIFERATION	False	False	False	False	False	False
GOBP_NEGATIVE_REGULATION_OF_EPITHELIAL_CELL_PROLIFERATION_INVOLVED_IN_PROSTATE_GLAND_DEVELOPMENT	False	False	True	True	True	True
GOBP_NEGATIVE_REGULATION_OF_EPITHELIAL_TO_MESENCHYMAL_TRANSITION	False	False	False	True	False	True
GOBP_NEGATIVE_REGULATION_OF_ERBB_SIGNALING_PATHWAY	False	False	False	True	False	True
GOBP_NEGATIVE_REGULATION_OF_ERK1_AND_ERK2_CASCADE	False	False	False	False	False	False
GOBP_NEGATIVE_REGULATION_OF_ERYTHROCYTE_DIFFERENTIATION	False	False	False	True	False	True
GOBP_NEGATIVE_REGULATION_OF_ESTABLISHMENT_OF_PROTEIN_LOCALIZATION	False	False	False	False	False	False
GOBP_NEGATIVE_REGULATION_OF_ESTABLISHMENT_OF_PROTEIN_LOCALIZATION_TO_MITOCHONDRION	False	False	True	True	True	True
GOBP_NEGATIVE_REGULATION_OF_EXCITATORY_POSTSYNAPTIC_POTENTIAL	False	False	False	False	False	False
GOBP_NEGATIVE_REGULATION_OF_EXECUTION_PHASE_OF_APOPTOSIS	False	False	False	True	False	True
GOBP_NEGATIVE_REGULATION_OF_EXOCYTOSIS	False	False	False	True	False	True
GOBP_NEGATIVE_REGULATION_OF_EXTRACELLULAR_MATRIX_ASSEMBLY	False	False	True	True	True	True
GOBP_NEGATIVE_REGULATION_OF_EXTRACELLULAR_MATRIX_DISASSEMBLY	False	False	True	True	True	True
GOBP_NEGATIVE_REGULATION_OF_EXTRACELLULAR_MATRIX_ORGANIZATION	False	False	False	True	False	True
GOBP_NEGATIVE_REGULATION_OF_EXTRINSIC_APOPTOTIC_SIGNALING_PATHWAY	False	False	False	False	False	False
GOBP_NEGATIVE_REGULATION_OF_EXTRINSIC_APOPTOTIC_SIGNALING_PATHWAY_VIA_DEATH_DOMAIN_RECEPTORS	False	False	False	True	False	True
GOBP_NEGATIVE_REGULATION_OF_FATTY_ACID_BIOSYNTHETIC_PROCESS	False	False	True	True	True	True
GOBP_NEGATIVE_REGULATION_OF_FATTY_ACID_METABOLIC_PROCESS	False	False	False	True	False	True
GOBP_NEGATIVE_REGULATION_OF_FATTY_ACID_OXIDATION	False	False	True	True	True	True
GOBP_NEGATIVE_REGULATION_OF_FATTY_ACID_TRANSPORT	False	False	True	True	True	True
GOBP_NEGATIVE_REGULATION_OF_FAT_CELL_DIFFERENTIATION	False	False	False	True	False	True
GOBP_NEGATIVE_REGULATION_OF_FAT_CELL_PROLIFERATION	False	False	True	True	True	True
GOBP_NEGATIVE_REGULATION_OF_FEEDING_BEHAVIOR	False	False	False	False	False	False
GOBP_NEGATIVE_REGULATION_OF_FERROPTOSIS	False	False	False	False	False	True
GOBP_NEGATIVE_REGULATION_OF_FERTILIZATION	False	False	False	True	False	True
GOBP_NEGATIVE_REGULATION_OF_FIBRINOLYSIS	False	False	False	True	False	True
GOBP_NEGATIVE_REGULATION_OF_FIBROBLAST_APOPTOTIC_PROCESS	False	False	True	True	True	True
GOBP_NEGATIVE_REGULATION_OF_FIBROBLAST_GROWTH_FACTOR_PRODUCTION	False	False	True	True	True	True
GOBP_NEGATIVE_REGULATION_OF_FIBROBLAST_GROWTH_FACTOR_RECEPTOR_SIGNALING_PATHWAY	False	False	False	False	False	False
GOBP_NEGATIVE_REGULATION_OF_FIBROBLAST_MIGRATION	False	False	True	True	True	True
GOBP_NEGATIVE_REGULATION_OF_FIBROBLAST_PROLIFERATION	False	False	False	True	False	True
GOBP_NEGATIVE_REGULATION_OF_G0_TO_G1_TRANSITION	False	False	True	True	True	True
GOBP_NEGATIVE_REGULATION_OF_GENE_EXPRESSION	True	False	False	False	False	False
GOBP_NEGATIVE_REGULATION_OF_GENE_EXPRESSION_EPIGENETIC	True	False	False	False	False	True
GOBP_NEGATIVE_REGULATION_OF_GENE_EXPRESSION_VIA_CHROMOSOMAL_CPG_ISLAND_METHYLATION	False	False	True	True	True	True
GOBP_NEGATIVE_REGULATION_OF_GLIAL_CELL_APOPTOTIC_PROCESS	False	False	False	True	False	True
GOBP_NEGATIVE_REGULATION_OF_GLIAL_CELL_DIFFERENTIATION	False	False	False	True	False	True
GOBP_NEGATIVE_REGULATION_OF_GLIAL_CELL_MIGRATION	False	False	True	True	True	True
GOBP_NEGATIVE_REGULATION_OF_GLIAL_CELL_PROLIFERATION	False	False	False	True	False	True
GOBP_NEGATIVE_REGULATION_OF_GLIOGENESIS	False	False	False	True	False	True
GOBP_NEGATIVE_REGULATION_OF_GLOMERULAR_FILTRATION	False	False	True	True	True	True
GOBP_NEGATIVE_REGULATION_OF_GLUCOCORTICOID_METABOLIC_PROCESS	False	False	False	True	False	True
GOBP_NEGATIVE_REGULATION_OF_GLUCONEOGENESIS	False	False	True	True	True	True
GOBP_NEGATIVE_REGULATION_OF_GLUTAMATE_SECRETION	False	False	False	False	False	False
GOBP_NEGATIVE_REGULATION_OF_GLYCOGEN_BIOSYNTHETIC_PROCESS	False	False	False	False	False	False
GOBP_NEGATIVE_REGULATION_OF_GLYCOGEN_METABOLIC_PROCESS	False	False	True	True	True	True
GOBP_NEGATIVE_REGULATION_OF_GLYCOPROTEIN_METABOLIC_PROCESS	False	False	False	True	False	True
GOBP_NEGATIVE_REGULATION_OF_GONADOTROPIN_SECRETION	False	False	True	True	True	True
GOBP_NEGATIVE_REGULATION_OF_GRANULOCYTE_CHEMOTAXIS	False	False	True	True	True	True
GOBP_NEGATIVE_REGULATION_OF_GRANULOCYTE_DIFFERENTIATION	False	False	False	True	False	True
GOBP_NEGATIVE_REGULATION_OF_GROWTH	False	False	False	False	False	False
GOBP_NEGATIVE_REGULATION_OF_GTPASE_ACTIVITY	False	False	True	True	True	True
GOBP_NEGATIVE_REGULATION_OF_GUANYL_NUCLEOTIDE_EXCHANGE_FACTOR_ACTIVITY	False	False	True	True	True	True
GOBP_NEGATIVE_REGULATION_OF_G_PROTEIN_COUPLED_RECEPTOR_SIGNALING_PATHWAY	False	False	False	True	False	True
GOBP_NEGATIVE_REGULATION_OF_HAIR_FOLLICLE_DEVELOPMENT	False	False	True	True	True	True
GOBP_NEGATIVE_REGULATION_OF_HEART_RATE	False	False	True	True	True	True
GOBP_NEGATIVE_REGULATION_OF_HEMATOPOIETIC_PROGENITOR_CELL_DIFFERENTIATION	False	False	False	True	False	True
GOBP_NEGATIVE_REGULATION_OF_HEMATOPOIETIC_STEM_CELL_DIFFERENTIATION	False	False	False	False	False	False
GOBP_NEGATIVE_REGULATION_OF_HEMATOPOIETIC_STEM_CELL_PROLIFERATION	False	False	False	True	False	True
GOBP_NEGATIVE_REGULATION_OF_HEMOPOIESIS	False	False	False	False	False	False
GOBP_NEGATIVE_REGULATION_OF_HETEROCHROMATIN_FORMATION	False	False	True	True	True	True
GOBP_NEGATIVE_REGULATION_OF_HIPPO_SIGNALING	False	False	True	True	True	True
GOBP_NEGATIVE_REGULATION_OF_HOMOTYPIC_CELL_CELL_ADHESION	False	False	False	True	False	True
GOBP_NEGATIVE_REGULATION_OF_HORMONE_BIOSYNTHETIC_PROCESS	False	False	True	True	True	True
GOBP_NEGATIVE_REGULATION_OF_HORMONE_METABOLIC_PROCESS	False	False	False	True	False	True
GOBP_NEGATIVE_REGULATION_OF_HORMONE_SECRETION	False	False	False	True	False	True
GOBP_NEGATIVE_REGULATION_OF_HUMORAL_IMMUNE_RESPONSE	False	False	False	True	False	True
GOBP_NEGATIVE_REGULATION_OF_HUMORAL_IMMUNE_RESPONSE_MEDIATED_BY_CIRCULATING_IMMUNOGLOBULIN	False	False	True	True	True	True
GOBP_NEGATIVE_REGULATION_OF_HYDROGEN_PEROXIDE_MEDIATED_PROGRAMMED_CELL_DEATH	False	False	False	True	False	True
GOBP_NEGATIVE_REGULATION_OF_HYDROLASE_ACTIVITY	False	False	False	False	False	False
GOBP_NEGATIVE_REGULATION_OF_HYPOXIA_INDUCED_INTRINSIC_APOPTOTIC_SIGNALING_PATHWAY	False	False	False	True	False	True
GOBP_NEGATIVE_REGULATION_OF_IMMUNE_EFFECTOR_PROCESS	False	False	False	False	False	False
GOBP_NEGATIVE_REGULATION_OF_IMMUNE_RESPONSE	False	False	False	False	False	False
GOBP_NEGATIVE_REGULATION_OF_IMMUNE_SYSTEM_PROCESS	True	False	False	False	False	False
GOBP_NEGATIVE_REGULATION_OF_IMMUNOGLOBULIN_PRODUCTION	False	False	False	True	False	True
GOBP_NEGATIVE_REGULATION_OF_INCLUSION_BODY_ASSEMBLY	False	False	False	True	True	True
GOBP_NEGATIVE_REGULATION_OF_INFLAMMASOME_MEDIATED_SIGNALING_PATHWAY	False	False	False	True	False	True
GOBP_NEGATIVE_REGULATION_OF_INFLAMMATORY_RESPONSE	False	False	False	False	False	True
GOBP_NEGATIVE_REGULATION_OF_INFLAMMATORY_RESPONSE_TO_ANTIGENIC_STIMULUS	False	False	False	True	False	True
GOBP_NEGATIVE_REGULATION_OF_INFLAMMATORY_RESPONSE_TO_WOUNDING	False	False	True	True	False	True
GOBP_NEGATIVE_REGULATION_OF_INNATE_IMMUNE_RESPONSE	False	False	False	False	False	False
GOBP_NEGATIVE_REGULATION_OF_INSULIN_LIKE_GROWTH_FACTOR_RECEPTOR_SIGNALING_PATHWAY	False	False	False	False	False	False
GOBP_NEGATIVE_REGULATION_OF_INSULIN_SECRETION_INVOLVED_IN_CELLULAR_RESPONSE_TO_GLUCOSE_STIMULUS	False	False	False	True	False	True
GOBP_NEGATIVE_REGULATION_OF_INTERFERON_ALPHA_PRODUCTION	False	False	True	True	True	True
GOBP_NEGATIVE_REGULATION_OF_INTERFERON_BETA_PRODUCTION	False	False	False	True	True	True
GOBP_NEGATIVE_REGULATION_OF_INTERLEUKIN_10_PRODUCTION	False	False	False	True	False	True
GOBP_NEGATIVE_REGULATION_OF_INTERLEUKIN_12_PRODUCTION	False	False	False	True	False	True
GOBP_NEGATIVE_REGULATION_OF_INTERLEUKIN_13_PRODUCTION	False	False	True	True	True	True
GOBP_NEGATIVE_REGULATION_OF_INTERLEUKIN_17_PRODUCTION	False	False	True	True	True	True
GOBP_NEGATIVE_REGULATION_OF_INTERLEUKIN_1_BETA_PRODUCTION	False	False	False	True	False	True
GOBP_NEGATIVE_REGULATION_OF_INTERLEUKIN_1_MEDIATED_SIGNALING_PATHWAY	False	False	True	True	True	True
GOBP_NEGATIVE_REGULATION_OF_INTERLEUKIN_1_PRODUCTION	False	False	False	True	False	True
GOBP_NEGATIVE_REGULATION_OF_INTERLEUKIN_2_PRODUCTION	False	False	False	True	False	True
GOBP_NEGATIVE_REGULATION_OF_INTERLEUKIN_4_PRODUCTION	False	False	True	True	True	True
GOBP_NEGATIVE_REGULATION_OF_INTERLEUKIN_5_PRODUCTION	False	False	True	True	True	True
GOBP_NEGATIVE_REGULATION_OF_INTERLEUKIN_6_PRODUCTION	False	False	False	True	False	True
GOBP_NEGATIVE_REGULATION_OF_INTERLEUKIN_8_PRODUCTION	False	False	True	True	True	True
GOBP_NEGATIVE_REGULATION_OF_INTRACELLULAR_ESTROGEN_RECEPTOR_SIGNALING_PATHWAY	False	False	False	True	False	True
GOBP_NEGATIVE_REGULATION_OF_INTRACELLULAR_PROTEIN_TRANSPORT	False	False	False	True	False	True
GOBP_NEGATIVE_REGULATION_OF_INTRACELLULAR_SIGNAL_TRANSDUCTION	True	False	False	False	False	False
GOBP_NEGATIVE_REGULATION_OF_INTRACELLULAR_STEROID_HORMONE_RECEPTOR_SIGNALING_PATHWAY	False	False	False	True	False	True
GOBP_NEGATIVE_REGULATION_OF_INTRACELLULAR_TRANSPORT	False	False	False	True	False	True
GOBP_NEGATIVE_REGULATION_OF_INTRINSIC_APOPTOTIC_SIGNALING_PATHWAY	False	False	False	False	False	False
GOBP_NEGATIVE_REGULATION_OF_INTRINSIC_APOPTOTIC_SIGNALING_PATHWAY_BY_P53_CLASS_MEDIATOR	False	False	False	True	False	True
GOBP_NEGATIVE_REGULATION_OF_INTRINSIC_APOPTOTIC_SIGNALING_PATHWAY_IN_RESPONSE_TO_DNA_DAMAGE	False	False	False	False	False	False
GOBP_NEGATIVE_REGULATION_OF_INTRINSIC_APOPTOTIC_SIGNALING_PATHWAY_IN_RESPONSE_TO_DNA_DAMAGE_BY_P53_CLASS_MEDIATOR	False	False	False	True	False	True
GOBP_NEGATIVE_REGULATION_OF_INTRINSIC_APOPTOTIC_SIGNALING_PATHWAY_IN_RESPONSE_TO_OSMOTIC_STRESS	False	False	False	True	False	True
GOBP_NEGATIVE_REGULATION_OF_ION_TRANSMEMBRANE_TRANSPORTER_ACTIVITY	False	False	False	True	False	True
GOBP_NEGATIVE_REGULATION_OF_IRE1_MEDIATED_UNFOLDED_PROTEIN_RESPONSE	False	False	True	True	True	True
GOBP_NEGATIVE_REGULATION_OF_JNK_CASCADE	False	False	False	True	False	True
GOBP_NEGATIVE_REGULATION_OF_JUN_KINASE_ACTIVITY	False	False	False	False	False	False
GOBP_NEGATIVE_REGULATION_OF_KERATINOCYTE_DIFFERENTIATION	False	False	True	True	True	True
GOBP_NEGATIVE_REGULATION_OF_KERATINOCYTE_PROLIFERATION	False	False	False	True	False	True
GOBP_NEGATIVE_REGULATION_OF_KIDNEY_DEVELOPMENT	False	False	False	False	False	False
GOBP_NEGATIVE_REGULATION_OF_KINASE_ACTIVITY	False	False	False	True	False	True
GOBP_NEGATIVE_REGULATION_OF_LAMELLIPODIUM_ASSEMBLY	False	False	True	True	True	True
GOBP_NEGATIVE_REGULATION_OF_LAMELLIPODIUM_ORGANIZATION	False	False	True	True	True	True
GOBP_NEGATIVE_REGULATION_OF_LENS_FIBER_CELL_DIFFERENTIATION	False	False	True	True	True	True
GOBP_NEGATIVE_REGULATION_OF_LEUKOCYTE_ADHESION_TO_VASCULAR_ENDOTHELIAL_CELL	False	False	True	True	True	True
GOBP_NEGATIVE_REGULATION_OF_LEUKOCYTE_APOPTOTIC_PROCESS	False	False	False	False	False	False
GOBP_NEGATIVE_REGULATION_OF_LEUKOCYTE_CELL_CELL_ADHESION	False	False	False	False	False	False
GOBP_NEGATIVE_REGULATION_OF_LEUKOCYTE_CHEMOTAXIS	False	False	False	True	False	True
GOBP_NEGATIVE_REGULATION_OF_LEUKOCYTE_DEGRANULATION	False	False	False	True	False	True
GOBP_NEGATIVE_REGULATION_OF_LEUKOCYTE_MEDIATED_IMMUNITY	False	False	False	False	False	False
GOBP_NEGATIVE_REGULATION_OF_LEUKOCYTE_MIGRATION	False	False	False	True	False	True
GOBP_NEGATIVE_REGULATION_OF_LEUKOCYTE_PROLIFERATION	False	False	False	False	False	False
GOBP_NEGATIVE_REGULATION_OF_LIPID_BIOSYNTHETIC_PROCESS	False	False	False	False	False	False
GOBP_NEGATIVE_REGULATION_OF_LIPID_CATABOLIC_PROCESS	False	False	True	True	True	True
GOBP_NEGATIVE_REGULATION_OF_LIPID_LOCALIZATION	False	False	False	True	False	True
GOBP_NEGATIVE_REGULATION_OF_LIPID_METABOLIC_PROCESS	False	False	False	True	False	True
GOBP_NEGATIVE_REGULATION_OF_LIPID_STORAGE	False	False	False	True	False	True
GOBP_NEGATIVE_REGULATION_OF_LIPID_TRANSPORT	False	False	False	True	False	True
GOBP_NEGATIVE_REGULATION_OF_LIPOPOLYSACCHARIDE_MEDIATED_SIGNALING_PATHWAY	False	False	True	True	True	True
GOBP_NEGATIVE_REGULATION_OF_LIPOPROTEIN_METABOLIC_PROCESS	False	False	False	True	False	True
GOBP_NEGATIVE_REGULATION_OF_LIPOPROTEIN_PARTICLE_CLEARANCE	False	False	False	True	False	True
GOBP_NEGATIVE_REGULATION_OF_LOCOMOTION	True	False	False	False	False	False
GOBP_NEGATIVE_REGULATION_OF_LONG_TERM_SYNAPTIC_POTENTIATION	False	False	False	True	False	True
GOBP_NEGATIVE_REGULATION_OF_LOW_DENSITY_LIPOPROTEIN_PARTICLE_CLEARANCE	False	False	True	True	True	True
GOBP_NEGATIVE_REGULATION_OF_LYASE_ACTIVITY	False	False	True	True	True	True
GOBP_NEGATIVE_REGULATION_OF_LYMPHOCYTE_ACTIVATION	False	False	False	False	False	False
GOBP_NEGATIVE_REGULATION_OF_LYMPHOCYTE_APOPTOTIC_PROCESS	False	False	False	False	False	False
GOBP_NEGATIVE_REGULATION_OF_LYMPHOCYTE_DIFFERENTIATION	False	False	False	True	False	True
GOBP_NEGATIVE_REGULATION_OF_LYMPHOCYTE_MIGRATION	False	False	True	True	True	True
GOBP_NEGATIVE_REGULATION_OF_MACROAUTOPHAGY	False	False	False	True	False	True
GOBP_NEGATIVE_REGULATION_OF_MACROPHAGE_ACTIVATION	False	False	False	True	False	True
GOBP_NEGATIVE_REGULATION_OF_MACROPHAGE_APOPTOTIC_PROCESS	False	False	True	True	True	True
GOBP_NEGATIVE_REGULATION_OF_MACROPHAGE_CHEMOTAXIS	False	False	False	True	False	True
GOBP_NEGATIVE_REGULATION_OF_MACROPHAGE_CYTOKINE_PRODUCTION	False	False	False	True	False	True
GOBP_NEGATIVE_REGULATION_OF_MACROPHAGE_DERIVED_FOAM_CELL_DIFFERENTIATION	False	False	False	True	False	True
GOBP_NEGATIVE_REGULATION_OF_MACROPHAGE_DIFFERENTIATION	False	False	True	True	True	True
GOBP_NEGATIVE_REGULATION_OF_MACROPHAGE_MIGRATION	False	False	False	True	False	True
GOBP_NEGATIVE_REGULATION_OF_MAMMARY_GLAND_EPITHELIAL_CELL_PROLIFERATION	False	False	True	True	True	True
GOBP_NEGATIVE_REGULATION_OF_MAPK_CASCADE	False	False	False	False	False	False
GOBP_NEGATIVE_REGULATION_OF_MAP_KINASE_ACTIVITY	False	False	True	True	True	True
GOBP_NEGATIVE_REGULATION_OF_MAST_CELL_ACTIVATION	False	False	True	True	True	True
GOBP_NEGATIVE_REGULATION_OF_MAST_CELL_DEGRANULATION	False	False	True	True	True	True
GOBP_NEGATIVE_REGULATION_OF_MEIOTIC_CELL_CYCLE	False	False	True	True	True	True
GOBP_NEGATIVE_REGULATION_OF_MEIOTIC_CELL_CYCLE_PHASE_TRANSITION	False	False	True	True	True	True
GOBP_NEGATIVE_REGULATION_OF_MEIOTIC_CHROMOSOME_SEPARATION	False	False	True	True	True	True
GOBP_NEGATIVE_REGULATION_OF_MEIOTIC_NUCLEAR_DIVISION	False	False	True	True	True	True
GOBP_NEGATIVE_REGULATION_OF_MEMBRANE_DEPOLARIZATION	False	False	False	True	False	True
GOBP_NEGATIVE_REGULATION_OF_MEMBRANE_PERMEABILITY	False	False	True	True	True	True
GOBP_NEGATIVE_REGULATION_OF_MEMBRANE_POTENTIAL	False	False	True	True	True	True
GOBP_NEGATIVE_REGULATION_OF_MEMBRANE_PROTEIN_ECTODOMAIN_PROTEOLYSIS	False	False	False	True	False	True
GOBP_NEGATIVE_REGULATION_OF_MESENCHYMAL_CELL_APOPTOTIC_PROCESS	False	False	False	True	False	True
GOBP_NEGATIVE_REGULATION_OF_MESENCHYMAL_CELL_PROLIFERATION	False	False	True	True	True	True
GOBP_NEGATIVE_REGULATION_OF_MICROGLIAL_CELL_ACTIVATION	False	False	True	True	True	True
GOBP_NEGATIVE_REGULATION_OF_MICROTUBULE_DEPOLYMERIZATION	False	False	False	True	False	True
GOBP_NEGATIVE_REGULATION_OF_MICROTUBULE_POLYMERIZATION	False	False	True	True	True	True
GOBP_NEGATIVE_REGULATION_OF_MICROTUBULE_POLYMERIZATION_OR_DEPOLYMERIZATION	False	False	False	True	False	True
GOBP_NEGATIVE_REGULATION_OF_MIRNA_METABOLIC_PROCESS	False	False	False	True	False	True
GOBP_NEGATIVE_REGULATION_OF_MITOCHONDRIAL_FISSION	False	False	True	True	True	True
GOBP_NEGATIVE_REGULATION_OF_MITOCHONDRIAL_OUTER_MEMBRANE_PERMEABILIZATION_INVOLVED_IN_APOPTOTIC_SIGNALING_PATHWAY	False	False	True	True	True	True
GOBP_NEGATIVE_REGULATION_OF_MITOTIC_CELL_CYCLE	True	False	False	False	False	False
GOBP_NEGATIVE_REGULATION_OF_MITOTIC_CELL_CYCLE_PHASE_TRANSITION	True	False	False	False	False	False
GOBP_NEGATIVE_REGULATION_OF_MITOTIC_SPINDLE_ASSEMBLY_CHECKPOINT_SIGNALING	False	False	True	True	True	True
GOBP_NEGATIVE_REGULATION_OF_MOLECULAR_FUNCTION	True	False	False	False	False	False
GOBP_NEGATIVE_REGULATION_OF_MONOATOMIC_ION_TRANSMEMBRANE_TRANSPORT	False	False	False	True	False	True
GOBP_NEGATIVE_REGULATION_OF_MONOATOMIC_ION_TRANSPORT	False	False	False	True	False	True
GOBP_NEGATIVE_REGULATION_OF_MONOCYTE_CHEMOTACTIC_PROTEIN_1_PRODUCTION	False	False	False	False	False	False
GOBP_NEGATIVE_REGULATION_OF_MONOCYTE_CHEMOTAXIS	False	False	False	True	False	True
GOBP_NEGATIVE_REGULATION_OF_MONOCYTE_DIFFERENTIATION	False	False	True	True	True	True
GOBP_NEGATIVE_REGULATION_OF_MONONUCLEAR_CELL_MIGRATION	False	False	False	True	False	True
GOBP_NEGATIVE_REGULATION_OF_MORPHOGENESIS_OF_AN_EPITHELIUM	False	False	False	True	False	True
GOBP_NEGATIVE_REGULATION_OF_MOTOR_NEURON_APOPTOTIC_PROCESS	False	False	False	False	False	False
GOBP_NEGATIVE_REGULATION_OF_MRNA_CATABOLIC_PROCESS	False	False	False	True	False	True
GOBP_NEGATIVE_REGULATION_OF_MRNA_METABOLIC_PROCESS	False	False	False	True	False	True
GOBP_NEGATIVE_REGULATION_OF_MRNA_PROCESSING	False	False	True	True	True	True
GOBP_NEGATIVE_REGULATION_OF_MULTICELLULAR_ORGANISMAL_PROCESS	True	False	False	False	False	False
GOBP_NEGATIVE_REGULATION_OF_MULTICELLULAR_ORGANISM_GROWTH	False	False	False	False	False	False
GOBP_NEGATIVE_REGULATION_OF_MUSCLE_ADAPTATION	False	False	False	True	False	True
GOBP_NEGATIVE_REGULATION_OF_MUSCLE_CELL_APOPTOTIC_PROCESS	False	False	False	True	False	True
GOBP_NEGATIVE_REGULATION_OF_MUSCLE_CELL_DIFFERENTIATION	False	False	False	True	False	True
GOBP_NEGATIVE_REGULATION_OF_MUSCLE_CONTRACTION	False	False	False	True	False	True
GOBP_NEGATIVE_REGULATION_OF_MUSCLE_HYPERTROPHY	False	False	True	True	True	True
GOBP_NEGATIVE_REGULATION_OF_MUSCLE_ORGAN_DEVELOPMENT	False	False	True	True	True	True
GOBP_NEGATIVE_REGULATION_OF_MUSCLE_TISSUE_DEVELOPMENT	False	False	True	True	True	True
GOBP_NEGATIVE_REGULATION_OF_MYELINATION	False	False	True	True	True	True
GOBP_NEGATIVE_REGULATION_OF_MYELOID_CELL_APOPTOTIC_PROCESS	False	False	False	True	False	True
GOBP_NEGATIVE_REGULATION_OF_MYELOID_CELL_DIFFERENTIATION	False	False	False	False	False	False
GOBP_NEGATIVE_REGULATION_OF_MYELOID_LEUKOCYTE_DIFFERENTIATION	False	False	False	True	False	True
GOBP_NEGATIVE_REGULATION_OF_MYELOID_LEUKOCYTE_MEDIATED_IMMUNITY	False	False	True	True	True	True
GOBP_NEGATIVE_REGULATION_OF_MYOBLAST_DIFFERENTIATION	False	False	False	True	False	True
GOBP_NEGATIVE_REGULATION_OF_MYOTUBE_DIFFERENTIATION	False	False	False	True	False	True
GOBP_NEGATIVE_REGULATION_OF_NATURAL_KILLER_CELL_ACTIVATION	False	False	False	True	False	True
GOBP_NEGATIVE_REGULATION_OF_NATURAL_KILLER_CELL_MEDIATED_IMMUNITY	False	False	False	False	False	False
GOBP_NEGATIVE_REGULATION_OF_NERVOUS_SYSTEM_DEVELOPMENT	False	False	False	False	False	True
GOBP_NEGATIVE_REGULATION_OF_NERVOUS_SYSTEM_PROCESS	False	False	True	True	True	True
GOBP_NEGATIVE_REGULATION_OF_NEURAL_PRECURSOR_CELL_PROLIFERATION	False	False	False	True	False	True
GOBP_NEGATIVE_REGULATION_OF_NEUROBLAST_PROLIFERATION	False	False	True	True	True	True
GOBP_NEGATIVE_REGULATION_OF_NEUROINFLAMMATORY_RESPONSE	False	False	False	True	False	True
GOBP_NEGATIVE_REGULATION_OF_NEURON_APOPTOTIC_PROCESS	False	False	False	False	False	False
GOBP_NEGATIVE_REGULATION_OF_NEURON_DIFFERENTIATION	False	False	False	True	False	True
GOBP_NEGATIVE_REGULATION_OF_NEURON_MIGRATION	False	False	True	True	True	True
GOBP_NEGATIVE_REGULATION_OF_NEURON_PROJECTION_DEVELOPMENT	False	False	False	False	False	False
GOBP_NEGATIVE_REGULATION_OF_NEURON_PROJECTION_REGENERATION	False	False	False	True	False	True
GOBP_NEGATIVE_REGULATION_OF_NEUROTRANSMITTER_TRANSPORT	False	False	True	True	True	True
GOBP_NEGATIVE_REGULATION_OF_NEUTROPHIL_ACTIVATION	False	False	False	True	False	True
GOBP_NEGATIVE_REGULATION_OF_NEUTROPHIL_MIGRATION	False	False	True	True	True	True
GOBP_NEGATIVE_REGULATION_OF_NF_KAPPAB_TRANSCRIPTION_FACTOR_ACTIVITY	False	False	False	True	False	True
GOBP_NEGATIVE_REGULATION_OF_NITRIC_OXIDE_METABOLIC_PROCESS	False	False	False	True	False	True
GOBP_NEGATIVE_REGULATION_OF_NLRP3_INFLAMMASOME_COMPLEX_ASSEMBLY	False	False	True	True	True	True
GOBP_NEGATIVE_REGULATION_OF_NODAL_SIGNALING_PATHWAY	False	False	False	False	False	False
GOBP_NEGATIVE_REGULATION_OF_NON_CANONICAL_NF_KAPPAB_SIGNAL_TRANSDUCTION	False	False	False	True	False	True
GOBP_NEGATIVE_REGULATION_OF_NON_CANONICAL_WNT_SIGNALING_PATHWAY	False	False	True	True	True	True
GOBP_NEGATIVE_REGULATION_OF_NOREPINEPHRINE_SECRETION	False	False	True	True	True	True
GOBP_NEGATIVE_REGULATION_OF_NOTCH_SIGNALING_PATHWAY	False	False	False	True	False	True
GOBP_NEGATIVE_REGULATION_OF_NUCLEAR_DIVISION	True	False	False	True	False	True
GOBP_NEGATIVE_REGULATION_OF_NUCLEAR_TRANSCRIBED_MRNA_CATABOLIC_PROCESS_DEADENYLATION_DEPENDENT_DECAY	False	False	False	False	False	False
GOBP_NEGATIVE_REGULATION_OF_NUCLEAR_TRANSCRIBED_MRNA_CATABOLIC_PROCESS_NONSENSE_MEDIATED_DECAY	False	False	False	False	False	False
GOBP_NEGATIVE_REGULATION_OF_NUCLEOBASE_CONTAINING_COMPOUND_METABOLIC_PROCESS	True	False	False	False	False	False
GOBP_NEGATIVE_REGULATION_OF_NUCLEOCYTOPLASMIC_TRANSPORT	False	False	False	True	False	True
GOBP_NEGATIVE_REGULATION_OF_NUCLEOTIDE_CATABOLIC_PROCESS	False	False	False	True	False	True
GOBP_NEGATIVE_REGULATION_OF_NUCLEOTIDE_METABOLIC_PROCESS	False	False	False	True	False	True
GOBP_NEGATIVE_REGULATION_OF_OLIGODENDROCYTE_DIFFERENTIATION	False	False	True	True	True	True
GOBP_NEGATIVE_REGULATION_OF_ORGANELLE_ASSEMBLY	False	False	False	True	False	True
GOBP_NEGATIVE_REGULATION_OF_ORGANELLE_ORGANIZATION	True	False	False	False	False	False
GOBP_NEGATIVE_REGULATION_OF_ORGANIC_ACID_TRANSPORT	False	False	False	True	False	True
GOBP_NEGATIVE_REGULATION_OF_ORGAN_GROWTH	False	False	True	True	True	True
GOBP_NEGATIVE_REGULATION_OF_OSSIFICATION	False	False	False	True	False	True
GOBP_NEGATIVE_REGULATION_OF_OSTEOBLAST_DIFFERENTIATION	False	False	False	True	False	True
GOBP_NEGATIVE_REGULATION_OF_OSTEOBLAST_PROLIFERATION	False	False	True	True	True	True
GOBP_NEGATIVE_REGULATION_OF_OSTEOCLAST_DEVELOPMENT	False	False	False	True	False	True
GOBP_NEGATIVE_REGULATION_OF_OSTEOCLAST_DIFFERENTIATION	False	False	True	True	True	True
GOBP_NEGATIVE_REGULATION_OF_OXIDATIVE_STRESS_INDUCED_INTRINSIC_APOPTOTIC_SIGNALING_PATHWAY	False	False	False	True	False	True
GOBP_NEGATIVE_REGULATION_OF_OXIDATIVE_STRESS_INDUCED_NEURON_INTRINSIC_APOPTOTIC_SIGNALING_PATHWAY	False	False	True	True	True	True
GOBP_NEGATIVE_REGULATION_OF_OXIDOREDUCTASE_ACTIVITY	False	False	False	True	True	True
GOBP_NEGATIVE_REGULATION_OF_P38MAPK_CASCADE	False	False	False	True	False	True
GOBP_NEGATIVE_REGULATION_OF_PEPTIDASE_ACTIVITY	False	False	False	True	False	True
GOBP_NEGATIVE_REGULATION_OF_PEPTIDE_SECRETION	False	False	False	True	False	True
GOBP_NEGATIVE_REGULATION_OF_PEPTIDYL_SERINE_PHOSPHORYLATION	False	False	True	True	True	True
GOBP_NEGATIVE_REGULATION_OF_PEPTIDYL_TYROSINE_PHOSPHORYLATION	False	False	False	True	False	True
GOBP_NEGATIVE_REGULATION_OF_PERK_MEDIATED_UNFOLDED_PROTEIN_RESPONSE	False	False	True	True	True	True
GOBP_NEGATIVE_REGULATION_OF_PHAGOCYTOSIS	False	False	False	True	False	True
GOBP_NEGATIVE_REGULATION_OF_PHOSPHATIDYLINOSITOL_3_KINASE_PROTEIN_KINASE_B_SIGNAL_TRANSDUCTION	False	False	False	True	False	True
GOBP_NEGATIVE_REGULATION_OF_PHOSPHOLIPID_METABOLIC_PROCESS	False	False	True	True	True	True
GOBP_NEGATIVE_REGULATION_OF_PHOSPHORUS_METABOLIC_PROCESS	False	False	False	False	False	False
GOBP_NEGATIVE_REGULATION_OF_PHOSPHORYLATION	False	False	False	False	False	False
GOBP_NEGATIVE_REGULATION_OF_PLASMA_MEMBRANE_BOUNDED_CELL_PROJECTION_ASSEMBLY	False	False	False	True	False	True
GOBP_NEGATIVE_REGULATION_OF_PLASMINOGEN_ACTIVATION	False	False	False	True	False	True
GOBP_NEGATIVE_REGULATION_OF_PLATELET_ACTIVATION	False	False	False	True	False	True
GOBP_NEGATIVE_REGULATION_OF_PLATELET_AGGREGATION	False	False	False	True	False	True
GOBP_NEGATIVE_REGULATION_OF_PLATELET_DERIVED_GROWTH_FACTOR_RECEPTOR_SIGNALING_PATHWAY	False	False	True	True	True	True
GOBP_NEGATIVE_REGULATION_OF_POST_TRANSCRIPTIONAL_GENE_SILENCING	False	False	True	True	False	True
GOBP_NEGATIVE_REGULATION_OF_POST_TRANSLATIONAL_PROTEIN_MODIFICATION	False	False	False	True	False	True
GOBP_NEGATIVE_REGULATION_OF_POTASSIUM_ION_EXPORT_ACROSS_PLASMA_MEMBRANE	False	False	True	True	True	True
GOBP_NEGATIVE_REGULATION_OF_POTASSIUM_ION_TRANSMEMBRANE_TRANSPORT	False	False	False	True	False	True
GOBP_NEGATIVE_REGULATION_OF_POTASSIUM_ION_TRANSMEMBRANE_TRANSPORTER_ACTIVITY	False	False	True	True	True	True
GOBP_NEGATIVE_REGULATION_OF_POTASSIUM_ION_TRANSPORT	False	False	False	True	False	True
GOBP_NEGATIVE_REGULATION_OF_PRODUCTION_OF_MOLECULAR_MEDIATOR_OF_IMMUNE_RESPONSE	False	False	False	True	False	True
GOBP_NEGATIVE_REGULATION_OF_PROGRAMMED_CELL_DEATH	True	False	False	False	False	False
GOBP_NEGATIVE_REGULATION_OF_PROGRAMMED_NECROTIC_CELL_DEATH	False	False	True	True	True	True
GOBP_NEGATIVE_REGULATION_OF_PROTEASOMAL_PROTEIN_CATABOLIC_PROCESS	False	False	False	True	False	True
GOBP_NEGATIVE_REGULATION_OF_PROTEASOMAL_UBIQUITIN_DEPENDENT_PROTEIN_CATABOLIC_PROCESS	False	False	False	True	False	True
GOBP_NEGATIVE_REGULATION_OF_PROTEIN_BINDING	False	False	False	True	False	True
GOBP_NEGATIVE_REGULATION_OF_PROTEIN_CATABOLIC_PROCESS	True	False	False	True	False	True
GOBP_NEGATIVE_REGULATION_OF_PROTEIN_CATABOLIC_PROCESS_IN_THE_VACUOLE	False	False	True	True	True	True
GOBP_NEGATIVE_REGULATION_OF_PROTEIN_CONTAINING_COMPLEX_ASSEMBLY	True	False	False	False	False	False
GOBP_NEGATIVE_REGULATION_OF_PROTEIN_CONTAINING_COMPLEX_DISASSEMBLY	False	False	False	True	False	True
GOBP_NEGATIVE_REGULATION_OF_PROTEIN_EXIT_FROM_ENDOPLASMIC_RETICULUM	False	False	True	True	True	True
GOBP_NEGATIVE_REGULATION_OF_PROTEIN_EXPORT_FROM_NUCLEUS	False	False	False	True	False	True
GOBP_NEGATIVE_REGULATION_OF_PROTEIN_IMPORT_INTO_NUCLEUS	False	False	False	True	False	True
GOBP_NEGATIVE_REGULATION_OF_PROTEIN_LOCALIZATION	True	False	False	False	False	False
GOBP_NEGATIVE_REGULATION_OF_PROTEIN_LOCALIZATION_TO_CELL_PERIPHERY	False	False	False	True	False	True
GOBP_NEGATIVE_REGULATION_OF_PROTEIN_LOCALIZATION_TO_CELL_SURFACE	False	False	True	True	True	True
GOBP_NEGATIVE_REGULATION_OF_PROTEIN_LOCALIZATION_TO_CHROMATIN	False	False	True	True	True	True
GOBP_NEGATIVE_REGULATION_OF_PROTEIN_LOCALIZATION_TO_MEMBRANE	False	False	False	True	False	True
GOBP_NEGATIVE_REGULATION_OF_PROTEIN_LOCALIZATION_TO_NUCLEUS	False	False	False	True	False	True
GOBP_NEGATIVE_REGULATION_OF_PROTEIN_MATURATION	False	False	False	True	False	True
GOBP_NEGATIVE_REGULATION_OF_PROTEIN_METABOLIC_PROCESS	True	False	False	False	False	False
GOBP_NEGATIVE_REGULATION_OF_PROTEIN_MODIFICATION_PROCESS	False	False	False	False	False	False
GOBP_NEGATIVE_REGULATION_OF_PROTEIN_POLYMERIZATION	False	False	False	True	False	True
GOBP_NEGATIVE_REGULATION_OF_PROTEIN_SECRETION	False	False	False	False	False	False
GOBP_NEGATIVE_REGULATION_OF_PROTEIN_SERINE_THREONINE_KINASE_ACTIVITY	False	False	False	True	False	True
GOBP_NEGATIVE_REGULATION_OF_PROTEIN_TARGETING_TO_MITOCHONDRION	False	False	True	True	True	True
GOBP_NEGATIVE_REGULATION_OF_PROTEIN_TYROSINE_KINASE_ACTIVITY	False	False	False	True	False	True
GOBP_NEGATIVE_REGULATION_OF_PROTEIN_UBIQUITINATION	False	False	False	True	False	True
GOBP_NEGATIVE_REGULATION_OF_PROTEOLYSIS	False	False	False	False	False	False
GOBP_NEGATIVE_REGULATION_OF_PROTEOLYSIS_INVOLVED_IN_PROTEIN_CATABOLIC_PROCESS	False	False	False	True	False	True
GOBP_NEGATIVE_REGULATION_OF_RAS_PROTEIN_SIGNAL_TRANSDUCTION	False	False	True	True	True	True
GOBP_NEGATIVE_REGULATION_OF_REACTIVE_OXYGEN_SPECIES_BIOSYNTHETIC_PROCESS	False	False	True	True	True	True
GOBP_NEGATIVE_REGULATION_OF_REACTIVE_OXYGEN_SPECIES_METABOLIC_PROCESS	False	False	False	True	False	True
GOBP_NEGATIVE_REGULATION_OF_RECEPTOR_INTERNALIZATION	False	False	False	True	False	True
GOBP_NEGATIVE_REGULATION_OF_RECEPTOR_MEDIATED_ENDOCYTOSIS	False	False	False	True	False	True
GOBP_NEGATIVE_REGULATION_OF_RECEPTOR_RECYCLING	False	False	False	True	False	True
GOBP_NEGATIVE_REGULATION_OF_RECEPTOR_SIGNALING_PATHWAY_VIA_JAK_STAT	False	False	False	False	False	False
GOBP_NEGATIVE_REGULATION_OF_RECEPTOR_SIGNALING_PATHWAY_VIA_STAT	False	False	False	True	False	True
GOBP_NEGATIVE_REGULATION_OF_REGULATED_SECRETORY_PATHWAY	False	False	False	True	False	True
GOBP_NEGATIVE_REGULATION_OF_REGULATORY_T_CELL_DIFFERENTIATION	False	False	True	True	True	True
GOBP_NEGATIVE_REGULATION_OF_RELAXATION_OF_MUSCLE	False	False	True	True	True	True
GOBP_NEGATIVE_REGULATION_OF_RELEASE_OF_CYTOCHROME_C_FROM_MITOCHONDRIA	False	False	False	True	False	True
GOBP_NEGATIVE_REGULATION_OF_RELEASE_OF_SEQUESTERED_CALCIUM_ION_INTO_CYTOSOL	False	False	True	True	True	True
GOBP_NEGATIVE_REGULATION_OF_REPRODUCTIVE_PROCESS	False	False	False	True	False	True
GOBP_NEGATIVE_REGULATION_OF_RESPIRATORY_BURST	False	False	True	True	True	True
GOBP_NEGATIVE_REGULATION_OF_RESPONSE_TO_BIOTIC_STIMULUS	False	False	False	False	False	False
GOBP_NEGATIVE_REGULATION_OF_RESPONSE_TO_CYTOKINE_STIMULUS	False	False	False	True	False	True
GOBP_NEGATIVE_REGULATION_OF_RESPONSE_TO_ENDOPLASMIC_RETICULUM_STRESS	False	False	False	True	False	True
GOBP_NEGATIVE_REGULATION_OF_RESPONSE_TO_EXTERNAL_STIMULUS	True	False	False	False	False	False
GOBP_NEGATIVE_REGULATION_OF_RESPONSE_TO_NUTRIENT_LEVELS	False	False	False	True	False	True
GOBP_NEGATIVE_REGULATION_OF_RESPONSE_TO_OXIDATIVE_STRESS	False	False	False	True	False	True
GOBP_NEGATIVE_REGULATION_OF_RESPONSE_TO_STIMULUS	True	False	False	False	False	False
GOBP_NEGATIVE_REGULATION_OF_RESPONSE_TO_TUMOR_CELL	False	False	False	True	True	True
GOBP_NEGATIVE_REGULATION_OF_RESPONSE_TO_TYPE_II_INTERFERON	False	False	True	True	True	True
GOBP_NEGATIVE_REGULATION_OF_RESPONSE_TO_WOUNDING	False	False	False	False	False	False
GOBP_NEGATIVE_REGULATION_OF_RETINOIC_ACID_RECEPTOR_SIGNALING_PATHWAY	False	False	False	True	False	True
GOBP_NEGATIVE_REGULATION_OF_RHO_PROTEIN_SIGNAL_TRANSDUCTION	False	False	True	True	True	True
GOBP_NEGATIVE_REGULATION_OF_RNA_CATABOLIC_PROCESS	False	False	False	False	False	False
GOBP_NEGATIVE_REGULATION_OF_RNA_METABOLIC_PROCESS	True	False	False	False	False	False
GOBP_NEGATIVE_REGULATION_OF_RNA_SPLICING	False	False	True	True	True	True
GOBP_NEGATIVE_REGULATION_OF_RUFFLE_ASSEMBLY	False	False	True	True	True	True
GOBP_NEGATIVE_REGULATION_OF_SATELLITE_CELL_DIFFERENTIATION	False	False	True	True	True	True
GOBP_NEGATIVE_REGULATION_OF_SCHWANN_CELL_PROLIFERATION	False	False	False	False	False	False
GOBP_NEGATIVE_REGULATION_OF_SECONDARY_METABOLITE_BIOSYNTHETIC_PROCESS	False	False	True	True	True	True
GOBP_NEGATIVE_REGULATION_OF_SECRETION	False	False	False	False	False	False
GOBP_NEGATIVE_REGULATION_OF_SIGNALING	True	False	False	False	False	False
GOBP_NEGATIVE_REGULATION_OF_SIGNALING_RECEPTOR_ACTIVITY	False	False	True	True	True	True
GOBP_NEGATIVE_REGULATION_OF_SIGNAL_TRANSDUCTION_BY_P53_CLASS_MEDIATOR	False	False	False	True	False	True
GOBP_NEGATIVE_REGULATION_OF_SIGNAL_TRANSDUCTION_IN_ABSENCE_OF_LIGAND	False	False	False	True	False	True
GOBP_NEGATIVE_REGULATION_OF_SINGLE_STRANDED_VIRAL_RNA_REPLICATION_VIA_DOUBLE_STRANDED_DNA_INTERMEDIATE	False	False	True	True	True	True
GOBP_NEGATIVE_REGULATION_OF_SISTER_CHROMATID_COHESION	False	False	True	True	True	True
GOBP_NEGATIVE_REGULATION_OF_SKELETAL_MUSCLE_CELL_DIFFERENTIATION	False	False	True	True	True	True
GOBP_NEGATIVE_REGULATION_OF_SKELETAL_MUSCLE_CELL_PROLIFERATION	False	False	True	True	True	True
GOBP_NEGATIVE_REGULATION_OF_SMAD_PROTEIN_SIGNAL_TRANSDUCTION	False	False	False	True	False	True
GOBP_NEGATIVE_REGULATION_OF_SMALL_GTPASE_MEDIATED_SIGNAL_TRANSDUCTION	False	False	False	True	False	True
GOBP_NEGATIVE_REGULATION_OF_SMALL_MOLECULE_METABOLIC_PROCESS	False	False	False	False	False	False
GOBP_NEGATIVE_REGULATION_OF_SMOOTHENED_SIGNALING_PATHWAY	False	False	False	True	False	True
GOBP_NEGATIVE_REGULATION_OF_SMOOTH_MUSCLE_CELL_APOPTOTIC_PROCESS	False	False	True	True	True	True
GOBP_NEGATIVE_REGULATION_OF_SMOOTH_MUSCLE_CELL_CHEMOTAXIS	False	False	True	True	True	True
GOBP_NEGATIVE_REGULATION_OF_SMOOTH_MUSCLE_CELL_DIFFERENTIATION	False	False	True	True	True	True
GOBP_NEGATIVE_REGULATION_OF_SMOOTH_MUSCLE_CELL_MIGRATION	False	False	False	True	False	True
GOBP_NEGATIVE_REGULATION_OF_SMOOTH_MUSCLE_CELL_PROLIFERATION	False	False	False	True	False	True
GOBP_NEGATIVE_REGULATION_OF_SMOOTH_MUSCLE_CONTRACTION	False	False	True	True	True	True
GOBP_NEGATIVE_REGULATION_OF_SODIUM_ION_TRANSMEMBRANE_TRANSPORT	False	False	True	True	True	True
GOBP_NEGATIVE_REGULATION_OF_SODIUM_ION_TRANSPORT	False	False	True	True	True	True
GOBP_NEGATIVE_REGULATION_OF_SPROUTING_ANGIOGENESIS	False	False	True	True	True	True
GOBP_NEGATIVE_REGULATION_OF_STEM_CELL_DIFFERENTIATION	False	False	False	True	False	True
GOBP_NEGATIVE_REGULATION_OF_STEM_CELL_POPULATION_MAINTENANCE	False	False	False	True	True	True
GOBP_NEGATIVE_REGULATION_OF_STEM_CELL_PROLIFERATION	False	False	False	True	False	True
GOBP_NEGATIVE_REGULATION_OF_STEROID_BIOSYNTHETIC_PROCESS	False	False	False	True	False	True
GOBP_NEGATIVE_REGULATION_OF_STEROID_METABOLIC_PROCESS	False	False	False	True	False	True
GOBP_NEGATIVE_REGULATION_OF_STEROL_TRANSPORT	False	False	False	True	False	True
GOBP_NEGATIVE_REGULATION_OF_STRESS_ACTIVATED_PROTEIN_KINASE_SIGNALING_CASCADE	False	False	True	True	True	True
GOBP_NEGATIVE_REGULATION_OF_STRIATED_MUSCLE_CELL_APOPTOTIC_PROCESS	False	False	False	True	False	True
GOBP_NEGATIVE_REGULATION_OF_STRIATED_MUSCLE_CELL_DIFFERENTIATION	False	False	False	True	False	True
GOBP_NEGATIVE_REGULATION_OF_STRIATED_MUSCLE_CONTRACTION	False	False	True	True	True	True
GOBP_NEGATIVE_REGULATION_OF_SUBSTRATE_ADHESION_DEPENDENT_CELL_SPREADING	False	False	False	True	False	True
GOBP_NEGATIVE_REGULATION_OF_SUPRAMOLECULAR_FIBER_ORGANIZATION	True	False	False	False	False	False
GOBP_NEGATIVE_REGULATION_OF_SYNAPSE_ASSEMBLY	False	False	True	True	True	True
GOBP_NEGATIVE_REGULATION_OF_SYNAPSE_ORGANIZATION	False	False	True	True	True	True
GOBP_NEGATIVE_REGULATION_OF_SYNAPTIC_TRANSMISSION	False	False	True	True	True	True
GOBP_NEGATIVE_REGULATION_OF_SYNAPTIC_TRANSMISSION_GLUTAMATERGIC	False	False	True	True	True	True
GOBP_NEGATIVE_REGULATION_OF_SYNCYTIUM_FORMATION_BY_PLASMA_MEMBRANE_FUSION	False	False	True	True	True	True
GOBP_NEGATIVE_REGULATION_OF_SYSTEMIC_ARTERIAL_BLOOD_PRESSURE	False	False	True	True	True	True
GOBP_NEGATIVE_REGULATION_OF_TELOMERE_MAINTENANCE	False	False	True	True	True	True
GOBP_NEGATIVE_REGULATION_OF_TELOMERE_MAINTENANCE_VIA_TELOMERASE	False	False	False	True	False	True
GOBP_NEGATIVE_REGULATION_OF_THYMOCYTE_APOPTOTIC_PROCESS	False	False	False	True	False	True
GOBP_NEGATIVE_REGULATION_OF_TISSUE_REMODELING	False	False	False	True	False	True
GOBP_NEGATIVE_REGULATION_OF_TOLL_LIKE_RECEPTOR_4_SIGNALING_PATHWAY	False	False	True	True	True	True
GOBP_NEGATIVE_REGULATION_OF_TOLL_LIKE_RECEPTOR_9_SIGNALING_PATHWAY	False	False	True	True	True	True
GOBP_NEGATIVE_REGULATION_OF_TOLL_LIKE_RECEPTOR_SIGNALING_PATHWAY	False	False	True	True	True	True
GOBP_NEGATIVE_REGULATION_OF_TORC1_SIGNALING	False	False	True	True	True	True
GOBP_NEGATIVE_REGULATION_OF_TOR_SIGNALING	False	False	False	True	False	True
GOBP_NEGATIVE_REGULATION_OF_TRANSCRIPTION_BY_COMPETITIVE_PROMOTER_BINDING	False	False	True	True	True	True
GOBP_NEGATIVE_REGULATION_OF_TRANSCRIPTION_BY_RNA_POLYMERASE_I	False	False	False	True	False	True
GOBP_NEGATIVE_REGULATION_OF_TRANSCRIPTION_BY_RNA_POLYMERASE_II	True	False	False	False	False	False
GOBP_NEGATIVE_REGULATION_OF_TRANSCRIPTION_REGULATORY_REGION_DNA_BINDING	False	False	False	False	False	False
GOBP_NEGATIVE_REGULATION_OF_TRANSFERASE_ACTIVITY	False	False	False	False	False	False
GOBP_NEGATIVE_REGULATION_OF_TRANSFORMING_GROWTH_FACTOR_BETA1_PRODUCTION	False	False	False	True	False	True
GOBP_NEGATIVE_REGULATION_OF_TRANSFORMING_GROWTH_FACTOR_BETA_PRODUCTION	False	False	False	False	False	False
GOBP_NEGATIVE_REGULATION_OF_TRANSFORMING_GROWTH_FACTOR_BETA_RECEPTOR_SIGNALING_PATHWAY	False	False	False	True	False	True
GOBP_NEGATIVE_REGULATION_OF_TRANSLATION	True	False	False	False	False	True
GOBP_NEGATIVE_REGULATION_OF_TRANSLATIONAL_ELONGATION	False	False	True	True	True	True
GOBP_NEGATIVE_REGULATION_OF_TRANSLATIONAL_INITIATION	False	False	True	True	True	True
GOBP_NEGATIVE_REGULATION_OF_TRANSLATION_IN_RESPONSE_TO_STRESS	False	False	True	True	True	True
GOBP_NEGATIVE_REGULATION_OF_TRANSMEMBRANE_RECEPTOR_PROTEIN_SERINE_THREONINE_KINASE_SIGNALING_PATHWAY	False	False	False	False	False	False
GOBP_NEGATIVE_REGULATION_OF_TRANSMEMBRANE_TRANSPORT	False	False	False	False	False	False
GOBP_NEGATIVE_REGULATION_OF_TRANSMISSION_OF_NERVE_IMPULSE	False	False	True	True	True	True
GOBP_NEGATIVE_REGULATION_OF_TRANSPORT	True	False	False	False	False	False
GOBP_NEGATIVE_REGULATION_OF_TRANSPORTER_ACTIVITY	False	False	False	True	False	True
GOBP_NEGATIVE_REGULATION_OF_TRIGLYCERIDE_CATABOLIC_PROCESS	False	False	True	True	True	True
GOBP_NEGATIVE_REGULATION_OF_TRIGLYCERIDE_METABOLIC_PROCESS	False	False	False	False	False	True
GOBP_NEGATIVE_REGULATION_OF_TROPHOBLAST_CELL_MIGRATION	False	False	False	True	False	True
GOBP_NEGATIVE_REGULATION_OF_TUMOR_NECROSIS_FACTOR_MEDIATED_SIGNALING_PATHWAY	False	False	False	True	False	True
GOBP_NEGATIVE_REGULATION_OF_TUMOR_NECROSIS_FACTOR_SUPERFAMILY_CYTOKINE_PRODUCTION	False	False	False	True	False	True
GOBP_NEGATIVE_REGULATION_OF_TYPE_2_IMMUNE_RESPONSE	False	False	False	True	False	True
GOBP_NEGATIVE_REGULATION_OF_TYPE_II_INTERFERON_PRODUCTION	False	False	False	False	False	False
GOBP_NEGATIVE_REGULATION_OF_TYPE_I_INTERFERON_MEDIATED_SIGNALING_PATHWAY	False	False	False	True	False	True
GOBP_NEGATIVE_REGULATION_OF_TYPE_I_INTERFERON_PRODUCTION	False	False	False	True	False	True
GOBP_NEGATIVE_REGULATION_OF_T_CELL_APOPTOTIC_PROCESS	False	False	False	True	False	True
GOBP_NEGATIVE_REGULATION_OF_T_CELL_CYTOKINE_PRODUCTION	False	False	True	True	True	True
GOBP_NEGATIVE_REGULATION_OF_T_CELL_DIFFERENTIATION	False	False	False	True	False	True
GOBP_NEGATIVE_REGULATION_OF_T_CELL_DIFFERENTIATION_IN_THYMUS	False	False	True	True	True	True
GOBP_NEGATIVE_REGULATION_OF_T_CELL_MEDIATED_CYTOTOXICITY	False	False	True	True	True	True
GOBP_NEGATIVE_REGULATION_OF_T_CELL_MEDIATED_IMMUNE_RESPONSE_TO_TUMOR_CELL	False	False	True	True	True	True
GOBP_NEGATIVE_REGULATION_OF_T_CELL_MEDIATED_IMMUNITY	False	False	False	True	False	True
GOBP_NEGATIVE_REGULATION_OF_T_CELL_MIGRATION	False	False	True	True	True	True
GOBP_NEGATIVE_REGULATION_OF_T_CELL_PROLIFERATION	False	False	False	False	False	False
GOBP_NEGATIVE_REGULATION_OF_T_CELL_RECEPTOR_SIGNALING_PATHWAY	False	False	False	True	False	True
GOBP_NEGATIVE_REGULATION_OF_T_HELPER_17_CELL_LINEAGE_COMMITMENT	False	False	True	True	True	True
GOBP_NEGATIVE_REGULATION_OF_T_HELPER_17_TYPE_IMMUNE_RESPONSE	False	False	False	True	False	True
GOBP_NEGATIVE_REGULATION_OF_T_HELPER_1_TYPE_IMMUNE_RESPONSE	False	False	False	True	False	True
GOBP_NEGATIVE_REGULATION_OF_T_HELPER_2_CELL_DIFFERENTIATION	False	False	False	True	False	True
GOBP_NEGATIVE_REGULATION_OF_T_HELPER_CELL_DIFFERENTIATION	False	False	False	False	False	False
GOBP_NEGATIVE_REGULATION_OF_UBIQUITIN_DEPENDENT_PROTEIN_CATABOLIC_PROCESS	False	False	False	True	False	True
GOBP_NEGATIVE_REGULATION_OF_VASCULAR_ASSOCIATED_SMOOTH_MUSCLE_CELL_DIFFERENTIATION	False	False	True	True	True	True
GOBP_NEGATIVE_REGULATION_OF_VASCULAR_ASSOCIATED_SMOOTH_MUSCLE_CELL_MIGRATION	False	False	True	True	True	True
GOBP_NEGATIVE_REGULATION_OF_VASCULAR_ASSOCIATED_SMOOTH_MUSCLE_CELL_PROLIFERATION	False	False	False	False	False	False
GOBP_NEGATIVE_REGULATION_OF_VASCULAR_ENDOTHELIAL_CELL_PROLIFERATION	False	False	False	False	False	False
GOBP_NEGATIVE_REGULATION_OF_VASCULAR_ENDOTHELIAL_GROWTH_FACTOR_RECEPTOR_SIGNALING_PATHWAY	False	False	False	True	False	True
GOBP_NEGATIVE_REGULATION_OF_VASCULAR_PERMEABILITY	False	False	False	True	False	True
GOBP_NEGATIVE_REGULATION_OF_VASCULAR_WOUND_HEALING	False	False	True	True	True	True
GOBP_NEGATIVE_REGULATION_OF_VASCULATURE_DEVELOPMENT	False	False	False	False	False	False
GOBP_NEGATIVE_REGULATION_OF_VASOCONSTRICTION	False	False	False	False	False	False
GOBP_NEGATIVE_REGULATION_OF_VIRAL_GENOME_REPLICATION	False	False	False	True	False	True
GOBP_NEGATIVE_REGULATION_OF_VIRAL_LIFE_CYCLE	False	False	False	False	False	False
GOBP_NEGATIVE_REGULATION_OF_VIRAL_PROCESS	False	False	False	False	False	False
GOBP_NEGATIVE_REGULATION_OF_VIRAL_TRANSCRIPTION	False	False	False	True	False	True
GOBP_NEGATIVE_REGULATION_OF_VITAMIN_METABOLIC_PROCESS	False	False	True	True	True	True
GOBP_NEGATIVE_REGULATION_OF_VOLTAGE_GATED_CALCIUM_CHANNEL_ACTIVITY	False	False	True	True	True	True
GOBP_NEGATIVE_REGULATION_OF_WNT_SIGNALING_PATHWAY	True	False	False	False	False	True
GOBP_NEGATIVE_REGULATION_OF_WOUND_HEALING	False	False	False	False	False	False
GOBP_NEGATIVE_T_CELL_SELECTION	False	False	True	True	True	True
GOBP_NEPHRIC_DUCT_DEVELOPMENT	False	False	True	True	True	True
GOBP_NEPHRIC_DUCT_FORMATION	False	False	True	True	True	True
GOBP_NEPHRIC_DUCT_MORPHOGENESIS	False	False	True	True	True	True
GOBP_NEPHRON_DEVELOPMENT	False	False	False	False	False	False
GOBP_NEPHRON_EPITHELIUM_DEVELOPMENT	False	False	False	False	False	False
GOBP_NEPHRON_TUBULE_EPITHELIAL_CELL_DIFFERENTIATION	False	False	True	True	True	True
GOBP_NEPHRON_TUBULE_FORMATION	False	False	False	True	False	True
GOBP_NERVE_DEVELOPMENT	False	False	False	True	False	True
GOBP_NERVE_GROWTH_FACTOR_SIGNALING_PATHWAY	False	False	True	True	True	True
GOBP_NERVOUS_SYSTEM_PROCESS	True	False	False	False	False	False
GOBP_NERVOUS_SYSTEM_PROCESS_INVOLVED_IN_REGULATION_OF_SYSTEMIC_ARTERIAL_BLOOD_PRESSURE	False	False	True	True	True	True
GOBP_NETRIN_ACTIVATED_SIGNALING_PATHWAY	False	False	True	True	True	True
GOBP_NEURAL_CREST_CELL_DIFFERENTIATION	False	False	False	True	False	True
GOBP_NEURAL_CREST_CELL_FATE_COMMITMENT	False	False	True	True	True	True
GOBP_NEURAL_CREST_CELL_MIGRATION_INVOLVED_IN_AUTONOMIC_NERVOUS_SYSTEM_DEVELOPMENT	False	False	True	True	True	True
GOBP_NEURAL_CREST_FORMATION	False	False	True	True	True	True
GOBP_NEURAL_FOLD_FORMATION	False	False	True	True	True	True
GOBP_NEURAL_NUCLEUS_DEVELOPMENT	False	False	False	True	False	True
GOBP_NEURAL_PLATE_DEVELOPMENT	False	False	True	True	True	True
GOBP_NEURAL_PLATE_MORPHOGENESIS	False	False	False	False	False	False
GOBP_NEURAL_PLATE_PATTERN_SPECIFICATION	False	False	False	False	False	False
GOBP_NEURAL_PRECURSOR_CELL_PROLIFERATION	False	False	False	False	False	False
GOBP_NEURAL_RETINA_DEVELOPMENT	False	False	False	True	False	True
GOBP_NEURAL_TUBE_DEVELOPMENT	False	False	False	False	False	False
GOBP_NEURAL_TUBE_FORMATION	False	False	False	False	False	False
GOBP_NEURAL_TUBE_PATTERNING	False	False	True	True	True	True
GOBP_NEUROBLAST_DIFFERENTIATION	False	False	False	False	False	False
GOBP_NEUROBLAST_MIGRATION	False	False	False	False	False	False
GOBP_NEUROBLAST_PROLIFERATION	False	False	False	True	False	True
GOBP_NEUROENDOCRINE_CELL_DIFFERENTIATION	False	False	True	True	True	True
GOBP_NEUROEPITHELIAL_CELL_DIFFERENTIATION	False	False	False	True	False	True
GOBP_NEUROFIBRILLARY_TANGLE_ASSEMBLY	False	False	False	True	False	True
GOBP_NEUROFILAMENT_CYTOSKELETON_ORGANIZATION	False	False	False	False	False	False
GOBP_NEUROGENESIS	True	False	False	False	False	False
GOBP_NEUROINFLAMMATORY_RESPONSE	False	False	False	False	False	False
GOBP_NEUROMUSCULAR_JUNCTION_DEVELOPMENT	False	False	False	True	False	True
GOBP_NEUROMUSCULAR_PROCESS	False	False	False	True	False	True
GOBP_NEUROMUSCULAR_PROCESS_CONTROLLING_BALANCE	False	False	False	True	False	True
GOBP_NEUROMUSCULAR_PROCESS_CONTROLLING_POSTURE	False	False	True	True	True	True
GOBP_NEUROMUSCULAR_SYNAPTIC_TRANSMISSION	False	False	True	True	True	True
GOBP_NEURONAL_ACTION_POTENTIAL	False	False	False	True	False	True
GOBP_NEURONAL_DENSE_CORE_VESICLE_EXOCYTOSIS	False	False	True	True	True	True
GOBP_NEURONAL_ION_CHANNEL_CLUSTERING	False	False	True	True	True	True
GOBP_NEURONAL_SIGNAL_TRANSDUCTION	False	False	False	True	False	True
GOBP_NEURONAL_STEM_CELL_POPULATION_MAINTENANCE	False	False	True	True	True	True
GOBP_NEURON_APOPTOTIC_PROCESS	True	False	False	False	False	False
GOBP_NEURON_CELLULAR_HOMEOSTASIS	False	False	False	True	False	True
GOBP_NEURON_CELL_CELL_ADHESION	False	False	True	True	True	True
GOBP_NEURON_DEVELOPMENT	True	False	False	False	False	False
GOBP_NEURON_FATE_COMMITMENT	False	False	False	True	False	True
GOBP_NEURON_FATE_DETERMINATION	False	False	True	True	True	True
GOBP_NEURON_FATE_SPECIFICATION	False	False	True	True	True	True
GOBP_NEURON_GLIAL_CELL_SIGNALING	False	False	True	True	True	True
GOBP_NEURON_INTRINSIC_APOPTOTIC_SIGNALING_PATHWAY_IN_RESPONSE_TO_ENDOPLASMIC_RETICULUM_STRESS	False	False	True	True	True	True
GOBP_NEURON_INTRINSIC_APOPTOTIC_SIGNALING_PATHWAY_IN_RESPONSE_TO_OXIDATIVE_STRESS	False	False	True	True	True	True
GOBP_NEURON_MATURATION	False	False	False	True	False	True
GOBP_NEURON_MIGRATION	False	False	False	False	False	True
GOBP_NEURON_NEURON_SYNAPTIC_TRANSMISSION	False	False	True	True	True	True
GOBP_NEURON_PROJECTION_ARBORIZATION	False	False	True	True	True	True
GOBP_NEURON_PROJECTION_EXTENSION	False	False	False	True	False	True
GOBP_NEURON_PROJECTION_EXTENSION_INVOLVED_IN_NEURON_PROJECTION_GUIDANCE	False	False	False	True	False	True
GOBP_NEURON_PROJECTION_GUIDANCE	True	False	False	False	False	False
GOBP_NEURON_PROJECTION_MAINTENANCE	False	False	True	True	True	True
GOBP_NEURON_PROJECTION_ORGANIZATION	False	False	False	False	False	False
GOBP_NEURON_PROJECTION_REGENERATION	False	False	False	True	False	True
GOBP_NEURON_RECOGNITION	False	False	False	True	False	True
GOBP_NEURON_REMODELING	False	False	True	True	True	True
GOBP_NEUROPEPTIDE_SIGNALING_PATHWAY	False	False	True	True	True	True
GOBP_NEUROTRANSMITTER_GATED_ION_CHANNEL_CLUSTERING	False	False	True	True	True	True
GOBP_NEUROTRANSMITTER_LOADING_INTO_SYNAPTIC_VESICLE	False	False	True	True	True	True
GOBP_NEUROTRANSMITTER_RECEPTOR_INTERNALIZATION	False	False	False	True	False	True
GOBP_NEUROTRANSMITTER_RECEPTOR_LOCALIZATION_TO_POSTSYNAPTIC_SPECIALIZATION_MEMBRANE	False	False	False	True	False	True
GOBP_NEUROTRANSMITTER_RECEPTOR_TRANSPORT	False	False	False	True	False	True
GOBP_NEUROTRANSMITTER_RECEPTOR_TRANSPORT_ENDOSOME_TO_POSTSYNAPTIC_MEMBRANE	False	False	True	True	True	True
GOBP_NEUROTRANSMITTER_RECEPTOR_TRANSPORT_TO_PLASMA_MEMBRANE	False	False	True	True	True	True
GOBP_NEUROTRANSMITTER_REUPTAKE	False	False	True	True	True	True
GOBP_NEUROTRANSMITTER_SECRETION	False	False	False	True	False	True
GOBP_NEUROTRANSMITTER_TRANSPORT	False	False	False	True	False	True
GOBP_NEUROTRANSMITTER_UPTAKE	False	False	True	True	True	True
GOBP_NEUROTROPHIN_SIGNALING_PATHWAY	False	False	False	True	False	True
GOBP_NEUROTROPHIN_TRK_RECEPTOR_SIGNALING_PATHWAY	False	False	True	True	True	True
GOBP_NEUTRAL_AMINO_ACID_TRANSPORT	False	False	False	True	False	True
GOBP_NEUTRAL_LIPID_BIOSYNTHETIC_PROCESS	False	False	False	True	False	True
GOBP_NEUTRAL_LIPID_CATABOLIC_PROCESS	False	False	False	True	False	True
GOBP_NEUTRAL_LIPID_METABOLIC_PROCESS	False	False	False	True	False	True
GOBP_NEUTROPHIL_ACTIVATION_INVOLVED_IN_IMMUNE_RESPONSE	False	False	False	True	False	True
GOBP_NEUTROPHIL_APOPTOTIC_PROCESS	False	False	False	True	False	True
GOBP_NEUTROPHIL_CHEMOTAXIS	False	False	False	False	False	False
GOBP_NEUTROPHIL_CLEARANCE	False	False	True	True	True	True
GOBP_NEUTROPHIL_DEGRANULATION	False	False	True	True	True	True
GOBP_NEUTROPHIL_DIFFERENTIATION	False	False	False	True	False	True
GOBP_NEUTROPHIL_EXTRAVASATION	False	False	False	True	False	True
GOBP_NEUTROPHIL_HOMEOSTASIS	False	False	False	True	False	True
GOBP_NEUTROPHIL_MEDIATED_CYTOTOXICITY	False	False	True	True	True	True
GOBP_NEUTROPHIL_MEDIATED_IMMUNITY	False	False	False	True	False	True
GOBP_NEUTROPHIL_MEDIATED_KILLING_OF_BACTERIUM	False	False	True	True	True	True
GOBP_NEUTROPHIL_MEDIATED_KILLING_OF_GRAM_NEGATIVE_BACTERIUM	False	False	True	True	True	True
GOBP_NEUTROPHIL_MIGRATION	False	False	False	False	False	False
GOBP_NITRIC_OXIDE_CGMP_MEDIATED_SIGNALING	False	False	True	True	True	True
GOBP_NITRIC_OXIDE_MEDIATED_SIGNAL_TRANSDUCTION	False	False	False	False	False	False
GOBP_NITRIC_OXIDE_TRANSPORT	False	False	True	True	True	True
GOBP_NITROGEN_COMPOUND_TRANSPORT	True	False	False	False	False	False
GOBP_NITROGEN_CYCLE_METABOLIC_PROCESS	False	False	False	True	False	True
GOBP_NK_T_CELL_ACTIVATION	False	False	False	True	False	True
GOBP_NK_T_CELL_DIFFERENTIATION	False	False	True	True	True	True
GOBP_NK_T_CELL_PROLIFERATION	False	False	False	True	False	True
GOBP_NLS_BEARING_PROTEIN_IMPORT_INTO_NUCLEUS	False	False	True	True	True	True
GOBP_NMDA_GLUTAMATE_RECEPTOR_CLUSTERING	False	False	False	False	False	False
GOBP_NODAL_SIGNALING_PATHWAY	False	False	True	True	True	True
GOBP_NONASSOCIATIVE_LEARNING	False	False	True	True	True	True
GOBP_NONRIBOSOMAL_PEPTIDE_BIOSYNTHETIC_PROCESS	False	False	True	True	True	True
GOBP_NON_CANONICAL_NF_KAPPAB_SIGNAL_TRANSDUCTION	False	False	False	False	False	False
GOBP_NON_CANONICAL_WNT_SIGNALING_PATHWAY	False	False	False	True	False	True
GOBP_NON_MOTILE_CILIUM_ASSEMBLY	False	False	True	True	True	True
GOBP_NON_PROTEINOGENIC_AMINO_ACID_BIOSYNTHETIC_PROCESS	False	False	True	True	True	True
GOBP_NON_PROTEINOGENIC_AMINO_ACID_CATABOLIC_PROCESS	False	False	True	True	True	True
GOBP_NON_PROTEINOGENIC_AMINO_ACID_METABOLIC_PROCESS	False	False	False	True	False	True
GOBP_NORADRENERGIC_NEURON_DEVELOPMENT	False	False	False	False	False	False
GOBP_NORADRENERGIC_NEURON_DIFFERENTIATION	False	False	True	True	True	True
GOBP_NOREPINEPHRINE_BIOSYNTHETIC_PROCESS	False	False	True	True	True	True
GOBP_NOREPINEPHRINE_METABOLIC_PROCESS	False	False	True	True	True	True
GOBP_NOREPINEPHRINE_SECRETION	False	False	True	True	True	True
GOBP_NOREPINEPHRINE_TRANSPORT	False	False	True	True	True	True
GOBP_NOREPINEPHRINE_UPTAKE	False	False	False	False	False	False
GOBP_NOSE_DEVELOPMENT	False	False	True	True	True	True
GOBP_NOTCH_SIGNALING_PATHWAY	False	False	False	False	False	True
GOBP_NOTOCHORD_DEVELOPMENT	False	False	False	True	True	True
GOBP_NOTOCHORD_MORPHOGENESIS	False	False	False	True	False	True
GOBP_NUCLEAR_BODY_ORGANIZATION	False	False	True	True	True	True
GOBP_NUCLEAR_CHROMOSOME_SEGREGATION	True	True	False	False	False	False
GOBP_NUCLEAR_ENVELOPE_ORGANIZATION	False	False	False	True	False	True
GOBP_NUCLEAR_EXPORT	True	False	False	True	False	False
GOBP_NUCLEAR_MEMBRANE_ORGANIZATION	False	False	False	True	False	True
GOBP_NUCLEAR_MEMBRANE_REASSEMBLY	False	False	False	True	False	True
GOBP_NUCLEAR_MIGRATION	False	False	True	True	True	True
GOBP_NUCLEAR_MRNA_SURVEILLANCE	False	False	True	True	True	True
GOBP_NUCLEAR_PORE_COMPLEX_ASSEMBLY	False	False	False	True	True	True
GOBP_NUCLEAR_PORE_LOCALIZATION	False	False	True	True	True	True
GOBP_NUCLEAR_PORE_ORGANIZATION	False	False	True	True	True	True
GOBP_NUCLEAR_RECEPTOR_MEDIATED_CORTICOSTEROID_SIGNALING_PATHWAY	False	False	True	True	True	True
GOBP_NUCLEAR_RECEPTOR_MEDIATED_SIGNALING_PATHWAY	True	False	False	True	False	True
GOBP_NUCLEAR_TRANSCRIBED_MRNA_CATABOLIC_PROCESS	True	False	False	False	False	True
GOBP_NUCLEAR_TRANSCRIBED_MRNA_CATABOLIC_PROCESS_DEADENYLATION_DEPENDENT_DECAY	False	False	False	True	False	True
GOBP_NUCLEAR_TRANSCRIBED_MRNA_CATABOLIC_PROCESS_NONSENSE_MEDIATED_DECAY	False	False	False	True	False	True
GOBP_NUCLEAR_TRANSCRIBED_MRNA_POLY_A_TAIL_SHORTENING	False	False	False	True	False	True
GOBP_NUCLEAR_TRANSPORT	True	False	False	False	False	False
GOBP_NUCLEIC_ACID_CATABOLIC_PROCESS	True	False	False	False	False	False
GOBP_NUCLEOBASE_BIOSYNTHETIC_PROCESS	False	False	False	True	True	True
GOBP_NUCLEOBASE_CATABOLIC_PROCESS	False	False	False	True	False	True
GOBP_NUCLEOBASE_CONTAINING_COMPOUND_CATABOLIC_PROCESS	True	False	False	False	False	False
GOBP_NUCLEOBASE_CONTAINING_COMPOUND_TRANSPORT	True	False	False	False	False	False
GOBP_NUCLEOBASE_CONTAINING_SMALL_MOLECULE_CATABOLIC_PROCESS	False	False	True	True	True	True
GOBP_NUCLEOBASE_CONTAINING_SMALL_MOLECULE_METABOLIC_PROCESS	True	False	False	False	False	False
GOBP_NUCLEOBASE_METABOLIC_PROCESS	False	False	False	True	False	True
GOBP_NUCLEOBASE_TRANSPORT	False	False	True	True	True	True
GOBP_NUCLEOLAR_CHROMATIN_ORGANIZATION	False	False	True	True	True	True
GOBP_NUCLEOLAR_LARGE_RRNA_TRANSCRIPTION_BY_RNA_POLYMERASE_I	False	False	False	True	False	True
GOBP_NUCLEOLUS_ORGANIZATION	False	False	True	True	True	True
GOBP_NUCLEOPHAGY	False	False	True	True	True	True
GOBP_NUCLEOSIDE_DIPHOSPHATE_BIOSYNTHETIC_PROCESS	False	False	True	True	True	True
GOBP_NUCLEOSIDE_DIPHOSPHATE_CATABOLIC_PROCESS	False	False	False	False	False	False
GOBP_NUCLEOSIDE_DIPHOSPHATE_METABOLIC_PROCESS	False	False	False	False	False	False
GOBP_NUCLEOSIDE_METABOLIC_PROCESS	False	False	False	True	False	True
GOBP_NUCLEOSIDE_MONOPHOSPHATE_BIOSYNTHETIC_PROCESS	False	False	False	True	False	True
GOBP_NUCLEOSIDE_MONOPHOSPHATE_CATABOLIC_PROCESS	False	False	False	True	False	True
GOBP_NUCLEOSIDE_MONOPHOSPHATE_METABOLIC_PROCESS	False	False	False	True	False	True
GOBP_NUCLEOSIDE_MONOPHOSPHATE_PHOSPHORYLATION	False	False	True	True	True	True
GOBP_NUCLEOSIDE_PHOSPHATE_BIOSYNTHETIC_PROCESS	True	False	False	False	False	False
GOBP_NUCLEOSIDE_PHOSPHATE_CATABOLIC_PROCESS	True	False	False	False	False	False
GOBP_NUCLEOSIDE_SALVAGE	False	False	True	True	True	True
GOBP_NUCLEOSIDE_TRANSMEMBRANE_TRANSPORT	False	False	True	True	True	True
GOBP_NUCLEOSIDE_TRIPHOSPHATE_BIOSYNTHETIC_PROCESS	True	False	False	False	False	False
GOBP_NUCLEOSIDE_TRIPHOSPHATE_CATABOLIC_PROCESS	False	False	False	True	True	True
GOBP_NUCLEOSIDE_TRIPHOSPHATE_METABOLIC_PROCESS	True	False	False	False	False	False
GOBP_NUCLEOSOME_ORGANIZATION	True	False	False	True	False	True
GOBP_NUCLEOTIDE_BINDING_DOMAIN_LEUCINE_RICH_REPEAT_CONTAINING_RECEPTOR_SIGNALING_PATHWAY	False	False	False	True	False	True
GOBP_NUCLEOTIDE_BINDING_OLIGOMERIZATION_DOMAIN_CONTAINING_1_SIGNALING_PATHWAY	False	False	True	True	True	True
GOBP_NUCLEOTIDE_BINDING_OLIGOMERIZATION_DOMAIN_CONTAINING_2_SIGNALING_PATHWAY	False	False	False	True	False	True
GOBP_NUCLEOTIDE_BIOSYNTHETIC_PROCESS	True	False	False	False	False	False
GOBP_NUCLEOTIDE_EXCISION_REPAIR	False	False	False	True	False	True
GOBP_NUCLEOTIDE_EXCISION_REPAIR_DNA_GAP_FILLING	False	False	True	True	True	True
GOBP_NUCLEOTIDE_METABOLIC_PROCESS	True	False	False	False	False	False
GOBP_NUCLEOTIDE_SALVAGE	False	False	False	True	True	True
GOBP_NUCLEOTIDE_SUGAR_BIOSYNTHETIC_PROCESS	False	False	False	True	False	True
GOBP_NUCLEOTIDE_SUGAR_METABOLIC_PROCESS	False	False	False	True	False	True
GOBP_NUCLEOTIDE_SUGAR_TRANSMEMBRANE_TRANSPORT	False	False	False	True	False	True
GOBP_NUCLEOTIDE_TRANSMEMBRANE_TRANSPORT	False	False	True	True	True	True
GOBP_NUCLEOTIDE_TRANSPORT	False	False	False	True	False	True
GOBP_NUCLEUS_LOCALIZATION	False	False	True	True	True	True
GOBP_NUCLEUS_ORGANIZATION	True	False	False	False	False	False
GOBP_NUTRIENT_STORAGE	False	False	False	True	False	True
GOBP_N_ACETYLGLUCOSAMINE_METABOLIC_PROCESS	False	False	True	True	True	True
GOBP_N_ACETYLNEURAMINATE_METABOLIC_PROCESS	False	False	True	True	True	True
GOBP_N_ACYLPHOSPHATIDYLETHANOLAMINE_METABOLIC_PROCESS	False	False	True	True	True	True
GOBP_N_GLYCAN_FUCOSYLATION	False	False	False	False	False	False
GOBP_N_GLYCAN_PROCESSING	False	False	True	True	True	True
GOBP_N_TERMINAL_PROTEIN_AMINO_ACID_ACETYLATION	False	False	True	True	True	True
GOBP_OBSERVATIONAL_LEARNING	False	False	True	True	True	True
GOBP_ODONTOBLAST_DIFFERENTIATION	False	False	False	True	False	True
GOBP_ODONTOGENESIS	False	False	False	False	False	False
GOBP_ODONTOGENESIS_OF_DENTIN_CONTAINING_TOOTH	False	False	False	True	False	True
GOBP_OLEFINIC_COMPOUND_BIOSYNTHETIC_PROCESS	False	False	False	True	False	True
GOBP_OLEFINIC_COMPOUND_METABOLIC_PROCESS	False	False	False	False	False	False
GOBP_OLFACTORY_BEHAVIOR	False	False	False	False	False	False
GOBP_OLFACTORY_BULB_INTERNEURON_DEVELOPMENT	False	False	True	True	True	True
GOBP_OLFACTORY_BULB_INTERNEURON_DIFFERENTIATION	False	False	False	True	False	True
GOBP_OLFACTORY_LOBE_DEVELOPMENT	False	False	True	True	True	True
GOBP_OLFACTORY_NERVE_DEVELOPMENT	False	False	True	True	True	True
GOBP_OLIGODENDROCYTE_APOPTOTIC_PROCESS	False	False	True	True	True	True
GOBP_OLIGODENDROCYTE_DEVELOPMENT	False	False	False	True	False	True
GOBP_OLIGODENDROCYTE_DIFFERENTIATION	False	False	False	False	False	False
GOBP_OLIGODENDROCYTE_PROGENITOR_PROLIFERATION	False	False	True	True	True	True
GOBP_OLIGOPEPTIDE_IMPORT_ACROSS_PLASMA_MEMBRANE	False	False	False	False	False	False
GOBP_OLIGOPEPTIDE_TRANSPORT	False	False	False	True	False	True
GOBP_OLIGOSACCHARIDE_BIOSYNTHETIC_PROCESS	False	False	False	True	False	True
GOBP_OLIGOSACCHARIDE_CATABOLIC_PROCESS	False	False	True	True	True	True
GOBP_OLIGOSACCHARIDE_METABOLIC_PROCESS	False	False	False	True	False	True
GOBP_OMEGA_HYDROXYLASE_P450_PATHWAY	False	False	False	False	False	False
GOBP_ONCOGENE_INDUCED_CELL_SENESCENCE	False	False	True	True	True	True
GOBP_ONE_CARBON_COMPOUND_TRANSPORT	False	False	False	True	False	True
GOBP_ONE_CARBON_METABOLIC_PROCESS	False	False	True	True	True	True
GOBP_OOCYTE_CONSTRUCTION	False	False	True	True	True	True
GOBP_OOCYTE_DIFFERENTIATION	False	False	True	True	True	True
GOBP_OOCYTE_MATURATION	False	False	False	True	True	True
GOBP_OOGENESIS	False	False	True	True	True	True
GOBP_OPSONIZATION	False	False	True	True	True	True
GOBP_OPTIC_CUP_MORPHOGENESIS_INVOLVED_IN_CAMERA_TYPE_EYE_DEVELOPMENT	False	False	False	True	False	True
GOBP_OPTIC_NERVE_DEVELOPMENT	False	False	True	True	True	True
GOBP_OPTIC_NERVE_MORPHOGENESIS	False	False	True	True	True	True
GOBP_ORGANELLE_ASSEMBLY	True	False	False	False	False	False
GOBP_ORGANELLE_DISASSEMBLY	False	False	False	True	False	True
GOBP_ORGANELLE_FISSION	True	True	False	False	False	False
GOBP_ORGANELLE_FUSION	False	False	False	False	False	True
GOBP_ORGANELLE_INHERITANCE	False	False	False	True	False	True
GOBP_ORGANELLE_LOCALIZATION	True	False	False	False	False	False
GOBP_ORGANELLE_MEMBRANE_FUSION	False	False	False	True	False	True
GOBP_ORGANELLE_TRANSPORT_ALONG_MICROTUBULE	False	False	False	True	False	True
GOBP_ORGANIC_ACID_BIOSYNTHETIC_PROCESS	True	False	False	False	False	False
GOBP_ORGANIC_ACID_CATABOLIC_PROCESS	True	False	False	False	False	False
GOBP_ORGANIC_ACID_METABOLIC_PROCESS	True	False	False	False	False	False
GOBP_ORGANIC_ACID_TRANSMEMBRANE_TRANSPORT	False	False	False	True	False	True
GOBP_ORGANIC_ACID_TRANSPORT	False	False	False	False	False	False
GOBP_ORGANIC_ANION_TRANSPORT	True	False	False	False	False	False
GOBP_ORGANIC_CATION_TRANSPORT	False	False	False	True	False	True
GOBP_ORGANIC_HYDROXY_COMPOUND_TRANSPORT	False	False	False	False	False	False
GOBP_ORGANISM_EMERGENCE_FROM_PROTECTIVE_STRUCTURE	False	False	False	True	False	True
GOBP_ORGANOPHOSPHATE_BIOSYNTHETIC_PROCESS	True	False	False	False	False	False
GOBP_ORGANOPHOSPHATE_CATABOLIC_PROCESS	True	False	False	False	False	False
GOBP_ORGANOPHOSPHATE_ESTER_TRANSPORT	False	False	False	False	False	True
GOBP_ORGANOPHOSPHATE_METABOLIC_PROCESS	True	False	False	False	False	False
GOBP_ORGAN_GROWTH	False	False	False	True	False	True
GOBP_ORGAN_INDUCTION	False	False	True	True	True	True
GOBP_ORGAN_OR_TISSUE_SPECIFIC_IMMUNE_RESPONSE	False	False	False	True	False	True
GOBP_ORNITHINE_METABOLIC_PROCESS	False	False	True	True	True	True
GOBP_OSMOSENSORY_SIGNALING_PATHWAY	False	False	False	True	False	True
GOBP_OSSIFICATION	True	False	False	False	False	False
GOBP_OSTEOBLAST_DEVELOPMENT	False	False	True	True	True	True
GOBP_OSTEOBLAST_DIFFERENTIATION	True	False	False	False	False	False
GOBP_OSTEOBLAST_PROLIFERATION	False	False	False	False	False	True
GOBP_OSTEOCLAST_DIFFERENTIATION	False	False	False	False	False	False
GOBP_OSTEOCLAST_PROLIFERATION	False	False	False	True	False	True
GOBP_OTIC_VESICLE_DEVELOPMENT	False	False	True	True	True	True
GOBP_OTIC_VESICLE_FORMATION	False	False	True	True	True	True
GOBP_OTIC_VESICLE_MORPHOGENESIS	False	False	True	True	True	True
GOBP_OTOLITH_DEVELOPMENT	False	False	True	True	True	True
GOBP_OUTER_DYNEIN_ARM_ASSEMBLY	False	False	True	True	True	True
GOBP_OUTER_EAR_MORPHOGENESIS	False	False	False	True	False	True
GOBP_OUTFLOW_TRACT_MORPHOGENESIS	False	False	False	True	False	True
GOBP_OUTFLOW_TRACT_SEPTUM_MORPHOGENESIS	False	False	True	True	True	True
GOBP_OVARIAN_FOLLICLE_DEVELOPMENT	False	False	False	False	False	False
GOBP_OVIDUCT_DEVELOPMENT	False	False	False	False	False	False
GOBP_OVULATION	False	False	False	True	False	True
GOBP_OVULATION_CYCLE	False	False	False	False	False	False
GOBP_OVULATION_CYCLE_PROCESS	False	False	False	False	False	False
GOBP_OVULATION_FROM_OVARIAN_FOLLICLE	False	False	False	False	False	False
GOBP_OXALATE_TRANSPORT	False	False	False	True	True	True
GOBP_OXALOACETATE_METABOLIC_PROCESS	False	False	True	True	True	True
GOBP_OXIDATIVE_DEMETHYLATION	False	False	True	True	True	True
GOBP_OXIDATIVE_PHOSPHORYLATION	True	False	False	False	False	False
GOBP_OXYGEN_METABOLIC_PROCESS	False	False	True	True	True	True
GOBP_OXYGEN_TRANSPORT	False	False	False	False	False	False
GOBP_O_GLYCAN_PROCESSING	False	False	False	True	False	True
GOBP_P38MAPK_CASCADE	False	False	False	True	False	False
GOBP_PALLIUM_DEVELOPMENT	False	False	False	True	False	True
GOBP_PANCREAS_DEVELOPMENT	False	False	False	True	False	True
GOBP_PANCREATIC_A_CELL_DIFFERENTIATION	False	False	False	False	False	False
GOBP_PANCREATIC_JUICE_SECRETION	False	False	False	True	False	True
GOBP_PANTOTHENATE_METABOLIC_PROCESS	False	False	True	True	True	True
GOBP_PARACELLULAR_TRANSPORT	False	False	False	False	False	False
GOBP_PARACRINE_SIGNALING	False	False	True	True	True	True
GOBP_PARALLEL_ACTIN_FILAMENT_BUNDLE_ASSEMBLY	False	False	True	True	True	True
GOBP_PARANODAL_JUNCTION_ASSEMBLY	False	False	True	True	True	True
GOBP_PARASYMPATHETIC_NERVOUS_SYSTEM_DEVELOPMENT	False	False	True	True	True	True
GOBP_PARATHYROID_GLAND_DEVELOPMENT	False	False	True	True	True	True
GOBP_PARAXIAL_MESODERM_DEVELOPMENT	False	False	True	True	True	True
GOBP_PARAXIAL_MESODERM_FORMATION	False	False	True	True	True	True
GOBP_PARENTAL_BEHAVIOR	False	False	True	True	True	True
GOBP_PARTURITION	False	False	False	True	False	True
GOBP_PATTERN_SPECIFICATION_INVOLVED_IN_KIDNEY_DEVELOPMENT	False	False	True	True	True	True
GOBP_PATTERN_SPECIFICATION_PROCESS	True	False	False	False	False	False
GOBP_PENETRATION_OF_ZONA_PELLUCIDA	False	False	True	True	True	True
GOBP_PENTOSE_METABOLIC_PROCESS	False	False	True	True	True	True
GOBP_PENTOSE_PHOSPHATE_SHUNT	False	False	False	True	True	True
GOBP_PEPTIDE_ANTIGEN_ASSEMBLY_WITH_MHC_CLASS_II_PROTEIN_COMPLEX	False	False	False	False	False	False
GOBP_PEPTIDE_ANTIGEN_ASSEMBLY_WITH_MHC_CLASS_I_PROTEIN_COMPLEX	False	False	False	False	False	False
GOBP_PEPTIDE_ANTIGEN_ASSEMBLY_WITH_MHC_PROTEIN_COMPLEX	False	False	False	False	False	False
GOBP_PEPTIDE_BIOSYNTHETIC_PROCESS	False	False	False	True	False	True
GOBP_PEPTIDE_CATABOLIC_PROCESS	False	False	True	True	True	True
GOBP_PEPTIDE_CROSS_LINKING	False	False	False	False	False	False
GOBP_PEPTIDE_METABOLIC_PROCESS	False	False	False	True	False	True
GOBP_PEPTIDE_MODIFICATION	False	False	True	True	True	True
GOBP_PEPTIDE_TRANSPORT	False	False	False	False	False	False
GOBP_PEPTIDOGLYCAN_METABOLIC_PROCESS	False	False	True	True	True	True
GOBP_PEPTIDYL_AMINO_ACID_MODIFICATION	True	False	False	False	False	False
GOBP_PEPTIDYL_CYSTEINE_MODIFICATION	False	False	False	False	False	False
GOBP_PEPTIDYL_GLUTAMIC_ACID_MODIFICATION	False	False	True	True	True	True
GOBP_PEPTIDYL_LYSINE_ACETYLATION	False	False	True	True	True	True
GOBP_PEPTIDYL_LYSINE_METHYLATION	False	False	True	True	True	True
GOBP_PEPTIDYL_LYSINE_MODIFICATION	False	False	False	True	False	True
GOBP_PEPTIDYL_L_CYSTEINE_S_PALMITOYLATION	False	False	True	True	True	True
GOBP_PEPTIDYL_PROLINE_MODIFICATION	False	False	True	True	True	True
GOBP_PEPTIDYL_SERINE_MODIFICATION	False	False	False	True	False	True
GOBP_PEPTIDYL_THREONINE_DEPHOSPHORYLATION	False	False	False	True	False	True
GOBP_PEPTIDYL_THREONINE_MODIFICATION	False	False	False	True	False	True
GOBP_PEPTIDYL_THREONINE_PHOSPHORYLATION	False	False	False	True	False	True
GOBP_PEPTIDYL_TYROSINE_AUTOPHOSPHORYLATION	False	False	True	True	True	True
GOBP_PEPTIDYL_TYROSINE_DEPHOSPHORYLATION	False	False	False	True	False	True
GOBP_PEPTIDYL_TYROSINE_MODIFICATION	False	False	False	False	False	False
GOBP_PERICARDIUM_DEVELOPMENT	False	False	False	True	False	True
GOBP_PERICARDIUM_MORPHOGENESIS	False	False	True	True	True	True
GOBP_PERICENTRIC_HETEROCHROMATIN_FORMATION	False	False	True	True	True	True
GOBP_PERICYTE_CELL_DIFFERENTIATION	False	False	False	True	True	True
GOBP_PERIPHERAL_NERVOUS_SYSTEM_AXON_ENSHEATHMENT	False	False	False	True	False	True
GOBP_PERIPHERAL_NERVOUS_SYSTEM_AXON_REGENERATION	False	False	False	False	False	False
GOBP_PERIPHERAL_NERVOUS_SYSTEM_DEVELOPMENT	False	False	False	False	False	False
GOBP_PERIPHERAL_NERVOUS_SYSTEM_MYELIN_MAINTENANCE	False	False	False	True	False	True
GOBP_PERIPHERAL_NERVOUS_SYSTEM_NEURON_DIFFERENTIATION	False	False	True	True	True	True
GOBP_PERISTALSIS	False	False	True	True	True	True
GOBP_PERK_MEDIATED_UNFOLDED_PROTEIN_RESPONSE	False	False	False	True	False	True
GOBP_PEROXISOMAL_TRANSPORT	False	False	True	True	True	True
GOBP_PEROXISOME_FISSION	False	False	True	True	True	True
GOBP_PEROXISOME_ORGANIZATION	False	False	True	True	True	True
GOBP_PEROXISOME_PROLIFERATOR_ACTIVATED_RECEPTOR_SIGNALING_PATHWAY	False	False	True	True	True	True
GOBP_PHAGOCYTOSIS	False	False	False	False	False	False
GOBP_PHAGOCYTOSIS_ENGULFMENT	False	False	False	False	False	True
GOBP_PHAGOCYTOSIS_RECOGNITION	False	False	True	True	True	True
GOBP_PHAGOLYSOSOME_ASSEMBLY	False	False	True	True	True	True
GOBP_PHAGOSOME_ACIDIFICATION	False	False	False	True	False	True
GOBP_PHAGOSOME_LYSOSOME_FUSION	False	False	True	True	True	True
GOBP_PHAGOSOME_MATURATION	False	False	False	True	False	True
GOBP_PHARYNGEAL_ARCH_ARTERY_MORPHOGENESIS	False	False	True	True	True	True
GOBP_PHARYNGEAL_SYSTEM_DEVELOPMENT	False	False	False	True	True	True
GOBP_PHASIC_SMOOTH_MUSCLE_CONTRACTION	False	False	True	True	True	True
GOBP_PHENOL_CONTAINING_COMPOUND_BIOSYNTHETIC_PROCESS	False	False	False	True	False	True
GOBP_PHENOL_CONTAINING_COMPOUND_CATABOLIC_PROCESS	False	False	True	True	True	True
GOBP_PHENOL_CONTAINING_COMPOUND_METABOLIC_PROCESS	False	False	False	True	False	True
GOBP_PHENOTYPIC_SWITCHING	False	False	True	True	True	True
GOBP_PHENYLPROPANOID_METABOLIC_PROCESS	False	False	False	False	False	False
GOBP_PHOSPHAGEN_METABOLIC_PROCESS	False	False	False	False	False	False
GOBP_PHOSPHATE_ION_HOMEOSTASIS	False	False	True	True	True	True
GOBP_PHOSPHATE_ION_TRANSMEMBRANE_TRANSPORT	False	False	True	True	True	True
GOBP_PHOSPHATE_ION_TRANSPORT	False	False	False	True	False	True
GOBP_PHOSPHATIDIC_ACID_METABOLIC_PROCESS	False	False	False	True	False	True
GOBP_PHOSPHATIDYLCHOLINE_ACYL_CHAIN_REMODELING	False	False	True	True	True	True
GOBP_PHOSPHATIDYLCHOLINE_BIOSYNTHETIC_PROCESS	False	False	False	True	False	True
GOBP_PHOSPHATIDYLCHOLINE_CATABOLIC_PROCESS	False	False	False	True	False	True
GOBP_PHOSPHATIDYLCHOLINE_METABOLIC_PROCESS	False	False	False	True	False	True
GOBP_PHOSPHATIDYLETHANOLAMINE_ACYL_CHAIN_REMODELING	False	False	True	True	True	True
GOBP_PHOSPHATIDYLETHANOLAMINE_METABOLIC_PROCESS	False	False	False	True	False	True
GOBP_PHOSPHATIDYLGLYCEROL_ACYL_CHAIN_REMODELING	False	False	True	True	True	True
GOBP_PHOSPHATIDYLGLYCEROL_METABOLIC_PROCESS	False	False	False	True	False	True
GOBP_PHOSPHATIDYLINOSITOL_3_KINASE_PROTEIN_KINASE_B_SIGNAL_TRANSDUCTION	False	False	False	False	False	False
GOBP_PHOSPHATIDYLINOSITOL_3_PHOSPHATE_BIOSYNTHETIC_PROCESS	False	False	True	True	True	True
GOBP_PHOSPHATIDYLINOSITOL_ACYL_CHAIN_REMODELING	False	False	True	True	True	True
GOBP_PHOSPHATIDYLINOSITOL_BIOSYNTHETIC_PROCESS	False	False	False	True	False	True
GOBP_PHOSPHATIDYLINOSITOL_DEPHOSPHORYLATION	False	False	False	True	False	True
GOBP_PHOSPHATIDYLINOSITOL_MEDIATED_SIGNALING	False	False	False	True	False	True
GOBP_PHOSPHATIDYLINOSITOL_METABOLIC_PROCESS	False	False	False	True	False	True
GOBP_PHOSPHATIDYLINOSITOL_PHOSPHATE_BIOSYNTHETIC_PROCESS	False	False	False	True	False	True
GOBP_PHOSPHATIDYLSERINE_ACYL_CHAIN_REMODELING	False	False	True	True	True	True
GOBP_PHOSPHATIDYLSERINE_EXPOSURE_ON_APOPTOTIC_CELL_SURFACE	False	False	True	True	True	True
GOBP_PHOSPHATIDYLSERINE_METABOLIC_PROCESS	False	False	False	True	True	True
GOBP_PHOSPHOLIPASE_C_ACTIVATING_DOPAMINE_RECEPTOR_SIGNALING_PATHWAY	False	False	True	True	True	True
GOBP_PHOSPHOLIPASE_C_ACTIVATING_G_PROTEIN_COUPLED_ACETYLCHOLINE_RECEPTOR_SIGNALING_PATHWAY	False	False	True	True	True	True
GOBP_PHOSPHOLIPASE_C_ACTIVATING_G_PROTEIN_COUPLED_RECEPTOR_SIGNALING_PATHWAY	False	False	False	True	False	True
GOBP_PHOSPHOLIPASE_C_ACTIVATING_SEROTONIN_RECEPTOR_SIGNALING_PATHWAY	False	False	True	True	True	True
GOBP_PHOSPHOLIPASE_C_PROTEIN_KINASE_C_SIGNAL_TRANSDUCTION	False	False	True	True	True	True
GOBP_PHOSPHOLIPID_BIOSYNTHETIC_PROCESS	True	False	False	True	False	True
GOBP_PHOSPHOLIPID_CATABOLIC_PROCESS	False	False	False	True	False	True
GOBP_PHOSPHOLIPID_DEPHOSPHORYLATION	False	False	False	True	True	True
GOBP_PHOSPHOLIPID_EFFLUX	False	False	False	True	False	True
GOBP_PHOSPHOLIPID_HOMEOSTASIS	False	False	False	True	False	True
GOBP_PHOSPHOLIPID_METABOLIC_PROCESS	True	False	False	False	False	False
GOBP_PHOSPHOLIPID_TRANSLOCATION	False	False	False	True	False	True
GOBP_PHOSPHOLIPID_TRANSPORT	False	False	False	False	False	False
GOBP_PHOSPHORUS_METABOLIC_PROCESS	True	False	False	False	False	False
GOBP_PHOSPHORYLATION	True	False	False	False	False	False
GOBP_PHOTOPERIODISM	False	False	False	True	False	True
GOBP_PHOTORECEPTOR_CELL_DEVELOPMENT	False	False	False	True	False	True
GOBP_PHOTORECEPTOR_CELL_DIFFERENTIATION	False	False	False	True	False	True
GOBP_PHOTORECEPTOR_CELL_MAINTENANCE	False	False	False	True	False	True
GOBP_PHOTORECEPTOR_CELL_MORPHOGENESIS	False	False	True	True	True	True
GOBP_PHOTORECEPTOR_CELL_OUTER_SEGMENT_ORGANIZATION	False	False	False	True	False	True
GOBP_PHOTOTRANSDUCTION	False	False	True	True	True	True
GOBP_PHOTOTRANSDUCTION_VISIBLE_LIGHT	False	False	True	True	True	True
GOBP_PHYSIOLOGICAL_CARDIAC_MUSCLE_HYPERTROPHY	False	False	True	True	True	True
GOBP_PH_REDUCTION	False	False	False	False	False	False
GOBP_PIGMENTATION	False	False	False	False	False	True
GOBP_PIGMENT_ACCUMULATION	False	False	False	True	False	True
GOBP_PIGMENT_BIOSYNTHETIC_PROCESS	False	False	False	True	False	True
GOBP_PIGMENT_CATABOLIC_PROCESS	False	False	True	True	True	True
GOBP_PIGMENT_CELL_DIFFERENTIATION	False	False	False	True	False	True
GOBP_PIGMENT_GRANULE_MATURATION	False	False	True	True	True	True
GOBP_PIGMENT_GRANULE_ORGANIZATION	False	False	False	True	False	True
GOBP_PIGMENT_METABOLIC_PROCESS	False	False	False	True	False	True
GOBP_PINOCYTOSIS	False	False	False	True	False	True
GOBP_PIRNA_MEDIATED_HETEROCHROMATIN_FORMATION	False	False	True	True	True	True
GOBP_PIRNA_PROCESSING	False	False	True	True	True	True
GOBP_PITUITARY_GLAND_DEVELOPMENT	False	False	True	True	True	True
GOBP_PLACENTA_BLOOD_VESSEL_DEVELOPMENT	False	False	False	True	False	True
GOBP_PLACENTA_DEVELOPMENT	True	False	False	False	False	False
GOBP_PLASMA_CELL_DIFFERENTIATION	False	False	False	True	False	True
GOBP_PLASMA_LIPOPROTEIN_PARTICLE_CLEARANCE	False	False	False	True	False	True
GOBP_PLASMA_MEMBRANE_FUSION	False	False	True	True	True	True
GOBP_PLASMA_MEMBRANE_LACTATE_TRANSPORT	False	False	False	True	False	True
GOBP_PLASMA_MEMBRANE_ORGANIZATION	True	False	False	False	False	False
GOBP_PLASMA_MEMBRANE_PHOSPHOLIPID_SCRAMBLING	False	False	False	True	False	True
GOBP_PLASMA_MEMBRANE_RAFT_ORGANIZATION	False	False	False	True	False	True
GOBP_PLASMA_MEMBRANE_REPAIR	False	False	False	True	False	True
GOBP_PLASMA_MEMBRANE_TO_ENDOSOME_TRANSPORT	False	False	True	True	True	True
GOBP_PLASMA_MEMBRANE_TUBULATION	False	False	False	True	False	True
GOBP_PLASMINOGEN_ACTIVATION	False	False	False	False	False	False
GOBP_PLATELET_ACTIVATING_FACTOR_METABOLIC_PROCESS	False	False	True	True	True	True
GOBP_PLATELET_ACTIVATION	False	False	False	False	False	False
GOBP_PLATELET_AGGREGATION	False	False	False	True	False	True
GOBP_PLATELET_DEGRANULATION	False	False	True	True	True	True
GOBP_PLATELET_DENSE_GRANULE_ORGANIZATION	False	False	True	True	True	True
GOBP_PLATELET_DERIVED_GROWTH_FACTOR_RECEPTOR_ALPHA_SIGNALING_PATHWAY	False	False	True	True	True	True
GOBP_PLATELET_DERIVED_GROWTH_FACTOR_RECEPTOR_BETA_SIGNALING_PATHWAY	False	False	True	True	True	True
GOBP_PLATELET_DERIVED_GROWTH_FACTOR_RECEPTOR_SIGNALING_PATHWAY	False	False	False	True	False	True
GOBP_PLATELET_MORPHOGENESIS	False	False	False	True	False	True
GOBP_PLUS_END_DIRECTED_ORGANELLE_TRANSPORT_ALONG_MICROTUBULE	False	False	True	True	True	True
GOBP_PML_BODY_ORGANIZATION	False	False	True	True	True	True
GOBP_PODOCYTE_CELL_MIGRATION	False	False	True	True	True	True
GOBP_PODOSOME_ASSEMBLY	False	False	False	True	False	True
GOBP_POINTED_END_ACTIN_FILAMENT_CAPPING	False	False	False	False	False	False
GOBP_POLARIZED_EPITHELIAL_CELL_DIFFERENTIATION	False	False	False	True	False	True
GOBP_POLYAMINE_BIOSYNTHETIC_PROCESS	False	False	False	True	False	True
GOBP_POLYAMINE_METABOLIC_PROCESS	False	False	False	True	False	True
GOBP_POLYAMINE_TRANSPORT	False	False	True	True	True	True
GOBP_POLYOL_BIOSYNTHETIC_PROCESS	False	False	False	True	False	True
GOBP_POLYOL_CATABOLIC_PROCESS	False	False	True	True	True	True
GOBP_POLYOL_METABOLIC_PROCESS	False	False	False	True	False	True
GOBP_POLYOL_TRANSMEMBRANE_TRANSPORT	False	False	True	True	True	True
GOBP_POLYPRENOL_METABOLIC_PROCESS	False	False	True	True	True	True
GOBP_POLYSACCHARIDE_BIOSYNTHETIC_PROCESS	False	False	False	True	False	True
GOBP_POLYSACCHARIDE_CATABOLIC_PROCESS	False	False	False	True	False	True
GOBP_POLYSACCHARIDE_METABOLIC_PROCESS	False	False	False	True	False	True
GOBP_POLY_A_DEPENDENT_SNORNA_3_END_PROCESSING	False	False	True	True	True	True
GOBP_POLY_A_PLUS_MRNA_EXPORT_FROM_NUCLEUS	False	False	True	True	True	True
GOBP_POLY_N_ACETYLLACTOSAMINE_METABOLIC_PROCESS	False	False	False	True	False	True
GOBP_PONS_DEVELOPMENT	False	False	False	True	False	True
GOBP_PORE_COMPLEX_ASSEMBLY	False	False	False	True	False	True
GOBP_PORPHYRIN_CONTAINING_COMPOUND_METABOLIC_PROCESS	False	False	False	True	False	True
GOBP_POSITIVE_CHEMOTAXIS	False	False	False	True	False	True
GOBP_POSITIVE_REGULATION_BY_HOST_OF_VIRAL_PROCESS	False	False	True	True	True	True
GOBP_POSITIVE_REGULATION_BY_HOST_OF_VIRAL_TRANSCRIPTION	False	False	True	True	True	True
GOBP_POSITIVE_REGULATION_BY_SYMBIONT_OF_ENTRY_INTO_HOST	False	False	False	True	False	True
GOBP_POSITIVE_REGULATION_OF_3_UTR_MEDIATED_MRNA_STABILIZATION	False	False	True	True	True	True
GOBP_POSITIVE_REGULATION_OF_ACROSOME_REACTION	False	False	True	True	True	True
GOBP_POSITIVE_REGULATION_OF_ACTIN_FILAMENT_BUNDLE_ASSEMBLY	False	False	False	False	False	False
GOBP_POSITIVE_REGULATION_OF_ACTIN_FILAMENT_DEPOLYMERIZATION	False	False	False	True	False	True
GOBP_POSITIVE_REGULATION_OF_ACTIN_FILAMENT_POLYMERIZATION	False	False	False	True	False	True
GOBP_POSITIVE_REGULATION_OF_ACTIN_NUCLEATION	False	False	True	True	True	True
GOBP_POSITIVE_REGULATION_OF_ACTION_POTENTIAL	False	False	False	False	False	False
GOBP_POSITIVE_REGULATION_OF_ACTIVATED_T_CELL_PROLIFERATION	False	False	False	True	False	True
GOBP_POSITIVE_REGULATION_OF_ACUTE_INFLAMMATORY_RESPONSE	False	False	False	False	False	False
GOBP_POSITIVE_REGULATION_OF_ACUTE_INFLAMMATORY_RESPONSE_TO_ANTIGENIC_STIMULUS	False	False	False	False	False	False
GOBP_POSITIVE_REGULATION_OF_ADAPTIVE_IMMUNE_RESPONSE	False	False	False	False	False	False
GOBP_POSITIVE_REGULATION_OF_ADENYLATE_CYCLASE_ACTIVATING_G_PROTEIN_COUPLED_RECEPTOR_SIGNALING_PATHWAY	False	False	True	True	True	True
GOBP_POSITIVE_REGULATION_OF_ADIPOSE_TISSUE_DEVELOPMENT	False	False	True	True	True	True
GOBP_POSITIVE_REGULATION_OF_ALCOHOL_BIOSYNTHETIC_PROCESS	False	False	True	True	True	True
GOBP_POSITIVE_REGULATION_OF_ALPHA_BETA_T_CELL_ACTIVATION	False	False	False	False	False	False
GOBP_POSITIVE_REGULATION_OF_ALPHA_BETA_T_CELL_DIFFERENTIATION	False	False	False	False	False	False
GOBP_POSITIVE_REGULATION_OF_ALPHA_BETA_T_CELL_PROLIFERATION	False	False	False	True	False	True
GOBP_POSITIVE_REGULATION_OF_AMIDE_METABOLIC_PROCESS	False	False	False	True	False	True
GOBP_POSITIVE_REGULATION_OF_AMINE_METABOLIC_PROCESS	False	False	True	True	True	True
GOBP_POSITIVE_REGULATION_OF_AMINE_TRANSPORT	False	False	False	True	False	True
GOBP_POSITIVE_REGULATION_OF_AMINO_ACID_TRANSPORT	False	False	False	True	False	True
GOBP_POSITIVE_REGULATION_OF_AMYLOID_BETA_CLEARANCE	False	False	False	False	False	False
GOBP_POSITIVE_REGULATION_OF_AMYLOID_BETA_FORMATION	False	False	False	True	False	True
GOBP_POSITIVE_REGULATION_OF_AMYLOID_PRECURSOR_PROTEIN_CATABOLIC_PROCESS	False	False	True	True	True	True
GOBP_POSITIVE_REGULATION_OF_ANIMAL_ORGAN_MORPHOGENESIS	False	False	False	True	False	True
GOBP_POSITIVE_REGULATION_OF_ANTIGEN_PROCESSING_AND_PRESENTATION	False	False	False	False	False	False
GOBP_POSITIVE_REGULATION_OF_ANTIGEN_RECEPTOR_MEDIATED_SIGNALING_PATHWAY	False	False	False	True	False	True
GOBP_POSITIVE_REGULATION_OF_ANTIMICROBIAL_HUMORAL_RESPONSE	False	False	True	True	True	True
GOBP_POSITIVE_REGULATION_OF_APOPTOTIC_CELL_CLEARANCE	False	False	False	True	False	True
GOBP_POSITIVE_REGULATION_OF_APOPTOTIC_SIGNALING_PATHWAY	False	False	False	False	False	False
GOBP_POSITIVE_REGULATION_OF_ARACHIDONATE_SECRETION	False	False	True	True	True	True
GOBP_POSITIVE_REGULATION_OF_ARP2_3_COMPLEX_MEDIATED_ACTIN_NUCLEATION	False	False	True	True	True	True
GOBP_POSITIVE_REGULATION_OF_ARTERY_MORPHOGENESIS	False	False	False	True	False	True
GOBP_POSITIVE_REGULATION_OF_ASTROCYTE_DIFFERENTIATION	False	False	False	True	False	True
GOBP_POSITIVE_REGULATION_OF_ATP_DEPENDENT_ACTIVITY	False	False	False	True	False	True
GOBP_POSITIVE_REGULATION_OF_ATTACHMENT_OF_MITOTIC_SPINDLE_MICROTUBULES_TO_KINETOCHORE	False	False	True	True	True	True
GOBP_POSITIVE_REGULATION_OF_ATTACHMENT_OF_SPINDLE_MICROTUBULES_TO_KINETOCHORE	False	False	True	True	True	True
GOBP_POSITIVE_REGULATION_OF_AUTOPHAGOSOME_ASSEMBLY	False	False	True	True	True	True
GOBP_POSITIVE_REGULATION_OF_AUTOPHAGY	False	False	False	True	False	True
GOBP_POSITIVE_REGULATION_OF_AUTOPHAGY_OF_MITOCHONDRION	False	False	False	True	False	True
GOBP_POSITIVE_REGULATION_OF_AXONOGENESIS	False	False	False	True	False	True
GOBP_POSITIVE_REGULATION_OF_AXON_EXTENSION	False	False	False	False	False	False
GOBP_POSITIVE_REGULATION_OF_AXON_EXTENSION_INVOLVED_IN_AXON_GUIDANCE	False	False	False	True	False	True
GOBP_POSITIVE_REGULATION_OF_BEHAVIOR	False	False	True	True	True	True
GOBP_POSITIVE_REGULATION_OF_BICELLULAR_TIGHT_JUNCTION_ASSEMBLY	False	False	True	True	True	True
GOBP_POSITIVE_REGULATION_OF_BINDING	False	False	False	True	False	True
GOBP_POSITIVE_REGULATION_OF_BIOMINERAL_TISSUE_DEVELOPMENT	False	False	False	True	False	True
GOBP_POSITIVE_REGULATION_OF_BLOOD_BRAIN_BARRIER_PERMEABILITY	False	False	False	True	False	True
GOBP_POSITIVE_REGULATION_OF_BLOOD_CIRCULATION	False	False	False	True	False	True
GOBP_POSITIVE_REGULATION_OF_BLOOD_PRESSURE	False	False	False	True	False	True
GOBP_POSITIVE_REGULATION_OF_BLOOD_VESSEL_BRANCHING	False	False	False	True	False	True
GOBP_POSITIVE_REGULATION_OF_BLOOD_VESSEL_ENDOTHELIAL_CELL_MIGRATION	False	False	False	False	False	False
GOBP_POSITIVE_REGULATION_OF_BLOOD_VESSEL_ENDOTHELIAL_CELL_PROLIFERATION_INVOLVED_IN_SPROUTING_ANGIOGENESIS	False	False	True	True	True	True
GOBP_POSITIVE_REGULATION_OF_BMP_SIGNALING_PATHWAY	False	False	False	True	False	True
GOBP_POSITIVE_REGULATION_OF_BONE_MINERALIZATION	False	False	False	True	False	True
GOBP_POSITIVE_REGULATION_OF_BONE_RESORPTION	False	False	False	True	False	True
GOBP_POSITIVE_REGULATION_OF_BROWN_FAT_CELL_DIFFERENTIATION	False	False	False	True	False	True
GOBP_POSITIVE_REGULATION_OF_B_CELL_ACTIVATION	False	False	False	False	False	False
GOBP_POSITIVE_REGULATION_OF_B_CELL_DIFFERENTIATION	False	False	False	True	False	True
GOBP_POSITIVE_REGULATION_OF_B_CELL_MEDIATED_IMMUNITY	False	False	False	True	False	True
GOBP_POSITIVE_REGULATION_OF_B_CELL_PROLIFERATION	False	False	False	False	False	False
GOBP_POSITIVE_REGULATION_OF_B_CELL_RECEPTOR_SIGNALING_PATHWAY	False	False	False	True	False	True
GOBP_POSITIVE_REGULATION_OF_CALCINEURIN_MEDIATED_SIGNALING	False	False	False	True	False	True
GOBP_POSITIVE_REGULATION_OF_CALCIUM_ION_DEPENDENT_EXOCYTOSIS	False	False	True	True	True	True
GOBP_POSITIVE_REGULATION_OF_CALCIUM_ION_IMPORT	False	False	False	True	False	True
GOBP_POSITIVE_REGULATION_OF_CALCIUM_ION_IMPORT_ACROSS_PLASMA_MEMBRANE	False	False	False	False	False	False
GOBP_POSITIVE_REGULATION_OF_CALCIUM_ION_TRANSMEMBRANE_TRANSPORT	False	False	False	True	False	True
GOBP_POSITIVE_REGULATION_OF_CALCIUM_ION_TRANSMEMBRANE_TRANSPORTER_ACTIVITY	False	False	True	True	True	True
GOBP_POSITIVE_REGULATION_OF_CALCIUM_ION_TRANSPORT	False	False	False	True	False	True
GOBP_POSITIVE_REGULATION_OF_CALCIUM_ION_TRANSPORT_INTO_CYTOSOL	False	False	True	True	True	True
GOBP_POSITIVE_REGULATION_OF_CALCIUM_MEDIATED_SIGNALING	False	False	False	True	False	True
GOBP_POSITIVE_REGULATION_OF_CAMP_PKA_SIGNAL_TRANSDUCTION	False	False	False	True	False	True
GOBP_POSITIVE_REGULATION_OF_CANONICAL_NF_KAPPAB_SIGNAL_TRANSDUCTION	False	False	False	False	False	False
GOBP_POSITIVE_REGULATION_OF_CANONICAL_WNT_SIGNALING_PATHWAY	False	False	False	False	False	True
GOBP_POSITIVE_REGULATION_OF_CARBOHYDRATE_METABOLIC_PROCESS	False	False	False	True	False	True
GOBP_POSITIVE_REGULATION_OF_CARDIAC_EPITHELIAL_TO_MESENCHYMAL_TRANSITION	False	False	False	True	False	True
GOBP_POSITIVE_REGULATION_OF_CARDIAC_MUSCLE_CELL_DIFFERENTIATION	False	False	True	True	True	True
GOBP_POSITIVE_REGULATION_OF_CARDIAC_MUSCLE_CELL_PROLIFERATION	False	False	True	True	True	True
GOBP_POSITIVE_REGULATION_OF_CARDIAC_MUSCLE_CONTRACTION	False	False	True	True	True	True
GOBP_POSITIVE_REGULATION_OF_CARDIOCYTE_DIFFERENTIATION	False	False	False	True	False	True
GOBP_POSITIVE_REGULATION_OF_CARTILAGE_DEVELOPMENT	False	False	False	True	False	True
GOBP_POSITIVE_REGULATION_OF_CATABOLIC_PROCESS	True	False	False	False	False	False
GOBP_POSITIVE_REGULATION_OF_CATALYTIC_ACTIVITY	True	False	False	False	False	False
GOBP_POSITIVE_REGULATION_OF_CATECHOLAMINE_SECRETION	False	False	True	True	True	True
GOBP_POSITIVE_REGULATION_OF_CATION_CHANNEL_ACTIVITY	False	False	False	True	False	True
GOBP_POSITIVE_REGULATION_OF_CD4_POSITIVE_ALPHA_BETA_T_CELL_ACTIVATION	False	False	False	True	False	True
GOBP_POSITIVE_REGULATION_OF_CD4_POSITIVE_ALPHA_BETA_T_CELL_DIFFERENTIATION	False	False	False	False	False	False
GOBP_POSITIVE_REGULATION_OF_CD4_POSITIVE_ALPHA_BETA_T_CELL_PROLIFERATION	False	False	True	True	True	True
GOBP_POSITIVE_REGULATION_OF_CD8_POSITIVE_ALPHA_BETA_T_CELL_ACTIVATION	False	False	True	True	True	True
GOBP_POSITIVE_REGULATION_OF_CELLULAR_COMPONENT_BIOGENESIS	True	False	False	False	False	False
GOBP_POSITIVE_REGULATION_OF_CELLULAR_COMPONENT_ORGANIZATION	True	False	False	False	False	False
GOBP_POSITIVE_REGULATION_OF_CELLULAR_EXTRAVASATION	False	False	False	True	False	True
GOBP_POSITIVE_REGULATION_OF_CELLULAR_PH_REDUCTION	False	False	False	True	False	True
GOBP_POSITIVE_REGULATION_OF_CELLULAR_RESPIRATION	False	False	False	True	False	True
GOBP_POSITIVE_REGULATION_OF_CELLULAR_RESPONSE_TO_INSULIN_STIMULUS	False	False	False	True	False	True
GOBP_POSITIVE_REGULATION_OF_CELLULAR_RESPONSE_TO_TRANSFORMING_GROWTH_FACTOR_BETA_STIMULUS	False	False	False	True	False	True
GOBP_POSITIVE_REGULATION_OF_CELLULAR_SENESCENCE	False	False	False	True	False	True
GOBP_POSITIVE_REGULATION_OF_CELL_ACTIVATION	True	False	False	False	False	False
GOBP_POSITIVE_REGULATION_OF_CELL_ADHESION	True	False	False	False	False	False
GOBP_POSITIVE_REGULATION_OF_CELL_ADHESION_MEDIATED_BY_INTEGRIN	False	False	False	True	False	True
GOBP_POSITIVE_REGULATION_OF_CELL_CELL_ADHESION	True	False	False	False	False	False
GOBP_POSITIVE_REGULATION_OF_CELL_CELL_ADHESION_MEDIATED_BY_CADHERIN	False	False	True	True	True	True
GOBP_POSITIVE_REGULATION_OF_CELL_CELL_ADHESION_MEDIATED_BY_INTEGRIN	False	False	False	True	False	True
GOBP_POSITIVE_REGULATION_OF_CELL_CYCLE	True	False	False	False	False	False
GOBP_POSITIVE_REGULATION_OF_CELL_CYCLE_CHECKPOINT	False	False	True	True	True	True
GOBP_POSITIVE_REGULATION_OF_CELL_CYCLE_G1_S_PHASE_TRANSITION	False	False	False	True	False	True
GOBP_POSITIVE_REGULATION_OF_CELL_CYCLE_G2_M_PHASE_TRANSITION	False	False	False	True	True	True
GOBP_POSITIVE_REGULATION_OF_CELL_CYCLE_PHASE_TRANSITION	True	False	False	False	False	False
GOBP_POSITIVE_REGULATION_OF_CELL_CYCLE_PROCESS	True	False	False	False	False	False
GOBP_POSITIVE_REGULATION_OF_CELL_DEVELOPMENT	True	False	False	False	False	False
GOBP_POSITIVE_REGULATION_OF_CELL_DIFFERENTIATION	True	False	False	False	False	False
GOBP_POSITIVE_REGULATION_OF_CELL_DIVISION	False	False	False	True	False	True
GOBP_POSITIVE_REGULATION_OF_CELL_FATE_COMMITMENT	False	False	True	True	True	True
GOBP_POSITIVE_REGULATION_OF_CELL_GROWTH	False	False	False	False	False	False
GOBP_POSITIVE_REGULATION_OF_CELL_JUNCTION_ASSEMBLY	False	False	False	True	False	True
GOBP_POSITIVE_REGULATION_OF_CELL_KILLING	False	False	False	False	False	False
GOBP_POSITIVE_REGULATION_OF_CELL_MATRIX_ADHESION	False	False	False	False	False	True
GOBP_POSITIVE_REGULATION_OF_CELL_MATURATION	False	False	False	False	False	False
GOBP_POSITIVE_REGULATION_OF_CELL_MIGRATION_INVOLVED_IN_SPROUTING_ANGIOGENESIS	False	False	False	True	False	True
GOBP_POSITIVE_REGULATION_OF_CELL_MORPHOGENESIS	False	False	True	True	True	True
GOBP_POSITIVE_REGULATION_OF_CELL_POPULATION_PROLIFERATION	True	False	False	False	False	False
GOBP_POSITIVE_REGULATION_OF_CELL_PROJECTION_ORGANIZATION	False	False	False	False	False	False
GOBP_POSITIVE_REGULATION_OF_CELL_PROLIFERATION_INVOLVED_IN_KIDNEY_DEVELOPMENT	False	False	True	True	True	True
GOBP_POSITIVE_REGULATION_OF_CELL_PROLIFERATION_IN_BONE_MARROW	False	False	True	True	True	True
GOBP_POSITIVE_REGULATION_OF_CELL_SIZE	False	False	True	True	True	True
GOBP_POSITIVE_REGULATION_OF_CELL_SUBSTRATE_ADHESION	False	False	False	False	False	False
GOBP_POSITIVE_REGULATION_OF_CELL_SUBSTRATE_JUNCTION_ORGANIZATION	False	False	False	True	False	True
GOBP_POSITIVE_REGULATION_OF_CENTRIOLE_ELONGATION	False	False	True	True	True	True
GOBP_POSITIVE_REGULATION_OF_CENTRIOLE_REPLICATION	False	False	True	True	True	True
GOBP_POSITIVE_REGULATION_OF_CENTROSOME_DUPLICATION	False	False	True	True	True	True
GOBP_POSITIVE_REGULATION_OF_CEREBELLAR_GRANULE_CELL_PRECURSOR_PROLIFERATION	False	False	True	True	True	True
GOBP_POSITIVE_REGULATION_OF_CGAS_STING_SIGNALING_PATHWAY	False	False	True	True	True	True
GOBP_POSITIVE_REGULATION_OF_CGMP_MEDIATED_SIGNALING	False	False	True	True	True	True
GOBP_POSITIVE_REGULATION_OF_CHEMOKINE_C_C_MOTIF_LIGAND_5_PRODUCTION	False	False	True	True	True	True
GOBP_POSITIVE_REGULATION_OF_CHEMOKINE_C_X_C_MOTIF_LIGAND_2_PRODUCTION	False	False	False	True	False	True
GOBP_POSITIVE_REGULATION_OF_CHEMOKINE_PRODUCTION	False	False	False	True	False	True
GOBP_POSITIVE_REGULATION_OF_CHEMOTAXIS	False	False	False	False	False	False
GOBP_POSITIVE_REGULATION_OF_CHOLESTEROL_BIOSYNTHETIC_PROCESS	False	False	True	True	True	True
GOBP_POSITIVE_REGULATION_OF_CHOLESTEROL_EFFLUX	False	False	False	False	False	False
GOBP_POSITIVE_REGULATION_OF_CHOLESTEROL_METABOLIC_PROCESS	False	False	False	False	False	True
GOBP_POSITIVE_REGULATION_OF_CHOLESTEROL_STORAGE	False	False	True	True	True	True
GOBP_POSITIVE_REGULATION_OF_CHONDROCYTE_DIFFERENTIATION	False	False	True	True	True	True
GOBP_POSITIVE_REGULATION_OF_CHONDROCYTE_PROLIFERATION	False	False	True	True	True	True
GOBP_POSITIVE_REGULATION_OF_CHROMATIN_BINDING	False	False	True	True	True	True
GOBP_POSITIVE_REGULATION_OF_CHROMOSOME_CONDENSATION	False	False	False	True	False	True
GOBP_POSITIVE_REGULATION_OF_CHROMOSOME_ORGANIZATION	True	False	False	False	False	False
GOBP_POSITIVE_REGULATION_OF_CHROMOSOME_SEGREGATION	True	False	False	True	False	True
GOBP_POSITIVE_REGULATION_OF_CHROMOSOME_SEPARATION	True	False	False	False	False	False
GOBP_POSITIVE_REGULATION_OF_CILIUM_ASSEMBLY	False	False	True	True	True	True
GOBP_POSITIVE_REGULATION_OF_CILIUM_MOVEMENT	False	False	True	True	True	True
GOBP_POSITIVE_REGULATION_OF_CIRCADIAN_RHYTHM	False	False	True	True	True	True
GOBP_POSITIVE_REGULATION_OF_COAGULATION	False	False	False	False	False	False
GOBP_POSITIVE_REGULATION_OF_COLD_INDUCED_THERMOGENESIS	False	False	False	False	False	False
GOBP_POSITIVE_REGULATION_OF_COLLAGEN_METABOLIC_PROCESS	False	False	False	False	False	False
GOBP_POSITIVE_REGULATION_OF_COLLATERAL_SPROUTING	False	False	True	True	True	True
GOBP_POSITIVE_REGULATION_OF_COMPLEMENT_ACTIVATION	False	False	True	True	True	True
GOBP_POSITIVE_REGULATION_OF_CORTICOSTEROID_HORMONE_SECRETION	False	False	True	True	True	True
GOBP_POSITIVE_REGULATION_OF_CREB_TRANSCRIPTION_FACTOR_ACTIVITY	False	False	True	True	True	True
GOBP_POSITIVE_REGULATION_OF_CYCLASE_ACTIVITY	False	False	False	True	False	True
GOBP_POSITIVE_REGULATION_OF_CYTOKINESIS	False	False	False	True	False	True
GOBP_POSITIVE_REGULATION_OF_CYTOKINE_PRODUCTION	True	False	False	False	False	False
GOBP_POSITIVE_REGULATION_OF_CYTOKINE_PRODUCTION_INVOLVED_IN_IMMUNE_RESPONSE	False	False	False	False	False	False
GOBP_POSITIVE_REGULATION_OF_CYTOKINE_PRODUCTION_INVOLVED_IN_INFLAMMATORY_RESPONSE	False	False	True	True	True	True
GOBP_POSITIVE_REGULATION_OF_CYTOPLASMIC_TRANSLATION	False	False	False	True	False	False
GOBP_POSITIVE_REGULATION_OF_CYTOPLASMIC_TRANSLATIONAL_INITIATION	False	False	True	True	True	True
GOBP_POSITIVE_REGULATION_OF_CYTOSKELETON_ORGANIZATION	False	False	False	False	False	False
GOBP_POSITIVE_REGULATION_OF_CYTOSOLIC_CALCIUM_ION_CONCENTRATION	False	False	False	False	False	False
GOBP_POSITIVE_REGULATION_OF_DEFENSE_RESPONSE	True	False	False	False	False	False
GOBP_POSITIVE_REGULATION_OF_DEFENSE_RESPONSE_TO_BACTERIUM	False	False	True	True	True	True
GOBP_POSITIVE_REGULATION_OF_DEFENSE_RESPONSE_TO_VIRUS_BY_HOST	False	False	False	True	False	True
GOBP_POSITIVE_REGULATION_OF_DENDRITE_DEVELOPMENT	False	False	True	True	True	True
GOBP_POSITIVE_REGULATION_OF_DENDRITE_EXTENSION	False	False	True	True	True	True
GOBP_POSITIVE_REGULATION_OF_DENDRITIC_CELL_ANTIGEN_PROCESSING_AND_PRESENTATION	False	False	False	False	False	False
GOBP_POSITIVE_REGULATION_OF_DENDRITIC_CELL_CHEMOTAXIS	False	False	False	True	False	True
GOBP_POSITIVE_REGULATION_OF_DENDRITIC_CELL_CYTOKINE_PRODUCTION	False	False	True	True	True	True
GOBP_POSITIVE_REGULATION_OF_DENDRITIC_CELL_DIFFERENTIATION	False	False	False	False	False	False
GOBP_POSITIVE_REGULATION_OF_DENDRITIC_SPINE_DEVELOPMENT	False	False	False	True	False	True
GOBP_POSITIVE_REGULATION_OF_DENDRITIC_SPINE_MAINTENANCE	False	False	False	False	False	False
GOBP_POSITIVE_REGULATION_OF_DENDRITIC_SPINE_MORPHOGENESIS	False	False	True	True	True	True
GOBP_POSITIVE_REGULATION_OF_DEVELOPMENTAL_GROWTH	False	False	False	False	False	False
GOBP_POSITIVE_REGULATION_OF_DEVELOPMENTAL_PIGMENTATION	False	False	True	True	True	True
GOBP_POSITIVE_REGULATION_OF_DEVELOPMENTAL_PROCESS	True	False	False	False	False	False
GOBP_POSITIVE_REGULATION_OF_DIGESTIVE_SYSTEM_PROCESS	False	False	False	True	False	True
GOBP_POSITIVE_REGULATION_OF_DNA_BINDING	False	False	False	False	False	False
GOBP_POSITIVE_REGULATION_OF_DNA_BINDING_TRANSCRIPTION_FACTOR_ACTIVITY	False	False	False	False	False	False
GOBP_POSITIVE_REGULATION_OF_DNA_BIOSYNTHETIC_PROCESS	False	False	False	True	False	True
GOBP_POSITIVE_REGULATION_OF_DNA_DAMAGE_RESPONSE_SIGNAL_TRANSDUCTION_BY_P53_CLASS_MEDIATOR	False	False	True	True	True	True
GOBP_POSITIVE_REGULATION_OF_DNA_DIRECTED_DNA_POLYMERASE_ACTIVITY	False	False	True	True	True	True
GOBP_POSITIVE_REGULATION_OF_DNA_METABOLIC_PROCESS	True	False	False	False	False	False
GOBP_POSITIVE_REGULATION_OF_DNA_RECOMBINATION	False	False	False	True	False	True
GOBP_POSITIVE_REGULATION_OF_DNA_REPAIR	True	False	False	False	False	False
GOBP_POSITIVE_REGULATION_OF_DNA_REPLICATION	False	False	False	True	False	True
GOBP_POSITIVE_REGULATION_OF_DNA_TEMPLATED_DNA_REPLICATION	False	False	True	True	True	True
GOBP_POSITIVE_REGULATION_OF_DNA_TEMPLATED_TRANSCRIPTION_ELONGATION	False	False	True	True	True	True
GOBP_POSITIVE_REGULATION_OF_DNA_TEMPLATED_TRANSCRIPTION_INITIATION	False	False	False	True	False	True
GOBP_POSITIVE_REGULATION_OF_DOPAMINE_RECEPTOR_SIGNALING_PATHWAY	False	False	True	True	True	True
GOBP_POSITIVE_REGULATION_OF_DOPAMINE_SECRETION	False	False	True	True	True	True
GOBP_POSITIVE_REGULATION_OF_DOUBLE_STRAND_BREAK_REPAIR	False	False	False	True	False	True
GOBP_POSITIVE_REGULATION_OF_DOUBLE_STRAND_BREAK_REPAIR_VIA_HOMOLOGOUS_RECOMBINATION	False	False	True	True	True	True
GOBP_POSITIVE_REGULATION_OF_DOUBLE_STRAND_BREAK_REPAIR_VIA_NONHOMOLOGOUS_END_JOINING	False	False	True	True	True	True
GOBP_POSITIVE_REGULATION_OF_D_GLUCOSE_IMPORT	False	False	True	True	True	True
GOBP_POSITIVE_REGULATION_OF_D_GLUCOSE_TRANSMEMBRANE_TRANSPORT	False	False	True	True	True	True
GOBP_POSITIVE_REGULATION_OF_EARLY_ENDOSOME_TO_LATE_ENDOSOME_TRANSPORT	False	False	False	True	False	True
GOBP_POSITIVE_REGULATION_OF_EMBRYONIC_DEVELOPMENT	False	False	True	True	True	True
GOBP_POSITIVE_REGULATION_OF_ENAMEL_MINERALIZATION	False	False	False	False	False	False
GOBP_POSITIVE_REGULATION_OF_ENDOCYTIC_RECYCLING	False	False	True	True	True	True
GOBP_POSITIVE_REGULATION_OF_ENDOCYTOSIS	False	False	False	False	False	False
GOBP_POSITIVE_REGULATION_OF_ENDOPEPTIDASE_ACTIVITY	False	False	False	False	False	False
GOBP_POSITIVE_REGULATION_OF_ENDOPLASMIC_RETICULUM_STRESS_INDUCED_INTRINSIC_APOPTOTIC_SIGNALING_PATHWAY	False	False	True	True	True	True
GOBP_POSITIVE_REGULATION_OF_ENDOPLASMIC_RETICULUM_UNFOLDED_PROTEIN_RESPONSE	False	False	True	True	True	True
GOBP_POSITIVE_REGULATION_OF_ENDOTHELIAL_CELL_APOPTOTIC_PROCESS	False	False	False	True	False	True
GOBP_POSITIVE_REGULATION_OF_ENDOTHELIAL_CELL_CHEMOTAXIS	False	False	False	False	False	False
GOBP_POSITIVE_REGULATION_OF_ENDOTHELIAL_CELL_DEVELOPMENT	False	False	True	True	True	True
GOBP_POSITIVE_REGULATION_OF_ENDOTHELIAL_CELL_DIFFERENTIATION	False	False	True	True	True	True
GOBP_POSITIVE_REGULATION_OF_ENDOTHELIAL_CELL_MIGRATION	False	False	False	False	False	False
GOBP_POSITIVE_REGULATION_OF_ENDOTHELIAL_CELL_PROLIFERATION	False	False	False	False	False	False
GOBP_POSITIVE_REGULATION_OF_EPIDERMIS_DEVELOPMENT	False	False	False	True	False	True
GOBP_POSITIVE_REGULATION_OF_EPITHELIAL_CELL_APOPTOTIC_PROCESS	False	False	False	True	False	True
GOBP_POSITIVE_REGULATION_OF_EPITHELIAL_CELL_DIFFERENTIATION	False	False	False	True	False	True
GOBP_POSITIVE_REGULATION_OF_EPITHELIAL_CELL_DIFFERENTIATION_INVOLVED_IN_KIDNEY_DEVELOPMENT	False	False	False	True	False	True
GOBP_POSITIVE_REGULATION_OF_EPITHELIAL_CELL_MIGRATION	False	False	False	True	False	True
GOBP_POSITIVE_REGULATION_OF_EPITHELIAL_CELL_PROLIFERATION	True	False	False	False	False	False
GOBP_POSITIVE_REGULATION_OF_EPITHELIAL_CELL_PROLIFERATION_INVOLVED_IN_LUNG_MORPHOGENESIS	False	False	True	True	True	True
GOBP_POSITIVE_REGULATION_OF_EPITHELIAL_CELL_PROLIFERATION_INVOLVED_IN_WOUND_HEALING	False	False	False	True	False	True
GOBP_POSITIVE_REGULATION_OF_EPITHELIAL_TO_MESENCHYMAL_TRANSITION	False	False	False	True	False	True
GOBP_POSITIVE_REGULATION_OF_EPITHELIAL_TUBE_FORMATION	False	False	True	True	True	True
GOBP_POSITIVE_REGULATION_OF_ERAD_PATHWAY	False	False	False	True	False	True
GOBP_POSITIVE_REGULATION_OF_ERBB_SIGNALING_PATHWAY	False	False	False	True	False	True
GOBP_POSITIVE_REGULATION_OF_ERK1_AND_ERK2_CASCADE	False	False	False	False	False	False
GOBP_POSITIVE_REGULATION_OF_ERYTHROCYTE_DIFFERENTIATION	False	False	False	True	False	True
GOBP_POSITIVE_REGULATION_OF_ESTABLISHMENT_OF_PROTEIN_LOCALIZATION	True	False	False	False	False	False
GOBP_POSITIVE_REGULATION_OF_ESTABLISHMENT_OF_PROTEIN_LOCALIZATION_TO_MITOCHONDRION	False	False	False	True	False	True
GOBP_POSITIVE_REGULATION_OF_EXCITATORY_POSTSYNAPTIC_POTENTIAL	False	False	True	True	True	True
GOBP_POSITIVE_REGULATION_OF_EXECUTION_PHASE_OF_APOPTOSIS	False	False	False	True	False	True
GOBP_POSITIVE_REGULATION_OF_EXIT_FROM_MITOSIS	False	False	True	True	True	True
GOBP_POSITIVE_REGULATION_OF_EXOCYTOSIS	False	False	False	True	False	True
GOBP_POSITIVE_REGULATION_OF_EXOSOMAL_SECRETION	False	False	False	True	False	True
GOBP_POSITIVE_REGULATION_OF_EXTRACELLULAR_MATRIX_ASSEMBLY	False	False	False	True	False	True
GOBP_POSITIVE_REGULATION_OF_EXTRACELLULAR_MATRIX_DISASSEMBLY	False	False	False	True	False	True
GOBP_POSITIVE_REGULATION_OF_EXTRACELLULAR_MATRIX_ORGANIZATION	False	False	False	True	False	True
GOBP_POSITIVE_REGULATION_OF_EXTRINSIC_APOPTOTIC_SIGNALING_PATHWAY	False	False	False	False	False	False
GOBP_POSITIVE_REGULATION_OF_EXTRINSIC_APOPTOTIC_SIGNALING_PATHWAY_IN_ABSENCE_OF_LIGAND	False	False	True	True	True	True
GOBP_POSITIVE_REGULATION_OF_EXTRINSIC_APOPTOTIC_SIGNALING_PATHWAY_VIA_DEATH_DOMAIN_RECEPTORS	False	False	True	True	True	True
GOBP_POSITIVE_REGULATION_OF_FATTY_ACID_BETA_OXIDATION	False	False	True	True	True	True
GOBP_POSITIVE_REGULATION_OF_FATTY_ACID_BIOSYNTHETIC_PROCESS	False	False	True	True	True	True
GOBP_POSITIVE_REGULATION_OF_FATTY_ACID_METABOLIC_PROCESS	False	False	False	True	False	True
GOBP_POSITIVE_REGULATION_OF_FATTY_ACID_OXIDATION	False	False	True	True	True	True
GOBP_POSITIVE_REGULATION_OF_FATTY_ACID_TRANSPORT	False	False	False	True	False	True
GOBP_POSITIVE_REGULATION_OF_FAT_CELL_DIFFERENTIATION	False	False	False	True	False	True
GOBP_POSITIVE_REGULATION_OF_FEAR_RESPONSE	False	False	True	True	True	True
GOBP_POSITIVE_REGULATION_OF_FEEDING_BEHAVIOR	False	False	True	True	True	True
GOBP_POSITIVE_REGULATION_OF_FERTILIZATION	False	False	True	True	True	True
GOBP_POSITIVE_REGULATION_OF_FEVER_GENERATION	False	False	False	True	False	True
GOBP_POSITIVE_REGULATION_OF_FIBROBLAST_APOPTOTIC_PROCESS	False	False	False	False	False	False
GOBP_POSITIVE_REGULATION_OF_FIBROBLAST_GROWTH_FACTOR_RECEPTOR_SIGNALING_PATHWAY	False	False	False	False	False	False
GOBP_POSITIVE_REGULATION_OF_FIBROBLAST_MIGRATION	False	False	False	False	False	False
GOBP_POSITIVE_REGULATION_OF_FIBROBLAST_PROLIFERATION	False	False	False	False	False	False
GOBP_POSITIVE_REGULATION_OF_FILOPODIUM_ASSEMBLY	False	False	True	True	True	True
GOBP_POSITIVE_REGULATION_OF_FOCAL_ADHESION_ASSEMBLY	False	False	False	True	False	True
GOBP_POSITIVE_REGULATION_OF_G0_TO_G1_TRANSITION	False	False	True	True	True	True
GOBP_POSITIVE_REGULATION_OF_G1_S_TRANSITION_OF_MITOTIC_CELL_CYCLE	False	False	False	True	False	True
GOBP_POSITIVE_REGULATION_OF_GAMMA_DELTA_T_CELL_ACTIVATION	False	False	True	True	True	True
GOBP_POSITIVE_REGULATION_OF_GAMMA_DELTA_T_CELL_DIFFERENTIATION	False	False	True	True	True	True
GOBP_POSITIVE_REGULATION_OF_GAP_JUNCTION_ASSEMBLY	False	False	True	True	True	True
GOBP_POSITIVE_REGULATION_OF_GASTRO_INTESTINAL_SYSTEM_SMOOTH_MUSCLE_CONTRACTION	False	False	True	True	True	True
GOBP_POSITIVE_REGULATION_OF_GASTRULATION	False	False	True	True	True	True
GOBP_POSITIVE_REGULATION_OF_GENE_EXPRESSION	True	False	False	False	False	False
GOBP_POSITIVE_REGULATION_OF_GENE_EXPRESSION_EPIGENETIC	False	False	False	True	False	True
GOBP_POSITIVE_REGULATION_OF_GENE_EXPRESSION_VIA_CHROMOSOMAL_CPG_ISLAND_DEMETHYLATION	False	False	True	True	True	True
GOBP_POSITIVE_REGULATION_OF_GLIAL_CELL_DIFFERENTIATION	False	False	False	True	False	True
GOBP_POSITIVE_REGULATION_OF_GLIAL_CELL_PROLIFERATION	False	False	True	True	True	True
GOBP_POSITIVE_REGULATION_OF_GLIOGENESIS	False	False	False	True	False	True
GOBP_POSITIVE_REGULATION_OF_GLOMERULAR_MESANGIAL_CELL_PROLIFERATION	False	False	False	False	False	False
GOBP_POSITIVE_REGULATION_OF_GLOMERULUS_DEVELOPMENT	False	False	True	True	True	True
GOBP_POSITIVE_REGULATION_OF_GLUCOCORTICOID_SECRETION	False	False	True	True	True	True
GOBP_POSITIVE_REGULATION_OF_GLUCONEOGENESIS	False	False	True	True	True	True
GOBP_POSITIVE_REGULATION_OF_GLUCOSE_METABOLIC_PROCESS	False	False	False	True	False	True
GOBP_POSITIVE_REGULATION_OF_GLUTAMATE_RECEPTOR_SIGNALING_PATHWAY	False	False	True	True	True	True
GOBP_POSITIVE_REGULATION_OF_GLUTAMATE_SECRETION	False	False	False	False	False	False
GOBP_POSITIVE_REGULATION_OF_GLYCOGEN_BIOSYNTHETIC_PROCESS	False	False	True	True	True	True
GOBP_POSITIVE_REGULATION_OF_GLYCOGEN_METABOLIC_PROCESS	False	False	False	True	False	True
GOBP_POSITIVE_REGULATION_OF_GLYCOPROTEIN_METABOLIC_PROCESS	False	False	True	True	True	True
GOBP_POSITIVE_REGULATION_OF_GONADOTROPIN_SECRETION	False	False	True	True	True	True
GOBP_POSITIVE_REGULATION_OF_GONAD_DEVELOPMENT	False	False	True	True	True	True
GOBP_POSITIVE_REGULATION_OF_GRANULOCYTE_CHEMOTAXIS	False	False	False	False	False	False
GOBP_POSITIVE_REGULATION_OF_GRANULOCYTE_DIFFERENTIATION	False	False	True	True	True	True
GOBP_POSITIVE_REGULATION_OF_GROWTH	False	False	False	False	False	False
GOBP_POSITIVE_REGULATION_OF_GROWTH_HORMONE_SECRETION	False	False	False	False	False	False
GOBP_POSITIVE_REGULATION_OF_GTPASE_ACTIVITY	False	False	False	True	False	True
GOBP_POSITIVE_REGULATION_OF_G_PROTEIN_COUPLED_RECEPTOR_SIGNALING_PATHWAY	False	False	False	True	False	True
GOBP_POSITIVE_REGULATION_OF_HAIR_FOLLICLE_DEVELOPMENT	False	False	True	True	True	True
GOBP_POSITIVE_REGULATION_OF_HAIR_FOLLICLE_MATURATION	False	False	True	True	True	True
GOBP_POSITIVE_REGULATION_OF_HEART_GROWTH	False	False	True	True	True	True
GOBP_POSITIVE_REGULATION_OF_HEART_RATE	False	False	True	True	True	True
GOBP_POSITIVE_REGULATION_OF_HEAT_GENERATION	False	False	True	True	True	True
GOBP_POSITIVE_REGULATION_OF_HEMATOPOIETIC_PROGENITOR_CELL_DIFFERENTIATION	False	False	True	True	True	True
GOBP_POSITIVE_REGULATION_OF_HEMATOPOIETIC_STEM_CELL_PROLIFERATION	False	False	True	True	True	True
GOBP_POSITIVE_REGULATION_OF_HEMOGLOBIN_BIOSYNTHETIC_PROCESS	False	False	True	True	True	True
GOBP_POSITIVE_REGULATION_OF_HEMOPOIESIS	False	False	False	False	False	False
GOBP_POSITIVE_REGULATION_OF_HEPATIC_STELLATE_CELL_ACTIVATION	False	False	True	True	True	True
GOBP_POSITIVE_REGULATION_OF_HEPATOCYTE_PROLIFERATION	False	False	True	True	True	True
GOBP_POSITIVE_REGULATION_OF_HETEROTYPIC_CELL_CELL_ADHESION	False	False	False	True	False	True
GOBP_POSITIVE_REGULATION_OF_HIPPO_SIGNALING	False	False	True	True	True	True
GOBP_POSITIVE_REGULATION_OF_HOMOTYPIC_CELL_CELL_ADHESION	False	False	False	True	False	True
GOBP_POSITIVE_REGULATION_OF_HORMONE_BIOSYNTHETIC_PROCESS	False	False	True	True	True	True
GOBP_POSITIVE_REGULATION_OF_HORMONE_METABOLIC_PROCESS	False	False	True	True	True	True
GOBP_POSITIVE_REGULATION_OF_HORMONE_SECRETION	False	False	False	True	False	True
GOBP_POSITIVE_REGULATION_OF_HUMORAL_IMMUNE_RESPONSE	False	False	True	True	True	True
GOBP_POSITIVE_REGULATION_OF_HUMORAL_IMMUNE_RESPONSE_MEDIATED_BY_CIRCULATING_IMMUNOGLOBULIN	False	False	True	True	True	True
GOBP_POSITIVE_REGULATION_OF_HYDROGEN_PEROXIDE_METABOLIC_PROCESS	False	False	False	True	False	True
GOBP_POSITIVE_REGULATION_OF_HYDROLASE_ACTIVITY	False	False	False	False	False	False
GOBP_POSITIVE_REGULATION_OF_IMMATURE_T_CELL_PROLIFERATION	False	False	True	True	True	True
GOBP_POSITIVE_REGULATION_OF_IMMUNE_EFFECTOR_PROCESS	False	False	False	False	False	False
GOBP_POSITIVE_REGULATION_OF_IMMUNE_RESPONSE	True	True	False	False	False	False
GOBP_POSITIVE_REGULATION_OF_IMMUNE_SYSTEM_PROCESS	True	True	False	False	False	False
GOBP_POSITIVE_REGULATION_OF_IMMUNOGLOBULIN_PRODUCTION	False	False	False	True	False	True
GOBP_POSITIVE_REGULATION_OF_INFLAMMASOME_MEDIATED_SIGNALING_PATHWAY	False	False	True	True	True	True
GOBP_POSITIVE_REGULATION_OF_INFLAMMATORY_RESPONSE	False	False	False	False	False	False
GOBP_POSITIVE_REGULATION_OF_INFLAMMATORY_RESPONSE_TO_ANTIGENIC_STIMULUS	False	False	False	True	False	True
GOBP_POSITIVE_REGULATION_OF_INOSITOL_PHOSPHATE_BIOSYNTHETIC_PROCESS	False	False	True	True	True	True
GOBP_POSITIVE_REGULATION_OF_INSULIN_LIKE_GROWTH_FACTOR_RECEPTOR_SIGNALING_PATHWAY	False	False	False	True	False	True
GOBP_POSITIVE_REGULATION_OF_INSULIN_SECRETION	False	False	False	True	False	True
GOBP_POSITIVE_REGULATION_OF_INSULIN_SECRETION_INVOLVED_IN_CELLULAR_RESPONSE_TO_GLUCOSE_STIMULUS	False	False	False	True	False	True
GOBP_POSITIVE_REGULATION_OF_INTEGRIN_ACTIVATION	False	False	True	True	True	True
GOBP_POSITIVE_REGULATION_OF_INTEGRIN_MEDIATED_SIGNALING_PATHWAY	False	False	False	False	False	True
GOBP_POSITIVE_REGULATION_OF_INTERFERON_ALPHA_PRODUCTION	False	False	False	True	False	True
GOBP_POSITIVE_REGULATION_OF_INTERFERON_BETA_PRODUCTION	False	False	False	True	False	True
GOBP_POSITIVE_REGULATION_OF_INTERLEUKIN_10_PRODUCTION	False	False	False	True	False	True
GOBP_POSITIVE_REGULATION_OF_INTERLEUKIN_12_PRODUCTION	False	False	False	True	False	True
GOBP_POSITIVE_REGULATION_OF_INTERLEUKIN_13_PRODUCTION	False	False	False	True	False	True
GOBP_POSITIVE_REGULATION_OF_INTERLEUKIN_17_PRODUCTION	False	False	False	True	False	True
GOBP_POSITIVE_REGULATION_OF_INTERLEUKIN_1_PRODUCTION	False	False	False	False	False	False
GOBP_POSITIVE_REGULATION_OF_INTERLEUKIN_23_PRODUCTION	False	False	True	True	True	True
GOBP_POSITIVE_REGULATION_OF_INTERLEUKIN_2_PRODUCTION	False	False	False	True	False	True
GOBP_POSITIVE_REGULATION_OF_INTERLEUKIN_4_PRODUCTION	False	False	False	True	False	True
GOBP_POSITIVE_REGULATION_OF_INTERLEUKIN_5_PRODUCTION	False	False	True	True	True	True
GOBP_POSITIVE_REGULATION_OF_INTERLEUKIN_6_PRODUCTION	False	False	False	False	False	False
GOBP_POSITIVE_REGULATION_OF_INTERLEUKIN_8_PRODUCTION	False	False	False	False	False	False
GOBP_POSITIVE_REGULATION_OF_INTRACELLULAR_ESTROGEN_RECEPTOR_SIGNALING_PATHWAY	False	False	True	True	True	True
GOBP_POSITIVE_REGULATION_OF_INTRACELLULAR_LIPID_TRANSPORT	False	False	False	False	False	False
GOBP_POSITIVE_REGULATION_OF_INTRACELLULAR_PROTEIN_TRANSPORT	False	False	False	False	False	True
GOBP_POSITIVE_REGULATION_OF_INTRACELLULAR_SIGNAL_TRANSDUCTION	True	False	False	False	False	False
GOBP_POSITIVE_REGULATION_OF_INTRACELLULAR_STEROID_HORMONE_RECEPTOR_SIGNALING_PATHWAY	False	False	True	True	True	True
GOBP_POSITIVE_REGULATION_OF_INTRACELLULAR_TRANSPORT	False	False	False	False	False	False
GOBP_POSITIVE_REGULATION_OF_INTRINSIC_APOPTOTIC_SIGNALING_PATHWAY	False	False	False	False	False	False
GOBP_POSITIVE_REGULATION_OF_INTRINSIC_APOPTOTIC_SIGNALING_PATHWAY_BY_P53_CLASS_MEDIATOR	False	False	False	True	False	True
GOBP_POSITIVE_REGULATION_OF_ISOTYPE_SWITCHING	False	False	False	True	False	True
GOBP_POSITIVE_REGULATION_OF_ISOTYPE_SWITCHING_TO_IGG_ISOTYPES	False	False	False	True	False	True
GOBP_POSITIVE_REGULATION_OF_JNK_CASCADE	False	False	False	True	False	True
GOBP_POSITIVE_REGULATION_OF_JUN_KINASE_ACTIVITY	False	False	True	True	True	True
GOBP_POSITIVE_REGULATION_OF_KERATINOCYTE_DIFFERENTIATION	False	False	False	True	False	True
GOBP_POSITIVE_REGULATION_OF_KERATINOCYTE_PROLIFERATION	False	False	False	True	False	True
GOBP_POSITIVE_REGULATION_OF_KIDNEY_DEVELOPMENT	False	False	True	True	True	True
GOBP_POSITIVE_REGULATION_OF_KINASE_ACTIVITY	False	False	False	True	False	True
GOBP_POSITIVE_REGULATION_OF_LAMELLIPODIUM_ASSEMBLY	False	False	False	True	False	True
GOBP_POSITIVE_REGULATION_OF_LAMELLIPODIUM_ORGANIZATION	False	False	False	True	False	True
GOBP_POSITIVE_REGULATION_OF_LEUKOCYTE_ADHESION_TO_VASCULAR_ENDOTHELIAL_CELL	False	False	False	True	False	True
GOBP_POSITIVE_REGULATION_OF_LEUKOCYTE_APOPTOTIC_PROCESS	False	False	True	True	True	True
GOBP_POSITIVE_REGULATION_OF_LEUKOCYTE_CELL_CELL_ADHESION	False	False	False	False	False	False
GOBP_POSITIVE_REGULATION_OF_LEUKOCYTE_CHEMOTAXIS	False	False	False	False	False	False
GOBP_POSITIVE_REGULATION_OF_LEUKOCYTE_DEGRANULATION	False	False	False	True	False	True
GOBP_POSITIVE_REGULATION_OF_LEUKOCYTE_MEDIATED_IMMUNITY	False	False	False	False	False	False
GOBP_POSITIVE_REGULATION_OF_LEUKOCYTE_MIGRATION	False	False	False	False	False	False
GOBP_POSITIVE_REGULATION_OF_LEUKOCYTE_PROLIFERATION	True	False	False	False	False	False
GOBP_POSITIVE_REGULATION_OF_LEUKOCYTE_TETHERING_OR_ROLLING	False	False	True	True	True	True
GOBP_POSITIVE_REGULATION_OF_LIPASE_ACTIVITY	False	False	True	True	True	True
GOBP_POSITIVE_REGULATION_OF_LIPID_BIOSYNTHETIC_PROCESS	False	False	False	False	False	False
GOBP_POSITIVE_REGULATION_OF_LIPID_CATABOLIC_PROCESS	False	False	True	True	True	True
GOBP_POSITIVE_REGULATION_OF_LIPID_LOCALIZATION	False	False	False	False	False	True
GOBP_POSITIVE_REGULATION_OF_LIPID_METABOLIC_PROCESS	False	False	False	True	False	True
GOBP_POSITIVE_REGULATION_OF_LIPID_STORAGE	False	False	True	True	True	True
GOBP_POSITIVE_REGULATION_OF_LIPID_TRANSPORT	False	False	False	False	False	False
GOBP_POSITIVE_REGULATION_OF_LIPOPOLYSACCHARIDE_MEDIATED_SIGNALING_PATHWAY	False	False	False	True	False	True
GOBP_POSITIVE_REGULATION_OF_LIPOPROTEIN_PARTICLE_CLEARANCE	False	False	False	True	False	True
GOBP_POSITIVE_REGULATION_OF_LOCOMOTION	False	False	False	False	False	False
GOBP_POSITIVE_REGULATION_OF_LONG_TERM_NEURONAL_SYNAPTIC_PLASTICITY	False	False	True	True	True	True
GOBP_POSITIVE_REGULATION_OF_LONG_TERM_SYNAPTIC_DEPRESSION	False	False	True	True	True	True
GOBP_POSITIVE_REGULATION_OF_LONG_TERM_SYNAPTIC_POTENTIATION	False	False	False	True	False	True
GOBP_POSITIVE_REGULATION_OF_LYASE_ACTIVITY	False	False	True	True	True	True
GOBP_POSITIVE_REGULATION_OF_LYMPHOCYTE_ANERGY	False	False	True	True	True	True
GOBP_POSITIVE_REGULATION_OF_LYMPHOCYTE_APOPTOTIC_PROCESS	False	False	False	True	False	True
GOBP_POSITIVE_REGULATION_OF_LYMPHOCYTE_CHEMOTAXIS	False	False	False	True	False	True
GOBP_POSITIVE_REGULATION_OF_LYMPHOCYTE_DIFFERENTIATION	False	False	False	False	False	False
GOBP_POSITIVE_REGULATION_OF_LYMPHOCYTE_MIGRATION	False	False	False	True	False	True
GOBP_POSITIVE_REGULATION_OF_MACROAUTOPHAGY	False	False	False	True	False	True
GOBP_POSITIVE_REGULATION_OF_MACROPHAGE_ACTIVATION	False	False	False	True	False	True
GOBP_POSITIVE_REGULATION_OF_MACROPHAGE_CHEMOTAXIS	False	False	False	False	False	False
GOBP_POSITIVE_REGULATION_OF_MACROPHAGE_CYTOKINE_PRODUCTION	False	False	False	False	False	False
GOBP_POSITIVE_REGULATION_OF_MACROPHAGE_DERIVED_FOAM_CELL_DIFFERENTIATION	False	False	True	True	True	True
GOBP_POSITIVE_REGULATION_OF_MACROPHAGE_DIFFERENTIATION	False	False	False	True	False	True
GOBP_POSITIVE_REGULATION_OF_MACROPHAGE_MIGRATION	False	False	False	False	False	False
GOBP_POSITIVE_REGULATION_OF_MAPKKK_CASCADE_BY_FIBROBLAST_GROWTH_FACTOR_RECEPTOR_SIGNALING_PATHWAY	False	False	True	True	True	True
GOBP_POSITIVE_REGULATION_OF_MAPK_CASCADE	True	False	False	False	False	False
GOBP_POSITIVE_REGULATION_OF_MAP_KINASE_ACTIVITY	False	False	False	True	True	True
GOBP_POSITIVE_REGULATION_OF_MAST_CELL_ACTIVATION	False	False	True	True	True	True
GOBP_POSITIVE_REGULATION_OF_MAST_CELL_CHEMOTAXIS	False	False	False	True	False	True
GOBP_POSITIVE_REGULATION_OF_MAST_CELL_CYTOKINE_PRODUCTION	False	False	True	True	True	True
GOBP_POSITIVE_REGULATION_OF_MAST_CELL_DEGRANULATION	False	False	False	False	False	False
GOBP_POSITIVE_REGULATION_OF_MAST_CELL_PROLIFERATION	False	False	True	True	True	True
GOBP_POSITIVE_REGULATION_OF_MEGAKARYOCYTE_DIFFERENTIATION	False	False	True	True	True	True
GOBP_POSITIVE_REGULATION_OF_MEIOTIC_CELL_CYCLE	False	False	True	True	True	True
GOBP_POSITIVE_REGULATION_OF_MEIOTIC_NUCLEAR_DIVISION	False	False	True	True	True	True
GOBP_POSITIVE_REGULATION_OF_MELANOCYTE_DIFFERENTIATION	False	False	True	True	True	True
GOBP_POSITIVE_REGULATION_OF_MEMBRANE_DEPOLARIZATION	False	False	False	True	False	True
GOBP_POSITIVE_REGULATION_OF_MEMBRANE_PERMEABILITY	False	False	False	True	False	True
GOBP_POSITIVE_REGULATION_OF_MEMBRANE_POTENTIAL	False	False	True	True	True	True
GOBP_POSITIVE_REGULATION_OF_MEMBRANE_PROTEIN_ECTODOMAIN_PROTEOLYSIS	False	False	True	True	True	True
GOBP_POSITIVE_REGULATION_OF_MEMORY_T_CELL_DIFFERENTIATION	False	False	False	False	False	True
GOBP_POSITIVE_REGULATION_OF_MESENCHYMAL_CELL_PROLIFERATION	False	False	False	True	False	True
GOBP_POSITIVE_REGULATION_OF_MESENCHYMAL_STEM_CELL_DIFFERENTIATION	False	False	True	True	True	True
GOBP_POSITIVE_REGULATION_OF_METAPHASE_ANAPHASE_TRANSITION_OF_CELL_CYCLE	False	False	False	True	False	True
GOBP_POSITIVE_REGULATION_OF_MHC_CLASS_II_BIOSYNTHETIC_PROCESS	False	False	False	True	False	True
GOBP_POSITIVE_REGULATION_OF_MHC_CLASS_I_BIOSYNTHETIC_PROCESS	False	False	True	True	True	True
GOBP_POSITIVE_REGULATION_OF_MICROGLIAL_CELL_ACTIVATION	False	False	True	True	True	True
GOBP_POSITIVE_REGULATION_OF_MICROTUBULE_DEPOLYMERIZATION	False	False	True	True	True	True
GOBP_POSITIVE_REGULATION_OF_MICROTUBULE_NUCLEATION	False	False	False	True	False	True
GOBP_POSITIVE_REGULATION_OF_MICROTUBULE_POLYMERIZATION_OR_DEPOLYMERIZATION	False	False	False	True	False	True
GOBP_POSITIVE_REGULATION_OF_MIRNA_METABOLIC_PROCESS	False	False	False	False	False	True
GOBP_POSITIVE_REGULATION_OF_MIRNA_PROCESSING	False	False	True	True	True	True
GOBP_POSITIVE_REGULATION_OF_MIRNA_TRANSCRIPTION	False	False	False	False	False	True
GOBP_POSITIVE_REGULATION_OF_MITOCHONDRIAL_CALCIUM_ION_CONCENTRATION	False	False	True	True	True	True
GOBP_POSITIVE_REGULATION_OF_MITOCHONDRIAL_DEPOLARIZATION	False	False	False	False	False	False
GOBP_POSITIVE_REGULATION_OF_MITOCHONDRIAL_FISSION	False	False	False	True	False	True
GOBP_POSITIVE_REGULATION_OF_MITOCHONDRIAL_MEMBRANE_PERMEABILITY	False	False	False	True	False	True
GOBP_POSITIVE_REGULATION_OF_MITOCHONDRIAL_TRANSLATION	False	False	True	True	True	True
GOBP_POSITIVE_REGULATION_OF_MITOTIC_CELL_CYCLE	True	False	False	False	False	False
GOBP_POSITIVE_REGULATION_OF_MITOTIC_CELL_CYCLE_PHASE_TRANSITION	True	False	False	False	False	True
GOBP_POSITIVE_REGULATION_OF_MITOTIC_CYTOKINESIS	False	False	True	True	True	True
GOBP_POSITIVE_REGULATION_OF_MITOTIC_NUCLEAR_DIVISION	False	False	False	True	False	True
GOBP_POSITIVE_REGULATION_OF_MITOTIC_SISTER_CHROMATID_SEGREGATION	False	False	True	True	True	True
GOBP_POSITIVE_REGULATION_OF_MITOTIC_SISTER_CHROMATID_SEPARATION	False	False	False	True	False	True
GOBP_POSITIVE_REGULATION_OF_MOLECULAR_FUNCTION	True	False	False	False	False	False
GOBP_POSITIVE_REGULATION_OF_MONOATOMIC_ION_TRANSMEMBRANE_TRANSPORT	False	False	False	False	False	False
GOBP_POSITIVE_REGULATION_OF_MONOATOMIC_ION_TRANSPORT	False	False	False	True	False	True
GOBP_POSITIVE_REGULATION_OF_MONOCYTE_CHEMOTACTIC_PROTEIN_1_PRODUCTION	False	False	False	True	False	True
GOBP_POSITIVE_REGULATION_OF_MONOCYTE_CHEMOTAXIS	False	False	False	True	False	True
GOBP_POSITIVE_REGULATION_OF_MONOCYTE_DIFFERENTIATION	False	False	False	True	False	True
GOBP_POSITIVE_REGULATION_OF_MONOCYTE_EXTRAVASATION	False	False	True	True	True	True
GOBP_POSITIVE_REGULATION_OF_MONONUCLEAR_CELL_MIGRATION	False	False	False	False	False	False
GOBP_POSITIVE_REGULATION_OF_MONOOXYGENASE_ACTIVITY	False	False	True	True	True	True
GOBP_POSITIVE_REGULATION_OF_MORPHOGENESIS_OF_AN_EPITHELIUM	False	False	False	True	False	True
GOBP_POSITIVE_REGULATION_OF_MRNA_CATABOLIC_PROCESS	True	False	False	False	False	True
GOBP_POSITIVE_REGULATION_OF_MRNA_METABOLIC_PROCESS	True	False	False	False	False	False
GOBP_POSITIVE_REGULATION_OF_MRNA_PROCESSING	False	False	False	True	False	True
GOBP_POSITIVE_REGULATION_OF_MULTICELLULAR_ORGANISMAL_PROCESS	True	True	False	False	False	False
GOBP_POSITIVE_REGULATION_OF_MULTICELLULAR_ORGANISM_GROWTH	False	False	False	True	False	True
GOBP_POSITIVE_REGULATION_OF_MUSCLE_ADAPTATION	False	False	True	True	True	True
GOBP_POSITIVE_REGULATION_OF_MUSCLE_CELL_APOPTOTIC_PROCESS	False	False	True	True	True	True
GOBP_POSITIVE_REGULATION_OF_MUSCLE_CELL_DIFFERENTIATION	False	False	False	True	False	True
GOBP_POSITIVE_REGULATION_OF_MUSCLE_CONTRACTION	False	False	False	True	False	True
GOBP_POSITIVE_REGULATION_OF_MUSCLE_HYPERTROPHY	False	False	False	True	False	True
GOBP_POSITIVE_REGULATION_OF_MUSCLE_ORGAN_DEVELOPMENT	False	False	True	True	True	True
GOBP_POSITIVE_REGULATION_OF_MYELINATION	False	False	False	True	False	True
GOBP_POSITIVE_REGULATION_OF_MYELOID_CELL_APOPTOTIC_PROCESS	False	False	False	True	False	True
GOBP_POSITIVE_REGULATION_OF_MYELOID_CELL_DIFFERENTIATION	False	False	False	False	False	True
GOBP_POSITIVE_REGULATION_OF_MYELOID_LEUKOCYTE_CYTOKINE_PRODUCTION_INVOLVED_IN_IMMUNE_RESPONSE	False	False	False	True	False	True
GOBP_POSITIVE_REGULATION_OF_MYELOID_LEUKOCYTE_DIFFERENTIATION	False	False	False	True	False	True
GOBP_POSITIVE_REGULATION_OF_MYELOID_LEUKOCYTE_MEDIATED_IMMUNITY	False	False	False	False	False	False
GOBP_POSITIVE_REGULATION_OF_MYOBLAST_DIFFERENTIATION	False	False	False	True	False	True
GOBP_POSITIVE_REGULATION_OF_MYOBLAST_FUSION	False	False	False	True	False	True
GOBP_POSITIVE_REGULATION_OF_MYOBLAST_PROLIFERATION	False	False	True	True	True	True
GOBP_POSITIVE_REGULATION_OF_MYOTUBE_DIFFERENTIATION	False	False	True	True	True	True
GOBP_POSITIVE_REGULATION_OF_NATURAL_KILLER_CELL_ACTIVATION	False	False	False	True	False	True
GOBP_POSITIVE_REGULATION_OF_NATURAL_KILLER_CELL_CHEMOTAXIS	False	False	True	True	True	True
GOBP_POSITIVE_REGULATION_OF_NATURAL_KILLER_CELL_CYTOKINE_PRODUCTION	False	False	False	True	False	True
GOBP_POSITIVE_REGULATION_OF_NATURAL_KILLER_CELL_DIFFERENTIATION	False	False	True	True	True	True
GOBP_POSITIVE_REGULATION_OF_NATURAL_KILLER_CELL_MEDIATED_CYTOTOXICITY	False	False	True	True	True	True
GOBP_POSITIVE_REGULATION_OF_NATURAL_KILLER_CELL_MEDIATED_IMMUNE_RESPONSE_TO_TUMOR_CELL	False	False	True	True	True	True
GOBP_POSITIVE_REGULATION_OF_NATURAL_KILLER_CELL_MEDIATED_IMMUNITY	False	False	False	True	False	True
GOBP_POSITIVE_REGULATION_OF_NECROPTOTIC_PROCESS	False	False	True	True	True	True
GOBP_POSITIVE_REGULATION_OF_NERVOUS_SYSTEM_DEVELOPMENT	False	False	False	False	False	False
GOBP_POSITIVE_REGULATION_OF_NERVOUS_SYSTEM_PROCESS	False	False	False	True	False	True
GOBP_POSITIVE_REGULATION_OF_NEURAL_PRECURSOR_CELL_PROLIFERATION	False	False	False	False	False	False
GOBP_POSITIVE_REGULATION_OF_NEUROBLAST_PROLIFERATION	False	False	False	True	False	True
GOBP_POSITIVE_REGULATION_OF_NEUROEPITHELIAL_CELL_DIFFERENTIATION	False	False	True	True	True	True
GOBP_POSITIVE_REGULATION_OF_NEUROGENESIS	False	False	False	False	False	False
GOBP_POSITIVE_REGULATION_OF_NEUROINFLAMMATORY_RESPONSE	False	False	False	False	False	False
GOBP_POSITIVE_REGULATION_OF_NEURON_APOPTOTIC_PROCESS	False	False	False	True	False	True
GOBP_POSITIVE_REGULATION_OF_NEURON_DIFFERENTIATION	False	False	False	True	False	True
GOBP_POSITIVE_REGULATION_OF_NEURON_MIGRATION	False	False	True	True	True	True
GOBP_POSITIVE_REGULATION_OF_NEURON_PROJECTION_ARBORIZATION	False	False	True	True	True	True
GOBP_POSITIVE_REGULATION_OF_NEURON_PROJECTION_DEVELOPMENT	False	False	False	False	False	True
GOBP_POSITIVE_REGULATION_OF_NEURON_PROJECTION_REGENERATION	False	False	False	True	False	True
GOBP_POSITIVE_REGULATION_OF_NEUROTRANSMITTER_SECRETION	False	False	True	True	True	True
GOBP_POSITIVE_REGULATION_OF_NEUROTRANSMITTER_TRANSPORT	False	False	True	True	True	True
GOBP_POSITIVE_REGULATION_OF_NEUROTROPHIN_TRK_RECEPTOR_SIGNALING_PATHWAY	False	False	True	True	True	True
GOBP_POSITIVE_REGULATION_OF_NEUTROPHIL_APOPTOTIC_PROCESS	False	False	True	True	True	True
GOBP_POSITIVE_REGULATION_OF_NEUTROPHIL_MIGRATION	False	False	False	False	False	False
GOBP_POSITIVE_REGULATION_OF_NF_KAPPAB_TRANSCRIPTION_FACTOR_ACTIVITY	False	False	False	True	False	True
GOBP_POSITIVE_REGULATION_OF_NITRIC_OXIDE_MEDIATED_SIGNAL_TRANSDUCTION	False	False	True	True	True	True
GOBP_POSITIVE_REGULATION_OF_NITRIC_OXIDE_METABOLIC_PROCESS	False	False	False	True	False	True
GOBP_POSITIVE_REGULATION_OF_NK_T_CELL_ACTIVATION	False	False	True	True	True	True
GOBP_POSITIVE_REGULATION_OF_NON_CANONICAL_NF_KAPPAB_SIGNAL_TRANSDUCTION	False	False	False	True	False	True
GOBP_POSITIVE_REGULATION_OF_NON_CANONICAL_WNT_SIGNALING_PATHWAY	False	False	True	True	True	True
GOBP_POSITIVE_REGULATION_OF_NON_MOTILE_CILIUM_ASSEMBLY	False	False	True	True	True	True
GOBP_POSITIVE_REGULATION_OF_NOTCH_SIGNALING_PATHWAY	False	False	False	True	False	True
GOBP_POSITIVE_REGULATION_OF_NUCLEAR_CELL_CYCLE_DNA_REPLICATION	False	False	True	True	True	True
GOBP_POSITIVE_REGULATION_OF_NUCLEAR_DIVISION	False	False	False	True	False	True
GOBP_POSITIVE_REGULATION_OF_NUCLEAR_TRANSCRIBED_MRNA_CATABOLIC_PROCESS_DEADENYLATION_DEPENDENT_DECAY	False	False	False	True	False	True
GOBP_POSITIVE_REGULATION_OF_NUCLEOCYTOPLASMIC_TRANSPORT	False	False	False	False	False	False
GOBP_POSITIVE_REGULATION_OF_NUCLEOTIDE_BINDING_DOMAIN_LEUCINE_RICH_REPEAT_CONTAINING_RECEPTOR_SIGNALING_PATHWAY	False	False	False	True	True	True
GOBP_POSITIVE_REGULATION_OF_NUCLEOTIDE_BIOSYNTHETIC_PROCESS	False	False	False	True	False	True
GOBP_POSITIVE_REGULATION_OF_NUCLEOTIDE_CATABOLIC_PROCESS	False	False	False	True	False	True
GOBP_POSITIVE_REGULATION_OF_NUCLEOTIDE_METABOLIC_PROCESS	False	False	False	True	False	True
GOBP_POSITIVE_REGULATION_OF_ODONTOGENESIS	False	False	True	True	True	True
GOBP_POSITIVE_REGULATION_OF_OLIGODENDROCYTE_DIFFERENTIATION	False	False	False	True	False	True
GOBP_POSITIVE_REGULATION_OF_OPSONIZATION	False	False	True	True	True	True
GOBP_POSITIVE_REGULATION_OF_ORGANELLE_ASSEMBLY	False	False	False	True	False	True
GOBP_POSITIVE_REGULATION_OF_ORGANELLE_ORGANIZATION	True	False	False	False	False	False
GOBP_POSITIVE_REGULATION_OF_ORGANIC_ACID_TRANSPORT	False	False	False	True	False	True
GOBP_POSITIVE_REGULATION_OF_ORGAN_GROWTH	False	False	False	True	False	True
GOBP_POSITIVE_REGULATION_OF_OSSIFICATION	False	False	False	True	False	True
GOBP_POSITIVE_REGULATION_OF_OSTEOBLAST_DIFFERENTIATION	False	False	False	True	False	True
GOBP_POSITIVE_REGULATION_OF_OSTEOBLAST_PROLIFERATION	False	False	True	True	True	True
GOBP_POSITIVE_REGULATION_OF_OSTEOCLAST_DIFFERENTIATION	False	False	False	True	False	True
GOBP_POSITIVE_REGULATION_OF_OXIDATIVE_STRESS_INDUCED_INTRINSIC_APOPTOTIC_SIGNALING_PATHWAY	False	False	False	True	False	True
GOBP_POSITIVE_REGULATION_OF_OXIDOREDUCTASE_ACTIVITY	False	False	True	True	True	True
GOBP_POSITIVE_REGULATION_OF_P38MAPK_CASCADE	False	False	False	True	False	True
GOBP_POSITIVE_REGULATION_OF_PATTERN_RECOGNITION_RECEPTOR_SIGNALING_PATHWAY	False	False	False	True	False	True
GOBP_POSITIVE_REGULATION_OF_PEPTIDASE_ACTIVITY	False	False	False	True	False	True
GOBP_POSITIVE_REGULATION_OF_PEPTIDE_SECRETION	False	False	False	True	False	True
GOBP_POSITIVE_REGULATION_OF_PEPTIDYL_SERINE_PHOSPHORYLATION	False	False	True	True	True	True
GOBP_POSITIVE_REGULATION_OF_PEPTIDYL_THREONINE_PHOSPHORYLATION	False	False	False	True	False	True
GOBP_POSITIVE_REGULATION_OF_PEPTIDYL_TYROSINE_PHOSPHORYLATION	False	False	False	True	False	True
GOBP_POSITIVE_REGULATION_OF_PEROXISOME_PROLIFERATOR_ACTIVATED_RECEPTOR_SIGNALING_PATHWAY	False	False	True	True	True	True
GOBP_POSITIVE_REGULATION_OF_PHAGOCYTOSIS	False	False	False	False	False	True
GOBP_POSITIVE_REGULATION_OF_PHOSPHATIDYLINOSITOL_3_KINASE_PROTEIN_KINASE_B_SIGNAL_TRANSDUCTION	False	False	False	False	False	False
GOBP_POSITIVE_REGULATION_OF_PHOSPHOLIPASE_C_ACTIVATING_G_PROTEIN_COUPLED_RECEPTOR_SIGNALING_PATHWAY	False	False	True	True	True	True
GOBP_POSITIVE_REGULATION_OF_PHOSPHOLIPID_BIOSYNTHETIC_PROCESS	False	False	False	True	False	True
GOBP_POSITIVE_REGULATION_OF_PHOSPHOLIPID_METABOLIC_PROCESS	False	False	False	True	False	True
GOBP_POSITIVE_REGULATION_OF_PHOSPHOLIPID_TRANSPORT	False	False	True	True	True	True
GOBP_POSITIVE_REGULATION_OF_PHOSPHORUS_METABOLIC_PROCESS	False	False	False	False	False	False
GOBP_POSITIVE_REGULATION_OF_PHOSPHORYLATION	False	False	False	False	False	False
GOBP_POSITIVE_REGULATION_OF_PINOCYTOSIS	False	False	True	True	True	True
GOBP_POSITIVE_REGULATION_OF_PLASMA_MEMBRANE_BOUNDED_CELL_PROJECTION_ASSEMBLY	False	False	False	False	False	False
GOBP_POSITIVE_REGULATION_OF_PLASMINOGEN_ACTIVATION	False	False	False	True	False	True
GOBP_POSITIVE_REGULATION_OF_PLATELET_ACTIVATION	False	False	False	True	False	True
GOBP_POSITIVE_REGULATION_OF_PLATELET_AGGREGATION	False	False	False	True	False	True
GOBP_POSITIVE_REGULATION_OF_PLATELET_DERIVED_GROWTH_FACTOR_RECEPTOR_SIGNALING_PATHWAY	False	False	False	True	True	True
GOBP_POSITIVE_REGULATION_OF_PODOSOME_ASSEMBLY	False	False	False	True	False	True
GOBP_POSITIVE_REGULATION_OF_POST_TRANSCRIPTIONAL_GENE_SILENCING	False	False	False	True	False	True
GOBP_POSITIVE_REGULATION_OF_POST_TRANSLATIONAL_PROTEIN_MODIFICATION	True	False	False	False	False	False
GOBP_POSITIVE_REGULATION_OF_POTASSIUM_ION_IMPORT_ACROSS_PLASMA_MEMBRANE	False	False	True	True	True	True
GOBP_POSITIVE_REGULATION_OF_POTASSIUM_ION_TRANSMEMBRANE_TRANSPORT	False	False	False	True	False	True
GOBP_POSITIVE_REGULATION_OF_POTASSIUM_ION_TRANSMEMBRANE_TRANSPORTER_ACTIVITY	False	False	True	True	True	True
GOBP_POSITIVE_REGULATION_OF_POTASSIUM_ION_TRANSPORT	False	False	False	True	False	True
GOBP_POSITIVE_REGULATION_OF_PRODUCTION_OF_MOLECULAR_MEDIATOR_OF_IMMUNE_RESPONSE	True	False	False	False	False	False
GOBP_POSITIVE_REGULATION_OF_PROGRAMMED_CELL_DEATH	True	False	False	False	False	False
GOBP_POSITIVE_REGULATION_OF_PROGRAMMED_NECROTIC_CELL_DEATH	False	False	True	True	True	True
GOBP_POSITIVE_REGULATION_OF_PROSTAGLANDIN_BIOSYNTHETIC_PROCESS	False	False	False	False	False	False
GOBP_POSITIVE_REGULATION_OF_PROTEASOMAL_PROTEIN_CATABOLIC_PROCESS	False	False	False	False	False	False
GOBP_POSITIVE_REGULATION_OF_PROTEASOMAL_UBIQUITIN_DEPENDENT_PROTEIN_CATABOLIC_PROCESS	False	False	False	False	False	False
GOBP_POSITIVE_REGULATION_OF_PROTEIN_ACETYLATION	False	False	True	True	True	True
GOBP_POSITIVE_REGULATION_OF_PROTEIN_AUTOPHOSPHORYLATION	False	False	False	True	False	True
GOBP_POSITIVE_REGULATION_OF_PROTEIN_BINDING	False	False	False	True	False	True
GOBP_POSITIVE_REGULATION_OF_PROTEIN_CATABOLIC_PROCESS	True	False	False	False	False	False
GOBP_POSITIVE_REGULATION_OF_PROTEIN_CATABOLIC_PROCESS_IN_THE_VACUOLE	False	False	True	True	True	True
GOBP_POSITIVE_REGULATION_OF_PROTEIN_CONTAINING_COMPLEX_ASSEMBLY	False	False	False	False	False	False
GOBP_POSITIVE_REGULATION_OF_PROTEIN_CONTAINING_COMPLEX_DISASSEMBLY	False	False	False	True	False	True
GOBP_POSITIVE_REGULATION_OF_PROTEIN_DEPOLYMERIZATION	False	False	False	True	False	True
GOBP_POSITIVE_REGULATION_OF_PROTEIN_DEUBIQUITINATION	False	False	True	True	True	True
GOBP_POSITIVE_REGULATION_OF_PROTEIN_EXIT_FROM_ENDOPLASMIC_RETICULUM	False	False	False	True	False	True
GOBP_POSITIVE_REGULATION_OF_PROTEIN_EXPORT_FROM_NUCLEUS	False	False	True	True	True	True
GOBP_POSITIVE_REGULATION_OF_PROTEIN_IMPORT_INTO_NUCLEUS	False	False	False	True	False	True
GOBP_POSITIVE_REGULATION_OF_PROTEIN_KINASE_A_SIGNALING	False	False	False	False	False	False
GOBP_POSITIVE_REGULATION_OF_PROTEIN_LOCALIZATION	True	False	False	False	False	False
GOBP_POSITIVE_REGULATION_OF_PROTEIN_LOCALIZATION_TO_CAJAL_BODY	False	False	False	True	False	True
GOBP_POSITIVE_REGULATION_OF_PROTEIN_LOCALIZATION_TO_CELL_CORTEX	False	False	True	True	True	True
GOBP_POSITIVE_REGULATION_OF_PROTEIN_LOCALIZATION_TO_CELL_PERIPHERY	False	False	False	False	False	False
GOBP_POSITIVE_REGULATION_OF_PROTEIN_LOCALIZATION_TO_CELL_SURFACE	False	False	False	True	False	True
GOBP_POSITIVE_REGULATION_OF_PROTEIN_LOCALIZATION_TO_EARLY_ENDOSOME	False	False	False	True	False	True
GOBP_POSITIVE_REGULATION_OF_PROTEIN_LOCALIZATION_TO_MEMBRANE	False	False	False	False	False	False
GOBP_POSITIVE_REGULATION_OF_PROTEIN_LOCALIZATION_TO_NUCLEUS	False	False	False	False	False	False
GOBP_POSITIVE_REGULATION_OF_PROTEIN_LOCALIZATION_TO_PLASMA_MEMBRANE	False	False	False	False	False	False
GOBP_POSITIVE_REGULATION_OF_PROTEIN_LOCALIZATION_TO_SYNAPSE	False	False	True	True	True	True
GOBP_POSITIVE_REGULATION_OF_PROTEIN_MATURATION	False	False	False	False	False	False
GOBP_POSITIVE_REGULATION_OF_PROTEIN_METABOLIC_PROCESS	True	False	False	False	False	False
GOBP_POSITIVE_REGULATION_OF_PROTEIN_MODIFICATION_PROCESS	True	False	False	False	False	False
GOBP_POSITIVE_REGULATION_OF_PROTEIN_POLYMERIZATION	False	False	False	True	False	True
GOBP_POSITIVE_REGULATION_OF_PROTEIN_POLYUBIQUITINATION	False	False	False	True	True	True
GOBP_POSITIVE_REGULATION_OF_PROTEIN_SECRETION	False	False	False	False	False	False
GOBP_POSITIVE_REGULATION_OF_PROTEIN_SERINE_THREONINE_KINASE_ACTIVITY	False	False	False	True	False	True
GOBP_POSITIVE_REGULATION_OF_PROTEIN_SUMOYLATION	False	False	True	True	True	True
GOBP_POSITIVE_REGULATION_OF_PROTEIN_TARGETING_TO_MEMBRANE	False	False	False	True	False	True
GOBP_POSITIVE_REGULATION_OF_PROTEIN_TRANSPORT	True	False	False	False	False	False
GOBP_POSITIVE_REGULATION_OF_PROTEIN_TYROSINE_KINASE_ACTIVITY	False	False	True	True	True	True
GOBP_POSITIVE_REGULATION_OF_PROTEIN_UBIQUITINATION	False	False	False	True	False	True
GOBP_POSITIVE_REGULATION_OF_PROTEOLYSIS	True	False	False	False	False	False
GOBP_POSITIVE_REGULATION_OF_PROTEOLYSIS_INVOLVED_IN_PROTEIN_CATABOLIC_PROCESS	False	False	False	False	False	False
GOBP_POSITIVE_REGULATION_OF_PSEUDOPODIUM_ASSEMBLY	False	False	True	True	True	True
GOBP_POSITIVE_REGULATION_OF_PYROPTOTIC_INFLAMMATORY_RESPONSE	False	False	True	True	True	True
GOBP_POSITIVE_REGULATION_OF_RAC_PROTEIN_SIGNAL_TRANSDUCTION	False	False	True	True	True	True
GOBP_POSITIVE_REGULATION_OF_RAS_PROTEIN_SIGNAL_TRANSDUCTION	False	False	True	True	True	True
GOBP_POSITIVE_REGULATION_OF_REACTIVE_OXYGEN_SPECIES_BIOSYNTHETIC_PROCESS	False	False	False	False	False	False
GOBP_POSITIVE_REGULATION_OF_REACTIVE_OXYGEN_SPECIES_METABOLIC_PROCESS	False	False	False	False	False	False
GOBP_POSITIVE_REGULATION_OF_RECEPTOR_CATABOLIC_PROCESS	False	False	False	False	False	False
GOBP_POSITIVE_REGULATION_OF_RECEPTOR_CLUSTERING	False	False	True	True	True	True
GOBP_POSITIVE_REGULATION_OF_RECEPTOR_INTERNALIZATION	False	False	False	True	False	True
GOBP_POSITIVE_REGULATION_OF_RECEPTOR_MEDIATED_ENDOCYTOSIS	False	False	False	False	False	False
GOBP_POSITIVE_REGULATION_OF_RECEPTOR_RECYCLING	False	False	True	True	True	True
GOBP_POSITIVE_REGULATION_OF_RECEPTOR_SIGNALING_PATHWAY_VIA_STAT	False	False	False	True	False	True
GOBP_POSITIVE_REGULATION_OF_REGULATED_SECRETORY_PATHWAY	False	False	False	True	False	True
GOBP_POSITIVE_REGULATION_OF_REGULATORY_T_CELL_DIFFERENTIATION	False	False	False	True	False	True
GOBP_POSITIVE_REGULATION_OF_RELEASE_OF_CYTOCHROME_C_FROM_MITOCHONDRIA	False	False	False	True	False	True
GOBP_POSITIVE_REGULATION_OF_RELEASE_OF_SEQUESTERED_CALCIUM_ION_INTO_CYTOSOL	False	False	False	False	False	False
GOBP_POSITIVE_REGULATION_OF_REPRODUCTIVE_PROCESS	False	False	False	True	False	True
GOBP_POSITIVE_REGULATION_OF_RESPIRATORY_BURST	False	False	False	True	False	False
GOBP_POSITIVE_REGULATION_OF_RESPONSE_TO_BIOTIC_STIMULUS	True	False	False	False	False	False
GOBP_POSITIVE_REGULATION_OF_RESPONSE_TO_CYTOKINE_STIMULUS	False	False	False	True	False	True
GOBP_POSITIVE_REGULATION_OF_RESPONSE_TO_ENDOPLASMIC_RETICULUM_STRESS	False	False	False	True	False	True
GOBP_POSITIVE_REGULATION_OF_RESPONSE_TO_EXTERNAL_STIMULUS	True	False	False	False	False	False
GOBP_POSITIVE_REGULATION_OF_RESPONSE_TO_NUTRIENT_LEVELS	False	False	False	False	False	False
GOBP_POSITIVE_REGULATION_OF_RESPONSE_TO_TUMOR_CELL	False	False	False	True	False	True
GOBP_POSITIVE_REGULATION_OF_RESPONSE_TO_WOUNDING	False	False	False	False	False	False
GOBP_POSITIVE_REGULATION_OF_RHO_PROTEIN_SIGNAL_TRANSDUCTION	False	False	False	True	False	True
GOBP_POSITIVE_REGULATION_OF_RIG_I_SIGNALING_PATHWAY	False	False	True	True	True	True
GOBP_POSITIVE_REGULATION_OF_RNA_METABOLIC_PROCESS	True	False	False	False	False	False
GOBP_POSITIVE_REGULATION_OF_RNA_POLYMERASE_II_TRANSCRIPTION_PREINITIATION_COMPLEX_ASSEMBLY	False	False	True	True	True	True
GOBP_POSITIVE_REGULATION_OF_RNA_SPLICING	False	False	False	True	False	True
GOBP_POSITIVE_REGULATION_OF_RRNA_PROCESSING	False	False	True	True	True	True
GOBP_POSITIVE_REGULATION_OF_RUFFLE_ASSEMBLY	False	False	False	True	False	True
GOBP_POSITIVE_REGULATION_OF_SECONDARY_METABOLITE_BIOSYNTHETIC_PROCESS	False	False	True	True	True	True
GOBP_POSITIVE_REGULATION_OF_SECRETION	False	False	False	False	False	False
GOBP_POSITIVE_REGULATION_OF_SEQUESTERING_OF_CALCIUM_ION	False	False	True	True	True	True
GOBP_POSITIVE_REGULATION_OF_SIGNALING	True	False	False	False	False	False
GOBP_POSITIVE_REGULATION_OF_SIGNALING_RECEPTOR_ACTIVITY	False	False	False	False	False	False
GOBP_POSITIVE_REGULATION_OF_SIGNAL_TRANSDUCTION_BY_P53_CLASS_MEDIATOR	False	False	False	True	False	True
GOBP_POSITIVE_REGULATION_OF_SISTER_CHROMATID_COHESION	False	False	False	True	False	True
GOBP_POSITIVE_REGULATION_OF_SKELETAL_MUSCLE_CELL_DIFFERENTIATION	False	False	True	True	True	True
GOBP_POSITIVE_REGULATION_OF_SKELETAL_MUSCLE_FIBER_DEVELOPMENT	False	False	True	True	True	True
GOBP_POSITIVE_REGULATION_OF_SKELETAL_MUSCLE_TISSUE_GROWTH	False	False	True	True	True	True
GOBP_POSITIVE_REGULATION_OF_SKELETAL_MUSCLE_TISSUE_REGENERATION	False	False	True	True	True	True
GOBP_POSITIVE_REGULATION_OF_SMAD_PROTEIN_SIGNAL_TRANSDUCTION	False	False	False	True	False	True
GOBP_POSITIVE_REGULATION_OF_SMALL_GTPASE_MEDIATED_SIGNAL_TRANSDUCTION	False	False	False	True	False	True
GOBP_POSITIVE_REGULATION_OF_SMALL_MOLECULE_METABOLIC_PROCESS	False	False	False	False	False	False
GOBP_POSITIVE_REGULATION_OF_SMOOTHENED_SIGNALING_PATHWAY	False	False	True	True	True	True
GOBP_POSITIVE_REGULATION_OF_SMOOTH_MUSCLE_CELL_APOPTOTIC_PROCESS	False	False	True	True	True	True
GOBP_POSITIVE_REGULATION_OF_SMOOTH_MUSCLE_CELL_DIFFERENTIATION	False	False	True	True	True	True
GOBP_POSITIVE_REGULATION_OF_SMOOTH_MUSCLE_CELL_MIGRATION	False	False	False	False	False	False
GOBP_POSITIVE_REGULATION_OF_SMOOTH_MUSCLE_CELL_PROLIFERATION	False	False	False	False	False	False
GOBP_POSITIVE_REGULATION_OF_SMOOTH_MUSCLE_CONTRACTION	False	False	False	True	False	True
GOBP_POSITIVE_REGULATION_OF_SODIUM_ION_TRANSMEMBRANE_TRANSPORT	False	False	False	True	False	True
GOBP_POSITIVE_REGULATION_OF_SODIUM_ION_TRANSPORT	False	False	False	True	False	True
GOBP_POSITIVE_REGULATION_OF_SPHINGOLIPID_BIOSYNTHETIC_PROCESS	False	False	False	True	False	True
GOBP_POSITIVE_REGULATION_OF_SPINDLE_ASSEMBLY	False	False	True	True	True	True
GOBP_POSITIVE_REGULATION_OF_SPINDLE_CHECKPOINT	False	False	True	True	True	True
GOBP_POSITIVE_REGULATION_OF_SPROUTING_ANGIOGENESIS	False	False	False	True	False	True
GOBP_POSITIVE_REGULATION_OF_STEM_CELL_DIFFERENTIATION	False	False	False	True	False	True
GOBP_POSITIVE_REGULATION_OF_STEM_CELL_POPULATION_MAINTENANCE	False	False	False	True	False	True
GOBP_POSITIVE_REGULATION_OF_STEM_CELL_PROLIFERATION	False	False	False	True	False	True
GOBP_POSITIVE_REGULATION_OF_STEROID_BIOSYNTHETIC_PROCESS	False	False	False	True	False	True
GOBP_POSITIVE_REGULATION_OF_STEROID_HORMONE_BIOSYNTHETIC_PROCESS	False	False	True	True	True	True
GOBP_POSITIVE_REGULATION_OF_STEROID_HORMONE_SECRETION	False	False	False	True	True	True
GOBP_POSITIVE_REGULATION_OF_STEROID_METABOLIC_PROCESS	False	False	False	True	False	True
GOBP_POSITIVE_REGULATION_OF_STEROL_TRANSPORT	False	False	False	True	False	True
GOBP_POSITIVE_REGULATION_OF_STRESS_ACTIVATED_PROTEIN_KINASE_SIGNALING_CASCADE	False	False	True	True	True	True
GOBP_POSITIVE_REGULATION_OF_STRESS_FIBER_ASSEMBLY	False	False	False	True	False	True
GOBP_POSITIVE_REGULATION_OF_STRIATED_MUSCLE_CELL_APOPTOTIC_PROCESS	False	False	True	True	True	True
GOBP_POSITIVE_REGULATION_OF_STRIATED_MUSCLE_CELL_DIFFERENTIATION	False	False	False	True	True	True
GOBP_POSITIVE_REGULATION_OF_STRIATED_MUSCLE_CONTRACTION	False	False	False	True	False	True
GOBP_POSITIVE_REGULATION_OF_SUBSTRATE_ADHESION_DEPENDENT_CELL_SPREADING	False	False	False	False	False	False
GOBP_POSITIVE_REGULATION_OF_SUPRAMOLECULAR_FIBER_ORGANIZATION	False	False	False	False	False	False
GOBP_POSITIVE_REGULATION_OF_SYNAPSE_ASSEMBLY	False	False	False	True	False	True
GOBP_POSITIVE_REGULATION_OF_SYNAPSE_MATURATION	False	False	False	False	False	False
GOBP_POSITIVE_REGULATION_OF_SYNAPTIC_PLASTICITY	False	False	True	True	True	True
GOBP_POSITIVE_REGULATION_OF_SYNAPTIC_TRANSMISSION	False	False	False	True	False	True
GOBP_POSITIVE_REGULATION_OF_SYNAPTIC_TRANSMISSION_CHOLINERGIC	False	False	True	True	True	True
GOBP_POSITIVE_REGULATION_OF_SYNAPTIC_TRANSMISSION_GABAERGIC	False	False	True	True	True	True
GOBP_POSITIVE_REGULATION_OF_SYNAPTIC_TRANSMISSION_GLUTAMATERGIC	False	False	True	True	True	True
GOBP_POSITIVE_REGULATION_OF_SYNAPTIC_VESICLE_EXOCYTOSIS	False	False	True	True	True	True
GOBP_POSITIVE_REGULATION_OF_SYNAPTIC_VESICLE_FUSION_TO_PRESYNAPTIC_ACTIVE_ZONE_MEMBRANE	False	False	True	True	True	True
GOBP_POSITIVE_REGULATION_OF_SYNCYTIUM_FORMATION_BY_PLASMA_MEMBRANE_FUSION	False	False	False	True	False	True
GOBP_POSITIVE_REGULATION_OF_SYSTEMIC_ARTERIAL_BLOOD_PRESSURE	False	False	False	True	False	True
GOBP_POSITIVE_REGULATION_OF_TELOMERASE_RNA_LOCALIZATION_TO_CAJAL_BODY	False	False	False	True	False	True
GOBP_POSITIVE_REGULATION_OF_TELOMERE_CAPPING	False	False	True	True	True	True
GOBP_POSITIVE_REGULATION_OF_TELOMERE_MAINTENANCE	True	False	False	False	False	False
GOBP_POSITIVE_REGULATION_OF_TELOMERE_MAINTENANCE_VIA_TELOMERE_LENGTHENING	False	False	False	False	False	False
GOBP_POSITIVE_REGULATION_OF_THE_FORCE_OF_HEART_CONTRACTION	False	False	True	True	True	True
GOBP_POSITIVE_REGULATION_OF_THYMOCYTE_APOPTOTIC_PROCESS	False	False	True	True	True	True
GOBP_POSITIVE_REGULATION_OF_TISSUE_REMODELING	False	False	False	True	False	True
GOBP_POSITIVE_REGULATION_OF_TOLERANCE_INDUCTION	False	False	True	True	True	True
GOBP_POSITIVE_REGULATION_OF_TOLL_LIKE_RECEPTOR_3_SIGNALING_PATHWAY	False	False	True	True	True	True
GOBP_POSITIVE_REGULATION_OF_TOLL_LIKE_RECEPTOR_4_SIGNALING_PATHWAY	False	False	False	True	False	True
GOBP_POSITIVE_REGULATION_OF_TOLL_LIKE_RECEPTOR_9_SIGNALING_PATHWAY	False	False	False	True	False	True
GOBP_POSITIVE_REGULATION_OF_TOOTH_MINERALIZATION	False	False	False	False	False	False
GOBP_POSITIVE_REGULATION_OF_TORC1_SIGNALING	False	False	False	True	False	True
GOBP_POSITIVE_REGULATION_OF_TOR_SIGNALING	False	False	False	True	False	True
GOBP_POSITIVE_REGULATION_OF_TRANSCRIPTION_BY_RNA_POLYMERASE_I	False	False	False	True	False	True
GOBP_POSITIVE_REGULATION_OF_TRANSCRIPTION_BY_RNA_POLYMERASE_II	True	False	False	False	False	False
GOBP_POSITIVE_REGULATION_OF_TRANSCRIPTION_BY_RNA_POLYMERASE_III	False	False	True	True	True	True
GOBP_POSITIVE_REGULATION_OF_TRANSCRIPTION_OF_NUCLEOLAR_LARGE_RRNA_BY_RNA_POLYMERASE_I	False	False	False	True	False	True
GOBP_POSITIVE_REGULATION_OF_TRANSCRIPTION_REGULATORY_REGION_DNA_BINDING	False	False	True	True	True	True
GOBP_POSITIVE_REGULATION_OF_TRANSFERASE_ACTIVITY	False	False	False	False	False	False
GOBP_POSITIVE_REGULATION_OF_TRANSFORMING_GROWTH_FACTOR_BETA1_PRODUCTION	False	False	True	True	True	True
GOBP_POSITIVE_REGULATION_OF_TRANSFORMING_GROWTH_FACTOR_BETA_PRODUCTION	False	False	False	True	False	True
GOBP_POSITIVE_REGULATION_OF_TRANSLATION	True	False	False	False	False	False
GOBP_POSITIVE_REGULATION_OF_TRANSLATIONAL_INITIATION	False	False	False	True	False	True
GOBP_POSITIVE_REGULATION_OF_TRANSMEMBRANE_RECEPTOR_PROTEIN_SERINE_THREONINE_KINASE_SIGNALING_PATHWAY	False	False	False	True	False	True
GOBP_POSITIVE_REGULATION_OF_TRANSMEMBRANE_TRANSPORT	False	False	False	False	False	False
GOBP_POSITIVE_REGULATION_OF_TRANSMISSION_OF_NERVE_IMPULSE	False	False	True	True	True	True
GOBP_POSITIVE_REGULATION_OF_TRANSPORT	True	False	False	False	False	False
GOBP_POSITIVE_REGULATION_OF_TRANSPORTER_ACTIVITY	False	False	False	True	False	True
GOBP_POSITIVE_REGULATION_OF_TRIGLYCERIDE_BIOSYNTHETIC_PROCESS	False	False	True	True	True	True
GOBP_POSITIVE_REGULATION_OF_TRIGLYCERIDE_CATABOLIC_PROCESS	False	False	True	True	True	True
GOBP_POSITIVE_REGULATION_OF_TRIGLYCERIDE_METABOLIC_PROCESS	False	False	False	True	False	True
GOBP_POSITIVE_REGULATION_OF_TROPHOBLAST_CELL_MIGRATION	False	False	True	True	True	True
GOBP_POSITIVE_REGULATION_OF_TUMOR_NECROSIS_FACTOR_MEDIATED_SIGNALING_PATHWAY	False	False	False	True	False	True
GOBP_POSITIVE_REGULATION_OF_TUMOR_NECROSIS_FACTOR_SUPERFAMILY_CYTOKINE_PRODUCTION	False	False	False	False	False	False
GOBP_POSITIVE_REGULATION_OF_TYPE_2_IMMUNE_RESPONSE	False	False	False	True	False	True
GOBP_POSITIVE_REGULATION_OF_TYPE_B_PANCREATIC_CELL_APOPTOTIC_PROCESS	False	False	True	True	True	True
GOBP_POSITIVE_REGULATION_OF_TYPE_II_INTERFERON_PRODUCTION	False	False	False	False	False	False
GOBP_POSITIVE_REGULATION_OF_TYPE_I_INTERFERON_MEDIATED_SIGNALING_PATHWAY	False	False	True	True	True	True
GOBP_POSITIVE_REGULATION_OF_TYPE_I_INTERFERON_PRODUCTION	False	False	False	True	False	True
GOBP_POSITIVE_REGULATION_OF_T_CELL_APOPTOTIC_PROCESS	False	False	False	True	True	True
GOBP_POSITIVE_REGULATION_OF_T_CELL_CYTOKINE_PRODUCTION	False	False	False	True	False	True
GOBP_POSITIVE_REGULATION_OF_T_CELL_DIFFERENTIATION_IN_THYMUS	False	False	True	True	True	True
GOBP_POSITIVE_REGULATION_OF_T_CELL_MEDIATED_CYTOTOXICITY	False	False	False	True	False	True
GOBP_POSITIVE_REGULATION_OF_T_CELL_MEDIATED_IMMUNE_RESPONSE_TO_TUMOR_CELL	False	False	False	True	False	True
GOBP_POSITIVE_REGULATION_OF_T_CELL_MEDIATED_IMMUNITY	False	False	False	False	False	False
GOBP_POSITIVE_REGULATION_OF_T_CELL_MIGRATION	False	False	False	False	False	False
GOBP_POSITIVE_REGULATION_OF_T_CELL_PROLIFERATION	False	False	False	False	False	False
GOBP_POSITIVE_REGULATION_OF_T_CELL_RECEPTOR_SIGNALING_PATHWAY	False	False	False	True	False	True
GOBP_POSITIVE_REGULATION_OF_T_CELL_TOLERANCE_INDUCTION	False	False	True	True	True	True
GOBP_POSITIVE_REGULATION_OF_T_HELPER_17_CELL_DIFFERENTIATION	False	False	True	True	True	True
GOBP_POSITIVE_REGULATION_OF_T_HELPER_17_CELL_LINEAGE_COMMITMENT	False	False	True	True	True	True
GOBP_POSITIVE_REGULATION_OF_T_HELPER_17_TYPE_IMMUNE_RESPONSE	False	False	True	True	True	True
GOBP_POSITIVE_REGULATION_OF_T_HELPER_1_CELL_DIFFERENTIATION	False	False	False	True	False	True
GOBP_POSITIVE_REGULATION_OF_T_HELPER_1_TYPE_IMMUNE_RESPONSE	False	False	True	True	True	True
GOBP_POSITIVE_REGULATION_OF_T_HELPER_2_CELL_CYTOKINE_PRODUCTION	False	False	False	True	False	True
GOBP_POSITIVE_REGULATION_OF_T_HELPER_2_CELL_DIFFERENTIATION	False	False	True	True	True	True
GOBP_POSITIVE_REGULATION_OF_T_HELPER_CELL_DIFFERENTIATION	False	False	True	True	True	True
GOBP_POSITIVE_REGULATION_OF_UBIQUITIN_DEPENDENT_PROTEIN_CATABOLIC_PROCESS	False	False	False	True	False	True
GOBP_POSITIVE_REGULATION_OF_UBIQUITIN_PROTEIN_LIGASE_ACTIVITY	False	False	True	True	True	True
GOBP_POSITIVE_REGULATION_OF_URINE_VOLUME	False	False	True	True	True	True
GOBP_POSITIVE_REGULATION_OF_UTERINE_SMOOTH_MUSCLE_CONTRACTION	False	False	True	True	True	True
GOBP_POSITIVE_REGULATION_OF_VACUOLE_ORGANIZATION	False	False	False	True	False	True
GOBP_POSITIVE_REGULATION_OF_VASCULAR_ASSOCIATED_SMOOTH_MUSCLE_CELL_DIFFERENTIATION	False	False	True	True	True	True
GOBP_POSITIVE_REGULATION_OF_VASCULAR_ASSOCIATED_SMOOTH_MUSCLE_CELL_MIGRATION	False	False	False	True	False	True
GOBP_POSITIVE_REGULATION_OF_VASCULAR_ASSOCIATED_SMOOTH_MUSCLE_CELL_PROLIFERATION	False	False	False	False	False	False
GOBP_POSITIVE_REGULATION_OF_VASCULAR_ENDOTHELIAL_CELL_PROLIFERATION	False	False	False	True	False	True
GOBP_POSITIVE_REGULATION_OF_VASCULAR_ENDOTHELIAL_GROWTH_FACTOR_PRODUCTION	False	False	False	True	False	True
GOBP_POSITIVE_REGULATION_OF_VASCULAR_ENDOTHELIAL_GROWTH_FACTOR_RECEPTOR_SIGNALING_PATHWAY	False	False	True	True	True	True
GOBP_POSITIVE_REGULATION_OF_VASCULAR_ENDOTHELIAL_GROWTH_FACTOR_SIGNALING_PATHWAY	False	False	True	True	True	True
GOBP_POSITIVE_REGULATION_OF_VASCULAR_PERMEABILITY	False	False	False	False	False	False
GOBP_POSITIVE_REGULATION_OF_VASCULAR_WOUND_HEALING	False	False	False	False	False	False
GOBP_POSITIVE_REGULATION_OF_VASCULATURE_DEVELOPMENT	False	False	False	False	False	False
GOBP_POSITIVE_REGULATION_OF_VASCULOGENESIS	False	False	False	True	False	True
GOBP_POSITIVE_REGULATION_OF_VASOCONSTRICTION	False	False	False	True	False	True
GOBP_POSITIVE_REGULATION_OF_VESICLE_FUSION	False	False	False	True	False	True
GOBP_POSITIVE_REGULATION_OF_VIRAL_GENOME_REPLICATION	False	False	False	True	True	True
GOBP_POSITIVE_REGULATION_OF_VIRAL_LIFE_CYCLE	False	False	False	False	False	False
GOBP_POSITIVE_REGULATION_OF_VIRAL_PROCESS	False	False	False	True	False	True
GOBP_POSITIVE_REGULATION_OF_VOLTAGE_GATED_CALCIUM_CHANNEL_ACTIVITY	False	False	True	True	True	True
GOBP_POSITIVE_REGULATION_OF_WNT_SIGNALING_PATHWAY	False	False	False	False	False	False
GOBP_POSITIVE_REGULATION_OF_WNT_SIGNALING_PATHWAY_PLANAR_CELL_POLARITY_PATHWAY	False	False	True	True	True	True
GOBP_POSITIVE_REGULATION_OF_WOUND_HEALING_SPREADING_OF_EPIDERMAL_CELLS	False	False	True	True	True	True
GOBP_POSITIVE_THYMIC_T_CELL_SELECTION	False	False	False	False	False	False
GOBP_POSITIVE_T_CELL_SELECTION	False	False	False	False	False	False
GOBP_POSTREPLICATION_REPAIR	False	False	False	True	False	True
GOBP_POSTSYNAPSE_ASSEMBLY	False	False	False	True	False	True
GOBP_POSTSYNAPSE_ORGANIZATION	False	False	False	False	False	False
GOBP_POSTSYNAPSE_TO_NUCLEUS_SIGNALING_PATHWAY	False	False	True	True	True	True
GOBP_POSTSYNAPTIC_ACTIN_CYTOSKELETON_ORGANIZATION	False	False	False	True	False	True
GOBP_POSTSYNAPTIC_CYTOSKELETON_ORGANIZATION	False	False	False	True	False	True
GOBP_POSTSYNAPTIC_DENSITY_ASSEMBLY	False	False	True	True	True	True
GOBP_POSTSYNAPTIC_DENSITY_ORGANIZATION	False	False	True	True	True	True
GOBP_POSTSYNAPTIC_DENSITY_PROTEIN_95_CLUSTERING	False	False	True	True	True	True
GOBP_POSTSYNAPTIC_MEMBRANE_ASSEMBLY	False	False	True	True	True	True
GOBP_POSTSYNAPTIC_MEMBRANE_ORGANIZATION	False	False	True	True	True	True
GOBP_POSTSYNAPTIC_MODULATION_OF_CHEMICAL_SYNAPTIC_TRANSMISSION	False	False	False	True	False	True
GOBP_POSTSYNAPTIC_SIGNAL_TRANSDUCTION	False	False	True	True	True	True
GOBP_POSTSYNAPTIC_SPECIALIZATION_ASSEMBLY	False	False	False	True	False	True
GOBP_POSTSYNAPTIC_SPECIALIZATION_ORGANIZATION	False	False	False	True	False	True
GOBP_POST_ANAL_TAIL_MORPHOGENESIS	False	False	False	True	False	True
GOBP_POST_EMBRYONIC_CAMERA_TYPE_EYE_DEVELOPMENT	False	False	True	True	True	True
GOBP_POST_EMBRYONIC_DEVELOPMENT	False	False	False	True	False	True
GOBP_POST_EMBRYONIC_EYE_MORPHOGENESIS	False	False	False	True	False	True
GOBP_POST_EMBRYONIC_HEMOPOIESIS	False	False	False	True	False	True
GOBP_POST_GOLGI_VESICLE_MEDIATED_TRANSPORT	False	False	False	True	False	True
GOBP_POST_TRANSCRIPTIONAL_REGULATION_OF_GENE_EXPRESSION	True	False	False	False	False	False
GOBP_POST_TRANSLATIONAL_PROTEIN_MODIFICATION	True	False	False	False	False	False
GOBP_POST_TRANSLATIONAL_PROTEIN_TARGETING_TO_ENDOPLASMIC_RETICULUM_MEMBRANE	False	False	False	True	False	True
GOBP_POST_TRANSLATIONAL_PROTEIN_TARGETING_TO_MEMBRANE_TRANSLOCATION	False	False	False	True	False	True
GOBP_POTASSIUM_ION_EXPORT_ACROSS_PLASMA_MEMBRANE	False	False	True	True	True	True
GOBP_POTASSIUM_ION_HOMEOSTASIS	False	False	False	True	False	True
GOBP_POTASSIUM_ION_IMPORT_ACROSS_PLASMA_MEMBRANE	False	False	False	False	False	False
GOBP_POTASSIUM_ION_TRANSPORT	False	False	False	False	False	True
GOBP_PREPULSE_INHIBITION	False	False	True	True	True	True
GOBP_PRESYNAPSE_ASSEMBLY	False	False	False	True	False	True
GOBP_PRESYNAPSE_ORGANIZATION	False	False	False	True	False	True
GOBP_PRESYNAPTIC_ACTIVE_ZONE_ORGANIZATION	False	False	True	True	True	True
GOBP_PRESYNAPTIC_ENDOCYTOSIS	False	False	False	True	False	True
GOBP_PRESYNAPTIC_MEMBRANE_ASSEMBLY	False	False	True	True	True	True
GOBP_PRESYNAPTIC_MEMBRANE_ORGANIZATION	False	False	False	True	False	True
GOBP_PRESYNAPTIC_MODULATION_OF_CHEMICAL_SYNAPTIC_TRANSMISSION	False	False	True	True	True	True
GOBP_PRE_B_CELL_DIFFERENTIATION	False	False	False	False	False	False
GOBP_PRIMARY_ALCOHOL_BIOSYNTHETIC_PROCESS	False	False	True	True	True	True
GOBP_PRIMARY_ALCOHOL_CATABOLIC_PROCESS	False	False	False	True	False	True
GOBP_PRIMARY_ALCOHOL_METABOLIC_PROCESS	False	False	False	False	False	False
GOBP_PRIMARY_AMINO_COMPOUND_BIOSYNTHETIC_PROCESS	False	False	True	True	True	True
GOBP_PRIMARY_AMINO_COMPOUND_METABOLIC_PROCESS	False	False	True	True	True	True
GOBP_PRIMARY_MIRNA_PROCESSING	False	False	False	True	False	True
GOBP_PRIMITIVE_STREAK_FORMATION	False	False	True	True	True	True
GOBP_PROCESS_UTILIZING_AUTOPHAGIC_MECHANISM	True	False	False	False	False	False
GOBP_PRODUCTION_OF_MOLECULAR_MEDIATOR_INVOLVED_IN_INFLAMMATORY_RESPONSE	False	False	False	False	False	False
GOBP_PRODUCTION_OF_MOLECULAR_MEDIATOR_OF_IMMUNE_RESPONSE	False	False	False	False	False	False
GOBP_PROGESTERONE_BIOSYNTHETIC_PROCESS	False	False	False	True	False	True
GOBP_PROGESTERONE_METABOLIC_PROCESS	False	False	False	True	False	True
GOBP_PROGESTERONE_RECEPTOR_SIGNALING_PATHWAY	False	False	True	True	True	True
GOBP_PROGRAMMED_CELL_DEATH_INVOLVED_IN_CELL_DEVELOPMENT	False	False	False	True	False	True
GOBP_PROGRAMMED_CELL_DEATH_IN_RESPONSE_TO_REACTIVE_OXYGEN_SPECIES	False	False	False	True	False	True
GOBP_PROGRAMMED_NECROTIC_CELL_DEATH	False	False	False	True	False	True
GOBP_PROLACTIN_SECRETION	False	False	False	False	False	False
GOBP_PROLINE_BIOSYNTHETIC_PROCESS	False	False	True	True	True	True
GOBP_PROLINE_METABOLIC_PROCESS	False	False	True	True	True	True
GOBP_PROLINE_TRANSMEMBRANE_TRANSPORT	False	False	True	True	True	True
GOBP_PROLINE_TRANSPORT	False	False	False	True	False	True
GOBP_PRONEPHROS_DEVELOPMENT	False	False	True	True	True	True
GOBP_PROPIONATE_METABOLIC_PROCESS	False	False	False	True	False	True
GOBP_PROSTAGLANDIN_SECRETION	False	False	False	True	False	True
GOBP_PROSTAGLANDIN_TRANSPORT	False	False	False	True	False	True
GOBP_PROSTANOID_BIOSYNTHETIC_PROCESS	False	False	False	True	False	True
GOBP_PROSTANOID_METABOLIC_PROCESS	False	False	False	False	False	False
GOBP_PROSTATE_GLANDULAR_ACINUS_DEVELOPMENT	False	False	False	True	False	True
GOBP_PROSTATE_GLANDULAR_ACINUS_MORPHOGENESIS	False	False	True	True	True	True
GOBP_PROSTATE_GLAND_DEVELOPMENT	False	False	False	True	False	True
GOBP_PROSTATE_GLAND_GROWTH	False	False	False	True	False	True
GOBP_PROSTATE_GLAND_MORPHOGENESIS	False	False	False	False	False	False
GOBP_PROSTATIC_BUD_FORMATION	False	False	True	True	True	True
GOBP_PROTEASOMAL_PROTEIN_CATABOLIC_PROCESS	True	False	False	False	False	False
GOBP_PROTEASOME_ASSEMBLY	False	False	False	True	False	True
GOBP_PROTEASOME_MEDIATED_UBIQUITIN_DEPENDENT_PROTEIN_CATABOLIC_PROCESS	True	False	False	False	False	False
GOBP_PROTECTION_FROM_NATURAL_KILLER_CELL_MEDIATED_CYTOTOXICITY	False	False	False	True	False	True
GOBP_PROTEINOGENIC_AMINO_ACID_BIOSYNTHETIC_PROCESS	False	False	False	True	False	True
GOBP_PROTEINOGENIC_AMINO_ACID_METABOLIC_PROCESS	False	False	False	False	False	True
GOBP_PROTEIN_ACETYLATION	False	False	False	True	True	True
GOBP_PROTEIN_ACTIVATION_CASCADE	False	False	False	True	False	True
GOBP_PROTEIN_ACYLATION	False	False	False	True	False	True
GOBP_PROTEIN_AUTOPHOSPHORYLATION	False	False	False	True	False	True
GOBP_PROTEIN_AUTOPROCESSING	False	False	False	False	False	False
GOBP_PROTEIN_AUTOUBIQUITINATION	False	False	False	True	False	True
GOBP_PROTEIN_BRANCHED_POLYUBIQUITINATION	False	False	True	True	True	True
GOBP_PROTEIN_CATABOLIC_PROCESS	True	False	False	False	False	False
GOBP_PROTEIN_CATABOLIC_PROCESS_IN_THE_VACUOLE	False	False	False	True	False	True
GOBP_PROTEIN_COMPLEX_OLIGOMERIZATION	True	False	False	False	False	False
GOBP_PROTEIN_CONTAINING_COMPLEX_DISASSEMBLY	True	False	False	False	False	False
GOBP_PROTEIN_CONTAINING_COMPLEX_LOCALIZATION	True	False	False	False	False	False
GOBP_PROTEIN_CONTAINING_COMPLEX_ORGANIZATION	True	True	False	False	False	False
GOBP_PROTEIN_CONTAINING_COMPLEX_REMODELING	False	False	False	False	False	False
GOBP_PROTEIN_DEACETYLATION	False	False	True	True	True	True
GOBP_PROTEIN_DEGLUTAMYLATION	False	False	True	True	True	True
GOBP_PROTEIN_DEGLYCOSYLATION	False	False	True	True	True	True
GOBP_PROTEIN_DELIPIDATION	False	False	True	True	True	True
GOBP_PROTEIN_DENEDDYLATION	False	False	True	True	True	True
GOBP_PROTEIN_DEPHOSPHORYLATION	False	False	False	True	False	True
GOBP_PROTEIN_DEPOLYMERIZATION	True	False	False	True	False	True
GOBP_PROTEIN_DESTABILIZATION	False	False	False	True	False	True
GOBP_PROTEIN_DESUMOYLATION	False	False	True	True	True	True
GOBP_PROTEIN_DNA_COMPLEX_DISASSEMBLY	False	False	False	True	False	True
GOBP_PROTEIN_DNA_COMPLEX_ORGANIZATION	True	False	False	False	False	True
GOBP_PROTEIN_DNA_COVALENT_CROSS_LINKING_REPAIR	False	False	False	True	True	True
GOBP_PROTEIN_EXIT_FROM_ENDOPLASMIC_RETICULUM	False	False	False	True	False	True
GOBP_PROTEIN_EXPORT_FROM_NUCLEUS	False	False	False	True	False	True
GOBP_PROTEIN_FOLDING	True	False	False	False	False	False
GOBP_PROTEIN_FOLDING_IN_ENDOPLASMIC_RETICULUM	False	False	False	True	False	True
GOBP_PROTEIN_HETEROOLIGOMERIZATION	False	False	True	True	True	True
GOBP_PROTEIN_HETEROTETRAMERIZATION	False	False	True	True	True	True
GOBP_PROTEIN_HEXAMERIZATION	False	False	False	True	False	True
GOBP_PROTEIN_HOMOOLIGOMERIZATION	False	False	False	True	False	True
GOBP_PROTEIN_HOMOTETRAMERIZATION	False	False	False	True	False	True
GOBP_PROTEIN_HOMOTRIMERIZATION	False	False	False	True	False	True
GOBP_PROTEIN_HYDROXYLATION	False	False	False	True	False	True
GOBP_PROTEIN_IMPORT	False	False	False	False	False	False
GOBP_PROTEIN_IMPORT_INTO_MITOCHONDRIAL_MATRIX	False	False	False	True	False	True
GOBP_PROTEIN_IMPORT_INTO_PEROXISOME_MATRIX	False	False	True	True	True	True
GOBP_PROTEIN_INSERTION_INTO_ER_MEMBRANE	False	False	False	True	False	True
GOBP_PROTEIN_INSERTION_INTO_ER_MEMBRANE_BY_STOP_TRANSFER_MEMBRANE_ANCHOR_SEQUENCE	False	False	True	True	True	True
GOBP_PROTEIN_INSERTION_INTO_MEMBRANE	False	False	False	True	False	True
GOBP_PROTEIN_INSERTION_INTO_MITOCHONDRIAL_INNER_MEMBRANE	False	False	True	True	True	True
GOBP_PROTEIN_INSERTION_INTO_MITOCHONDRIAL_MEMBRANE	False	False	True	True	True	True
GOBP_PROTEIN_INSERTION_INTO_MITOCHONDRIAL_OUTER_MEMBRANE	False	False	True	True	True	True
GOBP_PROTEIN_K11_LINKED_DEUBIQUITINATION	False	False	True	True	True	True
GOBP_PROTEIN_K11_LINKED_UBIQUITINATION	False	False	False	True	False	True
GOBP_PROTEIN_K27_LINKED_UBIQUITINATION	False	False	True	True	True	True
GOBP_PROTEIN_K29_LINKED_UBIQUITINATION	False	False	False	False	False	False
GOBP_PROTEIN_K48_LINKED_DEUBIQUITINATION	False	False	True	True	True	True
GOBP_PROTEIN_K48_LINKED_UBIQUITINATION	False	False	False	True	False	True
GOBP_PROTEIN_K63_LINKED_DEUBIQUITINATION	False	False	False	True	False	True
GOBP_PROTEIN_K63_LINKED_UBIQUITINATION	False	False	False	True	False	True
GOBP_PROTEIN_K6_LINKED_UBIQUITINATION	False	False	True	True	True	True
GOBP_PROTEIN_KINASE_A_SIGNALING	False	False	False	True	False	True
GOBP_PROTEIN_KINASE_C_SIGNALING	False	False	False	True	False	True
GOBP_PROTEIN_LIPID_COMPLEX_ASSEMBLY	False	False	False	True	False	True
GOBP_PROTEIN_LIPID_COMPLEX_ORGANIZATION	False	False	False	False	False	False
GOBP_PROTEIN_LOCALIZATION_TO_ACTIN_CYTOSKELETON	False	False	True	True	True	True
GOBP_PROTEIN_LOCALIZATION_TO_ADHERENS_JUNCTION	False	False	True	True	True	True
GOBP_PROTEIN_LOCALIZATION_TO_AXON	False	False	True	True	True	True
GOBP_PROTEIN_LOCALIZATION_TO_BICELLULAR_TIGHT_JUNCTION	False	False	True	True	True	True
GOBP_PROTEIN_LOCALIZATION_TO_CELL_CELL_JUNCTION	False	False	False	False	False	False
GOBP_PROTEIN_LOCALIZATION_TO_CELL_CORTEX	False	False	False	True	False	True
GOBP_PROTEIN_LOCALIZATION_TO_CELL_JUNCTION	False	False	False	False	False	False
GOBP_PROTEIN_LOCALIZATION_TO_CELL_LEADING_EDGE	False	False	True	True	True	True
GOBP_PROTEIN_LOCALIZATION_TO_CELL_PERIPHERY	True	False	False	False	False	False
GOBP_PROTEIN_LOCALIZATION_TO_CELL_SURFACE	False	False	False	False	False	True
GOBP_PROTEIN_LOCALIZATION_TO_CHROMATIN	False	False	False	True	False	True
GOBP_PROTEIN_LOCALIZATION_TO_CHROMOSOME	True	False	False	True	False	True
GOBP_PROTEIN_LOCALIZATION_TO_CHROMOSOME_CENTROMERIC_REGION	False	False	True	True	True	True
GOBP_PROTEIN_LOCALIZATION_TO_CHROMOSOME_TELOMERIC_REGION	False	False	True	True	True	True
GOBP_PROTEIN_LOCALIZATION_TO_CILIARY_MEMBRANE	False	False	True	True	True	True
GOBP_PROTEIN_LOCALIZATION_TO_CILIUM	False	False	False	True	False	True
GOBP_PROTEIN_LOCALIZATION_TO_CONDENSED_CHROMOSOME	False	False	True	True	True	True
GOBP_PROTEIN_LOCALIZATION_TO_CYTOPLASMIC_STRESS_GRANULE	False	False	True	True	True	True
GOBP_PROTEIN_LOCALIZATION_TO_CYTOSKELETON	False	False	False	True	False	True
GOBP_PROTEIN_LOCALIZATION_TO_EARLY_ENDOSOME	False	False	False	True	False	True
GOBP_PROTEIN_LOCALIZATION_TO_ENDOPLASMIC_RETICULUM	False	False	False	True	False	True
GOBP_PROTEIN_LOCALIZATION_TO_ENDOPLASMIC_RETICULUM_EXIT_SITE	False	False	False	False	False	False
GOBP_PROTEIN_LOCALIZATION_TO_ENDOSOME	False	False	False	True	False	True
GOBP_PROTEIN_LOCALIZATION_TO_EXTRACELLULAR_REGION	True	False	False	False	False	False
GOBP_PROTEIN_LOCALIZATION_TO_GOLGI_APPARATUS	False	False	False	True	False	True
GOBP_PROTEIN_LOCALIZATION_TO_GOLGI_MEMBRANE	False	False	False	False	False	False
GOBP_PROTEIN_LOCALIZATION_TO_LYSOSOME	False	False	False	True	False	True
GOBP_PROTEIN_LOCALIZATION_TO_MEMBRANE_RAFT	False	False	False	False	False	False
GOBP_PROTEIN_LOCALIZATION_TO_MICROTUBULE	False	False	True	True	True	True
GOBP_PROTEIN_LOCALIZATION_TO_MICROTUBULE_ORGANIZING_CENTER	False	False	True	True	True	True
GOBP_PROTEIN_LOCALIZATION_TO_MITOCHONDRION	True	False	False	False	False	False
GOBP_PROTEIN_LOCALIZATION_TO_NON_MOTILE_CILIUM	False	False	True	True	True	True
GOBP_PROTEIN_LOCALIZATION_TO_NUCLEAR_ENVELOPE	False	False	False	True	True	True
GOBP_PROTEIN_LOCALIZATION_TO_NUCLEOLUS	False	False	False	True	False	True
GOBP_PROTEIN_LOCALIZATION_TO_NUCLEOPLASM	False	False	False	True	False	True
GOBP_PROTEIN_LOCALIZATION_TO_NUCLEUS	True	False	False	False	False	False
GOBP_PROTEIN_LOCALIZATION_TO_ORGANELLE	True	False	False	False	False	False
GOBP_PROTEIN_LOCALIZATION_TO_PHAGOPHORE_ASSEMBLY_SITE	False	False	True	True	True	True
GOBP_PROTEIN_LOCALIZATION_TO_PHOTORECEPTOR_OUTER_SEGMENT	False	False	False	False	False	False
GOBP_PROTEIN_LOCALIZATION_TO_PLASMA_MEMBRANE	True	False	False	False	False	False
GOBP_PROTEIN_LOCALIZATION_TO_PLASMA_MEMBRANE_RAFT	False	False	False	True	False	True
GOBP_PROTEIN_LOCALIZATION_TO_POSTSYNAPSE	False	False	False	True	False	True
GOBP_PROTEIN_LOCALIZATION_TO_PRESYNAPSE	False	False	True	True	True	True
GOBP_PROTEIN_LOCALIZATION_TO_SITE_OF_DOUBLE_STRAND_BREAK	False	False	True	True	True	True
GOBP_PROTEIN_LOCALIZATION_TO_SYNAPSE	False	False	False	True	False	True
GOBP_PROTEIN_LOCALIZATION_TO_VACUOLE	False	False	False	True	False	True
GOBP_PROTEIN_MATURATION	True	False	False	False	False	False
GOBP_PROTEIN_METHYLATION	False	False	True	True	True	True
GOBP_PROTEIN_MODIFICATION_BY_SMALL_PROTEIN_CONJUGATION	True	False	False	False	False	False
GOBP_PROTEIN_MODIFICATION_BY_SMALL_PROTEIN_REMOVAL	False	False	False	True	False	True
GOBP_PROTEIN_MONOUBIQUITINATION	False	False	True	True	True	True
GOBP_PROTEIN_NEDDYLATION	False	False	True	True	True	True
GOBP_PROTEIN_NITROSYLATION	False	False	False	True	False	True
GOBP_PROTEIN_N_LINKED_GLYCOSYLATION	False	False	False	False	False	True
GOBP_PROTEIN_N_LINKED_GLYCOSYLATION_VIA_ASPARAGINE	False	False	False	True	False	True
GOBP_PROTEIN_OXIDATION	False	False	False	False	False	False
GOBP_PROTEIN_O_LINKED_GLYCOSYLATION	False	False	False	False	False	False
GOBP_PROTEIN_O_LINKED_GLYCOSYLATION_VIA_SERINE	False	False	True	True	True	True
GOBP_PROTEIN_O_LINKED_GLYCOSYLATION_VIA_THREONINE	False	False	True	True	True	True
GOBP_PROTEIN_PALMITOYLATION	False	False	False	True	True	True
GOBP_PROTEIN_POLYGLUTAMYLATION	False	False	True	True	True	True
GOBP_PROTEIN_POLYMERIZATION	True	False	False	False	False	False
GOBP_PROTEIN_POLYUBIQUITINATION	True	False	False	False	False	False
GOBP_PROTEIN_POLYUFMYLATION	False	False	True	True	True	True
GOBP_PROTEIN_POLY_ADP_RIBOSYLATION	False	False	True	True	True	True
GOBP_PROTEIN_PROCESSING	False	False	False	False	False	False
GOBP_PROTEIN_QUALITY_CONTROL_FOR_MISFOLDED_OR_INCOMPLETELY_SYNTHESIZED_PROTEINS	False	False	False	True	False	True
GOBP_PROTEIN_REFOLDING	False	False	False	True	False	True
GOBP_PROTEIN_REPAIR	False	False	True	True	True	True
GOBP_PROTEIN_RETENTION_IN_ER_LUMEN	False	False	False	True	False	True
GOBP_PROTEIN_RNA_COMPLEX_DISASSEMBLY	False	False	True	True	True	True
GOBP_PROTEIN_RNA_COMPLEX_ORGANIZATION	True	False	False	False	False	False
GOBP_PROTEIN_STABILIZATION	True	False	False	False	False	False
GOBP_PROTEIN_STORAGE	False	False	False	False	False	False
GOBP_PROTEIN_SUMOYLATION	False	False	False	True	False	True
GOBP_PROTEIN_TARGETING	True	False	False	False	False	False
GOBP_PROTEIN_TARGETING_TO_LYSOSOME	False	False	False	True	False	True
GOBP_PROTEIN_TARGETING_TO_MEMBRANE	False	False	False	False	False	False
GOBP_PROTEIN_TARGETING_TO_MITOCHONDRION	True	False	False	False	False	False
GOBP_PROTEIN_TARGETING_TO_PEROXISOME	False	False	True	True	True	True
GOBP_PROTEIN_TARGETING_TO_VACUOLE	False	False	False	True	False	True
GOBP_PROTEIN_TARGETING_TO_VACUOLE_INVOLVED_IN_AUTOPHAGY	False	False	False	True	False	True
GOBP_PROTEIN_TETRAMERIZATION	False	False	False	True	False	True
GOBP_PROTEIN_TRANSMEMBRANE_IMPORT_INTO_INTRACELLULAR_ORGANELLE	False	False	False	True	False	True
GOBP_PROTEIN_TRANSMEMBRANE_TRANSPORT	True	False	False	True	False	True
GOBP_PROTEIN_TRANSPORT	True	False	False	False	False	False
GOBP_PROTEIN_TRANSPORT_INTO_MEMBRANE_RAFT	False	False	False	False	False	False
GOBP_PROTEIN_TRIMERIZATION	False	False	False	False	False	False
GOBP_PROTEOGLYCAN_BIOSYNTHETIC_PROCESS	False	False	False	True	False	True
GOBP_PROTEOGLYCAN_CATABOLIC_PROCESS	False	False	True	True	True	True
GOBP_PROTEOGLYCAN_METABOLIC_PROCESS	False	False	False	True	False	True
GOBP_PROTEOLYSIS	True	False	False	False	False	False
GOBP_PROTEOLYSIS_INVOLVED_IN_PROTEIN_CATABOLIC_PROCESS	True	False	False	False	False	False
GOBP_PROTON_MOTIVE_FORCE_DRIVEN_ATP_SYNTHESIS	True	False	False	False	False	False
GOBP_PROTON_TRANSMEMBRANE_TRANSPORT	True	False	False	False	False	False
GOBP_PROTON_TRANSPORTING_TWO_SECTOR_ATPASE_COMPLEX_ASSEMBLY	False	False	True	True	True	True
GOBP_PROTOPORPHYRINOGEN_IX_BIOSYNTHETIC_PROCESS	False	False	True	True	True	True
GOBP_PROXIMAL_DISTAL_PATTERN_FORMATION	False	False	False	True	False	True
GOBP_PROXIMAL_DISTAL_PATTERN_FORMATION_INVOLVED_IN_NEPHRON_DEVELOPMENT	False	False	True	True	True	True
GOBP_PROXIMAL_TUBULE_DEVELOPMENT	False	False	True	True	True	True
GOBP_PRO_B_CELL_DIFFERENTIATION	False	False	True	True	False	True
GOBP_PSEUDOURIDINE_SYNTHESIS	False	False	False	True	False	True
GOBP_PSYCHOMOTOR_BEHAVIOR	False	False	True	True	True	True
GOBP_PTERIDINE_CONTAINING_COMPOUND_BIOSYNTHETIC_PROCESS	False	False	False	True	False	True
GOBP_PTERIDINE_CONTAINING_COMPOUND_CATABOLIC_PROCESS	False	False	True	True	True	True
GOBP_PTERIDINE_CONTAINING_COMPOUND_METABOLIC_PROCESS	False	False	False	True	False	True
GOBP_PULMONARY_VALVE_DEVELOPMENT	False	False	True	True	True	True
GOBP_PULMONARY_VALVE_MORPHOGENESIS	False	False	True	True	True	True
GOBP_PURINERGIC_NUCLEOTIDE_RECEPTOR_SIGNALING_PATHWAY	False	False	True	True	True	True
GOBP_PURINE_CONTAINING_COMPOUND_BIOSYNTHETIC_PROCESS	True	False	False	False	False	False
GOBP_PURINE_CONTAINING_COMPOUND_CATABOLIC_PROCESS	False	False	False	False	False	True
GOBP_PURINE_CONTAINING_COMPOUND_METABOLIC_PROCESS	True	False	False	False	False	False
GOBP_PURINE_CONTAINING_COMPOUND_SALVAGE	False	False	True	True	True	True
GOBP_PURINE_CONTAINING_COMPOUND_TRANSMEMBRANE_TRANSPORT	False	False	True	True	True	True
GOBP_PURINE_DEOXYRIBONUCLEOSIDE_METABOLIC_PROCESS	False	False	False	True	False	True
GOBP_PURINE_DEOXYRIBONUCLEOSIDE_MONOPHOSPHATE_CATABOLIC_PROCESS	False	False	False	True	False	True
GOBP_PURINE_DEOXYRIBONUCLEOSIDE_MONOPHOSPHATE_METABOLIC_PROCESS	False	False	False	True	False	True
GOBP_PURINE_DEOXYRIBONUCLEOTIDE_BIOSYNTHETIC_PROCESS	False	False	True	True	True	True
GOBP_PURINE_NUCLEOBASE_BIOSYNTHETIC_PROCESS	False	False	False	True	False	True
GOBP_PURINE_NUCLEOBASE_METABOLIC_PROCESS	False	False	False	True	False	True
GOBP_PURINE_NUCLEOBASE_TRANSMEMBRANE_TRANSPORT	False	False	True	True	True	True
GOBP_PURINE_NUCLEOSIDE_BIOSYNTHETIC_PROCESS	False	False	True	True	True	True
GOBP_PURINE_NUCLEOSIDE_BISPHOSPHATE_METABOLIC_PROCESS	False	False	True	True	True	True
GOBP_PURINE_NUCLEOSIDE_CATABOLIC_PROCESS	False	False	False	True	False	True
GOBP_PURINE_NUCLEOSIDE_METABOLIC_PROCESS	False	False	False	True	False	True
GOBP_PURINE_NUCLEOSIDE_MONOPHOSPHATE_BIOSYNTHETIC_PROCESS	False	False	False	True	False	True
GOBP_PURINE_NUCLEOSIDE_MONOPHOSPHATE_CATABOLIC_PROCESS	False	False	False	True	False	True
GOBP_PURINE_NUCLEOSIDE_MONOPHOSPHATE_METABOLIC_PROCESS	False	False	False	True	False	True
GOBP_PURINE_NUCLEOSIDE_TRANSMEMBRANE_TRANSPORT	False	False	True	True	True	True
GOBP_PURINE_NUCLEOTIDE_BIOSYNTHETIC_PROCESS	True	False	False	False	False	False
GOBP_PURINE_NUCLEOTIDE_CATABOLIC_PROCESS	True	False	False	False	False	False
GOBP_PURINE_NUCLEOTIDE_SALVAGE	False	False	True	True	True	True
GOBP_PURINE_NUCLEOTIDE_TRANSPORT	False	False	True	True	False	True
GOBP_PURINE_RIBONUCLEOSIDE_CATABOLIC_PROCESS	False	False	True	True	True	True
GOBP_PURINE_RIBONUCLEOSIDE_METABOLIC_PROCESS	False	False	False	True	False	True
GOBP_PURINE_RIBONUCLEOSIDE_SALVAGE	False	False	True	True	True	True
GOBP_PUTRESCINE_BIOSYNTHETIC_PROCESS	False	False	True	True	True	True
GOBP_PUTRESCINE_METABOLIC_PROCESS	False	False	False	True	False	True
GOBP_PYRAMIDAL_NEURON_DEVELOPMENT	False	False	False	True	False	True
GOBP_PYRAMIDAL_NEURON_DIFFERENTIATION	False	False	False	True	False	True
GOBP_PYRIDINE_CONTAINING_COMPOUND_BIOSYNTHETIC_PROCESS	False	False	False	True	False	True
GOBP_PYRIDINE_CONTAINING_COMPOUND_CATABOLIC_PROCESS	False	False	False	False	False	True
GOBP_PYRIDINE_CONTAINING_COMPOUND_METABOLIC_PROCESS	True	False	False	False	False	False
GOBP_PYRIMIDINE_CONTAINING_COMPOUND_BIOSYNTHETIC_PROCESS	False	False	False	True	False	True
GOBP_PYRIMIDINE_CONTAINING_COMPOUND_CATABOLIC_PROCESS	False	False	False	True	False	True
GOBP_PYRIMIDINE_CONTAINING_COMPOUND_METABOLIC_PROCESS	False	False	False	True	False	True
GOBP_PYRIMIDINE_CONTAINING_COMPOUND_SALVAGE	False	False	True	True	True	True
GOBP_PYRIMIDINE_CONTAINING_COMPOUND_TRANSMEMBRANE_TRANSPORT	False	False	False	True	False	True
GOBP_PYRIMIDINE_DEOXYRIBONUCLEOSIDE_METABOLIC_PROCESS	False	False	True	True	True	True
GOBP_PYRIMIDINE_DEOXYRIBONUCLEOSIDE_TRIPHOSPHATE_METABOLIC_PROCESS	False	False	True	True	True	True
GOBP_PYRIMIDINE_DEOXYRIBONUCLEOTIDE_BIOSYNTHETIC_PROCESS	False	False	True	True	True	True
GOBP_PYRIMIDINE_DEOXYRIBONUCLEOTIDE_METABOLIC_PROCESS	False	False	False	True	False	True
GOBP_PYRIMIDINE_NUCLEOBASE_BIOSYNTHETIC_PROCESS	False	False	True	True	True	True
GOBP_PYRIMIDINE_NUCLEOBASE_CATABOLIC_PROCESS	False	False	True	True	True	True
GOBP_PYRIMIDINE_NUCLEOBASE_METABOLIC_PROCESS	False	False	True	True	True	True
GOBP_PYRIMIDINE_NUCLEOSIDE_BIOSYNTHETIC_PROCESS	False	False	True	True	True	True
GOBP_PYRIMIDINE_NUCLEOSIDE_CATABOLIC_PROCESS	False	False	True	True	True	True
GOBP_PYRIMIDINE_NUCLEOSIDE_DIPHOSPHATE_BIOSYNTHETIC_PROCESS	False	False	True	True	True	True
GOBP_PYRIMIDINE_NUCLEOSIDE_METABOLIC_PROCESS	False	False	False	True	False	True
GOBP_PYRIMIDINE_NUCLEOSIDE_MONOPHOSPHATE_BIOSYNTHETIC_PROCESS	False	False	False	True	False	True
GOBP_PYRIMIDINE_NUCLEOSIDE_MONOPHOSPHATE_METABOLIC_PROCESS	False	False	False	True	False	True
GOBP_PYRIMIDINE_NUCLEOSIDE_TRIPHOSPHATE_BIOSYNTHETIC_PROCESS	False	False	False	True	False	True
GOBP_PYRIMIDINE_NUCLEOSIDE_TRIPHOSPHATE_METABOLIC_PROCESS	False	False	False	True	False	True
GOBP_PYRIMIDINE_NUCLEOTIDE_BIOSYNTHETIC_PROCESS	False	False	False	True	False	True
GOBP_PYRIMIDINE_NUCLEOTIDE_CATABOLIC_PROCESS	False	False	False	True	False	True
GOBP_PYRIMIDINE_NUCLEOTIDE_METABOLIC_PROCESS	False	False	False	True	False	True
GOBP_PYRIMIDINE_RIBONUCLEOSIDE_MONOPHOSPHATE_BIOSYNTHETIC_PROCESS	False	False	True	True	True	True
GOBP_PYRIMIDINE_RIBONUCLEOSIDE_TRIPHOSPHATE_BIOSYNTHETIC_PROCESS	False	False	False	True	False	True
GOBP_PYRIMIDINE_RIBONUCLEOTIDE_BIOSYNTHETIC_PROCESS	False	False	False	True	False	True
GOBP_PYROPTOTIC_CELL_DEATH	False	False	True	True	True	True
GOBP_PYROPTOTIC_INFLAMMATORY_RESPONSE	False	False	False	True	False	True
GOBP_PYRUVATE_CATABOLIC_PROCESS	False	False	True	True	True	True
GOBP_PYRUVATE_DECARBOXYLATION_TO_ACETYL_COA	False	False	True	True	True	True
GOBP_PYRUVATE_FAMILY_AMINO_ACID_CATABOLIC_PROCESS	False	False	True	True	True	True
GOBP_PYRUVATE_FAMILY_AMINO_ACID_METABOLIC_PROCESS	False	False	True	True	True	True
GOBP_PYRUVATE_METABOLIC_PROCESS	False	False	False	False	False	False
GOBP_PYRUVATE_TRANSPORT	False	False	True	True	True	True
GOBP_P_BODY_ASSEMBLY	False	False	True	True	True	True
GOBP_QUATERNARY_AMMONIUM_GROUP_TRANSPORT	False	False	False	True	False	True
GOBP_QUINOLINATE_METABOLIC_PROCESS	False	False	True	True	True	True
GOBP_QUINONE_METABOLIC_PROCESS	False	False	False	True	False	True
GOBP_RAB_PROTEIN_SIGNAL_TRANSDUCTION	False	False	True	True	True	True
GOBP_RAC_PROTEIN_SIGNAL_TRANSDUCTION	False	False	False	True	False	True
GOBP_RADIAL_GLIAL_CELL_DIFFERENTIATION	False	False	True	True	True	True
GOBP_RANDOM_INACTIVATION_OF_X_CHROMOSOME	False	False	True	True	True	True
GOBP_RAP_PROTEIN_SIGNAL_TRANSDUCTION	False	False	True	True	True	True
GOBP_RAS_PROTEIN_SIGNAL_TRANSDUCTION	False	False	False	True	False	True
GOBP_REACTIVE_GLIOSIS	False	False	True	True	True	True
GOBP_REACTIVE_NITROGEN_SPECIES_METABOLIC_PROCESS	False	False	False	False	False	False
GOBP_REACTIVE_OXYGEN_SPECIES_BIOSYNTHETIC_PROCESS	False	False	False	True	False	True
GOBP_REACTIVE_OXYGEN_SPECIES_METABOLIC_PROCESS	False	False	False	False	False	False
GOBP_RECEPTOR_CATABOLIC_PROCESS	False	False	True	True	True	True
GOBP_RECEPTOR_CLUSTERING	False	False	False	False	False	False
GOBP_RECEPTOR_DIFFUSION_TRAPPING	False	False	True	True	True	True
GOBP_RECEPTOR_GUANYLYL_CYCLASE_SIGNALING_PATHWAY	False	False	True	True	True	True
GOBP_RECEPTOR_INTERNALIZATION	False	False	False	False	False	False
GOBP_RECEPTOR_LOCALIZATION_TO_SYNAPSE	False	False	False	True	False	True
GOBP_RECEPTOR_MEDIATED_ENDOCYTOSIS	False	False	False	False	False	False
GOBP_RECEPTOR_MEDIATED_ENDOCYTOSIS_INVOLVED_IN_CHOLESTEROL_TRANSPORT	False	False	False	True	True	True
GOBP_RECEPTOR_MEDIATED_VIRION_ATTACHMENT_TO_HOST_CELL	False	False	True	True	False	True
GOBP_RECEPTOR_METABOLIC_PROCESS	False	False	False	True	False	True
GOBP_RECEPTOR_RECYCLING	False	False	False	True	False	True
GOBP_RECOGNITION_OF_APOPTOTIC_CELL	False	False	True	True	True	True
GOBP_RECOMBINATIONAL_REPAIR	True	False	False	False	False	True
GOBP_REDUCTION_OF_FOOD_INTAKE_IN_RESPONSE_TO_DIETARY_EXCESS	False	False	False	False	False	False
GOBP_REELIN_MEDIATED_SIGNALING_PATHWAY	False	False	True	True	True	True
GOBP_REFLEX	False	False	True	True	True	True
GOBP_REGENERATION	True	False	False	False	False	False
GOBP_REGULATED_EXOCYTOSIS	False	False	False	False	False	False
GOBP_REGULATION_BY_VIRUS_OF_VIRAL_PROTEIN_LEVELS_IN_HOST_CELL	False	False	True	True	True	True
GOBP_REGULATION_OF_3_UTR_MEDIATED_MRNA_STABILIZATION	False	False	True	True	True	True
GOBP_REGULATION_OF_ACROSOME_REACTION	False	False	True	True	True	True
GOBP_REGULATION_OF_ACTIN_FILAMENT_BASED_MOVEMENT	False	False	False	True	False	True
GOBP_REGULATION_OF_ACTIN_FILAMENT_BASED_PROCESS	True	False	False	False	False	False
GOBP_REGULATION_OF_ACTIN_FILAMENT_BUNDLE_ASSEMBLY	False	False	False	False	False	False
GOBP_REGULATION_OF_ACTIN_FILAMENT_LENGTH	False	False	False	False	False	False
GOBP_REGULATION_OF_ACTIN_FILAMENT_ORGANIZATION	True	False	False	False	False	False
GOBP_REGULATION_OF_ACTIN_FILAMENT_POLYMERIZATION	False	False	False	True	False	True
GOBP_REGULATION_OF_ACTIN_NUCLEATION	False	False	False	True	False	True
GOBP_REGULATION_OF_ACTION_POTENTIAL	False	False	False	True	False	True
GOBP_REGULATION_OF_ACTIVATION_INDUCED_CELL_DEATH_OF_T_CELLS	False	False	True	True	True	True
GOBP_REGULATION_OF_ACTIVIN_RECEPTOR_SIGNALING_PATHWAY	False	False	True	True	True	True
GOBP_REGULATION_OF_ACTOMYOSIN_STRUCTURE_ORGANIZATION	False	False	False	False	False	False
GOBP_REGULATION_OF_ACUTE_INFLAMMATORY_RESPONSE	False	False	False	False	False	False
GOBP_REGULATION_OF_ACUTE_INFLAMMATORY_RESPONSE_TO_ANTIGENIC_STIMULUS	False	False	False	True	False	True
GOBP_REGULATION_OF_ACYL_COA_BIOSYNTHETIC_PROCESS	False	False	True	True	True	True
GOBP_REGULATION_OF_ADAPTIVE_IMMUNE_RESPONSE	False	False	False	False	False	False
GOBP_REGULATION_OF_ADENYLATE_CYCLASE_ACTIVATING_G_PROTEIN_COUPLED_RECEPTOR_SIGNALING_PATHWAY	False	False	False	True	False	True
GOBP_REGULATION_OF_ADENYLATE_CYCLASE_ACTIVITY	False	False	True	True	True	True
GOBP_REGULATION_OF_ADIPONECTIN_SECRETION	False	False	True	True	True	True
GOBP_REGULATION_OF_ADIPOSE_TISSUE_DEVELOPMENT	False	False	True	True	True	True
GOBP_REGULATION_OF_AEROBIC_RESPIRATION	False	False	False	True	False	True
GOBP_REGULATION_OF_ALCOHOL_BIOSYNTHETIC_PROCESS	False	False	False	True	False	True
GOBP_REGULATION_OF_ALDOSTERONE_METABOLIC_PROCESS	False	False	True	True	True	True
GOBP_REGULATION_OF_ALPHA_BETA_T_CELL_ACTIVATION	False	False	False	False	False	False
GOBP_REGULATION_OF_ALPHA_BETA_T_CELL_DIFFERENTIATION	False	False	False	False	False	False
GOBP_REGULATION_OF_ALTERNATIVE_MRNA_SPLICING_VIA_SPLICEOSOME	False	False	False	True	False	True
GOBP_REGULATION_OF_AMACRINE_CELL_DIFFERENTIATION	False	False	True	True	True	True
GOBP_REGULATION_OF_AMIDE_METABOLIC_PROCESS	False	False	False	True	False	False
GOBP_REGULATION_OF_AMINE_METABOLIC_PROCESS	False	False	False	True	False	True
GOBP_REGULATION_OF_AMINO_ACID_METABOLIC_PROCESS	False	False	True	True	True	True
GOBP_REGULATION_OF_AMINO_ACID_TRANSMEMBRANE_TRANSPORT	False	False	True	True	True	True
GOBP_REGULATION_OF_AMINO_ACID_TRANSPORT	False	False	False	True	False	True
GOBP_REGULATION_OF_AMPA_RECEPTOR_ACTIVITY	False	False	False	False	False	False
GOBP_REGULATION_OF_AMYLOID_BETA_CLEARANCE	False	False	False	False	False	False
GOBP_REGULATION_OF_AMYLOID_FIBRIL_FORMATION	False	False	False	False	False	False
GOBP_REGULATION_OF_AMYLOID_PRECURSOR_PROTEIN_CATABOLIC_PROCESS	False	False	False	True	False	False
GOBP_REGULATION_OF_ANAPHASE_PROMOTING_COMPLEX_DEPENDENT_CATABOLIC_PROCESS	False	False	True	True	True	True
GOBP_REGULATION_OF_ANATOMICAL_STRUCTURE_MORPHOGENESIS	False	False	False	False	False	False
GOBP_REGULATION_OF_ANATOMICAL_STRUCTURE_SIZE	True	False	False	False	False	False
GOBP_REGULATION_OF_ANDROGEN_RECEPTOR_SIGNALING_PATHWAY	False	False	True	True	True	True
GOBP_REGULATION_OF_ANGIOTENSIN_LEVELS_IN_BLOOD	False	False	False	True	False	True
GOBP_REGULATION_OF_ANIMAL_ORGAN_FORMATION	False	False	False	True	False	True
GOBP_REGULATION_OF_ANIMAL_ORGAN_MORPHOGENESIS	False	False	False	False	False	False
GOBP_REGULATION_OF_ANOIKIS	False	False	False	True	True	True
GOBP_REGULATION_OF_ANTIBACTERIAL_PEPTIDE_PRODUCTION	False	False	True	True	True	True
GOBP_REGULATION_OF_ANTIGEN_PROCESSING_AND_PRESENTATION	False	False	False	True	False	True
GOBP_REGULATION_OF_ANTIGEN_PROCESSING_AND_PRESENTATION_OF_PEPTIDE_ANTIGEN	False	False	True	True	True	True
GOBP_REGULATION_OF_ANTIGEN_PROCESSING_AND_PRESENTATION_OF_PEPTIDE_OR_POLYSACCHARIDE_ANTIGEN_VIA_MHC_CLASS_II	False	False	True	True	True	True
GOBP_REGULATION_OF_ANTIGEN_RECEPTOR_MEDIATED_SIGNALING_PATHWAY	False	False	False	True	False	True
GOBP_REGULATION_OF_ANTIMICROBIAL_HUMORAL_RESPONSE	False	False	True	True	True	True
GOBP_REGULATION_OF_APOPTOTIC_CELL_CLEARANCE	False	False	False	False	False	False
GOBP_REGULATION_OF_APOPTOTIC_PROCESS_INVOLVED_IN_DEVELOPMENT	False	False	True	True	True	True
GOBP_REGULATION_OF_APOPTOTIC_SIGNALING_PATHWAY	True	False	False	False	False	False
GOBP_REGULATION_OF_APPETITE	False	False	False	True	False	True
GOBP_REGULATION_OF_ARP2_3_COMPLEX_MEDIATED_ACTIN_NUCLEATION	False	False	False	True	False	True
GOBP_REGULATION_OF_ASTROCYTE_ACTIVATION	False	False	True	True	True	True
GOBP_REGULATION_OF_ASTROCYTE_DIFFERENTIATION	False	False	False	True	False	True
GOBP_REGULATION_OF_ATPASE_COUPLED_CALCIUM_TRANSMEMBRANE_TRANSPORTER_ACTIVITY	False	False	True	True	True	True
GOBP_REGULATION_OF_ATP_DEPENDENT_ACTIVITY	False	False	False	True	False	True
GOBP_REGULATION_OF_ATRIAL_CARDIAC_MUSCLE_CELL_MEMBRANE_DEPOLARIZATION	False	False	True	True	True	True
GOBP_REGULATION_OF_ATRIAL_CARDIAC_MUSCLE_CELL_MEMBRANE_REPOLARIZATION	False	False	True	True	True	True
GOBP_REGULATION_OF_ATTACHMENT_OF_MITOTIC_SPINDLE_MICROTUBULES_TO_KINETOCHORE	False	False	True	True	True	True
GOBP_REGULATION_OF_ATTACHMENT_OF_SPINDLE_MICROTUBULES_TO_KINETOCHORE	False	False	False	True	False	True
GOBP_REGULATION_OF_AUTOPHAGOSOME_ASSEMBLY	False	False	False	True	False	True
GOBP_REGULATION_OF_AUTOPHAGY	True	False	False	False	False	False
GOBP_REGULATION_OF_AUTOPHAGY_OF_MITOCHONDRION	False	False	False	True	False	True
GOBP_REGULATION_OF_AXONOGENESIS	False	False	False	True	False	True
GOBP_REGULATION_OF_AXON_DIAMETER	False	False	True	True	True	True
GOBP_REGULATION_OF_AXON_EXTENSION	False	False	False	True	False	True
GOBP_REGULATION_OF_AXON_EXTENSION_INVOLVED_IN_AXON_GUIDANCE	False	False	True	True	True	True
GOBP_REGULATION_OF_AXON_GUIDANCE	False	False	True	True	True	True
GOBP_REGULATION_OF_BASEMENT_MEMBRANE_ORGANIZATION	False	False	False	True	False	True
GOBP_REGULATION_OF_BEHAVIOR	False	False	False	True	False	True
GOBP_REGULATION_OF_BICELLULAR_TIGHT_JUNCTION_ASSEMBLY	False	False	False	True	False	True
GOBP_REGULATION_OF_BILE_ACID_BIOSYNTHETIC_PROCESS	False	False	False	False	False	False
GOBP_REGULATION_OF_BILE_ACID_METABOLIC_PROCESS	False	False	True	True	True	True
GOBP_REGULATION_OF_BILE_ACID_SECRETION	False	False	False	False	False	False
GOBP_REGULATION_OF_BINDING	False	False	False	False	False	False
GOBP_REGULATION_OF_BINDING_OF_SPERM_TO_ZONA_PELLUCIDA	False	False	True	True	True	True
GOBP_REGULATION_OF_BIOLOGICAL_PROCESS_INVOLVED_IN_SYMBIOTIC_INTERACTION	False	False	False	False	False	False
GOBP_REGULATION_OF_BIOMINERAL_TISSUE_DEVELOPMENT	False	False	False	True	False	True
GOBP_REGULATION_OF_BLOOD_BRAIN_BARRIER_PERMEABILITY	False	False	False	True	False	True
GOBP_REGULATION_OF_BLOOD_CIRCULATION	False	False	False	False	False	False
GOBP_REGULATION_OF_BLOOD_PRESSURE	False	False	False	False	False	False
GOBP_REGULATION_OF_BLOOD_VESSEL_REMODELING	False	False	False	True	False	True
GOBP_REGULATION_OF_BLOOD_VOLUME_BY_RENIN_ANGIOTENSIN	False	False	True	True	True	True
GOBP_REGULATION_OF_BMP_SIGNALING_PATHWAY	False	False	False	False	False	False
GOBP_REGULATION_OF_BODY_FLUID_LEVELS	False	False	False	False	False	False
GOBP_REGULATION_OF_BONE_DEVELOPMENT	False	False	True	True	True	True
GOBP_REGULATION_OF_BONE_MINERALIZATION	False	False	False	True	False	True
GOBP_REGULATION_OF_BONE_MINERALIZATION_INVOLVED_IN_BONE_MATURATION	False	False	True	True	True	True
GOBP_REGULATION_OF_BONE_REMODELING	False	False	False	False	False	True
GOBP_REGULATION_OF_BRANCHING_INVOLVED_IN_LUNG_MORPHOGENESIS	False	False	True	True	True	True
GOBP_REGULATION_OF_BRANCHING_INVOLVED_IN_MAMMARY_GLAND_DUCT_MORPHOGENESIS	False	False	False	True	False	True
GOBP_REGULATION_OF_BRANCHING_INVOLVED_IN_PROSTATE_GLAND_MORPHOGENESIS	False	False	True	True	True	True
GOBP_REGULATION_OF_BRANCHING_INVOLVED_IN_SALIVARY_GLAND_MORPHOGENESIS	False	False	True	True	True	True
GOBP_REGULATION_OF_BRANCHING_INVOLVED_IN_URETERIC_BUD_MORPHOGENESIS	False	False	False	False	False	False
GOBP_REGULATION_OF_BROWN_FAT_CELL_DIFFERENTIATION	False	False	False	True	False	True
GOBP_REGULATION_OF_B_CELL_ACTIVATION	False	False	False	False	False	False
GOBP_REGULATION_OF_B_CELL_APOPTOTIC_PROCESS	False	False	False	False	False	False
GOBP_REGULATION_OF_B_CELL_DIFFERENTIATION	False	False	False	False	False	False
GOBP_REGULATION_OF_B_CELL_MEDIATED_IMMUNITY	False	False	False	False	False	False
GOBP_REGULATION_OF_B_CELL_PROLIFERATION	False	False	False	False	False	False
GOBP_REGULATION_OF_B_CELL_RECEPTOR_SIGNALING_PATHWAY	False	False	False	True	False	True
GOBP_REGULATION_OF_CALCINEURIN_MEDIATED_SIGNALING	False	False	False	True	False	True
GOBP_REGULATION_OF_CALCIUM_IMPORT_INTO_THE_MITOCHONDRION	False	False	True	True	True	True
GOBP_REGULATION_OF_CALCIUM_ION_DEPENDENT_EXOCYTOSIS	False	False	True	True	True	True
GOBP_REGULATION_OF_CALCIUM_ION_DEPENDENT_EXOCYTOSIS_OF_NEUROTRANSMITTER	False	False	True	True	True	True
GOBP_REGULATION_OF_CALCIUM_ION_IMPORT	False	False	False	True	False	True
GOBP_REGULATION_OF_CALCIUM_ION_IMPORT_ACROSS_PLASMA_MEMBRANE	False	False	True	True	True	True
GOBP_REGULATION_OF_CALCIUM_ION_TRANSMEMBRANE_TRANSPORT	False	False	False	True	False	True
GOBP_REGULATION_OF_CALCIUM_ION_TRANSMEMBRANE_TRANSPORTER_ACTIVITY	False	False	True	True	True	True
GOBP_REGULATION_OF_CALCIUM_ION_TRANSPORT	False	False	False	False	False	False
GOBP_REGULATION_OF_CALCIUM_ION_TRANSPORT_INTO_CYTOSOL	False	False	False	True	False	True
GOBP_REGULATION_OF_CALCIUM_MEDIATED_SIGNALING	False	False	False	False	False	True
GOBP_REGULATION_OF_CAMKK_AMPK_SIGNALING_CASCADE	False	False	True	True	True	True
GOBP_REGULATION_OF_CAMP_PKA_SIGNAL_TRANSDUCTION	False	False	False	True	False	True
GOBP_REGULATION_OF_CANONICAL_WNT_SIGNALING_PATHWAY	True	False	False	False	False	False
GOBP_REGULATION_OF_CARBOHYDRATE_BIOSYNTHETIC_PROCESS	False	False	False	True	False	True
GOBP_REGULATION_OF_CARBOHYDRATE_CATABOLIC_PROCESS	False	False	False	False	False	False
GOBP_REGULATION_OF_CARBOHYDRATE_METABOLIC_PROCESS	False	False	False	False	False	False
GOBP_REGULATION_OF_CARDIAC_CONDUCTION	False	False	True	True	True	True
GOBP_REGULATION_OF_CARDIAC_EPITHELIAL_TO_MESENCHYMAL_TRANSITION	False	False	False	True	False	True
GOBP_REGULATION_OF_CARDIAC_MUSCLE_ADAPTATION	False	False	True	True	True	True
GOBP_REGULATION_OF_CARDIAC_MUSCLE_CELL_ACTION_POTENTIAL	False	False	False	True	False	True
GOBP_REGULATION_OF_CARDIAC_MUSCLE_CELL_ACTION_POTENTIAL_INVOLVED_IN_REGULATION_OF_CONTRACTION	False	False	True	True	True	True
GOBP_REGULATION_OF_CARDIAC_MUSCLE_CELL_DIFFERENTIATION	False	False	True	True	True	True
GOBP_REGULATION_OF_CARDIAC_MUSCLE_CELL_MEMBRANE_REPOLARIZATION	False	False	True	True	True	True
GOBP_REGULATION_OF_CARDIAC_MUSCLE_CELL_PROLIFERATION	False	False	False	True	False	True
GOBP_REGULATION_OF_CARDIAC_MUSCLE_CONTRACTION	False	False	False	True	False	True
GOBP_REGULATION_OF_CARDIAC_MUSCLE_CONTRACTION_BY_CALCIUM_ION_SIGNALING	False	False	False	True	False	True
GOBP_REGULATION_OF_CARDIAC_MUSCLE_CONTRACTION_BY_REGULATION_OF_THE_RELEASE_OF_SEQUESTERED_CALCIUM_ION	False	False	True	True	True	True
GOBP_REGULATION_OF_CARDIAC_MUSCLE_TISSUE_DEVELOPMENT	False	False	True	True	True	True
GOBP_REGULATION_OF_CARDIOBLAST_DIFFERENTIATION	False	False	False	False	False	False
GOBP_REGULATION_OF_CARDIOCYTE_DIFFERENTIATION	False	False	True	True	True	True
GOBP_REGULATION_OF_CARTILAGE_DEVELOPMENT	False	False	False	False	False	False
GOBP_REGULATION_OF_CATABOLIC_PROCESS	True	False	False	False	False	False
GOBP_REGULATION_OF_CATALYTIC_ACTIVITY	True	False	False	False	False	False
GOBP_REGULATION_OF_CATECHOLAMINE_METABOLIC_PROCESS	False	False	False	True	False	True
GOBP_REGULATION_OF_CATECHOLAMINE_SECRETION	False	False	True	True	True	True
GOBP_REGULATION_OF_CATION_CHANNEL_ACTIVITY	False	False	False	True	False	True
GOBP_REGULATION_OF_CD40_SIGNALING_PATHWAY	False	False	True	True	True	True
GOBP_REGULATION_OF_CD4_POSITIVE_ALPHA_BETA_T_CELL_ACTIVATION	False	False	False	False	False	False
GOBP_REGULATION_OF_CD4_POSITIVE_ALPHA_BETA_T_CELL_DIFFERENTIATION	False	False	False	False	False	True
GOBP_REGULATION_OF_CD4_POSITIVE_CD25_POSITIVE_ALPHA_BETA_REGULATORY_T_CELL_DIFFERENTIATION	False	False	True	True	True	True
GOBP_REGULATION_OF_CD8_POSITIVE_ALPHA_BETA_T_CELL_ACTIVATION	False	False	False	True	False	True
GOBP_REGULATION_OF_CD8_POSITIVE_ALPHA_BETA_T_CELL_DIFFERENTIATION	False	False	True	True	True	True
GOBP_REGULATION_OF_CDC42_PROTEIN_SIGNAL_TRANSDUCTION	False	False	False	True	False	True
GOBP_REGULATION_OF_CELLULAR_COMPONENT_BIOGENESIS	True	False	False	False	False	False
GOBP_REGULATION_OF_CELLULAR_COMPONENT_SIZE	True	False	False	False	False	False
GOBP_REGULATION_OF_CELLULAR_EXTRAVASATION	False	False	False	True	False	True
GOBP_REGULATION_OF_CELLULAR_LOCALIZATION	True	False	False	False	False	False
GOBP_REGULATION_OF_CELLULAR_RESPIRATION	False	False	False	True	False	True
GOBP_REGULATION_OF_CELLULAR_RESPONSE_TO_GROWTH_FACTOR_STIMULUS	False	False	False	False	False	False
GOBP_REGULATION_OF_CELLULAR_RESPONSE_TO_HEAT	False	False	True	True	True	True
GOBP_REGULATION_OF_CELLULAR_RESPONSE_TO_HYPOXIA	False	False	False	True	False	True
GOBP_REGULATION_OF_CELLULAR_RESPONSE_TO_INSULIN_STIMULUS	False	False	False	True	False	True
GOBP_REGULATION_OF_CELLULAR_RESPONSE_TO_OXIDATIVE_STRESS	False	False	False	True	False	True
GOBP_REGULATION_OF_CELLULAR_RESPONSE_TO_STRESS	True	False	False	False	False	False
GOBP_REGULATION_OF_CELLULAR_RESPONSE_TO_TRANSFORMING_GROWTH_FACTOR_BETA_STIMULUS	False	False	False	False	False	False
GOBP_REGULATION_OF_CELLULAR_RESPONSE_TO_VASCULAR_ENDOTHELIAL_GROWTH_FACTOR_STIMULUS	False	False	False	True	False	True
GOBP_REGULATION_OF_CELLULAR_SENESCENCE	False	False	False	True	False	True
GOBP_REGULATION_OF_CELL_ACTIVATION	True	False	False	False	False	False
GOBP_REGULATION_OF_CELL_ADHESION	True	True	False	False	False	False
GOBP_REGULATION_OF_CELL_ADHESION_MEDIATED_BY_INTEGRIN	False	False	False	True	False	True
GOBP_REGULATION_OF_CELL_CELL_ADHESION	True	False	False	False	False	False
GOBP_REGULATION_OF_CELL_CELL_ADHESION_MEDIATED_BY_CADHERIN	False	False	False	True	False	True
GOBP_REGULATION_OF_CELL_CELL_ADHESION_MEDIATED_BY_INTEGRIN	False	False	True	True	True	True
GOBP_REGULATION_OF_CELL_CHEMOTAXIS_TO_FIBROBLAST_GROWTH_FACTOR	False	False	True	True	True	True
GOBP_REGULATION_OF_CELL_COMMUNICATION_BY_ELECTRICAL_COUPLING	False	False	True	True	True	True
GOBP_REGULATION_OF_CELL_COMMUNICATION_BY_ELECTRICAL_COUPLING_INVOLVED_IN_CARDIAC_CONDUCTION	False	False	True	True	True	True
GOBP_REGULATION_OF_CELL_CYCLE	True	True	False	False	False	False
GOBP_REGULATION_OF_CELL_CYCLE_CHECKPOINT	False	False	False	True	False	True
GOBP_REGULATION_OF_CELL_CYCLE_G1_S_PHASE_TRANSITION	True	False	False	False	False	True
GOBP_REGULATION_OF_CELL_CYCLE_G2_M_PHASE_TRANSITION	True	False	False	False	False	True
GOBP_REGULATION_OF_CELL_CYCLE_PHASE_TRANSITION	True	False	False	False	False	False
GOBP_REGULATION_OF_CELL_CYCLE_PROCESS	True	False	False	False	False	False
GOBP_REGULATION_OF_CELL_DEVELOPMENT	True	False	False	False	False	False
GOBP_REGULATION_OF_CELL_DIFFERENTIATION	True	False	False	False	False	False
GOBP_REGULATION_OF_CELL_DIFFERENTIATION_INVOLVED_IN_EMBRYONIC_PLACENTA_DEVELOPMENT	False	False	True	True	True	True
GOBP_REGULATION_OF_CELL_DIVISION	False	False	False	True	False	False
GOBP_REGULATION_OF_CELL_FATE_COMMITMENT	False	False	False	True	False	True
GOBP_REGULATION_OF_CELL_FATE_SPECIFICATION	False	False	True	True	True	True
GOBP_REGULATION_OF_CELL_GROWTH	False	False	False	False	False	False
GOBP_REGULATION_OF_CELL_GROWTH_INVOLVED_IN_CARDIAC_MUSCLE_CELL_DEVELOPMENT	False	False	True	True	True	True
GOBP_REGULATION_OF_CELL_JUNCTION_ASSEMBLY	False	False	False	False	False	False
GOBP_REGULATION_OF_CELL_KILLING	False	False	False	False	False	False
GOBP_REGULATION_OF_CELL_MATRIX_ADHESION	False	False	False	False	False	False
GOBP_REGULATION_OF_CELL_MATURATION	False	False	True	True	True	True
GOBP_REGULATION_OF_CELL_MIGRATION_INVOLVED_IN_SPROUTING_ANGIOGENESIS	False	False	False	True	False	True
GOBP_REGULATION_OF_CELL_MORPHOGENESIS	False	False	False	False	False	False
GOBP_REGULATION_OF_CELL_POPULATION_PROLIFERATION	True	True	False	False	False	False
GOBP_REGULATION_OF_CELL_PROJECTION_ASSEMBLY	False	False	False	False	False	False
GOBP_REGULATION_OF_CELL_PROJECTION_ORGANIZATION	True	False	False	False	False	False
GOBP_REGULATION_OF_CELL_PROJECTION_SIZE	False	False	False	True	False	True
GOBP_REGULATION_OF_CELL_PROLIFERATION_INVOLVED_IN_KIDNEY_DEVELOPMENT	False	False	False	True	False	True
GOBP_REGULATION_OF_CELL_SHAPE	False	False	False	False	False	False
GOBP_REGULATION_OF_CELL_SIZE	False	False	False	False	False	False
GOBP_REGULATION_OF_CELL_SUBSTRATE_ADHESION	False	False	False	False	False	False
GOBP_REGULATION_OF_CELL_SUBSTRATE_JUNCTION_ORGANIZATION	False	False	False	False	False	False
GOBP_REGULATION_OF_CENTRIOLE_REPLICATION	False	False	True	True	True	True
GOBP_REGULATION_OF_CENTROMERIC_SISTER_CHROMATID_COHESION	False	False	True	True	True	True
GOBP_REGULATION_OF_CENTROSOME_CYCLE	False	False	False	True	False	True
GOBP_REGULATION_OF_CENTROSOME_DUPLICATION	False	False	False	True	False	True
GOBP_REGULATION_OF_CEREBELLAR_GRANULE_CELL_PRECURSOR_PROLIFERATION	False	False	True	True	True	True
GOBP_REGULATION_OF_CGMP_MEDIATED_SIGNALING	False	False	False	True	False	True
GOBP_REGULATION_OF_CHAPERONE_MEDIATED_AUTOPHAGY	False	False	True	True	True	True
GOBP_REGULATION_OF_CHEMOKINE_MEDIATED_SIGNALING_PATHWAY	False	False	True	True	True	True
GOBP_REGULATION_OF_CHEMOTAXIS	False	False	False	False	False	False
GOBP_REGULATION_OF_CHLORIDE_TRANSPORT	False	False	True	True	True	True
GOBP_REGULATION_OF_CHOLESTEROL_BIOSYNTHETIC_PROCESS	False	False	False	True	False	True
GOBP_REGULATION_OF_CHOLESTEROL_EFFLUX	False	False	False	True	False	True
GOBP_REGULATION_OF_CHOLESTEROL_METABOLIC_PROCESS	False	False	False	True	False	True
GOBP_REGULATION_OF_CHOLESTEROL_STORAGE	False	False	True	True	True	True
GOBP_REGULATION_OF_CHONDROCYTE_DEVELOPMENT	False	False	True	True	True	True
GOBP_REGULATION_OF_CHONDROCYTE_DIFFERENTIATION	False	False	False	False	False	False
GOBP_REGULATION_OF_CHROMATIN_ORGANIZATION	False	False	False	True	False	True
GOBP_REGULATION_OF_CHROMOSOME_CONDENSATION	False	False	True	True	True	True
GOBP_REGULATION_OF_CHROMOSOME_ORGANIZATION	True	False	False	False	False	False
GOBP_REGULATION_OF_CHROMOSOME_SEGREGATION	True	False	False	False	False	False
GOBP_REGULATION_OF_CHRONIC_INFLAMMATORY_RESPONSE	False	False	True	True	True	True
GOBP_REGULATION_OF_CILIUM_ASSEMBLY	False	False	False	True	False	True
GOBP_REGULATION_OF_CILIUM_BEAT_FREQUENCY	False	False	True	True	True	True
GOBP_REGULATION_OF_CILIUM_BEAT_FREQUENCY_INVOLVED_IN_CILIARY_MOTILITY	False	False	True	True	True	True
GOBP_REGULATION_OF_CILIUM_DEPENDENT_CELL_MOTILITY	False	False	True	True	True	True
GOBP_REGULATION_OF_CILIUM_MOVEMENT	False	False	True	True	True	True
GOBP_REGULATION_OF_CIRCADIAN_RHYTHM	False	False	False	False	False	False
GOBP_REGULATION_OF_CIRCADIAN_SLEEP_WAKE_CYCLE	False	False	False	False	False	False
GOBP_REGULATION_OF_CLATHRIN_DEPENDENT_ENDOCYTOSIS	False	False	False	True	False	True
GOBP_REGULATION_OF_COAGULATION	False	False	False	False	False	False
GOBP_REGULATION_OF_COLLAGEN_FIBRIL_ORGANIZATION	False	False	False	False	False	False
GOBP_REGULATION_OF_COLLAGEN_METABOLIC_PROCESS	False	False	False	False	False	False
GOBP_REGULATION_OF_COLLATERAL_SPROUTING	False	False	False	True	False	True
GOBP_REGULATION_OF_COMPLEMENT_ACTIVATION	False	False	False	False	False	False
GOBP_REGULATION_OF_COMPLEMENT_ACTIVATION_ALTERNATIVE_PATHWAY	False	False	True	True	True	True
GOBP_REGULATION_OF_COMPLEMENT_ACTIVATION_CLASSICAL_PATHWAY	False	False	False	True	False	True
GOBP_REGULATION_OF_COMPLEMENT_DEPENDENT_CYTOTOXICITY	False	False	True	True	True	True
GOBP_REGULATION_OF_CONNECTIVE_TISSUE_REPLACEMENT	False	False	True	True	True	True
GOBP_REGULATION_OF_COPII_VESICLE_COATING	False	False	True	True	True	True
GOBP_REGULATION_OF_CORTICOSTERONE_SECRETION	False	False	False	True	False	True
GOBP_REGULATION_OF_CORTICOTROPIN_SECRETION	False	False	False	False	False	False
GOBP_REGULATION_OF_CORTISOL_BIOSYNTHETIC_PROCESS	False	False	True	True	True	True
GOBP_REGULATION_OF_CYCLIN_DEPENDENT_PROTEIN_SERINE_THREONINE_KINASE_ACTIVITY	False	False	True	True	True	True
GOBP_REGULATION_OF_CYTOKINESIS	True	False	False	True	False	True
GOBP_REGULATION_OF_CYTOPLASMIC_PATTERN_RECOGNITION_RECEPTOR_SIGNALING_PATHWAY	True	False	False	True	False	True
GOBP_REGULATION_OF_CYTOPLASMIC_TRANSLATION	False	False	False	True	False	True
GOBP_REGULATION_OF_CYTOPLASMIC_TRANSLATIONAL_INITIATION	False	False	True	True	True	True
GOBP_REGULATION_OF_CYTOSKELETON_ORGANIZATION	True	False	False	False	False	False
GOBP_REGULATION_OF_CYTOSOLIC_CALCIUM_ION_CONCENTRATION	False	False	True	True	False	True
GOBP_REGULATION_OF_DEFENSE_RESPONSE	True	False	False	False	False	False
GOBP_REGULATION_OF_DEFENSE_RESPONSE_TO_BACTERIUM	False	False	False	True	False	True
GOBP_REGULATION_OF_DEFENSE_RESPONSE_TO_FUNGUS	False	False	True	True	True	True
GOBP_REGULATION_OF_DEFENSE_RESPONSE_TO_VIRUS	False	False	False	False	False	True
GOBP_REGULATION_OF_DEFENSE_RESPONSE_TO_VIRUS_BY_HOST	False	False	False	True	False	True
GOBP_REGULATION_OF_DENDRITE_DEVELOPMENT	False	False	False	True	False	True
GOBP_REGULATION_OF_DENDRITE_EXTENSION	False	False	True	True	True	True
GOBP_REGULATION_OF_DENDRITE_MORPHOGENESIS	False	False	False	True	False	True
GOBP_REGULATION_OF_DENDRITIC_CELL_ANTIGEN_PROCESSING_AND_PRESENTATION	False	False	False	False	False	False
GOBP_REGULATION_OF_DENDRITIC_CELL_CHEMOTAXIS	False	False	False	True	False	True
GOBP_REGULATION_OF_DENDRITIC_CELL_DIFFERENTIATION	False	False	False	True	False	True
GOBP_REGULATION_OF_DENDRITIC_SPINE_DEVELOPMENT	False	False	False	True	False	True
GOBP_REGULATION_OF_DENDRITIC_SPINE_MAINTENANCE	False	False	True	True	True	True
GOBP_REGULATION_OF_DENDRITIC_SPINE_MORPHOGENESIS	False	False	False	True	False	True
GOBP_REGULATION_OF_DEPHOSPHORYLATION	False	False	True	True	True	True
GOBP_REGULATION_OF_DEVELOPMENTAL_GROWTH	False	False	False	False	False	False
GOBP_REGULATION_OF_DEVELOPMENT_HETEROCHRONIC	False	False	True	True	True	True
GOBP_REGULATION_OF_DIGESTIVE_SYSTEM_PROCESS	False	False	False	True	False	True
GOBP_REGULATION_OF_DNA_BINDING	False	False	False	True	False	True
GOBP_REGULATION_OF_DNA_BINDING_TRANSCRIPTION_FACTOR_ACTIVITY	False	False	False	False	False	False
GOBP_REGULATION_OF_DNA_BIOSYNTHETIC_PROCESS	True	False	False	True	False	True
GOBP_REGULATION_OF_DNA_CATABOLIC_PROCESS	False	False	True	True	True	True
GOBP_REGULATION_OF_DNA_DAMAGE_CHECKPOINT	False	False	True	True	True	True
GOBP_REGULATION_OF_DNA_DAMAGE_RESPONSE_SIGNAL_TRANSDUCTION_BY_P53_CLASS_MEDIATOR	False	False	False	True	False	True
GOBP_REGULATION_OF_DNA_METABOLIC_PROCESS	True	False	False	False	False	False
GOBP_REGULATION_OF_DNA_RECOMBINATION	False	False	False	True	False	True
GOBP_REGULATION_OF_DNA_REPAIR	True	False	False	True	False	True
GOBP_REGULATION_OF_DNA_REPLICATION	True	False	False	True	False	True
GOBP_REGULATION_OF_DNA_STRAND_ELONGATION	False	False	True	True	True	True
GOBP_REGULATION_OF_DNA_TEMPLATED_DNA_REPLICATION	False	False	False	True	False	True
GOBP_REGULATION_OF_DNA_TEMPLATED_DNA_REPLICATION_INITIATION	False	False	False	True	False	True
GOBP_REGULATION_OF_DNA_TEMPLATED_TRANSCRIPTION_ELONGATION	False	False	False	True	True	True
GOBP_REGULATION_OF_DNA_TEMPLATED_TRANSCRIPTION_INITIATION	False	False	False	True	False	True
GOBP_REGULATION_OF_DOPAMINERGIC_NEURON_DIFFERENTIATION	False	False	True	True	False	True
GOBP_REGULATION_OF_DOPAMINE_RECEPTOR_SIGNALING_PATHWAY	False	False	False	True	False	True
GOBP_REGULATION_OF_DOPAMINE_SECRETION	False	False	True	True	True	True
GOBP_REGULATION_OF_DOUBLE_STRAND_BREAK_REPAIR	False	False	False	False	False	True
GOBP_REGULATION_OF_DOUBLE_STRAND_BREAK_REPAIR_VIA_HOMOLOGOUS_RECOMBINATION	False	False	False	True	False	True
GOBP_REGULATION_OF_DOUBLE_STRAND_BREAK_REPAIR_VIA_NONHOMOLOGOUS_END_JOINING	False	False	True	True	True	True
GOBP_REGULATION_OF_D_GLUCOSE_IMPORT	False	False	False	True	False	True
GOBP_REGULATION_OF_D_GLUCOSE_TRANSMEMBRANE_TRANSPORT	False	False	False	True	False	True
GOBP_REGULATION_OF_EARLY_ENDOSOME_TO_LATE_ENDOSOME_TRANSPORT	False	False	False	True	False	True
GOBP_REGULATION_OF_EATING_BEHAVIOR	False	False	True	True	True	True
GOBP_REGULATION_OF_EMBRYONIC_DEVELOPMENT	False	False	False	True	False	True
GOBP_REGULATION_OF_ENAMEL_MINERALIZATION	False	False	True	True	True	True
GOBP_REGULATION_OF_ENDOCRINE_PROCESS	False	False	False	True	False	True
GOBP_REGULATION_OF_ENDOCYTIC_RECYCLING	False	False	True	True	True	True
GOBP_REGULATION_OF_ENDOCYTOSIS	True	False	False	False	False	False
GOBP_REGULATION_OF_ENDODERMAL_CELL_DIFFERENTIATION	False	False	False	True	False	True
GOBP_REGULATION_OF_ENDOPEPTIDASE_ACTIVITY	False	False	False	True	False	True
GOBP_REGULATION_OF_ENDOPLASMIC_RETICULUM_STRESS_INDUCED_INTRINSIC_APOPTOTIC_SIGNALING_PATHWAY	False	False	False	True	False	True
GOBP_REGULATION_OF_ENDOPLASMIC_RETICULUM_UNFOLDED_PROTEIN_RESPONSE	False	False	False	True	False	True
GOBP_REGULATION_OF_ENDOSOME_ORGANIZATION	False	False	True	True	True	True
GOBP_REGULATION_OF_ENDOSOME_SIZE	False	False	True	True	True	True
GOBP_REGULATION_OF_ENDOTHELIAL_CELL_CHEMOTAXIS	False	False	False	True	False	True
GOBP_REGULATION_OF_ENDOTHELIAL_CELL_DEVELOPMENT	False	False	True	True	True	True
GOBP_REGULATION_OF_ENDOTHELIAL_CELL_DIFFERENTIATION	False	False	False	True	False	True
GOBP_REGULATION_OF_ENDOTHELIAL_CELL_MIGRATION	False	False	False	False	False	False
GOBP_REGULATION_OF_ENDOTHELIAL_TUBE_MORPHOGENESIS	False	False	True	True	True	True
GOBP_REGULATION_OF_ENTRY_OF_BACTERIUM_INTO_HOST_CELL	False	False	True	True	True	True
GOBP_REGULATION_OF_EOSINOPHIL_MIGRATION	False	False	True	True	True	True
GOBP_REGULATION_OF_EPIDERMIS_DEVELOPMENT	False	False	False	True	False	True
GOBP_REGULATION_OF_EPITHELIAL_CELL_APOPTOTIC_PROCESS	False	False	False	True	False	True
GOBP_REGULATION_OF_EPITHELIAL_CELL_DIFFERENTIATION	False	False	False	False	False	True
GOBP_REGULATION_OF_EPITHELIAL_CELL_DIFFERENTIATION_INVOLVED_IN_KIDNEY_DEVELOPMENT	False	False	False	False	False	False
GOBP_REGULATION_OF_EPITHELIAL_CELL_MIGRATION	False	False	False	True	False	True
GOBP_REGULATION_OF_EPITHELIAL_CELL_PROLIFERATION	True	False	False	False	False	False
GOBP_REGULATION_OF_EPITHELIAL_CELL_PROLIFERATION_INVOLVED_IN_LUNG_MORPHOGENESIS	False	False	True	True	True	True
GOBP_REGULATION_OF_EPITHELIAL_TO_MESENCHYMAL_TRANSITION	False	False	False	False	False	False
GOBP_REGULATION_OF_EPITHELIAL_TO_MESENCHYMAL_TRANSITION_INVOLVED_IN_ENDOCARDIAL_CUSHION_FORMATION	False	False	False	True	False	True
GOBP_REGULATION_OF_ERAD_PATHWAY	False	False	False	True	False	True
GOBP_REGULATION_OF_ERBB_SIGNALING_PATHWAY	False	False	False	True	False	True
GOBP_REGULATION_OF_ERYTHROCYTE_DIFFERENTIATION	False	False	False	False	False	True
GOBP_REGULATION_OF_ESTABLISHMENT_OF_PLANAR_POLARITY	False	False	True	True	True	True
GOBP_REGULATION_OF_ESTABLISHMENT_OF_PROTEIN_LOCALIZATION	True	False	False	False	False	False
GOBP_REGULATION_OF_ESTABLISHMENT_OF_PROTEIN_LOCALIZATION_TO_MITOCHONDRION	False	False	False	True	False	True
GOBP_REGULATION_OF_ESTABLISHMENT_OF_T_CELL_POLARITY	False	False	False	True	False	True
GOBP_REGULATION_OF_ESTABLISHMENT_OR_MAINTENANCE_OF_CELL_POLARITY	False	False	False	True	False	True
GOBP_REGULATION_OF_EXCITATORY_SYNAPSE_ASSEMBLY	False	False	True	True	True	True
GOBP_REGULATION_OF_EXCRETION	False	False	True	True	True	True
GOBP_REGULATION_OF_EXECUTION_PHASE_OF_APOPTOSIS	False	False	False	True	False	True
GOBP_REGULATION_OF_EXIT_FROM_MITOSIS	False	False	True	True	True	True
GOBP_REGULATION_OF_EXOCYTOSIS	False	False	False	False	False	False
GOBP_REGULATION_OF_EXOSOMAL_SECRETION	False	False	False	True	False	True
GOBP_REGULATION_OF_EXTENT_OF_CELL_GROWTH	False	False	False	True	False	True
GOBP_REGULATION_OF_EXTRACELLULAR_MATRIX_ASSEMBLY	False	False	True	True	True	True
GOBP_REGULATION_OF_EXTRACELLULAR_MATRIX_CONSTITUENT_SECRETION	False	False	True	True	True	True
GOBP_REGULATION_OF_EXTRACELLULAR_MATRIX_DISASSEMBLY	False	False	False	True	False	True
GOBP_REGULATION_OF_EXTRACELLULAR_MATRIX_ORGANIZATION	False	False	False	False	False	False
GOBP_REGULATION_OF_EXTRINSIC_APOPTOTIC_SIGNALING_PATHWAY	False	False	False	False	False	False
GOBP_REGULATION_OF_EXTRINSIC_APOPTOTIC_SIGNALING_PATHWAY_IN_ABSENCE_OF_LIGAND	False	False	False	True	False	True
GOBP_REGULATION_OF_EXTRINSIC_APOPTOTIC_SIGNALING_PATHWAY_VIA_DEATH_DOMAIN_RECEPTORS	False	False	False	False	False	False
GOBP_REGULATION_OF_FATTY_ACID_BETA_OXIDATION	False	False	True	True	True	True
GOBP_REGULATION_OF_FATTY_ACID_BIOSYNTHETIC_PROCESS	False	False	False	True	False	True
GOBP_REGULATION_OF_FATTY_ACID_METABOLIC_PROCESS	False	False	False	True	False	True
GOBP_REGULATION_OF_FATTY_ACID_OXIDATION	False	False	True	True	True	True
GOBP_REGULATION_OF_FATTY_ACID_TRANSPORT	False	False	False	True	False	True
GOBP_REGULATION_OF_FAT_CELL_DIFFERENTIATION	False	False	False	False	False	False
GOBP_REGULATION_OF_FAT_CELL_PROLIFERATION	False	False	True	True	True	True
GOBP_REGULATION_OF_FC_RECEPTOR_MEDIATED_STIMULATORY_SIGNALING_PATHWAY	False	False	True	True	True	True
GOBP_REGULATION_OF_FEAR_RESPONSE	False	False	True	True	True	True
GOBP_REGULATION_OF_FEEDING_BEHAVIOR	False	False	True	True	True	True
GOBP_REGULATION_OF_FEMALE_GONAD_DEVELOPMENT	False	False	True	True	True	True
GOBP_REGULATION_OF_FERTILIZATION	False	False	False	True	False	True
GOBP_REGULATION_OF_FEVER_GENERATION	False	False	False	True	True	True
GOBP_REGULATION_OF_FIBRINOLYSIS	False	False	False	True	False	True
GOBP_REGULATION_OF_FIBROBLAST_APOPTOTIC_PROCESS	False	False	False	False	False	False
GOBP_REGULATION_OF_FIBROBLAST_GROWTH_FACTOR_RECEPTOR_SIGNALING_PATHWAY	False	False	False	False	False	False
GOBP_REGULATION_OF_FIBROBLAST_MIGRATION	False	False	False	False	False	True
GOBP_REGULATION_OF_FIBROBLAST_PROLIFERATION	False	False	False	False	False	False
GOBP_REGULATION_OF_FILOPODIUM_ASSEMBLY	False	False	False	True	False	True
GOBP_REGULATION_OF_FLAGELLATED_SPERM_MOTILITY	False	False	True	True	True	True
GOBP_REGULATION_OF_G2_MI_TRANSITION_OF_MEIOTIC_CELL_CYCLE	False	False	True	True	True	True
GOBP_REGULATION_OF_GAMMA_AMINOBUTYRIC_ACID_SECRETION	False	False	False	False	False	False
GOBP_REGULATION_OF_GAMMA_DELTA_T_CELL_ACTIVATION	False	False	True	True	True	True
GOBP_REGULATION_OF_GAMMA_DELTA_T_CELL_DIFFERENTIATION	False	False	True	True	True	True
GOBP_REGULATION_OF_GAP_JUNCTION_ASSEMBLY	False	False	False	True	False	True
GOBP_REGULATION_OF_GASTRIC_ACID_SECRETION	False	False	True	True	True	True
GOBP_REGULATION_OF_GASTRULATION	False	False	True	True	True	True
GOBP_REGULATION_OF_GENERATION_OF_PRECURSOR_METABOLITES_AND_ENERGY	True	False	False	False	False	False
GOBP_REGULATION_OF_GENE_SILENCING_BY_REGULATORY_NCRNA	False	False	False	True	False	True
GOBP_REGULATION_OF_GERMINAL_CENTER_FORMATION	False	False	True	True	True	True
GOBP_REGULATION_OF_GERM_CELL_PROLIFERATION	False	False	True	True	True	True
GOBP_REGULATION_OF_GLIAL_CELL_APOPTOTIC_PROCESS	False	False	False	True	False	True
GOBP_REGULATION_OF_GLIAL_CELL_DIFFERENTIATION	False	False	False	True	False	True
GOBP_REGULATION_OF_GLIAL_CELL_MIGRATION	False	False	True	True	True	True
GOBP_REGULATION_OF_GLIAL_CELL_PROLIFERATION	False	False	False	True	False	True
GOBP_REGULATION_OF_GLIOGENESIS	False	False	False	True	False	True
GOBP_REGULATION_OF_GLOMERULAR_FILTRATION	False	False	True	True	True	True
GOBP_REGULATION_OF_GLOMERULUS_DEVELOPMENT	False	False	False	False	False	False
GOBP_REGULATION_OF_GLUCAGON_SECRETION	False	False	True	True	True	True
GOBP_REGULATION_OF_GLUCOCORTICOID_BIOSYNTHETIC_PROCESS	False	False	False	True	False	True
GOBP_REGULATION_OF_GLUCOCORTICOID_METABOLIC_PROCESS	False	False	False	True	False	True
GOBP_REGULATION_OF_GLUCONEOGENESIS	False	False	False	True	False	True
GOBP_REGULATION_OF_GLUCOSE_METABOLIC_PROCESS	False	False	False	True	False	True
GOBP_REGULATION_OF_GLUTAMATE_RECEPTOR_CLUSTERING	False	False	False	False	False	False
GOBP_REGULATION_OF_GLUTAMATE_RECEPTOR_SIGNALING_PATHWAY	False	False	True	True	True	True
GOBP_REGULATION_OF_GLUTAMATE_SECRETION	False	False	True	True	True	True
GOBP_REGULATION_OF_GLYCOGEN_BIOSYNTHETIC_PROCESS	False	False	True	True	True	True
GOBP_REGULATION_OF_GLYCOGEN_CATABOLIC_PROCESS	False	False	False	True	False	True
GOBP_REGULATION_OF_GLYCOGEN_METABOLIC_PROCESS	False	False	False	True	False	True
GOBP_REGULATION_OF_GLYCOLYTIC_PROCESS	False	False	False	True	False	True
GOBP_REGULATION_OF_GLYCOPROTEIN_METABOLIC_PROCESS	False	False	False	False	False	True
GOBP_REGULATION_OF_GOLGI_ORGANIZATION	False	False	True	True	True	True
GOBP_REGULATION_OF_GOLGI_TO_PLASMA_MEMBRANE_PROTEIN_TRANSPORT	False	False	False	True	False	True
GOBP_REGULATION_OF_GONADOTROPIN_SECRETION	False	False	False	True	False	True
GOBP_REGULATION_OF_GONAD_DEVELOPMENT	False	False	False	True	False	True
GOBP_REGULATION_OF_GRANULOCYTE_CHEMOTAXIS	False	False	False	True	False	True
GOBP_REGULATION_OF_GRANULOCYTE_DIFFERENTIATION	False	False	False	True	False	True
GOBP_REGULATION_OF_GROWTH	True	False	False	False	False	False
GOBP_REGULATION_OF_GROWTH_HORMONE_RECEPTOR_SIGNALING_PATHWAY	False	False	False	True	False	True
GOBP_REGULATION_OF_GTPASE_ACTIVITY	False	False	False	False	False	True
GOBP_REGULATION_OF_GUANYL_NUCLEOTIDE_EXCHANGE_FACTOR_ACTIVITY	False	False	True	True	True	True
GOBP_REGULATION_OF_G_PROTEIN_COUPLED_RECEPTOR_SIGNALING_PATHWAY	False	False	False	True	False	True
GOBP_REGULATION_OF_HAIR_CYCLE	False	False	False	True	False	True
GOBP_REGULATION_OF_HAIR_FOLLICLE_DEVELOPMENT	False	False	False	True	True	True
GOBP_REGULATION_OF_HEART_CONTRACTION	False	False	False	False	False	False
GOBP_REGULATION_OF_HEART_GROWTH	False	False	False	True	False	True
GOBP_REGULATION_OF_HEART_MORPHOGENESIS	False	False	True	True	True	True
GOBP_REGULATION_OF_HEART_RATE	False	False	False	True	False	True
GOBP_REGULATION_OF_HEART_RATE_BY_CARDIAC_CONDUCTION	False	False	False	True	False	True
GOBP_REGULATION_OF_HEAT_GENERATION	False	False	True	True	False	True
GOBP_REGULATION_OF_HEMATOPOIETIC_PROGENITOR_CELL_DIFFERENTIATION	False	False	False	True	False	True
GOBP_REGULATION_OF_HEMATOPOIETIC_STEM_CELL_DIFFERENTIATION	False	False	False	True	False	True
GOBP_REGULATION_OF_HEMATOPOIETIC_STEM_CELL_PROLIFERATION	False	False	True	True	True	True
GOBP_REGULATION_OF_HEMOGLOBIN_BIOSYNTHETIC_PROCESS	False	False	True	True	True	True
GOBP_REGULATION_OF_HEMOPOIESIS	True	False	False	False	False	False
GOBP_REGULATION_OF_HEPATIC_STELLATE_CELL_ACTIVATION	False	False	True	True	True	True
GOBP_REGULATION_OF_HEPATOCYTE_PROLIFERATION	False	False	False	True	False	True
GOBP_REGULATION_OF_HETEROCHROMATIN_FORMATION	False	False	True	True	True	True
GOBP_REGULATION_OF_HETEROTYPIC_CELL_CELL_ADHESION	False	False	False	True	False	True
GOBP_REGULATION_OF_HIPPOCAMPAL_NEURON_APOPTOTIC_PROCESS	False	False	False	False	False	False
GOBP_REGULATION_OF_HIPPO_SIGNALING	False	False	False	True	False	True
GOBP_REGULATION_OF_HOMOPHILIC_CELL_ADHESION	False	False	True	True	True	True
GOBP_REGULATION_OF_HOMOTYPIC_CELL_CELL_ADHESION	False	False	False	True	False	True
GOBP_REGULATION_OF_HORMONE_BIOSYNTHETIC_PROCESS	False	False	False	True	False	True
GOBP_REGULATION_OF_HORMONE_LEVELS	False	False	False	False	False	False
GOBP_REGULATION_OF_HORMONE_METABOLIC_PROCESS	False	False	False	True	False	True
GOBP_REGULATION_OF_HORMONE_SECRETION	False	False	False	False	False	False
GOBP_REGULATION_OF_HUMORAL_IMMUNE_RESPONSE	False	False	False	False	False	False
GOBP_REGULATION_OF_HUMORAL_IMMUNE_RESPONSE_MEDIATED_BY_CIRCULATING_IMMUNOGLOBULIN	False	False	False	True	False	True
GOBP_REGULATION_OF_HYALURONAN_BIOSYNTHETIC_PROCESS	False	False	False	True	False	True
GOBP_REGULATION_OF_HYDROGEN_PEROXIDE_MEDIATED_PROGRAMMED_CELL_DEATH	False	False	False	True	False	True
GOBP_REGULATION_OF_HYDROGEN_PEROXIDE_METABOLIC_PROCESS	False	False	False	True	False	True
GOBP_REGULATION_OF_HYDROLASE_ACTIVITY	True	False	False	False	False	False
GOBP_REGULATION_OF_HYPERSENSITIVITY	False	False	False	False	False	False
GOBP_REGULATION_OF_ICOSANOID_SECRETION	False	False	False	True	False	True
GOBP_REGULATION_OF_IMMUNE_EFFECTOR_PROCESS	False	False	False	False	False	False
GOBP_REGULATION_OF_IMMUNE_RESPONSE	True	True	False	False	False	False
GOBP_REGULATION_OF_IMMUNE_SYSTEM_PROCESS	True	True	False	False	False	False
GOBP_REGULATION_OF_IMMUNOGLOBULIN_PRODUCTION	False	False	False	True	False	True
GOBP_REGULATION_OF_INCLUSION_BODY_ASSEMBLY	False	False	False	True	False	True
GOBP_REGULATION_OF_INFLAMMASOME_MEDIATED_SIGNALING_PATHWAY	False	False	False	True	False	True
GOBP_REGULATION_OF_INFLAMMATORY_RESPONSE	True	False	False	False	False	False
GOBP_REGULATION_OF_INFLAMMATORY_RESPONSE_TO_ANTIGENIC_STIMULUS	False	False	False	False	False	False
GOBP_REGULATION_OF_INFLAMMATORY_RESPONSE_TO_WOUNDING	False	False	False	True	False	True
GOBP_REGULATION_OF_INNATE_IMMUNE_RESPONSE	True	False	False	False	False	False
GOBP_REGULATION_OF_INNER_EAR_AUDITORY_RECEPTOR_CELL_DIFFERENTIATION	False	False	True	True	True	True
GOBP_REGULATION_OF_INOSITOL_PHOSPHATE_BIOSYNTHETIC_PROCESS	False	False	True	True	True	True
GOBP_REGULATION_OF_INSULIN_LIKE_GROWTH_FACTOR_RECEPTOR_SIGNALING_PATHWAY	False	False	False	False	False	False
GOBP_REGULATION_OF_INSULIN_RECEPTOR_SIGNALING_PATHWAY	False	False	False	True	False	True
GOBP_REGULATION_OF_INSULIN_SECRETION	False	False	False	False	False	False
GOBP_REGULATION_OF_INTEGRIN_ACTIVATION	False	False	True	True	True	True
GOBP_REGULATION_OF_INTEGRIN_MEDIATED_SIGNALING_PATHWAY	False	False	False	True	False	True
GOBP_REGULATION_OF_INTERLEUKIN_1_MEDIATED_SIGNALING_PATHWAY	False	False	True	True	True	True
GOBP_REGULATION_OF_INTERLEUKIN_4_MEDIATED_SIGNALING_PATHWAY	False	False	True	True	True	True
GOBP_REGULATION_OF_INTESTINAL_ABSORPTION	False	False	True	True	True	True
GOBP_REGULATION_OF_INTESTINAL_CHOLESTEROL_ABSORPTION	False	False	True	True	True	True
GOBP_REGULATION_OF_INTESTINAL_LIPID_ABSORPTION	False	False	False	True	False	True
GOBP_REGULATION_OF_INTRACELLULAR_ESTROGEN_RECEPTOR_SIGNALING_PATHWAY	False	False	False	True	False	True
GOBP_REGULATION_OF_INTRACELLULAR_LIPID_TRANSPORT	False	False	False	True	False	True
GOBP_REGULATION_OF_INTRACELLULAR_MRNA_LOCALIZATION	False	False	False	True	False	True
GOBP_REGULATION_OF_INTRACELLULAR_PROTEIN_TRANSPORT	True	False	False	False	False	False
GOBP_REGULATION_OF_INTRACELLULAR_STEROID_HORMONE_RECEPTOR_SIGNALING_PATHWAY	False	False	False	True	False	True
GOBP_REGULATION_OF_INTRACELLULAR_TRANSPORT	True	False	False	False	False	False
GOBP_REGULATION_OF_INTRINSIC_APOPTOTIC_SIGNALING_PATHWAY	False	False	False	False	False	False
GOBP_REGULATION_OF_INTRINSIC_APOPTOTIC_SIGNALING_PATHWAY_BY_P53_CLASS_MEDIATOR	False	False	False	True	False	True
GOBP_REGULATION_OF_INTRINSIC_APOPTOTIC_SIGNALING_PATHWAY_IN_RESPONSE_TO_DNA_DAMAGE	False	False	False	True	False	True
GOBP_REGULATION_OF_INTRINSIC_APOPTOTIC_SIGNALING_PATHWAY_IN_RESPONSE_TO_DNA_DAMAGE_BY_P53_CLASS_MEDIATOR	False	False	False	False	False	False
GOBP_REGULATION_OF_INTRINSIC_APOPTOTIC_SIGNALING_PATHWAY_IN_RESPONSE_TO_HYDROGEN_PEROXIDE	False	False	True	True	True	True
GOBP_REGULATION_OF_IRE1_MEDIATED_UNFOLDED_PROTEIN_RESPONSE	False	False	False	True	False	True
GOBP_REGULATION_OF_IRON_ION_TRANSMEMBRANE_TRANSPORT	False	False	True	True	True	True
GOBP_REGULATION_OF_IRON_ION_TRANSPORT	False	False	True	True	True	True
GOBP_REGULATION_OF_ISOTYPE_SWITCHING	False	False	False	False	False	True
GOBP_REGULATION_OF_ISOTYPE_SWITCHING_TO_IGE_ISOTYPES	False	False	True	True	True	True
GOBP_REGULATION_OF_JNK_CASCADE	False	False	False	False	False	False
GOBP_REGULATION_OF_JUN_KINASE_ACTIVITY	False	False	True	True	True	True
GOBP_REGULATION_OF_KERATINOCYTE_DIFFERENTIATION	False	False	False	True	False	True
GOBP_REGULATION_OF_KERATINOCYTE_MIGRATION	False	False	False	True	False	True
GOBP_REGULATION_OF_KERATINOCYTE_PROLIFERATION	False	False	False	True	False	True
GOBP_REGULATION_OF_KETONE_BIOSYNTHETIC_PROCESS	False	False	False	True	False	True
GOBP_REGULATION_OF_KETONE_METABOLIC_PROCESS	False	False	False	False	False	False
GOBP_REGULATION_OF_KIDNEY_DEVELOPMENT	False	False	False	True	False	True
GOBP_REGULATION_OF_KIDNEY_SIZE	False	False	True	True	True	True
GOBP_REGULATION_OF_KILLING_OF_CELLS_OF_ANOTHER_ORGANISM	False	False	True	True	True	True
GOBP_REGULATION_OF_KINASE_ACTIVITY	False	False	False	False	False	False
GOBP_REGULATION_OF_LAMELLIPODIUM_ASSEMBLY	False	False	False	True	False	True
GOBP_REGULATION_OF_LAMELLIPODIUM_MORPHOGENESIS	False	False	False	True	False	True
GOBP_REGULATION_OF_LAMELLIPODIUM_ORGANIZATION	False	False	False	True	False	True
GOBP_REGULATION_OF_LENS_FIBER_CELL_DIFFERENTIATION	False	False	True	True	True	True
GOBP_REGULATION_OF_LEUKOCYTE_ADHESION_TO_ARTERIAL_ENDOTHELIAL_CELL	False	False	True	True	True	True
GOBP_REGULATION_OF_LEUKOCYTE_ADHESION_TO_VASCULAR_ENDOTHELIAL_CELL	False	False	False	True	False	True
GOBP_REGULATION_OF_LEUKOCYTE_APOPTOTIC_PROCESS	False	False	False	False	False	False
GOBP_REGULATION_OF_LEUKOCYTE_CHEMOTAXIS	False	False	False	False	False	False
GOBP_REGULATION_OF_LEUKOCYTE_DEGRANULATION	False	False	False	True	False	True
GOBP_REGULATION_OF_LEUKOCYTE_DIFFERENTIATION	True	False	False	False	False	False
GOBP_REGULATION_OF_LEUKOCYTE_MEDIATED_IMMUNITY	False	False	False	False	False	False
GOBP_REGULATION_OF_LEUKOCYTE_MIGRATION	True	False	False	False	False	False
GOBP_REGULATION_OF_LEUKOCYTE_PROLIFERATION	False	False	False	False	False	False
GOBP_REGULATION_OF_LEUKOCYTE_TETHERING_OR_ROLLING	False	False	True	True	True	True
GOBP_REGULATION_OF_LIPID_BIOSYNTHETIC_PROCESS	False	False	False	False	False	False
GOBP_REGULATION_OF_LIPID_CATABOLIC_PROCESS	False	False	False	True	False	True
GOBP_REGULATION_OF_LIPID_LOCALIZATION	False	False	False	False	False	False
GOBP_REGULATION_OF_LIPID_METABOLIC_PROCESS	True	False	False	False	False	False
GOBP_REGULATION_OF_LIPID_STORAGE	False	False	False	True	False	True
GOBP_REGULATION_OF_LIPID_TRANSPORT	False	False	False	False	False	False
GOBP_REGULATION_OF_LIPOPOLYSACCHARIDE_MEDIATED_SIGNALING_PATHWAY	False	False	False	True	False	True
GOBP_REGULATION_OF_LIPOPROTEIN_METABOLIC_PROCESS	False	False	False	True	False	True
GOBP_REGULATION_OF_LIPOPROTEIN_PARTICLE_CLEARANCE	False	False	False	True	False	True
GOBP_REGULATION_OF_LIPOPROTEIN_TRANSPORT	False	False	True	True	True	True
GOBP_REGULATION_OF_LOCOMOTION	True	False	False	False	False	False
GOBP_REGULATION_OF_LOCOMOTION_INVOLVED_IN_LOCOMOTORY_BEHAVIOR	False	False	False	True	False	True
GOBP_REGULATION_OF_LONG_TERM_NEURONAL_SYNAPTIC_PLASTICITY	False	False	False	True	False	True
GOBP_REGULATION_OF_LONG_TERM_SYNAPTIC_DEPRESSION	False	False	True	True	True	True
GOBP_REGULATION_OF_LONG_TERM_SYNAPTIC_POTENTIATION	False	False	False	True	False	True
GOBP_REGULATION_OF_LOW_DENSITY_LIPOPROTEIN_PARTICLE_CLEARANCE	False	False	True	True	True	True
GOBP_REGULATION_OF_LUTEINIZING_HORMONE_SECRETION	False	False	False	False	False	False
GOBP_REGULATION_OF_LYMPHANGIOGENESIS	False	False	True	True	True	True
GOBP_REGULATION_OF_LYMPHOCYTE_ACTIVATION	True	False	False	False	False	False
GOBP_REGULATION_OF_LYMPHOCYTE_APOPTOTIC_PROCESS	False	False	False	False	False	False
GOBP_REGULATION_OF_LYMPHOCYTE_CHEMOTAXIS	False	False	False	True	False	True
GOBP_REGULATION_OF_LYMPHOCYTE_DIFFERENTIATION	False	False	False	False	False	False
GOBP_REGULATION_OF_LYMPHOCYTE_MEDIATED_IMMUNITY	False	False	False	False	False	False
GOBP_REGULATION_OF_LYMPHOCYTE_MIGRATION	False	False	False	False	False	False
GOBP_REGULATION_OF_LYMPHOID_PROGENITOR_CELL_DIFFERENTIATION	False	False	True	True	True	True
GOBP_REGULATION_OF_LYSOSOMAL_LUMEN_PH	False	False	False	True	False	True
GOBP_REGULATION_OF_LYSOSOME_ORGANIZATION	False	False	False	True	False	True
GOBP_REGULATION_OF_LYSOSOME_SIZE	False	False	False	True	False	True
GOBP_REGULATION_OF_MACROAUTOPHAGY	False	False	False	True	False	True
GOBP_REGULATION_OF_MACROPHAGE_ACTIVATION	False	False	False	True	False	True
GOBP_REGULATION_OF_MACROPHAGE_APOPTOTIC_PROCESS	False	False	False	True	False	True
GOBP_REGULATION_OF_MACROPHAGE_CHEMOTAXIS	False	False	False	True	False	True
GOBP_REGULATION_OF_MACROPHAGE_DIFFERENTIATION	False	False	False	True	False	True
GOBP_REGULATION_OF_MACROPHAGE_FUSION	False	False	True	True	True	True
GOBP_REGULATION_OF_MACROPHAGE_MIGRATION	False	False	False	True	False	True
GOBP_REGULATION_OF_MACROPHAGE_PROLIFERATION	False	False	True	True	True	True
GOBP_REGULATION_OF_MALE_GONAD_DEVELOPMENT	False	False	False	True	False	True
GOBP_REGULATION_OF_MAMMARY_GLAND_EPITHELIAL_CELL_PROLIFERATION	False	False	False	True	False	True
GOBP_REGULATION_OF_MAP_KINASE_ACTIVITY	False	False	False	True	False	True
GOBP_REGULATION_OF_MAST_CELL_ACTIVATION	False	False	True	True	True	True
GOBP_REGULATION_OF_MAST_CELL_CHEMOTAXIS	False	False	True	True	True	True
GOBP_REGULATION_OF_MAST_CELL_DEGRANULATION	False	False	True	True	True	True
GOBP_REGULATION_OF_MATRIX_METALLOPEPTIDASE_SECRETION	False	False	True	True	True	True
GOBP_REGULATION_OF_MDA_5_SIGNALING_PATHWAY	False	False	True	True	True	True
GOBP_REGULATION_OF_MEGAKARYOCYTE_DIFFERENTIATION	False	False	False	True	False	True
GOBP_REGULATION_OF_MEIOSIS_I	False	False	True	True	True	True
GOBP_REGULATION_OF_MEIOTIC_CELL_CYCLE	False	False	False	True	False	True
GOBP_REGULATION_OF_MEIOTIC_CELL_CYCLE_PHASE_TRANSITION	False	False	True	True	True	True
GOBP_REGULATION_OF_MEIOTIC_NUCLEAR_DIVISION	False	False	False	True	True	True
GOBP_REGULATION_OF_MELANOCYTE_DIFFERENTIATION	False	False	True	True	True	True
GOBP_REGULATION_OF_MEMBRANE_DEPOLARIZATION	False	False	False	True	False	True
GOBP_REGULATION_OF_MEMBRANE_DEPOLARIZATION_DURING_ACTION_POTENTIAL	False	False	True	True	True	True
GOBP_REGULATION_OF_MEMBRANE_DEPOLARIZATION_DURING_CARDIAC_MUSCLE_CELL_ACTION_POTENTIAL	False	False	True	True	True	True
GOBP_REGULATION_OF_MEMBRANE_HYPERPOLARIZATION	False	False	False	False	False	False
GOBP_REGULATION_OF_MEMBRANE_INVAGINATION	False	False	True	True	True	True
GOBP_REGULATION_OF_MEMBRANE_LIPID_DISTRIBUTION	False	False	False	True	False	True
GOBP_REGULATION_OF_MEMBRANE_LIPID_METABOLIC_PROCESS	False	False	False	True	False	True
GOBP_REGULATION_OF_MEMBRANE_PERMEABILITY	False	False	False	False	False	False
GOBP_REGULATION_OF_MEMBRANE_POTENTIAL	False	False	False	False	False	False
GOBP_REGULATION_OF_MEMBRANE_PROTEIN_ECTODOMAIN_PROTEOLYSIS	False	False	False	True	False	True
GOBP_REGULATION_OF_MEMBRANE_REPOLARIZATION	False	False	False	True	False	True
GOBP_REGULATION_OF_MEMBRANE_REPOLARIZATION_DURING_ACTION_POTENTIAL	False	False	False	False	False	False
GOBP_REGULATION_OF_MEMBRANE_REPOLARIZATION_DURING_CARDIAC_MUSCLE_CELL_ACTION_POTENTIAL	False	False	False	False	False	False
GOBP_REGULATION_OF_MEMBRANE_TUBULATION	False	False	False	True	False	True
GOBP_REGULATION_OF_MESENCHYMAL_CELL_PROLIFERATION	False	False	False	True	False	True
GOBP_REGULATION_OF_MESENCHYMAL_TO_EPITHELIAL_TRANSITION_INVOLVED_IN_METANEPHROS_MORPHOGENESIS	False	False	False	True	False	True
GOBP_REGULATION_OF_MESODERMAL_CELL_DIFFERENTIATION	False	False	True	True	False	True
GOBP_REGULATION_OF_MESODERMAL_CELL_FATE_SPECIFICATION	False	False	True	True	True	True
GOBP_REGULATION_OF_MESODERM_DEVELOPMENT	False	False	True	True	True	True
GOBP_REGULATION_OF_MESONEPHROS_DEVELOPMENT	False	False	True	True	True	True
GOBP_REGULATION_OF_METANEPHROS_DEVELOPMENT	False	False	False	False	False	False
GOBP_REGULATION_OF_METAPHASE_PLATE_CONGRESSION	False	False	True	True	True	True
GOBP_REGULATION_OF_MICROGLIAL_CELL_ACTIVATION	False	False	True	True	True	True
GOBP_REGULATION_OF_MICROTUBULE_BASED_MOVEMENT	False	False	False	True	False	True
GOBP_REGULATION_OF_MICROTUBULE_BASED_PROCESS	True	False	False	False	False	False
GOBP_REGULATION_OF_MICROTUBULE_CYTOSKELETON_ORGANIZATION	False	False	False	True	False	True
GOBP_REGULATION_OF_MICROTUBULE_DEPOLYMERIZATION	False	False	True	True	True	True
GOBP_REGULATION_OF_MICROTUBULE_NUCLEATION	False	False	False	True	False	True
GOBP_REGULATION_OF_MICROTUBULE_POLYMERIZATION	False	False	False	True	False	True
GOBP_REGULATION_OF_MICROTUBULE_POLYMERIZATION_OR_DEPOLYMERIZATION	False	False	False	True	False	True
GOBP_REGULATION_OF_MICROVILLUS_ASSEMBLY	False	False	False	True	False	True
GOBP_REGULATION_OF_MICROVILLUS_LENGTH	False	False	False	True	False	True
GOBP_REGULATION_OF_MICROVILLUS_ORGANIZATION	False	False	False	True	False	True
GOBP_REGULATION_OF_MIRNA_CATABOLIC_PROCESS	False	False	True	True	True	True
GOBP_REGULATION_OF_MIRNA_METABOLIC_PROCESS	False	False	False	False	False	False
GOBP_REGULATION_OF_MITOCHONDRIAL_ATP_SYNTHESIS_COUPLED_ELECTRON_TRANSPORT	False	False	True	True	True	True
GOBP_REGULATION_OF_MITOCHONDRIAL_DEPOLARIZATION	False	False	False	True	False	True
GOBP_REGULATION_OF_MITOCHONDRIAL_FISSION	False	False	True	True	True	True
GOBP_REGULATION_OF_MITOCHONDRIAL_FUSION	False	False	True	True	True	True
GOBP_REGULATION_OF_MITOCHONDRIAL_GENE_EXPRESSION	False	False	True	True	True	True
GOBP_REGULATION_OF_MITOCHONDRIAL_MEMBRANE_PERMEABILITY	False	False	False	True	False	True
GOBP_REGULATION_OF_MITOCHONDRIAL_MEMBRANE_PERMEABILITY_INVOLVED_IN_APOPTOTIC_PROCESS	False	False	False	True	False	True
GOBP_REGULATION_OF_MITOCHONDRIAL_MEMBRANE_POTENTIAL	False	False	False	True	False	True
GOBP_REGULATION_OF_MITOCHONDRIAL_OUTER_MEMBRANE_PERMEABILIZATION_INVOLVED_IN_APOPTOTIC_SIGNALING_PATHWAY	False	False	False	True	False	True
GOBP_REGULATION_OF_MITOCHONDRIAL_TRANSLATION	False	False	True	True	True	True
GOBP_REGULATION_OF_MITOCHONDRION_ORGANIZATION	False	False	False	False	False	False
GOBP_REGULATION_OF_MITOTIC_CELL_CYCLE	True	False	False	False	False	False
GOBP_REGULATION_OF_MITOTIC_CELL_CYCLE_PHASE_TRANSITION	True	False	False	False	False	False
GOBP_REGULATION_OF_MITOTIC_CENTROSOME_SEPARATION	False	False	True	True	True	True
GOBP_REGULATION_OF_MITOTIC_CYTOKINESIS	False	False	True	True	True	True
GOBP_REGULATION_OF_MITOTIC_NUCLEAR_DIVISION	True	False	False	False	False	True
GOBP_REGULATION_OF_MITOTIC_RECOMBINATION	False	False	True	True	True	True
GOBP_REGULATION_OF_MITOTIC_SISTER_CHROMATID_SEGREGATION	True	False	False	False	False	True
GOBP_REGULATION_OF_MITOTIC_SPINDLE_ASSEMBLY	False	False	False	True	False	True
GOBP_REGULATION_OF_MODIFICATION_OF_POSTSYNAPTIC_ACTIN_CYTOSKELETON	False	False	True	True	True	True
GOBP_REGULATION_OF_MODIFICATION_OF_POSTSYNAPTIC_STRUCTURE	False	False	True	True	True	True
GOBP_REGULATION_OF_MODIFICATION_OF_SYNAPTIC_STRUCTURE	False	False	False	True	False	True
GOBP_REGULATION_OF_MOLECULAR_FUNCTION	True	False	False	False	False	False
GOBP_REGULATION_OF_MONOATOMIC_ANION_TRANSPORT	False	False	False	True	False	True
GOBP_REGULATION_OF_MONOATOMIC_ION_TRANSMEMBRANE_TRANSPORT	False	False	False	False	False	False
GOBP_REGULATION_OF_MONOATOMIC_ION_TRANSPORT	True	False	False	False	False	False
GOBP_REGULATION_OF_MONOCYTE_CHEMOTAXIS	False	False	False	True	False	True
GOBP_REGULATION_OF_MONOCYTE_DIFFERENTIATION	False	False	False	True	False	True
GOBP_REGULATION_OF_MONOCYTE_EXTRAVASATION	False	False	False	True	False	True
GOBP_REGULATION_OF_MONONUCLEAR_CELL_MIGRATION	False	False	False	False	False	False
GOBP_REGULATION_OF_MORPHOGENESIS_OF_AN_EPITHELIUM	False	False	False	False	False	False
GOBP_REGULATION_OF_MORPHOGENESIS_OF_A_BRANCHING_STRUCTURE	False	False	False	False	False	False
GOBP_REGULATION_OF_MOTOR_NEURON_APOPTOTIC_PROCESS	False	False	True	True	True	True
GOBP_REGULATION_OF_MRNA_3_END_PROCESSING	False	False	False	True	False	True
GOBP_REGULATION_OF_MRNA_CATABOLIC_PROCESS	True	False	False	False	False	False
GOBP_REGULATION_OF_MRNA_EXPORT_FROM_NUCLEUS	False	False	True	True	True	True
GOBP_REGULATION_OF_MRNA_METABOLIC_PROCESS	True	False	False	False	False	False
GOBP_REGULATION_OF_MRNA_PROCESSING	True	False	False	True	False	True
GOBP_REGULATION_OF_MRNA_SPLICING_VIA_SPLICEOSOME	False	False	False	True	False	True
GOBP_REGULATION_OF_MULTICELLULAR_ORGANISMAL_DEVELOPMENT	True	False	False	False	False	False
GOBP_REGULATION_OF_MULTICELLULAR_ORGANISM_GROWTH	False	False	False	True	False	True
GOBP_REGULATION_OF_MUSCLE_ADAPTATION	False	False	False	True	False	True
GOBP_REGULATION_OF_MUSCLE_CELL_DIFFERENTIATION	False	False	False	False	False	False
GOBP_REGULATION_OF_MUSCLE_CONTRACTION	False	False	False	False	False	False
GOBP_REGULATION_OF_MUSCLE_HYPERTROPHY	False	False	False	True	False	True
GOBP_REGULATION_OF_MUSCLE_ORGAN_DEVELOPMENT	False	False	False	True	False	True
GOBP_REGULATION_OF_MUSCLE_SYSTEM_PROCESS	False	False	False	True	False	True
GOBP_REGULATION_OF_MYD88_DEPENDENT_TOLL_LIKE_RECEPTOR_SIGNALING_PATHWAY	False	False	True	True	True	True
GOBP_REGULATION_OF_MYELINATION	False	False	False	True	False	True
GOBP_REGULATION_OF_MYELOID_CELL_APOPTOTIC_PROCESS	False	False	False	True	False	True
GOBP_REGULATION_OF_MYELOID_CELL_DIFFERENTIATION	False	False	False	False	False	False
GOBP_REGULATION_OF_MYELOID_LEUKOCYTE_DIFFERENTIATION	False	False	False	False	False	False
GOBP_REGULATION_OF_MYELOID_LEUKOCYTE_MEDIATED_IMMUNITY	False	False	False	True	False	True
GOBP_REGULATION_OF_MYOBLAST_DIFFERENTIATION	False	False	False	False	False	True
GOBP_REGULATION_OF_MYOBLAST_FUSION	False	False	False	True	False	True
GOBP_REGULATION_OF_MYOBLAST_PROLIFERATION	False	False	True	True	True	True
GOBP_REGULATION_OF_MYOTUBE_DIFFERENTIATION	False	False	False	True	False	True
GOBP_REGULATION_OF_NADP_METABOLIC_PROCESS	False	False	True	True	True	True
GOBP_REGULATION_OF_NATURAL_KILLER_CELL_ACTIVATION	False	False	False	True	False	True
GOBP_REGULATION_OF_NATURAL_KILLER_CELL_CHEMOTAXIS	False	False	True	True	True	True
GOBP_REGULATION_OF_NATURAL_KILLER_CELL_DIFFERENTIATION	False	False	False	True	False	True
GOBP_REGULATION_OF_NATURAL_KILLER_CELL_MEDIATED_IMMUNE_RESPONSE_TO_TUMOR_CELL	False	False	True	True	True	True
GOBP_REGULATION_OF_NATURAL_KILLER_CELL_MEDIATED_IMMUNITY	False	False	False	True	False	True
GOBP_REGULATION_OF_NATURAL_KILLER_CELL_PROLIFERATION	False	False	False	True	False	True
GOBP_REGULATION_OF_NERVOUS_SYSTEM_DEVELOPMENT	True	False	False	False	False	False
GOBP_REGULATION_OF_NERVOUS_SYSTEM_PROCESS	False	False	False	True	False	True
GOBP_REGULATION_OF_NEURAL_PRECURSOR_CELL_PROLIFERATION	False	False	False	False	False	False
GOBP_REGULATION_OF_NEUROBLAST_PROLIFERATION	False	False	False	True	False	True
GOBP_REGULATION_OF_NEUROFIBRILLARY_TANGLE_ASSEMBLY	False	False	False	True	False	True
GOBP_REGULATION_OF_NEUROGENESIS	False	False	False	False	False	False
GOBP_REGULATION_OF_NEUROINFLAMMATORY_RESPONSE	False	False	False	True	False	True
GOBP_REGULATION_OF_NEUROMUSCULAR_JUNCTION_DEVELOPMENT	False	False	True	True	True	True
GOBP_REGULATION_OF_NEURONAL_ACTION_POTENTIAL	False	False	True	True	True	True
GOBP_REGULATION_OF_NEURONAL_SYNAPTIC_PLASTICITY	False	False	False	True	False	True
GOBP_REGULATION_OF_NEURON_APOPTOTIC_PROCESS	True	False	False	False	False	False
GOBP_REGULATION_OF_NEURON_DIFFERENTIATION	False	False	False	True	False	True
GOBP_REGULATION_OF_NEURON_MIGRATION	False	False	False	True	False	True
GOBP_REGULATION_OF_NEURON_PROJECTION_ARBORIZATION	False	False	True	True	True	True
GOBP_REGULATION_OF_NEURON_PROJECTION_DEVELOPMENT	True	False	False	False	False	False
GOBP_REGULATION_OF_NEURON_PROJECTION_REGENERATION	False	False	False	True	False	True
GOBP_REGULATION_OF_NEUROTRANSMITTER_RECEPTOR_ACTIVITY	False	False	True	True	True	True
GOBP_REGULATION_OF_NEUROTRANSMITTER_RECEPTOR_LOCALIZATION_TO_POSTSYNAPTIC_SPECIALIZATION_MEMBRANE	False	False	False	True	False	True
GOBP_REGULATION_OF_NEUROTRANSMITTER_SECRETION	False	False	True	True	True	True
GOBP_REGULATION_OF_NEUROTRANSMITTER_TRANSPORT	False	False	False	True	False	True
GOBP_REGULATION_OF_NEUROTRANSMITTER_UPTAKE	False	False	True	True	True	True
GOBP_REGULATION_OF_NEUROTROPHIN_TRK_RECEPTOR_SIGNALING_PATHWAY	False	False	True	True	True	True
GOBP_REGULATION_OF_NEUTROPHIL_ACTIVATION	False	False	False	False	False	False
GOBP_REGULATION_OF_NEUTROPHIL_CHEMOTAXIS	False	False	False	True	False	True
GOBP_REGULATION_OF_NEUTROPHIL_DEGRANULATION	False	False	False	True	False	True
GOBP_REGULATION_OF_NEUTROPHIL_EXTRAVASATION	False	False	False	True	False	True
GOBP_REGULATION_OF_NEUTROPHIL_MEDIATED_CYTOTOXICITY	False	False	True	True	True	True
GOBP_REGULATION_OF_NEUTROPHIL_MIGRATION	False	False	False	True	False	True
GOBP_REGULATION_OF_NITRIC_OXIDE_MEDIATED_SIGNAL_TRANSDUCTION	False	False	False	True	False	True
GOBP_REGULATION_OF_NITRIC_OXIDE_METABOLIC_PROCESS	False	False	False	False	False	False
GOBP_REGULATION_OF_NITRIC_OXIDE_SYNTHASE_ACTIVITY	False	False	True	True	True	True
GOBP_REGULATION_OF_NK_T_CELL_ACTIVATION	False	False	False	True	False	True
GOBP_REGULATION_OF_NK_T_CELL_DIFFERENTIATION	False	False	True	True	True	True
GOBP_REGULATION_OF_NK_T_CELL_PROLIFERATION	False	False	True	True	True	True
GOBP_REGULATION_OF_NODAL_SIGNALING_PATHWAY	False	False	True	True	True	True
GOBP_REGULATION_OF_NON_CANONICAL_NF_KAPPAB_SIGNAL_TRANSDUCTION	False	False	False	False	False	True
GOBP_REGULATION_OF_NON_CANONICAL_WNT_SIGNALING_PATHWAY	False	False	True	True	True	True
GOBP_REGULATION_OF_NON_MOTILE_CILIUM_ASSEMBLY	False	False	False	True	False	True
GOBP_REGULATION_OF_NOTCH_SIGNALING_PATHWAY	False	False	False	True	False	True
GOBP_REGULATION_OF_NUCLEAR_CELL_CYCLE_DNA_REPLICATION	False	False	True	True	True	True
GOBP_REGULATION_OF_NUCLEAR_DIVISION	True	False	False	False	False	False
GOBP_REGULATION_OF_NUCLEAR_RECEPTOR_MEDIATED_GLUCOCORTICOID_SIGNALING_PATHWAY	False	False	True	True	True	True
GOBP_REGULATION_OF_NUCLEAR_TRANSCRIBED_MRNA_CATABOLIC_PROCESS_DEADENYLATION_DEPENDENT_DECAY	False	False	False	True	False	True
GOBP_REGULATION_OF_NUCLEAR_TRANSCRIBED_MRNA_CATABOLIC_PROCESS_NONSENSE_MEDIATED_DECAY	False	False	False	True	False	True
GOBP_REGULATION_OF_NUCLEAR_TRANSCRIBED_MRNA_POLY_A_TAIL_SHORTENING	False	False	False	True	False	True
GOBP_REGULATION_OF_NUCLEOBASE_CONTAINING_COMPOUND_TRANSPORT	False	False	False	True	True	True
GOBP_REGULATION_OF_NUCLEOCYTOPLASMIC_TRANSPORT	False	False	False	False	False	True
GOBP_REGULATION_OF_NUCLEOTIDE_BINDING_DOMAIN_LEUCINE_RICH_REPEAT_CONTAINING_RECEPTOR_SIGNALING_PATHWAY	False	False	False	True	False	True
GOBP_REGULATION_OF_NUCLEOTIDE_BINDING_OLIGOMERIZATION_DOMAIN_CONTAINING_2_SIGNALING_PATHWAY	False	False	True	True	True	True
GOBP_REGULATION_OF_NUCLEOTIDE_BIOSYNTHETIC_PROCESS	False	False	True	True	True	True
GOBP_REGULATION_OF_NUCLEOTIDE_EXCISION_REPAIR	False	False	False	True	False	True
GOBP_REGULATION_OF_NUCLEOTIDE_METABOLIC_PROCESS	False	False	False	False	False	False
GOBP_REGULATION_OF_ODONTOGENESIS	False	False	True	True	True	True
GOBP_REGULATION_OF_ODONTOGENESIS_OF_DENTIN_CONTAINING_TOOTH	False	False	False	True	True	True
GOBP_REGULATION_OF_OLIGODENDROCYTE_DIFFERENTIATION	False	False	False	True	False	True
GOBP_REGULATION_OF_OOCYTE_MATURATION	False	False	False	False	False	False
GOBP_REGULATION_OF_OPSIN_MEDIATED_SIGNALING_PATHWAY	False	False	True	True	True	True
GOBP_REGULATION_OF_OPSONIZATION	False	False	True	True	True	True
GOBP_REGULATION_OF_ORGANELLE_ASSEMBLY	True	False	False	False	False	False
GOBP_REGULATION_OF_ORGANELLE_ORGANIZATION	True	False	False	False	False	False
GOBP_REGULATION_OF_ORGANELLE_TRANSPORT_ALONG_MICROTUBULE	False	False	True	True	True	True
GOBP_REGULATION_OF_ORGANIC_ACID_TRANSPORT	False	False	False	False	False	False
GOBP_REGULATION_OF_ORGAN_GROWTH	False	False	False	True	False	True
GOBP_REGULATION_OF_OSSIFICATION	False	False	False	True	False	True
GOBP_REGULATION_OF_OSTEOBLAST_DIFFERENTIATION	False	False	False	False	False	False
GOBP_REGULATION_OF_OSTEOBLAST_PROLIFERATION	False	False	False	False	False	False
GOBP_REGULATION_OF_OSTEOCLAST_DEVELOPMENT	False	False	False	True	False	True
GOBP_REGULATION_OF_OSTEOCLAST_DIFFERENTIATION	False	False	False	True	False	True
GOBP_REGULATION_OF_OSTEOCLAST_PROLIFERATION	False	False	False	True	False	True
GOBP_REGULATION_OF_OVARIAN_FOLLICLE_DEVELOPMENT	False	False	True	True	True	True
GOBP_REGULATION_OF_OXIDATIVE_PHOSPHORYLATION	False	False	False	True	False	True
GOBP_REGULATION_OF_OXIDATIVE_STRESS_INDUCED_INTRINSIC_APOPTOTIC_SIGNALING_PATHWAY	False	False	False	False	False	False
GOBP_REGULATION_OF_OXIDOREDUCTASE_ACTIVITY	False	False	False	True	False	True
GOBP_REGULATION_OF_P38MAPK_CASCADE	False	False	False	True	False	True
GOBP_REGULATION_OF_PANCREATIC_JUICE_SECRETION	False	False	True	True	True	True
GOBP_REGULATION_OF_PATTERN_RECOGNITION_RECEPTOR_SIGNALING_PATHWAY	False	False	False	False	False	False
GOBP_REGULATION_OF_PENTOSE_PHOSPHATE_SHUNT	False	False	True	True	True	True
GOBP_REGULATION_OF_PEPTIDASE_ACTIVITY	False	False	False	True	False	True
GOBP_REGULATION_OF_PEPTIDE_TRANSPORT	False	False	False	False	False	False
GOBP_REGULATION_OF_PEPTIDYL_SERINE_PHOSPHORYLATION	False	False	False	True	False	True
GOBP_REGULATION_OF_PEPTIDYL_TYROSINE_PHOSPHORYLATION	False	False	False	True	False	True
GOBP_REGULATION_OF_PERK_MEDIATED_UNFOLDED_PROTEIN_RESPONSE	False	False	False	False	False	False
GOBP_REGULATION_OF_PEROXISOME_PROLIFERATOR_ACTIVATED_RECEPTOR_SIGNALING_PATHWAY	False	False	True	True	True	True
GOBP_REGULATION_OF_PH	False	False	False	True	False	True
GOBP_REGULATION_OF_PHAGOCYTOSIS	False	False	False	True	False	False
GOBP_REGULATION_OF_PHOSPHATASE_ACTIVITY	False	False	True	True	True	True
GOBP_REGULATION_OF_PHOSPHATE_TRANSPORT	False	False	False	True	False	True
GOBP_REGULATION_OF_PHOSPHATIDYLCHOLINE_METABOLIC_PROCESS	False	False	True	True	True	True
GOBP_REGULATION_OF_PHOSPHATIDYLINOSITOL_BIOSYNTHETIC_PROCESS	False	False	True	True	True	True
GOBP_REGULATION_OF_PHOSPHOLIPASE_C_ACTIVATING_G_PROTEIN_COUPLED_RECEPTOR_SIGNALING_PATHWAY	False	False	True	True	True	True
GOBP_REGULATION_OF_PHOSPHOLIPID_BIOSYNTHETIC_PROCESS	False	False	True	True	True	True
GOBP_REGULATION_OF_PHOSPHOLIPID_CATABOLIC_PROCESS	False	False	False	True	False	True
GOBP_REGULATION_OF_PHOSPHOLIPID_METABOLIC_PROCESS	False	False	False	True	False	True
GOBP_REGULATION_OF_PHOSPHOLIPID_TRANSLOCATION	False	False	True	True	True	True
GOBP_REGULATION_OF_PHOSPHORUS_METABOLIC_PROCESS	True	False	False	False	False	False
GOBP_REGULATION_OF_PHOSPHORYLATION	True	False	False	False	False	False
GOBP_REGULATION_OF_PHOTORECEPTOR_CELL_DIFFERENTIATION	False	False	True	True	True	True
GOBP_REGULATION_OF_PIGMENTATION	False	False	True	True	True	True
GOBP_REGULATION_OF_PIGMENT_CELL_DIFFERENTIATION	False	False	True	True	True	True
GOBP_REGULATION_OF_PINOCYTOSIS	False	False	True	True	True	True
GOBP_REGULATION_OF_PLASMA_CELL_DIFFERENTIATION	False	False	False	True	False	True
GOBP_REGULATION_OF_PLASMA_LIPOPROTEIN_PARTICLE_LEVELS	False	False	False	False	False	False
GOBP_REGULATION_OF_PLASMA_MEMBRANE_ORGANIZATION	False	False	False	False	False	False
GOBP_REGULATION_OF_PLASMA_MEMBRANE_REPAIR	False	False	False	True	False	True
GOBP_REGULATION_OF_PLASMINOGEN_ACTIVATION	False	False	False	False	False	False
GOBP_REGULATION_OF_PLATELET_ACTIVATION	False	False	False	False	False	False
GOBP_REGULATION_OF_PLATELET_AGGREGATION	False	False	False	True	False	True
GOBP_REGULATION_OF_PLATELET_DERIVED_GROWTH_FACTOR_RECEPTOR_SIGNALING_PATHWAY	False	False	False	True	False	True
GOBP_REGULATION_OF_PODOSOME_ASSEMBLY	False	False	False	True	False	True
GOBP_REGULATION_OF_POLYSACCHARIDE_BIOSYNTHETIC_PROCESS	False	False	True	True	True	True
GOBP_REGULATION_OF_POLYSACCHARIDE_METABOLIC_PROCESS	False	False	False	True	False	True
GOBP_REGULATION_OF_POSITIVE_CHEMOTAXIS	False	False	False	True	False	True
GOBP_REGULATION_OF_POSTSYNAPSE_ASSEMBLY	False	False	True	True	True	True
GOBP_REGULATION_OF_POSTSYNAPSE_ORGANIZATION	False	False	False	True	False	True
GOBP_REGULATION_OF_POSTSYNAPTIC_CYTOSOLIC_CALCIUM_ION_CONCENTRATION	False	False	True	True	True	True
GOBP_REGULATION_OF_POSTSYNAPTIC_DENSITY_ASSEMBLY	False	False	True	True	True	True
GOBP_REGULATION_OF_POSTSYNAPTIC_DENSITY_ORGANIZATION	False	False	True	True	True	True
GOBP_REGULATION_OF_POSTSYNAPTIC_MEMBRANE_NEUROTRANSMITTER_RECEPTOR_LEVELS	False	False	False	False	False	False
GOBP_REGULATION_OF_POSTSYNAPTIC_MEMBRANE_POTENTIAL	False	False	False	True	False	True
GOBP_REGULATION_OF_POSTSYNAPTIC_NEUROTRANSMITTER_RECEPTOR_INTERNALIZATION	False	False	True	True	True	True
GOBP_REGULATION_OF_POSTSYNAPTIC_SPECIALIZATION_ASSEMBLY	False	False	True	True	True	True
GOBP_REGULATION_OF_POST_TRANSLATIONAL_PROTEIN_MODIFICATION	True	False	False	False	False	False
GOBP_REGULATION_OF_POTASSIUM_ION_EXPORT_ACROSS_PLASMA_MEMBRANE	False	False	True	True	True	True
GOBP_REGULATION_OF_POTASSIUM_ION_IMPORT	False	False	False	True	False	True
GOBP_REGULATION_OF_POTASSIUM_ION_TRANSMEMBRANE_TRANSPORT	False	False	False	True	False	True
GOBP_REGULATION_OF_POTASSIUM_ION_TRANSMEMBRANE_TRANSPORTER_ACTIVITY	False	False	True	True	True	True
GOBP_REGULATION_OF_POTASSIUM_ION_TRANSPORT	False	False	False	True	False	True
GOBP_REGULATION_OF_PRESYNAPSE_ORGANIZATION	False	False	False	True	False	True
GOBP_REGULATION_OF_PRESYNAPTIC_CYTOSOLIC_CALCIUM_ION_CONCENTRATION	False	False	True	True	True	True
GOBP_REGULATION_OF_PRESYNAPTIC_MEMBRANE_POTENTIAL	False	False	True	True	True	True
GOBP_REGULATION_OF_PRIMARY_MIRNA_PROCESSING	False	False	True	True	True	True
GOBP_REGULATION_OF_PROGRAMMED_CELL_DEATH	True	True	False	False	False	False
GOBP_REGULATION_OF_PROGRAMMED_NECROTIC_CELL_DEATH	False	False	False	True	False	True
GOBP_REGULATION_OF_PROSTAGLANDIN_SECRETION	False	False	False	True	False	True
GOBP_REGULATION_OF_PROSTATIC_BUD_FORMATION	False	False	True	True	True	True
GOBP_REGULATION_OF_PROTEASOMAL_PROTEIN_CATABOLIC_PROCESS	False	False	False	False	False	False
GOBP_REGULATION_OF_PROTEASOMAL_UBIQUITIN_DEPENDENT_PROTEIN_CATABOLIC_PROCESS	True	False	False	False	False	False
GOBP_REGULATION_OF_PROTEIN_ACETYLATION	False	False	False	True	False	True
GOBP_REGULATION_OF_PROTEIN_AUTOPHOSPHORYLATION	False	False	False	True	False	True
GOBP_REGULATION_OF_PROTEIN_BINDING	False	False	False	True	False	True
GOBP_REGULATION_OF_PROTEIN_CATABOLIC_PROCESS	True	False	False	False	False	False
GOBP_REGULATION_OF_PROTEIN_CATABOLIC_PROCESS_IN_THE_VACUOLE	False	False	False	True	False	True
GOBP_REGULATION_OF_PROTEIN_COMPLEX_STABILITY	False	False	True	True	True	True
GOBP_REGULATION_OF_PROTEIN_CONTAINING_COMPLEX_ASSEMBLY	True	False	False	False	False	False
GOBP_REGULATION_OF_PROTEIN_CONTAINING_COMPLEX_DISASSEMBLY	False	False	False	True	False	True
GOBP_REGULATION_OF_PROTEIN_DEACETYLATION	False	False	False	True	False	True
GOBP_REGULATION_OF_PROTEIN_DEPOLYMERIZATION	False	False	False	True	False	True
GOBP_REGULATION_OF_PROTEIN_EXIT_FROM_ENDOPLASMIC_RETICULUM	False	False	False	True	False	True
GOBP_REGULATION_OF_PROTEIN_EXPORT_FROM_NUCLEUS	False	False	False	True	False	True
GOBP_REGULATION_OF_PROTEIN_FOLDING	False	False	False	True	False	True
GOBP_REGULATION_OF_PROTEIN_GLYCOSYLATION	False	False	True	True	True	True
GOBP_REGULATION_OF_PROTEIN_IMPORT_INTO_NUCLEUS	False	False	False	False	False	False
GOBP_REGULATION_OF_PROTEIN_KINASE_A_SIGNALING	False	False	False	False	False	False
GOBP_REGULATION_OF_PROTEIN_KINASE_C_SIGNALING	False	False	True	True	True	True
GOBP_REGULATION_OF_PROTEIN_LOCALIZATION_TO_CELL_CELL_JUNCTION	False	False	False	True	False	True
GOBP_REGULATION_OF_PROTEIN_LOCALIZATION_TO_CELL_CORTEX	False	False	False	True	False	True
GOBP_REGULATION_OF_PROTEIN_LOCALIZATION_TO_CELL_PERIPHERY	True	False	False	False	False	False
GOBP_REGULATION_OF_PROTEIN_LOCALIZATION_TO_CELL_SURFACE	False	False	False	True	False	True
GOBP_REGULATION_OF_PROTEIN_LOCALIZATION_TO_CENTROSOME	False	False	True	True	True	True
GOBP_REGULATION_OF_PROTEIN_LOCALIZATION_TO_CHROMATIN	False	False	False	True	True	True
GOBP_REGULATION_OF_PROTEIN_LOCALIZATION_TO_CILIUM	False	False	True	True	True	True
GOBP_REGULATION_OF_PROTEIN_LOCALIZATION_TO_ENDOSOME	False	False	False	True	False	True
GOBP_REGULATION_OF_PROTEIN_LOCALIZATION_TO_MEMBRANE	False	False	False	False	False	False
GOBP_REGULATION_OF_PROTEIN_LOCALIZATION_TO_NUCLEOLUS	False	False	False	True	False	True
GOBP_REGULATION_OF_PROTEIN_LOCALIZATION_TO_NUCLEUS	True	False	False	False	False	False
GOBP_REGULATION_OF_PROTEIN_LOCALIZATION_TO_PLASMA_MEMBRANE	False	False	False	False	False	False
GOBP_REGULATION_OF_PROTEIN_LOCALIZATION_TO_SYNAPSE	False	False	False	True	False	True
GOBP_REGULATION_OF_PROTEIN_MATURATION	False	False	False	False	False	False
GOBP_REGULATION_OF_PROTEIN_METABOLIC_PROCESS	True	False	False	False	False	False
GOBP_REGULATION_OF_PROTEIN_MODIFICATION_PROCESS	True	False	False	False	False	False
GOBP_REGULATION_OF_PROTEIN_NEDDYLATION	False	False	True	True	True	True
GOBP_REGULATION_OF_PROTEIN_OLIGOMERIZATION	False	False	False	True	False	True
GOBP_REGULATION_OF_PROTEIN_POLYMERIZATION	True	False	False	False	False	False
GOBP_REGULATION_OF_PROTEIN_POLYUBIQUITINATION	False	False	True	True	True	True
GOBP_REGULATION_OF_PROTEIN_SECRETION	False	False	False	False	False	False
GOBP_REGULATION_OF_PROTEIN_SERINE_THREONINE_KINASE_ACTIVITY	False	False	False	True	False	True
GOBP_REGULATION_OF_PROTEIN_STABILITY	True	False	False	False	False	False
GOBP_REGULATION_OF_PROTEIN_SUMOYLATION	False	False	False	False	False	False
GOBP_REGULATION_OF_PROTEIN_TARGETING	False	False	False	True	False	True
GOBP_REGULATION_OF_PROTEIN_TARGETING_TO_MEMBRANE	False	False	False	True	False	True
GOBP_REGULATION_OF_PROTEIN_TRANSPORT	True	False	False	False	False	False
GOBP_REGULATION_OF_PROTEIN_TYROSINE_KINASE_ACTIVITY	False	False	True	True	True	True
GOBP_REGULATION_OF_PROTEIN_UBIQUITINATION	True	False	False	False	False	False
GOBP_REGULATION_OF_PROTEOLYSIS	True	False	False	False	False	False
GOBP_REGULATION_OF_PROTEOLYSIS_INVOLVED_IN_PROTEIN_CATABOLIC_PROCESS	True	False	False	False	False	False
GOBP_REGULATION_OF_PROTON_TRANSPORT	False	False	True	True	True	True
GOBP_REGULATION_OF_RAC_PROTEIN_SIGNAL_TRANSDUCTION	False	False	False	True	False	True
GOBP_REGULATION_OF_RAS_PROTEIN_SIGNAL_TRANSDUCTION	False	False	False	True	False	True
GOBP_REGULATION_OF_REACTIVE_OXYGEN_SPECIES_BIOSYNTHETIC_PROCESS	False	False	True	True	True	True
GOBP_REGULATION_OF_REACTIVE_OXYGEN_SPECIES_METABOLIC_PROCESS	False	False	False	False	False	False
GOBP_REGULATION_OF_RECEPTOR_BINDING	False	False	False	False	False	False
GOBP_REGULATION_OF_RECEPTOR_CATABOLIC_PROCESS	False	False	False	False	False	False
GOBP_REGULATION_OF_RECEPTOR_CLUSTERING	False	False	True	True	False	True
GOBP_REGULATION_OF_RECEPTOR_INTERNALIZATION	False	False	False	True	False	True
GOBP_REGULATION_OF_RECEPTOR_LOCALIZATION_TO_SYNAPSE	False	False	True	True	True	True
GOBP_REGULATION_OF_RECEPTOR_MEDIATED_ENDOCYTOSIS	False	False	False	False	False	False
GOBP_REGULATION_OF_RECEPTOR_RECYCLING	False	False	False	True	False	True
GOBP_REGULATION_OF_RECEPTOR_SIGNALING_PATHWAY_VIA_JAK_STAT	False	False	False	True	False	True
GOBP_REGULATION_OF_RECEPTOR_SIGNALING_PATHWAY_VIA_STAT	False	False	False	False	False	True
GOBP_REGULATION_OF_REGULATED_SECRETORY_PATHWAY	False	False	False	True	False	True
GOBP_REGULATION_OF_REGULATORY_NCRNA_PROCESSING	False	False	True	True	True	True
GOBP_REGULATION_OF_RELAXATION_OF_CARDIAC_MUSCLE	False	False	True	True	True	True
GOBP_REGULATION_OF_RELAXATION_OF_MUSCLE	False	False	True	True	True	True
GOBP_REGULATION_OF_RELEASE_OF_CYTOCHROME_C_FROM_MITOCHONDRIA	False	False	False	True	False	True
GOBP_REGULATION_OF_RELEASE_OF_SEQUESTERED_CALCIUM_ION_INTO_CYTOSOL	False	False	False	True	False	True
GOBP_REGULATION_OF_RELEASE_OF_SEQUESTERED_CALCIUM_ION_INTO_CYTOSOL_BY_SARCOPLASMIC_RETICULUM	False	False	True	True	True	True
GOBP_REGULATION_OF_REMOVAL_OF_SUPEROXIDE_RADICALS	False	False	True	True	True	True
GOBP_REGULATION_OF_RENAL_SODIUM_EXCRETION	False	False	True	True	True	True
GOBP_REGULATION_OF_RENAL_SYSTEM_PROCESS	False	False	True	True	False	True
GOBP_REGULATION_OF_REPRODUCTIVE_PROCESS	False	False	False	True	False	True
GOBP_REGULATION_OF_RESPIRATORY_BURST	False	False	False	False	False	True
GOBP_REGULATION_OF_RESPIRATORY_BURST_INVOLVED_IN_INFLAMMATORY_RESPONSE	False	False	True	True	True	True
GOBP_REGULATION_OF_RESPIRATORY_GASEOUS_EXCHANGE	False	False	True	True	True	True
GOBP_REGULATION_OF_RESPIRATORY_GASEOUS_EXCHANGE_BY_NERVOUS_SYSTEM_PROCESS	False	False	True	True	True	True
GOBP_REGULATION_OF_RESPONSE_TO_BIOTIC_STIMULUS	True	False	False	False	False	False
GOBP_REGULATION_OF_RESPONSE_TO_CYTOKINE_STIMULUS	False	False	False	False	False	False
GOBP_REGULATION_OF_RESPONSE_TO_DRUG	False	False	True	True	True	True
GOBP_REGULATION_OF_RESPONSE_TO_ENDOPLASMIC_RETICULUM_STRESS	False	False	False	False	False	False
GOBP_REGULATION_OF_RESPONSE_TO_EXTERNAL_STIMULUS	True	False	False	False	False	False
GOBP_REGULATION_OF_RESPONSE_TO_FOOD	False	False	True	True	True	True
GOBP_REGULATION_OF_RESPONSE_TO_NUTRIENT_LEVELS	False	False	False	True	False	True
GOBP_REGULATION_OF_RESPONSE_TO_OSMOTIC_STRESS	False	False	True	True	True	True
GOBP_REGULATION_OF_RESPONSE_TO_OXIDATIVE_STRESS	False	False	False	True	False	True
GOBP_REGULATION_OF_RESPONSE_TO_REACTIVE_OXYGEN_SPECIES	False	False	True	True	True	True
GOBP_REGULATION_OF_RESPONSE_TO_STRESS	True	False	False	False	False	False
GOBP_REGULATION_OF_RESPONSE_TO_TUMOR_CELL	False	False	False	True	False	True
GOBP_REGULATION_OF_RESPONSE_TO_TYPE_II_INTERFERON	False	False	True	True	True	True
GOBP_REGULATION_OF_RESPONSE_TO_WOUNDING	False	False	False	False	False	False
GOBP_REGULATION_OF_RESTING_MEMBRANE_POTENTIAL	False	False	True	True	True	True
GOBP_REGULATION_OF_RETINOIC_ACID_RECEPTOR_SIGNALING_PATHWAY	False	False	False	True	False	True
GOBP_REGULATION_OF_RETROGRADE_PROTEIN_TRANSPORT_ER_TO_CYTOSOL	False	False	True	True	True	True
GOBP_REGULATION_OF_RETROGRADE_TRANSPORT_ENDOSOME_TO_GOLGI	False	False	True	True	True	True
GOBP_REGULATION_OF_RHO_PROTEIN_SIGNAL_TRANSDUCTION	False	False	False	False	False	False
GOBP_REGULATION_OF_RIBONUCLEASE_ACTIVITY	False	False	True	True	True	True
GOBP_REGULATION_OF_RIG_I_SIGNALING_PATHWAY	False	False	True	True	True	True
GOBP_REGULATION_OF_RNA_POLYMERASE_II_TRANSCRIPTION_PREINITIATION_COMPLEX_ASSEMBLY	False	False	False	True	False	True
GOBP_REGULATION_OF_RNA_SPLICING	True	False	False	False	False	False
GOBP_REGULATION_OF_RRNA_PROCESSING	False	False	True	True	True	True
GOBP_REGULATION_OF_RUFFLE_ASSEMBLY	False	False	False	True	False	True
GOBP_REGULATION_OF_SALIVA_SECRETION	False	False	True	True	True	True
GOBP_REGULATION_OF_SARCOMERE_ORGANIZATION	False	False	True	True	True	True
GOBP_REGULATION_OF_SA_NODE_CELL_ACTION_POTENTIAL	False	False	False	False	False	False
GOBP_REGULATION_OF_SECONDARY_HEART_FIELD_CARDIOBLAST_PROLIFERATION	False	False	False	False	False	False
GOBP_REGULATION_OF_SECONDARY_METABOLIC_PROCESS	False	False	True	True	True	True
GOBP_REGULATION_OF_SECRETION	True	False	False	False	False	False
GOBP_REGULATION_OF_SENSORY_PERCEPTION	False	False	True	True	True	True
GOBP_REGULATION_OF_SEROTONIN_SECRETION	False	False	False	False	False	False
GOBP_REGULATION_OF_SHORT_TERM_NEURONAL_SYNAPTIC_PLASTICITY	False	False	True	True	True	True
GOBP_REGULATION_OF_SIGNALING_RECEPTOR_ACTIVITY	False	False	False	True	False	True
GOBP_REGULATION_OF_SIGNAL_TRANSDUCTION_BY_P53_CLASS_MEDIATOR	False	False	False	False	False	True
GOBP_REGULATION_OF_SISTER_CHROMATID_COHESION	False	False	True	True	True	True
GOBP_REGULATION_OF_SISTER_CHROMATID_SEGREGATION	True	False	False	False	False	True
GOBP_REGULATION_OF_SKELETAL_MUSCLE_ACETYLCHOLINE_GATED_CHANNEL_CLUSTERING	False	False	True	True	True	True
GOBP_REGULATION_OF_SKELETAL_MUSCLE_ADAPTATION	False	False	True	True	True	True
GOBP_REGULATION_OF_SKELETAL_MUSCLE_CELL_DIFFERENTIATION	False	False	True	True	True	True
GOBP_REGULATION_OF_SKELETAL_MUSCLE_CELL_PROLIFERATION	False	False	True	True	True	True
GOBP_REGULATION_OF_SKELETAL_MUSCLE_CONTRACTION	False	False	True	True	True	True
GOBP_REGULATION_OF_SKELETAL_MUSCLE_CONTRACTION_BY_CALCIUM_ION_SIGNALING	False	False	True	True	True	True
GOBP_REGULATION_OF_SKELETAL_MUSCLE_CONTRACTION_BY_REGULATION_OF_RELEASE_OF_SEQUESTERED_CALCIUM_ION	False	False	False	True	True	True
GOBP_REGULATION_OF_SKELETAL_MUSCLE_FIBER_DEVELOPMENT	False	False	False	False	False	False
GOBP_REGULATION_OF_SKELETAL_MUSCLE_SATELLITE_CELL_PROLIFERATION	False	False	True	True	True	True
GOBP_REGULATION_OF_SKELETAL_MUSCLE_TISSUE_DEVELOPMENT	False	False	True	True	True	True
GOBP_REGULATION_OF_SKELETAL_MUSCLE_TISSUE_GROWTH	False	False	True	True	True	True
GOBP_REGULATION_OF_SKELETAL_MUSCLE_TISSUE_REGENERATION	False	False	True	True	True	True
GOBP_REGULATION_OF_SMAD_PROTEIN_SIGNAL_TRANSDUCTION	False	False	False	True	False	True
GOBP_REGULATION_OF_SMALL_GTPASE_MEDIATED_SIGNAL_TRANSDUCTION	False	False	False	False	False	False
GOBP_REGULATION_OF_SMALL_MOLECULE_METABOLIC_PROCESS	True	False	False	False	False	False
GOBP_REGULATION_OF_SMOOTHENED_SIGNALING_PATHWAY	False	False	False	True	False	True
GOBP_REGULATION_OF_SMOOTH_MUSCLE_CELL_CHEMOTAXIS	False	False	True	True	True	True
GOBP_REGULATION_OF_SMOOTH_MUSCLE_CELL_DIFFERENTIATION	False	False	False	True	False	True
GOBP_REGULATION_OF_SMOOTH_MUSCLE_CONTRACTION	False	False	False	True	False	True
GOBP_REGULATION_OF_SNARE_COMPLEX_ASSEMBLY	False	False	True	True	True	True
GOBP_REGULATION_OF_SODIUM_ION_EXPORT_ACROSS_PLASMA_MEMBRANE	False	False	False	True	False	True
GOBP_REGULATION_OF_SODIUM_ION_TRANSMEMBRANE_TRANSPORT	False	False	False	True	False	True
GOBP_REGULATION_OF_SODIUM_ION_TRANSMEMBRANE_TRANSPORTER_ACTIVITY	False	False	True	True	True	True
GOBP_REGULATION_OF_SODIUM_ION_TRANSPORT	False	False	False	False	False	False
GOBP_REGULATION_OF_SOMATIC_STEM_CELL_POPULATION_MAINTENANCE	False	False	True	True	True	True
GOBP_REGULATION_OF_SOMITOGENESIS	False	False	True	True	True	True
GOBP_REGULATION_OF_SPHINGOLIPID_BIOSYNTHETIC_PROCESS	False	False	False	True	False	True
GOBP_REGULATION_OF_SPINDLE_ASSEMBLY	False	False	False	True	False	True
GOBP_REGULATION_OF_SPINDLE_CHECKPOINT	False	False	False	True	False	True
GOBP_REGULATION_OF_SPINDLE_ORGANIZATION	False	False	False	True	False	True
GOBP_REGULATION_OF_SPROUTING_ANGIOGENESIS	False	False	False	False	False	False
GOBP_REGULATION_OF_SREBP_SIGNALING_PATHWAY	False	False	False	True	False	True
GOBP_REGULATION_OF_STEM_CELL_DIFFERENTIATION	False	False	False	False	False	True
GOBP_REGULATION_OF_STEM_CELL_DIVISION	False	False	False	True	False	True
GOBP_REGULATION_OF_STEM_CELL_POPULATION_MAINTENANCE	False	False	False	True	False	True
GOBP_REGULATION_OF_STEM_CELL_PROLIFERATION	False	False	False	True	False	True
GOBP_REGULATION_OF_STEROID_BIOSYNTHETIC_PROCESS	False	False	False	False	False	False
GOBP_REGULATION_OF_STEROID_HORMONE_BIOSYNTHETIC_PROCESS	False	False	True	True	True	True
GOBP_REGULATION_OF_STEROID_HORMONE_SECRETION	False	False	False	True	False	True
GOBP_REGULATION_OF_STEROID_METABOLIC_PROCESS	False	False	False	False	False	False
GOBP_REGULATION_OF_STEROL_TRANSPORT	False	False	False	True	False	True
GOBP_REGULATION_OF_STORE_OPERATED_CALCIUM_CHANNEL_ACTIVITY	False	False	True	True	True	True
GOBP_REGULATION_OF_STORE_OPERATED_CALCIUM_ENTRY	False	False	False	False	False	False
GOBP_REGULATION_OF_STRESS_ACTIVATED_PROTEIN_KINASE_SIGNALING_CASCADE	False	False	False	False	False	False
GOBP_REGULATION_OF_STRIATED_MUSCLE_CELL_DIFFERENTIATION	False	False	False	True	False	True
GOBP_REGULATION_OF_STRIATED_MUSCLE_CONTRACTION	False	False	False	True	False	True
GOBP_REGULATION_OF_SUBSTRATE_ADHESION_DEPENDENT_CELL_SPREADING	False	False	False	False	False	False
GOBP_REGULATION_OF_SULFUR_METABOLIC_PROCESS	False	False	True	True	True	True
GOBP_REGULATION_OF_SUPEROXIDE_ANION_GENERATION	False	False	False	True	False	True
GOBP_REGULATION_OF_SUPEROXIDE_METABOLIC_PROCESS	False	False	False	False	False	False
GOBP_REGULATION_OF_SUPRAMOLECULAR_FIBER_ORGANIZATION	True	False	False	False	False	False
GOBP_REGULATION_OF_SYNAPSE_ASSEMBLY	False	False	False	True	False	True
GOBP_REGULATION_OF_SYNAPSE_MATURATION	False	False	True	True	True	True
GOBP_REGULATION_OF_SYNAPSE_PRUNING	False	False	True	True	True	True
GOBP_REGULATION_OF_SYNAPSE_STRUCTURAL_PLASTICITY	False	False	True	True	True	True
GOBP_REGULATION_OF_SYNAPSE_STRUCTURE_OR_ACTIVITY	True	False	False	False	False	False
GOBP_REGULATION_OF_SYNAPTIC_ASSEMBLY_AT_NEUROMUSCULAR_JUNCTION	False	False	True	True	True	True
GOBP_REGULATION_OF_SYNAPTIC_PLASTICITY	False	False	False	False	False	True
GOBP_REGULATION_OF_SYNAPTIC_TRANSMISSION_CHOLINERGIC	False	False	True	True	True	True
GOBP_REGULATION_OF_SYNAPTIC_TRANSMISSION_DOPAMINERGIC	False	False	False	False	False	False
GOBP_REGULATION_OF_SYNAPTIC_TRANSMISSION_GABAERGIC	False	False	False	True	False	True
GOBP_REGULATION_OF_SYNAPTIC_TRANSMISSION_GLUTAMATERGIC	False	False	False	True	False	True
GOBP_REGULATION_OF_SYNAPTIC_VESICLE_CLUSTERING	False	False	True	True	True	True
GOBP_REGULATION_OF_SYNAPTIC_VESICLE_CYCLE	False	False	True	True	True	True
GOBP_REGULATION_OF_SYNAPTIC_VESICLE_ENDOCYTOSIS	False	False	False	True	False	True
GOBP_REGULATION_OF_SYNAPTIC_VESICLE_EXOCYTOSIS	False	False	True	True	True	True
GOBP_REGULATION_OF_SYNAPTIC_VESICLE_MEMBRANE_ORGANIZATION	False	False	True	True	True	True
GOBP_REGULATION_OF_SYNAPTIC_VESICLE_PRIMING	False	False	True	True	True	True
GOBP_REGULATION_OF_SYNAPTIC_VESICLE_RECYCLING	False	False	True	True	True	True
GOBP_REGULATION_OF_SYNAPTIC_VESICLE_TRANSPORT	False	False	True	True	True	True
GOBP_REGULATION_OF_SYNCYTIUM_FORMATION_BY_PLASMA_MEMBRANE_FUSION	False	False	False	True	False	True
GOBP_REGULATION_OF_SYSTEMIC_ARTERIAL_BLOOD_PRESSURE	False	False	False	False	False	False
GOBP_REGULATION_OF_SYSTEMIC_ARTERIAL_BLOOD_PRESSURE_BY_CIRCULATORY_RENIN_ANGIOTENSIN	False	False	False	True	False	True
GOBP_REGULATION_OF_SYSTEMIC_ARTERIAL_BLOOD_PRESSURE_BY_ENDOTHELIN	False	False	True	True	True	True
GOBP_REGULATION_OF_SYSTEMIC_ARTERIAL_BLOOD_PRESSURE_BY_RENIN_ANGIOTENSIN	False	False	False	True	False	True
GOBP_REGULATION_OF_SYSTEMIC_ARTERIAL_BLOOD_PRESSURE_BY_VASOPRESSIN	False	False	True	True	True	True
GOBP_REGULATION_OF_SYSTEMIC_ARTERIAL_BLOOD_PRESSURE_MEDIATED_BY_A_CHEMICAL_SIGNAL	False	False	False	True	False	True
GOBP_REGULATION_OF_SYSTEM_PROCESS	True	False	False	False	False	False
GOBP_REGULATION_OF_TELOMERE_CAPPING	False	False	False	True	False	True
GOBP_REGULATION_OF_TELOMERE_MAINTENANCE	True	False	False	True	False	True
GOBP_REGULATION_OF_TELOMERE_MAINTENANCE_IN_RESPONSE_TO_DNA_DAMAGE	False	False	True	True	True	True
GOBP_REGULATION_OF_TELOMERE_MAINTENANCE_VIA_TELOMERASE	True	False	False	True	False	True
GOBP_REGULATION_OF_TELOMERE_MAINTENANCE_VIA_TELOMERE_LENGTHENING	True	False	False	True	False	True
GOBP_REGULATION_OF_TESTOSTERONE_BIOSYNTHETIC_PROCESS	False	False	False	False	False	False
GOBP_REGULATION_OF_THE_FORCE_OF_HEART_CONTRACTION	False	False	True	True	True	True
GOBP_REGULATION_OF_THE_FORCE_OF_HEART_CONTRACTION_BY_CHEMICAL_SIGNAL	False	False	True	True	True	True
GOBP_REGULATION_OF_THYMOCYTE_APOPTOTIC_PROCESS	False	False	False	True	False	True
GOBP_REGULATION_OF_THYROID_HORMONE_GENERATION	False	False	False	False	False	False
GOBP_REGULATION_OF_TIGHT_JUNCTION_DISASSEMBLY	False	False	True	True	True	True
GOBP_REGULATION_OF_TISSUE_REMODELING	False	False	False	True	False	True
GOBP_REGULATION_OF_TOLERANCE_INDUCTION	False	False	False	True	False	True
GOBP_REGULATION_OF_TOLL_LIKE_RECEPTOR_2_SIGNALING_PATHWAY	False	False	False	True	False	True
GOBP_REGULATION_OF_TOLL_LIKE_RECEPTOR_3_SIGNALING_PATHWAY	False	False	True	True	True	True
GOBP_REGULATION_OF_TOLL_LIKE_RECEPTOR_4_SIGNALING_PATHWAY	False	False	False	True	False	True
GOBP_REGULATION_OF_TOLL_LIKE_RECEPTOR_7_SIGNALING_PATHWAY	False	False	False	False	False	False
GOBP_REGULATION_OF_TOLL_LIKE_RECEPTOR_9_SIGNALING_PATHWAY	False	False	True	True	True	True
GOBP_REGULATION_OF_TOLL_LIKE_RECEPTOR_SIGNALING_PATHWAY	False	False	False	False	False	False
GOBP_REGULATION_OF_TOOTH_MINERALIZATION	False	False	True	True	True	True
GOBP_REGULATION_OF_TORC2_SIGNALING	False	False	True	True	True	True
GOBP_REGULATION_OF_TRANSCRIPTION_BY_RNA_POLYMERASE_I	False	False	False	True	False	True
GOBP_REGULATION_OF_TRANSCRIPTION_BY_RNA_POLYMERASE_III	False	False	True	True	True	True
GOBP_REGULATION_OF_TRANSCRIPTION_OF_NUCLEOLAR_LARGE_RRNA_BY_RNA_POLYMERASE_I	False	False	True	True	True	True
GOBP_REGULATION_OF_TRANSCRIPTION_REGULATORY_REGION_DNA_BINDING	False	False	True	True	True	True
GOBP_REGULATION_OF_TRANSFERASE_ACTIVITY	True	False	False	False	False	False
GOBP_REGULATION_OF_TRANSLATION	True	False	False	False	False	False
GOBP_REGULATION_OF_TRANSLATIONAL_INITIATION	True	False	False	False	False	False
GOBP_REGULATION_OF_TRANSLATIONAL_INITIATION_IN_RESPONSE_TO_STRESS	False	False	True	True	True	True
GOBP_REGULATION_OF_TRANSLATION_AT_SYNAPSE	False	False	True	True	True	True
GOBP_REGULATION_OF_TRANSLATION_IN_RESPONSE_TO_ENDOPLASMIC_RETICULUM_STRESS	False	False	True	True	True	True
GOBP_REGULATION_OF_TRANSLATION_IN_RESPONSE_TO_STRESS	False	False	True	True	True	True
GOBP_REGULATION_OF_TRANSMEMBRANE_RECEPTOR_PROTEIN_SERINE_THREONINE_KINASE_SIGNALING_PATHWAY	True	False	False	False	False	False
GOBP_REGULATION_OF_TRANSMEMBRANE_TRANSPORT	True	False	False	False	False	False
GOBP_REGULATION_OF_TRANSMISSION_OF_NERVE_IMPULSE	False	False	True	True	True	True
GOBP_REGULATION_OF_TRANSPORT	True	False	False	False	False	False
GOBP_REGULATION_OF_TRANSPORTER_ACTIVITY	False	False	False	True	False	True
GOBP_REGULATION_OF_TRANS_SYNAPTIC_SIGNALING	True	False	False	False	False	False
GOBP_REGULATION_OF_TRIGLYCERIDE_BIOSYNTHETIC_PROCESS	False	False	True	True	True	True
GOBP_REGULATION_OF_TRIGLYCERIDE_CATABOLIC_PROCESS	False	False	True	True	True	True
GOBP_REGULATION_OF_TRIGLYCERIDE_METABOLIC_PROCESS	False	False	False	True	False	True
GOBP_REGULATION_OF_TROPHOBLAST_CELL_MIGRATION	False	False	False	True	False	True
GOBP_REGULATION_OF_TUBE_SIZE	False	False	False	False	False	False
GOBP_REGULATION_OF_TUBULIN_DEACETYLATION	False	False	True	True	True	True
GOBP_REGULATION_OF_TUMOR_NECROSIS_FACTOR_MEDIATED_SIGNALING_PATHWAY	False	False	False	False	False	False
GOBP_REGULATION_OF_TYPE_2_IMMUNE_RESPONSE	False	False	False	False	False	False
GOBP_REGULATION_OF_TYPE_B_PANCREATIC_CELL_PROLIFERATION	False	False	False	True	False	True
GOBP_REGULATION_OF_TYPE_II_HYPERSENSITIVITY	False	False	False	True	False	True
GOBP_REGULATION_OF_TYPE_I_INTERFERON_MEDIATED_SIGNALING_PATHWAY	False	False	False	True	False	True
GOBP_REGULATION_OF_TYROSINE_PHOSPHORYLATION_OF_STAT_PROTEIN	False	False	False	True	True	True
GOBP_REGULATION_OF_T_CELL_ACTIVATION	True	False	False	False	False	False
GOBP_REGULATION_OF_T_CELL_ACTIVATION_VIA_T_CELL_RECEPTOR_CONTACT_WITH_ANTIGEN_BOUND_TO_MHC_MOLECULE_ON_ANTIGEN_PRESENTING_CELL	False	False	False	False	False	False
GOBP_REGULATION_OF_T_CELL_APOPTOTIC_PROCESS	False	False	False	True	False	True
GOBP_REGULATION_OF_T_CELL_CHEMOTAXIS	False	False	False	True	True	True
GOBP_REGULATION_OF_T_CELL_DIFFERENTIATION_IN_THYMUS	False	False	True	True	True	True
GOBP_REGULATION_OF_T_CELL_MEDIATED_CYTOTOXICITY	False	False	False	False	False	False
GOBP_REGULATION_OF_T_CELL_MEDIATED_IMMUNITY	False	False	False	False	False	False
GOBP_REGULATION_OF_T_CELL_MIGRATION	False	False	False	True	False	True
GOBP_REGULATION_OF_T_CELL_RECEPTOR_SIGNALING_PATHWAY	False	False	False	False	False	False
GOBP_REGULATION_OF_T_HELPER_17_CELL_DIFFERENTIATION	False	False	False	True	False	True
GOBP_REGULATION_OF_T_HELPER_17_CELL_LINEAGE_COMMITMENT	False	False	True	True	True	True
GOBP_REGULATION_OF_T_HELPER_17_TYPE_IMMUNE_RESPONSE	False	False	False	True	False	True
GOBP_REGULATION_OF_T_HELPER_1_CELL_DIFFERENTIATION	False	False	False	True	False	True
GOBP_REGULATION_OF_T_HELPER_1_TYPE_IMMUNE_RESPONSE	False	False	False	False	False	True
GOBP_REGULATION_OF_T_HELPER_2_CELL_DIFFERENTIATION	False	False	False	True	False	True
GOBP_REGULATION_OF_T_HELPER_CELL_DIFFERENTIATION	False	False	False	False	False	False
GOBP_REGULATION_OF_UBIQUITIN_DEPENDENT_PROTEIN_CATABOLIC_PROCESS	True	False	False	False	False	False
GOBP_REGULATION_OF_UNSATURATED_FATTY_ACID_BIOSYNTHETIC_PROCESS	False	False	False	True	False	True
GOBP_REGULATION_OF_URINE_VOLUME	False	False	True	True	False	True
GOBP_REGULATION_OF_VACUOLE_ORGANIZATION	False	False	False	True	False	True
GOBP_REGULATION_OF_VASCULAR_ASSOCIATED_SMOOTH_MUSCLE_CELL_DIFFERENTIATION	False	False	False	True	False	True
GOBP_REGULATION_OF_VASCULAR_ASSOCIATED_SMOOTH_MUSCLE_CONTRACTION	False	False	True	True	True	True
GOBP_REGULATION_OF_VASCULAR_ENDOTHELIAL_GROWTH_FACTOR_RECEPTOR_SIGNALING_PATHWAY	False	False	False	True	False	True
GOBP_REGULATION_OF_VASCULAR_PERMEABILITY	False	False	False	False	False	False
GOBP_REGULATION_OF_VASCULAR_WOUND_HEALING	False	False	False	True	False	True
GOBP_REGULATION_OF_VASCULATURE_DEVELOPMENT	False	False	False	False	False	False
GOBP_REGULATION_OF_VASCULOGENESIS	False	False	False	True	False	True
GOBP_REGULATION_OF_VASOCONSTRICTION	False	False	False	True	False	True
GOBP_REGULATION_OF_VENTRICULAR_CARDIAC_MUSCLE_CELL_ACTION_POTENTIAL	False	False	False	True	False	True
GOBP_REGULATION_OF_VENTRICULAR_CARDIAC_MUSCLE_CELL_MEMBRANE_DEPOLARIZATION	False	False	True	True	True	True
GOBP_REGULATION_OF_VENTRICULAR_CARDIAC_MUSCLE_CELL_MEMBRANE_REPOLARIZATION	False	False	True	True	True	True
GOBP_REGULATION_OF_VERY_LOW_DENSITY_LIPOPROTEIN_PARTICLE_REMODELING	False	False	True	True	True	True
GOBP_REGULATION_OF_VESICLE_FUSION	False	False	True	True	True	True
GOBP_REGULATION_OF_VESICLE_MEDIATED_TRANSPORT	True	False	False	False	False	False
GOBP_REGULATION_OF_VESICLE_SIZE	False	False	False	True	False	True
GOBP_REGULATION_OF_VIRAL_ENTRY_INTO_HOST_CELL	False	False	False	False	False	False
GOBP_REGULATION_OF_VIRAL_GENOME_REPLICATION	False	False	False	True	False	True
GOBP_REGULATION_OF_VIRAL_LIFE_CYCLE	False	False	False	False	False	False
GOBP_REGULATION_OF_VIRAL_PROCESS	False	False	False	False	False	False
GOBP_REGULATION_OF_VIRAL_TRANSCRIPTION	False	False	False	True	False	True
GOBP_REGULATION_OF_VITAMIN_D_BIOSYNTHETIC_PROCESS	False	False	True	True	True	True
GOBP_REGULATION_OF_VITAMIN_D_RECEPTOR_SIGNALING_PATHWAY	False	False	True	True	True	True
GOBP_REGULATION_OF_VITAMIN_METABOLIC_PROCESS	False	False	True	True	True	True
GOBP_REGULATION_OF_VOLTAGE_GATED_CALCIUM_CHANNEL_ACTIVITY	False	False	True	True	True	True
GOBP_REGULATION_OF_WNT_PROTEIN_SECRETION	False	False	True	True	True	True
GOBP_REGULATION_OF_WNT_SIGNALING_PATHWAY	True	False	False	False	False	False
GOBP_REGULATION_OF_WNT_SIGNALING_PATHWAY_PLANAR_CELL_POLARITY_PATHWAY	False	False	False	True	False	True
GOBP_REGULATION_OF_WOUND_HEALING	False	False	False	False	False	False
GOBP_REGULATION_OF_WOUND_HEALING_SPREADING_OF_EPIDERMAL_CELLS	False	False	True	True	True	True
GOBP_REGULATION_PROTEIN_CATABOLIC_PROCESS_AT_SYNAPSE	False	False	True	True	True	True
GOBP_REGULATORY_NCRNA_MEDIATED_GENE_SILENCING	False	False	False	True	False	True
GOBP_REGULATORY_NCRNA_MEDIATED_HETEROCHROMATIN_FORMATION	False	False	True	True	True	True
GOBP_REGULATORY_NCRNA_PROCESSING	False	False	False	True	False	True
GOBP_REGULATORY_T_CELL_DIFFERENTIATION	False	False	False	False	False	False
GOBP_RELAXATION_OF_CARDIAC_MUSCLE	False	False	False	True	False	True
GOBP_RELAXATION_OF_MUSCLE	False	False	True	True	True	True
GOBP_RELAXATION_OF_SMOOTH_MUSCLE	False	False	False	True	False	True
GOBP_RELAXATION_OF_VASCULAR_ASSOCIATED_SMOOTH_MUSCLE	False	False	True	True	True	True
GOBP_RELEASE_OF_CYTOCHROME_C_FROM_MITOCHONDRIA	False	False	False	True	False	True
GOBP_RELEASE_OF_SEQUESTERED_CALCIUM_ION_INTO_CYTOSOL_BY_ENDOPLASMIC_RETICULUM	False	False	True	True	True	True
GOBP_RENAL_ABSORPTION	False	False	False	True	False	True
GOBP_RENAL_ALBUMIN_ABSORPTION	False	False	True	True	True	True
GOBP_RENAL_CONTROL_OF_PERIPHERAL_VASCULAR_RESISTANCE_INVOLVED_IN_REGULATION_OF_SYSTEMIC_ARTERIAL_BLOOD_PRESSURE	False	False	False	False	False	False
GOBP_RENAL_FILTRATION	False	False	False	False	False	False
GOBP_RENAL_PROTEIN_ABSORPTION	False	False	True	True	True	True
GOBP_RENAL_RESPONSE_TO_BLOOD_FLOW_INVOLVED_IN_CIRCULATORY_RENIN_ANGIOTENSIN_REGULATION_OF_SYSTEMIC_ARTERIAL_BLOOD_PRESSURE	False	False	True	True	True	True
GOBP_RENAL_SODIUM_EXCRETION	False	False	True	True	True	True
GOBP_RENAL_SODIUM_ION_ABSORPTION	False	False	True	True	True	True
GOBP_RENAL_SODIUM_ION_TRANSPORT	False	False	False	True	False	True
GOBP_RENAL_SYSTEM_DEVELOPMENT	True	False	False	False	False	False
GOBP_RENAL_SYSTEM_PROCESS	False	False	False	False	False	False
GOBP_RENAL_SYSTEM_PROCESS_INVOLVED_IN_REGULATION_OF_BLOOD_VOLUME	False	False	False	True	False	True
GOBP_RENAL_SYSTEM_PROCESS_INVOLVED_IN_REGULATION_OF_SYSTEMIC_ARTERIAL_BLOOD_PRESSURE	False	False	False	True	True	True
GOBP_RENAL_SYSTEM_VASCULATURE_DEVELOPMENT	False	False	False	False	False	False
GOBP_RENAL_SYSTEM_VASCULATURE_MORPHOGENESIS	False	False	False	True	False	True
GOBP_RENAL_TUBULAR_SECRETION	False	False	True	True	True	True
GOBP_RENAL_TUBULE_DEVELOPMENT	False	False	False	False	False	True
GOBP_RENAL_TUBULE_MORPHOGENESIS	False	False	False	True	False	True
GOBP_RENAL_VESICLE_DEVELOPMENT	False	False	False	True	False	True
GOBP_RENAL_VESICLE_FORMATION	False	False	True	True	True	True
GOBP_RENAL_WATER_ABSORPTION	False	False	False	True	False	True
GOBP_RENAL_WATER_HOMEOSTASIS	False	False	True	True	True	True
GOBP_RENAL_WATER_TRANSPORT	False	False	True	True	True	True
GOBP_REPLACEMENT_OSSIFICATION	False	False	False	False	False	False
GOBP_REPLICATION_BORN_DOUBLE_STRAND_BREAK_REPAIR_VIA_SISTER_CHROMATID_EXCHANGE	False	False	True	True	True	True
GOBP_REPLICATIVE_SENESCENCE	False	False	False	True	False	True
GOBP_REPRODUCTIVE_BEHAVIOR	False	False	False	True	False	True
GOBP_REPRODUCTIVE_PROCESS	True	False	False	False	False	False
GOBP_REPRODUCTIVE_SYSTEM_DEVELOPMENT	True	False	False	False	False	False
GOBP_RESCUE_OF_STALLED_RIBOSOME	False	False	False	True	False	True
GOBP_RESOLUTION_OF_DNA_RECOMBINATION_INTERMEDIATES	False	False	True	True	True	True
GOBP_RESOLUTION_OF_MEIOTIC_RECOMBINATION_INTERMEDIATES	False	False	True	True	True	True
GOBP_RESPIRATORY_BURST	False	False	False	True	False	True
GOBP_RESPIRATORY_BURST_INVOLVED_IN_DEFENSE_RESPONSE	False	False	False	True	False	True
GOBP_RESPIRATORY_BURST_INVOLVED_IN_INFLAMMATORY_RESPONSE	False	False	False	False	False	False
GOBP_RESPIRATORY_CHAIN_COMPLEX_III_ASSEMBLY	False	False	True	True	True	True
GOBP_RESPIRATORY_CHAIN_COMPLEX_IV_ASSEMBLY	False	False	True	True	True	True
GOBP_RESPIRATORY_GASEOUS_EXCHANGE_BY_RESPIRATORY_SYSTEM	False	False	False	True	False	True
GOBP_RESPIRATORY_SYSTEM_DEVELOPMENT	False	False	False	False	False	False
GOBP_RESPIRATORY_SYSTEM_PROCESS	False	False	True	True	True	True
GOBP_RESPONSE_TO_2_3_7_8_TETRACHLORODIBENZODIOXINE	False	False	True	True	True	True
GOBP_RESPONSE_TO_ABIOTIC_STIMULUS	True	False	False	False	False	False
GOBP_RESPONSE_TO_ACETYLCHOLINE	False	False	False	True	False	True
GOBP_RESPONSE_TO_ACIDIC_PH	False	False	True	True	True	True
GOBP_RESPONSE_TO_ACID_CHEMICAL	False	False	False	False	False	False
GOBP_RESPONSE_TO_ACTIVITY	False	False	False	False	False	False
GOBP_RESPONSE_TO_ALCOHOL	False	False	False	False	False	False
GOBP_RESPONSE_TO_ALDOSTERONE	False	False	False	True	False	True
GOBP_RESPONSE_TO_ALKALOID	False	False	False	True	False	True
GOBP_RESPONSE_TO_AMINE	False	False	False	True	False	True
GOBP_RESPONSE_TO_AMINO_ACID_STARVATION	False	False	False	True	False	True
GOBP_RESPONSE_TO_AMPHETAMINE	False	False	False	True	False	True
GOBP_RESPONSE_TO_AMYLOID_BETA	False	False	False	False	False	False
GOBP_RESPONSE_TO_ANESTHETIC	False	False	True	True	True	True
GOBP_RESPONSE_TO_ANGIOTENSIN	False	False	False	True	False	True
GOBP_RESPONSE_TO_ANTIBIOTIC	False	False	False	True	False	True
GOBP_RESPONSE_TO_ARSENIC_CONTAINING_SUBSTANCE	False	False	False	True	False	True
GOBP_RESPONSE_TO_ATP	False	False	True	True	True	True
GOBP_RESPONSE_TO_AUDITORY_STIMULUS	False	False	True	True	True	True
GOBP_RESPONSE_TO_AXON_INJURY	False	False	False	False	False	True
GOBP_RESPONSE_TO_BACTERIAL_LIPOPROTEIN	False	False	False	True	False	True
GOBP_RESPONSE_TO_BACTERIUM	True	False	False	False	False	False
GOBP_RESPONSE_TO_BILE_ACID	False	False	True	True	True	True
GOBP_RESPONSE_TO_BLEOMYCIN	False	False	True	True	True	True
GOBP_RESPONSE_TO_BLUE_LIGHT	False	False	True	True	True	True
GOBP_RESPONSE_TO_BMP	False	False	False	False	False	False
GOBP_RESPONSE_TO_CADMIUM_ION	False	False	False	False	False	False
GOBP_RESPONSE_TO_CAFFEINE	False	False	True	True	True	True
GOBP_RESPONSE_TO_CALCIUM_ION	False	False	False	True	False	True
GOBP_RESPONSE_TO_CAMP	False	False	False	False	False	False
GOBP_RESPONSE_TO_CARBOHYDRATE	False	False	False	False	False	False
GOBP_RESPONSE_TO_CGMP	False	False	True	True	True	True
GOBP_RESPONSE_TO_CHEMOKINE	False	False	False	False	False	False
GOBP_RESPONSE_TO_CISPLATIN	False	False	True	True	True	True
GOBP_RESPONSE_TO_COCAINE	False	False	False	True	False	True
GOBP_RESPONSE_TO_COLD	False	False	False	True	False	True
GOBP_RESPONSE_TO_COPPER_ION	False	False	False	True	False	True
GOBP_RESPONSE_TO_CORTICOSTEROID	False	False	False	False	False	False
GOBP_RESPONSE_TO_CORTICOSTERONE	False	False	False	False	False	False
GOBP_RESPONSE_TO_CORTICOTROPIN_RELEASING_HORMONE	False	False	False	False	False	False
GOBP_RESPONSE_TO_CORTISOL	False	False	False	False	False	False
GOBP_RESPONSE_TO_CYCLOHEXIMIDE	False	False	True	True	True	True
GOBP_RESPONSE_TO_DEXAMETHASONE	False	False	False	True	False	True
GOBP_RESPONSE_TO_DIETARY_EXCESS	False	False	False	True	False	True
GOBP_RESPONSE_TO_DISACCHARIDE	False	False	True	True	True	True
GOBP_RESPONSE_TO_DSRNA	False	False	False	True	False	True
GOBP_RESPONSE_TO_ELECTRICAL_STIMULUS	False	False	False	True	False	True
GOBP_RESPONSE_TO_ENDOGENOUS_STIMULUS	True	True	False	False	False	False
GOBP_RESPONSE_TO_ENDOPLASMIC_RETICULUM_STRESS	True	False	False	False	False	False
GOBP_RESPONSE_TO_EPIDERMAL_GROWTH_FACTOR	False	False	False	False	False	False
GOBP_RESPONSE_TO_EPINEPHRINE	False	False	True	True	True	True
GOBP_RESPONSE_TO_ERYTHROPOIETIN	False	False	False	False	False	False
GOBP_RESPONSE_TO_ESTRADIOL	False	False	False	False	False	False
GOBP_RESPONSE_TO_ESTROGEN	False	False	False	True	False	True
GOBP_RESPONSE_TO_ETHANOL	False	False	False	False	False	False
GOBP_RESPONSE_TO_ETHER	False	False	False	True	False	True
GOBP_RESPONSE_TO_FATTY_ACID	False	False	False	True	False	True
GOBP_RESPONSE_TO_FIBROBLAST_GROWTH_FACTOR	False	False	False	False	False	False
GOBP_RESPONSE_TO_FLUID_SHEAR_STRESS	False	False	False	False	False	False
GOBP_RESPONSE_TO_FLUORIDE	False	False	False	False	False	False
GOBP_RESPONSE_TO_FOLIC_ACID	False	False	True	True	True	True
GOBP_RESPONSE_TO_FOLLICLE_STIMULATING_HORMONE	False	False	False	True	False	True
GOBP_RESPONSE_TO_FOOD	False	False	False	True	False	True
GOBP_RESPONSE_TO_FORSKOLIN	False	False	False	True	False	True
GOBP_RESPONSE_TO_FRUCTOSE	False	False	False	True	False	True
GOBP_RESPONSE_TO_FUNGUS	False	False	False	False	False	False
GOBP_RESPONSE_TO_GAMMA_RADIATION	False	False	False	True	False	False
GOBP_RESPONSE_TO_GLUCAGON	False	False	False	True	False	True
GOBP_RESPONSE_TO_GLYCOPROTEIN	False	False	True	True	True	True
GOBP_RESPONSE_TO_GLYCOSIDE	False	False	False	True	False	True
GOBP_RESPONSE_TO_GONADOTROPIN	False	False	True	True	True	True
GOBP_RESPONSE_TO_GONADOTROPIN_RELEASING_HORMONE	False	False	True	True	True	True
GOBP_RESPONSE_TO_GRAM_POSITIVE_BACTERIUM	False	False	False	True	False	True
GOBP_RESPONSE_TO_GRANULOCYTE_MACROPHAGE_COLONY_STIMULATING_FACTOR	False	False	False	True	False	True
GOBP_RESPONSE_TO_GRAVITY	False	False	True	True	True	True
GOBP_RESPONSE_TO_GROWTH_FACTOR	True	False	False	False	False	False
GOBP_RESPONSE_TO_GROWTH_HORMONE	False	False	False	True	False	True
GOBP_RESPONSE_TO_HEAT	False	False	False	False	False	False
GOBP_RESPONSE_TO_HEPARIN	False	False	False	True	False	True
GOBP_RESPONSE_TO_HEPATOCYTE_GROWTH_FACTOR	False	False	False	True	False	True
GOBP_RESPONSE_TO_HISTAMINE	False	False	True	True	True	True
GOBP_RESPONSE_TO_HORMONE	True	False	False	False	False	False
GOBP_RESPONSE_TO_HYDROGEN_PEROXIDE	False	False	False	False	False	False
GOBP_RESPONSE_TO_HYDROPEROXIDE	False	False	False	True	False	True
GOBP_RESPONSE_TO_HYDROSTATIC_PRESSURE	False	False	False	True	False	True
GOBP_RESPONSE_TO_HYDROXYUREA	False	False	True	True	True	True
GOBP_RESPONSE_TO_HYPEROXIA	False	False	False	False	False	False
GOBP_RESPONSE_TO_IMMOBILIZATION_STRESS	False	False	False	True	False	True
GOBP_RESPONSE_TO_INACTIVITY	False	False	True	True	True	True
GOBP_RESPONSE_TO_INCREASED_OXYGEN_LEVELS	False	False	False	False	False	False
GOBP_RESPONSE_TO_INDOLE_3_METHANOL	False	False	False	True	False	True
GOBP_RESPONSE_TO_INSECTICIDE	False	False	True	True	True	True
GOBP_RESPONSE_TO_INSULIN	False	False	False	False	False	False
GOBP_RESPONSE_TO_INTERFERON_ALPHA	False	False	False	True	False	True
GOBP_RESPONSE_TO_INTERFERON_BETA	False	False	False	False	False	True
GOBP_RESPONSE_TO_INTERLEUKIN_1	False	False	False	False	False	True
GOBP_RESPONSE_TO_INTERLEUKIN_12	False	False	True	True	True	True
GOBP_RESPONSE_TO_INTERLEUKIN_13	False	False	False	False	False	False
GOBP_RESPONSE_TO_INTERLEUKIN_15	False	False	False	True	False	True
GOBP_RESPONSE_TO_INTERLEUKIN_17	False	False	False	True	False	True
GOBP_RESPONSE_TO_INTERLEUKIN_18	False	False	True	True	True	True
GOBP_RESPONSE_TO_INTERLEUKIN_2	False	False	True	True	True	True
GOBP_RESPONSE_TO_INTERLEUKIN_3	False	False	True	True	True	True
GOBP_RESPONSE_TO_INTERLEUKIN_4	False	False	False	True	False	True
GOBP_RESPONSE_TO_INTERLEUKIN_6	False	False	False	False	False	False
GOBP_RESPONSE_TO_INTERLEUKIN_7	False	False	False	False	False	False
GOBP_RESPONSE_TO_INTERLEUKIN_9	False	False	True	True	True	True
GOBP_RESPONSE_TO_IONIZING_RADIATION	False	False	False	False	False	False
GOBP_RESPONSE_TO_IONOMYCIN	False	False	True	True	True	True
GOBP_RESPONSE_TO_IRON_II_ION	False	False	True	True	True	True
GOBP_RESPONSE_TO_IRON_ION	False	False	False	False	False	False
GOBP_RESPONSE_TO_ISCHEMIA	False	False	False	False	False	False
GOBP_RESPONSE_TO_ISOQUINOLINE_ALKALOID	False	False	True	True	True	True
GOBP_RESPONSE_TO_KETONE	False	False	False	False	False	False
GOBP_RESPONSE_TO_LAMINAR_FLUID_SHEAR_STRESS	False	False	False	True	False	True
GOBP_RESPONSE_TO_LEAD_ION	False	False	True	True	True	True
GOBP_RESPONSE_TO_LECTIN	False	False	False	True	False	True
GOBP_RESPONSE_TO_LEPTIN	False	False	True	True	True	True
GOBP_RESPONSE_TO_LEUKEMIA_INHIBITORY_FACTOR	False	False	False	False	False	False
GOBP_RESPONSE_TO_LIGHT_INTENSITY	False	False	True	True	True	True
GOBP_RESPONSE_TO_LIGHT_STIMULUS	False	False	False	False	False	False
GOBP_RESPONSE_TO_LIPID	True	False	False	False	False	False
GOBP_RESPONSE_TO_LIPOPROTEIN_PARTICLE	False	False	False	False	False	False
GOBP_RESPONSE_TO_LIPOTEICHOIC_ACID	False	False	False	True	False	True
GOBP_RESPONSE_TO_LITHIUM_ION	False	False	False	True	False	True
GOBP_RESPONSE_TO_LUTEINIZING_HORMONE	False	False	True	True	True	True
GOBP_RESPONSE_TO_L_GLUTAMATE	False	False	False	True	False	True
GOBP_RESPONSE_TO_L_LEUCINE	False	False	True	True	True	True
GOBP_RESPONSE_TO_L_PHENYLALANINE_DERIVATIVE	False	False	True	True	True	True
GOBP_RESPONSE_TO_MACROPHAGE_COLONY_STIMULATING_FACTOR	False	False	True	True	True	True
GOBP_RESPONSE_TO_MAGNESIUM_ION	False	False	False	True	False	True
GOBP_RESPONSE_TO_MANGANESE_ION	False	False	False	True	False	True
GOBP_RESPONSE_TO_MECHANICAL_STIMULUS	True	False	False	False	False	False
GOBP_RESPONSE_TO_MERCURY_ION	False	False	False	True	False	True
GOBP_RESPONSE_TO_METAL_ION	False	False	False	False	False	False
GOBP_RESPONSE_TO_METHYLMERCURY	False	False	True	True	True	True
GOBP_RESPONSE_TO_MINERALOCORTICOID	False	False	False	True	False	True
GOBP_RESPONSE_TO_MISFOLDED_PROTEIN	False	False	False	True	False	True
GOBP_RESPONSE_TO_MOLECULE_OF_BACTERIAL_ORIGIN	False	False	False	False	False	False
GOBP_RESPONSE_TO_MONOAMINE	False	False	False	True	False	True
GOBP_RESPONSE_TO_MURAMYL_DIPEPTIDE	False	False	False	True	False	True
GOBP_RESPONSE_TO_MUSCLE_ACTIVITY	False	False	False	True	False	True
GOBP_RESPONSE_TO_MUSCLE_INACTIVITY	False	False	True	True	True	True
GOBP_RESPONSE_TO_MUSCLE_STRETCH	False	False	False	True	False	True
GOBP_RESPONSE_TO_MYCOTOXIN	False	False	False	False	False	False
GOBP_RESPONSE_TO_NEMATODE	False	False	False	False	False	False
GOBP_RESPONSE_TO_NERVE_GROWTH_FACTOR	False	False	False	True	False	True
GOBP_RESPONSE_TO_NICOTINE	False	False	False	True	False	True
GOBP_RESPONSE_TO_NITRIC_OXIDE	False	False	False	True	False	True
GOBP_RESPONSE_TO_NITROGEN_COMPOUND	True	False	False	False	False	False
GOBP_RESPONSE_TO_NITROSATIVE_STRESS	False	False	True	True	True	True
GOBP_RESPONSE_TO_NUTRIENT	False	False	False	False	False	False
GOBP_RESPONSE_TO_NUTRIENT_LEVELS	True	False	False	False	False	False
GOBP_RESPONSE_TO_ODORANT	False	False	False	True	False	True
GOBP_RESPONSE_TO_ORGANOPHOSPHORUS	False	False	False	False	False	False
GOBP_RESPONSE_TO_OSMOTIC_STRESS	False	False	False	False	False	True
GOBP_RESPONSE_TO_OXIDATIVE_STRESS	True	False	False	False	False	False
GOBP_RESPONSE_TO_OXYGEN_CONTAINING_COMPOUND	True	False	False	False	False	False
GOBP_RESPONSE_TO_OXYGEN_GLUCOSE_DEPRIVATION	False	False	True	True	True	True
GOBP_RESPONSE_TO_OXYGEN_LEVELS	True	False	False	False	False	False
GOBP_RESPONSE_TO_OXYGEN_RADICAL	False	False	False	True	False	True
GOBP_RESPONSE_TO_PAIN	False	False	False	False	False	False
GOBP_RESPONSE_TO_PARATHYROID_HORMONE	False	False	False	True	False	True
GOBP_RESPONSE_TO_PEPTIDE	True	False	False	False	False	False
GOBP_RESPONSE_TO_PEPTIDE_HORMONE	True	False	False	False	False	False
GOBP_RESPONSE_TO_PEPTIDOGLYCAN	False	False	True	True	True	True
GOBP_RESPONSE_TO_PH	False	False	False	True	False	True
GOBP_RESPONSE_TO_PHEROMONE	False	False	True	True	True	True
GOBP_RESPONSE_TO_PHORBOL_13_ACETATE_12_MYRISTATE	False	False	False	True	False	True
GOBP_RESPONSE_TO_PLATELET_DERIVED_GROWTH_FACTOR	False	False	True	True	True	True
GOBP_RESPONSE_TO_POTASSIUM_ION	False	False	False	True	False	True
GOBP_RESPONSE_TO_PROGESTERONE	False	False	False	True	False	True
GOBP_RESPONSE_TO_PROSTAGLANDIN	False	False	False	True	False	True
GOBP_RESPONSE_TO_PROSTAGLANDIN_D	False	False	False	False	False	False
GOBP_RESPONSE_TO_PROSTAGLANDIN_E	False	False	True	False	True	True
GOBP_RESPONSE_TO_PROTOZOAN	False	False	False	True	False	True
GOBP_RESPONSE_TO_PSYCHOSOCIAL_STRESS	False	False	False	False	False	False
GOBP_RESPONSE_TO_PURINE_CONTAINING_COMPOUND	False	False	False	True	False	True
GOBP_RESPONSE_TO_RADIATION	True	False	False	False	False	False
GOBP_RESPONSE_TO_RAPAMYCIN	False	False	False	True	True	True
GOBP_RESPONSE_TO_REACTIVE_OXYGEN_SPECIES	False	False	False	False	False	False
GOBP_RESPONSE_TO_REDOX_STATE	False	False	True	True	True	True
GOBP_RESPONSE_TO_RETINOIC_ACID	False	False	False	False	False	False
GOBP_RESPONSE_TO_SALT	False	False	False	True	False	True
GOBP_RESPONSE_TO_SALT_STRESS	False	False	False	False	False	True
GOBP_RESPONSE_TO_SELENIUM_ION	False	False	False	True	False	True
GOBP_RESPONSE_TO_SODIUM_PHOSPHATE	False	False	True	True	True	True
GOBP_RESPONSE_TO_STARVATION	True	False	False	False	False	False
GOBP_RESPONSE_TO_STEROID_HORMONE	True	False	False	False	False	False
GOBP_RESPONSE_TO_STEROL	False	False	False	True	True	True
GOBP_RESPONSE_TO_STILBENOID	False	False	True	True	True	True
GOBP_RESPONSE_TO_STIMULUS_INVOLVED_IN_REGULATION_OF_MUSCLE_ADAPTATION	False	False	True	True	True	True
GOBP_RESPONSE_TO_SYMBIONT	False	False	False	False	False	False
GOBP_RESPONSE_TO_SYMBIOTIC_BACTERIUM	False	False	False	False	False	False
GOBP_RESPONSE_TO_TEMPERATURE_STIMULUS	True	False	False	False	False	False
GOBP_RESPONSE_TO_TESTOSTERONE	False	False	False	True	False	True
GOBP_RESPONSE_TO_THYROGLOBULIN_TRIIODOTHYRONINE	False	False	True	True	True	True
GOBP_RESPONSE_TO_THYROID_HORMONE	False	False	False	True	False	True
GOBP_RESPONSE_TO_TOPOLOGICALLY_INCORRECT_PROTEIN	True	False	False	False	False	False
GOBP_RESPONSE_TO_TOXIC_SUBSTANCE	False	False	False	False	False	False
GOBP_RESPONSE_TO_TRANSFORMING_GROWTH_FACTOR_BETA	False	False	False	False	False	False
GOBP_RESPONSE_TO_TUMOR_CELL	False	False	False	True	False	True
GOBP_RESPONSE_TO_TUMOR_NECROSIS_FACTOR	False	False	False	False	False	False
GOBP_RESPONSE_TO_TYPE_II_INTERFERON	False	False	False	False	False	False
GOBP_RESPONSE_TO_TYPE_I_INTERFERON	False	False	False	False	False	False
GOBP_RESPONSE_TO_UV	False	False	False	False	False	False
GOBP_RESPONSE_TO_UV_A	False	False	False	False	False	False
GOBP_RESPONSE_TO_UV_B	False	False	False	True	False	True
GOBP_RESPONSE_TO_UV_C	False	False	False	True	False	True
GOBP_RESPONSE_TO_VASOPRESSIN	False	False	True	True	True	True
GOBP_RESPONSE_TO_VIRUS	True	False	False	False	False	False
GOBP_RESPONSE_TO_VITAMIN	False	False	False	False	False	True
GOBP_RESPONSE_TO_VITAMIN_A	False	False	True	True	True	True
GOBP_RESPONSE_TO_VITAMIN_D	False	False	False	True	False	True
GOBP_RESPONSE_TO_VITAMIN_K	False	False	True	True	True	True
GOBP_RESPONSE_TO_WATER	False	False	False	True	False	True
GOBP_RESPONSE_TO_WATER_DEPRIVATION	False	False	True	True	True	True
GOBP_RESPONSE_TO_WOUNDING	True	False	False	False	False	False
GOBP_RESPONSE_TO_XENOBIOTIC_STIMULUS	True	False	False	False	False	False
GOBP_RESPONSE_TO_X_RAY	False	False	False	False	False	False
GOBP_RESPONSE_TO_YEAST	False	False	False	True	False	True
GOBP_RESPONSE_TO_ZINC_ION	False	False	False	False	False	False
GOBP_RESPONSE_TO_ZINC_ION_STARVATION	False	False	False	False	False	False
GOBP_RETICULOPHAGY	False	False	True	True	True	True
GOBP_RETINAL_BIPOLAR_NEURON_DIFFERENTIATION	False	False	True	True	True	True
GOBP_RETINAL_BLOOD_VESSEL_MORPHOGENESIS	False	False	True	True	True	True
GOBP_RETINAL_CONE_CELL_DEVELOPMENT	False	False	False	True	False	True
GOBP_RETINAL_CONE_CELL_DIFFERENTIATION	False	False	True	True	True	True
GOBP_RETINAL_GANGLION_CELL_AXON_GUIDANCE	False	False	True	True	True	True
GOBP_RETINAL_METABOLIC_PROCESS	False	False	False	True	True	True
GOBP_RETINAL_PIGMENT_EPITHELIUM_DEVELOPMENT	False	False	False	True	False	True
GOBP_RETINAL_ROD_CELL_DEVELOPMENT	False	False	True	True	True	True
GOBP_RETINAL_ROD_CELL_DIFFERENTIATION	False	False	True	True	True	True
GOBP_RETINA_DEVELOPMENT_IN_CAMERA_TYPE_EYE	False	False	False	False	False	False
GOBP_RETINA_HOMEOSTASIS	False	False	False	True	False	True
GOBP_RETINA_LAYER_FORMATION	False	False	True	True	True	True
GOBP_RETINA_MORPHOGENESIS_IN_CAMERA_TYPE_EYE	False	False	False	True	False	True
GOBP_RETINA_VASCULATURE_DEVELOPMENT_IN_CAMERA_TYPE_EYE	False	False	False	False	False	False
GOBP_RETINA_VASCULATURE_MORPHOGENESIS_IN_CAMERA_TYPE_EYE	False	False	False	False	False	True
GOBP_RETINOIC_ACID_METABOLIC_PROCESS	False	False	True	True	True	True
GOBP_RETINOIC_ACID_RECEPTOR_SIGNALING_PATHWAY	False	False	False	True	False	True
GOBP_RETINOL_METABOLIC_PROCESS	False	False	False	True	False	True
GOBP_RETROGRADE_AXONAL_TRANSPORT	False	False	False	True	False	True
GOBP_RETROGRADE_NEURONAL_DENSE_CORE_VESICLE_TRANSPORT	False	False	False	False	False	False
GOBP_RETROGRADE_TRANSPORT_ENDOSOME_TO_GOLGI	False	False	False	True	False	True
GOBP_RETROGRADE_TRANS_SYNAPTIC_SIGNALING	False	False	True	True	True	True
GOBP_RETROGRADE_TRANS_SYNAPTIC_SIGNALING_BY_LIPID	False	False	True	True	True	True
GOBP_RETROGRADE_VESICLE_MEDIATED_TRANSPORT_GOLGI_TO_ENDOPLASMIC_RETICULUM	False	False	False	True	False	True
GOBP_REVERSE_CHOLESTEROL_TRANSPORT	False	False	False	True	False	True
GOBP_REVERSIBLE_DIFFERENTIATION	False	False	True	True	True	True
GOBP_RHOMBOMERE_DEVELOPMENT	False	False	True	True	True	True
GOBP_RHO_ACTIVATING_G_PROTEIN_COUPLED_RECEPTOR_SIGNALING_PATHWAY	False	False	True	True	True	True
GOBP_RHO_PROTEIN_SIGNAL_TRANSDUCTION	False	False	False	False	False	False
GOBP_RHYTHMIC_BEHAVIOR	False	False	False	True	False	True
GOBP_RHYTHMIC_PROCESS	True	False	False	False	False	False
GOBP_RIBOFLAVIN_METABOLIC_PROCESS	False	False	True	True	True	True
GOBP_RIBOFLAVIN_TRANSPORT	False	False	True	True	True	True
GOBP_RIBONUCLEOPROTEIN_COMPLEX_BIOGENESIS	True	True	False	False	False	False
GOBP_RIBONUCLEOPROTEIN_COMPLEX_LOCALIZATION	False	False	True	True	True	True
GOBP_RIBONUCLEOSIDE_CATABOLIC_PROCESS	False	False	False	True	True	True
GOBP_RIBONUCLEOSIDE_METABOLIC_PROCESS	False	False	True	True	True	True
GOBP_RIBONUCLEOSIDE_MONOPHOSPHATE_BIOSYNTHETIC_PROCESS	False	False	False	True	False	True
GOBP_RIBONUCLEOSIDE_MONOPHOSPHATE_CATABOLIC_PROCESS	False	False	True	True	True	True
GOBP_RIBONUCLEOSIDE_MONOPHOSPHATE_METABOLIC_PROCESS	False	False	False	True	False	True
GOBP_RIBOSE_PHOSPHATE_BIOSYNTHETIC_PROCESS	True	False	False	False	False	False
GOBP_RIBOSE_PHOSPHATE_METABOLIC_PROCESS	True	False	False	False	False	False
GOBP_RIBOSOMAL_LARGE_SUBUNIT_ASSEMBLY	False	False	False	True	False	True
GOBP_RIBOSOMAL_LARGE_SUBUNIT_BIOGENESIS	True	False	False	True	False	True
GOBP_RIBOSOMAL_LARGE_SUBUNIT_EXPORT_FROM_NUCLEUS	False	False	True	True	True	True
GOBP_RIBOSOMAL_SMALL_SUBUNIT_ASSEMBLY	False	False	True	True	True	True
GOBP_RIBOSOMAL_SMALL_SUBUNIT_BIOGENESIS	True	False	False	False	False	False
GOBP_RIBOSOMAL_SUBUNIT_EXPORT_FROM_NUCLEUS	False	False	False	True	True	True
GOBP_RIBOSOME_ASSEMBLY	False	False	False	True	False	True
GOBP_RIBOSOME_BIOGENESIS	True	False	False	False	False	False
GOBP_RIBOSOME_DISASSEMBLY	False	False	False	True	False	True
GOBP_RIGHTING_REFLEX	False	False	True	True	True	True
GOBP_RIG_I_SIGNALING_PATHWAY	False	False	False	True	False	True
GOBP_RNA_3_END_PROCESSING	False	False	False	True	False	True
GOBP_RNA_5_END_PROCESSING	False	False	False	True	False	True
GOBP_RNA_CAPPING	False	False	True	True	True	True
GOBP_RNA_DECAPPING	False	False	True	True	True	True
GOBP_RNA_EXPORT_FROM_NUCLEUS	True	False	False	True	False	True
GOBP_RNA_GUANINE_N7_METHYLATION	False	False	True	True	True	True
GOBP_RNA_LOCALIZATION	True	False	False	False	False	False
GOBP_RNA_METHYLATION	False	False	False	True	False	True
GOBP_RNA_MODIFICATION	True	False	False	False	False	True
GOBP_RNA_POLYMERASE_II_PREINITIATION_COMPLEX_ASSEMBLY	False	False	False	True	False	True
GOBP_RNA_POLYMERASE_II_TRANSCRIPTION_INITIATION_SURVEILLANCE	False	False	True	True	True	True
GOBP_RNA_POLYMERASE_I_PREINITIATION_COMPLEX_ASSEMBLY	False	False	True	True	True	True
GOBP_RNA_PROCESSING	True	True	False	False	False	False
GOBP_RNA_SPLICING	True	False	False	False	False	False
GOBP_RNA_SPLICING_VIA_ENDONUCLEOLYTIC_CLEAVAGE_AND_LIGATION	False	False	True	True	True	True
GOBP_RNA_SPLICING_VIA_TRANSESTERIFICATION_REACTIONS	True	False	False	False	False	False
GOBP_RNA_SURVEILLANCE	False	False	False	True	False	True
GOBP_RNA_TEMPLATED_DNA_BIOSYNTHETIC_PROCESS	True	False	False	False	False	False
GOBP_ROOF_OF_MOUTH_DEVELOPMENT	False	False	False	True	False	True
GOBP_ROSTROCAUDAL_NEURAL_TUBE_PATTERNING	False	False	False	False	False	False
GOBP_ROUNDABOUT_SIGNALING_PATHWAY	False	False	True	True	True	True
GOBP_RRNA_BASE_METHYLATION	False	False	True	True	True	True
GOBP_RRNA_CATABOLIC_PROCESS	False	False	True	True	True	True
GOBP_RRNA_METABOLIC_PROCESS	True	False	False	False	False	False
GOBP_RRNA_METHYLATION	False	False	True	True	True	True
GOBP_RRNA_MODIFICATION	False	False	False	True	False	True
GOBP_RRNA_PROCESSING	True	False	False	False	False	False
GOBP_RRNA_PSEUDOURIDINE_SYNTHESIS	False	False	False	True	True	True
GOBP_RRNA_TRANSCRIPTION	False	False	False	True	False	True
GOBP_RUFFLE_ASSEMBLY	False	False	False	True	False	True
GOBP_RUFFLE_ORGANIZATION	False	False	False	True	False	True
GOBP_R_LOOP_PROCESSING	False	False	True	True	True	True
GOBP_SALIVARY_GLAND_DEVELOPMENT	False	False	False	True	False	True
GOBP_SALIVA_SECRETION	False	False	False	True	False	False
GOBP_SARCOMERE_ORGANIZATION	False	False	True	True	True	True
GOBP_SARCOPLASMIC_RETICULUM_CALCIUM_ION_TRANSPORT	False	False	False	True	True	True
GOBP_SATELLITE_CELL_ACTIVATION_INVOLVED_IN_SKELETAL_MUSCLE_REGENERATION	False	False	True	True	True	True
GOBP_SA_NODE_CELL_TO_ATRIAL_CARDIAC_MUSCLE_CELL_COMMUNICATION	False	False	True	True	True	True
GOBP_SCARNA_LOCALIZATION_TO_CAJAL_BODY	False	False	False	True	True	True
GOBP_SCF_DEPENDENT_PROTEASOMAL_UBIQUITIN_DEPENDENT_PROTEIN_CATABOLIC_PROCESS	False	False	True	True	True	True
GOBP_SCHWANN_CELL_DIFFERENTIATION	False	False	False	True	False	True
GOBP_SEBACEOUS_GLAND_DEVELOPMENT	False	False	True	True	True	True
GOBP_SECONDARY_ALCOHOL_METABOLIC_PROCESS	True	False	False	False	False	False
GOBP_SECONDARY_HEART_FIELD_SPECIFICATION	False	False	False	True	False	True
GOBP_SECONDARY_METABOLIC_PROCESS	False	False	False	True	False	True
GOBP_SECONDARY_METABOLITE_BIOSYNTHETIC_PROCESS	False	False	False	True	False	True
GOBP_SECONDARY_PALATE_DEVELOPMENT	False	False	True	True	True	True
GOBP_SECRETION	True	False	False	False	False	False
GOBP_SECRETION_BY_TISSUE	False	False	False	True	False	True
GOBP_SECRETORY_GRANULE_LOCALIZATION	False	False	True	True	True	True
GOBP_SECRETORY_GRANULE_ORGANIZATION	False	False	False	True	False	True
GOBP_SEGMENTATION	False	False	False	False	False	False
GOBP_SEGMENT_SPECIFICATION	False	False	True	True	True	True
GOBP_SELF_PROTEOLYSIS	False	False	True	True	True	True
GOBP_SEMAPHORIN_PLEXIN_SIGNALING_PATHWAY	False	False	False	True	False	True
GOBP_SEMICIRCULAR_CANAL_DEVELOPMENT	False	False	False	False	False	False
GOBP_SEMICIRCULAR_CANAL_MORPHOGENESIS	False	False	True	True	True	True
GOBP_SEMINIFEROUS_TUBULE_DEVELOPMENT	False	False	False	True	False	True
GOBP_SEMI_LUNAR_VALVE_DEVELOPMENT	False	False	False	True	False	True
GOBP_SENSORY_ORGAN_DEVELOPMENT	True	False	False	False	False	False
GOBP_SENSORY_ORGAN_MORPHOGENESIS	True	False	False	False	False	False
GOBP_SENSORY_PERCEPTION	True	False	False	False	False	False
GOBP_SENSORY_PERCEPTION_OF_BITTER_TASTE	False	False	True	True	True	True
GOBP_SENSORY_PERCEPTION_OF_CHEMICAL_STIMULUS	False	False	False	False	False	False
GOBP_SENSORY_PERCEPTION_OF_LIGHT_STIMULUS	False	False	False	False	False	False
GOBP_SENSORY_PERCEPTION_OF_MECHANICAL_STIMULUS	False	False	False	False	False	False
GOBP_SENSORY_PERCEPTION_OF_PAIN	False	False	False	True	False	True
GOBP_SENSORY_PERCEPTION_OF_SMELL	False	False	False	True	False	True
GOBP_SENSORY_PERCEPTION_OF_SOUR_TASTE	False	False	False	False	False	True
GOBP_SENSORY_PERCEPTION_OF_SWEET_TASTE	False	False	True	True	True	True
GOBP_SENSORY_PERCEPTION_OF_TASTE	False	False	False	True	False	False
GOBP_SENSORY_PERCEPTION_OF_TEMPERATURE_STIMULUS	False	False	True	True	True	True
GOBP_SENSORY_PERCEPTION_OF_UMAMI_TASTE	False	False	True	True	True	True
GOBP_SENSORY_SYSTEM_DEVELOPMENT	True	False	False	False	False	False
GOBP_SEPTIN_CYTOSKELETON_ORGANIZATION	False	False	True	True	True	True
GOBP_SEPTUM_PRIMUM_DEVELOPMENT	False	False	True	True	True	True
GOBP_SEQUESTERING_OF_BMP_IN_EXTRACELLULAR_MATRIX	False	False	False	False	False	False
GOBP_SEQUESTERING_OF_CALCIUM_ION	False	False	False	False	False	False
GOBP_SERINE_FAMILY_AMINO_ACID_BIOSYNTHETIC_PROCESS	False	False	True	True	True	True
GOBP_SERINE_FAMILY_AMINO_ACID_CATABOLIC_PROCESS	False	False	True	True	True	True
GOBP_SERINE_FAMILY_AMINO_ACID_METABOLIC_PROCESS	False	False	False	True	False	True
GOBP_SERINE_TRANSPORT	False	False	False	True	False	True
GOBP_SEROTONERGIC_NEURON_AXON_GUIDANCE	False	False	True	True	True	True
GOBP_SEROTONIN_GATED_CATION_SELECTIVE_SIGNALING_PATHWAY	False	False	False	False	False	False
GOBP_SEROTONIN_METABOLIC_PROCESS	False	False	True	True	False	True
GOBP_SEROTONIN_RECEPTOR_SIGNALING_PATHWAY	False	False	True	True	True	True
GOBP_SEROTONIN_SECRETION	False	False	True	True	True	True
GOBP_SEROTONIN_TRANSPORT	False	False	True	True	True	True
GOBP_SEROTONIN_UPTAKE	False	False	True	True	True	True
GOBP_SERTOLI_CELL_DEVELOPMENT	False	False	False	True	False	True
GOBP_SERTOLI_CELL_DIFFERENTIATION	False	False	True	True	True	True
GOBP_SERTOLI_CELL_PROLIFERATION	False	False	False	False	False	False
GOBP_SEXUAL_REPRODUCTION	True	False	False	False	False	False
GOBP_SEX_CHROMOSOME_DOSAGE_COMPENSATION	False	False	True	True	True	True
GOBP_SEX_DETERMINATION	False	False	True	True	True	True
GOBP_SEX_DIFFERENTIATION	True	False	False	False	False	False
GOBP_SHORT_CHAIN_FATTY_ACID_CATABOLIC_PROCESS	False	False	True	False	True	True
GOBP_SHORT_CHAIN_FATTY_ACID_METABOLIC_PROCESS	False	False	False	False	False	False
GOBP_SHORT_TERM_MEMORY	False	False	False	False	False	False
GOBP_SIALYLATION	False	False	True	True	True	True
GOBP_SIGNALING_RECEPTOR_LIGAND_PRECURSOR_PROCESSING	False	False	False	True	False	True
GOBP_SIGNAL_COMPLEX_ASSEMBLY	False	False	True	True	True	True
GOBP_SIGNAL_PEPTIDE_PROCESSING	False	False	True	True	True	True
GOBP_SIGNAL_RELEASE	False	False	False	False	False	False
GOBP_SIGNAL_TRANSDUCTION_BY_P53_CLASS_MEDIATOR	True	False	False	False	False	False
GOBP_SIGNAL_TRANSDUCTION_INVOLVED_IN_REGULATION_OF_GENE_EXPRESSION	False	False	False	True	False	True
GOBP_SIGNAL_TRANSDUCTION_IN_ABSENCE_OF_LIGAND	False	False	False	False	False	False
GOBP_SIGNAL_TRANSDUCTION_IN_RESPONSE_TO_DNA_DAMAGE	True	False	False	False	False	False
GOBP_SINGLE_FERTILIZATION	False	False	False	False	False	False
GOBP_SINGLE_STRANDED_VIRAL_RNA_REPLICATION_VIA_DOUBLE_STRANDED_DNA_INTERMEDIATE	False	False	False	False	False	False
GOBP_SINGLE_STRAND_BREAK_REPAIR	False	False	True	True	True	True
GOBP_SINOATRIAL_NODE_CELL_DEVELOPMENT	False	False	True	True	True	True
GOBP_SINOATRIAL_NODE_CELL_DIFFERENTIATION	False	False	True	True	True	True
GOBP_SINOATRIAL_NODE_DEVELOPMENT	False	False	True	True	True	True
GOBP_SIRNA_PROCESSING	False	False	True	True	True	True
GOBP_SISTER_CHROMATID_COHESION	True	False	False	True	False	True
GOBP_SISTER_CHROMATID_SEGREGATION	True	True	False	False	False	False
GOBP_SKELETAL_MUSCLE_ACETYLCHOLINE_GATED_CHANNEL_CLUSTERING	False	False	True	True	True	True
GOBP_SKELETAL_MUSCLE_ADAPTATION	False	False	True	True	True	True
GOBP_SKELETAL_MUSCLE_ATROPHY	False	False	False	False	False	False
GOBP_SKELETAL_MUSCLE_CELL_DIFFERENTIATION	False	False	False	False	False	True
GOBP_SKELETAL_MUSCLE_CELL_PROLIFERATION	False	False	False	True	False	True
GOBP_SKELETAL_MUSCLE_CONTRACTION	False	False	False	True	False	True
GOBP_SKELETAL_MUSCLE_FIBER_DIFFERENTIATION	False	False	False	False	False	False
GOBP_SKELETAL_MUSCLE_ORGAN_DEVELOPMENT	True	False	False	False	False	False
GOBP_SKELETAL_MUSCLE_SATELLITE_CELL_ACTIVATION	False	False	True	True	True	True
GOBP_SKELETAL_MUSCLE_SATELLITE_CELL_DIFFERENTIATION	False	False	False	True	False	True
GOBP_SKELETAL_MUSCLE_SATELLITE_CELL_MAINTENANCE_INVOLVED_IN_SKELETAL_MUSCLE_REGENERATION	False	False	True	True	True	True
GOBP_SKELETAL_MUSCLE_SATELLITE_CELL_PROLIFERATION	False	False	True	True	True	True
GOBP_SKELETAL_MUSCLE_TISSUE_GROWTH	False	False	True	True	True	True
GOBP_SKELETAL_MUSCLE_TISSUE_REGENERATION	False	False	False	True	False	True
GOBP_SKELETAL_MYOFIBRIL_ASSEMBLY	False	False	False	False	False	False
GOBP_SKELETAL_SYSTEM_DEVELOPMENT	True	False	False	False	False	False
GOBP_SKELETAL_SYSTEM_MORPHOGENESIS	False	False	False	False	False	False
GOBP_SKIN_DEVELOPMENT	True	False	False	False	False	False
GOBP_SKIN_EPIDERMIS_DEVELOPMENT	True	False	False	False	False	False
GOBP_SKIN_MORPHOGENESIS	False	False	False	True	False	True
GOBP_SLEEP	False	False	False	False	False	False
GOBP_SMAD_PROTEIN_SIGNAL_TRANSDUCTION	False	False	False	False	False	False
GOBP_SMALL_GTPASE_MEDIATED_SIGNAL_TRANSDUCTION	True	False	False	False	False	False
GOBP_SMALL_MOLECULE_BIOSYNTHETIC_PROCESS	True	False	False	False	False	False
GOBP_SMALL_MOLECULE_CATABOLIC_PROCESS	True	False	False	False	False	False
GOBP_SMALL_MOLECULE_METABOLIC_PROCESS	True	False	False	False	False	False
GOBP_SMOOTHENED_SIGNALING_PATHWAY	False	False	False	True	False	True
GOBP_SMOOTH_MUSCLE_ADAPTATION	False	False	False	True	False	True
GOBP_SMOOTH_MUSCLE_CELL_APOPTOTIC_PROCESS	False	False	True	True	True	True
GOBP_SMOOTH_MUSCLE_CELL_CHEMOTAXIS	False	False	True	True	True	True
GOBP_SMOOTH_MUSCLE_CELL_DIFFERENTIATION	False	False	False	True	False	True
GOBP_SMOOTH_MUSCLE_CELL_MATRIX_ADHESION	False	False	False	True	False	True
GOBP_SMOOTH_MUSCLE_CELL_MIGRATION	False	False	False	False	False	False
GOBP_SMOOTH_MUSCLE_CELL_PROLIFERATION	False	False	False	False	False	False
GOBP_SMOOTH_MUSCLE_CONTRACTION	False	False	False	True	False	True
GOBP_SMOOTH_MUSCLE_TISSUE_DEVELOPMENT	False	False	False	True	False	True
GOBP_SNARE_COMPLEX_ASSEMBLY	False	False	False	True	False	True
GOBP_SNO_S_RNA_METABOLIC_PROCESS	False	False	True	True	True	True
GOBP_SNRNA_3_END_PROCESSING	False	False	True	True	True	True
GOBP_SNRNA_METABOLIC_PROCESS	False	False	False	True	False	True
GOBP_SNRNA_MODIFICATION	False	False	False	True	True	True
GOBP_SNRNA_PROCESSING	False	False	False	True	False	True
GOBP_SNRNA_TRANSCRIPTION	False	False	True	True	True	True
GOBP_SODIUM_DEPENDENT_PHOSPHATE_TRANSPORT	False	False	False	False	False	False
GOBP_SODIUM_INDEPENDENT_ORGANIC_ANION_TRANSPORT	False	False	True	True	True	True
GOBP_SODIUM_ION_EXPORT_ACROSS_PLASMA_MEMBRANE	False	False	False	True	False	True
GOBP_SODIUM_ION_HOMEOSTASIS	False	False	False	True	False	True
GOBP_SODIUM_ION_IMPORT_ACROSS_PLASMA_MEMBRANE	False	False	False	False	False	False
GOBP_SODIUM_ION_TRANSMEMBRANE_TRANSPORT	False	False	False	True	False	True
GOBP_SODIUM_ION_TRANSPORT	False	False	False	False	False	False
GOBP_SOFT_PALATE_DEVELOPMENT	False	False	False	False	False	False
GOBP_SOMATIC_DIVERSIFICATION_OF_IMMUNE_RECEPTORS	False	False	False	False	False	True
GOBP_SOMATIC_DIVERSIFICATION_OF_IMMUNE_RECEPTORS_VIA_SOMATIC_MUTATION	False	False	True	True	True	True
GOBP_SOMATIC_DIVERSIFICATION_OF_IMMUNOGLOBULINS	False	False	False	True	False	True
GOBP_SOMATIC_STEM_CELL_DIVISION	False	False	False	True	False	True
GOBP_SOMATIC_STEM_CELL_POPULATION_MAINTENANCE	False	False	False	True	False	True
GOBP_SOMATOSTATIN_RECEPTOR_SIGNALING_PATHWAY	False	False	True	True	True	True
GOBP_SOMATOTROPIN_SECRETING_CELL_DIFFERENTIATION	False	False	True	True	True	True
GOBP_SOMITE_DEVELOPMENT	False	False	False	True	False	True
GOBP_SOMITE_ROSTRAL_CAUDAL_AXIS_SPECIFICATION	False	False	True	True	True	True
GOBP_SOMITE_SPECIFICATION	False	False	True	True	True	True
GOBP_SOMITOGENESIS	False	False	False	True	False	True
GOBP_SPECIFICATION_OF_ANIMAL_ORGAN_IDENTITY	False	False	False	True	False	True
GOBP_SPECIFICATION_OF_SYMMETRY	False	False	False	False	False	False
GOBP_SPERMATID_DIFFERENTIATION	False	False	False	True	False	True
GOBP_SPERMATID_NUCLEUS_DIFFERENTIATION	False	False	True	True	True	True
GOBP_SPERMIDINE_METABOLIC_PROCESS	False	False	False	True	False	True
GOBP_SPERMINE_METABOLIC_PROCESS	False	False	True	True	True	True
GOBP_SPERM_AXONEME_ASSEMBLY	False	False	True	True	True	True
GOBP_SPERM_CAPACITATION	False	False	True	True	True	True
GOBP_SPERM_DNA_CONDENSATION	False	False	True	True	True	True
GOBP_SPERM_EGG_RECOGNITION	False	False	False	True	False	True
GOBP_SPERM_FLAGELLUM_ASSEMBLY	False	False	True	True	True	True
GOBP_SPHINGOID_BIOSYNTHETIC_PROCESS	False	False	True	True	True	True
GOBP_SPHINGOID_METABOLIC_PROCESS	False	False	False	True	False	True
GOBP_SPHINGOLIPID_BIOSYNTHETIC_PROCESS	False	False	False	True	False	True
GOBP_SPHINGOLIPID_MEDIATED_SIGNALING_PATHWAY	False	False	False	True	False	True
GOBP_SPHINGOLIPID_METABOLIC_PROCESS	False	False	False	False	False	False
GOBP_SPHINGOMYELIN_BIOSYNTHETIC_PROCESS	False	False	True	True	True	True
GOBP_SPHINGOMYELIN_CATABOLIC_PROCESS	False	False	True	True	True	True
GOBP_SPHINGOMYELIN_METABOLIC_PROCESS	False	False	True	True	True	True
GOBP_SPHINGOSINE_1_PHOSPHATE_RECEPTOR_SIGNALING_PATHWAY	False	False	False	True	False	True
GOBP_SPINAL_CORD_ASSOCIATION_NEURON_DIFFERENTIATION	False	False	True	True	True	True
GOBP_SPINAL_CORD_DEVELOPMENT	False	False	True	True	True	True
GOBP_SPINAL_CORD_MOTOR_NEURON_CELL_FATE_SPECIFICATION	False	False	True	True	True	True
GOBP_SPINAL_CORD_MOTOR_NEURON_DIFFERENTIATION	False	False	True	True	True	True
GOBP_SPINAL_CORD_OLIGODENDROCYTE_CELL_DIFFERENTIATION	False	False	False	False	False	False
GOBP_SPINAL_CORD_PATTERNING	False	False	True	True	True	True
GOBP_SPINDLE_ASSEMBLY	True	False	False	False	False	False
GOBP_SPINDLE_ASSEMBLY_INVOLVED_IN_FEMALE_MEIOSIS	False	False	True	True	True	True
GOBP_SPINDLE_ELONGATION	False	False	True	True	True	True
GOBP_SPINDLE_LOCALIZATION	False	False	False	True	False	True
GOBP_SPINDLE_MIDZONE_ASSEMBLY	False	False	True	True	True	True
GOBP_SPINDLE_ORGANIZATION	True	False	False	False	False	False
GOBP_SPLEEN_DEVELOPMENT	False	False	False	True	False	True
GOBP_SPLICEOSOMAL_COMPLEX_ASSEMBLY	False	False	False	True	False	True
GOBP_SPLICEOSOMAL_SNRNP_ASSEMBLY	False	False	False	True	False	True
GOBP_SPLICEOSOMAL_TRI_SNRNP_COMPLEX_ASSEMBLY	False	False	True	True	True	True
GOBP_SPONTANEOUS_NEUROTRANSMITTER_SECRETION	False	False	True	True	True	True
GOBP_SPONTANEOUS_SYNAPTIC_TRANSMISSION	False	False	False	True	False	True
GOBP_SPROUTING_ANGIOGENESIS	False	False	False	False	False	False
GOBP_SPROUTING_OF_INJURED_AXON	False	False	True	True	True	True
GOBP_SRP_DEPENDENT_COTRANSLATIONAL_PROTEIN_TARGETING_TO_MEMBRANE	False	False	False	True	False	True
GOBP_STARTLE_RESPONSE	False	False	True	True	True	True
GOBP_STEM_CELL_DEVELOPMENT	False	False	False	True	False	True
GOBP_STEM_CELL_DIFFERENTIATION	True	False	False	False	False	False
GOBP_STEM_CELL_DIVISION	False	False	False	True	False	True
GOBP_STEM_CELL_FATE_COMMITMENT	False	False	True	True	True	True
GOBP_STEM_CELL_FATE_SPECIFICATION	False	False	False	False	False	False
GOBP_STEM_CELL_PROLIFERATION	False	False	False	True	False	True
GOBP_STEROID_BIOSYNTHETIC_PROCESS	True	False	False	False	False	False
GOBP_STEROID_CATABOLIC_PROCESS	False	False	False	True	False	True
GOBP_STEROID_HORMONE_BIOSYNTHETIC_PROCESS	False	False	False	True	False	True
GOBP_STEROID_HORMONE_RECEPTOR_SIGNALING_PATHWAY	False	False	False	False	False	False
GOBP_STEROID_HORMONE_SECRETION	False	False	False	True	False	True
GOBP_STEROID_METABOLIC_PROCESS	True	False	False	False	False	False
GOBP_STEROL_BIOSYNTHETIC_PROCESS	False	False	False	False	False	False
GOBP_STEROL_HOMEOSTASIS	False	False	False	True	False	True
GOBP_STEROL_TRANSPORT	False	False	False	False	False	False
GOBP_STOMACH_DEVELOPMENT	False	False	True	True	True	True
GOBP_STORE_OPERATED_CALCIUM_ENTRY	False	False	True	True	True	True
GOBP_STRESS_ACTIVATED_PROTEIN_KINASE_SIGNALING_CASCADE	False	False	False	True	False	True
GOBP_STRESS_FIBER_ASSEMBLY	False	False	False	False	False	False
GOBP_STRESS_GRANULE_ASSEMBLY	False	False	False	True	False	True
GOBP_STRESS_INDUCED_PREMATURE_SENESCENCE	False	False	False	True	False	True
GOBP_STRIATED_MUSCLE_ADAPTATION	False	False	False	True	False	True
GOBP_STRIATED_MUSCLE_ATROPHY	False	False	False	True	False	True
GOBP_STRIATED_MUSCLE_CELL_APOPTOTIC_PROCESS	False	False	False	True	False	True
GOBP_STRIATED_MUSCLE_CELL_DIFFERENTIATION	True	False	False	False	False	False
GOBP_STRIATED_MUSCLE_CELL_PROLIFERATION	False	False	False	True	False	True
GOBP_STRIATED_MUSCLE_CONTRACTION	False	False	False	False	False	False
GOBP_STRIATUM_DEVELOPMENT	False	False	True	True	True	True
GOBP_SUBPALLIUM_DEVELOPMENT	False	False	True	True	True	True
GOBP_SUBSTANTIA_NIGRA_DEVELOPMENT	False	False	False	False	False	False
GOBP_SUBSTRATE_ADHESION_DEPENDENT_CELL_SPREADING	False	False	False	False	False	False
GOBP_SUBSTRATE_DEPENDENT_CELL_MIGRATION	False	False	False	False	False	False
GOBP_SUBSTRATE_DEPENDENT_CELL_MIGRATION_CELL_ATTACHMENT_TO_SUBSTRATE	False	False	False	False	False	False
GOBP_SUBSTRATE_DEPENDENT_CELL_MIGRATION_CELL_EXTENSION	False	False	False	False	False	False
GOBP_SUBSTRATE_INDEPENDENT_TELENCEPHALIC_TANGENTIAL_MIGRATION	False	False	True	True	True	True
GOBP_SUBSTRATE_LOCALIZATION_TO_AUTOPHAGOSOME	False	False	True	True	True	True
GOBP_SUBTELOMERIC_HETEROCHROMATIN_FORMATION	False	False	True	True	True	True
GOBP_SUCCINATE_METABOLIC_PROCESS	False	False	True	True	True	True
GOBP_SUCCINATE_TRANSMEMBRANE_TRANSPORT	False	False	False	False	False	False
GOBP_SUCCINYL_COA_METABOLIC_PROCESS	False	False	True	True	True	True
GOBP_SUCKLING_BEHAVIOR	False	False	False	False	False	False
GOBP_SUGAR_MEDIATED_SIGNALING_PATHWAY	False	False	False	False	False	False
GOBP_SULFATE_TRANSMEMBRANE_TRANSPORT	False	False	False	False	False	False
GOBP_SULFATION	False	False	True	True	True	True
GOBP_SULFUR_AMINO_ACID_BIOSYNTHETIC_PROCESS	False	False	True	True	True	True
GOBP_SULFUR_AMINO_ACID_CATABOLIC_PROCESS	False	False	True	True	True	True
GOBP_SULFUR_AMINO_ACID_METABOLIC_PROCESS	False	False	False	True	False	True
GOBP_SULFUR_AMINO_ACID_TRANSPORT	False	False	True	True	True	True
GOBP_SULFUR_COMPOUND_BIOSYNTHETIC_PROCESS	False	False	False	False	False	False
GOBP_SULFUR_COMPOUND_CATABOLIC_PROCESS	False	False	False	True	False	True
GOBP_SULFUR_COMPOUND_METABOLIC_PROCESS	True	False	False	False	False	False
GOBP_SULFUR_COMPOUND_TRANSPORT	False	False	False	True	False	True
GOBP_SUPEROXIDE_ANION_GENERATION	False	False	False	True	False	True
GOBP_SUPEROXIDE_METABOLIC_PROCESS	False	False	False	True	False	True
GOBP_SUPRAMOLECULAR_FIBER_ORGANIZATION	True	False	False	False	False	False
GOBP_SURFACTANT_HOMEOSTASIS	False	False	True	True	True	True
GOBP_SYMBIONT_ENTRY_INTO_HOST	False	False	False	False	False	False
GOBP_SYMPATHETIC_GANGLION_DEVELOPMENT	False	False	True	True	True	True
GOBP_SYMPATHETIC_NERVOUS_SYSTEM_DEVELOPMENT	False	False	True	True	True	True
GOBP_SYMPATHETIC_NEURON_PROJECTION_EXTENSION	False	False	True	True	True	True
GOBP_SYNAPSE_ASSEMBLY	True	False	False	True	False	True
GOBP_SYNAPSE_MATURATION	False	False	False	True	False	True
GOBP_SYNAPSE_ORGANIZATION	True	False	False	False	False	False
GOBP_SYNAPSE_PRUNING	False	False	True	True	True	True
GOBP_SYNAPTIC_ASSEMBLY_AT_NEUROMUSCULAR_JUNCTION	False	False	True	True	True	True
GOBP_SYNAPTIC_MEMBRANE_ADHESION	False	False	True	True	True	True
GOBP_SYNAPTIC_SIGNALING	True	False	False	False	False	False
GOBP_SYNAPTIC_SIGNALING_VIA_NEUROPEPTIDE	False	False	True	True	True	True
GOBP_SYNAPTIC_TRANSMISSION_CHOLINERGIC	False	False	True	True	True	True
GOBP_SYNAPTIC_TRANSMISSION_DOPAMINERGIC	False	False	True	True	True	True
GOBP_SYNAPTIC_TRANSMISSION_GABAERGIC	False	False	False	True	False	True
GOBP_SYNAPTIC_TRANSMISSION_GLUTAMATERGIC	False	False	True	True	True	True
GOBP_SYNAPTIC_TRANSMISSION_GLYCINERGIC	False	False	False	False	False	False
GOBP_SYNAPTIC_VESICLE_BUDDING	False	False	True	True	True	True
GOBP_SYNAPTIC_VESICLE_CLUSTERING	False	False	True	True	True	True
GOBP_SYNAPTIC_VESICLE_CYTOSKELETAL_TRANSPORT	False	False	True	True	True	True
GOBP_SYNAPTIC_VESICLE_DOCKING	False	False	True	True	True	True
GOBP_SYNAPTIC_VESICLE_ENDOSOMAL_PROCESSING	False	False	True	True	True	True
GOBP_SYNAPTIC_VESICLE_EXOCYTOSIS	False	False	False	True	True	True
GOBP_SYNAPTIC_VESICLE_LOCALIZATION	False	False	False	True	False	True
GOBP_SYNAPTIC_VESICLE_LUMEN_ACIDIFICATION	False	False	True	True	True	True
GOBP_SYNAPTIC_VESICLE_MATURATION	False	False	True	True	True	True
GOBP_SYNAPTIC_VESICLE_MEMBRANE_ORGANIZATION	False	False	False	True	False	True
GOBP_SYNAPTIC_VESICLE_PRIMING	False	False	True	True	True	True
GOBP_SYNAPTIC_VESICLE_RECYCLING	False	False	False	True	False	True
GOBP_SYNAPTIC_VESICLE_TRANSPORT	False	False	False	True	False	True
GOBP_SYNAPTONEMAL_COMPLEX_ORGANIZATION	False	False	True	True	True	True
GOBP_SYNCYTIUM_FORMATION	False	False	False	True	False	True
GOBP_S_ADENOSYLMETHIONINE_METABOLIC_PROCESS	False	False	True	True	True	True
GOBP_S_SHAPED_BODY_MORPHOGENESIS	False	False	True	True	True	True
GOBP_TACHYKININ_RECEPTOR_SIGNALING_PATHWAY	False	False	True	True	True	True
GOBP_TAIL_ANCHORED_MEMBRANE_PROTEIN_INSERTION_INTO_ER_MEMBRANE	False	False	False	True	True	True
GOBP_TANGENTIAL_MIGRATION_FROM_THE_SUBVENTRICULAR_ZONE_TO_THE_OLFACTORY_BULB	False	False	True	True	True	True
GOBP_TAXIS	False	False	False	False	False	False
GOBP_TELENCEPHALON_DEVELOPMENT	False	False	False	False	False	True
GOBP_TELENCEPHALON_GLIAL_CELL_MIGRATION	False	False	False	False	False	False
GOBP_TELENCEPHALON_REGIONALIZATION	False	False	True	True	True	True
GOBP_TELOMERASE_HOLOENZYME_COMPLEX_ASSEMBLY	False	False	False	True	True	True
GOBP_TELOMERASE_RNA_LOCALIZATION	False	False	False	True	False	True
GOBP_TELOMERE_CAPPING	False	False	False	True	False	True
GOBP_TELOMERE_LOCALIZATION	False	False	True	True	True	True
GOBP_TELOMERE_MAINTENANCE_IN_RESPONSE_TO_DNA_DAMAGE	False	False	True	True	True	True
GOBP_TELOMERE_MAINTENANCE_VIA_RECOMBINATION	False	False	True	True	True	True
GOBP_TELOMERE_MAINTENANCE_VIA_SEMI_CONSERVATIVE_REPLICATION	False	False	True	True	True	True
GOBP_TELOMERE_MAINTENANCE_VIA_TELOMERE_LENGTHENING	True	False	False	False	False	False
GOBP_TELOMERE_ORGANIZATION	True	False	False	False	False	False
GOBP_TELOMERE_TETHERING_AT_NUCLEAR_PERIPHERY	False	False	False	False	False	False
GOBP_TELOMERIC_LOOP_DISASSEMBLY	False	False	True	True	True	True
GOBP_TEMPERATURE_HOMEOSTASIS	False	False	False	False	False	False
GOBP_TENDON_DEVELOPMENT	False	False	False	False	False	False
GOBP_TERMINAL_BUTTON_ORGANIZATION	False	False	True	True	True	True
GOBP_TERPENOID_BIOSYNTHETIC_PROCESS	False	False	False	True	False	True
GOBP_TERPENOID_CATABOLIC_PROCESS	False	False	False	True	False	True
GOBP_TERPENOID_METABOLIC_PROCESS	False	False	False	True	False	True
GOBP_TERTIARY_ALCOHOL_METABOLIC_PROCESS	False	False	False	True	False	True
GOBP_TESTOSTERONE_BIOSYNTHETIC_PROCESS	False	False	True	True	True	True
GOBP_TETRAHYDROBIOPTERIN_BIOSYNTHETIC_PROCESS	False	False	False	True	False	True
GOBP_TETRAHYDROBIOPTERIN_METABOLIC_PROCESS	False	False	False	True	False	True
GOBP_TETRAHYDROFOLATE_BIOSYNTHETIC_PROCESS	False	False	True	True	True	True
GOBP_TETRAHYDROFOLATE_INTERCONVERSION	False	False	True	True	True	True
GOBP_TETRAHYDROFOLATE_METABOLIC_PROCESS	False	False	False	True	False	True
GOBP_TETRAPYRROLE_BIOSYNTHETIC_PROCESS	False	False	False	True	False	True
GOBP_TETRAPYRROLE_CATABOLIC_PROCESS	False	False	True	True	True	True
GOBP_TETRAPYRROLE_METABOLIC_PROCESS	False	False	False	True	False	True
GOBP_THALAMUS_DEVELOPMENT	False	False	True	True	True	True
GOBP_THERMOCEPTION	False	False	True	True	True	True
GOBP_THIAMINE_CONTAINING_COMPOUND_METABOLIC_PROCESS	False	False	True	True	True	True
GOBP_THIAMINE_DIPHOSPHATE_BIOSYNTHETIC_PROCESS	False	False	True	True	True	True
GOBP_THIAMINE_TRANSPORT	False	False	False	True	False	True
GOBP_THIOESTER_BIOSYNTHETIC_PROCESS	False	False	False	True	False	True
GOBP_THORAX_AND_ANTERIOR_ABDOMEN_DETERMINATION	False	False	True	True	True	True
GOBP_THROMBIN_ACTIVATED_RECEPTOR_SIGNALING_PATHWAY	False	False	False	True	False	True
GOBP_THROMBOPOIETIN_MEDIATED_SIGNALING_PATHWAY	False	False	False	True	False	True
GOBP_THYMIC_T_CELL_SELECTION	False	False	False	True	False	True
GOBP_THYMOCYTE_APOPTOTIC_PROCESS	False	False	False	True	False	True
GOBP_THYMOCYTE_MIGRATION	False	False	False	True	False	True
GOBP_THYMUS_DEVELOPMENT	False	False	False	True	False	True
GOBP_THYROID_GLAND_DEVELOPMENT	False	False	False	True	False	True
GOBP_THYROID_HORMONE_GENERATION	False	False	False	False	False	False
GOBP_THYROID_HORMONE_METABOLIC_PROCESS	False	False	False	False	False	False
GOBP_THYROID_HORMONE_TRANSPORT	False	False	True	True	True	True
GOBP_THYROID_STIMULATING_HORMONE_SECRETING_CELL_DIFFERENTIATION	False	False	True	True	True	True
GOBP_TIGHT_JUNCTION_ASSEMBLY	False	False	False	False	False	False
GOBP_TIGHT_JUNCTION_ORGANIZATION	False	False	False	False	False	True
GOBP_TISSUE_HOMEOSTASIS	False	False	False	False	False	False
GOBP_TISSUE_MIGRATION	False	False	False	False	False	False
GOBP_TISSUE_MORPHOGENESIS	True	False	False	False	False	False
GOBP_TISSUE_REGENERATION	False	False	False	False	False	False
GOBP_TISSUE_REMODELING	False	False	False	False	False	False
GOBP_TOLERANCE_INDUCTION	False	False	False	True	False	True
GOBP_TOLERANCE_INDUCTION_DEPENDENT_UPON_IMMUNE_RESPONSE	False	False	True	True	True	True
GOBP_TOLERANCE_INDUCTION_TO_SELF_ANTIGEN	False	False	True	True	True	True
GOBP_TOLL_LIKE_RECEPTOR_3_SIGNALING_PATHWAY	False	False	False	True	False	True
GOBP_TOLL_LIKE_RECEPTOR_7_SIGNALING_PATHWAY	False	False	True	True	True	True
GOBP_TOLL_LIKE_RECEPTOR_8_SIGNALING_PATHWAY	False	False	True	True	True	True
GOBP_TOLL_LIKE_RECEPTOR_9_SIGNALING_PATHWAY	False	False	True	True	True	True
GOBP_TOLL_LIKE_RECEPTOR_SIGNALING_PATHWAY	False	False	False	False	False	True
GOBP_TOLL_SIGNALING_PATHWAY	False	False	True	True	True	True
GOBP_TONGUE_DEVELOPMENT	False	False	True	True	True	True
GOBP_TONGUE_MORPHOGENESIS	False	False	True	True	True	True
GOBP_TONIC_SMOOTH_MUSCLE_CONTRACTION	False	False	False	True	False	True
GOBP_TOOTH_MINERALIZATION	False	False	False	False	False	False
GOBP_TORC1_SIGNALING	False	False	False	True	False	True
GOBP_TORC2_SIGNALING	False	False	True	True	True	True
GOBP_TOR_SIGNALING	False	False	False	True	False	True
GOBP_TOXIN_METABOLIC_PROCESS	False	False	True	True	True	True
GOBP_TRABECULA_FORMATION	False	False	False	False	False	False
GOBP_TRABECULA_MORPHOGENESIS	False	False	False	False	False	False
GOBP_TRACHEA_CARTILAGE_DEVELOPMENT	False	False	False	True	False	True
GOBP_TRACHEA_DEVELOPMENT	False	False	False	True	False	True
GOBP_TRACHEA_FORMATION	False	False	True	True	True	True
GOBP_TRACHEA_MORPHOGENESIS	False	False	True	True	True	True
GOBP_TRAIL_ACTIVATED_APOPTOTIC_SIGNALING_PATHWAY	False	False	False	True	False	True
GOBP_TRANSCRIPTION_BY_RNA_POLYMERASE_I	False	False	False	True	False	True
GOBP_TRANSCRIPTION_BY_RNA_POLYMERASE_III	False	False	False	True	False	True
GOBP_TRANSCRIPTION_COUPLED_NUCLEOTIDE_EXCISION_REPAIR	False	False	True	True	True	True
GOBP_TRANSCRIPTION_DEPENDENT_TETHERING_OF_RNA_POLYMERASE_II_GENE_DNA_AT_NUCLEAR_PERIPHERY	False	False	True	True	True	True
GOBP_TRANSCRIPTION_INITIATION_AT_RNA_POLYMERASE_II_PROMOTER	True	False	False	True	False	True
GOBP_TRANSCRIPTION_INITIATION_AT_RNA_POLYMERASE_I_PROMOTER	False	False	False	True	False	True
GOBP_TRANSCRIPTION_PREINITIATION_COMPLEX_ASSEMBLY	False	False	False	True	False	True
GOBP_TRANSCYTOSIS	False	False	True	True	True	True
GOBP_TRANSDIFFERENTIATION	False	False	False	False	False	False
GOBP_TRANSEPITHELIAL_CHLORIDE_TRANSPORT	False	False	True	True	True	True
GOBP_TRANSEPITHELIAL_TRANSPORT	False	False	False	True	False	True
GOBP_TRANSEPITHELIAL_WATER_TRANSPORT	False	False	True	True	True	True
GOBP_TRANSFERRIN_TRANSPORT	False	False	False	True	False	True
GOBP_TRANSFORMING_GROWTH_FACTOR_BETA1_PRODUCTION	False	False	False	True	False	False
GOBP_TRANSFORMING_GROWTH_FACTOR_BETA_PRODUCTION	False	False	False	False	False	False
GOBP_TRANSFORMING_GROWTH_FACTOR_BETA_RECEPTOR_SIGNALING_PATHWAY	False	False	False	False	False	False
GOBP_TRANSITION_BETWEEN_FAST_AND_SLOW_FIBER	False	False	True	True	True	True
GOBP_TRANSITION_METAL_ION_TRANSPORT	False	False	False	True	False	True
GOBP_TRANSLATION	True	False	False	False	False	False
GOBP_TRANSLATIONAL_ELONGATION	True	False	False	True	False	True
GOBP_TRANSLATIONAL_INITIATION	True	False	False	False	False	False
GOBP_TRANSLATIONAL_READTHROUGH	False	False	True	True	True	True
GOBP_TRANSLATIONAL_TERMINATION	False	False	True	True	True	True
GOBP_TRANSLESION_SYNTHESIS	False	False	False	True	False	True
GOBP_TRANSMEMBRANE_TRANSPORT	True	False	False	False	False	False
GOBP_TRANSMISSION_OF_NERVE_IMPULSE	False	False	False	True	False	True
GOBP_TRANSPORT_OF_VIRUS	False	False	True	True	True	True
GOBP_TRANSPOSABLE_ELEMENT_SILENCING_BY_HETEROCHROMATIN_FORMATION	False	False	True	True	True	True
GOBP_TRANSPOSABLE_ELEMENT_SILENCING_BY_PIRNA_MEDIATED_HETEROCHROMATIN_FORMATION	False	False	True	True	True	True
GOBP_TRANSPOSITION	False	False	True	True	True	True
GOBP_TRANS_SYNAPTIC_SIGNALING_BY_BDNF	False	False	True	True	True	True
GOBP_TRANS_SYNAPTIC_SIGNALING_BY_LIPID	False	False	True	True	True	True
GOBP_TRANS_SYNAPTIC_SIGNALING_BY_TRANS_SYNAPTIC_COMPLEX	False	False	True	True	True	True
GOBP_TRANS_SYNAPTIC_SIGNALING_MODULATING_SYNAPTIC_TRANSMISSION	False	False	True	True	True	True
GOBP_TRICARBOXYLIC_ACID_CYCLE	False	False	False	True	False	True
GOBP_TRICARBOXYLIC_ACID_METABOLIC_PROCESS	False	False	False	True	False	True
GOBP_TRICARBOXYLIC_ACID_TRANSPORT	False	False	False	False	False	False
GOBP_TRIGEMINAL_NERVE_DEVELOPMENT	False	False	False	True	False	True
GOBP_TRIGLYCERIDE_BIOSYNTHETIC_PROCESS	False	False	False	True	False	True
GOBP_TRIGLYCERIDE_CATABOLIC_PROCESS	False	False	False	True	False	True
GOBP_TRIGLYCERIDE_METABOLIC_PROCESS	False	False	False	False	False	False
GOBP_TRIGLYCERIDE_RICH_LIPOPROTEIN_PARTICLE_CLEARANCE	False	False	False	True	False	True
GOBP_TRIGLYCERIDE_RICH_LIPOPROTEIN_PARTICLE_REMODELING	False	False	True	True	True	True
GOBP_TRIGLYCERIDE_STORAGE	False	False	True	True	True	True
GOBP_TRIPARTITE_REGIONAL_SUBDIVISION	False	False	True	True	True	True
GOBP_TRIPEPTIDE_TRANSMEMBRANE_TRANSPORT	False	False	False	True	True	True
GOBP_TRIPEPTIDE_TRANSPORT	False	False	False	True	False	True
GOBP_TRNA_3_END_PROCESSING	False	False	True	True	True	True
GOBP_TRNA_5_END_PROCESSING	False	False	False	True	False	True
GOBP_TRNA_5_LEADER_REMOVAL	False	False	True	True	True	True
GOBP_TRNA_DECAY	False	False	True	True	True	True
GOBP_TRNA_METABOLIC_PROCESS	True	False	False	True	False	True
GOBP_TRNA_METHYLATION	False	False	False	True	True	True
GOBP_TRNA_MODIFICATION	False	False	False	True	False	True
GOBP_TRNA_PROCESSING	True	False	False	True	False	True
GOBP_TRNA_PSEUDOURIDINE_SYNTHESIS	False	False	True	True	True	True
GOBP_TRNA_THREONYLCARBAMOYLADENOSINE_METABOLIC_PROCESS	False	False	True	True	True	True
GOBP_TRNA_TRANSPORT	False	False	True	True	True	True
GOBP_TRNA_WOBBLE_BASE_MODIFICATION	False	False	True	True	True	True
GOBP_TRNA_WOBBLE_URIDINE_MODIFICATION	False	False	True	True	True	True
GOBP_TROPHECTODERMAL_CELL_DIFFERENTIATION	False	False	False	True	False	True
GOBP_TROPHECTODERMAL_CELL_PROLIFERATION	False	False	False	True	False	True
GOBP_TROPHOBLAST_CELL_MIGRATION	False	False	False	False	False	False
GOBP_TROPHOBLAST_GIANT_CELL_DIFFERENTIATION	False	False	True	True	True	True
GOBP_TRUNK_SEGMENTATION	False	False	True	True	True	True
GOBP_TUBE_CLOSURE	False	False	False	False	False	True
GOBP_TUBE_DEVELOPMENT	True	True	False	False	False	False
GOBP_TUBE_FORMATION	False	False	False	False	False	False
GOBP_TUBE_LUMEN_CAVITATION	False	False	False	True	False	True
GOBP_TUBE_MORPHOGENESIS	True	True	False	False	False	False
GOBP_TUBULIN_COMPLEX_ASSEMBLY	False	False	True	True	True	True
GOBP_TUBULIN_DEACETYLATION	False	False	True	True	True	True
GOBP_TUMOR_NECROSIS_FACTOR_MEDIATED_SIGNALING_PATHWAY	False	False	False	False	False	True
GOBP_TUMOR_NECROSIS_FACTOR_SUPERFAMILY_CYTOKINE_PRODUCTION	False	False	False	False	False	False
GOBP_TYPE_2_IMMUNE_RESPONSE	False	False	False	True	False	True
GOBP_TYPE_2_MITOPHAGY	False	False	False	True	False	True
GOBP_TYPE_B_PANCREATIC_CELL_APOPTOTIC_PROCESS	False	False	True	True	True	True
GOBP_TYPE_B_PANCREATIC_CELL_DEVELOPMENT	False	False	True	True	True	True
GOBP_TYPE_B_PANCREATIC_CELL_DIFFERENTIATION	False	False	True	True	True	True
GOBP_TYPE_B_PANCREATIC_CELL_PROLIFERATION	False	False	False	True	False	True
GOBP_TYPE_II_HYPERSENSITIVITY	False	False	False	False	False	True
GOBP_TYPE_II_INTERFERON_MEDIATED_SIGNALING_PATHWAY	False	False	False	True	False	True
GOBP_TYPE_II_INTERFERON_PRODUCTION	False	False	False	False	False	False
GOBP_TYPE_II_PNEUMOCYTE_DIFFERENTIATION	False	False	True	True	True	True
GOBP_TYPE_IV_HYPERSENSITIVITY	False	False	True	True	True	True
GOBP_TYPE_I_HYPERSENSITIVITY	False	False	False	True	False	True
GOBP_TYPE_I_INTERFERON_PRODUCTION	False	False	False	True	False	True
GOBP_TYPE_I_PNEUMOCYTE_DIFFERENTIATION	False	False	True	True	True	True
GOBP_TYROSINE_CATABOLIC_PROCESS	False	False	True	True	True	True
GOBP_TYROSINE_METABOLIC_PROCESS	False	False	True	True	True	True
GOBP_TYROSINE_PHOSPHORYLATION_OF_STAT_PROTEIN	False	False	False	True	False	True
GOBP_T_CELL_ACTIVATION	True	False	False	False	False	False
GOBP_T_CELL_ACTIVATION_INVOLVED_IN_IMMUNE_RESPONSE	False	False	False	False	False	False
GOBP_T_CELL_ACTIVATION_VIA_T_CELL_RECEPTOR_CONTACT_WITH_ANTIGEN_BOUND_TO_MHC_MOLECULE_ON_ANTIGEN_PRESENTING_CELL	False	False	False	True	False	True
GOBP_T_CELL_APOPTOTIC_PROCESS	False	False	False	False	False	False
GOBP_T_CELL_CHEMOTAXIS	False	False	False	True	False	True
GOBP_T_CELL_CYTOKINE_PRODUCTION	False	False	False	True	False	True
GOBP_T_CELL_DIFFERENTIATION	False	False	False	False	False	False
GOBP_T_CELL_DIFFERENTIATION_INVOLVED_IN_IMMUNE_RESPONSE	False	False	False	False	False	False
GOBP_T_CELL_DIFFERENTIATION_IN_THYMUS	False	False	False	False	False	False
GOBP_T_CELL_EXTRAVASATION	False	False	False	True	False	True
GOBP_T_CELL_HOMEOSTASIS	False	False	False	True	False	True
GOBP_T_CELL_LINEAGE_COMMITMENT	False	False	False	True	False	True
GOBP_T_CELL_MEDIATED_CYTOTOXICITY	False	False	False	False	False	True
GOBP_T_CELL_MEDIATED_IMMUNE_RESPONSE_TO_TUMOR_CELL	False	False	False	True	False	True
GOBP_T_CELL_MEDIATED_IMMUNITY	False	False	False	False	False	False
GOBP_T_CELL_MIGRATION	False	False	False	False	False	False
GOBP_T_CELL_PROLIFERATION	False	False	False	False	False	False
GOBP_T_CELL_RECEPTOR_SIGNALING_PATHWAY	False	False	False	False	False	False
GOBP_T_CELL_SELECTION	False	False	False	False	False	False
GOBP_T_CELL_TOLERANCE_INDUCTION	False	False	True	True	True	True
GOBP_T_FOLLICULAR_HELPER_CELL_DIFFERENTIATION	False	False	True	True	True	True
GOBP_T_HELPER_17_CELL_DIFFERENTIATION	False	False	False	False	False	False
GOBP_T_HELPER_17_TYPE_IMMUNE_RESPONSE	False	False	False	True	False	True
GOBP_T_HELPER_1_CELL_CYTOKINE_PRODUCTION	False	False	True	True	True	True
GOBP_T_HELPER_1_CELL_DIFFERENTIATION	False	False	False	True	False	True
GOBP_T_HELPER_1_TYPE_IMMUNE_RESPONSE	False	False	False	True	False	True
GOBP_T_HELPER_2_CELL_CYTOKINE_PRODUCTION	False	False	False	True	False	True
GOBP_T_HELPER_2_CELL_DIFFERENTIATION	False	False	True	True	True	True
GOBP_T_HELPER_CELL_LINEAGE_COMMITMENT	False	False	False	False	False	False
GOBP_T_TUBULE_ORGANIZATION	False	False	True	True	True	True
GOBP_U2_TYPE_PRESPLICEOSOME_ASSEMBLY	False	False	True	True	True	True
GOBP_U4_SNRNA_3_END_PROCESSING	False	False	True	True	True	True
GOBP_UBIQUITIN_DEPENDENT_ENDOCYTOSIS	False	False	True	True	True	True
GOBP_UBIQUITIN_DEPENDENT_PROTEIN_CATABOLIC_PROCESS_VIA_THE_MULTIVESICULAR_BODY_SORTING_PATHWAY	False	False	True	True	True	True
GOBP_UBIQUITIN_RECYCLING	False	False	False	True	False	True
GOBP_UDP_N_ACETYLGLUCOSAMINE_BIOSYNTHETIC_PROCESS	False	False	True	True	True	True
GOBP_UDP_N_ACETYLGLUCOSAMINE_METABOLIC_PROCESS	False	False	True	True	True	True
GOBP_UNSATURATED_FATTY_ACID_BIOSYNTHETIC_PROCESS	False	False	False	True	False	True
GOBP_UNSATURATED_FATTY_ACID_METABOLIC_PROCESS	False	False	False	True	False	True
GOBP_URATE_METABOLIC_PROCESS	False	False	True	True	True	True
GOBP_URATE_TRANSPORT	False	False	True	True	True	True
GOBP_UREA_TRANSMEMBRANE_TRANSPORT	False	False	True	True	True	True
GOBP_UREA_TRANSPORT	False	False	True	True	True	True
GOBP_URETERIC_BUD_ELONGATION	False	False	True	True	True	True
GOBP_URETERIC_BUD_FORMATION	False	False	False	True	False	True
GOBP_URETER_DEVELOPMENT	False	False	True	True	True	True
GOBP_URETER_MORPHOGENESIS	False	False	True	True	True	True
GOBP_URINARY_BLADDER_SMOOTH_MUSCLE_CONTRACTION	False	False	True	True	True	True
GOBP_URINARY_TRACT_SMOOTH_MUSCLE_CONTRACTION	False	False	True	True	True	True
GOBP_UROGENITAL_SYSTEM_DEVELOPMENT	False	False	False	True	False	True
GOBP_UTERINE_SMOOTH_MUSCLE_CONTRACTION	False	False	True	True	True	True
GOBP_UTERUS_DEVELOPMENT	False	False	False	True	False	True
GOBP_UTP_BIOSYNTHETIC_PROCESS	False	False	True	True	True	True
GOBP_UV_DAMAGE_EXCISION_REPAIR	False	False	True	True	True	True
GOBP_VACUOLAR_ACIDIFICATION	False	False	False	True	False	True
GOBP_VACUOLAR_LOCALIZATION	False	False	False	True	False	True
GOBP_VACUOLAR_TRANSMEMBRANE_TRANSPORT	False	False	True	True	True	True
GOBP_VACUOLAR_TRANSPORT	False	False	False	False	False	False
GOBP_VACUOLE_FUSION	False	False	True	True	True	True
GOBP_VACUOLE_ORGANIZATION	True	False	False	True	False	True
GOBP_VAGINA_DEVELOPMENT	False	False	True	True	True	True
GOBP_VASCULAR_ASSOCIATED_SMOOTH_MUSCLE_CELL_APOPTOTIC_PROCESS	False	False	True	True	True	True
GOBP_VASCULAR_ASSOCIATED_SMOOTH_MUSCLE_CELL_DEVELOPMENT	False	False	False	True	False	True
GOBP_VASCULAR_ASSOCIATED_SMOOTH_MUSCLE_CELL_DIFFERENTIATION	False	False	False	True	False	True
GOBP_VASCULAR_ASSOCIATED_SMOOTH_MUSCLE_CELL_MIGRATION	False	False	False	True	False	True
GOBP_VASCULAR_ASSOCIATED_SMOOTH_MUSCLE_CELL_PROLIFERATION	False	False	False	False	False	False
GOBP_VASCULAR_ASSOCIATED_SMOOTH_MUSCLE_CONTRACTION	False	False	False	True	False	False
GOBP_VASCULAR_ENDOTHELIAL_CELL_PROLIFERATION	False	False	False	True	False	True
GOBP_VASCULAR_ENDOTHELIAL_CELL_RESPONSE_TO_FLUID_SHEAR_STRESS	False	False	True	True	True	True
GOBP_VASCULAR_ENDOTHELIAL_GROWTH_FACTOR_PRODUCTION	False	False	False	False	False	True
GOBP_VASCULAR_ENDOTHELIAL_GROWTH_FACTOR_RECEPTOR_2_SIGNALING_PATHWAY	False	False	True	True	True	True
GOBP_VASCULAR_ENDOTHELIAL_GROWTH_FACTOR_RECEPTOR_SIGNALING_PATHWAY	False	False	False	False	False	False
GOBP_VASCULAR_ENDOTHELIAL_GROWTH_FACTOR_SIGNALING_PATHWAY	False	False	False	False	False	True
GOBP_VASCULAR_PROCESS_IN_CIRCULATORY_SYSTEM	False	False	False	False	False	False
GOBP_VASCULAR_TRANSPORT	False	False	False	True	False	True
GOBP_VASCULAR_WOUND_HEALING	False	False	False	True	False	True
GOBP_VASCULATURE_DEVELOPMENT	True	True	False	False	False	False
GOBP_VASCULOGENESIS	False	False	False	False	False	False
GOBP_VASCULOGENESIS_INVOLVED_IN_CORONARY_VASCULAR_MORPHOGENESIS	False	False	False	False	False	False
GOBP_VASOCONSTRICTION	False	False	False	True	False	True
GOBP_VASODILATION	False	False	False	True	False	True
GOBP_VENOUS_BLOOD_VESSEL_DEVELOPMENT	False	False	False	True	False	True
GOBP_VENOUS_BLOOD_VESSEL_MORPHOGENESIS	False	False	False	True	False	True
GOBP_VENTRAL_MIDLINE_DEVELOPMENT	False	False	True	True	True	True
GOBP_VENTRAL_SPINAL_CORD_DEVELOPMENT	False	False	True	True	True	True
GOBP_VENTRICULAR_CARDIAC_MUSCLE_CELL_ACTION_POTENTIAL	False	False	False	True	False	True
GOBP_VENTRICULAR_CARDIAC_MUSCLE_CELL_DEVELOPMENT	False	False	True	True	True	True
GOBP_VENTRICULAR_CARDIAC_MUSCLE_CELL_DIFFERENTIATION	False	False	True	True	True	True
GOBP_VENTRICULAR_CARDIAC_MUSCLE_CELL_MEMBRANE_REPOLARIZATION	False	False	True	True	True	True
GOBP_VENTRICULAR_CARDIAC_MUSCLE_TISSUE_DEVELOPMENT	False	False	False	True	False	True
GOBP_VENTRICULAR_CARDIAC_MUSCLE_TISSUE_MORPHOGENESIS	False	False	False	True	False	True
GOBP_VENTRICULAR_COMPACT_MYOCARDIUM_MORPHOGENESIS	False	False	True	True	True	True
GOBP_VENTRICULAR_SEPTUM_DEVELOPMENT	False	False	False	True	False	True
GOBP_VENTRICULAR_SEPTUM_MORPHOGENESIS	False	False	False	True	False	True
GOBP_VENTRICULAR_SYSTEM_DEVELOPMENT	False	False	False	True	False	True
GOBP_VENTRICULAR_TRABECULA_MYOCARDIUM_MORPHOGENESIS	False	False	True	True	True	True
GOBP_VERY_LONG_CHAIN_FATTY_ACID_BIOSYNTHETIC_PROCESS	False	False	True	True	True	True
GOBP_VERY_LONG_CHAIN_FATTY_ACID_METABOLIC_PROCESS	False	False	False	True	True	True
GOBP_VERY_LOW_DENSITY_LIPOPROTEIN_PARTICLE_ASSEMBLY	False	False	True	True	True	True
GOBP_VERY_LOW_DENSITY_LIPOPROTEIN_PARTICLE_CLEARANCE	False	False	True	True	True	True
GOBP_VESICLE_BUDDING_FROM_MEMBRANE	False	False	False	True	False	True
GOBP_VESICLE_CARGO_LOADING	False	False	False	True	False	True
GOBP_VESICLE_COATING	False	False	False	True	False	True
GOBP_VESICLE_CYTOSKELETAL_TRAFFICKING	False	False	False	True	False	True
GOBP_VESICLE_DOCKING	False	False	False	True	False	True
GOBP_VESICLE_DOCKING_INVOLVED_IN_EXOCYTOSIS	False	False	False	True	False	True
GOBP_VESICLE_FUSION_TO_PLASMA_MEMBRANE	False	False	True	True	True	True
GOBP_VESICLE_LOCALIZATION	True	False	False	False	False	False
GOBP_VESICLE_MEDIATED_TRANSPORT	True	False	False	False	False	False
GOBP_VESICLE_MEDIATED_TRANSPORT_BETWEEN_ENDOSOMAL_COMPARTMENTS	False	False	False	True	False	True
GOBP_VESICLE_MEDIATED_TRANSPORT_IN_SYNAPSE	True	False	False	True	False	True
GOBP_VESICLE_MEDIATED_TRANSPORT_TO_THE_PLASMA_MEMBRANE	False	False	False	True	False	True
GOBP_VESICLE_ORGANIZATION	False	False	False	False	False	False
GOBP_VESICLE_TARGETING	False	False	False	True	False	True
GOBP_VESICLE_TARGETING_TO_FROM_OR_WITHIN_GOLGI	False	False	False	True	False	True
GOBP_VESICLE_TETHERING	False	False	True	True	True	True
GOBP_VESICLE_TRANSPORT_ALONG_MICROTUBULE	False	False	False	True	False	True
GOBP_VESTIBULAR_REFLEX	False	False	False	False	False	False
GOBP_VESTIBULOCOCHLEAR_NERVE_DEVELOPMENT	False	False	True	True	True	True
GOBP_VESTIBULOCOCHLEAR_NERVE_FORMATION	False	False	True	True	True	True
GOBP_VESTIBULOCOCHLEAR_NERVE_MORPHOGENESIS	False	False	False	True	False	True
GOBP_VIRAL_BUDDING	False	False	True	True	True	True
GOBP_VIRAL_GENE_EXPRESSION	False	False	False	False	False	False
GOBP_VIRAL_GENOME_REPLICATION	False	False	False	False	False	True
GOBP_VIRAL_LATENCY	False	False	True	True	True	True
GOBP_VIRAL_LIFE_CYCLE	False	False	False	False	False	False
GOBP_VIRAL_PROCESS	False	False	False	False	False	False
GOBP_VIRAL_PROTEIN_PROCESSING	False	False	False	True	False	True
GOBP_VIRAL_RELEASE_FROM_HOST_CELL	False	False	False	True	False	True
GOBP_VIRAL_RNA_GENOME_REPLICATION	False	False	False	True	False	True
GOBP_VIRAL_TRANSCRIPTION	False	False	False	True	False	True
GOBP_VIRAL_TRANSLATION	False	False	False	True	False	True
GOBP_VIRAL_TRANSLATIONAL_FRAMESHIFTING	False	False	False	True	False	True
GOBP_VIRION_ASSEMBLY	False	False	False	True	False	True
GOBP_VISUAL_BEHAVIOR	False	False	True	True	True	True
GOBP_VITAMIN_A_METABOLIC_PROCESS	False	False	True	True	True	True
GOBP_VITAMIN_B6_METABOLIC_PROCESS	False	False	True	True	True	True
GOBP_VITAMIN_BIOSYNTHETIC_PROCESS	False	False	True	True	True	True
GOBP_VITAMIN_CATABOLIC_PROCESS	False	False	True	True	True	True
GOBP_VITAMIN_D3_METABOLIC_PROCESS	False	False	True	True	True	True
GOBP_VITAMIN_D_BIOSYNTHETIC_PROCESS	False	False	True	True	True	True
GOBP_VITAMIN_D_METABOLIC_PROCESS	False	False	True	True	True	True
GOBP_VITAMIN_D_RECEPTOR_SIGNALING_PATHWAY	False	False	True	True	True	True
GOBP_VITAMIN_E_METABOLIC_PROCESS	False	False	True	True	True	True
GOBP_VITAMIN_K_METABOLIC_PROCESS	False	False	False	True	False	True
GOBP_VITAMIN_METABOLIC_PROCESS	False	False	False	True	False	True
GOBP_VITAMIN_TRANSMEMBRANE_TRANSPORT	False	False	True	True	True	True
GOBP_VITAMIN_TRANSPORT	False	False	False	True	False	True
GOBP_VOCALIZATION_BEHAVIOR	False	False	True	True	True	True
GOBP_VOLUNTARY_MUSCULOSKELETAL_MOVEMENT	False	False	True	True	True	True
GOBP_VOLUNTARY_SKELETAL_MUSCLE_CONTRACTION	False	False	True	True	True	True
GOBP_V_D_J_RECOMBINATION	False	False	False	True	False	True
GOBP_WALKING_BEHAVIOR	False	False	True	True	True	True
GOBP_WATER_SOLUBLE_VITAMIN_BIOSYNTHETIC_PROCESS	False	False	True	True	True	True
GOBP_WATER_SOLUBLE_VITAMIN_METABOLIC_PROCESS	False	False	False	True	False	True
GOBP_WATER_TRANSPORT	False	False	True	True	True	True
GOBP_WHITE_FAT_CELL_DIFFERENTIATION	False	False	True	True	True	True
GOBP_WNT_SIGNALING_PATHWAY	True	False	False	False	False	False
GOBP_WNT_SIGNALING_PATHWAY_CALCIUM_MODULATING_PATHWAY	False	False	True	True	True	True
GOBP_WNT_SIGNALING_PATHWAY_PLANAR_CELL_POLARITY_PATHWAY	False	False	False	True	False	True
GOBP_WOUND_HEALING	True	False	False	False	False	False
GOBP_WOUND_HEALING_INVOLVED_IN_INFLAMMATORY_RESPONSE	False	False	False	True	False	True
GOBP_WOUND_HEALING_SPREADING_OF_EPIDERMAL_CELLS	False	False	False	False	False	False
GOBP_XENOBIOTIC_CATABOLIC_PROCESS	False	False	True	True	True	True
GOBP_XENOBIOTIC_EXPORT_FROM_CELL	False	False	True	True	True	True
GOBP_XENOBIOTIC_METABOLIC_PROCESS	False	False	False	False	False	False
GOBP_XENOBIOTIC_TRANSMEMBRANE_TRANSPORT	False	False	True	True	True	True
GOBP_XENOBIOTIC_TRANSPORT	False	False	False	True	False	True
GOBP_XENOBIOTIC_TRANSPORT_ACROSS_BLOOD_BRAIN_BARRIER	False	False	True	True	True	True
GOBP_XMP_METABOLIC_PROCESS	False	False	True	True	True	True
GOBP_ZINC_ION_IMPORT_ACROSS_PLASMA_MEMBRANE	False	False	True	True	True	True
GOBP_ZINC_ION_IMPORT_INTO_ORGANELLE	False	False	True	True	True	True
GOBP_ZINC_ION_TRANSPORT	False	False	False	True	False	True
GOBP_ZYMOGEN_ACTIVATION	False	False	False	True	False	True
