section	patient	n_unmeasured_panel_genes	genes
0000_HTAN_8270_AS_2_filtered_trimmed.h5ad	HTAN_VANDERBILT_CRC::PATIENT::07dc676d92f9d153	111	ACAN;ACP7;ACSM5;ADGRV1;ALG1L2;APOH;ARL8A;ASB5;ASIC2;ATP2B3;ATP8A2;BEGAIN;BTG4;C4BPA;C4orf36;C6orf118;CACNA1B;CCDC188;CCL1;CCL26;CCL8;CDC25A;CDH26;CETP;CFAP73;CHRFAM7A;CLC;CPLX2;CTSG;CYP3A7;DCC;DMC1;ECEL1;ELOVL7;ENOX1;ENPP7;ERP27;FAM13B;FAM214B;FRMPD3;FSTL4;FXYD4;GOLGA6L7;GRAMD2A;HAO2;HAX1;HBE1;HGFAC;HLA-DRB1;HLA-DRB5;IGHV5-10-1;IL1RL1;ISL2;ITIH3;KCNH6;KIF1A;KLRD1;KRT2;KRT5;KRTDAP;LRRC73;MFAP5;MILR1;MRAP;MUCL1;NKAIN1;NKX2-8;NRAP;ORM1;OTOG;OTOP1;PAX7;PGBD5;PI3;PKD1L3;PKD2L2;PLEKHD1;PPBP;PRR11;PTF1A;PYGM;RANBP3L;RFPL2;RSPH10B;RSPH10B2;RYR1;S100A7;SERPINA5;SH2D1B;SHISA6;SLC13A1;SLC18A2;SLC25A48;SLC6A18;SLC7A10;SLIT1;SLURP2;SORCS2;SPACA5;SRY;ST18;SVEP1;SYNDIG1L;SYT11;TAPT1;TBC1D19;TBL1Y;TBR1;TFAP2A;TRAV34;TTLL7
0001_HTAN_7003_AS_5_filtered_trimmed.h5ad	HTAN_VANDERBILT_CRC::PATIENT::0bd3490036cbd4de	12	ACP7;CCL1;CLC;CTNND2;GOLGA6L7;HLA-DQB1;HLA-DRB1;HLA-DRB5;LGALS7;SIGLEC14;SPACA5;TBR1
0002_HTAN_7003_AS_6_filtered_trimmed.h5ad	HTAN_VANDERBILT_CRC::PATIENT::0bd3490036cbd4de	14	CCL1;CLC;ENPP7;HBE1;HLA-DRB1;HLA-DRB5;MRAP;NKX2-8;NRAP;SH2D1B;SIGLEC14;SPACA5;SYNDIG1L;TRAV34
0003_HTAN_7003_AS_1_filtered_trimmed.h5ad	HTAN_VANDERBILT_CRC::PATIENT::0def2e0b01043545	94	ACP7;ACSM5;ADAM23;ALG1L2;APOH;ATP2B3;C14orf180;C4BPA;C6orf118;CCK;CCL1;CCL26;CCL8;CFAP73;CLC;CNOT11;CR1;CTNND2;CTSG;CYP3A7;DBX2;DCC;DMC1;ENPP7;FAM13B;FCGR1A;FRMPD3;GIMAP5;GOLGA6L7;HAO2;HBE1;HGFAC;IGHA1;IGHG4;IGLV3-1;IL1RL1;INCA1;ITGA11;ITIH3;KCNH6;KLRD1;KRT2;KRTDAP;LCE3C;LCN10;LGALS7;MDGA1;MFAP5;MGP;MRAP;MUCL1;NCMAP;NFASC;NKAIN1;NRAP;OR2T35;ORM1;PHF21B;PIK3R5;PKD1L3;PLEKHD1;PPBP;PRCD;PRR11;PYGL;PYGM;RANBP3L;RFPL2;RHOXF1;RSPH10B;RSPH10B2;RYR1;S100A7;SENP7;SH2D1B;SHISA6;SLC18A2;SLC25A48;SLC7A10;SLC9A2;SLIT1;SLURP2;SNX32;SPACA5;ST18;SYNDIG1L;TBC1D19;TBR1;TEPP;TIE1;TRAV34;TRAV38-1;TTLL7;ZNF385D
0004_HTAN_7003_AS_2_filtered_trimmed.h5ad	HTAN_VANDERBILT_CRC::PATIENT::0def2e0b01043545	32	ACP7;ACSM5;APOH;ATP2B3;C14orf180;CFAP73;CLC;CTNND2;CTSG;ENPP7;FRMPD3;HBE1;IL1RL1;LCE3C;MRAP;NKAIN1;NRAP;OR2T35;ORM1;PHF21B;PKD1L3;RHOXF1;RSPH10B2;RYR1;S100A7;SHISA6;SLC18A2;SLC25A48;SNX32;SPACA5;SYNDIG1L;ZNF385D
0005_HTAN_8270_AS_10_filtered_trimmed.h5ad	HTAN_VANDERBILT_CRC::PATIENT::15c4be5f5e924870	43	APOH;ATP8A2;BHLHA9;C14orf180;C6orf118;CLC;CT47B1;CTNND2;DCC;ENPP7;FOXB2;FRMPD3;GFRA4;GOLGA6L7;GSC2;HAO2;IGHV5-10-1;KLHL40;KRT38;KRT5;KRTAP9-7;LINC02218;MIXL1;MRAP;OLIG2;OR10C1;ORM1;OTUD6A;PRAMEF27;RFPL2;RSPH10B;RSPH10B2;S100A7;SCGB3A1;SLC13A1;SLC18A2;SLC25A48;SLC7A10;SNX32;SPACA5;SYNDIG1L;TRAV34;VSTM2B
0006_HTAN_8578_AS_2_filtered_trimmed_WD84226.h5ad	HTAN_VANDERBILT_CRC::PATIENT::15c4be5f5e924870	1564	A2ML1;AADACL2;AADACL3;AARD;ABCA8;ABCG2;ABHD16B;ACER1;ACKR4;ACP7;ACSBG2;ACSM4;ACSM5;ACTL7A;ACTL7B;ACTL9;ACTRT1;ACTRT2;ADAD2;ADAM30;ADAMTS20;ADCY5;ADCYAP1;ADGRD2;ADGRG2;ADGRG4;ADGRV1;ADIPOQ;ADRA1D;ADRB3;AFM;AGMO;AGTR2;AIPL1;AIRE;AKAP4;ALAS2;ALOX12;ALPK2;ALX3;ALX4;AMBP;AMER3;AMH;AMTN;AMZ1;ANGPTL7;ANHX;ANKLE1;ANKRD30A;ANKRD30B;ANKRD33;ANKRD63;ANKUB1;ANO5;ANXA2R;APOA5;APOBEC2;APOBEC3H;APOC4;APOH;APOL5;AQP5;AQP8;ARL14EPL;ARMH4;ARMS2;ARNT2;ARR3;ART1;ASB11;ASB17;ASB5;ASCL1;ASCL3;ASCL4;ASCL5;ASIC2;ASIP;ASTN1;ATP12A;ATP1A3;ATP1B4;ATP2B3;ATP4A;ATP8A2;AVPR1A;AVPR1B;AWAT2;B3GAT2;B3GNT4;BARHL2;BBOX1;BCAN;BCL2L10;BEND4;BEX1;BFSP2;BHLHA9;BHLHE23;BLK;BMP15;BMP3;BMX;BOLL;BPIFA2;BPIFB1;BPIFB2;BPIFB4;BRDT;BSND;BTBD17;BTG4;BTN1A1;C10orf53;C10orf62;C11orf21;C11orf42;C11orf86;C11orf87;C11orf97;C12orf42;C12orf54;C12orf56;C13orf42;C14orf180;C16orf78;C16orf92;C16orf96;C19orf85;C1QL2;C20orf141;C20orf202;C20orf203;C20orf85;C21orf62;C22orf15;C22orf31;C22orf42;C3orf49;C3orf56;C3orf80;C4orf54;C6orf118;C8orf74;CA6;CA7;CABP5;CABP7;CACNA1E;CACNA1G;CACNG1;CACNG2;CACNG4;CACNG5;CACNG6;CADM3;CALHM1;CALML5;CALN1;CAMP;CAPSL;CAPZA3;CASP14;CATSPER1;CATSPERD;CBLN2;CCBE1;CCDC105;CCDC160;CCDC177;CCDC182;CCDC192;CCDC196;CCDC198;CCDC200;CCDC39;CCDC65;CCDC70;CCER1;CCKBR;CCL1;CCL13;CCL25;CCL8;CCR3;CCR6;CD101;CD1A;CD207;CD22;CD300LG;CD5L;CD79B;CDH15;CDH18;CDH20;CDH26;CDH6;CDHR4;CDO1;CDX4;CEACAM20;CELA2B;CELA3A;CETN1;CFAP100;CFAP77;CFAP97D1;CFC1B;CHAD;CHGB;CHIA;CHODL;CHRDL1;CHRFAM7A;CHRM2;CHRNA1;CHRNA2;CHRNA3;CHST8;CIDEA;CILP;CILP2;CKM;CLC;CLCNKB;CLDN17;CLDN19;CLDN20;CLEC2L;CLEC3A;CLPS;CLVS2;CMA1;CMTM5;CNBD1;CNBD2;CNGA2;CNGB1;CNMD;CNNM1;CNR2;CNTN3;CNTN6;CNTNAP4;COL10A1;COL4A6;COLEC10;COX6A2;CPA1;CPA2;CPA5;CPB1;CPXCR1;CPZ;CR1;CRCT1;CRHBP;CRHR1;CRHR2;CRISP2;CRLF1;CRNN;CRX;CRYBB1;CRYGA;CRYGC;CSDC2;CSF2;CSMD1;CSRP2;CSRP3;CST4;CST9L;CT47B1;CTNND2;CTSG;CTXN2;CTXND1;CUX2;CXCR5;CXorf65;CYLC1;CYP11A1;CYP11B1;CYP11B2;CYP1A1;CYP1A2;CYP2A13;CYP2F1;CYP3A7;CYP46A1;CYP4A11;CYP4A22;CYP4B1;CYP4F2;CYP4F22;CYP8B1;CYS1;DBH;DBX1;DBX2;DCAF12L2;DCAF4L1;DCAF4L2;DCAF8L1;DCAF8L2;DCC;DCD;DCDC2C;DCHS2;DCLK1;DCSTAMP;DDX4;DEFA4;DEFB112;DEFB115;DEFB116;DEFB118;DEFB136;DGKK;DISP3;DKKL1;DLEU7;DLG2;DLK1;DLX1;DMBX1;DMP1;DMRT3;DMRTB1;DNAAF1;DNAH3;DNAI2;DNAJB13;DNAJB8;DNMT3L;DNTT;DOCK3;DPPA2;DPPA4;DPYSL5;DRC1;DRD3;DSC1;DSEL;DUSP13;DUX4;DUXA;DYNAP;EBF2;EBF3;ECEL1;ECRG4;EDDM3B;EDIL3;EEF1A2;EFCAB10;EFCAB3;EGF;EGFL6;EMX2;EN1;ENOX1;ENPP7;ERICH3;ERVMER34-1;ERVV-1;ERVV-2;ERVW-1;ETV3L;FAM151A;FAM162B;FAM166A;FAM180B;FAM181A;FAM184B;FAM240C;FAM43B;FAM47B;FAM47C;FAM81B;FAM9A;FANCD2OS;FASLG;FAT2;FATE1;FBN3;FCGR1A;FCN2;FCRL3;FCRL4;FCRLA;FERD3L;FEZF2;FFAR1;FGF14;FGF16;FGF19;FGG;FIGLA;FMR1NB;FOLR2;FOXB1;FOXB2;FOXD3;FOXE1;FOXG1;FOXI1;FOXI3;FOXL2;FOXL2NB;FOXN1;FOXS1;FPR1;FREM2;FREM3;FRMD4A;FRMPD3;FSCB;FSHB;FTCD;FTHL17;FTMT;FYB1;GAB4;GABBR2;GABRA4;GABRA5;GABRA6;GABRG1;GABRG3;GABRR1;GABRR3;GAGE10;GAL3ST3;GALNT9;GALP;GAST;GATA1;GC;GCM1;GCM2;GCSAM;GDF10;GDF2;GDF5;GDF7;GFI1B;GFRA2;GFRA4;GFRAL;GFY;GHRHR;GHSR;GIMD1;GIP;GJA3;GJB5;GKN1;GLI2;GLP1R;GLRA1;GLYATL1;GLYATL2;GNG13;GNMT;GOLGA6L7;GOT1L1;GP5;GPHB5;GPM6A;GPR12;GPR139;GPR143;GPR148;GPR150;GPR158;GPR174;GPR182;GPR32;GPR42;GPR50;GPR6;GPR61;GPR62;GPR83;GPR88;GPX6;GREM2;GRIA1;GRIFIN;GRIK4;GRIN3A;GRK1;GRM3;GRM5;GRM7;GRPR;GRXCR2;GSC2;GSG1L;GSX1;GUCA2B;GUCY2D;GUCY2F;GZMK;HAND1;HAO1;HAO2;HAPLN1;HAPLN4;HAS1;HBE1;HBG2;HBM;HCN1;HCN4;HDGFL1;HEPHL1;HIGD2B;HLA-DQB2;HMCN1;HMCN2;HMGCLL1;HMX2;HOXB1;HOXC10;HOXC11;HOXC12;HOXC8;HP;HPCAL4;HPGDS;HPR;HRH3;HS3ST2;HSD11B1;HSPB7;HSPB9;HTR1A;HTR1E;HTR3B;HTR5A;IAPP;ICOS;IFITM5;IFNA14;IFNA16;IFNG;IFNK;IFNL2;IGDCC3;IGFBP1;IGFL3;IGFN1;IGHA2;IGHV1-46;IGHV1-58;IGHV5-10-1;IGKV1D-42;IGKV6D-41;IGLJ5;IGLL1;IGLV2-33;IGLV3-22;IGLV4-60;IGSF1;IGSF11;IGSF5;IL13;IL17A;IL17F;IL19;IL1RAPL2;IL25;IL36G;IL5RA;IMPG1;INA;INHBC;INSL6;INSM1;INSM2;INSYN2A;INSYN2B;IQCF6;IQGAP2;IRGC;IRS4;IRX1;IRX4;IRX6;ITGA8;ITIH1;ITIH3;IVL;IZUMO1R;KBTBD12;KBTBD13;KCNA3;KCNA4;KCNA5;KCNB1;KCNC1;KCNG4;KCNH5;KCNJ15;KCNJ18;KCNJ4;KCNJ9;KCNK12;KCNK15;KCNK17;KCNK18;KCNS1;KCNS2;KCNT1;KCNV2;KCTD16;KDM4F;KEL;KHDC3L;KHDRBS2;KIAA1549L;KIAA2012;KIF17;KIF1A;KIF5C;KIF6;KIR3DL3;KIRREL2;KLF14;KLF18;KLHDC7B;KLHL34;KLHL38;KLHL40;KLK14;KLK2;KLK5;KLRC1;KLRD1;KNG1;KPRP;KRT1;KRT2;KRT24;KRT26;KRT31;KRT32;KRT33B;KRT34;KRT38;KRT5;KRT72;KRT74;KRT82;KRT83;KRT84;KRT85;KRT9;KRTAP1-1;KRTAP1-3;KRTAP1-4;KRTAP1-5;KRTAP10-1;KRTAP10-11;KRTAP10-8;KRTAP11-1;KRTAP12-4;KRTAP19-4;KRTAP2-3;KRTAP2-4;KRTAP20-1;KRTAP20-2;KRTAP20-3;KRTAP20-4;KRTAP23-1;KRTAP24-1;KRTAP26-1;KRTAP3-1;KRTAP4-12;KRTAP4-3;KRTAP4-5;KRTAP4-7;KRTAP5-1;KRTAP6-3;KRTAP7-1;KRTAP9-3;KRTAP9-7;KRTDAP;L1CAM;LACTBL1;LCE1A;LCE1C;LCE1D;LCE2A;LCE2B;LCE3D;LCE3E;LCE4A;LCE6A;LCN10;LCN6;LCN8;LCN9;LDB3;LELP1;LGALS14;LGALS7;LGI4;LHX1;LHX3;LHX9;LILRA2;LILRA4;LIM2;LINC02218;LINGO2;LINGO3;LIPC;LIX1;LLGL1;LMOD2;LMX1A;LONRF2;LPO;LRAT;LRFN5;LRIT1;LRIT2;LRP1B;LRRC10;LRRC18;LRRC55;LRRC74A;LRRTM3;LRTM1;LUZP4;LVRN;LY6L;LYPD2;MAB21L1;MAG;MAGEA12;MAGEA4;MAGEA8;MAGEA9B;MAGEB10;MAGEB17;MAGEB18;MAGEB3;MAGEB6B;MAGEC1;MAGEE2;MAOB;MAP6;MARCOL;MAS1;MAS1L;MATN1;MATN3;MBD3L2B;MC2R;MC5R;MCF2;MCHR1;MCHR2;MDGA1;MEDAG;MEF2C;MEOX2;MFRP;MFSD4A;MGAT4C;MGAT4D;MGP;MINAR2;MIXL1;MKRN3;MLNR;MMD2;MMP13;MMP24;MMP8;MPC1L;MPO;MPPED2;MRGPRD;MRGPRE;MRGPRG;MRGPRX4;MROH2A;MROH2B;MROH9;MSGN1;MSTN;MT4;MTNR1B;MTTP;MUC16;MUC21;MUC22;MUCL1;MXRA5;MYBPC2;MYL2;MYL4;MYMK;MYO1H;MYO3A;MYOC;MYOD1;MYOG;MYOM2;MYOT;MYT1L;NAT16;NAT8;NAV3;NCBP2L;NCR1;NDST4;NELL1;NEU2;NEUROD2;NEUROD4;NEUROG1;NGB;NHLH2;NKAIN1;NKX1-1;NKX2-4;NKX2-8;NKX6-2;NLRP10;NLRP4;NLRP5;NLRP7;NLRP8;NME9;NMNAT2;NMRK2;NMS;NMUR1;NOBOX;NOTO;NOVA1;NPAP1;NPAS4;NPPA;NPPB;NPTX1;NPY;NPY2R;NPY4R2;NPY5R;NR0B1;NR1D2;NR1I3;NR5A1;NRG2;NRSN1;NSG2;NT5C1A;NTRK1;NTSR2;NUTM1;NWD2;NXNL1;NXPH3;NYAP2;NYX;OC90;OCSTAMP;ODF3;ODR4;OGN;OLIG3;OOSP2;OPN1LW;OPN5;OPTC;OR10A3;OR10A6;OR10AD1;OR10C1;OR10D3;OR10G4;OR10G8;OR10H1;OR10J5;OR10K1;OR10P1;OR10V1;OR11A1;OR11H4;OR12D2;OR12D3;OR13H1;OR13J1;OR14A2;OR14C36;OR14I1;OR14J1;OR1A1;OR1F1;OR1I1;OR1J1;OR1J2;OR1K1;OR1L1;OR1L3;OR1L8;OR1M1;OR1N2;OR1S1;OR2A2;OR2A25;OR2AJ1;OR2AP1;OR2AT4;OR2B2;OR2F2;OR2G2;OR2G3;OR2G6;OR2I1P;OR2L13;OR2M2;OR2S2;OR2T10;OR2T11;OR2T12;OR2T2;OR2T35;OR2T6;OR2T8;OR2V1;OR2Z1;OR3A1;OR3A3;OR4A15;OR4A5;OR4C11;OR4C13;OR4C3;OR4C5;OR4D10;OR4D5;OR4D6;OR4D9;OR4E1;OR4E2;OR4K14;OR4N5;OR4Q3;OR4S2;OR4X1;OR4X2;OR51A4;OR51B2;OR51B4;OR51F1;OR51F2;OR51G1;OR51G2;OR51I2;OR51S1;OR51T1;OR51V1;OR52A1;OR52B2;OR52B4;OR52B6;OR52E4;OR52I1;OR52I2;OR52L1;OR52M1;OR52N2;OR56A1;OR56A3;OR5A1;OR5AC2;OR5AS1;OR5AU1;OR5B2;OR5C1;OR5D13;OR5D16;OR5K3;OR5M11;OR5M8;OR5P2;OR6B3;OR6C4;OR6C6;OR6C74;OR6F1;OR6K2;OR6K6;OR6M1;OR6P1;OR6S1;OR6Y1;OR7C2;OR7D2;OR7E24;OR7G1;OR7G2;OR7G3;OR8D4;OR8G5;OR8K1;OR9A4;OR9I1;ORM1;OSM;OTOF;OTOG;OTOL1;OTOP2;OTOR;OTUD6A;OTX2;P2RX2;P2RX3;P3R3URF;PABPC1L2B;PABPC3;PAEP;PAGE4;PAK5;PAPPA2;PASD1;PATE3;PAX2;PAX4;PAX8;PCDH10;PCDH11X;PCDH8;PCDHA4;PCDHA5;PCDHB1;PCOLCE2;PCYT1B;PDE1A;PDE6G;PDILT;PENK;PFN3;PGBD5;PGC;PGLYRP1;PHF24;PHOX2A;PHOX2B;PIANP;PIRT;PIWIL2;PIWIL3;PKD2L1;PKD2L2;PKHD1L1;PKNOX2;PLA2G2D;PLA2G2E;PLA2G2F;PLA2G3;PLA2G4E;PLD5;PLEKHG4B;PLGLB2;PLK5;PLP1;PLPPR1;PLPPR3;PLPPR4;PLPPR5;PLXNA4;PNLIPRP3;PNMA3;PNMA5;PNMA6E;PNMA8B;POM121L12;POMC;POU3F1;POU3F2;POU3F3;POU4F2;PP2D1;PPP1R1A;PPP1R2C;PPP1R36;PPP1R3A;PRAC1;PRAMEF19;PRAMEF20;PRAMEF27;PRAMEF33;PRCD;PRDM12;PRELP;PRKAG3;PRLH;PRM1;PRM2;PRM3;PRMT8;PRODH2;PROKR2;PROP1;PROX2;PRR18;PRR23C;PRR27;PRR30;PRR32;PRR33;PRR9;PRRT2;PRSS35;PRSS54;PRSS56;PRSS58;PSG7;PSKH2;PSMB11;PTF1A;PTGER3;PTH1R;PTH2;PTPN5;PTPRN;PTPRZ1;PTX4;PWWP3B;PYDC1;PYDC2;QRFPR;RAB39A;RAB39B;RAB6C;RAD21L1;RAET1E;RAG2;RALGAPA2;RANBP3L;RASSF9;RBFOX1;RBM46;RBMXL2;RBMXL3;RBP4;RDH12;RERGL;RETN;RFK;RFPL2;RGS22;RGS4;RHEX;RHO;RHOXF1;RIMS2;RNASE10;RNASE11;RNASE7;RNASE8;RNF113B;RNF150;RNF175;RNF222;RNF224;RP1L1;RPGRIP1;RPRML;RPTN;RSPH10B;RSPO3;RTL3;RTL4;RTN4RL1;RTP2;RXFP3;RYR1;S100A7;S100A7A;S1PR5;SAGE1;SAXO1;SBK2;SCG3;SCGB1D1;SCGB3A1;SCN3B;SCRG1;SCUBE2;SCYGR8;SDHAF1;SDR42E2;SEBOX;SEC14L4;SERPINA11;SERPINA4;SERPINA5;SERPINA9;SERPINB10;SERPINB11;SERPINB13;SERPINB3;SERTM2;SEZ6;SEZ6L;SFRP2;SFRP5;SFTPB;SFTPD;SGCD;SH2D1A;SH2D1B;SHD;SHISA6;SHISA7;SHISA9;SHISAL2B;SHOX;SIM1;SIX1;SIX6;SKOR2;SLC10A1;SLC13A1;SLC13A5;SLC14A1;SLC15A1;SLC16A8;SLC17A6;SLC18A2;SLC18A3;SLC1A6;SLC1A7;SLC22A12;SLC22A2;SLC22A6;SLC22A7;SLC22A8;SLC22A9;SLC23A1;SLC24A2;SLC25A47;SLC28A2;SLC30A10;SLC30A3;SLC32A1;SLC36A2;SLC45A1;SLC45A2;SLC47A2;SLC51A;SLC5A10;SLC5A4;SLC5A5;SLC5A7;SLC6A12;SLC6A13;SLC6A16;SLC6A17;SLC6A5;SLC7A10;SLC7A3;SLC9A4;SLITRK5;SLN;SMC1B;SMCP;SMIM2;SMIM21;SMIM23;SMIM28;SMIM36;SMTNL1;SNAI3;SNX22;SNX31;SNX32;SOAT2;SOHLH1;SORCS3;SOST;SOSTDC1;SOX1;SOX10;SOX11;SOX3;SP6;SP9;SPACA7;SPANXB1;SPANXN4;SPANXN5;SPATA19;SPDYE4;SPEM1;SPEM2;SPHKAP;SPINK14;SPRR1B;SPRR2G;SPRR3;SPRR4;SPRR5;SPSB4;SRD5A2;SRY;SSUH2;SSX3;SSX5;ST8SIA2;STAC2;STEAP4;STK32B;STKLD1;STPG3;STRA8;SULT2A1;SULT4A1;SUN5;SUSD5;SV2C;SVOP;SVOPL;SYCN;SYCP1;SYN1;SYNDIG1L;SYPL2;SYT14;SYT4;SYT5;SYT6;TAAR1;TAAR6;TAAR9;TACR3;TAF11L14;TAFA1;TARM1;TAS1R3;TAS2R1;TAS2R16;TAS2R4;TBATA;TBC1D19;TBC1D21;TBR1;TBX1;TBX18;TBX21;TBX22;TBX4;TBX5;TCEAL5;TCEAL7;TCF15;TCHHL1;TCL1A;TDRD1;TDRD6;TDRD9;TEKT2;TEKT4;TENM3;TENM4;TENT5D;TEPP;TERB1;TERB2;TEX11;TEX13A;TEX13B;TEX13C;TEX14;TEX28;TEX37;TEX44;TEX45;TEX51;TFAP2B;TFAP2D;TFPI2;TGFBR3L;TGIF2LX;TGM3;TGM6;THEM5;TIGIT;TKTL1;TLE7;TLX2;TLX3;TMC2;TMEM114;TMEM132B;TMEM132C;TMEM151B;TMEM178B;TMEM179;TMEM200C;TMEM202;TMEM215;TMEM221;TMEM229A;TMEM233;TMEM235;TMEM255A;TMEM26;TMEM262;TMEM271;TMEM275;TMEM74;TMEM88B;TMPRSS11D;TMPRSS15;TMPRSS6;TMPRSS7;TNFRSF13B;TNFRSF17;TNMD;TNN;TNNI1;TNP2;TNR;TOGARAM2;TPO;TPPP2;TPRX1;TRAJ31;TRAJ40;TRAJ45;TRAJ52;TRAPPC3L;TRARG1;TRAT1;TRAV12-2;TRAV20;TRAV27;TRAV34;TRAV38-1;TRAV41;TRBV10-2;TRBV10-3;TRBV11-1;TRBV12-5;TRBV19;TRBV30;TRBV4-2;TRBV6-4;TRBV7-1;TRBV7-3;TRBV7-9;TRBV9;TRDJ1;TRGC1;TRGV11;TRH;TRHR;TRIM42;TRIM63;TRIM67;TRIM71;TRPC7;TRPM3;TRPM8;TRPV3;TRPV6;TSGA10IP;TSHB;TSHR;TSNAXIP1;TSPAN10;TSPAN19;TSPYL6;TTBK1;TTC34;TTLL7;TULP2;UCP1;UGT2A1;UGT2B10;ULBP1;UMODL1;UNC45B;UNC5C;UNC5D;UNCX;USH1G;UTF1;VAX1;VGLL2;VIP;VNN2;VSTM2A;VSTM2B;VSX1;VSX2;VWC2;WDR38;WEE2;WFDC12;WFDC13;WNT1;WNT16;WNT3A;WNT6;WNT8A;WT1;XAGE5;XCR1;YIPF7;YY2;ZACN;ZAN;ZAR1;ZBED2;ZBTB8B;ZDHHC22;ZFP57;ZFP92;ZFPM2;ZFR2;ZIC2;ZIC3;ZIC4;ZIC5;ZIM3;ZMAT4;ZNF157;ZNF280A;ZNF280B;ZNF334;ZNF385B;ZNF385D;ZNF474;ZNF491;ZNF534;ZNF536;ZNF540;ZNF578;ZNF676;ZNF750;ZNF80;ZNF804A;ZNF98;ZP1;ZPBP;ZSCAN1;ZSCAN4;ZYG11A
0007_HTAN_8270_AS_9_filtered_trimmed.h5ad	HTAN_VANDERBILT_CRC::PATIENT::1cdbf9c9f9ca1d51	161	ACP7;ACSM5;ACTRT2;AIPL1;ANKRD30A;APOL5;AQP10;BCAN;C10orf90;C11orf42;C12orf56;C13orf42;C6orf118;CAV3;CCDC177;CCK;CCKBR;CCL1;CCR6;CD5L;CFC1B;CLC;CTNND2;CXCR5;CYP1A1;CYP2A6;DBX2;DCAF8L2;DEFA4;DLGAP2;DUSP13;ELAVL3;ELOA2;ENPP7;FCRLA;FOXB1;FOXG1;FOXL2;FSHB;FTHL17;FTMT;GAL3ST3;GALNT9;GALP;GFRA4;GOLGA6L7;GPR149;GPR6;GPR88;GUCY2D;HAO2;HBE1;HBM;HGFAC;HTR2C;IGHV1-58;IGHV5-10-1;IGLV2-33;IRX1;KCNA1;KCNG4;KCNK16;KCNV2;KLHL14;KLHL40;KRT3;KRT38;KRT71;KRTAP4-3;LCE3C;LCE3D;LCE6A;LCN9;LGALS7;MAGEA9B;MAGEB6B;MRGPRE;MRGPRX3;MUC6;MYH8;MYMK;MYT1L;NAA11;NANOS2;NCAN;NEUROD2;NKX1-1;NKX2-6;NKX2-8;NMRK2;NOL4;NPAP1;NYX;OLIG2;OR10C1;OR11L1;OR1F1;OR2A5;OR2Z1;OR4E2;OR51T1;OR52B4;OR5K3;OR6K6;OR6S1;OR8B8;ORM1;OTOG;PABPN1L;PAQR9;PHF21B;PHOX2A;PHOX2B;PKD2L2;PLPPR3;PNPLA5;POU3F1;POU3F2;PRAMEF27;PRODH2;PRSS57;PSG3;RLN3;RNF175;RSPH10B2;RTP1;RTP2;SEBOX;SH2D1B;SH2D7;SIGLEC14;SLC1A7;SLC22A6;SLURP1;SMN1;SORCS3;SPACA1;SPACA5;SPEM2;SPRR5;SYNDIG1L;TBR1;TCL1A;TEX13C;TMEM174;TMEM213;TMEM221;TMPRSS15;TOGARAM2;TPD52L3;TRAV27;TRAV34;TRIM67;TRIML1;UMOD;VSX2;WNT3A;XKR5;ZAN;ZDHHC22;ZIC3
0008_HTAN_8578_AS_2_filtered_trimmed_WD84594.h5ad	HTAN_VANDERBILT_CRC::PATIENT::1cdbf9c9f9ca1d51	1125	A2ML1;A3GALT2;AARD;ABCC8;ABCG2;ABCG4;ACER1;ACKR2;ACP4;ACP7;ACSM4;ACSM5;ACTL6B;ACTL7A;ACTL9;ACTN3;ADAMTS18;ADCYAP1R1;ADGRA1;ADGRD2;ADGRG3;ADRA1D;ADRA2B;AGBL3;AIPL1;AKAIN1;ALOX12;ALX1;ALX3;ALX4;AMER2;AMH;AMZ1;ANGPT4;ANGPTL1;ANKRD30B;ANKRD34B;ANKRD55;ANKRD63;ANKRD65;ANTXRL;APOA1;APOA4;APOA5;APOF;AQP10;AQP4;ARL14EPL;ARMC3;ART1;ASB10;ASB5;ASCL1;ASCL3;ASCL4;ASTN1;ATP1B4;ATP2B2;ATP2B3;ATP8A2;AVP;AWAT2;B3GAT2;B3GNT4;BCAN;BEND4;BEX1;BHLHA9;BPIFB4;BRINP2;BSX;BTN1A1;C10orf53;C10orf90;C11orf21;C11orf87;C11orf97;C12orf56;C13orf42;C14orf180;C16orf89;C1QL2;C1orf167;C1orf232;C1orf68;C1orf94;C22orf31;C22orf42;C2orf66;C2orf78;C3orf49;C3orf80;C3orf84;C4orf54;C6;C6orf118;C8orf74;CA6;CABP5;CABP7;CACNG2;CACNG5;CACNG6;CACNG7;CALHM1;CALHM3;CALML5;CARTPT;CASP14;CATSPER1;CAV3;CCDC158;CCDC160;CCDC166;CCDC185;CCDC196;CCDC201;CCDC39;CCDC65;CCDC70;CCK;CCKBR;CCL1;CCL17;CCL8;CCR3;CCR7;CCT8L2;CD247;CD300E;CD5L;CDH10;CDH19;CDH20;CDH22;CDO1;CEBPE;CELF4;CES5A;CETN1;CFAP73;CFAP77;CFC1B;CHAT;CHIA;CHRDL1;CHRFAM7A;CHRM5;CHRNA4;CHRNA6;CHRND;CHST8;CHST9;CIB4;CIDEA;CKM;CLC;CLDN17;CLDN19;CLDN20;CLEC12A;CLEC2L;CLEC3A;CLPS;CLUL1;CMA1;CMTM5;CNBD1;CNGA2;CNR2;COL22A1;COL4A6;COL6A6;CPA5;CPAMD8;CPHXL;CPN2;CPXCR1;CR1;CRCT1;CRH;CRHR2;CRNN;CRX;CRYGA;CSAG3;CSF2;CSN3;CST9;CT47B1;CTNND2;CTRB1;CTSG;CTXN3;CUX2;CXorf66;CYP11A1;CYP11B1;CYP1A2;CYP2A13;CYP2A6;CYP2F1;CYP46A1;CYP4A11;CYP4A22;CYP8B1;CYS1;DAO;DBH;DCAF12L2;DCAF4L1;DCAF4L2;DCC;DCD;DCSTAMP;DDI1;DDX4;DEFB135;DGKG;DKKL1;DLGAP2;DLK1;DLX5;DMBX1;DMRT3;DNAH5;DNAI2;DNAJB8;DNMT3L;DPP6;DPPA4;DRD3;DUSP13;EBF2;ECEL1;EDDM3B;EFCAB3;EFS;ELAVL3;ELOA2;ELOVL2;EN1;ENAM;ENDOU;ENPP7;EPO;ERVFRD-1;ERVV-1;ERVW-1;ESR2;ETNPPL;EVPLL;FABP9;FAM110D;FAM151A;FAM166A;FAM181A;FAM181B;FAM43B;FAM9B;FANCD2OS;FASLG;FBXO15;FCER1A;FCGR1A;FCRL3;FCRL4;FCRLA;FEZF2;FFAR1;FGF23;FGF3;FGFBP2;FLRT2;FMO2;FOXB1;FOXB2;FOXE1;FOXG1;FOXI1;FOXL2;FOXN1;FRMD4A;FRMPD3;FRMPD4;FSHB;FTCD;FTHL17;FTMT;FUT5;FYB2;GAB4;GABRA1;GABRA4;GABRB3;GABRG3;GAL3ST3;GALNT9;GALR1;GAST;GATA1;GBP6;GBX1;GCM2;GCSAM;GDF5;GDF6;GDF7;GFRA2;GFRA4;GFRAL;GH2;GIMD1;GIP;GJA8;GLP1R;GLT6D1;GMNC;GNAT1;GNG3;GNRHR;GOLGA6L7;GP9;GPHB5;GPR146;GPR148;GPR149;GPR150;GPR26;GPR42;GPR50;GPR6;GPR78;GPR83;GPX6;GRIFIN;GRIN3B;GRM2;GSC2;GSDMC;GSG1;GSG1L;GUCY2D;GZMK;GZMM;HAMP;HAND1;HAO1;HAO2;HAPLN4;HAS1;HBE1;HBG2;HBM;HCN4;HDGFL1;HELT;HES7;HGFAC;HLA-DQB2;HMGCLL1;HMX1;HOXD1;HOXD10;HRH4;HRK;HSFX4;HTR1A;HTR1E;HTR3B;HTR5A;IAPP;IFNA14;IFNA16;IFNA8;IFNG;IFNL1;IFNW1;IGFL1;IGFN1;IGHA2;IGHE;IGHV1-46;IGHV1-58;IGHV5-10-1;IGKV1D-42;IGKV5-2;IGLC7;IGLJ5;IGLJ6;IGLL1;IGLV4-60;IGSF5;IKZF3;IL12B;IL12RB2;IL13;IL1RL1;IL22;IL27;IL36G;IL36RN;IL5;INCA1;INS;INSL6;INSM2;INSYN2A;IQCF6;IRGC;IRS4;IRX4;ISM2;ITIH1;ITIH3;ITLN2;IVL;IZUMO1R;JPH4;KBTBD13;KCNA5;KCNG4;KCNH5;KCNIP4;KCNJ1;KCNJ10;KCNJ13;KCNJ15;KCNJ18;KCNJ4;KCNJ6;KCNJ9;KCNK12;KCNK16;KCNK18;KCNK7;KCNS1;KCNT1;KCNV2;KDM4F;KERA;KHDC3L;KIAA2012;KIF1A;KIF6;KIR3DL3;KLHL14;KLHL40;KLK5;KLRD1;KNDC1;KPRP;KRT1;KRT13;KRT2;KRT24;KRT26;KRT32;KRT33B;KRT38;KRT5;KRT6B;KRT71;KRT72;KRT74;KRT79;KRT84;KRTAP1-3;KRTAP1-4;KRTAP10-1;KRTAP10-11;KRTAP10-7;KRTAP13-3;KRTAP15-1;KRTAP19-5;KRTAP20-1;KRTAP22-1;KRTAP4-12;KRTAP4-3;KRTAP5-1;KRTAP8-1;KRTAP9-3;KRTAP9-7;LACTBL1;LAIR2;LBHD2;LBP;LCE3C;LCE3E;LCN8;LCN9;LDLRAD1;LELP1;LGI1;LGI4;LHX1;LHX3;LHX5;LHX9;LILRA4;LILRB5;LINC02218;LINGO3;LIPC;LLGL1;LPO;LRAT;LRFN5;LRIT2;LRRC10;LRRC30;LRRC55;LRTM1;LRTM2;LSMEM2;LTA;LUZP4;LY6L;LYPD2;LYZL6;M1AP;MAB21L1;MAG;MAGEA12;MAGEA4;MAGEA9B;MAGEB18;MAGEB2;MAGEB3;MAGEB6B;MAGEC1;MAL;MALRD1;MAP3K15;MARCOL;MAS1;MAS1L;MBD3L1;MC5R;MCF2;MCHR1;MCHR2;MDH1B;MEOX1;MEOX2;MGAM;MIXL1;MLC1;MLN;MLNR;MMD2;MMP27;MMRN1;MORC1;MPC1L;MRAP;MRGPRD;MRGPRE;MRGPRG;MRGPRX3;MROH9;MS4A12;MS4A18;MSGN1;MSH4;MSLNL;MTNR1B;MTTP;MUC22;MUCL1;MXRA5;MYH1;MYH4;MYH6;MYH8;MYL2;MYL7;MYMK;MYO3B;MYOC;MYOD1;MYOG;MYOM2;MYOT;MYT1L;NAA11;NAP1L3;NAV3;NCCRP1;NCR1;NCR3;NDRG4;NEFL;NEUROD2;NEUROD4;NEUROG1;NGB;NKX1-1;NKX2-1;NKX2-4;NKX6-2;NKX6-3;NLRP13;NLRP4;NLRP7;NLRP9;NME5;NMRK2;NMUR2;NOG;NOL4;NPAP1;NPB;NPHS2;NPPA;NPPB;NPPC;NPY;NPY2R;NR1I3;NRAP;NRG2;NRSN1;NSG2;NT5C1A;NTN3;NTRK1;NTS;NTSR2;NUDT10;NXNL1;NYAP2;NYX;ODF3;OLIG2;OLIG3;OPALIN;OPN1LW;OPRK1;OPRPN;OR10A5;OR10AD1;OR10C1;OR10G2;OR10G6;OR10H1;OR10J5;OR10K1;OR10P1;OR10V1;OR11A1;OR11L1;OR12D3;OR13C9;OR14A2;OR14C36;OR14J1;OR1A1;OR1C1;OR1G1;OR1K1;OR1L8;OR1M1;OR1S1;OR2A12;OR2A2;OR2A25;OR2AP1;OR2B3;OR2B6;OR2C3;OR2F2;OR2J2;OR2J3;OR2M3;OR2T10;OR2T11;OR2T35;OR2T5;OR2W1;OR2Y1;OR3A3;OR4A15;OR4C3;OR4C6;OR4D6;OR4D9;OR4E2;OR4K14;OR4N5;OR4Q3;OR4S2;OR4X1;OR51A7;OR51B2;OR51B4;OR51B6;OR51F1;OR51I2;OR51L1;OR51M1;OR51T1;OR52A1;OR52B4;OR52E2;OR52M1;OR52W1;OR56A1;OR56A3;OR5A1;OR5AS1;OR5AU1;OR5B2;OR5B3;OR5C1;OR5D14;OR5D18;OR5H15;OR5K3;OR5K4;OR5L1;OR5M8;OR6C75;OR6K3;OR6N1;OR6S1;OR6Y1;OR7C2;OR7D4;OR8B4;OR8D2;OR8G1;ORM1;OSR1;OTOF;OTOG;OTOL1;OTOP1;OTOP3;OTP;OVOL3;P2RX2;P2RX5;P2RX6;PABPN1L;PADI6;PAGE3;PAGE4;PANX3;PAPPA2;PASD1;PATE3;PAX2;PAX3;PAX7;PAX8;PAX9;PCDH10;PCDH11X;PCDH8;PCDHA1;PCDHA5;PCDHB1;PDILT;PEX5L;PGAM2;PGLYRP2;PGLYRP4;PHF21B;PHF24;PHOX2A;PIRT;PIWIL2;PKD2L1;PKD2L2;PLA2G4D;PLA2G4E;PLCXD3;PLEKHD1;PLK5;PNOC;POM121L12;POU3F1;POU3F3;POU4F2;PPEF1;PPP1R36;PRAMEF19;PRAMEF27;PRB3;PRCD;PRDM12;PRDM13;PRDM16;PRIMA1;PRKACG;PRKCB;PRLH;PRLHR;PRM3;PRMT8;PROP1;PROX2;PRPH;PRR23C;PRR27;PRR30;PRR32;PRSS21;PRSS35;PRSS37;PRSS38;PRSS56;PRSS57;PSG7;PTH2;PTPRN;PWWP3B;PZP;QRFPR;RAB40AL;RAB41;RADIL;RAI2;RANBP3L;RASGEF1A;RASSF9;RAX;RAX2;RBMXL2;RBPJL;RDH8;RELN;RESP18;RFPL2;RFX6;RGL4;RGS8;RHD;RNASE10;RNASE11;RNASE3;RNASE7;RNF113B;RNF175;RNF223;RPH3A;RPTN;RSPH10B;RSPH10B2;RSPO4;RTL1;RTL9;RTP2;RXFP3;RYR1;S100A7;S100A7A;SALL2;SALL3;SAXO1;SBK2;SBK3;SCGB1D1;SCGB3A1;SCGN;SCN10A;SCNN1G;SCRG1;SCUBE3;SDHAF1;SDR9C7;SELE;SERPINA5;SERPINA9;SERPINB10;SERPINB11;SERPINB2;SERPINB3;SERPINB7;SERPINE3;SEZ6;SEZ6L;SFTPC;SFTPD;SH2D1B;SH2D4B;SHISAL1;SHOX;SIAH3;SIGLEC14;SIGLECL1;SIM1;SIX4;SIX6;SKOR2;SLC10A1;SLC13A1;SLC13A5;SLC14A2;SLC16A7;SLC16A8;SLC17A3;SLC18A2;SLC18A3;SLC1A7;SLC22A24;SLC24A2;SLC25A21;SLC30A10;SLC30A3;SLC32A1;SLC34A2;SLC35G3;SLC35G5;SLC47A2;SLC5A10;SLC5A7;SLC5A8;SLC6A5;SLC7A10;SLC7A3;SLC9A4;SLCO6A1;SLIT1;SLITRK3;SLURP1;SMIM10L2A;SMIM21;SMIM23;SNTG2;SNX22;SOST;SOX1;SOX10;SP7;SPACA1;SPACA5;SPACA7;SPANXN5;SPATA19;SPATA31D1;SPATA46;SPEM1;SPEM2;SPINK14;SPP2;SPRR1B;SPRR2G;SPRR3;SPRR4;SRARP;SRRM4;SRY;SSC4D;SST;SSTR3;ST18;STAP1;STMN4;SULT4A1;SUN5;SV2B;SVOP;SVOPL;SYCN;SYNDIG1L;SYPL2;SYT10;SYT4;TAAR1;TAAR2;TACR1;TAF11L14;TAFA3;TARM1;TAS1R2;TAS2R1;TBR1;TBX21;TBX4;TBX5;TBXT;TCEAL2;TCHHL1;TCL1A;TCTE1;TDRD9;TEKT3;TEKT4;TENM3;TENT5B;TEPP;TERB2;TESPA1;TEX101;TEX11;TEX13A;TEX13C;TEX13D;TEX28;TEX37;TEX49;TEX51;THEM5;TLCD3B;TLE7;TLX2;TM4SF4;TMC2;TMCO5A;TMEM132B;TMEM174;TMEM207;TMEM213;TMEM215;TMEM221;TMEM225;TMEM235;TMEM247;TMEM262;TMEM74;TMPRSS11D;TMPRSS15;TNFRSF13C;TNN;TNNT3;TNR;TOGARAM2;TPH2;TPRX1;TPSD1;TRAJ38;TRAJ40;TRAJ45;TRAJ52;TRAJ54;TRARG1;TRAT1;TRAV1-2;TRAV12-3;TRAV19;TRAV20;TRAV21;TRAV25;TRAV34;TRAV5;TRAV9-1;TRBJ1-6;TRBV10-2;TRBV19;TRBV27;TRBV4-1;TRBV6-2;TRBV7-1;TRBV7-9;TRBV9;TRDC;TRDJ2;TRDV1;TRDV2;TRGC1;TRH;TRIM17;TRIM42;TRIM51;TRIM55;TRIM67;TRIM9;TRIML1;TRPC5;TRPV6;TSGA10IP;TSHR;TSLP;TSSK2;TTC34;TTC9B;TTLL7;TTLL8;TUBA3E;TULP2;TXNDC8;TYR;UMOD;UNC80;UNCX;USH1G;UTF1;VGLL2;VNN2;VPREB1;VSIG1;VSIG10L2;VSTM1;VSTM2B;VSX2;WEE2;WIPF3;WNT10B;WNT16;WNT8A;WT1;XIRP1;XKR3;XKR4;XKR5;YIPF7;ZACN;ZBTB8B;ZDHHC22;ZIC1;ZIC2;ZIC3;ZIC4;ZNF229;ZNF385D;ZNF491;ZNF578;ZNF683;ZNF843;ZNF98;ZNRF4;ZPLD1;ZSCAN1
0009_HTAN_8578_AS_1_filtered_trimmed_WD33473.h5ad	HTAN_VANDERBILT_CRC::PATIENT::2660ebb0a070d36e	2858	A2ML1;AADAC;AADACL2;AADACL3;AARD;ABCA12;ABCA4;ABCC11;ABCC8;ABCG2;ABCG4;ABHD16B;ABRA;ACADL;ACAN;ACCSL;ACE2;ACER1;ACKR4;ACP4;ACP7;ACR;ACSBG1;ACSBG2;ACSL6;ACSM4;ACTC1;ACTL6B;ACTL7A;ACTL7B;ACTL8;ACTL9;ACTN3;ACTRT1;ACTRT2;ADAM30;ADAM7;ADAMTS18;ADAMTS20;ADAMTS8;ADAMTSL3;ADARB2;ADCYAP1;ADCYAP1R1;ADGB;ADGRA1;ADGRB1;ADGRB2;ADGRD2;ADGRE3;ADGRF1;ADGRF3;ADGRG2;ADGRG4;ADGRG7;ADGRV1;ADH1C;ADH7;ADIG;ADIPOQ;ADRA1A;ADRA1B;ADRA1D;ADRA2B;ADRB3;AFM;AFP;AGBL1;AGBL3;AGBL4;AGR3;AGT;AGTR2;AHSP;AIPL1;AIRE;AKAIN1;AKAP14;AKAP4;AKR1B10;ALAS2;ALDH1L1;ALDH3B2;ALG1L2;ALKAL1;ALLC;ALOX12;ALPG;ALPI;ALPK3;ALPP;ALX1;ALX3;ALX4;AMER2;AMER3;AMH;AMTN;ANGPT4;ANGPTL7;ANHX;ANKRD1;ANKRD30A;ANKRD30B;ANKRD34B;ANKRD34C;ANKRD55;ANKRD60;ANKRD63;ANKRD66;ANKUB1;ANO2;ANO4;ANO5;ANTXRL;ANXA10;ANXA13;ANXA2R;APC2;APOA1;APOA4;APOA5;APOBEC1;APOBEC2;APOBEC4;APOF;APOH;AQP10;AQP12A;AQP2;AQP4;AQP5;AQP6;AQP8;ARC;ARHGAP36;ARHGAP40;ARHGEF38;ARL14;ARL14EPL;ARMC3;ARMS2;ARR3;ARSF;ART1;ART3;ART4;ART5;ASB10;ASB11;ASB17;ASB5;ASCL1;ASCL3;ASCL4;ASIC2;ASIP;ASPDH;ASPG;ASTN1;ASXL3;ASZ1;ATOH7;ATP12A;ATP13A4;ATP1A2;ATP1A3;ATP1B4;ATP2B3;ATP4A;ATP6V1G2;ATP8A2;ATRNL1;ATXN3L;AVP;AVPR1B;AVPR2;AWAT1;AWAT2;B3GALT1;B3GAT2;B3GNT4;B3GNT6;B4GALNT2;BAAT;BANF2;BARHL2;BBOX1;BCAN;BCL2L10;BCO1;BDNF;BEST2;BEST3;BEST4;BEX1;BEX5;BHLHA9;BHLHE23;BHMT;BMP15;BMP3;BMP5;BMPER;BMX;BOD1L2;BOLL;BPIFA1;BPIFA2;BPIFB1;BPIFB2;BRDT;BRINP2;BRINP3;BRSK2;BSND;BSX;BTBD16;BTBD17;BTG4;BTN1A1;BTNL8;C10orf105;C10orf120;C10orf53;C10orf62;C10orf90;C11orf42;C11orf86;C11orf87;C11orf97;C12orf54;C12orf56;C12orf71;C13orf42;C14orf180;C14orf39;C16orf78;C16orf89;C16orf92;C16orf96;C19orf73;C19orf85;C1QL2;C1QTNF2;C1QTNF8;C1QTNF9B;C1orf167;C1orf226;C1orf232;C1orf68;C1orf94;C20orf141;C20orf144;C20orf85;C21orf62;C22orf15;C22orf31;C22orf42;C2CD4A;C2CD4C;C2orf16;C2orf66;C2orf78;C2orf80;C3orf49;C3orf56;C3orf84;C3orf85;C4BPA;C4BPB;C4orf17;C4orf54;C5orf63;C6;C6orf118;C6orf15;C6orf52;C8B;C8orf74;C8orf89;C9orf57;CA1;CA3;CA6;CA7;CA8;CABP5;CABP7;CACNA1B;CACNA1G;CACNA1H;CACNA2D2;CACNA2D3;CACNB2;CACNG1;CACNG2;CACNG3;CACNG4;CACNG5;CACNG6;CACNG7;CADM2;CAGE1;CALB1;CALHM3;CALHM4;CALML5;CALN1;CALY;CAPN11;CAPN12;CAPN9;CAPS2;CAPSL;CAPZA3;CARTPT;CASKIN1;CASP14;CASQ1;CATSPER1;CATSPERD;CAV3;CBLIF;CBLL2;CBLN1;CBLN2;CBLN4;CCDC105;CCDC148;CCDC158;CCDC160;CCDC166;CCDC169;CCDC172;CCDC177;CCDC179;CCDC182;CCDC185;CCDC188;CCDC192;CCDC196;CCDC198;CCDC200;CCDC201;CCDC39;CCDC65;CCDC70;CCER1;CCK;CCKBR;CCL1;CCL17;CCL22;CCL27;CCL7;CCR3;CCR6;CCT8L2;CD101;CD164L2;CD177;CD1A;CD1C;CD1E;CD200R1L;CD207;CD300LG;CD38;CD3G;CD5L;CDC25C;CDH10;CDH15;CDH16;CDH18;CDH19;CDH20;CDH6;CDH9;CDHR2;CDHR3;CDHR4;CDKN2B;CDO1;CDX4;CEACAM16;CEACAM20;CEACAM7;CECR2;CELA2B;CELA3A;CELF3;CELF4;CENPVL3;CER1;CERS3;CES5A;CETN1;CFAP100;CFAP126;CFAP157;CFAP161;CFAP73;CFAP77;CFC1B;CFHR3;CGA;CHAD;CHAT;CHGA;CHIA;CHP2;CHRM1;CHRM3;CHRM5;CHRNA2;CHRNA4;CHRNA7;CHRNB2;CHRND;CHRNG;CHST8;CHST9;CIB4;CIDEA;CITED1;CKAP2L;CKM;CLC;CLCA4;CLCNKB;CLDN10;CLDN17;CLDN19;CLDN2;CLDN20;CLDN22;CLDN6;CLDN8;CLDN9;CLEC17A;CLEC20A;CLEC2A;CLEC2L;CLEC3A;CLEC4C;CLPS;CLRN1;CLRN2;CLSPN;CLUL1;CLVS2;CMA1;CMTM2;CMTM5;CNBD1;CNBD2;CNGA1;CNGA2;CNGA3;CNGB1;CNNM1;CNR1;CNTN1;CNTN2;CNTN3;CNTNAP4;CNTNAP5;COL25A1;COL4A6;COL9A1;COL9A3;COLEC10;COX6A2;COX7B2;CP;CPA1;CPA2;CPA5;CPAMD8;CPB1;CPHXL;CPLX2;CPLX3;CPLX4;CPN2;CPNE4;CPNE9;CPXCR1;CRABP1;CREB3L3;CRH;CRHR1;CRHR2;CRISP2;CRNN;CROCC2;CRP;CRX;CRYBA2;CRYBG2;CRYGA;CRYGB;CRYGC;CRYGD;CRYM;CSAG3;CSF2;CSMD1;CSN2;CSN3;CSPG5;CSRP3;CST1;CST4;CST9L;CT47B1;CTNNA2;CTNNA3;CTNND2;CTRB1;CTRB2;CTSE;CTSG;CTSV;CTXN2;CTXN3;CTXND1;CUX2;CWH43;CXCL17;CXCR5;CXorf66;CYLC2;CYP11B1;CYP11B2;CYP1A1;CYP1A2;CYP21A2;CYP24A1;CYP26A1;CYP26B1;CYP2A13;CYP2A6;CYP2C18;CYP2F1;CYP3A7;CYP4A11;CYP4A22;CYP4B1;CYP4F2;CYP4F22;CYP4F8;CYP7A1;CYP8B1;CYS1;DAND5;DAO;DAOA;DBH;DBX1;DBX2;DCAF12L2;DCAF4L2;DCAF8L1;DCAF8L2;DCC;DCDC2C;DCLK3;DCUN1D5;DCX;DDI1;DDX4;DDX53;DEFA4;DEFA5;DEFA6;DEFB112;DEFB114;DEFB116;DEFB118;DEFB119;DEFB123;DEFB125;DEFB126;DEFB132;DEFB135;DEFB136;DEPDC4;DGAT2L6;DGKB;DGKG;DGKK;DHH;DHRS2;DIO1;DIRAS2;DIRAS3;DISP3;DKK2;DKK4;DKKL1;DLEU7;DLGAP2;DLK1;DLL3;DLX1;DLX3;DMBT1;DMBX1;DMP1;DMRT3;DMRTA1;DMRTA2;DMRTB1;DNAAF1;DNAH3;DNAH5;DNAI2;DNAJB13;DNAJB8;DNER;DNMT3L;DOC2A;DOCK3;DOK5;DOK7;DPEP2NB;DPF1;DPP6;DPPA2;DPYSL5;DRC1;DRD1;DRD2;DRD3;DSG3;DUOXA2;DUSP13;DUSP21;DUSP9;DUX4;DUXA;DYNAP;DYNLRB2;DYTN;E2F6;E2F7;EBF2;EBLN1;ECRG4;ECT2L;EDDM3B;EDN2;EDN3;EEF1A2;EFCAB10;EFCAB3;EFHB;EFNA2;EFNA5;EGF;EGR4;ELAVL3;ELAVL4;ELMOD1;ELOA2;ELOVL7;EML6;EMX2;EN1;EN2;ENAM;ENHO;ENKUR;EPGN;EPHA10;EPHA7;EPHA8;EPS8L1;ERCC6L;ERFE;ERICH3;ERICH5;ERVFRD-1;ERVV-1;ERVV-2;ERVW-1;ESM1;ESPL1;ESPNL;ESRRG;ESX1;ETNPPL;ETV3L;EVX1;EVX2;EXO1;EYS;F2RL1;F2RL2;FABP2;FABP9;FAM13C;FAM151A;FAM162B;FAM163A;FAM163B;FAM166A;FAM166C;FAM167A;FAM170A;FAM177B;FAM178B;FAM181A;FAM184B;FAM189A2;FAM237A;FAM237B;FAM240A;FAM240C;FAM47B;FAM47C;FAM78B;FAM81B;FAM83A;FAM90A26;FAM9A;FAM9B;FANCD2OS;FAT2;FATE1;FBLL1;FBN3;FBXO15;FBXO2;FBXO40;FBXW10;FCAMR;FCAR;FCER1A;FCN2;FCRL3;FCRL4;FDCSP;FER1L6;FERD3L;FETUB;FEV;FEZF2;FFAR1;FFAR2;FGB;FGF16;FGF19;FGF23;FGF3;FGF4;FGF8;FGFBP1;FGG;FGL1;FHL5;FIGLA;FLG;FLG2;FLT3;FMN2;FMR1NB;FNDC7;FOLR1;FOXB1;FOXB2;FOXC2;FOXD3;FOXD4;FOXE1;FOXG1;FOXI1;FOXI2;FOXI3;FOXJ1;FOXL1;FOXL2;FOXL2NB;FOXN1;FREM2;FREM3;FRMD4A;FRMPD1;FRMPD2;FRMPD3;FRMPD4;FSCB;FSHB;FSHR;FSTL4;FTHL17;FTMT;FUT1;FUT5;FUT9;FXYD4;FYB2;FZD9;GAB4;GABBR2;GABRA1;GABRA3;GABRA4;GABRA5;GABRA6;GABRB1;GABRB3;GABRD;GABRG1;GABRG2;GABRG3;GABRQ;GABRR1;GABRR3;GAD1;GAD2;GAGE10;GAL3ST1;GAL3ST3;GALNT14;GALNT16;GALNT8;GALNT9;GALP;GALR1;GALR3;GAP43;GAS2L2;GAST;GATA1;GATA4;GBP6;GBX1;GBX2;GC;GCG;GCKR;GCM2;GCNT3;GCSAM;GDF10;GDF2;GDF5;GDF7;GDPD2;GFI1B;GFRA1;GFRA2;GFRA3;GFRA4;GFRAL;GFY;GGTLC1;GH2;GHRHR;GHSR;GIMD1;GIPC2;GJA10;GJA3;GJA8;GJB4;GJB7;GJD3;GKN1;GLP1R;GLRA1;GLRA2;GLS2;GLT6D1;GLTPD2;GLYATL1;GLYATL2;GMNC;GNAT1;GNAT2;GNAT3;GNG13;GNG8;GNRHR;GOLGA6L7;GOLGA7B;GOLGA8T;GOT1L1;GP1BA;GP2;GP5;GP9;GPC5;GPHB5;GPM6A;GPR101;GPR12;GPR139;GPR143;GPR146;GPR148;GPR149;GPR151;GPR152;GPR158;GPR182;GPR20;GPR25;GPR26;GPR27;GPR3;GPR32;GPR33;GPR37;GPR39;GPR42;GPR45;GPR50;GPR6;GPR61;GPR62;GPR78;GPR82;GPR83;GPR88;GPT;GPX6;GRAMD2A;GRB14;GREM2;GRHL1;GRIA1;GRIA2;GRIFIN;GRIK2;GRIK4;GRIK5;GRIN1;GRIN2A;GRIN3B;GRIP2;GRK1;GRK7;GRM5;GRM6;GRM7;GRP;GRPR;GRXCR2;GSC2;GSG1;GSG1L;GSG1L2;GSTA3;GSTA5;GSTO2;GSX1;GSX2;GUCA2A;GUCA2B;GUCY2D;GUCY2F;GYS2;HABP2;HAND1;HAO1;HAO2;HAP1;HAPLN1;HAPLN4;HAVCR1;HBE1;HBG2;HBM;HBQ1;HCN1;HCN4;HCRTR1;HDGFL1;HELT;HEPACAM2;HES5;HES7;HGFAC;HHIP;HHLA1;HHLA2;HIGD1C;HIGD2B;HJURP;HLA-DRB5;HLA-G;HMGCS2;HMX1;HMX2;HMX3;HNRNPCL1;HOGA1;HOXB1;HOXC10;HOXC11;HOXC12;HOXD1;HPCAL4;HPGDS;HPN;HPR;HRH3;HRH4;HRK;HRNR;HS3ST4;HS6ST3;HSD17B2;HSFX4;HSPA4L;HSPB9;HTR1A;HTR1E;HTR2C;HTR3A;HTR3B;HTR3E;HTR5A;HUNK;HYAL4;IAPP;IFITM5;IFNA14;IFNA16;IFNA21;IFNA8;IFNB1;IFNK;IFNL1;IFNL2;IFNW1;IGDCC3;IGF2BP1;IGFALS;IGFBP1;IGFL1;IGFL3;IGFN1;IGHA2;IGHV1-58;IGKV1D-42;IGKV5-2;IGKV6D-41;IGLJ5;IGLJ6;IGLL1;IGLV2-33;IGLV4-60;IGSF1;IGSF21;IGSF5;IL13;IL13RA2;IL17A;IL17B;IL17C;IL17F;IL1RAPL1;IL1RAPL2;IL1RL1;IL20;IL22;IL22RA2;IL25;IL27;IL36G;IL36RN;IL37;IL5;IL9;IMPG1;INA;INCA1;INHBC;INHBE;INS;INSL6;INSM1;INSM2;INSYN1;INSYN2A;INSYN2B;IQCA1;IQCF6;IRGC;IRS4;IRX1;IRX4;IRX6;ISM2;ISX;ITIH1;ITIH2;ITLN1;ITLN2;ITPRID1;IVL;IZUMO1R;IZUMO2;KBTBD12;KBTBD13;KCNA1;KCNA4;KCNA5;KCNB1;KCNC1;KCNC2;KCNE2;KCNE5;KCNG1;KCNG3;KCNG4;KCNH1;KCNH5;KCNH6;KCNH8;KCNIP4;KCNJ1;KCNJ12;KCNJ13;KCNJ16;KCNJ18;KCNJ4;KCNJ6;KCNJ9;KCNK10;KCNK16;KCNK18;KCNK7;KCNN2;KCNQ2;KCNS1;KCNS2;KCNT1;KCNT2;KCNU1;KCNV1;KCNV2;KCTD19;KCTD8;KDM4F;KERA;KHDC3L;KHDRBS2;KIAA1549L;KIAA2012;KIF17;KIF19;KIF1A;KIF5A;KIF5C;KIF6;KIR3DL3;KIRREL2;KISS1;KISS1R;KLF15;KLF18;KLHDC7A;KLHDC7B;KLHL13;KLHL14;KLHL32;KLHL34;KLHL38;KLHL40;KLK10;KLK11;KLK12;KLK14;KLK15;KLK2;KLK3;KLK5;KLK6;KLK7;KLK8;KLK9;KNDC1;KNG1;KPRP;KREMEN2;KRT1;KRT12;KRT13;KRT14;KRT15;KRT16;KRT2;KRT23;KRT24;KRT26;KRT3;KRT31;KRT32;KRT33A;KRT33B;KRT34;KRT35;KRT37;KRT38;KRT4;KRT40;KRT5;KRT6B;KRT7;KRT71;KRT72;KRT74;KRT75;KRT79;KRT82;KRT83;KRT84;KRT85;KRT9;KRTAP1-1;KRTAP1-3;KRTAP1-4;KRTAP1-5;KRTAP10-1;KRTAP10-11;KRTAP10-7;KRTAP10-8;KRTAP11-1;KRTAP12-2;KRTAP12-4;KRTAP13-2;KRTAP13-3;KRTAP15-1;KRTAP19-2;KRTAP19-4;KRTAP19-5;KRTAP2-2;KRTAP2-3;KRTAP2-4;KRTAP20-1;KRTAP20-2;KRTAP20-3;KRTAP20-4;KRTAP21-2;KRTAP22-1;KRTAP23-1;KRTAP24-1;KRTAP26-1;KRTAP3-1;KRTAP3-2;KRTAP4-12;KRTAP4-3;KRTAP4-4;KRTAP4-5;KRTAP4-6;KRTAP4-7;KRTAP4-8;KRTAP5-1;KRTAP5-10;KRTAP5-5;KRTAP6-1;KRTAP6-2;KRTAP6-3;KRTAP7-1;KRTAP8-1;KRTAP9-3;KRTAP9-4;KRTAP9-7;KRTDAP;KSR2;LACTBL1;LAIR2;LALBA;LAMP5;LANCL3;LARP6;LBHD2;LBX1;LCE1A;LCE1B;LCE1C;LCE1D;LCE2A;LCE2B;LCE3C;LCE3D;LCE3E;LCE4A;LCE6A;LCN10;LCN15;LCN6;LCN8;LCN9;LCT;LCTL;LDLRAD1;LELP1;LEUTX;LGALS14;LGALS16;LGALS7;LGI1;LGI4;LHFPL4;LHFPL5;LHX1;LHX2;LHX3;LHX5;LHX9;LIM2;LINC02218;LINGO1;LINGO2;LINGO3;LKAAEAR1;LMAN1L;LMX1A;LONRF2;LPO;LRAT;LRCOL1;LRFN2;LRIT1;LRIT2;LRP1B;LRR1;LRRC10;LRRC14B;LRRC18;LRRC26;LRRC30;LRRC38;LRRC4B;LRRC55;LRRC63;LRRC66;LRRC73;LRRC74A;LRRN4;LRRTM1;LRRTM3;LRTM1;LRTM2;LSMEM2;LUZP2;LUZP4;LVRN;LY6D;LY6H;LY6L;LYPD2;LYPD4;LYPD5;LYZL6;MAB21L1;MADCAM1;MAG;MAGEA1;MAGEA10;MAGEA12;MAGEA4;MAGEA8;MAGEA9B;MAGEB1;MAGEB10;MAGEB17;MAGEB18;MAGEB2;MAGEB3;MAGEB4;MAGEB5;MAGEB6;MAGEB6B;MAGEC1;MAGEE1;MAGEE2;MALRD1;MAP10;MAP2;MAP3K15;MAP3K19;MAP3K9;MAPK4;MAPK6;MAPK8IP2;MARCOL;MAS1;MAS1L;MASP1;MAST1;MBD3L1;MBD3L2B;MBL2;MC2R;MC5R;MCF2;MCHR1;MCHR2;MCIDAS;MDGA2;MDH1B;MEGF11;MEI4;MEOX1;MEP1B;MFRP;MFSD4A;MGAM;MGAT4D;MINAR2;MINDY4B;MLC1;MLN;MLNR;MMD2;MMP10;MMP20;MMP24;MMP25;MMP27;MOGAT1;MOGAT2;MORC1;MORN5;MOS;MPC1L;MPL;MPPED1;MRGPRD;MRGPRE;MRGPRG;MRGPRX1;MRGPRX3;MRGPRX4;MRLN;MROH2A;MROH2B;MROH9;MS4A12;MS4A15;MSGN1;MSH4;MSLNL;MSMB;MSMP;MSTN;MT3;MT4;MTNR1A;MTNR1B;MTTP;MUC15;MUC16;MUC17;MUC21;MUC22;MUC3A;MUC5AC;MUCL1;MYBPC2;MYBPH;MYH1;MYH2;MYH4;MYH6;MYH8;MYL1;MYL2;MYL4;MYL7;MYLK2;MYMK;MYO1H;MYO3A;MYO7A;MYOC;MYOCD;MYOD1;MYOG;MYOM2;MYOT;MYOZ3;MYSM1;MYT1;MYT1L;NAA11;NALCN;NANOS2;NANOS3;NAP1L2;NAT16;NAT2;NAT8;NAV3;NCAN;NCBP2L;NCCRP1;NDST4;NDUFA4;NECAB1;NEFL;NEFM;NELL1;NEU2;NEU4;NEURL1;NEUROD1;NEUROD2;NEUROD4;NEUROG1;NEUROG2;NGB;NHLH1;NHLH2;NIBAN3;NKAIN1;NKAIN2;NKAIN4;NKX1-1;NKX2-1;NKX2-2;NKX2-4;NKX2-5;NKX2-6;NKX2-8;NKX3-1;NKX6-2;NKX6-3;NLGN1;NLGN3;NLRP10;NLRP13;NLRP3;NLRP4;NLRP5;NLRP7;NLRP8;NLRP9;NME5;NME9;NMNAT2;NMRK2;NMS;NMU;NMUR2;NNAT;NOBOX;NODAL;NOG;NOL4;NOS1;NOS2;NOTO;NOTUM;NOX3;NPAP1;NPB;NPBWR2;NPC1L1;NPHS1;NPHS2;NPM2;NPPA;NPPB;NPPC;NPS;NPTX1;NPTX2;NPW;NPY;NPY1R;NPY2R;NPY5R;NR0B1;NR0B2;NR1D2;NR1I3;NR2E1;NR5A1;NRAP;NRG1;NRG2;NRL;NRSN1;NRTN;NRXN1;NSG2;NSUN7;NT5C1A;NT5C1B;NTN3;NTS;NTSR1;NTSR2;NUPR2;NUTM1;NWD2;NXNL1;NXNL2;NXPE1;NXPH2;NYAP1;NYX;OC90;OCA2;OCSTAMP;ODAM;ODF3;ODF3L1;ODF3L2;ODF4;ODR4;OGDHL;OLFM3;OLIG2;ONECUT2;ONECUT3;OOSP2;OOSP4A;OPALIN;OPN1LW;OPN5;OPRD1;OPRK1;OPRM1;OPRPN;OPTC;OR10A2;OR10A3;OR10A4;OR10A5;OR10A6;OR10A7;OR10AD1;OR10AG1;OR10C1;OR10D3;OR10G2;OR10G3;OR10G4;OR10G6;OR10G8;OR10G9;OR10H1;OR10H5;OR10J1;OR10J5;OR10K1;OR10K2;OR10P1;OR10S1;OR10V1;OR10X1;OR10Z1;OR11A1;OR11L1;OR12D2;OR12D3;OR13C5;OR13C8;OR13C9;OR13F1;OR13H1;OR13J1;OR14A2;OR14C36;OR14I1;OR14J1;OR1A1;OR1C1;OR1D2;OR1D5;OR1E2;OR1F1;OR1G1;OR1I1;OR1J1;OR1J2;OR1K1;OR1L1;OR1L3;OR1L4;OR1L8;OR1M1;OR1N1;OR1N2;OR1S1;OR2A12;OR2A2;OR2A25;OR2A5;OR2AE1;OR2AG1;OR2AJ1;OR2AP1;OR2AT4;OR2B2;OR2B3;OR2B6;OR2D3;OR2F2;OR2G2;OR2G3;OR2G6;OR2I1P;OR2J2;OR2J3;OR2L13;OR2L3;OR2L5;OR2M2;OR2M3;OR2M4;OR2M7;OR2S2;OR2T1;OR2T10;OR2T11;OR2T12;OR2T2;OR2T35;OR2T4;OR2T5;OR2T6;OR2T8;OR2V1;OR2W1;OR2Y1;OR2Z1;OR3A3;OR4A15;OR4A5;OR4C11;OR4C13;OR4C3;OR4C46;OR4C5;OR4C6;OR4D10;OR4D2;OR4D5;OR4D6;OR4D9;OR4E1;OR4E2;OR4K1;OR4K13;OR4K14;OR4K17;OR4N5;OR4P4;OR4Q3;OR4S2;OR4X1;OR4X2;OR51A4;OR51A7;OR51B2;OR51B4;OR51B6;OR51C1P;OR51D1;OR51F1;OR51F2;OR51G1;OR51G2;OR51I1;OR51I2;OR51L1;OR51M1;OR51Q1;OR51S1;OR51T1;OR51V1;OR52A1;OR52A5;OR52B2;OR52B4;OR52B6;OR52D1;OR52E2;OR52E4;OR52E8;OR52I1;OR52I2;OR52K1;OR52L1;OR52M1;OR52N2;OR52N5;OR52W1;OR56A3;OR56A4;OR56B4;OR5A1;OR5AC2;OR5AK2;OR5AP2;OR5AR1;OR5AS1;OR5AU1;OR5B17;OR5B2;OR5B3;OR5C1;OR5D13;OR5D14;OR5D16;OR5D18;OR5D3P;OR5F1;OR5H15;OR5H6;OR5K3;OR5K4;OR5L1;OR5M1;OR5M11;OR5M3;OR5M8;OR5M9;OR5P2;OR5T1;OR5V1;OR6B2;OR6B3;OR6C1;OR6C4;OR6C6;OR6C65;OR6C74;OR6C75;OR6F1;OR6K2;OR6K3;OR6K6;OR6M1;OR6N1;OR6N2;OR6P1;OR6S1;OR6X1;OR6Y1;OR7A10;OR7C1;OR7C2;OR7D2;OR7D4;OR7E24;OR7G1;OR7G2;OR7G3;OR8B4;OR8B8;OR8D2;OR8D4;OR8G1;OR8G5;OR8H2;OR8H3;OR8I2;OR8J1;OR8K1;OR8S1;OR8U1;OR9I1;ORM1;ORM2;OSR1;OTC;OTOF;OTOG;OTOL1;OTOP1;OTOP2;OTOP3;OTOR;OTP;OTUD6A;OTX1;OTX2;OVCH1;OVCH2;P2RX2;P2RX3;P3R3URF;PABPC1L2B;PABPC3;PABPN1L;PADI1;PADI3;PADI6;PAGE3;PAGE4;PAH;PAK5;PAK6;PALM3;PANX3;PAPPA2;PAQR9;PASD1;PATE1;PATE3;PATE4;PAX2;PAX3;PAX4;PAX5;PAX7;PAX9;PCDH10;PCDH11X;PCDH19;PCDH8;PCDHA1;PCDHA13;PCDHA5;PCDHB1;PCDHGA1;PCP4;PCSK1N;PCYT1B;PDE1C;PDE6A;PDHA2;PDILT;PDYN;PENK;PEX5L;PFN3;PGA5;PGAM2;PGC;PGLYRP1;PGLYRP2;PGLYRP3;PGLYRP4;PGPEP1L;PHEX;PHF21B;PHF24;PHOX2A;PHOX2B;PIANP;PIK3C2G;PIMREG;PIRT;PIWIL1;PIWIL2;PKD2L1;PKD2L2;PLA1A;PLA2G12B;PLA2G2E;PLA2G2F;PLA2G3;PLA2G4D;PLA2G4E;PLAAT2;PLAC1;PLAC8L1;PLCXD3;PLD5;PLEKHD1;PLEKHG4B;PLEKHS1;PLGLB2;PLIN1;PLIN4;PLIN5;PLK5;PLP1;PLPPR1;PLPPR5;PMCH;PMP2;PNCK;PNLIP;PNLIPRP3;PNMA6E;PNPLA5;POM121L12;POPDC3;POU2F3;POU3F2;POU3F3;POU3F4;POU4F2;POU6F2;PP2D1;PPBP;PPEF1;PPFIA3;PPM1E;PPP1R17;PPP1R2C;PPP1R36;PPP1R3A;PPP2R2C;PPP4R3C;PPP4R4;PRAMEF12;PRAMEF17;PRAMEF19;PRAMEF20;PRAMEF27;PRAMEF33;PRAMEF4;PRB3;PRB4;PRDM12;PRDM13;PRDM14;PRDM16;PRDM9;PRIM1;PRIMA1;PRKACG;PRKAG3;PRKCG;PRLH;PRLHR;PRM1;PRM2;PRM3;PRMT8;PRODH2;PROK1;PROK2;PROKR1;PROKR2;PROP1;PROX2;PROZ;PRPH;PRR18;PRR19;PRR23B;PRR23C;PRR27;PRR30;PRR32;PRR33;PRR35;PRR36;PRR9;PRRT1B;PRRT2;PRSS1;PRSS12;PRSS22;PRSS33;PRSS35;PRSS37;PRSS38;PRSS48;PRSS56;PRSS58;PRTN3;PSAPL1;PSD2;PSG11;PSG3;PSG7;PSKH2;PSMA8;PSMB11;PTF1A;PTGER1;PTH;PTH2;PTN;PTPRR;PTPRT;PTPRZ1;PTX4;PVALEF;PYDC1;PYDC2;PYGM;PYY;PZP;QRFP;QRFPR;RAB40AL;RAB41;RAB6C;RAD21L1;RADIL;RAET1E;RAET1G;RAG1;RAG2;RALGAPA2;RALYL;RASSF9;RAX;RAX2;RBFOX1;RBFOX3;RBM11;RBM46;RBMXL2;RBMXL3;RBP3;RBPJL;RD3;RD3L;RDH12;RDH8;RDM1;REEP1;REG1B;REG4;RELN;REM2;REN;RERG;RESP18;RETNLB;RFK;RFPL4A;RFX6;RGL4;RGR;RGS7;RGS7BP;RHAG;RHO;RHOV;RHOXF1;RIIAD1;RIMKLA;RIMS1;RIMS2;RIMS4;RIPPLY1;RIT2;RLN3;RNASE10;RNASE11;RNASE3;RNASE7;RNASE8;RNASE9;RND1;RNF113B;RNF148;RNF175;RNF183;RNF186;RNF222;RNF223;RNF224;RNF225;RNF39;ROBO2;RP1L1;RP2;RPE65;RPRM;RPTN;RS1;RSPH10B;RSPH10B2;RSPH14;RSPH4A;RSPH6A;RSPO2;RTBDN;RTL1;RTL3;RTL4;RTL9;RTN4RL1;RTP1;RTP2;RTP3;RUNDC3A;RXFP3;RYR3;S100A3;S100A5;S100A7;S100A7A;S100G;S1PR5;SAGE1;SALL3;SAMD5;SAMD7;SAXO1;SBK2;SBSPON;SCEL;SCG3;SCGB1D1;SCGB1D2;SCGB2A1;SCGB3A1;SCGN;SCN10A;SCN3B;SCN8A;SCNN1G;SCP2D1;SCRG1;SCRT1;SCRT2;SCT;SCUBE3;SCYGR4;SCYGR8;SDR42E2;SEBOX;SEC14L4;SEC14L5;SEC14L6;SEL1L2;SEMA5B;SEMG1;SEMG2;SERPINA10;SERPINA11;SERPINA12;SERPINA3;SERPINA4;SERPINA5;SERPINA6;SERPINA7;SERPINA9;SERPINB10;SERPINB11;SERPINB12;SERPINB13;SERPINB3;SERPINB7;SERPINE3;SERTM1;SERTM2;SEZ6;SEZ6L;SFRP1;SFRP5;SFTA2;SFTPB;SFTPC;SFTPD;SGSM1;SH2D4B;SH2D6;SH2D7;SH3GL2;SH3TC2;SHANK2;SHBG;SHISA6;SHISA7;SHISA8;SHISAL2B;SHOC1;SHOX;SI;SIAH3;SIGLECL1;SIM1;SIX3;SIX6;SKA2;SKOR2;SLC10A1;SLC10A4;SLC13A1;SLC13A2;SLC13A4;SLC13A5;SLC14A1;SLC14A2;SLC15A1;SLC15A5;SLC16A12;SLC16A7;SLC16A8;SLC16A9;SLC17A3;SLC17A4;SLC17A6;SLC17A7;SLC18A1;SLC18A2;SLC18A3;SLC1A6;SLC1A7;SLC22A12;SLC22A14;SLC22A2;SLC22A24;SLC22A31;SLC22A6;SLC22A7;SLC22A8;SLC22A9;SLC24A5;SLC25A21;SLC25A47;SLC25A48;SLC26A5;SLC26A7;SLC26A9;SLC27A6;SLC28A1;SLC28A2;SLC2A12;SLC30A10;SLC30A2;SLC30A3;SLC32A1;SLC34A2;SLC35D3;SLC35G3;SLC36A2;SLC36A3;SLC38A11;SLC38A4;SLC39A2;SLC47A2;SLC4A10;SLC4A9;SLC51B;SLC52A3;SLC5A10;SLC5A11;SLC5A12;SLC5A5;SLC5A7;SLC5A8;SLC5A9;SLC6A14;SLC6A18;SLC6A19;SLC6A20;SLC6A4;SLC6A5;SLC7A10;SLC7A14;SLC7A3;SLC7A4;SLC7A9;SLC8A2;SLC9A3;SLC9A4;SLCO1A2;SLCO1B3;SLCO1C1;SLCO6A1;SLIT1;SLITRK1;SLITRK3;SLITRK6;SLN;SLURP1;SMCP;SMIM10L2A;SMIM18;SMIM21;SMIM23;SMIM28;SMIM32;SMIM36;SMIM5;SMIM6;SMKR1;SMN1;SMPD3;SMTNL1;SNCB;SNX31;SNX32;SOHLH1;SORCS1;SORCS3;SOST;SOSTDC1;SOWAHA;SOX10;SOX2;SOX3;SOX8;SP6;SP7;SPACA1;SPACA4;SPACA5;SPACA7;SPANXB1;SPANXD;SPANXN3;SPANXN4;SPANXN5;SPATA19;SPATA22;SPATA3;SPATA31A6;SPATA31D1;SPATA31D3;SPATA46;SPATA6L;SPDYE4;SPDYE6;SPEF1;SPEM1;SPEM2;SPEM3;SPHKAP;SPINK13;SPINK14;SPINK4;SPINK5;SPINK9;SPO11;SPOCK3;SPPL2C;SPRR1B;SPRR2A;SPRR2D;SPRR2F;SPRR3;SPRR4;SPRR5;SPTBN5;SPTSSB;SPX;SRARP;SRD5A2;SRMS;SRPK3;SRRM4;SRRM5;SRY;SSC4D;SST;SSTR4;SSX3;SSX5;ST8SIA2;ST8SIA3;ST8SIA5;STAB2;STAC2;STK31;STK32A;STK33;STKLD1;STMN4;STMND1;STMP1;STOX1;STPG3;STPG4;STRA8;STRIT1;SULT2A1;SULT4A1;SUN3;SUN5;SUSD4;SVOP;SVOPL;SYCN;SYCP1;SYCP2;SYN1;SYNDIG1L;SYNGR4;SYNPO2L;SYP;SYPL2;SYT1;SYT10;SYT13;SYT14;SYT4;SYT5;SYT6;SYTL5;TAAR1;TAAR2;TAAR6;TAAR9;TAC1;TACR1;TACR3;TAF11L13;TAF11L14;TAFA1;TAL2;TARM1;TAS1R1;TAS1R2;TAS1R3;TAS2R1;TAS2R16;TAS2R4;TAS2R8;TBATA;TBC1D21;TBL1Y;TBR1;TBX10;TBX22;TBX4;TBX5;TBXT;TCEAL5;TCEAL7;TCHHL1;TCL1B;TCTE1;TDRD1;TDRD6;TECRL;TEDDM1;TEKT2;TEKT4;TENT5B;TENT5D;TEPP;TERB1;TERB2;TERT;TEX101;TEX11;TEX13A;TEX13B;TEX13C;TEX13D;TEX14;TEX15;TEX28;TEX37;TEX38;TEX44;TEX45;TEX47;TEX48;TEX49;TEX50;TEX51;TFAP2B;TFAP2D;TFF2;TGFBR3L;TGIF2LX;TGM3;TGM5;TGM6;THAP10;THEGL;THEM5;TINCR;TKTL1;TLE7;TLX1;TLX2;TLX3;TM4SF20;TM4SF4;TMC1;TMC2;TMC3;TMC7;TMCO2;TMCO5A;TMEM114;TMEM121B;TMEM132B;TMEM132C;TMEM139;TMEM151A;TMEM151B;TMEM17;TMEM174;TMEM178B;TMEM179;TMEM202;TMEM207;TMEM213;TMEM215;TMEM221;TMEM225;TMEM225B;TMEM229A;TMEM235;TMEM236;TMEM247;TMEM262;TMEM271;TMEM272;TMEM275;TMEM35A;TMEM47;TMEM50B;TMEM63C;TMEM74;TMEM82;TMEM88B;TMIE;TMIGD1;TMIGD2;TMOD1;TMPRSS11B;TMPRSS11D;TMPRSS15;TMPRSS6;TMPRSS7;TMSB15B;TMTC1;TNFSF18;TNMD;TNN;TNNI1;TNNI3;TNNT1;TNP1;TNP2;TOGARAM2;TOPAZ1;TP63;TPD52L3;TPH1;TPO;TPPP;TPPP2;TPRX1;TPSD1;TPSG1;TRAPPC3L;TRARG1;TRAV1-2;TRAV16;TRAV2;TRAV22;TRAV25;TRAV26-1;TRAV26-2;TRAV34;TRAV38-1;TRAV41;TRAV7;TRAV9-1;TRBV10-2;TRBV11-3;TRBV12-5;TRBV13;TRBV19;TRBV27;TRBV30;TRBV4-2;TRBV6-4;TRBV7-1;TRBV7-3;TRBV9;TRDJ2;TRDV2;TREML2;TREX2;TRGV11;TRH;TRHDE;TRHR;TRIM17;TRIM40;TRIM42;TRIM51;TRIM54;TRIM63;TRIM64C;TRIM67;TRIM71;TRIM72;TRIML1;TRIML2;TRPC5;TRPC7;TRPM1;TRPM6;TRPM8;TRUB1;TSGA10IP;TSGA13;TSNAXIP1;TSPAN19;TSPEAR;TSPYL6;TSSK2;TTC24;TTC34;TTC9B;TTLL10;TTLL6;TTLL7;TTLL8;TTPA;TTYH1;TUBA3E;TUBAL3;TUBB1;TULP1;TXNDC8;TYR;UCN2;UCN3;UCP1;UGT1A1;UGT1A4;UGT1A7;UGT1A9;UGT2A1;UGT2A3;UGT2B10;UGT2B7;UGT3A1;UGT8;ULBP1;ULBP3;UMOD;UMODL1;UNC45B;UNC5A;UNC5D;UNC79;UNC80;UNC93A;UNCX;UPK1B;UPK2;UPK3A;UQCRFS1;USH1G;USP2;UTF1;UTS2;UTS2B;VAX1;VEGFD;VGF;VGLL2;VIP;VN1R2;VPREB1;VSIG10L;VSIG10L2;VSTM1;VSTM2A;VSTM2B;VSTM2L;VSTM5;VSX1;VSX2;VTN;VWA3B;VWA5B1;VWA5B2;VWC2;VWC2L;WDR38;WDR49;WEE2;WFDC10A;WFDC11;WFDC12;WFDC13;WFDC5;WIF1;WNT1;WNT10B;WNT16;WNT3;WNT3A;WNT4;WNT6;WNT7A;WNT8A;WNT9A;WSCD1;XAGE5;XCL1;XIRP1;XKR3;XKR4;XKR5;XPNPEP2;ZACN;ZAN;ZAR1;ZBED2;ZBTB8B;ZCCHC12;ZCCHC13;ZDHHC22;ZFR2;ZG16;ZIC1;ZIC2;ZIC3;ZIC4;ZIC5;ZIM3;ZMAT4;ZMYND10;ZNF157;ZNF165;ZNF215;ZNF229;ZNF230;ZNF280A;ZNF280B;ZNF311;ZNF334;ZNF385B;ZNF419;ZNF420;ZNF474;ZNF488;ZNF491;ZNF534;ZNF536;ZNF578;ZNF582;ZNF648;ZNF676;ZNF679;ZNF711;ZNF713;ZNF716;ZNF774;ZNF80;ZNF813;ZNF843;ZNRF4;ZP1;ZPBP;ZPLD1;ZSCAN1;ZSCAN10;ZSCAN23;ZSCAN4;ZSCAN5C
0010_HTAN_8270_AS_1_filtered_trimmed.h5ad	HTAN_VANDERBILT_CRC::PATIENT::283e577e68cd34cf	249	A3GALT2;AARD;ACP7;ACSM5;ADRA2B;ADRA2C;ALG1L2;AMPH;APOH;ARC;ART5;ARX;ASIC2;ATP1B4;ATP2B3;ATP8A2;AVPR2;AWAT1;BRINP2;C11orf87;C14orf180;C1orf162;C3orf80;C4orf36;C6orf118;CACNA1B;CALML5;CBLL2;CCKBR;CCL1;CCL8;CCN4;CDC25A;CDH26;CELA3A;CFAP73;CFHR3;CHRFAM7A;CHST13;CLC;CLEC2L;CNOT11;COL12A1;COL22A1;CRYBB1;CSRP2;CST1;CT47B1;CTNND2;CTSG;CYP3A7;DBX2;DCC;DCSTAMP;DLGAP2;DMC1;DMRTB1;DNER;ECEL1;ENOX1;ENPP7;ERP27;FAM13B;FBXO6;FCGR1A;FEZF2;FGF23;FMNL3;FOXB2;FRMPD3;FSHB;FSTL4;FTCD;GAS1;GFRA2;GFRA4;GIMD1;GP9;GPR101;GPR27;GRAMD2A;GRIFIN;GRIK5;GYG2;HAO2;HAPLN4;HBE1;HDC;HSPA4L;IGHV1-58;IGHV5-10-1;IGLV2-33;IL1RL1;IRX6;ISM2;ITGA11;ITIH3;ITIH4;KCNA5;KCNG2;KCNH6;KCNQ2;KCTD8;KIF1A;KLHL40;KLRD1;KREMEN2;KRT2;KRT5;KRT81;KRTAP12-2;KRTAP4-3;KRTAP4-7;KRTAP4-8;KRTAP9-4;KRTDAP;L1CAM;LCE1D;LINC02218;LINGO3;MAGEB18;MAP2K5;MDGA1;MFAP5;MGP;MLC1;MMP25;MRAP;MYL4;MYL7;MYOT;NAT16;NDST4;NID1;NKAIN1;NKX2-4;NKX2-6;NKX2-8;NODAL;NOVA1;NR0B1;NRAP;OLIG2;OR10C1;OR1N2;OR2T10;OR2T2;OR4X1;OR51T1;OR52E4;OR8H3;ORM1;OSCAR;PAX5;PAX7;PCDH10;PHF21B;PKD2L2;PLEKHD1;PLK5;PNMA6E;PNPLA5;PPBP;PPP1R36;PRAMEF27;PRCD;PRDM12;PRR36;PSMB11;PWWP3B;PYGM;QRFPR;RANBP3L;RASIP1;RBMXL3;RBPMS2;RCHY1;RDX;RFPL2;RNF175;RNF225;RSPH10B;RSPH10B2;RTBDN;RXFP3;RYR1;S100A7;SERPINA5;SERPINA7;SFRP5;SH2D1A;SH2D1B;SHISA6;SIAH3;SLC18A2;SLC25A48;SLC30A3;SLC32A1;SLC45A2;SLC5A10;SLC7A10;SLIT1;SLURP2;SMIM10L2A;SMURF2;SNX32;SORCS2;SORCS3;SP9;SPACA5;SUSD2;SYNDIG1L;SYT11;TAFA3;TAPT1;TAS1R3;TBC1D19;TBR1;TCF15;TEPP;TEX13C;TFAP2A;TGIF2LX;TIFAB;TM4SF19;TMEM121B;TMEM213;TMEM275;TMEM35A;TMPRSS9;TNFSF13B;TNN;TRAV34;TRAV38-1;TRGV11;TRIM17;TRIM67;TRO;TSNAXIP1;TTLL7;VAX1;VSTM2L;WTIP;ZAR1;ZIC2;ZNF385D;ZNF98;ZNRF4;ZSCAN1
0011_HTAN_8899_AS_7_filtered_trimmed.h5ad	HTAN_VANDERBILT_CRC::PATIENT::286667cab598bb4a	95	ACP4;ACP7;ACTL9;ADCY8;ATP2B3;C14orf180;C22orf31;C6orf118;CACNG2;CALHM1;CCR6;CNGA2;CNGB1;CSN3;CTNND2;CYP11B1;DCC;DSC1;FABP9;FOXG1;FOXI2;GABRA3;GFRAL;GOLGA6L7;GPR26;GPR6;HCRTR1;HLA-DRB1;HLA-DRB5;IL20;IRX1;IRX6;KCNG4;KRTAP19-4;KRTAP20-2;KRTAP9-7;LCE1D;LCE3C;MBD3L1;MINDY4B;MOS;MRAP;MT4;NDST4;NKX1-1;NKX2-8;NRAP;ODF3;OOSP2;OPRK1;OR10G2;OR10G6;OR11A1;OR11H4;OR51T1;OR56A3;OR5B2;OR5F1;OR6S1;OR7G2;OR8G1;OTOG;PNLIPRP3;PNPLA5;PPP1R2C;PPP1R3A;PRAMEF20;PRAMEF27;RAB6C;RFPL2;RNF113B;SCGB3A1;SCYGR4;SEBOX;SKOR2;SLC24A5;SLC7A10;SMIM18;SMIM21;SNX32;SPACA5;SPINK14;SRY;TAAR1;TBL1Y;TMEM225;TMEM271;TPSD1;TRHR;TRIM42;UCN3;ZAR1;ZNF157;ZNF280B;ZNRF4
0012_HTAN_8899_AS_8_filtered_trimmed.h5ad	HTAN_VANDERBILT_CRC::PATIENT::286667cab598bb4a	479	AADACL2;ACCSL;ACP7;ACSM4;ACTL7A;ACTL7B;ACTRT1;ACTRT2;ADAM30;ADGB;ADGRD2;ADGRG4;ADGRV1;AIPL1;AKAIN1;ALDH1A2;AMBP;AMER3;ANHX;ANKRD30A;ANKRD66;ANTXRL;ARL14EPL;ARMS2;ARR3;ASB10;ASB11;ASB17;ASCL4;ATP1B4;ATP2B3;B3GAT2;BCAN;BPIFA2;BRDT;BRINP3;BTBD17;BTG4;C10orf53;C13orf42;C16orf92;C1QL2;C1orf167;C1orf94;C22orf31;C3orf56;C5orf49;C6orf118;C8B;C8orf74;CABP5;CALML5;CAPSL;CBLL2;CBLN4;CCDC105;CCDC172;CCL1;CCT8L2;CEACAM20;CFAP73;CFAP77;CGA;CHIA;CHRM5;CLDN19;CLDN20;CLEC2A;CLPS;CNTNAP4;COL6A6;CPA1;CPB1;CPHXL;CPN2;CRCT1;CRHBP;CRNN;CRYGC;CRYGD;CSN3;CST9L;CT47B1;CTRB2;CYP26A1;CYP2A13;CYP2F1;CYP3A7;DBX1;DCAF8L2;DDI1;DDX53;DEFA4;DEFB112;DEFB114;DEFB115;DEFB132;DEFB135;DLEU7;DLK1;DMP1;DNAH5;DNAI2;DNTT;EBF2;EBLN1;ECT2L;ENPP7;ERMN;ERVV-2;ETV3L;EVX2;EYS;FAM237A;FAM47C;FAM90A26;FCN2;FEZF2;FGB;FGF16;FGF23;FMR1NB;FOXB1;FOXB2;FOXE1;FOXG1;FOXI2;FOXL2;FREM3;FRMD7;FSCB;FSHB;FSHR;FTHL17;FTMT;GABRG1;GAL3ST3;GALR3;GC;GDF2;GIMD1;GKN1;GLT6D1;GOLGA6L7;GPR151;GPR26;GPR33;GPR45;GPR62;GPR78;GPX6;GRIFIN;GRM3;GRM6;GSC2;GSG1L2;HAO1;HAO2;HCN4;HLA-DQB1;HLA-DRB1;HLA-DRB5;HTR1E;IBSP;IFNA16;IFNL1;IFNW1;IGLJ6;IL13;IL36RN;IMPG1;INSM1;INSM2;IRX4;IVL;KCNA4;KCNC1;KCNH6;KCNJ10;KCNJ18;KCNJ4;KCNJ9;KCNV2;KCTD19;KHDC3L;KIR3DL3;KLHL40;KNG1;KRT24;KRT3;KRT31;KRT32;KRT35;KRT38;KRT71;KRT9;KRTAP1-1;KRTAP10-8;KRTAP13-2;KRTAP15-1;KRTAP19-4;KRTAP19-5;KRTAP20-2;KRTAP22-1;KRTAP24-1;KRTAP26-1;KRTAP3-2;KRTAP4-4;KRTAP4-5;KRTAP4-8;KRTAP6-3;KRTAP8-1;KRTAP9-4;KRTAP9-7;KRTDAP;LACTBL1;LAMP5;LCE1A;LCE1C;LCE1D;LCE2A;LCE2B;LCE3C;LCE4A;LELP1;LGALS7;LHX3;LINC02218;LPO;LRP1B;LRRC10;LRRC30;LY6L;MAGEA10;MAGEA11;MAGEA8;MAGEB4;MAGEB6B;MAGEC1;MINDY4B;MMD2;MORC1;MPPED1;MRGPRE;MRGPRX4;MROH2A;MS4A18;MUC15;MUC22;MYH2;MYL2;MYL7;NAA11;NEUROD4;NKX1-1;NKX2-5;NKX2-6;NLRP4;NOX3;NR1D2;NTS;NTSR2;NUPR2;NXPH2;NYX;OC90;OCSTAMP;OLIG2;OOSP2;OPALIN;OPRPN;OR10A3;OR10A7;OR10G2;OR10G4;OR10G6;OR10G8;OR10J5;OR10K1;OR13C9;OR13F1;OR1E2;OR1I1;OR1L1;OR1L4;OR1L8;OR1M1;OR2A5;OR2AP1;OR2B2;OR2D3;OR2G2;OR2J2;OR2J3;OR2T12;OR2T35;OR2T6;OR2V1;OR2W1;OR3A3;OR4C3;OR4C46;OR4C6;OR4X1;OR51A7;OR51B6;OR51G1;OR51I2;OR51T1;OR52A1;OR52B4;OR52B6;OR52E2;OR52E8;OR52L1;OR52N2;OR52W1;OR5AP2;OR5AU1;OR5B3;OR5D13;OR5H15;OR5H6;OR5L1;OR5M9;OR6C4;OR6C65;OR6C75;OR6K6;OR7A10;OR8B8;OR8H2;OR9I1;ORM1;OTOG;OTOP1;OTOR;OTUD6A;PABPC1L2B;PADI1;PASD1;PATE1;PCYT1B;PEX5L;PGLYRP1;PIWIL2;PIWIL3;PKD2L2;PLD5;PLPPR5;PNLIPRP3;PNMA5;PNMA6E;POM121L12;PPP4R3C;PRAMEF19;PRAMEF20;PRAMEF27;PRB4;PRDM13;PRDM9;PRLH;PRLHR;PRM1;PRM3;PROP1;PRR18;PRR32;PSG11;PTF1A;PTH;PYY;RAX;RBMXL2;RBP3;RD3;RD3L;RDH12;RFPL2;RFX6;RHOXF1;RLN3;RNF113B;RNF175;RSPH10B2;RSPO4;RTL1;RTL4;S100A7A;SCGB1D1;SCGB3A1;SCN10A;SCRT2;SEL1L2;SERPINA10;SERPINB11;SIAH3;SKOR2;SLC13A1;SLC13A5;SLC17A6;SLC18A2;SLC1A6;SLC25A48;SLC6A5;SLC7A10;SLC9A4;SNX32;SPACA1;SPANXN4;SPANXN5;SPATA19;SPATA31D3;SPINK14;SPRR2F;SPRR2G;SPRR5;SRY;STRA8;SUN5;SYNDIG1L;TAAR2;TACR3;TAF11L11;TAFA3;TAS1R2;TAS1R3;TAS2R1;TBATA;TBC1D21;TBL1Y;TBR1;TCL1B;TECRL;TEX13A;TEX13C;TEX37;TFAP2B;TFAP2D;TGIF2LX;THEM5;TLE7;TMC3;TMEM225;TMEM229A;TMEM247;TMEM271;TMPRSS15;TNR;TPD52L3;TRARG1;TRAV9-1;TRBV4-2;TRIM42;TRIM51;TRIM64C;TRIML1;TRPC7;TSPAN19;TSPYL6;UMOD;UNCX;VAX1;VSTM1;VSX2;VWA3B;VWC2L;WFDC10A;WFDC11;WNT3A;XAGE5;ZAN;ZDHHC22;ZIC1;ZIC4;ZNF280B;ZNF540;ZNRF4;ZSCAN5C
0013_HTAN_7794_AS_3_filtered_trimmed.h5ad	HTAN_VANDERBILT_CRC::PATIENT::306c7a068bf4965f	45	ACSM5;APOH;ATP2B3;C14orf180;C22orf31;CCL1;CLC;CLEC12A;CPLX2;CTNND2;CYP3A7;DCC;ENPP7;HLA-DRB5;IGLV3-1;IL1RL1;ITIH3;KRT5;LCE3C;LINC02218;MAGEC1;MRAP;MUCL1;MYOT;OR2T35;OTOG;PHF21B;PKD2L2;PRCD;RANBP3L;RBMXL3;RYR1;S100A7;SH2D1B;SLC18A2;SLIT1;SLURP2;SNX32;ST18;SYNDIG1L;TRAV34;TRAV38-1;TTLL7;ZNF385D;ZNF578
0014_HTAN_8578_AS_3_filtered_trimmed_WD84221.h5ad	HTAN_VANDERBILT_CRC::PATIENT::306c7a068bf4965f	338	AARD;ABCC11;ABCC8;ABI3BP;ACP7;ACSBG1;ACSM5;ADGB;ADGRA1;AKAIN1;AKAP4;ALAS2;ALPI;ALX1;AMER2;ANGPT4;ANKRD30A;ANKRD30B;APOA4;APOH;ARL14EPL;ARR3;ASB10;ASIC2;ATP2B3;ATP8A2;ATXN3L;BARHL2;BRDT;BTG4;C11orf87;C12orf56;C13orf42;C14orf180;C3orf85;C4BPA;CACNA1B;CACNA1G;CACNG7;CAPN6;CAPSL;CARTPT;CBLIF;CBLL2;CBLN4;CCDC102B;CCDC105;CCL1;CCL26;CCL8;CCR6;CD247;CD5L;CD79A;CDK5R2;CDO1;CFAP73;CFAP77;CHGA;CHRFAM7A;CHRM5;CLC;CLEC12A;CNNM1;COL4A6;COX6A2;CPLX2;CSMD1;CSN2;CT47B1;CTNND2;CTSG;CYP3A7;CYP4F8;DCC;DCX;DDI1;DDX53;DIRAS2;DMRTA1;DRP2;DUSP13;EBLN1;EDN3;ENPP7;ERP27;ESX1;FAM163B;FAM170A;FAM184B;FAM43B;FAM47C;FAT2;FBN3;FBXO6;FOXB2;FOXE1;FOXE3;FOXI3;FOXL2;FREM1;FREM3;FSHB;FSTL4;GAB4;GABRB1;GC;GNAO1;GNAT1;GOLGA6L7;GPR34;GPX6;GRM6;GSC;HAO2;HBE1;HBM;HCN4;HLA-DQB2;HLA-DRB5;HMX2;HS3ST2;HS3ST4;HSFX4;HTR3E;HTRA4;IAPP;IGHG2;IGHG3;IGHG4;IGHJ2;IGHV5-10-1;IGKV1D-42;IGLV3-1;IL12B;IL1RL1;INSC;INSM2;IQCF6;ITIH3;KCNA5;KCNC1;KCNH6;KCNK12;KCNK18;KIF1A;KLHL34;KLK10;KLK12;KRT12;KRT2;KRT31;KRT32;KRT5;KRTAP20-1;KRTAP9-7;KRTDAP;L1CAM;L3MBTL4;LCE1D;LCE3C;LCN10;LHX2;LINC02218;LKAAEAR1;LRFN5;LSMEM2;LY6L;MAGEB1;MAGEB10;MAGEB17;MAGEB2;MAGEB6;MAP6;MATN3;MBD3L1;MEI4;MFAP5;MGAT4D;MGP;MKRN2OS;MRAP;MS4A1;MUC22;MYH1;MYH8;MYOT;NAT16;NEUROD2;NEUROD4;NEUROG2;NEXMIF;NKAIN1;NKX2-1;NKX2-5;NLRP13;NLRP8;NOVA1;NPAP1;NPY2R;NRAP;NT5C1A;OLIG2;OR14C36;OR1L8;OR1N2;OR2L5;OR2T10;OR2T35;OR51B6;OR52E4;OR56A1;OR5D18;OR5H6;OR5K4;OR5M8;OR6C4;OR6F1;OR6Y1;OR8G1;OTC;OTOP1;PAPPA2;PASD1;PAX4;PCSK1N;PDHA2;PHF21B;PHOX2A;PIWIL2;PKD2L2;PKNOX2;PLA2G2D;PLAC1;PLK5;PLPPR5;PMCH;PNMA8B;POM121L12;POU3F1;PPM1E;PPP1R2C;PPP1R3A;PRCD;PRLH;PSMA8;RAB6C;RADIL;RANBP3L;RASL11B;RAX;RBMXL2;RBMXL3;RFPL2;RHOXF1;RNF175;RSPH10B;RSPH10B2;RTL3;RXFP3;RYR1;S100A7;SCGB2A1;SCML2;SCYGR4;SEC14L4;SFRP5;SH2D1B;SHISA6;SHISA8;SHOX;SIGLEC14;SKOR2;SLC13A1;SLC18A2;SLC30A10;SLC6A18;SLC7A10;SLC9A4;SLIT1;SLURP2;SNX32;SOST;SPACA5;SPANXN3;SPANXN5;SPATA22;SPSB4;SRPK3;ST18;STKLD1;STMP1;SULT1C2;SYNDIG1L;TAFA3;TBL1Y;TBR1;TCEAL7;TEPP;TEX13A;TEX37;TGIF2LX;TINAG;TMEM151A;TMEM239;TMEM271;TMEM275;TMPRSS15;TNMD;TNN;TOGARAM2;TPRX1;TRAJ18;TRAJ34;TRAJ37;TRAJ40;TRAV30;TRAV34;TRAV38-1;TRIM67;TRIML2;TSHR;TSPYL6;TTBK1;TTLL7;UNC13A;URAD;VGLL2;VPREB1;VSTM2B;VSX1;VWC2L;ZIC2;ZNF491;ZNF578;ZNF679;ZNRF4;ZSCAN10
0015_HTAN_8578_AS_4_filtered_trimmed.h5ad	HTAN_VANDERBILT_CRC::PATIENT::3e050f81f3d36d48	162	ACSM4;ACTL7A;AKAP4;ALX4;AQP2;ARSF;ASB5;ASCL4;BTG4;C11orf97;C16orf92;C19orf85;CCDC105;CCDC172;CCDC177;CCDC182;CCDC185;CDX4;CFAP73;CFAP77;CLDN18;CRISP2;CT47B1;CTRB2;CYP3A7;DBX1;DCD;DEFB132;DMRTB1;EN1;ENPP7;ESX1;FGF19;FMR1NB;FOXB2;FOXE1;FTHL17;GAB4;GOLGA6L7;GPHB5;GPR26;GPR50;GPR78;GRM6;IFNA14;IL36RN;IQCF6;KCNV2;KLK5;KREMEN2;KRT37;KRT84;KRTAP10-1;KRTAP10-11;KRTAP10-7;KRTAP10-8;KRTAP22-1;KRTAP24-1;KRTAP3-1;KRTAP4-3;KRTAP4-7;KRTAP6-2;KRTAP9-4;LACTBL1;LCE1D;LCE2B;LCE3C;LGALS7;LINC02218;LUZP4;MAGEB1;MAGEB18;MAGEB6;MAGEB6B;MARCOL;MRGPRG;MSLNL;MUCL1;MYMK;MYOD1;NKX1-1;NKX2-8;NKX6-2;NMUR2;NOBOX;NR0B1;OLIG3;OPRK1;OPRPN;OR10A2;OR10A4;OR10C1;OR10H5;OR10P1;OR10Z1;OR13C8;OR1S1;OR2T35;OR4C6;OR4D6;OR4P4;OR4X1;OR5B3;OR5L1;OR6N1;OR8B8;ORM1;OTOP1;PAX7;PDYN;PKD2L2;PNMA6E;POU4F2;PRLH;PRLHR;PRM1;PRM2;PROP1;PRR23B;PRSS1;PSMB11;PTF1A;RAX;RBPJL;RNF224;RTL4;RTP2;RXFP3;S100A7;SBSN;SCRT2;SERPINB11;SKOR2;SLC16A8;SLC22A2;SLC35G3;SLCO6A1;SPACA5;SPANXB1;SPINK13;SPRR2G;SSX5;SYCN;TAS1R2;TAS2R16;TBC1D21;TBR1;TBX22;TEKT4;TEX13A;TMEM213;TMEM235;TMEM247;TMPRSS11D;TPRX1;TRBV4-2;TRPC7;TTC34;UCP1;VSX2;ZPBP;ZSCAN5C
0016_HTAN_7319_AS_2_filtered_trimmed.h5ad	HTAN_VANDERBILT_CRC::PATIENT::42db69b0c0fe9511	39	ALG1L2;APOH;ASB5;ASIC2;ATP2B3;BTNL3;C13orf42;CCL1;CCL26;CFAP73;CIB4;DCC;ECEL1;ENPP7;FSHB;FSTL4;FXYD4;GOLGA6L7;GRAMD2A;HAO2;HBE1;KRT2;KRT5;LCE1D;LCE3C;LINC02218;MSLN;MUCL1;NKAIN1;ORM1;OTOG;PAEP;PLEKHD1;PPBP;RFPL2;SPACA5;TBL1Y;TBR1;ZNF385D
0017_HTAN_8270_AS_8_filtered_trimmed.h5ad	HTAN_VANDERBILT_CRC::PATIENT::46cd4bcce25745d5	32	C6orf118;CYP3A7;DPEP2NB;FAM151A;FOXB1;FSHB;HDGFL1;HGFAC;HLA-DRB1;HLA-DRB5;KCNG4;KLHL40;KRT5;KRTDAP;LCE1D;LCE3C;MUCL1;OR2T35;PKD2L2;PRSS57;PVALEF;RAB6C;RFPL2;S100A7;SBK2;SLC13A1;SRY;ST8SIA3;SYNDIG1L;TBL1Y;TMEM275;VSX2
0018_HTAN_8578_AS_3_filtered_trimmed_WD84596.h5ad	HTAN_VANDERBILT_CRC::PATIENT::46cd4bcce25745d5	1477	A2ML1;A3GALT2;AASDH;ABCA4;ABCC8;ABHD12B;ABHD16B;ACCSL;ACER1;ACP7;ACR;ACSBG1;ACSM5;ACTL6B;ACTL7A;ACTL7B;ACTL8;ACTL9;ACTRT1;ACTRT2;ADAD2;ADAMTS20;ADARB2;ADCYAP1R1;ADGRA1;ADGRB2;ADGRB3;ADGRD2;ADGRF1;ADGRF3;ADGRF4;ADGRG4;ADGRV1;ADM5;ADRA1A;ADRA1D;ADRA2B;ADRB3;AFP;AGBL1;AIPL1;ALAS2;ALDH3B2;ALG1L2;ALOX12;ALPG;ALPP;AMER2;ANGPT1;ANGPT4;ANGPTL7;ANKFN1;ANKRD30B;ANKRD33;ANKRD34B;ANKRD55;ANKRD62;ANKRD63;ANKRD66;ANKUB1;ANO4;ANXA2R;APC2;APOA5;APOF;APOH;AQP10;AQP4;AQP5;AQP6;ARHGAP36;ARHGAP40;ARR3;ARSF;ART1;ARX;ASB10;ASB5;ASCL1;ASIC2;ASIP;ASTL;ASTN1;ATP1A3;ATP2B2;ATP2B3;ATP4A;ATP8A2;AVP;AWAT2;B3GAT2;B3GNT4;BAAT;BANF2;BARHL2;BARX1;BCAN;BEAN1;BEGAIN;BEST1;BEST3;BFSP2;BHLHA9;BHLHE23;BMP15;BNC1;BPIFA2;BRDT;BRSK2;BSND;BSX;BTBD17;C10orf90;C11orf42;C11orf87;C11orf97;C12orf54;C12orf56;C14orf180;C16orf78;C16orf92;C17orf113;C19orf85;C1QL2;C1QTNF8;C1orf232;C1orf94;C22orf15;C22orf31;C2orf78;C4BPA;C4orf36;C4orf54;C5orf52;C6;C6orf118;C8orf74;CA3;CA6;CABP5;CACNA1B;CACNA2D3;CACNG1;CACNG2;CACNG3;CACNG5;CACNG6;CACNG7;CALHM3;CALML5;CAPN11;CAPN6;CAPS2;CARMIL3;CASKIN1;CASS4;CASTOR2;CATSPER1;CAV3;CBLL2;CBLN2;CCDC105;CCDC172;CCDC179;CCDC182;CCDC185;CCDC192;CCDC198;CCDC201;CCDC39;CCDC70;CCK;CCKBR;CCL1;CCL25;CCL26;CCL27;CCR6;CCT8L2;CD164L2;CD1A;CD200R1L;CD79B;CDH20;CDH22;CDH9;CDK5R2;CEACAM20;CEACAM21;CELA3A;CENPVL3;CER1;CERKL;CES5A;CETN1;CFAP100;CFAP157;CFAP161;CFAP73;CFAP77;CFC1B;CHRNA2;CHRNA6;CHRNB2;CHRND;CHRNG;CHST4;CHST6;CHST9;CIDEB;CILP;CILP2;CITED1;CKAP2L;CKM;CLCNKB;CLDN18;CLDN19;CLDN2;CLDN20;CLDN9;CLEC17A;CLEC20A;CLEC2A;CLEC2L;CLEC3A;CLPS;CLRN2;CLVS2;CMKLR1;CMTM2;CNGA2;CNGB1;CNMD;CNTN2;CNTNAP5;COL25A1;COLEC10;COLGALT2;COX8C;CPA1;CPA2;CPA5;CPAMD8;CPLX2;CPLX3;CPLX4;CR1;CR2;CREB3L3;CRH;CRHBP;CRHR2;CRNN;CRX;CRYBB1;CSPG5;CST6;CST9L;CT47B1;CTNND2;CTRB1;CTRB2;CTSG;CTSV;CTXN2;CTXND1;CUX2;CWH43;CXCR5;CXCR6;CYP11B1;CYP1A2;CYP2A6;CYP2F1;CYP3A7;CYP46A1;CYP4A11;CYP4B1;CYP4F22;CYP8B1;CYSLTR1;DAB1;DAO;DAPL1;DBH;DBX1;DBX2;DCAF4L1;DCAF4L2;DCAF8L1;DCAF8L2;DCC;DCDC2;DCSTAMP;DDI1;DEFA4;DEFB115;DEFB116;DEFB119;DEFB123;DEFB136;DGKK;DHRS2;DIRAS2;DKKL1;DLEU7;DLGAP2;DLL3;DLX3;DMRTA1;DNER;DNMT3L;DNTT;DPYSL5;DRD1;DRD3;DSC1;DUSP21;DYTN;EBF2;ECEL1;EDARADD;EEF1A2;EGF;EGR4;EMX1;ENAM;ENPP7;EPHA8;EPHX3;EPO;ERICH3;ERP27;ERVFRD-1;ERVV-1;ESX1;EVPLL;EVX2;FAM124B;FAM162B;FAM163B;FAM166A;FAM181B;FAM189A1;FAM240C;FAM43B;FAM47B;FAM81B;FAM90A26;FBLL1;FBN3;FBXO15;FBXO40;FBXO6;FBXW10;FCAMR;FCRL4;FCRL5;FCRLA;FEV;FEZF2;FFAR1;FGF19;FGF23;FGF4;FGF8;FGFBP2;FIGLA;FITM1;FLG;FLT3;FMR1NB;FNDC7;FOXB2;FOXD3;FOXD4;FOXE1;FOXG1;FOXI1;FOXI2;FOXJ1;FOXL2;FOXL2NB;FOXN1;FOXO6;FREM1;FREM2;FRMD4A;FRMPD1;FRMPD2;FRMPD3;FRMPD4;FSHB;FSTL4;FTHL17;FTMT;FUT5;FYB2;GAB4;GABRA3;GABRA4;GABRA5;GABRA6;GABRB1;GABRQ;GABRR1;GAD2;GAGE10;GALNT14;GALR3;GAS2L2;GAST;GATA1;GBX2;GCKR;GCM1;GCM2;GDF2;GDF6;GFRA3;GFRA4;GH2;GHSR;GIMD1;GIP;GIPC3;GJA3;GJA8;GJB7;GKN1;GLP1R;GLYATL2;GMNC;GNAT1;GNG13;GNMT;GNRHR;GOLGA6L7;GOT1L1;GP5;GP9;GPHB5;GPR12;GPR139;GPR148;GPR149;GPR152;GPR158;GPR174;GPR182;GPR26;GPR32;GPR42;GPR45;GPR6;GPR61;GPR62;GPR78;GPR83;GPR88;GRIK4;GRIN1;GRIN3A;GRK1;GRM2;GRM6;GRM7;GSC2;GSG1;GSG1L;GSG1L2;GSTA3;GSTO2;GSTZ1;GSX2;GUCY2D;GUCY2F;GZMM;HABP2;HAO2;HAP1;HAPLN4;HBE1;HBG2;HBM;HBQ1;HCN4;HCRT;HDGFL1;HESX1;HGFAC;HIGD2B;HJURP;HLA-DQB1;HLA-DQB2;HMX1;HMX2;HMX3;HOMER2;HOXB1;HOXC10;HOXD13;HPCAL4;HPGDS;HPN;HRK;HRNR;HS3ST1;HS3ST4;HSD11B1;HTR3A;HTR3E;HTR5A;HUNK;IFITM5;IFNA16;IFNA8;IFNL2;IGF2BP1;IGFALS;IGFBP1;IGFBPL1;IGFL1;IGHD;IGHV1-58;IGKV6D-41;IGLJ5;IGLL1;IGLV2-33;IGLV3-22;IGLV4-60;IGLV9-49;IGSF11;IGSF5;IL12B;IL17A;IL17D;IL17F;IL19;IL25;IL27;IL2RA;IL36G;IL36RN;IL5RA;INA;INCA1;INHBC;INS;INSL6;INSM1;INSM2;IQCF6;IRGC;IRS4;IRX4;IRX6;ISM1;ITGA2B;ITIH1;ITIH3;ITLN2;ITPRID1;JPH4;KANK4;KCNC2;KCNE5;KCNG4;KCNH1;KCNH5;KCNH6;KCNJ12;KCNJ16;KCNJ4;KCNJ6;KCNJ9;KCNK10;KCNK12;KCNK16;KCNK17;KCNK18;KCNK9;KCNQ2;KCNS2;KCNU1;KCNV2;KCP;KCTD19;KHDC3L;KHDRBS2;KIAA2012;KIF1A;KIR2DL4;KIR3DL3;KL;KLF14;KLF18;KLHDC7A;KLHL14;KLHL38;KLHL40;KLK15;KLK3;KLK4;KLRD1;KNG1;KREMEN2;KRT12;KRT13;KRT2;KRT24;KRT26;KRT3;KRT31;KRT32;KRT36;KRT4;KRT5;KRT75;KRT79;KRT82;KRT83;KRT84;KRT85;KRTAP1-1;KRTAP10-1;KRTAP10-7;KRTAP13-3;KRTAP15-1;KRTAP19-5;KRTAP2-2;KRTAP2-3;KRTAP20-2;KRTAP22-1;KRTAP3-1;KRTAP4-12;KRTAP4-3;KRTAP4-4;KRTAP4-8;KRTAP7-1;KRTAP8-1;KRTAP9-3;KRTAP9-4;KRTDAP;LACTBL1;LALBA;LBHD2;LBX1;LCE1B;LCE1C;LCE1D;LCE2A;LCE2B;LCE3C;LCN15;LCN9;LCNL1;LDLRAD1;LELP1;LGALS14;LGALS16;LGALS7;LHFPL5;LHX2;LHX3;LHX5;LILRA2;LIM2;LIN54;LINC02218;LINGO3;LIPC;LIPT2;LIX1;LKAAEAR1;LLGL1;LLPH;LMAN1L;LMOD2;LMX1A;LPAR3;LPO;LRCOL1;LRP1B;LRRC10;LRRC14B;LRRC18;LRRC30;LRRC38;LRRC73;LRRN4;LRRTM1;LRTM2;LTA;LTF;LY6L;LY9;LYPD2;LYZL6;MAG;MAGEA12;MAGEA8;MAGEA9B;MAGEB3;MAGEB6;MAGEB6B;MAGEC1;MAGEE1;MAP3K15;MAST1;MAT1A;MATN1;MATN4;MBD3L2B;MBTPS2;MC5R;MDGA2;MEGF11;MEOX2;MESP2;METTL21C;MFRP;MGAT3;MGAT4D;MILR1;MINAR2;MIXL1;MKRN2OS;MKRN3;MLC1;MLNR;MMP20;MMP27;MPC1L;MPL;MPO;MPPED1;MRAP;MRGPRG;MRGPRX1;MRGPRX4;MROH2A;MS4A15;MSLNL;MSMB;MSTN;MT1A;MT4;MTNR1B;MTTP;MUC16;MUC22;MUCL1;MYADML2;MYBPC2;MYCN;MYH1;MYH4;MYL2;MYL7;MYLK2;MYMK;MYO3A;MYO3B;MYO7A;MYOD1;MYOT;MYT1;MYT1L;NANOS1;NAP1L2;NAP1L3;NAT1;NAT16;NCAN;NCBP2L;NCCRP1;NCMAP;NCR1;NCR3;NECAB1;NEFL;NEU2;NEUROD1;NEUROD2;NEUROD4;NEUROG1;NEUROG2;NHLH1;NHLRC4;NKAIN1;NKX1-1;NKX2-1;NKX2-2;NKX2-4;NKX2-5;NKX2-6;NKX6-2;NKX6-3;NLGN1;NLRP5;NLRP7;NME9;NMRK2;NMS;NMUR1;NOG;NOS1;NPAP1;NPB;NPC1L1;NPHS2;NPPA;NPPB;NPPC;NPW;NPY;NPY4R2;NPY5R;NR2E1;NSG2;NT5C1A;NT5C1B;NTRK1;NTSR2;NUDT10;NUDT6;NUGGC;NUPR2;NXPH2;NYAP2;NYX;OC90;ODF3;ODF3L1;OLIG2;OLIG3;ONECUT3;OOSP2;OPALIN;OPRK1;OPRM1;OPRPN;OR10A3;OR10A5;OR10AD1;OR10C1;OR10G2;OR10G4;OR10G8;OR10H1;OR10H5;OR10J1;OR10J5;OR10K1;OR10P1;OR10V1;OR11A1;OR12D2;OR13C5;OR13C9;OR13F1;OR14A2;OR1D2;OR1F1;OR1G1;OR1J1;OR1J2;OR1K1;OR1L1;OR1L8;OR1N1;OR1N2;OR2AE1;OR2AJ1;OR2B3;OR2C3;OR2G3;OR2G6;OR2L13;OR2M4;OR2M7;OR2T12;OR2T35;OR2T5;OR2T6;OR2T8;OR2Y1;OR3A1;OR3A3;OR4A15;OR4C6;OR4D11;OR4D2;OR4D9;OR4E1;OR4K14;OR4K17;OR4N5;OR4X1;OR51A7;OR51B6;OR51Q1;OR51S1;OR51T1;OR52A5;OR52B2;OR52B4;OR52E4;OR52L1;OR52N2;OR52N5;OR56A1;OR56A3;OR56B4;OR5B2;OR5B3;OR5C1;OR5D14;OR5D16;OR5D18;OR5D3P;OR5H15;OR5H6;OR5L1;OR5M1;OR5P2;OR6C1;OR6C6;OR6C65;OR6C74;OR6K2;OR6K6;OR7D4;OR7G3;OR8B4;OR8B8;OR8G1;OR8I2;OR8K1;OR9A2;OR9A4;OR9I1;ORM1;ORM2;OTOF;OTOG;OTOL1;OTOP1;OTOR;OTP;OTUD6A;OVCH1;OVGP1;PABPC1L2B;PABPN1L;PADI1;PADI3;PAGE4;PAK5;PANX3;PAPPA2;PASD1;PATE4;PAX2;PAX3;PAX4;PAX9;PCDH10;PCDH8;PCDHA13;PCSK1N;PDHA2;PEX5L;PFN3;PGBD5;PGC;PGLYRP1;PGLYRP4;PGPEP1L;PHF21B;PHOX2A;PHOX2B;PI16;PIANP;PIRT;PIWIL2;PKD2L1;PKD2L2;PKHD1;PKLR;PKNOX2;PLA2G2E;PLA2G3;PLA2G4D;PLAAT2;PLAC1;PLIN1;PLK5;PLP1;PLPPR3;PM20D1;PNLIPRP3;PNMA5;PNPLA5;POM121L12;POU3F1;POU3F2;POU3F4;PPP1R2C;PPP1R36;PPP2R2C;PPP4R4;PRAMEF12;PRAMEF27;PRAMEF33;PRAMEF4;PRB4;PRDM12;PRDM13;PRDM16;PRKACG;PRLHR;PRM1;PRM2;PRM3;PROC;PROKR2;PROP1;PROX2;PRPH;PRR23B;PRR23C;PRR30;PRR32;PRR33;PRR35;PRRT2;PRRX2;PRSS35;PRSS54;PRSS56;PRSS57;PRSS58;PSAPL1;PSCA;PSD2;PSG11;PSG3;PSKH2;PTF1A;PTH;PTH2;PTPRN;PYDC1;PYY;QRFPR;RAB33A;RAB40AL;RAB42;RAB44;RAB6C;RADIL;RAET1G;RALYL;RANBP3L;RAPSN;RASGEF1A;RASL11B;RASSF9;RAX;RBFOX3;RBMXL2;RBMXL3;RBP3;RBPJL;RD3;RD3L;RDH8;RELN;REM2;REN;RESP18;RFPL2;RFX6;RGR;RGS21;RHAG;RHEX;RIMS3;RLN3;RNASE10;RNASE11;RNASE8;RNF113B;RNF175;RNF222;RNF223;RNF224;RNF225;RPE65;RPRM;RSPH10B;RSPH10B2;RSPH4A;RSPH6A;RTL1;RTL3;RTL4;RTL9;RTP2;RUNDC3A;RXFP3;RYR1;S100A7;SAA4;SALL3;SAMD7;SBK2;SBK3;SBSN;SCGB2A1;SCGB2B2;SCGB3A1;SCN3A;SCRT2;SCT;SCYGR4;SCYGR8;SDR42E2;SEC14L4;SEMG2;SERPINA10;SERPINA12;SERPINA4;SERPINA5;SERPINA6;SERPINA9;SERPINB3;SERPINE3;SEZ6;SEZ6L;SFTA2;SFTPB;SFTPD;SH2D1B;SH2D6;SH3GL2;SHISA6;SHISA7;SHISA8;SHISA9;SIGLEC12;SIGLEC14;SIX1;SIX4;SIX6;SKOR2;SLC10A4;SLC13A1;SLC14A1;SLC16A12;SLC16A8;SLC17A3;SLC17A6;SLC18A1;SLC18A2;SLC18A3;SLC1A6;SLC1A7;SLC22A12;SLC22A14;SLC22A6;SLC22A9;SLC24A2;SLC24A5;SLC25A48;SLC26A9;SLC28A2;SLC30A3;SLC32A1;SLC34A2;SLC35G3;SLC36A3;SLC38A3;SLC45A2;SLC47A2;SLC4A11;SLC4A9;SLC5A10;SLC5A12;SLC5A5;SLC5A8;SLC6A18;SLC6A5;SLC7A10;SLC7A3;SLC9B1;SLCO6A1;SLITRK3;SLITRK5;SLURP1;SMCP;SMIM2;SMIM21;SMIM23;SMIM28;SMIM36;SMIM6;SMOC1;SNCB;SNX22;SNX32;SOAT2;SOX10;SOX3;SP6;SP8;SP9;SPACA5;SPANXB1;SPANXN5;SPATA31D1;SPATA46;SPDYE4;SPEF1;SPEM1;SPINK14;SPOCK3;SPPL2C;SPRR1B;SPRR2G;SPRR3;SPRR5;SPSB4;SRARP;SRPK3;SRRM4;SRRM5;SRY;SSTR4;SSUH2;ST18;ST8SIA3;ST8SIA5;STAC2;STAR;STEAP4;STKLD1;STPG3;STRA8;SULT4A1;SUN5;SYCN;SYN2;SYNDIG1L;SYNGR4;SYP;SYT11;SYTL5;TAAR2;TAF11L11;TAF11L14;TAFA3;TAPT1;TAS1R1;TAS1R2;TAS1R3;TAS2R38;TAS2R4;TBATA;TBC1D19;TBC1D21;TBL1Y;TBR1;TBX22;TBX5;TCEAL5;TCL1B;TEDC2;TEDDM1;TEKT4;TEPP;TERB2;TEX13A;TEX13C;TEX14;TEX28;TEX29;TEX37;TEX44;TEX45;TEX47;TFAP2B;TFPI2;TGFBR3L;TGIF2LX;TIFAB;TINCR;TLCD3B;TLE7;TLX1;TLX2;TLX3;TM6SF2;TMC1;TMCO5A;TMEM114;TMEM132C;TMEM145;TMEM151A;TMEM151B;TMEM213;TMEM225;TMEM225B;TMEM233;TMEM239;TMEM247;TMEM255A;TMEM271;TMEM275;TMEM61;TMEM88B;TMIE;TMIGD2;TMPRSS11B;TMPRSS6;TMPRSS9;TMSB15B;TNFRSF13B;TNFRSF13C;TNFRSF19;TNMD;TNNI1;TNP1;TNP2;TOPAZ1;TPRX1;TRABD2B;TRAJ20;TRAJ33;TRAJ40;TRAJ49;TRAPPC3L;TRARG1;TRAV1-2;TRAV12-2;TRAV12-3;TRAV26-2;TRAV27;TRAV3;TRAV34;TRAV38-1;TRAV38-2DV8;TRAV39;TRAV7;TRAV9-1;TRBJ1-6;TRBV10-2;TRBV11-3;TRBV13;TRBV30;TRBV4-1;TRBV4-2;TRBV6-4;TRBV7-1;TRBV7-9;TRBV9;TRDJ3;TRGC1;TRH;TRHR;TRIM17;TRIM42;TRIM51;TRIM63;TRIM67;TRIM71;TRIML2;TRPC5;TRPC7;TRPM5;TRPM8;TSGA10IP;TSGA13;TSHR;TSNAXIP1;TSPAN10;TSPO2;TTC24;TTC34;TTC9B;TTLL10;TTLL6;TTLL7;TTYH1;TULP1;TYR;UCN3;UGT2B7;ULBP1;UMOD;UMODL1;UNC79;UNC80;UNCX;UPK1B;UQCRFS1;UTF1;UTS2;UTS2B;UTS2R;VEPH1;VGF;VGLL2;VN1R2;VPREB1;VPREB3;VSIG10L;VSIG10L2;VSTM1;VSTM2A;VSTM2B;VSTM5;VSX1;VSX2;VWA3B;VWA5B1;VWCE;WDR38;WDR49;WFDC13;WIF1;WNT1;WNT10B;WNT3;WNT3A;WNT7A;XKR3;XKR4;XKR5;YIPF7;ZAR1;ZCCHC12;ZCCHC13;ZDHHC22;ZFP57;ZIC1;ZIC2;ZIC3;ZIC4;ZIC5;ZNF215;ZNF229;ZNF230;ZNF280A;ZNF385B;ZNF385D;ZNF488;ZNF536;ZNF556;ZNF578;ZNF582;ZNF596;ZNF648;ZNF750;ZNF804A;ZNF843;ZNF98;ZNRF4;ZP1;ZPBP;ZSCAN1;ZSCAN10;ZSCAN4;ZYG11A
0019_HTAN_6723_KL_1_filtered_trimmed.h5ad	HTAN_VANDERBILT_CRC::PATIENT::4aa571d63ab1aa20	250	ADCY8;ADGRA1;ADGRG2;ADGRV1;AHSP;ALG1L2;ALX3;ANHX;ANKRD30A;ARMS2;ARSF;ASB5;ASCL4;BARHL2;BATF3;BEX1;BTG4;C12orf56;C13orf42;C1QTNF8;CA6;CABP7;CACNG3;CACNG5;CCDC172;CCDC177;CCER1;CCL1;CD38;CDH20;CDX4;CFAP73;CHAT;CIB4;CLCNKB;CLVS2;CNTNAP4;CPA1;CPA5;CPHXL;CRYGA;CSF2;CYP3A7;DEFB118;DPPA4;DYNAP;FAM13C;FAM181A;FAM47B;FERD3L;FOXB2;FOXG1;FSHB;FSHR;FTMT;GAB4;GABRB3;GFRA4;GNG4;GOLGA6L7;GPR26;GPR6;GPX6;GSC2;GSG1;HAO1;HAO2;HBM;HLA-DRB1;HLA-DRB5;HMX2;HTR3B;HTR5A;IAPP;IFITM5;IFNL2;IGHV1-58;IGHV5-10-1;IL17A;IL20;IL25;IL9;IQGAP2;IRX1;IVL;IZUMO1R;KCNG4;KCNJ1;KCNV2;KIAA1549L;KLHDC7A;KLHL40;KRT33A;KRT38;KRTAP1-1;KRTAP1-4;KRTAP11-1;KRTAP4-5;KRTAP4-7;KRTAP8-1;KRTAP9-7;LACTBL1;LCE1D;LCN8;LGALS7;LHX1;LIM2;LRRC30;LRRC38;MAGEA12;MAGEB3;MAGEC1;MAP3K15;MC5R;MFRP;MRAP;MS4A18;MYH8;NDST4;NEUROG1;NKX1-1;NKX2-4;NLRP13;NR0B1;NRAP;NYX;OC90;ONECUT3;OPN1LW;OR10A5;OR10C1;OR10G2;OR10K2;OR11L1;OR12D2;OR13C8;OR14C36;OR1D2;OR1G1;OR1N1;OR1N2;OR1S1;OR2A5;OR2F2;OR2G6;OR2J3;OR2L5;OR2M2;OR2M3;OR2M7;OR2T1;OR2T12;OR2T6;OR2Y1;OR4D2;OR51A4;OR51Q1;OR52E4;OR52E8;OR52N2;OR5AP2;OR5AR1;OR5H15;OR5H6;OR5M1;OR5P2;OR6C6;OR6J1;OR6N1;OR7E24;OR8B4;OTOL1;OTOP1;OTOP2;PABPC1L2B;PASD1;PAX4;PAX7;PCDHB1;PDHA2;PIWIL2;PLGLB2;PNPLA5;POM121L12;POU3F4;PPP1R3A;PRAMEF27;PRB4;PRDM12;PROK1;PRPH2;PRSS37;RAB41;RAB6C;RALYL;RNASE9;RNF113B;RNF175;RTL4;RTP3;SCYGR8;SEZ6;SHOX;SLC13A1;SLC14A1;SLC14A2;SLC16A8;SLC17A6;SLC18A2;SLC25A48;SLC35G3;SLC36A3;SLC44A5;SLC6A5;SLC7A10;SLCO1A2;SLITRK3;SOHLH1;SPACA5;SPEM3;SPINK14;SPRR4;SYCN;TAAR6;TAS1R2;TAS2R4;TBC1D21;TBR1;TCL1B;TEKT4;TGIF2LX;TGM6;TMEM225;TMEM247;TNP1;TPD52L3;TRAV12-2;TRBV4-2;TRBV7-9;TRDV1;TRIM67;TTC34;VWA3B;ZIC1;ZIC4;ZNF157;ZNF280B;ZNF582;ZNF704;ZP1
0020_HTAN_6723_KL_2_filtered_trimmed.h5ad	HTAN_VANDERBILT_CRC::PATIENT::4aa571d63ab1aa20	63	ACTL7A;ACTRT2;ADGRV1;APOH;ATP8A2;BTG4;C12orf56;CALB1;CFAP73;CIB4;CLC;CNOT11;CTNND2;CYP3A7;DCC;ENPP7;FOXB2;FOXG1;FSHB;GOLGA6L7;HAO2;HBE1;HLA-DRB1;HLA-DRB5;IGHV5-10-1;IQCF6;IQGAP2;KLHL40;KRTAP9-3;LACTBL1;LGALS7;MAGEB18;MC5R;MGP;MPPED1;MRAP;MYT1L;NDST4;NKX1-1;NKX2-8;OC90;OR1N2;OR2C3;OR52E4;PGBD5;PRAMEF27;RAB6C;RHD;RNF175;SCRT2;SLC13A1;SLC18A2;SPACA5;TBR1;TERB1;TMEM213;TRAV12-2;TRIM67;TTLL7;ZBTB33;ZIC3;ZNF385D;ZNF716
0021_HTAN_6723_KL_3_filtered_trimmed.h5ad	HTAN_VANDERBILT_CRC::PATIENT::4aa571d63ab1aa20	137	ADGRV1;ALG1L2;APOH;ARHGAP36;ASIC2;ATP2B3;ATP8A2;AWAT1;BHLHA9;BTG4;C12orf56;C22orf42;C6orf118;C8B;CALB1;CFAP73;CIB4;CLC;CLRN2;CNTNAP4;CRHBP;CT47B1;CTNND2;CYP3A7;DCC;DNAH5;DSC1;ENPP7;FGF3;FSHB;HAO2;HBE1;HLA-DRB1;HLA-DRB5;HMX2;HOXC12;IGHV1-58;IGHV5-10-1;IL25;IQGAP2;KCNV2;KLHL40;KLRD1;KRT2;KRT38;KRT5;KRTAP10-1;KRTAP19-4;KRTAP4-5;KRTAP9-3;LCE1D;LDLRAD1;LGALS7;LLGL1;LMOD2;LRRC30;LY6D;MAG;MGP;MRAP;MSTN;MYOD1;MYOT;NDST4;NEUROD1;NKX2-5;NKX2-8;NYX;OC90;ODF3;OR13C8;OR1N2;OR2AJ1;OR2M3;OR2T10;OR2T12;OR2T35;OR2T6;OR4K14;OR51T1;OR52B2;OR52E4;ORM1;OTOG;PAK5;PCDH10;PDYN;PGBD5;PIWIL2;PLPPR4;PLPPR5;PRAMEF27;PRLHR;PRSS38;PTF1A;RAB6C;RAX;RHD;RNF175;RNF222;S100A7;SCGB3A1;SCRT2;SENP7;SERPINA5;SHOX;SIX6;SLC13A1;SLC18A2;SLC18A3;SLC1A7;SLC25A48;SLC6A18;SLITRK3;SOST;SPACA5;STRA8;SYNDIG1L;TAPT1;TARM1;TBC1D19;TBR1;TEDDM1;TERB1;TGIF2LX;TMEM215;TMEM271;TRAV12-2;TRBV4-2;TRIML1;TTLL7;ZBTB33;ZNF385D;ZNF704;ZNF711;ZNRF2;ZNRF4
0022_HTAN_6723_KL_4_filtered_trimmed.h5ad	HTAN_VANDERBILT_CRC::PATIENT::4aa571d63ab1aa20	207	ACP7;ACTL7A;ADGRV1;ALG1L2;ANGPTL7;ANKRD1;ANKRD30A;ANKRD66;APOA4;APOH;ARR3;ASCL4;ATP2B3;ATP8A2;AWAT2;BARX1;BTG4;C12orf56;C13orf42;C16orf92;CABP5;CALB1;CBLL2;CBLN4;CCDC102B;CCL2;CCL8;CCR6;CHRM2;CHRNA4;CIB4;CLC;CLEC12A;CNOT11;CRYGB;CRYGD;CSRP2;CT47B1;CTNND2;CYP2A13;CYP3A7;DCAF4L1;DCC;DEFA4;DGKK;DNMT3L;DOK5;EBF1;ENPP7;ESX1;FAM13B;FAM47B;FAM47C;FBXO6;FGF14;FMR1NB;FOXL2;FPR1;FSHB;FSTL4;GABRG1;GAP43;GOLGA6L7;GPM6B;GPR101;GPR139;GSC2;HAO2;HLA-DRB1;HLA-DRB5;HPCAL4;HSPA4L;HTR5A;IGHV5-10-1;IQCF6;IQGAP2;IRX4;ITIH3;KCNJ9;KIF1A;KLHL34;KLHL38;KLHL40;KLRD1;KRT79;KRT85;KRTAP12-4;KRTAP4-4;KRTAP4-7;KRTAP5-10;LBP;LCE1D;LCT;LELP1;LGALS7;LIPH;LRIT1;LRRC30;LY6L;MAGEA4;MAGEA9B;MAGEB6B;MAGEE2;MFAP5;MGP;MRAP;MSLNL;MSTN;MUCL1;MYMK;MYOD1;MYOT;NDST4;NEUROD1;NKX2-5;NKX2-8;NKX6-2;NOBOX;NPPB;NYX;OC90;OLIG3;OR1K1;OR2A25;OR2T5;OR4K1;OR51Q1;OR52E4;OR52N2;OR56A1;OR5H15;OR8G1;ORM1;OTOG;PAEP;PAMR1;PGBD5;PHF21B;PIWIL2;PPP1R2C;PRAMEF12;PRAMEF27;PRDM9;PRR18;PRR32;PSMB11;RAB6C;RADIL;RANBP3L;RASSF2;RASSF9;RAX2;RD3;RHD;RNASE11;RNF175;RSPH10B2;S100A7;SAGE1;SEBOX;SENP7;SH2D1B;SHOX;SIX4;SKOR2;SLC13A1;SLC18A2;SLC22A2;SLC6A18;SLIT1;SLURP2;SNX32;SPACA5;SPANXN5;SSX5;ST18;SYNDIG1L;TAPT1;TBC1D19;TBR1;TCEAL2;TCEAL5;TENT5D;TERB1;TEX13D;TGIF2LX;TMEM151B;TMEM200C;TMEM225B;TMEM239;TMEM247;TMEM88B;TRAV12-2;TRIM67;TRPC5;TRPM3;TTLL7;TYR;UNC79;VSTM2B;ZBED2;ZBTB33;ZIC4;ZNF385D;ZNF704;ZNF716;ZNRF2
0023_HTAN_8270_AS_11_filtered_trimmed.h5ad	HTAN_VANDERBILT_CRC::PATIENT::4f81822a6f2ecd63	42	ACP7;ACTL7A;APOH;ASIC2;ATP2B3;ATP8A2;C14orf180;C1QTNF9B;C6orf118;CLC;CTNND2;CTSG;ENPP7;FXYD4;GRM6;HBE1;HLA-DQB1;HLA-DRB5;IGHV5-10-1;KRT5;LCE1D;LHX3;MGP;MRAP;MYOD1;MYOT;NKX1-1;OR2T2;ORM1;POU3F2;PRAMEF27;RAB6C;SCGB3A1;SLC18A2;SNX32;SRY;TBL1Y;TBR1;TMEM213;TMEM271;TRIM67;ZNF385D
0024_HTAN_8270_AS_12_filtered_trimmed.h5ad	HTAN_VANDERBILT_CRC::PATIENT::4f81822a6f2ecd63	86	APOH;ASB10;ATP2B3;BHLHA9;C13orf42;C1QTNF9B;C8orf74;CCDC201;CCKBR;CFAP73;CLRN2;CNGB1;CPLX2;CYP2B6;CYP3A7;DBX1;DCAF8L2;DEFB118;DUSP21;EDN3;ELOA2;ENPP7;ESX1;FAM47B;FGF19;FOXE1;FOXL2;FXYD4;GAST;GOLGA6L7;GPR149;GPR26;GSC2;HDGFL1;HLA-DQB1;HLA-DRB1;HLA-DRB5;HTR2C;IGHV5-10-1;KLHDC7A;KLHL34;LBX1;LCE1D;LCE3C;LKAAEAR1;MAGEA9B;MAGEE2;MRGPRG;MROH2A;MTNR1B;MYOD1;MYT1L;NKAIN1;NKX1-1;NKX2-4;NMRK2;NPAP1;NTSR2;NYX;OLIG2;OR10C1;OR11A1;OR2T2;OR4C46;PHOX2A;PKD2L2;PLA2G4D;PRAMEF27;RAB6C;RNF113B;RTP2;SCGB3A1;SCYGR8;SEC14L4;SLC13A1;SLC22A2;SLC25A48;SLC6A18;SPACA5;SRY;TBL1Y;TEX37;TRGV11;TRIM67;TRIML1;WNT3A
0025_HTAN_8578_AS_2_filtered_trimmed_WD84216.h5ad	HTAN_VANDERBILT_CRC::PATIENT::4f81822a6f2ecd63	1389	AADACL3;AARD;ABCC8;ABHD16B;ABI3BP;ACCSL;ACER1;ACP4;ACP7;ACR;ACSM4;ACSM5;ACTL7A;ACTL7B;ACTL8;ACTL9;ACTN2;ACTN3;ADAD2;ADAMTS16;ADAMTS8;ADARB2;ADCY5;ADCY8;ADCYAP1R1;ADD2;ADGRA1;ADGRB1;ADGRD2;ADGRF3;ADGRF4;ADGRG4;ADGRL3;ADGRV1;ADIPOQ;ADRA1A;ADRA2B;ADRB3;AGTR2;AIPL1;ALDH3B2;ALG1L2;ALKAL1;ALLC;ALOX12;ALPI;ALPK2;ALPP;ALX3;ALX4;AMER2;AMPH;AMTN;AMZ1;ANGPT4;ANGPTL7;ANHX;ANKRD1;ANKRD30A;ANKRD30B;ANKRD33B;ANKRD34C;ANKRD60;ANKRD62;ANKRD65;ANKUB1;ANO5;ANTXRL;APOA1;APOA4;APOA5;APOB;APOBEC2;APOD;APOF;APOH;APOL5;AQP4;ARL14EPL;ARMC3;ART1;ASB10;ASCL1;ASCL3;ASCL4;ASIP;ASPG;ASTN1;ASXL3;ATG9B;ATP12A;ATP1B4;ATP2B3;ATP4A;ATP8A2;AVP;AVPR1A;AVPR1B;AWAT2;B3GALT1;B3GAT2;BARHL2;BCAN;BEAN1;BEND4;BEST4;BHLHA9;BHLHE23;BHMT;BLK;BMP15;BMP3;BMP7;BMX;BPIFA1;BPIFB2;BPIFB4;BRINP2;BTBD17;BTG4;C10orf53;C10orf62;C11orf42;C11orf86;C11orf87;C12orf56;C13orf42;C13orf46;C14orf180;C16orf78;C16orf89;C1QTNF8;C1QTNF9B;C1orf232;C20orf144;C20orf202;C22orf15;C22orf31;C2orf78;C3orf49;C3orf56;C3orf80;C3orf84;C4orf54;C5orf49;C6orf118;C8B;C8orf74;CA4;CA6;CA7;CABP4;CABP5;CACNA1G;CACNG1;CACNG2;CACNG4;CACNG6;CACNG7;CALB1;CALHM1;CAMP;CARTPT;CASP14;CATSPER1;CATSPERZ;CAV3;CBLN1;CBLN2;CCDC105;CCDC160;CCDC166;CCDC172;CCDC177;CCDC185;CCDC192;CCDC201;CCER1;CCKBR;CCL1;CCL19;CCR6;CCT8L2;CD101;CD177;CD1A;CD207;CD22;CD300LG;CD38;CD40LG;CDH10;CDH20;CDH22;CDH26;CDH6;CDH9;CEACAM16;CEACAM21;CEBPE;CELA2B;CELA3A;CER1;CERS3;CFAP73;CGA;CHAD;CHGB;CHIT1;CHP2;CHRFAM7A;CHRM5;CHRNA4;CHRND;CHST4;CHST8;CIB4;CIDEA;CILP;CKMT2;CLC;CLDN19;CLDN20;CLEC2L;CLRN2;CNGA2;CNGA3;CNR2;CNTN6;CNTNAP4;COL4A5;COL4A6;COL9A3;COLEC11;COX6A2;CPA1;CPA2;CPAMD8;CPB1;CPLX2;CPN2;CPXCR1;CR1;CRHBP;CRHR1;CRHR2;CRLF1;CROCC2;CRP;CRTAC1;CRYBB1;CRYGC;CRYGD;CST9L;CTNNA2;CTNND2;CTRB1;CTRB2;CTSG;CTXN3;CTXND1;CUX2;CWH43;CXCL17;CYLC1;CYP11A1;CYP1A2;CYP21A2;CYP2A13;CYP2W1;CYP3A7;CYP46A1;CYP4A22;CYP4B1;CYP4F2;CYP7A1;CYP8B1;CYTL1;DAO;DAOA;DBH;DBX1;DBX2;DCAF4L1;DCAF8L1;DCC;DDI1;DDX53;DEFA4;DGKB;DGKK;DIO1;DIRAS2;DIRAS3;DISP2;DKKL1;DLEU7;DLGAP2;DLK1;DMRT3;DNAJB13;DNASE1L3;DNER;DNMT3L;DPEP2NB;DRD2;DTX1;DUSP13;DUSP21;DYNAP;DYTN;ECT2L;EDN3;EFCAB3;EFHB;EGF;EGR4;ELAVL3;EMX1;EMX2;EN1;ENAM;ENPP7;EPB41L4A;EPHA8;ERFE;ERICH3;ERVV-2;ESX1;EVPLL;EVX1;EVX2;F10;F2RL2;FAM107A;FAM124B;FAM151A;FAM162B;FAM166A;FAM170A;FAM180A;FAM181A;FAM240C;FAM47B;FAM78B;FAT2;FATE1;FBXO40;FCRL1;FERD3L;FETUB;FFAR1;FGF14;FGF19;FGF23;FGF3;FGF5;FGF8;FGFBP2;FHL5;FIBCD1;FIBIN;FJX1;FMR1NB;FOXB1;FOXB2;FOXE1;FOXG1;FOXI1;FOXI2;FOXL2;FOXN1;FOXS1;FRMPD3;FSHB;FSHR;FSTL4;FTCD;FTMT;FUT5;FUT9;FXYD4;GAB4;GABBR2;GABRA5;GABRD;GABRG1;GABRG3;GAGE10;GAL3ST3;GALNT16;GALNT9;GALR1;GALR3;GAST;GATA1;GBX1;GBX2;GC;GCK;GDF10;GDF2;GDF5;GDF6;GDF7;GFRA1;GFRA4;GGTLC1;GH2;GHSR;GIMD1;GJA8;GLP1R;GLT6D1;GLTPD2;GLYATL1;GLYATL2;GMNC;GNAT1;GNG13;GNG4;GOLGA6L7;GOT1L1;GPHB5;GPIHBP1;GPR101;GPR12;GPR146;GPR149;GPR15;GPR150;GPR151;GPR158;GPR182;GPR20;GPR25;GPR26;GPR32;GPR61;GPR78;GPR83;GPR88;GPX6;GRAMD2A;GREM2;GRIK4;GRIN2A;GRIN3A;GRK1;GRM6;GRM7;GRP;GUCA2B;GUCY2D;GZMK;HAMP;HAND1;HAO1;HAO2;HAP1;HAPLN4;HBE1;HCN4;HCRT;HCRTR1;HDAC9;HDC;HDGFL1;HIGD2B;HLA-DQB1;HLA-DQB2;HLA-DRB5;HMCN1;HMGCLL1;HMX1;HMX2;HMX3;HOGA1;HRH2;HRK;HS3ST4;HSPB7;HTR1A;HTR2C;HTR3B;HTR5A;IFITM5;IFNA14;IFNL1;IFNL2;IFNW1;IGDCC3;IGFALS;IGFBP1;IGHA2;IGHE;IGHV1-46;IGHV1-58;IGHV5-10-1;IGKV1D-42;IGKV5-2;IGLL1;IGSF5;IL12A;IL13;IL1RAPL2;IL1RL1;IL22;IL36G;IL36RN;IL9;IMPG1;INCA1;INHBC;INS;INSYN2A;IP6K3;IQCF6;IQGAP2;IRGC;IRS4;IRX1;IRX4;ISL2;ISLR2;ITIH1;ITIH3;ITPRID1;IVL;IZUMO1R;IZUMO2;JPH4;KBTBD13;KCNA1;KCNA5;KCNB1;KCNC1;KCNC2;KCNG1;KCNG2;KCNG4;KCNH1;KCNH6;KCNIP4;KCNJ10;KCNJ12;KCNJ13;KCNJ16;KCNJ4;KCNJ9;KCNK10;KCNK12;KCNK17;KCNK18;KCNK9;KCNT1;KCNT2;KCNV2;KCTD16;KCTD8;KHDC3L;KIF1A;KIF6;KIR2DL4;KIR3DL3;KISS1R;KL;KLF14;KLF15;KLF18;KLF8;KLHDC7A;KLHDC7B;KLHL38;KLK8;KLK9;KPRP;KRT13;KRT2;KRT24;KRT3;KRT31;KRT32;KRT33A;KRT33B;KRT35;KRT37;KRT38;KRT4;KRT5;KRT72;KRT74;KRT79;KRT82;KRT85;KRT9;KRTAP1-3;KRTAP1-5;KRTAP10-1;KRTAP10-11;KRTAP10-7;KRTAP10-8;KRTAP11-1;KRTAP12-2;KRTAP12-4;KRTAP13-3;KRTAP2-2;KRTAP2-3;KRTAP20-4;KRTAP22-1;KRTAP24-1;KRTAP26-1;KRTAP4-12;KRTAP4-3;KRTAP4-4;KRTAP5-1;KRTAP5-5;KRTAP6-2;KRTAP7-1;KRTAP8-1;KRTAP9-7;KRTDAP;L1CAM;LACTBL1;LALBA;LARP6;LBHD2;LBX1;LCE1B;LCE1C;LCE1D;LCE2A;LCE3C;LCE3E;LCN10;LCN15;LCN6;LCN8;LCN9;LCT;LDLRAD1;LDOC1;LGALS7;LGI4;LHFPL4;LHX3;LINGO3;LKAAEAR1;LLGL1;LMO3;LMOD2;LONRF2;LPL;LRCOL1;LRFN2;LRIT1;LRIT2;LRP1B;LRRC10;LRRC14B;LRRC38;LRRC43;LRRC55;LRRN2;LRRTM1;LTA;LUZP4;LY6D;LY6L;MADCAM1;MAGEA9B;MAGEB1;MAGEB17;MAGEB18;MAGEB2;MAGEB3;MAGEB5;MAGEB6B;MAGEC1;MAGEL2;MAL;MAS1L;MAT1A;MATN4;MBD3L1;MBD3L2B;MC2R;MCHR1;MCHR2;MDFIC2;MDGA1;MEOX1;MEOX2;METTL21C;MFRP;MFSD4A;MGAT4C;MGAT4D;MGP;MINDY4B;MKRN3;MLC1;MLN;MLNR;MMD2;MMP24;MMP25;MMRN2;MOGAT1;MOGAT2;MOS;MPL;MPPED1;MRAP;MRGPRD;MRGPRE;MRGPRG;MRGPRX3;MRGPRX4;MS4A10;MS4A18;MSGN1;MSI1;MSLNL;MT4;MTNR1B;MTTP;MUC17;MUC22;MUC6;MYADML2;MYBPC2;MYBPH;MYH7B;MYH8;MYL1;MYL2;MYL4;MYMK;MYOC;MYOCD;MYOD1;MYOT;MYT1L;NAA11;NANOS2;NAT8;NAV3;NCAN;NCBP2L;NCCRP1;NEFL;NELL1;NEU2;NEURL3;NEUROD1;NEUROD2;NEUROG1;NEUROG2;NEXMIF;NGB;NHLH2;NHLRC4;NIBAN3;NKAIN1;NKAIN4;NKX2-1;NKX2-4;NKX2-5;NKX2-6;NKX6-2;NLRP13;NLRP4;NMRK2;NMS;NMUR2;NODAL;NOS1;NOTUM;NPAP1;NPBWR2;NPHS2;NPPA;NPPB;NPPC;NPTX1;NPTX2;NPW;NPY;NPY2R;NPY5R;NR0B1;NR0B2;NR1D2;NR5A1;NRSN1;NSG1;NSG2;NT5C1A;NTN1;NUPR2;NUTM1;NXNL1;NXPH2;NYAP2;OC90;OCA2;OCSTAMP;ODF3;ODF3L1;OGDHL;OLIG2;ONECUT3;OOSP4A;OPN5;OPRPN;OPTC;OR10A3;OR10A4;OR10A5;OR10AD1;OR10AG1;OR10C1;OR10G2;OR10G4;OR10G8;OR10G9;OR10H1;OR10H5;OR10J1;OR10K2;OR10S1;OR10V1;OR12D2;OR13C8;OR13C9;OR13J1;OR14J1;OR1F1;OR1G1;OR1I1;OR1J1;OR1J2;OR1K1;OR1L1;OR1L3;OR1M1;OR1N2;OR2A25;OR2A5;OR2AG1;OR2B3;OR2D3;OR2F2;OR2G2;OR2I1P;OR2J3;OR2L13;OR2M4;OR2S2;OR2T10;OR2T11;OR2T12;OR2T2;OR2V1;OR2Z1;OR3A1;OR4A5;OR4C13;OR4C3;OR4C6;OR4D6;OR4N5;OR4X1;OR51F1;OR51G1;OR51I1;OR51S1;OR51T1;OR52D1;OR52E4;OR52I1;OR52L1;OR52M1;OR56A3;OR5A1;OR5AC2;OR5B2;OR5B3;OR5C1;OR5D13;OR5D14;OR5D16;OR5D3P;OR5H15;OR5H6;OR5L1;OR5M1;OR5M8;OR5M9;OR6B3;OR6C4;OR6C74;OR6C75;OR6F1;OR6M1;OR6N1;OR6P1;OR7C2;OR7G2;OR8G1;OR8G5;OR8S1;OR8U1;ORM1;OTOF;OTOG;OTOP1;OTOP2;OTP;OTUD6A;OVCH2;P2RX3;P3R3URF;PADI6;PAPPA2;PAQR9;PASD1;PATE3;PAX2;PAX3;PAX7;PAX8;PCDH11X;PCDH19;PCDH8;PCDHA1;PCDHA12;PCDHB5;PCDHGA11;PCP4;PCSK1N;PDHA2;PDILT;PDYN;PENK;PGAM2;PGBD5;PGLYRP1;PGLYRP2;PGPEP1L;PHF21B;PHOX2A;PHOX2B;PIANP;PIEZO2;PIK3C2G;PIRT;PIWIL1;PIWIL2;PIWIL3;PKD2L1;PKD2L2;PKLR;PLA2G12B;PLA2G2D;PLA2G2F;PLA2G4D;PLA2G5;PLAC1;PLAC9;PLEKHG4B;PLIN4;PLK5;PLPPR4;PLPPR5;PNMA5;PNMA6E;PNMA8B;PNPLA5;PODN;POM121L12;POU3F1;POU3F3;POU3F4;POU4F2;POU6F2;PPP1R2C;PPP2R2C;PRAC1;PRAMEF12;PRAMEF19;PRAMEF20;PRAMEF27;PRB3;PRCD;PRDM12;PRDM13;PRDM14;PRDM16;PRDM9;PRKACG;PRKAG3;PRLH;PRLHR;PRM3;PRODH2;PROK1;PROP1;PROZ;PRPH2;PRR18;PRR23C;PRR30;PRR32;PRR35;PRR9;PRSS1;PRSS33;PRSS48;PRSS56;PRSS57;PSAPL1;PSG3;PSG7;PSMB11;PTCHD4;PTF1A;PTGIS;PTH;PTN;PYDC2;PYY;RAB39A;RAB41;RAB6C;RADIL;RAET1G;RAG2;RAI2;RANBP3L;RASSF10;RAX;RBFOX3;RBMXL2;RBMXL3;RBP3;RCAN2;RDH8;RFPL4A;RGL4;RGS8;RHCG;RHO;RHOXF1;RIC3;RIMS1;RLN3;RNASE10;RNASE11;RNASE8;RNF113B;RNF148;RNF175;RNF182;RP1;RP1L1;RPE65;RPRML;RPTN;RSPH10B2;RSPH6A;RTL1;RTL4;RTN4RL1;RTP1;RTP2;RXFP3;RYR1;S1PR5;SAGE1;SALL3;SBK2;SBK3;SCGB3A1;SCML4;SCN3A;SCN3B;SCN4B;SCNN1B;SCNN1G;SCP2D1;SCRT1;SCRT2;SCYGR8;SDHAF1;SDR42E2;SEC14L4;SEC14L6;SEMG1;SERPINA5;SERPINA9;SERPINB11;SERPINB12;SERPINB2;SERPINB7;SERPINE3;SFRP1;SFRP4;SFTPB;SFTPC;SH2D1B;SH2D4B;SH2D7;SHBG;SHISA7;SHOX;SIAH3;SIGLEC14;SIGLEC6;SIGLECL1;SIX3;SLC10A4;SLC13A1;SLC14A1;SLC15A1;SLC15A5;SLC16A8;SLC18A2;SLC1A6;SLC22A12;SLC22A24;SLC22A7;SLC23A1;SLC28A1;SLC30A10;SLC30A2;SLC30A3;SLC32A1;SLC35D3;SLC35G3;SLC45A1;SLC51A;SLC5A10;SLC5A2;SLC5A5;SLC5A7;SLC5A8;SLC6A18;SLC6A5;SLC7A10;SLC7A3;SLC7A4;SLC9A3;SLCO6A1;SLIT1;SLITRK5;SLURP2;SMIM21;SMIM23;SMTNL1;SNAP25;SNX32;SOAT2;SOHLH1;SORCS1;SORCS2;SORCS3;SOST;SOX10;SOX17;SOX2;SOX3;SOX7;SOX8;SP6;SP8;SPACA1;SPACA4;SPACA5;SPANXD;SPANXN4;SPATA22;SPATA46;SPDYE4;SPEM1;SPEM2;SPRR1B;SPRR5;SPSB4;SPX;SRARP;SRRM4;SRY;SSC4D;SSTR2;SSTR4;SSX3;SSX5;ST18;ST6GAL2;ST6GALNAC5;ST8SIA3;ST8SIA5;STAR;STK32B;STKLD1;STRA8;SULT4A1;SUN5;SUSD4;SV2A;SV2C;SVOPL;SYCN;SYN1;SYN2;SYNDIG1L;SYT10;SYT2;SYT6;TAAR9;TAFA5;TAS1R1;TAS1R2;TAS2R38;TBATA;TBC1D21;TBL1Y;TBR1;TBX1;TBX10;TCEAL5;TCF15;TCL1B;TCTE1;TEDDM1;TEKT4;TENM4;TENT5D;TEPP;TEX13A;TEX13C;TEX13D;TEX44;TEX45;TEX51;TFAP2D;TGIF2LX;TGM6;THEM5;THSD7B;TLCD3B;TLX1;TLX2;TLX3;TM6SF2;TMC2;TMCO5A;TMEM100;TMEM114;TMEM130;TMEM151B;TMEM174;TMEM179;TMEM200C;TMEM215;TMEM221;TMEM225;TMEM229A;TMEM235;TMEM247;TMEM255A;TMEM26;TMEM271;TMEM275;TMEM63C;TMEM72;TMEM82;TMEM88B;TMIE;TMPRSS6;TNFRSF8;TNN;TNNI1;TNP2;TOGARAM2;TPRX1;TPSB2;TPSD1;TPSG1;TRAV12-2;TRAV22;TRAV27;TRAV34;TRAV38-1;TRAV41;TRAV7;TRAV8-7;TRAV9-1;TRBV11-3;TRBV28;TRBV4-2;TRBV6-2;TRDJ2;TRDV1;TRDV2;TRH;TRIM17;TRIM42;TRIM67;TRIM71;TRIM72;TRIML1;TRO;TRPM8;TSPAN10;TSPYL6;TTBK1;TTC34;TUB;TUBB1;TULP1;TXNDC8;TYR;UCN3;UCP1;UMOD;UNC13A;UNC45B;UNC5D;UNC80;UNCX;UPK2;UTF1;UTS2R;VAX2;VGLL2;VIP;VN1R1;VPREB1;VSIG10L2;VSTM1;VSTM2A;VSTM2B;VSTM2L;VSX1;VSX2;VTN;VWA5B1;VWC2;VWC2L;WDR38;WFDC11;WFDC12;WFDC5;WNT10B;WNT8A;XIRP1;XKR4;XKR5;XPNPEP2;YIPF7;ZACN;ZAR1;ZBED2;ZCCHC13;ZFR2;ZIC1;ZIC3;ZIC4;ZIC5;ZNF230;ZNF385D;ZNF474;ZNF536;ZNF578;ZNF582;ZNF679;ZNF750;ZNF80;ZNF804A;ZNF813;ZNF844;ZNRF4;ZSCAN1;ZSCAN10;ZSCAN23;ZSCAN5C
0026_HTAN_8899_AS_1_filtered_trimmed.h5ad	HTAN_VANDERBILT_CRC::PATIENT::51764d2ec560e464	36	ACTL7B;CACNA1G;CYP3A7;ESX1;GOLGA6L7;HAO2;HDGFL1;HLA-DQB1;HLA-DRB1;HLA-DRB5;IQGAP2;KIF1A;KRTAP19-4;KRTAP9-7;LCE3C;LINC02218;MAGEA9B;MAGEE2;MPC1L;NKX1-1;NKX2-8;NYX;ODF3;PHF21B;RAB6C;RNF222;SHOX;SIRPA;SKOR2;SRY;SYN2;TBL1Y;TEX13A;TRIM67;VSX2;ZNF578
0027_HTAN_8899_AS_2_filtered_trimmed.h5ad	HTAN_VANDERBILT_CRC::PATIENT::51764d2ec560e464	129	ACP7;ACTL6B;ADGRA1;ADGRD2;ALX1;ASB10;ASCL4;ATP8A2;BRINP2;C13orf42;C16orf92;C3orf56;C6orf118;CDH22;CES5A;CLDN17;CLVS2;COX7B2;CT47B1;CTNND2;CUX2;DCC;DEFA5;DEFB115;DRD3;ELOA2;ERCC6L;ESX1;FEZF2;FIGLA;FOXB2;FOXG1;FOXI2;FOXL2;GGTLC1;GOLGA6L7;GPR62;GSG1L2;HDGFL1;HLA-DQB1;HLA-DRB1;HLA-DRB5;HMX2;HOXC12;HTR2C;IGLJ5;IQGAP2;KLHL40;KRTAP10-8;KRTAP19-2;KRTAP19-4;KRTAP19-5;KRTAP2-2;KRTAP9-4;LCE1D;LCE3C;LGALS7;LINC02218;LKAAEAR1;LRRTM1;MAGEA9B;MC5R;MGAT4D;MLNR;MRAP;MUC22;MYOD1;NEFL;NEUROG1;NEUROG2;NGB;NKX2-2;NKX2-4;NKX2-5;NKX6-3;NODAL;NTSR2;NUPR2;OR1I1;OR1L1;OR2A5;OR2B3;OR2L13;OR2T10;OR2T35;OR2W1;OR4X1;OR5H15;OR7G2;OTX2;PKD2L2;PLAAT5;PPP1R2C;PRAMEF27;PRB4;PRDM12;PRM2;PRR23C;PTF1A;QRFPR;RAB6C;RADIL;RBPJL;SIAH3;SIRPA;SIX6;SKOR2;SLC13A1;SLC1A7;SLC32A1;SLC5A8;SMIM23;SORCS3;SOST;SPINK14;SPRR4;SRY;SYCN;TBL1Y;TGIF2LX;TMEM271;VAX1;VGLL2;VWC2;WNT8A;ZAR1;ZIC4;ZNRF4;ZPBP
0028_HTAN_7794_AS_2_filtered_trimmed_WD33475.h5ad	HTAN_VANDERBILT_CRC::PATIENT::5a3d3a5b1d783fe6	1479	A3GALT2;AARD;ABCA4;ABCC11;ABHD1;ABHD16B;ACCSL;ACER1;ACOT12;ACOXL;ACP4;ACP7;ACR;ACSBG2;ACSM4;ACTL6B;ACTL7B;ACTL9;ACTN2;ACTN3;ACTRT1;ACTRT2;ADAMTSL3;ADCY5;ADCY8;ADCYAP1R1;ADGRA1;ADGRB2;ADGRG2;ADGRG4;ADGRV1;ADH7;ADRA2B;ADRB3;AFP;AGBL3;AGTR2;AHSP;AIPL1;AKAIN1;ALAS2;ALDH1A2;ALDH3B2;ALG1L2;ALLC;ALOX12;ALPP;ALX1;ALX3;ALX4;AMER3;AMTN;ANGPT4;ANGPTL1;ANGPTL7;ANHX;ANKFN1;ANKRD1;ANKRD30A;ANKRD34B;ANKRD34C;ANKRD45;ANKRD60;ANKRD63;ANKRD66;ANTXRL;ANXA2R;APOA4;APOBEC3H;APOC4;APOF;APOH;APOL5;AQP2;AQP4;ARC;ARHGAP40;ARL14EPL;ARR3;ARSF;ART3;ASB11;ASCL1;ASCL3;ASIC2;ASPG;ASTL;ASZ1;ATOH7;ATP12A;ATP2B2;ATP2B3;ATP4A;ATP6V0D2;ATP8A2;AVP;AVPR1B;AWAT1;AWAT2;AZU1;B4GALNT2;BAAT;BACH2;BARHL2;BCHE;BCL2L10;BEAN1;BEND4;BEX1;BFSP2;BHLHA9;BHMT;BIRC7;BLK;BMP15;BMP3;BNC1;BPIFA1;BPIFA2;BRDT;BRINP2;BTBD17;C10orf53;C11orf42;C11orf86;C11orf87;C11orf97;C12orf56;C12orf71;C13orf42;C14orf180;C16orf54;C16orf78;C16orf96;C19orf85;C1QTNF8;C1orf167;C1orf232;C1orf94;C20orf203;C22orf15;C22orf31;C22orf42;C2orf78;C2orf80;C3AR1;C3orf56;C4orf17;C4orf54;C6;C6orf118;C6orf15;C6orf52;C8B;C8orf74;C8orf89;C9orf57;CA1;CA6;CA7;CACNA1A;CACNA1G;CACNG1;CACNG5;CACNG6;CACNG7;CAGE1;CALCR;CALHM4;CALML5;CAPSL;CAPZA3;CASP14;CASQ1;CAV3;CCDC160;CCDC172;CCDC177;CCDC179;CCDC182;CCDC192;CCDC196;CCDC201;CCDC70;CCER1;CCKBR;CCL1;CCL16;CCL17;CCL26;CCR3;CCR4;CCR6;CCR8;CD101;CD1E;CD207;CD5L;CDH10;CDH15;CDH16;CDH20;CDH22;CEACAM21;CELA3A;CENPVL3;CERS3;CES5A;CFAP100;CFAP73;CFC1B;CGA;CHAT;CHGB;CHIA;CHODL;CHRFAM7A;CHRNA2;CHRNA4;CHRNB4;CHST8;CIART;CIB4;CIDEA;CITED1;CLC;CLCA1;CLDN10;CLDN17;CLDN19;CLDN20;CLDN8;CLEC12A;CLEC20A;CLEC3A;CLPS;CLRN1;CLRN2;CLVS2;CMA1;CMTM2;CMTM5;CNBD1;CNGA2;CNGB1;CNR2;CNTN3;CNTN6;CNTNAP4;COL11A2;COL19A1;COL22A1;COL25A1;COL6A5;COL8A2;CPA1;CPHXL;CPNE4;CPXCR1;CRABP1;CRCT1;CRHBP;CRHR1;CRISP2;CRLF2;CRNN;CRX;CRYBB1;CRYGB;CRYGC;CRYGD;CSDC2;CSMD1;CSMD3;CSN2;CSN3;CSRP3;CST6;CST9L;CT47B1;CTNND2;CTRB1;CTSG;CTXN2;CUX2;CWH43;CXCL13;CXCL17;CXorf66;CYLC1;CYP11B1;CYP1A2;CYP2A6;CYP3A7;CYP4A11;CYP4A22;CYP4F22;CYP7A1;CYP8B1;CYS1;DAO;DAOA;DBH;DBX1;DBX2;DCAF12L2;DCAF8L2;DCC;DCD;DCDC2C;DCX;DDI1;DDX4;DEFA4;DEFB114;DEFB116;DEFB126;DEFB132;DEFB136;DEPDC4;DGKK;DIO1;DIRAS2;DKKL1;DLEU7;DLK1;DMP1;DNAH5;DNAJB8;DNTT;DOCK3;DPEP2NB;DPYSL5;DRP2;DUSP13;DUSP21;DYTN;ECT2L;EDN2;EFCAB3;EN1;ENAM;ENDOU;ENPP7;EPGN;EPO;EPYC;ERCC6L;ERICH3;ERVFRD-1;ERVV-1;ERVW-1;ESX1;EYS;FAM151A;FAM163B;FAM170A;FAM181A;FAM237B;FAM240C;FAM43B;FAM47B;FAM47C;FAM81B;FAM90A26;FAM9A;FAM9B;FANCD2OS;FAT2;FBXO40;FBXW10;FCGR1A;FCN2;FCRL2;FCRL3;FCRLA;FERD3L;FEZF2;FGF16;FGF23;FGF3;FGF4;FGF5;FGFBP1;FIGLA;FLG;FLG2;FMO2;FMR1NB;FOXB1;FOXB2;FOXE1;FOXE3;FOXG1;FOXI2;FOXL2NB;FOXS1;FREM3;FRMD7;FRMPD3;FRMPD4;FSCB;FSHB;FSHR;FTCD;FTHL17;FUT5;FXYD4;GABBR2;GABRA1;GABRA4;GABRA6;GABRG1;GABRG2;GABRG3;GABRR3;GAGE10;GALR1;GALR3;GAST;GBP6;GCM1;GCM2;GDF2;GDF5;GFI1B;GFRA4;GH2;GIP;GJA5;GJA8;GKN1;GLRA1;GLT6D1;GLYATL2;GMNC;GNAT1;GNAT3;GNMT;GOLGA6L7;GOT1L1;GP1BA;GPHB5;GPR12;GPR139;GPR148;GPR149;GPR151;GPR26;GPR32;GPR50;GPR6;GPR62;GPR78;GPR83;GPX6;GRAMD2A;GRIA2;GRIFIN;GRIN1;GRIN3B;GRK1;GRM2;GRM3;GRM6;GRPR;GRXCR2;GSC;GSC2;GSG1;GSG1L;GSG1L2;GSTA5;GUCY2F;HAND1;HAO1;HAO2;HBE1;HBM;HBQ1;HCN1;HCN4;HCRTR1;HDGFL1;HEATR9;HEPHL1;HESX1;HIGD2B;HLA-G;HMGCLL1;HOXB1;HOXC10;HOXC11;HOXC12;HOXD13;HRH3;HRK;HRNR;HTR1E;HTR2C;HTR3A;HTR3B;HTR3E;HTR5A;HYAL4;IBSP;IFIT1;IFNA8;IFNG;IFNK;IFNL2;IFNW1;IGDCC3;IGF2BP1;IGFBPL1;IGFL1;IGHD;IGHE;IGHV5-10-1;IGKV1D-42;IGKV5-2;IGKV6D-41;IGLJ6;IGLL1;IGLV4-60;IGLV6-57;IGLV9-49;IGSF1;IL12B;IL13;IL17A;IL17F;IL1RAPL2;IL1RL1;IL23A;IL25;IL27;IL36G;IL36RN;IL37;IL5RA;IL9;IMPG1;INS;INSL6;INSM2;INSYN2A;INSYN2B;IQCF6;IRGC;IRS4;IRX4;IRX6;ITGA2B;ITIH3;JPH4;KANK4;KBTBD12;KBTBD13;KCNA1;KCNA4;KCNA5;KCNC1;KCNC2;KCND2;KCNE2;KCNH5;KCNH6;KCNJ13;KCNJ15;KCNJ16;KCNJ6;KCNJ9;KCNK12;KCNK16;KCNQ2;KCNU1;KCTD19;KCTD8;KDM4F;KEL;KERA;KHDC3L;KHDRBS2;KIR2DL4;KIR3DL3;KIRREL2;KISS1R;KL;KLF14;KLF15;KLF18;KLHDC7A;KLHL13;KLHL40;KLK5;KLK9;KPRP;KREMEN2;KRT1;KRT13;KRT14;KRT2;KRT26;KRT31;KRT32;KRT33B;KRT34;KRT36;KRT38;KRT4;KRT5;KRT71;KRT72;KRT75;KRT81;KRTAP1-1;KRTAP1-3;KRTAP1-4;KRTAP10-1;KRTAP10-7;KRTAP13-3;KRTAP15-1;KRTAP19-2;KRTAP19-4;KRTAP19-5;KRTAP2-3;KRTAP2-4;KRTAP21-2;KRTAP21-3;KRTAP22-1;KRTAP24-1;KRTAP3-1;KRTAP4-12;KRTAP4-3;KRTAP4-4;KRTAP4-7;KRTAP4-8;KRTAP5-1;KRTAP5-10;KRTAP6-1;KRTAP6-2;KRTAP6-3;KRTAP8-1;KRTAP9-3;KRTAP9-4;KRTAP9-7;KRTDAP;LACTBL1;LALBA;LAMP5;LARP6;LBX1;LCE1A;LCE1B;LCE1C;LCE1D;LCE2A;LCE2B;LCE3D;LCE3E;LCE4A;LCE6A;LCN6;LCN8;LCN9;LCT;LELP1;LGALS14;LGALS7;LHFPL4;LHX2;LHX3;LHX5;LILRA4;LINC02218;LLPH;LPO;LRCOL1;LRFN2;LRIT1;LRIT2;LRRC14B;LRRC30;LRRC55;LRRC74A;LRRN4;LRRTM3;LRTM1;LTA;LUZP2;LUZP4;LY6D;LY6L;LYPD2;LYPD4;LYZL6;MAB21L1;MAGEA1;MAGEA10;MAGEA11;MAGEA8;MAGEA9B;MAGEB10;MAGEB18;MAGEB2;MAGEB3;MAGEB4;MAGEB6B;MAGEC1;MAGEE2;MAGEL2;MARCOL;MASP1;MATN1;MATN3;MBD3L1;MCHR1;MDGA2;MEF2C;MEGF11;MEI4;MEOX1;MFAP5;MFRP;MINAR2;MINDY4B;MIXL1;MLC1;MLN;MMP10;MMP25;MMP8;MMRN1;MOS;MPC1L;MPL;MPO;MPPED1;MRAP;MRGPRD;MRGPRE;MRGPRG;MRGPRX1;MRGPRX3;MRGPRX4;MROH2A;MROH2B;MS4A1;MS4A18;MSGN1;MSH4;MSMP;MSTN;MT3;MT4;MUC15;MUC22;MUCL1;MXRA5;MYBPC2;MYH2;MYH4;MYH6;MYH8;MYL2;MYL7;MYMK;MYOC;MYOD1;MYOT;MYT1;NAA11;NANOS2;NAP1L2;NAT16;NAT8L;NCAM1;NCBP2L;NCR1;NCR3;NECAB1;NELL1;NEU2;NEURL1;NEUROD2;NEUROD4;NEUROG1;NEUROG2;NHLH1;NHLH2;NIM1K;NIPAL4;NKAIN1;NKAIN2;NKX1-1;NKX2-1;NKX2-4;NKX2-5;NKX2-6;NKX2-8;NKX6-2;NKX6-3;NLRP10;NLRP13;NLRP4;NME9;NMRK2;NMS;NNAT;NODAL;NOS1;NOX3;NOX5;NPAP1;NPAS3;NPBWR2;NPHS1;NPPC;NPS;NPY;NPY5R;NR0B1;NR2E1;NR5A1;NRG2;NRSN1;NSG2;NT5C1A;NT5C1B;NTRK1;NTRK2;NUDT10;NUTM1;NXPH3;NYAP2;NYX;OC90;OCSTAMP;ODF3;ODF4;OLIG2;OLIG3;OOSP2;OPALIN;OPCML;OPN1LW;OPN5;OPRD1;OPRK1;OPRPN;OR10A2;OR10A5;OR10A7;OR10AD1;OR10AG1;OR10G2;OR10G3;OR10G4;OR10G6;OR10G9;OR10H5;OR10J1;OR10J5;OR10K2;OR10S1;OR10X1;OR11A1;OR13C9;OR13H1;OR14A2;OR14J1;OR14K1;OR1C1;OR1F1;OR1G1;OR1I1;OR1K1;OR1L1;OR1L4;OR1L8;OR1M1;OR1N1;OR1N2;OR1S1;OR2A2;OR2A5;OR2AP1;OR2AT4;OR2B2;OR2B3;OR2B6;OR2C3;OR2F2;OR2G2;OR2G3;OR2G6;OR2I1P;OR2L13;OR2L3;OR2M2;OR2M3;OR2M4;OR2T10;OR2T35;OR2T4;OR2T5;OR2V1;OR2Y1;OR2Z1;OR3A3;OR4A15;OR4C11;OR4C13;OR4C46;OR4C5;OR4C6;OR4D2;OR4D5;OR4D6;OR4D9;OR4E1;OR4K1;OR4K14;OR4K17;OR4N5;OR4P4;OR4Q3;OR4S2;OR4X1;OR51A7;OR51B4;OR51B6;OR51G1;OR51G2;OR51L1;OR51M1;OR51Q1;OR51S1;OR51T1;OR52A1;OR52B2;OR52B4;OR52B6;OR52E2;OR52E4;OR52I1;OR52L1;OR52M1;OR52N2;OR52W1;OR56A1;OR56A3;OR56A4;OR5AC2;OR5AK2;OR5AS1;OR5AU1;OR5B2;OR5B3;OR5D13;OR5D18;OR5D3P;OR5F1;OR5H6;OR5K4;OR5M11;OR5P2;OR5T1;OR5V1;OR6B2;OR6B3;OR6C1;OR6C4;OR6C74;OR6C75;OR6F1;OR6K2;OR6K6;OR6M1;OR6N1;OR6S1;OR7A10;OR7E24;OR8B4;OR8B8;OR8G5;OR9I1;ORM2;OSR1;OTOG;OTOL1;OTOP1;OTOR;OTP;OTUD6A;OTX2;OVOL3;P2RX2;P2RX3;P3R3URF;PABPC1L2B;PABPC4L;PABPN1L;PADI6;PAGE3;PAGE4;PAK5;PASD1;PATE1;PATE3;PAX2;PAX3;PAX5;PAX7;PAX8;PCDH10;PCDH8;PCDHA1;PCDHA13;PCDHB1;PCDHB5;PCDHGA1;PCOLCE2;PCYT1B;PDE6G;PDHA2;PENK;PEX5L;PGAM2;PGBD5;PGLYRP4;PHF21B;PHF24;PIEZO2;PIK3C2G;PIWIL2;PKD2L1;PKD2L2;PKHD1;PLA2G4D;PLAC8L1;PLCXD3;PLEKHG4B;PLIN4;PLK5;PLPPR3;PLPPR5;PLXNA4;PM20D1;PMCH;PNLIP;PNMA5;PNMA6E;PNOC;POM121L12;POU3F1;POU3F2;POU4F2;PP2D1;PPP1R17;PPP4R4;PRAMEF17;PRAMEF27;PRCD;PRDM12;PRDM13;PRKACG;PRKCB;PRLH;PRM2;PRM3;PRMT8;PRODH2;PROK2;PROX2;PROZ;PRPH2;PRR18;PRR19;PRR23B;PRR23C;PRR30;PRR32;PRR33;PRRT1B;PRRX2;PRSS21;PRSS35;PRSS37;PRSS38;PRSS54;PRSS58;PSAPL1;PSCA;PSKH2;PSMA8;PTCH2;PTF1A;PTH2;PTPRN;PTX4;PVALEF;PWWP3B;PYGM;PZP;RAB33A;RAB39B;RAB41;RAB6C;RADIL;RAG2;RALGAPA2;RALYL;RANBP3L;RASGEF1A;RASL11B;RASSF9;RAX;RAX2;RBFOX3;RBMXL2;RBMXL3;RDH8;RESF1;RFPL2;RGR;RGS13;RGS4;RHAG;RHD;RHO;RHOXF1;RIC3;RIMS2;RIMS4;RNASE11;RNASE7;RNF133;RNF165;RNF175;RNF223;RNF224;RP1L1;RP2;RPH3A;RPRML;RS1;RSPH10B;RSPH10B2;RSPH6A;RSPO4;RTBDN;RTL1;RTL4;RTL9;RTN4RL1;RTP1;RTP2;RTP3;RXFP3;RYR1;RYR3;S100A7;S100A7A;S100G;S1PR5;SAA4;SACS;SAGE1;SBK2;SCGB1D1;SCGB1D2;SCGB2A1;SCN11A;SCP2D1;SCUBE3;SCYGR4;SCYGR8;SDHAF1;SEC14L6;SEL1L2;SELP;SERPINA12;SERPINA5;SERPINA6;SERPINA9;SERPINB10;SERPINB12;SERPINB13;SERPINB3;SERPINB7;SEZ6;SH2D1A;SH2D1B;SH2D4B;SH2D7;SH3GL2;SHBG;SHISA6;SHISA7;SHISA8;SHOX;SIGLEC14;SIGLEC6;SIX3;SLAMF7;SLAMF9;SLC10A1;SLC13A1;SLC13A2;SLC13A4;SLC13A5;SLC14A2;SLC16A7;SLC16A8;SLC18A2;SLC18A3;SLC22A12;SLC22A2;SLC22A24;SLC22A6;SLC24A5;SLC26A7;SLC28A2;SLC35G3;SLC35G5;SLC36A2;SLC45A1;SLC47A1;SLC5A10;SLC5A8;SLC6A13;SLC6A16;SLC6A18;SLC7A10;SLC7A3;SLC8A2;SLC9A4;SLCO1A2;SLIT1;SLURP2;SMCP;SMIM10L2A;SMIM21;SMN1;SNX31;SNX32;SOAT2;SOST;SOX1;SOX3;SP8;SP9;SPACA1;SPACA5;SPANXB1;SPANXD;SPANXN3;SPANXN5;SPATA19;SPATA22;SPATA3;SPDYE4;SPEM1;SPEM2;SPHKAP;SPIB;SPINK9;SPO11;SPOCK3;SPP2;SPRR2A;SPRR4;SPRR5;SPSB4;SRARP;SRRM4;SRY;SSC4D;SSTR4;ST8SIA2;ST8SIA5;STAB2;STAP1;STK32A;STKLD1;STMP1;STRA8;SUN5;SVOP;SVOPL;SYCN;SYNDIG1L;SYNPO2L;SYT10;SYT14;SYT6;TAAR2;TAF11L11;TAFA3;TAL2;TAS1R2;TAS2R4;TBATA;TBR1;TBX20;TCEAL5;TCL1B;TCTE1;TDRD1;TDRD9;TEKT2;TEKT4;TENT5B;TEPP;TERB1;TERB2;TERT;TEX13B;TEX13C;TEX13D;TEX28;TEX37;TEX38;TEX50;TFAP2D;TGIF2LX;TGM6;TKTL1;TLCD3B;TLX3;TM4SF19;TMC3;TMCO5A;TMEM114;TMEM132C;TMEM151B;TMEM202;TMEM213;TMEM215;TMEM221;TMEM232;TMEM233;TMEM235;TMEM247;TMEM262;TMEM275;TMEM50B;TMPRSS6;TMPRSS9;TNFAIP6;TNFRSF13B;TNFRSF13C;TNP2;TNR;TP63;TPD52L3;TPO;TPRX1;TPSG1;TRAJ37;TRAJ49;TRAPPC3L;TRARG1;TRAV12-2;TRAV13-1;TRAV16;TRAV21;TRAV25;TRAV26-2;TRAV27;TRAV30;TRAV34;TRAV38-1;TRAV5;TRAV8-7;TRBV10-2;TRBV10-3;TRBV11-1;TRBV12-5;TRBV18;TRBV19;TRBV4-2;TRBV7-9;TRDJ2;TRDJ3;TRDV1;TRDV2;TREML1;TREML2;TRGV11;TRH;TRIM17;TRIM42;TRIM51;TRIM63;TRIM67;TRIM71;TRIM72;TRIML1;TRIML2;TRPC5;TRPM3;TRPM8;TSACC;TSGA10IP;TSPAN19;TSPYL6;TTLL7;TUBA3E;TUBB1;UGT2A1;UGT2A3;UGT2B10;UGT2B7;UMOD;UMODL1;UNC45B;UNC5D;UNC79;UNCX;UPK2;USH1G;UTF1;UTS2B;UTS2R;VGLL2;VIT;VN1R1;VPREB3;VSIG1;VSIG10L2;VSTM1;VSTM2B;VSX2;VWA3B;VWA5B2;VWC2;VWC2L;VWCE;WDR38;WDR49;WEE2;WFDC13;WNT10B;WNT16;WNT3A;WNT7B;WNT8A;XCL1;XCR1;XIRP1;XKR3;YIPF7;ZAR1;ZBED2;ZBTB8B;ZDHHC22;ZIC1;ZIC3;ZIC4;ZNF157;ZNF229;ZNF385D;ZNF534;ZNF540;ZNF578;ZNF648;ZNF676;ZNF679;ZNF716;ZNF750;ZNF80;ZNF98;ZNRF4;ZP1;ZPLD1;ZSCAN5C
0029_HTAN_7319_AS_3_filtered_trimmed.h5ad	HTAN_VANDERBILT_CRC::PATIENT::6aea40a35e6c4335	170	ACP7;ADGRD2;ADGRV1;ALDH1A2;ALG1L2;ALKAL1;APOH;ARL14EPL;ARSI;ASB5;ASIC2;ASIP;ATP2B3;BHLHA9;BHLHE23;BTNL3;C13orf42;C22orf42;C4BPA;C6orf15;CACNA1B;CARTPT;CAV3;CBX2;CCL1;CCL26;CCL8;CCR6;CDH26;CETP;CFAP73;CHRFAM7A;CLC;COL22A1;CRHR2;CSRP2;CTNND2;CYP2A13;CYP3A7;CYP4B1;DCC;DLK1;ECEL1;EN2;ENPP7;EVX2;FAM13B;FGF19;FGF3;FOXB1;FOXL2;FRMPD3;FSHB;FSTL4;FTMT;FXYD4;GOLGA6L7;GPR149;GPR26;GRAMD2A;GRM7;HAO2;HBE1;HGFAC;HOXC12;HRK;IGFL1;IL13;IL25;ITIH3;KBTBD13;KCNK15;KCNS1;KIF1A;KIRREL2;KLF14;KRT2;KRT5;KRTAP3-1;KRTDAP;LARP6;LCE3C;LGALS7;LINC02218;LRAT;MAT1A;MEI4;MPL;MRAP;MSLN;MTNR1B;MYOC;NDST4;NKX2-8;NLRP4;OPRD1;OR51B2;ORM1;OTOG;OTOL1;OTP;PAEP;PHF21B;PIWIL2;PKD2L2;PPBP;PRODH2;PYGM;RALGAPA2;RANBP3L;RBMXL2;RDX;RFPL2;RHOXF1;RNF113B;RNF175;RNF222;RSPH10B;RSPH10B2;RXFP3;RYR1;S100A7;SBK2;SDHAF1;SERPINA5;SERPINA7;SKOR2;SLC13A5;SLC16A8;SLC22A2;SLC6A18;SLC7A10;SLIT1;SMIM28;SNX32;SPACA5;SPEM1;SRY;ST18;STKLD1;SYNDIG1L;TAPT1;TAS2R16;TAS2R4;TBL1Y;TBR1;TEPP;TGM6;TLX3;TMEM151B;TMEM213;TMEM239;TMEM271;TOGARAM2;TRAV34;TRAV38-1;TRH;TRIM42;TRIM67;TSNAXIP1;TSPEAR;TTC34;TTLL7;TULP1;VSTM2B;VSX1;ZAR1;ZIC1;ZNF385D;ZNF648
0030_HTAN_7003_AS_3_filtered_trimmed.h5ad	HTAN_VANDERBILT_CRC::PATIENT::7032fa6644896b13	14	ASB10;ASB5;BHLHA9;C22orf31;HAO2;HBE1;HLA-DRB1;HLA-DRB5;NRAP;QRFPR;RFPL2;SPACA5;SRY;TBL1Y
0031_HTAN_7003_AS_4_filtered_trimmed.h5ad	HTAN_VANDERBILT_CRC::PATIENT::7032fa6644896b13	55	ASB5;C11orf97;CAV3;CHRNA2;CNBD1;CT47B1;DAOA;GFRA4;GGTLC1;GOLGA6L7;GSX1;GSX2;HLA-DRB1;HLA-DRB5;KCNH6;KCNV2;KLK15;LCE6A;LINC02218;MAGEA12;MRGPRG;MRGPRX3;NKX1-1;NKX2-4;NKX2-8;NRAP;OR13J1;OR4C11;OR4S2;OR4X1;OTUD6A;P2RX3;PAX2;PKD2L2;POM121L12;PRM3;PYDC1;RAX2;RBFOX3;RBMXL2;RBMXL3;RNF113B;SHOX;SLC13A1;SLC18A3;SLC1A6;SLC28A2;SLC6A5;SMIM21;SRY;TBL1Y;TMEM213;TMEM225;TRIML1;ZACN
0032_HTAN_8578_AS_1_filtered_trimmed_WD33474.h5ad	HTAN_VANDERBILT_CRC::PATIENT::772733d53add12a2	1738	A2ML1;A3GALT2;AADACL2;AARD;ABCA12;ABCA4;ABCC11;ABHD16B;ABRA;ACCSL;ACKR4;ACOT12;ACP7;ACSBG2;ACSM4;ACTL6B;ACTL7A;ACTL7B;ACTRT1;ACTRT2;ADAMTS20;ADCY8;ADGB;ADGRA1;ADGRD2;ADGRG4;ADGRV1;ADH7;ADIG;ADRA2B;ADRB3;AFM;AFP;AGBL3;AGBL4;AHSP;AIRE;AKAIN1;AKAP14;AKAP4;ALAS2;ALB;ALDH3B2;ALKAL1;ALOX12;ALPI;ALPP;ALX1;ALX3;AMBP;AMER2;AMER3;AMH;AMTN;ANGPT4;ANHX;ANKRD1;ANKRD30A;ANKRD30B;ANKRD34B;ANKRD63;ANKRD66;ANO7;APC2;APOA1;APOA4;APOBEC2;APOBEC3A;APOBEC4;APOL5;AQP10;AQP2;AQP4;AQP6;AQP8;ARHGAP40;ARMC3;ARMS2;ARR3;ARSF;ART1;ASB10;ASB11;ASB17;ASB18;ASB5;ASCL1;ASCL3;ASCL4;ASPDH;ASPG;ASZ1;ATOH1;ATOH7;ATP12A;ATP1A3;ATP1B4;ATP2B3;ATP4A;ATP6V0D2;ATP8A2;AVP;AVPR1B;AWAT1;AWAT2;B3GNT4;B3GNT6;B4GALNT2;BAAT;BANF2;BARHL2;BCL2L10;BEX1;BHLHA9;BHLHE23;BMP15;BOD1L2;BOLL;BPIFA1;BPIFB1;BPIFB2;BRDT;BRSK2;BSND;BSX;BTBD16;BTBD17;BTG4;C10orf105;C10orf53;C10orf90;C11orf42;C11orf86;C11orf87;C11orf97;C12orf56;C12orf71;C14orf39;C16orf78;C16orf92;C19orf85;C1QL2;C1QTNF9B;C1orf167;C1orf232;C1orf68;C1orf94;C20orf85;C22orf31;C22orf42;C2orf78;C2orf80;C3orf49;C4BPA;C4orf17;C6orf118;C6orf15;C8B;C8orf74;C9orf57;CA4;CA6;CA7;CA8;CABP5;CABP7;CACNA1B;CACNA1G;CACNA2D3;CACNG1;CACNG2;CACNG3;CACNG4;CACNG5;CACNG6;CALB1;CALHM1;CALHM3;CALML5;CALN1;CAMP;CAPN9;CAPSL;CAPZA3;CARTPT;CASKIN1;CASP14;CATSPER1;CAV3;CBLIF;CCDC105;CCDC166;CCDC169;CCDC172;CCDC182;CCDC185;CCDC192;CCDC196;CCDC198;CCDC200;CCDC201;CCDC39;CCDC65;CCK;CCKBR;CCL1;CCL17;CCL25;CCR3;CCR6;CD164L2;CD38;CDH15;CDH16;CDH18;CDH20;CDH22;CDH9;CDHR4;CDK5R2;CDX4;CEACAM16;CEACAM20;CELA3A;CENPVL3;CER1;CERKL;CES5A;CETN1;CFAP100;CFAP126;CFAP73;CFAP77;CFAP97D1;CFC1B;CGA;CHAT;CHGB;CHRM2;CHRNA4;CHRND;CHRNG;CHST13;CHST8;CHST9;CIB4;CKM;CLC;CLCA1;CLCA4;CLCNKB;CLDN17;CLDN19;CLDN20;CLDN8;CLDN9;CLEC2A;CLEC3A;CLPS;CLRN2;CLUL1;CLVS1;CLVS2;CMTM2;CNBD1;CNGA2;CNGB1;CNMD;CNNM1;CNTN2;CNTNAP2;CNTNAP5;COLEC10;COX6A2;COX6B2;CPA1;CPA2;CPA5;CPB1;CPHXL;CPNE4;CPXCR1;CRCT1;CRH;CRHR1;CRLF2;CRNN;CRP;CRX;CRYBA2;CRYGA;CRYGB;CSAG3;CSF2;CSMD3;CSN2;CSN3;CSPG5;CST9;CT47B1;CTNNA2;CTRB1;CTXND1;CXCL17;CXorf66;CYLC1;CYLC2;CYP11B1;CYP11B2;CYP1A2;CYP24A1;CYP2A13;CYP2C18;CYP2F1;CYP4A11;CYP4A22;CYP4B1;CYP4F8;DAOA;DAPL1;DBH;DBX1;DCAF12L2;DCAF4L2;DCAF8L2;DCD;DCDC2;DCDC2C;DCST2;DCX;DDI1;DDX53;DEFA4;DEFA5;DEFB112;DEFB114;DEFB118;DEFB123;DEFB125;DEFB135;DEFB136;DGAT2L6;DGKK;DIO1;DIRAS2;DISP2;DISP3;DKKL1;DLEU7;DLL3;DLX1;DMP1;DMRTA2;DNAAF1;DNAH3;DNAH5;DNAI2;DNER;DNMT3L;DNTT;DPP6;DPPA2;DPPA4;DPYSL5;DRD2;DSC1;DSG3;DUOXA2;DUSP13;DUSP21;DUXA;DYNAP;DYTN;E2F6;EBLN1;EDAR;EDDM3B;EDN2;EFCAB10;EFCAB3;EGF;EGR4;ELAVL3;ELAVL4;ELMOD1;EMX1;EN2;ENDOU;ENHO;ENPP7;EPHA7;EPHX3;ERCC6L;ERFE;ERICH3;ERMN;ERVFRD-1;ERVV-2;ERVW-1;ESPNL;ESX1;ETNPPL;EVX2;FABP9;FAM163A;FAM163B;FAM166A;FAM180B;FAM181A;FAM184B;FAM237A;FAM237B;FAM43B;FAM47B;FAM47C;FAM81B;FAM9A;FAT2;FAT3;FBXO40;FBXW10;FCRL4;FERD3L;FETUB;FEV;FEZF2;FFAR2;FGF14;FGF23;FGF3;FGF4;FGF8;FGG;FIGLA;FLG;FLG2;FMR1NB;FOXB1;FOXB2;FOXE1;FOXG1;FOXI1;FOXI2;FOXL2;FOXN1;FREM2;FREM3;FRMPD1;FRMPD2;FRMPD4;FSCB;FSHB;FSHR;FSTL4;FTHL17;FUT5;FUT9;FXYD4;FYB2;GAB4;GABRA1;GABRA2;GABRA3;GABRA4;GABRA5;GABRG1;GABRG2;GABRQ;GABRR1;GABRR3;GAD2;GAL3ST3;GALNT9;GALP;GALR1;GAP43;GATA1;GATA4;GBX1;GBX2;GCM2;GDF10;GDPD2;GFRA4;GFRAL;GFY;GHSR;GIP;GJA10;GJA3;GJA8;GJB4;GJB5;GKN1;GLP1R;GLS2;GLT6D1;GLYATL1;GMNC;GNAT1;GNG13;GNG3;GNMT;GNRH2;GNRHR;GOLGA6L7;GOT1L1;GP1BA;GPC5;GPHB5;GPM6A;GPR12;GPR139;GPR148;GPR149;GPR150;GPR152;GPR158;GPR26;GPR33;GPR42;GPR61;GPR62;GPR78;GPX6;GRIA2;GRIFIN;GRIN1;GRK1;GRK7;GRM3;GRM5;GRM6;GRXCR2;GSC2;GSG1;GSG1L;GSG1L2;GSTA3;GSTA5;GSX1;GUCY2F;HABP2;HAO1;HAO2;HBE1;HBG2;HBM;HBQ1;HCN1;HCRTR1;HEATR9;HELT;HEPACAM2;HEPHL1;HGFAC;HHLA1;HIGD2B;HMX1;HMX3;HOXC12;HRH3;HRH4;HRK;HSD17B2;HSFX4;HSPB9;HTR1E;HTR2C;HTR3A;HTR3B;HTR3E;HTR5A;IAPP;IFIT1;IFITM5;IFNA21;IFNA8;IFNB1;IFNK;IFNL1;IFNL2;IFNW1;IGDCC3;IGF2BP1;IGFBP1;IGFL1;IGHV1-58;IGKV1D-42;IGLJ5;IGLJ6;IGLL1;IGLV2-33;IGSF1;IGSF5;IL12A;IL12B;IL13;IL13RA2;IL17C;IL17F;IL19;IL1A;IL1RAPL2;IL20;IL22;IL24;IL25;IL27;IL36G;IL36RN;IL37;IL9;IMPG1;INA;INHBC;INS;INSL6;INSM1;INSM2;INSYN2A;IQCF6;IRS4;IRX4;ISM2;ITIH2;ITPRID1;IVL;IZUMO1R;KBTBD13;KCNC2;KCNE2;KCNG4;KCNH5;KCNH6;KCNIP4;KCNJ1;KCNJ13;KCNJ18;KCNJ4;KCNJ9;KCNK16;KCNK18;KCNK7;KCNQ2;KCNU1;KCNV1;KCNV2;KDM4F;KHDC3L;KHDRBS2;KIF1A;KIR3DL3;KISS1;KISS1R;KLF18;KLHDC7A;KLHL38;KLHL40;KLK2;KLK3;KLK5;KLK7;KLK9;KPRP;KREMEN2;KRT1;KRT12;KRT2;KRT26;KRT3;KRT31;KRT32;KRT33A;KRT33B;KRT34;KRT35;KRT36;KRT37;KRT38;KRT4;KRT5;KRT71;KRT75;KRT79;KRT81;KRT82;KRT84;KRT85;KRTAP1-1;KRTAP1-3;KRTAP1-4;KRTAP10-1;KRTAP10-11;KRTAP10-7;KRTAP10-8;KRTAP11-1;KRTAP12-4;KRTAP13-3;KRTAP15-1;KRTAP19-2;KRTAP19-4;KRTAP19-5;KRTAP2-2;KRTAP2-3;KRTAP2-4;KRTAP20-1;KRTAP20-2;KRTAP20-4;KRTAP21-2;KRTAP22-1;KRTAP23-1;KRTAP26-1;KRTAP3-1;KRTAP4-12;KRTAP4-3;KRTAP4-5;KRTAP4-8;KRTAP6-1;KRTAP6-2;KRTAP6-3;KRTAP8-1;KRTAP9-3;KRTAP9-4;KRTAP9-7;KRTDAP;KSR2;LACTBL1;LAIR2;LBHD2;LCE1A;LCE1B;LCE1D;LCE2A;LCE2B;LCE3C;LCE3D;LCE6A;LCN9;LCT;LDLRAD1;LELP1;LEUTX;LGALS14;LGALS7;LHFPL4;LHX1;LHX2;LHX3;LHX5;LIM2;LINC02218;LLGL1;LLPH;LMAN1L;LMOD2;LMX1A;LRAT;LRFN2;LRIT1;LRIT2;LRP1B;LRRC10;LRRC18;LRRC38;LRRC55;LRRC63;LRRC74A;LRRIQ4;LRRTM3;LRTM1;LRTM2;LUZP4;LYPD2;LYPD4;LYZL6;MAB21L1;MAGEA1;MAGEA12;MAGEA4;MAGEA8;MAGEA9B;MAGEB1;MAGEB10;MAGEB17;MAGEB18;MAGEB2;MAGEB3;MAGEB4;MAGEB5;MAGEB6;MAGEB6B;MAGEC1;MAP3K15;MASP1;MB;MBD3L1;MBD3L2B;MBL2;MC2R;MC5R;MCIDAS;MDGA2;MDH1B;MEI4;MEP1B;METTL21C;MFRP;MGAT4D;MINAR2;MINDY4B;MIOX;MIXL1;MKRN2OS;MKRN3;MLN;MMD2;MMP10;MMP13;MMP20;MMP25;MMP27;MORC1;MOS;MPC1L;MPO;MPPED1;MRGPRD;MRGPRE;MRGPRG;MRGPRX1;MRGPRX3;MRGPRX4;MROH2B;MS4A15;MS4A18;MSANTD1;MSGN1;MSH4;MSLNL;MSMB;MT4;MTNR1B;MTTP;MUC15;MUC21;MUCL1;MYBPC2;MYBPH;MYH1;MYH4;MYH6;MYH8;MYL1;MYL7;MYMK;MYO1H;MYOC;MYOD1;MYOG;MYOM2;MYOT;MYT1;MYT1L;NAA11;NANOGNB;NANOS3;NAT16;NAT8;NCAN;NCMAP;NDP;NDST4;NECAB1;NEFL;NEU2;NEUROD1;NEUROD2;NEUROD4;NEUROG1;NEUROG3;NGB;NIM1K;NIPAL4;NKAIN1;NKAIN2;NKAIN4;NKX1-1;NKX2-1;NKX2-4;NKX2-6;NKX2-8;NLRP10;NLRP13;NLRP4;NLRP5;NMRK2;NMS;NMUR2;NNAT;NOBOX;NOL4;NOS1;NOTO;NOX3;NPAP1;NPBWR2;NPHS1;NPHS2;NPPA;NPPB;NPS;NPY2R;NR0B1;NR0B2;NR1I3;NR2E1;NR5A1;NRAP;NRSN1;NSG2;NT5C1B;NTSR2;NUPR2;NUTM1;NWD2;NXNL1;NYX;OC90;OCA2;ODAM;ODF3L1;ODF3L2;ODF4;OLIG2;OOSP2;OPALIN;OPN1LW;OPN5;OPRD1;OPRK1;OPRM1;OPRPN;OPTC;OR10A2;OR10A5;OR10A6;OR10A7;OR10AD1;OR10AG1;OR10D3;OR10G2;OR10G4;OR10G6;OR10G8;OR10G9;OR10H1;OR10H5;OR10J1;OR10K2;OR10P1;OR10S1;OR10V1;OR10X1;OR10Z1;OR11A1;OR11L1;OR12D2;OR12D3;OR13C8;OR13F1;OR13H1;OR13J1;OR14I1;OR14J1;OR14K1;OR1A1;OR1C1;OR1D2;OR1D5;OR1E2;OR1I1;OR1J2;OR1K1;OR1L4;OR1L8;OR1M1;OR1N1;OR1S1;OR2A12;OR2A2;OR2A5;OR2AG1;OR2AJ1;OR2AP1;OR2AT4;OR2B2;OR2B3;OR2B6;OR2D3;OR2F2;OR2G3;OR2G6;OR2J2;OR2J3;OR2M2;OR2M3;OR2M7;OR2S2;OR2T1;OR2T10;OR2T11;OR2T12;OR2T35;OR2T4;OR2T6;OR2V1;OR2W1;OR2Y1;OR2Z1;OR3A1;OR3A3;OR4A5;OR4C11;OR4C13;OR4C3;OR4C46;OR4C5;OR4C6;OR4D10;OR4D11;OR4D6;OR4D9;OR4E1;OR4E2;OR4K1;OR4K14;OR4K17;OR4N5;OR4P4;OR4Q3;OR4S2;OR4X1;OR4X2;OR51A4;OR51B4;OR51B6;OR51C1P;OR51D1;OR51F1;OR51F2;OR51G1;OR51G2;OR51I2;OR51M1;OR51Q1;OR51S1;OR51T1;OR51V1;OR52A1;OR52A5;OR52B2;OR52B4;OR52B6;OR52D1;OR52E2;OR52E8;OR52I1;OR52I2;OR52K1;OR52L1;OR52M1;OR52N5;OR52W1;OR56A1;OR56A3;OR56B4;OR5A1;OR5AR1;OR5AS1;OR5AU1;OR5B2;OR5B3;OR5D13;OR5D16;OR5D18;OR5D3P;OR5H6;OR5K3;OR5K4;OR5L1;OR5M1;OR5M11;OR5M9;OR5P2;OR5T1;OR5V1;OR6A2;OR6B2;OR6B3;OR6C1;OR6C65;OR6C74;OR6C75;OR6F1;OR6J1;OR6K2;OR6K3;OR6K6;OR6M1;OR6S1;OR6X1;OR6Y1;OR7A10;OR7A5;OR7C2;OR7D2;OR7D4;OR7E24;OR7G1;OR7G2;OR7G3;OR8B4;OR8D2;OR8D4;OR8G1;OR8G5;OR8H2;OR8H3;OR8I2;OR8J1;OR8K1;OR8S1;OR8U1;OR9I1;OTOG;OTOL1;OTOP1;OTOP2;OTOP3;OTOR;OTUD6A;OTX1;OTX2;OVCH1;OVCH2;OVOL3;P2RX2;P3R3URF;PABPC1L2B;PABPN1L;PADI1;PAGE3;PAGE4;PALM3;PANX3;PAQR9;PASD1;PATE3;PATE4;PAX2;PAX3;PAX4;PAX7;PAX8;PCDH11X;PCDH20;PCDH8;PCDHA1;PCDHA13;PCDHB1;PCDHB10;PDE6A;PDHA2;PDILT;PDYN;PFN3;PGA5;PGLYRP1;PGLYRP2;PHEX;PHOX2B;PIRT;PIWIL2;PIWIL3;PKD2L1;PKD2L2;PKLR;PLA2G2E;PLA2G2F;PLA2G4E;PLAAT2;PLAC1;PLAC8L1;PLEKHD1;PLEKHS1;PLGLB2;PLK5;PLP1;PLPPR5;PMCH;PMP2;PNCK;PNLIP;PNLIPRP3;PNMA6E;PNPLA5;POM121L12;POU3F1;POU3F2;POU3F3;POU3F4;POU4F2;POU6F2;PPBP;PPM1E;PPP1R17;PPP1R2C;PPP1R3A;PPP2R2C;PPP4R3C;PRAMEF27;PRAMEF4;PRB3;PRB4;PRDM12;PRDM13;PRDM14;PRDM9;PRKACG;PRKAG3;PRLH;PRLHR;PRM1;PRM2;PRM3;PRMT8;PRODH2;PROK1;PROKR1;PROKR2;PROP1;PROX2;PROZ;PRR18;PRR19;PRR23B;PRR23C;PRR27;PRR32;PRR35;PRRT1B;PRSS1;PRSS37;PRSS38;PRSS48;PRSS54;PRSS56;PRSS57;PRSS58;PRTN3;PSG11;PSG3;PSG7;PSKH2;PSMB11;PTF1A;PTGDR2;PTH;PTH2;PTPRT;PTX4;PVALEF;PYDC1;PYDC2;PYY;QRFP;QRFPR;RAB40AL;RAB41;RAB6C;RAD21L1;RADIL;RAG1;RAG2;RALGAPA2;RALYL;RASSF9;RAX2;RBMXL2;RBMXL3;RBP3;RBPJL;RD3L;RDH8;RESP18;RFK;RFPL4A;RGL4;RGR;RGS21;RGS7;RGS8;RHAG;RHBDL3;RHCG;RHD;RHOXF1;RIIAD1;RIMS1;RIMS4;RIT2;RLN3;RNASE10;RNASE11;RNASE3;RNASE7;RNASE8;RNASE9;RNF175;RNF222;RNF223;RNF224;RNF225;ROBO2;RP2;RPE65;RPGRIP1;RPTN;RS1;RSPH10B2;RSPH14;RSPO4;RTBDN;RTL1;RTL4;RTP1;RTP2;S100A1;S100A7;S100A7A;S100G;S1PR5;SAGE1;SBK2;SBK3;SBSN;SCG3;SCGB2A1;SCGB3A1;SCGN;SCN10A;SCN7A;SCNN1G;SCP2D1;SCRT1;SCRT2;SCYGR4;SEBOX;SEC14L5;SEL1L2;SEMA3E;SERPINA11;SERPINA12;SERPINA4;SERPINA7;SERPINA9;SERPINB10;SERPINB11;SERPINB13;SERPINB3;SERPINB7;SEZ6;SEZ6L;SFRP5;SH2D6;SH2D7;SH3GL2;SHD;SHISA7;SHOX;SI;SIGLECL1;SIM1;SIX3;SIX6;SKA1;SLAMF9;SLC10A1;SLC13A1;SLC13A5;SLC14A1;SLC15A1;SLC15A5;SLC16A8;SLC17A3;SLC17A4;SLC17A6;SLC18A3;SLC1A6;SLC1A7;SLC22A12;SLC22A2;SLC22A31;SLC22A6;SLC22A7;SLC22A8;SLC22A9;SLC24A2;SLC24A5;SLC25A21;SLC25A47;SLC26A5;SLC26A7;SLC28A2;SLC30A10;SLC30A2;SLC30A3;SLC32A1;SLC34A2;SLC35G3;SLC35G5;SLC36A2;SLC36A3;SLC38A3;SLC47A2;SLC4A9;SLC51B;SLC5A10;SLC5A11;SLC5A2;SLC5A8;SLC6A13;SLC6A16;SLC6A17;SLC6A18;SLC6A4;SLC6A5;SLC7A14;SLC7A3;SLC8A2;SLC9A4;SLCO6A1;SLITRK1;SLITRK3;SLURP1;SMIM10L2A;SMIM18;SMIM2;SMIM21;SMIM23;SMIM28;SMN1;SMPX;SMTNL1;SNCB;SNX32;SOAT2;SOHLH1;SOST;SOX3;SP7;SP9;SPACA1;SPACA5;SPANXD;SPANXN3;SPANXN4;SPANXN5;SPATA19;SPATA31A6;SPATA31D1;SPATA31D3;SPATA46;SPATS1;SPDYE6;SPEF1;SPEM1;SPEM2;SPINK14;SPOCK3;SPP2;SPPL2C;SPRR1B;SPRR2G;SPRR3;SPRR4;SPRR5;SPSB4;SPX;SRARP;SRPK3;SRRM4;SRY;SSC4D;SSTR4;SSX3;SSX5;ST8SIA2;ST8SIA3;ST8SIA5;STK32A;STKLD1;STMP1;STPG3;STRA8;STRIT1;SULT2A1;SUN3;SUN5;SYNDIG1L;SYNPO2L;SYT1;SYT2;SYTL5;TAAR1;TACR3;TAF11L11;TAF11L14;TAFA3;TAL2;TARM1;TAS1R2;TAS2R1;TAS2R16;TAS2R38;TAS2R8;TBATA;TBR1;TBX20;TBX22;TBXT;TCTE1;TDRD1;TDRD6;TECRL;TEKT2;TEKT4;TENT5D;TERB1;TERT;TEX101;TEX11;TEX13A;TEX13B;TEX13C;TEX13D;TEX14;TEX15;TEX28;TEX37;TEX38;TEX44;TEX45;TEX47;TEX50;TFAP2B;TFAP2D;TFF2;TGFBR3L;TGIF2LX;TGM3;TGM5;TGM6;THEM5;TINCR;TIPARP;TLCD3B;TLX2;TLX3;TM4SF4;TMCO5A;TMEM114;TMEM151B;TMEM17;TMEM174;TMEM202;TMEM207;TMEM213;TMEM215;TMEM221;TMEM225;TMEM229A;TMEM235;TMEM239;TMEM262;TMEM271;TMEM272;TMEM275;TMEM50B;TMEM52B;TMEM61;TMEM72;TMEM74;TMEM88B;TMIGD1;TMPRSS11B;TMPRSS11D;TMPRSS15;TMPRSS6;TMPRSS7;TMTC1;TNN;TNNI1;TNP2;TOPAZ1;TP73;TPD52L3;TPRX1;TRAPPC3L;TRAV12-2;TRAV17;TRAV22;TRAV24;TRAV25;TRAV34;TRAV8-7;TRAV9-1;TRBV10-2;TRBV10-3;TRBV11-3;TRBV12-5;TRBV18;TRBV4-2;TRBV7-1;TRBV7-9;TRDV1;TREH;TREML2;TRGV11;TRH;TRHR;TRIM40;TRIM42;TRIM51;TRIM64C;TRIM67;TRIM71;TRIML1;TRIML2;TRPC5;TRPC7;TRPM1;TRPM3;TRPM6;TRPM8;TRPV6;TSACC;TSPAN19;TSPEAR;TSPO2;TSPYL6;TSSK2;TTC24;TTC34;TTLL6;TTLL8;TUBA3E;TUBAL3;TULP1;TYR;TYRP1;UCN2;UCN3;UCP1;UGT1A7;UGT2A1;ULBP1;UMOD;UMODL1;UNC45B;UNC5D;UNC80;UNCX;UPK1B;UPK2;UPK3A;USH1G;UTF1;UTS2;VAX1;VGLL2;VN1R2;VPREB1;VSIG10L;VSIG10L2;VSTM2A;VSTM2B;VSX1;VSX2;VWA3B;VWA5B1;VWA5B2;VWC2;VWC2L;WEE2;WFDC10A;WFDC11;WFDC12;WFDC5;WIF1;WNT1;WNT16;WNT3A;WNT7A;XAGE5;XCR1;XKR3;XKR5;ZACN;ZAR1;ZBTB8B;ZCCHC12;ZCCHC13;ZDHHC22;ZFP57;ZFR2;ZIC1;ZIC3;ZIC4;ZIM3;ZNF215;ZNF280B;ZNF311;ZNF334;ZNF385B;ZNF491;ZNF534;ZNF556;ZNF578;ZNF648;ZNF679;ZNF716;ZNRF4;ZP1;ZPBP;ZSCAN10;ZSCAN5C
0033_HTAN_8578_AS_1_filtered_trimmed_WD33469.h5ad	HTAN_VANDERBILT_CRC::PATIENT::82a1eb08b47e14fe	2441	A2ML1;A3GALT2;AADACL2;AADACL3;AARD;AASDH;ABCA12;ABCB11;ABCB4;ABCC8;ABCG4;ABHD1;ABHD16B;ACADL;ACAN;ACCSL;ACKR4;ACP4;ACP7;ACR;ACSBG1;ACSBG2;ACSM4;ACTC1;ACTL6B;ACTL7A;ACTL7B;ACTL9;ACTN2;ACTN3;ACTRT1;ACTRT2;ADAD2;ADAM23;ADAM30;ADAM7;ADAMTS18;ADAMTS20;ADCY8;ADCYAP1;ADCYAP1R1;ADD2;ADGRA1;ADGRB2;ADGRB3;ADGRD2;ADGRE3;ADGRF3;ADGRG2;ADGRG3;ADGRG4;ADGRV1;ADH1C;ADH7;ADIG;ADIPOQ;ADRA1A;ADRA1D;ADRA2B;ADRA2C;ADRB3;AFF2;AFF3;AFM;AGBL1;AGBL3;AGTR2;AHSP;AIF1L;AIPL1;AIRE;AKAIN1;AKAP14;AKAP4;ALAS2;ALB;ALDH1A2;ALG1L2;ALLC;ALPG;ALPI;ALPK2;ALPP;ALX3;ALX4;AMBP;AMER2;AMER3;AMPD1;AMTN;ANGPT4;ANHX;ANKFN1;ANKRD1;ANKRD30A;ANKRD30B;ANKRD33;ANKRD33B;ANKRD34B;ANKRD34C;ANKRD60;ANKRD62;ANKRD63;ANKUB1;ANO2;ANO5;ANXA10;ANXA2R;APC2;APLN;APOA1;APOA4;APOA5;APOB;APOBEC2;APOBEC3H;APOF;APOH;APOL5;AQP10;AQP12A;AQP2;AQP4;AQP5;ARC;ARHGAP36;ARHGAP40;ARMC3;ARMS2;ARSF;ARSJ;ART1;ART4;ARX;ASB10;ASB17;ASB18;ASB5;ASCL1;ASCL3;ASCL4;ASIP;ASPG;ASTL;ASTN1;ASXL3;ATG9B;ATOH7;ATP12A;ATP1A3;ATP1B4;ATP2B2;ATP2B3;ATP4A;ATP8A2;ATXN3L;AVP;AVPR1A;AVPR1B;AVPR2;AWAT1;AZU1;B3GAT2;B3GNT4;B3GNT6;B4GALNT2;B4GALNT4;BAAT;BAMBI;BANF2;BARHL2;BATF3;BCL2L10;BEGAIN;BEST2;BEX1;BEX5;BFSP2;BHLHA9;BHLHE23;BHMT;BLK;BMP15;BMP3;BNC1;BOLL;BPIFA1;BPIFA2;BPIFB1;BPIFB2;BRDT;BRINP2;BRINP3;BSN;BSND;BSX;BTBD16;BTBD17;BTN1A1;C10orf105;C10orf120;C10orf53;C10orf62;C10orf90;C11orf86;C11orf97;C12orf42;C12orf54;C12orf56;C12orf71;C13orf42;C14orf180;C16orf96;C1QL2;C1QTNF12;C1QTNF8;C1QTNF9B;C1orf167;C1orf232;C1orf68;C1orf94;C20orf141;C20orf144;C20orf203;C22orf31;C22orf42;C2CD4C;C2orf16;C2orf66;C2orf80;C3orf49;C3orf56;C3orf84;C3orf85;C5orf63;C6;C6orf118;C6orf15;C6orf52;C8B;C8orf89;C9orf57;CA1;CA6;CA7;CA8;CABP5;CABP7;CACNA1A;CACNA1B;CACNA1G;CACNA2D2;CACNA2D3;CACNG1;CACNG2;CACNG3;CACNG4;CACNG5;CACNG6;CACNG7;CADM3;CAGE1;CALCR;CALHM1;CALML5;CALN1;CALY;CAMK1G;CAPN11;CAPSL;CAPZA3;CARTPT;CASKIN1;CATIP;CATSPER1;CATSPERD;CAV3;CBLL2;CBLN2;CCDC105;CCDC160;CCDC166;CCDC172;CCDC177;CCDC179;CCDC182;CCDC184;CCDC185;CCDC192;CCDC196;CCDC198;CCDC200;CCDC201;CCDC39;CCDC70;CCDC85A;CCER1;CCK;CCKBR;CCL1;CCL16;CCL17;CCL25;CCL26;CCL7;CCL8;CCR3;CCR4;CCR6;CCR7;CCT8L2;CD177;CD180;CD1A;CD1D;CD1E;CD200R1L;CD207;CD22;CD300E;CD40LG;CD5L;CD70;CDH10;CDH15;CDH16;CDH18;CDH19;CDH20;CDH22;CDH9;CDHR4;CDK5R2;CDO1;CDX4;CEACAM16;CEACAM20;CEBPE;CECR2;CELA2B;CELA3A;CELF4;CENPVL3;CER1;CERKL;CERS3;CETN1;CETP;CFAP100;CFAP161;CFAP73;CFAP77;CFAP97D1;CFC1B;CFHR3;CGA;CHGB;CHIA;CHODL;CHRM2;CHRM5;CHRNA2;CHRNA6;CHRNB2;CHRND;CHRNG;CHST6;CHST8;CHST9;CIB4;CITED1;CKM;CLC;CLCN1;CLCNKB;CLDN17;CLDN19;CLDN20;CLDN22;CLDN6;CLDN9;CLEC12A;CLEC17A;CLEC20A;CLEC2A;CLEC2L;CLEC3A;CLEC6A;CLGN;CLNK;CLPS;CLRN1;CLVS2;CMA1;CMTM2;CMTM5;CNBD2;CNGA2;CNGA3;CNGB1;CNNM1;CNR1;CNR2;CNTN2;CNTN3;CNTN6;CNTNAP4;COL11A2;COL22A1;COL6A5;COL6A6;COLEC10;COLGALT2;COX6A2;COX7B2;COX8C;CPA1;CPA2;CPA5;CPAMD8;CPHXL;CPLX3;CPLX4;CPN2;CPNE9;CPXCR1;CPZ;CRABP1;CRCT1;CREB3L3;CRH;CRHBP;CRHR2;CRISP2;CRLF2;CRNN;CRTAC1;CRX;CRYBA2;CRYBB1;CRYGB;CRYGC;CRYGD;CSAG3;CSF2;CSF3;CSMD3;CSN2;CSN3;CSRP2;CSRP3;CST4;CST6;CST9;CST9L;CT47B1;CTNNA2;CTNND2;CTRB1;CTRB2;CTSG;CTXN2;CTXN3;CTXND1;CUX2;CXCL17;CXCL5;CXCR5;CXorf66;CYLC1;CYLC2;CYP11B1;CYP11B2;CYP19A1;CYP1A1;CYP1A2;CYP24A1;CYP26A1;CYP2A13;CYP2A6;CYP2C18;CYP2F1;CYP3A7;CYP46A1;CYP4A11;CYP4A22;CYP4B1;CYP8B1;CYS1;CYTL1;DAB1;DACT2;DAO;DAPP1;DBX1;DBX2;DCAF12L2;DCAF4L1;DCAF4L2;DCAF8L1;DCC;DCD;DCDC2;DCDC2C;DCX;DDI1;DDX4;DDX53;DEFA4;DEFB110;DEFB112;DEFB114;DEFB115;DEFB118;DEFB119;DEFB123;DEFB124;DEFB125;DEFB132;DEFB134;DEFB135;DEFB136;DGAT2L6;DGKB;DHRS2;DIRAS2;DISP3;DKK2;DKK4;DKKL1;DLEU7;DLK1;DLX1;DMBX1;DMP1;DMRT3;DMRTA1;DMRTA2;DMRTB1;DNAAF1;DNAH3;DNAI2;DNAJB8;DNER;DNMT3L;DNTT;DPEP2NB;DPP6;DPPA2;DPPA4;DPYSL5;DRD3;DSC1;DSG3;DUOXA1;DUSP13;DUSP21;DUXA;DYNAP;DYTN;E2F6;EBF2;ECT2L;EDDM3B;EEF1A2;EFCAB3;EFNA5;EGF;EGR4;ELAVL3;ELMOD1;ELOA2;ELOVL2;EML6;EMX1;EMX2;ENDOU;ENPP7;EPHA7;EPHA8;EPHX3;EPO;EPYC;ERC2;ERCC6L;ERICH3;ERMN;ERVV-2;ERVW-1;ESPNL;ESR1;ESX1;ETNPPL;ETV3L;EYS;F10;FABP9;FAM107A;FAM13B;FAM151A;FAM162B;FAM163B;FAM166A;FAM177B;FAM180B;FAM181A;FAM181B;FAM184B;FAM189A1;FAM237B;FAM240A;FAM240C;FAM43B;FAM47B;FAM47C;FAM81B;FAM9A;FAM9B;FANCD2OS;FAT2;FAT3;FBN3;FBXO40;FBXW10;FCAR;FCN2;FCN3;FCRL2;FCRL4;FCRLA;FCRLB;FDCSP;FER1L6;FERD3L;FETUB;FEV;FEZF2;FFAR1;FFAR2;FGF14;FGF16;FGF19;FGF23;FGF3;FGF4;FGF5;FGF8;FGFBP2;FGG;FGL1;FIGLA;FKBP1B;FLG;FMN2;FMR1NB;FOXB1;FOXB2;FOXD3;FOXE1;FOXG1;FOXI1;FOXI2;FOXI3;FOXL2;FOXL2NB;FOXN1;FOXP3;FPR2;FREM3;FRMD4A;FRMD5;FRMD7;FRMPD1;FRMPD2;FRMPD4;FSCB;FSHB;FSHR;FSTL4;FTHL17;FTMT;FUT5;FUT7;FXYD4;FYB2;GAB4;GABBR2;GABRA3;GABRA5;GABRA6;GABRB3;GABRD;GABRG1;GABRQ;GABRR1;GABRR3;GAD2;GAGE10;GAL3ST3;GALNT9;GALNTL6;GALR1;GAP43;GAS2L2;GAST;GATA1;GATA4;GBP6;GBX1;GC;GCG;GCKR;GCM1;GCM2;GDF10;GDF2;GDF5;GDNF;GDPD2;GFI1B;GFRA2;GFRA3;GFRA4;GFRAL;GFY;GGTLC1;GH2;GHSR;GIP;GJA3;GJA8;GJB5;GJB7;GLDN;GLP1R;GLRA2;GLT6D1;GMNC;GNAT1;GNAT2;GNAT3;GNG10;GNG3;GNG8;GNRH2;GNRHR;GOLGA6L7;GOT1L1;GP1BA;GP5;GP9;GPBAR1;GPC5;GPD1;GPHB5;GPIHBP1;GPR101;GPR12;GPR132;GPR139;GPR141;GPR146;GPR148;GPR149;GPR150;GPR151;GPR152;GPR173;GPR182;GPR25;GPR26;GPR32;GPR33;GPR37;GPR42;GPR45;GPR50;GPR6;GPR61;GPR83;GPR88;GPX6;GREM2;GRIA1;GRIA2;GRIFIN;GRIK2;GRIN3B;GRIP1;GRM2;GRM5;GRM6;GRM7;GRXCR2;GSC2;GSG1;GSG1L2;GSTA3;GSTA5;GSX2;GTSF1;GUCA2A;GUCA2B;GUCY2D;GUCY2F;HABP2;HAND1;HAO1;HAO2;HAS1;HAVCR1;HBA1;HBE1;HBG2;HBM;HBQ1;HCN1;HCN4;HCRTR1;HDAC9;HELT;HEPACAM2;HEPHL1;HES7;HGFAC;HHIP;HHLA2;HIGD2B;HLA-DQB2;HLA-G;HMX1;HMX2;HMX3;HOMER2;HOXB1;HOXC10;HOXC12;HOXC8;HOXD1;HPGDS;HPN;HPR;HRH2;HRH3;HRH4;HRK;HS3ST4;HS6ST3;HSD17B2;HSFX4;HSPA4L;HTR1A;HTR1E;HTR2A;HTR3A;HTR3B;HTR3E;HTR5A;HYAL4;IAPP;IBSP;ICOS;IFIT1;IFIT2;IFITM5;IFNA14;IFNA16;IFNA21;IFNA8;IFNB1;IFNK;IFNL1;IFNL2;IGDCC3;IGF2BP1;IGFALS;IGFBP1;IGFL1;IGFL3;IGHA2;IGHV1-58;IGKV1D-42;IGKV5-2;IGKV6D-41;IGLJ5;IGLJ6;IGLL1;IGLV2-33;IGLV3-22;IGSF1;IGSF5;IL12B;IL12RB2;IL13;IL13RA2;IL17C;IL17F;IL17REL;IL1A;IL1RAPL1;IL1RL1;IL20;IL22;IL23A;IL25;IL27;IL36G;IL36RN;IL5;IL5RA;IL9;IMPG1;INA;INCA1;INHBC;INHBE;INS;INSL5;INSL6;INSM1;INSM2;INSYN1;INSYN2A;INSYN2B;IQCA1;IQCF6;IRGC;IRS4;IRX1;IRX3;ISM2;ITGA2B;ITIH2;ITIH3;ITIH4;ITLN2;ITPRID1;IVL;IZUMO1R;KBTBD4;KCNA1;KCNB1;KCNC1;KCNC2;KCNE2;KCNG3;KCNG4;KCNH1;KCNH5;KCNH6;KCNIP4;KCNJ1;KCNJ13;KCNJ16;KCNJ18;KCNJ4;KCNJ6;KCNJ9;KCNK10;KCNK15;KCNK16;KCNK18;KCNK7;KCNK9;KCNQ2;KCNS1;KCNT2;KCNU1;KCNV1;KCNV2;KCTD19;KCTD8;KDM4F;KERA;KHDC3L;KHDRBS2;KIAA0408;KIAA1549L;KIF17;KIF1A;KIF5A;KIR2DL4;KIR3DL3;KISS1;KISS1R;KIT;KL;KLF14;KLF15;KLF18;KLHDC7A;KLHDC7B;KLHL13;KLHL14;KLHL38;KLHL40;KLK11;KLK12;KLK13;KLK14;KLK2;KLK3;KLK5;KLK6;KLK7;KLK8;KLK9;KLRB1;KLRC3;KNDC1;KPRP;KRT1;KRT13;KRT14;KRT16;KRT2;KRT24;KRT3;KRT31;KRT32;KRT33A;KRT33B;KRT34;KRT37;KRT5;KRT71;KRT74;KRT79;KRT81;KRT82;KRT83;KRT84;KRT85;KRT9;KRTAP1-1;KRTAP1-3;KRTAP1-4;KRTAP1-5;KRTAP10-1;KRTAP10-11;KRTAP10-7;KRTAP10-8;KRTAP11-1;KRTAP13-2;KRTAP13-3;KRTAP15-1;KRTAP19-2;KRTAP19-4;KRTAP19-5;KRTAP2-2;KRTAP2-3;KRTAP2-4;KRTAP20-1;KRTAP20-2;KRTAP20-3;KRTAP20-4;KRTAP21-2;KRTAP21-3;KRTAP22-1;KRTAP23-1;KRTAP24-1;KRTAP26-1;KRTAP3-1;KRTAP4-12;KRTAP4-3;KRTAP4-4;KRTAP4-5;KRTAP4-6;KRTAP4-7;KRTAP5-1;KRTAP5-10;KRTAP6-1;KRTAP6-2;KRTAP6-3;KRTAP7-1;KRTAP8-1;KRTAP9-3;KRTAP9-7;KRTDAP;L1CAM;LAIR2;LALBA;LAMP5;LARP6;LBHD2;LBX1;LCE1A;LCE1B;LCE1C;LCE1D;LCE2A;LCE3C;LCE3D;LCE3E;LCE4A;LCN10;LCN6;LCN9;LCT;LCTL;LDHC;LDLRAD1;LELP1;LEUTX;LGALS14;LGALS16;LGALS2;LGALS7;LHFPL4;LHX1;LHX2;LHX3;LHX5;LHX9;LILRA4;LIM2;LINC02218;LINGO2;LINGO3;LIPC;LKAAEAR1;LMAN1L;LMOD2;LONRF2;LPO;LRAT;LRCOL1;LRFN2;LRFN5;LRIT2;LRP1B;LRRC10;LRRC14B;LRRC30;LRRC38;LRRC63;LRRC66;LRRTM1;LRRTM3;LRTM1;LSMEM2;LTA;LTK;LUZP2;LUZP4;LVRN;LY6D;LY6L;LYNX1;LYPD2;LYPD4;LYZL6;MAB21L1;MAG;MAGEA1;MAGEA10;MAGEA12;MAGEA4;MAGEA8;MAGEA9B;MAGEB1;MAGEB10;MAGEB17;MAGEB3;MAGEB5;MAGEB6;MAGEB6B;MAGEC1;MAGEE1;MAGEE2;MAGEL2;MAL;MALRD1;MAP2;MAP3K15;MAP9;MAPK6;MAPT;MAS1;MATN1;MATN3;MBD3L2B;MBL2;MC2R;MC5R;MCEMP1;MCHR2;MDFIC2;MDGA2;MDH1B;MEDAG;MEI4;MEP1B;METTL21C;MFRP;MGAM;MGAM2;MGAT3;MGAT4D;MINAR2;MINDY4B;MIOX;MIXL1;MKRN3;MLC1;MLF1;MLN;MMD2;MMP10;MMP13;MMP20;MMP25;MMP27;MMRN1;MOGAT1;MORN5;MPL;MPO;MRAP;MRGPRD;MRGPRG;MRGPRX1;MRGPRX3;MROH2A;MROH2B;MROH9;MS4A10;MS4A12;MS4A15;MS4A18;MSGN1;MSH4;MSLN;MSLNL;MSMB;MT4;MTNR1B;MUC15;MUC16;MUC17;MUC21;MUC22;MUCL1;MYBPC2;MYBPH;MYH1;MYH2;MYH4;MYH6;MYH7B;MYH8;MYL1;MYL4;MYL7;MYLK2;MYMK;MYO1H;MYOD1;MYOG;MYOM2;MYOT;MYOZ3;MYRFL;MYSM1;MYT1;MYT1L;NANOGNB;NANOS2;NAP1L2;NAP1L3;NAT16;NAT8;NCAN;NCBP2L;NCCRP1;NCR1;NDST4;NDUFA4L2;NECAB1;NEFL;NEFM;NEURL1;NEURL3;NEUROD1;NEUROD2;NEUROD4;NEUROG1;NGB;NHLH2;NHLRC4;NIBAN3;NIM1K;NIPAL4;NKAIN2;NKX1-1;NKX2-1;NKX2-2;NKX2-4;NKX2-5;NKX2-6;NKX2-8;NKX6-2;NKX6-3;NLGN1;NLRP10;NLRP11;NLRP2;NLRP4;NLRP5;NME5;NME8;NME9;NMRK2;NMS;NMUR1;NMUR2;NNAT;NOBOX;NODAL;NOG;NOL4;NOS1;NOTO;NOTUM;NOX3;NOX5;NPAP1;NPAS4;NPBWR2;NPC1L1;NPHS1;NPHS2;NPPA;NPPB;NPPC;NPS;NPTX1;NPY;NPY1R;NPY4R2;NPY5R;NR0B1;NR1D2;NR1I3;NR2E1;NRAP;NRG2;NRSN1;NRTN;NRXN1;NSG2;NT5C1B;NTN3;NTS;NTSR1;NTSR2;NUPR2;NWD2;NXNL1;NXNL2;NXPH2;NYX;OC90;OCSTAMP;ODF3;ODF3L1;ODF4;ODR4;OGDHL;OLFM3;OLIG2;OLIG3;ONECUT3;OOSP4A;OPALIN;OPN1LW;OPN5;OPRD1;OPRK1;OPRM1;OPRPN;OPTC;OR10A3;OR10A4;OR10A5;OR10A6;OR10AD1;OR10AG1;OR10C1;OR10G2;OR10G3;OR10H1;OR10H5;OR10J1;OR10J5;OR10K1;OR10K2;OR10P1;OR10S1;OR10V1;OR10X1;OR10Z1;OR11A1;OR11L1;OR12D2;OR12D3;OR13C8;OR13C9;OR13F1;OR13H1;OR13J1;OR14A2;OR14C36;OR14I1;OR14K1;OR1D2;OR1D5;OR1E2;OR1F1;OR1G1;OR1I1;OR1J1;OR1L1;OR1L3;OR1L4;OR1L8;OR1M1;OR1N1;OR1S1;OR2A12;OR2A2;OR2A25;OR2AG1;OR2AJ1;OR2AP1;OR2B2;OR2B3;OR2B6;OR2C3;OR2F2;OR2G2;OR2G3;OR2G6;OR2I1P;OR2J2;OR2L13;OR2L3;OR2L5;OR2M2;OR2M3;OR2M4;OR2M7;OR2T1;OR2T10;OR2T11;OR2T12;OR2T35;OR2T4;OR2T5;OR2T6;OR2T8;OR2V1;OR2W1;OR2Y1;OR2Z1;OR3A1;OR3A3;OR4A15;OR4A5;OR4C11;OR4C3;OR4C46;OR4C5;OR4C6;OR4D11;OR4D2;OR4D5;OR4D6;OR4D9;OR4E1;OR4K1;OR4K14;OR4K17;OR4N5;OR4P4;OR4Q3;OR4S2;OR4X2;OR51A4;OR51A7;OR51B2;OR51B4;OR51B6;OR51C1P;OR51F1;OR51F2;OR51G1;OR51G2;OR51I2;OR51L1;OR51M1;OR51Q1;OR52A1;OR52A5;OR52B2;OR52B4;OR52B6;OR52D1;OR52E2;OR52E4;OR52E8;OR52I1;OR52I2;OR52K1;OR52L1;OR52M1;OR52N5;OR52W1;OR56A1;OR56A3;OR56A4;OR5A1;OR5AC2;OR5AP2;OR5AR1;OR5AS1;OR5B17;OR5B3;OR5C1;OR5D13;OR5D14;OR5D16;OR5D18;OR5D3P;OR5F1;OR5H15;OR5H6;OR5K4;OR5L1;OR5M1;OR5M3;OR5M8;OR5M9;OR5P2;OR5T1;OR5V1;OR6B2;OR6B3;OR6C1;OR6C4;OR6C6;OR6C65;OR6C74;OR6C75;OR6F1;OR6J1;OR6K2;OR6K3;OR6K6;OR6M1;OR6N1;OR6N2;OR6P1;OR6S1;OR6Y1;OR7C2;OR7D2;OR7D4;OR7E24;OR7G1;OR7G3;OR8B4;OR8B8;OR8D2;OR8G1;OR8G5;OR8H2;OR8H3;OR8K1;OR8S1;OR8U1;OR9A2;OR9A4;OR9I1;OTOG;OTOP1;OTOP2;OTOP3;OTOR;OTP;OTUD6A;OTX1;OTX2;OVCH1;OVCH2;OVOL3;P2RX2;P2RX3;P2RX5;P2RX6;PABPC1L2B;PABPC4L;PABPN1L;PACSIN1;PADI1;PADI3;PADI6;PAGE3;PAGE4;PAK5;PANX3;PAPPA;PAPPA2;PAQR9;PASD1;PAX2;PAX3;PAX4;PAX5;PAX7;PAX8;PCDH10;PCDH11X;PCDH20;PCDH8;PCDHA1;PCDHA13;PCDHA4;PCDHA5;PCDHB10;PCDHGA1;PCDHGA4;PCDHGA8;PCDHGB1;PCDHGB5;PCOLCE2;PCSK1N;PDE1C;PDE6A;PDHA2;PDILT;PDYN;PEG3;PEX5L;PFN3;PGA5;PGAM2;PGLYRP1;PGLYRP2;PGLYRP4;PGPEP1L;PGR;PHEX;PHF21B;PHF24;PHOX2A;PHOX2B;PI15;PI16;PIANP;PIK3C2G;PIP5KL1;PIRT;PKD1L3;PKD2L2;PKLR;PLA2G2E;PLA2G3;PLA2G4D;PLA2G4E;PLAC8L1;PLCH2;PLCXD3;PLD5;PLEKHD1;PLEKHG4B;PLGLB2;PLIN4;PLK5;PLP1;PLPPR3;PLPPR4;PMCH;PMP2;PNCK;PNLIP;PNLIPRP3;PNMA3;PNMA5;PNMA6E;PNPLA3;PNPLA5;POM121L12;POMC;PON3;POPDC3;POU3F1;POU3F2;POU4F2;POU6F2;PP2D1;PPM1E;PPP1R17;PPP1R2C;PPP1R3A;PPP2R2C;PPP4R3C;PPP4R4;PRAME;PRAMEF12;PRAMEF19;PRAMEF20;PRAMEF27;PRAMEF33;PRB4;PRCD;PRDM12;PRDM13;PRDM14;PRIMA1;PRKACG;PRLH;PRLHR;PRM1;PRM3;PRMT8;PRND;PRODH2;PROK1;PROK2;PROKR1;PROKR2;PROP1;PROX2;PRPH;PRPH2;PRR18;PRR19;PRR23B;PRR23C;PRR30;PRR32;PRR9;PRSS1;PRSS35;PRSS37;PRSS38;PRSS48;PRSS54;PRSS56;PRSS57;PRTN3;PSAPL1;PSD2;PSG11;PSG3;PSG7;PSKH2;PSMA8;PSMB11;PTCRA;PTF1A;PTGDR2;PTGFR;PTH;PTH1R;PTH2;PTPN5;PTX4;PVALEF;PWWP3B;PYGM;PYY;PZP;QRFP;QRFPR;RAB3B;RAB40AL;RAB41;RAB44;RAB6C;RAD21L1;RAG1;RAG2;RALGAPA2;RALYL;RASGEF1A;RASIP1;RASSF2;RASSF9;RAX;RAX2;RBFOX3;RBM46;RBMXL2;RBMXL3;RBP3;RBPJL;RD3;RD3L;RDH12;REG1B;REN;RERGL;RESF1;RFK;RFPL2;RFX6;RGL4;RGS13;RGS18;RGS22;RGS7;RHAG;RHBDL3;RHD;RHO;RHOXF1;RIMS2;RIPPLY1;RIT2;RLN3;RNASE3;RNASE8;RNASE9;RNF175;RNF222;RNF223;RNF224;RNF39;RP1L1;RP2;RPE65;RPGRIP1;RPRML;RPTN;RS1;RSPH4A;RSPO2;RTL1;RTL3;RTL4;RTL9;RTN4RL1;RTP1;RTP2;RTP3;RUNDC3A;RXFP3;RYR3;S100A5;S100A7;S100A7A;S100G;SAA4;SAGE1;SALL3;SAMD7;SAXO1;SBK2;SBK3;SBSN;SCG3;SCGB1D2;SCGN;SCML4;SCN10A;SCN3A;SCN3B;SCN4B;SCP2D1;SCRT1;SCRT2;SCT;SCYGR4;SCYGR8;SDHAF1;SDR42E2;SDR9C7;SEBOX;SEC14L4;SEC14L5;SEMA3E;SEMA6D;SEMG2;SERPINA11;SERPINA3;SERPINA4;SERPINA5;SERPINA6;SERPINA7;SERPINA9;SERPINB11;SERPINB12;SERPINB13;SERPINB2;SERPINB3;SERPINB5;SERPINB7;SERPINE3;SERTM1;SERTM2;SEZ6;SEZ6L;SFTA2;SFTPB;SFTPC;SFTPD;SH2D1B;SH2D4B;SH2D6;SH2D7;SH3GL2;SHBG;SHISA3;SHISA7;SHISA8;SHISAL2B;SHOC1;SI;SIGLEC14;SIGLECL1;SIM1;SIRT4;SIX1;SIX3;SIX4;SIX6;SKOR2;SLC10A1;SLC10A4;SLC13A1;SLC13A4;SLC13A5;SLC14A1;SLC14A2;SLC15A1;SLC15A5;SLC16A7;SLC16A8;SLC17A3;SLC17A4;SLC17A7;SLC18A2;SLC18A3;SLC1A6;SLC22A12;SLC22A2;SLC22A24;SLC22A31;SLC22A6;SLC22A7;SLC22A8;SLC22A9;SLC23A1;SLC24A5;SLC25A21;SLC25A34;SLC25A47;SLC26A5;SLC26A9;SLC28A1;SLC28A2;SLC30A10;SLC30A2;SLC30A3;SLC34A2;SLC35G3;SLC35G5;SLC36A2;SLC36A3;SLC38A3;SLC45A2;SLC4A10;SLC4A4;SLC51A;SLC51B;SLC5A10;SLC5A11;SLC5A2;SLC5A5;SLC5A8;SLC6A13;SLC6A14;SLC6A16;SLC6A18;SLC6A19;SLC6A5;SLC7A10;SLC7A14;SLC7A3;SLC7A9;SLC8A2;SLC9A4;SLCO1A2;SLCO1C1;SLCO6A1;SLIT1;SLITRK1;SLITRK3;SLITRK5;SLN;SLURP1;SMCP;SMIM10L2A;SMIM18;SMIM2;SMIM21;SMIM23;SMIM36;SMN1;SMTNL1;SMTNL2;SNCB;SNPH;SNTG2;SNX31;SNX32;SOAT2;SOHLH1;SORCS1;SORCS3;SOST;SOX10;SOX11;SOX2;SOX3;SOX8;SP7;SP8;SP9;SPACA1;SPACA4;SPACA5;SPANXB1;SPANXD;SPANXN3;SPANXN4;SPANXN5;SPATA19;SPATA22;SPATA3;SPATA31A6;SPATA31D1;SPATA31D3;SPATS1;SPDEF;SPDYE4;SPEM1;SPEM2;SPEM3;SPHKAP;SPINK13;SPINK14;SPINK4;SPINK9;SPO11;SPOCK3;SPP2;SPRR1B;SPRR2A;SPRR2D;SPRR2F;SPRR2G;SPRR3;SPRR4;SPRR5;SPSB4;SPTB;SRARP;SRPK3;SRRM4;SRRM5;SRY;SST;SSTR2;SSTR4;SSX3;SSX5;ST18;ST8SIA2;ST8SIA3;ST8SIA5;STK31;STK32A;STKLD1;STMN4;STMP1;STPG3;STRA8;STRIT1;SUGCT;SULT2A1;SULT4A1;SUN5;SVOP;SYCN;SYCP1;SYN1;SYN2;SYNDIG1L;SYNGR4;SYNPO2L;SYPL2;SYT1;SYT14;SYT2;SYT4;SYT5;SYT6;SYT8;TAAR1;TAAR2;TAAR6;TAAR9;TAC1;TACR1;TACR3;TACSTD2;TAF11L11;TAF11L13;TAF11L14;TAFA1;TAFA3;TARM1;TAS1R1;TAS1R2;TAS1R3;TAS2R1;TAS2R16;TAS2R4;TAS2R8;TBATA;TBR1;TBX10;TBX20;TBX21;TBX5;TCEAL2;TCEAL7;TCF15;TCHHL1;TCL1B;TCN1;TCTE1;TDRD1;TDRD6;TECRL;TEDDM1;TEKT2;TEKT4;TENT5D;TEPP;TERB1;TERB2;TERT;TEX101;TEX11;TEX13A;TEX13B;TEX13C;TEX14;TEX15;TEX28;TEX37;TEX38;TEX44;TEX45;TEX47;TEX48;TEX49;TEX50;TEX51;TFAP2D;TGIF2LX;TGM3;TGM5;TGM6;THEGL;THEM5;TIFAB;TIMD4;TIPARP;TLCD3B;TLE7;TLR10;TLX2;TLX3;TM4SF4;TMC2;TMC3;TMCO5A;TMEM100;TMEM114;TMEM132B;TMEM132C;TMEM151B;TMEM17;TMEM174;TMEM179;TMEM202;TMEM207;TMEM213;TMEM215;TMEM221;TMEM225;TMEM225B;TMEM229A;TMEM233;TMEM235;TMEM239;TMEM247;TMEM26;TMEM262;TMEM271;TMEM275;TMEM47;TMEM52B;TMEM59L;TMEM61;TMEM63C;TMEM74;TMEM88B;TMIE;TMPRSS11D;TMPRSS15;TMPRSS6;TMPRSS7;TMPRSS9;TMSB15B;TMTC1;TNFSF18;TNN;TNNC1;TNNI1;TNNI3K;TNNT1;TNNT2;TNP1;TNR;TOGARAM2;TOPAZ1;TP63;TPD52L3;TPH1;TPH2;TPO;TPPP2;TPRX1;TPSD1;TPSG1;TRAPPC3L;TRARG1;TRAV12-2;TRAV16;TRAV17;TRAV2;TRAV20;TRAV24;TRAV26-2;TRAV34;TRAV38-1;TRAV39;TRAV7;TRAV8-1;TRAV9-1;TRBV10-2;TRBV10-3;TRBV11-1;TRBV11-3;TRBV12-5;TRBV2;TRBV30;TRBV4-1;TRBV7-1;TRBV7-3;TRBV7-9;TRBV9;TRDJ1;TRDJ3;TRDV1;TRDV2;TREML1;TREML2;TREX2;TRGC1;TRGV11;TRH;TRHR;TRIM17;TRIM42;TRIM55;TRIM6;TRIM63;TRIM64C;TRIM67;TRIM71;TRIM72;TRIML1;TRIML2;TRPC5;TRPC6;TRPC7;TRPM1;TRPM3;TRPV3;TRPV6;TSGA10IP;TSHB;TSHR;TSLP;TSNAXIP1;TSPAN10;TSPAN19;TSPYL6;TSSK2;TTBK1;TTC24;TTC34;TTC9;TTC9B;TTLL7;TTLL8;TTYH1;TUBA3E;TUBB1;TULP1;TXNDC8;TYR;UCN2;UCN3;UCP1;UGT1A1;UGT2A1;UGT2B7;UGT3A1;UMOD;UMODL1;UNC13A;UNC45B;UNC5A;UNC5C;UNC80;UNC93A;UNCX;UPK1B;UPK2;USH1G;UTF1;UTS2;UTS2R;VAX1;VAX2;VEGFD;VEPH1;VGLL2;VIPR2;VIT;VN1R1;VN1R2;VPREB1;VSIG1;VSIG10L;VSIG10L2;VSTM1;VSTM2A;VSTM2B;VSTM5;VSX1;VSX2;VWA3B;VWA5B1;VWA5B2;WDR49;WEE2;WFDC10A;WFDC11;WFDC12;WFIKKN1;WNT1;WNT10B;WNT16;WNT3A;WNT6;WNT7A;WNT8A;WNT9A;XAGE5;XCL1;XIRP1;XKR3;XKR5;YIPF7;ZACN;ZAN;ZAR1;ZBED2;ZBTB8B;ZC2HC1B;ZCCHC12;ZCCHC13;ZDHHC22;ZFP57;ZFP92;ZFR2;ZG16;ZIC1;ZIC3;ZIC4;ZIM3;ZMAT4;ZMYND10;ZNF157;ZNF215;ZNF229;ZNF230;ZNF256;ZNF280A;ZNF280B;ZNF334;ZNF491;ZNF534;ZNF536;ZNF540;ZNF575;ZNF578;ZNF648;ZNF676;ZNF679;ZNF711;ZNF716;ZNF750;ZNF80;ZNF843;ZNRF4;ZPBP;ZPLD1;ZSCAN1;ZSCAN23;ZSCAN4;ZSCAN5C
0034_HTAN_8270_AS_3_filtered_trimmed.h5ad	HTAN_VANDERBILT_CRC::PATIENT::8abcbad99198901e	85	ACSM5;ALAS2;APOH;ATP2B3;AVPR2;BHLHA9;C12orf56;C13orf42;C6orf118;CACNA1B;CCER1;CCL1;CCL26;CCL8;CDH26;CLEC2L;COL22A1;CPLX2;CRHR2;CTNND2;CYP3A7;DCC;DRD3;ECEL1;ENPP7;ERP27;FRMPD3;FSTL4;GNMT;GOLGA6L7;GPR26;GRIK5;HAO2;HBE1;HCN4;IGHV5-10-1;IL25;ITIH3;KBTBD13;KIF1A;KRT2;KRTAP10-8;L1CAM;LCN10;MRAP;MUCL1;NKAIN1;NRAP;ORM1;PLAAT5;PLEKHD1;POM121L12;POU3F4;PRCD;PTH2;PYGM;RFPL2;RNF113B;RYR1;SCRT1;SHISA6;SKOR2;SLC13A1;SLC17A6;SLC18A2;SLC5A8;SLC7A10;SLIT1;SPACA5;ST18;SULT4A1;SYNDIG1L;SYT11;TBR1;TEPP;TMEM225B;TMEM235;TRAV34;TRAV38-1;TRGV11;TTLL7;UNC5C;UTF1;ZNF385D;ZNF648
0035_HTAN_8270_AS_6_filtered_trimmed.h5ad	HTAN_VANDERBILT_CRC::PATIENT::8d0d8f21b233f35b	106	A3GALT2;ACP4;ACP7;ANGPTL7;ANKRD60;APOH;ASB10;ASB5;ATP2B3;AWAT1;C10orf120;C14orf180;C22orf31;CABP5;CARTPT;CCR6;CER1;CFAP73;COX6A2;CPA1;CTNND2;CTXND1;DCD;DNAJB8;DYNAP;EVX2;FAM90A26;FGF14;FOXI2;FSHB;GFRA4;GPR149;GSTA3;HAND1;HAO2;HBE1;HCN1;HCRTR1;HLA-DRB1;HLA-DRB5;IFNA14;IFNA8;IGLJ6;IGLV2-33;KLHL40;KPRP;KRTAP5-1;LCE2B;LCE3C;LHX3;LRTM1;MC5R;MRGPRG;MUC22;MYMK;MYOD1;NKX2-1;NKX2-6;NLRP4;NR0B1;ODF3;OLIG3;ONECUT3;OR1E2;OR1L8;OR1N2;OR2T35;OR4P4;OR51G1;OR52E4;OR5H15;OR5M3;OR6B3;OR6K3;OR6M1;OR7A5;OR9I1;OTOL1;OTOP1;PHF21B;PKD2L1;PKD2L2;PLD5;PRAMEF20;PRAMEF27;PRM2;PROP1;RANBP3L;RGL4;SLC22A24;SLITRK1;SMIM18;SPACA5;SYCP1;TBL1Y;TBR1;TBX4;TEPP;TRARG1;TRBV11-1;UMOD;VGLL2;ZIC1;ZIC5;ZNF491;ZSCAN5C
0036_HTAN_8270_AS_7_filtered_trimmed.h5ad	HTAN_VANDERBILT_CRC::PATIENT::8d0d8f21b233f35b	248	ACP7;ACTL7A;ADIPOQ;AHSP;AIPL1;ALOX12;AMER2;ANKRD30B;ANKRD34C;ANKRD60;ANKUB1;APOBEC2;AQP4;ARL14EPL;ARSF;ASB5;ATP2B3;AVP;BEX1;BPIFB2;BRDT;C11orf87;C11orf97;C12orf56;C14orf180;C1orf94;C22orf42;C6orf118;CACNG6;CADM2;CASP14;CAV3;CCDC182;CDH10;CDX4;CELF4;CETN1;CHRNA2;CLDN19;CLEC3A;CNGA2;COX6A2;CPNE4;CPXCR1;CRHBP;CT47B1;CTRB2;CTXND1;CYLC1;CYP1A2;CYP2A13;DCAF8L2;DEFB112;DEFB116;DEFB123;DLK1;DNAJB8;DPPA2;DYNAP;ENAM;ENPP7;FABP9;FAM151A;FERD3L;FOXB2;FOXI2;FSHB;GAB4;GALNT9;GFY;GGTLC1;GIMD1;GLRA1;GOLGA6L7;GPR26;GPR32;GPR6;GPX6;GSC2;GSG1L;HBE1;HCN1;HCRTR1;HLA-DRB5;HOXC12;HS6ST3;HTR2C;HTR5A;IGKV1D-42;IGLJ5;INSL6;IQCF6;IRX4;IRX6;KBTBD13;KCNH5;KCNK16;KCNK18;KLHL40;KLK12;KRTAP10-7;KRTAP13-3;KRTAP19-2;KRTAP19-4;KRTAP20-2;KRTAP20-3;KRTAP23-1;KRTAP26-1;LBX1;LCE1A;LCE3C;LCN8;LGALS7;LIM2;LRIT1;LRRC30;LYPD4;LYZL6;MAGEE2;MC5R;MPL;MPPED1;MRAP;MRGPRE;MS4A10;MUC22;MYOG;MYT1L;NAT16;NCAN;NDST4;NGB;NKX2-5;NKX2-6;NKX6-2;NLRP10;NLRP4;NLRP8;NPY;NT5C1B;NXNL1;NYX;ODF4;OPRD1;OPRK1;OR10A5;OR10H5;OR10J1;OR11A1;OR11H4;OR12D3;OR1D2;OR1L8;OR1N2;OR2G2;OR2M4;OR2T1;OR2T35;OR2T4;OR3A3;OR4C11;OR4D2;OR4D9;OR4N5;OR51B6;OR51I2;OR51M1;OR51V1;OR52E4;OR52N2;OR5A1;OR5AC2;OR5AP2;OR5D14;OR5D16;OR5H15;OR5M3;OR5V1;OR6C65;OR6C74;OR6K2;OR7G3;OR9I1;PAGE3;PASD1;PATE3;PAX2;PDHA2;PHF21B;PIK3C2G;PNLIPRP3;PNPLA5;PRAMEF12;PRAMEF27;PRLH;PRM1;PRR23C;PRTN3;PTH2;PVALEF;PYDC1;RASSF9;RAX2;RBMXL2;RFPL2;RIMS4;RNF113B;RYR3;SALL3;SBK2;SCRT2;SEL1L2;SKOR2;SLC13A1;SLC17A6;SLC22A2;SLC35G3;SLC6A5;SLC7A14;SPEM1;SRY;SSTR4;SYCP1;TAAR1;TAAR6;TAF11L14;TBL1Y;TEPP;TEX15;TEX44;TEX47;TGM5;TMCO5A;TMEM114;TMEM174;TNP1;TOPAZ1;TPD52L3;TRH;TRPC5;UNC80;VGLL2;ZBTB8B;ZDHHC22;ZFR2;ZIC4;ZNRF4;ZP1
0037_HTAN_7794_AS_1_filtered_trimmed_WD33476.h5ad	HTAN_VANDERBILT_CRC::PATIENT::94567531ae08aa59	745	AADACL3;ABCG4;ABHD16B;ACAN;ACER1;ACSBG2;ACSM5;ACTL6B;ACTL7B;ACTL9;ACTRT1;ADAMTS8;ADGRA1;ADRA2B;AFP;AGTR2;ALPG;ALPI;ALPK3;AMER3;AMZ1;ANGPT1;ANKLE1;ANKRD30B;ANXA13;APOBEC2;AQP2;AQP5;ARHGEF19;ARR3;ASCL1;ASCL3;ASCL4;ASIC2;ASPG;ASTN1;ATG9B;ATP1B4;ATP2B3;ATP8A2;ATXN3L;AVP;AVPR1B;AWAT1;BCAN;BCO1;BHLHE23;BRDT;BRINP3;BTBD17;C10orf62;C11orf86;C11orf97;C13orf42;C14orf180;C16orf78;C1QL2;C22orf31;C22orf42;C2CD4C;C3orf56;C3orf80;C4BPA;C4orf36;C6orf118;C8orf74;CABP7;CACNA1G;CACNG6;CACNG7;CALHM3;CALML5;CAND2;CASP14;CAV3;CCDC172;CCDC177;CCDC188;CCDC201;CCL1;CCR6;CD1C;CD207;CD5L;CD69;CDH22;CDK5R2;CEACAM21;CELA3A;CELF4;CES5A;CETP;CFAP100;CFAP73;CHGA;CHGB;CHP2;CHRM2;CHRNA2;CHRNB2;CHRND;CHRNG;CHST13;CHST8;CILP;CLC;CLCN1;CLDN17;CLDN19;CLDN8;CLEC3A;CLEC4C;CLRN1;CMTM2;CNBD1;CNGB1;CNTN3;CNTNAP2;COL25A1;COL9A3;CPN2;CPXCR1;CR1;CRHR1;CRNN;CRTAC1;CRYBB1;CSRP3;CST6;CST9;CST9L;CTNND2;CTRB1;CTRB2;CTSG;CTXN2;CTXND1;CUX2;CXCR5;CYP11A1;CYP11B1;CYP24A1;CYP2A13;CYP2W1;CYP3A7;CYP46A1;CYP4A11;CYP8B1;DAND5;DBH;DCAF12L2;DCAF4L2;DCC;DCX;DDI1;DDX53;DEFA4;DEFB123;DKKL1;DLEU7;DLGAP2;DLX3;DNAI2;DNMT3L;DPPA2;EBF2;EDN3;EGR4;ELAVL3;ELAVL4;EMX1;EMX2;ENAM;ENPP7;EPHA8;ERCC6L;ERVV-2;ESX1;FAM163A;FAM170A;FAM43B;FAM47B;FAT2;FCRL4;FFAR1;FGF16;FGF23;FGF3;FIGLA;FOXB1;FOXE1;FOXE3;FOXG1;FOXI1;FOXI2;FOXL2NB;FOXP3;FRMPD3;FSHB;FTHL17;FTMT;FUT7;GABRP;GABRQ;GAL3ST3;GALP;GAS2L2;GAST;GCK;GDF5;GFI1B;GFRA2;GGTLC1;GHSR;GJA8;GLI2;GLRA1;GNAZ;GNRHR;GOLGA6L7;GOT1L1;GPR143;GPR158;GPR32;GPR42;GPR50;GPR62;GPR78;GPR88;GREM2;GRIA1;GRIFIN;GRIP2;GRK7;GRM2;GRM6;GSC;GSDMC;GSG1L;GUCY2D;HAO2;HAP1;HAPLN4;HBE1;HBM;HCN1;HCN4;HCRTR1;HDGFL1;HGFAC;HHLA1;HIGD2B;HLA-A;HLA-DQB2;HMGCLL1;HMX2;HOGA1;HOXB1;HRH3;HS3ST4;HTR1A;HTR2C;HTRA4;HUNK;IFITM5;IFNG;IFNL1;IFNW1;IGFL3;IGKV6D-41;IGLL1;IL12B;IL12RB1;IL13;IL22;IL22RA2;IL36G;IL36RN;IL37;IL9;IMPG1;INS;INSC;INSL5;INSYN2A;INSYN2B;IQCF6;IRS4;IRX2;IRX6;ISLR2;ITGA2B;ITIH2;ITIH4;KBTBD13;KCNB1;KCNH6;KCNJ9;KCNK15;KCNK18;KCNS1;KCNU1;KCNV2;KDM4F;KIF1A;KLHDC7A;KLHL34;KLHL40;KLK14;KLK8;KNDC1;KRT2;KRT26;KRT37;KRT71;KRT72;KRT74;KRT75;KRT9;KRTAP10-11;KRTAP10-7;KRTAP10-8;KRTAP11-1;KRTAP12-4;KRTAP15-1;KRTAP19-2;KRTAP19-4;KRTAP19-5;KRTAP2-2;KRTAP21-2;KRTAP23-1;KRTAP24-1;KRTAP26-1;KRTAP4-3;KRTAP4-7;KRTAP6-3;KRTAP7-1;KRTDAP;LCE1D;LCN10;LELP1;LEUTX;LGALS14;LHX1;LHX3;LIM2;LINGO3;LMAN1L;LRIT2;LRRC10;LRRC30;LRRC38;LRRC43;LSMEM2;LY6L;MAB21L1;MAGEA1;MAGEA11;MAGEA4;MAGEA8;MAGEB10;MAGEB18;MAGEB2;MAGEB5;MAGEB6B;MAGEC1;MAGEE1;MAP3K15;MAP6;MAT1A;MATN1;MBD3L2B;MCHR2;MEGF11;MEI4;MINDY4B;MIXL1;MKRN3;MLN;MMP20;MMP25;MOGAT3;MPL;MRGPRE;MS4A10;MSLNL;MTNR1B;MTTP;MUC16;MUC17;MUCL1;MXRA5;MYBPH;MYH6;MYH7B;MYL2;MYLK2;MYMK;MYOC;MYT1;NANOS2;NAP1L2;NAT16;NCAN;NCBP2L;NELL1;NEU2;NEUROD1;NGB;NKAIN1;NKX2-4;NKX2-5;NKX2-6;NMS;NODAL;NOTUM;NOX5;NPAS4;NPBWR2;NR5A1;NRAP;NRSN1;NT5C1A;NUDT10;NYX;OCSTAMP;ODF3;ODF4;OLIG3;ONECUT3;OPN1LW;OPRD1;OPTC;OR10A4;OR10G2;OR10G3;OR10G4;OR10G6;OR10G9;OR10Z1;OR1C1;OR1L8;OR1M1;OR1N2;OR2A25;OR2A5;OR2AP1;OR2M2;OR2M4;OR2T35;OR2V1;OR2W1;OR2Z1;OR3A1;OR4A15;OR4C13;OR4C46;OR4D9;OR4K14;OR4K17;OR4X1;OR51B4;OR51C1P;OR51L1;OR51M1;OR52B4;OR52W1;OR56A1;OR5A1;OR5C1;OR5D13;OR5D14;OR5K4;OR5L1;OR6C1;OR8B4;OR8G1;OR9A2;OTOG;OTOP1;OTOP2;OTOP3;OTUD6A;OVCH1;P3R3URF;PASD1;PATE1;PAX2;PAX4;PCDH11X;PCDHGB5;PCYT1B;PDE6G;PDILT;PDYN;PFN3;PGBD5;PGLYRP2;PGPEP1L;PHF21B;PHOX2A;PIRT;PIWIL2;PIWIL3;PKD1L3;PKD2L2;PLCXD3;PLD5;PLEKHD1;PLK5;PNCK;PNMA3;PNMA6E;PNMA8B;PNPLA5;POM121L12;POMC;POU3F2;POU3F4;POU4F2;PPP1R1A;PPP4R3C;PRAMEF27;PRDM12;PRDM14;PRDM9;PRLH;PRLHR;PRM1;PRM3;PROP1;PROX2;PRR23C;PRR30;PRR33;PRSS38;PRTFDC1;PSKH2;PSMB11;PTF1A;PTGDR2;PVALEF;PWWP3B;PYY;QRFP;RAB6C;RADIL;RANBP3L;RAX;RAX2;RBFOX3;RBMXL2;RBMXL3;RBP3;RBPJL;REN;RFPL2;RFX6;RGL4;RLN3;RNASE8;RNF175;RS1;RSPH10B2;RSPO4;RTL1;RTL4;RTL9;RTP1;RXFP3;RYR1;SALL3;SBK2;SCP2D1;SCRT1;SCRT2;SCUBE1;SCUBE3;SCYGR8;SEC14L4;SERPINA4;SERPINA5;SERPINA6;SERPINA9;SFRP5;SFTPB;SFTPC;SGCD;SH2D1B;SH2D4B;SHISA9;SHOX;SIGLEC14;SKOR2;SLC13A2;SLC13A5;SLC16A8;SLC17A3;SLC18A2;SLC18A3;SLC22A12;SLC22A2;SLC22A6;SLC24A5;SLC28A1;SLC28A2;SLC30A3;SLC45A2;SLC47A2;SLC5A10;SLC5A5;SLC6A18;SLC6A4;SLC6A5;SLC7A10;SLC7A3;SLC7A4;SLC9A4;SLURP1;SLURP2;SMCP;SMIM23;SMN1;SMTNL2;SNAI3;SNX32;SOAT2;SORCS3;SOST;SOSTDC1;SOX2;SOX3;SPACA1;SPACA5;SPANXN5;SPATA19;SPATA3;SPEF1;SPINK14;SPRR2G;SPSB4;SRARP;SRY;SSTR4;ST18;ST8SIA5;SYNDIG1L;SYT2;SYT5;SYT6;TACR3;TAFA1;TAFA3;TAS1R2;TAS1R3;TBATA;TBL1Y;TBX10;TBX22;TCHHL1;TEKT4;TEPP;TESPA1;TEX13D;TEX51;TFAP2D;TGIF2LX;TIAM1;TIFAB;TLE7;TLX1;TMC3;TMEM114;TMEM174;TMEM221;TMEM225B;TMEM235;TMEM239;TMEM247;TMEM271;TMEM275;TMEM35A;TMEM72;TMEM82;TMEM88B;TMIGD2;TMPRSS11D;TMPRSS6;TNFRSF13C;TNFRSF17;TNMD;TNN;TNR;TPRX1;TRABD2B;TRARG1;TRAV12-3;TRAV30;TRAV34;TRAV38-1;TRAV9-1;TRBV12-5;TRBV6-4;TRBV7-1;TRBV7-3;TRIM42;TRPC5;TRPC7;TSNAXIP1;TSPEAR;TTLL6;TTLL7;UGT1A6;UMOD;UMODL1;UNC13A;UNCX;UPK2;USH1G;VN1R2;VSTM1;VSTM2B;VSX2;VTN;VWA5B1;VWC2;WEE2;WIF1;WNT7A;ZIC1;ZIC3;ZIC4;ZIC5;ZMAT4;ZNF157;ZNF385D;ZNF419;ZNF488;ZNF578;ZNF676;ZNF679;ZNRF4;ZPBP;ZPLD1;ZSCAN10
0038_HTAN_7794_AS_1_filtered_trimmed_WD33479.h5ad	HTAN_VANDERBILT_CRC::PATIENT::9af051af377d9c81	363	AARD;ABHD16B;ACP7;ACSM5;ACTRT1;ADARB2;ADGRD2;ADGRG2;ADGRG3;ADRA1A;ADRB3;ALDH3B2;ALX3;AMER3;ANKLE1;ANKRD1;ANKRD30A;APOA5;AQP4;ASB5;ASCL5;ATP2B3;AWAT1;B3GAT2;BMP15;BPIFA1;BRINP2;BTBD17;BTG4;C10orf53;C10orf62;C11orf87;C12orf56;C13orf42;C4BPA;C4orf54;C6orf118;CA6;CACNG2;CACNG6;CALHM3;CALML5;CAPN12;CAV3;CCDC105;CCDC177;CCDC182;CCKBR;CCL1;CCR6;CCT8L2;CD200R1L;CDH26;CDHR4;CFAP73;CHRNA4;CIB4;CLC;CNGA2;CPA5;CPAMD8;CPXCR1;CRCT1;CREB5;CST6;CT47B1;CTNND2;CTRB1;CTXND1;CYP11B1;CYP3A7;DBH;DCAF12L2;DCX;DEFB132;DKKL1;DLX3;DMP1;DNMT3L;EMX1;ENPP7;ERCC6L;EVX2;FAM163B;FAM180B;FCN2;FGF19;FGF3;FOXG1;FOXI1;FREM2;FRMPD3;FSTL4;FUT5;GABRA6;GALNT9;GBX1;GDPD2;GOLGA6L7;GPR6;GRAMD2A;GRIN2A;GRM6;GSG1L2;GUCY2D;HAO2;HAPLN4;HBE1;HCN4;HDGFL1;HMGCLL1;HPN;HS3ST4;HTR1E;HTR2C;IGFBPL1;IGLJ6;IGSF1;IL12B;IL13RA2;IL17REL;IL25;IL5RA;INSM2;IQCF6;IRX6;ITLN2;KCNG4;KCNH6;KCNJ4;KCNS1;KCNS2;KCNV2;KHDC3L;KIF17;KIF1A;KLHDC7A;KLHL34;KNDC1;KNG1;KRT2;KRT5;KRT74;KRT75;KRT82;KRTAP10-1;KRTAP10-11;KRTAP10-7;KRTAP11-1;KRTAP2-2;KRTAP20-2;KRTAP3-1;KRTAP5-1;LBX1;LCE3C;LCE6A;LDLRAD1;LGALS16;LHX2;LHX3;LINGO3;LRRC18;LRRTM1;MAGEA1;MAGEA8;MAGEB17;MAGEB18;MAGEB6B;MAGEC1;MAP3K15;MFRP;MGAT4D;MIXL1;MLC1;MOS;MPC1L;MRGPRG;MS4A10;MSI1;MSLNL;MTNR1B;MUCL1;MYL4;MYL7;MYOC;MYOD1;MYOT;NAT16;NCMAP;NEU2;NGB;NHLH1;NKAIN1;NKX2-5;NPPB;NR0B1;NR5A1;NTSR1;NYX;OC90;ODF3;ODF4;OLIG2;OLIG3;OPN1LW;OR10G2;OR10J1;OR10J5;OR13C8;OR1I1;OR1N2;OR2C3;OR4D6;OR51G2;OR51T1;OR52E4;OR6B3;OR6C74;OR7D4;OR8B4;ORM1;OTOG;OTOP1;OTUD6A;OVCH2;P2RX3;P3R3URF;PABPN1L;PAEP;PASD1;PAX2;PCDH8;PHEX;PHOX2A;PIWIL2;PLAAT2;PLEKHD1;PLP1;PLPPR3;PLPPR5;PNMA5;POU3F4;PPEF1;PPP1R2C;PPP2R2C;PRDM12;PRKACG;PRLH;PRLHR;PRODH2;PRSS56;PTF1A;PTX4;PVALEF;PYDC1;PYY;RAB41;RAB6C;RADIL;RAX2;RETN;RFPL2;RHCG;RHO;RHOXF1;RLN3;RNASE11;RNF223;RP1L1;RSPH10B;RSPH10B2;RSPO4;RXFP3;SALL3;SBK2;SBSN;SCGB3A1;SCRT1;SCRT2;SCYGR8;SDR42E2;SERPINA10;SERPINA7;SERPINB11;SEZ6;SHISA7;SHOX;SIX6;SLC13A1;SLC28A2;SLC30A3;SLC36A2;SLC5A10;SLC5A5;SLC5A8;SLC6A4;SLC7A4;SMCP;SMIM10L2A;SNX32;SOST;SPACA4;SPACA5;SPANXN3;SPEF1;SPINK14;SPRR2G;SRPK3;SRRM4;SSC4D;ST18;ST8SIA5;SVOPL;SYNDIG1L;TAF11L11;TAF11L14;TAS1R2;TAS1R3;TEPP;TERT;TEX13B;TFAP2D;TLX1;TLX2;TMEM151B;TMEM174;TMEM229A;TMEM235;TMEM271;TMEM82;TOGARAM2;TPD52L3;TRAV30;TRAV34;TRAV38-1;TRBV4-2;TRIM17;TRIM42;TRIM54;TRIM67;TTLL7;UCN3;UNC80;UNCX;UTS2R;VAX1;VGLL2;VSTM2A;VSX2;VWA3B;VWA5B2;WDR97;ZBED2;ZC2HC1B;ZCCHC13;ZFP57;ZIC3;ZIC4;ZNF536;ZNF843;ZNRF4;ZPBP;ZSCAN4
0039_HTAN_8899_AS_5_filtered_trimmed.h5ad	HTAN_VANDERBILT_CRC::PATIENT::a29ba9b1cd4cf508	229	ACTL7A;ACTL9;ADAM30;ALLC;ANKRD30A;ANTXRL;ARSF;ASCL4;ATP1B4;AVP;AWAT1;BHLHA9;BSX;BTG4;C1orf94;C22orf31;C22orf42;C3orf56;CACNG1;CALML5;CCDC105;CCDC182;CCDC201;CCR6;CCT8L2;CELA2B;CETN1;CLEC2A;CRNN;CSMD1;CT47B1;CYP11B2;CYP2A13;DAOA;DBX1;DEFB112;DEFB118;DEFB132;DPPA2;DPPA4;ESX1;FABP9;FAT2;FGF4;FOXB2;FOXG1;FOXL2;GABRG1;GFRA4;GHSR;GKN1;GNRHR;GOLGA6L7;GPR139;GPR149;GPR32;GPR6;GRIFIN;GSG1L2;HLA-DRB1;HLA-DRB5;HOXC12;IFNA16;IFNA8;IGKV1D-42;IL25;IL36RN;INSL6;IQCF6;IRX4;ITIH1;IVL;KCNC2;KCNJ4;KCNK16;KCNK18;KCNV2;KLF18;KRT3;KRT32;KRT33B;KRT35;KRTAP1-4;KRTAP10-1;KRTAP10-11;KRTAP10-7;KRTAP19-2;KRTAP19-4;KRTAP2-4;KRTAP7-1;KRTAP8-1;KRTAP9-3;LBHD2;LCE1D;LCE2A;LCE3C;LGALS7;LHX5;LHX9;LINC02218;LYPD2;MAGEA10;MAGEC1;MC2R;MFRP;MINDY4B;MRAP;MYH1;MYOD1;MYOG;NKX1-1;NKX2-4;NKX2-5;NLRP5;NPAP1;NYAP2;ODF3;OLIG2;OLIG3;OPN1LW;OPRK1;OR10C1;OR10G6;OR10Z1;OR11A1;OR11L1;OR12D2;OR1I1;OR1J1;OR1M1;OR2B3;OR2C3;OR2I1P;OR2L3;OR2T10;OR2V1;OR2Y1;OR3A3;OR4C46;OR4D6;OR4K14;OR51G1;OR51S1;OR52B4;OR52E4;OR5B2;OR5C1;OR5D3P;OR5M3;OR6B3;OR6C65;OR6F1;OR6K2;OR7A5;OR7D4;OR7G2;OR8B4;OR8G1;OTOP1;OTUD6A;PABPC1L2B;PANX3;PASD1;PDYN;PKD2L2;PNMA6E;POM121L12;PPP1R2C;PRAMEF12;PRAMEF17;PRAMEF19;PRAMEF27;PRB4;PRDM13;PRM3;PRODH2;PRR30;PRR35;PTH2;RAB6C;RAX2;RBMXL2;RESP18;RNF113B;RPTN;RTP1;SERPINE3;SIX6;SKOR2;SLC16A8;SLC17A6;SLC1A6;SLC22A7;SLC22A8;SLC22A9;SMIM21;SP9;SPATA46;SPINK14;SRY;STRA8;SUN5;SYCP1;TACR3;TAF11L14;TBATA;TBL1Y;TBR1;TECRL;TEX13D;TEX51;TFAP2D;TGIF2LX;TLE7;TMEM225;TMEM239;TMPRSS11B;TPH2;TRARG1;TRIM42;TRIML1;UNCX;UPK2;VPREB1;VSX2;ZACN;ZIC1;ZP1;ZSCAN10
0040_HTAN_8899_AS_6_filtered_trimmed.h5ad	HTAN_VANDERBILT_CRC::PATIENT::a29ba9b1cd4cf508	265	ABHD16B;ACP7;ACTL7B;ACTRT2;ADAMTS20;ALX3;ANKRD60;APOA5;ARR3;ASB10;AVP;AWAT1;BARHL2;BCAN;BHLHA9;BHLHE23;BRDT;BSX;BTG4;C11orf42;C12orf56;C12orf71;C16orf92;C22orf31;C22orf42;C3orf56;CALML5;CASP14;CBLL2;CCDC185;CCDC201;CCL1;CETN1;CHRNA4;CHRNG;CLDN18;CNGB1;CXorf66;CYP11B1;CYP11B2;CYP2A13;DBX1;DCAF4L2;DDX53;DPPA2;DPPA4;DSC1;DYNAP;ESX1;ETV3L;FAM237A;FAM43B;FERD3L;FEZF2;FGF4;FSHB;FTMT;GAB4;GABRR3;GC;GDF2;GKN1;GLT6D1;GOLGA6L7;GPR45;GPR6;GPR78;GRM5;GRM6;GSC2;GSG1;GSG1L2;GSTA3;HAO1;HBM;HLA-DRB1;HLA-DRB5;HOXC12;IFITM5;IFNW1;IGLJ5;IGLV2-33;IL25;IL5;IMPG1;IQCF6;IRX1;KCNG4;KCNK16;KCTD19;KDM4F;KLHL40;KLK5;KPRP;KRT33A;KRT37;KRT38;KRTAP1-4;KRTAP2-4;KRTAP20-3;KRTAP20-4;KRTAP4-4;KRTAP9-4;LCE1D;LCE3E;LELP1;LHX3;LINC02218;LLGL1;LRRC10;MAGEB6B;MAGEC1;MBD3L1;MEI4;METTL21C;MFRP;MGAT4D;MLC1;MOS;MRGPRX4;MROH9;MTNR1B;MUC15;MYBPC2;MYL7;MYO1H;MYOD1;NANOS2;NKX1-1;NKX2-4;NLRP5;NLRP8;NOX3;NPPA;NT5C1B;NUTM1;OC90;ODF4;OLIG2;OLIG3;OPRK1;OR10AD1;OR10AG1;OR10G3;OR10G6;OR10J1;OR1E2;OR1L8;OR1M1;OR1N2;OR1S1;OR2A5;OR2F2;OR2G2;OR2M3;OR2T10;OR2T11;OR2T35;OR2T6;OR2V1;OR2Z1;OR4C3;OR4C6;OR4N5;OR4P4;OR52E2;OR52E4;OR52I1;OR5AP2;OR5B3;OR5D13;OR5D14;OR5D18;OR5K3;OR5K4;OR5T1;OR6B3;OR6C1;OR6C74;OR6F1;OR6K6;OR6N1;OR7A10;OR7C2;OR7G1;OR7G2;OR8K1;ORM1;OTOP1;OTP;PAGE3;PAX2;PIWIL2;PKD2L2;PNPLA5;POM121L12;PRAMEF20;PRAMEF27;PRDM13;PRM2;PRODH2;PROP1;PRSS1;PRSS38;PSG7;PTH2;RAB6C;RBM46;RBMXL2;RFPL2;RIT2;RNF113B;RTP2;S100A7;SAGE1;SCGB1D1;SFTPC;SKOR2;SLC17A6;SLC1A6;SLC22A12;SLC22A2;SLC22A6;SLC32A1;SLCO6A1;SLITRK1;SMIM23;SOX3;SPACA5;SPACA7;SPANXN5;SPATA19;SPATA3;SPATA46;SRARP;SRY;SSX5;ST8SIA3;TAS2R1;TAS2R16;TBL1Y;TBR1;TERB2;TEX37;TFAP2B;TFAP2D;TGIF2LX;TMEM151B;TMEM213;TMEM225;TOGARAM2;TPRX1;TRBV7-1;TRH;TRIML1;TRPC7;VAX1;VSX2;WNT3A;ZBTB8B;ZIC1;ZIC4;ZNF491;ZNRF4;ZPLD1
0041_HTAN_8270_AS_5_filtered_trimmed.h5ad	HTAN_VANDERBILT_CRC::PATIENT::b279c0a0ecf76890	163	AARD;ACCSL;ACP7;ADCY8;ADGRG4;ALG1L2;APOH;ATP2B3;AWAT1;C13orf42;C14orf39;C6;CACNA1B;CACNG6;CBLN4;CBX2;CCDC185;CCL1;CCL26;CD101;CDH10;CDH26;CETP;CFAP73;CIB4;CLC;CNGB1;COL12A1;COL22A1;CRISP2;CTNND2;CYP3A7;DCAF8L1;DCC;DCLK2;DEFA4;DEFB114;DPPA2;E2F6;ENOX1;ERCC6L;ERP27;FSCB;FSHB;FXYD4;GATA1;GNG4;GOLGA6L7;GPR143;GPR150;GRAMD2A;HAND1;HAO2;HBE1;HPCAL4;HTR1A;IFNE;IFNK;IGLJ6;IL13;INCA1;ITIH3;KCNK18;KHDC3L;KRT2;KRT81;KRTAP21-3;KRTDAP;LBHD2;LCN10;LGALS7;LINC02218;LRFN5;MAGEA9B;MBD3L1;MGAT4D;MPPED1;MRAP;MRGPRG;MSMB;MUCL1;MYL4;MYOT;NCMAP;NKAIN4;NKX2-8;NPTX2;OR13C9;OR13F1;OR14J1;OR2B3;OR2T35;OR2T6;OR4C46;OR52N5;OR56A4;OR5B3;OR5D14;OR5M1;OR9A2;ORM1;OTOG;OTOP1;PATE3;PAX2;PCDHA4;PHF21B;PIWIL2;PKD2L2;PLGLB2;PLP1;PNMA6E;PPBP;PPP1R3A;PRAMEF27;PVALEF;PYGM;RANBP3L;RBMXL3;RFPL2;RHO;RLN3;RNF175;RP2;RS1;RSPH10B;RSPH10B2;RYR1;S100A7;S100G;SCGB1D2;SHISA6;SIGLEC14;SLC13A1;SLC18A2;SLC25A48;SLC7A10;SLIT1;SLITRK3;SLURP2;SNX32;SPACA5;SPEM1;STOX1;SYNDIG1L;SYT11;TBR1;TDRD1;TEDDM1;TEPP;TMPRSS15;TNN;TRAV34;TRAV38-1;TRGV11;TRHR;TSNAXIP1;ZIC2;ZIC3;ZNF385D;ZNF491;ZNF80;ZYG11A
0042_HTAN_7794_AS_2_filtered_trimmed_WD33468.h5ad	HTAN_VANDERBILT_CRC::PATIENT::bbd41350b0c0bd3c	600	AADACL3;ACP7;ACSM4;ACTL6B;ACTL7A;ACTL7B;ACTL9;ACTN2;ACTRT1;ACTRT2;ADAMTS20;ADCYAP1;ADCYAP1R1;ADGRA1;ADGRD2;ADGRG4;ADRA1A;AFP;AGBL1;ALB;ALDH1A2;AMER3;AMTN;ANGPTL7;ANKRD30A;ANKRD30B;ANKRD34C;ANKRD63;APOA5;AQP4;ARMS2;ARR3;ARSF;ASCL3;ASCL4;ASTN1;ATP1B4;ATP2B3;ATP8A2;B3GAT2;B3GNT4;BCAN;BEGAIN;BHLHA9;BMP15;BPIFA2;BRDT;BTBD17;BTG4;C10orf105;C10orf120;C11orf42;C11orf87;C12orf42;C14orf180;C16orf78;C16orf89;C1QTNF8;C1orf167;C1orf68;C1orf94;C21orf62;C2orf78;C4orf54;C5orf49;C6orf118;CACNA1B;CACNG1;CACNG5;CACNG7;CADM2;CALHM3;CALML5;CCDC105;CCDC172;CCDC177;CCDC185;CCER1;CCK;CCL1;CCR6;CD1C;CDH18;CDHR3;CECR2;CELA2B;CELF4;CETN1;CFAP73;CFAP77;CFC1B;CGA;CHGB;CHRNA2;CHST8;CHST9;CIDEA;CILP;CKM;CLCNKB;CLDN8;CLEC3A;CLRN2;CNNM1;CNTN3;CNTNAP4;COL19A1;CPA1;CRABP1;CRHBP;CRHR1;CRHR2;CROCC2;CT47B1;CTNND2;CTSG;CTXN3;CWH43;CYP11B2;CYP3A7;DBH;DBX1;DCAF8L1;DCC;DCD;DCX;DEFA4;DEFB123;DEFB132;DIRAS2;DKKL1;DLGAP2;DMRTA2;DNAH3;DNAH5;DNAI2;DNAJB8;DPP6;DYNAP;EBF2;ECEL1;EDDM3B;ELAVL3;EMX1;EN1;ENAM;ENPP7;ERVV-2;ESX1;EVPLL;FAM181A;FAM47B;FASLG;FCRLA;FEV;FFAR1;FGF14;FGF8;FIGLA;FOXB1;FOXB2;FOXE1;FOXG1;FOXI2;FOXL2;FREM3;FRMPD3;FSHB;FTHL17;FTMT;GAB4;GABRQ;GAD2;GAL3ST3;GALNT9;GATA1;GIMD1;GIP;GJA3;GJA8;GLT6D1;GNRHR;GOLGA6L7;GPR12;GPR146;GPR149;GPR182;GPR25;GPR26;GPR45;GPR50;GPR62;GPR78;GPR88;GRK1;GRM6;GRM7;GSC2;GSX1;GSX2;HAO2;HBE1;HBM;HCN4;HCRTR1;HDGFL1;HGFAC;HMGCLL1;HMX1;HMX3;HOXB1;HOXC12;HTR1A;HTR3E;IAPP;IBSP;IFNA8;IFNK;IGDCC3;IGHD;IGHE;IGHG4;IGHV1-58;IGHV5-10-1;IGLL1;IGLV2-33;IL12B;IL13;IL25;IL36RN;IL9;INCA1;INHBC;INSM2;IQGAP2;IRS4;ISM1;ITIH3;IZUMO1R;JPH4;KCNH5;KCNIP4;KCNJ16;KCNJ4;KCNJ6;KCNK16;KCNK18;KCNT1;KCNV2;KHDC3L;KIR3DL3;KLF18;KLHDC7A;KLHL14;KLHL40;KLK15;KPRP;KRT16;KRT2;KRT26;KRT31;KRT32;KRT5;KRT71;KRT72;KRT85;KRTAP10-11;KRTAP10-7;KRTAP15-1;KRTAP2-3;KRTAP22-1;KRTAP23-1;KRTAP24-1;KRTAP4-4;KRTAP4-7;KRTAP8-1;KRTAP9-3;KRTAP9-4;LBP;LCE1C;LCE1D;LCE2A;LCE3C;LHX3;LHX9;LILRA4;LINC02218;LLGL1;LRFN2;LRRC30;LRRC55;LRRTM1;LUZP2;LY6L;MAGEA12;MAGEA4;MAGEA9B;MAGEB18;MAGEB3;MAGEB4;MAGEC1;MAT1A;MBD3L1;MC5R;MCF2;MCHR2;MGAT4C;MGAT4D;MMD2;MPPED1;MRAP;MRGPRD;MRGPRG;MS4A1;MS4A10;MSTN;MUC15;MUC22;MUCL1;MYH4;MYO1H;MYOD1;MYOT;MYT1L;NCAN;NEUROD1;NEUROD2;NEUROD4;NEUROG1;NHLH2;NKX1-1;NKX2-4;NKX2-5;NKX2-8;NKX6-2;NLRP7;NLRP8;NOS1;NPB;NPPB;NR5A1;NRAP;NUTM1;NXPH2;NYX;ODF4;OPN5;OR10A2;OR10A3;OR10AG1;OR10C1;OR10G2;OR10Z1;OR13C8;OR14I1;OR1E2;OR1I1;OR1L4;OR1M1;OR1N1;OR1N2;OR2A25;OR2B2;OR2B3;OR2C3;OR2L3;OR2M7;OR2T1;OR2T10;OR2T11;OR2T35;OR2T4;OR2T6;OR3A1;OR3A3;OR4C3;OR4D6;OR4D9;OR4E2;OR4K1;OR4K13;OR4N5;OR4S2;OR4X1;OR51C1P;OR51I2;OR51M1;OR52E2;OR52N2;OR56A3;OR5AP2;OR5D13;OR5D3P;OR5L1;OR6B2;OR6C6;OR6C65;OR6F1;OR6K3;OR7C2;OR7G1;OR8S1;OR9I1;ORM1;OTOG;OTOL1;OTOP1;OTOR;OTUD6A;PADI6;PAK5;PAPPA2;PAQR9;PASD1;PAX4;PAX7;PCDH11X;PCDH8;PDHA2;PGAM2;PGPEP1L;PHF21B;PIWIL2;PKD1L3;PKD2L2;PKHD1;PLA2G4D;PLEKHD1;PLPPR3;PLPPR5;PNLIP;PNMA5;PNMA6E;PNPLA5;POM121L12;POU4F2;PRAMEF20;PRAMEF27;PRAMEF33;PRDM12;PRLH;PRM2;PRMT8;PRND;PRR18;PRR32;PRR9;PRSS56;PSAPL1;PSKH2;PVALEF;PWWP3B;PYY;QRFPR;RAB6C;RANBP3L;RBMXL2;RBMXL3;RESP18;RFPL2;RHOXF1;RNASE11;RNF113B;RNF175;RSPH10B2;RSPO4;RTBDN;RTL4;RTP1;RXFP3;RYR1;RYR3;S100A7;SAA4;SCGB3A1;SDHAF1;SEC14L6;SERPINB11;SERPINB3;SEZ6;SEZ6L;SH2D1B;SH2D7;SHISA6;SHISA7;SIGLEC14;SIX6;SKOR2;SLC13A1;SLC13A5;SLC14A1;SLC17A6;SLC18A1;SLC18A2;SLC18A3;SLC1A6;SLC22A6;SLC25A47;SLC25A48;SLC36A2;SLC6A5;SLC7A10;SLC7A14;SLCO1A2;SMCP;SMIM21;SMIM23;SNAI3;SNCB;SNX32;SPACA1;SPACA5;SPANXN5;SPATA19;SPDYE4;SPEM1;SPINK14;SPPL2C;SPRR2A;SPRR3;SPRR5;SPSB4;SSTR4;SSX5;ST8SIA3;STAP1;STKLD1;SUN5;SYCN;SYNDIG1L;TAFA3;TAS2R8;TBX4;TCL1B;TECRL;TEPP;TEX11;TEX13A;TEX13C;TFAP2B;TGIF2LX;TGM6;TMCO5A;TMEM174;TMEM235;TMEM271;TMPRSS11B;TNFRSF13B;TNN;TNNI1;TNP1;TOGARAM2;TPD52L3;TPO;TPRX1;TRARG1;TRAT1;TRAV25;TRAV26-1;TRAV34;TRAV38-1;TRAV7;TRBV10-3;TRBV13;TRBV7-1;TRBV7-9;TRHR;TRIM51;TRIM64C;TRIM67;TTC24;UMOD;UTF1;VIT;VPREB1;VSTM1;VSTM2A;VSX1;VTN;VWA3B;VWC2;VWC2L;WDR38;WNT1;WNT3A;WNT7A;WNT8A;XAGE5;ZAN;ZBED2;ZFP57;ZFR2;ZIC3;ZIC4;ZNF491;ZNF578;ZNF648;ZNF679;ZNF843;ZNRF4
0043_HTAN_7319_AS_4_filtered_trimmed.h5ad	HTAN_VANDERBILT_CRC::PATIENT::c0b1b19d533645cb	85	ACP7;ADAM23;APOH;ATP2B3;ATP8A2;AVP;CACNA1B;CCL1;CCL8;CETP;CFAP73;CHRFAM7A;CHST8;CLC;CPLX2;CTNND2;CTSG;DCC;ECEL1;ENPP7;FRMPD3;FSHB;FSTL4;GDF6;GOLGA6L7;GRAMD2A;HAO2;HBE1;HGFAC;HLA-DQA1;HLA-DQB1;HLA-DRB1;HLA-DRB5;ITIH3;KCNH6;KIF1A;KLHL40;KLRD1;KRT2;KRT5;KRTDAP;L1CAM;LARP6;LCE3C;LCN10;LGI4;LINC02218;MFAP5;MGP;MRAP;MUCL1;NKAIN1;ORM1;OTOG;PHF21B;PLEKHD1;POU3F2;PPBP;PRCD;PTF1A;PYGM;RBPMS2;RFPL2;RHOXF1;RSPH10B;RSPH10B2;S100A7;SH2D1B;SHISA6;SLC6A18;SLC7A10;SLIT1;SNX32;SRY;SYNDIG1L;SYT11;TBC1D19;TBL1Y;TBR1;TEPP;TMEM151A;TRAV34;TRIM71;WDR97;ZNF385D
0044_HTAN_8899_AS_3_filtered_trimmed.h5ad	HTAN_VANDERBILT_CRC::PATIENT::c591c5e150910f33	34	AARD;ACTL7A;BTNL3;C14orf180;CALML5;CCR6;CHRFAM7A;CLC;DCC;ESX1;FOXL2;GOLGA6L7;HBE1;KCNH6;LINC02218;MRGPRG;NKX1-1;NKX2-4;NKX2-8;OR8G1;PHF21B;PIWIL2;PKD2L2;PRAMEF27;RNF175;S100A7;SLC18A2;SMN1;SPINK14;SRY;TBR1;TRAV34;TTLL7;VAX1
0045_HTAN_8899_AS_4_filtered_trimmed.h5ad	HTAN_VANDERBILT_CRC::PATIENT::c591c5e150910f33	13	BTNL3;C6orf118;CCL1;CHRFAM7A;DCC;HBE1;KLHL40;KRT5;LCE1D;LINC02218;PKD2L2;PRAMEF27;SPACA5
0046_HTAN_7003_AS_8_filtered_trimmed.h5ad	HTAN_VANDERBILT_CRC::PATIENT::e52fa79982a9ecea	13	ACP7;C14orf180;CFAP73;ENPP7;FSHB;IGHV5-10-1;IQCF6;MRAP;OLIG3;SKOR2;SPACA5;SRY;TBL1Y
