program	section	n_foci	n_tum_kept	r2	p	shape	amplitude
GO:GOBP_ACTIN_FILAMENT_BASED_PROCESS	TLS_VISIUM_USZ::LC3	27	772	0.0136	0.0146	flat	0.0027
GO:GOBP_ACTIN_FILAMENT_BUNDLE_ORGANIZATION	TLS_VISIUM_USZ::LC3	27	772	0.0848	1.08e-14	flat	0.0214
GO:GOBP_ACTIN_FILAMENT_ORGANIZATION	TLS_VISIUM_USZ::LC3	27	772	0.0688	7.53e-12	flat	0.0097
GO:GOBP_ACTIVATION_OF_IMMUNE_RESPONSE	TLS_VISIUM_USZ::LC3	27	772	0.0419	3.38e-07	flat	0.0061
GO:GOBP_ACTIVATION_OF_INNATE_IMMUNE_RESPONSE	TLS_VISIUM_USZ::LC3	27	772	0.1152	2.97e-20	flat	0.02
GO:GOBP_ACTOMYOSIN_STRUCTURE_ORGANIZATION	TLS_VISIUM_USZ::LC3	27	772	0.01	0.0524	flat	0.004
GO:GOBP_ADAPTIVE_IMMUNE_RESPONSE	TLS_VISIUM_USZ::LC3	27	772	0.0621	1.15e-10	flat	0.0069
GO:GOBP_ADAPTIVE_IMMUNE_RESPONSE_BASED_ON_SOMATIC_RECOMBINATION_OF_IMMUNE_RECEPTORS_BUILT_FROM_IMMUNOGLOBULIN_SUPERFAMILY_DOMAINS	TLS_VISIUM_USZ::LC3	27	772	0.0045	0.327	flat	0.0028
GO:GOBP_AEROBIC_RESPIRATION	TLS_VISIUM_USZ::LC3	27	772	0.1502	6.17e-27	flat	0.0418
GO:GOBP_ALCOHOL_BIOSYNTHETIC_PROCESS	TLS_VISIUM_USZ::LC3	27	772	0.0019	0.685	flat	0.0022
GO:GOBP_ALCOHOL_METABOLIC_PROCESS	TLS_VISIUM_USZ::LC3	27	772	0.0262	0.000142	flat	0.0055
GO:GOBP_ALPHA_AMINO_ACID_METABOLIC_PROCESS	TLS_VISIUM_USZ::LC3	27	772	0.0684	8.98e-12	flat	0.013
GO:GOBP_ALPHA_BETA_T_CELL_ACTIVATION	TLS_VISIUM_USZ::LC3	27	772	0.0035	0.438	flat	0.0027
GO:GOBP_AMEBOIDAL_TYPE_CELL_MIGRATION	TLS_VISIUM_USZ::LC3	27	772	0.0978	4.84e-17	flat	0.0203
GO:GOBP_AMIDE_METABOLIC_PROCESS	TLS_VISIUM_USZ::LC3	27	772	0.0036	0.428	flat	0.0017
GO:GOBP_AMINO_ACID_METABOLIC_PROCESS	TLS_VISIUM_USZ::LC3	27	772	0.15	6.79e-27	flat	0.0195
GO:GOBP_ANATOMICAL_STRUCTURE_FORMATION_INVOLVED_IN_MORPHOGENESIS	TLS_VISIUM_USZ::LC3	27	772	0.0445	1.21e-07	flat	0.0058
GO:GOBP_ANATOMICAL_STRUCTURE_MATURATION	TLS_VISIUM_USZ::LC3	27	772	0.1895	9.05e-35	flat	0.0205
GO:GOBP_ANIMAL_ORGAN_MORPHOGENESIS	TLS_VISIUM_USZ::LC3	27	772	0.009	0.0739	flat	0.0018
GO:GOBP_ANTERIOR_POSTERIOR_PATTERN_SPECIFICATION	TLS_VISIUM_USZ::LC3	27	772	0.1438	1.11e-25	flat	0.02
GO:GOBP_ANTIBACTERIAL_HUMORAL_RESPONSE	TLS_VISIUM_USZ::LC3	27	772	0.0245	0.000263	flat	0.0108
GO:GOBP_ANTIGEN_PROCESSING_AND_PRESENTATION	TLS_VISIUM_USZ::LC3	27	772	0.1183	7.72e-21	flat	0.0394
GO:GOBP_ANTIGEN_PROCESSING_AND_PRESENTATION_OF_ENDOGENOUS_ANTIGEN	TLS_VISIUM_USZ::LC3	27	772	0.0349	5.11e-06	flat	0.0293
GO:GOBP_ANTIGEN_PROCESSING_AND_PRESENTATION_OF_ENDOGENOUS_PEPTIDE_ANTIGEN	TLS_VISIUM_USZ::LC3	27	772	0.0594	3.44e-10	flat	0.0547
GO:GOBP_ANTIGEN_PROCESSING_AND_PRESENTATION_OF_EXOGENOUS_ANTIGEN	TLS_VISIUM_USZ::LC3	27	772	0.1203	3.21e-21	flat	0.0616
GO:GOBP_ANTIGEN_PROCESSING_AND_PRESENTATION_OF_EXOGENOUS_PEPTIDE_ANTIGEN	TLS_VISIUM_USZ::LC3	27	772	0.1252	3.9e-22	flat	0.0828
GO:GOBP_ANTIGEN_PROCESSING_AND_PRESENTATION_OF_PEPTIDE_ANTIGEN	TLS_VISIUM_USZ::LC3	27	772	0.1039	3.63e-18	flat	0.0599
GO:GOBP_ANTIGEN_PROCESSING_AND_PRESENTATION_OF_PEPTIDE_ANTIGEN_VIA_MHC_CLASS_I	TLS_VISIUM_USZ::LC3	27	772	0.042	3.24e-07	flat	0.0295
GO:GOBP_ANTIGEN_PROCESSING_AND_PRESENTATION_OF_PEPTIDE_OR_POLYSACCHARIDE_ANTIGEN_VIA_MHC_CLASS_II	TLS_VISIUM_USZ::LC3	27	772	0.0762	3.69e-13	flat	0.0569
GO:GOBP_ANTIVIRAL_INNATE_IMMUNE_RESPONSE	TLS_VISIUM_USZ::LC3	27	772	0.0007	0.919	flat	0.0023
GO:GOBP_AORTIC_VALVE_MORPHOGENESIS	TLS_VISIUM_USZ::LC3	27	772	0.0187	0.00225	flat	0.015
GO:GOBP_APICAL_JUNCTION_ASSEMBLY	TLS_VISIUM_USZ::LC3	27	772	0.0099	0.0543	flat	0.0073
GO:GOBP_APOPTOTIC_PROCESS	TLS_VISIUM_USZ::LC3	27	772	0.1834	1.56e-33	flat	0.0135
GO:GOBP_APOPTOTIC_SIGNALING_PATHWAY	TLS_VISIUM_USZ::LC3	27	772	0.1643	1.04e-29	flat	0.0322
GO:GOBP_APPENDAGE_MORPHOGENESIS	TLS_VISIUM_USZ::LC3	27	772	0.0357	3.79e-06	flat	0.0096
GO:GOBP_ARTERY_DEVELOPMENT	TLS_VISIUM_USZ::LC3	27	772	0.0274	8.81e-05	flat	0.0112
GO:GOBP_ATP_BIOSYNTHETIC_PROCESS	TLS_VISIUM_USZ::LC3	27	772	0.1411	3.57e-25	flat	0.0537
GO:GOBP_ATP_METABOLIC_PROCESS	TLS_VISIUM_USZ::LC3	27	772	0.1684	1.64e-30	flat	0.048
GO:GOBP_ATP_SYNTHESIS_COUPLED_ELECTRON_TRANSPORT	TLS_VISIUM_USZ::LC3	27	772	0.1262	2.5e-22	flat	0.0488
GO:GOBP_ATTACHMENT_OF_SPINDLE_MICROTUBULES_TO_KINETOCHORE	TLS_VISIUM_USZ::LC3	27	772	0.0079	0.108	flat	0.0089
GO:GOBP_AXON_DEVELOPMENT	TLS_VISIUM_USZ::LC3	27	772	0.0971	6.42e-17	flat	0.0095
GO:GOBP_BEHAVIOR	TLS_VISIUM_USZ::LC3	27	772	0.141	3.85e-25	flat	0.0137
GO:GOBP_BIOLOGICAL_PROCESS_INVOLVED_IN_INTERACTION_WITH_HOST	TLS_VISIUM_USZ::LC3	27	772	0.1282	1.05e-22	flat	0.0394
GO:GOBP_BIOLOGICAL_PROCESS_INVOLVED_IN_INTERSPECIES_INTERACTION_BETWEEN_ORGANISMS	TLS_VISIUM_USZ::LC3	27	772	0.0914	7.04e-16	flat	0.0072
GO:GOBP_BIOLOGICAL_PROCESS_INVOLVED_IN_SYMBIOTIC_INTERACTION	TLS_VISIUM_USZ::LC3	27	772	0.0973	5.97e-17	flat	0.0229
GO:GOBP_BLOOD_VESSEL_ENDOTHELIAL_CELL_MIGRATION	TLS_VISIUM_USZ::LC3	27	772	0.12	3.77e-21	flat	0.0366
GO:GOBP_BLOOD_VESSEL_MORPHOGENESIS	TLS_VISIUM_USZ::LC3	27	772	0.1087	4.83e-19	flat	0.0153
GO:GOBP_BONE_DEVELOPMENT	TLS_VISIUM_USZ::LC3	27	772	0.0272	9.71e-05	flat	0.0098
GO:GOBP_BONE_MINERALIZATION	TLS_VISIUM_USZ::LC3	27	772	0.0076	0.118	flat	0.0048
GO:GOBP_BONE_MORPHOGENESIS	TLS_VISIUM_USZ::LC3	27	772	0.011	0.037	flat	0.0064
GO:GOBP_B_CELL_ACTIVATION	TLS_VISIUM_USZ::LC3	27	772	0.0046	0.319	flat	0.0026
GO:GOBP_B_CELL_MEDIATED_IMMUNITY	TLS_VISIUM_USZ::LC3	27	772	0.0032	0.485	flat	0.003
GO:GOBP_B_CELL_RECEPTOR_SIGNALING_PATHWAY	TLS_VISIUM_USZ::LC3	27	772	0.0185	0.0025	flat	0.0103
GO:GOBP_CALCIUM_ION_HOMEOSTASIS	TLS_VISIUM_USZ::LC3	27	772	0.0055	0.235	flat	0.0024
GO:GOBP_CALCIUM_ION_TRANSMEMBRANE_IMPORT_INTO_CYTOSOL	TLS_VISIUM_USZ::LC3	27	772	0.0045	0.323	flat	0.0032
GO:GOBP_CALCIUM_ION_TRANSMEMBRANE_TRANSPORT	TLS_VISIUM_USZ::LC3	27	772	0.0936	2.83e-16	flat	0.0118
GO:GOBP_CALCIUM_ION_TRANSPORT	TLS_VISIUM_USZ::LC3	27	772	0.0486	2.43e-08	flat	0.007
GO:GOBP_CALCIUM_MEDIATED_SIGNALING	TLS_VISIUM_USZ::LC3	27	772	0.0767	3.08e-13	flat	0.0116
GO:GOBP_CANONICAL_NF_KAPPAB_SIGNAL_TRANSDUCTION	TLS_VISIUM_USZ::LC3	27	772	0.0484	2.66e-08	flat	0.0121
GO:GOBP_CANONICAL_WNT_SIGNALING_PATHWAY	TLS_VISIUM_USZ::LC3	27	772	0.061	1.75e-10	flat	0.0121
GO:GOBP_CARBOHYDRATE_CATABOLIC_PROCESS	TLS_VISIUM_USZ::LC3	27	772	0.0089	0.077	flat	0.005
GO:GOBP_CARBOHYDRATE_DERIVATIVE_BIOSYNTHETIC_PROCESS	TLS_VISIUM_USZ::LC3	27	772	0.1094	3.6e-19	flat	0.0131
GO:GOBP_CARBOHYDRATE_DERIVATIVE_CATABOLIC_PROCESS	TLS_VISIUM_USZ::LC3	27	772	0.0513	8.63e-09	flat	0.011
GO:GOBP_CARBOHYDRATE_DERIVATIVE_METABOLIC_PROCESS	TLS_VISIUM_USZ::LC3	27	772	0.0865	5.48e-15	flat	0.0082
GO:GOBP_CARBOHYDRATE_METABOLIC_PROCESS	TLS_VISIUM_USZ::LC3	27	772	0.0118	0.0281	flat	0.0032
GO:GOBP_CARDIAC_CHAMBER_DEVELOPMENT	TLS_VISIUM_USZ::LC3	27	772	0.0108	0.039	flat	0.0047
GO:GOBP_CARDIAC_CHAMBER_MORPHOGENESIS	TLS_VISIUM_USZ::LC3	27	772	0.0035	0.445	flat	0.0026
GO:GOBP_CARDIAC_MUSCLE_TISSUE_DEVELOPMENT	TLS_VISIUM_USZ::LC3	27	772	0.0907	9.23e-16	flat	0.0137
GO:GOBP_CARDIAC_SEPTUM_DEVELOPMENT	TLS_VISIUM_USZ::LC3	27	772	0.0247	0.000251	flat	0.0098
GO:GOBP_CARDIAC_VENTRICLE_DEVELOPMENT	TLS_VISIUM_USZ::LC3	27	772	0.1027	6.05e-18	flat	0.0243
GO:GOBP_CARTILAGE_DEVELOPMENT	TLS_VISIUM_USZ::LC3	27	772	0.0355	4.09e-06	flat	0.0106
GO:GOBP_CELLULAR_COMPONENT_DISASSEMBLY	TLS_VISIUM_USZ::LC3	27	772	0.0148	0.00951	flat	0.0045
GO:GOBP_CELLULAR_HOMEOSTASIS	TLS_VISIUM_USZ::LC3	27	772	0.0	1	flat	0.0001
GO:GOBP_CELLULAR_RESPIRATION	TLS_VISIUM_USZ::LC3	27	772	0.1698	8.33e-31	flat	0.046
GO:GOBP_CELLULAR_RESPONSE_TO_BIOTIC_STIMULUS	TLS_VISIUM_USZ::LC3	27	772	0.0037	0.414	flat	0.0025
GO:GOBP_CELLULAR_RESPONSE_TO_CHEMICAL_STRESS	TLS_VISIUM_USZ::LC3	27	772	0.0671	1.5e-11	flat	0.0138
GO:GOBP_CELLULAR_RESPONSE_TO_ENDOGENOUS_STIMULUS	TLS_VISIUM_USZ::LC3	27	772	0.0407	5.41e-07	flat	0.0049
GO:GOBP_CELLULAR_RESPONSE_TO_HORMONE_STIMULUS	TLS_VISIUM_USZ::LC3	27	772	0.005	0.275	flat	0.0019
GO:GOBP_CELLULAR_RESPONSE_TO_HYDROGEN_PEROXIDE	TLS_VISIUM_USZ::LC3	27	772	0.0342	6.7e-06	flat	0.0196
GO:GOBP_CELLULAR_RESPONSE_TO_INSULIN_STIMULUS	TLS_VISIUM_USZ::LC3	27	772	0.0025	0.583	flat	0.003
GO:GOBP_CELLULAR_RESPONSE_TO_LIPID	TLS_VISIUM_USZ::LC3	27	772	0.016	0.00614	flat	0.0035
GO:GOBP_CELLULAR_RESPONSE_TO_MOLECULE_OF_BACTERIAL_ORIGIN	TLS_VISIUM_USZ::LC3	27	772	0.0045	0.323	flat	0.002
GO:GOBP_CELLULAR_RESPONSE_TO_NITROGEN_COMPOUND	TLS_VISIUM_USZ::LC3	27	772	0.0023	0.625	flat	0.0012
GO:GOBP_CELLULAR_RESPONSE_TO_NUTRIENT_LEVELS	TLS_VISIUM_USZ::LC3	27	772	0.1138	5.34e-20	flat	0.0208
GO:GOBP_CELLULAR_RESPONSE_TO_OXIDATIVE_STRESS	TLS_VISIUM_USZ::LC3	27	772	0.0006	0.928	flat	0.0009
GO:GOBP_CELLULAR_RESPONSE_TO_OXYGEN_CONTAINING_COMPOUND	TLS_VISIUM_USZ::LC3	27	772	0.0043	0.35	flat	0.0012
GO:GOBP_CELLULAR_RESPONSE_TO_STARVATION	TLS_VISIUM_USZ::LC3	27	772	0.106	1.48e-18	flat	0.0208
GO:GOBP_CELLULAR_RESPONSE_TO_STRESS	TLS_VISIUM_USZ::LC3	27	772	0.1492	9.69e-27	flat	0.0105
GO:GOBP_CELLULAR_RESPONSE_TO_TYPE_II_INTERFERON	TLS_VISIUM_USZ::LC3	27	772	0.0073	0.131	flat	0.0074
GO:GOBP_CELLULAR_RESPONSE_TO_VASCULAR_ENDOTHELIAL_GROWTH_FACTOR_STIMULUS	TLS_VISIUM_USZ::LC3	27	772	0.0987	3.22e-17	flat	0.0373
GO:GOBP_CELL_ACTIVATION	TLS_VISIUM_USZ::LC3	27	772	0.0734	1.18e-12	flat	0.0078
GO:GOBP_CELL_ACTIVATION_INVOLVED_IN_IMMUNE_RESPONSE	TLS_VISIUM_USZ::LC3	27	772	0.0259	0.000155	flat	0.0072
GO:GOBP_CELL_ADHESION	TLS_VISIUM_USZ::LC3	27	772	0.1197	4.16e-21	flat	0.0112
GO:GOBP_CELL_CELL_ADHESION	TLS_VISIUM_USZ::LC3	27	772	0.1652	6.91e-30	flat	0.0146
GO:GOBP_CELL_CELL_JUNCTION_ASSEMBLY	TLS_VISIUM_USZ::LC3	27	772	0.0714	2.69e-12	flat	0.0168
GO:GOBP_CELL_CELL_JUNCTION_ORGANIZATION	TLS_VISIUM_USZ::LC3	27	772	0.0695	5.78e-12	flat	0.0136
GO:GOBP_CELL_CELL_SIGNALING	TLS_VISIUM_USZ::LC3	27	772	0.2164	2.27e-40	flat	0.0165
GO:GOBP_CELL_CHEMOTAXIS	TLS_VISIUM_USZ::LC3	27	772	0.0156	0.0071	flat	0.0051
GO:GOBP_CELL_CYCLE	TLS_VISIUM_USZ::LC3	27	772	0.0003	0.971	flat	0.0003
GO:GOBP_CELL_CYCLE_CHECKPOINT_SIGNALING	TLS_VISIUM_USZ::LC3	27	772	0.0039	0.395	flat	0.0035
GO:GOBP_CELL_CYCLE_G1_S_PHASE_TRANSITION	TLS_VISIUM_USZ::LC3	27	772	0.0088	0.0783	flat	0.0042
GO:GOBP_CELL_CYCLE_G2_M_PHASE_TRANSITION	TLS_VISIUM_USZ::LC3	27	772	0.0724	1.81e-12	flat	0.0158
GO:GOBP_CELL_CYCLE_PHASE_TRANSITION	TLS_VISIUM_USZ::LC3	27	772	0.0016	0.742	flat	0.0013
GO:GOBP_CELL_CYCLE_PROCESS	TLS_VISIUM_USZ::LC3	27	772	0.0078	0.111	flat	0.0023
GO:GOBP_CELL_DIVISION	TLS_VISIUM_USZ::LC3	27	772	0.0099	0.0535	flat	0.0028
GO:GOBP_CELL_FATE_COMMITMENT	TLS_VISIUM_USZ::LC3	27	772	0.1203	3.29e-21	flat	0.0145
GO:GOBP_CELL_GROWTH	TLS_VISIUM_USZ::LC3	27	772	0.0471	4.52e-08	flat	0.0082
GO:GOBP_CELL_JUNCTION_ASSEMBLY	TLS_VISIUM_USZ::LC3	27	772	0.1166	1.64e-20	flat	0.0151
GO:GOBP_CELL_JUNCTION_ORGANIZATION	TLS_VISIUM_USZ::LC3	27	772	0.0283	6.25e-05	flat	0.0044
GO:GOBP_CELL_KILLING	TLS_VISIUM_USZ::LC3	27	772	0.0052	0.263	flat	0.0022
GO:GOBP_CELL_MATRIX_ADHESION	TLS_VISIUM_USZ::LC3	27	772	0.137	2.26e-24	flat	0.0348
GO:GOBP_CELL_MORPHOGENESIS	TLS_VISIUM_USZ::LC3	27	772	0.0538	3.1e-09	flat	0.0047
GO:GOBP_CELL_MORPHOGENESIS_INVOLVED_IN_NEURON_DIFFERENTIATION	TLS_VISIUM_USZ::LC3	27	772	0.0248	0.000235	flat	0.004
GO:GOBP_CELL_MOTILITY	TLS_VISIUM_USZ::LC3	27	772	0.1103	2.41e-19	flat	0.0082
GO:GOBP_CELL_PROJECTION_ASSEMBLY	TLS_VISIUM_USZ::LC3	27	772	0.0104	0.0452	flat	0.0027
GO:GOBP_CELL_PROJECTION_MORPHOGENESIS	TLS_VISIUM_USZ::LC3	27	772	0.0893	1.65e-15	flat	0.0087
GO:GOBP_CELL_PROJECTION_ORGANIZATION	TLS_VISIUM_USZ::LC3	27	772	0.0371	2.22e-06	flat	0.0034
GO:GOBP_CELL_SUBSTRATE_ADHESION	TLS_VISIUM_USZ::LC3	27	772	0.0946	1.88e-16	flat	0.0138
GO:GOBP_CELL_SUBSTRATE_JUNCTION_ORGANIZATION	TLS_VISIUM_USZ::LC3	27	772	0.1328	1.43e-23	flat	0.0576
GO:GOBP_CELL_SURFACE_RECEPTOR_PROTEIN_SERINE_THREONINE_KINASE_SIGNALING_PATHWAY	TLS_VISIUM_USZ::LC3	27	772	0.0192	0.00189	flat	0.0056
GO:GOBP_CELL_SURFACE_RECEPTOR_PROTEIN_TYROSINE_KINASE_SIGNALING_PATHWAY	TLS_VISIUM_USZ::LC3	27	772	0.005	0.277	flat	0.002
GO:GOBP_CELL_SURFACE_RECEPTOR_SIGNALING_PATHWAY_VIA_STAT	TLS_VISIUM_USZ::LC3	27	772	0.0193	0.00187	flat	0.0079
GO:GOBP_CENTRAL_NERVOUS_SYSTEM_DEVELOPMENT	TLS_VISIUM_USZ::LC3	27	772	0.0606	2.05e-10	flat	0.0046
GO:GOBP_CHEMICAL_HOMEOSTASIS	TLS_VISIUM_USZ::LC3	27	772	0.0005	0.936	flat	0.0005
GO:GOBP_CHONDROCYTE_DIFFERENTIATION	TLS_VISIUM_USZ::LC3	27	772	0.0763	3.67e-13	flat	0.0312
GO:GOBP_CHROMATIN_ORGANIZATION	TLS_VISIUM_USZ::LC3	27	772	0.0237	0.000359	flat	0.0051
GO:GOBP_CHROMATIN_REMODELING	TLS_VISIUM_USZ::LC3	27	772	0.0024	0.598	flat	0.0018
GO:GOBP_CHROMOSOME_LOCALIZATION	TLS_VISIUM_USZ::LC3	27	772	0.0545	2.41e-09	flat	0.0145
GO:GOBP_CHROMOSOME_ORGANIZATION	TLS_VISIUM_USZ::LC3	27	772	0.0212	0.000922	flat	0.005
GO:GOBP_CHROMOSOME_SEGREGATION	TLS_VISIUM_USZ::LC3	27	772	0.1168	1.46e-20	flat	0.0156
GO:GOBP_CHROMOSOME_SEPARATION	TLS_VISIUM_USZ::LC3	27	772	0.0058	0.216	flat	0.006
GO:GOBP_CIRCULATORY_SYSTEM_DEVELOPMENT	TLS_VISIUM_USZ::LC3	27	772	0.1213	2.14e-21	flat	0.0129
GO:GOBP_CIRCULATORY_SYSTEM_PROCESS	TLS_VISIUM_USZ::LC3	27	772	0.1114	1.48e-19	flat	0.0118
GO:GOBP_COLLAGEN_CATABOLIC_PROCESS	TLS_VISIUM_USZ::LC3	27	772	0.0371	2.21e-06	flat	0.0189
GO:GOBP_COLLAGEN_FIBRIL_ORGANIZATION	TLS_VISIUM_USZ::LC3	27	772	0.0836	1.79e-14	flat	0.0395
GO:GOBP_COLLAGEN_METABOLIC_PROCESS	TLS_VISIUM_USZ::LC3	27	772	0.1051	2.23e-18	flat	0.0415
GO:GOBP_COMPLEMENT_ACTIVATION_CLASSICAL_PATHWAY	TLS_VISIUM_USZ::LC3	27	772	0.0544	2.47e-09	flat	0.0387
GO:GOBP_CONNECTIVE_TISSUE_DEVELOPMENT	TLS_VISIUM_USZ::LC3	27	772	0.0154	0.00768	flat	0.0056
GO:GOBP_CYTOKINESIS	TLS_VISIUM_USZ::LC3	27	772	0.0048	0.297	flat	0.0039
GO:GOBP_CYTOKINE_MEDIATED_SIGNALING_PATHWAY	TLS_VISIUM_USZ::LC3	27	772	0.0383	1.4e-06	flat	0.0062
GO:GOBP_CYTOKINE_PRODUCTION	TLS_VISIUM_USZ::LC3	27	772	0.0837	1.72e-14	flat	0.0107
GO:GOBP_CYTOKINE_PRODUCTION_INVOLVED_IN_IMMUNE_RESPONSE	TLS_VISIUM_USZ::LC3	27	772	0.0215	0.000801	flat	0.011
GO:GOBP_CYTOPLASMIC_PATTERN_RECOGNITION_RECEPTOR_SIGNALING_PATHWAY	TLS_VISIUM_USZ::LC3	27	772	0.0677	1.18e-11	flat	0.0156
GO:GOBP_CYTOPLASMIC_TRANSLATION	TLS_VISIUM_USZ::LC3	27	772	0.1484	1.41e-26	flat	0.0598
GO:GOBP_CYTOSKELETON_ORGANIZATION	TLS_VISIUM_USZ::LC3	27	772	0.0209	0.00101	flat	0.0021
GO:GOBP_DEFENSE_RESPONSE_TO_BACTERIUM	TLS_VISIUM_USZ::LC3	27	772	0.0229	0.000489	flat	0.0055
GO:GOBP_DEFENSE_RESPONSE_TO_OTHER_ORGANISM	TLS_VISIUM_USZ::LC3	27	772	0.0193	0.0018	flat	0.0034
GO:GOBP_DEFENSE_RESPONSE_TO_SYMBIONT	TLS_VISIUM_USZ::LC3	27	772	0.0126	0.0207	flat	0.0025
GO:GOBP_DEFENSE_RESPONSE_TO_VIRUS	TLS_VISIUM_USZ::LC3	27	772	0.0681	1.03e-11	flat	0.0149
GO:GOBP_DETOXIFICATION	TLS_VISIUM_USZ::LC3	27	772	0.052	6.49e-09	flat	0.0105
GO:GOBP_DEVELOPMENTAL_GROWTH	TLS_VISIUM_USZ::LC3	27	772	0.0531	4.1e-09	flat	0.0062
GO:GOBP_DEVELOPMENTAL_GROWTH_INVOLVED_IN_MORPHOGENESIS	TLS_VISIUM_USZ::LC3	27	772	0.0077	0.114	flat	0.0044
GO:GOBP_DEVELOPMENTAL_MATURATION	TLS_VISIUM_USZ::LC3	27	772	0.0025	0.591	flat	0.0011
GO:GOBP_DEVELOPMENTAL_PROCESS_INVOLVED_IN_REPRODUCTION	TLS_VISIUM_USZ::LC3	27	772	0.0988	3.11e-17	flat	0.0076
GO:GOBP_DEVELOPMENT_OF_PRIMARY_SEXUAL_CHARACTERISTICS	TLS_VISIUM_USZ::LC3	27	772	0.0092	0.0695	flat	0.0035
GO:GOBP_DICARBOXYLIC_ACID_METABOLIC_PROCESS	TLS_VISIUM_USZ::LC3	27	772	0.0029	0.533	flat	0.0042
GO:GOBP_DIGESTIVE_SYSTEM_PROCESS	TLS_VISIUM_USZ::LC3	27	772	0.1412	3.43e-25	flat	0.0229
GO:GOBP_DNA_BIOSYNTHETIC_PROCESS	TLS_VISIUM_USZ::LC3	27	772	0.0458	7.53e-08	flat	0.0151
GO:GOBP_DNA_DAMAGE_RESPONSE	TLS_VISIUM_USZ::LC3	27	772	0.0196	0.00164	flat	0.0039
GO:GOBP_DNA_INTEGRITY_CHECKPOINT_SIGNALING	TLS_VISIUM_USZ::LC3	27	772	0.0202	0.00134	flat	0.009
GO:GOBP_DNA_METABOLIC_PROCESS	TLS_VISIUM_USZ::LC3	27	772	0.0129	0.0187	flat	0.0033
GO:GOBP_DNA_RECOMBINATION	TLS_VISIUM_USZ::LC3	27	772	0.0275	8.56e-05	flat	0.0065
GO:GOBP_DNA_REPAIR	TLS_VISIUM_USZ::LC3	27	772	0.0029	0.532	flat	0.0018
GO:GOBP_DNA_REPLICATION	TLS_VISIUM_USZ::LC3	27	772	0.0126	0.0212	flat	0.0046
GO:GOBP_DNA_STRAND_ELONGATION	TLS_VISIUM_USZ::LC3	27	772	0.0128	0.0197	flat	0.0152
GO:GOBP_DNA_STRAND_ELONGATION_INVOLVED_IN_DNA_REPLICATION	TLS_VISIUM_USZ::LC3	27	772	0.0152	0.00829	flat	0.0167
GO:GOBP_DNA_TEMPLATED_DNA_REPLICATION	TLS_VISIUM_USZ::LC3	27	772	0.0286	5.73e-05	flat	0.0093
GO:GOBP_DNA_TEMPLATED_TRANSCRIPTION_INITIATION	TLS_VISIUM_USZ::LC3	27	772	0.0052	0.259	flat	0.0036
GO:GOBP_DOUBLE_STRAND_BREAK_REPAIR	TLS_VISIUM_USZ::LC3	27	772	0.0037	0.414	flat	0.0027
GO:GOBP_EAR_DEVELOPMENT	TLS_VISIUM_USZ::LC3	27	772	0.1106	2.07e-19	flat	0.0161
GO:GOBP_EAR_MORPHOGENESIS	TLS_VISIUM_USZ::LC3	27	772	0.0703	4.2e-12	flat	0.0136
GO:GOBP_ELECTRON_TRANSPORT_CHAIN	TLS_VISIUM_USZ::LC3	27	772	0.1201	3.51e-21	flat	0.0389
GO:GOBP_EMBRYONIC_MORPHOGENESIS	TLS_VISIUM_USZ::LC3	27	772	0.0104	0.0457	flat	0.0027
GO:GOBP_EMBRYONIC_ORGAN_DEVELOPMENT	TLS_VISIUM_USZ::LC3	27	772	0.0241	0.000305	flat	0.0046
GO:GOBP_EMBRYONIC_ORGAN_MORPHOGENESIS	TLS_VISIUM_USZ::LC3	27	772	0.1098	2.98e-19	flat	0.0132
GO:GOBP_EMBRYO_DEVELOPMENT	TLS_VISIUM_USZ::LC3	27	772	0.0094	0.0645	flat	0.0022
GO:GOBP_EMBRYO_DEVELOPMENT_ENDING_IN_BIRTH_OR_EGG_HATCHING	TLS_VISIUM_USZ::LC3	27	772	0.0236	0.000372	flat	0.0038
GO:GOBP_ENDOCYTOSIS	TLS_VISIUM_USZ::LC3	27	772	0.1085	5.07e-19	flat	0.0129
GO:GOBP_ENDOMEMBRANE_SYSTEM_ORGANIZATION	TLS_VISIUM_USZ::LC3	27	772	0.0319	1.6e-05	flat	0.0052
GO:GOBP_ENDOPLASMIC_RETICULUM_TO_GOLGI_VESICLE_MEDIATED_TRANSPORT	TLS_VISIUM_USZ::LC3	27	772	0.1208	2.6e-21	flat	0.0451
GO:GOBP_ENDOSOMAL_TRANSPORT	TLS_VISIUM_USZ::LC3	27	772	0.0459	7.1e-08	flat	0.0115
GO:GOBP_ENDOTHELIAL_CELL_MIGRATION	TLS_VISIUM_USZ::LC3	27	772	0.157	2.97e-28	flat	0.0313
GO:GOBP_ENDOTHELIAL_CELL_PROLIFERATION	TLS_VISIUM_USZ::LC3	27	772	0.0573	7.86e-10	flat	0.0154
GO:GOBP_ENDOTHELIUM_DEVELOPMENT	TLS_VISIUM_USZ::LC3	27	772	0.0486	2.5e-08	flat	0.0146
GO:GOBP_ENERGY_DERIVATION_BY_OXIDATION_OF_ORGANIC_COMPOUNDS	TLS_VISIUM_USZ::LC3	27	772	0.0653	3.12e-11	flat	0.0133
GO:GOBP_ENZYME_LINKED_RECEPTOR_PROTEIN_SIGNALING_PATHWAY	TLS_VISIUM_USZ::LC3	27	772	0.0579	6.13e-10	flat	0.0076
GO:GOBP_EPIDERMAL_CELL_DIFFERENTIATION	TLS_VISIUM_USZ::LC3	27	772	0.0012	0.823	flat	0.0011
GO:GOBP_EPIDERMIS_DEVELOPMENT	TLS_VISIUM_USZ::LC3	27	772	0.1314	2.6e-23	flat	0.0164
GO:GOBP_EPIGENETIC_REGULATION_OF_GENE_EXPRESSION	TLS_VISIUM_USZ::LC3	27	772	0.0173	0.00384	flat	0.0061
GO:GOBP_EPITHELIAL_CELL_DEVELOPMENT	TLS_VISIUM_USZ::LC3	27	772	0.0649	3.66e-11	flat	0.0142
GO:GOBP_EPITHELIAL_CELL_DIFFERENTIATION	TLS_VISIUM_USZ::LC3	27	772	0.0439	1.56e-07	flat	0.0059
GO:GOBP_EPITHELIAL_CELL_PROLIFERATION	TLS_VISIUM_USZ::LC3	27	772	0.0492	1.97e-08	flat	0.0086
GO:GOBP_EPITHELIAL_TO_MESENCHYMAL_TRANSITION	TLS_VISIUM_USZ::LC3	27	772	0.028	7.08e-05	flat	0.0098
GO:GOBP_EPITHELIAL_TUBE_MORPHOGENESIS	TLS_VISIUM_USZ::LC3	27	772	0.0659	2.5e-11	flat	0.0111
GO:GOBP_EPITHELIUM_DEVELOPMENT	TLS_VISIUM_USZ::LC3	27	772	0.0537	3.3e-09	flat	0.0052
GO:GOBP_ERK1_AND_ERK2_CASCADE	TLS_VISIUM_USZ::LC3	27	772	0.083	2.31e-14	flat	0.016
GO:GOBP_ESTABLISHMENT_OF_ORGANELLE_LOCALIZATION	TLS_VISIUM_USZ::LC3	27	772	0.0289	4.99e-05	flat	0.0053
GO:GOBP_ESTABLISHMENT_OF_PROTEIN_LOCALIZATION	TLS_VISIUM_USZ::LC3	27	772	0.1271	1.73e-22	flat	0.0096
GO:GOBP_ESTABLISHMENT_OF_PROTEIN_LOCALIZATION_TO_MEMBRANE	TLS_VISIUM_USZ::LC3	27	772	0.1347	6.17e-24	flat	0.026
GO:GOBP_ESTABLISHMENT_OF_PROTEIN_LOCALIZATION_TO_ORGANELLE	TLS_VISIUM_USZ::LC3	27	772	0.147	2.61e-26	flat	0.0234
GO:GOBP_ESTABLISHMENT_OF_RNA_LOCALIZATION	TLS_VISIUM_USZ::LC3	27	772	0.0465	5.55e-08	flat	0.0152
GO:GOBP_ESTABLISHMENT_OR_MAINTENANCE_OF_CELL_POLARITY	TLS_VISIUM_USZ::LC3	27	772	0.0485	2.51e-08	flat	0.0129
GO:GOBP_EXOCYTOSIS	TLS_VISIUM_USZ::LC3	27	772	0.0575	7.22e-10	flat	0.0094
GO:GOBP_EXPORT_FROM_CELL	TLS_VISIUM_USZ::LC3	27	772	0.0198	0.00151	flat	0.0024
GO:GOBP_EXTERNAL_ENCAPSULATING_STRUCTURE_ORGANIZATION	TLS_VISIUM_USZ::LC3	27	772	0.082	3.5e-14	flat	0.0173
GO:GOBP_FACE_DEVELOPMENT	TLS_VISIUM_USZ::LC3	27	772	0.0182	0.00277	flat	0.0145
GO:GOBP_FATTY_ACID_METABOLIC_PROCESS	TLS_VISIUM_USZ::LC3	27	772	0.0396	8.2e-07	flat	0.0067
GO:GOBP_FERTILIZATION	TLS_VISIUM_USZ::LC3	27	772	0.0506	1.11e-08	flat	0.0098
GO:GOBP_FIBROBLAST_GROWTH_FACTOR_RECEPTOR_SIGNALING_PATHWAY	TLS_VISIUM_USZ::LC3	27	772	0.0194	0.00178	flat	0.0097
GO:GOBP_FOCAL_ADHESION_ASSEMBLY	TLS_VISIUM_USZ::LC3	27	772	0.1327	1.5e-23	flat	0.0717
GO:GOBP_FORMATION_OF_PRIMARY_GERM_LAYER	TLS_VISIUM_USZ::LC3	27	772	0.0539	3.05e-09	flat	0.02
GO:GOBP_GAMETE_GENERATION	TLS_VISIUM_USZ::LC3	27	772	0.1565	3.73e-28	flat	0.0136
GO:GOBP_GENERATION_OF_NEURONS	TLS_VISIUM_USZ::LC3	27	772	0.1086	5.06e-19	flat	0.0067
GO:GOBP_GENERATION_OF_PRECURSOR_METABOLITES_AND_ENERGY	TLS_VISIUM_USZ::LC3	27	772	0.139	9.06e-25	flat	0.021
GO:GOBP_GLAND_DEVELOPMENT	TLS_VISIUM_USZ::LC3	27	772	0.0187	0.00231	flat	0.0042
GO:GOBP_GLIAL_CELL_DIFFERENTIATION	TLS_VISIUM_USZ::LC3	27	772	0.0095	0.061	flat	0.0044
GO:GOBP_GLOMERULUS_DEVELOPMENT	TLS_VISIUM_USZ::LC3	27	772	0.0009	0.867	flat	0.002
GO:GOBP_GLUCOSE_METABOLIC_PROCESS	TLS_VISIUM_USZ::LC3	27	772	0.0124	0.0226	flat	0.0057
GO:GOBP_GLYCEROLIPID_BIOSYNTHETIC_PROCESS	TLS_VISIUM_USZ::LC3	27	772	0.0285	5.79e-05	flat	0.0088
GO:GOBP_GLYCEROLIPID_METABOLIC_PROCESS	TLS_VISIUM_USZ::LC3	27	772	0.0315	1.87e-05	flat	0.0067
GO:GOBP_GLYCEROPHOSPHOLIPID_METABOLIC_PROCESS	TLS_VISIUM_USZ::LC3	27	772	0.0026	0.568	flat	0.0027
GO:GOBP_GLYCOPROTEIN_BIOSYNTHETIC_PROCESS	TLS_VISIUM_USZ::LC3	27	772	0.0041	0.367	flat	0.0026
GO:GOBP_GLYCOPROTEIN_METABOLIC_PROCESS	TLS_VISIUM_USZ::LC3	27	772	0.0232	0.000425	flat	0.0053
GO:GOBP_GLYCOSYLATION	TLS_VISIUM_USZ::LC3	27	772	0.0169	0.00442	flat	0.006
GO:GOBP_GOLGI_VESICLE_TRANSPORT	TLS_VISIUM_USZ::LC3	27	772	0.1183	7.66e-21	flat	0.0222
GO:GOBP_GRANULOCYTE_CHEMOTAXIS	TLS_VISIUM_USZ::LC3	27	772	0.0006	0.928	flat	0.0012
GO:GOBP_GRANULOCYTE_MIGRATION	TLS_VISIUM_USZ::LC3	27	772	0.0029	0.521	flat	0.0026
GO:GOBP_GROWTH	TLS_VISIUM_USZ::LC3	27	772	0.0332	9.94e-06	flat	0.0047
GO:GOBP_G_PROTEIN_COUPLED_RECEPTOR_SIGNALING_PATHWAY	TLS_VISIUM_USZ::LC3	27	772	0.2464	7.35e-47	flat	0.0294
GO:GOBP_HEAD_DEVELOPMENT	TLS_VISIUM_USZ::LC3	27	772	0.0911	7.99e-16	flat	0.0079
GO:GOBP_HEART_DEVELOPMENT	TLS_VISIUM_USZ::LC3	27	772	0.0206	0.00113	flat	0.0044
GO:GOBP_HEART_MORPHOGENESIS	TLS_VISIUM_USZ::LC3	27	772	0.0353	4.33e-06	flat	0.0085
GO:GOBP_HEART_PROCESS	TLS_VISIUM_USZ::LC3	27	772	0.0136	0.0146	flat	0.0044
GO:GOBP_HEMOPOIESIS	TLS_VISIUM_USZ::LC3	27	772	0.0829	2.37e-14	flat	0.0093
GO:GOBP_HINDBRAIN_DEVELOPMENT	TLS_VISIUM_USZ::LC3	27	772	0.1875	2.27e-34	flat	0.0287
GO:GOBP_HOMEOSTASIS_OF_NUMBER_OF_CELLS	TLS_VISIUM_USZ::LC3	27	772	0.103	5.31e-18	flat	0.0161
GO:GOBP_HOMEOSTATIC_PROCESS	TLS_VISIUM_USZ::LC3	27	772	0.0324	1.35e-05	flat	0.0033
GO:GOBP_HOMOPHILIC_CELL_ADHESION_VIA_PLASMA_MEMBRANE_ADHESION_MOLECULES	TLS_VISIUM_USZ::LC3	27	772	0.0119	0.0268	flat	0.0051
GO:GOBP_HORMONE_METABOLIC_PROCESS	TLS_VISIUM_USZ::LC3	27	772	0.1018	8.74e-18	flat	0.0136
GO:GOBP_HORMONE_TRANSPORT	TLS_VISIUM_USZ::LC3	27	772	0.0332	9.86e-06	flat	0.0059
GO:GOBP_HUMORAL_IMMUNE_RESPONSE	TLS_VISIUM_USZ::LC3	27	772	0.0275	8.47e-05	flat	0.0063
GO:GOBP_HUMORAL_IMMUNE_RESPONSE_MEDIATED_BY_CIRCULATING_IMMUNOGLOBULIN	TLS_VISIUM_USZ::LC3	27	772	0.0061	0.193	flat	0.0082
GO:GOBP_IMMUNE_EFFECTOR_PROCESS	TLS_VISIUM_USZ::LC3	27	772	0.0121	0.0247	flat	0.0035
GO:GOBP_IMMUNE_RESPONSE_REGULATING_CELL_SURFACE_RECEPTOR_SIGNALING_PATHWAY	TLS_VISIUM_USZ::LC3	27	772	0.0303	3.02e-05	flat	0.007
GO:GOBP_IMMUNE_RESPONSE_REGULATING_SIGNALING_PATHWAY	TLS_VISIUM_USZ::LC3	27	772	0.0062	0.19	flat	0.0029
GO:GOBP_IMPORT_INTO_CELL	TLS_VISIUM_USZ::LC3	27	772	0.0087	0.0825	flat	0.002
GO:GOBP_IMPORT_INTO_NUCLEUS	TLS_VISIUM_USZ::LC3	27	772	0.0485	2.54e-08	flat	0.0163
GO:GOBP_INFLAMMATORY_RESPONSE	TLS_VISIUM_USZ::LC3	27	772	0.0041	0.364	flat	0.0013
GO:GOBP_INORGANIC_ANION_TRANSMEMBRANE_TRANSPORT	TLS_VISIUM_USZ::LC3	27	772	0.1814	4e-33	flat	0.0244
GO:GOBP_INORGANIC_ION_HOMEOSTASIS	TLS_VISIUM_USZ::LC3	27	772	0.103	5.42e-18	flat	0.0098
GO:GOBP_INORGANIC_ION_IMPORT_ACROSS_PLASMA_MEMBRANE	TLS_VISIUM_USZ::LC3	27	772	0.1501	6.64e-27	flat	0.0245
GO:GOBP_INTEGRIN_MEDIATED_SIGNALING_PATHWAY	TLS_VISIUM_USZ::LC3	27	772	0.1354	4.44e-24	flat	0.0569
GO:GOBP_INTERFERON_BETA_PRODUCTION	TLS_VISIUM_USZ::LC3	27	772	0.0215	0.000806	flat	0.0183
GO:GOBP_INTERFERON_MEDIATED_SIGNALING_PATHWAY	TLS_VISIUM_USZ::LC3	27	772	0.0122	0.0245	flat	0.0081
GO:GOBP_INTERLEUKIN_6_PRODUCTION	TLS_VISIUM_USZ::LC3	27	772	0.0289	5.05e-05	flat	0.0116
GO:GOBP_INTRACELLULAR_MONOATOMIC_ION_HOMEOSTASIS	TLS_VISIUM_USZ::LC3	27	772	0.0017	0.723	flat	0.0012
GO:GOBP_INTRACELLULAR_PROTEIN_TRANSPORT	TLS_VISIUM_USZ::LC3	27	772	0.1646	9.22e-30	flat	0.0193
GO:GOBP_INTRACELLULAR_RECEPTOR_SIGNALING_PATHWAY	TLS_VISIUM_USZ::LC3	27	772	0.0236	0.000378	flat	0.0059
GO:GOBP_INTRACELLULAR_TRANSPORT	TLS_VISIUM_USZ::LC3	27	772	0.1731	1.82e-31	flat	0.018
GO:GOBP_INTRINSIC_APOPTOTIC_SIGNALING_PATHWAY	TLS_VISIUM_USZ::LC3	27	772	0.1475	2.06e-26	flat	0.0339
GO:GOBP_IN_UTERO_EMBRYONIC_DEVELOPMENT	TLS_VISIUM_USZ::LC3	27	772	0.08	7.78e-14	flat	0.0112
GO:GOBP_LEUKOCYTE_APOPTOTIC_PROCESS	TLS_VISIUM_USZ::LC3	27	772	0.0777	2.02e-13	flat	0.0219
GO:GOBP_LEUKOCYTE_CELL_CELL_ADHESION	TLS_VISIUM_USZ::LC3	27	772	0.1152	2.99e-20	flat	0.0192
GO:GOBP_LEUKOCYTE_CHEMOTAXIS	TLS_VISIUM_USZ::LC3	27	772	0.0182	0.00278	flat	0.0053
GO:GOBP_LEUKOCYTE_DIFFERENTIATION	TLS_VISIUM_USZ::LC3	27	772	0.002	0.673	flat	0.0012
GO:GOBP_LEUKOCYTE_MEDIATED_IMMUNITY	TLS_VISIUM_USZ::LC3	27	772	0.0295	4.06e-05	flat	0.0059
GO:GOBP_LEUKOCYTE_MIGRATION	TLS_VISIUM_USZ::LC3	27	772	0.02	0.00144	flat	0.0049
GO:GOBP_LEUKOCYTE_PROLIFERATION	TLS_VISIUM_USZ::LC3	27	772	0.0202	0.0013	flat	0.0055
GO:GOBP_LIPID_BIOSYNTHETIC_PROCESS	TLS_VISIUM_USZ::LC3	27	772	0.0464	5.84e-08	flat	0.0057
GO:GOBP_LIPID_CATABOLIC_PROCESS	TLS_VISIUM_USZ::LC3	27	772	0.1086	4.91e-19	flat	0.015
GO:GOBP_LIPID_LOCALIZATION	TLS_VISIUM_USZ::LC3	27	772	0.0276	8.41e-05	flat	0.0049
GO:GOBP_LIPID_METABOLIC_PROCESS	TLS_VISIUM_USZ::LC3	27	772	0.1083	5.73e-19	flat	0.0074
GO:GOBP_LIPID_MODIFICATION	TLS_VISIUM_USZ::LC3	27	772	0.0493	1.84e-08	flat	0.0123
GO:GOBP_LOCALIZATION_WITHIN_MEMBRANE	TLS_VISIUM_USZ::LC3	27	772	0.1067	1.13e-18	flat	0.0115
GO:GOBP_LOCOMOTION	TLS_VISIUM_USZ::LC3	27	772	0.11	2.69e-19	flat	0.0097
GO:GOBP_LYMPHOCYTE_ACTIVATION	TLS_VISIUM_USZ::LC3	27	772	0.0625	9.74e-11	flat	0.0075
GO:GOBP_LYMPHOCYTE_ACTIVATION_INVOLVED_IN_IMMUNE_RESPONSE	TLS_VISIUM_USZ::LC3	27	772	0.0242	0.000296	flat	0.0077
GO:GOBP_LYMPHOCYTE_DIFFERENTIATION	TLS_VISIUM_USZ::LC3	27	772	0.0033	0.472	flat	0.0022
GO:GOBP_LYMPHOCYTE_MEDIATED_IMMUNITY	TLS_VISIUM_USZ::LC3	27	772	0.018	0.00294	flat	0.006
GO:GOBP_MACROAUTOPHAGY	TLS_VISIUM_USZ::LC3	27	772	0.1594	9.83e-29	flat	0.0274
GO:GOBP_MACROMOLECULE_CATABOLIC_PROCESS	TLS_VISIUM_USZ::LC3	27	772	0.1016	9.84e-18	flat	0.0083
GO:GOBP_MAINTENANCE_OF_CELL_NUMBER	TLS_VISIUM_USZ::LC3	27	772	0.0105	0.0444	flat	0.005
GO:GOBP_MAINTENANCE_OF_LOCATION	TLS_VISIUM_USZ::LC3	27	772	0.0925	4.36e-16	flat	0.0198
GO:GOBP_MALE_GAMETE_GENERATION	TLS_VISIUM_USZ::LC3	27	772	0.215	4.44e-40	flat	0.0191
GO:GOBP_MALE_SEX_DIFFERENTIATION	TLS_VISIUM_USZ::LC3	27	772	0.0492	1.93e-08	flat	0.0091
GO:GOBP_MAPK_CASCADE	TLS_VISIUM_USZ::LC3	27	772	0.1013	1.1e-17	flat	0.0112
GO:GOBP_MEIOSIS_I_CELL_CYCLE_PROCESS	TLS_VISIUM_USZ::LC3	27	772	0.1068	1.05e-18	flat	0.0195
GO:GOBP_MEIOTIC_CELL_CYCLE	TLS_VISIUM_USZ::LC3	27	772	0.133	1.32e-23	flat	0.0176
GO:GOBP_MEIOTIC_CELL_CYCLE_PROCESS	TLS_VISIUM_USZ::LC3	27	772	0.136	3.46e-24	flat	0.0199
GO:GOBP_MEMBRANELESS_ORGANELLE_ASSEMBLY	TLS_VISIUM_USZ::LC3	27	772	0.0204	0.00124	flat	0.0047
GO:GOBP_MEMBRANE_LIPID_METABOLIC_PROCESS	TLS_VISIUM_USZ::LC3	27	772	0.0423	2.86e-07	flat	0.0101
GO:GOBP_MEMBRANE_ORGANIZATION	TLS_VISIUM_USZ::LC3	27	772	0.0985	3.53e-17	flat	0.0112
GO:GOBP_MESENCHYMAL_CELL_DIFFERENTIATION	TLS_VISIUM_USZ::LC3	27	772	0.0143	0.0114	flat	0.0053
GO:GOBP_MESENCHYME_DEVELOPMENT	TLS_VISIUM_USZ::LC3	27	772	0.0016	0.745	flat	0.0014
GO:GOBP_METAL_ION_TRANSPORT	TLS_VISIUM_USZ::LC3	27	772	0.1208	2.61e-21	flat	0.0098
GO:GOBP_METAPHASE_CHROMOSOME_ALIGNMENT	TLS_VISIUM_USZ::LC3	27	772	0.0325	1.3e-05	flat	0.0133
GO:GOBP_MICROTUBULE_BASED_MOVEMENT	TLS_VISIUM_USZ::LC3	27	772	0.1275	1.46e-22	flat	0.0162
GO:GOBP_MICROTUBULE_BASED_PROCESS	TLS_VISIUM_USZ::LC3	27	772	0.0987	3.34e-17	flat	0.0105
GO:GOBP_MICROTUBULE_CYTOSKELETON_ORGANIZATION	TLS_VISIUM_USZ::LC3	27	772	0.1204	3.1e-21	flat	0.0145
GO:GOBP_MICROTUBULE_CYTOSKELETON_ORGANIZATION_INVOLVED_IN_MITOSIS	TLS_VISIUM_USZ::LC3	27	772	0.0042	0.356	flat	0.0039
GO:GOBP_MITOCHONDRIAL_ELECTRON_TRANSPORT_CYTOCHROME_C_TO_OXYGEN	TLS_VISIUM_USZ::LC3	27	772	0.0659	2.44e-11	flat	0.0536
GO:GOBP_MITOCHONDRIAL_TRANSPORT	TLS_VISIUM_USZ::LC3	27	772	0.069	6.95e-12	flat	0.0227
GO:GOBP_MITOCHONDRION_ORGANIZATION	TLS_VISIUM_USZ::LC3	27	772	0.0386	1.23e-06	flat	0.0075
GO:GOBP_MITOTIC_CELL_CYCLE	TLS_VISIUM_USZ::LC3	27	772	0.0084	0.0914	flat	0.0025
GO:GOBP_MITOTIC_CELL_CYCLE_CHECKPOINT_SIGNALING	TLS_VISIUM_USZ::LC3	27	772	0.0039	0.391	flat	0.0043
GO:GOBP_MITOTIC_CELL_CYCLE_PHASE_TRANSITION	TLS_VISIUM_USZ::LC3	27	772	0.0106	0.0416	flat	0.0038
GO:GOBP_MITOTIC_CELL_CYCLE_PROCESS	TLS_VISIUM_USZ::LC3	27	772	0.0057	0.221	flat	0.002
GO:GOBP_MITOTIC_NUCLEAR_DIVISION	TLS_VISIUM_USZ::LC3	27	772	0.0142	0.0116	flat	0.0055
GO:GOBP_MITOTIC_SISTER_CHROMATID_SEGREGATION	TLS_VISIUM_USZ::LC3	27	772	0.0038	0.399	flat	0.0032
GO:GOBP_MITOTIC_SISTER_CHROMATID_SEPARATION	TLS_VISIUM_USZ::LC3	27	772	0.0288	5.24e-05	flat	0.0126
GO:GOBP_MITOTIC_SPINDLE_ASSEMBLY	TLS_VISIUM_USZ::LC3	27	772	0.022	0.000678	flat	0.0136
GO:GOBP_MITOTIC_SPINDLE_ORGANIZATION	TLS_VISIUM_USZ::LC3	27	772	0.0082	0.0971	flat	0.0058
GO:GOBP_MODIFICATION_DEPENDENT_MACROMOLECULE_CATABOLIC_PROCESS	TLS_VISIUM_USZ::LC3	27	772	0.072	2.07e-12	flat	0.0104
GO:GOBP_MODIFIED_AMINO_ACID_METABOLIC_PROCESS	TLS_VISIUM_USZ::LC3	27	772	0.0307	2.53e-05	flat	0.0067
GO:GOBP_MONOATOMIC_CATION_TRANSMEMBRANE_TRANSPORT	TLS_VISIUM_USZ::LC3	27	772	0.0822	3.22e-14	flat	0.0074
GO:GOBP_MONOATOMIC_CATION_TRANSPORT	TLS_VISIUM_USZ::LC3	27	772	0.0807	5.9e-14	flat	0.0065
GO:GOBP_MONOATOMIC_ION_HOMEOSTASIS	TLS_VISIUM_USZ::LC3	27	772	0.0619	1.21e-10	flat	0.0068
GO:GOBP_MONOATOMIC_ION_TRANSMEMBRANE_TRANSPORT	TLS_VISIUM_USZ::LC3	27	772	0.1353	4.62e-24	flat	0.0104
GO:GOBP_MONOATOMIC_ION_TRANSPORT	TLS_VISIUM_USZ::LC3	27	772	0.2372	7.5e-45	flat	0.0168
GO:GOBP_MONOCARBOXYLIC_ACID_BIOSYNTHETIC_PROCESS	TLS_VISIUM_USZ::LC3	27	772	0.0177	0.00327	flat	0.005
GO:GOBP_MONOCARBOXYLIC_ACID_METABOLIC_PROCESS	TLS_VISIUM_USZ::LC3	27	772	0.0261	0.000148	flat	0.0048
GO:GOBP_MONONUCLEAR_CELL_DIFFERENTIATION	TLS_VISIUM_USZ::LC3	27	772	0.0333	9.33e-06	flat	0.0066
GO:GOBP_MONONUCLEAR_CELL_MIGRATION	TLS_VISIUM_USZ::LC3	27	772	0.0601	2.59e-10	flat	0.0133
GO:GOBP_MONOSACCHARIDE_METABOLIC_PROCESS	TLS_VISIUM_USZ::LC3	27	772	0.0254	0.000186	flat	0.0068
GO:GOBP_MORPHOGENESIS_OF_AN_EPITHELIUM	TLS_VISIUM_USZ::LC3	27	772	0.1198	4.1e-21	flat	0.0166
GO:GOBP_MORPHOGENESIS_OF_A_BRANCHING_STRUCTURE	TLS_VISIUM_USZ::LC3	27	772	0.1529	1.83e-27	flat	0.0253
GO:GOBP_MRNA_CATABOLIC_PROCESS	TLS_VISIUM_USZ::LC3	27	772	0.102	8.06e-18	flat	0.0231
GO:GOBP_MRNA_METABOLIC_PROCESS	TLS_VISIUM_USZ::LC3	27	772	0.0884	2.44e-15	flat	0.0111
GO:GOBP_MRNA_PROCESSING	TLS_VISIUM_USZ::LC3	27	772	0.1171	1.29e-20	flat	0.0179
GO:GOBP_MRNA_TRANSPORT	TLS_VISIUM_USZ::LC3	27	772	0.053	4.34e-09	flat	0.0187
GO:GOBP_MULTICELLULAR_ORGANISMAL_LEVEL_HOMEOSTASIS	TLS_VISIUM_USZ::LC3	27	772	0.0495	1.75e-08	flat	0.0057
GO:GOBP_MULTICELLULAR_ORGANISMAL_REPRODUCTIVE_PROCESS	TLS_VISIUM_USZ::LC3	27	772	0.1947	7.74e-36	flat	0.0167
GO:GOBP_MUSCLE_CELL_DEVELOPMENT	TLS_VISIUM_USZ::LC3	27	772	0.1615	3.77e-29	flat	0.0219
GO:GOBP_MUSCLE_CELL_DIFFERENTIATION	TLS_VISIUM_USZ::LC3	27	772	0.0405	5.76e-07	flat	0.0063
GO:GOBP_MUSCLE_CELL_PROLIFERATION	TLS_VISIUM_USZ::LC3	27	772	0.004	0.382	flat	0.0025
GO:GOBP_MUSCLE_CONTRACTION	TLS_VISIUM_USZ::LC3	27	772	0.0987	3.31e-17	flat	0.0122
GO:GOBP_MUSCLE_ORGAN_DEVELOPMENT	TLS_VISIUM_USZ::LC3	27	772	0.0325	1.26e-05	flat	0.0065
GO:GOBP_MUSCLE_STRUCTURE_DEVELOPMENT	TLS_VISIUM_USZ::LC3	27	772	0.0009	0.882	flat	0.0005
GO:GOBP_MUSCLE_SYSTEM_PROCESS	TLS_VISIUM_USZ::LC3	27	772	0.031	2.28e-05	flat	0.0052
GO:GOBP_MUSCLE_TISSUE_DEVELOPMENT	TLS_VISIUM_USZ::LC3	27	772	0.0126	0.021	flat	0.0033
GO:GOBP_MYELOID_CELL_DIFFERENTIATION	TLS_VISIUM_USZ::LC3	27	772	0.0769	2.79e-13	flat	0.0112
GO:GOBP_MYELOID_CELL_HOMEOSTASIS	TLS_VISIUM_USZ::LC3	27	772	0.1194	4.88e-21	flat	0.0257
GO:GOBP_MYELOID_LEUKOCYTE_ACTIVATION	TLS_VISIUM_USZ::LC3	27	772	0.006	0.204	flat	0.0028
GO:GOBP_MYELOID_LEUKOCYTE_DIFFERENTIATION	TLS_VISIUM_USZ::LC3	27	772	0.0221	0.000662	flat	0.0071
GO:GOBP_NEGATIVE_REGULATION_OF_APOPTOTIC_SIGNALING_PATHWAY	TLS_VISIUM_USZ::LC3	27	772	0.124	6.5e-22	flat	0.0394
GO:GOBP_NEGATIVE_REGULATION_OF_CATABOLIC_PROCESS	TLS_VISIUM_USZ::LC3	27	772	0.083	2.3e-14	flat	0.0138
GO:GOBP_NEGATIVE_REGULATION_OF_CELLULAR_COMPONENT_ORGANIZATION	TLS_VISIUM_USZ::LC3	27	772	0.0614	1.54e-10	flat	0.0079
GO:GOBP_NEGATIVE_REGULATION_OF_CELLULAR_RESPONSE_TO_GROWTH_FACTOR_STIMULUS	TLS_VISIUM_USZ::LC3	27	772	0.0858	7.1e-15	flat	0.0171
GO:GOBP_NEGATIVE_REGULATION_OF_CELL_ACTIVATION	TLS_VISIUM_USZ::LC3	27	772	0.0557	1.5e-09	flat	0.0129
GO:GOBP_NEGATIVE_REGULATION_OF_CELL_ADHESION	TLS_VISIUM_USZ::LC3	27	772	0.0968	7.19e-17	flat	0.0153
GO:GOBP_NEGATIVE_REGULATION_OF_CELL_CYCLE	TLS_VISIUM_USZ::LC3	27	772	0.0209	0.00102	flat	0.0062
GO:GOBP_NEGATIVE_REGULATION_OF_CELL_CYCLE_PROCESS	TLS_VISIUM_USZ::LC3	27	772	0.0129	0.0187	flat	0.0045
GO:GOBP_NEGATIVE_REGULATION_OF_CELL_DEVELOPMENT	TLS_VISIUM_USZ::LC3	27	772	0.015	0.00888	flat	0.0046
GO:GOBP_NEGATIVE_REGULATION_OF_CELL_DIFFERENTIATION	TLS_VISIUM_USZ::LC3	27	772	0.0015	0.771	flat	0.001
GO:GOBP_NEGATIVE_REGULATION_OF_CELL_POPULATION_PROLIFERATION	TLS_VISIUM_USZ::LC3	27	772	0.118	8.64e-21	flat	0.0164
GO:GOBP_NEGATIVE_REGULATION_OF_CYTOKINE_PRODUCTION	TLS_VISIUM_USZ::LC3	27	772	0.0065	0.171	flat	0.0027
GO:GOBP_NEGATIVE_REGULATION_OF_CYTOSKELETON_ORGANIZATION	TLS_VISIUM_USZ::LC3	27	772	0.0037	0.418	flat	0.0035
GO:GOBP_NEGATIVE_REGULATION_OF_DEFENSE_RESPONSE	TLS_VISIUM_USZ::LC3	27	772	0.0075	0.123	flat	0.0039
GO:GOBP_NEGATIVE_REGULATION_OF_DEVELOPMENTAL_PROCESS	TLS_VISIUM_USZ::LC3	27	772	0.0047	0.303	flat	0.0019
GO:GOBP_NEGATIVE_REGULATION_OF_GENE_EXPRESSION	TLS_VISIUM_USZ::LC3	27	772	0.0442	1.4e-07	flat	0.0063
GO:GOBP_NEGATIVE_REGULATION_OF_GENE_EXPRESSION_EPIGENETIC	TLS_VISIUM_USZ::LC3	27	772	0.0076	0.12	flat	0.0047
GO:GOBP_NEGATIVE_REGULATION_OF_IMMUNE_SYSTEM_PROCESS	TLS_VISIUM_USZ::LC3	27	772	0.1121	1.13e-19	flat	0.0131
GO:GOBP_NEGATIVE_REGULATION_OF_INFLAMMATORY_RESPONSE	TLS_VISIUM_USZ::LC3	27	772	0.0262	0.000139	flat	0.0102
GO:GOBP_NEGATIVE_REGULATION_OF_INNATE_IMMUNE_RESPONSE	TLS_VISIUM_USZ::LC3	27	772	0.0551	1.86e-09	flat	0.0216
GO:GOBP_NEGATIVE_REGULATION_OF_INTRACELLULAR_SIGNAL_TRANSDUCTION	TLS_VISIUM_USZ::LC3	27	772	0.1144	4.21e-20	flat	0.0148
GO:GOBP_NEGATIVE_REGULATION_OF_LEUKOCYTE_MEDIATED_IMMUNITY	TLS_VISIUM_USZ::LC3	27	772	0.0117	0.0288	flat	0.0079
GO:GOBP_NEGATIVE_REGULATION_OF_LOCOMOTION	TLS_VISIUM_USZ::LC3	27	772	0.1135	6.15e-20	flat	0.0166
GO:GOBP_NEGATIVE_REGULATION_OF_LYMPHOCYTE_ACTIVATION	TLS_VISIUM_USZ::LC3	27	772	0.0502	1.32e-08	flat	0.0147
GO:GOBP_NEGATIVE_REGULATION_OF_MITOTIC_CELL_CYCLE	TLS_VISIUM_USZ::LC3	27	772	0.0548	2.13e-09	flat	0.0117
GO:GOBP_NEGATIVE_REGULATION_OF_MITOTIC_CELL_CYCLE_PHASE_TRANSITION	TLS_VISIUM_USZ::LC3	27	772	0.034	7.32e-06	flat	0.0116
GO:GOBP_NEGATIVE_REGULATION_OF_MOLECULAR_FUNCTION	TLS_VISIUM_USZ::LC3	27	772	0.0094	0.0636	flat	0.0032
GO:GOBP_NEGATIVE_REGULATION_OF_MULTICELLULAR_ORGANISMAL_PROCESS	TLS_VISIUM_USZ::LC3	27	772	0.0085	0.0862	flat	0.0018
GO:GOBP_NEGATIVE_REGULATION_OF_NUCLEOBASE_CONTAINING_COMPOUND_METABOLIC_PROCESS	TLS_VISIUM_USZ::LC3	27	772	0.013	0.0179	flat	0.0021
GO:GOBP_NEGATIVE_REGULATION_OF_ORGANELLE_ORGANIZATION	TLS_VISIUM_USZ::LC3	27	772	0.0066	0.167	flat	0.0037
GO:GOBP_NEGATIVE_REGULATION_OF_PROGRAMMED_CELL_DEATH	TLS_VISIUM_USZ::LC3	27	772	0.1026	6.26e-18	flat	0.0124
GO:GOBP_NEGATIVE_REGULATION_OF_PROTEIN_LOCALIZATION	TLS_VISIUM_USZ::LC3	27	772	0.1023	7.11e-18	flat	0.0191
GO:GOBP_NEGATIVE_REGULATION_OF_PROTEIN_METABOLIC_PROCESS	TLS_VISIUM_USZ::LC3	27	772	0.1555	5.65e-28	flat	0.0268
GO:GOBP_NEGATIVE_REGULATION_OF_PROTEIN_MODIFICATION_PROCESS	TLS_VISIUM_USZ::LC3	27	772	0.0702	4.35e-12	flat	0.0227
GO:GOBP_NEGATIVE_REGULATION_OF_PROTEOLYSIS	TLS_VISIUM_USZ::LC3	27	772	0.0818	3.74e-14	flat	0.0259
GO:GOBP_NEGATIVE_REGULATION_OF_REPRODUCTIVE_PROCESS	TLS_VISIUM_USZ::LC3	27	772	0.016	0.00607	flat	0.01
GO:GOBP_NEGATIVE_REGULATION_OF_RESPONSE_TO_BIOTIC_STIMULUS	TLS_VISIUM_USZ::LC3	27	772	0.0001	0.993	flat	0.0005
GO:GOBP_NEGATIVE_REGULATION_OF_RESPONSE_TO_EXTERNAL_STIMULUS	TLS_VISIUM_USZ::LC3	27	772	0.005	0.276	flat	0.0016
GO:GOBP_NEGATIVE_REGULATION_OF_RESPONSE_TO_STIMULUS	TLS_VISIUM_USZ::LC3	27	772	0.1191	5.58e-21	flat	0.0084
GO:GOBP_NEGATIVE_REGULATION_OF_RNA_METABOLIC_PROCESS	TLS_VISIUM_USZ::LC3	27	772	0.0093	0.0671	flat	0.0017
GO:GOBP_NEGATIVE_REGULATION_OF_SIGNALING	TLS_VISIUM_USZ::LC3	27	772	0.1238	7.02e-22	flat	0.0105
GO:GOBP_NEGATIVE_REGULATION_OF_SMOOTH_MUSCLE_CELL_PROLIFERATION	TLS_VISIUM_USZ::LC3	27	772	0.0752	5.73e-13	flat	0.0277
GO:GOBP_NEGATIVE_REGULATION_OF_SUPRAMOLECULAR_FIBER_ORGANIZATION	TLS_VISIUM_USZ::LC3	27	772	0.0121	0.0251	flat	0.0052
GO:GOBP_NEGATIVE_REGULATION_OF_TRANSCRIPTION_BY_RNA_POLYMERASE_II	TLS_VISIUM_USZ::LC3	27	772	0.009	0.0745	flat	0.0021
GO:GOBP_NEGATIVE_REGULATION_OF_TRANSFORMING_GROWTH_FACTOR_BETA_RECEPTOR_SIGNALING_PATHWAY	TLS_VISIUM_USZ::LC3	27	772	0.1063	1.3e-18	flat	0.0302
GO:GOBP_NEGATIVE_REGULATION_OF_TRANSMEMBRANE_RECEPTOR_PROTEIN_SERINE_THREONINE_KINASE_SIGNALING_PATHWAY	TLS_VISIUM_USZ::LC3	27	772	0.0576	6.99e-10	flat	0.0156
GO:GOBP_NEGATIVE_REGULATION_OF_TRANSPORT	TLS_VISIUM_USZ::LC3	27	772	0.0359	3.53e-06	flat	0.0075
GO:GOBP_NEGATIVE_REGULATION_OF_VIRAL_PROCESS	TLS_VISIUM_USZ::LC3	27	772	0.0432	2e-07	flat	0.0196
GO:GOBP_NEGATIVE_REGULATION_OF_WNT_SIGNALING_PATHWAY	TLS_VISIUM_USZ::LC3	27	772	0.1064	1.27e-18	flat	0.0241
GO:GOBP_NERVOUS_SYSTEM_PROCESS	TLS_VISIUM_USZ::LC3	27	772	0.2431	3.96e-46	flat	0.0238
GO:GOBP_NEUROGENESIS	TLS_VISIUM_USZ::LC3	27	772	0.0311	2.21e-05	flat	0.0028
GO:GOBP_NEURON_DEVELOPMENT	TLS_VISIUM_USZ::LC3	27	772	0.072	2.05e-12	flat	0.0057
GO:GOBP_NEURON_PROJECTION_GUIDANCE	TLS_VISIUM_USZ::LC3	27	772	0.0154	0.00758	flat	0.0046
GO:GOBP_NITROGEN_COMPOUND_TRANSPORT	TLS_VISIUM_USZ::LC3	27	772	0.0027	0.559	flat	0.0009
GO:GOBP_NON_CANONICAL_WNT_SIGNALING_PATHWAY	TLS_VISIUM_USZ::LC3	27	772	0.0039	0.385	flat	0.0051
GO:GOBP_NOTCH_SIGNALING_PATHWAY	TLS_VISIUM_USZ::LC3	27	772	0.0046	0.317	flat	0.0031
GO:GOBP_NUCLEAR_CHROMOSOME_SEGREGATION	TLS_VISIUM_USZ::LC3	27	772	0.0418	3.57e-07	flat	0.0091
GO:GOBP_NUCLEAR_EXPORT	TLS_VISIUM_USZ::LC3	27	772	0.1803	6.55e-33	flat	0.0573
GO:GOBP_NUCLEAR_TRANSCRIBED_MRNA_CATABOLIC_PROCESS	TLS_VISIUM_USZ::LC3	27	772	0.1307	3.53e-23	flat	0.0394
GO:GOBP_NUCLEAR_TRANSPORT	TLS_VISIUM_USZ::LC3	27	772	0.1162	1.95e-20	flat	0.0202
GO:GOBP_NUCLEIC_ACID_CATABOLIC_PROCESS	TLS_VISIUM_USZ::LC3	27	772	0.0852	9.38e-15	flat	0.0146
GO:GOBP_NUCLEOBASE_CONTAINING_COMPOUND_CATABOLIC_PROCESS	TLS_VISIUM_USZ::LC3	27	772	0.1227	1.15e-21	flat	0.0163
GO:GOBP_NUCLEOBASE_CONTAINING_COMPOUND_TRANSPORT	TLS_VISIUM_USZ::LC3	27	772	0.0033	0.471	flat	0.0022
GO:GOBP_NUCLEOBASE_CONTAINING_SMALL_MOLECULE_METABOLIC_PROCESS	TLS_VISIUM_USZ::LC3	27	772	0.1255	3.39e-22	flat	0.0137
GO:GOBP_NUCLEOSIDE_PHOSPHATE_BIOSYNTHETIC_PROCESS	TLS_VISIUM_USZ::LC3	27	772	0.0993	2.61e-17	flat	0.0192
GO:GOBP_NUCLEOSIDE_PHOSPHATE_CATABOLIC_PROCESS	TLS_VISIUM_USZ::LC3	27	772	0.0715	2.54e-12	flat	0.0193
GO:GOBP_NUCLEOSIDE_TRIPHOSPHATE_BIOSYNTHETIC_PROCESS	TLS_VISIUM_USZ::LC3	27	772	0.1373	1.97e-24	flat	0.0466
GO:GOBP_NUCLEOSIDE_TRIPHOSPHATE_METABOLIC_PROCESS	TLS_VISIUM_USZ::LC3	27	772	0.1705	6.02e-31	flat	0.045
GO:GOBP_NUCLEOTIDE_BIOSYNTHETIC_PROCESS	TLS_VISIUM_USZ::LC3	27	772	0.1229	1.05e-21	flat	0.0262
GO:GOBP_NUCLEOTIDE_METABOLIC_PROCESS	TLS_VISIUM_USZ::LC3	27	772	0.1423	2.13e-25	flat	0.0203
GO:GOBP_OLEFINIC_COMPOUND_METABOLIC_PROCESS	TLS_VISIUM_USZ::LC3	27	772	0.0318	1.65e-05	flat	0.0086
GO:GOBP_ORGANELLE_ASSEMBLY	TLS_VISIUM_USZ::LC3	27	772	0.0973	5.94e-17	flat	0.0086
GO:GOBP_ORGANELLE_FISSION	TLS_VISIUM_USZ::LC3	27	772	0.0554	1.69e-09	flat	0.0079
GO:GOBP_ORGANELLE_LOCALIZATION	TLS_VISIUM_USZ::LC3	27	772	0.0686	8.24e-12	flat	0.0091
GO:GOBP_ORGANIC_ACID_METABOLIC_PROCESS	TLS_VISIUM_USZ::LC3	27	772	0.1639	1.27e-29	flat	0.0118
GO:GOBP_ORGANIC_ACID_TRANSPORT	TLS_VISIUM_USZ::LC3	27	772	0.1614	3.89e-29	flat	0.0161
GO:GOBP_ORGANIC_ANION_TRANSPORT	TLS_VISIUM_USZ::LC3	27	772	0.1354	4.5e-24	flat	0.0142
GO:GOBP_ORGANOPHOSPHATE_BIOSYNTHETIC_PROCESS	TLS_VISIUM_USZ::LC3	27	772	0.008	0.104	flat	0.0028
GO:GOBP_ORGANOPHOSPHATE_CATABOLIC_PROCESS	TLS_VISIUM_USZ::LC3	27	772	0.0049	0.285	flat	0.0027
GO:GOBP_ORGANOPHOSPHATE_METABOLIC_PROCESS	TLS_VISIUM_USZ::LC3	27	772	0.0249	0.000233	flat	0.0035
GO:GOBP_OSSIFICATION	TLS_VISIUM_USZ::LC3	27	772	0.1145	3.95e-20	flat	0.0155
GO:GOBP_OSTEOBLAST_PROLIFERATION	TLS_VISIUM_USZ::LC3	27	772	0.0782	1.67e-13	flat	0.051
GO:GOBP_OXIDATIVE_PHOSPHORYLATION	TLS_VISIUM_USZ::LC3	27	772	0.1812	4.34e-33	flat	0.0774
GO:GOBP_PATTERN_SPECIFICATION_PROCESS	TLS_VISIUM_USZ::LC3	27	772	0.1513	3.8e-27	flat	0.0121
GO:GOBP_PEPTIDE_ANTIGEN_ASSEMBLY_WITH_MHC_PROTEIN_COMPLEX	TLS_VISIUM_USZ::LC3	27	772	0.0869	4.54e-15	flat	0.0915
GO:GOBP_PEPTIDE_TRANSPORT	TLS_VISIUM_USZ::LC3	27	772	0.0828	2.52e-14	flat	0.01
GO:GOBP_PEPTIDYL_AMINO_ACID_MODIFICATION	TLS_VISIUM_USZ::LC3	27	772	0.083	2.27e-14	flat	0.0117
GO:GOBP_PHOSPHATIDYLINOSITOL_3_KINASE_PROTEIN_KINASE_B_SIGNAL_TRANSDUCTION	TLS_VISIUM_USZ::LC3	27	772	0.0099	0.0547	flat	0.0043
GO:GOBP_PHOSPHOLIPID_BIOSYNTHETIC_PROCESS	TLS_VISIUM_USZ::LC3	27	772	0.0059	0.209	flat	0.0039
GO:GOBP_PHOSPHOLIPID_METABOLIC_PROCESS	TLS_VISIUM_USZ::LC3	27	772	0.0141	0.0124	flat	0.0042
GO:GOBP_PHOSPHORUS_METABOLIC_PROCESS	TLS_VISIUM_USZ::LC3	27	772	0.0364	2.84e-06	flat	0.0033
GO:GOBP_PHOSPHORYLATION	TLS_VISIUM_USZ::LC3	27	772	0.0054	0.246	flat	0.0022
GO:GOBP_PLACENTA_DEVELOPMENT	TLS_VISIUM_USZ::LC3	27	772	0.1335	1.01e-23	flat	0.0358
GO:GOBP_POSITIVE_REGULATION_OF_ADAPTIVE_IMMUNE_RESPONSE	TLS_VISIUM_USZ::LC3	27	772	0.0023	0.614	flat	0.0023
GO:GOBP_POSITIVE_REGULATION_OF_CANONICAL_NF_KAPPAB_SIGNAL_TRANSDUCTION	TLS_VISIUM_USZ::LC3	27	772	0.0798	8.4e-14	flat	0.021
GO:GOBP_POSITIVE_REGULATION_OF_CATABOLIC_PROCESS	TLS_VISIUM_USZ::LC3	27	772	0.0655	2.88e-11	flat	0.0105
GO:GOBP_POSITIVE_REGULATION_OF_CATALYTIC_ACTIVITY	TLS_VISIUM_USZ::LC3	27	772	0.0526	5.14e-09	flat	0.013
GO:GOBP_POSITIVE_REGULATION_OF_CELLULAR_COMPONENT_BIOGENESIS	TLS_VISIUM_USZ::LC3	27	772	0.0364	2.87e-06	flat	0.0062
GO:GOBP_POSITIVE_REGULATION_OF_CELLULAR_COMPONENT_ORGANIZATION	TLS_VISIUM_USZ::LC3	27	772	0.0433	1.96e-07	flat	0.0054
GO:GOBP_POSITIVE_REGULATION_OF_CELL_ACTIVATION	TLS_VISIUM_USZ::LC3	27	772	0.0897	1.4e-15	flat	0.0162
GO:GOBP_POSITIVE_REGULATION_OF_CELL_ADHESION	TLS_VISIUM_USZ::LC3	27	772	0.0251	0.000208	flat	0.0065
GO:GOBP_POSITIVE_REGULATION_OF_CELL_CELL_ADHESION	TLS_VISIUM_USZ::LC3	27	772	0.0964	8.53e-17	flat	0.0164
GO:GOBP_POSITIVE_REGULATION_OF_CELL_CYCLE	TLS_VISIUM_USZ::LC3	27	772	0.029	4.86e-05	flat	0.0062
GO:GOBP_POSITIVE_REGULATION_OF_CELL_CYCLE_PHASE_TRANSITION	TLS_VISIUM_USZ::LC3	27	772	0.0033	0.475	flat	0.0023
GO:GOBP_POSITIVE_REGULATION_OF_CELL_CYCLE_PROCESS	TLS_VISIUM_USZ::LC3	27	772	0.1619	3.09e-29	flat	0.0206
GO:GOBP_POSITIVE_REGULATION_OF_CELL_DEVELOPMENT	TLS_VISIUM_USZ::LC3	27	772	0.0082	0.0976	flat	0.0025
GO:GOBP_POSITIVE_REGULATION_OF_CELL_DIFFERENTIATION	TLS_VISIUM_USZ::LC3	27	772	0.0001	0.997	flat	0.0002
GO:GOBP_POSITIVE_REGULATION_OF_CELL_KILLING	TLS_VISIUM_USZ::LC3	27	772	0.0101	0.051	flat	0.0084
GO:GOBP_POSITIVE_REGULATION_OF_CELL_POPULATION_PROLIFERATION	TLS_VISIUM_USZ::LC3	27	772	0.0284	6.12e-05	flat	0.0046
GO:GOBP_POSITIVE_REGULATION_OF_CHROMOSOME_ORGANIZATION	TLS_VISIUM_USZ::LC3	27	772	0.0778	1.98e-13	flat	0.0299
GO:GOBP_POSITIVE_REGULATION_OF_CYTOKINE_PRODUCTION	TLS_VISIUM_USZ::LC3	27	772	0.0603	2.36e-10	flat	0.0107
GO:GOBP_POSITIVE_REGULATION_OF_CYTOSKELETON_ORGANIZATION	TLS_VISIUM_USZ::LC3	27	772	0.0002	0.988	flat	0.0007
GO:GOBP_POSITIVE_REGULATION_OF_DEFENSE_RESPONSE	TLS_VISIUM_USZ::LC3	27	772	0.0314	1.91e-05	flat	0.0057
GO:GOBP_POSITIVE_REGULATION_OF_DEVELOPMENTAL_PROCESS	TLS_VISIUM_USZ::LC3	27	772	0.0095	0.0628	flat	0.0018
GO:GOBP_POSITIVE_REGULATION_OF_DNA_BIOSYNTHETIC_PROCESS	TLS_VISIUM_USZ::LC3	27	772	0.0841	1.47e-14	flat	0.0488
GO:GOBP_POSITIVE_REGULATION_OF_DNA_METABOLIC_PROCESS	TLS_VISIUM_USZ::LC3	27	772	0.0772	2.52e-13	flat	0.0149
GO:GOBP_POSITIVE_REGULATION_OF_DNA_REPAIR	TLS_VISIUM_USZ::LC3	27	772	0.0055	0.24	flat	0.005
GO:GOBP_POSITIVE_REGULATION_OF_ESTABLISHMENT_OF_PROTEIN_LOCALIZATION	TLS_VISIUM_USZ::LC3	27	772	0.0747	6.99e-13	flat	0.0122
GO:GOBP_POSITIVE_REGULATION_OF_GENE_EXPRESSION	TLS_VISIUM_USZ::LC3	27	772	0.0051	0.269	flat	0.0016
GO:GOBP_POSITIVE_REGULATION_OF_IMMUNE_EFFECTOR_PROCESS	TLS_VISIUM_USZ::LC3	27	772	0.0055	0.239	flat	0.0024
GO:GOBP_POSITIVE_REGULATION_OF_IMMUNE_RESPONSE	TLS_VISIUM_USZ::LC3	27	772	0.0477	3.49e-08	flat	0.006
GO:GOBP_POSITIVE_REGULATION_OF_IMMUNE_SYSTEM_PROCESS	TLS_VISIUM_USZ::LC3	27	772	0.0305	2.7e-05	flat	0.0042
GO:GOBP_POSITIVE_REGULATION_OF_INTERFERON_BETA_PRODUCTION	TLS_VISIUM_USZ::LC3	27	772	0.1008	1.36e-17	flat	0.0676
GO:GOBP_POSITIVE_REGULATION_OF_INTRACELLULAR_SIGNAL_TRANSDUCTION	TLS_VISIUM_USZ::LC3	27	772	0.0667	1.76e-11	flat	0.0057
GO:GOBP_POSITIVE_REGULATION_OF_LEUKOCYTE_CELL_CELL_ADHESION	TLS_VISIUM_USZ::LC3	27	772	0.0215	0.000824	flat	0.007
GO:GOBP_POSITIVE_REGULATION_OF_LEUKOCYTE_MEDIATED_IMMUNITY	TLS_VISIUM_USZ::LC3	27	772	0.0188	0.00219	flat	0.0094
GO:GOBP_POSITIVE_REGULATION_OF_LEUKOCYTE_MIGRATION	TLS_VISIUM_USZ::LC3	27	772	0.0034	0.448	flat	0.002
GO:GOBP_POSITIVE_REGULATION_OF_LEUKOCYTE_PROLIFERATION	TLS_VISIUM_USZ::LC3	27	772	0.0361	3.21e-06	flat	0.0109
GO:GOBP_POSITIVE_REGULATION_OF_LOCOMOTION	TLS_VISIUM_USZ::LC3	27	772	0.1305	3.8e-23	flat	0.0218
GO:GOBP_POSITIVE_REGULATION_OF_LYMPHOCYTE_DIFFERENTIATION	TLS_VISIUM_USZ::LC3	27	772	0.0243	0.000288	flat	0.0096
GO:GOBP_POSITIVE_REGULATION_OF_MAPK_CASCADE	TLS_VISIUM_USZ::LC3	27	772	0.0398	7.65e-07	flat	0.0057
GO:GOBP_POSITIVE_REGULATION_OF_MITOTIC_CELL_CYCLE	TLS_VISIUM_USZ::LC3	27	772	0.0058	0.213	flat	0.0046
GO:GOBP_POSITIVE_REGULATION_OF_MITOTIC_CELL_CYCLE_PHASE_TRANSITION	TLS_VISIUM_USZ::LC3	27	772	0.0006	0.92	flat	0.0016
GO:GOBP_POSITIVE_REGULATION_OF_MOLECULAR_FUNCTION	TLS_VISIUM_USZ::LC3	27	772	0.0337	8.04e-06	flat	0.0066
GO:GOBP_POSITIVE_REGULATION_OF_MRNA_METABOLIC_PROCESS	TLS_VISIUM_USZ::LC3	27	772	0.0167	0.00469	flat	0.0091
GO:GOBP_POSITIVE_REGULATION_OF_MULTICELLULAR_ORGANISMAL_PROCESS	TLS_VISIUM_USZ::LC3	27	772	0.0237	0.00036	flat	0.0026
GO:GOBP_POSITIVE_REGULATION_OF_MYELOID_CELL_DIFFERENTIATION	TLS_VISIUM_USZ::LC3	27	772	0.0642	4.99e-11	flat	0.0203
GO:GOBP_POSITIVE_REGULATION_OF_NEUROGENESIS	TLS_VISIUM_USZ::LC3	27	772	0.0148	0.0096	flat	0.0052
GO:GOBP_POSITIVE_REGULATION_OF_ORGANELLE_ORGANIZATION	TLS_VISIUM_USZ::LC3	27	772	0.0253	0.000197	flat	0.0063
GO:GOBP_POSITIVE_REGULATION_OF_PHOSPHATIDYLINOSITOL_3_KINASE_PROTEIN_KINASE_B_SIGNAL_TRANSDUCTION	TLS_VISIUM_USZ::LC3	27	772	0.0093	0.0662	flat	0.0046
GO:GOBP_POSITIVE_REGULATION_OF_PHOSPHORUS_METABOLIC_PROCESS	TLS_VISIUM_USZ::LC3	27	772	0.0368	2.44e-06	flat	0.0096
GO:GOBP_POSITIVE_REGULATION_OF_PHOSPHORYLATION	TLS_VISIUM_USZ::LC3	27	772	0.0667	1.8e-11	flat	0.0173
GO:GOBP_POSITIVE_REGULATION_OF_POST_TRANSLATIONAL_PROTEIN_MODIFICATION	TLS_VISIUM_USZ::LC3	27	772	0.1052	2.11e-18	flat	0.037
GO:GOBP_POSITIVE_REGULATION_OF_PRODUCTION_OF_MOLECULAR_MEDIATOR_OF_IMMUNE_RESPONSE	TLS_VISIUM_USZ::LC3	27	772	0.0187	0.00231	flat	0.0077
GO:GOBP_POSITIVE_REGULATION_OF_PROGRAMMED_CELL_DEATH	TLS_VISIUM_USZ::LC3	27	772	0.1322	1.79e-23	flat	0.0154
GO:GOBP_POSITIVE_REGULATION_OF_PROTEIN_CONTAINING_COMPLEX_ASSEMBLY	TLS_VISIUM_USZ::LC3	27	772	0.1035	4.39e-18	flat	0.0271
GO:GOBP_POSITIVE_REGULATION_OF_PROTEIN_LOCALIZATION	TLS_VISIUM_USZ::LC3	27	772	0.129	7.56e-23	flat	0.0148
GO:GOBP_POSITIVE_REGULATION_OF_PROTEIN_METABOLIC_PROCESS	TLS_VISIUM_USZ::LC3	27	772	0.1035	4.26e-18	flat	0.0146
GO:GOBP_POSITIVE_REGULATION_OF_PROTEIN_MODIFICATION_PROCESS	TLS_VISIUM_USZ::LC3	27	772	0.0203	0.00126	flat	0.0055
GO:GOBP_POSITIVE_REGULATION_OF_PROTEIN_TRANSPORT	TLS_VISIUM_USZ::LC3	27	772	0.0366	2.68e-06	flat	0.0088
GO:GOBP_POSITIVE_REGULATION_OF_RESPIRATORY_BURST	TLS_VISIUM_USZ::LC3	27	772	0.0996	2.29e-17	flat	0.0274
GO:GOBP_POSITIVE_REGULATION_OF_RESPONSE_TO_BIOTIC_STIMULUS	TLS_VISIUM_USZ::LC3	27	772	0.0889	1.96e-15	flat	0.0129
GO:GOBP_POSITIVE_REGULATION_OF_RESPONSE_TO_CYTOKINE_STIMULUS	TLS_VISIUM_USZ::LC3	27	772	0.0779	1.84e-13	flat	0.0367
GO:GOBP_POSITIVE_REGULATION_OF_RESPONSE_TO_EXTERNAL_STIMULUS	TLS_VISIUM_USZ::LC3	27	772	0.1271	1.72e-22	flat	0.0154
GO:GOBP_POSITIVE_REGULATION_OF_RNA_METABOLIC_PROCESS	TLS_VISIUM_USZ::LC3	27	772	0.0593	3.53e-10	flat	0.0056
GO:GOBP_POSITIVE_REGULATION_OF_SIGNALING	TLS_VISIUM_USZ::LC3	27	772	0.0076	0.12	flat	0.0014
GO:GOBP_POSITIVE_REGULATION_OF_TELOMERE_MAINTENANCE	TLS_VISIUM_USZ::LC3	27	772	0.0657	2.66e-11	flat	0.0327
GO:GOBP_POSITIVE_REGULATION_OF_TELOMERE_MAINTENANCE_VIA_TELOMERE_LENGTHENING	TLS_VISIUM_USZ::LC3	27	772	0.0373	2.03e-06	flat	0.0335
GO:GOBP_POSITIVE_REGULATION_OF_TRANSCRIPTION_BY_RNA_POLYMERASE_II	TLS_VISIUM_USZ::LC3	27	772	0.0605	2.16e-10	flat	0.0059
GO:GOBP_POSITIVE_REGULATION_OF_TRANSFERASE_ACTIVITY	TLS_VISIUM_USZ::LC3	27	772	0.0042	0.36	flat	0.0036
GO:GOBP_POSITIVE_REGULATION_OF_TRANSLATION	TLS_VISIUM_USZ::LC3	27	772	0.0141	0.0123	flat	0.0084
GO:GOBP_POSITIVE_REGULATION_OF_TRANSPORT	TLS_VISIUM_USZ::LC3	27	772	0.0029	0.521	flat	0.0013
GO:GOBP_POSITIVE_REGULATION_OF_TUMOR_NECROSIS_FACTOR_SUPERFAMILY_CYTOKINE_PRODUCTION	TLS_VISIUM_USZ::LC3	27	772	0.0466	5.49e-08	flat	0.0222
GO:GOBP_POSITIVE_REGULATION_OF_TYPE_I_INTERFERON_PRODUCTION	TLS_VISIUM_USZ::LC3	27	772	0.0578	6.28e-10	flat	0.0318
GO:GOBP_POSITIVE_REGULATION_OF_T_CELL_MEDIATED_IMMUNITY	TLS_VISIUM_USZ::LC3	27	772	0.0055	0.235	flat	0.0039
GO:GOBP_POSITIVE_REGULATION_OF_VASCULATURE_DEVELOPMENT	TLS_VISIUM_USZ::LC3	27	772	0.1552	6.52e-28	flat	0.0337
GO:GOBP_POSITIVE_REGULATION_OF_WNT_SIGNALING_PATHWAY	TLS_VISIUM_USZ::LC3	27	772	0.0417	3.62e-07	flat	0.0168
GO:GOBP_POST_TRANSCRIPTIONAL_REGULATION_OF_GENE_EXPRESSION	TLS_VISIUM_USZ::LC3	27	772	0.1074	8.2e-19	flat	0.0135
GO:GOBP_POST_TRANSLATIONAL_PROTEIN_MODIFICATION	TLS_VISIUM_USZ::LC3	27	772	0.0179	0.0031	flat	0.0043
GO:GOBP_PROCESS_UTILIZING_AUTOPHAGIC_MECHANISM	TLS_VISIUM_USZ::LC3	27	772	0.1574	2.47e-28	flat	0.0198
GO:GOBP_PRODUCTION_OF_MOLECULAR_MEDIATOR_OF_IMMUNE_RESPONSE	TLS_VISIUM_USZ::LC3	27	772	0.0023	0.619	flat	0.0023
GO:GOBP_PROTEASOMAL_PROTEIN_CATABOLIC_PROCESS	TLS_VISIUM_USZ::LC3	27	772	0.0814	4.5e-14	flat	0.0123
GO:GOBP_PROTEASOME_MEDIATED_UBIQUITIN_DEPENDENT_PROTEIN_CATABOLIC_PROCESS	TLS_VISIUM_USZ::LC3	27	772	0.0155	0.00736	flat	0.0053
GO:GOBP_PROTEINOGENIC_AMINO_ACID_METABOLIC_PROCESS	TLS_VISIUM_USZ::LC3	27	772	0.029	4.88e-05	flat	0.0086
GO:GOBP_PROTEIN_CATABOLIC_PROCESS	TLS_VISIUM_USZ::LC3	27	772	0.079	1.18e-13	flat	0.009
GO:GOBP_PROTEIN_COMPLEX_OLIGOMERIZATION	TLS_VISIUM_USZ::LC3	27	772	0.0055	0.234	flat	0.0025
GO:GOBP_PROTEIN_CONTAINING_COMPLEX_DISASSEMBLY	TLS_VISIUM_USZ::LC3	27	772	0.0216	0.000789	flat	0.0079
GO:GOBP_PROTEIN_CONTAINING_COMPLEX_LOCALIZATION	TLS_VISIUM_USZ::LC3	27	772	0.0065	0.169	flat	0.0035
GO:GOBP_PROTEIN_CONTAINING_COMPLEX_ORGANIZATION	TLS_VISIUM_USZ::LC3	27	772	0.0105	0.0442	flat	0.0019
GO:GOBP_PROTEIN_DNA_COMPLEX_ORGANIZATION	TLS_VISIUM_USZ::LC3	27	772	0.0313	2.05e-05	flat	0.0091
GO:GOBP_PROTEIN_FOLDING	TLS_VISIUM_USZ::LC3	27	772	0.1906	5.21e-35	flat	0.0497
GO:GOBP_PROTEIN_LOCALIZATION_TO_CELL_PERIPHERY	TLS_VISIUM_USZ::LC3	27	772	0.0753	5.43e-13	flat	0.0139
GO:GOBP_PROTEIN_LOCALIZATION_TO_CHROMOSOME	TLS_VISIUM_USZ::LC3	27	772	0.0024	0.612	flat	0.0035
GO:GOBP_PROTEIN_LOCALIZATION_TO_EXTRACELLULAR_REGION	TLS_VISIUM_USZ::LC3	27	772	0.0147	0.00991	flat	0.0039
GO:GOBP_PROTEIN_LOCALIZATION_TO_MITOCHONDRION	TLS_VISIUM_USZ::LC3	27	772	0.1227	1.18e-21	flat	0.039
GO:GOBP_PROTEIN_LOCALIZATION_TO_NUCLEUS	TLS_VISIUM_USZ::LC3	27	772	0.0982	4e-17	flat	0.0202
GO:GOBP_PROTEIN_LOCALIZATION_TO_ORGANELLE	TLS_VISIUM_USZ::LC3	27	772	0.1176	1.04e-20	flat	0.0123
GO:GOBP_PROTEIN_LOCALIZATION_TO_PLASMA_MEMBRANE	TLS_VISIUM_USZ::LC3	27	772	0.1123	1.02e-19	flat	0.0246
GO:GOBP_PROTEIN_MATURATION	TLS_VISIUM_USZ::LC3	27	772	0.1504	5.69e-27	flat	0.022
GO:GOBP_PROTEIN_MODIFICATION_BY_SMALL_PROTEIN_CONJUGATION	TLS_VISIUM_USZ::LC3	27	772	0.0046	0.313	flat	0.0016
GO:GOBP_PROTEIN_POLYMERIZATION	TLS_VISIUM_USZ::LC3	27	772	0.0145	0.0105	flat	0.0051
GO:GOBP_PROTEIN_POLYUBIQUITINATION	TLS_VISIUM_USZ::LC3	27	772	0.0085	0.0883	flat	0.006
GO:GOBP_PROTEIN_PROCESSING	TLS_VISIUM_USZ::LC3	27	772	0.0837	1.72e-14	flat	0.0227
GO:GOBP_PROTEIN_RNA_COMPLEX_ORGANIZATION	TLS_VISIUM_USZ::LC3	27	772	0.1789	1.27e-32	flat	0.0605
GO:GOBP_PROTEIN_STABILIZATION	TLS_VISIUM_USZ::LC3	27	772	0.0899	1.31e-15	flat	0.0247
GO:GOBP_PROTEIN_TARGETING	TLS_VISIUM_USZ::LC3	27	772	0.1025	6.51e-18	flat	0.0183
GO:GOBP_PROTEIN_TARGETING_TO_MITOCHONDRION	TLS_VISIUM_USZ::LC3	27	772	0.1221	1.5e-21	flat	0.0436
GO:GOBP_PROTEIN_TRANSPORT	TLS_VISIUM_USZ::LC3	27	772	0.0738	1.01e-12	flat	0.0073
GO:GOBP_PROTEOLYSIS	TLS_VISIUM_USZ::LC3	27	772	0.0732	1.29e-12	flat	0.0064
GO:GOBP_PROTEOLYSIS_INVOLVED_IN_PROTEIN_CATABOLIC_PROCESS	TLS_VISIUM_USZ::LC3	27	772	0.1207	2.76e-21	flat	0.0144
GO:GOBP_PROTON_MOTIVE_FORCE_DRIVEN_ATP_SYNTHESIS	TLS_VISIUM_USZ::LC3	27	772	0.1775	2.4e-32	flat	0.1071
GO:GOBP_PROTON_TRANSMEMBRANE_TRANSPORT	TLS_VISIUM_USZ::LC3	27	772	0.1284	9.49e-23	flat	0.0287
GO:GOBP_PURINE_CONTAINING_COMPOUND_BIOSYNTHETIC_PROCESS	TLS_VISIUM_USZ::LC3	27	772	0.1434	1.31e-25	flat	0.0283
GO:GOBP_PURINE_CONTAINING_COMPOUND_METABOLIC_PROCESS	TLS_VISIUM_USZ::LC3	27	772	0.0222	0.00063	flat	0.004
GO:GOBP_PURINE_NUCLEOTIDE_BIOSYNTHETIC_PROCESS	TLS_VISIUM_USZ::LC3	27	772	0.1507	4.92e-27	flat	0.0397
GO:GOBP_PYRIDINE_CONTAINING_COMPOUND_METABOLIC_PROCESS	TLS_VISIUM_USZ::LC3	27	772	0.0473	4.06e-08	flat	0.0137
GO:GOBP_REACTIVE_OXYGEN_SPECIES_METABOLIC_PROCESS	TLS_VISIUM_USZ::LC3	27	772	0.0509	9.87e-09	flat	0.0152
GO:GOBP_RECEPTOR_MEDIATED_ENDOCYTOSIS	TLS_VISIUM_USZ::LC3	27	772	0.0617	1.36e-10	flat	0.0145
GO:GOBP_RECOMBINATIONAL_REPAIR	TLS_VISIUM_USZ::LC3	27	772	0.001	0.851	flat	0.0013
GO:GOBP_REGENERATION	TLS_VISIUM_USZ::LC3	27	772	0.0828	2.48e-14	flat	0.0205
GO:GOBP_REGULATION_OF_ACTIN_FILAMENT_BASED_PROCESS	TLS_VISIUM_USZ::LC3	27	772	0.0935	2.87e-16	flat	0.0153
GO:GOBP_REGULATION_OF_ACTIN_FILAMENT_ORGANIZATION	TLS_VISIUM_USZ::LC3	27	772	0.0298	3.54e-05	flat	0.008
GO:GOBP_REGULATION_OF_ACTIN_FILAMENT_POLYMERIZATION	TLS_VISIUM_USZ::LC3	27	772	0.048	3.06e-08	flat	0.0167
GO:GOBP_REGULATION_OF_ADAPTIVE_IMMUNE_RESPONSE	TLS_VISIUM_USZ::LC3	27	772	0.0249	0.000226	flat	0.0084
GO:GOBP_REGULATION_OF_ALPHA_BETA_T_CELL_ACTIVATION	TLS_VISIUM_USZ::LC3	27	772	0.0075	0.122	flat	0.005
GO:GOBP_REGULATION_OF_ANATOMICAL_STRUCTURE_MORPHOGENESIS	TLS_VISIUM_USZ::LC3	27	772	0.0415	3.89e-07	flat	0.0054
GO:GOBP_REGULATION_OF_ANATOMICAL_STRUCTURE_SIZE	TLS_VISIUM_USZ::LC3	27	772	0.0069	0.151	flat	0.0023
GO:GOBP_REGULATION_OF_APOPTOTIC_SIGNALING_PATHWAY	TLS_VISIUM_USZ::LC3	27	772	0.1081	6.2e-19	flat	0.0216
GO:GOBP_REGULATION_OF_AUTOPHAGY	TLS_VISIUM_USZ::LC3	27	772	0.0844	1.27e-14	flat	0.0153
GO:GOBP_REGULATION_OF_BLOOD_CIRCULATION	TLS_VISIUM_USZ::LC3	27	772	0.0917	6.25e-16	flat	0.0135
GO:GOBP_REGULATION_OF_BMP_SIGNALING_PATHWAY	TLS_VISIUM_USZ::LC3	27	772	0.0248	0.000236	flat	0.0088
GO:GOBP_REGULATION_OF_BODY_FLUID_LEVELS	TLS_VISIUM_USZ::LC3	27	772	0.0164	0.0053	flat	0.0041
GO:GOBP_REGULATION_OF_CANONICAL_WNT_SIGNALING_PATHWAY	TLS_VISIUM_USZ::LC3	27	772	0.0762	3.82e-13	flat	0.0168
GO:GOBP_REGULATION_OF_CARTILAGE_DEVELOPMENT	TLS_VISIUM_USZ::LC3	27	772	0.0361	3.19e-06	flat	0.0192
GO:GOBP_REGULATION_OF_CATABOLIC_PROCESS	TLS_VISIUM_USZ::LC3	27	772	0.1446	7.77e-26	flat	0.0135
GO:GOBP_REGULATION_OF_CATALYTIC_ACTIVITY	TLS_VISIUM_USZ::LC3	27	772	0.0064	0.177	flat	0.0027
GO:GOBP_REGULATION_OF_CD4_POSITIVE_ALPHA_BETA_T_CELL_ACTIVATION	TLS_VISIUM_USZ::LC3	27	772	0.0291	4.68e-05	flat	0.0138
GO:GOBP_REGULATION_OF_CD4_POSITIVE_ALPHA_BETA_T_CELL_DIFFERENTIATION	TLS_VISIUM_USZ::LC3	27	772	0.0394	8.85e-07	flat	0.0235
GO:GOBP_REGULATION_OF_CELLULAR_COMPONENT_BIOGENESIS	TLS_VISIUM_USZ::LC3	27	772	0.0455	8.32e-08	flat	0.0058
GO:GOBP_REGULATION_OF_CELLULAR_COMPONENT_SIZE	TLS_VISIUM_USZ::LC3	27	772	0.0251	0.000211	flat	0.0069
GO:GOBP_REGULATION_OF_CELLULAR_LOCALIZATION	TLS_VISIUM_USZ::LC3	27	772	0.1537	1.31e-27	flat	0.0172
GO:GOBP_REGULATION_OF_CELLULAR_RESPONSE_TO_GROWTH_FACTOR_STIMULUS	TLS_VISIUM_USZ::LC3	27	772	0.0189	0.00213	flat	0.0051
GO:GOBP_REGULATION_OF_CELLULAR_RESPONSE_TO_STRESS	TLS_VISIUM_USZ::LC3	27	772	0.1186	6.67e-21	flat	0.0208
GO:GOBP_REGULATION_OF_CELLULAR_RESPONSE_TO_TRANSFORMING_GROWTH_FACTOR_BETA_STIMULUS	TLS_VISIUM_USZ::LC3	27	772	0.0659	2.5e-11	flat	0.02
GO:GOBP_REGULATION_OF_CELL_ACTIVATION	TLS_VISIUM_USZ::LC3	27	772	0.0409	5.07e-07	flat	0.0067
GO:GOBP_REGULATION_OF_CELL_ADHESION	TLS_VISIUM_USZ::LC3	27	772	0.1375	1.74e-24	flat	0.0185
GO:GOBP_REGULATION_OF_CELL_CELL_ADHESION	TLS_VISIUM_USZ::LC3	27	772	0.0643	4.71e-11	flat	0.0107
GO:GOBP_REGULATION_OF_CELL_CYCLE	TLS_VISIUM_USZ::LC3	27	772	0.0069	0.149	flat	0.0016
GO:GOBP_REGULATION_OF_CELL_CYCLE_G2_M_PHASE_TRANSITION	TLS_VISIUM_USZ::LC3	27	772	0.0173	0.00388	flat	0.008
GO:GOBP_REGULATION_OF_CELL_CYCLE_PHASE_TRANSITION	TLS_VISIUM_USZ::LC3	27	772	0.0011	0.845	flat	0.0011
GO:GOBP_REGULATION_OF_CELL_CYCLE_PROCESS	TLS_VISIUM_USZ::LC3	27	772	0.0116	0.0299	flat	0.0031
GO:GOBP_REGULATION_OF_CELL_DEVELOPMENT	TLS_VISIUM_USZ::LC3	27	772	0.0022	0.632	flat	0.0012
GO:GOBP_REGULATION_OF_CELL_DIFFERENTIATION	TLS_VISIUM_USZ::LC3	27	772	0.0133	0.016	flat	0.002
GO:GOBP_REGULATION_OF_CELL_JUNCTION_ASSEMBLY	TLS_VISIUM_USZ::LC3	27	772	0.0219	0.000706	flat	0.0067
GO:GOBP_REGULATION_OF_CELL_KILLING	TLS_VISIUM_USZ::LC3	27	772	0.072	2.11e-12	flat	0.0145
GO:GOBP_REGULATION_OF_CELL_MATRIX_ADHESION	TLS_VISIUM_USZ::LC3	27	772	0.1031	5.09e-18	flat	0.0348
GO:GOBP_REGULATION_OF_CELL_MORPHOGENESIS	TLS_VISIUM_USZ::LC3	27	772	0.0062	0.19	flat	0.0036
GO:GOBP_REGULATION_OF_CELL_POPULATION_PROLIFERATION	TLS_VISIUM_USZ::LC3	27	772	0.1022	7.51e-18	flat	0.0089
GO:GOBP_REGULATION_OF_CELL_PROJECTION_ORGANIZATION	TLS_VISIUM_USZ::LC3	27	772	0.0027	0.56	flat	0.0012
GO:GOBP_REGULATION_OF_CELL_SHAPE	TLS_VISIUM_USZ::LC3	27	772	0.0336	8.26e-06	flat	0.0118
GO:GOBP_REGULATION_OF_CELL_SUBSTRATE_ADHESION	TLS_VISIUM_USZ::LC3	27	772	0.0808	5.66e-14	flat	0.0187
GO:GOBP_REGULATION_OF_CELL_SUBSTRATE_JUNCTION_ORGANIZATION	TLS_VISIUM_USZ::LC3	27	772	0.0117	0.0292	flat	0.0095
GO:GOBP_REGULATION_OF_CHEMOTAXIS	TLS_VISIUM_USZ::LC3	27	772	0.0275	8.73e-05	flat	0.0087
GO:GOBP_REGULATION_OF_CHROMOSOME_ORGANIZATION	TLS_VISIUM_USZ::LC3	27	772	0.0347	5.45e-06	flat	0.0099
GO:GOBP_REGULATION_OF_CHROMOSOME_SEGREGATION	TLS_VISIUM_USZ::LC3	27	772	0.0167	0.00468	flat	0.0079
GO:GOBP_REGULATION_OF_COAGULATION	TLS_VISIUM_USZ::LC3	27	772	0.0244	0.000278	flat	0.0127
GO:GOBP_REGULATION_OF_CYTOSKELETON_ORGANIZATION	TLS_VISIUM_USZ::LC3	27	772	0.0228	0.000504	flat	0.0047
GO:GOBP_REGULATION_OF_DEFENSE_RESPONSE	TLS_VISIUM_USZ::LC3	27	772	0.0466	5.48e-08	flat	0.0064
GO:GOBP_REGULATION_OF_DEFENSE_RESPONSE_TO_VIRUS	TLS_VISIUM_USZ::LC3	27	772	0.0682	9.93e-12	flat	0.0286
GO:GOBP_REGULATION_OF_DNA_METABOLIC_PROCESS	TLS_VISIUM_USZ::LC3	27	772	0.0091	0.0723	flat	0.0036
GO:GOBP_REGULATION_OF_DNA_REPAIR	TLS_VISIUM_USZ::LC3	27	772	0.0121	0.025	flat	0.0052
GO:GOBP_REGULATION_OF_DNA_REPLICATION	TLS_VISIUM_USZ::LC3	27	772	0.0078	0.112	flat	0.0054
GO:GOBP_REGULATION_OF_DOUBLE_STRAND_BREAK_REPAIR	TLS_VISIUM_USZ::LC3	27	772	0.0283	6.35e-05	flat	0.0116
GO:GOBP_REGULATION_OF_ENDOCYTOSIS	TLS_VISIUM_USZ::LC3	27	772	0.0957	1.14e-16	flat	0.0208
GO:GOBP_REGULATION_OF_EPITHELIAL_CELL_DIFFERENTIATION	TLS_VISIUM_USZ::LC3	27	772	0.0035	0.447	flat	0.0023
GO:GOBP_REGULATION_OF_EPITHELIAL_CELL_PROLIFERATION	TLS_VISIUM_USZ::LC3	27	772	0.1532	1.59e-27	flat	0.0226
GO:GOBP_REGULATION_OF_EPITHELIAL_TO_MESENCHYMAL_TRANSITION	TLS_VISIUM_USZ::LC3	27	772	0.0023	0.621	flat	0.0034
GO:GOBP_REGULATION_OF_ESTABLISHMENT_OF_PROTEIN_LOCALIZATION	TLS_VISIUM_USZ::LC3	27	772	0.0357	3.8e-06	flat	0.0056
GO:GOBP_REGULATION_OF_GENERATION_OF_PRECURSOR_METABOLITES_AND_ENERGY	TLS_VISIUM_USZ::LC3	27	772	0.0082	0.0967	flat	0.0058
GO:GOBP_REGULATION_OF_GROWTH	TLS_VISIUM_USZ::LC3	27	772	0.0091	0.0709	flat	0.0028
GO:GOBP_REGULATION_OF_HEART_CONTRACTION	TLS_VISIUM_USZ::LC3	27	772	0.0597	3.03e-10	flat	0.0101
GO:GOBP_REGULATION_OF_HEMOPOIESIS	TLS_VISIUM_USZ::LC3	27	772	0.0866	5.12e-15	flat	0.0145
GO:GOBP_REGULATION_OF_HORMONE_LEVELS	TLS_VISIUM_USZ::LC3	27	772	0.0738	1e-12	flat	0.0082
GO:GOBP_REGULATION_OF_HYDROLASE_ACTIVITY	TLS_VISIUM_USZ::LC3	27	772	0.0812	4.72e-14	flat	0.0184
GO:GOBP_REGULATION_OF_IMMUNE_EFFECTOR_PROCESS	TLS_VISIUM_USZ::LC3	27	772	0.044	1.51e-07	flat	0.0073
GO:GOBP_REGULATION_OF_IMMUNE_RESPONSE	TLS_VISIUM_USZ::LC3	27	772	0.0078	0.111	flat	0.0023
GO:GOBP_REGULATION_OF_IMMUNE_SYSTEM_PROCESS	TLS_VISIUM_USZ::LC3	27	772	0.1208	2.57e-21	flat	0.009
GO:GOBP_REGULATION_OF_INFLAMMATORY_RESPONSE	TLS_VISIUM_USZ::LC3	27	772	0.0072	0.137	flat	0.0025
GO:GOBP_REGULATION_OF_INNATE_IMMUNE_RESPONSE	TLS_VISIUM_USZ::LC3	27	772	0.1402	5.47e-25	flat	0.0172
GO:GOBP_REGULATION_OF_LEUKOCYTE_CHEMOTAXIS	TLS_VISIUM_USZ::LC3	27	772	0.0055	0.234	flat	0.0039
GO:GOBP_REGULATION_OF_LEUKOCYTE_DIFFERENTIATION	TLS_VISIUM_USZ::LC3	27	772	0.0502	1.32e-08	flat	0.0115
GO:GOBP_REGULATION_OF_LEUKOCYTE_MEDIATED_IMMUNITY	TLS_VISIUM_USZ::LC3	27	772	0.0275	8.57e-05	flat	0.006
GO:GOBP_REGULATION_OF_LEUKOCYTE_MIGRATION	TLS_VISIUM_USZ::LC3	27	772	0.0034	0.457	flat	0.0025
GO:GOBP_REGULATION_OF_LEUKOCYTE_PROLIFERATION	TLS_VISIUM_USZ::LC3	27	772	0.0265	0.000125	flat	0.0078
GO:GOBP_REGULATION_OF_LIPID_METABOLIC_PROCESS	TLS_VISIUM_USZ::LC3	27	772	0.0073	0.131	flat	0.0031
GO:GOBP_REGULATION_OF_LOCOMOTION	TLS_VISIUM_USZ::LC3	27	772	0.1335	1.03e-23	flat	0.0146
GO:GOBP_REGULATION_OF_LYMPHOCYTE_ACTIVATION	TLS_VISIUM_USZ::LC3	27	772	0.0155	0.00728	flat	0.0046
GO:GOBP_REGULATION_OF_LYMPHOCYTE_DIFFERENTIATION	TLS_VISIUM_USZ::LC3	27	772	0.0651	3.4e-11	flat	0.0151
GO:GOBP_REGULATION_OF_LYMPHOCYTE_MEDIATED_IMMUNITY	TLS_VISIUM_USZ::LC3	27	772	0.0084	0.09	flat	0.0038
GO:GOBP_REGULATION_OF_MICROTUBULE_BASED_PROCESS	TLS_VISIUM_USZ::LC3	27	772	0.0993	2.53e-17	flat	0.0137
GO:GOBP_REGULATION_OF_MITOTIC_CELL_CYCLE	TLS_VISIUM_USZ::LC3	27	772	0.0032	0.482	flat	0.0016
GO:GOBP_REGULATION_OF_MITOTIC_CELL_CYCLE_PHASE_TRANSITION	TLS_VISIUM_USZ::LC3	27	772	0.0066	0.164	flat	0.0032
GO:GOBP_REGULATION_OF_MOLECULAR_FUNCTION	TLS_VISIUM_USZ::LC3	27	772	0.0058	0.218	flat	0.0018
GO:GOBP_REGULATION_OF_MONOATOMIC_ION_TRANSPORT	TLS_VISIUM_USZ::LC3	27	772	0.1318	2.18e-23	flat	0.013
GO:GOBP_REGULATION_OF_MONONUCLEAR_CELL_MIGRATION	TLS_VISIUM_USZ::LC3	27	772	0.0398	7.55e-07	flat	0.0124
GO:GOBP_REGULATION_OF_MRNA_METABOLIC_PROCESS	TLS_VISIUM_USZ::LC3	27	772	0.0325	1.3e-05	flat	0.0079
GO:GOBP_REGULATION_OF_MULTICELLULAR_ORGANISMAL_DEVELOPMENT	TLS_VISIUM_USZ::LC3	27	772	0.0585	4.81e-10	flat	0.0057
GO:GOBP_REGULATION_OF_MYELOID_CELL_DIFFERENTIATION	TLS_VISIUM_USZ::LC3	27	772	0.0049	0.286	flat	0.0033
GO:GOBP_REGULATION_OF_MYELOID_LEUKOCYTE_DIFFERENTIATION	TLS_VISIUM_USZ::LC3	27	772	0.0212	0.000903	flat	0.01
GO:GOBP_REGULATION_OF_NERVOUS_SYSTEM_DEVELOPMENT	TLS_VISIUM_USZ::LC3	27	772	0.0046	0.312	flat	0.0021
GO:GOBP_REGULATION_OF_NEUROGENESIS	TLS_VISIUM_USZ::LC3	27	772	0.0633	6.99e-11	flat	0.0095
GO:GOBP_REGULATION_OF_NEURON_PROJECTION_DEVELOPMENT	TLS_VISIUM_USZ::LC3	27	772	0.0165	0.00512	flat	0.0044
GO:GOBP_REGULATION_OF_NUCLEAR_DIVISION	TLS_VISIUM_USZ::LC3	27	772	0.0651	3.35e-11	flat	0.013
GO:GOBP_REGULATION_OF_ORGANELLE_ORGANIZATION	TLS_VISIUM_USZ::LC3	27	772	0.0534	3.69e-09	flat	0.0065
GO:GOBP_REGULATION_OF_PHOSPHORUS_METABOLIC_PROCESS	TLS_VISIUM_USZ::LC3	27	772	0.0003	0.971	flat	0.0004
GO:GOBP_REGULATION_OF_PHOSPHORYLATION	TLS_VISIUM_USZ::LC3	27	772	0.0701	4.48e-12	flat	0.0135
GO:GOBP_REGULATION_OF_POST_TRANSLATIONAL_PROTEIN_MODIFICATION	TLS_VISIUM_USZ::LC3	27	772	0.102	8.05e-18	flat	0.0261
GO:GOBP_REGULATION_OF_PROGRAMMED_CELL_DEATH	TLS_VISIUM_USZ::LC3	27	772	0.13	4.82e-23	flat	0.0112
GO:GOBP_REGULATION_OF_PROTEIN_CATABOLIC_PROCESS	TLS_VISIUM_USZ::LC3	27	772	0.0946	1.8e-16	flat	0.0226
GO:GOBP_REGULATION_OF_PROTEIN_CONTAINING_COMPLEX_ASSEMBLY	TLS_VISIUM_USZ::LC3	27	772	0.0196	0.00163	flat	0.0056
GO:GOBP_REGULATION_OF_PROTEIN_LOCALIZATION_TO_CELL_PERIPHERY	TLS_VISIUM_USZ::LC3	27	772	0.1309	3.3e-23	flat	0.0272
GO:GOBP_REGULATION_OF_PROTEIN_LOCALIZATION_TO_MEMBRANE	TLS_VISIUM_USZ::LC3	27	772	0.1172	1.24e-20	flat	0.0256
GO:GOBP_REGULATION_OF_PROTEIN_LOCALIZATION_TO_NUCLEUS	TLS_VISIUM_USZ::LC3	27	772	0.1206	2.84e-21	flat	0.0455
GO:GOBP_REGULATION_OF_PROTEIN_METABOLIC_PROCESS	TLS_VISIUM_USZ::LC3	27	772	0.187	2.83e-34	flat	0.0187
GO:GOBP_REGULATION_OF_PROTEIN_MODIFICATION_PROCESS	TLS_VISIUM_USZ::LC3	27	772	0.1238	7.05e-22	flat	0.017
GO:GOBP_REGULATION_OF_PROTEIN_STABILITY	TLS_VISIUM_USZ::LC3	27	772	0.1728	2.16e-31	flat	0.0382
GO:GOBP_REGULATION_OF_PROTEIN_TRANSPORT	TLS_VISIUM_USZ::LC3	27	772	0.1203	3.25e-21	flat	0.0175
GO:GOBP_REGULATION_OF_PROTEIN_UBIQUITINATION	TLS_VISIUM_USZ::LC3	27	772	0.0773	2.39e-13	flat	0.0239
GO:GOBP_REGULATION_OF_PROTEOLYSIS	TLS_VISIUM_USZ::LC3	27	772	0.1147	3.65e-20	flat	0.0227
GO:GOBP_REGULATION_OF_PROTEOLYSIS_INVOLVED_IN_PROTEIN_CATABOLIC_PROCESS	TLS_VISIUM_USZ::LC3	27	772	0.1387	1.05e-24	flat	0.0314
GO:GOBP_REGULATION_OF_RESPIRATORY_BURST	TLS_VISIUM_USZ::LC3	27	772	0.0615	1.48e-10	flat	0.0393
GO:GOBP_REGULATION_OF_RESPONSE_TO_BIOTIC_STIMULUS	TLS_VISIUM_USZ::LC3	27	772	0.0268	0.000111	flat	0.0048
GO:GOBP_REGULATION_OF_RESPONSE_TO_CYTOKINE_STIMULUS	TLS_VISIUM_USZ::LC3	27	772	0.0568	9.36e-10	flat	0.0145
GO:GOBP_REGULATION_OF_RESPONSE_TO_EXTERNAL_STIMULUS	TLS_VISIUM_USZ::LC3	27	772	0.0242	0.000292	flat	0.0034
GO:GOBP_REGULATION_OF_RESPONSE_TO_STRESS	TLS_VISIUM_USZ::LC3	27	772	0.1263	2.43e-22	flat	0.0097
GO:GOBP_REGULATION_OF_RESPONSE_TO_WOUNDING	TLS_VISIUM_USZ::LC3	27	772	0.1156	2.49e-20	flat	0.0256
GO:GOBP_REGULATION_OF_RNA_SPLICING	TLS_VISIUM_USZ::LC3	27	772	0.0339	7.48e-06	flat	0.0122
GO:GOBP_REGULATION_OF_SECRETION	TLS_VISIUM_USZ::LC3	27	772	0.1402	5.38e-25	flat	0.0113
GO:GOBP_REGULATION_OF_SISTER_CHROMATID_SEGREGATION	TLS_VISIUM_USZ::LC3	27	772	0.008	0.104	flat	0.0065
GO:GOBP_REGULATION_OF_SMALL_GTPASE_MEDIATED_SIGNAL_TRANSDUCTION	TLS_VISIUM_USZ::LC3	27	772	0.0267	0.000116	flat	0.0067
GO:GOBP_REGULATION_OF_SMALL_MOLECULE_METABOLIC_PROCESS	TLS_VISIUM_USZ::LC3	27	772	0.0003	0.974	flat	0.0007
GO:GOBP_REGULATION_OF_SUPRAMOLECULAR_FIBER_ORGANIZATION	TLS_VISIUM_USZ::LC3	27	772	0.0365	2.77e-06	flat	0.0071
GO:GOBP_REGULATION_OF_SYNAPTIC_PLASTICITY	TLS_VISIUM_USZ::LC3	27	772	0.1736	1.5e-31	flat	0.0219
GO:GOBP_REGULATION_OF_SYSTEM_PROCESS	TLS_VISIUM_USZ::LC3	27	772	0.165	7.76e-30	flat	0.0174
GO:GOBP_REGULATION_OF_TELOMERE_MAINTENANCE	TLS_VISIUM_USZ::LC3	27	772	0.0964	8.79e-17	flat	0.0375
GO:GOBP_REGULATION_OF_TELOMERE_MAINTENANCE_VIA_TELOMERASE	TLS_VISIUM_USZ::LC3	27	772	0.0664	2e-11	flat	0.0407
GO:GOBP_REGULATION_OF_TELOMERE_MAINTENANCE_VIA_TELOMERE_LENGTHENING	TLS_VISIUM_USZ::LC3	27	772	0.1162	1.94e-20	flat	0.0729
GO:GOBP_REGULATION_OF_TRANSFERASE_ACTIVITY	TLS_VISIUM_USZ::LC3	27	772	0.0899	1.34e-15	flat	0.0193
GO:GOBP_REGULATION_OF_TRANSLATION	TLS_VISIUM_USZ::LC3	27	772	0.1335	1.01e-23	flat	0.0223
GO:GOBP_REGULATION_OF_TRANSLATIONAL_INITIATION	TLS_VISIUM_USZ::LC3	27	772	0.1399	6.01e-25	flat	0.0498
GO:GOBP_REGULATION_OF_TRANSMEMBRANE_RECEPTOR_PROTEIN_SERINE_THREONINE_KINASE_SIGNALING_PATHWAY	TLS_VISIUM_USZ::LC3	27	772	0.0596	3.14e-10	flat	0.0154
GO:GOBP_REGULATION_OF_TRANSMEMBRANE_TRANSPORT	TLS_VISIUM_USZ::LC3	27	772	0.0246	0.000258	flat	0.0052
GO:GOBP_REGULATION_OF_TRANSPORT	TLS_VISIUM_USZ::LC3	27	772	0.0322	1.43e-05	flat	0.0031
GO:GOBP_REGULATION_OF_TRANS_SYNAPTIC_SIGNALING	TLS_VISIUM_USZ::LC3	27	772	0.2066	2.53e-38	flat	0.02
GO:GOBP_REGULATION_OF_TYPE_I_INTERFERON_MEDIATED_SIGNALING_PATHWAY	TLS_VISIUM_USZ::LC3	27	772	0.0089	0.0769	flat	0.0138
GO:GOBP_REGULATION_OF_T_CELL_ACTIVATION	TLS_VISIUM_USZ::LC3	27	772	0.1204	3.07e-21	flat	0.0207
GO:GOBP_REGULATION_OF_T_CELL_MEDIATED_CYTOTOXICITY	TLS_VISIUM_USZ::LC3	27	772	0.0036	0.429	flat	0.0058
GO:GOBP_REGULATION_OF_T_CELL_MEDIATED_IMMUNITY	TLS_VISIUM_USZ::LC3	27	772	0.0051	0.268	flat	0.003
GO:GOBP_REGULATION_OF_UBIQUITIN_DEPENDENT_PROTEIN_CATABOLIC_PROCESS	TLS_VISIUM_USZ::LC3	27	772	0.0171	0.00416	flat	0.0092
GO:GOBP_REGULATION_OF_VASCULATURE_DEVELOPMENT	TLS_VISIUM_USZ::LC3	27	772	0.1655	6.15e-30	flat	0.0299
GO:GOBP_REGULATION_OF_VESICLE_MEDIATED_TRANSPORT	TLS_VISIUM_USZ::LC3	27	772	0.0339	7.43e-06	flat	0.006
GO:GOBP_REGULATION_OF_VIRAL_GENOME_REPLICATION	TLS_VISIUM_USZ::LC3	27	772	0.0459	7.22e-08	flat	0.0234
GO:GOBP_REGULATION_OF_VIRAL_LIFE_CYCLE	TLS_VISIUM_USZ::LC3	27	772	0.0654	3.06e-11	flat	0.0236
GO:GOBP_REGULATION_OF_VIRAL_PROCESS	TLS_VISIUM_USZ::LC3	27	772	0.0899	1.3e-15	flat	0.0276
GO:GOBP_REGULATION_OF_WNT_SIGNALING_PATHWAY	TLS_VISIUM_USZ::LC3	27	772	0.0634	6.9e-11	flat	0.013
GO:GOBP_REGULATORY_T_CELL_DIFFERENTIATION	TLS_VISIUM_USZ::LC3	27	772	0.0091	0.0714	flat	0.0079
GO:GOBP_RENAL_SYSTEM_DEVELOPMENT	TLS_VISIUM_USZ::LC3	27	772	0.0061	0.197	flat	0.0027
GO:GOBP_RENAL_SYSTEM_PROCESS	TLS_VISIUM_USZ::LC3	27	772	0.0091	0.0721	flat	0.0032
GO:GOBP_REPRODUCTIVE_PROCESS	TLS_VISIUM_USZ::LC3	27	772	0.1541	1.09e-27	flat	0.009
GO:GOBP_REPRODUCTIVE_SYSTEM_DEVELOPMENT	TLS_VISIUM_USZ::LC3	27	772	0.0417	3.62e-07	flat	0.0066
GO:GOBP_RESPIRATORY_SYSTEM_DEVELOPMENT	TLS_VISIUM_USZ::LC3	27	772	0.0906	9.79e-16	flat	0.0113
GO:GOBP_RESPONSE_TO_ABIOTIC_STIMULUS	TLS_VISIUM_USZ::LC3	27	772	0.0348	5.33e-06	flat	0.0047
GO:GOBP_RESPONSE_TO_BACTERIUM	TLS_VISIUM_USZ::LC3	27	772	0.0175	0.00354	flat	0.003
GO:GOBP_RESPONSE_TO_BMP	TLS_VISIUM_USZ::LC3	27	772	0.035	4.98e-06	flat	0.0115
GO:GOBP_RESPONSE_TO_CADMIUM_ION	TLS_VISIUM_USZ::LC3	27	772	0.0028	0.535	flat	0.0052
GO:GOBP_RESPONSE_TO_ENDOGENOUS_STIMULUS	TLS_VISIUM_USZ::LC3	27	772	0.0622	1.08e-10	flat	0.0063
GO:GOBP_RESPONSE_TO_GROWTH_FACTOR	TLS_VISIUM_USZ::LC3	27	772	0.114	4.82e-20	flat	0.0127
GO:GOBP_RESPONSE_TO_HORMONE	TLS_VISIUM_USZ::LC3	27	772	0.0297	3.7e-05	flat	0.0045
GO:GOBP_RESPONSE_TO_KETONE	TLS_VISIUM_USZ::LC3	27	772	0.0091	0.0703	flat	0.0043
GO:GOBP_RESPONSE_TO_LIPID	TLS_VISIUM_USZ::LC3	27	772	0.0043	0.347	flat	0.0013
GO:GOBP_RESPONSE_TO_MECHANICAL_STIMULUS	TLS_VISIUM_USZ::LC3	27	772	0.01	0.0517	flat	0.0039
GO:GOBP_RESPONSE_TO_MOLECULE_OF_BACTERIAL_ORIGIN	TLS_VISIUM_USZ::LC3	27	772	0.0123	0.0234	flat	0.004
GO:GOBP_RESPONSE_TO_NITROGEN_COMPOUND	TLS_VISIUM_USZ::LC3	27	772	0.0064	0.177	flat	0.0014
GO:GOBP_RESPONSE_TO_NUTRIENT_LEVELS	TLS_VISIUM_USZ::LC3	27	772	0.0138	0.0135	flat	0.0035
GO:GOBP_RESPONSE_TO_OXIDATIVE_STRESS	TLS_VISIUM_USZ::LC3	27	772	0.0391	1.03e-06	flat	0.0075
GO:GOBP_RESPONSE_TO_OXYGEN_CONTAINING_COMPOUND	TLS_VISIUM_USZ::LC3	27	772	0.0022	0.633	flat	0.0007
GO:GOBP_RESPONSE_TO_OXYGEN_LEVELS	TLS_VISIUM_USZ::LC3	27	772	0.0398	7.75e-07	flat	0.0087
GO:GOBP_RESPONSE_TO_PEPTIDE	TLS_VISIUM_USZ::LC3	27	772	0.0063	0.182	flat	0.0019
GO:GOBP_RESPONSE_TO_PEPTIDE_HORMONE	TLS_VISIUM_USZ::LC3	27	772	0.0026	0.568	flat	0.0015
GO:GOBP_RESPONSE_TO_RADIATION	TLS_VISIUM_USZ::LC3	27	772	0.0848	1.1e-14	flat	0.0114
GO:GOBP_RESPONSE_TO_STARVATION	TLS_VISIUM_USZ::LC3	27	772	0.0192	0.0019	flat	0.0066
GO:GOBP_RESPONSE_TO_STEROID_HORMONE	TLS_VISIUM_USZ::LC3	27	772	0.0763	3.64e-13	flat	0.0132
GO:GOBP_RESPONSE_TO_TEMPERATURE_STIMULUS	TLS_VISIUM_USZ::LC3	27	772	0.008	0.103	flat	0.0043
GO:GOBP_RESPONSE_TO_TOXIC_SUBSTANCE	TLS_VISIUM_USZ::LC3	27	772	0.0194	0.00177	flat	0.0053
GO:GOBP_RESPONSE_TO_TRANSFORMING_GROWTH_FACTOR_BETA	TLS_VISIUM_USZ::LC3	27	772	0.1354	4.52e-24	flat	0.0273
GO:GOBP_RESPONSE_TO_TYPE_II_INTERFERON	TLS_VISIUM_USZ::LC3	27	772	0.0946	1.81e-16	flat	0.0272
GO:GOBP_RESPONSE_TO_TYPE_I_INTERFERON	TLS_VISIUM_USZ::LC3	27	772	0.0249	0.000232	flat	0.0138
GO:GOBP_RESPONSE_TO_VIRUS	TLS_VISIUM_USZ::LC3	27	772	0.0884	2.44e-15	flat	0.0152
GO:GOBP_RESPONSE_TO_WOUNDING	TLS_VISIUM_USZ::LC3	27	772	0.1153	2.84e-20	flat	0.0149
GO:GOBP_RESPONSE_TO_XENOBIOTIC_STIMULUS	TLS_VISIUM_USZ::LC3	27	772	0.0519	6.72e-09	flat	0.006
GO:GOBP_RHYTHMIC_PROCESS	TLS_VISIUM_USZ::LC3	27	772	0.0121	0.0251	flat	0.0041
GO:GOBP_RIBONUCLEOPROTEIN_COMPLEX_BIOGENESIS	TLS_VISIUM_USZ::LC3	27	772	0.1756	5.81e-32	flat	0.0256
GO:GOBP_RIBOSE_PHOSPHATE_BIOSYNTHETIC_PROCESS	TLS_VISIUM_USZ::LC3	27	772	0.1538	1.22e-27	flat	0.0417
GO:GOBP_RIBOSE_PHOSPHATE_METABOLIC_PROCESS	TLS_VISIUM_USZ::LC3	27	772	0.156	4.6e-28	flat	0.0263
GO:GOBP_RIBOSOMAL_LARGE_SUBUNIT_BIOGENESIS	TLS_VISIUM_USZ::LC3	27	772	0.0332	9.87e-06	flat	0.0187
GO:GOBP_RIBOSOME_BIOGENESIS	TLS_VISIUM_USZ::LC3	27	772	0.1022	7.65e-18	flat	0.0167
GO:GOBP_RNA_EXPORT_FROM_NUCLEUS	TLS_VISIUM_USZ::LC3	27	772	0.0396	8.25e-07	flat	0.0208
GO:GOBP_RNA_LOCALIZATION	TLS_VISIUM_USZ::LC3	27	772	0.0845	1.22e-14	flat	0.0232
GO:GOBP_RNA_MODIFICATION	TLS_VISIUM_USZ::LC3	27	772	0.0107	0.0413	flat	0.0063
GO:GOBP_RNA_PROCESSING	TLS_VISIUM_USZ::LC3	27	772	0.0572	8.04e-10	flat	0.0069
GO:GOBP_RNA_SPLICING	TLS_VISIUM_USZ::LC3	27	772	0.1252	3.83e-22	flat	0.0222
GO:GOBP_RNA_SPLICING_VIA_TRANSESTERIFICATION_REACTIONS	TLS_VISIUM_USZ::LC3	27	772	0.0292	4.57e-05	flat	0.009
GO:GOBP_RNA_TEMPLATED_DNA_BIOSYNTHETIC_PROCESS	TLS_VISIUM_USZ::LC3	27	772	0.0732	1.3e-12	flat	0.0395
GO:GOBP_RRNA_METABOLIC_PROCESS	TLS_VISIUM_USZ::LC3	27	772	0.0734	1.2e-12	flat	0.0149
GO:GOBP_RRNA_PROCESSING	TLS_VISIUM_USZ::LC3	27	772	0.0066	0.168	flat	0.0046
GO:GOBP_SECONDARY_ALCOHOL_METABOLIC_PROCESS	TLS_VISIUM_USZ::LC3	27	772	0.0208	0.00106	flat	0.0069
GO:GOBP_SECRETION	TLS_VISIUM_USZ::LC3	27	772	0.1083	5.53e-19	flat	0.0089
GO:GOBP_SEMI_LUNAR_VALVE_DEVELOPMENT	TLS_VISIUM_USZ::LC3	27	772	0.0081	0.1	flat	0.0081
GO:GOBP_SENSORY_ORGAN_DEVELOPMENT	TLS_VISIUM_USZ::LC3	27	772	0.0365	2.76e-06	flat	0.0046
GO:GOBP_SENSORY_ORGAN_MORPHOGENESIS	TLS_VISIUM_USZ::LC3	27	772	0.0262	0.000142	flat	0.0058
GO:GOBP_SENSORY_PERCEPTION	TLS_VISIUM_USZ::LC3	27	772	0.2456	1.08e-46	flat	0.0304
GO:GOBP_SENSORY_SYSTEM_DEVELOPMENT	TLS_VISIUM_USZ::LC3	27	772	0.0002	0.98	flat	0.0005
GO:GOBP_SEQUESTERING_OF_CALCIUM_ION	TLS_VISIUM_USZ::LC3	27	772	0.0055	0.239	flat	0.0035
GO:GOBP_SEXUAL_REPRODUCTION	TLS_VISIUM_USZ::LC3	27	772	0.1745	9.54e-32	flat	0.0143
GO:GOBP_SIGNAL_RELEASE	TLS_VISIUM_USZ::LC3	27	772	0.1713	4.19e-31	flat	0.0168
GO:GOBP_SIGNAL_TRANSDUCTION_BY_P53_CLASS_MEDIATOR	TLS_VISIUM_USZ::LC3	27	772	0.0552	1.82e-09	flat	0.0131
GO:GOBP_SIGNAL_TRANSDUCTION_IN_RESPONSE_TO_DNA_DAMAGE	TLS_VISIUM_USZ::LC3	27	772	0.0526	5.05e-09	flat	0.0166
GO:GOBP_SISTER_CHROMATID_SEGREGATION	TLS_VISIUM_USZ::LC3	27	772	0.0194	0.00179	flat	0.0061
GO:GOBP_SKELETAL_MUSCLE_CELL_DIFFERENTIATION	TLS_VISIUM_USZ::LC3	27	772	0.0036	0.428	flat	0.003
GO:GOBP_SKELETAL_SYSTEM_DEVELOPMENT	TLS_VISIUM_USZ::LC3	27	772	0.0026	0.571	flat	0.0015
GO:GOBP_SKIN_DEVELOPMENT	TLS_VISIUM_USZ::LC3	27	772	0.0926	4.19e-16	flat	0.0156
GO:GOBP_SMALL_GTPASE_MEDIATED_SIGNAL_TRANSDUCTION	TLS_VISIUM_USZ::LC3	27	772	0.0166	0.00491	flat	0.0041
GO:GOBP_SMALL_MOLECULE_BIOSYNTHETIC_PROCESS	TLS_VISIUM_USZ::LC3	27	772	0.0017	0.724	flat	0.0008
GO:GOBP_SMALL_MOLECULE_CATABOLIC_PROCESS	TLS_VISIUM_USZ::LC3	27	772	0.06	2.62e-10	flat	0.0091
GO:GOBP_SMALL_MOLECULE_METABOLIC_PROCESS	TLS_VISIUM_USZ::LC3	27	772	0.0052	0.258	flat	0.001
GO:GOBP_SMOOTH_MUSCLE_CELL_PROLIFERATION	TLS_VISIUM_USZ::LC3	27	772	0.0004	0.965	flat	0.0008
GO:GOBP_SPINDLE_ASSEMBLY	TLS_VISIUM_USZ::LC3	27	772	0.0029	0.522	flat	0.0039
GO:GOBP_SPINDLE_ORGANIZATION	TLS_VISIUM_USZ::LC3	27	772	0.0009	0.881	flat	0.0012
GO:GOBP_SPROUTING_ANGIOGENESIS	TLS_VISIUM_USZ::LC3	27	772	0.083	2.28e-14	flat	0.0199
GO:GOBP_STEM_CELL_DIFFERENTIATION	TLS_VISIUM_USZ::LC3	27	772	0.0053	0.256	flat	0.0028
GO:GOBP_STEM_CELL_PROLIFERATION	TLS_VISIUM_USZ::LC3	27	772	0.0526	5.02e-09	flat	0.0172
GO:GOBP_STEROID_BIOSYNTHETIC_PROCESS	TLS_VISIUM_USZ::LC3	27	772	0.0147	0.00988	flat	0.0049
GO:GOBP_STEROID_METABOLIC_PROCESS	TLS_VISIUM_USZ::LC3	27	772	0.0194	0.00176	flat	0.005
GO:GOBP_STEROL_BIOSYNTHETIC_PROCESS	TLS_VISIUM_USZ::LC3	27	772	0.0021	0.65	flat	0.0025
GO:GOBP_SULFUR_COMPOUND_METABOLIC_PROCESS	TLS_VISIUM_USZ::LC3	27	772	0.0479	3.21e-08	flat	0.0083
GO:GOBP_SUPRAMOLECULAR_FIBER_ORGANIZATION	TLS_VISIUM_USZ::LC3	27	772	0.1066	1.14e-18	flat	0.0111
GO:GOBP_SYNAPSE_ASSEMBLY	TLS_VISIUM_USZ::LC3	27	772	0.1172	1.24e-20	flat	0.0134
GO:GOBP_SYNAPSE_ORGANIZATION	TLS_VISIUM_USZ::LC3	27	772	0.0452	9.35e-08	flat	0.0055
GO:GOBP_SYNAPTIC_SIGNALING	TLS_VISIUM_USZ::LC3	27	772	0.233	6.06e-44	flat	0.0233
GO:GOBP_TAXIS	TLS_VISIUM_USZ::LC3	27	772	0.0752	5.58e-13	flat	0.0105
GO:GOBP_TELOMERASE_RNA_LOCALIZATION	TLS_VISIUM_USZ::LC3	27	772	0.1087	4.76e-19	flat	0.1298
GO:GOBP_TELOMERE_MAINTENANCE_VIA_TELOMERE_LENGTHENING	TLS_VISIUM_USZ::LC3	27	772	0.1184	7.5e-21	flat	0.0544
GO:GOBP_TELOMERE_ORGANIZATION	TLS_VISIUM_USZ::LC3	27	772	0.096	1.01e-16	flat	0.0309
GO:GOBP_TIGHT_JUNCTION_ASSEMBLY	TLS_VISIUM_USZ::LC3	27	772	0.0066	0.163	flat	0.0058
GO:GOBP_TIGHT_JUNCTION_ORGANIZATION	TLS_VISIUM_USZ::LC3	27	772	0.0016	0.745	flat	0.002
GO:GOBP_TISSUE_HOMEOSTASIS	TLS_VISIUM_USZ::LC3	27	772	0.0257	0.000166	flat	0.0059
GO:GOBP_TISSUE_MORPHOGENESIS	TLS_VISIUM_USZ::LC3	27	772	0.1303	4.22e-23	flat	0.0153
GO:GOBP_TISSUE_REMODELING	TLS_VISIUM_USZ::LC3	27	772	0.0233	0.000416	flat	0.0104
GO:GOBP_TRANSFORMING_GROWTH_FACTOR_BETA_RECEPTOR_SIGNALING_PATHWAY	TLS_VISIUM_USZ::LC3	27	772	0.025	0.000223	flat	0.0068
GO:GOBP_TRANSLATION	TLS_VISIUM_USZ::LC3	27	772	0.0965	8.22e-17	flat	0.0165
GO:GOBP_TRANSLATIONAL_INITIATION	TLS_VISIUM_USZ::LC3	27	772	0.1623	2.58e-29	flat	0.0459
GO:GOBP_TRANSMEMBRANE_TRANSPORT	TLS_VISIUM_USZ::LC3	27	772	0.1692	1.1e-30	flat	0.0116
GO:GOBP_TRNA_METABOLIC_PROCESS	TLS_VISIUM_USZ::LC3	27	772	0.0526	5.06e-09	flat	0.0142
GO:GOBP_TUBE_DEVELOPMENT	TLS_VISIUM_USZ::LC3	27	772	0.1128	8.25e-20	flat	0.0093
GO:GOBP_TUBE_MORPHOGENESIS	TLS_VISIUM_USZ::LC3	27	772	0.1252	3.92e-22	flat	0.0147
GO:GOBP_TUMOR_NECROSIS_FACTOR_MEDIATED_SIGNALING_PATHWAY	TLS_VISIUM_USZ::LC3	27	772	0.0057	0.221	flat	0.0038
GO:GOBP_TUMOR_NECROSIS_FACTOR_SUPERFAMILY_CYTOKINE_PRODUCTION	TLS_VISIUM_USZ::LC3	27	772	0.0789	1.25e-13	flat	0.0211
GO:GOBP_TYPE_II_INTERFERON_PRODUCTION	TLS_VISIUM_USZ::LC3	27	772	0.0722	1.94e-12	flat	0.0236
GO:GOBP_TYPE_I_INTERFERON_PRODUCTION	TLS_VISIUM_USZ::LC3	27	772	0.0579	6.23e-10	flat	0.0264
GO:GOBP_T_CELL_ACTIVATION	TLS_VISIUM_USZ::LC3	27	772	0.1091	4.01e-19	flat	0.0131
GO:GOBP_T_CELL_ACTIVATION_INVOLVED_IN_IMMUNE_RESPONSE	TLS_VISIUM_USZ::LC3	27	772	0.0319	1.58e-05	flat	0.01
GO:GOBP_T_CELL_DIFFERENTIATION	TLS_VISIUM_USZ::LC3	27	772	0.025	0.000223	flat	0.0076
GO:GOBP_T_CELL_MEDIATED_IMMUNITY	TLS_VISIUM_USZ::LC3	27	772	0.0235	0.00038	flat	0.0095
GO:GOBP_T_CELL_PROLIFERATION	TLS_VISIUM_USZ::LC3	27	772	0.0268	0.000111	flat	0.008
GO:GOBP_T_CELL_RECEPTOR_SIGNALING_PATHWAY	TLS_VISIUM_USZ::LC3	27	772	0.0165	0.0052	flat	0.0073
GO:GOBP_VACUOLE_ORGANIZATION	TLS_VISIUM_USZ::LC3	27	772	0.1423	2.15e-25	flat	0.0311
GO:GOBP_VASCULAR_ASSOCIATED_SMOOTH_MUSCLE_CELL_PROLIFERATION	TLS_VISIUM_USZ::LC3	27	772	0.0329	1.11e-05	flat	0.0179
GO:GOBP_VASCULATURE_DEVELOPMENT	TLS_VISIUM_USZ::LC3	27	772	0.1441	9.32e-26	flat	0.0175
GO:GOBP_VASCULOGENESIS	TLS_VISIUM_USZ::LC3	27	772	0.0198	0.00154	flat	0.0092
GO:GOBP_VESICLE_MEDIATED_TRANSPORT	TLS_VISIUM_USZ::LC3	27	772	0.0344	6.25e-06	flat	0.0036
GO:GOBP_VESICLE_ORGANIZATION	TLS_VISIUM_USZ::LC3	27	772	0.0013	0.807	flat	0.0014
GO:GOBP_VIRAL_GENOME_REPLICATION	TLS_VISIUM_USZ::LC3	27	772	0.0871	4.25e-15	flat	0.0347
GO:GOBP_VIRAL_LIFE_CYCLE	TLS_VISIUM_USZ::LC3	27	772	0.1121	1.12e-19	flat	0.0266
GO:GOBP_VIRAL_PROCESS	TLS_VISIUM_USZ::LC3	27	772	0.1448	6.89e-26	flat	0.0256
GO:GOBP_WNT_SIGNALING_PATHWAY	TLS_VISIUM_USZ::LC3	27	772	0.0869	4.61e-15	flat	0.0141
GO:GOBP_WOUND_HEALING	TLS_VISIUM_USZ::LC3	27	772	0.1555	5.65e-28	flat	0.0263
GO:GOBP_ACTIN_FILAMENT_BASED_PROCESS	TLS_VISIUM_USZ::KC3	20	440	0.0049	0.544	flat	0.002
GO:GOBP_ACTIN_FILAMENT_BUNDLE_ORGANIZATION	TLS_VISIUM_USZ::KC3	20	440	0.0113	0.176	flat	0.0082
GO:GOBP_ACTIN_FILAMENT_ORGANIZATION	TLS_VISIUM_USZ::KC3	20	440	0.0048	0.554	flat	0.0029
GO:GOBP_ACTIVATION_OF_IMMUNE_RESPONSE	TLS_VISIUM_USZ::KC3	20	440	0.0113	0.176	flat	0.0041
GO:GOBP_ACTIVATION_OF_INNATE_IMMUNE_RESPONSE	TLS_VISIUM_USZ::KC3	20	440	0.0177	0.0501	flat	0.0079
GO:GOBP_ACTOMYOSIN_STRUCTURE_ORGANIZATION	TLS_VISIUM_USZ::KC3	20	440	0.006	0.453	flat	0.0038
GO:GOBP_ADAPTIVE_IMMUNE_RESPONSE	TLS_VISIUM_USZ::KC3	20	440	0.0385	0.000669	flat	0.0058
GO:GOBP_ADAPTIVE_IMMUNE_RESPONSE_BASED_ON_SOMATIC_RECOMBINATION_OF_IMMUNE_RECEPTORS_BUILT_FROM_IMMUNOGLOBULIN_SUPERFAMILY_DOMAINS	TLS_VISIUM_USZ::KC3	20	440	0.0325	0.00239	flat	0.0083
GO:GOBP_AEROBIC_RESPIRATION	TLS_VISIUM_USZ::KC3	20	440	0.0027	0.755	flat	0.0035
GO:GOBP_ALCOHOL_BIOSYNTHETIC_PROCESS	TLS_VISIUM_USZ::KC3	20	440	0.0008	0.951	flat	0.0017
GO:GOBP_ALCOHOL_METABOLIC_PROCESS	TLS_VISIUM_USZ::KC3	20	440	0.0023	0.8	flat	0.0023
GO:GOBP_ALPHA_AMINO_ACID_METABOLIC_PROCESS	TLS_VISIUM_USZ::KC3	20	440	0.0018	0.851	flat	0.0019
GO:GOBP_ALPHA_BETA_T_CELL_ACTIVATION	TLS_VISIUM_USZ::KC3	20	440	0.0031	0.716	flat	0.0023
GO:GOBP_AMEBOIDAL_TYPE_CELL_MIGRATION	TLS_VISIUM_USZ::KC3	20	440	0.0095	0.246	flat	0.006
GO:GOBP_AMIDE_METABOLIC_PROCESS	TLS_VISIUM_USZ::KC3	20	440	0.0007	0.96	flat	0.0008
GO:GOBP_AMINO_ACID_METABOLIC_PROCESS	TLS_VISIUM_USZ::KC3	20	440	0.0077	0.338	flat	0.0026
GO:GOBP_ANATOMICAL_STRUCTURE_FORMATION_INVOLVED_IN_MORPHOGENESIS	TLS_VISIUM_USZ::KC3	20	440	0.0056	0.482	flat	0.0018
GO:GOBP_ANATOMICAL_STRUCTURE_MATURATION	TLS_VISIUM_USZ::KC3	20	440	0.0079	0.325	flat	0.0023
GO:GOBP_ANIMAL_ORGAN_MORPHOGENESIS	TLS_VISIUM_USZ::KC3	20	440	0.0058	0.471	flat	0.0019
GO:GOBP_ANTERIOR_POSTERIOR_PATTERN_SPECIFICATION	TLS_VISIUM_USZ::KC3	20	440	0.0076	0.346	flat	0.002
GO:GOBP_ANTIBACTERIAL_HUMORAL_RESPONSE	TLS_VISIUM_USZ::KC3	20	440	0.0141	0.103	flat	0.0074
GO:GOBP_ANTIGEN_PROCESSING_AND_PRESENTATION	TLS_VISIUM_USZ::KC3	20	440	0.0463	0.000121	flat	0.0127
GO:GOBP_ANTIGEN_PROCESSING_AND_PRESENTATION_OF_ENDOGENOUS_ANTIGEN	TLS_VISIUM_USZ::KC3	20	440	0.0381	0.000715	flat	0.0103
GO:GOBP_ANTIGEN_PROCESSING_AND_PRESENTATION_OF_ENDOGENOUS_PEPTIDE_ANTIGEN	TLS_VISIUM_USZ::KC3	20	440	0.0025	0.776	flat	0.0088
GO:GOBP_ANTIGEN_PROCESSING_AND_PRESENTATION_OF_EXOGENOUS_ANTIGEN	TLS_VISIUM_USZ::KC3	20	440	0.0475	9.44e-05	flat	0.0222
GO:GOBP_ANTIGEN_PROCESSING_AND_PRESENTATION_OF_EXOGENOUS_PEPTIDE_ANTIGEN	TLS_VISIUM_USZ::KC3	20	440	0.0336	0.00189	flat	0.0207
GO:GOBP_ANTIGEN_PROCESSING_AND_PRESENTATION_OF_PEPTIDE_ANTIGEN	TLS_VISIUM_USZ::KC3	20	440	0.024	0.0141	flat	0.0134
GO:GOBP_ANTIGEN_PROCESSING_AND_PRESENTATION_OF_PEPTIDE_ANTIGEN_VIA_MHC_CLASS_I	TLS_VISIUM_USZ::KC3	20	440	0.0176	0.0519	flat	0.0106
GO:GOBP_ANTIGEN_PROCESSING_AND_PRESENTATION_OF_PEPTIDE_OR_POLYSACCHARIDE_ANTIGEN_VIA_MHC_CLASS_II	TLS_VISIUM_USZ::KC3	20	440	0.0406	0.000425	flat	0.0223
GO:GOBP_ANTIVIRAL_INNATE_IMMUNE_RESPONSE	TLS_VISIUM_USZ::KC3	20	440	0.0134	0.118	flat	0.009
GO:GOBP_AORTIC_VALVE_MORPHOGENESIS	TLS_VISIUM_USZ::KC3	20	440	0.0007	0.962	flat	0.0028
GO:GOBP_APICAL_JUNCTION_ASSEMBLY	TLS_VISIUM_USZ::KC3	20	440	0.0055	0.492	flat	0.0064
GO:GOBP_APOPTOTIC_PROCESS	TLS_VISIUM_USZ::KC3	20	440	0.0052	0.518	flat	0.0011
GO:GOBP_APOPTOTIC_SIGNALING_PATHWAY	TLS_VISIUM_USZ::KC3	20	440	0.0159	0.0717	flat	0.0057
GO:GOBP_APPENDAGE_MORPHOGENESIS	TLS_VISIUM_USZ::KC3	20	440	0.0213	0.0245	flat	0.0086
GO:GOBP_ARTERY_DEVELOPMENT	TLS_VISIUM_USZ::KC3	20	440	0.0177	0.0509	flat	0.0096
GO:GOBP_ATP_BIOSYNTHETIC_PROCESS	TLS_VISIUM_USZ::KC3	20	440	0.0287	0.00536	flat	0.0268
GO:GOBP_ATP_METABOLIC_PROCESS	TLS_VISIUM_USZ::KC3	20	440	0.0074	0.354	flat	0.0063
GO:GOBP_ATP_SYNTHESIS_COUPLED_ELECTRON_TRANSPORT	TLS_VISIUM_USZ::KC3	20	440	0.0203	0.0299	flat	0.0162
GO:GOBP_ATTACHMENT_OF_SPINDLE_MICROTUBULES_TO_KINETOCHORE	TLS_VISIUM_USZ::KC3	20	440	0.0032	0.708	flat	0.004
GO:GOBP_AXON_DEVELOPMENT	TLS_VISIUM_USZ::KC3	20	440	0.0053	0.505	flat	0.0026
GO:GOBP_BEHAVIOR	TLS_VISIUM_USZ::KC3	20	440	0.0051	0.523	flat	0.002
GO:GOBP_BIOLOGICAL_PROCESS_INVOLVED_IN_INTERACTION_WITH_HOST	TLS_VISIUM_USZ::KC3	20	440	0.002	0.829	flat	0.0031
GO:GOBP_BIOLOGICAL_PROCESS_INVOLVED_IN_INTERSPECIES_INTERACTION_BETWEEN_ORGANISMS	TLS_VISIUM_USZ::KC3	20	440	0.009	0.269	flat	0.0011
GO:GOBP_BIOLOGICAL_PROCESS_INVOLVED_IN_SYMBIOTIC_INTERACTION	TLS_VISIUM_USZ::KC3	20	440	0.006	0.452	flat	0.004
GO:GOBP_BLOOD_VESSEL_ENDOTHELIAL_CELL_MIGRATION	TLS_VISIUM_USZ::KC3	20	440	0.0028	0.745	flat	0.0044
GO:GOBP_BLOOD_VESSEL_MORPHOGENESIS	TLS_VISIUM_USZ::KC3	20	440	0.0084	0.299	flat	0.0037
GO:GOBP_BONE_DEVELOPMENT	TLS_VISIUM_USZ::KC3	20	440	0.0168	0.0605	flat	0.0077
GO:GOBP_BONE_MINERALIZATION	TLS_VISIUM_USZ::KC3	20	440	0.0037	0.65	flat	0.0032
GO:GOBP_BONE_MORPHOGENESIS	TLS_VISIUM_USZ::KC3	20	440	0.0075	0.347	flat	0.0078
GO:GOBP_B_CELL_ACTIVATION	TLS_VISIUM_USZ::KC3	20	440	0.0193	0.0368	flat	0.0069
GO:GOBP_B_CELL_MEDIATED_IMMUNITY	TLS_VISIUM_USZ::KC3	20	440	0.0397	0.000516	flat	0.0071
GO:GOBP_B_CELL_RECEPTOR_SIGNALING_PATHWAY	TLS_VISIUM_USZ::KC3	20	440	0.0216	0.023	flat	0.0146
GO:GOBP_CALCIUM_ION_HOMEOSTASIS	TLS_VISIUM_USZ::KC3	20	440	0.0024	0.79	flat	0.0018
GO:GOBP_CALCIUM_ION_TRANSMEMBRANE_IMPORT_INTO_CYTOSOL	TLS_VISIUM_USZ::KC3	20	440	0.0093	0.255	flat	0.0054
GO:GOBP_CALCIUM_ION_TRANSMEMBRANE_TRANSPORT	TLS_VISIUM_USZ::KC3	20	440	0.0024	0.789	flat	0.002
GO:GOBP_CALCIUM_ION_TRANSPORT	TLS_VISIUM_USZ::KC3	20	440	0.0061	0.444	flat	0.0034
GO:GOBP_CALCIUM_MEDIATED_SIGNALING	TLS_VISIUM_USZ::KC3	20	440	0.0198	0.0328	flat	0.0039
GO:GOBP_CANONICAL_NF_KAPPAB_SIGNAL_TRANSDUCTION	TLS_VISIUM_USZ::KC3	20	440	0.0302	0.0039	flat	0.0063
GO:GOBP_CANONICAL_WNT_SIGNALING_PATHWAY	TLS_VISIUM_USZ::KC3	20	440	0.0159	0.0725	flat	0.0081
GO:GOBP_CARBOHYDRATE_CATABOLIC_PROCESS	TLS_VISIUM_USZ::KC3	20	440	0.006	0.454	flat	0.0032
GO:GOBP_CARBOHYDRATE_DERIVATIVE_BIOSYNTHETIC_PROCESS	TLS_VISIUM_USZ::KC3	20	440	0.0059	0.461	flat	0.002
GO:GOBP_CARBOHYDRATE_DERIVATIVE_CATABOLIC_PROCESS	TLS_VISIUM_USZ::KC3	20	440	0.0282	0.00588	flat	0.0063
GO:GOBP_CARBOHYDRATE_DERIVATIVE_METABOLIC_PROCESS	TLS_VISIUM_USZ::KC3	20	440	0.0149	0.0884	flat	0.0037
GO:GOBP_CARBOHYDRATE_METABOLIC_PROCESS	TLS_VISIUM_USZ::KC3	20	440	0.0276	0.00664	flat	0.0073
GO:GOBP_CARDIAC_CHAMBER_DEVELOPMENT	TLS_VISIUM_USZ::KC3	20	440	0.0147	0.0904	flat	0.0046
GO:GOBP_CARDIAC_CHAMBER_MORPHOGENESIS	TLS_VISIUM_USZ::KC3	20	440	0.012	0.154	flat	0.0075
GO:GOBP_CARDIAC_MUSCLE_TISSUE_DEVELOPMENT	TLS_VISIUM_USZ::KC3	20	440	0.0057	0.474	flat	0.0027
GO:GOBP_CARDIAC_SEPTUM_DEVELOPMENT	TLS_VISIUM_USZ::KC3	20	440	0.0073	0.363	flat	0.0038
GO:GOBP_CARDIAC_VENTRICLE_DEVELOPMENT	TLS_VISIUM_USZ::KC3	20	440	0.0093	0.254	flat	0.0043
GO:GOBP_CARTILAGE_DEVELOPMENT	TLS_VISIUM_USZ::KC3	20	440	0.0116	0.166	flat	0.0063
GO:GOBP_CELLULAR_COMPONENT_DISASSEMBLY	TLS_VISIUM_USZ::KC3	20	440	0.0045	0.579	flat	0.0013
GO:GOBP_CELLULAR_HOMEOSTASIS	TLS_VISIUM_USZ::KC3	20	440	0.017	0.0581	flat	0.0021
GO:GOBP_CELLULAR_RESPIRATION	TLS_VISIUM_USZ::KC3	20	440	0.0074	0.354	flat	0.0067
GO:GOBP_CELLULAR_RESPONSE_TO_BIOTIC_STIMULUS	TLS_VISIUM_USZ::KC3	20	440	0.0167	0.061	flat	0.0028
GO:GOBP_CELLULAR_RESPONSE_TO_CHEMICAL_STRESS	TLS_VISIUM_USZ::KC3	20	440	0.0068	0.398	flat	0.0035
GO:GOBP_CELLULAR_RESPONSE_TO_ENDOGENOUS_STIMULUS	TLS_VISIUM_USZ::KC3	20	440	0.0024	0.785	flat	0.0015
GO:GOBP_CELLULAR_RESPONSE_TO_HORMONE_STIMULUS	TLS_VISIUM_USZ::KC3	20	440	0.0157	0.0745	flat	0.0047
GO:GOBP_CELLULAR_RESPONSE_TO_HYDROGEN_PEROXIDE	TLS_VISIUM_USZ::KC3	20	440	0.0041	0.62	flat	0.0077
GO:GOBP_CELLULAR_RESPONSE_TO_INSULIN_STIMULUS	TLS_VISIUM_USZ::KC3	20	440	0.0057	0.478	flat	0.0053
GO:GOBP_CELLULAR_RESPONSE_TO_LIPID	TLS_VISIUM_USZ::KC3	20	440	0.0242	0.0135	flat	0.0032
GO:GOBP_CELLULAR_RESPONSE_TO_MOLECULE_OF_BACTERIAL_ORIGIN	TLS_VISIUM_USZ::KC3	20	440	0.0183	0.0447	flat	0.005
GO:GOBP_CELLULAR_RESPONSE_TO_NITROGEN_COMPOUND	TLS_VISIUM_USZ::KC3	20	440	0.0029	0.734	flat	0.0021
GO:GOBP_CELLULAR_RESPONSE_TO_NUTRIENT_LEVELS	TLS_VISIUM_USZ::KC3	20	440	0.0132	0.122	flat	0.0064
GO:GOBP_CELLULAR_RESPONSE_TO_OXIDATIVE_STRESS	TLS_VISIUM_USZ::KC3	20	440	0.0035	0.674	flat	0.0033
GO:GOBP_CELLULAR_RESPONSE_TO_OXYGEN_CONTAINING_COMPOUND	TLS_VISIUM_USZ::KC3	20	440	0.0085	0.294	flat	0.0012
GO:GOBP_CELLULAR_RESPONSE_TO_STARVATION	TLS_VISIUM_USZ::KC3	20	440	0.0152	0.0826	flat	0.0046
GO:GOBP_CELLULAR_RESPONSE_TO_STRESS	TLS_VISIUM_USZ::KC3	20	440	0.0073	0.359	flat	0.0022
GO:GOBP_CELLULAR_RESPONSE_TO_TYPE_II_INTERFERON	TLS_VISIUM_USZ::KC3	20	440	0.007	0.379	flat	0.0051
GO:GOBP_CELLULAR_RESPONSE_TO_VASCULAR_ENDOTHELIAL_GROWTH_FACTOR_STIMULUS	TLS_VISIUM_USZ::KC3	20	440	0.0058	0.472	flat	0.0073
GO:GOBP_CELL_ACTIVATION	TLS_VISIUM_USZ::KC3	20	440	0.0309	0.00337	flat	0.0053
GO:GOBP_CELL_ACTIVATION_INVOLVED_IN_IMMUNE_RESPONSE	TLS_VISIUM_USZ::KC3	20	440	0.0257	0.00991	flat	0.0061
GO:GOBP_CELL_ADHESION	TLS_VISIUM_USZ::KC3	20	440	0.0136	0.114	flat	0.0027
GO:GOBP_CELL_CELL_ADHESION	TLS_VISIUM_USZ::KC3	20	440	0.0162	0.0681	flat	0.0026
GO:GOBP_CELL_CELL_JUNCTION_ASSEMBLY	TLS_VISIUM_USZ::KC3	20	440	0.0052	0.513	flat	0.0048
GO:GOBP_CELL_CELL_JUNCTION_ORGANIZATION	TLS_VISIUM_USZ::KC3	20	440	0.0052	0.515	flat	0.0043
GO:GOBP_CELL_CELL_SIGNALING	TLS_VISIUM_USZ::KC3	20	440	0.0008	0.947	flat	0.0005
GO:GOBP_CELL_CHEMOTAXIS	TLS_VISIUM_USZ::KC3	20	440	0.0011	0.922	flat	0.0007
GO:GOBP_CELL_CYCLE	TLS_VISIUM_USZ::KC3	20	440	0.0113	0.176	flat	0.0026
GO:GOBP_CELL_CYCLE_CHECKPOINT_SIGNALING	TLS_VISIUM_USZ::KC3	20	440	0.018	0.0474	flat	0.0068
GO:GOBP_CELL_CYCLE_G1_S_PHASE_TRANSITION	TLS_VISIUM_USZ::KC3	20	440	0.0142	0.1	flat	0.0078
GO:GOBP_CELL_CYCLE_G2_M_PHASE_TRANSITION	TLS_VISIUM_USZ::KC3	20	440	0.0096	0.239	flat	0.0066
GO:GOBP_CELL_CYCLE_PHASE_TRANSITION	TLS_VISIUM_USZ::KC3	20	440	0.013	0.127	flat	0.0039
GO:GOBP_CELL_CYCLE_PROCESS	TLS_VISIUM_USZ::KC3	20	440	0.0101	0.219	flat	0.0023
GO:GOBP_CELL_DIVISION	TLS_VISIUM_USZ::KC3	20	440	0.0123	0.143	flat	0.0039
GO:GOBP_CELL_FATE_COMMITMENT	TLS_VISIUM_USZ::KC3	20	440	0.0099	0.229	flat	0.0032
GO:GOBP_CELL_GROWTH	TLS_VISIUM_USZ::KC3	20	440	0.0121	0.149	flat	0.004
GO:GOBP_CELL_JUNCTION_ASSEMBLY	TLS_VISIUM_USZ::KC3	20	440	0.0112	0.179	flat	0.0042
GO:GOBP_CELL_JUNCTION_ORGANIZATION	TLS_VISIUM_USZ::KC3	20	440	0.0056	0.482	flat	0.0023
GO:GOBP_CELL_KILLING	TLS_VISIUM_USZ::KC3	20	440	0.0344	0.00161	flat	0.0064
GO:GOBP_CELL_MATRIX_ADHESION	TLS_VISIUM_USZ::KC3	20	440	0.0059	0.46	flat	0.0069
GO:GOBP_CELL_MORPHOGENESIS	TLS_VISIUM_USZ::KC3	20	440	0.0139	0.107	flat	0.0031
GO:GOBP_CELL_MORPHOGENESIS_INVOLVED_IN_NEURON_DIFFERENTIATION	TLS_VISIUM_USZ::KC3	20	440	0.0044	0.587	flat	0.0024
GO:GOBP_CELL_MOTILITY	TLS_VISIUM_USZ::KC3	20	440	0.0194	0.0356	flat	0.003
GO:GOBP_CELL_PROJECTION_ASSEMBLY	TLS_VISIUM_USZ::KC3	20	440	0.0124	0.142	flat	0.0049
GO:GOBP_CELL_PROJECTION_MORPHOGENESIS	TLS_VISIUM_USZ::KC3	20	440	0.0115	0.169	flat	0.004
GO:GOBP_CELL_PROJECTION_ORGANIZATION	TLS_VISIUM_USZ::KC3	20	440	0.0018	0.853	flat	0.0009
GO:GOBP_CELL_SUBSTRATE_ADHESION	TLS_VISIUM_USZ::KC3	20	440	0.0151	0.0837	flat	0.0082
GO:GOBP_CELL_SUBSTRATE_JUNCTION_ORGANIZATION	TLS_VISIUM_USZ::KC3	20	440	0.0138	0.109	flat	0.0171
GO:GOBP_CELL_SURFACE_RECEPTOR_PROTEIN_SERINE_THREONINE_KINASE_SIGNALING_PATHWAY	TLS_VISIUM_USZ::KC3	20	440	0.0031	0.719	flat	0.0028
GO:GOBP_CELL_SURFACE_RECEPTOR_PROTEIN_TYROSINE_KINASE_SIGNALING_PATHWAY	TLS_VISIUM_USZ::KC3	20	440	0.0028	0.744	flat	0.0023
GO:GOBP_CELL_SURFACE_RECEPTOR_SIGNALING_PATHWAY_VIA_STAT	TLS_VISIUM_USZ::KC3	20	440	0.0074	0.359	flat	0.0058
GO:GOBP_CENTRAL_NERVOUS_SYSTEM_DEVELOPMENT	TLS_VISIUM_USZ::KC3	20	440	0.0053	0.506	flat	0.0021
GO:GOBP_CHEMICAL_HOMEOSTASIS	TLS_VISIUM_USZ::KC3	20	440	0.0051	0.526	flat	0.0016
GO:GOBP_CHONDROCYTE_DIFFERENTIATION	TLS_VISIUM_USZ::KC3	20	440	0.005	0.538	flat	0.006
GO:GOBP_CHROMATIN_ORGANIZATION	TLS_VISIUM_USZ::KC3	20	440	0.014	0.105	flat	0.0047
GO:GOBP_CHROMATIN_REMODELING	TLS_VISIUM_USZ::KC3	20	440	0.0067	0.4	flat	0.0033
GO:GOBP_CHROMOSOME_LOCALIZATION	TLS_VISIUM_USZ::KC3	20	440	0.0213	0.0244	flat	0.0105
GO:GOBP_CHROMOSOME_ORGANIZATION	TLS_VISIUM_USZ::KC3	20	440	0.0197	0.0341	flat	0.0053
GO:GOBP_CHROMOSOME_SEGREGATION	TLS_VISIUM_USZ::KC3	20	440	0.0076	0.345	flat	0.0037
GO:GOBP_CHROMOSOME_SEPARATION	TLS_VISIUM_USZ::KC3	20	440	0.0104	0.208	flat	0.0093
GO:GOBP_CIRCULATORY_SYSTEM_DEVELOPMENT	TLS_VISIUM_USZ::KC3	20	440	0.0031	0.719	flat	0.0018
GO:GOBP_CIRCULATORY_SYSTEM_PROCESS	TLS_VISIUM_USZ::KC3	20	440	0.0001	0.998	flat	0.0003
GO:GOBP_COLLAGEN_CATABOLIC_PROCESS	TLS_VISIUM_USZ::KC3	20	440	0.0009	0.94	flat	0.0031
GO:GOBP_COLLAGEN_FIBRIL_ORGANIZATION	TLS_VISIUM_USZ::KC3	20	440	0.0128	0.132	flat	0.0109
GO:GOBP_COLLAGEN_METABOLIC_PROCESS	TLS_VISIUM_USZ::KC3	20	440	0.0072	0.367	flat	0.0049
GO:GOBP_COMPLEMENT_ACTIVATION_CLASSICAL_PATHWAY	TLS_VISIUM_USZ::KC3	20	440	0.0147	0.0909	flat	0.0082
GO:GOBP_CONNECTIVE_TISSUE_DEVELOPMENT	TLS_VISIUM_USZ::KC3	20	440	0.0117	0.163	flat	0.0047
GO:GOBP_CYTOKINESIS	TLS_VISIUM_USZ::KC3	20	440	0.0217	0.0226	flat	0.0104
GO:GOBP_CYTOKINE_MEDIATED_SIGNALING_PATHWAY	TLS_VISIUM_USZ::KC3	20	440	0.009	0.269	flat	0.0019
GO:GOBP_CYTOKINE_PRODUCTION	TLS_VISIUM_USZ::KC3	20	440	0.0247	0.0122	flat	0.0031
GO:GOBP_CYTOKINE_PRODUCTION_INVOLVED_IN_IMMUNE_RESPONSE	TLS_VISIUM_USZ::KC3	20	440	0.0018	0.855	flat	0.0035
GO:GOBP_CYTOPLASMIC_PATTERN_RECOGNITION_RECEPTOR_SIGNALING_PATHWAY	TLS_VISIUM_USZ::KC3	20	440	0.0003	0.99	flat	0.0013
GO:GOBP_CYTOPLASMIC_TRANSLATION	TLS_VISIUM_USZ::KC3	20	440	0.0074	0.355	flat	0.0072
GO:GOBP_CYTOSKELETON_ORGANIZATION	TLS_VISIUM_USZ::KC3	20	440	0.0105	0.201	flat	0.0029
GO:GOBP_DEFENSE_RESPONSE_TO_BACTERIUM	TLS_VISIUM_USZ::KC3	20	440	0.0173	0.0546	flat	0.0041
GO:GOBP_DEFENSE_RESPONSE_TO_OTHER_ORGANISM	TLS_VISIUM_USZ::KC3	20	440	0.033	0.00215	flat	0.0032
GO:GOBP_DEFENSE_RESPONSE_TO_SYMBIONT	TLS_VISIUM_USZ::KC3	20	440	0.0215	0.0233	flat	0.0041
GO:GOBP_DEFENSE_RESPONSE_TO_VIRUS	TLS_VISIUM_USZ::KC3	20	440	0.0025	0.78	flat	0.0025
GO:GOBP_DETOXIFICATION	TLS_VISIUM_USZ::KC3	20	440	0.0032	0.706	flat	0.0047
GO:GOBP_DEVELOPMENTAL_GROWTH	TLS_VISIUM_USZ::KC3	20	440	0.0072	0.365	flat	0.0022
GO:GOBP_DEVELOPMENTAL_GROWTH_INVOLVED_IN_MORPHOGENESIS	TLS_VISIUM_USZ::KC3	20	440	0.0206	0.0284	flat	0.0071
GO:GOBP_DEVELOPMENTAL_MATURATION	TLS_VISIUM_USZ::KC3	20	440	0.0055	0.491	flat	0.0037
GO:GOBP_DEVELOPMENTAL_PROCESS_INVOLVED_IN_REPRODUCTION	TLS_VISIUM_USZ::KC3	20	440	0.0025	0.78	flat	0.0014
GO:GOBP_DEVELOPMENT_OF_PRIMARY_SEXUAL_CHARACTERISTICS	TLS_VISIUM_USZ::KC3	20	440	0.0032	0.71	flat	0.0026
GO:GOBP_DICARBOXYLIC_ACID_METABOLIC_PROCESS	TLS_VISIUM_USZ::KC3	20	440	0.0122	0.147	flat	0.0099
GO:GOBP_DIGESTIVE_SYSTEM_PROCESS	TLS_VISIUM_USZ::KC3	20	440	0.0091	0.262	flat	0.0066
GO:GOBP_DNA_BIOSYNTHETIC_PROCESS	TLS_VISIUM_USZ::KC3	20	440	0.0028	0.744	flat	0.0048
GO:GOBP_DNA_DAMAGE_RESPONSE	TLS_VISIUM_USZ::KC3	20	440	0.0246	0.0124	flat	0.0051
GO:GOBP_DNA_INTEGRITY_CHECKPOINT_SIGNALING	TLS_VISIUM_USZ::KC3	20	440	0.0042	0.607	flat	0.0051
GO:GOBP_DNA_METABOLIC_PROCESS	TLS_VISIUM_USZ::KC3	20	440	0.027	0.0076	flat	0.0048
GO:GOBP_DNA_RECOMBINATION	TLS_VISIUM_USZ::KC3	20	440	0.0073	0.36	flat	0.0043
GO:GOBP_DNA_REPAIR	TLS_VISIUM_USZ::KC3	20	440	0.0262	0.00901	flat	0.0065
GO:GOBP_DNA_REPLICATION	TLS_VISIUM_USZ::KC3	20	440	0.052	3.49e-05	flat	0.0087
GO:GOBP_DNA_STRAND_ELONGATION	TLS_VISIUM_USZ::KC3	20	440	0.018	0.0472	flat	0.0132
GO:GOBP_DNA_STRAND_ELONGATION_INVOLVED_IN_DNA_REPLICATION	TLS_VISIUM_USZ::KC3	20	440	0.0111	0.182	flat	0.0093
GO:GOBP_DNA_TEMPLATED_DNA_REPLICATION	TLS_VISIUM_USZ::KC3	20	440	0.0317	0.0028	flat	0.0091
GO:GOBP_DNA_TEMPLATED_TRANSCRIPTION_INITIATION	TLS_VISIUM_USZ::KC3	20	440	0.0058	0.469	flat	0.0047
GO:GOBP_DOUBLE_STRAND_BREAK_REPAIR	TLS_VISIUM_USZ::KC3	20	440	0.0144	0.0972	flat	0.0051
GO:GOBP_EAR_DEVELOPMENT	TLS_VISIUM_USZ::KC3	20	440	0.0176	0.0515	flat	0.0052
GO:GOBP_EAR_MORPHOGENESIS	TLS_VISIUM_USZ::KC3	20	440	0.0093	0.252	flat	0.0045
GO:GOBP_ELECTRON_TRANSPORT_CHAIN	TLS_VISIUM_USZ::KC3	20	440	0.0025	0.778	flat	0.0056
GO:GOBP_EMBRYONIC_MORPHOGENESIS	TLS_VISIUM_USZ::KC3	20	440	0.0166	0.0631	flat	0.002
GO:GOBP_EMBRYONIC_ORGAN_DEVELOPMENT	TLS_VISIUM_USZ::KC3	20	440	0.0073	0.365	flat	0.0026
GO:GOBP_EMBRYONIC_ORGAN_MORPHOGENESIS	TLS_VISIUM_USZ::KC3	20	440	0.0179	0.0483	flat	0.0052
GO:GOBP_EMBRYO_DEVELOPMENT	TLS_VISIUM_USZ::KC3	20	440	0.0077	0.337	flat	0.0014
GO:GOBP_EMBRYO_DEVELOPMENT_ENDING_IN_BIRTH_OR_EGG_HATCHING	TLS_VISIUM_USZ::KC3	20	440	0.0201	0.0313	flat	0.0027
GO:GOBP_ENDOCYTOSIS	TLS_VISIUM_USZ::KC3	20	440	0.0025	0.775	flat	0.0023
GO:GOBP_ENDOMEMBRANE_SYSTEM_ORGANIZATION	TLS_VISIUM_USZ::KC3	20	440	0.0023	0.795	flat	0.0016
GO:GOBP_ENDOPLASMIC_RETICULUM_TO_GOLGI_VESICLE_MEDIATED_TRANSPORT	TLS_VISIUM_USZ::KC3	20	440	0.001	0.929	flat	0.0051
GO:GOBP_ENDOSOMAL_TRANSPORT	TLS_VISIUM_USZ::KC3	20	440	0.0198	0.0328	flat	0.0104
GO:GOBP_ENDOTHELIAL_CELL_MIGRATION	TLS_VISIUM_USZ::KC3	20	440	0.0038	0.646	flat	0.0047
GO:GOBP_ENDOTHELIAL_CELL_PROLIFERATION	TLS_VISIUM_USZ::KC3	20	440	0.0007	0.959	flat	0.0017
GO:GOBP_ENDOTHELIUM_DEVELOPMENT	TLS_VISIUM_USZ::KC3	20	440	0.0	0.999	flat	0.0004
GO:GOBP_ENERGY_DERIVATION_BY_OXIDATION_OF_ORGANIC_COMPOUNDS	TLS_VISIUM_USZ::KC3	20	440	0.0033	0.699	flat	0.0042
GO:GOBP_ENZYME_LINKED_RECEPTOR_PROTEIN_SIGNALING_PATHWAY	TLS_VISIUM_USZ::KC3	20	440	0.0075	0.353	flat	0.0029
GO:GOBP_EPIDERMAL_CELL_DIFFERENTIATION	TLS_VISIUM_USZ::KC3	20	440	0.0093	0.251	flat	0.0022
GO:GOBP_EPIDERMIS_DEVELOPMENT	TLS_VISIUM_USZ::KC3	20	440	0.0024	0.792	flat	0.0015
GO:GOBP_EPIGENETIC_REGULATION_OF_GENE_EXPRESSION	TLS_VISIUM_USZ::KC3	20	440	0.0013	0.901	flat	0.0021
GO:GOBP_EPITHELIAL_CELL_DEVELOPMENT	TLS_VISIUM_USZ::KC3	20	440	0.0047	0.565	flat	0.0033
GO:GOBP_EPITHELIAL_CELL_DIFFERENTIATION	TLS_VISIUM_USZ::KC3	20	440	0.012	0.152	flat	0.0031
GO:GOBP_EPITHELIAL_CELL_PROLIFERATION	TLS_VISIUM_USZ::KC3	20	440	0.0028	0.748	flat	0.0019
GO:GOBP_EPITHELIAL_TO_MESENCHYMAL_TRANSITION	TLS_VISIUM_USZ::KC3	20	440	0.0102	0.216	flat	0.0075
GO:GOBP_EPITHELIAL_TUBE_MORPHOGENESIS	TLS_VISIUM_USZ::KC3	20	440	0.0114	0.172	flat	0.004
GO:GOBP_EPITHELIUM_DEVELOPMENT	TLS_VISIUM_USZ::KC3	20	440	0.013	0.127	flat	0.0019
GO:GOBP_ERK1_AND_ERK2_CASCADE	TLS_VISIUM_USZ::KC3	20	440	0.0071	0.372	flat	0.0036
GO:GOBP_ESTABLISHMENT_OF_ORGANELLE_LOCALIZATION	TLS_VISIUM_USZ::KC3	20	440	0.033	0.00213	flat	0.0065
GO:GOBP_ESTABLISHMENT_OF_PROTEIN_LOCALIZATION	TLS_VISIUM_USZ::KC3	20	440	0.0164	0.0647	flat	0.0035
GO:GOBP_ESTABLISHMENT_OF_PROTEIN_LOCALIZATION_TO_MEMBRANE	TLS_VISIUM_USZ::KC3	20	440	0.0036	0.662	flat	0.0053
GO:GOBP_ESTABLISHMENT_OF_PROTEIN_LOCALIZATION_TO_ORGANELLE	TLS_VISIUM_USZ::KC3	20	440	0.0122	0.147	flat	0.0073
GO:GOBP_ESTABLISHMENT_OF_RNA_LOCALIZATION	TLS_VISIUM_USZ::KC3	20	440	0.0004	0.982	flat	0.002
GO:GOBP_ESTABLISHMENT_OR_MAINTENANCE_OF_CELL_POLARITY	TLS_VISIUM_USZ::KC3	20	440	0.0061	0.448	flat	0.0034
GO:GOBP_EXOCYTOSIS	TLS_VISIUM_USZ::KC3	20	440	0.0056	0.481	flat	0.0037
GO:GOBP_EXPORT_FROM_CELL	TLS_VISIUM_USZ::KC3	20	440	0.016	0.0703	flat	0.004
GO:GOBP_EXTERNAL_ENCAPSULATING_STRUCTURE_ORGANIZATION	TLS_VISIUM_USZ::KC3	20	440	0.0149	0.0872	flat	0.0054
GO:GOBP_FACE_DEVELOPMENT	TLS_VISIUM_USZ::KC3	20	440	0.0203	0.0298	flat	0.0184
GO:GOBP_FATTY_ACID_METABOLIC_PROCESS	TLS_VISIUM_USZ::KC3	20	440	0.0033	0.699	flat	0.0026
GO:GOBP_FERTILIZATION	TLS_VISIUM_USZ::KC3	20	440	0.028	0.00611	flat	0.0097
GO:GOBP_FIBROBLAST_GROWTH_FACTOR_RECEPTOR_SIGNALING_PATHWAY	TLS_VISIUM_USZ::KC3	20	440	0.0217	0.0223	flat	0.0135
GO:GOBP_FOCAL_ADHESION_ASSEMBLY	TLS_VISIUM_USZ::KC3	20	440	0.0082	0.309	flat	0.0103
GO:GOBP_FORMATION_OF_PRIMARY_GERM_LAYER	TLS_VISIUM_USZ::KC3	20	440	0.0311	0.00321	flat	0.0114
GO:GOBP_GAMETE_GENERATION	TLS_VISIUM_USZ::KC3	20	440	0.0116	0.166	flat	0.0021
GO:GOBP_GENERATION_OF_NEURONS	TLS_VISIUM_USZ::KC3	20	440	0.0082	0.308	flat	0.0023
GO:GOBP_GENERATION_OF_PRECURSOR_METABOLITES_AND_ENERGY	TLS_VISIUM_USZ::KC3	20	440	0.0043	0.597	flat	0.0033
GO:GOBP_GLAND_DEVELOPMENT	TLS_VISIUM_USZ::KC3	20	440	0.0216	0.023	flat	0.006
GO:GOBP_GLIAL_CELL_DIFFERENTIATION	TLS_VISIUM_USZ::KC3	20	440	0.0003	0.985	flat	0.0008
GO:GOBP_GLOMERULUS_DEVELOPMENT	TLS_VISIUM_USZ::KC3	20	440	0.0018	0.849	flat	0.0051
GO:GOBP_GLUCOSE_METABOLIC_PROCESS	TLS_VISIUM_USZ::KC3	20	440	0.0016	0.869	flat	0.0026
GO:GOBP_GLYCEROLIPID_BIOSYNTHETIC_PROCESS	TLS_VISIUM_USZ::KC3	20	440	0.0014	0.895	flat	0.0016
GO:GOBP_GLYCEROLIPID_METABOLIC_PROCESS	TLS_VISIUM_USZ::KC3	20	440	0.0062	0.439	flat	0.0031
GO:GOBP_GLYCEROPHOSPHOLIPID_METABOLIC_PROCESS	TLS_VISIUM_USZ::KC3	20	440	0.0059	0.461	flat	0.0042
GO:GOBP_GLYCOPROTEIN_BIOSYNTHETIC_PROCESS	TLS_VISIUM_USZ::KC3	20	440	0.0048	0.553	flat	0.0017
GO:GOBP_GLYCOPROTEIN_METABOLIC_PROCESS	TLS_VISIUM_USZ::KC3	20	440	0.0086	0.289	flat	0.003
GO:GOBP_GLYCOSYLATION	TLS_VISIUM_USZ::KC3	20	440	0.0007	0.959	flat	0.0011
GO:GOBP_GOLGI_VESICLE_TRANSPORT	TLS_VISIUM_USZ::KC3	20	440	0.0055	0.493	flat	0.0051
GO:GOBP_GRANULOCYTE_CHEMOTAXIS	TLS_VISIUM_USZ::KC3	20	440	0.0035	0.679	flat	0.0031
GO:GOBP_GRANULOCYTE_MIGRATION	TLS_VISIUM_USZ::KC3	20	440	0.0111	0.182	flat	0.0058
GO:GOBP_GROWTH	TLS_VISIUM_USZ::KC3	20	440	0.0278	0.00645	flat	0.0044
GO:GOBP_G_PROTEIN_COUPLED_RECEPTOR_SIGNALING_PATHWAY	TLS_VISIUM_USZ::KC3	20	440	0.0019	0.841	flat	0.0014
GO:GOBP_HEAD_DEVELOPMENT	TLS_VISIUM_USZ::KC3	20	440	0.0101	0.22	flat	0.003
GO:GOBP_HEART_DEVELOPMENT	TLS_VISIUM_USZ::KC3	20	440	0.0049	0.541	flat	0.0029
GO:GOBP_HEART_MORPHOGENESIS	TLS_VISIUM_USZ::KC3	20	440	0.0124	0.143	flat	0.0072
GO:GOBP_HEART_PROCESS	TLS_VISIUM_USZ::KC3	20	440	0.016	0.0709	flat	0.0056
GO:GOBP_HEMOPOIESIS	TLS_VISIUM_USZ::KC3	20	440	0.0098	0.233	flat	0.0035
GO:GOBP_HINDBRAIN_DEVELOPMENT	TLS_VISIUM_USZ::KC3	20	440	0.01	0.224	flat	0.0051
GO:GOBP_HOMEOSTASIS_OF_NUMBER_OF_CELLS	TLS_VISIUM_USZ::KC3	20	440	0.0014	0.896	flat	0.0014
GO:GOBP_HOMEOSTATIC_PROCESS	TLS_VISIUM_USZ::KC3	20	440	0.0015	0.886	flat	0.0005
GO:GOBP_HOMOPHILIC_CELL_ADHESION_VIA_PLASMA_MEMBRANE_ADHESION_MOLECULES	TLS_VISIUM_USZ::KC3	20	440	0.0119	0.155	flat	0.007
GO:GOBP_HORMONE_METABOLIC_PROCESS	TLS_VISIUM_USZ::KC3	20	440	0.0035	0.671	flat	0.0026
GO:GOBP_HORMONE_TRANSPORT	TLS_VISIUM_USZ::KC3	20	440	0.0031	0.714	flat	0.0016
GO:GOBP_HUMORAL_IMMUNE_RESPONSE	TLS_VISIUM_USZ::KC3	20	440	0.0284	0.0056	flat	0.0063
GO:GOBP_HUMORAL_IMMUNE_RESPONSE_MEDIATED_BY_CIRCULATING_IMMUNOGLOBULIN	TLS_VISIUM_USZ::KC3	20	440	0.0188	0.0405	flat	0.0063
GO:GOBP_IMMUNE_EFFECTOR_PROCESS	TLS_VISIUM_USZ::KC3	20	440	0.0129	0.129	flat	0.0032
GO:GOBP_IMMUNE_RESPONSE_REGULATING_CELL_SURFACE_RECEPTOR_SIGNALING_PATHWAY	TLS_VISIUM_USZ::KC3	20	440	0.0185	0.0434	flat	0.0034
GO:GOBP_IMMUNE_RESPONSE_REGULATING_SIGNALING_PATHWAY	TLS_VISIUM_USZ::KC3	20	440	0.0121	0.15	flat	0.0035
GO:GOBP_IMPORT_INTO_CELL	TLS_VISIUM_USZ::KC3	20	440	0.0096	0.241	flat	0.0022
GO:GOBP_IMPORT_INTO_NUCLEUS	TLS_VISIUM_USZ::KC3	20	440	0.0158	0.0733	flat	0.0062
GO:GOBP_INFLAMMATORY_RESPONSE	TLS_VISIUM_USZ::KC3	20	440	0.0266	0.00816	flat	0.0031
GO:GOBP_INORGANIC_ANION_TRANSMEMBRANE_TRANSPORT	TLS_VISIUM_USZ::KC3	20	440	0.003	0.727	flat	0.002
GO:GOBP_INORGANIC_ION_HOMEOSTASIS	TLS_VISIUM_USZ::KC3	20	440	0.0118	0.16	flat	0.003
GO:GOBP_INORGANIC_ION_IMPORT_ACROSS_PLASMA_MEMBRANE	TLS_VISIUM_USZ::KC3	20	440	0.0132	0.122	flat	0.0058
GO:GOBP_INTEGRIN_MEDIATED_SIGNALING_PATHWAY	TLS_VISIUM_USZ::KC3	20	440	0.0096	0.241	flat	0.0106
GO:GOBP_INTERFERON_BETA_PRODUCTION	TLS_VISIUM_USZ::KC3	20	440	0.0123	0.144	flat	0.0201
GO:GOBP_INTERFERON_MEDIATED_SIGNALING_PATHWAY	TLS_VISIUM_USZ::KC3	20	440	0.0219	0.0214	flat	0.0108
GO:GOBP_INTERLEUKIN_6_PRODUCTION	TLS_VISIUM_USZ::KC3	20	440	0.0011	0.925	flat	0.0023
GO:GOBP_INTRACELLULAR_MONOATOMIC_ION_HOMEOSTASIS	TLS_VISIUM_USZ::KC3	20	440	0.0149	0.0873	flat	0.0021
GO:GOBP_INTRACELLULAR_PROTEIN_TRANSPORT	TLS_VISIUM_USZ::KC3	20	440	0.0107	0.196	flat	0.0025
GO:GOBP_INTRACELLULAR_RECEPTOR_SIGNALING_PATHWAY	TLS_VISIUM_USZ::KC3	20	440	0.0041	0.62	flat	0.0019
GO:GOBP_INTRACELLULAR_TRANSPORT	TLS_VISIUM_USZ::KC3	20	440	0.0093	0.251	flat	0.0029
GO:GOBP_INTRINSIC_APOPTOTIC_SIGNALING_PATHWAY	TLS_VISIUM_USZ::KC3	20	440	0.0101	0.218	flat	0.0046
GO:GOBP_IN_UTERO_EMBRYONIC_DEVELOPMENT	TLS_VISIUM_USZ::KC3	20	440	0.0119	0.157	flat	0.0046
GO:GOBP_LEUKOCYTE_APOPTOTIC_PROCESS	TLS_VISIUM_USZ::KC3	20	440	0.0126	0.135	flat	0.0116
GO:GOBP_LEUKOCYTE_CELL_CELL_ADHESION	TLS_VISIUM_USZ::KC3	20	440	0.0325	0.00239	flat	0.0049
GO:GOBP_LEUKOCYTE_CHEMOTAXIS	TLS_VISIUM_USZ::KC3	20	440	0.002	0.83	flat	0.0021
GO:GOBP_LEUKOCYTE_DIFFERENTIATION	TLS_VISIUM_USZ::KC3	20	440	0.0314	0.00298	flat	0.0035
GO:GOBP_LEUKOCYTE_MEDIATED_IMMUNITY	TLS_VISIUM_USZ::KC3	20	440	0.0341	0.00171	flat	0.0088
GO:GOBP_LEUKOCYTE_MIGRATION	TLS_VISIUM_USZ::KC3	20	440	0.0006	0.97	flat	0.001
GO:GOBP_LEUKOCYTE_PROLIFERATION	TLS_VISIUM_USZ::KC3	20	440	0.0098	0.231	flat	0.0033
GO:GOBP_LIPID_BIOSYNTHETIC_PROCESS	TLS_VISIUM_USZ::KC3	20	440	0.0012	0.909	flat	0.0011
GO:GOBP_LIPID_CATABOLIC_PROCESS	TLS_VISIUM_USZ::KC3	20	440	0.0004	0.983	flat	0.0006
GO:GOBP_LIPID_LOCALIZATION	TLS_VISIUM_USZ::KC3	20	440	0.0088	0.276	flat	0.0031
GO:GOBP_LIPID_METABOLIC_PROCESS	TLS_VISIUM_USZ::KC3	20	440	0.0086	0.285	flat	0.0014
GO:GOBP_LIPID_MODIFICATION	TLS_VISIUM_USZ::KC3	20	440	0.0001	0.999	flat	0.0004
GO:GOBP_LOCALIZATION_WITHIN_MEMBRANE	TLS_VISIUM_USZ::KC3	20	440	0.0076	0.345	flat	0.0023
GO:GOBP_LOCOMOTION	TLS_VISIUM_USZ::KC3	20	440	0.006	0.451	flat	0.002
GO:GOBP_LYMPHOCYTE_ACTIVATION	TLS_VISIUM_USZ::KC3	20	440	0.0487	7.13e-05	flat	0.0062
GO:GOBP_LYMPHOCYTE_ACTIVATION_INVOLVED_IN_IMMUNE_RESPONSE	TLS_VISIUM_USZ::KC3	20	440	0.0197	0.0341	flat	0.0083
GO:GOBP_LYMPHOCYTE_DIFFERENTIATION	TLS_VISIUM_USZ::KC3	20	440	0.0231	0.0169	flat	0.0031
GO:GOBP_LYMPHOCYTE_MEDIATED_IMMUNITY	TLS_VISIUM_USZ::KC3	20	440	0.0249	0.0116	flat	0.0082
GO:GOBP_MACROAUTOPHAGY	TLS_VISIUM_USZ::KC3	20	440	0.0153	0.0807	flat	0.0072
GO:GOBP_MACROMOLECULE_CATABOLIC_PROCESS	TLS_VISIUM_USZ::KC3	20	440	0.0104	0.205	flat	0.0024
GO:GOBP_MAINTENANCE_OF_CELL_NUMBER	TLS_VISIUM_USZ::KC3	20	440	0.0024	0.79	flat	0.0033
GO:GOBP_MAINTENANCE_OF_LOCATION	TLS_VISIUM_USZ::KC3	20	440	0.008	0.321	flat	0.0071
GO:GOBP_MALE_GAMETE_GENERATION	TLS_VISIUM_USZ::KC3	20	440	0.0065	0.414	flat	0.0023
GO:GOBP_MALE_SEX_DIFFERENTIATION	TLS_VISIUM_USZ::KC3	20	440	0.0001	0.999	flat	0.0004
GO:GOBP_MAPK_CASCADE	TLS_VISIUM_USZ::KC3	20	440	0.0038	0.648	flat	0.0023
GO:GOBP_MEIOSIS_I_CELL_CYCLE_PROCESS	TLS_VISIUM_USZ::KC3	20	440	0.0062	0.441	flat	0.0048
GO:GOBP_MEIOTIC_CELL_CYCLE	TLS_VISIUM_USZ::KC3	20	440	0.0167	0.0614	flat	0.0051
GO:GOBP_MEIOTIC_CELL_CYCLE_PROCESS	TLS_VISIUM_USZ::KC3	20	440	0.0185	0.0428	flat	0.0059
GO:GOBP_MEMBRANELESS_ORGANELLE_ASSEMBLY	TLS_VISIUM_USZ::KC3	20	440	0.0201	0.0311	flat	0.0045
GO:GOBP_MEMBRANE_LIPID_METABOLIC_PROCESS	TLS_VISIUM_USZ::KC3	20	440	0.002	0.833	flat	0.0027
GO:GOBP_MEMBRANE_ORGANIZATION	TLS_VISIUM_USZ::KC3	20	440	0.0042	0.609	flat	0.0024
GO:GOBP_MESENCHYMAL_CELL_DIFFERENTIATION	TLS_VISIUM_USZ::KC3	20	440	0.0146	0.0921	flat	0.0069
GO:GOBP_MESENCHYME_DEVELOPMENT	TLS_VISIUM_USZ::KC3	20	440	0.0122	0.149	flat	0.0049
GO:GOBP_METAL_ION_TRANSPORT	TLS_VISIUM_USZ::KC3	20	440	0.0023	0.797	flat	0.001
GO:GOBP_METAPHASE_CHROMOSOME_ALIGNMENT	TLS_VISIUM_USZ::KC3	20	440	0.0129	0.129	flat	0.0075
GO:GOBP_MICROTUBULE_BASED_MOVEMENT	TLS_VISIUM_USZ::KC3	20	440	0.0006	0.969	flat	0.0009
GO:GOBP_MICROTUBULE_BASED_PROCESS	TLS_VISIUM_USZ::KC3	20	440	0.0087	0.284	flat	0.0027
GO:GOBP_MICROTUBULE_CYTOSKELETON_ORGANIZATION	TLS_VISIUM_USZ::KC3	20	440	0.0085	0.294	flat	0.0044
GO:GOBP_MICROTUBULE_CYTOSKELETON_ORGANIZATION_INVOLVED_IN_MITOSIS	TLS_VISIUM_USZ::KC3	20	440	0.0054	0.504	flat	0.0032
GO:GOBP_MITOCHONDRIAL_ELECTRON_TRANSPORT_CYTOCHROME_C_TO_OXYGEN	TLS_VISIUM_USZ::KC3	20	440	0.0055	0.494	flat	0.0132
GO:GOBP_MITOCHONDRIAL_TRANSPORT	TLS_VISIUM_USZ::KC3	20	440	0.0088	0.278	flat	0.0049
GO:GOBP_MITOCHONDRION_ORGANIZATION	TLS_VISIUM_USZ::KC3	20	440	0.0046	0.574	flat	0.0035
GO:GOBP_MITOTIC_CELL_CYCLE	TLS_VISIUM_USZ::KC3	20	440	0.0221	0.0207	flat	0.005
GO:GOBP_MITOTIC_CELL_CYCLE_CHECKPOINT_SIGNALING	TLS_VISIUM_USZ::KC3	20	440	0.005	0.533	flat	0.0025
GO:GOBP_MITOTIC_CELL_CYCLE_PHASE_TRANSITION	TLS_VISIUM_USZ::KC3	20	440	0.0122	0.147	flat	0.0046
GO:GOBP_MITOTIC_CELL_CYCLE_PROCESS	TLS_VISIUM_USZ::KC3	20	440	0.0143	0.0984	flat	0.0042
GO:GOBP_MITOTIC_NUCLEAR_DIVISION	TLS_VISIUM_USZ::KC3	20	440	0.0182	0.0454	flat	0.0074
GO:GOBP_MITOTIC_SISTER_CHROMATID_SEGREGATION	TLS_VISIUM_USZ::KC3	20	440	0.0174	0.054	flat	0.0091
GO:GOBP_MITOTIC_SISTER_CHROMATID_SEPARATION	TLS_VISIUM_USZ::KC3	20	440	0.0087	0.283	flat	0.0073
GO:GOBP_MITOTIC_SPINDLE_ASSEMBLY	TLS_VISIUM_USZ::KC3	20	440	0.0204	0.0291	flat	0.0165
GO:GOBP_MITOTIC_SPINDLE_ORGANIZATION	TLS_VISIUM_USZ::KC3	20	440	0.0108	0.193	flat	0.0104
GO:GOBP_MODIFICATION_DEPENDENT_MACROMOLECULE_CATABOLIC_PROCESS	TLS_VISIUM_USZ::KC3	20	440	0.0089	0.273	flat	0.0029
GO:GOBP_MODIFIED_AMINO_ACID_METABOLIC_PROCESS	TLS_VISIUM_USZ::KC3	20	440	0.0118	0.16	flat	0.0048
GO:GOBP_MONOATOMIC_CATION_TRANSMEMBRANE_TRANSPORT	TLS_VISIUM_USZ::KC3	20	440	0.0009	0.942	flat	0.0008
GO:GOBP_MONOATOMIC_CATION_TRANSPORT	TLS_VISIUM_USZ::KC3	20	440	0.0065	0.414	flat	0.0017
GO:GOBP_MONOATOMIC_ION_HOMEOSTASIS	TLS_VISIUM_USZ::KC3	20	440	0.0017	0.868	flat	0.0012
GO:GOBP_MONOATOMIC_ION_TRANSMEMBRANE_TRANSPORT	TLS_VISIUM_USZ::KC3	20	440	0.0027	0.761	flat	0.0014
GO:GOBP_MONOATOMIC_ION_TRANSPORT	TLS_VISIUM_USZ::KC3	20	440	0.0044	0.593	flat	0.0016
GO:GOBP_MONOCARBOXYLIC_ACID_BIOSYNTHETIC_PROCESS	TLS_VISIUM_USZ::KC3	20	440	0.0101	0.22	flat	0.0065
GO:GOBP_MONOCARBOXYLIC_ACID_METABOLIC_PROCESS	TLS_VISIUM_USZ::KC3	20	440	0.0014	0.897	flat	0.0013
GO:GOBP_MONONUCLEAR_CELL_DIFFERENTIATION	TLS_VISIUM_USZ::KC3	20	440	0.0116	0.166	flat	0.003
GO:GOBP_MONONUCLEAR_CELL_MIGRATION	TLS_VISIUM_USZ::KC3	20	440	0.02	0.0317	flat	0.0042
GO:GOBP_MONOSACCHARIDE_METABOLIC_PROCESS	TLS_VISIUM_USZ::KC3	20	440	0.0032	0.708	flat	0.0028
GO:GOBP_MORPHOGENESIS_OF_AN_EPITHELIUM	TLS_VISIUM_USZ::KC3	20	440	0.0188	0.0406	flat	0.0045
GO:GOBP_MORPHOGENESIS_OF_A_BRANCHING_STRUCTURE	TLS_VISIUM_USZ::KC3	20	440	0.0121	0.15	flat	0.0046
GO:GOBP_MRNA_CATABOLIC_PROCESS	TLS_VISIUM_USZ::KC3	20	440	0.0076	0.346	flat	0.0043
GO:GOBP_MRNA_METABOLIC_PROCESS	TLS_VISIUM_USZ::KC3	20	440	0.0063	0.429	flat	0.0032
GO:GOBP_MRNA_PROCESSING	TLS_VISIUM_USZ::KC3	20	440	0.0021	0.826	flat	0.0025
GO:GOBP_MRNA_TRANSPORT	TLS_VISIUM_USZ::KC3	20	440	0.0023	0.802	flat	0.0049
GO:GOBP_MULTICELLULAR_ORGANISMAL_LEVEL_HOMEOSTASIS	TLS_VISIUM_USZ::KC3	20	440	0.0016	0.875	flat	0.0006
GO:GOBP_MULTICELLULAR_ORGANISMAL_REPRODUCTIVE_PROCESS	TLS_VISIUM_USZ::KC3	20	440	0.018	0.0478	flat	0.0019
GO:GOBP_MUSCLE_CELL_DEVELOPMENT	TLS_VISIUM_USZ::KC3	20	440	0.0119	0.156	flat	0.0066
GO:GOBP_MUSCLE_CELL_DIFFERENTIATION	TLS_VISIUM_USZ::KC3	20	440	0.0054	0.498	flat	0.0028
GO:GOBP_MUSCLE_CELL_PROLIFERATION	TLS_VISIUM_USZ::KC3	20	440	0.0113	0.175	flat	0.007
GO:GOBP_MUSCLE_CONTRACTION	TLS_VISIUM_USZ::KC3	20	440	0.0072	0.366	flat	0.0027
GO:GOBP_MUSCLE_ORGAN_DEVELOPMENT	TLS_VISIUM_USZ::KC3	20	440	0.0145	0.0952	flat	0.0057
GO:GOBP_MUSCLE_STRUCTURE_DEVELOPMENT	TLS_VISIUM_USZ::KC3	20	440	0.008	0.323	flat	0.0037
GO:GOBP_MUSCLE_SYSTEM_PROCESS	TLS_VISIUM_USZ::KC3	20	440	0.0091	0.264	flat	0.0032
GO:GOBP_MUSCLE_TISSUE_DEVELOPMENT	TLS_VISIUM_USZ::KC3	20	440	0.0111	0.181	flat	0.005
GO:GOBP_MYELOID_CELL_DIFFERENTIATION	TLS_VISIUM_USZ::KC3	20	440	0.0119	0.155	flat	0.0021
GO:GOBP_MYELOID_CELL_HOMEOSTASIS	TLS_VISIUM_USZ::KC3	20	440	0.0057	0.474	flat	0.0067
GO:GOBP_MYELOID_LEUKOCYTE_ACTIVATION	TLS_VISIUM_USZ::KC3	20	440	0.0193	0.0366	flat	0.0053
GO:GOBP_MYELOID_LEUKOCYTE_DIFFERENTIATION	TLS_VISIUM_USZ::KC3	20	440	0.0078	0.329	flat	0.0027
GO:GOBP_NEGATIVE_REGULATION_OF_APOPTOTIC_SIGNALING_PATHWAY	TLS_VISIUM_USZ::KC3	20	440	0.033	0.00212	flat	0.0123
GO:GOBP_NEGATIVE_REGULATION_OF_CATABOLIC_PROCESS	TLS_VISIUM_USZ::KC3	20	440	0.0086	0.287	flat	0.0054
GO:GOBP_NEGATIVE_REGULATION_OF_CELLULAR_COMPONENT_ORGANIZATION	TLS_VISIUM_USZ::KC3	20	440	0.0151	0.0835	flat	0.0043
GO:GOBP_NEGATIVE_REGULATION_OF_CELLULAR_RESPONSE_TO_GROWTH_FACTOR_STIMULUS	TLS_VISIUM_USZ::KC3	20	440	0.0097	0.237	flat	0.0068
GO:GOBP_NEGATIVE_REGULATION_OF_CELL_ACTIVATION	TLS_VISIUM_USZ::KC3	20	440	0.0367	0.000983	flat	0.0096
GO:GOBP_NEGATIVE_REGULATION_OF_CELL_ADHESION	TLS_VISIUM_USZ::KC3	20	440	0.0131	0.124	flat	0.0057
GO:GOBP_NEGATIVE_REGULATION_OF_CELL_CYCLE	TLS_VISIUM_USZ::KC3	20	440	0.0158	0.0738	flat	0.0055
GO:GOBP_NEGATIVE_REGULATION_OF_CELL_CYCLE_PROCESS	TLS_VISIUM_USZ::KC3	20	440	0.0098	0.232	flat	0.0055
GO:GOBP_NEGATIVE_REGULATION_OF_CELL_DEVELOPMENT	TLS_VISIUM_USZ::KC3	20	440	0.0046	0.569	flat	0.0033
GO:GOBP_NEGATIVE_REGULATION_OF_CELL_DIFFERENTIATION	TLS_VISIUM_USZ::KC3	20	440	0.0031	0.72	flat	0.002
GO:GOBP_NEGATIVE_REGULATION_OF_CELL_POPULATION_PROLIFERATION	TLS_VISIUM_USZ::KC3	20	440	0.0014	0.892	flat	0.0014
GO:GOBP_NEGATIVE_REGULATION_OF_CYTOKINE_PRODUCTION	TLS_VISIUM_USZ::KC3	20	440	0.02	0.0316	flat	0.0086
GO:GOBP_NEGATIVE_REGULATION_OF_CYTOSKELETON_ORGANIZATION	TLS_VISIUM_USZ::KC3	20	440	0.0025	0.776	flat	0.0033
GO:GOBP_NEGATIVE_REGULATION_OF_DEFENSE_RESPONSE	TLS_VISIUM_USZ::KC3	20	440	0.0084	0.3	flat	0.0046
GO:GOBP_NEGATIVE_REGULATION_OF_DEVELOPMENTAL_PROCESS	TLS_VISIUM_USZ::KC3	20	440	0.0016	0.877	flat	0.0009
GO:GOBP_NEGATIVE_REGULATION_OF_GENE_EXPRESSION	TLS_VISIUM_USZ::KC3	20	440	0.0014	0.897	flat	0.0011
GO:GOBP_NEGATIVE_REGULATION_OF_GENE_EXPRESSION_EPIGENETIC	TLS_VISIUM_USZ::KC3	20	440	0.002	0.828	flat	0.0033
GO:GOBP_NEGATIVE_REGULATION_OF_IMMUNE_SYSTEM_PROCESS	TLS_VISIUM_USZ::KC3	20	440	0.0098	0.231	flat	0.003
GO:GOBP_NEGATIVE_REGULATION_OF_INFLAMMATORY_RESPONSE	TLS_VISIUM_USZ::KC3	20	440	0.0192	0.0376	flat	0.0104
GO:GOBP_NEGATIVE_REGULATION_OF_INNATE_IMMUNE_RESPONSE	TLS_VISIUM_USZ::KC3	20	440	0.0098	0.23	flat	0.0099
GO:GOBP_NEGATIVE_REGULATION_OF_INTRACELLULAR_SIGNAL_TRANSDUCTION	TLS_VISIUM_USZ::KC3	20	440	0.0088	0.276	flat	0.004
GO:GOBP_NEGATIVE_REGULATION_OF_LEUKOCYTE_MEDIATED_IMMUNITY	TLS_VISIUM_USZ::KC3	20	440	0.0015	0.884	flat	0.0029
GO:GOBP_NEGATIVE_REGULATION_OF_LOCOMOTION	TLS_VISIUM_USZ::KC3	20	440	0.0063	0.433	flat	0.0035
GO:GOBP_NEGATIVE_REGULATION_OF_LYMPHOCYTE_ACTIVATION	TLS_VISIUM_USZ::KC3	20	440	0.0376	0.000808	flat	0.0084
GO:GOBP_NEGATIVE_REGULATION_OF_MITOTIC_CELL_CYCLE	TLS_VISIUM_USZ::KC3	20	440	0.007	0.382	flat	0.0061
GO:GOBP_NEGATIVE_REGULATION_OF_MITOTIC_CELL_CYCLE_PHASE_TRANSITION	TLS_VISIUM_USZ::KC3	20	440	0.0014	0.893	flat	0.0025
GO:GOBP_NEGATIVE_REGULATION_OF_MOLECULAR_FUNCTION	TLS_VISIUM_USZ::KC3	20	440	0.0096	0.238	flat	0.0024
GO:GOBP_NEGATIVE_REGULATION_OF_MULTICELLULAR_ORGANISMAL_PROCESS	TLS_VISIUM_USZ::KC3	20	440	0.0034	0.687	flat	0.0019
GO:GOBP_NEGATIVE_REGULATION_OF_NUCLEOBASE_CONTAINING_COMPOUND_METABOLIC_PROCESS	TLS_VISIUM_USZ::KC3	20	440	0.0052	0.519	flat	0.0017
GO:GOBP_NEGATIVE_REGULATION_OF_ORGANELLE_ORGANIZATION	TLS_VISIUM_USZ::KC3	20	440	0.009	0.266	flat	0.0046
GO:GOBP_NEGATIVE_REGULATION_OF_PROGRAMMED_CELL_DEATH	TLS_VISIUM_USZ::KC3	20	440	0.0077	0.335	flat	0.0026
GO:GOBP_NEGATIVE_REGULATION_OF_PROTEIN_LOCALIZATION	TLS_VISIUM_USZ::KC3	20	440	0.001	0.937	flat	0.0022
GO:GOBP_NEGATIVE_REGULATION_OF_PROTEIN_METABOLIC_PROCESS	TLS_VISIUM_USZ::KC3	20	440	0.0024	0.788	flat	0.0017
GO:GOBP_NEGATIVE_REGULATION_OF_PROTEIN_MODIFICATION_PROCESS	TLS_VISIUM_USZ::KC3	20	440	0.0049	0.54	flat	0.0037
GO:GOBP_NEGATIVE_REGULATION_OF_PROTEOLYSIS	TLS_VISIUM_USZ::KC3	20	440	0.0084	0.3	flat	0.0055
GO:GOBP_NEGATIVE_REGULATION_OF_REPRODUCTIVE_PROCESS	TLS_VISIUM_USZ::KC3	20	440	0.0021	0.822	flat	0.0019
GO:GOBP_NEGATIVE_REGULATION_OF_RESPONSE_TO_BIOTIC_STIMULUS	TLS_VISIUM_USZ::KC3	20	440	0.0257	0.00998	flat	0.0095
GO:GOBP_NEGATIVE_REGULATION_OF_RESPONSE_TO_EXTERNAL_STIMULUS	TLS_VISIUM_USZ::KC3	20	440	0.0154	0.0789	flat	0.0043
GO:GOBP_NEGATIVE_REGULATION_OF_RESPONSE_TO_STIMULUS	TLS_VISIUM_USZ::KC3	20	440	0.003	0.729	flat	0.001
GO:GOBP_NEGATIVE_REGULATION_OF_RNA_METABOLIC_PROCESS	TLS_VISIUM_USZ::KC3	20	440	0.0014	0.896	flat	0.0009
GO:GOBP_NEGATIVE_REGULATION_OF_SIGNALING	TLS_VISIUM_USZ::KC3	20	440	0.007	0.384	flat	0.002
GO:GOBP_NEGATIVE_REGULATION_OF_SMOOTH_MUSCLE_CELL_PROLIFERATION	TLS_VISIUM_USZ::KC3	20	440	0.0128	0.132	flat	0.0099
GO:GOBP_NEGATIVE_REGULATION_OF_SUPRAMOLECULAR_FIBER_ORGANIZATION	TLS_VISIUM_USZ::KC3	20	440	0.0075	0.348	flat	0.006
GO:GOBP_NEGATIVE_REGULATION_OF_TRANSCRIPTION_BY_RNA_POLYMERASE_II	TLS_VISIUM_USZ::KC3	20	440	0.0051	0.524	flat	0.002
GO:GOBP_NEGATIVE_REGULATION_OF_TRANSFORMING_GROWTH_FACTOR_BETA_RECEPTOR_SIGNALING_PATHWAY	TLS_VISIUM_USZ::KC3	20	440	0.0086	0.286	flat	0.0094
GO:GOBP_NEGATIVE_REGULATION_OF_TRANSMEMBRANE_RECEPTOR_PROTEIN_SERINE_THREONINE_KINASE_SIGNALING_PATHWAY	TLS_VISIUM_USZ::KC3	20	440	0.024	0.0139	flat	0.0121
GO:GOBP_NEGATIVE_REGULATION_OF_TRANSPORT	TLS_VISIUM_USZ::KC3	20	440	0.0038	0.649	flat	0.0031
GO:GOBP_NEGATIVE_REGULATION_OF_VIRAL_PROCESS	TLS_VISIUM_USZ::KC3	20	440	0.0218	0.0222	flat	0.012
GO:GOBP_NEGATIVE_REGULATION_OF_WNT_SIGNALING_PATHWAY	TLS_VISIUM_USZ::KC3	20	440	0.0047	0.558	flat	0.0042
GO:GOBP_NERVOUS_SYSTEM_PROCESS	TLS_VISIUM_USZ::KC3	20	440	0.0021	0.819	flat	0.0012
GO:GOBP_NEUROGENESIS	TLS_VISIUM_USZ::KC3	20	440	0.0039	0.639	flat	0.0015
GO:GOBP_NEURON_DEVELOPMENT	TLS_VISIUM_USZ::KC3	20	440	0.0128	0.132	flat	0.003
GO:GOBP_NEURON_PROJECTION_GUIDANCE	TLS_VISIUM_USZ::KC3	20	440	0.0017	0.867	flat	0.002
GO:GOBP_NITROGEN_COMPOUND_TRANSPORT	TLS_VISIUM_USZ::KC3	20	440	0.0019	0.842	flat	0.0009
GO:GOBP_NON_CANONICAL_WNT_SIGNALING_PATHWAY	TLS_VISIUM_USZ::KC3	20	440	0.0109	0.188	flat	0.0101
GO:GOBP_NOTCH_SIGNALING_PATHWAY	TLS_VISIUM_USZ::KC3	20	440	0.0028	0.749	flat	0.0034
GO:GOBP_NUCLEAR_CHROMOSOME_SEGREGATION	TLS_VISIUM_USZ::KC3	20	440	0.0116	0.166	flat	0.0054
GO:GOBP_NUCLEAR_EXPORT	TLS_VISIUM_USZ::KC3	20	440	0.0014	0.896	flat	0.0028
GO:GOBP_NUCLEAR_TRANSCRIBED_MRNA_CATABOLIC_PROCESS	TLS_VISIUM_USZ::KC3	20	440	0.0179	0.0481	flat	0.0157
GO:GOBP_NUCLEAR_TRANSPORT	TLS_VISIUM_USZ::KC3	20	440	0.0013	0.901	flat	0.0021
GO:GOBP_NUCLEIC_ACID_CATABOLIC_PROCESS	TLS_VISIUM_USZ::KC3	20	440	0.0023	0.795	flat	0.0016
GO:GOBP_NUCLEOBASE_CONTAINING_COMPOUND_CATABOLIC_PROCESS	TLS_VISIUM_USZ::KC3	20	440	0.0083	0.301	flat	0.0049
GO:GOBP_NUCLEOBASE_CONTAINING_COMPOUND_TRANSPORT	TLS_VISIUM_USZ::KC3	20	440	0.0029	0.738	flat	0.0045
GO:GOBP_NUCLEOBASE_CONTAINING_SMALL_MOLECULE_METABOLIC_PROCESS	TLS_VISIUM_USZ::KC3	20	440	0.0147	0.0905	flat	0.006
GO:GOBP_NUCLEOSIDE_PHOSPHATE_BIOSYNTHETIC_PROCESS	TLS_VISIUM_USZ::KC3	20	440	0.0064	0.423	flat	0.0051
GO:GOBP_NUCLEOSIDE_PHOSPHATE_CATABOLIC_PROCESS	TLS_VISIUM_USZ::KC3	20	440	0.0046	0.57	flat	0.0039
GO:GOBP_NUCLEOSIDE_TRIPHOSPHATE_BIOSYNTHETIC_PROCESS	TLS_VISIUM_USZ::KC3	20	440	0.0199	0.0323	flat	0.0163
GO:GOBP_NUCLEOSIDE_TRIPHOSPHATE_METABOLIC_PROCESS	TLS_VISIUM_USZ::KC3	20	440	0.0363	0.00106	flat	0.0152
GO:GOBP_NUCLEOTIDE_BIOSYNTHETIC_PROCESS	TLS_VISIUM_USZ::KC3	20	440	0.0044	0.584	flat	0.0024
GO:GOBP_NUCLEOTIDE_METABOLIC_PROCESS	TLS_VISIUM_USZ::KC3	20	440	0.0131	0.124	flat	0.0057
GO:GOBP_OLEFINIC_COMPOUND_METABOLIC_PROCESS	TLS_VISIUM_USZ::KC3	20	440	0.0062	0.434	flat	0.0061
GO:GOBP_ORGANELLE_ASSEMBLY	TLS_VISIUM_USZ::KC3	20	440	0.0109	0.187	flat	0.003
GO:GOBP_ORGANELLE_FISSION	TLS_VISIUM_USZ::KC3	20	440	0.0404	0.000442	flat	0.0076
GO:GOBP_ORGANELLE_LOCALIZATION	TLS_VISIUM_USZ::KC3	20	440	0.006	0.452	flat	0.0027
GO:GOBP_ORGANIC_ACID_METABOLIC_PROCESS	TLS_VISIUM_USZ::KC3	20	440	0.0032	0.707	flat	0.0017
GO:GOBP_ORGANIC_ACID_TRANSPORT	TLS_VISIUM_USZ::KC3	20	440	0.0061	0.445	flat	0.0026
GO:GOBP_ORGANIC_ANION_TRANSPORT	TLS_VISIUM_USZ::KC3	20	440	0.0002	0.994	flat	0.0005
GO:GOBP_ORGANOPHOSPHATE_BIOSYNTHETIC_PROCESS	TLS_VISIUM_USZ::KC3	20	440	0.0154	0.08	flat	0.0045
GO:GOBP_ORGANOPHOSPHATE_CATABOLIC_PROCESS	TLS_VISIUM_USZ::KC3	20	440	0.0013	0.908	flat	0.0019
GO:GOBP_ORGANOPHOSPHATE_METABOLIC_PROCESS	TLS_VISIUM_USZ::KC3	20	440	0.0248	0.0119	flat	0.0042
GO:GOBP_OSSIFICATION	TLS_VISIUM_USZ::KC3	20	440	0.0027	0.757	flat	0.0027
GO:GOBP_OSTEOBLAST_PROLIFERATION	TLS_VISIUM_USZ::KC3	20	440	0.0027	0.759	flat	0.0074
GO:GOBP_OXIDATIVE_PHOSPHORYLATION	TLS_VISIUM_USZ::KC3	20	440	0.0084	0.297	flat	0.0095
GO:GOBP_PATTERN_SPECIFICATION_PROCESS	TLS_VISIUM_USZ::KC3	20	440	0.0325	0.00238	flat	0.0057
GO:GOBP_PEPTIDE_ANTIGEN_ASSEMBLY_WITH_MHC_PROTEIN_COMPLEX	TLS_VISIUM_USZ::KC3	20	440	0.0508	4.58e-05	flat	0.0296
GO:GOBP_PEPTIDE_TRANSPORT	TLS_VISIUM_USZ::KC3	20	440	0.0144	0.097	flat	0.0049
GO:GOBP_PEPTIDYL_AMINO_ACID_MODIFICATION	TLS_VISIUM_USZ::KC3	20	440	0.0023	0.797	flat	0.0027
GO:GOBP_PHOSPHATIDYLINOSITOL_3_KINASE_PROTEIN_KINASE_B_SIGNAL_TRANSDUCTION	TLS_VISIUM_USZ::KC3	20	440	0.0185	0.0429	flat	0.0061
GO:GOBP_PHOSPHOLIPID_BIOSYNTHETIC_PROCESS	TLS_VISIUM_USZ::KC3	20	440	0.0061	0.445	flat	0.0047
GO:GOBP_PHOSPHOLIPID_METABOLIC_PROCESS	TLS_VISIUM_USZ::KC3	20	440	0.0089	0.274	flat	0.0028
GO:GOBP_PHOSPHORUS_METABOLIC_PROCESS	TLS_VISIUM_USZ::KC3	20	440	0.0103	0.211	flat	0.0023
GO:GOBP_PHOSPHORYLATION	TLS_VISIUM_USZ::KC3	20	440	0.0042	0.603	flat	0.0023
GO:GOBP_PLACENTA_DEVELOPMENT	TLS_VISIUM_USZ::KC3	20	440	0.0252	0.011	flat	0.0057
GO:GOBP_POSITIVE_REGULATION_OF_ADAPTIVE_IMMUNE_RESPONSE	TLS_VISIUM_USZ::KC3	20	440	0.0206	0.0283	flat	0.0076
GO:GOBP_POSITIVE_REGULATION_OF_CANONICAL_NF_KAPPAB_SIGNAL_TRANSDUCTION	TLS_VISIUM_USZ::KC3	20	440	0.0062	0.439	flat	0.0031
GO:GOBP_POSITIVE_REGULATION_OF_CATABOLIC_PROCESS	TLS_VISIUM_USZ::KC3	20	440	0.0041	0.617	flat	0.0023
GO:GOBP_POSITIVE_REGULATION_OF_CATALYTIC_ACTIVITY	TLS_VISIUM_USZ::KC3	20	440	0.0193	0.0363	flat	0.0052
GO:GOBP_POSITIVE_REGULATION_OF_CELLULAR_COMPONENT_BIOGENESIS	TLS_VISIUM_USZ::KC3	20	440	0.0035	0.68	flat	0.002
GO:GOBP_POSITIVE_REGULATION_OF_CELLULAR_COMPONENT_ORGANIZATION	TLS_VISIUM_USZ::KC3	20	440	0.013	0.127	flat	0.0027
GO:GOBP_POSITIVE_REGULATION_OF_CELL_ACTIVATION	TLS_VISIUM_USZ::KC3	20	440	0.0347	0.00151	flat	0.0051
GO:GOBP_POSITIVE_REGULATION_OF_CELL_ADHESION	TLS_VISIUM_USZ::KC3	20	440	0.0129	0.128	flat	0.002
GO:GOBP_POSITIVE_REGULATION_OF_CELL_CELL_ADHESION	TLS_VISIUM_USZ::KC3	20	440	0.0352	0.00135	flat	0.006
GO:GOBP_POSITIVE_REGULATION_OF_CELL_CYCLE	TLS_VISIUM_USZ::KC3	20	440	0.0091	0.263	flat	0.0041
GO:GOBP_POSITIVE_REGULATION_OF_CELL_CYCLE_PHASE_TRANSITION	TLS_VISIUM_USZ::KC3	20	440	0.0003	0.986	flat	0.0013
GO:GOBP_POSITIVE_REGULATION_OF_CELL_CYCLE_PROCESS	TLS_VISIUM_USZ::KC3	20	440	0.0034	0.69	flat	0.0029
GO:GOBP_POSITIVE_REGULATION_OF_CELL_DEVELOPMENT	TLS_VISIUM_USZ::KC3	20	440	0.0294	0.00455	flat	0.0059
GO:GOBP_POSITIVE_REGULATION_OF_CELL_DIFFERENTIATION	TLS_VISIUM_USZ::KC3	20	440	0.0113	0.175	flat	0.0028
GO:GOBP_POSITIVE_REGULATION_OF_CELL_KILLING	TLS_VISIUM_USZ::KC3	20	440	0.0119	0.157	flat	0.0061
GO:GOBP_POSITIVE_REGULATION_OF_CELL_POPULATION_PROLIFERATION	TLS_VISIUM_USZ::KC3	20	440	0.0089	0.271	flat	0.0024
GO:GOBP_POSITIVE_REGULATION_OF_CHROMOSOME_ORGANIZATION	TLS_VISIUM_USZ::KC3	20	440	0.0158	0.0738	flat	0.0127
GO:GOBP_POSITIVE_REGULATION_OF_CYTOKINE_PRODUCTION	TLS_VISIUM_USZ::KC3	20	440	0.0072	0.367	flat	0.0031
GO:GOBP_POSITIVE_REGULATION_OF_CYTOSKELETON_ORGANIZATION	TLS_VISIUM_USZ::KC3	20	440	0.012	0.153	flat	0.0078
GO:GOBP_POSITIVE_REGULATION_OF_DEFENSE_RESPONSE	TLS_VISIUM_USZ::KC3	20	440	0.0188	0.0408	flat	0.0048
GO:GOBP_POSITIVE_REGULATION_OF_DEVELOPMENTAL_PROCESS	TLS_VISIUM_USZ::KC3	20	440	0.0056	0.488	flat	0.0012
GO:GOBP_POSITIVE_REGULATION_OF_DNA_BIOSYNTHETIC_PROCESS	TLS_VISIUM_USZ::KC3	20	440	0.0014	0.893	flat	0.0056
GO:GOBP_POSITIVE_REGULATION_OF_DNA_METABOLIC_PROCESS	TLS_VISIUM_USZ::KC3	20	440	0.005	0.537	flat	0.0041
GO:GOBP_POSITIVE_REGULATION_OF_DNA_REPAIR	TLS_VISIUM_USZ::KC3	20	440	0.0042	0.61	flat	0.0065
GO:GOBP_POSITIVE_REGULATION_OF_ESTABLISHMENT_OF_PROTEIN_LOCALIZATION	TLS_VISIUM_USZ::KC3	20	440	0.008	0.323	flat	0.0034
GO:GOBP_POSITIVE_REGULATION_OF_GENE_EXPRESSION	TLS_VISIUM_USZ::KC3	20	440	0.0108	0.192	flat	0.003
GO:GOBP_POSITIVE_REGULATION_OF_IMMUNE_EFFECTOR_PROCESS	TLS_VISIUM_USZ::KC3	20	440	0.0224	0.0196	flat	0.004
GO:GOBP_POSITIVE_REGULATION_OF_IMMUNE_RESPONSE	TLS_VISIUM_USZ::KC3	20	440	0.023	0.0172	flat	0.0042
GO:GOBP_POSITIVE_REGULATION_OF_IMMUNE_SYSTEM_PROCESS	TLS_VISIUM_USZ::KC3	20	440	0.0343	0.00162	flat	0.0031
GO:GOBP_POSITIVE_REGULATION_OF_INTERFERON_BETA_PRODUCTION	TLS_VISIUM_USZ::KC3	20	440	0.0102	0.214	flat	0.0228
GO:GOBP_POSITIVE_REGULATION_OF_INTRACELLULAR_SIGNAL_TRANSDUCTION	TLS_VISIUM_USZ::KC3	20	440	0.0072	0.369	flat	0.0028
GO:GOBP_POSITIVE_REGULATION_OF_LEUKOCYTE_CELL_CELL_ADHESION	TLS_VISIUM_USZ::KC3	20	440	0.0423	0.000294	flat	0.0102
GO:GOBP_POSITIVE_REGULATION_OF_LEUKOCYTE_MEDIATED_IMMUNITY	TLS_VISIUM_USZ::KC3	20	440	0.0208	0.0272	flat	0.0049
GO:GOBP_POSITIVE_REGULATION_OF_LEUKOCYTE_MIGRATION	TLS_VISIUM_USZ::KC3	20	440	0.0101	0.217	flat	0.005
GO:GOBP_POSITIVE_REGULATION_OF_LEUKOCYTE_PROLIFERATION	TLS_VISIUM_USZ::KC3	20	440	0.0059	0.457	flat	0.003
GO:GOBP_POSITIVE_REGULATION_OF_LOCOMOTION	TLS_VISIUM_USZ::KC3	20	440	0.0136	0.113	flat	0.002
GO:GOBP_POSITIVE_REGULATION_OF_LYMPHOCYTE_DIFFERENTIATION	TLS_VISIUM_USZ::KC3	20	440	0.0215	0.0235	flat	0.0071
GO:GOBP_POSITIVE_REGULATION_OF_MAPK_CASCADE	TLS_VISIUM_USZ::KC3	20	440	0.0073	0.363	flat	0.0027
GO:GOBP_POSITIVE_REGULATION_OF_MITOTIC_CELL_CYCLE	TLS_VISIUM_USZ::KC3	20	440	0.004	0.629	flat	0.0026
GO:GOBP_POSITIVE_REGULATION_OF_MITOTIC_CELL_CYCLE_PHASE_TRANSITION	TLS_VISIUM_USZ::KC3	20	440	0.0017	0.862	flat	0.0042
GO:GOBP_POSITIVE_REGULATION_OF_MOLECULAR_FUNCTION	TLS_VISIUM_USZ::KC3	20	440	0.0021	0.82	flat	0.0022
GO:GOBP_POSITIVE_REGULATION_OF_MRNA_METABOLIC_PROCESS	TLS_VISIUM_USZ::KC3	20	440	0.0047	0.559	flat	0.0052
GO:GOBP_POSITIVE_REGULATION_OF_MULTICELLULAR_ORGANISMAL_PROCESS	TLS_VISIUM_USZ::KC3	20	440	0.015	0.0851	flat	0.0011
GO:GOBP_POSITIVE_REGULATION_OF_MYELOID_CELL_DIFFERENTIATION	TLS_VISIUM_USZ::KC3	20	440	0.0064	0.422	flat	0.0037
GO:GOBP_POSITIVE_REGULATION_OF_NEUROGENESIS	TLS_VISIUM_USZ::KC3	20	440	0.0044	0.584	flat	0.0023
GO:GOBP_POSITIVE_REGULATION_OF_ORGANELLE_ORGANIZATION	TLS_VISIUM_USZ::KC3	20	440	0.0106	0.2	flat	0.003
GO:GOBP_POSITIVE_REGULATION_OF_PHOSPHATIDYLINOSITOL_3_KINASE_PROTEIN_KINASE_B_SIGNAL_TRANSDUCTION	TLS_VISIUM_USZ::KC3	20	440	0.0075	0.352	flat	0.0031
GO:GOBP_POSITIVE_REGULATION_OF_PHOSPHORUS_METABOLIC_PROCESS	TLS_VISIUM_USZ::KC3	20	440	0.0434	0.00023	flat	0.0082
GO:GOBP_POSITIVE_REGULATION_OF_PHOSPHORYLATION	TLS_VISIUM_USZ::KC3	20	440	0.0203	0.0301	flat	0.0052
GO:GOBP_POSITIVE_REGULATION_OF_POST_TRANSLATIONAL_PROTEIN_MODIFICATION	TLS_VISIUM_USZ::KC3	20	440	0.0046	0.571	flat	0.0062
GO:GOBP_POSITIVE_REGULATION_OF_PRODUCTION_OF_MOLECULAR_MEDIATOR_OF_IMMUNE_RESPONSE	TLS_VISIUM_USZ::KC3	20	440	0.0086	0.289	flat	0.0053
GO:GOBP_POSITIVE_REGULATION_OF_PROGRAMMED_CELL_DEATH	TLS_VISIUM_USZ::KC3	20	440	0.0194	0.0358	flat	0.0058
GO:GOBP_POSITIVE_REGULATION_OF_PROTEIN_CONTAINING_COMPLEX_ASSEMBLY	TLS_VISIUM_USZ::KC3	20	440	0.0032	0.709	flat	0.004
GO:GOBP_POSITIVE_REGULATION_OF_PROTEIN_LOCALIZATION	TLS_VISIUM_USZ::KC3	20	440	0.0013	0.908	flat	0.0011
GO:GOBP_POSITIVE_REGULATION_OF_PROTEIN_METABOLIC_PROCESS	TLS_VISIUM_USZ::KC3	20	440	0.0202	0.0303	flat	0.0046
GO:GOBP_POSITIVE_REGULATION_OF_PROTEIN_MODIFICATION_PROCESS	TLS_VISIUM_USZ::KC3	20	440	0.0043	0.598	flat	0.0025
GO:GOBP_POSITIVE_REGULATION_OF_PROTEIN_TRANSPORT	TLS_VISIUM_USZ::KC3	20	440	0.009	0.27	flat	0.002
GO:GOBP_POSITIVE_REGULATION_OF_RESPIRATORY_BURST	TLS_VISIUM_USZ::KC3	20	440	0.0008	0.949	flat	0.0046
GO:GOBP_POSITIVE_REGULATION_OF_RESPONSE_TO_BIOTIC_STIMULUS	TLS_VISIUM_USZ::KC3	20	440	0.0089	0.271	flat	0.0026
GO:GOBP_POSITIVE_REGULATION_OF_RESPONSE_TO_CYTOKINE_STIMULUS	TLS_VISIUM_USZ::KC3	20	440	0.0028	0.752	flat	0.0037
GO:GOBP_POSITIVE_REGULATION_OF_RESPONSE_TO_EXTERNAL_STIMULUS	TLS_VISIUM_USZ::KC3	20	440	0.012	0.153	flat	0.0049
GO:GOBP_POSITIVE_REGULATION_OF_RNA_METABOLIC_PROCESS	TLS_VISIUM_USZ::KC3	20	440	0.0054	0.499	flat	0.0009
GO:GOBP_POSITIVE_REGULATION_OF_SIGNALING	TLS_VISIUM_USZ::KC3	20	440	0.0053	0.505	flat	0.0008
GO:GOBP_POSITIVE_REGULATION_OF_TELOMERE_MAINTENANCE	TLS_VISIUM_USZ::KC3	20	440	0.0046	0.571	flat	0.0039
GO:GOBP_POSITIVE_REGULATION_OF_TELOMERE_MAINTENANCE_VIA_TELOMERE_LENGTHENING	TLS_VISIUM_USZ::KC3	20	440	0.001	0.93	flat	0.0066
GO:GOBP_POSITIVE_REGULATION_OF_TRANSCRIPTION_BY_RNA_POLYMERASE_II	TLS_VISIUM_USZ::KC3	20	440	0.0123	0.145	flat	0.0031
GO:GOBP_POSITIVE_REGULATION_OF_TRANSFERASE_ACTIVITY	TLS_VISIUM_USZ::KC3	20	440	0.0103	0.212	flat	0.0051
GO:GOBP_POSITIVE_REGULATION_OF_TRANSLATION	TLS_VISIUM_USZ::KC3	20	440	0.001	0.931	flat	0.0033
GO:GOBP_POSITIVE_REGULATION_OF_TRANSPORT	TLS_VISIUM_USZ::KC3	20	440	0.002	0.833	flat	0.0015
GO:GOBP_POSITIVE_REGULATION_OF_TUMOR_NECROSIS_FACTOR_SUPERFAMILY_CYTOKINE_PRODUCTION	TLS_VISIUM_USZ::KC3	20	440	0.0075	0.352	flat	0.0051
GO:GOBP_POSITIVE_REGULATION_OF_TYPE_I_INTERFERON_PRODUCTION	TLS_VISIUM_USZ::KC3	20	440	0.0075	0.351	flat	0.0135
GO:GOBP_POSITIVE_REGULATION_OF_T_CELL_MEDIATED_IMMUNITY	TLS_VISIUM_USZ::KC3	20	440	0.0117	0.161	flat	0.0033
GO:GOBP_POSITIVE_REGULATION_OF_VASCULATURE_DEVELOPMENT	TLS_VISIUM_USZ::KC3	20	440	0.0132	0.122	flat	0.0059
GO:GOBP_POSITIVE_REGULATION_OF_WNT_SIGNALING_PATHWAY	TLS_VISIUM_USZ::KC3	20	440	0.0069	0.386	flat	0.0072
GO:GOBP_POST_TRANSCRIPTIONAL_REGULATION_OF_GENE_EXPRESSION	TLS_VISIUM_USZ::KC3	20	440	0.0036	0.664	flat	0.0034
GO:GOBP_POST_TRANSLATIONAL_PROTEIN_MODIFICATION	TLS_VISIUM_USZ::KC3	20	440	0.0092	0.258	flat	0.0035
GO:GOBP_PROCESS_UTILIZING_AUTOPHAGIC_MECHANISM	TLS_VISIUM_USZ::KC3	20	440	0.0031	0.717	flat	0.0031
GO:GOBP_PRODUCTION_OF_MOLECULAR_MEDIATOR_OF_IMMUNE_RESPONSE	TLS_VISIUM_USZ::KC3	20	440	0.0051	0.525	flat	0.0031
GO:GOBP_PROTEASOMAL_PROTEIN_CATABOLIC_PROCESS	TLS_VISIUM_USZ::KC3	20	440	0.0035	0.675	flat	0.003
GO:GOBP_PROTEASOME_MEDIATED_UBIQUITIN_DEPENDENT_PROTEIN_CATABOLIC_PROCESS	TLS_VISIUM_USZ::KC3	20	440	0.0019	0.845	flat	0.0013
GO:GOBP_PROTEINOGENIC_AMINO_ACID_METABOLIC_PROCESS	TLS_VISIUM_USZ::KC3	20	440	0.0066	0.405	flat	0.0049
GO:GOBP_PROTEIN_CATABOLIC_PROCESS	TLS_VISIUM_USZ::KC3	20	440	0.0081	0.314	flat	0.0025
GO:GOBP_PROTEIN_COMPLEX_OLIGOMERIZATION	TLS_VISIUM_USZ::KC3	20	440	0.0092	0.259	flat	0.0037
GO:GOBP_PROTEIN_CONTAINING_COMPLEX_DISASSEMBLY	TLS_VISIUM_USZ::KC3	20	440	0.0036	0.661	flat	0.0039
GO:GOBP_PROTEIN_CONTAINING_COMPLEX_LOCALIZATION	TLS_VISIUM_USZ::KC3	20	440	0.0026	0.772	flat	0.0019
GO:GOBP_PROTEIN_CONTAINING_COMPLEX_ORGANIZATION	TLS_VISIUM_USZ::KC3	20	440	0.0008	0.952	flat	0.0008
GO:GOBP_PROTEIN_DNA_COMPLEX_ORGANIZATION	TLS_VISIUM_USZ::KC3	20	440	0.0076	0.342	flat	0.0074
GO:GOBP_PROTEIN_FOLDING	TLS_VISIUM_USZ::KC3	20	440	0.0013	0.904	flat	0.0029
GO:GOBP_PROTEIN_LOCALIZATION_TO_CELL_PERIPHERY	TLS_VISIUM_USZ::KC3	20	440	0.0137	0.111	flat	0.0056
GO:GOBP_PROTEIN_LOCALIZATION_TO_CHROMOSOME	TLS_VISIUM_USZ::KC3	20	440	0.0009	0.938	flat	0.0027
GO:GOBP_PROTEIN_LOCALIZATION_TO_EXTRACELLULAR_REGION	TLS_VISIUM_USZ::KC3	20	440	0.014	0.105	flat	0.0034
GO:GOBP_PROTEIN_LOCALIZATION_TO_MITOCHONDRION	TLS_VISIUM_USZ::KC3	20	440	0.0015	0.882	flat	0.0035
GO:GOBP_PROTEIN_LOCALIZATION_TO_NUCLEUS	TLS_VISIUM_USZ::KC3	20	440	0.0093	0.252	flat	0.0031
GO:GOBP_PROTEIN_LOCALIZATION_TO_ORGANELLE	TLS_VISIUM_USZ::KC3	20	440	0.0149	0.0872	flat	0.0036
GO:GOBP_PROTEIN_LOCALIZATION_TO_PLASMA_MEMBRANE	TLS_VISIUM_USZ::KC3	20	440	0.0059	0.458	flat	0.0043
GO:GOBP_PROTEIN_MATURATION	TLS_VISIUM_USZ::KC3	20	440	0.0055	0.496	flat	0.0018
GO:GOBP_PROTEIN_MODIFICATION_BY_SMALL_PROTEIN_CONJUGATION	TLS_VISIUM_USZ::KC3	20	440	0.0016	0.87	flat	0.0013
GO:GOBP_PROTEIN_POLYMERIZATION	TLS_VISIUM_USZ::KC3	20	440	0.0103	0.209	flat	0.0054
GO:GOBP_PROTEIN_POLYUBIQUITINATION	TLS_VISIUM_USZ::KC3	20	440	0.0026	0.77	flat	0.0051
GO:GOBP_PROTEIN_PROCESSING	TLS_VISIUM_USZ::KC3	20	440	0.0066	0.41	flat	0.0031
GO:GOBP_PROTEIN_RNA_COMPLEX_ORGANIZATION	TLS_VISIUM_USZ::KC3	20	440	0.0029	0.734	flat	0.0071
GO:GOBP_PROTEIN_STABILIZATION	TLS_VISIUM_USZ::KC3	20	440	0.0005	0.976	flat	0.0017
GO:GOBP_PROTEIN_TARGETING	TLS_VISIUM_USZ::KC3	20	440	0.0017	0.864	flat	0.0012
GO:GOBP_PROTEIN_TARGETING_TO_MITOCHONDRION	TLS_VISIUM_USZ::KC3	20	440	0.0037	0.656	flat	0.007
GO:GOBP_PROTEIN_TRANSPORT	TLS_VISIUM_USZ::KC3	20	440	0.0082	0.311	flat	0.0022
GO:GOBP_PROTEOLYSIS	TLS_VISIUM_USZ::KC3	20	440	0.0092	0.259	flat	0.0026
GO:GOBP_PROTEOLYSIS_INVOLVED_IN_PROTEIN_CATABOLIC_PROCESS	TLS_VISIUM_USZ::KC3	20	440	0.0191	0.0382	flat	0.0044
GO:GOBP_PROTON_MOTIVE_FORCE_DRIVEN_ATP_SYNTHESIS	TLS_VISIUM_USZ::KC3	20	440	0.0095	0.245	flat	0.014
GO:GOBP_PROTON_TRANSMEMBRANE_TRANSPORT	TLS_VISIUM_USZ::KC3	20	440	0.0172	0.0554	flat	0.0101
GO:GOBP_PURINE_CONTAINING_COMPOUND_BIOSYNTHETIC_PROCESS	TLS_VISIUM_USZ::KC3	20	440	0.0009	0.945	flat	0.0025
GO:GOBP_PURINE_CONTAINING_COMPOUND_METABOLIC_PROCESS	TLS_VISIUM_USZ::KC3	20	440	0.0034	0.682	flat	0.0027
GO:GOBP_PURINE_NUCLEOTIDE_BIOSYNTHETIC_PROCESS	TLS_VISIUM_USZ::KC3	20	440	0.0061	0.449	flat	0.0079
GO:GOBP_PYRIDINE_CONTAINING_COMPOUND_METABOLIC_PROCESS	TLS_VISIUM_USZ::KC3	20	440	0.0037	0.657	flat	0.0022
GO:GOBP_REACTIVE_OXYGEN_SPECIES_METABOLIC_PROCESS	TLS_VISIUM_USZ::KC3	20	440	0.0042	0.611	flat	0.0042
GO:GOBP_RECEPTOR_MEDIATED_ENDOCYTOSIS	TLS_VISIUM_USZ::KC3	20	440	0.0023	0.796	flat	0.003
GO:GOBP_RECOMBINATIONAL_REPAIR	TLS_VISIUM_USZ::KC3	20	440	0.0226	0.0188	flat	0.0111
GO:GOBP_REGENERATION	TLS_VISIUM_USZ::KC3	20	440	0.0024	0.789	flat	0.0033
GO:GOBP_REGULATION_OF_ACTIN_FILAMENT_BASED_PROCESS	TLS_VISIUM_USZ::KC3	20	440	0.0145	0.0944	flat	0.0068
GO:GOBP_REGULATION_OF_ACTIN_FILAMENT_ORGANIZATION	TLS_VISIUM_USZ::KC3	20	440	0.011	0.184	flat	0.0081
GO:GOBP_REGULATION_OF_ACTIN_FILAMENT_POLYMERIZATION	TLS_VISIUM_USZ::KC3	20	440	0.0067	0.404	flat	0.0074
GO:GOBP_REGULATION_OF_ADAPTIVE_IMMUNE_RESPONSE	TLS_VISIUM_USZ::KC3	20	440	0.0296	0.00441	flat	0.011
GO:GOBP_REGULATION_OF_ALPHA_BETA_T_CELL_ACTIVATION	TLS_VISIUM_USZ::KC3	20	440	0.007	0.379	flat	0.0054
GO:GOBP_REGULATION_OF_ANATOMICAL_STRUCTURE_MORPHOGENESIS	TLS_VISIUM_USZ::KC3	20	440	0.0075	0.349	flat	0.0012
GO:GOBP_REGULATION_OF_ANATOMICAL_STRUCTURE_SIZE	TLS_VISIUM_USZ::KC3	20	440	0.004	0.627	flat	0.0025
GO:GOBP_REGULATION_OF_APOPTOTIC_SIGNALING_PATHWAY	TLS_VISIUM_USZ::KC3	20	440	0.0138	0.109	flat	0.0045
GO:GOBP_REGULATION_OF_AUTOPHAGY	TLS_VISIUM_USZ::KC3	20	440	0.0088	0.277	flat	0.0069
GO:GOBP_REGULATION_OF_BLOOD_CIRCULATION	TLS_VISIUM_USZ::KC3	20	440	0.0122	0.146	flat	0.0048
GO:GOBP_REGULATION_OF_BMP_SIGNALING_PATHWAY	TLS_VISIUM_USZ::KC3	20	440	0.0271	0.00735	flat	0.0116
GO:GOBP_REGULATION_OF_BODY_FLUID_LEVELS	TLS_VISIUM_USZ::KC3	20	440	0.0207	0.0274	flat	0.0055
GO:GOBP_REGULATION_OF_CANONICAL_WNT_SIGNALING_PATHWAY	TLS_VISIUM_USZ::KC3	20	440	0.0044	0.587	flat	0.0039
GO:GOBP_REGULATION_OF_CARTILAGE_DEVELOPMENT	TLS_VISIUM_USZ::KC3	20	440	0.007	0.379	flat	0.0069
GO:GOBP_REGULATION_OF_CATABOLIC_PROCESS	TLS_VISIUM_USZ::KC3	20	440	0.0044	0.589	flat	0.0021
GO:GOBP_REGULATION_OF_CATALYTIC_ACTIVITY	TLS_VISIUM_USZ::KC3	20	440	0.003	0.729	flat	0.0017
GO:GOBP_REGULATION_OF_CD4_POSITIVE_ALPHA_BETA_T_CELL_ACTIVATION	TLS_VISIUM_USZ::KC3	20	440	0.0079	0.323	flat	0.0094
GO:GOBP_REGULATION_OF_CD4_POSITIVE_ALPHA_BETA_T_CELL_DIFFERENTIATION	TLS_VISIUM_USZ::KC3	20	440	0.0081	0.314	flat	0.0041
GO:GOBP_REGULATION_OF_CELLULAR_COMPONENT_BIOGENESIS	TLS_VISIUM_USZ::KC3	20	440	0.0162	0.0683	flat	0.0035
GO:GOBP_REGULATION_OF_CELLULAR_COMPONENT_SIZE	TLS_VISIUM_USZ::KC3	20	440	0.0131	0.123	flat	0.003
GO:GOBP_REGULATION_OF_CELLULAR_LOCALIZATION	TLS_VISIUM_USZ::KC3	20	440	0.0118	0.16	flat	0.0025
GO:GOBP_REGULATION_OF_CELLULAR_RESPONSE_TO_GROWTH_FACTOR_STIMULUS	TLS_VISIUM_USZ::KC3	20	440	0.0058	0.469	flat	0.0029
GO:GOBP_REGULATION_OF_CELLULAR_RESPONSE_TO_STRESS	TLS_VISIUM_USZ::KC3	20	440	0.0076	0.342	flat	0.0039
GO:GOBP_REGULATION_OF_CELLULAR_RESPONSE_TO_TRANSFORMING_GROWTH_FACTOR_BETA_STIMULUS	TLS_VISIUM_USZ::KC3	20	440	0.0031	0.712	flat	0.0052
GO:GOBP_REGULATION_OF_CELL_ACTIVATION	TLS_VISIUM_USZ::KC3	20	440	0.0329	0.0022	flat	0.0052
GO:GOBP_REGULATION_OF_CELL_ADHESION	TLS_VISIUM_USZ::KC3	20	440	0.0215	0.0235	flat	0.0041
GO:GOBP_REGULATION_OF_CELL_CELL_ADHESION	TLS_VISIUM_USZ::KC3	20	440	0.0385	0.000659	flat	0.006
GO:GOBP_REGULATION_OF_CELL_CYCLE	TLS_VISIUM_USZ::KC3	20	440	0.0164	0.0657	flat	0.0038
GO:GOBP_REGULATION_OF_CELL_CYCLE_G2_M_PHASE_TRANSITION	TLS_VISIUM_USZ::KC3	20	440	0.0082	0.311	flat	0.0077
GO:GOBP_REGULATION_OF_CELL_CYCLE_PHASE_TRANSITION	TLS_VISIUM_USZ::KC3	20	440	0.0024	0.789	flat	0.0023
GO:GOBP_REGULATION_OF_CELL_CYCLE_PROCESS	TLS_VISIUM_USZ::KC3	20	440	0.0143	0.0988	flat	0.0038
GO:GOBP_REGULATION_OF_CELL_DEVELOPMENT	TLS_VISIUM_USZ::KC3	20	440	0.0274	0.00701	flat	0.0022
GO:GOBP_REGULATION_OF_CELL_DIFFERENTIATION	TLS_VISIUM_USZ::KC3	20	440	0.0116	0.165	flat	0.0018
GO:GOBP_REGULATION_OF_CELL_JUNCTION_ASSEMBLY	TLS_VISIUM_USZ::KC3	20	440	0.0015	0.88	flat	0.0011
GO:GOBP_REGULATION_OF_CELL_KILLING	TLS_VISIUM_USZ::KC3	20	440	0.0087	0.28	flat	0.0039
GO:GOBP_REGULATION_OF_CELL_MATRIX_ADHESION	TLS_VISIUM_USZ::KC3	20	440	0.0052	0.52	flat	0.0085
GO:GOBP_REGULATION_OF_CELL_MORPHOGENESIS	TLS_VISIUM_USZ::KC3	20	440	0.0143	0.0986	flat	0.0058
GO:GOBP_REGULATION_OF_CELL_POPULATION_PROLIFERATION	TLS_VISIUM_USZ::KC3	20	440	0.005	0.536	flat	0.0007
GO:GOBP_REGULATION_OF_CELL_PROJECTION_ORGANIZATION	TLS_VISIUM_USZ::KC3	20	440	0.0014	0.891	flat	0.001
GO:GOBP_REGULATION_OF_CELL_SHAPE	TLS_VISIUM_USZ::KC3	20	440	0.0052	0.513	flat	0.0057
GO:GOBP_REGULATION_OF_CELL_SUBSTRATE_ADHESION	TLS_VISIUM_USZ::KC3	20	440	0.0098	0.229	flat	0.0095
GO:GOBP_REGULATION_OF_CELL_SUBSTRATE_JUNCTION_ORGANIZATION	TLS_VISIUM_USZ::KC3	20	440	0.0125	0.138	flat	0.0152
GO:GOBP_REGULATION_OF_CHEMOTAXIS	TLS_VISIUM_USZ::KC3	20	440	0.0031	0.711	flat	0.0039
GO:GOBP_REGULATION_OF_CHROMOSOME_ORGANIZATION	TLS_VISIUM_USZ::KC3	20	440	0.0103	0.211	flat	0.0063
GO:GOBP_REGULATION_OF_CHROMOSOME_SEGREGATION	TLS_VISIUM_USZ::KC3	20	440	0.0136	0.112	flat	0.0085
GO:GOBP_REGULATION_OF_COAGULATION	TLS_VISIUM_USZ::KC3	20	440	0.0066	0.407	flat	0.0074
GO:GOBP_REGULATION_OF_CYTOSKELETON_ORGANIZATION	TLS_VISIUM_USZ::KC3	20	440	0.0058	0.468	flat	0.0031
GO:GOBP_REGULATION_OF_DEFENSE_RESPONSE	TLS_VISIUM_USZ::KC3	20	440	0.0129	0.13	flat	0.0039
GO:GOBP_REGULATION_OF_DEFENSE_RESPONSE_TO_VIRUS	TLS_VISIUM_USZ::KC3	20	440	0.0026	0.768	flat	0.0067
GO:GOBP_REGULATION_OF_DNA_METABOLIC_PROCESS	TLS_VISIUM_USZ::KC3	20	440	0.005	0.531	flat	0.0032
GO:GOBP_REGULATION_OF_DNA_REPAIR	TLS_VISIUM_USZ::KC3	20	440	0.0059	0.46	flat	0.0065
GO:GOBP_REGULATION_OF_DNA_REPLICATION	TLS_VISIUM_USZ::KC3	20	440	0.0144	0.0968	flat	0.0077
GO:GOBP_REGULATION_OF_DOUBLE_STRAND_BREAK_REPAIR	TLS_VISIUM_USZ::KC3	20	440	0.008	0.321	flat	0.0056
GO:GOBP_REGULATION_OF_ENDOCYTOSIS	TLS_VISIUM_USZ::KC3	20	440	0.0113	0.174	flat	0.0048
GO:GOBP_REGULATION_OF_EPITHELIAL_CELL_DIFFERENTIATION	TLS_VISIUM_USZ::KC3	20	440	0.002	0.827	flat	0.0016
GO:GOBP_REGULATION_OF_EPITHELIAL_CELL_PROLIFERATION	TLS_VISIUM_USZ::KC3	20	440	0.0101	0.22	flat	0.0043
GO:GOBP_REGULATION_OF_EPITHELIAL_TO_MESENCHYMAL_TRANSITION	TLS_VISIUM_USZ::KC3	20	440	0.0205	0.0286	flat	0.0124
GO:GOBP_REGULATION_OF_ESTABLISHMENT_OF_PROTEIN_LOCALIZATION	TLS_VISIUM_USZ::KC3	20	440	0.0016	0.876	flat	0.0014
GO:GOBP_REGULATION_OF_GENERATION_OF_PRECURSOR_METABOLITES_AND_ENERGY	TLS_VISIUM_USZ::KC3	20	440	0.0054	0.503	flat	0.004
GO:GOBP_REGULATION_OF_GROWTH	TLS_VISIUM_USZ::KC3	20	440	0.0178	0.0494	flat	0.0049
GO:GOBP_REGULATION_OF_HEART_CONTRACTION	TLS_VISIUM_USZ::KC3	20	440	0.0225	0.0191	flat	0.0069
GO:GOBP_REGULATION_OF_HEMOPOIESIS	TLS_VISIUM_USZ::KC3	20	440	0.0224	0.0194	flat	0.0035
GO:GOBP_REGULATION_OF_HORMONE_LEVELS	TLS_VISIUM_USZ::KC3	20	440	0.0006	0.969	flat	0.0007
GO:GOBP_REGULATION_OF_HYDROLASE_ACTIVITY	TLS_VISIUM_USZ::KC3	20	440	0.0064	0.424	flat	0.0046
GO:GOBP_REGULATION_OF_IMMUNE_EFFECTOR_PROCESS	TLS_VISIUM_USZ::KC3	20	440	0.0348	0.00146	flat	0.0043
GO:GOBP_REGULATION_OF_IMMUNE_RESPONSE	TLS_VISIUM_USZ::KC3	20	440	0.0322	0.00253	flat	0.0061
GO:GOBP_REGULATION_OF_IMMUNE_SYSTEM_PROCESS	TLS_VISIUM_USZ::KC3	20	440	0.0296	0.00444	flat	0.0035
GO:GOBP_REGULATION_OF_INFLAMMATORY_RESPONSE	TLS_VISIUM_USZ::KC3	20	440	0.0029	0.738	flat	0.0021
GO:GOBP_REGULATION_OF_INNATE_IMMUNE_RESPONSE	TLS_VISIUM_USZ::KC3	20	440	0.0033	0.693	flat	0.0021
GO:GOBP_REGULATION_OF_LEUKOCYTE_CHEMOTAXIS	TLS_VISIUM_USZ::KC3	20	440	0.01	0.223	flat	0.0044
GO:GOBP_REGULATION_OF_LEUKOCYTE_DIFFERENTIATION	TLS_VISIUM_USZ::KC3	20	440	0.0442	0.000194	flat	0.0089
GO:GOBP_REGULATION_OF_LEUKOCYTE_MEDIATED_IMMUNITY	TLS_VISIUM_USZ::KC3	20	440	0.0323	0.00247	flat	0.0087
GO:GOBP_REGULATION_OF_LEUKOCYTE_MIGRATION	TLS_VISIUM_USZ::KC3	20	440	0.004	0.622	flat	0.0026
GO:GOBP_REGULATION_OF_LEUKOCYTE_PROLIFERATION	TLS_VISIUM_USZ::KC3	20	440	0.0241	0.0137	flat	0.0046
GO:GOBP_REGULATION_OF_LIPID_METABOLIC_PROCESS	TLS_VISIUM_USZ::KC3	20	440	0.0038	0.649	flat	0.003
GO:GOBP_REGULATION_OF_LOCOMOTION	TLS_VISIUM_USZ::KC3	20	440	0.0141	0.101	flat	0.004
GO:GOBP_REGULATION_OF_LYMPHOCYTE_ACTIVATION	TLS_VISIUM_USZ::KC3	20	440	0.0305	0.00362	flat	0.0042
GO:GOBP_REGULATION_OF_LYMPHOCYTE_DIFFERENTIATION	TLS_VISIUM_USZ::KC3	20	440	0.0127	0.133	flat	0.0038
GO:GOBP_REGULATION_OF_LYMPHOCYTE_MEDIATED_IMMUNITY	TLS_VISIUM_USZ::KC3	20	440	0.0131	0.125	flat	0.0061
GO:GOBP_REGULATION_OF_MICROTUBULE_BASED_PROCESS	TLS_VISIUM_USZ::KC3	20	440	0.0166	0.0623	flat	0.0059
GO:GOBP_REGULATION_OF_MITOTIC_CELL_CYCLE	TLS_VISIUM_USZ::KC3	20	440	0.0056	0.485	flat	0.0032
GO:GOBP_REGULATION_OF_MITOTIC_CELL_CYCLE_PHASE_TRANSITION	TLS_VISIUM_USZ::KC3	20	440	0.0113	0.175	flat	0.0051
GO:GOBP_REGULATION_OF_MOLECULAR_FUNCTION	TLS_VISIUM_USZ::KC3	20	440	0.0057	0.479	flat	0.0018
GO:GOBP_REGULATION_OF_MONOATOMIC_ION_TRANSPORT	TLS_VISIUM_USZ::KC3	20	440	0.0077	0.339	flat	0.0025
GO:GOBP_REGULATION_OF_MONONUCLEAR_CELL_MIGRATION	TLS_VISIUM_USZ::KC3	20	440	0.0177	0.0507	flat	0.0042
GO:GOBP_REGULATION_OF_MRNA_METABOLIC_PROCESS	TLS_VISIUM_USZ::KC3	20	440	0.0017	0.858	flat	0.0022
GO:GOBP_REGULATION_OF_MULTICELLULAR_ORGANISMAL_DEVELOPMENT	TLS_VISIUM_USZ::KC3	20	440	0.0073	0.365	flat	0.001
GO:GOBP_REGULATION_OF_MYELOID_CELL_DIFFERENTIATION	TLS_VISIUM_USZ::KC3	20	440	0.0169	0.0594	flat	0.0055
GO:GOBP_REGULATION_OF_MYELOID_LEUKOCYTE_DIFFERENTIATION	TLS_VISIUM_USZ::KC3	20	440	0.0049	0.541	flat	0.0047
GO:GOBP_REGULATION_OF_NERVOUS_SYSTEM_DEVELOPMENT	TLS_VISIUM_USZ::KC3	20	440	0.011	0.186	flat	0.0029
GO:GOBP_REGULATION_OF_NEUROGENESIS	TLS_VISIUM_USZ::KC3	20	440	0.0149	0.0877	flat	0.0043
GO:GOBP_REGULATION_OF_NEURON_PROJECTION_DEVELOPMENT	TLS_VISIUM_USZ::KC3	20	440	0.0006	0.968	flat	0.0009
GO:GOBP_REGULATION_OF_NUCLEAR_DIVISION	TLS_VISIUM_USZ::KC3	20	440	0.0083	0.303	flat	0.0044
GO:GOBP_REGULATION_OF_ORGANELLE_ORGANIZATION	TLS_VISIUM_USZ::KC3	20	440	0.0036	0.663	flat	0.0015
GO:GOBP_REGULATION_OF_PHOSPHORUS_METABOLIC_PROCESS	TLS_VISIUM_USZ::KC3	20	440	0.0004	0.981	flat	0.0007
GO:GOBP_REGULATION_OF_PHOSPHORYLATION	TLS_VISIUM_USZ::KC3	20	440	0.0029	0.739	flat	0.0017
GO:GOBP_REGULATION_OF_POST_TRANSLATIONAL_PROTEIN_MODIFICATION	TLS_VISIUM_USZ::KC3	20	440	0.0015	0.883	flat	0.0024
GO:GOBP_REGULATION_OF_PROGRAMMED_CELL_DEATH	TLS_VISIUM_USZ::KC3	20	440	0.0098	0.23	flat	0.002
GO:GOBP_REGULATION_OF_PROTEIN_CATABOLIC_PROCESS	TLS_VISIUM_USZ::KC3	20	440	0.0057	0.476	flat	0.0037
GO:GOBP_REGULATION_OF_PROTEIN_CONTAINING_COMPLEX_ASSEMBLY	TLS_VISIUM_USZ::KC3	20	440	0.0123	0.145	flat	0.0046
GO:GOBP_REGULATION_OF_PROTEIN_LOCALIZATION_TO_CELL_PERIPHERY	TLS_VISIUM_USZ::KC3	20	440	0.0007	0.958	flat	0.001
GO:GOBP_REGULATION_OF_PROTEIN_LOCALIZATION_TO_MEMBRANE	TLS_VISIUM_USZ::KC3	20	440	0.0031	0.717	flat	0.0033
GO:GOBP_REGULATION_OF_PROTEIN_LOCALIZATION_TO_NUCLEUS	TLS_VISIUM_USZ::KC3	20	440	0.0027	0.755	flat	0.0046
GO:GOBP_REGULATION_OF_PROTEIN_METABOLIC_PROCESS	TLS_VISIUM_USZ::KC3	20	440	0.0018	0.853	flat	0.0007
GO:GOBP_REGULATION_OF_PROTEIN_MODIFICATION_PROCESS	TLS_VISIUM_USZ::KC3	20	440	0.0078	0.33	flat	0.0038
GO:GOBP_REGULATION_OF_PROTEIN_STABILITY	TLS_VISIUM_USZ::KC3	20	440	0.0027	0.762	flat	0.0018
GO:GOBP_REGULATION_OF_PROTEIN_TRANSPORT	TLS_VISIUM_USZ::KC3	20	440	0.0104	0.208	flat	0.0037
GO:GOBP_REGULATION_OF_PROTEIN_UBIQUITINATION	TLS_VISIUM_USZ::KC3	20	440	0.003	0.727	flat	0.0038
GO:GOBP_REGULATION_OF_PROTEOLYSIS	TLS_VISIUM_USZ::KC3	20	440	0.0198	0.0329	flat	0.0071
GO:GOBP_REGULATION_OF_PROTEOLYSIS_INVOLVED_IN_PROTEIN_CATABOLIC_PROCESS	TLS_VISIUM_USZ::KC3	20	440	0.0001	0.998	flat	0.0004
GO:GOBP_REGULATION_OF_RESPIRATORY_BURST	TLS_VISIUM_USZ::KC3	20	440	0.0049	0.541	flat	0.0083
GO:GOBP_REGULATION_OF_RESPONSE_TO_BIOTIC_STIMULUS	TLS_VISIUM_USZ::KC3	20	440	0.0188	0.0406	flat	0.0041
GO:GOBP_REGULATION_OF_RESPONSE_TO_CYTOKINE_STIMULUS	TLS_VISIUM_USZ::KC3	20	440	0.0029	0.732	flat	0.0045
GO:GOBP_REGULATION_OF_RESPONSE_TO_EXTERNAL_STIMULUS	TLS_VISIUM_USZ::KC3	20	440	0.0021	0.823	flat	0.0011
GO:GOBP_REGULATION_OF_RESPONSE_TO_STRESS	TLS_VISIUM_USZ::KC3	20	440	0.0024	0.79	flat	0.0007
GO:GOBP_REGULATION_OF_RESPONSE_TO_WOUNDING	TLS_VISIUM_USZ::KC3	20	440	0.0036	0.665	flat	0.0029
GO:GOBP_REGULATION_OF_RNA_SPLICING	TLS_VISIUM_USZ::KC3	20	440	0.0026	0.773	flat	0.0022
GO:GOBP_REGULATION_OF_SECRETION	TLS_VISIUM_USZ::KC3	20	440	0.0023	0.805	flat	0.0016
GO:GOBP_REGULATION_OF_SISTER_CHROMATID_SEGREGATION	TLS_VISIUM_USZ::KC3	20	440	0.0179	0.0489	flat	0.0097
GO:GOBP_REGULATION_OF_SMALL_GTPASE_MEDIATED_SIGNAL_TRANSDUCTION	TLS_VISIUM_USZ::KC3	20	440	0.0055	0.491	flat	0.0036
GO:GOBP_REGULATION_OF_SMALL_MOLECULE_METABOLIC_PROCESS	TLS_VISIUM_USZ::KC3	20	440	0.0171	0.0569	flat	0.0054
GO:GOBP_REGULATION_OF_SUPRAMOLECULAR_FIBER_ORGANIZATION	TLS_VISIUM_USZ::KC3	20	440	0.0067	0.4	flat	0.0045
GO:GOBP_REGULATION_OF_SYNAPTIC_PLASTICITY	TLS_VISIUM_USZ::KC3	20	440	0.0172	0.0554	flat	0.0055
GO:GOBP_REGULATION_OF_SYSTEM_PROCESS	TLS_VISIUM_USZ::KC3	20	440	0.0062	0.435	flat	0.0016
GO:GOBP_REGULATION_OF_TELOMERE_MAINTENANCE	TLS_VISIUM_USZ::KC3	20	440	0.0012	0.914	flat	0.0049
GO:GOBP_REGULATION_OF_TELOMERE_MAINTENANCE_VIA_TELOMERASE	TLS_VISIUM_USZ::KC3	20	440	0.0238	0.0148	flat	0.0245
GO:GOBP_REGULATION_OF_TELOMERE_MAINTENANCE_VIA_TELOMERE_LENGTHENING	TLS_VISIUM_USZ::KC3	20	440	0.0102	0.216	flat	0.0202
GO:GOBP_REGULATION_OF_TRANSFERASE_ACTIVITY	TLS_VISIUM_USZ::KC3	20	440	0.0105	0.204	flat	0.0047
GO:GOBP_REGULATION_OF_TRANSLATION	TLS_VISIUM_USZ::KC3	20	440	0.0029	0.736	flat	0.0026
GO:GOBP_REGULATION_OF_TRANSLATIONAL_INITIATION	TLS_VISIUM_USZ::KC3	20	440	0.0127	0.133	flat	0.0145
GO:GOBP_REGULATION_OF_TRANSMEMBRANE_RECEPTOR_PROTEIN_SERINE_THREONINE_KINASE_SIGNALING_PATHWAY	TLS_VISIUM_USZ::KC3	20	440	0.014	0.105	flat	0.0055
GO:GOBP_REGULATION_OF_TRANSMEMBRANE_TRANSPORT	TLS_VISIUM_USZ::KC3	20	440	0.0044	0.591	flat	0.0025
GO:GOBP_REGULATION_OF_TRANSPORT	TLS_VISIUM_USZ::KC3	20	440	0.015	0.0852	flat	0.0022
GO:GOBP_REGULATION_OF_TRANS_SYNAPTIC_SIGNALING	TLS_VISIUM_USZ::KC3	20	440	0.0014	0.898	flat	0.0012
GO:GOBP_REGULATION_OF_TYPE_I_INTERFERON_MEDIATED_SIGNALING_PATHWAY	TLS_VISIUM_USZ::KC3	20	440	0.0038	0.644	flat	0.009
GO:GOBP_REGULATION_OF_T_CELL_ACTIVATION	TLS_VISIUM_USZ::KC3	20	440	0.0252	0.011	flat	0.0031
GO:GOBP_REGULATION_OF_T_CELL_MEDIATED_CYTOTOXICITY	TLS_VISIUM_USZ::KC3	20	440	0.016	0.0707	flat	0.0122
GO:GOBP_REGULATION_OF_T_CELL_MEDIATED_IMMUNITY	TLS_VISIUM_USZ::KC3	20	440	0.0184	0.0437	flat	0.0052
GO:GOBP_REGULATION_OF_UBIQUITIN_DEPENDENT_PROTEIN_CATABOLIC_PROCESS	TLS_VISIUM_USZ::KC3	20	440	0.0079	0.323	flat	0.0079
GO:GOBP_REGULATION_OF_VASCULATURE_DEVELOPMENT	TLS_VISIUM_USZ::KC3	20	440	0.0024	0.785	flat	0.0029
GO:GOBP_REGULATION_OF_VESICLE_MEDIATED_TRANSPORT	TLS_VISIUM_USZ::KC3	20	440	0.0069	0.39	flat	0.0026
GO:GOBP_REGULATION_OF_VIRAL_GENOME_REPLICATION	TLS_VISIUM_USZ::KC3	20	440	0.044	0.000202	flat	0.0201
GO:GOBP_REGULATION_OF_VIRAL_LIFE_CYCLE	TLS_VISIUM_USZ::KC3	20	440	0.0159	0.0722	flat	0.0134
GO:GOBP_REGULATION_OF_VIRAL_PROCESS	TLS_VISIUM_USZ::KC3	20	440	0.015	0.0851	flat	0.0133
GO:GOBP_REGULATION_OF_WNT_SIGNALING_PATHWAY	TLS_VISIUM_USZ::KC3	20	440	0.014	0.104	flat	0.006
GO:GOBP_REGULATORY_T_CELL_DIFFERENTIATION	TLS_VISIUM_USZ::KC3	20	440	0.013	0.126	flat	0.0061
GO:GOBP_RENAL_SYSTEM_DEVELOPMENT	TLS_VISIUM_USZ::KC3	20	440	0.0055	0.493	flat	0.0037
GO:GOBP_RENAL_SYSTEM_PROCESS	TLS_VISIUM_USZ::KC3	20	440	0.0119	0.156	flat	0.0041
GO:GOBP_REPRODUCTIVE_PROCESS	TLS_VISIUM_USZ::KC3	20	440	0.0143	0.0982	flat	0.0026
GO:GOBP_REPRODUCTIVE_SYSTEM_DEVELOPMENT	TLS_VISIUM_USZ::KC3	20	440	0.001	0.935	flat	0.0011
GO:GOBP_RESPIRATORY_SYSTEM_DEVELOPMENT	TLS_VISIUM_USZ::KC3	20	440	0.0018	0.857	flat	0.0024
GO:GOBP_RESPONSE_TO_ABIOTIC_STIMULUS	TLS_VISIUM_USZ::KC3	20	440	0.0023	0.802	flat	0.0012
GO:GOBP_RESPONSE_TO_BACTERIUM	TLS_VISIUM_USZ::KC3	20	440	0.0074	0.359	flat	0.0021
GO:GOBP_RESPONSE_TO_BMP	TLS_VISIUM_USZ::KC3	20	440	0.0362	0.00109	flat	0.0139
GO:GOBP_RESPONSE_TO_CADMIUM_ION	TLS_VISIUM_USZ::KC3	20	440	0.0215	0.0235	flat	0.013
GO:GOBP_RESPONSE_TO_ENDOGENOUS_STIMULUS	TLS_VISIUM_USZ::KC3	20	440	0.0026	0.767	flat	0.0011
GO:GOBP_RESPONSE_TO_GROWTH_FACTOR	TLS_VISIUM_USZ::KC3	20	440	0.0197	0.0336	flat	0.0041
GO:GOBP_RESPONSE_TO_HORMONE	TLS_VISIUM_USZ::KC3	20	440	0.0066	0.409	flat	0.0022
GO:GOBP_RESPONSE_TO_KETONE	TLS_VISIUM_USZ::KC3	20	440	0.0257	0.01	flat	0.0058
GO:GOBP_RESPONSE_TO_LIPID	TLS_VISIUM_USZ::KC3	20	440	0.0117	0.162	flat	0.0021
GO:GOBP_RESPONSE_TO_MECHANICAL_STIMULUS	TLS_VISIUM_USZ::KC3	20	440	0.0015	0.885	flat	0.0008
GO:GOBP_RESPONSE_TO_MOLECULE_OF_BACTERIAL_ORIGIN	TLS_VISIUM_USZ::KC3	20	440	0.0008	0.95	flat	0.0014
GO:GOBP_RESPONSE_TO_NITROGEN_COMPOUND	TLS_VISIUM_USZ::KC3	20	440	0.0101	0.218	flat	0.0023
GO:GOBP_RESPONSE_TO_NUTRIENT_LEVELS	TLS_VISIUM_USZ::KC3	20	440	0.0045	0.583	flat	0.0026
GO:GOBP_RESPONSE_TO_OXIDATIVE_STRESS	TLS_VISIUM_USZ::KC3	20	440	0.001	0.932	flat	0.0013
GO:GOBP_RESPONSE_TO_OXYGEN_CONTAINING_COMPOUND	TLS_VISIUM_USZ::KC3	20	440	0.0081	0.316	flat	0.0018
GO:GOBP_RESPONSE_TO_OXYGEN_LEVELS	TLS_VISIUM_USZ::KC3	20	440	0.003	0.723	flat	0.0025
GO:GOBP_RESPONSE_TO_PEPTIDE	TLS_VISIUM_USZ::KC3	20	440	0.0204	0.0296	flat	0.0031
GO:GOBP_RESPONSE_TO_PEPTIDE_HORMONE	TLS_VISIUM_USZ::KC3	20	440	0.0015	0.881	flat	0.0017
GO:GOBP_RESPONSE_TO_RADIATION	TLS_VISIUM_USZ::KC3	20	440	0.001	0.928	flat	0.0009
GO:GOBP_RESPONSE_TO_STARVATION	TLS_VISIUM_USZ::KC3	20	440	0.0068	0.393	flat	0.0052
GO:GOBP_RESPONSE_TO_STEROID_HORMONE	TLS_VISIUM_USZ::KC3	20	440	0.0058	0.465	flat	0.0024
GO:GOBP_RESPONSE_TO_TEMPERATURE_STIMULUS	TLS_VISIUM_USZ::KC3	20	440	0.004	0.626	flat	0.0038
GO:GOBP_RESPONSE_TO_TOXIC_SUBSTANCE	TLS_VISIUM_USZ::KC3	20	440	0.0034	0.683	flat	0.0022
GO:GOBP_RESPONSE_TO_TRANSFORMING_GROWTH_FACTOR_BETA	TLS_VISIUM_USZ::KC3	20	440	0.0012	0.911	flat	0.002
GO:GOBP_RESPONSE_TO_TYPE_II_INTERFERON	TLS_VISIUM_USZ::KC3	20	440	0.019	0.0392	flat	0.0053
GO:GOBP_RESPONSE_TO_TYPE_I_INTERFERON	TLS_VISIUM_USZ::KC3	20	440	0.0078	0.331	flat	0.0096
GO:GOBP_RESPONSE_TO_VIRUS	TLS_VISIUM_USZ::KC3	20	440	0.0158	0.0735	flat	0.0071
GO:GOBP_RESPONSE_TO_WOUNDING	TLS_VISIUM_USZ::KC3	20	440	0.0219	0.0216	flat	0.0047
GO:GOBP_RESPONSE_TO_XENOBIOTIC_STIMULUS	TLS_VISIUM_USZ::KC3	20	440	0.0015	0.887	flat	0.0013
GO:GOBP_RHYTHMIC_PROCESS	TLS_VISIUM_USZ::KC3	20	440	0.0078	0.332	flat	0.0039
GO:GOBP_RIBONUCLEOPROTEIN_COMPLEX_BIOGENESIS	TLS_VISIUM_USZ::KC3	20	440	0.0091	0.262	flat	0.006
GO:GOBP_RIBOSE_PHOSPHATE_BIOSYNTHETIC_PROCESS	TLS_VISIUM_USZ::KC3	20	440	0.0088	0.279	flat	0.0077
GO:GOBP_RIBOSE_PHOSPHATE_METABOLIC_PROCESS	TLS_VISIUM_USZ::KC3	20	440	0.0147	0.0914	flat	0.0043
GO:GOBP_RIBOSOMAL_LARGE_SUBUNIT_BIOGENESIS	TLS_VISIUM_USZ::KC3	20	440	0.0065	0.413	flat	0.0114
GO:GOBP_RIBOSOME_BIOGENESIS	TLS_VISIUM_USZ::KC3	20	440	0.013	0.126	flat	0.0078
GO:GOBP_RNA_EXPORT_FROM_NUCLEUS	TLS_VISIUM_USZ::KC3	20	440	0.0018	0.848	flat	0.004
GO:GOBP_RNA_LOCALIZATION	TLS_VISIUM_USZ::KC3	20	440	0.0074	0.358	flat	0.0071
GO:GOBP_RNA_MODIFICATION	TLS_VISIUM_USZ::KC3	20	440	0.0115	0.167	flat	0.007
GO:GOBP_RNA_PROCESSING	TLS_VISIUM_USZ::KC3	20	440	0.0091	0.264	flat	0.0029
GO:GOBP_RNA_SPLICING	TLS_VISIUM_USZ::KC3	20	440	0.008	0.318	flat	0.0055
GO:GOBP_RNA_SPLICING_VIA_TRANSESTERIFICATION_REACTIONS	TLS_VISIUM_USZ::KC3	20	440	0.0177	0.0505	flat	0.0078
GO:GOBP_RNA_TEMPLATED_DNA_BIOSYNTHETIC_PROCESS	TLS_VISIUM_USZ::KC3	20	440	0.0132	0.121	flat	0.0149
GO:GOBP_RRNA_METABOLIC_PROCESS	TLS_VISIUM_USZ::KC3	20	440	0.0133	0.12	flat	0.0078
GO:GOBP_RRNA_PROCESSING	TLS_VISIUM_USZ::KC3	20	440	0.0085	0.292	flat	0.0066
GO:GOBP_SECONDARY_ALCOHOL_METABOLIC_PROCESS	TLS_VISIUM_USZ::KC3	20	440	0.0062	0.439	flat	0.0046
GO:GOBP_SECRETION	TLS_VISIUM_USZ::KC3	20	440	0.0313	0.00309	flat	0.0045
GO:GOBP_SEMI_LUNAR_VALVE_DEVELOPMENT	TLS_VISIUM_USZ::KC3	20	440	0.0017	0.863	flat	0.0043
GO:GOBP_SENSORY_ORGAN_DEVELOPMENT	TLS_VISIUM_USZ::KC3	20	440	0.0129	0.129	flat	0.0032
GO:GOBP_SENSORY_ORGAN_MORPHOGENESIS	TLS_VISIUM_USZ::KC3	20	440	0.021	0.0258	flat	0.006
GO:GOBP_SENSORY_PERCEPTION	TLS_VISIUM_USZ::KC3	20	440	0.0021	0.823	flat	0.0006
GO:GOBP_SENSORY_SYSTEM_DEVELOPMENT	TLS_VISIUM_USZ::KC3	20	440	0.002	0.836	flat	0.002
GO:GOBP_SEQUESTERING_OF_CALCIUM_ION	TLS_VISIUM_USZ::KC3	20	440	0.0056	0.483	flat	0.0066
GO:GOBP_SEXUAL_REPRODUCTION	TLS_VISIUM_USZ::KC3	20	440	0.0133	0.121	flat	0.0034
GO:GOBP_SIGNAL_RELEASE	TLS_VISIUM_USZ::KC3	20	440	0.0134	0.117	flat	0.0024
GO:GOBP_SIGNAL_TRANSDUCTION_BY_P53_CLASS_MEDIATOR	TLS_VISIUM_USZ::KC3	20	440	0.0019	0.845	flat	0.0026
GO:GOBP_SIGNAL_TRANSDUCTION_IN_RESPONSE_TO_DNA_DAMAGE	TLS_VISIUM_USZ::KC3	20	440	0.004	0.628	flat	0.0051
GO:GOBP_SISTER_CHROMATID_SEGREGATION	TLS_VISIUM_USZ::KC3	20	440	0.0189	0.0398	flat	0.008
GO:GOBP_SKELETAL_MUSCLE_CELL_DIFFERENTIATION	TLS_VISIUM_USZ::KC3	20	440	0.0085	0.29	flat	0.0046
GO:GOBP_SKELETAL_SYSTEM_DEVELOPMENT	TLS_VISIUM_USZ::KC3	20	440	0.0065	0.415	flat	0.0025
GO:GOBP_SKIN_DEVELOPMENT	TLS_VISIUM_USZ::KC3	20	440	0.0047	0.563	flat	0.0026
GO:GOBP_SMALL_GTPASE_MEDIATED_SIGNAL_TRANSDUCTION	TLS_VISIUM_USZ::KC3	20	440	0.0082	0.307	flat	0.0037
GO:GOBP_SMALL_MOLECULE_BIOSYNTHETIC_PROCESS	TLS_VISIUM_USZ::KC3	20	440	0.0067	0.399	flat	0.0019
GO:GOBP_SMALL_MOLECULE_CATABOLIC_PROCESS	TLS_VISIUM_USZ::KC3	20	440	0.0148	0.0894	flat	0.0044
GO:GOBP_SMALL_MOLECULE_METABOLIC_PROCESS	TLS_VISIUM_USZ::KC3	20	440	0.0071	0.372	flat	0.0013
GO:GOBP_SMOOTH_MUSCLE_CELL_PROLIFERATION	TLS_VISIUM_USZ::KC3	20	440	0.0007	0.957	flat	0.0017
GO:GOBP_SPINDLE_ASSEMBLY	TLS_VISIUM_USZ::KC3	20	440	0.0119	0.156	flat	0.006
GO:GOBP_SPINDLE_ORGANIZATION	TLS_VISIUM_USZ::KC3	20	440	0.0161	0.0695	flat	0.007
GO:GOBP_SPROUTING_ANGIOGENESIS	TLS_VISIUM_USZ::KC3	20	440	0.0111	0.181	flat	0.0077
GO:GOBP_STEM_CELL_DIFFERENTIATION	TLS_VISIUM_USZ::KC3	20	440	0.0321	0.00257	flat	0.008
GO:GOBP_STEM_CELL_PROLIFERATION	TLS_VISIUM_USZ::KC3	20	440	0.0071	0.376	flat	0.0028
GO:GOBP_STEROID_BIOSYNTHETIC_PROCESS	TLS_VISIUM_USZ::KC3	20	440	0.0026	0.771	flat	0.0028
GO:GOBP_STEROID_METABOLIC_PROCESS	TLS_VISIUM_USZ::KC3	20	440	0.0139	0.105	flat	0.0042
GO:GOBP_STEROL_BIOSYNTHETIC_PROCESS	TLS_VISIUM_USZ::KC3	20	440	0.0033	0.7	flat	0.0049
GO:GOBP_SULFUR_COMPOUND_METABOLIC_PROCESS	TLS_VISIUM_USZ::KC3	20	440	0.0092	0.259	flat	0.004
GO:GOBP_SUPRAMOLECULAR_FIBER_ORGANIZATION	TLS_VISIUM_USZ::KC3	20	440	0.0073	0.363	flat	0.0031
GO:GOBP_SYNAPSE_ASSEMBLY	TLS_VISIUM_USZ::KC3	20	440	0.017	0.0583	flat	0.0062
GO:GOBP_SYNAPSE_ORGANIZATION	TLS_VISIUM_USZ::KC3	20	440	0.0085	0.293	flat	0.0031
GO:GOBP_SYNAPTIC_SIGNALING	TLS_VISIUM_USZ::KC3	20	440	0.006	0.452	flat	0.0022
GO:GOBP_TAXIS	TLS_VISIUM_USZ::KC3	20	440	0.0057	0.474	flat	0.0026
GO:GOBP_TELOMERASE_RNA_LOCALIZATION	TLS_VISIUM_USZ::KC3	20	440	0.0131	0.124	flat	0.0369
GO:GOBP_TELOMERE_MAINTENANCE_VIA_TELOMERE_LENGTHENING	TLS_VISIUM_USZ::KC3	20	440	0.005	0.534	flat	0.0122
GO:GOBP_TELOMERE_ORGANIZATION	TLS_VISIUM_USZ::KC3	20	440	0.0036	0.663	flat	0.0054
GO:GOBP_TIGHT_JUNCTION_ASSEMBLY	TLS_VISIUM_USZ::KC3	20	440	0.0068	0.396	flat	0.0026
GO:GOBP_TIGHT_JUNCTION_ORGANIZATION	TLS_VISIUM_USZ::KC3	20	440	0.0009	0.944	flat	0.0023
GO:GOBP_TISSUE_HOMEOSTASIS	TLS_VISIUM_USZ::KC3	20	440	0.0048	0.553	flat	0.0041
GO:GOBP_TISSUE_MORPHOGENESIS	TLS_VISIUM_USZ::KC3	20	440	0.0137	0.11	flat	0.0037
GO:GOBP_TISSUE_REMODELING	TLS_VISIUM_USZ::KC3	20	440	0.0002	0.993	flat	0.0009
GO:GOBP_TRANSFORMING_GROWTH_FACTOR_BETA_RECEPTOR_SIGNALING_PATHWAY	TLS_VISIUM_USZ::KC3	20	440	0.0029	0.738	flat	0.0031
GO:GOBP_TRANSLATION	TLS_VISIUM_USZ::KC3	20	440	0.0005	0.973	flat	0.001
GO:GOBP_TRANSLATIONAL_INITIATION	TLS_VISIUM_USZ::KC3	20	440	0.0051	0.522	flat	0.0083
GO:GOBP_TRANSMEMBRANE_TRANSPORT	TLS_VISIUM_USZ::KC3	20	440	0.005	0.531	flat	0.0014
GO:GOBP_TRNA_METABOLIC_PROCESS	TLS_VISIUM_USZ::KC3	20	440	0.0074	0.356	flat	0.0051
GO:GOBP_TUBE_DEVELOPMENT	TLS_VISIUM_USZ::KC3	20	440	0.0092	0.26	flat	0.003
GO:GOBP_TUBE_MORPHOGENESIS	TLS_VISIUM_USZ::KC3	20	440	0.0011	0.92	flat	0.0014
GO:GOBP_TUMOR_NECROSIS_FACTOR_MEDIATED_SIGNALING_PATHWAY	TLS_VISIUM_USZ::KC3	20	440	0.0168	0.0599	flat	0.0135
GO:GOBP_TUMOR_NECROSIS_FACTOR_SUPERFAMILY_CYTOKINE_PRODUCTION	TLS_VISIUM_USZ::KC3	20	440	0.0055	0.493	flat	0.0047
GO:GOBP_TYPE_II_INTERFERON_PRODUCTION	TLS_VISIUM_USZ::KC3	20	440	0.0338	0.00179	flat	0.009
GO:GOBP_TYPE_I_INTERFERON_PRODUCTION	TLS_VISIUM_USZ::KC3	20	440	0.0027	0.763	flat	0.0055
GO:GOBP_T_CELL_ACTIVATION	TLS_VISIUM_USZ::KC3	20	440	0.0487	7.22e-05	flat	0.0054
GO:GOBP_T_CELL_ACTIVATION_INVOLVED_IN_IMMUNE_RESPONSE	TLS_VISIUM_USZ::KC3	20	440	0.005	0.536	flat	0.003
GO:GOBP_T_CELL_DIFFERENTIATION	TLS_VISIUM_USZ::KC3	20	440	0.0061	0.449	flat	0.0018
GO:GOBP_T_CELL_MEDIATED_IMMUNITY	TLS_VISIUM_USZ::KC3	20	440	0.0301	0.00398	flat	0.0118
GO:GOBP_T_CELL_PROLIFERATION	TLS_VISIUM_USZ::KC3	20	440	0.0227	0.0185	flat	0.0092
GO:GOBP_T_CELL_RECEPTOR_SIGNALING_PATHWAY	TLS_VISIUM_USZ::KC3	20	440	0.0285	0.00558	flat	0.0064
GO:GOBP_VACUOLE_ORGANIZATION	TLS_VISIUM_USZ::KC3	20	440	0.0022	0.814	flat	0.0038
GO:GOBP_VASCULAR_ASSOCIATED_SMOOTH_MUSCLE_CELL_PROLIFERATION	TLS_VISIUM_USZ::KC3	20	440	0.002	0.829	flat	0.0063
GO:GOBP_VASCULATURE_DEVELOPMENT	TLS_VISIUM_USZ::KC3	20	440	0.0029	0.739	flat	0.0022
GO:GOBP_VASCULOGENESIS	TLS_VISIUM_USZ::KC3	20	440	0.0062	0.44	flat	0.0075
GO:GOBP_VESICLE_MEDIATED_TRANSPORT	TLS_VISIUM_USZ::KC3	20	440	0.0118	0.16	flat	0.0029
GO:GOBP_VESICLE_ORGANIZATION	TLS_VISIUM_USZ::KC3	20	440	0.0021	0.823	flat	0.0021
GO:GOBP_VIRAL_GENOME_REPLICATION	TLS_VISIUM_USZ::KC3	20	440	0.0171	0.0573	flat	0.0127
GO:GOBP_VIRAL_LIFE_CYCLE	TLS_VISIUM_USZ::KC3	20	440	0.0041	0.617	flat	0.0047
GO:GOBP_VIRAL_PROCESS	TLS_VISIUM_USZ::KC3	20	440	0.0017	0.858	flat	0.0026
GO:GOBP_WNT_SIGNALING_PATHWAY	TLS_VISIUM_USZ::KC3	20	440	0.001	0.937	flat	0.0014
GO:GOBP_WOUND_HEALING	TLS_VISIUM_USZ::KC3	20	440	0.0161	0.0688	flat	0.0053
GO:GOBP_ACTIN_FILAMENT_BASED_PROCESS	TLS_VISIUM_USZ::LC2	11	514	0.0119	0.107	flat	0.0039
GO:GOBP_ACTIN_FILAMENT_BUNDLE_ORGANIZATION	TLS_VISIUM_USZ::LC2	11	514	0.0435	4.69e-05	flat	0.0171
GO:GOBP_ACTIN_FILAMENT_ORGANIZATION	TLS_VISIUM_USZ::LC2	11	514	0.025	0.00476	flat	0.0075
GO:GOBP_ACTIVATION_OF_IMMUNE_RESPONSE	TLS_VISIUM_USZ::LC2	11	514	0.0044	0.524	flat	0.0038
GO:GOBP_ACTIVATION_OF_INNATE_IMMUNE_RESPONSE	TLS_VISIUM_USZ::LC2	11	514	0.0233	0.00729	flat	0.0099
GO:GOBP_ACTOMYOSIN_STRUCTURE_ORGANIZATION	TLS_VISIUM_USZ::LC2	11	514	0.0054	0.431	flat	0.0049
GO:GOBP_ADAPTIVE_IMMUNE_RESPONSE	TLS_VISIUM_USZ::LC2	11	514	0.0466	2.11e-05	flat	0.0223
GO:GOBP_ADAPTIVE_IMMUNE_RESPONSE_BASED_ON_SOMATIC_RECOMBINATION_OF_IMMUNE_RECEPTORS_BUILT_FROM_IMMUNOGLOBULIN_SUPERFAMILY_DOMAINS	TLS_VISIUM_USZ::LC2	11	514	0.0155	0.0467	flat	0.0121
GO:GOBP_AEROBIC_RESPIRATION	TLS_VISIUM_USZ::LC2	11	514	0.0732	1.92e-08	flat	0.0275
GO:GOBP_ALCOHOL_BIOSYNTHETIC_PROCESS	TLS_VISIUM_USZ::LC2	11	514	0.0262	0.00355	flat	0.0125
GO:GOBP_ALCOHOL_METABOLIC_PROCESS	TLS_VISIUM_USZ::LC2	11	514	0.0145	0.0589	flat	0.0049
GO:GOBP_ALPHA_AMINO_ACID_METABOLIC_PROCESS	TLS_VISIUM_USZ::LC2	11	514	0.0334	0.000601	flat	0.0088
GO:GOBP_ALPHA_BETA_T_CELL_ACTIVATION	TLS_VISIUM_USZ::LC2	11	514	0.0188	0.0215	flat	0.0118
GO:GOBP_AMEBOIDAL_TYPE_CELL_MIGRATION	TLS_VISIUM_USZ::LC2	11	514	0.143	5.57e-17	flat	0.017
GO:GOBP_AMIDE_METABOLIC_PROCESS	TLS_VISIUM_USZ::LC2	11	514	0.037	0.000241	flat	0.0103
GO:GOBP_AMINO_ACID_METABOLIC_PROCESS	TLS_VISIUM_USZ::LC2	11	514	0.0405	9.95e-05	flat	0.0087
GO:GOBP_ANATOMICAL_STRUCTURE_FORMATION_INVOLVED_IN_MORPHOGENESIS	TLS_VISIUM_USZ::LC2	11	514	0.0353	0.000377	flat	0.0072
GO:GOBP_ANATOMICAL_STRUCTURE_MATURATION	TLS_VISIUM_USZ::LC2	11	514	0.0598	6.82e-07	flat	0.0185
GO:GOBP_ANIMAL_ORGAN_MORPHOGENESIS	TLS_VISIUM_USZ::LC2	11	514	0.0506	7.55e-06	flat	0.0091
GO:GOBP_ANTERIOR_POSTERIOR_PATTERN_SPECIFICATION	TLS_VISIUM_USZ::LC2	11	514	0.0006	0.956	flat	0.0014
GO:GOBP_ANTIBACTERIAL_HUMORAL_RESPONSE	TLS_VISIUM_USZ::LC2	11	514	0.0249	0.00493	flat	0.0246
GO:GOBP_ANTIGEN_PROCESSING_AND_PRESENTATION	TLS_VISIUM_USZ::LC2	11	514	0.005	0.466	flat	0.0104
GO:GOBP_ANTIGEN_PROCESSING_AND_PRESENTATION_OF_ENDOGENOUS_ANTIGEN	TLS_VISIUM_USZ::LC2	11	514	0.0255	0.00425	flat	0.028
GO:GOBP_ANTIGEN_PROCESSING_AND_PRESENTATION_OF_ENDOGENOUS_PEPTIDE_ANTIGEN	TLS_VISIUM_USZ::LC2	11	514	0.0013	0.88	flat	0.0088
GO:GOBP_ANTIGEN_PROCESSING_AND_PRESENTATION_OF_EXOGENOUS_ANTIGEN	TLS_VISIUM_USZ::LC2	11	514	0.0106	0.142	flat	0.0267
GO:GOBP_ANTIGEN_PROCESSING_AND_PRESENTATION_OF_EXOGENOUS_PEPTIDE_ANTIGEN	TLS_VISIUM_USZ::LC2	11	514	0.0061	0.376	flat	0.0176
GO:GOBP_ANTIGEN_PROCESSING_AND_PRESENTATION_OF_PEPTIDE_ANTIGEN	TLS_VISIUM_USZ::LC2	11	514	0.0143	0.0613	flat	0.0264
GO:GOBP_ANTIGEN_PROCESSING_AND_PRESENTATION_OF_PEPTIDE_ANTIGEN_VIA_MHC_CLASS_I	TLS_VISIUM_USZ::LC2	11	514	0.0107	0.14	flat	0.0191
GO:GOBP_ANTIGEN_PROCESSING_AND_PRESENTATION_OF_PEPTIDE_OR_POLYSACCHARIDE_ANTIGEN_VIA_MHC_CLASS_II	TLS_VISIUM_USZ::LC2	11	514	0.0259	0.00381	flat	0.0276
GO:GOBP_ANTIVIRAL_INNATE_IMMUNE_RESPONSE	TLS_VISIUM_USZ::LC2	11	514	0.0211	0.0125	flat	0.0176
GO:GOBP_AORTIC_VALVE_MORPHOGENESIS	TLS_VISIUM_USZ::LC2	11	514	0.0708	3.61e-08	flat	0.0298
GO:GOBP_APICAL_JUNCTION_ASSEMBLY	TLS_VISIUM_USZ::LC2	11	514	0.0011	0.903	flat	0.0036
GO:GOBP_APOPTOTIC_PROCESS	TLS_VISIUM_USZ::LC2	11	514	0.0592	7.95e-07	flat	0.0073
GO:GOBP_APOPTOTIC_SIGNALING_PATHWAY	TLS_VISIUM_USZ::LC2	11	514	0.0779	5.44e-09	flat	0.0127
GO:GOBP_APPENDAGE_MORPHOGENESIS	TLS_VISIUM_USZ::LC2	11	514	0.0228	0.0082	flat	0.0123
GO:GOBP_ARTERY_DEVELOPMENT	TLS_VISIUM_USZ::LC2	11	514	0.0425	5.95e-05	flat	0.0143
GO:GOBP_ATP_BIOSYNTHETIC_PROCESS	TLS_VISIUM_USZ::LC2	11	514	0.0229	0.00799	flat	0.0151
GO:GOBP_ATP_METABOLIC_PROCESS	TLS_VISIUM_USZ::LC2	11	514	0.0421	6.58e-05	flat	0.0139
GO:GOBP_ATP_SYNTHESIS_COUPLED_ELECTRON_TRANSPORT	TLS_VISIUM_USZ::LC2	11	514	0.0459	2.54e-05	flat	0.0241
GO:GOBP_ATTACHMENT_OF_SPINDLE_MICROTUBULES_TO_KINETOCHORE	TLS_VISIUM_USZ::LC2	11	514	0.0141	0.0642	flat	0.0253
GO:GOBP_AXON_DEVELOPMENT	TLS_VISIUM_USZ::LC2	11	514	0.0284	0.00206	flat	0.0096
GO:GOBP_BEHAVIOR	TLS_VISIUM_USZ::LC2	11	514	0.1097	8.29e-13	flat	0.0178
GO:GOBP_BIOLOGICAL_PROCESS_INVOLVED_IN_INTERACTION_WITH_HOST	TLS_VISIUM_USZ::LC2	11	514	0.0634	2.61e-07	flat	0.0163
GO:GOBP_BIOLOGICAL_PROCESS_INVOLVED_IN_INTERSPECIES_INTERACTION_BETWEEN_ORGANISMS	TLS_VISIUM_USZ::LC2	11	514	0.0062	0.365	flat	0.0049
GO:GOBP_BIOLOGICAL_PROCESS_INVOLVED_IN_SYMBIOTIC_INTERACTION	TLS_VISIUM_USZ::LC2	11	514	0.0133	0.0772	flat	0.0072
GO:GOBP_BLOOD_VESSEL_ENDOTHELIAL_CELL_MIGRATION	TLS_VISIUM_USZ::LC2	11	514	0.0507	7.27e-06	flat	0.0228
GO:GOBP_BLOOD_VESSEL_MORPHOGENESIS	TLS_VISIUM_USZ::LC2	11	514	0.0478	1.54e-05	flat	0.0092
GO:GOBP_BONE_DEVELOPMENT	TLS_VISIUM_USZ::LC2	11	514	0.0334	0.000608	flat	0.0098
GO:GOBP_BONE_MINERALIZATION	TLS_VISIUM_USZ::LC2	11	514	0.0216	0.011	flat	0.0131
GO:GOBP_BONE_MORPHOGENESIS	TLS_VISIUM_USZ::LC2	11	514	0.0111	0.128	flat	0.0083
GO:GOBP_B_CELL_ACTIVATION	TLS_VISIUM_USZ::LC2	11	514	0.0242	0.00584	flat	0.017
GO:GOBP_B_CELL_MEDIATED_IMMUNITY	TLS_VISIUM_USZ::LC2	11	514	0.0097	0.173	flat	0.0117
GO:GOBP_B_CELL_RECEPTOR_SIGNALING_PATHWAY	TLS_VISIUM_USZ::LC2	11	514	0.0184	0.0234	flat	0.0182
GO:GOBP_CALCIUM_ION_HOMEOSTASIS	TLS_VISIUM_USZ::LC2	11	514	0.016	0.0415	flat	0.0082
GO:GOBP_CALCIUM_ION_TRANSMEMBRANE_IMPORT_INTO_CYTOSOL	TLS_VISIUM_USZ::LC2	11	514	0.0172	0.031	flat	0.0144
GO:GOBP_CALCIUM_ION_TRANSMEMBRANE_TRANSPORT	TLS_VISIUM_USZ::LC2	11	514	0.0444	3.69e-05	flat	0.0103
GO:GOBP_CALCIUM_ION_TRANSPORT	TLS_VISIUM_USZ::LC2	11	514	0.0518	5.41e-06	flat	0.0184
GO:GOBP_CALCIUM_MEDIATED_SIGNALING	TLS_VISIUM_USZ::LC2	11	514	0.0297	0.00151	flat	0.0102
GO:GOBP_CANONICAL_NF_KAPPAB_SIGNAL_TRANSDUCTION	TLS_VISIUM_USZ::LC2	11	514	0.021	0.0127	flat	0.0093
GO:GOBP_CANONICAL_WNT_SIGNALING_PATHWAY	TLS_VISIUM_USZ::LC2	11	514	0.0152	0.0497	flat	0.0065
GO:GOBP_CARBOHYDRATE_CATABOLIC_PROCESS	TLS_VISIUM_USZ::LC2	11	514	0.0099	0.166	flat	0.0074
GO:GOBP_CARBOHYDRATE_DERIVATIVE_BIOSYNTHETIC_PROCESS	TLS_VISIUM_USZ::LC2	11	514	0.0816	1.99e-09	flat	0.0141
GO:GOBP_CARBOHYDRATE_DERIVATIVE_CATABOLIC_PROCESS	TLS_VISIUM_USZ::LC2	11	514	0.0517	5.66e-06	flat	0.0157
GO:GOBP_CARBOHYDRATE_DERIVATIVE_METABOLIC_PROCESS	TLS_VISIUM_USZ::LC2	11	514	0.0589	8.6e-07	flat	0.0074
GO:GOBP_CARBOHYDRATE_METABOLIC_PROCESS	TLS_VISIUM_USZ::LC2	11	514	0.039	0.000146	flat	0.0069
GO:GOBP_CARDIAC_CHAMBER_DEVELOPMENT	TLS_VISIUM_USZ::LC2	11	514	0.0253	0.00448	flat	0.0134
GO:GOBP_CARDIAC_CHAMBER_MORPHOGENESIS	TLS_VISIUM_USZ::LC2	11	514	0.0256	0.00413	flat	0.0082
GO:GOBP_CARDIAC_MUSCLE_TISSUE_DEVELOPMENT	TLS_VISIUM_USZ::LC2	11	514	0.0137	0.0702	flat	0.006
GO:GOBP_CARDIAC_SEPTUM_DEVELOPMENT	TLS_VISIUM_USZ::LC2	11	514	0.0307	0.00118	flat	0.0127
GO:GOBP_CARDIAC_VENTRICLE_DEVELOPMENT	TLS_VISIUM_USZ::LC2	11	514	0.0203	0.0151	flat	0.0087
GO:GOBP_CARTILAGE_DEVELOPMENT	TLS_VISIUM_USZ::LC2	11	514	0.0578	1.13e-06	flat	0.0123
GO:GOBP_CELLULAR_COMPONENT_DISASSEMBLY	TLS_VISIUM_USZ::LC2	11	514	0.0418	7.15e-05	flat	0.0089
GO:GOBP_CELLULAR_HOMEOSTASIS	TLS_VISIUM_USZ::LC2	11	514	0.0087	0.216	flat	0.0043
GO:GOBP_CELLULAR_RESPIRATION	TLS_VISIUM_USZ::LC2	11	514	0.0909	1.54e-10	flat	0.0281
GO:GOBP_CELLULAR_RESPONSE_TO_BIOTIC_STIMULUS	TLS_VISIUM_USZ::LC2	11	514	0.0316	0.000946	flat	0.0189
GO:GOBP_CELLULAR_RESPONSE_TO_CHEMICAL_STRESS	TLS_VISIUM_USZ::LC2	11	514	0.0325	0.000757	flat	0.0096
GO:GOBP_CELLULAR_RESPONSE_TO_ENDOGENOUS_STIMULUS	TLS_VISIUM_USZ::LC2	11	514	0.0914	1.33e-10	flat	0.0095
GO:GOBP_CELLULAR_RESPONSE_TO_HORMONE_STIMULUS	TLS_VISIUM_USZ::LC2	11	514	0.0019	0.806	flat	0.0017
GO:GOBP_CELLULAR_RESPONSE_TO_HYDROGEN_PEROXIDE	TLS_VISIUM_USZ::LC2	11	514	0.0081	0.243	flat	0.0091
GO:GOBP_CELLULAR_RESPONSE_TO_INSULIN_STIMULUS	TLS_VISIUM_USZ::LC2	11	514	0.0373	0.000226	flat	0.0153
GO:GOBP_CELLULAR_RESPONSE_TO_LIPID	TLS_VISIUM_USZ::LC2	11	514	0.0176	0.0285	flat	0.0079
GO:GOBP_CELLULAR_RESPONSE_TO_MOLECULE_OF_BACTERIAL_ORIGIN	TLS_VISIUM_USZ::LC2	11	514	0.0271	0.00287	flat	0.0168
GO:GOBP_CELLULAR_RESPONSE_TO_NITROGEN_COMPOUND	TLS_VISIUM_USZ::LC2	11	514	0.0364	0.000284	flat	0.0108
GO:GOBP_CELLULAR_RESPONSE_TO_NUTRIENT_LEVELS	TLS_VISIUM_USZ::LC2	11	514	0.0367	0.000263	flat	0.0139
GO:GOBP_CELLULAR_RESPONSE_TO_OXIDATIVE_STRESS	TLS_VISIUM_USZ::LC2	11	514	0.0017	0.836	flat	0.0025
GO:GOBP_CELLULAR_RESPONSE_TO_OXYGEN_CONTAINING_COMPOUND	TLS_VISIUM_USZ::LC2	11	514	0.0639	2.27e-07	flat	0.0079
GO:GOBP_CELLULAR_RESPONSE_TO_STARVATION	TLS_VISIUM_USZ::LC2	11	514	0.0668	1.06e-07	flat	0.0227
GO:GOBP_CELLULAR_RESPONSE_TO_STRESS	TLS_VISIUM_USZ::LC2	11	514	0.1233	1.71e-14	flat	0.0148
GO:GOBP_CELLULAR_RESPONSE_TO_TYPE_II_INTERFERON	TLS_VISIUM_USZ::LC2	11	514	0.0299	0.00142	flat	0.0153
GO:GOBP_CELLULAR_RESPONSE_TO_VASCULAR_ENDOTHELIAL_GROWTH_FACTOR_STIMULUS	TLS_VISIUM_USZ::LC2	11	514	0.1006	1.05e-11	flat	0.0331
GO:GOBP_CELL_ACTIVATION	TLS_VISIUM_USZ::LC2	11	514	0.0178	0.0274	flat	0.0093
GO:GOBP_CELL_ACTIVATION_INVOLVED_IN_IMMUNE_RESPONSE	TLS_VISIUM_USZ::LC2	11	514	0.0327	0.000721	flat	0.0163
GO:GOBP_CELL_ADHESION	TLS_VISIUM_USZ::LC2	11	514	0.0514	6.04e-06	flat	0.0128
GO:GOBP_CELL_CELL_ADHESION	TLS_VISIUM_USZ::LC2	11	514	0.0306	0.00121	flat	0.0076
GO:GOBP_CELL_CELL_JUNCTION_ASSEMBLY	TLS_VISIUM_USZ::LC2	11	514	0.0307	0.00119	flat	0.0082
GO:GOBP_CELL_CELL_JUNCTION_ORGANIZATION	TLS_VISIUM_USZ::LC2	11	514	0.0377	0.000206	flat	0.0108
GO:GOBP_CELL_CELL_SIGNALING	TLS_VISIUM_USZ::LC2	11	514	0.1145	2.09e-13	flat	0.0174
GO:GOBP_CELL_CHEMOTAXIS	TLS_VISIUM_USZ::LC2	11	514	0.0435	4.67e-05	flat	0.0218
GO:GOBP_CELL_CYCLE	TLS_VISIUM_USZ::LC2	11	514	0.0573	1.31e-06	flat	0.0138
GO:GOBP_CELL_CYCLE_CHECKPOINT_SIGNALING	TLS_VISIUM_USZ::LC2	11	514	0.0203	0.0149	flat	0.0192
GO:GOBP_CELL_CYCLE_G1_S_PHASE_TRANSITION	TLS_VISIUM_USZ::LC2	11	514	0.0503	7.98e-06	flat	0.0194
GO:GOBP_CELL_CYCLE_G2_M_PHASE_TRANSITION	TLS_VISIUM_USZ::LC2	11	514	0.0191	0.0201	flat	0.0145
GO:GOBP_CELL_CYCLE_PHASE_TRANSITION	TLS_VISIUM_USZ::LC2	11	514	0.0375	0.000212	flat	0.014
GO:GOBP_CELL_CYCLE_PROCESS	TLS_VISIUM_USZ::LC2	11	514	0.0571	1.35e-06	flat	0.0158
GO:GOBP_CELL_DIVISION	TLS_VISIUM_USZ::LC2	11	514	0.0359	0.000324	flat	0.0125
GO:GOBP_CELL_FATE_COMMITMENT	TLS_VISIUM_USZ::LC2	11	514	0.0324	0.000781	flat	0.012
GO:GOBP_CELL_GROWTH	TLS_VISIUM_USZ::LC2	11	514	0.0864	5.37e-10	flat	0.0107
GO:GOBP_CELL_JUNCTION_ASSEMBLY	TLS_VISIUM_USZ::LC2	11	514	0.068	7.77e-08	flat	0.0082
GO:GOBP_CELL_JUNCTION_ORGANIZATION	TLS_VISIUM_USZ::LC2	11	514	0.0484	1.33e-05	flat	0.0073
GO:GOBP_CELL_KILLING	TLS_VISIUM_USZ::LC2	11	514	0.0215	0.0111	flat	0.0189
GO:GOBP_CELL_MATRIX_ADHESION	TLS_VISIUM_USZ::LC2	11	514	0.1189	6.12e-14	flat	0.0225
GO:GOBP_CELL_MORPHOGENESIS	TLS_VISIUM_USZ::LC2	11	514	0.0341	0.000509	flat	0.0049
GO:GOBP_CELL_MORPHOGENESIS_INVOLVED_IN_NEURON_DIFFERENTIATION	TLS_VISIUM_USZ::LC2	11	514	0.0823	1.63e-09	flat	0.0084
GO:GOBP_CELL_MOTILITY	TLS_VISIUM_USZ::LC2	11	514	0.0543	2.86e-06	flat	0.0092
GO:GOBP_CELL_PROJECTION_ASSEMBLY	TLS_VISIUM_USZ::LC2	11	514	0.0152	0.0495	flat	0.0056
GO:GOBP_CELL_PROJECTION_MORPHOGENESIS	TLS_VISIUM_USZ::LC2	11	514	0.0211	0.0123	flat	0.0061
GO:GOBP_CELL_PROJECTION_ORGANIZATION	TLS_VISIUM_USZ::LC2	11	514	0.0703	4.16e-08	flat	0.0061
GO:GOBP_CELL_SUBSTRATE_ADHESION	TLS_VISIUM_USZ::LC2	11	514	0.0452	3.01e-05	flat	0.0092
GO:GOBP_CELL_SUBSTRATE_JUNCTION_ORGANIZATION	TLS_VISIUM_USZ::LC2	11	514	0.0796	3.44e-09	flat	0.0272
GO:GOBP_CELL_SURFACE_RECEPTOR_PROTEIN_SERINE_THREONINE_KINASE_SIGNALING_PATHWAY	TLS_VISIUM_USZ::LC2	11	514	0.075	1.19e-08	flat	0.0113
GO:GOBP_CELL_SURFACE_RECEPTOR_PROTEIN_TYROSINE_KINASE_SIGNALING_PATHWAY	TLS_VISIUM_USZ::LC2	11	514	0.0552	2.26e-06	flat	0.0106
GO:GOBP_CELL_SURFACE_RECEPTOR_SIGNALING_PATHWAY_VIA_STAT	TLS_VISIUM_USZ::LC2	11	514	0.0094	0.186	flat	0.0093
GO:GOBP_CENTRAL_NERVOUS_SYSTEM_DEVELOPMENT	TLS_VISIUM_USZ::LC2	11	514	0.0244	0.0056	flat	0.0058
GO:GOBP_CHEMICAL_HOMEOSTASIS	TLS_VISIUM_USZ::LC2	11	514	0.0225	0.00877	flat	0.0057
GO:GOBP_CHONDROCYTE_DIFFERENTIATION	TLS_VISIUM_USZ::LC2	11	514	0.0758	9.49e-09	flat	0.0229
GO:GOBP_CHROMATIN_ORGANIZATION	TLS_VISIUM_USZ::LC2	11	514	0.0588	8.74e-07	flat	0.0154
GO:GOBP_CHROMATIN_REMODELING	TLS_VISIUM_USZ::LC2	11	514	0.062	3.79e-07	flat	0.0141
GO:GOBP_CHROMOSOME_LOCALIZATION	TLS_VISIUM_USZ::LC2	11	514	0.0052	0.446	flat	0.0094
GO:GOBP_CHROMOSOME_ORGANIZATION	TLS_VISIUM_USZ::LC2	11	514	0.0178	0.0272	flat	0.0117
GO:GOBP_CHROMOSOME_SEGREGATION	TLS_VISIUM_USZ::LC2	11	514	0.0137	0.0703	flat	0.011
GO:GOBP_CHROMOSOME_SEPARATION	TLS_VISIUM_USZ::LC2	11	514	0.0175	0.0293	flat	0.0214
GO:GOBP_CIRCULATORY_SYSTEM_DEVELOPMENT	TLS_VISIUM_USZ::LC2	11	514	0.096	3.79e-11	flat	0.0096
GO:GOBP_CIRCULATORY_SYSTEM_PROCESS	TLS_VISIUM_USZ::LC2	11	514	0.0659	1.34e-07	flat	0.0166
GO:GOBP_COLLAGEN_CATABOLIC_PROCESS	TLS_VISIUM_USZ::LC2	11	514	0.0439	4.25e-05	flat	0.0267
GO:GOBP_COLLAGEN_FIBRIL_ORGANIZATION	TLS_VISIUM_USZ::LC2	11	514	0.0571	1.37e-06	flat	0.03
GO:GOBP_COLLAGEN_METABOLIC_PROCESS	TLS_VISIUM_USZ::LC2	11	514	0.0792	3.73e-09	flat	0.0305
GO:GOBP_COMPLEMENT_ACTIVATION_CLASSICAL_PATHWAY	TLS_VISIUM_USZ::LC2	11	514	0.0041	0.551	flat	0.0071
GO:GOBP_CONNECTIVE_TISSUE_DEVELOPMENT	TLS_VISIUM_USZ::LC2	11	514	0.0635	2.56e-07	flat	0.0188
GO:GOBP_CYTOKINESIS	TLS_VISIUM_USZ::LC2	11	514	0.0073	0.293	flat	0.0066
GO:GOBP_CYTOKINE_MEDIATED_SIGNALING_PATHWAY	TLS_VISIUM_USZ::LC2	11	514	0.0066	0.336	flat	0.0056
GO:GOBP_CYTOKINE_PRODUCTION	TLS_VISIUM_USZ::LC2	11	514	0.0129	0.084	flat	0.0107
GO:GOBP_CYTOKINE_PRODUCTION_INVOLVED_IN_IMMUNE_RESPONSE	TLS_VISIUM_USZ::LC2	11	514	0.0163	0.0387	flat	0.0116
GO:GOBP_CYTOPLASMIC_PATTERN_RECOGNITION_RECEPTOR_SIGNALING_PATHWAY	TLS_VISIUM_USZ::LC2	11	514	0.0193	0.0188	flat	0.0116
GO:GOBP_CYTOPLASMIC_TRANSLATION	TLS_VISIUM_USZ::LC2	11	514	0.0461	2.37e-05	flat	0.03
GO:GOBP_CYTOSKELETON_ORGANIZATION	TLS_VISIUM_USZ::LC2	11	514	0.0307	0.00117	flat	0.0044
GO:GOBP_DEFENSE_RESPONSE_TO_BACTERIUM	TLS_VISIUM_USZ::LC2	11	514	0.0495	9.85e-06	flat	0.0234
GO:GOBP_DEFENSE_RESPONSE_TO_OTHER_ORGANISM	TLS_VISIUM_USZ::LC2	11	514	0.0211	0.0123	flat	0.0098
GO:GOBP_DEFENSE_RESPONSE_TO_SYMBIONT	TLS_VISIUM_USZ::LC2	11	514	0.0281	0.00225	flat	0.0098
GO:GOBP_DEFENSE_RESPONSE_TO_VIRUS	TLS_VISIUM_USZ::LC2	11	514	0.009	0.203	flat	0.0066
GO:GOBP_DETOXIFICATION	TLS_VISIUM_USZ::LC2	11	514	0.0118	0.109	flat	0.0056
GO:GOBP_DEVELOPMENTAL_GROWTH	TLS_VISIUM_USZ::LC2	11	514	0.042	6.76e-05	flat	0.005
GO:GOBP_DEVELOPMENTAL_GROWTH_INVOLVED_IN_MORPHOGENESIS	TLS_VISIUM_USZ::LC2	11	514	0.0364	0.000286	flat	0.0096
GO:GOBP_DEVELOPMENTAL_MATURATION	TLS_VISIUM_USZ::LC2	11	514	0.0293	0.00168	flat	0.0106
GO:GOBP_DEVELOPMENTAL_PROCESS_INVOLVED_IN_REPRODUCTION	TLS_VISIUM_USZ::LC2	11	514	0.0094	0.187	flat	0.0044
GO:GOBP_DEVELOPMENT_OF_PRIMARY_SEXUAL_CHARACTERISTICS	TLS_VISIUM_USZ::LC2	11	514	0.023	0.00784	flat	0.0113
GO:GOBP_DICARBOXYLIC_ACID_METABOLIC_PROCESS	TLS_VISIUM_USZ::LC2	11	514	0.0411	8.65e-05	flat	0.0255
GO:GOBP_DIGESTIVE_SYSTEM_PROCESS	TLS_VISIUM_USZ::LC2	11	514	0.0337	0.000554	flat	0.0117
GO:GOBP_DNA_BIOSYNTHETIC_PROCESS	TLS_VISIUM_USZ::LC2	11	514	0.0485	1.28e-05	flat	0.0212
GO:GOBP_DNA_DAMAGE_RESPONSE	TLS_VISIUM_USZ::LC2	11	514	0.0662	1.23e-07	flat	0.0214
GO:GOBP_DNA_INTEGRITY_CHECKPOINT_SIGNALING	TLS_VISIUM_USZ::LC2	11	514	0.0452	2.99e-05	flat	0.0309
GO:GOBP_DNA_METABOLIC_PROCESS	TLS_VISIUM_USZ::LC2	11	514	0.0481	1.42e-05	flat	0.0156
GO:GOBP_DNA_RECOMBINATION	TLS_VISIUM_USZ::LC2	11	514	0.0176	0.0286	flat	0.0111
GO:GOBP_DNA_REPAIR	TLS_VISIUM_USZ::LC2	11	514	0.0301	0.00138	flat	0.0148
GO:GOBP_DNA_REPLICATION	TLS_VISIUM_USZ::LC2	11	514	0.0314	0.000992	flat	0.0195
GO:GOBP_DNA_STRAND_ELONGATION	TLS_VISIUM_USZ::LC2	11	514	0.0123	0.0969	flat	0.019
GO:GOBP_DNA_STRAND_ELONGATION_INVOLVED_IN_DNA_REPLICATION	TLS_VISIUM_USZ::LC2	11	514	0.0137	0.0699	flat	0.0334
GO:GOBP_DNA_TEMPLATED_DNA_REPLICATION	TLS_VISIUM_USZ::LC2	11	514	0.0197	0.0171	flat	0.0172
GO:GOBP_DNA_TEMPLATED_TRANSCRIPTION_INITIATION	TLS_VISIUM_USZ::LC2	11	514	0.0366	0.000266	flat	0.0162
GO:GOBP_DOUBLE_STRAND_BREAK_REPAIR	TLS_VISIUM_USZ::LC2	11	514	0.0185	0.0227	flat	0.0134
GO:GOBP_EAR_DEVELOPMENT	TLS_VISIUM_USZ::LC2	11	514	0.0442	3.89e-05	flat	0.0158
GO:GOBP_EAR_MORPHOGENESIS	TLS_VISIUM_USZ::LC2	11	514	0.0251	0.00471	flat	0.0138
GO:GOBP_ELECTRON_TRANSPORT_CHAIN	TLS_VISIUM_USZ::LC2	11	514	0.0572	1.32e-06	flat	0.032
GO:GOBP_EMBRYONIC_MORPHOGENESIS	TLS_VISIUM_USZ::LC2	11	514	0.0242	0.00583	flat	0.0045
GO:GOBP_EMBRYONIC_ORGAN_DEVELOPMENT	TLS_VISIUM_USZ::LC2	11	514	0.0161	0.0409	flat	0.0045
GO:GOBP_EMBRYONIC_ORGAN_MORPHOGENESIS	TLS_VISIUM_USZ::LC2	11	514	0.0164	0.0379	flat	0.0082
GO:GOBP_EMBRYO_DEVELOPMENT	TLS_VISIUM_USZ::LC2	11	514	0.1119	4.36e-13	flat	0.01
GO:GOBP_EMBRYO_DEVELOPMENT_ENDING_IN_BIRTH_OR_EGG_HATCHING	TLS_VISIUM_USZ::LC2	11	514	0.0615	4.33e-07	flat	0.0097
GO:GOBP_ENDOCYTOSIS	TLS_VISIUM_USZ::LC2	11	514	0.0183	0.0243	flat	0.0056
GO:GOBP_ENDOMEMBRANE_SYSTEM_ORGANIZATION	TLS_VISIUM_USZ::LC2	11	514	0.0896	2.2e-10	flat	0.0145
GO:GOBP_ENDOPLASMIC_RETICULUM_TO_GOLGI_VESICLE_MEDIATED_TRANSPORT	TLS_VISIUM_USZ::LC2	11	514	0.1217	2.69e-14	flat	0.063
GO:GOBP_ENDOSOMAL_TRANSPORT	TLS_VISIUM_USZ::LC2	11	514	0.0511	6.6e-06	flat	0.0275
GO:GOBP_ENDOTHELIAL_CELL_MIGRATION	TLS_VISIUM_USZ::LC2	11	514	0.0449	3.23e-05	flat	0.0162
GO:GOBP_ENDOTHELIAL_CELL_PROLIFERATION	TLS_VISIUM_USZ::LC2	11	514	0.0368	0.000259	flat	0.0122
GO:GOBP_ENDOTHELIUM_DEVELOPMENT	TLS_VISIUM_USZ::LC2	11	514	0.0221	0.0097	flat	0.012
GO:GOBP_ENERGY_DERIVATION_BY_OXIDATION_OF_ORGANIC_COMPOUNDS	TLS_VISIUM_USZ::LC2	11	514	0.036	0.000309	flat	0.0114
GO:GOBP_ENZYME_LINKED_RECEPTOR_PROTEIN_SIGNALING_PATHWAY	TLS_VISIUM_USZ::LC2	11	514	0.0886	2.91e-10	flat	0.0089
GO:GOBP_EPIDERMAL_CELL_DIFFERENTIATION	TLS_VISIUM_USZ::LC2	11	514	0.0044	0.518	flat	0.0041
GO:GOBP_EPIDERMIS_DEVELOPMENT	TLS_VISIUM_USZ::LC2	11	514	0.0183	0.024	flat	0.0056
GO:GOBP_EPIGENETIC_REGULATION_OF_GENE_EXPRESSION	TLS_VISIUM_USZ::LC2	11	514	0.0237	0.00656	flat	0.0111
GO:GOBP_EPITHELIAL_CELL_DEVELOPMENT	TLS_VISIUM_USZ::LC2	11	514	0.0094	0.186	flat	0.0069
GO:GOBP_EPITHELIAL_CELL_DIFFERENTIATION	TLS_VISIUM_USZ::LC2	11	514	0.0127	0.0887	flat	0.0055
GO:GOBP_EPITHELIAL_CELL_PROLIFERATION	TLS_VISIUM_USZ::LC2	11	514	0.0256	0.0041	flat	0.0083
GO:GOBP_EPITHELIAL_TO_MESENCHYMAL_TRANSITION	TLS_VISIUM_USZ::LC2	11	514	0.0671	9.75e-08	flat	0.021
GO:GOBP_EPITHELIAL_TUBE_MORPHOGENESIS	TLS_VISIUM_USZ::LC2	11	514	0.0087	0.216	flat	0.0056
GO:GOBP_EPITHELIUM_DEVELOPMENT	TLS_VISIUM_USZ::LC2	11	514	0.0458	2.6e-05	flat	0.005
GO:GOBP_ERK1_AND_ERK2_CASCADE	TLS_VISIUM_USZ::LC2	11	514	0.0344	0.000462	flat	0.0124
GO:GOBP_ESTABLISHMENT_OF_ORGANELLE_LOCALIZATION	TLS_VISIUM_USZ::LC2	11	514	0.0367	0.000262	flat	0.014
GO:GOBP_ESTABLISHMENT_OF_PROTEIN_LOCALIZATION	TLS_VISIUM_USZ::LC2	11	514	0.1022	6.77e-12	flat	0.0111
GO:GOBP_ESTABLISHMENT_OF_PROTEIN_LOCALIZATION_TO_MEMBRANE	TLS_VISIUM_USZ::LC2	11	514	0.1016	8.01e-12	flat	0.0241
GO:GOBP_ESTABLISHMENT_OF_PROTEIN_LOCALIZATION_TO_ORGANELLE	TLS_VISIUM_USZ::LC2	11	514	0.1116	4.85e-13	flat	0.0282
GO:GOBP_ESTABLISHMENT_OF_RNA_LOCALIZATION	TLS_VISIUM_USZ::LC2	11	514	0.0774	6.13e-09	flat	0.0288
GO:GOBP_ESTABLISHMENT_OR_MAINTENANCE_OF_CELL_POLARITY	TLS_VISIUM_USZ::LC2	11	514	0.0282	0.00218	flat	0.0087
GO:GOBP_EXOCYTOSIS	TLS_VISIUM_USZ::LC2	11	514	0.0336	0.000573	flat	0.012
GO:GOBP_EXPORT_FROM_CELL	TLS_VISIUM_USZ::LC2	11	514	0.0335	0.000594	flat	0.007
GO:GOBP_EXTERNAL_ENCAPSULATING_STRUCTURE_ORGANIZATION	TLS_VISIUM_USZ::LC2	11	514	0.0847	8.47e-10	flat	0.0174
GO:GOBP_FACE_DEVELOPMENT	TLS_VISIUM_USZ::LC2	11	514	0.0321	0.000837	flat	0.0168
GO:GOBP_FATTY_ACID_METABOLIC_PROCESS	TLS_VISIUM_USZ::LC2	11	514	0.005	0.469	flat	0.004
GO:GOBP_FERTILIZATION	TLS_VISIUM_USZ::LC2	11	514	0.067	1.01e-07	flat	0.0142
GO:GOBP_FIBROBLAST_GROWTH_FACTOR_RECEPTOR_SIGNALING_PATHWAY	TLS_VISIUM_USZ::LC2	11	514	0.0117	0.11	flat	0.0123
GO:GOBP_FOCAL_ADHESION_ASSEMBLY	TLS_VISIUM_USZ::LC2	11	514	0.0429	5.46e-05	flat	0.0176
GO:GOBP_FORMATION_OF_PRIMARY_GERM_LAYER	TLS_VISIUM_USZ::LC2	11	514	0.0555	2.1e-06	flat	0.0176
GO:GOBP_GAMETE_GENERATION	TLS_VISIUM_USZ::LC2	11	514	0.0711	3.37e-08	flat	0.0115
GO:GOBP_GENERATION_OF_NEURONS	TLS_VISIUM_USZ::LC2	11	514	0.0216	0.0109	flat	0.0038
GO:GOBP_GENERATION_OF_PRECURSOR_METABOLITES_AND_ENERGY	TLS_VISIUM_USZ::LC2	11	514	0.0922	1.1e-10	flat	0.0156
GO:GOBP_GLAND_DEVELOPMENT	TLS_VISIUM_USZ::LC2	11	514	0.0254	0.00431	flat	0.0057
GO:GOBP_GLIAL_CELL_DIFFERENTIATION	TLS_VISIUM_USZ::LC2	11	514	0.018	0.0258	flat	0.008
GO:GOBP_GLOMERULUS_DEVELOPMENT	TLS_VISIUM_USZ::LC2	11	514	0.0436	4.48e-05	flat	0.0222
GO:GOBP_GLUCOSE_METABOLIC_PROCESS	TLS_VISIUM_USZ::LC2	11	514	0.0403	0.000106	flat	0.0168
GO:GOBP_GLYCEROLIPID_BIOSYNTHETIC_PROCESS	TLS_VISIUM_USZ::LC2	11	514	0.0808	2.46e-09	flat	0.0211
GO:GOBP_GLYCEROLIPID_METABOLIC_PROCESS	TLS_VISIUM_USZ::LC2	11	514	0.0305	0.00124	flat	0.0082
GO:GOBP_GLYCEROPHOSPHOLIPID_METABOLIC_PROCESS	TLS_VISIUM_USZ::LC2	11	514	0.0983	2e-11	flat	0.0223
GO:GOBP_GLYCOPROTEIN_BIOSYNTHETIC_PROCESS	TLS_VISIUM_USZ::LC2	11	514	0.0367	0.000259	flat	0.0097
GO:GOBP_GLYCOPROTEIN_METABOLIC_PROCESS	TLS_VISIUM_USZ::LC2	11	514	0.0721	2.54e-08	flat	0.0135
GO:GOBP_GLYCOSYLATION	TLS_VISIUM_USZ::LC2	11	514	0.0629	3e-07	flat	0.0166
GO:GOBP_GOLGI_VESICLE_TRANSPORT	TLS_VISIUM_USZ::LC2	11	514	0.1315	1.59e-15	flat	0.0482
GO:GOBP_GRANULOCYTE_CHEMOTAXIS	TLS_VISIUM_USZ::LC2	11	514	0.0027	0.709	flat	0.0053
GO:GOBP_GRANULOCYTE_MIGRATION	TLS_VISIUM_USZ::LC2	11	514	0.0128	0.0868	flat	0.0104
GO:GOBP_GROWTH	TLS_VISIUM_USZ::LC2	11	514	0.089	2.64e-10	flat	0.0068
GO:GOBP_G_PROTEIN_COUPLED_RECEPTOR_SIGNALING_PATHWAY	TLS_VISIUM_USZ::LC2	11	514	0.1741	5.03e-21	flat	0.0348
GO:GOBP_HEAD_DEVELOPMENT	TLS_VISIUM_USZ::LC2	11	514	0.0374	0.000221	flat	0.0071
GO:GOBP_HEART_DEVELOPMENT	TLS_VISIUM_USZ::LC2	11	514	0.0406	9.83e-05	flat	0.0079
GO:GOBP_HEART_MORPHOGENESIS	TLS_VISIUM_USZ::LC2	11	514	0.0541	2.98e-06	flat	0.0129
GO:GOBP_HEART_PROCESS	TLS_VISIUM_USZ::LC2	11	514	0.0341	0.000507	flat	0.0113
GO:GOBP_HEMOPOIESIS	TLS_VISIUM_USZ::LC2	11	514	0.0138	0.0688	flat	0.0051
GO:GOBP_HINDBRAIN_DEVELOPMENT	TLS_VISIUM_USZ::LC2	11	514	0.0492	1.08e-05	flat	0.0195
GO:GOBP_HOMEOSTASIS_OF_NUMBER_OF_CELLS	TLS_VISIUM_USZ::LC2	11	514	0.048	1.47e-05	flat	0.011
GO:GOBP_HOMEOSTATIC_PROCESS	TLS_VISIUM_USZ::LC2	11	514	0.0405	0.0001	flat	0.009
GO:GOBP_HOMOPHILIC_CELL_ADHESION_VIA_PLASMA_MEMBRANE_ADHESION_MOLECULES	TLS_VISIUM_USZ::LC2	11	514	0.0175	0.0292	flat	0.01
GO:GOBP_HORMONE_METABOLIC_PROCESS	TLS_VISIUM_USZ::LC2	11	514	0.042	6.85e-05	flat	0.0145
GO:GOBP_HORMONE_TRANSPORT	TLS_VISIUM_USZ::LC2	11	514	0.0087	0.215	flat	0.0039
GO:GOBP_HUMORAL_IMMUNE_RESPONSE	TLS_VISIUM_USZ::LC2	11	514	0.0467	2.02e-05	flat	0.0208
GO:GOBP_HUMORAL_IMMUNE_RESPONSE_MEDIATED_BY_CIRCULATING_IMMUNOGLOBULIN	TLS_VISIUM_USZ::LC2	11	514	0.001	0.914	flat	0.006
GO:GOBP_IMMUNE_EFFECTOR_PROCESS	TLS_VISIUM_USZ::LC2	11	514	0.0288	0.00187	flat	0.0144
GO:GOBP_IMMUNE_RESPONSE_REGULATING_CELL_SURFACE_RECEPTOR_SIGNALING_PATHWAY	TLS_VISIUM_USZ::LC2	11	514	0.0154	0.0479	flat	0.0136
GO:GOBP_IMMUNE_RESPONSE_REGULATING_SIGNALING_PATHWAY	TLS_VISIUM_USZ::LC2	11	514	0.0053	0.439	flat	0.0052
GO:GOBP_IMPORT_INTO_CELL	TLS_VISIUM_USZ::LC2	11	514	0.023	0.00788	flat	0.0085
GO:GOBP_IMPORT_INTO_NUCLEUS	TLS_VISIUM_USZ::LC2	11	514	0.0352	0.00038	flat	0.0169
GO:GOBP_INFLAMMATORY_RESPONSE	TLS_VISIUM_USZ::LC2	11	514	0.0468	2.02e-05	flat	0.0162
GO:GOBP_INORGANIC_ANION_TRANSMEMBRANE_TRANSPORT	TLS_VISIUM_USZ::LC2	11	514	0.0691	5.8e-08	flat	0.0195
GO:GOBP_INORGANIC_ION_HOMEOSTASIS	TLS_VISIUM_USZ::LC2	11	514	0.0314	0.000978	flat	0.008
GO:GOBP_INORGANIC_ION_IMPORT_ACROSS_PLASMA_MEMBRANE	TLS_VISIUM_USZ::LC2	11	514	0.0133	0.0772	flat	0.0108
GO:GOBP_INTEGRIN_MEDIATED_SIGNALING_PATHWAY	TLS_VISIUM_USZ::LC2	11	514	0.0595	7.39e-07	flat	0.0205
GO:GOBP_INTERFERON_BETA_PRODUCTION	TLS_VISIUM_USZ::LC2	11	514	0.0601	6.26e-07	flat	0.0369
GO:GOBP_INTERFERON_MEDIATED_SIGNALING_PATHWAY	TLS_VISIUM_USZ::LC2	11	514	0.0377	0.000202	flat	0.0134
GO:GOBP_INTERLEUKIN_6_PRODUCTION	TLS_VISIUM_USZ::LC2	11	514	0.0124	0.0947	flat	0.0076
GO:GOBP_INTRACELLULAR_MONOATOMIC_ION_HOMEOSTASIS	TLS_VISIUM_USZ::LC2	11	514	0.0358	0.000329	flat	0.0117
GO:GOBP_INTRACELLULAR_PROTEIN_TRANSPORT	TLS_VISIUM_USZ::LC2	11	514	0.1332	9.81e-16	flat	0.0231
GO:GOBP_INTRACELLULAR_RECEPTOR_SIGNALING_PATHWAY	TLS_VISIUM_USZ::LC2	11	514	0.0004	0.977	flat	0.0009
GO:GOBP_INTRACELLULAR_TRANSPORT	TLS_VISIUM_USZ::LC2	11	514	0.1602	3.35e-19	flat	0.0219
GO:GOBP_INTRINSIC_APOPTOTIC_SIGNALING_PATHWAY	TLS_VISIUM_USZ::LC2	11	514	0.048	1.47e-05	flat	0.0163
GO:GOBP_IN_UTERO_EMBRYONIC_DEVELOPMENT	TLS_VISIUM_USZ::LC2	11	514	0.1424	6.78e-17	flat	0.0277
GO:GOBP_LEUKOCYTE_APOPTOTIC_PROCESS	TLS_VISIUM_USZ::LC2	11	514	0.0117	0.112	flat	0.0113
GO:GOBP_LEUKOCYTE_CELL_CELL_ADHESION	TLS_VISIUM_USZ::LC2	11	514	0.0211	0.0124	flat	0.0117
GO:GOBP_LEUKOCYTE_CHEMOTAXIS	TLS_VISIUM_USZ::LC2	11	514	0.0297	0.00152	flat	0.0174
GO:GOBP_LEUKOCYTE_DIFFERENTIATION	TLS_VISIUM_USZ::LC2	11	514	0.0255	0.00422	flat	0.0132
GO:GOBP_LEUKOCYTE_MEDIATED_IMMUNITY	TLS_VISIUM_USZ::LC2	11	514	0.0286	0.002	flat	0.0177
GO:GOBP_LEUKOCYTE_MIGRATION	TLS_VISIUM_USZ::LC2	11	514	0.0349	0.000417	flat	0.0161
GO:GOBP_LEUKOCYTE_PROLIFERATION	TLS_VISIUM_USZ::LC2	11	514	0.0116	0.114	flat	0.0133
GO:GOBP_LIPID_BIOSYNTHETIC_PROCESS	TLS_VISIUM_USZ::LC2	11	514	0.0377	0.000206	flat	0.0058
GO:GOBP_LIPID_CATABOLIC_PROCESS	TLS_VISIUM_USZ::LC2	11	514	0.0098	0.169	flat	0.0078
GO:GOBP_LIPID_LOCALIZATION	TLS_VISIUM_USZ::LC2	11	514	0.0221	0.00961	flat	0.0082
GO:GOBP_LIPID_METABOLIC_PROCESS	TLS_VISIUM_USZ::LC2	11	514	0.0245	0.00538	flat	0.0057
GO:GOBP_LIPID_MODIFICATION	TLS_VISIUM_USZ::LC2	11	514	0.0053	0.442	flat	0.0048
GO:GOBP_LOCALIZATION_WITHIN_MEMBRANE	TLS_VISIUM_USZ::LC2	11	514	0.144	4.19e-17	flat	0.0182
GO:GOBP_LOCOMOTION	TLS_VISIUM_USZ::LC2	11	514	0.0506	7.5e-06	flat	0.0137
GO:GOBP_LYMPHOCYTE_ACTIVATION	TLS_VISIUM_USZ::LC2	11	514	0.0232	0.00751	flat	0.0119
GO:GOBP_LYMPHOCYTE_ACTIVATION_INVOLVED_IN_IMMUNE_RESPONSE	TLS_VISIUM_USZ::LC2	11	514	0.0146	0.0577	flat	0.0088
GO:GOBP_LYMPHOCYTE_DIFFERENTIATION	TLS_VISIUM_USZ::LC2	11	514	0.0281	0.00222	flat	0.0148
GO:GOBP_LYMPHOCYTE_MEDIATED_IMMUNITY	TLS_VISIUM_USZ::LC2	11	514	0.0147	0.0565	flat	0.0121
GO:GOBP_MACROAUTOPHAGY	TLS_VISIUM_USZ::LC2	11	514	0.0895	2.27e-10	flat	0.0245
GO:GOBP_MACROMOLECULE_CATABOLIC_PROCESS	TLS_VISIUM_USZ::LC2	11	514	0.1462	2.21e-17	flat	0.0184
GO:GOBP_MAINTENANCE_OF_CELL_NUMBER	TLS_VISIUM_USZ::LC2	11	514	0.033	0.00066	flat	0.0123
GO:GOBP_MAINTENANCE_OF_LOCATION	TLS_VISIUM_USZ::LC2	11	514	0.0153	0.049	flat	0.0059
GO:GOBP_MALE_GAMETE_GENERATION	TLS_VISIUM_USZ::LC2	11	514	0.0264	0.0034	flat	0.0094
GO:GOBP_MALE_SEX_DIFFERENTIATION	TLS_VISIUM_USZ::LC2	11	514	0.0174	0.0297	flat	0.0099
GO:GOBP_MAPK_CASCADE	TLS_VISIUM_USZ::LC2	11	514	0.0317	0.000917	flat	0.006
GO:GOBP_MEIOSIS_I_CELL_CYCLE_PROCESS	TLS_VISIUM_USZ::LC2	11	514	0.0145	0.059	flat	0.0165
GO:GOBP_MEIOTIC_CELL_CYCLE	TLS_VISIUM_USZ::LC2	11	514	0.0084	0.23	flat	0.0089
GO:GOBP_MEIOTIC_CELL_CYCLE_PROCESS	TLS_VISIUM_USZ::LC2	11	514	0.0153	0.0491	flat	0.0107
GO:GOBP_MEMBRANELESS_ORGANELLE_ASSEMBLY	TLS_VISIUM_USZ::LC2	11	514	0.0176	0.0283	flat	0.0112
GO:GOBP_MEMBRANE_LIPID_METABOLIC_PROCESS	TLS_VISIUM_USZ::LC2	11	514	0.0308	0.00115	flat	0.0109
GO:GOBP_MEMBRANE_ORGANIZATION	TLS_VISIUM_USZ::LC2	11	514	0.1417	8.24e-17	flat	0.0172
GO:GOBP_MESENCHYMAL_CELL_DIFFERENTIATION	TLS_VISIUM_USZ::LC2	11	514	0.0472	1.78e-05	flat	0.0103
GO:GOBP_MESENCHYME_DEVELOPMENT	TLS_VISIUM_USZ::LC2	11	514	0.0423	6.26e-05	flat	0.0075
GO:GOBP_METAL_ION_TRANSPORT	TLS_VISIUM_USZ::LC2	11	514	0.0519	5.39e-06	flat	0.009
GO:GOBP_METAPHASE_CHROMOSOME_ALIGNMENT	TLS_VISIUM_USZ::LC2	11	514	0.0154	0.0472	flat	0.0196
GO:GOBP_MICROTUBULE_BASED_MOVEMENT	TLS_VISIUM_USZ::LC2	11	514	0.0552	2.25e-06	flat	0.0129
GO:GOBP_MICROTUBULE_BASED_PROCESS	TLS_VISIUM_USZ::LC2	11	514	0.0266	0.00325	flat	0.0071
GO:GOBP_MICROTUBULE_CYTOSKELETON_ORGANIZATION	TLS_VISIUM_USZ::LC2	11	514	0.0086	0.221	flat	0.0047
GO:GOBP_MICROTUBULE_CYTOSKELETON_ORGANIZATION_INVOLVED_IN_MITOSIS	TLS_VISIUM_USZ::LC2	11	514	0.0227	0.00845	flat	0.0202
GO:GOBP_MITOCHONDRIAL_ELECTRON_TRANSPORT_CYTOCHROME_C_TO_OXYGEN	TLS_VISIUM_USZ::LC2	11	514	0.0116	0.113	flat	0.0086
GO:GOBP_MITOCHONDRIAL_TRANSPORT	TLS_VISIUM_USZ::LC2	11	514	0.0904	1.76e-10	flat	0.0348
GO:GOBP_MITOCHONDRION_ORGANIZATION	TLS_VISIUM_USZ::LC2	11	514	0.091	1.5e-10	flat	0.0221
GO:GOBP_MITOTIC_CELL_CYCLE	TLS_VISIUM_USZ::LC2	11	514	0.0428	5.55e-05	flat	0.0162
GO:GOBP_MITOTIC_CELL_CYCLE_CHECKPOINT_SIGNALING	TLS_VISIUM_USZ::LC2	11	514	0.0113	0.122	flat	0.0131
GO:GOBP_MITOTIC_CELL_CYCLE_PHASE_TRANSITION	TLS_VISIUM_USZ::LC2	11	514	0.0519	5.28e-06	flat	0.0193
GO:GOBP_MITOTIC_CELL_CYCLE_PROCESS	TLS_VISIUM_USZ::LC2	11	514	0.0337	0.000564	flat	0.0153
GO:GOBP_MITOTIC_NUCLEAR_DIVISION	TLS_VISIUM_USZ::LC2	11	514	0.0193	0.0191	flat	0.0128
GO:GOBP_MITOTIC_SISTER_CHROMATID_SEGREGATION	TLS_VISIUM_USZ::LC2	11	514	0.0098	0.169	flat	0.0132
GO:GOBP_MITOTIC_SISTER_CHROMATID_SEPARATION	TLS_VISIUM_USZ::LC2	11	514	0.0039	0.579	flat	0.0144
GO:GOBP_MITOTIC_SPINDLE_ASSEMBLY	TLS_VISIUM_USZ::LC2	11	514	0.0149	0.0531	flat	0.0182
GO:GOBP_MITOTIC_SPINDLE_ORGANIZATION	TLS_VISIUM_USZ::LC2	11	514	0.0158	0.0433	flat	0.0193
GO:GOBP_MODIFICATION_DEPENDENT_MACROMOLECULE_CATABOLIC_PROCESS	TLS_VISIUM_USZ::LC2	11	514	0.0969	2.94e-11	flat	0.0193
GO:GOBP_MODIFIED_AMINO_ACID_METABOLIC_PROCESS	TLS_VISIUM_USZ::LC2	11	514	0.0406	9.66e-05	flat	0.0179
GO:GOBP_MONOATOMIC_CATION_TRANSMEMBRANE_TRANSPORT	TLS_VISIUM_USZ::LC2	11	514	0.0562	1.73e-06	flat	0.011
GO:GOBP_MONOATOMIC_CATION_TRANSPORT	TLS_VISIUM_USZ::LC2	11	514	0.0806	2.57e-09	flat	0.0103
GO:GOBP_MONOATOMIC_ION_HOMEOSTASIS	TLS_VISIUM_USZ::LC2	11	514	0.0436	4.53e-05	flat	0.0107
GO:GOBP_MONOATOMIC_ION_TRANSMEMBRANE_TRANSPORT	TLS_VISIUM_USZ::LC2	11	514	0.0747	1.28e-08	flat	0.0094
GO:GOBP_MONOATOMIC_ION_TRANSPORT	TLS_VISIUM_USZ::LC2	11	514	0.1138	2.59e-13	flat	0.0149
GO:GOBP_MONOCARBOXYLIC_ACID_BIOSYNTHETIC_PROCESS	TLS_VISIUM_USZ::LC2	11	514	0.0159	0.0427	flat	0.007
GO:GOBP_MONOCARBOXYLIC_ACID_METABOLIC_PROCESS	TLS_VISIUM_USZ::LC2	11	514	0.03	0.00142	flat	0.0084
GO:GOBP_MONONUCLEAR_CELL_DIFFERENTIATION	TLS_VISIUM_USZ::LC2	11	514	0.0178	0.0269	flat	0.0112
GO:GOBP_MONONUCLEAR_CELL_MIGRATION	TLS_VISIUM_USZ::LC2	11	514	0.023	0.00784	flat	0.016
GO:GOBP_MONOSACCHARIDE_METABOLIC_PROCESS	TLS_VISIUM_USZ::LC2	11	514	0.0132	0.0787	flat	0.0058
GO:GOBP_MORPHOGENESIS_OF_AN_EPITHELIUM	TLS_VISIUM_USZ::LC2	11	514	0.029	0.00178	flat	0.0064
GO:GOBP_MORPHOGENESIS_OF_A_BRANCHING_STRUCTURE	TLS_VISIUM_USZ::LC2	11	514	0.0266	0.00326	flat	0.0076
GO:GOBP_MRNA_CATABOLIC_PROCESS	TLS_VISIUM_USZ::LC2	11	514	0.0849	7.93e-10	flat	0.0271
GO:GOBP_MRNA_METABOLIC_PROCESS	TLS_VISIUM_USZ::LC2	11	514	0.077	6.88e-09	flat	0.0177
GO:GOBP_MRNA_PROCESSING	TLS_VISIUM_USZ::LC2	11	514	0.0519	5.38e-06	flat	0.014
GO:GOBP_MRNA_TRANSPORT	TLS_VISIUM_USZ::LC2	11	514	0.1118	4.59e-13	flat	0.048
GO:GOBP_MULTICELLULAR_ORGANISMAL_LEVEL_HOMEOSTASIS	TLS_VISIUM_USZ::LC2	11	514	0.0071	0.304	flat	0.0029
GO:GOBP_MULTICELLULAR_ORGANISMAL_REPRODUCTIVE_PROCESS	TLS_VISIUM_USZ::LC2	11	514	0.0703	4.15e-08	flat	0.0145
GO:GOBP_MUSCLE_CELL_DEVELOPMENT	TLS_VISIUM_USZ::LC2	11	514	0.0416	7.57e-05	flat	0.016
GO:GOBP_MUSCLE_CELL_DIFFERENTIATION	TLS_VISIUM_USZ::LC2	11	514	0.0407	9.4e-05	flat	0.0135
GO:GOBP_MUSCLE_CELL_PROLIFERATION	TLS_VISIUM_USZ::LC2	11	514	0.0231	0.00768	flat	0.0113
GO:GOBP_MUSCLE_CONTRACTION	TLS_VISIUM_USZ::LC2	11	514	0.0362	0.000297	flat	0.0109
GO:GOBP_MUSCLE_ORGAN_DEVELOPMENT	TLS_VISIUM_USZ::LC2	11	514	0.0302	0.00135	flat	0.0095
GO:GOBP_MUSCLE_STRUCTURE_DEVELOPMENT	TLS_VISIUM_USZ::LC2	11	514	0.0314	0.000981	flat	0.009
GO:GOBP_MUSCLE_SYSTEM_PROCESS	TLS_VISIUM_USZ::LC2	11	514	0.04	0.000114	flat	0.0118
GO:GOBP_MUSCLE_TISSUE_DEVELOPMENT	TLS_VISIUM_USZ::LC2	11	514	0.0158	0.0434	flat	0.0053
GO:GOBP_MYELOID_CELL_DIFFERENTIATION	TLS_VISIUM_USZ::LC2	11	514	0.0135	0.0734	flat	0.0074
GO:GOBP_MYELOID_CELL_HOMEOSTASIS	TLS_VISIUM_USZ::LC2	11	514	0.026	0.00375	flat	0.0118
GO:GOBP_MYELOID_LEUKOCYTE_ACTIVATION	TLS_VISIUM_USZ::LC2	11	514	0.0364	0.000285	flat	0.0229
GO:GOBP_MYELOID_LEUKOCYTE_DIFFERENTIATION	TLS_VISIUM_USZ::LC2	11	514	0.0192	0.0196	flat	0.0103
GO:GOBP_NEGATIVE_REGULATION_OF_APOPTOTIC_SIGNALING_PATHWAY	TLS_VISIUM_USZ::LC2	11	514	0.06	6.36e-07	flat	0.0118
GO:GOBP_NEGATIVE_REGULATION_OF_CATABOLIC_PROCESS	TLS_VISIUM_USZ::LC2	11	514	0.1139	2.54e-13	flat	0.0271
GO:GOBP_NEGATIVE_REGULATION_OF_CELLULAR_COMPONENT_ORGANIZATION	TLS_VISIUM_USZ::LC2	11	514	0.1257	8.54e-15	flat	0.0164
GO:GOBP_NEGATIVE_REGULATION_OF_CELLULAR_RESPONSE_TO_GROWTH_FACTOR_STIMULUS	TLS_VISIUM_USZ::LC2	11	514	0.04	0.000113	flat	0.0268
GO:GOBP_NEGATIVE_REGULATION_OF_CELL_ACTIVATION	TLS_VISIUM_USZ::LC2	11	514	0.02	0.0161	flat	0.0106
GO:GOBP_NEGATIVE_REGULATION_OF_CELL_ADHESION	TLS_VISIUM_USZ::LC2	11	514	0.0147	0.0562	flat	0.0058
GO:GOBP_NEGATIVE_REGULATION_OF_CELL_CYCLE	TLS_VISIUM_USZ::LC2	11	514	0.054	3.12e-06	flat	0.0179
GO:GOBP_NEGATIVE_REGULATION_OF_CELL_CYCLE_PROCESS	TLS_VISIUM_USZ::LC2	11	514	0.0691	5.75e-08	flat	0.0253
GO:GOBP_NEGATIVE_REGULATION_OF_CELL_DEVELOPMENT	TLS_VISIUM_USZ::LC2	11	514	0.0262	0.00358	flat	0.0127
GO:GOBP_NEGATIVE_REGULATION_OF_CELL_DIFFERENTIATION	TLS_VISIUM_USZ::LC2	11	514	0.0198	0.0168	flat	0.0041
GO:GOBP_NEGATIVE_REGULATION_OF_CELL_POPULATION_PROLIFERATION	TLS_VISIUM_USZ::LC2	11	514	0.0253	0.00445	flat	0.0078
GO:GOBP_NEGATIVE_REGULATION_OF_CYTOKINE_PRODUCTION	TLS_VISIUM_USZ::LC2	11	514	0.0337	0.000556	flat	0.0133
GO:GOBP_NEGATIVE_REGULATION_OF_CYTOSKELETON_ORGANIZATION	TLS_VISIUM_USZ::LC2	11	514	0.0196	0.0178	flat	0.0098
GO:GOBP_NEGATIVE_REGULATION_OF_DEFENSE_RESPONSE	TLS_VISIUM_USZ::LC2	11	514	0.0097	0.175	flat	0.0081
GO:GOBP_NEGATIVE_REGULATION_OF_DEVELOPMENTAL_PROCESS	TLS_VISIUM_USZ::LC2	11	514	0.0216	0.011	flat	0.0062
GO:GOBP_NEGATIVE_REGULATION_OF_GENE_EXPRESSION	TLS_VISIUM_USZ::LC2	11	514	0.0564	1.63e-06	flat	0.0073
GO:GOBP_NEGATIVE_REGULATION_OF_GENE_EXPRESSION_EPIGENETIC	TLS_VISIUM_USZ::LC2	11	514	0.0482	1.41e-05	flat	0.0219
GO:GOBP_NEGATIVE_REGULATION_OF_IMMUNE_SYSTEM_PROCESS	TLS_VISIUM_USZ::LC2	11	514	0.0185	0.023	flat	0.0093
GO:GOBP_NEGATIVE_REGULATION_OF_INFLAMMATORY_RESPONSE	TLS_VISIUM_USZ::LC2	11	514	0.01	0.161	flat	0.0073
GO:GOBP_NEGATIVE_REGULATION_OF_INNATE_IMMUNE_RESPONSE	TLS_VISIUM_USZ::LC2	11	514	0.0448	3.36e-05	flat	0.0207
GO:GOBP_NEGATIVE_REGULATION_OF_INTRACELLULAR_SIGNAL_TRANSDUCTION	TLS_VISIUM_USZ::LC2	11	514	0.0946	5.54e-11	flat	0.0133
GO:GOBP_NEGATIVE_REGULATION_OF_LEUKOCYTE_MEDIATED_IMMUNITY	TLS_VISIUM_USZ::LC2	11	514	0.0039	0.578	flat	0.006
GO:GOBP_NEGATIVE_REGULATION_OF_LOCOMOTION	TLS_VISIUM_USZ::LC2	11	514	0.0089	0.208	flat	0.0043
GO:GOBP_NEGATIVE_REGULATION_OF_LYMPHOCYTE_ACTIVATION	TLS_VISIUM_USZ::LC2	11	514	0.011	0.129	flat	0.0087
GO:GOBP_NEGATIVE_REGULATION_OF_MITOTIC_CELL_CYCLE	TLS_VISIUM_USZ::LC2	11	514	0.0327	0.000722	flat	0.0187
GO:GOBP_NEGATIVE_REGULATION_OF_MITOTIC_CELL_CYCLE_PHASE_TRANSITION	TLS_VISIUM_USZ::LC2	11	514	0.0249	0.00497	flat	0.0186
GO:GOBP_NEGATIVE_REGULATION_OF_MOLECULAR_FUNCTION	TLS_VISIUM_USZ::LC2	11	514	0.0154	0.0481	flat	0.0065
GO:GOBP_NEGATIVE_REGULATION_OF_MULTICELLULAR_ORGANISMAL_PROCESS	TLS_VISIUM_USZ::LC2	11	514	0.0265	0.00335	flat	0.01
GO:GOBP_NEGATIVE_REGULATION_OF_NUCLEOBASE_CONTAINING_COMPOUND_METABOLIC_PROCESS	TLS_VISIUM_USZ::LC2	11	514	0.0177	0.0275	flat	0.0043
GO:GOBP_NEGATIVE_REGULATION_OF_ORGANELLE_ORGANIZATION	TLS_VISIUM_USZ::LC2	11	514	0.0309	0.00111	flat	0.0117
GO:GOBP_NEGATIVE_REGULATION_OF_PROGRAMMED_CELL_DEATH	TLS_VISIUM_USZ::LC2	11	514	0.0219	0.0103	flat	0.0043
GO:GOBP_NEGATIVE_REGULATION_OF_PROTEIN_LOCALIZATION	TLS_VISIUM_USZ::LC2	11	514	0.0251	0.00472	flat	0.0081
GO:GOBP_NEGATIVE_REGULATION_OF_PROTEIN_METABOLIC_PROCESS	TLS_VISIUM_USZ::LC2	11	514	0.1383	2.21e-16	flat	0.021
GO:GOBP_NEGATIVE_REGULATION_OF_PROTEIN_MODIFICATION_PROCESS	TLS_VISIUM_USZ::LC2	11	514	0.0189	0.0207	flat	0.0112
GO:GOBP_NEGATIVE_REGULATION_OF_PROTEOLYSIS	TLS_VISIUM_USZ::LC2	11	514	0.0875	3.89e-10	flat	0.026
GO:GOBP_NEGATIVE_REGULATION_OF_REPRODUCTIVE_PROCESS	TLS_VISIUM_USZ::LC2	11	514	0.0176	0.0283	flat	0.0146
GO:GOBP_NEGATIVE_REGULATION_OF_RESPONSE_TO_BIOTIC_STIMULUS	TLS_VISIUM_USZ::LC2	11	514	0.037	0.000243	flat	0.013
GO:GOBP_NEGATIVE_REGULATION_OF_RESPONSE_TO_EXTERNAL_STIMULUS	TLS_VISIUM_USZ::LC2	11	514	0.0038	0.587	flat	0.0054
GO:GOBP_NEGATIVE_REGULATION_OF_RESPONSE_TO_STIMULUS	TLS_VISIUM_USZ::LC2	11	514	0.0571	1.38e-06	flat	0.0061
GO:GOBP_NEGATIVE_REGULATION_OF_RNA_METABOLIC_PROCESS	TLS_VISIUM_USZ::LC2	11	514	0.0255	0.00421	flat	0.0054
GO:GOBP_NEGATIVE_REGULATION_OF_SIGNALING	TLS_VISIUM_USZ::LC2	11	514	0.0575	1.23e-06	flat	0.006
GO:GOBP_NEGATIVE_REGULATION_OF_SMOOTH_MUSCLE_CELL_PROLIFERATION	TLS_VISIUM_USZ::LC2	11	514	0.0383	0.000177	flat	0.0244
GO:GOBP_NEGATIVE_REGULATION_OF_SUPRAMOLECULAR_FIBER_ORGANIZATION	TLS_VISIUM_USZ::LC2	11	514	0.0129	0.0852	flat	0.0083
GO:GOBP_NEGATIVE_REGULATION_OF_TRANSCRIPTION_BY_RNA_POLYMERASE_II	TLS_VISIUM_USZ::LC2	11	514	0.017	0.033	flat	0.006
GO:GOBP_NEGATIVE_REGULATION_OF_TRANSFORMING_GROWTH_FACTOR_BETA_RECEPTOR_SIGNALING_PATHWAY	TLS_VISIUM_USZ::LC2	11	514	0.0784	4.7e-09	flat	0.0247
GO:GOBP_NEGATIVE_REGULATION_OF_TRANSMEMBRANE_RECEPTOR_PROTEIN_SERINE_THREONINE_KINASE_SIGNALING_PATHWAY	TLS_VISIUM_USZ::LC2	11	514	0.073	2.04e-08	flat	0.0154
GO:GOBP_NEGATIVE_REGULATION_OF_TRANSPORT	TLS_VISIUM_USZ::LC2	11	514	0.0211	0.0125	flat	0.0069
GO:GOBP_NEGATIVE_REGULATION_OF_VIRAL_PROCESS	TLS_VISIUM_USZ::LC2	11	514	0.0368	0.000254	flat	0.0211
GO:GOBP_NEGATIVE_REGULATION_OF_WNT_SIGNALING_PATHWAY	TLS_VISIUM_USZ::LC2	11	514	0.0815	2e-09	flat	0.0151
GO:GOBP_NERVOUS_SYSTEM_PROCESS	TLS_VISIUM_USZ::LC2	11	514	0.1532	2.77e-18	flat	0.024
GO:GOBP_NEUROGENESIS	TLS_VISIUM_USZ::LC2	11	514	0.0309	0.00113	flat	0.0059
GO:GOBP_NEURON_DEVELOPMENT	TLS_VISIUM_USZ::LC2	11	514	0.0102	0.155	flat	0.0033
GO:GOBP_NEURON_PROJECTION_GUIDANCE	TLS_VISIUM_USZ::LC2	11	514	0.0124	0.0941	flat	0.0045
GO:GOBP_NITROGEN_COMPOUND_TRANSPORT	TLS_VISIUM_USZ::LC2	11	514	0.0728	2.11e-08	flat	0.0071
GO:GOBP_NON_CANONICAL_WNT_SIGNALING_PATHWAY	TLS_VISIUM_USZ::LC2	11	514	0.0179	0.0264	flat	0.0127
GO:GOBP_NOTCH_SIGNALING_PATHWAY	TLS_VISIUM_USZ::LC2	11	514	0.0472	1.79e-05	flat	0.0145
GO:GOBP_NUCLEAR_CHROMOSOME_SEGREGATION	TLS_VISIUM_USZ::LC2	11	514	0.0102	0.156	flat	0.0096
GO:GOBP_NUCLEAR_EXPORT	TLS_VISIUM_USZ::LC2	11	514	0.0817	1.91e-09	flat	0.0277
GO:GOBP_NUCLEAR_TRANSCRIBED_MRNA_CATABOLIC_PROCESS	TLS_VISIUM_USZ::LC2	11	514	0.0637	2.39e-07	flat	0.0339
GO:GOBP_NUCLEAR_TRANSPORT	TLS_VISIUM_USZ::LC2	11	514	0.0638	2.36e-07	flat	0.0187
GO:GOBP_NUCLEIC_ACID_CATABOLIC_PROCESS	TLS_VISIUM_USZ::LC2	11	514	0.0835	1.19e-09	flat	0.0274
GO:GOBP_NUCLEOBASE_CONTAINING_COMPOUND_CATABOLIC_PROCESS	TLS_VISIUM_USZ::LC2	11	514	0.0802	2.88e-09	flat	0.0165
GO:GOBP_NUCLEOBASE_CONTAINING_COMPOUND_TRANSPORT	TLS_VISIUM_USZ::LC2	11	514	0.0509	6.92e-06	flat	0.0166
GO:GOBP_NUCLEOBASE_CONTAINING_SMALL_MOLECULE_METABOLIC_PROCESS	TLS_VISIUM_USZ::LC2	11	514	0.1055	2.68e-12	flat	0.0146
GO:GOBP_NUCLEOSIDE_PHOSPHATE_BIOSYNTHETIC_PROCESS	TLS_VISIUM_USZ::LC2	11	514	0.0287	0.00196	flat	0.01
GO:GOBP_NUCLEOSIDE_PHOSPHATE_CATABOLIC_PROCESS	TLS_VISIUM_USZ::LC2	11	514	0.0645	1.96e-07	flat	0.0195
GO:GOBP_NUCLEOSIDE_TRIPHOSPHATE_BIOSYNTHETIC_PROCESS	TLS_VISIUM_USZ::LC2	11	514	0.0109	0.133	flat	0.0089
GO:GOBP_NUCLEOSIDE_TRIPHOSPHATE_METABOLIC_PROCESS	TLS_VISIUM_USZ::LC2	11	514	0.0666	1.12e-07	flat	0.0133
GO:GOBP_NUCLEOTIDE_BIOSYNTHETIC_PROCESS	TLS_VISIUM_USZ::LC2	11	514	0.0777	5.69e-09	flat	0.0199
GO:GOBP_NUCLEOTIDE_METABOLIC_PROCESS	TLS_VISIUM_USZ::LC2	11	514	0.0793	3.67e-09	flat	0.0146
GO:GOBP_OLEFINIC_COMPOUND_METABOLIC_PROCESS	TLS_VISIUM_USZ::LC2	11	514	0.0041	0.553	flat	0.004
GO:GOBP_ORGANELLE_ASSEMBLY	TLS_VISIUM_USZ::LC2	11	514	0.0181	0.025	flat	0.006
GO:GOBP_ORGANELLE_FISSION	TLS_VISIUM_USZ::LC2	11	514	0.0146	0.0576	flat	0.0102
GO:GOBP_ORGANELLE_LOCALIZATION	TLS_VISIUM_USZ::LC2	11	514	0.0121	0.102	flat	0.0058
GO:GOBP_ORGANIC_ACID_METABOLIC_PROCESS	TLS_VISIUM_USZ::LC2	11	514	0.0276	0.00253	flat	0.0067
GO:GOBP_ORGANIC_ACID_TRANSPORT	TLS_VISIUM_USZ::LC2	11	514	0.0576	1.2e-06	flat	0.0143
GO:GOBP_ORGANIC_ANION_TRANSPORT	TLS_VISIUM_USZ::LC2	11	514	0.0496	9.64e-06	flat	0.011
GO:GOBP_ORGANOPHOSPHATE_BIOSYNTHETIC_PROCESS	TLS_VISIUM_USZ::LC2	11	514	0.074	1.54e-08	flat	0.0145
GO:GOBP_ORGANOPHOSPHATE_CATABOLIC_PROCESS	TLS_VISIUM_USZ::LC2	11	514	0.013	0.0819	flat	0.0077
GO:GOBP_ORGANOPHOSPHATE_METABOLIC_PROCESS	TLS_VISIUM_USZ::LC2	11	514	0.0751	1.15e-08	flat	0.0123
GO:GOBP_OSSIFICATION	TLS_VISIUM_USZ::LC2	11	514	0.0902	1.85e-10	flat	0.0114
GO:GOBP_OSTEOBLAST_PROLIFERATION	TLS_VISIUM_USZ::LC2	11	514	0.0216	0.0111	flat	0.0176
GO:GOBP_OXIDATIVE_PHOSPHORYLATION	TLS_VISIUM_USZ::LC2	11	514	0.0824	1.58e-09	flat	0.0289
GO:GOBP_PATTERN_SPECIFICATION_PROCESS	TLS_VISIUM_USZ::LC2	11	514	0.0103	0.154	flat	0.0056
GO:GOBP_PEPTIDE_ANTIGEN_ASSEMBLY_WITH_MHC_PROTEIN_COMPLEX	TLS_VISIUM_USZ::LC2	11	514	0.005	0.462	flat	0.0209
GO:GOBP_PEPTIDE_TRANSPORT	TLS_VISIUM_USZ::LC2	11	514	0.0448	3.29e-05	flat	0.0105
GO:GOBP_PEPTIDYL_AMINO_ACID_MODIFICATION	TLS_VISIUM_USZ::LC2	11	514	0.0734	1.81e-08	flat	0.0139
GO:GOBP_PHOSPHATIDYLINOSITOL_3_KINASE_PROTEIN_KINASE_B_SIGNAL_TRANSDUCTION	TLS_VISIUM_USZ::LC2	11	514	0.0538	3.21e-06	flat	0.0177
GO:GOBP_PHOSPHOLIPID_BIOSYNTHETIC_PROCESS	TLS_VISIUM_USZ::LC2	11	514	0.0995	1.45e-11	flat	0.0299
GO:GOBP_PHOSPHOLIPID_METABOLIC_PROCESS	TLS_VISIUM_USZ::LC2	11	514	0.052	5.12e-06	flat	0.0166
GO:GOBP_PHOSPHORUS_METABOLIC_PROCESS	TLS_VISIUM_USZ::LC2	11	514	0.1219	2.57e-14	flat	0.0104
GO:GOBP_PHOSPHORYLATION	TLS_VISIUM_USZ::LC2	11	514	0.0388	0.000153	flat	0.0093
GO:GOBP_PLACENTA_DEVELOPMENT	TLS_VISIUM_USZ::LC2	11	514	0.0618	3.99e-07	flat	0.0145
GO:GOBP_POSITIVE_REGULATION_OF_ADAPTIVE_IMMUNE_RESPONSE	TLS_VISIUM_USZ::LC2	11	514	0.0088	0.213	flat	0.0091
GO:GOBP_POSITIVE_REGULATION_OF_CANONICAL_NF_KAPPAB_SIGNAL_TRANSDUCTION	TLS_VISIUM_USZ::LC2	11	514	0.0344	0.000463	flat	0.0098
GO:GOBP_POSITIVE_REGULATION_OF_CATABOLIC_PROCESS	TLS_VISIUM_USZ::LC2	11	514	0.1077	1.43e-12	flat	0.02
GO:GOBP_POSITIVE_REGULATION_OF_CATALYTIC_ACTIVITY	TLS_VISIUM_USZ::LC2	11	514	0.0127	0.089	flat	0.0091
GO:GOBP_POSITIVE_REGULATION_OF_CELLULAR_COMPONENT_BIOGENESIS	TLS_VISIUM_USZ::LC2	11	514	0.0087	0.216	flat	0.0036
GO:GOBP_POSITIVE_REGULATION_OF_CELLULAR_COMPONENT_ORGANIZATION	TLS_VISIUM_USZ::LC2	11	514	0.0393	0.000137	flat	0.005
GO:GOBP_POSITIVE_REGULATION_OF_CELL_ACTIVATION	TLS_VISIUM_USZ::LC2	11	514	0.0237	0.00658	flat	0.015
GO:GOBP_POSITIVE_REGULATION_OF_CELL_ADHESION	TLS_VISIUM_USZ::LC2	11	514	0.0198	0.017	flat	0.0094
GO:GOBP_POSITIVE_REGULATION_OF_CELL_CELL_ADHESION	TLS_VISIUM_USZ::LC2	11	514	0.0174	0.0297	flat	0.0135
GO:GOBP_POSITIVE_REGULATION_OF_CELL_CYCLE	TLS_VISIUM_USZ::LC2	11	514	0.0082	0.243	flat	0.0064
GO:GOBP_POSITIVE_REGULATION_OF_CELL_CYCLE_PHASE_TRANSITION	TLS_VISIUM_USZ::LC2	11	514	0.0088	0.211	flat	0.0077
GO:GOBP_POSITIVE_REGULATION_OF_CELL_CYCLE_PROCESS	TLS_VISIUM_USZ::LC2	11	514	0.0086	0.223	flat	0.0086
GO:GOBP_POSITIVE_REGULATION_OF_CELL_DEVELOPMENT	TLS_VISIUM_USZ::LC2	11	514	0.005	0.463	flat	0.005
GO:GOBP_POSITIVE_REGULATION_OF_CELL_DIFFERENTIATION	TLS_VISIUM_USZ::LC2	11	514	0.0245	0.00548	flat	0.0083
GO:GOBP_POSITIVE_REGULATION_OF_CELL_KILLING	TLS_VISIUM_USZ::LC2	11	514	0.0212	0.012	flat	0.0159
GO:GOBP_POSITIVE_REGULATION_OF_CELL_POPULATION_PROLIFERATION	TLS_VISIUM_USZ::LC2	11	514	0.0573	1.31e-06	flat	0.0149
GO:GOBP_POSITIVE_REGULATION_OF_CHROMOSOME_ORGANIZATION	TLS_VISIUM_USZ::LC2	11	514	0.0357	0.000336	flat	0.0296
GO:GOBP_POSITIVE_REGULATION_OF_CYTOKINE_PRODUCTION	TLS_VISIUM_USZ::LC2	11	514	0.0239	0.00622	flat	0.0115
GO:GOBP_POSITIVE_REGULATION_OF_CYTOSKELETON_ORGANIZATION	TLS_VISIUM_USZ::LC2	11	514	0.0147	0.0561	flat	0.012
GO:GOBP_POSITIVE_REGULATION_OF_DEFENSE_RESPONSE	TLS_VISIUM_USZ::LC2	11	514	0.0198	0.0168	flat	0.0091
GO:GOBP_POSITIVE_REGULATION_OF_DEVELOPMENTAL_PROCESS	TLS_VISIUM_USZ::LC2	11	514	0.0378	0.000201	flat	0.0057
GO:GOBP_POSITIVE_REGULATION_OF_DNA_BIOSYNTHETIC_PROCESS	TLS_VISIUM_USZ::LC2	11	514	0.0055	0.417	flat	0.0145
GO:GOBP_POSITIVE_REGULATION_OF_DNA_METABOLIC_PROCESS	TLS_VISIUM_USZ::LC2	11	514	0.0727	2.17e-08	flat	0.0282
GO:GOBP_POSITIVE_REGULATION_OF_DNA_REPAIR	TLS_VISIUM_USZ::LC2	11	514	0.0467	2.06e-05	flat	0.0312
GO:GOBP_POSITIVE_REGULATION_OF_ESTABLISHMENT_OF_PROTEIN_LOCALIZATION	TLS_VISIUM_USZ::LC2	11	514	0.0378	0.000199	flat	0.0141
GO:GOBP_POSITIVE_REGULATION_OF_GENE_EXPRESSION	TLS_VISIUM_USZ::LC2	11	514	0.0166	0.0364	flat	0.0051
GO:GOBP_POSITIVE_REGULATION_OF_IMMUNE_EFFECTOR_PROCESS	TLS_VISIUM_USZ::LC2	11	514	0.0297	0.00153	flat	0.0149
GO:GOBP_POSITIVE_REGULATION_OF_IMMUNE_RESPONSE	TLS_VISIUM_USZ::LC2	11	514	0.0081	0.246	flat	0.0068
GO:GOBP_POSITIVE_REGULATION_OF_IMMUNE_SYSTEM_PROCESS	TLS_VISIUM_USZ::LC2	11	514	0.006	0.378	flat	0.0061
GO:GOBP_POSITIVE_REGULATION_OF_INTERFERON_BETA_PRODUCTION	TLS_VISIUM_USZ::LC2	11	514	0.0701	4.38e-08	flat	0.0406
GO:GOBP_POSITIVE_REGULATION_OF_INTRACELLULAR_SIGNAL_TRANSDUCTION	TLS_VISIUM_USZ::LC2	11	514	0.031	0.00109	flat	0.0064
GO:GOBP_POSITIVE_REGULATION_OF_LEUKOCYTE_CELL_CELL_ADHESION	TLS_VISIUM_USZ::LC2	11	514	0.01	0.163	flat	0.0094
GO:GOBP_POSITIVE_REGULATION_OF_LEUKOCYTE_MEDIATED_IMMUNITY	TLS_VISIUM_USZ::LC2	11	514	0.0293	0.00166	flat	0.0184
GO:GOBP_POSITIVE_REGULATION_OF_LEUKOCYTE_MIGRATION	TLS_VISIUM_USZ::LC2	11	514	0.0228	0.00814	flat	0.013
GO:GOBP_POSITIVE_REGULATION_OF_LEUKOCYTE_PROLIFERATION	TLS_VISIUM_USZ::LC2	11	514	0.0023	0.755	flat	0.0046
GO:GOBP_POSITIVE_REGULATION_OF_LOCOMOTION	TLS_VISIUM_USZ::LC2	11	514	0.0817	1.92e-09	flat	0.0132
GO:GOBP_POSITIVE_REGULATION_OF_LYMPHOCYTE_DIFFERENTIATION	TLS_VISIUM_USZ::LC2	11	514	0.002	0.797	flat	0.004
GO:GOBP_POSITIVE_REGULATION_OF_MAPK_CASCADE	TLS_VISIUM_USZ::LC2	11	514	0.0455	2.75e-05	flat	0.0185
GO:GOBP_POSITIVE_REGULATION_OF_MITOTIC_CELL_CYCLE	TLS_VISIUM_USZ::LC2	11	514	0.0213	0.0119	flat	0.0153
GO:GOBP_POSITIVE_REGULATION_OF_MITOTIC_CELL_CYCLE_PHASE_TRANSITION	TLS_VISIUM_USZ::LC2	11	514	0.008	0.25	flat	0.0094
GO:GOBP_POSITIVE_REGULATION_OF_MOLECULAR_FUNCTION	TLS_VISIUM_USZ::LC2	11	514	0.0399	0.000116	flat	0.0109
GO:GOBP_POSITIVE_REGULATION_OF_MRNA_METABOLIC_PROCESS	TLS_VISIUM_USZ::LC2	11	514	0.086	6.01e-10	flat	0.038
GO:GOBP_POSITIVE_REGULATION_OF_MULTICELLULAR_ORGANISMAL_PROCESS	TLS_VISIUM_USZ::LC2	11	514	0.049	1.14e-05	flat	0.0135
GO:GOBP_POSITIVE_REGULATION_OF_MYELOID_CELL_DIFFERENTIATION	TLS_VISIUM_USZ::LC2	11	514	0.012	0.105	flat	0.0083
GO:GOBP_POSITIVE_REGULATION_OF_NEUROGENESIS	TLS_VISIUM_USZ::LC2	11	514	0.033	0.000669	flat	0.0114
GO:GOBP_POSITIVE_REGULATION_OF_ORGANELLE_ORGANIZATION	TLS_VISIUM_USZ::LC2	11	514	0.0366	0.000271	flat	0.0097
GO:GOBP_POSITIVE_REGULATION_OF_PHOSPHATIDYLINOSITOL_3_KINASE_PROTEIN_KINASE_B_SIGNAL_TRANSDUCTION	TLS_VISIUM_USZ::LC2	11	514	0.0245	0.00544	flat	0.0127
GO:GOBP_POSITIVE_REGULATION_OF_PHOSPHORUS_METABOLIC_PROCESS	TLS_VISIUM_USZ::LC2	11	514	0.0262	0.00355	flat	0.0102
GO:GOBP_POSITIVE_REGULATION_OF_PHOSPHORYLATION	TLS_VISIUM_USZ::LC2	11	514	0.0272	0.00278	flat	0.0145
GO:GOBP_POSITIVE_REGULATION_OF_POST_TRANSLATIONAL_PROTEIN_MODIFICATION	TLS_VISIUM_USZ::LC2	11	514	0.0265	0.00333	flat	0.0248
GO:GOBP_POSITIVE_REGULATION_OF_PRODUCTION_OF_MOLECULAR_MEDIATOR_OF_IMMUNE_RESPONSE	TLS_VISIUM_USZ::LC2	11	514	0.0226	0.00853	flat	0.0123
GO:GOBP_POSITIVE_REGULATION_OF_PROGRAMMED_CELL_DEATH	TLS_VISIUM_USZ::LC2	11	514	0.0577	1.18e-06	flat	0.0107
GO:GOBP_POSITIVE_REGULATION_OF_PROTEIN_CONTAINING_COMPLEX_ASSEMBLY	TLS_VISIUM_USZ::LC2	11	514	0.0063	0.356	flat	0.0039
GO:GOBP_POSITIVE_REGULATION_OF_PROTEIN_LOCALIZATION	TLS_VISIUM_USZ::LC2	11	514	0.0756	9.99e-09	flat	0.0138
GO:GOBP_POSITIVE_REGULATION_OF_PROTEIN_METABOLIC_PROCESS	TLS_VISIUM_USZ::LC2	11	514	0.0521	5.06e-06	flat	0.0079
GO:GOBP_POSITIVE_REGULATION_OF_PROTEIN_MODIFICATION_PROCESS	TLS_VISIUM_USZ::LC2	11	514	0.0726	2.21e-08	flat	0.01
GO:GOBP_POSITIVE_REGULATION_OF_PROTEIN_TRANSPORT	TLS_VISIUM_USZ::LC2	11	514	0.0296	0.00154	flat	0.0095
GO:GOBP_POSITIVE_REGULATION_OF_RESPIRATORY_BURST	TLS_VISIUM_USZ::LC2	11	514	0.1005	1.09e-11	flat	0.0414
GO:GOBP_POSITIVE_REGULATION_OF_RESPONSE_TO_BIOTIC_STIMULUS	TLS_VISIUM_USZ::LC2	11	514	0.011	0.13	flat	0.0053
GO:GOBP_POSITIVE_REGULATION_OF_RESPONSE_TO_CYTOKINE_STIMULUS	TLS_VISIUM_USZ::LC2	11	514	0.0088	0.213	flat	0.0236
GO:GOBP_POSITIVE_REGULATION_OF_RESPONSE_TO_EXTERNAL_STIMULUS	TLS_VISIUM_USZ::LC2	11	514	0.0227	0.00844	flat	0.0066
GO:GOBP_POSITIVE_REGULATION_OF_RNA_METABOLIC_PROCESS	TLS_VISIUM_USZ::LC2	11	514	0.0368	0.000253	flat	0.0043
GO:GOBP_POSITIVE_REGULATION_OF_SIGNALING	TLS_VISIUM_USZ::LC2	11	514	0.033	0.000663	flat	0.0061
GO:GOBP_POSITIVE_REGULATION_OF_TELOMERE_MAINTENANCE	TLS_VISIUM_USZ::LC2	11	514	0.0415	7.77e-05	flat	0.032
GO:GOBP_POSITIVE_REGULATION_OF_TELOMERE_MAINTENANCE_VIA_TELOMERE_LENGTHENING	TLS_VISIUM_USZ::LC2	11	514	0.0278	0.00243	flat	0.0458
GO:GOBP_POSITIVE_REGULATION_OF_TRANSCRIPTION_BY_RNA_POLYMERASE_II	TLS_VISIUM_USZ::LC2	11	514	0.0116	0.114	flat	0.0023
GO:GOBP_POSITIVE_REGULATION_OF_TRANSFERASE_ACTIVITY	TLS_VISIUM_USZ::LC2	11	514	0.0158	0.0432	flat	0.0184
GO:GOBP_POSITIVE_REGULATION_OF_TRANSLATION	TLS_VISIUM_USZ::LC2	11	514	0.0764	8.11e-09	flat	0.0285
GO:GOBP_POSITIVE_REGULATION_OF_TRANSPORT	TLS_VISIUM_USZ::LC2	11	514	0.0255	0.00424	flat	0.0088
GO:GOBP_POSITIVE_REGULATION_OF_TUMOR_NECROSIS_FACTOR_SUPERFAMILY_CYTOKINE_PRODUCTION	TLS_VISIUM_USZ::LC2	11	514	0.0148	0.0544	flat	0.021
GO:GOBP_POSITIVE_REGULATION_OF_TYPE_I_INTERFERON_PRODUCTION	TLS_VISIUM_USZ::LC2	11	514	0.0183	0.024	flat	0.016
GO:GOBP_POSITIVE_REGULATION_OF_T_CELL_MEDIATED_IMMUNITY	TLS_VISIUM_USZ::LC2	11	514	0.0233	0.00728	flat	0.0178
GO:GOBP_POSITIVE_REGULATION_OF_VASCULATURE_DEVELOPMENT	TLS_VISIUM_USZ::LC2	11	514	0.0455	2.8e-05	flat	0.0145
GO:GOBP_POSITIVE_REGULATION_OF_WNT_SIGNALING_PATHWAY	TLS_VISIUM_USZ::LC2	11	514	0.0842	9.62e-10	flat	0.0246
GO:GOBP_POST_TRANSCRIPTIONAL_REGULATION_OF_GENE_EXPRESSION	TLS_VISIUM_USZ::LC2	11	514	0.1014	8.47e-12	flat	0.0224
GO:GOBP_POST_TRANSLATIONAL_PROTEIN_MODIFICATION	TLS_VISIUM_USZ::LC2	11	514	0.0753	1.1e-08	flat	0.0156
GO:GOBP_PROCESS_UTILIZING_AUTOPHAGIC_MECHANISM	TLS_VISIUM_USZ::LC2	11	514	0.1143	2.25e-13	flat	0.0226
GO:GOBP_PRODUCTION_OF_MOLECULAR_MEDIATOR_OF_IMMUNE_RESPONSE	TLS_VISIUM_USZ::LC2	11	514	0.0302	0.00135	flat	0.0121
GO:GOBP_PROTEASOMAL_PROTEIN_CATABOLIC_PROCESS	TLS_VISIUM_USZ::LC2	11	514	0.1028	5.71e-12	flat	0.0221
GO:GOBP_PROTEASOME_MEDIATED_UBIQUITIN_DEPENDENT_PROTEIN_CATABOLIC_PROCESS	TLS_VISIUM_USZ::LC2	11	514	0.0602	6.01e-07	flat	0.0165
GO:GOBP_PROTEINOGENIC_AMINO_ACID_METABOLIC_PROCESS	TLS_VISIUM_USZ::LC2	11	514	0.0152	0.0497	flat	0.0077
GO:GOBP_PROTEIN_CATABOLIC_PROCESS	TLS_VISIUM_USZ::LC2	11	514	0.1333	9.47e-16	flat	0.0171
GO:GOBP_PROTEIN_COMPLEX_OLIGOMERIZATION	TLS_VISIUM_USZ::LC2	11	514	0.0072	0.295	flat	0.004
GO:GOBP_PROTEIN_CONTAINING_COMPLEX_DISASSEMBLY	TLS_VISIUM_USZ::LC2	11	514	0.0327	0.000711	flat	0.0124
GO:GOBP_PROTEIN_CONTAINING_COMPLEX_LOCALIZATION	TLS_VISIUM_USZ::LC2	11	514	0.0303	0.0013	flat	0.0097
GO:GOBP_PROTEIN_CONTAINING_COMPLEX_ORGANIZATION	TLS_VISIUM_USZ::LC2	11	514	0.0644	1.99e-07	flat	0.0072
GO:GOBP_PROTEIN_DNA_COMPLEX_ORGANIZATION	TLS_VISIUM_USZ::LC2	11	514	0.0275	0.00258	flat	0.0177
GO:GOBP_PROTEIN_FOLDING	TLS_VISIUM_USZ::LC2	11	514	0.1208	3.54e-14	flat	0.0376
GO:GOBP_PROTEIN_LOCALIZATION_TO_CELL_PERIPHERY	TLS_VISIUM_USZ::LC2	11	514	0.0771	6.58e-09	flat	0.0154
GO:GOBP_PROTEIN_LOCALIZATION_TO_CHROMOSOME	TLS_VISIUM_USZ::LC2	11	514	0.036	0.000311	flat	0.029
GO:GOBP_PROTEIN_LOCALIZATION_TO_EXTRACELLULAR_REGION	TLS_VISIUM_USZ::LC2	11	514	0.0334	0.000608	flat	0.0096
GO:GOBP_PROTEIN_LOCALIZATION_TO_MITOCHONDRION	TLS_VISIUM_USZ::LC2	11	514	0.1048	3.29e-12	flat	0.0342
GO:GOBP_PROTEIN_LOCALIZATION_TO_NUCLEUS	TLS_VISIUM_USZ::LC2	11	514	0.022	0.01	flat	0.0127
GO:GOBP_PROTEIN_LOCALIZATION_TO_ORGANELLE	TLS_VISIUM_USZ::LC2	11	514	0.1104	6.8e-13	flat	0.02
GO:GOBP_PROTEIN_LOCALIZATION_TO_PLASMA_MEMBRANE	TLS_VISIUM_USZ::LC2	11	514	0.0808	2.46e-09	flat	0.0196
GO:GOBP_PROTEIN_MATURATION	TLS_VISIUM_USZ::LC2	11	514	0.0542	2.89e-06	flat	0.0103
GO:GOBP_PROTEIN_MODIFICATION_BY_SMALL_PROTEIN_CONJUGATION	TLS_VISIUM_USZ::LC2	11	514	0.0759	9.11e-09	flat	0.0161
GO:GOBP_PROTEIN_POLYMERIZATION	TLS_VISIUM_USZ::LC2	11	514	0.0098	0.17	flat	0.0057
GO:GOBP_PROTEIN_POLYUBIQUITINATION	TLS_VISIUM_USZ::LC2	11	514	0.0592	7.85e-07	flat	0.0303
GO:GOBP_PROTEIN_PROCESSING	TLS_VISIUM_USZ::LC2	11	514	0.0211	0.0124	flat	0.0104
GO:GOBP_PROTEIN_RNA_COMPLEX_ORGANIZATION	TLS_VISIUM_USZ::LC2	11	514	0.0956	4.22e-11	flat	0.0256
GO:GOBP_PROTEIN_STABILIZATION	TLS_VISIUM_USZ::LC2	11	514	0.0378	0.0002	flat	0.0142
GO:GOBP_PROTEIN_TARGETING	TLS_VISIUM_USZ::LC2	11	514	0.0712	3.25e-08	flat	0.0203
GO:GOBP_PROTEIN_TARGETING_TO_MITOCHONDRION	TLS_VISIUM_USZ::LC2	11	514	0.0716	2.96e-08	flat	0.029
GO:GOBP_PROTEIN_TRANSPORT	TLS_VISIUM_USZ::LC2	11	514	0.1132	3.04e-13	flat	0.0115
GO:GOBP_PROTEOLYSIS	TLS_VISIUM_USZ::LC2	11	514	0.0622	3.62e-07	flat	0.0077
GO:GOBP_PROTEOLYSIS_INVOLVED_IN_PROTEIN_CATABOLIC_PROCESS	TLS_VISIUM_USZ::LC2	11	514	0.1287	3.61e-15	flat	0.0211
GO:GOBP_PROTON_MOTIVE_FORCE_DRIVEN_ATP_SYNTHESIS	TLS_VISIUM_USZ::LC2	11	514	0.0815	2.04e-09	flat	0.0369
GO:GOBP_PROTON_TRANSMEMBRANE_TRANSPORT	TLS_VISIUM_USZ::LC2	11	514	0.0171	0.0318	flat	0.0066
GO:GOBP_PURINE_CONTAINING_COMPOUND_BIOSYNTHETIC_PROCESS	TLS_VISIUM_USZ::LC2	11	514	0.04	0.000113	flat	0.0099
GO:GOBP_PURINE_CONTAINING_COMPOUND_METABOLIC_PROCESS	TLS_VISIUM_USZ::LC2	11	514	0.017	0.0329	flat	0.0041
GO:GOBP_PURINE_NUCLEOTIDE_BIOSYNTHETIC_PROCESS	TLS_VISIUM_USZ::LC2	11	514	0.0399	0.000117	flat	0.0151
GO:GOBP_PYRIDINE_CONTAINING_COMPOUND_METABOLIC_PROCESS	TLS_VISIUM_USZ::LC2	11	514	0.0682	7.18e-08	flat	0.0229
GO:GOBP_REACTIVE_OXYGEN_SPECIES_METABOLIC_PROCESS	TLS_VISIUM_USZ::LC2	11	514	0.033	0.000666	flat	0.0126
GO:GOBP_RECEPTOR_MEDIATED_ENDOCYTOSIS	TLS_VISIUM_USZ::LC2	11	514	0.0345	0.000453	flat	0.0111
GO:GOBP_RECOMBINATIONAL_REPAIR	TLS_VISIUM_USZ::LC2	11	514	0.0132	0.0791	flat	0.0145
GO:GOBP_REGENERATION	TLS_VISIUM_USZ::LC2	11	514	0.0668	1.05e-07	flat	0.0136
GO:GOBP_REGULATION_OF_ACTIN_FILAMENT_BASED_PROCESS	TLS_VISIUM_USZ::LC2	11	514	0.0385	0.000166	flat	0.0101
GO:GOBP_REGULATION_OF_ACTIN_FILAMENT_ORGANIZATION	TLS_VISIUM_USZ::LC2	11	514	0.0156	0.0452	flat	0.0075
GO:GOBP_REGULATION_OF_ACTIN_FILAMENT_POLYMERIZATION	TLS_VISIUM_USZ::LC2	11	514	0.0104	0.15	flat	0.0084
GO:GOBP_REGULATION_OF_ADAPTIVE_IMMUNE_RESPONSE	TLS_VISIUM_USZ::LC2	11	514	0.011	0.131	flat	0.0105
GO:GOBP_REGULATION_OF_ALPHA_BETA_T_CELL_ACTIVATION	TLS_VISIUM_USZ::LC2	11	514	0.0309	0.00113	flat	0.0188
GO:GOBP_REGULATION_OF_ANATOMICAL_STRUCTURE_MORPHOGENESIS	TLS_VISIUM_USZ::LC2	11	514	0.0259	0.00384	flat	0.0053
GO:GOBP_REGULATION_OF_ANATOMICAL_STRUCTURE_SIZE	TLS_VISIUM_USZ::LC2	11	514	0.0169	0.0336	flat	0.0082
GO:GOBP_REGULATION_OF_APOPTOTIC_SIGNALING_PATHWAY	TLS_VISIUM_USZ::LC2	11	514	0.0561	1.79e-06	flat	0.009
GO:GOBP_REGULATION_OF_AUTOPHAGY	TLS_VISIUM_USZ::LC2	11	514	0.156	1.2e-18	flat	0.0294
GO:GOBP_REGULATION_OF_BLOOD_CIRCULATION	TLS_VISIUM_USZ::LC2	11	514	0.0656	1.45e-07	flat	0.0202
GO:GOBP_REGULATION_OF_BMP_SIGNALING_PATHWAY	TLS_VISIUM_USZ::LC2	11	514	0.0137	0.0698	flat	0.0091
GO:GOBP_REGULATION_OF_BODY_FLUID_LEVELS	TLS_VISIUM_USZ::LC2	11	514	0.0352	0.000385	flat	0.0107
GO:GOBP_REGULATION_OF_CANONICAL_WNT_SIGNALING_PATHWAY	TLS_VISIUM_USZ::LC2	11	514	0.0294	0.00162	flat	0.0094
GO:GOBP_REGULATION_OF_CARTILAGE_DEVELOPMENT	TLS_VISIUM_USZ::LC2	11	514	0.0754	1.06e-08	flat	0.0306
GO:GOBP_REGULATION_OF_CATABOLIC_PROCESS	TLS_VISIUM_USZ::LC2	11	514	0.1501	6.95e-18	flat	0.0238
GO:GOBP_REGULATION_OF_CATALYTIC_ACTIVITY	TLS_VISIUM_USZ::LC2	11	514	0.0034	0.624	flat	0.0025
GO:GOBP_REGULATION_OF_CD4_POSITIVE_ALPHA_BETA_T_CELL_ACTIVATION	TLS_VISIUM_USZ::LC2	11	514	0.0104	0.15	flat	0.0118
GO:GOBP_REGULATION_OF_CD4_POSITIVE_ALPHA_BETA_T_CELL_DIFFERENTIATION	TLS_VISIUM_USZ::LC2	11	514	0.0425	6e-05	flat	0.0252
GO:GOBP_REGULATION_OF_CELLULAR_COMPONENT_BIOGENESIS	TLS_VISIUM_USZ::LC2	11	514	0.0322	0.000812	flat	0.0059
GO:GOBP_REGULATION_OF_CELLULAR_COMPONENT_SIZE	TLS_VISIUM_USZ::LC2	11	514	0.0784	4.74e-09	flat	0.0121
GO:GOBP_REGULATION_OF_CELLULAR_LOCALIZATION	TLS_VISIUM_USZ::LC2	11	514	0.085	7.75e-10	flat	0.0107
GO:GOBP_REGULATION_OF_CELLULAR_RESPONSE_TO_GROWTH_FACTOR_STIMULUS	TLS_VISIUM_USZ::LC2	11	514	0.0239	0.00624	flat	0.012
GO:GOBP_REGULATION_OF_CELLULAR_RESPONSE_TO_STRESS	TLS_VISIUM_USZ::LC2	11	514	0.1036	4.5e-12	flat	0.0246
GO:GOBP_REGULATION_OF_CELLULAR_RESPONSE_TO_TRANSFORMING_GROWTH_FACTOR_BETA_STIMULUS	TLS_VISIUM_USZ::LC2	11	514	0.0438	4.32e-05	flat	0.0128
GO:GOBP_REGULATION_OF_CELL_ACTIVATION	TLS_VISIUM_USZ::LC2	11	514	0.0253	0.00446	flat	0.0133
GO:GOBP_REGULATION_OF_CELL_ADHESION	TLS_VISIUM_USZ::LC2	11	514	0.0362	0.0003	flat	0.0096
GO:GOBP_REGULATION_OF_CELL_CELL_ADHESION	TLS_VISIUM_USZ::LC2	11	514	0.0176	0.0284	flat	0.0093
GO:GOBP_REGULATION_OF_CELL_CYCLE	TLS_VISIUM_USZ::LC2	11	514	0.0213	0.0117	flat	0.0072
GO:GOBP_REGULATION_OF_CELL_CYCLE_G2_M_PHASE_TRANSITION	TLS_VISIUM_USZ::LC2	11	514	0.0034	0.627	flat	0.0064
GO:GOBP_REGULATION_OF_CELL_CYCLE_PHASE_TRANSITION	TLS_VISIUM_USZ::LC2	11	514	0.0497	9.46e-06	flat	0.0178
GO:GOBP_REGULATION_OF_CELL_CYCLE_PROCESS	TLS_VISIUM_USZ::LC2	11	514	0.0258	0.00391	flat	0.0105
GO:GOBP_REGULATION_OF_CELL_DEVELOPMENT	TLS_VISIUM_USZ::LC2	11	514	0.0243	0.00564	flat	0.0101
GO:GOBP_REGULATION_OF_CELL_DIFFERENTIATION	TLS_VISIUM_USZ::LC2	11	514	0.0525	4.52e-06	flat	0.0064
GO:GOBP_REGULATION_OF_CELL_JUNCTION_ASSEMBLY	TLS_VISIUM_USZ::LC2	11	514	0.0978	2.3e-11	flat	0.014
GO:GOBP_REGULATION_OF_CELL_KILLING	TLS_VISIUM_USZ::LC2	11	514	0.0668	1.05e-07	flat	0.031
GO:GOBP_REGULATION_OF_CELL_MATRIX_ADHESION	TLS_VISIUM_USZ::LC2	11	514	0.0941	6.38e-11	flat	0.0303
GO:GOBP_REGULATION_OF_CELL_MORPHOGENESIS	TLS_VISIUM_USZ::LC2	11	514	0.0134	0.0764	flat	0.007
GO:GOBP_REGULATION_OF_CELL_POPULATION_PROLIFERATION	TLS_VISIUM_USZ::LC2	11	514	0.0335	0.00058	flat	0.006
GO:GOBP_REGULATION_OF_CELL_PROJECTION_ORGANIZATION	TLS_VISIUM_USZ::LC2	11	514	0.0696	5.04e-08	flat	0.0098
GO:GOBP_REGULATION_OF_CELL_SHAPE	TLS_VISIUM_USZ::LC2	11	514	0.0057	0.401	flat	0.0055
GO:GOBP_REGULATION_OF_CELL_SUBSTRATE_ADHESION	TLS_VISIUM_USZ::LC2	11	514	0.049	1.14e-05	flat	0.0155
GO:GOBP_REGULATION_OF_CELL_SUBSTRATE_JUNCTION_ORGANIZATION	TLS_VISIUM_USZ::LC2	11	514	0.0247	0.0052	flat	0.0182
GO:GOBP_REGULATION_OF_CHEMOTAXIS	TLS_VISIUM_USZ::LC2	11	514	0.0314	0.001	flat	0.0134
GO:GOBP_REGULATION_OF_CHROMOSOME_ORGANIZATION	TLS_VISIUM_USZ::LC2	11	514	0.0214	0.0114	flat	0.0147
GO:GOBP_REGULATION_OF_CHROMOSOME_SEGREGATION	TLS_VISIUM_USZ::LC2	11	514	0.0217	0.0108	flat	0.022
GO:GOBP_REGULATION_OF_COAGULATION	TLS_VISIUM_USZ::LC2	11	514	0.0363	0.00029	flat	0.0242
GO:GOBP_REGULATION_OF_CYTOSKELETON_ORGANIZATION	TLS_VISIUM_USZ::LC2	11	514	0.0576	1.2e-06	flat	0.0117
GO:GOBP_REGULATION_OF_DEFENSE_RESPONSE	TLS_VISIUM_USZ::LC2	11	514	0.0163	0.0385	flat	0.0084
GO:GOBP_REGULATION_OF_DEFENSE_RESPONSE_TO_VIRUS	TLS_VISIUM_USZ::LC2	11	514	0.0114	0.119	flat	0.0137
GO:GOBP_REGULATION_OF_DNA_METABOLIC_PROCESS	TLS_VISIUM_USZ::LC2	11	514	0.0407	9.59e-05	flat	0.0147
GO:GOBP_REGULATION_OF_DNA_REPAIR	TLS_VISIUM_USZ::LC2	11	514	0.0342	0.000494	flat	0.0195
GO:GOBP_REGULATION_OF_DNA_REPLICATION	TLS_VISIUM_USZ::LC2	11	514	0.0163	0.0385	flat	0.0159
GO:GOBP_REGULATION_OF_DOUBLE_STRAND_BREAK_REPAIR	TLS_VISIUM_USZ::LC2	11	514	0.0166	0.0358	flat	0.0156
GO:GOBP_REGULATION_OF_ENDOCYTOSIS	TLS_VISIUM_USZ::LC2	11	514	0.0374	0.000221	flat	0.0118
GO:GOBP_REGULATION_OF_EPITHELIAL_CELL_DIFFERENTIATION	TLS_VISIUM_USZ::LC2	11	514	0.0249	0.00496	flat	0.0081
GO:GOBP_REGULATION_OF_EPITHELIAL_CELL_PROLIFERATION	TLS_VISIUM_USZ::LC2	11	514	0.0544	2.76e-06	flat	0.0108
GO:GOBP_REGULATION_OF_EPITHELIAL_TO_MESENCHYMAL_TRANSITION	TLS_VISIUM_USZ::LC2	11	514	0.0693	5.45e-08	flat	0.0278
GO:GOBP_REGULATION_OF_ESTABLISHMENT_OF_PROTEIN_LOCALIZATION	TLS_VISIUM_USZ::LC2	11	514	0.0195	0.0182	flat	0.0044
GO:GOBP_REGULATION_OF_GENERATION_OF_PRECURSOR_METABOLITES_AND_ENERGY	TLS_VISIUM_USZ::LC2	11	514	0.0441	3.99e-05	flat	0.0153
GO:GOBP_REGULATION_OF_GROWTH	TLS_VISIUM_USZ::LC2	11	514	0.0694	5.21e-08	flat	0.0099
GO:GOBP_REGULATION_OF_HEART_CONTRACTION	TLS_VISIUM_USZ::LC2	11	514	0.0343	0.000474	flat	0.0136
GO:GOBP_REGULATION_OF_HEMOPOIESIS	TLS_VISIUM_USZ::LC2	11	514	0.0176	0.0283	flat	0.0123
GO:GOBP_REGULATION_OF_HORMONE_LEVELS	TLS_VISIUM_USZ::LC2	11	514	0.0389	0.000152	flat	0.01
GO:GOBP_REGULATION_OF_HYDROLASE_ACTIVITY	TLS_VISIUM_USZ::LC2	11	514	0.0179	0.0263	flat	0.0091
GO:GOBP_REGULATION_OF_IMMUNE_EFFECTOR_PROCESS	TLS_VISIUM_USZ::LC2	11	514	0.0307	0.00118	flat	0.0176
GO:GOBP_REGULATION_OF_IMMUNE_RESPONSE	TLS_VISIUM_USZ::LC2	11	514	0.011	0.129	flat	0.0073
GO:GOBP_REGULATION_OF_IMMUNE_SYSTEM_PROCESS	TLS_VISIUM_USZ::LC2	11	514	0.0208	0.0132	flat	0.0112
GO:GOBP_REGULATION_OF_INFLAMMATORY_RESPONSE	TLS_VISIUM_USZ::LC2	11	514	0.0342	0.000495	flat	0.0127
GO:GOBP_REGULATION_OF_INNATE_IMMUNE_RESPONSE	TLS_VISIUM_USZ::LC2	11	514	0.0077	0.265	flat	0.0049
GO:GOBP_REGULATION_OF_LEUKOCYTE_CHEMOTAXIS	TLS_VISIUM_USZ::LC2	11	514	0.0163	0.0389	flat	0.016
GO:GOBP_REGULATION_OF_LEUKOCYTE_DIFFERENTIATION	TLS_VISIUM_USZ::LC2	11	514	0.0215	0.0112	flat	0.0168
GO:GOBP_REGULATION_OF_LEUKOCYTE_MEDIATED_IMMUNITY	TLS_VISIUM_USZ::LC2	11	514	0.026	0.00372	flat	0.0163
GO:GOBP_REGULATION_OF_LEUKOCYTE_MIGRATION	TLS_VISIUM_USZ::LC2	11	514	0.0246	0.00529	flat	0.0146
GO:GOBP_REGULATION_OF_LEUKOCYTE_PROLIFERATION	TLS_VISIUM_USZ::LC2	11	514	0.0227	0.00846	flat	0.02
GO:GOBP_REGULATION_OF_LIPID_METABOLIC_PROCESS	TLS_VISIUM_USZ::LC2	11	514	0.0253	0.00445	flat	0.0065
GO:GOBP_REGULATION_OF_LOCOMOTION	TLS_VISIUM_USZ::LC2	11	514	0.0447	3.41e-05	flat	0.0079
GO:GOBP_REGULATION_OF_LYMPHOCYTE_ACTIVATION	TLS_VISIUM_USZ::LC2	11	514	0.0207	0.0137	flat	0.0133
GO:GOBP_REGULATION_OF_LYMPHOCYTE_DIFFERENTIATION	TLS_VISIUM_USZ::LC2	11	514	0.0095	0.182	flat	0.0078
GO:GOBP_REGULATION_OF_LYMPHOCYTE_MEDIATED_IMMUNITY	TLS_VISIUM_USZ::LC2	11	514	0.0124	0.0945	flat	0.0079
GO:GOBP_REGULATION_OF_MICROTUBULE_BASED_PROCESS	TLS_VISIUM_USZ::LC2	11	514	0.0014	0.87	flat	0.0037
GO:GOBP_REGULATION_OF_MITOTIC_CELL_CYCLE	TLS_VISIUM_USZ::LC2	11	514	0.0137	0.0706	flat	0.0091
GO:GOBP_REGULATION_OF_MITOTIC_CELL_CYCLE_PHASE_TRANSITION	TLS_VISIUM_USZ::LC2	11	514	0.0273	0.00277	flat	0.015
GO:GOBP_REGULATION_OF_MOLECULAR_FUNCTION	TLS_VISIUM_USZ::LC2	11	514	0.0079	0.255	flat	0.0038
GO:GOBP_REGULATION_OF_MONOATOMIC_ION_TRANSPORT	TLS_VISIUM_USZ::LC2	11	514	0.0683	7.06e-08	flat	0.0145
GO:GOBP_REGULATION_OF_MONONUCLEAR_CELL_MIGRATION	TLS_VISIUM_USZ::LC2	11	514	0.0272	0.00281	flat	0.0182
GO:GOBP_REGULATION_OF_MRNA_METABOLIC_PROCESS	TLS_VISIUM_USZ::LC2	11	514	0.0276	0.00252	flat	0.0128
GO:GOBP_REGULATION_OF_MULTICELLULAR_ORGANISMAL_DEVELOPMENT	TLS_VISIUM_USZ::LC2	11	514	0.0414	8.01e-05	flat	0.0106
GO:GOBP_REGULATION_OF_MYELOID_CELL_DIFFERENTIATION	TLS_VISIUM_USZ::LC2	11	514	0.0261	0.00367	flat	0.0171
GO:GOBP_REGULATION_OF_MYELOID_LEUKOCYTE_DIFFERENTIATION	TLS_VISIUM_USZ::LC2	11	514	0.0041	0.549	flat	0.0079
GO:GOBP_REGULATION_OF_NERVOUS_SYSTEM_DEVELOPMENT	TLS_VISIUM_USZ::LC2	11	514	0.0871	4.43e-10	flat	0.0094
GO:GOBP_REGULATION_OF_NEUROGENESIS	TLS_VISIUM_USZ::LC2	11	514	0.0225	0.00884	flat	0.0071
GO:GOBP_REGULATION_OF_NEURON_PROJECTION_DEVELOPMENT	TLS_VISIUM_USZ::LC2	11	514	0.0854	6.9e-10	flat	0.0126
GO:GOBP_REGULATION_OF_NUCLEAR_DIVISION	TLS_VISIUM_USZ::LC2	11	514	0.0178	0.0271	flat	0.0215
GO:GOBP_REGULATION_OF_ORGANELLE_ORGANIZATION	TLS_VISIUM_USZ::LC2	11	514	0.0852	7.32e-10	flat	0.011
GO:GOBP_REGULATION_OF_PHOSPHORUS_METABOLIC_PROCESS	TLS_VISIUM_USZ::LC2	11	514	0.0205	0.0142	flat	0.0093
GO:GOBP_REGULATION_OF_PHOSPHORYLATION	TLS_VISIUM_USZ::LC2	11	514	0.0293	0.00167	flat	0.0087
GO:GOBP_REGULATION_OF_POST_TRANSLATIONAL_PROTEIN_MODIFICATION	TLS_VISIUM_USZ::LC2	11	514	0.0446	3.5e-05	flat	0.0208
GO:GOBP_REGULATION_OF_PROGRAMMED_CELL_DEATH	TLS_VISIUM_USZ::LC2	11	514	0.036	0.000314	flat	0.0045
GO:GOBP_REGULATION_OF_PROTEIN_CATABOLIC_PROCESS	TLS_VISIUM_USZ::LC2	11	514	0.1172	9.92e-14	flat	0.0214
GO:GOBP_REGULATION_OF_PROTEIN_CONTAINING_COMPLEX_ASSEMBLY	TLS_VISIUM_USZ::LC2	11	514	0.0143	0.0609	flat	0.0055
GO:GOBP_REGULATION_OF_PROTEIN_LOCALIZATION_TO_CELL_PERIPHERY	TLS_VISIUM_USZ::LC2	11	514	0.0384	0.000169	flat	0.0178
GO:GOBP_REGULATION_OF_PROTEIN_LOCALIZATION_TO_MEMBRANE	TLS_VISIUM_USZ::LC2	11	514	0.0692	5.59e-08	flat	0.0187
GO:GOBP_REGULATION_OF_PROTEIN_LOCALIZATION_TO_NUCLEUS	TLS_VISIUM_USZ::LC2	11	514	0.0163	0.0386	flat	0.0111
GO:GOBP_REGULATION_OF_PROTEIN_METABOLIC_PROCESS	TLS_VISIUM_USZ::LC2	11	514	0.0951	4.91e-11	flat	0.014
GO:GOBP_REGULATION_OF_PROTEIN_MODIFICATION_PROCESS	TLS_VISIUM_USZ::LC2	11	514	0.0684	6.9e-08	flat	0.0106
GO:GOBP_REGULATION_OF_PROTEIN_STABILITY	TLS_VISIUM_USZ::LC2	11	514	0.0718	2.78e-08	flat	0.0164
GO:GOBP_REGULATION_OF_PROTEIN_TRANSPORT	TLS_VISIUM_USZ::LC2	11	514	0.0653	1.59e-07	flat	0.01
GO:GOBP_REGULATION_OF_PROTEIN_UBIQUITINATION	TLS_VISIUM_USZ::LC2	11	514	0.0584	9.71e-07	flat	0.028
GO:GOBP_REGULATION_OF_PROTEOLYSIS	TLS_VISIUM_USZ::LC2	11	514	0.0434	4.77e-05	flat	0.0121
GO:GOBP_REGULATION_OF_PROTEOLYSIS_INVOLVED_IN_PROTEIN_CATABOLIC_PROCESS	TLS_VISIUM_USZ::LC2	11	514	0.0483	1.36e-05	flat	0.0223
GO:GOBP_REGULATION_OF_RESPIRATORY_BURST	TLS_VISIUM_USZ::LC2	11	514	0.0245	0.00543	flat	0.0266
GO:GOBP_REGULATION_OF_RESPONSE_TO_BIOTIC_STIMULUS	TLS_VISIUM_USZ::LC2	11	514	0.0029	0.69	flat	0.0029
GO:GOBP_REGULATION_OF_RESPONSE_TO_CYTOKINE_STIMULUS	TLS_VISIUM_USZ::LC2	11	514	0.0004	0.978	flat	0.0028
GO:GOBP_REGULATION_OF_RESPONSE_TO_EXTERNAL_STIMULUS	TLS_VISIUM_USZ::LC2	11	514	0.0076	0.272	flat	0.0047
GO:GOBP_REGULATION_OF_RESPONSE_TO_STRESS	TLS_VISIUM_USZ::LC2	11	514	0.0282	0.00219	flat	0.0055
GO:GOBP_REGULATION_OF_RESPONSE_TO_WOUNDING	TLS_VISIUM_USZ::LC2	11	514	0.0415	7.75e-05	flat	0.0147
GO:GOBP_REGULATION_OF_RNA_SPLICING	TLS_VISIUM_USZ::LC2	11	514	0.0351	0.000393	flat	0.0158
GO:GOBP_REGULATION_OF_SECRETION	TLS_VISIUM_USZ::LC2	11	514	0.0535	3.53e-06	flat	0.012
GO:GOBP_REGULATION_OF_SISTER_CHROMATID_SEGREGATION	TLS_VISIUM_USZ::LC2	11	514	0.0127	0.0879	flat	0.0169
GO:GOBP_REGULATION_OF_SMALL_GTPASE_MEDIATED_SIGNAL_TRANSDUCTION	TLS_VISIUM_USZ::LC2	11	514	0.0275	0.00262	flat	0.0146
GO:GOBP_REGULATION_OF_SMALL_MOLECULE_METABOLIC_PROCESS	TLS_VISIUM_USZ::LC2	11	514	0.0148	0.0546	flat	0.005
GO:GOBP_REGULATION_OF_SUPRAMOLECULAR_FIBER_ORGANIZATION	TLS_VISIUM_USZ::LC2	11	514	0.01	0.163	flat	0.0059
GO:GOBP_REGULATION_OF_SYNAPTIC_PLASTICITY	TLS_VISIUM_USZ::LC2	11	514	0.0654	1.51e-07	flat	0.0215
GO:GOBP_REGULATION_OF_SYSTEM_PROCESS	TLS_VISIUM_USZ::LC2	11	514	0.077	6.77e-09	flat	0.0173
GO:GOBP_REGULATION_OF_TELOMERE_MAINTENANCE	TLS_VISIUM_USZ::LC2	11	514	0.0438	4.28e-05	flat	0.0302
GO:GOBP_REGULATION_OF_TELOMERE_MAINTENANCE_VIA_TELOMERASE	TLS_VISIUM_USZ::LC2	11	514	0.0334	0.000607	flat	0.0303
GO:GOBP_REGULATION_OF_TELOMERE_MAINTENANCE_VIA_TELOMERE_LENGTHENING	TLS_VISIUM_USZ::LC2	11	514	0.0131	0.0801	flat	0.0155
GO:GOBP_REGULATION_OF_TRANSFERASE_ACTIVITY	TLS_VISIUM_USZ::LC2	11	514	0.037	0.000244	flat	0.0147
GO:GOBP_REGULATION_OF_TRANSLATION	TLS_VISIUM_USZ::LC2	11	514	0.0804	2.69e-09	flat	0.0244
GO:GOBP_REGULATION_OF_TRANSLATIONAL_INITIATION	TLS_VISIUM_USZ::LC2	11	514	0.0765	7.8e-09	flat	0.0394
GO:GOBP_REGULATION_OF_TRANSMEMBRANE_RECEPTOR_PROTEIN_SERINE_THREONINE_KINASE_SIGNALING_PATHWAY	TLS_VISIUM_USZ::LC2	11	514	0.0452	3.02e-05	flat	0.012
GO:GOBP_REGULATION_OF_TRANSMEMBRANE_TRANSPORT	TLS_VISIUM_USZ::LC2	11	514	0.0539	3.18e-06	flat	0.0138
GO:GOBP_REGULATION_OF_TRANSPORT	TLS_VISIUM_USZ::LC2	11	514	0.0345	0.000456	flat	0.0071
GO:GOBP_REGULATION_OF_TRANS_SYNAPTIC_SIGNALING	TLS_VISIUM_USZ::LC2	11	514	0.0695	5.18e-08	flat	0.0151
GO:GOBP_REGULATION_OF_TYPE_I_INTERFERON_MEDIATED_SIGNALING_PATHWAY	TLS_VISIUM_USZ::LC2	11	514	0.0454	2.83e-05	flat	0.0403
GO:GOBP_REGULATION_OF_T_CELL_ACTIVATION	TLS_VISIUM_USZ::LC2	11	514	0.0213	0.0118	flat	0.014
GO:GOBP_REGULATION_OF_T_CELL_MEDIATED_CYTOTOXICITY	TLS_VISIUM_USZ::LC2	11	514	0.0202	0.0154	flat	0.0214
GO:GOBP_REGULATION_OF_T_CELL_MEDIATED_IMMUNITY	TLS_VISIUM_USZ::LC2	11	514	0.019	0.0202	flat	0.017
GO:GOBP_REGULATION_OF_UBIQUITIN_DEPENDENT_PROTEIN_CATABOLIC_PROCESS	TLS_VISIUM_USZ::LC2	11	514	0.0334	0.000602	flat	0.0186
GO:GOBP_REGULATION_OF_VASCULATURE_DEVELOPMENT	TLS_VISIUM_USZ::LC2	11	514	0.0477	1.58e-05	flat	0.0119
GO:GOBP_REGULATION_OF_VESICLE_MEDIATED_TRANSPORT	TLS_VISIUM_USZ::LC2	11	514	0.0123	0.0962	flat	0.0059
GO:GOBP_REGULATION_OF_VIRAL_GENOME_REPLICATION	TLS_VISIUM_USZ::LC2	11	514	0.1013	8.63e-12	flat	0.0282
GO:GOBP_REGULATION_OF_VIRAL_LIFE_CYCLE	TLS_VISIUM_USZ::LC2	11	514	0.0345	0.000461	flat	0.0153
GO:GOBP_REGULATION_OF_VIRAL_PROCESS	TLS_VISIUM_USZ::LC2	11	514	0.0302	0.00135	flat	0.0131
GO:GOBP_REGULATION_OF_WNT_SIGNALING_PATHWAY	TLS_VISIUM_USZ::LC2	11	514	0.0477	1.6e-05	flat	0.01
GO:GOBP_REGULATORY_T_CELL_DIFFERENTIATION	TLS_VISIUM_USZ::LC2	11	514	0.046	2.44e-05	flat	0.0311
GO:GOBP_RENAL_SYSTEM_DEVELOPMENT	TLS_VISIUM_USZ::LC2	11	514	0.035	0.000402	flat	0.0104
GO:GOBP_RENAL_SYSTEM_PROCESS	TLS_VISIUM_USZ::LC2	11	514	0.0271	0.00284	flat	0.018
GO:GOBP_REPRODUCTIVE_PROCESS	TLS_VISIUM_USZ::LC2	11	514	0.0776	5.82e-09	flat	0.0107
GO:GOBP_REPRODUCTIVE_SYSTEM_DEVELOPMENT	TLS_VISIUM_USZ::LC2	11	514	0.0079	0.254	flat	0.0072
GO:GOBP_RESPIRATORY_SYSTEM_DEVELOPMENT	TLS_VISIUM_USZ::LC2	11	514	0.0516	5.78e-06	flat	0.013
GO:GOBP_RESPONSE_TO_ABIOTIC_STIMULUS	TLS_VISIUM_USZ::LC2	11	514	0.0536	3.38e-06	flat	0.0054
GO:GOBP_RESPONSE_TO_BACTERIUM	TLS_VISIUM_USZ::LC2	11	514	0.0586	9.26e-07	flat	0.0201
GO:GOBP_RESPONSE_TO_BMP	TLS_VISIUM_USZ::LC2	11	514	0.0413	8.13e-05	flat	0.0161
GO:GOBP_RESPONSE_TO_CADMIUM_ION	TLS_VISIUM_USZ::LC2	11	514	0.0168	0.0345	flat	0.0141
GO:GOBP_RESPONSE_TO_ENDOGENOUS_STIMULUS	TLS_VISIUM_USZ::LC2	11	514	0.0798	3.25e-09	flat	0.0086
GO:GOBP_RESPONSE_TO_GROWTH_FACTOR	TLS_VISIUM_USZ::LC2	11	514	0.094	6.54e-11	flat	0.0104
GO:GOBP_RESPONSE_TO_HORMONE	TLS_VISIUM_USZ::LC2	11	514	0.0316	0.000943	flat	0.0071
GO:GOBP_RESPONSE_TO_KETONE	TLS_VISIUM_USZ::LC2	11	514	0.0119	0.107	flat	0.0091
GO:GOBP_RESPONSE_TO_LIPID	TLS_VISIUM_USZ::LC2	11	514	0.0717	2.85e-08	flat	0.0141
GO:GOBP_RESPONSE_TO_MECHANICAL_STIMULUS	TLS_VISIUM_USZ::LC2	11	514	0.0169	0.0334	flat	0.0071
GO:GOBP_RESPONSE_TO_MOLECULE_OF_BACTERIAL_ORIGIN	TLS_VISIUM_USZ::LC2	11	514	0.0129	0.0849	flat	0.0106
GO:GOBP_RESPONSE_TO_NITROGEN_COMPOUND	TLS_VISIUM_USZ::LC2	11	514	0.0224	0.009	flat	0.0066
GO:GOBP_RESPONSE_TO_NUTRIENT_LEVELS	TLS_VISIUM_USZ::LC2	11	514	0.025	0.00486	flat	0.0101
GO:GOBP_RESPONSE_TO_OXIDATIVE_STRESS	TLS_VISIUM_USZ::LC2	11	514	0.0025	0.735	flat	0.0029
GO:GOBP_RESPONSE_TO_OXYGEN_CONTAINING_COMPOUND	TLS_VISIUM_USZ::LC2	11	514	0.0571	1.38e-06	flat	0.01
GO:GOBP_RESPONSE_TO_OXYGEN_LEVELS	TLS_VISIUM_USZ::LC2	11	514	0.0342	0.000486	flat	0.0099
GO:GOBP_RESPONSE_TO_PEPTIDE	TLS_VISIUM_USZ::LC2	11	514	0.0096	0.178	flat	0.0065
GO:GOBP_RESPONSE_TO_PEPTIDE_HORMONE	TLS_VISIUM_USZ::LC2	11	514	0.0253	0.00441	flat	0.0086
GO:GOBP_RESPONSE_TO_RADIATION	TLS_VISIUM_USZ::LC2	11	514	0.03	0.00139	flat	0.0122
GO:GOBP_RESPONSE_TO_STARVATION	TLS_VISIUM_USZ::LC2	11	514	0.0389	0.000151	flat	0.0146
GO:GOBP_RESPONSE_TO_STEROID_HORMONE	TLS_VISIUM_USZ::LC2	11	514	0.0567	1.5e-06	flat	0.0082
GO:GOBP_RESPONSE_TO_TEMPERATURE_STIMULUS	TLS_VISIUM_USZ::LC2	11	514	0.0068	0.322	flat	0.0069
GO:GOBP_RESPONSE_TO_TOXIC_SUBSTANCE	TLS_VISIUM_USZ::LC2	11	514	0.035	0.000398	flat	0.0135
GO:GOBP_RESPONSE_TO_TRANSFORMING_GROWTH_FACTOR_BETA	TLS_VISIUM_USZ::LC2	11	514	0.094	6.6e-11	flat	0.0147
GO:GOBP_RESPONSE_TO_TYPE_II_INTERFERON	TLS_VISIUM_USZ::LC2	11	514	0.0029	0.687	flat	0.009
GO:GOBP_RESPONSE_TO_TYPE_I_INTERFERON	TLS_VISIUM_USZ::LC2	11	514	0.0338	0.000538	flat	0.0227
GO:GOBP_RESPONSE_TO_VIRUS	TLS_VISIUM_USZ::LC2	11	514	0.0242	0.00588	flat	0.0072
GO:GOBP_RESPONSE_TO_WOUNDING	TLS_VISIUM_USZ::LC2	11	514	0.0588	8.87e-07	flat	0.01
GO:GOBP_RESPONSE_TO_XENOBIOTIC_STIMULUS	TLS_VISIUM_USZ::LC2	11	514	0.0227	0.0084	flat	0.0057
GO:GOBP_RHYTHMIC_PROCESS	TLS_VISIUM_USZ::LC2	11	514	0.0694	5.33e-08	flat	0.0115
GO:GOBP_RIBONUCLEOPROTEIN_COMPLEX_BIOGENESIS	TLS_VISIUM_USZ::LC2	11	514	0.1176	8.72e-14	flat	0.0351
GO:GOBP_RIBOSE_PHOSPHATE_BIOSYNTHETIC_PROCESS	TLS_VISIUM_USZ::LC2	11	514	0.0111	0.128	flat	0.007
GO:GOBP_RIBOSE_PHOSPHATE_METABOLIC_PROCESS	TLS_VISIUM_USZ::LC2	11	514	0.0932	8.27e-11	flat	0.0187
GO:GOBP_RIBOSOMAL_LARGE_SUBUNIT_BIOGENESIS	TLS_VISIUM_USZ::LC2	11	514	0.0432	5.02e-05	flat	0.036
GO:GOBP_RIBOSOME_BIOGENESIS	TLS_VISIUM_USZ::LC2	11	514	0.0873	4.15e-10	flat	0.0374
GO:GOBP_RNA_EXPORT_FROM_NUCLEUS	TLS_VISIUM_USZ::LC2	11	514	0.0575	1.24e-06	flat	0.0339
GO:GOBP_RNA_LOCALIZATION	TLS_VISIUM_USZ::LC2	11	514	0.0889	2.7e-10	flat	0.0363
GO:GOBP_RNA_MODIFICATION	TLS_VISIUM_USZ::LC2	11	514	0.0465	2.16e-05	flat	0.0225
GO:GOBP_RNA_PROCESSING	TLS_VISIUM_USZ::LC2	11	514	0.1009	9.63e-12	flat	0.0254
GO:GOBP_RNA_SPLICING	TLS_VISIUM_USZ::LC2	11	514	0.0848	8.18e-10	flat	0.0197
GO:GOBP_RNA_SPLICING_VIA_TRANSESTERIFICATION_REACTIONS	TLS_VISIUM_USZ::LC2	11	514	0.0439	4.22e-05	flat	0.014
GO:GOBP_RNA_TEMPLATED_DNA_BIOSYNTHETIC_PROCESS	TLS_VISIUM_USZ::LC2	11	514	0.0232	0.00746	flat	0.0195
GO:GOBP_RRNA_METABOLIC_PROCESS	TLS_VISIUM_USZ::LC2	11	514	0.0709	3.54e-08	flat	0.0286
GO:GOBP_RRNA_PROCESSING	TLS_VISIUM_USZ::LC2	11	514	0.0863	5.51e-10	flat	0.0406
GO:GOBP_SECONDARY_ALCOHOL_METABOLIC_PROCESS	TLS_VISIUM_USZ::LC2	11	514	0.0388	0.000153	flat	0.0166
GO:GOBP_SECRETION	TLS_VISIUM_USZ::LC2	11	514	0.0457	2.63e-05	flat	0.0104
GO:GOBP_SEMI_LUNAR_VALVE_DEVELOPMENT	TLS_VISIUM_USZ::LC2	11	514	0.0694	5.32e-08	flat	0.0301
GO:GOBP_SENSORY_ORGAN_DEVELOPMENT	TLS_VISIUM_USZ::LC2	11	514	0.0521	5.02e-06	flat	0.0126
GO:GOBP_SENSORY_ORGAN_MORPHOGENESIS	TLS_VISIUM_USZ::LC2	11	514	0.015	0.0521	flat	0.0071
GO:GOBP_SENSORY_PERCEPTION	TLS_VISIUM_USZ::LC2	11	514	0.1726	7.91e-21	flat	0.032
GO:GOBP_SENSORY_SYSTEM_DEVELOPMENT	TLS_VISIUM_USZ::LC2	11	514	0.0198	0.0168	flat	0.0078
GO:GOBP_SEQUESTERING_OF_CALCIUM_ION	TLS_VISIUM_USZ::LC2	11	514	0.0028	0.698	flat	0.0032
GO:GOBP_SEXUAL_REPRODUCTION	TLS_VISIUM_USZ::LC2	11	514	0.0246	0.00528	flat	0.0058
GO:GOBP_SIGNAL_RELEASE	TLS_VISIUM_USZ::LC2	11	514	0.0653	1.57e-07	flat	0.0148
GO:GOBP_SIGNAL_TRANSDUCTION_BY_P53_CLASS_MEDIATOR	TLS_VISIUM_USZ::LC2	11	514	0.0671	9.74e-08	flat	0.0265
GO:GOBP_SIGNAL_TRANSDUCTION_IN_RESPONSE_TO_DNA_DAMAGE	TLS_VISIUM_USZ::LC2	11	514	0.033	0.000666	flat	0.0163
GO:GOBP_SISTER_CHROMATID_SEGREGATION	TLS_VISIUM_USZ::LC2	11	514	0.0174	0.0297	flat	0.0171
GO:GOBP_SKELETAL_MUSCLE_CELL_DIFFERENTIATION	TLS_VISIUM_USZ::LC2	11	514	0.0045	0.511	flat	0.0052
GO:GOBP_SKELETAL_SYSTEM_DEVELOPMENT	TLS_VISIUM_USZ::LC2	11	514	0.0457	2.62e-05	flat	0.0088
GO:GOBP_SKIN_DEVELOPMENT	TLS_VISIUM_USZ::LC2	11	514	0.0311	0.00107	flat	0.01
GO:GOBP_SMALL_GTPASE_MEDIATED_SIGNAL_TRANSDUCTION	TLS_VISIUM_USZ::LC2	11	514	0.0536	3.47e-06	flat	0.0137
GO:GOBP_SMALL_MOLECULE_BIOSYNTHETIC_PROCESS	TLS_VISIUM_USZ::LC2	11	514	0.0319	0.000877	flat	0.0073
GO:GOBP_SMALL_MOLECULE_CATABOLIC_PROCESS	TLS_VISIUM_USZ::LC2	11	514	0.0069	0.315	flat	0.0063
GO:GOBP_SMALL_MOLECULE_METABOLIC_PROCESS	TLS_VISIUM_USZ::LC2	11	514	0.0777	5.66e-09	flat	0.0085
GO:GOBP_SMOOTH_MUSCLE_CELL_PROLIFERATION	TLS_VISIUM_USZ::LC2	11	514	0.0267	0.00317	flat	0.0157
GO:GOBP_SPINDLE_ASSEMBLY	TLS_VISIUM_USZ::LC2	11	514	0.027	0.00296	flat	0.0225
GO:GOBP_SPINDLE_ORGANIZATION	TLS_VISIUM_USZ::LC2	11	514	0.0424	6.24e-05	flat	0.023
GO:GOBP_SPROUTING_ANGIOGENESIS	TLS_VISIUM_USZ::LC2	11	514	0.0297	0.00152	flat	0.0147
GO:GOBP_STEM_CELL_DIFFERENTIATION	TLS_VISIUM_USZ::LC2	11	514	0.0566	1.58e-06	flat	0.0122
GO:GOBP_STEM_CELL_PROLIFERATION	TLS_VISIUM_USZ::LC2	11	514	0.0536	3.4e-06	flat	0.0186
GO:GOBP_STEROID_BIOSYNTHETIC_PROCESS	TLS_VISIUM_USZ::LC2	11	514	0.019	0.0206	flat	0.0091
GO:GOBP_STEROID_METABOLIC_PROCESS	TLS_VISIUM_USZ::LC2	11	514	0.0206	0.0139	flat	0.0048
GO:GOBP_STEROL_BIOSYNTHETIC_PROCESS	TLS_VISIUM_USZ::LC2	11	514	0.0454	2.87e-05	flat	0.0259
GO:GOBP_SULFUR_COMPOUND_METABOLIC_PROCESS	TLS_VISIUM_USZ::LC2	11	514	0.0096	0.175	flat	0.0036
GO:GOBP_SUPRAMOLECULAR_FIBER_ORGANIZATION	TLS_VISIUM_USZ::LC2	11	514	0.0315	0.000954	flat	0.0053
GO:GOBP_SYNAPSE_ASSEMBLY	TLS_VISIUM_USZ::LC2	11	514	0.02	0.0159	flat	0.0108
GO:GOBP_SYNAPSE_ORGANIZATION	TLS_VISIUM_USZ::LC2	11	514	0.0353	0.000378	flat	0.0093
GO:GOBP_SYNAPTIC_SIGNALING	TLS_VISIUM_USZ::LC2	11	514	0.1146	2.04e-13	flat	0.0223
GO:GOBP_TAXIS	TLS_VISIUM_USZ::LC2	11	514	0.0516	5.81e-06	flat	0.0216
GO:GOBP_TELOMERASE_RNA_LOCALIZATION	TLS_VISIUM_USZ::LC2	11	514	0.0435	4.69e-05	flat	0.0202
GO:GOBP_TELOMERE_MAINTENANCE_VIA_TELOMERE_LENGTHENING	TLS_VISIUM_USZ::LC2	11	514	0.0125	0.0926	flat	0.0132
GO:GOBP_TELOMERE_ORGANIZATION	TLS_VISIUM_USZ::LC2	11	514	0.0263	0.00352	flat	0.0166
GO:GOBP_TIGHT_JUNCTION_ASSEMBLY	TLS_VISIUM_USZ::LC2	11	514	0.0022	0.772	flat	0.0074
GO:GOBP_TIGHT_JUNCTION_ORGANIZATION	TLS_VISIUM_USZ::LC2	11	514	0.0002	0.989	flat	0.0011
GO:GOBP_TISSUE_HOMEOSTASIS	TLS_VISIUM_USZ::LC2	11	514	0.0694	5.28e-08	flat	0.0148
GO:GOBP_TISSUE_MORPHOGENESIS	TLS_VISIUM_USZ::LC2	11	514	0.1031	5.23e-12	flat	0.01
GO:GOBP_TISSUE_REMODELING	TLS_VISIUM_USZ::LC2	11	514	0.0481	1.44e-05	flat	0.0148
GO:GOBP_TRANSFORMING_GROWTH_FACTOR_BETA_RECEPTOR_SIGNALING_PATHWAY	TLS_VISIUM_USZ::LC2	11	514	0.0442	3.88e-05	flat	0.01
GO:GOBP_TRANSLATION	TLS_VISIUM_USZ::LC2	11	514	0.1101	7.29e-13	flat	0.0258
GO:GOBP_TRANSLATIONAL_INITIATION	TLS_VISIUM_USZ::LC2	11	514	0.0928	9.23e-11	flat	0.0442
GO:GOBP_TRANSMEMBRANE_TRANSPORT	TLS_VISIUM_USZ::LC2	11	514	0.0878	3.62e-10	flat	0.0111
GO:GOBP_TRNA_METABOLIC_PROCESS	TLS_VISIUM_USZ::LC2	11	514	0.041	8.83e-05	flat	0.0308
GO:GOBP_TUBE_DEVELOPMENT	TLS_VISIUM_USZ::LC2	11	514	0.0437	4.46e-05	flat	0.0057
GO:GOBP_TUBE_MORPHOGENESIS	TLS_VISIUM_USZ::LC2	11	514	0.0731	1.95e-08	flat	0.0095
GO:GOBP_TUMOR_NECROSIS_FACTOR_MEDIATED_SIGNALING_PATHWAY	TLS_VISIUM_USZ::LC2	11	514	0.0014	0.873	flat	0.0027
GO:GOBP_TUMOR_NECROSIS_FACTOR_SUPERFAMILY_CYTOKINE_PRODUCTION	TLS_VISIUM_USZ::LC2	11	514	0.0106	0.143	flat	0.0135
GO:GOBP_TYPE_II_INTERFERON_PRODUCTION	TLS_VISIUM_USZ::LC2	11	514	0.0279	0.00239	flat	0.0154
GO:GOBP_TYPE_I_INTERFERON_PRODUCTION	TLS_VISIUM_USZ::LC2	11	514	0.0134	0.0757	flat	0.0189
GO:GOBP_T_CELL_ACTIVATION	TLS_VISIUM_USZ::LC2	11	514	0.0247	0.00514	flat	0.0156
GO:GOBP_T_CELL_ACTIVATION_INVOLVED_IN_IMMUNE_RESPONSE	TLS_VISIUM_USZ::LC2	11	514	0.0388	0.000155	flat	0.021
GO:GOBP_T_CELL_DIFFERENTIATION	TLS_VISIUM_USZ::LC2	11	514	0.0202	0.0154	flat	0.0114
GO:GOBP_T_CELL_MEDIATED_IMMUNITY	TLS_VISIUM_USZ::LC2	11	514	0.0043	0.532	flat	0.0088
GO:GOBP_T_CELL_PROLIFERATION	TLS_VISIUM_USZ::LC2	11	514	0.0065	0.344	flat	0.0116
GO:GOBP_T_CELL_RECEPTOR_SIGNALING_PATHWAY	TLS_VISIUM_USZ::LC2	11	514	0.0016	0.85	flat	0.0037
GO:GOBP_VACUOLE_ORGANIZATION	TLS_VISIUM_USZ::LC2	11	514	0.0962	3.54e-11	flat	0.0342
GO:GOBP_VASCULAR_ASSOCIATED_SMOOTH_MUSCLE_CELL_PROLIFERATION	TLS_VISIUM_USZ::LC2	11	514	0.0315	0.000965	flat	0.0193
GO:GOBP_VASCULATURE_DEVELOPMENT	TLS_VISIUM_USZ::LC2	11	514	0.0878	3.63e-10	flat	0.0123
GO:GOBP_VASCULOGENESIS	TLS_VISIUM_USZ::LC2	11	514	0.0075	0.276	flat	0.006
GO:GOBP_VESICLE_MEDIATED_TRANSPORT	TLS_VISIUM_USZ::LC2	11	514	0.0126	0.0901	flat	0.0039
GO:GOBP_VESICLE_ORGANIZATION	TLS_VISIUM_USZ::LC2	11	514	0.0255	0.00426	flat	0.014
GO:GOBP_VIRAL_GENOME_REPLICATION	TLS_VISIUM_USZ::LC2	11	514	0.0405	0.0001	flat	0.0182
GO:GOBP_VIRAL_LIFE_CYCLE	TLS_VISIUM_USZ::LC2	11	514	0.0081	0.245	flat	0.0087
GO:GOBP_VIRAL_PROCESS	TLS_VISIUM_USZ::LC2	11	514	0.0524	4.67e-06	flat	0.0154
GO:GOBP_WNT_SIGNALING_PATHWAY	TLS_VISIUM_USZ::LC2	11	514	0.0705	3.96e-08	flat	0.0118
GO:GOBP_WOUND_HEALING	TLS_VISIUM_USZ::LC2	11	514	0.0708	3.64e-08	flat	0.0129
GO:GOBP_ACTIN_FILAMENT_BASED_PROCESS	TLS_VISIUM_USZ::LC1	17	579	0.001	0.898	flat	0.0005
GO:GOBP_ACTIN_FILAMENT_BUNDLE_ORGANIZATION	TLS_VISIUM_USZ::LC1	17	579	0.001	0.896	flat	0.0012
GO:GOBP_ACTIN_FILAMENT_ORGANIZATION	TLS_VISIUM_USZ::LC1	17	579	0.0008	0.928	flat	0.0009
GO:GOBP_ACTIVATION_OF_IMMUNE_RESPONSE	TLS_VISIUM_USZ::LC1	17	579	0.0042	0.488	flat	0.0016
GO:GOBP_ACTIVATION_OF_INNATE_IMMUNE_RESPONSE	TLS_VISIUM_USZ::LC1	17	579	0.0102	0.118	flat	0.0032
GO:GOBP_ACTOMYOSIN_STRUCTURE_ORGANIZATION	TLS_VISIUM_USZ::LC1	17	579	0.0197	0.00956	flat	0.0057
GO:GOBP_ADAPTIVE_IMMUNE_RESPONSE	TLS_VISIUM_USZ::LC1	17	579	0.0182	0.0142	flat	0.0033
GO:GOBP_ADAPTIVE_IMMUNE_RESPONSE_BASED_ON_SOMATIC_RECOMBINATION_OF_IMMUNE_RECEPTORS_BUILT_FROM_IMMUNOGLOBULIN_SUPERFAMILY_DOMAINS	TLS_VISIUM_USZ::LC1	17	579	0.0134	0.0516	flat	0.0025
GO:GOBP_AEROBIC_RESPIRATION	TLS_VISIUM_USZ::LC1	17	579	0.0071	0.251	flat	0.0044
GO:GOBP_ALCOHOL_BIOSYNTHETIC_PROCESS	TLS_VISIUM_USZ::LC1	17	579	0.0191	0.0111	flat	0.0067
GO:GOBP_ALCOHOL_METABOLIC_PROCESS	TLS_VISIUM_USZ::LC1	17	579	0.0226	0.00433	flat	0.0041
GO:GOBP_ALPHA_AMINO_ACID_METABOLIC_PROCESS	TLS_VISIUM_USZ::LC1	17	579	0.0089	0.16	flat	0.004
GO:GOBP_ALPHA_BETA_T_CELL_ACTIVATION	TLS_VISIUM_USZ::LC1	17	579	0.0162	0.0244	flat	0.0056
GO:GOBP_AMEBOIDAL_TYPE_CELL_MIGRATION	TLS_VISIUM_USZ::LC1	17	579	0.0033	0.598	flat	0.0021
GO:GOBP_AMIDE_METABOLIC_PROCESS	TLS_VISIUM_USZ::LC1	17	579	0.0446	8.46e-06	flat	0.005
GO:GOBP_AMINO_ACID_METABOLIC_PROCESS	TLS_VISIUM_USZ::LC1	17	579	0.0053	0.383	flat	0.0025
GO:GOBP_ANATOMICAL_STRUCTURE_FORMATION_INVOLVED_IN_MORPHOGENESIS	TLS_VISIUM_USZ::LC1	17	579	0.0263	0.00155	flat	0.0027
GO:GOBP_ANATOMICAL_STRUCTURE_MATURATION	TLS_VISIUM_USZ::LC1	17	579	0.0547	4.34e-07	flat	0.007
GO:GOBP_ANIMAL_ORGAN_MORPHOGENESIS	TLS_VISIUM_USZ::LC1	17	579	0.0633	3.38e-08	flat	0.0051
GO:GOBP_ANTERIOR_POSTERIOR_PATTERN_SPECIFICATION	TLS_VISIUM_USZ::LC1	17	579	0.0642	2.58e-08	flat	0.0096
GO:GOBP_ANTIBACTERIAL_HUMORAL_RESPONSE	TLS_VISIUM_USZ::LC1	17	579	0.1097	2.01e-14	flat	0.0303
GO:GOBP_ANTIGEN_PROCESSING_AND_PRESENTATION	TLS_VISIUM_USZ::LC1	17	579	0.0398	3.38e-05	flat	0.0106
GO:GOBP_ANTIGEN_PROCESSING_AND_PRESENTATION_OF_ENDOGENOUS_ANTIGEN	TLS_VISIUM_USZ::LC1	17	579	0.0178	0.0158	flat	0.0147
GO:GOBP_ANTIGEN_PROCESSING_AND_PRESENTATION_OF_ENDOGENOUS_PEPTIDE_ANTIGEN	TLS_VISIUM_USZ::LC1	17	579	0.0542	5.13e-07	flat	0.03
GO:GOBP_ANTIGEN_PROCESSING_AND_PRESENTATION_OF_EXOGENOUS_ANTIGEN	TLS_VISIUM_USZ::LC1	17	579	0.0162	0.0244	flat	0.0095
GO:GOBP_ANTIGEN_PROCESSING_AND_PRESENTATION_OF_EXOGENOUS_PEPTIDE_ANTIGEN	TLS_VISIUM_USZ::LC1	17	579	0.0666	1.27e-08	flat	0.0251
GO:GOBP_ANTIGEN_PROCESSING_AND_PRESENTATION_OF_PEPTIDE_ANTIGEN	TLS_VISIUM_USZ::LC1	17	579	0.0793	2.67e-10	flat	0.0225
GO:GOBP_ANTIGEN_PROCESSING_AND_PRESENTATION_OF_PEPTIDE_ANTIGEN_VIA_MHC_CLASS_I	TLS_VISIUM_USZ::LC1	17	579	0.0294	0.000653	flat	0.0153
GO:GOBP_ANTIGEN_PROCESSING_AND_PRESENTATION_OF_PEPTIDE_OR_POLYSACCHARIDE_ANTIGEN_VIA_MHC_CLASS_II	TLS_VISIUM_USZ::LC1	17	579	0.0029	0.644	flat	0.0052
GO:GOBP_ANTIVIRAL_INNATE_IMMUNE_RESPONSE	TLS_VISIUM_USZ::LC1	17	579	0.009	0.159	flat	0.0062
GO:GOBP_AORTIC_VALVE_MORPHOGENESIS	TLS_VISIUM_USZ::LC1	17	579	0.0053	0.387	flat	0.0048
GO:GOBP_APICAL_JUNCTION_ASSEMBLY	TLS_VISIUM_USZ::LC1	17	579	0.0088	0.167	flat	0.006
GO:GOBP_APOPTOTIC_PROCESS	TLS_VISIUM_USZ::LC1	17	579	0.0048	0.43	flat	0.001
GO:GOBP_APOPTOTIC_SIGNALING_PATHWAY	TLS_VISIUM_USZ::LC1	17	579	0.0229	0.00394	flat	0.0065
GO:GOBP_APPENDAGE_MORPHOGENESIS	TLS_VISIUM_USZ::LC1	17	579	0.0212	0.00629	flat	0.0066
GO:GOBP_ARTERY_DEVELOPMENT	TLS_VISIUM_USZ::LC1	17	579	0.0056	0.355	flat	0.0032
GO:GOBP_ATP_BIOSYNTHETIC_PROCESS	TLS_VISIUM_USZ::LC1	17	579	0.015	0.0332	flat	0.0114
GO:GOBP_ATP_METABOLIC_PROCESS	TLS_VISIUM_USZ::LC1	17	579	0.0311	0.000406	flat	0.0123
GO:GOBP_ATP_SYNTHESIS_COUPLED_ELECTRON_TRANSPORT	TLS_VISIUM_USZ::LC1	17	579	0.021	0.00666	flat	0.013
GO:GOBP_ATTACHMENT_OF_SPINDLE_MICROTUBULES_TO_KINETOCHORE	TLS_VISIUM_USZ::LC1	17	579	0.0157	0.0282	flat	0.0093
GO:GOBP_AXON_DEVELOPMENT	TLS_VISIUM_USZ::LC1	17	579	0.0393	3.88e-05	flat	0.0049
GO:GOBP_BEHAVIOR	TLS_VISIUM_USZ::LC1	17	579	0.0366	8.43e-05	flat	0.0048
GO:GOBP_BIOLOGICAL_PROCESS_INVOLVED_IN_INTERACTION_WITH_HOST	TLS_VISIUM_USZ::LC1	17	579	0.0013	0.856	flat	0.0016
GO:GOBP_BIOLOGICAL_PROCESS_INVOLVED_IN_INTERSPECIES_INTERACTION_BETWEEN_ORGANISMS	TLS_VISIUM_USZ::LC1	17	579	0.0086	0.175	flat	0.0014
GO:GOBP_BIOLOGICAL_PROCESS_INVOLVED_IN_SYMBIOTIC_INTERACTION	TLS_VISIUM_USZ::LC1	17	579	0.0029	0.64	flat	0.002
GO:GOBP_BLOOD_VESSEL_ENDOTHELIAL_CELL_MIGRATION	TLS_VISIUM_USZ::LC1	17	579	0.0028	0.663	flat	0.0028
GO:GOBP_BLOOD_VESSEL_MORPHOGENESIS	TLS_VISIUM_USZ::LC1	17	579	0.0055	0.369	flat	0.0014
GO:GOBP_BONE_DEVELOPMENT	TLS_VISIUM_USZ::LC1	17	579	0.0049	0.418	flat	0.0026
GO:GOBP_BONE_MINERALIZATION	TLS_VISIUM_USZ::LC1	17	579	0.0063	0.304	flat	0.0041
GO:GOBP_BONE_MORPHOGENESIS	TLS_VISIUM_USZ::LC1	17	579	0.002	0.771	flat	0.0027
GO:GOBP_B_CELL_ACTIVATION	TLS_VISIUM_USZ::LC1	17	579	0.0074	0.231	flat	0.003
GO:GOBP_B_CELL_MEDIATED_IMMUNITY	TLS_VISIUM_USZ::LC1	17	579	0.0517	1.05e-06	flat	0.0108
GO:GOBP_B_CELL_RECEPTOR_SIGNALING_PATHWAY	TLS_VISIUM_USZ::LC1	17	579	0.0026	0.678	flat	0.0036
GO:GOBP_CALCIUM_ION_HOMEOSTASIS	TLS_VISIUM_USZ::LC1	17	579	0.0583	1.51e-07	flat	0.0079
GO:GOBP_CALCIUM_ION_TRANSMEMBRANE_IMPORT_INTO_CYTOSOL	TLS_VISIUM_USZ::LC1	17	579	0.0096	0.136	flat	0.004
GO:GOBP_CALCIUM_ION_TRANSMEMBRANE_TRANSPORT	TLS_VISIUM_USZ::LC1	17	579	0.0597	9.91e-08	flat	0.0074
GO:GOBP_CALCIUM_ION_TRANSPORT	TLS_VISIUM_USZ::LC1	17	579	0.047	4.23e-06	flat	0.0066
GO:GOBP_CALCIUM_MEDIATED_SIGNALING	TLS_VISIUM_USZ::LC1	17	579	0.0212	0.00635	flat	0.006
GO:GOBP_CANONICAL_NF_KAPPAB_SIGNAL_TRANSDUCTION	TLS_VISIUM_USZ::LC1	17	579	0.0226	0.00436	flat	0.0064
GO:GOBP_CANONICAL_WNT_SIGNALING_PATHWAY	TLS_VISIUM_USZ::LC1	17	579	0.0225	0.00439	flat	0.0055
GO:GOBP_CARBOHYDRATE_CATABOLIC_PROCESS	TLS_VISIUM_USZ::LC1	17	579	0.0269	0.00132	flat	0.0064
GO:GOBP_CARBOHYDRATE_DERIVATIVE_BIOSYNTHETIC_PROCESS	TLS_VISIUM_USZ::LC1	17	579	0.0417	1.96e-05	flat	0.0048
GO:GOBP_CARBOHYDRATE_DERIVATIVE_CATABOLIC_PROCESS	TLS_VISIUM_USZ::LC1	17	579	0.0206	0.00738	flat	0.0046
GO:GOBP_CARBOHYDRATE_DERIVATIVE_METABOLIC_PROCESS	TLS_VISIUM_USZ::LC1	17	579	0.0274	0.00114	flat	0.0029
GO:GOBP_CARBOHYDRATE_METABOLIC_PROCESS	TLS_VISIUM_USZ::LC1	17	579	0.0362	9.44e-05	flat	0.0044
GO:GOBP_CARDIAC_CHAMBER_DEVELOPMENT	TLS_VISIUM_USZ::LC1	17	579	0.0458	5.92e-06	flat	0.0084
GO:GOBP_CARDIAC_CHAMBER_MORPHOGENESIS	TLS_VISIUM_USZ::LC1	17	579	0.0591	1.18e-07	flat	0.0108
GO:GOBP_CARDIAC_MUSCLE_TISSUE_DEVELOPMENT	TLS_VISIUM_USZ::LC1	17	579	0.0829	8.81e-11	flat	0.0096
GO:GOBP_CARDIAC_SEPTUM_DEVELOPMENT	TLS_VISIUM_USZ::LC1	17	579	0.0527	7.81e-07	flat	0.0107
GO:GOBP_CARDIAC_VENTRICLE_DEVELOPMENT	TLS_VISIUM_USZ::LC1	17	579	0.0304	0.00049	flat	0.0088
GO:GOBP_CARTILAGE_DEVELOPMENT	TLS_VISIUM_USZ::LC1	17	579	0.0073	0.241	flat	0.0036
GO:GOBP_CELLULAR_COMPONENT_DISASSEMBLY	TLS_VISIUM_USZ::LC1	17	579	0.0385	4.87e-05	flat	0.0058
GO:GOBP_CELLULAR_HOMEOSTASIS	TLS_VISIUM_USZ::LC1	17	579	0.0443	9.15e-06	flat	0.005
GO:GOBP_CELLULAR_RESPIRATION	TLS_VISIUM_USZ::LC1	17	579	0.0373	6.96e-05	flat	0.01
GO:GOBP_CELLULAR_RESPONSE_TO_BIOTIC_STIMULUS	TLS_VISIUM_USZ::LC1	17	579	0.0304	0.000492	flat	0.0056
GO:GOBP_CELLULAR_RESPONSE_TO_CHEMICAL_STRESS	TLS_VISIUM_USZ::LC1	17	579	0.0111	0.0938	flat	0.0031
GO:GOBP_CELLULAR_RESPONSE_TO_ENDOGENOUS_STIMULUS	TLS_VISIUM_USZ::LC1	17	579	0.0391	4.18e-05	flat	0.0034
GO:GOBP_CELLULAR_RESPONSE_TO_HORMONE_STIMULUS	TLS_VISIUM_USZ::LC1	17	579	0.0242	0.00279	flat	0.0041
GO:GOBP_CELLULAR_RESPONSE_TO_HYDROGEN_PEROXIDE	TLS_VISIUM_USZ::LC1	17	579	0.0018	0.786	flat	0.0032
GO:GOBP_CELLULAR_RESPONSE_TO_INSULIN_STIMULUS	TLS_VISIUM_USZ::LC1	17	579	0.0239	0.00299	flat	0.0068
GO:GOBP_CELLULAR_RESPONSE_TO_LIPID	TLS_VISIUM_USZ::LC1	17	579	0.0026	0.683	flat	0.0011
GO:GOBP_CELLULAR_RESPONSE_TO_MOLECULE_OF_BACTERIAL_ORIGIN	TLS_VISIUM_USZ::LC1	17	579	0.0213	0.0061	flat	0.0052
GO:GOBP_CELLULAR_RESPONSE_TO_NITROGEN_COMPOUND	TLS_VISIUM_USZ::LC1	17	579	0.0285	0.000831	flat	0.004
GO:GOBP_CELLULAR_RESPONSE_TO_NUTRIENT_LEVELS	TLS_VISIUM_USZ::LC1	17	579	0.0134	0.0505	flat	0.004
GO:GOBP_CELLULAR_RESPONSE_TO_OXIDATIVE_STRESS	TLS_VISIUM_USZ::LC1	17	579	0.0081	0.196	flat	0.0031
GO:GOBP_CELLULAR_RESPONSE_TO_OXYGEN_CONTAINING_COMPOUND	TLS_VISIUM_USZ::LC1	17	579	0.0679	8.53e-09	flat	0.0047
GO:GOBP_CELLULAR_RESPONSE_TO_STARVATION	TLS_VISIUM_USZ::LC1	17	579	0.0293	0.000669	flat	0.0057
GO:GOBP_CELLULAR_RESPONSE_TO_STRESS	TLS_VISIUM_USZ::LC1	17	579	0.0025	0.696	flat	0.0007
GO:GOBP_CELLULAR_RESPONSE_TO_TYPE_II_INTERFERON	TLS_VISIUM_USZ::LC1	17	579	0.0069	0.263	flat	0.0054
GO:GOBP_CELLULAR_RESPONSE_TO_VASCULAR_ENDOTHELIAL_GROWTH_FACTOR_STIMULUS	TLS_VISIUM_USZ::LC1	17	579	0.0229	0.00398	flat	0.0081
GO:GOBP_CELL_ACTIVATION	TLS_VISIUM_USZ::LC1	17	579	0.0137	0.0473	flat	0.0021
GO:GOBP_CELL_ACTIVATION_INVOLVED_IN_IMMUNE_RESPONSE	TLS_VISIUM_USZ::LC1	17	579	0.012	0.0729	flat	0.0037
GO:GOBP_CELL_ADHESION	TLS_VISIUM_USZ::LC1	17	579	0.039	4.22e-05	flat	0.0027
GO:GOBP_CELL_CELL_ADHESION	TLS_VISIUM_USZ::LC1	17	579	0.0209	0.00692	flat	0.0023
GO:GOBP_CELL_CELL_JUNCTION_ASSEMBLY	TLS_VISIUM_USZ::LC1	17	579	0.0076	0.224	flat	0.0041
GO:GOBP_CELL_CELL_JUNCTION_ORGANIZATION	TLS_VISIUM_USZ::LC1	17	579	0.0029	0.646	flat	0.0019
GO:GOBP_CELL_CELL_SIGNALING	TLS_VISIUM_USZ::LC1	17	579	0.1382	1.91e-18	flat	0.0076
GO:GOBP_CELL_CHEMOTAXIS	TLS_VISIUM_USZ::LC1	17	579	0.0297	0.000601	flat	0.0049
GO:GOBP_CELL_CYCLE	TLS_VISIUM_USZ::LC1	17	579	0.0211	0.00651	flat	0.0025
GO:GOBP_CELL_CYCLE_CHECKPOINT_SIGNALING	TLS_VISIUM_USZ::LC1	17	579	0.0209	0.00688	flat	0.0071
GO:GOBP_CELL_CYCLE_G1_S_PHASE_TRANSITION	TLS_VISIUM_USZ::LC1	17	579	0.0128	0.0595	flat	0.0036
GO:GOBP_CELL_CYCLE_G2_M_PHASE_TRANSITION	TLS_VISIUM_USZ::LC1	17	579	0.049	2.35e-06	flat	0.0103
GO:GOBP_CELL_CYCLE_PHASE_TRANSITION	TLS_VISIUM_USZ::LC1	17	579	0.0283	0.000899	flat	0.0046
GO:GOBP_CELL_CYCLE_PROCESS	TLS_VISIUM_USZ::LC1	17	579	0.0688	6.43e-09	flat	0.0052
GO:GOBP_CELL_DIVISION	TLS_VISIUM_USZ::LC1	17	579	0.0318	0.000331	flat	0.0041
GO:GOBP_CELL_FATE_COMMITMENT	TLS_VISIUM_USZ::LC1	17	579	0.0668	1.19e-08	flat	0.0081
GO:GOBP_CELL_GROWTH	TLS_VISIUM_USZ::LC1	17	579	0.0041	0.501	flat	0.0021
GO:GOBP_CELL_JUNCTION_ASSEMBLY	TLS_VISIUM_USZ::LC1	17	579	0.0138	0.0457	flat	0.0028
GO:GOBP_CELL_JUNCTION_ORGANIZATION	TLS_VISIUM_USZ::LC1	17	579	0.0253	0.00206	flat	0.003
GO:GOBP_CELL_KILLING	TLS_VISIUM_USZ::LC1	17	579	0.0019	0.775	flat	0.0016
GO:GOBP_CELL_MATRIX_ADHESION	TLS_VISIUM_USZ::LC1	17	579	0.0198	0.00928	flat	0.0053
GO:GOBP_CELL_MORPHOGENESIS	TLS_VISIUM_USZ::LC1	17	579	0.0325	0.000271	flat	0.0029
GO:GOBP_CELL_MORPHOGENESIS_INVOLVED_IN_NEURON_DIFFERENTIATION	TLS_VISIUM_USZ::LC1	17	579	0.0482	2.97e-06	flat	0.0047
GO:GOBP_CELL_MOTILITY	TLS_VISIUM_USZ::LC1	17	579	0.0507	1.42e-06	flat	0.0034
GO:GOBP_CELL_PROJECTION_ASSEMBLY	TLS_VISIUM_USZ::LC1	17	579	0.0351	0.000128	flat	0.0049
GO:GOBP_CELL_PROJECTION_MORPHOGENESIS	TLS_VISIUM_USZ::LC1	17	579	0.0244	0.00266	flat	0.0034
GO:GOBP_CELL_PROJECTION_ORGANIZATION	TLS_VISIUM_USZ::LC1	17	579	0.0577	1.79e-07	flat	0.0042
GO:GOBP_CELL_SUBSTRATE_ADHESION	TLS_VISIUM_USZ::LC1	17	579	0.0372	7.22e-05	flat	0.0059
GO:GOBP_CELL_SUBSTRATE_JUNCTION_ORGANIZATION	TLS_VISIUM_USZ::LC1	17	579	0.0179	0.0156	flat	0.0107
GO:GOBP_CELL_SURFACE_RECEPTOR_PROTEIN_SERINE_THREONINE_KINASE_SIGNALING_PATHWAY	TLS_VISIUM_USZ::LC1	17	579	0.0452	7.03e-06	flat	0.0069
GO:GOBP_CELL_SURFACE_RECEPTOR_PROTEIN_TYROSINE_KINASE_SIGNALING_PATHWAY	TLS_VISIUM_USZ::LC1	17	579	0.02	0.00869	flat	0.0032
GO:GOBP_CELL_SURFACE_RECEPTOR_SIGNALING_PATHWAY_VIA_STAT	TLS_VISIUM_USZ::LC1	17	579	0.0415	2.05e-05	flat	0.0102
GO:GOBP_CENTRAL_NERVOUS_SYSTEM_DEVELOPMENT	TLS_VISIUM_USZ::LC1	17	579	0.0387	4.58e-05	flat	0.0034
GO:GOBP_CHEMICAL_HOMEOSTASIS	TLS_VISIUM_USZ::LC1	17	579	0.0498	1.84e-06	flat	0.004
GO:GOBP_CHONDROCYTE_DIFFERENTIATION	TLS_VISIUM_USZ::LC1	17	579	0.0157	0.0282	flat	0.0056
GO:GOBP_CHROMATIN_ORGANIZATION	TLS_VISIUM_USZ::LC1	17	579	0.0421	1.75e-05	flat	0.0048
GO:GOBP_CHROMATIN_REMODELING	TLS_VISIUM_USZ::LC1	17	579	0.0073	0.239	flat	0.0024
GO:GOBP_CHROMOSOME_LOCALIZATION	TLS_VISIUM_USZ::LC1	17	579	0.0293	0.000676	flat	0.0088
GO:GOBP_CHROMOSOME_ORGANIZATION	TLS_VISIUM_USZ::LC1	17	579	0.0015	0.834	flat	0.0013
GO:GOBP_CHROMOSOME_SEGREGATION	TLS_VISIUM_USZ::LC1	17	579	0.0484	2.77e-06	flat	0.0063
GO:GOBP_CHROMOSOME_SEPARATION	TLS_VISIUM_USZ::LC1	17	579	0.003	0.636	flat	0.0029
GO:GOBP_CIRCULATORY_SYSTEM_DEVELOPMENT	TLS_VISIUM_USZ::LC1	17	579	0.0165	0.0224	flat	0.0023
GO:GOBP_CIRCULATORY_SYSTEM_PROCESS	TLS_VISIUM_USZ::LC1	17	579	0.1067	5.13e-14	flat	0.0076
GO:GOBP_COLLAGEN_CATABOLIC_PROCESS	TLS_VISIUM_USZ::LC1	17	579	0.0178	0.0159	flat	0.0089
GO:GOBP_COLLAGEN_FIBRIL_ORGANIZATION	TLS_VISIUM_USZ::LC1	17	579	0.0062	0.308	flat	0.0049
GO:GOBP_COLLAGEN_METABOLIC_PROCESS	TLS_VISIUM_USZ::LC1	17	579	0.0186	0.0129	flat	0.0084
GO:GOBP_COMPLEMENT_ACTIVATION_CLASSICAL_PATHWAY	TLS_VISIUM_USZ::LC1	17	579	0.0836	7.18e-11	flat	0.0292
GO:GOBP_CONNECTIVE_TISSUE_DEVELOPMENT	TLS_VISIUM_USZ::LC1	17	579	0.0123	0.0679	flat	0.0038
GO:GOBP_CYTOKINESIS	TLS_VISIUM_USZ::LC1	17	579	0.0196	0.00975	flat	0.0067
GO:GOBP_CYTOKINE_MEDIATED_SIGNALING_PATHWAY	TLS_VISIUM_USZ::LC1	17	579	0.0258	0.00177	flat	0.004
GO:GOBP_CYTOKINE_PRODUCTION	TLS_VISIUM_USZ::LC1	17	579	0.0156	0.029	flat	0.0029
GO:GOBP_CYTOKINE_PRODUCTION_INVOLVED_IN_IMMUNE_RESPONSE	TLS_VISIUM_USZ::LC1	17	579	0.0155	0.0296	flat	0.0062
GO:GOBP_CYTOPLASMIC_PATTERN_RECOGNITION_RECEPTOR_SIGNALING_PATHWAY	TLS_VISIUM_USZ::LC1	17	579	0.0023	0.727	flat	0.0023
GO:GOBP_CYTOPLASMIC_TRANSLATION	TLS_VISIUM_USZ::LC1	17	579	0.0282	0.000911	flat	0.024
GO:GOBP_CYTOSKELETON_ORGANIZATION	TLS_VISIUM_USZ::LC1	17	579	0.0868	2.65e-11	flat	0.005
GO:GOBP_DEFENSE_RESPONSE_TO_BACTERIUM	TLS_VISIUM_USZ::LC1	17	579	0.0076	0.224	flat	0.0032
GO:GOBP_DEFENSE_RESPONSE_TO_OTHER_ORGANISM	TLS_VISIUM_USZ::LC1	17	579	0.007	0.254	flat	0.0015
GO:GOBP_DEFENSE_RESPONSE_TO_SYMBIONT	TLS_VISIUM_USZ::LC1	17	579	0.0109	0.0985	flat	0.0015
GO:GOBP_DEFENSE_RESPONSE_TO_VIRUS	TLS_VISIUM_USZ::LC1	17	579	0.0085	0.178	flat	0.0029
GO:GOBP_DETOXIFICATION	TLS_VISIUM_USZ::LC1	17	579	0.0254	0.00197	flat	0.0068
GO:GOBP_DEVELOPMENTAL_GROWTH	TLS_VISIUM_USZ::LC1	17	579	0.0522	9.06e-07	flat	0.0052
GO:GOBP_DEVELOPMENTAL_GROWTH_INVOLVED_IN_MORPHOGENESIS	TLS_VISIUM_USZ::LC1	17	579	0.0036	0.551	flat	0.0018
GO:GOBP_DEVELOPMENTAL_MATURATION	TLS_VISIUM_USZ::LC1	17	579	0.004	0.509	flat	0.0018
GO:GOBP_DEVELOPMENTAL_PROCESS_INVOLVED_IN_REPRODUCTION	TLS_VISIUM_USZ::LC1	17	579	0.0788	3.1e-10	flat	0.0064
GO:GOBP_DEVELOPMENT_OF_PRIMARY_SEXUAL_CHARACTERISTICS	TLS_VISIUM_USZ::LC1	17	579	0.0012	0.875	flat	0.0011
GO:GOBP_DICARBOXYLIC_ACID_METABOLIC_PROCESS	TLS_VISIUM_USZ::LC1	17	579	0.003	0.635	flat	0.0026
GO:GOBP_DIGESTIVE_SYSTEM_PROCESS	TLS_VISIUM_USZ::LC1	17	579	0.0129	0.0578	flat	0.0046
GO:GOBP_DNA_BIOSYNTHETIC_PROCESS	TLS_VISIUM_USZ::LC1	17	579	0.0085	0.18	flat	0.0036
GO:GOBP_DNA_DAMAGE_RESPONSE	TLS_VISIUM_USZ::LC1	17	579	0.0277	0.00105	flat	0.0032
GO:GOBP_DNA_INTEGRITY_CHECKPOINT_SIGNALING	TLS_VISIUM_USZ::LC1	17	579	0.0103	0.113	flat	0.0055
GO:GOBP_DNA_METABOLIC_PROCESS	TLS_VISIUM_USZ::LC1	17	579	0.0093	0.145	flat	0.0017
GO:GOBP_DNA_RECOMBINATION	TLS_VISIUM_USZ::LC1	17	579	0.0012	0.869	flat	0.0012
GO:GOBP_DNA_REPAIR	TLS_VISIUM_USZ::LC1	17	579	0.0059	0.331	flat	0.0024
GO:GOBP_DNA_REPLICATION	TLS_VISIUM_USZ::LC1	17	579	0.0389	4.42e-05	flat	0.0071
GO:GOBP_DNA_STRAND_ELONGATION	TLS_VISIUM_USZ::LC1	17	579	0.004	0.509	flat	0.0084
GO:GOBP_DNA_STRAND_ELONGATION_INVOLVED_IN_DNA_REPLICATION	TLS_VISIUM_USZ::LC1	17	579	0.0059	0.333	flat	0.0074
GO:GOBP_DNA_TEMPLATED_DNA_REPLICATION	TLS_VISIUM_USZ::LC1	17	579	0.0155	0.0296	flat	0.0062
GO:GOBP_DNA_TEMPLATED_TRANSCRIPTION_INITIATION	TLS_VISIUM_USZ::LC1	17	579	0.0146	0.0369	flat	0.0059
GO:GOBP_DOUBLE_STRAND_BREAK_REPAIR	TLS_VISIUM_USZ::LC1	17	579	0.0103	0.114	flat	0.0041
GO:GOBP_EAR_DEVELOPMENT	TLS_VISIUM_USZ::LC1	17	579	0.0754	8.76e-10	flat	0.0104
GO:GOBP_EAR_MORPHOGENESIS	TLS_VISIUM_USZ::LC1	17	579	0.0364	9.06e-05	flat	0.0085
GO:GOBP_ELECTRON_TRANSPORT_CHAIN	TLS_VISIUM_USZ::LC1	17	579	0.0087	0.17	flat	0.0068
GO:GOBP_EMBRYONIC_MORPHOGENESIS	TLS_VISIUM_USZ::LC1	17	579	0.033	0.000236	flat	0.0045
GO:GOBP_EMBRYONIC_ORGAN_DEVELOPMENT	TLS_VISIUM_USZ::LC1	17	579	0.0136	0.0485	flat	0.0033
GO:GOBP_EMBRYONIC_ORGAN_MORPHOGENESIS	TLS_VISIUM_USZ::LC1	17	579	0.0095	0.139	flat	0.0032
GO:GOBP_EMBRYO_DEVELOPMENT	TLS_VISIUM_USZ::LC1	17	579	0.0418	1.89e-05	flat	0.0039
GO:GOBP_EMBRYO_DEVELOPMENT_ENDING_IN_BIRTH_OR_EGG_HATCHING	TLS_VISIUM_USZ::LC1	17	579	0.1002	4e-13	flat	0.0077
GO:GOBP_ENDOCYTOSIS	TLS_VISIUM_USZ::LC1	17	579	0.05	1.73e-06	flat	0.0051
GO:GOBP_ENDOMEMBRANE_SYSTEM_ORGANIZATION	TLS_VISIUM_USZ::LC1	17	579	0.012	0.0741	flat	0.003
GO:GOBP_ENDOPLASMIC_RETICULUM_TO_GOLGI_VESICLE_MEDIATED_TRANSPORT	TLS_VISIUM_USZ::LC1	17	579	0.0074	0.236	flat	0.0042
GO:GOBP_ENDOSOMAL_TRANSPORT	TLS_VISIUM_USZ::LC1	17	579	0.0036	0.552	flat	0.0024
GO:GOBP_ENDOTHELIAL_CELL_MIGRATION	TLS_VISIUM_USZ::LC1	17	579	0.0083	0.187	flat	0.0037
GO:GOBP_ENDOTHELIAL_CELL_PROLIFERATION	TLS_VISIUM_USZ::LC1	17	579	0.0169	0.0201	flat	0.0048
GO:GOBP_ENDOTHELIUM_DEVELOPMENT	TLS_VISIUM_USZ::LC1	17	579	0.0046	0.448	flat	0.0028
GO:GOBP_ENERGY_DERIVATION_BY_OXIDATION_OF_ORGANIC_COMPOUNDS	TLS_VISIUM_USZ::LC1	17	579	0.0003	0.98	flat	0.0006
GO:GOBP_ENZYME_LINKED_RECEPTOR_PROTEIN_SIGNALING_PATHWAY	TLS_VISIUM_USZ::LC1	17	579	0.0221	0.005	flat	0.0033
GO:GOBP_EPIDERMAL_CELL_DIFFERENTIATION	TLS_VISIUM_USZ::LC1	17	579	0.0125	0.0652	flat	0.003
GO:GOBP_EPIDERMIS_DEVELOPMENT	TLS_VISIUM_USZ::LC1	17	579	0.0135	0.0501	flat	0.0034
GO:GOBP_EPIGENETIC_REGULATION_OF_GENE_EXPRESSION	TLS_VISIUM_USZ::LC1	17	579	0.0174	0.0177	flat	0.0052
GO:GOBP_EPITHELIAL_CELL_DEVELOPMENT	TLS_VISIUM_USZ::LC1	17	579	0.0107	0.102	flat	0.0044
GO:GOBP_EPITHELIAL_CELL_DIFFERENTIATION	TLS_VISIUM_USZ::LC1	17	579	0.0183	0.0141	flat	0.0025
GO:GOBP_EPITHELIAL_CELL_PROLIFERATION	TLS_VISIUM_USZ::LC1	17	579	0.0141	0.0428	flat	0.0029
GO:GOBP_EPITHELIAL_TO_MESENCHYMAL_TRANSITION	TLS_VISIUM_USZ::LC1	17	579	0.0229	0.00399	flat	0.0059
GO:GOBP_EPITHELIAL_TUBE_MORPHOGENESIS	TLS_VISIUM_USZ::LC1	17	579	0.0126	0.0632	flat	0.003
GO:GOBP_EPITHELIUM_DEVELOPMENT	TLS_VISIUM_USZ::LC1	17	579	0.042	1.8e-05	flat	0.0033
GO:GOBP_ERK1_AND_ERK2_CASCADE	TLS_VISIUM_USZ::LC1	17	579	0.0072	0.245	flat	0.0029
GO:GOBP_ESTABLISHMENT_OF_ORGANELLE_LOCALIZATION	TLS_VISIUM_USZ::LC1	17	579	0.0209	0.00694	flat	0.005
GO:GOBP_ESTABLISHMENT_OF_PROTEIN_LOCALIZATION	TLS_VISIUM_USZ::LC1	17	579	0.023	0.00384	flat	0.0028
GO:GOBP_ESTABLISHMENT_OF_PROTEIN_LOCALIZATION_TO_MEMBRANE	TLS_VISIUM_USZ::LC1	17	579	0.0034	0.579	flat	0.002
GO:GOBP_ESTABLISHMENT_OF_PROTEIN_LOCALIZATION_TO_ORGANELLE	TLS_VISIUM_USZ::LC1	17	579	0.0058	0.344	flat	0.0023
GO:GOBP_ESTABLISHMENT_OF_RNA_LOCALIZATION	TLS_VISIUM_USZ::LC1	17	579	0.0159	0.0265	flat	0.0065
GO:GOBP_ESTABLISHMENT_OR_MAINTENANCE_OF_CELL_POLARITY	TLS_VISIUM_USZ::LC1	17	579	0.0062	0.311	flat	0.0029
GO:GOBP_EXOCYTOSIS	TLS_VISIUM_USZ::LC1	17	579	0.056	2.99e-07	flat	0.0077
GO:GOBP_EXPORT_FROM_CELL	TLS_VISIUM_USZ::LC1	17	579	0.0583	1.49e-07	flat	0.0049
GO:GOBP_EXTERNAL_ENCAPSULATING_STRUCTURE_ORGANIZATION	TLS_VISIUM_USZ::LC1	17	579	0.0284	0.000851	flat	0.0048
GO:GOBP_FACE_DEVELOPMENT	TLS_VISIUM_USZ::LC1	17	579	0.0166	0.0217	flat	0.0112
GO:GOBP_FATTY_ACID_METABOLIC_PROCESS	TLS_VISIUM_USZ::LC1	17	579	0.007	0.259	flat	0.0025
GO:GOBP_FERTILIZATION	TLS_VISIUM_USZ::LC1	17	579	0.0071	0.253	flat	0.0036
GO:GOBP_FIBROBLAST_GROWTH_FACTOR_RECEPTOR_SIGNALING_PATHWAY	TLS_VISIUM_USZ::LC1	17	579	0.0042	0.491	flat	0.0036
GO:GOBP_FOCAL_ADHESION_ASSEMBLY	TLS_VISIUM_USZ::LC1	17	579	0.0107	0.103	flat	0.008
GO:GOBP_FORMATION_OF_PRIMARY_GERM_LAYER	TLS_VISIUM_USZ::LC1	17	579	0.0109	0.0966	flat	0.0054
GO:GOBP_GAMETE_GENERATION	TLS_VISIUM_USZ::LC1	17	579	0.0832	8.14e-11	flat	0.0073
GO:GOBP_GENERATION_OF_NEURONS	TLS_VISIUM_USZ::LC1	17	579	0.1047	9.66e-14	flat	0.0056
GO:GOBP_GENERATION_OF_PRECURSOR_METABOLITES_AND_ENERGY	TLS_VISIUM_USZ::LC1	17	579	0.0097	0.131	flat	0.0035
GO:GOBP_GLAND_DEVELOPMENT	TLS_VISIUM_USZ::LC1	17	579	0.0425	1.53e-05	flat	0.0051
GO:GOBP_GLIAL_CELL_DIFFERENTIATION	TLS_VISIUM_USZ::LC1	17	579	0.0085	0.178	flat	0.0034
GO:GOBP_GLOMERULUS_DEVELOPMENT	TLS_VISIUM_USZ::LC1	17	579	0.004	0.516	flat	0.0037
GO:GOBP_GLUCOSE_METABOLIC_PROCESS	TLS_VISIUM_USZ::LC1	17	579	0.0386	4.79e-05	flat	0.0082
GO:GOBP_GLYCEROLIPID_BIOSYNTHETIC_PROCESS	TLS_VISIUM_USZ::LC1	17	579	0.0214	0.00593	flat	0.0061
GO:GOBP_GLYCEROLIPID_METABOLIC_PROCESS	TLS_VISIUM_USZ::LC1	17	579	0.0209	0.00692	flat	0.0049
GO:GOBP_GLYCEROPHOSPHOLIPID_METABOLIC_PROCESS	TLS_VISIUM_USZ::LC1	17	579	0.0103	0.113	flat	0.0037
GO:GOBP_GLYCOPROTEIN_BIOSYNTHETIC_PROCESS	TLS_VISIUM_USZ::LC1	17	579	0.0236	0.00326	flat	0.0053
GO:GOBP_GLYCOPROTEIN_METABOLIC_PROCESS	TLS_VISIUM_USZ::LC1	17	579	0.0753	8.97e-10	flat	0.0085
GO:GOBP_GLYCOSYLATION	TLS_VISIUM_USZ::LC1	17	579	0.0082	0.191	flat	0.0038
GO:GOBP_GOLGI_VESICLE_TRANSPORT	TLS_VISIUM_USZ::LC1	17	579	0.0011	0.895	flat	0.0014
GO:GOBP_GRANULOCYTE_CHEMOTAXIS	TLS_VISIUM_USZ::LC1	17	579	0.0435	1.18e-05	flat	0.0083
GO:GOBP_GRANULOCYTE_MIGRATION	TLS_VISIUM_USZ::LC1	17	579	0.0468	4.41e-06	flat	0.0086
GO:GOBP_GROWTH	TLS_VISIUM_USZ::LC1	17	579	0.0532	6.72e-07	flat	0.0047
GO:GOBP_G_PROTEIN_COUPLED_RECEPTOR_SIGNALING_PATHWAY	TLS_VISIUM_USZ::LC1	17	579	0.1919	2.11e-26	flat	0.0103
GO:GOBP_HEAD_DEVELOPMENT	TLS_VISIUM_USZ::LC1	17	579	0.0533	6.54e-07	flat	0.0052
GO:GOBP_HEART_DEVELOPMENT	TLS_VISIUM_USZ::LC1	17	579	0.0704	3.97e-09	flat	0.0071
GO:GOBP_HEART_MORPHOGENESIS	TLS_VISIUM_USZ::LC1	17	579	0.0408	2.55e-05	flat	0.0066
GO:GOBP_HEART_PROCESS	TLS_VISIUM_USZ::LC1	17	579	0.0019	0.78	flat	0.0013
GO:GOBP_HEMOPOIESIS	TLS_VISIUM_USZ::LC1	17	579	0.0042	0.485	flat	0.0012
GO:GOBP_HINDBRAIN_DEVELOPMENT	TLS_VISIUM_USZ::LC1	17	579	0.0514	1.16e-06	flat	0.0092
GO:GOBP_HOMEOSTASIS_OF_NUMBER_OF_CELLS	TLS_VISIUM_USZ::LC1	17	579	0.0156	0.029	flat	0.0038
GO:GOBP_HOMEOSTATIC_PROCESS	TLS_VISIUM_USZ::LC1	17	579	0.084	6.24e-11	flat	0.0042
GO:GOBP_HOMOPHILIC_CELL_ADHESION_VIA_PLASMA_MEMBRANE_ADHESION_MOLECULES	TLS_VISIUM_USZ::LC1	17	579	0.0774	4.82e-10	flat	0.0108
GO:GOBP_HORMONE_METABOLIC_PROCESS	TLS_VISIUM_USZ::LC1	17	579	0.0133	0.0523	flat	0.0032
GO:GOBP_HORMONE_TRANSPORT	TLS_VISIUM_USZ::LC1	17	579	0.0787	3.24e-10	flat	0.009
GO:GOBP_HUMORAL_IMMUNE_RESPONSE	TLS_VISIUM_USZ::LC1	17	579	0.0108	0.101	flat	0.0033
GO:GOBP_HUMORAL_IMMUNE_RESPONSE_MEDIATED_BY_CIRCULATING_IMMUNOGLOBULIN	TLS_VISIUM_USZ::LC1	17	579	0.0235	0.00341	flat	0.009
GO:GOBP_IMMUNE_EFFECTOR_PROCESS	TLS_VISIUM_USZ::LC1	17	579	0.0207	0.00724	flat	0.0038
GO:GOBP_IMMUNE_RESPONSE_REGULATING_CELL_SURFACE_RECEPTOR_SIGNALING_PATHWAY	TLS_VISIUM_USZ::LC1	17	579	0.0213	0.00611	flat	0.0043
GO:GOBP_IMMUNE_RESPONSE_REGULATING_SIGNALING_PATHWAY	TLS_VISIUM_USZ::LC1	17	579	0.0051	0.404	flat	0.0018
GO:GOBP_IMPORT_INTO_CELL	TLS_VISIUM_USZ::LC1	17	579	0.0704	3.96e-09	flat	0.0058
GO:GOBP_IMPORT_INTO_NUCLEUS	TLS_VISIUM_USZ::LC1	17	579	0.0017	0.8	flat	0.002
GO:GOBP_INFLAMMATORY_RESPONSE	TLS_VISIUM_USZ::LC1	17	579	0.0642	2.59e-08	flat	0.0052
GO:GOBP_INORGANIC_ANION_TRANSMEMBRANE_TRANSPORT	TLS_VISIUM_USZ::LC1	17	579	0.0535	6.28e-07	flat	0.0088
GO:GOBP_INORGANIC_ION_HOMEOSTASIS	TLS_VISIUM_USZ::LC1	17	579	0.0236	0.00329	flat	0.0039
GO:GOBP_INORGANIC_ION_IMPORT_ACROSS_PLASMA_MEMBRANE	TLS_VISIUM_USZ::LC1	17	579	0.0469	4.26e-06	flat	0.0102
GO:GOBP_INTEGRIN_MEDIATED_SIGNALING_PATHWAY	TLS_VISIUM_USZ::LC1	17	579	0.0022	0.735	flat	0.0029
GO:GOBP_INTERFERON_BETA_PRODUCTION	TLS_VISIUM_USZ::LC1	17	579	0.0009	0.917	flat	0.0028
GO:GOBP_INTERFERON_MEDIATED_SIGNALING_PATHWAY	TLS_VISIUM_USZ::LC1	17	579	0.0057	0.347	flat	0.005
GO:GOBP_INTERLEUKIN_6_PRODUCTION	TLS_VISIUM_USZ::LC1	17	579	0.0011	0.886	flat	0.0014
GO:GOBP_INTRACELLULAR_MONOATOMIC_ION_HOMEOSTASIS	TLS_VISIUM_USZ::LC1	17	579	0.0402	2.99e-05	flat	0.0053
GO:GOBP_INTRACELLULAR_PROTEIN_TRANSPORT	TLS_VISIUM_USZ::LC1	17	579	0.0071	0.252	flat	0.0015
GO:GOBP_INTRACELLULAR_RECEPTOR_SIGNALING_PATHWAY	TLS_VISIUM_USZ::LC1	17	579	0.013	0.0566	flat	0.0035
GO:GOBP_INTRACELLULAR_TRANSPORT	TLS_VISIUM_USZ::LC1	17	579	0.0095	0.139	flat	0.0018
GO:GOBP_INTRINSIC_APOPTOTIC_SIGNALING_PATHWAY	TLS_VISIUM_USZ::LC1	17	579	0.0112	0.0905	flat	0.0062
GO:GOBP_IN_UTERO_EMBRYONIC_DEVELOPMENT	TLS_VISIUM_USZ::LC1	17	579	0.0055	0.365	flat	0.0022
GO:GOBP_LEUKOCYTE_APOPTOTIC_PROCESS	TLS_VISIUM_USZ::LC1	17	579	0.012	0.0731	flat	0.0054
GO:GOBP_LEUKOCYTE_CELL_CELL_ADHESION	TLS_VISIUM_USZ::LC1	17	579	0.0002	0.987	flat	0.0004
GO:GOBP_LEUKOCYTE_CHEMOTAXIS	TLS_VISIUM_USZ::LC1	17	579	0.0462	5.33e-06	flat	0.0066
GO:GOBP_LEUKOCYTE_DIFFERENTIATION	TLS_VISIUM_USZ::LC1	17	579	0.02	0.00868	flat	0.0038
GO:GOBP_LEUKOCYTE_MEDIATED_IMMUNITY	TLS_VISIUM_USZ::LC1	17	579	0.0041	0.502	flat	0.0022
GO:GOBP_LEUKOCYTE_MIGRATION	TLS_VISIUM_USZ::LC1	17	579	0.0686	6.87e-09	flat	0.0072
GO:GOBP_LEUKOCYTE_PROLIFERATION	TLS_VISIUM_USZ::LC1	17	579	0.044	9.95e-06	flat	0.0064
GO:GOBP_LIPID_BIOSYNTHETIC_PROCESS	TLS_VISIUM_USZ::LC1	17	579	0.0315	0.000359	flat	0.0047
GO:GOBP_LIPID_CATABOLIC_PROCESS	TLS_VISIUM_USZ::LC1	17	579	0.0605	7.79e-08	flat	0.0073
GO:GOBP_LIPID_LOCALIZATION	TLS_VISIUM_USZ::LC1	17	579	0.0303	0.00051	flat	0.0052
GO:GOBP_LIPID_METABOLIC_PROCESS	TLS_VISIUM_USZ::LC1	17	579	0.0383	5.16e-05	flat	0.0031
GO:GOBP_LIPID_MODIFICATION	TLS_VISIUM_USZ::LC1	17	579	0.0433	1.22e-05	flat	0.0086
GO:GOBP_LOCALIZATION_WITHIN_MEMBRANE	TLS_VISIUM_USZ::LC1	17	579	0.0017	0.807	flat	0.0009
GO:GOBP_LOCOMOTION	TLS_VISIUM_USZ::LC1	17	579	0.0419	1.84e-05	flat	0.0035
GO:GOBP_LYMPHOCYTE_ACTIVATION	TLS_VISIUM_USZ::LC1	17	579	0.0205	0.00776	flat	0.0034
GO:GOBP_LYMPHOCYTE_ACTIVATION_INVOLVED_IN_IMMUNE_RESPONSE	TLS_VISIUM_USZ::LC1	17	579	0.0086	0.172	flat	0.0023
GO:GOBP_LYMPHOCYTE_DIFFERENTIATION	TLS_VISIUM_USZ::LC1	17	579	0.0154	0.0301	flat	0.0038
GO:GOBP_LYMPHOCYTE_MEDIATED_IMMUNITY	TLS_VISIUM_USZ::LC1	17	579	0.05	1.75e-06	flat	0.0075
GO:GOBP_MACROAUTOPHAGY	TLS_VISIUM_USZ::LC1	17	579	0.0173	0.0182	flat	0.0056
GO:GOBP_MACROMOLECULE_CATABOLIC_PROCESS	TLS_VISIUM_USZ::LC1	17	579	0.02	0.00874	flat	0.0027
GO:GOBP_MAINTENANCE_OF_CELL_NUMBER	TLS_VISIUM_USZ::LC1	17	579	0.0007	0.941	flat	0.0014
GO:GOBP_MAINTENANCE_OF_LOCATION	TLS_VISIUM_USZ::LC1	17	579	0.0093	0.147	flat	0.0033
GO:GOBP_MALE_GAMETE_GENERATION	TLS_VISIUM_USZ::LC1	17	579	0.0538	5.66e-07	flat	0.0061
GO:GOBP_MALE_SEX_DIFFERENTIATION	TLS_VISIUM_USZ::LC1	17	579	0.0138	0.0461	flat	0.0042
GO:GOBP_MAPK_CASCADE	TLS_VISIUM_USZ::LC1	17	579	0.0037	0.544	flat	0.0014
GO:GOBP_MEIOSIS_I_CELL_CYCLE_PROCESS	TLS_VISIUM_USZ::LC1	17	579	0.0398	3.41e-05	flat	0.0097
GO:GOBP_MEIOTIC_CELL_CYCLE	TLS_VISIUM_USZ::LC1	17	579	0.0306	0.000465	flat	0.0061
GO:GOBP_MEIOTIC_CELL_CYCLE_PROCESS	TLS_VISIUM_USZ::LC1	17	579	0.0254	0.00197	flat	0.0065
GO:GOBP_MEMBRANELESS_ORGANELLE_ASSEMBLY	TLS_VISIUM_USZ::LC1	17	579	0.0035	0.573	flat	0.0018
GO:GOBP_MEMBRANE_LIPID_METABOLIC_PROCESS	TLS_VISIUM_USZ::LC1	17	579	0.0248	0.00233	flat	0.0067
GO:GOBP_MEMBRANE_ORGANIZATION	TLS_VISIUM_USZ::LC1	17	579	0.0071	0.249	flat	0.0016
GO:GOBP_MESENCHYMAL_CELL_DIFFERENTIATION	TLS_VISIUM_USZ::LC1	17	579	0.0106	0.106	flat	0.0032
GO:GOBP_MESENCHYME_DEVELOPMENT	TLS_VISIUM_USZ::LC1	17	579	0.0322	0.000295	flat	0.0052
GO:GOBP_METAL_ION_TRANSPORT	TLS_VISIUM_USZ::LC1	17	579	0.0506	1.46e-06	flat	0.0045
GO:GOBP_METAPHASE_CHROMOSOME_ALIGNMENT	TLS_VISIUM_USZ::LC1	17	579	0.0093	0.147	flat	0.0054
GO:GOBP_MICROTUBULE_BASED_MOVEMENT	TLS_VISIUM_USZ::LC1	17	579	0.0354	0.000118	flat	0.0056
GO:GOBP_MICROTUBULE_BASED_PROCESS	TLS_VISIUM_USZ::LC1	17	579	0.0471	4.11e-06	flat	0.0047
GO:GOBP_MICROTUBULE_CYTOSKELETON_ORGANIZATION	TLS_VISIUM_USZ::LC1	17	579	0.0533	6.54e-07	flat	0.0058
GO:GOBP_MICROTUBULE_CYTOSKELETON_ORGANIZATION_INVOLVED_IN_MITOSIS	TLS_VISIUM_USZ::LC1	17	579	0.013	0.0568	flat	0.0056
GO:GOBP_MITOCHONDRIAL_ELECTRON_TRANSPORT_CYTOCHROME_C_TO_OXYGEN	TLS_VISIUM_USZ::LC1	17	579	0.0079	0.207	flat	0.0155
GO:GOBP_MITOCHONDRIAL_TRANSPORT	TLS_VISIUM_USZ::LC1	17	579	0.0041	0.503	flat	0.0034
GO:GOBP_MITOCHONDRION_ORGANIZATION	TLS_VISIUM_USZ::LC1	17	579	0.0	1	flat	0.0001
GO:GOBP_MITOTIC_CELL_CYCLE	TLS_VISIUM_USZ::LC1	17	579	0.0307	0.000452	flat	0.0037
GO:GOBP_MITOTIC_CELL_CYCLE_CHECKPOINT_SIGNALING	TLS_VISIUM_USZ::LC1	17	579	0.0122	0.0696	flat	0.0053
GO:GOBP_MITOTIC_CELL_CYCLE_PHASE_TRANSITION	TLS_VISIUM_USZ::LC1	17	579	0.029	0.000725	flat	0.0055
GO:GOBP_MITOTIC_CELL_CYCLE_PROCESS	TLS_VISIUM_USZ::LC1	17	579	0.0228	0.00414	flat	0.0034
GO:GOBP_MITOTIC_NUCLEAR_DIVISION	TLS_VISIUM_USZ::LC1	17	579	0.0005	0.957	flat	0.0009
GO:GOBP_MITOTIC_SISTER_CHROMATID_SEGREGATION	TLS_VISIUM_USZ::LC1	17	579	0.0029	0.645	flat	0.0025
GO:GOBP_MITOTIC_SISTER_CHROMATID_SEPARATION	TLS_VISIUM_USZ::LC1	17	579	0.0015	0.841	flat	0.0026
GO:GOBP_MITOTIC_SPINDLE_ASSEMBLY	TLS_VISIUM_USZ::LC1	17	579	0.0095	0.139	flat	0.0086
GO:GOBP_MITOTIC_SPINDLE_ORGANIZATION	TLS_VISIUM_USZ::LC1	17	579	0.0099	0.124	flat	0.004
GO:GOBP_MODIFICATION_DEPENDENT_MACROMOLECULE_CATABOLIC_PROCESS	TLS_VISIUM_USZ::LC1	17	579	0.0328	0.000246	flat	0.0046
GO:GOBP_MODIFIED_AMINO_ACID_METABOLIC_PROCESS	TLS_VISIUM_USZ::LC1	17	579	0.0012	0.874	flat	0.0012
GO:GOBP_MONOATOMIC_CATION_TRANSMEMBRANE_TRANSPORT	TLS_VISIUM_USZ::LC1	17	579	0.1081	3.28e-14	flat	0.0072
GO:GOBP_MONOATOMIC_CATION_TRANSPORT	TLS_VISIUM_USZ::LC1	17	579	0.028	0.000976	flat	0.0032
GO:GOBP_MONOATOMIC_ION_HOMEOSTASIS	TLS_VISIUM_USZ::LC1	17	579	0.0623	4.62e-08	flat	0.0065
GO:GOBP_MONOATOMIC_ION_TRANSMEMBRANE_TRANSPORT	TLS_VISIUM_USZ::LC1	17	579	0.1113	1.21e-14	flat	0.0065
GO:GOBP_MONOATOMIC_ION_TRANSPORT	TLS_VISIUM_USZ::LC1	17	579	0.1163	2.42e-15	flat	0.0063
GO:GOBP_MONOCARBOXYLIC_ACID_BIOSYNTHETIC_PROCESS	TLS_VISIUM_USZ::LC1	17	579	0.0265	0.00147	flat	0.006
GO:GOBP_MONOCARBOXYLIC_ACID_METABOLIC_PROCESS	TLS_VISIUM_USZ::LC1	17	579	0.0135	0.0504	flat	0.0025
GO:GOBP_MONONUCLEAR_CELL_DIFFERENTIATION	TLS_VISIUM_USZ::LC1	17	579	0.002	0.767	flat	0.001
GO:GOBP_MONONUCLEAR_CELL_MIGRATION	TLS_VISIUM_USZ::LC1	17	579	0.0087	0.169	flat	0.0033
GO:GOBP_MONOSACCHARIDE_METABOLIC_PROCESS	TLS_VISIUM_USZ::LC1	17	579	0.0342	0.000166	flat	0.006
GO:GOBP_MORPHOGENESIS_OF_AN_EPITHELIUM	TLS_VISIUM_USZ::LC1	17	579	0.0141	0.0423	flat	0.0031
GO:GOBP_MORPHOGENESIS_OF_A_BRANCHING_STRUCTURE	TLS_VISIUM_USZ::LC1	17	579	0.0109	0.0983	flat	0.0042
GO:GOBP_MRNA_CATABOLIC_PROCESS	TLS_VISIUM_USZ::LC1	17	579	0.0025	0.699	flat	0.0014
GO:GOBP_MRNA_METABOLIC_PROCESS	TLS_VISIUM_USZ::LC1	17	579	0.0102	0.118	flat	0.0026
GO:GOBP_MRNA_PROCESSING	TLS_VISIUM_USZ::LC1	17	579	0.0021	0.749	flat	0.0015
GO:GOBP_MRNA_TRANSPORT	TLS_VISIUM_USZ::LC1	17	579	0.0119	0.075	flat	0.0048
GO:GOBP_MULTICELLULAR_ORGANISMAL_LEVEL_HOMEOSTASIS	TLS_VISIUM_USZ::LC1	17	579	0.0056	0.358	flat	0.0015
GO:GOBP_MULTICELLULAR_ORGANISMAL_REPRODUCTIVE_PROCESS	TLS_VISIUM_USZ::LC1	17	579	0.138	2.09e-18	flat	0.0088
GO:GOBP_MUSCLE_CELL_DEVELOPMENT	TLS_VISIUM_USZ::LC1	17	579	0.0616	5.67e-08	flat	0.0102
GO:GOBP_MUSCLE_CELL_DIFFERENTIATION	TLS_VISIUM_USZ::LC1	17	579	0.0412	2.26e-05	flat	0.0063
GO:GOBP_MUSCLE_CELL_PROLIFERATION	TLS_VISIUM_USZ::LC1	17	579	0.0178	0.0159	flat	0.0036
GO:GOBP_MUSCLE_CONTRACTION	TLS_VISIUM_USZ::LC1	17	579	0.0044	0.473	flat	0.0013
GO:GOBP_MUSCLE_ORGAN_DEVELOPMENT	TLS_VISIUM_USZ::LC1	17	579	0.0344	0.000157	flat	0.0053
GO:GOBP_MUSCLE_STRUCTURE_DEVELOPMENT	TLS_VISIUM_USZ::LC1	17	579	0.032	0.000313	flat	0.0043
GO:GOBP_MUSCLE_SYSTEM_PROCESS	TLS_VISIUM_USZ::LC1	17	579	0.0032	0.604	flat	0.0015
GO:GOBP_MUSCLE_TISSUE_DEVELOPMENT	TLS_VISIUM_USZ::LC1	17	579	0.0316	0.000352	flat	0.0045
GO:GOBP_MYELOID_CELL_DIFFERENTIATION	TLS_VISIUM_USZ::LC1	17	579	0.0058	0.338	flat	0.0021
GO:GOBP_MYELOID_CELL_HOMEOSTASIS	TLS_VISIUM_USZ::LC1	17	579	0.0782	3.7e-10	flat	0.0159
GO:GOBP_MYELOID_LEUKOCYTE_ACTIVATION	TLS_VISIUM_USZ::LC1	17	579	0.0075	0.228	flat	0.0033
GO:GOBP_MYELOID_LEUKOCYTE_DIFFERENTIATION	TLS_VISIUM_USZ::LC1	17	579	0.0133	0.0522	flat	0.0037
GO:GOBP_NEGATIVE_REGULATION_OF_APOPTOTIC_SIGNALING_PATHWAY	TLS_VISIUM_USZ::LC1	17	579	0.0062	0.309	flat	0.0045
GO:GOBP_NEGATIVE_REGULATION_OF_CATABOLIC_PROCESS	TLS_VISIUM_USZ::LC1	17	579	0.0298	0.000578	flat	0.0052
GO:GOBP_NEGATIVE_REGULATION_OF_CELLULAR_COMPONENT_ORGANIZATION	TLS_VISIUM_USZ::LC1	17	579	0.0313	0.000385	flat	0.0038
GO:GOBP_NEGATIVE_REGULATION_OF_CELLULAR_RESPONSE_TO_GROWTH_FACTOR_STIMULUS	TLS_VISIUM_USZ::LC1	17	579	0.0242	0.00278	flat	0.0082
GO:GOBP_NEGATIVE_REGULATION_OF_CELL_ACTIVATION	TLS_VISIUM_USZ::LC1	17	579	0.0326	0.000263	flat	0.0066
GO:GOBP_NEGATIVE_REGULATION_OF_CELL_ADHESION	TLS_VISIUM_USZ::LC1	17	579	0.0076	0.22	flat	0.0029
GO:GOBP_NEGATIVE_REGULATION_OF_CELL_CYCLE	TLS_VISIUM_USZ::LC1	17	579	0.0245	0.00254	flat	0.005
GO:GOBP_NEGATIVE_REGULATION_OF_CELL_CYCLE_PROCESS	TLS_VISIUM_USZ::LC1	17	579	0.0133	0.0529	flat	0.0038
GO:GOBP_NEGATIVE_REGULATION_OF_CELL_DEVELOPMENT	TLS_VISIUM_USZ::LC1	17	579	0.0205	0.00774	flat	0.004
GO:GOBP_NEGATIVE_REGULATION_OF_CELL_DIFFERENTIATION	TLS_VISIUM_USZ::LC1	17	579	0.0461	5.43e-06	flat	0.0046
GO:GOBP_NEGATIVE_REGULATION_OF_CELL_POPULATION_PROLIFERATION	TLS_VISIUM_USZ::LC1	17	579	0.0164	0.0229	flat	0.0023
GO:GOBP_NEGATIVE_REGULATION_OF_CYTOKINE_PRODUCTION	TLS_VISIUM_USZ::LC1	17	579	0.0135	0.0502	flat	0.0041
GO:GOBP_NEGATIVE_REGULATION_OF_CYTOSKELETON_ORGANIZATION	TLS_VISIUM_USZ::LC1	17	579	0.0089	0.161	flat	0.0049
GO:GOBP_NEGATIVE_REGULATION_OF_DEFENSE_RESPONSE	TLS_VISIUM_USZ::LC1	17	579	0.0205	0.00772	flat	0.0043
GO:GOBP_NEGATIVE_REGULATION_OF_DEVELOPMENTAL_PROCESS	TLS_VISIUM_USZ::LC1	17	579	0.008	0.199	flat	0.0015
GO:GOBP_NEGATIVE_REGULATION_OF_GENE_EXPRESSION	TLS_VISIUM_USZ::LC1	17	579	0.0405	2.74e-05	flat	0.0038
GO:GOBP_NEGATIVE_REGULATION_OF_GENE_EXPRESSION_EPIGENETIC	TLS_VISIUM_USZ::LC1	17	579	0.0061	0.316	flat	0.0037
GO:GOBP_NEGATIVE_REGULATION_OF_IMMUNE_SYSTEM_PROCESS	TLS_VISIUM_USZ::LC1	17	579	0.004	0.508	flat	0.0012
GO:GOBP_NEGATIVE_REGULATION_OF_INFLAMMATORY_RESPONSE	TLS_VISIUM_USZ::LC1	17	579	0.0046	0.444	flat	0.0037
GO:GOBP_NEGATIVE_REGULATION_OF_INNATE_IMMUNE_RESPONSE	TLS_VISIUM_USZ::LC1	17	579	0.0155	0.0293	flat	0.011
GO:GOBP_NEGATIVE_REGULATION_OF_INTRACELLULAR_SIGNAL_TRANSDUCTION	TLS_VISIUM_USZ::LC1	17	579	0.0052	0.391	flat	0.0017
GO:GOBP_NEGATIVE_REGULATION_OF_LEUKOCYTE_MEDIATED_IMMUNITY	TLS_VISIUM_USZ::LC1	17	579	0.0065	0.287	flat	0.0055
GO:GOBP_NEGATIVE_REGULATION_OF_LOCOMOTION	TLS_VISIUM_USZ::LC1	17	579	0.0015	0.837	flat	0.0013
GO:GOBP_NEGATIVE_REGULATION_OF_LYMPHOCYTE_ACTIVATION	TLS_VISIUM_USZ::LC1	17	579	0.0045	0.457	flat	0.0032
GO:GOBP_NEGATIVE_REGULATION_OF_MITOTIC_CELL_CYCLE	TLS_VISIUM_USZ::LC1	17	579	0.02	0.00886	flat	0.0068
GO:GOBP_NEGATIVE_REGULATION_OF_MITOTIC_CELL_CYCLE_PHASE_TRANSITION	TLS_VISIUM_USZ::LC1	17	579	0.0216	0.00565	flat	0.0072
GO:GOBP_NEGATIVE_REGULATION_OF_MOLECULAR_FUNCTION	TLS_VISIUM_USZ::LC1	17	579	0.0103	0.114	flat	0.0032
GO:GOBP_NEGATIVE_REGULATION_OF_MULTICELLULAR_ORGANISMAL_PROCESS	TLS_VISIUM_USZ::LC1	17	579	0.0439	1.03e-05	flat	0.0039
GO:GOBP_NEGATIVE_REGULATION_OF_NUCLEOBASE_CONTAINING_COMPOUND_METABOLIC_PROCESS	TLS_VISIUM_USZ::LC1	17	579	0.0493	2.14e-06	flat	0.0041
GO:GOBP_NEGATIVE_REGULATION_OF_ORGANELLE_ORGANIZATION	TLS_VISIUM_USZ::LC1	17	579	0.005	0.41	flat	0.0027
GO:GOBP_NEGATIVE_REGULATION_OF_PROGRAMMED_CELL_DEATH	TLS_VISIUM_USZ::LC1	17	579	0.0266	0.00143	flat	0.0033
GO:GOBP_NEGATIVE_REGULATION_OF_PROTEIN_LOCALIZATION	TLS_VISIUM_USZ::LC1	17	579	0.0109	0.0966	flat	0.0035
GO:GOBP_NEGATIVE_REGULATION_OF_PROTEIN_METABOLIC_PROCESS	TLS_VISIUM_USZ::LC1	17	579	0.0077	0.217	flat	0.0027
GO:GOBP_NEGATIVE_REGULATION_OF_PROTEIN_MODIFICATION_PROCESS	TLS_VISIUM_USZ::LC1	17	579	0.0476	3.48e-06	flat	0.012
GO:GOBP_NEGATIVE_REGULATION_OF_PROTEOLYSIS	TLS_VISIUM_USZ::LC1	17	579	0.0148	0.035	flat	0.0069
GO:GOBP_NEGATIVE_REGULATION_OF_REPRODUCTIVE_PROCESS	TLS_VISIUM_USZ::LC1	17	579	0.0195	0.00994	flat	0.0068
GO:GOBP_NEGATIVE_REGULATION_OF_RESPONSE_TO_BIOTIC_STIMULUS	TLS_VISIUM_USZ::LC1	17	579	0.0054	0.374	flat	0.0038
GO:GOBP_NEGATIVE_REGULATION_OF_RESPONSE_TO_EXTERNAL_STIMULUS	TLS_VISIUM_USZ::LC1	17	579	0.0159	0.0264	flat	0.0037
GO:GOBP_NEGATIVE_REGULATION_OF_RESPONSE_TO_STIMULUS	TLS_VISIUM_USZ::LC1	17	579	0.0462	5.29e-06	flat	0.0034
GO:GOBP_NEGATIVE_REGULATION_OF_RNA_METABOLIC_PROCESS	TLS_VISIUM_USZ::LC1	17	579	0.0256	0.00189	flat	0.0027
GO:GOBP_NEGATIVE_REGULATION_OF_SIGNALING	TLS_VISIUM_USZ::LC1	17	579	0.0574	1.94e-07	flat	0.0039
GO:GOBP_NEGATIVE_REGULATION_OF_SMOOTH_MUSCLE_CELL_PROLIFERATION	TLS_VISIUM_USZ::LC1	17	579	0.0054	0.373	flat	0.0052
GO:GOBP_NEGATIVE_REGULATION_OF_SUPRAMOLECULAR_FIBER_ORGANIZATION	TLS_VISIUM_USZ::LC1	17	579	0.0115	0.0846	flat	0.0046
GO:GOBP_NEGATIVE_REGULATION_OF_TRANSCRIPTION_BY_RNA_POLYMERASE_II	TLS_VISIUM_USZ::LC1	17	579	0.0091	0.154	flat	0.002
GO:GOBP_NEGATIVE_REGULATION_OF_TRANSFORMING_GROWTH_FACTOR_BETA_RECEPTOR_SIGNALING_PATHWAY	TLS_VISIUM_USZ::LC1	17	579	0.0325	0.000272	flat	0.0084
GO:GOBP_NEGATIVE_REGULATION_OF_TRANSMEMBRANE_RECEPTOR_PROTEIN_SERINE_THREONINE_KINASE_SIGNALING_PATHWAY	TLS_VISIUM_USZ::LC1	17	579	0.025	0.00224	flat	0.0073
GO:GOBP_NEGATIVE_REGULATION_OF_TRANSPORT	TLS_VISIUM_USZ::LC1	17	579	0.0128	0.0601	flat	0.0034
GO:GOBP_NEGATIVE_REGULATION_OF_VIRAL_PROCESS	TLS_VISIUM_USZ::LC1	17	579	0.0239	0.00305	flat	0.0111
GO:GOBP_NEGATIVE_REGULATION_OF_WNT_SIGNALING_PATHWAY	TLS_VISIUM_USZ::LC1	17	579	0.002	0.761	flat	0.0019
GO:GOBP_NERVOUS_SYSTEM_PROCESS	TLS_VISIUM_USZ::LC1	17	579	0.1708	3.32e-23	flat	0.0083
GO:GOBP_NEUROGENESIS	TLS_VISIUM_USZ::LC1	17	579	0.1055	7.5e-14	flat	0.0046
GO:GOBP_NEURON_DEVELOPMENT	TLS_VISIUM_USZ::LC1	17	579	0.0375	6.5e-05	flat	0.0035
GO:GOBP_NEURON_PROJECTION_GUIDANCE	TLS_VISIUM_USZ::LC1	17	579	0.0334	0.000212	flat	0.0058
GO:GOBP_NITROGEN_COMPOUND_TRANSPORT	TLS_VISIUM_USZ::LC1	17	579	0.0658	1.6e-08	flat	0.0048
GO:GOBP_NON_CANONICAL_WNT_SIGNALING_PATHWAY	TLS_VISIUM_USZ::LC1	17	579	0.0196	0.00972	flat	0.0083
GO:GOBP_NOTCH_SIGNALING_PATHWAY	TLS_VISIUM_USZ::LC1	17	579	0.0177	0.0164	flat	0.0058
GO:GOBP_NUCLEAR_CHROMOSOME_SEGREGATION	TLS_VISIUM_USZ::LC1	17	579	0.0128	0.0599	flat	0.0033
GO:GOBP_NUCLEAR_EXPORT	TLS_VISIUM_USZ::LC1	17	579	0.006	0.326	flat	0.004
GO:GOBP_NUCLEAR_TRANSCRIBED_MRNA_CATABOLIC_PROCESS	TLS_VISIUM_USZ::LC1	17	579	0.0047	0.435	flat	0.0036
GO:GOBP_NUCLEAR_TRANSPORT	TLS_VISIUM_USZ::LC1	17	579	0.0114	0.0863	flat	0.004
GO:GOBP_NUCLEIC_ACID_CATABOLIC_PROCESS	TLS_VISIUM_USZ::LC1	17	579	0.0074	0.234	flat	0.0025
GO:GOBP_NUCLEOBASE_CONTAINING_COMPOUND_CATABOLIC_PROCESS	TLS_VISIUM_USZ::LC1	17	579	0.0197	0.00948	flat	0.0033
GO:GOBP_NUCLEOBASE_CONTAINING_COMPOUND_TRANSPORT	TLS_VISIUM_USZ::LC1	17	579	0.0391	4.11e-05	flat	0.0073
GO:GOBP_NUCLEOBASE_CONTAINING_SMALL_MOLECULE_METABOLIC_PROCESS	TLS_VISIUM_USZ::LC1	17	579	0.0487	2.57e-06	flat	0.006
GO:GOBP_NUCLEOSIDE_PHOSPHATE_BIOSYNTHETIC_PROCESS	TLS_VISIUM_USZ::LC1	17	579	0.0086	0.174	flat	0.0034
GO:GOBP_NUCLEOSIDE_PHOSPHATE_CATABOLIC_PROCESS	TLS_VISIUM_USZ::LC1	17	579	0.0112	0.0899	flat	0.0052
GO:GOBP_NUCLEOSIDE_TRIPHOSPHATE_BIOSYNTHETIC_PROCESS	TLS_VISIUM_USZ::LC1	17	579	0.0189	0.0119	flat	0.0124
GO:GOBP_NUCLEOSIDE_TRIPHOSPHATE_METABOLIC_PROCESS	TLS_VISIUM_USZ::LC1	17	579	0.02	0.0089	flat	0.0094
GO:GOBP_NUCLEOTIDE_BIOSYNTHETIC_PROCESS	TLS_VISIUM_USZ::LC1	17	579	0.0059	0.332	flat	0.0039
GO:GOBP_NUCLEOTIDE_METABOLIC_PROCESS	TLS_VISIUM_USZ::LC1	17	579	0.025	0.00222	flat	0.0049
GO:GOBP_OLEFINIC_COMPOUND_METABOLIC_PROCESS	TLS_VISIUM_USZ::LC1	17	579	0.0208	0.00706	flat	0.0047
GO:GOBP_ORGANELLE_ASSEMBLY	TLS_VISIUM_USZ::LC1	17	579	0.0699	4.71e-09	flat	0.0061
GO:GOBP_ORGANELLE_FISSION	TLS_VISIUM_USZ::LC1	17	579	0.0346	0.000151	flat	0.0048
GO:GOBP_ORGANELLE_LOCALIZATION	TLS_VISIUM_USZ::LC1	17	579	0.0284	0.000855	flat	0.0049
GO:GOBP_ORGANIC_ACID_METABOLIC_PROCESS	TLS_VISIUM_USZ::LC1	17	579	0.0319	0.000326	flat	0.0039
GO:GOBP_ORGANIC_ACID_TRANSPORT	TLS_VISIUM_USZ::LC1	17	579	0.041	2.38e-05	flat	0.0058
GO:GOBP_ORGANIC_ANION_TRANSPORT	TLS_VISIUM_USZ::LC1	17	579	0.0373	6.9e-05	flat	0.0052
GO:GOBP_ORGANOPHOSPHATE_BIOSYNTHETIC_PROCESS	TLS_VISIUM_USZ::LC1	17	579	0.0156	0.0289	flat	0.0031
GO:GOBP_ORGANOPHOSPHATE_CATABOLIC_PROCESS	TLS_VISIUM_USZ::LC1	17	579	0.0183	0.0138	flat	0.004
GO:GOBP_ORGANOPHOSPHATE_METABOLIC_PROCESS	TLS_VISIUM_USZ::LC1	17	579	0.0891	1.28e-11	flat	0.0056
GO:GOBP_OSSIFICATION	TLS_VISIUM_USZ::LC1	17	579	0.012	0.0744	flat	0.0022
GO:GOBP_OSTEOBLAST_PROLIFERATION	TLS_VISIUM_USZ::LC1	17	579	0.0089	0.16	flat	0.0094
GO:GOBP_OXIDATIVE_PHOSPHORYLATION	TLS_VISIUM_USZ::LC1	17	579	0.0345	0.000152	flat	0.0159
GO:GOBP_PATTERN_SPECIFICATION_PROCESS	TLS_VISIUM_USZ::LC1	17	579	0.1088	2.7e-14	flat	0.0091
GO:GOBP_PEPTIDE_ANTIGEN_ASSEMBLY_WITH_MHC_PROTEIN_COMPLEX	TLS_VISIUM_USZ::LC1	17	579	0.0565	2.54e-07	flat	0.0375
GO:GOBP_PEPTIDE_TRANSPORT	TLS_VISIUM_USZ::LC1	17	579	0.0321	0.000305	flat	0.0061
GO:GOBP_PEPTIDYL_AMINO_ACID_MODIFICATION	TLS_VISIUM_USZ::LC1	17	579	0.0421	1.73e-05	flat	0.0062
GO:GOBP_PHOSPHATIDYLINOSITOL_3_KINASE_PROTEIN_KINASE_B_SIGNAL_TRANSDUCTION	TLS_VISIUM_USZ::LC1	17	579	0.0087	0.168	flat	0.0027
GO:GOBP_PHOSPHOLIPID_BIOSYNTHETIC_PROCESS	TLS_VISIUM_USZ::LC1	17	579	0.0087	0.169	flat	0.0042
GO:GOBP_PHOSPHOLIPID_METABOLIC_PROCESS	TLS_VISIUM_USZ::LC1	17	579	0.0267	0.0014	flat	0.0061
GO:GOBP_PHOSPHORUS_METABOLIC_PROCESS	TLS_VISIUM_USZ::LC1	17	579	0.041	2.4e-05	flat	0.0033
GO:GOBP_PHOSPHORYLATION	TLS_VISIUM_USZ::LC1	17	579	0.0186	0.0129	flat	0.0032
GO:GOBP_PLACENTA_DEVELOPMENT	TLS_VISIUM_USZ::LC1	17	579	0.0099	0.127	flat	0.0056
GO:GOBP_POSITIVE_REGULATION_OF_ADAPTIVE_IMMUNE_RESPONSE	TLS_VISIUM_USZ::LC1	17	579	0.0046	0.449	flat	0.0031
GO:GOBP_POSITIVE_REGULATION_OF_CANONICAL_NF_KAPPAB_SIGNAL_TRANSDUCTION	TLS_VISIUM_USZ::LC1	17	579	0.0096	0.137	flat	0.0047
GO:GOBP_POSITIVE_REGULATION_OF_CATABOLIC_PROCESS	TLS_VISIUM_USZ::LC1	17	579	0.0255	0.00193	flat	0.004
GO:GOBP_POSITIVE_REGULATION_OF_CATALYTIC_ACTIVITY	TLS_VISIUM_USZ::LC1	17	579	0.0052	0.395	flat	0.0024
GO:GOBP_POSITIVE_REGULATION_OF_CELLULAR_COMPONENT_BIOGENESIS	TLS_VISIUM_USZ::LC1	17	579	0.0049	0.416	flat	0.0016
GO:GOBP_POSITIVE_REGULATION_OF_CELLULAR_COMPONENT_ORGANIZATION	TLS_VISIUM_USZ::LC1	17	579	0.0071	0.254	flat	0.0012
GO:GOBP_POSITIVE_REGULATION_OF_CELL_ACTIVATION	TLS_VISIUM_USZ::LC1	17	579	0.014	0.0432	flat	0.0036
GO:GOBP_POSITIVE_REGULATION_OF_CELL_ADHESION	TLS_VISIUM_USZ::LC1	17	579	0.0318	0.000332	flat	0.0035
GO:GOBP_POSITIVE_REGULATION_OF_CELL_CELL_ADHESION	TLS_VISIUM_USZ::LC1	17	579	0.0055	0.369	flat	0.0017
GO:GOBP_POSITIVE_REGULATION_OF_CELL_CYCLE	TLS_VISIUM_USZ::LC1	17	579	0.0066	0.28	flat	0.0026
GO:GOBP_POSITIVE_REGULATION_OF_CELL_CYCLE_PHASE_TRANSITION	TLS_VISIUM_USZ::LC1	17	579	0.0145	0.0385	flat	0.0063
GO:GOBP_POSITIVE_REGULATION_OF_CELL_CYCLE_PROCESS	TLS_VISIUM_USZ::LC1	17	579	0.0448	7.94e-06	flat	0.0075
GO:GOBP_POSITIVE_REGULATION_OF_CELL_DEVELOPMENT	TLS_VISIUM_USZ::LC1	17	579	0.0193	0.0107	flat	0.0038
GO:GOBP_POSITIVE_REGULATION_OF_CELL_DIFFERENTIATION	TLS_VISIUM_USZ::LC1	17	579	0.0264	0.00152	flat	0.0032
GO:GOBP_POSITIVE_REGULATION_OF_CELL_KILLING	TLS_VISIUM_USZ::LC1	17	579	0.0029	0.638	flat	0.0035
GO:GOBP_POSITIVE_REGULATION_OF_CELL_POPULATION_PROLIFERATION	TLS_VISIUM_USZ::LC1	17	579	0.0177	0.0163	flat	0.0026
GO:GOBP_POSITIVE_REGULATION_OF_CHROMOSOME_ORGANIZATION	TLS_VISIUM_USZ::LC1	17	579	0.0042	0.486	flat	0.0048
GO:GOBP_POSITIVE_REGULATION_OF_CYTOKINE_PRODUCTION	TLS_VISIUM_USZ::LC1	17	579	0.0056	0.357	flat	0.002
GO:GOBP_POSITIVE_REGULATION_OF_CYTOSKELETON_ORGANIZATION	TLS_VISIUM_USZ::LC1	17	579	0.0105	0.107	flat	0.0045
GO:GOBP_POSITIVE_REGULATION_OF_DEFENSE_RESPONSE	TLS_VISIUM_USZ::LC1	17	579	0.017	0.0197	flat	0.0038
GO:GOBP_POSITIVE_REGULATION_OF_DEVELOPMENTAL_PROCESS	TLS_VISIUM_USZ::LC1	17	579	0.0929	3.91e-12	flat	0.0053
GO:GOBP_POSITIVE_REGULATION_OF_DNA_BIOSYNTHETIC_PROCESS	TLS_VISIUM_USZ::LC1	17	579	0.0495	2.02e-06	flat	0.0286
GO:GOBP_POSITIVE_REGULATION_OF_DNA_METABOLIC_PROCESS	TLS_VISIUM_USZ::LC1	17	579	0.0018	0.798	flat	0.0014
GO:GOBP_POSITIVE_REGULATION_OF_DNA_REPAIR	TLS_VISIUM_USZ::LC1	17	579	0.0071	0.249	flat	0.0039
GO:GOBP_POSITIVE_REGULATION_OF_ESTABLISHMENT_OF_PROTEIN_LOCALIZATION	TLS_VISIUM_USZ::LC1	17	579	0.001	0.899	flat	0.001
GO:GOBP_POSITIVE_REGULATION_OF_GENE_EXPRESSION	TLS_VISIUM_USZ::LC1	17	579	0.0153	0.0309	flat	0.002
GO:GOBP_POSITIVE_REGULATION_OF_IMMUNE_EFFECTOR_PROCESS	TLS_VISIUM_USZ::LC1	17	579	0.0098	0.128	flat	0.0033
GO:GOBP_POSITIVE_REGULATION_OF_IMMUNE_RESPONSE	TLS_VISIUM_USZ::LC1	17	579	0.0122	0.07	flat	0.0027
GO:GOBP_POSITIVE_REGULATION_OF_IMMUNE_SYSTEM_PROCESS	TLS_VISIUM_USZ::LC1	17	579	0.0166	0.022	flat	0.0025
GO:GOBP_POSITIVE_REGULATION_OF_INTERFERON_BETA_PRODUCTION	TLS_VISIUM_USZ::LC1	17	579	0.008	0.201	flat	0.0134
GO:GOBP_POSITIVE_REGULATION_OF_INTRACELLULAR_SIGNAL_TRANSDUCTION	TLS_VISIUM_USZ::LC1	17	579	0.008	0.203	flat	0.0016
GO:GOBP_POSITIVE_REGULATION_OF_LEUKOCYTE_CELL_CELL_ADHESION	TLS_VISIUM_USZ::LC1	17	579	0.0123	0.0675	flat	0.0038
GO:GOBP_POSITIVE_REGULATION_OF_LEUKOCYTE_MEDIATED_IMMUNITY	TLS_VISIUM_USZ::LC1	17	579	0.0181	0.0147	flat	0.0056
GO:GOBP_POSITIVE_REGULATION_OF_LEUKOCYTE_MIGRATION	TLS_VISIUM_USZ::LC1	17	579	0.0279	0.00098	flat	0.0062
GO:GOBP_POSITIVE_REGULATION_OF_LEUKOCYTE_PROLIFERATION	TLS_VISIUM_USZ::LC1	17	579	0.0142	0.0412	flat	0.0044
GO:GOBP_POSITIVE_REGULATION_OF_LOCOMOTION	TLS_VISIUM_USZ::LC1	17	579	0.0102	0.117	flat	0.0023
GO:GOBP_POSITIVE_REGULATION_OF_LYMPHOCYTE_DIFFERENTIATION	TLS_VISIUM_USZ::LC1	17	579	0.0097	0.133	flat	0.0037
GO:GOBP_POSITIVE_REGULATION_OF_MAPK_CASCADE	TLS_VISIUM_USZ::LC1	17	579	0.0033	0.594	flat	0.0012
GO:GOBP_POSITIVE_REGULATION_OF_MITOTIC_CELL_CYCLE	TLS_VISIUM_USZ::LC1	17	579	0.0066	0.284	flat	0.004
GO:GOBP_POSITIVE_REGULATION_OF_MITOTIC_CELL_CYCLE_PHASE_TRANSITION	TLS_VISIUM_USZ::LC1	17	579	0.0079	0.204	flat	0.0046
GO:GOBP_POSITIVE_REGULATION_OF_MOLECULAR_FUNCTION	TLS_VISIUM_USZ::LC1	17	579	0.0177	0.0163	flat	0.0036
GO:GOBP_POSITIVE_REGULATION_OF_MRNA_METABOLIC_PROCESS	TLS_VISIUM_USZ::LC1	17	579	0.0082	0.194	flat	0.0033
GO:GOBP_POSITIVE_REGULATION_OF_MULTICELLULAR_ORGANISMAL_PROCESS	TLS_VISIUM_USZ::LC1	17	579	0.0774	4.82e-10	flat	0.005
GO:GOBP_POSITIVE_REGULATION_OF_MYELOID_CELL_DIFFERENTIATION	TLS_VISIUM_USZ::LC1	17	579	0.0313	0.000383	flat	0.0102
GO:GOBP_POSITIVE_REGULATION_OF_NEUROGENESIS	TLS_VISIUM_USZ::LC1	17	579	0.0108	0.101	flat	0.0038
GO:GOBP_POSITIVE_REGULATION_OF_ORGANELLE_ORGANIZATION	TLS_VISIUM_USZ::LC1	17	579	0.0054	0.378	flat	0.0025
GO:GOBP_POSITIVE_REGULATION_OF_PHOSPHATIDYLINOSITOL_3_KINASE_PROTEIN_KINASE_B_SIGNAL_TRANSDUCTION	TLS_VISIUM_USZ::LC1	17	579	0.0057	0.351	flat	0.002
GO:GOBP_POSITIVE_REGULATION_OF_PHOSPHORUS_METABOLIC_PROCESS	TLS_VISIUM_USZ::LC1	17	579	0.0117	0.0798	flat	0.0041
GO:GOBP_POSITIVE_REGULATION_OF_PHOSPHORYLATION	TLS_VISIUM_USZ::LC1	17	579	0.0375	6.52e-05	flat	0.0069
GO:GOBP_POSITIVE_REGULATION_OF_POST_TRANSLATIONAL_PROTEIN_MODIFICATION	TLS_VISIUM_USZ::LC1	17	579	0.0333	0.000218	flat	0.0121
GO:GOBP_POSITIVE_REGULATION_OF_PRODUCTION_OF_MOLECULAR_MEDIATOR_OF_IMMUNE_RESPONSE	TLS_VISIUM_USZ::LC1	17	579	0.0064	0.298	flat	0.0037
GO:GOBP_POSITIVE_REGULATION_OF_PROGRAMMED_CELL_DEATH	TLS_VISIUM_USZ::LC1	17	579	0.0043	0.477	flat	0.0017
GO:GOBP_POSITIVE_REGULATION_OF_PROTEIN_CONTAINING_COMPLEX_ASSEMBLY	TLS_VISIUM_USZ::LC1	17	579	0.0148	0.0355	flat	0.0072
GO:GOBP_POSITIVE_REGULATION_OF_PROTEIN_LOCALIZATION	TLS_VISIUM_USZ::LC1	17	579	0.0155	0.0293	flat	0.0024
GO:GOBP_POSITIVE_REGULATION_OF_PROTEIN_METABOLIC_PROCESS	TLS_VISIUM_USZ::LC1	17	579	0.0148	0.0354	flat	0.0031
GO:GOBP_POSITIVE_REGULATION_OF_PROTEIN_MODIFICATION_PROCESS	TLS_VISIUM_USZ::LC1	17	579	0.0025	0.69	flat	0.0015
GO:GOBP_POSITIVE_REGULATION_OF_PROTEIN_TRANSPORT	TLS_VISIUM_USZ::LC1	17	579	0.0105	0.107	flat	0.0029
GO:GOBP_POSITIVE_REGULATION_OF_RESPIRATORY_BURST	TLS_VISIUM_USZ::LC1	17	579	0.0484	2.82e-06	flat	0.042
GO:GOBP_POSITIVE_REGULATION_OF_RESPONSE_TO_BIOTIC_STIMULUS	TLS_VISIUM_USZ::LC1	17	579	0.0086	0.174	flat	0.0028
GO:GOBP_POSITIVE_REGULATION_OF_RESPONSE_TO_CYTOKINE_STIMULUS	TLS_VISIUM_USZ::LC1	17	579	0.029	0.00072	flat	0.0162
GO:GOBP_POSITIVE_REGULATION_OF_RESPONSE_TO_EXTERNAL_STIMULUS	TLS_VISIUM_USZ::LC1	17	579	0.0037	0.545	flat	0.001
GO:GOBP_POSITIVE_REGULATION_OF_RNA_METABOLIC_PROCESS	TLS_VISIUM_USZ::LC1	17	579	0.0812	1.5e-10	flat	0.0054
GO:GOBP_POSITIVE_REGULATION_OF_SIGNALING	TLS_VISIUM_USZ::LC1	17	579	0.075	9.84e-10	flat	0.0043
GO:GOBP_POSITIVE_REGULATION_OF_TELOMERE_MAINTENANCE	TLS_VISIUM_USZ::LC1	17	579	0.0167	0.0215	flat	0.0173
GO:GOBP_POSITIVE_REGULATION_OF_TELOMERE_MAINTENANCE_VIA_TELOMERE_LENGTHENING	TLS_VISIUM_USZ::LC1	17	579	0.0118	0.0774	flat	0.0138
GO:GOBP_POSITIVE_REGULATION_OF_TRANSCRIPTION_BY_RNA_POLYMERASE_II	TLS_VISIUM_USZ::LC1	17	579	0.0472	3.91e-06	flat	0.0044
GO:GOBP_POSITIVE_REGULATION_OF_TRANSFERASE_ACTIVITY	TLS_VISIUM_USZ::LC1	17	579	0.0334	0.000209	flat	0.0091
GO:GOBP_POSITIVE_REGULATION_OF_TRANSLATION	TLS_VISIUM_USZ::LC1	17	579	0.0118	0.0765	flat	0.0066
GO:GOBP_POSITIVE_REGULATION_OF_TRANSPORT	TLS_VISIUM_USZ::LC1	17	579	0.0363	9.33e-05	flat	0.004
GO:GOBP_POSITIVE_REGULATION_OF_TUMOR_NECROSIS_FACTOR_SUPERFAMILY_CYTOKINE_PRODUCTION	TLS_VISIUM_USZ::LC1	17	579	0.002	0.771	flat	0.0024
GO:GOBP_POSITIVE_REGULATION_OF_TYPE_I_INTERFERON_PRODUCTION	TLS_VISIUM_USZ::LC1	17	579	0.0114	0.0866	flat	0.0122
GO:GOBP_POSITIVE_REGULATION_OF_T_CELL_MEDIATED_IMMUNITY	TLS_VISIUM_USZ::LC1	17	579	0.009	0.157	flat	0.0059
GO:GOBP_POSITIVE_REGULATION_OF_VASCULATURE_DEVELOPMENT	TLS_VISIUM_USZ::LC1	17	579	0.0073	0.239	flat	0.0037
GO:GOBP_POSITIVE_REGULATION_OF_WNT_SIGNALING_PATHWAY	TLS_VISIUM_USZ::LC1	17	579	0.048	3.09e-06	flat	0.0104
GO:GOBP_POST_TRANSCRIPTIONAL_REGULATION_OF_GENE_EXPRESSION	TLS_VISIUM_USZ::LC1	17	579	0.0086	0.173	flat	0.003
GO:GOBP_POST_TRANSLATIONAL_PROTEIN_MODIFICATION	TLS_VISIUM_USZ::LC1	17	579	0.0186	0.013	flat	0.0028
GO:GOBP_PROCESS_UTILIZING_AUTOPHAGIC_MECHANISM	TLS_VISIUM_USZ::LC1	17	579	0.0039	0.519	flat	0.002
GO:GOBP_PRODUCTION_OF_MOLECULAR_MEDIATOR_OF_IMMUNE_RESPONSE	TLS_VISIUM_USZ::LC1	17	579	0.0026	0.687	flat	0.002
GO:GOBP_PROTEASOMAL_PROTEIN_CATABOLIC_PROCESS	TLS_VISIUM_USZ::LC1	17	579	0.0046	0.453	flat	0.0013
GO:GOBP_PROTEASOME_MEDIATED_UBIQUITIN_DEPENDENT_PROTEIN_CATABOLIC_PROCESS	TLS_VISIUM_USZ::LC1	17	579	0.0105	0.108	flat	0.0035
GO:GOBP_PROTEINOGENIC_AMINO_ACID_METABOLIC_PROCESS	TLS_VISIUM_USZ::LC1	17	579	0.0054	0.376	flat	0.0032
GO:GOBP_PROTEIN_CATABOLIC_PROCESS	TLS_VISIUM_USZ::LC1	17	579	0.0081	0.199	flat	0.0014
GO:GOBP_PROTEIN_COMPLEX_OLIGOMERIZATION	TLS_VISIUM_USZ::LC1	17	579	0.023	0.00382	flat	0.0047
GO:GOBP_PROTEIN_CONTAINING_COMPLEX_DISASSEMBLY	TLS_VISIUM_USZ::LC1	17	579	0.0118	0.0781	flat	0.0044
GO:GOBP_PROTEIN_CONTAINING_COMPLEX_LOCALIZATION	TLS_VISIUM_USZ::LC1	17	579	0.0301	0.000542	flat	0.0074
GO:GOBP_PROTEIN_CONTAINING_COMPLEX_ORGANIZATION	TLS_VISIUM_USZ::LC1	17	579	0.0238	0.0031	flat	0.0026
GO:GOBP_PROTEIN_DNA_COMPLEX_ORGANIZATION	TLS_VISIUM_USZ::LC1	17	579	0.0389	4.38e-05	flat	0.0083
GO:GOBP_PROTEIN_FOLDING	TLS_VISIUM_USZ::LC1	17	579	0.045	7.44e-06	flat	0.012
GO:GOBP_PROTEIN_LOCALIZATION_TO_CELL_PERIPHERY	TLS_VISIUM_USZ::LC1	17	579	0.0133	0.0526	flat	0.0037
GO:GOBP_PROTEIN_LOCALIZATION_TO_CHROMOSOME	TLS_VISIUM_USZ::LC1	17	579	0.0192	0.0108	flat	0.008
GO:GOBP_PROTEIN_LOCALIZATION_TO_EXTRACELLULAR_REGION	TLS_VISIUM_USZ::LC1	17	579	0.0187	0.0125	flat	0.0046
GO:GOBP_PROTEIN_LOCALIZATION_TO_MITOCHONDRION	TLS_VISIUM_USZ::LC1	17	579	0.0069	0.265	flat	0.004
GO:GOBP_PROTEIN_LOCALIZATION_TO_NUCLEUS	TLS_VISIUM_USZ::LC1	17	579	0.0065	0.29	flat	0.0035
GO:GOBP_PROTEIN_LOCALIZATION_TO_ORGANELLE	TLS_VISIUM_USZ::LC1	17	579	0.0086	0.173	flat	0.002
GO:GOBP_PROTEIN_LOCALIZATION_TO_PLASMA_MEMBRANE	TLS_VISIUM_USZ::LC1	17	579	0.0117	0.0785	flat	0.0043
GO:GOBP_PROTEIN_MATURATION	TLS_VISIUM_USZ::LC1	17	579	0.0187	0.0126	flat	0.0049
GO:GOBP_PROTEIN_MODIFICATION_BY_SMALL_PROTEIN_CONJUGATION	TLS_VISIUM_USZ::LC1	17	579	0.0075	0.225	flat	0.0025
GO:GOBP_PROTEIN_POLYMERIZATION	TLS_VISIUM_USZ::LC1	17	579	0.0039	0.524	flat	0.0022
GO:GOBP_PROTEIN_POLYUBIQUITINATION	TLS_VISIUM_USZ::LC1	17	579	0.0137	0.0475	flat	0.0054
GO:GOBP_PROTEIN_PROCESSING	TLS_VISIUM_USZ::LC1	17	579	0.0062	0.313	flat	0.0033
GO:GOBP_PROTEIN_RNA_COMPLEX_ORGANIZATION	TLS_VISIUM_USZ::LC1	17	579	0.0171	0.0192	flat	0.0096
GO:GOBP_PROTEIN_STABILIZATION	TLS_VISIUM_USZ::LC1	17	579	0.0247	0.00241	flat	0.0079
GO:GOBP_PROTEIN_TARGETING	TLS_VISIUM_USZ::LC1	17	579	0.007	0.26	flat	0.0029
GO:GOBP_PROTEIN_TARGETING_TO_MITOCHONDRION	TLS_VISIUM_USZ::LC1	17	579	0.0253	0.00202	flat	0.0108
GO:GOBP_PROTEIN_TRANSPORT	TLS_VISIUM_USZ::LC1	17	579	0.0068	0.267	flat	0.0015
GO:GOBP_PROTEOLYSIS	TLS_VISIUM_USZ::LC1	17	579	0.0303	0.000505	flat	0.0034
GO:GOBP_PROTEOLYSIS_INVOLVED_IN_PROTEIN_CATABOLIC_PROCESS	TLS_VISIUM_USZ::LC1	17	579	0.0177	0.0163	flat	0.0031
GO:GOBP_PROTON_MOTIVE_FORCE_DRIVEN_ATP_SYNTHESIS	TLS_VISIUM_USZ::LC1	17	579	0.0325	0.000272	flat	0.0295
GO:GOBP_PROTON_TRANSMEMBRANE_TRANSPORT	TLS_VISIUM_USZ::LC1	17	579	0.0046	0.452	flat	0.0028
GO:GOBP_PURINE_CONTAINING_COMPOUND_BIOSYNTHETIC_PROCESS	TLS_VISIUM_USZ::LC1	17	579	0.0017	0.802	flat	0.0017
GO:GOBP_PURINE_CONTAINING_COMPOUND_METABOLIC_PROCESS	TLS_VISIUM_USZ::LC1	17	579	0.0391	4.09e-05	flat	0.0045
GO:GOBP_PURINE_NUCLEOTIDE_BIOSYNTHETIC_PROCESS	TLS_VISIUM_USZ::LC1	17	579	0.0068	0.268	flat	0.0035
GO:GOBP_PYRIDINE_CONTAINING_COMPOUND_METABOLIC_PROCESS	TLS_VISIUM_USZ::LC1	17	579	0.0167	0.0215	flat	0.0058
GO:GOBP_REACTIVE_OXYGEN_SPECIES_METABOLIC_PROCESS	TLS_VISIUM_USZ::LC1	17	579	0.0031	0.616	flat	0.0027
GO:GOBP_RECEPTOR_MEDIATED_ENDOCYTOSIS	TLS_VISIUM_USZ::LC1	17	579	0.0419	1.86e-05	flat	0.0067
GO:GOBP_RECOMBINATIONAL_REPAIR	TLS_VISIUM_USZ::LC1	17	579	0.0024	0.704	flat	0.0027
GO:GOBP_REGENERATION	TLS_VISIUM_USZ::LC1	17	579	0.0064	0.295	flat	0.003
GO:GOBP_REGULATION_OF_ACTIN_FILAMENT_BASED_PROCESS	TLS_VISIUM_USZ::LC1	17	579	0.0101	0.12	flat	0.0032
GO:GOBP_REGULATION_OF_ACTIN_FILAMENT_ORGANIZATION	TLS_VISIUM_USZ::LC1	17	579	0.0137	0.0471	flat	0.0053
GO:GOBP_REGULATION_OF_ACTIN_FILAMENT_POLYMERIZATION	TLS_VISIUM_USZ::LC1	17	579	0.009	0.156	flat	0.0046
GO:GOBP_REGULATION_OF_ADAPTIVE_IMMUNE_RESPONSE	TLS_VISIUM_USZ::LC1	17	579	0.0102	0.116	flat	0.0038
GO:GOBP_REGULATION_OF_ALPHA_BETA_T_CELL_ACTIVATION	TLS_VISIUM_USZ::LC1	17	579	0.0272	0.0012	flat	0.0092
GO:GOBP_REGULATION_OF_ANATOMICAL_STRUCTURE_MORPHOGENESIS	TLS_VISIUM_USZ::LC1	17	579	0.0389	4.4e-05	flat	0.0038
GO:GOBP_REGULATION_OF_ANATOMICAL_STRUCTURE_SIZE	TLS_VISIUM_USZ::LC1	17	579	0.0012	0.875	flat	0.0008
GO:GOBP_REGULATION_OF_APOPTOTIC_SIGNALING_PATHWAY	TLS_VISIUM_USZ::LC1	17	579	0.0004	0.974	flat	0.0006
GO:GOBP_REGULATION_OF_AUTOPHAGY	TLS_VISIUM_USZ::LC1	17	579	0.0077	0.216	flat	0.0034
GO:GOBP_REGULATION_OF_BLOOD_CIRCULATION	TLS_VISIUM_USZ::LC1	17	579	0.0571	2.12e-07	flat	0.0085
GO:GOBP_REGULATION_OF_BMP_SIGNALING_PATHWAY	TLS_VISIUM_USZ::LC1	17	579	0.0305	0.000472	flat	0.0079
GO:GOBP_REGULATION_OF_BODY_FLUID_LEVELS	TLS_VISIUM_USZ::LC1	17	579	0.0027	0.664	flat	0.001
GO:GOBP_REGULATION_OF_CANONICAL_WNT_SIGNALING_PATHWAY	TLS_VISIUM_USZ::LC1	17	579	0.0046	0.446	flat	0.0027
GO:GOBP_REGULATION_OF_CARTILAGE_DEVELOPMENT	TLS_VISIUM_USZ::LC1	17	579	0.0036	0.555	flat	0.0031
GO:GOBP_REGULATION_OF_CATABOLIC_PROCESS	TLS_VISIUM_USZ::LC1	17	579	0.0183	0.0141	flat	0.0029
GO:GOBP_REGULATION_OF_CATALYTIC_ACTIVITY	TLS_VISIUM_USZ::LC1	17	579	0.0072	0.246	flat	0.0023
GO:GOBP_REGULATION_OF_CD4_POSITIVE_ALPHA_BETA_T_CELL_ACTIVATION	TLS_VISIUM_USZ::LC1	17	579	0.0026	0.689	flat	0.0027
GO:GOBP_REGULATION_OF_CD4_POSITIVE_ALPHA_BETA_T_CELL_DIFFERENTIATION	TLS_VISIUM_USZ::LC1	17	579	0.0038	0.536	flat	0.004
GO:GOBP_REGULATION_OF_CELLULAR_COMPONENT_BIOGENESIS	TLS_VISIUM_USZ::LC1	17	579	0.0106	0.106	flat	0.0019
GO:GOBP_REGULATION_OF_CELLULAR_COMPONENT_SIZE	TLS_VISIUM_USZ::LC1	17	579	0.0201	0.00865	flat	0.0047
GO:GOBP_REGULATION_OF_CELLULAR_LOCALIZATION	TLS_VISIUM_USZ::LC1	17	579	0.0052	0.388	flat	0.0016
GO:GOBP_REGULATION_OF_CELLULAR_RESPONSE_TO_GROWTH_FACTOR_STIMULUS	TLS_VISIUM_USZ::LC1	17	579	0.0329	0.000244	flat	0.0062
GO:GOBP_REGULATION_OF_CELLULAR_RESPONSE_TO_STRESS	TLS_VISIUM_USZ::LC1	17	579	0.0123	0.0675	flat	0.0034
GO:GOBP_REGULATION_OF_CELLULAR_RESPONSE_TO_TRANSFORMING_GROWTH_FACTOR_BETA_STIMULUS	TLS_VISIUM_USZ::LC1	17	579	0.018	0.015	flat	0.0058
GO:GOBP_REGULATION_OF_CELL_ACTIVATION	TLS_VISIUM_USZ::LC1	17	579	0.0143	0.0409	flat	0.0026
GO:GOBP_REGULATION_OF_CELL_ADHESION	TLS_VISIUM_USZ::LC1	17	579	0.0011	0.892	flat	0.0006
GO:GOBP_REGULATION_OF_CELL_CELL_ADHESION	TLS_VISIUM_USZ::LC1	17	579	0.0087	0.169	flat	0.0019
GO:GOBP_REGULATION_OF_CELL_CYCLE	TLS_VISIUM_USZ::LC1	17	579	0.009	0.156	flat	0.002
GO:GOBP_REGULATION_OF_CELL_CYCLE_G2_M_PHASE_TRANSITION	TLS_VISIUM_USZ::LC1	17	579	0.028	0.000953	flat	0.0104
GO:GOBP_REGULATION_OF_CELL_CYCLE_PHASE_TRANSITION	TLS_VISIUM_USZ::LC1	17	579	0.0208	0.00699	flat	0.0047
GO:GOBP_REGULATION_OF_CELL_CYCLE_PROCESS	TLS_VISIUM_USZ::LC1	17	579	0.0581	1.61e-07	flat	0.0054
GO:GOBP_REGULATION_OF_CELL_DEVELOPMENT	TLS_VISIUM_USZ::LC1	17	579	0.03	0.000554	flat	0.0036
GO:GOBP_REGULATION_OF_CELL_DIFFERENTIATION	TLS_VISIUM_USZ::LC1	17	579	0.0376	6.38e-05	flat	0.0032
GO:GOBP_REGULATION_OF_CELL_JUNCTION_ASSEMBLY	TLS_VISIUM_USZ::LC1	17	579	0.0299	0.000572	flat	0.0062
GO:GOBP_REGULATION_OF_CELL_KILLING	TLS_VISIUM_USZ::LC1	17	579	0.0128	0.0598	flat	0.006
GO:GOBP_REGULATION_OF_CELL_MATRIX_ADHESION	TLS_VISIUM_USZ::LC1	17	579	0.0091	0.153	flat	0.0041
GO:GOBP_REGULATION_OF_CELL_MORPHOGENESIS	TLS_VISIUM_USZ::LC1	17	579	0.0096	0.135	flat	0.0043
GO:GOBP_REGULATION_OF_CELL_POPULATION_PROLIFERATION	TLS_VISIUM_USZ::LC1	17	579	0.0396	3.58e-05	flat	0.0032
GO:GOBP_REGULATION_OF_CELL_PROJECTION_ORGANIZATION	TLS_VISIUM_USZ::LC1	17	579	0.0357	0.000111	flat	0.0041
GO:GOBP_REGULATION_OF_CELL_SHAPE	TLS_VISIUM_USZ::LC1	17	579	0.0025	0.702	flat	0.0026
GO:GOBP_REGULATION_OF_CELL_SUBSTRATE_ADHESION	TLS_VISIUM_USZ::LC1	17	579	0.0269	0.0013	flat	0.0067
GO:GOBP_REGULATION_OF_CELL_SUBSTRATE_JUNCTION_ORGANIZATION	TLS_VISIUM_USZ::LC1	17	579	0.0089	0.161	flat	0.0073
GO:GOBP_REGULATION_OF_CHEMOTAXIS	TLS_VISIUM_USZ::LC1	17	579	0.0023	0.718	flat	0.0019
GO:GOBP_REGULATION_OF_CHROMOSOME_ORGANIZATION	TLS_VISIUM_USZ::LC1	17	579	0.0009	0.911	flat	0.0014
GO:GOBP_REGULATION_OF_CHROMOSOME_SEGREGATION	TLS_VISIUM_USZ::LC1	17	579	0.0065	0.293	flat	0.0037
GO:GOBP_REGULATION_OF_COAGULATION	TLS_VISIUM_USZ::LC1	17	579	0.0026	0.683	flat	0.0028
GO:GOBP_REGULATION_OF_CYTOSKELETON_ORGANIZATION	TLS_VISIUM_USZ::LC1	17	579	0.0132	0.0543	flat	0.003
GO:GOBP_REGULATION_OF_DEFENSE_RESPONSE	TLS_VISIUM_USZ::LC1	17	579	0.0358	0.000106	flat	0.0039
GO:GOBP_REGULATION_OF_DEFENSE_RESPONSE_TO_VIRUS	TLS_VISIUM_USZ::LC1	17	579	0.0104	0.112	flat	0.008
GO:GOBP_REGULATION_OF_DNA_METABOLIC_PROCESS	TLS_VISIUM_USZ::LC1	17	579	0.0062	0.313	flat	0.0023
GO:GOBP_REGULATION_OF_DNA_REPAIR	TLS_VISIUM_USZ::LC1	17	579	0.0041	0.499	flat	0.0022
GO:GOBP_REGULATION_OF_DNA_REPLICATION	TLS_VISIUM_USZ::LC1	17	579	0.0225	0.00438	flat	0.0083
GO:GOBP_REGULATION_OF_DOUBLE_STRAND_BREAK_REPAIR	TLS_VISIUM_USZ::LC1	17	579	0.0048	0.433	flat	0.0025
GO:GOBP_REGULATION_OF_ENDOCYTOSIS	TLS_VISIUM_USZ::LC1	17	579	0.006	0.324	flat	0.0025
GO:GOBP_REGULATION_OF_EPITHELIAL_CELL_DIFFERENTIATION	TLS_VISIUM_USZ::LC1	17	579	0.0209	0.00695	flat	0.0057
GO:GOBP_REGULATION_OF_EPITHELIAL_CELL_PROLIFERATION	TLS_VISIUM_USZ::LC1	17	579	0.0161	0.0251	flat	0.0039
GO:GOBP_REGULATION_OF_EPITHELIAL_TO_MESENCHYMAL_TRANSITION	TLS_VISIUM_USZ::LC1	17	579	0.0178	0.0158	flat	0.0063
GO:GOBP_REGULATION_OF_ESTABLISHMENT_OF_PROTEIN_LOCALIZATION	TLS_VISIUM_USZ::LC1	17	579	0.0097	0.133	flat	0.0023
GO:GOBP_REGULATION_OF_GENERATION_OF_PRECURSOR_METABOLITES_AND_ENERGY	TLS_VISIUM_USZ::LC1	17	579	0.0216	0.00572	flat	0.0071
GO:GOBP_REGULATION_OF_GROWTH	TLS_VISIUM_USZ::LC1	17	579	0.035	0.000134	flat	0.0043
GO:GOBP_REGULATION_OF_HEART_CONTRACTION	TLS_VISIUM_USZ::LC1	17	579	0.0783	3.65e-10	flat	0.01
GO:GOBP_REGULATION_OF_HEMOPOIESIS	TLS_VISIUM_USZ::LC1	17	579	0.0124	0.0657	flat	0.0024
GO:GOBP_REGULATION_OF_HORMONE_LEVELS	TLS_VISIUM_USZ::LC1	17	579	0.0445	8.73e-06	flat	0.0049
GO:GOBP_REGULATION_OF_HYDROLASE_ACTIVITY	TLS_VISIUM_USZ::LC1	17	579	0.0127	0.0616	flat	0.0044
GO:GOBP_REGULATION_OF_IMMUNE_EFFECTOR_PROCESS	TLS_VISIUM_USZ::LC1	17	579	0.0288	0.000767	flat	0.005
GO:GOBP_REGULATION_OF_IMMUNE_RESPONSE	TLS_VISIUM_USZ::LC1	17	579	0.0214	0.00599	flat	0.0027
GO:GOBP_REGULATION_OF_IMMUNE_SYSTEM_PROCESS	TLS_VISIUM_USZ::LC1	17	579	0.0102	0.117	flat	0.0013
GO:GOBP_REGULATION_OF_INFLAMMATORY_RESPONSE	TLS_VISIUM_USZ::LC1	17	579	0.0987	6.43e-13	flat	0.0091
GO:GOBP_REGULATION_OF_INNATE_IMMUNE_RESPONSE	TLS_VISIUM_USZ::LC1	17	579	0.0099	0.126	flat	0.0038
GO:GOBP_REGULATION_OF_LEUKOCYTE_CHEMOTAXIS	TLS_VISIUM_USZ::LC1	17	579	0.0413	2.2e-05	flat	0.0085
GO:GOBP_REGULATION_OF_LEUKOCYTE_DIFFERENTIATION	TLS_VISIUM_USZ::LC1	17	579	0.0131	0.0555	flat	0.0036
GO:GOBP_REGULATION_OF_LEUKOCYTE_MEDIATED_IMMUNITY	TLS_VISIUM_USZ::LC1	17	579	0.0253	0.00204	flat	0.005
GO:GOBP_REGULATION_OF_LEUKOCYTE_MIGRATION	TLS_VISIUM_USZ::LC1	17	579	0.0215	0.00581	flat	0.0048
GO:GOBP_REGULATION_OF_LEUKOCYTE_PROLIFERATION	TLS_VISIUM_USZ::LC1	17	579	0.0117	0.0791	flat	0.0041
GO:GOBP_REGULATION_OF_LIPID_METABOLIC_PROCESS	TLS_VISIUM_USZ::LC1	17	579	0.0129	0.0587	flat	0.0039
GO:GOBP_REGULATION_OF_LOCOMOTION	TLS_VISIUM_USZ::LC1	17	579	0.0014	0.851	flat	0.0007
GO:GOBP_REGULATION_OF_LYMPHOCYTE_ACTIVATION	TLS_VISIUM_USZ::LC1	17	579	0.0067	0.278	flat	0.0014
GO:GOBP_REGULATION_OF_LYMPHOCYTE_DIFFERENTIATION	TLS_VISIUM_USZ::LC1	17	579	0.0159	0.0267	flat	0.004
GO:GOBP_REGULATION_OF_LYMPHOCYTE_MEDIATED_IMMUNITY	TLS_VISIUM_USZ::LC1	17	579	0.0037	0.541	flat	0.0021
GO:GOBP_REGULATION_OF_MICROTUBULE_BASED_PROCESS	TLS_VISIUM_USZ::LC1	17	579	0.0668	1.19e-08	flat	0.0094
GO:GOBP_REGULATION_OF_MITOTIC_CELL_CYCLE	TLS_VISIUM_USZ::LC1	17	579	0.0074	0.233	flat	0.0026
GO:GOBP_REGULATION_OF_MITOTIC_CELL_CYCLE_PHASE_TRANSITION	TLS_VISIUM_USZ::LC1	17	579	0.0056	0.359	flat	0.0025
GO:GOBP_REGULATION_OF_MOLECULAR_FUNCTION	TLS_VISIUM_USZ::LC1	17	579	0.0005	0.957	flat	0.0004
GO:GOBP_REGULATION_OF_MONOATOMIC_ION_TRANSPORT	TLS_VISIUM_USZ::LC1	17	579	0.0355	0.000116	flat	0.0056
GO:GOBP_REGULATION_OF_MONONUCLEAR_CELL_MIGRATION	TLS_VISIUM_USZ::LC1	17	579	0.0207	0.00726	flat	0.0057
GO:GOBP_REGULATION_OF_MRNA_METABOLIC_PROCESS	TLS_VISIUM_USZ::LC1	17	579	0.0161	0.0253	flat	0.0046
GO:GOBP_REGULATION_OF_MULTICELLULAR_ORGANISMAL_DEVELOPMENT	TLS_VISIUM_USZ::LC1	17	579	0.0527	7.8e-07	flat	0.0037
GO:GOBP_REGULATION_OF_MYELOID_CELL_DIFFERENTIATION	TLS_VISIUM_USZ::LC1	17	579	0.0017	0.804	flat	0.0013
GO:GOBP_REGULATION_OF_MYELOID_LEUKOCYTE_DIFFERENTIATION	TLS_VISIUM_USZ::LC1	17	579	0.0144	0.0393	flat	0.0066
GO:GOBP_REGULATION_OF_NERVOUS_SYSTEM_DEVELOPMENT	TLS_VISIUM_USZ::LC1	17	579	0.0382	5.35e-05	flat	0.0054
GO:GOBP_REGULATION_OF_NEUROGENESIS	TLS_VISIUM_USZ::LC1	17	579	0.0269	0.00131	flat	0.0046
GO:GOBP_REGULATION_OF_NEURON_PROJECTION_DEVELOPMENT	TLS_VISIUM_USZ::LC1	17	579	0.0032	0.603	flat	0.0017
GO:GOBP_REGULATION_OF_NUCLEAR_DIVISION	TLS_VISIUM_USZ::LC1	17	579	0.0089	0.162	flat	0.0043
GO:GOBP_REGULATION_OF_ORGANELLE_ORGANIZATION	TLS_VISIUM_USZ::LC1	17	579	0.0362	9.54e-05	flat	0.0029
GO:GOBP_REGULATION_OF_PHOSPHORUS_METABOLIC_PROCESS	TLS_VISIUM_USZ::LC1	17	579	0.0252	0.0021	flat	0.004
GO:GOBP_REGULATION_OF_PHOSPHORYLATION	TLS_VISIUM_USZ::LC1	17	579	0.012	0.0728	flat	0.0035
GO:GOBP_REGULATION_OF_POST_TRANSLATIONAL_PROTEIN_MODIFICATION	TLS_VISIUM_USZ::LC1	17	579	0.0418	1.88e-05	flat	0.0103
GO:GOBP_REGULATION_OF_PROGRAMMED_CELL_DEATH	TLS_VISIUM_USZ::LC1	17	579	0.0068	0.272	flat	0.0013
GO:GOBP_REGULATION_OF_PROTEIN_CATABOLIC_PROCESS	TLS_VISIUM_USZ::LC1	17	579	0.0513	1.19e-06	flat	0.0105
GO:GOBP_REGULATION_OF_PROTEIN_CONTAINING_COMPLEX_ASSEMBLY	TLS_VISIUM_USZ::LC1	17	579	0.0059	0.332	flat	0.0024
GO:GOBP_REGULATION_OF_PROTEIN_LOCALIZATION_TO_CELL_PERIPHERY	TLS_VISIUM_USZ::LC1	17	579	0.0027	0.672	flat	0.0027
GO:GOBP_REGULATION_OF_PROTEIN_LOCALIZATION_TO_MEMBRANE	TLS_VISIUM_USZ::LC1	17	579	0.0078	0.213	flat	0.0047
GO:GOBP_REGULATION_OF_PROTEIN_LOCALIZATION_TO_NUCLEUS	TLS_VISIUM_USZ::LC1	17	579	0.0426	1.5e-05	flat	0.0149
GO:GOBP_REGULATION_OF_PROTEIN_METABOLIC_PROCESS	TLS_VISIUM_USZ::LC1	17	579	0.0114	0.085	flat	0.0019
GO:GOBP_REGULATION_OF_PROTEIN_MODIFICATION_PROCESS	TLS_VISIUM_USZ::LC1	17	579	0.0146	0.037	flat	0.0029
GO:GOBP_REGULATION_OF_PROTEIN_STABILITY	TLS_VISIUM_USZ::LC1	17	579	0.0262	0.00161	flat	0.0064
GO:GOBP_REGULATION_OF_PROTEIN_TRANSPORT	TLS_VISIUM_USZ::LC1	17	579	0.0063	0.304	flat	0.0025
GO:GOBP_REGULATION_OF_PROTEIN_UBIQUITINATION	TLS_VISIUM_USZ::LC1	17	579	0.0101	0.121	flat	0.0041
GO:GOBP_REGULATION_OF_PROTEOLYSIS	TLS_VISIUM_USZ::LC1	17	579	0.0113	0.0886	flat	0.003
GO:GOBP_REGULATION_OF_PROTEOLYSIS_INVOLVED_IN_PROTEIN_CATABOLIC_PROCESS	TLS_VISIUM_USZ::LC1	17	579	0.0365	8.79e-05	flat	0.0102
GO:GOBP_REGULATION_OF_RESPIRATORY_BURST	TLS_VISIUM_USZ::LC1	17	579	0.0062	0.309	flat	0.0151
GO:GOBP_REGULATION_OF_RESPONSE_TO_BIOTIC_STIMULUS	TLS_VISIUM_USZ::LC1	17	579	0.004	0.512	flat	0.0018
GO:GOBP_REGULATION_OF_RESPONSE_TO_CYTOKINE_STIMULUS	TLS_VISIUM_USZ::LC1	17	579	0.0027	0.664	flat	0.0029
GO:GOBP_REGULATION_OF_RESPONSE_TO_EXTERNAL_STIMULUS	TLS_VISIUM_USZ::LC1	17	579	0.0153	0.031	flat	0.0022
GO:GOBP_REGULATION_OF_RESPONSE_TO_STRESS	TLS_VISIUM_USZ::LC1	17	579	0.004	0.514	flat	0.0011
GO:GOBP_REGULATION_OF_RESPONSE_TO_WOUNDING	TLS_VISIUM_USZ::LC1	17	579	0.0079	0.205	flat	0.0031
GO:GOBP_REGULATION_OF_RNA_SPLICING	TLS_VISIUM_USZ::LC1	17	579	0.0048	0.425	flat	0.0034
GO:GOBP_REGULATION_OF_SECRETION	TLS_VISIUM_USZ::LC1	17	579	0.0623	4.6e-08	flat	0.0065
GO:GOBP_REGULATION_OF_SISTER_CHROMATID_SEGREGATION	TLS_VISIUM_USZ::LC1	17	579	0.0087	0.169	flat	0.0055
GO:GOBP_REGULATION_OF_SMALL_GTPASE_MEDIATED_SIGNAL_TRANSDUCTION	TLS_VISIUM_USZ::LC1	17	579	0.0132	0.0542	flat	0.0042
GO:GOBP_REGULATION_OF_SMALL_MOLECULE_METABOLIC_PROCESS	TLS_VISIUM_USZ::LC1	17	579	0.0016	0.823	flat	0.0011
GO:GOBP_REGULATION_OF_SUPRAMOLECULAR_FIBER_ORGANIZATION	TLS_VISIUM_USZ::LC1	17	579	0.0027	0.666	flat	0.0013
GO:GOBP_REGULATION_OF_SYNAPTIC_PLASTICITY	TLS_VISIUM_USZ::LC1	17	579	0.0264	0.0015	flat	0.0056
GO:GOBP_REGULATION_OF_SYSTEM_PROCESS	TLS_VISIUM_USZ::LC1	17	579	0.067	1.11e-08	flat	0.0065
GO:GOBP_REGULATION_OF_TELOMERE_MAINTENANCE	TLS_VISIUM_USZ::LC1	17	579	0.0205	0.0077	flat	0.0148
GO:GOBP_REGULATION_OF_TELOMERE_MAINTENANCE_VIA_TELOMERASE	TLS_VISIUM_USZ::LC1	17	579	0.0293	0.000668	flat	0.0235
GO:GOBP_REGULATION_OF_TELOMERE_MAINTENANCE_VIA_TELOMERE_LENGTHENING	TLS_VISIUM_USZ::LC1	17	579	0.0334	0.000212	flat	0.0272
GO:GOBP_REGULATION_OF_TRANSFERASE_ACTIVITY	TLS_VISIUM_USZ::LC1	17	579	0.0076	0.223	flat	0.0037
GO:GOBP_REGULATION_OF_TRANSLATION	TLS_VISIUM_USZ::LC1	17	579	0.0025	0.694	flat	0.0019
GO:GOBP_REGULATION_OF_TRANSLATIONAL_INITIATION	TLS_VISIUM_USZ::LC1	17	579	0.0038	0.536	flat	0.0047
GO:GOBP_REGULATION_OF_TRANSMEMBRANE_RECEPTOR_PROTEIN_SERINE_THREONINE_KINASE_SIGNALING_PATHWAY	TLS_VISIUM_USZ::LC1	17	579	0.0125	0.0651	flat	0.0039
GO:GOBP_REGULATION_OF_TRANSMEMBRANE_TRANSPORT	TLS_VISIUM_USZ::LC1	17	579	0.0174	0.0177	flat	0.0038
GO:GOBP_REGULATION_OF_TRANSPORT	TLS_VISIUM_USZ::LC1	17	579	0.1174	1.68e-15	flat	0.006
GO:GOBP_REGULATION_OF_TRANS_SYNAPTIC_SIGNALING	TLS_VISIUM_USZ::LC1	17	579	0.0409	2.44e-05	flat	0.0055
GO:GOBP_REGULATION_OF_TYPE_I_INTERFERON_MEDIATED_SIGNALING_PATHWAY	TLS_VISIUM_USZ::LC1	17	579	0.0198	0.00919	flat	0.0175
GO:GOBP_REGULATION_OF_T_CELL_ACTIVATION	TLS_VISIUM_USZ::LC1	17	579	0.0237	0.00321	flat	0.0034
GO:GOBP_REGULATION_OF_T_CELL_MEDIATED_CYTOTOXICITY	TLS_VISIUM_USZ::LC1	17	579	0.0039	0.526	flat	0.0046
GO:GOBP_REGULATION_OF_T_CELL_MEDIATED_IMMUNITY	TLS_VISIUM_USZ::LC1	17	579	0.0044	0.471	flat	0.0036
GO:GOBP_REGULATION_OF_UBIQUITIN_DEPENDENT_PROTEIN_CATABOLIC_PROCESS	TLS_VISIUM_USZ::LC1	17	579	0.009	0.159	flat	0.0042
GO:GOBP_REGULATION_OF_VASCULATURE_DEVELOPMENT	TLS_VISIUM_USZ::LC1	17	579	0.0132	0.0538	flat	0.0035
GO:GOBP_REGULATION_OF_VESICLE_MEDIATED_TRANSPORT	TLS_VISIUM_USZ::LC1	17	579	0.0179	0.0153	flat	0.004
GO:GOBP_REGULATION_OF_VIRAL_GENOME_REPLICATION	TLS_VISIUM_USZ::LC1	17	579	0.0155	0.0297	flat	0.0107
GO:GOBP_REGULATION_OF_VIRAL_LIFE_CYCLE	TLS_VISIUM_USZ::LC1	17	579	0.0199	0.00913	flat	0.0128
GO:GOBP_REGULATION_OF_VIRAL_PROCESS	TLS_VISIUM_USZ::LC1	17	579	0.006	0.322	flat	0.0045
GO:GOBP_REGULATION_OF_WNT_SIGNALING_PATHWAY	TLS_VISIUM_USZ::LC1	17	579	0.0122	0.0693	flat	0.0037
GO:GOBP_REGULATORY_T_CELL_DIFFERENTIATION	TLS_VISIUM_USZ::LC1	17	579	0.0004	0.974	flat	0.0016
GO:GOBP_RENAL_SYSTEM_DEVELOPMENT	TLS_VISIUM_USZ::LC1	17	579	0.0182	0.0143	flat	0.0039
GO:GOBP_RENAL_SYSTEM_PROCESS	TLS_VISIUM_USZ::LC1	17	579	0.006	0.327	flat	0.0034
GO:GOBP_REPRODUCTIVE_PROCESS	TLS_VISIUM_USZ::LC1	17	579	0.0914	6.35e-12	flat	0.0054
GO:GOBP_REPRODUCTIVE_SYSTEM_DEVELOPMENT	TLS_VISIUM_USZ::LC1	17	579	0.0023	0.719	flat	0.0015
GO:GOBP_RESPIRATORY_SYSTEM_DEVELOPMENT	TLS_VISIUM_USZ::LC1	17	579	0.0319	0.000323	flat	0.0057
GO:GOBP_RESPONSE_TO_ABIOTIC_STIMULUS	TLS_VISIUM_USZ::LC1	17	579	0.0405	2.73e-05	flat	0.0033
GO:GOBP_RESPONSE_TO_BACTERIUM	TLS_VISIUM_USZ::LC1	17	579	0.0085	0.18	flat	0.0024
GO:GOBP_RESPONSE_TO_BMP	TLS_VISIUM_USZ::LC1	17	579	0.017	0.0196	flat	0.0049
GO:GOBP_RESPONSE_TO_CADMIUM_ION	TLS_VISIUM_USZ::LC1	17	579	0.0094	0.141	flat	0.0066
GO:GOBP_RESPONSE_TO_ENDOGENOUS_STIMULUS	TLS_VISIUM_USZ::LC1	17	579	0.0314	0.000369	flat	0.0031
GO:GOBP_RESPONSE_TO_GROWTH_FACTOR	TLS_VISIUM_USZ::LC1	17	579	0.0193	0.0105	flat	0.0033
GO:GOBP_RESPONSE_TO_HORMONE	TLS_VISIUM_USZ::LC1	17	579	0.0285	0.000843	flat	0.0032
GO:GOBP_RESPONSE_TO_KETONE	TLS_VISIUM_USZ::LC1	17	579	0.0096	0.135	flat	0.0033
GO:GOBP_RESPONSE_TO_LIPID	TLS_VISIUM_USZ::LC1	17	579	0.0638	2.92e-08	flat	0.0052
GO:GOBP_RESPONSE_TO_MECHANICAL_STIMULUS	TLS_VISIUM_USZ::LC1	17	579	0.0149	0.0348	flat	0.0033
GO:GOBP_RESPONSE_TO_MOLECULE_OF_BACTERIAL_ORIGIN	TLS_VISIUM_USZ::LC1	17	579	0.026	0.00169	flat	0.0052
GO:GOBP_RESPONSE_TO_NITROGEN_COMPOUND	TLS_VISIUM_USZ::LC1	17	579	0.0256	0.00188	flat	0.0035
GO:GOBP_RESPONSE_TO_NUTRIENT_LEVELS	TLS_VISIUM_USZ::LC1	17	579	0.0137	0.0477	flat	0.0031
GO:GOBP_RESPONSE_TO_OXIDATIVE_STRESS	TLS_VISIUM_USZ::LC1	17	579	0.0598	9.64e-08	flat	0.0072
GO:GOBP_RESPONSE_TO_OXYGEN_CONTAINING_COMPOUND	TLS_VISIUM_USZ::LC1	17	579	0.0694	5.47e-09	flat	0.0042
GO:GOBP_RESPONSE_TO_OXYGEN_LEVELS	TLS_VISIUM_USZ::LC1	17	579	0.0213	0.00622	flat	0.0034
GO:GOBP_RESPONSE_TO_PEPTIDE	TLS_VISIUM_USZ::LC1	17	579	0.0124	0.0663	flat	0.0025
GO:GOBP_RESPONSE_TO_PEPTIDE_HORMONE	TLS_VISIUM_USZ::LC1	17	579	0.0555	3.46e-07	flat	0.0074
GO:GOBP_RESPONSE_TO_RADIATION	TLS_VISIUM_USZ::LC1	17	579	0.0492	2.21e-06	flat	0.0069
GO:GOBP_RESPONSE_TO_STARVATION	TLS_VISIUM_USZ::LC1	17	579	0.0078	0.214	flat	0.003
GO:GOBP_RESPONSE_TO_STEROID_HORMONE	TLS_VISIUM_USZ::LC1	17	579	0.0086	0.175	flat	0.003
GO:GOBP_RESPONSE_TO_TEMPERATURE_STIMULUS	TLS_VISIUM_USZ::LC1	17	579	0.0247	0.00243	flat	0.0069
GO:GOBP_RESPONSE_TO_TOXIC_SUBSTANCE	TLS_VISIUM_USZ::LC1	17	579	0.0085	0.179	flat	0.0028
GO:GOBP_RESPONSE_TO_TRANSFORMING_GROWTH_FACTOR_BETA	TLS_VISIUM_USZ::LC1	17	579	0.0123	0.0687	flat	0.0029
GO:GOBP_RESPONSE_TO_TYPE_II_INTERFERON	TLS_VISIUM_USZ::LC1	17	579	0.0064	0.297	flat	0.005
GO:GOBP_RESPONSE_TO_TYPE_I_INTERFERON	TLS_VISIUM_USZ::LC1	17	579	0.0111	0.0929	flat	0.0093
GO:GOBP_RESPONSE_TO_VIRUS	TLS_VISIUM_USZ::LC1	17	579	0.0093	0.145	flat	0.0032
GO:GOBP_RESPONSE_TO_WOUNDING	TLS_VISIUM_USZ::LC1	17	579	0.0411	2.31e-05	flat	0.0048
GO:GOBP_RESPONSE_TO_XENOBIOTIC_STIMULUS	TLS_VISIUM_USZ::LC1	17	579	0.0244	0.00264	flat	0.0039
GO:GOBP_RHYTHMIC_PROCESS	TLS_VISIUM_USZ::LC1	17	579	0.01	0.123	flat	0.0031
GO:GOBP_RIBONUCLEOPROTEIN_COMPLEX_BIOGENESIS	TLS_VISIUM_USZ::LC1	17	579	0.006	0.325	flat	0.0034
GO:GOBP_RIBOSE_PHOSPHATE_BIOSYNTHETIC_PROCESS	TLS_VISIUM_USZ::LC1	17	579	0.0114	0.0854	flat	0.0054
GO:GOBP_RIBOSE_PHOSPHATE_METABOLIC_PROCESS	TLS_VISIUM_USZ::LC1	17	579	0.0168	0.021	flat	0.0046
GO:GOBP_RIBOSOMAL_LARGE_SUBUNIT_BIOGENESIS	TLS_VISIUM_USZ::LC1	17	579	0.0033	0.592	flat	0.0042
GO:GOBP_RIBOSOME_BIOGENESIS	TLS_VISIUM_USZ::LC1	17	579	0.0045	0.463	flat	0.0026
GO:GOBP_RNA_EXPORT_FROM_NUCLEUS	TLS_VISIUM_USZ::LC1	17	579	0.0043	0.477	flat	0.0052
GO:GOBP_RNA_LOCALIZATION	TLS_VISIUM_USZ::LC1	17	579	0.0077	0.218	flat	0.0052
GO:GOBP_RNA_MODIFICATION	TLS_VISIUM_USZ::LC1	17	579	0.0106	0.106	flat	0.0055
GO:GOBP_RNA_PROCESSING	TLS_VISIUM_USZ::LC1	17	579	0.0146	0.037	flat	0.0031
GO:GOBP_RNA_SPLICING	TLS_VISIUM_USZ::LC1	17	579	0.006	0.326	flat	0.0026
GO:GOBP_RNA_SPLICING_VIA_TRANSESTERIFICATION_REACTIONS	TLS_VISIUM_USZ::LC1	17	579	0.0124	0.0657	flat	0.0052
GO:GOBP_RNA_TEMPLATED_DNA_BIOSYNTHETIC_PROCESS	TLS_VISIUM_USZ::LC1	17	579	0.0352	0.000126	flat	0.0235
GO:GOBP_RRNA_METABOLIC_PROCESS	TLS_VISIUM_USZ::LC1	17	579	0.0088	0.167	flat	0.0037
GO:GOBP_RRNA_PROCESSING	TLS_VISIUM_USZ::LC1	17	579	0.0017	0.805	flat	0.0024
GO:GOBP_SECONDARY_ALCOHOL_METABOLIC_PROCESS	TLS_VISIUM_USZ::LC1	17	579	0.0045	0.46	flat	0.0029
GO:GOBP_SECRETION	TLS_VISIUM_USZ::LC1	17	579	0.084	6.29e-11	flat	0.0058
GO:GOBP_SEMI_LUNAR_VALVE_DEVELOPMENT	TLS_VISIUM_USZ::LC1	17	579	0.0249	0.0023	flat	0.0098
GO:GOBP_SENSORY_ORGAN_DEVELOPMENT	TLS_VISIUM_USZ::LC1	17	579	0.0178	0.0158	flat	0.0033
GO:GOBP_SENSORY_ORGAN_MORPHOGENESIS	TLS_VISIUM_USZ::LC1	17	579	0.0467	4.62e-06	flat	0.0071
GO:GOBP_SENSORY_PERCEPTION	TLS_VISIUM_USZ::LC1	17	579	0.1757	6.02e-24	flat	0.0105
GO:GOBP_SENSORY_SYSTEM_DEVELOPMENT	TLS_VISIUM_USZ::LC1	17	579	0.0371	7.35e-05	flat	0.0058
GO:GOBP_SEQUESTERING_OF_CALCIUM_ION	TLS_VISIUM_USZ::LC1	17	579	0.0169	0.0203	flat	0.006
GO:GOBP_SEXUAL_REPRODUCTION	TLS_VISIUM_USZ::LC1	17	579	0.0747	1.09e-09	flat	0.0059
GO:GOBP_SIGNAL_RELEASE	TLS_VISIUM_USZ::LC1	17	579	0.1213	4.81e-16	flat	0.0095
GO:GOBP_SIGNAL_TRANSDUCTION_BY_P53_CLASS_MEDIATOR	TLS_VISIUM_USZ::LC1	17	579	0.0132	0.0541	flat	0.0065
GO:GOBP_SIGNAL_TRANSDUCTION_IN_RESPONSE_TO_DNA_DAMAGE	TLS_VISIUM_USZ::LC1	17	579	0.0004	0.971	flat	0.001
GO:GOBP_SISTER_CHROMATID_SEGREGATION	TLS_VISIUM_USZ::LC1	17	579	0.0024	0.706	flat	0.0024
GO:GOBP_SKELETAL_MUSCLE_CELL_DIFFERENTIATION	TLS_VISIUM_USZ::LC1	17	579	0.0049	0.421	flat	0.0035
GO:GOBP_SKELETAL_SYSTEM_DEVELOPMENT	TLS_VISIUM_USZ::LC1	17	579	0.0484	2.78e-06	flat	0.0056
GO:GOBP_SKIN_DEVELOPMENT	TLS_VISIUM_USZ::LC1	17	579	0.0044	0.467	flat	0.0026
GO:GOBP_SMALL_GTPASE_MEDIATED_SIGNAL_TRANSDUCTION	TLS_VISIUM_USZ::LC1	17	579	0.0349	0.000136	flat	0.0055
GO:GOBP_SMALL_MOLECULE_BIOSYNTHETIC_PROCESS	TLS_VISIUM_USZ::LC1	17	579	0.0049	0.423	flat	0.0014
GO:GOBP_SMALL_MOLECULE_CATABOLIC_PROCESS	TLS_VISIUM_USZ::LC1	17	579	0.0107	0.102	flat	0.003
GO:GOBP_SMALL_MOLECULE_METABOLIC_PROCESS	TLS_VISIUM_USZ::LC1	17	579	0.0608	7.18e-08	flat	0.0036
GO:GOBP_SMOOTH_MUSCLE_CELL_PROLIFERATION	TLS_VISIUM_USZ::LC1	17	579	0.0256	0.00187	flat	0.007
GO:GOBP_SPINDLE_ASSEMBLY	TLS_VISIUM_USZ::LC1	17	579	0.0081	0.195	flat	0.005
GO:GOBP_SPINDLE_ORGANIZATION	TLS_VISIUM_USZ::LC1	17	579	0.0108	0.0993	flat	0.0046
GO:GOBP_SPROUTING_ANGIOGENESIS	TLS_VISIUM_USZ::LC1	17	579	0.0272	0.00122	flat	0.0081
GO:GOBP_STEM_CELL_DIFFERENTIATION	TLS_VISIUM_USZ::LC1	17	579	0.0604	8.15e-08	flat	0.0078
GO:GOBP_STEM_CELL_PROLIFERATION	TLS_VISIUM_USZ::LC1	17	579	0.0095	0.14	flat	0.0041
GO:GOBP_STEROID_BIOSYNTHETIC_PROCESS	TLS_VISIUM_USZ::LC1	17	579	0.0241	0.00286	flat	0.0066
GO:GOBP_STEROID_METABOLIC_PROCESS	TLS_VISIUM_USZ::LC1	17	579	0.022	0.0051	flat	0.005
GO:GOBP_STEROL_BIOSYNTHETIC_PROCESS	TLS_VISIUM_USZ::LC1	17	579	0.0225	0.0044	flat	0.0077
GO:GOBP_SULFUR_COMPOUND_METABOLIC_PROCESS	TLS_VISIUM_USZ::LC1	17	579	0.0052	0.39	flat	0.0023
GO:GOBP_SUPRAMOLECULAR_FIBER_ORGANIZATION	TLS_VISIUM_USZ::LC1	17	579	0.0021	0.755	flat	0.0011
GO:GOBP_SYNAPSE_ASSEMBLY	TLS_VISIUM_USZ::LC1	17	579	0.0408	2.52e-05	flat	0.0059
GO:GOBP_SYNAPSE_ORGANIZATION	TLS_VISIUM_USZ::LC1	17	579	0.0115	0.0839	flat	0.0028
GO:GOBP_SYNAPTIC_SIGNALING	TLS_VISIUM_USZ::LC1	17	579	0.1021	2.22e-13	flat	0.0077
GO:GOBP_TAXIS	TLS_VISIUM_USZ::LC1	17	579	0.0825	9.86e-11	flat	0.0066
GO:GOBP_TELOMERASE_RNA_LOCALIZATION	TLS_VISIUM_USZ::LC1	17	579	0.0198	0.00929	flat	0.0325
GO:GOBP_TELOMERE_MAINTENANCE_VIA_TELOMERE_LENGTHENING	TLS_VISIUM_USZ::LC1	17	579	0.0144	0.039	flat	0.0113
GO:GOBP_TELOMERE_ORGANIZATION	TLS_VISIUM_USZ::LC1	17	579	0.008	0.203	flat	0.006
GO:GOBP_TIGHT_JUNCTION_ASSEMBLY	TLS_VISIUM_USZ::LC1	17	579	0.0033	0.59	flat	0.0034
GO:GOBP_TIGHT_JUNCTION_ORGANIZATION	TLS_VISIUM_USZ::LC1	17	579	0.0055	0.368	flat	0.0045
GO:GOBP_TISSUE_HOMEOSTASIS	TLS_VISIUM_USZ::LC1	17	579	0.0274	0.00115	flat	0.0058
GO:GOBP_TISSUE_MORPHOGENESIS	TLS_VISIUM_USZ::LC1	17	579	0.0187	0.0125	flat	0.0026
GO:GOBP_TISSUE_REMODELING	TLS_VISIUM_USZ::LC1	17	579	0.0253	0.00204	flat	0.0068
GO:GOBP_TRANSFORMING_GROWTH_FACTOR_BETA_RECEPTOR_SIGNALING_PATHWAY	TLS_VISIUM_USZ::LC1	17	579	0.0031	0.617	flat	0.0019
GO:GOBP_TRANSLATION	TLS_VISIUM_USZ::LC1	17	579	0.0245	0.00258	flat	0.0068
GO:GOBP_TRANSLATIONAL_INITIATION	TLS_VISIUM_USZ::LC1	17	579	0.001	0.908	flat	0.0018
GO:GOBP_TRANSMEMBRANE_TRANSPORT	TLS_VISIUM_USZ::LC1	17	579	0.1082	3.21e-14	flat	0.0057
GO:GOBP_TRNA_METABOLIC_PROCESS	TLS_VISIUM_USZ::LC1	17	579	0.0287	0.000803	flat	0.0093
GO:GOBP_TUBE_DEVELOPMENT	TLS_VISIUM_USZ::LC1	17	579	0.0266	0.00143	flat	0.0028
GO:GOBP_TUBE_MORPHOGENESIS	TLS_VISIUM_USZ::LC1	17	579	0.0088	0.164	flat	0.0019
GO:GOBP_TUMOR_NECROSIS_FACTOR_MEDIATED_SIGNALING_PATHWAY	TLS_VISIUM_USZ::LC1	17	579	0.0582	1.54e-07	flat	0.0157
GO:GOBP_TUMOR_NECROSIS_FACTOR_SUPERFAMILY_CYTOKINE_PRODUCTION	TLS_VISIUM_USZ::LC1	17	579	0.0177	0.0164	flat	0.0061
GO:GOBP_TYPE_II_INTERFERON_PRODUCTION	TLS_VISIUM_USZ::LC1	17	579	0.0078	0.212	flat	0.0044
GO:GOBP_TYPE_I_INTERFERON_PRODUCTION	TLS_VISIUM_USZ::LC1	17	579	0.0039	0.518	flat	0.0037
GO:GOBP_T_CELL_ACTIVATION	TLS_VISIUM_USZ::LC1	17	579	0.016	0.0261	flat	0.0031
GO:GOBP_T_CELL_ACTIVATION_INVOLVED_IN_IMMUNE_RESPONSE	TLS_VISIUM_USZ::LC1	17	579	0.0218	0.00542	flat	0.0067
GO:GOBP_T_CELL_DIFFERENTIATION	TLS_VISIUM_USZ::LC1	17	579	0.0115	0.083	flat	0.0035
GO:GOBP_T_CELL_MEDIATED_IMMUNITY	TLS_VISIUM_USZ::LC1	17	579	0.0025	0.692	flat	0.0023
GO:GOBP_T_CELL_PROLIFERATION	TLS_VISIUM_USZ::LC1	17	579	0.0242	0.0028	flat	0.0052
GO:GOBP_T_CELL_RECEPTOR_SIGNALING_PATHWAY	TLS_VISIUM_USZ::LC1	17	579	0.0024	0.714	flat	0.0022
GO:GOBP_VACUOLE_ORGANIZATION	TLS_VISIUM_USZ::LC1	17	579	0.0154	0.03	flat	0.0064
GO:GOBP_VASCULAR_ASSOCIATED_SMOOTH_MUSCLE_CELL_PROLIFERATION	TLS_VISIUM_USZ::LC1	17	579	0.0072	0.246	flat	0.0055
GO:GOBP_VASCULATURE_DEVELOPMENT	TLS_VISIUM_USZ::LC1	17	579	0.0086	0.176	flat	0.0017
GO:GOBP_VASCULOGENESIS	TLS_VISIUM_USZ::LC1	17	579	0.0119	0.0753	flat	0.0064
GO:GOBP_VESICLE_MEDIATED_TRANSPORT	TLS_VISIUM_USZ::LC1	17	579	0.0141	0.0421	flat	0.002
GO:GOBP_VESICLE_ORGANIZATION	TLS_VISIUM_USZ::LC1	17	579	0.0069	0.265	flat	0.003
GO:GOBP_VIRAL_GENOME_REPLICATION	TLS_VISIUM_USZ::LC1	17	579	0.0088	0.164	flat	0.0075
GO:GOBP_VIRAL_LIFE_CYCLE	TLS_VISIUM_USZ::LC1	17	579	0.0082	0.191	flat	0.0033
GO:GOBP_VIRAL_PROCESS	TLS_VISIUM_USZ::LC1	17	579	0.0101	0.118	flat	0.0029
GO:GOBP_WNT_SIGNALING_PATHWAY	TLS_VISIUM_USZ::LC1	17	579	0.0256	0.00189	flat	0.0048
GO:GOBP_WOUND_HEALING	TLS_VISIUM_USZ::LC1	17	579	0.0142	0.0415	flat	0.0039
GO:GOBP_ACTIN_FILAMENT_BASED_PROCESS	TLS_VISIUM_USZ::KC1	7	1088	0.0214	3.21e-05	flat	0.0027
GO:GOBP_ACTIN_FILAMENT_BUNDLE_ORGANIZATION	TLS_VISIUM_USZ::KC1	7	1088	0.0214	3.31e-05	flat	0.0071
GO:GOBP_ACTIN_FILAMENT_ORGANIZATION	TLS_VISIUM_USZ::KC1	7	1088	0.0471	2.62e-11	flat	0.0066
GO:GOBP_ACTIVATION_OF_IMMUNE_RESPONSE	TLS_VISIUM_USZ::KC1	7	1088	0.0247	5.44e-06	flat	0.004
GO:GOBP_ACTIVATION_OF_INNATE_IMMUNE_RESPONSE	TLS_VISIUM_USZ::KC1	7	1088	0.0073	0.0478	flat	0.0029
GO:GOBP_ACTOMYOSIN_STRUCTURE_ORGANIZATION	TLS_VISIUM_USZ::KC1	7	1088	0.019	0.000115	flat	0.0039
GO:GOBP_ADAPTIVE_IMMUNE_RESPONSE	TLS_VISIUM_USZ::KC1	7	1088	0.0603	1.5e-14	flat	0.0049
GO:GOBP_ADAPTIVE_IMMUNE_RESPONSE_BASED_ON_SOMATIC_RECOMBINATION_OF_IMMUNE_RECEPTORS_BUILT_FROM_IMMUNOGLOBULIN_SUPERFAMILY_DOMAINS	TLS_VISIUM_USZ::KC1	7	1088	0.1051	6.26e-26	flat	0.0107
GO:GOBP_AEROBIC_RESPIRATION	TLS_VISIUM_USZ::KC1	7	1088	0.0105	0.00975	flat	0.0063
GO:GOBP_ALCOHOL_BIOSYNTHETIC_PROCESS	TLS_VISIUM_USZ::KC1	7	1088	0.0072	0.0493	flat	0.0034
GO:GOBP_ALCOHOL_METABOLIC_PROCESS	TLS_VISIUM_USZ::KC1	7	1088	0.0043	0.194	flat	0.0019
GO:GOBP_ALPHA_AMINO_ACID_METABOLIC_PROCESS	TLS_VISIUM_USZ::KC1	7	1088	0.0045	0.176	flat	0.0022
GO:GOBP_ALPHA_BETA_T_CELL_ACTIVATION	TLS_VISIUM_USZ::KC1	7	1088	0.0081	0.0314	flat	0.0026
GO:GOBP_AMEBOIDAL_TYPE_CELL_MIGRATION	TLS_VISIUM_USZ::KC1	7	1088	0.0248	5.31e-06	flat	0.0053
GO:GOBP_AMIDE_METABOLIC_PROCESS	TLS_VISIUM_USZ::KC1	7	1088	0.0002	0.972	flat	0.0003
GO:GOBP_AMINO_ACID_METABOLIC_PROCESS	TLS_VISIUM_USZ::KC1	7	1088	0.0112	0.00666	flat	0.0029
GO:GOBP_ANATOMICAL_STRUCTURE_FORMATION_INVOLVED_IN_MORPHOGENESIS	TLS_VISIUM_USZ::KC1	7	1088	0.0739	6.06e-18	flat	0.0039
GO:GOBP_ANATOMICAL_STRUCTURE_MATURATION	TLS_VISIUM_USZ::KC1	7	1088	0.0102	0.011	flat	0.0023
GO:GOBP_ANIMAL_ORGAN_MORPHOGENESIS	TLS_VISIUM_USZ::KC1	7	1088	0.0204	5.62e-05	flat	0.002
GO:GOBP_ANTERIOR_POSTERIOR_PATTERN_SPECIFICATION	TLS_VISIUM_USZ::KC1	7	1088	0.0079	0.0356	flat	0.0025
GO:GOBP_ANTIBACTERIAL_HUMORAL_RESPONSE	TLS_VISIUM_USZ::KC1	7	1088	0.0321	1.02e-07	flat	0.0115
GO:GOBP_ANTIGEN_PROCESSING_AND_PRESENTATION	TLS_VISIUM_USZ::KC1	7	1088	0.048	1.54e-11	flat	0.0162
GO:GOBP_ANTIGEN_PROCESSING_AND_PRESENTATION_OF_ENDOGENOUS_ANTIGEN	TLS_VISIUM_USZ::KC1	7	1088	0.0287	6.33e-07	flat	0.0235
GO:GOBP_ANTIGEN_PROCESSING_AND_PRESENTATION_OF_ENDOGENOUS_PEPTIDE_ANTIGEN	TLS_VISIUM_USZ::KC1	7	1088	0.0356	1.49e-08	flat	0.0362
GO:GOBP_ANTIGEN_PROCESSING_AND_PRESENTATION_OF_EXOGENOUS_ANTIGEN	TLS_VISIUM_USZ::KC1	7	1088	0.0489	9.16e-12	flat	0.0221
GO:GOBP_ANTIGEN_PROCESSING_AND_PRESENTATION_OF_EXOGENOUS_PEPTIDE_ANTIGEN	TLS_VISIUM_USZ::KC1	7	1088	0.0537	6.42e-13	flat	0.0316
GO:GOBP_ANTIGEN_PROCESSING_AND_PRESENTATION_OF_PEPTIDE_ANTIGEN	TLS_VISIUM_USZ::KC1	7	1088	0.0686	1.3e-16	flat	0.0293
GO:GOBP_ANTIGEN_PROCESSING_AND_PRESENTATION_OF_PEPTIDE_ANTIGEN_VIA_MHC_CLASS_I	TLS_VISIUM_USZ::KC1	7	1088	0.0155	0.000723	flat	0.0164
GO:GOBP_ANTIGEN_PROCESSING_AND_PRESENTATION_OF_PEPTIDE_OR_POLYSACCHARIDE_ANTIGEN_VIA_MHC_CLASS_II	TLS_VISIUM_USZ::KC1	7	1088	0.0429	2.72e-10	flat	0.0232
GO:GOBP_ANTIVIRAL_INNATE_IMMUNE_RESPONSE	TLS_VISIUM_USZ::KC1	7	1088	0.0046	0.17	flat	0.004
GO:GOBP_AORTIC_VALVE_MORPHOGENESIS	TLS_VISIUM_USZ::KC1	7	1088	0.0182	0.000177	flat	0.01
GO:GOBP_APICAL_JUNCTION_ASSEMBLY	TLS_VISIUM_USZ::KC1	7	1088	0.004	0.223	flat	0.0025
GO:GOBP_APOPTOTIC_PROCESS	TLS_VISIUM_USZ::KC1	7	1088	0.0385	3e-09	flat	0.0031
GO:GOBP_APOPTOTIC_SIGNALING_PATHWAY	TLS_VISIUM_USZ::KC1	7	1088	0.0271	1.56e-06	flat	0.0053
GO:GOBP_APPENDAGE_MORPHOGENESIS	TLS_VISIUM_USZ::KC1	7	1088	0.0072	0.0502	flat	0.0028
GO:GOBP_ARTERY_DEVELOPMENT	TLS_VISIUM_USZ::KC1	7	1088	0.0286	6.91e-07	flat	0.0064
GO:GOBP_ATP_BIOSYNTHETIC_PROCESS	TLS_VISIUM_USZ::KC1	7	1088	0.0118	0.00482	flat	0.0135
GO:GOBP_ATP_METABOLIC_PROCESS	TLS_VISIUM_USZ::KC1	7	1088	0.0214	3.22e-05	flat	0.0109
GO:GOBP_ATP_SYNTHESIS_COUPLED_ELECTRON_TRANSPORT	TLS_VISIUM_USZ::KC1	7	1088	0.0143	0.00134	flat	0.0135
GO:GOBP_ATTACHMENT_OF_SPINDLE_MICROTUBULES_TO_KINETOCHORE	TLS_VISIUM_USZ::KC1	7	1088	0.0123	0.00384	flat	0.004
GO:GOBP_AXON_DEVELOPMENT	TLS_VISIUM_USZ::KC1	7	1088	0.0097	0.0146	flat	0.0016
GO:GOBP_BEHAVIOR	TLS_VISIUM_USZ::KC1	7	1088	0.0171	0.000316	flat	0.0018
GO:GOBP_BIOLOGICAL_PROCESS_INVOLVED_IN_INTERACTION_WITH_HOST	TLS_VISIUM_USZ::KC1	7	1088	0.0103	0.0106	flat	0.0051
GO:GOBP_BIOLOGICAL_PROCESS_INVOLVED_IN_INTERSPECIES_INTERACTION_BETWEEN_ORGANISMS	TLS_VISIUM_USZ::KC1	7	1088	0.0429	2.61e-10	flat	0.0035
GO:GOBP_BIOLOGICAL_PROCESS_INVOLVED_IN_SYMBIOTIC_INTERACTION	TLS_VISIUM_USZ::KC1	7	1088	0.0064	0.0728	flat	0.0033
GO:GOBP_BLOOD_VESSEL_ENDOTHELIAL_CELL_MIGRATION	TLS_VISIUM_USZ::KC1	7	1088	0.0174	0.000266	flat	0.0078
GO:GOBP_BLOOD_VESSEL_MORPHOGENESIS	TLS_VISIUM_USZ::KC1	7	1088	0.052	1.67e-12	flat	0.0051
GO:GOBP_BONE_DEVELOPMENT	TLS_VISIUM_USZ::KC1	7	1088	0.0124	0.0036	flat	0.0033
GO:GOBP_BONE_MINERALIZATION	TLS_VISIUM_USZ::KC1	7	1088	0.0043	0.199	flat	0.0023
GO:GOBP_BONE_MORPHOGENESIS	TLS_VISIUM_USZ::KC1	7	1088	0.0119	0.00467	flat	0.0062
GO:GOBP_B_CELL_ACTIVATION	TLS_VISIUM_USZ::KC1	7	1088	0.0086	0.0246	flat	0.0037
GO:GOBP_B_CELL_MEDIATED_IMMUNITY	TLS_VISIUM_USZ::KC1	7	1088	0.1099	3.42e-27	flat	0.0183
GO:GOBP_B_CELL_RECEPTOR_SIGNALING_PATHWAY	TLS_VISIUM_USZ::KC1	7	1088	0.0269	1.7e-06	flat	0.0071
GO:GOBP_CALCIUM_ION_HOMEOSTASIS	TLS_VISIUM_USZ::KC1	7	1088	0.0015	0.65	flat	0.0008
GO:GOBP_CALCIUM_ION_TRANSMEMBRANE_IMPORT_INTO_CYTOSOL	TLS_VISIUM_USZ::KC1	7	1088	0.0005	0.916	flat	0.0006
GO:GOBP_CALCIUM_ION_TRANSMEMBRANE_TRANSPORT	TLS_VISIUM_USZ::KC1	7	1088	0.009	0.0208	flat	0.002
GO:GOBP_CALCIUM_ION_TRANSPORT	TLS_VISIUM_USZ::KC1	7	1088	0.0007	0.849	flat	0.0005
GO:GOBP_CALCIUM_MEDIATED_SIGNALING	TLS_VISIUM_USZ::KC1	7	1088	0.0047	0.162	flat	0.0023
GO:GOBP_CANONICAL_NF_KAPPAB_SIGNAL_TRANSDUCTION	TLS_VISIUM_USZ::KC1	7	1088	0.0292	4.99e-07	flat	0.0067
GO:GOBP_CANONICAL_WNT_SIGNALING_PATHWAY	TLS_VISIUM_USZ::KC1	7	1088	0.0025	0.429	flat	0.0017
GO:GOBP_CARBOHYDRATE_CATABOLIC_PROCESS	TLS_VISIUM_USZ::KC1	7	1088	0.0042	0.211	flat	0.0028
GO:GOBP_CARBOHYDRATE_DERIVATIVE_BIOSYNTHETIC_PROCESS	TLS_VISIUM_USZ::KC1	7	1088	0.0048	0.156	flat	0.0019
GO:GOBP_CARBOHYDRATE_DERIVATIVE_CATABOLIC_PROCESS	TLS_VISIUM_USZ::KC1	7	1088	0.0011	0.752	flat	0.0013
GO:GOBP_CARBOHYDRATE_DERIVATIVE_METABOLIC_PROCESS	TLS_VISIUM_USZ::KC1	7	1088	0.0137	0.00186	flat	0.0019
GO:GOBP_CARBOHYDRATE_METABOLIC_PROCESS	TLS_VISIUM_USZ::KC1	7	1088	0.009	0.0199	flat	0.002
GO:GOBP_CARDIAC_CHAMBER_DEVELOPMENT	TLS_VISIUM_USZ::KC1	7	1088	0.0059	0.0924	flat	0.0023
GO:GOBP_CARDIAC_CHAMBER_MORPHOGENESIS	TLS_VISIUM_USZ::KC1	7	1088	0.004	0.226	flat	0.0026
GO:GOBP_CARDIAC_MUSCLE_TISSUE_DEVELOPMENT	TLS_VISIUM_USZ::KC1	7	1088	0.0063	0.0766	flat	0.0016
GO:GOBP_CARDIAC_SEPTUM_DEVELOPMENT	TLS_VISIUM_USZ::KC1	7	1088	0.0167	0.000379	flat	0.0049
GO:GOBP_CARDIAC_VENTRICLE_DEVELOPMENT	TLS_VISIUM_USZ::KC1	7	1088	0.0067	0.0624	flat	0.0024
GO:GOBP_CARTILAGE_DEVELOPMENT	TLS_VISIUM_USZ::KC1	7	1088	0.0259	2.92e-06	flat	0.0054
GO:GOBP_CELLULAR_COMPONENT_DISASSEMBLY	TLS_VISIUM_USZ::KC1	7	1088	0.0035	0.288	flat	0.0011
GO:GOBP_CELLULAR_HOMEOSTASIS	TLS_VISIUM_USZ::KC1	7	1088	0.0024	0.46	flat	0.0009
GO:GOBP_CELLULAR_RESPIRATION	TLS_VISIUM_USZ::KC1	7	1088	0.015	0.000922	flat	0.008
GO:GOBP_CELLULAR_RESPONSE_TO_BIOTIC_STIMULUS	TLS_VISIUM_USZ::KC1	7	1088	0.0019	0.564	flat	0.0011
GO:GOBP_CELLULAR_RESPONSE_TO_CHEMICAL_STRESS	TLS_VISIUM_USZ::KC1	7	1088	0.0071	0.0519	flat	0.0026
GO:GOBP_CELLULAR_RESPONSE_TO_ENDOGENOUS_STIMULUS	TLS_VISIUM_USZ::KC1	7	1088	0.0192	0.000105	flat	0.0019
GO:GOBP_CELLULAR_RESPONSE_TO_HORMONE_STIMULUS	TLS_VISIUM_USZ::KC1	7	1088	0.0023	0.469	flat	0.0008
GO:GOBP_CELLULAR_RESPONSE_TO_HYDROGEN_PEROXIDE	TLS_VISIUM_USZ::KC1	7	1088	0.0084	0.0277	flat	0.0081
GO:GOBP_CELLULAR_RESPONSE_TO_INSULIN_STIMULUS	TLS_VISIUM_USZ::KC1	7	1088	0.0017	0.6	flat	0.0017
GO:GOBP_CELLULAR_RESPONSE_TO_LIPID	TLS_VISIUM_USZ::KC1	7	1088	0.0023	0.483	flat	0.0009
GO:GOBP_CELLULAR_RESPONSE_TO_MOLECULE_OF_BACTERIAL_ORIGIN	TLS_VISIUM_USZ::KC1	7	1088	0.0059	0.0927	flat	0.0027
GO:GOBP_CELLULAR_RESPONSE_TO_NITROGEN_COMPOUND	TLS_VISIUM_USZ::KC1	7	1088	0.0093	0.0171	flat	0.0022
GO:GOBP_CELLULAR_RESPONSE_TO_NUTRIENT_LEVELS	TLS_VISIUM_USZ::KC1	7	1088	0.0027	0.402	flat	0.0015
GO:GOBP_CELLULAR_RESPONSE_TO_OXIDATIVE_STRESS	TLS_VISIUM_USZ::KC1	7	1088	0.0003	0.946	flat	0.0006
GO:GOBP_CELLULAR_RESPONSE_TO_OXYGEN_CONTAINING_COMPOUND	TLS_VISIUM_USZ::KC1	7	1088	0.0095	0.0156	flat	0.0015
GO:GOBP_CELLULAR_RESPONSE_TO_STARVATION	TLS_VISIUM_USZ::KC1	7	1088	0.004	0.224	flat	0.0024
GO:GOBP_CELLULAR_RESPONSE_TO_STRESS	TLS_VISIUM_USZ::KC1	7	1088	0.0149	0.00102	flat	0.002
GO:GOBP_CELLULAR_RESPONSE_TO_TYPE_II_INTERFERON	TLS_VISIUM_USZ::KC1	7	1088	0.007	0.0559	flat	0.0034
GO:GOBP_CELLULAR_RESPONSE_TO_VASCULAR_ENDOTHELIAL_GROWTH_FACTOR_STIMULUS	TLS_VISIUM_USZ::KC1	7	1088	0.007	0.054	flat	0.0045
GO:GOBP_CELL_ACTIVATION	TLS_VISIUM_USZ::KC1	7	1088	0.0484	1.27e-11	flat	0.0039
GO:GOBP_CELL_ACTIVATION_INVOLVED_IN_IMMUNE_RESPONSE	TLS_VISIUM_USZ::KC1	7	1088	0.0128	0.00301	flat	0.003
GO:GOBP_CELL_ADHESION	TLS_VISIUM_USZ::KC1	7	1088	0.0563	1.44e-13	flat	0.0033
GO:GOBP_CELL_CELL_ADHESION	TLS_VISIUM_USZ::KC1	7	1088	0.0145	0.00124	flat	0.0022
GO:GOBP_CELL_CELL_JUNCTION_ASSEMBLY	TLS_VISIUM_USZ::KC1	7	1088	0.0109	0.00771	flat	0.0032
GO:GOBP_CELL_CELL_JUNCTION_ORGANIZATION	TLS_VISIUM_USZ::KC1	7	1088	0.0222	2.09e-05	flat	0.0032
GO:GOBP_CELL_CELL_SIGNALING	TLS_VISIUM_USZ::KC1	7	1088	0.0131	0.00254	flat	0.0014
GO:GOBP_CELL_CHEMOTAXIS	TLS_VISIUM_USZ::KC1	7	1088	0.0198	7.77e-05	flat	0.0046
GO:GOBP_CELL_CYCLE	TLS_VISIUM_USZ::KC1	7	1088	0.0032	0.33	flat	0.0007
GO:GOBP_CELL_CYCLE_CHECKPOINT_SIGNALING	TLS_VISIUM_USZ::KC1	7	1088	0.009	0.0208	flat	0.0035
GO:GOBP_CELL_CYCLE_G1_S_PHASE_TRANSITION	TLS_VISIUM_USZ::KC1	7	1088	0.0065	0.068	flat	0.0022
GO:GOBP_CELL_CYCLE_G2_M_PHASE_TRANSITION	TLS_VISIUM_USZ::KC1	7	1088	0.0069	0.0576	flat	0.0029
GO:GOBP_CELL_CYCLE_PHASE_TRANSITION	TLS_VISIUM_USZ::KC1	7	1088	0.0043	0.199	flat	0.0013
GO:GOBP_CELL_CYCLE_PROCESS	TLS_VISIUM_USZ::KC1	7	1088	0.0018	0.585	flat	0.0005
GO:GOBP_CELL_DIVISION	TLS_VISIUM_USZ::KC1	7	1088	0.0037	0.256	flat	0.001
GO:GOBP_CELL_FATE_COMMITMENT	TLS_VISIUM_USZ::KC1	7	1088	0.0048	0.158	flat	0.0013
GO:GOBP_CELL_GROWTH	TLS_VISIUM_USZ::KC1	7	1088	0.0022	0.501	flat	0.001
GO:GOBP_CELL_JUNCTION_ASSEMBLY	TLS_VISIUM_USZ::KC1	7	1088	0.0221	2.26e-05	flat	0.0025
GO:GOBP_CELL_JUNCTION_ORGANIZATION	TLS_VISIUM_USZ::KC1	7	1088	0.0187	0.000133	flat	0.002
GO:GOBP_CELL_KILLING	TLS_VISIUM_USZ::KC1	7	1088	0.0089	0.0214	flat	0.0031
GO:GOBP_CELL_MATRIX_ADHESION	TLS_VISIUM_USZ::KC1	7	1088	0.0236	1.02e-05	flat	0.0081
GO:GOBP_CELL_MORPHOGENESIS	TLS_VISIUM_USZ::KC1	7	1088	0.0113	0.00639	flat	0.0014
GO:GOBP_CELL_MORPHOGENESIS_INVOLVED_IN_NEURON_DIFFERENTIATION	TLS_VISIUM_USZ::KC1	7	1088	0.003	0.36	flat	0.0011
GO:GOBP_CELL_MOTILITY	TLS_VISIUM_USZ::KC1	7	1088	0.053	9.54e-13	flat	0.003
GO:GOBP_CELL_PROJECTION_ASSEMBLY	TLS_VISIUM_USZ::KC1	7	1088	0.0036	0.276	flat	0.0015
GO:GOBP_CELL_PROJECTION_MORPHOGENESIS	TLS_VISIUM_USZ::KC1	7	1088	0.0083	0.0285	flat	0.0014
GO:GOBP_CELL_PROJECTION_ORGANIZATION	TLS_VISIUM_USZ::KC1	7	1088	0.0087	0.0236	flat	0.0008
GO:GOBP_CELL_SUBSTRATE_ADHESION	TLS_VISIUM_USZ::KC1	7	1088	0.0232	1.24e-05	flat	0.0043
GO:GOBP_CELL_SUBSTRATE_JUNCTION_ORGANIZATION	TLS_VISIUM_USZ::KC1	7	1088	0.0248	5.27e-06	flat	0.0109
GO:GOBP_CELL_SURFACE_RECEPTOR_PROTEIN_SERINE_THREONINE_KINASE_SIGNALING_PATHWAY	TLS_VISIUM_USZ::KC1	7	1088	0.0061	0.0858	flat	0.0018
GO:GOBP_CELL_SURFACE_RECEPTOR_PROTEIN_TYROSINE_KINASE_SIGNALING_PATHWAY	TLS_VISIUM_USZ::KC1	7	1088	0.0063	0.0759	flat	0.002
GO:GOBP_CELL_SURFACE_RECEPTOR_SIGNALING_PATHWAY_VIA_STAT	TLS_VISIUM_USZ::KC1	7	1088	0.0121	0.00418	flat	0.0049
GO:GOBP_CENTRAL_NERVOUS_SYSTEM_DEVELOPMENT	TLS_VISIUM_USZ::KC1	7	1088	0.009	0.0208	flat	0.0016
GO:GOBP_CHEMICAL_HOMEOSTASIS	TLS_VISIUM_USZ::KC1	7	1088	0.0052	0.128	flat	0.0012
GO:GOBP_CHONDROCYTE_DIFFERENTIATION	TLS_VISIUM_USZ::KC1	7	1088	0.0074	0.0449	flat	0.0038
GO:GOBP_CHROMATIN_ORGANIZATION	TLS_VISIUM_USZ::KC1	7	1088	0.0115	0.00587	flat	0.0022
GO:GOBP_CHROMATIN_REMODELING	TLS_VISIUM_USZ::KC1	7	1088	0.0081	0.0311	flat	0.0018
GO:GOBP_CHROMOSOME_LOCALIZATION	TLS_VISIUM_USZ::KC1	7	1088	0.0123	0.00378	flat	0.004
GO:GOBP_CHROMOSOME_ORGANIZATION	TLS_VISIUM_USZ::KC1	7	1088	0.0028	0.388	flat	0.0011
GO:GOBP_CHROMOSOME_SEGREGATION	TLS_VISIUM_USZ::KC1	7	1088	0.0082	0.0308	flat	0.0017
GO:GOBP_CHROMOSOME_SEPARATION	TLS_VISIUM_USZ::KC1	7	1088	0.0058	0.0982	flat	0.0026
GO:GOBP_CIRCULATORY_SYSTEM_DEVELOPMENT	TLS_VISIUM_USZ::KC1	7	1088	0.05	5.04e-12	flat	0.0033
GO:GOBP_CIRCULATORY_SYSTEM_PROCESS	TLS_VISIUM_USZ::KC1	7	1088	0.0008	0.83	flat	0.0004
GO:GOBP_COLLAGEN_CATABOLIC_PROCESS	TLS_VISIUM_USZ::KC1	7	1088	0.0052	0.13	flat	0.0035
GO:GOBP_COLLAGEN_FIBRIL_ORGANIZATION	TLS_VISIUM_USZ::KC1	7	1088	0.0485	1.19e-11	flat	0.0162
GO:GOBP_COLLAGEN_METABOLIC_PROCESS	TLS_VISIUM_USZ::KC1	7	1088	0.0561	1.64e-13	flat	0.0135
GO:GOBP_COMPLEMENT_ACTIVATION_CLASSICAL_PATHWAY	TLS_VISIUM_USZ::KC1	7	1088	0.0623	4.77e-15	flat	0.0305
GO:GOBP_CONNECTIVE_TISSUE_DEVELOPMENT	TLS_VISIUM_USZ::KC1	7	1088	0.0324	8.41e-08	flat	0.005
GO:GOBP_CYTOKINESIS	TLS_VISIUM_USZ::KC1	7	1088	0.0043	0.202	flat	0.0028
GO:GOBP_CYTOKINE_MEDIATED_SIGNALING_PATHWAY	TLS_VISIUM_USZ::KC1	7	1088	0.008	0.034	flat	0.0016
GO:GOBP_CYTOKINE_PRODUCTION	TLS_VISIUM_USZ::KC1	7	1088	0.0369	7.44e-09	flat	0.004
GO:GOBP_CYTOKINE_PRODUCTION_INVOLVED_IN_IMMUNE_RESPONSE	TLS_VISIUM_USZ::KC1	7	1088	0.0386	2.83e-09	flat	0.0114
GO:GOBP_CYTOPLASMIC_PATTERN_RECOGNITION_RECEPTOR_SIGNALING_PATHWAY	TLS_VISIUM_USZ::KC1	7	1088	0.0094	0.0169	flat	0.0048
GO:GOBP_CYTOPLASMIC_TRANSLATION	TLS_VISIUM_USZ::KC1	7	1088	0.005	0.144	flat	0.0072
GO:GOBP_CYTOSKELETON_ORGANIZATION	TLS_VISIUM_USZ::KC1	7	1088	0.0069	0.0562	flat	0.001
GO:GOBP_DEFENSE_RESPONSE_TO_BACTERIUM	TLS_VISIUM_USZ::KC1	7	1088	0.0044	0.189	flat	0.0018
GO:GOBP_DEFENSE_RESPONSE_TO_OTHER_ORGANISM	TLS_VISIUM_USZ::KC1	7	1088	0.049	8.82e-12	flat	0.0039
GO:GOBP_DEFENSE_RESPONSE_TO_SYMBIONT	TLS_VISIUM_USZ::KC1	7	1088	0.0385	2.98e-09	flat	0.0037
GO:GOBP_DEFENSE_RESPONSE_TO_VIRUS	TLS_VISIUM_USZ::KC1	7	1088	0.012	0.00437	flat	0.0039
GO:GOBP_DETOXIFICATION	TLS_VISIUM_USZ::KC1	7	1088	0.0072	0.0486	flat	0.0037
GO:GOBP_DEVELOPMENTAL_GROWTH	TLS_VISIUM_USZ::KC1	7	1088	0.0039	0.239	flat	0.0011
GO:GOBP_DEVELOPMENTAL_GROWTH_INVOLVED_IN_MORPHOGENESIS	TLS_VISIUM_USZ::KC1	7	1088	0.0095	0.0159	flat	0.0027
GO:GOBP_DEVELOPMENTAL_MATURATION	TLS_VISIUM_USZ::KC1	7	1088	0.0104	0.01	flat	0.0024
GO:GOBP_DEVELOPMENTAL_PROCESS_INVOLVED_IN_REPRODUCTION	TLS_VISIUM_USZ::KC1	7	1088	0.0043	0.198	flat	0.001
GO:GOBP_DEVELOPMENT_OF_PRIMARY_SEXUAL_CHARACTERISTICS	TLS_VISIUM_USZ::KC1	7	1088	0.0049	0.149	flat	0.0022
GO:GOBP_DICARBOXYLIC_ACID_METABOLIC_PROCESS	TLS_VISIUM_USZ::KC1	7	1088	0.0005	0.913	flat	0.0011
GO:GOBP_DIGESTIVE_SYSTEM_PROCESS	TLS_VISIUM_USZ::KC1	7	1088	0.006	0.0873	flat	0.0031
GO:GOBP_DNA_BIOSYNTHETIC_PROCESS	TLS_VISIUM_USZ::KC1	7	1088	0.0042	0.206	flat	0.0038
GO:GOBP_DNA_DAMAGE_RESPONSE	TLS_VISIUM_USZ::KC1	7	1088	0.0036	0.267	flat	0.0011
GO:GOBP_DNA_INTEGRITY_CHECKPOINT_SIGNALING	TLS_VISIUM_USZ::KC1	7	1088	0.0137	0.00181	flat	0.0046
GO:GOBP_DNA_METABOLIC_PROCESS	TLS_VISIUM_USZ::KC1	7	1088	0.0054	0.118	flat	0.0012
GO:GOBP_DNA_RECOMBINATION	TLS_VISIUM_USZ::KC1	7	1088	0.0026	0.411	flat	0.0017
GO:GOBP_DNA_REPAIR	TLS_VISIUM_USZ::KC1	7	1088	0.0086	0.0244	flat	0.0018
GO:GOBP_DNA_REPLICATION	TLS_VISIUM_USZ::KC1	7	1088	0.004	0.227	flat	0.0019
GO:GOBP_DNA_STRAND_ELONGATION	TLS_VISIUM_USZ::KC1	7	1088	0.0056	0.11	flat	0.0064
GO:GOBP_DNA_STRAND_ELONGATION_INVOLVED_IN_DNA_REPLICATION	TLS_VISIUM_USZ::KC1	7	1088	0.0005	0.909	flat	0.0016
GO:GOBP_DNA_TEMPLATED_DNA_REPLICATION	TLS_VISIUM_USZ::KC1	7	1088	0.0051	0.135	flat	0.0022
GO:GOBP_DNA_TEMPLATED_TRANSCRIPTION_INITIATION	TLS_VISIUM_USZ::KC1	7	1088	0.0085	0.0256	flat	0.0029
GO:GOBP_DOUBLE_STRAND_BREAK_REPAIR	TLS_VISIUM_USZ::KC1	7	1088	0.0015	0.641	flat	0.001
GO:GOBP_EAR_DEVELOPMENT	TLS_VISIUM_USZ::KC1	7	1088	0.0094	0.017	flat	0.0024
GO:GOBP_EAR_MORPHOGENESIS	TLS_VISIUM_USZ::KC1	7	1088	0.0061	0.0849	flat	0.0025
GO:GOBP_ELECTRON_TRANSPORT_CHAIN	TLS_VISIUM_USZ::KC1	7	1088	0.0035	0.279	flat	0.0053
GO:GOBP_EMBRYONIC_MORPHOGENESIS	TLS_VISIUM_USZ::KC1	7	1088	0.0037	0.262	flat	0.001
GO:GOBP_EMBRYONIC_ORGAN_DEVELOPMENT	TLS_VISIUM_USZ::KC1	7	1088	0.0019	0.559	flat	0.001
GO:GOBP_EMBRYONIC_ORGAN_MORPHOGENESIS	TLS_VISIUM_USZ::KC1	7	1088	0.003	0.352	flat	0.0011
GO:GOBP_EMBRYO_DEVELOPMENT	TLS_VISIUM_USZ::KC1	7	1088	0.0072	0.0484	flat	0.0012
GO:GOBP_EMBRYO_DEVELOPMENT_ENDING_IN_BIRTH_OR_EGG_HATCHING	TLS_VISIUM_USZ::KC1	7	1088	0.0075	0.0431	flat	0.0014
GO:GOBP_ENDOCYTOSIS	TLS_VISIUM_USZ::KC1	7	1088	0.0209	4.21e-05	flat	0.0037
GO:GOBP_ENDOMEMBRANE_SYSTEM_ORGANIZATION	TLS_VISIUM_USZ::KC1	7	1088	0.0025	0.433	flat	0.0013
GO:GOBP_ENDOPLASMIC_RETICULUM_TO_GOLGI_VESICLE_MEDIATED_TRANSPORT	TLS_VISIUM_USZ::KC1	7	1088	0.0068	0.0595	flat	0.006
GO:GOBP_ENDOSOMAL_TRANSPORT	TLS_VISIUM_USZ::KC1	7	1088	0.0039	0.235	flat	0.0026
GO:GOBP_ENDOTHELIAL_CELL_MIGRATION	TLS_VISIUM_USZ::KC1	7	1088	0.0636	2.23e-15	flat	0.0112
GO:GOBP_ENDOTHELIAL_CELL_PROLIFERATION	TLS_VISIUM_USZ::KC1	7	1088	0.0186	0.000144	flat	0.0061
GO:GOBP_ENDOTHELIUM_DEVELOPMENT	TLS_VISIUM_USZ::KC1	7	1088	0.0138	0.00174	flat	0.0063
GO:GOBP_ENERGY_DERIVATION_BY_OXIDATION_OF_ORGANIC_COMPOUNDS	TLS_VISIUM_USZ::KC1	7	1088	0.0127	0.00315	flat	0.0046
GO:GOBP_ENZYME_LINKED_RECEPTOR_PROTEIN_SIGNALING_PATHWAY	TLS_VISIUM_USZ::KC1	7	1088	0.0311	1.7e-07	flat	0.0033
GO:GOBP_EPIDERMAL_CELL_DIFFERENTIATION	TLS_VISIUM_USZ::KC1	7	1088	0.0094	0.0168	flat	0.0027
GO:GOBP_EPIDERMIS_DEVELOPMENT	TLS_VISIUM_USZ::KC1	7	1088	0.0009	0.805	flat	0.0005
GO:GOBP_EPIGENETIC_REGULATION_OF_GENE_EXPRESSION	TLS_VISIUM_USZ::KC1	7	1088	0.0151	0.000888	flat	0.0041
GO:GOBP_EPITHELIAL_CELL_DEVELOPMENT	TLS_VISIUM_USZ::KC1	7	1088	0.0104	0.00993	flat	0.0045
GO:GOBP_EPITHELIAL_CELL_DIFFERENTIATION	TLS_VISIUM_USZ::KC1	7	1088	0.0043	0.196	flat	0.0013
GO:GOBP_EPITHELIAL_CELL_PROLIFERATION	TLS_VISIUM_USZ::KC1	7	1088	0.0162	0.000501	flat	0.003
GO:GOBP_EPITHELIAL_TO_MESENCHYMAL_TRANSITION	TLS_VISIUM_USZ::KC1	7	1088	0.0005	0.903	flat	0.0007
GO:GOBP_EPITHELIAL_TUBE_MORPHOGENESIS	TLS_VISIUM_USZ::KC1	7	1088	0.0129	0.00284	flat	0.0035
GO:GOBP_EPITHELIUM_DEVELOPMENT	TLS_VISIUM_USZ::KC1	7	1088	0.0037	0.258	flat	0.0008
GO:GOBP_ERK1_AND_ERK2_CASCADE	TLS_VISIUM_USZ::KC1	7	1088	0.0359	1.25e-08	flat	0.0067
GO:GOBP_ESTABLISHMENT_OF_ORGANELLE_LOCALIZATION	TLS_VISIUM_USZ::KC1	7	1088	0.0047	0.163	flat	0.0017
GO:GOBP_ESTABLISHMENT_OF_PROTEIN_LOCALIZATION	TLS_VISIUM_USZ::KC1	7	1088	0.0068	0.0611	flat	0.0012
GO:GOBP_ESTABLISHMENT_OF_PROTEIN_LOCALIZATION_TO_MEMBRANE	TLS_VISIUM_USZ::KC1	7	1088	0.0004	0.922	flat	0.001
GO:GOBP_ESTABLISHMENT_OF_PROTEIN_LOCALIZATION_TO_ORGANELLE	TLS_VISIUM_USZ::KC1	7	1088	0.0055	0.111	flat	0.0026
GO:GOBP_ESTABLISHMENT_OF_RNA_LOCALIZATION	TLS_VISIUM_USZ::KC1	7	1088	0.0128	0.00295	flat	0.0056
GO:GOBP_ESTABLISHMENT_OR_MAINTENANCE_OF_CELL_POLARITY	TLS_VISIUM_USZ::KC1	7	1088	0.025	4.64e-06	flat	0.0049
GO:GOBP_EXOCYTOSIS	TLS_VISIUM_USZ::KC1	7	1088	0.002	0.546	flat	0.0008
GO:GOBP_EXPORT_FROM_CELL	TLS_VISIUM_USZ::KC1	7	1088	0.0028	0.381	flat	0.0008
GO:GOBP_EXTERNAL_ENCAPSULATING_STRUCTURE_ORGANIZATION	TLS_VISIUM_USZ::KC1	7	1088	0.0312	1.65e-07	flat	0.0048
GO:GOBP_FACE_DEVELOPMENT	TLS_VISIUM_USZ::KC1	7	1088	0.0051	0.133	flat	0.0051
GO:GOBP_FATTY_ACID_METABOLIC_PROCESS	TLS_VISIUM_USZ::KC1	7	1088	0.002	0.529	flat	0.0012
GO:GOBP_FERTILIZATION	TLS_VISIUM_USZ::KC1	7	1088	0.0016	0.629	flat	0.0012
GO:GOBP_FIBROBLAST_GROWTH_FACTOR_RECEPTOR_SIGNALING_PATHWAY	TLS_VISIUM_USZ::KC1	7	1088	0.0095	0.0157	flat	0.0049
GO:GOBP_FOCAL_ADHESION_ASSEMBLY	TLS_VISIUM_USZ::KC1	7	1088	0.0122	0.00407	flat	0.0096
GO:GOBP_FORMATION_OF_PRIMARY_GERM_LAYER	TLS_VISIUM_USZ::KC1	7	1088	0.0179	0.000203	flat	0.0046
GO:GOBP_GAMETE_GENERATION	TLS_VISIUM_USZ::KC1	7	1088	0.0159	0.000579	flat	0.002
GO:GOBP_GENERATION_OF_NEURONS	TLS_VISIUM_USZ::KC1	7	1088	0.0026	0.428	flat	0.0005
GO:GOBP_GENERATION_OF_PRECURSOR_METABOLITES_AND_ENERGY	TLS_VISIUM_USZ::KC1	7	1088	0.0061	0.0849	flat	0.003
GO:GOBP_GLAND_DEVELOPMENT	TLS_VISIUM_USZ::KC1	7	1088	0.0022	0.489	flat	0.001
GO:GOBP_GLIAL_CELL_DIFFERENTIATION	TLS_VISIUM_USZ::KC1	7	1088	0.0017	0.614	flat	0.0012
GO:GOBP_GLOMERULUS_DEVELOPMENT	TLS_VISIUM_USZ::KC1	7	1088	0.0115	0.00586	flat	0.0051
GO:GOBP_GLUCOSE_METABOLIC_PROCESS	TLS_VISIUM_USZ::KC1	7	1088	0.0117	0.00514	flat	0.0043
GO:GOBP_GLYCEROLIPID_BIOSYNTHETIC_PROCESS	TLS_VISIUM_USZ::KC1	7	1088	0.0031	0.344	flat	0.002
GO:GOBP_GLYCEROLIPID_METABOLIC_PROCESS	TLS_VISIUM_USZ::KC1	7	1088	0.0028	0.378	flat	0.0011
GO:GOBP_GLYCEROPHOSPHOLIPID_METABOLIC_PROCESS	TLS_VISIUM_USZ::KC1	7	1088	0.0108	0.00829	flat	0.0032
GO:GOBP_GLYCOPROTEIN_BIOSYNTHETIC_PROCESS	TLS_VISIUM_USZ::KC1	7	1088	0.0031	0.335	flat	0.0013
GO:GOBP_GLYCOPROTEIN_METABOLIC_PROCESS	TLS_VISIUM_USZ::KC1	7	1088	0.0011	0.759	flat	0.0007
GO:GOBP_GLYCOSYLATION	TLS_VISIUM_USZ::KC1	7	1088	0.0005	0.907	flat	0.0006
GO:GOBP_GOLGI_VESICLE_TRANSPORT	TLS_VISIUM_USZ::KC1	7	1088	0.0034	0.292	flat	0.0025
GO:GOBP_GRANULOCYTE_CHEMOTAXIS	TLS_VISIUM_USZ::KC1	7	1088	0.0015	0.665	flat	0.0011
GO:GOBP_GRANULOCYTE_MIGRATION	TLS_VISIUM_USZ::KC1	7	1088	0.0107	0.00863	flat	0.0043
GO:GOBP_GROWTH	TLS_VISIUM_USZ::KC1	7	1088	0.0043	0.199	flat	0.0013
GO:GOBP_G_PROTEIN_COUPLED_RECEPTOR_SIGNALING_PATHWAY	TLS_VISIUM_USZ::KC1	7	1088	0.0517	1.98e-12	flat	0.0027
GO:GOBP_HEAD_DEVELOPMENT	TLS_VISIUM_USZ::KC1	7	1088	0.018	0.000201	flat	0.0021
GO:GOBP_HEART_DEVELOPMENT	TLS_VISIUM_USZ::KC1	7	1088	0.0237	9.62e-06	flat	0.0025
GO:GOBP_HEART_MORPHOGENESIS	TLS_VISIUM_USZ::KC1	7	1088	0.0113	0.00651	flat	0.0032
GO:GOBP_HEART_PROCESS	TLS_VISIUM_USZ::KC1	7	1088	0.0041	0.217	flat	0.0013
GO:GOBP_HEMOPOIESIS	TLS_VISIUM_USZ::KC1	7	1088	0.0353	1.73e-08	flat	0.0042
GO:GOBP_HINDBRAIN_DEVELOPMENT	TLS_VISIUM_USZ::KC1	7	1088	0.007	0.0559	flat	0.0025
GO:GOBP_HOMEOSTASIS_OF_NUMBER_OF_CELLS	TLS_VISIUM_USZ::KC1	7	1088	0.0004	0.937	flat	0.0005
GO:GOBP_HOMEOSTATIC_PROCESS	TLS_VISIUM_USZ::KC1	7	1088	0.0013	0.703	flat	0.0004
GO:GOBP_HOMOPHILIC_CELL_ADHESION_VIA_PLASMA_MEMBRANE_ADHESION_MOLECULES	TLS_VISIUM_USZ::KC1	7	1088	0.0051	0.133	flat	0.0023
GO:GOBP_HORMONE_METABOLIC_PROCESS	TLS_VISIUM_USZ::KC1	7	1088	0.0149	0.00099	flat	0.0032
GO:GOBP_HORMONE_TRANSPORT	TLS_VISIUM_USZ::KC1	7	1088	0.003	0.356	flat	0.0013
GO:GOBP_HUMORAL_IMMUNE_RESPONSE	TLS_VISIUM_USZ::KC1	7	1088	0.0492	7.97e-12	flat	0.0072
GO:GOBP_HUMORAL_IMMUNE_RESPONSE_MEDIATED_BY_CIRCULATING_IMMUNOGLOBULIN	TLS_VISIUM_USZ::KC1	7	1088	0.0414	6.19e-10	flat	0.0137
GO:GOBP_IMMUNE_EFFECTOR_PROCESS	TLS_VISIUM_USZ::KC1	7	1088	0.0793	2.71e-19	flat	0.007
GO:GOBP_IMMUNE_RESPONSE_REGULATING_CELL_SURFACE_RECEPTOR_SIGNALING_PATHWAY	TLS_VISIUM_USZ::KC1	7	1088	0.0157	0.000646	flat	0.0037
GO:GOBP_IMMUNE_RESPONSE_REGULATING_SIGNALING_PATHWAY	TLS_VISIUM_USZ::KC1	7	1088	0.0269	1.67e-06	flat	0.0035
GO:GOBP_IMPORT_INTO_CELL	TLS_VISIUM_USZ::KC1	7	1088	0.0092	0.0182	flat	0.0017
GO:GOBP_IMPORT_INTO_NUCLEUS	TLS_VISIUM_USZ::KC1	7	1088	0.0131	0.00246	flat	0.0062
GO:GOBP_INFLAMMATORY_RESPONSE	TLS_VISIUM_USZ::KC1	7	1088	0.02	6.81e-05	flat	0.0028
GO:GOBP_INORGANIC_ANION_TRANSMEMBRANE_TRANSPORT	TLS_VISIUM_USZ::KC1	7	1088	0.0154	0.000783	flat	0.0029
GO:GOBP_INORGANIC_ION_HOMEOSTASIS	TLS_VISIUM_USZ::KC1	7	1088	0.0087	0.0232	flat	0.0016
GO:GOBP_INORGANIC_ION_IMPORT_ACROSS_PLASMA_MEMBRANE	TLS_VISIUM_USZ::KC1	7	1088	0.0143	0.00136	flat	0.0047
GO:GOBP_INTEGRIN_MEDIATED_SIGNALING_PATHWAY	TLS_VISIUM_USZ::KC1	7	1088	0.0372	6.34e-09	flat	0.0148
GO:GOBP_INTERFERON_BETA_PRODUCTION	TLS_VISIUM_USZ::KC1	7	1088	0.0108	0.008	flat	0.0091
GO:GOBP_INTERFERON_MEDIATED_SIGNALING_PATHWAY	TLS_VISIUM_USZ::KC1	7	1088	0.0181	0.00019	flat	0.0067
GO:GOBP_INTERLEUKIN_6_PRODUCTION	TLS_VISIUM_USZ::KC1	7	1088	0.0305	2.4e-07	flat	0.0066
GO:GOBP_INTRACELLULAR_MONOATOMIC_ION_HOMEOSTASIS	TLS_VISIUM_USZ::KC1	7	1088	0.0078	0.0376	flat	0.0018
GO:GOBP_INTRACELLULAR_PROTEIN_TRANSPORT	TLS_VISIUM_USZ::KC1	7	1088	0.0058	0.0998	flat	0.0022
GO:GOBP_INTRACELLULAR_RECEPTOR_SIGNALING_PATHWAY	TLS_VISIUM_USZ::KC1	7	1088	0.0032	0.324	flat	0.0011
GO:GOBP_INTRACELLULAR_TRANSPORT	TLS_VISIUM_USZ::KC1	7	1088	0.0165	0.00044	flat	0.0028
GO:GOBP_INTRINSIC_APOPTOTIC_SIGNALING_PATHWAY	TLS_VISIUM_USZ::KC1	7	1088	0.0071	0.0527	flat	0.0043
GO:GOBP_IN_UTERO_EMBRYONIC_DEVELOPMENT	TLS_VISIUM_USZ::KC1	7	1088	0.0018	0.578	flat	0.001
GO:GOBP_LEUKOCYTE_APOPTOTIC_PROCESS	TLS_VISIUM_USZ::KC1	7	1088	0.0088	0.0222	flat	0.0051
GO:GOBP_LEUKOCYTE_CELL_CELL_ADHESION	TLS_VISIUM_USZ::KC1	7	1088	0.0463	4.09e-11	flat	0.0073
GO:GOBP_LEUKOCYTE_CHEMOTAXIS	TLS_VISIUM_USZ::KC1	7	1088	0.0047	0.162	flat	0.002
GO:GOBP_LEUKOCYTE_DIFFERENTIATION	TLS_VISIUM_USZ::KC1	7	1088	0.0225	1.77e-05	flat	0.0029
GO:GOBP_LEUKOCYTE_MEDIATED_IMMUNITY	TLS_VISIUM_USZ::KC1	7	1088	0.0961	1.32e-23	flat	0.0083
GO:GOBP_LEUKOCYTE_MIGRATION	TLS_VISIUM_USZ::KC1	7	1088	0.0043	0.197	flat	0.0015
GO:GOBP_LEUKOCYTE_PROLIFERATION	TLS_VISIUM_USZ::KC1	7	1088	0.0306	2.3e-07	flat	0.0048
GO:GOBP_LIPID_BIOSYNTHETIC_PROCESS	TLS_VISIUM_USZ::KC1	7	1088	0.0053	0.125	flat	0.0012
GO:GOBP_LIPID_CATABOLIC_PROCESS	TLS_VISIUM_USZ::KC1	7	1088	0.0137	0.00187	flat	0.0029
GO:GOBP_LIPID_LOCALIZATION	TLS_VISIUM_USZ::KC1	7	1088	0.0051	0.136	flat	0.0015
GO:GOBP_LIPID_METABOLIC_PROCESS	TLS_VISIUM_USZ::KC1	7	1088	0.0045	0.181	flat	0.0009
GO:GOBP_LIPID_MODIFICATION	TLS_VISIUM_USZ::KC1	7	1088	0.0093	0.0174	flat	0.0033
GO:GOBP_LOCALIZATION_WITHIN_MEMBRANE	TLS_VISIUM_USZ::KC1	7	1088	0.0081	0.0323	flat	0.0023
GO:GOBP_LOCOMOTION	TLS_VISIUM_USZ::KC1	7	1088	0.0502	4.51e-12	flat	0.0037
GO:GOBP_LYMPHOCYTE_ACTIVATION	TLS_VISIUM_USZ::KC1	7	1088	0.0297	3.7e-07	flat	0.0031
GO:GOBP_LYMPHOCYTE_ACTIVATION_INVOLVED_IN_IMMUNE_RESPONSE	TLS_VISIUM_USZ::KC1	7	1088	0.0147	0.00112	flat	0.0037
GO:GOBP_LYMPHOCYTE_DIFFERENTIATION	TLS_VISIUM_USZ::KC1	7	1088	0.0325	8.3e-08	flat	0.0038
GO:GOBP_LYMPHOCYTE_MEDIATED_IMMUNITY	TLS_VISIUM_USZ::KC1	7	1088	0.0814	8.02e-20	flat	0.0097
GO:GOBP_MACROAUTOPHAGY	TLS_VISIUM_USZ::KC1	7	1088	0.0069	0.0575	flat	0.0042
GO:GOBP_MACROMOLECULE_CATABOLIC_PROCESS	TLS_VISIUM_USZ::KC1	7	1088	0.0045	0.18	flat	0.0012
GO:GOBP_MAINTENANCE_OF_CELL_NUMBER	TLS_VISIUM_USZ::KC1	7	1088	0.0043	0.194	flat	0.0025
GO:GOBP_MAINTENANCE_OF_LOCATION	TLS_VISIUM_USZ::KC1	7	1088	0.012	0.00449	flat	0.0039
GO:GOBP_MALE_GAMETE_GENERATION	TLS_VISIUM_USZ::KC1	7	1088	0.0188	0.000127	flat	0.0026
GO:GOBP_MALE_SEX_DIFFERENTIATION	TLS_VISIUM_USZ::KC1	7	1088	0.0013	0.704	flat	0.0012
GO:GOBP_MAPK_CASCADE	TLS_VISIUM_USZ::KC1	7	1088	0.0325	7.94e-08	flat	0.0036
GO:GOBP_MEIOSIS_I_CELL_CYCLE_PROCESS	TLS_VISIUM_USZ::KC1	7	1088	0.0073	0.0479	flat	0.0032
GO:GOBP_MEIOTIC_CELL_CYCLE	TLS_VISIUM_USZ::KC1	7	1088	0.0158	0.000607	flat	0.0038
GO:GOBP_MEIOTIC_CELL_CYCLE_PROCESS	TLS_VISIUM_USZ::KC1	7	1088	0.0249	5.05e-06	flat	0.0037
GO:GOBP_MEMBRANELESS_ORGANELLE_ASSEMBLY	TLS_VISIUM_USZ::KC1	7	1088	0.0031	0.34	flat	0.0013
GO:GOBP_MEMBRANE_LIPID_METABOLIC_PROCESS	TLS_VISIUM_USZ::KC1	7	1088	0.0058	0.097	flat	0.0027
GO:GOBP_MEMBRANE_ORGANIZATION	TLS_VISIUM_USZ::KC1	7	1088	0.0026	0.425	flat	0.0013
GO:GOBP_MESENCHYMAL_CELL_DIFFERENTIATION	TLS_VISIUM_USZ::KC1	7	1088	0.0169	0.000354	flat	0.0033
GO:GOBP_MESENCHYME_DEVELOPMENT	TLS_VISIUM_USZ::KC1	7	1088	0.025	4.7e-06	flat	0.0032
GO:GOBP_METAL_ION_TRANSPORT	TLS_VISIUM_USZ::KC1	7	1088	0.0027	0.407	flat	0.0007
GO:GOBP_METAPHASE_CHROMOSOME_ALIGNMENT	TLS_VISIUM_USZ::KC1	7	1088	0.0099	0.013	flat	0.0041
GO:GOBP_MICROTUBULE_BASED_MOVEMENT	TLS_VISIUM_USZ::KC1	7	1088	0.0114	0.00601	flat	0.0022
GO:GOBP_MICROTUBULE_BASED_PROCESS	TLS_VISIUM_USZ::KC1	7	1088	0.0286	6.7e-07	flat	0.0028
GO:GOBP_MICROTUBULE_CYTOSKELETON_ORGANIZATION	TLS_VISIUM_USZ::KC1	7	1088	0.0288	6.02e-07	flat	0.0032
GO:GOBP_MICROTUBULE_CYTOSKELETON_ORGANIZATION_INVOLVED_IN_MITOSIS	TLS_VISIUM_USZ::KC1	7	1088	0.0013	0.694	flat	0.0011
GO:GOBP_MITOCHONDRIAL_ELECTRON_TRANSPORT_CYTOCHROME_C_TO_OXYGEN	TLS_VISIUM_USZ::KC1	7	1088	0.0021	0.51	flat	0.0066
GO:GOBP_MITOCHONDRIAL_TRANSPORT	TLS_VISIUM_USZ::KC1	7	1088	0.0135	0.00203	flat	0.006
GO:GOBP_MITOCHONDRION_ORGANIZATION	TLS_VISIUM_USZ::KC1	7	1088	0.0025	0.439	flat	0.0017
GO:GOBP_MITOTIC_CELL_CYCLE	TLS_VISIUM_USZ::KC1	7	1088	0.0017	0.602	flat	0.0007
GO:GOBP_MITOTIC_CELL_CYCLE_CHECKPOINT_SIGNALING	TLS_VISIUM_USZ::KC1	7	1088	0.0029	0.371	flat	0.0022
GO:GOBP_MITOTIC_CELL_CYCLE_PHASE_TRANSITION	TLS_VISIUM_USZ::KC1	7	1088	0.0044	0.191	flat	0.0016
GO:GOBP_MITOTIC_CELL_CYCLE_PROCESS	TLS_VISIUM_USZ::KC1	7	1088	0.008	0.034	flat	0.0017
GO:GOBP_MITOTIC_NUCLEAR_DIVISION	TLS_VISIUM_USZ::KC1	7	1088	0.0014	0.686	flat	0.0012
GO:GOBP_MITOTIC_SISTER_CHROMATID_SEGREGATION	TLS_VISIUM_USZ::KC1	7	1088	0.0068	0.0594	flat	0.0024
GO:GOBP_MITOTIC_SISTER_CHROMATID_SEPARATION	TLS_VISIUM_USZ::KC1	7	1088	0.0078	0.0374	flat	0.0034
GO:GOBP_MITOTIC_SPINDLE_ASSEMBLY	TLS_VISIUM_USZ::KC1	7	1088	0.0044	0.187	flat	0.0049
GO:GOBP_MITOTIC_SPINDLE_ORGANIZATION	TLS_VISIUM_USZ::KC1	7	1088	0.0107	0.00882	flat	0.0046
GO:GOBP_MODIFICATION_DEPENDENT_MACROMOLECULE_CATABOLIC_PROCESS	TLS_VISIUM_USZ::KC1	7	1088	0.0037	0.261	flat	0.0016
GO:GOBP_MODIFIED_AMINO_ACID_METABOLIC_PROCESS	TLS_VISIUM_USZ::KC1	7	1088	0.0005	0.915	flat	0.0006
GO:GOBP_MONOATOMIC_CATION_TRANSMEMBRANE_TRANSPORT	TLS_VISIUM_USZ::KC1	7	1088	0.0202	6.07e-05	flat	0.0024
GO:GOBP_MONOATOMIC_CATION_TRANSPORT	TLS_VISIUM_USZ::KC1	7	1088	0.0107	0.00871	flat	0.0015
GO:GOBP_MONOATOMIC_ION_HOMEOSTASIS	TLS_VISIUM_USZ::KC1	7	1088	0.0038	0.245	flat	0.001
GO:GOBP_MONOATOMIC_ION_TRANSMEMBRANE_TRANSPORT	TLS_VISIUM_USZ::KC1	7	1088	0.0095	0.0156	flat	0.0013
GO:GOBP_MONOATOMIC_ION_TRANSPORT	TLS_VISIUM_USZ::KC1	7	1088	0.007	0.0535	flat	0.001
GO:GOBP_MONOCARBOXYLIC_ACID_BIOSYNTHETIC_PROCESS	TLS_VISIUM_USZ::KC1	7	1088	0.0018	0.571	flat	0.0014
GO:GOBP_MONOCARBOXYLIC_ACID_METABOLIC_PROCESS	TLS_VISIUM_USZ::KC1	7	1088	0.0061	0.0827	flat	0.0014
GO:GOBP_MONONUCLEAR_CELL_DIFFERENTIATION	TLS_VISIUM_USZ::KC1	7	1088	0.0146	0.00114	flat	0.0034
GO:GOBP_MONONUCLEAR_CELL_MIGRATION	TLS_VISIUM_USZ::KC1	7	1088	0.0088	0.0225	flat	0.0035
GO:GOBP_MONOSACCHARIDE_METABOLIC_PROCESS	TLS_VISIUM_USZ::KC1	7	1088	0.0015	0.663	flat	0.0013
GO:GOBP_MORPHOGENESIS_OF_AN_EPITHELIUM	TLS_VISIUM_USZ::KC1	7	1088	0.0121	0.00426	flat	0.0027
GO:GOBP_MORPHOGENESIS_OF_A_BRANCHING_STRUCTURE	TLS_VISIUM_USZ::KC1	7	1088	0.0261	2.55e-06	flat	0.0065
GO:GOBP_MRNA_CATABOLIC_PROCESS	TLS_VISIUM_USZ::KC1	7	1088	0.0151	0.000897	flat	0.0052
GO:GOBP_MRNA_METABOLIC_PROCESS	TLS_VISIUM_USZ::KC1	7	1088	0.0059	0.0934	flat	0.0023
GO:GOBP_MRNA_PROCESSING	TLS_VISIUM_USZ::KC1	7	1088	0.0073	0.0474	flat	0.0033
GO:GOBP_MRNA_TRANSPORT	TLS_VISIUM_USZ::KC1	7	1088	0.0077	0.0385	flat	0.0049
GO:GOBP_MULTICELLULAR_ORGANISMAL_LEVEL_HOMEOSTASIS	TLS_VISIUM_USZ::KC1	7	1088	0.0043	0.194	flat	0.0013
GO:GOBP_MULTICELLULAR_ORGANISMAL_REPRODUCTIVE_PROCESS	TLS_VISIUM_USZ::KC1	7	1088	0.0194	9.43e-05	flat	0.002
GO:GOBP_MUSCLE_CELL_DEVELOPMENT	TLS_VISIUM_USZ::KC1	7	1088	0.013	0.00265	flat	0.0028
GO:GOBP_MUSCLE_CELL_DIFFERENTIATION	TLS_VISIUM_USZ::KC1	7	1088	0.0024	0.449	flat	0.0009
GO:GOBP_MUSCLE_CELL_PROLIFERATION	TLS_VISIUM_USZ::KC1	7	1088	0.0157	0.00064	flat	0.0033
GO:GOBP_MUSCLE_CONTRACTION	TLS_VISIUM_USZ::KC1	7	1088	0.0093	0.0171	flat	0.002
GO:GOBP_MUSCLE_ORGAN_DEVELOPMENT	TLS_VISIUM_USZ::KC1	7	1088	0.0149	0.00102	flat	0.0023
GO:GOBP_MUSCLE_STRUCTURE_DEVELOPMENT	TLS_VISIUM_USZ::KC1	7	1088	0.0249	4.89e-06	flat	0.0026
GO:GOBP_MUSCLE_SYSTEM_PROCESS	TLS_VISIUM_USZ::KC1	7	1088	0.0264	2.21e-06	flat	0.0031
GO:GOBP_MUSCLE_TISSUE_DEVELOPMENT	TLS_VISIUM_USZ::KC1	7	1088	0.0052	0.127	flat	0.0014
GO:GOBP_MYELOID_CELL_DIFFERENTIATION	TLS_VISIUM_USZ::KC1	7	1088	0.0089	0.0211	flat	0.0035
GO:GOBP_MYELOID_CELL_HOMEOSTASIS	TLS_VISIUM_USZ::KC1	7	1088	0.0095	0.0159	flat	0.0056
GO:GOBP_MYELOID_LEUKOCYTE_ACTIVATION	TLS_VISIUM_USZ::KC1	7	1088	0.0281	8.76e-07	flat	0.0052
GO:GOBP_MYELOID_LEUKOCYTE_DIFFERENTIATION	TLS_VISIUM_USZ::KC1	7	1088	0.0189	0.000121	flat	0.0047
GO:GOBP_NEGATIVE_REGULATION_OF_APOPTOTIC_SIGNALING_PATHWAY	TLS_VISIUM_USZ::KC1	7	1088	0.0087	0.0241	flat	0.0052
GO:GOBP_NEGATIVE_REGULATION_OF_CATABOLIC_PROCESS	TLS_VISIUM_USZ::KC1	7	1088	0.0008	0.823	flat	0.0012
GO:GOBP_NEGATIVE_REGULATION_OF_CELLULAR_COMPONENT_ORGANIZATION	TLS_VISIUM_USZ::KC1	7	1088	0.0126	0.00325	flat	0.0028
GO:GOBP_NEGATIVE_REGULATION_OF_CELLULAR_RESPONSE_TO_GROWTH_FACTOR_STIMULUS	TLS_VISIUM_USZ::KC1	7	1088	0.0204	5.56e-05	flat	0.0085
GO:GOBP_NEGATIVE_REGULATION_OF_CELL_ACTIVATION	TLS_VISIUM_USZ::KC1	7	1088	0.0286	6.78e-07	flat	0.0064
GO:GOBP_NEGATIVE_REGULATION_OF_CELL_ADHESION	TLS_VISIUM_USZ::KC1	7	1088	0.0253	4.08e-06	flat	0.0045
GO:GOBP_NEGATIVE_REGULATION_OF_CELL_CYCLE	TLS_VISIUM_USZ::KC1	7	1088	0.0003	0.956	flat	0.0005
GO:GOBP_NEGATIVE_REGULATION_OF_CELL_CYCLE_PROCESS	TLS_VISIUM_USZ::KC1	7	1088	0.0013	0.696	flat	0.0011
GO:GOBP_NEGATIVE_REGULATION_OF_CELL_DEVELOPMENT	TLS_VISIUM_USZ::KC1	7	1088	0.007	0.0535	flat	0.0022
GO:GOBP_NEGATIVE_REGULATION_OF_CELL_DIFFERENTIATION	TLS_VISIUM_USZ::KC1	7	1088	0.0054	0.119	flat	0.0014
GO:GOBP_NEGATIVE_REGULATION_OF_CELL_POPULATION_PROLIFERATION	TLS_VISIUM_USZ::KC1	7	1088	0.0435	1.92e-10	flat	0.0041
GO:GOBP_NEGATIVE_REGULATION_OF_CYTOKINE_PRODUCTION	TLS_VISIUM_USZ::KC1	7	1088	0.0183	0.000169	flat	0.0031
GO:GOBP_NEGATIVE_REGULATION_OF_CYTOSKELETON_ORGANIZATION	TLS_VISIUM_USZ::KC1	7	1088	0.001	0.771	flat	0.0012
GO:GOBP_NEGATIVE_REGULATION_OF_DEFENSE_RESPONSE	TLS_VISIUM_USZ::KC1	7	1088	0.0008	0.828	flat	0.0007
GO:GOBP_NEGATIVE_REGULATION_OF_DEVELOPMENTAL_PROCESS	TLS_VISIUM_USZ::KC1	7	1088	0.0117	0.00511	flat	0.0015
GO:GOBP_NEGATIVE_REGULATION_OF_GENE_EXPRESSION	TLS_VISIUM_USZ::KC1	7	1088	0.0242	7.12e-06	flat	0.0026
GO:GOBP_NEGATIVE_REGULATION_OF_GENE_EXPRESSION_EPIGENETIC	TLS_VISIUM_USZ::KC1	7	1088	0.0059	0.0911	flat	0.003
GO:GOBP_NEGATIVE_REGULATION_OF_IMMUNE_SYSTEM_PROCESS	TLS_VISIUM_USZ::KC1	7	1088	0.039	2.34e-09	flat	0.0047
GO:GOBP_NEGATIVE_REGULATION_OF_INFLAMMATORY_RESPONSE	TLS_VISIUM_USZ::KC1	7	1088	0.0097	0.0145	flat	0.0031
GO:GOBP_NEGATIVE_REGULATION_OF_INNATE_IMMUNE_RESPONSE	TLS_VISIUM_USZ::KC1	7	1088	0.0297	3.63e-07	flat	0.0128
GO:GOBP_NEGATIVE_REGULATION_OF_INTRACELLULAR_SIGNAL_TRANSDUCTION	TLS_VISIUM_USZ::KC1	7	1088	0.0175	0.000256	flat	0.0033
GO:GOBP_NEGATIVE_REGULATION_OF_LEUKOCYTE_MEDIATED_IMMUNITY	TLS_VISIUM_USZ::KC1	7	1088	0.0248	5.37e-06	flat	0.0112
GO:GOBP_NEGATIVE_REGULATION_OF_LOCOMOTION	TLS_VISIUM_USZ::KC1	7	1088	0.0296	4e-07	flat	0.0039
GO:GOBP_NEGATIVE_REGULATION_OF_LYMPHOCYTE_ACTIVATION	TLS_VISIUM_USZ::KC1	7	1088	0.0152	0.000859	flat	0.0049
GO:GOBP_NEGATIVE_REGULATION_OF_MITOTIC_CELL_CYCLE	TLS_VISIUM_USZ::KC1	7	1088	0.0079	0.0354	flat	0.0029
GO:GOBP_NEGATIVE_REGULATION_OF_MITOTIC_CELL_CYCLE_PHASE_TRANSITION	TLS_VISIUM_USZ::KC1	7	1088	0.0059	0.0951	flat	0.0028
GO:GOBP_NEGATIVE_REGULATION_OF_MOLECULAR_FUNCTION	TLS_VISIUM_USZ::KC1	7	1088	0.0079	0.0346	flat	0.0025
GO:GOBP_NEGATIVE_REGULATION_OF_MULTICELLULAR_ORGANISMAL_PROCESS	TLS_VISIUM_USZ::KC1	7	1088	0.0208	4.53e-05	flat	0.0019
GO:GOBP_NEGATIVE_REGULATION_OF_NUCLEOBASE_CONTAINING_COMPOUND_METABOLIC_PROCESS	TLS_VISIUM_USZ::KC1	7	1088	0.0042	0.203	flat	0.0009
GO:GOBP_NEGATIVE_REGULATION_OF_ORGANELLE_ORGANIZATION	TLS_VISIUM_USZ::KC1	7	1088	0.0023	0.469	flat	0.0018
GO:GOBP_NEGATIVE_REGULATION_OF_PROGRAMMED_CELL_DEATH	TLS_VISIUM_USZ::KC1	7	1088	0.0265	2.07e-06	flat	0.0035
GO:GOBP_NEGATIVE_REGULATION_OF_PROTEIN_LOCALIZATION	TLS_VISIUM_USZ::KC1	7	1088	0.002	0.533	flat	0.0018
GO:GOBP_NEGATIVE_REGULATION_OF_PROTEIN_METABOLIC_PROCESS	TLS_VISIUM_USZ::KC1	7	1088	0.0256	3.4e-06	flat	0.0058
GO:GOBP_NEGATIVE_REGULATION_OF_PROTEIN_MODIFICATION_PROCESS	TLS_VISIUM_USZ::KC1	7	1088	0.0032	0.323	flat	0.0029
GO:GOBP_NEGATIVE_REGULATION_OF_PROTEOLYSIS	TLS_VISIUM_USZ::KC1	7	1088	0.0035	0.284	flat	0.0044
GO:GOBP_NEGATIVE_REGULATION_OF_REPRODUCTIVE_PROCESS	TLS_VISIUM_USZ::KC1	7	1088	0.0062	0.0817	flat	0.0055
GO:GOBP_NEGATIVE_REGULATION_OF_RESPONSE_TO_BIOTIC_STIMULUS	TLS_VISIUM_USZ::KC1	7	1088	0.0021	0.512	flat	0.0025
GO:GOBP_NEGATIVE_REGULATION_OF_RESPONSE_TO_EXTERNAL_STIMULUS	TLS_VISIUM_USZ::KC1	7	1088	0.0054	0.117	flat	0.0019
GO:GOBP_NEGATIVE_REGULATION_OF_RESPONSE_TO_STIMULUS	TLS_VISIUM_USZ::KC1	7	1088	0.0399	1.43e-09	flat	0.0023
GO:GOBP_NEGATIVE_REGULATION_OF_RNA_METABOLIC_PROCESS	TLS_VISIUM_USZ::KC1	7	1088	0.0094	0.0166	flat	0.0011
GO:GOBP_NEGATIVE_REGULATION_OF_SIGNALING	TLS_VISIUM_USZ::KC1	7	1088	0.021	4.08e-05	flat	0.002
GO:GOBP_NEGATIVE_REGULATION_OF_SMOOTH_MUSCLE_CELL_PROLIFERATION	TLS_VISIUM_USZ::KC1	7	1088	0.0038	0.251	flat	0.0049
GO:GOBP_NEGATIVE_REGULATION_OF_SUPRAMOLECULAR_FIBER_ORGANIZATION	TLS_VISIUM_USZ::KC1	7	1088	0.0232	1.25e-05	flat	0.0071
GO:GOBP_NEGATIVE_REGULATION_OF_TRANSCRIPTION_BY_RNA_POLYMERASE_II	TLS_VISIUM_USZ::KC1	7	1088	0.0029	0.368	flat	0.0007
GO:GOBP_NEGATIVE_REGULATION_OF_TRANSFORMING_GROWTH_FACTOR_BETA_RECEPTOR_SIGNALING_PATHWAY	TLS_VISIUM_USZ::KC1	7	1088	0.0084	0.028	flat	0.0054
GO:GOBP_NEGATIVE_REGULATION_OF_TRANSMEMBRANE_RECEPTOR_PROTEIN_SERINE_THREONINE_KINASE_SIGNALING_PATHWAY	TLS_VISIUM_USZ::KC1	7	1088	0.0071	0.0531	flat	0.0038
GO:GOBP_NEGATIVE_REGULATION_OF_TRANSPORT	TLS_VISIUM_USZ::KC1	7	1088	0.0023	0.47	flat	0.0012
GO:GOBP_NEGATIVE_REGULATION_OF_VIRAL_PROCESS	TLS_VISIUM_USZ::KC1	7	1088	0.0101	0.0118	flat	0.0071
GO:GOBP_NEGATIVE_REGULATION_OF_WNT_SIGNALING_PATHWAY	TLS_VISIUM_USZ::KC1	7	1088	0.007	0.0546	flat	0.0035
GO:GOBP_NERVOUS_SYSTEM_PROCESS	TLS_VISIUM_USZ::KC1	7	1088	0.024	7.86e-06	flat	0.0016
GO:GOBP_NEUROGENESIS	TLS_VISIUM_USZ::KC1	7	1088	0.0001	0.993	flat	0.0001
GO:GOBP_NEURON_DEVELOPMENT	TLS_VISIUM_USZ::KC1	7	1088	0.0056	0.107	flat	0.0012
GO:GOBP_NEURON_PROJECTION_GUIDANCE	TLS_VISIUM_USZ::KC1	7	1088	0.0033	0.313	flat	0.0012
GO:GOBP_NITROGEN_COMPOUND_TRANSPORT	TLS_VISIUM_USZ::KC1	7	1088	0.0046	0.171	flat	0.001
GO:GOBP_NON_CANONICAL_WNT_SIGNALING_PATHWAY	TLS_VISIUM_USZ::KC1	7	1088	0.0024	0.459	flat	0.0031
GO:GOBP_NOTCH_SIGNALING_PATHWAY	TLS_VISIUM_USZ::KC1	7	1088	0.0057	0.103	flat	0.0024
GO:GOBP_NUCLEAR_CHROMOSOME_SEGREGATION	TLS_VISIUM_USZ::KC1	7	1088	0.0189	0.000122	flat	0.0033
GO:GOBP_NUCLEAR_EXPORT	TLS_VISIUM_USZ::KC1	7	1088	0.0148	0.00107	flat	0.0072
GO:GOBP_NUCLEAR_TRANSCRIBED_MRNA_CATABOLIC_PROCESS	TLS_VISIUM_USZ::KC1	7	1088	0.0063	0.075	flat	0.0057
GO:GOBP_NUCLEAR_TRANSPORT	TLS_VISIUM_USZ::KC1	7	1088	0.0077	0.0383	flat	0.0026
GO:GOBP_NUCLEIC_ACID_CATABOLIC_PROCESS	TLS_VISIUM_USZ::KC1	7	1088	0.0089	0.0214	flat	0.0031
GO:GOBP_NUCLEOBASE_CONTAINING_COMPOUND_CATABOLIC_PROCESS	TLS_VISIUM_USZ::KC1	7	1088	0.0073	0.0479	flat	0.0021
GO:GOBP_NUCLEOBASE_CONTAINING_COMPOUND_TRANSPORT	TLS_VISIUM_USZ::KC1	7	1088	0.0012	0.737	flat	0.0012
GO:GOBP_NUCLEOBASE_CONTAINING_SMALL_MOLECULE_METABOLIC_PROCESS	TLS_VISIUM_USZ::KC1	7	1088	0.0151	0.000875	flat	0.0032
GO:GOBP_NUCLEOSIDE_PHOSPHATE_BIOSYNTHETIC_PROCESS	TLS_VISIUM_USZ::KC1	7	1088	0.0057	0.103	flat	0.0027
GO:GOBP_NUCLEOSIDE_PHOSPHATE_CATABOLIC_PROCESS	TLS_VISIUM_USZ::KC1	7	1088	0.0065	0.0689	flat	0.0031
GO:GOBP_NUCLEOSIDE_TRIPHOSPHATE_BIOSYNTHETIC_PROCESS	TLS_VISIUM_USZ::KC1	7	1088	0.0069	0.0566	flat	0.0069
GO:GOBP_NUCLEOSIDE_TRIPHOSPHATE_METABOLIC_PROCESS	TLS_VISIUM_USZ::KC1	7	1088	0.0087	0.0238	flat	0.0048
GO:GOBP_NUCLEOTIDE_BIOSYNTHETIC_PROCESS	TLS_VISIUM_USZ::KC1	7	1088	0.0122	0.00393	flat	0.0066
GO:GOBP_NUCLEOTIDE_METABOLIC_PROCESS	TLS_VISIUM_USZ::KC1	7	1088	0.0144	0.00129	flat	0.0037
GO:GOBP_OLEFINIC_COMPOUND_METABOLIC_PROCESS	TLS_VISIUM_USZ::KC1	7	1088	0.0097	0.0146	flat	0.0028
GO:GOBP_ORGANELLE_ASSEMBLY	TLS_VISIUM_USZ::KC1	7	1088	0.0007	0.846	flat	0.0005
GO:GOBP_ORGANELLE_FISSION	TLS_VISIUM_USZ::KC1	7	1088	0.0023	0.468	flat	0.0012
GO:GOBP_ORGANELLE_LOCALIZATION	TLS_VISIUM_USZ::KC1	7	1088	0.0006	0.892	flat	0.0005
GO:GOBP_ORGANIC_ACID_METABOLIC_PROCESS	TLS_VISIUM_USZ::KC1	7	1088	0.0127	0.00306	flat	0.0018
GO:GOBP_ORGANIC_ACID_TRANSPORT	TLS_VISIUM_USZ::KC1	7	1088	0.0061	0.0863	flat	0.0021
GO:GOBP_ORGANIC_ANION_TRANSPORT	TLS_VISIUM_USZ::KC1	7	1088	0.0141	0.00151	flat	0.0023
GO:GOBP_ORGANOPHOSPHATE_BIOSYNTHETIC_PROCESS	TLS_VISIUM_USZ::KC1	7	1088	0.0019	0.551	flat	0.0009
GO:GOBP_ORGANOPHOSPHATE_CATABOLIC_PROCESS	TLS_VISIUM_USZ::KC1	7	1088	0.0098	0.0133	flat	0.0038
GO:GOBP_ORGANOPHOSPHATE_METABOLIC_PROCESS	TLS_VISIUM_USZ::KC1	7	1088	0.0208	4.43e-05	flat	0.0028
GO:GOBP_OSSIFICATION	TLS_VISIUM_USZ::KC1	7	1088	0.0136	0.00192	flat	0.0031
GO:GOBP_OSTEOBLAST_PROLIFERATION	TLS_VISIUM_USZ::KC1	7	1088	0.0035	0.281	flat	0.0059
GO:GOBP_OXIDATIVE_PHOSPHORYLATION	TLS_VISIUM_USZ::KC1	7	1088	0.0147	0.00109	flat	0.0111
GO:GOBP_PATTERN_SPECIFICATION_PROCESS	TLS_VISIUM_USZ::KC1	7	1088	0.0115	0.00575	flat	0.0022
GO:GOBP_PEPTIDE_ANTIGEN_ASSEMBLY_WITH_MHC_PROTEIN_COMPLEX	TLS_VISIUM_USZ::KC1	7	1088	0.0423	3.79e-10	flat	0.037
GO:GOBP_PEPTIDE_TRANSPORT	TLS_VISIUM_USZ::KC1	7	1088	0.0038	0.251	flat	0.0011
GO:GOBP_PEPTIDYL_AMINO_ACID_MODIFICATION	TLS_VISIUM_USZ::KC1	7	1088	0.0065	0.0687	flat	0.0027
GO:GOBP_PHOSPHATIDYLINOSITOL_3_KINASE_PROTEIN_KINASE_B_SIGNAL_TRANSDUCTION	TLS_VISIUM_USZ::KC1	7	1088	0.0195	8.8e-05	flat	0.0037
GO:GOBP_PHOSPHOLIPID_BIOSYNTHETIC_PROCESS	TLS_VISIUM_USZ::KC1	7	1088	0.0037	0.254	flat	0.0022
GO:GOBP_PHOSPHOLIPID_METABOLIC_PROCESS	TLS_VISIUM_USZ::KC1	7	1088	0.0081	0.0311	flat	0.0026
GO:GOBP_PHOSPHORUS_METABOLIC_PROCESS	TLS_VISIUM_USZ::KC1	7	1088	0.0007	0.851	flat	0.0004
GO:GOBP_PHOSPHORYLATION	TLS_VISIUM_USZ::KC1	7	1088	0.0091	0.0193	flat	0.002
GO:GOBP_PLACENTA_DEVELOPMENT	TLS_VISIUM_USZ::KC1	7	1088	0.0013	0.695	flat	0.0013
GO:GOBP_POSITIVE_REGULATION_OF_ADAPTIVE_IMMUNE_RESPONSE	TLS_VISIUM_USZ::KC1	7	1088	0.0356	1.49e-08	flat	0.0086
GO:GOBP_POSITIVE_REGULATION_OF_CANONICAL_NF_KAPPAB_SIGNAL_TRANSDUCTION	TLS_VISIUM_USZ::KC1	7	1088	0.016	0.000559	flat	0.0065
GO:GOBP_POSITIVE_REGULATION_OF_CATABOLIC_PROCESS	TLS_VISIUM_USZ::KC1	7	1088	0.0071	0.0515	flat	0.0028
GO:GOBP_POSITIVE_REGULATION_OF_CATALYTIC_ACTIVITY	TLS_VISIUM_USZ::KC1	7	1088	0.0234	1.1e-05	flat	0.0045
GO:GOBP_POSITIVE_REGULATION_OF_CELLULAR_COMPONENT_BIOGENESIS	TLS_VISIUM_USZ::KC1	7	1088	0.015	0.000949	flat	0.0032
GO:GOBP_POSITIVE_REGULATION_OF_CELLULAR_COMPONENT_ORGANIZATION	TLS_VISIUM_USZ::KC1	7	1088	0.0106	0.00922	flat	0.0017
GO:GOBP_POSITIVE_REGULATION_OF_CELL_ACTIVATION	TLS_VISIUM_USZ::KC1	7	1088	0.0366	8.6e-09	flat	0.0061
GO:GOBP_POSITIVE_REGULATION_OF_CELL_ADHESION	TLS_VISIUM_USZ::KC1	7	1088	0.0424	3.45e-10	flat	0.0058
GO:GOBP_POSITIVE_REGULATION_OF_CELL_CELL_ADHESION	TLS_VISIUM_USZ::KC1	7	1088	0.0492	7.97e-12	flat	0.0077
GO:GOBP_POSITIVE_REGULATION_OF_CELL_CYCLE	TLS_VISIUM_USZ::KC1	7	1088	0.0072	0.0484	flat	0.002
GO:GOBP_POSITIVE_REGULATION_OF_CELL_CYCLE_PHASE_TRANSITION	TLS_VISIUM_USZ::KC1	7	1088	0.0055	0.114	flat	0.0021
GO:GOBP_POSITIVE_REGULATION_OF_CELL_CYCLE_PROCESS	TLS_VISIUM_USZ::KC1	7	1088	0.0133	0.00222	flat	0.0024
GO:GOBP_POSITIVE_REGULATION_OF_CELL_DEVELOPMENT	TLS_VISIUM_USZ::KC1	7	1088	0.0197	7.93e-05	flat	0.0038
GO:GOBP_POSITIVE_REGULATION_OF_CELL_DIFFERENTIATION	TLS_VISIUM_USZ::KC1	7	1088	0.0178	0.000216	flat	0.0026
GO:GOBP_POSITIVE_REGULATION_OF_CELL_KILLING	TLS_VISIUM_USZ::KC1	7	1088	0.0166	0.000401	flat	0.009
GO:GOBP_POSITIVE_REGULATION_OF_CELL_POPULATION_PROLIFERATION	TLS_VISIUM_USZ::KC1	7	1088	0.0272	1.45e-06	flat	0.0028
GO:GOBP_POSITIVE_REGULATION_OF_CHROMOSOME_ORGANIZATION	TLS_VISIUM_USZ::KC1	7	1088	0.0005	0.904	flat	0.0018
GO:GOBP_POSITIVE_REGULATION_OF_CYTOKINE_PRODUCTION	TLS_VISIUM_USZ::KC1	7	1088	0.0421	4.07e-10	flat	0.0062
GO:GOBP_POSITIVE_REGULATION_OF_CYTOSKELETON_ORGANIZATION	TLS_VISIUM_USZ::KC1	7	1088	0.0086	0.0246	flat	0.0035
GO:GOBP_POSITIVE_REGULATION_OF_DEFENSE_RESPONSE	TLS_VISIUM_USZ::KC1	7	1088	0.0124	0.00364	flat	0.0028
GO:GOBP_POSITIVE_REGULATION_OF_DEVELOPMENTAL_PROCESS	TLS_VISIUM_USZ::KC1	7	1088	0.0088	0.0225	flat	0.0015
GO:GOBP_POSITIVE_REGULATION_OF_DNA_BIOSYNTHETIC_PROCESS	TLS_VISIUM_USZ::KC1	7	1088	0.0088	0.0228	flat	0.0108
GO:GOBP_POSITIVE_REGULATION_OF_DNA_METABOLIC_PROCESS	TLS_VISIUM_USZ::KC1	7	1088	0.0024	0.464	flat	0.0015
GO:GOBP_POSITIVE_REGULATION_OF_DNA_REPAIR	TLS_VISIUM_USZ::KC1	7	1088	0.0012	0.733	flat	0.0016
GO:GOBP_POSITIVE_REGULATION_OF_ESTABLISHMENT_OF_PROTEIN_LOCALIZATION	TLS_VISIUM_USZ::KC1	7	1088	0.006	0.0883	flat	0.0018
GO:GOBP_POSITIVE_REGULATION_OF_GENE_EXPRESSION	TLS_VISIUM_USZ::KC1	7	1088	0.0229	1.42e-05	flat	0.0025
GO:GOBP_POSITIVE_REGULATION_OF_IMMUNE_EFFECTOR_PROCESS	TLS_VISIUM_USZ::KC1	7	1088	0.0121	0.00415	flat	0.0036
GO:GOBP_POSITIVE_REGULATION_OF_IMMUNE_RESPONSE	TLS_VISIUM_USZ::KC1	7	1088	0.0406	9.3e-10	flat	0.0046
GO:GOBP_POSITIVE_REGULATION_OF_IMMUNE_SYSTEM_PROCESS	TLS_VISIUM_USZ::KC1	7	1088	0.0473	2.28e-11	flat	0.004
GO:GOBP_POSITIVE_REGULATION_OF_INTERFERON_BETA_PRODUCTION	TLS_VISIUM_USZ::KC1	7	1088	0.0133	0.00224	flat	0.0167
GO:GOBP_POSITIVE_REGULATION_OF_INTRACELLULAR_SIGNAL_TRANSDUCTION	TLS_VISIUM_USZ::KC1	7	1088	0.0065	0.0705	flat	0.001
GO:GOBP_POSITIVE_REGULATION_OF_LEUKOCYTE_CELL_CELL_ADHESION	TLS_VISIUM_USZ::KC1	7	1088	0.0383	3.3e-09	flat	0.0072
GO:GOBP_POSITIVE_REGULATION_OF_LEUKOCYTE_MEDIATED_IMMUNITY	TLS_VISIUM_USZ::KC1	7	1088	0.0479	1.61e-11	flat	0.0116
GO:GOBP_POSITIVE_REGULATION_OF_LEUKOCYTE_MIGRATION	TLS_VISIUM_USZ::KC1	7	1088	0.0023	0.477	flat	0.0013
GO:GOBP_POSITIVE_REGULATION_OF_LEUKOCYTE_PROLIFERATION	TLS_VISIUM_USZ::KC1	7	1088	0.0494	6.95e-12	flat	0.0087
GO:GOBP_POSITIVE_REGULATION_OF_LOCOMOTION	TLS_VISIUM_USZ::KC1	7	1088	0.0478	1.73e-11	flat	0.0059
GO:GOBP_POSITIVE_REGULATION_OF_LYMPHOCYTE_DIFFERENTIATION	TLS_VISIUM_USZ::KC1	7	1088	0.022	2.37e-05	flat	0.0073
GO:GOBP_POSITIVE_REGULATION_OF_MAPK_CASCADE	TLS_VISIUM_USZ::KC1	7	1088	0.0242	7.27e-06	flat	0.0028
GO:GOBP_POSITIVE_REGULATION_OF_MITOTIC_CELL_CYCLE	TLS_VISIUM_USZ::KC1	7	1088	0.0068	0.0597	flat	0.0029
GO:GOBP_POSITIVE_REGULATION_OF_MITOTIC_CELL_CYCLE_PHASE_TRANSITION	TLS_VISIUM_USZ::KC1	7	1088	0.0119	0.00469	flat	0.0034
GO:GOBP_POSITIVE_REGULATION_OF_MOLECULAR_FUNCTION	TLS_VISIUM_USZ::KC1	7	1088	0.0033	0.315	flat	0.0011
GO:GOBP_POSITIVE_REGULATION_OF_MRNA_METABOLIC_PROCESS	TLS_VISIUM_USZ::KC1	7	1088	0.0052	0.131	flat	0.0038
GO:GOBP_POSITIVE_REGULATION_OF_MULTICELLULAR_ORGANISMAL_PROCESS	TLS_VISIUM_USZ::KC1	7	1088	0.0106	0.00906	flat	0.0012
GO:GOBP_POSITIVE_REGULATION_OF_MYELOID_CELL_DIFFERENTIATION	TLS_VISIUM_USZ::KC1	7	1088	0.0171	0.000312	flat	0.0079
GO:GOBP_POSITIVE_REGULATION_OF_NEUROGENESIS	TLS_VISIUM_USZ::KC1	7	1088	0.014	0.00156	flat	0.0041
GO:GOBP_POSITIVE_REGULATION_OF_ORGANELLE_ORGANIZATION	TLS_VISIUM_USZ::KC1	7	1088	0.024	8.04e-06	flat	0.0045
GO:GOBP_POSITIVE_REGULATION_OF_PHOSPHATIDYLINOSITOL_3_KINASE_PROTEIN_KINASE_B_SIGNAL_TRANSDUCTION	TLS_VISIUM_USZ::KC1	7	1088	0.0307	2.2e-07	flat	0.0056
GO:GOBP_POSITIVE_REGULATION_OF_PHOSPHORUS_METABOLIC_PROCESS	TLS_VISIUM_USZ::KC1	7	1088	0.0095	0.0155	flat	0.0033
GO:GOBP_POSITIVE_REGULATION_OF_PHOSPHORYLATION	TLS_VISIUM_USZ::KC1	7	1088	0.0065	0.0709	flat	0.0024
GO:GOBP_POSITIVE_REGULATION_OF_POST_TRANSLATIONAL_PROTEIN_MODIFICATION	TLS_VISIUM_USZ::KC1	7	1088	0.0059	0.094	flat	0.006
GO:GOBP_POSITIVE_REGULATION_OF_PRODUCTION_OF_MOLECULAR_MEDIATOR_OF_IMMUNE_RESPONSE	TLS_VISIUM_USZ::KC1	7	1088	0.0077	0.0384	flat	0.0041
GO:GOBP_POSITIVE_REGULATION_OF_PROGRAMMED_CELL_DEATH	TLS_VISIUM_USZ::KC1	7	1088	0.0101	0.012	flat	0.0027
GO:GOBP_POSITIVE_REGULATION_OF_PROTEIN_CONTAINING_COMPLEX_ASSEMBLY	TLS_VISIUM_USZ::KC1	7	1088	0.0042	0.205	flat	0.0028
GO:GOBP_POSITIVE_REGULATION_OF_PROTEIN_LOCALIZATION	TLS_VISIUM_USZ::KC1	7	1088	0.0068	0.061	flat	0.0019
GO:GOBP_POSITIVE_REGULATION_OF_PROTEIN_METABOLIC_PROCESS	TLS_VISIUM_USZ::KC1	7	1088	0.0217	2.79e-05	flat	0.0036
GO:GOBP_POSITIVE_REGULATION_OF_PROTEIN_MODIFICATION_PROCESS	TLS_VISIUM_USZ::KC1	7	1088	0.0018	0.593	flat	0.0014
GO:GOBP_POSITIVE_REGULATION_OF_PROTEIN_TRANSPORT	TLS_VISIUM_USZ::KC1	7	1088	0.0002	0.971	flat	0.0004
GO:GOBP_POSITIVE_REGULATION_OF_RESPIRATORY_BURST	TLS_VISIUM_USZ::KC1	7	1088	0.0207	4.68e-05	flat	0.0238
GO:GOBP_POSITIVE_REGULATION_OF_RESPONSE_TO_BIOTIC_STIMULUS	TLS_VISIUM_USZ::KC1	7	1088	0.0055	0.115	flat	0.0023
GO:GOBP_POSITIVE_REGULATION_OF_RESPONSE_TO_CYTOKINE_STIMULUS	TLS_VISIUM_USZ::KC1	7	1088	0.0169	0.000344	flat	0.0101
GO:GOBP_POSITIVE_REGULATION_OF_RESPONSE_TO_EXTERNAL_STIMULUS	TLS_VISIUM_USZ::KC1	7	1088	0.0311	1.71e-07	flat	0.0042
GO:GOBP_POSITIVE_REGULATION_OF_RNA_METABOLIC_PROCESS	TLS_VISIUM_USZ::KC1	7	1088	0.0085	0.0261	flat	0.0009
GO:GOBP_POSITIVE_REGULATION_OF_SIGNALING	TLS_VISIUM_USZ::KC1	7	1088	0.009	0.02	flat	0.0012
GO:GOBP_POSITIVE_REGULATION_OF_TELOMERE_MAINTENANCE	TLS_VISIUM_USZ::KC1	7	1088	0.0032	0.32	flat	0.0049
GO:GOBP_POSITIVE_REGULATION_OF_TELOMERE_MAINTENANCE_VIA_TELOMERE_LENGTHENING	TLS_VISIUM_USZ::KC1	7	1088	0.0001	0.984	flat	0.0013
GO:GOBP_POSITIVE_REGULATION_OF_TRANSCRIPTION_BY_RNA_POLYMERASE_II	TLS_VISIUM_USZ::KC1	7	1088	0.0162	0.000511	flat	0.0019
GO:GOBP_POSITIVE_REGULATION_OF_TRANSFERASE_ACTIVITY	TLS_VISIUM_USZ::KC1	7	1088	0.0112	0.00678	flat	0.0046
GO:GOBP_POSITIVE_REGULATION_OF_TRANSLATION	TLS_VISIUM_USZ::KC1	7	1088	0.0006	0.875	flat	0.0013
GO:GOBP_POSITIVE_REGULATION_OF_TRANSPORT	TLS_VISIUM_USZ::KC1	7	1088	0.0055	0.114	flat	0.0014
GO:GOBP_POSITIVE_REGULATION_OF_TUMOR_NECROSIS_FACTOR_SUPERFAMILY_CYTOKINE_PRODUCTION	TLS_VISIUM_USZ::KC1	7	1088	0.0233	1.17e-05	flat	0.0092
GO:GOBP_POSITIVE_REGULATION_OF_TYPE_I_INTERFERON_PRODUCTION	TLS_VISIUM_USZ::KC1	7	1088	0.0103	0.0108	flat	0.0087
GO:GOBP_POSITIVE_REGULATION_OF_T_CELL_MEDIATED_IMMUNITY	TLS_VISIUM_USZ::KC1	7	1088	0.0368	7.68e-09	flat	0.0126
GO:GOBP_POSITIVE_REGULATION_OF_VASCULATURE_DEVELOPMENT	TLS_VISIUM_USZ::KC1	7	1088	0.018	0.000199	flat	0.0063
GO:GOBP_POSITIVE_REGULATION_OF_WNT_SIGNALING_PATHWAY	TLS_VISIUM_USZ::KC1	7	1088	0.0038	0.243	flat	0.003
GO:GOBP_POST_TRANSCRIPTIONAL_REGULATION_OF_GENE_EXPRESSION	TLS_VISIUM_USZ::KC1	7	1088	0.0038	0.246	flat	0.0019
GO:GOBP_POST_TRANSLATIONAL_PROTEIN_MODIFICATION	TLS_VISIUM_USZ::KC1	7	1088	0.0046	0.175	flat	0.0013
GO:GOBP_PROCESS_UTILIZING_AUTOPHAGIC_MECHANISM	TLS_VISIUM_USZ::KC1	7	1088	0.0097	0.0146	flat	0.0027
GO:GOBP_PRODUCTION_OF_MOLECULAR_MEDIATOR_OF_IMMUNE_RESPONSE	TLS_VISIUM_USZ::KC1	7	1088	0.0208	4.46e-05	flat	0.0056
GO:GOBP_PROTEASOMAL_PROTEIN_CATABOLIC_PROCESS	TLS_VISIUM_USZ::KC1	7	1088	0.0011	0.757	flat	0.0009
GO:GOBP_PROTEASOME_MEDIATED_UBIQUITIN_DEPENDENT_PROTEIN_CATABOLIC_PROCESS	TLS_VISIUM_USZ::KC1	7	1088	0.0031	0.332	flat	0.0011
GO:GOBP_PROTEINOGENIC_AMINO_ACID_METABOLIC_PROCESS	TLS_VISIUM_USZ::KC1	7	1088	0.0039	0.241	flat	0.0021
GO:GOBP_PROTEIN_CATABOLIC_PROCESS	TLS_VISIUM_USZ::KC1	7	1088	0.003	0.353	flat	0.0013
GO:GOBP_PROTEIN_COMPLEX_OLIGOMERIZATION	TLS_VISIUM_USZ::KC1	7	1088	0.002	0.544	flat	0.001
GO:GOBP_PROTEIN_CONTAINING_COMPLEX_DISASSEMBLY	TLS_VISIUM_USZ::KC1	7	1088	0.0025	0.44	flat	0.0018
GO:GOBP_PROTEIN_CONTAINING_COMPLEX_LOCALIZATION	TLS_VISIUM_USZ::KC1	7	1088	0.0044	0.191	flat	0.0025
GO:GOBP_PROTEIN_CONTAINING_COMPLEX_ORGANIZATION	TLS_VISIUM_USZ::KC1	7	1088	0.0028	0.382	flat	0.0008
GO:GOBP_PROTEIN_DNA_COMPLEX_ORGANIZATION	TLS_VISIUM_USZ::KC1	7	1088	0.0038	0.247	flat	0.0016
GO:GOBP_PROTEIN_FOLDING	TLS_VISIUM_USZ::KC1	7	1088	0.024	8.02e-06	flat	0.0117
GO:GOBP_PROTEIN_LOCALIZATION_TO_CELL_PERIPHERY	TLS_VISIUM_USZ::KC1	7	1088	0.0112	0.00684	flat	0.0035
GO:GOBP_PROTEIN_LOCALIZATION_TO_CHROMOSOME	TLS_VISIUM_USZ::KC1	7	1088	0.0024	0.448	flat	0.0021
GO:GOBP_PROTEIN_LOCALIZATION_TO_EXTRACELLULAR_REGION	TLS_VISIUM_USZ::KC1	7	1088	0.0081	0.0311	flat	0.0024
GO:GOBP_PROTEIN_LOCALIZATION_TO_MITOCHONDRION	TLS_VISIUM_USZ::KC1	7	1088	0.0182	0.000172	flat	0.008
GO:GOBP_PROTEIN_LOCALIZATION_TO_NUCLEUS	TLS_VISIUM_USZ::KC1	7	1088	0.0092	0.0187	flat	0.0026
GO:GOBP_PROTEIN_LOCALIZATION_TO_ORGANELLE	TLS_VISIUM_USZ::KC1	7	1088	0.0069	0.0577	flat	0.0015
GO:GOBP_PROTEIN_LOCALIZATION_TO_PLASMA_MEMBRANE	TLS_VISIUM_USZ::KC1	7	1088	0.015	0.000955	flat	0.0055
GO:GOBP_PROTEIN_MATURATION	TLS_VISIUM_USZ::KC1	7	1088	0.0203	5.74e-05	flat	0.0058
GO:GOBP_PROTEIN_MODIFICATION_BY_SMALL_PROTEIN_CONJUGATION	TLS_VISIUM_USZ::KC1	7	1088	0.0043	0.195	flat	0.0012
GO:GOBP_PROTEIN_POLYMERIZATION	TLS_VISIUM_USZ::KC1	7	1088	0.0108	0.00823	flat	0.0033
GO:GOBP_PROTEIN_POLYUBIQUITINATION	TLS_VISIUM_USZ::KC1	7	1088	0.0003	0.959	flat	0.0006
GO:GOBP_PROTEIN_PROCESSING	TLS_VISIUM_USZ::KC1	7	1088	0.0053	0.121	flat	0.0037
GO:GOBP_PROTEIN_RNA_COMPLEX_ORGANIZATION	TLS_VISIUM_USZ::KC1	7	1088	0.0107	0.00878	flat	0.0082
GO:GOBP_PROTEIN_STABILIZATION	TLS_VISIUM_USZ::KC1	7	1088	0.0178	0.000216	flat	0.0081
GO:GOBP_PROTEIN_TARGETING	TLS_VISIUM_USZ::KC1	7	1088	0.0081	0.0322	flat	0.0045
GO:GOBP_PROTEIN_TARGETING_TO_MITOCHONDRION	TLS_VISIUM_USZ::KC1	7	1088	0.0092	0.0179	flat	0.0078
GO:GOBP_PROTEIN_TRANSPORT	TLS_VISIUM_USZ::KC1	7	1088	0.0084	0.0269	flat	0.0015
GO:GOBP_PROTEOLYSIS	TLS_VISIUM_USZ::KC1	7	1088	0.0047	0.165	flat	0.001
GO:GOBP_PROTEOLYSIS_INVOLVED_IN_PROTEIN_CATABOLIC_PROCESS	TLS_VISIUM_USZ::KC1	7	1088	0.0061	0.0828	flat	0.0023
GO:GOBP_PROTON_MOTIVE_FORCE_DRIVEN_ATP_SYNTHESIS	TLS_VISIUM_USZ::KC1	7	1088	0.0034	0.294	flat	0.0092
GO:GOBP_PROTON_TRANSMEMBRANE_TRANSPORT	TLS_VISIUM_USZ::KC1	7	1088	0.0084	0.028	flat	0.0052
GO:GOBP_PURINE_CONTAINING_COMPOUND_BIOSYNTHETIC_PROCESS	TLS_VISIUM_USZ::KC1	7	1088	0.0099	0.0128	flat	0.0047
GO:GOBP_PURINE_CONTAINING_COMPOUND_METABOLIC_PROCESS	TLS_VISIUM_USZ::KC1	7	1088	0.0209	4.3e-05	flat	0.0038
GO:GOBP_PURINE_NUCLEOTIDE_BIOSYNTHETIC_PROCESS	TLS_VISIUM_USZ::KC1	7	1088	0.0089	0.0212	flat	0.0063
GO:GOBP_PYRIDINE_CONTAINING_COMPOUND_METABOLIC_PROCESS	TLS_VISIUM_USZ::KC1	7	1088	0.009	0.02	flat	0.0042
GO:GOBP_REACTIVE_OXYGEN_SPECIES_METABOLIC_PROCESS	TLS_VISIUM_USZ::KC1	7	1088	0.0192	0.000102	flat	0.0065
GO:GOBP_RECEPTOR_MEDIATED_ENDOCYTOSIS	TLS_VISIUM_USZ::KC1	7	1088	0.0062	0.0804	flat	0.0033
GO:GOBP_RECOMBINATIONAL_REPAIR	TLS_VISIUM_USZ::KC1	7	1088	0.0038	0.244	flat	0.0023
GO:GOBP_REGENERATION	TLS_VISIUM_USZ::KC1	7	1088	0.0257	3.16e-06	flat	0.0064
GO:GOBP_REGULATION_OF_ACTIN_FILAMENT_BASED_PROCESS	TLS_VISIUM_USZ::KC1	7	1088	0.0647	1.23e-15	flat	0.0092
GO:GOBP_REGULATION_OF_ACTIN_FILAMENT_ORGANIZATION	TLS_VISIUM_USZ::KC1	7	1088	0.0367	7.98e-09	flat	0.0088
GO:GOBP_REGULATION_OF_ACTIN_FILAMENT_POLYMERIZATION	TLS_VISIUM_USZ::KC1	7	1088	0.0287	6.4e-07	flat	0.0097
GO:GOBP_REGULATION_OF_ADAPTIVE_IMMUNE_RESPONSE	TLS_VISIUM_USZ::KC1	7	1088	0.0315	1.41e-07	flat	0.0061
GO:GOBP_REGULATION_OF_ALPHA_BETA_T_CELL_ACTIVATION	TLS_VISIUM_USZ::KC1	7	1088	0.0077	0.0384	flat	0.0031
GO:GOBP_REGULATION_OF_ANATOMICAL_STRUCTURE_MORPHOGENESIS	TLS_VISIUM_USZ::KC1	7	1088	0.0198	7.61e-05	flat	0.0027
GO:GOBP_REGULATION_OF_ANATOMICAL_STRUCTURE_SIZE	TLS_VISIUM_USZ::KC1	7	1088	0.0082	0.0309	flat	0.0023
GO:GOBP_REGULATION_OF_APOPTOTIC_SIGNALING_PATHWAY	TLS_VISIUM_USZ::KC1	7	1088	0.0217	2.71e-05	flat	0.0058
GO:GOBP_REGULATION_OF_AUTOPHAGY	TLS_VISIUM_USZ::KC1	7	1088	0.003	0.347	flat	0.0024
GO:GOBP_REGULATION_OF_BLOOD_CIRCULATION	TLS_VISIUM_USZ::KC1	7	1088	0.0012	0.739	flat	0.0005
GO:GOBP_REGULATION_OF_BMP_SIGNALING_PATHWAY	TLS_VISIUM_USZ::KC1	7	1088	0.0006	0.881	flat	0.0014
GO:GOBP_REGULATION_OF_BODY_FLUID_LEVELS	TLS_VISIUM_USZ::KC1	7	1088	0.0009	0.812	flat	0.0007
GO:GOBP_REGULATION_OF_CANONICAL_WNT_SIGNALING_PATHWAY	TLS_VISIUM_USZ::KC1	7	1088	0.0034	0.297	flat	0.0021
GO:GOBP_REGULATION_OF_CARTILAGE_DEVELOPMENT	TLS_VISIUM_USZ::KC1	7	1088	0.0151	0.000909	flat	0.0079
GO:GOBP_REGULATION_OF_CATABOLIC_PROCESS	TLS_VISIUM_USZ::KC1	7	1088	0.0213	3.43e-05	flat	0.0038
GO:GOBP_REGULATION_OF_CATALYTIC_ACTIVITY	TLS_VISIUM_USZ::KC1	7	1088	0.0123	0.00386	flat	0.0025
GO:GOBP_REGULATION_OF_CD4_POSITIVE_ALPHA_BETA_T_CELL_ACTIVATION	TLS_VISIUM_USZ::KC1	7	1088	0.0257	3.25e-06	flat	0.0085
GO:GOBP_REGULATION_OF_CD4_POSITIVE_ALPHA_BETA_T_CELL_DIFFERENTIATION	TLS_VISIUM_USZ::KC1	7	1088	0.0212	3.67e-05	flat	0.0084
GO:GOBP_REGULATION_OF_CELLULAR_COMPONENT_BIOGENESIS	TLS_VISIUM_USZ::KC1	7	1088	0.0201	6.3e-05	flat	0.0023
GO:GOBP_REGULATION_OF_CELLULAR_COMPONENT_SIZE	TLS_VISIUM_USZ::KC1	7	1088	0.0163	0.000472	flat	0.0043
GO:GOBP_REGULATION_OF_CELLULAR_LOCALIZATION	TLS_VISIUM_USZ::KC1	7	1088	0.0075	0.0426	flat	0.0016
GO:GOBP_REGULATION_OF_CELLULAR_RESPONSE_TO_GROWTH_FACTOR_STIMULUS	TLS_VISIUM_USZ::KC1	7	1088	0.0021	0.521	flat	0.0016
GO:GOBP_REGULATION_OF_CELLULAR_RESPONSE_TO_STRESS	TLS_VISIUM_USZ::KC1	7	1088	0.0063	0.0769	flat	0.0026
GO:GOBP_REGULATION_OF_CELLULAR_RESPONSE_TO_TRANSFORMING_GROWTH_FACTOR_BETA_STIMULUS	TLS_VISIUM_USZ::KC1	7	1088	0.0069	0.057	flat	0.0041
GO:GOBP_REGULATION_OF_CELL_ACTIVATION	TLS_VISIUM_USZ::KC1	7	1088	0.0487	1.06e-11	flat	0.0055
GO:GOBP_REGULATION_OF_CELL_ADHESION	TLS_VISIUM_USZ::KC1	7	1088	0.0488	9.9e-12	flat	0.0053
GO:GOBP_REGULATION_OF_CELL_CELL_ADHESION	TLS_VISIUM_USZ::KC1	7	1088	0.0377	4.82e-09	flat	0.0051
GO:GOBP_REGULATION_OF_CELL_CYCLE	TLS_VISIUM_USZ::KC1	7	1088	0.0015	0.652	flat	0.0006
GO:GOBP_REGULATION_OF_CELL_CYCLE_G2_M_PHASE_TRANSITION	TLS_VISIUM_USZ::KC1	7	1088	0.0013	0.714	flat	0.0011
GO:GOBP_REGULATION_OF_CELL_CYCLE_PHASE_TRANSITION	TLS_VISIUM_USZ::KC1	7	1088	0.0034	0.297	flat	0.0011
GO:GOBP_REGULATION_OF_CELL_CYCLE_PROCESS	TLS_VISIUM_USZ::KC1	7	1088	0.0016	0.628	flat	0.0008
GO:GOBP_REGULATION_OF_CELL_DEVELOPMENT	TLS_VISIUM_USZ::KC1	7	1088	0.0092	0.0179	flat	0.0016
GO:GOBP_REGULATION_OF_CELL_DIFFERENTIATION	TLS_VISIUM_USZ::KC1	7	1088	0.0061	0.0833	flat	0.0009
GO:GOBP_REGULATION_OF_CELL_JUNCTION_ASSEMBLY	TLS_VISIUM_USZ::KC1	7	1088	0.0038	0.248	flat	0.0018
GO:GOBP_REGULATION_OF_CELL_KILLING	TLS_VISIUM_USZ::KC1	7	1088	0.009	0.0198	flat	0.004
GO:GOBP_REGULATION_OF_CELL_MATRIX_ADHESION	TLS_VISIUM_USZ::KC1	7	1088	0.0028	0.392	flat	0.0024
GO:GOBP_REGULATION_OF_CELL_MORPHOGENESIS	TLS_VISIUM_USZ::KC1	7	1088	0.0051	0.134	flat	0.0024
GO:GOBP_REGULATION_OF_CELL_POPULATION_PROLIFERATION	TLS_VISIUM_USZ::KC1	7	1088	0.0584	4.33e-14	flat	0.0037
GO:GOBP_REGULATION_OF_CELL_PROJECTION_ORGANIZATION	TLS_VISIUM_USZ::KC1	7	1088	0.0048	0.158	flat	0.0014
GO:GOBP_REGULATION_OF_CELL_SHAPE	TLS_VISIUM_USZ::KC1	7	1088	0.0196	8.61e-05	flat	0.0062
GO:GOBP_REGULATION_OF_CELL_SUBSTRATE_ADHESION	TLS_VISIUM_USZ::KC1	7	1088	0.0181	0.000186	flat	0.0048
GO:GOBP_REGULATION_OF_CELL_SUBSTRATE_JUNCTION_ORGANIZATION	TLS_VISIUM_USZ::KC1	7	1088	0.0332	5.53e-08	flat	0.0169
GO:GOBP_REGULATION_OF_CHEMOTAXIS	TLS_VISIUM_USZ::KC1	7	1088	0.0085	0.0256	flat	0.0028
GO:GOBP_REGULATION_OF_CHROMOSOME_ORGANIZATION	TLS_VISIUM_USZ::KC1	7	1088	0.0009	0.798	flat	0.0013
GO:GOBP_REGULATION_OF_CHROMOSOME_SEGREGATION	TLS_VISIUM_USZ::KC1	7	1088	0.0052	0.128	flat	0.0026
GO:GOBP_REGULATION_OF_COAGULATION	TLS_VISIUM_USZ::KC1	7	1088	0.0008	0.832	flat	0.0016
GO:GOBP_REGULATION_OF_CYTOSKELETON_ORGANIZATION	TLS_VISIUM_USZ::KC1	7	1088	0.0066	0.0677	flat	0.0015
GO:GOBP_REGULATION_OF_DEFENSE_RESPONSE	TLS_VISIUM_USZ::KC1	7	1088	0.0124	0.0037	flat	0.0023
GO:GOBP_REGULATION_OF_DEFENSE_RESPONSE_TO_VIRUS	TLS_VISIUM_USZ::KC1	7	1088	0.004	0.226	flat	0.0037
GO:GOBP_REGULATION_OF_DNA_METABOLIC_PROCESS	TLS_VISIUM_USZ::KC1	7	1088	0.0121	0.00415	flat	0.0022
GO:GOBP_REGULATION_OF_DNA_REPAIR	TLS_VISIUM_USZ::KC1	7	1088	0.0046	0.171	flat	0.002
GO:GOBP_REGULATION_OF_DNA_REPLICATION	TLS_VISIUM_USZ::KC1	7	1088	0.0014	0.681	flat	0.0015
GO:GOBP_REGULATION_OF_DOUBLE_STRAND_BREAK_REPAIR	TLS_VISIUM_USZ::KC1	7	1088	0.0016	0.627	flat	0.0013
GO:GOBP_REGULATION_OF_ENDOCYTOSIS	TLS_VISIUM_USZ::KC1	7	1088	0.0078	0.0372	flat	0.0036
GO:GOBP_REGULATION_OF_EPITHELIAL_CELL_DIFFERENTIATION	TLS_VISIUM_USZ::KC1	7	1088	0.0043	0.202	flat	0.0025
GO:GOBP_REGULATION_OF_EPITHELIAL_CELL_PROLIFERATION	TLS_VISIUM_USZ::KC1	7	1088	0.0247	5.47e-06	flat	0.0038
GO:GOBP_REGULATION_OF_EPITHELIAL_TO_MESENCHYMAL_TRANSITION	TLS_VISIUM_USZ::KC1	7	1088	0.0014	0.68	flat	0.0021
GO:GOBP_REGULATION_OF_ESTABLISHMENT_OF_PROTEIN_LOCALIZATION	TLS_VISIUM_USZ::KC1	7	1088	0.0007	0.871	flat	0.0006
GO:GOBP_REGULATION_OF_GENERATION_OF_PRECURSOR_METABOLITES_AND_ENERGY	TLS_VISIUM_USZ::KC1	7	1088	0.0019	0.568	flat	0.0024
GO:GOBP_REGULATION_OF_GROWTH	TLS_VISIUM_USZ::KC1	7	1088	0.0044	0.186	flat	0.001
GO:GOBP_REGULATION_OF_HEART_CONTRACTION	TLS_VISIUM_USZ::KC1	7	1088	0.0033	0.306	flat	0.0013
GO:GOBP_REGULATION_OF_HEMOPOIESIS	TLS_VISIUM_USZ::KC1	7	1088	0.0351	2e-08	flat	0.0062
GO:GOBP_REGULATION_OF_HORMONE_LEVELS	TLS_VISIUM_USZ::KC1	7	1088	0.0087	0.0236	flat	0.0017
GO:GOBP_REGULATION_OF_HYDROLASE_ACTIVITY	TLS_VISIUM_USZ::KC1	7	1088	0.009	0.0201	flat	0.0039
GO:GOBP_REGULATION_OF_IMMUNE_EFFECTOR_PROCESS	TLS_VISIUM_USZ::KC1	7	1088	0.0363	9.98e-09	flat	0.0042
GO:GOBP_REGULATION_OF_IMMUNE_RESPONSE	TLS_VISIUM_USZ::KC1	7	1088	0.0499	5.27e-12	flat	0.0042
GO:GOBP_REGULATION_OF_IMMUNE_SYSTEM_PROCESS	TLS_VISIUM_USZ::KC1	7	1088	0.0784	4.48e-19	flat	0.005
GO:GOBP_REGULATION_OF_INFLAMMATORY_RESPONSE	TLS_VISIUM_USZ::KC1	7	1088	0.0019	0.569	flat	0.0011
GO:GOBP_REGULATION_OF_INNATE_IMMUNE_RESPONSE	TLS_VISIUM_USZ::KC1	7	1088	0.0187	0.000133	flat	0.0041
GO:GOBP_REGULATION_OF_LEUKOCYTE_CHEMOTAXIS	TLS_VISIUM_USZ::KC1	7	1088	0.002	0.545	flat	0.0013
GO:GOBP_REGULATION_OF_LEUKOCYTE_DIFFERENTIATION	TLS_VISIUM_USZ::KC1	7	1088	0.0283	8.18e-07	flat	0.0061
GO:GOBP_REGULATION_OF_LEUKOCYTE_MEDIATED_IMMUNITY	TLS_VISIUM_USZ::KC1	7	1088	0.0099	0.0128	flat	0.0035
GO:GOBP_REGULATION_OF_LEUKOCYTE_MIGRATION	TLS_VISIUM_USZ::KC1	7	1088	0.0177	0.000227	flat	0.0044
GO:GOBP_REGULATION_OF_LEUKOCYTE_PROLIFERATION	TLS_VISIUM_USZ::KC1	7	1088	0.0364	9.52e-09	flat	0.0068
GO:GOBP_REGULATION_OF_LIPID_METABOLIC_PROCESS	TLS_VISIUM_USZ::KC1	7	1088	0.0033	0.312	flat	0.0015
GO:GOBP_REGULATION_OF_LOCOMOTION	TLS_VISIUM_USZ::KC1	7	1088	0.0689	1.08e-16	flat	0.0052
GO:GOBP_REGULATION_OF_LYMPHOCYTE_ACTIVATION	TLS_VISIUM_USZ::KC1	7	1088	0.0265	2.16e-06	flat	0.0039
GO:GOBP_REGULATION_OF_LYMPHOCYTE_DIFFERENTIATION	TLS_VISIUM_USZ::KC1	7	1088	0.0062	0.0802	flat	0.0028
GO:GOBP_REGULATION_OF_LYMPHOCYTE_MEDIATED_IMMUNITY	TLS_VISIUM_USZ::KC1	7	1088	0.0251	4.5e-06	flat	0.0067
GO:GOBP_REGULATION_OF_MICROTUBULE_BASED_PROCESS	TLS_VISIUM_USZ::KC1	7	1088	0.0097	0.0145	flat	0.0027
GO:GOBP_REGULATION_OF_MITOTIC_CELL_CYCLE	TLS_VISIUM_USZ::KC1	7	1088	0.0042	0.204	flat	0.0014
GO:GOBP_REGULATION_OF_MITOTIC_CELL_CYCLE_PHASE_TRANSITION	TLS_VISIUM_USZ::KC1	7	1088	0.0036	0.275	flat	0.0017
GO:GOBP_REGULATION_OF_MOLECULAR_FUNCTION	TLS_VISIUM_USZ::KC1	7	1088	0.0099	0.0126	flat	0.0017
GO:GOBP_REGULATION_OF_MONOATOMIC_ION_TRANSPORT	TLS_VISIUM_USZ::KC1	7	1088	0.0045	0.181	flat	0.001
GO:GOBP_REGULATION_OF_MONONUCLEAR_CELL_MIGRATION	TLS_VISIUM_USZ::KC1	7	1088	0.0109	0.00783	flat	0.0041
GO:GOBP_REGULATION_OF_MRNA_METABOLIC_PROCESS	TLS_VISIUM_USZ::KC1	7	1088	0.0021	0.525	flat	0.0015
GO:GOBP_REGULATION_OF_MULTICELLULAR_ORGANISMAL_DEVELOPMENT	TLS_VISIUM_USZ::KC1	7	1088	0.0533	7.83e-13	flat	0.0036
GO:GOBP_REGULATION_OF_MYELOID_CELL_DIFFERENTIATION	TLS_VISIUM_USZ::KC1	7	1088	0.0067	0.0639	flat	0.0033
GO:GOBP_REGULATION_OF_MYELOID_LEUKOCYTE_DIFFERENTIATION	TLS_VISIUM_USZ::KC1	7	1088	0.0167	0.000387	flat	0.0053
GO:GOBP_REGULATION_OF_NERVOUS_SYSTEM_DEVELOPMENT	TLS_VISIUM_USZ::KC1	7	1088	0.001	0.77	flat	0.0007
GO:GOBP_REGULATION_OF_NEUROGENESIS	TLS_VISIUM_USZ::KC1	7	1088	0.0061	0.0839	flat	0.0013
GO:GOBP_REGULATION_OF_NEURON_PROJECTION_DEVELOPMENT	TLS_VISIUM_USZ::KC1	7	1088	0.0146	0.00118	flat	0.0029
GO:GOBP_REGULATION_OF_NUCLEAR_DIVISION	TLS_VISIUM_USZ::KC1	7	1088	0.008	0.0341	flat	0.0036
GO:GOBP_REGULATION_OF_ORGANELLE_ORGANIZATION	TLS_VISIUM_USZ::KC1	7	1088	0.0039	0.238	flat	0.0009
GO:GOBP_REGULATION_OF_PHOSPHORUS_METABOLIC_PROCESS	TLS_VISIUM_USZ::KC1	7	1088	0.0182	0.000179	flat	0.0039
GO:GOBP_REGULATION_OF_PHOSPHORYLATION	TLS_VISIUM_USZ::KC1	7	1088	0.0206	4.84e-05	flat	0.0049
GO:GOBP_REGULATION_OF_POST_TRANSLATIONAL_PROTEIN_MODIFICATION	TLS_VISIUM_USZ::KC1	7	1088	0.0064	0.0716	flat	0.0044
GO:GOBP_REGULATION_OF_PROGRAMMED_CELL_DEATH	TLS_VISIUM_USZ::KC1	7	1088	0.0267	1.88e-06	flat	0.003
GO:GOBP_REGULATION_OF_PROTEIN_CATABOLIC_PROCESS	TLS_VISIUM_USZ::KC1	7	1088	0.0109	0.00763	flat	0.0042
GO:GOBP_REGULATION_OF_PROTEIN_CONTAINING_COMPLEX_ASSEMBLY	TLS_VISIUM_USZ::KC1	7	1088	0.003	0.36	flat	0.0017
GO:GOBP_REGULATION_OF_PROTEIN_LOCALIZATION_TO_CELL_PERIPHERY	TLS_VISIUM_USZ::KC1	7	1088	0.0038	0.247	flat	0.0038
GO:GOBP_REGULATION_OF_PROTEIN_LOCALIZATION_TO_MEMBRANE	TLS_VISIUM_USZ::KC1	7	1088	0.0161	0.000524	flat	0.0061
GO:GOBP_REGULATION_OF_PROTEIN_LOCALIZATION_TO_NUCLEUS	TLS_VISIUM_USZ::KC1	7	1088	0.0092	0.0186	flat	0.0057
GO:GOBP_REGULATION_OF_PROTEIN_METABOLIC_PROCESS	TLS_VISIUM_USZ::KC1	7	1088	0.0239	8.64e-06	flat	0.0032
GO:GOBP_REGULATION_OF_PROTEIN_MODIFICATION_PROCESS	TLS_VISIUM_USZ::KC1	7	1088	0.0158	0.000616	flat	0.0037
GO:GOBP_REGULATION_OF_PROTEIN_STABILITY	TLS_VISIUM_USZ::KC1	7	1088	0.0348	2.27e-08	flat	0.0082
GO:GOBP_REGULATION_OF_PROTEIN_TRANSPORT	TLS_VISIUM_USZ::KC1	7	1088	0.0062	0.0797	flat	0.0024
GO:GOBP_REGULATION_OF_PROTEIN_UBIQUITINATION	TLS_VISIUM_USZ::KC1	7	1088	0.0099	0.0131	flat	0.0056
GO:GOBP_REGULATION_OF_PROTEOLYSIS	TLS_VISIUM_USZ::KC1	7	1088	0.0071	0.0529	flat	0.0031
GO:GOBP_REGULATION_OF_PROTEOLYSIS_INVOLVED_IN_PROTEIN_CATABOLIC_PROCESS	TLS_VISIUM_USZ::KC1	7	1088	0.0071	0.0516	flat	0.0042
GO:GOBP_REGULATION_OF_RESPIRATORY_BURST	TLS_VISIUM_USZ::KC1	7	1088	0.015	0.000925	flat	0.0145
GO:GOBP_REGULATION_OF_RESPONSE_TO_BIOTIC_STIMULUS	TLS_VISIUM_USZ::KC1	7	1088	0.031	1.84e-07	flat	0.0044
GO:GOBP_REGULATION_OF_RESPONSE_TO_CYTOKINE_STIMULUS	TLS_VISIUM_USZ::KC1	7	1088	0.0134	0.00213	flat	0.0054
GO:GOBP_REGULATION_OF_RESPONSE_TO_EXTERNAL_STIMULUS	TLS_VISIUM_USZ::KC1	7	1088	0.0092	0.0179	flat	0.0015
GO:GOBP_REGULATION_OF_RESPONSE_TO_STRESS	TLS_VISIUM_USZ::KC1	7	1088	0.0151	0.000881	flat	0.0021
GO:GOBP_REGULATION_OF_RESPONSE_TO_WOUNDING	TLS_VISIUM_USZ::KC1	7	1088	0.0031	0.336	flat	0.0028
GO:GOBP_REGULATION_OF_RNA_SPLICING	TLS_VISIUM_USZ::KC1	7	1088	0.0024	0.456	flat	0.0027
GO:GOBP_REGULATION_OF_SECRETION	TLS_VISIUM_USZ::KC1	7	1088	0.0026	0.416	flat	0.0007
GO:GOBP_REGULATION_OF_SISTER_CHROMATID_SEGREGATION	TLS_VISIUM_USZ::KC1	7	1088	0.0021	0.515	flat	0.0017
GO:GOBP_REGULATION_OF_SMALL_GTPASE_MEDIATED_SIGNAL_TRANSDUCTION	TLS_VISIUM_USZ::KC1	7	1088	0.0026	0.411	flat	0.0014
GO:GOBP_REGULATION_OF_SMALL_MOLECULE_METABOLIC_PROCESS	TLS_VISIUM_USZ::KC1	7	1088	0.0012	0.721	flat	0.001
GO:GOBP_REGULATION_OF_SUPRAMOLECULAR_FIBER_ORGANIZATION	TLS_VISIUM_USZ::KC1	7	1088	0.0281	9.1e-07	flat	0.0059
GO:GOBP_REGULATION_OF_SYNAPTIC_PLASTICITY	TLS_VISIUM_USZ::KC1	7	1088	0.0215	3.03e-05	flat	0.0029
GO:GOBP_REGULATION_OF_SYSTEM_PROCESS	TLS_VISIUM_USZ::KC1	7	1088	0.0066	0.0659	flat	0.0018
GO:GOBP_REGULATION_OF_TELOMERE_MAINTENANCE	TLS_VISIUM_USZ::KC1	7	1088	0.0046	0.174	flat	0.0055
GO:GOBP_REGULATION_OF_TELOMERE_MAINTENANCE_VIA_TELOMERASE	TLS_VISIUM_USZ::KC1	7	1088	0.0009	0.796	flat	0.0045
GO:GOBP_REGULATION_OF_TELOMERE_MAINTENANCE_VIA_TELOMERE_LENGTHENING	TLS_VISIUM_USZ::KC1	7	1088	0.0034	0.296	flat	0.0079
GO:GOBP_REGULATION_OF_TRANSFERASE_ACTIVITY	TLS_VISIUM_USZ::KC1	7	1088	0.0105	0.00978	flat	0.004
GO:GOBP_REGULATION_OF_TRANSLATION	TLS_VISIUM_USZ::KC1	7	1088	0.0082	0.0297	flat	0.0037
GO:GOBP_REGULATION_OF_TRANSLATIONAL_INITIATION	TLS_VISIUM_USZ::KC1	7	1088	0.0036	0.273	flat	0.0057
GO:GOBP_REGULATION_OF_TRANSMEMBRANE_RECEPTOR_PROTEIN_SERINE_THREONINE_KINASE_SIGNALING_PATHWAY	TLS_VISIUM_USZ::KC1	7	1088	0.0132	0.00235	flat	0.0043
GO:GOBP_REGULATION_OF_TRANSMEMBRANE_TRANSPORT	TLS_VISIUM_USZ::KC1	7	1088	0.0019	0.555	flat	0.0009
GO:GOBP_REGULATION_OF_TRANSPORT	TLS_VISIUM_USZ::KC1	7	1088	0.0032	0.33	flat	0.0007
GO:GOBP_REGULATION_OF_TRANS_SYNAPTIC_SIGNALING	TLS_VISIUM_USZ::KC1	7	1088	0.0058	0.0976	flat	0.0015
GO:GOBP_REGULATION_OF_TYPE_I_INTERFERON_MEDIATED_SIGNALING_PATHWAY	TLS_VISIUM_USZ::KC1	7	1088	0.0019	0.567	flat	0.0032
GO:GOBP_REGULATION_OF_T_CELL_ACTIVATION	TLS_VISIUM_USZ::KC1	7	1088	0.0539	5.74e-13	flat	0.0085
GO:GOBP_REGULATION_OF_T_CELL_MEDIATED_CYTOTOXICITY	TLS_VISIUM_USZ::KC1	7	1088	0.0267	1.88e-06	flat	0.0113
GO:GOBP_REGULATION_OF_T_CELL_MEDIATED_IMMUNITY	TLS_VISIUM_USZ::KC1	7	1088	0.0239	8.35e-06	flat	0.0068
GO:GOBP_REGULATION_OF_UBIQUITIN_DEPENDENT_PROTEIN_CATABOLIC_PROCESS	TLS_VISIUM_USZ::KC1	7	1088	0.0007	0.869	flat	0.0014
GO:GOBP_REGULATION_OF_VASCULATURE_DEVELOPMENT	TLS_VISIUM_USZ::KC1	7	1088	0.0513	2.37e-12	flat	0.0084
GO:GOBP_REGULATION_OF_VESICLE_MEDIATED_TRANSPORT	TLS_VISIUM_USZ::KC1	7	1088	0.0041	0.216	flat	0.0014
GO:GOBP_REGULATION_OF_VIRAL_GENOME_REPLICATION	TLS_VISIUM_USZ::KC1	7	1088	0.0288	5.93e-07	flat	0.0129
GO:GOBP_REGULATION_OF_VIRAL_LIFE_CYCLE	TLS_VISIUM_USZ::KC1	7	1088	0.0227	1.59e-05	flat	0.0099
GO:GOBP_REGULATION_OF_VIRAL_PROCESS	TLS_VISIUM_USZ::KC1	7	1088	0.0139	0.00166	flat	0.0065
GO:GOBP_REGULATION_OF_WNT_SIGNALING_PATHWAY	TLS_VISIUM_USZ::KC1	7	1088	0.0067	0.063	flat	0.0019
GO:GOBP_REGULATORY_T_CELL_DIFFERENTIATION	TLS_VISIUM_USZ::KC1	7	1088	0.0041	0.217	flat	0.0038
GO:GOBP_RENAL_SYSTEM_DEVELOPMENT	TLS_VISIUM_USZ::KC1	7	1088	0.019	0.000118	flat	0.0032
GO:GOBP_RENAL_SYSTEM_PROCESS	TLS_VISIUM_USZ::KC1	7	1088	0.0082	0.0304	flat	0.0037
GO:GOBP_REPRODUCTIVE_PROCESS	TLS_VISIUM_USZ::KC1	7	1088	0.0142	0.00146	flat	0.0013
GO:GOBP_REPRODUCTIVE_SYSTEM_DEVELOPMENT	TLS_VISIUM_USZ::KC1	7	1088	0.0024	0.449	flat	0.001
GO:GOBP_RESPIRATORY_SYSTEM_DEVELOPMENT	TLS_VISIUM_USZ::KC1	7	1088	0.0001	0.99	flat	0.0003
GO:GOBP_RESPONSE_TO_ABIOTIC_STIMULUS	TLS_VISIUM_USZ::KC1	7	1088	0.019	0.000116	flat	0.0024
GO:GOBP_RESPONSE_TO_BACTERIUM	TLS_VISIUM_USZ::KC1	7	1088	0.0321	1.02e-07	flat	0.003
GO:GOBP_RESPONSE_TO_BMP	TLS_VISIUM_USZ::KC1	7	1088	0.0047	0.167	flat	0.0028
GO:GOBP_RESPONSE_TO_CADMIUM_ION	TLS_VISIUM_USZ::KC1	7	1088	0.0026	0.421	flat	0.0047
GO:GOBP_RESPONSE_TO_ENDOGENOUS_STIMULUS	TLS_VISIUM_USZ::KC1	7	1088	0.0279	1e-06	flat	0.0026
GO:GOBP_RESPONSE_TO_GROWTH_FACTOR	TLS_VISIUM_USZ::KC1	7	1088	0.0181	0.000186	flat	0.0029
GO:GOBP_RESPONSE_TO_HORMONE	TLS_VISIUM_USZ::KC1	7	1088	0.0072	0.0491	flat	0.0017
GO:GOBP_RESPONSE_TO_KETONE	TLS_VISIUM_USZ::KC1	7	1088	0.0117	0.0052	flat	0.0038
GO:GOBP_RESPONSE_TO_LIPID	TLS_VISIUM_USZ::KC1	7	1088	0.0139	0.00168	flat	0.002
GO:GOBP_RESPONSE_TO_MECHANICAL_STIMULUS	TLS_VISIUM_USZ::KC1	7	1088	0.0105	0.00973	flat	0.0028
GO:GOBP_RESPONSE_TO_MOLECULE_OF_BACTERIAL_ORIGIN	TLS_VISIUM_USZ::KC1	7	1088	0.0016	0.622	flat	0.0008
GO:GOBP_RESPONSE_TO_NITROGEN_COMPOUND	TLS_VISIUM_USZ::KC1	7	1088	0.0036	0.271	flat	0.001
GO:GOBP_RESPONSE_TO_NUTRIENT_LEVELS	TLS_VISIUM_USZ::KC1	7	1088	0.0028	0.387	flat	0.0013
GO:GOBP_RESPONSE_TO_OXIDATIVE_STRESS	TLS_VISIUM_USZ::KC1	7	1088	0.0095	0.016	flat	0.0027
GO:GOBP_RESPONSE_TO_OXYGEN_CONTAINING_COMPOUND	TLS_VISIUM_USZ::KC1	7	1088	0.0038	0.249	flat	0.0009
GO:GOBP_RESPONSE_TO_OXYGEN_LEVELS	TLS_VISIUM_USZ::KC1	7	1088	0.019	0.000115	flat	0.0042
GO:GOBP_RESPONSE_TO_PEPTIDE	TLS_VISIUM_USZ::KC1	7	1088	0.0315	1.42e-07	flat	0.0029
GO:GOBP_RESPONSE_TO_PEPTIDE_HORMONE	TLS_VISIUM_USZ::KC1	7	1088	0.0087	0.0234	flat	0.0029
GO:GOBP_RESPONSE_TO_RADIATION	TLS_VISIUM_USZ::KC1	7	1088	0.0036	0.275	flat	0.0016
GO:GOBP_RESPONSE_TO_STARVATION	TLS_VISIUM_USZ::KC1	7	1088	0.0025	0.442	flat	0.002
GO:GOBP_RESPONSE_TO_STEROID_HORMONE	TLS_VISIUM_USZ::KC1	7	1088	0.0147	0.00108	flat	0.0044
GO:GOBP_RESPONSE_TO_TEMPERATURE_STIMULUS	TLS_VISIUM_USZ::KC1	7	1088	0.0046	0.172	flat	0.0025
GO:GOBP_RESPONSE_TO_TOXIC_SUBSTANCE	TLS_VISIUM_USZ::KC1	7	1088	0.0052	0.13	flat	0.0023
GO:GOBP_RESPONSE_TO_TRANSFORMING_GROWTH_FACTOR_BETA	TLS_VISIUM_USZ::KC1	7	1088	0.0295	4.18e-07	flat	0.0062
GO:GOBP_RESPONSE_TO_TYPE_II_INTERFERON	TLS_VISIUM_USZ::KC1	7	1088	0.0556	2.2e-13	flat	0.0129
GO:GOBP_RESPONSE_TO_TYPE_I_INTERFERON	TLS_VISIUM_USZ::KC1	7	1088	0.0051	0.134	flat	0.0044
GO:GOBP_RESPONSE_TO_VIRUS	TLS_VISIUM_USZ::KC1	7	1088	0.0152	0.000843	flat	0.0036
GO:GOBP_RESPONSE_TO_WOUNDING	TLS_VISIUM_USZ::KC1	7	1088	0.0178	0.000223	flat	0.0026
GO:GOBP_RESPONSE_TO_XENOBIOTIC_STIMULUS	TLS_VISIUM_USZ::KC1	7	1088	0.0156	0.000684	flat	0.0033
GO:GOBP_RHYTHMIC_PROCESS	TLS_VISIUM_USZ::KC1	7	1088	0.0037	0.255	flat	0.0015
GO:GOBP_RIBONUCLEOPROTEIN_COMPLEX_BIOGENESIS	TLS_VISIUM_USZ::KC1	7	1088	0.0095	0.0156	flat	0.0034
GO:GOBP_RIBOSE_PHOSPHATE_BIOSYNTHETIC_PROCESS	TLS_VISIUM_USZ::KC1	7	1088	0.0086	0.0254	flat	0.006
GO:GOBP_RIBOSE_PHOSPHATE_METABOLIC_PROCESS	TLS_VISIUM_USZ::KC1	7	1088	0.0131	0.00253	flat	0.0049
GO:GOBP_RIBOSOMAL_LARGE_SUBUNIT_BIOGENESIS	TLS_VISIUM_USZ::KC1	7	1088	0.003	0.359	flat	0.004
GO:GOBP_RIBOSOME_BIOGENESIS	TLS_VISIUM_USZ::KC1	7	1088	0.001	0.769	flat	0.0015
GO:GOBP_RNA_EXPORT_FROM_NUCLEUS	TLS_VISIUM_USZ::KC1	7	1088	0.0043	0.202	flat	0.0041
GO:GOBP_RNA_LOCALIZATION	TLS_VISIUM_USZ::KC1	7	1088	0.0105	0.0093	flat	0.0047
GO:GOBP_RNA_MODIFICATION	TLS_VISIUM_USZ::KC1	7	1088	0.0032	0.329	flat	0.0031
GO:GOBP_RNA_PROCESSING	TLS_VISIUM_USZ::KC1	7	1088	0.0031	0.339	flat	0.001
GO:GOBP_RNA_SPLICING	TLS_VISIUM_USZ::KC1	7	1088	0.0059	0.0934	flat	0.0028
GO:GOBP_RNA_SPLICING_VIA_TRANSESTERIFICATION_REACTIONS	TLS_VISIUM_USZ::KC1	7	1088	0.0013	0.715	flat	0.0012
GO:GOBP_RNA_TEMPLATED_DNA_BIOSYNTHETIC_PROCESS	TLS_VISIUM_USZ::KC1	7	1088	0.0034	0.29	flat	0.0068
GO:GOBP_RRNA_METABOLIC_PROCESS	TLS_VISIUM_USZ::KC1	7	1088	0.0085	0.0257	flat	0.0033
GO:GOBP_RRNA_PROCESSING	TLS_VISIUM_USZ::KC1	7	1088	0.0093	0.0179	flat	0.0032
GO:GOBP_SECONDARY_ALCOHOL_METABOLIC_PROCESS	TLS_VISIUM_USZ::KC1	7	1088	0.0022	0.489	flat	0.0016
GO:GOBP_SECRETION	TLS_VISIUM_USZ::KC1	7	1088	0.0071	0.0519	flat	0.0011
GO:GOBP_SEMI_LUNAR_VALVE_DEVELOPMENT	TLS_VISIUM_USZ::KC1	7	1088	0.0175	0.000252	flat	0.0056
GO:GOBP_SENSORY_ORGAN_DEVELOPMENT	TLS_VISIUM_USZ::KC1	7	1088	0.0143	0.00134	flat	0.002
GO:GOBP_SENSORY_ORGAN_MORPHOGENESIS	TLS_VISIUM_USZ::KC1	7	1088	0.0004	0.93	flat	0.0005
GO:GOBP_SENSORY_PERCEPTION	TLS_VISIUM_USZ::KC1	7	1088	0.0344	2.95e-08	flat	0.0025
GO:GOBP_SENSORY_SYSTEM_DEVELOPMENT	TLS_VISIUM_USZ::KC1	7	1088	0.0037	0.264	flat	0.0011
GO:GOBP_SEQUESTERING_OF_CALCIUM_ION	TLS_VISIUM_USZ::KC1	7	1088	0.0037	0.262	flat	0.0024
GO:GOBP_SEXUAL_REPRODUCTION	TLS_VISIUM_USZ::KC1	7	1088	0.0361	1.11e-08	flat	0.0026
GO:GOBP_SIGNAL_RELEASE	TLS_VISIUM_USZ::KC1	7	1088	0.0108	0.00805	flat	0.0018
GO:GOBP_SIGNAL_TRANSDUCTION_BY_P53_CLASS_MEDIATOR	TLS_VISIUM_USZ::KC1	7	1088	0.0035	0.282	flat	0.0033
GO:GOBP_SIGNAL_TRANSDUCTION_IN_RESPONSE_TO_DNA_DAMAGE	TLS_VISIUM_USZ::KC1	7	1088	0.0008	0.84	flat	0.0011
GO:GOBP_SISTER_CHROMATID_SEGREGATION	TLS_VISIUM_USZ::KC1	7	1088	0.0025	0.443	flat	0.0012
GO:GOBP_SKELETAL_MUSCLE_CELL_DIFFERENTIATION	TLS_VISIUM_USZ::KC1	7	1088	0.0055	0.111	flat	0.004
GO:GOBP_SKELETAL_SYSTEM_DEVELOPMENT	TLS_VISIUM_USZ::KC1	7	1088	0.0077	0.0397	flat	0.0016
GO:GOBP_SKIN_DEVELOPMENT	TLS_VISIUM_USZ::KC1	7	1088	0.0285	7.01e-07	flat	0.0035
GO:GOBP_SMALL_GTPASE_MEDIATED_SIGNAL_TRANSDUCTION	TLS_VISIUM_USZ::KC1	7	1088	0.0016	0.64	flat	0.0009
GO:GOBP_SMALL_MOLECULE_BIOSYNTHETIC_PROCESS	TLS_VISIUM_USZ::KC1	7	1088	0.0042	0.204	flat	0.0013
GO:GOBP_SMALL_MOLECULE_CATABOLIC_PROCESS	TLS_VISIUM_USZ::KC1	7	1088	0.0058	0.0981	flat	0.0015
GO:GOBP_SMALL_MOLECULE_METABOLIC_PROCESS	TLS_VISIUM_USZ::KC1	7	1088	0.0079	0.0351	flat	0.0012
GO:GOBP_SMOOTH_MUSCLE_CELL_PROLIFERATION	TLS_VISIUM_USZ::KC1	7	1088	0.0212	3.69e-05	flat	0.0049
GO:GOBP_SPINDLE_ASSEMBLY	TLS_VISIUM_USZ::KC1	7	1088	0.0128	0.003	flat	0.0031
GO:GOBP_SPINDLE_ORGANIZATION	TLS_VISIUM_USZ::KC1	7	1088	0.0019	0.56	flat	0.0015
GO:GOBP_SPROUTING_ANGIOGENESIS	TLS_VISIUM_USZ::KC1	7	1088	0.0195	8.75e-05	flat	0.0061
GO:GOBP_STEM_CELL_DIFFERENTIATION	TLS_VISIUM_USZ::KC1	7	1088	0.0035	0.289	flat	0.0014
GO:GOBP_STEM_CELL_PROLIFERATION	TLS_VISIUM_USZ::KC1	7	1088	0.0075	0.0428	flat	0.0039
GO:GOBP_STEROID_BIOSYNTHETIC_PROCESS	TLS_VISIUM_USZ::KC1	7	1088	0.0034	0.298	flat	0.0018
GO:GOBP_STEROID_METABOLIC_PROCESS	TLS_VISIUM_USZ::KC1	7	1088	0.0067	0.0635	flat	0.0017
GO:GOBP_STEROL_BIOSYNTHETIC_PROCESS	TLS_VISIUM_USZ::KC1	7	1088	0.007	0.0557	flat	0.0038
GO:GOBP_SULFUR_COMPOUND_METABOLIC_PROCESS	TLS_VISIUM_USZ::KC1	7	1088	0.005	0.142	flat	0.0015
GO:GOBP_SUPRAMOLECULAR_FIBER_ORGANIZATION	TLS_VISIUM_USZ::KC1	7	1088	0.0274	1.31e-06	flat	0.0031
GO:GOBP_SYNAPSE_ASSEMBLY	TLS_VISIUM_USZ::KC1	7	1088	0.0007	0.862	flat	0.0007
GO:GOBP_SYNAPSE_ORGANIZATION	TLS_VISIUM_USZ::KC1	7	1088	0.0027	0.408	flat	0.0008
GO:GOBP_SYNAPTIC_SIGNALING	TLS_VISIUM_USZ::KC1	7	1088	0.03	3.11e-07	flat	0.0026
GO:GOBP_TAXIS	TLS_VISIUM_USZ::KC1	7	1088	0.0078	0.0369	flat	0.0022
GO:GOBP_TELOMERASE_RNA_LOCALIZATION	TLS_VISIUM_USZ::KC1	7	1088	0.0017	0.611	flat	0.0096
GO:GOBP_TELOMERE_MAINTENANCE_VIA_TELOMERE_LENGTHENING	TLS_VISIUM_USZ::KC1	7	1088	0.0032	0.319	flat	0.0047
GO:GOBP_TELOMERE_ORGANIZATION	TLS_VISIUM_USZ::KC1	7	1088	0.0019	0.558	flat	0.0026
GO:GOBP_TIGHT_JUNCTION_ASSEMBLY	TLS_VISIUM_USZ::KC1	7	1088	0.0003	0.964	flat	0.0006
GO:GOBP_TIGHT_JUNCTION_ORGANIZATION	TLS_VISIUM_USZ::KC1	7	1088	0.0007	0.87	flat	0.0011
GO:GOBP_TISSUE_HOMEOSTASIS	TLS_VISIUM_USZ::KC1	7	1088	0.0034	0.291	flat	0.0014
GO:GOBP_TISSUE_MORPHOGENESIS	TLS_VISIUM_USZ::KC1	7	1088	0.0101	0.0119	flat	0.0021
GO:GOBP_TISSUE_REMODELING	TLS_VISIUM_USZ::KC1	7	1088	0.0224	1.94e-05	flat	0.0064
GO:GOBP_TRANSFORMING_GROWTH_FACTOR_BETA_RECEPTOR_SIGNALING_PATHWAY	TLS_VISIUM_USZ::KC1	7	1088	0.0351	1.92e-08	flat	0.0071
GO:GOBP_TRANSLATION	TLS_VISIUM_USZ::KC1	7	1088	0.0067	0.0634	flat	0.003
GO:GOBP_TRANSLATIONAL_INITIATION	TLS_VISIUM_USZ::KC1	7	1088	0.0033	0.309	flat	0.0053
GO:GOBP_TRANSMEMBRANE_TRANSPORT	TLS_VISIUM_USZ::KC1	7	1088	0.0132	0.00239	flat	0.0013
GO:GOBP_TRNA_METABOLIC_PROCESS	TLS_VISIUM_USZ::KC1	7	1088	0.0082	0.0295	flat	0.0029
GO:GOBP_TUBE_DEVELOPMENT	TLS_VISIUM_USZ::KC1	7	1088	0.041	7.46e-10	flat	0.0032
GO:GOBP_TUBE_MORPHOGENESIS	TLS_VISIUM_USZ::KC1	7	1088	0.0499	5.28e-12	flat	0.0043
GO:GOBP_TUMOR_NECROSIS_FACTOR_MEDIATED_SIGNALING_PATHWAY	TLS_VISIUM_USZ::KC1	7	1088	0.01	0.0122	flat	0.0075
GO:GOBP_TUMOR_NECROSIS_FACTOR_SUPERFAMILY_CYTOKINE_PRODUCTION	TLS_VISIUM_USZ::KC1	7	1088	0.0047	0.167	flat	0.0027
GO:GOBP_TYPE_II_INTERFERON_PRODUCTION	TLS_VISIUM_USZ::KC1	7	1088	0.021	4.01e-05	flat	0.0086
GO:GOBP_TYPE_I_INTERFERON_PRODUCTION	TLS_VISIUM_USZ::KC1	7	1088	0.0106	0.00908	flat	0.0065
GO:GOBP_T_CELL_ACTIVATION	TLS_VISIUM_USZ::KC1	7	1088	0.0561	1.62e-13	flat	0.0059
GO:GOBP_T_CELL_ACTIVATION_INVOLVED_IN_IMMUNE_RESPONSE	TLS_VISIUM_USZ::KC1	7	1088	0.0097	0.0142	flat	0.0042
GO:GOBP_T_CELL_DIFFERENTIATION	TLS_VISIUM_USZ::KC1	7	1088	0.0228	1.53e-05	flat	0.0046
GO:GOBP_T_CELL_MEDIATED_IMMUNITY	TLS_VISIUM_USZ::KC1	7	1088	0.0378	4.35e-09	flat	0.0104
GO:GOBP_T_CELL_PROLIFERATION	TLS_VISIUM_USZ::KC1	7	1088	0.0059	0.0944	flat	0.0026
GO:GOBP_T_CELL_RECEPTOR_SIGNALING_PATHWAY	TLS_VISIUM_USZ::KC1	7	1088	0.0124	0.00354	flat	0.0046
GO:GOBP_VACUOLE_ORGANIZATION	TLS_VISIUM_USZ::KC1	7	1088	0.0069	0.0586	flat	0.005
GO:GOBP_VASCULAR_ASSOCIATED_SMOOTH_MUSCLE_CELL_PROLIFERATION	TLS_VISIUM_USZ::KC1	7	1088	0.0094	0.0167	flat	0.006
GO:GOBP_VASCULATURE_DEVELOPMENT	TLS_VISIUM_USZ::KC1	7	1088	0.062	5.79e-15	flat	0.0052
GO:GOBP_VASCULOGENESIS	TLS_VISIUM_USZ::KC1	7	1088	0.0015	0.644	flat	0.0024
GO:GOBP_VESICLE_MEDIATED_TRANSPORT	TLS_VISIUM_USZ::KC1	7	1088	0.0064	0.074	flat	0.0014
GO:GOBP_VESICLE_ORGANIZATION	TLS_VISIUM_USZ::KC1	7	1088	0.0067	0.0645	flat	0.0022
GO:GOBP_VIRAL_GENOME_REPLICATION	TLS_VISIUM_USZ::KC1	7	1088	0.0401	1.28e-09	flat	0.012
GO:GOBP_VIRAL_LIFE_CYCLE	TLS_VISIUM_USZ::KC1	7	1088	0.0184	0.000161	flat	0.0054
GO:GOBP_VIRAL_PROCESS	TLS_VISIUM_USZ::KC1	7	1088	0.0138	0.00177	flat	0.0041
GO:GOBP_WNT_SIGNALING_PATHWAY	TLS_VISIUM_USZ::KC1	7	1088	0.0086	0.0247	flat	0.0023
GO:GOBP_WOUND_HEALING	TLS_VISIUM_USZ::KC1	7	1088	0.025	4.79e-06	flat	0.0048
GO:GOBP_ACTIN_FILAMENT_BASED_PROCESS	TLS_VISIUM_USZ::LC5	7	312	0.0783	1.44e-05	flat	0.0127
GO:GOBP_ACTIN_FILAMENT_BUNDLE_ORGANIZATION	TLS_VISIUM_USZ::LC5	7	312	0.1233	7.99e-09	flat	0.0295
GO:GOBP_ACTIN_FILAMENT_ORGANIZATION	TLS_VISIUM_USZ::LC5	7	312	0.0714	4.35e-05	flat	0.0109
GO:GOBP_ACTIVATION_OF_IMMUNE_RESPONSE	TLS_VISIUM_USZ::LC5	7	312	0.0184	0.125	flat	0.0061
GO:GOBP_ACTIVATION_OF_INNATE_IMMUNE_RESPONSE	TLS_VISIUM_USZ::LC5	7	312	0.0065	0.568	flat	0.0061
GO:GOBP_ACTOMYOSIN_STRUCTURE_ORGANIZATION	TLS_VISIUM_USZ::LC5	7	312	0.0488	0.00148	flat	0.0142
GO:GOBP_ADAPTIVE_IMMUNE_RESPONSE	TLS_VISIUM_USZ::LC5	7	312	0.0901	2.11e-06	flat	0.0118
GO:GOBP_ADAPTIVE_IMMUNE_RESPONSE_BASED_ON_SOMATIC_RECOMBINATION_OF_IMMUNE_RECEPTORS_BUILT_FROM_IMMUNOGLOBULIN_SUPERFAMILY_DOMAINS	TLS_VISIUM_USZ::LC5	7	312	0.0043	0.726	flat	0.0041
GO:GOBP_AEROBIC_RESPIRATION	TLS_VISIUM_USZ::LC5	7	312	0.1096	8.24e-08	flat	0.0467
GO:GOBP_ALCOHOL_BIOSYNTHETIC_PROCESS	TLS_VISIUM_USZ::LC5	7	312	0.0027	0.839	flat	0.0039
GO:GOBP_ALCOHOL_METABOLIC_PROCESS	TLS_VISIUM_USZ::LC5	7	312	0.0029	0.824	flat	0.0032
GO:GOBP_ALPHA_AMINO_ACID_METABOLIC_PROCESS	TLS_VISIUM_USZ::LC5	7	312	0.0362	0.00988	flat	0.0102
GO:GOBP_ALPHA_BETA_T_CELL_ACTIVATION	TLS_VISIUM_USZ::LC5	7	312	0.0079	0.485	flat	0.007
GO:GOBP_AMEBOIDAL_TYPE_CELL_MIGRATION	TLS_VISIUM_USZ::LC5	7	312	0.0201	0.0997	flat	0.0053
GO:GOBP_AMIDE_METABOLIC_PROCESS	TLS_VISIUM_USZ::LC5	7	312	0.0281	0.0322	flat	0.0074
GO:GOBP_AMINO_ACID_METABOLIC_PROCESS	TLS_VISIUM_USZ::LC5	7	312	0.0897	2.25e-06	flat	0.0143
GO:GOBP_ANATOMICAL_STRUCTURE_FORMATION_INVOLVED_IN_MORPHOGENESIS	TLS_VISIUM_USZ::LC5	7	312	0.0054	0.646	flat	0.0016
GO:GOBP_ANATOMICAL_STRUCTURE_MATURATION	TLS_VISIUM_USZ::LC5	7	312	0.0693	6.1e-05	flat	0.0154
GO:GOBP_ANIMAL_ORGAN_MORPHOGENESIS	TLS_VISIUM_USZ::LC5	7	312	0.0283	0.0312	flat	0.0078
GO:GOBP_ANTERIOR_POSTERIOR_PATTERN_SPECIFICATION	TLS_VISIUM_USZ::LC5	7	312	0.091	1.8e-06	flat	0.0228
GO:GOBP_ANTIBACTERIAL_HUMORAL_RESPONSE	TLS_VISIUM_USZ::LC5	7	312	0.011	0.331	flat	0.0076
GO:GOBP_ANTIGEN_PROCESSING_AND_PRESENTATION	TLS_VISIUM_USZ::LC5	7	312	0.0168	0.157	flat	0.0199
GO:GOBP_ANTIGEN_PROCESSING_AND_PRESENTATION_OF_ENDOGENOUS_ANTIGEN	TLS_VISIUM_USZ::LC5	7	312	0.0336	0.0145	flat	0.023
GO:GOBP_ANTIGEN_PROCESSING_AND_PRESENTATION_OF_ENDOGENOUS_PEPTIDE_ANTIGEN	TLS_VISIUM_USZ::LC5	7	312	0.0047	0.696	flat	0.0155
GO:GOBP_ANTIGEN_PROCESSING_AND_PRESENTATION_OF_EXOGENOUS_ANTIGEN	TLS_VISIUM_USZ::LC5	7	312	0.0342	0.0132	flat	0.0551
GO:GOBP_ANTIGEN_PROCESSING_AND_PRESENTATION_OF_EXOGENOUS_PEPTIDE_ANTIGEN	TLS_VISIUM_USZ::LC5	7	312	0.0202	0.0983	flat	0.033
GO:GOBP_ANTIGEN_PROCESSING_AND_PRESENTATION_OF_PEPTIDE_ANTIGEN	TLS_VISIUM_USZ::LC5	7	312	0.0154	0.188	flat	0.0231
GO:GOBP_ANTIGEN_PROCESSING_AND_PRESENTATION_OF_PEPTIDE_ANTIGEN_VIA_MHC_CLASS_I	TLS_VISIUM_USZ::LC5	7	312	0.0233	0.0637	flat	0.0357
GO:GOBP_ANTIGEN_PROCESSING_AND_PRESENTATION_OF_PEPTIDE_OR_POLYSACCHARIDE_ANTIGEN_VIA_MHC_CLASS_II	TLS_VISIUM_USZ::LC5	7	312	0.0032	0.806	flat	0.0094
GO:GOBP_ANTIVIRAL_INNATE_IMMUNE_RESPONSE	TLS_VISIUM_USZ::LC5	7	312	0.0051	0.664	flat	0.0061
GO:GOBP_AORTIC_VALVE_MORPHOGENESIS	TLS_VISIUM_USZ::LC5	7	312	0.0054	0.644	flat	0.0101
GO:GOBP_APICAL_JUNCTION_ASSEMBLY	TLS_VISIUM_USZ::LC5	7	312	0.0809	9.4e-06	flat	0.0277
GO:GOBP_APOPTOTIC_PROCESS	TLS_VISIUM_USZ::LC5	7	312	0.1334	1.39e-09	flat	0.0111
GO:GOBP_APOPTOTIC_SIGNALING_PATHWAY	TLS_VISIUM_USZ::LC5	7	312	0.1386	5.64e-10	flat	0.0217
GO:GOBP_APPENDAGE_MORPHOGENESIS	TLS_VISIUM_USZ::LC5	7	312	0.1179	2.01e-08	flat	0.0241
GO:GOBP_ARTERY_DEVELOPMENT	TLS_VISIUM_USZ::LC5	7	312	0.0072	0.526	flat	0.0052
GO:GOBP_ATP_BIOSYNTHETIC_PROCESS	TLS_VISIUM_USZ::LC5	7	312	0.0634	0.000153	flat	0.0411
GO:GOBP_ATP_METABOLIC_PROCESS	TLS_VISIUM_USZ::LC5	7	312	0.0957	8.39e-07	flat	0.0302
GO:GOBP_ATP_SYNTHESIS_COUPLED_ELECTRON_TRANSPORT	TLS_VISIUM_USZ::LC5	7	312	0.1136	4.21e-08	flat	0.0593
GO:GOBP_ATTACHMENT_OF_SPINDLE_MICROTUBULES_TO_KINETOCHORE	TLS_VISIUM_USZ::LC5	7	312	0.0364	0.00954	flat	0.0273
GO:GOBP_AXON_DEVELOPMENT	TLS_VISIUM_USZ::LC5	7	312	0.0739	2.92e-05	flat	0.0118
GO:GOBP_BEHAVIOR	TLS_VISIUM_USZ::LC5	7	312	0.081	9.28e-06	flat	0.0137
GO:GOBP_BIOLOGICAL_PROCESS_INVOLVED_IN_INTERACTION_WITH_HOST	TLS_VISIUM_USZ::LC5	7	312	0.1179	2.01e-08	flat	0.0287
GO:GOBP_BIOLOGICAL_PROCESS_INVOLVED_IN_INTERSPECIES_INTERACTION_BETWEEN_ORGANISMS	TLS_VISIUM_USZ::LC5	7	312	0.0169	0.153	flat	0.0034
GO:GOBP_BIOLOGICAL_PROCESS_INVOLVED_IN_SYMBIOTIC_INTERACTION	TLS_VISIUM_USZ::LC5	7	312	0.0908	1.88e-06	flat	0.0227
GO:GOBP_BLOOD_VESSEL_ENDOTHELIAL_CELL_MIGRATION	TLS_VISIUM_USZ::LC5	7	312	0.0614	0.00021	flat	0.0188
GO:GOBP_BLOOD_VESSEL_MORPHOGENESIS	TLS_VISIUM_USZ::LC5	7	312	0.0156	0.182	flat	0.0036
GO:GOBP_BONE_DEVELOPMENT	TLS_VISIUM_USZ::LC5	7	312	0.0026	0.847	flat	0.0026
GO:GOBP_BONE_MINERALIZATION	TLS_VISIUM_USZ::LC5	7	312	0.0081	0.471	flat	0.0092
GO:GOBP_BONE_MORPHOGENESIS	TLS_VISIUM_USZ::LC5	7	312	0.0159	0.176	flat	0.0161
GO:GOBP_B_CELL_ACTIVATION	TLS_VISIUM_USZ::LC5	7	312	0.0006	0.979	flat	0.0017
GO:GOBP_B_CELL_MEDIATED_IMMUNITY	TLS_VISIUM_USZ::LC5	7	312	0.01	0.378	flat	0.0127
GO:GOBP_B_CELL_RECEPTOR_SIGNALING_PATHWAY	TLS_VISIUM_USZ::LC5	7	312	0.0061	0.596	flat	0.0063
GO:GOBP_CALCIUM_ION_HOMEOSTASIS	TLS_VISIUM_USZ::LC5	7	312	0.0257	0.0453	flat	0.0099
GO:GOBP_CALCIUM_ION_TRANSMEMBRANE_IMPORT_INTO_CYTOSOL	TLS_VISIUM_USZ::LC5	7	312	0.041	0.00484	flat	0.0143
GO:GOBP_CALCIUM_ION_TRANSMEMBRANE_TRANSPORT	TLS_VISIUM_USZ::LC5	7	312	0.0724	3.68e-05	flat	0.0148
GO:GOBP_CALCIUM_ION_TRANSPORT	TLS_VISIUM_USZ::LC5	7	312	0.0387	0.00684	flat	0.0087
GO:GOBP_CALCIUM_MEDIATED_SIGNALING	TLS_VISIUM_USZ::LC5	7	312	0.0671	8.58e-05	flat	0.0151
GO:GOBP_CANONICAL_NF_KAPPAB_SIGNAL_TRANSDUCTION	TLS_VISIUM_USZ::LC5	7	312	0.0129	0.262	flat	0.0096
GO:GOBP_CANONICAL_WNT_SIGNALING_PATHWAY	TLS_VISIUM_USZ::LC5	7	312	0.0054	0.643	flat	0.0043
GO:GOBP_CARBOHYDRATE_CATABOLIC_PROCESS	TLS_VISIUM_USZ::LC5	7	312	0.0548	0.000588	flat	0.0143
GO:GOBP_CARBOHYDRATE_DERIVATIVE_BIOSYNTHETIC_PROCESS	TLS_VISIUM_USZ::LC5	7	312	0.0996	4.4e-07	flat	0.017
GO:GOBP_CARBOHYDRATE_DERIVATIVE_CATABOLIC_PROCESS	TLS_VISIUM_USZ::LC5	7	312	0.043	0.0036	flat	0.0119
GO:GOBP_CARBOHYDRATE_DERIVATIVE_METABOLIC_PROCESS	TLS_VISIUM_USZ::LC5	7	312	0.077	1.75e-05	flat	0.0079
GO:GOBP_CARBOHYDRATE_METABOLIC_PROCESS	TLS_VISIUM_USZ::LC5	7	312	0.0962	7.66e-07	flat	0.0121
GO:GOBP_CARDIAC_CHAMBER_DEVELOPMENT	TLS_VISIUM_USZ::LC5	7	312	0.0512	0.00103	flat	0.0147
GO:GOBP_CARDIAC_CHAMBER_MORPHOGENESIS	TLS_VISIUM_USZ::LC5	7	312	0.0351	0.0117	flat	0.0103
GO:GOBP_CARDIAC_MUSCLE_TISSUE_DEVELOPMENT	TLS_VISIUM_USZ::LC5	7	312	0.0686	6.72e-05	flat	0.0158
GO:GOBP_CARDIAC_SEPTUM_DEVELOPMENT	TLS_VISIUM_USZ::LC5	7	312	0.0497	0.00129	flat	0.0157
GO:GOBP_CARDIAC_VENTRICLE_DEVELOPMENT	TLS_VISIUM_USZ::LC5	7	312	0.0049	0.681	flat	0.0065
GO:GOBP_CARTILAGE_DEVELOPMENT	TLS_VISIUM_USZ::LC5	7	312	0.0127	0.267	flat	0.0064
GO:GOBP_CELLULAR_COMPONENT_DISASSEMBLY	TLS_VISIUM_USZ::LC5	7	312	0.0381	0.00749	flat	0.0144
GO:GOBP_CELLULAR_HOMEOSTASIS	TLS_VISIUM_USZ::LC5	7	312	0.0138	0.232	flat	0.0028
GO:GOBP_CELLULAR_RESPIRATION	TLS_VISIUM_USZ::LC5	7	312	0.1018	3.06e-07	flat	0.0441
GO:GOBP_CELLULAR_RESPONSE_TO_BIOTIC_STIMULUS	TLS_VISIUM_USZ::LC5	7	312	0.0322	0.0177	flat	0.0099
GO:GOBP_CELLULAR_RESPONSE_TO_CHEMICAL_STRESS	TLS_VISIUM_USZ::LC5	7	312	0.1062	1.45e-07	flat	0.0298
GO:GOBP_CELLULAR_RESPONSE_TO_ENDOGENOUS_STIMULUS	TLS_VISIUM_USZ::LC5	7	312	0.0358	0.0105	flat	0.0045
GO:GOBP_CELLULAR_RESPONSE_TO_HORMONE_STIMULUS	TLS_VISIUM_USZ::LC5	7	312	0.0235	0.0621	flat	0.0047
GO:GOBP_CELLULAR_RESPONSE_TO_HYDROGEN_PEROXIDE	TLS_VISIUM_USZ::LC5	7	312	0.02	0.101	flat	0.0125
GO:GOBP_CELLULAR_RESPONSE_TO_INSULIN_STIMULUS	TLS_VISIUM_USZ::LC5	7	312	0.01	0.378	flat	0.0072
GO:GOBP_CELLULAR_RESPONSE_TO_LIPID	TLS_VISIUM_USZ::LC5	7	312	0.0189	0.117	flat	0.0043
GO:GOBP_CELLULAR_RESPONSE_TO_MOLECULE_OF_BACTERIAL_ORIGIN	TLS_VISIUM_USZ::LC5	7	312	0.025	0.0503	flat	0.0105
GO:GOBP_CELLULAR_RESPONSE_TO_NITROGEN_COMPOUND	TLS_VISIUM_USZ::LC5	7	312	0.0128	0.264	flat	0.0036
GO:GOBP_CELLULAR_RESPONSE_TO_NUTRIENT_LEVELS	TLS_VISIUM_USZ::LC5	7	312	0.0978	5.89e-07	flat	0.0202
GO:GOBP_CELLULAR_RESPONSE_TO_OXIDATIVE_STRESS	TLS_VISIUM_USZ::LC5	7	312	0.0271	0.0369	flat	0.011
GO:GOBP_CELLULAR_RESPONSE_TO_OXYGEN_CONTAINING_COMPOUND	TLS_VISIUM_USZ::LC5	7	312	0.011	0.33	flat	0.0039
GO:GOBP_CELLULAR_RESPONSE_TO_STARVATION	TLS_VISIUM_USZ::LC5	7	312	0.0735	3.08e-05	flat	0.0272
GO:GOBP_CELLULAR_RESPONSE_TO_STRESS	TLS_VISIUM_USZ::LC5	7	312	0.1725	1.29e-12	flat	0.0207
GO:GOBP_CELLULAR_RESPONSE_TO_TYPE_II_INTERFERON	TLS_VISIUM_USZ::LC5	7	312	0.0012	0.944	flat	0.0061
GO:GOBP_CELLULAR_RESPONSE_TO_VASCULAR_ENDOTHELIAL_GROWTH_FACTOR_STIMULUS	TLS_VISIUM_USZ::LC5	7	312	0.004	0.746	flat	0.0053
GO:GOBP_CELL_ACTIVATION	TLS_VISIUM_USZ::LC5	7	312	0.0048	0.686	flat	0.0032
GO:GOBP_CELL_ACTIVATION_INVOLVED_IN_IMMUNE_RESPONSE	TLS_VISIUM_USZ::LC5	7	312	0.0376	0.00799	flat	0.0093
GO:GOBP_CELL_ADHESION	TLS_VISIUM_USZ::LC5	7	312	0.0026	0.851	flat	0.0016
GO:GOBP_CELL_CELL_ADHESION	TLS_VISIUM_USZ::LC5	7	312	0.0069	0.542	flat	0.0023
GO:GOBP_CELL_CELL_JUNCTION_ASSEMBLY	TLS_VISIUM_USZ::LC5	7	312	0.0972	6.49e-07	flat	0.0281
GO:GOBP_CELL_CELL_JUNCTION_ORGANIZATION	TLS_VISIUM_USZ::LC5	7	312	0.0147	0.205	flat	0.0078
GO:GOBP_CELL_CELL_SIGNALING	TLS_VISIUM_USZ::LC5	7	312	0.1015	3.19e-07	flat	0.0188
GO:GOBP_CELL_CHEMOTAXIS	TLS_VISIUM_USZ::LC5	7	312	0.0202	0.0982	flat	0.0069
GO:GOBP_CELL_CYCLE	TLS_VISIUM_USZ::LC5	7	312	0.1353	9.99e-10	flat	0.0135
GO:GOBP_CELL_CYCLE_CHECKPOINT_SIGNALING	TLS_VISIUM_USZ::LC5	7	312	0.0819	8.03e-06	flat	0.0331
GO:GOBP_CELL_CYCLE_G1_S_PHASE_TRANSITION	TLS_VISIUM_USZ::LC5	7	312	0.0813	8.84e-06	flat	0.0191
GO:GOBP_CELL_CYCLE_G2_M_PHASE_TRANSITION	TLS_VISIUM_USZ::LC5	7	312	0.02	0.102	flat	0.0161
GO:GOBP_CELL_CYCLE_PHASE_TRANSITION	TLS_VISIUM_USZ::LC5	7	312	0.0746	2.61e-05	flat	0.0167
GO:GOBP_CELL_CYCLE_PROCESS	TLS_VISIUM_USZ::LC5	7	312	0.1463	1.45e-10	flat	0.0193
GO:GOBP_CELL_DIVISION	TLS_VISIUM_USZ::LC5	7	312	0.0519	0.000921	flat	0.0109
GO:GOBP_CELL_FATE_COMMITMENT	TLS_VISIUM_USZ::LC5	7	312	0.0465	0.00209	flat	0.0148
GO:GOBP_CELL_GROWTH	TLS_VISIUM_USZ::LC5	7	312	0.0443	0.00294	flat	0.0135
GO:GOBP_CELL_JUNCTION_ASSEMBLY	TLS_VISIUM_USZ::LC5	7	312	0.0047	0.692	flat	0.0033
GO:GOBP_CELL_JUNCTION_ORGANIZATION	TLS_VISIUM_USZ::LC5	7	312	0.062	0.000192	flat	0.0076
GO:GOBP_CELL_KILLING	TLS_VISIUM_USZ::LC5	7	312	0.0752	2.37e-05	flat	0.0134
GO:GOBP_CELL_MATRIX_ADHESION	TLS_VISIUM_USZ::LC5	7	312	0.0746	2.58e-05	flat	0.0186
GO:GOBP_CELL_MORPHOGENESIS	TLS_VISIUM_USZ::LC5	7	312	0.0236	0.0613	flat	0.0074
GO:GOBP_CELL_MORPHOGENESIS_INVOLVED_IN_NEURON_DIFFERENTIATION	TLS_VISIUM_USZ::LC5	7	312	0.0219	0.0777	flat	0.0071
GO:GOBP_CELL_MOTILITY	TLS_VISIUM_USZ::LC5	7	312	0.029	0.0284	flat	0.0031
GO:GOBP_CELL_PROJECTION_ASSEMBLY	TLS_VISIUM_USZ::LC5	7	312	0.0073	0.518	flat	0.0047
GO:GOBP_CELL_PROJECTION_MORPHOGENESIS	TLS_VISIUM_USZ::LC5	7	312	0.0611	0.000219	flat	0.0101
GO:GOBP_CELL_PROJECTION_ORGANIZATION	TLS_VISIUM_USZ::LC5	7	312	0.0101	0.373	flat	0.0031
GO:GOBP_CELL_SUBSTRATE_ADHESION	TLS_VISIUM_USZ::LC5	7	312	0.025	0.0503	flat	0.0063
GO:GOBP_CELL_SUBSTRATE_JUNCTION_ORGANIZATION	TLS_VISIUM_USZ::LC5	7	312	0.0533	0.000737	flat	0.0232
GO:GOBP_CELL_SURFACE_RECEPTOR_PROTEIN_SERINE_THREONINE_KINASE_SIGNALING_PATHWAY	TLS_VISIUM_USZ::LC5	7	312	0.0116	0.309	flat	0.0049
GO:GOBP_CELL_SURFACE_RECEPTOR_PROTEIN_TYROSINE_KINASE_SIGNALING_PATHWAY	TLS_VISIUM_USZ::LC5	7	312	0.0179	0.135	flat	0.0045
GO:GOBP_CELL_SURFACE_RECEPTOR_SIGNALING_PATHWAY_VIA_STAT	TLS_VISIUM_USZ::LC5	7	312	0.0141	0.224	flat	0.0068
GO:GOBP_CENTRAL_NERVOUS_SYSTEM_DEVELOPMENT	TLS_VISIUM_USZ::LC5	7	312	0.0561	0.00048	flat	0.0073
GO:GOBP_CHEMICAL_HOMEOSTASIS	TLS_VISIUM_USZ::LC5	7	312	0.0231	0.0651	flat	0.0036
GO:GOBP_CHONDROCYTE_DIFFERENTIATION	TLS_VISIUM_USZ::LC5	7	312	0.0221	0.0753	flat	0.0118
GO:GOBP_CHROMATIN_ORGANIZATION	TLS_VISIUM_USZ::LC5	7	312	0.0296	0.0259	flat	0.0088
GO:GOBP_CHROMATIN_REMODELING	TLS_VISIUM_USZ::LC5	7	312	0.0771	1.74e-05	flat	0.0208
GO:GOBP_CHROMOSOME_LOCALIZATION	TLS_VISIUM_USZ::LC5	7	312	0.0234	0.0626	flat	0.012
GO:GOBP_CHROMOSOME_ORGANIZATION	TLS_VISIUM_USZ::LC5	7	312	0.1071	1.25e-07	flat	0.0214
GO:GOBP_CHROMOSOME_SEGREGATION	TLS_VISIUM_USZ::LC5	7	312	0.002	0.892	flat	0.0039
GO:GOBP_CHROMOSOME_SEPARATION	TLS_VISIUM_USZ::LC5	7	312	0.0528	0.000803	flat	0.0245
GO:GOBP_CIRCULATORY_SYSTEM_DEVELOPMENT	TLS_VISIUM_USZ::LC5	7	312	0.0107	0.346	flat	0.0024
GO:GOBP_CIRCULATORY_SYSTEM_PROCESS	TLS_VISIUM_USZ::LC5	7	312	0.0999	4.17e-07	flat	0.0165
GO:GOBP_COLLAGEN_CATABOLIC_PROCESS	TLS_VISIUM_USZ::LC5	7	312	0.0301	0.0242	flat	0.0223
GO:GOBP_COLLAGEN_FIBRIL_ORGANIZATION	TLS_VISIUM_USZ::LC5	7	312	0.024	0.0578	flat	0.0242
GO:GOBP_COLLAGEN_METABOLIC_PROCESS	TLS_VISIUM_USZ::LC5	7	312	0.0449	0.00267	flat	0.0248
GO:GOBP_COMPLEMENT_ACTIVATION_CLASSICAL_PATHWAY	TLS_VISIUM_USZ::LC5	7	312	0.0397	0.00583	flat	0.0413
GO:GOBP_CONNECTIVE_TISSUE_DEVELOPMENT	TLS_VISIUM_USZ::LC5	7	312	0.0052	0.661	flat	0.003
GO:GOBP_CYTOKINESIS	TLS_VISIUM_USZ::LC5	7	312	0.0066	0.561	flat	0.0047
GO:GOBP_CYTOKINE_MEDIATED_SIGNALING_PATHWAY	TLS_VISIUM_USZ::LC5	7	312	0.0818	8.21e-06	flat	0.0111
GO:GOBP_CYTOKINE_PRODUCTION	TLS_VISIUM_USZ::LC5	7	312	0.0298	0.0251	flat	0.0063
GO:GOBP_CYTOKINE_PRODUCTION_INVOLVED_IN_IMMUNE_RESPONSE	TLS_VISIUM_USZ::LC5	7	312	0.0095	0.402	flat	0.0081
GO:GOBP_CYTOPLASMIC_PATTERN_RECOGNITION_RECEPTOR_SIGNALING_PATHWAY	TLS_VISIUM_USZ::LC5	7	312	0.0449	0.00267	flat	0.0196
GO:GOBP_CYTOPLASMIC_TRANSLATION	TLS_VISIUM_USZ::LC5	7	312	0.1001	4e-07	flat	0.0612
GO:GOBP_CYTOSKELETON_ORGANIZATION	TLS_VISIUM_USZ::LC5	7	312	0.102	2.93e-07	flat	0.0129
GO:GOBP_DEFENSE_RESPONSE_TO_BACTERIUM	TLS_VISIUM_USZ::LC5	7	312	0.1259	5.11e-09	flat	0.0185
GO:GOBP_DEFENSE_RESPONSE_TO_OTHER_ORGANISM	TLS_VISIUM_USZ::LC5	7	312	0.029	0.0284	flat	0.0044
GO:GOBP_DEFENSE_RESPONSE_TO_SYMBIONT	TLS_VISIUM_USZ::LC5	7	312	0.0504	0.00116	flat	0.0084
GO:GOBP_DEFENSE_RESPONSE_TO_VIRUS	TLS_VISIUM_USZ::LC5	7	312	0.0426	0.00382	flat	0.0125
GO:GOBP_DETOXIFICATION	TLS_VISIUM_USZ::LC5	7	312	0.0248	0.0514	flat	0.0079
GO:GOBP_DEVELOPMENTAL_GROWTH	TLS_VISIUM_USZ::LC5	7	312	0.0221	0.0754	flat	0.0069
GO:GOBP_DEVELOPMENTAL_GROWTH_INVOLVED_IN_MORPHOGENESIS	TLS_VISIUM_USZ::LC5	7	312	0.0088	0.433	flat	0.0044
GO:GOBP_DEVELOPMENTAL_MATURATION	TLS_VISIUM_USZ::LC5	7	312	0.0412	0.0047	flat	0.0083
GO:GOBP_DEVELOPMENTAL_PROCESS_INVOLVED_IN_REPRODUCTION	TLS_VISIUM_USZ::LC5	7	312	0.0334	0.0149	flat	0.0094
GO:GOBP_DEVELOPMENT_OF_PRIMARY_SEXUAL_CHARACTERISTICS	TLS_VISIUM_USZ::LC5	7	312	0.0397	0.00582	flat	0.0106
GO:GOBP_DICARBOXYLIC_ACID_METABOLIC_PROCESS	TLS_VISIUM_USZ::LC5	7	312	0.0123	0.283	flat	0.0095
GO:GOBP_DIGESTIVE_SYSTEM_PROCESS	TLS_VISIUM_USZ::LC5	7	312	0.0974	6.29e-07	flat	0.0219
GO:GOBP_DNA_BIOSYNTHETIC_PROCESS	TLS_VISIUM_USZ::LC5	7	312	0.1298	2.59e-09	flat	0.0356
GO:GOBP_DNA_DAMAGE_RESPONSE	TLS_VISIUM_USZ::LC5	7	312	0.1133	4.38e-08	flat	0.019
GO:GOBP_DNA_INTEGRITY_CHECKPOINT_SIGNALING	TLS_VISIUM_USZ::LC5	7	312	0.04	0.00561	flat	0.0244
GO:GOBP_DNA_METABOLIC_PROCESS	TLS_VISIUM_USZ::LC5	7	312	0.1381	6.16e-10	flat	0.0226
GO:GOBP_DNA_RECOMBINATION	TLS_VISIUM_USZ::LC5	7	312	0.0666	9.24e-05	flat	0.0266
GO:GOBP_DNA_REPAIR	TLS_VISIUM_USZ::LC5	7	312	0.0805	1.01e-05	flat	0.0186
GO:GOBP_DNA_REPLICATION	TLS_VISIUM_USZ::LC5	7	312	0.1156	2.95e-08	flat	0.0271
GO:GOBP_DNA_STRAND_ELONGATION	TLS_VISIUM_USZ::LC5	7	312	0.0315	0.0196	flat	0.0306
GO:GOBP_DNA_STRAND_ELONGATION_INVOLVED_IN_DNA_REPLICATION	TLS_VISIUM_USZ::LC5	7	312	0.095	9.47e-07	flat	0.0847
GO:GOBP_DNA_TEMPLATED_DNA_REPLICATION	TLS_VISIUM_USZ::LC5	7	312	0.0499	0.00124	flat	0.0183
GO:GOBP_DNA_TEMPLATED_TRANSCRIPTION_INITIATION	TLS_VISIUM_USZ::LC5	7	312	0.0183	0.127	flat	0.0145
GO:GOBP_DOUBLE_STRAND_BREAK_REPAIR	TLS_VISIUM_USZ::LC5	7	312	0.1218	1.04e-08	flat	0.0326
GO:GOBP_EAR_DEVELOPMENT	TLS_VISIUM_USZ::LC5	7	312	0.0947	9.88e-07	flat	0.0185
GO:GOBP_EAR_MORPHOGENESIS	TLS_VISIUM_USZ::LC5	7	312	0.0242	0.0559	flat	0.0131
GO:GOBP_ELECTRON_TRANSPORT_CHAIN	TLS_VISIUM_USZ::LC5	7	312	0.0754	2.27e-05	flat	0.0405
GO:GOBP_EMBRYONIC_MORPHOGENESIS	TLS_VISIUM_USZ::LC5	7	312	0.0104	0.358	flat	0.0036
GO:GOBP_EMBRYONIC_ORGAN_DEVELOPMENT	TLS_VISIUM_USZ::LC5	7	312	0.0339	0.0139	flat	0.0071
GO:GOBP_EMBRYONIC_ORGAN_MORPHOGENESIS	TLS_VISIUM_USZ::LC5	7	312	0.0494	0.00136	flat	0.0128
GO:GOBP_EMBRYO_DEVELOPMENT	TLS_VISIUM_USZ::LC5	7	312	0.0059	0.609	flat	0.0026
GO:GOBP_EMBRYO_DEVELOPMENT_ENDING_IN_BIRTH_OR_EGG_HATCHING	TLS_VISIUM_USZ::LC5	7	312	0.0255	0.0464	flat	0.0054
GO:GOBP_ENDOCYTOSIS	TLS_VISIUM_USZ::LC5	7	312	0.0144	0.216	flat	0.0052
GO:GOBP_ENDOMEMBRANE_SYSTEM_ORGANIZATION	TLS_VISIUM_USZ::LC5	7	312	0.1048	1.85e-07	flat	0.0202
GO:GOBP_ENDOPLASMIC_RETICULUM_TO_GOLGI_VESICLE_MEDIATED_TRANSPORT	TLS_VISIUM_USZ::LC5	7	312	0.1578	1.86e-11	flat	0.0769
GO:GOBP_ENDOSOMAL_TRANSPORT	TLS_VISIUM_USZ::LC5	7	312	0.1068	1.32e-07	flat	0.0338
GO:GOBP_ENDOTHELIAL_CELL_MIGRATION	TLS_VISIUM_USZ::LC5	7	312	0.0813	8.77e-06	flat	0.0164
GO:GOBP_ENDOTHELIAL_CELL_PROLIFERATION	TLS_VISIUM_USZ::LC5	7	312	0.019	0.115	flat	0.0113
GO:GOBP_ENDOTHELIUM_DEVELOPMENT	TLS_VISIUM_USZ::LC5	7	312	0.0081	0.472	flat	0.0065
GO:GOBP_ENERGY_DERIVATION_BY_OXIDATION_OF_ORGANIC_COMPOUNDS	TLS_VISIUM_USZ::LC5	7	312	0.0783	1.44e-05	flat	0.0157
GO:GOBP_ENZYME_LINKED_RECEPTOR_PROTEIN_SIGNALING_PATHWAY	TLS_VISIUM_USZ::LC5	7	312	0.0111	0.326	flat	0.0029
GO:GOBP_EPIDERMAL_CELL_DIFFERENTIATION	TLS_VISIUM_USZ::LC5	7	312	0.0527	0.00081	flat	0.016
GO:GOBP_EPIDERMIS_DEVELOPMENT	TLS_VISIUM_USZ::LC5	7	312	0.0466	0.00207	flat	0.0125
GO:GOBP_EPIGENETIC_REGULATION_OF_GENE_EXPRESSION	TLS_VISIUM_USZ::LC5	7	312	0.0437	0.0032	flat	0.0218
GO:GOBP_EPITHELIAL_CELL_DEVELOPMENT	TLS_VISIUM_USZ::LC5	7	312	0.1114	6.06e-08	flat	0.016
GO:GOBP_EPITHELIAL_CELL_DIFFERENTIATION	TLS_VISIUM_USZ::LC5	7	312	0.0101	0.371	flat	0.0026
GO:GOBP_EPITHELIAL_CELL_PROLIFERATION	TLS_VISIUM_USZ::LC5	7	312	0.0234	0.0626	flat	0.0047
GO:GOBP_EPITHELIAL_TO_MESENCHYMAL_TRANSITION	TLS_VISIUM_USZ::LC5	7	312	0.0041	0.737	flat	0.0043
GO:GOBP_EPITHELIAL_TUBE_MORPHOGENESIS	TLS_VISIUM_USZ::LC5	7	312	0.0112	0.323	flat	0.004
GO:GOBP_EPITHELIUM_DEVELOPMENT	TLS_VISIUM_USZ::LC5	7	312	0.008	0.479	flat	0.0028
GO:GOBP_ERK1_AND_ERK2_CASCADE	TLS_VISIUM_USZ::LC5	7	312	0.0373	0.0084	flat	0.0082
GO:GOBP_ESTABLISHMENT_OF_ORGANELLE_LOCALIZATION	TLS_VISIUM_USZ::LC5	7	312	0.1148	3.43e-08	flat	0.0199
GO:GOBP_ESTABLISHMENT_OF_PROTEIN_LOCALIZATION	TLS_VISIUM_USZ::LC5	7	312	0.1589	1.53e-11	flat	0.0133
GO:GOBP_ESTABLISHMENT_OF_PROTEIN_LOCALIZATION_TO_MEMBRANE	TLS_VISIUM_USZ::LC5	7	312	0.119	1.66e-08	flat	0.0342
GO:GOBP_ESTABLISHMENT_OF_PROTEIN_LOCALIZATION_TO_ORGANELLE	TLS_VISIUM_USZ::LC5	7	312	0.0943	1.05e-06	flat	0.0225
GO:GOBP_ESTABLISHMENT_OF_RNA_LOCALIZATION	TLS_VISIUM_USZ::LC5	7	312	0.1216	1.07e-08	flat	0.0535
GO:GOBP_ESTABLISHMENT_OR_MAINTENANCE_OF_CELL_POLARITY	TLS_VISIUM_USZ::LC5	7	312	0.0397	0.0059	flat	0.0115
GO:GOBP_EXOCYTOSIS	TLS_VISIUM_USZ::LC5	7	312	0.0951	9.23e-07	flat	0.0153
GO:GOBP_EXPORT_FROM_CELL	TLS_VISIUM_USZ::LC5	7	312	0.0347	0.0124	flat	0.0066
GO:GOBP_EXTERNAL_ENCAPSULATING_STRUCTURE_ORGANIZATION	TLS_VISIUM_USZ::LC5	7	312	0.0086	0.447	flat	0.0041
GO:GOBP_FACE_DEVELOPMENT	TLS_VISIUM_USZ::LC5	7	312	0.0743	2.75e-05	flat	0.028
GO:GOBP_FATTY_ACID_METABOLIC_PROCESS	TLS_VISIUM_USZ::LC5	7	312	0.0661	0.000101	flat	0.0135
GO:GOBP_FERTILIZATION	TLS_VISIUM_USZ::LC5	7	312	0.0271	0.0372	flat	0.0123
GO:GOBP_FIBROBLAST_GROWTH_FACTOR_RECEPTOR_SIGNALING_PATHWAY	TLS_VISIUM_USZ::LC5	7	312	0.0235	0.0615	flat	0.0166
GO:GOBP_FOCAL_ADHESION_ASSEMBLY	TLS_VISIUM_USZ::LC5	7	312	0.0546	0.000605	flat	0.0259
GO:GOBP_FORMATION_OF_PRIMARY_GERM_LAYER	TLS_VISIUM_USZ::LC5	7	312	0.0185	0.125	flat	0.0085
GO:GOBP_GAMETE_GENERATION	TLS_VISIUM_USZ::LC5	7	312	0.0555	0.000527	flat	0.0119
GO:GOBP_GENERATION_OF_NEURONS	TLS_VISIUM_USZ::LC5	7	312	0.0376	0.00798	flat	0.0061
GO:GOBP_GENERATION_OF_PRECURSOR_METABOLITES_AND_ENERGY	TLS_VISIUM_USZ::LC5	7	312	0.1111	6.33e-08	flat	0.0241
GO:GOBP_GLAND_DEVELOPMENT	TLS_VISIUM_USZ::LC5	7	312	0.0174	0.144	flat	0.0058
GO:GOBP_GLIAL_CELL_DIFFERENTIATION	TLS_VISIUM_USZ::LC5	7	312	0.015	0.198	flat	0.0081
GO:GOBP_GLOMERULUS_DEVELOPMENT	TLS_VISIUM_USZ::LC5	7	312	0.0234	0.0631	flat	0.0181
GO:GOBP_GLUCOSE_METABOLIC_PROCESS	TLS_VISIUM_USZ::LC5	7	312	0.0226	0.0707	flat	0.0097
GO:GOBP_GLYCEROLIPID_BIOSYNTHETIC_PROCESS	TLS_VISIUM_USZ::LC5	7	312	0.0111	0.327	flat	0.006
GO:GOBP_GLYCEROLIPID_METABOLIC_PROCESS	TLS_VISIUM_USZ::LC5	7	312	0.0135	0.24	flat	0.005
GO:GOBP_GLYCEROPHOSPHOLIPID_METABOLIC_PROCESS	TLS_VISIUM_USZ::LC5	7	312	0.0309	0.0214	flat	0.0088
GO:GOBP_GLYCOPROTEIN_BIOSYNTHETIC_PROCESS	TLS_VISIUM_USZ::LC5	7	312	0.0237	0.0605	flat	0.0088
GO:GOBP_GLYCOPROTEIN_METABOLIC_PROCESS	TLS_VISIUM_USZ::LC5	7	312	0.0325	0.0169	flat	0.0093
GO:GOBP_GLYCOSYLATION	TLS_VISIUM_USZ::LC5	7	312	0.0239	0.0587	flat	0.01
GO:GOBP_GOLGI_VESICLE_TRANSPORT	TLS_VISIUM_USZ::LC5	7	312	0.0852	4.69e-06	flat	0.0338
GO:GOBP_GRANULOCYTE_CHEMOTAXIS	TLS_VISIUM_USZ::LC5	7	312	0.0183	0.126	flat	0.0107
GO:GOBP_GRANULOCYTE_MIGRATION	TLS_VISIUM_USZ::LC5	7	312	0.0052	0.66	flat	0.0052
GO:GOBP_GROWTH	TLS_VISIUM_USZ::LC5	7	312	0.0457	0.00237	flat	0.0083
GO:GOBP_G_PROTEIN_COUPLED_RECEPTOR_SIGNALING_PATHWAY	TLS_VISIUM_USZ::LC5	7	312	0.1141	3.81e-08	flat	0.0304
GO:GOBP_HEAD_DEVELOPMENT	TLS_VISIUM_USZ::LC5	7	312	0.0308	0.0219	flat	0.0058
GO:GOBP_HEART_DEVELOPMENT	TLS_VISIUM_USZ::LC5	7	312	0.0275	0.0349	flat	0.0078
GO:GOBP_HEART_MORPHOGENESIS	TLS_VISIUM_USZ::LC5	7	312	0.0292	0.0273	flat	0.0084
GO:GOBP_HEART_PROCESS	TLS_VISIUM_USZ::LC5	7	312	0.0352	0.0114	flat	0.0113
GO:GOBP_HEMOPOIESIS	TLS_VISIUM_USZ::LC5	7	312	0.033	0.0159	flat	0.0067
GO:GOBP_HINDBRAIN_DEVELOPMENT	TLS_VISIUM_USZ::LC5	7	312	0.0478	0.00172	flat	0.0147
GO:GOBP_HOMEOSTASIS_OF_NUMBER_OF_CELLS	TLS_VISIUM_USZ::LC5	7	312	0.0589	0.000309	flat	0.0136
GO:GOBP_HOMEOSTATIC_PROCESS	TLS_VISIUM_USZ::LC5	7	312	0.0198	0.103	flat	0.0043
GO:GOBP_HOMOPHILIC_CELL_ADHESION_VIA_PLASMA_MEMBRANE_ADHESION_MOLECULES	TLS_VISIUM_USZ::LC5	7	312	0.0793	1.23e-05	flat	0.0194
GO:GOBP_HORMONE_METABOLIC_PROCESS	TLS_VISIUM_USZ::LC5	7	312	0.0655	0.000111	flat	0.0155
GO:GOBP_HORMONE_TRANSPORT	TLS_VISIUM_USZ::LC5	7	312	0.0202	0.0974	flat	0.0067
GO:GOBP_HUMORAL_IMMUNE_RESPONSE	TLS_VISIUM_USZ::LC5	7	312	0.0692	6.15e-05	flat	0.0134
GO:GOBP_HUMORAL_IMMUNE_RESPONSE_MEDIATED_BY_CIRCULATING_IMMUNOGLOBULIN	TLS_VISIUM_USZ::LC5	7	312	0.0182	0.13	flat	0.0174
GO:GOBP_IMMUNE_EFFECTOR_PROCESS	TLS_VISIUM_USZ::LC5	7	312	0.0176	0.139	flat	0.0078
GO:GOBP_IMMUNE_RESPONSE_REGULATING_CELL_SURFACE_RECEPTOR_SIGNALING_PATHWAY	TLS_VISIUM_USZ::LC5	7	312	0.0277	0.0339	flat	0.0101
GO:GOBP_IMMUNE_RESPONSE_REGULATING_SIGNALING_PATHWAY	TLS_VISIUM_USZ::LC5	7	312	0.0147	0.205	flat	0.0047
GO:GOBP_IMPORT_INTO_CELL	TLS_VISIUM_USZ::LC5	7	312	0.0492	0.00139	flat	0.0048
GO:GOBP_IMPORT_INTO_NUCLEUS	TLS_VISIUM_USZ::LC5	7	312	0.1104	7.13e-08	flat	0.0283
GO:GOBP_INFLAMMATORY_RESPONSE	TLS_VISIUM_USZ::LC5	7	312	0.0574	0.000393	flat	0.0092
GO:GOBP_INORGANIC_ANION_TRANSMEMBRANE_TRANSPORT	TLS_VISIUM_USZ::LC5	7	312	0.0356	0.0107	flat	0.0165
GO:GOBP_INORGANIC_ION_HOMEOSTASIS	TLS_VISIUM_USZ::LC5	7	312	0.0072	0.529	flat	0.0028
GO:GOBP_INORGANIC_ION_IMPORT_ACROSS_PLASMA_MEMBRANE	TLS_VISIUM_USZ::LC5	7	312	0.0279	0.0332	flat	0.011
GO:GOBP_INTEGRIN_MEDIATED_SIGNALING_PATHWAY	TLS_VISIUM_USZ::LC5	7	312	0.0598	0.000271	flat	0.0249
GO:GOBP_INTERFERON_BETA_PRODUCTION	TLS_VISIUM_USZ::LC5	7	312	0.0027	0.838	flat	0.01
GO:GOBP_INTERFERON_MEDIATED_SIGNALING_PATHWAY	TLS_VISIUM_USZ::LC5	7	312	0.0059	0.607	flat	0.009
GO:GOBP_INTERLEUKIN_6_PRODUCTION	TLS_VISIUM_USZ::LC5	7	312	0.0159	0.177	flat	0.0141
GO:GOBP_INTRACELLULAR_MONOATOMIC_ION_HOMEOSTASIS	TLS_VISIUM_USZ::LC5	7	312	0.0092	0.414	flat	0.0031
GO:GOBP_INTRACELLULAR_PROTEIN_TRANSPORT	TLS_VISIUM_USZ::LC5	7	312	0.1429	2.61e-10	flat	0.0241
GO:GOBP_INTRACELLULAR_RECEPTOR_SIGNALING_PATHWAY	TLS_VISIUM_USZ::LC5	7	312	0.037	0.00881	flat	0.0134
GO:GOBP_INTRACELLULAR_TRANSPORT	TLS_VISIUM_USZ::LC5	7	312	0.1975	1.21e-14	flat	0.0241
GO:GOBP_INTRINSIC_APOPTOTIC_SIGNALING_PATHWAY	TLS_VISIUM_USZ::LC5	7	312	0.0555	0.000525	flat	0.0168
GO:GOBP_IN_UTERO_EMBRYONIC_DEVELOPMENT	TLS_VISIUM_USZ::LC5	7	312	0.1368	7.62e-10	flat	0.0227
GO:GOBP_LEUKOCYTE_APOPTOTIC_PROCESS	TLS_VISIUM_USZ::LC5	7	312	0.0789	1.31e-05	flat	0.0273
GO:GOBP_LEUKOCYTE_CELL_CELL_ADHESION	TLS_VISIUM_USZ::LC5	7	312	0.009	0.423	flat	0.0074
GO:GOBP_LEUKOCYTE_CHEMOTAXIS	TLS_VISIUM_USZ::LC5	7	312	0.0257	0.0453	flat	0.0091
GO:GOBP_LEUKOCYTE_DIFFERENTIATION	TLS_VISIUM_USZ::LC5	7	312	0.0571	0.000411	flat	0.0088
GO:GOBP_LEUKOCYTE_MEDIATED_IMMUNITY	TLS_VISIUM_USZ::LC5	7	312	0.0594	0.000287	flat	0.0111
GO:GOBP_LEUKOCYTE_MIGRATION	TLS_VISIUM_USZ::LC5	7	312	0.0198	0.103	flat	0.0067
GO:GOBP_LEUKOCYTE_PROLIFERATION	TLS_VISIUM_USZ::LC5	7	312	0.0189	0.117	flat	0.0101
GO:GOBP_LIPID_BIOSYNTHETIC_PROCESS	TLS_VISIUM_USZ::LC5	7	312	0.007	0.54	flat	0.0023
GO:GOBP_LIPID_CATABOLIC_PROCESS	TLS_VISIUM_USZ::LC5	7	312	0.0209	0.0893	flat	0.0054
GO:GOBP_LIPID_LOCALIZATION	TLS_VISIUM_USZ::LC5	7	312	0.0101	0.373	flat	0.0035
GO:GOBP_LIPID_METABOLIC_PROCESS	TLS_VISIUM_USZ::LC5	7	312	0.0083	0.46	flat	0.0019
GO:GOBP_LIPID_MODIFICATION	TLS_VISIUM_USZ::LC5	7	312	0.0298	0.0251	flat	0.0107
GO:GOBP_LOCALIZATION_WITHIN_MEMBRANE	TLS_VISIUM_USZ::LC5	7	312	0.0593	0.000292	flat	0.0107
GO:GOBP_LOCOMOTION	TLS_VISIUM_USZ::LC5	7	312	0.0181	0.132	flat	0.003
GO:GOBP_LYMPHOCYTE_ACTIVATION	TLS_VISIUM_USZ::LC5	7	312	0.0228	0.068	flat	0.0074
GO:GOBP_LYMPHOCYTE_ACTIVATION_INVOLVED_IN_IMMUNE_RESPONSE	TLS_VISIUM_USZ::LC5	7	312	0.0109	0.335	flat	0.0084
GO:GOBP_LYMPHOCYTE_DIFFERENTIATION	TLS_VISIUM_USZ::LC5	7	312	0.0246	0.053	flat	0.0071
GO:GOBP_LYMPHOCYTE_MEDIATED_IMMUNITY	TLS_VISIUM_USZ::LC5	7	312	0.0062	0.588	flat	0.0053
GO:GOBP_MACROAUTOPHAGY	TLS_VISIUM_USZ::LC5	7	312	0.1237	7.49e-09	flat	0.0326
GO:GOBP_MACROMOLECULE_CATABOLIC_PROCESS	TLS_VISIUM_USZ::LC5	7	312	0.1572	2.07e-11	flat	0.0176
GO:GOBP_MAINTENANCE_OF_CELL_NUMBER	TLS_VISIUM_USZ::LC5	7	312	0.0243	0.0554	flat	0.0087
GO:GOBP_MAINTENANCE_OF_LOCATION	TLS_VISIUM_USZ::LC5	7	312	0.0175	0.141	flat	0.0056
GO:GOBP_MALE_GAMETE_GENERATION	TLS_VISIUM_USZ::LC5	7	312	0.0452	0.00257	flat	0.0101
GO:GOBP_MALE_SEX_DIFFERENTIATION	TLS_VISIUM_USZ::LC5	7	312	0.0271	0.0371	flat	0.0103
GO:GOBP_MAPK_CASCADE	TLS_VISIUM_USZ::LC5	7	312	0.0186	0.122	flat	0.0048
GO:GOBP_MEIOSIS_I_CELL_CYCLE_PROCESS	TLS_VISIUM_USZ::LC5	7	312	0.0037	0.766	flat	0.0038
GO:GOBP_MEIOTIC_CELL_CYCLE	TLS_VISIUM_USZ::LC5	7	312	0.0044	0.715	flat	0.0031
GO:GOBP_MEIOTIC_CELL_CYCLE_PROCESS	TLS_VISIUM_USZ::LC5	7	312	0.021	0.0875	flat	0.0077
GO:GOBP_MEMBRANELESS_ORGANELLE_ASSEMBLY	TLS_VISIUM_USZ::LC5	7	312	0.0817	8.35e-06	flat	0.0198
GO:GOBP_MEMBRANE_LIPID_METABOLIC_PROCESS	TLS_VISIUM_USZ::LC5	7	312	0.0211	0.0865	flat	0.0099
GO:GOBP_MEMBRANE_ORGANIZATION	TLS_VISIUM_USZ::LC5	7	312	0.1018	3.04e-07	flat	0.0137
GO:GOBP_MESENCHYMAL_CELL_DIFFERENTIATION	TLS_VISIUM_USZ::LC5	7	312	0.006	0.606	flat	0.0036
GO:GOBP_MESENCHYME_DEVELOPMENT	TLS_VISIUM_USZ::LC5	7	312	0.0427	0.00373	flat	0.0086
GO:GOBP_METAL_ION_TRANSPORT	TLS_VISIUM_USZ::LC5	7	312	0.0849	4.96e-06	flat	0.0137
GO:GOBP_METAPHASE_CHROMOSOME_ALIGNMENT	TLS_VISIUM_USZ::LC5	7	312	0.0258	0.0447	flat	0.0156
GO:GOBP_MICROTUBULE_BASED_MOVEMENT	TLS_VISIUM_USZ::LC5	7	312	0.0281	0.0321	flat	0.0079
GO:GOBP_MICROTUBULE_BASED_PROCESS	TLS_VISIUM_USZ::LC5	7	312	0.0603	0.00025	flat	0.0155
GO:GOBP_MICROTUBULE_CYTOSKELETON_ORGANIZATION	TLS_VISIUM_USZ::LC5	7	312	0.0113	0.318	flat	0.0059
GO:GOBP_MICROTUBULE_CYTOSKELETON_ORGANIZATION_INVOLVED_IN_MITOSIS	TLS_VISIUM_USZ::LC5	7	312	0.0489	0.00146	flat	0.0259
GO:GOBP_MITOCHONDRIAL_ELECTRON_TRANSPORT_CYTOCHROME_C_TO_OXYGEN	TLS_VISIUM_USZ::LC5	7	312	0.0449	0.00267	flat	0.0438
GO:GOBP_MITOCHONDRIAL_TRANSPORT	TLS_VISIUM_USZ::LC5	7	312	0.0632	0.000159	flat	0.0247
GO:GOBP_MITOCHONDRION_ORGANIZATION	TLS_VISIUM_USZ::LC5	7	312	0.0139	0.229	flat	0.0069
GO:GOBP_MITOTIC_CELL_CYCLE	TLS_VISIUM_USZ::LC5	7	312	0.0772	1.71e-05	flat	0.0128
GO:GOBP_MITOTIC_CELL_CYCLE_CHECKPOINT_SIGNALING	TLS_VISIUM_USZ::LC5	7	312	0.0607	0.000235	flat	0.0237
GO:GOBP_MITOTIC_CELL_CYCLE_PHASE_TRANSITION	TLS_VISIUM_USZ::LC5	7	312	0.0726	3.55e-05	flat	0.0149
GO:GOBP_MITOTIC_CELL_CYCLE_PROCESS	TLS_VISIUM_USZ::LC5	7	312	0.1095	8.37e-08	flat	0.0203
GO:GOBP_MITOTIC_NUCLEAR_DIVISION	TLS_VISIUM_USZ::LC5	7	312	0.0879	3e-06	flat	0.0226
GO:GOBP_MITOTIC_SISTER_CHROMATID_SEGREGATION	TLS_VISIUM_USZ::LC5	7	312	0.0722	3.81e-05	flat	0.0237
GO:GOBP_MITOTIC_SISTER_CHROMATID_SEPARATION	TLS_VISIUM_USZ::LC5	7	312	0.0069	0.544	flat	0.0125
GO:GOBP_MITOTIC_SPINDLE_ASSEMBLY	TLS_VISIUM_USZ::LC5	7	312	0.0703	5.2e-05	flat	0.0358
GO:GOBP_MITOTIC_SPINDLE_ORGANIZATION	TLS_VISIUM_USZ::LC5	7	312	0.0627	0.000171	flat	0.0282
GO:GOBP_MODIFICATION_DEPENDENT_MACROMOLECULE_CATABOLIC_PROCESS	TLS_VISIUM_USZ::LC5	7	312	0.0862	3.98e-06	flat	0.0172
GO:GOBP_MODIFIED_AMINO_ACID_METABOLIC_PROCESS	TLS_VISIUM_USZ::LC5	7	312	0.0026	0.845	flat	0.003
GO:GOBP_MONOATOMIC_CATION_TRANSMEMBRANE_TRANSPORT	TLS_VISIUM_USZ::LC5	7	312	0.0714	4.36e-05	flat	0.0108
GO:GOBP_MONOATOMIC_CATION_TRANSPORT	TLS_VISIUM_USZ::LC5	7	312	0.0546	0.000607	flat	0.0066
GO:GOBP_MONOATOMIC_ION_HOMEOSTASIS	TLS_VISIUM_USZ::LC5	7	312	0.0357	0.0105	flat	0.0067
GO:GOBP_MONOATOMIC_ION_TRANSMEMBRANE_TRANSPORT	TLS_VISIUM_USZ::LC5	7	312	0.0411	0.00475	flat	0.0069
GO:GOBP_MONOATOMIC_ION_TRANSPORT	TLS_VISIUM_USZ::LC5	7	312	0.0964	7.48e-07	flat	0.0148
GO:GOBP_MONOCARBOXYLIC_ACID_BIOSYNTHETIC_PROCESS	TLS_VISIUM_USZ::LC5	7	312	0.0422	0.00404	flat	0.0172
GO:GOBP_MONOCARBOXYLIC_ACID_METABOLIC_PROCESS	TLS_VISIUM_USZ::LC5	7	312	0.0041	0.738	flat	0.0018
GO:GOBP_MONONUCLEAR_CELL_DIFFERENTIATION	TLS_VISIUM_USZ::LC5	7	312	0.0239	0.0587	flat	0.0088
GO:GOBP_MONONUCLEAR_CELL_MIGRATION	TLS_VISIUM_USZ::LC5	7	312	0.0476	0.00177	flat	0.009
GO:GOBP_MONOSACCHARIDE_METABOLIC_PROCESS	TLS_VISIUM_USZ::LC5	7	312	0.0104	0.357	flat	0.0044
GO:GOBP_MORPHOGENESIS_OF_AN_EPITHELIUM	TLS_VISIUM_USZ::LC5	7	312	0.0158	0.178	flat	0.0046
GO:GOBP_MORPHOGENESIS_OF_A_BRANCHING_STRUCTURE	TLS_VISIUM_USZ::LC5	7	312	0.1056	1.6e-07	flat	0.0219
GO:GOBP_MRNA_CATABOLIC_PROCESS	TLS_VISIUM_USZ::LC5	7	312	0.1186	1.77e-08	flat	0.037
GO:GOBP_MRNA_METABOLIC_PROCESS	TLS_VISIUM_USZ::LC5	7	312	0.1506	6.73e-11	flat	0.0295
GO:GOBP_MRNA_PROCESSING	TLS_VISIUM_USZ::LC5	7	312	0.1712	1.62e-12	flat	0.0379
GO:GOBP_MRNA_TRANSPORT	TLS_VISIUM_USZ::LC5	7	312	0.1223	9.49e-09	flat	0.0676
GO:GOBP_MULTICELLULAR_ORGANISMAL_LEVEL_HOMEOSTASIS	TLS_VISIUM_USZ::LC5	7	312	0.0757	2.19e-05	flat	0.0124
GO:GOBP_MULTICELLULAR_ORGANISMAL_REPRODUCTIVE_PROCESS	TLS_VISIUM_USZ::LC5	7	312	0.0774	1.66e-05	flat	0.0119
GO:GOBP_MUSCLE_CELL_DEVELOPMENT	TLS_VISIUM_USZ::LC5	7	312	0.0311	0.0208	flat	0.0113
GO:GOBP_MUSCLE_CELL_DIFFERENTIATION	TLS_VISIUM_USZ::LC5	7	312	0.0446	0.00283	flat	0.0108
GO:GOBP_MUSCLE_CELL_PROLIFERATION	TLS_VISIUM_USZ::LC5	7	312	0.0253	0.0477	flat	0.0106
GO:GOBP_MUSCLE_CONTRACTION	TLS_VISIUM_USZ::LC5	7	312	0.0528	0.000797	flat	0.0123
GO:GOBP_MUSCLE_ORGAN_DEVELOPMENT	TLS_VISIUM_USZ::LC5	7	312	0.0407	0.00504	flat	0.0092
GO:GOBP_MUSCLE_STRUCTURE_DEVELOPMENT	TLS_VISIUM_USZ::LC5	7	312	0.0051	0.662	flat	0.0034
GO:GOBP_MUSCLE_SYSTEM_PROCESS	TLS_VISIUM_USZ::LC5	7	312	0.0491	0.00142	flat	0.013
GO:GOBP_MUSCLE_TISSUE_DEVELOPMENT	TLS_VISIUM_USZ::LC5	7	312	0.015	0.198	flat	0.0066
GO:GOBP_MYELOID_CELL_DIFFERENTIATION	TLS_VISIUM_USZ::LC5	7	312	0.0509	0.00107	flat	0.0107
GO:GOBP_MYELOID_CELL_HOMEOSTASIS	TLS_VISIUM_USZ::LC5	7	312	0.1004	3.84e-07	flat	0.0291
GO:GOBP_MYELOID_LEUKOCYTE_ACTIVATION	TLS_VISIUM_USZ::LC5	7	312	0.0231	0.0651	flat	0.0084
GO:GOBP_MYELOID_LEUKOCYTE_DIFFERENTIATION	TLS_VISIUM_USZ::LC5	7	312	0.0323	0.0174	flat	0.0126
GO:GOBP_NEGATIVE_REGULATION_OF_APOPTOTIC_SIGNALING_PATHWAY	TLS_VISIUM_USZ::LC5	7	312	0.1024	2.76e-07	flat	0.0231
GO:GOBP_NEGATIVE_REGULATION_OF_CATABOLIC_PROCESS	TLS_VISIUM_USZ::LC5	7	312	0.0812	8.94e-06	flat	0.0171
GO:GOBP_NEGATIVE_REGULATION_OF_CELLULAR_COMPONENT_ORGANIZATION	TLS_VISIUM_USZ::LC5	7	312	0.0648	0.000124	flat	0.0092
GO:GOBP_NEGATIVE_REGULATION_OF_CELLULAR_RESPONSE_TO_GROWTH_FACTOR_STIMULUS	TLS_VISIUM_USZ::LC5	7	312	0.0494	0.00134	flat	0.0188
GO:GOBP_NEGATIVE_REGULATION_OF_CELL_ACTIVATION	TLS_VISIUM_USZ::LC5	7	312	0.0392	0.00631	flat	0.0147
GO:GOBP_NEGATIVE_REGULATION_OF_CELL_ADHESION	TLS_VISIUM_USZ::LC5	7	312	0.0437	0.00321	flat	0.0085
GO:GOBP_NEGATIVE_REGULATION_OF_CELL_CYCLE	TLS_VISIUM_USZ::LC5	7	312	0.1176	2.1e-08	flat	0.02
GO:GOBP_NEGATIVE_REGULATION_OF_CELL_CYCLE_PROCESS	TLS_VISIUM_USZ::LC5	7	312	0.0685	6.9e-05	flat	0.0171
GO:GOBP_NEGATIVE_REGULATION_OF_CELL_DEVELOPMENT	TLS_VISIUM_USZ::LC5	7	312	0.026	0.0432	flat	0.0073
GO:GOBP_NEGATIVE_REGULATION_OF_CELL_DIFFERENTIATION	TLS_VISIUM_USZ::LC5	7	312	0.0183	0.128	flat	0.0036
GO:GOBP_NEGATIVE_REGULATION_OF_CELL_POPULATION_PROLIFERATION	TLS_VISIUM_USZ::LC5	7	312	0.0506	0.00113	flat	0.0071
GO:GOBP_NEGATIVE_REGULATION_OF_CYTOKINE_PRODUCTION	TLS_VISIUM_USZ::LC5	7	312	0.0115	0.314	flat	0.0059
GO:GOBP_NEGATIVE_REGULATION_OF_CYTOSKELETON_ORGANIZATION	TLS_VISIUM_USZ::LC5	7	312	0.0063	0.585	flat	0.0071
GO:GOBP_NEGATIVE_REGULATION_OF_DEFENSE_RESPONSE	TLS_VISIUM_USZ::LC5	7	312	0.0284	0.031	flat	0.0111
GO:GOBP_NEGATIVE_REGULATION_OF_DEVELOPMENTAL_PROCESS	TLS_VISIUM_USZ::LC5	7	312	0.0146	0.21	flat	0.0053
GO:GOBP_NEGATIVE_REGULATION_OF_GENE_EXPRESSION	TLS_VISIUM_USZ::LC5	7	312	0.0916	1.64e-06	flat	0.0113
GO:GOBP_NEGATIVE_REGULATION_OF_GENE_EXPRESSION_EPIGENETIC	TLS_VISIUM_USZ::LC5	7	312	0.0805	1e-05	flat	0.0378
GO:GOBP_NEGATIVE_REGULATION_OF_IMMUNE_SYSTEM_PROCESS	TLS_VISIUM_USZ::LC5	7	312	0.0142	0.219	flat	0.007
GO:GOBP_NEGATIVE_REGULATION_OF_INFLAMMATORY_RESPONSE	TLS_VISIUM_USZ::LC5	7	312	0.0354	0.011	flat	0.0196
GO:GOBP_NEGATIVE_REGULATION_OF_INNATE_IMMUNE_RESPONSE	TLS_VISIUM_USZ::LC5	7	312	0.0205	0.094	flat	0.0185
GO:GOBP_NEGATIVE_REGULATION_OF_INTRACELLULAR_SIGNAL_TRANSDUCTION	TLS_VISIUM_USZ::LC5	7	312	0.0608	0.00023	flat	0.0113
GO:GOBP_NEGATIVE_REGULATION_OF_LEUKOCYTE_MEDIATED_IMMUNITY	TLS_VISIUM_USZ::LC5	7	312	0.0404	0.00529	flat	0.0275
GO:GOBP_NEGATIVE_REGULATION_OF_LOCOMOTION	TLS_VISIUM_USZ::LC5	7	312	0.0541	0.000653	flat	0.0087
GO:GOBP_NEGATIVE_REGULATION_OF_LYMPHOCYTE_ACTIVATION	TLS_VISIUM_USZ::LC5	7	312	0.0159	0.177	flat	0.0079
GO:GOBP_NEGATIVE_REGULATION_OF_MITOTIC_CELL_CYCLE	TLS_VISIUM_USZ::LC5	7	312	0.0152	0.192	flat	0.0089
GO:GOBP_NEGATIVE_REGULATION_OF_MITOTIC_CELL_CYCLE_PHASE_TRANSITION	TLS_VISIUM_USZ::LC5	7	312	0.0366	0.00927	flat	0.0252
GO:GOBP_NEGATIVE_REGULATION_OF_MOLECULAR_FUNCTION	TLS_VISIUM_USZ::LC5	7	312	0.0288	0.029	flat	0.0109
GO:GOBP_NEGATIVE_REGULATION_OF_MULTICELLULAR_ORGANISMAL_PROCESS	TLS_VISIUM_USZ::LC5	7	312	0.0253	0.0483	flat	0.004
GO:GOBP_NEGATIVE_REGULATION_OF_NUCLEOBASE_CONTAINING_COMPOUND_METABOLIC_PROCESS	TLS_VISIUM_USZ::LC5	7	312	0.0255	0.0468	flat	0.0052
GO:GOBP_NEGATIVE_REGULATION_OF_ORGANELLE_ORGANIZATION	TLS_VISIUM_USZ::LC5	7	312	0.0421	0.00406	flat	0.0125
GO:GOBP_NEGATIVE_REGULATION_OF_PROGRAMMED_CELL_DEATH	TLS_VISIUM_USZ::LC5	7	312	0.1111	6.34e-08	flat	0.0106
GO:GOBP_NEGATIVE_REGULATION_OF_PROTEIN_LOCALIZATION	TLS_VISIUM_USZ::LC5	7	312	0.0223	0.0737	flat	0.0088
GO:GOBP_NEGATIVE_REGULATION_OF_PROTEIN_METABOLIC_PROCESS	TLS_VISIUM_USZ::LC5	7	312	0.1662	4.08e-12	flat	0.0313
GO:GOBP_NEGATIVE_REGULATION_OF_PROTEIN_MODIFICATION_PROCESS	TLS_VISIUM_USZ::LC5	7	312	0.0851	4.77e-06	flat	0.024
GO:GOBP_NEGATIVE_REGULATION_OF_PROTEOLYSIS	TLS_VISIUM_USZ::LC5	7	312	0.0372	0.0085	flat	0.014
GO:GOBP_NEGATIVE_REGULATION_OF_REPRODUCTIVE_PROCESS	TLS_VISIUM_USZ::LC5	7	312	0.0202	0.0984	flat	0.0088
GO:GOBP_NEGATIVE_REGULATION_OF_RESPONSE_TO_BIOTIC_STIMULUS	TLS_VISIUM_USZ::LC5	7	312	0.0164	0.165	flat	0.008
GO:GOBP_NEGATIVE_REGULATION_OF_RESPONSE_TO_EXTERNAL_STIMULUS	TLS_VISIUM_USZ::LC5	7	312	0.0035	0.781	flat	0.0029
GO:GOBP_NEGATIVE_REGULATION_OF_RESPONSE_TO_STIMULUS	TLS_VISIUM_USZ::LC5	7	312	0.0817	8.32e-06	flat	0.0065
GO:GOBP_NEGATIVE_REGULATION_OF_RNA_METABOLIC_PROCESS	TLS_VISIUM_USZ::LC5	7	312	0.0136	0.237	flat	0.0023
GO:GOBP_NEGATIVE_REGULATION_OF_SIGNALING	TLS_VISIUM_USZ::LC5	7	312	0.1389	5.33e-10	flat	0.0111
GO:GOBP_NEGATIVE_REGULATION_OF_SMOOTH_MUSCLE_CELL_PROLIFERATION	TLS_VISIUM_USZ::LC5	7	312	0.0221	0.0754	flat	0.0141
GO:GOBP_NEGATIVE_REGULATION_OF_SUPRAMOLECULAR_FIBER_ORGANIZATION	TLS_VISIUM_USZ::LC5	7	312	0.017	0.151	flat	0.0099
GO:GOBP_NEGATIVE_REGULATION_OF_TRANSCRIPTION_BY_RNA_POLYMERASE_II	TLS_VISIUM_USZ::LC5	7	312	0.006	0.601	flat	0.0022
GO:GOBP_NEGATIVE_REGULATION_OF_TRANSFORMING_GROWTH_FACTOR_BETA_RECEPTOR_SIGNALING_PATHWAY	TLS_VISIUM_USZ::LC5	7	312	0.0561	0.000483	flat	0.0267
GO:GOBP_NEGATIVE_REGULATION_OF_TRANSMEMBRANE_RECEPTOR_PROTEIN_SERINE_THREONINE_KINASE_SIGNALING_PATHWAY	TLS_VISIUM_USZ::LC5	7	312	0.0176	0.14	flat	0.0077
GO:GOBP_NEGATIVE_REGULATION_OF_TRANSPORT	TLS_VISIUM_USZ::LC5	7	312	0.0083	0.465	flat	0.0035
GO:GOBP_NEGATIVE_REGULATION_OF_VIRAL_PROCESS	TLS_VISIUM_USZ::LC5	7	312	0.0114	0.318	flat	0.0176
GO:GOBP_NEGATIVE_REGULATION_OF_WNT_SIGNALING_PATHWAY	TLS_VISIUM_USZ::LC5	7	312	0.0106	0.35	flat	0.0046
GO:GOBP_NERVOUS_SYSTEM_PROCESS	TLS_VISIUM_USZ::LC5	7	312	0.0975	6.23e-07	flat	0.022
GO:GOBP_NEUROGENESIS	TLS_VISIUM_USZ::LC5	7	312	0.0298	0.0252	flat	0.0065
GO:GOBP_NEURON_DEVELOPMENT	TLS_VISIUM_USZ::LC5	7	312	0.0415	0.00447	flat	0.0071
GO:GOBP_NEURON_PROJECTION_GUIDANCE	TLS_VISIUM_USZ::LC5	7	312	0.0329	0.016	flat	0.0105
GO:GOBP_NITROGEN_COMPOUND_TRANSPORT	TLS_VISIUM_USZ::LC5	7	312	0.1731	1.15e-12	flat	0.0126
GO:GOBP_NON_CANONICAL_WNT_SIGNALING_PATHWAY	TLS_VISIUM_USZ::LC5	7	312	0.0168	0.157	flat	0.0187
GO:GOBP_NOTCH_SIGNALING_PATHWAY	TLS_VISIUM_USZ::LC5	7	312	0.0125	0.274	flat	0.0093
GO:GOBP_NUCLEAR_CHROMOSOME_SEGREGATION	TLS_VISIUM_USZ::LC5	7	312	0.0323	0.0176	flat	0.0128
GO:GOBP_NUCLEAR_EXPORT	TLS_VISIUM_USZ::LC5	7	312	0.1606	1.11e-11	flat	0.0596
GO:GOBP_NUCLEAR_TRANSCRIBED_MRNA_CATABOLIC_PROCESS	TLS_VISIUM_USZ::LC5	7	312	0.1286	3.21e-09	flat	0.0603
GO:GOBP_NUCLEAR_TRANSPORT	TLS_VISIUM_USZ::LC5	7	312	0.16	1.25e-11	flat	0.0428
GO:GOBP_NUCLEIC_ACID_CATABOLIC_PROCESS	TLS_VISIUM_USZ::LC5	7	312	0.0947	9.82e-07	flat	0.0221
GO:GOBP_NUCLEOBASE_CONTAINING_COMPOUND_CATABOLIC_PROCESS	TLS_VISIUM_USZ::LC5	7	312	0.129	3e-09	flat	0.0218
GO:GOBP_NUCLEOBASE_CONTAINING_COMPOUND_TRANSPORT	TLS_VISIUM_USZ::LC5	7	312	0.0874	3.3e-06	flat	0.0294
GO:GOBP_NUCLEOBASE_CONTAINING_SMALL_MOLECULE_METABOLIC_PROCESS	TLS_VISIUM_USZ::LC5	7	312	0.0958	8.19e-07	flat	0.0147
GO:GOBP_NUCLEOSIDE_PHOSPHATE_BIOSYNTHETIC_PROCESS	TLS_VISIUM_USZ::LC5	7	312	0.0322	0.0177	flat	0.0129
GO:GOBP_NUCLEOSIDE_PHOSPHATE_CATABOLIC_PROCESS	TLS_VISIUM_USZ::LC5	7	312	0.0199	0.103	flat	0.0094
GO:GOBP_NUCLEOSIDE_TRIPHOSPHATE_BIOSYNTHETIC_PROCESS	TLS_VISIUM_USZ::LC5	7	312	0.0961	7.8e-07	flat	0.0469
GO:GOBP_NUCLEOSIDE_TRIPHOSPHATE_METABOLIC_PROCESS	TLS_VISIUM_USZ::LC5	7	312	0.1141	3.84e-08	flat	0.0394
GO:GOBP_NUCLEOTIDE_BIOSYNTHETIC_PROCESS	TLS_VISIUM_USZ::LC5	7	312	0.0954	8.77e-07	flat	0.0358
GO:GOBP_NUCLEOTIDE_METABOLIC_PROCESS	TLS_VISIUM_USZ::LC5	7	312	0.133	1.48e-09	flat	0.0283
GO:GOBP_OLEFINIC_COMPOUND_METABOLIC_PROCESS	TLS_VISIUM_USZ::LC5	7	312	0.0479	0.00171	flat	0.0134
GO:GOBP_ORGANELLE_ASSEMBLY	TLS_VISIUM_USZ::LC5	7	312	0.0453	0.00253	flat	0.0107
GO:GOBP_ORGANELLE_FISSION	TLS_VISIUM_USZ::LC5	7	312	0.0773	1.69e-05	flat	0.0141
GO:GOBP_ORGANELLE_LOCALIZATION	TLS_VISIUM_USZ::LC5	7	312	0.0159	0.176	flat	0.0073
GO:GOBP_ORGANIC_ACID_METABOLIC_PROCESS	TLS_VISIUM_USZ::LC5	7	312	0.0045	0.704	flat	0.0018
GO:GOBP_ORGANIC_ACID_TRANSPORT	TLS_VISIUM_USZ::LC5	7	312	0.0593	0.000294	flat	0.0121
GO:GOBP_ORGANIC_ANION_TRANSPORT	TLS_VISIUM_USZ::LC5	7	312	0.0414	0.00454	flat	0.0086
GO:GOBP_ORGANOPHOSPHATE_BIOSYNTHETIC_PROCESS	TLS_VISIUM_USZ::LC5	7	312	0.0519	0.000915	flat	0.0112
GO:GOBP_ORGANOPHOSPHATE_CATABOLIC_PROCESS	TLS_VISIUM_USZ::LC5	7	312	0.0093	0.411	flat	0.0062
GO:GOBP_ORGANOPHOSPHATE_METABOLIC_PROCESS	TLS_VISIUM_USZ::LC5	7	312	0.0635	0.000151	flat	0.008
GO:GOBP_OSSIFICATION	TLS_VISIUM_USZ::LC5	7	312	0.0228	0.0681	flat	0.0068
GO:GOBP_OSTEOBLAST_PROLIFERATION	TLS_VISIUM_USZ::LC5	7	312	0.0538	0.000689	flat	0.0611
GO:GOBP_OXIDATIVE_PHOSPHORYLATION	TLS_VISIUM_USZ::LC5	7	312	0.1174	2.19e-08	flat	0.0743
GO:GOBP_PATTERN_SPECIFICATION_PROCESS	TLS_VISIUM_USZ::LC5	7	312	0.0874	3.26e-06	flat	0.0179
GO:GOBP_PEPTIDE_ANTIGEN_ASSEMBLY_WITH_MHC_PROTEIN_COMPLEX	TLS_VISIUM_USZ::LC5	7	312	0.0681	7.27e-05	flat	0.0807
GO:GOBP_PEPTIDE_TRANSPORT	TLS_VISIUM_USZ::LC5	7	312	0.036	0.0102	flat	0.009
GO:GOBP_PEPTIDYL_AMINO_ACID_MODIFICATION	TLS_VISIUM_USZ::LC5	7	312	0.0338	0.0141	flat	0.0078
GO:GOBP_PHOSPHATIDYLINOSITOL_3_KINASE_PROTEIN_KINASE_B_SIGNAL_TRANSDUCTION	TLS_VISIUM_USZ::LC5	7	312	0.0045	0.705	flat	0.0037
GO:GOBP_PHOSPHOLIPID_BIOSYNTHETIC_PROCESS	TLS_VISIUM_USZ::LC5	7	312	0.0718	4.08e-05	flat	0.0204
GO:GOBP_PHOSPHOLIPID_METABOLIC_PROCESS	TLS_VISIUM_USZ::LC5	7	312	0.0114	0.317	flat	0.0049
GO:GOBP_PHOSPHORUS_METABOLIC_PROCESS	TLS_VISIUM_USZ::LC5	7	312	0.0625	0.000177	flat	0.0066
GO:GOBP_PHOSPHORYLATION	TLS_VISIUM_USZ::LC5	7	312	0.0302	0.0238	flat	0.0079
GO:GOBP_PLACENTA_DEVELOPMENT	TLS_VISIUM_USZ::LC5	7	312	0.061	0.000225	flat	0.0169
GO:GOBP_POSITIVE_REGULATION_OF_ADAPTIVE_IMMUNE_RESPONSE	TLS_VISIUM_USZ::LC5	7	312	0.0019	0.898	flat	0.0041
GO:GOBP_POSITIVE_REGULATION_OF_CANONICAL_NF_KAPPAB_SIGNAL_TRANSDUCTION	TLS_VISIUM_USZ::LC5	7	312	0.0219	0.0769	flat	0.0099
GO:GOBP_POSITIVE_REGULATION_OF_CATABOLIC_PROCESS	TLS_VISIUM_USZ::LC5	7	312	0.0811	9.19e-06	flat	0.0149
GO:GOBP_POSITIVE_REGULATION_OF_CATALYTIC_ACTIVITY	TLS_VISIUM_USZ::LC5	7	312	0.0237	0.0601	flat	0.0087
GO:GOBP_POSITIVE_REGULATION_OF_CELLULAR_COMPONENT_BIOGENESIS	TLS_VISIUM_USZ::LC5	7	312	0.0219	0.0771	flat	0.0072
GO:GOBP_POSITIVE_REGULATION_OF_CELLULAR_COMPONENT_ORGANIZATION	TLS_VISIUM_USZ::LC5	7	312	0.0277	0.0342	flat	0.005
GO:GOBP_POSITIVE_REGULATION_OF_CELL_ACTIVATION	TLS_VISIUM_USZ::LC5	7	312	0.0129	0.261	flat	0.0079
GO:GOBP_POSITIVE_REGULATION_OF_CELL_ADHESION	TLS_VISIUM_USZ::LC5	7	312	0.0168	0.155	flat	0.006
GO:GOBP_POSITIVE_REGULATION_OF_CELL_CELL_ADHESION	TLS_VISIUM_USZ::LC5	7	312	0.0088	0.436	flat	0.0078
GO:GOBP_POSITIVE_REGULATION_OF_CELL_CYCLE	TLS_VISIUM_USZ::LC5	7	312	0.014	0.226	flat	0.0054
GO:GOBP_POSITIVE_REGULATION_OF_CELL_CYCLE_PHASE_TRANSITION	TLS_VISIUM_USZ::LC5	7	312	0.0227	0.0694	flat	0.0089
GO:GOBP_POSITIVE_REGULATION_OF_CELL_CYCLE_PROCESS	TLS_VISIUM_USZ::LC5	7	312	0.0516	0.000967	flat	0.0105
GO:GOBP_POSITIVE_REGULATION_OF_CELL_DEVELOPMENT	TLS_VISIUM_USZ::LC5	7	312	0.0328	0.0162	flat	0.0073
GO:GOBP_POSITIVE_REGULATION_OF_CELL_DIFFERENTIATION	TLS_VISIUM_USZ::LC5	7	312	0.0207	0.0913	flat	0.0042
GO:GOBP_POSITIVE_REGULATION_OF_CELL_KILLING	TLS_VISIUM_USZ::LC5	7	312	0.0417	0.00433	flat	0.0163
GO:GOBP_POSITIVE_REGULATION_OF_CELL_POPULATION_PROLIFERATION	TLS_VISIUM_USZ::LC5	7	312	0.0089	0.43	flat	0.0024
GO:GOBP_POSITIVE_REGULATION_OF_CHROMOSOME_ORGANIZATION	TLS_VISIUM_USZ::LC5	7	312	0.0651	0.000118	flat	0.0513
GO:GOBP_POSITIVE_REGULATION_OF_CYTOKINE_PRODUCTION	TLS_VISIUM_USZ::LC5	7	312	0.0297	0.0254	flat	0.005
GO:GOBP_POSITIVE_REGULATION_OF_CYTOSKELETON_ORGANIZATION	TLS_VISIUM_USZ::LC5	7	312	0.0041	0.739	flat	0.0045
GO:GOBP_POSITIVE_REGULATION_OF_DEFENSE_RESPONSE	TLS_VISIUM_USZ::LC5	7	312	0.0079	0.483	flat	0.0041
GO:GOBP_POSITIVE_REGULATION_OF_DEVELOPMENTAL_PROCESS	TLS_VISIUM_USZ::LC5	7	312	0.0222	0.0745	flat	0.0034
GO:GOBP_POSITIVE_REGULATION_OF_DNA_BIOSYNTHETIC_PROCESS	TLS_VISIUM_USZ::LC5	7	312	0.0778	1.55e-05	flat	0.0517
GO:GOBP_POSITIVE_REGULATION_OF_DNA_METABOLIC_PROCESS	TLS_VISIUM_USZ::LC5	7	312	0.1086	9.78e-08	flat	0.0305
GO:GOBP_POSITIVE_REGULATION_OF_DNA_REPAIR	TLS_VISIUM_USZ::LC5	7	312	0.0565	0.000455	flat	0.0265
GO:GOBP_POSITIVE_REGULATION_OF_ESTABLISHMENT_OF_PROTEIN_LOCALIZATION	TLS_VISIUM_USZ::LC5	7	312	0.0147	0.205	flat	0.0085
GO:GOBP_POSITIVE_REGULATION_OF_GENE_EXPRESSION	TLS_VISIUM_USZ::LC5	7	312	0.0301	0.0243	flat	0.0053
GO:GOBP_POSITIVE_REGULATION_OF_IMMUNE_EFFECTOR_PROCESS	TLS_VISIUM_USZ::LC5	7	312	0.0187	0.121	flat	0.0072
GO:GOBP_POSITIVE_REGULATION_OF_IMMUNE_RESPONSE	TLS_VISIUM_USZ::LC5	7	312	0.0039	0.748	flat	0.0039
GO:GOBP_POSITIVE_REGULATION_OF_IMMUNE_SYSTEM_PROCESS	TLS_VISIUM_USZ::LC5	7	312	0.0084	0.458	flat	0.0043
GO:GOBP_POSITIVE_REGULATION_OF_INTERFERON_BETA_PRODUCTION	TLS_VISIUM_USZ::LC5	7	312	0.0489	0.00147	flat	0.0489
GO:GOBP_POSITIVE_REGULATION_OF_INTRACELLULAR_SIGNAL_TRANSDUCTION	TLS_VISIUM_USZ::LC5	7	312	0.0209	0.0892	flat	0.0052
GO:GOBP_POSITIVE_REGULATION_OF_LEUKOCYTE_CELL_CELL_ADHESION	TLS_VISIUM_USZ::LC5	7	312	0.033	0.0159	flat	0.0125
GO:GOBP_POSITIVE_REGULATION_OF_LEUKOCYTE_MEDIATED_IMMUNITY	TLS_VISIUM_USZ::LC5	7	312	0.0025	0.855	flat	0.0045
GO:GOBP_POSITIVE_REGULATION_OF_LEUKOCYTE_MIGRATION	TLS_VISIUM_USZ::LC5	7	312	0.0584	0.000336	flat	0.0204
GO:GOBP_POSITIVE_REGULATION_OF_LEUKOCYTE_PROLIFERATION	TLS_VISIUM_USZ::LC5	7	312	0.0203	0.0967	flat	0.0149
GO:GOBP_POSITIVE_REGULATION_OF_LOCOMOTION	TLS_VISIUM_USZ::LC5	7	312	0.0706	4.89e-05	flat	0.0115
GO:GOBP_POSITIVE_REGULATION_OF_LYMPHOCYTE_DIFFERENTIATION	TLS_VISIUM_USZ::LC5	7	312	0.0083	0.463	flat	0.0069
GO:GOBP_POSITIVE_REGULATION_OF_MAPK_CASCADE	TLS_VISIUM_USZ::LC5	7	312	0.0263	0.0419	flat	0.006
GO:GOBP_POSITIVE_REGULATION_OF_MITOTIC_CELL_CYCLE	TLS_VISIUM_USZ::LC5	7	312	0.025	0.0503	flat	0.0121
GO:GOBP_POSITIVE_REGULATION_OF_MITOTIC_CELL_CYCLE_PHASE_TRANSITION	TLS_VISIUM_USZ::LC5	7	312	0.0059	0.606	flat	0.0057
GO:GOBP_POSITIVE_REGULATION_OF_MOLECULAR_FUNCTION	TLS_VISIUM_USZ::LC5	7	312	0.0428	0.00368	flat	0.0102
GO:GOBP_POSITIVE_REGULATION_OF_MRNA_METABOLIC_PROCESS	TLS_VISIUM_USZ::LC5	7	312	0.0855	4.43e-06	flat	0.0412
GO:GOBP_POSITIVE_REGULATION_OF_MULTICELLULAR_ORGANISMAL_PROCESS	TLS_VISIUM_USZ::LC5	7	312	0.0186	0.122	flat	0.0035
GO:GOBP_POSITIVE_REGULATION_OF_MYELOID_CELL_DIFFERENTIATION	TLS_VISIUM_USZ::LC5	7	312	0.0396	0.00597	flat	0.0166
GO:GOBP_POSITIVE_REGULATION_OF_NEUROGENESIS	TLS_VISIUM_USZ::LC5	7	312	0.0095	0.399	flat	0.0079
GO:GOBP_POSITIVE_REGULATION_OF_ORGANELLE_ORGANIZATION	TLS_VISIUM_USZ::LC5	7	312	0.0495	0.00132	flat	0.0106
GO:GOBP_POSITIVE_REGULATION_OF_PHOSPHATIDYLINOSITOL_3_KINASE_PROTEIN_KINASE_B_SIGNAL_TRANSDUCTION	TLS_VISIUM_USZ::LC5	7	312	0.0425	0.00386	flat	0.0133
GO:GOBP_POSITIVE_REGULATION_OF_PHOSPHORUS_METABOLIC_PROCESS	TLS_VISIUM_USZ::LC5	7	312	0.0272	0.0367	flat	0.0077
GO:GOBP_POSITIVE_REGULATION_OF_PHOSPHORYLATION	TLS_VISIUM_USZ::LC5	7	312	0.0248	0.0517	flat	0.0085
GO:GOBP_POSITIVE_REGULATION_OF_POST_TRANSLATIONAL_PROTEIN_MODIFICATION	TLS_VISIUM_USZ::LC5	7	312	0.0621	0.000189	flat	0.029
GO:GOBP_POSITIVE_REGULATION_OF_PRODUCTION_OF_MOLECULAR_MEDIATOR_OF_IMMUNE_RESPONSE	TLS_VISIUM_USZ::LC5	7	312	0.0077	0.496	flat	0.0068
GO:GOBP_POSITIVE_REGULATION_OF_PROGRAMMED_CELL_DEATH	TLS_VISIUM_USZ::LC5	7	312	0.0171	0.149	flat	0.0057
GO:GOBP_POSITIVE_REGULATION_OF_PROTEIN_CONTAINING_COMPLEX_ASSEMBLY	TLS_VISIUM_USZ::LC5	7	312	0.0432	0.00345	flat	0.0143
GO:GOBP_POSITIVE_REGULATION_OF_PROTEIN_LOCALIZATION	TLS_VISIUM_USZ::LC5	7	312	0.1076	1.16e-07	flat	0.0155
GO:GOBP_POSITIVE_REGULATION_OF_PROTEIN_METABOLIC_PROCESS	TLS_VISIUM_USZ::LC5	7	312	0.115	3.3e-08	flat	0.0143
GO:GOBP_POSITIVE_REGULATION_OF_PROTEIN_MODIFICATION_PROCESS	TLS_VISIUM_USZ::LC5	7	312	0.0703	5.15e-05	flat	0.0124
GO:GOBP_POSITIVE_REGULATION_OF_PROTEIN_TRANSPORT	TLS_VISIUM_USZ::LC5	7	312	0.0227	0.0695	flat	0.0078
GO:GOBP_POSITIVE_REGULATION_OF_RESPIRATORY_BURST	TLS_VISIUM_USZ::LC5	7	312	0.0988	5.01e-07	flat	0.0334
GO:GOBP_POSITIVE_REGULATION_OF_RESPONSE_TO_BIOTIC_STIMULUS	TLS_VISIUM_USZ::LC5	7	312	0.0454	0.0025	flat	0.0139
GO:GOBP_POSITIVE_REGULATION_OF_RESPONSE_TO_CYTOKINE_STIMULUS	TLS_VISIUM_USZ::LC5	7	312	0.0349	0.012	flat	0.0214
GO:GOBP_POSITIVE_REGULATION_OF_RESPONSE_TO_EXTERNAL_STIMULUS	TLS_VISIUM_USZ::LC5	7	312	0.0143	0.219	flat	0.0044
GO:GOBP_POSITIVE_REGULATION_OF_RNA_METABOLIC_PROCESS	TLS_VISIUM_USZ::LC5	7	312	0.0235	0.0622	flat	0.0051
GO:GOBP_POSITIVE_REGULATION_OF_SIGNALING	TLS_VISIUM_USZ::LC5	7	312	0.037	0.00877	flat	0.0048
GO:GOBP_POSITIVE_REGULATION_OF_TELOMERE_MAINTENANCE	TLS_VISIUM_USZ::LC5	7	312	0.0604	0.000247	flat	0.0346
GO:GOBP_POSITIVE_REGULATION_OF_TELOMERE_MAINTENANCE_VIA_TELOMERE_LENGTHENING	TLS_VISIUM_USZ::LC5	7	312	0.0611	0.00022	flat	0.0574
GO:GOBP_POSITIVE_REGULATION_OF_TRANSCRIPTION_BY_RNA_POLYMERASE_II	TLS_VISIUM_USZ::LC5	7	312	0.0046	0.698	flat	0.0018
GO:GOBP_POSITIVE_REGULATION_OF_TRANSFERASE_ACTIVITY	TLS_VISIUM_USZ::LC5	7	312	0.0168	0.156	flat	0.008
GO:GOBP_POSITIVE_REGULATION_OF_TRANSLATION	TLS_VISIUM_USZ::LC5	7	312	0.1065	1.38e-07	flat	0.0407
GO:GOBP_POSITIVE_REGULATION_OF_TRANSPORT	TLS_VISIUM_USZ::LC5	7	312	0.0242	0.0564	flat	0.0048
GO:GOBP_POSITIVE_REGULATION_OF_TUMOR_NECROSIS_FACTOR_SUPERFAMILY_CYTOKINE_PRODUCTION	TLS_VISIUM_USZ::LC5	7	312	0.0262	0.0422	flat	0.0133
GO:GOBP_POSITIVE_REGULATION_OF_TYPE_I_INTERFERON_PRODUCTION	TLS_VISIUM_USZ::LC5	7	312	0.042	0.00414	flat	0.0317
GO:GOBP_POSITIVE_REGULATION_OF_T_CELL_MEDIATED_IMMUNITY	TLS_VISIUM_USZ::LC5	7	312	0.0177	0.138	flat	0.0141
GO:GOBP_POSITIVE_REGULATION_OF_VASCULATURE_DEVELOPMENT	TLS_VISIUM_USZ::LC5	7	312	0.0886	2.68e-06	flat	0.0216
GO:GOBP_POSITIVE_REGULATION_OF_WNT_SIGNALING_PATHWAY	TLS_VISIUM_USZ::LC5	7	312	0.0064	0.58	flat	0.0067
GO:GOBP_POST_TRANSCRIPTIONAL_REGULATION_OF_GENE_EXPRESSION	TLS_VISIUM_USZ::LC5	7	312	0.1575	1.96e-11	flat	0.0301
GO:GOBP_POST_TRANSLATIONAL_PROTEIN_MODIFICATION	TLS_VISIUM_USZ::LC5	7	312	0.1041	2.06e-07	flat	0.0155
GO:GOBP_PROCESS_UTILIZING_AUTOPHAGIC_MECHANISM	TLS_VISIUM_USZ::LC5	7	312	0.0636	0.000148	flat	0.0122
GO:GOBP_PRODUCTION_OF_MOLECULAR_MEDIATOR_OF_IMMUNE_RESPONSE	TLS_VISIUM_USZ::LC5	7	312	0.0326	0.0168	flat	0.0106
GO:GOBP_PROTEASOMAL_PROTEIN_CATABOLIC_PROCESS	TLS_VISIUM_USZ::LC5	7	312	0.0927	1.37e-06	flat	0.023
GO:GOBP_PROTEASOME_MEDIATED_UBIQUITIN_DEPENDENT_PROTEIN_CATABOLIC_PROCESS	TLS_VISIUM_USZ::LC5	7	312	0.0294	0.0267	flat	0.0131
GO:GOBP_PROTEINOGENIC_AMINO_ACID_METABOLIC_PROCESS	TLS_VISIUM_USZ::LC5	7	312	0.008	0.48	flat	0.0061
GO:GOBP_PROTEIN_CATABOLIC_PROCESS	TLS_VISIUM_USZ::LC5	7	312	0.1063	1.43e-07	flat	0.0139
GO:GOBP_PROTEIN_COMPLEX_OLIGOMERIZATION	TLS_VISIUM_USZ::LC5	7	312	0.0279	0.0331	flat	0.011
GO:GOBP_PROTEIN_CONTAINING_COMPLEX_DISASSEMBLY	TLS_VISIUM_USZ::LC5	7	312	0.0737	3e-05	flat	0.0207
GO:GOBP_PROTEIN_CONTAINING_COMPLEX_LOCALIZATION	TLS_VISIUM_USZ::LC5	7	312	0.0141	0.223	flat	0.0096
GO:GOBP_PROTEIN_CONTAINING_COMPLEX_ORGANIZATION	TLS_VISIUM_USZ::LC5	7	312	0.1077	1.13e-07	flat	0.0128
GO:GOBP_PROTEIN_DNA_COMPLEX_ORGANIZATION	TLS_VISIUM_USZ::LC5	7	312	0.0226	0.0707	flat	0.0151
GO:GOBP_PROTEIN_FOLDING	TLS_VISIUM_USZ::LC5	7	312	0.1265	4.59e-09	flat	0.0518
GO:GOBP_PROTEIN_LOCALIZATION_TO_CELL_PERIPHERY	TLS_VISIUM_USZ::LC5	7	312	0.1107	6.79e-08	flat	0.0184
GO:GOBP_PROTEIN_LOCALIZATION_TO_CHROMOSOME	TLS_VISIUM_USZ::LC5	7	312	0.0195	0.109	flat	0.0199
GO:GOBP_PROTEIN_LOCALIZATION_TO_EXTRACELLULAR_REGION	TLS_VISIUM_USZ::LC5	7	312	0.0129	0.262	flat	0.0041
GO:GOBP_PROTEIN_LOCALIZATION_TO_MITOCHONDRION	TLS_VISIUM_USZ::LC5	7	312	0.0701	5.33e-05	flat	0.0313
GO:GOBP_PROTEIN_LOCALIZATION_TO_NUCLEUS	TLS_VISIUM_USZ::LC5	7	312	0.1079	1.09e-07	flat	0.0297
GO:GOBP_PROTEIN_LOCALIZATION_TO_ORGANELLE	TLS_VISIUM_USZ::LC5	7	312	0.1756	7.21e-13	flat	0.0232
GO:GOBP_PROTEIN_LOCALIZATION_TO_PLASMA_MEMBRANE	TLS_VISIUM_USZ::LC5	7	312	0.0861	4.03e-06	flat	0.0237
GO:GOBP_PROTEIN_MATURATION	TLS_VISIUM_USZ::LC5	7	312	0.1181	1.95e-08	flat	0.0242
GO:GOBP_PROTEIN_MODIFICATION_BY_SMALL_PROTEIN_CONJUGATION	TLS_VISIUM_USZ::LC5	7	312	0.0588	0.000317	flat	0.0099
GO:GOBP_PROTEIN_POLYMERIZATION	TLS_VISIUM_USZ::LC5	7	312	0.0137	0.235	flat	0.0048
GO:GOBP_PROTEIN_POLYUBIQUITINATION	TLS_VISIUM_USZ::LC5	7	312	0.0395	0.00604	flat	0.0179
GO:GOBP_PROTEIN_PROCESSING	TLS_VISIUM_USZ::LC5	7	312	0.042	0.00414	flat	0.0096
GO:GOBP_PROTEIN_RNA_COMPLEX_ORGANIZATION	TLS_VISIUM_USZ::LC5	7	312	0.1709	1.73e-12	flat	0.0716
GO:GOBP_PROTEIN_STABILIZATION	TLS_VISIUM_USZ::LC5	7	312	0.1049	1.82e-07	flat	0.0343
GO:GOBP_PROTEIN_TARGETING	TLS_VISIUM_USZ::LC5	7	312	0.0569	0.000428	flat	0.0159
GO:GOBP_PROTEIN_TARGETING_TO_MITOCHONDRION	TLS_VISIUM_USZ::LC5	7	312	0.035	0.0118	flat	0.0273
GO:GOBP_PROTEIN_TRANSPORT	TLS_VISIUM_USZ::LC5	7	312	0.1269	4.29e-09	flat	0.0116
GO:GOBP_PROTEOLYSIS	TLS_VISIUM_USZ::LC5	7	312	0.0707	4.81e-05	flat	0.0067
GO:GOBP_PROTEOLYSIS_INVOLVED_IN_PROTEIN_CATABOLIC_PROCESS	TLS_VISIUM_USZ::LC5	7	312	0.0973	6.38e-07	flat	0.0178
GO:GOBP_PROTON_MOTIVE_FORCE_DRIVEN_ATP_SYNTHESIS	TLS_VISIUM_USZ::LC5	7	312	0.0841	5.6e-06	flat	0.0847
GO:GOBP_PROTON_TRANSMEMBRANE_TRANSPORT	TLS_VISIUM_USZ::LC5	7	312	0.075	2.44e-05	flat	0.0271
GO:GOBP_PURINE_CONTAINING_COMPOUND_BIOSYNTHETIC_PROCESS	TLS_VISIUM_USZ::LC5	7	312	0.0387	0.00679	flat	0.0171
GO:GOBP_PURINE_CONTAINING_COMPOUND_METABOLIC_PROCESS	TLS_VISIUM_USZ::LC5	7	312	0.0217	0.0799	flat	0.0078
GO:GOBP_PURINE_NUCLEOTIDE_BIOSYNTHETIC_PROCESS	TLS_VISIUM_USZ::LC5	7	312	0.0529	0.000794	flat	0.0302
GO:GOBP_PYRIDINE_CONTAINING_COMPOUND_METABOLIC_PROCESS	TLS_VISIUM_USZ::LC5	7	312	0.054	0.000664	flat	0.0183
GO:GOBP_REACTIVE_OXYGEN_SPECIES_METABOLIC_PROCESS	TLS_VISIUM_USZ::LC5	7	312	0.0034	0.788	flat	0.004
GO:GOBP_RECEPTOR_MEDIATED_ENDOCYTOSIS	TLS_VISIUM_USZ::LC5	7	312	0.0246	0.0534	flat	0.0104
GO:GOBP_RECOMBINATIONAL_REPAIR	TLS_VISIUM_USZ::LC5	7	312	0.078	1.5e-05	flat	0.0369
GO:GOBP_REGENERATION	TLS_VISIUM_USZ::LC5	7	312	0.106	1.51e-07	flat	0.0259
GO:GOBP_REGULATION_OF_ACTIN_FILAMENT_BASED_PROCESS	TLS_VISIUM_USZ::LC5	7	312	0.0824	7.35e-06	flat	0.0142
GO:GOBP_REGULATION_OF_ACTIN_FILAMENT_ORGANIZATION	TLS_VISIUM_USZ::LC5	7	312	0.0293	0.0272	flat	0.0094
GO:GOBP_REGULATION_OF_ACTIN_FILAMENT_POLYMERIZATION	TLS_VISIUM_USZ::LC5	7	312	0.0433	0.00344	flat	0.0178
GO:GOBP_REGULATION_OF_ADAPTIVE_IMMUNE_RESPONSE	TLS_VISIUM_USZ::LC5	7	312	0.0236	0.061	flat	0.0119
GO:GOBP_REGULATION_OF_ALPHA_BETA_T_CELL_ACTIVATION	TLS_VISIUM_USZ::LC5	7	312	0.0132	0.252	flat	0.008
GO:GOBP_REGULATION_OF_ANATOMICAL_STRUCTURE_MORPHOGENESIS	TLS_VISIUM_USZ::LC5	7	312	0.0194	0.11	flat	0.0035
GO:GOBP_REGULATION_OF_ANATOMICAL_STRUCTURE_SIZE	TLS_VISIUM_USZ::LC5	7	312	0.0459	0.00229	flat	0.0084
GO:GOBP_REGULATION_OF_APOPTOTIC_SIGNALING_PATHWAY	TLS_VISIUM_USZ::LC5	7	312	0.0436	0.00324	flat	0.0094
GO:GOBP_REGULATION_OF_AUTOPHAGY	TLS_VISIUM_USZ::LC5	7	312	0.0396	0.00598	flat	0.0126
GO:GOBP_REGULATION_OF_BLOOD_CIRCULATION	TLS_VISIUM_USZ::LC5	7	312	0.0613	0.000215	flat	0.015
GO:GOBP_REGULATION_OF_BMP_SIGNALING_PATHWAY	TLS_VISIUM_USZ::LC5	7	312	0.0152	0.194	flat	0.0084
GO:GOBP_REGULATION_OF_BODY_FLUID_LEVELS	TLS_VISIUM_USZ::LC5	7	312	0.0075	0.506	flat	0.0049
GO:GOBP_REGULATION_OF_CANONICAL_WNT_SIGNALING_PATHWAY	TLS_VISIUM_USZ::LC5	7	312	0.006	0.604	flat	0.0033
GO:GOBP_REGULATION_OF_CARTILAGE_DEVELOPMENT	TLS_VISIUM_USZ::LC5	7	312	0.0061	0.595	flat	0.0071
GO:GOBP_REGULATION_OF_CATABOLIC_PROCESS	TLS_VISIUM_USZ::LC5	7	312	0.0906	1.92e-06	flat	0.0135
GO:GOBP_REGULATION_OF_CATALYTIC_ACTIVITY	TLS_VISIUM_USZ::LC5	7	312	0.0122	0.286	flat	0.0039
GO:GOBP_REGULATION_OF_CD4_POSITIVE_ALPHA_BETA_T_CELL_ACTIVATION	TLS_VISIUM_USZ::LC5	7	312	0.0048	0.684	flat	0.0091
GO:GOBP_REGULATION_OF_CD4_POSITIVE_ALPHA_BETA_T_CELL_DIFFERENTIATION	TLS_VISIUM_USZ::LC5	7	312	0.0348	0.0121	flat	0.0192
GO:GOBP_REGULATION_OF_CELLULAR_COMPONENT_BIOGENESIS	TLS_VISIUM_USZ::LC5	7	312	0.0074	0.515	flat	0.0029
GO:GOBP_REGULATION_OF_CELLULAR_COMPONENT_SIZE	TLS_VISIUM_USZ::LC5	7	312	0.0165	0.162	flat	0.0044
GO:GOBP_REGULATION_OF_CELLULAR_LOCALIZATION	TLS_VISIUM_USZ::LC5	7	312	0.1179	2.01e-08	flat	0.0145
GO:GOBP_REGULATION_OF_CELLULAR_RESPONSE_TO_GROWTH_FACTOR_STIMULUS	TLS_VISIUM_USZ::LC5	7	312	0.011	0.332	flat	0.0063
GO:GOBP_REGULATION_OF_CELLULAR_RESPONSE_TO_STRESS	TLS_VISIUM_USZ::LC5	7	312	0.0832	6.54e-06	flat	0.0247
GO:GOBP_REGULATION_OF_CELLULAR_RESPONSE_TO_TRANSFORMING_GROWTH_FACTOR_BETA_STIMULUS	TLS_VISIUM_USZ::LC5	7	312	0.0259	0.0439	flat	0.01
GO:GOBP_REGULATION_OF_CELL_ACTIVATION	TLS_VISIUM_USZ::LC5	7	312	0.0376	0.00798	flat	0.0123
GO:GOBP_REGULATION_OF_CELL_ADHESION	TLS_VISIUM_USZ::LC5	7	312	0.0323	0.0175	flat	0.0062
GO:GOBP_REGULATION_OF_CELL_CELL_ADHESION	TLS_VISIUM_USZ::LC5	7	312	0.011	0.331	flat	0.0043
GO:GOBP_REGULATION_OF_CELL_CYCLE	TLS_VISIUM_USZ::LC5	7	312	0.0496	0.00132	flat	0.0097
GO:GOBP_REGULATION_OF_CELL_CYCLE_G2_M_PHASE_TRANSITION	TLS_VISIUM_USZ::LC5	7	312	0.003	0.821	flat	0.0075
GO:GOBP_REGULATION_OF_CELL_CYCLE_PHASE_TRANSITION	TLS_VISIUM_USZ::LC5	7	312	0.0732	3.27e-05	flat	0.0146
GO:GOBP_REGULATION_OF_CELL_CYCLE_PROCESS	TLS_VISIUM_USZ::LC5	7	312	0.0714	4.3e-05	flat	0.0106
GO:GOBP_REGULATION_OF_CELL_DEVELOPMENT	TLS_VISIUM_USZ::LC5	7	312	0.017	0.152	flat	0.0036
GO:GOBP_REGULATION_OF_CELL_DIFFERENTIATION	TLS_VISIUM_USZ::LC5	7	312	0.0393	0.00625	flat	0.005
GO:GOBP_REGULATION_OF_CELL_JUNCTION_ASSEMBLY	TLS_VISIUM_USZ::LC5	7	312	0.0619	0.000196	flat	0.0116
GO:GOBP_REGULATION_OF_CELL_KILLING	TLS_VISIUM_USZ::LC5	7	312	0.1256	5.39e-09	flat	0.0256
GO:GOBP_REGULATION_OF_CELL_MATRIX_ADHESION	TLS_VISIUM_USZ::LC5	7	312	0.051	0.00106	flat	0.0162
GO:GOBP_REGULATION_OF_CELL_MORPHOGENESIS	TLS_VISIUM_USZ::LC5	7	312	0.0191	0.114	flat	0.0122
GO:GOBP_REGULATION_OF_CELL_POPULATION_PROLIFERATION	TLS_VISIUM_USZ::LC5	7	312	0.0341	0.0134	flat	0.003
GO:GOBP_REGULATION_OF_CELL_PROJECTION_ORGANIZATION	TLS_VISIUM_USZ::LC5	7	312	0.0073	0.518	flat	0.0041
GO:GOBP_REGULATION_OF_CELL_SHAPE	TLS_VISIUM_USZ::LC5	7	312	0.0116	0.307	flat	0.0085
GO:GOBP_REGULATION_OF_CELL_SUBSTRATE_ADHESION	TLS_VISIUM_USZ::LC5	7	312	0.0546	0.000609	flat	0.0133
GO:GOBP_REGULATION_OF_CELL_SUBSTRATE_JUNCTION_ORGANIZATION	TLS_VISIUM_USZ::LC5	7	312	0.0192	0.113	flat	0.012
GO:GOBP_REGULATION_OF_CHEMOTAXIS	TLS_VISIUM_USZ::LC5	7	312	0.0062	0.589	flat	0.0053
GO:GOBP_REGULATION_OF_CHROMOSOME_ORGANIZATION	TLS_VISIUM_USZ::LC5	7	312	0.0808	9.64e-06	flat	0.0297
GO:GOBP_REGULATION_OF_CHROMOSOME_SEGREGATION	TLS_VISIUM_USZ::LC5	7	312	0.0489	0.00146	flat	0.0201
GO:GOBP_REGULATION_OF_COAGULATION	TLS_VISIUM_USZ::LC5	7	312	0.0038	0.758	flat	0.0071
GO:GOBP_REGULATION_OF_CYTOSKELETON_ORGANIZATION	TLS_VISIUM_USZ::LC5	7	312	0.0654	0.000112	flat	0.0113
GO:GOBP_REGULATION_OF_DEFENSE_RESPONSE	TLS_VISIUM_USZ::LC5	7	312	0.0101	0.371	flat	0.0045
GO:GOBP_REGULATION_OF_DEFENSE_RESPONSE_TO_VIRUS	TLS_VISIUM_USZ::LC5	7	312	0.0222	0.0747	flat	0.022
GO:GOBP_REGULATION_OF_DNA_METABOLIC_PROCESS	TLS_VISIUM_USZ::LC5	7	312	0.1071	1.24e-07	flat	0.02
GO:GOBP_REGULATION_OF_DNA_REPAIR	TLS_VISIUM_USZ::LC5	7	312	0.071	4.61e-05	flat	0.029
GO:GOBP_REGULATION_OF_DNA_REPLICATION	TLS_VISIUM_USZ::LC5	7	312	0.0861	4.02e-06	flat	0.036
GO:GOBP_REGULATION_OF_DOUBLE_STRAND_BREAK_REPAIR	TLS_VISIUM_USZ::LC5	7	312	0.0339	0.0138	flat	0.0245
GO:GOBP_REGULATION_OF_ENDOCYTOSIS	TLS_VISIUM_USZ::LC5	7	312	0.0124	0.278	flat	0.0068
GO:GOBP_REGULATION_OF_EPITHELIAL_CELL_DIFFERENTIATION	TLS_VISIUM_USZ::LC5	7	312	0.0022	0.879	flat	0.0026
GO:GOBP_REGULATION_OF_EPITHELIAL_CELL_PROLIFERATION	TLS_VISIUM_USZ::LC5	7	312	0.0622	0.000186	flat	0.0116
GO:GOBP_REGULATION_OF_EPITHELIAL_TO_MESENCHYMAL_TRANSITION	TLS_VISIUM_USZ::LC5	7	312	0.0261	0.0431	flat	0.0153
GO:GOBP_REGULATION_OF_ESTABLISHMENT_OF_PROTEIN_LOCALIZATION	TLS_VISIUM_USZ::LC5	7	312	0.0344	0.0129	flat	0.0098
GO:GOBP_REGULATION_OF_GENERATION_OF_PRECURSOR_METABOLITES_AND_ENERGY	TLS_VISIUM_USZ::LC5	7	312	0.009	0.426	flat	0.0058
GO:GOBP_REGULATION_OF_GROWTH	TLS_VISIUM_USZ::LC5	7	312	0.0658	0.000105	flat	0.0129
GO:GOBP_REGULATION_OF_HEART_CONTRACTION	TLS_VISIUM_USZ::LC5	7	312	0.065	0.000119	flat	0.0164
GO:GOBP_REGULATION_OF_HEMOPOIESIS	TLS_VISIUM_USZ::LC5	7	312	0.0143	0.218	flat	0.0065
GO:GOBP_REGULATION_OF_HORMONE_LEVELS	TLS_VISIUM_USZ::LC5	7	312	0.0593	0.000295	flat	0.0114
GO:GOBP_REGULATION_OF_HYDROLASE_ACTIVITY	TLS_VISIUM_USZ::LC5	7	312	0.0662	9.86e-05	flat	0.0207
GO:GOBP_REGULATION_OF_IMMUNE_EFFECTOR_PROCESS	TLS_VISIUM_USZ::LC5	7	312	0.0323	0.0174	flat	0.0089
GO:GOBP_REGULATION_OF_IMMUNE_RESPONSE	TLS_VISIUM_USZ::LC5	7	312	0.0374	0.0083	flat	0.0057
GO:GOBP_REGULATION_OF_IMMUNE_SYSTEM_PROCESS	TLS_VISIUM_USZ::LC5	7	312	0.0156	0.183	flat	0.0043
GO:GOBP_REGULATION_OF_INFLAMMATORY_RESPONSE	TLS_VISIUM_USZ::LC5	7	312	0.0558	0.000501	flat	0.0143
GO:GOBP_REGULATION_OF_INNATE_IMMUNE_RESPONSE	TLS_VISIUM_USZ::LC5	7	312	0.0326	0.0167	flat	0.0098
GO:GOBP_REGULATION_OF_LEUKOCYTE_CHEMOTAXIS	TLS_VISIUM_USZ::LC5	7	312	0.0369	0.00894	flat	0.0125
GO:GOBP_REGULATION_OF_LEUKOCYTE_DIFFERENTIATION	TLS_VISIUM_USZ::LC5	7	312	0.0037	0.765	flat	0.0039
GO:GOBP_REGULATION_OF_LEUKOCYTE_MEDIATED_IMMUNITY	TLS_VISIUM_USZ::LC5	7	312	0.0303	0.0233	flat	0.0094
GO:GOBP_REGULATION_OF_LEUKOCYTE_MIGRATION	TLS_VISIUM_USZ::LC5	7	312	0.0294	0.0268	flat	0.0066
GO:GOBP_REGULATION_OF_LEUKOCYTE_PROLIFERATION	TLS_VISIUM_USZ::LC5	7	312	0.022	0.0769	flat	0.0118
GO:GOBP_REGULATION_OF_LIPID_METABOLIC_PROCESS	TLS_VISIUM_USZ::LC5	7	312	0.0127	0.268	flat	0.0046
GO:GOBP_REGULATION_OF_LOCOMOTION	TLS_VISIUM_USZ::LC5	7	312	0.0523	0.00087	flat	0.0054
GO:GOBP_REGULATION_OF_LYMPHOCYTE_ACTIVATION	TLS_VISIUM_USZ::LC5	7	312	0.0228	0.0683	flat	0.0091
GO:GOBP_REGULATION_OF_LYMPHOCYTE_DIFFERENTIATION	TLS_VISIUM_USZ::LC5	7	312	0.004	0.744	flat	0.0051
GO:GOBP_REGULATION_OF_LYMPHOCYTE_MEDIATED_IMMUNITY	TLS_VISIUM_USZ::LC5	7	312	0.0074	0.515	flat	0.007
GO:GOBP_REGULATION_OF_MICROTUBULE_BASED_PROCESS	TLS_VISIUM_USZ::LC5	7	312	0.025	0.0505	flat	0.0104
GO:GOBP_REGULATION_OF_MITOTIC_CELL_CYCLE	TLS_VISIUM_USZ::LC5	7	312	0.0258	0.0445	flat	0.0081
GO:GOBP_REGULATION_OF_MITOTIC_CELL_CYCLE_PHASE_TRANSITION	TLS_VISIUM_USZ::LC5	7	312	0.0684	6.99e-05	flat	0.0182
GO:GOBP_REGULATION_OF_MOLECULAR_FUNCTION	TLS_VISIUM_USZ::LC5	7	312	0.0305	0.0227	flat	0.0078
GO:GOBP_REGULATION_OF_MONOATOMIC_ION_TRANSPORT	TLS_VISIUM_USZ::LC5	7	312	0.0651	0.000117	flat	0.0129
GO:GOBP_REGULATION_OF_MONONUCLEAR_CELL_MIGRATION	TLS_VISIUM_USZ::LC5	7	312	0.027	0.0376	flat	0.0146
GO:GOBP_REGULATION_OF_MRNA_METABOLIC_PROCESS	TLS_VISIUM_USZ::LC5	7	312	0.0984	5.37e-07	flat	0.0305
GO:GOBP_REGULATION_OF_MULTICELLULAR_ORGANISMAL_DEVELOPMENT	TLS_VISIUM_USZ::LC5	7	312	0.0145	0.211	flat	0.0031
GO:GOBP_REGULATION_OF_MYELOID_CELL_DIFFERENTIATION	TLS_VISIUM_USZ::LC5	7	312	0.0383	0.00723	flat	0.0145
GO:GOBP_REGULATION_OF_MYELOID_LEUKOCYTE_DIFFERENTIATION	TLS_VISIUM_USZ::LC5	7	312	0.0115	0.313	flat	0.0063
GO:GOBP_REGULATION_OF_NERVOUS_SYSTEM_DEVELOPMENT	TLS_VISIUM_USZ::LC5	7	312	0.0161	0.171	flat	0.0048
GO:GOBP_REGULATION_OF_NEUROGENESIS	TLS_VISIUM_USZ::LC5	7	312	0.0263	0.0416	flat	0.0076
GO:GOBP_REGULATION_OF_NEURON_PROJECTION_DEVELOPMENT	TLS_VISIUM_USZ::LC5	7	312	0.0008	0.972	flat	0.0016
GO:GOBP_REGULATION_OF_NUCLEAR_DIVISION	TLS_VISIUM_USZ::LC5	7	312	0.025	0.0498	flat	0.0134
GO:GOBP_REGULATION_OF_ORGANELLE_ORGANIZATION	TLS_VISIUM_USZ::LC5	7	312	0.1007	3.68e-07	flat	0.0128
GO:GOBP_REGULATION_OF_PHOSPHORUS_METABOLIC_PROCESS	TLS_VISIUM_USZ::LC5	7	312	0.0069	0.542	flat	0.0032
GO:GOBP_REGULATION_OF_PHOSPHORYLATION	TLS_VISIUM_USZ::LC5	7	312	0.037	0.00877	flat	0.0068
GO:GOBP_REGULATION_OF_POST_TRANSLATIONAL_PROTEIN_MODIFICATION	TLS_VISIUM_USZ::LC5	7	312	0.0675	8.11e-05	flat	0.0226
GO:GOBP_REGULATION_OF_PROGRAMMED_CELL_DEATH	TLS_VISIUM_USZ::LC5	7	312	0.0743	2.72e-05	flat	0.007
GO:GOBP_REGULATION_OF_PROTEIN_CATABOLIC_PROCESS	TLS_VISIUM_USZ::LC5	7	312	0.052	0.000907	flat	0.0188
GO:GOBP_REGULATION_OF_PROTEIN_CONTAINING_COMPLEX_ASSEMBLY	TLS_VISIUM_USZ::LC5	7	312	0.0229	0.0673	flat	0.0098
GO:GOBP_REGULATION_OF_PROTEIN_LOCALIZATION_TO_CELL_PERIPHERY	TLS_VISIUM_USZ::LC5	7	312	0.033	0.0159	flat	0.0152
GO:GOBP_REGULATION_OF_PROTEIN_LOCALIZATION_TO_MEMBRANE	TLS_VISIUM_USZ::LC5	7	312	0.0323	0.0175	flat	0.013
GO:GOBP_REGULATION_OF_PROTEIN_LOCALIZATION_TO_NUCLEUS	TLS_VISIUM_USZ::LC5	7	312	0.0745	2.64e-05	flat	0.034
GO:GOBP_REGULATION_OF_PROTEIN_METABOLIC_PROCESS	TLS_VISIUM_USZ::LC5	7	312	0.1651	4.98e-12	flat	0.0186
GO:GOBP_REGULATION_OF_PROTEIN_MODIFICATION_PROCESS	TLS_VISIUM_USZ::LC5	7	312	0.1128	4.82e-08	flat	0.0145
GO:GOBP_REGULATION_OF_PROTEIN_STABILITY	TLS_VISIUM_USZ::LC5	7	312	0.1309	2.13e-09	flat	0.033
GO:GOBP_REGULATION_OF_PROTEIN_TRANSPORT	TLS_VISIUM_USZ::LC5	7	312	0.0457	0.00236	flat	0.0135
GO:GOBP_REGULATION_OF_PROTEIN_UBIQUITINATION	TLS_VISIUM_USZ::LC5	7	312	0.0596	0.000278	flat	0.0226
GO:GOBP_REGULATION_OF_PROTEOLYSIS	TLS_VISIUM_USZ::LC5	7	312	0.1419	3.13e-10	flat	0.0226
GO:GOBP_REGULATION_OF_PROTEOLYSIS_INVOLVED_IN_PROTEIN_CATABOLIC_PROCESS	TLS_VISIUM_USZ::LC5	7	312	0.0362	0.00989	flat	0.0167
GO:GOBP_REGULATION_OF_RESPIRATORY_BURST	TLS_VISIUM_USZ::LC5	7	312	0.0116	0.308	flat	0.014
GO:GOBP_REGULATION_OF_RESPONSE_TO_BIOTIC_STIMULUS	TLS_VISIUM_USZ::LC5	7	312	0.0198	0.103	flat	0.0089
GO:GOBP_REGULATION_OF_RESPONSE_TO_CYTOKINE_STIMULUS	TLS_VISIUM_USZ::LC5	7	312	0.0104	0.359	flat	0.0071
GO:GOBP_REGULATION_OF_RESPONSE_TO_EXTERNAL_STIMULUS	TLS_VISIUM_USZ::LC5	7	312	0.0055	0.638	flat	0.0015
GO:GOBP_REGULATION_OF_RESPONSE_TO_STRESS	TLS_VISIUM_USZ::LC5	7	312	0.0888	2.6e-06	flat	0.0091
GO:GOBP_REGULATION_OF_RESPONSE_TO_WOUNDING	TLS_VISIUM_USZ::LC5	7	312	0.1085	9.93e-08	flat	0.0269
GO:GOBP_REGULATION_OF_RNA_SPLICING	TLS_VISIUM_USZ::LC5	7	312	0.044	0.00307	flat	0.0206
GO:GOBP_REGULATION_OF_SECRETION	TLS_VISIUM_USZ::LC5	7	312	0.0759	2.1e-05	flat	0.0108
GO:GOBP_REGULATION_OF_SISTER_CHROMATID_SEGREGATION	TLS_VISIUM_USZ::LC5	7	312	0.045	0.00262	flat	0.0161
GO:GOBP_REGULATION_OF_SMALL_GTPASE_MEDIATED_SIGNAL_TRANSDUCTION	TLS_VISIUM_USZ::LC5	7	312	0.0222	0.0743	flat	0.0067
GO:GOBP_REGULATION_OF_SMALL_MOLECULE_METABOLIC_PROCESS	TLS_VISIUM_USZ::LC5	7	312	0.0362	0.00983	flat	0.0101
GO:GOBP_REGULATION_OF_SUPRAMOLECULAR_FIBER_ORGANIZATION	TLS_VISIUM_USZ::LC5	7	312	0.0652	0.000115	flat	0.0171
GO:GOBP_REGULATION_OF_SYNAPTIC_PLASTICITY	TLS_VISIUM_USZ::LC5	7	312	0.1092	8.71e-08	flat	0.0266
GO:GOBP_REGULATION_OF_SYSTEM_PROCESS	TLS_VISIUM_USZ::LC5	7	312	0.0841	5.63e-06	flat	0.0178
GO:GOBP_REGULATION_OF_TELOMERE_MAINTENANCE	TLS_VISIUM_USZ::LC5	7	312	0.0874	3.25e-06	flat	0.0468
GO:GOBP_REGULATION_OF_TELOMERE_MAINTENANCE_VIA_TELOMERASE	TLS_VISIUM_USZ::LC5	7	312	0.051	0.00105	flat	0.0533
GO:GOBP_REGULATION_OF_TELOMERE_MAINTENANCE_VIA_TELOMERE_LENGTHENING	TLS_VISIUM_USZ::LC5	7	312	0.1011	3.4e-07	flat	0.0815
GO:GOBP_REGULATION_OF_TRANSFERASE_ACTIVITY	TLS_VISIUM_USZ::LC5	7	312	0.1149	3.34e-08	flat	0.0218
GO:GOBP_REGULATION_OF_TRANSLATION	TLS_VISIUM_USZ::LC5	7	312	0.1583	1.69e-11	flat	0.0363
GO:GOBP_REGULATION_OF_TRANSLATIONAL_INITIATION	TLS_VISIUM_USZ::LC5	7	312	0.1159	2.8e-08	flat	0.0728
GO:GOBP_REGULATION_OF_TRANSMEMBRANE_RECEPTOR_PROTEIN_SERINE_THREONINE_KINASE_SIGNALING_PATHWAY	TLS_VISIUM_USZ::LC5	7	312	0.0407	0.00502	flat	0.0097
GO:GOBP_REGULATION_OF_TRANSMEMBRANE_TRANSPORT	TLS_VISIUM_USZ::LC5	7	312	0.072	3.96e-05	flat	0.0122
GO:GOBP_REGULATION_OF_TRANSPORT	TLS_VISIUM_USZ::LC5	7	312	0.039	0.00652	flat	0.0052
GO:GOBP_REGULATION_OF_TRANS_SYNAPTIC_SIGNALING	TLS_VISIUM_USZ::LC5	7	312	0.1163	2.64e-08	flat	0.022
GO:GOBP_REGULATION_OF_TYPE_I_INTERFERON_MEDIATED_SIGNALING_PATHWAY	TLS_VISIUM_USZ::LC5	7	312	0.0125	0.275	flat	0.0231
GO:GOBP_REGULATION_OF_T_CELL_ACTIVATION	TLS_VISIUM_USZ::LC5	7	312	0.0296	0.0261	flat	0.0122
GO:GOBP_REGULATION_OF_T_CELL_MEDIATED_CYTOTOXICITY	TLS_VISIUM_USZ::LC5	7	312	0.016	0.173	flat	0.0155
GO:GOBP_REGULATION_OF_T_CELL_MEDIATED_IMMUNITY	TLS_VISIUM_USZ::LC5	7	312	0.0093	0.408	flat	0.0066
GO:GOBP_REGULATION_OF_UBIQUITIN_DEPENDENT_PROTEIN_CATABOLIC_PROCESS	TLS_VISIUM_USZ::LC5	7	312	0.1076	1.14e-07	flat	0.0366
GO:GOBP_REGULATION_OF_VASCULATURE_DEVELOPMENT	TLS_VISIUM_USZ::LC5	7	312	0.0575	0.00039	flat	0.0155
GO:GOBP_REGULATION_OF_VESICLE_MEDIATED_TRANSPORT	TLS_VISIUM_USZ::LC5	7	312	0.0435	0.0033	flat	0.0062
GO:GOBP_REGULATION_OF_VIRAL_GENOME_REPLICATION	TLS_VISIUM_USZ::LC5	7	312	0.0387	0.00677	flat	0.0204
GO:GOBP_REGULATION_OF_VIRAL_LIFE_CYCLE	TLS_VISIUM_USZ::LC5	7	312	0.014	0.226	flat	0.0107
GO:GOBP_REGULATION_OF_VIRAL_PROCESS	TLS_VISIUM_USZ::LC5	7	312	0.0388	0.00668	flat	0.0234
GO:GOBP_REGULATION_OF_WNT_SIGNALING_PATHWAY	TLS_VISIUM_USZ::LC5	7	312	0.0064	0.574	flat	0.0041
GO:GOBP_REGULATORY_T_CELL_DIFFERENTIATION	TLS_VISIUM_USZ::LC5	7	312	0.0413	0.00459	flat	0.026
GO:GOBP_RENAL_SYSTEM_DEVELOPMENT	TLS_VISIUM_USZ::LC5	7	312	0.0235	0.0618	flat	0.0061
GO:GOBP_RENAL_SYSTEM_PROCESS	TLS_VISIUM_USZ::LC5	7	312	0.0141	0.222	flat	0.0057
GO:GOBP_REPRODUCTIVE_PROCESS	TLS_VISIUM_USZ::LC5	7	312	0.0329	0.016	flat	0.0057
GO:GOBP_REPRODUCTIVE_SYSTEM_DEVELOPMENT	TLS_VISIUM_USZ::LC5	7	312	0.0122	0.286	flat	0.0051
GO:GOBP_RESPIRATORY_SYSTEM_DEVELOPMENT	TLS_VISIUM_USZ::LC5	7	312	0.0493	0.00137	flat	0.0134
GO:GOBP_RESPONSE_TO_ABIOTIC_STIMULUS	TLS_VISIUM_USZ::LC5	7	312	0.1118	5.66e-08	flat	0.0102
GO:GOBP_RESPONSE_TO_BACTERIUM	TLS_VISIUM_USZ::LC5	7	312	0.0552	0.000551	flat	0.0077
GO:GOBP_RESPONSE_TO_BMP	TLS_VISIUM_USZ::LC5	7	312	0.0172	0.149	flat	0.0069
GO:GOBP_RESPONSE_TO_CADMIUM_ION	TLS_VISIUM_USZ::LC5	7	312	0.0014	0.933	flat	0.005
GO:GOBP_RESPONSE_TO_ENDOGENOUS_STIMULUS	TLS_VISIUM_USZ::LC5	7	312	0.0675	8.1e-05	flat	0.0049
GO:GOBP_RESPONSE_TO_GROWTH_FACTOR	TLS_VISIUM_USZ::LC5	7	312	0.0566	0.000445	flat	0.0069
GO:GOBP_RESPONSE_TO_HORMONE	TLS_VISIUM_USZ::LC5	7	312	0.0438	0.00317	flat	0.0058
GO:GOBP_RESPONSE_TO_KETONE	TLS_VISIUM_USZ::LC5	7	312	0.0507	0.0011	flat	0.0119
GO:GOBP_RESPONSE_TO_LIPID	TLS_VISIUM_USZ::LC5	7	312	0.0208	0.0909	flat	0.005
GO:GOBP_RESPONSE_TO_MECHANICAL_STIMULUS	TLS_VISIUM_USZ::LC5	7	312	0.0038	0.761	flat	0.003
GO:GOBP_RESPONSE_TO_MOLECULE_OF_BACTERIAL_ORIGIN	TLS_VISIUM_USZ::LC5	7	312	0.0217	0.0793	flat	0.006
GO:GOBP_RESPONSE_TO_NITROGEN_COMPOUND	TLS_VISIUM_USZ::LC5	7	312	0.009	0.424	flat	0.0027
GO:GOBP_RESPONSE_TO_NUTRIENT_LEVELS	TLS_VISIUM_USZ::LC5	7	312	0.0012	0.947	flat	0.0009
GO:GOBP_RESPONSE_TO_OXIDATIVE_STRESS	TLS_VISIUM_USZ::LC5	7	312	0.0292	0.0276	flat	0.0068
GO:GOBP_RESPONSE_TO_OXYGEN_CONTAINING_COMPOUND	TLS_VISIUM_USZ::LC5	7	312	0.0222	0.0743	flat	0.0049
GO:GOBP_RESPONSE_TO_OXYGEN_LEVELS	TLS_VISIUM_USZ::LC5	7	312	0.045	0.00264	flat	0.0122
GO:GOBP_RESPONSE_TO_PEPTIDE	TLS_VISIUM_USZ::LC5	7	312	0.018	0.133	flat	0.0038
GO:GOBP_RESPONSE_TO_PEPTIDE_HORMONE	TLS_VISIUM_USZ::LC5	7	312	0.0707	4.87e-05	flat	0.0101
GO:GOBP_RESPONSE_TO_RADIATION	TLS_VISIUM_USZ::LC5	7	312	0.0341	0.0134	flat	0.0099
GO:GOBP_RESPONSE_TO_STARVATION	TLS_VISIUM_USZ::LC5	7	312	0.02	0.1	flat	0.0102
GO:GOBP_RESPONSE_TO_STEROID_HORMONE	TLS_VISIUM_USZ::LC5	7	312	0.1253	5.66e-09	flat	0.0189
GO:GOBP_RESPONSE_TO_TEMPERATURE_STIMULUS	TLS_VISIUM_USZ::LC5	7	312	0.124	7.04e-09	flat	0.0322
GO:GOBP_RESPONSE_TO_TOXIC_SUBSTANCE	TLS_VISIUM_USZ::LC5	7	312	0.0753	2.32e-05	flat	0.0106
GO:GOBP_RESPONSE_TO_TRANSFORMING_GROWTH_FACTOR_BETA	TLS_VISIUM_USZ::LC5	7	312	0.0508	0.00109	flat	0.0111
GO:GOBP_RESPONSE_TO_TYPE_II_INTERFERON	TLS_VISIUM_USZ::LC5	7	312	0.0118	0.3	flat	0.0128
GO:GOBP_RESPONSE_TO_TYPE_I_INTERFERON	TLS_VISIUM_USZ::LC5	7	312	0.0162	0.168	flat	0.0156
GO:GOBP_RESPONSE_TO_VIRUS	TLS_VISIUM_USZ::LC5	7	312	0.0453	0.00253	flat	0.0133
GO:GOBP_RESPONSE_TO_WOUNDING	TLS_VISIUM_USZ::LC5	7	312	0.0709	4.68e-05	flat	0.01
GO:GOBP_RESPONSE_TO_XENOBIOTIC_STIMULUS	TLS_VISIUM_USZ::LC5	7	312	0.0022	0.878	flat	0.0016
GO:GOBP_RHYTHMIC_PROCESS	TLS_VISIUM_USZ::LC5	7	312	0.0134	0.245	flat	0.0039
GO:GOBP_RIBONUCLEOPROTEIN_COMPLEX_BIOGENESIS	TLS_VISIUM_USZ::LC5	7	312	0.1652	4.82e-12	flat	0.0521
GO:GOBP_RIBOSE_PHOSPHATE_BIOSYNTHETIC_PROCESS	TLS_VISIUM_USZ::LC5	7	312	0.0564	0.00046	flat	0.029
GO:GOBP_RIBOSE_PHOSPHATE_METABOLIC_PROCESS	TLS_VISIUM_USZ::LC5	7	312	0.1038	2.16e-07	flat	0.024
GO:GOBP_RIBOSOMAL_LARGE_SUBUNIT_BIOGENESIS	TLS_VISIUM_USZ::LC5	7	312	0.0828	6.89e-06	flat	0.0527
GO:GOBP_RIBOSOME_BIOGENESIS	TLS_VISIUM_USZ::LC5	7	312	0.0828	6.98e-06	flat	0.034
GO:GOBP_RNA_EXPORT_FROM_NUCLEUS	TLS_VISIUM_USZ::LC5	7	312	0.0901	2.09e-06	flat	0.0601
GO:GOBP_RNA_LOCALIZATION	TLS_VISIUM_USZ::LC5	7	312	0.1294	2.77e-09	flat	0.051
GO:GOBP_RNA_MODIFICATION	TLS_VISIUM_USZ::LC5	7	312	0.023	0.0666	flat	0.0112
GO:GOBP_RNA_PROCESSING	TLS_VISIUM_USZ::LC5	7	312	0.147	1.28e-10	flat	0.0285
GO:GOBP_RNA_SPLICING	TLS_VISIUM_USZ::LC5	7	312	0.1513	5.91e-11	flat	0.0404
GO:GOBP_RNA_SPLICING_VIA_TRANSESTERIFICATION_REACTIONS	TLS_VISIUM_USZ::LC5	7	312	0.0417	0.00435	flat	0.0191
GO:GOBP_RNA_TEMPLATED_DNA_BIOSYNTHETIC_PROCESS	TLS_VISIUM_USZ::LC5	7	312	0.044	0.00305	flat	0.0446
GO:GOBP_RRNA_METABOLIC_PROCESS	TLS_VISIUM_USZ::LC5	7	312	0.1021	2.9e-07	flat	0.0426
GO:GOBP_RRNA_PROCESSING	TLS_VISIUM_USZ::LC5	7	312	0.0814	8.71e-06	flat	0.0443
GO:GOBP_SECONDARY_ALCOHOL_METABOLIC_PROCESS	TLS_VISIUM_USZ::LC5	7	312	0.002	0.895	flat	0.0028
GO:GOBP_SECRETION	TLS_VISIUM_USZ::LC5	7	312	0.0887	2.64e-06	flat	0.011
GO:GOBP_SEMI_LUNAR_VALVE_DEVELOPMENT	TLS_VISIUM_USZ::LC5	7	312	0.0583	0.000344	flat	0.0232
GO:GOBP_SENSORY_ORGAN_DEVELOPMENT	TLS_VISIUM_USZ::LC5	7	312	0.0383	0.00718	flat	0.0073
GO:GOBP_SENSORY_ORGAN_MORPHOGENESIS	TLS_VISIUM_USZ::LC5	7	312	0.043	0.00356	flat	0.0104
GO:GOBP_SENSORY_PERCEPTION	TLS_VISIUM_USZ::LC5	7	312	0.0959	8.15e-07	flat	0.0257
GO:GOBP_SENSORY_SYSTEM_DEVELOPMENT	TLS_VISIUM_USZ::LC5	7	312	0.0277	0.034	flat	0.0111
GO:GOBP_SEQUESTERING_OF_CALCIUM_ION	TLS_VISIUM_USZ::LC5	7	312	0.025	0.0499	flat	0.0101
GO:GOBP_SEXUAL_REPRODUCTION	TLS_VISIUM_USZ::LC5	7	312	0.0629	0.000166	flat	0.0101
GO:GOBP_SIGNAL_RELEASE	TLS_VISIUM_USZ::LC5	7	312	0.0558	0.000506	flat	0.012
GO:GOBP_SIGNAL_TRANSDUCTION_BY_P53_CLASS_MEDIATOR	TLS_VISIUM_USZ::LC5	7	312	0.0545	0.000621	flat	0.02
GO:GOBP_SIGNAL_TRANSDUCTION_IN_RESPONSE_TO_DNA_DAMAGE	TLS_VISIUM_USZ::LC5	7	312	0.0607	0.000235	flat	0.0208
GO:GOBP_SISTER_CHROMATID_SEGREGATION	TLS_VISIUM_USZ::LC5	7	312	0.0648	0.000124	flat	0.0214
GO:GOBP_SKELETAL_MUSCLE_CELL_DIFFERENTIATION	TLS_VISIUM_USZ::LC5	7	312	0.0134	0.245	flat	0.0108
GO:GOBP_SKELETAL_SYSTEM_DEVELOPMENT	TLS_VISIUM_USZ::LC5	7	312	0.0135	0.241	flat	0.0051
GO:GOBP_SKIN_DEVELOPMENT	TLS_VISIUM_USZ::LC5	7	312	0.0416	0.00441	flat	0.0102
GO:GOBP_SMALL_GTPASE_MEDIATED_SIGNAL_TRANSDUCTION	TLS_VISIUM_USZ::LC5	7	312	0.0579	0.000365	flat	0.0121
GO:GOBP_SMALL_MOLECULE_BIOSYNTHETIC_PROCESS	TLS_VISIUM_USZ::LC5	7	312	0.0685	6.84e-05	flat	0.0085
GO:GOBP_SMALL_MOLECULE_CATABOLIC_PROCESS	TLS_VISIUM_USZ::LC5	7	312	0.0227	0.0692	flat	0.0095
GO:GOBP_SMALL_MOLECULE_METABOLIC_PROCESS	TLS_VISIUM_USZ::LC5	7	312	0.0706	4.93e-05	flat	0.0069
GO:GOBP_SMOOTH_MUSCLE_CELL_PROLIFERATION	TLS_VISIUM_USZ::LC5	7	312	0.0386	0.00694	flat	0.0164
GO:GOBP_SPINDLE_ASSEMBLY	TLS_VISIUM_USZ::LC5	7	312	0.0716	4.23e-05	flat	0.0313
GO:GOBP_SPINDLE_ORGANIZATION	TLS_VISIUM_USZ::LC5	7	312	0.0908	1.88e-06	flat	0.0237
GO:GOBP_SPROUTING_ANGIOGENESIS	TLS_VISIUM_USZ::LC5	7	312	0.0436	0.00325	flat	0.0122
GO:GOBP_STEM_CELL_DIFFERENTIATION	TLS_VISIUM_USZ::LC5	7	312	0.0409	0.00492	flat	0.0101
GO:GOBP_STEM_CELL_PROLIFERATION	TLS_VISIUM_USZ::LC5	7	312	0.0189	0.117	flat	0.011
GO:GOBP_STEROID_BIOSYNTHETIC_PROCESS	TLS_VISIUM_USZ::LC5	7	312	0.0139	0.229	flat	0.0103
GO:GOBP_STEROID_METABOLIC_PROCESS	TLS_VISIUM_USZ::LC5	7	312	0.0502	0.00119	flat	0.0089
GO:GOBP_STEROL_BIOSYNTHETIC_PROCESS	TLS_VISIUM_USZ::LC5	7	312	0.0081	0.472	flat	0.0114
GO:GOBP_SULFUR_COMPOUND_METABOLIC_PROCESS	TLS_VISIUM_USZ::LC5	7	312	0.041	0.0048	flat	0.0088
GO:GOBP_SUPRAMOLECULAR_FIBER_ORGANIZATION	TLS_VISIUM_USZ::LC5	7	312	0.1354	9.74e-10	flat	0.0121
GO:GOBP_SYNAPSE_ASSEMBLY	TLS_VISIUM_USZ::LC5	7	312	0.0985	5.25e-07	flat	0.0198
GO:GOBP_SYNAPSE_ORGANIZATION	TLS_VISIUM_USZ::LC5	7	312	0.0657	0.000107	flat	0.0118
GO:GOBP_SYNAPTIC_SIGNALING	TLS_VISIUM_USZ::LC5	7	312	0.1184	1.84e-08	flat	0.0261
GO:GOBP_TAXIS	TLS_VISIUM_USZ::LC5	7	312	0.0169	0.154	flat	0.0051
GO:GOBP_TELOMERASE_RNA_LOCALIZATION	TLS_VISIUM_USZ::LC5	7	312	0.0703	5.15e-05	low-to-high	0.1417
GO:GOBP_TELOMERE_MAINTENANCE_VIA_TELOMERE_LENGTHENING	TLS_VISIUM_USZ::LC5	7	312	0.0901	2.11e-06	flat	0.0551
GO:GOBP_TELOMERE_ORGANIZATION	TLS_VISIUM_USZ::LC5	7	312	0.1053	1.69e-07	flat	0.0389
GO:GOBP_TIGHT_JUNCTION_ASSEMBLY	TLS_VISIUM_USZ::LC5	7	312	0.0369	0.00895	flat	0.0182
GO:GOBP_TIGHT_JUNCTION_ORGANIZATION	TLS_VISIUM_USZ::LC5	7	312	0.0432	0.00349	flat	0.0167
GO:GOBP_TISSUE_HOMEOSTASIS	TLS_VISIUM_USZ::LC5	7	312	0.0434	0.00334	flat	0.0081
GO:GOBP_TISSUE_MORPHOGENESIS	TLS_VISIUM_USZ::LC5	7	312	0.0373	0.00835	flat	0.0077
GO:GOBP_TISSUE_REMODELING	TLS_VISIUM_USZ::LC5	7	312	0.0014	0.931	flat	0.0035
GO:GOBP_TRANSFORMING_GROWTH_FACTOR_BETA_RECEPTOR_SIGNALING_PATHWAY	TLS_VISIUM_USZ::LC5	7	312	0.0161	0.171	flat	0.0065
GO:GOBP_TRANSLATION	TLS_VISIUM_USZ::LC5	7	312	0.1534	4.11e-11	flat	0.0347
GO:GOBP_TRANSLATIONAL_INITIATION	TLS_VISIUM_USZ::LC5	7	312	0.152	5.28e-11	flat	0.0743
GO:GOBP_TRANSMEMBRANE_TRANSPORT	TLS_VISIUM_USZ::LC5	7	312	0.0564	0.000459	flat	0.0066
GO:GOBP_TRNA_METABOLIC_PROCESS	TLS_VISIUM_USZ::LC5	7	312	0.0168	0.156	flat	0.0115
GO:GOBP_TUBE_DEVELOPMENT	TLS_VISIUM_USZ::LC5	7	312	0.0145	0.211	flat	0.0034
GO:GOBP_TUBE_MORPHOGENESIS	TLS_VISIUM_USZ::LC5	7	312	0.0241	0.0566	flat	0.0035
GO:GOBP_TUMOR_NECROSIS_FACTOR_MEDIATED_SIGNALING_PATHWAY	TLS_VISIUM_USZ::LC5	7	312	0.0074	0.516	flat	0.0073
GO:GOBP_TUMOR_NECROSIS_FACTOR_SUPERFAMILY_CYTOKINE_PRODUCTION	TLS_VISIUM_USZ::LC5	7	312	0.025	0.0503	flat	0.0114
GO:GOBP_TYPE_II_INTERFERON_PRODUCTION	TLS_VISIUM_USZ::LC5	7	312	0.0003	0.993	flat	0.0012
GO:GOBP_TYPE_I_INTERFERON_PRODUCTION	TLS_VISIUM_USZ::LC5	7	312	0.0264	0.0409	flat	0.0178
GO:GOBP_T_CELL_ACTIVATION	TLS_VISIUM_USZ::LC5	7	312	0.0189	0.117	flat	0.008
GO:GOBP_T_CELL_ACTIVATION_INVOLVED_IN_IMMUNE_RESPONSE	TLS_VISIUM_USZ::LC5	7	312	0.013	0.257	flat	0.0097
GO:GOBP_T_CELL_DIFFERENTIATION	TLS_VISIUM_USZ::LC5	7	312	0.0035	0.78	flat	0.0032
GO:GOBP_T_CELL_MEDIATED_IMMUNITY	TLS_VISIUM_USZ::LC5	7	312	0.0101	0.373	flat	0.0094
GO:GOBP_T_CELL_PROLIFERATION	TLS_VISIUM_USZ::LC5	7	312	0.0163	0.168	flat	0.0105
GO:GOBP_T_CELL_RECEPTOR_SIGNALING_PATHWAY	TLS_VISIUM_USZ::LC5	7	312	0.0115	0.311	flat	0.0096
GO:GOBP_VACUOLE_ORGANIZATION	TLS_VISIUM_USZ::LC5	7	312	0.0686	6.8e-05	flat	0.029
GO:GOBP_VASCULAR_ASSOCIATED_SMOOTH_MUSCLE_CELL_PROLIFERATION	TLS_VISIUM_USZ::LC5	7	312	0.0182	0.129	flat	0.012
GO:GOBP_VASCULATURE_DEVELOPMENT	TLS_VISIUM_USZ::LC5	7	312	0.0544	0.000625	flat	0.0074
GO:GOBP_VASCULOGENESIS	TLS_VISIUM_USZ::LC5	7	312	0.0133	0.248	flat	0.0092
GO:GOBP_VESICLE_MEDIATED_TRANSPORT	TLS_VISIUM_USZ::LC5	7	312	0.0239	0.0587	flat	0.0043
GO:GOBP_VESICLE_ORGANIZATION	TLS_VISIUM_USZ::LC5	7	312	0.0472	0.00188	flat	0.012
GO:GOBP_VIRAL_GENOME_REPLICATION	TLS_VISIUM_USZ::LC5	7	312	0.0446	0.0028	flat	0.0299
GO:GOBP_VIRAL_LIFE_CYCLE	TLS_VISIUM_USZ::LC5	7	312	0.0618	0.000196	flat	0.0219
GO:GOBP_VIRAL_PROCESS	TLS_VISIUM_USZ::LC5	7	312	0.1155	3.02e-08	flat	0.0301
GO:GOBP_WNT_SIGNALING_PATHWAY	TLS_VISIUM_USZ::LC5	7	312	0.0225	0.0717	flat	0.0066
GO:GOBP_WOUND_HEALING	TLS_VISIUM_USZ::LC5	7	312	0.1466	1.37e-10	flat	0.0219
GO:GOBP_ACTIN_FILAMENT_BASED_PROCESS	TLS_VISIUM_USZ::KC2	4	481	0.0278	0.0037	flat	0.003
GO:GOBP_ACTIN_FILAMENT_BUNDLE_ORGANIZATION	TLS_VISIUM_USZ::KC2	4	481	0.0307	0.00192	flat	0.0054
GO:GOBP_ACTIN_FILAMENT_ORGANIZATION	TLS_VISIUM_USZ::KC2	4	481	0.0645	5.64e-07	flat	0.0061
GO:GOBP_ACTIVATION_OF_IMMUNE_RESPONSE	TLS_VISIUM_USZ::KC2	4	481	0.004	0.587	flat	0.0013
GO:GOBP_ACTIVATION_OF_INNATE_IMMUNE_RESPONSE	TLS_VISIUM_USZ::KC2	4	481	0.0369	0.000449	flat	0.0045
GO:GOBP_ACTOMYOSIN_STRUCTURE_ORGANIZATION	TLS_VISIUM_USZ::KC2	4	481	0.0038	0.608	flat	0.0031
GO:GOBP_ADAPTIVE_IMMUNE_RESPONSE	TLS_VISIUM_USZ::KC2	4	481	0.0322	0.00135	flat	0.0012
GO:GOBP_ADAPTIVE_IMMUNE_RESPONSE_BASED_ON_SOMATIC_RECOMBINATION_OF_IMMUNE_RECEPTORS_BUILT_FROM_IMMUNOGLOBULIN_SUPERFAMILY_DOMAINS	TLS_VISIUM_USZ::KC2	4	481	0.0435	9.45e-05	flat	0.0059
GO:GOBP_AEROBIC_RESPIRATION	TLS_VISIUM_USZ::KC2	4	481	0.281	6.25e-34	flat	0.0252
GO:GOBP_ALCOHOL_BIOSYNTHETIC_PROCESS	TLS_VISIUM_USZ::KC2	4	481	0.0243	0.00834	flat	0.002
GO:GOBP_ALCOHOL_METABOLIC_PROCESS	TLS_VISIUM_USZ::KC2	4	481	0.0375	0.000395	flat	0.0033
GO:GOBP_ALPHA_AMINO_ACID_METABOLIC_PROCESS	TLS_VISIUM_USZ::KC2	4	481	0.0355	0.000627	flat	0.0022
GO:GOBP_ALPHA_BETA_T_CELL_ACTIVATION	TLS_VISIUM_USZ::KC2	4	481	0.0052	0.479	flat	0.0025
GO:GOBP_AMEBOIDAL_TYPE_CELL_MIGRATION	TLS_VISIUM_USZ::KC2	4	481	0.0865	2.23e-09	flat	0.0072
GO:GOBP_AMIDE_METABOLIC_PROCESS	TLS_VISIUM_USZ::KC2	4	481	0.0131	0.0972	flat	0.0016
GO:GOBP_AMINO_ACID_METABOLIC_PROCESS	TLS_VISIUM_USZ::KC2	4	481	0.0795	1.31e-08	flat	0.0033
GO:GOBP_ANATOMICAL_STRUCTURE_FORMATION_INVOLVED_IN_MORPHOGENESIS	TLS_VISIUM_USZ::KC2	4	481	0.0133	0.0933	flat	0.0008
GO:GOBP_ANATOMICAL_STRUCTURE_MATURATION	TLS_VISIUM_USZ::KC2	4	481	0.0089	0.234	flat	0.003
GO:GOBP_ANIMAL_ORGAN_MORPHOGENESIS	TLS_VISIUM_USZ::KC2	4	481	0.1122	2.8e-12	flat	0.0035
GO:GOBP_ANTERIOR_POSTERIOR_PATTERN_SPECIFICATION	TLS_VISIUM_USZ::KC2	4	481	0.064	6.38e-07	flat	0.0034
GO:GOBP_ANTIBACTERIAL_HUMORAL_RESPONSE	TLS_VISIUM_USZ::KC2	4	481	0.0454	6.01e-05	flat	0.0082
GO:GOBP_ANTIGEN_PROCESSING_AND_PRESENTATION	TLS_VISIUM_USZ::KC2	4	481	0.0429	0.000109	flat	0.0099
GO:GOBP_ANTIGEN_PROCESSING_AND_PRESENTATION_OF_ENDOGENOUS_ANTIGEN	TLS_VISIUM_USZ::KC2	4	481	0.0389	0.000278	flat	0.022
GO:GOBP_ANTIGEN_PROCESSING_AND_PRESENTATION_OF_ENDOGENOUS_PEPTIDE_ANTIGEN	TLS_VISIUM_USZ::KC2	4	481	0.0604	1.58e-06	flat	0.038
GO:GOBP_ANTIGEN_PROCESSING_AND_PRESENTATION_OF_EXOGENOUS_ANTIGEN	TLS_VISIUM_USZ::KC2	4	481	0.0069	0.349	flat	0.0061
GO:GOBP_ANTIGEN_PROCESSING_AND_PRESENTATION_OF_EXOGENOUS_PEPTIDE_ANTIGEN	TLS_VISIUM_USZ::KC2	4	481	0.1259	7.26e-14	flat	0.0348
GO:GOBP_ANTIGEN_PROCESSING_AND_PRESENTATION_OF_PEPTIDE_ANTIGEN	TLS_VISIUM_USZ::KC2	4	481	0.0905	7.93e-10	flat	0.0259
GO:GOBP_ANTIGEN_PROCESSING_AND_PRESENTATION_OF_PEPTIDE_ANTIGEN_VIA_MHC_CLASS_I	TLS_VISIUM_USZ::KC2	4	481	0.0129	0.102	flat	0.0112
GO:GOBP_ANTIGEN_PROCESSING_AND_PRESENTATION_OF_PEPTIDE_OR_POLYSACCHARIDE_ANTIGEN_VIA_MHC_CLASS_II	TLS_VISIUM_USZ::KC2	4	481	0.0084	0.261	flat	0.0091
GO:GOBP_ANTIVIRAL_INNATE_IMMUNE_RESPONSE	TLS_VISIUM_USZ::KC2	4	481	0.0155	0.0585	flat	0.0088
GO:GOBP_AORTIC_VALVE_MORPHOGENESIS	TLS_VISIUM_USZ::KC2	4	481	0.0112	0.145	flat	0.0055
GO:GOBP_APICAL_JUNCTION_ASSEMBLY	TLS_VISIUM_USZ::KC2	4	481	0.0377	0.000377	flat	0.0062
GO:GOBP_APOPTOTIC_PROCESS	TLS_VISIUM_USZ::KC2	4	481	0.2223	7.55e-26	flat	0.0055
GO:GOBP_APOPTOTIC_SIGNALING_PATHWAY	TLS_VISIUM_USZ::KC2	4	481	0.3473	6.71e-44	flat	0.0155
GO:GOBP_APPENDAGE_MORPHOGENESIS	TLS_VISIUM_USZ::KC2	4	481	0.066	3.94e-07	flat	0.0056
GO:GOBP_ARTERY_DEVELOPMENT	TLS_VISIUM_USZ::KC2	4	481	0.0034	0.658	flat	0.0023
GO:GOBP_ATP_BIOSYNTHETIC_PROCESS	TLS_VISIUM_USZ::KC2	4	481	0.2135	1.08e-24	flat	0.0383
GO:GOBP_ATP_METABOLIC_PROCESS	TLS_VISIUM_USZ::KC2	4	481	0.3335	9.46e-42	flat	0.0281
GO:GOBP_ATP_SYNTHESIS_COUPLED_ELECTRON_TRANSPORT	TLS_VISIUM_USZ::KC2	4	481	0.2305	6.07e-27	flat	0.0341
GO:GOBP_ATTACHMENT_OF_SPINDLE_MICROTUBULES_TO_KINETOCHORE	TLS_VISIUM_USZ::KC2	4	481	0.0343	0.000834	flat	0.0081
GO:GOBP_AXON_DEVELOPMENT	TLS_VISIUM_USZ::KC2	4	481	0.0256	0.00623	flat	0.0032
GO:GOBP_BEHAVIOR	TLS_VISIUM_USZ::KC2	4	481	0.0445	7.34e-05	flat	0.0021
GO:GOBP_BIOLOGICAL_PROCESS_INVOLVED_IN_INTERACTION_WITH_HOST	TLS_VISIUM_USZ::KC2	4	481	0.2113	2.12e-24	flat	0.0148
GO:GOBP_BIOLOGICAL_PROCESS_INVOLVED_IN_INTERSPECIES_INTERACTION_BETWEEN_ORGANISMS	TLS_VISIUM_USZ::KC2	4	481	0.077	2.49e-08	flat	0.003
GO:GOBP_BIOLOGICAL_PROCESS_INVOLVED_IN_SYMBIOTIC_INTERACTION	TLS_VISIUM_USZ::KC2	4	481	0.0762	3.03e-08	flat	0.0052
GO:GOBP_BLOOD_VESSEL_ENDOTHELIAL_CELL_MIGRATION	TLS_VISIUM_USZ::KC2	4	481	0.0156	0.057	flat	0.0054
GO:GOBP_BLOOD_VESSEL_MORPHOGENESIS	TLS_VISIUM_USZ::KC2	4	481	0.0233	0.0105	flat	0.0031
GO:GOBP_BONE_DEVELOPMENT	TLS_VISIUM_USZ::KC2	4	481	0.0277	0.00383	flat	0.0028
GO:GOBP_BONE_MINERALIZATION	TLS_VISIUM_USZ::KC2	4	481	0.0535	8.35e-06	flat	0.0046
GO:GOBP_BONE_MORPHOGENESIS	TLS_VISIUM_USZ::KC2	4	481	0.0181	0.033	flat	0.0033
GO:GOBP_B_CELL_ACTIVATION	TLS_VISIUM_USZ::KC2	4	481	0.1087	7.11e-12	flat	0.0107
GO:GOBP_B_CELL_MEDIATED_IMMUNITY	TLS_VISIUM_USZ::KC2	4	481	0.0182	0.0325	flat	0.0046
GO:GOBP_B_CELL_RECEPTOR_SIGNALING_PATHWAY	TLS_VISIUM_USZ::KC2	4	481	0.0196	0.0236	flat	0.0049
GO:GOBP_CALCIUM_ION_HOMEOSTASIS	TLS_VISIUM_USZ::KC2	4	481	0.0227	0.012	flat	0.0032
GO:GOBP_CALCIUM_ION_TRANSMEMBRANE_IMPORT_INTO_CYTOSOL	TLS_VISIUM_USZ::KC2	4	481	0.0054	0.461	flat	0.0023
GO:GOBP_CALCIUM_ION_TRANSMEMBRANE_TRANSPORT	TLS_VISIUM_USZ::KC2	4	481	0.0064	0.384	flat	0.0021
GO:GOBP_CALCIUM_ION_TRANSPORT	TLS_VISIUM_USZ::KC2	4	481	0.0836	4.69e-09	flat	0.0031
GO:GOBP_CALCIUM_MEDIATED_SIGNALING	TLS_VISIUM_USZ::KC2	4	481	0.0095	0.206	flat	0.003
GO:GOBP_CANONICAL_NF_KAPPAB_SIGNAL_TRANSDUCTION	TLS_VISIUM_USZ::KC2	4	481	0.0077	0.297	flat	0.0023
GO:GOBP_CANONICAL_WNT_SIGNALING_PATHWAY	TLS_VISIUM_USZ::KC2	4	481	0.0076	0.301	flat	0.0027
GO:GOBP_CARBOHYDRATE_CATABOLIC_PROCESS	TLS_VISIUM_USZ::KC2	4	481	0.0368	0.000463	flat	0.007
GO:GOBP_CARBOHYDRATE_DERIVATIVE_BIOSYNTHETIC_PROCESS	TLS_VISIUM_USZ::KC2	4	481	0.0444	7.53e-05	flat	0.0036
GO:GOBP_CARBOHYDRATE_DERIVATIVE_CATABOLIC_PROCESS	TLS_VISIUM_USZ::KC2	4	481	0.0864	2.29e-09	flat	0.0036
GO:GOBP_CARBOHYDRATE_DERIVATIVE_METABOLIC_PROCESS	TLS_VISIUM_USZ::KC2	4	481	0.1745	9.99e-20	flat	0.0051
GO:GOBP_CARBOHYDRATE_METABOLIC_PROCESS	TLS_VISIUM_USZ::KC2	4	481	0.0406	0.000187	flat	0.0029
GO:GOBP_CARDIAC_CHAMBER_DEVELOPMENT	TLS_VISIUM_USZ::KC2	4	481	0.0156	0.0578	flat	0.004
GO:GOBP_CARDIAC_CHAMBER_MORPHOGENESIS	TLS_VISIUM_USZ::KC2	4	481	0.0158	0.0546	flat	0.0025
GO:GOBP_CARDIAC_MUSCLE_TISSUE_DEVELOPMENT	TLS_VISIUM_USZ::KC2	4	481	0.0339	0.000902	flat	0.0037
GO:GOBP_CARDIAC_SEPTUM_DEVELOPMENT	TLS_VISIUM_USZ::KC2	4	481	0.0264	0.00509	flat	0.0058
GO:GOBP_CARDIAC_VENTRICLE_DEVELOPMENT	TLS_VISIUM_USZ::KC2	4	481	0.0119	0.127	flat	0.0031
GO:GOBP_CARTILAGE_DEVELOPMENT	TLS_VISIUM_USZ::KC2	4	481	0.0204	0.0198	flat	0.0022
GO:GOBP_CELLULAR_COMPONENT_DISASSEMBLY	TLS_VISIUM_USZ::KC2	4	481	0.037	0.000437	flat	0.0038
GO:GOBP_CELLULAR_HOMEOSTASIS	TLS_VISIUM_USZ::KC2	4	481	0.0045	0.543	flat	0.0006
GO:GOBP_CELLULAR_RESPIRATION	TLS_VISIUM_USZ::KC2	4	481	0.2751	4.38e-33	flat	0.0266
GO:GOBP_CELLULAR_RESPONSE_TO_BIOTIC_STIMULUS	TLS_VISIUM_USZ::KC2	4	481	0.0221	0.0136	flat	0.0029
GO:GOBP_CELLULAR_RESPONSE_TO_CHEMICAL_STRESS	TLS_VISIUM_USZ::KC2	4	481	0.114	1.72e-12	flat	0.008
GO:GOBP_CELLULAR_RESPONSE_TO_ENDOGENOUS_STIMULUS	TLS_VISIUM_USZ::KC2	4	481	0.069	1.84e-07	flat	0.0029
GO:GOBP_CELLULAR_RESPONSE_TO_HORMONE_STIMULUS	TLS_VISIUM_USZ::KC2	4	481	0.0057	0.432	flat	0.0014
GO:GOBP_CELLULAR_RESPONSE_TO_HYDROGEN_PEROXIDE	TLS_VISIUM_USZ::KC2	4	481	0.0648	5.31e-07	flat	0.0115
GO:GOBP_CELLULAR_RESPONSE_TO_INSULIN_STIMULUS	TLS_VISIUM_USZ::KC2	4	481	0.0045	0.542	flat	0.002
GO:GOBP_CELLULAR_RESPONSE_TO_LIPID	TLS_VISIUM_USZ::KC2	4	481	0.0471	4e-05	flat	0.0031
GO:GOBP_CELLULAR_RESPONSE_TO_MOLECULE_OF_BACTERIAL_ORIGIN	TLS_VISIUM_USZ::KC2	4	481	0.0204	0.0199	flat	0.0041
GO:GOBP_CELLULAR_RESPONSE_TO_NITROGEN_COMPOUND	TLS_VISIUM_USZ::KC2	4	481	0.0277	0.00383	flat	0.0018
GO:GOBP_CELLULAR_RESPONSE_TO_NUTRIENT_LEVELS	TLS_VISIUM_USZ::KC2	4	481	0.0085	0.255	flat	0.0018
GO:GOBP_CELLULAR_RESPONSE_TO_OXIDATIVE_STRESS	TLS_VISIUM_USZ::KC2	4	481	0.0048	0.512	flat	0.0017
GO:GOBP_CELLULAR_RESPONSE_TO_OXYGEN_CONTAINING_COMPOUND	TLS_VISIUM_USZ::KC2	4	481	0.0212	0.0168	flat	0.0011
GO:GOBP_CELLULAR_RESPONSE_TO_STARVATION	TLS_VISIUM_USZ::KC2	4	481	0.1159	1.04e-12	flat	0.0091
GO:GOBP_CELLULAR_RESPONSE_TO_STRESS	TLS_VISIUM_USZ::KC2	4	481	0.2064	8.99e-24	flat	0.0045
GO:GOBP_CELLULAR_RESPONSE_TO_TYPE_II_INTERFERON	TLS_VISIUM_USZ::KC2	4	481	0.0033	0.662	flat	0.0033
GO:GOBP_CELLULAR_RESPONSE_TO_VASCULAR_ENDOTHELIAL_GROWTH_FACTOR_STIMULUS	TLS_VISIUM_USZ::KC2	4	481	0.0478	3.33e-05	flat	0.0065
GO:GOBP_CELL_ACTIVATION	TLS_VISIUM_USZ::KC2	4	481	0.0514	1.41e-05	flat	0.0038
GO:GOBP_CELL_ACTIVATION_INVOLVED_IN_IMMUNE_RESPONSE	TLS_VISIUM_USZ::KC2	4	481	0.024	0.00881	flat	0.0024
GO:GOBP_CELL_ADHESION	TLS_VISIUM_USZ::KC2	4	481	0.0225	0.0126	flat	0.0025
GO:GOBP_CELL_CELL_ADHESION	TLS_VISIUM_USZ::KC2	4	481	0.0156	0.0573	flat	0.0024
GO:GOBP_CELL_CELL_JUNCTION_ASSEMBLY	TLS_VISIUM_USZ::KC2	4	481	0.0009	0.938	flat	0.0014
GO:GOBP_CELL_CELL_JUNCTION_ORGANIZATION	TLS_VISIUM_USZ::KC2	4	481	0.0062	0.399	flat	0.0022
GO:GOBP_CELL_CELL_SIGNALING	TLS_VISIUM_USZ::KC2	4	481	0.1438	5.61e-16	flat	0.0048
GO:GOBP_CELL_CHEMOTAXIS	TLS_VISIUM_USZ::KC2	4	481	0.0641	6.18e-07	flat	0.0066
GO:GOBP_CELL_CYCLE	TLS_VISIUM_USZ::KC2	4	481	0.0435	9.3e-05	flat	0.0017
GO:GOBP_CELL_CYCLE_CHECKPOINT_SIGNALING	TLS_VISIUM_USZ::KC2	4	481	0.0215	0.0156	flat	0.0036
GO:GOBP_CELL_CYCLE_G1_S_PHASE_TRANSITION	TLS_VISIUM_USZ::KC2	4	481	0.0014	0.879	flat	0.0014
GO:GOBP_CELL_CYCLE_G2_M_PHASE_TRANSITION	TLS_VISIUM_USZ::KC2	4	481	0.0197	0.0236	flat	0.0055
GO:GOBP_CELL_CYCLE_PHASE_TRANSITION	TLS_VISIUM_USZ::KC2	4	481	0.0075	0.308	flat	0.0019
GO:GOBP_CELL_CYCLE_PROCESS	TLS_VISIUM_USZ::KC2	4	481	0.0323	0.00134	flat	0.001
GO:GOBP_CELL_DIVISION	TLS_VISIUM_USZ::KC2	4	481	0.0017	0.845	flat	0.0013
GO:GOBP_CELL_FATE_COMMITMENT	TLS_VISIUM_USZ::KC2	4	481	0.0747	4.49e-08	flat	0.0037
GO:GOBP_CELL_GROWTH	TLS_VISIUM_USZ::KC2	4	481	0.0596	1.88e-06	flat	0.0048
GO:GOBP_CELL_JUNCTION_ASSEMBLY	TLS_VISIUM_USZ::KC2	4	481	0.0182	0.0323	flat	0.0026
GO:GOBP_CELL_JUNCTION_ORGANIZATION	TLS_VISIUM_USZ::KC2	4	481	0.0107	0.162	flat	0.0012
GO:GOBP_CELL_KILLING	TLS_VISIUM_USZ::KC2	4	481	0.0169	0.0429	flat	0.0024
GO:GOBP_CELL_MATRIX_ADHESION	TLS_VISIUM_USZ::KC2	4	481	0.1847	5.34e-21	flat	0.0128
GO:GOBP_CELL_MORPHOGENESIS	TLS_VISIUM_USZ::KC2	4	481	0.0238	0.00929	flat	0.0023
GO:GOBP_CELL_MORPHOGENESIS_INVOLVED_IN_NEURON_DIFFERENTIATION	TLS_VISIUM_USZ::KC2	4	481	0.0043	0.562	flat	0.0015
GO:GOBP_CELL_MOTILITY	TLS_VISIUM_USZ::KC2	4	481	0.1086	7.15e-12	flat	0.0031
GO:GOBP_CELL_PROJECTION_ASSEMBLY	TLS_VISIUM_USZ::KC2	4	481	0.0138	0.0852	flat	0.0027
GO:GOBP_CELL_PROJECTION_MORPHOGENESIS	TLS_VISIUM_USZ::KC2	4	481	0.0294	0.00256	flat	0.0014
GO:GOBP_CELL_PROJECTION_ORGANIZATION	TLS_VISIUM_USZ::KC2	4	481	0.0061	0.402	flat	0.0006
GO:GOBP_CELL_SUBSTRATE_ADHESION	TLS_VISIUM_USZ::KC2	4	481	0.014	0.0803	flat	0.002
GO:GOBP_CELL_SUBSTRATE_JUNCTION_ORGANIZATION	TLS_VISIUM_USZ::KC2	4	481	0.1457	3.28e-16	flat	0.022
GO:GOBP_CELL_SURFACE_RECEPTOR_PROTEIN_SERINE_THREONINE_KINASE_SIGNALING_PATHWAY	TLS_VISIUM_USZ::KC2	4	481	0.0104	0.174	flat	0.0013
GO:GOBP_CELL_SURFACE_RECEPTOR_PROTEIN_TYROSINE_KINASE_SIGNALING_PATHWAY	TLS_VISIUM_USZ::KC2	4	481	0.0135	0.0895	flat	0.0022
GO:GOBP_CELL_SURFACE_RECEPTOR_SIGNALING_PATHWAY_VIA_STAT	TLS_VISIUM_USZ::KC2	4	481	0.0038	0.608	flat	0.0011
GO:GOBP_CENTRAL_NERVOUS_SYSTEM_DEVELOPMENT	TLS_VISIUM_USZ::KC2	4	481	0.0114	0.141	flat	0.0019
GO:GOBP_CHEMICAL_HOMEOSTASIS	TLS_VISIUM_USZ::KC2	4	481	0.0308	0.00186	flat	0.0026
GO:GOBP_CHONDROCYTE_DIFFERENTIATION	TLS_VISIUM_USZ::KC2	4	481	0.0205	0.0193	flat	0.0061
GO:GOBP_CHROMATIN_ORGANIZATION	TLS_VISIUM_USZ::KC2	4	481	0.043	0.000105	flat	0.0029
GO:GOBP_CHROMATIN_REMODELING	TLS_VISIUM_USZ::KC2	4	481	0.0024	0.771	flat	0.0012
GO:GOBP_CHROMOSOME_LOCALIZATION	TLS_VISIUM_USZ::KC2	4	481	0.0159	0.0542	flat	0.0067
GO:GOBP_CHROMOSOME_ORGANIZATION	TLS_VISIUM_USZ::KC2	4	481	0.0982	1.09e-10	flat	0.0037
GO:GOBP_CHROMOSOME_SEGREGATION	TLS_VISIUM_USZ::KC2	4	481	0.054	7.43e-06	flat	0.0032
GO:GOBP_CHROMOSOME_SEPARATION	TLS_VISIUM_USZ::KC2	4	481	0.0084	0.258	flat	0.0067
GO:GOBP_CIRCULATORY_SYSTEM_DEVELOPMENT	TLS_VISIUM_USZ::KC2	4	481	0.0338	0.000935	flat	0.002
GO:GOBP_CIRCULATORY_SYSTEM_PROCESS	TLS_VISIUM_USZ::KC2	4	481	0.0682	2.24e-07	flat	0.0036
GO:GOBP_COLLAGEN_CATABOLIC_PROCESS	TLS_VISIUM_USZ::KC2	4	481	0.0139	0.0828	flat	0.0053
GO:GOBP_COLLAGEN_FIBRIL_ORGANIZATION	TLS_VISIUM_USZ::KC2	4	481	0.0289	0.00293	flat	0.0042
GO:GOBP_COLLAGEN_METABOLIC_PROCESS	TLS_VISIUM_USZ::KC2	4	481	0.0151	0.0644	flat	0.0059
GO:GOBP_COMPLEMENT_ACTIVATION_CLASSICAL_PATHWAY	TLS_VISIUM_USZ::KC2	4	481	0.072	8.66e-08	flat	0.0169
GO:GOBP_CONNECTIVE_TISSUE_DEVELOPMENT	TLS_VISIUM_USZ::KC2	4	481	0.0395	0.000246	flat	0.0034
GO:GOBP_CYTOKINESIS	TLS_VISIUM_USZ::KC2	4	481	0.0108	0.158	flat	0.0058
GO:GOBP_CYTOKINE_MEDIATED_SIGNALING_PATHWAY	TLS_VISIUM_USZ::KC2	4	481	0.0136	0.0875	flat	0.0021
GO:GOBP_CYTOKINE_PRODUCTION	TLS_VISIUM_USZ::KC2	4	481	0.017	0.0426	flat	0.0024
GO:GOBP_CYTOKINE_PRODUCTION_INVOLVED_IN_IMMUNE_RESPONSE	TLS_VISIUM_USZ::KC2	4	481	0.0104	0.173	flat	0.0053
GO:GOBP_CYTOPLASMIC_PATTERN_RECOGNITION_RECEPTOR_SIGNALING_PATHWAY	TLS_VISIUM_USZ::KC2	4	481	0.0612	1.27e-06	flat	0.006
GO:GOBP_CYTOPLASMIC_TRANSLATION	TLS_VISIUM_USZ::KC2	4	481	0.2003	5.54e-23	flat	0.0334
GO:GOBP_CYTOSKELETON_ORGANIZATION	TLS_VISIUM_USZ::KC2	4	481	0.0172	0.0409	flat	0.0007
GO:GOBP_DEFENSE_RESPONSE_TO_BACTERIUM	TLS_VISIUM_USZ::KC2	4	481	0.02	0.022	flat	0.0029
GO:GOBP_DEFENSE_RESPONSE_TO_OTHER_ORGANISM	TLS_VISIUM_USZ::KC2	4	481	0.0557	4.91e-06	flat	0.0025
GO:GOBP_DEFENSE_RESPONSE_TO_SYMBIONT	TLS_VISIUM_USZ::KC2	4	481	0.0143	0.0754	flat	0.0012
GO:GOBP_DEFENSE_RESPONSE_TO_VIRUS	TLS_VISIUM_USZ::KC2	4	481	0.0529	9.66e-06	flat	0.0072
GO:GOBP_DETOXIFICATION	TLS_VISIUM_USZ::KC2	4	481	0.1127	2.47e-12	flat	0.0119
GO:GOBP_DEVELOPMENTAL_GROWTH	TLS_VISIUM_USZ::KC2	4	481	0.0196	0.0238	flat	0.0021
GO:GOBP_DEVELOPMENTAL_GROWTH_INVOLVED_IN_MORPHOGENESIS	TLS_VISIUM_USZ::KC2	4	481	0.0203	0.0206	flat	0.0055
GO:GOBP_DEVELOPMENTAL_MATURATION	TLS_VISIUM_USZ::KC2	4	481	0.0414	0.000154	flat	0.0046
GO:GOBP_DEVELOPMENTAL_PROCESS_INVOLVED_IN_REPRODUCTION	TLS_VISIUM_USZ::KC2	4	481	0.0069	0.348	flat	0.0014
GO:GOBP_DEVELOPMENT_OF_PRIMARY_SEXUAL_CHARACTERISTICS	TLS_VISIUM_USZ::KC2	4	481	0.0307	0.00191	flat	0.0045
GO:GOBP_DICARBOXYLIC_ACID_METABOLIC_PROCESS	TLS_VISIUM_USZ::KC2	4	481	0.0041	0.578	flat	0.0034
GO:GOBP_DIGESTIVE_SYSTEM_PROCESS	TLS_VISIUM_USZ::KC2	4	481	0.0348	0.00073	flat	0.0037
GO:GOBP_DNA_BIOSYNTHETIC_PROCESS	TLS_VISIUM_USZ::KC2	4	481	0.0299	0.00233	flat	0.0046
GO:GOBP_DNA_DAMAGE_RESPONSE	TLS_VISIUM_USZ::KC2	4	481	0.1061	1.39e-11	flat	0.0035
GO:GOBP_DNA_INTEGRITY_CHECKPOINT_SIGNALING	TLS_VISIUM_USZ::KC2	4	481	0.006	0.411	flat	0.0029
GO:GOBP_DNA_METABOLIC_PROCESS	TLS_VISIUM_USZ::KC2	4	481	0.011	0.153	flat	0.0007
GO:GOBP_DNA_RECOMBINATION	TLS_VISIUM_USZ::KC2	4	481	0.0091	0.225	flat	0.0029
GO:GOBP_DNA_REPAIR	TLS_VISIUM_USZ::KC2	4	481	0.0033	0.663	flat	0.0011
GO:GOBP_DNA_REPLICATION	TLS_VISIUM_USZ::KC2	4	481	0.0234	0.0101	flat	0.0052
GO:GOBP_DNA_STRAND_ELONGATION	TLS_VISIUM_USZ::KC2	4	481	0.0066	0.368	flat	0.0044
GO:GOBP_DNA_STRAND_ELONGATION_INVOLVED_IN_DNA_REPLICATION	TLS_VISIUM_USZ::KC2	4	481	0.0383	0.000323	flat	0.0069
GO:GOBP_DNA_TEMPLATED_DNA_REPLICATION	TLS_VISIUM_USZ::KC2	4	481	0.0124	0.113	flat	0.006
GO:GOBP_DNA_TEMPLATED_TRANSCRIPTION_INITIATION	TLS_VISIUM_USZ::KC2	4	481	0.0222	0.0135	flat	0.0055
GO:GOBP_DOUBLE_STRAND_BREAK_REPAIR	TLS_VISIUM_USZ::KC2	4	481	0.0115	0.138	flat	0.0012
GO:GOBP_EAR_DEVELOPMENT	TLS_VISIUM_USZ::KC2	4	481	0.0617	1.14e-06	flat	0.0051
GO:GOBP_EAR_MORPHOGENESIS	TLS_VISIUM_USZ::KC2	4	481	0.026	0.0057	flat	0.0045
GO:GOBP_ELECTRON_TRANSPORT_CHAIN	TLS_VISIUM_USZ::KC2	4	481	0.1221	2e-13	flat	0.0176
GO:GOBP_EMBRYONIC_MORPHOGENESIS	TLS_VISIUM_USZ::KC2	4	481	0.0158	0.0549	flat	0.0019
GO:GOBP_EMBRYONIC_ORGAN_DEVELOPMENT	TLS_VISIUM_USZ::KC2	4	481	0.0101	0.184	flat	0.0014
GO:GOBP_EMBRYONIC_ORGAN_MORPHOGENESIS	TLS_VISIUM_USZ::KC2	4	481	0.0596	1.88e-06	flat	0.0033
GO:GOBP_EMBRYO_DEVELOPMENT	TLS_VISIUM_USZ::KC2	4	481	0.0036	0.627	flat	0.0009
GO:GOBP_EMBRYO_DEVELOPMENT_ENDING_IN_BIRTH_OR_EGG_HATCHING	TLS_VISIUM_USZ::KC2	4	481	0.0166	0.0458	flat	0.0022
GO:GOBP_ENDOCYTOSIS	TLS_VISIUM_USZ::KC2	4	481	0.1353	5.73e-15	flat	0.0074
GO:GOBP_ENDOMEMBRANE_SYSTEM_ORGANIZATION	TLS_VISIUM_USZ::KC2	4	481	0.0657	4.19e-07	flat	0.0025
GO:GOBP_ENDOPLASMIC_RETICULUM_TO_GOLGI_VESICLE_MEDIATED_TRANSPORT	TLS_VISIUM_USZ::KC2	4	481	0.1081	8.27e-12	flat	0.0196
GO:GOBP_ENDOSOMAL_TRANSPORT	TLS_VISIUM_USZ::KC2	4	481	0.0872	1.89e-09	flat	0.0101
GO:GOBP_ENDOTHELIAL_CELL_MIGRATION	TLS_VISIUM_USZ::KC2	4	481	0.218	2.81e-25	flat	0.0163
GO:GOBP_ENDOTHELIAL_CELL_PROLIFERATION	TLS_VISIUM_USZ::KC2	4	481	0.0323	0.00132	flat	0.0059
GO:GOBP_ENDOTHELIUM_DEVELOPMENT	TLS_VISIUM_USZ::KC2	4	481	0.1114	3.45e-12	flat	0.012
GO:GOBP_ENERGY_DERIVATION_BY_OXIDATION_OF_ORGANIC_COMPOUNDS	TLS_VISIUM_USZ::KC2	4	481	0.1112	3.66e-12	flat	0.0086
GO:GOBP_ENZYME_LINKED_RECEPTOR_PROTEIN_SIGNALING_PATHWAY	TLS_VISIUM_USZ::KC2	4	481	0.0392	0.00026	flat	0.0031
GO:GOBP_EPIDERMAL_CELL_DIFFERENTIATION	TLS_VISIUM_USZ::KC2	4	481	0.0055	0.453	flat	0.0022
GO:GOBP_EPIDERMIS_DEVELOPMENT	TLS_VISIUM_USZ::KC2	4	481	0.065	4.98e-07	flat	0.0046
GO:GOBP_EPIGENETIC_REGULATION_OF_GENE_EXPRESSION	TLS_VISIUM_USZ::KC2	4	481	0.029	0.00284	flat	0.0041
GO:GOBP_EPITHELIAL_CELL_DEVELOPMENT	TLS_VISIUM_USZ::KC2	4	481	0.0712	1.06e-07	flat	0.0087
GO:GOBP_EPITHELIAL_CELL_DIFFERENTIATION	TLS_VISIUM_USZ::KC2	4	481	0.096	1.92e-10	flat	0.0041
GO:GOBP_EPITHELIAL_CELL_PROLIFERATION	TLS_VISIUM_USZ::KC2	4	481	0.0175	0.0383	flat	0.0036
GO:GOBP_EPITHELIAL_TO_MESENCHYMAL_TRANSITION	TLS_VISIUM_USZ::KC2	4	481	0.01	0.187	flat	0.0044
GO:GOBP_EPITHELIAL_TUBE_MORPHOGENESIS	TLS_VISIUM_USZ::KC2	4	481	0.0201	0.0213	flat	0.0022
GO:GOBP_EPITHELIUM_DEVELOPMENT	TLS_VISIUM_USZ::KC2	4	481	0.0056	0.446	flat	0.0015
GO:GOBP_ERK1_AND_ERK2_CASCADE	TLS_VISIUM_USZ::KC2	4	481	0.0829	5.53e-09	flat	0.0086
GO:GOBP_ESTABLISHMENT_OF_ORGANELLE_LOCALIZATION	TLS_VISIUM_USZ::KC2	4	481	0.0196	0.0237	flat	0.0043
GO:GOBP_ESTABLISHMENT_OF_PROTEIN_LOCALIZATION	TLS_VISIUM_USZ::KC2	4	481	0.1949	2.76e-22	flat	0.0045
GO:GOBP_ESTABLISHMENT_OF_PROTEIN_LOCALIZATION_TO_MEMBRANE	TLS_VISIUM_USZ::KC2	4	481	0.1259	7.3e-14	flat	0.01
GO:GOBP_ESTABLISHMENT_OF_PROTEIN_LOCALIZATION_TO_ORGANELLE	TLS_VISIUM_USZ::KC2	4	481	0.1154	1.21e-12	flat	0.0057
GO:GOBP_ESTABLISHMENT_OF_RNA_LOCALIZATION	TLS_VISIUM_USZ::KC2	4	481	0.0663	3.6e-07	flat	0.0104
GO:GOBP_ESTABLISHMENT_OR_MAINTENANCE_OF_CELL_POLARITY	TLS_VISIUM_USZ::KC2	4	481	0.0169	0.0432	flat	0.0048
GO:GOBP_EXOCYTOSIS	TLS_VISIUM_USZ::KC2	4	481	0.0183	0.0316	flat	0.0025
GO:GOBP_EXPORT_FROM_CELL	TLS_VISIUM_USZ::KC2	4	481	0.0333	0.00106	flat	0.0019
GO:GOBP_EXTERNAL_ENCAPSULATING_STRUCTURE_ORGANIZATION	TLS_VISIUM_USZ::KC2	4	481	0.0104	0.172	flat	0.0034
GO:GOBP_FACE_DEVELOPMENT	TLS_VISIUM_USZ::KC2	4	481	0.0057	0.436	flat	0.0029
GO:GOBP_FATTY_ACID_METABOLIC_PROCESS	TLS_VISIUM_USZ::KC2	4	481	0.0209	0.0177	flat	0.0024
GO:GOBP_FERTILIZATION	TLS_VISIUM_USZ::KC2	4	481	0.0038	0.615	flat	0.0022
GO:GOBP_FIBROBLAST_GROWTH_FACTOR_RECEPTOR_SIGNALING_PATHWAY	TLS_VISIUM_USZ::KC2	4	481	0.0682	2.24e-07	flat	0.0086
GO:GOBP_FOCAL_ADHESION_ASSEMBLY	TLS_VISIUM_USZ::KC2	4	481	0.1147	1.46e-12	flat	0.0153
GO:GOBP_FORMATION_OF_PRIMARY_GERM_LAYER	TLS_VISIUM_USZ::KC2	4	481	0.0037	0.623	flat	0.0032
GO:GOBP_GAMETE_GENERATION	TLS_VISIUM_USZ::KC2	4	481	0.1283	3.78e-14	flat	0.0049
GO:GOBP_GENERATION_OF_NEURONS	TLS_VISIUM_USZ::KC2	4	481	0.0281	0.0035	flat	0.0022
GO:GOBP_GENERATION_OF_PRECURSOR_METABOLITES_AND_ENERGY	TLS_VISIUM_USZ::KC2	4	481	0.2874	7.42e-35	flat	0.0125
GO:GOBP_GLAND_DEVELOPMENT	TLS_VISIUM_USZ::KC2	4	481	0.0195	0.0243	flat	0.003
GO:GOBP_GLIAL_CELL_DIFFERENTIATION	TLS_VISIUM_USZ::KC2	4	481	0.0001	0.997	flat	0.0003
GO:GOBP_GLOMERULUS_DEVELOPMENT	TLS_VISIUM_USZ::KC2	4	481	0.0049	0.508	flat	0.0016
GO:GOBP_GLUCOSE_METABOLIC_PROCESS	TLS_VISIUM_USZ::KC2	4	481	0.0214	0.0161	flat	0.0048
GO:GOBP_GLYCEROLIPID_BIOSYNTHETIC_PROCESS	TLS_VISIUM_USZ::KC2	4	481	0.0141	0.0789	flat	0.0036
GO:GOBP_GLYCEROLIPID_METABOLIC_PROCESS	TLS_VISIUM_USZ::KC2	4	481	0.0104	0.171	flat	0.001
GO:GOBP_GLYCEROPHOSPHOLIPID_METABOLIC_PROCESS	TLS_VISIUM_USZ::KC2	4	481	0.0101	0.182	flat	0.0024
GO:GOBP_GLYCOPROTEIN_BIOSYNTHETIC_PROCESS	TLS_VISIUM_USZ::KC2	4	481	0.0441	8.23e-05	flat	0.0045
GO:GOBP_GLYCOPROTEIN_METABOLIC_PROCESS	TLS_VISIUM_USZ::KC2	4	481	0.0297	0.00239	flat	0.0035
GO:GOBP_GLYCOSYLATION	TLS_VISIUM_USZ::KC2	4	481	0.003	0.695	flat	0.0023
GO:GOBP_GOLGI_VESICLE_TRANSPORT	TLS_VISIUM_USZ::KC2	4	481	0.0214	0.0161	flat	0.0046
GO:GOBP_GRANULOCYTE_CHEMOTAXIS	TLS_VISIUM_USZ::KC2	4	481	0.033	0.00111	flat	0.0054
GO:GOBP_GRANULOCYTE_MIGRATION	TLS_VISIUM_USZ::KC2	4	481	0.0074	0.315	flat	0.0022
GO:GOBP_GROWTH	TLS_VISIUM_USZ::KC2	4	481	0.0382	0.000334	flat	0.0029
GO:GOBP_G_PROTEIN_COUPLED_RECEPTOR_SIGNALING_PATHWAY	TLS_VISIUM_USZ::KC2	4	481	0.2354	1.37e-27	flat	0.0065
GO:GOBP_HEAD_DEVELOPMENT	TLS_VISIUM_USZ::KC2	4	481	0.031	0.0018	flat	0.003
GO:GOBP_HEART_DEVELOPMENT	TLS_VISIUM_USZ::KC2	4	481	0.1364	4.21e-15	flat	0.0058
GO:GOBP_HEART_MORPHOGENESIS	TLS_VISIUM_USZ::KC2	4	481	0.0089	0.234	flat	0.0019
GO:GOBP_HEART_PROCESS	TLS_VISIUM_USZ::KC2	4	481	0.0191	0.0268	flat	0.0039
GO:GOBP_HEMOPOIESIS	TLS_VISIUM_USZ::KC2	4	481	0.0758	3.4e-08	flat	0.0042
GO:GOBP_HINDBRAIN_DEVELOPMENT	TLS_VISIUM_USZ::KC2	4	481	0.0575	3.15e-06	flat	0.0063
GO:GOBP_HOMEOSTASIS_OF_NUMBER_OF_CELLS	TLS_VISIUM_USZ::KC2	4	481	0.0926	4.68e-10	flat	0.0057
GO:GOBP_HOMEOSTATIC_PROCESS	TLS_VISIUM_USZ::KC2	4	481	0.0584	2.54e-06	flat	0.0023
GO:GOBP_HOMOPHILIC_CELL_ADHESION_VIA_PLASMA_MEMBRANE_ADHESION_MOLECULES	TLS_VISIUM_USZ::KC2	4	481	0.0349	0.000714	flat	0.0055
GO:GOBP_HORMONE_METABOLIC_PROCESS	TLS_VISIUM_USZ::KC2	4	481	0.0803	1.07e-08	flat	0.0037
GO:GOBP_HORMONE_TRANSPORT	TLS_VISIUM_USZ::KC2	4	481	0.0187	0.0288	flat	0.001
GO:GOBP_HUMORAL_IMMUNE_RESPONSE	TLS_VISIUM_USZ::KC2	4	481	0.001	0.919	flat	0.0003
GO:GOBP_HUMORAL_IMMUNE_RESPONSE_MEDIATED_BY_CIRCULATING_IMMUNOGLOBULIN	TLS_VISIUM_USZ::KC2	4	481	0.0689	1.89e-07	flat	0.0108
GO:GOBP_IMMUNE_EFFECTOR_PROCESS	TLS_VISIUM_USZ::KC2	4	481	0.0176	0.0371	flat	0.0024
GO:GOBP_IMMUNE_RESPONSE_REGULATING_CELL_SURFACE_RECEPTOR_SIGNALING_PATHWAY	TLS_VISIUM_USZ::KC2	4	481	0.0282	0.00341	flat	0.0015
GO:GOBP_IMMUNE_RESPONSE_REGULATING_SIGNALING_PATHWAY	TLS_VISIUM_USZ::KC2	4	481	0.056	4.64e-06	flat	0.0028
GO:GOBP_IMPORT_INTO_CELL	TLS_VISIUM_USZ::KC2	4	481	0.0714	1.02e-07	flat	0.0038
GO:GOBP_IMPORT_INTO_NUCLEUS	TLS_VISIUM_USZ::KC2	4	481	0.053	9.6e-06	flat	0.0072
GO:GOBP_INFLAMMATORY_RESPONSE	TLS_VISIUM_USZ::KC2	4	481	0.009	0.231	flat	0.001
GO:GOBP_INORGANIC_ANION_TRANSMEMBRANE_TRANSPORT	TLS_VISIUM_USZ::KC2	4	481	0.0542	7.12e-06	flat	0.0053
GO:GOBP_INORGANIC_ION_HOMEOSTASIS	TLS_VISIUM_USZ::KC2	4	481	0.019	0.0273	flat	0.0025
GO:GOBP_INORGANIC_ION_IMPORT_ACROSS_PLASMA_MEMBRANE	TLS_VISIUM_USZ::KC2	4	481	0.0327	0.00121	flat	0.0061
GO:GOBP_INTEGRIN_MEDIATED_SIGNALING_PATHWAY	TLS_VISIUM_USZ::KC2	4	481	0.0662	3.76e-07	flat	0.0112
GO:GOBP_INTERFERON_BETA_PRODUCTION	TLS_VISIUM_USZ::KC2	4	481	0.0133	0.0933	flat	0.0089
GO:GOBP_INTERFERON_MEDIATED_SIGNALING_PATHWAY	TLS_VISIUM_USZ::KC2	4	481	0.0024	0.771	flat	0.0025
GO:GOBP_INTERLEUKIN_6_PRODUCTION	TLS_VISIUM_USZ::KC2	4	481	0.0189	0.0276	flat	0.0068
GO:GOBP_INTRACELLULAR_MONOATOMIC_ION_HOMEOSTASIS	TLS_VISIUM_USZ::KC2	4	481	0.0022	0.784	flat	0.001
GO:GOBP_INTRACELLULAR_PROTEIN_TRANSPORT	TLS_VISIUM_USZ::KC2	4	481	0.1312	1.73e-14	flat	0.008
GO:GOBP_INTRACELLULAR_RECEPTOR_SIGNALING_PATHWAY	TLS_VISIUM_USZ::KC2	4	481	0.0135	0.0905	flat	0.0037
GO:GOBP_INTRACELLULAR_TRANSPORT	TLS_VISIUM_USZ::KC2	4	481	0.2278	1.42e-26	flat	0.0085
GO:GOBP_INTRINSIC_APOPTOTIC_SIGNALING_PATHWAY	TLS_VISIUM_USZ::KC2	4	481	0.2684	3.85e-32	flat	0.0189
GO:GOBP_IN_UTERO_EMBRYONIC_DEVELOPMENT	TLS_VISIUM_USZ::KC2	4	481	0.0571	3.52e-06	flat	0.0028
GO:GOBP_LEUKOCYTE_APOPTOTIC_PROCESS	TLS_VISIUM_USZ::KC2	4	481	0.0447	7.07e-05	flat	0.0062
GO:GOBP_LEUKOCYTE_CELL_CELL_ADHESION	TLS_VISIUM_USZ::KC2	4	481	0.0653	4.6e-07	flat	0.0061
GO:GOBP_LEUKOCYTE_CHEMOTAXIS	TLS_VISIUM_USZ::KC2	4	481	0.0237	0.00956	flat	0.0047
GO:GOBP_LEUKOCYTE_DIFFERENTIATION	TLS_VISIUM_USZ::KC2	4	481	0.0343	0.000833	flat	0.0037
GO:GOBP_LEUKOCYTE_MEDIATED_IMMUNITY	TLS_VISIUM_USZ::KC2	4	481	0.0598	1.82e-06	flat	0.0028
GO:GOBP_LEUKOCYTE_MIGRATION	TLS_VISIUM_USZ::KC2	4	481	0.0082	0.268	flat	0.0013
GO:GOBP_LEUKOCYTE_PROLIFERATION	TLS_VISIUM_USZ::KC2	4	481	0.0146	0.0717	flat	0.0027
GO:GOBP_LIPID_BIOSYNTHETIC_PROCESS	TLS_VISIUM_USZ::KC2	4	481	0.0023	0.776	flat	0.0009
GO:GOBP_LIPID_CATABOLIC_PROCESS	TLS_VISIUM_USZ::KC2	4	481	0.0142	0.0775	flat	0.0024
GO:GOBP_LIPID_LOCALIZATION	TLS_VISIUM_USZ::KC2	4	481	0.0837	4.57e-09	flat	0.005
GO:GOBP_LIPID_METABOLIC_PROCESS	TLS_VISIUM_USZ::KC2	4	481	0.0065	0.372	flat	0.0007
GO:GOBP_LIPID_MODIFICATION	TLS_VISIUM_USZ::KC2	4	481	0.0013	0.893	flat	0.0006
GO:GOBP_LOCALIZATION_WITHIN_MEMBRANE	TLS_VISIUM_USZ::KC2	4	481	0.0641	6.29e-07	flat	0.0043
GO:GOBP_LOCOMOTION	TLS_VISIUM_USZ::KC2	4	481	0.0122	0.118	flat	0.0013
GO:GOBP_LYMPHOCYTE_ACTIVATION	TLS_VISIUM_USZ::KC2	4	481	0.0399	0.000219	flat	0.002
GO:GOBP_LYMPHOCYTE_ACTIVATION_INVOLVED_IN_IMMUNE_RESPONSE	TLS_VISIUM_USZ::KC2	4	481	0.0159	0.0543	flat	0.0046
GO:GOBP_LYMPHOCYTE_DIFFERENTIATION	TLS_VISIUM_USZ::KC2	4	481	0.052	1.22e-05	flat	0.0046
GO:GOBP_LYMPHOCYTE_MEDIATED_IMMUNITY	TLS_VISIUM_USZ::KC2	4	481	0.0111	0.15	flat	0.0029
GO:GOBP_MACROAUTOPHAGY	TLS_VISIUM_USZ::KC2	4	481	0.1527	4.79e-17	flat	0.012
GO:GOBP_MACROMOLECULE_CATABOLIC_PROCESS	TLS_VISIUM_USZ::KC2	4	481	0.075	4.07e-08	flat	0.0023
GO:GOBP_MAINTENANCE_OF_CELL_NUMBER	TLS_VISIUM_USZ::KC2	4	481	0.0024	0.764	flat	0.0018
GO:GOBP_MAINTENANCE_OF_LOCATION	TLS_VISIUM_USZ::KC2	4	481	0.0052	0.478	flat	0.0027
GO:GOBP_MALE_GAMETE_GENERATION	TLS_VISIUM_USZ::KC2	4	481	0.0631	8.03e-07	flat	0.0048
GO:GOBP_MALE_SEX_DIFFERENTIATION	TLS_VISIUM_USZ::KC2	4	481	0.067	3.02e-07	flat	0.0072
GO:GOBP_MAPK_CASCADE	TLS_VISIUM_USZ::KC2	4	481	0.1007	5.7e-11	flat	0.0035
GO:GOBP_MEIOSIS_I_CELL_CYCLE_PROCESS	TLS_VISIUM_USZ::KC2	4	481	0.0198	0.0228	flat	0.0038
GO:GOBP_MEIOTIC_CELL_CYCLE	TLS_VISIUM_USZ::KC2	4	481	0.0228	0.0116	flat	0.0031
GO:GOBP_MEIOTIC_CELL_CYCLE_PROCESS	TLS_VISIUM_USZ::KC2	4	481	0.0671	2.95e-07	flat	0.0051
GO:GOBP_MEMBRANELESS_ORGANELLE_ASSEMBLY	TLS_VISIUM_USZ::KC2	4	481	0.0064	0.38	flat	0.0011
GO:GOBP_MEMBRANE_LIPID_METABOLIC_PROCESS	TLS_VISIUM_USZ::KC2	4	481	0.0025	0.75	flat	0.0021
GO:GOBP_MEMBRANE_ORGANIZATION	TLS_VISIUM_USZ::KC2	4	481	0.1161	9.98e-13	flat	0.0058
GO:GOBP_MESENCHYMAL_CELL_DIFFERENTIATION	TLS_VISIUM_USZ::KC2	4	481	0.0109	0.157	flat	0.0038
GO:GOBP_MESENCHYME_DEVELOPMENT	TLS_VISIUM_USZ::KC2	4	481	0.0091	0.227	flat	0.0023
GO:GOBP_METAL_ION_TRANSPORT	TLS_VISIUM_USZ::KC2	4	481	0.0226	0.0122	flat	0.0017
GO:GOBP_METAPHASE_CHROMOSOME_ALIGNMENT	TLS_VISIUM_USZ::KC2	4	481	0.0269	0.00463	flat	0.011
GO:GOBP_MICROTUBULE_BASED_MOVEMENT	TLS_VISIUM_USZ::KC2	4	481	0.0239	0.009	flat	0.0028
GO:GOBP_MICROTUBULE_BASED_PROCESS	TLS_VISIUM_USZ::KC2	4	481	0.0036	0.629	flat	0.0006
GO:GOBP_MICROTUBULE_CYTOSKELETON_ORGANIZATION	TLS_VISIUM_USZ::KC2	4	481	0.0208	0.0182	flat	0.0025
GO:GOBP_MICROTUBULE_CYTOSKELETON_ORGANIZATION_INVOLVED_IN_MITOSIS	TLS_VISIUM_USZ::KC2	4	481	0.014	0.0815	flat	0.0056
GO:GOBP_MITOCHONDRIAL_ELECTRON_TRANSPORT_CYTOCHROME_C_TO_OXYGEN	TLS_VISIUM_USZ::KC2	4	481	0.0826	6.02e-09	flat	0.0304
GO:GOBP_MITOCHONDRIAL_TRANSPORT	TLS_VISIUM_USZ::KC2	4	481	0.0648	5.25e-07	flat	0.0089
GO:GOBP_MITOCHONDRION_ORGANIZATION	TLS_VISIUM_USZ::KC2	4	481	0.1083	7.9e-12	flat	0.0033
GO:GOBP_MITOTIC_CELL_CYCLE	TLS_VISIUM_USZ::KC2	4	481	0.0052	0.474	flat	0.0008
GO:GOBP_MITOTIC_CELL_CYCLE_CHECKPOINT_SIGNALING	TLS_VISIUM_USZ::KC2	4	481	0.0184	0.0311	flat	0.0049
GO:GOBP_MITOTIC_CELL_CYCLE_PHASE_TRANSITION	TLS_VISIUM_USZ::KC2	4	481	0.0016	0.857	flat	0.0005
GO:GOBP_MITOTIC_CELL_CYCLE_PROCESS	TLS_VISIUM_USZ::KC2	4	481	0.0128	0.105	flat	0.0007
GO:GOBP_MITOTIC_NUCLEAR_DIVISION	TLS_VISIUM_USZ::KC2	4	481	0.011	0.151	flat	0.0021
GO:GOBP_MITOTIC_SISTER_CHROMATID_SEGREGATION	TLS_VISIUM_USZ::KC2	4	481	0.0023	0.776	flat	0.002
GO:GOBP_MITOTIC_SISTER_CHROMATID_SEPARATION	TLS_VISIUM_USZ::KC2	4	481	0.0195	0.0242	flat	0.0049
GO:GOBP_MITOTIC_SPINDLE_ASSEMBLY	TLS_VISIUM_USZ::KC2	4	481	0.0001	0.998	flat	0.0006
GO:GOBP_MITOTIC_SPINDLE_ORGANIZATION	TLS_VISIUM_USZ::KC2	4	481	0.011	0.154	flat	0.0051
GO:GOBP_MODIFICATION_DEPENDENT_MACROMOLECULE_CATABOLIC_PROCESS	TLS_VISIUM_USZ::KC2	4	481	0.1406	1.34e-15	flat	0.0068
GO:GOBP_MODIFIED_AMINO_ACID_METABOLIC_PROCESS	TLS_VISIUM_USZ::KC2	4	481	0.0909	7.25e-10	flat	0.0077
GO:GOBP_MONOATOMIC_CATION_TRANSMEMBRANE_TRANSPORT	TLS_VISIUM_USZ::KC2	4	481	0.007	0.342	flat	0.0012
GO:GOBP_MONOATOMIC_CATION_TRANSPORT	TLS_VISIUM_USZ::KC2	4	481	0.0245	0.00788	flat	0.0016
GO:GOBP_MONOATOMIC_ION_HOMEOSTASIS	TLS_VISIUM_USZ::KC2	4	481	0.0044	0.553	flat	0.0014
GO:GOBP_MONOATOMIC_ION_TRANSMEMBRANE_TRANSPORT	TLS_VISIUM_USZ::KC2	4	481	0.007	0.339	flat	0.001
GO:GOBP_MONOATOMIC_ION_TRANSPORT	TLS_VISIUM_USZ::KC2	4	481	0.0636	7.14e-07	flat	0.0026
GO:GOBP_MONOCARBOXYLIC_ACID_BIOSYNTHETIC_PROCESS	TLS_VISIUM_USZ::KC2	4	481	0.1325	1.21e-14	flat	0.0094
GO:GOBP_MONOCARBOXYLIC_ACID_METABOLIC_PROCESS	TLS_VISIUM_USZ::KC2	4	481	0.1306	2.07e-14	flat	0.0034
GO:GOBP_MONONUCLEAR_CELL_DIFFERENTIATION	TLS_VISIUM_USZ::KC2	4	481	0.0483	2.95e-05	flat	0.0055
GO:GOBP_MONONUCLEAR_CELL_MIGRATION	TLS_VISIUM_USZ::KC2	4	481	0.0458	5.48e-05	flat	0.0041
GO:GOBP_MONOSACCHARIDE_METABOLIC_PROCESS	TLS_VISIUM_USZ::KC2	4	481	0.0071	0.332	flat	0.0033
GO:GOBP_MORPHOGENESIS_OF_AN_EPITHELIUM	TLS_VISIUM_USZ::KC2	4	481	0.0128	0.104	flat	0.0024
GO:GOBP_MORPHOGENESIS_OF_A_BRANCHING_STRUCTURE	TLS_VISIUM_USZ::KC2	4	481	0.0323	0.00133	flat	0.0036
GO:GOBP_MRNA_CATABOLIC_PROCESS	TLS_VISIUM_USZ::KC2	4	481	0.1053	1.7e-11	flat	0.0093
GO:GOBP_MRNA_METABOLIC_PROCESS	TLS_VISIUM_USZ::KC2	4	481	0.1172	7.36e-13	flat	0.0072
GO:GOBP_MRNA_PROCESSING	TLS_VISIUM_USZ::KC2	4	481	0.1399	1.64e-15	flat	0.0087
GO:GOBP_MRNA_TRANSPORT	TLS_VISIUM_USZ::KC2	4	481	0.0872	1.85e-09	flat	0.0164
GO:GOBP_MULTICELLULAR_ORGANISMAL_LEVEL_HOMEOSTASIS	TLS_VISIUM_USZ::KC2	4	481	0.1601	5.97e-18	flat	0.0059
GO:GOBP_MULTICELLULAR_ORGANISMAL_REPRODUCTIVE_PROCESS	TLS_VISIUM_USZ::KC2	4	481	0.1211	2.66e-13	flat	0.0049
GO:GOBP_MUSCLE_CELL_DEVELOPMENT	TLS_VISIUM_USZ::KC2	4	481	0.069	1.84e-07	flat	0.005
GO:GOBP_MUSCLE_CELL_DIFFERENTIATION	TLS_VISIUM_USZ::KC2	4	481	0.028	0.00357	flat	0.0025
GO:GOBP_MUSCLE_CELL_PROLIFERATION	TLS_VISIUM_USZ::KC2	4	481	0.0434	9.65e-05	flat	0.0023
GO:GOBP_MUSCLE_CONTRACTION	TLS_VISIUM_USZ::KC2	4	481	0.0077	0.298	flat	0.0027
GO:GOBP_MUSCLE_ORGAN_DEVELOPMENT	TLS_VISIUM_USZ::KC2	4	481	0.0629	8.46e-07	flat	0.0037
GO:GOBP_MUSCLE_STRUCTURE_DEVELOPMENT	TLS_VISIUM_USZ::KC2	4	481	0.0143	0.0758	flat	0.0022
GO:GOBP_MUSCLE_SYSTEM_PROCESS	TLS_VISIUM_USZ::KC2	4	481	0.0118	0.129	flat	0.0022
GO:GOBP_MUSCLE_TISSUE_DEVELOPMENT	TLS_VISIUM_USZ::KC2	4	481	0.0133	0.0932	flat	0.0014
GO:GOBP_MYELOID_CELL_DIFFERENTIATION	TLS_VISIUM_USZ::KC2	4	481	0.0823	6.45e-09	flat	0.0073
GO:GOBP_MYELOID_CELL_HOMEOSTASIS	TLS_VISIUM_USZ::KC2	4	481	0.0676	2.6e-07	flat	0.0078
GO:GOBP_MYELOID_LEUKOCYTE_ACTIVATION	TLS_VISIUM_USZ::KC2	4	481	0.0303	0.00212	flat	0.0033
GO:GOBP_MYELOID_LEUKOCYTE_DIFFERENTIATION	TLS_VISIUM_USZ::KC2	4	481	0.0045	0.543	flat	0.0015
GO:GOBP_NEGATIVE_REGULATION_OF_APOPTOTIC_SIGNALING_PATHWAY	TLS_VISIUM_USZ::KC2	4	481	0.238	6e-28	flat	0.0165
GO:GOBP_NEGATIVE_REGULATION_OF_CATABOLIC_PROCESS	TLS_VISIUM_USZ::KC2	4	481	0.1105	4.33e-12	flat	0.01
GO:GOBP_NEGATIVE_REGULATION_OF_CELLULAR_COMPONENT_ORGANIZATION	TLS_VISIUM_USZ::KC2	4	481	0.125	9.14e-14	flat	0.0063
GO:GOBP_NEGATIVE_REGULATION_OF_CELLULAR_RESPONSE_TO_GROWTH_FACTOR_STIMULUS	TLS_VISIUM_USZ::KC2	4	481	0.024	0.00896	flat	0.005
GO:GOBP_NEGATIVE_REGULATION_OF_CELL_ACTIVATION	TLS_VISIUM_USZ::KC2	4	481	0.0217	0.0148	flat	0.0037
GO:GOBP_NEGATIVE_REGULATION_OF_CELL_ADHESION	TLS_VISIUM_USZ::KC2	4	481	0.0119	0.127	flat	0.003
GO:GOBP_NEGATIVE_REGULATION_OF_CELL_CYCLE	TLS_VISIUM_USZ::KC2	4	481	0.0109	0.157	flat	0.0027
GO:GOBP_NEGATIVE_REGULATION_OF_CELL_CYCLE_PROCESS	TLS_VISIUM_USZ::KC2	4	481	0.0111	0.151	flat	0.0044
GO:GOBP_NEGATIVE_REGULATION_OF_CELL_DEVELOPMENT	TLS_VISIUM_USZ::KC2	4	481	0.0219	0.0142	flat	0.0048
GO:GOBP_NEGATIVE_REGULATION_OF_CELL_DIFFERENTIATION	TLS_VISIUM_USZ::KC2	4	481	0.0242	0.0085	flat	0.003
GO:GOBP_NEGATIVE_REGULATION_OF_CELL_POPULATION_PROLIFERATION	TLS_VISIUM_USZ::KC2	4	481	0.0056	0.445	flat	0.0018
GO:GOBP_NEGATIVE_REGULATION_OF_CYTOKINE_PRODUCTION	TLS_VISIUM_USZ::KC2	4	481	0.0046	0.535	flat	0.0015
GO:GOBP_NEGATIVE_REGULATION_OF_CYTOSKELETON_ORGANIZATION	TLS_VISIUM_USZ::KC2	4	481	0.0159	0.0542	flat	0.0024
GO:GOBP_NEGATIVE_REGULATION_OF_DEFENSE_RESPONSE	TLS_VISIUM_USZ::KC2	4	481	0.001	0.926	flat	0.0006
GO:GOBP_NEGATIVE_REGULATION_OF_DEVELOPMENTAL_PROCESS	TLS_VISIUM_USZ::KC2	4	481	0.0143	0.0757	flat	0.002
GO:GOBP_NEGATIVE_REGULATION_OF_GENE_EXPRESSION	TLS_VISIUM_USZ::KC2	4	481	0.1561	1.84e-17	flat	0.0054
GO:GOBP_NEGATIVE_REGULATION_OF_GENE_EXPRESSION_EPIGENETIC	TLS_VISIUM_USZ::KC2	4	481	0.0098	0.194	flat	0.0024
GO:GOBP_NEGATIVE_REGULATION_OF_IMMUNE_SYSTEM_PROCESS	TLS_VISIUM_USZ::KC2	4	481	0.0057	0.435	flat	0.0005
GO:GOBP_NEGATIVE_REGULATION_OF_INFLAMMATORY_RESPONSE	TLS_VISIUM_USZ::KC2	4	481	0.0158	0.0551	flat	0.0046
GO:GOBP_NEGATIVE_REGULATION_OF_INNATE_IMMUNE_RESPONSE	TLS_VISIUM_USZ::KC2	4	481	0.0198	0.0227	flat	0.0066
GO:GOBP_NEGATIVE_REGULATION_OF_INTRACELLULAR_SIGNAL_TRANSDUCTION	TLS_VISIUM_USZ::KC2	4	481	0.2069	7.72e-24	flat	0.0098
GO:GOBP_NEGATIVE_REGULATION_OF_LEUKOCYTE_MEDIATED_IMMUNITY	TLS_VISIUM_USZ::KC2	4	481	0.0207	0.0185	flat	0.005
GO:GOBP_NEGATIVE_REGULATION_OF_LOCOMOTION	TLS_VISIUM_USZ::KC2	4	481	0.0261	0.00547	flat	0.0039
GO:GOBP_NEGATIVE_REGULATION_OF_LYMPHOCYTE_ACTIVATION	TLS_VISIUM_USZ::KC2	4	481	0.0045	0.539	flat	0.0014
GO:GOBP_NEGATIVE_REGULATION_OF_MITOTIC_CELL_CYCLE	TLS_VISIUM_USZ::KC2	4	481	0.0086	0.249	flat	0.0022
GO:GOBP_NEGATIVE_REGULATION_OF_MITOTIC_CELL_CYCLE_PHASE_TRANSITION	TLS_VISIUM_USZ::KC2	4	481	0.0191	0.0265	flat	0.0062
GO:GOBP_NEGATIVE_REGULATION_OF_MOLECULAR_FUNCTION	TLS_VISIUM_USZ::KC2	4	481	0.0691	1.81e-07	flat	0.008
GO:GOBP_NEGATIVE_REGULATION_OF_MULTICELLULAR_ORGANISMAL_PROCESS	TLS_VISIUM_USZ::KC2	4	481	0.0037	0.625	flat	0.001
GO:GOBP_NEGATIVE_REGULATION_OF_NUCLEOBASE_CONTAINING_COMPOUND_METABOLIC_PROCESS	TLS_VISIUM_USZ::KC2	4	481	0.0781	1.89e-08	flat	0.0037
GO:GOBP_NEGATIVE_REGULATION_OF_ORGANELLE_ORGANIZATION	TLS_VISIUM_USZ::KC2	4	481	0.0219	0.0142	flat	0.0016
GO:GOBP_NEGATIVE_REGULATION_OF_PROGRAMMED_CELL_DEATH	TLS_VISIUM_USZ::KC2	4	481	0.2643	1.44e-31	flat	0.0081
GO:GOBP_NEGATIVE_REGULATION_OF_PROTEIN_LOCALIZATION	TLS_VISIUM_USZ::KC2	4	481	0.0158	0.0553	flat	0.0037
GO:GOBP_NEGATIVE_REGULATION_OF_PROTEIN_METABOLIC_PROCESS	TLS_VISIUM_USZ::KC2	4	481	0.2097	3.41e-24	flat	0.0091
GO:GOBP_NEGATIVE_REGULATION_OF_PROTEIN_MODIFICATION_PROCESS	TLS_VISIUM_USZ::KC2	4	481	0.2088	4.46e-24	flat	0.0181
GO:GOBP_NEGATIVE_REGULATION_OF_PROTEOLYSIS	TLS_VISIUM_USZ::KC2	4	481	0.0092	0.222	flat	0.0024
GO:GOBP_NEGATIVE_REGULATION_OF_REPRODUCTIVE_PROCESS	TLS_VISIUM_USZ::KC2	4	481	0.0071	0.334	flat	0.0048
GO:GOBP_NEGATIVE_REGULATION_OF_RESPONSE_TO_BIOTIC_STIMULUS	TLS_VISIUM_USZ::KC2	4	481	0.0201	0.0213	flat	0.0045
GO:GOBP_NEGATIVE_REGULATION_OF_RESPONSE_TO_EXTERNAL_STIMULUS	TLS_VISIUM_USZ::KC2	4	481	0.0244	0.00821	flat	0.0036
GO:GOBP_NEGATIVE_REGULATION_OF_RESPONSE_TO_STIMULUS	TLS_VISIUM_USZ::KC2	4	481	0.0029	0.714	flat	0.0005
GO:GOBP_NEGATIVE_REGULATION_OF_RNA_METABOLIC_PROCESS	TLS_VISIUM_USZ::KC2	4	481	0.007	0.342	flat	0.0011
GO:GOBP_NEGATIVE_REGULATION_OF_SIGNALING	TLS_VISIUM_USZ::KC2	4	481	0.0459	5.25e-05	flat	0.0012
GO:GOBP_NEGATIVE_REGULATION_OF_SMOOTH_MUSCLE_CELL_PROLIFERATION	TLS_VISIUM_USZ::KC2	4	481	0.043	0.000106	flat	0.0161
GO:GOBP_NEGATIVE_REGULATION_OF_SUPRAMOLECULAR_FIBER_ORGANIZATION	TLS_VISIUM_USZ::KC2	4	481	0.0102	0.178	flat	0.0039
GO:GOBP_NEGATIVE_REGULATION_OF_TRANSCRIPTION_BY_RNA_POLYMERASE_II	TLS_VISIUM_USZ::KC2	4	481	0.0105	0.17	flat	0.0023
GO:GOBP_NEGATIVE_REGULATION_OF_TRANSFORMING_GROWTH_FACTOR_BETA_RECEPTOR_SIGNALING_PATHWAY	TLS_VISIUM_USZ::KC2	4	481	0.0145	0.0726	flat	0.005
GO:GOBP_NEGATIVE_REGULATION_OF_TRANSMEMBRANE_RECEPTOR_PROTEIN_SERINE_THREONINE_KINASE_SIGNALING_PATHWAY	TLS_VISIUM_USZ::KC2	4	481	0.03	0.00227	flat	0.0039
GO:GOBP_NEGATIVE_REGULATION_OF_TRANSPORT	TLS_VISIUM_USZ::KC2	4	481	0.0289	0.0029	flat	0.0031
GO:GOBP_NEGATIVE_REGULATION_OF_VIRAL_PROCESS	TLS_VISIUM_USZ::KC2	4	481	0.0036	0.629	flat	0.0053
GO:GOBP_NEGATIVE_REGULATION_OF_WNT_SIGNALING_PATHWAY	TLS_VISIUM_USZ::KC2	4	481	0.0025	0.756	flat	0.0023
GO:GOBP_NERVOUS_SYSTEM_PROCESS	TLS_VISIUM_USZ::KC2	4	481	0.2319	4.03e-27	flat	0.0058
GO:GOBP_NEUROGENESIS	TLS_VISIUM_USZ::KC2	4	481	0.0094	0.212	flat	0.0011
GO:GOBP_NEURON_DEVELOPMENT	TLS_VISIUM_USZ::KC2	4	481	0.0346	0.000779	flat	0.002
GO:GOBP_NEURON_PROJECTION_GUIDANCE	TLS_VISIUM_USZ::KC2	4	481	0.0242	0.00845	flat	0.0036
GO:GOBP_NITROGEN_COMPOUND_TRANSPORT	TLS_VISIUM_USZ::KC2	4	481	0.1063	1.32e-11	flat	0.0025
GO:GOBP_NON_CANONICAL_WNT_SIGNALING_PATHWAY	TLS_VISIUM_USZ::KC2	4	481	0.0043	0.562	flat	0.004
GO:GOBP_NOTCH_SIGNALING_PATHWAY	TLS_VISIUM_USZ::KC2	4	481	0.0261	0.0055	flat	0.0057
GO:GOBP_NUCLEAR_CHROMOSOME_SEGREGATION	TLS_VISIUM_USZ::KC2	4	481	0.0256	0.0062	flat	0.0025
GO:GOBP_NUCLEAR_EXPORT	TLS_VISIUM_USZ::KC2	4	481	0.1628	2.77e-18	flat	0.0184
GO:GOBP_NUCLEAR_TRANSCRIBED_MRNA_CATABOLIC_PROCESS	TLS_VISIUM_USZ::KC2	4	481	0.1053	1.71e-11	flat	0.018
GO:GOBP_NUCLEAR_TRANSPORT	TLS_VISIUM_USZ::KC2	4	481	0.0333	0.00105	flat	0.0066
GO:GOBP_NUCLEIC_ACID_CATABOLIC_PROCESS	TLS_VISIUM_USZ::KC2	4	481	0.0918	5.66e-10	flat	0.0039
GO:GOBP_NUCLEOBASE_CONTAINING_COMPOUND_CATABOLIC_PROCESS	TLS_VISIUM_USZ::KC2	4	481	0.2411	2.32e-28	flat	0.0077
GO:GOBP_NUCLEOBASE_CONTAINING_COMPOUND_TRANSPORT	TLS_VISIUM_USZ::KC2	4	481	0.0086	0.246	flat	0.004
GO:GOBP_NUCLEOBASE_CONTAINING_SMALL_MOLECULE_METABOLIC_PROCESS	TLS_VISIUM_USZ::KC2	4	481	0.2559	2.17e-30	flat	0.0082
GO:GOBP_NUCLEOSIDE_PHOSPHATE_BIOSYNTHETIC_PROCESS	TLS_VISIUM_USZ::KC2	4	481	0.0891	1.16e-09	flat	0.0087
GO:GOBP_NUCLEOSIDE_PHOSPHATE_CATABOLIC_PROCESS	TLS_VISIUM_USZ::KC2	4	481	0.172	2.06e-19	flat	0.0089
GO:GOBP_NUCLEOSIDE_TRIPHOSPHATE_BIOSYNTHETIC_PROCESS	TLS_VISIUM_USZ::KC2	4	481	0.173	1.56e-19	flat	0.0248
GO:GOBP_NUCLEOSIDE_TRIPHOSPHATE_METABOLIC_PROCESS	TLS_VISIUM_USZ::KC2	4	481	0.3374	2.36e-42	flat	0.025
GO:GOBP_NUCLEOTIDE_BIOSYNTHETIC_PROCESS	TLS_VISIUM_USZ::KC2	4	481	0.2358	1.17e-27	flat	0.0194
GO:GOBP_NUCLEOTIDE_METABOLIC_PROCESS	TLS_VISIUM_USZ::KC2	4	481	0.3025	4.75e-37	flat	0.0112
GO:GOBP_OLEFINIC_COMPOUND_METABOLIC_PROCESS	TLS_VISIUM_USZ::KC2	4	481	0.0969	1.53e-10	flat	0.0052
GO:GOBP_ORGANELLE_ASSEMBLY	TLS_VISIUM_USZ::KC2	4	481	0.008	0.278	flat	0.0022
GO:GOBP_ORGANELLE_FISSION	TLS_VISIUM_USZ::KC2	4	481	0.0144	0.0743	flat	0.0028
GO:GOBP_ORGANELLE_LOCALIZATION	TLS_VISIUM_USZ::KC2	4	481	0.037	0.000441	flat	0.0027
GO:GOBP_ORGANIC_ACID_METABOLIC_PROCESS	TLS_VISIUM_USZ::KC2	4	481	0.0928	4.48e-10	flat	0.0019
GO:GOBP_ORGANIC_ACID_TRANSPORT	TLS_VISIUM_USZ::KC2	4	481	0.0049	0.501	flat	0.0017
GO:GOBP_ORGANIC_ANION_TRANSPORT	TLS_VISIUM_USZ::KC2	4	481	0.0054	0.462	flat	0.0013
GO:GOBP_ORGANOPHOSPHATE_BIOSYNTHETIC_PROCESS	TLS_VISIUM_USZ::KC2	4	481	0.0201	0.0213	flat	0.0034
GO:GOBP_ORGANOPHOSPHATE_CATABOLIC_PROCESS	TLS_VISIUM_USZ::KC2	4	481	0.1867	2.96e-21	flat	0.0073
GO:GOBP_ORGANOPHOSPHATE_METABOLIC_PROCESS	TLS_VISIUM_USZ::KC2	4	481	0.1815	1.35e-20	flat	0.0044
GO:GOBP_OSSIFICATION	TLS_VISIUM_USZ::KC2	4	481	0.014	0.0801	flat	0.0027
GO:GOBP_OSTEOBLAST_PROLIFERATION	TLS_VISIUM_USZ::KC2	4	481	0.0048	0.511	flat	0.0091
GO:GOBP_OXIDATIVE_PHOSPHORYLATION	TLS_VISIUM_USZ::KC2	4	481	0.317	3.15e-39	flat	0.0423
GO:GOBP_PATTERN_SPECIFICATION_PROCESS	TLS_VISIUM_USZ::KC2	4	481	0.0554	5.27e-06	flat	0.0043
GO:GOBP_PEPTIDE_ANTIGEN_ASSEMBLY_WITH_MHC_PROTEIN_COMPLEX	TLS_VISIUM_USZ::KC2	4	481	0.0133	0.0948	flat	0.0104
GO:GOBP_PEPTIDE_TRANSPORT	TLS_VISIUM_USZ::KC2	4	481	0.01	0.186	flat	0.0018
GO:GOBP_PEPTIDYL_AMINO_ACID_MODIFICATION	TLS_VISIUM_USZ::KC2	4	481	0.027	0.00447	flat	0.0054
GO:GOBP_PHOSPHATIDYLINOSITOL_3_KINASE_PROTEIN_KINASE_B_SIGNAL_TRANSDUCTION	TLS_VISIUM_USZ::KC2	4	481	0.008	0.278	flat	0.0025
GO:GOBP_PHOSPHOLIPID_BIOSYNTHETIC_PROCESS	TLS_VISIUM_USZ::KC2	4	481	0.0102	0.179	flat	0.0018
GO:GOBP_PHOSPHOLIPID_METABOLIC_PROCESS	TLS_VISIUM_USZ::KC2	4	481	0.0238	0.00921	flat	0.0026
GO:GOBP_PHOSPHORUS_METABOLIC_PROCESS	TLS_VISIUM_USZ::KC2	4	481	0.0757	3.41e-08	flat	0.0028
GO:GOBP_PHOSPHORYLATION	TLS_VISIUM_USZ::KC2	4	481	0.0652	4.79e-07	flat	0.005
GO:GOBP_PLACENTA_DEVELOPMENT	TLS_VISIUM_USZ::KC2	4	481	0.0321	0.00138	flat	0.0047
GO:GOBP_POSITIVE_REGULATION_OF_ADAPTIVE_IMMUNE_RESPONSE	TLS_VISIUM_USZ::KC2	4	481	0.0109	0.154	flat	0.0057
GO:GOBP_POSITIVE_REGULATION_OF_CANONICAL_NF_KAPPAB_SIGNAL_TRANSDUCTION	TLS_VISIUM_USZ::KC2	4	481	0.0373	0.00041	flat	0.008
GO:GOBP_POSITIVE_REGULATION_OF_CATABOLIC_PROCESS	TLS_VISIUM_USZ::KC2	4	481	0.0772	2.37e-08	flat	0.0064
GO:GOBP_POSITIVE_REGULATION_OF_CATALYTIC_ACTIVITY	TLS_VISIUM_USZ::KC2	4	481	0.057	3.63e-06	flat	0.0072
GO:GOBP_POSITIVE_REGULATION_OF_CELLULAR_COMPONENT_BIOGENESIS	TLS_VISIUM_USZ::KC2	4	481	0.0044	0.552	flat	0.0018
GO:GOBP_POSITIVE_REGULATION_OF_CELLULAR_COMPONENT_ORGANIZATION	TLS_VISIUM_USZ::KC2	4	481	0.0381	0.000336	flat	0.0012
GO:GOBP_POSITIVE_REGULATION_OF_CELL_ACTIVATION	TLS_VISIUM_USZ::KC2	4	481	0.0499	2.04e-05	flat	0.0063
GO:GOBP_POSITIVE_REGULATION_OF_CELL_ADHESION	TLS_VISIUM_USZ::KC2	4	481	0.0297	0.00239	flat	0.0041
GO:GOBP_POSITIVE_REGULATION_OF_CELL_CELL_ADHESION	TLS_VISIUM_USZ::KC2	4	481	0.0294	0.00258	flat	0.0052
GO:GOBP_POSITIVE_REGULATION_OF_CELL_CYCLE	TLS_VISIUM_USZ::KC2	4	481	0.009	0.23	flat	0.0027
GO:GOBP_POSITIVE_REGULATION_OF_CELL_CYCLE_PHASE_TRANSITION	TLS_VISIUM_USZ::KC2	4	481	0.0056	0.44	flat	0.003
GO:GOBP_POSITIVE_REGULATION_OF_CELL_CYCLE_PROCESS	TLS_VISIUM_USZ::KC2	4	481	0.069	1.84e-07	flat	0.0044
GO:GOBP_POSITIVE_REGULATION_OF_CELL_DEVELOPMENT	TLS_VISIUM_USZ::KC2	4	481	0.0338	0.000927	flat	0.0017
GO:GOBP_POSITIVE_REGULATION_OF_CELL_DIFFERENTIATION	TLS_VISIUM_USZ::KC2	4	481	0.0158	0.0554	flat	0.0017
GO:GOBP_POSITIVE_REGULATION_OF_CELL_KILLING	TLS_VISIUM_USZ::KC2	4	481	0.0168	0.0437	flat	0.0083
GO:GOBP_POSITIVE_REGULATION_OF_CELL_POPULATION_PROLIFERATION	TLS_VISIUM_USZ::KC2	4	481	0.0046	0.531	flat	0.0008
GO:GOBP_POSITIVE_REGULATION_OF_CHROMOSOME_ORGANIZATION	TLS_VISIUM_USZ::KC2	4	481	0.1269	5.51e-14	flat	0.01
GO:GOBP_POSITIVE_REGULATION_OF_CYTOKINE_PRODUCTION	TLS_VISIUM_USZ::KC2	4	481	0.1387	2.23e-15	flat	0.0076
GO:GOBP_POSITIVE_REGULATION_OF_CYTOSKELETON_ORGANIZATION	TLS_VISIUM_USZ::KC2	4	481	0.0123	0.117	flat	0.0019
GO:GOBP_POSITIVE_REGULATION_OF_DEFENSE_RESPONSE	TLS_VISIUM_USZ::KC2	4	481	0.0069	0.345	flat	0.0014
GO:GOBP_POSITIVE_REGULATION_OF_DEVELOPMENTAL_PROCESS	TLS_VISIUM_USZ::KC2	4	481	0.0016	0.858	flat	0.0006
GO:GOBP_POSITIVE_REGULATION_OF_DNA_BIOSYNTHETIC_PROCESS	TLS_VISIUM_USZ::KC2	4	481	0.0986	9.96e-11	flat	0.0178
GO:GOBP_POSITIVE_REGULATION_OF_DNA_METABOLIC_PROCESS	TLS_VISIUM_USZ::KC2	4	481	0.0407	0.000185	flat	0.0045
GO:GOBP_POSITIVE_REGULATION_OF_DNA_REPAIR	TLS_VISIUM_USZ::KC2	4	481	0.012	0.125	flat	0.0056
GO:GOBP_POSITIVE_REGULATION_OF_ESTABLISHMENT_OF_PROTEIN_LOCALIZATION	TLS_VISIUM_USZ::KC2	4	481	0.0446	7.21e-05	flat	0.0057
GO:GOBP_POSITIVE_REGULATION_OF_GENE_EXPRESSION	TLS_VISIUM_USZ::KC2	4	481	0.0602	1.65e-06	flat	0.003
GO:GOBP_POSITIVE_REGULATION_OF_IMMUNE_EFFECTOR_PROCESS	TLS_VISIUM_USZ::KC2	4	481	0.0066	0.369	flat	0.0024
GO:GOBP_POSITIVE_REGULATION_OF_IMMUNE_RESPONSE	TLS_VISIUM_USZ::KC2	4	481	0.0166	0.0465	flat	0.0028
GO:GOBP_POSITIVE_REGULATION_OF_IMMUNE_SYSTEM_PROCESS	TLS_VISIUM_USZ::KC2	4	481	0.0095	0.206	flat	0.0015
GO:GOBP_POSITIVE_REGULATION_OF_INTERFERON_BETA_PRODUCTION	TLS_VISIUM_USZ::KC2	4	481	0.0464	4.75e-05	flat	0.0238
GO:GOBP_POSITIVE_REGULATION_OF_INTRACELLULAR_SIGNAL_TRANSDUCTION	TLS_VISIUM_USZ::KC2	4	481	0.0077	0.297	flat	0.0016
GO:GOBP_POSITIVE_REGULATION_OF_LEUKOCYTE_CELL_CELL_ADHESION	TLS_VISIUM_USZ::KC2	4	481	0.0496	2.2e-05	flat	0.006
GO:GOBP_POSITIVE_REGULATION_OF_LEUKOCYTE_MEDIATED_IMMUNITY	TLS_VISIUM_USZ::KC2	4	481	0.0427	0.000114	flat	0.0113
GO:GOBP_POSITIVE_REGULATION_OF_LEUKOCYTE_MIGRATION	TLS_VISIUM_USZ::KC2	4	481	0.0062	0.399	flat	0.0026
GO:GOBP_POSITIVE_REGULATION_OF_LEUKOCYTE_PROLIFERATION	TLS_VISIUM_USZ::KC2	4	481	0.0104	0.171	flat	0.0038
GO:GOBP_POSITIVE_REGULATION_OF_LOCOMOTION	TLS_VISIUM_USZ::KC2	4	481	0.1338	8.67e-15	flat	0.0055
GO:GOBP_POSITIVE_REGULATION_OF_LYMPHOCYTE_DIFFERENTIATION	TLS_VISIUM_USZ::KC2	4	481	0.0365	0.00049	flat	0.0086
GO:GOBP_POSITIVE_REGULATION_OF_MAPK_CASCADE	TLS_VISIUM_USZ::KC2	4	481	0.0218	0.0146	flat	0.0016
GO:GOBP_POSITIVE_REGULATION_OF_MITOTIC_CELL_CYCLE	TLS_VISIUM_USZ::KC2	4	481	0.0052	0.473	flat	0.0016
GO:GOBP_POSITIVE_REGULATION_OF_MITOTIC_CELL_CYCLE_PHASE_TRANSITION	TLS_VISIUM_USZ::KC2	4	481	0.005	0.497	flat	0.0038
GO:GOBP_POSITIVE_REGULATION_OF_MOLECULAR_FUNCTION	TLS_VISIUM_USZ::KC2	4	481	0.0185	0.0305	flat	0.0027
GO:GOBP_POSITIVE_REGULATION_OF_MRNA_METABOLIC_PROCESS	TLS_VISIUM_USZ::KC2	4	481	0.0309	0.00182	flat	0.0081
GO:GOBP_POSITIVE_REGULATION_OF_MULTICELLULAR_ORGANISMAL_PROCESS	TLS_VISIUM_USZ::KC2	4	481	0.0255	0.00631	flat	0.0024
GO:GOBP_POSITIVE_REGULATION_OF_MYELOID_CELL_DIFFERENTIATION	TLS_VISIUM_USZ::KC2	4	481	0.0776	2.12e-08	flat	0.01
GO:GOBP_POSITIVE_REGULATION_OF_NEUROGENESIS	TLS_VISIUM_USZ::KC2	4	481	0.0311	0.00173	flat	0.0024
GO:GOBP_POSITIVE_REGULATION_OF_ORGANELLE_ORGANIZATION	TLS_VISIUM_USZ::KC2	4	481	0.0082	0.269	flat	0.0018
GO:GOBP_POSITIVE_REGULATION_OF_PHOSPHATIDYLINOSITOL_3_KINASE_PROTEIN_KINASE_B_SIGNAL_TRANSDUCTION	TLS_VISIUM_USZ::KC2	4	481	0.0026	0.747	flat	0.0015
GO:GOBP_POSITIVE_REGULATION_OF_PHOSPHORUS_METABOLIC_PROCESS	TLS_VISIUM_USZ::KC2	4	481	0.0434	9.7e-05	flat	0.005
GO:GOBP_POSITIVE_REGULATION_OF_PHOSPHORYLATION	TLS_VISIUM_USZ::KC2	4	481	0.0656	4.32e-07	flat	0.0061
GO:GOBP_POSITIVE_REGULATION_OF_POST_TRANSLATIONAL_PROTEIN_MODIFICATION	TLS_VISIUM_USZ::KC2	4	481	0.0661	3.82e-07	flat	0.01
GO:GOBP_POSITIVE_REGULATION_OF_PRODUCTION_OF_MOLECULAR_MEDIATOR_OF_IMMUNE_RESPONSE	TLS_VISIUM_USZ::KC2	4	481	0.0178	0.0356	flat	0.0056
GO:GOBP_POSITIVE_REGULATION_OF_PROGRAMMED_CELL_DEATH	TLS_VISIUM_USZ::KC2	4	481	0.1526	4.87e-17	flat	0.0073
GO:GOBP_POSITIVE_REGULATION_OF_PROTEIN_CONTAINING_COMPLEX_ASSEMBLY	TLS_VISIUM_USZ::KC2	4	481	0.1195	4.08e-13	flat	0.012
GO:GOBP_POSITIVE_REGULATION_OF_PROTEIN_LOCALIZATION	TLS_VISIUM_USZ::KC2	4	481	0.1739	1.19e-19	flat	0.0078
GO:GOBP_POSITIVE_REGULATION_OF_PROTEIN_METABOLIC_PROCESS	TLS_VISIUM_USZ::KC2	4	481	0.2531	5.31e-30	flat	0.0092
GO:GOBP_POSITIVE_REGULATION_OF_PROTEIN_MODIFICATION_PROCESS	TLS_VISIUM_USZ::KC2	4	481	0.0121	0.122	flat	0.0032
GO:GOBP_POSITIVE_REGULATION_OF_PROTEIN_TRANSPORT	TLS_VISIUM_USZ::KC2	4	481	0.0594	2e-06	flat	0.0065
GO:GOBP_POSITIVE_REGULATION_OF_RESPIRATORY_BURST	TLS_VISIUM_USZ::KC2	4	481	0.0573	3.33e-06	flat	0.0083
GO:GOBP_POSITIVE_REGULATION_OF_RESPONSE_TO_BIOTIC_STIMULUS	TLS_VISIUM_USZ::KC2	4	481	0.0626	9.04e-07	flat	0.0058
GO:GOBP_POSITIVE_REGULATION_OF_RESPONSE_TO_CYTOKINE_STIMULUS	TLS_VISIUM_USZ::KC2	4	481	0.0302	0.00216	flat	0.0078
GO:GOBP_POSITIVE_REGULATION_OF_RESPONSE_TO_EXTERNAL_STIMULUS	TLS_VISIUM_USZ::KC2	4	481	0.0597	1.84e-06	flat	0.0048
GO:GOBP_POSITIVE_REGULATION_OF_RNA_METABOLIC_PROCESS	TLS_VISIUM_USZ::KC2	4	481	0.0403	0.000199	flat	0.0023
GO:GOBP_POSITIVE_REGULATION_OF_SIGNALING	TLS_VISIUM_USZ::KC2	4	481	0.0193	0.0254	flat	0.0009
GO:GOBP_POSITIVE_REGULATION_OF_TELOMERE_MAINTENANCE	TLS_VISIUM_USZ::KC2	4	481	0.0328	0.00117	flat	0.0118
GO:GOBP_POSITIVE_REGULATION_OF_TELOMERE_MAINTENANCE_VIA_TELOMERE_LENGTHENING	TLS_VISIUM_USZ::KC2	4	481	0.0333	0.00103	flat	0.0096
GO:GOBP_POSITIVE_REGULATION_OF_TRANSCRIPTION_BY_RNA_POLYMERASE_II	TLS_VISIUM_USZ::KC2	4	481	0.0268	0.00468	flat	0.0021
GO:GOBP_POSITIVE_REGULATION_OF_TRANSFERASE_ACTIVITY	TLS_VISIUM_USZ::KC2	4	481	0.0135	0.0901	flat	0.0053
GO:GOBP_POSITIVE_REGULATION_OF_TRANSLATION	TLS_VISIUM_USZ::KC2	4	481	0.0213	0.0162	flat	0.0078
GO:GOBP_POSITIVE_REGULATION_OF_TRANSPORT	TLS_VISIUM_USZ::KC2	4	481	0.0534	8.56e-06	flat	0.0032
GO:GOBP_POSITIVE_REGULATION_OF_TUMOR_NECROSIS_FACTOR_SUPERFAMILY_CYTOKINE_PRODUCTION	TLS_VISIUM_USZ::KC2	4	481	0.0542	7.09e-06	flat	0.0101
GO:GOBP_POSITIVE_REGULATION_OF_TYPE_I_INTERFERON_PRODUCTION	TLS_VISIUM_USZ::KC2	4	481	0.0063	0.39	flat	0.0071
GO:GOBP_POSITIVE_REGULATION_OF_T_CELL_MEDIATED_IMMUNITY	TLS_VISIUM_USZ::KC2	4	481	0.002	0.809	flat	0.0012
GO:GOBP_POSITIVE_REGULATION_OF_VASCULATURE_DEVELOPMENT	TLS_VISIUM_USZ::KC2	4	481	0.0622	1.01e-06	flat	0.0084
GO:GOBP_POSITIVE_REGULATION_OF_WNT_SIGNALING_PATHWAY	TLS_VISIUM_USZ::KC2	4	481	0.0046	0.531	flat	0.0025
GO:GOBP_POST_TRANSCRIPTIONAL_REGULATION_OF_GENE_EXPRESSION	TLS_VISIUM_USZ::KC2	4	481	0.0998	7.29e-11	flat	0.0069
GO:GOBP_POST_TRANSLATIONAL_PROTEIN_MODIFICATION	TLS_VISIUM_USZ::KC2	4	481	0.1094	5.79e-12	flat	0.0045
GO:GOBP_PROCESS_UTILIZING_AUTOPHAGIC_MECHANISM	TLS_VISIUM_USZ::KC2	4	481	0.1129	2.32e-12	flat	0.0065
GO:GOBP_PRODUCTION_OF_MOLECULAR_MEDIATOR_OF_IMMUNE_RESPONSE	TLS_VISIUM_USZ::KC2	4	481	0.0721	8.45e-08	flat	0.0079
GO:GOBP_PROTEASOMAL_PROTEIN_CATABOLIC_PROCESS	TLS_VISIUM_USZ::KC2	4	481	0.0318	0.00149	flat	0.0027
GO:GOBP_PROTEASOME_MEDIATED_UBIQUITIN_DEPENDENT_PROTEIN_CATABOLIC_PROCESS	TLS_VISIUM_USZ::KC2	4	481	0.0212	0.0167	flat	0.0045
GO:GOBP_PROTEINOGENIC_AMINO_ACID_METABOLIC_PROCESS	TLS_VISIUM_USZ::KC2	4	481	0.0336	0.000972	flat	0.0024
GO:GOBP_PROTEIN_CATABOLIC_PROCESS	TLS_VISIUM_USZ::KC2	4	481	0.0974	1.33e-10	flat	0.0044
GO:GOBP_PROTEIN_COMPLEX_OLIGOMERIZATION	TLS_VISIUM_USZ::KC2	4	481	0.0073	0.321	flat	0.0018
GO:GOBP_PROTEIN_CONTAINING_COMPLEX_DISASSEMBLY	TLS_VISIUM_USZ::KC2	4	481	0.0359	0.000571	flat	0.0047
GO:GOBP_PROTEIN_CONTAINING_COMPLEX_LOCALIZATION	TLS_VISIUM_USZ::KC2	4	481	0.0134	0.0911	flat	0.0034
GO:GOBP_PROTEIN_CONTAINING_COMPLEX_ORGANIZATION	TLS_VISIUM_USZ::KC2	4	481	0.1089	6.72e-12	flat	0.0027
GO:GOBP_PROTEIN_DNA_COMPLEX_ORGANIZATION	TLS_VISIUM_USZ::KC2	4	481	0.0176	0.0371	flat	0.0054
GO:GOBP_PROTEIN_FOLDING	TLS_VISIUM_USZ::KC2	4	481	0.2595	6.82e-31	flat	0.0193
GO:GOBP_PROTEIN_LOCALIZATION_TO_CELL_PERIPHERY	TLS_VISIUM_USZ::KC2	4	481	0.185	4.9e-21	flat	0.0109
GO:GOBP_PROTEIN_LOCALIZATION_TO_CHROMOSOME	TLS_VISIUM_USZ::KC2	4	481	0.0016	0.862	flat	0.0029
GO:GOBP_PROTEIN_LOCALIZATION_TO_EXTRACELLULAR_REGION	TLS_VISIUM_USZ::KC2	4	481	0.1492	1.24e-16	flat	0.006
GO:GOBP_PROTEIN_LOCALIZATION_TO_MITOCHONDRION	TLS_VISIUM_USZ::KC2	4	481	0.1408	1.26e-15	flat	0.0172
GO:GOBP_PROTEIN_LOCALIZATION_TO_NUCLEUS	TLS_VISIUM_USZ::KC2	4	481	0.0095	0.209	flat	0.0023
GO:GOBP_PROTEIN_LOCALIZATION_TO_ORGANELLE	TLS_VISIUM_USZ::KC2	4	481	0.1108	4.02e-12	flat	0.0039
GO:GOBP_PROTEIN_LOCALIZATION_TO_PLASMA_MEMBRANE	TLS_VISIUM_USZ::KC2	4	481	0.1824	1.05e-20	flat	0.0124
GO:GOBP_PROTEIN_MATURATION	TLS_VISIUM_USZ::KC2	4	481	0.3039	2.88e-37	flat	0.0112
GO:GOBP_PROTEIN_MODIFICATION_BY_SMALL_PROTEIN_CONJUGATION	TLS_VISIUM_USZ::KC2	4	481	0.0095	0.209	flat	0.0018
GO:GOBP_PROTEIN_POLYMERIZATION	TLS_VISIUM_USZ::KC2	4	481	0.0356	0.000608	flat	0.0041
GO:GOBP_PROTEIN_POLYUBIQUITINATION	TLS_VISIUM_USZ::KC2	4	481	0.0383	0.000323	flat	0.0068
GO:GOBP_PROTEIN_PROCESSING	TLS_VISIUM_USZ::KC2	4	481	0.1622	3.32e-18	flat	0.0123
GO:GOBP_PROTEIN_RNA_COMPLEX_ORGANIZATION	TLS_VISIUM_USZ::KC2	4	481	0.1673	7.88e-19	flat	0.0142
GO:GOBP_PROTEIN_STABILIZATION	TLS_VISIUM_USZ::KC2	4	481	0.0746	4.52e-08	flat	0.011
GO:GOBP_PROTEIN_TARGETING	TLS_VISIUM_USZ::KC2	4	481	0.1324	1.26e-14	flat	0.0102
GO:GOBP_PROTEIN_TARGETING_TO_MITOCHONDRION	TLS_VISIUM_USZ::KC2	4	481	0.0872	1.89e-09	flat	0.0141
GO:GOBP_PROTEIN_TRANSPORT	TLS_VISIUM_USZ::KC2	4	481	0.1753	8.01e-20	flat	0.0058
GO:GOBP_PROTEOLYSIS	TLS_VISIUM_USZ::KC2	4	481	0.0613	1.24e-06	flat	0.003
GO:GOBP_PROTEOLYSIS_INVOLVED_IN_PROTEIN_CATABOLIC_PROCESS	TLS_VISIUM_USZ::KC2	4	481	0.0984	1.04e-10	flat	0.0061
GO:GOBP_PROTON_MOTIVE_FORCE_DRIVEN_ATP_SYNTHESIS	TLS_VISIUM_USZ::KC2	4	481	0.1995	6.99e-23	flat	0.0521
GO:GOBP_PROTON_TRANSMEMBRANE_TRANSPORT	TLS_VISIUM_USZ::KC2	4	481	0.2622	2.87e-31	flat	0.0146
GO:GOBP_PURINE_CONTAINING_COMPOUND_BIOSYNTHETIC_PROCESS	TLS_VISIUM_USZ::KC2	4	481	0.1548	2.65e-17	flat	0.0096
GO:GOBP_PURINE_CONTAINING_COMPOUND_METABOLIC_PROCESS	TLS_VISIUM_USZ::KC2	4	481	0.1878	2.16e-21	flat	0.0062
GO:GOBP_PURINE_NUCLEOTIDE_BIOSYNTHETIC_PROCESS	TLS_VISIUM_USZ::KC2	4	481	0.1347	6.75e-15	flat	0.0134
GO:GOBP_PYRIDINE_CONTAINING_COMPOUND_METABOLIC_PROCESS	TLS_VISIUM_USZ::KC2	4	481	0.1864	3.25e-21	flat	0.0106
GO:GOBP_REACTIVE_OXYGEN_SPECIES_METABOLIC_PROCESS	TLS_VISIUM_USZ::KC2	4	481	0.1257	7.72e-14	flat	0.0101
GO:GOBP_RECEPTOR_MEDIATED_ENDOCYTOSIS	TLS_VISIUM_USZ::KC2	4	481	0.2522	6.9e-30	flat	0.0124
GO:GOBP_RECOMBINATIONAL_REPAIR	TLS_VISIUM_USZ::KC2	4	481	0.0197	0.0235	flat	0.0042
GO:GOBP_REGENERATION	TLS_VISIUM_USZ::KC2	4	481	0.0663	3.61e-07	flat	0.0065
GO:GOBP_REGULATION_OF_ACTIN_FILAMENT_BASED_PROCESS	TLS_VISIUM_USZ::KC2	4	481	0.054	7.54e-06	flat	0.0055
GO:GOBP_REGULATION_OF_ACTIN_FILAMENT_ORGANIZATION	TLS_VISIUM_USZ::KC2	4	481	0.0215	0.0156	flat	0.0049
GO:GOBP_REGULATION_OF_ACTIN_FILAMENT_POLYMERIZATION	TLS_VISIUM_USZ::KC2	4	481	0.0184	0.0308	flat	0.0078
GO:GOBP_REGULATION_OF_ADAPTIVE_IMMUNE_RESPONSE	TLS_VISIUM_USZ::KC2	4	481	0.0296	0.00248	flat	0.0059
GO:GOBP_REGULATION_OF_ALPHA_BETA_T_CELL_ACTIVATION	TLS_VISIUM_USZ::KC2	4	481	0.0062	0.4	flat	0.002
GO:GOBP_REGULATION_OF_ANATOMICAL_STRUCTURE_MORPHOGENESIS	TLS_VISIUM_USZ::KC2	4	481	0.0464	4.67e-05	flat	0.0039
GO:GOBP_REGULATION_OF_ANATOMICAL_STRUCTURE_SIZE	TLS_VISIUM_USZ::KC2	4	481	0.0505	1.74e-05	flat	0.0047
GO:GOBP_REGULATION_OF_APOPTOTIC_SIGNALING_PATHWAY	TLS_VISIUM_USZ::KC2	4	481	0.1526	4.86e-17	flat	0.0091
GO:GOBP_REGULATION_OF_AUTOPHAGY	TLS_VISIUM_USZ::KC2	4	481	0.1468	2.44e-16	flat	0.011
GO:GOBP_REGULATION_OF_BLOOD_CIRCULATION	TLS_VISIUM_USZ::KC2	4	481	0.0113	0.142	flat	0.0021
GO:GOBP_REGULATION_OF_BMP_SIGNALING_PATHWAY	TLS_VISIUM_USZ::KC2	4	481	0.0058	0.426	flat	0.0028
GO:GOBP_REGULATION_OF_BODY_FLUID_LEVELS	TLS_VISIUM_USZ::KC2	4	481	0.056	4.6e-06	flat	0.0055
GO:GOBP_REGULATION_OF_CANONICAL_WNT_SIGNALING_PATHWAY	TLS_VISIUM_USZ::KC2	4	481	0.0102	0.18	flat	0.0018
GO:GOBP_REGULATION_OF_CARTILAGE_DEVELOPMENT	TLS_VISIUM_USZ::KC2	4	481	0.0024	0.763	flat	0.0015
GO:GOBP_REGULATION_OF_CATABOLIC_PROCESS	TLS_VISIUM_USZ::KC2	4	481	0.2187	2.22e-25	flat	0.0087
GO:GOBP_REGULATION_OF_CATALYTIC_ACTIVITY	TLS_VISIUM_USZ::KC2	4	481	0.043	0.000107	flat	0.0043
GO:GOBP_REGULATION_OF_CD4_POSITIVE_ALPHA_BETA_T_CELL_ACTIVATION	TLS_VISIUM_USZ::KC2	4	481	0.0208	0.0183	flat	0.0039
GO:GOBP_REGULATION_OF_CD4_POSITIVE_ALPHA_BETA_T_CELL_DIFFERENTIATION	TLS_VISIUM_USZ::KC2	4	481	0.0091	0.227	flat	0.0065
GO:GOBP_REGULATION_OF_CELLULAR_COMPONENT_BIOGENESIS	TLS_VISIUM_USZ::KC2	4	481	0.0364	0.000507	flat	0.0023
GO:GOBP_REGULATION_OF_CELLULAR_COMPONENT_SIZE	TLS_VISIUM_USZ::KC2	4	481	0.0806	1.01e-08	flat	0.0086
GO:GOBP_REGULATION_OF_CELLULAR_LOCALIZATION	TLS_VISIUM_USZ::KC2	4	481	0.2575	1.3e-30	flat	0.0073
GO:GOBP_REGULATION_OF_CELLULAR_RESPONSE_TO_GROWTH_FACTOR_STIMULUS	TLS_VISIUM_USZ::KC2	4	481	0.0242	0.0084	flat	0.0034
GO:GOBP_REGULATION_OF_CELLULAR_RESPONSE_TO_STRESS	TLS_VISIUM_USZ::KC2	4	481	0.1106	4.29e-12	flat	0.0092
GO:GOBP_REGULATION_OF_CELLULAR_RESPONSE_TO_TRANSFORMING_GROWTH_FACTOR_BETA_STIMULUS	TLS_VISIUM_USZ::KC2	4	481	0.0197	0.0232	flat	0.0052
GO:GOBP_REGULATION_OF_CELL_ACTIVATION	TLS_VISIUM_USZ::KC2	4	481	0.041	0.000172	flat	0.0031
GO:GOBP_REGULATION_OF_CELL_ADHESION	TLS_VISIUM_USZ::KC2	4	481	0.056	4.62e-06	flat	0.0043
GO:GOBP_REGULATION_OF_CELL_CELL_ADHESION	TLS_VISIUM_USZ::KC2	4	481	0.0168	0.0442	flat	0.0024
GO:GOBP_REGULATION_OF_CELL_CYCLE	TLS_VISIUM_USZ::KC2	4	481	0.0216	0.0152	flat	0.0032
GO:GOBP_REGULATION_OF_CELL_CYCLE_G2_M_PHASE_TRANSITION	TLS_VISIUM_USZ::KC2	4	481	0.0014	0.877	flat	0.0031
GO:GOBP_REGULATION_OF_CELL_CYCLE_PHASE_TRANSITION	TLS_VISIUM_USZ::KC2	4	481	0.0081	0.272	flat	0.001
GO:GOBP_REGULATION_OF_CELL_CYCLE_PROCESS	TLS_VISIUM_USZ::KC2	4	481	0.0224	0.0128	flat	0.0018
GO:GOBP_REGULATION_OF_CELL_DEVELOPMENT	TLS_VISIUM_USZ::KC2	4	481	0.0063	0.388	flat	0.0014
GO:GOBP_REGULATION_OF_CELL_DIFFERENTIATION	TLS_VISIUM_USZ::KC2	4	481	0.0155	0.0592	flat	0.002
GO:GOBP_REGULATION_OF_CELL_JUNCTION_ASSEMBLY	TLS_VISIUM_USZ::KC2	4	481	0.0054	0.464	flat	0.0029
GO:GOBP_REGULATION_OF_CELL_KILLING	TLS_VISIUM_USZ::KC2	4	481	0.021	0.0174	flat	0.002
GO:GOBP_REGULATION_OF_CELL_MATRIX_ADHESION	TLS_VISIUM_USZ::KC2	4	481	0.0574	3.24e-06	flat	0.0065
GO:GOBP_REGULATION_OF_CELL_MORPHOGENESIS	TLS_VISIUM_USZ::KC2	4	481	0.024	0.00896	flat	0.0057
GO:GOBP_REGULATION_OF_CELL_POPULATION_PROLIFERATION	TLS_VISIUM_USZ::KC2	4	481	0.0408	0.000178	flat	0.0022
GO:GOBP_REGULATION_OF_CELL_PROJECTION_ORGANIZATION	TLS_VISIUM_USZ::KC2	4	481	0.0009	0.936	flat	0.0007
GO:GOBP_REGULATION_OF_CELL_SHAPE	TLS_VISIUM_USZ::KC2	4	481	0.0461	5e-05	flat	0.0113
GO:GOBP_REGULATION_OF_CELL_SUBSTRATE_ADHESION	TLS_VISIUM_USZ::KC2	4	481	0.0125	0.112	flat	0.0014
GO:GOBP_REGULATION_OF_CELL_SUBSTRATE_JUNCTION_ORGANIZATION	TLS_VISIUM_USZ::KC2	4	481	0.011	0.153	flat	0.006
GO:GOBP_REGULATION_OF_CHEMOTAXIS	TLS_VISIUM_USZ::KC2	4	481	0.0331	0.0011	flat	0.0057
GO:GOBP_REGULATION_OF_CHROMOSOME_ORGANIZATION	TLS_VISIUM_USZ::KC2	4	481	0.0409	0.000175	flat	0.0036
GO:GOBP_REGULATION_OF_CHROMOSOME_SEGREGATION	TLS_VISIUM_USZ::KC2	4	481	0.0013	0.895	flat	0.0015
GO:GOBP_REGULATION_OF_COAGULATION	TLS_VISIUM_USZ::KC2	4	481	0.0486	2.74e-05	flat	0.0106
GO:GOBP_REGULATION_OF_CYTOSKELETON_ORGANIZATION	TLS_VISIUM_USZ::KC2	4	481	0.0182	0.0322	flat	0.0032
GO:GOBP_REGULATION_OF_DEFENSE_RESPONSE	TLS_VISIUM_USZ::KC2	4	481	0.0153	0.0614	flat	0.0017
GO:GOBP_REGULATION_OF_DEFENSE_RESPONSE_TO_VIRUS	TLS_VISIUM_USZ::KC2	4	481	0.0017	0.844	flat	0.0044
GO:GOBP_REGULATION_OF_DNA_METABOLIC_PROCESS	TLS_VISIUM_USZ::KC2	4	481	0.0073	0.321	flat	0.002
GO:GOBP_REGULATION_OF_DNA_REPAIR	TLS_VISIUM_USZ::KC2	4	481	0.0299	0.00231	flat	0.0069
GO:GOBP_REGULATION_OF_DNA_REPLICATION	TLS_VISIUM_USZ::KC2	4	481	0.0253	0.00662	flat	0.0029
GO:GOBP_REGULATION_OF_DOUBLE_STRAND_BREAK_REPAIR	TLS_VISIUM_USZ::KC2	4	481	0.0029	0.709	flat	0.0036
GO:GOBP_REGULATION_OF_ENDOCYTOSIS	TLS_VISIUM_USZ::KC2	4	481	0.2374	7.32e-28	flat	0.0133
GO:GOBP_REGULATION_OF_EPITHELIAL_CELL_DIFFERENTIATION	TLS_VISIUM_USZ::KC2	4	481	0.0108	0.158	flat	0.0029
GO:GOBP_REGULATION_OF_EPITHELIAL_CELL_PROLIFERATION	TLS_VISIUM_USZ::KC2	4	481	0.0146	0.0715	flat	0.003
GO:GOBP_REGULATION_OF_EPITHELIAL_TO_MESENCHYMAL_TRANSITION	TLS_VISIUM_USZ::KC2	4	481	0.0378	0.000363	flat	0.0082
GO:GOBP_REGULATION_OF_ESTABLISHMENT_OF_PROTEIN_LOCALIZATION	TLS_VISIUM_USZ::KC2	4	481	0.1046	2.06e-11	flat	0.0062
GO:GOBP_REGULATION_OF_GENERATION_OF_PRECURSOR_METABOLITES_AND_ENERGY	TLS_VISIUM_USZ::KC2	4	481	0.0481	3.14e-05	flat	0.0092
GO:GOBP_REGULATION_OF_GROWTH	TLS_VISIUM_USZ::KC2	4	481	0.0426	0.000117	flat	0.0029
GO:GOBP_REGULATION_OF_HEART_CONTRACTION	TLS_VISIUM_USZ::KC2	4	481	0.0473	3.74e-05	flat	0.005
GO:GOBP_REGULATION_OF_HEMOPOIESIS	TLS_VISIUM_USZ::KC2	4	481	0.0237	0.0096	flat	0.0031
GO:GOBP_REGULATION_OF_HORMONE_LEVELS	TLS_VISIUM_USZ::KC2	4	481	0.0197	0.0231	flat	0.0022
GO:GOBP_REGULATION_OF_HYDROLASE_ACTIVITY	TLS_VISIUM_USZ::KC2	4	481	0.0743	4.92e-08	flat	0.0076
GO:GOBP_REGULATION_OF_IMMUNE_EFFECTOR_PROCESS	TLS_VISIUM_USZ::KC2	4	481	0.0301	0.00218	flat	0.0015
GO:GOBP_REGULATION_OF_IMMUNE_RESPONSE	TLS_VISIUM_USZ::KC2	4	481	0.0209	0.0179	flat	0.0017
GO:GOBP_REGULATION_OF_IMMUNE_SYSTEM_PROCESS	TLS_VISIUM_USZ::KC2	4	481	0.0432	0.000101	flat	0.0028
GO:GOBP_REGULATION_OF_INFLAMMATORY_RESPONSE	TLS_VISIUM_USZ::KC2	4	481	0.0412	0.000162	flat	0.0018
GO:GOBP_REGULATION_OF_INNATE_IMMUNE_RESPONSE	TLS_VISIUM_USZ::KC2	4	481	0.0687	2e-07	flat	0.0058
GO:GOBP_REGULATION_OF_LEUKOCYTE_CHEMOTAXIS	TLS_VISIUM_USZ::KC2	4	481	0.1177	6.46e-13	flat	0.01
GO:GOBP_REGULATION_OF_LEUKOCYTE_DIFFERENTIATION	TLS_VISIUM_USZ::KC2	4	481	0.0098	0.195	flat	0.0033
GO:GOBP_REGULATION_OF_LEUKOCYTE_MEDIATED_IMMUNITY	TLS_VISIUM_USZ::KC2	4	481	0.0031	0.689	flat	0.0016
GO:GOBP_REGULATION_OF_LEUKOCYTE_MIGRATION	TLS_VISIUM_USZ::KC2	4	481	0.0117	0.131	flat	0.0024
GO:GOBP_REGULATION_OF_LEUKOCYTE_PROLIFERATION	TLS_VISIUM_USZ::KC2	4	481	0.0048	0.514	flat	0.0023
GO:GOBP_REGULATION_OF_LIPID_METABOLIC_PROCESS	TLS_VISIUM_USZ::KC2	4	481	0.0919	5.57e-10	flat	0.0082
GO:GOBP_REGULATION_OF_LOCOMOTION	TLS_VISIUM_USZ::KC2	4	481	0.1453	3.72e-16	flat	0.0048
GO:GOBP_REGULATION_OF_LYMPHOCYTE_ACTIVATION	TLS_VISIUM_USZ::KC2	4	481	0.0284	0.00323	flat	0.0028
GO:GOBP_REGULATION_OF_LYMPHOCYTE_DIFFERENTIATION	TLS_VISIUM_USZ::KC2	4	481	0.0227	0.0118	flat	0.006
GO:GOBP_REGULATION_OF_LYMPHOCYTE_MEDIATED_IMMUNITY	TLS_VISIUM_USZ::KC2	4	481	0.0594	1.98e-06	flat	0.009
GO:GOBP_REGULATION_OF_MICROTUBULE_BASED_PROCESS	TLS_VISIUM_USZ::KC2	4	481	0.0121	0.12	flat	0.0031
GO:GOBP_REGULATION_OF_MITOTIC_CELL_CYCLE	TLS_VISIUM_USZ::KC2	4	481	0.0216	0.0154	flat	0.0032
GO:GOBP_REGULATION_OF_MITOTIC_CELL_CYCLE_PHASE_TRANSITION	TLS_VISIUM_USZ::KC2	4	481	0.0078	0.288	flat	0.0017
GO:GOBP_REGULATION_OF_MOLECULAR_FUNCTION	TLS_VISIUM_USZ::KC2	4	481	0.051	1.54e-05	flat	0.004
GO:GOBP_REGULATION_OF_MONOATOMIC_ION_TRANSPORT	TLS_VISIUM_USZ::KC2	4	481	0.031	0.0018	flat	0.002
GO:GOBP_REGULATION_OF_MONONUCLEAR_CELL_MIGRATION	TLS_VISIUM_USZ::KC2	4	481	0.0075	0.308	flat	0.0041
GO:GOBP_REGULATION_OF_MRNA_METABOLIC_PROCESS	TLS_VISIUM_USZ::KC2	4	481	0.0395	0.000243	flat	0.0039
GO:GOBP_REGULATION_OF_MULTICELLULAR_ORGANISMAL_DEVELOPMENT	TLS_VISIUM_USZ::KC2	4	481	0.0107	0.163	flat	0.0017
GO:GOBP_REGULATION_OF_MYELOID_CELL_DIFFERENTIATION	TLS_VISIUM_USZ::KC2	4	481	0.0143	0.0758	flat	0.0023
GO:GOBP_REGULATION_OF_MYELOID_LEUKOCYTE_DIFFERENTIATION	TLS_VISIUM_USZ::KC2	4	481	0.0278	0.00373	flat	0.0078
GO:GOBP_REGULATION_OF_NERVOUS_SYSTEM_DEVELOPMENT	TLS_VISIUM_USZ::KC2	4	481	0.0019	0.82	flat	0.0013
GO:GOBP_REGULATION_OF_NEUROGENESIS	TLS_VISIUM_USZ::KC2	4	481	0.0335	0.000997	flat	0.0031
GO:GOBP_REGULATION_OF_NEURON_PROJECTION_DEVELOPMENT	TLS_VISIUM_USZ::KC2	4	481	0.0107	0.162	flat	0.0014
GO:GOBP_REGULATION_OF_NUCLEAR_DIVISION	TLS_VISIUM_USZ::KC2	4	481	0.0453	6.09e-05	flat	0.0069
GO:GOBP_REGULATION_OF_ORGANELLE_ORGANIZATION	TLS_VISIUM_USZ::KC2	4	481	0.0964	1.76e-10	flat	0.0035
GO:GOBP_REGULATION_OF_PHOSPHORUS_METABOLIC_PROCESS	TLS_VISIUM_USZ::KC2	4	481	0.0768	2.59e-08	flat	0.0048
GO:GOBP_REGULATION_OF_PHOSPHORYLATION	TLS_VISIUM_USZ::KC2	4	481	0.0402	0.000207	flat	0.0039
GO:GOBP_REGULATION_OF_POST_TRANSLATIONAL_PROTEIN_MODIFICATION	TLS_VISIUM_USZ::KC2	4	481	0.0984	1.03e-10	flat	0.0094
GO:GOBP_REGULATION_OF_PROGRAMMED_CELL_DEATH	TLS_VISIUM_USZ::KC2	4	481	0.2143	8.5e-25	flat	0.0061
GO:GOBP_REGULATION_OF_PROTEIN_CATABOLIC_PROCESS	TLS_VISIUM_USZ::KC2	4	481	0.2192	1.92e-25	flat	0.0106
GO:GOBP_REGULATION_OF_PROTEIN_CONTAINING_COMPLEX_ASSEMBLY	TLS_VISIUM_USZ::KC2	4	481	0.0015	0.872	flat	0.0008
GO:GOBP_REGULATION_OF_PROTEIN_LOCALIZATION_TO_CELL_PERIPHERY	TLS_VISIUM_USZ::KC2	4	481	0.1932	4.5e-22	flat	0.0171
GO:GOBP_REGULATION_OF_PROTEIN_LOCALIZATION_TO_MEMBRANE	TLS_VISIUM_USZ::KC2	4	481	0.2373	7.44e-28	flat	0.0186
GO:GOBP_REGULATION_OF_PROTEIN_LOCALIZATION_TO_NUCLEUS	TLS_VISIUM_USZ::KC2	4	481	0.0449	6.7e-05	flat	0.0068
GO:GOBP_REGULATION_OF_PROTEIN_METABOLIC_PROCESS	TLS_VISIUM_USZ::KC2	4	481	0.2792	1.13e-33	flat	0.0072
GO:GOBP_REGULATION_OF_PROTEIN_MODIFICATION_PROCESS	TLS_VISIUM_USZ::KC2	4	481	0.1266	6.04e-14	flat	0.0076
GO:GOBP_REGULATION_OF_PROTEIN_STABILITY	TLS_VISIUM_USZ::KC2	4	481	0.2075	6.53e-24	flat	0.0137
GO:GOBP_REGULATION_OF_PROTEIN_TRANSPORT	TLS_VISIUM_USZ::KC2	4	481	0.174	1.18e-19	flat	0.0087
GO:GOBP_REGULATION_OF_PROTEIN_UBIQUITINATION	TLS_VISIUM_USZ::KC2	4	481	0.0389	0.00028	flat	0.0064
GO:GOBP_REGULATION_OF_PROTEOLYSIS	TLS_VISIUM_USZ::KC2	4	481	0.0226	0.0122	flat	0.0031
GO:GOBP_REGULATION_OF_PROTEOLYSIS_INVOLVED_IN_PROTEIN_CATABOLIC_PROCESS	TLS_VISIUM_USZ::KC2	4	481	0.1435	6.03e-16	flat	0.014
GO:GOBP_REGULATION_OF_RESPIRATORY_BURST	TLS_VISIUM_USZ::KC2	4	481	0.0019	0.818	flat	0.0041
GO:GOBP_REGULATION_OF_RESPONSE_TO_BIOTIC_STIMULUS	TLS_VISIUM_USZ::KC2	4	481	0.0089	0.236	flat	0.0013
GO:GOBP_REGULATION_OF_RESPONSE_TO_CYTOKINE_STIMULUS	TLS_VISIUM_USZ::KC2	4	481	0.1201	3.44e-13	flat	0.0087
GO:GOBP_REGULATION_OF_RESPONSE_TO_EXTERNAL_STIMULUS	TLS_VISIUM_USZ::KC2	4	481	0.0648	5.22e-07	flat	0.0029
GO:GOBP_REGULATION_OF_RESPONSE_TO_STRESS	TLS_VISIUM_USZ::KC2	4	481	0.0711	1.11e-07	flat	0.0035
GO:GOBP_REGULATION_OF_RESPONSE_TO_WOUNDING	TLS_VISIUM_USZ::KC2	4	481	0.0136	0.088	flat	0.0044
GO:GOBP_REGULATION_OF_RNA_SPLICING	TLS_VISIUM_USZ::KC2	4	481	0.0872	1.89e-09	flat	0.0124
GO:GOBP_REGULATION_OF_SECRETION	TLS_VISIUM_USZ::KC2	4	481	0.0035	0.638	flat	0.0009
GO:GOBP_REGULATION_OF_SISTER_CHROMATID_SEGREGATION	TLS_VISIUM_USZ::KC2	4	481	0.0112	0.145	flat	0.0038
GO:GOBP_REGULATION_OF_SMALL_GTPASE_MEDIATED_SIGNAL_TRANSDUCTION	TLS_VISIUM_USZ::KC2	4	481	0.0058	0.424	flat	0.0019
GO:GOBP_REGULATION_OF_SMALL_MOLECULE_METABOLIC_PROCESS	TLS_VISIUM_USZ::KC2	4	481	0.1043	2.26e-11	flat	0.0068
GO:GOBP_REGULATION_OF_SUPRAMOLECULAR_FIBER_ORGANIZATION	TLS_VISIUM_USZ::KC2	4	481	0.0162	0.0501	flat	0.0026
GO:GOBP_REGULATION_OF_SYNAPTIC_PLASTICITY	TLS_VISIUM_USZ::KC2	4	481	0.0622	9.98e-07	flat	0.006
GO:GOBP_REGULATION_OF_SYSTEM_PROCESS	TLS_VISIUM_USZ::KC2	4	481	0.004	0.593	flat	0.0015
GO:GOBP_REGULATION_OF_TELOMERE_MAINTENANCE	TLS_VISIUM_USZ::KC2	4	481	0.1093	5.99e-12	flat	0.0112
GO:GOBP_REGULATION_OF_TELOMERE_MAINTENANCE_VIA_TELOMERASE	TLS_VISIUM_USZ::KC2	4	481	0.0667	3.3e-07	flat	0.0172
GO:GOBP_REGULATION_OF_TELOMERE_MAINTENANCE_VIA_TELOMERE_LENGTHENING	TLS_VISIUM_USZ::KC2	4	481	0.1238	1.28e-13	flat	0.0189
GO:GOBP_REGULATION_OF_TRANSFERASE_ACTIVITY	TLS_VISIUM_USZ::KC2	4	481	0.0949	2.58e-10	flat	0.0065
GO:GOBP_REGULATION_OF_TRANSLATION	TLS_VISIUM_USZ::KC2	4	481	0.1339	8.35e-15	flat	0.0094
GO:GOBP_REGULATION_OF_TRANSLATIONAL_INITIATION	TLS_VISIUM_USZ::KC2	4	481	0.0908	7.48e-10	flat	0.0168
GO:GOBP_REGULATION_OF_TRANSMEMBRANE_RECEPTOR_PROTEIN_SERINE_THREONINE_KINASE_SIGNALING_PATHWAY	TLS_VISIUM_USZ::KC2	4	481	0.0725	7.78e-08	flat	0.0043
GO:GOBP_REGULATION_OF_TRANSMEMBRANE_TRANSPORT	TLS_VISIUM_USZ::KC2	4	481	0.0367	0.000475	flat	0.0051
GO:GOBP_REGULATION_OF_TRANSPORT	TLS_VISIUM_USZ::KC2	4	481	0.0012	0.905	flat	0.0003
GO:GOBP_REGULATION_OF_TRANS_SYNAPTIC_SIGNALING	TLS_VISIUM_USZ::KC2	4	481	0.1162	9.79e-13	flat	0.0051
GO:GOBP_REGULATION_OF_TYPE_I_INTERFERON_MEDIATED_SIGNALING_PATHWAY	TLS_VISIUM_USZ::KC2	4	481	0.0003	0.987	flat	0.0011
GO:GOBP_REGULATION_OF_T_CELL_ACTIVATION	TLS_VISIUM_USZ::KC2	4	481	0.049	2.53e-05	flat	0.0066
GO:GOBP_REGULATION_OF_T_CELL_MEDIATED_CYTOTOXICITY	TLS_VISIUM_USZ::KC2	4	481	0.0042	0.565	flat	0.0046
GO:GOBP_REGULATION_OF_T_CELL_MEDIATED_IMMUNITY	TLS_VISIUM_USZ::KC2	4	481	0.0098	0.195	flat	0.003
GO:GOBP_REGULATION_OF_UBIQUITIN_DEPENDENT_PROTEIN_CATABOLIC_PROCESS	TLS_VISIUM_USZ::KC2	4	481	0.0731	6.72e-08	flat	0.0095
GO:GOBP_REGULATION_OF_VASCULATURE_DEVELOPMENT	TLS_VISIUM_USZ::KC2	4	481	0.1286	3.48e-14	flat	0.0102
GO:GOBP_REGULATION_OF_VESICLE_MEDIATED_TRANSPORT	TLS_VISIUM_USZ::KC2	4	481	0.1154	1.19e-12	flat	0.0058
GO:GOBP_REGULATION_OF_VIRAL_GENOME_REPLICATION	TLS_VISIUM_USZ::KC2	4	481	0.0334	0.00103	flat	0.008
GO:GOBP_REGULATION_OF_VIRAL_LIFE_CYCLE	TLS_VISIUM_USZ::KC2	4	481	0.0277	0.00385	flat	0.0041
GO:GOBP_REGULATION_OF_VIRAL_PROCESS	TLS_VISIUM_USZ::KC2	4	481	0.0482	3.02e-05	flat	0.0061
GO:GOBP_REGULATION_OF_WNT_SIGNALING_PATHWAY	TLS_VISIUM_USZ::KC2	4	481	0.0139	0.0823	flat	0.0027
GO:GOBP_REGULATORY_T_CELL_DIFFERENTIATION	TLS_VISIUM_USZ::KC2	4	481	0.0399	0.00022	flat	0.0067
GO:GOBP_RENAL_SYSTEM_DEVELOPMENT	TLS_VISIUM_USZ::KC2	4	481	0.0189	0.0276	flat	0.0011
GO:GOBP_RENAL_SYSTEM_PROCESS	TLS_VISIUM_USZ::KC2	4	481	0.0278	0.00373	flat	0.0041
GO:GOBP_REPRODUCTIVE_PROCESS	TLS_VISIUM_USZ::KC2	4	481	0.0379	0.000359	flat	0.0024
GO:GOBP_REPRODUCTIVE_SYSTEM_DEVELOPMENT	TLS_VISIUM_USZ::KC2	4	481	0.0474	3.65e-05	flat	0.0053
GO:GOBP_RESPIRATORY_SYSTEM_DEVELOPMENT	TLS_VISIUM_USZ::KC2	4	481	0.0197	0.0235	flat	0.0038
GO:GOBP_RESPONSE_TO_ABIOTIC_STIMULUS	TLS_VISIUM_USZ::KC2	4	481	0.0351	0.000694	flat	0.0014
GO:GOBP_RESPONSE_TO_BACTERIUM	TLS_VISIUM_USZ::KC2	4	481	0.1151	1.3e-12	flat	0.0019
GO:GOBP_RESPONSE_TO_BMP	TLS_VISIUM_USZ::KC2	4	481	0.0143	0.0758	flat	0.0033
GO:GOBP_RESPONSE_TO_CADMIUM_ION	TLS_VISIUM_USZ::KC2	4	481	0.0029	0.703	flat	0.0022
GO:GOBP_RESPONSE_TO_ENDOGENOUS_STIMULUS	TLS_VISIUM_USZ::KC2	4	481	0.0424	0.000122	flat	0.0031
GO:GOBP_RESPONSE_TO_GROWTH_FACTOR	TLS_VISIUM_USZ::KC2	4	481	0.0369	0.000452	flat	0.0024
GO:GOBP_RESPONSE_TO_HORMONE	TLS_VISIUM_USZ::KC2	4	481	0.1757	7.07e-20	flat	0.0054
GO:GOBP_RESPONSE_TO_KETONE	TLS_VISIUM_USZ::KC2	4	481	0.008	0.279	flat	0.0027
GO:GOBP_RESPONSE_TO_LIPID	TLS_VISIUM_USZ::KC2	4	481	0.0025	0.752	flat	0.0006
GO:GOBP_RESPONSE_TO_MECHANICAL_STIMULUS	TLS_VISIUM_USZ::KC2	4	481	0.0193	0.0253	flat	0.0038
GO:GOBP_RESPONSE_TO_MOLECULE_OF_BACTERIAL_ORIGIN	TLS_VISIUM_USZ::KC2	4	481	0.0299	0.00232	flat	0.0029
GO:GOBP_RESPONSE_TO_NITROGEN_COMPOUND	TLS_VISIUM_USZ::KC2	4	481	0.0041	0.585	flat	0.0016
GO:GOBP_RESPONSE_TO_NUTRIENT_LEVELS	TLS_VISIUM_USZ::KC2	4	481	0.0045	0.539	flat	0.0016
GO:GOBP_RESPONSE_TO_OXIDATIVE_STRESS	TLS_VISIUM_USZ::KC2	4	481	0.116	1.02e-12	flat	0.005
GO:GOBP_RESPONSE_TO_OXYGEN_CONTAINING_COMPOUND	TLS_VISIUM_USZ::KC2	4	481	0.104	2.44e-11	flat	0.0015
GO:GOBP_RESPONSE_TO_OXYGEN_LEVELS	TLS_VISIUM_USZ::KC2	4	481	0.2021	3.24e-23	flat	0.0077
GO:GOBP_RESPONSE_TO_PEPTIDE	TLS_VISIUM_USZ::KC2	4	481	0.0046	0.531	flat	0.0011
GO:GOBP_RESPONSE_TO_PEPTIDE_HORMONE	TLS_VISIUM_USZ::KC2	4	481	0.1806	1.75e-20	flat	0.0085
GO:GOBP_RESPONSE_TO_RADIATION	TLS_VISIUM_USZ::KC2	4	481	0.0036	0.637	flat	0.0016
GO:GOBP_RESPONSE_TO_STARVATION	TLS_VISIUM_USZ::KC2	4	481	0.0114	0.141	flat	0.0032
GO:GOBP_RESPONSE_TO_STEROID_HORMONE	TLS_VISIUM_USZ::KC2	4	481	0.1547	2.75e-17	flat	0.0064
GO:GOBP_RESPONSE_TO_TEMPERATURE_STIMULUS	TLS_VISIUM_USZ::KC2	4	481	0.0152	0.0619	flat	0.0043
GO:GOBP_RESPONSE_TO_TOXIC_SUBSTANCE	TLS_VISIUM_USZ::KC2	4	481	0.0517	1.32e-05	flat	0.005
GO:GOBP_RESPONSE_TO_TRANSFORMING_GROWTH_FACTOR_BETA	TLS_VISIUM_USZ::KC2	4	481	0.1067	1.19e-11	flat	0.0092
GO:GOBP_RESPONSE_TO_TYPE_II_INTERFERON	TLS_VISIUM_USZ::KC2	4	481	0.024	0.00893	flat	0.0047
GO:GOBP_RESPONSE_TO_TYPE_I_INTERFERON	TLS_VISIUM_USZ::KC2	4	481	0.0033	0.666	flat	0.0029
GO:GOBP_RESPONSE_TO_VIRUS	TLS_VISIUM_USZ::KC2	4	481	0.0097	0.199	flat	0.0035
GO:GOBP_RESPONSE_TO_WOUNDING	TLS_VISIUM_USZ::KC2	4	481	0.0342	0.000852	flat	0.0034
GO:GOBP_RESPONSE_TO_XENOBIOTIC_STIMULUS	TLS_VISIUM_USZ::KC2	4	481	0.107	1.11e-11	flat	0.0033
GO:GOBP_RHYTHMIC_PROCESS	TLS_VISIUM_USZ::KC2	4	481	0.0183	0.0315	flat	0.0028
GO:GOBP_RIBONUCLEOPROTEIN_COMPLEX_BIOGENESIS	TLS_VISIUM_USZ::KC2	4	481	0.1135	1.97e-12	flat	0.0065
GO:GOBP_RIBOSE_PHOSPHATE_BIOSYNTHETIC_PROCESS	TLS_VISIUM_USZ::KC2	4	481	0.1939	3.64e-22	flat	0.0185
GO:GOBP_RIBOSE_PHOSPHATE_METABOLIC_PROCESS	TLS_VISIUM_USZ::KC2	4	481	0.2258	2.61e-26	flat	0.0126
GO:GOBP_RIBOSOMAL_LARGE_SUBUNIT_BIOGENESIS	TLS_VISIUM_USZ::KC2	4	481	0.0008	0.944	flat	0.0023
GO:GOBP_RIBOSOME_BIOGENESIS	TLS_VISIUM_USZ::KC2	4	481	0.0225	0.0126	flat	0.0057
GO:GOBP_RNA_EXPORT_FROM_NUCLEUS	TLS_VISIUM_USZ::KC2	4	481	0.0308	0.00189	flat	0.0072
GO:GOBP_RNA_LOCALIZATION	TLS_VISIUM_USZ::KC2	4	481	0.1253	8.54e-14	flat	0.0153
GO:GOBP_RNA_MODIFICATION	TLS_VISIUM_USZ::KC2	4	481	0.055	5.85e-06	flat	0.0039
GO:GOBP_RNA_PROCESSING	TLS_VISIUM_USZ::KC2	4	481	0.0726	7.6e-08	flat	0.0024
GO:GOBP_RNA_SPLICING	TLS_VISIUM_USZ::KC2	4	481	0.1316	1.55e-14	flat	0.0096
GO:GOBP_RNA_SPLICING_VIA_TRANSESTERIFICATION_REACTIONS	TLS_VISIUM_USZ::KC2	4	481	0.027	0.00449	flat	0.0045
GO:GOBP_RNA_TEMPLATED_DNA_BIOSYNTHETIC_PROCESS	TLS_VISIUM_USZ::KC2	4	481	0.0701	1.4e-07	flat	0.0185
GO:GOBP_RRNA_METABOLIC_PROCESS	TLS_VISIUM_USZ::KC2	4	481	0.0669	3.14e-07	flat	0.0046
GO:GOBP_RRNA_PROCESSING	TLS_VISIUM_USZ::KC2	4	481	0.0066	0.369	flat	0.0042
GO:GOBP_SECONDARY_ALCOHOL_METABOLIC_PROCESS	TLS_VISIUM_USZ::KC2	4	481	0.015	0.0657	flat	0.0044
GO:GOBP_SECRETION	TLS_VISIUM_USZ::KC2	4	481	0.0029	0.709	flat	0.0006
GO:GOBP_SEMI_LUNAR_VALVE_DEVELOPMENT	TLS_VISIUM_USZ::KC2	4	481	0.1032	2.95e-11	flat	0.0133
GO:GOBP_SENSORY_ORGAN_DEVELOPMENT	TLS_VISIUM_USZ::KC2	4	481	0.0778	2.02e-08	flat	0.0038
GO:GOBP_SENSORY_ORGAN_MORPHOGENESIS	TLS_VISIUM_USZ::KC2	4	481	0.0347	0.000758	flat	0.0034
GO:GOBP_SENSORY_PERCEPTION	TLS_VISIUM_USZ::KC2	4	481	0.2606	4.73e-31	flat	0.0071
GO:GOBP_SENSORY_SYSTEM_DEVELOPMENT	TLS_VISIUM_USZ::KC2	4	481	0.002	0.813	flat	0.0005
GO:GOBP_SEQUESTERING_OF_CALCIUM_ION	TLS_VISIUM_USZ::KC2	4	481	0.0087	0.243	flat	0.0034
GO:GOBP_SEXUAL_REPRODUCTION	TLS_VISIUM_USZ::KC2	4	481	0.0775	2.2e-08	flat	0.0041
GO:GOBP_SIGNAL_RELEASE	TLS_VISIUM_USZ::KC2	4	481	0.0279	0.00366	flat	0.0034
GO:GOBP_SIGNAL_TRANSDUCTION_BY_P53_CLASS_MEDIATOR	TLS_VISIUM_USZ::KC2	4	481	0.0784	1.76e-08	flat	0.0078
GO:GOBP_SIGNAL_TRANSDUCTION_IN_RESPONSE_TO_DNA_DAMAGE	TLS_VISIUM_USZ::KC2	4	481	0.0065	0.372	flat	0.0037
GO:GOBP_SISTER_CHROMATID_SEGREGATION	TLS_VISIUM_USZ::KC2	4	481	0.0122	0.119	flat	0.0066
GO:GOBP_SKELETAL_MUSCLE_CELL_DIFFERENTIATION	TLS_VISIUM_USZ::KC2	4	481	0.0399	0.00022	flat	0.0096
GO:GOBP_SKELETAL_SYSTEM_DEVELOPMENT	TLS_VISIUM_USZ::KC2	4	481	0.0297	0.00239	flat	0.0028
GO:GOBP_SKIN_DEVELOPMENT	TLS_VISIUM_USZ::KC2	4	481	0.0051	0.488	flat	0.0018
GO:GOBP_SMALL_GTPASE_MEDIATED_SIGNAL_TRANSDUCTION	TLS_VISIUM_USZ::KC2	4	481	0.0087	0.245	flat	0.0021
GO:GOBP_SMALL_MOLECULE_BIOSYNTHETIC_PROCESS	TLS_VISIUM_USZ::KC2	4	481	0.1002	6.57e-11	flat	0.0059
GO:GOBP_SMALL_MOLECULE_CATABOLIC_PROCESS	TLS_VISIUM_USZ::KC2	4	481	0.0039	0.601	flat	0.0013
GO:GOBP_SMALL_MOLECULE_METABOLIC_PROCESS	TLS_VISIUM_USZ::KC2	4	481	0.3218	5.92e-40	flat	0.005
GO:GOBP_SMOOTH_MUSCLE_CELL_PROLIFERATION	TLS_VISIUM_USZ::KC2	4	481	0.0042	0.572	flat	0.0023
GO:GOBP_SPINDLE_ASSEMBLY	TLS_VISIUM_USZ::KC2	4	481	0.0176	0.0368	flat	0.007
GO:GOBP_SPINDLE_ORGANIZATION	TLS_VISIUM_USZ::KC2	4	481	0.0026	0.748	flat	0.0016
GO:GOBP_SPROUTING_ANGIOGENESIS	TLS_VISIUM_USZ::KC2	4	481	0.0165	0.0474	flat	0.0046
GO:GOBP_STEM_CELL_DIFFERENTIATION	TLS_VISIUM_USZ::KC2	4	481	0.0059	0.415	flat	0.002
GO:GOBP_STEM_CELL_PROLIFERATION	TLS_VISIUM_USZ::KC2	4	481	0.0167	0.0448	flat	0.0043
GO:GOBP_STEROID_BIOSYNTHETIC_PROCESS	TLS_VISIUM_USZ::KC2	4	481	0.0186	0.0295	flat	0.0034
GO:GOBP_STEROID_METABOLIC_PROCESS	TLS_VISIUM_USZ::KC2	4	481	0.0348	0.000742	flat	0.0033
GO:GOBP_STEROL_BIOSYNTHETIC_PROCESS	TLS_VISIUM_USZ::KC2	4	481	0.0092	0.219	flat	0.0051
GO:GOBP_SULFUR_COMPOUND_METABOLIC_PROCESS	TLS_VISIUM_USZ::KC2	4	481	0.0082	0.27	flat	0.002
GO:GOBP_SUPRAMOLECULAR_FIBER_ORGANIZATION	TLS_VISIUM_USZ::KC2	4	481	0.0841	4.14e-09	flat	0.0041
GO:GOBP_SYNAPSE_ASSEMBLY	TLS_VISIUM_USZ::KC2	4	481	0.0922	5.13e-10	flat	0.006
GO:GOBP_SYNAPSE_ORGANIZATION	TLS_VISIUM_USZ::KC2	4	481	0.0187	0.029	flat	0.0014
GO:GOBP_SYNAPTIC_SIGNALING	TLS_VISIUM_USZ::KC2	4	481	0.2318	4.08e-27	flat	0.007
GO:GOBP_TAXIS	TLS_VISIUM_USZ::KC2	4	481	0.0361	0.000543	flat	0.0034
GO:GOBP_TELOMERASE_RNA_LOCALIZATION	TLS_VISIUM_USZ::KC2	4	481	0.1151	1.28e-12	flat	0.0364
GO:GOBP_TELOMERE_MAINTENANCE_VIA_TELOMERE_LENGTHENING	TLS_VISIUM_USZ::KC2	4	481	0.1194	4.14e-13	flat	0.0117
GO:GOBP_TELOMERE_ORGANIZATION	TLS_VISIUM_USZ::KC2	4	481	0.0686	2.04e-07	flat	0.0059
GO:GOBP_TIGHT_JUNCTION_ASSEMBLY	TLS_VISIUM_USZ::KC2	4	481	0.0179	0.0347	flat	0.0052
GO:GOBP_TIGHT_JUNCTION_ORGANIZATION	TLS_VISIUM_USZ::KC2	4	481	0.0335	0.00101	flat	0.0055
GO:GOBP_TISSUE_HOMEOSTASIS	TLS_VISIUM_USZ::KC2	4	481	0.019	0.0275	flat	0.0036
GO:GOBP_TISSUE_MORPHOGENESIS	TLS_VISIUM_USZ::KC2	4	481	0.0049	0.5	flat	0.0017
GO:GOBP_TISSUE_REMODELING	TLS_VISIUM_USZ::KC2	4	481	0.0019	0.82	flat	0.0013
GO:GOBP_TRANSFORMING_GROWTH_FACTOR_BETA_RECEPTOR_SIGNALING_PATHWAY	TLS_VISIUM_USZ::KC2	4	481	0.0309	0.00185	flat	0.0045
GO:GOBP_TRANSLATION	TLS_VISIUM_USZ::KC2	4	481	0.2134	1.13e-24	flat	0.0113
GO:GOBP_TRANSLATIONAL_INITIATION	TLS_VISIUM_USZ::KC2	4	481	0.0731	6.63e-08	flat	0.0115
GO:GOBP_TRANSMEMBRANE_TRANSPORT	TLS_VISIUM_USZ::KC2	4	481	0.0387	0.000293	flat	0.0021
GO:GOBP_TRNA_METABOLIC_PROCESS	TLS_VISIUM_USZ::KC2	4	481	0.0084	0.26	flat	0.0039
GO:GOBP_TUBE_DEVELOPMENT	TLS_VISIUM_USZ::KC2	4	481	0.0141	0.0786	flat	0.0022
GO:GOBP_TUBE_MORPHOGENESIS	TLS_VISIUM_USZ::KC2	4	481	0.0547	6.32e-06	flat	0.0033
GO:GOBP_TUMOR_NECROSIS_FACTOR_MEDIATED_SIGNALING_PATHWAY	TLS_VISIUM_USZ::KC2	4	481	0.1845	5.61e-21	flat	0.0249
GO:GOBP_TUMOR_NECROSIS_FACTOR_SUPERFAMILY_CYTOKINE_PRODUCTION	TLS_VISIUM_USZ::KC2	4	481	0.0091	0.226	flat	0.004
GO:GOBP_TYPE_II_INTERFERON_PRODUCTION	TLS_VISIUM_USZ::KC2	4	481	0.0111	0.149	flat	0.0037
GO:GOBP_TYPE_I_INTERFERON_PRODUCTION	TLS_VISIUM_USZ::KC2	4	481	0.0356	0.000613	flat	0.011
GO:GOBP_T_CELL_ACTIVATION	TLS_VISIUM_USZ::KC2	4	481	0.0208	0.0182	flat	0.0022
GO:GOBP_T_CELL_ACTIVATION_INVOLVED_IN_IMMUNE_RESPONSE	TLS_VISIUM_USZ::KC2	4	481	0.0057	0.438	flat	0.0009
GO:GOBP_T_CELL_DIFFERENTIATION	TLS_VISIUM_USZ::KC2	4	481	0.0132	0.0966	flat	0.0042
GO:GOBP_T_CELL_MEDIATED_IMMUNITY	TLS_VISIUM_USZ::KC2	4	481	0.0204	0.0197	flat	0.0062
GO:GOBP_T_CELL_PROLIFERATION	TLS_VISIUM_USZ::KC2	4	481	0.0095	0.209	flat	0.003
GO:GOBP_T_CELL_RECEPTOR_SIGNALING_PATHWAY	TLS_VISIUM_USZ::KC2	4	481	0.0307	0.00193	flat	0.0041
GO:GOBP_VACUOLE_ORGANIZATION	TLS_VISIUM_USZ::KC2	4	481	0.0806	1.01e-08	flat	0.0096
GO:GOBP_VASCULAR_ASSOCIATED_SMOOTH_MUSCLE_CELL_PROLIFERATION	TLS_VISIUM_USZ::KC2	4	481	0.0008	0.943	flat	0.0028
GO:GOBP_VASCULATURE_DEVELOPMENT	TLS_VISIUM_USZ::KC2	4	481	0.0271	0.00442	flat	0.0031
GO:GOBP_VASCULOGENESIS	TLS_VISIUM_USZ::KC2	4	481	0.0116	0.134	flat	0.0048
GO:GOBP_VESICLE_MEDIATED_TRANSPORT	TLS_VISIUM_USZ::KC2	4	481	0.1154	1.21e-12	flat	0.004
GO:GOBP_VESICLE_ORGANIZATION	TLS_VISIUM_USZ::KC2	4	481	0.0331	0.00111	flat	0.0034
GO:GOBP_VIRAL_GENOME_REPLICATION	TLS_VISIUM_USZ::KC2	4	481	0.0144	0.0749	flat	0.0045
GO:GOBP_VIRAL_LIFE_CYCLE	TLS_VISIUM_USZ::KC2	4	481	0.0935	3.68e-10	flat	0.0089
GO:GOBP_VIRAL_PROCESS	TLS_VISIUM_USZ::KC2	4	481	0.1866	3.1e-21	flat	0.0098
GO:GOBP_WNT_SIGNALING_PATHWAY	TLS_VISIUM_USZ::KC2	4	481	0.0044	0.555	flat	0.0013
GO:GOBP_WOUND_HEALING	TLS_VISIUM_USZ::KC2	4	481	0.0962	1.85e-10	flat	0.0065
GO:GOBP_ACTIN_FILAMENT_BASED_PROCESS	TLS_VISIUM_USZ::LC4	14	257	0.0835	6.17e-05	flat	0.0055
GO:GOBP_ACTIN_FILAMENT_BUNDLE_ORGANIZATION	TLS_VISIUM_USZ::LC4	14	257	0.0558	0.00224	flat	0.0104
GO:GOBP_ACTIN_FILAMENT_ORGANIZATION	TLS_VISIUM_USZ::LC4	14	257	0.0784	0.000122	flat	0.0069
GO:GOBP_ACTIVATION_OF_IMMUNE_RESPONSE	TLS_VISIUM_USZ::LC4	14	257	0.0006	0.983	flat	0.0005
GO:GOBP_ACTIVATION_OF_INNATE_IMMUNE_RESPONSE	TLS_VISIUM_USZ::LC4	14	257	0.0837	6.05e-05	flat	0.0068
GO:GOBP_ACTOMYOSIN_STRUCTURE_ORGANIZATION	TLS_VISIUM_USZ::LC4	14	257	0.0339	0.0331	flat	0.0058
GO:GOBP_ADAPTIVE_IMMUNE_RESPONSE	TLS_VISIUM_USZ::LC4	14	257	0.1093	1.9e-06	flat	0.0076
GO:GOBP_ADAPTIVE_IMMUNE_RESPONSE_BASED_ON_SOMATIC_RECOMBINATION_OF_IMMUNE_RECEPTORS_BUILT_FROM_IMMUNOGLOBULIN_SUPERFAMILY_DOMAINS	TLS_VISIUM_USZ::LC4	14	257	0.0353	0.0278	flat	0.0061
GO:GOBP_AEROBIC_RESPIRATION	TLS_VISIUM_USZ::LC4	14	257	0.1861	2.71e-11	flat	0.0405
GO:GOBP_ALCOHOL_BIOSYNTHETIC_PROCESS	TLS_VISIUM_USZ::LC4	14	257	0.0524	0.00343	flat	0.0069
GO:GOBP_ALCOHOL_METABOLIC_PROCESS	TLS_VISIUM_USZ::LC4	14	257	0.0503	0.00447	flat	0.0051
GO:GOBP_ALPHA_AMINO_ACID_METABOLIC_PROCESS	TLS_VISIUM_USZ::LC4	14	257	0.0798	0.000101	flat	0.0073
GO:GOBP_ALPHA_BETA_T_CELL_ACTIVATION	TLS_VISIUM_USZ::LC4	14	257	0.0199	0.165	flat	0.0051
GO:GOBP_AMEBOIDAL_TYPE_CELL_MIGRATION	TLS_VISIUM_USZ::LC4	14	257	0.2101	6.52e-13	flat	0.0152
GO:GOBP_AMIDE_METABOLIC_PROCESS	TLS_VISIUM_USZ::LC4	14	257	0.0449	0.00873	flat	0.0042
GO:GOBP_AMINO_ACID_METABOLIC_PROCESS	TLS_VISIUM_USZ::LC4	14	257	0.0188	0.187	flat	0.0032
GO:GOBP_ANATOMICAL_STRUCTURE_FORMATION_INVOLVED_IN_MORPHOGENESIS	TLS_VISIUM_USZ::LC4	14	257	0.0241	0.103	flat	0.0024
GO:GOBP_ANATOMICAL_STRUCTURE_MATURATION	TLS_VISIUM_USZ::LC4	14	257	0.1839	3.78e-11	flat	0.0113
GO:GOBP_ANIMAL_ORGAN_MORPHOGENESIS	TLS_VISIUM_USZ::LC4	14	257	0.0798	0.000101	flat	0.0043
GO:GOBP_ANTERIOR_POSTERIOR_PATTERN_SPECIFICATION	TLS_VISIUM_USZ::LC4	14	257	0.1844	3.51e-11	flat	0.0134
GO:GOBP_ANTIBACTERIAL_HUMORAL_RESPONSE	TLS_VISIUM_USZ::LC4	14	257	0.0208	0.148	flat	0.0084
GO:GOBP_ANTIGEN_PROCESSING_AND_PRESENTATION	TLS_VISIUM_USZ::LC4	14	257	0.1326	7.31e-08	flat	0.0243
GO:GOBP_ANTIGEN_PROCESSING_AND_PRESENTATION_OF_ENDOGENOUS_ANTIGEN	TLS_VISIUM_USZ::LC4	14	257	0.0721	0.000276	flat	0.0328
GO:GOBP_ANTIGEN_PROCESSING_AND_PRESENTATION_OF_ENDOGENOUS_PEPTIDE_ANTIGEN	TLS_VISIUM_USZ::LC4	14	257	0.0452	0.00837	flat	0.0386
GO:GOBP_ANTIGEN_PROCESSING_AND_PRESENTATION_OF_EXOGENOUS_ANTIGEN	TLS_VISIUM_USZ::LC4	14	257	0.0851	5e-05	flat	0.0235
GO:GOBP_ANTIGEN_PROCESSING_AND_PRESENTATION_OF_EXOGENOUS_PEPTIDE_ANTIGEN	TLS_VISIUM_USZ::LC4	14	257	0.1073	2.49e-06	flat	0.0405
GO:GOBP_ANTIGEN_PROCESSING_AND_PRESENTATION_OF_PEPTIDE_ANTIGEN	TLS_VISIUM_USZ::LC4	14	257	0.1165	7.04e-07	flat	0.0356
GO:GOBP_ANTIGEN_PROCESSING_AND_PRESENTATION_OF_PEPTIDE_ANTIGEN_VIA_MHC_CLASS_I	TLS_VISIUM_USZ::LC4	14	257	0.0987	8.06e-06	flat	0.0255
GO:GOBP_ANTIGEN_PROCESSING_AND_PRESENTATION_OF_PEPTIDE_OR_POLYSACCHARIDE_ANTIGEN_VIA_MHC_CLASS_II	TLS_VISIUM_USZ::LC4	14	257	0.0719	0.000283	flat	0.0289
GO:GOBP_ANTIVIRAL_INNATE_IMMUNE_RESPONSE	TLS_VISIUM_USZ::LC4	14	257	0.0071	0.611	flat	0.0063
GO:GOBP_AORTIC_VALVE_MORPHOGENESIS	TLS_VISIUM_USZ::LC4	14	257	0.0079	0.57	flat	0.006
GO:GOBP_APICAL_JUNCTION_ASSEMBLY	TLS_VISIUM_USZ::LC4	14	257	0.0595	0.00141	flat	0.0121
GO:GOBP_APOPTOTIC_PROCESS	TLS_VISIUM_USZ::LC4	14	257	0.3042	8.43e-20	flat	0.0084
GO:GOBP_APOPTOTIC_SIGNALING_PATHWAY	TLS_VISIUM_USZ::LC4	14	257	0.2323	1.87e-14	flat	0.0194
GO:GOBP_APPENDAGE_MORPHOGENESIS	TLS_VISIUM_USZ::LC4	14	257	0.0039	0.801	flat	0.0023
GO:GOBP_ARTERY_DEVELOPMENT	TLS_VISIUM_USZ::LC4	14	257	0.0081	0.559	flat	0.0038
GO:GOBP_ATP_BIOSYNTHETIC_PROCESS	TLS_VISIUM_USZ::LC4	14	257	0.2124	4.56e-13	flat	0.0509
GO:GOBP_ATP_METABOLIC_PROCESS	TLS_VISIUM_USZ::LC4	14	257	0.1969	5.16e-12	flat	0.0328
GO:GOBP_ATP_SYNTHESIS_COUPLED_ELECTRON_TRANSPORT	TLS_VISIUM_USZ::LC4	14	257	0.1789	8.08e-11	flat	0.0536
GO:GOBP_ATTACHMENT_OF_SPINDLE_MICROTUBULES_TO_KINETOCHORE	TLS_VISIUM_USZ::LC4	14	257	0.0161	0.25	flat	0.0103
GO:GOBP_AXON_DEVELOPMENT	TLS_VISIUM_USZ::LC4	14	257	0.0195	0.172	flat	0.0029
GO:GOBP_BEHAVIOR	TLS_VISIUM_USZ::LC4	14	257	0.1796	7.33e-11	flat	0.0078
GO:GOBP_BIOLOGICAL_PROCESS_INVOLVED_IN_INTERACTION_WITH_HOST	TLS_VISIUM_USZ::LC4	14	257	0.2078	9.46e-13	flat	0.0216
GO:GOBP_BIOLOGICAL_PROCESS_INVOLVED_IN_INTERSPECIES_INTERACTION_BETWEEN_ORGANISMS	TLS_VISIUM_USZ::LC4	14	257	0.1005	6.36e-06	flat	0.0051
GO:GOBP_BIOLOGICAL_PROCESS_INVOLVED_IN_SYMBIOTIC_INTERACTION	TLS_VISIUM_USZ::LC4	14	257	0.0964	1.1e-05	flat	0.0115
GO:GOBP_BLOOD_VESSEL_ENDOTHELIAL_CELL_MIGRATION	TLS_VISIUM_USZ::LC4	14	257	0.1779	9.43e-11	flat	0.0187
GO:GOBP_BLOOD_VESSEL_MORPHOGENESIS	TLS_VISIUM_USZ::LC4	14	257	0.1319	8.07e-08	flat	0.0067
GO:GOBP_BONE_DEVELOPMENT	TLS_VISIUM_USZ::LC4	14	257	0.033	0.0367	flat	0.0051
GO:GOBP_BONE_MINERALIZATION	TLS_VISIUM_USZ::LC4	14	257	0.0255	0.0874	flat	0.0046
GO:GOBP_BONE_MORPHOGENESIS	TLS_VISIUM_USZ::LC4	14	257	0.0105	0.446	flat	0.0043
GO:GOBP_B_CELL_ACTIVATION	TLS_VISIUM_USZ::LC4	14	257	0.0616	0.00107	flat	0.0073
GO:GOBP_B_CELL_MEDIATED_IMMUNITY	TLS_VISIUM_USZ::LC4	14	257	0.0366	0.0237	flat	0.0095
GO:GOBP_B_CELL_RECEPTOR_SIGNALING_PATHWAY	TLS_VISIUM_USZ::LC4	14	257	0.1049	3.47e-06	flat	0.0198
GO:GOBP_CALCIUM_ION_HOMEOSTASIS	TLS_VISIUM_USZ::LC4	14	257	0.031	0.0466	flat	0.0041
GO:GOBP_CALCIUM_ION_TRANSMEMBRANE_IMPORT_INTO_CYTOSOL	TLS_VISIUM_USZ::LC4	14	257	0.0896	2.76e-05	flat	0.0084
GO:GOBP_CALCIUM_ION_TRANSMEMBRANE_TRANSPORT	TLS_VISIUM_USZ::LC4	14	257	0.1151	8.51e-07	flat	0.0076
GO:GOBP_CALCIUM_ION_TRANSPORT	TLS_VISIUM_USZ::LC4	14	257	0.1872	2.28e-11	flat	0.0108
GO:GOBP_CALCIUM_MEDIATED_SIGNALING	TLS_VISIUM_USZ::LC4	14	257	0.1181	5.62e-07	flat	0.0095
GO:GOBP_CANONICAL_NF_KAPPAB_SIGNAL_TRANSDUCTION	TLS_VISIUM_USZ::LC4	14	257	0.0496	0.00484	flat	0.0065
GO:GOBP_CANONICAL_WNT_SIGNALING_PATHWAY	TLS_VISIUM_USZ::LC4	14	257	0.067	0.000539	flat	0.0062
GO:GOBP_CARBOHYDRATE_CATABOLIC_PROCESS	TLS_VISIUM_USZ::LC4	14	257	0.0433	0.0105	flat	0.0063
GO:GOBP_CARBOHYDRATE_DERIVATIVE_BIOSYNTHETIC_PROCESS	TLS_VISIUM_USZ::LC4	14	257	0.1751	1.45e-10	flat	0.0097
GO:GOBP_CARBOHYDRATE_DERIVATIVE_CATABOLIC_PROCESS	TLS_VISIUM_USZ::LC4	14	257	0.1165	6.99e-07	flat	0.0085
GO:GOBP_CARBOHYDRATE_DERIVATIVE_METABOLIC_PROCESS	TLS_VISIUM_USZ::LC4	14	257	0.2604	1.77e-16	flat	0.0104
GO:GOBP_CARBOHYDRATE_METABOLIC_PROCESS	TLS_VISIUM_USZ::LC4	14	257	0.0237	0.108	flat	0.0024
GO:GOBP_CARDIAC_CHAMBER_DEVELOPMENT	TLS_VISIUM_USZ::LC4	14	257	0.0301	0.0518	flat	0.005
GO:GOBP_CARDIAC_CHAMBER_MORPHOGENESIS	TLS_VISIUM_USZ::LC4	14	257	0.0298	0.0532	flat	0.0053
GO:GOBP_CARDIAC_MUSCLE_TISSUE_DEVELOPMENT	TLS_VISIUM_USZ::LC4	14	257	0.1716	2.44e-10	flat	0.0118
GO:GOBP_CARDIAC_SEPTUM_DEVELOPMENT	TLS_VISIUM_USZ::LC4	14	257	0.1036	4.14e-06	flat	0.0124
GO:GOBP_CARDIAC_VENTRICLE_DEVELOPMENT	TLS_VISIUM_USZ::LC4	14	257	0.0559	0.00222	flat	0.0072
GO:GOBP_CARTILAGE_DEVELOPMENT	TLS_VISIUM_USZ::LC4	14	257	0.0181	0.201	flat	0.004
GO:GOBP_CELLULAR_COMPONENT_DISASSEMBLY	TLS_VISIUM_USZ::LC4	14	257	0.0364	0.0245	flat	0.0038
GO:GOBP_CELLULAR_HOMEOSTASIS	TLS_VISIUM_USZ::LC4	14	257	0.0462	0.00742	flat	0.0032
GO:GOBP_CELLULAR_RESPIRATION	TLS_VISIUM_USZ::LC4	14	257	0.2049	1.49e-12	flat	0.0436
GO:GOBP_CELLULAR_RESPONSE_TO_BIOTIC_STIMULUS	TLS_VISIUM_USZ::LC4	14	257	0.0183	0.196	flat	0.0045
GO:GOBP_CELLULAR_RESPONSE_TO_CHEMICAL_STRESS	TLS_VISIUM_USZ::LC4	14	257	0.1651	6.42e-10	flat	0.0158
GO:GOBP_CELLULAR_RESPONSE_TO_ENDOGENOUS_STIMULUS	TLS_VISIUM_USZ::LC4	14	257	0.0263	0.0798	flat	0.0016
GO:GOBP_CELLULAR_RESPONSE_TO_HORMONE_STIMULUS	TLS_VISIUM_USZ::LC4	14	257	0.0451	0.00844	flat	0.0037
GO:GOBP_CELLULAR_RESPONSE_TO_HYDROGEN_PEROXIDE	TLS_VISIUM_USZ::LC4	14	257	0.0588	0.00152	flat	0.0193
GO:GOBP_CELLULAR_RESPONSE_TO_INSULIN_STIMULUS	TLS_VISIUM_USZ::LC4	14	257	0.0065	0.645	flat	0.0031
GO:GOBP_CELLULAR_RESPONSE_TO_LIPID	TLS_VISIUM_USZ::LC4	14	257	0.0186	0.191	flat	0.0029
GO:GOBP_CELLULAR_RESPONSE_TO_MOLECULE_OF_BACTERIAL_ORIGIN	TLS_VISIUM_USZ::LC4	14	257	0.0888	3.07e-05	flat	0.0081
GO:GOBP_CELLULAR_RESPONSE_TO_NITROGEN_COMPOUND	TLS_VISIUM_USZ::LC4	14	257	0.0429	0.0111	flat	0.0036
GO:GOBP_CELLULAR_RESPONSE_TO_NUTRIENT_LEVELS	TLS_VISIUM_USZ::LC4	14	257	0.1018	5.31e-06	flat	0.0114
GO:GOBP_CELLULAR_RESPONSE_TO_OXIDATIVE_STRESS	TLS_VISIUM_USZ::LC4	14	257	0.023	0.117	flat	0.0053
GO:GOBP_CELLULAR_RESPONSE_TO_OXYGEN_CONTAINING_COMPOUND	TLS_VISIUM_USZ::LC4	14	257	0.052	0.0036	flat	0.0031
GO:GOBP_CELLULAR_RESPONSE_TO_STARVATION	TLS_VISIUM_USZ::LC4	14	257	0.1236	2.59e-07	flat	0.0129
GO:GOBP_CELLULAR_RESPONSE_TO_STRESS	TLS_VISIUM_USZ::LC4	14	257	0.2998	1.86e-19	flat	0.0112
GO:GOBP_CELLULAR_RESPONSE_TO_TYPE_II_INTERFERON	TLS_VISIUM_USZ::LC4	14	257	0.0124	0.368	flat	0.0069
GO:GOBP_CELLULAR_RESPONSE_TO_VASCULAR_ENDOTHELIAL_GROWTH_FACTOR_STIMULUS	TLS_VISIUM_USZ::LC4	14	257	0.0132	0.338	flat	0.0045
GO:GOBP_CELL_ACTIVATION	TLS_VISIUM_USZ::LC4	14	257	0.126	1.84e-07	flat	0.007
GO:GOBP_CELL_ACTIVATION_INVOLVED_IN_IMMUNE_RESPONSE	TLS_VISIUM_USZ::LC4	14	257	0.0396	0.0165	flat	0.0056
GO:GOBP_CELL_ADHESION	TLS_VISIUM_USZ::LC4	14	257	0.0831	6.54e-05	flat	0.0031
GO:GOBP_CELL_CELL_ADHESION	TLS_VISIUM_USZ::LC4	14	257	0.1032	4.4e-06	flat	0.0048
GO:GOBP_CELL_CELL_JUNCTION_ASSEMBLY	TLS_VISIUM_USZ::LC4	14	257	0.2167	2.28e-13	flat	0.0194
GO:GOBP_CELL_CELL_JUNCTION_ORGANIZATION	TLS_VISIUM_USZ::LC4	14	257	0.2072	1.04e-12	flat	0.0146
GO:GOBP_CELL_CELL_SIGNALING	TLS_VISIUM_USZ::LC4	14	257	0.2116	5.12e-13	flat	0.0105
GO:GOBP_CELL_CHEMOTAXIS	TLS_VISIUM_USZ::LC4	14	257	0.1032	4.35e-06	flat	0.0079
GO:GOBP_CELL_CYCLE	TLS_VISIUM_USZ::LC4	14	257	0.0837	6.06e-05	flat	0.0049
GO:GOBP_CELL_CYCLE_CHECKPOINT_SIGNALING	TLS_VISIUM_USZ::LC4	14	257	0.0263	0.0805	flat	0.0074
GO:GOBP_CELL_CYCLE_G1_S_PHASE_TRANSITION	TLS_VISIUM_USZ::LC4	14	257	0.1266	1.7e-07	flat	0.0125
GO:GOBP_CELL_CYCLE_G2_M_PHASE_TRANSITION	TLS_VISIUM_USZ::LC4	14	257	0.0107	0.434	flat	0.0029
GO:GOBP_CELL_CYCLE_PHASE_TRANSITION	TLS_VISIUM_USZ::LC4	14	257	0.0451	0.00845	flat	0.0067
GO:GOBP_CELL_CYCLE_PROCESS	TLS_VISIUM_USZ::LC4	14	257	0.1203	4.12e-07	flat	0.0071
GO:GOBP_CELL_DIVISION	TLS_VISIUM_USZ::LC4	14	257	0.0146	0.292	flat	0.0029
GO:GOBP_CELL_FATE_COMMITMENT	TLS_VISIUM_USZ::LC4	14	257	0.1772	1.05e-10	flat	0.0121
GO:GOBP_CELL_GROWTH	TLS_VISIUM_USZ::LC4	14	257	0.0601	0.00131	flat	0.0053
GO:GOBP_CELL_JUNCTION_ASSEMBLY	TLS_VISIUM_USZ::LC4	14	257	0.0976	9.4e-06	flat	0.0061
GO:GOBP_CELL_JUNCTION_ORGANIZATION	TLS_VISIUM_USZ::LC4	14	257	0.0072	0.61	flat	0.0011
GO:GOBP_CELL_KILLING	TLS_VISIUM_USZ::LC4	14	257	0.0263	0.0799	flat	0.0058
GO:GOBP_CELL_MATRIX_ADHESION	TLS_VISIUM_USZ::LC4	14	257	0.2103	6.32e-13	flat	0.0162
GO:GOBP_CELL_MORPHOGENESIS	TLS_VISIUM_USZ::LC4	14	257	0.0054	0.713	flat	0.0013
GO:GOBP_CELL_MORPHOGENESIS_INVOLVED_IN_NEURON_DIFFERENTIATION	TLS_VISIUM_USZ::LC4	14	257	0.0107	0.434	flat	0.0019
GO:GOBP_CELL_MOTILITY	TLS_VISIUM_USZ::LC4	14	257	0.1103	1.66e-06	flat	0.0042
GO:GOBP_CELL_PROJECTION_ASSEMBLY	TLS_VISIUM_USZ::LC4	14	257	0.0162	0.247	flat	0.003
GO:GOBP_CELL_PROJECTION_MORPHOGENESIS	TLS_VISIUM_USZ::LC4	14	257	0.0185	0.191	flat	0.0025
GO:GOBP_CELL_PROJECTION_ORGANIZATION	TLS_VISIUM_USZ::LC4	14	257	0.0209	0.147	flat	0.0017
GO:GOBP_CELL_SUBSTRATE_ADHESION	TLS_VISIUM_USZ::LC4	14	257	0.025	0.0931	flat	0.0038
GO:GOBP_CELL_SUBSTRATE_JUNCTION_ORGANIZATION	TLS_VISIUM_USZ::LC4	14	257	0.1198	4.4e-07	flat	0.0224
GO:GOBP_CELL_SURFACE_RECEPTOR_PROTEIN_SERINE_THREONINE_KINASE_SIGNALING_PATHWAY	TLS_VISIUM_USZ::LC4	14	257	0.0162	0.247	flat	0.0036
GO:GOBP_CELL_SURFACE_RECEPTOR_PROTEIN_TYROSINE_KINASE_SIGNALING_PATHWAY	TLS_VISIUM_USZ::LC4	14	257	0.0515	0.00383	flat	0.0046
GO:GOBP_CELL_SURFACE_RECEPTOR_SIGNALING_PATHWAY_VIA_STAT	TLS_VISIUM_USZ::LC4	14	257	0.0058	0.686	flat	0.0031
GO:GOBP_CENTRAL_NERVOUS_SYSTEM_DEVELOPMENT	TLS_VISIUM_USZ::LC4	14	257	0.0505	0.00435	flat	0.0033
GO:GOBP_CHEMICAL_HOMEOSTASIS	TLS_VISIUM_USZ::LC4	14	257	0.1087	2.06e-06	flat	0.0047
GO:GOBP_CHONDROCYTE_DIFFERENTIATION	TLS_VISIUM_USZ::LC4	14	257	0.0095	0.491	flat	0.0051
GO:GOBP_CHROMATIN_ORGANIZATION	TLS_VISIUM_USZ::LC4	14	257	0.0091	0.509	flat	0.002
GO:GOBP_CHROMATIN_REMODELING	TLS_VISIUM_USZ::LC4	14	257	0.1371	3.81e-08	flat	0.0081
GO:GOBP_CHROMOSOME_LOCALIZATION	TLS_VISIUM_USZ::LC4	14	257	0.0305	0.049	flat	0.0053
GO:GOBP_CHROMOSOME_ORGANIZATION	TLS_VISIUM_USZ::LC4	14	257	0.1351	5.12e-08	flat	0.0124
GO:GOBP_CHROMOSOME_SEGREGATION	TLS_VISIUM_USZ::LC4	14	257	0.0779	0.00013	flat	0.0062
GO:GOBP_CHROMOSOME_SEPARATION	TLS_VISIUM_USZ::LC4	14	257	0.0125	0.363	flat	0.0064
GO:GOBP_CIRCULATORY_SYSTEM_DEVELOPMENT	TLS_VISIUM_USZ::LC4	14	257	0.0518	0.00372	flat	0.0031
GO:GOBP_CIRCULATORY_SYSTEM_PROCESS	TLS_VISIUM_USZ::LC4	14	257	0.177	1.09e-10	flat	0.0104
GO:GOBP_COLLAGEN_CATABOLIC_PROCESS	TLS_VISIUM_USZ::LC4	14	257	0.0122	0.375	flat	0.004
GO:GOBP_COLLAGEN_FIBRIL_ORGANIZATION	TLS_VISIUM_USZ::LC4	14	257	0.0217	0.135	flat	0.0073
GO:GOBP_COLLAGEN_METABOLIC_PROCESS	TLS_VISIUM_USZ::LC4	14	257	0.0936	1.61e-05	flat	0.0118
GO:GOBP_COMPLEMENT_ACTIVATION_CLASSICAL_PATHWAY	TLS_VISIUM_USZ::LC4	14	257	0.039	0.018	flat	0.0237
GO:GOBP_CONNECTIVE_TISSUE_DEVELOPMENT	TLS_VISIUM_USZ::LC4	14	257	0.0397	0.0163	flat	0.0046
GO:GOBP_CYTOKINESIS	TLS_VISIUM_USZ::LC4	14	257	0.0054	0.711	flat	0.0026
GO:GOBP_CYTOKINE_MEDIATED_SIGNALING_PATHWAY	TLS_VISIUM_USZ::LC4	14	257	0.0364	0.0243	flat	0.0039
GO:GOBP_CYTOKINE_PRODUCTION	TLS_VISIUM_USZ::LC4	14	257	0.1439	1.45e-08	flat	0.0081
GO:GOBP_CYTOKINE_PRODUCTION_INVOLVED_IN_IMMUNE_RESPONSE	TLS_VISIUM_USZ::LC4	14	257	0.1275	1.5e-07	flat	0.0175
GO:GOBP_CYTOPLASMIC_PATTERN_RECOGNITION_RECEPTOR_SIGNALING_PATHWAY	TLS_VISIUM_USZ::LC4	14	257	0.0894	2.83e-05	flat	0.0127
GO:GOBP_CYTOPLASMIC_TRANSLATION	TLS_VISIUM_USZ::LC4	14	257	0.1895	1.61e-11	flat	0.0575
GO:GOBP_CYTOSKELETON_ORGANIZATION	TLS_VISIUM_USZ::LC4	14	257	0.0175	0.214	flat	0.0011
GO:GOBP_DEFENSE_RESPONSE_TO_BACTERIUM	TLS_VISIUM_USZ::LC4	14	257	0.2266	4.66e-14	flat	0.0125
GO:GOBP_DEFENSE_RESPONSE_TO_OTHER_ORGANISM	TLS_VISIUM_USZ::LC4	14	257	0.0127	0.356	flat	0.0021
GO:GOBP_DEFENSE_RESPONSE_TO_SYMBIONT	TLS_VISIUM_USZ::LC4	14	257	0.0089	0.518	flat	0.0019
GO:GOBP_DEFENSE_RESPONSE_TO_VIRUS	TLS_VISIUM_USZ::LC4	14	257	0.0969	1.03e-05	flat	0.0115
GO:GOBP_DETOXIFICATION	TLS_VISIUM_USZ::LC4	14	257	0.0107	0.435	flat	0.0031
GO:GOBP_DEVELOPMENTAL_GROWTH	TLS_VISIUM_USZ::LC4	14	257	0.0158	0.259	flat	0.0025
GO:GOBP_DEVELOPMENTAL_GROWTH_INVOLVED_IN_MORPHOGENESIS	TLS_VISIUM_USZ::LC4	14	257	0.0388	0.0183	flat	0.0039
GO:GOBP_DEVELOPMENTAL_MATURATION	TLS_VISIUM_USZ::LC4	14	257	0.0601	0.0013	flat	0.0057
GO:GOBP_DEVELOPMENTAL_PROCESS_INVOLVED_IN_REPRODUCTION	TLS_VISIUM_USZ::LC4	14	257	0.081	8.63e-05	flat	0.0043
GO:GOBP_DEVELOPMENT_OF_PRIMARY_SEXUAL_CHARACTERISTICS	TLS_VISIUM_USZ::LC4	14	257	0.0233	0.112	flat	0.0039
GO:GOBP_DICARBOXYLIC_ACID_METABOLIC_PROCESS	TLS_VISIUM_USZ::LC4	14	257	0.0504	0.0044	flat	0.0097
GO:GOBP_DIGESTIVE_SYSTEM_PROCESS	TLS_VISIUM_USZ::LC4	14	257	0.0609	0.00118	flat	0.0067
GO:GOBP_DNA_BIOSYNTHETIC_PROCESS	TLS_VISIUM_USZ::LC4	14	257	0.0869	3.95e-05	flat	0.011
GO:GOBP_DNA_DAMAGE_RESPONSE	TLS_VISIUM_USZ::LC4	14	257	0.188	2.04e-11	flat	0.0103
GO:GOBP_DNA_INTEGRITY_CHECKPOINT_SIGNALING	TLS_VISIUM_USZ::LC4	14	257	0.0189	0.184	flat	0.0053
GO:GOBP_DNA_METABOLIC_PROCESS	TLS_VISIUM_USZ::LC4	14	257	0.1621	1.01e-09	flat	0.0087
GO:GOBP_DNA_RECOMBINATION	TLS_VISIUM_USZ::LC4	14	257	0.1781	9.16e-11	flat	0.0132
GO:GOBP_DNA_REPAIR	TLS_VISIUM_USZ::LC4	14	257	0.059	0.0015	flat	0.0058
GO:GOBP_DNA_REPLICATION	TLS_VISIUM_USZ::LC4	14	257	0.0236	0.109	flat	0.0058
GO:GOBP_DNA_STRAND_ELONGATION	TLS_VISIUM_USZ::LC4	14	257	0.0587	0.00156	flat	0.0234
GO:GOBP_DNA_STRAND_ELONGATION_INVOLVED_IN_DNA_REPLICATION	TLS_VISIUM_USZ::LC4	14	257	0.0698	0.000374	flat	0.0282
GO:GOBP_DNA_TEMPLATED_DNA_REPLICATION	TLS_VISIUM_USZ::LC4	14	257	0.0099	0.471	flat	0.0039
GO:GOBP_DNA_TEMPLATED_TRANSCRIPTION_INITIATION	TLS_VISIUM_USZ::LC4	14	257	0.0152	0.275	flat	0.0038
GO:GOBP_DOUBLE_STRAND_BREAK_REPAIR	TLS_VISIUM_USZ::LC4	14	257	0.0932	1.7e-05	flat	0.0098
GO:GOBP_EAR_DEVELOPMENT	TLS_VISIUM_USZ::LC4	14	257	0.1925	1.01e-11	flat	0.0123
GO:GOBP_EAR_MORPHOGENESIS	TLS_VISIUM_USZ::LC4	14	257	0.2088	8.08e-13	flat	0.0151
GO:GOBP_ELECTRON_TRANSPORT_CHAIN	TLS_VISIUM_USZ::LC4	14	257	0.2005	2.94e-12	flat	0.0449
GO:GOBP_EMBRYONIC_MORPHOGENESIS	TLS_VISIUM_USZ::LC4	14	257	0.0223	0.127	flat	0.0028
GO:GOBP_EMBRYONIC_ORGAN_DEVELOPMENT	TLS_VISIUM_USZ::LC4	14	257	0.0701	0.000358	flat	0.0061
GO:GOBP_EMBRYONIC_ORGAN_MORPHOGENESIS	TLS_VISIUM_USZ::LC4	14	257	0.1962	5.79e-12	flat	0.0105
GO:GOBP_EMBRYO_DEVELOPMENT	TLS_VISIUM_USZ::LC4	14	257	0.0132	0.34	flat	0.0019
GO:GOBP_EMBRYO_DEVELOPMENT_ENDING_IN_BIRTH_OR_EGG_HATCHING	TLS_VISIUM_USZ::LC4	14	257	0.0836	6.15e-05	flat	0.0052
GO:GOBP_ENDOCYTOSIS	TLS_VISIUM_USZ::LC4	14	257	0.1076	2.39e-06	flat	0.0069
GO:GOBP_ENDOMEMBRANE_SYSTEM_ORGANIZATION	TLS_VISIUM_USZ::LC4	14	257	0.2631	1.11e-16	flat	0.0119
GO:GOBP_ENDOPLASMIC_RETICULUM_TO_GOLGI_VESICLE_MEDIATED_TRANSPORT	TLS_VISIUM_USZ::LC4	14	257	0.1035	4.23e-06	flat	0.0222
GO:GOBP_ENDOSOMAL_TRANSPORT	TLS_VISIUM_USZ::LC4	14	257	0.0599	0.00134	flat	0.0073
GO:GOBP_ENDOTHELIAL_CELL_MIGRATION	TLS_VISIUM_USZ::LC4	14	257	0.1312	8.86e-08	flat	0.012
GO:GOBP_ENDOTHELIAL_CELL_PROLIFERATION	TLS_VISIUM_USZ::LC4	14	257	0.0713	0.000308	flat	0.0092
GO:GOBP_ENDOTHELIUM_DEVELOPMENT	TLS_VISIUM_USZ::LC4	14	257	0.0196	0.171	flat	0.0053
GO:GOBP_ENERGY_DERIVATION_BY_OXIDATION_OF_ORGANIC_COMPOUNDS	TLS_VISIUM_USZ::LC4	14	257	0.1401	2.5e-08	flat	0.0133
GO:GOBP_ENZYME_LINKED_RECEPTOR_PROTEIN_SIGNALING_PATHWAY	TLS_VISIUM_USZ::LC4	14	257	0.0345	0.0306	flat	0.0029
GO:GOBP_EPIDERMAL_CELL_DIFFERENTIATION	TLS_VISIUM_USZ::LC4	14	257	0.1245	2.28e-07	flat	0.0123
GO:GOBP_EPIDERMIS_DEVELOPMENT	TLS_VISIUM_USZ::LC4	14	257	0.1782	9.03e-11	flat	0.0118
GO:GOBP_EPIGENETIC_REGULATION_OF_GENE_EXPRESSION	TLS_VISIUM_USZ::LC4	14	257	0.0453	0.00825	flat	0.0058
GO:GOBP_EPITHELIAL_CELL_DEVELOPMENT	TLS_VISIUM_USZ::LC4	14	257	0.0375	0.0215	flat	0.0053
GO:GOBP_EPITHELIAL_CELL_DIFFERENTIATION	TLS_VISIUM_USZ::LC4	14	257	0.1114	1.42e-06	flat	0.0057
GO:GOBP_EPITHELIAL_CELL_PROLIFERATION	TLS_VISIUM_USZ::LC4	14	257	0.0547	0.00258	flat	0.0041
GO:GOBP_EPITHELIAL_TO_MESENCHYMAL_TRANSITION	TLS_VISIUM_USZ::LC4	14	257	0.0007	0.98	flat	0.0009
GO:GOBP_EPITHELIAL_TUBE_MORPHOGENESIS	TLS_VISIUM_USZ::LC4	14	257	0.007	0.617	flat	0.002
GO:GOBP_EPITHELIUM_DEVELOPMENT	TLS_VISIUM_USZ::LC4	14	257	0.1196	4.53e-07	flat	0.005
GO:GOBP_ERK1_AND_ERK2_CASCADE	TLS_VISIUM_USZ::LC4	14	257	0.038	0.0201	flat	0.0054
GO:GOBP_ESTABLISHMENT_OF_ORGANELLE_LOCALIZATION	TLS_VISIUM_USZ::LC4	14	257	0.053	0.0032	flat	0.0063
GO:GOBP_ESTABLISHMENT_OF_PROTEIN_LOCALIZATION	TLS_VISIUM_USZ::LC4	14	257	0.2042	1.64e-12	flat	0.0073
GO:GOBP_ESTABLISHMENT_OF_PROTEIN_LOCALIZATION_TO_MEMBRANE	TLS_VISIUM_USZ::LC4	14	257	0.2032	1.94e-12	flat	0.0216
GO:GOBP_ESTABLISHMENT_OF_PROTEIN_LOCALIZATION_TO_ORGANELLE	TLS_VISIUM_USZ::LC4	14	257	0.2552	4.25e-16	flat	0.0214
GO:GOBP_ESTABLISHMENT_OF_RNA_LOCALIZATION	TLS_VISIUM_USZ::LC4	14	257	0.1766	1.15e-10	flat	0.0213
GO:GOBP_ESTABLISHMENT_OR_MAINTENANCE_OF_CELL_POLARITY	TLS_VISIUM_USZ::LC4	14	257	0.1233	2.71e-07	flat	0.0114
GO:GOBP_EXOCYTOSIS	TLS_VISIUM_USZ::LC4	14	257	0.0604	0.00126	flat	0.0048
GO:GOBP_EXPORT_FROM_CELL	TLS_VISIUM_USZ::LC4	14	257	0.0137	0.321	flat	0.0018
GO:GOBP_EXTERNAL_ENCAPSULATING_STRUCTURE_ORGANIZATION	TLS_VISIUM_USZ::LC4	14	257	0.007	0.619	flat	0.0022
GO:GOBP_FACE_DEVELOPMENT	TLS_VISIUM_USZ::LC4	14	257	0.0191	0.18	flat	0.0085
GO:GOBP_FATTY_ACID_METABOLIC_PROCESS	TLS_VISIUM_USZ::LC4	14	257	0.094	1.52e-05	flat	0.0055
GO:GOBP_FERTILIZATION	TLS_VISIUM_USZ::LC4	14	257	0.0072	0.608	flat	0.0025
GO:GOBP_FIBROBLAST_GROWTH_FACTOR_RECEPTOR_SIGNALING_PATHWAY	TLS_VISIUM_USZ::LC4	14	257	0.0343	0.0313	flat	0.0083
GO:GOBP_FOCAL_ADHESION_ASSEMBLY	TLS_VISIUM_USZ::LC4	14	257	0.1968	5.23e-12	flat	0.0303
GO:GOBP_FORMATION_OF_PRIMARY_GERM_LAYER	TLS_VISIUM_USZ::LC4	14	257	0.1305	9.77e-08	flat	0.0141
GO:GOBP_GAMETE_GENERATION	TLS_VISIUM_USZ::LC4	14	257	0.1603	1.31e-09	flat	0.0085
GO:GOBP_GENERATION_OF_NEURONS	TLS_VISIUM_USZ::LC4	14	257	0.0574	0.00184	flat	0.0032
GO:GOBP_GENERATION_OF_PRECURSOR_METABOLITES_AND_ENERGY	TLS_VISIUM_USZ::LC4	14	257	0.2242	6.96e-14	flat	0.0218
GO:GOBP_GLAND_DEVELOPMENT	TLS_VISIUM_USZ::LC4	14	257	0.1106	1.59e-06	flat	0.0062
GO:GOBP_GLIAL_CELL_DIFFERENTIATION	TLS_VISIUM_USZ::LC4	14	257	0.0167	0.233	flat	0.003
GO:GOBP_GLOMERULUS_DEVELOPMENT	TLS_VISIUM_USZ::LC4	14	257	0.118	5.71e-07	flat	0.0131
GO:GOBP_GLUCOSE_METABOLIC_PROCESS	TLS_VISIUM_USZ::LC4	14	257	0.0401	0.0156	flat	0.0064
GO:GOBP_GLYCEROLIPID_BIOSYNTHETIC_PROCESS	TLS_VISIUM_USZ::LC4	14	257	0.0044	0.771	flat	0.0021
GO:GOBP_GLYCEROLIPID_METABOLIC_PROCESS	TLS_VISIUM_USZ::LC4	14	257	0.0576	0.00179	flat	0.0054
GO:GOBP_GLYCEROPHOSPHOLIPID_METABOLIC_PROCESS	TLS_VISIUM_USZ::LC4	14	257	0.0395	0.0168	flat	0.0058
GO:GOBP_GLYCOPROTEIN_BIOSYNTHETIC_PROCESS	TLS_VISIUM_USZ::LC4	14	257	0.0389	0.0181	flat	0.0054
GO:GOBP_GLYCOPROTEIN_METABOLIC_PROCESS	TLS_VISIUM_USZ::LC4	14	257	0.0329	0.0371	flat	0.0037
GO:GOBP_GLYCOSYLATION	TLS_VISIUM_USZ::LC4	14	257	0.0375	0.0214	flat	0.0036
GO:GOBP_GOLGI_VESICLE_TRANSPORT	TLS_VISIUM_USZ::LC4	14	257	0.1013	5.68e-06	flat	0.0122
GO:GOBP_GRANULOCYTE_CHEMOTAXIS	TLS_VISIUM_USZ::LC4	14	257	0.0812	8.4e-05	flat	0.0104
GO:GOBP_GRANULOCYTE_MIGRATION	TLS_VISIUM_USZ::LC4	14	257	0.032	0.0415	flat	0.0059
GO:GOBP_GROWTH	TLS_VISIUM_USZ::LC4	14	257	0.06	0.00132	flat	0.0037
GO:GOBP_G_PROTEIN_COUPLED_RECEPTOR_SIGNALING_PATHWAY	TLS_VISIUM_USZ::LC4	14	257	0.2842	2.92e-18	flat	0.0201
GO:GOBP_HEAD_DEVELOPMENT	TLS_VISIUM_USZ::LC4	14	257	0.0055	0.703	flat	0.0014
GO:GOBP_HEART_DEVELOPMENT	TLS_VISIUM_USZ::LC4	14	257	0.0127	0.355	flat	0.0027
GO:GOBP_HEART_MORPHOGENESIS	TLS_VISIUM_USZ::LC4	14	257	0.0065	0.65	flat	0.0024
GO:GOBP_HEART_PROCESS	TLS_VISIUM_USZ::LC4	14	257	0.0116	0.398	flat	0.002
GO:GOBP_HEMOPOIESIS	TLS_VISIUM_USZ::LC4	14	257	0.1679	4.23e-10	flat	0.0093
GO:GOBP_HINDBRAIN_DEVELOPMENT	TLS_VISIUM_USZ::LC4	14	257	0.086	4.47e-05	flat	0.0091
GO:GOBP_HOMEOSTASIS_OF_NUMBER_OF_CELLS	TLS_VISIUM_USZ::LC4	14	257	0.1417	1.96e-08	flat	0.0113
GO:GOBP_HOMEOSTATIC_PROCESS	TLS_VISIUM_USZ::LC4	14	257	0.0386	0.0187	flat	0.0024
GO:GOBP_HOMOPHILIC_CELL_ADHESION_VIA_PLASMA_MEMBRANE_ADHESION_MOLECULES	TLS_VISIUM_USZ::LC4	14	257	0.1086	2.08e-06	flat	0.0096
GO:GOBP_HORMONE_METABOLIC_PROCESS	TLS_VISIUM_USZ::LC4	14	257	0.004	0.8	flat	0.0019
GO:GOBP_HORMONE_TRANSPORT	TLS_VISIUM_USZ::LC4	14	257	0.0378	0.0206	flat	0.0047
GO:GOBP_HUMORAL_IMMUNE_RESPONSE	TLS_VISIUM_USZ::LC4	14	257	0.0892	2.91e-05	flat	0.0071
GO:GOBP_HUMORAL_IMMUNE_RESPONSE_MEDIATED_BY_CIRCULATING_IMMUNOGLOBULIN	TLS_VISIUM_USZ::LC4	14	257	0.0431	0.0109	flat	0.014
GO:GOBP_IMMUNE_EFFECTOR_PROCESS	TLS_VISIUM_USZ::LC4	14	257	0.0513	0.00393	flat	0.0053
GO:GOBP_IMMUNE_RESPONSE_REGULATING_CELL_SURFACE_RECEPTOR_SIGNALING_PATHWAY	TLS_VISIUM_USZ::LC4	14	257	0.1147	8.99e-07	flat	0.0101
GO:GOBP_IMMUNE_RESPONSE_REGULATING_SIGNALING_PATHWAY	TLS_VISIUM_USZ::LC4	14	257	0.0618	0.00105	flat	0.0059
GO:GOBP_IMPORT_INTO_CELL	TLS_VISIUM_USZ::LC4	14	257	0.0558	0.00224	flat	0.003
GO:GOBP_IMPORT_INTO_NUCLEUS	TLS_VISIUM_USZ::LC4	14	257	0.1841	3.66e-11	flat	0.0178
GO:GOBP_INFLAMMATORY_RESPONSE	TLS_VISIUM_USZ::LC4	14	257	0.0499	0.0047	flat	0.0034
GO:GOBP_INORGANIC_ANION_TRANSMEMBRANE_TRANSPORT	TLS_VISIUM_USZ::LC4	14	257	0.1663	5.38e-10	flat	0.0139
GO:GOBP_INORGANIC_ION_HOMEOSTASIS	TLS_VISIUM_USZ::LC4	14	257	0.0461	0.00752	flat	0.0038
GO:GOBP_INORGANIC_ION_IMPORT_ACROSS_PLASMA_MEMBRANE	TLS_VISIUM_USZ::LC4	14	257	0.2009	2.76e-12	flat	0.0152
GO:GOBP_INTEGRIN_MEDIATED_SIGNALING_PATHWAY	TLS_VISIUM_USZ::LC4	14	257	0.1785	8.69e-11	flat	0.0279
GO:GOBP_INTERFERON_BETA_PRODUCTION	TLS_VISIUM_USZ::LC4	14	257	0.0125	0.362	flat	0.0123
GO:GOBP_INTERFERON_MEDIATED_SIGNALING_PATHWAY	TLS_VISIUM_USZ::LC4	14	257	0.0096	0.485	flat	0.0052
GO:GOBP_INTERLEUKIN_6_PRODUCTION	TLS_VISIUM_USZ::LC4	14	257	0.0313	0.0446	flat	0.0048
GO:GOBP_INTRACELLULAR_MONOATOMIC_ION_HOMEOSTASIS	TLS_VISIUM_USZ::LC4	14	257	0.0124	0.366	flat	0.0018
GO:GOBP_INTRACELLULAR_PROTEIN_TRANSPORT	TLS_VISIUM_USZ::LC4	14	257	0.2103	6.34e-13	flat	0.013
GO:GOBP_INTRACELLULAR_RECEPTOR_SIGNALING_PATHWAY	TLS_VISIUM_USZ::LC4	14	257	0.012	0.381	flat	0.0023
GO:GOBP_INTRACELLULAR_TRANSPORT	TLS_VISIUM_USZ::LC4	14	257	0.2695	3.71e-17	flat	0.0128
GO:GOBP_INTRINSIC_APOPTOTIC_SIGNALING_PATHWAY	TLS_VISIUM_USZ::LC4	14	257	0.1864	2.59e-11	flat	0.0234
GO:GOBP_IN_UTERO_EMBRYONIC_DEVELOPMENT	TLS_VISIUM_USZ::LC4	14	257	0.124	2.46e-07	flat	0.0092
GO:GOBP_LEUKOCYTE_APOPTOTIC_PROCESS	TLS_VISIUM_USZ::LC4	14	257	0.0912	2.22e-05	flat	0.0147
GO:GOBP_LEUKOCYTE_CELL_CELL_ADHESION	TLS_VISIUM_USZ::LC4	14	257	0.1797	7.2e-11	flat	0.0138
GO:GOBP_LEUKOCYTE_CHEMOTAXIS	TLS_VISIUM_USZ::LC4	14	257	0.007	0.622	flat	0.0021
GO:GOBP_LEUKOCYTE_DIFFERENTIATION	TLS_VISIUM_USZ::LC4	14	257	0.0226	0.123	flat	0.0035
GO:GOBP_LEUKOCYTE_MEDIATED_IMMUNITY	TLS_VISIUM_USZ::LC4	14	257	0.0397	0.0165	flat	0.0059
GO:GOBP_LEUKOCYTE_MIGRATION	TLS_VISIUM_USZ::LC4	14	257	0.0933	1.68e-05	flat	0.0068
GO:GOBP_LEUKOCYTE_PROLIFERATION	TLS_VISIUM_USZ::LC4	14	257	0.0663	0.000586	flat	0.0063
GO:GOBP_LIPID_BIOSYNTHETIC_PROCESS	TLS_VISIUM_USZ::LC4	14	257	0.0255	0.0882	flat	0.0028
GO:GOBP_LIPID_CATABOLIC_PROCESS	TLS_VISIUM_USZ::LC4	14	257	0.1326	7.28e-08	flat	0.0101
GO:GOBP_LIPID_LOCALIZATION	TLS_VISIUM_USZ::LC4	14	257	0.0411	0.0139	flat	0.0043
GO:GOBP_LIPID_METABOLIC_PROCESS	TLS_VISIUM_USZ::LC4	14	257	0.0052	0.726	flat	0.0011
GO:GOBP_LIPID_MODIFICATION	TLS_VISIUM_USZ::LC4	14	257	0.0585	0.00159	flat	0.0086
GO:GOBP_LOCALIZATION_WITHIN_MEMBRANE	TLS_VISIUM_USZ::LC4	14	257	0.2183	1.78e-13	flat	0.013
GO:GOBP_LOCOMOTION	TLS_VISIUM_USZ::LC4	14	257	0.0405	0.0149	flat	0.0018
GO:GOBP_LYMPHOCYTE_ACTIVATION	TLS_VISIUM_USZ::LC4	14	257	0.0705	0.000343	flat	0.0055
GO:GOBP_LYMPHOCYTE_ACTIVATION_INVOLVED_IN_IMMUNE_RESPONSE	TLS_VISIUM_USZ::LC4	14	257	0.084	5.83e-05	flat	0.0092
GO:GOBP_LYMPHOCYTE_DIFFERENTIATION	TLS_VISIUM_USZ::LC4	14	257	0.0511	0.00405	flat	0.0055
GO:GOBP_LYMPHOCYTE_MEDIATED_IMMUNITY	TLS_VISIUM_USZ::LC4	14	257	0.0774	0.000139	flat	0.0108
GO:GOBP_MACROAUTOPHAGY	TLS_VISIUM_USZ::LC4	14	257	0.1336	6.34e-08	flat	0.0164
GO:GOBP_MACROMOLECULE_CATABOLIC_PROCESS	TLS_VISIUM_USZ::LC4	14	257	0.299	2.13e-19	flat	0.0102
GO:GOBP_MAINTENANCE_OF_CELL_NUMBER	TLS_VISIUM_USZ::LC4	14	257	0.1838	3.86e-11	flat	0.0204
GO:GOBP_MAINTENANCE_OF_LOCATION	TLS_VISIUM_USZ::LC4	14	257	0.1471	9.11e-09	flat	0.0131
GO:GOBP_MALE_GAMETE_GENERATION	TLS_VISIUM_USZ::LC4	14	257	0.2229	8.52e-14	flat	0.0119
GO:GOBP_MALE_SEX_DIFFERENTIATION	TLS_VISIUM_USZ::LC4	14	257	0.0269	0.075	flat	0.0038
GO:GOBP_MAPK_CASCADE	TLS_VISIUM_USZ::LC4	14	257	0.0997	7.02e-06	flat	0.0065
GO:GOBP_MEIOSIS_I_CELL_CYCLE_PROCESS	TLS_VISIUM_USZ::LC4	14	257	0.041	0.014	flat	0.0048
GO:GOBP_MEIOTIC_CELL_CYCLE	TLS_VISIUM_USZ::LC4	14	257	0.0282	0.0643	flat	0.0034
GO:GOBP_MEIOTIC_CELL_CYCLE_PROCESS	TLS_VISIUM_USZ::LC4	14	257	0.0958	1.2e-05	flat	0.0073
GO:GOBP_MEMBRANELESS_ORGANELLE_ASSEMBLY	TLS_VISIUM_USZ::LC4	14	257	0.0152	0.275	flat	0.0033
GO:GOBP_MEMBRANE_LIPID_METABOLIC_PROCESS	TLS_VISIUM_USZ::LC4	14	257	0.0533	0.00308	flat	0.0054
GO:GOBP_MEMBRANE_ORGANIZATION	TLS_VISIUM_USZ::LC4	14	257	0.3102	2.82e-20	flat	0.0165
GO:GOBP_MESENCHYMAL_CELL_DIFFERENTIATION	TLS_VISIUM_USZ::LC4	14	257	0.0319	0.0417	flat	0.0048
GO:GOBP_MESENCHYME_DEVELOPMENT	TLS_VISIUM_USZ::LC4	14	257	0.0782	0.000126	flat	0.006
GO:GOBP_METAL_ION_TRANSPORT	TLS_VISIUM_USZ::LC4	14	257	0.1142	9.65e-07	flat	0.0056
GO:GOBP_METAPHASE_CHROMOSOME_ALIGNMENT	TLS_VISIUM_USZ::LC4	14	257	0.0218	0.133	flat	0.0065
GO:GOBP_MICROTUBULE_BASED_MOVEMENT	TLS_VISIUM_USZ::LC4	14	257	0.1301	1.03e-07	flat	0.0087
GO:GOBP_MICROTUBULE_BASED_PROCESS	TLS_VISIUM_USZ::LC4	14	257	0.0598	0.00134	flat	0.0041
GO:GOBP_MICROTUBULE_CYTOSKELETON_ORGANIZATION	TLS_VISIUM_USZ::LC4	14	257	0.0712	0.000312	flat	0.0052
GO:GOBP_MICROTUBULE_CYTOSKELETON_ORGANIZATION_INVOLVED_IN_MITOSIS	TLS_VISIUM_USZ::LC4	14	257	0.0172	0.221	flat	0.0062
GO:GOBP_MITOCHONDRIAL_ELECTRON_TRANSPORT_CYTOCHROME_C_TO_OXYGEN	TLS_VISIUM_USZ::LC4	14	257	0.1923	1.05e-11	flat	0.0643
GO:GOBP_MITOCHONDRIAL_TRANSPORT	TLS_VISIUM_USZ::LC4	14	257	0.1822	4.93e-11	flat	0.0262
GO:GOBP_MITOCHONDRION_ORGANIZATION	TLS_VISIUM_USZ::LC4	14	257	0.1556	2.62e-09	flat	0.0122
GO:GOBP_MITOTIC_CELL_CYCLE	TLS_VISIUM_USZ::LC4	14	257	0.046	0.00762	flat	0.0051
GO:GOBP_MITOTIC_CELL_CYCLE_CHECKPOINT_SIGNALING	TLS_VISIUM_USZ::LC4	14	257	0.0036	0.823	flat	0.0028
GO:GOBP_MITOTIC_CELL_CYCLE_PHASE_TRANSITION	TLS_VISIUM_USZ::LC4	14	257	0.0436	0.0102	flat	0.0058
GO:GOBP_MITOTIC_CELL_CYCLE_PROCESS	TLS_VISIUM_USZ::LC4	14	257	0.0195	0.172	flat	0.0036
GO:GOBP_MITOTIC_NUCLEAR_DIVISION	TLS_VISIUM_USZ::LC4	14	257	0.0377	0.0209	flat	0.0088
GO:GOBP_MITOTIC_SISTER_CHROMATID_SEGREGATION	TLS_VISIUM_USZ::LC4	14	257	0.0192	0.177	flat	0.0068
GO:GOBP_MITOTIC_SISTER_CHROMATID_SEPARATION	TLS_VISIUM_USZ::LC4	14	257	0.0192	0.179	flat	0.0076
GO:GOBP_MITOTIC_SPINDLE_ASSEMBLY	TLS_VISIUM_USZ::LC4	14	257	0.0257	0.0855	flat	0.012
GO:GOBP_MITOTIC_SPINDLE_ORGANIZATION	TLS_VISIUM_USZ::LC4	14	257	0.0494	0.00499	flat	0.0135
GO:GOBP_MODIFICATION_DEPENDENT_MACROMOLECULE_CATABOLIC_PROCESS	TLS_VISIUM_USZ::LC4	14	257	0.1867	2.47e-11	flat	0.0126
GO:GOBP_MODIFIED_AMINO_ACID_METABOLIC_PROCESS	TLS_VISIUM_USZ::LC4	14	257	0.0192	0.178	flat	0.0043
GO:GOBP_MONOATOMIC_CATION_TRANSMEMBRANE_TRANSPORT	TLS_VISIUM_USZ::LC4	14	257	0.1332	6.7e-08	flat	0.0055
GO:GOBP_MONOATOMIC_CATION_TRANSPORT	TLS_VISIUM_USZ::LC4	14	257	0.0285	0.0622	flat	0.0023
GO:GOBP_MONOATOMIC_ION_HOMEOSTASIS	TLS_VISIUM_USZ::LC4	14	257	0.1332	6.65e-08	flat	0.0062
GO:GOBP_MONOATOMIC_ION_TRANSMEMBRANE_TRANSPORT	TLS_VISIUM_USZ::LC4	14	257	0.1214	3.52e-07	flat	0.0052
GO:GOBP_MONOATOMIC_ION_TRANSPORT	TLS_VISIUM_USZ::LC4	14	257	0.2936	5.59e-19	flat	0.0112
GO:GOBP_MONOCARBOXYLIC_ACID_BIOSYNTHETIC_PROCESS	TLS_VISIUM_USZ::LC4	14	257	0.0518	0.00371	flat	0.0067
GO:GOBP_MONOCARBOXYLIC_ACID_METABOLIC_PROCESS	TLS_VISIUM_USZ::LC4	14	257	0.0415	0.0131	flat	0.003
GO:GOBP_MONONUCLEAR_CELL_DIFFERENTIATION	TLS_VISIUM_USZ::LC4	14	257	0.1046	3.6e-06	flat	0.0067
GO:GOBP_MONONUCLEAR_CELL_MIGRATION	TLS_VISIUM_USZ::LC4	14	257	0.0343	0.0313	flat	0.0057
GO:GOBP_MONOSACCHARIDE_METABOLIC_PROCESS	TLS_VISIUM_USZ::LC4	14	257	0.0165	0.239	flat	0.0031
GO:GOBP_MORPHOGENESIS_OF_AN_EPITHELIUM	TLS_VISIUM_USZ::LC4	14	257	0.0697	0.000378	flat	0.0054
GO:GOBP_MORPHOGENESIS_OF_A_BRANCHING_STRUCTURE	TLS_VISIUM_USZ::LC4	14	257	0.1857	2.87e-11	flat	0.0149
GO:GOBP_MRNA_CATABOLIC_PROCESS	TLS_VISIUM_USZ::LC4	14	257	0.2069	1.08e-12	flat	0.0201
GO:GOBP_MRNA_METABOLIC_PROCESS	TLS_VISIUM_USZ::LC4	14	257	0.2003	3.02e-12	flat	0.0136
GO:GOBP_MRNA_PROCESSING	TLS_VISIUM_USZ::LC4	14	257	0.2749	1.49e-17	flat	0.0234
GO:GOBP_MRNA_TRANSPORT	TLS_VISIUM_USZ::LC4	14	257	0.248	1.4e-15	flat	0.033
GO:GOBP_MULTICELLULAR_ORGANISMAL_LEVEL_HOMEOSTASIS	TLS_VISIUM_USZ::LC4	14	257	0.0523	0.00348	flat	0.0041
GO:GOBP_MULTICELLULAR_ORGANISMAL_REPRODUCTIVE_PROCESS	TLS_VISIUM_USZ::LC4	14	257	0.1737	1.77e-10	flat	0.0099
GO:GOBP_MUSCLE_CELL_DEVELOPMENT	TLS_VISIUM_USZ::LC4	14	257	0.1971	4.97e-12	flat	0.0156
GO:GOBP_MUSCLE_CELL_DIFFERENTIATION	TLS_VISIUM_USZ::LC4	14	257	0.0183	0.197	flat	0.0025
GO:GOBP_MUSCLE_CELL_PROLIFERATION	TLS_VISIUM_USZ::LC4	14	257	0.0573	0.00185	flat	0.0058
GO:GOBP_MUSCLE_CONTRACTION	TLS_VISIUM_USZ::LC4	14	257	0.082	7.57e-05	flat	0.0052
GO:GOBP_MUSCLE_ORGAN_DEVELOPMENT	TLS_VISIUM_USZ::LC4	14	257	0.0322	0.0404	flat	0.0038
GO:GOBP_MUSCLE_STRUCTURE_DEVELOPMENT	TLS_VISIUM_USZ::LC4	14	257	0.0142	0.306	flat	0.0016
GO:GOBP_MUSCLE_SYSTEM_PROCESS	TLS_VISIUM_USZ::LC4	14	257	0.0458	0.00781	flat	0.0042
GO:GOBP_MUSCLE_TISSUE_DEVELOPMENT	TLS_VISIUM_USZ::LC4	14	257	0.0284	0.0626	flat	0.0034
GO:GOBP_MYELOID_CELL_DIFFERENTIATION	TLS_VISIUM_USZ::LC4	14	257	0.15	5.93e-09	flat	0.0104
GO:GOBP_MYELOID_CELL_HOMEOSTASIS	TLS_VISIUM_USZ::LC4	14	257	0.1767	1.13e-10	flat	0.0227
GO:GOBP_MYELOID_LEUKOCYTE_ACTIVATION	TLS_VISIUM_USZ::LC4	14	257	0.035	0.0289	flat	0.0058
GO:GOBP_MYELOID_LEUKOCYTE_DIFFERENTIATION	TLS_VISIUM_USZ::LC4	14	257	0.1184	5.37e-07	flat	0.0099
GO:GOBP_NEGATIVE_REGULATION_OF_APOPTOTIC_SIGNALING_PATHWAY	TLS_VISIUM_USZ::LC4	14	257	0.1739	1.73e-10	flat	0.0204
GO:GOBP_NEGATIVE_REGULATION_OF_CATABOLIC_PROCESS	TLS_VISIUM_USZ::LC4	14	257	0.1844	3.51e-11	flat	0.0175
GO:GOBP_NEGATIVE_REGULATION_OF_CELLULAR_COMPONENT_ORGANIZATION	TLS_VISIUM_USZ::LC4	14	257	0.1643	7.24e-10	flat	0.0077
GO:GOBP_NEGATIVE_REGULATION_OF_CELLULAR_RESPONSE_TO_GROWTH_FACTOR_STIMULUS	TLS_VISIUM_USZ::LC4	14	257	0.1221	3.21e-07	flat	0.0155
GO:GOBP_NEGATIVE_REGULATION_OF_CELL_ACTIVATION	TLS_VISIUM_USZ::LC4	14	257	0.0878	3.52e-05	flat	0.0094
GO:GOBP_NEGATIVE_REGULATION_OF_CELL_ADHESION	TLS_VISIUM_USZ::LC4	14	257	0.0829	6.74e-05	flat	0.0086
GO:GOBP_NEGATIVE_REGULATION_OF_CELL_CYCLE	TLS_VISIUM_USZ::LC4	14	257	0.1037	4.12e-06	flat	0.0108
GO:GOBP_NEGATIVE_REGULATION_OF_CELL_CYCLE_PROCESS	TLS_VISIUM_USZ::LC4	14	257	0.063	0.000897	flat	0.0095
GO:GOBP_NEGATIVE_REGULATION_OF_CELL_DEVELOPMENT	TLS_VISIUM_USZ::LC4	14	257	0.0176	0.212	flat	0.0031
GO:GOBP_NEGATIVE_REGULATION_OF_CELL_DIFFERENTIATION	TLS_VISIUM_USZ::LC4	14	257	0.0338	0.0335	flat	0.0027
GO:GOBP_NEGATIVE_REGULATION_OF_CELL_POPULATION_PROLIFERATION	TLS_VISIUM_USZ::LC4	14	257	0.104	3.92e-06	flat	0.0061
GO:GOBP_NEGATIVE_REGULATION_OF_CYTOKINE_PRODUCTION	TLS_VISIUM_USZ::LC4	14	257	0.0133	0.336	flat	0.0034
GO:GOBP_NEGATIVE_REGULATION_OF_CYTOSKELETON_ORGANIZATION	TLS_VISIUM_USZ::LC4	14	257	0.0321	0.0406	flat	0.0056
GO:GOBP_NEGATIVE_REGULATION_OF_DEFENSE_RESPONSE	TLS_VISIUM_USZ::LC4	14	257	0.0133	0.335	flat	0.0037
GO:GOBP_NEGATIVE_REGULATION_OF_DEVELOPMENTAL_PROCESS	TLS_VISIUM_USZ::LC4	14	257	0.0417	0.0129	flat	0.0027
GO:GOBP_NEGATIVE_REGULATION_OF_GENE_EXPRESSION	TLS_VISIUM_USZ::LC4	14	257	0.2188	1.65e-13	flat	0.0078
GO:GOBP_NEGATIVE_REGULATION_OF_GENE_EXPRESSION_EPIGENETIC	TLS_VISIUM_USZ::LC4	14	257	0.0216	0.137	flat	0.005
GO:GOBP_NEGATIVE_REGULATION_OF_IMMUNE_SYSTEM_PROCESS	TLS_VISIUM_USZ::LC4	14	257	0.0167	0.233	flat	0.0017
GO:GOBP_NEGATIVE_REGULATION_OF_INFLAMMATORY_RESPONSE	TLS_VISIUM_USZ::LC4	14	257	0.0013	0.954	flat	0.0014
GO:GOBP_NEGATIVE_REGULATION_OF_INNATE_IMMUNE_RESPONSE	TLS_VISIUM_USZ::LC4	14	257	0.1042	3.8e-06	flat	0.0225
GO:GOBP_NEGATIVE_REGULATION_OF_INTRACELLULAR_SIGNAL_TRANSDUCTION	TLS_VISIUM_USZ::LC4	14	257	0.1488	7.07e-09	flat	0.008
GO:GOBP_NEGATIVE_REGULATION_OF_LEUKOCYTE_MEDIATED_IMMUNITY	TLS_VISIUM_USZ::LC4	14	257	0.1001	6.67e-06	flat	0.0172
GO:GOBP_NEGATIVE_REGULATION_OF_LOCOMOTION	TLS_VISIUM_USZ::LC4	14	257	0.0491	0.00519	flat	0.0048
GO:GOBP_NEGATIVE_REGULATION_OF_LYMPHOCYTE_ACTIVATION	TLS_VISIUM_USZ::LC4	14	257	0.1195	4.58e-07	flat	0.0155
GO:GOBP_NEGATIVE_REGULATION_OF_MITOTIC_CELL_CYCLE	TLS_VISIUM_USZ::LC4	14	257	0.0794	0.000107	flat	0.0106
GO:GOBP_NEGATIVE_REGULATION_OF_MITOTIC_CELL_CYCLE_PHASE_TRANSITION	TLS_VISIUM_USZ::LC4	14	257	0.0314	0.0442	flat	0.0088
GO:GOBP_NEGATIVE_REGULATION_OF_MOLECULAR_FUNCTION	TLS_VISIUM_USZ::LC4	14	257	0.1289	1.22e-07	flat	0.0102
GO:GOBP_NEGATIVE_REGULATION_OF_MULTICELLULAR_ORGANISMAL_PROCESS	TLS_VISIUM_USZ::LC4	14	257	0.0146	0.294	flat	0.0018
GO:GOBP_NEGATIVE_REGULATION_OF_NUCLEOBASE_CONTAINING_COMPOUND_METABOLIC_PROCESS	TLS_VISIUM_USZ::LC4	14	257	0.1643	7.3e-10	flat	0.0052
GO:GOBP_NEGATIVE_REGULATION_OF_ORGANELLE_ORGANIZATION	TLS_VISIUM_USZ::LC4	14	257	0.075	0.000191	flat	0.0092
GO:GOBP_NEGATIVE_REGULATION_OF_PROGRAMMED_CELL_DEATH	TLS_VISIUM_USZ::LC4	14	257	0.2089	7.84e-13	flat	0.009
GO:GOBP_NEGATIVE_REGULATION_OF_PROTEIN_LOCALIZATION	TLS_VISIUM_USZ::LC4	14	257	0.1214	3.55e-07	flat	0.0133
GO:GOBP_NEGATIVE_REGULATION_OF_PROTEIN_METABOLIC_PROCESS	TLS_VISIUM_USZ::LC4	14	257	0.3036	9.32e-20	flat	0.0227
GO:GOBP_NEGATIVE_REGULATION_OF_PROTEIN_MODIFICATION_PROCESS	TLS_VISIUM_USZ::LC4	14	257	0.1107	1.56e-06	flat	0.0144
GO:GOBP_NEGATIVE_REGULATION_OF_PROTEOLYSIS	TLS_VISIUM_USZ::LC4	14	257	0.242	3.81e-15	flat	0.0307
GO:GOBP_NEGATIVE_REGULATION_OF_REPRODUCTIVE_PROCESS	TLS_VISIUM_USZ::LC4	14	257	0.0428	0.0113	flat	0.0088
GO:GOBP_NEGATIVE_REGULATION_OF_RESPONSE_TO_BIOTIC_STIMULUS	TLS_VISIUM_USZ::LC4	14	257	0.0144	0.298	flat	0.0041
GO:GOBP_NEGATIVE_REGULATION_OF_RESPONSE_TO_EXTERNAL_STIMULUS	TLS_VISIUM_USZ::LC4	14	257	0.0151	0.277	flat	0.0035
GO:GOBP_NEGATIVE_REGULATION_OF_RESPONSE_TO_STIMULUS	TLS_VISIUM_USZ::LC4	14	257	0.1048	3.53e-06	flat	0.0035
GO:GOBP_NEGATIVE_REGULATION_OF_RNA_METABOLIC_PROCESS	TLS_VISIUM_USZ::LC4	14	257	0.0911	2.27e-05	flat	0.004
GO:GOBP_NEGATIVE_REGULATION_OF_SIGNALING	TLS_VISIUM_USZ::LC4	14	257	0.1539	3.36e-09	flat	0.0051
GO:GOBP_NEGATIVE_REGULATION_OF_SMOOTH_MUSCLE_CELL_PROLIFERATION	TLS_VISIUM_USZ::LC4	14	257	0.0426	0.0115	flat	0.0117
GO:GOBP_NEGATIVE_REGULATION_OF_SUPRAMOLECULAR_FIBER_ORGANIZATION	TLS_VISIUM_USZ::LC4	14	257	0.0239	0.105	flat	0.0064
GO:GOBP_NEGATIVE_REGULATION_OF_TRANSCRIPTION_BY_RNA_POLYMERASE_II	TLS_VISIUM_USZ::LC4	14	257	0.0175	0.214	flat	0.0019
GO:GOBP_NEGATIVE_REGULATION_OF_TRANSFORMING_GROWTH_FACTOR_BETA_RECEPTOR_SIGNALING_PATHWAY	TLS_VISIUM_USZ::LC4	14	257	0.0161	0.25	flat	0.0059
GO:GOBP_NEGATIVE_REGULATION_OF_TRANSMEMBRANE_RECEPTOR_PROTEIN_SERINE_THREONINE_KINASE_SIGNALING_PATHWAY	TLS_VISIUM_USZ::LC4	14	257	0.0163	0.244	flat	0.006
GO:GOBP_NEGATIVE_REGULATION_OF_TRANSPORT	TLS_VISIUM_USZ::LC4	14	257	0.1342	5.79e-08	flat	0.0076
GO:GOBP_NEGATIVE_REGULATION_OF_VIRAL_PROCESS	TLS_VISIUM_USZ::LC4	14	257	0.0044	0.77	flat	0.0052
GO:GOBP_NEGATIVE_REGULATION_OF_WNT_SIGNALING_PATHWAY	TLS_VISIUM_USZ::LC4	14	257	0.0433	0.0105	flat	0.0061
GO:GOBP_NERVOUS_SYSTEM_PROCESS	TLS_VISIUM_USZ::LC4	14	257	0.2763	1.16e-17	flat	0.0139
GO:GOBP_NEUROGENESIS	TLS_VISIUM_USZ::LC4	14	257	0.0565	0.00204	flat	0.0029
GO:GOBP_NEURON_DEVELOPMENT	TLS_VISIUM_USZ::LC4	14	257	0.0646	0.000733	flat	0.0033
GO:GOBP_NEURON_PROJECTION_GUIDANCE	TLS_VISIUM_USZ::LC4	14	257	0.0222	0.128	flat	0.0041
GO:GOBP_NITROGEN_COMPOUND_TRANSPORT	TLS_VISIUM_USZ::LC4	14	257	0.1214	3.55e-07	flat	0.0041
GO:GOBP_NON_CANONICAL_WNT_SIGNALING_PATHWAY	TLS_VISIUM_USZ::LC4	14	257	0.0226	0.122	flat	0.0067
GO:GOBP_NOTCH_SIGNALING_PATHWAY	TLS_VISIUM_USZ::LC4	14	257	0.0507	0.00422	flat	0.0069
GO:GOBP_NUCLEAR_CHROMOSOME_SEGREGATION	TLS_VISIUM_USZ::LC4	14	257	0.0185	0.192	flat	0.0053
GO:GOBP_NUCLEAR_EXPORT	TLS_VISIUM_USZ::LC4	14	257	0.2752	1.4e-17	flat	0.0422
GO:GOBP_NUCLEAR_TRANSCRIBED_MRNA_CATABOLIC_PROCESS	TLS_VISIUM_USZ::LC4	14	257	0.1602	1.33e-09	flat	0.0286
GO:GOBP_NUCLEAR_TRANSPORT	TLS_VISIUM_USZ::LC4	14	257	0.2663	6.47e-17	flat	0.0228
GO:GOBP_NUCLEIC_ACID_CATABOLIC_PROCESS	TLS_VISIUM_USZ::LC4	14	257	0.088	3.43e-05	flat	0.0099
GO:GOBP_NUCLEOBASE_CONTAINING_COMPOUND_CATABOLIC_PROCESS	TLS_VISIUM_USZ::LC4	14	257	0.1764	1.18e-10	flat	0.0115
GO:GOBP_NUCLEOBASE_CONTAINING_COMPOUND_TRANSPORT	TLS_VISIUM_USZ::LC4	14	257	0.0472	0.00657	flat	0.0077
GO:GOBP_NUCLEOBASE_CONTAINING_SMALL_MOLECULE_METABOLIC_PROCESS	TLS_VISIUM_USZ::LC4	14	257	0.2258	5.33e-14	flat	0.0153
GO:GOBP_NUCLEOSIDE_PHOSPHATE_BIOSYNTHETIC_PROCESS	TLS_VISIUM_USZ::LC4	14	257	0.1673	4.63e-10	flat	0.0173
GO:GOBP_NUCLEOSIDE_PHOSPHATE_CATABOLIC_PROCESS	TLS_VISIUM_USZ::LC4	14	257	0.1115	1.4e-06	flat	0.0132
GO:GOBP_NUCLEOSIDE_TRIPHOSPHATE_BIOSYNTHETIC_PROCESS	TLS_VISIUM_USZ::LC4	14	257	0.1714	2.5e-10	flat	0.0501
GO:GOBP_NUCLEOSIDE_TRIPHOSPHATE_METABOLIC_PROCESS	TLS_VISIUM_USZ::LC4	14	257	0.2524	6.77e-16	flat	0.0427
GO:GOBP_NUCLEOTIDE_BIOSYNTHETIC_PROCESS	TLS_VISIUM_USZ::LC4	14	257	0.1788	8.3e-11	flat	0.0236
GO:GOBP_NUCLEOTIDE_METABOLIC_PROCESS	TLS_VISIUM_USZ::LC4	14	257	0.2334	1.56e-14	flat	0.0206
GO:GOBP_OLEFINIC_COMPOUND_METABOLIC_PROCESS	TLS_VISIUM_USZ::LC4	14	257	0.0138	0.318	flat	0.0042
GO:GOBP_ORGANELLE_ASSEMBLY	TLS_VISIUM_USZ::LC4	14	257	0.0416	0.013	flat	0.0032
GO:GOBP_ORGANELLE_FISSION	TLS_VISIUM_USZ::LC4	14	257	0.0081	0.558	flat	0.0022
GO:GOBP_ORGANELLE_LOCALIZATION	TLS_VISIUM_USZ::LC4	14	257	0.0259	0.0837	flat	0.003
GO:GOBP_ORGANIC_ACID_METABOLIC_PROCESS	TLS_VISIUM_USZ::LC4	14	257	0.0402	0.0154	flat	0.0029
GO:GOBP_ORGANIC_ACID_TRANSPORT	TLS_VISIUM_USZ::LC4	14	257	0.1564	2.32e-09	flat	0.0097
GO:GOBP_ORGANIC_ANION_TRANSPORT	TLS_VISIUM_USZ::LC4	14	257	0.1674	4.6e-10	flat	0.0105
GO:GOBP_ORGANOPHOSPHATE_BIOSYNTHETIC_PROCESS	TLS_VISIUM_USZ::LC4	14	257	0.0812	8.38e-05	flat	0.0052
GO:GOBP_ORGANOPHOSPHATE_CATABOLIC_PROCESS	TLS_VISIUM_USZ::LC4	14	257	0.0123	0.372	flat	0.0033
GO:GOBP_ORGANOPHOSPHATE_METABOLIC_PROCESS	TLS_VISIUM_USZ::LC4	14	257	0.1201	4.22e-07	flat	0.0061
GO:GOBP_OSSIFICATION	TLS_VISIUM_USZ::LC4	14	257	0.1711	2.61e-10	flat	0.0096
GO:GOBP_OSTEOBLAST_PROLIFERATION	TLS_VISIUM_USZ::LC4	14	257	0.1026	4.76e-06	flat	0.0259
GO:GOBP_OXIDATIVE_PHOSPHORYLATION	TLS_VISIUM_USZ::LC4	14	257	0.2293	3.04e-14	flat	0.0672
GO:GOBP_PATTERN_SPECIFICATION_PROCESS	TLS_VISIUM_USZ::LC4	14	257	0.1839	3.78e-11	flat	0.0097
GO:GOBP_PEPTIDE_ANTIGEN_ASSEMBLY_WITH_MHC_PROTEIN_COMPLEX	TLS_VISIUM_USZ::LC4	14	257	0.0546	0.00259	flat	0.0267
GO:GOBP_PEPTIDE_TRANSPORT	TLS_VISIUM_USZ::LC4	14	257	0.0795	0.000105	flat	0.0064
GO:GOBP_PEPTIDYL_AMINO_ACID_MODIFICATION	TLS_VISIUM_USZ::LC4	14	257	0.0123	0.369	flat	0.0029
GO:GOBP_PHOSPHATIDYLINOSITOL_3_KINASE_PROTEIN_KINASE_B_SIGNAL_TRANSDUCTION	TLS_VISIUM_USZ::LC4	14	257	0.0203	0.157	flat	0.0041
GO:GOBP_PHOSPHOLIPID_BIOSYNTHETIC_PROCESS	TLS_VISIUM_USZ::LC4	14	257	0.0179	0.206	flat	0.0046
GO:GOBP_PHOSPHOLIPID_METABOLIC_PROCESS	TLS_VISIUM_USZ::LC4	14	257	0.0025	0.889	flat	0.0011
GO:GOBP_PHOSPHORUS_METABOLIC_PROCESS	TLS_VISIUM_USZ::LC4	14	257	0.1661	5.53e-10	flat	0.005
GO:GOBP_PHOSPHORYLATION	TLS_VISIUM_USZ::LC4	14	257	0.0147	0.288	flat	0.0024
GO:GOBP_PLACENTA_DEVELOPMENT	TLS_VISIUM_USZ::LC4	14	257	0.2264	4.88e-14	flat	0.0217
GO:GOBP_POSITIVE_REGULATION_OF_ADAPTIVE_IMMUNE_RESPONSE	TLS_VISIUM_USZ::LC4	14	257	0.0649	0.000701	flat	0.0117
GO:GOBP_POSITIVE_REGULATION_OF_CANONICAL_NF_KAPPAB_SIGNAL_TRANSDUCTION	TLS_VISIUM_USZ::LC4	14	257	0.1597	1.42e-09	flat	0.016
GO:GOBP_POSITIVE_REGULATION_OF_CATABOLIC_PROCESS	TLS_VISIUM_USZ::LC4	14	257	0.1515	4.76e-09	flat	0.0105
GO:GOBP_POSITIVE_REGULATION_OF_CATALYTIC_ACTIVITY	TLS_VISIUM_USZ::LC4	14	257	0.1196	4.53e-07	flat	0.0125
GO:GOBP_POSITIVE_REGULATION_OF_CELLULAR_COMPONENT_BIOGENESIS	TLS_VISIUM_USZ::LC4	14	257	0.093	1.75e-05	flat	0.0073
GO:GOBP_POSITIVE_REGULATION_OF_CELLULAR_COMPONENT_ORGANIZATION	TLS_VISIUM_USZ::LC4	14	257	0.074	0.000217	flat	0.0043
GO:GOBP_POSITIVE_REGULATION_OF_CELL_ACTIVATION	TLS_VISIUM_USZ::LC4	14	257	0.0549	0.00251	flat	0.0053
GO:GOBP_POSITIVE_REGULATION_OF_CELL_ADHESION	TLS_VISIUM_USZ::LC4	14	257	0.0767	0.000153	flat	0.0053
GO:GOBP_POSITIVE_REGULATION_OF_CELL_CELL_ADHESION	TLS_VISIUM_USZ::LC4	14	257	0.1201	4.23e-07	flat	0.0111
GO:GOBP_POSITIVE_REGULATION_OF_CELL_CYCLE	TLS_VISIUM_USZ::LC4	14	257	0.0037	0.814	flat	0.0016
GO:GOBP_POSITIVE_REGULATION_OF_CELL_CYCLE_PHASE_TRANSITION	TLS_VISIUM_USZ::LC4	14	257	0.0388	0.0183	flat	0.0062
GO:GOBP_POSITIVE_REGULATION_OF_CELL_CYCLE_PROCESS	TLS_VISIUM_USZ::LC4	14	257	0.1214	3.54e-07	flat	0.0088
GO:GOBP_POSITIVE_REGULATION_OF_CELL_DEVELOPMENT	TLS_VISIUM_USZ::LC4	14	257	0.0494	0.00499	flat	0.0051
GO:GOBP_POSITIVE_REGULATION_OF_CELL_DIFFERENTIATION	TLS_VISIUM_USZ::LC4	14	257	0.0527	0.0033	flat	0.0041
GO:GOBP_POSITIVE_REGULATION_OF_CELL_KILLING	TLS_VISIUM_USZ::LC4	14	257	0.0327	0.0381	flat	0.0118
GO:GOBP_POSITIVE_REGULATION_OF_CELL_POPULATION_PROLIFERATION	TLS_VISIUM_USZ::LC4	14	257	0.0521	0.00358	flat	0.0037
GO:GOBP_POSITIVE_REGULATION_OF_CHROMOSOME_ORGANIZATION	TLS_VISIUM_USZ::LC4	14	257	0.1661	5.56e-10	flat	0.0297
GO:GOBP_POSITIVE_REGULATION_OF_CYTOKINE_PRODUCTION	TLS_VISIUM_USZ::LC4	14	257	0.1097	1.8e-06	flat	0.0073
GO:GOBP_POSITIVE_REGULATION_OF_CYTOSKELETON_ORGANIZATION	TLS_VISIUM_USZ::LC4	14	257	0.0095	0.488	flat	0.0034
GO:GOBP_POSITIVE_REGULATION_OF_DEFENSE_RESPONSE	TLS_VISIUM_USZ::LC4	14	257	0.0117	0.394	flat	0.002
GO:GOBP_POSITIVE_REGULATION_OF_DEVELOPMENTAL_PROCESS	TLS_VISIUM_USZ::LC4	14	257	0.0356	0.0269	flat	0.0027
GO:GOBP_POSITIVE_REGULATION_OF_DNA_BIOSYNTHETIC_PROCESS	TLS_VISIUM_USZ::LC4	14	257	0.142	1.9e-08	flat	0.0422
GO:GOBP_POSITIVE_REGULATION_OF_DNA_METABOLIC_PROCESS	TLS_VISIUM_USZ::LC4	14	257	0.1727	2.08e-10	flat	0.0152
GO:GOBP_POSITIVE_REGULATION_OF_DNA_REPAIR	TLS_VISIUM_USZ::LC4	14	257	0.0564	0.00208	flat	0.0117
GO:GOBP_POSITIVE_REGULATION_OF_ESTABLISHMENT_OF_PROTEIN_LOCALIZATION	TLS_VISIUM_USZ::LC4	14	257	0.0878	3.48e-05	flat	0.0074
GO:GOBP_POSITIVE_REGULATION_OF_GENE_EXPRESSION	TLS_VISIUM_USZ::LC4	14	257	0.0457	0.00785	flat	0.0026
GO:GOBP_POSITIVE_REGULATION_OF_IMMUNE_EFFECTOR_PROCESS	TLS_VISIUM_USZ::LC4	14	257	0.0409	0.0141	flat	0.0063
GO:GOBP_POSITIVE_REGULATION_OF_IMMUNE_RESPONSE	TLS_VISIUM_USZ::LC4	14	257	0.0137	0.323	flat	0.0028
GO:GOBP_POSITIVE_REGULATION_OF_IMMUNE_SYSTEM_PROCESS	TLS_VISIUM_USZ::LC4	14	257	0.0344	0.0309	flat	0.0034
GO:GOBP_POSITIVE_REGULATION_OF_INTERFERON_BETA_PRODUCTION	TLS_VISIUM_USZ::LC4	14	257	0.1278	1.43e-07	flat	0.0619
GO:GOBP_POSITIVE_REGULATION_OF_INTRACELLULAR_SIGNAL_TRANSDUCTION	TLS_VISIUM_USZ::LC4	14	257	0.0161	0.251	flat	0.0021
GO:GOBP_POSITIVE_REGULATION_OF_LEUKOCYTE_CELL_CELL_ADHESION	TLS_VISIUM_USZ::LC4	14	257	0.0163	0.243	flat	0.0048
GO:GOBP_POSITIVE_REGULATION_OF_LEUKOCYTE_MEDIATED_IMMUNITY	TLS_VISIUM_USZ::LC4	14	257	0.1406	2.3e-08	flat	0.02
GO:GOBP_POSITIVE_REGULATION_OF_LEUKOCYTE_MIGRATION	TLS_VISIUM_USZ::LC4	14	257	0.0215	0.138	flat	0.0046
GO:GOBP_POSITIVE_REGULATION_OF_LEUKOCYTE_PROLIFERATION	TLS_VISIUM_USZ::LC4	14	257	0.0908	2.34e-05	flat	0.0113
GO:GOBP_POSITIVE_REGULATION_OF_LOCOMOTION	TLS_VISIUM_USZ::LC4	14	257	0.087	3.9e-05	flat	0.006
GO:GOBP_POSITIVE_REGULATION_OF_LYMPHOCYTE_DIFFERENTIATION	TLS_VISIUM_USZ::LC4	14	257	0.0443	0.00941	flat	0.0101
GO:GOBP_POSITIVE_REGULATION_OF_MAPK_CASCADE	TLS_VISIUM_USZ::LC4	14	257	0.0135	0.327	flat	0.0021
GO:GOBP_POSITIVE_REGULATION_OF_MITOTIC_CELL_CYCLE	TLS_VISIUM_USZ::LC4	14	257	0.0324	0.0391	flat	0.0074
GO:GOBP_POSITIVE_REGULATION_OF_MITOTIC_CELL_CYCLE_PHASE_TRANSITION	TLS_VISIUM_USZ::LC4	14	257	0.006	0.677	flat	0.0032
GO:GOBP_POSITIVE_REGULATION_OF_MOLECULAR_FUNCTION	TLS_VISIUM_USZ::LC4	14	257	0.0763	0.000159	flat	0.0064
GO:GOBP_POSITIVE_REGULATION_OF_MRNA_METABOLIC_PROCESS	TLS_VISIUM_USZ::LC4	14	257	0.0423	0.0119	flat	0.0091
GO:GOBP_POSITIVE_REGULATION_OF_MULTICELLULAR_ORGANISMAL_PROCESS	TLS_VISIUM_USZ::LC4	14	257	0.0775	0.000136	flat	0.0028
GO:GOBP_POSITIVE_REGULATION_OF_MYELOID_CELL_DIFFERENTIATION	TLS_VISIUM_USZ::LC4	14	257	0.1601	1.35e-09	flat	0.0207
GO:GOBP_POSITIVE_REGULATION_OF_NEUROGENESIS	TLS_VISIUM_USZ::LC4	14	257	0.0379	0.0203	flat	0.0056
GO:GOBP_POSITIVE_REGULATION_OF_ORGANELLE_ORGANIZATION	TLS_VISIUM_USZ::LC4	14	257	0.0877	3.55e-05	flat	0.0072
GO:GOBP_POSITIVE_REGULATION_OF_PHOSPHATIDYLINOSITOL_3_KINASE_PROTEIN_KINASE_B_SIGNAL_TRANSDUCTION	TLS_VISIUM_USZ::LC4	14	257	0.0584	0.00161	flat	0.0089
GO:GOBP_POSITIVE_REGULATION_OF_PHOSPHORUS_METABOLIC_PROCESS	TLS_VISIUM_USZ::LC4	14	257	0.1584	1.74e-09	flat	0.0106
GO:GOBP_POSITIVE_REGULATION_OF_PHOSPHORYLATION	TLS_VISIUM_USZ::LC4	14	257	0.1023	4.95e-06	flat	0.0092
GO:GOBP_POSITIVE_REGULATION_OF_POST_TRANSLATIONAL_PROTEIN_MODIFICATION	TLS_VISIUM_USZ::LC4	14	257	0.0751	0.000187	flat	0.0146
GO:GOBP_POSITIVE_REGULATION_OF_PRODUCTION_OF_MOLECULAR_MEDIATOR_OF_IMMUNE_RESPONSE	TLS_VISIUM_USZ::LC4	14	257	0.0536	0.00297	flat	0.0102
GO:GOBP_POSITIVE_REGULATION_OF_PROGRAMMED_CELL_DEATH	TLS_VISIUM_USZ::LC4	14	257	0.1777	9.68e-11	flat	0.011
GO:GOBP_POSITIVE_REGULATION_OF_PROTEIN_CONTAINING_COMPLEX_ASSEMBLY	TLS_VISIUM_USZ::LC4	14	257	0.1089	2.01e-06	flat	0.0151
GO:GOBP_POSITIVE_REGULATION_OF_PROTEIN_LOCALIZATION	TLS_VISIUM_USZ::LC4	14	257	0.1354	4.9e-08	flat	0.0087
GO:GOBP_POSITIVE_REGULATION_OF_PROTEIN_METABOLIC_PROCESS	TLS_VISIUM_USZ::LC4	14	257	0.2366	9.21e-15	flat	0.0125
GO:GOBP_POSITIVE_REGULATION_OF_PROTEIN_MODIFICATION_PROCESS	TLS_VISIUM_USZ::LC4	14	257	0.0482	0.00576	flat	0.0044
GO:GOBP_POSITIVE_REGULATION_OF_PROTEIN_TRANSPORT	TLS_VISIUM_USZ::LC4	14	257	0.0627	0.000929	flat	0.0062
GO:GOBP_POSITIVE_REGULATION_OF_RESPIRATORY_BURST	TLS_VISIUM_USZ::LC4	14	257	0.0643	0.000764	flat	0.0238
GO:GOBP_POSITIVE_REGULATION_OF_RESPONSE_TO_BIOTIC_STIMULUS	TLS_VISIUM_USZ::LC4	14	257	0.0606	0.00122	flat	0.0062
GO:GOBP_POSITIVE_REGULATION_OF_RESPONSE_TO_CYTOKINE_STIMULUS	TLS_VISIUM_USZ::LC4	14	257	0.1335	6.44e-08	flat	0.0343
GO:GOBP_POSITIVE_REGULATION_OF_RESPONSE_TO_EXTERNAL_STIMULUS	TLS_VISIUM_USZ::LC4	14	257	0.0854	4.85e-05	flat	0.0061
GO:GOBP_POSITIVE_REGULATION_OF_RNA_METABOLIC_PROCESS	TLS_VISIUM_USZ::LC4	14	257	0.0503	0.00445	flat	0.0028
GO:GOBP_POSITIVE_REGULATION_OF_SIGNALING	TLS_VISIUM_USZ::LC4	14	257	0.0275	0.0695	flat	0.0022
GO:GOBP_POSITIVE_REGULATION_OF_TELOMERE_MAINTENANCE	TLS_VISIUM_USZ::LC4	14	257	0.1251	2.1e-07	flat	0.0324
GO:GOBP_POSITIVE_REGULATION_OF_TELOMERE_MAINTENANCE_VIA_TELOMERE_LENGTHENING	TLS_VISIUM_USZ::LC4	14	257	0.0418	0.0127	flat	0.0191
GO:GOBP_POSITIVE_REGULATION_OF_TRANSCRIPTION_BY_RNA_POLYMERASE_II	TLS_VISIUM_USZ::LC4	14	257	0.0087	0.529	flat	0.0015
GO:GOBP_POSITIVE_REGULATION_OF_TRANSFERASE_ACTIVITY	TLS_VISIUM_USZ::LC4	14	257	0.035	0.029	flat	0.0083
GO:GOBP_POSITIVE_REGULATION_OF_TRANSLATION	TLS_VISIUM_USZ::LC4	14	257	0.0757	0.000174	flat	0.0133
GO:GOBP_POSITIVE_REGULATION_OF_TRANSPORT	TLS_VISIUM_USZ::LC4	14	257	0.0096	0.487	flat	0.0013
GO:GOBP_POSITIVE_REGULATION_OF_TUMOR_NECROSIS_FACTOR_SUPERFAMILY_CYTOKINE_PRODUCTION	TLS_VISIUM_USZ::LC4	14	257	0.0635	0.000841	flat	0.0098
GO:GOBP_POSITIVE_REGULATION_OF_TYPE_I_INTERFERON_PRODUCTION	TLS_VISIUM_USZ::LC4	14	257	0.0342	0.0316	flat	0.0181
GO:GOBP_POSITIVE_REGULATION_OF_T_CELL_MEDIATED_IMMUNITY	TLS_VISIUM_USZ::LC4	14	257	0.0051	0.733	flat	0.0029
GO:GOBP_POSITIVE_REGULATION_OF_VASCULATURE_DEVELOPMENT	TLS_VISIUM_USZ::LC4	14	257	0.0463	0.00731	flat	0.0069
GO:GOBP_POSITIVE_REGULATION_OF_WNT_SIGNALING_PATHWAY	TLS_VISIUM_USZ::LC4	14	257	0.0392	0.0173	flat	0.0067
GO:GOBP_POST_TRANSCRIPTIONAL_REGULATION_OF_GENE_EXPRESSION	TLS_VISIUM_USZ::LC4	14	257	0.2888	1.3e-18	flat	0.0179
GO:GOBP_POST_TRANSLATIONAL_PROTEIN_MODIFICATION	TLS_VISIUM_USZ::LC4	14	257	0.0845	5.43e-05	flat	0.0057
GO:GOBP_PROCESS_UTILIZING_AUTOPHAGIC_MECHANISM	TLS_VISIUM_USZ::LC4	14	257	0.0852	4.93e-05	flat	0.0068
GO:GOBP_PRODUCTION_OF_MOLECULAR_MEDIATOR_OF_IMMUNE_RESPONSE	TLS_VISIUM_USZ::LC4	14	257	0.1195	4.63e-07	flat	0.0114
GO:GOBP_PROTEASOMAL_PROTEIN_CATABOLIC_PROCESS	TLS_VISIUM_USZ::LC4	14	257	0.2623	1.28e-16	flat	0.0162
GO:GOBP_PROTEASOME_MEDIATED_UBIQUITIN_DEPENDENT_PROTEIN_CATABOLIC_PROCESS	TLS_VISIUM_USZ::LC4	14	257	0.0556	0.0023	flat	0.0061
GO:GOBP_PROTEINOGENIC_AMINO_ACID_METABOLIC_PROCESS	TLS_VISIUM_USZ::LC4	14	257	0.0384	0.0192	flat	0.005
GO:GOBP_PROTEIN_CATABOLIC_PROCESS	TLS_VISIUM_USZ::LC4	14	257	0.2756	1.32e-17	flat	0.013
GO:GOBP_PROTEIN_COMPLEX_OLIGOMERIZATION	TLS_VISIUM_USZ::LC4	14	257	0.038	0.0202	flat	0.006
GO:GOBP_PROTEIN_CONTAINING_COMPLEX_DISASSEMBLY	TLS_VISIUM_USZ::LC4	14	257	0.0994	7.39e-06	flat	0.0116
GO:GOBP_PROTEIN_CONTAINING_COMPLEX_LOCALIZATION	TLS_VISIUM_USZ::LC4	14	257	0.0286	0.061	flat	0.0046
GO:GOBP_PROTEIN_CONTAINING_COMPLEX_ORGANIZATION	TLS_VISIUM_USZ::LC4	14	257	0.2022	2.24e-12	flat	0.0067
GO:GOBP_PROTEIN_DNA_COMPLEX_ORGANIZATION	TLS_VISIUM_USZ::LC4	14	257	0.0377	0.021	flat	0.0058
GO:GOBP_PROTEIN_FOLDING	TLS_VISIUM_USZ::LC4	14	257	0.3071	5.01e-20	flat	0.0441
GO:GOBP_PROTEIN_LOCALIZATION_TO_CELL_PERIPHERY	TLS_VISIUM_USZ::LC4	14	257	0.1202	4.2e-07	flat	0.0097
GO:GOBP_PROTEIN_LOCALIZATION_TO_CHROMOSOME	TLS_VISIUM_USZ::LC4	14	257	0.0511	0.00405	flat	0.0119
GO:GOBP_PROTEIN_LOCALIZATION_TO_EXTRACELLULAR_REGION	TLS_VISIUM_USZ::LC4	14	257	0.0117	0.396	flat	0.0023
GO:GOBP_PROTEIN_LOCALIZATION_TO_MITOCHONDRION	TLS_VISIUM_USZ::LC4	14	257	0.2791	7.15e-18	flat	0.0442
GO:GOBP_PROTEIN_LOCALIZATION_TO_NUCLEUS	TLS_VISIUM_USZ::LC4	14	257	0.2195	1.46e-13	flat	0.023
GO:GOBP_PROTEIN_LOCALIZATION_TO_ORGANELLE	TLS_VISIUM_USZ::LC4	14	257	0.2708	3e-17	flat	0.0137
GO:GOBP_PROTEIN_LOCALIZATION_TO_PLASMA_MEMBRANE	TLS_VISIUM_USZ::LC4	14	257	0.1967	5.31e-12	flat	0.0202
GO:GOBP_PROTEIN_MATURATION	TLS_VISIUM_USZ::LC4	14	257	0.2516	7.72e-16	flat	0.0182
GO:GOBP_PROTEIN_MODIFICATION_BY_SMALL_PROTEIN_CONJUGATION	TLS_VISIUM_USZ::LC4	14	257	0.0379	0.0205	flat	0.0039
GO:GOBP_PROTEIN_POLYMERIZATION	TLS_VISIUM_USZ::LC4	14	257	0.0569	0.00196	flat	0.0082
GO:GOBP_PROTEIN_POLYUBIQUITINATION	TLS_VISIUM_USZ::LC4	14	257	0.0276	0.0687	flat	0.0067
GO:GOBP_PROTEIN_PROCESSING	TLS_VISIUM_USZ::LC4	14	257	0.1402	2.44e-08	flat	0.0137
GO:GOBP_PROTEIN_RNA_COMPLEX_ORGANIZATION	TLS_VISIUM_USZ::LC4	14	257	0.253	6.13e-16	flat	0.0462
GO:GOBP_PROTEIN_STABILIZATION	TLS_VISIUM_USZ::LC4	14	257	0.2248	6.24e-14	flat	0.0237
GO:GOBP_PROTEIN_TARGETING	TLS_VISIUM_USZ::LC4	14	257	0.2154	2.84e-13	flat	0.0192
GO:GOBP_PROTEIN_TARGETING_TO_MITOCHONDRION	TLS_VISIUM_USZ::LC4	14	257	0.2344	1.33e-14	flat	0.0448
GO:GOBP_PROTEIN_TRANSPORT	TLS_VISIUM_USZ::LC4	14	257	0.1949	7.03e-12	flat	0.0073
GO:GOBP_PROTEOLYSIS	TLS_VISIUM_USZ::LC4	14	257	0.3079	4.29e-20	flat	0.0083
GO:GOBP_PROTEOLYSIS_INVOLVED_IN_PROTEIN_CATABOLIC_PROCESS	TLS_VISIUM_USZ::LC4	14	257	0.2005	2.97e-12	flat	0.0134
GO:GOBP_PROTON_MOTIVE_FORCE_DRIVEN_ATP_SYNTHESIS	TLS_VISIUM_USZ::LC4	14	257	0.1681	4.12e-10	flat	0.0815
GO:GOBP_PROTON_TRANSMEMBRANE_TRANSPORT	TLS_VISIUM_USZ::LC4	14	257	0.1892	1.69e-11	flat	0.0275
GO:GOBP_PURINE_CONTAINING_COMPOUND_BIOSYNTHETIC_PROCESS	TLS_VISIUM_USZ::LC4	14	257	0.1413	2.09e-08	flat	0.0167
GO:GOBP_PURINE_CONTAINING_COMPOUND_METABOLIC_PROCESS	TLS_VISIUM_USZ::LC4	14	257	0.1229	2.85e-07	flat	0.0069
GO:GOBP_PURINE_NUCLEOTIDE_BIOSYNTHETIC_PROCESS	TLS_VISIUM_USZ::LC4	14	257	0.2159	2.62e-13	flat	0.0332
GO:GOBP_PYRIDINE_CONTAINING_COMPOUND_METABOLIC_PROCESS	TLS_VISIUM_USZ::LC4	14	257	0.141	2.19e-08	flat	0.0144
GO:GOBP_REACTIVE_OXYGEN_SPECIES_METABOLIC_PROCESS	TLS_VISIUM_USZ::LC4	14	257	0.1299	1.06e-07	flat	0.0106
GO:GOBP_RECEPTOR_MEDIATED_ENDOCYTOSIS	TLS_VISIUM_USZ::LC4	14	257	0.0733	0.000238	flat	0.0101
GO:GOBP_RECOMBINATIONAL_REPAIR	TLS_VISIUM_USZ::LC4	14	257	0.0923	1.93e-05	flat	0.012
GO:GOBP_REGENERATION	TLS_VISIUM_USZ::LC4	14	257	0.2247	6.39e-14	flat	0.0216
GO:GOBP_REGULATION_OF_ACTIN_FILAMENT_BASED_PROCESS	TLS_VISIUM_USZ::LC4	14	257	0.0858	4.59e-05	flat	0.0073
GO:GOBP_REGULATION_OF_ACTIN_FILAMENT_ORGANIZATION	TLS_VISIUM_USZ::LC4	14	257	0.0518	0.00371	flat	0.0091
GO:GOBP_REGULATION_OF_ACTIN_FILAMENT_POLYMERIZATION	TLS_VISIUM_USZ::LC4	14	257	0.0309	0.047	flat	0.0088
GO:GOBP_REGULATION_OF_ADAPTIVE_IMMUNE_RESPONSE	TLS_VISIUM_USZ::LC4	14	257	0.1158	7.71e-07	flat	0.0109
GO:GOBP_REGULATION_OF_ALPHA_BETA_T_CELL_ACTIVATION	TLS_VISIUM_USZ::LC4	14	257	0.025	0.0925	flat	0.0055
GO:GOBP_REGULATION_OF_ANATOMICAL_STRUCTURE_MORPHOGENESIS	TLS_VISIUM_USZ::LC4	14	257	0.0093	0.501	flat	0.0013
GO:GOBP_REGULATION_OF_ANATOMICAL_STRUCTURE_SIZE	TLS_VISIUM_USZ::LC4	14	257	0.0246	0.0969	flat	0.0028
GO:GOBP_REGULATION_OF_APOPTOTIC_SIGNALING_PATHWAY	TLS_VISIUM_USZ::LC4	14	257	0.1473	8.83e-09	flat	0.0113
GO:GOBP_REGULATION_OF_AUTOPHAGY	TLS_VISIUM_USZ::LC4	14	257	0.2093	7.37e-13	flat	0.0153
GO:GOBP_REGULATION_OF_BLOOD_CIRCULATION	TLS_VISIUM_USZ::LC4	14	257	0.1525	4.12e-09	flat	0.0105
GO:GOBP_REGULATION_OF_BMP_SIGNALING_PATHWAY	TLS_VISIUM_USZ::LC4	14	257	0.0135	0.327	flat	0.0043
GO:GOBP_REGULATION_OF_BODY_FLUID_LEVELS	TLS_VISIUM_USZ::LC4	14	257	0.0093	0.499	flat	0.0022
GO:GOBP_REGULATION_OF_CANONICAL_WNT_SIGNALING_PATHWAY	TLS_VISIUM_USZ::LC4	14	257	0.1386	3.06e-08	flat	0.0105
GO:GOBP_REGULATION_OF_CARTILAGE_DEVELOPMENT	TLS_VISIUM_USZ::LC4	14	257	0.009	0.513	flat	0.0057
GO:GOBP_REGULATION_OF_CATABOLIC_PROCESS	TLS_VISIUM_USZ::LC4	14	257	0.2419	3.85e-15	flat	0.0117
GO:GOBP_REGULATION_OF_CATALYTIC_ACTIVITY	TLS_VISIUM_USZ::LC4	14	257	0.1096	1.83e-06	flat	0.0085
GO:GOBP_REGULATION_OF_CD4_POSITIVE_ALPHA_BETA_T_CELL_ACTIVATION	TLS_VISIUM_USZ::LC4	14	257	0.0408	0.0144	flat	0.0074
GO:GOBP_REGULATION_OF_CD4_POSITIVE_ALPHA_BETA_T_CELL_DIFFERENTIATION	TLS_VISIUM_USZ::LC4	14	257	0.0831	6.52e-05	flat	0.0142
GO:GOBP_REGULATION_OF_CELLULAR_COMPONENT_BIOGENESIS	TLS_VISIUM_USZ::LC4	14	257	0.1355	4.83e-08	flat	0.0064
GO:GOBP_REGULATION_OF_CELLULAR_COMPONENT_SIZE	TLS_VISIUM_USZ::LC4	14	257	0.058	0.0017	flat	0.006
GO:GOBP_REGULATION_OF_CELLULAR_LOCALIZATION	TLS_VISIUM_USZ::LC4	14	257	0.3005	1.62e-19	flat	0.0142
GO:GOBP_REGULATION_OF_CELLULAR_RESPONSE_TO_GROWTH_FACTOR_STIMULUS	TLS_VISIUM_USZ::LC4	14	257	0.0932	1.7e-05	flat	0.0081
GO:GOBP_REGULATION_OF_CELLULAR_RESPONSE_TO_STRESS	TLS_VISIUM_USZ::LC4	14	257	0.2186	1.71e-13	flat	0.0185
GO:GOBP_REGULATION_OF_CELLULAR_RESPONSE_TO_TRANSFORMING_GROWTH_FACTOR_BETA_STIMULUS	TLS_VISIUM_USZ::LC4	14	257	0.0362	0.0251	flat	0.0056
GO:GOBP_REGULATION_OF_CELL_ACTIVATION	TLS_VISIUM_USZ::LC4	14	257	0.0529	0.00322	flat	0.005
GO:GOBP_REGULATION_OF_CELL_ADHESION	TLS_VISIUM_USZ::LC4	14	257	0.126	1.84e-07	flat	0.0065
GO:GOBP_REGULATION_OF_CELL_CELL_ADHESION	TLS_VISIUM_USZ::LC4	14	257	0.0897	2.73e-05	flat	0.0074
GO:GOBP_REGULATION_OF_CELL_CYCLE	TLS_VISIUM_USZ::LC4	14	257	0.1115	1.41e-06	flat	0.0071
GO:GOBP_REGULATION_OF_CELL_CYCLE_G2_M_PHASE_TRANSITION	TLS_VISIUM_USZ::LC4	14	257	0.0078	0.577	flat	0.0039
GO:GOBP_REGULATION_OF_CELL_CYCLE_PHASE_TRANSITION	TLS_VISIUM_USZ::LC4	14	257	0.0384	0.0192	flat	0.0057
GO:GOBP_REGULATION_OF_CELL_CYCLE_PROCESS	TLS_VISIUM_USZ::LC4	14	257	0.0464	0.0072	flat	0.005
GO:GOBP_REGULATION_OF_CELL_DEVELOPMENT	TLS_VISIUM_USZ::LC4	14	257	0.0252	0.0908	flat	0.0027
GO:GOBP_REGULATION_OF_CELL_DIFFERENTIATION	TLS_VISIUM_USZ::LC4	14	257	0.0274	0.0705	flat	0.0022
GO:GOBP_REGULATION_OF_CELL_JUNCTION_ASSEMBLY	TLS_VISIUM_USZ::LC4	14	257	0.0143	0.301	flat	0.0034
GO:GOBP_REGULATION_OF_CELL_KILLING	TLS_VISIUM_USZ::LC4	14	257	0.0723	0.000271	flat	0.012
GO:GOBP_REGULATION_OF_CELL_MATRIX_ADHESION	TLS_VISIUM_USZ::LC4	14	257	0.0505	0.00437	flat	0.009
GO:GOBP_REGULATION_OF_CELL_MORPHOGENESIS	TLS_VISIUM_USZ::LC4	14	257	0.0201	0.161	flat	0.005
GO:GOBP_REGULATION_OF_CELL_POPULATION_PROLIFERATION	TLS_VISIUM_USZ::LC4	14	257	0.1624	9.58e-10	flat	0.0049
GO:GOBP_REGULATION_OF_CELL_PROJECTION_ORGANIZATION	TLS_VISIUM_USZ::LC4	14	257	0.0037	0.815	flat	0.001
GO:GOBP_REGULATION_OF_CELL_SHAPE	TLS_VISIUM_USZ::LC4	14	257	0.105	3.45e-06	flat	0.0136
GO:GOBP_REGULATION_OF_CELL_SUBSTRATE_ADHESION	TLS_VISIUM_USZ::LC4	14	257	0.0331	0.0362	flat	0.004
GO:GOBP_REGULATION_OF_CELL_SUBSTRATE_JUNCTION_ORGANIZATION	TLS_VISIUM_USZ::LC4	14	257	0.0091	0.51	flat	0.0057
GO:GOBP_REGULATION_OF_CHEMOTAXIS	TLS_VISIUM_USZ::LC4	14	257	0.0096	0.487	flat	0.0025
GO:GOBP_REGULATION_OF_CHROMOSOME_ORGANIZATION	TLS_VISIUM_USZ::LC4	14	257	0.1728	2.04e-10	flat	0.0182
GO:GOBP_REGULATION_OF_CHROMOSOME_SEGREGATION	TLS_VISIUM_USZ::LC4	14	257	0.0558	0.00224	flat	0.0117
GO:GOBP_REGULATION_OF_COAGULATION	TLS_VISIUM_USZ::LC4	14	257	0.0425	0.0117	flat	0.0073
GO:GOBP_REGULATION_OF_CYTOSKELETON_ORGANIZATION	TLS_VISIUM_USZ::LC4	14	257	0.0507	0.00423	flat	0.0043
GO:GOBP_REGULATION_OF_DEFENSE_RESPONSE	TLS_VISIUM_USZ::LC4	14	257	0.0134	0.333	flat	0.0021
GO:GOBP_REGULATION_OF_DEFENSE_RESPONSE_TO_VIRUS	TLS_VISIUM_USZ::LC4	14	257	0.1293	1.16e-07	flat	0.0267
GO:GOBP_REGULATION_OF_DNA_METABOLIC_PROCESS	TLS_VISIUM_USZ::LC4	14	257	0.1123	1.26e-06	flat	0.0086
GO:GOBP_REGULATION_OF_DNA_REPAIR	TLS_VISIUM_USZ::LC4	14	257	0.1353	4.96e-08	flat	0.0147
GO:GOBP_REGULATION_OF_DNA_REPLICATION	TLS_VISIUM_USZ::LC4	14	257	0.0453	0.00829	flat	0.0127
GO:GOBP_REGULATION_OF_DOUBLE_STRAND_BREAK_REPAIR	TLS_VISIUM_USZ::LC4	14	257	0.0573	0.00185	flat	0.012
GO:GOBP_REGULATION_OF_ENDOCYTOSIS	TLS_VISIUM_USZ::LC4	14	257	0.1828	4.46e-11	flat	0.0135
GO:GOBP_REGULATION_OF_EPITHELIAL_CELL_DIFFERENTIATION	TLS_VISIUM_USZ::LC4	14	257	0.0196	0.17	flat	0.0042
GO:GOBP_REGULATION_OF_EPITHELIAL_CELL_PROLIFERATION	TLS_VISIUM_USZ::LC4	14	257	0.1526	4.08e-09	flat	0.0089
GO:GOBP_REGULATION_OF_EPITHELIAL_TO_MESENCHYMAL_TRANSITION	TLS_VISIUM_USZ::LC4	14	257	0.0178	0.207	flat	0.0048
GO:GOBP_REGULATION_OF_ESTABLISHMENT_OF_PROTEIN_LOCALIZATION	TLS_VISIUM_USZ::LC4	14	257	0.1103	1.64e-06	flat	0.0072
GO:GOBP_REGULATION_OF_GENERATION_OF_PRECURSOR_METABOLITES_AND_ENERGY	TLS_VISIUM_USZ::LC4	14	257	0.0221	0.13	flat	0.0063
GO:GOBP_REGULATION_OF_GROWTH	TLS_VISIUM_USZ::LC4	14	257	0.0254	0.0891	flat	0.0026
GO:GOBP_REGULATION_OF_HEART_CONTRACTION	TLS_VISIUM_USZ::LC4	14	257	0.0864	4.23e-05	flat	0.0075
GO:GOBP_REGULATION_OF_HEMOPOIESIS	TLS_VISIUM_USZ::LC4	14	257	0.104	3.9e-06	flat	0.0094
GO:GOBP_REGULATION_OF_HORMONE_LEVELS	TLS_VISIUM_USZ::LC4	14	257	0.0347	0.03	flat	0.0032
GO:GOBP_REGULATION_OF_HYDROLASE_ACTIVITY	TLS_VISIUM_USZ::LC4	14	257	0.1038	4.04e-06	flat	0.0147
GO:GOBP_REGULATION_OF_IMMUNE_EFFECTOR_PROCESS	TLS_VISIUM_USZ::LC4	14	257	0.0308	0.0477	flat	0.0055
GO:GOBP_REGULATION_OF_IMMUNE_RESPONSE	TLS_VISIUM_USZ::LC4	14	257	0.0394	0.0171	flat	0.0038
GO:GOBP_REGULATION_OF_IMMUNE_SYSTEM_PROCESS	TLS_VISIUM_USZ::LC4	14	257	0.1225	3.04e-07	flat	0.0063
GO:GOBP_REGULATION_OF_INFLAMMATORY_RESPONSE	TLS_VISIUM_USZ::LC4	14	257	0.0806	9.14e-05	flat	0.0061
GO:GOBP_REGULATION_OF_INNATE_IMMUNE_RESPONSE	TLS_VISIUM_USZ::LC4	14	257	0.0988	7.93e-06	flat	0.0089
GO:GOBP_REGULATION_OF_LEUKOCYTE_CHEMOTAXIS	TLS_VISIUM_USZ::LC4	14	257	0.0401	0.0157	flat	0.0053
GO:GOBP_REGULATION_OF_LEUKOCYTE_DIFFERENTIATION	TLS_VISIUM_USZ::LC4	14	257	0.1252	2.06e-07	flat	0.0097
GO:GOBP_REGULATION_OF_LEUKOCYTE_MEDIATED_IMMUNITY	TLS_VISIUM_USZ::LC4	14	257	0.0573	0.00186	flat	0.0075
GO:GOBP_REGULATION_OF_LEUKOCYTE_MIGRATION	TLS_VISIUM_USZ::LC4	14	257	0.0223	0.127	flat	0.0043
GO:GOBP_REGULATION_OF_LEUKOCYTE_PROLIFERATION	TLS_VISIUM_USZ::LC4	14	257	0.014	0.312	flat	0.0025
GO:GOBP_REGULATION_OF_LIPID_METABOLIC_PROCESS	TLS_VISIUM_USZ::LC4	14	257	0.0266	0.0772	flat	0.0042
GO:GOBP_REGULATION_OF_LOCOMOTION	TLS_VISIUM_USZ::LC4	14	257	0.1247	2.23e-07	flat	0.0062
GO:GOBP_REGULATION_OF_LYMPHOCYTE_ACTIVATION	TLS_VISIUM_USZ::LC4	14	257	0.0551	0.00245	flat	0.0057
GO:GOBP_REGULATION_OF_LYMPHOCYTE_DIFFERENTIATION	TLS_VISIUM_USZ::LC4	14	257	0.1327	7.15e-08	flat	0.0146
GO:GOBP_REGULATION_OF_LYMPHOCYTE_MEDIATED_IMMUNITY	TLS_VISIUM_USZ::LC4	14	257	0.1527	4.03e-09	flat	0.0151
GO:GOBP_REGULATION_OF_MICROTUBULE_BASED_PROCESS	TLS_VISIUM_USZ::LC4	14	257	0.1104	1.63e-06	flat	0.0078
GO:GOBP_REGULATION_OF_MITOTIC_CELL_CYCLE	TLS_VISIUM_USZ::LC4	14	257	0.0673	0.000519	flat	0.0063
GO:GOBP_REGULATION_OF_MITOTIC_CELL_CYCLE_PHASE_TRANSITION	TLS_VISIUM_USZ::LC4	14	257	0.0678	0.000485	flat	0.0087
GO:GOBP_REGULATION_OF_MOLECULAR_FUNCTION	TLS_VISIUM_USZ::LC4	14	257	0.1164	7.09e-07	flat	0.0049
GO:GOBP_REGULATION_OF_MONOATOMIC_ION_TRANSPORT	TLS_VISIUM_USZ::LC4	14	257	0.1323	7.61e-08	flat	0.0079
GO:GOBP_REGULATION_OF_MONONUCLEAR_CELL_MIGRATION	TLS_VISIUM_USZ::LC4	14	257	0.062	0.00102	flat	0.0086
GO:GOBP_REGULATION_OF_MRNA_METABOLIC_PROCESS	TLS_VISIUM_USZ::LC4	14	257	0.1329	6.95e-08	flat	0.0113
GO:GOBP_REGULATION_OF_MULTICELLULAR_ORGANISMAL_DEVELOPMENT	TLS_VISIUM_USZ::LC4	14	257	0.0402	0.0154	flat	0.0026
GO:GOBP_REGULATION_OF_MYELOID_CELL_DIFFERENTIATION	TLS_VISIUM_USZ::LC4	14	257	0.0302	0.0509	flat	0.0065
GO:GOBP_REGULATION_OF_MYELOID_LEUKOCYTE_DIFFERENTIATION	TLS_VISIUM_USZ::LC4	14	257	0.0546	0.00261	flat	0.0101
GO:GOBP_REGULATION_OF_NERVOUS_SYSTEM_DEVELOPMENT	TLS_VISIUM_USZ::LC4	14	257	0.0288	0.0603	flat	0.0044
GO:GOBP_REGULATION_OF_NEUROGENESIS	TLS_VISIUM_USZ::LC4	14	257	0.0669	0.000543	flat	0.0072
GO:GOBP_REGULATION_OF_NEURON_PROJECTION_DEVELOPMENT	TLS_VISIUM_USZ::LC4	14	257	0.0148	0.287	flat	0.0017
GO:GOBP_REGULATION_OF_NUCLEAR_DIVISION	TLS_VISIUM_USZ::LC4	14	257	0.0364	0.0246	flat	0.0072
GO:GOBP_REGULATION_OF_ORGANELLE_ORGANIZATION	TLS_VISIUM_USZ::LC4	14	257	0.1471	8.99e-09	flat	0.0078
GO:GOBP_REGULATION_OF_PHOSPHORUS_METABOLIC_PROCESS	TLS_VISIUM_USZ::LC4	14	257	0.0195	0.172	flat	0.0028
GO:GOBP_REGULATION_OF_PHOSPHORYLATION	TLS_VISIUM_USZ::LC4	14	257	0.0778	0.000132	flat	0.0063
GO:GOBP_REGULATION_OF_POST_TRANSLATIONAL_PROTEIN_MODIFICATION	TLS_VISIUM_USZ::LC4	14	257	0.0837	6.07e-05	flat	0.0135
GO:GOBP_REGULATION_OF_PROGRAMMED_CELL_DEATH	TLS_VISIUM_USZ::LC4	14	257	0.2555	3.99e-16	flat	0.0085
GO:GOBP_REGULATION_OF_PROTEIN_CATABOLIC_PROCESS	TLS_VISIUM_USZ::LC4	14	257	0.2649	8.18e-17	flat	0.0276
GO:GOBP_REGULATION_OF_PROTEIN_CONTAINING_COMPLEX_ASSEMBLY	TLS_VISIUM_USZ::LC4	14	257	0.063	0.000893	flat	0.0055
GO:GOBP_REGULATION_OF_PROTEIN_LOCALIZATION_TO_CELL_PERIPHERY	TLS_VISIUM_USZ::LC4	14	257	0.0917	2.07e-05	flat	0.0173
GO:GOBP_REGULATION_OF_PROTEIN_LOCALIZATION_TO_MEMBRANE	TLS_VISIUM_USZ::LC4	14	257	0.1644	7.12e-10	flat	0.0243
GO:GOBP_REGULATION_OF_PROTEIN_LOCALIZATION_TO_NUCLEUS	TLS_VISIUM_USZ::LC4	14	257	0.1806	6.25e-11	flat	0.0278
GO:GOBP_REGULATION_OF_PROTEIN_METABOLIC_PROCESS	TLS_VISIUM_USZ::LC4	14	257	0.3178	7.08e-21	flat	0.0156
GO:GOBP_REGULATION_OF_PROTEIN_MODIFICATION_PROCESS	TLS_VISIUM_USZ::LC4	14	257	0.247	1.65e-15	flat	0.0137
GO:GOBP_REGULATION_OF_PROTEIN_STABILITY	TLS_VISIUM_USZ::LC4	14	257	0.2622	1.29e-16	flat	0.0288
GO:GOBP_REGULATION_OF_PROTEIN_TRANSPORT	TLS_VISIUM_USZ::LC4	14	257	0.2491	1.17e-15	flat	0.0142
GO:GOBP_REGULATION_OF_PROTEIN_UBIQUITINATION	TLS_VISIUM_USZ::LC4	14	257	0.0828	6.8e-05	flat	0.0116
GO:GOBP_REGULATION_OF_PROTEOLYSIS	TLS_VISIUM_USZ::LC4	14	257	0.2737	1.82e-17	flat	0.0222
GO:GOBP_REGULATION_OF_PROTEOLYSIS_INVOLVED_IN_PROTEIN_CATABOLIC_PROCESS	TLS_VISIUM_USZ::LC4	14	257	0.2313	2.21e-14	flat	0.03
GO:GOBP_REGULATION_OF_RESPIRATORY_BURST	TLS_VISIUM_USZ::LC4	14	257	0.0229	0.118	flat	0.0108
GO:GOBP_REGULATION_OF_RESPONSE_TO_BIOTIC_STIMULUS	TLS_VISIUM_USZ::LC4	14	257	0.0562	0.00212	flat	0.0054
GO:GOBP_REGULATION_OF_RESPONSE_TO_CYTOKINE_STIMULUS	TLS_VISIUM_USZ::LC4	14	257	0.0205	0.154	flat	0.006
GO:GOBP_REGULATION_OF_RESPONSE_TO_EXTERNAL_STIMULUS	TLS_VISIUM_USZ::LC4	14	257	0.0052	0.725	flat	0.0013
GO:GOBP_REGULATION_OF_RESPONSE_TO_STRESS	TLS_VISIUM_USZ::LC4	14	257	0.108	2.28e-06	flat	0.0049
GO:GOBP_REGULATION_OF_RESPONSE_TO_WOUNDING	TLS_VISIUM_USZ::LC4	14	257	0.0441	0.00964	flat	0.0068
GO:GOBP_REGULATION_OF_RNA_SPLICING	TLS_VISIUM_USZ::LC4	14	257	0.0218	0.134	flat	0.0062
GO:GOBP_REGULATION_OF_SECRETION	TLS_VISIUM_USZ::LC4	14	257	0.1119	1.34e-06	flat	0.0068
GO:GOBP_REGULATION_OF_SISTER_CHROMATID_SEGREGATION	TLS_VISIUM_USZ::LC4	14	257	0.019	0.182	flat	0.0071
GO:GOBP_REGULATION_OF_SMALL_GTPASE_MEDIATED_SIGNAL_TRANSDUCTION	TLS_VISIUM_USZ::LC4	14	257	0.0161	0.249	flat	0.0029
GO:GOBP_REGULATION_OF_SMALL_MOLECULE_METABOLIC_PROCESS	TLS_VISIUM_USZ::LC4	14	257	0.0782	0.000125	flat	0.0055
GO:GOBP_REGULATION_OF_SUPRAMOLECULAR_FIBER_ORGANIZATION	TLS_VISIUM_USZ::LC4	14	257	0.0339	0.033	flat	0.0053
GO:GOBP_REGULATION_OF_SYNAPTIC_PLASTICITY	TLS_VISIUM_USZ::LC4	14	257	0.1699	3.15e-10	flat	0.0133
GO:GOBP_REGULATION_OF_SYSTEM_PROCESS	TLS_VISIUM_USZ::LC4	14	257	0.1925	1.02e-11	flat	0.0109
GO:GOBP_REGULATION_OF_TELOMERE_MAINTENANCE	TLS_VISIUM_USZ::LC4	14	257	0.1856	2.94e-11	flat	0.04
GO:GOBP_REGULATION_OF_TELOMERE_MAINTENANCE_VIA_TELOMERASE	TLS_VISIUM_USZ::LC4	14	257	0.1532	3.74e-09	flat	0.0416
GO:GOBP_REGULATION_OF_TELOMERE_MAINTENANCE_VIA_TELOMERE_LENGTHENING	TLS_VISIUM_USZ::LC4	14	257	0.1378	3.48e-08	flat	0.0469
GO:GOBP_REGULATION_OF_TRANSFERASE_ACTIVITY	TLS_VISIUM_USZ::LC4	14	257	0.1349	5.27e-08	flat	0.0114
GO:GOBP_REGULATION_OF_TRANSLATION	TLS_VISIUM_USZ::LC4	14	257	0.2534	5.76e-16	flat	0.0239
GO:GOBP_REGULATION_OF_TRANSLATIONAL_INITIATION	TLS_VISIUM_USZ::LC4	14	257	0.2664	6.32e-17	flat	0.054
GO:GOBP_REGULATION_OF_TRANSMEMBRANE_RECEPTOR_PROTEIN_SERINE_THREONINE_KINASE_SIGNALING_PATHWAY	TLS_VISIUM_USZ::LC4	14	257	0.0097	0.483	flat	0.0027
GO:GOBP_REGULATION_OF_TRANSMEMBRANE_TRANSPORT	TLS_VISIUM_USZ::LC4	14	257	0.0754	0.00018	flat	0.0058
GO:GOBP_REGULATION_OF_TRANSPORT	TLS_VISIUM_USZ::LC4	14	257	0.0356	0.0269	flat	0.0027
GO:GOBP_REGULATION_OF_TRANS_SYNAPTIC_SIGNALING	TLS_VISIUM_USZ::LC4	14	257	0.2416	4.05e-15	flat	0.0137
GO:GOBP_REGULATION_OF_TYPE_I_INTERFERON_MEDIATED_SIGNALING_PATHWAY	TLS_VISIUM_USZ::LC4	14	257	0.0125	0.364	flat	0.0117
GO:GOBP_REGULATION_OF_T_CELL_ACTIVATION	TLS_VISIUM_USZ::LC4	14	257	0.1681	4.11e-10	flat	0.0151
GO:GOBP_REGULATION_OF_T_CELL_MEDIATED_CYTOTOXICITY	TLS_VISIUM_USZ::LC4	14	257	0.0562	0.00212	flat	0.0178
GO:GOBP_REGULATION_OF_T_CELL_MEDIATED_IMMUNITY	TLS_VISIUM_USZ::LC4	14	257	0.0229	0.118	flat	0.0065
GO:GOBP_REGULATION_OF_UBIQUITIN_DEPENDENT_PROTEIN_CATABOLIC_PROCESS	TLS_VISIUM_USZ::LC4	14	257	0.0953	1.29e-05	flat	0.0135
GO:GOBP_REGULATION_OF_VASCULATURE_DEVELOPMENT	TLS_VISIUM_USZ::LC4	14	257	0.1301	1.03e-07	flat	0.0104
GO:GOBP_REGULATION_OF_VESICLE_MEDIATED_TRANSPORT	TLS_VISIUM_USZ::LC4	14	257	0.0029	0.864	flat	0.0013
GO:GOBP_REGULATION_OF_VIRAL_GENOME_REPLICATION	TLS_VISIUM_USZ::LC4	14	257	0.0059	0.68	flat	0.0062
GO:GOBP_REGULATION_OF_VIRAL_LIFE_CYCLE	TLS_VISIUM_USZ::LC4	14	257	0.0337	0.0337	flat	0.0121
GO:GOBP_REGULATION_OF_VIRAL_PROCESS	TLS_VISIUM_USZ::LC4	14	257	0.0781	0.000126	flat	0.0178
GO:GOBP_REGULATION_OF_WNT_SIGNALING_PATHWAY	TLS_VISIUM_USZ::LC4	14	257	0.0413	0.0136	flat	0.005
GO:GOBP_REGULATORY_T_CELL_DIFFERENTIATION	TLS_VISIUM_USZ::LC4	14	257	0.0622	0.000989	flat	0.0133
GO:GOBP_RENAL_SYSTEM_DEVELOPMENT	TLS_VISIUM_USZ::LC4	14	257	0.0381	0.02	flat	0.0045
GO:GOBP_RENAL_SYSTEM_PROCESS	TLS_VISIUM_USZ::LC4	14	257	0.0041	0.788	flat	0.0023
GO:GOBP_REPRODUCTIVE_PROCESS	TLS_VISIUM_USZ::LC4	14	257	0.0804	9.31e-05	flat	0.0034
GO:GOBP_REPRODUCTIVE_SYSTEM_DEVELOPMENT	TLS_VISIUM_USZ::LC4	14	257	0.007	0.621	flat	0.0016
GO:GOBP_RESPIRATORY_SYSTEM_DEVELOPMENT	TLS_VISIUM_USZ::LC4	14	257	0.1035	4.19e-06	flat	0.008
GO:GOBP_RESPONSE_TO_ABIOTIC_STIMULUS	TLS_VISIUM_USZ::LC4	14	257	0.1023	4.94e-06	flat	0.0043
GO:GOBP_RESPONSE_TO_BACTERIUM	TLS_VISIUM_USZ::LC4	14	257	0.1515	4.75e-09	flat	0.0079
GO:GOBP_RESPONSE_TO_BMP	TLS_VISIUM_USZ::LC4	14	257	0.0119	0.386	flat	0.004
GO:GOBP_RESPONSE_TO_CADMIUM_ION	TLS_VISIUM_USZ::LC4	14	257	0.0317	0.0428	flat	0.0092
GO:GOBP_RESPONSE_TO_ENDOGENOUS_STIMULUS	TLS_VISIUM_USZ::LC4	14	257	0.0923	1.93e-05	flat	0.0034
GO:GOBP_RESPONSE_TO_GROWTH_FACTOR	TLS_VISIUM_USZ::LC4	14	257	0.0486	0.00549	flat	0.0048
GO:GOBP_RESPONSE_TO_HORMONE	TLS_VISIUM_USZ::LC4	14	257	0.1338	6.14e-08	flat	0.0051
GO:GOBP_RESPONSE_TO_KETONE	TLS_VISIUM_USZ::LC4	14	257	0.0323	0.0396	flat	0.0044
GO:GOBP_RESPONSE_TO_LIPID	TLS_VISIUM_USZ::LC4	14	257	0.029	0.0584	flat	0.0025
GO:GOBP_RESPONSE_TO_MECHANICAL_STIMULUS	TLS_VISIUM_USZ::LC4	14	257	0.1109	1.51e-06	flat	0.0096
GO:GOBP_RESPONSE_TO_MOLECULE_OF_BACTERIAL_ORIGIN	TLS_VISIUM_USZ::LC4	14	257	0.0296	0.0549	flat	0.0053
GO:GOBP_RESPONSE_TO_NITROGEN_COMPOUND	TLS_VISIUM_USZ::LC4	14	257	0.0218	0.134	flat	0.0019
GO:GOBP_RESPONSE_TO_NUTRIENT_LEVELS	TLS_VISIUM_USZ::LC4	14	257	0.0891	2.96e-05	flat	0.0057
GO:GOBP_RESPONSE_TO_OXIDATIVE_STRESS	TLS_VISIUM_USZ::LC4	14	257	0.0738	0.000222	flat	0.0082
GO:GOBP_RESPONSE_TO_OXYGEN_CONTAINING_COMPOUND	TLS_VISIUM_USZ::LC4	14	257	0.0152	0.274	flat	0.0018
GO:GOBP_RESPONSE_TO_OXYGEN_LEVELS	TLS_VISIUM_USZ::LC4	14	257	0.0624	0.000964	flat	0.0055
GO:GOBP_RESPONSE_TO_PEPTIDE	TLS_VISIUM_USZ::LC4	14	257	0.0108	0.429	flat	0.0021
GO:GOBP_RESPONSE_TO_PEPTIDE_HORMONE	TLS_VISIUM_USZ::LC4	14	257	0.0421	0.0122	flat	0.0038
GO:GOBP_RESPONSE_TO_RADIATION	TLS_VISIUM_USZ::LC4	14	257	0.0117	0.395	flat	0.0025
GO:GOBP_RESPONSE_TO_STARVATION	TLS_VISIUM_USZ::LC4	14	257	0.0526	0.00335	flat	0.0079
GO:GOBP_RESPONSE_TO_STEROID_HORMONE	TLS_VISIUM_USZ::LC4	14	257	0.2205	1.25e-13	flat	0.0152
GO:GOBP_RESPONSE_TO_TEMPERATURE_STIMULUS	TLS_VISIUM_USZ::LC4	14	257	0.011	0.421	flat	0.0031
GO:GOBP_RESPONSE_TO_TOXIC_SUBSTANCE	TLS_VISIUM_USZ::LC4	14	257	0.0056	0.701	flat	0.0023
GO:GOBP_RESPONSE_TO_TRANSFORMING_GROWTH_FACTOR_BETA	TLS_VISIUM_USZ::LC4	14	257	0.1239	2.48e-07	flat	0.0103
GO:GOBP_RESPONSE_TO_TYPE_II_INTERFERON	TLS_VISIUM_USZ::LC4	14	257	0.0806	9.08e-05	flat	0.0202
GO:GOBP_RESPONSE_TO_TYPE_I_INTERFERON	TLS_VISIUM_USZ::LC4	14	257	0.0154	0.267	flat	0.0098
GO:GOBP_RESPONSE_TO_VIRUS	TLS_VISIUM_USZ::LC4	14	257	0.0954	1.27e-05	flat	0.0105
GO:GOBP_RESPONSE_TO_WOUNDING	TLS_VISIUM_USZ::LC4	14	257	0.1194	4.68e-07	flat	0.0064
GO:GOBP_RESPONSE_TO_XENOBIOTIC_STIMULUS	TLS_VISIUM_USZ::LC4	14	257	0.0592	0.00146	flat	0.0047
GO:GOBP_RHYTHMIC_PROCESS	TLS_VISIUM_USZ::LC4	14	257	0.0276	0.0693	flat	0.0039
GO:GOBP_RIBONUCLEOPROTEIN_COMPLEX_BIOGENESIS	TLS_VISIUM_USZ::LC4	14	257	0.2828	3.76e-18	flat	0.0249
GO:GOBP_RIBOSE_PHOSPHATE_BIOSYNTHETIC_PROCESS	TLS_VISIUM_USZ::LC4	14	257	0.2049	1.48e-12	flat	0.0361
GO:GOBP_RIBOSE_PHOSPHATE_METABOLIC_PROCESS	TLS_VISIUM_USZ::LC4	14	257	0.2294	3e-14	flat	0.0238
GO:GOBP_RIBOSOMAL_LARGE_SUBUNIT_BIOGENESIS	TLS_VISIUM_USZ::LC4	14	257	0.0468	0.00685	flat	0.0153
GO:GOBP_RIBOSOME_BIOGENESIS	TLS_VISIUM_USZ::LC4	14	257	0.1752	1.41e-10	flat	0.0143
GO:GOBP_RNA_EXPORT_FROM_NUCLEUS	TLS_VISIUM_USZ::LC4	14	257	0.1547	2.98e-09	flat	0.0286
GO:GOBP_RNA_LOCALIZATION	TLS_VISIUM_USZ::LC4	14	257	0.2455	2.15e-15	flat	0.0301
GO:GOBP_RNA_MODIFICATION	TLS_VISIUM_USZ::LC4	14	257	0.0376	0.0212	flat	0.0059
GO:GOBP_RNA_PROCESSING	TLS_VISIUM_USZ::LC4	14	257	0.2156	2.71e-13	flat	0.0107
GO:GOBP_RNA_SPLICING	TLS_VISIUM_USZ::LC4	14	257	0.2426	3.46e-15	flat	0.0251
GO:GOBP_RNA_SPLICING_VIA_TRANSESTERIFICATION_REACTIONS	TLS_VISIUM_USZ::LC4	14	257	0.0813	8.26e-05	flat	0.0121
GO:GOBP_RNA_TEMPLATED_DNA_BIOSYNTHETIC_PROCESS	TLS_VISIUM_USZ::LC4	14	257	0.1219	3.28e-07	flat	0.0363
GO:GOBP_RRNA_METABOLIC_PROCESS	TLS_VISIUM_USZ::LC4	14	257	0.1368	3.97e-08	flat	0.0149
GO:GOBP_RRNA_PROCESSING	TLS_VISIUM_USZ::LC4	14	257	0.05	0.00462	flat	0.0098
GO:GOBP_SECONDARY_ALCOHOL_METABOLIC_PROCESS	TLS_VISIUM_USZ::LC4	14	257	0.1101	1.71e-06	flat	0.0094
GO:GOBP_SECRETION	TLS_VISIUM_USZ::LC4	14	257	0.1897	1.56e-11	flat	0.0092
GO:GOBP_SEMI_LUNAR_VALVE_DEVELOPMENT	TLS_VISIUM_USZ::LC4	14	257	0.0492	0.00513	flat	0.0087
GO:GOBP_SENSORY_ORGAN_DEVELOPMENT	TLS_VISIUM_USZ::LC4	14	257	0.0988	7.97e-06	flat	0.0064
GO:GOBP_SENSORY_ORGAN_MORPHOGENESIS	TLS_VISIUM_USZ::LC4	14	257	0.0519	0.00364	flat	0.0056
GO:GOBP_SENSORY_PERCEPTION	TLS_VISIUM_USZ::LC4	14	257	0.2899	1.08e-18	flat	0.0195
GO:GOBP_SENSORY_SYSTEM_DEVELOPMENT	TLS_VISIUM_USZ::LC4	14	257	0.0999	6.86e-06	flat	0.0079
GO:GOBP_SEQUESTERING_OF_CALCIUM_ION	TLS_VISIUM_USZ::LC4	14	257	0.0064	0.653	flat	0.0021
GO:GOBP_SEXUAL_REPRODUCTION	TLS_VISIUM_USZ::LC4	14	257	0.0963	1.12e-05	flat	0.0049
GO:GOBP_SIGNAL_RELEASE	TLS_VISIUM_USZ::LC4	14	257	0.1287	1.26e-07	flat	0.0083
GO:GOBP_SIGNAL_TRANSDUCTION_BY_P53_CLASS_MEDIATOR	TLS_VISIUM_USZ::LC4	14	257	0.1066	2.75e-06	flat	0.0115
GO:GOBP_SIGNAL_TRANSDUCTION_IN_RESPONSE_TO_DNA_DAMAGE	TLS_VISIUM_USZ::LC4	14	257	0.1323	7.6e-08	flat	0.0143
GO:GOBP_SISTER_CHROMATID_SEGREGATION	TLS_VISIUM_USZ::LC4	14	257	0.042	0.0124	flat	0.0089
GO:GOBP_SKELETAL_MUSCLE_CELL_DIFFERENTIATION	TLS_VISIUM_USZ::LC4	14	257	0.1223	3.11e-07	flat	0.0195
GO:GOBP_SKELETAL_SYSTEM_DEVELOPMENT	TLS_VISIUM_USZ::LC4	14	257	0.0798	0.000102	flat	0.0066
GO:GOBP_SKIN_DEVELOPMENT	TLS_VISIUM_USZ::LC4	14	257	0.2392	6.05e-15	flat	0.0184
GO:GOBP_SMALL_GTPASE_MEDIATED_SIGNAL_TRANSDUCTION	TLS_VISIUM_USZ::LC4	14	257	0.0148	0.286	flat	0.0031
GO:GOBP_SMALL_MOLECULE_BIOSYNTHETIC_PROCESS	TLS_VISIUM_USZ::LC4	14	257	0.0976	9.36e-06	flat	0.0045
GO:GOBP_SMALL_MOLECULE_CATABOLIC_PROCESS	TLS_VISIUM_USZ::LC4	14	257	0.0441	0.00958	flat	0.0059
GO:GOBP_SMALL_MOLECULE_METABOLIC_PROCESS	TLS_VISIUM_USZ::LC4	14	257	0.138	3.36e-08	flat	0.0049
GO:GOBP_SMOOTH_MUSCLE_CELL_PROLIFERATION	TLS_VISIUM_USZ::LC4	14	257	0.0014	0.95	flat	0.0013
GO:GOBP_SPINDLE_ASSEMBLY	TLS_VISIUM_USZ::LC4	14	257	0.0065	0.647	flat	0.0043
GO:GOBP_SPINDLE_ORGANIZATION	TLS_VISIUM_USZ::LC4	14	257	0.0568	0.00198	flat	0.011
GO:GOBP_SPROUTING_ANGIOGENESIS	TLS_VISIUM_USZ::LC4	14	257	0.0039	0.801	flat	0.0018
GO:GOBP_STEM_CELL_DIFFERENTIATION	TLS_VISIUM_USZ::LC4	14	257	0.02	0.163	flat	0.003
GO:GOBP_STEM_CELL_PROLIFERATION	TLS_VISIUM_USZ::LC4	14	257	0.1578	1.9e-09	flat	0.0189
GO:GOBP_STEROID_BIOSYNTHETIC_PROCESS	TLS_VISIUM_USZ::LC4	14	257	0.0205	0.154	flat	0.0038
GO:GOBP_STEROID_METABOLIC_PROCESS	TLS_VISIUM_USZ::LC4	14	257	0.1678	4.28e-10	flat	0.011
GO:GOBP_STEROL_BIOSYNTHETIC_PROCESS	TLS_VISIUM_USZ::LC4	14	257	0.0174	0.217	flat	0.0055
GO:GOBP_SULFUR_COMPOUND_METABOLIC_PROCESS	TLS_VISIUM_USZ::LC4	14	257	0.0173	0.22	flat	0.004
GO:GOBP_SUPRAMOLECULAR_FIBER_ORGANIZATION	TLS_VISIUM_USZ::LC4	14	257	0.0828	6.81e-05	flat	0.0052
GO:GOBP_SYNAPSE_ASSEMBLY	TLS_VISIUM_USZ::LC4	14	257	0.1258	1.91e-07	flat	0.0089
GO:GOBP_SYNAPSE_ORGANIZATION	TLS_VISIUM_USZ::LC4	14	257	0.1439	1.44e-08	flat	0.007
GO:GOBP_SYNAPTIC_SIGNALING	TLS_VISIUM_USZ::LC4	14	257	0.2626	1.22e-16	flat	0.0142
GO:GOBP_TAXIS	TLS_VISIUM_USZ::LC4	14	257	0.0457	0.00787	flat	0.0055
GO:GOBP_TELOMERASE_RNA_LOCALIZATION	TLS_VISIUM_USZ::LC4	14	257	0.2374	8.13e-15	flat	0.1064
GO:GOBP_TELOMERE_MAINTENANCE_VIA_TELOMERE_LENGTHENING	TLS_VISIUM_USZ::LC4	14	257	0.1537	3.47e-09	flat	0.0361
GO:GOBP_TELOMERE_ORGANIZATION	TLS_VISIUM_USZ::LC4	14	257	0.2398	5.43e-15	flat	0.0348
GO:GOBP_TIGHT_JUNCTION_ASSEMBLY	TLS_VISIUM_USZ::LC4	14	257	0.0122	0.373	flat	0.0042
GO:GOBP_TIGHT_JUNCTION_ORGANIZATION	TLS_VISIUM_USZ::LC4	14	257	0.03	0.0524	flat	0.0057
GO:GOBP_TISSUE_HOMEOSTASIS	TLS_VISIUM_USZ::LC4	14	257	0.0259	0.0835	flat	0.0035
GO:GOBP_TISSUE_MORPHOGENESIS	TLS_VISIUM_USZ::LC4	14	257	0.184	3.73e-11	flat	0.0087
GO:GOBP_TISSUE_REMODELING	TLS_VISIUM_USZ::LC4	14	257	0.0625	0.000952	flat	0.0076
GO:GOBP_TRANSFORMING_GROWTH_FACTOR_BETA_RECEPTOR_SIGNALING_PATHWAY	TLS_VISIUM_USZ::LC4	14	257	0.0116	0.4	flat	0.0037
GO:GOBP_TRANSLATION	TLS_VISIUM_USZ::LC4	14	257	0.162	1.02e-09	flat	0.0154
GO:GOBP_TRANSLATIONAL_INITIATION	TLS_VISIUM_USZ::LC4	14	257	0.2661	6.74e-17	flat	0.0417
GO:GOBP_TRANSMEMBRANE_TRANSPORT	TLS_VISIUM_USZ::LC4	14	257	0.1372	3.75e-08	flat	0.0059
GO:GOBP_TRNA_METABOLIC_PROCESS	TLS_VISIUM_USZ::LC4	14	257	0.0043	0.776	flat	0.0022
GO:GOBP_TUBE_DEVELOPMENT	TLS_VISIUM_USZ::LC4	14	257	0.0441	0.00956	flat	0.0021
GO:GOBP_TUBE_MORPHOGENESIS	TLS_VISIUM_USZ::LC4	14	257	0.058	0.0017	flat	0.0029
GO:GOBP_TUMOR_NECROSIS_FACTOR_MEDIATED_SIGNALING_PATHWAY	TLS_VISIUM_USZ::LC4	14	257	0.0784	0.000121	flat	0.0173
GO:GOBP_TUMOR_NECROSIS_FACTOR_SUPERFAMILY_CYTOKINE_PRODUCTION	TLS_VISIUM_USZ::LC4	14	257	0.087	3.88e-05	flat	0.0091
GO:GOBP_TYPE_II_INTERFERON_PRODUCTION	TLS_VISIUM_USZ::LC4	14	257	0.0654	0.000655	flat	0.0094
GO:GOBP_TYPE_I_INTERFERON_PRODUCTION	TLS_VISIUM_USZ::LC4	14	257	0.0925	1.86e-05	flat	0.0236
GO:GOBP_T_CELL_ACTIVATION	TLS_VISIUM_USZ::LC4	14	257	0.0801	9.76e-05	flat	0.0079
GO:GOBP_T_CELL_ACTIVATION_INVOLVED_IN_IMMUNE_RESPONSE	TLS_VISIUM_USZ::LC4	14	257	0.0033	0.84	flat	0.0022
GO:GOBP_T_CELL_DIFFERENTIATION	TLS_VISIUM_USZ::LC4	14	257	0.1007	6.19e-06	flat	0.0101
GO:GOBP_T_CELL_MEDIATED_IMMUNITY	TLS_VISIUM_USZ::LC4	14	257	0.0583	0.00163	flat	0.0112
GO:GOBP_T_CELL_PROLIFERATION	TLS_VISIUM_USZ::LC4	14	257	0.0579	0.00172	flat	0.0075
GO:GOBP_T_CELL_RECEPTOR_SIGNALING_PATHWAY	TLS_VISIUM_USZ::LC4	14	257	0.0128	0.352	flat	0.0051
GO:GOBP_VACUOLE_ORGANIZATION	TLS_VISIUM_USZ::LC4	14	257	0.0941	1.5e-05	flat	0.0144
GO:GOBP_VASCULAR_ASSOCIATED_SMOOTH_MUSCLE_CELL_PROLIFERATION	TLS_VISIUM_USZ::LC4	14	257	0.0767	0.000151	flat	0.0163
GO:GOBP_VASCULATURE_DEVELOPMENT	TLS_VISIUM_USZ::LC4	14	257	0.1005	6.35e-06	flat	0.0061
GO:GOBP_VASCULOGENESIS	TLS_VISIUM_USZ::LC4	14	257	0.026	0.0833	flat	0.0064
GO:GOBP_VESICLE_MEDIATED_TRANSPORT	TLS_VISIUM_USZ::LC4	14	257	0.0387	0.0184	flat	0.0028
GO:GOBP_VESICLE_ORGANIZATION	TLS_VISIUM_USZ::LC4	14	257	0.0233	0.113	flat	0.0044
GO:GOBP_VIRAL_GENOME_REPLICATION	TLS_VISIUM_USZ::LC4	14	257	0.0368	0.0232	flat	0.0183
GO:GOBP_VIRAL_LIFE_CYCLE	TLS_VISIUM_USZ::LC4	14	257	0.2153	2.86e-13	flat	0.0238
GO:GOBP_VIRAL_PROCESS	TLS_VISIUM_USZ::LC4	14	257	0.2222	9.56e-14	flat	0.0217
GO:GOBP_WNT_SIGNALING_PATHWAY	TLS_VISIUM_USZ::LC4	14	257	0.1176	5.99e-07	flat	0.0079
GO:GOBP_WOUND_HEALING	TLS_VISIUM_USZ::LC4	14	257	0.2802	5.85e-18	flat	0.0141
