go_id	raw_size	covered_size	n_input	n_readout	representative
GOBP_10_FORMYLTETRAHYDROFOLATE_METABOLIC_PROCESS	6	4	2	2	GOBP_10_FORMYLTETRAHYDROFOLATE_METABOLIC_PROCESS
GOBP_2_OXOGLUTARATE_METABOLIC_PROCESS	18	9	5	4	GOBP_2_OXOGLUTARATE_METABOLIC_PROCESS
GOBP_3_UTR_MEDIATED_MRNA_DESTABILIZATION	19	9	5	4	GOBP_3_UTR_MEDIATED_MRNA_DESTABILIZATION
GOBP_3_UTR_MEDIATED_MRNA_STABILIZATION	29	10	5	5	GOBP_3_UTR_MEDIATED_MRNA_STABILIZATION
GOBP_4_HYDROXYPROLINE_METABOLIC_PROCESS	6	4	2	2	GOBP_4_HYDROXYPROLINE_METABOLIC_PROCESS
GOBP_7_METHYLGUANOSINE_CAP_HYPERMETHYLATION	8	3	2	1	GOBP_7_METHYLGUANOSINE_CAP_HYPERMETHYLATION
GOBP_ACETATE_ESTER_METABOLIC_PROCESS	7	6	3	3	GOBP_ACETATE_ESTER_METABOLIC_PROCESS
GOBP_ACETATE_ESTER_TRANSPORT	9	4	2	2	GOBP_ACETATE_ESTER_TRANSPORT
GOBP_ACETYLCHOLINE_SECRETION	5	3	2	1	GOBP_ACETYLCHOLINE_SECRETION
GOBP_ACETYL_COA_BIOSYNTHETIC_PROCESS	21	9	5	4	GOBP_ACETYL_COA_BIOSYNTHETIC_PROCESS
GOBP_ACETYL_COA_METABOLIC_PROCESS	37	18	9	9	GOBP_ACETYL_COA_METABOLIC_PROCESS
GOBP_ACIDIC_AMINO_ACID_TRANSPORT	73	39	20	19	GOBP_ACIDIC_AMINO_ACID_TRANSPORT
GOBP_ACID_SECRETION	42	26	13	13	GOBP_ACID_SECRETION
GOBP_ACINAR_CELL_DIFFERENTIATION	5	4	2	2	GOBP_ACINAR_CELL_DIFFERENTIATION
GOBP_ACROSOMAL_VESICLE_EXOCYTOSIS	9	3	2	1	GOBP_ACROSOMAL_VESICLE_EXOCYTOSIS
GOBP_ACROSOME_ASSEMBLY	38	16	8	8	GOBP_ACROSOME_ASSEMBLY
GOBP_ACROSOME_REACTION	43	20	10	10	GOBP_ACROSOME_REACTION
GOBP_ACTIN_CROSSLINK_FORMATION	14	10	5	5	GOBP_ACTIN_CROSSLINK_FORMATION
GOBP_ACTIN_FILAMENT_BASED_MOVEMENT	146	88	44	44	GOBP_ACTIN_FILAMENT_BASED_MOVEMENT
GOBP_ACTIN_FILAMENT_BASED_PROCESS	842	405	203	202	GOBP_ACTIN_FILAMENT_BASED_PROCESS
GOBP_ACTIN_FILAMENT_BUNDLE_ORGANIZATION	174	89	45	44	GOBP_ACTIN_FILAMENT_BUNDLE_ORGANIZATION
GOBP_ACTIN_FILAMENT_DEPOLYMERIZATION	60	33	17	16	GOBP_ACTIN_FILAMENT_DEPOLYMERIZATION
GOBP_ACTIN_FILAMENT_NETWORK_FORMATION	9	3	2	1	GOBP_ACTIN_FILAMENT_NETWORK_FORMATION
GOBP_ACTIN_FILAMENT_ORGANIZATION	467	222	111	111	GOBP_ACTIN_FILAMENT_ORGANIZATION
GOBP_ACTIN_FILAMENT_POLYMERIZATION	157	70	35	35	GOBP_ACTIN_FILAMENT_POLYMERIZATION
GOBP_ACTIN_FILAMENT_SEVERING	17	11	6	5	GOBP_ACTIN_FILAMENT_SEVERING
GOBP_ACTIN_MEDIATED_CELL_CONTRACTION	123	75	38	37	GOBP_ACTIN_MEDIATED_CELL_CONTRACTION
GOBP_ACTIN_MYOSIN_FILAMENT_SLIDING	19	11	6	5	GOBP_ACTIN_MYOSIN_FILAMENT_SLIDING
GOBP_ACTIN_NUCLEATION	58	20	10	10	GOBP_ACTIN_NUCLEATION
GOBP_ACTIN_POLYMERIZATION_DEPENDENT_CELL_MOTILITY	7	3	2	1	GOBP_ACTIN_POLYMERIZATION_DEPENDENT_CELL_MOTILITY
GOBP_ACTIN_POLYMERIZATION_OR_DEPOLYMERIZATION	187	89	45	44	GOBP_ACTIN_POLYMERIZATION_OR_DEPOLYMERIZATION
GOBP_ACTION_POTENTIAL	179	115	58	57	GOBP_ACTION_POTENTIAL
GOBP_ACTION_POTENTIAL_PROPAGATION	12	8	4	4	GOBP_ACTION_POTENTIAL_PROPAGATION
GOBP_ACTIVATED_T_CELL_PROLIFERATION	51	29	15	14	GOBP_ACTIVATED_T_CELL_PROLIFERATION
GOBP_ACTIVATION_INDUCED_CELL_DEATH_OF_T_CELLS	10	5	3	2	GOBP_ACTIVATION_INDUCED_CELL_DEATH_OF_T_CELLS
GOBP_ACTIVATION_OF_ADENYLATE_CYCLASE_ACTIVITY	15	9	5	4	GOBP_ACTIVATION_OF_ADENYLATE_CYCLASE_ACTIVITY
GOBP_ACTIVATION_OF_GTPASE_ACTIVITY	24	9	5	4	GOBP_ACTIVATION_OF_GTPASE_ACTIVITY
GOBP_ACTIVATION_OF_IMMUNE_RESPONSE	621	302	151	151	GOBP_ACTIVATION_OF_IMMUNE_RESPONSE
GOBP_ACTIVATION_OF_INNATE_IMMUNE_RESPONSE	341	143	72	71	GOBP_ACTIVATION_OF_INNATE_IMMUNE_RESPONSE
GOBP_ACTIVATION_OF_MEIOSIS	6	3	2	1	GOBP_ACTIVATION_OF_MEIOSIS
GOBP_ACTIVATION_OF_NF_KAPPAB_INDUCING_KINASE_ACTIVITY	10	5	3	2	GOBP_ACTIVATION_OF_NF_KAPPAB_INDUCING_KINASE_ACTIVITY
GOBP_ACTIVATION_OF_PROTEIN_KINASE_ACTIVITY	41	22	11	11	GOBP_ACTIVATION_OF_PROTEIN_KINASE_ACTIVITY
GOBP_ACTIVATION_OF_PROTEIN_KINASE_B_ACTIVITY	8	6	3	3	GOBP_ACTIVATION_OF_PROTEIN_KINASE_B_ACTIVITY
GOBP_ACTIVIN_RECEPTOR_SIGNALING_PATHWAY	54	28	14	14	GOBP_ACTIVIN_RECEPTOR_SIGNALING_PATHWAY
GOBP_ACTOMYOSIN_CONTRACTILE_RING_ORGANIZATION	10	7	4	3	GOBP_ACTOMYOSIN_CONTRACTILE_RING_ORGANIZATION
GOBP_ACTOMYOSIN_STRUCTURE_ORGANIZATION	216	103	52	51	GOBP_ACTOMYOSIN_STRUCTURE_ORGANIZATION
GOBP_ACUTE_INFLAMMATORY_RESPONSE	112	74	37	37	GOBP_ACUTE_INFLAMMATORY_RESPONSE
GOBP_ACUTE_INFLAMMATORY_RESPONSE_TO_ANTIGENIC_STIMULUS	32	21	11	10	GOBP_ACUTE_INFLAMMATORY_RESPONSE_TO_ANTIGENIC_STIMULUS
GOBP_ACUTE_PHASE_RESPONSE	47	33	17	16	GOBP_ACUTE_PHASE_RESPONSE
GOBP_ACYLGLYCEROL_HOMEOSTASIS	48	22	11	11	GOBP_ACYLGLYCEROL_HOMEOSTASIS
GOBP_ACYLGLYCEROL_TRANSPORT	8	6	3	3	GOBP_ACYLGLYCEROL_TRANSPORT
GOBP_ACYL_COA_METABOLIC_PROCESS	100	46	23	23	GOBP_ACYL_COA_METABOLIC_PROCESS
GOBP_ADAPTIVE_IMMUNE_MEMORY_RESPONSE	7	4	2	2	GOBP_ADAPTIVE_IMMUNE_MEMORY_RESPONSE
GOBP_ADAPTIVE_IMMUNE_RESPONSE	765	366	183	183	GOBP_ADAPTIVE_IMMUNE_RESPONSE
GOBP_ADAPTIVE_IMMUNE_RESPONSE_BASED_ON_SOMATIC_RECOMBINATION_OF_IMMUNE_RECEPTORS_BUILT_FROM_IMMUNOGLOBULIN_SUPERFAMILY_DOMAINS	390	204	102	102	GOBP_ADAPTIVE_IMMUNE_RESPONSE_BASED_ON_SOMATIC_RECOMBINATION_OF_IMMUNE_RECEPTORS_BUILT_FROM_IMMUNOGLOBULIN_SUPERFAMILY_DOMAINS
GOBP_ADAPTIVE_THERMOGENESIS	169	87	44	43	GOBP_ADAPTIVE_THERMOGENESIS
GOBP_ADENINE_TRANSPORT	6	3	2	1	GOBP_ADENINE_TRANSPORT
GOBP_ADENOHYPOPHYSIS_DEVELOPMENT	16	10	5	5	GOBP_ADENOHYPOPHYSIS_DEVELOPMENT
GOBP_ADENOSINE_METABOLIC_PROCESS	11	6	3	3	GOBP_ADENOSINE_METABOLIC_PROCESS
GOBP_ADENOSINE_TRANSPORT	5	4	2	2	GOBP_ADENOSINE_TRANSPORT
GOBP_ADENYLATE_CYCLASE_ACTIVATING_ADRENERGIC_RECEPTOR_SIGNALING_PATHWAY	20	10	5	5	GOBP_ADENYLATE_CYCLASE_ACTIVATING_ADRENERGIC_RECEPTOR_SIGNALING_PATHWAY
GOBP_ADENYLATE_CYCLASE_ACTIVATING_DOPAMINE_RECEPTOR_SIGNALING_PATHWAY	11	5	3	2	GOBP_ADENYLATE_CYCLASE_ACTIVATING_DOPAMINE_RECEPTOR_SIGNALING_PATHWAY
GOBP_ADENYLATE_CYCLASE_ACTIVATING_G_PROTEIN_COUPLED_RECEPTOR_SIGNALING_PATHWAY	190	115	58	57	GOBP_ADENYLATE_CYCLASE_ACTIVATING_G_PROTEIN_COUPLED_RECEPTOR_SIGNALING_PATHWAY
GOBP_ADENYLATE_CYCLASE_INHIBITING_DOPAMINE_RECEPTOR_SIGNALING_PATHWAY	6	4	2	2	GOBP_ADENYLATE_CYCLASE_INHIBITING_DOPAMINE_RECEPTOR_SIGNALING_PATHWAY
GOBP_ADENYLATE_CYCLASE_INHIBITING_G_PROTEIN_COUPLED_ACETYLCHOLINE_RECEPTOR_SIGNALING_PATHWAY	8	7	4	3	GOBP_ADENYLATE_CYCLASE_INHIBITING_G_PROTEIN_COUPLED_ACETYLCHOLINE_RECEPTOR_SIGNALING_PATHWAY
GOBP_ADENYLATE_CYCLASE_INHIBITING_G_PROTEIN_COUPLED_GLUTAMATE_RECEPTOR_SIGNALING_PATHWAY	9	6	3	3	GOBP_ADENYLATE_CYCLASE_INHIBITING_G_PROTEIN_COUPLED_GLUTAMATE_RECEPTOR_SIGNALING_PATHWAY
GOBP_ADENYLATE_CYCLASE_INHIBITING_G_PROTEIN_COUPLED_RECEPTOR_SIGNALING_PATHWAY	87	58	29	29	GOBP_ADENYLATE_CYCLASE_INHIBITING_G_PROTEIN_COUPLED_RECEPTOR_SIGNALING_PATHWAY
GOBP_ADENYLATE_CYCLASE_INHIBITING_SEROTONIN_RECEPTOR_SIGNALING_PATHWAY	10	6	3	3	GOBP_ADENYLATE_CYCLASE_INHIBITING_SEROTONIN_RECEPTOR_SIGNALING_PATHWAY
GOBP_ADENYLATE_CYCLASE_MODULATING_G_PROTEIN_COUPLED_RECEPTOR_SIGNALING_PATHWAY	279	178	89	89	GOBP_ADENYLATE_CYCLASE_MODULATING_G_PROTEIN_COUPLED_RECEPTOR_SIGNALING_PATHWAY
GOBP_ADHERENS_JUNCTION_ASSEMBLY	15	10	5	5	GOBP_ADHERENS_JUNCTION_ASSEMBLY
GOBP_ADHERENS_JUNCTION_MAINTENANCE	7	4	2	2	GOBP_ADHERENS_JUNCTION_MAINTENANCE
GOBP_ADHERENS_JUNCTION_ORGANIZATION	59	39	20	19	GOBP_ADHERENS_JUNCTION_ORGANIZATION
GOBP_ADHESION_OF_SYMBIONT_TO_HOST	15	14	7	7	GOBP_ADHESION_OF_SYMBIONT_TO_HOST
GOBP_ADHESION_OF_SYMBIONT_TO_HOST_CELL	11	10	5	5	GOBP_ADHESION_OF_SYMBIONT_TO_HOST_CELL
GOBP_ADIPONECTIN_ACTIVATED_SIGNALING_PATHWAY	8	4	2	2	GOBP_ADIPONECTIN_ACTIVATED_SIGNALING_PATHWAY
GOBP_ADIPOSE_TISSUE_DEVELOPMENT	70	33	17	16	GOBP_ADIPOSE_TISSUE_DEVELOPMENT
GOBP_ADP_TRANSPORT	12	5	3	2	GOBP_ADP_TRANSPORT
GOBP_ADRENAL_GLAND_DEVELOPMENT	27	17	9	8	GOBP_ADRENAL_GLAND_DEVELOPMENT
GOBP_ADRENERGIC_RECEPTOR_SIGNALING_PATHWAY	33	17	9	8	GOBP_ADRENERGIC_RECEPTOR_SIGNALING_PATHWAY
GOBP_ADRENOMEDULLIN_RECEPTOR_SIGNALING_PATHWAY	5	4	2	2	GOBP_ADRENOMEDULLIN_RECEPTOR_SIGNALING_PATHWAY
GOBP_ADULT_BEHAVIOR	154	88	44	44	GOBP_ADULT_BEHAVIOR
GOBP_ADULT_FEEDING_BEHAVIOR	10	6	3	3	GOBP_ADULT_FEEDING_BEHAVIOR
GOBP_ADULT_HEART_DEVELOPMENT	14	9	5	4	GOBP_ADULT_HEART_DEVELOPMENT
GOBP_ADULT_LOCOMOTORY_BEHAVIOR	85	44	22	22	GOBP_ADULT_LOCOMOTORY_BEHAVIOR
GOBP_AEROBIC_RESPIRATION	198	84	42	42	GOBP_AEROBIC_RESPIRATION
GOBP_AGGREPHAGY	18	6	3	3	GOBP_AGGREPHAGY
GOBP_AGGRESOME_ASSEMBLY	6	3	2	1	GOBP_AGGRESOME_ASSEMBLY
GOBP_AGGRESSIVE_BEHAVIOR	9	6	3	3	GOBP_AGGRESSIVE_BEHAVIOR
GOBP_ALANINE_METABOLIC_PROCESS	5	3	2	1	GOBP_ALANINE_METABOLIC_PROCESS
GOBP_ALANINE_TRANSPORT	18	12	6	6	GOBP_ALANINE_TRANSPORT
GOBP_ALCOHOL_BIOSYNTHETIC_PROCESS	150	88	44	44	GOBP_ALCOHOL_BIOSYNTHETIC_PROCESS
GOBP_ALCOHOL_CATABOLIC_PROCESS	38	21	11	10	GOBP_ALCOHOL_CATABOLIC_PROCESS
GOBP_ALCOHOL_METABOLIC_PROCESS	369	207	104	103	GOBP_ALCOHOL_METABOLIC_PROCESS
GOBP_ALDEHYDE_BIOSYNTHETIC_PROCESS	18	13	7	6	GOBP_ALDEHYDE_BIOSYNTHETIC_PROCESS
GOBP_ALDEHYDE_CATABOLIC_PROCESS	14	4	2	2	GOBP_ALDEHYDE_CATABOLIC_PROCESS
GOBP_ALDEHYDE_METABOLIC_PROCESS	76	43	22	21	GOBP_ALDEHYDE_METABOLIC_PROCESS
GOBP_ALDITOL_BIOSYNTHETIC_PROCESS	5	4	2	2	GOBP_ALDITOL_BIOSYNTHETIC_PROCESS
GOBP_ALDITOL_METABOLIC_PROCESS	22	10	5	5	GOBP_ALDITOL_METABOLIC_PROCESS
GOBP_ALDITOL_PHOSPHATE_METABOLIC_PROCESS	10	5	3	2	GOBP_ALDITOL_PHOSPHATE_METABOLIC_PROCESS
GOBP_ALDOSTERONE_SECRETION	8	6	3	3	GOBP_ALDOSTERONE_SECRETION
GOBP_ALKALOID_METABOLIC_PROCESS	6	4	2	2	GOBP_ALKALOID_METABOLIC_PROCESS
GOBP_ALKANESULFONATE_METABOLIC_PROCESS	10	7	4	3	GOBP_ALKANESULFONATE_METABOLIC_PROCESS
GOBP_ALKANESULFONATE_TRANSMEMBRANE_TRANSPORT	8	3	2	1	GOBP_ALKANESULFONATE_TRANSMEMBRANE_TRANSPORT
GOBP_ALLANTOIN_METABOLIC_PROCESS	10	6	3	3	GOBP_ALLANTOIN_METABOLIC_PROCESS
GOBP_ALPHA_AMINO_ACID_BIOSYNTHETIC_PROCESS	55	27	14	13	GOBP_ALPHA_AMINO_ACID_BIOSYNTHETIC_PROCESS
GOBP_ALPHA_AMINO_ACID_METABOLIC_PROCESS	201	101	51	50	GOBP_ALPHA_AMINO_ACID_METABOLIC_PROCESS
GOBP_ALPHA_BETA_T_CELL_ACTIVATION	204	111	56	55	GOBP_ALPHA_BETA_T_CELL_ACTIVATION
GOBP_ALPHA_BETA_T_CELL_DIFFERENTIATION	140	72	36	36	GOBP_ALPHA_BETA_T_CELL_DIFFERENTIATION
GOBP_ALPHA_BETA_T_CELL_PROLIFERATION	47	25	13	12	GOBP_ALPHA_BETA_T_CELL_PROLIFERATION
GOBP_ALPHA_KETOGLUTARATE_TRANSPORT	7	6	3	3	GOBP_ALPHA_KETOGLUTARATE_TRANSPORT
GOBP_ALPHA_LINOLENIC_ACID_METABOLIC_PROCESS	16	9	5	4	GOBP_ALPHA_LINOLENIC_ACID_METABOLIC_PROCESS
GOBP_ALTERNATIVE_MRNA_SPLICING_VIA_SPLICEOSOME	78	30	15	15	GOBP_ALTERNATIVE_MRNA_SPLICING_VIA_SPLICEOSOME
GOBP_AMACRINE_CELL_DIFFERENTIATION	13	8	4	4	GOBP_AMACRINE_CELL_DIFFERENTIATION
GOBP_AMEBOIDAL_TYPE_CELL_MIGRATION	257	143	72	71	GOBP_AMEBOIDAL_TYPE_CELL_MIGRATION
GOBP_AMELOBLAST_DIFFERENTIATION	8	7	4	3	GOBP_AMELOBLAST_DIFFERENTIATION
GOBP_AMELOGENESIS	27	19	10	9	GOBP_AMELOGENESIS
GOBP_AMIDE_BIOSYNTHETIC_PROCESS	176	90	45	45	GOBP_AMIDE_BIOSYNTHETIC_PROCESS
GOBP_AMIDE_CATABOLIC_PROCESS	17	8	4	4	GOBP_AMIDE_CATABOLIC_PROCESS
GOBP_AMIDE_METABOLIC_PROCESS	493	254	127	127	GOBP_AMIDE_METABOLIC_PROCESS
GOBP_AMIDE_TRANSPORT	338	196	98	98	GOBP_AMIDE_TRANSPORT
GOBP_AMINE_BIOSYNTHETIC_PROCESS	42	27	14	13	GOBP_AMINE_BIOSYNTHETIC_PROCESS
GOBP_AMINE_CATABOLIC_PROCESS	22	10	5	5	GOBP_AMINE_CATABOLIC_PROCESS
GOBP_AMINE_METABOLIC_PROCESS	114	71	36	35	GOBP_AMINE_METABOLIC_PROCESS
GOBP_AMINE_TRANSPORT	90	56	28	28	GOBP_AMINE_TRANSPORT
GOBP_AMINOACYL_TRNA_METABOLISM_INVOLVED_IN_TRANSLATIONAL_FIDELITY	13	4	2	2	GOBP_AMINOACYL_TRNA_METABOLISM_INVOLVED_IN_TRANSLATIONAL_FIDELITY
GOBP_AMINOGLYCAN_BIOSYNTHETIC_PROCESS	54	29	15	14	GOBP_AMINOGLYCAN_BIOSYNTHETIC_PROCESS
GOBP_AMINOGLYCAN_CATABOLIC_PROCESS	32	20	10	10	GOBP_AMINOGLYCAN_CATABOLIC_PROCESS
GOBP_AMINOGLYCAN_METABOLIC_PROCESS	98	58	29	29	GOBP_AMINOGLYCAN_METABOLIC_PROCESS
GOBP_AMINOGLYCOSIDE_ANTIBIOTIC_METABOLIC_PROCESS	10	4	2	2	GOBP_AMINOGLYCOSIDE_ANTIBIOTIC_METABOLIC_PROCESS
GOBP_AMINOPHOSPHOLIPID_TRANSLOCATION	7	4	2	2	GOBP_AMINOPHOSPHOLIPID_TRANSLOCATION
GOBP_AMINOPHOSPHOLIPID_TRANSPORT	9	6	3	3	GOBP_AMINOPHOSPHOLIPID_TRANSPORT
GOBP_AMINO_ACID_ACTIVATION	45	10	5	5	GOBP_AMINO_ACID_ACTIVATION
GOBP_AMINO_ACID_BETAINE_BIOSYNTHETIC_PROCESS	7	4	2	2	GOBP_AMINO_ACID_BETAINE_BIOSYNTHETIC_PROCESS
GOBP_AMINO_ACID_BETAINE_METABOLIC_PROCESS	19	11	6	5	GOBP_AMINO_ACID_BETAINE_METABOLIC_PROCESS
GOBP_AMINO_ACID_BETAINE_TRANSPORT	14	7	4	3	GOBP_AMINO_ACID_BETAINE_TRANSPORT
GOBP_AMINO_ACID_BIOSYNTHETIC_PROCESS	68	34	17	17	GOBP_AMINO_ACID_BIOSYNTHETIC_PROCESS
GOBP_AMINO_ACID_CATABOLIC_PROCESS	112	59	30	29	GOBP_AMINO_ACID_CATABOLIC_PROCESS
GOBP_AMINO_ACID_IMPORT_ACROSS_PLASMA_MEMBRANE	52	32	16	16	GOBP_AMINO_ACID_IMPORT_ACROSS_PLASMA_MEMBRANE
GOBP_AMINO_ACID_METABOLIC_PROCESS	282	130	65	65	GOBP_AMINO_ACID_METABOLIC_PROCESS
GOBP_AMINO_ACID_NEUROTRANSMITTER_REUPTAKE	10	4	2	2	GOBP_AMINO_ACID_NEUROTRANSMITTER_REUPTAKE
GOBP_AMINO_ACID_TRANSMEMBRANE_TRANSPORT	112	60	30	30	GOBP_AMINO_ACID_TRANSMEMBRANE_TRANSPORT
GOBP_AMINO_ACID_TRANSPORT	167	87	44	43	GOBP_AMINO_ACID_TRANSPORT
GOBP_AMINO_SUGAR_BIOSYNTHETIC_PROCESS	13	5	3	2	GOBP_AMINO_SUGAR_BIOSYNTHETIC_PROCESS
GOBP_AMINO_SUGAR_CATABOLIC_PROCESS	14	8	4	4	GOBP_AMINO_SUGAR_CATABOLIC_PROCESS
GOBP_AMINO_SUGAR_METABOLIC_PROCESS	43	25	13	12	GOBP_AMINO_SUGAR_METABOLIC_PROCESS
GOBP_AMMONIUM_HOMEOSTASIS	7	5	3	2	GOBP_AMMONIUM_HOMEOSTASIS
GOBP_AMMONIUM_ION_METABOLIC_PROCESS	25	15	8	7	GOBP_AMMONIUM_ION_METABOLIC_PROCESS
GOBP_AMMONIUM_TRANSMEMBRANE_TRANSPORT	11	8	4	4	GOBP_AMMONIUM_TRANSMEMBRANE_TRANSPORT
GOBP_AMPA_GLUTAMATE_RECEPTOR_CLUSTERING	11	7	4	3	GOBP_AMPA_GLUTAMATE_RECEPTOR_CLUSTERING
GOBP_AMPA_SELECTIVE_GLUTAMATE_RECEPTOR_SIGNALING_PATHWAY	5	3	2	1	GOBP_AMPA_SELECTIVE_GLUTAMATE_RECEPTOR_SIGNALING_PATHWAY
GOBP_AMP_BIOSYNTHETIC_PROCESS	13	5	3	2	GOBP_AMP_BIOSYNTHETIC_PROCESS
GOBP_AMP_CATABOLIC_PROCESS	5	3	2	1	GOBP_AMP_CATABOLIC_PROCESS
GOBP_AMP_METABOLIC_PROCESS	23	10	5	5	GOBP_AMP_METABOLIC_PROCESS
GOBP_AMYLIN_RECEPTOR_SIGNALING_PATHWAY	6	5	3	2	GOBP_AMYLIN_RECEPTOR_SIGNALING_PATHWAY
GOBP_AMYLOID_BETA_CLEARANCE	42	23	12	11	GOBP_AMYLOID_BETA_CLEARANCE
GOBP_AMYLOID_BETA_CLEARANCE_BY_CELLULAR_CATABOLIC_PROCESS	8	7	4	3	GOBP_AMYLOID_BETA_CLEARANCE_BY_CELLULAR_CATABOLIC_PROCESS
GOBP_AMYLOID_BETA_FORMATION	60	23	12	11	GOBP_AMYLOID_BETA_FORMATION
GOBP_AMYLOID_BETA_METABOLIC_PROCESS	74	33	17	16	GOBP_AMYLOID_BETA_METABOLIC_PROCESS
GOBP_AMYLOID_FIBRIL_FORMATION	45	24	12	12	GOBP_AMYLOID_FIBRIL_FORMATION
GOBP_AMYLOID_PRECURSOR_PROTEIN_BIOSYNTHETIC_PROCESS	27	7	4	3	GOBP_AMYLOID_PRECURSOR_PROTEIN_BIOSYNTHETIC_PROCESS
GOBP_AMYLOID_PRECURSOR_PROTEIN_CATABOLIC_PROCESS	74	27	14	13	GOBP_AMYLOID_PRECURSOR_PROTEIN_CATABOLIC_PROCESS
GOBP_AMYLOID_PRECURSOR_PROTEIN_METABOLIC_PROCESS	102	37	19	18	GOBP_AMYLOID_PRECURSOR_PROTEIN_METABOLIC_PROCESS
GOBP_ANAGEN	5	4	2	2	GOBP_ANAGEN
GOBP_ANAPHASE_PROMOTING_COMPLEX_DEPENDENT_CATABOLIC_PROCESS	24	11	6	5	GOBP_ANAPHASE_PROMOTING_COMPLEX_DEPENDENT_CATABOLIC_PROCESS
GOBP_ANATOMICAL_STRUCTURE_ARRANGEMENT	18	14	7	7	GOBP_ANATOMICAL_STRUCTURE_ARRANGEMENT
GOBP_ANATOMICAL_STRUCTURE_FORMATION_INVOLVED_IN_MORPHOGENESIS	1303	733	367	366	GOBP_ANATOMICAL_STRUCTURE_FORMATION_INVOLVED_IN_MORPHOGENESIS
GOBP_ANATOMICAL_STRUCTURE_MATURATION	284	157	79	78	GOBP_ANATOMICAL_STRUCTURE_MATURATION
GOBP_ANATOMICAL_STRUCTURE_REGRESSION	16	9	5	4	GOBP_ANATOMICAL_STRUCTURE_REGRESSION
GOBP_ANDROGEN_BIOSYNTHETIC_PROCESS	10	5	3	2	GOBP_ANDROGEN_BIOSYNTHETIC_PROCESS
GOBP_ANDROGEN_CATABOLIC_PROCESS	5	5	3	2	GOBP_ANDROGEN_CATABOLIC_PROCESS
GOBP_ANDROGEN_METABOLIC_PROCESS	30	18	9	9	GOBP_ANDROGEN_METABOLIC_PROCESS
GOBP_ANDROGEN_RECEPTOR_SIGNALING_PATHWAY	52	16	8	8	GOBP_ANDROGEN_RECEPTOR_SIGNALING_PATHWAY
GOBP_ANGIOGENESIS_INVOLVED_IN_WOUND_HEALING	33	20	10	10	GOBP_ANGIOGENESIS_INVOLVED_IN_WOUND_HEALING
GOBP_ANGIOTENSIN_ACTIVATED_SIGNALING_PATHWAY	23	12	6	6	GOBP_ANGIOTENSIN_ACTIVATED_SIGNALING_PATHWAY
GOBP_ANIMAL_ORGAN_FORMATION	69	42	21	21	GOBP_ANIMAL_ORGAN_FORMATION
GOBP_ANIMAL_ORGAN_MATURATION	32	22	11	11	GOBP_ANIMAL_ORGAN_MATURATION
GOBP_ANIMAL_ORGAN_MORPHOGENESIS	1038	608	304	304	GOBP_ANIMAL_ORGAN_MORPHOGENESIS
GOBP_ANIMAL_ORGAN_REGENERATION	53	31	16	15	GOBP_ANIMAL_ORGAN_REGENERATION
GOBP_ANOIKIS	36	16	8	8	GOBP_ANOIKIS
GOBP_ANTERIOR_COMMISSURE_MORPHOGENESIS	7	5	3	2	GOBP_ANTERIOR_COMMISSURE_MORPHOGENESIS
GOBP_ANTERIOR_HEAD_DEVELOPMENT	7	4	2	2	GOBP_ANTERIOR_HEAD_DEVELOPMENT
GOBP_ANTERIOR_POSTERIOR_AXIS_SPECIFICATION	60	33	17	16	GOBP_ANTERIOR_POSTERIOR_AXIS_SPECIFICATION
GOBP_ANTERIOR_POSTERIOR_AXON_GUIDANCE	7	7	4	3	GOBP_ANTERIOR_POSTERIOR_AXON_GUIDANCE
GOBP_ANTERIOR_POSTERIOR_PATTERN_SPECIFICATION	224	131	66	65	GOBP_ANTERIOR_POSTERIOR_PATTERN_SPECIFICATION
GOBP_ANTEROGRADE_AXONAL_TRANSPORT	47	19	10	9	GOBP_ANTEROGRADE_AXONAL_TRANSPORT
GOBP_ANTEROGRADE_DENDRITIC_TRANSPORT	11	5	3	2	GOBP_ANTEROGRADE_DENDRITIC_TRANSPORT
GOBP_ANTEROGRADE_DENDRITIC_TRANSPORT_OF_NEUROTRANSMITTER_RECEPTOR_COMPLEX	7	5	3	2	GOBP_ANTEROGRADE_DENDRITIC_TRANSPORT
GOBP_ANTEROGRADE_NEURONAL_DENSE_CORE_VESICLE_TRANSPORT	6	3	2	1	GOBP_ANTEROGRADE_NEURONAL_DENSE_CORE_VESICLE_TRANSPORT
GOBP_ANTIBACTERIAL_HUMORAL_RESPONSE	79	52	26	26	GOBP_ANTIBACTERIAL_HUMORAL_RESPONSE
GOBP_ANTIBACTERIAL_INNATE_IMMUNE_RESPONSE	12	4	2	2	GOBP_ANTIBACTERIAL_INNATE_IMMUNE_RESPONSE
GOBP_ANTIBACTERIAL_PEPTIDE_PRODUCTION	9	8	4	4	GOBP_ANTIBACTERIAL_PEPTIDE_PRODUCTION
GOBP_ANTIBODY_DEPENDENT_CELLULAR_CYTOTOXICITY	10	7	4	3	GOBP_ANTIBODY_DEPENDENT_CELLULAR_CYTOTOXICITY
GOBP_ANTIFUNGAL_HUMORAL_RESPONSE	13	10	5	5	GOBP_ANTIFUNGAL_HUMORAL_RESPONSE
GOBP_ANTIFUNGAL_INNATE_IMMUNE_RESPONSE	23	13	7	6	GOBP_ANTIFUNGAL_INNATE_IMMUNE_RESPONSE
GOBP_ANTIGEN_PROCESSING_AND_PRESENTATION	120	71	36	35	GOBP_ANTIGEN_PROCESSING_AND_PRESENTATION
GOBP_ANTIGEN_PROCESSING_AND_PRESENTATION_ENDOGENOUS_LIPID_ANTIGEN_VIA_MHC_CLASS_IB	5	4	2	2	GOBP_ANTIGEN_PROCESSING_AND_PRESENTATION_ENDOGENOUS_LIPID_ANTIGEN_VIA_MHC_CLASS_IB
GOBP_ANTIGEN_PROCESSING_AND_PRESENTATION_OF_ENDOGENOUS_ANTIGEN	31	19	10	9	GOBP_ANTIGEN_PROCESSING_AND_PRESENTATION_OF_ENDOGENOUS_ANTIGEN
GOBP_ANTIGEN_PROCESSING_AND_PRESENTATION_OF_ENDOGENOUS_PEPTIDE_ANTIGEN	24	14	7	7	GOBP_ANTIGEN_PROCESSING_AND_PRESENTATION_OF_ENDOGENOUS_PEPTIDE_ANTIGEN
GOBP_ANTIGEN_PROCESSING_AND_PRESENTATION_OF_EXOGENOUS_ANTIGEN	50	34	17	17	GOBP_ANTIGEN_PROCESSING_AND_PRESENTATION_OF_EXOGENOUS_ANTIGEN
GOBP_ANTIGEN_PROCESSING_AND_PRESENTATION_OF_EXOGENOUS_PEPTIDE_ANTIGEN	41	30	15	15	GOBP_ANTIGEN_PROCESSING_AND_PRESENTATION_OF_EXOGENOUS_PEPTIDE_ANTIGEN
GOBP_ANTIGEN_PROCESSING_AND_PRESENTATION_OF_EXOGENOUS_PEPTIDE_ANTIGEN_VIA_MHC_CLASS_I	9	6	3	3	GOBP_ANTIGEN_PROCESSING_AND_PRESENTATION_OF_EXOGENOUS_PEPTIDE_ANTIGEN_VIA_MHC_CLASS_I
GOBP_ANTIGEN_PROCESSING_AND_PRESENTATION_OF_EXOGENOUS_PEPTIDE_ANTIGEN_VIA_MHC_CLASS_II	31	23	12	11	GOBP_ANTIGEN_PROCESSING_AND_PRESENTATION_OF_EXOGENOUS_PEPTIDE_ANTIGEN_VIA_MHC_CLASS_II
GOBP_ANTIGEN_PROCESSING_AND_PRESENTATION_OF_LIPID_ANTIGEN_VIA_MHC_CLASS_IB	7	4	2	2	GOBP_ANTIGEN_PROCESSING_AND_PRESENTATION_ENDOGENOUS_LIPID_ANTIGEN_VIA_MHC_CLASS_IB
GOBP_ANTIGEN_PROCESSING_AND_PRESENTATION_OF_PEPTIDE_ANTIGEN	72	44	22	22	GOBP_ANTIGEN_PROCESSING_AND_PRESENTATION_OF_PEPTIDE_ANTIGEN
GOBP_ANTIGEN_PROCESSING_AND_PRESENTATION_OF_PEPTIDE_ANTIGEN_VIA_MHC_CLASS_I	37	20	10	10	GOBP_ANTIGEN_PROCESSING_AND_PRESENTATION_OF_PEPTIDE_ANTIGEN_VIA_MHC_CLASS_I
GOBP_ANTIGEN_PROCESSING_AND_PRESENTATION_OF_PEPTIDE_ANTIGEN_VIA_MHC_CLASS_IB	16	11	6	5	GOBP_ANTIGEN_PROCESSING_AND_PRESENTATION_OF_PEPTIDE_ANTIGEN_VIA_MHC_CLASS_IB
GOBP_ANTIGEN_PROCESSING_AND_PRESENTATION_OF_PEPTIDE_OR_POLYSACCHARIDE_ANTIGEN_VIA_MHC_CLASS_II	37	26	13	13	GOBP_ANTIGEN_PROCESSING_AND_PRESENTATION_OF_PEPTIDE_OR_POLYSACCHARIDE_ANTIGEN_VIA_MHC_CLASS_II
GOBP_ANTIGEN_PROCESSING_AND_PRESENTATION_VIA_MHC_CLASS_IB	23	15	8	7	GOBP_ANTIGEN_PROCESSING_AND_PRESENTATION_VIA_MHC_CLASS_IB
GOBP_ANTIGEN_RECEPTOR_MEDIATED_SIGNALING_PATHWAY	214	116	58	58	GOBP_ANTIGEN_RECEPTOR_MEDIATED_SIGNALING_PATHWAY
GOBP_ANTIMICROBIAL_HUMORAL_IMMUNE_RESPONSE_MEDIATED_BY_ANTIMICROBIAL_PEPTIDE	134	84	42	42	GOBP_ANTIMICROBIAL_HUMORAL_IMMUNE_RESPONSE_MEDIATED_BY_ANTIMICROBIAL_PEPTIDE
GOBP_ANTIMICROBIAL_HUMORAL_RESPONSE	184	122	61	61	GOBP_ANTIMICROBIAL_HUMORAL_RESPONSE
GOBP_ANTIMICROBIAL_PEPTIDE_PRODUCTION	11	10	5	5	GOBP_ANTIMICROBIAL_PEPTIDE_PRODUCTION
GOBP_ANTIVIRAL_INNATE_IMMUNE_RESPONSE	66	26	13	13	GOBP_ANTIVIRAL_INNATE_IMMUNE_RESPONSE
GOBP_ANTRAL_OVARIAN_FOLLICLE_GROWTH	12	7	4	3	GOBP_ANTRAL_OVARIAN_FOLLICLE_GROWTH
GOBP_AORTA_DEVELOPMENT	69	40	20	20	GOBP_AORTA_DEVELOPMENT
GOBP_AORTA_MORPHOGENESIS	38	22	11	11	GOBP_AORTA_MORPHOGENESIS
GOBP_AORTA_SMOOTH_MUSCLE_TISSUE_MORPHOGENESIS	6	4	2	2	GOBP_AORTA_SMOOTH_MUSCLE_TISSUE_MORPHOGENESIS
GOBP_AORTIC_VALVE_MORPHOGENESIS	39	29	15	14	GOBP_AORTIC_VALVE_MORPHOGENESIS
GOBP_APICAL_JUNCTION_ASSEMBLY	83	50	25	25	GOBP_APICAL_JUNCTION_ASSEMBLY
GOBP_APICAL_PROTEIN_LOCALIZATION	16	10	5	5	GOBP_APICAL_PROTEIN_LOCALIZATION
GOBP_APOLIPOPROTEIN_A_I_MEDIATED_SIGNALING_PATHWAY	7	3	2	1	GOBP_APOLIPOPROTEIN_A_I_MEDIATED_SIGNALING_PATHWAY
GOBP_APOPTOTIC_CELL_CLEARANCE	44	25	13	12	GOBP_APOPTOTIC_CELL_CLEARANCE
GOBP_APOPTOTIC_CHROMOSOME_CONDENSATION	5	3	2	1	GOBP_APOPTOTIC_CHROMOSOME_CONDENSATION
GOBP_APOPTOTIC_DNA_FRAGMENTATION	18	7	4	3	GOBP_APOPTOTIC_DNA_FRAGMENTATION
GOBP_APOPTOTIC_MITOCHONDRIAL_CHANGES	112	45	23	22	GOBP_APOPTOTIC_MITOCHONDRIAL_CHANGES
GOBP_APOPTOTIC_PROCESS	1986	975	488	487	GOBP_APOPTOTIC_PROCESS
GOBP_APOPTOTIC_PROCESS_INVOLVED_IN_DEVELOPMENT	44	24	12	12	GOBP_APOPTOTIC_PROCESS_INVOLVED_IN_DEVELOPMENT
GOBP_APOPTOTIC_PROCESS_INVOLVED_IN_HEART_MORPHOGENESIS	7	7	4	3	GOBP_APOPTOTIC_PROCESS_INVOLVED_IN_HEART_MORPHOGENESIS
GOBP_APOPTOTIC_PROCESS_INVOLVED_IN_MORPHOGENESIS	30	18	9	9	GOBP_APOPTOTIC_PROCESS_INVOLVED_IN_MORPHOGENESIS
GOBP_APOPTOTIC_PROCESS_IN_BONE_MARROW_CELL	6	3	2	1	GOBP_APOPTOTIC_PROCESS_IN_BONE_MARROW_CELL
GOBP_APOPTOTIC_SIGNALING_PATHWAY	640	302	151	151	GOBP_APOPTOTIC_SIGNALING_PATHWAY
GOBP_APPENDAGE_DEVELOPMENT	194	97	49	48	GOBP_APPENDAGE_DEVELOPMENT
GOBP_APPENDAGE_MORPHOGENESIS	156	81	41	40	GOBP_APPENDAGE_MORPHOGENESIS
GOBP_ARACHIDONATE_METABOLIC_PROCESS	52	26	13	13	GOBP_ARACHIDONATE_METABOLIC_PROCESS
GOBP_ARACHIDONATE_SECRETION	29	21	11	10	GOBP_ARACHIDONATE_SECRETION
GOBP_ARF_PROTEIN_SIGNAL_TRANSDUCTION	22	4	2	2	GOBP_ARF_PROTEIN_SIGNAL_TRANSDUCTION
GOBP_ARGININE_CATABOLIC_PROCESS	10	6	3	3	GOBP_ARGININE_CATABOLIC_PROCESS
GOBP_ARGININE_METABOLIC_PROCESS	23	15	8	7	GOBP_ARGININE_METABOLIC_PROCESS
GOBP_AROMATIC_AMINO_ACID_FAMILY_CATABOLIC_PROCESS	24	13	7	6	GOBP_AROMATIC_AMINO_ACID_FAMILY_CATABOLIC_PROCESS
GOBP_AROMATIC_AMINO_ACID_METABOLIC_PROCESS	40	21	11	10	GOBP_AROMATIC_AMINO_ACID_METABOLIC_PROCESS
GOBP_AROMATIC_AMINO_ACID_TRANSPORT	13	7	4	3	GOBP_AROMATIC_AMINO_ACID_TRANSPORT
GOBP_ARP2_3_COMPLEX_MEDIATED_ACTIN_NUCLEATION	46	13	7	6	GOBP_ARP2_3_COMPLEX_MEDIATED_ACTIN_NUCLEATION
GOBP_ARTERIAL_ENDOTHELIAL_CELL_DIFFERENTIATION	6	3	2	1	GOBP_ARTERIAL_ENDOTHELIAL_CELL_DIFFERENTIATION
GOBP_ARTERY_DEVELOPMENT	119	73	37	36	GOBP_ARTERY_DEVELOPMENT
GOBP_ARTERY_MORPHOGENESIS	84	51	26	25	GOBP_ARTERY_MORPHOGENESIS
GOBP_ARTERY_SMOOTH_MUSCLE_CONTRACTION	10	8	4	4	GOBP_ARTERY_SMOOTH_MUSCLE_CONTRACTION
GOBP_ARTICULAR_CARTILAGE_DEVELOPMENT	6	4	2	2	GOBP_ARTICULAR_CARTILAGE_DEVELOPMENT
GOBP_ASCENDING_AORTA_DEVELOPMENT	5	3	2	1	GOBP_ASCENDING_AORTA_DEVELOPMENT
GOBP_ASPARTATE_FAMILY_AMINO_ACID_BIOSYNTHETIC_PROCESS	15	9	5	4	GOBP_ASPARTATE_FAMILY_AMINO_ACID_BIOSYNTHETIC_PROCESS
GOBP_ASPARTATE_FAMILY_AMINO_ACID_CATABOLIC_PROCESS	11	8	4	4	GOBP_ASPARTATE_FAMILY_AMINO_ACID_CATABOLIC_PROCESS
GOBP_ASPARTATE_FAMILY_AMINO_ACID_METABOLIC_PROCESS	38	22	11	11	GOBP_ASPARTATE_FAMILY_AMINO_ACID_METABOLIC_PROCESS
GOBP_ASPARTATE_METABOLIC_PROCESS	9	4	2	2	GOBP_ASPARTATE_METABOLIC_PROCESS
GOBP_ASPARTATE_TRANSMEMBRANE_TRANSPORT	20	11	6	5	GOBP_ASPARTATE_TRANSMEMBRANE_TRANSPORT
GOBP_ASSOCIATIVE_LEARNING	93	50	25	25	GOBP_ASSOCIATIVE_LEARNING
GOBP_ASTRAL_MICROTUBULE_ORGANIZATION	11	4	2	2	GOBP_ASTRAL_MICROTUBULE_ORGANIZATION
GOBP_ASTROCYTE_ACTIVATION	26	14	7	7	GOBP_ASTROCYTE_ACTIVATION
GOBP_ASTROCYTE_CELL_MIGRATION	9	5	3	2	GOBP_ASTROCYTE_CELL_MIGRATION
GOBP_ASTROCYTE_DEVELOPMENT	43	23	12	11	GOBP_ASTROCYTE_DEVELOPMENT
GOBP_ASTROCYTE_DIFFERENTIATION	90	52	26	26	GOBP_ASTROCYTE_DIFFERENTIATION
GOBP_ASYMMETRIC_CELL_DIVISION	19	5	3	2	GOBP_ASYMMETRIC_CELL_DIVISION
GOBP_ATF6_MEDIATED_UNFOLDED_PROTEIN_RESPONSE	10	5	3	2	GOBP_ATF6_MEDIATED_UNFOLDED_PROTEIN_RESPONSE
GOBP_ATP_BIOSYNTHETIC_PROCESS	104	34	17	17	GOBP_ATP_BIOSYNTHETIC_PROCESS
GOBP_ATP_EXPORT	10	9	5	4	GOBP_ATP_EXPORT
GOBP_ATP_METABOLIC_PROCESS	236	97	49	48	GOBP_ATP_METABOLIC_PROCESS
GOBP_ATP_SYNTHESIS_COUPLED_ELECTRON_TRANSPORT	101	43	22	21	GOBP_ATP_SYNTHESIS_COUPLED_ELECTRON_TRANSPORT
GOBP_ATP_TRANSPORT	24	15	8	7	GOBP_ATP_TRANSPORT
GOBP_ATRIAL_CARDIAC_MUSCLE_CELL_MEMBRANE_REPOLARIZATION	11	6	3	3	GOBP_ATRIAL_CARDIAC_MUSCLE_CELL_MEMBRANE_REPOLARIZATION
GOBP_ATRIAL_CARDIAC_MUSCLE_CELL_TO_AV_NODE_CELL_COMMUNICATION	19	13	7	6	GOBP_ATRIAL_CARDIAC_MUSCLE_CELL_TO_AV_NODE_CELL_COMMUNICATION
GOBP_ATRIAL_CARDIAC_MUSCLE_TISSUE_DEVELOPMENT	23	17	9	8	GOBP_ATRIAL_CARDIAC_MUSCLE_TISSUE_DEVELOPMENT
GOBP_ATRIAL_CARDIAC_MUSCLE_TISSUE_MORPHOGENESIS	7	6	3	3	GOBP_ATRIAL_CARDIAC_MUSCLE_TISSUE_MORPHOGENESIS
GOBP_ATRIAL_SEPTUM_DEVELOPMENT	23	15	8	7	GOBP_ATRIAL_SEPTUM_DEVELOPMENT
GOBP_ATRIAL_SEPTUM_MORPHOGENESIS	16	11	6	5	GOBP_ATRIAL_SEPTUM_MORPHOGENESIS
GOBP_ATRIAL_SEPTUM_PRIMUM_MORPHOGENESIS	5	5	3	2	GOBP_ATRIAL_SEPTUM_PRIMUM_MORPHOGENESIS
GOBP_ATRIOVENTRICULAR_CANAL_DEVELOPMENT	13	8	4	4	GOBP_ATRIOVENTRICULAR_CANAL_DEVELOPMENT
GOBP_ATRIOVENTRICULAR_NODE_DEVELOPMENT	9	4	2	2	GOBP_ATRIOVENTRICULAR_NODE_DEVELOPMENT
GOBP_ATRIOVENTRICULAR_VALVE_DEVELOPMENT	31	19	10	9	GOBP_ATRIOVENTRICULAR_VALVE_DEVELOPMENT
GOBP_ATRIOVENTRICULAR_VALVE_FORMATION	8	4	2	2	GOBP_ATRIOVENTRICULAR_VALVE_FORMATION
GOBP_ATTACHMENT_OF_GPI_ANCHOR_TO_PROTEIN	6	4	2	2	GOBP_ATTACHMENT_OF_GPI_ANCHOR_TO_PROTEIN
GOBP_ATTACHMENT_OF_MITOTIC_SPINDLE_MICROTUBULES_TO_KINETOCHORE	26	15	8	7	GOBP_ATTACHMENT_OF_MITOTIC_SPINDLE_MICROTUBULES_TO_KINETOCHORE
GOBP_ATTACHMENT_OF_SPINDLE_MICROTUBULES_TO_KINETOCHORE	55	29	15	14	GOBP_ATTACHMENT_OF_SPINDLE_MICROTUBULES_TO_KINETOCHORE
GOBP_AUDITORY_RECEPTOR_CELL_DEVELOPMENT	30	15	8	7	GOBP_AUDITORY_RECEPTOR_CELL_DEVELOPMENT
GOBP_AUDITORY_RECEPTOR_CELL_MORPHOGENESIS	24	12	6	6	GOBP_AUDITORY_RECEPTOR_CELL_MORPHOGENESIS
GOBP_AUDITORY_RECEPTOR_CELL_STEREOCILIUM_ORGANIZATION	20	9	5	4	GOBP_AUDITORY_RECEPTOR_CELL_STEREOCILIUM_ORGANIZATION
GOBP_AUTOCRINE_SIGNALING	8	6	3	3	GOBP_AUTOCRINE_SIGNALING
GOBP_AUTONOMIC_NERVOUS_SYSTEM_DEVELOPMENT	46	38	19	19	GOBP_AUTONOMIC_NERVOUS_SYSTEM_DEVELOPMENT
GOBP_AUTOPHAGIC_CELL_DEATH	9	6	3	3	GOBP_AUTOPHAGIC_CELL_DEATH
GOBP_AUTOPHAGOSOME_LYSOSOME_FUSION	16	5	3	2	GOBP_AUTOPHAGOSOME_LYSOSOME_FUSION
GOBP_AUTOPHAGOSOME_MATURATION	70	9	5	4	GOBP_AUTOPHAGOSOME_MATURATION
GOBP_AUTOPHAGOSOME_ORGANIZATION	133	35	18	17	GOBP_AUTOPHAGOSOME_ORGANIZATION
GOBP_AUTOPHAGY_OF_MITOCHONDRION	116	38	19	19	GOBP_AUTOPHAGY_OF_MITOCHONDRION
GOBP_AUTOPHAGY_OF_PEROXISOME	16	5	3	2	GOBP_AUTOPHAGY_OF_PEROXISOME
GOBP_AUTOSOME_GENOMIC_IMPRINTING	6	4	2	2	GOBP_AUTOSOME_GENOMIC_IMPRINTING
GOBP_AV_NODE_CELL_TO_BUNDLE_OF_HIS_CELL_COMMUNICATION	14	9	5	4	GOBP_AV_NODE_CELL_TO_BUNDLE_OF_HIS_CELL_COMMUNICATION
GOBP_AV_NODE_CELL_TO_BUNDLE_OF_HIS_CELL_SIGNALING	11	7	4	3	GOBP_AV_NODE_CELL_TO_BUNDLE_OF_HIS_CELL_SIGNALING
GOBP_AXIAL_MESODERM_DEVELOPMENT	9	5	3	2	GOBP_AXIAL_MESODERM_DEVELOPMENT
GOBP_AXIS_ELONGATION	31	25	13	12	GOBP_AXIS_ELONGATION
GOBP_AXIS_ELONGATION_INVOLVED_IN_SOMITOGENESIS	5	4	2	2	GOBP_AXIS_ELONGATION_INVOLVED_IN_SOMITOGENESIS
GOBP_AXIS_SPECIFICATION	100	54	27	27	GOBP_AXIS_SPECIFICATION
GOBP_AXONAL_FASCICULATION	21	12	6	6	GOBP_AXONAL_FASCICULATION
GOBP_AXONAL_TRANSPORT	69	22	11	11	GOBP_AXONAL_TRANSPORT
GOBP_AXONAL_TRANSPORT_OF_MITOCHONDRION	16	4	2	2	GOBP_AXONAL_TRANSPORT_OF_MITOCHONDRION
GOBP_AXONEMAL_CENTRAL_APPARATUS_ASSEMBLY	6	3	2	1	GOBP_AXONEMAL_CENTRAL_APPARATUS_ASSEMBLY
GOBP_AXONEMAL_DYNEIN_COMPLEX_ASSEMBLY	40	13	7	6	GOBP_AXONEMAL_DYNEIN_COMPLEX_ASSEMBLY
GOBP_AXONEME_ASSEMBLY	105	34	17	17	GOBP_AXONEME_ASSEMBLY
GOBP_AXONOGENESIS_INVOLVED_IN_INNERVATION	10	8	4	4	GOBP_AXONOGENESIS_INVOLVED_IN_INNERVATION
GOBP_AXON_CHOICE_POINT_RECOGNITION	7	4	2	2	GOBP_AXON_CHOICE_POINT_RECOGNITION
GOBP_AXON_DEVELOPMENT	534	311	156	155	GOBP_AXON_DEVELOPMENT
GOBP_AXON_ENSHEATHMENT_IN_CENTRAL_NERVOUS_SYSTEM	25	18	9	9	GOBP_AXON_ENSHEATHMENT_IN_CENTRAL_NERVOUS_SYSTEM
GOBP_AXON_EXTENSION	113	59	30	29	GOBP_AXON_EXTENSION
GOBP_AXON_MIDLINE_CHOICE_POINT_RECOGNITION	5	3	2	1	GOBP_AXON_MIDLINE_CHOICE_POINT_RECOGNITION
GOBP_AXO_DENDRITIC_PROTEIN_TRANSPORT	9	6	3	3	GOBP_AXO_DENDRITIC_PROTEIN_TRANSPORT
GOBP_AXO_DENDRITIC_TRANSPORT	86	27	14	13	GOBP_AXO_DENDRITIC_TRANSPORT
GOBP_AZOLE_TRANSMEMBRANE_TRANSPORT	15	11	6	5	GOBP_AZOLE_TRANSMEMBRANE_TRANSPORT
GOBP_BARBED_END_ACTIN_FILAMENT_CAPPING	27	13	7	6	GOBP_BARBED_END_ACTIN_FILAMENT_CAPPING
GOBP_BASEMENT_MEMBRANE_ORGANIZATION	40	25	13	12	GOBP_BASEMENT_MEMBRANE_ORGANIZATION
GOBP_BASE_CONVERSION_OR_SUBSTITUTION_EDITING	18	10	5	5	GOBP_BASE_CONVERSION_OR_SUBSTITUTION_EDITING
GOBP_BASE_EXCISION_REPAIR	48	17	9	8	GOBP_BASE_EXCISION_REPAIR
GOBP_BASE_EXCISION_REPAIR_GAP_FILLING	14	6	3	3	GOBP_BASE_EXCISION_REPAIR_GAP_FILLING
GOBP_BASIC_AMINO_ACID_TRANSPORT	23	15	8	7	GOBP_BASIC_AMINO_ACID_TRANSPORT
GOBP_BASOLATERAL_PROTEIN_SECRETION	5	3	2	1	GOBP_BASOLATERAL_PROTEIN_SECRETION
GOBP_BEHAVIOR	697	386	193	193	GOBP_BEHAVIOR
GOBP_BEHAVIORAL_RESPONSE_TO_COCAINE	16	11	6	5	GOBP_BEHAVIORAL_RESPONSE_TO_COCAINE
GOBP_BEHAVIORAL_RESPONSE_TO_ETHANOL	10	8	4	4	GOBP_BEHAVIORAL_RESPONSE_TO_ETHANOL
GOBP_BEHAVIORAL_RESPONSE_TO_NICOTINE	9	8	4	4	GOBP_BEHAVIORAL_RESPONSE_TO_NICOTINE
GOBP_BEHAVIORAL_RESPONSE_TO_PAIN	20	15	8	7	GOBP_BEHAVIORAL_RESPONSE_TO_PAIN
GOBP_BENZENE_CONTAINING_COMPOUND_METABOLIC_PROCESS	23	11	6	5	GOBP_BENZENE_CONTAINING_COMPOUND_METABOLIC_PROCESS
GOBP_BERGMANN_GLIAL_CELL_DIFFERENTIATION	11	5	3	2	GOBP_BERGMANN_GLIAL_CELL_DIFFERENTIATION
GOBP_BICARBONATE_TRANSPORT	37	22	11	11	GOBP_BICARBONATE_TRANSPORT
GOBP_BILE_ACID_AND_BILE_SALT_TRANSPORT	30	20	10	10	GOBP_BILE_ACID_AND_BILE_SALT_TRANSPORT
GOBP_BILE_ACID_BIOSYNTHETIC_PROCESS	38	21	11	10	GOBP_BILE_ACID_BIOSYNTHETIC_PROCESS
GOBP_BILE_ACID_METABOLIC_PROCESS	51	29	15	14	GOBP_BILE_ACID_METABOLIC_PROCESS
GOBP_BILE_ACID_SECRETION	11	6	3	3	GOBP_BILE_ACID_SECRETION
GOBP_BINDING_OF_SPERM_TO_ZONA_PELLUCIDA	41	20	10	10	GOBP_BINDING_OF_SPERM_TO_ZONA_PELLUCIDA
GOBP_BIOLOGICAL_PHASE	9	8	4	4	GOBP_BIOLOGICAL_PHASE
GOBP_BIOLOGICAL_PROCESS_INVOLVED_IN_INTERACTION_WITH_HOST	179	105	53	52	GOBP_BIOLOGICAL_PROCESS_INVOLVED_IN_INTERACTION_WITH_HOST
GOBP_BIOLOGICAL_PROCESS_INVOLVED_IN_INTERACTION_WITH_SYMBIONT	42	17	9	8	GOBP_BIOLOGICAL_PROCESS_INVOLVED_IN_INTERACTION_WITH_SYMBIONT
GOBP_BIOLOGICAL_PROCESS_INVOLVED_IN_INTERSPECIES_INTERACTION_BETWEEN_ORGANISMS	1864	958	479	479	GOBP_BIOLOGICAL_PROCESS_INVOLVED_IN_INTERSPECIES_INTERACTION_BETWEEN_ORGANISMS
GOBP_BIOLOGICAL_PROCESS_INVOLVED_IN_INTRASPECIES_INTERACTION_BETWEEN_ORGANISMS	61	34	17	17	GOBP_BIOLOGICAL_PROCESS_INVOLVED_IN_INTRASPECIES_INTERACTION_BETWEEN_ORGANISMS
GOBP_BIOLOGICAL_PROCESS_INVOLVED_IN_SYMBIOTIC_INTERACTION	224	124	62	62	GOBP_BIOLOGICAL_PROCESS_INVOLVED_IN_SYMBIOTIC_INTERACTION
GOBP_BIOMINERAL_TISSUE_DEVELOPMENT	181	106	53	53	GOBP_BIOMINERAL_TISSUE_DEVELOPMENT
GOBP_BLASTOCYST_DEVELOPMENT	127	62	31	31	GOBP_BLASTOCYST_DEVELOPMENT
GOBP_BLASTOCYST_FORMATION	48	24	12	12	GOBP_BLASTOCYST_FORMATION
GOBP_BLASTOCYST_GROWTH	24	15	8	7	GOBP_BLASTOCYST_GROWTH
GOBP_BLASTODERM_SEGMENTATION	26	14	7	7	GOBP_BLASTODERM_SEGMENTATION
GOBP_BLEB_ASSEMBLY	11	7	4	3	GOBP_BLEB_ASSEMBLY
GOBP_BLOOD_COAGULATION_FIBRIN_CLOT_FORMATION	16	11	6	5	GOBP_BLOOD_COAGULATION_FIBRIN_CLOT_FORMATION
GOBP_BLOOD_COAGULATION_INTRINSIC_PATHWAY	8	5	3	2	GOBP_BLOOD_COAGULATION_INTRINSIC_PATHWAY
GOBP_BLOOD_VESSEL_ENDOTHELIAL_CELL_DIFFERENTIATION	14	7	4	3	GOBP_BLOOD_VESSEL_ENDOTHELIAL_CELL_DIFFERENTIATION
GOBP_BLOOD_VESSEL_ENDOTHELIAL_CELL_MIGRATION	187	75	38	37	GOBP_BLOOD_VESSEL_ENDOTHELIAL_CELL_MIGRATION
GOBP_BLOOD_VESSEL_ENDOTHELIAL_CELL_PROLIFERATION_INVOLVED_IN_SPROUTING_ANGIOGENESIS	56	19	10	9	GOBP_BLOOD_VESSEL_ENDOTHELIAL_CELL_PROLIFERATION_INVOLVED_IN_SPROUTING_ANGIOGENESIS
GOBP_BLOOD_VESSEL_MATURATION	7	5	3	2	GOBP_BLOOD_VESSEL_MATURATION
GOBP_BLOOD_VESSEL_MORPHOGENESIS	734	427	214	213	GOBP_BLOOD_VESSEL_MORPHOGENESIS
GOBP_BLOOD_VESSEL_REMODELING	54	30	15	15	GOBP_BLOOD_VESSEL_REMODELING
GOBP_BODY_FLUID_SECRETION	95	52	26	26	GOBP_BODY_FLUID_SECRETION
GOBP_BODY_MORPHOGENESIS	49	22	11	11	GOBP_BODY_MORPHOGENESIS
GOBP_BONE_CELL_DEVELOPMENT	19	10	5	5	GOBP_BONE_CELL_DEVELOPMENT
GOBP_BONE_DEVELOPMENT	218	118	59	59	GOBP_BONE_DEVELOPMENT
GOBP_BONE_GROWTH	34	18	9	9	GOBP_BONE_GROWTH
GOBP_BONE_MARROW_DEVELOPMENT	9	5	3	2	GOBP_BONE_MARROW_DEVELOPMENT
GOBP_BONE_MATURATION	28	19	10	9	GOBP_BONE_MATURATION
GOBP_BONE_MINERALIZATION	127	75	38	37	GOBP_BONE_MINERALIZATION
GOBP_BONE_MINERALIZATION_INVOLVED_IN_BONE_MATURATION	13	9	5	4	GOBP_BONE_MINERALIZATION_INVOLVED_IN_BONE_MATURATION
GOBP_BONE_MORPHOGENESIS	100	48	24	24	GOBP_BONE_MORPHOGENESIS
GOBP_BONE_REMODELING	88	48	24	24	GOBP_BONE_REMODELING
GOBP_BONE_RESORPTION	63	33	17	16	GOBP_BONE_RESORPTION
GOBP_BONE_TRABECULA_FORMATION	10	9	5	4	GOBP_BONE_TRABECULA_FORMATION
GOBP_BONE_TRABECULA_MORPHOGENESIS	13	9	5	4	GOBP_BONE_TRABECULA_FORMATION
GOBP_BOX_C_D_SNORNP_ASSEMBLY	10	3	2	1	GOBP_BOX_C_D_SNORNP_ASSEMBLY
GOBP_BRADYKININ_CATABOLIC_PROCESS	7	4	2	2	GOBP_BRADYKININ_CATABOLIC_PROCESS
GOBP_BRAIN_DERIVED_NEUROTROPHIC_FACTOR_RECEPTOR_SIGNALING_PATHWAY	7	3	2	1	GOBP_BRAIN_DERIVED_NEUROTROPHIC_FACTOR_RECEPTOR_SIGNALING_PATHWAY
GOBP_BRAIN_MORPHOGENESIS	37	22	11	11	GOBP_BRAIN_MORPHOGENESIS
GOBP_BRANCHED_CHAIN_AMINO_ACID_METABOLIC_PROCESS	26	12	6	6	GOBP_BRANCHED_CHAIN_AMINO_ACID_METABOLIC_PROCESS
GOBP_BRANCHED_CHAIN_AMINO_ACID_TRANSPORT	14	6	3	3	GOBP_BRANCHED_CHAIN_AMINO_ACID_TRANSPORT
GOBP_BRANCHING_INVOLVED_IN_BLOOD_VESSEL_MORPHOGENESIS	39	24	12	12	GOBP_BRANCHING_INVOLVED_IN_BLOOD_VESSEL_MORPHOGENESIS
GOBP_BRANCHING_INVOLVED_IN_LABYRINTHINE_LAYER_MORPHOGENESIS	14	12	6	6	GOBP_BRANCHING_INVOLVED_IN_LABYRINTHINE_LAYER_MORPHOGENESIS
GOBP_BRANCHING_INVOLVED_IN_MAMMARY_GLAND_DUCT_MORPHOGENESIS	25	15	8	7	GOBP_BRANCHING_INVOLVED_IN_MAMMARY_GLAND_DUCT_MORPHOGENESIS
GOBP_BRANCHING_INVOLVED_IN_PROSTATE_GLAND_MORPHOGENESIS	13	11	6	5	GOBP_BRANCHING_INVOLVED_IN_PROSTATE_GLAND_MORPHOGENESIS
GOBP_BRANCHING_INVOLVED_IN_SALIVARY_GLAND_MORPHOGENESIS	22	19	10	9	GOBP_BRANCHING_INVOLVED_IN_SALIVARY_GLAND_MORPHOGENESIS
GOBP_BRANCHING_MORPHOGENESIS_OF_AN_EPITHELIAL_TUBE	166	118	59	59	GOBP_BRANCHING_MORPHOGENESIS_OF_AN_EPITHELIAL_TUBE
GOBP_BRANCHING_MORPHOGENESIS_OF_A_NERVE	11	5	3	2	GOBP_BRANCHING_MORPHOGENESIS_OF_A_NERVE
GOBP_BRANCHIOMOTOR_NEURON_AXON_GUIDANCE	7	5	3	2	GOBP_BRANCHIOMOTOR_NEURON_AXON_GUIDANCE
GOBP_BRANCH_ELONGATION_INVOLVED_IN_MAMMARY_GLAND_DUCT_BRANCHING	6	4	2	2	GOBP_BRANCH_ELONGATION_INVOLVED_IN_MAMMARY_GLAND_DUCT_BRANCHING
GOBP_BRANCH_ELONGATION_OF_AN_EPITHELIUM	21	17	9	8	GOBP_BRANCH_ELONGATION_OF_AN_EPITHELIUM
GOBP_BRONCHIOLE_DEVELOPMENT	6	5	3	2	GOBP_BRONCHIOLE_DEVELOPMENT
GOBP_BRONCHUS_DEVELOPMENT	11	7	4	3	GOBP_BRONCHUS_DEVELOPMENT
GOBP_BROWN_FAT_CELL_DIFFERENTIATION	53	27	14	13	GOBP_BROWN_FAT_CELL_DIFFERENTIATION
GOBP_BRUSH_BORDER_ASSEMBLY	7	5	3	2	GOBP_BRUSH_BORDER_ASSEMBLY
GOBP_BUD_ELONGATION_INVOLVED_IN_LUNG_BRANCHING	7	5	3	2	GOBP_BUD_ELONGATION_INVOLVED_IN_LUNG_BRANCHING
GOBP_BUNDLE_OF_HIS_CELL_TO_PURKINJE_MYOCYTE_COMMUNICATION	15	12	6	6	GOBP_BUNDLE_OF_HIS_CELL_TO_PURKINJE_MYOCYTE_COMMUNICATION
GOBP_BUNDLE_OF_HIS_CELL_TO_PURKINJE_MYOCYTE_SIGNALING	7	4	2	2	GOBP_BUNDLE_OF_HIS_CELL_TO_PURKINJE_MYOCYTE_SIGNALING
GOBP_B_1_B_CELL_DIFFERENTIATION	5	3	2	1	GOBP_B_1_B_CELL_DIFFERENTIATION
GOBP_B_CELL_ACTIVATION	292	165	83	82	GOBP_B_CELL_ACTIVATION
GOBP_B_CELL_ACTIVATION_INVOLVED_IN_IMMUNE_RESPONSE	109	58	29	29	GOBP_B_CELL_ACTIVATION_INVOLVED_IN_IMMUNE_RESPONSE
GOBP_B_CELL_APOPTOTIC_PROCESS	28	9	5	4	GOBP_B_CELL_APOPTOTIC_PROCESS
GOBP_B_CELL_CHEMOTAXIS	8	6	3	3	GOBP_B_CELL_CHEMOTAXIS
GOBP_B_CELL_DIFFERENTIATION	149	80	40	40	GOBP_B_CELL_DIFFERENTIATION
GOBP_B_CELL_HOMEOSTASIS	37	14	7	7	GOBP_B_CELL_HOMEOSTASIS
GOBP_B_CELL_LINEAGE_COMMITMENT	6	4	2	2	GOBP_B_CELL_LINEAGE_COMMITMENT
GOBP_B_CELL_MEDIATED_IMMUNITY	198	96	48	48	GOBP_B_CELL_MEDIATED_IMMUNITY
GOBP_B_CELL_PROLIFERATION	93	65	33	32	GOBP_B_CELL_PROLIFERATION
GOBP_B_CELL_RECEPTOR_SIGNALING_PATHWAY	78	50	25	25	GOBP_B_CELL_RECEPTOR_SIGNALING_PATHWAY
GOBP_C21_STEROID_HORMONE_BIOSYNTHETIC_PROCESS	21	15	8	7	GOBP_C21_STEROID_HORMONE_BIOSYNTHETIC_PROCESS
GOBP_C21_STEROID_HORMONE_METABOLIC_PROCESS	38	26	13	13	GOBP_C21_STEROID_HORMONE_METABOLIC_PROCESS
GOBP_C4_DICARBOXYLATE_TRANSPORT	28	17	9	8	GOBP_C4_DICARBOXYLATE_TRANSPORT
GOBP_CADMIUM_ION_TRANSMEMBRANE_TRANSPORT	6	5	3	2	GOBP_CADMIUM_ION_TRANSMEMBRANE_TRANSPORT
GOBP_CALCINEURIN_MEDIATED_SIGNALING	54	29	15	14	GOBP_CALCINEURIN_MEDIATED_SIGNALING
GOBP_CALCITONIN_FAMILY_RECEPTOR_SIGNALING_PATHWAY	11	8	4	4	GOBP_CALCITONIN_FAMILY_RECEPTOR_SIGNALING_PATHWAY
GOBP_CALCITONIN_GENE_RELATED_PEPTIDE_RECEPTOR_SIGNALING_PATHWAY	6	4	2	2	GOBP_CALCITONIN_GENE_RELATED_PEPTIDE_RECEPTOR_SIGNALING_PATHWAY
GOBP_CALCIUM_ACTIVATED_PHOSPHOLIPID_SCRAMBLING	6	3	2	1	GOBP_CALCIUM_ACTIVATED_PHOSPHOLIPID_SCRAMBLING
GOBP_CALCIUM_DEPENDENT_CELL_CELL_ADHESION_VIA_PLASMA_MEMBRANE_CELL_ADHESION_MOLECULES	48	34	17	17	GOBP_CALCIUM_DEPENDENT_CELL_CELL_ADHESION_VIA_PLASMA_MEMBRANE_CELL_ADHESION_MOLECULES
GOBP_CALCIUM_IMPORT_INTO_THE_MITOCHONDRION	16	6	3	3	GOBP_CALCIUM_IMPORT_INTO_THE_MITOCHONDRION
GOBP_CALCIUM_INDEPENDENT_CELL_CELL_ADHESION_VIA_PLASMA_MEMBRANE_CELL_ADHESION_MOLECULES	23	21	11	10	GOBP_CALCIUM_INDEPENDENT_CELL_CELL_ADHESION_VIA_PLASMA_MEMBRANE_CELL_ADHESION_MOLECULES
GOBP_CALCIUM_ION_EXPORT_ACROSS_PLASMA_MEMBRANE	12	4	2	2	GOBP_CALCIUM_ION_EXPORT_ACROSS_PLASMA_MEMBRANE
GOBP_CALCIUM_ION_HOMEOSTASIS	330	190	95	95	GOBP_CALCIUM_ION_HOMEOSTASIS
GOBP_CALCIUM_ION_IMPORT	89	48	24	24	GOBP_CALCIUM_ION_IMPORT
GOBP_CALCIUM_ION_IMPORT_ACROSS_PLASMA_MEMBRANE	44	21	11	10	GOBP_CALCIUM_ION_IMPORT_ACROSS_PLASMA_MEMBRANE
GOBP_CALCIUM_ION_IMPORT_INTO_SARCOPLASMIC_RETICULUM	7	4	2	2	GOBP_CALCIUM_ION_IMPORT_INTO_SARCOPLASMIC_RETICULUM
GOBP_CALCIUM_ION_REGULATED_EXOCYTOSIS	67	35	18	17	GOBP_CALCIUM_ION_REGULATED_EXOCYTOSIS
GOBP_CALCIUM_ION_REGULATED_EXOCYTOSIS_OF_NEUROTRANSMITTER	15	7	4	3	GOBP_CALCIUM_ION_REGULATED_EXOCYTOSIS_OF_NEUROTRANSMITTER
GOBP_CALCIUM_ION_TRANSMEMBRANE_IMPORT_INTO_CYTOSOL	193	108	54	54	GOBP_CALCIUM_ION_TRANSMEMBRANE_IMPORT_INTO_CYTOSOL
GOBP_CALCIUM_ION_TRANSMEMBRANE_TRANSPORT	348	196	98	98	GOBP_CALCIUM_ION_TRANSMEMBRANE_TRANSPORT
GOBP_CALCIUM_ION_TRANSMEMBRANE_TRANSPORT_VIA_HIGH_VOLTAGE_GATED_CALCIUM_CHANNEL	22	10	5	5	GOBP_CALCIUM_ION_TRANSMEMBRANE_TRANSPORT_VIA_HIGH_VOLTAGE_GATED_CALCIUM_CHANNEL
GOBP_CALCIUM_ION_TRANSPORT	445	258	129	129	GOBP_CALCIUM_ION_TRANSPORT
GOBP_CALCIUM_ION_TRANSPORT_INTO_CYTOSOL	31	16	8	8	GOBP_CALCIUM_ION_TRANSPORT_INTO_CYTOSOL
GOBP_CALCIUM_MEDIATED_SIGNALING	240	146	73	73	GOBP_CALCIUM_MEDIATED_SIGNALING
GOBP_CAMERA_TYPE_EYE_MORPHOGENESIS	141	83	42	41	GOBP_CAMERA_TYPE_EYE_MORPHOGENESIS
GOBP_CAMERA_TYPE_EYE_PHOTORECEPTOR_CELL_DIFFERENTIATION	33	18	9	9	GOBP_CAMERA_TYPE_EYE_PHOTORECEPTOR_CELL_DIFFERENTIATION
GOBP_CAMKK_AMPK_SIGNALING_CASCADE	11	4	2	2	GOBP_CAMKK_AMPK_SIGNALING_CASCADE
GOBP_CAMP_BIOSYNTHETIC_PROCESS	10	4	2	2	GOBP_CAMP_BIOSYNTHETIC_PROCESS
GOBP_CAMP_CATABOLIC_PROCESS	9	3	2	1	GOBP_CAMP_CATABOLIC_PROCESS
GOBP_CAMP_MEDIATED_SIGNALING	29	13	7	6	GOBP_CAMP_MEDIATED_SIGNALING
GOBP_CAMP_METABOLIC_PROCESS	23	9	5	4	GOBP_CAMP_METABOLIC_PROCESS
GOBP_CAMP_PKA_SIGNAL_TRANSDUCTION	34	18	9	9	GOBP_CAMP_PKA_SIGNAL_TRANSDUCTION
GOBP_CANNABINOID_SIGNALING_PATHWAY	7	3	2	1	GOBP_CANNABINOID_SIGNALING_PATHWAY
GOBP_CANONICAL_NF_KAPPAB_SIGNAL_TRANSDUCTION	342	141	71	70	GOBP_CANONICAL_NF_KAPPAB_SIGNAL_TRANSDUCTION
GOBP_CANONICAL_WNT_SIGNALING_PATHWAY	330	151	76	75	GOBP_CANONICAL_WNT_SIGNALING_PATHWAY
GOBP_CARBOHYDRATE_BIOSYNTHETIC_PROCESS	198	98	49	49	GOBP_CARBOHYDRATE_BIOSYNTHETIC_PROCESS
GOBP_CARBOHYDRATE_CATABOLIC_PROCESS	181	87	44	43	GOBP_CARBOHYDRATE_CATABOLIC_PROCESS
GOBP_CARBOHYDRATE_DERIVATIVE_BIOSYNTHETIC_PROCESS	624	281	141	140	GOBP_CARBOHYDRATE_DERIVATIVE_BIOSYNTHETIC_PROCESS
GOBP_CARBOHYDRATE_DERIVATIVE_CATABOLIC_PROCESS	266	128	64	64	GOBP_CARBOHYDRATE_DERIVATIVE_CATABOLIC_PROCESS
GOBP_CARBOHYDRATE_DERIVATIVE_METABOLIC_PROCESS	1018	471	236	235	GOBP_CARBOHYDRATE_DERIVATIVE_METABOLIC_PROCESS
GOBP_CARBOHYDRATE_DERIVATIVE_TRANSPORT	92	52	26	26	GOBP_CARBOHYDRATE_DERIVATIVE_TRANSPORT
GOBP_CARBOHYDRATE_HOMEOSTASIS	279	129	65	64	GOBP_CARBOHYDRATE_HOMEOSTASIS
GOBP_CARBOHYDRATE_IMPORT_ACROSS_PLASMA_MEMBRANE	6	6	3	3	GOBP_CARBOHYDRATE_IMPORT_ACROSS_PLASMA_MEMBRANE
GOBP_CARBOHYDRATE_MEDIATED_SIGNALING	13	5	3	2	GOBP_CARBOHYDRATE_MEDIATED_SIGNALING
GOBP_CARBOHYDRATE_METABOLIC_PROCESS	571	274	137	137	GOBP_CARBOHYDRATE_METABOLIC_PROCESS
GOBP_CARBOHYDRATE_PHOSPHORYLATION	24	10	5	5	GOBP_CARBOHYDRATE_PHOSPHORYLATION
GOBP_CARBOHYDRATE_TRANSPORT	138	68	34	34	GOBP_CARBOHYDRATE_TRANSPORT
GOBP_CARBON_DIOXIDE_TRANSMEMBRANE_TRANSPORT	5	4	2	2	GOBP_CARBON_DIOXIDE_TRANSMEMBRANE_TRANSPORT
GOBP_CARBON_DIOXIDE_TRANSPORT	15	10	5	5	GOBP_CARBON_DIOXIDE_TRANSPORT
GOBP_CARDIAC_ATRIUM_DEVELOPMENT	37	25	13	12	GOBP_CARDIAC_ATRIUM_DEVELOPMENT
GOBP_CARDIAC_ATRIUM_MORPHOGENESIS	30	21	11	10	GOBP_CARDIAC_ATRIUM_MORPHOGENESIS
GOBP_CARDIAC_CELL_DEVELOPMENT	98	53	27	26	GOBP_CARDIAC_CELL_DEVELOPMENT
GOBP_CARDIAC_CELL_FATE_COMMITMENT	14	10	5	5	GOBP_CARDIAC_CELL_FATE_COMMITMENT
GOBP_CARDIAC_CHAMBER_DEVELOPMENT	177	105	53	52	GOBP_CARDIAC_CHAMBER_DEVELOPMENT
GOBP_CARDIAC_CHAMBER_FORMATION	12	10	5	5	GOBP_CARDIAC_CHAMBER_FORMATION
GOBP_CARDIAC_CHAMBER_MORPHOGENESIS	135	87	44	43	GOBP_CARDIAC_CHAMBER_MORPHOGENESIS
GOBP_CARDIAC_CONDUCTION	100	59	30	29	GOBP_CARDIAC_CONDUCTION
GOBP_CARDIAC_CONDUCTION_SYSTEM_DEVELOPMENT	37	24	12	12	GOBP_CARDIAC_CONDUCTION_SYSTEM_DEVELOPMENT
GOBP_CARDIAC_EPITHELIAL_TO_MESENCHYMAL_TRANSITION	40	27	14	13	GOBP_CARDIAC_EPITHELIAL_TO_MESENCHYMAL_TRANSITION
GOBP_CARDIAC_FIBROBLAST_CELL_DIFFERENTIATION	5	3	2	1	GOBP_CARDIAC_FIBROBLAST_CELL_DIFFERENTIATION
GOBP_CARDIAC_LEFT_VENTRICLE_MORPHOGENESIS	17	10	5	5	GOBP_CARDIAC_LEFT_VENTRICLE_MORPHOGENESIS
GOBP_CARDIAC_MUSCLE_CELL_ACTION_POTENTIAL	88	51	26	25	GOBP_CARDIAC_MUSCLE_CELL_ACTION_POTENTIAL
GOBP_CARDIAC_MUSCLE_CELL_ACTION_POTENTIAL_INVOLVED_IN_CONTRACTION	63	40	20	20	GOBP_CARDIAC_MUSCLE_CELL_ACTION_POTENTIAL_INVOLVED_IN_CONTRACTION
GOBP_CARDIAC_MUSCLE_CELL_CARDIAC_MUSCLE_CELL_ADHESION	7	7	4	3	GOBP_CARDIAC_MUSCLE_CELL_CARDIAC_MUSCLE_CELL_ADHESION
GOBP_CARDIAC_MUSCLE_CELL_CONTRACTION	91	56	28	28	GOBP_CARDIAC_MUSCLE_CELL_CONTRACTION
GOBP_CARDIAC_MUSCLE_CELL_DIFFERENTIATION	137	68	34	34	GOBP_CARDIAC_MUSCLE_CELL_DIFFERENTIATION
GOBP_CARDIAC_MUSCLE_CELL_FATE_COMMITMENT	8	7	4	3	GOBP_CARDIAC_MUSCLE_CELL_FATE_COMMITMENT
GOBP_CARDIAC_MUSCLE_CELL_MEMBRANE_REPOLARIZATION	42	23	12	11	GOBP_CARDIAC_MUSCLE_CELL_MEMBRANE_REPOLARIZATION
GOBP_CARDIAC_MUSCLE_CELL_MYOBLAST_DIFFERENTIATION	12	5	3	2	GOBP_CARDIAC_MUSCLE_CELL_MYOBLAST_DIFFERENTIATION
GOBP_CARDIAC_MUSCLE_CELL_PROLIFERATION	64	30	15	15	GOBP_CARDIAC_MUSCLE_CELL_PROLIFERATION
GOBP_CARDIAC_MUSCLE_CONTRACTION	154	93	47	46	GOBP_CARDIAC_MUSCLE_CONTRACTION
GOBP_CARDIAC_MUSCLE_TISSUE_DEVELOPMENT	256	137	69	68	GOBP_CARDIAC_MUSCLE_TISSUE_DEVELOPMENT
GOBP_CARDIAC_MUSCLE_TISSUE_MORPHOGENESIS	62	39	20	19	GOBP_CARDIAC_MUSCLE_TISSUE_MORPHOGENESIS
GOBP_CARDIAC_MYOFIBRIL_ASSEMBLY	20	10	5	5	GOBP_CARDIAC_MYOFIBRIL_ASSEMBLY
GOBP_CARDIAC_NEURAL_CREST_CELL_DEVELOPMENT_INVOLVED_IN_OUTFLOW_TRACT_MORPHOGENESIS	13	9	5	4	GOBP_CARDIAC_NEURAL_CREST_CELL_DEVELOPMENT_INVOLVED_IN_OUTFLOW_TRACT_MORPHOGENESIS
GOBP_CARDIAC_NEURAL_CREST_CELL_DIFFERENTIATION_INVOLVED_IN_HEART_DEVELOPMENT	16	11	6	5	GOBP_CARDIAC_NEURAL_CREST_CELL_DIFFERENTIATION_INVOLVED_IN_HEART_DEVELOPMENT
GOBP_CARDIAC_NEURAL_CREST_CELL_MIGRATION_INVOLVED_IN_OUTFLOW_TRACT_MORPHOGENESIS	11	8	4	4	GOBP_CARDIAC_NEURAL_CREST_CELL_MIGRATION_INVOLVED_IN_OUTFLOW_TRACT_MORPHOGENESIS
GOBP_CARDIAC_PACEMAKER_CELL_DEVELOPMENT	9	5	3	2	GOBP_CARDIAC_PACEMAKER_CELL_DEVELOPMENT
GOBP_CARDIAC_PACEMAKER_CELL_DIFFERENTIATION	11	7	4	3	GOBP_CARDIAC_PACEMAKER_CELL_DIFFERENTIATION
GOBP_CARDIAC_RIGHT_VENTRICLE_MORPHOGENESIS	21	13	7	6	GOBP_CARDIAC_RIGHT_VENTRICLE_MORPHOGENESIS
GOBP_CARDIAC_SEPTUM_CELL_DIFFERENTIATION	5	3	2	1	GOBP_CARDIAC_SEPTUM_CELL_DIFFERENTIATION
GOBP_CARDIAC_SEPTUM_DEVELOPMENT	115	66	33	33	GOBP_CARDIAC_SEPTUM_DEVELOPMENT
GOBP_CARDIAC_SEPTUM_MORPHOGENESIS	78	48	24	24	GOBP_CARDIAC_SEPTUM_MORPHOGENESIS
GOBP_CARDIAC_VASCULAR_SMOOTH_MUSCLE_CELL_DIFFERENTIATION	10	4	2	2	GOBP_CARDIAC_VASCULAR_SMOOTH_MUSCLE_CELL_DIFFERENTIATION
GOBP_CARDIAC_VENTRICLE_DEVELOPMENT	134	80	40	40	GOBP_CARDIAC_VENTRICLE_DEVELOPMENT
GOBP_CARDIAC_VENTRICLE_FORMATION	8	6	3	3	GOBP_CARDIAC_VENTRICLE_FORMATION
GOBP_CARDIAC_VENTRICLE_MORPHOGENESIS	74	50	25	25	GOBP_CARDIAC_VENTRICLE_MORPHOGENESIS
GOBP_CARDIOBLAST_DIFFERENTIATION	18	8	4	4	GOBP_CARDIOBLAST_DIFFERENTIATION
GOBP_CARDIOBLAST_PROLIFERATION	11	5	3	2	GOBP_CARDIOBLAST_PROLIFERATION
GOBP_CARDIOCYTE_DIFFERENTIATION	173	88	44	44	GOBP_CARDIOCYTE_DIFFERENTIATION
GOBP_CARDIOLIPIN_METABOLIC_PROCESS	14	7	4	3	GOBP_CARDIOLIPIN_METABOLIC_PROCESS
GOBP_CARNITINE_BIOSYNTHETIC_PROCESS	5	3	2	1	GOBP_CARNITINE_BIOSYNTHETIC_PROCESS
GOBP_CARNITINE_METABOLIC_PROCESS	14	8	4	4	GOBP_CARNITINE_METABOLIC_PROCESS
GOBP_CARNITINE_TRANSPORT	9	4	2	2	GOBP_CARNITINE_TRANSPORT
GOBP_CARTILAGE_CONDENSATION	21	12	6	6	GOBP_CARTILAGE_CONDENSATION
GOBP_CARTILAGE_DEVELOPMENT	215	130	65	65	GOBP_CARTILAGE_DEVELOPMENT
GOBP_CARTILAGE_DEVELOPMENT_INVOLVED_IN_ENDOCHONDRAL_BONE_MORPHOGENESIS	35	16	8	8	GOBP_CARTILAGE_DEVELOPMENT_INVOLVED_IN_ENDOCHONDRAL_BONE_MORPHOGENESIS
GOBP_CARTILAGE_MORPHOGENESIS	10	9	5	4	GOBP_CARTILAGE_MORPHOGENESIS
GOBP_CATECHOLAMINE_SECRETION	46	32	16	16	GOBP_CATECHOLAMINE_SECRETION
GOBP_CATECHOLAMINE_TRANSPORT	62	41	21	20	GOBP_CATECHOLAMINE_TRANSPORT
GOBP_CATECHOLAMINE_UPTAKE	19	11	6	5	GOBP_CATECHOLAMINE_UPTAKE
GOBP_CATECHOLAMINE_UPTAKE_INVOLVED_IN_SYNAPTIC_TRANSMISSION	12	6	3	3	GOBP_CATECHOLAMINE_UPTAKE_INVOLVED_IN_SYNAPTIC_TRANSMISSION
GOBP_CATECHOL_CONTAINING_COMPOUND_BIOSYNTHETIC_PROCESS	24	18	9	9	GOBP_CATECHOL_CONTAINING_COMPOUND_BIOSYNTHETIC_PROCESS
GOBP_CATECHOL_CONTAINING_COMPOUND_CATABOLIC_PROCESS	11	5	3	2	GOBP_CATECHOL_CONTAINING_COMPOUND_CATABOLIC_PROCESS
GOBP_CATECHOL_CONTAINING_COMPOUND_METABOLIC_PROCESS	58	43	22	21	GOBP_CATECHOL_CONTAINING_COMPOUND_METABOLIC_PROCESS
GOBP_CAVEOLA_ASSEMBLY	8	5	3	2	GOBP_CAVEOLA_ASSEMBLY
GOBP_CAVEOLIN_MEDIATED_ENDOCYTOSIS	12	6	3	3	GOBP_CAVEOLIN_MEDIATED_ENDOCYTOSIS
GOBP_CD27_SIGNALING_PATHWAY	5	4	2	2	GOBP_CD27_SIGNALING_PATHWAY
GOBP_CD40_SIGNALING_PATHWAY	16	9	5	4	GOBP_CD40_SIGNALING_PATHWAY
GOBP_CD4_POSITIVE_ALPHA_BETA_T_CELL_ACTIVATION	135	71	36	35	GOBP_CD4_POSITIVE_ALPHA_BETA_T_CELL_ACTIVATION
GOBP_CD4_POSITIVE_ALPHA_BETA_T_CELL_CYTOKINE_PRODUCTION	19	13	7	6	GOBP_CD4_POSITIVE_ALPHA_BETA_T_CELL_CYTOKINE_PRODUCTION
GOBP_CD4_POSITIVE_ALPHA_BETA_T_CELL_DIFFERENTIATION	108	58	29	29	GOBP_CD4_POSITIVE_ALPHA_BETA_T_CELL_DIFFERENTIATION
GOBP_CD4_POSITIVE_ALPHA_BETA_T_CELL_PROLIFERATION	22	10	5	5	GOBP_CD4_POSITIVE_ALPHA_BETA_T_CELL_PROLIFERATION
GOBP_CD4_POSITIVE_CD25_POSITIVE_ALPHA_BETA_REGULATORY_T_CELL_DIFFERENTIATION	11	9	5	4	GOBP_CD4_POSITIVE_CD25_POSITIVE_ALPHA_BETA_REGULATORY_T_CELL_DIFFERENTIATION
GOBP_CD4_POSITIVE_OR_CD8_POSITIVE_ALPHA_BETA_T_CELL_LINEAGE_COMMITMENT	36	19	10	9	GOBP_CD4_POSITIVE_OR_CD8_POSITIVE_ALPHA_BETA_T_CELL_LINEAGE_COMMITMENT
GOBP_CD8_POSITIVE_ALPHA_BETA_T_CELL_ACTIVATION	28	14	7	7	GOBP_CD8_POSITIVE_ALPHA_BETA_T_CELL_ACTIVATION
GOBP_CD8_POSITIVE_ALPHA_BETA_T_CELL_DIFFERENTIATION	15	8	4	4	GOBP_CD8_POSITIVE_ALPHA_BETA_T_CELL_DIFFERENTIATION
GOBP_CD8_POSITIVE_ALPHA_BETA_T_CELL_PROLIFERATION	8	4	2	2	GOBP_CD8_POSITIVE_ALPHA_BETA_T_CELL_PROLIFERATION
GOBP_CDC42_PROTEIN_SIGNAL_TRANSDUCTION	15	8	4	4	GOBP_CDC42_PROTEIN_SIGNAL_TRANSDUCTION
GOBP_CDP_CHOLINE_PATHWAY	7	4	2	2	GOBP_CDP_CHOLINE_PATHWAY
GOBP_CDP_DIACYLGLYCEROL_METABOLIC_PROCESS	14	6	3	3	GOBP_CDP_DIACYLGLYCEROL_METABOLIC_PROCESS
GOBP_CELLULAR_COMPONENT_ASSEMBLY_INVOLVED_IN_MORPHOGENESIS	136	63	32	31	GOBP_CELLULAR_COMPONENT_ASSEMBLY_INVOLVED_IN_MORPHOGENESIS
GOBP_CELLULAR_COMPONENT_DISASSEMBLY	470	199	100	99	GOBP_CELLULAR_COMPONENT_DISASSEMBLY
GOBP_CELLULAR_COMPONENT_DISASSEMBLY_INVOLVED_IN_EXECUTION_PHASE_OF_APOPTOSIS	30	13	7	6	GOBP_CELLULAR_COMPONENT_DISASSEMBLY_INVOLVED_IN_EXECUTION_PHASE_OF_APOPTOSIS
GOBP_CELLULAR_COMPONENT_MAINTENANCE	83	45	23	22	GOBP_CELLULAR_COMPONENT_MAINTENANCE
GOBP_CELLULAR_DEFENSE_RESPONSE	52	29	15	14	GOBP_CELLULAR_DEFENSE_RESPONSE
GOBP_CELLULAR_DETOXIFICATION_OF_ALDEHYDE	9	4	2	2	GOBP_CELLULAR_DETOXIFICATION_OF_ALDEHYDE
GOBP_CELLULAR_EXTRAVASATION	74	54	27	27	GOBP_CELLULAR_EXTRAVASATION
GOBP_CELLULAR_HOMEOSTASIS	851	440	220	220	GOBP_CELLULAR_HOMEOSTASIS
GOBP_CELLULAR_HYPEROSMOTIC_RESPONSE	22	14	7	7	GOBP_CELLULAR_HYPEROSMOTIC_RESPONSE
GOBP_CELLULAR_HYPOTONIC_RESPONSE	11	9	5	4	GOBP_CELLULAR_HYPOTONIC_RESPONSE
GOBP_CELLULAR_OXIDANT_DETOXIFICATION	98	57	29	28	GOBP_CELLULAR_OXIDANT_DETOXIFICATION
GOBP_CELLULAR_PIGMENTATION	64	23	12	11	GOBP_CELLULAR_PIGMENTATION
GOBP_CELLULAR_PROCESS_INVOLVED_IN_REPRODUCTION_IN_MULTICELLULAR_ORGANISM	443	196	98	98	GOBP_CELLULAR_PROCESS_INVOLVED_IN_REPRODUCTION_IN_MULTICELLULAR_ORGANISM
GOBP_CELLULAR_RESPIRATION	240	105	53	52	GOBP_CELLULAR_RESPIRATION
GOBP_CELLULAR_RESPONSE_TO_ABIOTIC_STIMULUS	352	177	89	88	GOBP_CELLULAR_RESPONSE_TO_ABIOTIC_STIMULUS
GOBP_CELLULAR_RESPONSE_TO_ACIDIC_PH	19	11	6	5	GOBP_CELLULAR_RESPONSE_TO_ACIDIC_PH
GOBP_CELLULAR_RESPONSE_TO_ACID_CHEMICAL	101	51	26	25	GOBP_CELLULAR_RESPONSE_TO_ACID_CHEMICAL
GOBP_CELLULAR_RESPONSE_TO_ALCOHOL	112	58	29	29	GOBP_CELLULAR_RESPONSE_TO_ALCOHOL
GOBP_CELLULAR_RESPONSE_TO_ALDEHYDE	17	11	6	5	GOBP_CELLULAR_RESPONSE_TO_ALDEHYDE
GOBP_CELLULAR_RESPONSE_TO_ALDOSTERONE	7	6	3	3	GOBP_CELLULAR_RESPONSE_TO_ALDOSTERONE
GOBP_CELLULAR_RESPONSE_TO_ALKALOID	37	20	10	10	GOBP_CELLULAR_RESPONSE_TO_ALKALOID
GOBP_CELLULAR_RESPONSE_TO_AMMONIUM_ION	5	5	3	2	GOBP_CELLULAR_RESPONSE_TO_AMMONIUM_ION
GOBP_CELLULAR_RESPONSE_TO_AMYLOID_BETA	49	24	12	12	GOBP_CELLULAR_RESPONSE_TO_AMYLOID_BETA
GOBP_CELLULAR_RESPONSE_TO_ANGIOTENSIN	39	18	9	9	GOBP_CELLULAR_RESPONSE_TO_ANGIOTENSIN
GOBP_CELLULAR_RESPONSE_TO_ANTIBIOTIC	11	6	3	3	GOBP_CELLULAR_RESPONSE_TO_ANTIBIOTIC
GOBP_CELLULAR_RESPONSE_TO_ARSENIC_CONTAINING_SUBSTANCE	17	9	5	4	GOBP_CELLULAR_RESPONSE_TO_ARSENIC_CONTAINING_SUBSTANCE
GOBP_CELLULAR_RESPONSE_TO_ATP	19	9	5	4	GOBP_CELLULAR_RESPONSE_TO_ATP
GOBP_CELLULAR_RESPONSE_TO_BIOTIC_STIMULUS	277	138	69	69	GOBP_CELLULAR_RESPONSE_TO_BIOTIC_STIMULUS
GOBP_CELLULAR_RESPONSE_TO_BRAIN_DERIVED_NEUROTROPHIC_FACTOR_STIMULUS	9	7	4	3	GOBP_CELLULAR_RESPONSE_TO_BRAIN_DERIVED_NEUROTROPHIC_FACTOR_STIMULUS
GOBP_CELLULAR_RESPONSE_TO_CADMIUM_ION	26	18	9	9	GOBP_CELLULAR_RESPONSE_TO_CADMIUM_ION
GOBP_CELLULAR_RESPONSE_TO_CAFFEINE	11	7	4	3	GOBP_CELLULAR_RESPONSE_TO_CAFFEINE
GOBP_CELLULAR_RESPONSE_TO_CALCIUM_ION	80	47	24	23	GOBP_CELLULAR_RESPONSE_TO_CALCIUM_ION
GOBP_CELLULAR_RESPONSE_TO_CAMP	58	32	16	16	GOBP_CELLULAR_RESPONSE_TO_CAMP
GOBP_CELLULAR_RESPONSE_TO_CARBOHYDRATE_STIMULUS	166	75	38	37	GOBP_CELLULAR_RESPONSE_TO_CARBOHYDRATE_STIMULUS
GOBP_CELLULAR_RESPONSE_TO_CGMP	7	4	2	2	GOBP_CELLULAR_RESPONSE_TO_CGMP
GOBP_CELLULAR_RESPONSE_TO_CHEMICAL_STRESS	330	164	82	82	GOBP_CELLULAR_RESPONSE_TO_CHEMICAL_STRESS
GOBP_CELLULAR_RESPONSE_TO_CHOLESTEROL	21	8	4	4	GOBP_CELLULAR_RESPONSE_TO_CHOLESTEROL
GOBP_CELLULAR_RESPONSE_TO_COCAINE	10	8	4	4	GOBP_CELLULAR_RESPONSE_TO_COCAINE
GOBP_CELLULAR_RESPONSE_TO_COLD	15	8	4	4	GOBP_CELLULAR_RESPONSE_TO_COLD
GOBP_CELLULAR_RESPONSE_TO_COPPER_ION	26	15	8	7	GOBP_CELLULAR_RESPONSE_TO_COPPER_ION
GOBP_CELLULAR_RESPONSE_TO_CORTICOSTEROID_STIMULUS	65	44	22	22	GOBP_CELLULAR_RESPONSE_TO_CORTICOSTEROID_STIMULUS
GOBP_CELLULAR_RESPONSE_TO_DEXAMETHASONE_STIMULUS	29	20	10	10	GOBP_CELLULAR_RESPONSE_TO_DEXAMETHASONE_STIMULUS
GOBP_CELLULAR_RESPONSE_TO_DSRNA	25	11	6	5	GOBP_CELLULAR_RESPONSE_TO_DSRNA
GOBP_CELLULAR_RESPONSE_TO_ELECTRICAL_STIMULUS	12	6	3	3	GOBP_CELLULAR_RESPONSE_TO_ELECTRICAL_STIMULUS
GOBP_CELLULAR_RESPONSE_TO_ENDOGENOUS_STIMULUS	1343	667	334	333	GOBP_CELLULAR_RESPONSE_TO_ENDOGENOUS_STIMULUS
GOBP_CELLULAR_RESPONSE_TO_EPINEPHRINE_STIMULUS	12	7	4	3	GOBP_CELLULAR_RESPONSE_TO_EPINEPHRINE_STIMULUS
GOBP_CELLULAR_RESPONSE_TO_ESTRADIOL_STIMULUS	36	24	12	12	GOBP_CELLULAR_RESPONSE_TO_ESTRADIOL_STIMULUS
GOBP_CELLULAR_RESPONSE_TO_ESTROGEN_STIMULUS	19	11	6	5	GOBP_CELLULAR_RESPONSE_TO_ESTROGEN_STIMULUS
GOBP_CELLULAR_RESPONSE_TO_ETHANOL	15	8	4	4	GOBP_CELLULAR_RESPONSE_TO_ETHANOL
GOBP_CELLULAR_RESPONSE_TO_ETHER	10	6	3	3	GOBP_CELLULAR_RESPONSE_TO_ETHER
GOBP_CELLULAR_RESPONSE_TO_EXOGENOUS_DSRNA	19	9	5	4	GOBP_CELLULAR_RESPONSE_TO_EXOGENOUS_DSRNA
GOBP_CELLULAR_RESPONSE_TO_EXTERNAL_STIMULUS	78	44	22	22	GOBP_CELLULAR_RESPONSE_TO_EXTERNAL_STIMULUS
GOBP_CELLULAR_RESPONSE_TO_FATTY_ACID	41	28	14	14	GOBP_CELLULAR_RESPONSE_TO_FATTY_ACID
GOBP_CELLULAR_RESPONSE_TO_FLUID_SHEAR_STRESS	34	13	7	6	GOBP_CELLULAR_RESPONSE_TO_FLUID_SHEAR_STRESS
GOBP_CELLULAR_RESPONSE_TO_FOLLICLE_STIMULATING_HORMONE_STIMULUS	12	8	4	4	GOBP_CELLULAR_RESPONSE_TO_FOLLICLE_STIMULATING_HORMONE_STIMULUS
GOBP_CELLULAR_RESPONSE_TO_GAMMA_RADIATION	28	11	6	5	GOBP_CELLULAR_RESPONSE_TO_GAMMA_RADIATION
GOBP_CELLULAR_RESPONSE_TO_GLUCAGON_STIMULUS	11	6	3	3	GOBP_CELLULAR_RESPONSE_TO_GLUCAGON_STIMULUS
GOBP_CELLULAR_RESPONSE_TO_GLUCOCORTICOID_STIMULUS	55	36	18	18	GOBP_CELLULAR_RESPONSE_TO_GLUCOCORTICOID_STIMULUS
GOBP_CELLULAR_RESPONSE_TO_GLUCOSE_STARVATION	50	20	10	10	GOBP_CELLULAR_RESPONSE_TO_GLUCOSE_STARVATION
GOBP_CELLULAR_RESPONSE_TO_GONADOTROPIN_RELEASING_HORMONE	6	4	2	2	GOBP_CELLULAR_RESPONSE_TO_GONADOTROPIN_RELEASING_HORMONE
GOBP_CELLULAR_RESPONSE_TO_GONADOTROPIN_STIMULUS	20	13	7	6	GOBP_CELLULAR_RESPONSE_TO_GONADOTROPIN_STIMULUS
GOBP_CELLULAR_RESPONSE_TO_GROWTH_HORMONE_STIMULUS	29	11	6	5	GOBP_CELLULAR_RESPONSE_TO_GROWTH_HORMONE_STIMULUS
GOBP_CELLULAR_RESPONSE_TO_HEAT	67	33	17	16	GOBP_CELLULAR_RESPONSE_TO_HEAT
GOBP_CELLULAR_RESPONSE_TO_HISTAMINE	6	4	2	2	GOBP_CELLULAR_RESPONSE_TO_HISTAMINE
GOBP_CELLULAR_RESPONSE_TO_HORMONE_STIMULUS	681	334	167	167	GOBP_CELLULAR_RESPONSE_TO_HORMONE_STIMULUS
GOBP_CELLULAR_RESPONSE_TO_HYDROGEN_PEROXIDE	71	29	15	14	GOBP_CELLULAR_RESPONSE_TO_HYDROGEN_PEROXIDE
GOBP_CELLULAR_RESPONSE_TO_HYDROPEROXIDE	9	6	3	3	GOBP_CELLULAR_RESPONSE_TO_HYDROPEROXIDE
GOBP_CELLULAR_RESPONSE_TO_INCREASED_OXYGEN_LEVELS	13	5	3	2	GOBP_CELLULAR_RESPONSE_TO_INCREASED_OXYGEN_LEVELS
GOBP_CELLULAR_RESPONSE_TO_INSULIN_LIKE_GROWTH_FACTOR_STIMULUS	12	8	4	4	GOBP_CELLULAR_RESPONSE_TO_INSULIN_LIKE_GROWTH_FACTOR_STIMULUS
GOBP_CELLULAR_RESPONSE_TO_INSULIN_STIMULUS	219	89	45	44	GOBP_CELLULAR_RESPONSE_TO_INSULIN_STIMULUS
GOBP_CELLULAR_RESPONSE_TO_INTERFERON_ALPHA	11	6	3	3	GOBP_CELLULAR_RESPONSE_TO_INTERFERON_ALPHA
GOBP_CELLULAR_RESPONSE_TO_INTERFERON_BETA	29	10	5	5	GOBP_CELLULAR_RESPONSE_TO_INTERFERON_BETA
GOBP_CELLULAR_RESPONSE_TO_INTERLEUKIN_1	90	45	23	22	GOBP_CELLULAR_RESPONSE_TO_INTERLEUKIN_1
GOBP_CELLULAR_RESPONSE_TO_IONIZING_RADIATION	75	36	18	18	GOBP_CELLULAR_RESPONSE_TO_IONIZING_RADIATION
GOBP_CELLULAR_RESPONSE_TO_IRON_ION	8	4	2	2	GOBP_CELLULAR_RESPONSE_TO_IRON_ION
GOBP_CELLULAR_RESPONSE_TO_KETONE	115	66	33	33	GOBP_CELLULAR_RESPONSE_TO_KETONE
GOBP_CELLULAR_RESPONSE_TO_LAMINAR_FLUID_SHEAR_STRESS	18	7	4	3	GOBP_CELLULAR_RESPONSE_TO_LAMINAR_FLUID_SHEAR_STRESS
GOBP_CELLULAR_RESPONSE_TO_LEPTIN_STIMULUS	17	8	4	4	GOBP_CELLULAR_RESPONSE_TO_LEPTIN_STIMULUS
GOBP_CELLULAR_RESPONSE_TO_LEUCINE_STARVATION	12	5	3	2	GOBP_CELLULAR_RESPONSE_TO_LEUCINE_STARVATION
GOBP_CELLULAR_RESPONSE_TO_LIGHT_STIMULUS	123	49	25	24	GOBP_CELLULAR_RESPONSE_TO_LIGHT_STIMULUS
GOBP_CELLULAR_RESPONSE_TO_LIPID	652	350	175	175	GOBP_CELLULAR_RESPONSE_TO_LIPID
GOBP_CELLULAR_RESPONSE_TO_LIPOPROTEIN_PARTICLE_STIMULUS	46	24	12	12	GOBP_CELLULAR_RESPONSE_TO_LIPOPROTEIN_PARTICLE_STIMULUS
GOBP_CELLULAR_RESPONSE_TO_LUTEINIZING_HORMONE_STIMULUS	5	3	2	1	GOBP_CELLULAR_RESPONSE_TO_LUTEINIZING_HORMONE_STIMULUS
GOBP_CELLULAR_RESPONSE_TO_L_GLUTAMATE	9	4	2	2	GOBP_CELLULAR_RESPONSE_TO_L_GLUTAMATE
GOBP_CELLULAR_RESPONSE_TO_L_LEUCINE	12	5	3	2	GOBP_CELLULAR_RESPONSE_TO_L_LEUCINE
GOBP_CELLULAR_RESPONSE_TO_MACROPHAGE_COLONY_STIMULATING_FACTOR_STIMULUS	13	6	3	3	GOBP_CELLULAR_RESPONSE_TO_MACROPHAGE_COLONY_STIMULATING_FACTOR_STIMULUS
GOBP_CELLULAR_RESPONSE_TO_MAGNESIUM_ION	7	4	2	2	GOBP_CELLULAR_RESPONSE_TO_MAGNESIUM_ION
GOBP_CELLULAR_RESPONSE_TO_MANGANESE_ION	10	3	2	1	GOBP_CELLULAR_RESPONSE_TO_MANGANESE_ION
GOBP_CELLULAR_RESPONSE_TO_METAL_ION	184	109	55	54	GOBP_CELLULAR_RESPONSE_TO_METAL_ION
GOBP_CELLULAR_RESPONSE_TO_MINERALOCORTICOID_STIMULUS	12	9	5	4	GOBP_CELLULAR_RESPONSE_TO_MINERALOCORTICOID_STIMULUS
GOBP_CELLULAR_RESPONSE_TO_MOLECULE_OF_BACTERIAL_ORIGIN	250	127	64	63	GOBP_CELLULAR_RESPONSE_TO_MOLECULE_OF_BACTERIAL_ORIGIN
GOBP_CELLULAR_RESPONSE_TO_NICOTINE	8	4	2	2	GOBP_CELLULAR_RESPONSE_TO_NICOTINE
GOBP_CELLULAR_RESPONSE_TO_NITROGEN_COMPOUND	681	337	169	168	GOBP_CELLULAR_RESPONSE_TO_NITROGEN_COMPOUND
GOBP_CELLULAR_RESPONSE_TO_NITROSATIVE_STRESS	6	3	2	1	GOBP_CELLULAR_RESPONSE_TO_NITROSATIVE_STRESS
GOBP_CELLULAR_RESPONSE_TO_NUTRIENT	50	24	12	12	GOBP_CELLULAR_RESPONSE_TO_NUTRIENT
GOBP_CELLULAR_RESPONSE_TO_NUTRIENT_LEVELS	256	112	56	56	GOBP_CELLULAR_RESPONSE_TO_NUTRIENT_LEVELS
GOBP_CELLULAR_RESPONSE_TO_OSMOTIC_STRESS	60	36	18	18	GOBP_CELLULAR_RESPONSE_TO_OSMOTIC_STRESS
GOBP_CELLULAR_RESPONSE_TO_OXIDATIVE_STRESS	259	122	61	61	GOBP_CELLULAR_RESPONSE_TO_OXIDATIVE_STRESS
GOBP_CELLULAR_RESPONSE_TO_OXIDISED_LOW_DENSITY_LIPOPROTEIN_PARTICLE_STIMULUS	14	8	4	4	GOBP_CELLULAR_RESPONSE_TO_OXIDISED_LOW_DENSITY_LIPOPROTEIN_PARTICLE_STIMULUS
GOBP_CELLULAR_RESPONSE_TO_OXYGEN_CONTAINING_COMPOUND	1257	639	320	319	GOBP_CELLULAR_RESPONSE_TO_OXYGEN_CONTAINING_COMPOUND
GOBP_CELLULAR_RESPONSE_TO_OXYGEN_LEVELS	183	92	46	46	GOBP_CELLULAR_RESPONSE_TO_OXYGEN_LEVELS
GOBP_CELLULAR_RESPONSE_TO_OXYGEN_RADICAL	23	13	7	6	GOBP_CELLULAR_RESPONSE_TO_OXYGEN_RADICAL
GOBP_CELLULAR_RESPONSE_TO_PARATHYROID_HORMONE_STIMULUS	11	7	4	3	GOBP_CELLULAR_RESPONSE_TO_PARATHYROID_HORMONE_STIMULUS
GOBP_CELLULAR_RESPONSE_TO_PEPTIDE	16	6	3	3	GOBP_CELLULAR_RESPONSE_TO_PEPTIDE
GOBP_CELLULAR_RESPONSE_TO_PEPTIDE_HORMONE_STIMULUS	335	155	78	77	GOBP_CELLULAR_RESPONSE_TO_PEPTIDE_HORMONE_STIMULUS
GOBP_CELLULAR_RESPONSE_TO_PEPTIDOGLYCAN	7	3	2	1	GOBP_CELLULAR_RESPONSE_TO_PEPTIDOGLYCAN
GOBP_CELLULAR_RESPONSE_TO_PH	27	17	9	8	GOBP_CELLULAR_RESPONSE_TO_PH
GOBP_CELLULAR_RESPONSE_TO_POTASSIUM_ION	14	11	6	5	GOBP_CELLULAR_RESPONSE_TO_POTASSIUM_ION
GOBP_CELLULAR_RESPONSE_TO_PROSTAGLANDIN_E_STIMULUS	19	7	4	3	GOBP_CELLULAR_RESPONSE_TO_PROSTAGLANDIN_E_STIMULUS
GOBP_CELLULAR_RESPONSE_TO_PROSTAGLANDIN_STIMULUS	26	14	7	7	GOBP_CELLULAR_RESPONSE_TO_PROSTAGLANDIN_STIMULUS
GOBP_CELLULAR_RESPONSE_TO_PURINE_CONTAINING_COMPOUND	13	9	5	4	GOBP_CELLULAR_RESPONSE_TO_PURINE_CONTAINING_COMPOUND
GOBP_CELLULAR_RESPONSE_TO_RADIATION	187	80	40	40	GOBP_CELLULAR_RESPONSE_TO_RADIATION
GOBP_CELLULAR_RESPONSE_TO_REACTIVE_NITROGEN_SPECIES	18	12	6	6	GOBP_CELLULAR_RESPONSE_TO_REACTIVE_NITROGEN_SPECIES
GOBP_CELLULAR_RESPONSE_TO_REACTIVE_OXYGEN_SPECIES	152	71	36	35	GOBP_CELLULAR_RESPONSE_TO_REACTIVE_OXYGEN_SPECIES
GOBP_CELLULAR_RESPONSE_TO_RETINOIC_ACID	69	42	21	21	GOBP_CELLULAR_RESPONSE_TO_RETINOIC_ACID
GOBP_CELLULAR_RESPONSE_TO_SALT_STRESS	14	8	4	4	GOBP_CELLULAR_RESPONSE_TO_SALT_STRESS
GOBP_CELLULAR_RESPONSE_TO_STARVATION	188	81	41	40	GOBP_CELLULAR_RESPONSE_TO_STARVATION
GOBP_CELLULAR_RESPONSE_TO_STEROID_HORMONE_STIMULUS	221	109	55	54	GOBP_CELLULAR_RESPONSE_TO_STEROID_HORMONE_STIMULUS
GOBP_CELLULAR_RESPONSE_TO_STEROL	26	12	6	6	GOBP_CELLULAR_RESPONSE_TO_STEROL
GOBP_CELLULAR_RESPONSE_TO_STEROL_DEPLETION	17	8	4	4	GOBP_CELLULAR_RESPONSE_TO_STEROL_DEPLETION
GOBP_CELLULAR_RESPONSE_TO_STRESS	1928	857	429	428	GOBP_CELLULAR_RESPONSE_TO_STRESS
GOBP_CELLULAR_RESPONSE_TO_TESTOSTERONE_STIMULUS	11	7	4	3	GOBP_CELLULAR_RESPONSE_TO_TESTOSTERONE_STIMULUS
GOBP_CELLULAR_RESPONSE_TO_THYROID_HORMONE_STIMULUS	12	7	4	3	GOBP_CELLULAR_RESPONSE_TO_THYROID_HORMONE_STIMULUS
GOBP_CELLULAR_RESPONSE_TO_TOPOLOGICALLY_INCORRECT_PROTEIN	117	49	25	24	GOBP_CELLULAR_RESPONSE_TO_TOPOLOGICALLY_INCORRECT_PROTEIN
GOBP_CELLULAR_RESPONSE_TO_TOXIC_SUBSTANCE	138	81	41	40	GOBP_CELLULAR_RESPONSE_TO_TOXIC_SUBSTANCE
GOBP_CELLULAR_RESPONSE_TO_TYPE_III_INTERFERON	11	4	2	2	GOBP_CELLULAR_RESPONSE_TO_TYPE_III_INTERFERON
GOBP_CELLULAR_RESPONSE_TO_TYPE_II_INTERFERON	102	47	24	23	GOBP_CELLULAR_RESPONSE_TO_TYPE_II_INTERFERON
GOBP_CELLULAR_RESPONSE_TO_UNFOLDED_PROTEIN	102	44	22	22	GOBP_CELLULAR_RESPONSE_TO_UNFOLDED_PROTEIN
GOBP_CELLULAR_RESPONSE_TO_UV	91	35	18	17	GOBP_CELLULAR_RESPONSE_TO_UV
GOBP_CELLULAR_RESPONSE_TO_UV_A	11	9	5	4	GOBP_CELLULAR_RESPONSE_TO_UV_A
GOBP_CELLULAR_RESPONSE_TO_UV_B	12	8	4	4	GOBP_CELLULAR_RESPONSE_TO_UV_B
GOBP_CELLULAR_RESPONSE_TO_VASCULAR_ENDOTHELIAL_GROWTH_FACTOR_STIMULUS	85	49	25	24	GOBP_CELLULAR_RESPONSE_TO_VASCULAR_ENDOTHELIAL_GROWTH_FACTOR_STIMULUS
GOBP_CELLULAR_RESPONSE_TO_VIRUS	89	43	22	21	GOBP_CELLULAR_RESPONSE_TO_VIRUS
GOBP_CELLULAR_RESPONSE_TO_VITAMIN	31	17	9	8	GOBP_CELLULAR_RESPONSE_TO_VITAMIN
GOBP_CELLULAR_RESPONSE_TO_VITAMIN_D	24	12	6	6	GOBP_CELLULAR_RESPONSE_TO_VITAMIN_D
GOBP_CELLULAR_RESPONSE_TO_WATER_STIMULUS	6	4	2	2	GOBP_CELLULAR_RESPONSE_TO_WATER_STIMULUS
GOBP_CELLULAR_RESPONSE_TO_XENOBIOTIC_STIMULUS	204	115	58	57	GOBP_CELLULAR_RESPONSE_TO_XENOBIOTIC_STIMULUS
GOBP_CELLULAR_RESPONSE_TO_X_RAY	11	8	4	4	GOBP_CELLULAR_RESPONSE_TO_X_RAY
GOBP_CELLULAR_RESPONSE_TO_ZINC_ION	25	14	7	7	GOBP_CELLULAR_RESPONSE_TO_ZINC_ION
GOBP_CELLULAR_SENESCENCE	111	47	24	23	GOBP_CELLULAR_SENESCENCE
GOBP_CELL_ACTIVATION	1177	650	325	325	GOBP_CELL_ACTIVATION
GOBP_CELL_ACTIVATION_INVOLVED_IN_IMMUNE_RESPONSE	327	181	91	90	GOBP_CELL_ACTIVATION_INVOLVED_IN_IMMUNE_RESPONSE
GOBP_CELL_ADHESION	1561	909	455	454	GOBP_CELL_ADHESION
GOBP_CELL_ADHESION_INVOLVED_IN_HEART_MORPHOGENESIS	9	3	2	1	GOBP_CELL_ADHESION_INVOLVED_IN_HEART_MORPHOGENESIS
GOBP_CELL_ADHESION_MEDIATED_BY_INTEGRIN	89	59	30	29	GOBP_CELL_ADHESION_MEDIATED_BY_INTEGRIN
GOBP_CELL_ADHESION_MOLECULE_PRODUCTION	23	7	4	3	GOBP_CELL_ADHESION_MOLECULE_PRODUCTION
GOBP_CELL_AGGREGATION	25	15	8	7	GOBP_CELL_AGGREGATION
GOBP_CELL_CELL_ADHESION	999	587	294	293	GOBP_CELL_CELL_ADHESION
GOBP_CELL_CELL_ADHESION_INVOLVED_IN_GASTRULATION	12	5	3	2	GOBP_CELL_CELL_ADHESION_INVOLVED_IN_GASTRULATION
GOBP_CELL_CELL_ADHESION_MEDIATED_BY_CADHERIN	53	35	18	17	GOBP_CELL_CELL_ADHESION_MEDIATED_BY_CADHERIN
GOBP_CELL_CELL_ADHESION_MEDIATED_BY_INTEGRIN	18	9	5	4	GOBP_CELL_CELL_ADHESION_MEDIATED_BY_INTEGRIN
GOBP_CELL_CELL_ADHESION_VIA_PLASMA_MEMBRANE_ADHESION_MOLECULES	282	173	87	86	GOBP_CELL_CELL_ADHESION_VIA_PLASMA_MEMBRANE_ADHESION_MOLECULES
GOBP_CELL_CELL_JUNCTION_ASSEMBLY	163	110	55	55	GOBP_CELL_CELL_JUNCTION_ASSEMBLY
GOBP_CELL_CELL_JUNCTION_DISASSEMBLY	7	5	3	2	GOBP_CELL_CELL_JUNCTION_DISASSEMBLY
GOBP_CELL_CELL_JUNCTION_MAINTENANCE	21	15	8	7	GOBP_CELL_CELL_JUNCTION_MAINTENANCE
GOBP_CELL_CELL_JUNCTION_ORGANIZATION	225	149	75	74	GOBP_CELL_CELL_JUNCTION_ORGANIZATION
GOBP_CELL_CELL_RECOGNITION	78	44	22	22	GOBP_CELL_CELL_RECOGNITION
GOBP_CELL_CELL_SIGNALING	1375	806	403	403	GOBP_CELL_CELL_SIGNALING
GOBP_CELL_CELL_SIGNALING_INVOLVED_IN_CARDIAC_CONDUCTION	33	21	11	10	GOBP_CELL_CELL_SIGNALING_INVOLVED_IN_CARDIAC_CONDUCTION
GOBP_CELL_CHEMOTAXIS	328	212	106	106	GOBP_CELL_CHEMOTAXIS
GOBP_CELL_COMMUNICATION_BY_ELECTRICAL_COUPLING	34	19	10	9	GOBP_CELL_COMMUNICATION_BY_ELECTRICAL_COUPLING
GOBP_CELL_COMMUNICATION_BY_ELECTRICAL_COUPLING_INVOLVED_IN_CARDIAC_CONDUCTION	26	15	8	7	GOBP_CELL_COMMUNICATION_BY_ELECTRICAL_COUPLING_INVOLVED_IN_CARDIAC_CONDUCTION
GOBP_CELL_COMMUNICATION_INVOLVED_IN_CARDIAC_CONDUCTION	60	38	19	19	GOBP_CELL_COMMUNICATION_INVOLVED_IN_CARDIAC_CONDUCTION
GOBP_CELL_CYCLE	1705	737	369	368	GOBP_CELL_CYCLE
GOBP_CELL_CYCLE_CHECKPOINT_SIGNALING	185	90	45	45	GOBP_CELL_CYCLE_CHECKPOINT_SIGNALING
GOBP_CELL_CYCLE_DNA_REPLICATION	47	27	14	13	GOBP_CELL_CYCLE_DNA_REPLICATION
GOBP_CELL_CYCLE_DNA_REPLICATION_INITIATION	5	5	3	2	GOBP_CELL_CYCLE_DNA_REPLICATION_INITIATION
GOBP_CELL_CYCLE_G1_S_PHASE_TRANSITION	272	119	60	59	GOBP_CELL_CYCLE_G1_S_PHASE_TRANSITION
GOBP_CELL_CYCLE_G2_M_PHASE_TRANSITION	161	75	38	37	GOBP_CELL_CYCLE_G2_M_PHASE_TRANSITION
GOBP_CELL_CYCLE_PHASE_TRANSITION	570	258	129	129	GOBP_CELL_CYCLE_PHASE_TRANSITION
GOBP_CELL_CYCLE_PROCESS	1348	591	296	295	GOBP_CELL_CYCLE_PROCESS
GOBP_CELL_DIFFERENTIATION_INVOLVED_IN_EMBRYONIC_PLACENTA_DEVELOPMENT	26	14	7	7	GOBP_CELL_DIFFERENTIATION_INVOLVED_IN_EMBRYONIC_PLACENTA_DEVELOPMENT
GOBP_CELL_DIFFERENTIATION_INVOLVED_IN_KIDNEY_DEVELOPMENT	59	42	21	21	GOBP_CELL_DIFFERENTIATION_INVOLVED_IN_KIDNEY_DEVELOPMENT
GOBP_CELL_DIFFERENTIATION_INVOLVED_IN_METANEPHROS_DEVELOPMENT	22	16	8	8	GOBP_CELL_DIFFERENTIATION_INVOLVED_IN_METANEPHROS_DEVELOPMENT
GOBP_CELL_DIFFERENTIATION_IN_HINDBRAIN	24	12	6	6	GOBP_CELL_DIFFERENTIATION_IN_HINDBRAIN
GOBP_CELL_DIFFERENTIATION_IN_SPINAL_CORD	53	32	16	16	GOBP_CELL_DIFFERENTIATION_IN_SPINAL_CORD
GOBP_CELL_DIVISION	652	290	145	145	GOBP_CELL_DIVISION
GOBP_CELL_FATE_COMMITMENT	302	188	94	94	GOBP_CELL_FATE_COMMITMENT
GOBP_CELL_FATE_COMMITMENT_INVOLVED_IN_FORMATION_OF_PRIMARY_GERM_LAYER	34	23	12	11	GOBP_CELL_FATE_COMMITMENT_INVOLVED_IN_FORMATION_OF_PRIMARY_GERM_LAYER
GOBP_CELL_FATE_COMMITMENT_INVOLVED_IN_PATTERN_SPECIFICATION	11	9	5	4	GOBP_CELL_FATE_COMMITMENT_INVOLVED_IN_PATTERN_SPECIFICATION
GOBP_CELL_FATE_DETERMINATION	43	30	15	15	GOBP_CELL_FATE_DETERMINATION
GOBP_CELL_FATE_SPECIFICATION	111	71	36	35	GOBP_CELL_FATE_SPECIFICATION
GOBP_CELL_FATE_SPECIFICATION_INVOLVED_IN_PATTERN_SPECIFICATION	7	6	3	3	GOBP_CELL_FATE_SPECIFICATION_INVOLVED_IN_PATTERN_SPECIFICATION
GOBP_CELL_GROWTH	500	243	122	121	GOBP_CELL_GROWTH
GOBP_CELL_JUNCTION_ASSEMBLY	525	303	152	151	GOBP_CELL_JUNCTION_ASSEMBLY
GOBP_CELL_JUNCTION_DISASSEMBLY	33	17	9	8	GOBP_CELL_JUNCTION_DISASSEMBLY
GOBP_CELL_JUNCTION_MAINTENANCE	53	31	16	15	GOBP_CELL_JUNCTION_MAINTENANCE
GOBP_CELL_JUNCTION_ORGANIZATION	857	474	237	237	GOBP_CELL_JUNCTION_ORGANIZATION
GOBP_CELL_KILLING	268	156	78	78	GOBP_CELL_KILLING
GOBP_CELL_MATRIX_ADHESION	242	130	65	65	GOBP_CELL_MATRIX_ADHESION
GOBP_CELL_MATURATION	219	116	58	58	GOBP_CELL_MATURATION
GOBP_CELL_MIGRATION_INVOLVED_IN_GASTRULATION	14	8	4	4	GOBP_CELL_MIGRATION_INVOLVED_IN_GASTRULATION
GOBP_CELL_MIGRATION_INVOLVED_IN_HEART_DEVELOPMENT	21	15	8	7	GOBP_CELL_MIGRATION_INVOLVED_IN_HEART_DEVELOPMENT
GOBP_CELL_MIGRATION_INVOLVED_IN_KIDNEY_DEVELOPMENT	6	6	3	3	GOBP_CELL_MIGRATION_INVOLVED_IN_KIDNEY_DEVELOPMENT
GOBP_CELL_MIGRATION_INVOLVED_IN_METANEPHROS_DEVELOPMENT	5	5	3	2	GOBP_CELL_MIGRATION_INVOLVED_IN_METANEPHROS_DEVELOPMENT
GOBP_CELL_MIGRATION_INVOLVED_IN_SPROUTING_ANGIOGENESIS	102	36	18	18	GOBP_CELL_MIGRATION_INVOLVED_IN_SPROUTING_ANGIOGENESIS
GOBP_CELL_MIGRATION_IN_HINDBRAIN	17	10	5	5	GOBP_CELL_MIGRATION_IN_HINDBRAIN
GOBP_CELL_MORPHOGENESIS	1019	537	269	268	GOBP_CELL_MORPHOGENESIS
GOBP_CELL_MORPHOGENESIS_INVOLVED_IN_NEURON_DIFFERENTIATION	603	337	169	168	GOBP_CELL_MORPHOGENESIS_INVOLVED_IN_NEURON_DIFFERENTIATION
GOBP_CELL_MOTILITY	1936	1023	512	511	GOBP_CELL_MOTILITY
GOBP_CELL_PROJECTION_ASSEMBLY	649	237	119	118	GOBP_CELL_PROJECTION_ASSEMBLY
GOBP_CELL_PROJECTION_MORPHOGENESIS	686	374	187	187	GOBP_CELL_PROJECTION_MORPHOGENESIS
GOBP_CELL_PROJECTION_ORGANIZATION	1693	801	401	400	GOBP_CELL_PROJECTION_ORGANIZATION
GOBP_CELL_PROLIFERATION_INVOLVED_IN_HEART_MORPHOGENESIS	21	9	5	4	GOBP_CELL_PROLIFERATION_INVOLVED_IN_HEART_MORPHOGENESIS
GOBP_CELL_PROLIFERATION_INVOLVED_IN_KIDNEY_DEVELOPMENT	23	18	9	9	GOBP_CELL_PROLIFERATION_INVOLVED_IN_KIDNEY_DEVELOPMENT
GOBP_CELL_PROLIFERATION_INVOLVED_IN_METANEPHROS_DEVELOPMENT	10	9	5	4	GOBP_CELL_PROLIFERATION_INVOLVED_IN_METANEPHROS_DEVELOPMENT
GOBP_CELL_PROLIFERATION_IN_BONE_MARROW	10	6	3	3	GOBP_CELL_PROLIFERATION_IN_BONE_MARROW
GOBP_CELL_PROLIFERATION_IN_FOREBRAIN	28	19	10	9	GOBP_CELL_PROLIFERATION_IN_FOREBRAIN
GOBP_CELL_PROLIFERATION_IN_HINDBRAIN	13	10	5	5	GOBP_CELL_PROLIFERATION_IN_HINDBRAIN
GOBP_CELL_PROLIFERATION_IN_MIDBRAIN	8	5	3	2	GOBP_CELL_PROLIFERATION_IN_MIDBRAIN
GOBP_CELL_RECOGNITION	162	101	51	50	GOBP_CELL_RECOGNITION
GOBP_CELL_REDOX_HOMEOSTASIS	44	21	11	10	GOBP_CELL_REDOX_HOMEOSTASIS
GOBP_CELL_SUBSTRATE_ADHESION	364	203	102	101	GOBP_CELL_SUBSTRATE_ADHESION
GOBP_CELL_SUBSTRATE_JUNCTION_ORGANIZATION	102	49	25	24	GOBP_CELL_SUBSTRATE_JUNCTION_ORGANIZATION
GOBP_CELL_SURFACE_PATTERN_RECOGNITION_RECEPTOR_SIGNALING_PATHWAY	85	33	17	16	GOBP_CELL_SURFACE_PATTERN_RECOGNITION_RECEPTOR_SIGNALING_PATHWAY
GOBP_CELL_SURFACE_RECEPTOR_PROTEIN_SERINE_THREONINE_KINASE_SIGNALING_PATHWAY	442	215	108	107	GOBP_CELL_SURFACE_RECEPTOR_PROTEIN_SERINE_THREONINE_KINASE_SIGNALING_PATHWAY
GOBP_CELL_SURFACE_RECEPTOR_PROTEIN_TYROSINE_KINASE_SIGNALING_PATHWAY	681	340	170	170	GOBP_CELL_SURFACE_RECEPTOR_PROTEIN_TYROSINE_KINASE_SIGNALING_PATHWAY
GOBP_CELL_SURFACE_RECEPTOR_PROTEIN_TYROSINE_PHOSPHATASE_SIGNALING_PATHWAY	7	4	2	2	GOBP_CELL_SURFACE_RECEPTOR_PROTEIN_TYROSINE_PHOSPHATASE_SIGNALING_PATHWAY
GOBP_CELL_SURFACE_RECEPTOR_SIGNALING_PATHWAY_VIA_JAK_STAT	131	62	31	31	GOBP_CELL_SURFACE_RECEPTOR_SIGNALING_PATHWAY_VIA_JAK_STAT
GOBP_CELL_SURFACE_RECEPTOR_SIGNALING_PATHWAY_VIA_STAT	163	76	38	38	GOBP_CELL_SURFACE_RECEPTOR_SIGNALING_PATHWAY_VIA_STAT
GOBP_CELL_SURFACE_TOLL_LIKE_RECEPTOR_SIGNALING_PATHWAY	76	25	13	12	GOBP_CELL_SURFACE_TOLL_LIKE_RECEPTOR_SIGNALING_PATHWAY
GOBP_CELL_VOLUME_HOMEOSTASIS	37	16	8	8	GOBP_CELL_VOLUME_HOMEOSTASIS
GOBP_CEMENTUM_MINERALIZATION	6	4	2	2	GOBP_CEMENTUM_MINERALIZATION
GOBP_CENTRAL_NERVOUS_SYSTEM_DEVELOPMENT	1075	553	277	276	GOBP_CENTRAL_NERVOUS_SYSTEM_DEVELOPMENT
GOBP_CENTRAL_NERVOUS_SYSTEM_MYELIN_FORMATION	6	3	2	1	GOBP_CENTRAL_NERVOUS_SYSTEM_MYELIN_FORMATION
GOBP_CENTRAL_NERVOUS_SYSTEM_MYELIN_MAINTENANCE	5	4	2	2	GOBP_CENTRAL_NERVOUS_SYSTEM_MYELIN_MAINTENANCE
GOBP_CENTRAL_NERVOUS_SYSTEM_NEURON_AXONOGENESIS	38	21	11	10	GOBP_CENTRAL_NERVOUS_SYSTEM_NEURON_AXONOGENESIS
GOBP_CENTRAL_NERVOUS_SYSTEM_NEURON_DEVELOPMENT	99	60	30	30	GOBP_CENTRAL_NERVOUS_SYSTEM_NEURON_DEVELOPMENT
GOBP_CENTRAL_NERVOUS_SYSTEM_NEURON_DIFFERENTIATION	242	139	70	69	GOBP_CENTRAL_NERVOUS_SYSTEM_NEURON_DIFFERENTIATION
GOBP_CENTRAL_NERVOUS_SYSTEM_PROJECTION_NEURON_AXONOGENESIS	29	16	8	8	GOBP_CENTRAL_NERVOUS_SYSTEM_PROJECTION_NEURON_AXONOGENESIS
GOBP_CENTRAL_NERVOUS_SYSTEM_VASCULOGENESIS	5	3	2	1	GOBP_CENTRAL_NERVOUS_SYSTEM_VASCULOGENESIS
GOBP_CENTRIOLE_ASSEMBLY	52	17	9	8	GOBP_CENTRIOLE_ASSEMBLY
GOBP_CENTRIOLE_ELONGATION	11	4	2	2	GOBP_CENTRIOLE_ELONGATION
GOBP_CENTROMERE_COMPLEX_ASSEMBLY	30	17	9	8	GOBP_CENTROMERE_COMPLEX_ASSEMBLY
GOBP_CENTROMERIC_SISTER_CHROMATID_COHESION	12	7	4	3	GOBP_CENTROMERIC_SISTER_CHROMATID_COHESION
GOBP_CENTROSOME_DUPLICATION	81	33	17	16	GOBP_CENTROSOME_DUPLICATION
GOBP_CENTROSOME_SEPARATION	16	6	3	3	GOBP_CENTROSOME_SEPARATION
GOBP_CERAMIDE_BIOSYNTHETIC_PROCESS	71	34	17	17	GOBP_CERAMIDE_BIOSYNTHETIC_PROCESS
GOBP_CERAMIDE_CATABOLIC_PROCESS	26	12	6	6	GOBP_CERAMIDE_CATABOLIC_PROCESS
GOBP_CERAMIDE_METABOLIC_PROCESS	113	58	29	29	GOBP_CERAMIDE_METABOLIC_PROCESS
GOBP_CERAMIDE_TRANSPORT	18	9	5	4	GOBP_CERAMIDE_TRANSPORT
GOBP_CEREBELLAR_CORTEX_DEVELOPMENT	56	25	13	12	GOBP_CEREBELLAR_CORTEX_DEVELOPMENT
GOBP_CEREBELLAR_CORTEX_FORMATION	27	11	6	5	GOBP_CEREBELLAR_CORTEX_FORMATION
GOBP_CEREBELLAR_CORTEX_MORPHOGENESIS	38	18	9	9	GOBP_CEREBELLAR_CORTEX_MORPHOGENESIS
GOBP_CEREBELLAR_GRANULAR_LAYER_DEVELOPMENT	13	8	4	4	GOBP_CEREBELLAR_GRANULAR_LAYER_DEVELOPMENT
GOBP_CEREBELLAR_GRANULAR_LAYER_FORMATION	7	5	3	2	GOBP_CEREBELLAR_GRANULAR_LAYER_FORMATION
GOBP_CEREBELLAR_GRANULAR_LAYER_MORPHOGENESIS	9	7	4	3	GOBP_CEREBELLAR_GRANULAR_LAYER_MORPHOGENESIS
GOBP_CEREBELLAR_PURKINJE_CELL_LAYER_DEVELOPMENT	30	11	6	5	GOBP_CEREBELLAR_PURKINJE_CELL_LAYER_DEVELOPMENT
GOBP_CEREBELLAR_PURKINJE_CELL_LAYER_FORMATION	16	5	3	2	GOBP_CEREBELLAR_PURKINJE_CELL_LAYER_FORMATION
GOBP_CEREBELLAR_PURKINJE_CELL_LAYER_MORPHOGENESIS	20	7	4	3	GOBP_CEREBELLAR_PURKINJE_CELL_LAYER_MORPHOGENESIS
GOBP_CEREBRAL_CORTEX_CELL_MIGRATION	50	19	10	9	GOBP_CEREBRAL_CORTEX_CELL_MIGRATION
GOBP_CEREBRAL_CORTEX_DEVELOPMENT	131	56	28	28	GOBP_CEREBRAL_CORTEX_DEVELOPMENT
GOBP_CEREBRAL_CORTEX_GABAERGIC_INTERNEURON_DEVELOPMENT	8	5	3	2	GOBP_CEREBRAL_CORTEX_GABAERGIC_INTERNEURON_DEVELOPMENT
GOBP_CEREBRAL_CORTEX_GABAERGIC_INTERNEURON_DIFFERENTIATION	12	8	4	4	GOBP_CEREBRAL_CORTEX_GABAERGIC_INTERNEURON_DIFFERENTIATION
GOBP_CEREBRAL_CORTEX_GABAERGIC_INTERNEURON_MIGRATION	6	5	3	2	GOBP_CEREBRAL_CORTEX_GABAERGIC_INTERNEURON_DEVELOPMENT
GOBP_CEREBRAL_CORTEX_NEURON_DIFFERENTIATION	28	14	7	7	GOBP_CEREBRAL_CORTEX_NEURON_DIFFERENTIATION
GOBP_CEREBRAL_CORTEX_RADIALLY_ORIENTED_CELL_MIGRATION	38	14	7	7	GOBP_CEREBRAL_CORTEX_RADIALLY_ORIENTED_CELL_MIGRATION
GOBP_CEREBRAL_CORTEX_REGIONALIZATION	7	4	2	2	GOBP_CEREBRAL_CORTEX_REGIONALIZATION
GOBP_CEREBRAL_CORTEX_TANGENTIAL_MIGRATION	6	5	3	2	GOBP_CEREBRAL_CORTEX_TANGENTIAL_MIGRATION
GOBP_CEREBROSPINAL_FLUID_CIRCULATION	18	6	3	3	GOBP_CEREBROSPINAL_FLUID_CIRCULATION
GOBP_CGAS_STING_SIGNALING_PATHWAY	27	9	5	4	GOBP_CGAS_STING_SIGNALING_PATHWAY
GOBP_CGMP_BIOSYNTHETIC_PROCESS	11	10	5	5	GOBP_CGMP_BIOSYNTHETIC_PROCESS
GOBP_CGMP_CATABOLIC_PROCESS	5	5	3	2	GOBP_CGMP_CATABOLIC_PROCESS
GOBP_CGMP_MEDIATED_SIGNALING	37	28	14	14	GOBP_CGMP_MEDIATED_SIGNALING
GOBP_CGMP_METABOLIC_PROCESS	17	16	8	8	GOBP_CGMP_METABOLIC_PROCESS
GOBP_CHAPERONE_MEDIATED_AUTOPHAGY	15	8	4	4	GOBP_CHAPERONE_MEDIATED_AUTOPHAGY
GOBP_CHAPERONE_MEDIATED_PROTEIN_COMPLEX_ASSEMBLY	24	17	9	8	GOBP_CHAPERONE_MEDIATED_PROTEIN_COMPLEX_ASSEMBLY
GOBP_CHAPERONE_MEDIATED_PROTEIN_FOLDING	73	38	19	19	GOBP_CHAPERONE_MEDIATED_PROTEIN_FOLDING
GOBP_CHEMICAL_HOMEOSTASIS	1092	576	288	288	GOBP_CHEMICAL_HOMEOSTASIS
GOBP_CHEMICAL_SYNAPTIC_TRANSMISSION_POSTSYNAPTIC	121	66	33	33	GOBP_CHEMICAL_SYNAPTIC_TRANSMISSION_POSTSYNAPTIC
GOBP_CHEMOKINE_C_C_MOTIF_LIGAND_5_PRODUCTION	12	7	4	3	GOBP_CHEMOKINE_C_C_MOTIF_LIGAND_5_PRODUCTION
GOBP_CHEMOKINE_C_X_C_MOTIF_LIGAND_12_SIGNALING_PATHWAY	7	5	3	2	GOBP_CHEMOKINE_C_X_C_MOTIF_LIGAND_12_SIGNALING_PATHWAY
GOBP_CHEMOKINE_C_X_C_MOTIF_LIGAND_1_PRODUCTION	6	3	2	1	GOBP_CHEMOKINE_C_X_C_MOTIF_LIGAND_1_PRODUCTION
GOBP_CHEMOKINE_C_X_C_MOTIF_LIGAND_2_PRODUCTION	21	14	7	7	GOBP_CHEMOKINE_C_X_C_MOTIF_LIGAND_2_PRODUCTION
GOBP_CHEMOKINE_PRODUCTION	104	55	28	27	GOBP_CHEMOKINE_PRODUCTION
GOBP_CHEMOREPULSION_OF_AXON	6	5	3	2	GOBP_CHEMOREPULSION_OF_AXON
GOBP_CHEMOSENSORY_BEHAVIOR	19	6	3	3	GOBP_CHEMOSENSORY_BEHAVIOR
GOBP_CHIASMA_ASSEMBLY	8	4	2	2	GOBP_CHIASMA_ASSEMBLY
GOBP_CHITIN_METABOLIC_PROCESS	6	5	3	2	GOBP_CHITIN_METABOLIC_PROCESS
GOBP_CHLORIDE_TRANSPORT	130	86	43	43	GOBP_CHLORIDE_TRANSPORT
GOBP_CHOLANGIOCYTE_PROLIFERATION	5	3	2	1	GOBP_CHOLANGIOCYTE_PROLIFERATION
GOBP_CHOLESTEROL_CATABOLIC_PROCESS	9	5	3	2	GOBP_CHOLESTEROL_CATABOLIC_PROCESS
GOBP_CHOLESTEROL_EFFLUX	78	32	16	16	GOBP_CHOLESTEROL_EFFLUX
GOBP_CHOLESTEROL_IMPORT	11	6	3	3	GOBP_CHOLESTEROL_IMPORT
GOBP_CHOLESTEROL_STORAGE	25	14	7	7	GOBP_CHOLESTEROL_STORAGE
GOBP_CHOLINE_METABOLIC_PROCESS	6	3	2	1	GOBP_CHOLINE_METABOLIC_PROCESS
GOBP_CHOLINE_TRANSPORT	11	7	4	3	GOBP_CHOLINE_TRANSPORT
GOBP_CHONDROBLAST_DIFFERENTIATION	5	3	2	1	GOBP_CHONDROBLAST_DIFFERENTIATION
GOBP_CHONDROCYTE_DEVELOPMENT	34	19	10	9	GOBP_CHONDROCYTE_DEVELOPMENT
GOBP_CHONDROCYTE_DEVELOPMENT_INVOLVED_IN_ENDOCHONDRAL_BONE_MORPHOGENESIS	9	5	3	2	GOBP_CHONDROCYTE_DEVELOPMENT_INVOLVED_IN_ENDOCHONDRAL_BONE_MORPHOGENESIS
GOBP_CHONDROCYTE_DIFFERENTIATION	119	68	34	34	GOBP_CHONDROCYTE_DIFFERENTIATION
GOBP_CHONDROCYTE_DIFFERENTIATION_INVOLVED_IN_ENDOCHONDRAL_BONE_MORPHOGENESIS	15	7	4	3	GOBP_CHONDROCYTE_DIFFERENTIATION_INVOLVED_IN_ENDOCHONDRAL_BONE_MORPHOGENESIS
GOBP_CHONDROCYTE_HYPERTROPHY	6	4	2	2	GOBP_CHONDROCYTE_HYPERTROPHY
GOBP_CHONDROCYTE_PROLIFERATION	26	16	8	8	GOBP_CHONDROCYTE_PROLIFERATION
GOBP_CHONDROITIN_SULFATE_PROTEOGLYCAN_BIOSYNTHETIC_PROCESS	22	6	3	3	GOBP_CHONDROITIN_SULFATE_PROTEOGLYCAN_BIOSYNTHETIC_PROCESS
GOBP_CHONDROITIN_SULFATE_PROTEOGLYCAN_METABOLIC_PROCESS	28	9	5	4	GOBP_CHONDROITIN_SULFATE_PROTEOGLYCAN_METABOLIC_PROCESS
GOBP_CHORIONIC_TROPHOBLAST_CELL_DIFFERENTIATION	7	6	3	3	GOBP_CHORIONIC_TROPHOBLAST_CELL_DIFFERENTIATION
GOBP_CHORIONIC_TROPHOBLAST_CELL_PROLIFERATION	5	3	2	1	GOBP_CHORIONIC_TROPHOBLAST_CELL_PROLIFERATION
GOBP_CHORION_DEVELOPMENT	10	8	4	4	GOBP_CHORION_DEVELOPMENT
GOBP_CHORIO_ALLANTOIC_FUSION	7	6	3	3	GOBP_CHORIO_ALLANTOIC_FUSION
GOBP_CHROMATIN_LOOPING	16	5	3	2	GOBP_CHROMATIN_LOOPING
GOBP_CHROMATIN_ORGANIZATION	881	285	143	142	GOBP_CHROMATIN_ORGANIZATION
GOBP_CHROMATIN_REMODELING	695	217	109	108	GOBP_CHROMATIN_REMODELING
GOBP_CHROMATIN_REMODELING_AT_CENTROMERE	10	8	4	4	GOBP_CHROMATIN_REMODELING_AT_CENTROMERE
GOBP_CHROMOSOMAL_5_METHYLCYTOSINE_DNA_DEMETHYLATION_PATHWAY	8	5	3	2	GOBP_CHROMOSOMAL_5_METHYLCYTOSINE_DNA_DEMETHYLATION_PATHWAY
GOBP_CHROMOSOME_CONDENSATION	47	21	11	10	GOBP_CHROMOSOME_CONDENSATION
GOBP_CHROMOSOME_LOCALIZATION	127	57	29	28	GOBP_CHROMOSOME_LOCALIZATION
GOBP_CHROMOSOME_MOVEMENT_TOWARDS_SPINDLE_POLE	7	4	2	2	GOBP_CHROMOSOME_MOVEMENT_TOWARDS_SPINDLE_POLE
GOBP_CHROMOSOME_ORGANIZATION	588	251	126	125	GOBP_CHROMOSOME_ORGANIZATION
GOBP_CHROMOSOME_ORGANIZATION_INVOLVED_IN_MEIOTIC_CELL_CYCLE	66	35	18	17	GOBP_CHROMOSOME_ORGANIZATION_INVOLVED_IN_MEIOTIC_CELL_CYCLE
GOBP_CHROMOSOME_SEGREGATION	438	203	102	101	GOBP_CHROMOSOME_SEGREGATION
GOBP_CHROMOSOME_SEPARATION	83	51	26	25	GOBP_CHROMOSOME_SEPARATION
GOBP_CHRONIC_INFLAMMATORY_RESPONSE	21	19	10	9	GOBP_CHRONIC_INFLAMMATORY_RESPONSE
GOBP_CHYLOMICRON_REMODELING	7	6	3	3	GOBP_CHYLOMICRON_REMODELING
GOBP_CILIUM_DISASSEMBLY	6	3	2	1	GOBP_CILIUM_DISASSEMBLY
GOBP_CILIUM_MOVEMENT	267	96	48	48	GOBP_CILIUM_MOVEMENT
GOBP_CILIUM_ORGANIZATION	459	133	67	66	GOBP_CILIUM_ORGANIZATION
GOBP_CILIUM_OR_FLAGELLUM_DEPENDENT_CELL_MOTILITY	224	80	40	40	GOBP_CILIUM_OR_FLAGELLUM_DEPENDENT_CELL_MOTILITY
GOBP_CIRCADIAN_REGULATION_OF_GENE_EXPRESSION	67	31	16	15	GOBP_CIRCADIAN_REGULATION_OF_GENE_EXPRESSION
GOBP_CIRCADIAN_RHYTHM	211	110	55	55	GOBP_CIRCADIAN_RHYTHM
GOBP_CIRCADIAN_SLEEP_WAKE_CYCLE	26	13	7	6	GOBP_CIRCADIAN_SLEEP_WAKE_CYCLE
GOBP_CIRCADIAN_SLEEP_WAKE_CYCLE_NON_REM_SLEEP	8	3	2	1	GOBP_CIRCADIAN_SLEEP_WAKE_CYCLE_NON_REM_SLEEP
GOBP_CIRCADIAN_SLEEP_WAKE_CYCLE_REM_SLEEP	5	3	2	1	GOBP_CIRCADIAN_SLEEP_WAKE_CYCLE_REM_SLEEP
GOBP_CIRCADIAN_SLEEP_WAKE_CYCLE_SLEEP	21	11	6	5	GOBP_CIRCADIAN_SLEEP_WAKE_CYCLE_SLEEP
GOBP_CIRCULATORY_SYSTEM_DEVELOPMENT	1268	681	341	340	GOBP_CIRCULATORY_SYSTEM_DEVELOPMENT
GOBP_CIRCULATORY_SYSTEM_PROCESS	645	391	196	195	GOBP_CIRCULATORY_SYSTEM_PROCESS
GOBP_CITRULLINE_METABOLIC_PROCESS	8	4	2	2	GOBP_CITRULLINE_METABOLIC_PROCESS
GOBP_CLATHRIN_COAT_ASSEMBLY	21	9	5	4	GOBP_CLATHRIN_COAT_ASSEMBLY
GOBP_CLATHRIN_COAT_DISASSEMBLY	5	4	2	2	GOBP_CLATHRIN_COAT_DISASSEMBLY
GOBP_CLATHRIN_DEPENDENT_ENDOCYTOSIS	50	17	9	8	GOBP_CLATHRIN_DEPENDENT_ENDOCYTOSIS
GOBP_CLEARANCE_OF_FOREIGN_INTRACELLULAR_NUCLEIC_ACIDS	6	3	2	1	GOBP_CLEARANCE_OF_FOREIGN_INTRACELLULAR_NUCLEIC_ACIDS
GOBP_CLUSTERING_OF_VOLTAGE_GATED_SODIUM_CHANNELS	6	3	2	1	GOBP_CLUSTERING_OF_VOLTAGE_GATED_SODIUM_CHANNELS
GOBP_CMP_METABOLIC_PROCESS	9	4	2	2	GOBP_CMP_METABOLIC_PROCESS
GOBP_CMP_N_ACETYLNEURAMINATE_BIOSYNTHETIC_PROCESS	5	3	2	1	GOBP_CMP_N_ACETYLNEURAMINATE_BIOSYNTHETIC_PROCESS
GOBP_CMP_N_ACETYLNEURAMINATE_METABOLIC_PROCESS	6	3	2	1	GOBP_CMP_N_ACETYLNEURAMINATE_BIOSYNTHETIC_PROCESS
GOBP_COBALAMIN_METABOLIC_PROCESS	10	5	3	2	GOBP_COBALAMIN_METABOLIC_PROCESS
GOBP_COBALAMIN_TRANSPORT	9	5	3	2	GOBP_COBALAMIN_TRANSPORT
GOBP_COBALT_ION_TRANSPORT	8	7	4	3	GOBP_COBALT_ION_TRANSPORT
GOBP_COCHLEA_DEVELOPMENT	57	36	18	18	GOBP_COCHLEA_DEVELOPMENT
GOBP_COCHLEA_MORPHOGENESIS	28	21	11	10	GOBP_COCHLEA_MORPHOGENESIS
GOBP_COENZYME_A_BIOSYNTHETIC_PROCESS	10	6	3	3	GOBP_COENZYME_A_BIOSYNTHETIC_PROCESS
GOBP_COENZYME_A_METABOLIC_PROCESS	18	10	5	5	GOBP_COENZYME_A_METABOLIC_PROCESS
GOBP_COGNITION	332	182	91	91	GOBP_COGNITION
GOBP_COLLAGEN_ACTIVATED_SIGNALING_PATHWAY	16	12	6	6	GOBP_COLLAGEN_ACTIVATED_SIGNALING_PATHWAY
GOBP_COLLAGEN_ACTIVATED_TYROSINE_KINASE_RECEPTOR_SIGNALING_PATHWAY	12	8	4	4	GOBP_COLLAGEN_ACTIVATED_TYROSINE_KINASE_RECEPTOR_SIGNALING_PATHWAY
GOBP_COLLAGEN_BIOSYNTHETIC_PROCESS	54	33	17	16	GOBP_COLLAGEN_BIOSYNTHETIC_PROCESS
GOBP_COLLAGEN_CATABOLIC_PROCESS	45	34	17	17	GOBP_COLLAGEN_CATABOLIC_PROCESS
GOBP_COLLAGEN_FIBRIL_ORGANIZATION	71	45	23	22	GOBP_COLLAGEN_FIBRIL_ORGANIZATION
GOBP_COLLAGEN_METABOLIC_PROCESS	115	74	37	37	GOBP_COLLAGEN_METABOLIC_PROCESS
GOBP_COLLATERAL_SPROUTING	32	14	7	7	GOBP_COLLATERAL_SPROUTING
GOBP_COLLECTING_DUCT_DEVELOPMENT	15	9	5	4	GOBP_COLLECTING_DUCT_DEVELOPMENT
GOBP_COLUMNAR_CUBOIDAL_EPITHELIAL_CELL_DEVELOPMENT	27	13	7	6	GOBP_COLUMNAR_CUBOIDAL_EPITHELIAL_CELL_DEVELOPMENT
GOBP_COLUMNAR_CUBOIDAL_EPITHELIAL_CELL_DIFFERENTIATION	113	71	36	35	GOBP_COLUMNAR_CUBOIDAL_EPITHELIAL_CELL_DIFFERENTIATION
GOBP_COLUMNAR_CUBOIDAL_EPITHELIAL_CELL_MATURATION	10	7	4	3	GOBP_COLUMNAR_CUBOIDAL_EPITHELIAL_CELL_MATURATION
GOBP_COMMA_SHAPED_BODY_MORPHOGENESIS	5	4	2	2	GOBP_COMMA_SHAPED_BODY_MORPHOGENESIS
GOBP_COMMISSURAL_NEURON_AXON_GUIDANCE	14	10	5	5	GOBP_COMMISSURAL_NEURON_AXON_GUIDANCE
GOBP_COMMITMENT_OF_NEURONAL_CELL_TO_SPECIFIC_NEURON_TYPE_IN_FOREBRAIN	6	3	2	1	GOBP_COMMITMENT_OF_NEURONAL_CELL_TO_SPECIFIC_NEURON_TYPE_IN_FOREBRAIN
GOBP_COMMON_MYELOID_PROGENITOR_CELL_PROLIFERATION	9	8	4	4	GOBP_COMMON_MYELOID_PROGENITOR_CELL_PROLIFERATION
GOBP_COMPARTMENT_PATTERN_SPECIFICATION	5	3	2	1	GOBP_COMPARTMENT_PATTERN_SPECIFICATION
GOBP_COMPLEMENT_ACTIVATION	65	45	23	22	GOBP_COMPLEMENT_ACTIVATION
GOBP_COMPLEMENT_ACTIVATION_ALTERNATIVE_PATHWAY	18	10	5	5	GOBP_COMPLEMENT_ACTIVATION_ALTERNATIVE_PATHWAY
GOBP_COMPLEMENT_ACTIVATION_CLASSICAL_PATHWAY	40	29	15	14	GOBP_COMPLEMENT_ACTIVATION_CLASSICAL_PATHWAY
GOBP_COMPLEMENT_ACTIVATION_LECTIN_PATHWAY	11	10	5	5	GOBP_COMPLEMENT_ACTIVATION_LECTIN_PATHWAY
GOBP_COMPLEMENT_DEPENDENT_CYTOTOXICITY	14	9	5	4	GOBP_COMPLEMENT_DEPENDENT_CYTOTOXICITY
GOBP_COMPLEMENT_RECEPTOR_MEDIATED_SIGNALING_PATHWAY	17	13	7	6	GOBP_COMPLEMENT_RECEPTOR_MEDIATED_SIGNALING_PATHWAY
GOBP_CONDITIONED_PLACE_PREFERENCE	5	5	3	2	GOBP_CONDITIONED_PLACE_PREFERENCE
GOBP_CONNECTIVE_TISSUE_DEVELOPMENT	306	181	91	90	GOBP_CONNECTIVE_TISSUE_DEVELOPMENT
GOBP_CONNECTIVE_TISSUE_REPLACEMENT	26	9	5	4	GOBP_CONNECTIVE_TISSUE_REPLACEMENT
GOBP_CONNECTIVE_TISSUE_REPLACEMENT_INVOLVED_IN_INFLAMMATORY_RESPONSE_WOUND_HEALING	8	5	3	2	GOBP_CONNECTIVE_TISSUE_REPLACEMENT_INVOLVED_IN_INFLAMMATORY_RESPONSE_WOUND_HEALING
GOBP_CONSTITUTIVE_HETEROCHROMATIN_FORMATION	63	25	13	12	GOBP_CONSTITUTIVE_HETEROCHROMATIN_FORMATION
GOBP_CONVERGENT_EXTENSION	16	10	5	5	GOBP_CONVERGENT_EXTENSION
GOBP_CONVERGENT_EXTENSION_INVOLVED_IN_AXIS_ELONGATION	6	5	3	2	GOBP_CONVERGENT_EXTENSION_INVOLVED_IN_AXIS_ELONGATION
GOBP_CONVERGENT_EXTENSION_INVOLVED_IN_GASTRULATION	8	3	2	1	GOBP_CONVERGENT_EXTENSION_INVOLVED_IN_GASTRULATION
GOBP_CONVERGENT_EXTENSION_INVOLVED_IN_ORGANOGENESIS	6	4	2	2	GOBP_CONVERGENT_EXTENSION_INVOLVED_IN_ORGANOGENESIS
GOBP_COPII_COATED_VESICLE_BUDDING	43	15	8	7	GOBP_COPII_COATED_VESICLE_BUDDING
GOBP_COPII_COATED_VESICLE_CARGO_LOADING	18	5	3	2	GOBP_COPII_COATED_VESICLE_CARGO_LOADING
GOBP_COPPER_ION_HOMEOSTASIS	22	12	6	6	GOBP_COPPER_ION_HOMEOSTASIS
GOBP_COPPER_ION_IMPORT	7	4	2	2	GOBP_COPPER_ION_IMPORT
GOBP_COPPER_ION_TRANSMEMBRANE_TRANSPORT	9	4	2	2	GOBP_COPPER_ION_TRANSMEMBRANE_TRANSPORT
GOBP_COPPER_ION_TRANSPORT	16	8	4	4	GOBP_COPPER_ION_TRANSPORT
GOBP_COPULATION	16	11	6	5	GOBP_COPULATION
GOBP_CORNEA_DEVELOPMENT_IN_CAMERA_TYPE_EYE	13	9	5	4	GOBP_CORNEA_DEVELOPMENT_IN_CAMERA_TYPE_EYE
GOBP_CORNIFICATION	9	4	2	2	GOBP_CORNIFICATION
GOBP_CORNIFIED_ENVELOPE_ASSEMBLY	6	3	2	1	GOBP_CORNIFIED_ENVELOPE_ASSEMBLY
GOBP_CORONARY_ARTERY_MORPHOGENESIS	9	6	3	3	GOBP_CORONARY_ARTERY_MORPHOGENESIS
GOBP_CORONARY_VASCULATURE_DEVELOPMENT	49	28	14	14	GOBP_CORONARY_VASCULATURE_DEVELOPMENT
GOBP_CORONARY_VASCULATURE_MORPHOGENESIS	17	11	6	5	GOBP_CORONARY_VASCULATURE_MORPHOGENESIS
GOBP_CORPUS_CALLOSUM_DEVELOPMENT	27	10	5	5	GOBP_CORPUS_CALLOSUM_DEVELOPMENT
GOBP_CORTICAL_ACTIN_CYTOSKELETON_ORGANIZATION	41	25	13	12	GOBP_CORTICAL_ACTIN_CYTOSKELETON_ORGANIZATION
GOBP_CORTICAL_CYTOSKELETON_ORGANIZATION	57	31	16	15	GOBP_CORTICAL_CYTOSKELETON_ORGANIZATION
GOBP_CORTICAL_MICROTUBULE_ORGANIZATION	9	5	3	2	GOBP_CORTICAL_MICROTUBULE_ORGANIZATION
GOBP_CORTICOSPINAL_TRACT_MORPHOGENESIS	9	5	3	2	GOBP_CORTICOSPINAL_TRACT_MORPHOGENESIS
GOBP_CORTICOSTEROID_HORMONE_SECRETION	22	16	8	8	GOBP_CORTICOSTEROID_HORMONE_SECRETION
GOBP_CORTICOSTERONE_SECRETION	8	8	4	4	GOBP_CORTICOSTERONE_SECRETION
GOBP_CORTICOTROPIN_SECRETION	9	6	3	3	GOBP_CORTICOTROPIN_SECRETION
GOBP_CORTISOL_BIOSYNTHETIC_PROCESS	10	7	4	3	GOBP_CORTISOL_BIOSYNTHETIC_PROCESS
GOBP_CORTISOL_METABOLIC_PROCESS	12	9	5	4	GOBP_CORTISOL_METABOLIC_PROCESS
GOBP_CORTISOL_SECRETION	5	3	2	1	GOBP_CORTISOL_SECRETION
GOBP_COTRANSLATIONAL_PROTEIN_TARGETING_TO_MEMBRANE	30	6	3	3	GOBP_COTRANSLATIONAL_PROTEIN_TARGETING_TO_MEMBRANE
GOBP_CO_TRANSCRIPTIONAL_MRNA_3_END_PROCESSING_CLEAVAGE_AND_POLYADENYLATION_PATHWAY	9	3	2	1	GOBP_CO_TRANSCRIPTIONAL_MRNA_3_END_PROCESSING_CLEAVAGE_AND_POLYADENYLATION_PATHWAY
GOBP_CO_TRANSCRIPTIONAL_RNA_3_END_PROCESSING_CLEAVAGE_AND_POLYADENYLATION_PATHWAY	11	3	2	1	GOBP_CO_TRANSCRIPTIONAL_MRNA_3_END_PROCESSING_CLEAVAGE_AND_POLYADENYLATION_PATHWAY
GOBP_CRANIAL_GANGLION_DEVELOPMENT	5	4	2	2	GOBP_CRANIAL_GANGLION_DEVELOPMENT
GOBP_CRANIAL_NERVE_DEVELOPMENT	62	39	20	19	GOBP_CRANIAL_NERVE_DEVELOPMENT
GOBP_CRANIAL_NERVE_FORMATION	11	8	4	4	GOBP_CRANIAL_NERVE_FORMATION
GOBP_CRANIAL_NERVE_MORPHOGENESIS	31	23	12	11	GOBP_CRANIAL_NERVE_MORPHOGENESIS
GOBP_CRANIAL_NERVE_STRUCTURAL_ORGANIZATION	11	9	5	4	GOBP_CRANIAL_NERVE_STRUCTURAL_ORGANIZATION
GOBP_CRANIAL_SKELETAL_SYSTEM_DEVELOPMENT	73	42	21	21	GOBP_CRANIAL_SKELETAL_SYSTEM_DEVELOPMENT
GOBP_CRANIAL_SUTURE_MORPHOGENESIS	8	6	3	3	GOBP_CRANIAL_SUTURE_MORPHOGENESIS
GOBP_CRANIOFACIAL_SUTURE_MORPHOGENESIS	18	10	5	5	GOBP_CRANIOFACIAL_SUTURE_MORPHOGENESIS
GOBP_CRD_MEDIATED_MRNA_STABILIZATION	11	9	5	4	GOBP_CRD_MEDIATED_MRNA_STABILIZATION
GOBP_CRISTAE_FORMATION	20	12	6	6	GOBP_CRISTAE_FORMATION
GOBP_CXCL12_ACTIVATED_CXCR4_SIGNALING_PATHWAY	5	3	2	1	GOBP_CXCL12_ACTIVATED_CXCR4_SIGNALING_PATHWAY
GOBP_CYCLIC_GMP_AMP_TRANSMEMBRANE_IMPORT_ACROSS_PLASMA_MEMBRANE	8	4	2	2	GOBP_CYCLIC_GMP_AMP_TRANSMEMBRANE_IMPORT_ACROSS_PLASMA_MEMBRANE
GOBP_CYCLIC_NUCLEOTIDE_BIOSYNTHETIC_PROCESS	21	14	7	7	GOBP_CYCLIC_NUCLEOTIDE_BIOSYNTHETIC_PROCESS
GOBP_CYCLIC_NUCLEOTIDE_CATABOLIC_PROCESS	14	7	4	3	GOBP_CYCLIC_NUCLEOTIDE_CATABOLIC_PROCESS
GOBP_CYCLIC_NUCLEOTIDE_METABOLIC_PROCESS	41	24	12	12	GOBP_CYCLIC_NUCLEOTIDE_METABOLIC_PROCESS
GOBP_CYCLIC_NUCLEOTIDE_TRANSPORT	11	5	3	2	GOBP_CYCLIC_NUCLEOTIDE_TRANSPORT
GOBP_CYSTEINE_METABOLIC_PROCESS	12	4	2	2	GOBP_CYSTEINE_METABOLIC_PROCESS
GOBP_CYTIDINE_METABOLIC_PROCESS	6	3	2	1	GOBP_CYTIDINE_METABOLIC_PROCESS
GOBP_CYTIDINE_TO_URIDINE_EDITING	12	8	4	4	GOBP_CYTIDINE_TO_URIDINE_EDITING
GOBP_CYTOCHROME_COMPLEX_ASSEMBLY	43	11	6	5	GOBP_CYTOCHROME_COMPLEX_ASSEMBLY
GOBP_CYTOCHROME_METABOLIC_PROCESS	6	4	2	2	GOBP_CYTOCHROME_METABOLIC_PROCESS
GOBP_CYTOKINESIS	194	67	34	33	GOBP_CYTOKINESIS
GOBP_CYTOKINETIC_PROCESS	52	16	8	8	GOBP_CYTOKINETIC_PROCESS
GOBP_CYTOKINE_MEDIATED_SIGNALING_PATHWAY	552	291	146	145	GOBP_CYTOKINE_MEDIATED_SIGNALING_PATHWAY
GOBP_CYTOKINE_PRODUCTION	909	428	214	214	GOBP_CYTOKINE_PRODUCTION
GOBP_CYTOKINE_PRODUCTION_INVOLVED_IN_IMMUNE_RESPONSE	130	73	37	36	GOBP_CYTOKINE_PRODUCTION_INVOLVED_IN_IMMUNE_RESPONSE
GOBP_CYTOKINE_PRODUCTION_INVOLVED_IN_INFLAMMATORY_RESPONSE	89	36	18	18	GOBP_CYTOKINE_PRODUCTION_INVOLVED_IN_INFLAMMATORY_RESPONSE
GOBP_CYTOLYSIS	11	6	3	3	GOBP_CYTOLYSIS
GOBP_CYTOLYSIS_BY_HOST_OF_SYMBIONT_CELLS	11	3	2	1	GOBP_CYTOLYSIS_BY_HOST_OF_SYMBIONT_CELLS
GOBP_CYTOLYSIS_IN_ANOTHER_ORGANISM	7	4	2	2	GOBP_CYTOLYSIS_IN_ANOTHER_ORGANISM
GOBP_CYTOPLASMIC_MICROTUBULE_ORGANIZATION	65	24	12	12	GOBP_CYTOPLASMIC_MICROTUBULE_ORGANIZATION
GOBP_CYTOPLASMIC_PATTERN_RECOGNITION_RECEPTOR_SIGNALING_PATHWAY	198	79	40	39	GOBP_CYTOPLASMIC_PATTERN_RECOGNITION_RECEPTOR_SIGNALING_PATHWAY
GOBP_CYTOPLASMIC_TRANSLATION	171	36	18	18	GOBP_CYTOPLASMIC_TRANSLATION
GOBP_CYTOPLASMIC_TRANSLATIONAL_INITIATION	48	18	9	9	GOBP_CYTOPLASMIC_TRANSLATIONAL_INITIATION
GOBP_CYTOPLASM_ORGANIZATION	16	8	4	4	GOBP_CYTOPLASM_ORGANIZATION
GOBP_CYTOSKELETON_DEPENDENT_CYTOKINESIS	126	42	21	21	GOBP_CYTOSKELETON_DEPENDENT_CYTOKINESIS
GOBP_CYTOSKELETON_DEPENDENT_INTRACELLULAR_TRANSPORT	210	60	30	30	GOBP_CYTOSKELETON_DEPENDENT_INTRACELLULAR_TRANSPORT
GOBP_CYTOSKELETON_ORGANIZATION	1558	715	358	357	GOBP_CYTOSKELETON_ORGANIZATION
GOBP_CYTOSOLIC_RIBOSOME_ASSEMBLY	9	3	2	1	GOBP_CYTOSOLIC_RIBOSOME_ASSEMBLY
GOBP_CYTOSOLIC_TRANSPORT	146	44	22	22	GOBP_CYTOSOLIC_TRANSPORT
GOBP_C_TERMINAL_PROTEIN_AMINO_ACID_MODIFICATION	10	3	2	1	GOBP_C_TERMINAL_PROTEIN_AMINO_ACID_MODIFICATION
GOBP_C_TERMINAL_PROTEIN_DEGLUTAMYLATION	6	3	2	1	GOBP_C_TERMINAL_PROTEIN_AMINO_ACID_MODIFICATION
GOBP_C_X_C_CHEMOKINE_RECEPTOR_CXCR4_SIGNALING_PATHWAY	6	3	2	1	GOBP_CXCL12_ACTIVATED_CXCR4_SIGNALING_PATHWAY
GOBP_DAMP_METABOLIC_PROCESS	7	6	3	3	GOBP_DAMP_METABOLIC_PROCESS
GOBP_DEADENYLATION_DEPENDENT_DECAPPING_OF_NUCLEAR_TRANSCRIBED_MRNA	12	4	2	2	GOBP_DEADENYLATION_DEPENDENT_DECAPPING_OF_NUCLEAR_TRANSCRIBED_MRNA
GOBP_DECIDUALIZATION	25	15	8	7	GOBP_DECIDUALIZATION
GOBP_DEDIFFERENTIATION	12	4	2	2	GOBP_DEDIFFERENTIATION
GOBP_DEFENSE_RESPONSE_TO_BACTERIUM	352	186	93	93	GOBP_DEFENSE_RESPONSE_TO_BACTERIUM
GOBP_DEFENSE_RESPONSE_TO_GRAM_NEGATIVE_BACTERIUM	112	66	33	33	GOBP_DEFENSE_RESPONSE_TO_GRAM_NEGATIVE_BACTERIUM
GOBP_DEFENSE_RESPONSE_TO_GRAM_POSITIVE_BACTERIUM	135	73	37	36	GOBP_DEFENSE_RESPONSE_TO_GRAM_POSITIVE_BACTERIUM
GOBP_DEFENSE_RESPONSE_TO_OTHER_ORGANISM	1347	663	332	331	GOBP_DEFENSE_RESPONSE_TO_OTHER_ORGANISM
GOBP_DEFENSE_RESPONSE_TO_SYMBIONT	1168	581	291	290	GOBP_DEFENSE_RESPONSE_TO_SYMBIONT
GOBP_DEFENSE_RESPONSE_TO_TUMOR_CELL	12	7	4	3	GOBP_DEFENSE_RESPONSE_TO_TUMOR_CELL
GOBP_DEFENSE_RESPONSE_TO_VIRUS	327	144	72	72	GOBP_DEFENSE_RESPONSE_TO_VIRUS
GOBP_DEFINITIVE_ERYTHROCYTE_DIFFERENTIATION	5	3	2	1	GOBP_DEFINITIVE_ERYTHROCYTE_DIFFERENTIATION
GOBP_DEFINITIVE_HEMOPOIESIS	21	10	5	5	GOBP_DEFINITIVE_HEMOPOIESIS
GOBP_DEHYDROASCORBIC_ACID_TRANSPORT	13	6	3	3	GOBP_DEHYDROASCORBIC_ACID_TRANSPORT
GOBP_DELAMINATION	8	5	3	2	GOBP_DELAMINATION
GOBP_DEMETHYLATION	14	4	2	2	GOBP_DEMETHYLATION
GOBP_DENDRITE_ARBORIZATION	12	7	4	3	GOBP_DENDRITE_ARBORIZATION
GOBP_DENDRITE_DEVELOPMENT	240	114	57	57	GOBP_DENDRITE_DEVELOPMENT
GOBP_DENDRITE_EXTENSION	36	19	10	9	GOBP_DENDRITE_EXTENSION
GOBP_DENDRITE_MORPHOGENESIS	143	66	33	33	GOBP_DENDRITE_MORPHOGENESIS
GOBP_DENDRITE_SELF_AVOIDANCE	16	9	5	4	GOBP_DENDRITE_SELF_AVOIDANCE
GOBP_DENDRITIC_CELL_ANTIGEN_PROCESSING_AND_PRESENTATION	16	12	6	6	GOBP_DENDRITIC_CELL_ANTIGEN_PROCESSING_AND_PRESENTATION
GOBP_DENDRITIC_CELL_APOPTOTIC_PROCESS	13	8	4	4	GOBP_DENDRITIC_CELL_APOPTOTIC_PROCESS
GOBP_DENDRITIC_CELL_CHEMOTAXIS	26	18	9	9	GOBP_DENDRITIC_CELL_CHEMOTAXIS
GOBP_DENDRITIC_CELL_CYTOKINE_PRODUCTION	17	7	4	3	GOBP_DENDRITIC_CELL_CYTOKINE_PRODUCTION
GOBP_DENDRITIC_CELL_DIFFERENTIATION	52	33	17	16	GOBP_DENDRITIC_CELL_DIFFERENTIATION
GOBP_DENDRITIC_CELL_MIGRATION	33	22	11	11	GOBP_DENDRITIC_CELL_MIGRATION
GOBP_DENDRITIC_SPINE_DEVELOPMENT	95	39	20	19	GOBP_DENDRITIC_SPINE_DEVELOPMENT
GOBP_DENDRITIC_SPINE_MAINTENANCE	24	10	5	5	GOBP_DENDRITIC_SPINE_MAINTENANCE
GOBP_DENDRITIC_SPINE_MORPHOGENESIS	57	25	13	12	GOBP_DENDRITIC_SPINE_MORPHOGENESIS
GOBP_DENDRITIC_TRANSPORT	17	8	4	4	GOBP_DENDRITIC_TRANSPORT
GOBP_DENSE_CORE_GRANULE_EXOCYTOSIS	12	5	3	2	GOBP_DENSE_CORE_GRANULE_EXOCYTOSIS
GOBP_DENSE_CORE_GRANULE_TRANSPORT	11	5	3	2	GOBP_DENSE_CORE_GRANULE_TRANSPORT
GOBP_DENTATE_GYRUS_DEVELOPMENT	26	16	8	8	GOBP_DENTATE_GYRUS_DEVELOPMENT
GOBP_DENTINOGENESIS	6	3	2	1	GOBP_DENTINOGENESIS
GOBP_DEOXYRIBONUCLEOSIDE_CATABOLIC_PROCESS	6	3	2	1	GOBP_DEOXYRIBONUCLEOSIDE_CATABOLIC_PROCESS
GOBP_DEOXYRIBONUCLEOSIDE_METABOLIC_PROCESS	11	7	4	3	GOBP_DEOXYRIBONUCLEOSIDE_METABOLIC_PROCESS
GOBP_DEOXYRIBONUCLEOSIDE_MONOPHOSPHATE_BIOSYNTHETIC_PROCESS	9	6	3	3	GOBP_DEOXYRIBONUCLEOSIDE_MONOPHOSPHATE_BIOSYNTHETIC_PROCESS
GOBP_DEOXYRIBONUCLEOSIDE_MONOPHOSPHATE_CATABOLIC_PROCESS	15	6	3	3	GOBP_DEOXYRIBONUCLEOSIDE_MONOPHOSPHATE_CATABOLIC_PROCESS
GOBP_DEOXYRIBONUCLEOSIDE_MONOPHOSPHATE_METABOLIC_PROCESS	25	12	6	6	GOBP_DEOXYRIBONUCLEOSIDE_MONOPHOSPHATE_METABOLIC_PROCESS
GOBP_DEOXYRIBONUCLEOSIDE_TRIPHOSPHATE_METABOLIC_PROCESS	9	3	2	1	GOBP_DEOXYRIBONUCLEOSIDE_TRIPHOSPHATE_METABOLIC_PROCESS
GOBP_DEOXYRIBONUCLEOTIDE_BIOSYNTHETIC_PROCESS	15	10	5	5	GOBP_DEOXYRIBONUCLEOTIDE_BIOSYNTHETIC_PROCESS
GOBP_DEOXYRIBONUCLEOTIDE_CATABOLIC_PROCESS	30	9	5	4	GOBP_DEOXYRIBONUCLEOTIDE_CATABOLIC_PROCESS
GOBP_DEOXYRIBONUCLEOTIDE_METABOLIC_PROCESS	44	18	9	9	GOBP_DEOXYRIBONUCLEOTIDE_METABOLIC_PROCESS
GOBP_DEPHOSPHORYLATION	156	63	32	31	GOBP_DEPHOSPHORYLATION
GOBP_DERMATAN_SULFATE_PROTEOGLYCAN_METABOLIC_PROCESS	13	3	2	1	GOBP_DERMATAN_SULFATE_PROTEOGLYCAN_METABOLIC_PROCESS
GOBP_DESMOSOME_ASSEMBLY	7	6	3	3	GOBP_DESMOSOME_ASSEMBLY
GOBP_DESMOSOME_ORGANIZATION	15	14	7	7	GOBP_DESMOSOME_ORGANIZATION
GOBP_DETECTION_OF_ABIOTIC_STIMULUS	155	80	40	40	GOBP_DETECTION_OF_ABIOTIC_STIMULUS
GOBP_DETECTION_OF_BACTERIUM	16	8	4	4	GOBP_DETECTION_OF_BACTERIUM
GOBP_DETECTION_OF_BIOTIC_STIMULUS	37	22	11	11	GOBP_DETECTION_OF_BIOTIC_STIMULUS
GOBP_DETECTION_OF_CALCIUM_ION	14	4	2	2	GOBP_DETECTION_OF_CALCIUM_ION
GOBP_DETECTION_OF_CELL_DENSITY	9	7	4	3	GOBP_DETECTION_OF_CELL_DENSITY
GOBP_DETECTION_OF_CHEMICAL_STIMULUS	521	295	148	147	GOBP_DETECTION_OF_CHEMICAL_STIMULUS
GOBP_DETECTION_OF_CHEMICAL_STIMULUS_INVOLVED_IN_SENSORY_PERCEPTION_OF_TASTE	47	25	13	12	GOBP_DETECTION_OF_CHEMICAL_STIMULUS_INVOLVED_IN_SENSORY_PERCEPTION_OF_TASTE
GOBP_DETECTION_OF_EXTERNAL_BIOTIC_STIMULUS	26	14	7	7	GOBP_DETECTION_OF_EXTERNAL_BIOTIC_STIMULUS
GOBP_DETECTION_OF_LIGHT_STIMULUS	75	36	18	18	GOBP_DETECTION_OF_LIGHT_STIMULUS
GOBP_DETECTION_OF_LIGHT_STIMULUS_INVOLVED_IN_SENSORY_PERCEPTION	24	16	8	8	GOBP_DETECTION_OF_LIGHT_STIMULUS_INVOLVED_IN_SENSORY_PERCEPTION
GOBP_DETECTION_OF_LIPOPOLYSACCHARIDE	5	3	2	1	GOBP_DETECTION_OF_LIPOPOLYSACCHARIDE
GOBP_DETECTION_OF_MECHANICAL_STIMULUS	58	32	16	16	GOBP_DETECTION_OF_MECHANICAL_STIMULUS
GOBP_DETECTION_OF_MECHANICAL_STIMULUS_INVOLVED_IN_SENSORY_PERCEPTION	39	24	12	12	GOBP_DETECTION_OF_MECHANICAL_STIMULUS_INVOLVED_IN_SENSORY_PERCEPTION
GOBP_DETECTION_OF_MECHANICAL_STIMULUS_INVOLVED_IN_SENSORY_PERCEPTION_OF_PAIN	14	11	6	5	GOBP_DETECTION_OF_MECHANICAL_STIMULUS_INVOLVED_IN_SENSORY_PERCEPTION_OF_PAIN
GOBP_DETECTION_OF_MECHANICAL_STIMULUS_INVOLVED_IN_SENSORY_PERCEPTION_OF_SOUND	18	9	5	4	GOBP_DETECTION_OF_MECHANICAL_STIMULUS_INVOLVED_IN_SENSORY_PERCEPTION_OF_SOUND
GOBP_DETECTION_OF_MOLECULE_OF_BACTERIAL_ORIGIN	13	5	3	2	GOBP_DETECTION_OF_MOLECULE_OF_BACTERIAL_ORIGIN
GOBP_DETECTION_OF_MUSCLE_STRETCH	7	3	2	1	GOBP_DETECTION_OF_MUSCLE_STRETCH
GOBP_DETECTION_OF_OTHER_ORGANISM	19	10	5	5	GOBP_DETECTION_OF_OTHER_ORGANISM
GOBP_DETECTION_OF_OXYGEN	5	3	2	1	GOBP_DETECTION_OF_OXYGEN
GOBP_DETECTION_OF_STIMULUS	693	388	194	194	GOBP_DETECTION_OF_STIMULUS
GOBP_DETECTION_OF_STIMULUS_INVOLVED_IN_SENSORY_PERCEPTION	560	326	163	163	GOBP_DETECTION_OF_STIMULUS_INVOLVED_IN_SENSORY_PERCEPTION
GOBP_DETECTION_OF_STIMULUS_INVOLVED_IN_SENSORY_PERCEPTION_OF_PAIN	29	19	10	9	GOBP_DETECTION_OF_STIMULUS_INVOLVED_IN_SENSORY_PERCEPTION_OF_PAIN
GOBP_DETECTION_OF_TEMPERATURE_STIMULUS	27	15	8	7	GOBP_DETECTION_OF_TEMPERATURE_STIMULUS
GOBP_DETECTION_OF_TEMPERATURE_STIMULUS_INVOLVED_IN_SENSORY_PERCEPTION_OF_PAIN	20	12	6	6	GOBP_DETECTION_OF_TEMPERATURE_STIMULUS_INVOLVED_IN_SENSORY_PERCEPTION_OF_PAIN
GOBP_DETECTION_OF_VISIBLE_LIGHT	38	19	10	9	GOBP_DETECTION_OF_VISIBLE_LIGHT
GOBP_DETERMINATION_OF_ADULT_LIFESPAN	38	19	10	9	GOBP_DETERMINATION_OF_ADULT_LIFESPAN
GOBP_DETERMINATION_OF_DIGESTIVE_TRACT_LEFT_RIGHT_ASYMMETRY	7	4	2	2	GOBP_DETERMINATION_OF_DIGESTIVE_TRACT_LEFT_RIGHT_ASYMMETRY
GOBP_DETERMINATION_OF_DORSAL_VENTRAL_ASYMMETRY	11	7	4	3	GOBP_DETERMINATION_OF_DORSAL_VENTRAL_ASYMMETRY
GOBP_DETERMINATION_OF_LEFT_RIGHT_ASYMMETRY_IN_LATERAL_MESODERM	10	5	3	2	GOBP_DETERMINATION_OF_LEFT_RIGHT_ASYMMETRY_IN_LATERAL_MESODERM
GOBP_DETERMINATION_OF_LIVER_LEFT_RIGHT_ASYMMETRY	6	4	2	2	GOBP_DETERMINATION_OF_DIGESTIVE_TRACT_LEFT_RIGHT_ASYMMETRY
GOBP_DETERMINATION_OF_PANCREATIC_LEFT_RIGHT_ASYMMETRY	5	4	2	2	GOBP_DETERMINATION_OF_DIGESTIVE_TRACT_LEFT_RIGHT_ASYMMETRY
GOBP_DETOXIFICATION	170	92	46	46	GOBP_DETOXIFICATION
GOBP_DETOXIFICATION_OF_CADMIUM_ION	5	3	2	1	GOBP_DETOXIFICATION_OF_CADMIUM_ION
GOBP_DETOXIFICATION_OF_COPPER_ION	16	10	5	5	GOBP_DETOXIFICATION_OF_COPPER_ION
GOBP_DETOXIFICATION_OF_INORGANIC_COMPOUND	23	14	7	7	GOBP_DETOXIFICATION_OF_INORGANIC_COMPOUND
GOBP_DEVELOPMENTAL_CELL_GROWTH	235	118	59	59	GOBP_DEVELOPMENTAL_CELL_GROWTH
GOBP_DEVELOPMENTAL_GROWTH	708	375	188	187	GOBP_DEVELOPMENTAL_GROWTH
GOBP_DEVELOPMENTAL_GROWTH_INVOLVED_IN_MORPHOGENESIS	243	131	66	65	GOBP_DEVELOPMENTAL_GROWTH_INVOLVED_IN_MORPHOGENESIS
GOBP_DEVELOPMENTAL_INDUCTION	35	25	13	12	GOBP_DEVELOPMENTAL_INDUCTION
GOBP_DEVELOPMENTAL_MATURATION	361	189	95	94	GOBP_DEVELOPMENTAL_MATURATION
GOBP_DEVELOPMENTAL_PIGMENTATION	48	24	12	12	GOBP_DEVELOPMENTAL_PIGMENTATION
GOBP_DEVELOPMENTAL_PROCESS_INVOLVED_IN_REPRODUCTION	1069	487	244	243	GOBP_DEVELOPMENTAL_PROCESS_INVOLVED_IN_REPRODUCTION
GOBP_DEVELOPMENT_OF_PRIMARY_FEMALE_SEXUAL_CHARACTERISTICS	111	67	34	33	GOBP_DEVELOPMENT_OF_PRIMARY_FEMALE_SEXUAL_CHARACTERISTICS
GOBP_DEVELOPMENT_OF_PRIMARY_SEXUAL_CHARACTERISTICS	247	132	66	66	GOBP_DEVELOPMENT_OF_PRIMARY_SEXUAL_CHARACTERISTICS
GOBP_DEVELOPMENT_OF_SECONDARY_FEMALE_SEXUAL_CHARACTERISTICS	8	4	2	2	GOBP_DEVELOPMENT_OF_SECONDARY_FEMALE_SEXUAL_CHARACTERISTICS
GOBP_DEVELOPMENT_OF_SECONDARY_SEXUAL_CHARACTERISTICS	11	5	3	2	GOBP_DEVELOPMENT_OF_SECONDARY_SEXUAL_CHARACTERISTICS
GOBP_DE_NOVO_NAD_BIOSYNTHETIC_PROCESS_FROM_L_TRYPTOPHAN	8	3	2	1	GOBP_DE_NOVO_NAD_BIOSYNTHETIC_PROCESS_FROM_L_TRYPTOPHAN
GOBP_DE_NOVO_POST_TRANSLATIONAL_PROTEIN_FOLDING	33	18	9	9	GOBP_DE_NOVO_POST_TRANSLATIONAL_PROTEIN_FOLDING
GOBP_DE_NOVO_PROTEIN_FOLDING	38	21	11	10	GOBP_DE_NOVO_PROTEIN_FOLDING
GOBP_DE_NOVO_PYRIMIDINE_NUCLEOBASE_BIOSYNTHETIC_PROCESS	6	3	2	1	GOBP_DE_NOVO_PYRIMIDINE_NUCLEOBASE_BIOSYNTHETIC_PROCESS
GOBP_DGMP_METABOLIC_PROCESS	7	3	2	1	GOBP_DGMP_METABOLIC_PROCESS
GOBP_DIACYLGLYCEROL_BIOSYNTHETIC_PROCESS	8	5	3	2	GOBP_DIACYLGLYCEROL_BIOSYNTHETIC_PROCESS
GOBP_DIACYLGLYCEROL_METABOLIC_PROCESS	26	12	6	6	GOBP_DIACYLGLYCEROL_METABOLIC_PROCESS
GOBP_DIAPEDESIS	7	4	2	2	GOBP_DIAPEDESIS
GOBP_DIAPHRAGM_DEVELOPMENT	9	5	3	2	GOBP_DIAPHRAGM_DEVELOPMENT
GOBP_DICARBOXYLIC_ACID_BIOSYNTHETIC_PROCESS	14	9	5	4	GOBP_DICARBOXYLIC_ACID_BIOSYNTHETIC_PROCESS
GOBP_DICARBOXYLIC_ACID_CATABOLIC_PROCESS	18	12	6	6	GOBP_DICARBOXYLIC_ACID_CATABOLIC_PROCESS
GOBP_DICARBOXYLIC_ACID_METABOLIC_PROCESS	103	51	26	25	GOBP_DICARBOXYLIC_ACID_METABOLIC_PROCESS
GOBP_DICARBOXYLIC_ACID_TRANSPORT	107	58	29	29	GOBP_DICARBOXYLIC_ACID_TRANSPORT
GOBP_DICHOTOMOUS_SUBDIVISION_OF_AN_EPITHELIAL_TERMINAL_UNIT	10	8	4	4	GOBP_DICHOTOMOUS_SUBDIVISION_OF_AN_EPITHELIAL_TERMINAL_UNIT
GOBP_DIENCEPHALON_DEVELOPMENT	83	58	29	29	GOBP_DIENCEPHALON_DEVELOPMENT
GOBP_DIET_INDUCED_THERMOGENESIS	12	5	3	2	GOBP_DIET_INDUCED_THERMOGENESIS
GOBP_DIGESTION	145	107	54	53	GOBP_DIGESTION
GOBP_DIGESTIVE_SYSTEM_DEVELOPMENT	155	103	52	51	GOBP_DIGESTIVE_SYSTEM_DEVELOPMENT
GOBP_DIGESTIVE_SYSTEM_PROCESS	113	85	43	42	GOBP_DIGESTIVE_SYSTEM_PROCESS
GOBP_DIGESTIVE_TRACT_MORPHOGENESIS	53	37	19	18	GOBP_DIGESTIVE_TRACT_MORPHOGENESIS
GOBP_DIOL_BIOSYNTHETIC_PROCESS	23	9	5	4	GOBP_DIOL_BIOSYNTHETIC_PROCESS
GOBP_DIOL_METABOLIC_PROCESS	33	15	8	7	GOBP_DIOL_METABOLIC_PROCESS
GOBP_DIPEPTIDE_TRANSMEMBRANE_TRANSPORT	8	4	2	2	GOBP_DIPEPTIDE_TRANSMEMBRANE_TRANSPORT
GOBP_DIRECT_OSSIFICATION	6	4	2	2	GOBP_DIRECT_OSSIFICATION
GOBP_DISACCHARIDE_METABOLIC_PROCESS	8	6	3	3	GOBP_DISACCHARIDE_METABOLIC_PROCESS
GOBP_DISRUPTION_OF_ANATOMICAL_STRUCTURE_IN_ANOTHER_ORGANISM	125	73	37	36	GOBP_DISRUPTION_OF_ANATOMICAL_STRUCTURE_IN_ANOTHER_ORGANISM
GOBP_DISRUPTION_OF_CELLULAR_ANATOMICAL_STRUCTURE_IN_ANOTHER_ORGANISM	6	3	2	1	GOBP_DISRUPTION_OF_CELLULAR_ANATOMICAL_STRUCTURE_IN_ANOTHER_ORGANISM
GOBP_DISTAL_CONVOLUTED_TUBULE_DEVELOPMENT	5	5	3	2	GOBP_DISTAL_CONVOLUTED_TUBULE_DEVELOPMENT
GOBP_DISTAL_TUBULE_DEVELOPMENT	12	8	4	4	GOBP_DISTAL_TUBULE_DEVELOPMENT
GOBP_DITERPENOID_BIOSYNTHETIC_PROCESS	10	10	5	5	GOBP_DITERPENOID_BIOSYNTHETIC_PROCESS
GOBP_DNA_BIOSYNTHETIC_PROCESS	163	83	42	41	GOBP_DNA_BIOSYNTHETIC_PROCESS
GOBP_DNA_CATABOLIC_PROCESS	29	12	6	6	GOBP_DNA_CATABOLIC_PROCESS
GOBP_DNA_CONFORMATION_CHANGE	18	6	3	3	GOBP_DNA_CONFORMATION_CHANGE
GOBP_DNA_CYTOSINE_DEAMINATION	9	5	3	2	GOBP_DNA_CYTOSINE_DEAMINATION
GOBP_DNA_DAMAGE_RESPONSE	938	379	190	189	GOBP_DNA_DAMAGE_RESPONSE
GOBP_DNA_DAMAGE_RESPONSE_SIGNAL_TRANSDUCTION_BY_P53_CLASS_MEDIATOR	78	36	18	18	GOBP_DNA_DAMAGE_RESPONSE_SIGNAL_TRANSDUCTION_BY_P53_CLASS_MEDIATOR
GOBP_DNA_DEAMINATION	13	7	4	3	GOBP_DNA_DEAMINATION
GOBP_DNA_DOUBLE_STRAND_BREAK_PROCESSING	22	9	5	4	GOBP_DNA_DOUBLE_STRAND_BREAK_PROCESSING
GOBP_DNA_GEOMETRIC_CHANGE	8	3	2	1	GOBP_DNA_GEOMETRIC_CHANGE
GOBP_DNA_INTEGRITY_CHECKPOINT_SIGNALING	124	55	28	27	GOBP_DNA_INTEGRITY_CHECKPOINT_SIGNALING
GOBP_DNA_METABOLIC_PROCESS	1004	427	214	213	GOBP_DNA_METABOLIC_PROCESS
GOBP_DNA_METHYLATION_DEPENDENT_CONSTITUTIVE_HETEROCHROMATIN_FORMATION	43	17	9	8	GOBP_DNA_METHYLATION_DEPENDENT_CONSTITUTIVE_HETEROCHROMATIN_FORMATION
GOBP_DNA_MODIFICATION	29	10	5	5	GOBP_DNA_MODIFICATION
GOBP_DNA_PROTECTION	7	3	2	1	GOBP_DNA_PROTECTION
GOBP_DNA_RECOMBINATION	346	147	74	73	GOBP_DNA_RECOMBINATION
GOBP_DNA_REPAIR	630	253	127	126	GOBP_DNA_REPAIR
GOBP_DNA_REPAIR_COMPLEX_ASSEMBLY	5	3	2	1	GOBP_DNA_REPAIR_COMPLEX_ASSEMBLY
GOBP_DNA_REPAIR_DEPENDENT_CHROMATIN_REMODELING	23	4	2	2	GOBP_DNA_REPAIR_DEPENDENT_CHROMATIN_REMODELING
GOBP_DNA_REPLICATION	277	141	71	70	GOBP_DNA_REPLICATION
GOBP_DNA_REPLICATION_CHECKPOINT_SIGNALING	20	10	5	5	GOBP_DNA_REPLICATION_CHECKPOINT_SIGNALING
GOBP_DNA_REPLICATION_DEPENDENT_CHROMATIN_ASSEMBLY	7	5	3	2	GOBP_DNA_REPLICATION_DEPENDENT_CHROMATIN_ASSEMBLY
GOBP_DNA_REPLICATION_INITIATION	38	25	13	12	GOBP_DNA_REPLICATION_INITIATION
GOBP_DNA_REPLICATION_SYNTHESIS_OF_PRIMER	6	3	2	1	GOBP_DNA_REPLICATION_SYNTHESIS_OF_PRIMER
GOBP_DNA_STRAND_ELONGATION	37	20	10	10	GOBP_DNA_STRAND_ELONGATION
GOBP_DNA_STRAND_ELONGATION_INVOLVED_IN_DNA_REPLICATION	15	12	6	6	GOBP_DNA_STRAND_ELONGATION_INVOLVED_IN_DNA_REPLICATION
GOBP_DNA_STRAND_INVASION	6	3	2	1	GOBP_DNA_STRAND_INVASION
GOBP_DNA_STRAND_RESECTION_INVOLVED_IN_REPLICATION_FORK_PROCESSING	10	6	3	3	GOBP_DNA_STRAND_RESECTION_INVOLVED_IN_REPLICATION_FORK_PROCESSING
GOBP_DNA_SYNTHESIS_INVOLVED_IN_DNA_REPAIR	42	21	11	10	GOBP_DNA_SYNTHESIS_INVOLVED_IN_DNA_REPAIR
GOBP_DNA_TEMPLATED_DNA_REPLICATION	161	85	43	42	GOBP_DNA_TEMPLATED_DNA_REPLICATION
GOBP_DNA_TEMPLATED_DNA_REPLICATION_MAINTENANCE_OF_FIDELITY	59	31	16	15	GOBP_DNA_TEMPLATED_DNA_REPLICATION_MAINTENANCE_OF_FIDELITY
GOBP_DNA_TEMPLATED_TRANSCRIPTION_ELONGATION	137	37	19	18	GOBP_DNA_TEMPLATED_TRANSCRIPTION_ELONGATION
GOBP_DNA_TEMPLATED_TRANSCRIPTION_INITIATION	233	83	42	41	GOBP_DNA_TEMPLATED_TRANSCRIPTION_INITIATION
GOBP_DNA_TEMPLATED_TRANSCRIPTION_TERMINATION	30	5	3	2	GOBP_DNA_TEMPLATED_TRANSCRIPTION_TERMINATION
GOBP_DNA_TOPOLOGICAL_CHANGE	10	3	2	1	GOBP_DNA_TOPOLOGICAL_CHANGE
GOBP_DOLICHOL_LINKED_OLIGOSACCHARIDE_BIOSYNTHETIC_PROCESS	22	9	5	4	GOBP_DOLICHOL_LINKED_OLIGOSACCHARIDE_BIOSYNTHETIC_PROCESS
GOBP_DOLICHOL_METABOLIC_PROCESS	8	4	2	2	GOBP_DOLICHOL_METABOLIC_PROCESS
GOBP_DOLICHYL_DIPHOSPHATE_BIOSYNTHETIC_PROCESS	5	3	2	1	GOBP_DOLICHYL_DIPHOSPHATE_BIOSYNTHETIC_PROCESS
GOBP_DOPAMINERGIC_NEURON_AXON_GUIDANCE	6	4	2	2	GOBP_DOPAMINERGIC_NEURON_AXON_GUIDANCE
GOBP_DOPAMINERGIC_NEURON_DIFFERENTIATION	44	30	15	15	GOBP_DOPAMINERGIC_NEURON_DIFFERENTIATION
GOBP_DOPAMINE_BIOSYNTHETIC_PROCESS	13	10	5	5	GOBP_DOPAMINE_BIOSYNTHETIC_PROCESS
GOBP_DOPAMINE_METABOLIC_PROCESS	44	31	16	15	GOBP_DOPAMINE_METABOLIC_PROCESS
GOBP_DOPAMINE_SECRETION	28	22	11	11	GOBP_DOPAMINE_SECRETION
GOBP_DOPAMINE_TRANSPORT	43	30	15	15	GOBP_DOPAMINE_TRANSPORT
GOBP_DORSAL_AORTA_DEVELOPMENT	10	6	3	3	GOBP_DORSAL_AORTA_DEVELOPMENT
GOBP_DORSAL_AORTA_MORPHOGENESIS	8	4	2	2	GOBP_DORSAL_AORTA_MORPHOGENESIS
GOBP_DORSAL_ROOT_GANGLION_DEVELOPMENT	7	5	3	2	GOBP_DORSAL_ROOT_GANGLION_DEVELOPMENT
GOBP_DORSAL_SPINAL_CORD_DEVELOPMENT	21	15	8	7	GOBP_DORSAL_SPINAL_CORD_DEVELOPMENT
GOBP_DORSAL_VENTRAL_AXIS_SPECIFICATION	14	8	4	4	GOBP_DORSAL_VENTRAL_AXIS_SPECIFICATION
GOBP_DORSAL_VENTRAL_NEURAL_TUBE_PATTERNING	17	8	4	4	GOBP_DORSAL_VENTRAL_NEURAL_TUBE_PATTERNING
GOBP_DORSAL_VENTRAL_PATTERN_FORMATION	92	58	29	29	GOBP_DORSAL_VENTRAL_PATTERN_FORMATION
GOBP_DOUBLE_STRAND_BREAK_REPAIR	325	136	68	68	GOBP_DOUBLE_STRAND_BREAK_REPAIR
GOBP_DOUBLE_STRAND_BREAK_REPAIR_INVOLVED_IN_MEIOTIC_RECOMBINATION	12	8	4	4	GOBP_DOUBLE_STRAND_BREAK_REPAIR_INVOLVED_IN_MEIOTIC_RECOMBINATION
GOBP_DOUBLE_STRAND_BREAK_REPAIR_VIA_ALTERNATIVE_NONHOMOLOGOUS_END_JOINING	9	5	3	2	GOBP_DOUBLE_STRAND_BREAK_REPAIR_VIA_ALTERNATIVE_NONHOMOLOGOUS_END_JOINING
GOBP_DOUBLE_STRAND_BREAK_REPAIR_VIA_BREAK_INDUCED_REPLICATION	12	10	5	5	GOBP_DOUBLE_STRAND_BREAK_REPAIR_VIA_BREAK_INDUCED_REPLICATION
GOBP_DOUBLE_STRAND_BREAK_REPAIR_VIA_CLASSICAL_NONHOMOLOGOUS_END_JOINING	10	4	2	2	GOBP_DOUBLE_STRAND_BREAK_REPAIR_VIA_CLASSICAL_NONHOMOLOGOUS_END_JOINING
GOBP_DOUBLE_STRAND_BREAK_REPAIR_VIA_NONHOMOLOGOUS_END_JOINING	77	27	14	13	GOBP_DOUBLE_STRAND_BREAK_REPAIR_VIA_NONHOMOLOGOUS_END_JOINING
GOBP_DOUBLE_STRAND_BREAK_REPAIR_VIA_SYNTHESIS_DEPENDENT_STRAND_ANNEALING	9	5	3	2	GOBP_DOUBLE_STRAND_BREAK_REPAIR_VIA_SYNTHESIS_DEPENDENT_STRAND_ANNEALING
GOBP_DRINKING_BEHAVIOR	11	7	4	3	GOBP_DRINKING_BEHAVIOR
GOBP_DTMP_METABOLIC_PROCESS	7	4	2	2	GOBP_DTMP_METABOLIC_PROCESS
GOBP_DTTP_METABOLIC_PROCESS	5	4	2	2	GOBP_DTTP_METABOLIC_PROCESS
GOBP_DUCTUS_ARTERIOSUS_CLOSURE	5	5	3	2	GOBP_DUCTUS_ARTERIOSUS_CLOSURE
GOBP_D_AMINO_ACID_TRANSPORT	6	4	2	2	GOBP_D_AMINO_ACID_TRANSPORT
GOBP_D_ASPARTATE_TRANSMEMBRANE_TRANSPORT	5	3	2	1	GOBP_D_ASPARTATE_TRANSMEMBRANE_TRANSPORT
GOBP_D_GLUCOSE_IMPORT	83	32	16	16	GOBP_D_GLUCOSE_IMPORT
GOBP_D_GLUCOSE_IMPORT_ACROSS_PLASMA_MEMBRANE	5	5	3	2	GOBP_D_GLUCOSE_IMPORT_ACROSS_PLASMA_MEMBRANE
GOBP_EARLY_ENDOSOME_TO_GOLGI_TRANSPORT	17	3	2	1	GOBP_EARLY_ENDOSOME_TO_GOLGI_TRANSPORT
GOBP_EARLY_ENDOSOME_TO_RECYCLING_ENDOSOME_TRANSPORT	7	3	2	1	GOBP_EARLY_ENDOSOME_TO_RECYCLING_ENDOSOME_TRANSPORT
GOBP_EAR_DEVELOPMENT	238	142	71	71	GOBP_EAR_DEVELOPMENT
GOBP_EAR_MORPHOGENESIS	136	89	45	44	GOBP_EAR_MORPHOGENESIS
GOBP_EATING_BEHAVIOR	41	28	14	14	GOBP_EATING_BEHAVIOR
GOBP_ECTODERMAL_CELL_DIFFERENTIATION	8	4	2	2	GOBP_ECTODERMAL_CELL_DIFFERENTIATION
GOBP_ECTODERMAL_PLACODE_DEVELOPMENT	15	10	5	5	GOBP_ECTODERMAL_PLACODE_DEVELOPMENT
GOBP_ECTODERM_DEVELOPMENT	24	13	7	6	GOBP_ECTODERM_DEVELOPMENT
GOBP_ECTOPIC_GERM_CELL_PROGRAMMED_CELL_DEATH	18	12	6	6	GOBP_ECTOPIC_GERM_CELL_PROGRAMMED_CELL_DEATH
GOBP_EGG_ACTIVATION	12	7	4	3	GOBP_EGG_ACTIVATION
GOBP_ELASTIC_FIBER_ASSEMBLY	11	8	4	4	GOBP_ELASTIC_FIBER_ASSEMBLY
GOBP_ELASTIN_CATABOLIC_PROCESS	5	3	2	1	GOBP_ELASTIN_CATABOLIC_PROCESS
GOBP_ELASTIN_METABOLIC_PROCESS	7	3	2	1	GOBP_ELASTIN_CATABOLIC_PROCESS
GOBP_ELECTRON_TRANSPORT_CHAIN	127	50	25	25	GOBP_ELECTRON_TRANSPORT_CHAIN
GOBP_EMBRYONIC_APPENDAGE_MORPHOGENESIS	129	69	35	34	GOBP_EMBRYONIC_APPENDAGE_MORPHOGENESIS
GOBP_EMBRYONIC_AXIS_SPECIFICATION	43	22	11	11	GOBP_EMBRYONIC_AXIS_SPECIFICATION
GOBP_EMBRYONIC_BODY_MORPHOGENESIS	8	3	2	1	GOBP_EMBRYONIC_BODY_MORPHOGENESIS
GOBP_EMBRYONIC_BRAIN_DEVELOPMENT	20	8	4	4	GOBP_EMBRYONIC_BRAIN_DEVELOPMENT
GOBP_EMBRYONIC_CAMERA_TYPE_EYE_DEVELOPMENT	40	22	11	11	GOBP_EMBRYONIC_CAMERA_TYPE_EYE_DEVELOPMENT
GOBP_EMBRYONIC_CAMERA_TYPE_EYE_FORMATION	11	8	4	4	GOBP_EMBRYONIC_CAMERA_TYPE_EYE_FORMATION
GOBP_EMBRYONIC_CAMERA_TYPE_EYE_MORPHOGENESIS	27	16	8	8	GOBP_EMBRYONIC_CAMERA_TYPE_EYE_MORPHOGENESIS
GOBP_EMBRYONIC_CLEAVAGE	9	5	3	2	GOBP_EMBRYONIC_CLEAVAGE
GOBP_EMBRYONIC_CRANIAL_SKELETON_MORPHOGENESIS	43	23	12	11	GOBP_EMBRYONIC_CRANIAL_SKELETON_MORPHOGENESIS
GOBP_EMBRYONIC_DIGESTIVE_TRACT_DEVELOPMENT	35	26	13	13	GOBP_EMBRYONIC_DIGESTIVE_TRACT_DEVELOPMENT
GOBP_EMBRYONIC_DIGESTIVE_TRACT_MORPHOGENESIS	18	14	7	7	GOBP_EMBRYONIC_DIGESTIVE_TRACT_MORPHOGENESIS
GOBP_EMBRYONIC_DIGIT_MORPHOGENESIS	61	29	15	14	GOBP_EMBRYONIC_DIGIT_MORPHOGENESIS
GOBP_EMBRYONIC_EPITHELIAL_TUBE_FORMATION	126	63	32	31	GOBP_EMBRYONIC_EPITHELIAL_TUBE_FORMATION
GOBP_EMBRYONIC_EYE_MORPHOGENESIS	36	23	12	11	GOBP_EMBRYONIC_EYE_MORPHOGENESIS
GOBP_EMBRYONIC_FORELIMB_MORPHOGENESIS	33	22	11	11	GOBP_EMBRYONIC_FORELIMB_MORPHOGENESIS
GOBP_EMBRYONIC_HEART_TUBE_DEVELOPMENT	88	44	22	22	GOBP_EMBRYONIC_HEART_TUBE_DEVELOPMENT
GOBP_EMBRYONIC_HEART_TUBE_MORPHOGENESIS	70	36	18	18	GOBP_EMBRYONIC_HEART_TUBE_MORPHOGENESIS
GOBP_EMBRYONIC_HEMOPOIESIS	24	9	5	4	GOBP_EMBRYONIC_HEMOPOIESIS
GOBP_EMBRYONIC_HINDLIMB_MORPHOGENESIS	29	21	11	10	GOBP_EMBRYONIC_HINDLIMB_MORPHOGENESIS
GOBP_EMBRYONIC_MORPHOGENESIS	637	364	182	182	GOBP_EMBRYONIC_MORPHOGENESIS
GOBP_EMBRYONIC_NEUROCRANIUM_MORPHOGENESIS	8	4	2	2	GOBP_EMBRYONIC_NEUROCRANIUM_MORPHOGENESIS
GOBP_EMBRYONIC_OLFACTORY_BULB_INTERNEURON_PRECURSOR_MIGRATION	5	4	2	2	GOBP_EMBRYONIC_OLFACTORY_BULB_INTERNEURON_PRECURSOR_MIGRATION
GOBP_EMBRYONIC_ORGAN_DEVELOPMENT	473	274	137	137	GOBP_EMBRYONIC_ORGAN_DEVELOPMENT
GOBP_EMBRYONIC_ORGAN_MORPHOGENESIS	306	189	95	94	GOBP_EMBRYONIC_ORGAN_MORPHOGENESIS
GOBP_EMBRYONIC_PATTERN_SPECIFICATION	78	47	24	23	GOBP_EMBRYONIC_PATTERN_SPECIFICATION
GOBP_EMBRYONIC_PLACENTA_DEVELOPMENT	93	52	26	26	GOBP_EMBRYONIC_PLACENTA_DEVELOPMENT
GOBP_EMBRYONIC_PLACENTA_MORPHOGENESIS	27	21	11	10	GOBP_EMBRYONIC_PLACENTA_MORPHOGENESIS
GOBP_EMBRYONIC_PROCESS_INVOLVED_IN_FEMALE_PREGNANCY	8	5	3	2	GOBP_EMBRYONIC_PROCESS_INVOLVED_IN_FEMALE_PREGNANCY
GOBP_EMBRYONIC_RETINA_MORPHOGENESIS_IN_CAMERA_TYPE_EYE	6	5	3	2	GOBP_EMBRYONIC_RETINA_MORPHOGENESIS_IN_CAMERA_TYPE_EYE
GOBP_EMBRYONIC_SKELETAL_JOINT_DEVELOPMENT	16	13	7	6	GOBP_EMBRYONIC_SKELETAL_JOINT_DEVELOPMENT
GOBP_EMBRYONIC_SKELETAL_JOINT_MORPHOGENESIS	12	10	5	5	GOBP_EMBRYONIC_SKELETAL_JOINT_MORPHOGENESIS
GOBP_EMBRYONIC_SKELETAL_SYSTEM_DEVELOPMENT	136	81	41	40	GOBP_EMBRYONIC_SKELETAL_SYSTEM_DEVELOPMENT
GOBP_EMBRYONIC_SKELETAL_SYSTEM_MORPHOGENESIS	94	57	29	28	GOBP_EMBRYONIC_SKELETAL_SYSTEM_MORPHOGENESIS
GOBP_EMBRYONIC_VISCEROCRANIUM_MORPHOGENESIS	10	8	4	4	GOBP_EMBRYONIC_VISCEROCRANIUM_MORPHOGENESIS
GOBP_EMBRYO_DEVELOPMENT	1165	615	308	307	GOBP_EMBRYO_DEVELOPMENT
GOBP_EMBRYO_DEVELOPMENT_ENDING_IN_BIRTH_OR_EGG_HATCHING	722	366	183	183	GOBP_EMBRYO_DEVELOPMENT_ENDING_IN_BIRTH_OR_EGG_HATCHING
GOBP_EMBRYO_IMPLANTATION	71	44	22	22	GOBP_EMBRYO_IMPLANTATION
GOBP_ENAMEL_MINERALIZATION	22	15	8	7	GOBP_ENAMEL_MINERALIZATION
GOBP_ENDOCARDIAL_CELL_DIFFERENTIATION	6	4	2	2	GOBP_ENDOCARDIAL_CELL_DIFFERENTIATION
GOBP_ENDOCARDIAL_CUSHION_DEVELOPMENT	55	34	17	17	GOBP_ENDOCARDIAL_CUSHION_DEVELOPMENT
GOBP_ENDOCARDIAL_CUSHION_FORMATION	31	24	12	12	GOBP_ENDOCARDIAL_CUSHION_FORMATION
GOBP_ENDOCARDIAL_CUSHION_MORPHOGENESIS	44	29	15	14	GOBP_ENDOCARDIAL_CUSHION_MORPHOGENESIS
GOBP_ENDOCARDIAL_CUSHION_TO_MESENCHYMAL_TRANSITION	6	4	2	2	GOBP_ENDOCARDIAL_CUSHION_TO_MESENCHYMAL_TRANSITION
GOBP_ENDOCARDIUM_DEVELOPMENT	12	7	4	3	GOBP_ENDOCARDIUM_DEVELOPMENT
GOBP_ENDOCARDIUM_MORPHOGENESIS	6	4	2	2	GOBP_ENDOCARDIUM_MORPHOGENESIS
GOBP_ENDOCHONDRAL_BONE_MORPHOGENESIS	61	26	13	13	GOBP_ENDOCHONDRAL_BONE_MORPHOGENESIS
GOBP_ENDOCRINE_HORMONE_SECRETION	60	42	21	21	GOBP_ENDOCRINE_HORMONE_SECRETION
GOBP_ENDOCRINE_PANCREAS_DEVELOPMENT	47	27	14	13	GOBP_ENDOCRINE_PANCREAS_DEVELOPMENT
GOBP_ENDOCRINE_PROCESS	104	75	38	37	GOBP_ENDOCRINE_PROCESS
GOBP_ENDOCRINE_SYSTEM_DEVELOPMENT	138	86	43	43	GOBP_ENDOCRINE_SYSTEM_DEVELOPMENT
GOBP_ENDOCYTIC_RECYCLING	92	27	14	13	GOBP_ENDOCYTIC_RECYCLING
GOBP_ENDOCYTOSIS	720	324	162	162	GOBP_ENDOCYTOSIS
GOBP_ENDOCYTOSIS_INVOLVED_IN_VIRAL_ENTRY_INTO_HOST_CELL	14	7	4	3	GOBP_ENDOCYTOSIS_INVOLVED_IN_VIRAL_ENTRY_INTO_HOST_CELL
GOBP_ENDODERMAL_CELL_FATE_COMMITMENT	15	7	4	3	GOBP_ENDODERMAL_CELL_FATE_COMMITMENT
GOBP_ENDODERMAL_CELL_FATE_SPECIFICATION	8	4	2	2	GOBP_ENDODERMAL_CELL_FATE_SPECIFICATION
GOBP_ENDODERM_DEVELOPMENT	89	56	28	28	GOBP_ENDODERM_DEVELOPMENT
GOBP_ENDODERM_FORMATION	61	45	23	22	GOBP_ENDODERM_FORMATION
GOBP_ENDOLYSOSOMAL_TOLL_LIKE_RECEPTOR_SIGNALING_PATHWAY	52	22	11	11	GOBP_ENDOLYSOSOMAL_TOLL_LIKE_RECEPTOR_SIGNALING_PATHWAY
GOBP_ENDOMEMBRANE_SYSTEM_ORGANIZATION	644	252	126	126	GOBP_ENDOMEMBRANE_SYSTEM_ORGANIZATION
GOBP_ENDONUCLEOLYTIC_CLEAVAGE_IN_5_ETS_OF_TRICISTRONIC_RRNA_TRANSCRIPT_SSU_RRNA_5_8S_RRNA_LSU_RRNA	8	3	2	1	GOBP_ENDONUCLEOLYTIC_CLEAVAGE_IN_5_ETS_OF_TRICISTRONIC_RRNA_TRANSCRIPT_SSU_RRNA_5_8S_RRNA_LSU_RRNA
GOBP_ENDONUCLEOLYTIC_CLEAVAGE_IN_ITS1_TO_SEPARATE_SSU_RRNA_FROM_5_8S_RRNA_AND_LSU_RRNA_FROM_TRICISTRONIC_RRNA_TRANSCRIPT_SSU_RRNA_5_8S_RRNA_LSU_RRNA	10	4	2	2	GOBP_ENDONUCLEOLYTIC_CLEAVAGE_IN_ITS1_TO_SEPARATE_SSU_RRNA_FROM_5_8S_RRNA_AND_LSU_RRNA_FROM_TRICISTRONIC_RRNA_TRANSCRIPT_SSU_RRNA_5_8S_RRNA_LSU_RRNA
GOBP_ENDONUCLEOLYTIC_CLEAVAGE_OF_TRICISTRONIC_RRNA_TRANSCRIPT_SSU_RRNA_5_8S_RRNA_LSU_RRNA	17	8	4	4	GOBP_ENDONUCLEOLYTIC_CLEAVAGE_OF_TRICISTRONIC_RRNA_TRANSCRIPT_SSU_RRNA_5_8S_RRNA_LSU_RRNA
GOBP_ENDOPLASMIC_RETICULUM_CALCIUM_ION_HOMEOSTASIS	26	7	4	3	GOBP_ENDOPLASMIC_RETICULUM_CALCIUM_ION_HOMEOSTASIS
GOBP_ENDOPLASMIC_RETICULUM_LOCALIZATION	9	3	2	1	GOBP_ENDOPLASMIC_RETICULUM_LOCALIZATION
GOBP_ENDOPLASMIC_RETICULUM_MANNOSE_TRIMMING	14	5	3	2	GOBP_ENDOPLASMIC_RETICULUM_MANNOSE_TRIMMING
GOBP_ENDOPLASMIC_RETICULUM_MEMBRANE_ORGANIZATION	14	3	2	1	GOBP_ENDOPLASMIC_RETICULUM_MEMBRANE_ORGANIZATION
GOBP_ENDOPLASMIC_RETICULUM_ORGANIZATION	104	44	22	22	GOBP_ENDOPLASMIC_RETICULUM_ORGANIZATION
GOBP_ENDOPLASMIC_RETICULUM_PLASMA_MEMBRANE_TETHERING	6	3	2	1	GOBP_ENDOPLASMIC_RETICULUM_LOCALIZATION
GOBP_ENDOPLASMIC_RETICULUM_TO_CYTOSOL_TRANSPORT	29	12	6	6	GOBP_ENDOPLASMIC_RETICULUM_TO_CYTOSOL_TRANSPORT
GOBP_ENDOPLASMIC_RETICULUM_TO_GOLGI_VESICLE_MEDIATED_TRANSPORT	140	40	20	20	GOBP_ENDOPLASMIC_RETICULUM_TO_GOLGI_VESICLE_MEDIATED_TRANSPORT
GOBP_ENDOPLASMIC_RETICULUM_TUBULAR_NETWORK_ORGANIZATION	23	7	4	3	GOBP_ENDOPLASMIC_RETICULUM_TUBULAR_NETWORK_ORGANIZATION
GOBP_ENDOSOMAL_TRANSPORT	298	94	47	47	GOBP_ENDOSOMAL_TRANSPORT
GOBP_ENDOSOME_ORGANIZATION	101	27	14	13	GOBP_ENDOSOME_ORGANIZATION
GOBP_ENDOSOME_TO_LYSOSOME_TRANSPORT	68	15	8	7	GOBP_ENDOSOME_TO_LYSOSOME_TRANSPORT
GOBP_ENDOSOME_TO_LYSOSOME_TRANSPORT_VIA_MULTIVESICULAR_BODY_SORTING_PATHWAY	18	3	2	1	GOBP_ENDOSOME_TO_LYSOSOME_TRANSPORT_VIA_MULTIVESICULAR_BODY_SORTING_PATHWAY
GOBP_ENDOSOME_TO_PLASMA_MEMBRANE_PROTEIN_TRANSPORT	19	10	5	5	GOBP_ENDOSOME_TO_PLASMA_MEMBRANE_PROTEIN_TRANSPORT
GOBP_ENDOTHELIAL_CELL_ACTIVATION	11	4	2	2	GOBP_ENDOTHELIAL_CELL_ACTIVATION
GOBP_ENDOTHELIAL_CELL_APOPTOTIC_PROCESS	75	41	21	20	GOBP_ENDOTHELIAL_CELL_APOPTOTIC_PROCESS
GOBP_ENDOTHELIAL_CELL_CHEMOTAXIS	33	18	9	9	GOBP_ENDOTHELIAL_CELL_CHEMOTAXIS
GOBP_ENDOTHELIAL_CELL_DEVELOPMENT	72	44	22	22	GOBP_ENDOTHELIAL_CELL_DEVELOPMENT
GOBP_ENDOTHELIAL_CELL_DIFFERENTIATION	129	72	36	36	GOBP_ENDOTHELIAL_CELL_DIFFERENTIATION
GOBP_ENDOTHELIAL_CELL_FATE_COMMITMENT	8	6	3	3	GOBP_ENDOTHELIAL_CELL_FATE_COMMITMENT
GOBP_ENDOTHELIAL_CELL_MATRIX_ADHESION	11	5	3	2	GOBP_ENDOTHELIAL_CELL_MATRIX_ADHESION
GOBP_ENDOTHELIAL_CELL_MATRIX_ADHESION_VIA_FIBRONECTIN	9	3	2	1	GOBP_ENDOTHELIAL_CELL_MATRIX_ADHESION_VIA_FIBRONECTIN
GOBP_ENDOTHELIAL_CELL_MIGRATION	304	154	77	77	GOBP_ENDOTHELIAL_CELL_MIGRATION
GOBP_ENDOTHELIAL_CELL_MORPHOGENESIS	15	10	5	5	GOBP_ENDOTHELIAL_CELL_MORPHOGENESIS
GOBP_ENDOTHELIAL_CELL_PROLIFERATION	211	111	56	55	GOBP_ENDOTHELIAL_CELL_PROLIFERATION
GOBP_ENDOTHELIN_RECEPTOR_SIGNALING_PATHWAY	12	6	3	3	GOBP_ENDOTHELIN_RECEPTOR_SIGNALING_PATHWAY
GOBP_ENDOTHELIUM_DEVELOPMENT	152	87	44	43	GOBP_ENDOTHELIUM_DEVELOPMENT
GOBP_ENERGY_DERIVATION_BY_OXIDATION_OF_ORGANIC_COMPOUNDS	348	154	77	77	GOBP_ENERGY_DERIVATION_BY_OXIDATION_OF_ORGANIC_COMPOUNDS
GOBP_ENERGY_HOMEOSTASIS	87	53	27	26	GOBP_ENERGY_HOMEOSTASIS
GOBP_ENERGY_RESERVE_METABOLIC_PROCESS	102	47	24	23	GOBP_ENERGY_RESERVE_METABOLIC_PROCESS
GOBP_ENGULFMENT_OF_APOPTOTIC_CELL	12	5	3	2	GOBP_ENGULFMENT_OF_APOPTOTIC_CELL
GOBP_ENSHEATHMENT_OF_NEURONS	159	89	45	44	GOBP_ENSHEATHMENT_OF_NEURONS
GOBP_ENTERIC_NERVOUS_SYSTEM_DEVELOPMENT	12	10	5	5	GOBP_ENTERIC_NERVOUS_SYSTEM_DEVELOPMENT
GOBP_ENTEROENDOCRINE_CELL_DIFFERENTIATION	38	18	9	9	GOBP_ENTEROENDOCRINE_CELL_DIFFERENTIATION
GOBP_ENTRAINMENT_OF_CIRCADIAN_CLOCK	29	8	4	4	GOBP_ENTRAINMENT_OF_CIRCADIAN_CLOCK
GOBP_ENTRAINMENT_OF_CIRCADIAN_CLOCK_BY_PHOTOPERIOD	24	7	4	3	GOBP_ENTRAINMENT_OF_CIRCADIAN_CLOCK_BY_PHOTOPERIOD
GOBP_ENUCLEATE_ERYTHROCYTE_DEVELOPMENT	8	4	2	2	GOBP_ENUCLEATE_ERYTHROCYTE_DEVELOPMENT
GOBP_ENUCLEATE_ERYTHROCYTE_DIFFERENTIATION	15	10	5	5	GOBP_ENUCLEATE_ERYTHROCYTE_DIFFERENTIATION
GOBP_ENUCLEATE_ERYTHROCYTE_MATURATION	6	4	2	2	GOBP_ENUCLEATE_ERYTHROCYTE_DEVELOPMENT
GOBP_ENZYME_LINKED_RECEPTOR_PROTEIN_SIGNALING_PATHWAY	1087	541	271	270	GOBP_ENZYME_LINKED_RECEPTOR_PROTEIN_SIGNALING_PATHWAY
GOBP_EOSINOPHIL_ACTIVATION	10	4	2	2	GOBP_EOSINOPHIL_ACTIVATION
GOBP_EOSINOPHIL_CHEMOTAXIS	21	20	10	10	GOBP_EOSINOPHIL_CHEMOTAXIS
GOBP_EOSINOPHIL_DIFFERENTIATION	7	4	2	2	GOBP_EOSINOPHIL_DIFFERENTIATION
GOBP_EOSINOPHIL_MEDIATED_IMMUNITY	10	3	2	1	GOBP_EOSINOPHIL_MEDIATED_IMMUNITY
GOBP_EOSINOPHIL_MIGRATION	25	22	11	11	GOBP_EOSINOPHIL_MIGRATION
GOBP_EPHRIN_RECEPTOR_SIGNALING_PATHWAY	53	28	14	14	GOBP_EPHRIN_RECEPTOR_SIGNALING_PATHWAY
GOBP_EPIBOLY	43	24	12	12	GOBP_EPIBOLY
GOBP_EPIDERMAL_CELL_DIFFERENTIATION	255	147	74	73	GOBP_EPIDERMAL_CELL_DIFFERENTIATION
GOBP_EPIDERMIS_DEVELOPMENT	402	241	121	120	GOBP_EPIDERMIS_DEVELOPMENT
GOBP_EPIDERMIS_MORPHOGENESIS	38	23	12	11	GOBP_EPIDERMIS_MORPHOGENESIS
GOBP_EPIGENETIC_PROGRAMMING_IN_THE_ZYGOTIC_PRONUCLEI	16	8	4	4	GOBP_EPIGENETIC_PROGRAMMING_IN_THE_ZYGOTIC_PRONUCLEI
GOBP_EPIGENETIC_PROGRAMMING_OF_GENE_EXPRESSION	36	14	7	7	GOBP_EPIGENETIC_PROGRAMMING_OF_GENE_EXPRESSION
GOBP_EPIGENETIC_REGULATION_OF_GENE_EXPRESSION	314	102	51	51	GOBP_EPIGENETIC_REGULATION_OF_GENE_EXPRESSION
GOBP_EPINEPHRINE_SECRETION	7	6	3	3	GOBP_EPINEPHRINE_SECRETION
GOBP_EPINEPHRINE_TRANSPORT	11	8	4	4	GOBP_EPINEPHRINE_TRANSPORT
GOBP_EPITHELIAL_CELL_APOPTOTIC_PROCESS	83	38	19	19	GOBP_EPITHELIAL_CELL_APOPTOTIC_PROCESS
GOBP_EPITHELIAL_CELL_CELL_ADHESION	18	8	4	4	GOBP_EPITHELIAL_CELL_CELL_ADHESION
GOBP_EPITHELIAL_CELL_DEVELOPMENT	229	130	65	65	GOBP_EPITHELIAL_CELL_DEVELOPMENT
GOBP_EPITHELIAL_CELL_DIFFERENTIATION	781	467	234	233	GOBP_EPITHELIAL_CELL_DIFFERENTIATION
GOBP_EPITHELIAL_CELL_DIFFERENTIATION_INVOLVED_IN_KIDNEY_DEVELOPMENT	50	35	18	17	GOBP_EPITHELIAL_CELL_DIFFERENTIATION_INVOLVED_IN_KIDNEY_DEVELOPMENT
GOBP_EPITHELIAL_CELL_DIFFERENTIATION_INVOLVED_IN_PROSTATE_GLAND_DEVELOPMENT	12	7	4	3	GOBP_EPITHELIAL_CELL_DIFFERENTIATION_INVOLVED_IN_PROSTATE_GLAND_DEVELOPMENT
GOBP_EPITHELIAL_CELL_FATE_COMMITMENT	15	11	6	5	GOBP_EPITHELIAL_CELL_FATE_COMMITMENT
GOBP_EPITHELIAL_CELL_MATURATION	25	16	8	8	GOBP_EPITHELIAL_CELL_MATURATION
GOBP_EPITHELIAL_CELL_MORPHOGENESIS	40	25	13	12	GOBP_EPITHELIAL_CELL_MORPHOGENESIS
GOBP_EPITHELIAL_CELL_PROLIFERATION	506	279	140	139	GOBP_EPITHELIAL_CELL_PROLIFERATION
GOBP_EPITHELIAL_CELL_PROLIFERATION_INVOLVED_IN_LUNG_MORPHOGENESIS	12	7	4	3	GOBP_EPITHELIAL_CELL_PROLIFERATION_INVOLVED_IN_LUNG_MORPHOGENESIS
GOBP_EPITHELIAL_CELL_PROLIFERATION_INVOLVED_IN_MAMMARY_GLAND_DUCT_ELONGATION	5	3	2	1	GOBP_EPITHELIAL_CELL_PROLIFERATION_INVOLVED_IN_MAMMARY_GLAND_DUCT_ELONGATION
GOBP_EPITHELIAL_CELL_PROLIFERATION_INVOLVED_IN_PROSTATE_GLAND_DEVELOPMENT	11	5	3	2	GOBP_EPITHELIAL_CELL_PROLIFERATION_INVOLVED_IN_PROSTATE_GLAND_DEVELOPMENT
GOBP_EPITHELIAL_CELL_PROLIFERATION_INVOLVED_IN_RENAL_TUBULE_MORPHOGENESIS	5	3	2	1	GOBP_EPITHELIAL_CELL_PROLIFERATION_INVOLVED_IN_RENAL_TUBULE_MORPHOGENESIS
GOBP_EPITHELIAL_CELL_PROLIFERATION_INVOLVED_IN_SALIVARY_GLAND_MORPHOGENESIS	5	4	2	2	GOBP_EPITHELIAL_CELL_PROLIFERATION_INVOLVED_IN_SALIVARY_GLAND_MORPHOGENESIS
GOBP_EPITHELIAL_CILIUM_MOVEMENT_INVOLVED_IN_DETERMINATION_OF_LEFT_RIGHT_ASYMMETRY	13	3	2	1	GOBP_EPITHELIAL_CILIUM_MOVEMENT_INVOLVED_IN_DETERMINATION_OF_LEFT_RIGHT_ASYMMETRY
GOBP_EPITHELIAL_FLUID_TRANSPORT	13	10	5	5	GOBP_EPITHELIAL_FLUID_TRANSPORT
GOBP_EPITHELIAL_MESENCHYMAL_CELL_SIGNALING	5	5	3	2	GOBP_EPITHELIAL_MESENCHYMAL_CELL_SIGNALING
GOBP_EPITHELIAL_STRUCTURE_MAINTENANCE	39	23	12	11	GOBP_EPITHELIAL_STRUCTURE_MAINTENANCE
GOBP_EPITHELIAL_TO_MESENCHYMAL_TRANSITION	190	106	53	53	GOBP_EPITHELIAL_TO_MESENCHYMAL_TRANSITION
GOBP_EPITHELIAL_TO_MESENCHYMAL_TRANSITION_INVOLVED_IN_ENDOCARDIAL_CUSHION_FORMATION	18	12	6	6	GOBP_EPITHELIAL_TO_MESENCHYMAL_TRANSITION_INVOLVED_IN_ENDOCARDIAL_CUSHION_FORMATION
GOBP_EPITHELIAL_TUBE_BRANCHING_INVOLVED_IN_LUNG_MORPHOGENESIS	32	27	14	13	GOBP_EPITHELIAL_TUBE_BRANCHING_INVOLVED_IN_LUNG_MORPHOGENESIS
GOBP_EPITHELIAL_TUBE_MORPHOGENESIS	344	206	103	103	GOBP_EPITHELIAL_TUBE_MORPHOGENESIS
GOBP_EPITHELIUM_DEVELOPMENT	1281	755	378	377	GOBP_EPITHELIUM_DEVELOPMENT
GOBP_EPOXIDE_METABOLIC_PROCESS	5	4	2	2	GOBP_EPOXIDE_METABOLIC_PROCESS
GOBP_EPOXYGENASE_P450_PATHWAY	17	10	5	5	GOBP_EPOXYGENASE_P450_PATHWAY
GOBP_EQUILIBRIOCEPTION	8	6	3	3	GOBP_EQUILIBRIOCEPTION
GOBP_ERAD_PATHWAY	112	43	22	21	GOBP_ERAD_PATHWAY
GOBP_ERBB2_EGFR_SIGNALING_PATHWAY	8	6	3	3	GOBP_ERBB2_EGFR_SIGNALING_PATHWAY
GOBP_ERBB2_ERBB4_SIGNALING_PATHWAY	5	4	2	2	GOBP_ERBB2_ERBB4_SIGNALING_PATHWAY
GOBP_ERBB2_SIGNALING_PATHWAY	23	13	7	6	GOBP_ERBB2_SIGNALING_PATHWAY
GOBP_ERBB3_SIGNALING_PATHWAY	10	6	3	3	GOBP_ERBB3_SIGNALING_PATHWAY
GOBP_ERBB4_SIGNALING_PATHWAY	10	6	3	3	GOBP_ERBB4_SIGNALING_PATHWAY
GOBP_ERBB_SIGNALING_PATHWAY	141	61	31	30	GOBP_ERBB_SIGNALING_PATHWAY
GOBP_ERK1_AND_ERK2_CASCADE	330	186	93	93	GOBP_ERK1_AND_ERK2_CASCADE
GOBP_ERROR_PRONE_TRANSLESION_SYNTHESIS	12	5	3	2	GOBP_ERROR_PRONE_TRANSLESION_SYNTHESIS
GOBP_ERYTHROCYTE_DEVELOPMENT	45	23	12	11	GOBP_ERYTHROCYTE_DEVELOPMENT
GOBP_ERYTHROCYTE_HOMEOSTASIS	159	77	39	38	GOBP_ERYTHROCYTE_HOMEOSTASIS
GOBP_ERYTHROCYTE_MATURATION	24	13	7	6	GOBP_ERYTHROCYTE_MATURATION
GOBP_ERYTHROPOIETIN_MEDIATED_SIGNALING_PATHWAY	6	4	2	2	GOBP_ERYTHROPOIETIN_MEDIATED_SIGNALING_PATHWAY
GOBP_ERYTHROSE_4_PHOSPHATE_PHOSPHOENOLPYRUVATE_FAMILY_AMINO_ACID_CATABOLIC_PROCESS	16	8	4	4	GOBP_ERYTHROSE_4_PHOSPHATE_PHOSPHOENOLPYRUVATE_FAMILY_AMINO_ACID_CATABOLIC_PROCESS
GOBP_ERYTHROSE_4_PHOSPHATE_PHOSPHOENOLPYRUVATE_FAMILY_AMINO_ACID_METABOLIC_PROCESS	28	13	7	6	GOBP_ERYTHROSE_4_PHOSPHATE_PHOSPHOENOLPYRUVATE_FAMILY_AMINO_ACID_METABOLIC_PROCESS
GOBP_ER_NUCLEUS_SIGNALING_PATHWAY	54	23	12	11	GOBP_ER_NUCLEUS_SIGNALING_PATHWAY
GOBP_ER_OVERLOAD_RESPONSE	11	6	3	3	GOBP_ER_OVERLOAD_RESPONSE
GOBP_ESCRT_COMPLEX_DISASSEMBLY	10	3	2	1	GOBP_ESCRT_COMPLEX_DISASSEMBLY
GOBP_ESTABLISHMENT_OF_BLOOD_BRAIN_BARRIER	17	11	6	5	GOBP_ESTABLISHMENT_OF_BLOOD_BRAIN_BARRIER
GOBP_ESTABLISHMENT_OF_BLOOD_RETINAL_BARRIER	6	4	2	2	GOBP_ESTABLISHMENT_OF_BLOOD_RETINAL_BARRIER
GOBP_ESTABLISHMENT_OF_CELL_POLARITY	165	81	41	40	GOBP_ESTABLISHMENT_OF_CELL_POLARITY
GOBP_ESTABLISHMENT_OF_CENTROSOME_LOCALIZATION	10	4	2	2	GOBP_ESTABLISHMENT_OF_CENTROSOME_LOCALIZATION
GOBP_ESTABLISHMENT_OF_ENDOTHELIAL_BARRIER	54	34	17	17	GOBP_ESTABLISHMENT_OF_ENDOTHELIAL_BARRIER
GOBP_ESTABLISHMENT_OF_ENDOTHELIAL_INTESTINAL_BARRIER	15	7	4	3	GOBP_ESTABLISHMENT_OF_ENDOTHELIAL_INTESTINAL_BARRIER
GOBP_ESTABLISHMENT_OF_EPITHELIAL_CELL_APICAL_BASAL_POLARITY	19	11	6	5	GOBP_ESTABLISHMENT_OF_EPITHELIAL_CELL_APICAL_BASAL_POLARITY
GOBP_ESTABLISHMENT_OF_EPITHELIAL_CELL_POLARITY	33	17	9	8	GOBP_ESTABLISHMENT_OF_EPITHELIAL_CELL_POLARITY
GOBP_ESTABLISHMENT_OF_LYMPHOCYTE_POLARITY	16	10	5	5	GOBP_ESTABLISHMENT_OF_LYMPHOCYTE_POLARITY
GOBP_ESTABLISHMENT_OF_MEIOTIC_SPINDLE_LOCALIZATION	8	6	3	3	GOBP_ESTABLISHMENT_OF_MEIOTIC_SPINDLE_LOCALIZATION
GOBP_ESTABLISHMENT_OF_MITOCHONDRION_LOCALIZATION	35	15	8	7	GOBP_ESTABLISHMENT_OF_MITOCHONDRION_LOCALIZATION
GOBP_ESTABLISHMENT_OF_MITOCHONDRION_LOCALIZATION_MICROTUBULE_MEDIATED	28	12	6	6	GOBP_ESTABLISHMENT_OF_MITOCHONDRION_LOCALIZATION_MICROTUBULE_MEDIATED
GOBP_ESTABLISHMENT_OF_MITOTIC_SISTER_CHROMATID_COHESION	7	5	3	2	GOBP_ESTABLISHMENT_OF_MITOTIC_SISTER_CHROMATID_COHESION
GOBP_ESTABLISHMENT_OF_MITOTIC_SPINDLE_LOCALIZATION	42	17	9	8	GOBP_ESTABLISHMENT_OF_MITOTIC_SPINDLE_LOCALIZATION
GOBP_ESTABLISHMENT_OF_ORGANELLE_LOCALIZATION	493	204	102	102	GOBP_ESTABLISHMENT_OF_ORGANELLE_LOCALIZATION
GOBP_ESTABLISHMENT_OF_PIGMENT_GRANULE_LOCALIZATION	24	7	4	3	GOBP_ESTABLISHMENT_OF_PIGMENT_GRANULE_LOCALIZATION
GOBP_ESTABLISHMENT_OF_PLANAR_POLARITY_OF_EMBRYONIC_EPITHELIUM	6	4	2	2	GOBP_ESTABLISHMENT_OF_PLANAR_POLARITY_OF_EMBRYONIC_EPITHELIUM
GOBP_ESTABLISHMENT_OF_PROTEIN_LOCALIZATION	1747	696	348	348	GOBP_ESTABLISHMENT_OF_PROTEIN_LOCALIZATION
GOBP_ESTABLISHMENT_OF_PROTEIN_LOCALIZATION_TO_CHROMOSOME	22	6	3	3	GOBP_ESTABLISHMENT_OF_PROTEIN_LOCALIZATION_TO_CHROMOSOME
GOBP_ESTABLISHMENT_OF_PROTEIN_LOCALIZATION_TO_ENDOPLASMIC_RETICULUM	49	14	7	7	GOBP_ESTABLISHMENT_OF_PROTEIN_LOCALIZATION_TO_ENDOPLASMIC_RETICULUM
GOBP_ESTABLISHMENT_OF_PROTEIN_LOCALIZATION_TO_MEMBRANE	279	98	49	49	GOBP_ESTABLISHMENT_OF_PROTEIN_LOCALIZATION_TO_MEMBRANE
GOBP_ESTABLISHMENT_OF_PROTEIN_LOCALIZATION_TO_MITOCHONDRIAL_MEMBRANE	33	11	6	5	GOBP_ESTABLISHMENT_OF_PROTEIN_LOCALIZATION_TO_MITOCHONDRIAL_MEMBRANE
GOBP_ESTABLISHMENT_OF_PROTEIN_LOCALIZATION_TO_ORGANELLE	461	169	85	84	GOBP_ESTABLISHMENT_OF_PROTEIN_LOCALIZATION_TO_ORGANELLE
GOBP_ESTABLISHMENT_OF_PROTEIN_LOCALIZATION_TO_PEROXISOME	20	5	3	2	GOBP_ESTABLISHMENT_OF_PROTEIN_LOCALIZATION_TO_PEROXISOME
GOBP_ESTABLISHMENT_OF_PROTEIN_LOCALIZATION_TO_PLASMA_MEMBRANE	69	23	12	11	GOBP_ESTABLISHMENT_OF_PROTEIN_LOCALIZATION_TO_PLASMA_MEMBRANE
GOBP_ESTABLISHMENT_OF_PROTEIN_LOCALIZATION_TO_TELOMERE	12	4	2	2	GOBP_ESTABLISHMENT_OF_PROTEIN_LOCALIZATION_TO_TELOMERE
GOBP_ESTABLISHMENT_OF_PROTEIN_LOCALIZATION_TO_VACUOLE	58	15	8	7	GOBP_ESTABLISHMENT_OF_PROTEIN_LOCALIZATION_TO_VACUOLE
GOBP_ESTABLISHMENT_OF_RNA_LOCALIZATION	165	63	32	31	GOBP_ESTABLISHMENT_OF_RNA_LOCALIZATION
GOBP_ESTABLISHMENT_OF_SISTER_CHROMATID_COHESION	11	7	4	3	GOBP_ESTABLISHMENT_OF_SISTER_CHROMATID_COHESION
GOBP_ESTABLISHMENT_OF_SKIN_BARRIER	37	28	14	14	GOBP_ESTABLISHMENT_OF_SKIN_BARRIER
GOBP_ESTABLISHMENT_OF_SPINDLE_ORIENTATION	47	23	12	11	GOBP_ESTABLISHMENT_OF_SPINDLE_ORIENTATION
GOBP_ESTABLISHMENT_OF_TISSUE_POLARITY	32	18	9	9	GOBP_ESTABLISHMENT_OF_TISSUE_POLARITY
GOBP_ESTABLISHMENT_OR_MAINTENANCE_OF_BIPOLAR_CELL_POLARITY	56	28	14	14	GOBP_ESTABLISHMENT_OR_MAINTENANCE_OF_BIPOLAR_CELL_POLARITY
GOBP_ESTABLISHMENT_OR_MAINTENANCE_OF_CELL_POLARITY	234	113	57	56	GOBP_ESTABLISHMENT_OR_MAINTENANCE_OF_CELL_POLARITY
GOBP_ESTABLISHMENT_OR_MAINTENANCE_OF_CYTOSKELETON_POLARITY	8	3	2	1	GOBP_ESTABLISHMENT_OR_MAINTENANCE_OF_CYTOSKELETON_POLARITY
GOBP_ESTABLISHMENT_OR_MAINTENANCE_OF_MONOPOLAR_CELL_POLARITY	27	15	8	7	GOBP_ESTABLISHMENT_OR_MAINTENANCE_OF_MONOPOLAR_CELL_POLARITY
GOBP_ESTABLISHMENT_OR_MAINTENANCE_OF_TRANSMEMBRANE_ELECTROCHEMICAL_GRADIENT	11	6	3	3	GOBP_ESTABLISHMENT_OR_MAINTENANCE_OF_TRANSMEMBRANE_ELECTROCHEMICAL_GRADIENT
GOBP_ESTROGEN_BIOSYNTHETIC_PROCESS	11	7	4	3	GOBP_ESTROGEN_BIOSYNTHETIC_PROCESS
GOBP_ESTROGEN_METABOLIC_PROCESS	39	19	10	9	GOBP_ESTROGEN_METABOLIC_PROCESS
GOBP_ESTROGEN_RECEPTOR_SIGNALING_PATHWAY	58	23	12	11	GOBP_ESTROGEN_RECEPTOR_SIGNALING_PATHWAY
GOBP_ESTROUS_CYCLE	12	7	4	3	GOBP_ESTROUS_CYCLE
GOBP_ETHANOLAMINE_CONTAINING_COMPOUND_METABOLIC_PROCESS	8	4	2	2	GOBP_ETHANOLAMINE_CONTAINING_COMPOUND_METABOLIC_PROCESS
GOBP_ETHANOL_METABOLIC_PROCESS	15	8	4	4	GOBP_ETHANOL_METABOLIC_PROCESS
GOBP_ETHER_BIOSYNTHETIC_PROCESS	13	5	3	2	GOBP_ETHER_BIOSYNTHETIC_PROCESS
GOBP_ETHER_METABOLIC_PROCESS	27	13	7	6	GOBP_ETHER_METABOLIC_PROCESS
GOBP_EXCITATORY_CHEMICAL_SYNAPTIC_TRANSMISSION	13	9	5	4	GOBP_EXCITATORY_CHEMICAL_SYNAPTIC_TRANSMISSION
GOBP_EXCITATORY_SYNAPSE_ASSEMBLY	43	24	12	12	GOBP_EXCITATORY_SYNAPSE_ASSEMBLY
GOBP_EXCRETION	31	25	13	12	GOBP_EXCRETION
GOBP_EXECUTION_PHASE_OF_APOPTOSIS	80	36	18	18	GOBP_EXECUTION_PHASE_OF_APOPTOSIS
GOBP_EXIT_FROM_MITOSIS	32	13	7	6	GOBP_EXIT_FROM_MITOSIS
GOBP_EXOCRINE_PANCREAS_DEVELOPMENT	10	6	3	3	GOBP_EXOCRINE_PANCREAS_DEVELOPMENT
GOBP_EXOCRINE_SYSTEM_DEVELOPMENT	51	42	21	21	GOBP_EXOCRINE_SYSTEM_DEVELOPMENT
GOBP_EXOCYST_LOCALIZATION	6	4	2	2	GOBP_EXOCYST_LOCALIZATION
GOBP_EXOCYTIC_PROCESS	96	54	27	27	GOBP_EXOCYTIC_PROCESS
GOBP_EXOCYTOSIS	367	193	97	96	GOBP_EXOCYTOSIS
GOBP_EXPLORATION_BEHAVIOR	40	27	14	13	GOBP_EXPLORATION_BEHAVIOR
GOBP_EXPORT_ACROSS_PLASMA_MEMBRANE	99	51	26	25	GOBP_EXPORT_ACROSS_PLASMA_MEMBRANE
GOBP_EXPORT_FROM_CELL	974	528	264	264	GOBP_EXPORT_FROM_CELL
GOBP_EXTERNAL_ENCAPSULATING_STRUCTURE_ORGANIZATION	352	229	115	114	GOBP_EXTERNAL_ENCAPSULATING_STRUCTURE_ORGANIZATION
GOBP_EXTRACELLULAR_EXOSOME_ASSEMBLY	7	4	2	2	GOBP_EXTRACELLULAR_EXOSOME_ASSEMBLY
GOBP_EXTRACELLULAR_MATRIX_ASSEMBLY	50	29	15	14	GOBP_EXTRACELLULAR_MATRIX_ASSEMBLY
GOBP_EXTRACELLULAR_MATRIX_CELL_SIGNALING	5	3	2	1	GOBP_EXTRACELLULAR_MATRIX_CELL_SIGNALING
GOBP_EXTRACELLULAR_MATRIX_CONSTITUENT_SECRETION	11	6	3	3	GOBP_EXTRACELLULAR_MATRIX_CONSTITUENT_SECRETION
GOBP_EXTRACELLULAR_MATRIX_DISASSEMBLY	74	47	24	23	GOBP_EXTRACELLULAR_MATRIX_DISASSEMBLY
GOBP_EXTRACELLULAR_REGULATION_OF_SIGNAL_TRANSDUCTION	13	10	5	5	GOBP_EXTRACELLULAR_REGULATION_OF_SIGNAL_TRANSDUCTION
GOBP_EXTRACELLULAR_TRANSPORT	54	20	10	10	GOBP_EXTRACELLULAR_TRANSPORT
GOBP_EXTRACELLULAR_VESICLE_BIOGENESIS	25	9	5	4	GOBP_EXTRACELLULAR_VESICLE_BIOGENESIS
GOBP_EXTRAEMBRYONIC_MEMBRANE_DEVELOPMENT	13	10	5	5	GOBP_EXTRAEMBRYONIC_MEMBRANE_DEVELOPMENT
GOBP_EXTRAOCULAR_SKELETAL_MUSCLE_DEVELOPMENT	6	3	2	1	GOBP_EXTRAOCULAR_SKELETAL_MUSCLE_DEVELOPMENT
GOBP_EXTRINSIC_APOPTOTIC_SIGNALING_PATHWAY	239	117	59	58	GOBP_EXTRINSIC_APOPTOTIC_SIGNALING_PATHWAY
GOBP_EXTRINSIC_APOPTOTIC_SIGNALING_PATHWAY_VIA_DEATH_DOMAIN_RECEPTORS	86	33	17	16	GOBP_EXTRINSIC_APOPTOTIC_SIGNALING_PATHWAY_VIA_DEATH_DOMAIN_RECEPTORS
GOBP_EYELID_DEVELOPMENT_IN_CAMERA_TYPE_EYE	14	9	5	4	GOBP_EYELID_DEVELOPMENT_IN_CAMERA_TYPE_EYE
GOBP_EYE_MORPHOGENESIS	174	101	51	50	GOBP_EYE_MORPHOGENESIS
GOBP_EYE_PHOTORECEPTOR_CELL_DEVELOPMENT	39	19	10	9	GOBP_EYE_PHOTORECEPTOR_CELL_DEVELOPMENT
GOBP_EYE_PHOTORECEPTOR_CELL_DIFFERENTIATION	55	27	14	13	GOBP_EYE_PHOTORECEPTOR_CELL_DIFFERENTIATION
GOBP_EYE_PIGMENTATION	6	3	2	1	GOBP_EYE_PIGMENTATION
GOBP_FACE_DEVELOPMENT	54	26	13	13	GOBP_FACE_DEVELOPMENT
GOBP_FACE_MORPHOGENESIS	33	16	8	8	GOBP_FACE_MORPHOGENESIS
GOBP_FACIAL_NERVE_MORPHOGENESIS	11	9	5	4	GOBP_FACIAL_NERVE_MORPHOGENESIS
GOBP_FACIAL_NERVE_STRUCTURAL_ORGANIZATION	9	8	4	4	GOBP_FACIAL_NERVE_STRUCTURAL_ORGANIZATION
GOBP_FACULTATIVE_HETEROCHROMATIN_FORMATION	17	7	4	3	GOBP_FACULTATIVE_HETEROCHROMATIN_FORMATION
GOBP_FARNESYL_DIPHOSPHATE_METABOLIC_PROCESS	6	4	2	2	GOBP_FARNESYL_DIPHOSPHATE_METABOLIC_PROCESS
GOBP_FAS_SIGNALING_PATHWAY	9	3	2	1	GOBP_FAS_SIGNALING_PATHWAY
GOBP_FATTY_ACID_ALPHA_OXIDATION	7	4	2	2	GOBP_FATTY_ACID_ALPHA_OXIDATION
GOBP_FATTY_ACID_BETA_OXIDATION	72	29	15	14	GOBP_FATTY_ACID_BETA_OXIDATION
GOBP_FATTY_ACID_BETA_OXIDATION_USING_ACYL_COA_DEHYDROGENASE	12	3	2	1	GOBP_FATTY_ACID_BETA_OXIDATION_USING_ACYL_COA_DEHYDROGENASE
GOBP_FATTY_ACID_BETA_OXIDATION_USING_ACYL_COA_OXIDASE	14	7	4	3	GOBP_FATTY_ACID_BETA_OXIDATION_USING_ACYL_COA_OXIDASE
GOBP_FATTY_ACID_BIOSYNTHETIC_PROCESS	180	90	45	45	GOBP_FATTY_ACID_BIOSYNTHETIC_PROCESS
GOBP_FATTY_ACID_CATABOLIC_PROCESS	104	45	23	22	GOBP_FATTY_ACID_CATABOLIC_PROCESS
GOBP_FATTY_ACID_DERIVATIVE_BIOSYNTHETIC_PROCESS	62	31	16	15	GOBP_FATTY_ACID_DERIVATIVE_BIOSYNTHETIC_PROCESS
GOBP_FATTY_ACID_DERIVATIVE_CATABOLIC_PROCESS	18	8	4	4	GOBP_FATTY_ACID_DERIVATIVE_CATABOLIC_PROCESS
GOBP_FATTY_ACID_DERIVATIVE_METABOLIC_PROCESS	86	45	23	22	GOBP_FATTY_ACID_DERIVATIVE_METABOLIC_PROCESS
GOBP_FATTY_ACID_ELONGATION	14	7	4	3	GOBP_FATTY_ACID_ELONGATION
GOBP_FATTY_ACID_ELONGATION_SATURATED_FATTY_ACID	8	4	2	2	GOBP_FATTY_ACID_ELONGATION_SATURATED_FATTY_ACID
GOBP_FATTY_ACID_HOMEOSTASIS	18	8	4	4	GOBP_FATTY_ACID_HOMEOSTASIS
GOBP_FATTY_ACID_METABOLIC_PROCESS	415	215	108	107	GOBP_FATTY_ACID_METABOLIC_PROCESS
GOBP_FATTY_ACID_TRANSMEMBRANE_TRANSPORT	20	12	6	6	GOBP_FATTY_ACID_TRANSMEMBRANE_TRANSPORT
GOBP_FATTY_ACID_TRANSPORT	118	80	40	40	GOBP_FATTY_ACID_TRANSPORT
GOBP_FATTY_ACYL_COA_BIOSYNTHETIC_PROCESS	28	14	7	7	GOBP_FATTY_ACYL_COA_BIOSYNTHETIC_PROCESS
GOBP_FATTY_ACYL_COA_METABOLIC_PROCESS	41	21	11	10	GOBP_FATTY_ACYL_COA_METABOLIC_PROCESS
GOBP_FAT_CELL_DIFFERENTIATION	260	130	65	65	GOBP_FAT_CELL_DIFFERENTIATION
GOBP_FAT_CELL_PROLIFERATION	15	9	5	4	GOBP_FAT_CELL_PROLIFERATION
GOBP_FAT_PAD_DEVELOPMENT	10	4	2	2	GOBP_FAT_PAD_DEVELOPMENT
GOBP_FAT_SOLUBLE_VITAMIN_BIOSYNTHETIC_PROCESS	14	9	5	4	GOBP_FAT_SOLUBLE_VITAMIN_BIOSYNTHETIC_PROCESS
GOBP_FAT_SOLUBLE_VITAMIN_CATABOLIC_PROCESS	14	8	4	4	GOBP_FAT_SOLUBLE_VITAMIN_CATABOLIC_PROCESS
GOBP_FAT_SOLUBLE_VITAMIN_METABOLIC_PROCESS	49	32	16	16	GOBP_FAT_SOLUBLE_VITAMIN_METABOLIC_PROCESS
GOBP_FC_EPSILON_RECEPTOR_SIGNALING_PATHWAY	25	10	5	5	GOBP_FC_EPSILON_RECEPTOR_SIGNALING_PATHWAY
GOBP_FC_GAMMA_RECEPTOR_SIGNALING_PATHWAY	38	16	8	8	GOBP_FC_GAMMA_RECEPTOR_SIGNALING_PATHWAY
GOBP_FC_RECEPTOR_MEDIATED_STIMULATORY_SIGNALING_PATHWAY	35	15	8	7	GOBP_FC_RECEPTOR_MEDIATED_STIMULATORY_SIGNALING_PATHWAY
GOBP_FC_RECEPTOR_SIGNALING_PATHWAY	61	28	14	14	GOBP_FC_RECEPTOR_SIGNALING_PATHWAY
GOBP_FEAR_RESPONSE	54	38	19	19	GOBP_FEAR_RESPONSE
GOBP_FEEDING_BEHAVIOR	108	71	36	35	GOBP_FEEDING_BEHAVIOR
GOBP_FEMALE_GAMETE_GENERATION	174	91	46	45	GOBP_FEMALE_GAMETE_GENERATION
GOBP_FEMALE_GENITALIA_DEVELOPMENT	19	12	6	6	GOBP_FEMALE_GENITALIA_DEVELOPMENT
GOBP_FEMALE_MATING_BEHAVIOR	9	4	2	2	GOBP_FEMALE_MATING_BEHAVIOR
GOBP_FEMALE_MEIOSIS_CHROMOSOME_SEGREGATION	6	5	3	2	GOBP_FEMALE_MEIOSIS_CHROMOSOME_SEGREGATION
GOBP_FEMALE_MEIOSIS_I	13	6	3	3	GOBP_FEMALE_MEIOSIS_I
GOBP_FEMALE_MEIOTIC_NUCLEAR_DIVISION	43	23	12	11	GOBP_FEMALE_MEIOTIC_NUCLEAR_DIVISION
GOBP_FEMALE_SEX_DIFFERENTIATION	126	77	39	38	GOBP_FEMALE_SEX_DIFFERENTIATION
GOBP_FERMENTATION	7	4	2	2	GOBP_FERMENTATION
GOBP_FERROPTOSIS	18	12	6	6	GOBP_FERROPTOSIS
GOBP_FERTILIZATION	236	114	57	57	GOBP_FERTILIZATION
GOBP_FEVER_GENERATION	10	8	4	4	GOBP_FEVER_GENERATION
GOBP_FIBRINOLYSIS	27	17	9	8	GOBP_FIBRINOLYSIS
GOBP_FIBROBLAST_ACTIVATION	16	9	5	4	GOBP_FIBROBLAST_ACTIVATION
GOBP_FIBROBLAST_APOPTOTIC_PROCESS	27	12	6	6	GOBP_FIBROBLAST_APOPTOTIC_PROCESS
GOBP_FIBROBLAST_GROWTH_FACTOR_PRODUCTION	10	6	3	3	GOBP_FIBROBLAST_GROWTH_FACTOR_PRODUCTION
GOBP_FIBROBLAST_GROWTH_FACTOR_RECEPTOR_SIGNALING_PATHWAY	93	47	24	23	GOBP_FIBROBLAST_GROWTH_FACTOR_RECEPTOR_SIGNALING_PATHWAY
GOBP_FIBROBLAST_MIGRATION	58	25	13	12	GOBP_FIBROBLAST_MIGRATION
GOBP_FIBROBLAST_PROLIFERATION	114	64	32	32	GOBP_FIBROBLAST_PROLIFERATION
GOBP_FILOPODIUM_ASSEMBLY	68	34	17	17	GOBP_FILOPODIUM_ASSEMBLY
GOBP_FLAVIN_CONTAINING_COMPOUND_METABOLIC_PROCESS	6	4	2	2	GOBP_FLAVIN_CONTAINING_COMPOUND_METABOLIC_PROCESS
GOBP_FLAVONE_METABOLIC_PROCESS	6	4	2	2	GOBP_FLAVONE_METABOLIC_PROCESS
GOBP_FLAVONOID_METABOLIC_PROCESS	14	6	3	3	GOBP_FLAVONOID_METABOLIC_PROCESS
GOBP_FLOOR_PLATE_DEVELOPMENT	11	7	4	3	GOBP_FLOOR_PLATE_DEVELOPMENT
GOBP_FLUID_TRANSPORT	39	28	14	14	GOBP_FLUID_TRANSPORT
GOBP_FOAM_CELL_DIFFERENTIATION	41	28	14	14	GOBP_FOAM_CELL_DIFFERENTIATION
GOBP_FOCAL_ADHESION_ASSEMBLY	84	37	19	18	GOBP_FOCAL_ADHESION_ASSEMBLY
GOBP_FOLIC_ACID_CONTAINING_COMPOUND_BIOSYNTHETIC_PROCESS	11	7	4	3	GOBP_FOLIC_ACID_CONTAINING_COMPOUND_BIOSYNTHETIC_PROCESS
GOBP_FOLIC_ACID_CONTAINING_COMPOUND_METABOLIC_PROCESS	28	18	9	9	GOBP_FOLIC_ACID_CONTAINING_COMPOUND_METABOLIC_PROCESS
GOBP_FOLIC_ACID_METABOLIC_PROCESS	16	9	5	4	GOBP_FOLIC_ACID_METABOLIC_PROCESS
GOBP_FOLIC_ACID_TRANSPORT	10	5	3	2	GOBP_FOLIC_ACID_TRANSPORT
GOBP_FOLLICLE_STIMULATING_HORMONE_SECRETION	8	5	3	2	GOBP_FOLLICLE_STIMULATING_HORMONE_SECRETION
GOBP_FOREBRAIN_CELL_MIGRATION	67	31	16	15	GOBP_FOREBRAIN_CELL_MIGRATION
GOBP_FOREBRAIN_DEVELOPMENT	414	215	108	107	GOBP_FOREBRAIN_DEVELOPMENT
GOBP_FOREBRAIN_DORSAL_VENTRAL_PATTERN_FORMATION	7	5	3	2	GOBP_FOREBRAIN_DORSAL_VENTRAL_PATTERN_FORMATION
GOBP_FOREBRAIN_GENERATION_OF_NEURONS	87	51	26	25	GOBP_FOREBRAIN_GENERATION_OF_NEURONS
GOBP_FOREBRAIN_MORPHOGENESIS	13	11	6	5	GOBP_FOREBRAIN_MORPHOGENESIS
GOBP_FOREBRAIN_NEUROBLAST_DIVISION	6	5	3	2	GOBP_FOREBRAIN_NEUROBLAST_DIVISION
GOBP_FOREBRAIN_NEURON_DEVELOPMENT	39	26	13	13	GOBP_FOREBRAIN_NEURON_DEVELOPMENT
GOBP_FOREBRAIN_NEURON_FATE_COMMITMENT	9	4	2	2	GOBP_FOREBRAIN_NEURON_FATE_COMMITMENT
GOBP_FOREBRAIN_REGIONALIZATION	24	18	9	9	GOBP_FOREBRAIN_REGIONALIZATION
GOBP_FOREBRAIN_VENTRICULAR_ZONE_PROGENITOR_CELL_DIVISION	6	4	2	2	GOBP_FOREBRAIN_VENTRICULAR_ZONE_PROGENITOR_CELL_DIVISION
GOBP_FOREGUT_MORPHOGENESIS	11	5	3	2	GOBP_FOREGUT_MORPHOGENESIS
GOBP_FORELIMB_MORPHOGENESIS	40	27	14	13	GOBP_FORELIMB_MORPHOGENESIS
GOBP_FORMATE_METABOLIC_PROCESS	8	5	3	2	GOBP_FORMATE_METABOLIC_PROCESS
GOBP_FORMATION_OF_CYTOPLASMIC_TRANSLATION_INITIATION_COMPLEX	15	8	4	4	GOBP_FORMATION_OF_CYTOPLASMIC_TRANSLATION_INITIATION_COMPLEX
GOBP_FORMATION_OF_EXTRACHROMOSOMAL_CIRCULAR_DNA	15	4	2	2	GOBP_FORMATION_OF_EXTRACHROMOSOMAL_CIRCULAR_DNA
GOBP_FORMATION_OF_PRIMARY_GERM_LAYER	134	87	44	43	GOBP_FORMATION_OF_PRIMARY_GERM_LAYER
GOBP_FORMATION_OF_TRANSLATION_PREINITIATION_COMPLEX	11	3	2	1	GOBP_FORMATION_OF_TRANSLATION_PREINITIATION_COMPLEX
GOBP_FREE_UBIQUITIN_CHAIN_POLYMERIZATION	9	4	2	2	GOBP_FREE_UBIQUITIN_CHAIN_POLYMERIZATION
GOBP_FRUCTOSE_1_6_BISPHOSPHATE_METABOLIC_PROCESS	9	5	3	2	GOBP_FRUCTOSE_1_6_BISPHOSPHATE_METABOLIC_PROCESS
GOBP_FRUCTOSE_2_6_BISPHOSPHATE_METABOLIC_PROCESS	5	3	2	1	GOBP_FRUCTOSE_2_6_BISPHOSPHATE_METABOLIC_PROCESS
GOBP_FRUCTOSE_6_PHOSPHATE_METABOLIC_PROCESS	14	7	4	3	GOBP_FRUCTOSE_6_PHOSPHATE_METABOLIC_PROCESS
GOBP_FRUCTOSE_METABOLIC_PROCESS	14	6	3	3	GOBP_FRUCTOSE_METABOLIC_PROCESS
GOBP_FRUCTOSE_TRANSMEMBRANE_TRANSPORT	10	5	3	2	GOBP_FRUCTOSE_TRANSMEMBRANE_TRANSPORT
GOBP_FUCOSE_CATABOLIC_PROCESS	10	8	4	4	GOBP_FUCOSE_CATABOLIC_PROCESS
GOBP_FUCOSE_METABOLIC_PROCESS	17	12	6	6	GOBP_FUCOSE_METABOLIC_PROCESS
GOBP_FUCOSYLATION	16	12	6	6	GOBP_FUCOSYLATION
GOBP_FUNGIFORM_PAPILLA_DEVELOPMENT	6	4	2	2	GOBP_FUNGIFORM_PAPILLA_DEVELOPMENT
GOBP_FUNGIFORM_PAPILLA_MORPHOGENESIS	5	3	2	1	GOBP_FUNGIFORM_PAPILLA_MORPHOGENESIS
GOBP_FUSED_ANTRUM_STAGE	6	4	2	2	GOBP_FUSED_ANTRUM_STAGE
GOBP_G0_TO_G1_TRANSITION	42	19	10	9	GOBP_G0_TO_G1_TRANSITION
GOBP_G1_TO_G0_TRANSITION	20	8	4	4	GOBP_G1_TO_G0_TRANSITION
GOBP_G1_TO_G0_TRANSITION_INVOLVED_IN_CELL_DIFFERENTIATION	6	3	2	1	GOBP_G1_TO_G0_TRANSITION_INVOLVED_IN_CELL_DIFFERENTIATION
GOBP_G2_MI_TRANSITION_OF_MEIOTIC_CELL_CYCLE	9	7	4	3	GOBP_G2_MI_TRANSITION_OF_MEIOTIC_CELL_CYCLE
GOBP_GABAERGIC_NEURON_DIFFERENTIATION	21	14	7	7	GOBP_GABAERGIC_NEURON_DIFFERENTIATION
GOBP_GALACTOLIPID_BIOSYNTHETIC_PROCESS	6	6	3	3	GOBP_GALACTOLIPID_BIOSYNTHETIC_PROCESS
GOBP_GALACTOLIPID_METABOLIC_PROCESS	9	7	4	3	GOBP_GALACTOLIPID_METABOLIC_PROCESS
GOBP_GALACTOSE_CATABOLIC_PROCESS	9	5	3	2	GOBP_GALACTOSE_CATABOLIC_PROCESS
GOBP_GALACTOSE_CATABOLIC_PROCESS_VIA_UDP_GALACTOSE_LELOIR_PATHWAY	5	3	2	1	GOBP_GALACTOSE_CATABOLIC_PROCESS_VIA_UDP_GALACTOSE_LELOIR_PATHWAY
GOBP_GALACTOSE_METABOLIC_PROCESS	13	8	4	4	GOBP_GALACTOSE_METABOLIC_PROCESS
GOBP_GALACTOSE_TRANSMEMBRANE_TRANSPORT	5	4	2	2	GOBP_GALACTOSE_TRANSMEMBRANE_TRANSPORT
GOBP_GAMETE_GENERATION	872	366	183	183	GOBP_GAMETE_GENERATION
GOBP_GAMMA_AMINOBUTYRIC_ACID_BIOSYNTHETIC_PROCESS	6	5	3	2	GOBP_GAMMA_AMINOBUTYRIC_ACID_BIOSYNTHETIC_PROCESS
GOBP_GAMMA_AMINOBUTYRIC_ACID_IMPORT	6	3	2	1	GOBP_GAMMA_AMINOBUTYRIC_ACID_IMPORT
GOBP_GAMMA_AMINOBUTYRIC_ACID_METABOLIC_PROCESS	8	6	3	3	GOBP_GAMMA_AMINOBUTYRIC_ACID_METABOLIC_PROCESS
GOBP_GAMMA_AMINOBUTYRIC_ACID_RECEPTOR_CLUSTERING	5	3	2	1	GOBP_GAMMA_AMINOBUTYRIC_ACID_RECEPTOR_CLUSTERING
GOBP_GAMMA_AMINOBUTYRIC_ACID_SECRETION	10	5	3	2	GOBP_GAMMA_AMINOBUTYRIC_ACID_SECRETION
GOBP_GAMMA_AMINOBUTYRIC_ACID_SIGNALING_PATHWAY	30	22	11	11	GOBP_GAMMA_AMINOBUTYRIC_ACID_SIGNALING_PATHWAY
GOBP_GAMMA_AMINOBUTYRIC_ACID_TRANSPORT	19	9	5	4	GOBP_GAMMA_AMINOBUTYRIC_ACID_TRANSPORT
GOBP_GAMMA_DELTA_T_CELL_ACTIVATION	28	18	9	9	GOBP_GAMMA_DELTA_T_CELL_ACTIVATION
GOBP_GAMMA_DELTA_T_CELL_DIFFERENTIATION	15	9	5	4	GOBP_GAMMA_DELTA_T_CELL_DIFFERENTIATION
GOBP_GANGLION_DEVELOPMENT	16	13	7	6	GOBP_GANGLION_DEVELOPMENT
GOBP_GANGLIOSIDE_BIOSYNTHETIC_PROCESS	17	8	4	4	GOBP_GANGLIOSIDE_BIOSYNTHETIC_PROCESS
GOBP_GANGLIOSIDE_CATABOLIC_PROCESS	8	5	3	2	GOBP_GANGLIOSIDE_CATABOLIC_PROCESS
GOBP_GANGLIOSIDE_METABOLIC_PROCESS	29	15	8	7	GOBP_GANGLIOSIDE_METABOLIC_PROCESS
GOBP_GAP_JUNCTION_ASSEMBLY	18	16	8	8	GOBP_GAP_JUNCTION_ASSEMBLY
GOBP_GAP_JUNCTION_MEDIATED_INTERCELLULAR_TRANSPORT	6	4	2	2	GOBP_GAP_JUNCTION_MEDIATED_INTERCELLULAR_TRANSPORT
GOBP_GASTRIC_ACID_SECRETION	14	12	6	6	GOBP_GASTRIC_ACID_SECRETION
GOBP_GASTRIC_MOTILITY	6	4	2	2	GOBP_GASTRIC_MOTILITY
GOBP_GASTRO_INTESTINAL_SYSTEM_SMOOTH_MUSCLE_CONTRACTION	12	8	4	4	GOBP_GASTRO_INTESTINAL_SYSTEM_SMOOTH_MUSCLE_CONTRACTION
GOBP_GASTRULATION	200	118	59	59	GOBP_GASTRULATION
GOBP_GASTRULATION_WITH_MOUTH_FORMING_SECOND	28	12	6	6	GOBP_GASTRULATION_WITH_MOUTH_FORMING_SECOND
GOBP_GAS_TRANSPORT	22	16	8	8	GOBP_GAS_TRANSPORT
GOBP_GDP_L_FUCOSE_METABOLIC_PROCESS	7	4	2	2	GOBP_GDP_L_FUCOSE_METABOLIC_PROCESS
GOBP_GDP_MANNOSE_METABOLIC_PROCESS	11	4	2	2	GOBP_GDP_MANNOSE_METABOLIC_PROCESS
GOBP_GDP_METABOLIC_PROCESS	11	6	3	3	GOBP_GDP_METABOLIC_PROCESS
GOBP_GENERAL_ADAPTATION_SYNDROME	6	5	3	2	GOBP_GENERAL_ADAPTATION_SYNDROME
GOBP_GENERAL_ADAPTATION_SYNDROME_BEHAVIORAL_PROCESS	5	4	2	2	GOBP_GENERAL_ADAPTATION_SYNDROME_BEHAVIORAL_PROCESS
GOBP_GENERATION_OF_NEURONS	1560	825	413	412	GOBP_GENERATION_OF_NEURONS
GOBP_GENERATION_OF_PRECURSOR_METABOLITES_AND_ENERGY	481	213	107	106	GOBP_GENERATION_OF_PRECURSOR_METABOLITES_AND_ENERGY
GOBP_GENITALIA_DEVELOPMENT	47	27	14	13	GOBP_GENITALIA_DEVELOPMENT
GOBP_GENITALIA_MORPHOGENESIS	12	5	3	2	GOBP_GENITALIA_MORPHOGENESIS
GOBP_GENOMIC_IMPRINTING	21	8	4	4	GOBP_GENOMIC_IMPRINTING
GOBP_GEPHYRIN_CLUSTERING_INVOLVED_IN_POSTSYNAPTIC_DENSITY_ASSEMBLY	5	5	3	2	GOBP_GEPHYRIN_CLUSTERING_INVOLVED_IN_POSTSYNAPTIC_DENSITY_ASSEMBLY
GOBP_GERMINAL_CENTER_B_CELL_DIFFERENTIATION	9	6	3	3	GOBP_GERMINAL_CENTER_B_CELL_DIFFERENTIATION
GOBP_GERMINAL_CENTER_FORMATION	14	9	5	4	GOBP_GERMINAL_CENTER_FORMATION
GOBP_GERM_CELL_MIGRATION	9	7	4	3	GOBP_GERM_CELL_MIGRATION
GOBP_GERM_CELL_PROLIFERATION	10	6	3	3	GOBP_GERM_CELL_PROLIFERATION
GOBP_GERM_LINE_STEM_CELL_POPULATION_MAINTENANCE	5	4	2	2	GOBP_GERM_LINE_STEM_CELL_POPULATION_MAINTENANCE
GOBP_GLANDULAR_EPITHELIAL_CELL_DEVELOPMENT	12	6	3	3	GOBP_GLANDULAR_EPITHELIAL_CELL_DEVELOPMENT
GOBP_GLANDULAR_EPITHELIAL_CELL_DIFFERENTIATION	36	25	13	12	GOBP_GLANDULAR_EPITHELIAL_CELL_DIFFERENTIATION
GOBP_GLANDULAR_EPITHELIAL_CELL_MATURATION	7	4	2	2	GOBP_GLANDULAR_EPITHELIAL_CELL_MATURATION
GOBP_GLAND_DEVELOPMENT	451	278	139	139	GOBP_GLAND_DEVELOPMENT
GOBP_GLAND_MORPHOGENESIS	130	88	44	44	GOBP_GLAND_MORPHOGENESIS
GOBP_GLIAL_CELL_ACTIVATION	57	34	17	17	GOBP_GLIAL_CELL_ACTIVATION
GOBP_GLIAL_CELL_APOPTOTIC_PROCESS	17	11	6	5	GOBP_GLIAL_CELL_APOPTOTIC_PROCESS
GOBP_GLIAL_CELL_DERIVED_NEUROTROPHIC_FACTOR_RECEPTOR_SIGNALING_PATHWAY	15	12	6	6	GOBP_GLIAL_CELL_DERIVED_NEUROTROPHIC_FACTOR_RECEPTOR_SIGNALING_PATHWAY
GOBP_GLIAL_CELL_DEVELOPMENT	136	78	39	39	GOBP_GLIAL_CELL_DEVELOPMENT
GOBP_GLIAL_CELL_DIFFERENTIATION	263	143	72	71	GOBP_GLIAL_CELL_DIFFERENTIATION
GOBP_GLIAL_CELL_FATE_COMMITMENT	14	9	5	4	GOBP_GLIAL_CELL_FATE_COMMITMENT
GOBP_GLIAL_CELL_FATE_SPECIFICATION	7	5	3	2	GOBP_GLIAL_CELL_FATE_SPECIFICATION
GOBP_GLIAL_CELL_MIGRATION	63	29	15	14	GOBP_GLIAL_CELL_MIGRATION
GOBP_GLIAL_CELL_PROLIFERATION	62	33	17	16	GOBP_GLIAL_CELL_PROLIFERATION
GOBP_GLIOGENESIS	353	183	92	91	GOBP_GLIOGENESIS
GOBP_GLOMERULAR_BASEMENT_MEMBRANE_DEVELOPMENT	11	8	4	4	GOBP_GLOMERULAR_BASEMENT_MEMBRANE_DEVELOPMENT
GOBP_GLOMERULAR_ENDOTHELIUM_DEVELOPMENT	5	5	3	2	GOBP_GLOMERULAR_ENDOTHELIUM_DEVELOPMENT
GOBP_GLOMERULAR_EPITHELIAL_CELL_DEVELOPMENT	13	7	4	3	GOBP_GLOMERULAR_EPITHELIAL_CELL_DEVELOPMENT
GOBP_GLOMERULAR_EPITHELIUM_DEVELOPMENT	28	20	10	10	GOBP_GLOMERULAR_EPITHELIUM_DEVELOPMENT
GOBP_GLOMERULAR_MESANGIAL_CELL_DEVELOPMENT	5	4	2	2	GOBP_GLOMERULAR_MESANGIAL_CELL_DEVELOPMENT
GOBP_GLOMERULAR_MESANGIAL_CELL_PROLIFERATION	13	11	6	5	GOBP_GLOMERULAR_MESANGIAL_CELL_PROLIFERATION
GOBP_GLOMERULAR_MESANGIUM_DEVELOPMENT	18	15	8	7	GOBP_GLOMERULAR_MESANGIUM_DEVELOPMENT
GOBP_GLOMERULUS_DEVELOPMENT	75	57	29	28	GOBP_GLOMERULUS_DEVELOPMENT
GOBP_GLOMERULUS_MORPHOGENESIS	9	6	3	3	GOBP_GLOMERULUS_MORPHOGENESIS
GOBP_GLOMERULUS_VASCULATURE_MORPHOGENESIS	6	5	3	2	GOBP_GLOMERULUS_VASCULATURE_MORPHOGENESIS
GOBP_GLUCAN_BIOSYNTHETIC_PROCESS	45	14	7	7	GOBP_GLUCAN_BIOSYNTHETIC_PROCESS
GOBP_GLUCAN_METABOLIC_PROCESS	89	36	18	18	GOBP_GLUCAN_METABOLIC_PROCESS
GOBP_GLUCOCORTICOID_BIOSYNTHETIC_PROCESS	18	13	7	6	GOBP_GLUCOCORTICOID_BIOSYNTHETIC_PROCESS
GOBP_GLUCOCORTICOID_METABOLIC_PROCESS	26	18	9	9	GOBP_GLUCOCORTICOID_METABOLIC_PROCESS
GOBP_GLUCOCORTICOID_SECRETION	14	10	5	5	GOBP_GLUCOCORTICOID_SECRETION
GOBP_GLUCOSAMINE_CONTAINING_COMPOUND_CATABOLIC_PROCESS	10	5	3	2	GOBP_CHITIN_METABOLIC_PROCESS
GOBP_GLUCOSAMINE_CONTAINING_COMPOUND_METABOLIC_PROCESS	26	12	6	6	GOBP_GLUCOSAMINE_CONTAINING_COMPOUND_METABOLIC_PROCESS
GOBP_GLUCOSE_6_PHOSPHATE_METABOLIC_PROCESS	30	14	7	7	GOBP_GLUCOSE_6_PHOSPHATE_METABOLIC_PROCESS
GOBP_GLUCOSE_CATABOLIC_PROCESS	30	17	9	8	GOBP_GLUCOSE_CATABOLIC_PROCESS
GOBP_GLUCOSE_CATABOLIC_PROCESS_TO_LACTATE	5	3	2	1	GOBP_GLUCOSE_CATABOLIC_PROCESS_TO_LACTATE
GOBP_GLUCOSE_IMPORT_IN_RESPONSE_TO_INSULIN_STIMULUS	6	3	2	1	GOBP_GLUCOSE_IMPORT_IN_RESPONSE_TO_INSULIN_STIMULUS
GOBP_GLUCOSE_METABOLIC_PROCESS	200	92	46	46	GOBP_GLUCOSE_METABOLIC_PROCESS
GOBP_GLUTAMATERGIC_NEURON_DIFFERENTIATION	19	14	7	7	GOBP_GLUTAMATERGIC_NEURON_DIFFERENTIATION
GOBP_GLUTAMATE_CATABOLIC_PROCESS	8	5	3	2	GOBP_GLUTAMATE_CATABOLIC_PROCESS
GOBP_GLUTAMATE_METABOLIC_PROCESS	34	16	8	8	GOBP_GLUTAMATE_METABOLIC_PROCESS
GOBP_GLUTAMATE_RECEPTOR_SIGNALING_PATHWAY	62	34	17	17	GOBP_GLUTAMATE_RECEPTOR_SIGNALING_PATHWAY
GOBP_GLUTAMATE_SECRETION	30	17	9	8	GOBP_GLUTAMATE_SECRETION
GOBP_GLUTAMATE_SECRETION_NEUROTRANSMISSION	8	3	2	1	GOBP_GLUTAMATE_SECRETION_NEUROTRANSMISSION
GOBP_GLUTAMINE_FAMILY_AMINO_ACID_BIOSYNTHETIC_PROCESS	18	10	5	5	GOBP_GLUTAMINE_FAMILY_AMINO_ACID_BIOSYNTHETIC_PROCESS
GOBP_GLUTAMINE_FAMILY_AMINO_ACID_CATABOLIC_PROCESS	26	17	9	8	GOBP_GLUTAMINE_FAMILY_AMINO_ACID_CATABOLIC_PROCESS
GOBP_GLUTAMINE_FAMILY_AMINO_ACID_METABOLIC_PROCESS	71	37	19	18	GOBP_GLUTAMINE_FAMILY_AMINO_ACID_METABOLIC_PROCESS
GOBP_GLUTAMINE_METABOLIC_PROCESS	20	10	5	5	GOBP_GLUTAMINE_METABOLIC_PROCESS
GOBP_GLUTAMINE_TRANSPORT	10	5	3	2	GOBP_GLUTAMINE_TRANSPORT
GOBP_GLUTATHIONE_CATABOLIC_PROCESS	11	4	2	2	GOBP_GLUTATHIONE_CATABOLIC_PROCESS
GOBP_GLUTATHIONE_METABOLIC_PROCESS	58	29	15	14	GOBP_GLUTATHIONE_METABOLIC_PROCESS
GOBP_GLUTATHIONE_TRANSMEMBRANE_TRANSPORT	8	5	3	2	GOBP_GLUTATHIONE_TRANSMEMBRANE_TRANSPORT
GOBP_GLUTATHIONE_TRANSPORT	10	6	3	3	GOBP_GLUTATHIONE_TRANSPORT
GOBP_GLYCERALDEHYDE_3_PHOSPHATE_METABOLIC_PROCESS	12	5	3	2	GOBP_GLYCERALDEHYDE_3_PHOSPHATE_METABOLIC_PROCESS
GOBP_GLYCEROLIPID_BIOSYNTHETIC_PROCESS	241	103	52	51	GOBP_GLYCEROLIPID_BIOSYNTHETIC_PROCESS
GOBP_GLYCEROLIPID_CATABOLIC_PROCESS	69	36	18	18	GOBP_GLYCEROLIPID_CATABOLIC_PROCESS
GOBP_GLYCEROLIPID_METABOLIC_PROCESS	394	191	96	95	GOBP_GLYCEROLIPID_METABOLIC_PROCESS
GOBP_GLYCEROL_3_PHOSPHATE_METABOLIC_PROCESS	8	4	2	2	GOBP_GLYCEROL_3_PHOSPHATE_METABOLIC_PROCESS
GOBP_GLYCEROL_ETHER_METABOLIC_PROCESS	22	9	5	4	GOBP_GLYCEROL_ETHER_METABOLIC_PROCESS
GOBP_GLYCEROL_TRANSMEMBRANE_TRANSPORT	8	6	3	3	GOBP_GLYCEROL_TRANSMEMBRANE_TRANSPORT
GOBP_GLYCEROPHOSPHOLIPID_BIOSYNTHETIC_PROCESS	199	84	42	42	GOBP_GLYCEROPHOSPHOLIPID_BIOSYNTHETIC_PROCESS
GOBP_GLYCEROPHOSPHOLIPID_CATABOLIC_PROCESS	34	15	8	7	GOBP_GLYCEROPHOSPHOLIPID_CATABOLIC_PROCESS
GOBP_GLYCEROPHOSPHOLIPID_METABOLIC_PROCESS	300	137	69	68	GOBP_GLYCEROPHOSPHOLIPID_METABOLIC_PROCESS
GOBP_GLYCINE_IMPORT_ACROSS_PLASMA_MEMBRANE	7	7	4	3	GOBP_GLYCINE_IMPORT_ACROSS_PLASMA_MEMBRANE
GOBP_GLYCINE_METABOLIC_PROCESS	13	7	4	3	GOBP_GLYCINE_METABOLIC_PROCESS
GOBP_GLYCINE_TRANSPORT	17	13	7	6	GOBP_GLYCINE_TRANSPORT
GOBP_GLYCOLIPID_BIOSYNTHETIC_PROCESS	79	41	21	20	GOBP_GLYCOLIPID_BIOSYNTHETIC_PROCESS
GOBP_GLYCOLIPID_CATABOLIC_PROCESS	26	12	6	6	GOBP_GLYCOLIPID_CATABOLIC_PROCESS
GOBP_GLYCOLIPID_TRANSPORT	8	4	2	2	GOBP_GLYCOLIPID_TRANSPORT
GOBP_GLYCOLYTIC_PROCESS_THROUGH_FRUCTOSE_6_PHOSPHATE	26	12	6	6	GOBP_GLYCOLYTIC_PROCESS_THROUGH_FRUCTOSE_6_PHOSPHATE
GOBP_GLYCOLYTIC_PROCESS_THROUGH_GLUCOSE_6_PHOSPHATE	22	12	6	6	GOBP_GLYCOLYTIC_PROCESS_THROUGH_FRUCTOSE_6_PHOSPHATE
GOBP_GLYCOPHAGY	12	4	2	2	GOBP_GLYCOPHAGY
GOBP_GLYCOPROTEIN_BIOSYNTHETIC_PROCESS	328	156	78	78	GOBP_GLYCOPROTEIN_BIOSYNTHETIC_PROCESS
GOBP_GLYCOPROTEIN_CATABOLIC_PROCESS	39	18	9	9	GOBP_GLYCOPROTEIN_CATABOLIC_PROCESS
GOBP_GLYCOPROTEIN_METABOLIC_PROCESS	402	189	95	94	GOBP_GLYCOPROTEIN_METABOLIC_PROCESS
GOBP_GLYCOSAMINOGLYCAN_BIOSYNTHETIC_PROCESS	45	23	12	11	GOBP_GLYCOSAMINOGLYCAN_BIOSYNTHETIC_PROCESS
GOBP_GLYCOSAMINOGLYCAN_CATABOLIC_PROCESS	26	15	8	7	GOBP_GLYCOSAMINOGLYCAN_CATABOLIC_PROCESS
GOBP_GLYCOSAMINOGLYCAN_METABOLIC_PROCESS	82	46	23	23	GOBP_GLYCOSAMINOGLYCAN_METABOLIC_PROCESS
GOBP_GLYCOSIDE_CATABOLIC_PROCESS	7	3	2	1	GOBP_GLYCOSIDE_CATABOLIC_PROCESS
GOBP_GLYCOSIDE_METABOLIC_PROCESS	18	7	4	3	GOBP_GLYCOSIDE_METABOLIC_PROCESS
GOBP_GLYCOSIDE_TRANSPORT	6	4	2	2	GOBP_GLYCOSIDE_TRANSPORT
GOBP_GLYCOSPHINGOLIPID_BIOSYNTHETIC_PROCESS	40	25	13	12	GOBP_GLYCOSPHINGOLIPID_BIOSYNTHETIC_PROCESS
GOBP_GLYCOSPHINGOLIPID_METABOLIC_PROCESS	70	39	20	19	GOBP_GLYCOSPHINGOLIPID_METABOLIC_PROCESS
GOBP_GLYCOSYLATION	247	120	60	60	GOBP_GLYCOSYLATION
GOBP_GLYCOSYLCERAMIDE_BIOSYNTHETIC_PROCESS	8	6	3	3	GOBP_GALACTOLIPID_BIOSYNTHETIC_PROCESS
GOBP_GLYCOSYLCERAMIDE_CATABOLIC_PROCESS	11	4	2	2	GOBP_GLYCOSYLCERAMIDE_CATABOLIC_PROCESS
GOBP_GLYCOSYLCERAMIDE_METABOLIC_PROCESS	21	11	6	5	GOBP_GLYCOSYLCERAMIDE_METABOLIC_PROCESS
GOBP_GLYCOSYL_COMPOUND_BIOSYNTHETIC_PROCESS	25	11	6	5	GOBP_GLYCOSYL_COMPOUND_BIOSYNTHETIC_PROCESS
GOBP_GLYCOSYL_COMPOUND_CATABOLIC_PROCESS	27	14	7	7	GOBP_GLYCOSYL_COMPOUND_CATABOLIC_PROCESS
GOBP_GLYCOSYL_COMPOUND_METABOLIC_PROCESS	74	34	17	17	GOBP_GLYCOSYL_COMPOUND_METABOLIC_PROCESS
GOBP_GMP_BIOSYNTHETIC_PROCESS	14	7	4	3	GOBP_GMP_BIOSYNTHETIC_PROCESS
GOBP_GMP_CATABOLIC_PROCESS	5	4	2	2	GOBP_GMP_CATABOLIC_PROCESS
GOBP_GMP_METABOLIC_PROCESS	28	16	8	8	GOBP_GMP_METABOLIC_PROCESS
GOBP_GMP_SALVAGE	5	3	2	1	GOBP_GMP_SALVAGE
GOBP_GOLGI_LOCALIZATION	14	3	2	1	GOBP_GOLGI_LOCALIZATION
GOBP_GOLGI_ORGANIZATION	156	39	20	19	GOBP_GOLGI_ORGANIZATION
GOBP_GOLGI_TO_ENDOSOME_TRANSPORT	17	3	2	1	GOBP_GOLGI_TO_ENDOSOME_TRANSPORT
GOBP_GOLGI_TO_LYSOSOME_TRANSPORT	11	4	2	2	GOBP_GOLGI_TO_LYSOSOME_TRANSPORT
GOBP_GOLGI_TO_PLASMA_MEMBRANE_PROTEIN_TRANSPORT	44	11	6	5	GOBP_GOLGI_TO_PLASMA_MEMBRANE_PROTEIN_TRANSPORT
GOBP_GOLGI_TO_PLASMA_MEMBRANE_TRANSPORT	68	17	9	8	GOBP_GOLGI_TO_PLASMA_MEMBRANE_TRANSPORT
GOBP_GOLGI_TO_VACUOLE_TRANSPORT	19	5	3	2	GOBP_GOLGI_TO_VACUOLE_TRANSPORT
GOBP_GOLGI_VESICLE_TRANSPORT	314	83	42	41	GOBP_GOLGI_VESICLE_TRANSPORT
GOBP_GONADOTROPHIN_RELEASING_HORMONE_NEURONAL_MIGRATION_TO_THE_HYPOTHALAMUS	6	4	2	2	GOBP_GONADOTROPHIN_RELEASING_HORMONE_NEURONAL_MIGRATION_TO_THE_HYPOTHALAMUS
GOBP_GONADOTROPIN_SECRETION	17	11	6	5	GOBP_GONADOTROPIN_SECRETION
GOBP_GPI_ANCHOR_METABOLIC_PROCESS	32	13	7	6	GOBP_GPI_ANCHOR_METABOLIC_PROCESS
GOBP_GRANULOCYTE_ACTIVATION	57	30	15	15	GOBP_GRANULOCYTE_ACTIVATION
GOBP_GRANULOCYTE_CHEMOTAXIS	121	95	48	47	GOBP_GRANULOCYTE_CHEMOTAXIS
GOBP_GRANULOCYTE_COLONY_STIMULATING_FACTOR_PRODUCTION	5	4	2	2	GOBP_GRANULOCYTE_COLONY_STIMULATING_FACTOR_PRODUCTION
GOBP_GRANULOCYTE_COLONY_STIMULATING_FACTOR_SIGNALING_PATHWAY	5	5	3	2	GOBP_GRANULOCYTE_COLONY_STIMULATING_FACTOR_SIGNALING_PATHWAY
GOBP_GRANULOCYTE_DIFFERENTIATION	43	30	15	15	GOBP_GRANULOCYTE_DIFFERENTIATION
GOBP_GRANULOCYTE_MACROPHAGE_COLONY_STIMULATING_FACTOR_PRODUCTION	16	10	5	5	GOBP_GRANULOCYTE_MACROPHAGE_COLONY_STIMULATING_FACTOR_PRODUCTION
GOBP_GRANULOCYTE_MIGRATION	148	111	56	55	GOBP_GRANULOCYTE_MIGRATION
GOBP_GRANZYME_MEDIATED_PROGRAMMED_CELL_DEATH_SIGNALING_PATHWAY	11	8	4	4	GOBP_GRANZYME_MEDIATED_PROGRAMMED_CELL_DEATH_SIGNALING_PATHWAY
GOBP_GROOMING_BEHAVIOR	18	13	7	6	GOBP_GROOMING_BEHAVIOR
GOBP_GROWTH	975	498	249	249	GOBP_GROWTH
GOBP_GROWTH_HORMONE_SECRETION	15	8	4	4	GOBP_GROWTH_HORMONE_SECRETION
GOBP_GROWTH_PLATE_CARTILAGE_CHONDROCYTE_DEVELOPMENT	6	3	2	1	GOBP_GROWTH_PLATE_CARTILAGE_CHONDROCYTE_DEVELOPMENT
GOBP_GROWTH_PLATE_CARTILAGE_CHONDROCYTE_DIFFERENTIATION	10	5	3	2	GOBP_GROWTH_PLATE_CARTILAGE_CHONDROCYTE_DIFFERENTIATION
GOBP_GROWTH_PLATE_CARTILAGE_DEVELOPMENT	21	8	4	4	GOBP_GROWTH_PLATE_CARTILAGE_DEVELOPMENT
GOBP_GTP_BIOSYNTHETIC_PROCESS	11	7	4	3	GOBP_GTP_BIOSYNTHETIC_PROCESS
GOBP_GTP_METABOLIC_PROCESS	25	9	5	4	GOBP_GTP_METABOLIC_PROCESS
GOBP_GUANINE_METABOLIC_PROCESS	6	4	2	2	GOBP_GMP_CATABOLIC_PROCESS
GOBP_GUANINE_NUCLEOTIDE_TRANSPORT	11	6	3	3	GOBP_GUANINE_NUCLEOTIDE_TRANSPORT
GOBP_G_PROTEIN_COUPLED_ACETYLCHOLINE_RECEPTOR_SIGNALING_PATHWAY	21	12	6	6	GOBP_G_PROTEIN_COUPLED_ACETYLCHOLINE_RECEPTOR_SIGNALING_PATHWAY
GOBP_G_PROTEIN_COUPLED_DOPAMINE_RECEPTOR_SIGNALING_PATHWAY	35	18	9	9	GOBP_G_PROTEIN_COUPLED_DOPAMINE_RECEPTOR_SIGNALING_PATHWAY
GOBP_G_PROTEIN_COUPLED_GLUTAMATE_RECEPTOR_SIGNALING_PATHWAY	15	8	4	4	GOBP_G_PROTEIN_COUPLED_GLUTAMATE_RECEPTOR_SIGNALING_PATHWAY
GOBP_G_PROTEIN_COUPLED_OPIOID_RECEPTOR_SIGNALING_PATHWAY	12	9	5	4	GOBP_G_PROTEIN_COUPLED_OPIOID_RECEPTOR_SIGNALING_PATHWAY
GOBP_G_PROTEIN_COUPLED_OPSIN_SIGNALING_PATHWAY	13	7	4	3	GOBP_G_PROTEIN_COUPLED_OPSIN_SIGNALING_PATHWAY
GOBP_G_PROTEIN_COUPLED_PURINERGIC_NUCLEOTIDE_RECEPTOR_SIGNALING_PATHWAY	14	9	5	4	GOBP_G_PROTEIN_COUPLED_PURINERGIC_NUCLEOTIDE_RECEPTOR_SIGNALING_PATHWAY
GOBP_G_PROTEIN_COUPLED_PURINERGIC_RECEPTOR_SIGNALING_PATHWAY	12	4	2	2	GOBP_G_PROTEIN_COUPLED_PURINERGIC_RECEPTOR_SIGNALING_PATHWAY
GOBP_G_PROTEIN_COUPLED_RECEPTOR_INTERNALIZATION	16	6	3	3	GOBP_G_PROTEIN_COUPLED_RECEPTOR_INTERNALIZATION
GOBP_G_PROTEIN_COUPLED_RECEPTOR_SIGNALING_PATHWAY	1349	802	401	401	GOBP_G_PROTEIN_COUPLED_RECEPTOR_SIGNALING_PATHWAY
GOBP_G_PROTEIN_COUPLED_RECEPTOR_SIGNALING_PATHWAY_COUPLED_TO_CYCLIC_NUCLEOTIDE_SECOND_MESSENGER	56	42	21	21	GOBP_G_PROTEIN_COUPLED_RECEPTOR_SIGNALING_PATHWAY_COUPLED_TO_CYCLIC_NUCLEOTIDE_SECOND_MESSENGER
GOBP_G_PROTEIN_COUPLED_RECEPTOR_SIGNALING_PATHWAY_INVOLVED_IN_HEART_PROCESS	7	4	2	2	GOBP_G_PROTEIN_COUPLED_RECEPTOR_SIGNALING_PATHWAY_INVOLVED_IN_HEART_PROCESS
GOBP_G_PROTEIN_COUPLED_SEROTONIN_RECEPTOR_SIGNALING_PATHWAY	19	10	5	5	GOBP_G_PROTEIN_COUPLED_SEROTONIN_RECEPTOR_SIGNALING_PATHWAY
GOBP_HAIR_CELL_DIFFERENTIATION	59	30	15	15	GOBP_HAIR_CELL_DIFFERENTIATION
GOBP_HAIR_FOLLICLE_MATURATION	15	9	5	4	GOBP_HAIR_FOLLICLE_MATURATION
GOBP_HAIR_FOLLICLE_PLACODE_FORMATION	6	3	2	1	GOBP_HAIR_FOLLICLE_PLACODE_FORMATION
GOBP_HARD_PALATE_DEVELOPMENT	9	7	4	3	GOBP_HARD_PALATE_DEVELOPMENT
GOBP_HEAD_DEVELOPMENT	808	397	199	198	GOBP_HEAD_DEVELOPMENT
GOBP_HEAD_MORPHOGENESIS	40	18	9	9	GOBP_HEAD_MORPHOGENESIS
GOBP_HEART_DEVELOPMENT	633	316	158	158	GOBP_HEART_DEVELOPMENT
GOBP_HEART_FIELD_SPECIFICATION	18	10	5	5	GOBP_HEART_FIELD_SPECIFICATION
GOBP_HEART_FORMATION	34	18	9	9	GOBP_HEART_FORMATION
GOBP_HEART_GROWTH	104	52	26	26	GOBP_HEART_GROWTH
GOBP_HEART_MORPHOGENESIS	278	151	76	75	GOBP_HEART_MORPHOGENESIS
GOBP_HEART_PROCESS	275	155	78	77	GOBP_HEART_PROCESS
GOBP_HEART_TRABECULA_FORMATION	15	11	6	5	GOBP_HEART_TRABECULA_FORMATION
GOBP_HEART_TRABECULA_MORPHOGENESIS	34	21	11	10	GOBP_HEART_TRABECULA_MORPHOGENESIS
GOBP_HEART_VALVE_DEVELOPMENT	77	49	25	24	GOBP_HEART_VALVE_DEVELOPMENT
GOBP_HEART_VALVE_FORMATION	16	9	5	4	GOBP_HEART_VALVE_FORMATION
GOBP_HEART_VALVE_MORPHOGENESIS	63	42	21	21	GOBP_HEART_VALVE_MORPHOGENESIS
GOBP_HEAT_ACCLIMATION	6	5	3	2	GOBP_HEAT_ACCLIMATION
GOBP_HEAT_GENERATION	19	14	7	7	GOBP_HEAT_GENERATION
GOBP_HEMATOPOIETIC_OR_LYMPHOID_ORGAN_DEVELOPMENT	106	54	27	27	GOBP_HEMATOPOIETIC_OR_LYMPHOID_ORGAN_DEVELOPMENT
GOBP_HEMATOPOIETIC_PROGENITOR_CELL_DIFFERENTIATION	136	71	36	35	GOBP_HEMATOPOIETIC_PROGENITOR_CELL_DIFFERENTIATION
GOBP_HEMATOPOIETIC_STEM_CELL_DIFFERENTIATION	37	18	9	9	GOBP_HEMATOPOIETIC_STEM_CELL_DIFFERENTIATION
GOBP_HEMATOPOIETIC_STEM_CELL_HOMEOSTASIS	29	14	7	7	GOBP_HEMATOPOIETIC_STEM_CELL_HOMEOSTASIS
GOBP_HEMATOPOIETIC_STEM_CELL_MIGRATION	10	6	3	3	GOBP_HEMATOPOIETIC_STEM_CELL_MIGRATION
GOBP_HEMATOPOIETIC_STEM_CELL_MIGRATION_TO_BONE_MARROW	5	4	2	2	GOBP_HEMATOPOIETIC_STEM_CELL_MIGRATION_TO_BONE_MARROW
GOBP_HEMATOPOIETIC_STEM_CELL_PROLIFERATION	37	20	10	10	GOBP_HEMATOPOIETIC_STEM_CELL_PROLIFERATION
GOBP_HEME_A_METABOLIC_PROCESS	10	3	2	1	GOBP_HEME_A_METABOLIC_PROCESS
GOBP_HEME_B_METABOLIC_PROCESS	10	4	2	2	GOBP_HEME_B_METABOLIC_PROCESS
GOBP_HEME_TRANSPORT	9	3	2	1	GOBP_HEME_TRANSPORT
GOBP_HEMIDESMOSOME_ASSEMBLY	6	5	3	2	GOBP_HEMIDESMOSOME_ASSEMBLY
GOBP_HEMOGLOBIN_BIOSYNTHETIC_PROCESS	14	7	4	3	GOBP_HEMOGLOBIN_BIOSYNTHETIC_PROCESS
GOBP_HEMOGLOBIN_METABOLIC_PROCESS	19	9	5	4	GOBP_HEMOGLOBIN_METABOLIC_PROCESS
GOBP_HEMOPOIESIS	998	513	257	256	GOBP_HEMOPOIESIS
GOBP_HEMOSTASIS	250	146	73	73	GOBP_HEMOSTASIS
GOBP_HEPARAN_SULFATE_PROTEOGLYCAN_BIOSYNTHETIC_PROCESS	34	15	8	7	GOBP_HEPARAN_SULFATE_PROTEOGLYCAN_BIOSYNTHETIC_PROCESS
GOBP_HEPARAN_SULFATE_PROTEOGLYCAN_METABOLIC_PROCESS	46	18	9	9	GOBP_HEPARAN_SULFATE_PROTEOGLYCAN_METABOLIC_PROCESS
GOBP_HEPARIN_PROTEOGLYCAN_BIOSYNTHETIC_PROCESS	11	5	3	2	GOBP_HEPARIN_PROTEOGLYCAN_BIOSYNTHETIC_PROCESS
GOBP_HEPARIN_PROTEOGLYCAN_METABOLIC_PROCESS	17	8	4	4	GOBP_HEPARIN_PROTEOGLYCAN_METABOLIC_PROCESS
GOBP_HEPATICOBILIARY_SYSTEM_DEVELOPMENT	145	79	40	39	GOBP_HEPATICOBILIARY_SYSTEM_DEVELOPMENT
GOBP_HEPATIC_STELLATE_CELL_ACTIVATION	9	6	3	3	GOBP_HEPATIC_STELLATE_CELL_ACTIVATION
GOBP_HEPATOCYTE_APOPTOTIC_PROCESS	20	5	3	2	GOBP_HEPATOCYTE_APOPTOTIC_PROCESS
GOBP_HEPATOCYTE_DIFFERENTIATION	14	10	5	5	GOBP_HEPATOCYTE_DIFFERENTIATION
GOBP_HEPATOCYTE_GROWTH_FACTOR_RECEPTOR_SIGNALING_PATHWAY	12	8	4	4	GOBP_HEPATOCYTE_GROWTH_FACTOR_RECEPTOR_SIGNALING_PATHWAY
GOBP_HETEROCHROMATIN_FORMATION	161	52	26	26	GOBP_HETEROCHROMATIN_FORMATION
GOBP_HETEROCHROMATIN_ORGANIZATION	12	5	3	2	GOBP_HETEROCHROMATIN_ORGANIZATION
GOBP_HETEROPHILIC_CELL_CELL_ADHESION_VIA_PLASMA_MEMBRANE_CELL_ADHESION_MOLECULES	47	29	15	14	GOBP_HETEROPHILIC_CELL_CELL_ADHESION_VIA_PLASMA_MEMBRANE_CELL_ADHESION_MOLECULES
GOBP_HETEROTYPIC_CELL_CELL_ADHESION	63	43	22	21	GOBP_HETEROTYPIC_CELL_CELL_ADHESION
GOBP_HEXOSE_PHOSPHATE_TRANSPORT	7	3	2	1	GOBP_HEXOSE_PHOSPHATE_TRANSPORT
GOBP_HIGH_DENSITY_LIPOPROTEIN_PARTICLE_ASSEMBLY	13	5	3	2	GOBP_HIGH_DENSITY_LIPOPROTEIN_PARTICLE_ASSEMBLY
GOBP_HIGH_DENSITY_LIPOPROTEIN_PARTICLE_CLEARANCE	18	7	4	3	GOBP_HIGH_DENSITY_LIPOPROTEIN_PARTICLE_CLEARANCE
GOBP_HIGH_DENSITY_LIPOPROTEIN_PARTICLE_REMODELING	21	15	8	7	GOBP_HIGH_DENSITY_LIPOPROTEIN_PARTICLE_REMODELING
GOBP_HINDBRAIN_DEVELOPMENT	163	86	43	43	GOBP_HINDBRAIN_DEVELOPMENT
GOBP_HINDBRAIN_MORPHOGENESIS	48	23	12	11	GOBP_HINDBRAIN_MORPHOGENESIS
GOBP_HINDBRAIN_RADIAL_GLIA_GUIDED_CELL_MIGRATION	9	5	3	2	GOBP_HINDBRAIN_RADIAL_GLIA_GUIDED_CELL_MIGRATION
GOBP_HINDBRAIN_TANGENTIAL_CELL_MIGRATION	5	4	2	2	GOBP_HINDBRAIN_TANGENTIAL_CELL_MIGRATION
GOBP_HINDGUT_DEVELOPMENT	8	7	4	3	GOBP_HINDGUT_DEVELOPMENT
GOBP_HINDLIMB_MORPHOGENESIS	36	25	13	12	GOBP_HINDLIMB_MORPHOGENESIS
GOBP_HIPPOCAMPAL_NEURON_APOPTOTIC_PROCESS	8	4	2	2	GOBP_HIPPOCAMPAL_NEURON_APOPTOTIC_PROCESS
GOBP_HIPPOCAMPUS_DEVELOPMENT	94	49	25	24	GOBP_HIPPOCAMPUS_DEVELOPMENT
GOBP_HIPPO_SIGNALING	58	20	10	10	GOBP_HIPPO_SIGNALING
GOBP_HISTAMINE_METABOLIC_PROCESS	6	4	2	2	GOBP_HISTAMINE_METABOLIC_PROCESS
GOBP_HISTAMINE_SECRETION	14	7	4	3	GOBP_HISTAMINE_SECRETION
GOBP_HISTAMINE_TRANSPORT	17	9	5	4	GOBP_HISTAMINE_TRANSPORT
GOBP_HISTONE_MRNA_CATABOLIC_PROCESS	15	4	2	2	GOBP_HISTONE_MRNA_CATABOLIC_PROCESS
GOBP_HISTONE_MRNA_METABOLIC_PROCESS	24	5	3	2	GOBP_HISTONE_MRNA_METABOLIC_PROCESS
GOBP_HIS_PURKINJE_SYSTEM_DEVELOPMENT	7	7	4	3	GOBP_HIS_PURKINJE_SYSTEM_DEVELOPMENT
GOBP_HOMEOSTASIS_OF_NUMBER_OF_CELLS	360	180	90	90	GOBP_HOMEOSTASIS_OF_NUMBER_OF_CELLS
GOBP_HOMEOSTASIS_OF_NUMBER_OF_CELLS_WITHIN_A_TISSUE	43	22	11	11	GOBP_HOMEOSTASIS_OF_NUMBER_OF_CELLS_WITHIN_A_TISSUE
GOBP_HOMEOSTATIC_PROCESS	1812	962	481	481	GOBP_HOMEOSTATIC_PROCESS
GOBP_HOMOCYSTEINE_METABOLIC_PROCESS	15	7	4	3	GOBP_HOMOCYSTEINE_METABOLIC_PROCESS
GOBP_HOMOLOGOUS_CHROMOSOME_PAIRING_AT_MEIOSIS	54	26	13	13	GOBP_HOMOLOGOUS_CHROMOSOME_PAIRING_AT_MEIOSIS
GOBP_HOMOLOGOUS_CHROMOSOME_SEGREGATION	68	32	16	16	GOBP_HOMOLOGOUS_CHROMOSOME_SEGREGATION
GOBP_HOMOLOGOUS_RECOMBINATION	68	35	18	17	GOBP_HOMOLOGOUS_RECOMBINATION
GOBP_HOMOPHILIC_CELL_ADHESION_VIA_PLASMA_MEMBRANE_ADHESION_MOLECULES	171	102	51	51	GOBP_HOMOPHILIC_CELL_ADHESION_VIA_PLASMA_MEMBRANE_ADHESION_MOLECULES
GOBP_HOMOTYPIC_CELL_CELL_ADHESION	105	61	31	30	GOBP_HOMOTYPIC_CELL_CELL_ADHESION
GOBP_HORMONE_BIOSYNTHETIC_PROCESS	65	37	19	18	GOBP_HORMONE_BIOSYNTHETIC_PROCESS
GOBP_HORMONE_CATABOLIC_PROCESS	14	10	5	5	GOBP_HORMONE_CATABOLIC_PROCESS
GOBP_HORMONE_MEDIATED_APOPTOTIC_SIGNALING_PATHWAY	5	5	3	2	GOBP_HORMONE_MEDIATED_APOPTOTIC_SIGNALING_PATHWAY
GOBP_HORMONE_MEDIATED_SIGNALING_PATHWAY	236	107	54	53	GOBP_HORMONE_MEDIATED_SIGNALING_PATHWAY
GOBP_HORMONE_METABOLIC_PROCESS	246	150	75	75	GOBP_HORMONE_METABOLIC_PROCESS
GOBP_HORMONE_TRANSPORT	344	210	105	105	GOBP_HORMONE_TRANSPORT
GOBP_HOST_MEDIATED_REGULATION_OF_INTESTINAL_MICROBIOTA_COMPOSITION	10	5	3	2	GOBP_HOST_MEDIATED_REGULATION_OF_INTESTINAL_MICROBIOTA_COMPOSITION
GOBP_HOST_MEDIATED_SUPPRESSION_OF_SYMBIONT_INVASION	24	13	7	6	GOBP_HOST_MEDIATED_SUPPRESSION_OF_SYMBIONT_INVASION
GOBP_HUMORAL_IMMUNE_RESPONSE	307	201	101	100	GOBP_HUMORAL_IMMUNE_RESPONSE
GOBP_HUMORAL_IMMUNE_RESPONSE_MEDIATED_BY_CIRCULATING_IMMUNOGLOBULIN	53	39	20	19	GOBP_HUMORAL_IMMUNE_RESPONSE_MEDIATED_BY_CIRCULATING_IMMUNOGLOBULIN
GOBP_HYALOID_VASCULAR_PLEXUS_REGRESSION	7	3	2	1	GOBP_HYALOID_VASCULAR_PLEXUS_REGRESSION
GOBP_HYALURONAN_BIOSYNTHETIC_PROCESS	13	10	5	5	GOBP_HYALURONAN_BIOSYNTHETIC_PROCESS
GOBP_HYALURONAN_CATABOLIC_PROCESS	16	10	5	5	GOBP_HYALURONAN_CATABOLIC_PROCESS
GOBP_HYALURONAN_METABOLIC_PROCESS	34	24	12	12	GOBP_HYALURONAN_METABOLIC_PROCESS
GOBP_HYDROCARBON_METABOLIC_PROCESS	7	4	2	2	GOBP_HYDROCARBON_METABOLIC_PROCESS
GOBP_HYDROGEN_PEROXIDE_BIOSYNTHETIC_PROCESS	17	10	5	5	GOBP_HYDROGEN_PEROXIDE_BIOSYNTHETIC_PROCESS
GOBP_HYDROGEN_PEROXIDE_CATABOLIC_PROCESS	32	20	10	10	GOBP_HYDROGEN_PEROXIDE_CATABOLIC_PROCESS
GOBP_HYDROGEN_PEROXIDE_METABOLIC_PROCESS	56	33	17	16	GOBP_HYDROGEN_PEROXIDE_METABOLIC_PROCESS
GOBP_HYPEROSMOTIC_RESPONSE	30	17	9	8	GOBP_HYPEROSMOTIC_RESPONSE
GOBP_HYPEROSMOTIC_SALINITY_RESPONSE	10	6	3	3	GOBP_HYPEROSMOTIC_SALINITY_RESPONSE
GOBP_HYPERSENSITIVITY	21	16	8	8	GOBP_HYPERSENSITIVITY
GOBP_HYPOTHALAMUS_CELL_DIFFERENTIATION	13	11	6	5	GOBP_HYPOTHALAMUS_CELL_DIFFERENTIATION
GOBP_HYPOTHALAMUS_CELL_MIGRATION	8	6	3	3	GOBP_HYPOTHALAMUS_CELL_MIGRATION
GOBP_HYPOTHALAMUS_DEVELOPMENT	30	23	12	11	GOBP_HYPOTHALAMUS_DEVELOPMENT
GOBP_HYPOTHALAMUS_GONADOTROPHIN_RELEASING_HORMONE_NEURON_DIFFERENTIATION	8	6	3	3	GOBP_HYPOTHALAMUS_GONADOTROPHIN_RELEASING_HORMONE_NEURON_DIFFERENTIATION
GOBP_HYPOTONIC_RESPONSE	13	11	6	5	GOBP_HYPOTONIC_RESPONSE
GOBP_HYPOXIA_INDUCIBLE_FACTOR_1ALPHA_SIGNALING_PATHWAY	8	3	2	1	GOBP_HYPOXIA_INDUCIBLE_FACTOR_1ALPHA_SIGNALING_PATHWAY
GOBP_ICOSANOID_BIOSYNTHETIC_PROCESS	62	35	18	17	GOBP_ICOSANOID_BIOSYNTHETIC_PROCESS
GOBP_ICOSANOID_CATABOLIC_PROCESS	9	5	3	2	GOBP_ICOSANOID_CATABOLIC_PROCESS
GOBP_ICOSANOID_METABOLIC_PROCESS	124	66	33	33	GOBP_ICOSANOID_METABOLIC_PROCESS
GOBP_ICOSANOID_SECRETION	44	31	16	15	GOBP_ICOSANOID_SECRETION
GOBP_ICOSANOID_TRANSPORT	61	41	21	20	GOBP_ICOSANOID_TRANSPORT
GOBP_IMIDAZOLE_CONTAINING_COMPOUND_METABOLIC_PROCESS	12	7	4	3	GOBP_IMIDAZOLE_CONTAINING_COMPOUND_METABOLIC_PROCESS
GOBP_IMMATURE_B_CELL_DIFFERENTIATION	16	9	5	4	GOBP_IMMATURE_B_CELL_DIFFERENTIATION
GOBP_IMMATURE_T_CELL_PROLIFERATION	15	7	4	3	GOBP_IMMATURE_T_CELL_PROLIFERATION
GOBP_IMMUNE_COMPLEX_CLEARANCE	5	4	2	2	GOBP_IMMUNE_COMPLEX_CLEARANCE
GOBP_IMMUNE_EFFECTOR_PROCESS	745	391	196	195	GOBP_IMMUNE_EFFECTOR_PROCESS
GOBP_IMMUNE_RESPONSE_INHIBITING_CELL_SURFACE_RECEPTOR_SIGNALING_PATHWAY	9	4	2	2	GOBP_IMMUNE_RESPONSE_INHIBITING_CELL_SURFACE_RECEPTOR_SIGNALING_PATHWAY
GOBP_IMMUNE_RESPONSE_INHIBITING_SIGNAL_TRANSDUCTION	11	4	2	2	GOBP_IMMUNE_RESPONSE_INHIBITING_CELL_SURFACE_RECEPTOR_SIGNALING_PATHWAY
GOBP_IMMUNE_RESPONSE_REGULATING_CELL_SURFACE_RECEPTOR_SIGNALING_PATHWAY	380	195	98	97	GOBP_IMMUNE_RESPONSE_REGULATING_CELL_SURFACE_RECEPTOR_SIGNALING_PATHWAY
GOBP_IMMUNE_RESPONSE_REGULATING_CELL_SURFACE_RECEPTOR_SIGNALING_PATHWAY_INVOLVED_IN_PHAGOCYTOSIS	25	9	5	4	GOBP_IMMUNE_RESPONSE_REGULATING_CELL_SURFACE_RECEPTOR_SIGNALING_PATHWAY_INVOLVED_IN_PHAGOCYTOSIS
GOBP_IMMUNE_RESPONSE_REGULATING_SIGNALING_PATHWAY	617	295	148	147	GOBP_IMMUNE_RESPONSE_REGULATING_SIGNALING_PATHWAY
GOBP_IMMUNE_RESPONSE_TO_TUMOR_CELL	34	21	11	10	GOBP_IMMUNE_RESPONSE_TO_TUMOR_CELL
GOBP_IMMUNE_SYSTEM_DEVELOPMENT	210	100	50	50	GOBP_IMMUNE_SYSTEM_DEVELOPMENT
GOBP_IMMUNOGLOBULIN_PRODUCTION	112	60	30	30	GOBP_IMMUNOGLOBULIN_PRODUCTION
GOBP_IMMUNOGLOBULIN_PRODUCTION_INVOLVED_IN_IMMUNOGLOBULIN_MEDIATED_IMMUNE_RESPONSE	59	28	14	14	GOBP_IMMUNOGLOBULIN_PRODUCTION_INVOLVED_IN_IMMUNOGLOBULIN_MEDIATED_IMMUNE_RESPONSE
GOBP_IMMUNOGLOBULIN_V_D_J_RECOMBINATION	8	4	2	2	GOBP_IMMUNOGLOBULIN_V_D_J_RECOMBINATION
GOBP_IMMUNOLOGICAL_MEMORY_FORMATION_PROCESS	14	12	6	6	GOBP_IMMUNOLOGICAL_MEMORY_FORMATION_PROCESS
GOBP_IMMUNOLOGICAL_MEMORY_PROCESS	21	16	8	8	GOBP_IMMUNOLOGICAL_MEMORY_PROCESS
GOBP_IMMUNOLOGICAL_SYNAPSE_FORMATION	18	14	7	7	GOBP_IMMUNOLOGICAL_SYNAPSE_FORMATION
GOBP_IMPORT_ACROSS_PLASMA_MEMBRANE	219	123	62	61	GOBP_IMPORT_ACROSS_PLASMA_MEMBRANE
GOBP_IMPORT_INTO_CELL	955	460	230	230	GOBP_IMPORT_INTO_CELL
GOBP_IMPORT_INTO_NUCLEUS	178	75	38	37	GOBP_IMPORT_INTO_NUCLEUS
GOBP_IMPORT_INTO_THE_MITOCHONDRION	54	25	13	12	GOBP_IMPORT_INTO_THE_MITOCHONDRION
GOBP_IMP_BIOSYNTHETIC_PROCESS	11	4	2	2	GOBP_IMP_BIOSYNTHETIC_PROCESS
GOBP_IMP_CATABOLIC_PROCESS	5	3	2	1	GOBP_IMP_CATABOLIC_PROCESS
GOBP_IMP_METABOLIC_PROCESS	18	7	4	3	GOBP_IMP_METABOLIC_PROCESS
GOBP_INCLUSION_BODY_ASSEMBLY	32	17	9	8	GOBP_INCLUSION_BODY_ASSEMBLY
GOBP_INDOLALKYLAMINE_METABOLIC_PROCESS	14	5	3	2	GOBP_INDOLALKYLAMINE_METABOLIC_PROCESS
GOBP_INDOLE_CONTAINING_COMPOUND_BIOSYNTHETIC_PROCESS	6	4	2	2	GOBP_INDOLE_CONTAINING_COMPOUND_BIOSYNTHETIC_PROCESS
GOBP_INDOLE_CONTAINING_COMPOUND_CATABOLIC_PROCESS	9	5	3	2	GOBP_INDOLALKYLAMINE_METABOLIC_PROCESS
GOBP_INDOLE_CONTAINING_COMPOUND_METABOLIC_PROCESS	27	13	7	6	GOBP_INDOLE_CONTAINING_COMPOUND_METABOLIC_PROCESS
GOBP_INDUCTION_OF_BACTERIAL_AGGLUTINATION	6	4	2	2	GOBP_INDUCTION_OF_BACTERIAL_AGGLUTINATION
GOBP_INDUCTION_OF_POSITIVE_CHEMOTAXIS	15	9	5	4	GOBP_INDUCTION_OF_POSITIVE_CHEMOTAXIS
GOBP_INFLAMMASOME_MEDIATED_SIGNALING_PATHWAY	60	22	11	11	GOBP_INFLAMMASOME_MEDIATED_SIGNALING_PATHWAY
GOBP_INFLAMMATORY_CELL_APOPTOTIC_PROCESS	23	13	7	6	GOBP_INFLAMMATORY_CELL_APOPTOTIC_PROCESS
GOBP_INFLAMMATORY_RESPONSE	961	535	268	267	GOBP_INFLAMMATORY_RESPONSE
GOBP_INFLAMMATORY_RESPONSE_TO_ANTIGENIC_STIMULUS	79	39	20	19	GOBP_INFLAMMATORY_RESPONSE_TO_ANTIGENIC_STIMULUS
GOBP_INFLAMMATORY_RESPONSE_TO_WOUNDING	30	19	10	9	GOBP_INFLAMMATORY_RESPONSE_TO_WOUNDING
GOBP_INHIBITION_OF_NEUROEPITHELIAL_CELL_DIFFERENTIATION	7	4	2	2	GOBP_INHIBITION_OF_NEUROEPITHELIAL_CELL_DIFFERENTIATION
GOBP_INHIBITORY_POSTSYNAPTIC_POTENTIAL	17	14	7	7	GOBP_INHIBITORY_POSTSYNAPTIC_POTENTIAL
GOBP_INHIBITORY_SYNAPSE_ASSEMBLY	29	22	11	11	GOBP_INHIBITORY_SYNAPSE_ASSEMBLY
GOBP_INNATE_IMMUNE_RESPONSE_ACTIVATING_CELL_SURFACE_RECEPTOR_SIGNALING_PATHWAY	104	41	21	20	GOBP_INNATE_IMMUNE_RESPONSE_ACTIVATING_CELL_SURFACE_RECEPTOR_SIGNALING_PATHWAY
GOBP_INNATE_IMMUNE_RESPONSE_IN_MUCOSA	27	11	6	5	GOBP_INNATE_IMMUNE_RESPONSE_IN_MUCOSA
GOBP_INNERVATION	30	19	10	9	GOBP_INNERVATION
GOBP_INNER_CELL_MASS_CELL_DIFFERENTIATION	10	7	4	3	GOBP_INNER_CELL_MASS_CELL_DIFFERENTIATION
GOBP_INNER_CELL_MASS_CELL_PROLIFERATION	15	9	5	4	GOBP_INNER_CELL_MASS_CELL_PROLIFERATION
GOBP_INNER_DYNEIN_ARM_ASSEMBLY	17	7	4	3	GOBP_INNER_DYNEIN_ARM_ASSEMBLY
GOBP_INNER_EAR_MORPHOGENESIS	114	78	39	39	GOBP_INNER_EAR_MORPHOGENESIS
GOBP_INNER_EAR_RECEPTOR_CELL_DEVELOPMENT	54	27	14	13	GOBP_INNER_EAR_RECEPTOR_CELL_DEVELOPMENT
GOBP_INNER_EAR_RECEPTOR_CELL_STEREOCILIUM_ORGANIZATION	40	19	10	9	GOBP_INNER_EAR_RECEPTOR_CELL_STEREOCILIUM_ORGANIZATION
GOBP_INNER_MITOCHONDRIAL_MEMBRANE_ORGANIZATION	45	22	11	11	GOBP_INNER_MITOCHONDRIAL_MEMBRANE_ORGANIZATION
GOBP_INORGANIC_ANION_TRANSMEMBRANE_TRANSPORT	135	87	44	43	GOBP_INORGANIC_ANION_TRANSMEMBRANE_TRANSPORT
GOBP_INORGANIC_ANION_TRANSPORT	177	114	57	57	GOBP_INORGANIC_ANION_TRANSPORT
GOBP_INORGANIC_ION_HOMEOSTASIS	548	315	158	157	GOBP_INORGANIC_ION_HOMEOSTASIS
GOBP_INORGANIC_ION_IMPORT_ACROSS_PLASMA_MEMBRANE	139	76	38	38	GOBP_INORGANIC_ION_IMPORT_ACROSS_PLASMA_MEMBRANE
GOBP_INOSINE_METABOLIC_PROCESS	5	3	2	1	GOBP_INOSINE_METABOLIC_PROCESS
GOBP_INOSITOL_METABOLIC_PROCESS	9	5	3	2	GOBP_INOSITOL_METABOLIC_PROCESS
GOBP_INOSITOL_PHOSPHATE_BIOSYNTHETIC_PROCESS	26	16	8	8	GOBP_INOSITOL_PHOSPHATE_BIOSYNTHETIC_PROCESS
GOBP_INOSITOL_PHOSPHATE_METABOLIC_PROCESS	42	24	12	12	GOBP_INOSITOL_PHOSPHATE_METABOLIC_PROCESS
GOBP_INOSITOL_TRISPHOSPHATE_BIOSYNTHETIC_PROCESS	7	6	3	3	GOBP_INOSITOL_TRISPHOSPHATE_BIOSYNTHETIC_PROCESS
GOBP_INOSITOL_TRISPHOSPHATE_METABOLIC_PROCESS	11	8	4	4	GOBP_INOSITOL_TRISPHOSPHATE_METABOLIC_PROCESS
GOBP_INSEMINATION	11	7	4	3	GOBP_INSEMINATION
GOBP_INSULIN_LIKE_GROWTH_FACTOR_RECEPTOR_SIGNALING_PATHWAY	54	24	12	12	GOBP_INSULIN_LIKE_GROWTH_FACTOR_RECEPTOR_SIGNALING_PATHWAY
GOBP_INSULIN_METABOLIC_PROCESS	18	9	5	4	GOBP_INSULIN_METABOLIC_PROCESS
GOBP_INSULIN_PROCESSING	9	4	2	2	GOBP_INSULIN_PROCESSING
GOBP_INSULIN_RECEPTOR_SIGNALING_PATHWAY	137	48	24	24	GOBP_INSULIN_RECEPTOR_SIGNALING_PATHWAY
GOBP_INSULIN_SECRETION	213	120	60	60	GOBP_INSULIN_SECRETION
GOBP_INSULIN_SECRETION_INVOLVED_IN_CELLULAR_RESPONSE_TO_GLUCOSE_STIMULUS	75	35	18	17	GOBP_INSULIN_SECRETION_INVOLVED_IN_CELLULAR_RESPONSE_TO_GLUCOSE_STIMULUS
GOBP_INTEGRATED_STRESS_RESPONSE_SIGNALING	51	25	13	12	GOBP_INTEGRATED_STRESS_RESPONSE_SIGNALING
GOBP_INTEGRIN_ACTIVATION	27	15	8	7	GOBP_INTEGRIN_ACTIVATION
GOBP_INTEGRIN_BIOSYNTHETIC_PROCESS	5	3	2	1	GOBP_INTEGRIN_BIOSYNTHETIC_PROCESS
GOBP_INTEGRIN_MEDIATED_SIGNALING_PATHWAY	119	74	37	37	GOBP_INTEGRIN_MEDIATED_SIGNALING_PATHWAY
GOBP_INTERCELLULAR_TRANSPORT	10	7	4	3	GOBP_INTERCELLULAR_TRANSPORT
GOBP_INTERFERON_ALPHA_PRODUCTION	32	14	7	7	GOBP_INTERFERON_ALPHA_PRODUCTION
GOBP_INTERFERON_BETA_PRODUCTION	63	21	11	10	GOBP_INTERFERON_BETA_PRODUCTION
GOBP_INTERFERON_MEDIATED_SIGNALING_PATHWAY	113	49	25	24	GOBP_INTERFERON_MEDIATED_SIGNALING_PATHWAY
GOBP_INTERLEUKIN_10_MEDIATED_SIGNALING_PATHWAY	12	4	2	2	GOBP_INTERLEUKIN_10_MEDIATED_SIGNALING_PATHWAY
GOBP_INTERLEUKIN_10_PRODUCTION	67	40	20	20	GOBP_INTERLEUKIN_10_PRODUCTION
GOBP_INTERLEUKIN_12_MEDIATED_SIGNALING_PATHWAY	9	7	4	3	GOBP_INTERLEUKIN_12_MEDIATED_SIGNALING_PATHWAY
GOBP_INTERLEUKIN_12_PRODUCTION	64	36	18	18	GOBP_INTERLEUKIN_12_PRODUCTION
GOBP_INTERLEUKIN_13_PRODUCTION	22	12	6	6	GOBP_INTERLEUKIN_13_PRODUCTION
GOBP_INTERLEUKIN_17_MEDIATED_SIGNALING_PATHWAY	13	3	2	1	GOBP_INTERLEUKIN_17_MEDIATED_SIGNALING_PATHWAY
GOBP_INTERLEUKIN_17_PRODUCTION	49	24	12	12	GOBP_INTERLEUKIN_17_PRODUCTION
GOBP_INTERLEUKIN_18_PRODUCTION	14	5	3	2	GOBP_INTERLEUKIN_18_PRODUCTION
GOBP_INTERLEUKIN_1_ALPHA_PRODUCTION	12	4	2	2	GOBP_INTERLEUKIN_1_ALPHA_PRODUCTION
GOBP_INTERLEUKIN_1_BETA_PRODUCTION	113	55	28	27	GOBP_INTERLEUKIN_1_BETA_PRODUCTION
GOBP_INTERLEUKIN_1_MEDIATED_SIGNALING_PATHWAY	35	14	7	7	GOBP_INTERLEUKIN_1_MEDIATED_SIGNALING_PATHWAY
GOBP_INTERLEUKIN_1_PRODUCTION	133	68	34	34	GOBP_INTERLEUKIN_1_PRODUCTION
GOBP_INTERLEUKIN_23_MEDIATED_SIGNALING_PATHWAY	6	4	2	2	GOBP_INTERLEUKIN_23_MEDIATED_SIGNALING_PATHWAY
GOBP_INTERLEUKIN_23_PRODUCTION	10	6	3	3	GOBP_INTERLEUKIN_23_PRODUCTION
GOBP_INTERLEUKIN_27_MEDIATED_SIGNALING_PATHWAY	8	6	3	3	GOBP_INTERLEUKIN_27_MEDIATED_SIGNALING_PATHWAY
GOBP_INTERLEUKIN_2_MEDIATED_SIGNALING_PATHWAY	9	4	2	2	GOBP_INTERLEUKIN_2_MEDIATED_SIGNALING_PATHWAY
GOBP_INTERLEUKIN_2_PRODUCTION	67	39	20	19	GOBP_INTERLEUKIN_2_PRODUCTION
GOBP_INTERLEUKIN_3_MEDIATED_SIGNALING_PATHWAY	7	4	2	2	GOBP_INTERLEUKIN_3_MEDIATED_SIGNALING_PATHWAY
GOBP_INTERLEUKIN_4_MEDIATED_SIGNALING_PATHWAY	12	5	3	2	GOBP_INTERLEUKIN_4_MEDIATED_SIGNALING_PATHWAY
GOBP_INTERLEUKIN_4_PRODUCTION	35	18	9	9	GOBP_INTERLEUKIN_4_PRODUCTION
GOBP_INTERLEUKIN_5_MEDIATED_SIGNALING_PATHWAY	6	4	2	2	GOBP_INTERLEUKIN_5_MEDIATED_SIGNALING_PATHWAY
GOBP_INTERLEUKIN_5_PRODUCTION	22	12	6	6	GOBP_INTERLEUKIN_5_PRODUCTION
GOBP_INTERLEUKIN_6_MEDIATED_SIGNALING_PATHWAY	27	9	5	4	GOBP_INTERLEUKIN_6_MEDIATED_SIGNALING_PATHWAY
GOBP_INTERLEUKIN_6_PRODUCTION	177	84	42	42	GOBP_INTERLEUKIN_6_PRODUCTION
GOBP_INTERLEUKIN_7_MEDIATED_SIGNALING_PATHWAY	8	6	3	3	GOBP_INTERLEUKIN_7_MEDIATED_SIGNALING_PATHWAY
GOBP_INTERLEUKIN_8_PRODUCTION	105	46	23	23	GOBP_INTERLEUKIN_8_PRODUCTION
GOBP_INTERMEDIATE_FILAMENT_BASED_PROCESS	97	68	34	34	GOBP_INTERMEDIATE_FILAMENT_BASED_PROCESS
GOBP_INTERMEDIATE_FILAMENT_BUNDLE_ASSEMBLY	8	6	3	3	GOBP_INTERMEDIATE_FILAMENT_BUNDLE_ASSEMBLY
GOBP_INTERMEDIATE_FILAMENT_ORGANIZATION	75	55	28	27	GOBP_INTERMEDIATE_FILAMENT_ORGANIZATION
GOBP_INTERMEMBRANE_LIPID_TRANSFER	37	15	8	7	GOBP_INTERMEMBRANE_LIPID_TRANSFER
GOBP_INTERNAL_PEPTIDYL_LYSINE_ACETYLATION	8	3	2	1	GOBP_INTERNAL_PEPTIDYL_LYSINE_ACETYLATION
GOBP_INTERNAL_PROTEIN_AMINO_ACID_ACETYLATION	10	3	2	1	GOBP_INTERNAL_PEPTIDYL_LYSINE_ACETYLATION
GOBP_INTERNEURON_MIGRATION	16	11	6	5	GOBP_INTERNEURON_MIGRATION
GOBP_INTERNEURON_MIGRATION_FROM_THE_SUBPALLIUM_TO_THE_CORTEX	8	6	3	3	GOBP_INTERNEURON_MIGRATION_FROM_THE_SUBPALLIUM_TO_THE_CORTEX
GOBP_INTERSTRAND_CROSS_LINK_REPAIR	42	18	9	9	GOBP_INTERSTRAND_CROSS_LINK_REPAIR
GOBP_INTESTINAL_ABSORPTION	44	35	18	17	GOBP_INTESTINAL_ABSORPTION
GOBP_INTESTINAL_CHOLESTEROL_ABSORPTION	18	13	7	6	GOBP_INTESTINAL_CHOLESTEROL_ABSORPTION
GOBP_INTESTINAL_EPITHELIAL_CELL_DEVELOPMENT	16	8	4	4	GOBP_INTESTINAL_EPITHELIAL_CELL_DEVELOPMENT
GOBP_INTESTINAL_EPITHELIAL_CELL_DIFFERENTIATION	26	14	7	7	GOBP_INTESTINAL_EPITHELIAL_CELL_DIFFERENTIATION
GOBP_INTESTINAL_EPITHELIAL_STRUCTURE_MAINTENANCE	9	7	4	3	GOBP_INTESTINAL_EPITHELIAL_STRUCTURE_MAINTENANCE
GOBP_INTESTINAL_HEXOSE_ABSORPTION	7	7	4	3	GOBP_INTESTINAL_HEXOSE_ABSORPTION
GOBP_INTESTINAL_LIPID_ABSORPTION	24	18	9	9	GOBP_INTESTINAL_LIPID_ABSORPTION
GOBP_INTESTINAL_STEM_CELL_HOMEOSTASIS	7	5	3	2	GOBP_INTESTINAL_STEM_CELL_HOMEOSTASIS
GOBP_INTESTINE_SMOOTH_MUSCLE_CONTRACTION	8	5	3	2	GOBP_INTESTINE_SMOOTH_MUSCLE_CONTRACTION
GOBP_INTRACELLULAR_AMINO_ACID_HOMEOSTASIS	9	4	2	2	GOBP_INTRACELLULAR_AMINO_ACID_HOMEOSTASIS
GOBP_INTRACELLULAR_COPPER_ION_HOMEOSTASIS	18	11	6	5	GOBP_INTRACELLULAR_COPPER_ION_HOMEOSTASIS
GOBP_INTRACELLULAR_DISTRIBUTION_OF_MITOCHONDRIA	8	4	2	2	GOBP_INTRACELLULAR_DISTRIBUTION_OF_MITOCHONDRIA
GOBP_INTRACELLULAR_GLUCOSE_HOMEOSTASIS	174	79	40	39	GOBP_INTRACELLULAR_GLUCOSE_HOMEOSTASIS
GOBP_INTRACELLULAR_GLUTAMATE_HOMEOSTASIS	6	3	2	1	GOBP_INTRACELLULAR_GLUTAMATE_HOMEOSTASIS
GOBP_INTRACELLULAR_IRON_ION_HOMEOSTASIS	77	40	20	20	GOBP_INTRACELLULAR_IRON_ION_HOMEOSTASIS
GOBP_INTRACELLULAR_LIPID_TRANSPORT	51	19	10	9	GOBP_INTRACELLULAR_LIPID_TRANSPORT
GOBP_INTRACELLULAR_MAGNESIUM_ION_HOMEOSTASIS	6	3	2	1	GOBP_INTRACELLULAR_MAGNESIUM_ION_HOMEOSTASIS
GOBP_INTRACELLULAR_MONOATOMIC_ANION_HOMEOSTASIS	10	9	5	4	GOBP_INTRACELLULAR_MONOATOMIC_ANION_HOMEOSTASIS
GOBP_INTRACELLULAR_MONOATOMIC_ION_HOMEOSTASIS	541	294	147	147	GOBP_INTRACELLULAR_MONOATOMIC_ION_HOMEOSTASIS
GOBP_INTRACELLULAR_MRNA_LOCALIZATION	16	8	4	4	GOBP_INTRACELLULAR_MRNA_LOCALIZATION
GOBP_INTRACELLULAR_OXYGEN_HOMEOSTASIS	8	4	2	2	GOBP_INTRACELLULAR_OXYGEN_HOMEOSTASIS
GOBP_INTRACELLULAR_PHOSPHATE_ION_HOMEOSTASIS	10	5	3	2	GOBP_INTRACELLULAR_PHOSPHATE_ION_HOMEOSTASIS
GOBP_INTRACELLULAR_PH_ELEVATION	7	4	2	2	GOBP_INTRACELLULAR_PH_ELEVATION
GOBP_INTRACELLULAR_PH_REDUCTION	57	19	10	9	GOBP_INTRACELLULAR_PH_REDUCTION
GOBP_INTRACELLULAR_POTASSIUM_ION_HOMEOSTASIS	17	9	5	4	GOBP_INTRACELLULAR_POTASSIUM_ION_HOMEOSTASIS
GOBP_INTRACELLULAR_PROTEIN_TRANSMEMBRANE_TRANSPORT	31	8	4	4	GOBP_INTRACELLULAR_PROTEIN_TRANSMEMBRANE_TRANSPORT
GOBP_INTRACELLULAR_PROTEIN_TRANSPORT	681	243	122	121	GOBP_INTRACELLULAR_PROTEIN_TRANSPORT
GOBP_INTRACELLULAR_RECEPTOR_SIGNALING_PATHWAY	426	178	89	89	GOBP_INTRACELLULAR_RECEPTOR_SIGNALING_PATHWAY
GOBP_INTRACELLULAR_SODIUM_ION_HOMEOSTASIS	22	15	8	7	GOBP_INTRACELLULAR_SODIUM_ION_HOMEOSTASIS
GOBP_INTRACELLULAR_STEROL_TRANSPORT	37	14	7	7	GOBP_INTRACELLULAR_STEROL_TRANSPORT
GOBP_INTRACELLULAR_TRANSPORT	1386	490	245	245	GOBP_INTRACELLULAR_TRANSPORT
GOBP_INTRACELLULAR_TRIGLYCERIDE_HOMEOSTASIS	10	4	2	2	GOBP_INTRACELLULAR_TRIGLYCERIDE_HOMEOSTASIS
GOBP_INTRACELLULAR_WATER_HOMEOSTASIS	7	4	2	2	GOBP_INTRACELLULAR_WATER_HOMEOSTASIS
GOBP_INTRACELLULAR_ZINC_ION_HOMEOSTASIS	35	21	11	10	GOBP_INTRACELLULAR_ZINC_ION_HOMEOSTASIS
GOBP_INTRACILIARY_TRANSPORT	50	9	5	4	GOBP_INTRACILIARY_TRANSPORT
GOBP_INTRACILIARY_TRANSPORT_INVOLVED_IN_CILIUM_ASSEMBLY	7	3	2	1	GOBP_INTRACILIARY_TRANSPORT_INVOLVED_IN_CILIUM_ASSEMBLY
GOBP_INTRA_GOLGI_VESICLE_MEDIATED_TRANSPORT	35	7	4	3	GOBP_INTRA_GOLGI_VESICLE_MEDIATED_TRANSPORT
GOBP_INTRINSIC_APOPTOTIC_SIGNALING_PATHWAY	334	145	73	72	GOBP_INTRINSIC_APOPTOTIC_SIGNALING_PATHWAY
GOBP_INTRINSIC_APOPTOTIC_SIGNALING_PATHWAY_BY_P53_CLASS_MEDIATOR	88	43	22	21	GOBP_INTRINSIC_APOPTOTIC_SIGNALING_PATHWAY_BY_P53_CLASS_MEDIATOR
GOBP_INTRINSIC_APOPTOTIC_SIGNALING_PATHWAY_IN_RESPONSE_TO_DNA_DAMAGE	111	51	26	25	GOBP_INTRINSIC_APOPTOTIC_SIGNALING_PATHWAY_IN_RESPONSE_TO_DNA_DAMAGE
GOBP_INTRINSIC_APOPTOTIC_SIGNALING_PATHWAY_IN_RESPONSE_TO_DNA_DAMAGE_BY_P53_CLASS_MEDIATOR	48	26	13	13	GOBP_INTRINSIC_APOPTOTIC_SIGNALING_PATHWAY_IN_RESPONSE_TO_DNA_DAMAGE_BY_P53_CLASS_MEDIATOR
GOBP_INTRINSIC_APOPTOTIC_SIGNALING_PATHWAY_IN_RESPONSE_TO_ENDOPLASMIC_RETICULUM_STRESS	67	27	14	13	GOBP_INTRINSIC_APOPTOTIC_SIGNALING_PATHWAY_IN_RESPONSE_TO_ENDOPLASMIC_RETICULUM_STRESS
GOBP_INTRINSIC_APOPTOTIC_SIGNALING_PATHWAY_IN_RESPONSE_TO_HYDROGEN_PEROXIDE	10	4	2	2	GOBP_INTRINSIC_APOPTOTIC_SIGNALING_PATHWAY_IN_RESPONSE_TO_HYDROGEN_PEROXIDE
GOBP_INTRINSIC_APOPTOTIC_SIGNALING_PATHWAY_IN_RESPONSE_TO_HYPOXIA	10	5	3	2	GOBP_INTRINSIC_APOPTOTIC_SIGNALING_PATHWAY_IN_RESPONSE_TO_HYPOXIA
GOBP_INTRINSIC_APOPTOTIC_SIGNALING_PATHWAY_IN_RESPONSE_TO_OSMOTIC_STRESS	10	4	2	2	GOBP_INTRINSIC_APOPTOTIC_SIGNALING_PATHWAY_IN_RESPONSE_TO_OSMOTIC_STRESS
GOBP_INTRINSIC_APOPTOTIC_SIGNALING_PATHWAY_IN_RESPONSE_TO_OXIDATIVE_STRESS	66	22	11	11	GOBP_INTRINSIC_APOPTOTIC_SIGNALING_PATHWAY_IN_RESPONSE_TO_OXIDATIVE_STRESS
GOBP_INVOLUNTARY_SKELETAL_MUSCLE_CONTRACTION	5	3	2	1	GOBP_INVOLUNTARY_SKELETAL_MUSCLE_CONTRACTION
GOBP_IN_UTERO_EMBRYONIC_DEVELOPMENT	429	211	106	105	GOBP_IN_UTERO_EMBRYONIC_DEVELOPMENT
GOBP_IODIDE_TRANSPORT	9	6	3	3	GOBP_IODIDE_TRANSPORT
GOBP_IONOTROPIC_GLUTAMATE_RECEPTOR_SIGNALING_PATHWAY	31	15	8	7	GOBP_IONOTROPIC_GLUTAMATE_RECEPTOR_SIGNALING_PATHWAY
GOBP_IRE1_MEDIATED_UNFOLDED_PROTEIN_RESPONSE	22	10	5	5	GOBP_IRE1_MEDIATED_UNFOLDED_PROTEIN_RESPONSE
GOBP_IRES_DEPENDENT_VIRAL_TRANSLATIONAL_INITIATION	11	3	2	1	GOBP_IRES_DEPENDENT_VIRAL_TRANSLATIONAL_INITIATION
GOBP_IRIS_MORPHOGENESIS	9	7	4	3	GOBP_IRIS_MORPHOGENESIS
GOBP_IRON_COORDINATION_ENTITY_TRANSPORT	12	5	3	2	GOBP_IRON_COORDINATION_ENTITY_TRANSPORT
GOBP_IRON_IMPORT_INTO_CELL	11	7	4	3	GOBP_IRON_IMPORT_INTO_CELL
GOBP_IRON_ION_IMPORT_ACROSS_PLASMA_MEMBRANE	6	3	2	1	GOBP_IRON_ION_IMPORT_ACROSS_PLASMA_MEMBRANE
GOBP_IRON_ION_TRANSMEMBRANE_TRANSPORT	23	16	8	8	GOBP_IRON_ION_TRANSMEMBRANE_TRANSPORT
GOBP_IRON_ION_TRANSPORT	55	36	18	18	GOBP_IRON_ION_TRANSPORT
GOBP_ISG15_PROTEIN_CONJUGATION	6	4	2	2	GOBP_ISG15_PROTEIN_CONJUGATION
GOBP_ISOCITRATE_METABOLIC_PROCESS	5	4	2	2	GOBP_ISOCITRATE_METABOLIC_PROCESS
GOBP_ISOLEUCINE_METABOLIC_PROCESS	5	3	2	1	GOBP_ISOLEUCINE_METABOLIC_PROCESS
GOBP_ISOLEUCINE_TRANSPORT	5	3	2	1	GOBP_ISOLEUCINE_TRANSPORT
GOBP_ISOPENTENYL_DIPHOSPHATE_BIOSYNTHETIC_PROCESS	5	3	2	1	GOBP_ISOPENTENYL_DIPHOSPHATE_BIOSYNTHETIC_PROCESS
GOBP_ISOPRENOID_BIOSYNTHETIC_PROCESS	30	22	11	11	GOBP_ISOPRENOID_BIOSYNTHETIC_PROCESS
GOBP_ISOPRENOID_CATABOLIC_PROCESS	10	8	4	4	GOBP_ISOPRENOID_CATABOLIC_PROCESS
GOBP_ISOPRENOID_METABOLIC_PROCESS	122	73	37	36	GOBP_ISOPRENOID_METABOLIC_PROCESS
GOBP_ISOTYPE_SWITCHING_TO_IGA_ISOTYPES	7	5	3	2	GOBP_ISOTYPE_SWITCHING_TO_IGA_ISOTYPES
GOBP_ISOTYPE_SWITCHING_TO_IGG_ISOTYPES	16	11	6	5	GOBP_ISOTYPE_SWITCHING_TO_IGG_ISOTYPES
GOBP_JNK_CASCADE	186	82	41	41	GOBP_JNK_CASCADE
GOBP_KERATAN_SULFATE_PROTEOGLYCAN_METABOLIC_PROCESS	18	11	6	5	GOBP_KERATAN_SULFATE_PROTEOGLYCAN_METABOLIC_PROCESS
GOBP_KERATINIZATION	82	51	26	25	GOBP_KERATINIZATION
GOBP_KERATINOCYTE_APOPTOTIC_PROCESS	8	5	3	2	GOBP_KERATINOCYTE_APOPTOTIC_PROCESS
GOBP_KERATINOCYTE_DEVELOPMENT	14	7	4	3	GOBP_KERATINOCYTE_DEVELOPMENT
GOBP_KERATINOCYTE_DIFFERENTIATION	179	106	53	53	GOBP_KERATINOCYTE_DIFFERENTIATION
GOBP_KERATINOCYTE_MIGRATION	20	13	7	6	GOBP_KERATINOCYTE_MIGRATION
GOBP_KERATINOCYTE_PROLIFERATION	63	35	18	17	GOBP_KERATINOCYTE_PROLIFERATION
GOBP_KETONE_BIOSYNTHETIC_PROCESS	53	30	15	15	GOBP_KETONE_BIOSYNTHETIC_PROCESS
GOBP_KETONE_BODY_BIOSYNTHETIC_PROCESS	6	4	2	2	GOBP_KETONE_BODY_BIOSYNTHETIC_PROCESS
GOBP_KETONE_BODY_METABOLIC_PROCESS	10	6	3	3	GOBP_KETONE_BODY_METABOLIC_PROCESS
GOBP_KETONE_CATABOLIC_PROCESS	17	8	4	4	GOBP_KETONE_CATABOLIC_PROCESS
GOBP_KETONE_METABOLIC_PROCESS	231	125	63	62	GOBP_KETONE_METABOLIC_PROCESS
GOBP_KIDNEY_EPITHELIUM_DEVELOPMENT	151	110	55	55	GOBP_KIDNEY_EPITHELIUM_DEVELOPMENT
GOBP_KIDNEY_MESENCHYME_DEVELOPMENT	17	13	7	6	GOBP_KIDNEY_MESENCHYME_DEVELOPMENT
GOBP_KIDNEY_MORPHOGENESIS	99	69	35	34	GOBP_KIDNEY_MORPHOGENESIS
GOBP_KINETOCHORE_ASSEMBLY	17	9	5	4	GOBP_KINETOCHORE_ASSEMBLY
GOBP_KINETOCHORE_ORGANIZATION	21	13	7	6	GOBP_KINETOCHORE_ORGANIZATION
GOBP_KYNURENINE_METABOLIC_PROCESS	10	6	3	3	GOBP_KYNURENINE_METABOLIC_PROCESS
GOBP_LABYRINTHINE_LAYER_BLOOD_VESSEL_DEVELOPMENT	21	12	6	6	GOBP_LABYRINTHINE_LAYER_BLOOD_VESSEL_DEVELOPMENT
GOBP_LABYRINTHINE_LAYER_DEVELOPMENT	49	32	16	16	GOBP_LABYRINTHINE_LAYER_DEVELOPMENT
GOBP_LACRIMAL_GLAND_DEVELOPMENT	7	5	3	2	GOBP_LACRIMAL_GLAND_DEVELOPMENT
GOBP_LACTATE_METABOLIC_PROCESS	20	6	3	3	GOBP_LACTATE_METABOLIC_PROCESS
GOBP_LACTATE_TRANSPORT	8	7	4	3	GOBP_LACTATE_TRANSPORT
GOBP_LACTATION	41	22	11	11	GOBP_LACTATION
GOBP_LACTONE_METABOLIC_PROCESS	14	8	4	4	GOBP_LACTONE_METABOLIC_PROCESS
GOBP_LAMELLIPODIUM_ASSEMBLY	72	38	19	19	GOBP_LAMELLIPODIUM_ASSEMBLY
GOBP_LAMELLIPODIUM_MORPHOGENESIS	18	8	4	4	GOBP_LAMELLIPODIUM_MORPHOGENESIS
GOBP_LAMELLIPODIUM_ORGANIZATION	91	46	23	23	GOBP_LAMELLIPODIUM_ORGANIZATION
GOBP_LATERAL_MESODERM_DEVELOPMENT	18	9	5	4	GOBP_LATERAL_MESODERM_DEVELOPMENT
GOBP_LATERAL_MESODERM_MORPHOGENESIS	5	3	2	1	GOBP_LATERAL_MESODERM_MORPHOGENESIS
GOBP_LATERAL_SPROUTING_FROM_AN_EPITHELIUM	12	10	5	5	GOBP_LATERAL_SPROUTING_FROM_AN_EPITHELIUM
GOBP_LATERAL_VENTRICLE_DEVELOPMENT	13	7	4	3	GOBP_LATERAL_VENTRICLE_DEVELOPMENT
GOBP_LATE_ENDOSOME_TO_LYSOSOME_TRANSPORT	22	4	2	2	GOBP_LATE_ENDOSOME_TO_LYSOSOME_TRANSPORT
GOBP_LATE_ENDOSOME_TO_VACUOLE_TRANSPORT	38	7	4	3	GOBP_LATE_ENDOSOME_TO_VACUOLE_TRANSPORT
GOBP_LATE_ENDOSOME_TO_VACUOLE_TRANSPORT_VIA_MULTIVESICULAR_BODY_SORTING_PATHWAY	28	6	3	3	GOBP_LATE_ENDOSOME_TO_VACUOLE_TRANSPORT_VIA_MULTIVESICULAR_BODY_SORTING_PATHWAY
GOBP_LAYER_FORMATION_IN_CEREBRAL_CORTEX	16	8	4	4	GOBP_LAYER_FORMATION_IN_CEREBRAL_CORTEX
GOBP_LEARNED_VOCALIZATION_BEHAVIOR_OR_VOCAL_LEARNING	11	8	4	4	GOBP_LEARNED_VOCALIZATION_BEHAVIOR_OR_VOCAL_LEARNING
GOBP_LEARNING	162	90	45	45	GOBP_LEARNING
GOBP_LEFT_RIGHT_AXIS_SPECIFICATION	14	7	4	3	GOBP_LEFT_RIGHT_AXIS_SPECIFICATION
GOBP_LENS_DEVELOPMENT_IN_CAMERA_TYPE_EYE	92	53	27	26	GOBP_LENS_DEVELOPMENT_IN_CAMERA_TYPE_EYE
GOBP_LENS_FIBER_CELL_DEVELOPMENT	15	11	6	5	GOBP_LENS_FIBER_CELL_DEVELOPMENT
GOBP_LENS_FIBER_CELL_DIFFERENTIATION	40	23	12	11	GOBP_LENS_FIBER_CELL_DIFFERENTIATION
GOBP_LENS_FIBER_CELL_MORPHOGENESIS	7	4	2	2	GOBP_LENS_FIBER_CELL_MORPHOGENESIS
GOBP_LENS_MORPHOGENESIS_IN_CAMERA_TYPE_EYE	24	14	7	7	GOBP_LENS_MORPHOGENESIS_IN_CAMERA_TYPE_EYE
GOBP_LEUKOCYTE_ACTIVATION_INVOLVED_IN_INFLAMMATORY_RESPONSE	52	32	16	16	GOBP_LEUKOCYTE_ACTIVATION_INVOLVED_IN_INFLAMMATORY_RESPONSE
GOBP_LEUKOCYTE_ADHESION_TO_ARTERIAL_ENDOTHELIAL_CELL	6	5	3	2	GOBP_LEUKOCYTE_ADHESION_TO_ARTERIAL_ENDOTHELIAL_CELL
GOBP_LEUKOCYTE_ADHESION_TO_VASCULAR_ENDOTHELIAL_CELL	56	34	17	17	GOBP_LEUKOCYTE_ADHESION_TO_VASCULAR_ENDOTHELIAL_CELL
GOBP_LEUKOCYTE_AGGREGATION	13	11	6	5	GOBP_LEUKOCYTE_AGGREGATION
GOBP_LEUKOCYTE_APOPTOTIC_PROCESS	126	66	33	33	GOBP_LEUKOCYTE_APOPTOTIC_PROCESS
GOBP_LEUKOCYTE_CELL_CELL_ADHESION	436	250	125	125	GOBP_LEUKOCYTE_CELL_CELL_ADHESION
GOBP_LEUKOCYTE_CHEMOTAXIS	236	165	83	82	GOBP_LEUKOCYTE_CHEMOTAXIS
GOBP_LEUKOCYTE_CHEMOTAXIS_INVOLVED_IN_INFLAMMATORY_RESPONSE	8	8	4	4	GOBP_LEUKOCYTE_CHEMOTAXIS_INVOLVED_IN_INFLAMMATORY_RESPONSE
GOBP_LEUKOCYTE_DEGRANULATION	83	46	23	23	GOBP_LEUKOCYTE_DEGRANULATION
GOBP_LEUKOCYTE_DIFFERENTIATION	648	344	172	172	GOBP_LEUKOCYTE_DIFFERENTIATION
GOBP_LEUKOCYTE_HOMEOSTASIS	118	55	28	27	GOBP_LEUKOCYTE_HOMEOSTASIS
GOBP_LEUKOCYTE_MEDIATED_CYTOTOXICITY	155	88	44	44	GOBP_LEUKOCYTE_MEDIATED_CYTOTOXICITY
GOBP_LEUKOCYTE_MEDIATED_IMMUNITY	479	245	123	122	GOBP_LEUKOCYTE_MEDIATED_IMMUNITY
GOBP_LEUKOCYTE_MIGRATION	396	269	135	134	GOBP_LEUKOCYTE_MIGRATION
GOBP_LEUKOCYTE_MIGRATION_INVOLVED_IN_INFLAMMATORY_RESPONSE	21	19	10	9	GOBP_LEUKOCYTE_MIGRATION_INVOLVED_IN_INFLAMMATORY_RESPONSE
GOBP_LEUKOCYTE_PROLIFERATION	356	220	110	110	GOBP_LEUKOCYTE_PROLIFERATION
GOBP_LEUKOCYTE_TETHERING_OR_ROLLING	32	24	12	12	GOBP_LEUKOCYTE_TETHERING_OR_ROLLING
GOBP_LEUKOTRIENE_B4_METABOLIC_PROCESS	5	3	2	1	GOBP_LEUKOTRIENE_B4_METABOLIC_PROCESS
GOBP_LEUKOTRIENE_BIOSYNTHETIC_PROCESS	21	9	5	4	GOBP_LEUKOTRIENE_BIOSYNTHETIC_PROCESS
GOBP_LEUKOTRIENE_CATABOLIC_PROCESS	6	4	2	2	GOBP_LEUKOTRIENE_CATABOLIC_PROCESS
GOBP_LEUKOTRIENE_D4_BIOSYNTHETIC_PROCESS	10	3	2	1	GOBP_LEUKOTRIENE_D4_BIOSYNTHETIC_PROCESS
GOBP_LEUKOTRIENE_D4_METABOLIC_PROCESS	12	5	3	2	GOBP_LEUKOTRIENE_D4_METABOLIC_PROCESS
GOBP_LEUKOTRIENE_METABOLIC_PROCESS	34	18	9	9	GOBP_LEUKOTRIENE_METABOLIC_PROCESS
GOBP_LEUKOTRIENE_TRANSPORT	7	4	2	2	GOBP_LEUKOTRIENE_TRANSPORT
GOBP_LEYDIG_CELL_DIFFERENTIATION	11	7	4	3	GOBP_LEYDIG_CELL_DIFFERENTIATION
GOBP_LIGAND_GATED_ION_CHANNEL_SIGNALING_PATHWAY	46	26	13	13	GOBP_LIGAND_GATED_ION_CHANNEL_SIGNALING_PATHWAY
GOBP_LIMBIC_SYSTEM_DEVELOPMENT	126	76	38	38	GOBP_LIMBIC_SYSTEM_DEVELOPMENT
GOBP_LIMB_BUD_FORMATION	9	5	3	2	GOBP_LIMB_BUD_FORMATION
GOBP_LIMB_JOINT_MORPHOGENESIS	7	6	3	3	GOBP_LIMB_JOINT_MORPHOGENESIS
GOBP_LINOLEIC_ACID_METABOLIC_PROCESS	22	10	5	5	GOBP_LINOLEIC_ACID_METABOLIC_PROCESS
GOBP_LIPID_BIOSYNTHETIC_PROCESS	749	391	196	195	GOBP_LIPID_BIOSYNTHETIC_PROCESS
GOBP_LIPID_CATABOLIC_PROCESS	352	180	90	90	GOBP_LIPID_CATABOLIC_PROCESS
GOBP_LIPID_DIGESTION	22	15	8	7	GOBP_LIPID_DIGESTION
GOBP_LIPID_DROPLET_FORMATION	15	8	4	4	GOBP_LIPID_DROPLET_FORMATION
GOBP_LIPID_DROPLET_ORGANIZATION	39	15	8	7	GOBP_LIPID_DROPLET_ORGANIZATION
GOBP_LIPID_EXPORT_FROM_CELL	52	37	19	18	GOBP_LIPID_EXPORT_FROM_CELL
GOBP_LIPID_GLYCOSYLATION	12	7	4	3	GOBP_LIPID_GLYCOSYLATION
GOBP_LIPID_HOMEOSTASIS	193	95	48	47	GOBP_LIPID_HOMEOSTASIS
GOBP_LIPID_HYDROXYLATION	7	4	2	2	GOBP_LIPID_HYDROXYLATION
GOBP_LIPID_IMPORT_INTO_CELL	22	13	7	6	GOBP_LIPID_IMPORT_INTO_CELL
GOBP_LIPID_LOCALIZATION	486	255	128	127	GOBP_LIPID_LOCALIZATION
GOBP_LIPID_METABOLIC_PROCESS	1400	725	363	362	GOBP_LIPID_METABOLIC_PROCESS
GOBP_LIPID_MODIFICATION	194	95	48	47	GOBP_LIPID_MODIFICATION
GOBP_LIPID_OXIDATION	114	52	26	26	GOBP_LIPID_OXIDATION
GOBP_LIPID_PHOSPHORYLATION	10	5	3	2	GOBP_LIPID_PHOSPHORYLATION
GOBP_LIPID_TRANSPORT_ACROSS_BLOOD_BRAIN_BARRIER	6	5	3	2	GOBP_LIPID_TRANSPORT_ACROSS_BLOOD_BRAIN_BARRIER
GOBP_LIPOPOLYSACCHARIDE_MEDIATED_SIGNALING_PATHWAY	63	33	17	16	GOBP_LIPOPOLYSACCHARIDE_MEDIATED_SIGNALING_PATHWAY
GOBP_LIPOPROTEIN_BIOSYNTHETIC_PROCESS	49	14	7	7	GOBP_LIPOPROTEIN_BIOSYNTHETIC_PROCESS
GOBP_LIPOPROTEIN_CATABOLIC_PROCESS	15	9	5	4	GOBP_LIPOPROTEIN_CATABOLIC_PROCESS
GOBP_LIPOPROTEIN_LOCALIZATION	27	14	7	7	GOBP_LIPOPROTEIN_LOCALIZATION
GOBP_LIPOPROTEIN_METABOLIC_PROCESS	89	39	20	19	GOBP_LIPOPROTEIN_METABOLIC_PROCESS
GOBP_LIPOPROTEIN_PARTICLE_MEDIATED_SIGNALING	5	4	2	2	GOBP_LIPOPROTEIN_PARTICLE_MEDIATED_SIGNALING
GOBP_LIPOSACCHARIDE_METABOLIC_PROCESS	114	57	29	28	GOBP_LIPOSACCHARIDE_METABOLIC_PROCESS
GOBP_LIPOXIN_METABOLIC_PROCESS	6	3	2	1	GOBP_LIPOXIN_METABOLIC_PROCESS
GOBP_LIPOXYGENASE_PATHWAY	11	5	3	2	GOBP_LIPOXYGENASE_PATHWAY
GOBP_LIVER_MORPHOGENESIS	24	15	8	7	GOBP_LIVER_MORPHOGENESIS
GOBP_LIVER_REGENERATION	27	15	8	7	GOBP_LIVER_REGENERATION
GOBP_LNCRNA_TRANSCRIPTION	6	3	2	1	GOBP_LNCRNA_TRANSCRIPTION
GOBP_LOBAR_BRONCHUS_DEVELOPMENT	6	5	3	2	GOBP_LOBAR_BRONCHUS_DEVELOPMENT
GOBP_LOBAR_BRONCHUS_EPITHELIUM_DEVELOPMENT	5	4	2	2	GOBP_LOBAR_BRONCHUS_EPITHELIUM_DEVELOPMENT
GOBP_LOCALIZATION_OF_CELL	6	3	2	1	GOBP_LOCALIZATION_OF_CELL
GOBP_LOCALIZATION_WITHIN_MEMBRANE	724	300	150	150	GOBP_LOCALIZATION_WITHIN_MEMBRANE
GOBP_LOCOMOTION	1374	758	379	379	GOBP_LOCOMOTION
GOBP_LOCOMOTION_INVOLVED_IN_LOCOMOTORY_BEHAVIOR	13	10	5	5	GOBP_LOCOMOTION_INVOLVED_IN_LOCOMOTORY_BEHAVIOR
GOBP_LOCOMOTORY_BEHAVIOR	217	125	63	62	GOBP_LOCOMOTORY_BEHAVIOR
GOBP_LOCOMOTORY_EXPLORATION_BEHAVIOR	16	10	5	5	GOBP_LOCOMOTORY_EXPLORATION_BEHAVIOR
GOBP_LOCOMOTOR_RHYTHM	16	10	5	5	GOBP_LOCOMOTOR_RHYTHM
GOBP_LONG_CHAIN_FATTY_ACID_BIOSYNTHETIC_PROCESS	40	20	10	10	GOBP_LONG_CHAIN_FATTY_ACID_BIOSYNTHETIC_PROCESS
GOBP_LONG_CHAIN_FATTY_ACID_CATABOLIC_PROCESS	9	5	3	2	GOBP_LONG_CHAIN_FATTY_ACID_CATABOLIC_PROCESS
GOBP_LONG_CHAIN_FATTY_ACID_IMPORT_ACROSS_PLASMA_MEMBRANE	10	6	3	3	GOBP_LONG_CHAIN_FATTY_ACID_IMPORT_ACROSS_PLASMA_MEMBRANE
GOBP_LONG_CHAIN_FATTY_ACID_IMPORT_INTO_CELL	18	9	5	4	GOBP_LONG_CHAIN_FATTY_ACID_IMPORT_INTO_CELL
GOBP_LONG_CHAIN_FATTY_ACID_METABOLIC_PROCESS	109	58	29	29	GOBP_LONG_CHAIN_FATTY_ACID_METABOLIC_PROCESS
GOBP_LONG_CHAIN_FATTY_ACID_TRANSPORT	65	44	22	22	GOBP_LONG_CHAIN_FATTY_ACID_TRANSPORT
GOBP_LONG_CHAIN_FATTY_ACYL_COA_BIOSYNTHETIC_PROCESS	19	11	6	5	GOBP_LONG_CHAIN_FATTY_ACYL_COA_BIOSYNTHETIC_PROCESS
GOBP_LONG_CHAIN_FATTY_ACYL_COA_METABOLIC_PROCESS	25	15	8	7	GOBP_LONG_CHAIN_FATTY_ACYL_COA_METABOLIC_PROCESS
GOBP_LONG_TERM_MEMORY	37	20	10	10	GOBP_LONG_TERM_MEMORY
GOBP_LONG_TERM_SYNAPTIC_DEPRESSION	33	19	10	9	GOBP_LONG_TERM_SYNAPTIC_DEPRESSION
GOBP_LONG_TERM_SYNAPTIC_POTENTIATION	116	52	26	26	GOBP_LONG_TERM_SYNAPTIC_POTENTIATION
GOBP_LOOP_OF_HENLE_DEVELOPMENT	12	10	5	5	GOBP_LOOP_OF_HENLE_DEVELOPMENT
GOBP_LOW_DENSITY_LIPOPROTEIN_PARTICLE_CLEARANCE	37	20	10	10	GOBP_LOW_DENSITY_LIPOPROTEIN_PARTICLE_CLEARANCE
GOBP_LOW_DENSITY_LIPOPROTEIN_PARTICLE_REMODELING	16	14	7	7	GOBP_LOW_DENSITY_LIPOPROTEIN_PARTICLE_REMODELING
GOBP_LOW_DENSITY_LIPOPROTEIN_RECEPTOR_PARTICLE_METABOLIC_PROCESS	6	4	2	2	GOBP_LOW_DENSITY_LIPOPROTEIN_RECEPTOR_PARTICLE_METABOLIC_PROCESS
GOBP_LUNG_ALVEOLUS_DEVELOPMENT	55	33	17	16	GOBP_LUNG_ALVEOLUS_DEVELOPMENT
GOBP_LUNG_ASSOCIATED_MESENCHYME_DEVELOPMENT	9	8	4	4	GOBP_LUNG_ASSOCIATED_MESENCHYME_DEVELOPMENT
GOBP_LUNG_CELL_DIFFERENTIATION	30	17	9	8	GOBP_LUNG_CELL_DIFFERENTIATION
GOBP_LUNG_EPITHELIUM_DEVELOPMENT	48	26	13	13	GOBP_LUNG_EPITHELIUM_DEVELOPMENT
GOBP_LUNG_GROWTH	6	4	2	2	GOBP_LUNG_GROWTH
GOBP_LUNG_LOBE_DEVELOPMENT	8	6	3	3	GOBP_LUNG_LOBE_DEVELOPMENT
GOBP_LUNG_MORPHOGENESIS	61	44	22	22	GOBP_LUNG_MORPHOGENESIS
GOBP_LUNG_SACCULE_DEVELOPMENT	9	3	2	1	GOBP_LUNG_SACCULE_DEVELOPMENT
GOBP_LUNG_SECRETORY_CELL_DIFFERENTIATION	12	9	5	4	GOBP_LUNG_SECRETORY_CELL_DIFFERENTIATION
GOBP_LUNG_VASCULATURE_DEVELOPMENT	11	10	5	5	GOBP_LUNG_VASCULATURE_DEVELOPMENT
GOBP_LUTEINIZATION	12	7	4	3	GOBP_LUTEINIZATION
GOBP_LUTEINIZING_HORMONE_SECRETION	10	7	4	3	GOBP_LUTEINIZING_HORMONE_SECRETION
GOBP_LUTEOLYSIS	8	6	3	3	GOBP_LUTEOLYSIS
GOBP_LYMPHANGIOGENESIS	20	13	7	6	GOBP_LYMPHANGIOGENESIS
GOBP_LYMPHATIC_ENDOTHELIAL_CELL_DIFFERENTIATION	8	5	3	2	GOBP_LYMPHATIC_ENDOTHELIAL_CELL_DIFFERENTIATION
GOBP_LYMPHOCYTE_ACTIVATION	846	459	230	229	GOBP_LYMPHOCYTE_ACTIVATION
GOBP_LYMPHOCYTE_ACTIVATION_INVOLVED_IN_IMMUNE_RESPONSE	235	130	65	65	GOBP_LYMPHOCYTE_ACTIVATION_INVOLVED_IN_IMMUNE_RESPONSE
GOBP_LYMPHOCYTE_AGGREGATION	5	4	2	2	GOBP_LYMPHOCYTE_AGGREGATION
GOBP_LYMPHOCYTE_ANERGY	9	4	2	2	GOBP_LYMPHOCYTE_ANERGY
GOBP_LYMPHOCYTE_APOPTOTIC_PROCESS	86	44	22	22	GOBP_LYMPHOCYTE_APOPTOTIC_PROCESS
GOBP_LYMPHOCYTE_CHEMOTAXIS	48	32	16	16	GOBP_LYMPHOCYTE_CHEMOTAXIS
GOBP_LYMPHOCYTE_COSTIMULATION	50	31	16	15	GOBP_LYMPHOCYTE_COSTIMULATION
GOBP_LYMPHOCYTE_DIFFERENTIATION	440	228	114	114	GOBP_LYMPHOCYTE_DIFFERENTIATION
GOBP_LYMPHOCYTE_HOMEOSTASIS	83	32	16	16	GOBP_LYMPHOCYTE_HOMEOSTASIS
GOBP_LYMPHOCYTE_MEDIATED_IMMUNITY	377	192	96	96	GOBP_LYMPHOCYTE_MEDIATED_IMMUNITY
GOBP_LYMPHOCYTE_MIGRATION	114	77	39	38	GOBP_LYMPHOCYTE_MIGRATION
GOBP_LYMPHOCYTE_MIGRATION_INTO_LYMPHOID_ORGANS	10	5	3	2	GOBP_LYMPHOCYTE_MIGRATION_INTO_LYMPHOID_ORGANS
GOBP_LYMPHOID_PROGENITOR_CELL_DIFFERENTIATION	24	12	6	6	GOBP_LYMPHOID_PROGENITOR_CELL_DIFFERENTIATION
GOBP_LYMPH_NODE_DEVELOPMENT	21	14	7	7	GOBP_LYMPH_NODE_DEVELOPMENT
GOBP_LYMPH_VESSEL_DEVELOPMENT	32	18	9	9	GOBP_LYMPH_VESSEL_DEVELOPMENT
GOBP_LYMPH_VESSEL_MORPHOGENESIS	24	14	7	7	GOBP_LYMPH_VESSEL_MORPHOGENESIS
GOBP_LYSINE_METABOLIC_PROCESS	7	4	2	2	GOBP_LYSINE_METABOLIC_PROCESS
GOBP_LYSOSOMAL_LUMEN_ACIDIFICATION	24	7	4	3	GOBP_LYSOSOMAL_LUMEN_ACIDIFICATION
GOBP_LYSOSOMAL_MEMBRANE_ORGANIZATION	15	5	3	2	GOBP_LYSOSOMAL_MEMBRANE_ORGANIZATION
GOBP_LYSOSOMAL_TRANSPORT	131	41	21	20	GOBP_LYSOSOMAL_TRANSPORT
GOBP_LYTIC_VACUOLE_ORGANIZATION	113	33	17	16	GOBP_LYTIC_VACUOLE_ORGANIZATION
GOBP_L_ALANINE_TRANSMEMBRANE_TRANSPORT	5	3	2	1	GOBP_L_ALANINE_TRANSMEMBRANE_TRANSPORT
GOBP_L_ALANINE_TRANSPORT	11	7	4	3	GOBP_L_ALANINE_TRANSPORT
GOBP_L_ALPHA_AMINO_ACID_TRANSMEMBRANE_TRANSPORT	75	38	19	19	GOBP_L_ALPHA_AMINO_ACID_TRANSMEMBRANE_TRANSPORT
GOBP_L_AMINO_ACID_CATABOLIC_PROCESS	78	44	22	22	GOBP_L_AMINO_ACID_CATABOLIC_PROCESS
GOBP_L_AMINO_ACID_TRANSPORT	95	46	23	23	GOBP_L_AMINO_ACID_TRANSPORT
GOBP_L_ARGININE_BIOSYNTHETIC_PROCESS	5	4	2	2	GOBP_L_ARGININE_BIOSYNTHETIC_PROCESS
GOBP_L_ARGININE_IMPORT_ACROSS_PLASMA_MEMBRANE	5	5	3	2	GOBP_L_ARGININE_IMPORT_ACROSS_PLASMA_MEMBRANE
GOBP_L_ARGININE_TRANSMEMBRANE_TRANSPORT	15	8	4	4	GOBP_L_ARGININE_TRANSMEMBRANE_TRANSPORT
GOBP_L_ASCORBIC_ACID_METABOLIC_PROCESS	11	7	4	3	GOBP_L_ASCORBIC_ACID_METABOLIC_PROCESS
GOBP_L_ASPARTATE_IMPORT_ACROSS_PLASMA_MEMBRANE	6	5	3	2	GOBP_L_ASPARTATE_IMPORT_ACROSS_PLASMA_MEMBRANE
GOBP_L_ASPARTATE_TRANSMEMBRANE_TRANSPORT	11	7	4	3	GOBP_L_ASPARTATE_TRANSMEMBRANE_TRANSPORT
GOBP_L_CYSTINE_TRANSPORT	6	4	2	2	GOBP_L_CYSTINE_TRANSPORT
GOBP_L_GLUTAMATE_IMPORT	44	21	11	10	GOBP_L_GLUTAMATE_IMPORT
GOBP_L_GLUTAMATE_IMPORT_ACROSS_PLASMA_MEMBRANE	18	8	4	4	GOBP_L_GLUTAMATE_IMPORT_ACROSS_PLASMA_MEMBRANE
GOBP_L_GLUTAMATE_TRANSMEMBRANE_TRANSPORT	34	17	9	8	GOBP_L_GLUTAMATE_TRANSMEMBRANE_TRANSPORT
GOBP_L_GLUTAMINE_IMPORT_ACROSS_PLASMA_MEMBRANE	5	4	2	2	GOBP_L_GLUTAMINE_IMPORT_ACROSS_PLASMA_MEMBRANE
GOBP_L_HISTIDINE_METABOLIC_PROCESS	8	5	3	2	GOBP_L_HISTIDINE_METABOLIC_PROCESS
GOBP_L_HISTIDINE_TRANSMEMBRANE_TRANSPORT	6	4	2	2	GOBP_L_HISTIDINE_TRANSMEMBRANE_TRANSPORT
GOBP_L_KYNURENINE_METABOLIC_PROCESS	5	3	2	1	GOBP_L_KYNURENINE_METABOLIC_PROCESS
GOBP_L_LEUCINE_METABOLIC_PROCESS	9	4	2	2	GOBP_L_LEUCINE_METABOLIC_PROCESS
GOBP_L_LEUCINE_TRANSPORT	10	4	2	2	GOBP_L_LEUCINE_TRANSPORT
GOBP_L_LYSINE_TRANSPORT	9	4	2	2	GOBP_L_LYSINE_TRANSPORT
GOBP_L_PHENYLALANINE_METABOLIC_PROCESS	8	4	2	2	GOBP_L_PHENYLALANINE_METABOLIC_PROCESS
GOBP_L_PROLINE_TRANSMEMBRANE_TRANSPORT	5	3	2	1	GOBP_L_PROLINE_TRANSMEMBRANE_TRANSPORT
GOBP_L_SERINE_BIOSYNTHETIC_PROCESS	6	4	2	2	GOBP_L_SERINE_BIOSYNTHETIC_PROCESS
GOBP_L_SERINE_METABOLIC_PROCESS	13	6	3	3	GOBP_L_SERINE_METABOLIC_PROCESS
GOBP_L_TRYPTOPHAN_CATABOLIC_PROCESS_TO_KYNURENINE	5	3	2	1	GOBP_L_TRYPTOPHAN_CATABOLIC_PROCESS_TO_KYNURENINE
GOBP_MACROAUTOPHAGY	384	111	56	55	GOBP_MACROAUTOPHAGY
GOBP_MACROMOLECULE_CATABOLIC_PROCESS	1594	575	288	287	GOBP_MACROMOLECULE_CATABOLIC_PROCESS
GOBP_MACROMOLECULE_DEACYLATION	41	13	7	6	GOBP_MACROMOLECULE_DEACYLATION
GOBP_MACROMOLECULE_METHYLATION	124	36	18	18	GOBP_MACROMOLECULE_METHYLATION
GOBP_MACROPHAGE_ACTIVATION	116	65	33	32	GOBP_MACROPHAGE_ACTIVATION
GOBP_MACROPHAGE_ACTIVATION_INVOLVED_IN_IMMUNE_RESPONSE	20	14	7	7	GOBP_MACROPHAGE_ACTIVATION_INVOLVED_IN_IMMUNE_RESPONSE
GOBP_MACROPHAGE_APOPTOTIC_PROCESS	13	6	3	3	GOBP_MACROPHAGE_APOPTOTIC_PROCESS
GOBP_MACROPHAGE_CHEMOTAXIS	43	33	17	16	GOBP_MACROPHAGE_CHEMOTAXIS
GOBP_MACROPHAGE_COLONY_STIMULATING_FACTOR_PRODUCTION	7	4	2	2	GOBP_GRANULOCYTE_COLONY_STIMULATING_FACTOR_PRODUCTION
GOBP_MACROPHAGE_COLONY_STIMULATING_FACTOR_SIGNALING_PATHWAY	7	4	2	2	GOBP_MACROPHAGE_COLONY_STIMULATING_FACTOR_SIGNALING_PATHWAY
GOBP_MACROPHAGE_CYTOKINE_PRODUCTION	38	20	10	10	GOBP_MACROPHAGE_CYTOKINE_PRODUCTION
GOBP_MACROPHAGE_DIFFERENTIATION	74	39	20	19	GOBP_MACROPHAGE_DIFFERENTIATION
GOBP_MACROPHAGE_FUSION	6	5	3	2	GOBP_MACROPHAGE_FUSION
GOBP_MACROPHAGE_INFLAMMATORY_PROTEIN_1_ALPHA_PRODUCTION	6	5	3	2	GOBP_MACROPHAGE_INFLAMMATORY_PROTEIN_1_ALPHA_PRODUCTION
GOBP_MACROPHAGE_MIGRATION	62	42	21	21	GOBP_MACROPHAGE_MIGRATION
GOBP_MACROPHAGE_PROLIFERATION	13	9	5	4	GOBP_MACROPHAGE_PROLIFERATION
GOBP_MACROPINOCYTOSIS	11	6	3	3	GOBP_MACROPINOCYTOSIS
GOBP_MAGNESIUM_ION_HOMEOSTASIS	13	9	5	4	GOBP_MAGNESIUM_ION_HOMEOSTASIS
GOBP_MAGNESIUM_ION_TRANSPORT	21	11	6	5	GOBP_MAGNESIUM_ION_TRANSPORT
GOBP_MAINTENANCE_OF_ANIMAL_ORGAN_IDENTITY	5	3	2	1	GOBP_MAINTENANCE_OF_ANIMAL_ORGAN_IDENTITY
GOBP_MAINTENANCE_OF_APICAL_BASAL_CELL_POLARITY	7	3	2	1	GOBP_MAINTENANCE_OF_APICAL_BASAL_CELL_POLARITY
GOBP_MAINTENANCE_OF_BLOOD_BRAIN_BARRIER	39	29	15	14	GOBP_MAINTENANCE_OF_BLOOD_BRAIN_BARRIER
GOBP_MAINTENANCE_OF_CELL_NUMBER	200	98	49	49	GOBP_MAINTENANCE_OF_CELL_NUMBER
GOBP_MAINTENANCE_OF_CELL_POLARITY	14	5	3	2	GOBP_MAINTENANCE_OF_CELL_POLARITY
GOBP_MAINTENANCE_OF_CENTROSOME_LOCATION	6	3	2	1	GOBP_MAINTENANCE_OF_CENTROSOME_LOCATION
GOBP_MAINTENANCE_OF_DNA_REPEAT_ELEMENTS	7	5	3	2	GOBP_MAINTENANCE_OF_DNA_REPEAT_ELEMENTS
GOBP_MAINTENANCE_OF_GASTROINTESTINAL_EPITHELIUM	25	18	9	9	GOBP_MAINTENANCE_OF_GASTROINTESTINAL_EPITHELIUM
GOBP_MAINTENANCE_OF_LENS_TRANSPARENCY	8	3	2	1	GOBP_MAINTENANCE_OF_LENS_TRANSPARENCY
GOBP_MAINTENANCE_OF_LOCATION	221	116	58	58	GOBP_MAINTENANCE_OF_LOCATION
GOBP_MAINTENANCE_OF_ORGANELLE_LOCATION	11	4	2	2	GOBP_MAINTENANCE_OF_ORGANELLE_LOCATION
GOBP_MAINTENANCE_OF_POSTSYNAPTIC_SPECIALIZATION_STRUCTURE	11	3	2	1	GOBP_MAINTENANCE_OF_POSTSYNAPTIC_SPECIALIZATION_STRUCTURE
GOBP_MAINTENANCE_OF_PRESYNAPTIC_ACTIVE_ZONE_STRUCTURE	8	5	3	2	GOBP_MAINTENANCE_OF_PRESYNAPTIC_ACTIVE_ZONE_STRUCTURE
GOBP_MAINTENANCE_OF_PROTEIN_LOCALIZATION_IN_ENDOPLASMIC_RETICULUM	13	5	3	2	GOBP_MAINTENANCE_OF_PROTEIN_LOCALIZATION_IN_ENDOPLASMIC_RETICULUM
GOBP_MAINTENANCE_OF_PROTEIN_LOCALIZATION_IN_ORGANELLE	45	16	8	8	GOBP_MAINTENANCE_OF_PROTEIN_LOCALIZATION_IN_ORGANELLE
GOBP_MAINTENANCE_OF_PROTEIN_LOCATION	67	30	15	15	GOBP_MAINTENANCE_OF_PROTEIN_LOCATION
GOBP_MAINTENANCE_OF_PROTEIN_LOCATION_IN_EXTRACELLULAR_REGION	8	7	4	3	GOBP_MAINTENANCE_OF_PROTEIN_LOCATION_IN_EXTRACELLULAR_REGION
GOBP_MAINTENANCE_OF_PROTEIN_LOCATION_IN_MITOCHONDRION	5	3	2	1	GOBP_MAINTENANCE_OF_PROTEIN_LOCATION_IN_MITOCHONDRION
GOBP_MAINTENANCE_OF_PROTEIN_LOCATION_IN_NUCLEUS	26	7	4	3	GOBP_MAINTENANCE_OF_PROTEIN_LOCATION_IN_NUCLEUS
GOBP_MAINTENANCE_OF_SISTER_CHROMATID_COHESION	13	3	2	1	GOBP_MAINTENANCE_OF_SISTER_CHROMATID_COHESION
GOBP_MAINTENANCE_OF_SYNAPSE_STRUCTURE	31	15	8	7	GOBP_MAINTENANCE_OF_SYNAPSE_STRUCTURE
GOBP_MALATE_ASPARTATE_SHUTTLE	9	4	2	2	GOBP_MALATE_ASPARTATE_SHUTTLE
GOBP_MALATE_METABOLIC_PROCESS	9	4	2	2	GOBP_MALATE_METABOLIC_PROCESS
GOBP_MALE_GAMETE_GENERATION	703	274	137	137	GOBP_MALE_GAMETE_GENERATION
GOBP_MALE_GENITALIA_DEVELOPMENT	23	13	7	6	GOBP_MALE_GENITALIA_DEVELOPMENT
GOBP_MALE_MATING_BEHAVIOR	8	4	2	2	GOBP_MALE_MATING_BEHAVIOR
GOBP_MALE_MEIOSIS_I	29	16	8	8	GOBP_MALE_MEIOSIS_I
GOBP_MALE_MEIOTIC_NUCLEAR_DIVISION	57	31	16	15	GOBP_MALE_MEIOTIC_NUCLEAR_DIVISION
GOBP_MALE_SEX_DETERMINATION	14	9	5	4	GOBP_MALE_SEX_DETERMINATION
GOBP_MALE_SEX_DIFFERENTIATION	177	92	46	46	GOBP_MALE_SEX_DIFFERENTIATION
GOBP_MAMMALIAN_OOGENESIS_STAGE	11	6	3	3	GOBP_MAMMALIAN_OOGENESIS_STAGE
GOBP_MAMMARY_GLAND_ALVEOLUS_DEVELOPMENT	20	12	6	6	GOBP_MAMMARY_GLAND_ALVEOLUS_DEVELOPMENT
GOBP_MAMMARY_GLAND_BRANCHING_INVOLVED_IN_PREGNANCY	7	5	3	2	GOBP_MAMMARY_GLAND_BRANCHING_INVOLVED_IN_PREGNANCY
GOBP_MAMMARY_GLAND_DEVELOPMENT	140	82	41	41	GOBP_MAMMARY_GLAND_DEVELOPMENT
GOBP_MAMMARY_GLAND_DUCT_MORPHOGENESIS	34	20	10	10	GOBP_MAMMARY_GLAND_DUCT_MORPHOGENESIS
GOBP_MAMMARY_GLAND_EPITHELIAL_CELL_DIFFERENTIATION	18	10	5	5	GOBP_MAMMARY_GLAND_EPITHELIAL_CELL_DIFFERENTIATION
GOBP_MAMMARY_GLAND_EPITHELIAL_CELL_PROLIFERATION	28	13	7	6	GOBP_MAMMARY_GLAND_EPITHELIAL_CELL_PROLIFERATION
GOBP_MAMMARY_GLAND_EPITHELIUM_DEVELOPMENT	74	41	21	20	GOBP_MAMMARY_GLAND_EPITHELIUM_DEVELOPMENT
GOBP_MAMMARY_GLAND_FORMATION	7	5	3	2	GOBP_MAMMARY_GLAND_FORMATION
GOBP_MAMMARY_GLAND_INVOLUTION	10	5	3	2	GOBP_MAMMARY_GLAND_INVOLUTION
GOBP_MAMMARY_GLAND_MORPHOGENESIS	49	27	14	13	GOBP_MAMMARY_GLAND_MORPHOGENESIS
GOBP_MANGANESE_ION_TRANSMEMBRANE_TRANSPORT	10	7	4	3	GOBP_MANGANESE_ION_TRANSMEMBRANE_TRANSPORT
GOBP_MANGANESE_ION_TRANSPORT	12	9	5	4	GOBP_MANGANESE_ION_TRANSPORT
GOBP_MANNOSYLATION	20	5	3	2	GOBP_MANNOSYLATION
GOBP_MAPK_CASCADE	795	415	208	207	GOBP_MAPK_CASCADE
GOBP_MARGINAL_ZONE_B_CELL_DIFFERENTIATION	11	6	3	3	GOBP_MARGINAL_ZONE_B_CELL_DIFFERENTIATION
GOBP_MAST_CELL_ACTIVATION	74	43	22	21	GOBP_MAST_CELL_ACTIVATION
GOBP_MAST_CELL_ACTIVATION_INVOLVED_IN_IMMUNE_RESPONSE	60	32	16	16	GOBP_MAST_CELL_ACTIVATION_INVOLVED_IN_IMMUNE_RESPONSE
GOBP_MAST_CELL_CHEMOTAXIS	12	8	4	4	GOBP_MAST_CELL_CHEMOTAXIS
GOBP_MAST_CELL_CYTOKINE_PRODUCTION	7	5	3	2	GOBP_MAST_CELL_CYTOKINE_PRODUCTION
GOBP_MAST_CELL_DIFFERENTIATION	7	4	2	2	GOBP_MAST_CELL_DIFFERENTIATION
GOBP_MAST_CELL_HOMEOSTASIS	6	3	2	1	GOBP_MAST_CELL_HOMEOSTASIS
GOBP_MAST_CELL_MIGRATION	15	9	5	4	GOBP_MAST_CELL_MIGRATION
GOBP_MAST_CELL_PROLIFERATION	8	4	2	2	GOBP_MAST_CELL_PROLIFERATION
GOBP_MATERNAL_PLACENTA_DEVELOPMENT	36	21	11	10	GOBP_MATERNAL_PLACENTA_DEVELOPMENT
GOBP_MATERNAL_PROCESS_INVOLVED_IN_FEMALE_PREGNANCY	60	32	16	16	GOBP_MATERNAL_PROCESS_INVOLVED_IN_FEMALE_PREGNANCY
GOBP_MATERNAL_PROCESS_INVOLVED_IN_PARTURITION	5	5	3	2	GOBP_MATERNAL_PROCESS_INVOLVED_IN_PARTURITION
GOBP_MATERNAL_TO_ZYGOTIC_TRANSITION_OF_GENE_EXPRESSION	6	3	2	1	GOBP_MATERNAL_TO_ZYGOTIC_TRANSITION_OF_GENE_EXPRESSION
GOBP_MATING_BEHAVIOR	35	21	11	10	GOBP_MATING_BEHAVIOR
GOBP_MATURATION_OF_5_8S_RRNA	34	14	7	7	GOBP_MATURATION_OF_5_8S_RRNA
GOBP_MATURATION_OF_5_8S_RRNA_FROM_TRICISTRONIC_RRNA_TRANSCRIPT_SSU_RRNA_5_8S_RRNA_LSU_RRNA	23	9	5	4	GOBP_MATURATION_OF_5_8S_RRNA_FROM_TRICISTRONIC_RRNA_TRANSCRIPT_SSU_RRNA_5_8S_RRNA_LSU_RRNA
GOBP_MATURATION_OF_LSU_RRNA	26	11	6	5	GOBP_MATURATION_OF_LSU_RRNA
GOBP_MATURATION_OF_LSU_RRNA_FROM_TRICISTRONIC_RRNA_TRANSCRIPT_SSU_RRNA_5_8S_RRNA_LSU_RRNA	17	8	4	4	GOBP_MATURATION_OF_LSU_RRNA_FROM_TRICISTRONIC_RRNA_TRANSCRIPT_SSU_RRNA_5_8S_RRNA_LSU_RRNA
GOBP_MATURATION_OF_SSU_RRNA	54	22	11	11	GOBP_MATURATION_OF_SSU_RRNA
GOBP_MATURATION_OF_SSU_RRNA_FROM_TRICISTRONIC_RRNA_TRANSCRIPT_SSU_RRNA_5_8S_RRNA_LSU_RRNA	35	13	7	6	GOBP_MATURATION_OF_SSU_RRNA_FROM_TRICISTRONIC_RRNA_TRANSCRIPT_SSU_RRNA_5_8S_RRNA_LSU_RRNA
GOBP_MATURE_B_CELL_DIFFERENTIATION	42	27	14	13	GOBP_MATURE_B_CELL_DIFFERENTIATION
GOBP_MATURE_CONVENTIONAL_DENDRITIC_CELL_DIFFERENTIATION	6	4	2	2	GOBP_MATURE_CONVENTIONAL_DENDRITIC_CELL_DIFFERENTIATION
GOBP_MDA_5_SIGNALING_PATHWAY	11	5	3	2	GOBP_MDA_5_SIGNALING_PATHWAY
GOBP_MECHANORECEPTOR_DIFFERENTIATION	79	40	20	20	GOBP_MECHANORECEPTOR_DIFFERENTIATION
GOBP_MECHANOSENSORY_BEHAVIOR	16	13	7	6	GOBP_MECHANOSENSORY_BEHAVIOR
GOBP_MEDIUM_CHAIN_FATTY_ACID_BIOSYNTHETIC_PROCESS	6	3	2	1	GOBP_MEDIUM_CHAIN_FATTY_ACID_BIOSYNTHETIC_PROCESS
GOBP_MEDIUM_CHAIN_FATTY_ACID_CATABOLIC_PROCESS	5	4	2	2	GOBP_MEDIUM_CHAIN_FATTY_ACID_CATABOLIC_PROCESS
GOBP_MEDIUM_CHAIN_FATTY_ACID_METABOLIC_PROCESS	15	8	4	4	GOBP_MEDIUM_CHAIN_FATTY_ACID_METABOLIC_PROCESS
GOBP_MEGAKARYOCYTE_DEVELOPMENT	23	8	4	4	GOBP_MEGAKARYOCYTE_DEVELOPMENT
GOBP_MEGAKARYOCYTE_DIFFERENTIATION	67	25	13	12	GOBP_MEGAKARYOCYTE_DIFFERENTIATION
GOBP_MEIOSIS_I_CELL_CYCLE_PROCESS	142	71	36	35	GOBP_MEIOSIS_I_CELL_CYCLE_PROCESS
GOBP_MEIOTIC_CELL_CYCLE	298	146	73	73	GOBP_MEIOTIC_CELL_CYCLE
GOBP_MEIOTIC_CELL_CYCLE_CHECKPOINT_SIGNALING	10	5	3	2	GOBP_MEIOTIC_CELL_CYCLE_CHECKPOINT_SIGNALING
GOBP_MEIOTIC_CELL_CYCLE_PHASE_TRANSITION	17	13	7	6	GOBP_MEIOTIC_CELL_CYCLE_PHASE_TRANSITION
GOBP_MEIOTIC_CELL_CYCLE_PROCESS	226	118	59	59	GOBP_MEIOTIC_CELL_CYCLE_PROCESS
GOBP_MEIOTIC_CELL_CYCLE_PROCESS_INVOLVED_IN_OOCYTE_MATURATION	7	4	2	2	GOBP_MEIOTIC_CELL_CYCLE_PROCESS_INVOLVED_IN_OOCYTE_MATURATION
GOBP_MEIOTIC_CHROMOSOME_CONDENSATION	6	6	3	3	GOBP_MEIOTIC_CHROMOSOME_CONDENSATION
GOBP_MEIOTIC_CHROMOSOME_SEGREGATION	97	51	26	25	GOBP_MEIOTIC_CHROMOSOME_SEGREGATION
GOBP_MEIOTIC_CHROMOSOME_SEPARATION	10	9	5	4	GOBP_MEIOTIC_CHROMOSOME_SEPARATION
GOBP_MEIOTIC_DNA_DOUBLE_STRAND_BREAK_FORMATION	8	3	2	1	GOBP_MEIOTIC_DNA_DOUBLE_STRAND_BREAK_FORMATION
GOBP_MEIOTIC_METAPHASE_CHROMOSOME_ALIGNMENT	5	4	2	2	GOBP_MEIOTIC_METAPHASE_CHROMOSOME_ALIGNMENT
GOBP_MEIOTIC_SISTER_CHROMATID_COHESION	17	7	4	3	GOBP_MEIOTIC_SISTER_CHROMATID_COHESION
GOBP_MEIOTIC_SPINDLE_ASSEMBLY	15	9	5	4	GOBP_MEIOTIC_SPINDLE_ASSEMBLY
GOBP_MEIOTIC_SPINDLE_ORGANIZATION	22	13	7	6	GOBP_MEIOTIC_SPINDLE_ORGANIZATION
GOBP_MELANOCYTE_DIFFERENTIATION	24	16	8	8	GOBP_MELANOCYTE_DIFFERENTIATION
GOBP_MELANOCYTE_PROLIFERATION	5	3	2	1	GOBP_MELANOCYTE_PROLIFERATION
GOBP_MELANOSOME_ASSEMBLY	19	6	3	3	GOBP_MELANOSOME_ASSEMBLY
GOBP_MEMBRANELESS_ORGANELLE_ASSEMBLY	437	184	92	92	GOBP_MEMBRANELESS_ORGANELLE_ASSEMBLY
GOBP_MEMBRANE_BIOGENESIS	70	36	18	18	GOBP_MEMBRANE_BIOGENESIS
GOBP_MEMBRANE_DEPOLARIZATION	100	57	29	28	GOBP_MEMBRANE_DEPOLARIZATION
GOBP_MEMBRANE_DEPOLARIZATION_DURING_ACTION_POTENTIAL	31	19	10	9	GOBP_MEMBRANE_DEPOLARIZATION_DURING_ACTION_POTENTIAL
GOBP_MEMBRANE_DEPOLARIZATION_DURING_CARDIAC_MUSCLE_CELL_ACTION_POTENTIAL	23	13	7	6	GOBP_MEMBRANE_DEPOLARIZATION_DURING_CARDIAC_MUSCLE_CELL_ACTION_POTENTIAL
GOBP_MEMBRANE_DEPOLARIZATION_DURING_SA_NODE_CELL_ACTION_POTENTIAL	5	3	2	1	GOBP_MEMBRANE_DEPOLARIZATION_DURING_SA_NODE_CELL_ACTION_POTENTIAL
GOBP_MEMBRANE_DISASSEMBLY	13	9	5	4	GOBP_MEMBRANE_DISASSEMBLY
GOBP_MEMBRANE_DOCKING	89	34	17	17	GOBP_MEMBRANE_DOCKING
GOBP_MEMBRANE_FISSION	45	10	5	5	GOBP_MEMBRANE_FISSION
GOBP_MEMBRANE_FUSION	203	79	40	39	GOBP_MEMBRANE_FUSION
GOBP_MEMBRANE_HYPERPOLARIZATION	13	9	5	4	GOBP_MEMBRANE_HYPERPOLARIZATION
GOBP_MEMBRANE_INVAGINATION	64	31	16	15	GOBP_MEMBRANE_INVAGINATION
GOBP_MEMBRANE_LIPID_BIOSYNTHETIC_PROCESS	153	77	39	38	GOBP_MEMBRANE_LIPID_BIOSYNTHETIC_PROCESS
GOBP_MEMBRANE_LIPID_CATABOLIC_PROCESS	54	27	14	13	GOBP_MEMBRANE_LIPID_CATABOLIC_PROCESS
GOBP_MEMBRANE_LIPID_METABOLIC_PROCESS	222	116	58	58	GOBP_MEMBRANE_LIPID_METABOLIC_PROCESS
GOBP_MEMBRANE_ORGANIZATION	848	363	182	181	GOBP_MEMBRANE_ORGANIZATION
GOBP_MEMBRANE_PROTEIN_ECTODOMAIN_PROTEOLYSIS	52	24	12	12	GOBP_MEMBRANE_PROTEIN_ECTODOMAIN_PROTEOLYSIS
GOBP_MEMBRANE_PROTEIN_INTRACELLULAR_DOMAIN_PROTEOLYSIS	14	4	2	2	GOBP_MEMBRANE_PROTEIN_INTRACELLULAR_DOMAIN_PROTEOLYSIS
GOBP_MEMBRANE_PROTEIN_PROTEOLYSIS	64	30	15	15	GOBP_MEMBRANE_PROTEIN_PROTEOLYSIS
GOBP_MEMBRANE_RAFT_ASSEMBLY	14	8	4	4	GOBP_MEMBRANE_RAFT_ASSEMBLY
GOBP_MEMBRANE_RAFT_LOCALIZATION	9	5	3	2	GOBP_MEMBRANE_RAFT_LOCALIZATION
GOBP_MEMBRANE_RAFT_ORGANIZATION	30	18	9	9	GOBP_MEMBRANE_RAFT_ORGANIZATION
GOBP_MEMBRANE_REPOLARIZATION	58	31	16	15	GOBP_MEMBRANE_REPOLARIZATION
GOBP_MEMBRANE_REPOLARIZATION_DURING_ACTION_POTENTIAL	34	21	11	10	GOBP_MEMBRANE_REPOLARIZATION_DURING_ACTION_POTENTIAL
GOBP_MEMBRANE_REPOLARIZATION_DURING_ATRIAL_CARDIAC_MUSCLE_CELL_ACTION_POTENTIAL	7	4	2	2	GOBP_MEMBRANE_REPOLARIZATION_DURING_ATRIAL_CARDIAC_MUSCLE_CELL_ACTION_POTENTIAL
GOBP_MEMBRANE_REPOLARIZATION_DURING_VENTRICULAR_CARDIAC_MUSCLE_CELL_ACTION_POTENTIAL	19	10	5	5	GOBP_MEMBRANE_REPOLARIZATION_DURING_VENTRICULAR_CARDIAC_MUSCLE_CELL_ACTION_POTENTIAL
GOBP_MEMBRANE_TO_MEMBRANE_DOCKING	6	4	2	2	GOBP_MEMBRANE_TO_MEMBRANE_DOCKING
GOBP_MEMBRANOUS_SEPTUM_MORPHOGENESIS	10	7	4	3	GOBP_MEMBRANOUS_SEPTUM_MORPHOGENESIS
GOBP_MEMORY	131	72	36	36	GOBP_MEMORY
GOBP_MENAQUINONE_CATABOLIC_PROCESS	5	3	2	1	GOBP_MENAQUINONE_CATABOLIC_PROCESS
GOBP_MESANGIAL_CELL_DEVELOPMENT	6	5	3	2	GOBP_MESANGIAL_CELL_DEVELOPMENT
GOBP_MESANGIAL_CELL_DIFFERENTIATION	7	6	3	3	GOBP_MESANGIAL_CELL_DIFFERENTIATION
GOBP_MESENCHYMAL_CELL_APOPTOTIC_PROCESS	15	12	6	6	GOBP_MESENCHYMAL_CELL_APOPTOTIC_PROCESS
GOBP_MESENCHYMAL_CELL_DEVELOPMENT	7	4	2	2	GOBP_MESENCHYMAL_CELL_DEVELOPMENT
GOBP_MESENCHYMAL_CELL_DIFFERENTIATION	273	161	81	80	GOBP_MESENCHYMAL_CELL_DIFFERENTIATION
GOBP_MESENCHYMAL_CELL_DIFFERENTIATION_INVOLVED_IN_KIDNEY_DEVELOPMENT	7	6	3	3	GOBP_MESENCHYMAL_CELL_DIFFERENTIATION_INVOLVED_IN_KIDNEY_DEVELOPMENT
GOBP_MESENCHYMAL_CELL_MIGRATION	62	44	22	22	GOBP_MESENCHYMAL_CELL_MIGRATION
GOBP_MESENCHYMAL_CELL_PROLIFERATION	47	32	16	16	GOBP_MESENCHYMAL_CELL_PROLIFERATION
GOBP_MESENCHYMAL_CELL_PROLIFERATION_INVOLVED_IN_LUNG_DEVELOPMENT	6	5	3	2	GOBP_MESENCHYMAL_CELL_PROLIFERATION_INVOLVED_IN_LUNG_DEVELOPMENT
GOBP_MESENCHYMAL_EPITHELIAL_CELL_SIGNALING	9	8	4	4	GOBP_MESENCHYMAL_EPITHELIAL_CELL_SIGNALING
GOBP_MESENCHYMAL_STEM_CELL_DIFFERENTIATION	14	6	3	3	GOBP_MESENCHYMAL_STEM_CELL_DIFFERENTIATION
GOBP_MESENCHYMAL_STEM_CELL_MAINTENANCE_INVOLVED_IN_NEPHRON_MORPHOGENESIS	6	4	2	2	GOBP_MESENCHYMAL_STEM_CELL_MAINTENANCE_INVOLVED_IN_NEPHRON_MORPHOGENESIS
GOBP_MESENCHYMAL_STEM_CELL_PROLIFERATION	12	5	3	2	GOBP_MESENCHYMAL_STEM_CELL_PROLIFERATION
GOBP_MESENCHYMAL_TO_EPITHELIAL_TRANSITION	20	14	7	7	GOBP_MESENCHYMAL_TO_EPITHELIAL_TRANSITION
GOBP_MESENCHYMAL_TO_EPITHELIAL_TRANSITION_INVOLVED_IN_METANEPHROS_MORPHOGENESIS	11	7	4	3	GOBP_MESENCHYMAL_TO_EPITHELIAL_TRANSITION_INVOLVED_IN_METANEPHROS_MORPHOGENESIS
GOBP_MESENCHYME_DEVELOPMENT	341	199	100	99	GOBP_MESENCHYME_DEVELOPMENT
GOBP_MESENCHYME_MIGRATION	5	4	2	2	GOBP_MESENCHYME_MIGRATION
GOBP_MESENCHYME_MORPHOGENESIS	62	42	21	21	GOBP_MESENCHYME_MORPHOGENESIS
GOBP_MESENDODERM_DEVELOPMENT	9	4	2	2	GOBP_MESENDODERM_DEVELOPMENT
GOBP_MESODERMAL_CELL_DIFFERENTIATION	35	24	12	12	GOBP_MESODERMAL_CELL_DIFFERENTIATION
GOBP_MESODERMAL_CELL_FATE_COMMITMENT	18	14	7	7	GOBP_MESODERMAL_CELL_FATE_COMMITMENT
GOBP_MESODERMAL_CELL_FATE_SPECIFICATION	13	9	5	4	GOBP_MESODERMAL_CELL_FATE_SPECIFICATION
GOBP_MESODERMAL_CELL_MIGRATION	6	3	2	1	GOBP_MESODERMAL_CELL_MIGRATION
GOBP_MESODERM_DEVELOPMENT	142	79	40	39	GOBP_MESODERM_DEVELOPMENT
GOBP_MESODERM_MORPHOGENESIS	79	45	23	22	GOBP_MESODERM_MORPHOGENESIS
GOBP_MESONEPHRIC_DUCT_DEVELOPMENT	9	5	3	2	GOBP_MESONEPHRIC_DUCT_DEVELOPMENT
GOBP_MESONEPHRIC_TUBULE_FORMATION	10	9	5	4	GOBP_MESONEPHRIC_TUBULE_FORMATION
GOBP_MESONEPHRIC_TUBULE_MORPHOGENESIS	68	51	26	25	GOBP_MESONEPHRIC_TUBULE_MORPHOGENESIS
GOBP_MESONEPHROS_DEVELOPMENT	103	77	39	38	GOBP_MESONEPHROS_DEVELOPMENT
GOBP_METABOLIC_COMPOUND_SALVAGE	35	17	9	8	GOBP_METABOLIC_COMPOUND_SALVAGE
GOBP_METALLO_SULFUR_CLUSTER_ASSEMBLY	27	8	4	4	GOBP_METALLO_SULFUR_CLUSTER_ASSEMBLY
GOBP_METAL_ION_TRANSPORT	895	525	263	262	GOBP_METAL_ION_TRANSPORT
GOBP_METANEPHRIC_COLLECTING_DUCT_DEVELOPMENT	10	6	3	3	GOBP_METANEPHRIC_COLLECTING_DUCT_DEVELOPMENT
GOBP_METANEPHRIC_DISTAL_TUBULE_DEVELOPMENT	7	5	3	2	GOBP_DISTAL_CONVOLUTED_TUBULE_DEVELOPMENT
GOBP_METANEPHRIC_EPITHELIUM_DEVELOPMENT	28	20	10	10	GOBP_METANEPHRIC_EPITHELIUM_DEVELOPMENT
GOBP_METANEPHRIC_GLOMERULAR_MESANGIUM_DEVELOPMENT	5	5	3	2	GOBP_METANEPHRIC_GLOMERULAR_MESANGIUM_DEVELOPMENT
GOBP_METANEPHRIC_GLOMERULUS_DEVELOPMENT	17	15	8	7	GOBP_METANEPHRIC_GLOMERULUS_DEVELOPMENT
GOBP_METANEPHRIC_GLOMERULUS_VASCULATURE_DEVELOPMENT	9	9	5	4	GOBP_METANEPHRIC_GLOMERULUS_VASCULATURE_DEVELOPMENT
GOBP_METANEPHRIC_LOOP_OF_HENLE_DEVELOPMENT	6	4	2	2	GOBP_METANEPHRIC_LOOP_OF_HENLE_DEVELOPMENT
GOBP_METANEPHRIC_MESENCHYMAL_CELL_DIFFERENTIATION	5	5	3	2	GOBP_METANEPHRIC_MESENCHYMAL_CELL_DIFFERENTIATION
GOBP_METANEPHRIC_MESENCHYME_DEVELOPMENT	14	11	6	5	GOBP_METANEPHRIC_MESENCHYME_DEVELOPMENT
GOBP_METANEPHRIC_NEPHRON_DEVELOPMENT	40	31	16	15	GOBP_METANEPHRIC_NEPHRON_DEVELOPMENT
GOBP_METANEPHRIC_NEPHRON_MORPHOGENESIS	23	16	8	8	GOBP_METANEPHRIC_NEPHRON_MORPHOGENESIS
GOBP_METANEPHRIC_NEPHRON_TUBULE_EPITHELIAL_CELL_DIFFERENTIATION	6	5	3	2	GOBP_METANEPHRIC_NEPHRON_TUBULE_EPITHELIAL_CELL_DIFFERENTIATION
GOBP_METANEPHRIC_NEPHRON_TUBULE_MORPHOGENESIS	8	6	3	3	GOBP_METANEPHRIC_NEPHRON_TUBULE_MORPHOGENESIS
GOBP_METANEPHRIC_PART_OF_URETERIC_BUD_DEVELOPMENT	6	4	2	2	GOBP_METANEPHRIC_PART_OF_URETERIC_BUD_DEVELOPMENT
GOBP_METANEPHRIC_RENAL_VESICLE_MORPHOGENESIS	13	9	5	4	GOBP_METANEPHRIC_RENAL_VESICLE_MORPHOGENESIS
GOBP_METANEPHRIC_S_SHAPED_BODY_MORPHOGENESIS	5	4	2	2	GOBP_METANEPHRIC_S_SHAPED_BODY_MORPHOGENESIS
GOBP_METANEPHRIC_TUBULE_DEVELOPMENT	24	17	9	8	GOBP_METANEPHRIC_TUBULE_DEVELOPMENT
GOBP_METANEPHRIC_TUBULE_FORMATION	6	5	3	2	GOBP_METANEPHRIC_TUBULE_FORMATION
GOBP_METANEPHRIC_TUBULE_MORPHOGENESIS	10	7	4	3	GOBP_METANEPHRIC_TUBULE_MORPHOGENESIS
GOBP_METANEPHROS_DEVELOPMENT	92	68	34	34	GOBP_METANEPHROS_DEVELOPMENT
GOBP_METANEPHROS_MORPHOGENESIS	30	20	10	10	GOBP_METANEPHROS_MORPHOGENESIS
GOBP_METAPHASE_ANAPHASE_TRANSITION_OF_MEIOTIC_CELL_CYCLE	7	6	3	3	GOBP_METAPHASE_ANAPHASE_TRANSITION_OF_MEIOTIC_CELL_CYCLE
GOBP_METAPHASE_CHROMOSOME_ALIGNMENT	107	49	25	24	GOBP_METAPHASE_CHROMOSOME_ALIGNMENT
GOBP_METENCEPHALON_DEVELOPMENT	119	55	28	27	GOBP_METENCEPHALON_DEVELOPMENT
GOBP_METHIONINE_BIOSYNTHETIC_PROCESS	8	5	3	2	GOBP_METHIONINE_BIOSYNTHETIC_PROCESS
GOBP_METHIONINE_METABOLIC_PROCESS	13	8	4	4	GOBP_METHIONINE_METABOLIC_PROCESS
GOBP_METHYLATION	225	71	36	35	GOBP_METHYLATION
GOBP_MHC_CLASS_II_BIOSYNTHETIC_PROCESS	20	8	4	4	GOBP_MHC_CLASS_II_BIOSYNTHETIC_PROCESS
GOBP_MHC_CLASS_I_BIOSYNTHETIC_PROCESS	8	6	3	3	GOBP_MHC_CLASS_I_BIOSYNTHETIC_PROCESS
GOBP_MICROAUTOPHAGY	22	4	2	2	GOBP_MICROAUTOPHAGY
GOBP_MICROGLIAL_CELL_ACTIVATION_INVOLVED_IN_IMMUNE_RESPONSE	5	4	2	2	GOBP_MICROGLIAL_CELL_ACTIVATION_INVOLVED_IN_IMMUNE_RESPONSE
GOBP_MICROGLIAL_CELL_MEDIATED_CYTOTOXICITY	5	3	2	1	GOBP_MICROGLIAL_CELL_MEDIATED_CYTOTOXICITY
GOBP_MICROGLIAL_CELL_MIGRATION	8	3	2	1	GOBP_MICROGLIAL_CELL_MIGRATION
GOBP_MICROGLIAL_CELL_PROLIFERATION	9	7	4	3	GOBP_MICROGLIAL_CELL_PROLIFERATION
GOBP_MICROGLIA_DIFFERENTIATION	16	6	3	3	GOBP_MICROGLIA_DIFFERENTIATION
GOBP_MICROTUBULE_ANCHORING	25	5	3	2	GOBP_MICROTUBULE_ANCHORING
GOBP_MICROTUBULE_ANCHORING_AT_MICROTUBULE_ORGANIZING_CENTER	14	3	2	1	GOBP_MICROTUBULE_ANCHORING_AT_MICROTUBULE_ORGANIZING_CENTER
GOBP_MICROTUBULE_BASED_MOVEMENT	494	173	87	86	GOBP_MICROTUBULE_BASED_MOVEMENT
GOBP_MICROTUBULE_BASED_PROCESS	1028	393	197	196	GOBP_MICROTUBULE_BASED_PROCESS
GOBP_MICROTUBULE_BASED_PROTEIN_TRANSPORT	14	7	4	3	GOBP_MICROTUBULE_BASED_PROTEIN_TRANSPORT
GOBP_MICROTUBULE_BASED_TRANSPORT	233	70	35	35	GOBP_MICROTUBULE_BASED_TRANSPORT
GOBP_MICROTUBULE_BUNDLE_FORMATION	137	47	24	23	GOBP_MICROTUBULE_BUNDLE_FORMATION
GOBP_MICROTUBULE_CYTOSKELETON_ORGANIZATION	688	276	138	138	GOBP_MICROTUBULE_CYTOSKELETON_ORGANIZATION
GOBP_MICROTUBULE_CYTOSKELETON_ORGANIZATION_INVOLVED_IN_MITOSIS	172	79	40	39	GOBP_MICROTUBULE_CYTOSKELETON_ORGANIZATION_INVOLVED_IN_MITOSIS
GOBP_MICROTUBULE_DEPOLYMERIZATION	53	30	15	15	GOBP_MICROTUBULE_DEPOLYMERIZATION
GOBP_MICROTUBULE_NUCLEATION	48	19	10	9	GOBP_MICROTUBULE_NUCLEATION
GOBP_MICROTUBULE_NUCLEATION_BY_MICROTUBULE_ORGANIZING_CENTER	5	3	2	1	GOBP_MICROTUBULE_NUCLEATION_BY_MICROTUBULE_ORGANIZING_CENTER
GOBP_MICROTUBULE_ORGANIZING_CENTER_LOCALIZATION	33	13	7	6	GOBP_MICROTUBULE_ORGANIZING_CENTER_LOCALIZATION
GOBP_MICROTUBULE_ORGANIZING_CENTER_ORGANIZATION	162	64	32	32	GOBP_MICROTUBULE_ORGANIZING_CENTER_ORGANIZATION
GOBP_MICROTUBULE_POLYMERIZATION	104	44	22	22	GOBP_MICROTUBULE_POLYMERIZATION
GOBP_MICROTUBULE_POLYMERIZATION_OR_DEPOLYMERIZATION	148	69	35	34	GOBP_MICROTUBULE_POLYMERIZATION_OR_DEPOLYMERIZATION
GOBP_MICROTUBULE_SEVERING	9	3	2	1	GOBP_MICROTUBULE_SEVERING
GOBP_MICROVILLUS_ASSEMBLY	23	15	8	7	GOBP_MICROVILLUS_ASSEMBLY
GOBP_MICROVILLUS_ORGANIZATION	31	21	11	10	GOBP_MICROVILLUS_ORGANIZATION
GOBP_MICTURITION	9	8	4	4	GOBP_MICTURITION
GOBP_MIDBODY_ABSCISSION	24	7	4	3	GOBP_MIDBODY_ABSCISSION
GOBP_MIDBRAIN_DEVELOPMENT	93	45	23	22	GOBP_MIDBRAIN_DEVELOPMENT
GOBP_MIDBRAIN_DOPAMINERGIC_NEURON_DIFFERENTIATION	17	9	5	4	GOBP_MIDBRAIN_DOPAMINERGIC_NEURON_DIFFERENTIATION
GOBP_MIDBRAIN_HINDBRAIN_BOUNDARY_DEVELOPMENT	7	4	2	2	GOBP_MIDBRAIN_HINDBRAIN_BOUNDARY_DEVELOPMENT
GOBP_MIDDLE_EAR_MORPHOGENESIS	22	14	7	7	GOBP_MIDDLE_EAR_MORPHOGENESIS
GOBP_MIDGUT_DEVELOPMENT	11	10	5	5	GOBP_MIDGUT_DEVELOPMENT
GOBP_MINERALOCORTICOID_BIOSYNTHETIC_PROCESS	12	10	5	5	GOBP_MINERALOCORTICOID_BIOSYNTHETIC_PROCESS
GOBP_MINERALOCORTICOID_METABOLIC_PROCESS	14	12	6	6	GOBP_MINERALOCORTICOID_METABOLIC_PROCESS
GOBP_MIRNA_CATABOLIC_PROCESS	20	4	2	2	GOBP_MIRNA_CATABOLIC_PROCESS
GOBP_MIRNA_MEDIATED_GENE_SILENCING_BY_INHIBITION_OF_TRANSLATION	99	5	3	2	GOBP_MIRNA_MEDIATED_GENE_SILENCING_BY_INHIBITION_OF_TRANSLATION
GOBP_MIRNA_METABOLIC_PROCESS	110	46	23	23	GOBP_MIRNA_METABOLIC_PROCESS
GOBP_MIRNA_PROCESSING	44	13	7	6	GOBP_MIRNA_PROCESSING
GOBP_MIRNA_TRANSCRIPTION	76	40	20	20	GOBP_MIRNA_TRANSCRIPTION
GOBP_MISMATCH_REPAIR	36	18	9	9	GOBP_MISMATCH_REPAIR
GOBP_MITOCHONDRIAL_ATP_TRANSMEMBRANE_TRANSPORT	8	3	2	1	GOBP_MITOCHONDRIAL_ATP_TRANSMEMBRANE_TRANSPORT
GOBP_MITOCHONDRIAL_CALCIUM_ION_HOMEOSTASIS	25	8	4	4	GOBP_MITOCHONDRIAL_CALCIUM_ION_HOMEOSTASIS
GOBP_MITOCHONDRIAL_CALCIUM_ION_TRANSMEMBRANE_TRANSPORT	24	9	5	4	GOBP_MITOCHONDRIAL_CALCIUM_ION_TRANSMEMBRANE_TRANSPORT
GOBP_MITOCHONDRIAL_DEPOLARIZATION	28	15	8	7	GOBP_MITOCHONDRIAL_DEPOLARIZATION
GOBP_MITOCHONDRIAL_DNA_METABOLIC_PROCESS	23	10	5	5	GOBP_MITOCHONDRIAL_DNA_METABOLIC_PROCESS
GOBP_MITOCHONDRIAL_DNA_REPAIR	7	4	2	2	GOBP_MITOCHONDRIAL_DNA_REPAIR
GOBP_MITOCHONDRIAL_DNA_REPLICATION	15	7	4	3	GOBP_MITOCHONDRIAL_DNA_REPLICATION
GOBP_MITOCHONDRIAL_ELECTRON_TRANSPORT_CYTOCHROME_C_TO_OXYGEN	23	15	8	7	GOBP_MITOCHONDRIAL_ELECTRON_TRANSPORT_CYTOCHROME_C_TO_OXYGEN
GOBP_MITOCHONDRIAL_ELECTRON_TRANSPORT_NADH_TO_UBIQUINONE	52	17	9	8	GOBP_MITOCHONDRIAL_ELECTRON_TRANSPORT_NADH_TO_UBIQUINONE
GOBP_MITOCHONDRIAL_ELECTRON_TRANSPORT_UBIQUINOL_TO_CYTOCHROME_C	14	6	3	3	GOBP_MITOCHONDRIAL_ELECTRON_TRANSPORT_UBIQUINOL_TO_CYTOCHROME_C
GOBP_MITOCHONDRIAL_FISSION	43	15	8	7	GOBP_MITOCHONDRIAL_FISSION
GOBP_MITOCHONDRIAL_FRAGMENTATION_INVOLVED_IN_APOPTOTIC_PROCESS	10	4	2	2	GOBP_MITOCHONDRIAL_FRAGMENTATION_INVOLVED_IN_APOPTOTIC_PROCESS
GOBP_MITOCHONDRIAL_FUSION	36	10	5	5	GOBP_MITOCHONDRIAL_FUSION
GOBP_MITOCHONDRIAL_GENE_EXPRESSION	170	30	15	15	GOBP_MITOCHONDRIAL_GENE_EXPRESSION
GOBP_MITOCHONDRIAL_GENOME_MAINTENANCE	31	13	7	6	GOBP_MITOCHONDRIAL_GENOME_MAINTENANCE
GOBP_MITOCHONDRIAL_MEMBRANE_ORGANIZATION	119	42	21	21	GOBP_MITOCHONDRIAL_MEMBRANE_ORGANIZATION
GOBP_MITOCHONDRIAL_OUTER_MEMBRANE_PERMEABILIZATION	34	10	5	5	GOBP_MITOCHONDRIAL_OUTER_MEMBRANE_PERMEABILIZATION
GOBP_MITOCHONDRIAL_PROTEIN_CATABOLIC_PROCESS	10	4	2	2	GOBP_MITOCHONDRIAL_PROTEIN_CATABOLIC_PROCESS
GOBP_MITOCHONDRIAL_PROTEIN_PROCESSING	13	6	3	3	GOBP_MITOCHONDRIAL_PROTEIN_PROCESSING
GOBP_MITOCHONDRIAL_PROTON_TRANSPORTING_ATP_SYNTHASE_COMPLEX_ASSEMBLY	8	5	3	2	GOBP_MITOCHONDRIAL_PROTON_TRANSPORTING_ATP_SYNTHASE_COMPLEX_ASSEMBLY
GOBP_MITOCHONDRIAL_RESPIRASOME_ASSEMBLY	11	7	4	3	GOBP_MITOCHONDRIAL_RESPIRASOME_ASSEMBLY
GOBP_MITOCHONDRIAL_RESPIRATORY_CHAIN_COMPLEX_ASSEMBLY	103	34	17	17	GOBP_MITOCHONDRIAL_RESPIRATORY_CHAIN_COMPLEX_ASSEMBLY
GOBP_MITOCHONDRIAL_RNA_3_END_PROCESSING	8	3	2	1	GOBP_MITOCHONDRIAL_RNA_3_END_PROCESSING
GOBP_MITOCHONDRIAL_RNA_CATABOLIC_PROCESS	8	3	2	1	GOBP_MITOCHONDRIAL_RNA_CATABOLIC_PROCESS
GOBP_MITOCHONDRIAL_RNA_METABOLIC_PROCESS	55	16	8	8	GOBP_MITOCHONDRIAL_RNA_METABOLIC_PROCESS
GOBP_MITOCHONDRIAL_RNA_MODIFICATION	11	4	2	2	GOBP_MITOCHONDRIAL_RNA_MODIFICATION
GOBP_MITOCHONDRIAL_RNA_PROCESSING	24	8	4	4	GOBP_MITOCHONDRIAL_RNA_PROCESSING
GOBP_MITOCHONDRIAL_TRANSCRIPTION	21	5	3	2	GOBP_MITOCHONDRIAL_TRANSCRIPTION
GOBP_MITOCHONDRIAL_TRANSLATION	132	19	10	9	GOBP_MITOCHONDRIAL_TRANSLATION
GOBP_MITOCHONDRIAL_TRANSLATIONAL_ELONGATION	5	4	2	2	GOBP_MITOCHONDRIAL_TRANSLATIONAL_ELONGATION
GOBP_MITOCHONDRIAL_TRANSMEMBRANE_TRANSPORT	104	45	23	22	GOBP_MITOCHONDRIAL_TRANSMEMBRANE_TRANSPORT
GOBP_MITOCHONDRIAL_TRANSPORT	183	70	35	35	GOBP_MITOCHONDRIAL_TRANSPORT
GOBP_MITOCHONDRIAL_TRNA_PROCESSING	14	5	3	2	GOBP_MITOCHONDRIAL_TRNA_PROCESSING
GOBP_MITOCHONDRION_DISTRIBUTION	21	8	4	4	GOBP_MITOCHONDRION_DISTRIBUTION
GOBP_MITOCHONDRION_LOCALIZATION	56	20	10	10	GOBP_MITOCHONDRION_LOCALIZATION
GOBP_MITOCHONDRION_ORGANIZATION	432	173	87	86	GOBP_MITOCHONDRION_ORGANIZATION
GOBP_MITOPHAGY	97	31	16	15	GOBP_MITOPHAGY
GOBP_MITOTIC_CELL_CYCLE	931	417	209	208	GOBP_MITOTIC_CELL_CYCLE
GOBP_MITOTIC_CELL_CYCLE_CHECKPOINT_SIGNALING	136	66	33	33	GOBP_MITOTIC_CELL_CYCLE_CHECKPOINT_SIGNALING
GOBP_MITOTIC_CELL_CYCLE_PHASE_TRANSITION	458	207	104	103	GOBP_MITOTIC_CELL_CYCLE_PHASE_TRANSITION
GOBP_MITOTIC_CELL_CYCLE_PROCESS	783	363	182	181	GOBP_MITOTIC_CELL_CYCLE_PROCESS
GOBP_MITOTIC_CHROMOSOME_CONDENSATION	19	11	6	5	GOBP_MITOTIC_CHROMOSOME_CONDENSATION
GOBP_MITOTIC_CYTOKINESIS	98	36	18	18	GOBP_MITOTIC_CYTOKINESIS
GOBP_MITOTIC_CYTOKINETIC_PROCESS	38	12	6	6	GOBP_MITOTIC_CYTOKINETIC_PROCESS
GOBP_MITOTIC_DNA_INTEGRITY_CHECKPOINT_SIGNALING	75	31	16	15	GOBP_MITOTIC_DNA_INTEGRITY_CHECKPOINT_SIGNALING
GOBP_MITOTIC_DNA_REPLICATION	17	14	7	7	GOBP_MITOTIC_DNA_REPLICATION
GOBP_MITOTIC_DNA_REPLICATION_CHECKPOINT_SIGNALING	11	4	2	2	GOBP_MITOTIC_DNA_REPLICATION_CHECKPOINT_SIGNALING
GOBP_MITOTIC_G1_S_TRANSITION_CHECKPOINT_SIGNALING	17	7	4	3	GOBP_MITOTIC_G1_S_TRANSITION_CHECKPOINT_SIGNALING
GOBP_MITOTIC_G2_DNA_DAMAGE_CHECKPOINT_SIGNALING	36	16	8	8	GOBP_MITOTIC_G2_DNA_DAMAGE_CHECKPOINT_SIGNALING
GOBP_MITOTIC_G2_M_TRANSITION_CHECKPOINT	54	23	12	11	GOBP_MITOTIC_G2_M_TRANSITION_CHECKPOINT
GOBP_MITOTIC_INTRA_S_DNA_DAMAGE_CHECKPOINT_SIGNALING	17	6	3	3	GOBP_MITOTIC_INTRA_S_DNA_DAMAGE_CHECKPOINT_SIGNALING
GOBP_MITOTIC_METAPHASE_CHROMOSOME_ALIGNMENT	66	30	15	15	GOBP_MITOTIC_METAPHASE_CHROMOSOME_ALIGNMENT
GOBP_MITOTIC_NUCLEAR_DIVISION	286	145	73	72	GOBP_MITOTIC_NUCLEAR_DIVISION
GOBP_MITOTIC_NUCLEAR_MEMBRANE_DISASSEMBLY	8	6	3	3	GOBP_MITOTIC_NUCLEAR_MEMBRANE_DISASSEMBLY
GOBP_MITOTIC_NUCLEAR_MEMBRANE_ORGANIZATION	10	4	2	2	GOBP_MITOTIC_NUCLEAR_MEMBRANE_ORGANIZATION
GOBP_MITOTIC_RECOMBINATION	29	18	9	9	GOBP_MITOTIC_RECOMBINATION
GOBP_MITOTIC_SISTER_CHROMATID_COHESION	31	15	8	7	GOBP_MITOTIC_SISTER_CHROMATID_COHESION
GOBP_MITOTIC_SISTER_CHROMATID_COHESION_CENTROMERIC	5	4	2	2	GOBP_MITOTIC_SISTER_CHROMATID_COHESION_CENTROMERIC
GOBP_MITOTIC_SISTER_CHROMATID_SEGREGATION	197	100	50	50	GOBP_MITOTIC_SISTER_CHROMATID_SEGREGATION
GOBP_MITOTIC_SISTER_CHROMATID_SEPARATION	64	39	20	19	GOBP_MITOTIC_SISTER_CHROMATID_SEPARATION
GOBP_MITOTIC_SPINDLE_ASSEMBLY	78	36	18	18	GOBP_MITOTIC_SPINDLE_ASSEMBLY
GOBP_MITOTIC_SPINDLE_ELONGATION	12	7	4	3	GOBP_MITOTIC_SPINDLE_ELONGATION
GOBP_MITOTIC_SPINDLE_ORGANIZATION	139	65	33	32	GOBP_MITOTIC_SPINDLE_ORGANIZATION
GOBP_MITRAL_VALVE_DEVELOPMENT	14	7	4	3	GOBP_MITRAL_VALVE_DEVELOPMENT
GOBP_MODIFICATION_DEPENDENT_MACROMOLECULE_CATABOLIC_PROCESS	694	230	115	115	GOBP_MODIFICATION_DEPENDENT_MACROMOLECULE_CATABOLIC_PROCESS
GOBP_MODIFICATION_OF_POSTSYNAPTIC_ACTIN_CYTOSKELETON	19	9	5	4	GOBP_MODIFICATION_OF_POSTSYNAPTIC_ACTIN_CYTOSKELETON
GOBP_MODIFICATION_OF_POSTSYNAPTIC_STRUCTURE	35	15	8	7	GOBP_MODIFICATION_OF_POSTSYNAPTIC_STRUCTURE
GOBP_MODIFICATION_OF_SYNAPTIC_STRUCTURE	42	18	9	9	GOBP_MODIFICATION_OF_SYNAPTIC_STRUCTURE
GOBP_MODIFIED_AMINO_ACID_BIOSYNTHETIC_PROCESS	47	24	12	12	GOBP_MODIFIED_AMINO_ACID_BIOSYNTHETIC_PROCESS
GOBP_MODIFIED_AMINO_ACID_CATABOLIC_PROCESS	35	18	9	9	GOBP_MODIFIED_AMINO_ACID_CATABOLIC_PROCESS
GOBP_MODIFIED_AMINO_ACID_METABOLIC_PROCESS	190	110	55	55	GOBP_MODIFIED_AMINO_ACID_METABOLIC_PROCESS
GOBP_MODIFIED_AMINO_ACID_TRANSPORT	42	24	12	12	GOBP_MODIFIED_AMINO_ACID_TRANSPORT
GOBP_MODULATION_BY_HOST_OF_VIRAL_GENOME_REPLICATION	27	7	4	3	GOBP_MODULATION_BY_HOST_OF_VIRAL_GENOME_REPLICATION
GOBP_MODULATION_BY_HOST_OF_VIRAL_PROCESS	50	20	10	10	GOBP_MODULATION_BY_HOST_OF_VIRAL_PROCESS
GOBP_MODULATION_BY_SYMBIONT_OF_ENTRY_INTO_HOST	28	17	9	8	GOBP_MODULATION_BY_SYMBIONT_OF_ENTRY_INTO_HOST
GOBP_MODULATION_OF_EXCITATORY_POSTSYNAPTIC_POTENTIAL	51	26	13	13	GOBP_MODULATION_OF_EXCITATORY_POSTSYNAPTIC_POTENTIAL
GOBP_MODULATION_OF_INHIBITORY_POSTSYNAPTIC_POTENTIAL	7	6	3	3	GOBP_MODULATION_OF_INHIBITORY_POSTSYNAPTIC_POTENTIAL
GOBP_MODULATION_OF_PROCESS_OF_ANOTHER_ORGANISM	122	57	29	28	GOBP_MODULATION_OF_PROCESS_OF_ANOTHER_ORGANISM
GOBP_MOLTING_CYCLE	122	74	37	37	GOBP_MOLTING_CYCLE
GOBP_MOLTING_CYCLE_PROCESS	102	59	30	29	GOBP_MOLTING_CYCLE_PROCESS
GOBP_MONOACYLGLYCEROL_BIOSYNTHETIC_PROCESS	9	7	4	3	GOBP_MONOACYLGLYCEROL_BIOSYNTHETIC_PROCESS
GOBP_MONOACYLGLYCEROL_CATABOLIC_PROCESS	7	4	2	2	GOBP_MONOACYLGLYCEROL_CATABOLIC_PROCESS
GOBP_MONOACYLGLYCEROL_METABOLIC_PROCESS	16	11	6	5	GOBP_MONOACYLGLYCEROL_METABOLIC_PROCESS
GOBP_MONOAMINE_TRANSPORT	75	50	25	25	GOBP_MONOAMINE_TRANSPORT
GOBP_MONOATOMIC_ANION_HOMEOSTASIS	21	15	8	7	GOBP_MONOATOMIC_ANION_HOMEOSTASIS
GOBP_MONOATOMIC_ANION_TRANSPORT	177	113	57	56	GOBP_MONOATOMIC_ANION_TRANSPORT
GOBP_MONOATOMIC_CATION_TRANSMEMBRANE_TRANSPORT	887	483	242	241	GOBP_MONOATOMIC_CATION_TRANSMEMBRANE_TRANSPORT
GOBP_MONOATOMIC_CATION_TRANSPORT	1079	599	300	299	GOBP_MONOATOMIC_CATION_TRANSPORT
GOBP_MONOATOMIC_ION_HOMEOSTASIS	627	350	175	175	GOBP_MONOATOMIC_ION_HOMEOSTASIS
GOBP_MONOATOMIC_ION_TRANSMEMBRANE_TRANSPORT	1048	584	292	292	GOBP_MONOATOMIC_ION_TRANSMEMBRANE_TRANSPORT
GOBP_MONOATOMIC_ION_TRANSPORT	1282	721	361	360	GOBP_MONOATOMIC_ION_TRANSPORT
GOBP_MONOCARBOXYLIC_ACID_BIOSYNTHETIC_PROCESS	235	124	62	62	GOBP_MONOCARBOXYLIC_ACID_BIOSYNTHETIC_PROCESS
GOBP_MONOCARBOXYLIC_ACID_CATABOLIC_PROCESS	125	55	28	27	GOBP_MONOCARBOXYLIC_ACID_CATABOLIC_PROCESS
GOBP_MONOCARBOXYLIC_ACID_METABOLIC_PROCESS	633	324	162	162	GOBP_MONOCARBOXYLIC_ACID_METABOLIC_PROCESS
GOBP_MONOCARBOXYLIC_ACID_TRANSPORT	182	122	61	61	GOBP_MONOCARBOXYLIC_ACID_TRANSPORT
GOBP_MONOCYTE_ACTIVATION	13	6	3	3	GOBP_MONOCYTE_ACTIVATION
GOBP_MONOCYTE_AGGREGATION	5	5	3	2	GOBP_MONOCYTE_AGGREGATION
GOBP_MONOCYTE_CHEMOTACTIC_PROTEIN_1_PRODUCTION	20	12	6	6	GOBP_MONOCYTE_CHEMOTACTIC_PROTEIN_1_PRODUCTION
GOBP_MONOCYTE_CHEMOTAXIS	55	38	19	19	GOBP_MONOCYTE_CHEMOTAXIS
GOBP_MONOCYTE_DIFFERENTIATION	37	24	12	12	GOBP_MONOCYTE_DIFFERENTIATION
GOBP_MONOCYTE_EXTRAVASATION	11	8	4	4	GOBP_MONOCYTE_EXTRAVASATION
GOBP_MONONUCLEAR_CELL_DIFFERENTIATION	541	283	142	141	GOBP_MONONUCLEAR_CELL_DIFFERENTIATION
GOBP_MONONUCLEAR_CELL_MIGRATION	235	157	79	78	GOBP_MONONUCLEAR_CELL_MIGRATION
GOBP_MONOSACCHARIDE_BIOSYNTHETIC_PROCESS	96	45	23	22	GOBP_MONOSACCHARIDE_BIOSYNTHETIC_PROCESS
GOBP_MONOSACCHARIDE_CATABOLIC_PROCESS	57	34	17	17	GOBP_MONOSACCHARIDE_CATABOLIC_PROCESS
GOBP_MONOSACCHARIDE_METABOLIC_PROCESS	268	128	64	64	GOBP_MONOSACCHARIDE_METABOLIC_PROCESS
GOBP_MONOSACCHARIDE_TRANSMEMBRANE_TRANSPORT	122	58	29	29	GOBP_MONOSACCHARIDE_TRANSMEMBRANE_TRANSPORT
GOBP_MONOUBIQUITINATED_PROTEIN_DEUBIQUITINATION	9	3	2	1	GOBP_MONOUBIQUITINATED_PROTEIN_DEUBIQUITINATION
GOBP_MORPHOGENESIS_OF_AN_ENDOTHELIUM	18	10	5	5	GOBP_MORPHOGENESIS_OF_AN_ENDOTHELIUM
GOBP_MORPHOGENESIS_OF_AN_EPITHELIAL_BUD	15	12	6	6	GOBP_MORPHOGENESIS_OF_AN_EPITHELIAL_BUD
GOBP_MORPHOGENESIS_OF_AN_EPITHELIAL_FOLD	25	19	10	9	GOBP_MORPHOGENESIS_OF_AN_EPITHELIAL_FOLD
GOBP_MORPHOGENESIS_OF_AN_EPITHELIAL_SHEET	66	37	19	18	GOBP_MORPHOGENESIS_OF_AN_EPITHELIAL_SHEET
GOBP_MORPHOGENESIS_OF_AN_EPITHELIUM	517	314	157	157	GOBP_MORPHOGENESIS_OF_AN_EPITHELIUM
GOBP_MORPHOGENESIS_OF_A_BRANCHING_STRUCTURE	214	152	76	76	GOBP_MORPHOGENESIS_OF_A_BRANCHING_STRUCTURE
GOBP_MORPHOGENESIS_OF_A_POLARIZED_EPITHELIUM	58	29	15	14	GOBP_MORPHOGENESIS_OF_A_POLARIZED_EPITHELIUM
GOBP_MORPHOGENESIS_OF_EMBRYONIC_EPITHELIUM	155	84	42	42	GOBP_MORPHOGENESIS_OF_EMBRYONIC_EPITHELIUM
GOBP_MOTILE_CILIUM_ASSEMBLY	83	27	14	13	GOBP_MOTILE_CILIUM_ASSEMBLY
GOBP_MOTOR_BEHAVIOR	34	13	7	6	GOBP_MOTOR_BEHAVIOR
GOBP_MOTOR_LEARNING	7	3	2	1	GOBP_MOTOR_LEARNING
GOBP_MOTOR_NEURON_APOPTOTIC_PROCESS	21	7	4	3	GOBP_MOTOR_NEURON_APOPTOTIC_PROCESS
GOBP_MOTOR_NEURON_AXON_GUIDANCE	26	18	9	9	GOBP_MOTOR_NEURON_AXON_GUIDANCE
GOBP_MOTOR_NEURON_MIGRATION	13	13	7	6	GOBP_MOTOR_NEURON_MIGRATION
GOBP_MRNA_3_END_PROCESSING	41	12	6	6	GOBP_MRNA_3_END_PROCESSING
GOBP_MRNA_3_SPLICE_SITE_RECOGNITION	6	3	2	1	GOBP_MRNA_3_SPLICE_SITE_RECOGNITION
GOBP_MRNA_CATABOLIC_PROCESS	361	102	51	51	GOBP_MRNA_CATABOLIC_PROCESS
GOBP_MRNA_CIS_SPLICING_VIA_SPLICEOSOME	47	7	4	3	GOBP_MRNA_CIS_SPLICING_VIA_SPLICEOSOME
GOBP_MRNA_EXPORT_FROM_NUCLEUS	73	23	12	11	GOBP_MRNA_EXPORT_FROM_NUCLEUS
GOBP_MRNA_METABOLIC_PROCESS	881	248	124	124	GOBP_MRNA_METABOLIC_PROCESS
GOBP_MRNA_MODIFICATION	20	13	7	6	GOBP_MRNA_MODIFICATION
GOBP_MRNA_PROCESSING	531	149	75	74	GOBP_MRNA_PROCESSING
GOBP_MRNA_PSEUDOURIDINE_SYNTHESIS	10	7	4	3	GOBP_MRNA_PSEUDOURIDINE_SYNTHESIS
GOBP_MRNA_SPLICE_SITE_RECOGNITION	48	9	5	4	GOBP_MRNA_SPLICE_SITE_RECOGNITION
GOBP_MRNA_TRANSCRIPTION	52	16	8	8	GOBP_MRNA_TRANSCRIPTION
GOBP_MRNA_TRANSPORT	133	51	26	25	GOBP_MRNA_TRANSPORT
GOBP_MUCOCILIARY_CLEARANCE	12	3	2	1	GOBP_MUCOCILIARY_CLEARANCE
GOBP_MUCOSA_ASSOCIATED_LYMPHOID_TISSUE_DEVELOPMENT	11	5	3	2	GOBP_MUCOSA_ASSOCIATED_LYMPHOID_TISSUE_DEVELOPMENT
GOBP_MUCUS_SECRETION	18	6	3	3	GOBP_MUCUS_SECRETION
GOBP_MULTICELLULAR_ORGANISMAL_LEVEL_CHEMICAL_HOMEOSTASIS	79	50	25	25	GOBP_MULTICELLULAR_ORGANISMAL_LEVEL_CHEMICAL_HOMEOSTASIS
GOBP_MULTICELLULAR_ORGANISMAL_LEVEL_HOMEOSTASIS	859	471	236	235	GOBP_MULTICELLULAR_ORGANISMAL_LEVEL_HOMEOSTASIS
GOBP_MULTICELLULAR_ORGANISMAL_LEVEL_IRON_ION_HOMEOSTASIS	28	15	8	7	GOBP_MULTICELLULAR_ORGANISMAL_LEVEL_IRON_ION_HOMEOSTASIS
GOBP_MULTICELLULAR_ORGANISMAL_LEVEL_WATER_HOMEOSTASIS	33	23	12	11	GOBP_MULTICELLULAR_ORGANISMAL_LEVEL_WATER_HOMEOSTASIS
GOBP_MULTICELLULAR_ORGANISMAL_MOVEMENT	65	40	20	20	GOBP_MULTICELLULAR_ORGANISMAL_MOVEMENT
GOBP_MULTICELLULAR_ORGANISMAL_REPRODUCTIVE_PROCESS	1028	460	230	230	GOBP_MULTICELLULAR_ORGANISMAL_REPRODUCTIVE_PROCESS
GOBP_MULTICELLULAR_ORGANISMAL_RESPONSE_TO_STRESS	99	74	37	37	GOBP_MULTICELLULAR_ORGANISMAL_RESPONSE_TO_STRESS
GOBP_MULTICELLULAR_ORGANISM_GROWTH	178	74	37	37	GOBP_MULTICELLULAR_ORGANISM_GROWTH
GOBP_MULTINUCLEAR_OSTEOCLAST_DIFFERENTIATION	9	4	2	2	GOBP_MULTINUCLEAR_OSTEOCLAST_DIFFERENTIATION
GOBP_MULTIVESICULAR_BODY_ORGANIZATION	33	7	4	3	GOBP_MULTIVESICULAR_BODY_ORGANIZATION
GOBP_MULTIVESICULAR_BODY_SORTING_PATHWAY	50	13	7	6	GOBP_MULTIVESICULAR_BODY_SORTING_PATHWAY
GOBP_MULTI_CILIATED_EPITHELIAL_CELL_DIFFERENTIATION	14	9	5	4	GOBP_MULTI_CILIATED_EPITHELIAL_CELL_DIFFERENTIATION
GOBP_MULTI_MULTICELLULAR_ORGANISM_PROCESS	226	129	65	64	GOBP_MULTI_MULTICELLULAR_ORGANISM_PROCESS
GOBP_MULTI_PASS_TRANSMEMBRANE_PROTEIN_INSERTION_INTO_ER_MEMBRANE	9	5	3	2	GOBP_MULTI_PASS_TRANSMEMBRANE_PROTEIN_INSERTION_INTO_ER_MEMBRANE
GOBP_MUSCLE_ADAPTATION	126	54	27	27	GOBP_MUSCLE_ADAPTATION
GOBP_MUSCLE_ATROPHY	11	7	4	3	GOBP_MUSCLE_ATROPHY
GOBP_MUSCLE_CELL_APOPTOTIC_PROCESS	101	36	18	18	GOBP_MUSCLE_CELL_APOPTOTIC_PROCESS
GOBP_MUSCLE_CELL_CELLULAR_HOMEOSTASIS	26	13	7	6	GOBP_MUSCLE_CELL_CELLULAR_HOMEOSTASIS
GOBP_MUSCLE_CELL_DEVELOPMENT	206	103	52	51	GOBP_MUSCLE_CELL_DEVELOPMENT
GOBP_MUSCLE_CELL_DIFFERENTIATION	441	219	110	109	GOBP_MUSCLE_CELL_DIFFERENTIATION
GOBP_MUSCLE_CELL_FATE_COMMITMENT	17	13	7	6	GOBP_MUSCLE_CELL_FATE_COMMITMENT
GOBP_MUSCLE_CELL_MIGRATION	110	57	29	28	GOBP_MUSCLE_CELL_MIGRATION
GOBP_MUSCLE_CELL_PROLIFERATION	253	139	70	69	GOBP_MUSCLE_CELL_PROLIFERATION
GOBP_MUSCLE_CONTRACTION	368	219	110	109	GOBP_MUSCLE_CONTRACTION
GOBP_MUSCLE_HYPERTROPHY	109	42	21	21	GOBP_MUSCLE_HYPERTROPHY
GOBP_MUSCLE_HYPERTROPHY_IN_RESPONSE_TO_STRESS	34	8	4	4	GOBP_MUSCLE_HYPERTROPHY_IN_RESPONSE_TO_STRESS
GOBP_MUSCLE_ORGAN_DEVELOPMENT	372	205	103	102	GOBP_MUSCLE_ORGAN_DEVELOPMENT
GOBP_MUSCLE_ORGAN_MORPHOGENESIS	86	53	27	26	GOBP_MUSCLE_ORGAN_MORPHOGENESIS
GOBP_MUSCLE_STRUCTURE_DEVELOPMENT	731	379	190	189	GOBP_MUSCLE_STRUCTURE_DEVELOPMENT
GOBP_MUSCLE_SYSTEM_PROCESS	479	269	135	134	GOBP_MUSCLE_SYSTEM_PROCESS
GOBP_MUSCLE_TISSUE_DEVELOPMENT	454	239	120	119	GOBP_MUSCLE_TISSUE_DEVELOPMENT
GOBP_MUSCULAR_SEPTUM_MORPHOGENESIS	6	3	2	1	GOBP_MUSCULAR_SEPTUM_MORPHOGENESIS
GOBP_MYCOTOXIN_METABOLIC_PROCESS	9	6	3	3	GOBP_MYCOTOXIN_METABOLIC_PROCESS
GOBP_MYD88_DEPENDENT_TOLL_LIKE_RECEPTOR_SIGNALING_PATHWAY	21	7	4	3	GOBP_MYD88_DEPENDENT_TOLL_LIKE_RECEPTOR_SIGNALING_PATHWAY
GOBP_MYD88_INDEPENDENT_TOLL_LIKE_RECEPTOR_SIGNALING_PATHWAY	16	3	2	1	GOBP_MYD88_INDEPENDENT_TOLL_LIKE_RECEPTOR_SIGNALING_PATHWAY
GOBP_MYELIN_ASSEMBLY	22	13	7	6	GOBP_MYELIN_ASSEMBLY
GOBP_MYELIN_MAINTENANCE	18	11	6	5	GOBP_MYELIN_MAINTENANCE
GOBP_MYELOID_CELL_ACTIVATION_INVOLVED_IN_IMMUNE_RESPONSE	101	59	30	29	GOBP_MYELOID_CELL_ACTIVATION_INVOLVED_IN_IMMUNE_RESPONSE
GOBP_MYELOID_CELL_APOPTOTIC_PROCESS	41	23	12	11	GOBP_MYELOID_CELL_APOPTOTIC_PROCESS
GOBP_MYELOID_CELL_DEVELOPMENT	91	44	22	22	GOBP_MYELOID_CELL_DEVELOPMENT
GOBP_MYELOID_CELL_DIFFERENTIATION	471	238	119	119	GOBP_MYELOID_CELL_DIFFERENTIATION
GOBP_MYELOID_CELL_HOMEOSTASIS	193	95	48	47	GOBP_MYELOID_CELL_HOMEOSTASIS
GOBP_MYELOID_DENDRITIC_CELL_ACTIVATION	32	19	10	9	GOBP_MYELOID_DENDRITIC_CELL_ACTIVATION
GOBP_MYELOID_DENDRITIC_CELL_CHEMOTAXIS	5	4	2	2	GOBP_MYELOID_DENDRITIC_CELL_CHEMOTAXIS
GOBP_MYELOID_DENDRITIC_CELL_DIFFERENTIATION	21	12	6	6	GOBP_MYELOID_DENDRITIC_CELL_DIFFERENTIATION
GOBP_MYELOID_LEUKOCYTE_ACTIVATION	258	144	72	72	GOBP_MYELOID_LEUKOCYTE_ACTIVATION
GOBP_MYELOID_LEUKOCYTE_CYTOKINE_PRODUCTION	52	27	14	13	GOBP_MYELOID_LEUKOCYTE_CYTOKINE_PRODUCTION
GOBP_MYELOID_LEUKOCYTE_DIFFERENTIATION	256	145	73	72	GOBP_MYELOID_LEUKOCYTE_DIFFERENTIATION
GOBP_MYELOID_LEUKOCYTE_MEDIATED_IMMUNITY	121	65	33	32	GOBP_MYELOID_LEUKOCYTE_MEDIATED_IMMUNITY
GOBP_MYELOID_LEUKOCYTE_MIGRATION	237	161	81	80	GOBP_MYELOID_LEUKOCYTE_MIGRATION
GOBP_MYELOID_PROGENITOR_CELL_DIFFERENTIATION	10	8	4	4	GOBP_MYELOID_PROGENITOR_CELL_DIFFERENTIATION
GOBP_MYOBLAST_DIFFERENTIATION	114	57	29	28	GOBP_MYOBLAST_DIFFERENTIATION
GOBP_MYOBLAST_FATE_COMMITMENT	6	3	2	1	GOBP_MYOBLAST_FATE_COMMITMENT
GOBP_MYOBLAST_FUSION	48	33	17	16	GOBP_MYOBLAST_FUSION
GOBP_MYOBLAST_FUSION_INVOLVED_IN_SKELETAL_MUSCLE_REGENERATION	5	3	2	1	GOBP_MYOBLAST_FUSION_INVOLVED_IN_SKELETAL_MUSCLE_REGENERATION
GOBP_MYOBLAST_MIGRATION	13	9	5	4	GOBP_MYOBLAST_MIGRATION
GOBP_MYOBLAST_PROLIFERATION	34	12	6	6	GOBP_MYOBLAST_PROLIFERATION
GOBP_MYOFIBRIL_ASSEMBLY	75	34	17	17	GOBP_MYOFIBRIL_ASSEMBLY
GOBP_MYOFIBROBLAST_DIFFERENTIATION	15	5	3	2	GOBP_MYOFIBROBLAST_DIFFERENTIATION
GOBP_MYOTUBE_CELL_DEVELOPMENT	44	24	12	12	GOBP_MYOTUBE_CELL_DEVELOPMENT
GOBP_MYOTUBE_DIFFERENTIATION	138	79	40	39	GOBP_MYOTUBE_DIFFERENTIATION
GOBP_MYOTUBE_DIFFERENTIATION_INVOLVED_IN_SKELETAL_MUSCLE_REGENERATION	9	7	4	3	GOBP_MYOTUBE_DIFFERENTIATION_INVOLVED_IN_SKELETAL_MUSCLE_REGENERATION
GOBP_NADH_DEHYDROGENASE_COMPLEX_ASSEMBLY	43	13	7	6	GOBP_NADH_DEHYDROGENASE_COMPLEX_ASSEMBLY
GOBP_NADH_METABOLIC_PROCESS	40	21	11	10	GOBP_NADH_METABOLIC_PROCESS
GOBP_NADPH_REGENERATION	25	12	6	6	GOBP_NADPH_REGENERATION
GOBP_NADP_METABOLIC_PROCESS	41	21	11	10	GOBP_NADP_METABOLIC_PROCESS
GOBP_NAD_BIOSYNTHETIC_PROCESS	17	9	5	4	GOBP_NAD_BIOSYNTHETIC_PROCESS
GOBP_NAD_METABOLIC_PROCESS	37	17	9	8	GOBP_NAD_METABOLIC_PROCESS
GOBP_NAIL_DEVELOPMENT	11	6	3	3	GOBP_NAIL_DEVELOPMENT
GOBP_NATURAL_KILLER_CELL_ACTIVATION	108	54	27	27	GOBP_NATURAL_KILLER_CELL_ACTIVATION
GOBP_NATURAL_KILLER_CELL_ACTIVATION_INVOLVED_IN_IMMUNE_RESPONSE	31	15	8	7	GOBP_NATURAL_KILLER_CELL_ACTIVATION_INVOLVED_IN_IMMUNE_RESPONSE
GOBP_NATURAL_KILLER_CELL_CHEMOTAXIS	10	7	4	3	GOBP_NATURAL_KILLER_CELL_CHEMOTAXIS
GOBP_NATURAL_KILLER_CELL_CYTOKINE_PRODUCTION	11	9	5	4	GOBP_NATURAL_KILLER_CELL_CYTOKINE_PRODUCTION
GOBP_NATURAL_KILLER_CELL_DEGRANULATION	13	6	3	3	GOBP_NATURAL_KILLER_CELL_DEGRANULATION
GOBP_NATURAL_KILLER_CELL_DIFFERENTIATION	27	15	8	7	GOBP_NATURAL_KILLER_CELL_DIFFERENTIATION
GOBP_NATURAL_KILLER_CELL_MEDIATED_IMMUNE_RESPONSE_TO_TUMOR_CELL	11	8	4	4	GOBP_NATURAL_KILLER_CELL_MEDIATED_IMMUNE_RESPONSE_TO_TUMOR_CELL
GOBP_NATURAL_KILLER_CELL_MEDIATED_IMMUNITY	90	49	25	24	GOBP_NATURAL_KILLER_CELL_MEDIATED_IMMUNITY
GOBP_NATURAL_KILLER_CELL_PROLIFERATION	17	10	5	5	GOBP_NATURAL_KILLER_CELL_PROLIFERATION
GOBP_NECROPTOTIC_PROCESS	48	16	8	8	GOBP_NECROPTOTIC_PROCESS
GOBP_NECROPTOTIC_SIGNALING_PATHWAY	8	4	2	2	GOBP_NECROPTOTIC_SIGNALING_PATHWAY
GOBP_NEGATIVE_ADAPTATION_OF_SIGNALING_PATHWAY	21	8	4	4	GOBP_NEGATIVE_ADAPTATION_OF_SIGNALING_PATHWAY
GOBP_NEGATIVE_CHEMOTAXIS	45	34	17	17	GOBP_NEGATIVE_CHEMOTAXIS
GOBP_NEGATIVE_REGULATION_BY_HOST_OF_VIRAL_GENOME_REPLICATION	13	5	3	2	GOBP_NEGATIVE_REGULATION_BY_HOST_OF_VIRAL_GENOME_REPLICATION
GOBP_NEGATIVE_REGULATION_BY_HOST_OF_VIRAL_PROCESS	17	7	4	3	GOBP_NEGATIVE_REGULATION_BY_HOST_OF_VIRAL_PROCESS
GOBP_NEGATIVE_REGULATION_BY_HOST_OF_VIRAL_TRANSCRIPTION	14	7	4	3	GOBP_NEGATIVE_REGULATION_BY_HOST_OF_VIRAL_TRANSCRIPTION
GOBP_NEGATIVE_REGULATION_OF_ACTIN_FILAMENT_BUNDLE_ASSEMBLY	38	16	8	8	GOBP_NEGATIVE_REGULATION_OF_ACTIN_FILAMENT_BUNDLE_ASSEMBLY
GOBP_NEGATIVE_REGULATION_OF_ACTIN_FILAMENT_DEPOLYMERIZATION	47	24	12	12	GOBP_NEGATIVE_REGULATION_OF_ACTIN_FILAMENT_DEPOLYMERIZATION
GOBP_NEGATIVE_REGULATION_OF_ACTIN_FILAMENT_POLYMERIZATION	61	26	13	13	GOBP_NEGATIVE_REGULATION_OF_ACTIN_FILAMENT_POLYMERIZATION
GOBP_NEGATIVE_REGULATION_OF_ACTIN_NUCLEATION	9	3	2	1	GOBP_NEGATIVE_REGULATION_OF_ACTIN_NUCLEATION
GOBP_NEGATIVE_REGULATION_OF_ACTION_POTENTIAL	5	3	2	1	GOBP_NEGATIVE_REGULATION_OF_ACTION_POTENTIAL
GOBP_NEGATIVE_REGULATION_OF_ACTIVATED_T_CELL_PROLIFERATION	16	6	3	3	GOBP_NEGATIVE_REGULATION_OF_ACTIVATED_T_CELL_PROLIFERATION
GOBP_NEGATIVE_REGULATION_OF_ACTIVIN_RECEPTOR_SIGNALING_PATHWAY	18	12	6	6	GOBP_NEGATIVE_REGULATION_OF_ACTIVIN_RECEPTOR_SIGNALING_PATHWAY
GOBP_NEGATIVE_REGULATION_OF_ACUTE_INFLAMMATORY_RESPONSE	13	8	4	4	GOBP_NEGATIVE_REGULATION_OF_ACUTE_INFLAMMATORY_RESPONSE
GOBP_NEGATIVE_REGULATION_OF_ACUTE_INFLAMMATORY_RESPONSE_TO_ANTIGENIC_STIMULUS	7	5	3	2	GOBP_NEGATIVE_REGULATION_OF_ACUTE_INFLAMMATORY_RESPONSE_TO_ANTIGENIC_STIMULUS
GOBP_NEGATIVE_REGULATION_OF_ADAPTIVE_IMMUNE_RESPONSE	69	41	21	20	GOBP_NEGATIVE_REGULATION_OF_ADAPTIVE_IMMUNE_RESPONSE
GOBP_NEGATIVE_REGULATION_OF_ADENYLATE_CYCLASE_ACTIVATING_G_PROTEIN_COUPLED_RECEPTOR_SIGNALING_PATHWAY	13	4	2	2	GOBP_NEGATIVE_REGULATION_OF_ADENYLATE_CYCLASE_ACTIVATING_G_PROTEIN_COUPLED_RECEPTOR_SIGNALING_PATHWAY
GOBP_NEGATIVE_REGULATION_OF_ADIPOSE_TISSUE_DEVELOPMENT	6	3	2	1	GOBP_NEGATIVE_REGULATION_OF_ADIPOSE_TISSUE_DEVELOPMENT
GOBP_NEGATIVE_REGULATION_OF_ALCOHOL_BIOSYNTHETIC_PROCESS	17	8	4	4	GOBP_NEGATIVE_REGULATION_OF_ALCOHOL_BIOSYNTHETIC_PROCESS
GOBP_NEGATIVE_REGULATION_OF_ALPHA_BETA_T_CELL_ACTIVATION	50	26	13	13	GOBP_NEGATIVE_REGULATION_OF_ALPHA_BETA_T_CELL_ACTIVATION
GOBP_NEGATIVE_REGULATION_OF_ALPHA_BETA_T_CELL_DIFFERENTIATION	30	18	9	9	GOBP_NEGATIVE_REGULATION_OF_ALPHA_BETA_T_CELL_DIFFERENTIATION
GOBP_NEGATIVE_REGULATION_OF_ALPHA_BETA_T_CELL_PROLIFERATION	16	5	3	2	GOBP_NEGATIVE_REGULATION_OF_ALPHA_BETA_T_CELL_PROLIFERATION
GOBP_NEGATIVE_REGULATION_OF_AMIDE_METABOLIC_PROCESS	38	12	6	6	GOBP_NEGATIVE_REGULATION_OF_AMIDE_METABOLIC_PROCESS
GOBP_NEGATIVE_REGULATION_OF_AMINE_METABOLIC_PROCESS	7	3	2	1	GOBP_NEGATIVE_REGULATION_OF_AMINE_METABOLIC_PROCESS
GOBP_NEGATIVE_REGULATION_OF_AMINE_TRANSPORT	25	19	10	9	GOBP_NEGATIVE_REGULATION_OF_AMINE_TRANSPORT
GOBP_NEGATIVE_REGULATION_OF_AMINO_ACID_TRANSPORT	14	8	4	4	GOBP_NEGATIVE_REGULATION_OF_AMINO_ACID_TRANSPORT
GOBP_NEGATIVE_REGULATION_OF_AMYLOID_BETA_CLEARANCE	12	6	3	3	GOBP_NEGATIVE_REGULATION_OF_AMYLOID_BETA_CLEARANCE
GOBP_NEGATIVE_REGULATION_OF_AMYLOID_FIBRIL_FORMATION	14	12	6	6	GOBP_NEGATIVE_REGULATION_OF_AMYLOID_FIBRIL_FORMATION
GOBP_NEGATIVE_REGULATION_OF_AMYLOID_PRECURSOR_PROTEIN_BIOSYNTHETIC_PROCESS	20	5	3	2	GOBP_NEGATIVE_REGULATION_OF_AMYLOID_PRECURSOR_PROTEIN_BIOSYNTHETIC_PROCESS
GOBP_NEGATIVE_REGULATION_OF_AMYLOID_PRECURSOR_PROTEIN_CATABOLIC_PROCESS	34	10	5	5	GOBP_NEGATIVE_REGULATION_OF_AMYLOID_PRECURSOR_PROTEIN_CATABOLIC_PROCESS
GOBP_NEGATIVE_REGULATION_OF_ANDROGEN_RECEPTOR_SIGNALING_PATHWAY	17	8	4	4	GOBP_NEGATIVE_REGULATION_OF_ANDROGEN_RECEPTOR_SIGNALING_PATHWAY
GOBP_NEGATIVE_REGULATION_OF_ANOIKIS	19	8	4	4	GOBP_NEGATIVE_REGULATION_OF_ANOIKIS
GOBP_NEGATIVE_REGULATION_OF_ANTIGEN_PROCESSING_AND_PRESENTATION	9	7	4	3	GOBP_NEGATIVE_REGULATION_OF_ANTIGEN_PROCESSING_AND_PRESENTATION
GOBP_NEGATIVE_REGULATION_OF_ANTIGEN_RECEPTOR_MEDIATED_SIGNALING_PATHWAY	39	19	10	9	GOBP_NEGATIVE_REGULATION_OF_ANTIGEN_RECEPTOR_MEDIATED_SIGNALING_PATHWAY
GOBP_NEGATIVE_REGULATION_OF_APOPTOTIC_PROCESS_INVOLVED_IN_DEVELOPMENT	6	6	3	3	GOBP_NEGATIVE_REGULATION_OF_APOPTOTIC_PROCESS_INVOLVED_IN_DEVELOPMENT
GOBP_NEGATIVE_REGULATION_OF_APOPTOTIC_SIGNALING_PATHWAY	244	108	54	54	GOBP_NEGATIVE_REGULATION_OF_APOPTOTIC_SIGNALING_PATHWAY
GOBP_NEGATIVE_REGULATION_OF_ASTROCYTE_DIFFERENTIATION	16	11	6	5	GOBP_NEGATIVE_REGULATION_OF_ASTROCYTE_DIFFERENTIATION
GOBP_NEGATIVE_REGULATION_OF_ATP_DEPENDENT_ACTIVITY	14	9	5	4	GOBP_NEGATIVE_REGULATION_OF_ATP_DEPENDENT_ACTIVITY
GOBP_NEGATIVE_REGULATION_OF_AUTOPHAGOSOME_ASSEMBLY	13	4	2	2	GOBP_NEGATIVE_REGULATION_OF_AUTOPHAGOSOME_ASSEMBLY
GOBP_NEGATIVE_REGULATION_OF_AUTOPHAGY	100	37	19	18	GOBP_NEGATIVE_REGULATION_OF_AUTOPHAGY
GOBP_NEGATIVE_REGULATION_OF_AUTOPHAGY_OF_MITOCHONDRION	12	7	4	3	GOBP_NEGATIVE_REGULATION_OF_AUTOPHAGY_OF_MITOCHONDRION
GOBP_NEGATIVE_REGULATION_OF_AXONOGENESIS	54	32	16	16	GOBP_NEGATIVE_REGULATION_OF_AXONOGENESIS
GOBP_NEGATIVE_REGULATION_OF_AXON_EXTENSION	33	20	10	10	GOBP_NEGATIVE_REGULATION_OF_AXON_EXTENSION
GOBP_NEGATIVE_REGULATION_OF_AXON_EXTENSION_INVOLVED_IN_AXON_GUIDANCE	10	7	4	3	GOBP_NEGATIVE_REGULATION_OF_AXON_EXTENSION_INVOLVED_IN_AXON_GUIDANCE
GOBP_NEGATIVE_REGULATION_OF_BEHAVIOR	14	8	4	4	GOBP_NEGATIVE_REGULATION_OF_BEHAVIOR
GOBP_NEGATIVE_REGULATION_OF_BINDING	71	33	17	16	GOBP_NEGATIVE_REGULATION_OF_BINDING
GOBP_NEGATIVE_REGULATION_OF_BIOMINERAL_TISSUE_DEVELOPMENT	29	16	8	8	GOBP_NEGATIVE_REGULATION_OF_BIOMINERAL_TISSUE_DEVELOPMENT
GOBP_NEGATIVE_REGULATION_OF_BLOOD_CIRCULATION	26	13	7	6	GOBP_NEGATIVE_REGULATION_OF_BLOOD_CIRCULATION
GOBP_NEGATIVE_REGULATION_OF_BLOOD_PRESSURE	51	31	16	15	GOBP_NEGATIVE_REGULATION_OF_BLOOD_PRESSURE
GOBP_NEGATIVE_REGULATION_OF_BLOOD_VESSEL_ENDOTHELIAL_CELL_MIGRATION	83	27	14	13	GOBP_NEGATIVE_REGULATION_OF_BLOOD_VESSEL_ENDOTHELIAL_CELL_MIGRATION
GOBP_NEGATIVE_REGULATION_OF_BLOOD_VESSEL_ENDOTHELIAL_CELL_PROLIFERATION_INVOLVED_IN_SPROUTING_ANGIOGENESIS	26	7	4	3	GOBP_NEGATIVE_REGULATION_OF_BLOOD_VESSEL_ENDOTHELIAL_CELL_PROLIFERATION_INVOLVED_IN_SPROUTING_ANGIOGENESIS
GOBP_NEGATIVE_REGULATION_OF_BMP_SIGNALING_PATHWAY	75	36	18	18	GOBP_NEGATIVE_REGULATION_OF_BMP_SIGNALING_PATHWAY
GOBP_NEGATIVE_REGULATION_OF_BONE_MINERALIZATION	20	10	5	5	GOBP_NEGATIVE_REGULATION_OF_BONE_MINERALIZATION
GOBP_NEGATIVE_REGULATION_OF_BONE_REMODELING	17	13	7	6	GOBP_NEGATIVE_REGULATION_OF_BONE_REMODELING
GOBP_NEGATIVE_REGULATION_OF_B_CELL_ACTIVATION	34	21	11	10	GOBP_NEGATIVE_REGULATION_OF_B_CELL_ACTIVATION
GOBP_NEGATIVE_REGULATION_OF_B_CELL_APOPTOTIC_PROCESS	16	6	3	3	GOBP_NEGATIVE_REGULATION_OF_B_CELL_APOPTOTIC_PROCESS
GOBP_NEGATIVE_REGULATION_OF_B_CELL_DIFFERENTIATION	7	5	3	2	GOBP_NEGATIVE_REGULATION_OF_B_CELL_DIFFERENTIATION
GOBP_NEGATIVE_REGULATION_OF_B_CELL_MEDIATED_IMMUNITY	14	10	5	5	GOBP_NEGATIVE_REGULATION_OF_B_CELL_MEDIATED_IMMUNITY
GOBP_NEGATIVE_REGULATION_OF_B_CELL_PROLIFERATION	18	9	5	4	GOBP_NEGATIVE_REGULATION_OF_B_CELL_PROLIFERATION
GOBP_NEGATIVE_REGULATION_OF_B_CELL_RECEPTOR_SIGNALING_PATHWAY	10	5	3	2	GOBP_NEGATIVE_REGULATION_OF_B_CELL_RECEPTOR_SIGNALING_PATHWAY
GOBP_NEGATIVE_REGULATION_OF_CALCINEURIN_MEDIATED_SIGNALING	15	8	4	4	GOBP_NEGATIVE_REGULATION_OF_CALCINEURIN_MEDIATED_SIGNALING
GOBP_NEGATIVE_REGULATION_OF_CALCIUM_ION_IMPORT	17	5	3	2	GOBP_NEGATIVE_REGULATION_OF_CALCIUM_ION_IMPORT
GOBP_NEGATIVE_REGULATION_OF_CALCIUM_ION_TRANSMEMBRANE_TRANSPORT	42	18	9	9	GOBP_NEGATIVE_REGULATION_OF_CALCIUM_ION_TRANSMEMBRANE_TRANSPORT
GOBP_NEGATIVE_REGULATION_OF_CALCIUM_ION_TRANSMEMBRANE_TRANSPORTER_ACTIVITY	13	6	3	3	GOBP_NEGATIVE_REGULATION_OF_CALCIUM_ION_TRANSMEMBRANE_TRANSPORTER_ACTIVITY
GOBP_NEGATIVE_REGULATION_OF_CALCIUM_ION_TRANSPORT	59	28	14	14	GOBP_NEGATIVE_REGULATION_OF_CALCIUM_ION_TRANSPORT
GOBP_NEGATIVE_REGULATION_OF_CALCIUM_ION_TRANSPORT_INTO_CYTOSOL	5	3	2	1	GOBP_NEGATIVE_REGULATION_OF_CALCIUM_ION_TRANSPORT_INTO_CYTOSOL
GOBP_NEGATIVE_REGULATION_OF_CALCIUM_MEDIATED_SIGNALING	22	13	7	6	GOBP_NEGATIVE_REGULATION_OF_CALCIUM_MEDIATED_SIGNALING
GOBP_NEGATIVE_REGULATION_OF_CAMP_PKA_SIGNAL_TRANSDUCTION	8	4	2	2	GOBP_NEGATIVE_REGULATION_OF_CAMP_PKA_SIGNAL_TRANSDUCTION
GOBP_NEGATIVE_REGULATION_OF_CANONICAL_NF_KAPPAB_SIGNAL_TRANSDUCTION	92	32	16	16	GOBP_NEGATIVE_REGULATION_OF_CANONICAL_NF_KAPPAB_SIGNAL_TRANSDUCTION
GOBP_NEGATIVE_REGULATION_OF_CANONICAL_WNT_SIGNALING_PATHWAY	149	67	34	33	GOBP_NEGATIVE_REGULATION_OF_CANONICAL_WNT_SIGNALING_PATHWAY
GOBP_NEGATIVE_REGULATION_OF_CARBOHYDRATE_METABOLIC_PROCESS	61	27	14	13	GOBP_NEGATIVE_REGULATION_OF_CARBOHYDRATE_METABOLIC_PROCESS
GOBP_NEGATIVE_REGULATION_OF_CARDIAC_MUSCLE_ADAPTATION	10	3	2	1	GOBP_NEGATIVE_REGULATION_OF_CARDIAC_MUSCLE_ADAPTATION
GOBP_NEGATIVE_REGULATION_OF_CARDIAC_MUSCLE_CELL_DIFFERENTIATION	11	5	3	2	GOBP_NEGATIVE_REGULATION_OF_CARDIAC_MUSCLE_CELL_DIFFERENTIATION
GOBP_NEGATIVE_REGULATION_OF_CARDIAC_MUSCLE_CELL_PROLIFERATION	15	6	3	3	GOBP_NEGATIVE_REGULATION_OF_CARDIAC_MUSCLE_CELL_PROLIFERATION
GOBP_NEGATIVE_REGULATION_OF_CARDIAC_MUSCLE_CONTRACTION	6	3	2	1	GOBP_NEGATIVE_REGULATION_OF_CARDIAC_MUSCLE_CONTRACTION
GOBP_NEGATIVE_REGULATION_OF_CARDIAC_MUSCLE_TISSUE_GROWTH	28	14	7	7	GOBP_NEGATIVE_REGULATION_OF_CARDIAC_MUSCLE_TISSUE_GROWTH
GOBP_NEGATIVE_REGULATION_OF_CARDIOCYTE_DIFFERENTIATION	14	6	3	3	GOBP_NEGATIVE_REGULATION_OF_CARDIOCYTE_DIFFERENTIATION
GOBP_NEGATIVE_REGULATION_OF_CARTILAGE_DEVELOPMENT	33	21	11	10	GOBP_NEGATIVE_REGULATION_OF_CARTILAGE_DEVELOPMENT
GOBP_NEGATIVE_REGULATION_OF_CATABOLIC_PROCESS	376	155	78	77	GOBP_NEGATIVE_REGULATION_OF_CATABOLIC_PROCESS
GOBP_NEGATIVE_REGULATION_OF_CATALYTIC_ACTIVITY	177	76	38	38	GOBP_NEGATIVE_REGULATION_OF_CATALYTIC_ACTIVITY
GOBP_NEGATIVE_REGULATION_OF_CATECHOLAMINE_METABOLIC_PROCESS	5	3	2	1	GOBP_NEGATIVE_REGULATION_OF_AMINE_METABOLIC_PROCESS
GOBP_NEGATIVE_REGULATION_OF_CATECHOLAMINE_SECRETION	12	11	6	5	GOBP_NEGATIVE_REGULATION_OF_CATECHOLAMINE_SECRETION
GOBP_NEGATIVE_REGULATION_OF_CATION_CHANNEL_ACTIVITY	20	10	5	5	GOBP_NEGATIVE_REGULATION_OF_CATION_CHANNEL_ACTIVITY
GOBP_NEGATIVE_REGULATION_OF_CD4_POSITIVE_ALPHA_BETA_T_CELL_ACTIVATION	37	19	10	9	GOBP_NEGATIVE_REGULATION_OF_CD4_POSITIVE_ALPHA_BETA_T_CELL_ACTIVATION
GOBP_NEGATIVE_REGULATION_OF_CD4_POSITIVE_ALPHA_BETA_T_CELL_DIFFERENTIATION	25	15	8	7	GOBP_NEGATIVE_REGULATION_OF_CD4_POSITIVE_ALPHA_BETA_T_CELL_DIFFERENTIATION
GOBP_NEGATIVE_REGULATION_OF_CD4_POSITIVE_ALPHA_BETA_T_CELL_PROLIFERATION	12	4	2	2	GOBP_NEGATIVE_REGULATION_OF_CD4_POSITIVE_ALPHA_BETA_T_CELL_PROLIFERATION
GOBP_NEGATIVE_REGULATION_OF_CD8_POSITIVE_ALPHA_BETA_T_CELL_ACTIVATION	8	4	2	2	GOBP_NEGATIVE_REGULATION_OF_CD8_POSITIVE_ALPHA_BETA_T_CELL_ACTIVATION
GOBP_NEGATIVE_REGULATION_OF_CELLULAR_COMPONENT_ORGANIZATION	752	345	173	172	GOBP_NEGATIVE_REGULATION_OF_CELLULAR_COMPONENT_ORGANIZATION
GOBP_NEGATIVE_REGULATION_OF_CELLULAR_EXTRAVASATION	9	5	3	2	GOBP_NEGATIVE_REGULATION_OF_CELLULAR_EXTRAVASATION
GOBP_NEGATIVE_REGULATION_OF_CELLULAR_RESPIRATION	11	5	3	2	GOBP_NEGATIVE_REGULATION_OF_CELLULAR_RESPIRATION
GOBP_NEGATIVE_REGULATION_OF_CELLULAR_RESPONSE_TO_GROWTH_FACTOR_STIMULUS	142	64	32	32	GOBP_NEGATIVE_REGULATION_OF_CELLULAR_RESPONSE_TO_GROWTH_FACTOR_STIMULUS
GOBP_NEGATIVE_REGULATION_OF_CELLULAR_RESPONSE_TO_HYPOXIA	13	8	4	4	GOBP_NEGATIVE_REGULATION_OF_CELLULAR_RESPONSE_TO_HYPOXIA
GOBP_NEGATIVE_REGULATION_OF_CELLULAR_RESPONSE_TO_INSULIN_STIMULUS	52	16	8	8	GOBP_NEGATIVE_REGULATION_OF_CELLULAR_RESPONSE_TO_INSULIN_STIMULUS
GOBP_NEGATIVE_REGULATION_OF_CELLULAR_RESPONSE_TO_VASCULAR_ENDOTHELIAL_GROWTH_FACTOR_STIMULUS	20	9	5	4	GOBP_NEGATIVE_REGULATION_OF_CELLULAR_RESPONSE_TO_VASCULAR_ENDOTHELIAL_GROWTH_FACTOR_STIMULUS
GOBP_NEGATIVE_REGULATION_OF_CELLULAR_SENESCENCE	26	13	7	6	GOBP_NEGATIVE_REGULATION_OF_CELLULAR_SENESCENCE
GOBP_NEGATIVE_REGULATION_OF_CELL_ACTIVATION	229	131	66	65	GOBP_NEGATIVE_REGULATION_OF_CELL_ACTIVATION
GOBP_NEGATIVE_REGULATION_OF_CELL_ADHESION	318	183	92	91	GOBP_NEGATIVE_REGULATION_OF_CELL_ADHESION
GOBP_NEGATIVE_REGULATION_OF_CELL_ADHESION_MEDIATED_BY_INTEGRIN	12	6	3	3	GOBP_NEGATIVE_REGULATION_OF_CELL_ADHESION_MEDIATED_BY_INTEGRIN
GOBP_NEGATIVE_REGULATION_OF_CELL_ADHESION_MOLECULE_PRODUCTION	14	4	2	2	GOBP_NEGATIVE_REGULATION_OF_CELL_ADHESION_MOLECULE_PRODUCTION
GOBP_NEGATIVE_REGULATION_OF_CELL_CELL_ADHESION	215	122	61	61	GOBP_NEGATIVE_REGULATION_OF_CELL_CELL_ADHESION
GOBP_NEGATIVE_REGULATION_OF_CELL_CELL_ADHESION_MEDIATED_BY_CADHERIN	11	6	3	3	GOBP_NEGATIVE_REGULATION_OF_CELL_CELL_ADHESION_MEDIATED_BY_CADHERIN
GOBP_NEGATIVE_REGULATION_OF_CELL_CYCLE	398	175	88	87	GOBP_NEGATIVE_REGULATION_OF_CELL_CYCLE
GOBP_NEGATIVE_REGULATION_OF_CELL_CYCLE_CHECKPOINT	8	4	2	2	GOBP_NEGATIVE_REGULATION_OF_CELL_CYCLE_CHECKPOINT
GOBP_NEGATIVE_REGULATION_OF_CELL_CYCLE_G1_S_PHASE_TRANSITION	82	29	15	14	GOBP_NEGATIVE_REGULATION_OF_CELL_CYCLE_G1_S_PHASE_TRANSITION
GOBP_NEGATIVE_REGULATION_OF_CELL_CYCLE_G2_M_PHASE_TRANSITION	75	30	15	15	GOBP_NEGATIVE_REGULATION_OF_CELL_CYCLE_G2_M_PHASE_TRANSITION
GOBP_NEGATIVE_REGULATION_OF_CELL_CYCLE_PROCESS	317	137	69	68	GOBP_NEGATIVE_REGULATION_OF_CELL_CYCLE_PROCESS
GOBP_NEGATIVE_REGULATION_OF_CELL_DEVELOPMENT	286	164	82	82	GOBP_NEGATIVE_REGULATION_OF_CELL_DEVELOPMENT
GOBP_NEGATIVE_REGULATION_OF_CELL_DIFFERENTIATION	751	385	193	192	GOBP_NEGATIVE_REGULATION_OF_CELL_DIFFERENTIATION
GOBP_NEGATIVE_REGULATION_OF_CELL_DIVISION	16	8	4	4	GOBP_NEGATIVE_REGULATION_OF_CELL_DIVISION
GOBP_NEGATIVE_REGULATION_OF_CELL_FATE_COMMITMENT	15	11	6	5	GOBP_NEGATIVE_REGULATION_OF_CELL_FATE_COMMITMENT
GOBP_NEGATIVE_REGULATION_OF_CELL_GROWTH	175	90	45	45	GOBP_NEGATIVE_REGULATION_OF_CELL_GROWTH
GOBP_NEGATIVE_REGULATION_OF_CELL_GROWTH_INVOLVED_IN_CARDIAC_MUSCLE_CELL_DEVELOPMENT	14	8	4	4	GOBP_NEGATIVE_REGULATION_OF_CELL_GROWTH_INVOLVED_IN_CARDIAC_MUSCLE_CELL_DEVELOPMENT
GOBP_NEGATIVE_REGULATION_OF_CELL_JUNCTION_ASSEMBLY	34	17	9	8	GOBP_NEGATIVE_REGULATION_OF_CELL_JUNCTION_ASSEMBLY
GOBP_NEGATIVE_REGULATION_OF_CELL_KILLING	34	23	12	11	GOBP_NEGATIVE_REGULATION_OF_CELL_KILLING
GOBP_NEGATIVE_REGULATION_OF_CELL_MATRIX_ADHESION	40	19	10	9	GOBP_NEGATIVE_REGULATION_OF_CELL_MATRIX_ADHESION
GOBP_NEGATIVE_REGULATION_OF_CELL_MATURATION	8	5	3	2	GOBP_NEGATIVE_REGULATION_OF_CELL_MATURATION
GOBP_NEGATIVE_REGULATION_OF_CELL_MIGRATION_INVOLVED_IN_SPROUTING_ANGIOGENESIS	45	11	6	5	GOBP_NEGATIVE_REGULATION_OF_CELL_MIGRATION_INVOLVED_IN_SPROUTING_ANGIOGENESIS
GOBP_NEGATIVE_REGULATION_OF_CELL_POPULATION_PROLIFERATION	792	402	201	201	GOBP_NEGATIVE_REGULATION_OF_CELL_POPULATION_PROLIFERATION
GOBP_NEGATIVE_REGULATION_OF_CELL_PROJECTION_ORGANIZATION	190	98	49	49	GOBP_NEGATIVE_REGULATION_OF_CELL_PROJECTION_ORGANIZATION
GOBP_NEGATIVE_REGULATION_OF_CELL_PROLIFERATION_INVOLVED_IN_KIDNEY_DEVELOPMENT	6	4	2	2	GOBP_NEGATIVE_REGULATION_OF_CELL_PROLIFERATION_INVOLVED_IN_KIDNEY_DEVELOPMENT
GOBP_NEGATIVE_REGULATION_OF_CELL_SIZE	10	5	3	2	GOBP_NEGATIVE_REGULATION_OF_CELL_SIZE
GOBP_NEGATIVE_REGULATION_OF_CELL_SUBSTRATE_ADHESION	66	34	17	17	GOBP_NEGATIVE_REGULATION_OF_CELL_SUBSTRATE_ADHESION
GOBP_NEGATIVE_REGULATION_OF_CELL_SUBSTRATE_JUNCTION_ORGANIZATION	16	8	4	4	GOBP_NEGATIVE_REGULATION_OF_CELL_SUBSTRATE_JUNCTION_ORGANIZATION
GOBP_NEGATIVE_REGULATION_OF_CGAS_STING_SIGNALING_PATHWAY	16	5	3	2	GOBP_NEGATIVE_REGULATION_OF_CGAS_STING_SIGNALING_PATHWAY
GOBP_NEGATIVE_REGULATION_OF_CGMP_MEDIATED_SIGNALING	6	4	2	2	GOBP_NEGATIVE_REGULATION_OF_CGMP_MEDIATED_SIGNALING
GOBP_NEGATIVE_REGULATION_OF_CHEMOKINE_C_C_MOTIF_LIGAND_5_PRODUCTION	6	3	2	1	GOBP_NEGATIVE_REGULATION_OF_CHEMOKINE_C_C_MOTIF_LIGAND_5_PRODUCTION
GOBP_NEGATIVE_REGULATION_OF_CHEMOKINE_C_X_C_MOTIF_LIGAND_2_PRODUCTION	6	4	2	2	GOBP_NEGATIVE_REGULATION_OF_CHEMOKINE_C_X_C_MOTIF_LIGAND_2_PRODUCTION
GOBP_NEGATIVE_REGULATION_OF_CHEMOKINE_MEDIATED_SIGNALING_PATHWAY	9	6	3	3	GOBP_NEGATIVE_REGULATION_OF_CHEMOKINE_MEDIATED_SIGNALING_PATHWAY
GOBP_NEGATIVE_REGULATION_OF_CHEMOKINE_PRODUCTION	32	13	7	6	GOBP_NEGATIVE_REGULATION_OF_CHEMOKINE_PRODUCTION
GOBP_NEGATIVE_REGULATION_OF_CHEMOTAXIS	52	32	16	16	GOBP_NEGATIVE_REGULATION_OF_CHEMOTAXIS
GOBP_NEGATIVE_REGULATION_OF_CHOLESTEROL_BIOSYNTHETIC_PROCESS	11	4	2	2	GOBP_NEGATIVE_REGULATION_OF_CHOLESTEROL_BIOSYNTHETIC_PROCESS
GOBP_NEGATIVE_REGULATION_OF_CHOLESTEROL_EFFLUX	26	5	3	2	GOBP_NEGATIVE_REGULATION_OF_CHOLESTEROL_EFFLUX
GOBP_NEGATIVE_REGULATION_OF_CHOLESTEROL_METABOLIC_PROCESS	14	5	3	2	GOBP_NEGATIVE_REGULATION_OF_CHOLESTEROL_METABOLIC_PROCESS
GOBP_NEGATIVE_REGULATION_OF_CHOLESTEROL_STORAGE	11	5	3	2	GOBP_NEGATIVE_REGULATION_OF_CHOLESTEROL_STORAGE
GOBP_NEGATIVE_REGULATION_OF_CHONDROCYTE_DIFFERENTIATION	25	16	8	8	GOBP_NEGATIVE_REGULATION_OF_CHONDROCYTE_DIFFERENTIATION
GOBP_NEGATIVE_REGULATION_OF_CHROMATIN_ORGANIZATION	10	6	3	3	GOBP_NEGATIVE_REGULATION_OF_CHROMATIN_ORGANIZATION
GOBP_NEGATIVE_REGULATION_OF_CHROMOSOME_ORGANIZATION	97	44	22	22	GOBP_NEGATIVE_REGULATION_OF_CHROMOSOME_ORGANIZATION
GOBP_NEGATIVE_REGULATION_OF_CHROMOSOME_SEGREGATION	53	32	16	16	GOBP_NEGATIVE_REGULATION_OF_CHROMOSOME_SEGREGATION
GOBP_NEGATIVE_REGULATION_OF_CILIUM_ASSEMBLY	23	4	2	2	GOBP_NEGATIVE_REGULATION_OF_CILIUM_ASSEMBLY
GOBP_NEGATIVE_REGULATION_OF_CIRCADIAN_RHYTHM	12	6	3	3	GOBP_NEGATIVE_REGULATION_OF_CIRCADIAN_RHYTHM
GOBP_NEGATIVE_REGULATION_OF_COAGULATION	54	36	18	18	GOBP_NEGATIVE_REGULATION_OF_COAGULATION
GOBP_NEGATIVE_REGULATION_OF_COLD_INDUCED_THERMOGENESIS	48	18	9	9	GOBP_NEGATIVE_REGULATION_OF_COLD_INDUCED_THERMOGENESIS
GOBP_NEGATIVE_REGULATION_OF_COLLAGEN_METABOLIC_PROCESS	17	11	6	5	GOBP_NEGATIVE_REGULATION_OF_COLLAGEN_METABOLIC_PROCESS
GOBP_NEGATIVE_REGULATION_OF_COLLATERAL_SPROUTING	12	6	3	3	GOBP_NEGATIVE_REGULATION_OF_COLLATERAL_SPROUTING
GOBP_NEGATIVE_REGULATION_OF_COMPLEMENT_ACTIVATION	13	11	6	5	GOBP_NEGATIVE_REGULATION_OF_COMPLEMENT_ACTIVATION
GOBP_NEGATIVE_REGULATION_OF_CYCLIN_DEPENDENT_PROTEIN_KINASE_ACTIVITY	11	4	2	2	GOBP_NEGATIVE_REGULATION_OF_CYCLIN_DEPENDENT_PROTEIN_KINASE_ACTIVITY
GOBP_NEGATIVE_REGULATION_OF_CYTOKINESIS	7	4	2	2	GOBP_NEGATIVE_REGULATION_OF_CYTOKINESIS
GOBP_NEGATIVE_REGULATION_OF_CYTOKINE_PRODUCTION	400	168	84	84	GOBP_NEGATIVE_REGULATION_OF_CYTOKINE_PRODUCTION
GOBP_NEGATIVE_REGULATION_OF_CYTOKINE_PRODUCTION_INVOLVED_IN_IMMUNE_RESPONSE	35	21	11	10	GOBP_NEGATIVE_REGULATION_OF_CYTOKINE_PRODUCTION_INVOLVED_IN_IMMUNE_RESPONSE
GOBP_NEGATIVE_REGULATION_OF_CYTOKINE_PRODUCTION_INVOLVED_IN_INFLAMMATORY_RESPONSE	51	19	10	9	GOBP_NEGATIVE_REGULATION_OF_CYTOKINE_PRODUCTION_INVOLVED_IN_INFLAMMATORY_RESPONSE
GOBP_NEGATIVE_REGULATION_OF_CYTOPLASMIC_PATTERN_RECOGNITION_RECEPTOR_SIGNALING_PATHWAY	65	27	14	13	GOBP_NEGATIVE_REGULATION_OF_CYTOPLASMIC_PATTERN_RECOGNITION_RECEPTOR_SIGNALING_PATHWAY
GOBP_NEGATIVE_REGULATION_OF_CYTOPLASMIC_TRANSLATION	10	3	2	1	GOBP_NEGATIVE_REGULATION_OF_CYTOPLASMIC_TRANSLATION
GOBP_NEGATIVE_REGULATION_OF_CYTOSKELETON_ORGANIZATION	167	73	37	36	GOBP_NEGATIVE_REGULATION_OF_CYTOSKELETON_ORGANIZATION
GOBP_NEGATIVE_REGULATION_OF_CYTOSOLIC_CALCIUM_ION_CONCENTRATION	16	12	6	6	GOBP_NEGATIVE_REGULATION_OF_CYTOSOLIC_CALCIUM_ION_CONCENTRATION
GOBP_NEGATIVE_REGULATION_OF_DEFENSE_RESPONSE	306	142	71	71	GOBP_NEGATIVE_REGULATION_OF_DEFENSE_RESPONSE
GOBP_NEGATIVE_REGULATION_OF_DEFENSE_RESPONSE_TO_BACTERIUM	5	3	2	1	GOBP_NEGATIVE_REGULATION_OF_DEFENSE_RESPONSE_TO_BACTERIUM
GOBP_NEGATIVE_REGULATION_OF_DEFENSE_RESPONSE_TO_VIRUS	18	4	2	2	GOBP_NEGATIVE_REGULATION_OF_DEFENSE_RESPONSE_TO_VIRUS
GOBP_NEGATIVE_REGULATION_OF_DELAYED_RECTIFIER_POTASSIUM_CHANNEL_ACTIVITY	7	4	2	2	GOBP_NEGATIVE_REGULATION_OF_DELAYED_RECTIFIER_POTASSIUM_CHANNEL_ACTIVITY
GOBP_NEGATIVE_REGULATION_OF_DENDRITE_DEVELOPMENT	8	6	3	3	GOBP_NEGATIVE_REGULATION_OF_DENDRITE_DEVELOPMENT
GOBP_NEGATIVE_REGULATION_OF_DENDRITE_MORPHOGENESIS	9	5	3	2	GOBP_NEGATIVE_REGULATION_OF_DENDRITE_MORPHOGENESIS
GOBP_NEGATIVE_REGULATION_OF_DENDRITIC_CELL_APOPTOTIC_PROCESS	9	7	4	3	GOBP_NEGATIVE_REGULATION_OF_DENDRITIC_CELL_APOPTOTIC_PROCESS
GOBP_NEGATIVE_REGULATION_OF_DENDRITIC_CELL_DIFFERENTIATION	7	7	4	3	GOBP_NEGATIVE_REGULATION_OF_DENDRITIC_CELL_DIFFERENTIATION
GOBP_NEGATIVE_REGULATION_OF_DENDRITIC_SPINE_DEVELOPMENT	10	6	3	3	GOBP_NEGATIVE_REGULATION_OF_DENDRITIC_SPINE_DEVELOPMENT
GOBP_NEGATIVE_REGULATION_OF_DENDRITIC_SPINE_MAINTENANCE	6	3	2	1	GOBP_NEGATIVE_REGULATION_OF_DENDRITIC_SPINE_MAINTENANCE
GOBP_NEGATIVE_REGULATION_OF_DEVELOPMENTAL_GROWTH	102	51	26	25	GOBP_NEGATIVE_REGULATION_OF_DEVELOPMENTAL_GROWTH
GOBP_NEGATIVE_REGULATION_OF_DEVELOPMENTAL_PROCESS	1046	528	264	264	GOBP_NEGATIVE_REGULATION_OF_DEVELOPMENTAL_PROCESS
GOBP_NEGATIVE_REGULATION_OF_DIGESTIVE_SYSTEM_PROCESS	16	10	5	5	GOBP_NEGATIVE_REGULATION_OF_DIGESTIVE_SYSTEM_PROCESS
GOBP_NEGATIVE_REGULATION_OF_DNA_BINDING	22	13	7	6	GOBP_NEGATIVE_REGULATION_OF_DNA_BINDING
GOBP_NEGATIVE_REGULATION_OF_DNA_BINDING_TRANSCRIPTION_FACTOR_ACTIVITY	76	37	19	18	GOBP_NEGATIVE_REGULATION_OF_DNA_BINDING_TRANSCRIPTION_FACTOR_ACTIVITY
GOBP_NEGATIVE_REGULATION_OF_DNA_BIOSYNTHETIC_PROCESS	31	12	6	6	GOBP_NEGATIVE_REGULATION_OF_DNA_BIOSYNTHETIC_PROCESS
GOBP_NEGATIVE_REGULATION_OF_DNA_DAMAGE_RESPONSE_SIGNAL_TRANSDUCTION_BY_P53_CLASS_MEDIATOR	15	7	4	3	GOBP_NEGATIVE_REGULATION_OF_DNA_DAMAGE_RESPONSE_SIGNAL_TRANSDUCTION_BY_P53_CLASS_MEDIATOR
GOBP_NEGATIVE_REGULATION_OF_DNA_METABOLIC_PROCESS	136	50	25	25	GOBP_NEGATIVE_REGULATION_OF_DNA_METABOLIC_PROCESS
GOBP_NEGATIVE_REGULATION_OF_DNA_RECOMBINATION	51	18	9	9	GOBP_NEGATIVE_REGULATION_OF_DNA_RECOMBINATION
GOBP_NEGATIVE_REGULATION_OF_DNA_REPAIR	41	13	7	6	GOBP_NEGATIVE_REGULATION_OF_DNA_REPAIR
GOBP_NEGATIVE_REGULATION_OF_DNA_REPLICATION	24	15	8	7	GOBP_NEGATIVE_REGULATION_OF_DNA_REPLICATION
GOBP_NEGATIVE_REGULATION_OF_DNA_TEMPLATED_DNA_REPLICATION	10	6	3	3	GOBP_NEGATIVE_REGULATION_OF_DNA_TEMPLATED_DNA_REPLICATION
GOBP_NEGATIVE_REGULATION_OF_DNA_TEMPLATED_TRANSCRIPTION_ELONGATION	25	7	4	3	GOBP_NEGATIVE_REGULATION_OF_DNA_TEMPLATED_TRANSCRIPTION_ELONGATION
GOBP_NEGATIVE_REGULATION_OF_DNA_TEMPLATED_TRANSCRIPTION_INITIATION	7	3	2	1	GOBP_NEGATIVE_REGULATION_OF_DNA_TEMPLATED_TRANSCRIPTION_INITIATION
GOBP_NEGATIVE_REGULATION_OF_DOUBLE_STRAND_BREAK_REPAIR_VIA_HOMOLOGOUS_RECOMBINATION	26	9	5	4	GOBP_NEGATIVE_REGULATION_OF_DOUBLE_STRAND_BREAK_REPAIR_VIA_HOMOLOGOUS_RECOMBINATION
GOBP_NEGATIVE_REGULATION_OF_DOUBLE_STRAND_BREAK_REPAIR_VIA_NONHOMOLOGOUS_END_JOINING	8	3	2	1	GOBP_NEGATIVE_REGULATION_OF_DOUBLE_STRAND_BREAK_REPAIR_VIA_NONHOMOLOGOUS_END_JOINING
GOBP_NEGATIVE_REGULATION_OF_D_GLUCOSE_IMPORT	16	4	2	2	GOBP_NEGATIVE_REGULATION_OF_D_GLUCOSE_IMPORT
GOBP_NEGATIVE_REGULATION_OF_D_GLUCOSE_TRANSMEMBRANE_TRANSPORT	22	7	4	3	GOBP_NEGATIVE_REGULATION_OF_D_GLUCOSE_TRANSMEMBRANE_TRANSPORT
GOBP_NEGATIVE_REGULATION_OF_ENDOCYTOSIS	74	32	16	16	GOBP_NEGATIVE_REGULATION_OF_ENDOCYTOSIS
GOBP_NEGATIVE_REGULATION_OF_ENDOPEPTIDASE_ACTIVITY	13	9	5	4	GOBP_NEGATIVE_REGULATION_OF_ENDOPEPTIDASE_ACTIVITY
GOBP_NEGATIVE_REGULATION_OF_ENDOPLASMIC_RETICULUM_STRESS_INDUCED_INTRINSIC_APOPTOTIC_SIGNALING_PATHWAY	21	8	4	4	GOBP_NEGATIVE_REGULATION_OF_ENDOPLASMIC_RETICULUM_STRESS_INDUCED_INTRINSIC_APOPTOTIC_SIGNALING_PATHWAY
GOBP_NEGATIVE_REGULATION_OF_ENDOPLASMIC_RETICULUM_UNFOLDED_PROTEIN_RESPONSE	22	9	5	4	GOBP_NEGATIVE_REGULATION_OF_ENDOPLASMIC_RETICULUM_UNFOLDED_PROTEIN_RESPONSE
GOBP_NEGATIVE_REGULATION_OF_ENDOTHELIAL_CELL_APOPTOTIC_PROCESS	39	21	11	10	GOBP_NEGATIVE_REGULATION_OF_ENDOTHELIAL_CELL_APOPTOTIC_PROCESS
GOBP_NEGATIVE_REGULATION_OF_ENDOTHELIAL_CELL_DIFFERENTIATION	11	6	3	3	GOBP_NEGATIVE_REGULATION_OF_ENDOTHELIAL_CELL_DIFFERENTIATION
GOBP_NEGATIVE_REGULATION_OF_ENDOTHELIAL_CELL_MIGRATION	102	37	19	18	GOBP_NEGATIVE_REGULATION_OF_ENDOTHELIAL_CELL_MIGRATION
GOBP_NEGATIVE_REGULATION_OF_ENDOTHELIAL_CELL_PROLIFERATION	79	32	16	16	GOBP_NEGATIVE_REGULATION_OF_ENDOTHELIAL_CELL_PROLIFERATION
GOBP_NEGATIVE_REGULATION_OF_EPIDERMIS_DEVELOPMENT	14	8	4	4	GOBP_NEGATIVE_REGULATION_OF_EPIDERMIS_DEVELOPMENT
GOBP_NEGATIVE_REGULATION_OF_EPINEPHRINE_SECRETION	5	4	2	2	GOBP_NEGATIVE_REGULATION_OF_EPINEPHRINE_SECRETION
GOBP_NEGATIVE_REGULATION_OF_EPITHELIAL_CELL_APOPTOTIC_PROCESS	28	12	6	6	GOBP_NEGATIVE_REGULATION_OF_EPITHELIAL_CELL_APOPTOTIC_PROCESS
GOBP_NEGATIVE_REGULATION_OF_EPITHELIAL_CELL_DIFFERENTIATION	55	31	16	15	GOBP_NEGATIVE_REGULATION_OF_EPITHELIAL_CELL_DIFFERENTIATION
GOBP_NEGATIVE_REGULATION_OF_EPITHELIAL_CELL_MIGRATION	19	8	4	4	GOBP_NEGATIVE_REGULATION_OF_EPITHELIAL_CELL_MIGRATION
GOBP_NEGATIVE_REGULATION_OF_EPITHELIAL_CELL_PROLIFERATION	177	87	44	43	GOBP_NEGATIVE_REGULATION_OF_EPITHELIAL_CELL_PROLIFERATION
GOBP_NEGATIVE_REGULATION_OF_EPITHELIAL_CELL_PROLIFERATION_INVOLVED_IN_PROSTATE_GLAND_DEVELOPMENT	6	3	2	1	GOBP_NEGATIVE_REGULATION_OF_EPITHELIAL_CELL_PROLIFERATION_INVOLVED_IN_PROSTATE_GLAND_DEVELOPMENT
GOBP_NEGATIVE_REGULATION_OF_EPITHELIAL_TO_MESENCHYMAL_TRANSITION	57	26	13	13	GOBP_NEGATIVE_REGULATION_OF_EPITHELIAL_TO_MESENCHYMAL_TRANSITION
GOBP_NEGATIVE_REGULATION_OF_ERBB_SIGNALING_PATHWAY	33	10	5	5	GOBP_NEGATIVE_REGULATION_OF_ERBB_SIGNALING_PATHWAY
GOBP_NEGATIVE_REGULATION_OF_ERK1_AND_ERK2_CASCADE	84	39	20	19	GOBP_NEGATIVE_REGULATION_OF_ERK1_AND_ERK2_CASCADE
GOBP_NEGATIVE_REGULATION_OF_ERYTHROCYTE_DIFFERENTIATION	10	5	3	2	GOBP_NEGATIVE_REGULATION_OF_ERYTHROCYTE_DIFFERENTIATION
GOBP_NEGATIVE_REGULATION_OF_ESTABLISHMENT_OF_PROTEIN_LOCALIZATION	144	72	36	36	GOBP_NEGATIVE_REGULATION_OF_ESTABLISHMENT_OF_PROTEIN_LOCALIZATION
GOBP_NEGATIVE_REGULATION_OF_ESTABLISHMENT_OF_PROTEIN_LOCALIZATION_TO_MITOCHONDRION	8	6	3	3	GOBP_NEGATIVE_REGULATION_OF_ESTABLISHMENT_OF_PROTEIN_LOCALIZATION_TO_MITOCHONDRION
GOBP_NEGATIVE_REGULATION_OF_EXCITATORY_POSTSYNAPTIC_POTENTIAL	12	5	3	2	GOBP_NEGATIVE_REGULATION_OF_EXCITATORY_POSTSYNAPTIC_POTENTIAL
GOBP_NEGATIVE_REGULATION_OF_EXECUTION_PHASE_OF_APOPTOSIS	9	4	2	2	GOBP_NEGATIVE_REGULATION_OF_EXECUTION_PHASE_OF_APOPTOSIS
GOBP_NEGATIVE_REGULATION_OF_EXOCYTOSIS	38	17	9	8	GOBP_NEGATIVE_REGULATION_OF_EXOCYTOSIS
GOBP_NEGATIVE_REGULATION_OF_EXTRACELLULAR_MATRIX_ASSEMBLY	12	3	2	1	GOBP_NEGATIVE_REGULATION_OF_EXTRACELLULAR_MATRIX_ASSEMBLY
GOBP_NEGATIVE_REGULATION_OF_EXTRACELLULAR_MATRIX_DISASSEMBLY	11	5	3	2	GOBP_NEGATIVE_REGULATION_OF_EXTRACELLULAR_MATRIX_DISASSEMBLY
GOBP_NEGATIVE_REGULATION_OF_EXTRACELLULAR_MATRIX_ORGANIZATION	27	11	6	5	GOBP_NEGATIVE_REGULATION_OF_EXTRACELLULAR_MATRIX_ORGANIZATION
GOBP_NEGATIVE_REGULATION_OF_EXTRINSIC_APOPTOTIC_SIGNALING_PATHWAY	103	51	26	25	GOBP_NEGATIVE_REGULATION_OF_EXTRINSIC_APOPTOTIC_SIGNALING_PATHWAY
GOBP_NEGATIVE_REGULATION_OF_EXTRINSIC_APOPTOTIC_SIGNALING_PATHWAY_VIA_DEATH_DOMAIN_RECEPTORS	32	14	7	7	GOBP_NEGATIVE_REGULATION_OF_EXTRINSIC_APOPTOTIC_SIGNALING_PATHWAY_VIA_DEATH_DOMAIN_RECEPTORS
GOBP_NEGATIVE_REGULATION_OF_FATTY_ACID_BIOSYNTHETIC_PROCESS	27	11	6	5	GOBP_NEGATIVE_REGULATION_OF_FATTY_ACID_BIOSYNTHETIC_PROCESS
GOBP_NEGATIVE_REGULATION_OF_FATTY_ACID_METABOLIC_PROCESS	50	25	13	12	GOBP_NEGATIVE_REGULATION_OF_FATTY_ACID_METABOLIC_PROCESS
GOBP_NEGATIVE_REGULATION_OF_FATTY_ACID_OXIDATION	14	8	4	4	GOBP_NEGATIVE_REGULATION_OF_FATTY_ACID_OXIDATION
GOBP_NEGATIVE_REGULATION_OF_FATTY_ACID_TRANSPORT	8	4	2	2	GOBP_NEGATIVE_REGULATION_OF_FATTY_ACID_TRANSPORT
GOBP_NEGATIVE_REGULATION_OF_FAT_CELL_DIFFERENTIATION	62	30	15	15	GOBP_NEGATIVE_REGULATION_OF_FAT_CELL_DIFFERENTIATION
GOBP_NEGATIVE_REGULATION_OF_FAT_CELL_PROLIFERATION	5	3	2	1	GOBP_NEGATIVE_REGULATION_OF_FAT_CELL_PROLIFERATION
GOBP_NEGATIVE_REGULATION_OF_FEEDING_BEHAVIOR	8	5	3	2	GOBP_NEGATIVE_REGULATION_OF_FEEDING_BEHAVIOR
GOBP_NEGATIVE_REGULATION_OF_FERROPTOSIS	13	8	4	4	GOBP_NEGATIVE_REGULATION_OF_FERROPTOSIS
GOBP_NEGATIVE_REGULATION_OF_FERTILIZATION	8	6	3	3	GOBP_NEGATIVE_REGULATION_OF_FERTILIZATION
GOBP_NEGATIVE_REGULATION_OF_FIBRINOLYSIS	12	7	4	3	GOBP_NEGATIVE_REGULATION_OF_FIBRINOLYSIS
GOBP_NEGATIVE_REGULATION_OF_FIBROBLAST_APOPTOTIC_PROCESS	8	4	2	2	GOBP_NEGATIVE_REGULATION_OF_FIBROBLAST_APOPTOTIC_PROCESS
GOBP_NEGATIVE_REGULATION_OF_FIBROBLAST_GROWTH_FACTOR_PRODUCTION	6	3	2	1	GOBP_NEGATIVE_REGULATION_OF_FIBROBLAST_GROWTH_FACTOR_PRODUCTION
GOBP_NEGATIVE_REGULATION_OF_FIBROBLAST_GROWTH_FACTOR_RECEPTOR_SIGNALING_PATHWAY	25	13	7	6	GOBP_NEGATIVE_REGULATION_OF_FIBROBLAST_GROWTH_FACTOR_RECEPTOR_SIGNALING_PATHWAY
GOBP_NEGATIVE_REGULATION_OF_FIBROBLAST_MIGRATION	13	5	3	2	GOBP_NEGATIVE_REGULATION_OF_FIBROBLAST_MIGRATION
GOBP_NEGATIVE_REGULATION_OF_FIBROBLAST_PROLIFERATION	35	16	8	8	GOBP_NEGATIVE_REGULATION_OF_FIBROBLAST_PROLIFERATION
GOBP_NEGATIVE_REGULATION_OF_G0_TO_G1_TRANSITION	9	5	3	2	GOBP_NEGATIVE_REGULATION_OF_G0_TO_G1_TRANSITION
GOBP_NEGATIVE_REGULATION_OF_GENE_EXPRESSION	1721	510	255	255	GOBP_NEGATIVE_REGULATION_OF_GENE_EXPRESSION
GOBP_NEGATIVE_REGULATION_OF_GENE_EXPRESSION_EPIGENETIC	209	70	35	35	GOBP_NEGATIVE_REGULATION_OF_GENE_EXPRESSION_EPIGENETIC
GOBP_NEGATIVE_REGULATION_OF_GENE_EXPRESSION_VIA_CHROMOSOMAL_CPG_ISLAND_METHYLATION	16	7	4	3	GOBP_NEGATIVE_REGULATION_OF_GENE_EXPRESSION_VIA_CHROMOSOMAL_CPG_ISLAND_METHYLATION
GOBP_NEGATIVE_REGULATION_OF_GLIAL_CELL_APOPTOTIC_PROCESS	10	7	4	3	GOBP_NEGATIVE_REGULATION_OF_GLIAL_CELL_APOPTOTIC_PROCESS
GOBP_NEGATIVE_REGULATION_OF_GLIAL_CELL_DIFFERENTIATION	29	16	8	8	GOBP_NEGATIVE_REGULATION_OF_GLIAL_CELL_DIFFERENTIATION
GOBP_NEGATIVE_REGULATION_OF_GLIAL_CELL_MIGRATION	7	3	2	1	GOBP_NEGATIVE_REGULATION_OF_GLIAL_CELL_MIGRATION
GOBP_NEGATIVE_REGULATION_OF_GLIAL_CELL_PROLIFERATION	17	8	4	4	GOBP_NEGATIVE_REGULATION_OF_GLIAL_CELL_PROLIFERATION
GOBP_NEGATIVE_REGULATION_OF_GLIOGENESIS	46	25	13	12	GOBP_NEGATIVE_REGULATION_OF_GLIOGENESIS
GOBP_NEGATIVE_REGULATION_OF_GLOMERULAR_FILTRATION	5	3	2	1	GOBP_NEGATIVE_REGULATION_OF_GLOMERULAR_FILTRATION
GOBP_NEGATIVE_REGULATION_OF_GLUCOCORTICOID_METABOLIC_PROCESS	5	4	2	2	GOBP_NEGATIVE_REGULATION_OF_GLUCOCORTICOID_METABOLIC_PROCESS
GOBP_NEGATIVE_REGULATION_OF_GLUCONEOGENESIS	20	10	5	5	GOBP_NEGATIVE_REGULATION_OF_GLUCONEOGENESIS
GOBP_NEGATIVE_REGULATION_OF_GLUTAMATE_SECRETION	5	3	2	1	GOBP_NEGATIVE_REGULATION_OF_GLUTAMATE_SECRETION
GOBP_NEGATIVE_REGULATION_OF_GLYCOGEN_BIOSYNTHETIC_PROCESS	11	3	2	1	GOBP_NEGATIVE_REGULATION_OF_GLYCOGEN_BIOSYNTHETIC_PROCESS
GOBP_NEGATIVE_REGULATION_OF_GLYCOGEN_METABOLIC_PROCESS	13	4	2	2	GOBP_NEGATIVE_REGULATION_OF_GLYCOGEN_METABOLIC_PROCESS
GOBP_NEGATIVE_REGULATION_OF_GLYCOPROTEIN_METABOLIC_PROCESS	27	10	5	5	GOBP_NEGATIVE_REGULATION_OF_GLYCOPROTEIN_METABOLIC_PROCESS
GOBP_NEGATIVE_REGULATION_OF_GONADOTROPIN_SECRETION	8	5	3	2	GOBP_NEGATIVE_REGULATION_OF_GONADOTROPIN_SECRETION
GOBP_NEGATIVE_REGULATION_OF_GRANULOCYTE_CHEMOTAXIS	5	4	2	2	GOBP_NEGATIVE_REGULATION_OF_GRANULOCYTE_CHEMOTAXIS
GOBP_NEGATIVE_REGULATION_OF_GRANULOCYTE_DIFFERENTIATION	10	7	4	3	GOBP_NEGATIVE_REGULATION_OF_GRANULOCYTE_DIFFERENTIATION
GOBP_NEGATIVE_REGULATION_OF_GROWTH	231	116	58	58	GOBP_NEGATIVE_REGULATION_OF_GROWTH
GOBP_NEGATIVE_REGULATION_OF_GTPASE_ACTIVITY	17	6	3	3	GOBP_NEGATIVE_REGULATION_OF_GTPASE_ACTIVITY
GOBP_NEGATIVE_REGULATION_OF_GUANYL_NUCLEOTIDE_EXCHANGE_FACTOR_ACTIVITY	5	4	2	2	GOBP_NEGATIVE_REGULATION_OF_GUANYL_NUCLEOTIDE_EXCHANGE_FACTOR_ACTIVITY
GOBP_NEGATIVE_REGULATION_OF_G_PROTEIN_COUPLED_RECEPTOR_SIGNALING_PATHWAY	66	32	16	16	GOBP_NEGATIVE_REGULATION_OF_G_PROTEIN_COUPLED_RECEPTOR_SIGNALING_PATHWAY
GOBP_NEGATIVE_REGULATION_OF_HAIR_FOLLICLE_DEVELOPMENT	5	5	3	2	GOBP_NEGATIVE_REGULATION_OF_HAIR_FOLLICLE_DEVELOPMENT
GOBP_NEGATIVE_REGULATION_OF_HEART_RATE	13	8	4	4	GOBP_NEGATIVE_REGULATION_OF_HEART_RATE
GOBP_NEGATIVE_REGULATION_OF_HEMATOPOIETIC_PROGENITOR_CELL_DIFFERENTIATION	14	6	3	3	GOBP_NEGATIVE_REGULATION_OF_HEMATOPOIETIC_PROGENITOR_CELL_DIFFERENTIATION
GOBP_NEGATIVE_REGULATION_OF_HEMATOPOIETIC_STEM_CELL_DIFFERENTIATION	5	3	2	1	GOBP_NEGATIVE_REGULATION_OF_HEMATOPOIETIC_STEM_CELL_DIFFERENTIATION
GOBP_NEGATIVE_REGULATION_OF_HEMATOPOIETIC_STEM_CELL_PROLIFERATION	5	3	2	1	GOBP_NEGATIVE_REGULATION_OF_HEMATOPOIETIC_STEM_CELL_PROLIFERATION
GOBP_NEGATIVE_REGULATION_OF_HEMOPOIESIS	128	73	37	36	GOBP_NEGATIVE_REGULATION_OF_HEMOPOIESIS
GOBP_NEGATIVE_REGULATION_OF_HETEROCHROMATIN_FORMATION	6	4	2	2	GOBP_NEGATIVE_REGULATION_OF_HETEROCHROMATIN_FORMATION
GOBP_NEGATIVE_REGULATION_OF_HIPPO_SIGNALING	24	7	4	3	GOBP_NEGATIVE_REGULATION_OF_HIPPO_SIGNALING
GOBP_NEGATIVE_REGULATION_OF_HOMOTYPIC_CELL_CELL_ADHESION	14	10	5	5	GOBP_NEGATIVE_REGULATION_OF_HOMOTYPIC_CELL_CELL_ADHESION
GOBP_NEGATIVE_REGULATION_OF_HORMONE_BIOSYNTHETIC_PROCESS	7	5	3	2	GOBP_NEGATIVE_REGULATION_OF_HORMONE_BIOSYNTHETIC_PROCESS
GOBP_NEGATIVE_REGULATION_OF_HORMONE_METABOLIC_PROCESS	9	7	4	3	GOBP_NEGATIVE_REGULATION_OF_HORMONE_METABOLIC_PROCESS
GOBP_NEGATIVE_REGULATION_OF_HORMONE_SECRETION	70	48	24	24	GOBP_NEGATIVE_REGULATION_OF_HORMONE_SECRETION
GOBP_NEGATIVE_REGULATION_OF_HUMORAL_IMMUNE_RESPONSE	17	14	7	7	GOBP_NEGATIVE_REGULATION_OF_HUMORAL_IMMUNE_RESPONSE
GOBP_NEGATIVE_REGULATION_OF_HUMORAL_IMMUNE_RESPONSE_MEDIATED_BY_CIRCULATING_IMMUNOGLOBULIN	10	8	4	4	GOBP_NEGATIVE_REGULATION_OF_HUMORAL_IMMUNE_RESPONSE_MEDIATED_BY_CIRCULATING_IMMUNOGLOBULIN
GOBP_NEGATIVE_REGULATION_OF_HYDROGEN_PEROXIDE_MEDIATED_PROGRAMMED_CELL_DEATH	13	6	3	3	GOBP_NEGATIVE_REGULATION_OF_HYDROGEN_PEROXIDE_MEDIATED_PROGRAMMED_CELL_DEATH
GOBP_NEGATIVE_REGULATION_OF_HYDROLASE_ACTIVITY	48	22	11	11	GOBP_NEGATIVE_REGULATION_OF_HYDROLASE_ACTIVITY
GOBP_NEGATIVE_REGULATION_OF_HYPOXIA_INDUCED_INTRINSIC_APOPTOTIC_SIGNALING_PATHWAY	7	4	2	2	GOBP_NEGATIVE_REGULATION_OF_HYPOXIA_INDUCED_INTRINSIC_APOPTOTIC_SIGNALING_PATHWAY
GOBP_NEGATIVE_REGULATION_OF_IMMUNE_EFFECTOR_PROCESS	135	86	43	43	GOBP_NEGATIVE_REGULATION_OF_IMMUNE_EFFECTOR_PROCESS
GOBP_NEGATIVE_REGULATION_OF_IMMUNE_RESPONSE	215	109	55	54	GOBP_NEGATIVE_REGULATION_OF_IMMUNE_RESPONSE
GOBP_NEGATIVE_REGULATION_OF_IMMUNE_SYSTEM_PROCESS	577	297	149	148	GOBP_NEGATIVE_REGULATION_OF_IMMUNE_SYSTEM_PROCESS
GOBP_NEGATIVE_REGULATION_OF_IMMUNOGLOBULIN_PRODUCTION	12	9	5	4	GOBP_NEGATIVE_REGULATION_OF_IMMUNOGLOBULIN_PRODUCTION
GOBP_NEGATIVE_REGULATION_OF_INCLUSION_BODY_ASSEMBLY	13	8	4	4	GOBP_NEGATIVE_REGULATION_OF_INCLUSION_BODY_ASSEMBLY
GOBP_NEGATIVE_REGULATION_OF_INFLAMMASOME_MEDIATED_SIGNALING_PATHWAY	23	8	4	4	GOBP_NEGATIVE_REGULATION_OF_INFLAMMASOME_MEDIATED_SIGNALING_PATHWAY
GOBP_NEGATIVE_REGULATION_OF_INFLAMMATORY_RESPONSE	208	95	48	47	GOBP_NEGATIVE_REGULATION_OF_INFLAMMATORY_RESPONSE
GOBP_NEGATIVE_REGULATION_OF_INFLAMMATORY_RESPONSE_TO_ANTIGENIC_STIMULUS	34	11	6	5	GOBP_NEGATIVE_REGULATION_OF_INFLAMMATORY_RESPONSE_TO_ANTIGENIC_STIMULUS
GOBP_NEGATIVE_REGULATION_OF_INFLAMMATORY_RESPONSE_TO_WOUNDING	10	6	3	3	GOBP_NEGATIVE_REGULATION_OF_INFLAMMATORY_RESPONSE_TO_WOUNDING
GOBP_NEGATIVE_REGULATION_OF_INNATE_IMMUNE_RESPONSE	98	48	24	24	GOBP_NEGATIVE_REGULATION_OF_INNATE_IMMUNE_RESPONSE
GOBP_NEGATIVE_REGULATION_OF_INSULIN_LIKE_GROWTH_FACTOR_RECEPTOR_SIGNALING_PATHWAY	10	6	3	3	GOBP_NEGATIVE_REGULATION_OF_INSULIN_LIKE_GROWTH_FACTOR_RECEPTOR_SIGNALING_PATHWAY
GOBP_NEGATIVE_REGULATION_OF_INSULIN_SECRETION_INVOLVED_IN_CELLULAR_RESPONSE_TO_GLUCOSE_STIMULUS	9	6	3	3	GOBP_NEGATIVE_REGULATION_OF_INSULIN_SECRETION_INVOLVED_IN_CELLULAR_RESPONSE_TO_GLUCOSE_STIMULUS
GOBP_NEGATIVE_REGULATION_OF_INTERFERON_ALPHA_PRODUCTION	6	3	2	1	GOBP_NEGATIVE_REGULATION_OF_INTERFERON_ALPHA_PRODUCTION
GOBP_NEGATIVE_REGULATION_OF_INTERFERON_BETA_PRODUCTION	17	6	3	3	GOBP_NEGATIVE_REGULATION_OF_INTERFERON_BETA_PRODUCTION
GOBP_NEGATIVE_REGULATION_OF_INTERLEUKIN_10_PRODUCTION	25	13	7	6	GOBP_NEGATIVE_REGULATION_OF_INTERLEUKIN_10_PRODUCTION
GOBP_NEGATIVE_REGULATION_OF_INTERLEUKIN_12_PRODUCTION	18	11	6	5	GOBP_NEGATIVE_REGULATION_OF_INTERLEUKIN_12_PRODUCTION
GOBP_NEGATIVE_REGULATION_OF_INTERLEUKIN_13_PRODUCTION	7	5	3	2	GOBP_NEGATIVE_REGULATION_OF_INTERLEUKIN_13_PRODUCTION
GOBP_NEGATIVE_REGULATION_OF_INTERLEUKIN_17_PRODUCTION	23	10	5	5	GOBP_NEGATIVE_REGULATION_OF_INTERLEUKIN_17_PRODUCTION
GOBP_NEGATIVE_REGULATION_OF_INTERLEUKIN_1_BETA_PRODUCTION	46	20	10	10	GOBP_NEGATIVE_REGULATION_OF_INTERLEUKIN_1_BETA_PRODUCTION
GOBP_NEGATIVE_REGULATION_OF_INTERLEUKIN_1_MEDIATED_SIGNALING_PATHWAY	10	4	2	2	GOBP_NEGATIVE_REGULATION_OF_INTERLEUKIN_1_MEDIATED_SIGNALING_PATHWAY
GOBP_NEGATIVE_REGULATION_OF_INTERLEUKIN_1_PRODUCTION	55	24	12	12	GOBP_NEGATIVE_REGULATION_OF_INTERLEUKIN_1_PRODUCTION
GOBP_NEGATIVE_REGULATION_OF_INTERLEUKIN_2_PRODUCTION	29	19	10	9	GOBP_NEGATIVE_REGULATION_OF_INTERLEUKIN_2_PRODUCTION
GOBP_NEGATIVE_REGULATION_OF_INTERLEUKIN_4_PRODUCTION	8	3	2	1	GOBP_NEGATIVE_REGULATION_OF_INTERLEUKIN_4_PRODUCTION
GOBP_NEGATIVE_REGULATION_OF_INTERLEUKIN_5_PRODUCTION	8	4	2	2	GOBP_NEGATIVE_REGULATION_OF_INTERLEUKIN_5_PRODUCTION
GOBP_NEGATIVE_REGULATION_OF_INTERLEUKIN_6_PRODUCTION	67	27	14	13	GOBP_NEGATIVE_REGULATION_OF_INTERLEUKIN_6_PRODUCTION
GOBP_NEGATIVE_REGULATION_OF_INTERLEUKIN_8_PRODUCTION	37	7	4	3	GOBP_NEGATIVE_REGULATION_OF_INTERLEUKIN_8_PRODUCTION
GOBP_NEGATIVE_REGULATION_OF_INTRACELLULAR_ESTROGEN_RECEPTOR_SIGNALING_PATHWAY	15	7	4	3	GOBP_NEGATIVE_REGULATION_OF_INTRACELLULAR_ESTROGEN_RECEPTOR_SIGNALING_PATHWAY
GOBP_NEGATIVE_REGULATION_OF_INTRACELLULAR_PROTEIN_TRANSPORT	37	15	8	7	GOBP_NEGATIVE_REGULATION_OF_INTRACELLULAR_PROTEIN_TRANSPORT
GOBP_NEGATIVE_REGULATION_OF_INTRACELLULAR_SIGNAL_TRANSDUCTION	781	333	167	166	GOBP_NEGATIVE_REGULATION_OF_INTRACELLULAR_SIGNAL_TRANSDUCTION
GOBP_NEGATIVE_REGULATION_OF_INTRACELLULAR_STEROID_HORMONE_RECEPTOR_SIGNALING_PATHWAY	42	19	10	9	GOBP_NEGATIVE_REGULATION_OF_INTRACELLULAR_STEROID_HORMONE_RECEPTOR_SIGNALING_PATHWAY
GOBP_NEGATIVE_REGULATION_OF_INTRACELLULAR_TRANSPORT	60	25	13	12	GOBP_NEGATIVE_REGULATION_OF_INTRACELLULAR_TRANSPORT
GOBP_NEGATIVE_REGULATION_OF_INTRINSIC_APOPTOTIC_SIGNALING_PATHWAY	114	46	23	23	GOBP_NEGATIVE_REGULATION_OF_INTRINSIC_APOPTOTIC_SIGNALING_PATHWAY
GOBP_NEGATIVE_REGULATION_OF_INTRINSIC_APOPTOTIC_SIGNALING_PATHWAY_BY_P53_CLASS_MEDIATOR	24	12	6	6	GOBP_NEGATIVE_REGULATION_OF_INTRINSIC_APOPTOTIC_SIGNALING_PATHWAY_BY_P53_CLASS_MEDIATOR
GOBP_NEGATIVE_REGULATION_OF_INTRINSIC_APOPTOTIC_SIGNALING_PATHWAY_IN_RESPONSE_TO_DNA_DAMAGE	31	15	8	7	GOBP_NEGATIVE_REGULATION_OF_INTRINSIC_APOPTOTIC_SIGNALING_PATHWAY_IN_RESPONSE_TO_DNA_DAMAGE
GOBP_NEGATIVE_REGULATION_OF_INTRINSIC_APOPTOTIC_SIGNALING_PATHWAY_IN_RESPONSE_TO_DNA_DAMAGE_BY_P53_CLASS_MEDIATOR	16	8	4	4	GOBP_NEGATIVE_REGULATION_OF_INTRINSIC_APOPTOTIC_SIGNALING_PATHWAY_IN_RESPONSE_TO_DNA_DAMAGE_BY_P53_CLASS_MEDIATOR
GOBP_NEGATIVE_REGULATION_OF_INTRINSIC_APOPTOTIC_SIGNALING_PATHWAY_IN_RESPONSE_TO_OSMOTIC_STRESS	5	3	2	1	GOBP_NEGATIVE_REGULATION_OF_INTRINSIC_APOPTOTIC_SIGNALING_PATHWAY_IN_RESPONSE_TO_OSMOTIC_STRESS
GOBP_NEGATIVE_REGULATION_OF_ION_TRANSMEMBRANE_TRANSPORTER_ACTIVITY	27	14	7	7	GOBP_NEGATIVE_REGULATION_OF_ION_TRANSMEMBRANE_TRANSPORTER_ACTIVITY
GOBP_NEGATIVE_REGULATION_OF_IRE1_MEDIATED_UNFOLDED_PROTEIN_RESPONSE	6	4	2	2	GOBP_NEGATIVE_REGULATION_OF_IRE1_MEDIATED_UNFOLDED_PROTEIN_RESPONSE
GOBP_NEGATIVE_REGULATION_OF_JNK_CASCADE	38	16	8	8	GOBP_NEGATIVE_REGULATION_OF_JNK_CASCADE
GOBP_NEGATIVE_REGULATION_OF_JUN_KINASE_ACTIVITY	8	3	2	1	GOBP_NEGATIVE_REGULATION_OF_JUN_KINASE_ACTIVITY
GOBP_NEGATIVE_REGULATION_OF_KERATINOCYTE_DIFFERENTIATION	9	6	3	3	GOBP_NEGATIVE_REGULATION_OF_KERATINOCYTE_DIFFERENTIATION
GOBP_NEGATIVE_REGULATION_OF_KERATINOCYTE_PROLIFERATION	24	11	6	5	GOBP_NEGATIVE_REGULATION_OF_KERATINOCYTE_PROLIFERATION
GOBP_NEGATIVE_REGULATION_OF_KIDNEY_DEVELOPMENT	5	5	3	2	GOBP_NEGATIVE_REGULATION_OF_KIDNEY_DEVELOPMENT
GOBP_NEGATIVE_REGULATION_OF_KINASE_ACTIVITY	87	34	17	17	GOBP_NEGATIVE_REGULATION_OF_KINASE_ACTIVITY
GOBP_NEGATIVE_REGULATION_OF_LAMELLIPODIUM_ASSEMBLY	7	3	2	1	GOBP_NEGATIVE_REGULATION_OF_LAMELLIPODIUM_ASSEMBLY
GOBP_NEGATIVE_REGULATION_OF_LAMELLIPODIUM_ORGANIZATION	9	4	2	2	GOBP_NEGATIVE_REGULATION_OF_LAMELLIPODIUM_ORGANIZATION
GOBP_NEGATIVE_REGULATION_OF_LENS_FIBER_CELL_DIFFERENTIATION	6	4	2	2	GOBP_NEGATIVE_REGULATION_OF_LENS_FIBER_CELL_DIFFERENTIATION
GOBP_NEGATIVE_REGULATION_OF_LEUKOCYTE_ADHESION_TO_VASCULAR_ENDOTHELIAL_CELL	13	5	3	2	GOBP_NEGATIVE_REGULATION_OF_LEUKOCYTE_ADHESION_TO_VASCULAR_ENDOTHELIAL_CELL
GOBP_NEGATIVE_REGULATION_OF_LEUKOCYTE_APOPTOTIC_PROCESS	59	36	18	18	GOBP_NEGATIVE_REGULATION_OF_LEUKOCYTE_APOPTOTIC_PROCESS
GOBP_NEGATIVE_REGULATION_OF_LEUKOCYTE_CELL_CELL_ADHESION	159	86	43	43	GOBP_NEGATIVE_REGULATION_OF_LEUKOCYTE_CELL_CELL_ADHESION
GOBP_NEGATIVE_REGULATION_OF_LEUKOCYTE_CHEMOTAXIS	23	17	9	8	GOBP_NEGATIVE_REGULATION_OF_LEUKOCYTE_CHEMOTAXIS
GOBP_NEGATIVE_REGULATION_OF_LEUKOCYTE_DEGRANULATION	13	8	4	4	GOBP_NEGATIVE_REGULATION_OF_LEUKOCYTE_DEGRANULATION
GOBP_NEGATIVE_REGULATION_OF_LEUKOCYTE_MEDIATED_IMMUNITY	76	48	24	24	GOBP_NEGATIVE_REGULATION_OF_LEUKOCYTE_MEDIATED_IMMUNITY
GOBP_NEGATIVE_REGULATION_OF_LEUKOCYTE_MIGRATION	57	38	19	19	GOBP_NEGATIVE_REGULATION_OF_LEUKOCYTE_MIGRATION
GOBP_NEGATIVE_REGULATION_OF_LEUKOCYTE_PROLIFERATION	105	59	30	29	GOBP_NEGATIVE_REGULATION_OF_LEUKOCYTE_PROLIFERATION
GOBP_NEGATIVE_REGULATION_OF_LIPID_BIOSYNTHETIC_PROCESS	70	36	18	18	GOBP_NEGATIVE_REGULATION_OF_LIPID_BIOSYNTHETIC_PROCESS
GOBP_NEGATIVE_REGULATION_OF_LIPID_CATABOLIC_PROCESS	27	12	6	6	GOBP_NEGATIVE_REGULATION_OF_LIPID_CATABOLIC_PROCESS
GOBP_NEGATIVE_REGULATION_OF_LIPID_LOCALIZATION	69	26	13	13	GOBP_NEGATIVE_REGULATION_OF_LIPID_LOCALIZATION
GOBP_NEGATIVE_REGULATION_OF_LIPID_METABOLIC_PROCESS	119	62	31	31	GOBP_NEGATIVE_REGULATION_OF_LIPID_METABOLIC_PROCESS
GOBP_NEGATIVE_REGULATION_OF_LIPID_STORAGE	22	11	6	5	GOBP_NEGATIVE_REGULATION_OF_LIPID_STORAGE
GOBP_NEGATIVE_REGULATION_OF_LIPID_TRANSPORT	52	18	9	9	GOBP_NEGATIVE_REGULATION_OF_LIPID_TRANSPORT
GOBP_NEGATIVE_REGULATION_OF_LIPOPOLYSACCHARIDE_MEDIATED_SIGNALING_PATHWAY	16	8	4	4	GOBP_NEGATIVE_REGULATION_OF_LIPOPOLYSACCHARIDE_MEDIATED_SIGNALING_PATHWAY
GOBP_NEGATIVE_REGULATION_OF_LIPOPROTEIN_METABOLIC_PROCESS	5	4	2	2	GOBP_NEGATIVE_REGULATION_OF_LIPOPROTEIN_METABOLIC_PROCESS
GOBP_NEGATIVE_REGULATION_OF_LIPOPROTEIN_PARTICLE_CLEARANCE	23	11	6	5	GOBP_NEGATIVE_REGULATION_OF_LIPOPROTEIN_PARTICLE_CLEARANCE
GOBP_NEGATIVE_REGULATION_OF_LOCOMOTION	421	200	100	100	GOBP_NEGATIVE_REGULATION_OF_LOCOMOTION
GOBP_NEGATIVE_REGULATION_OF_LONG_TERM_SYNAPTIC_POTENTIATION	13	6	3	3	GOBP_NEGATIVE_REGULATION_OF_LONG_TERM_SYNAPTIC_POTENTIATION
GOBP_NEGATIVE_REGULATION_OF_LOW_DENSITY_LIPOPROTEIN_PARTICLE_CLEARANCE	17	9	5	4	GOBP_NEGATIVE_REGULATION_OF_LOW_DENSITY_LIPOPROTEIN_PARTICLE_CLEARANCE
GOBP_NEGATIVE_REGULATION_OF_LYASE_ACTIVITY	12	7	4	3	GOBP_NEGATIVE_REGULATION_OF_LYASE_ACTIVITY
GOBP_NEGATIVE_REGULATION_OF_LYMPHOCYTE_ACTIVATION	177	98	49	49	GOBP_NEGATIVE_REGULATION_OF_LYMPHOCYTE_ACTIVATION
GOBP_NEGATIVE_REGULATION_OF_LYMPHOCYTE_APOPTOTIC_PROCESS	39	23	12	11	GOBP_NEGATIVE_REGULATION_OF_LYMPHOCYTE_APOPTOTIC_PROCESS
GOBP_NEGATIVE_REGULATION_OF_LYMPHOCYTE_DIFFERENTIATION	64	38	19	19	GOBP_NEGATIVE_REGULATION_OF_LYMPHOCYTE_DIFFERENTIATION
GOBP_NEGATIVE_REGULATION_OF_LYMPHOCYTE_MIGRATION	16	11	6	5	GOBP_NEGATIVE_REGULATION_OF_LYMPHOCYTE_MIGRATION
GOBP_NEGATIVE_REGULATION_OF_MACROAUTOPHAGY	40	13	7	6	GOBP_NEGATIVE_REGULATION_OF_MACROAUTOPHAGY
GOBP_NEGATIVE_REGULATION_OF_MACROPHAGE_ACTIVATION	19	13	7	6	GOBP_NEGATIVE_REGULATION_OF_MACROPHAGE_ACTIVATION
GOBP_NEGATIVE_REGULATION_OF_MACROPHAGE_APOPTOTIC_PROCESS	7	4	2	2	GOBP_NEGATIVE_REGULATION_OF_MACROPHAGE_APOPTOTIC_PROCESS
GOBP_NEGATIVE_REGULATION_OF_MACROPHAGE_CHEMOTAXIS	7	6	3	3	GOBP_NEGATIVE_REGULATION_OF_MACROPHAGE_CHEMOTAXIS
GOBP_NEGATIVE_REGULATION_OF_MACROPHAGE_CYTOKINE_PRODUCTION	12	6	3	3	GOBP_NEGATIVE_REGULATION_OF_MACROPHAGE_CYTOKINE_PRODUCTION
GOBP_NEGATIVE_REGULATION_OF_MACROPHAGE_DERIVED_FOAM_CELL_DIFFERENTIATION	14	10	5	5	GOBP_NEGATIVE_REGULATION_OF_MACROPHAGE_DERIVED_FOAM_CELL_DIFFERENTIATION
GOBP_NEGATIVE_REGULATION_OF_MACROPHAGE_DIFFERENTIATION	10	5	3	2	GOBP_NEGATIVE_REGULATION_OF_MACROPHAGE_DIFFERENTIATION
GOBP_NEGATIVE_REGULATION_OF_MACROPHAGE_MIGRATION	14	8	4	4	GOBP_NEGATIVE_REGULATION_OF_MACROPHAGE_MIGRATION
GOBP_NEGATIVE_REGULATION_OF_MAMMARY_GLAND_EPITHELIAL_CELL_PROLIFERATION	5	4	2	2	GOBP_NEGATIVE_REGULATION_OF_MAMMARY_GLAND_EPITHELIAL_CELL_PROLIFERATION
GOBP_NEGATIVE_REGULATION_OF_MAPK_CASCADE	182	82	41	41	GOBP_NEGATIVE_REGULATION_OF_MAPK_CASCADE
GOBP_NEGATIVE_REGULATION_OF_MAP_KINASE_ACTIVITY	22	11	6	5	GOBP_NEGATIVE_REGULATION_OF_MAP_KINASE_ACTIVITY
GOBP_NEGATIVE_REGULATION_OF_MAST_CELL_ACTIVATION	9	4	2	2	GOBP_NEGATIVE_REGULATION_OF_MAST_CELL_ACTIVATION
GOBP_NEGATIVE_REGULATION_OF_MAST_CELL_DEGRANULATION	6	3	2	1	GOBP_NEGATIVE_REGULATION_OF_MAST_CELL_DEGRANULATION
GOBP_NEGATIVE_REGULATION_OF_MEIOTIC_CELL_CYCLE	21	11	6	5	GOBP_NEGATIVE_REGULATION_OF_MEIOTIC_CELL_CYCLE
GOBP_NEGATIVE_REGULATION_OF_MEIOTIC_CELL_CYCLE_PHASE_TRANSITION	9	6	3	3	GOBP_NEGATIVE_REGULATION_OF_MEIOTIC_CELL_CYCLE_PHASE_TRANSITION
GOBP_NEGATIVE_REGULATION_OF_MEIOTIC_CHROMOSOME_SEPARATION	5	4	2	2	GOBP_NEGATIVE_REGULATION_OF_MEIOTIC_CHROMOSOME_SEPARATION
GOBP_NEGATIVE_REGULATION_OF_MEIOTIC_NUCLEAR_DIVISION	11	5	3	2	GOBP_NEGATIVE_REGULATION_OF_MEIOTIC_NUCLEAR_DIVISION
GOBP_NEGATIVE_REGULATION_OF_MEMBRANE_DEPOLARIZATION	9	5	3	2	GOBP_NEGATIVE_REGULATION_OF_MEMBRANE_DEPOLARIZATION
GOBP_NEGATIVE_REGULATION_OF_MEMBRANE_PERMEABILITY	23	8	4	4	GOBP_NEGATIVE_REGULATION_OF_MEMBRANE_PERMEABILITY
GOBP_NEGATIVE_REGULATION_OF_MEMBRANE_POTENTIAL	14	6	3	3	GOBP_NEGATIVE_REGULATION_OF_MEMBRANE_POTENTIAL
GOBP_NEGATIVE_REGULATION_OF_MEMBRANE_PROTEIN_ECTODOMAIN_PROTEOLYSIS	8	4	2	2	GOBP_NEGATIVE_REGULATION_OF_MEMBRANE_PROTEIN_ECTODOMAIN_PROTEOLYSIS
GOBP_NEGATIVE_REGULATION_OF_MESENCHYMAL_CELL_APOPTOTIC_PROCESS	10	9	5	4	GOBP_NEGATIVE_REGULATION_OF_MESENCHYMAL_CELL_APOPTOTIC_PROCESS
GOBP_NEGATIVE_REGULATION_OF_MESENCHYMAL_CELL_PROLIFERATION	8	5	3	2	GOBP_NEGATIVE_REGULATION_OF_MESENCHYMAL_CELL_PROLIFERATION
GOBP_NEGATIVE_REGULATION_OF_MICROGLIAL_CELL_ACTIVATION	8	7	4	3	GOBP_NEGATIVE_REGULATION_OF_MICROGLIAL_CELL_ACTIVATION
GOBP_NEGATIVE_REGULATION_OF_MICROTUBULE_DEPOLYMERIZATION	32	16	8	8	GOBP_NEGATIVE_REGULATION_OF_MICROTUBULE_DEPOLYMERIZATION
GOBP_NEGATIVE_REGULATION_OF_MICROTUBULE_POLYMERIZATION	14	8	4	4	GOBP_NEGATIVE_REGULATION_OF_MICROTUBULE_POLYMERIZATION
GOBP_NEGATIVE_REGULATION_OF_MICROTUBULE_POLYMERIZATION_OR_DEPOLYMERIZATION	45	23	12	11	GOBP_NEGATIVE_REGULATION_OF_MICROTUBULE_POLYMERIZATION_OR_DEPOLYMERIZATION
GOBP_NEGATIVE_REGULATION_OF_MIRNA_METABOLIC_PROCESS	29	13	7	6	GOBP_NEGATIVE_REGULATION_OF_MIRNA_METABOLIC_PROCESS
GOBP_NEGATIVE_REGULATION_OF_MITOCHONDRIAL_FISSION	5	3	2	1	GOBP_NEGATIVE_REGULATION_OF_MITOCHONDRIAL_FISSION
GOBP_NEGATIVE_REGULATION_OF_MITOCHONDRIAL_OUTER_MEMBRANE_PERMEABILIZATION_INVOLVED_IN_APOPTOTIC_SIGNALING_PATHWAY	15	5	3	2	GOBP_NEGATIVE_REGULATION_OF_MITOCHONDRIAL_OUTER_MEMBRANE_PERMEABILIZATION_INVOLVED_IN_APOPTOTIC_SIGNALING_PATHWAY
GOBP_NEGATIVE_REGULATION_OF_MITOTIC_CELL_CYCLE	245	108	54	54	GOBP_NEGATIVE_REGULATION_OF_MITOTIC_CELL_CYCLE
GOBP_NEGATIVE_REGULATION_OF_MITOTIC_CELL_CYCLE_PHASE_TRANSITION	193	84	42	42	GOBP_NEGATIVE_REGULATION_OF_MITOTIC_CELL_CYCLE_PHASE_TRANSITION
GOBP_NEGATIVE_REGULATION_OF_MITOTIC_SPINDLE_ASSEMBLY_CHECKPOINT_SIGNALING	5	3	2	1	GOBP_NEGATIVE_REGULATION_OF_MITOTIC_SPINDLE_ASSEMBLY_CHECKPOINT_SIGNALING
GOBP_NEGATIVE_REGULATION_OF_MOLECULAR_FUNCTION	359	166	83	83	GOBP_NEGATIVE_REGULATION_OF_MOLECULAR_FUNCTION
GOBP_NEGATIVE_REGULATION_OF_MONOATOMIC_ION_TRANSMEMBRANE_TRANSPORT	87	39	20	19	GOBP_NEGATIVE_REGULATION_OF_MONOATOMIC_ION_TRANSMEMBRANE_TRANSPORT
GOBP_NEGATIVE_REGULATION_OF_MONOATOMIC_ION_TRANSPORT	118	56	28	28	GOBP_NEGATIVE_REGULATION_OF_MONOATOMIC_ION_TRANSPORT
GOBP_NEGATIVE_REGULATION_OF_MONOCYTE_CHEMOTACTIC_PROTEIN_1_PRODUCTION	6	4	2	2	GOBP_NEGATIVE_REGULATION_OF_MONOCYTE_CHEMOTACTIC_PROTEIN_1_PRODUCTION
GOBP_NEGATIVE_REGULATION_OF_MONOCYTE_CHEMOTAXIS	7	6	3	3	GOBP_NEGATIVE_REGULATION_OF_MONOCYTE_CHEMOTAXIS
GOBP_NEGATIVE_REGULATION_OF_MONOCYTE_DIFFERENTIATION	8	5	3	2	GOBP_NEGATIVE_REGULATION_OF_MONOCYTE_DIFFERENTIATION
GOBP_NEGATIVE_REGULATION_OF_MONONUCLEAR_CELL_MIGRATION	37	25	13	12	GOBP_NEGATIVE_REGULATION_OF_MONONUCLEAR_CELL_MIGRATION
GOBP_NEGATIVE_REGULATION_OF_MORPHOGENESIS_OF_AN_EPITHELIUM	9	7	4	3	GOBP_NEGATIVE_REGULATION_OF_MORPHOGENESIS_OF_AN_EPITHELIUM
GOBP_NEGATIVE_REGULATION_OF_MOTOR_NEURON_APOPTOTIC_PROCESS	11	3	2	1	GOBP_NEGATIVE_REGULATION_OF_MOTOR_NEURON_APOPTOTIC_PROCESS
GOBP_NEGATIVE_REGULATION_OF_MRNA_CATABOLIC_PROCESS	83	41	21	20	GOBP_NEGATIVE_REGULATION_OF_MRNA_CATABOLIC_PROCESS
GOBP_NEGATIVE_REGULATION_OF_MRNA_METABOLIC_PROCESS	106	48	24	24	GOBP_NEGATIVE_REGULATION_OF_MRNA_METABOLIC_PROCESS
GOBP_NEGATIVE_REGULATION_OF_MRNA_PROCESSING	23	6	3	3	GOBP_NEGATIVE_REGULATION_OF_MRNA_PROCESSING
GOBP_NEGATIVE_REGULATION_OF_MULTICELLULAR_ORGANISMAL_PROCESS	1284	650	325	325	GOBP_NEGATIVE_REGULATION_OF_MULTICELLULAR_ORGANISMAL_PROCESS
GOBP_NEGATIVE_REGULATION_OF_MULTICELLULAR_ORGANISM_GROWTH	13	3	2	1	GOBP_NEGATIVE_REGULATION_OF_MULTICELLULAR_ORGANISM_GROWTH
GOBP_NEGATIVE_REGULATION_OF_MUSCLE_ADAPTATION	14	6	3	3	GOBP_NEGATIVE_REGULATION_OF_MUSCLE_ADAPTATION
GOBP_NEGATIVE_REGULATION_OF_MUSCLE_CELL_APOPTOTIC_PROCESS	58	24	12	12	GOBP_NEGATIVE_REGULATION_OF_MUSCLE_CELL_APOPTOTIC_PROCESS
GOBP_NEGATIVE_REGULATION_OF_MUSCLE_CELL_DIFFERENTIATION	75	36	18	18	GOBP_NEGATIVE_REGULATION_OF_MUSCLE_CELL_DIFFERENTIATION
GOBP_NEGATIVE_REGULATION_OF_MUSCLE_CONTRACTION	24	10	5	5	GOBP_NEGATIVE_REGULATION_OF_MUSCLE_CONTRACTION
GOBP_NEGATIVE_REGULATION_OF_MUSCLE_HYPERTROPHY	41	15	8	7	GOBP_NEGATIVE_REGULATION_OF_MUSCLE_HYPERTROPHY
GOBP_NEGATIVE_REGULATION_OF_MUSCLE_ORGAN_DEVELOPMENT	12	6	3	3	GOBP_NEGATIVE_REGULATION_OF_MUSCLE_ORGAN_DEVELOPMENT
GOBP_NEGATIVE_REGULATION_OF_MUSCLE_TISSUE_DEVELOPMENT	12	6	3	3	GOBP_NEGATIVE_REGULATION_OF_MUSCLE_TISSUE_DEVELOPMENT
GOBP_NEGATIVE_REGULATION_OF_MYELINATION	9	4	2	2	GOBP_NEGATIVE_REGULATION_OF_MYELINATION
GOBP_NEGATIVE_REGULATION_OF_MYELOID_CELL_APOPTOTIC_PROCESS	21	12	6	6	GOBP_NEGATIVE_REGULATION_OF_MYELOID_CELL_APOPTOTIC_PROCESS
GOBP_NEGATIVE_REGULATION_OF_MYELOID_CELL_DIFFERENTIATION	103	41	21	20	GOBP_NEGATIVE_REGULATION_OF_MYELOID_CELL_DIFFERENTIATION
GOBP_NEGATIVE_REGULATION_OF_MYELOID_LEUKOCYTE_DIFFERENTIATION	58	27	14	13	GOBP_NEGATIVE_REGULATION_OF_MYELOID_LEUKOCYTE_DIFFERENTIATION
GOBP_NEGATIVE_REGULATION_OF_MYELOID_LEUKOCYTE_MEDIATED_IMMUNITY	11	5	3	2	GOBP_NEGATIVE_REGULATION_OF_MYELOID_LEUKOCYTE_MEDIATED_IMMUNITY
GOBP_NEGATIVE_REGULATION_OF_MYOBLAST_DIFFERENTIATION	27	20	10	10	GOBP_NEGATIVE_REGULATION_OF_MYOBLAST_DIFFERENTIATION
GOBP_NEGATIVE_REGULATION_OF_MYOTUBE_DIFFERENTIATION	18	10	5	5	GOBP_NEGATIVE_REGULATION_OF_MYOTUBE_DIFFERENTIATION
GOBP_NEGATIVE_REGULATION_OF_NATURAL_KILLER_CELL_ACTIVATION	11	7	4	3	GOBP_NEGATIVE_REGULATION_OF_NATURAL_KILLER_CELL_ACTIVATION
GOBP_NEGATIVE_REGULATION_OF_NATURAL_KILLER_CELL_MEDIATED_IMMUNITY	26	18	9	9	GOBP_NEGATIVE_REGULATION_OF_NATURAL_KILLER_CELL_MEDIATED_IMMUNITY
GOBP_NEGATIVE_REGULATION_OF_NERVOUS_SYSTEM_DEVELOPMENT	149	82	41	41	GOBP_NEGATIVE_REGULATION_OF_NERVOUS_SYSTEM_DEVELOPMENT
GOBP_NEGATIVE_REGULATION_OF_NERVOUS_SYSTEM_PROCESS	18	12	6	6	GOBP_NEGATIVE_REGULATION_OF_NERVOUS_SYSTEM_PROCESS
GOBP_NEGATIVE_REGULATION_OF_NEURAL_PRECURSOR_CELL_PROLIFERATION	28	17	9	8	GOBP_NEGATIVE_REGULATION_OF_NEURAL_PRECURSOR_CELL_PROLIFERATION
GOBP_NEGATIVE_REGULATION_OF_NEUROBLAST_PROLIFERATION	14	8	4	4	GOBP_NEGATIVE_REGULATION_OF_NEUROBLAST_PROLIFERATION
GOBP_NEGATIVE_REGULATION_OF_NEUROINFLAMMATORY_RESPONSE	19	11	6	5	GOBP_NEGATIVE_REGULATION_OF_NEUROINFLAMMATORY_RESPONSE
GOBP_NEGATIVE_REGULATION_OF_NEURON_APOPTOTIC_PROCESS	181	86	43	43	GOBP_NEGATIVE_REGULATION_OF_NEURON_APOPTOTIC_PROCESS
GOBP_NEGATIVE_REGULATION_OF_NEURON_DIFFERENTIATION	76	49	25	24	GOBP_NEGATIVE_REGULATION_OF_NEURON_DIFFERENTIATION
GOBP_NEGATIVE_REGULATION_OF_NEURON_MIGRATION	12	7	4	3	GOBP_NEGATIVE_REGULATION_OF_NEURON_MIGRATION
GOBP_NEGATIVE_REGULATION_OF_NEURON_PROJECTION_DEVELOPMENT	132	75	38	37	GOBP_NEGATIVE_REGULATION_OF_NEURON_PROJECTION_DEVELOPMENT
GOBP_NEGATIVE_REGULATION_OF_NEURON_PROJECTION_REGENERATION	16	10	5	5	GOBP_NEGATIVE_REGULATION_OF_NEURON_PROJECTION_REGENERATION
GOBP_NEGATIVE_REGULATION_OF_NEUROTRANSMITTER_TRANSPORT	10	5	3	2	GOBP_NEGATIVE_REGULATION_OF_NEUROTRANSMITTER_TRANSPORT
GOBP_NEGATIVE_REGULATION_OF_NEUTROPHIL_ACTIVATION	8	4	2	2	GOBP_NEGATIVE_REGULATION_OF_NEUTROPHIL_ACTIVATION
GOBP_NEGATIVE_REGULATION_OF_NEUTROPHIL_MIGRATION	6	5	3	2	GOBP_NEGATIVE_REGULATION_OF_NEUTROPHIL_MIGRATION
GOBP_NEGATIVE_REGULATION_OF_NF_KAPPAB_TRANSCRIPTION_FACTOR_ACTIVITY	49	20	10	10	GOBP_NEGATIVE_REGULATION_OF_NF_KAPPAB_TRANSCRIPTION_FACTOR_ACTIVITY
GOBP_NEGATIVE_REGULATION_OF_NITRIC_OXIDE_METABOLIC_PROCESS	15	10	5	5	GOBP_NEGATIVE_REGULATION_OF_NITRIC_OXIDE_METABOLIC_PROCESS
GOBP_NEGATIVE_REGULATION_OF_NLRP3_INFLAMMASOME_COMPLEX_ASSEMBLY	19	7	4	3	GOBP_NEGATIVE_REGULATION_OF_NLRP3_INFLAMMASOME_COMPLEX_ASSEMBLY
GOBP_NEGATIVE_REGULATION_OF_NODAL_SIGNALING_PATHWAY	5	3	2	1	GOBP_NEGATIVE_REGULATION_OF_NODAL_SIGNALING_PATHWAY
GOBP_NEGATIVE_REGULATION_OF_NON_CANONICAL_NF_KAPPAB_SIGNAL_TRANSDUCTION	42	15	8	7	GOBP_NEGATIVE_REGULATION_OF_NON_CANONICAL_NF_KAPPAB_SIGNAL_TRANSDUCTION
GOBP_NEGATIVE_REGULATION_OF_NON_CANONICAL_WNT_SIGNALING_PATHWAY	5	3	2	1	GOBP_NEGATIVE_REGULATION_OF_NON_CANONICAL_WNT_SIGNALING_PATHWAY
GOBP_NEGATIVE_REGULATION_OF_NOREPINEPHRINE_SECRETION	6	6	3	3	GOBP_NEGATIVE_REGULATION_OF_NOREPINEPHRINE_SECRETION
GOBP_NEGATIVE_REGULATION_OF_NOTCH_SIGNALING_PATHWAY	43	24	12	12	GOBP_NEGATIVE_REGULATION_OF_NOTCH_SIGNALING_PATHWAY
GOBP_NEGATIVE_REGULATION_OF_NUCLEAR_DIVISION	65	38	19	19	GOBP_NEGATIVE_REGULATION_OF_NUCLEAR_DIVISION
GOBP_NEGATIVE_REGULATION_OF_NUCLEAR_TRANSCRIBED_MRNA_CATABOLIC_PROCESS_DEADENYLATION_DEPENDENT_DECAY	12	10	5	5	GOBP_NEGATIVE_REGULATION_OF_NUCLEAR_TRANSCRIBED_MRNA_CATABOLIC_PROCESS_DEADENYLATION_DEPENDENT_DECAY
GOBP_NEGATIVE_REGULATION_OF_NUCLEAR_TRANSCRIBED_MRNA_CATABOLIC_PROCESS_NONSENSE_MEDIATED_DECAY	9	6	3	3	GOBP_NEGATIVE_REGULATION_OF_NUCLEAR_TRANSCRIBED_MRNA_CATABOLIC_PROCESS_NONSENSE_MEDIATED_DECAY
GOBP_NEGATIVE_REGULATION_OF_NUCLEOBASE_CONTAINING_COMPOUND_METABOLIC_PROCESS	1557	689	345	344	GOBP_NEGATIVE_REGULATION_OF_NUCLEOBASE_CONTAINING_COMPOUND_METABOLIC_PROCESS
GOBP_NEGATIVE_REGULATION_OF_NUCLEOCYTOPLASMIC_TRANSPORT	30	12	6	6	GOBP_NEGATIVE_REGULATION_OF_NUCLEOCYTOPLASMIC_TRANSPORT
GOBP_NEGATIVE_REGULATION_OF_NUCLEOTIDE_CATABOLIC_PROCESS	20	9	5	4	GOBP_NEGATIVE_REGULATION_OF_NUCLEOTIDE_CATABOLIC_PROCESS
GOBP_NEGATIVE_REGULATION_OF_NUCLEOTIDE_METABOLIC_PROCESS	30	15	8	7	GOBP_NEGATIVE_REGULATION_OF_NUCLEOTIDE_METABOLIC_PROCESS
GOBP_NEGATIVE_REGULATION_OF_OLIGODENDROCYTE_DIFFERENTIATION	15	7	4	3	GOBP_NEGATIVE_REGULATION_OF_OLIGODENDROCYTE_DIFFERENTIATION
GOBP_NEGATIVE_REGULATION_OF_ORGANELLE_ASSEMBLY	49	11	6	5	GOBP_NEGATIVE_REGULATION_OF_ORGANELLE_ASSEMBLY
GOBP_NEGATIVE_REGULATION_OF_ORGANELLE_ORGANIZATION	366	151	76	75	GOBP_NEGATIVE_REGULATION_OF_ORGANELLE_ORGANIZATION
GOBP_NEGATIVE_REGULATION_OF_ORGANIC_ACID_TRANSPORT	23	12	6	6	GOBP_NEGATIVE_REGULATION_OF_ORGANIC_ACID_TRANSPORT
GOBP_NEGATIVE_REGULATION_OF_ORGAN_GROWTH	37	19	10	9	GOBP_NEGATIVE_REGULATION_OF_ORGAN_GROWTH
GOBP_NEGATIVE_REGULATION_OF_OSSIFICATION	44	25	13	12	GOBP_NEGATIVE_REGULATION_OF_OSSIFICATION
GOBP_NEGATIVE_REGULATION_OF_OSTEOBLAST_DIFFERENTIATION	69	28	14	14	GOBP_NEGATIVE_REGULATION_OF_OSTEOBLAST_DIFFERENTIATION
GOBP_NEGATIVE_REGULATION_OF_OSTEOBLAST_PROLIFERATION	14	6	3	3	GOBP_NEGATIVE_REGULATION_OF_OSTEOBLAST_PROLIFERATION
GOBP_NEGATIVE_REGULATION_OF_OSTEOCLAST_DEVELOPMENT	5	4	2	2	GOBP_NEGATIVE_REGULATION_OF_OSTEOCLAST_DEVELOPMENT
GOBP_NEGATIVE_REGULATION_OF_OSTEOCLAST_DIFFERENTIATION	34	16	8	8	GOBP_NEGATIVE_REGULATION_OF_OSTEOCLAST_DIFFERENTIATION
GOBP_NEGATIVE_REGULATION_OF_OXIDATIVE_STRESS_INDUCED_INTRINSIC_APOPTOTIC_SIGNALING_PATHWAY	35	9	5	4	GOBP_NEGATIVE_REGULATION_OF_OXIDATIVE_STRESS_INDUCED_INTRINSIC_APOPTOTIC_SIGNALING_PATHWAY
GOBP_NEGATIVE_REGULATION_OF_OXIDATIVE_STRESS_INDUCED_NEURON_INTRINSIC_APOPTOTIC_SIGNALING_PATHWAY	15	3	2	1	GOBP_NEGATIVE_REGULATION_OF_OXIDATIVE_STRESS_INDUCED_NEURON_INTRINSIC_APOPTOTIC_SIGNALING_PATHWAY
GOBP_NEGATIVE_REGULATION_OF_OXIDOREDUCTASE_ACTIVITY	9	7	4	3	GOBP_NEGATIVE_REGULATION_OF_OXIDOREDUCTASE_ACTIVITY
GOBP_NEGATIVE_REGULATION_OF_P38MAPK_CASCADE	9	6	3	3	GOBP_NEGATIVE_REGULATION_OF_P38MAPK_CASCADE
GOBP_NEGATIVE_REGULATION_OF_PEPTIDASE_ACTIVITY	18	11	6	5	GOBP_NEGATIVE_REGULATION_OF_PEPTIDASE_ACTIVITY
GOBP_NEGATIVE_REGULATION_OF_PEPTIDE_SECRETION	48	35	18	17	GOBP_NEGATIVE_REGULATION_OF_PEPTIDE_SECRETION
GOBP_NEGATIVE_REGULATION_OF_PEPTIDYL_SERINE_PHOSPHORYLATION	8	4	2	2	GOBP_NEGATIVE_REGULATION_OF_PEPTIDYL_SERINE_PHOSPHORYLATION
GOBP_NEGATIVE_REGULATION_OF_PEPTIDYL_TYROSINE_PHOSPHORYLATION	22	8	4	4	GOBP_NEGATIVE_REGULATION_OF_PEPTIDYL_TYROSINE_PHOSPHORYLATION
GOBP_NEGATIVE_REGULATION_OF_PERK_MEDIATED_UNFOLDED_PROTEIN_RESPONSE	12	4	2	2	GOBP_NEGATIVE_REGULATION_OF_PERK_MEDIATED_UNFOLDED_PROTEIN_RESPONSE
GOBP_NEGATIVE_REGULATION_OF_PHAGOCYTOSIS	22	14	7	7	GOBP_NEGATIVE_REGULATION_OF_PHAGOCYTOSIS
GOBP_NEGATIVE_REGULATION_OF_PHOSPHATIDYLINOSITOL_3_KINASE_PROTEIN_KINASE_B_SIGNAL_TRANSDUCTION	75	33	17	16	GOBP_NEGATIVE_REGULATION_OF_PHOSPHATIDYLINOSITOL_3_KINASE_PROTEIN_KINASE_B_SIGNAL_TRANSDUCTION
GOBP_NEGATIVE_REGULATION_OF_PHOSPHOLIPID_METABOLIC_PROCESS	7	4	2	2	GOBP_NEGATIVE_REGULATION_OF_PHOSPHOLIPID_METABOLIC_PROCESS
GOBP_NEGATIVE_REGULATION_OF_PHOSPHORUS_METABOLIC_PROCESS	179	75	38	37	GOBP_NEGATIVE_REGULATION_OF_PHOSPHORUS_METABOLIC_PROCESS
GOBP_NEGATIVE_REGULATION_OF_PHOSPHORYLATION	131	53	27	26	GOBP_NEGATIVE_REGULATION_OF_PHOSPHORYLATION
GOBP_NEGATIVE_REGULATION_OF_PLASMA_MEMBRANE_BOUNDED_CELL_PROJECTION_ASSEMBLY	43	15	8	7	GOBP_NEGATIVE_REGULATION_OF_PLASMA_MEMBRANE_BOUNDED_CELL_PROJECTION_ASSEMBLY
GOBP_NEGATIVE_REGULATION_OF_PLASMINOGEN_ACTIVATION	7	6	3	3	GOBP_NEGATIVE_REGULATION_OF_PLASMINOGEN_ACTIVATION
GOBP_NEGATIVE_REGULATION_OF_PLATELET_ACTIVATION	18	14	7	7	GOBP_NEGATIVE_REGULATION_OF_PLATELET_ACTIVATION
GOBP_NEGATIVE_REGULATION_OF_PLATELET_AGGREGATION	11	8	4	4	GOBP_NEGATIVE_REGULATION_OF_PLATELET_AGGREGATION
GOBP_NEGATIVE_REGULATION_OF_PLATELET_DERIVED_GROWTH_FACTOR_RECEPTOR_SIGNALING_PATHWAY	13	7	4	3	GOBP_NEGATIVE_REGULATION_OF_PLATELET_DERIVED_GROWTH_FACTOR_RECEPTOR_SIGNALING_PATHWAY
GOBP_NEGATIVE_REGULATION_OF_POST_TRANSCRIPTIONAL_GENE_SILENCING	19	4	2	2	GOBP_NEGATIVE_REGULATION_OF_POST_TRANSCRIPTIONAL_GENE_SILENCING
GOBP_NEGATIVE_REGULATION_OF_POST_TRANSLATIONAL_PROTEIN_MODIFICATION	95	28	14	14	GOBP_NEGATIVE_REGULATION_OF_POST_TRANSLATIONAL_PROTEIN_MODIFICATION
GOBP_NEGATIVE_REGULATION_OF_POTASSIUM_ION_EXPORT_ACROSS_PLASMA_MEMBRANE	6	3	2	1	GOBP_NEGATIVE_REGULATION_OF_POTASSIUM_ION_EXPORT_ACROSS_PLASMA_MEMBRANE
GOBP_NEGATIVE_REGULATION_OF_POTASSIUM_ION_TRANSMEMBRANE_TRANSPORT	27	14	7	7	GOBP_NEGATIVE_REGULATION_OF_POTASSIUM_ION_TRANSMEMBRANE_TRANSPORT
GOBP_NEGATIVE_REGULATION_OF_POTASSIUM_ION_TRANSMEMBRANE_TRANSPORTER_ACTIVITY	9	5	3	2	GOBP_NEGATIVE_REGULATION_OF_POTASSIUM_ION_TRANSMEMBRANE_TRANSPORTER_ACTIVITY
GOBP_NEGATIVE_REGULATION_OF_POTASSIUM_ION_TRANSPORT	35	19	10	9	GOBP_NEGATIVE_REGULATION_OF_POTASSIUM_ION_TRANSPORT
GOBP_NEGATIVE_REGULATION_OF_PRODUCTION_OF_MOLECULAR_MEDIATOR_OF_IMMUNE_RESPONSE	46	29	15	14	GOBP_NEGATIVE_REGULATION_OF_PRODUCTION_OF_MOLECULAR_MEDIATOR_OF_IMMUNE_RESPONSE
GOBP_NEGATIVE_REGULATION_OF_PROGRAMMED_CELL_DEATH	954	479	240	239	GOBP_NEGATIVE_REGULATION_OF_PROGRAMMED_CELL_DEATH
GOBP_NEGATIVE_REGULATION_OF_PROGRAMMED_NECROTIC_CELL_DEATH	24	6	3	3	GOBP_NEGATIVE_REGULATION_OF_PROGRAMMED_NECROTIC_CELL_DEATH
GOBP_NEGATIVE_REGULATION_OF_PROTEASOMAL_PROTEIN_CATABOLIC_PROCESS	61	21	11	10	GOBP_NEGATIVE_REGULATION_OF_PROTEASOMAL_PROTEIN_CATABOLIC_PROCESS
GOBP_NEGATIVE_REGULATION_OF_PROTEASOMAL_UBIQUITIN_DEPENDENT_PROTEIN_CATABOLIC_PROCESS	43	18	9	9	GOBP_NEGATIVE_REGULATION_OF_PROTEASOMAL_UBIQUITIN_DEPENDENT_PROTEIN_CATABOLIC_PROCESS
GOBP_NEGATIVE_REGULATION_OF_PROTEIN_BINDING	44	17	9	8	GOBP_NEGATIVE_REGULATION_OF_PROTEIN_BINDING
GOBP_NEGATIVE_REGULATION_OF_PROTEIN_CATABOLIC_PROCESS	121	52	26	26	GOBP_NEGATIVE_REGULATION_OF_PROTEIN_CATABOLIC_PROCESS
GOBP_NEGATIVE_REGULATION_OF_PROTEIN_CATABOLIC_PROCESS_IN_THE_VACUOLE	5	3	2	1	GOBP_NEGATIVE_REGULATION_OF_PROTEIN_CATABOLIC_PROCESS_IN_THE_VACUOLE
GOBP_NEGATIVE_REGULATION_OF_PROTEIN_CONTAINING_COMPLEX_ASSEMBLY	150	60	30	30	GOBP_NEGATIVE_REGULATION_OF_PROTEIN_CONTAINING_COMPLEX_ASSEMBLY
GOBP_NEGATIVE_REGULATION_OF_PROTEIN_CONTAINING_COMPLEX_DISASSEMBLY	88	43	22	21	GOBP_NEGATIVE_REGULATION_OF_PROTEIN_CONTAINING_COMPLEX_DISASSEMBLY
GOBP_NEGATIVE_REGULATION_OF_PROTEIN_EXIT_FROM_ENDOPLASMIC_RETICULUM	10	3	2	1	GOBP_NEGATIVE_REGULATION_OF_PROTEIN_EXIT_FROM_ENDOPLASMIC_RETICULUM
GOBP_NEGATIVE_REGULATION_OF_PROTEIN_EXPORT_FROM_NUCLEUS	8	4	2	2	GOBP_NEGATIVE_REGULATION_OF_PROTEIN_EXPORT_FROM_NUCLEUS
GOBP_NEGATIVE_REGULATION_OF_PROTEIN_IMPORT_INTO_NUCLEUS	18	7	4	3	GOBP_NEGATIVE_REGULATION_OF_PROTEIN_IMPORT_INTO_NUCLEUS
GOBP_NEGATIVE_REGULATION_OF_PROTEIN_LOCALIZATION	229	108	54	54	GOBP_NEGATIVE_REGULATION_OF_PROTEIN_LOCALIZATION
GOBP_NEGATIVE_REGULATION_OF_PROTEIN_LOCALIZATION_TO_CELL_PERIPHERY	32	15	8	7	GOBP_NEGATIVE_REGULATION_OF_PROTEIN_LOCALIZATION_TO_CELL_PERIPHERY
GOBP_NEGATIVE_REGULATION_OF_PROTEIN_LOCALIZATION_TO_CELL_SURFACE	12	3	2	1	GOBP_NEGATIVE_REGULATION_OF_PROTEIN_LOCALIZATION_TO_CELL_SURFACE
GOBP_NEGATIVE_REGULATION_OF_PROTEIN_LOCALIZATION_TO_CHROMATIN	7	3	2	1	GOBP_NEGATIVE_REGULATION_OF_PROTEIN_LOCALIZATION_TO_CHROMATIN
GOBP_NEGATIVE_REGULATION_OF_PROTEIN_LOCALIZATION_TO_MEMBRANE	39	15	8	7	GOBP_NEGATIVE_REGULATION_OF_PROTEIN_LOCALIZATION_TO_MEMBRANE
GOBP_NEGATIVE_REGULATION_OF_PROTEIN_LOCALIZATION_TO_NUCLEUS	40	16	8	8	GOBP_NEGATIVE_REGULATION_OF_PROTEIN_LOCALIZATION_TO_NUCLEUS
GOBP_NEGATIVE_REGULATION_OF_PROTEIN_MATURATION	25	13	7	6	GOBP_NEGATIVE_REGULATION_OF_PROTEIN_MATURATION
GOBP_NEGATIVE_REGULATION_OF_PROTEIN_METABOLIC_PROCESS	647	250	125	125	GOBP_NEGATIVE_REGULATION_OF_PROTEIN_METABOLIC_PROCESS
GOBP_NEGATIVE_REGULATION_OF_PROTEIN_MODIFICATION_PROCESS	222	82	41	41	GOBP_NEGATIVE_REGULATION_OF_PROTEIN_MODIFICATION_PROCESS
GOBP_NEGATIVE_REGULATION_OF_PROTEIN_POLYMERIZATION	75	34	17	17	GOBP_NEGATIVE_REGULATION_OF_PROTEIN_POLYMERIZATION
GOBP_NEGATIVE_REGULATION_OF_PROTEIN_SECRETION	77	48	24	24	GOBP_NEGATIVE_REGULATION_OF_PROTEIN_SECRETION
GOBP_NEGATIVE_REGULATION_OF_PROTEIN_SERINE_THREONINE_KINASE_ACTIVITY	38	16	8	8	GOBP_NEGATIVE_REGULATION_OF_PROTEIN_SERINE_THREONINE_KINASE_ACTIVITY
GOBP_NEGATIVE_REGULATION_OF_PROTEIN_TARGETING_TO_MITOCHONDRION	6	4	2	2	GOBP_NEGATIVE_REGULATION_OF_PROTEIN_TARGETING_TO_MITOCHONDRION
GOBP_NEGATIVE_REGULATION_OF_PROTEIN_TYROSINE_KINASE_ACTIVITY	13	4	2	2	GOBP_NEGATIVE_REGULATION_OF_PROTEIN_TYROSINE_KINASE_ACTIVITY
GOBP_NEGATIVE_REGULATION_OF_PROTEIN_UBIQUITINATION	78	25	13	12	GOBP_NEGATIVE_REGULATION_OF_PROTEIN_UBIQUITINATION
GOBP_NEGATIVE_REGULATION_OF_PROTEOLYSIS	143	61	31	30	GOBP_NEGATIVE_REGULATION_OF_PROTEOLYSIS
GOBP_NEGATIVE_REGULATION_OF_PROTEOLYSIS_INVOLVED_IN_PROTEIN_CATABOLIC_PROCESS	77	25	13	12	GOBP_NEGATIVE_REGULATION_OF_PROTEOLYSIS_INVOLVED_IN_PROTEIN_CATABOLIC_PROCESS
GOBP_NEGATIVE_REGULATION_OF_RAS_PROTEIN_SIGNAL_TRANSDUCTION	24	8	4	4	GOBP_NEGATIVE_REGULATION_OF_RAS_PROTEIN_SIGNAL_TRANSDUCTION
GOBP_NEGATIVE_REGULATION_OF_REACTIVE_OXYGEN_SPECIES_BIOSYNTHETIC_PROCESS	20	6	3	3	GOBP_NEGATIVE_REGULATION_OF_REACTIVE_OXYGEN_SPECIES_BIOSYNTHETIC_PROCESS
GOBP_NEGATIVE_REGULATION_OF_REACTIVE_OXYGEN_SPECIES_METABOLIC_PROCESS	43	23	12	11	GOBP_NEGATIVE_REGULATION_OF_REACTIVE_OXYGEN_SPECIES_METABOLIC_PROCESS
GOBP_NEGATIVE_REGULATION_OF_RECEPTOR_INTERNALIZATION	17	5	3	2	GOBP_NEGATIVE_REGULATION_OF_RECEPTOR_INTERNALIZATION
GOBP_NEGATIVE_REGULATION_OF_RECEPTOR_MEDIATED_ENDOCYTOSIS	35	9	5	4	GOBP_NEGATIVE_REGULATION_OF_RECEPTOR_MEDIATED_ENDOCYTOSIS
GOBP_NEGATIVE_REGULATION_OF_RECEPTOR_RECYCLING	5	3	2	1	GOBP_NEGATIVE_REGULATION_OF_RECEPTOR_RECYCLING
GOBP_NEGATIVE_REGULATION_OF_RECEPTOR_SIGNALING_PATHWAY_VIA_JAK_STAT	24	12	6	6	GOBP_NEGATIVE_REGULATION_OF_RECEPTOR_SIGNALING_PATHWAY_VIA_JAK_STAT
GOBP_NEGATIVE_REGULATION_OF_RECEPTOR_SIGNALING_PATHWAY_VIA_STAT	37	14	7	7	GOBP_NEGATIVE_REGULATION_OF_RECEPTOR_SIGNALING_PATHWAY_VIA_STAT
GOBP_NEGATIVE_REGULATION_OF_REGULATED_SECRETORY_PATHWAY	26	11	6	5	GOBP_NEGATIVE_REGULATION_OF_REGULATED_SECRETORY_PATHWAY
GOBP_NEGATIVE_REGULATION_OF_REGULATORY_T_CELL_DIFFERENTIATION	7	3	2	1	GOBP_NEGATIVE_REGULATION_OF_REGULATORY_T_CELL_DIFFERENTIATION
GOBP_NEGATIVE_REGULATION_OF_RELAXATION_OF_MUSCLE	7	4	2	2	GOBP_NEGATIVE_REGULATION_OF_RELAXATION_OF_MUSCLE
GOBP_NEGATIVE_REGULATION_OF_RELEASE_OF_CYTOCHROME_C_FROM_MITOCHONDRIA	20	6	3	3	GOBP_NEGATIVE_REGULATION_OF_RELEASE_OF_CYTOCHROME_C_FROM_MITOCHONDRIA
GOBP_NEGATIVE_REGULATION_OF_RELEASE_OF_SEQUESTERED_CALCIUM_ION_INTO_CYTOSOL	6	4	2	2	GOBP_NEGATIVE_REGULATION_OF_RELEASE_OF_SEQUESTERED_CALCIUM_ION_INTO_CYTOSOL
GOBP_NEGATIVE_REGULATION_OF_REPRODUCTIVE_PROCESS	78	53	27	26	GOBP_NEGATIVE_REGULATION_OF_REPRODUCTIVE_PROCESS
GOBP_NEGATIVE_REGULATION_OF_RESPIRATORY_BURST	6	4	2	2	GOBP_NEGATIVE_REGULATION_OF_RESPIRATORY_BURST
GOBP_NEGATIVE_REGULATION_OF_RESPIRATORY_BURST_INVOLVED_IN_INFLAMMATORY_RESPONSE	5	4	2	2	GOBP_NEGATIVE_REGULATION_OF_RESPIRATORY_BURST
GOBP_NEGATIVE_REGULATION_OF_RESPONSE_TO_BIOTIC_STIMULUS	135	66	33	33	GOBP_NEGATIVE_REGULATION_OF_RESPONSE_TO_BIOTIC_STIMULUS
GOBP_NEGATIVE_REGULATION_OF_RESPONSE_TO_CYTOKINE_STIMULUS	110	48	24	24	GOBP_NEGATIVE_REGULATION_OF_RESPONSE_TO_CYTOKINE_STIMULUS
GOBP_NEGATIVE_REGULATION_OF_RESPONSE_TO_ENDOPLASMIC_RETICULUM_STRESS	51	19	10	9	GOBP_NEGATIVE_REGULATION_OF_RESPONSE_TO_ENDOPLASMIC_RETICULUM_STRESS
GOBP_NEGATIVE_REGULATION_OF_RESPONSE_TO_EXTERNAL_STIMULUS	442	228	114	114	GOBP_NEGATIVE_REGULATION_OF_RESPONSE_TO_EXTERNAL_STIMULUS
GOBP_NEGATIVE_REGULATION_OF_RESPONSE_TO_NUTRIENT_LEVELS	13	6	3	3	GOBP_NEGATIVE_REGULATION_OF_RESPONSE_TO_NUTRIENT_LEVELS
GOBP_NEGATIVE_REGULATION_OF_RESPONSE_TO_OXIDATIVE_STRESS	12	5	3	2	GOBP_NEGATIVE_REGULATION_OF_RESPONSE_TO_OXIDATIVE_STRESS
GOBP_NEGATIVE_REGULATION_OF_RESPONSE_TO_STIMULUS	1867	872	436	436	GOBP_NEGATIVE_REGULATION_OF_RESPONSE_TO_STIMULUS
GOBP_NEGATIVE_REGULATION_OF_RESPONSE_TO_TUMOR_CELL	10	8	4	4	GOBP_NEGATIVE_REGULATION_OF_RESPONSE_TO_TUMOR_CELL
GOBP_NEGATIVE_REGULATION_OF_RESPONSE_TO_TYPE_II_INTERFERON	8	3	2	1	GOBP_NEGATIVE_REGULATION_OF_RESPONSE_TO_TYPE_II_INTERFERON
GOBP_NEGATIVE_REGULATION_OF_RESPONSE_TO_WOUNDING	99	62	31	31	GOBP_NEGATIVE_REGULATION_OF_RESPONSE_TO_WOUNDING
GOBP_NEGATIVE_REGULATION_OF_RETINOIC_ACID_RECEPTOR_SIGNALING_PATHWAY	10	7	4	3	GOBP_NEGATIVE_REGULATION_OF_RETINOIC_ACID_RECEPTOR_SIGNALING_PATHWAY
GOBP_NEGATIVE_REGULATION_OF_RHO_PROTEIN_SIGNAL_TRANSDUCTION	25	11	6	5	GOBP_NEGATIVE_REGULATION_OF_RHO_PROTEIN_SIGNAL_TRANSDUCTION
GOBP_NEGATIVE_REGULATION_OF_RNA_CATABOLIC_PROCESS	96	47	24	23	GOBP_NEGATIVE_REGULATION_OF_RNA_CATABOLIC_PROCESS
GOBP_NEGATIVE_REGULATION_OF_RNA_METABOLIC_PROCESS	1427	639	320	319	GOBP_NEGATIVE_REGULATION_OF_RNA_METABOLIC_PROCESS
GOBP_NEGATIVE_REGULATION_OF_RNA_SPLICING	27	7	4	3	GOBP_NEGATIVE_REGULATION_OF_RNA_SPLICING
GOBP_NEGATIVE_REGULATION_OF_RUFFLE_ASSEMBLY	7	5	3	2	GOBP_NEGATIVE_REGULATION_OF_RUFFLE_ASSEMBLY
GOBP_NEGATIVE_REGULATION_OF_SATELLITE_CELL_DIFFERENTIATION	5	4	2	2	GOBP_NEGATIVE_REGULATION_OF_SATELLITE_CELL_DIFFERENTIATION
GOBP_NEGATIVE_REGULATION_OF_SCHWANN_CELL_PROLIFERATION	8	3	2	1	GOBP_NEGATIVE_REGULATION_OF_SCHWANN_CELL_PROLIFERATION
GOBP_NEGATIVE_REGULATION_OF_SECONDARY_METABOLITE_BIOSYNTHETIC_PROCESS	5	3	2	1	GOBP_NEGATIVE_REGULATION_OF_SECONDARY_METABOLITE_BIOSYNTHETIC_PROCESS
GOBP_NEGATIVE_REGULATION_OF_SECRETION	179	109	55	54	GOBP_NEGATIVE_REGULATION_OF_SECRETION
GOBP_NEGATIVE_REGULATION_OF_SIGNALING	1605	748	374	374	GOBP_NEGATIVE_REGULATION_OF_SIGNALING
GOBP_NEGATIVE_REGULATION_OF_SIGNALING_RECEPTOR_ACTIVITY	14	4	2	2	GOBP_NEGATIVE_REGULATION_OF_SIGNALING_RECEPTOR_ACTIVITY
GOBP_NEGATIVE_REGULATION_OF_SIGNAL_TRANSDUCTION_BY_P53_CLASS_MEDIATOR	41	17	9	8	GOBP_NEGATIVE_REGULATION_OF_SIGNAL_TRANSDUCTION_BY_P53_CLASS_MEDIATOR
GOBP_NEGATIVE_REGULATION_OF_SIGNAL_TRANSDUCTION_IN_ABSENCE_OF_LIGAND	37	21	11	10	GOBP_NEGATIVE_REGULATION_OF_SIGNAL_TRANSDUCTION_IN_ABSENCE_OF_LIGAND
GOBP_NEGATIVE_REGULATION_OF_SINGLE_STRANDED_VIRAL_RNA_REPLICATION_VIA_DOUBLE_STRANDED_DNA_INTERMEDIATE	11	5	3	2	GOBP_NEGATIVE_REGULATION_OF_SINGLE_STRANDED_VIRAL_RNA_REPLICATION_VIA_DOUBLE_STRANDED_DNA_INTERMEDIATE
GOBP_NEGATIVE_REGULATION_OF_SISTER_CHROMATID_COHESION	5	3	2	1	GOBP_NEGATIVE_REGULATION_OF_SISTER_CHROMATID_COHESION
GOBP_NEGATIVE_REGULATION_OF_SKELETAL_MUSCLE_CELL_DIFFERENTIATION	7	6	3	3	GOBP_NEGATIVE_REGULATION_OF_SKELETAL_MUSCLE_CELL_DIFFERENTIATION
GOBP_NEGATIVE_REGULATION_OF_SKELETAL_MUSCLE_CELL_PROLIFERATION	5	4	2	2	GOBP_NEGATIVE_REGULATION_OF_SKELETAL_MUSCLE_CELL_PROLIFERATION
GOBP_NEGATIVE_REGULATION_OF_SMAD_PROTEIN_SIGNAL_TRANSDUCTION	42	16	8	8	GOBP_NEGATIVE_REGULATION_OF_SMAD_PROTEIN_SIGNAL_TRANSDUCTION
GOBP_NEGATIVE_REGULATION_OF_SMALL_GTPASE_MEDIATED_SIGNAL_TRANSDUCTION	67	25	13	12	GOBP_NEGATIVE_REGULATION_OF_SMALL_GTPASE_MEDIATED_SIGNAL_TRANSDUCTION
GOBP_NEGATIVE_REGULATION_OF_SMALL_MOLECULE_METABOLIC_PROCESS	131	66	33	33	GOBP_NEGATIVE_REGULATION_OF_SMALL_MOLECULE_METABOLIC_PROCESS
GOBP_NEGATIVE_REGULATION_OF_SMOOTHENED_SIGNALING_PATHWAY	37	14	7	7	GOBP_NEGATIVE_REGULATION_OF_SMOOTHENED_SIGNALING_PATHWAY
GOBP_NEGATIVE_REGULATION_OF_SMOOTH_MUSCLE_CELL_APOPTOTIC_PROCESS	19	7	4	3	GOBP_NEGATIVE_REGULATION_OF_SMOOTH_MUSCLE_CELL_APOPTOTIC_PROCESS
GOBP_NEGATIVE_REGULATION_OF_SMOOTH_MUSCLE_CELL_CHEMOTAXIS	5	3	2	1	GOBP_NEGATIVE_REGULATION_OF_SMOOTH_MUSCLE_CELL_CHEMOTAXIS
GOBP_NEGATIVE_REGULATION_OF_SMOOTH_MUSCLE_CELL_DIFFERENTIATION	23	10	5	5	GOBP_NEGATIVE_REGULATION_OF_SMOOTH_MUSCLE_CELL_DIFFERENTIATION
GOBP_NEGATIVE_REGULATION_OF_SMOOTH_MUSCLE_CELL_MIGRATION	40	15	8	7	GOBP_NEGATIVE_REGULATION_OF_SMOOTH_MUSCLE_CELL_MIGRATION
GOBP_NEGATIVE_REGULATION_OF_SMOOTH_MUSCLE_CELL_PROLIFERATION	71	37	19	18	GOBP_NEGATIVE_REGULATION_OF_SMOOTH_MUSCLE_CELL_PROLIFERATION
GOBP_NEGATIVE_REGULATION_OF_SMOOTH_MUSCLE_CONTRACTION	14	5	3	2	GOBP_NEGATIVE_REGULATION_OF_SMOOTH_MUSCLE_CONTRACTION
GOBP_NEGATIVE_REGULATION_OF_SODIUM_ION_TRANSMEMBRANE_TRANSPORT	12	5	3	2	GOBP_NEGATIVE_REGULATION_OF_SODIUM_ION_TRANSMEMBRANE_TRANSPORT
GOBP_NEGATIVE_REGULATION_OF_SODIUM_ION_TRANSPORT	17	7	4	3	GOBP_NEGATIVE_REGULATION_OF_SODIUM_ION_TRANSPORT
GOBP_NEGATIVE_REGULATION_OF_SOMATIC_STEM_CELL_POPULATION_MAINTENANCE	5	4	2	2	GOBP_MESENCHYMAL_STEM_CELL_MAINTENANCE_INVOLVED_IN_NEPHRON_MORPHOGENESIS
GOBP_NEGATIVE_REGULATION_OF_SPROUTING_ANGIOGENESIS	30	7	4	3	GOBP_NEGATIVE_REGULATION_OF_SPROUTING_ANGIOGENESIS
GOBP_NEGATIVE_REGULATION_OF_STEM_CELL_DIFFERENTIATION	26	12	6	6	GOBP_NEGATIVE_REGULATION_OF_STEM_CELL_DIFFERENTIATION
GOBP_NEGATIVE_REGULATION_OF_STEM_CELL_POPULATION_MAINTENANCE	26	14	7	7	GOBP_NEGATIVE_REGULATION_OF_STEM_CELL_POPULATION_MAINTENANCE
GOBP_NEGATIVE_REGULATION_OF_STEM_CELL_PROLIFERATION	28	12	6	6	GOBP_NEGATIVE_REGULATION_OF_STEM_CELL_PROLIFERATION
GOBP_NEGATIVE_REGULATION_OF_STEROID_BIOSYNTHETIC_PROCESS	30	17	9	8	GOBP_NEGATIVE_REGULATION_OF_STEROID_BIOSYNTHETIC_PROCESS
GOBP_NEGATIVE_REGULATION_OF_STEROID_METABOLIC_PROCESS	36	19	10	9	GOBP_NEGATIVE_REGULATION_OF_STEROID_METABOLIC_PROCESS
GOBP_NEGATIVE_REGULATION_OF_STEROL_TRANSPORT	34	10	5	5	GOBP_NEGATIVE_REGULATION_OF_STEROL_TRANSPORT
GOBP_NEGATIVE_REGULATION_OF_STRESS_ACTIVATED_PROTEIN_KINASE_SIGNALING_CASCADE	10	6	3	3	GOBP_NEGATIVE_REGULATION_OF_STRESS_ACTIVATED_PROTEIN_KINASE_SIGNALING_CASCADE
GOBP_NEGATIVE_REGULATION_OF_STRIATED_MUSCLE_CELL_APOPTOTIC_PROCESS	38	15	8	7	GOBP_NEGATIVE_REGULATION_OF_STRIATED_MUSCLE_CELL_APOPTOTIC_PROCESS
GOBP_NEGATIVE_REGULATION_OF_STRIATED_MUSCLE_CELL_DIFFERENTIATION	44	24	12	12	GOBP_NEGATIVE_REGULATION_OF_STRIATED_MUSCLE_CELL_DIFFERENTIATION
GOBP_NEGATIVE_REGULATION_OF_STRIATED_MUSCLE_CONTRACTION	9	4	2	2	GOBP_NEGATIVE_REGULATION_OF_STRIATED_MUSCLE_CONTRACTION
GOBP_NEGATIVE_REGULATION_OF_SUBSTRATE_ADHESION_DEPENDENT_CELL_SPREADING	14	8	4	4	GOBP_NEGATIVE_REGULATION_OF_SUBSTRATE_ADHESION_DEPENDENT_CELL_SPREADING
GOBP_NEGATIVE_REGULATION_OF_SUPRAMOLECULAR_FIBER_ORGANIZATION	172	85	43	42	GOBP_NEGATIVE_REGULATION_OF_SUPRAMOLECULAR_FIBER_ORGANIZATION
GOBP_NEGATIVE_REGULATION_OF_SYNAPSE_ASSEMBLY	9	5	3	2	GOBP_NEGATIVE_REGULATION_OF_SYNAPSE_ASSEMBLY
GOBP_NEGATIVE_REGULATION_OF_SYNAPSE_ORGANIZATION	14	9	5	4	GOBP_NEGATIVE_REGULATION_OF_SYNAPSE_ORGANIZATION
GOBP_NEGATIVE_REGULATION_OF_SYNAPTIC_TRANSMISSION	57	36	18	18	GOBP_NEGATIVE_REGULATION_OF_SYNAPTIC_TRANSMISSION
GOBP_NEGATIVE_REGULATION_OF_SYNAPTIC_TRANSMISSION_GLUTAMATERGIC	10	6	3	3	GOBP_NEGATIVE_REGULATION_OF_SYNAPTIC_TRANSMISSION_GLUTAMATERGIC
GOBP_NEGATIVE_REGULATION_OF_SYNCYTIUM_FORMATION_BY_PLASMA_MEMBRANE_FUSION	5	3	2	1	GOBP_NEGATIVE_REGULATION_OF_SYNCYTIUM_FORMATION_BY_PLASMA_MEMBRANE_FUSION
GOBP_NEGATIVE_REGULATION_OF_SYSTEMIC_ARTERIAL_BLOOD_PRESSURE	26	17	9	8	GOBP_NEGATIVE_REGULATION_OF_SYSTEMIC_ARTERIAL_BLOOD_PRESSURE
GOBP_NEGATIVE_REGULATION_OF_TELOMERE_MAINTENANCE	39	9	5	4	GOBP_NEGATIVE_REGULATION_OF_TELOMERE_MAINTENANCE
GOBP_NEGATIVE_REGULATION_OF_TELOMERE_MAINTENANCE_VIA_TELOMERASE	22	6	3	3	GOBP_NEGATIVE_REGULATION_OF_TELOMERE_MAINTENANCE_VIA_TELOMERASE
GOBP_NEGATIVE_REGULATION_OF_TELOMERE_MAINTENANCE_VIA_TELOMERE_LENGTHENING	30	6	3	3	GOBP_NEGATIVE_REGULATION_OF_TELOMERE_MAINTENANCE_VIA_TELOMERASE
GOBP_NEGATIVE_REGULATION_OF_THYMOCYTE_APOPTOTIC_PROCESS	10	7	4	3	GOBP_NEGATIVE_REGULATION_OF_THYMOCYTE_APOPTOTIC_PROCESS
GOBP_NEGATIVE_REGULATION_OF_TISSUE_REMODELING	22	15	8	7	GOBP_NEGATIVE_REGULATION_OF_TISSUE_REMODELING
GOBP_NEGATIVE_REGULATION_OF_TOLL_LIKE_RECEPTOR_4_SIGNALING_PATHWAY	21	6	3	3	GOBP_NEGATIVE_REGULATION_OF_TOLL_LIKE_RECEPTOR_4_SIGNALING_PATHWAY
GOBP_NEGATIVE_REGULATION_OF_TOLL_LIKE_RECEPTOR_9_SIGNALING_PATHWAY	5	3	2	1	GOBP_NEGATIVE_REGULATION_OF_TOLL_LIKE_RECEPTOR_9_SIGNALING_PATHWAY
GOBP_NEGATIVE_REGULATION_OF_TOLL_LIKE_RECEPTOR_SIGNALING_PATHWAY	22	4	2	2	GOBP_NEGATIVE_REGULATION_OF_TOLL_LIKE_RECEPTOR_SIGNALING_PATHWAY
GOBP_NEGATIVE_REGULATION_OF_TORC1_SIGNALING	51	18	9	9	GOBP_NEGATIVE_REGULATION_OF_TORC1_SIGNALING
GOBP_NEGATIVE_REGULATION_OF_TOR_SIGNALING	76	24	12	12	GOBP_NEGATIVE_REGULATION_OF_TOR_SIGNALING
GOBP_NEGATIVE_REGULATION_OF_TRANSCRIPTION_BY_COMPETITIVE_PROMOTER_BINDING	13	8	4	4	GOBP_NEGATIVE_REGULATION_OF_TRANSCRIPTION_BY_COMPETITIVE_PROMOTER_BINDING
GOBP_NEGATIVE_REGULATION_OF_TRANSCRIPTION_BY_RNA_POLYMERASE_I	11	5	3	2	GOBP_NEGATIVE_REGULATION_OF_TRANSCRIPTION_BY_RNA_POLYMERASE_I
GOBP_NEGATIVE_REGULATION_OF_TRANSCRIPTION_BY_RNA_POLYMERASE_II	969	446	223	223	GOBP_NEGATIVE_REGULATION_OF_TRANSCRIPTION_BY_RNA_POLYMERASE_II
GOBP_NEGATIVE_REGULATION_OF_TRANSCRIPTION_REGULATORY_REGION_DNA_BINDING	5	3	2	1	GOBP_NEGATIVE_REGULATION_OF_TRANSCRIPTION_REGULATORY_REGION_DNA_BINDING
GOBP_NEGATIVE_REGULATION_OF_TRANSFERASE_ACTIVITY	103	37	19	18	GOBP_NEGATIVE_REGULATION_OF_TRANSFERASE_ACTIVITY
GOBP_NEGATIVE_REGULATION_OF_TRANSFORMING_GROWTH_FACTOR_BETA1_PRODUCTION	6	3	2	1	GOBP_NEGATIVE_REGULATION_OF_TRANSFORMING_GROWTH_FACTOR_BETA1_PRODUCTION
GOBP_NEGATIVE_REGULATION_OF_TRANSFORMING_GROWTH_FACTOR_BETA_PRODUCTION	11	8	4	4	GOBP_NEGATIVE_REGULATION_OF_TRANSFORMING_GROWTH_FACTOR_BETA_PRODUCTION
GOBP_NEGATIVE_REGULATION_OF_TRANSFORMING_GROWTH_FACTOR_BETA_RECEPTOR_SIGNALING_PATHWAY	134	59	30	29	GOBP_NEGATIVE_REGULATION_OF_TRANSFORMING_GROWTH_FACTOR_BETA_RECEPTOR_SIGNALING_PATHWAY
GOBP_NEGATIVE_REGULATION_OF_TRANSLATION	216	58	29	29	GOBP_NEGATIVE_REGULATION_OF_TRANSLATION
GOBP_NEGATIVE_REGULATION_OF_TRANSLATIONAL_ELONGATION	6	3	2	1	GOBP_NEGATIVE_REGULATION_OF_TRANSLATIONAL_ELONGATION
GOBP_NEGATIVE_REGULATION_OF_TRANSLATIONAL_INITIATION	25	8	4	4	GOBP_NEGATIVE_REGULATION_OF_TRANSLATIONAL_INITIATION
GOBP_NEGATIVE_REGULATION_OF_TRANSLATION_IN_RESPONSE_TO_STRESS	7	3	2	1	GOBP_NEGATIVE_REGULATION_OF_TRANSLATION_IN_RESPONSE_TO_STRESS
GOBP_NEGATIVE_REGULATION_OF_TRANSMEMBRANE_RECEPTOR_PROTEIN_SERINE_THREONINE_KINASE_SIGNALING_PATHWAY	208	92	46	46	GOBP_NEGATIVE_REGULATION_OF_TRANSMEMBRANE_RECEPTOR_PROTEIN_SERINE_THREONINE_KINASE_SIGNALING_PATHWAY
GOBP_NEGATIVE_REGULATION_OF_TRANSMEMBRANE_TRANSPORT	134	52	26	26	GOBP_NEGATIVE_REGULATION_OF_TRANSMEMBRANE_TRANSPORT
GOBP_NEGATIVE_REGULATION_OF_TRANSMISSION_OF_NERVE_IMPULSE	5	5	3	2	GOBP_NEGATIVE_REGULATION_OF_TRANSMISSION_OF_NERVE_IMPULSE
GOBP_NEGATIVE_REGULATION_OF_TRANSPORT	468	223	112	111	GOBP_NEGATIVE_REGULATION_OF_TRANSPORT
GOBP_NEGATIVE_REGULATION_OF_TRANSPORTER_ACTIVITY	32	17	9	8	GOBP_NEGATIVE_REGULATION_OF_TRANSPORTER_ACTIVITY
GOBP_NEGATIVE_REGULATION_OF_TRIGLYCERIDE_CATABOLIC_PROCESS	6	3	2	1	GOBP_NEGATIVE_REGULATION_OF_TRIGLYCERIDE_CATABOLIC_PROCESS
GOBP_NEGATIVE_REGULATION_OF_TRIGLYCERIDE_METABOLIC_PROCESS	17	5	3	2	GOBP_NEGATIVE_REGULATION_OF_TRIGLYCERIDE_METABOLIC_PROCESS
GOBP_NEGATIVE_REGULATION_OF_TROPHOBLAST_CELL_MIGRATION	8	6	3	3	GOBP_NEGATIVE_REGULATION_OF_TROPHOBLAST_CELL_MIGRATION
GOBP_NEGATIVE_REGULATION_OF_TUMOR_NECROSIS_FACTOR_MEDIATED_SIGNALING_PATHWAY	37	15	8	7	GOBP_NEGATIVE_REGULATION_OF_TUMOR_NECROSIS_FACTOR_MEDIATED_SIGNALING_PATHWAY
GOBP_NEGATIVE_REGULATION_OF_TUMOR_NECROSIS_FACTOR_SUPERFAMILY_CYTOKINE_PRODUCTION	84	39	20	19	GOBP_NEGATIVE_REGULATION_OF_TUMOR_NECROSIS_FACTOR_SUPERFAMILY_CYTOKINE_PRODUCTION
GOBP_NEGATIVE_REGULATION_OF_TYPE_2_IMMUNE_RESPONSE	15	8	4	4	GOBP_NEGATIVE_REGULATION_OF_TYPE_2_IMMUNE_RESPONSE
GOBP_NEGATIVE_REGULATION_OF_TYPE_II_INTERFERON_PRODUCTION	44	26	13	13	GOBP_NEGATIVE_REGULATION_OF_TYPE_II_INTERFERON_PRODUCTION
GOBP_NEGATIVE_REGULATION_OF_TYPE_I_INTERFERON_MEDIATED_SIGNALING_PATHWAY	23	9	5	4	GOBP_NEGATIVE_REGULATION_OF_TYPE_I_INTERFERON_MEDIATED_SIGNALING_PATHWAY
GOBP_NEGATIVE_REGULATION_OF_TYPE_I_INTERFERON_PRODUCTION	48	14	7	7	GOBP_NEGATIVE_REGULATION_OF_TYPE_I_INTERFERON_PRODUCTION
GOBP_NEGATIVE_REGULATION_OF_T_CELL_APOPTOTIC_PROCESS	25	17	9	8	GOBP_NEGATIVE_REGULATION_OF_T_CELL_APOPTOTIC_PROCESS
GOBP_NEGATIVE_REGULATION_OF_T_CELL_CYTOKINE_PRODUCTION	11	7	4	3	GOBP_NEGATIVE_REGULATION_OF_T_CELL_CYTOKINE_PRODUCTION
GOBP_NEGATIVE_REGULATION_OF_T_CELL_DIFFERENTIATION	54	31	16	15	GOBP_NEGATIVE_REGULATION_OF_T_CELL_DIFFERENTIATION
GOBP_NEGATIVE_REGULATION_OF_T_CELL_DIFFERENTIATION_IN_THYMUS	11	5	3	2	GOBP_NEGATIVE_REGULATION_OF_T_CELL_DIFFERENTIATION_IN_THYMUS
GOBP_NEGATIVE_REGULATION_OF_T_CELL_MEDIATED_CYTOTOXICITY	10	9	5	4	GOBP_NEGATIVE_REGULATION_OF_T_CELL_MEDIATED_CYTOTOXICITY
GOBP_NEGATIVE_REGULATION_OF_T_CELL_MEDIATED_IMMUNE_RESPONSE_TO_TUMOR_CELL	7	5	3	2	GOBP_NEGATIVE_REGULATION_OF_T_CELL_MEDIATED_IMMUNE_RESPONSE_TO_TUMOR_CELL
GOBP_NEGATIVE_REGULATION_OF_T_CELL_MEDIATED_IMMUNITY	33	22	11	11	GOBP_NEGATIVE_REGULATION_OF_T_CELL_MEDIATED_IMMUNITY
GOBP_NEGATIVE_REGULATION_OF_T_CELL_MIGRATION	7	5	3	2	GOBP_NEGATIVE_REGULATION_OF_T_CELL_MIGRATION
GOBP_NEGATIVE_REGULATION_OF_T_CELL_PROLIFERATION	79	42	21	21	GOBP_NEGATIVE_REGULATION_OF_T_CELL_PROLIFERATION
GOBP_NEGATIVE_REGULATION_OF_T_CELL_RECEPTOR_SIGNALING_PATHWAY	30	14	7	7	GOBP_NEGATIVE_REGULATION_OF_T_CELL_RECEPTOR_SIGNALING_PATHWAY
GOBP_NEGATIVE_REGULATION_OF_T_HELPER_17_CELL_LINEAGE_COMMITMENT	7	5	3	2	GOBP_NEGATIVE_REGULATION_OF_T_HELPER_17_CELL_LINEAGE_COMMITMENT
GOBP_NEGATIVE_REGULATION_OF_T_HELPER_17_TYPE_IMMUNE_RESPONSE	16	10	5	5	GOBP_NEGATIVE_REGULATION_OF_T_HELPER_17_TYPE_IMMUNE_RESPONSE
GOBP_NEGATIVE_REGULATION_OF_T_HELPER_1_TYPE_IMMUNE_RESPONSE	9	6	3	3	GOBP_NEGATIVE_REGULATION_OF_T_HELPER_1_TYPE_IMMUNE_RESPONSE
GOBP_NEGATIVE_REGULATION_OF_T_HELPER_2_CELL_DIFFERENTIATION	5	4	2	2	GOBP_NEGATIVE_REGULATION_OF_T_HELPER_2_CELL_DIFFERENTIATION
GOBP_NEGATIVE_REGULATION_OF_T_HELPER_CELL_DIFFERENTIATION	21	13	7	6	GOBP_NEGATIVE_REGULATION_OF_T_HELPER_CELL_DIFFERENTIATION
GOBP_NEGATIVE_REGULATION_OF_UBIQUITIN_DEPENDENT_PROTEIN_CATABOLIC_PROCESS	58	21	11	10	GOBP_NEGATIVE_REGULATION_OF_UBIQUITIN_DEPENDENT_PROTEIN_CATABOLIC_PROCESS
GOBP_NEGATIVE_REGULATION_OF_VASCULAR_ASSOCIATED_SMOOTH_MUSCLE_CELL_DIFFERENTIATION	13	4	2	2	GOBP_NEGATIVE_REGULATION_OF_VASCULAR_ASSOCIATED_SMOOTH_MUSCLE_CELL_DIFFERENTIATION
GOBP_NEGATIVE_REGULATION_OF_VASCULAR_ASSOCIATED_SMOOTH_MUSCLE_CELL_MIGRATION	26	4	2	2	GOBP_NEGATIVE_REGULATION_OF_VASCULAR_ASSOCIATED_SMOOTH_MUSCLE_CELL_MIGRATION
GOBP_NEGATIVE_REGULATION_OF_VASCULAR_ASSOCIATED_SMOOTH_MUSCLE_CELL_PROLIFERATION	43	15	8	7	GOBP_NEGATIVE_REGULATION_OF_VASCULAR_ASSOCIATED_SMOOTH_MUSCLE_CELL_PROLIFERATION
GOBP_NEGATIVE_REGULATION_OF_VASCULAR_ENDOTHELIAL_CELL_PROLIFERATION	25	4	2	2	GOBP_NEGATIVE_REGULATION_OF_VASCULAR_ENDOTHELIAL_CELL_PROLIFERATION
GOBP_NEGATIVE_REGULATION_OF_VASCULAR_ENDOTHELIAL_GROWTH_FACTOR_RECEPTOR_SIGNALING_PATHWAY	12	4	2	2	GOBP_NEGATIVE_REGULATION_OF_VASCULAR_ENDOTHELIAL_GROWTH_FACTOR_RECEPTOR_SIGNALING_PATHWAY
GOBP_NEGATIVE_REGULATION_OF_VASCULAR_PERMEABILITY	20	16	8	8	GOBP_NEGATIVE_REGULATION_OF_VASCULAR_PERMEABILITY
GOBP_NEGATIVE_REGULATION_OF_VASCULAR_WOUND_HEALING	8	5	3	2	GOBP_NEGATIVE_REGULATION_OF_VASCULAR_WOUND_HEALING
GOBP_NEGATIVE_REGULATION_OF_VASCULATURE_DEVELOPMENT	167	73	37	36	GOBP_NEGATIVE_REGULATION_OF_VASCULATURE_DEVELOPMENT
GOBP_NEGATIVE_REGULATION_OF_VASOCONSTRICTION	14	7	4	3	GOBP_NEGATIVE_REGULATION_OF_VASOCONSTRICTION
GOBP_NEGATIVE_REGULATION_OF_VIRAL_GENOME_REPLICATION	50	29	15	14	GOBP_NEGATIVE_REGULATION_OF_VIRAL_GENOME_REPLICATION
GOBP_NEGATIVE_REGULATION_OF_VIRAL_LIFE_CYCLE	6	3	2	1	GOBP_NEGATIVE_REGULATION_OF_VIRAL_LIFE_CYCLE
GOBP_NEGATIVE_REGULATION_OF_VIRAL_PROCESS	76	39	20	19	GOBP_NEGATIVE_REGULATION_OF_VIRAL_PROCESS
GOBP_NEGATIVE_REGULATION_OF_VIRAL_TRANSCRIPTION	16	5	3	2	GOBP_NEGATIVE_REGULATION_OF_VIRAL_TRANSCRIPTION
GOBP_NEGATIVE_REGULATION_OF_VITAMIN_METABOLIC_PROCESS	6	5	3	2	GOBP_NEGATIVE_REGULATION_OF_VITAMIN_METABOLIC_PROCESS
GOBP_NEGATIVE_REGULATION_OF_VOLTAGE_GATED_CALCIUM_CHANNEL_ACTIVITY	8	3	2	1	GOBP_NEGATIVE_REGULATION_OF_VOLTAGE_GATED_CALCIUM_CHANNEL_ACTIVITY
GOBP_NEGATIVE_REGULATION_OF_WNT_SIGNALING_PATHWAY	184	89	45	44	GOBP_NEGATIVE_REGULATION_OF_WNT_SIGNALING_PATHWAY
GOBP_NEGATIVE_REGULATION_OF_WOUND_HEALING	75	47	24	23	GOBP_NEGATIVE_REGULATION_OF_WOUND_HEALING
GOBP_NEGATIVE_T_CELL_SELECTION	13	11	6	5	GOBP_NEGATIVE_T_CELL_SELECTION
GOBP_NEPHRIC_DUCT_DEVELOPMENT	15	11	6	5	GOBP_NEPHRIC_DUCT_DEVELOPMENT
GOBP_NEPHRIC_DUCT_FORMATION	5	4	2	2	GOBP_NEPHRIC_DUCT_FORMATION
GOBP_NEPHRIC_DUCT_MORPHOGENESIS	11	10	5	5	GOBP_NEPHRIC_DUCT_MORPHOGENESIS
GOBP_NEPHRON_DEVELOPMENT	161	119	60	59	GOBP_NEPHRON_DEVELOPMENT
GOBP_NEPHRON_EPITHELIUM_DEVELOPMENT	122	88	44	44	GOBP_NEPHRON_EPITHELIUM_DEVELOPMENT
GOBP_NEPHRON_TUBULE_EPITHELIAL_CELL_DIFFERENTIATION	14	11	6	5	GOBP_NEPHRON_TUBULE_EPITHELIAL_CELL_DIFFERENTIATION
GOBP_NEPHRON_TUBULE_FORMATION	20	18	9	9	GOBP_NEPHRON_TUBULE_FORMATION
GOBP_NERVE_DEVELOPMENT	97	59	30	29	GOBP_NERVE_DEVELOPMENT
GOBP_NERVE_GROWTH_FACTOR_SIGNALING_PATHWAY	14	6	3	3	GOBP_NERVE_GROWTH_FACTOR_SIGNALING_PATHWAY
GOBP_NERVOUS_SYSTEM_PROCESS	1577	892	446	446	GOBP_NERVOUS_SYSTEM_PROCESS
GOBP_NERVOUS_SYSTEM_PROCESS_INVOLVED_IN_REGULATION_OF_SYSTEMIC_ARTERIAL_BLOOD_PRESSURE	15	9	5	4	GOBP_NERVOUS_SYSTEM_PROCESS_INVOLVED_IN_REGULATION_OF_SYSTEMIC_ARTERIAL_BLOOD_PRESSURE
GOBP_NETRIN_ACTIVATED_SIGNALING_PATHWAY	9	5	3	2	GOBP_NETRIN_ACTIVATED_SIGNALING_PATHWAY
GOBP_NEURAL_CREST_CELL_DIFFERENTIATION	96	64	32	32	GOBP_NEURAL_CREST_CELL_DIFFERENTIATION
GOBP_NEURAL_CREST_CELL_FATE_COMMITMENT	6	6	3	3	GOBP_NEURAL_CREST_CELL_FATE_COMMITMENT
GOBP_NEURAL_CREST_CELL_MIGRATION_INVOLVED_IN_AUTONOMIC_NERVOUS_SYSTEM_DEVELOPMENT	6	6	3	3	GOBP_NEURAL_CREST_CELL_MIGRATION_INVOLVED_IN_AUTONOMIC_NERVOUS_SYSTEM_DEVELOPMENT
GOBP_NEURAL_CREST_FORMATION	15	7	4	3	GOBP_NEURAL_CREST_FORMATION
GOBP_NEURAL_FOLD_FORMATION	8	5	3	2	GOBP_NEURAL_FOLD_FORMATION
GOBP_NEURAL_NUCLEUS_DEVELOPMENT	69	33	17	16	GOBP_NEURAL_NUCLEUS_DEVELOPMENT
GOBP_NEURAL_PLATE_DEVELOPMENT	10	5	3	2	GOBP_NEURAL_PLATE_DEVELOPMENT
GOBP_NEURAL_PLATE_MORPHOGENESIS	6	4	2	2	GOBP_NEURAL_PLATE_MORPHOGENESIS
GOBP_NEURAL_PLATE_PATTERN_SPECIFICATION	9	3	2	1	GOBP_NEURAL_PLATE_PATTERN_SPECIFICATION
GOBP_NEURAL_PLATE_REGIONALIZATION	7	3	2	1	GOBP_NEURAL_PLATE_PATTERN_SPECIFICATION
GOBP_NEURAL_PRECURSOR_CELL_PROLIFERATION	169	98	49	49	GOBP_NEURAL_PRECURSOR_CELL_PROLIFERATION
GOBP_NEURAL_RETINA_DEVELOPMENT	90	57	29	28	GOBP_NEURAL_RETINA_DEVELOPMENT
GOBP_NEURAL_TUBE_DEVELOPMENT	165	74	37	37	GOBP_NEURAL_TUBE_DEVELOPMENT
GOBP_NEURAL_TUBE_FORMATION	105	45	23	22	GOBP_NEURAL_TUBE_FORMATION
GOBP_NEURAL_TUBE_PATTERNING	34	15	8	7	GOBP_NEURAL_TUBE_PATTERNING
GOBP_NEUROBLAST_DIFFERENTIATION	8	6	3	3	GOBP_NEUROBLAST_DIFFERENTIATION
GOBP_NEUROBLAST_DIVISION	15	5	3	2	GOBP_FOREBRAIN_NEUROBLAST_DIVISION
GOBP_NEUROBLAST_MIGRATION	6	5	3	2	GOBP_NEUROBLAST_MIGRATION
GOBP_NEUROBLAST_PROLIFERATION	76	39	20	19	GOBP_NEUROBLAST_PROLIFERATION
GOBP_NEUROENDOCRINE_CELL_DIFFERENTIATION	19	14	7	7	GOBP_NEUROENDOCRINE_CELL_DIFFERENTIATION
GOBP_NEUROEPITHELIAL_CELL_DIFFERENTIATION	47	29	15	14	GOBP_NEUROEPITHELIAL_CELL_DIFFERENTIATION
GOBP_NEUROFIBRILLARY_TANGLE_ASSEMBLY	9	5	3	2	GOBP_NEUROFIBRILLARY_TANGLE_ASSEMBLY
GOBP_NEUROFILAMENT_CYTOSKELETON_ORGANIZATION	10	5	3	2	GOBP_NEUROFILAMENT_CYTOSKELETON_ORGANIZATION
GOBP_NEUROGENESIS	1821	957	479	478	GOBP_NEUROGENESIS
GOBP_NEUROINFLAMMATORY_RESPONSE	87	50	25	25	GOBP_NEUROINFLAMMATORY_RESPONSE
GOBP_NEUROMUSCULAR_JUNCTION_DEVELOPMENT	56	24	12	12	GOBP_NEUROMUSCULAR_JUNCTION_DEVELOPMENT
GOBP_NEUROMUSCULAR_PROCESS	185	98	49	49	GOBP_NEUROMUSCULAR_PROCESS
GOBP_NEUROMUSCULAR_PROCESS_CONTROLLING_BALANCE	59	28	14	14	GOBP_NEUROMUSCULAR_PROCESS_CONTROLLING_BALANCE
GOBP_NEUROMUSCULAR_PROCESS_CONTROLLING_POSTURE	19	7	4	3	GOBP_NEUROMUSCULAR_PROCESS_CONTROLLING_POSTURE
GOBP_NEUROMUSCULAR_SYNAPTIC_TRANSMISSION	37	23	12	11	GOBP_NEUROMUSCULAR_SYNAPTIC_TRANSMISSION
GOBP_NEURONAL_ACTION_POTENTIAL	39	26	13	13	GOBP_NEURONAL_ACTION_POTENTIAL
GOBP_NEURONAL_DENSE_CORE_VESICLE_EXOCYTOSIS	8	3	2	1	GOBP_NEURONAL_DENSE_CORE_VESICLE_EXOCYTOSIS
GOBP_NEURONAL_ION_CHANNEL_CLUSTERING	12	6	3	3	GOBP_NEURONAL_ION_CHANNEL_CLUSTERING
GOBP_NEURONAL_SIGNAL_TRANSDUCTION	8	5	3	2	GOBP_NEURONAL_SIGNAL_TRANSDUCTION
GOBP_NEURONAL_STEM_CELL_POPULATION_MAINTENANCE	24	13	7	6	GOBP_NEURONAL_STEM_CELL_POPULATION_MAINTENANCE
GOBP_NEURON_APOPTOTIC_PROCESS	318	152	76	76	GOBP_NEURON_APOPTOTIC_PROCESS
GOBP_NEURON_CELLULAR_HOMEOSTASIS	64	32	16	16	GOBP_NEURON_CELLULAR_HOMEOSTASIS
GOBP_NEURON_CELL_CELL_ADHESION	16	8	4	4	GOBP_NEURON_CELL_CELL_ADHESION
GOBP_NEURON_DEVELOPMENT	1196	627	314	313	GOBP_NEURON_DEVELOPMENT
GOBP_NEURON_FATE_COMMITMENT	77	53	27	26	GOBP_NEURON_FATE_COMMITMENT
GOBP_NEURON_FATE_DETERMINATION	10	8	4	4	GOBP_NEURON_FATE_DETERMINATION
GOBP_NEURON_FATE_SPECIFICATION	37	28	14	14	GOBP_NEURON_FATE_SPECIFICATION
GOBP_NEURON_GLIAL_CELL_SIGNALING	5	4	2	2	GOBP_NEURON_GLIAL_CELL_SIGNALING
GOBP_NEURON_INTRINSIC_APOPTOTIC_SIGNALING_PATHWAY_IN_RESPONSE_TO_ENDOPLASMIC_RETICULUM_STRESS	5	3	2	1	GOBP_NEURON_INTRINSIC_APOPTOTIC_SIGNALING_PATHWAY_IN_RESPONSE_TO_ENDOPLASMIC_RETICULUM_STRESS
GOBP_NEURON_INTRINSIC_APOPTOTIC_SIGNALING_PATHWAY_IN_RESPONSE_TO_OXIDATIVE_STRESS	24	6	3	3	GOBP_NEURON_INTRINSIC_APOPTOTIC_SIGNALING_PATHWAY_IN_RESPONSE_TO_OXIDATIVE_STRESS
GOBP_NEURON_MATURATION	55	27	14	13	GOBP_NEURON_MATURATION
GOBP_NEURON_MIGRATION	196	102	51	51	GOBP_NEURON_MIGRATION
GOBP_NEURON_NEURON_SYNAPTIC_TRANSMISSION	9	5	3	2	GOBP_NEURON_NEURON_SYNAPTIC_TRANSMISSION
GOBP_NEURON_PROJECTION_ARBORIZATION	36	16	8	8	GOBP_NEURON_PROJECTION_ARBORIZATION
GOBP_NEURON_PROJECTION_EXTENSION	171	87	44	43	GOBP_NEURON_PROJECTION_EXTENSION
GOBP_NEURON_PROJECTION_EXTENSION_INVOLVED_IN_NEURON_PROJECTION_GUIDANCE	21	15	8	7	GOBP_NEURON_PROJECTION_EXTENSION_INVOLVED_IN_NEURON_PROJECTION_GUIDANCE
GOBP_NEURON_PROJECTION_GUIDANCE	244	163	82	81	GOBP_NEURON_PROJECTION_GUIDANCE
GOBP_NEURON_PROJECTION_MAINTENANCE	16	7	4	3	GOBP_NEURON_PROJECTION_MAINTENANCE
GOBP_NEURON_PROJECTION_ORGANIZATION	95	41	21	20	GOBP_NEURON_PROJECTION_ORGANIZATION
GOBP_NEURON_PROJECTION_REGENERATION	60	34	17	17	GOBP_NEURON_PROJECTION_REGENERATION
GOBP_NEURON_RECOGNITION	47	28	14	14	GOBP_NEURON_RECOGNITION
GOBP_NEURON_REMODELING	15	11	6	5	GOBP_NEURON_REMODELING
GOBP_NEUROPEPTIDE_SIGNALING_PATHWAY	112	81	41	40	GOBP_NEUROPEPTIDE_SIGNALING_PATHWAY
GOBP_NEUROTRANSMITTER_GATED_ION_CHANNEL_CLUSTERING	18	12	6	6	GOBP_NEUROTRANSMITTER_GATED_ION_CHANNEL_CLUSTERING
GOBP_NEUROTRANSMITTER_LOADING_INTO_SYNAPTIC_VESICLE	7	6	3	3	GOBP_NEUROTRANSMITTER_LOADING_INTO_SYNAPTIC_VESICLE
GOBP_NEUROTRANSMITTER_RECEPTOR_INTERNALIZATION	34	11	6	5	GOBP_NEUROTRANSMITTER_RECEPTOR_INTERNALIZATION
GOBP_NEUROTRANSMITTER_RECEPTOR_LOCALIZATION_TO_POSTSYNAPTIC_SPECIALIZATION_MEMBRANE	38	23	12	11	GOBP_NEUROTRANSMITTER_RECEPTOR_LOCALIZATION_TO_POSTSYNAPTIC_SPECIALIZATION_MEMBRANE
GOBP_NEUROTRANSMITTER_RECEPTOR_TRANSPORT	20	9	5	4	GOBP_NEUROTRANSMITTER_RECEPTOR_TRANSPORT
GOBP_NEUROTRANSMITTER_RECEPTOR_TRANSPORT_ENDOSOME_TO_POSTSYNAPTIC_MEMBRANE	11	6	3	3	GOBP_NEUROTRANSMITTER_RECEPTOR_TRANSPORT_ENDOSOME_TO_POSTSYNAPTIC_MEMBRANE
GOBP_NEUROTRANSMITTER_RECEPTOR_TRANSPORT_TO_PLASMA_MEMBRANE	16	8	4	4	GOBP_NEUROTRANSMITTER_RECEPTOR_TRANSPORT_TO_PLASMA_MEMBRANE
GOBP_NEUROTRANSMITTER_REUPTAKE	35	19	10	9	GOBP_NEUROTRANSMITTER_REUPTAKE
GOBP_NEUROTRANSMITTER_SECRETION	155	87	44	43	GOBP_NEUROTRANSMITTER_SECRETION
GOBP_NEUROTRANSMITTER_TRANSPORT	217	123	62	61	GOBP_NEUROTRANSMITTER_TRANSPORT
GOBP_NEUROTRANSMITTER_UPTAKE	47	27	14	13	GOBP_NEUROTRANSMITTER_UPTAKE
GOBP_NEUROTROPHIN_SIGNALING_PATHWAY	39	21	11	10	GOBP_NEUROTROPHIN_SIGNALING_PATHWAY
GOBP_NEUROTROPHIN_TRK_RECEPTOR_SIGNALING_PATHWAY	26	14	7	7	GOBP_NEUROTROPHIN_TRK_RECEPTOR_SIGNALING_PATHWAY
GOBP_NEUTRAL_AMINO_ACID_TRANSPORT	59	33	17	16	GOBP_NEUTRAL_AMINO_ACID_TRANSPORT
GOBP_NEUTRAL_LIPID_BIOSYNTHETIC_PROCESS	51	24	12	12	GOBP_NEUTRAL_LIPID_BIOSYNTHETIC_PROCESS
GOBP_NEUTRAL_LIPID_CATABOLIC_PROCESS	43	25	13	12	GOBP_NEUTRAL_LIPID_CATABOLIC_PROCESS
GOBP_NEUTRAL_LIPID_METABOLIC_PROCESS	139	75	38	37	GOBP_NEUTRAL_LIPID_METABOLIC_PROCESS
GOBP_NEUTROPHIL_ACTIVATION_INVOLVED_IN_IMMUNE_RESPONSE	21	11	6	5	GOBP_NEUTROPHIL_ACTIVATION_INVOLVED_IN_IMMUNE_RESPONSE
GOBP_NEUTROPHIL_APOPTOTIC_PROCESS	8	6	3	3	GOBP_NEUTROPHIL_APOPTOTIC_PROCESS
GOBP_NEUTROPHIL_CHEMOTAXIS	83	62	31	31	GOBP_NEUTROPHIL_CHEMOTAXIS
GOBP_NEUTROPHIL_CLEARANCE	6	3	2	1	GOBP_NEUTROPHIL_CLEARANCE
GOBP_NEUTROPHIL_DEGRANULATION	13	5	3	2	GOBP_NEUTROPHIL_DEGRANULATION
GOBP_NEUTROPHIL_DIFFERENTIATION	11	9	5	4	GOBP_NEUTROPHIL_DIFFERENTIATION
GOBP_NEUTROPHIL_EXTRAVASATION	14	11	6	5	GOBP_NEUTROPHIL_EXTRAVASATION
GOBP_NEUTROPHIL_HOMEOSTASIS	23	14	7	7	GOBP_NEUTROPHIL_HOMEOSTASIS
GOBP_NEUTROPHIL_MEDIATED_CYTOTOXICITY	18	10	5	5	GOBP_NEUTROPHIL_MEDIATED_CYTOTOXICITY
GOBP_NEUTROPHIL_MEDIATED_IMMUNITY	42	21	11	10	GOBP_NEUTROPHIL_MEDIATED_IMMUNITY
GOBP_NEUTROPHIL_MEDIATED_KILLING_OF_BACTERIUM	14	7	4	3	GOBP_NEUTROPHIL_MEDIATED_KILLING_OF_BACTERIUM
GOBP_NEUTROPHIL_MEDIATED_KILLING_OF_GRAM_NEGATIVE_BACTERIUM	7	3	2	1	GOBP_NEUTROPHIL_MEDIATED_KILLING_OF_GRAM_NEGATIVE_BACTERIUM
GOBP_NEUTROPHIL_MIGRATION	106	76	38	38	GOBP_NEUTROPHIL_MIGRATION
GOBP_NITRIC_OXIDE_CGMP_MEDIATED_SIGNALING	11	10	5	5	GOBP_NITRIC_OXIDE_CGMP_MEDIATED_SIGNALING
GOBP_NITRIC_OXIDE_MEDIATED_SIGNAL_TRANSDUCTION	26	21	11	10	GOBP_NITRIC_OXIDE_MEDIATED_SIGNAL_TRANSDUCTION
GOBP_NITRIC_OXIDE_TRANSPORT	5	4	2	2	GOBP_NITRIC_OXIDE_TRANSPORT
GOBP_NITROGEN_COMPOUND_TRANSPORT	1930	839	420	419	GOBP_NITROGEN_COMPOUND_TRANSPORT
GOBP_NITROGEN_CYCLE_METABOLIC_PROCESS	16	10	5	5	GOBP_NITROGEN_CYCLE_METABOLIC_PROCESS
GOBP_NK_T_CELL_ACTIVATION	20	16	8	8	GOBP_NK_T_CELL_ACTIVATION
GOBP_NK_T_CELL_DIFFERENTIATION	11	4	2	2	GOBP_NK_T_CELL_DIFFERENTIATION
GOBP_NK_T_CELL_PROLIFERATION	10	8	4	4	GOBP_NK_T_CELL_PROLIFERATION
GOBP_NLS_BEARING_PROTEIN_IMPORT_INTO_NUCLEUS	20	5	3	2	GOBP_NLS_BEARING_PROTEIN_IMPORT_INTO_NUCLEUS
GOBP_NMDA_GLUTAMATE_RECEPTOR_CLUSTERING	5	5	3	2	GOBP_NMDA_GLUTAMATE_RECEPTOR_CLUSTERING
GOBP_NMDA_SELECTIVE_GLUTAMATE_RECEPTOR_SIGNALING_PATHWAY	7	3	2	1	GOBP_AMPA_SELECTIVE_GLUTAMATE_RECEPTOR_SIGNALING_PATHWAY
GOBP_NODAL_SIGNALING_PATHWAY	22	10	5	5	GOBP_NODAL_SIGNALING_PATHWAY
GOBP_NONASSOCIATIVE_LEARNING	7	4	2	2	GOBP_NONASSOCIATIVE_LEARNING
GOBP_NONRIBOSOMAL_PEPTIDE_BIOSYNTHETIC_PROCESS	18	8	4	4	GOBP_NONRIBOSOMAL_PEPTIDE_BIOSYNTHETIC_PROCESS
GOBP_NON_CANONICAL_NF_KAPPAB_SIGNAL_TRANSDUCTION	140	63	32	31	GOBP_NON_CANONICAL_NF_KAPPAB_SIGNAL_TRANSDUCTION
GOBP_NON_CANONICAL_WNT_SIGNALING_PATHWAY	69	35	18	17	GOBP_NON_CANONICAL_WNT_SIGNALING_PATHWAY
GOBP_NON_MOTILE_CILIUM_ASSEMBLY	67	19	10	9	GOBP_NON_MOTILE_CILIUM_ASSEMBLY
GOBP_NON_PROTEINOGENIC_AMINO_ACID_BIOSYNTHETIC_PROCESS	17	8	4	4	GOBP_NON_PROTEINOGENIC_AMINO_ACID_BIOSYNTHETIC_PROCESS
GOBP_NON_PROTEINOGENIC_AMINO_ACID_CATABOLIC_PROCESS	19	10	5	5	GOBP_NON_PROTEINOGENIC_AMINO_ACID_CATABOLIC_PROCESS
GOBP_NON_PROTEINOGENIC_AMINO_ACID_METABOLIC_PROCESS	66	34	17	17	GOBP_NON_PROTEINOGENIC_AMINO_ACID_METABOLIC_PROCESS
GOBP_NORADRENERGIC_NEURON_DEVELOPMENT	5	3	2	1	GOBP_NORADRENERGIC_NEURON_DEVELOPMENT
GOBP_NORADRENERGIC_NEURON_DIFFERENTIATION	11	9	5	4	GOBP_NORADRENERGIC_NEURON_DIFFERENTIATION
GOBP_NOREPINEPHRINE_BIOSYNTHETIC_PROCESS	9	6	3	3	GOBP_NOREPINEPHRINE_BIOSYNTHETIC_PROCESS
GOBP_NOREPINEPHRINE_METABOLIC_PROCESS	18	12	6	6	GOBP_NOREPINEPHRINE_METABOLIC_PROCESS
GOBP_NOREPINEPHRINE_SECRETION	13	8	4	4	GOBP_NOREPINEPHRINE_SECRETION
GOBP_NOREPINEPHRINE_TRANSPORT	23	14	7	7	GOBP_NOREPINEPHRINE_TRANSPORT
GOBP_NOREPINEPHRINE_UPTAKE	9	5	3	2	GOBP_NOREPINEPHRINE_UPTAKE
GOBP_NOSE_DEVELOPMENT	16	12	6	6	GOBP_NOSE_DEVELOPMENT
GOBP_NOTCH_SIGNALING_PATHWAY	191	98	49	49	GOBP_NOTCH_SIGNALING_PATHWAY
GOBP_NOTOCHORD_DEVELOPMENT	18	10	5	5	GOBP_NOTOCHORD_DEVELOPMENT
GOBP_NOTOCHORD_MORPHOGENESIS	9	6	3	3	GOBP_NOTOCHORD_MORPHOGENESIS
GOBP_NUCLEAR_BODY_ORGANIZATION	18	7	4	3	GOBP_NUCLEAR_BODY_ORGANIZATION
GOBP_NUCLEAR_CHROMOSOME_SEGREGATION	328	156	78	78	GOBP_NUCLEAR_CHROMOSOME_SEGREGATION
GOBP_NUCLEAR_ENVELOPE_ORGANIZATION	58	24	12	12	GOBP_NUCLEAR_ENVELOPE_ORGANIZATION
GOBP_NUCLEAR_EXPORT	172	61	31	30	GOBP_NUCLEAR_EXPORT
GOBP_NUCLEAR_MEMBRANE_ORGANIZATION	47	18	9	9	GOBP_NUCLEAR_MEMBRANE_ORGANIZATION
GOBP_NUCLEAR_MEMBRANE_REASSEMBLY	26	7	4	3	GOBP_NUCLEAR_MEMBRANE_REASSEMBLY
GOBP_NUCLEAR_MIGRATION	28	10	5	5	GOBP_NUCLEAR_MIGRATION
GOBP_NUCLEAR_MRNA_SURVEILLANCE	11	4	2	2	GOBP_NUCLEAR_MRNA_SURVEILLANCE
GOBP_NUCLEAR_PORE_COMPLEX_ASSEMBLY	11	6	3	3	GOBP_NUCLEAR_PORE_COMPLEX_ASSEMBLY
GOBP_NUCLEAR_PORE_LOCALIZATION	5	3	2	1	GOBP_NUCLEAR_PORE_LOCALIZATION
GOBP_NUCLEAR_PORE_ORGANIZATION	15	8	4	4	GOBP_NUCLEAR_PORE_ORGANIZATION
GOBP_NUCLEAR_RECEPTOR_MEDIATED_CORTICOSTEROID_SIGNALING_PATHWAY	14	5	3	2	GOBP_NUCLEAR_RECEPTOR_MEDIATED_CORTICOSTEROID_SIGNALING_PATHWAY
GOBP_NUCLEAR_RECEPTOR_MEDIATED_SIGNALING_PATHWAY	211	85	43	42	GOBP_NUCLEAR_RECEPTOR_MEDIATED_SIGNALING_PATHWAY
GOBP_NUCLEAR_TRANSCRIBED_MRNA_CATABOLIC_PROCESS	129	44	22	22	GOBP_NUCLEAR_TRANSCRIBED_MRNA_CATABOLIC_PROCESS
GOBP_NUCLEAR_TRANSCRIBED_MRNA_CATABOLIC_PROCESS_DEADENYLATION_DEPENDENT_DECAY	58	26	13	13	GOBP_NUCLEAR_TRANSCRIBED_MRNA_CATABOLIC_PROCESS_DEADENYLATION_DEPENDENT_DECAY
GOBP_NUCLEAR_TRANSCRIBED_MRNA_CATABOLIC_PROCESS_NONSENSE_MEDIATED_DECAY	45	13	7	6	GOBP_NUCLEAR_TRANSCRIBED_MRNA_CATABOLIC_PROCESS_NONSENSE_MEDIATED_DECAY
GOBP_NUCLEAR_TRANSCRIBED_MRNA_POLY_A_TAIL_SHORTENING	32	11	6	5	GOBP_NUCLEAR_TRANSCRIBED_MRNA_POLY_A_TAIL_SHORTENING
GOBP_NUCLEAR_TRANSPORT	342	133	67	66	GOBP_NUCLEAR_TRANSPORT
GOBP_NUCLEIC_ACID_CATABOLIC_PROCESS	464	137	69	68	GOBP_NUCLEIC_ACID_CATABOLIC_PROCESS
GOBP_NUCLEOBASE_BIOSYNTHETIC_PROCESS	18	11	6	5	GOBP_NUCLEOBASE_BIOSYNTHETIC_PROCESS
GOBP_NUCLEOBASE_CATABOLIC_PROCESS	10	6	3	3	GOBP_NUCLEOBASE_CATABOLIC_PROCESS
GOBP_NUCLEOBASE_CONTAINING_COMPOUND_CATABOLIC_PROCESS	657	224	112	112	GOBP_NUCLEOBASE_CONTAINING_COMPOUND_CATABOLIC_PROCESS
GOBP_NUCLEOBASE_CONTAINING_COMPOUND_TRANSPORT	237	99	50	49	GOBP_NUCLEOBASE_CONTAINING_COMPOUND_TRANSPORT
GOBP_NUCLEOBASE_CONTAINING_SMALL_MOLECULE_BIOSYNTHETIC_PROCESS	19	11	6	5	GOBP_GLYCOSYL_COMPOUND_BIOSYNTHETIC_PROCESS
GOBP_NUCLEOBASE_CONTAINING_SMALL_MOLECULE_CATABOLIC_PROCESS	24	11	6	5	GOBP_NUCLEOBASE_CONTAINING_SMALL_MOLECULE_CATABOLIC_PROCESS
GOBP_NUCLEOBASE_CONTAINING_SMALL_MOLECULE_METABOLIC_PROCESS	686	313	157	156	GOBP_NUCLEOBASE_CONTAINING_SMALL_MOLECULE_METABOLIC_PROCESS
GOBP_NUCLEOBASE_METABOLIC_PROCESS	40	24	12	12	GOBP_NUCLEOBASE_METABOLIC_PROCESS
GOBP_NUCLEOBASE_TRANSPORT	13	10	5	5	GOBP_NUCLEOBASE_TRANSPORT
GOBP_NUCLEOLAR_CHROMATIN_ORGANIZATION	11	6	3	3	GOBP_NUCLEOLAR_CHROMATIN_ORGANIZATION
GOBP_NUCLEOLAR_LARGE_RRNA_TRANSCRIPTION_BY_RNA_POLYMERASE_I	24	8	4	4	GOBP_NUCLEOLAR_LARGE_RRNA_TRANSCRIPTION_BY_RNA_POLYMERASE_I
GOBP_NUCLEOLUS_ORGANIZATION	18	8	4	4	GOBP_NUCLEOLUS_ORGANIZATION
GOBP_NUCLEOPHAGY	23	6	3	3	GOBP_NUCLEOPHAGY
GOBP_NUCLEOSIDE_CATABOLIC_PROCESS	20	11	6	5	GOBP_NUCLEOBASE_CONTAINING_SMALL_MOLECULE_CATABOLIC_PROCESS
GOBP_NUCLEOSIDE_DIPHOSPHATE_BIOSYNTHETIC_PROCESS	14	5	3	2	GOBP_NUCLEOSIDE_DIPHOSPHATE_BIOSYNTHETIC_PROCESS
GOBP_NUCLEOSIDE_DIPHOSPHATE_CATABOLIC_PROCESS	109	52	26	26	GOBP_NUCLEOSIDE_DIPHOSPHATE_CATABOLIC_PROCESS
GOBP_NUCLEOSIDE_DIPHOSPHATE_METABOLIC_PROCESS	135	65	33	32	GOBP_NUCLEOSIDE_DIPHOSPHATE_METABOLIC_PROCESS
GOBP_NUCLEOSIDE_METABOLIC_PROCESS	50	27	14	13	GOBP_NUCLEOSIDE_METABOLIC_PROCESS
GOBP_NUCLEOSIDE_MONOPHOSPHATE_BIOSYNTHETIC_PROCESS	43	22	11	11	GOBP_NUCLEOSIDE_MONOPHOSPHATE_BIOSYNTHETIC_PROCESS
GOBP_NUCLEOSIDE_MONOPHOSPHATE_CATABOLIC_PROCESS	19	9	5	4	GOBP_NUCLEOSIDE_MONOPHOSPHATE_CATABOLIC_PROCESS
GOBP_NUCLEOSIDE_MONOPHOSPHATE_METABOLIC_PROCESS	77	38	19	19	GOBP_NUCLEOSIDE_MONOPHOSPHATE_METABOLIC_PROCESS
GOBP_NUCLEOSIDE_MONOPHOSPHATE_PHOSPHORYLATION	10	3	2	1	GOBP_NUCLEOSIDE_MONOPHOSPHATE_PHOSPHORYLATION
GOBP_NUCLEOSIDE_PHOSPHATE_BIOSYNTHETIC_PROCESS	318	142	71	71	GOBP_NUCLEOSIDE_PHOSPHATE_BIOSYNTHETIC_PROCESS
GOBP_NUCLEOSIDE_PHOSPHATE_CATABOLIC_PROCESS	186	80	40	40	GOBP_NUCLEOSIDE_PHOSPHATE_CATABOLIC_PROCESS
GOBP_NUCLEOSIDE_SALVAGE	12	6	3	3	GOBP_NUCLEOSIDE_SALVAGE
GOBP_NUCLEOSIDE_TRANSMEMBRANE_TRANSPORT	8	6	3	3	GOBP_NUCLEOSIDE_TRANSMEMBRANE_TRANSPORT
GOBP_NUCLEOSIDE_TRANSPORT	10	6	3	3	GOBP_NUCLEOSIDE_TRANSMEMBRANE_TRANSPORT
GOBP_NUCLEOSIDE_TRIPHOSPHATE_BIOSYNTHETIC_PROCESS	129	50	25	25	GOBP_NUCLEOSIDE_TRIPHOSPHATE_BIOSYNTHETIC_PROCESS
GOBP_NUCLEOSIDE_TRIPHOSPHATE_CATABOLIC_PROCESS	12	4	2	2	GOBP_NUCLEOSIDE_TRIPHOSPHATE_CATABOLIC_PROCESS
GOBP_NUCLEOSIDE_TRIPHOSPHATE_METABOLIC_PROCESS	283	118	59	59	GOBP_NUCLEOSIDE_TRIPHOSPHATE_METABOLIC_PROCESS
GOBP_NUCLEOSOME_ORGANIZATION	139	30	15	15	GOBP_NUCLEOSOME_ORGANIZATION
GOBP_NUCLEOTIDE_BINDING_DOMAIN_LEUCINE_RICH_REPEAT_CONTAINING_RECEPTOR_SIGNALING_PATHWAY	30	11	6	5	GOBP_NUCLEOTIDE_BINDING_DOMAIN_LEUCINE_RICH_REPEAT_CONTAINING_RECEPTOR_SIGNALING_PATHWAY
GOBP_NUCLEOTIDE_BINDING_OLIGOMERIZATION_DOMAIN_CONTAINING_1_SIGNALING_PATHWAY	8	4	2	2	GOBP_NUCLEOTIDE_BINDING_OLIGOMERIZATION_DOMAIN_CONTAINING_1_SIGNALING_PATHWAY
GOBP_NUCLEOTIDE_BINDING_OLIGOMERIZATION_DOMAIN_CONTAINING_2_SIGNALING_PATHWAY	20	9	5	4	GOBP_NUCLEOTIDE_BINDING_OLIGOMERIZATION_DOMAIN_CONTAINING_2_SIGNALING_PATHWAY
GOBP_NUCLEOTIDE_BIOSYNTHETIC_PROCESS	227	99	50	49	GOBP_NUCLEOTIDE_BIOSYNTHETIC_PROCESS
GOBP_NUCLEOTIDE_EXCISION_REPAIR	88	30	15	15	GOBP_NUCLEOTIDE_EXCISION_REPAIR
GOBP_NUCLEOTIDE_EXCISION_REPAIR_DNA_GAP_FILLING	6	5	3	2	GOBP_NUCLEOTIDE_EXCISION_REPAIR_DNA_GAP_FILLING
GOBP_NUCLEOTIDE_METABOLIC_PROCESS	500	221	111	110	GOBP_NUCLEOTIDE_METABOLIC_PROCESS
GOBP_NUCLEOTIDE_SALVAGE	18	10	5	5	GOBP_NUCLEOTIDE_SALVAGE
GOBP_NUCLEOTIDE_SUGAR_BIOSYNTHETIC_PROCESS	30	11	6	5	GOBP_NUCLEOTIDE_SUGAR_BIOSYNTHETIC_PROCESS
GOBP_NUCLEOTIDE_SUGAR_METABOLIC_PROCESS	46	17	9	8	GOBP_NUCLEOTIDE_SUGAR_METABOLIC_PROCESS
GOBP_NUCLEOTIDE_SUGAR_TRANSMEMBRANE_TRANSPORT	13	6	3	3	GOBP_NUCLEOTIDE_SUGAR_TRANSMEMBRANE_TRANSPORT
GOBP_NUCLEOTIDE_TRANSMEMBRANE_TRANSPORT	28	12	6	6	GOBP_NUCLEOTIDE_TRANSMEMBRANE_TRANSPORT
GOBP_NUCLEOTIDE_TRANSPORT	48	24	12	12	GOBP_NUCLEOTIDE_TRANSPORT
GOBP_NUCLEUS_LOCALIZATION	33	11	6	5	GOBP_NUCLEUS_LOCALIZATION
GOBP_NUCLEUS_ORGANIZATION	159	66	33	33	GOBP_NUCLEUS_ORGANIZATION
GOBP_NUTRIENT_STORAGE	100	51	26	25	GOBP_NUTRIENT_STORAGE
GOBP_N_ACETYLGLUCOSAMINE_METABOLIC_PROCESS	19	7	4	3	GOBP_N_ACETYLGLUCOSAMINE_METABOLIC_PROCESS
GOBP_N_ACETYLNEURAMINATE_METABOLIC_PROCESS	13	7	4	3	GOBP_N_ACETYLNEURAMINATE_METABOLIC_PROCESS
GOBP_N_ACYLPHOSPHATIDYLETHANOLAMINE_METABOLIC_PROCESS	9	6	3	3	GOBP_N_ACYLPHOSPHATIDYLETHANOLAMINE_METABOLIC_PROCESS
GOBP_N_GLYCAN_FUCOSYLATION	5	3	2	1	GOBP_N_GLYCAN_FUCOSYLATION
GOBP_N_GLYCAN_PROCESSING	22	9	5	4	GOBP_N_GLYCAN_PROCESSING
GOBP_N_TERMINAL_PROTEIN_AMINO_ACID_ACETYLATION	12	4	2	2	GOBP_N_TERMINAL_PROTEIN_AMINO_ACID_ACETYLATION
GOBP_N_TERMINAL_PROTEIN_AMINO_ACID_MODIFICATION	20	4	2	2	GOBP_N_TERMINAL_PROTEIN_AMINO_ACID_ACETYLATION
GOBP_OBSERVATIONAL_LEARNING	9	6	3	3	GOBP_OBSERVATIONAL_LEARNING
GOBP_ODONTOBLAST_DIFFERENTIATION	18	8	4	4	GOBP_ODONTOBLAST_DIFFERENTIATION
GOBP_ODONTOGENESIS	131	90	45	45	GOBP_ODONTOGENESIS
GOBP_ODONTOGENESIS_OF_DENTIN_CONTAINING_TOOTH	89	58	29	29	GOBP_ODONTOGENESIS_OF_DENTIN_CONTAINING_TOOTH
GOBP_OLEFINIC_COMPOUND_BIOSYNTHETIC_PROCESS	31	19	10	9	GOBP_OLEFINIC_COMPOUND_BIOSYNTHETIC_PROCESS
GOBP_OLEFINIC_COMPOUND_METABOLIC_PROCESS	166	96	48	48	GOBP_OLEFINIC_COMPOUND_METABOLIC_PROCESS
GOBP_OLFACTORY_BEHAVIOR	11	3	2	1	GOBP_OLFACTORY_BEHAVIOR
GOBP_OLFACTORY_BULB_INTERNEURON_DEVELOPMENT	9	8	4	4	GOBP_OLFACTORY_BULB_INTERNEURON_DEVELOPMENT
GOBP_OLFACTORY_BULB_INTERNEURON_DIFFERENTIATION	14	11	6	5	GOBP_OLFACTORY_BULB_INTERNEURON_DIFFERENTIATION
GOBP_OLFACTORY_LOBE_DEVELOPMENT	39	26	13	13	GOBP_OLFACTORY_LOBE_DEVELOPMENT
GOBP_OLFACTORY_NERVE_DEVELOPMENT	7	4	2	2	GOBP_OLFACTORY_NERVE_DEVELOPMENT
GOBP_OLIGODENDROCYTE_APOPTOTIC_PROCESS	5	5	3	2	GOBP_OLIGODENDROCYTE_APOPTOTIC_PROCESS
GOBP_OLIGODENDROCYTE_DEVELOPMENT	49	31	16	15	GOBP_OLIGODENDROCYTE_DEVELOPMENT
GOBP_OLIGODENDROCYTE_DIFFERENTIATION	109	63	32	31	GOBP_OLIGODENDROCYTE_DIFFERENTIATION
GOBP_OLIGODENDROCYTE_PROGENITOR_PROLIFERATION	7	3	2	1	GOBP_OLIGODENDROCYTE_PROGENITOR_PROLIFERATION
GOBP_OLIGOPEPTIDE_IMPORT_ACROSS_PLASMA_MEMBRANE	5	3	2	1	GOBP_OLIGOPEPTIDE_IMPORT_ACROSS_PLASMA_MEMBRANE
GOBP_OLIGOPEPTIDE_TRANSPORT	19	10	5	5	GOBP_OLIGOPEPTIDE_TRANSPORT
GOBP_OLIGOSACCHARIDE_BIOSYNTHETIC_PROCESS	27	19	10	9	GOBP_OLIGOSACCHARIDE_BIOSYNTHETIC_PROCESS
GOBP_OLIGOSACCHARIDE_CATABOLIC_PROCESS	16	8	4	4	GOBP_OLIGOSACCHARIDE_CATABOLIC_PROCESS
GOBP_OLIGOSACCHARIDE_METABOLIC_PROCESS	64	36	18	18	GOBP_OLIGOSACCHARIDE_METABOLIC_PROCESS
GOBP_OMEGA_HYDROXYLASE_P450_PATHWAY	12	6	3	3	GOBP_OMEGA_HYDROXYLASE_P450_PATHWAY
GOBP_ONCOGENE_INDUCED_CELL_SENESCENCE	7	4	2	2	GOBP_ONCOGENE_INDUCED_CELL_SENESCENCE
GOBP_ONE_CARBON_COMPOUND_TRANSPORT	25	19	10	9	GOBP_ONE_CARBON_COMPOUND_TRANSPORT
GOBP_ONE_CARBON_METABOLIC_PROCESS	24	12	6	6	GOBP_ONE_CARBON_METABOLIC_PROCESS
GOBP_OOCYTE_CONSTRUCTION	8	4	2	2	GOBP_OOCYTE_CONSTRUCTION
GOBP_OOCYTE_DIFFERENTIATION	69	33	17	16	GOBP_OOCYTE_DIFFERENTIATION
GOBP_OOCYTE_MATURATION	37	19	10	9	GOBP_OOCYTE_MATURATION
GOBP_OOGENESIS	116	59	30	29	GOBP_OOGENESIS
GOBP_OPSONIZATION	17	13	7	6	GOBP_OPSONIZATION
GOBP_OPTIC_CUP_MORPHOGENESIS_INVOLVED_IN_CAMERA_TYPE_EYE_DEVELOPMENT	7	6	3	3	GOBP_OPTIC_CUP_MORPHOGENESIS_INVOLVED_IN_CAMERA_TYPE_EYE_DEVELOPMENT
GOBP_OPTIC_NERVE_DEVELOPMENT	19	12	6	6	GOBP_OPTIC_NERVE_DEVELOPMENT
GOBP_OPTIC_NERVE_MORPHOGENESIS	6	5	3	2	GOBP_OPTIC_NERVE_MORPHOGENESIS
GOBP_ORGANELLE_ASSEMBLY	1083	389	195	194	GOBP_ORGANELLE_ASSEMBLY
GOBP_ORGANELLE_DISASSEMBLY	73	20	10	10	GOBP_ORGANELLE_DISASSEMBLY
GOBP_ORGANELLE_FISSION	510	243	122	121	GOBP_ORGANELLE_FISSION
GOBP_ORGANELLE_FUSION	184	63	32	31	GOBP_ORGANELLE_FUSION
GOBP_ORGANELLE_INHERITANCE	16	6	3	3	GOBP_ORGANELLE_INHERITANCE
GOBP_ORGANELLE_LOCALIZATION	619	256	128	128	GOBP_ORGANELLE_LOCALIZATION
GOBP_ORGANELLE_MEMBRANE_FUSION	138	49	25	24	GOBP_ORGANELLE_MEMBRANE_FUSION
GOBP_ORGANELLE_TRANSPORT_ALONG_MICROTUBULE	93	31	16	15	GOBP_ORGANELLE_TRANSPORT_ALONG_MICROTUBULE
GOBP_ORGANIC_ACID_BIOSYNTHETIC_PROCESS	334	176	88	88	GOBP_ORGANIC_ACID_BIOSYNTHETIC_PROCESS
GOBP_ORGANIC_ACID_CATABOLIC_PROCESS	246	125	63	62	GOBP_ORGANIC_ACID_CATABOLIC_PROCESS
GOBP_ORGANIC_ACID_METABOLIC_PROCESS	929	471	236	235	GOBP_ORGANIC_ACID_METABOLIC_PROCESS
GOBP_ORGANIC_ACID_TRANSMEMBRANE_TRANSPORT	159	88	44	44	GOBP_ORGANIC_ACID_TRANSMEMBRANE_TRANSPORT
GOBP_ORGANIC_ACID_TRANSPORT	358	210	105	105	GOBP_ORGANIC_ACID_TRANSPORT
GOBP_ORGANIC_ANION_TRANSPORT	467	269	135	134	GOBP_ORGANIC_ANION_TRANSPORT
GOBP_ORGANIC_CATION_TRANSPORT	121	70	35	35	GOBP_ORGANIC_CATION_TRANSPORT
GOBP_ORGANIC_HYDROXY_COMPOUND_TRANSPORT	297	169	85	84	GOBP_ORGANIC_HYDROXY_COMPOUND_TRANSPORT
GOBP_ORGANISM_EMERGENCE_FROM_PROTECTIVE_STRUCTURE	30	18	9	9	GOBP_ORGANISM_EMERGENCE_FROM_PROTECTIVE_STRUCTURE
GOBP_ORGANOPHOSPHATE_BIOSYNTHETIC_PROCESS	611	275	138	137	GOBP_ORGANOPHOSPHATE_BIOSYNTHETIC_PROCESS
GOBP_ORGANOPHOSPHATE_CATABOLIC_PROCESS	248	112	56	56	GOBP_ORGANOPHOSPHATE_CATABOLIC_PROCESS
GOBP_ORGANOPHOSPHATE_ESTER_TRANSPORT	179	89	45	44	GOBP_ORGANOPHOSPHATE_ESTER_TRANSPORT
GOBP_ORGANOPHOSPHATE_METABOLIC_PROCESS	1076	501	251	250	GOBP_ORGANOPHOSPHATE_METABOLIC_PROCESS
GOBP_ORGAN_GROWTH	188	97	49	48	GOBP_ORGAN_GROWTH
GOBP_ORGAN_INDUCTION	23	15	8	7	GOBP_ORGAN_INDUCTION
GOBP_ORGAN_OR_TISSUE_SPECIFIC_IMMUNE_RESPONSE	43	20	10	10	GOBP_ORGAN_OR_TISSUE_SPECIFIC_IMMUNE_RESPONSE
GOBP_ORNITHINE_METABOLIC_PROCESS	8	4	2	2	GOBP_ORNITHINE_METABOLIC_PROCESS
GOBP_ORNITHINE_TRANSPORT	7	4	2	2	GOBP_L_LYSINE_TRANSPORT
GOBP_OSMOSENSORY_SIGNALING_PATHWAY	9	7	4	3	GOBP_OSMOSENSORY_SIGNALING_PATHWAY
GOBP_OSSIFICATION	456	247	124	123	GOBP_OSSIFICATION
GOBP_OSTEOBLAST_DEVELOPMENT	18	9	5	4	GOBP_OSTEOBLAST_DEVELOPMENT
GOBP_OSTEOBLAST_DIFFERENTIATION	267	142	71	71	GOBP_OSTEOBLAST_DIFFERENTIATION
GOBP_OSTEOBLAST_PROLIFERATION	36	19	10	9	GOBP_OSTEOBLAST_PROLIFERATION
GOBP_OSTEOCLAST_DIFFERENTIATION	116	63	32	31	GOBP_OSTEOCLAST_DIFFERENTIATION
GOBP_OSTEOCLAST_PROLIFERATION	12	6	3	3	GOBP_OSTEOCLAST_PROLIFERATION
GOBP_OTIC_VESICLE_DEVELOPMENT	16	10	5	5	GOBP_OTIC_VESICLE_DEVELOPMENT
GOBP_OTIC_VESICLE_FORMATION	8	5	3	2	GOBP_OTIC_VESICLE_FORMATION
GOBP_OTIC_VESICLE_MORPHOGENESIS	10	7	4	3	GOBP_OTIC_VESICLE_MORPHOGENESIS
GOBP_OTOLITH_DEVELOPMENT	10	5	3	2	GOBP_OTOLITH_DEVELOPMENT
GOBP_OUTER_DYNEIN_ARM_ASSEMBLY	23	4	2	2	GOBP_OUTER_DYNEIN_ARM_ASSEMBLY
GOBP_OUTER_EAR_MORPHOGENESIS	9	6	3	3	GOBP_OUTER_EAR_MORPHOGENESIS
GOBP_OUTFLOW_TRACT_MORPHOGENESIS	86	48	24	24	GOBP_OUTFLOW_TRACT_MORPHOGENESIS
GOBP_OUTFLOW_TRACT_SEPTUM_MORPHOGENESIS	28	17	9	8	GOBP_OUTFLOW_TRACT_SEPTUM_MORPHOGENESIS
GOBP_OVARIAN_FOLLICLE_DEVELOPMENT	62	35	18	17	GOBP_OVARIAN_FOLLICLE_DEVELOPMENT
GOBP_OVIDUCT_DEVELOPMENT	6	5	3	2	GOBP_OVIDUCT_DEVELOPMENT
GOBP_OVULATION	17	11	6	5	GOBP_OVULATION
GOBP_OVULATION_CYCLE	68	45	23	22	GOBP_OVULATION_CYCLE
GOBP_OVULATION_CYCLE_PROCESS	50	33	17	16	GOBP_OVULATION_CYCLE_PROCESS
GOBP_OVULATION_FROM_OVARIAN_FOLLICLE	10	6	3	3	GOBP_OVULATION_FROM_OVARIAN_FOLLICLE
GOBP_OXALATE_TRANSPORT	12	5	3	2	GOBP_OXALATE_TRANSPORT
GOBP_OXALOACETATE_METABOLIC_PROCESS	11	6	3	3	GOBP_OXALOACETATE_METABOLIC_PROCESS
GOBP_OXIDATIVE_DEMETHYLATION	10	3	2	1	GOBP_OXIDATIVE_DEMETHYLATION
GOBP_OXIDATIVE_PHOSPHORYLATION	151	63	32	31	GOBP_OXIDATIVE_PHOSPHORYLATION
GOBP_OXYGEN_METABOLIC_PROCESS	8	5	3	2	GOBP_OXYGEN_METABOLIC_PROCESS
GOBP_OXYGEN_TRANSPORT	15	10	5	5	GOBP_OXYGEN_TRANSPORT
GOBP_O_GLYCAN_PROCESSING	39	28	14	14	GOBP_O_GLYCAN_PROCESSING
GOBP_P38MAPK_CASCADE	60	32	16	16	GOBP_P38MAPK_CASCADE
GOBP_PALLIUM_DEVELOPMENT	197	93	47	46	GOBP_PALLIUM_DEVELOPMENT
GOBP_PANCREAS_DEVELOPMENT	81	42	21	21	GOBP_PANCREAS_DEVELOPMENT
GOBP_PANCREATIC_A_CELL_DIFFERENTIATION	10	5	3	2	GOBP_PANCREATIC_A_CELL_DIFFERENTIATION
GOBP_PANCREATIC_JUICE_SECRETION	11	6	3	3	GOBP_PANCREATIC_JUICE_SECRETION
GOBP_PANTOTHENATE_METABOLIC_PROCESS	7	5	3	2	GOBP_PANTOTHENATE_METABOLIC_PROCESS
GOBP_PARACELLULAR_TRANSPORT	7	6	3	3	GOBP_PARACELLULAR_TRANSPORT
GOBP_PARACRINE_SIGNALING	7	5	3	2	GOBP_PARACRINE_SIGNALING
GOBP_PARALLEL_ACTIN_FILAMENT_BUNDLE_ASSEMBLY	7	5	3	2	GOBP_PARALLEL_ACTIN_FILAMENT_BUNDLE_ASSEMBLY
GOBP_PARANODAL_JUNCTION_ASSEMBLY	6	5	3	2	GOBP_PARANODAL_JUNCTION_ASSEMBLY
GOBP_PARASYMPATHETIC_NERVOUS_SYSTEM_DEVELOPMENT	19	15	8	7	GOBP_PARASYMPATHETIC_NERVOUS_SYSTEM_DEVELOPMENT
GOBP_PARATHYROID_GLAND_DEVELOPMENT	7	6	3	3	GOBP_PARATHYROID_GLAND_DEVELOPMENT
GOBP_PARAXIAL_MESODERM_DEVELOPMENT	20	12	6	6	GOBP_PARAXIAL_MESODERM_DEVELOPMENT
GOBP_PARAXIAL_MESODERM_FORMATION	7	6	3	3	GOBP_PARAXIAL_MESODERM_FORMATION
GOBP_PARAXIAL_MESODERM_MORPHOGENESIS	11	6	3	3	GOBP_PARAXIAL_MESODERM_FORMATION
GOBP_PARENTAL_BEHAVIOR	16	10	5	5	GOBP_PARENTAL_BEHAVIOR
GOBP_PARTURITION	14	10	5	5	GOBP_PARTURITION
GOBP_PATTERN_SPECIFICATION_INVOLVED_IN_KIDNEY_DEVELOPMENT	8	8	4	4	GOBP_PATTERN_SPECIFICATION_INVOLVED_IN_KIDNEY_DEVELOPMENT
GOBP_PATTERN_SPECIFICATION_PROCESS	484	268	134	134	GOBP_PATTERN_SPECIFICATION_PROCESS
GOBP_PENETRATION_OF_ZONA_PELLUCIDA	11	6	3	3	GOBP_PENETRATION_OF_ZONA_PELLUCIDA
GOBP_PENTOSE_METABOLIC_PROCESS	13	6	3	3	GOBP_PENTOSE_METABOLIC_PROCESS
GOBP_PENTOSE_PHOSPHATE_SHUNT	20	9	5	4	GOBP_PENTOSE_PHOSPHATE_SHUNT
GOBP_PEPTIDE_ANTIGEN_ASSEMBLY_WITH_MHC_CLASS_II_PROTEIN_COMPLEX	16	13	7	6	GOBP_PEPTIDE_ANTIGEN_ASSEMBLY_WITH_MHC_CLASS_II_PROTEIN_COMPLEX
GOBP_PEPTIDE_ANTIGEN_ASSEMBLY_WITH_MHC_CLASS_I_PROTEIN_COMPLEX	6	3	2	1	GOBP_PEPTIDE_ANTIGEN_ASSEMBLY_WITH_MHC_CLASS_I_PROTEIN_COMPLEX
GOBP_PEPTIDE_ANTIGEN_ASSEMBLY_WITH_MHC_PROTEIN_COMPLEX	21	15	8	7	GOBP_PEPTIDE_ANTIGEN_ASSEMBLY_WITH_MHC_PROTEIN_COMPLEX
GOBP_PEPTIDE_BIOSYNTHETIC_PROCESS	26	12	6	6	GOBP_PEPTIDE_BIOSYNTHETIC_PROCESS
GOBP_PEPTIDE_CATABOLIC_PROCESS	20	10	5	5	GOBP_PEPTIDE_CATABOLIC_PROCESS
GOBP_PEPTIDE_CROSS_LINKING	21	16	8	8	GOBP_PEPTIDE_CROSS_LINKING
GOBP_PEPTIDE_METABOLIC_PROCESS	65	33	17	16	GOBP_PEPTIDE_METABOLIC_PROCESS
GOBP_PEPTIDE_MODIFICATION	8	4	2	2	GOBP_PEPTIDE_MODIFICATION
GOBP_PEPTIDE_TRANSPORT	291	167	84	83	GOBP_PEPTIDE_TRANSPORT
GOBP_PEPTIDOGLYCAN_METABOLIC_PROCESS	6	4	2	2	GOBP_PEPTIDOGLYCAN_METABOLIC_PROCESS
GOBP_PEPTIDYL_AMINO_ACID_MODIFICATION	440	182	91	91	GOBP_PEPTIDYL_AMINO_ACID_MODIFICATION
GOBP_PEPTIDYL_CYSTEINE_MODIFICATION	22	8	4	4	GOBP_PEPTIDYL_CYSTEINE_MODIFICATION
GOBP_PEPTIDYL_GLUTAMIC_ACID_MODIFICATION	21	11	6	5	GOBP_PEPTIDYL_GLUTAMIC_ACID_MODIFICATION
GOBP_PEPTIDYL_LYSINE_ACETYLATION	16	6	3	3	GOBP_PEPTIDYL_LYSINE_ACETYLATION
GOBP_PEPTIDYL_LYSINE_METHYLATION	18	5	3	2	GOBP_PEPTIDYL_LYSINE_METHYLATION
GOBP_PEPTIDYL_LYSINE_MODIFICATION	130	39	20	19	GOBP_PEPTIDYL_LYSINE_MODIFICATION
GOBP_PEPTIDYL_L_CYSTEINE_S_PALMITOYLATION	15	4	2	2	GOBP_PEPTIDYL_L_CYSTEINE_S_PALMITOYLATION
GOBP_PEPTIDYL_PROLINE_MODIFICATION	8	3	2	1	GOBP_PEPTIDYL_PROLINE_MODIFICATION
GOBP_PEPTIDYL_SERINE_MODIFICATION	93	38	19	19	GOBP_PEPTIDYL_SERINE_MODIFICATION
GOBP_PEPTIDYL_THREONINE_DEPHOSPHORYLATION	10	4	2	2	GOBP_PEPTIDYL_THREONINE_DEPHOSPHORYLATION
GOBP_PEPTIDYL_THREONINE_MODIFICATION	50	22	11	11	GOBP_PEPTIDYL_THREONINE_MODIFICATION
GOBP_PEPTIDYL_THREONINE_PHOSPHORYLATION	40	17	9	8	GOBP_PEPTIDYL_THREONINE_PHOSPHORYLATION
GOBP_PEPTIDYL_TYROSINE_AUTOPHOSPHORYLATION	11	6	3	3	GOBP_PEPTIDYL_TYROSINE_AUTOPHOSPHORYLATION
GOBP_PEPTIDYL_TYROSINE_DEPHOSPHORYLATION	22	9	5	4	GOBP_PEPTIDYL_TYROSINE_DEPHOSPHORYLATION
GOBP_PEPTIDYL_TYROSINE_MODIFICATION	131	74	37	37	GOBP_PEPTIDYL_TYROSINE_MODIFICATION
GOBP_PERICARDIUM_DEVELOPMENT	18	11	6	5	GOBP_PERICARDIUM_DEVELOPMENT
GOBP_PERICARDIUM_MORPHOGENESIS	8	6	3	3	GOBP_PERICARDIUM_MORPHOGENESIS
GOBP_PERICENTRIC_HETEROCHROMATIN_FORMATION	5	3	2	1	GOBP_PERICENTRIC_HETEROCHROMATIN_FORMATION
GOBP_PERICYTE_CELL_DIFFERENTIATION	12	11	6	5	GOBP_PERICYTE_CELL_DIFFERENTIATION
GOBP_PERIPHERAL_NERVOUS_SYSTEM_AXON_ENSHEATHMENT	30	16	8	8	GOBP_PERIPHERAL_NERVOUS_SYSTEM_AXON_ENSHEATHMENT
GOBP_PERIPHERAL_NERVOUS_SYSTEM_AXON_REGENERATION	10	8	4	4	GOBP_PERIPHERAL_NERVOUS_SYSTEM_AXON_REGENERATION
GOBP_PERIPHERAL_NERVOUS_SYSTEM_DEVELOPMENT	89	53	27	26	GOBP_PERIPHERAL_NERVOUS_SYSTEM_DEVELOPMENT
GOBP_PERIPHERAL_NERVOUS_SYSTEM_MYELIN_MAINTENANCE	9	5	3	2	GOBP_PERIPHERAL_NERVOUS_SYSTEM_MYELIN_MAINTENANCE
GOBP_PERIPHERAL_NERVOUS_SYSTEM_NEURON_DIFFERENTIATION	16	12	6	6	GOBP_PERIPHERAL_NERVOUS_SYSTEM_NEURON_DIFFERENTIATION
GOBP_PERISTALSIS	11	10	5	5	GOBP_PERISTALSIS
GOBP_PERK_MEDIATED_UNFOLDED_PROTEIN_RESPONSE	24	10	5	5	GOBP_PERK_MEDIATED_UNFOLDED_PROTEIN_RESPONSE
GOBP_PEROXISOMAL_TRANSPORT	22	5	3	2	GOBP_PEROXISOMAL_TRANSPORT
GOBP_PEROXISOME_FISSION	12	3	2	1	GOBP_PEROXISOME_FISSION
GOBP_PEROXISOME_ORGANIZATION	39	10	5	5	GOBP_PEROXISOME_ORGANIZATION
GOBP_PEROXISOME_PROLIFERATOR_ACTIVATED_RECEPTOR_SIGNALING_PATHWAY	30	9	5	4	GOBP_PEROXISOME_PROLIFERATOR_ACTIVATED_RECEPTOR_SIGNALING_PATHWAY
GOBP_PHAGOCYTOSIS	244	120	60	60	GOBP_PHAGOCYTOSIS
GOBP_PHAGOCYTOSIS_ENGULFMENT	48	28	14	14	GOBP_PHAGOCYTOSIS_ENGULFMENT
GOBP_PHAGOCYTOSIS_RECOGNITION	29	23	12	11	GOBP_PHAGOCYTOSIS_RECOGNITION
GOBP_PHAGOLYSOSOME_ASSEMBLY	19	8	4	4	GOBP_PHAGOLYSOSOME_ASSEMBLY
GOBP_PHAGOSOME_ACIDIFICATION	7	3	2	1	GOBP_PHAGOSOME_ACIDIFICATION
GOBP_PHAGOSOME_LYSOSOME_FUSION	14	5	3	2	GOBP_PHAGOSOME_LYSOSOME_FUSION
GOBP_PHAGOSOME_MATURATION	31	14	7	7	GOBP_PHAGOSOME_MATURATION
GOBP_PHARYNGEAL_ARCH_ARTERY_MORPHOGENESIS	11	7	4	3	GOBP_PHARYNGEAL_ARCH_ARTERY_MORPHOGENESIS
GOBP_PHARYNGEAL_SYSTEM_DEVELOPMENT	32	25	13	12	GOBP_PHARYNGEAL_SYSTEM_DEVELOPMENT
GOBP_PHASIC_SMOOTH_MUSCLE_CONTRACTION	23	19	10	9	GOBP_PHASIC_SMOOTH_MUSCLE_CONTRACTION
GOBP_PHENOL_CONTAINING_COMPOUND_BIOSYNTHETIC_PROCESS	49	35	18	17	GOBP_PHENOL_CONTAINING_COMPOUND_BIOSYNTHETIC_PROCESS
GOBP_PHENOL_CONTAINING_COMPOUND_CATABOLIC_PROCESS	15	7	4	3	GOBP_PHENOL_CONTAINING_COMPOUND_CATABOLIC_PROCESS
GOBP_PHENOL_CONTAINING_COMPOUND_METABOLIC_PROCESS	116	83	42	41	GOBP_PHENOL_CONTAINING_COMPOUND_METABOLIC_PROCESS
GOBP_PHENOTYPIC_SWITCHING	17	4	2	2	GOBP_PHENOTYPIC_SWITCHING
GOBP_PHENYLPROPANOID_METABOLIC_PROCESS	7	4	2	2	GOBP_PHENYLPROPANOID_METABOLIC_PROCESS
GOBP_PHOSPHAGEN_METABOLIC_PROCESS	5	3	2	1	GOBP_PHOSPHAGEN_METABOLIC_PROCESS
GOBP_PHOSPHATE_ION_HOMEOSTASIS	20	14	7	7	GOBP_PHOSPHATE_ION_HOMEOSTASIS
GOBP_PHOSPHATE_ION_TRANSMEMBRANE_TRANSPORT	15	8	4	4	GOBP_PHOSPHATE_ION_TRANSMEMBRANE_TRANSPORT
GOBP_PHOSPHATE_ION_TRANSPORT	27	15	8	7	GOBP_PHOSPHATE_ION_TRANSPORT
GOBP_PHOSPHATIDIC_ACID_METABOLIC_PROCESS	39	21	11	10	GOBP_PHOSPHATIDIC_ACID_METABOLIC_PROCESS
GOBP_PHOSPHATIDYLCHOLINE_ACYL_CHAIN_REMODELING	15	5	3	2	GOBP_PHOSPHATIDYLCHOLINE_ACYL_CHAIN_REMODELING
GOBP_PHOSPHATIDYLCHOLINE_BIOSYNTHETIC_PROCESS	27	15	8	7	GOBP_PHOSPHATIDYLCHOLINE_BIOSYNTHETIC_PROCESS
GOBP_PHOSPHATIDYLCHOLINE_CATABOLIC_PROCESS	16	9	5	4	GOBP_PHOSPHATIDYLCHOLINE_CATABOLIC_PROCESS
GOBP_PHOSPHATIDYLCHOLINE_METABOLIC_PROCESS	75	40	20	20	GOBP_PHOSPHATIDYLCHOLINE_METABOLIC_PROCESS
GOBP_PHOSPHATIDYLETHANOLAMINE_ACYL_CHAIN_REMODELING	12	7	4	3	GOBP_PHOSPHATIDYLETHANOLAMINE_ACYL_CHAIN_REMODELING
GOBP_PHOSPHATIDYLETHANOLAMINE_METABOLIC_PROCESS	28	14	7	7	GOBP_PHOSPHATIDYLETHANOLAMINE_METABOLIC_PROCESS
GOBP_PHOSPHATIDYLGLYCEROL_ACYL_CHAIN_REMODELING	9	5	3	2	GOBP_PHOSPHATIDYLGLYCEROL_ACYL_CHAIN_REMODELING
GOBP_PHOSPHATIDYLGLYCEROL_METABOLIC_PROCESS	37	19	10	9	GOBP_PHOSPHATIDYLGLYCEROL_METABOLIC_PROCESS
GOBP_PHOSPHATIDYLINOSITOL_3_KINASE_PROTEIN_KINASE_B_SIGNAL_TRANSDUCTION	341	177	89	88	GOBP_PHOSPHATIDYLINOSITOL_3_KINASE_PROTEIN_KINASE_B_SIGNAL_TRANSDUCTION
GOBP_PHOSPHATIDYLINOSITOL_3_PHOSPHATE_BIOSYNTHETIC_PROCESS	23	6	3	3	GOBP_PHOSPHATIDYLINOSITOL_3_PHOSPHATE_BIOSYNTHETIC_PROCESS
GOBP_PHOSPHATIDYLINOSITOL_ACYL_CHAIN_REMODELING	6	4	2	2	GOBP_PHOSPHATIDYLINOSITOL_ACYL_CHAIN_REMODELING
GOBP_PHOSPHATIDYLINOSITOL_BIOSYNTHETIC_PROCESS	120	45	23	22	GOBP_PHOSPHATIDYLINOSITOL_BIOSYNTHETIC_PROCESS
GOBP_PHOSPHATIDYLINOSITOL_DEPHOSPHORYLATION	29	13	7	6	GOBP_PHOSPHATIDYLINOSITOL_DEPHOSPHORYLATION
GOBP_PHOSPHATIDYLINOSITOL_MEDIATED_SIGNALING	24	14	7	7	GOBP_PHOSPHATIDYLINOSITOL_MEDIATED_SIGNALING
GOBP_PHOSPHATIDYLINOSITOL_METABOLIC_PROCESS	152	64	32	32	GOBP_PHOSPHATIDYLINOSITOL_METABOLIC_PROCESS
GOBP_PHOSPHATIDYLINOSITOL_PHOSPHATE_BIOSYNTHETIC_PROCESS	56	16	8	8	GOBP_PHOSPHATIDYLINOSITOL_PHOSPHATE_BIOSYNTHETIC_PROCESS
GOBP_PHOSPHATIDYLSERINE_ACYL_CHAIN_REMODELING	9	6	3	3	GOBP_PHOSPHATIDYLSERINE_ACYL_CHAIN_REMODELING
GOBP_PHOSPHATIDYLSERINE_EXPOSURE_ON_APOPTOTIC_CELL_SURFACE	9	4	2	2	GOBP_PHOSPHATIDYLSERINE_EXPOSURE_ON_APOPTOTIC_CELL_SURFACE
GOBP_PHOSPHATIDYLSERINE_METABOLIC_PROCESS	23	14	7	7	GOBP_PHOSPHATIDYLSERINE_METABOLIC_PROCESS
GOBP_PHOSPHOLIPASE_C_ACTIVATING_DOPAMINE_RECEPTOR_SIGNALING_PATHWAY	8	5	3	2	GOBP_PHOSPHOLIPASE_C_ACTIVATING_DOPAMINE_RECEPTOR_SIGNALING_PATHWAY
GOBP_PHOSPHOLIPASE_C_ACTIVATING_G_PROTEIN_COUPLED_ACETYLCHOLINE_RECEPTOR_SIGNALING_PATHWAY	8	7	4	3	GOBP_PHOSPHOLIPASE_C_ACTIVATING_G_PROTEIN_COUPLED_ACETYLCHOLINE_RECEPTOR_SIGNALING_PATHWAY
GOBP_PHOSPHOLIPASE_C_ACTIVATING_G_PROTEIN_COUPLED_RECEPTOR_SIGNALING_PATHWAY	147	100	50	50	GOBP_PHOSPHOLIPASE_C_ACTIVATING_G_PROTEIN_COUPLED_RECEPTOR_SIGNALING_PATHWAY
GOBP_PHOSPHOLIPASE_C_ACTIVATING_SEROTONIN_RECEPTOR_SIGNALING_PATHWAY	6	3	2	1	GOBP_PHOSPHOLIPASE_C_ACTIVATING_SEROTONIN_RECEPTOR_SIGNALING_PATHWAY
GOBP_PHOSPHOLIPASE_C_PROTEIN_KINASE_C_SIGNAL_TRANSDUCTION	13	9	5	4	GOBP_PHOSPHOLIPASE_C_PROTEIN_KINASE_C_SIGNAL_TRANSDUCTION
GOBP_PHOSPHOLIPID_BIOSYNTHETIC_PROCESS	247	108	54	54	GOBP_PHOSPHOLIPID_BIOSYNTHETIC_PROCESS
GOBP_PHOSPHOLIPID_CATABOLIC_PROCESS	56	28	14	14	GOBP_PHOSPHOLIPID_CATABOLIC_PROCESS
GOBP_PHOSPHOLIPID_DEPHOSPHORYLATION	43	24	12	12	GOBP_PHOSPHOLIPID_DEPHOSPHORYLATION
GOBP_PHOSPHOLIPID_EFFLUX	14	10	5	5	GOBP_PHOSPHOLIPID_EFFLUX
GOBP_PHOSPHOLIPID_HOMEOSTASIS	17	11	6	5	GOBP_PHOSPHOLIPID_HOMEOSTASIS
GOBP_PHOSPHOLIPID_METABOLIC_PROCESS	383	183	92	91	GOBP_PHOSPHOLIPID_METABOLIC_PROCESS
GOBP_PHOSPHOLIPID_TRANSLOCATION	56	25	13	12	GOBP_PHOSPHOLIPID_TRANSLOCATION
GOBP_PHOSPHOLIPID_TRANSPORT	108	54	27	27	GOBP_PHOSPHOLIPID_TRANSPORT
GOBP_PHOSPHORUS_METABOLIC_PROCESS	1900	858	429	429	GOBP_PHOSPHORUS_METABOLIC_PROCESS
GOBP_PHOSPHORYLATION	797	352	176	176	GOBP_PHOSPHORYLATION
GOBP_PHOTOPERIODISM	29	10	5	5	GOBP_PHOTOPERIODISM
GOBP_PHOTORECEPTOR_CELL_DEVELOPMENT	54	25	13	12	GOBP_PHOTORECEPTOR_CELL_DEVELOPMENT
GOBP_PHOTORECEPTOR_CELL_DIFFERENTIATION	73	34	17	17	GOBP_PHOTORECEPTOR_CELL_DIFFERENTIATION
GOBP_PHOTORECEPTOR_CELL_MAINTENANCE	45	23	12	11	GOBP_PHOTORECEPTOR_CELL_MAINTENANCE
GOBP_PHOTORECEPTOR_CELL_MORPHOGENESIS	5	3	2	1	GOBP_PHOTORECEPTOR_CELL_MORPHOGENESIS
GOBP_PHOTORECEPTOR_CELL_OUTER_SEGMENT_ORGANIZATION	13	5	3	2	GOBP_PHOTORECEPTOR_CELL_OUTER_SEGMENT_ORGANIZATION
GOBP_PHOTOTRANSDUCTION	55	25	13	12	GOBP_PHOTOTRANSDUCTION
GOBP_PHOTOTRANSDUCTION_VISIBLE_LIGHT	23	12	6	6	GOBP_PHOTOTRANSDUCTION_VISIBLE_LIGHT
GOBP_PHYLLOQUINONE_METABOLIC_PROCESS	7	3	2	1	GOBP_MENAQUINONE_CATABOLIC_PROCESS
GOBP_PHYSIOLOGICAL_CARDIAC_MUSCLE_HYPERTROPHY	32	16	8	8	GOBP_PHYSIOLOGICAL_CARDIAC_MUSCLE_HYPERTROPHY
GOBP_PH_REDUCTION	7	3	2	1	GOBP_PH_REDUCTION
GOBP_PIECEMEAL_MICROAUTOPHAGY_OF_THE_NUCLEUS	18	4	2	2	GOBP_MICROAUTOPHAGY
GOBP_PIGMENTATION	115	51	26	25	GOBP_PIGMENTATION
GOBP_PIGMENT_ACCUMULATION	12	4	2	2	GOBP_PIGMENT_ACCUMULATION
GOBP_PIGMENT_BIOSYNTHETIC_PROCESS	58	28	14	14	GOBP_PIGMENT_BIOSYNTHETIC_PROCESS
GOBP_PIGMENT_CATABOLIC_PROCESS	11	6	3	3	GOBP_PIGMENT_CATABOLIC_PROCESS
GOBP_PIGMENT_CELL_DIFFERENTIATION	35	19	10	9	GOBP_PIGMENT_CELL_DIFFERENTIATION
GOBP_PIGMENT_GRANULE_LOCALIZATION	26	7	4	3	GOBP_ESTABLISHMENT_OF_PIGMENT_GRANULE_LOCALIZATION
GOBP_PIGMENT_GRANULE_MATURATION	10	3	2	1	GOBP_PIGMENT_GRANULE_MATURATION
GOBP_PIGMENT_GRANULE_ORGANIZATION	40	16	8	8	GOBP_PIGMENT_GRANULE_ORGANIZATION
GOBP_PIGMENT_METABOLIC_PROCESS	81	41	21	20	GOBP_PIGMENT_METABOLIC_PROCESS
GOBP_PINOCYTOSIS	23	10	5	5	GOBP_PINOCYTOSIS
GOBP_PIRNA_MEDIATED_HETEROCHROMATIN_FORMATION	16	8	4	4	GOBP_PIRNA_MEDIATED_HETEROCHROMATIN_FORMATION
GOBP_PIRNA_PROCESSING	22	12	6	6	GOBP_PIRNA_PROCESSING
GOBP_PITUITARY_GLAND_DEVELOPMENT	43	28	14	14	GOBP_PITUITARY_GLAND_DEVELOPMENT
GOBP_PLACENTA_BLOOD_VESSEL_DEVELOPMENT	34	17	9	8	GOBP_PLACENTA_BLOOD_VESSEL_DEVELOPMENT
GOBP_PLACENTA_DEVELOPMENT	161	90	45	45	GOBP_PLACENTA_DEVELOPMENT
GOBP_PLASMA_CELL_DIFFERENTIATION	11	7	4	3	GOBP_PLASMA_CELL_DIFFERENTIATION
GOBP_PLASMA_LIPOPROTEIN_PARTICLE_CLEARANCE	61	31	16	15	GOBP_PLASMA_LIPOPROTEIN_PARTICLE_CLEARANCE
GOBP_PLASMA_MEMBRANE_FUSION	35	16	8	8	GOBP_PLASMA_MEMBRANE_FUSION
GOBP_PLASMA_MEMBRANE_LACTATE_TRANSPORT	5	4	2	2	GOBP_PLASMA_MEMBRANE_LACTATE_TRANSPORT
GOBP_PLASMA_MEMBRANE_ORGANIZATION	180	88	44	44	GOBP_PLASMA_MEMBRANE_ORGANIZATION
GOBP_PLASMA_MEMBRANE_PHOSPHOLIPID_SCRAMBLING	30	10	5	5	GOBP_PLASMA_MEMBRANE_PHOSPHOLIPID_SCRAMBLING
GOBP_PLASMA_MEMBRANE_RAFT_ASSEMBLY	10	5	3	2	GOBP_CAVEOLA_ASSEMBLY
GOBP_PLASMA_MEMBRANE_RAFT_ORGANIZATION	14	8	4	4	GOBP_PLASMA_MEMBRANE_RAFT_ORGANIZATION
GOBP_PLASMA_MEMBRANE_REPAIR	30	14	7	7	GOBP_PLASMA_MEMBRANE_REPAIR
GOBP_PLASMA_MEMBRANE_TO_ENDOSOME_TRANSPORT	9	3	2	1	GOBP_PLASMA_MEMBRANE_TO_ENDOSOME_TRANSPORT
GOBP_PLASMA_MEMBRANE_TUBULATION	19	10	5	5	GOBP_PLASMA_MEMBRANE_TUBULATION
GOBP_PLASMINOGEN_ACTIVATION	26	18	9	9	GOBP_PLASMINOGEN_ACTIVATION
GOBP_PLATELET_ACTIVATING_FACTOR_METABOLIC_PROCESS	8	4	2	2	GOBP_PLATELET_ACTIVATING_FACTOR_METABOLIC_PROCESS
GOBP_PLATELET_ACTIVATION	142	81	41	40	GOBP_PLATELET_ACTIVATION
GOBP_PLATELET_AGGREGATION	78	44	22	22	GOBP_PLATELET_AGGREGATION
GOBP_PLATELET_DEGRANULATION	8	5	3	2	GOBP_PLATELET_DEGRANULATION
GOBP_PLATELET_DENSE_GRANULE_ORGANIZATION	25	9	5	4	GOBP_PLATELET_DENSE_GRANULE_ORGANIZATION
GOBP_PLATELET_DERIVED_GROWTH_FACTOR_RECEPTOR_ALPHA_SIGNALING_PATHWAY	7	4	2	2	GOBP_PLATELET_DERIVED_GROWTH_FACTOR_RECEPTOR_ALPHA_SIGNALING_PATHWAY
GOBP_PLATELET_DERIVED_GROWTH_FACTOR_RECEPTOR_BETA_SIGNALING_PATHWAY	15	5	3	2	GOBP_PLATELET_DERIVED_GROWTH_FACTOR_RECEPTOR_BETA_SIGNALING_PATHWAY
GOBP_PLATELET_DERIVED_GROWTH_FACTOR_RECEPTOR_SIGNALING_PATHWAY	62	28	14	14	GOBP_PLATELET_DERIVED_GROWTH_FACTOR_RECEPTOR_SIGNALING_PATHWAY
GOBP_PLATELET_MORPHOGENESIS	27	11	6	5	GOBP_PLATELET_MORPHOGENESIS
GOBP_PLUS_END_DIRECTED_ORGANELLE_TRANSPORT_ALONG_MICROTUBULE	7	4	2	2	GOBP_PLUS_END_DIRECTED_ORGANELLE_TRANSPORT_ALONG_MICROTUBULE
GOBP_PML_BODY_ORGANIZATION	7	3	2	1	GOBP_PML_BODY_ORGANIZATION
GOBP_PODOCYTE_CELL_MIGRATION	7	3	2	1	GOBP_PODOCYTE_CELL_MIGRATION
GOBP_PODOSOME_ASSEMBLY	22	14	7	7	GOBP_PODOSOME_ASSEMBLY
GOBP_POINTED_END_ACTIN_FILAMENT_CAPPING	7	3	2	1	GOBP_POINTED_END_ACTIN_FILAMENT_CAPPING
GOBP_POLARIZED_EPITHELIAL_CELL_DIFFERENTIATION	27	12	6	6	GOBP_POLARIZED_EPITHELIAL_CELL_DIFFERENTIATION
GOBP_POLYAMINE_BIOSYNTHETIC_PROCESS	14	8	4	4	GOBP_POLYAMINE_BIOSYNTHETIC_PROCESS
GOBP_POLYAMINE_METABOLIC_PROCESS	19	9	5	4	GOBP_POLYAMINE_METABOLIC_PROCESS
GOBP_POLYAMINE_TRANSPORT	16	6	3	3	GOBP_POLYAMINE_TRANSPORT
GOBP_POLYKETIDE_METABOLIC_PROCESS	10	4	2	2	GOBP_AMINOGLYCOSIDE_ANTIBIOTIC_METABOLIC_PROCESS
GOBP_POLYOL_BIOSYNTHETIC_PROCESS	62	33	17	16	GOBP_POLYOL_BIOSYNTHETIC_PROCESS
GOBP_POLYOL_CATABOLIC_PROCESS	10	4	2	2	GOBP_POLYOL_CATABOLIC_PROCESS
GOBP_POLYOL_METABOLIC_PROCESS	109	54	27	27	GOBP_POLYOL_METABOLIC_PROCESS
GOBP_POLYOL_TRANSMEMBRANE_TRANSPORT	11	7	4	3	GOBP_POLYOL_TRANSMEMBRANE_TRANSPORT
GOBP_POLYPRENOL_METABOLIC_PROCESS	10	6	3	3	GOBP_POLYPRENOL_METABOLIC_PROCESS
GOBP_POLYSACCHARIDE_BIOSYNTHETIC_PROCESS	59	24	12	12	GOBP_POLYSACCHARIDE_BIOSYNTHETIC_PROCESS
GOBP_POLYSACCHARIDE_CATABOLIC_PROCESS	30	14	7	7	GOBP_POLYSACCHARIDE_CATABOLIC_PROCESS
GOBP_POLYSACCHARIDE_METABOLIC_PROCESS	108	49	25	24	GOBP_POLYSACCHARIDE_METABOLIC_PROCESS
GOBP_POLY_A_DEPENDENT_SNORNA_3_END_PROCESSING	8	3	2	1	GOBP_POLY_A_DEPENDENT_SNORNA_3_END_PROCESSING
GOBP_POLY_A_PLUS_MRNA_EXPORT_FROM_NUCLEUS	25	5	3	2	GOBP_POLY_A_PLUS_MRNA_EXPORT_FROM_NUCLEUS
GOBP_POLY_N_ACETYLLACTOSAMINE_METABOLIC_PROCESS	10	7	4	3	GOBP_POLY_N_ACETYLLACTOSAMINE_METABOLIC_PROCESS
GOBP_PONS_DEVELOPMENT	11	5	3	2	GOBP_PONS_DEVELOPMENT
GOBP_PORE_COMPLEX_ASSEMBLY	20	8	4	4	GOBP_PORE_COMPLEX_ASSEMBLY
GOBP_PORPHYRIN_CONTAINING_COMPOUND_METABOLIC_PROCESS	54	23	12	11	GOBP_PORPHYRIN_CONTAINING_COMPOUND_METABOLIC_PROCESS
GOBP_POSITIVE_CHEMOTAXIS	72	46	23	23	GOBP_POSITIVE_CHEMOTAXIS
GOBP_POSITIVE_REGULATION_BY_HOST_OF_VIRAL_PROCESS	21	7	4	3	GOBP_POSITIVE_REGULATION_BY_HOST_OF_VIRAL_PROCESS
GOBP_POSITIVE_REGULATION_BY_HOST_OF_VIRAL_TRANSCRIPTION	18	8	4	4	GOBP_POSITIVE_REGULATION_BY_HOST_OF_VIRAL_TRANSCRIPTION
GOBP_POSITIVE_REGULATION_BY_SYMBIONT_OF_ENTRY_INTO_HOST	15	10	5	5	GOBP_POSITIVE_REGULATION_BY_SYMBIONT_OF_ENTRY_INTO_HOST
GOBP_POSITIVE_REGULATION_OF_3_UTR_MEDIATED_MRNA_STABILIZATION	6	3	2	1	GOBP_POSITIVE_REGULATION_OF_3_UTR_MEDIATED_MRNA_STABILIZATION
GOBP_POSITIVE_REGULATION_OF_ACROSOME_REACTION	11	6	3	3	GOBP_POSITIVE_REGULATION_OF_ACROSOME_REACTION
GOBP_POSITIVE_REGULATION_OF_ACTIN_FILAMENT_BUNDLE_ASSEMBLY	62	35	18	17	GOBP_POSITIVE_REGULATION_OF_ACTIN_FILAMENT_BUNDLE_ASSEMBLY
GOBP_POSITIVE_REGULATION_OF_ACTIN_FILAMENT_DEPOLYMERIZATION	14	8	4	4	GOBP_POSITIVE_REGULATION_OF_ACTIN_FILAMENT_DEPOLYMERIZATION
GOBP_POSITIVE_REGULATION_OF_ACTIN_FILAMENT_POLYMERIZATION	52	25	13	12	GOBP_POSITIVE_REGULATION_OF_ACTIN_FILAMENT_POLYMERIZATION
GOBP_POSITIVE_REGULATION_OF_ACTIN_NUCLEATION	13	7	4	3	GOBP_POSITIVE_REGULATION_OF_ACTIN_NUCLEATION
GOBP_POSITIVE_REGULATION_OF_ACTION_POTENTIAL	9	5	3	2	GOBP_POSITIVE_REGULATION_OF_ACTION_POTENTIAL
GOBP_POSITIVE_REGULATION_OF_ACTIVATED_T_CELL_PROLIFERATION	28	18	9	9	GOBP_POSITIVE_REGULATION_OF_ACTIVATED_T_CELL_PROLIFERATION
GOBP_POSITIVE_REGULATION_OF_ACUTE_INFLAMMATORY_RESPONSE	28	21	11	10	GOBP_POSITIVE_REGULATION_OF_ACUTE_INFLAMMATORY_RESPONSE
GOBP_POSITIVE_REGULATION_OF_ACUTE_INFLAMMATORY_RESPONSE_TO_ANTIGENIC_STIMULUS	8	6	3	3	GOBP_POSITIVE_REGULATION_OF_ACUTE_INFLAMMATORY_RESPONSE_TO_ANTIGENIC_STIMULUS
GOBP_POSITIVE_REGULATION_OF_ADAPTIVE_IMMUNE_RESPONSE	136	78	39	39	GOBP_POSITIVE_REGULATION_OF_ADAPTIVE_IMMUNE_RESPONSE
GOBP_POSITIVE_REGULATION_OF_ADENYLATE_CYCLASE_ACTIVATING_G_PROTEIN_COUPLED_RECEPTOR_SIGNALING_PATHWAY	6	4	2	2	GOBP_POSITIVE_REGULATION_OF_ADENYLATE_CYCLASE_ACTIVATING_G_PROTEIN_COUPLED_RECEPTOR_SIGNALING_PATHWAY
GOBP_POSITIVE_REGULATION_OF_ADIPOSE_TISSUE_DEVELOPMENT	11	3	2	1	GOBP_POSITIVE_REGULATION_OF_ADIPOSE_TISSUE_DEVELOPMENT
GOBP_POSITIVE_REGULATION_OF_ALCOHOL_BIOSYNTHETIC_PROCESS	31	19	10	9	GOBP_POSITIVE_REGULATION_OF_ALCOHOL_BIOSYNTHETIC_PROCESS
GOBP_POSITIVE_REGULATION_OF_ALPHA_BETA_T_CELL_ACTIVATION	76	42	21	21	GOBP_POSITIVE_REGULATION_OF_ALPHA_BETA_T_CELL_ACTIVATION
GOBP_POSITIVE_REGULATION_OF_ALPHA_BETA_T_CELL_DIFFERENTIATION	57	28	14	14	GOBP_POSITIVE_REGULATION_OF_ALPHA_BETA_T_CELL_DIFFERENTIATION
GOBP_POSITIVE_REGULATION_OF_ALPHA_BETA_T_CELL_PROLIFERATION	24	16	8	8	GOBP_POSITIVE_REGULATION_OF_ALPHA_BETA_T_CELL_PROLIFERATION
GOBP_POSITIVE_REGULATION_OF_AMIDE_METABOLIC_PROCESS	31	16	8	8	GOBP_POSITIVE_REGULATION_OF_AMIDE_METABOLIC_PROCESS
GOBP_POSITIVE_REGULATION_OF_AMINE_METABOLIC_PROCESS	7	6	3	3	GOBP_POSITIVE_REGULATION_OF_AMINE_METABOLIC_PROCESS
GOBP_POSITIVE_REGULATION_OF_AMINE_TRANSPORT	39	22	11	11	GOBP_POSITIVE_REGULATION_OF_AMINE_TRANSPORT
GOBP_POSITIVE_REGULATION_OF_AMINO_ACID_TRANSPORT	22	10	5	5	GOBP_POSITIVE_REGULATION_OF_AMINO_ACID_TRANSPORT
GOBP_POSITIVE_REGULATION_OF_AMYLOID_BETA_CLEARANCE	8	4	2	2	GOBP_POSITIVE_REGULATION_OF_AMYLOID_BETA_CLEARANCE
GOBP_POSITIVE_REGULATION_OF_AMYLOID_BETA_FORMATION	21	12	6	6	GOBP_POSITIVE_REGULATION_OF_AMYLOID_BETA_FORMATION
GOBP_POSITIVE_REGULATION_OF_AMYLOID_PRECURSOR_PROTEIN_CATABOLIC_PROCESS	27	14	7	7	GOBP_POSITIVE_REGULATION_OF_AMYLOID_PRECURSOR_PROTEIN_CATABOLIC_PROCESS
GOBP_POSITIVE_REGULATION_OF_ANIMAL_ORGAN_MORPHOGENESIS	35	25	13	12	GOBP_POSITIVE_REGULATION_OF_ANIMAL_ORGAN_MORPHOGENESIS
GOBP_POSITIVE_REGULATION_OF_ANTIGEN_PROCESSING_AND_PRESENTATION	10	8	4	4	GOBP_POSITIVE_REGULATION_OF_ANTIGEN_PROCESSING_AND_PRESENTATION
GOBP_POSITIVE_REGULATION_OF_ANTIGEN_RECEPTOR_MEDIATED_SIGNALING_PATHWAY	28	16	8	8	GOBP_POSITIVE_REGULATION_OF_ANTIGEN_RECEPTOR_MEDIATED_SIGNALING_PATHWAY
GOBP_POSITIVE_REGULATION_OF_ANTIMICROBIAL_HUMORAL_RESPONSE	7	6	3	3	GOBP_POSITIVE_REGULATION_OF_ANTIMICROBIAL_HUMORAL_RESPONSE
GOBP_POSITIVE_REGULATION_OF_APOPTOTIC_CELL_CLEARANCE	8	5	3	2	GOBP_POSITIVE_REGULATION_OF_APOPTOTIC_CELL_CLEARANCE
GOBP_POSITIVE_REGULATION_OF_APOPTOTIC_SIGNALING_PATHWAY	154	76	38	38	GOBP_POSITIVE_REGULATION_OF_APOPTOTIC_SIGNALING_PATHWAY
GOBP_POSITIVE_REGULATION_OF_ARACHIDONATE_SECRETION	5	5	3	2	GOBP_POSITIVE_REGULATION_OF_ARACHIDONATE_SECRETION
GOBP_POSITIVE_REGULATION_OF_ARP2_3_COMPLEX_MEDIATED_ACTIN_NUCLEATION	8	3	2	1	GOBP_POSITIVE_REGULATION_OF_ARP2_3_COMPLEX_MEDIATED_ACTIN_NUCLEATION
GOBP_POSITIVE_REGULATION_OF_ARTERY_MORPHOGENESIS	7	4	2	2	GOBP_POSITIVE_REGULATION_OF_ARTERY_MORPHOGENESIS
GOBP_POSITIVE_REGULATION_OF_ASTROCYTE_DIFFERENTIATION	13	8	4	4	GOBP_POSITIVE_REGULATION_OF_ASTROCYTE_DIFFERENTIATION
GOBP_POSITIVE_REGULATION_OF_ATP_DEPENDENT_ACTIVITY	23	5	3	2	GOBP_POSITIVE_REGULATION_OF_ATP_DEPENDENT_ACTIVITY
GOBP_POSITIVE_REGULATION_OF_ATTACHMENT_OF_MITOTIC_SPINDLE_MICROTUBULES_TO_KINETOCHORE	8	4	2	2	GOBP_POSITIVE_REGULATION_OF_ATTACHMENT_OF_MITOTIC_SPINDLE_MICROTUBULES_TO_KINETOCHORE
GOBP_POSITIVE_REGULATION_OF_ATTACHMENT_OF_SPINDLE_MICROTUBULES_TO_KINETOCHORE	11	5	3	2	GOBP_POSITIVE_REGULATION_OF_ATTACHMENT_OF_SPINDLE_MICROTUBULES_TO_KINETOCHORE
GOBP_POSITIVE_REGULATION_OF_AUTOPHAGOSOME_ASSEMBLY	20	4	2	2	GOBP_POSITIVE_REGULATION_OF_AUTOPHAGOSOME_ASSEMBLY
GOBP_POSITIVE_REGULATION_OF_AUTOPHAGY	162	46	23	23	GOBP_POSITIVE_REGULATION_OF_AUTOPHAGY
GOBP_POSITIVE_REGULATION_OF_AUTOPHAGY_OF_MITOCHONDRION	27	4	2	2	GOBP_POSITIVE_REGULATION_OF_AUTOPHAGY_OF_MITOCHONDRION
GOBP_POSITIVE_REGULATION_OF_AXONOGENESIS	77	41	21	20	GOBP_POSITIVE_REGULATION_OF_AXONOGENESIS
GOBP_POSITIVE_REGULATION_OF_AXON_EXTENSION	39	17	9	8	GOBP_POSITIVE_REGULATION_OF_AXON_EXTENSION
GOBP_POSITIVE_REGULATION_OF_AXON_EXTENSION_INVOLVED_IN_AXON_GUIDANCE	7	4	2	2	GOBP_POSITIVE_REGULATION_OF_AXON_EXTENSION_INVOLVED_IN_AXON_GUIDANCE
GOBP_POSITIVE_REGULATION_OF_BEHAVIOR	29	22	11	11	GOBP_POSITIVE_REGULATION_OF_BEHAVIOR
GOBP_POSITIVE_REGULATION_OF_BICELLULAR_TIGHT_JUNCTION_ASSEMBLY	10	8	4	4	GOBP_POSITIVE_REGULATION_OF_BICELLULAR_TIGHT_JUNCTION_ASSEMBLY
GOBP_POSITIVE_REGULATION_OF_BINDING	72	34	17	17	GOBP_POSITIVE_REGULATION_OF_BINDING
GOBP_POSITIVE_REGULATION_OF_BIOMINERAL_TISSUE_DEVELOPMENT	54	33	17	16	GOBP_POSITIVE_REGULATION_OF_BIOMINERAL_TISSUE_DEVELOPMENT
GOBP_POSITIVE_REGULATION_OF_BLOOD_BRAIN_BARRIER_PERMEABILITY	5	4	2	2	GOBP_POSITIVE_REGULATION_OF_BLOOD_BRAIN_BARRIER_PERMEABILITY
GOBP_POSITIVE_REGULATION_OF_BLOOD_CIRCULATION	40	26	13	13	GOBP_POSITIVE_REGULATION_OF_BLOOD_CIRCULATION
GOBP_POSITIVE_REGULATION_OF_BLOOD_PRESSURE	37	22	11	11	GOBP_POSITIVE_REGULATION_OF_BLOOD_PRESSURE
GOBP_POSITIVE_REGULATION_OF_BLOOD_VESSEL_BRANCHING	6	3	2	1	GOBP_POSITIVE_REGULATION_OF_BLOOD_VESSEL_BRANCHING
GOBP_POSITIVE_REGULATION_OF_BLOOD_VESSEL_ENDOTHELIAL_CELL_MIGRATION	80	32	16	16	GOBP_POSITIVE_REGULATION_OF_BLOOD_VESSEL_ENDOTHELIAL_CELL_MIGRATION
GOBP_POSITIVE_REGULATION_OF_BLOOD_VESSEL_ENDOTHELIAL_CELL_PROLIFERATION_INVOLVED_IN_SPROUTING_ANGIOGENESIS	23	6	3	3	GOBP_POSITIVE_REGULATION_OF_BLOOD_VESSEL_ENDOTHELIAL_CELL_PROLIFERATION_INVOLVED_IN_SPROUTING_ANGIOGENESIS
GOBP_POSITIVE_REGULATION_OF_BMP_SIGNALING_PATHWAY	40	20	10	10	GOBP_POSITIVE_REGULATION_OF_BMP_SIGNALING_PATHWAY
GOBP_POSITIVE_REGULATION_OF_BONE_MINERALIZATION	44	29	15	14	GOBP_POSITIVE_REGULATION_OF_BONE_MINERALIZATION
GOBP_POSITIVE_REGULATION_OF_BONE_RESORPTION	15	9	5	4	GOBP_POSITIVE_REGULATION_OF_BONE_RESORPTION
GOBP_POSITIVE_REGULATION_OF_BROWN_FAT_CELL_DIFFERENTIATION	16	9	5	4	GOBP_POSITIVE_REGULATION_OF_BROWN_FAT_CELL_DIFFERENTIATION
GOBP_POSITIVE_REGULATION_OF_B_CELL_ACTIVATION	87	52	26	26	GOBP_POSITIVE_REGULATION_OF_B_CELL_ACTIVATION
GOBP_POSITIVE_REGULATION_OF_B_CELL_DIFFERENTIATION	18	8	4	4	GOBP_POSITIVE_REGULATION_OF_B_CELL_DIFFERENTIATION
GOBP_POSITIVE_REGULATION_OF_B_CELL_MEDIATED_IMMUNITY	43	25	13	12	GOBP_POSITIVE_REGULATION_OF_B_CELL_MEDIATED_IMMUNITY
GOBP_POSITIVE_REGULATION_OF_B_CELL_PROLIFERATION	47	34	17	17	GOBP_POSITIVE_REGULATION_OF_B_CELL_PROLIFERATION
GOBP_POSITIVE_REGULATION_OF_B_CELL_RECEPTOR_SIGNALING_PATHWAY	9	4	2	2	GOBP_POSITIVE_REGULATION_OF_B_CELL_RECEPTOR_SIGNALING_PATHWAY
GOBP_POSITIVE_REGULATION_OF_CALCINEURIN_MEDIATED_SIGNALING	21	9	5	4	GOBP_POSITIVE_REGULATION_OF_CALCINEURIN_MEDIATED_SIGNALING
GOBP_POSITIVE_REGULATION_OF_CALCIUM_ION_DEPENDENT_EXOCYTOSIS	18	13	7	6	GOBP_POSITIVE_REGULATION_OF_CALCIUM_ION_DEPENDENT_EXOCYTOSIS
GOBP_POSITIVE_REGULATION_OF_CALCIUM_ION_IMPORT	27	18	9	9	GOBP_POSITIVE_REGULATION_OF_CALCIUM_ION_IMPORT
GOBP_POSITIVE_REGULATION_OF_CALCIUM_ION_IMPORT_ACROSS_PLASMA_MEMBRANE	10	5	3	2	GOBP_POSITIVE_REGULATION_OF_CALCIUM_ION_IMPORT_ACROSS_PLASMA_MEMBRANE
GOBP_POSITIVE_REGULATION_OF_CALCIUM_ION_TRANSMEMBRANE_TRANSPORT	72	41	21	20	GOBP_POSITIVE_REGULATION_OF_CALCIUM_ION_TRANSMEMBRANE_TRANSPORT
GOBP_POSITIVE_REGULATION_OF_CALCIUM_ION_TRANSMEMBRANE_TRANSPORTER_ACTIVITY	16	7	4	3	GOBP_POSITIVE_REGULATION_OF_CALCIUM_ION_TRANSMEMBRANE_TRANSPORTER_ACTIVITY
GOBP_POSITIVE_REGULATION_OF_CALCIUM_ION_TRANSPORT	110	69	35	34	GOBP_POSITIVE_REGULATION_OF_CALCIUM_ION_TRANSPORT
GOBP_POSITIVE_REGULATION_OF_CALCIUM_ION_TRANSPORT_INTO_CYTOSOL	14	7	4	3	GOBP_POSITIVE_REGULATION_OF_CALCIUM_ION_TRANSPORT_INTO_CYTOSOL
GOBP_POSITIVE_REGULATION_OF_CALCIUM_MEDIATED_SIGNALING	59	39	20	19	GOBP_POSITIVE_REGULATION_OF_CALCIUM_MEDIATED_SIGNALING
GOBP_POSITIVE_REGULATION_OF_CAMP_PKA_SIGNAL_TRANSDUCTION	13	9	5	4	GOBP_POSITIVE_REGULATION_OF_CAMP_PKA_SIGNAL_TRANSDUCTION
GOBP_POSITIVE_REGULATION_OF_CANONICAL_NF_KAPPAB_SIGNAL_TRANSDUCTION	227	100	50	50	GOBP_POSITIVE_REGULATION_OF_CANONICAL_NF_KAPPAB_SIGNAL_TRANSDUCTION
GOBP_POSITIVE_REGULATION_OF_CANONICAL_WNT_SIGNALING_PATHWAY	116	52	26	26	GOBP_POSITIVE_REGULATION_OF_CANONICAL_WNT_SIGNALING_PATHWAY
GOBP_POSITIVE_REGULATION_OF_CARBOHYDRATE_METABOLIC_PROCESS	83	38	19	19	GOBP_POSITIVE_REGULATION_OF_CARBOHYDRATE_METABOLIC_PROCESS
GOBP_POSITIVE_REGULATION_OF_CARDIAC_EPITHELIAL_TO_MESENCHYMAL_TRANSITION	9	6	3	3	GOBP_POSITIVE_REGULATION_OF_CARDIAC_EPITHELIAL_TO_MESENCHYMAL_TRANSITION
GOBP_POSITIVE_REGULATION_OF_CARDIAC_MUSCLE_CELL_DIFFERENTIATION	11	6	3	3	GOBP_POSITIVE_REGULATION_OF_CARDIAC_MUSCLE_CELL_DIFFERENTIATION
GOBP_POSITIVE_REGULATION_OF_CARDIAC_MUSCLE_CELL_PROLIFERATION	33	15	8	7	GOBP_POSITIVE_REGULATION_OF_CARDIAC_MUSCLE_CELL_PROLIFERATION
GOBP_POSITIVE_REGULATION_OF_CARDIAC_MUSCLE_CONTRACTION	9	7	4	3	GOBP_POSITIVE_REGULATION_OF_CARDIAC_MUSCLE_CONTRACTION
GOBP_POSITIVE_REGULATION_OF_CARDIOCYTE_DIFFERENTIATION	18	10	5	5	GOBP_POSITIVE_REGULATION_OF_CARDIOCYTE_DIFFERENTIATION
GOBP_POSITIVE_REGULATION_OF_CARTILAGE_DEVELOPMENT	33	20	10	10	GOBP_POSITIVE_REGULATION_OF_CARTILAGE_DEVELOPMENT
GOBP_POSITIVE_REGULATION_OF_CATABOLIC_PROCESS	647	214	107	107	GOBP_POSITIVE_REGULATION_OF_CATABOLIC_PROCESS
GOBP_POSITIVE_REGULATION_OF_CATALYTIC_ACTIVITY	343	162	81	81	GOBP_POSITIVE_REGULATION_OF_CATALYTIC_ACTIVITY
GOBP_POSITIVE_REGULATION_OF_CATECHOLAMINE_SECRETION	12	9	5	4	GOBP_POSITIVE_REGULATION_OF_CATECHOLAMINE_SECRETION
GOBP_POSITIVE_REGULATION_OF_CATION_CHANNEL_ACTIVITY	28	15	8	7	GOBP_POSITIVE_REGULATION_OF_CATION_CHANNEL_ACTIVITY
GOBP_POSITIVE_REGULATION_OF_CD4_POSITIVE_ALPHA_BETA_T_CELL_ACTIVATION	49	27	14	13	GOBP_POSITIVE_REGULATION_OF_CD4_POSITIVE_ALPHA_BETA_T_CELL_ACTIVATION
GOBP_POSITIVE_REGULATION_OF_CD4_POSITIVE_ALPHA_BETA_T_CELL_DIFFERENTIATION	39	21	11	10	GOBP_POSITIVE_REGULATION_OF_CD4_POSITIVE_ALPHA_BETA_T_CELL_DIFFERENTIATION
GOBP_POSITIVE_REGULATION_OF_CD4_POSITIVE_ALPHA_BETA_T_CELL_PROLIFERATION	10	6	3	3	GOBP_POSITIVE_REGULATION_OF_CD4_POSITIVE_ALPHA_BETA_T_CELL_PROLIFERATION
GOBP_POSITIVE_REGULATION_OF_CD8_POSITIVE_ALPHA_BETA_T_CELL_ACTIVATION	8	5	3	2	GOBP_POSITIVE_REGULATION_OF_CD8_POSITIVE_ALPHA_BETA_T_CELL_ACTIVATION
GOBP_POSITIVE_REGULATION_OF_CELLULAR_COMPONENT_BIOGENESIS	506	258	129	129	GOBP_POSITIVE_REGULATION_OF_CELLULAR_COMPONENT_BIOGENESIS
GOBP_POSITIVE_REGULATION_OF_CELLULAR_COMPONENT_ORGANIZATION	1130	578	289	289	GOBP_POSITIVE_REGULATION_OF_CELLULAR_COMPONENT_ORGANIZATION
GOBP_POSITIVE_REGULATION_OF_CELLULAR_EXTRAVASATION	18	12	6	6	GOBP_POSITIVE_REGULATION_OF_CELLULAR_EXTRAVASATION
GOBP_POSITIVE_REGULATION_OF_CELLULAR_PH_REDUCTION	5	4	2	2	GOBP_POSITIVE_REGULATION_OF_CELLULAR_PH_REDUCTION
GOBP_POSITIVE_REGULATION_OF_CELLULAR_RESPIRATION	15	7	4	3	GOBP_POSITIVE_REGULATION_OF_CELLULAR_RESPIRATION
GOBP_POSITIVE_REGULATION_OF_CELLULAR_RESPONSE_TO_INSULIN_STIMULUS	25	9	5	4	GOBP_POSITIVE_REGULATION_OF_CELLULAR_RESPONSE_TO_INSULIN_STIMULUS
GOBP_POSITIVE_REGULATION_OF_CELLULAR_RESPONSE_TO_TRANSFORMING_GROWTH_FACTOR_BETA_STIMULUS	34	18	9	9	GOBP_POSITIVE_REGULATION_OF_CELLULAR_RESPONSE_TO_TRANSFORMING_GROWTH_FACTOR_BETA_STIMULUS
GOBP_POSITIVE_REGULATION_OF_CELLULAR_SENESCENCE	19	9	5	4	GOBP_POSITIVE_REGULATION_OF_CELLULAR_SENESCENCE
GOBP_POSITIVE_REGULATION_OF_CELL_ACTIVATION	400	230	115	115	GOBP_POSITIVE_REGULATION_OF_CELL_ACTIVATION
GOBP_POSITIVE_REGULATION_OF_CELL_ADHESION	506	291	146	145	GOBP_POSITIVE_REGULATION_OF_CELL_ADHESION
GOBP_POSITIVE_REGULATION_OF_CELL_ADHESION_MEDIATED_BY_INTEGRIN	22	13	7	6	GOBP_POSITIVE_REGULATION_OF_CELL_ADHESION_MEDIATED_BY_INTEGRIN
GOBP_POSITIVE_REGULATION_OF_CELL_CELL_ADHESION	341	199	100	99	GOBP_POSITIVE_REGULATION_OF_CELL_CELL_ADHESION
GOBP_POSITIVE_REGULATION_OF_CELL_CELL_ADHESION_MEDIATED_BY_CADHERIN	12	8	4	4	GOBP_POSITIVE_REGULATION_OF_CELL_CELL_ADHESION_MEDIATED_BY_CADHERIN
GOBP_POSITIVE_REGULATION_OF_CELL_CELL_ADHESION_MEDIATED_BY_INTEGRIN	6	4	2	2	GOBP_POSITIVE_REGULATION_OF_CELL_CELL_ADHESION_MEDIATED_BY_INTEGRIN
GOBP_POSITIVE_REGULATION_OF_CELL_CYCLE	346	174	87	87	GOBP_POSITIVE_REGULATION_OF_CELL_CYCLE
GOBP_POSITIVE_REGULATION_OF_CELL_CYCLE_CHECKPOINT	18	12	6	6	GOBP_POSITIVE_REGULATION_OF_CELL_CYCLE_CHECKPOINT
GOBP_POSITIVE_REGULATION_OF_CELL_CYCLE_G1_S_PHASE_TRANSITION	70	34	17	17	GOBP_POSITIVE_REGULATION_OF_CELL_CYCLE_G1_S_PHASE_TRANSITION
GOBP_POSITIVE_REGULATION_OF_CELL_CYCLE_G2_M_PHASE_TRANSITION	30	17	9	8	GOBP_POSITIVE_REGULATION_OF_CELL_CYCLE_G2_M_PHASE_TRANSITION
GOBP_POSITIVE_REGULATION_OF_CELL_CYCLE_PHASE_TRANSITION	124	67	34	33	GOBP_POSITIVE_REGULATION_OF_CELL_CYCLE_PHASE_TRANSITION
GOBP_POSITIVE_REGULATION_OF_CELL_CYCLE_PROCESS	275	148	74	74	GOBP_POSITIVE_REGULATION_OF_CELL_CYCLE_PROCESS
GOBP_POSITIVE_REGULATION_OF_CELL_DEVELOPMENT	450	247	124	123	GOBP_POSITIVE_REGULATION_OF_CELL_DEVELOPMENT
GOBP_POSITIVE_REGULATION_OF_CELL_DIFFERENTIATION	915	508	254	254	GOBP_POSITIVE_REGULATION_OF_CELL_DIFFERENTIATION
GOBP_POSITIVE_REGULATION_OF_CELL_DIVISION	98	55	28	27	GOBP_POSITIVE_REGULATION_OF_CELL_DIVISION
GOBP_POSITIVE_REGULATION_OF_CELL_FATE_COMMITMENT	16	7	4	3	GOBP_POSITIVE_REGULATION_OF_CELL_FATE_COMMITMENT
GOBP_POSITIVE_REGULATION_OF_CELL_GROWTH	167	79	40	39	GOBP_POSITIVE_REGULATION_OF_CELL_GROWTH
GOBP_POSITIVE_REGULATION_OF_CELL_JUNCTION_ASSEMBLY	112	69	35	34	GOBP_POSITIVE_REGULATION_OF_CELL_JUNCTION_ASSEMBLY
GOBP_POSITIVE_REGULATION_OF_CELL_KILLING	72	44	22	22	GOBP_POSITIVE_REGULATION_OF_CELL_KILLING
GOBP_POSITIVE_REGULATION_OF_CELL_MATRIX_ADHESION	57	31	16	15	GOBP_POSITIVE_REGULATION_OF_CELL_MATRIX_ADHESION
GOBP_POSITIVE_REGULATION_OF_CELL_MATURATION	9	4	2	2	GOBP_POSITIVE_REGULATION_OF_CELL_MATURATION
GOBP_POSITIVE_REGULATION_OF_CELL_MIGRATION_INVOLVED_IN_SPROUTING_ANGIOGENESIS	37	15	8	7	GOBP_POSITIVE_REGULATION_OF_CELL_MIGRATION_INVOLVED_IN_SPROUTING_ANGIOGENESIS
GOBP_POSITIVE_REGULATION_OF_CELL_MORPHOGENESIS	37	13	7	6	GOBP_POSITIVE_REGULATION_OF_CELL_MORPHOGENESIS
GOBP_POSITIVE_REGULATION_OF_CELL_POPULATION_PROLIFERATION	988	567	284	283	GOBP_POSITIVE_REGULATION_OF_CELL_POPULATION_PROLIFERATION
GOBP_POSITIVE_REGULATION_OF_CELL_PROJECTION_ORGANIZATION	358	174	87	87	GOBP_POSITIVE_REGULATION_OF_CELL_PROJECTION_ORGANIZATION
GOBP_POSITIVE_REGULATION_OF_CELL_PROLIFERATION_INVOLVED_IN_KIDNEY_DEVELOPMENT	9	7	4	3	GOBP_POSITIVE_REGULATION_OF_CELL_PROLIFERATION_INVOLVED_IN_KIDNEY_DEVELOPMENT
GOBP_POSITIVE_REGULATION_OF_CELL_PROLIFERATION_IN_BONE_MARROW	6	4	2	2	GOBP_POSITIVE_REGULATION_OF_CELL_PROLIFERATION_IN_BONE_MARROW
GOBP_POSITIVE_REGULATION_OF_CELL_SIZE	12	8	4	4	GOBP_POSITIVE_REGULATION_OF_CELL_SIZE
GOBP_POSITIVE_REGULATION_OF_CELL_SUBSTRATE_ADHESION	128	74	37	37	GOBP_POSITIVE_REGULATION_OF_CELL_SUBSTRATE_ADHESION
GOBP_POSITIVE_REGULATION_OF_CELL_SUBSTRATE_JUNCTION_ORGANIZATION	31	14	7	7	GOBP_POSITIVE_REGULATION_OF_CELL_SUBSTRATE_JUNCTION_ORGANIZATION
GOBP_POSITIVE_REGULATION_OF_CENTRIOLE_ELONGATION	7	3	2	1	GOBP_POSITIVE_REGULATION_OF_CENTRIOLE_ELONGATION
GOBP_POSITIVE_REGULATION_OF_CENTRIOLE_REPLICATION	11	5	3	2	GOBP_POSITIVE_REGULATION_OF_CENTRIOLE_REPLICATION
GOBP_POSITIVE_REGULATION_OF_CENTROSOME_DUPLICATION	5	3	2	1	GOBP_POSITIVE_REGULATION_OF_CENTROSOME_DUPLICATION
GOBP_POSITIVE_REGULATION_OF_CEREBELLAR_GRANULE_CELL_PRECURSOR_PROLIFERATION	5	4	2	2	GOBP_POSITIVE_REGULATION_OF_CEREBELLAR_GRANULE_CELL_PRECURSOR_PROLIFERATION
GOBP_POSITIVE_REGULATION_OF_CGAS_STING_SIGNALING_PATHWAY	7	4	2	2	GOBP_POSITIVE_REGULATION_OF_CGAS_STING_SIGNALING_PATHWAY
GOBP_POSITIVE_REGULATION_OF_CGMP_MEDIATED_SIGNALING	8	6	3	3	GOBP_POSITIVE_REGULATION_OF_CGMP_MEDIATED_SIGNALING
GOBP_POSITIVE_REGULATION_OF_CHEMOKINE_C_C_MOTIF_LIGAND_5_PRODUCTION	7	4	2	2	GOBP_POSITIVE_REGULATION_OF_CHEMOKINE_C_C_MOTIF_LIGAND_5_PRODUCTION
GOBP_POSITIVE_REGULATION_OF_CHEMOKINE_C_X_C_MOTIF_LIGAND_1_PRODUCTION	5	3	2	1	GOBP_CHEMOKINE_C_X_C_MOTIF_LIGAND_1_PRODUCTION
GOBP_POSITIVE_REGULATION_OF_CHEMOKINE_C_X_C_MOTIF_LIGAND_2_PRODUCTION	12	9	5	4	GOBP_POSITIVE_REGULATION_OF_CHEMOKINE_C_X_C_MOTIF_LIGAND_2_PRODUCTION
GOBP_POSITIVE_REGULATION_OF_CHEMOKINE_PRODUCTION	72	43	22	21	GOBP_POSITIVE_REGULATION_OF_CHEMOKINE_PRODUCTION
GOBP_POSITIVE_REGULATION_OF_CHEMOTAXIS	145	97	49	48	GOBP_POSITIVE_REGULATION_OF_CHEMOTAXIS
GOBP_POSITIVE_REGULATION_OF_CHOLESTEROL_BIOSYNTHETIC_PROCESS	17	8	4	4	GOBP_POSITIVE_REGULATION_OF_CHOLESTEROL_BIOSYNTHETIC_PROCESS
GOBP_POSITIVE_REGULATION_OF_CHOLESTEROL_EFFLUX	27	13	7	6	GOBP_POSITIVE_REGULATION_OF_CHOLESTEROL_EFFLUX
GOBP_POSITIVE_REGULATION_OF_CHOLESTEROL_METABOLIC_PROCESS	24	12	6	6	GOBP_POSITIVE_REGULATION_OF_CHOLESTEROL_METABOLIC_PROCESS
GOBP_POSITIVE_REGULATION_OF_CHOLESTEROL_STORAGE	8	5	3	2	GOBP_POSITIVE_REGULATION_OF_CHOLESTEROL_STORAGE
GOBP_POSITIVE_REGULATION_OF_CHONDROCYTE_DIFFERENTIATION	21	11	6	5	GOBP_POSITIVE_REGULATION_OF_CHONDROCYTE_DIFFERENTIATION
GOBP_POSITIVE_REGULATION_OF_CHONDROCYTE_PROLIFERATION	8	5	3	2	GOBP_POSITIVE_REGULATION_OF_CHONDROCYTE_PROLIFERATION
GOBP_POSITIVE_REGULATION_OF_CHROMATIN_BINDING	7	4	2	2	GOBP_POSITIVE_REGULATION_OF_CHROMATIN_BINDING
GOBP_POSITIVE_REGULATION_OF_CHROMOSOME_CONDENSATION	8	8	4	4	GOBP_POSITIVE_REGULATION_OF_CHROMOSOME_CONDENSATION
GOBP_POSITIVE_REGULATION_OF_CHROMOSOME_ORGANIZATION	105	50	25	25	GOBP_POSITIVE_REGULATION_OF_CHROMOSOME_ORGANIZATION
GOBP_POSITIVE_REGULATION_OF_CHROMOSOME_SEGREGATION	30	20	10	10	GOBP_POSITIVE_REGULATION_OF_CHROMOSOME_SEGREGATION
GOBP_POSITIVE_REGULATION_OF_CHROMOSOME_SEPARATION	32	24	12	12	GOBP_POSITIVE_REGULATION_OF_CHROMOSOME_SEPARATION
GOBP_POSITIVE_REGULATION_OF_CILIUM_ASSEMBLY	30	9	5	4	GOBP_POSITIVE_REGULATION_OF_CILIUM_ASSEMBLY
GOBP_POSITIVE_REGULATION_OF_CILIUM_MOVEMENT	16	11	6	5	GOBP_POSITIVE_REGULATION_OF_CILIUM_MOVEMENT
GOBP_POSITIVE_REGULATION_OF_CIRCADIAN_RHYTHM	20	10	5	5	GOBP_POSITIVE_REGULATION_OF_CIRCADIAN_RHYTHM
GOBP_POSITIVE_REGULATION_OF_CIRCADIAN_SLEEP_WAKE_CYCLE_SLEEP	6	3	2	1	GOBP_CIRCADIAN_SLEEP_WAKE_CYCLE_NON_REM_SLEEP
GOBP_POSITIVE_REGULATION_OF_COAGULATION	30	17	9	8	GOBP_POSITIVE_REGULATION_OF_COAGULATION
GOBP_POSITIVE_REGULATION_OF_COLD_INDUCED_THERMOGENESIS	101	60	30	30	GOBP_POSITIVE_REGULATION_OF_COLD_INDUCED_THERMOGENESIS
GOBP_POSITIVE_REGULATION_OF_COLLAGEN_METABOLIC_PROCESS	26	16	8	8	GOBP_POSITIVE_REGULATION_OF_COLLAGEN_METABOLIC_PROCESS
GOBP_POSITIVE_REGULATION_OF_COLLATERAL_SPROUTING	11	8	4	4	GOBP_POSITIVE_REGULATION_OF_COLLATERAL_SPROUTING
GOBP_POSITIVE_REGULATION_OF_COMPLEMENT_ACTIVATION	7	4	2	2	GOBP_POSITIVE_REGULATION_OF_COMPLEMENT_ACTIVATION
GOBP_POSITIVE_REGULATION_OF_CORTICOSTEROID_HORMONE_SECRETION	9	7	4	3	GOBP_POSITIVE_REGULATION_OF_CORTICOSTEROID_HORMONE_SECRETION
GOBP_POSITIVE_REGULATION_OF_CREB_TRANSCRIPTION_FACTOR_ACTIVITY	10	3	2	1	GOBP_POSITIVE_REGULATION_OF_CREB_TRANSCRIPTION_FACTOR_ACTIVITY
GOBP_POSITIVE_REGULATION_OF_CYCLASE_ACTIVITY	25	11	6	5	GOBP_POSITIVE_REGULATION_OF_CYCLASE_ACTIVITY
GOBP_POSITIVE_REGULATION_OF_CYTOKINESIS	50	22	11	11	GOBP_POSITIVE_REGULATION_OF_CYTOKINESIS
GOBP_POSITIVE_REGULATION_OF_CYTOKINE_PRODUCTION	519	278	139	139	GOBP_POSITIVE_REGULATION_OF_CYTOKINE_PRODUCTION
GOBP_POSITIVE_REGULATION_OF_CYTOKINE_PRODUCTION_INVOLVED_IN_IMMUNE_RESPONSE	88	53	27	26	GOBP_POSITIVE_REGULATION_OF_CYTOKINE_PRODUCTION_INVOLVED_IN_IMMUNE_RESPONSE
GOBP_POSITIVE_REGULATION_OF_CYTOKINE_PRODUCTION_INVOLVED_IN_INFLAMMATORY_RESPONSE	30	14	7	7	GOBP_POSITIVE_REGULATION_OF_CYTOKINE_PRODUCTION_INVOLVED_IN_INFLAMMATORY_RESPONSE
GOBP_POSITIVE_REGULATION_OF_CYTOPLASMIC_TRANSLATION	17	11	6	5	GOBP_POSITIVE_REGULATION_OF_CYTOPLASMIC_TRANSLATION
GOBP_POSITIVE_REGULATION_OF_CYTOPLASMIC_TRANSLATIONAL_INITIATION	7	3	2	1	GOBP_POSITIVE_REGULATION_OF_CYTOPLASMIC_TRANSLATIONAL_INITIATION
GOBP_POSITIVE_REGULATION_OF_CYTOSKELETON_ORGANIZATION	189	97	49	48	GOBP_POSITIVE_REGULATION_OF_CYTOSKELETON_ORGANIZATION
GOBP_POSITIVE_REGULATION_OF_CYTOSOLIC_CALCIUM_ION_CONCENTRATION	167	116	58	58	GOBP_POSITIVE_REGULATION_OF_CYTOSOLIC_CALCIUM_ION_CONCENTRATION
GOBP_POSITIVE_REGULATION_OF_DEFENSE_RESPONSE	556	270	135	135	GOBP_POSITIVE_REGULATION_OF_DEFENSE_RESPONSE
GOBP_POSITIVE_REGULATION_OF_DEFENSE_RESPONSE_TO_BACTERIUM	13	11	6	5	GOBP_POSITIVE_REGULATION_OF_DEFENSE_RESPONSE_TO_BACTERIUM
GOBP_POSITIVE_REGULATION_OF_DEFENSE_RESPONSE_TO_VIRUS_BY_HOST	33	19	10	9	GOBP_POSITIVE_REGULATION_OF_DEFENSE_RESPONSE_TO_VIRUS_BY_HOST
GOBP_POSITIVE_REGULATION_OF_DENDRITE_DEVELOPMENT	16	10	5	5	GOBP_POSITIVE_REGULATION_OF_DENDRITE_DEVELOPMENT
GOBP_POSITIVE_REGULATION_OF_DENDRITE_EXTENSION	22	12	6	6	GOBP_POSITIVE_REGULATION_OF_DENDRITE_EXTENSION
GOBP_POSITIVE_REGULATION_OF_DENDRITIC_CELL_ANTIGEN_PROCESSING_AND_PRESENTATION	7	5	3	2	GOBP_POSITIVE_REGULATION_OF_DENDRITIC_CELL_ANTIGEN_PROCESSING_AND_PRESENTATION
GOBP_POSITIVE_REGULATION_OF_DENDRITIC_CELL_CHEMOTAXIS	10	8	4	4	GOBP_POSITIVE_REGULATION_OF_DENDRITIC_CELL_CHEMOTAXIS
GOBP_POSITIVE_REGULATION_OF_DENDRITIC_CELL_CYTOKINE_PRODUCTION	12	5	3	2	GOBP_POSITIVE_REGULATION_OF_DENDRITIC_CELL_CYTOKINE_PRODUCTION
GOBP_POSITIVE_REGULATION_OF_DENDRITIC_CELL_DIFFERENTIATION	6	4	2	2	GOBP_POSITIVE_REGULATION_OF_DENDRITIC_CELL_DIFFERENTIATION
GOBP_POSITIVE_REGULATION_OF_DENDRITIC_SPINE_DEVELOPMENT	41	17	9	8	GOBP_POSITIVE_REGULATION_OF_DENDRITIC_SPINE_DEVELOPMENT
GOBP_POSITIVE_REGULATION_OF_DENDRITIC_SPINE_MAINTENANCE	5	3	2	1	GOBP_POSITIVE_REGULATION_OF_DENDRITIC_SPINE_MAINTENANCE
GOBP_POSITIVE_REGULATION_OF_DENDRITIC_SPINE_MORPHOGENESIS	19	8	4	4	GOBP_POSITIVE_REGULATION_OF_DENDRITIC_SPINE_MORPHOGENESIS
GOBP_POSITIVE_REGULATION_OF_DEVELOPMENTAL_GROWTH	174	88	44	44	GOBP_POSITIVE_REGULATION_OF_DEVELOPMENTAL_GROWTH
GOBP_POSITIVE_REGULATION_OF_DEVELOPMENTAL_PIGMENTATION	9	5	3	2	GOBP_POSITIVE_REGULATION_OF_DEVELOPMENTAL_PIGMENTATION
GOBP_POSITIVE_REGULATION_OF_DEVELOPMENTAL_PROCESS	1399	757	379	378	GOBP_POSITIVE_REGULATION_OF_DEVELOPMENTAL_PROCESS
GOBP_POSITIVE_REGULATION_OF_DIGESTIVE_SYSTEM_PROCESS	14	11	6	5	GOBP_POSITIVE_REGULATION_OF_DIGESTIVE_SYSTEM_PROCESS
GOBP_POSITIVE_REGULATION_OF_DNA_BINDING	29	15	8	7	GOBP_POSITIVE_REGULATION_OF_DNA_BINDING
GOBP_POSITIVE_REGULATION_OF_DNA_BINDING_TRANSCRIPTION_FACTOR_ACTIVITY	133	54	27	27	GOBP_POSITIVE_REGULATION_OF_DNA_BINDING_TRANSCRIPTION_FACTOR_ACTIVITY
GOBP_POSITIVE_REGULATION_OF_DNA_BIOSYNTHETIC_PROCESS	46	27	14	13	GOBP_POSITIVE_REGULATION_OF_DNA_BIOSYNTHETIC_PROCESS
GOBP_POSITIVE_REGULATION_OF_DNA_DAMAGE_RESPONSE_SIGNAL_TRANSDUCTION_BY_P53_CLASS_MEDIATOR	17	7	4	3	GOBP_POSITIVE_REGULATION_OF_DNA_DAMAGE_RESPONSE_SIGNAL_TRANSDUCTION_BY_P53_CLASS_MEDIATOR
GOBP_POSITIVE_REGULATION_OF_DNA_DIRECTED_DNA_POLYMERASE_ACTIVITY	9	5	3	2	GOBP_POSITIVE_REGULATION_OF_DNA_DIRECTED_DNA_POLYMERASE_ACTIVITY
GOBP_POSITIVE_REGULATION_OF_DNA_METABOLIC_PROCESS	283	125	63	62	GOBP_POSITIVE_REGULATION_OF_DNA_METABOLIC_PROCESS
GOBP_POSITIVE_REGULATION_OF_DNA_RECOMBINATION	76	31	16	15	GOBP_POSITIVE_REGULATION_OF_DNA_RECOMBINATION
GOBP_POSITIVE_REGULATION_OF_DNA_REPAIR	142	49	25	24	GOBP_POSITIVE_REGULATION_OF_DNA_REPAIR
GOBP_POSITIVE_REGULATION_OF_DNA_REPLICATION	42	26	13	13	GOBP_POSITIVE_REGULATION_OF_DNA_REPLICATION
GOBP_POSITIVE_REGULATION_OF_DNA_TEMPLATED_DNA_REPLICATION	15	9	5	4	GOBP_POSITIVE_REGULATION_OF_DNA_TEMPLATED_DNA_REPLICATION
GOBP_POSITIVE_REGULATION_OF_DNA_TEMPLATED_TRANSCRIPTION_ELONGATION	62	12	6	6	GOBP_POSITIVE_REGULATION_OF_DNA_TEMPLATED_TRANSCRIPTION_ELONGATION
GOBP_POSITIVE_REGULATION_OF_DNA_TEMPLATED_TRANSCRIPTION_INITIATION	72	25	13	12	GOBP_POSITIVE_REGULATION_OF_DNA_TEMPLATED_TRANSCRIPTION_INITIATION
GOBP_POSITIVE_REGULATION_OF_DOPAMINE_RECEPTOR_SIGNALING_PATHWAY	5	3	2	1	GOBP_POSITIVE_REGULATION_OF_DOPAMINE_RECEPTOR_SIGNALING_PATHWAY
GOBP_POSITIVE_REGULATION_OF_DOPAMINE_SECRETION	7	7	4	3	GOBP_POSITIVE_REGULATION_OF_DOPAMINE_SECRETION
GOBP_POSITIVE_REGULATION_OF_DOUBLE_STRAND_BREAK_REPAIR	98	31	16	15	GOBP_POSITIVE_REGULATION_OF_DOUBLE_STRAND_BREAK_REPAIR
GOBP_POSITIVE_REGULATION_OF_DOUBLE_STRAND_BREAK_REPAIR_VIA_HOMOLOGOUS_RECOMBINATION	43	14	7	7	GOBP_POSITIVE_REGULATION_OF_DOUBLE_STRAND_BREAK_REPAIR_VIA_HOMOLOGOUS_RECOMBINATION
GOBP_POSITIVE_REGULATION_OF_DOUBLE_STRAND_BREAK_REPAIR_VIA_NONHOMOLOGOUS_END_JOINING	17	3	2	1	GOBP_POSITIVE_REGULATION_OF_DOUBLE_STRAND_BREAK_REPAIR_VIA_NONHOMOLOGOUS_END_JOINING
GOBP_POSITIVE_REGULATION_OF_D_GLUCOSE_IMPORT	38	17	9	8	GOBP_POSITIVE_REGULATION_OF_D_GLUCOSE_IMPORT
GOBP_POSITIVE_REGULATION_OF_D_GLUCOSE_TRANSMEMBRANE_TRANSPORT	46	20	10	10	GOBP_POSITIVE_REGULATION_OF_D_GLUCOSE_TRANSMEMBRANE_TRANSPORT
GOBP_POSITIVE_REGULATION_OF_EARLY_ENDOSOME_TO_LATE_ENDOSOME_TRANSPORT	9	4	2	2	GOBP_POSITIVE_REGULATION_OF_EARLY_ENDOSOME_TO_LATE_ENDOSOME_TRANSPORT
GOBP_POSITIVE_REGULATION_OF_EMBRYONIC_DEVELOPMENT	22	13	7	6	GOBP_POSITIVE_REGULATION_OF_EMBRYONIC_DEVELOPMENT
GOBP_POSITIVE_REGULATION_OF_ENAMEL_MINERALIZATION	5	3	2	1	GOBP_POSITIVE_REGULATION_OF_ENAMEL_MINERALIZATION
GOBP_POSITIVE_REGULATION_OF_ENDOCYTIC_RECYCLING	9	4	2	2	GOBP_POSITIVE_REGULATION_OF_ENDOCYTIC_RECYCLING
GOBP_POSITIVE_REGULATION_OF_ENDOCYTOSIS	165	91	46	45	GOBP_POSITIVE_REGULATION_OF_ENDOCYTOSIS
GOBP_POSITIVE_REGULATION_OF_ENDOPEPTIDASE_ACTIVITY	8	4	2	2	GOBP_POSITIVE_REGULATION_OF_ENDOPEPTIDASE_ACTIVITY
GOBP_POSITIVE_REGULATION_OF_ENDOPLASMIC_RETICULUM_STRESS_INDUCED_INTRINSIC_APOPTOTIC_SIGNALING_PATHWAY	11	4	2	2	GOBP_POSITIVE_REGULATION_OF_ENDOPLASMIC_RETICULUM_STRESS_INDUCED_INTRINSIC_APOPTOTIC_SIGNALING_PATHWAY
GOBP_POSITIVE_REGULATION_OF_ENDOPLASMIC_RETICULUM_UNFOLDED_PROTEIN_RESPONSE	13	3	2	1	GOBP_POSITIVE_REGULATION_OF_ENDOPLASMIC_RETICULUM_UNFOLDED_PROTEIN_RESPONSE
GOBP_POSITIVE_REGULATION_OF_ENDOTHELIAL_CELL_APOPTOTIC_PROCESS	29	17	9	8	GOBP_POSITIVE_REGULATION_OF_ENDOTHELIAL_CELL_APOPTOTIC_PROCESS
GOBP_POSITIVE_REGULATION_OF_ENDOTHELIAL_CELL_CHEMOTAXIS	15	9	5	4	GOBP_POSITIVE_REGULATION_OF_ENDOTHELIAL_CELL_CHEMOTAXIS
GOBP_POSITIVE_REGULATION_OF_ENDOTHELIAL_CELL_DEVELOPMENT	6	4	2	2	GOBP_POSITIVE_REGULATION_OF_ENDOTHELIAL_CELL_DEVELOPMENT
GOBP_POSITIVE_REGULATION_OF_ENDOTHELIAL_CELL_DIFFERENTIATION	19	6	3	3	GOBP_POSITIVE_REGULATION_OF_ENDOTHELIAL_CELL_DIFFERENTIATION
GOBP_POSITIVE_REGULATION_OF_ENDOTHELIAL_CELL_MIGRATION	137	66	33	33	GOBP_POSITIVE_REGULATION_OF_ENDOTHELIAL_CELL_MIGRATION
GOBP_POSITIVE_REGULATION_OF_ENDOTHELIAL_CELL_PROLIFERATION	110	59	30	29	GOBP_POSITIVE_REGULATION_OF_ENDOTHELIAL_CELL_PROLIFERATION
GOBP_POSITIVE_REGULATION_OF_EPIDERMIS_DEVELOPMENT	35	18	9	9	GOBP_POSITIVE_REGULATION_OF_EPIDERMIS_DEVELOPMENT
GOBP_POSITIVE_REGULATION_OF_EPITHELIAL_CELL_APOPTOTIC_PROCESS	21	10	5	5	GOBP_POSITIVE_REGULATION_OF_EPITHELIAL_CELL_APOPTOTIC_PROCESS
GOBP_POSITIVE_REGULATION_OF_EPITHELIAL_CELL_DIFFERENTIATION	75	41	21	20	GOBP_POSITIVE_REGULATION_OF_EPITHELIAL_CELL_DIFFERENTIATION
GOBP_POSITIVE_REGULATION_OF_EPITHELIAL_CELL_DIFFERENTIATION_INVOLVED_IN_KIDNEY_DEVELOPMENT	7	7	4	3	GOBP_POSITIVE_REGULATION_OF_EPITHELIAL_CELL_DIFFERENTIATION_INVOLVED_IN_KIDNEY_DEVELOPMENT
GOBP_POSITIVE_REGULATION_OF_EPITHELIAL_CELL_MIGRATION	50	22	11	11	GOBP_POSITIVE_REGULATION_OF_EPITHELIAL_CELL_MIGRATION
GOBP_POSITIVE_REGULATION_OF_EPITHELIAL_CELL_PROLIFERATION	221	128	64	64	GOBP_POSITIVE_REGULATION_OF_EPITHELIAL_CELL_PROLIFERATION
GOBP_POSITIVE_REGULATION_OF_EPITHELIAL_CELL_PROLIFERATION_INVOLVED_IN_LUNG_MORPHOGENESIS	7	4	2	2	GOBP_POSITIVE_REGULATION_OF_EPITHELIAL_CELL_PROLIFERATION_INVOLVED_IN_LUNG_MORPHOGENESIS
GOBP_POSITIVE_REGULATION_OF_EPITHELIAL_CELL_PROLIFERATION_INVOLVED_IN_WOUND_HEALING	10	8	4	4	GOBP_POSITIVE_REGULATION_OF_EPITHELIAL_CELL_PROLIFERATION_INVOLVED_IN_WOUND_HEALING
GOBP_POSITIVE_REGULATION_OF_EPITHELIAL_TO_MESENCHYMAL_TRANSITION	60	40	20	20	GOBP_POSITIVE_REGULATION_OF_EPITHELIAL_TO_MESENCHYMAL_TRANSITION
GOBP_POSITIVE_REGULATION_OF_EPITHELIAL_TUBE_FORMATION	9	8	4	4	GOBP_POSITIVE_REGULATION_OF_EPITHELIAL_TUBE_FORMATION
GOBP_POSITIVE_REGULATION_OF_ERAD_PATHWAY	19	7	4	3	GOBP_POSITIVE_REGULATION_OF_ERAD_PATHWAY
GOBP_POSITIVE_REGULATION_OF_ERBB_SIGNALING_PATHWAY	32	15	8	7	GOBP_POSITIVE_REGULATION_OF_ERBB_SIGNALING_PATHWAY
GOBP_POSITIVE_REGULATION_OF_ERK1_AND_ERK2_CASCADE	201	121	61	60	GOBP_POSITIVE_REGULATION_OF_ERK1_AND_ERK2_CASCADE
GOBP_POSITIVE_REGULATION_OF_ERYTHROCYTE_DIFFERENTIATION	37	16	8	8	GOBP_POSITIVE_REGULATION_OF_ERYTHROCYTE_DIFFERENTIATION
GOBP_POSITIVE_REGULATION_OF_ESTABLISHMENT_OF_PROTEIN_LOCALIZATION	331	162	81	81	GOBP_POSITIVE_REGULATION_OF_ESTABLISHMENT_OF_PROTEIN_LOCALIZATION
GOBP_POSITIVE_REGULATION_OF_ESTABLISHMENT_OF_PROTEIN_LOCALIZATION_TO_MITOCHONDRION	37	14	7	7	GOBP_POSITIVE_REGULATION_OF_ESTABLISHMENT_OF_PROTEIN_LOCALIZATION_TO_MITOCHONDRION
GOBP_POSITIVE_REGULATION_OF_EXCITATORY_POSTSYNAPTIC_POTENTIAL	33	19	10	9	GOBP_POSITIVE_REGULATION_OF_EXCITATORY_POSTSYNAPTIC_POTENTIAL
GOBP_POSITIVE_REGULATION_OF_EXECUTION_PHASE_OF_APOPTOSIS	20	8	4	4	GOBP_POSITIVE_REGULATION_OF_EXECUTION_PHASE_OF_APOPTOSIS
GOBP_POSITIVE_REGULATION_OF_EXIT_FROM_MITOSIS	5	5	3	2	GOBP_POSITIVE_REGULATION_OF_EXIT_FROM_MITOSIS
GOBP_POSITIVE_REGULATION_OF_EXOCYTOSIS	85	46	23	23	GOBP_POSITIVE_REGULATION_OF_EXOCYTOSIS
GOBP_POSITIVE_REGULATION_OF_EXOSOMAL_SECRETION	15	6	3	3	GOBP_POSITIVE_REGULATION_OF_EXOSOMAL_SECRETION
GOBP_POSITIVE_REGULATION_OF_EXTRACELLULAR_MATRIX_ASSEMBLY	9	6	3	3	GOBP_POSITIVE_REGULATION_OF_EXTRACELLULAR_MATRIX_ASSEMBLY
GOBP_POSITIVE_REGULATION_OF_EXTRACELLULAR_MATRIX_DISASSEMBLY	11	7	4	3	GOBP_POSITIVE_REGULATION_OF_EXTRACELLULAR_MATRIX_DISASSEMBLY
GOBP_POSITIVE_REGULATION_OF_EXTRACELLULAR_MATRIX_ORGANIZATION	29	16	8	8	GOBP_POSITIVE_REGULATION_OF_EXTRACELLULAR_MATRIX_ORGANIZATION
GOBP_POSITIVE_REGULATION_OF_EXTRINSIC_APOPTOTIC_SIGNALING_PATHWAY	59	32	16	16	GOBP_POSITIVE_REGULATION_OF_EXTRINSIC_APOPTOTIC_SIGNALING_PATHWAY
GOBP_POSITIVE_REGULATION_OF_EXTRINSIC_APOPTOTIC_SIGNALING_PATHWAY_IN_ABSENCE_OF_LIGAND	11	3	2	1	GOBP_POSITIVE_REGULATION_OF_EXTRINSIC_APOPTOTIC_SIGNALING_PATHWAY_IN_ABSENCE_OF_LIGAND
GOBP_POSITIVE_REGULATION_OF_EXTRINSIC_APOPTOTIC_SIGNALING_PATHWAY_VIA_DEATH_DOMAIN_RECEPTORS	12	6	3	3	GOBP_POSITIVE_REGULATION_OF_EXTRINSIC_APOPTOTIC_SIGNALING_PATHWAY_VIA_DEATH_DOMAIN_RECEPTORS
GOBP_POSITIVE_REGULATION_OF_FATTY_ACID_BETA_OXIDATION	10	4	2	2	GOBP_POSITIVE_REGULATION_OF_FATTY_ACID_BETA_OXIDATION
GOBP_POSITIVE_REGULATION_OF_FATTY_ACID_BIOSYNTHETIC_PROCESS	24	11	6	5	GOBP_POSITIVE_REGULATION_OF_FATTY_ACID_BIOSYNTHETIC_PROCESS
GOBP_POSITIVE_REGULATION_OF_FATTY_ACID_METABOLIC_PROCESS	40	22	11	11	GOBP_POSITIVE_REGULATION_OF_FATTY_ACID_METABOLIC_PROCESS
GOBP_POSITIVE_REGULATION_OF_FATTY_ACID_OXIDATION	15	8	4	4	GOBP_POSITIVE_REGULATION_OF_FATTY_ACID_OXIDATION
GOBP_POSITIVE_REGULATION_OF_FATTY_ACID_TRANSPORT	21	14	7	7	GOBP_POSITIVE_REGULATION_OF_FATTY_ACID_TRANSPORT
GOBP_POSITIVE_REGULATION_OF_FAT_CELL_DIFFERENTIATION	72	46	23	23	GOBP_POSITIVE_REGULATION_OF_FAT_CELL_DIFFERENTIATION
GOBP_POSITIVE_REGULATION_OF_FEAR_RESPONSE	8	6	3	3	GOBP_POSITIVE_REGULATION_OF_FEAR_RESPONSE
GOBP_POSITIVE_REGULATION_OF_FEEDING_BEHAVIOR	11	7	4	3	GOBP_POSITIVE_REGULATION_OF_FEEDING_BEHAVIOR
GOBP_POSITIVE_REGULATION_OF_FERTILIZATION	5	3	2	1	GOBP_POSITIVE_REGULATION_OF_FERTILIZATION
GOBP_POSITIVE_REGULATION_OF_FEVER_GENERATION	6	5	3	2	GOBP_POSITIVE_REGULATION_OF_FEVER_GENERATION
GOBP_POSITIVE_REGULATION_OF_FIBROBLAST_APOPTOTIC_PROCESS	11	4	2	2	GOBP_POSITIVE_REGULATION_OF_FIBROBLAST_APOPTOTIC_PROCESS
GOBP_POSITIVE_REGULATION_OF_FIBROBLAST_GROWTH_FACTOR_RECEPTOR_SIGNALING_PATHWAY	10	3	2	1	GOBP_POSITIVE_REGULATION_OF_FIBROBLAST_GROWTH_FACTOR_RECEPTOR_SIGNALING_PATHWAY
GOBP_POSITIVE_REGULATION_OF_FIBROBLAST_MIGRATION	16	9	5	4	GOBP_POSITIVE_REGULATION_OF_FIBROBLAST_MIGRATION
GOBP_POSITIVE_REGULATION_OF_FIBROBLAST_PROLIFERATION	57	40	20	20	GOBP_POSITIVE_REGULATION_OF_FIBROBLAST_PROLIFERATION
GOBP_POSITIVE_REGULATION_OF_FILOPODIUM_ASSEMBLY	30	19	10	9	GOBP_POSITIVE_REGULATION_OF_FILOPODIUM_ASSEMBLY
GOBP_POSITIVE_REGULATION_OF_FOCAL_ADHESION_ASSEMBLY	26	13	7	6	GOBP_POSITIVE_REGULATION_OF_FOCAL_ADHESION_ASSEMBLY
GOBP_POSITIVE_REGULATION_OF_G0_TO_G1_TRANSITION	5	3	2	1	GOBP_POSITIVE_REGULATION_OF_G0_TO_G1_TRANSITION
GOBP_POSITIVE_REGULATION_OF_G1_S_TRANSITION_OF_MITOTIC_CELL_CYCLE	56	26	13	13	GOBP_POSITIVE_REGULATION_OF_G1_S_TRANSITION_OF_MITOTIC_CELL_CYCLE
GOBP_POSITIVE_REGULATION_OF_GAMMA_DELTA_T_CELL_ACTIVATION	11	6	3	3	GOBP_POSITIVE_REGULATION_OF_GAMMA_DELTA_T_CELL_ACTIVATION
GOBP_POSITIVE_REGULATION_OF_GAMMA_DELTA_T_CELL_DIFFERENTIATION	9	5	3	2	GOBP_POSITIVE_REGULATION_OF_GAMMA_DELTA_T_CELL_DIFFERENTIATION
GOBP_POSITIVE_REGULATION_OF_GAP_JUNCTION_ASSEMBLY	7	7	4	3	GOBP_POSITIVE_REGULATION_OF_GAP_JUNCTION_ASSEMBLY
GOBP_POSITIVE_REGULATION_OF_GASTRO_INTESTINAL_SYSTEM_SMOOTH_MUSCLE_CONTRACTION	5	4	2	2	GOBP_POSITIVE_REGULATION_OF_GASTRO_INTESTINAL_SYSTEM_SMOOTH_MUSCLE_CONTRACTION
GOBP_POSITIVE_REGULATION_OF_GASTRULATION	7	6	3	3	GOBP_POSITIVE_REGULATION_OF_GASTRULATION
GOBP_POSITIVE_REGULATION_OF_GENE_EXPRESSION	1251	645	323	322	GOBP_POSITIVE_REGULATION_OF_GENE_EXPRESSION
GOBP_POSITIVE_REGULATION_OF_GENE_EXPRESSION_EPIGENETIC	61	25	13	12	GOBP_POSITIVE_REGULATION_OF_GENE_EXPRESSION_EPIGENETIC
GOBP_POSITIVE_REGULATION_OF_GENE_EXPRESSION_VIA_CHROMOSOMAL_CPG_ISLAND_DEMETHYLATION	13	6	3	3	GOBP_POSITIVE_REGULATION_OF_GENE_EXPRESSION_VIA_CHROMOSOMAL_CPG_ISLAND_DEMETHYLATION
GOBP_POSITIVE_REGULATION_OF_GLIAL_CELL_DIFFERENTIATION	43	31	16	15	GOBP_POSITIVE_REGULATION_OF_GLIAL_CELL_DIFFERENTIATION
GOBP_POSITIVE_REGULATION_OF_GLIAL_CELL_PROLIFERATION	24	11	6	5	GOBP_POSITIVE_REGULATION_OF_GLIAL_CELL_PROLIFERATION
GOBP_POSITIVE_REGULATION_OF_GLIOGENESIS	70	44	22	22	GOBP_POSITIVE_REGULATION_OF_GLIOGENESIS
GOBP_POSITIVE_REGULATION_OF_GLOMERULAR_MESANGIAL_CELL_PROLIFERATION	7	6	3	3	GOBP_POSITIVE_REGULATION_OF_GLOMERULAR_MESANGIAL_CELL_PROLIFERATION
GOBP_POSITIVE_REGULATION_OF_GLOMERULUS_DEVELOPMENT	5	4	2	2	GOBP_POSITIVE_REGULATION_OF_GLOMERULUS_DEVELOPMENT
GOBP_POSITIVE_REGULATION_OF_GLUCOCORTICOID_SECRETION	6	5	3	2	GOBP_POSITIVE_REGULATION_OF_GLUCOCORTICOID_SECRETION
GOBP_POSITIVE_REGULATION_OF_GLUCONEOGENESIS	23	9	5	4	GOBP_POSITIVE_REGULATION_OF_GLUCONEOGENESIS
GOBP_POSITIVE_REGULATION_OF_GLUCOSE_METABOLIC_PROCESS	49	20	10	10	GOBP_POSITIVE_REGULATION_OF_GLUCOSE_METABOLIC_PROCESS
GOBP_POSITIVE_REGULATION_OF_GLUTAMATE_RECEPTOR_SIGNALING_PATHWAY	9	6	3	3	GOBP_POSITIVE_REGULATION_OF_GLUTAMATE_RECEPTOR_SIGNALING_PATHWAY
GOBP_POSITIVE_REGULATION_OF_GLUTAMATE_SECRETION	11	4	2	2	GOBP_POSITIVE_REGULATION_OF_GLUTAMATE_SECRETION
GOBP_POSITIVE_REGULATION_OF_GLYCOGEN_BIOSYNTHETIC_PROCESS	17	6	3	3	GOBP_POSITIVE_REGULATION_OF_GLYCOGEN_BIOSYNTHETIC_PROCESS
GOBP_POSITIVE_REGULATION_OF_GLYCOGEN_METABOLIC_PROCESS	21	9	5	4	GOBP_POSITIVE_REGULATION_OF_GLYCOGEN_METABOLIC_PROCESS
GOBP_POSITIVE_REGULATION_OF_GLYCOPROTEIN_METABOLIC_PROCESS	22	11	6	5	GOBP_POSITIVE_REGULATION_OF_GLYCOPROTEIN_METABOLIC_PROCESS
GOBP_POSITIVE_REGULATION_OF_GONADOTROPIN_SECRETION	6	3	2	1	GOBP_POSITIVE_REGULATION_OF_GONADOTROPIN_SECRETION
GOBP_POSITIVE_REGULATION_OF_GONAD_DEVELOPMENT	9	6	3	3	GOBP_POSITIVE_REGULATION_OF_GONAD_DEVELOPMENT
GOBP_POSITIVE_REGULATION_OF_GRANULOCYTE_CHEMOTAXIS	27	24	12	12	GOBP_POSITIVE_REGULATION_OF_GRANULOCYTE_CHEMOTAXIS
GOBP_POSITIVE_REGULATION_OF_GRANULOCYTE_DIFFERENTIATION	9	7	4	3	GOBP_POSITIVE_REGULATION_OF_GRANULOCYTE_DIFFERENTIATION
GOBP_POSITIVE_REGULATION_OF_GROWTH	263	127	64	63	GOBP_POSITIVE_REGULATION_OF_GROWTH
GOBP_POSITIVE_REGULATION_OF_GROWTH_HORMONE_SECRETION	9	4	2	2	GOBP_POSITIVE_REGULATION_OF_GROWTH_HORMONE_SECRETION
GOBP_POSITIVE_REGULATION_OF_GTPASE_ACTIVITY	93	45	23	22	GOBP_POSITIVE_REGULATION_OF_GTPASE_ACTIVITY
GOBP_POSITIVE_REGULATION_OF_G_PROTEIN_COUPLED_RECEPTOR_SIGNALING_PATHWAY	42	28	14	14	GOBP_POSITIVE_REGULATION_OF_G_PROTEIN_COUPLED_RECEPTOR_SIGNALING_PATHWAY
GOBP_POSITIVE_REGULATION_OF_HAIR_FOLLICLE_DEVELOPMENT	12	8	4	4	GOBP_POSITIVE_REGULATION_OF_HAIR_FOLLICLE_DEVELOPMENT
GOBP_POSITIVE_REGULATION_OF_HAIR_FOLLICLE_MATURATION	5	5	3	2	GOBP_POSITIVE_REGULATION_OF_HAIR_FOLLICLE_MATURATION
GOBP_POSITIVE_REGULATION_OF_HEART_GROWTH	43	19	10	9	GOBP_POSITIVE_REGULATION_OF_HEART_GROWTH
GOBP_POSITIVE_REGULATION_OF_HEART_RATE	28	18	9	9	GOBP_POSITIVE_REGULATION_OF_HEART_RATE
GOBP_POSITIVE_REGULATION_OF_HEAT_GENERATION	11	10	5	5	GOBP_POSITIVE_REGULATION_OF_HEAT_GENERATION
GOBP_POSITIVE_REGULATION_OF_HEMATOPOIETIC_PROGENITOR_CELL_DIFFERENTIATION	7	4	2	2	GOBP_POSITIVE_REGULATION_OF_HEMATOPOIETIC_PROGENITOR_CELL_DIFFERENTIATION
GOBP_POSITIVE_REGULATION_OF_HEMATOPOIETIC_STEM_CELL_PROLIFERATION	9	6	3	3	GOBP_POSITIVE_REGULATION_OF_HEMATOPOIETIC_STEM_CELL_PROLIFERATION
GOBP_POSITIVE_REGULATION_OF_HEMOGLOBIN_BIOSYNTHETIC_PROCESS	6	3	2	1	GOBP_POSITIVE_REGULATION_OF_HEMOGLOBIN_BIOSYNTHETIC_PROCESS
GOBP_POSITIVE_REGULATION_OF_HEMOPOIESIS	200	111	56	55	GOBP_POSITIVE_REGULATION_OF_HEMOPOIESIS
GOBP_POSITIVE_REGULATION_OF_HEPATIC_STELLATE_CELL_ACTIVATION	5	3	2	1	GOBP_POSITIVE_REGULATION_OF_HEPATIC_STELLATE_CELL_ACTIVATION
GOBP_POSITIVE_REGULATION_OF_HEPATOCYTE_PROLIFERATION	10	7	4	3	GOBP_POSITIVE_REGULATION_OF_HEPATOCYTE_PROLIFERATION
GOBP_POSITIVE_REGULATION_OF_HETEROTYPIC_CELL_CELL_ADHESION	14	7	4	3	GOBP_POSITIVE_REGULATION_OF_HETEROTYPIC_CELL_CELL_ADHESION
GOBP_POSITIVE_REGULATION_OF_HIPPO_SIGNALING	15	3	2	1	GOBP_POSITIVE_REGULATION_OF_HIPPO_SIGNALING
GOBP_POSITIVE_REGULATION_OF_HOMOTYPIC_CELL_CELL_ADHESION	20	13	7	6	GOBP_POSITIVE_REGULATION_OF_HOMOTYPIC_CELL_CELL_ADHESION
GOBP_POSITIVE_REGULATION_OF_HORMONE_BIOSYNTHETIC_PROCESS	9	5	3	2	GOBP_POSITIVE_REGULATION_OF_HORMONE_BIOSYNTHETIC_PROCESS
GOBP_POSITIVE_REGULATION_OF_HORMONE_METABOLIC_PROCESS	14	10	5	5	GOBP_POSITIVE_REGULATION_OF_HORMONE_METABOLIC_PROCESS
GOBP_POSITIVE_REGULATION_OF_HORMONE_SECRETION	154	94	47	47	GOBP_POSITIVE_REGULATION_OF_HORMONE_SECRETION
GOBP_POSITIVE_REGULATION_OF_HUMORAL_IMMUNE_RESPONSE	23	16	8	8	GOBP_POSITIVE_REGULATION_OF_HUMORAL_IMMUNE_RESPONSE
GOBP_POSITIVE_REGULATION_OF_HUMORAL_IMMUNE_RESPONSE_MEDIATED_BY_CIRCULATING_IMMUNOGLOBULIN	6	4	2	2	GOBP_POSITIVE_REGULATION_OF_HUMORAL_IMMUNE_RESPONSE_MEDIATED_BY_CIRCULATING_IMMUNOGLOBULIN
GOBP_POSITIVE_REGULATION_OF_HYDROGEN_PEROXIDE_METABOLIC_PROCESS	6	4	2	2	GOBP_POSITIVE_REGULATION_OF_HYDROGEN_PEROXIDE_METABOLIC_PROCESS
GOBP_POSITIVE_REGULATION_OF_HYDROLASE_ACTIVITY	126	63	32	31	GOBP_POSITIVE_REGULATION_OF_HYDROLASE_ACTIVITY
GOBP_POSITIVE_REGULATION_OF_IMMATURE_T_CELL_PROLIFERATION	6	4	2	2	GOBP_POSITIVE_REGULATION_OF_IMMATURE_T_CELL_PROLIFERATION
GOBP_POSITIVE_REGULATION_OF_IMMUNE_EFFECTOR_PROCESS	276	155	78	77	GOBP_POSITIVE_REGULATION_OF_IMMUNE_EFFECTOR_PROCESS
GOBP_POSITIVE_REGULATION_OF_IMMUNE_RESPONSE	822	413	207	206	GOBP_POSITIVE_REGULATION_OF_IMMUNE_RESPONSE
GOBP_POSITIVE_REGULATION_OF_IMMUNE_SYSTEM_PROCESS	1171	629	315	314	GOBP_POSITIVE_REGULATION_OF_IMMUNE_SYSTEM_PROCESS
GOBP_POSITIVE_REGULATION_OF_IMMUNOGLOBULIN_PRODUCTION	59	34	17	17	GOBP_POSITIVE_REGULATION_OF_IMMUNOGLOBULIN_PRODUCTION
GOBP_POSITIVE_REGULATION_OF_INFLAMMASOME_MEDIATED_SIGNALING_PATHWAY	28	10	5	5	GOBP_POSITIVE_REGULATION_OF_INFLAMMASOME_MEDIATED_SIGNALING_PATHWAY
GOBP_POSITIVE_REGULATION_OF_INFLAMMATORY_RESPONSE	166	97	49	48	GOBP_POSITIVE_REGULATION_OF_INFLAMMATORY_RESPONSE
GOBP_POSITIVE_REGULATION_OF_INFLAMMATORY_RESPONSE_TO_ANTIGENIC_STIMULUS	13	10	5	5	GOBP_POSITIVE_REGULATION_OF_INFLAMMATORY_RESPONSE_TO_ANTIGENIC_STIMULUS
GOBP_POSITIVE_REGULATION_OF_INOSITOL_PHOSPHATE_BIOSYNTHETIC_PROCESS	11	9	5	4	GOBP_POSITIVE_REGULATION_OF_INOSITOL_PHOSPHATE_BIOSYNTHETIC_PROCESS
GOBP_POSITIVE_REGULATION_OF_INSULIN_LIKE_GROWTH_FACTOR_RECEPTOR_SIGNALING_PATHWAY	13	8	4	4	GOBP_POSITIVE_REGULATION_OF_INSULIN_LIKE_GROWTH_FACTOR_RECEPTOR_SIGNALING_PATHWAY
GOBP_POSITIVE_REGULATION_OF_INSULIN_SECRETION	94	54	27	27	GOBP_POSITIVE_REGULATION_OF_INSULIN_SECRETION
GOBP_POSITIVE_REGULATION_OF_INSULIN_SECRETION_INVOLVED_IN_CELLULAR_RESPONSE_TO_GLUCOSE_STIMULUS	40	19	10	9	GOBP_POSITIVE_REGULATION_OF_INSULIN_SECRETION_INVOLVED_IN_CELLULAR_RESPONSE_TO_GLUCOSE_STIMULUS
GOBP_POSITIVE_REGULATION_OF_INTEGRIN_ACTIVATION	11	6	3	3	GOBP_POSITIVE_REGULATION_OF_INTEGRIN_ACTIVATION
GOBP_POSITIVE_REGULATION_OF_INTEGRIN_MEDIATED_SIGNALING_PATHWAY	13	9	5	4	GOBP_POSITIVE_REGULATION_OF_INTEGRIN_MEDIATED_SIGNALING_PATHWAY
GOBP_POSITIVE_REGULATION_OF_INTERFERON_ALPHA_PRODUCTION	26	11	6	5	GOBP_POSITIVE_REGULATION_OF_INTERFERON_ALPHA_PRODUCTION
GOBP_POSITIVE_REGULATION_OF_INTERFERON_BETA_PRODUCTION	42	15	8	7	GOBP_POSITIVE_REGULATION_OF_INTERFERON_BETA_PRODUCTION
GOBP_POSITIVE_REGULATION_OF_INTERLEUKIN_10_PRODUCTION	43	27	14	13	GOBP_POSITIVE_REGULATION_OF_INTERLEUKIN_10_PRODUCTION
GOBP_POSITIVE_REGULATION_OF_INTERLEUKIN_12_PRODUCTION	43	24	12	12	GOBP_POSITIVE_REGULATION_OF_INTERLEUKIN_12_PRODUCTION
GOBP_POSITIVE_REGULATION_OF_INTERLEUKIN_13_PRODUCTION	15	7	4	3	GOBP_POSITIVE_REGULATION_OF_INTERLEUKIN_13_PRODUCTION
GOBP_POSITIVE_REGULATION_OF_INTERLEUKIN_17_PRODUCTION	28	16	8	8	GOBP_POSITIVE_REGULATION_OF_INTERLEUKIN_17_PRODUCTION
GOBP_POSITIVE_REGULATION_OF_INTERLEUKIN_18_PRODUCTION	9	5	3	2	GOBP_INTERLEUKIN_18_PRODUCTION
GOBP_POSITIVE_REGULATION_OF_INTERLEUKIN_1_PRODUCTION	74	39	20	19	GOBP_POSITIVE_REGULATION_OF_INTERLEUKIN_1_PRODUCTION
GOBP_POSITIVE_REGULATION_OF_INTERLEUKIN_23_PRODUCTION	7	5	3	2	GOBP_POSITIVE_REGULATION_OF_INTERLEUKIN_23_PRODUCTION
GOBP_POSITIVE_REGULATION_OF_INTERLEUKIN_2_PRODUCTION	37	19	10	9	GOBP_POSITIVE_REGULATION_OF_INTERLEUKIN_2_PRODUCTION
GOBP_POSITIVE_REGULATION_OF_INTERLEUKIN_4_PRODUCTION	27	15	8	7	GOBP_POSITIVE_REGULATION_OF_INTERLEUKIN_4_PRODUCTION
GOBP_POSITIVE_REGULATION_OF_INTERLEUKIN_5_PRODUCTION	12	7	4	3	GOBP_POSITIVE_REGULATION_OF_INTERLEUKIN_5_PRODUCTION
GOBP_POSITIVE_REGULATION_OF_INTERLEUKIN_6_PRODUCTION	103	54	27	27	GOBP_POSITIVE_REGULATION_OF_INTERLEUKIN_6_PRODUCTION
GOBP_POSITIVE_REGULATION_OF_INTERLEUKIN_8_PRODUCTION	65	35	18	17	GOBP_POSITIVE_REGULATION_OF_INTERLEUKIN_8_PRODUCTION
GOBP_POSITIVE_REGULATION_OF_INTRACELLULAR_ESTROGEN_RECEPTOR_SIGNALING_PATHWAY	14	6	3	3	GOBP_POSITIVE_REGULATION_OF_INTRACELLULAR_ESTROGEN_RECEPTOR_SIGNALING_PATHWAY
GOBP_POSITIVE_REGULATION_OF_INTRACELLULAR_LIPID_TRANSPORT	5	3	2	1	GOBP_POSITIVE_REGULATION_OF_INTRACELLULAR_LIPID_TRANSPORT
GOBP_POSITIVE_REGULATION_OF_INTRACELLULAR_PROTEIN_TRANSPORT	93	42	21	21	GOBP_POSITIVE_REGULATION_OF_INTRACELLULAR_PROTEIN_TRANSPORT
GOBP_POSITIVE_REGULATION_OF_INTRACELLULAR_SIGNAL_TRANSDUCTION	1159	577	289	288	GOBP_POSITIVE_REGULATION_OF_INTRACELLULAR_SIGNAL_TRANSDUCTION
GOBP_POSITIVE_REGULATION_OF_INTRACELLULAR_STEROID_HORMONE_RECEPTOR_SIGNALING_PATHWAY	17	8	4	4	GOBP_POSITIVE_REGULATION_OF_INTRACELLULAR_STEROID_HORMONE_RECEPTOR_SIGNALING_PATHWAY
GOBP_POSITIVE_REGULATION_OF_INTRACELLULAR_TRANSPORT	137	60	30	30	GOBP_POSITIVE_REGULATION_OF_INTRACELLULAR_TRANSPORT
GOBP_POSITIVE_REGULATION_OF_INTRINSIC_APOPTOTIC_SIGNALING_PATHWAY	68	29	15	14	GOBP_POSITIVE_REGULATION_OF_INTRINSIC_APOPTOTIC_SIGNALING_PATHWAY
GOBP_POSITIVE_REGULATION_OF_INTRINSIC_APOPTOTIC_SIGNALING_PATHWAY_BY_P53_CLASS_MEDIATOR	9	4	2	2	GOBP_POSITIVE_REGULATION_OF_INTRINSIC_APOPTOTIC_SIGNALING_PATHWAY_BY_P53_CLASS_MEDIATOR
GOBP_POSITIVE_REGULATION_OF_IRE1_MEDIATED_UNFOLDED_PROTEIN_RESPONSE	8	3	2	1	GOBP_POSITIVE_REGULATION_OF_ENDOPLASMIC_RETICULUM_UNFOLDED_PROTEIN_RESPONSE
GOBP_POSITIVE_REGULATION_OF_ISOTYPE_SWITCHING	29	15	8	7	GOBP_POSITIVE_REGULATION_OF_ISOTYPE_SWITCHING
GOBP_POSITIVE_REGULATION_OF_ISOTYPE_SWITCHING_TO_IGG_ISOTYPES	11	8	4	4	GOBP_POSITIVE_REGULATION_OF_ISOTYPE_SWITCHING_TO_IGG_ISOTYPES
GOBP_POSITIVE_REGULATION_OF_JNK_CASCADE	99	45	23	22	GOBP_POSITIVE_REGULATION_OF_JNK_CASCADE
GOBP_POSITIVE_REGULATION_OF_JUN_KINASE_ACTIVITY	15	4	2	2	GOBP_POSITIVE_REGULATION_OF_JUN_KINASE_ACTIVITY
GOBP_POSITIVE_REGULATION_OF_KERATINOCYTE_DIFFERENTIATION	21	10	5	5	GOBP_POSITIVE_REGULATION_OF_KERATINOCYTE_DIFFERENTIATION
GOBP_POSITIVE_REGULATION_OF_KERATINOCYTE_PROLIFERATION	16	9	5	4	GOBP_POSITIVE_REGULATION_OF_KERATINOCYTE_PROLIFERATION
GOBP_POSITIVE_REGULATION_OF_KIDNEY_DEVELOPMENT	10	9	5	4	GOBP_POSITIVE_REGULATION_OF_KIDNEY_DEVELOPMENT
GOBP_POSITIVE_REGULATION_OF_KINASE_ACTIVITY	149	74	37	37	GOBP_POSITIVE_REGULATION_OF_KINASE_ACTIVITY
GOBP_POSITIVE_REGULATION_OF_LAMELLIPODIUM_ASSEMBLY	28	17	9	8	GOBP_POSITIVE_REGULATION_OF_LAMELLIPODIUM_ASSEMBLY
GOBP_POSITIVE_REGULATION_OF_LAMELLIPODIUM_ORGANIZATION	36	19	10	9	GOBP_POSITIVE_REGULATION_OF_LAMELLIPODIUM_ORGANIZATION
GOBP_POSITIVE_REGULATION_OF_LEUKOCYTE_ADHESION_TO_VASCULAR_ENDOTHELIAL_CELL	24	15	8	7	GOBP_POSITIVE_REGULATION_OF_LEUKOCYTE_ADHESION_TO_VASCULAR_ENDOTHELIAL_CELL
GOBP_POSITIVE_REGULATION_OF_LEUKOCYTE_APOPTOTIC_PROCESS	33	16	8	8	GOBP_POSITIVE_REGULATION_OF_LEUKOCYTE_APOPTOTIC_PROCESS
GOBP_POSITIVE_REGULATION_OF_LEUKOCYTE_CELL_CELL_ADHESION	287	166	83	83	GOBP_POSITIVE_REGULATION_OF_LEUKOCYTE_CELL_CELL_ADHESION
GOBP_POSITIVE_REGULATION_OF_LEUKOCYTE_CHEMOTAXIS	97	71	36	35	GOBP_POSITIVE_REGULATION_OF_LEUKOCYTE_CHEMOTAXIS
GOBP_POSITIVE_REGULATION_OF_LEUKOCYTE_DEGRANULATION	25	10	5	5	GOBP_POSITIVE_REGULATION_OF_LEUKOCYTE_DEGRANULATION
GOBP_POSITIVE_REGULATION_OF_LEUKOCYTE_MEDIATED_IMMUNITY	157	92	46	46	GOBP_POSITIVE_REGULATION_OF_LEUKOCYTE_MEDIATED_IMMUNITY
GOBP_POSITIVE_REGULATION_OF_LEUKOCYTE_MIGRATION	152	113	57	56	GOBP_POSITIVE_REGULATION_OF_LEUKOCYTE_MIGRATION
GOBP_POSITIVE_REGULATION_OF_LEUKOCYTE_PROLIFERATION	173	114	57	57	GOBP_POSITIVE_REGULATION_OF_LEUKOCYTE_PROLIFERATION
GOBP_POSITIVE_REGULATION_OF_LEUKOCYTE_TETHERING_OR_ROLLING	11	8	4	4	GOBP_POSITIVE_REGULATION_OF_LEUKOCYTE_TETHERING_OR_ROLLING
GOBP_POSITIVE_REGULATION_OF_LIPASE_ACTIVITY	8	6	3	3	GOBP_POSITIVE_REGULATION_OF_LIPASE_ACTIVITY
GOBP_POSITIVE_REGULATION_OF_LIPID_BIOSYNTHETIC_PROCESS	99	52	26	26	GOBP_POSITIVE_REGULATION_OF_LIPID_BIOSYNTHETIC_PROCESS
GOBP_POSITIVE_REGULATION_OF_LIPID_CATABOLIC_PROCESS	27	12	6	6	GOBP_POSITIVE_REGULATION_OF_LIPID_CATABOLIC_PROCESS
GOBP_POSITIVE_REGULATION_OF_LIPID_LOCALIZATION	107	66	33	33	GOBP_POSITIVE_REGULATION_OF_LIPID_LOCALIZATION
GOBP_POSITIVE_REGULATION_OF_LIPID_METABOLIC_PROCESS	137	72	36	36	GOBP_POSITIVE_REGULATION_OF_LIPID_METABOLIC_PROCESS
GOBP_POSITIVE_REGULATION_OF_LIPID_STORAGE	23	13	7	6	GOBP_POSITIVE_REGULATION_OF_LIPID_STORAGE
GOBP_POSITIVE_REGULATION_OF_LIPID_TRANSPORT	87	54	27	27	GOBP_POSITIVE_REGULATION_OF_LIPID_TRANSPORT
GOBP_POSITIVE_REGULATION_OF_LIPOPOLYSACCHARIDE_MEDIATED_SIGNALING_PATHWAY	11	5	3	2	GOBP_POSITIVE_REGULATION_OF_LIPOPOLYSACCHARIDE_MEDIATED_SIGNALING_PATHWAY
GOBP_POSITIVE_REGULATION_OF_LIPOPROTEIN_PARTICLE_CLEARANCE	12	4	2	2	GOBP_POSITIVE_REGULATION_OF_LIPOPROTEIN_PARTICLE_CLEARANCE
GOBP_POSITIVE_REGULATION_OF_LOCOMOTION	645	376	188	188	GOBP_POSITIVE_REGULATION_OF_LOCOMOTION
GOBP_POSITIVE_REGULATION_OF_LONG_TERM_NEURONAL_SYNAPTIC_PLASTICITY	9	7	4	3	GOBP_POSITIVE_REGULATION_OF_LONG_TERM_NEURONAL_SYNAPTIC_PLASTICITY
GOBP_POSITIVE_REGULATION_OF_LONG_TERM_SYNAPTIC_DEPRESSION	7	4	2	2	GOBP_POSITIVE_REGULATION_OF_LONG_TERM_SYNAPTIC_DEPRESSION
GOBP_POSITIVE_REGULATION_OF_LONG_TERM_SYNAPTIC_POTENTIATION	24	15	8	7	GOBP_POSITIVE_REGULATION_OF_LONG_TERM_SYNAPTIC_POTENTIATION
GOBP_POSITIVE_REGULATION_OF_LYASE_ACTIVITY	23	10	5	5	GOBP_POSITIVE_REGULATION_OF_LYASE_ACTIVITY
GOBP_POSITIVE_REGULATION_OF_LYMPHOCYTE_ANERGY	6	3	2	1	GOBP_POSITIVE_REGULATION_OF_LYMPHOCYTE_ANERGY
GOBP_POSITIVE_REGULATION_OF_LYMPHOCYTE_APOPTOTIC_PROCESS	20	10	5	5	GOBP_POSITIVE_REGULATION_OF_LYMPHOCYTE_APOPTOTIC_PROCESS
GOBP_POSITIVE_REGULATION_OF_LYMPHOCYTE_CHEMOTAXIS	19	12	6	6	GOBP_POSITIVE_REGULATION_OF_LYMPHOCYTE_CHEMOTAXIS
GOBP_POSITIVE_REGULATION_OF_LYMPHOCYTE_DIFFERENTIATION	141	74	37	37	GOBP_POSITIVE_REGULATION_OF_LYMPHOCYTE_DIFFERENTIATION
GOBP_POSITIVE_REGULATION_OF_LYMPHOCYTE_MIGRATION	44	29	15	14	GOBP_POSITIVE_REGULATION_OF_LYMPHOCYTE_MIGRATION
GOBP_POSITIVE_REGULATION_OF_MACROAUTOPHAGY	96	25	13	12	GOBP_POSITIVE_REGULATION_OF_MACROAUTOPHAGY
GOBP_POSITIVE_REGULATION_OF_MACROPHAGE_ACTIVATION	31	15	8	7	GOBP_POSITIVE_REGULATION_OF_MACROPHAGE_ACTIVATION
GOBP_POSITIVE_REGULATION_OF_MACROPHAGE_CHEMOTAXIS	21	18	9	9	GOBP_POSITIVE_REGULATION_OF_MACROPHAGE_CHEMOTAXIS
GOBP_POSITIVE_REGULATION_OF_MACROPHAGE_CYTOKINE_PRODUCTION	24	14	7	7	GOBP_POSITIVE_REGULATION_OF_MACROPHAGE_CYTOKINE_PRODUCTION
GOBP_POSITIVE_REGULATION_OF_MACROPHAGE_DERIVED_FOAM_CELL_DIFFERENTIATION	21	14	7	7	GOBP_POSITIVE_REGULATION_OF_MACROPHAGE_DERIVED_FOAM_CELL_DIFFERENTIATION
GOBP_POSITIVE_REGULATION_OF_MACROPHAGE_DIFFERENTIATION	16	8	4	4	GOBP_POSITIVE_REGULATION_OF_MACROPHAGE_DIFFERENTIATION
GOBP_POSITIVE_REGULATION_OF_MACROPHAGE_MIGRATION	28	21	11	10	GOBP_POSITIVE_REGULATION_OF_MACROPHAGE_MIGRATION
GOBP_POSITIVE_REGULATION_OF_MAPKKK_CASCADE_BY_FIBROBLAST_GROWTH_FACTOR_RECEPTOR_SIGNALING_PATHWAY	5	3	2	1	GOBP_POSITIVE_REGULATION_OF_MAPKKK_CASCADE_BY_FIBROBLAST_GROWTH_FACTOR_RECEPTOR_SIGNALING_PATHWAY
GOBP_POSITIVE_REGULATION_OF_MAPK_CASCADE	470	265	133	132	GOBP_POSITIVE_REGULATION_OF_MAPK_CASCADE
GOBP_POSITIVE_REGULATION_OF_MAP_KINASE_ACTIVITY	40	19	10	9	GOBP_POSITIVE_REGULATION_OF_MAP_KINASE_ACTIVITY
GOBP_POSITIVE_REGULATION_OF_MAST_CELL_ACTIVATION	7	6	3	3	GOBP_POSITIVE_REGULATION_OF_MAST_CELL_ACTIVATION
GOBP_POSITIVE_REGULATION_OF_MAST_CELL_CHEMOTAXIS	6	3	2	1	GOBP_POSITIVE_REGULATION_OF_MAST_CELL_CHEMOTAXIS
GOBP_POSITIVE_REGULATION_OF_MAST_CELL_CYTOKINE_PRODUCTION	5	4	2	2	GOBP_POSITIVE_REGULATION_OF_MAST_CELL_CYTOKINE_PRODUCTION
GOBP_POSITIVE_REGULATION_OF_MAST_CELL_DEGRANULATION	15	5	3	2	GOBP_POSITIVE_REGULATION_OF_MAST_CELL_DEGRANULATION
GOBP_POSITIVE_REGULATION_OF_MAST_CELL_PROLIFERATION	5	3	2	1	GOBP_POSITIVE_REGULATION_OF_MAST_CELL_PROLIFERATION
GOBP_POSITIVE_REGULATION_OF_MEGAKARYOCYTE_DIFFERENTIATION	11	6	3	3	GOBP_POSITIVE_REGULATION_OF_MEGAKARYOCYTE_DIFFERENTIATION
GOBP_POSITIVE_REGULATION_OF_MEIOTIC_CELL_CYCLE	27	16	8	8	GOBP_POSITIVE_REGULATION_OF_MEIOTIC_CELL_CYCLE
GOBP_POSITIVE_REGULATION_OF_MEIOTIC_NUCLEAR_DIVISION	17	10	5	5	GOBP_POSITIVE_REGULATION_OF_MEIOTIC_NUCLEAR_DIVISION
GOBP_POSITIVE_REGULATION_OF_MELANOCYTE_DIFFERENTIATION	5	4	2	2	GOBP_POSITIVE_REGULATION_OF_MELANOCYTE_DIFFERENTIATION
GOBP_POSITIVE_REGULATION_OF_MEMBRANE_DEPOLARIZATION	13	9	5	4	GOBP_POSITIVE_REGULATION_OF_MEMBRANE_DEPOLARIZATION
GOBP_POSITIVE_REGULATION_OF_MEMBRANE_PERMEABILITY	50	15	8	7	GOBP_POSITIVE_REGULATION_OF_MEMBRANE_PERMEABILITY
GOBP_POSITIVE_REGULATION_OF_MEMBRANE_POTENTIAL	13	6	3	3	GOBP_POSITIVE_REGULATION_OF_MEMBRANE_POTENTIAL
GOBP_POSITIVE_REGULATION_OF_MEMBRANE_PROTEIN_ECTODOMAIN_PROTEOLYSIS	17	9	5	4	GOBP_POSITIVE_REGULATION_OF_MEMBRANE_PROTEIN_ECTODOMAIN_PROTEOLYSIS
GOBP_POSITIVE_REGULATION_OF_MEMORY_T_CELL_DIFFERENTIATION	9	8	4	4	GOBP_POSITIVE_REGULATION_OF_MEMORY_T_CELL_DIFFERENTIATION
GOBP_POSITIVE_REGULATION_OF_MESENCHYMAL_CELL_PROLIFERATION	27	18	9	9	GOBP_POSITIVE_REGULATION_OF_MESENCHYMAL_CELL_PROLIFERATION
GOBP_POSITIVE_REGULATION_OF_MESENCHYMAL_STEM_CELL_DIFFERENTIATION	5	3	2	1	GOBP_POSITIVE_REGULATION_OF_MESENCHYMAL_STEM_CELL_DIFFERENTIATION
GOBP_POSITIVE_REGULATION_OF_MESENCHYMAL_STEM_CELL_PROLIFERATION	7	5	3	2	GOBP_MESENCHYMAL_STEM_CELL_PROLIFERATION
GOBP_POSITIVE_REGULATION_OF_METAPHASE_ANAPHASE_TRANSITION_OF_CELL_CYCLE	18	12	6	6	GOBP_POSITIVE_REGULATION_OF_METAPHASE_ANAPHASE_TRANSITION_OF_CELL_CYCLE
GOBP_POSITIVE_REGULATION_OF_MHC_CLASS_II_BIOSYNTHETIC_PROCESS	15	6	3	3	GOBP_POSITIVE_REGULATION_OF_MHC_CLASS_II_BIOSYNTHETIC_PROCESS
GOBP_POSITIVE_REGULATION_OF_MHC_CLASS_I_BIOSYNTHETIC_PROCESS	6	5	3	2	GOBP_POSITIVE_REGULATION_OF_MHC_CLASS_I_BIOSYNTHETIC_PROCESS
GOBP_POSITIVE_REGULATION_OF_MICROGLIAL_CELL_ACTIVATION	10	5	3	2	GOBP_POSITIVE_REGULATION_OF_MICROGLIAL_CELL_ACTIVATION
GOBP_POSITIVE_REGULATION_OF_MICROTUBULE_DEPOLYMERIZATION	5	4	2	2	GOBP_POSITIVE_REGULATION_OF_MICROTUBULE_DEPOLYMERIZATION
GOBP_POSITIVE_REGULATION_OF_MICROTUBULE_NUCLEATION	8	4	2	2	GOBP_POSITIVE_REGULATION_OF_MICROTUBULE_NUCLEATION
GOBP_POSITIVE_REGULATION_OF_MICROTUBULE_POLYMERIZATION_OR_DEPOLYMERIZATION	38	17	9	8	GOBP_POSITIVE_REGULATION_OF_MICROTUBULE_POLYMERIZATION_OR_DEPOLYMERIZATION
GOBP_POSITIVE_REGULATION_OF_MIRNA_METABOLIC_PROCESS	67	34	17	17	GOBP_POSITIVE_REGULATION_OF_MIRNA_METABOLIC_PROCESS
GOBP_POSITIVE_REGULATION_OF_MIRNA_PROCESSING	5	3	2	1	GOBP_POSITIVE_REGULATION_OF_MIRNA_PROCESSING
GOBP_POSITIVE_REGULATION_OF_MIRNA_TRANSCRIPTION	56	33	17	16	GOBP_POSITIVE_REGULATION_OF_MIRNA_TRANSCRIPTION
GOBP_POSITIVE_REGULATION_OF_MITOCHONDRIAL_CALCIUM_ION_CONCENTRATION	9	3	2	1	GOBP_POSITIVE_REGULATION_OF_MITOCHONDRIAL_CALCIUM_ION_CONCENTRATION
GOBP_POSITIVE_REGULATION_OF_MITOCHONDRIAL_DEPOLARIZATION	9	7	4	3	GOBP_POSITIVE_REGULATION_OF_MITOCHONDRIAL_DEPOLARIZATION
GOBP_POSITIVE_REGULATION_OF_MITOCHONDRIAL_FISSION	22	8	4	4	GOBP_POSITIVE_REGULATION_OF_MITOCHONDRIAL_FISSION
GOBP_POSITIVE_REGULATION_OF_MITOCHONDRIAL_MEMBRANE_PERMEABILITY	45	12	6	6	GOBP_POSITIVE_REGULATION_OF_MITOCHONDRIAL_MEMBRANE_PERMEABILITY
GOBP_POSITIVE_REGULATION_OF_MITOCHONDRIAL_TRANSLATION	17	4	2	2	GOBP_POSITIVE_REGULATION_OF_MITOCHONDRIAL_TRANSLATION
GOBP_POSITIVE_REGULATION_OF_MITOTIC_CELL_CYCLE	136	68	34	34	GOBP_POSITIVE_REGULATION_OF_MITOTIC_CELL_CYCLE
GOBP_POSITIVE_REGULATION_OF_MITOTIC_CELL_CYCLE_PHASE_TRANSITION	103	56	28	28	GOBP_POSITIVE_REGULATION_OF_MITOTIC_CELL_CYCLE_PHASE_TRANSITION
GOBP_POSITIVE_REGULATION_OF_MITOTIC_CYTOKINESIS	13	6	3	3	GOBP_POSITIVE_REGULATION_OF_MITOTIC_CYTOKINESIS
GOBP_POSITIVE_REGULATION_OF_MITOTIC_NUCLEAR_DIVISION	46	31	16	15	GOBP_POSITIVE_REGULATION_OF_MITOTIC_NUCLEAR_DIVISION
GOBP_POSITIVE_REGULATION_OF_MITOTIC_SISTER_CHROMATID_SEGREGATION	9	5	3	2	GOBP_POSITIVE_REGULATION_OF_MITOTIC_SISTER_CHROMATID_SEGREGATION
GOBP_POSITIVE_REGULATION_OF_MITOTIC_SISTER_CHROMATID_SEPARATION	21	15	8	7	GOBP_POSITIVE_REGULATION_OF_MITOTIC_SISTER_CHROMATID_SEPARATION
GOBP_POSITIVE_REGULATION_OF_MOLECULAR_FUNCTION	582	261	131	130	GOBP_POSITIVE_REGULATION_OF_MOLECULAR_FUNCTION
GOBP_POSITIVE_REGULATION_OF_MONOATOMIC_ION_TRANSMEMBRANE_TRANSPORT	132	77	39	38	GOBP_POSITIVE_REGULATION_OF_MONOATOMIC_ION_TRANSMEMBRANE_TRANSPORT
GOBP_POSITIVE_REGULATION_OF_MONOATOMIC_ION_TRANSPORT	195	121	61	60	GOBP_POSITIVE_REGULATION_OF_MONOATOMIC_ION_TRANSPORT
GOBP_POSITIVE_REGULATION_OF_MONOCYTE_CHEMOTACTIC_PROTEIN_1_PRODUCTION	14	8	4	4	GOBP_POSITIVE_REGULATION_OF_MONOCYTE_CHEMOTACTIC_PROTEIN_1_PRODUCTION
GOBP_POSITIVE_REGULATION_OF_MONOCYTE_CHEMOTAXIS	23	16	8	8	GOBP_POSITIVE_REGULATION_OF_MONOCYTE_CHEMOTAXIS
GOBP_POSITIVE_REGULATION_OF_MONOCYTE_DIFFERENTIATION	10	6	3	3	GOBP_POSITIVE_REGULATION_OF_MONOCYTE_DIFFERENTIATION
GOBP_POSITIVE_REGULATION_OF_MONOCYTE_EXTRAVASATION	5	3	2	1	GOBP_POSITIVE_REGULATION_OF_MONOCYTE_EXTRAVASATION
GOBP_POSITIVE_REGULATION_OF_MONONUCLEAR_CELL_MIGRATION	98	70	35	35	GOBP_POSITIVE_REGULATION_OF_MONONUCLEAR_CELL_MIGRATION
GOBP_POSITIVE_REGULATION_OF_MONOOXYGENASE_ACTIVITY	6	5	3	2	GOBP_POSITIVE_REGULATION_OF_MONOOXYGENASE_ACTIVITY
GOBP_POSITIVE_REGULATION_OF_MORPHOGENESIS_OF_AN_EPITHELIUM	38	32	16	16	GOBP_POSITIVE_REGULATION_OF_MORPHOGENESIS_OF_AN_EPITHELIUM
GOBP_POSITIVE_REGULATION_OF_MRNA_CATABOLIC_PROCESS	202	45	23	22	GOBP_POSITIVE_REGULATION_OF_MRNA_CATABOLIC_PROCESS
GOBP_POSITIVE_REGULATION_OF_MRNA_METABOLIC_PROCESS	237	56	28	28	GOBP_POSITIVE_REGULATION_OF_MRNA_METABOLIC_PROCESS
GOBP_POSITIVE_REGULATION_OF_MRNA_PROCESSING	37	11	6	5	GOBP_POSITIVE_REGULATION_OF_MRNA_PROCESSING
GOBP_POSITIVE_REGULATION_OF_MULTICELLULAR_ORGANISMAL_PROCESS	1728	968	484	484	GOBP_POSITIVE_REGULATION_OF_MULTICELLULAR_ORGANISMAL_PROCESS
GOBP_POSITIVE_REGULATION_OF_MULTICELLULAR_ORGANISM_GROWTH	34	13	7	6	GOBP_POSITIVE_REGULATION_OF_MULTICELLULAR_ORGANISM_GROWTH
GOBP_POSITIVE_REGULATION_OF_MUSCLE_ADAPTATION	14	4	2	2	GOBP_POSITIVE_REGULATION_OF_MUSCLE_ADAPTATION
GOBP_POSITIVE_REGULATION_OF_MUSCLE_CELL_APOPTOTIC_PROCESS	35	8	4	4	GOBP_POSITIVE_REGULATION_OF_MUSCLE_CELL_APOPTOTIC_PROCESS
GOBP_POSITIVE_REGULATION_OF_MUSCLE_CELL_DIFFERENTIATION	85	35	18	17	GOBP_POSITIVE_REGULATION_OF_MUSCLE_CELL_DIFFERENTIATION
GOBP_POSITIVE_REGULATION_OF_MUSCLE_CONTRACTION	50	35	18	17	GOBP_POSITIVE_REGULATION_OF_MUSCLE_CONTRACTION
GOBP_POSITIVE_REGULATION_OF_MUSCLE_HYPERTROPHY	38	14	7	7	GOBP_POSITIVE_REGULATION_OF_MUSCLE_HYPERTROPHY
GOBP_POSITIVE_REGULATION_OF_MUSCLE_ORGAN_DEVELOPMENT	22	10	5	5	GOBP_POSITIVE_REGULATION_OF_MUSCLE_ORGAN_DEVELOPMENT
GOBP_POSITIVE_REGULATION_OF_MYELINATION	21	15	8	7	GOBP_POSITIVE_REGULATION_OF_MYELINATION
GOBP_POSITIVE_REGULATION_OF_MYELOID_CELL_APOPTOTIC_PROCESS	10	6	3	3	GOBP_POSITIVE_REGULATION_OF_MYELOID_CELL_APOPTOTIC_PROCESS
GOBP_POSITIVE_REGULATION_OF_MYELOID_CELL_DIFFERENTIATION	111	66	33	33	GOBP_POSITIVE_REGULATION_OF_MYELOID_CELL_DIFFERENTIATION
GOBP_POSITIVE_REGULATION_OF_MYELOID_LEUKOCYTE_CYTOKINE_PRODUCTION_INVOLVED_IN_IMMUNE_RESPONSE	36	20	10	10	GOBP_POSITIVE_REGULATION_OF_MYELOID_LEUKOCYTE_CYTOKINE_PRODUCTION_INVOLVED_IN_IMMUNE_RESPONSE
GOBP_POSITIVE_REGULATION_OF_MYELOID_LEUKOCYTE_DIFFERENTIATION	64	41	21	20	GOBP_POSITIVE_REGULATION_OF_MYELOID_LEUKOCYTE_DIFFERENTIATION
GOBP_POSITIVE_REGULATION_OF_MYELOID_LEUKOCYTE_MEDIATED_IMMUNITY	22	13	7	6	GOBP_POSITIVE_REGULATION_OF_MYELOID_LEUKOCYTE_MEDIATED_IMMUNITY
GOBP_POSITIVE_REGULATION_OF_MYOBLAST_DIFFERENTIATION	47	22	11	11	GOBP_POSITIVE_REGULATION_OF_MYOBLAST_DIFFERENTIATION
GOBP_POSITIVE_REGULATION_OF_MYOBLAST_FUSION	16	11	6	5	GOBP_POSITIVE_REGULATION_OF_MYOBLAST_FUSION
GOBP_POSITIVE_REGULATION_OF_MYOBLAST_PROLIFERATION	16	7	4	3	GOBP_POSITIVE_REGULATION_OF_MYOBLAST_PROLIFERATION
GOBP_POSITIVE_REGULATION_OF_MYOTUBE_DIFFERENTIATION	17	6	3	3	GOBP_POSITIVE_REGULATION_OF_MYOTUBE_DIFFERENTIATION
GOBP_POSITIVE_REGULATION_OF_NATURAL_KILLER_CELL_ACTIVATION	26	14	7	7	GOBP_POSITIVE_REGULATION_OF_NATURAL_KILLER_CELL_ACTIVATION
GOBP_POSITIVE_REGULATION_OF_NATURAL_KILLER_CELL_CHEMOTAXIS	5	4	2	2	GOBP_POSITIVE_REGULATION_OF_NATURAL_KILLER_CELL_CHEMOTAXIS
GOBP_POSITIVE_REGULATION_OF_NATURAL_KILLER_CELL_CYTOKINE_PRODUCTION	9	7	4	3	GOBP_POSITIVE_REGULATION_OF_NATURAL_KILLER_CELL_CYTOKINE_PRODUCTION
GOBP_POSITIVE_REGULATION_OF_NATURAL_KILLER_CELL_DIFFERENTIATION	10	4	2	2	GOBP_POSITIVE_REGULATION_OF_NATURAL_KILLER_CELL_DIFFERENTIATION
GOBP_POSITIVE_REGULATION_OF_NATURAL_KILLER_CELL_MEDIATED_CYTOTOXICITY	30	15	8	7	GOBP_POSITIVE_REGULATION_OF_NATURAL_KILLER_CELL_MEDIATED_CYTOTOXICITY
GOBP_POSITIVE_REGULATION_OF_NATURAL_KILLER_CELL_MEDIATED_IMMUNE_RESPONSE_TO_TUMOR_CELL	7	4	2	2	GOBP_POSITIVE_REGULATION_OF_NATURAL_KILLER_CELL_MEDIATED_IMMUNE_RESPONSE_TO_TUMOR_CELL
GOBP_POSITIVE_REGULATION_OF_NATURAL_KILLER_CELL_MEDIATED_IMMUNITY	36	20	10	10	GOBP_POSITIVE_REGULATION_OF_NATURAL_KILLER_CELL_MEDIATED_IMMUNITY
GOBP_POSITIVE_REGULATION_OF_NECROPTOTIC_PROCESS	8	3	2	1	GOBP_POSITIVE_REGULATION_OF_NECROPTOTIC_PROCESS
GOBP_POSITIVE_REGULATION_OF_NERVOUS_SYSTEM_DEVELOPMENT	285	159	80	79	GOBP_POSITIVE_REGULATION_OF_NERVOUS_SYSTEM_DEVELOPMENT
GOBP_POSITIVE_REGULATION_OF_NERVOUS_SYSTEM_PROCESS	38	28	14	14	GOBP_POSITIVE_REGULATION_OF_NERVOUS_SYSTEM_PROCESS
GOBP_POSITIVE_REGULATION_OF_NEURAL_PRECURSOR_CELL_PROLIFERATION	54	32	16	16	GOBP_POSITIVE_REGULATION_OF_NEURAL_PRECURSOR_CELL_PROLIFERATION
GOBP_POSITIVE_REGULATION_OF_NEUROBLAST_PROLIFERATION	29	15	8	7	GOBP_POSITIVE_REGULATION_OF_NEUROBLAST_PROLIFERATION
GOBP_POSITIVE_REGULATION_OF_NEUROEPITHELIAL_CELL_DIFFERENTIATION	8	4	2	2	GOBP_POSITIVE_REGULATION_OF_NEUROEPITHELIAL_CELL_DIFFERENTIATION
GOBP_POSITIVE_REGULATION_OF_NEUROGENESIS	233	128	64	64	GOBP_POSITIVE_REGULATION_OF_NEUROGENESIS
GOBP_POSITIVE_REGULATION_OF_NEUROINFLAMMATORY_RESPONSE	18	12	6	6	GOBP_POSITIVE_REGULATION_OF_NEUROINFLAMMATORY_RESPONSE
GOBP_POSITIVE_REGULATION_OF_NEURON_APOPTOTIC_PROCESS	69	35	18	17	GOBP_POSITIVE_REGULATION_OF_NEURON_APOPTOTIC_PROCESS
GOBP_POSITIVE_REGULATION_OF_NEURON_DIFFERENTIATION	97	58	29	29	GOBP_POSITIVE_REGULATION_OF_NEURON_DIFFERENTIATION
GOBP_POSITIVE_REGULATION_OF_NEURON_MIGRATION	17	9	5	4	GOBP_POSITIVE_REGULATION_OF_NEURON_MIGRATION
GOBP_POSITIVE_REGULATION_OF_NEURON_PROJECTION_ARBORIZATION	8	3	2	1	GOBP_POSITIVE_REGULATION_OF_NEURON_PROJECTION_ARBORIZATION
GOBP_POSITIVE_REGULATION_OF_NEURON_PROJECTION_DEVELOPMENT	159	74	37	37	GOBP_POSITIVE_REGULATION_OF_NEURON_PROJECTION_DEVELOPMENT
GOBP_POSITIVE_REGULATION_OF_NEURON_PROJECTION_REGENERATION	10	4	2	2	GOBP_POSITIVE_REGULATION_OF_NEURON_PROJECTION_REGENERATION
GOBP_POSITIVE_REGULATION_OF_NEUROTRANSMITTER_SECRETION	20	9	5	4	GOBP_POSITIVE_REGULATION_OF_NEUROTRANSMITTER_SECRETION
GOBP_POSITIVE_REGULATION_OF_NEUROTRANSMITTER_TRANSPORT	26	11	6	5	GOBP_POSITIVE_REGULATION_OF_NEUROTRANSMITTER_TRANSPORT
GOBP_POSITIVE_REGULATION_OF_NEUROTROPHIN_TRK_RECEPTOR_SIGNALING_PATHWAY	5	4	2	2	GOBP_POSITIVE_REGULATION_OF_NEUROTROPHIN_TRK_RECEPTOR_SIGNALING_PATHWAY
GOBP_POSITIVE_REGULATION_OF_NEUTROPHIL_APOPTOTIC_PROCESS	5	4	2	2	GOBP_POSITIVE_REGULATION_OF_NEUTROPHIL_APOPTOTIC_PROCESS
GOBP_POSITIVE_REGULATION_OF_NEUTROPHIL_MIGRATION	34	26	13	13	GOBP_POSITIVE_REGULATION_OF_NEUTROPHIL_MIGRATION
GOBP_POSITIVE_REGULATION_OF_NF_KAPPAB_TRANSCRIPTION_FACTOR_ACTIVITY	94	35	18	17	GOBP_POSITIVE_REGULATION_OF_NF_KAPPAB_TRANSCRIPTION_FACTOR_ACTIVITY
GOBP_POSITIVE_REGULATION_OF_NITRIC_OXIDE_MEDIATED_SIGNAL_TRANSDUCTION	5	5	3	2	GOBP_POSITIVE_REGULATION_OF_NITRIC_OXIDE_MEDIATED_SIGNAL_TRANSDUCTION
GOBP_POSITIVE_REGULATION_OF_NITRIC_OXIDE_METABOLIC_PROCESS	45	22	11	11	GOBP_POSITIVE_REGULATION_OF_NITRIC_OXIDE_METABOLIC_PROCESS
GOBP_POSITIVE_REGULATION_OF_NK_T_CELL_ACTIVATION	9	8	4	4	GOBP_POSITIVE_REGULATION_OF_NK_T_CELL_ACTIVATION
GOBP_POSITIVE_REGULATION_OF_NON_CANONICAL_NF_KAPPAB_SIGNAL_TRANSDUCTION	65	33	17	16	GOBP_POSITIVE_REGULATION_OF_NON_CANONICAL_NF_KAPPAB_SIGNAL_TRANSDUCTION
GOBP_POSITIVE_REGULATION_OF_NON_CANONICAL_WNT_SIGNALING_PATHWAY	15	8	4	4	GOBP_POSITIVE_REGULATION_OF_NON_CANONICAL_WNT_SIGNALING_PATHWAY
GOBP_POSITIVE_REGULATION_OF_NON_MOTILE_CILIUM_ASSEMBLY	9	4	2	2	GOBP_POSITIVE_REGULATION_OF_NON_MOTILE_CILIUM_ASSEMBLY
GOBP_POSITIVE_REGULATION_OF_NOTCH_SIGNALING_PATHWAY	50	24	12	12	GOBP_POSITIVE_REGULATION_OF_NOTCH_SIGNALING_PATHWAY
GOBP_POSITIVE_REGULATION_OF_NUCLEAR_CELL_CYCLE_DNA_REPLICATION	7	4	2	2	GOBP_POSITIVE_REGULATION_OF_NUCLEAR_CELL_CYCLE_DNA_REPLICATION
GOBP_POSITIVE_REGULATION_OF_NUCLEAR_DIVISION	62	41	21	20	GOBP_POSITIVE_REGULATION_OF_NUCLEAR_DIVISION
GOBP_POSITIVE_REGULATION_OF_NUCLEAR_TRANSCRIBED_MRNA_CATABOLIC_PROCESS_DEADENYLATION_DEPENDENT_DECAY	12	6	3	3	GOBP_POSITIVE_REGULATION_OF_NUCLEAR_TRANSCRIBED_MRNA_CATABOLIC_PROCESS_DEADENYLATION_DEPENDENT_DECAY
GOBP_POSITIVE_REGULATION_OF_NUCLEOCYTOPLASMIC_TRANSPORT	63	29	15	14	GOBP_POSITIVE_REGULATION_OF_NUCLEOCYTOPLASMIC_TRANSPORT
GOBP_POSITIVE_REGULATION_OF_NUCLEOTIDE_BINDING_DOMAIN_LEUCINE_RICH_REPEAT_CONTAINING_RECEPTOR_SIGNALING_PATHWAY	7	3	2	1	GOBP_POSITIVE_REGULATION_OF_NUCLEOTIDE_BINDING_DOMAIN_LEUCINE_RICH_REPEAT_CONTAINING_RECEPTOR_SIGNALING_PATHWAY
GOBP_POSITIVE_REGULATION_OF_NUCLEOTIDE_BIOSYNTHETIC_PROCESS	16	8	4	4	GOBP_POSITIVE_REGULATION_OF_NUCLEOTIDE_BIOSYNTHETIC_PROCESS
GOBP_POSITIVE_REGULATION_OF_NUCLEOTIDE_CATABOLIC_PROCESS	24	9	5	4	GOBP_POSITIVE_REGULATION_OF_NUCLEOTIDE_CATABOLIC_PROCESS
GOBP_POSITIVE_REGULATION_OF_NUCLEOTIDE_METABOLIC_PROCESS	42	19	10	9	GOBP_POSITIVE_REGULATION_OF_NUCLEOTIDE_METABOLIC_PROCESS
GOBP_POSITIVE_REGULATION_OF_ODONTOGENESIS	7	5	3	2	GOBP_POSITIVE_REGULATION_OF_ODONTOGENESIS
GOBP_POSITIVE_REGULATION_OF_OLIGODENDROCYTE_DIFFERENTIATION	25	20	10	10	GOBP_POSITIVE_REGULATION_OF_OLIGODENDROCYTE_DIFFERENTIATION
GOBP_POSITIVE_REGULATION_OF_OPSONIZATION	9	7	4	3	GOBP_POSITIVE_REGULATION_OF_OPSONIZATION
GOBP_POSITIVE_REGULATION_OF_ORGANELLE_ASSEMBLY	89	33	17	16	GOBP_POSITIVE_REGULATION_OF_ORGANELLE_ASSEMBLY
GOBP_POSITIVE_REGULATION_OF_ORGANELLE_ORGANIZATION	504	250	125	125	GOBP_POSITIVE_REGULATION_OF_ORGANELLE_ORGANIZATION
GOBP_POSITIVE_REGULATION_OF_ORGANIC_ACID_TRANSPORT	42	24	12	12	GOBP_POSITIVE_REGULATION_OF_ORGANIC_ACID_TRANSPORT
GOBP_POSITIVE_REGULATION_OF_ORGAN_GROWTH	55	28	14	14	GOBP_POSITIVE_REGULATION_OF_ORGAN_GROWTH
GOBP_POSITIVE_REGULATION_OF_OSSIFICATION	56	37	19	18	GOBP_POSITIVE_REGULATION_OF_OSSIFICATION
GOBP_POSITIVE_REGULATION_OF_OSTEOBLAST_DIFFERENTIATION	80	45	23	22	GOBP_POSITIVE_REGULATION_OF_OSTEOBLAST_DIFFERENTIATION
GOBP_POSITIVE_REGULATION_OF_OSTEOBLAST_PROLIFERATION	13	9	5	4	GOBP_POSITIVE_REGULATION_OF_OSTEOBLAST_PROLIFERATION
GOBP_POSITIVE_REGULATION_OF_OSTEOCLAST_DIFFERENTIATION	30	20	10	10	GOBP_POSITIVE_REGULATION_OF_OSTEOCLAST_DIFFERENTIATION
GOBP_POSITIVE_REGULATION_OF_OXIDATIVE_STRESS_INDUCED_INTRINSIC_APOPTOTIC_SIGNALING_PATHWAY	9	6	3	3	GOBP_POSITIVE_REGULATION_OF_OXIDATIVE_STRESS_INDUCED_INTRINSIC_APOPTOTIC_SIGNALING_PATHWAY
GOBP_POSITIVE_REGULATION_OF_OXIDOREDUCTASE_ACTIVITY	12	9	5	4	GOBP_POSITIVE_REGULATION_OF_OXIDOREDUCTASE_ACTIVITY
GOBP_POSITIVE_REGULATION_OF_P38MAPK_CASCADE	29	16	8	8	GOBP_POSITIVE_REGULATION_OF_P38MAPK_CASCADE
GOBP_POSITIVE_REGULATION_OF_PATTERN_RECOGNITION_RECEPTOR_SIGNALING_PATHWAY	81	35	18	17	GOBP_POSITIVE_REGULATION_OF_PATTERN_RECOGNITION_RECEPTOR_SIGNALING_PATHWAY
GOBP_POSITIVE_REGULATION_OF_PEPTIDASE_ACTIVITY	13	7	4	3	GOBP_POSITIVE_REGULATION_OF_PEPTIDASE_ACTIVITY
GOBP_POSITIVE_REGULATION_OF_PEPTIDE_SECRETION	123	71	36	35	GOBP_POSITIVE_REGULATION_OF_PEPTIDE_SECRETION
GOBP_POSITIVE_REGULATION_OF_PEPTIDYL_SERINE_PHOSPHORYLATION	22	11	6	5	GOBP_POSITIVE_REGULATION_OF_PEPTIDYL_SERINE_PHOSPHORYLATION
GOBP_POSITIVE_REGULATION_OF_PEPTIDYL_THREONINE_PHOSPHORYLATION	11	8	4	4	GOBP_POSITIVE_REGULATION_OF_PEPTIDYL_THREONINE_PHOSPHORYLATION
GOBP_POSITIVE_REGULATION_OF_PEPTIDYL_TYROSINE_PHOSPHORYLATION	57	34	17	17	GOBP_POSITIVE_REGULATION_OF_PEPTIDYL_TYROSINE_PHOSPHORYLATION
GOBP_POSITIVE_REGULATION_OF_PEROXISOME_PROLIFERATOR_ACTIVATED_RECEPTOR_SIGNALING_PATHWAY	10	5	3	2	GOBP_POSITIVE_REGULATION_OF_PEROXISOME_PROLIFERATOR_ACTIVATED_RECEPTOR_SIGNALING_PATHWAY
GOBP_POSITIVE_REGULATION_OF_PHAGOCYTOSIS	77	48	24	24	GOBP_POSITIVE_REGULATION_OF_PHAGOCYTOSIS
GOBP_POSITIVE_REGULATION_OF_PHOSPHATIDYLINOSITOL_3_KINASE_PROTEIN_KINASE_B_SIGNAL_TRANSDUCTION	208	120	60	60	GOBP_POSITIVE_REGULATION_OF_PHOSPHATIDYLINOSITOL_3_KINASE_PROTEIN_KINASE_B_SIGNAL_TRANSDUCTION
GOBP_POSITIVE_REGULATION_OF_PHOSPHOLIPASE_C_ACTIVATING_G_PROTEIN_COUPLED_RECEPTOR_SIGNALING_PATHWAY	7	5	3	2	GOBP_POSITIVE_REGULATION_OF_PHOSPHOLIPASE_C_ACTIVATING_G_PROTEIN_COUPLED_RECEPTOR_SIGNALING_PATHWAY
GOBP_POSITIVE_REGULATION_OF_PHOSPHOLIPID_BIOSYNTHETIC_PROCESS	11	4	2	2	GOBP_POSITIVE_REGULATION_OF_PHOSPHOLIPID_BIOSYNTHETIC_PROCESS
GOBP_POSITIVE_REGULATION_OF_PHOSPHOLIPID_METABOLIC_PROCESS	16	7	4	3	GOBP_POSITIVE_REGULATION_OF_PHOSPHOLIPID_METABOLIC_PROCESS
GOBP_POSITIVE_REGULATION_OF_PHOSPHOLIPID_TRANSPORT	15	11	6	5	GOBP_POSITIVE_REGULATION_OF_PHOSPHOLIPID_TRANSPORT
GOBP_POSITIVE_REGULATION_OF_PHOSPHORUS_METABOLIC_PROCESS	336	170	85	85	GOBP_POSITIVE_REGULATION_OF_PHOSPHORUS_METABOLIC_PROCESS
GOBP_POSITIVE_REGULATION_OF_PHOSPHORYLATION	273	140	70	70	GOBP_POSITIVE_REGULATION_OF_PHOSPHORYLATION
GOBP_POSITIVE_REGULATION_OF_PINOCYTOSIS	7	3	2	1	GOBP_POSITIVE_REGULATION_OF_PINOCYTOSIS
GOBP_POSITIVE_REGULATION_OF_PLASMA_MEMBRANE_BOUNDED_CELL_PROJECTION_ASSEMBLY	111	59	30	29	GOBP_POSITIVE_REGULATION_OF_PLASMA_MEMBRANE_BOUNDED_CELL_PROJECTION_ASSEMBLY
GOBP_POSITIVE_REGULATION_OF_PLASMINOGEN_ACTIVATION	8	7	4	3	GOBP_POSITIVE_REGULATION_OF_PLASMINOGEN_ACTIVATION
GOBP_POSITIVE_REGULATION_OF_PLATELET_ACTIVATION	13	9	5	4	GOBP_POSITIVE_REGULATION_OF_PLATELET_ACTIVATION
GOBP_POSITIVE_REGULATION_OF_PLATELET_AGGREGATION	13	10	5	5	GOBP_POSITIVE_REGULATION_OF_PLATELET_AGGREGATION
GOBP_POSITIVE_REGULATION_OF_PLATELET_DERIVED_GROWTH_FACTOR_RECEPTOR_SIGNALING_PATHWAY	8	3	2	1	GOBP_POSITIVE_REGULATION_OF_PLATELET_DERIVED_GROWTH_FACTOR_RECEPTOR_SIGNALING_PATHWAY
GOBP_POSITIVE_REGULATION_OF_PODOSOME_ASSEMBLY	11	8	4	4	GOBP_POSITIVE_REGULATION_OF_PODOSOME_ASSEMBLY
GOBP_POSITIVE_REGULATION_OF_POST_TRANSCRIPTIONAL_GENE_SILENCING	12	7	4	3	GOBP_POSITIVE_REGULATION_OF_POST_TRANSCRIPTIONAL_GENE_SILENCING
GOBP_POSITIVE_REGULATION_OF_POST_TRANSLATIONAL_PROTEIN_MODIFICATION	134	51	26	25	GOBP_POSITIVE_REGULATION_OF_POST_TRANSLATIONAL_PROTEIN_MODIFICATION
GOBP_POSITIVE_REGULATION_OF_POTASSIUM_ION_IMPORT_ACROSS_PLASMA_MEMBRANE	5	3	2	1	GOBP_POSITIVE_REGULATION_OF_POTASSIUM_ION_IMPORT_ACROSS_PLASMA_MEMBRANE
GOBP_POSITIVE_REGULATION_OF_POTASSIUM_ION_TRANSMEMBRANE_TRANSPORT	31	19	10	9	GOBP_POSITIVE_REGULATION_OF_POTASSIUM_ION_TRANSMEMBRANE_TRANSPORT
GOBP_POSITIVE_REGULATION_OF_POTASSIUM_ION_TRANSMEMBRANE_TRANSPORTER_ACTIVITY	6	4	2	2	GOBP_POSITIVE_REGULATION_OF_POTASSIUM_ION_TRANSMEMBRANE_TRANSPORTER_ACTIVITY
GOBP_POSITIVE_REGULATION_OF_POTASSIUM_ION_TRANSPORT	39	26	13	13	GOBP_POSITIVE_REGULATION_OF_POTASSIUM_ION_TRANSPORT
GOBP_POSITIVE_REGULATION_OF_PRODUCTION_OF_MOLECULAR_MEDIATOR_OF_IMMUNE_RESPONSE	146	88	44	44	GOBP_POSITIVE_REGULATION_OF_PRODUCTION_OF_MOLECULAR_MEDIATOR_OF_IMMUNE_RESPONSE
GOBP_POSITIVE_REGULATION_OF_PROGRAMMED_CELL_DEATH	582	289	145	144	GOBP_POSITIVE_REGULATION_OF_PROGRAMMED_CELL_DEATH
GOBP_POSITIVE_REGULATION_OF_PROGRAMMED_NECROTIC_CELL_DEATH	11	5	3	2	GOBP_POSITIVE_REGULATION_OF_PROGRAMMED_NECROTIC_CELL_DEATH
GOBP_POSITIVE_REGULATION_OF_PROSTAGLANDIN_BIOSYNTHETIC_PROCESS	7	6	3	3	GOBP_POSITIVE_REGULATION_OF_PROSTAGLANDIN_BIOSYNTHETIC_PROCESS
GOBP_POSITIVE_REGULATION_OF_PROTEASOMAL_PROTEIN_CATABOLIC_PROCESS	116	44	22	22	GOBP_POSITIVE_REGULATION_OF_PROTEASOMAL_PROTEIN_CATABOLIC_PROCESS
GOBP_POSITIVE_REGULATION_OF_PROTEASOMAL_UBIQUITIN_DEPENDENT_PROTEIN_CATABOLIC_PROCESS	82	31	16	15	GOBP_POSITIVE_REGULATION_OF_PROTEASOMAL_UBIQUITIN_DEPENDENT_PROTEIN_CATABOLIC_PROCESS
GOBP_POSITIVE_REGULATION_OF_PROTEIN_ACETYLATION	7	3	2	1	GOBP_POSITIVE_REGULATION_OF_PROTEIN_ACETYLATION
GOBP_POSITIVE_REGULATION_OF_PROTEIN_AUTOPHOSPHORYLATION	8	7	4	3	GOBP_POSITIVE_REGULATION_OF_PROTEIN_AUTOPHOSPHORYLATION
GOBP_POSITIVE_REGULATION_OF_PROTEIN_BINDING	25	11	6	5	GOBP_POSITIVE_REGULATION_OF_PROTEIN_BINDING
GOBP_POSITIVE_REGULATION_OF_PROTEIN_CATABOLIC_PROCESS	216	92	46	46	GOBP_POSITIVE_REGULATION_OF_PROTEIN_CATABOLIC_PROCESS
GOBP_POSITIVE_REGULATION_OF_PROTEIN_CATABOLIC_PROCESS_IN_THE_VACUOLE	7	3	2	1	GOBP_POSITIVE_REGULATION_OF_PROTEIN_CATABOLIC_PROCESS_IN_THE_VACUOLE
GOBP_POSITIVE_REGULATION_OF_PROTEIN_CONTAINING_COMPLEX_ASSEMBLY	206	99	50	49	GOBP_POSITIVE_REGULATION_OF_PROTEIN_CONTAINING_COMPLEX_ASSEMBLY
GOBP_POSITIVE_REGULATION_OF_PROTEIN_CONTAINING_COMPLEX_DISASSEMBLY	40	16	8	8	GOBP_POSITIVE_REGULATION_OF_PROTEIN_CONTAINING_COMPLEX_DISASSEMBLY
GOBP_POSITIVE_REGULATION_OF_PROTEIN_DEPOLYMERIZATION	21	14	7	7	GOBP_POSITIVE_REGULATION_OF_PROTEIN_DEPOLYMERIZATION
GOBP_POSITIVE_REGULATION_OF_PROTEIN_DEUBIQUITINATION	5	3	2	1	GOBP_POSITIVE_REGULATION_OF_PROTEIN_DEUBIQUITINATION
GOBP_POSITIVE_REGULATION_OF_PROTEIN_EXIT_FROM_ENDOPLASMIC_RETICULUM	12	7	4	3	GOBP_POSITIVE_REGULATION_OF_PROTEIN_EXIT_FROM_ENDOPLASMIC_RETICULUM
GOBP_POSITIVE_REGULATION_OF_PROTEIN_EXPORT_FROM_NUCLEUS	20	7	4	3	GOBP_POSITIVE_REGULATION_OF_PROTEIN_EXPORT_FROM_NUCLEUS
GOBP_POSITIVE_REGULATION_OF_PROTEIN_IMPORT_INTO_NUCLEUS	40	21	11	10	GOBP_POSITIVE_REGULATION_OF_PROTEIN_IMPORT_INTO_NUCLEUS
GOBP_POSITIVE_REGULATION_OF_PROTEIN_KINASE_A_SIGNALING	5	3	2	1	GOBP_POSITIVE_REGULATION_OF_PROTEIN_KINASE_A_SIGNALING
GOBP_POSITIVE_REGULATION_OF_PROTEIN_LOCALIZATION	510	244	122	122	GOBP_POSITIVE_REGULATION_OF_PROTEIN_LOCALIZATION
GOBP_POSITIVE_REGULATION_OF_PROTEIN_LOCALIZATION_TO_CAJAL_BODY	10	5	3	2	GOBP_POSITIVE_REGULATION_OF_PROTEIN_LOCALIZATION_TO_CAJAL_BODY
GOBP_POSITIVE_REGULATION_OF_PROTEIN_LOCALIZATION_TO_CELL_CORTEX	6	4	2	2	GOBP_POSITIVE_REGULATION_OF_PROTEIN_LOCALIZATION_TO_CELL_CORTEX
GOBP_POSITIVE_REGULATION_OF_PROTEIN_LOCALIZATION_TO_CELL_PERIPHERY	78	40	20	20	GOBP_POSITIVE_REGULATION_OF_PROTEIN_LOCALIZATION_TO_CELL_PERIPHERY
GOBP_POSITIVE_REGULATION_OF_PROTEIN_LOCALIZATION_TO_CELL_SURFACE	23	13	7	6	GOBP_POSITIVE_REGULATION_OF_PROTEIN_LOCALIZATION_TO_CELL_SURFACE
GOBP_POSITIVE_REGULATION_OF_PROTEIN_LOCALIZATION_TO_EARLY_ENDOSOME	10	7	4	3	GOBP_POSITIVE_REGULATION_OF_PROTEIN_LOCALIZATION_TO_EARLY_ENDOSOME
GOBP_POSITIVE_REGULATION_OF_PROTEIN_LOCALIZATION_TO_MEMBRANE	111	52	26	26	GOBP_POSITIVE_REGULATION_OF_PROTEIN_LOCALIZATION_TO_MEMBRANE
GOBP_POSITIVE_REGULATION_OF_PROTEIN_LOCALIZATION_TO_NUCLEUS	95	40	20	20	GOBP_POSITIVE_REGULATION_OF_PROTEIN_LOCALIZATION_TO_NUCLEUS
GOBP_POSITIVE_REGULATION_OF_PROTEIN_LOCALIZATION_TO_PLASMA_MEMBRANE	66	32	16	16	GOBP_POSITIVE_REGULATION_OF_PROTEIN_LOCALIZATION_TO_PLASMA_MEMBRANE
GOBP_POSITIVE_REGULATION_OF_PROTEIN_LOCALIZATION_TO_SYNAPSE	6	4	2	2	GOBP_POSITIVE_REGULATION_OF_PROTEIN_LOCALIZATION_TO_SYNAPSE
GOBP_POSITIVE_REGULATION_OF_PROTEIN_MATURATION	26	19	10	9	GOBP_POSITIVE_REGULATION_OF_PROTEIN_MATURATION
GOBP_POSITIVE_REGULATION_OF_PROTEIN_METABOLIC_PROCESS	823	376	188	188	GOBP_POSITIVE_REGULATION_OF_PROTEIN_METABOLIC_PROCESS
GOBP_POSITIVE_REGULATION_OF_PROTEIN_MODIFICATION_PROCESS	397	183	92	91	GOBP_POSITIVE_REGULATION_OF_PROTEIN_MODIFICATION_PROCESS
GOBP_POSITIVE_REGULATION_OF_PROTEIN_POLYMERIZATION	91	44	22	22	GOBP_POSITIVE_REGULATION_OF_PROTEIN_POLYMERIZATION
GOBP_POSITIVE_REGULATION_OF_PROTEIN_POLYUBIQUITINATION	18	7	4	3	GOBP_POSITIVE_REGULATION_OF_PROTEIN_POLYUBIQUITINATION
GOBP_POSITIVE_REGULATION_OF_PROTEIN_SECRETION	157	88	44	44	GOBP_POSITIVE_REGULATION_OF_PROTEIN_SECRETION
GOBP_POSITIVE_REGULATION_OF_PROTEIN_SERINE_THREONINE_KINASE_ACTIVITY	65	30	15	15	GOBP_POSITIVE_REGULATION_OF_PROTEIN_SERINE_THREONINE_KINASE_ACTIVITY
GOBP_POSITIVE_REGULATION_OF_PROTEIN_SUMOYLATION	13	3	2	1	GOBP_POSITIVE_REGULATION_OF_PROTEIN_SUMOYLATION
GOBP_POSITIVE_REGULATION_OF_PROTEIN_TARGETING_TO_MEMBRANE	27	12	6	6	GOBP_POSITIVE_REGULATION_OF_PROTEIN_TARGETING_TO_MEMBRANE
GOBP_POSITIVE_REGULATION_OF_PROTEIN_TRANSPORT	260	133	67	66	GOBP_POSITIVE_REGULATION_OF_PROTEIN_TRANSPORT
GOBP_POSITIVE_REGULATION_OF_PROTEIN_TYROSINE_KINASE_ACTIVITY	11	5	3	2	GOBP_POSITIVE_REGULATION_OF_PROTEIN_TYROSINE_KINASE_ACTIVITY
GOBP_POSITIVE_REGULATION_OF_PROTEIN_UBIQUITINATION	110	43	22	21	GOBP_POSITIVE_REGULATION_OF_PROTEIN_UBIQUITINATION
GOBP_POSITIVE_REGULATION_OF_PROTEOLYSIS	209	93	47	46	GOBP_POSITIVE_REGULATION_OF_PROTEOLYSIS
GOBP_POSITIVE_REGULATION_OF_PROTEOLYSIS_INVOLVED_IN_PROTEIN_CATABOLIC_PROCESS	139	54	27	27	GOBP_POSITIVE_REGULATION_OF_PROTEOLYSIS_INVOLVED_IN_PROTEIN_CATABOLIC_PROCESS
GOBP_POSITIVE_REGULATION_OF_PSEUDOPODIUM_ASSEMBLY	13	7	4	3	GOBP_POSITIVE_REGULATION_OF_PSEUDOPODIUM_ASSEMBLY
GOBP_POSITIVE_REGULATION_OF_PYROPTOTIC_INFLAMMATORY_RESPONSE	7	4	2	2	GOBP_POSITIVE_REGULATION_OF_PYROPTOTIC_INFLAMMATORY_RESPONSE
GOBP_POSITIVE_REGULATION_OF_RAC_PROTEIN_SIGNAL_TRANSDUCTION	17	10	5	5	GOBP_POSITIVE_REGULATION_OF_RAC_PROTEIN_SIGNAL_TRANSDUCTION
GOBP_POSITIVE_REGULATION_OF_RAS_PROTEIN_SIGNAL_TRANSDUCTION	18	9	5	4	GOBP_POSITIVE_REGULATION_OF_RAS_PROTEIN_SIGNAL_TRANSDUCTION
GOBP_POSITIVE_REGULATION_OF_REACTIVE_OXYGEN_SPECIES_BIOSYNTHETIC_PROCESS	21	8	4	4	GOBP_POSITIVE_REGULATION_OF_REACTIVE_OXYGEN_SPECIES_BIOSYNTHETIC_PROCESS
GOBP_POSITIVE_REGULATION_OF_REACTIVE_OXYGEN_SPECIES_METABOLIC_PROCESS	71	38	19	19	GOBP_POSITIVE_REGULATION_OF_REACTIVE_OXYGEN_SPECIES_METABOLIC_PROCESS
GOBP_POSITIVE_REGULATION_OF_RECEPTOR_CATABOLIC_PROCESS	9	4	2	2	GOBP_POSITIVE_REGULATION_OF_RECEPTOR_CATABOLIC_PROCESS
GOBP_POSITIVE_REGULATION_OF_RECEPTOR_CLUSTERING	12	5	3	2	GOBP_POSITIVE_REGULATION_OF_RECEPTOR_CLUSTERING
GOBP_POSITIVE_REGULATION_OF_RECEPTOR_INTERNALIZATION	30	16	8	8	GOBP_POSITIVE_REGULATION_OF_RECEPTOR_INTERNALIZATION
GOBP_POSITIVE_REGULATION_OF_RECEPTOR_MEDIATED_ENDOCYTOSIS	56	30	15	15	GOBP_POSITIVE_REGULATION_OF_RECEPTOR_MEDIATED_ENDOCYTOSIS
GOBP_POSITIVE_REGULATION_OF_RECEPTOR_RECYCLING	14	6	3	3	GOBP_POSITIVE_REGULATION_OF_RECEPTOR_RECYCLING
GOBP_POSITIVE_REGULATION_OF_RECEPTOR_SIGNALING_PATHWAY_VIA_STAT	49	23	12	11	GOBP_POSITIVE_REGULATION_OF_RECEPTOR_SIGNALING_PATHWAY_VIA_STAT
GOBP_POSITIVE_REGULATION_OF_REGULATED_SECRETORY_PATHWAY	49	28	14	14	GOBP_POSITIVE_REGULATION_OF_REGULATED_SECRETORY_PATHWAY
GOBP_POSITIVE_REGULATION_OF_REGULATORY_T_CELL_DIFFERENTIATION	24	16	8	8	GOBP_POSITIVE_REGULATION_OF_REGULATORY_T_CELL_DIFFERENTIATION
GOBP_POSITIVE_REGULATION_OF_RELEASE_OF_CYTOCHROME_C_FROM_MITOCHONDRIA	21	15	8	7	GOBP_POSITIVE_REGULATION_OF_RELEASE_OF_CYTOCHROME_C_FROM_MITOCHONDRIA
GOBP_POSITIVE_REGULATION_OF_RELEASE_OF_SEQUESTERED_CALCIUM_ION_INTO_CYTOSOL	35	24	12	12	GOBP_POSITIVE_REGULATION_OF_RELEASE_OF_SEQUESTERED_CALCIUM_ION_INTO_CYTOSOL
GOBP_POSITIVE_REGULATION_OF_REPRODUCTIVE_PROCESS	88	54	27	27	GOBP_POSITIVE_REGULATION_OF_REPRODUCTIVE_PROCESS
GOBP_POSITIVE_REGULATION_OF_RESPIRATORY_BURST	9	7	4	3	GOBP_POSITIVE_REGULATION_OF_RESPIRATORY_BURST
GOBP_POSITIVE_REGULATION_OF_RESPONSE_TO_BIOTIC_STIMULUS	442	201	101	100	GOBP_POSITIVE_REGULATION_OF_RESPONSE_TO_BIOTIC_STIMULUS
GOBP_POSITIVE_REGULATION_OF_RESPONSE_TO_CYTOKINE_STIMULUS	72	33	17	16	GOBP_POSITIVE_REGULATION_OF_RESPONSE_TO_CYTOKINE_STIMULUS
GOBP_POSITIVE_REGULATION_OF_RESPONSE_TO_ENDOPLASMIC_RETICULUM_STRESS	41	14	7	7	GOBP_POSITIVE_REGULATION_OF_RESPONSE_TO_ENDOPLASMIC_RETICULUM_STRESS
GOBP_POSITIVE_REGULATION_OF_RESPONSE_TO_EXTERNAL_STIMULUS	686	348	174	174	GOBP_POSITIVE_REGULATION_OF_RESPONSE_TO_EXTERNAL_STIMULUS
GOBP_POSITIVE_REGULATION_OF_RESPONSE_TO_NUTRIENT_LEVELS	5	3	2	1	GOBP_POSITIVE_REGULATION_OF_RESPONSE_TO_NUTRIENT_LEVELS
GOBP_POSITIVE_REGULATION_OF_RESPONSE_TO_TUMOR_CELL	18	9	5	4	GOBP_POSITIVE_REGULATION_OF_RESPONSE_TO_TUMOR_CELL
GOBP_POSITIVE_REGULATION_OF_RESPONSE_TO_WOUNDING	76	41	21	20	GOBP_POSITIVE_REGULATION_OF_RESPONSE_TO_WOUNDING
GOBP_POSITIVE_REGULATION_OF_RHO_PROTEIN_SIGNAL_TRANSDUCTION	29	16	8	8	GOBP_POSITIVE_REGULATION_OF_RHO_PROTEIN_SIGNAL_TRANSDUCTION
GOBP_POSITIVE_REGULATION_OF_RIG_I_SIGNALING_PATHWAY	12	4	2	2	GOBP_POSITIVE_REGULATION_OF_RIG_I_SIGNALING_PATHWAY
GOBP_POSITIVE_REGULATION_OF_RNA_METABOLIC_PROCESS	1912	818	409	409	GOBP_POSITIVE_REGULATION_OF_RNA_METABOLIC_PROCESS
GOBP_POSITIVE_REGULATION_OF_RNA_POLYMERASE_II_TRANSCRIPTION_PREINITIATION_COMPLEX_ASSEMBLY	5	3	2	1	GOBP_POSITIVE_REGULATION_OF_RNA_POLYMERASE_II_TRANSCRIPTION_PREINITIATION_COMPLEX_ASSEMBLY
GOBP_POSITIVE_REGULATION_OF_RNA_SPLICING	48	13	7	6	GOBP_POSITIVE_REGULATION_OF_RNA_SPLICING
GOBP_POSITIVE_REGULATION_OF_RRNA_PROCESSING	10	5	3	2	GOBP_POSITIVE_REGULATION_OF_RRNA_PROCESSING
GOBP_POSITIVE_REGULATION_OF_RUFFLE_ASSEMBLY	15	9	5	4	GOBP_POSITIVE_REGULATION_OF_RUFFLE_ASSEMBLY
GOBP_POSITIVE_REGULATION_OF_SECONDARY_METABOLITE_BIOSYNTHETIC_PROCESS	10	7	4	3	GOBP_POSITIVE_REGULATION_OF_SECONDARY_METABOLITE_BIOSYNTHETIC_PROCESS
GOBP_POSITIVE_REGULATION_OF_SECRETION	328	190	95	95	GOBP_POSITIVE_REGULATION_OF_SECRETION
GOBP_POSITIVE_REGULATION_OF_SEQUESTERING_OF_CALCIUM_ION	8	5	3	2	GOBP_POSITIVE_REGULATION_OF_SEQUESTERING_OF_CALCIUM_ION
GOBP_POSITIVE_REGULATION_OF_SIGNALING	1871	937	469	468	GOBP_POSITIVE_REGULATION_OF_SIGNALING
GOBP_POSITIVE_REGULATION_OF_SIGNALING_RECEPTOR_ACTIVITY	7	3	2	1	GOBP_POSITIVE_REGULATION_OF_SIGNALING_RECEPTOR_ACTIVITY
GOBP_POSITIVE_REGULATION_OF_SIGNAL_TRANSDUCTION_BY_P53_CLASS_MEDIATOR	36	14	7	7	GOBP_POSITIVE_REGULATION_OF_SIGNAL_TRANSDUCTION_BY_P53_CLASS_MEDIATOR
GOBP_POSITIVE_REGULATION_OF_SISTER_CHROMATID_COHESION	10	5	3	2	GOBP_POSITIVE_REGULATION_OF_SISTER_CHROMATID_COHESION
GOBP_POSITIVE_REGULATION_OF_SKELETAL_MUSCLE_CELL_DIFFERENTIATION	9	4	2	2	GOBP_POSITIVE_REGULATION_OF_SKELETAL_MUSCLE_CELL_DIFFERENTIATION
GOBP_POSITIVE_REGULATION_OF_SKELETAL_MUSCLE_FIBER_DEVELOPMENT	8	4	2	2	GOBP_POSITIVE_REGULATION_OF_SKELETAL_MUSCLE_FIBER_DEVELOPMENT
GOBP_POSITIVE_REGULATION_OF_SKELETAL_MUSCLE_TISSUE_GROWTH	5	3	2	1	GOBP_POSITIVE_REGULATION_OF_SKELETAL_MUSCLE_TISSUE_GROWTH
GOBP_POSITIVE_REGULATION_OF_SKELETAL_MUSCLE_TISSUE_REGENERATION	5	3	2	1	GOBP_POSITIVE_REGULATION_OF_SKELETAL_MUSCLE_TISSUE_REGENERATION
GOBP_POSITIVE_REGULATION_OF_SMAD_PROTEIN_SIGNAL_TRANSDUCTION	42	28	14	14	GOBP_POSITIVE_REGULATION_OF_SMAD_PROTEIN_SIGNAL_TRANSDUCTION
GOBP_POSITIVE_REGULATION_OF_SMALL_GTPASE_MEDIATED_SIGNAL_TRANSDUCTION	73	40	20	20	GOBP_POSITIVE_REGULATION_OF_SMALL_GTPASE_MEDIATED_SIGNAL_TRANSDUCTION
GOBP_POSITIVE_REGULATION_OF_SMALL_MOLECULE_METABOLIC_PROCESS	159	81	41	40	GOBP_POSITIVE_REGULATION_OF_SMALL_MOLECULE_METABOLIC_PROCESS
GOBP_POSITIVE_REGULATION_OF_SMOOTHENED_SIGNALING_PATHWAY	39	17	9	8	GOBP_POSITIVE_REGULATION_OF_SMOOTHENED_SIGNALING_PATHWAY
GOBP_POSITIVE_REGULATION_OF_SMOOTH_MUSCLE_CELL_APOPTOTIC_PROCESS	19	5	3	2	GOBP_POSITIVE_REGULATION_OF_SMOOTH_MUSCLE_CELL_APOPTOTIC_PROCESS
GOBP_POSITIVE_REGULATION_OF_SMOOTH_MUSCLE_CELL_DIFFERENTIATION	25	10	5	5	GOBP_POSITIVE_REGULATION_OF_SMOOTH_MUSCLE_CELL_DIFFERENTIATION
GOBP_POSITIVE_REGULATION_OF_SMOOTH_MUSCLE_CELL_MIGRATION	47	27	14	13	GOBP_POSITIVE_REGULATION_OF_SMOOTH_MUSCLE_CELL_MIGRATION
GOBP_POSITIVE_REGULATION_OF_SMOOTH_MUSCLE_CELL_PROLIFERATION	98	55	28	27	GOBP_POSITIVE_REGULATION_OF_SMOOTH_MUSCLE_CELL_PROLIFERATION
GOBP_POSITIVE_REGULATION_OF_SMOOTH_MUSCLE_CONTRACTION	30	21	11	10	GOBP_POSITIVE_REGULATION_OF_SMOOTH_MUSCLE_CONTRACTION
GOBP_POSITIVE_REGULATION_OF_SODIUM_ION_TRANSMEMBRANE_TRANSPORT	20	9	5	4	GOBP_POSITIVE_REGULATION_OF_SODIUM_ION_TRANSMEMBRANE_TRANSPORT
GOBP_POSITIVE_REGULATION_OF_SODIUM_ION_TRANSPORT	35	18	9	9	GOBP_POSITIVE_REGULATION_OF_SODIUM_ION_TRANSPORT
GOBP_POSITIVE_REGULATION_OF_SPHINGOLIPID_BIOSYNTHETIC_PROCESS	7	3	2	1	GOBP_POSITIVE_REGULATION_OF_SPHINGOLIPID_BIOSYNTHETIC_PROCESS
GOBP_POSITIVE_REGULATION_OF_SPINDLE_ASSEMBLY	8	6	3	3	GOBP_POSITIVE_REGULATION_OF_SPINDLE_ASSEMBLY
GOBP_POSITIVE_REGULATION_OF_SPINDLE_CHECKPOINT	12	9	5	4	GOBP_POSITIVE_REGULATION_OF_SPINDLE_CHECKPOINT
GOBP_POSITIVE_REGULATION_OF_SPROUTING_ANGIOGENESIS	31	18	9	9	GOBP_POSITIVE_REGULATION_OF_SPROUTING_ANGIOGENESIS
GOBP_POSITIVE_REGULATION_OF_STEM_CELL_DIFFERENTIATION	23	16	8	8	GOBP_POSITIVE_REGULATION_OF_STEM_CELL_DIFFERENTIATION
GOBP_POSITIVE_REGULATION_OF_STEM_CELL_POPULATION_MAINTENANCE	50	21	11	10	GOBP_POSITIVE_REGULATION_OF_STEM_CELL_POPULATION_MAINTENANCE
GOBP_POSITIVE_REGULATION_OF_STEM_CELL_PROLIFERATION	55	33	17	16	GOBP_POSITIVE_REGULATION_OF_STEM_CELL_PROLIFERATION
GOBP_POSITIVE_REGULATION_OF_STEROID_BIOSYNTHETIC_PROCESS	30	18	9	9	GOBP_POSITIVE_REGULATION_OF_STEROID_BIOSYNTHETIC_PROCESS
GOBP_POSITIVE_REGULATION_OF_STEROID_HORMONE_BIOSYNTHETIC_PROCESS	5	3	2	1	GOBP_POSITIVE_REGULATION_OF_STEROID_HORMONE_BIOSYNTHETIC_PROCESS
GOBP_POSITIVE_REGULATION_OF_STEROID_HORMONE_SECRETION	13	11	6	5	GOBP_POSITIVE_REGULATION_OF_STEROID_HORMONE_SECRETION
GOBP_POSITIVE_REGULATION_OF_STEROID_METABOLIC_PROCESS	37	22	11	11	GOBP_POSITIVE_REGULATION_OF_STEROID_METABOLIC_PROCESS
GOBP_POSITIVE_REGULATION_OF_STEROL_TRANSPORT	37	19	10	9	GOBP_POSITIVE_REGULATION_OF_STEROL_TRANSPORT
GOBP_POSITIVE_REGULATION_OF_STRESS_ACTIVATED_PROTEIN_KINASE_SIGNALING_CASCADE	21	7	4	3	GOBP_POSITIVE_REGULATION_OF_STRESS_ACTIVATED_PROTEIN_KINASE_SIGNALING_CASCADE
GOBP_POSITIVE_REGULATION_OF_STRESS_FIBER_ASSEMBLY	52	27	14	13	GOBP_POSITIVE_REGULATION_OF_STRESS_FIBER_ASSEMBLY
GOBP_POSITIVE_REGULATION_OF_STRIATED_MUSCLE_CELL_APOPTOTIC_PROCESS	17	4	2	2	GOBP_POSITIVE_REGULATION_OF_STRIATED_MUSCLE_CELL_APOPTOTIC_PROCESS
GOBP_POSITIVE_REGULATION_OF_STRIATED_MUSCLE_CELL_DIFFERENTIATION	51	22	11	11	GOBP_POSITIVE_REGULATION_OF_STRIATED_MUSCLE_CELL_DIFFERENTIATION
GOBP_POSITIVE_REGULATION_OF_STRIATED_MUSCLE_CONTRACTION	14	11	6	5	GOBP_POSITIVE_REGULATION_OF_STRIATED_MUSCLE_CONTRACTION
GOBP_POSITIVE_REGULATION_OF_SUBSTRATE_ADHESION_DEPENDENT_CELL_SPREADING	43	21	11	10	GOBP_POSITIVE_REGULATION_OF_SUBSTRATE_ADHESION_DEPENDENT_CELL_SPREADING
GOBP_POSITIVE_REGULATION_OF_SUPRAMOLECULAR_FIBER_ORGANIZATION	178	90	45	45	GOBP_POSITIVE_REGULATION_OF_SUPRAMOLECULAR_FIBER_ORGANIZATION
GOBP_POSITIVE_REGULATION_OF_SYNAPSE_ASSEMBLY	68	40	20	20	GOBP_POSITIVE_REGULATION_OF_SYNAPSE_ASSEMBLY
GOBP_POSITIVE_REGULATION_OF_SYNAPSE_MATURATION	8	5	3	2	GOBP_POSITIVE_REGULATION_OF_SYNAPSE_MATURATION
GOBP_POSITIVE_REGULATION_OF_SYNAPTIC_PLASTICITY	10	6	3	3	GOBP_POSITIVE_REGULATION_OF_SYNAPTIC_PLASTICITY
GOBP_POSITIVE_REGULATION_OF_SYNAPTIC_TRANSMISSION	179	93	47	46	GOBP_POSITIVE_REGULATION_OF_SYNAPTIC_TRANSMISSION
GOBP_POSITIVE_REGULATION_OF_SYNAPTIC_TRANSMISSION_CHOLINERGIC	7	5	3	2	GOBP_POSITIVE_REGULATION_OF_SYNAPTIC_TRANSMISSION_CHOLINERGIC
GOBP_POSITIVE_REGULATION_OF_SYNAPTIC_TRANSMISSION_GABAERGIC	16	14	7	7	GOBP_POSITIVE_REGULATION_OF_SYNAPTIC_TRANSMISSION_GABAERGIC
GOBP_POSITIVE_REGULATION_OF_SYNAPTIC_TRANSMISSION_GLUTAMATERGIC	32	20	10	10	GOBP_POSITIVE_REGULATION_OF_SYNAPTIC_TRANSMISSION_GLUTAMATERGIC
GOBP_POSITIVE_REGULATION_OF_SYNAPTIC_VESICLE_EXOCYTOSIS	5	5	3	2	GOBP_POSITIVE_REGULATION_OF_SYNAPTIC_VESICLE_EXOCYTOSIS
GOBP_POSITIVE_REGULATION_OF_SYNAPTIC_VESICLE_FUSION_TO_PRESYNAPTIC_ACTIVE_ZONE_MEMBRANE	15	13	7	6	GOBP_POSITIVE_REGULATION_OF_SYNAPTIC_VESICLE_FUSION_TO_PRESYNAPTIC_ACTIVE_ZONE_MEMBRANE
GOBP_POSITIVE_REGULATION_OF_SYNCYTIUM_FORMATION_BY_PLASMA_MEMBRANE_FUSION	24	17	9	8	GOBP_POSITIVE_REGULATION_OF_SYNCYTIUM_FORMATION_BY_PLASMA_MEMBRANE_FUSION
GOBP_POSITIVE_REGULATION_OF_SYSTEMIC_ARTERIAL_BLOOD_PRESSURE	17	11	6	5	GOBP_POSITIVE_REGULATION_OF_SYSTEMIC_ARTERIAL_BLOOD_PRESSURE
GOBP_POSITIVE_REGULATION_OF_TELOMERASE_RNA_LOCALIZATION_TO_CAJAL_BODY	9	6	3	3	GOBP_POSITIVE_REGULATION_OF_TELOMERASE_RNA_LOCALIZATION_TO_CAJAL_BODY
GOBP_POSITIVE_REGULATION_OF_TELOMERE_CAPPING	5	3	2	1	GOBP_POSITIVE_REGULATION_OF_TELOMERE_CAPPING
GOBP_POSITIVE_REGULATION_OF_TELOMERE_MAINTENANCE	74	31	16	15	GOBP_POSITIVE_REGULATION_OF_TELOMERE_MAINTENANCE
GOBP_POSITIVE_REGULATION_OF_TELOMERE_MAINTENANCE_VIA_TELOMERE_LENGTHENING	26	13	7	6	GOBP_POSITIVE_REGULATION_OF_TELOMERE_MAINTENANCE_VIA_TELOMERE_LENGTHENING
GOBP_POSITIVE_REGULATION_OF_THE_FORCE_OF_HEART_CONTRACTION	5	4	2	2	GOBP_POSITIVE_REGULATION_OF_THE_FORCE_OF_HEART_CONTRACTION
GOBP_POSITIVE_REGULATION_OF_THYMOCYTE_APOPTOTIC_PROCESS	5	4	2	2	GOBP_POSITIVE_REGULATION_OF_THYMOCYTE_APOPTOTIC_PROCESS
GOBP_POSITIVE_REGULATION_OF_TISSUE_REMODELING	23	6	3	3	GOBP_POSITIVE_REGULATION_OF_TISSUE_REMODELING
GOBP_POSITIVE_REGULATION_OF_TOLERANCE_INDUCTION	12	8	4	4	GOBP_POSITIVE_REGULATION_OF_TOLERANCE_INDUCTION
GOBP_POSITIVE_REGULATION_OF_TOLL_LIKE_RECEPTOR_3_SIGNALING_PATHWAY	8	4	2	2	GOBP_POSITIVE_REGULATION_OF_TOLL_LIKE_RECEPTOR_3_SIGNALING_PATHWAY
GOBP_POSITIVE_REGULATION_OF_TOLL_LIKE_RECEPTOR_4_SIGNALING_PATHWAY	14	8	4	4	GOBP_POSITIVE_REGULATION_OF_TOLL_LIKE_RECEPTOR_4_SIGNALING_PATHWAY
GOBP_POSITIVE_REGULATION_OF_TOLL_LIKE_RECEPTOR_9_SIGNALING_PATHWAY	6	4	2	2	GOBP_POSITIVE_REGULATION_OF_TOLL_LIKE_RECEPTOR_9_SIGNALING_PATHWAY
GOBP_POSITIVE_REGULATION_OF_TOOTH_MINERALIZATION	8	5	3	2	GOBP_POSITIVE_REGULATION_OF_TOOTH_MINERALIZATION
GOBP_POSITIVE_REGULATION_OF_TORC1_SIGNALING	55	11	6	5	GOBP_POSITIVE_REGULATION_OF_TORC1_SIGNALING
GOBP_POSITIVE_REGULATION_OF_TOR_SIGNALING	78	23	12	11	GOBP_POSITIVE_REGULATION_OF_TOR_SIGNALING
GOBP_POSITIVE_REGULATION_OF_TRANSCRIPTION_BY_RNA_POLYMERASE_I	36	16	8	8	GOBP_POSITIVE_REGULATION_OF_TRANSCRIPTION_BY_RNA_POLYMERASE_I
GOBP_POSITIVE_REGULATION_OF_TRANSCRIPTION_BY_RNA_POLYMERASE_II	1248	592	296	296	GOBP_POSITIVE_REGULATION_OF_TRANSCRIPTION_BY_RNA_POLYMERASE_II
GOBP_POSITIVE_REGULATION_OF_TRANSCRIPTION_BY_RNA_POLYMERASE_III	18	4	2	2	GOBP_POSITIVE_REGULATION_OF_TRANSCRIPTION_BY_RNA_POLYMERASE_III
GOBP_POSITIVE_REGULATION_OF_TRANSCRIPTION_OF_NUCLEOLAR_LARGE_RRNA_BY_RNA_POLYMERASE_I	10	4	2	2	GOBP_POSITIVE_REGULATION_OF_TRANSCRIPTION_OF_NUCLEOLAR_LARGE_RRNA_BY_RNA_POLYMERASE_I
GOBP_POSITIVE_REGULATION_OF_TRANSCRIPTION_REGULATORY_REGION_DNA_BINDING	15	8	4	4	GOBP_POSITIVE_REGULATION_OF_TRANSCRIPTION_REGULATORY_REGION_DNA_BINDING
GOBP_POSITIVE_REGULATION_OF_TRANSFERASE_ACTIVITY	176	84	42	42	GOBP_POSITIVE_REGULATION_OF_TRANSFERASE_ACTIVITY
GOBP_POSITIVE_REGULATION_OF_TRANSFORMING_GROWTH_FACTOR_BETA1_PRODUCTION	6	5	3	2	GOBP_POSITIVE_REGULATION_OF_TRANSFORMING_GROWTH_FACTOR_BETA1_PRODUCTION
GOBP_POSITIVE_REGULATION_OF_TRANSFORMING_GROWTH_FACTOR_BETA_PRODUCTION	20	12	6	6	GOBP_POSITIVE_REGULATION_OF_TRANSFORMING_GROWTH_FACTOR_BETA_PRODUCTION
GOBP_POSITIVE_REGULATION_OF_TRANSLATION	137	59	30	29	GOBP_POSITIVE_REGULATION_OF_TRANSLATION
GOBP_POSITIVE_REGULATION_OF_TRANSLATIONAL_INITIATION	30	14	7	7	GOBP_POSITIVE_REGULATION_OF_TRANSLATIONAL_INITIATION
GOBP_POSITIVE_REGULATION_OF_TRANSMEMBRANE_RECEPTOR_PROTEIN_SERINE_THREONINE_KINASE_SIGNALING_PATHWAY	111	61	31	30	GOBP_POSITIVE_REGULATION_OF_TRANSMEMBRANE_RECEPTOR_PROTEIN_SERINE_THREONINE_KINASE_SIGNALING_PATHWAY
GOBP_POSITIVE_REGULATION_OF_TRANSMEMBRANE_TRANSPORT	192	101	51	50	GOBP_POSITIVE_REGULATION_OF_TRANSMEMBRANE_TRANSPORT
GOBP_POSITIVE_REGULATION_OF_TRANSMISSION_OF_NERVE_IMPULSE	7	6	3	3	GOBP_POSITIVE_REGULATION_OF_TRANSMISSION_OF_NERVE_IMPULSE
GOBP_POSITIVE_REGULATION_OF_TRANSPORT	854	470	235	235	GOBP_POSITIVE_REGULATION_OF_TRANSPORT
GOBP_POSITIVE_REGULATION_OF_TRANSPORTER_ACTIVITY	43	23	12	11	GOBP_POSITIVE_REGULATION_OF_TRANSPORTER_ACTIVITY
GOBP_POSITIVE_REGULATION_OF_TRIGLYCERIDE_BIOSYNTHETIC_PROCESS	14	6	3	3	GOBP_POSITIVE_REGULATION_OF_TRIGLYCERIDE_BIOSYNTHETIC_PROCESS
GOBP_POSITIVE_REGULATION_OF_TRIGLYCERIDE_CATABOLIC_PROCESS	8	5	3	2	GOBP_POSITIVE_REGULATION_OF_TRIGLYCERIDE_CATABOLIC_PROCESS
GOBP_POSITIVE_REGULATION_OF_TRIGLYCERIDE_METABOLIC_PROCESS	23	12	6	6	GOBP_POSITIVE_REGULATION_OF_TRIGLYCERIDE_METABOLIC_PROCESS
GOBP_POSITIVE_REGULATION_OF_TROPHOBLAST_CELL_MIGRATION	7	3	2	1	GOBP_POSITIVE_REGULATION_OF_TROPHOBLAST_CELL_MIGRATION
GOBP_POSITIVE_REGULATION_OF_TUMOR_NECROSIS_FACTOR_MEDIATED_SIGNALING_PATHWAY	17	6	3	3	GOBP_POSITIVE_REGULATION_OF_TUMOR_NECROSIS_FACTOR_MEDIATED_SIGNALING_PATHWAY
GOBP_POSITIVE_REGULATION_OF_TUMOR_NECROSIS_FACTOR_SUPERFAMILY_CYTOKINE_PRODUCTION	116	63	32	31	GOBP_POSITIVE_REGULATION_OF_TUMOR_NECROSIS_FACTOR_SUPERFAMILY_CYTOKINE_PRODUCTION
GOBP_POSITIVE_REGULATION_OF_TYPE_2_IMMUNE_RESPONSE	18	11	6	5	GOBP_POSITIVE_REGULATION_OF_TYPE_2_IMMUNE_RESPONSE
GOBP_POSITIVE_REGULATION_OF_TYPE_2_MITOPHAGY	11	4	2	2	GOBP_POSITIVE_REGULATION_OF_AUTOPHAGY_OF_MITOCHONDRION
GOBP_POSITIVE_REGULATION_OF_TYPE_B_PANCREATIC_CELL_APOPTOTIC_PROCESS	5	3	2	1	GOBP_POSITIVE_REGULATION_OF_TYPE_B_PANCREATIC_CELL_APOPTOTIC_PROCESS
GOBP_POSITIVE_REGULATION_OF_TYPE_II_INTERFERON_PRODUCTION	78	43	22	21	GOBP_POSITIVE_REGULATION_OF_TYPE_II_INTERFERON_PRODUCTION
GOBP_POSITIVE_REGULATION_OF_TYPE_I_INTERFERON_MEDIATED_SIGNALING_PATHWAY	20	11	6	5	GOBP_POSITIVE_REGULATION_OF_TYPE_I_INTERFERON_MEDIATED_SIGNALING_PATHWAY
GOBP_POSITIVE_REGULATION_OF_TYPE_I_INTERFERON_PRODUCTION	77	30	15	15	GOBP_POSITIVE_REGULATION_OF_TYPE_I_INTERFERON_PRODUCTION
GOBP_POSITIVE_REGULATION_OF_T_CELL_APOPTOTIC_PROCESS	16	9	5	4	GOBP_POSITIVE_REGULATION_OF_T_CELL_APOPTOTIC_PROCESS
GOBP_POSITIVE_REGULATION_OF_T_CELL_CYTOKINE_PRODUCTION	28	20	10	10	GOBP_POSITIVE_REGULATION_OF_T_CELL_CYTOKINE_PRODUCTION
GOBP_POSITIVE_REGULATION_OF_T_CELL_DIFFERENTIATION_IN_THYMUS	11	9	5	4	GOBP_POSITIVE_REGULATION_OF_T_CELL_DIFFERENTIATION_IN_THYMUS
GOBP_POSITIVE_REGULATION_OF_T_CELL_MEDIATED_CYTOTOXICITY	38	27	14	13	GOBP_POSITIVE_REGULATION_OF_T_CELL_MEDIATED_CYTOTOXICITY
GOBP_POSITIVE_REGULATION_OF_T_CELL_MEDIATED_IMMUNE_RESPONSE_TO_TUMOR_CELL	9	4	2	2	GOBP_POSITIVE_REGULATION_OF_T_CELL_MEDIATED_IMMUNE_RESPONSE_TO_TUMOR_CELL
GOBP_POSITIVE_REGULATION_OF_T_CELL_MEDIATED_IMMUNITY	72	48	24	24	GOBP_POSITIVE_REGULATION_OF_T_CELL_MEDIATED_IMMUNITY
GOBP_POSITIVE_REGULATION_OF_T_CELL_MIGRATION	37	25	13	12	GOBP_POSITIVE_REGULATION_OF_T_CELL_MIGRATION
GOBP_POSITIVE_REGULATION_OF_T_CELL_PROLIFERATION	108	69	35	34	GOBP_POSITIVE_REGULATION_OF_T_CELL_PROLIFERATION
GOBP_POSITIVE_REGULATION_OF_T_CELL_RECEPTOR_SIGNALING_PATHWAY	19	12	6	6	GOBP_POSITIVE_REGULATION_OF_T_CELL_RECEPTOR_SIGNALING_PATHWAY
GOBP_POSITIVE_REGULATION_OF_T_CELL_TOLERANCE_INDUCTION	10	6	3	3	GOBP_POSITIVE_REGULATION_OF_T_CELL_TOLERANCE_INDUCTION
GOBP_POSITIVE_REGULATION_OF_T_HELPER_17_CELL_DIFFERENTIATION	12	5	3	2	GOBP_POSITIVE_REGULATION_OF_T_HELPER_17_CELL_DIFFERENTIATION
GOBP_POSITIVE_REGULATION_OF_T_HELPER_17_CELL_LINEAGE_COMMITMENT	8	4	2	2	GOBP_POSITIVE_REGULATION_OF_T_HELPER_17_CELL_LINEAGE_COMMITMENT
GOBP_POSITIVE_REGULATION_OF_T_HELPER_17_TYPE_IMMUNE_RESPONSE	20	11	6	5	GOBP_POSITIVE_REGULATION_OF_T_HELPER_17_TYPE_IMMUNE_RESPONSE
GOBP_POSITIVE_REGULATION_OF_T_HELPER_1_CELL_DIFFERENTIATION	6	3	2	1	GOBP_POSITIVE_REGULATION_OF_T_HELPER_1_CELL_DIFFERENTIATION
GOBP_POSITIVE_REGULATION_OF_T_HELPER_1_TYPE_IMMUNE_RESPONSE	18	13	7	6	GOBP_POSITIVE_REGULATION_OF_T_HELPER_1_TYPE_IMMUNE_RESPONSE
GOBP_POSITIVE_REGULATION_OF_T_HELPER_2_CELL_CYTOKINE_PRODUCTION	9	6	3	3	GOBP_POSITIVE_REGULATION_OF_T_HELPER_2_CELL_CYTOKINE_PRODUCTION
GOBP_POSITIVE_REGULATION_OF_T_HELPER_2_CELL_DIFFERENTIATION	7	3	2	1	GOBP_POSITIVE_REGULATION_OF_T_HELPER_2_CELL_DIFFERENTIATION
GOBP_POSITIVE_REGULATION_OF_T_HELPER_CELL_DIFFERENTIATION	27	11	6	5	GOBP_POSITIVE_REGULATION_OF_T_HELPER_CELL_DIFFERENTIATION
GOBP_POSITIVE_REGULATION_OF_UBIQUITIN_DEPENDENT_PROTEIN_CATABOLIC_PROCESS	108	42	21	21	GOBP_POSITIVE_REGULATION_OF_UBIQUITIN_DEPENDENT_PROTEIN_CATABOLIC_PROCESS
GOBP_POSITIVE_REGULATION_OF_UBIQUITIN_PROTEIN_LIGASE_ACTIVITY	8	3	2	1	GOBP_POSITIVE_REGULATION_OF_UBIQUITIN_PROTEIN_LIGASE_ACTIVITY
GOBP_POSITIVE_REGULATION_OF_UBIQUITIN_PROTEIN_TRANSFERASE_ACTIVITY	15	3	2	1	GOBP_POSITIVE_REGULATION_OF_UBIQUITIN_PROTEIN_LIGASE_ACTIVITY
GOBP_POSITIVE_REGULATION_OF_UNSATURATED_FATTY_ACID_BIOSYNTHETIC_PROCESS	9	6	3	3	GOBP_POSITIVE_REGULATION_OF_PROSTAGLANDIN_BIOSYNTHETIC_PROCESS
GOBP_POSITIVE_REGULATION_OF_URINE_VOLUME	12	7	4	3	GOBP_POSITIVE_REGULATION_OF_URINE_VOLUME
GOBP_POSITIVE_REGULATION_OF_UTERINE_SMOOTH_MUSCLE_CONTRACTION	7	5	3	2	GOBP_POSITIVE_REGULATION_OF_UTERINE_SMOOTH_MUSCLE_CONTRACTION
GOBP_POSITIVE_REGULATION_OF_VACUOLE_ORGANIZATION	25	7	4	3	GOBP_POSITIVE_REGULATION_OF_VACUOLE_ORGANIZATION
GOBP_POSITIVE_REGULATION_OF_VASCULAR_ASSOCIATED_SMOOTH_MUSCLE_CELL_DIFFERENTIATION	13	4	2	2	GOBP_POSITIVE_REGULATION_OF_VASCULAR_ASSOCIATED_SMOOTH_MUSCLE_CELL_DIFFERENTIATION
GOBP_POSITIVE_REGULATION_OF_VASCULAR_ASSOCIATED_SMOOTH_MUSCLE_CELL_MIGRATION	27	10	5	5	GOBP_POSITIVE_REGULATION_OF_VASCULAR_ASSOCIATED_SMOOTH_MUSCLE_CELL_MIGRATION
GOBP_POSITIVE_REGULATION_OF_VASCULAR_ASSOCIATED_SMOOTH_MUSCLE_CELL_PROLIFERATION	53	22	11	11	GOBP_POSITIVE_REGULATION_OF_VASCULAR_ASSOCIATED_SMOOTH_MUSCLE_CELL_PROLIFERATION
GOBP_POSITIVE_REGULATION_OF_VASCULAR_ENDOTHELIAL_CELL_PROLIFERATION	27	12	6	6	GOBP_POSITIVE_REGULATION_OF_VASCULAR_ENDOTHELIAL_CELL_PROLIFERATION
GOBP_POSITIVE_REGULATION_OF_VASCULAR_ENDOTHELIAL_GROWTH_FACTOR_PRODUCTION	32	19	10	9	GOBP_POSITIVE_REGULATION_OF_VASCULAR_ENDOTHELIAL_GROWTH_FACTOR_PRODUCTION
GOBP_POSITIVE_REGULATION_OF_VASCULAR_ENDOTHELIAL_GROWTH_FACTOR_RECEPTOR_SIGNALING_PATHWAY	19	8	4	4	GOBP_POSITIVE_REGULATION_OF_VASCULAR_ENDOTHELIAL_GROWTH_FACTOR_RECEPTOR_SIGNALING_PATHWAY
GOBP_POSITIVE_REGULATION_OF_VASCULAR_ENDOTHELIAL_GROWTH_FACTOR_SIGNALING_PATHWAY	15	13	7	6	GOBP_POSITIVE_REGULATION_OF_VASCULAR_ENDOTHELIAL_GROWTH_FACTOR_SIGNALING_PATHWAY
GOBP_POSITIVE_REGULATION_OF_VASCULAR_PERMEABILITY	18	12	6	6	GOBP_POSITIVE_REGULATION_OF_VASCULAR_PERMEABILITY
GOBP_POSITIVE_REGULATION_OF_VASCULAR_WOUND_HEALING	6	3	2	1	GOBP_POSITIVE_REGULATION_OF_VASCULAR_WOUND_HEALING
GOBP_POSITIVE_REGULATION_OF_VASCULATURE_DEVELOPMENT	193	114	57	57	GOBP_POSITIVE_REGULATION_OF_VASCULATURE_DEVELOPMENT
GOBP_POSITIVE_REGULATION_OF_VASCULOGENESIS	12	6	3	3	GOBP_POSITIVE_REGULATION_OF_VASCULOGENESIS
GOBP_POSITIVE_REGULATION_OF_VASOCONSTRICTION	29	21	11	10	GOBP_POSITIVE_REGULATION_OF_VASOCONSTRICTION
GOBP_POSITIVE_REGULATION_OF_VESICLE_FUSION	22	17	9	8	GOBP_POSITIVE_REGULATION_OF_VESICLE_FUSION
GOBP_POSITIVE_REGULATION_OF_VIRAL_GENOME_REPLICATION	31	12	6	6	GOBP_POSITIVE_REGULATION_OF_VIRAL_GENOME_REPLICATION
GOBP_POSITIVE_REGULATION_OF_VIRAL_LIFE_CYCLE	25	14	7	7	GOBP_POSITIVE_REGULATION_OF_VIRAL_LIFE_CYCLE
GOBP_POSITIVE_REGULATION_OF_VIRAL_PROCESS	64	30	15	15	GOBP_POSITIVE_REGULATION_OF_VIRAL_PROCESS
GOBP_POSITIVE_REGULATION_OF_VOLTAGE_GATED_CALCIUM_CHANNEL_ACTIVITY	5	3	2	1	GOBP_POSITIVE_REGULATION_OF_VOLTAGE_GATED_CALCIUM_CHANNEL_ACTIVITY
GOBP_POSITIVE_REGULATION_OF_WNT_SIGNALING_PATHWAY	155	70	35	35	GOBP_POSITIVE_REGULATION_OF_WNT_SIGNALING_PATHWAY
GOBP_POSITIVE_REGULATION_OF_WNT_SIGNALING_PATHWAY_PLANAR_CELL_POLARITY_PATHWAY	9	5	3	2	GOBP_POSITIVE_REGULATION_OF_WNT_SIGNALING_PATHWAY_PLANAR_CELL_POLARITY_PATHWAY
GOBP_POSITIVE_REGULATION_OF_WOUND_HEALING_SPREADING_OF_EPIDERMAL_CELLS	6	3	2	1	GOBP_POSITIVE_REGULATION_OF_WOUND_HEALING_SPREADING_OF_EPIDERMAL_CELLS
GOBP_POSITIVE_THYMIC_T_CELL_SELECTION	15	9	5	4	GOBP_POSITIVE_THYMIC_T_CELL_SELECTION
GOBP_POSITIVE_T_CELL_SELECTION	51	27	14	13	GOBP_POSITIVE_T_CELL_SELECTION
GOBP_POSTREPLICATION_REPAIR	38	17	9	8	GOBP_POSTREPLICATION_REPAIR
GOBP_POSTSYNAPSE_ASSEMBLY	86	48	24	24	GOBP_POSTSYNAPSE_ASSEMBLY
GOBP_POSTSYNAPSE_ORGANIZATION	243	113	57	56	GOBP_POSTSYNAPSE_ORGANIZATION
GOBP_POSTSYNAPSE_TO_NUCLEUS_SIGNALING_PATHWAY	7	4	2	2	GOBP_POSTSYNAPSE_TO_NUCLEUS_SIGNALING_PATHWAY
GOBP_POSTSYNAPTIC_ACTIN_CYTOSKELETON_ORGANIZATION	20	7	4	3	GOBP_POSTSYNAPTIC_ACTIN_CYTOSKELETON_ORGANIZATION
GOBP_POSTSYNAPTIC_CYTOSKELETON_ORGANIZATION	25	11	6	5	GOBP_POSTSYNAPTIC_CYTOSKELETON_ORGANIZATION
GOBP_POSTSYNAPTIC_DENSITY_ASSEMBLY	29	18	9	9	GOBP_POSTSYNAPTIC_DENSITY_ASSEMBLY
GOBP_POSTSYNAPTIC_DENSITY_ORGANIZATION	47	24	12	12	GOBP_POSTSYNAPTIC_DENSITY_ORGANIZATION
GOBP_POSTSYNAPTIC_DENSITY_PROTEIN_95_CLUSTERING	10	6	3	3	GOBP_POSTSYNAPTIC_DENSITY_PROTEIN_95_CLUSTERING
GOBP_POSTSYNAPTIC_MEMBRANE_ASSEMBLY	8	8	4	4	GOBP_POSTSYNAPTIC_MEMBRANE_ASSEMBLY
GOBP_POSTSYNAPTIC_MEMBRANE_ORGANIZATION	43	23	12	11	GOBP_POSTSYNAPTIC_MEMBRANE_ORGANIZATION
GOBP_POSTSYNAPTIC_MODULATION_OF_CHEMICAL_SYNAPTIC_TRANSMISSION	32	22	11	11	GOBP_POSTSYNAPTIC_MODULATION_OF_CHEMICAL_SYNAPTIC_TRANSMISSION
GOBP_POSTSYNAPTIC_SIGNAL_TRANSDUCTION	54	34	17	17	GOBP_POSTSYNAPTIC_SIGNAL_TRANSDUCTION
GOBP_POSTSYNAPTIC_SPECIALIZATION_ASSEMBLY	36	22	11	11	GOBP_POSTSYNAPTIC_SPECIALIZATION_ASSEMBLY
GOBP_POSTSYNAPTIC_SPECIALIZATION_ORGANIZATION	56	29	15	14	GOBP_POSTSYNAPTIC_SPECIALIZATION_ORGANIZATION
GOBP_POST_ANAL_TAIL_MORPHOGENESIS	21	14	7	7	GOBP_POST_ANAL_TAIL_MORPHOGENESIS
GOBP_POST_EMBRYONIC_CAMERA_TYPE_EYE_DEVELOPMENT	8	4	2	2	GOBP_POST_EMBRYONIC_CAMERA_TYPE_EYE_DEVELOPMENT
GOBP_POST_EMBRYONIC_DEVELOPMENT	97	48	24	24	GOBP_POST_EMBRYONIC_DEVELOPMENT
GOBP_POST_EMBRYONIC_EYE_MORPHOGENESIS	7	4	2	2	GOBP_POST_EMBRYONIC_EYE_MORPHOGENESIS
GOBP_POST_EMBRYONIC_HEMOPOIESIS	5	4	2	2	GOBP_POST_EMBRYONIC_HEMOPOIESIS
GOBP_POST_GOLGI_VESICLE_MEDIATED_TRANSPORT	112	31	16	15	GOBP_POST_GOLGI_VESICLE_MEDIATED_TRANSPORT
GOBP_POST_TRANSCRIPTIONAL_REGULATION_OF_GENE_EXPRESSION	1101	215	108	107	GOBP_POST_TRANSCRIPTIONAL_REGULATION_OF_GENE_EXPRESSION
GOBP_POST_TRANSLATIONAL_PROTEIN_MODIFICATION	989	313	157	156	GOBP_POST_TRANSLATIONAL_PROTEIN_MODIFICATION
GOBP_POST_TRANSLATIONAL_PROTEIN_TARGETING_TO_ENDOPLASMIC_RETICULUM_MEMBRANE	16	5	3	2	GOBP_POST_TRANSLATIONAL_PROTEIN_TARGETING_TO_ENDOPLASMIC_RETICULUM_MEMBRANE
GOBP_POST_TRANSLATIONAL_PROTEIN_TARGETING_TO_MEMBRANE_TRANSLOCATION	8	4	2	2	GOBP_POST_TRANSLATIONAL_PROTEIN_TARGETING_TO_MEMBRANE_TRANSLOCATION
GOBP_POTASSIUM_ION_EXPORT_ACROSS_PLASMA_MEMBRANE	24	15	8	7	GOBP_POTASSIUM_ION_EXPORT_ACROSS_PLASMA_MEMBRANE
GOBP_POTASSIUM_ION_HOMEOSTASIS	36	21	11	10	GOBP_POTASSIUM_ION_HOMEOSTASIS
GOBP_POTASSIUM_ION_IMPORT_ACROSS_PLASMA_MEMBRANE	52	35	18	17	GOBP_POTASSIUM_ION_IMPORT_ACROSS_PLASMA_MEMBRANE
GOBP_POTASSIUM_ION_TRANSPORT	241	151	76	75	GOBP_POTASSIUM_ION_TRANSPORT
GOBP_PREPULSE_INHIBITION	13	8	4	4	GOBP_PREPULSE_INHIBITION
GOBP_PRESYNAPSE_ASSEMBLY	46	28	14	14	GOBP_PRESYNAPSE_ASSEMBLY
GOBP_PRESYNAPSE_ORGANIZATION	57	31	16	15	GOBP_PRESYNAPSE_ORGANIZATION
GOBP_PRESYNAPTIC_ACTIVE_ZONE_ORGANIZATION	11	7	4	3	GOBP_PRESYNAPTIC_ACTIVE_ZONE_ORGANIZATION
GOBP_PRESYNAPTIC_ENDOCYTOSIS	80	27	14	13	GOBP_PRESYNAPTIC_ENDOCYTOSIS
GOBP_PRESYNAPTIC_MEMBRANE_ASSEMBLY	9	8	4	4	GOBP_PRESYNAPTIC_MEMBRANE_ASSEMBLY
GOBP_PRESYNAPTIC_MEMBRANE_ORGANIZATION	11	10	5	5	GOBP_PRESYNAPTIC_MEMBRANE_ORGANIZATION
GOBP_PRESYNAPTIC_MODULATION_OF_CHEMICAL_SYNAPTIC_TRANSMISSION	38	21	11	10	GOBP_PRESYNAPTIC_MODULATION_OF_CHEMICAL_SYNAPTIC_TRANSMISSION
GOBP_PRE_B_CELL_DIFFERENTIATION	6	4	2	2	GOBP_PRE_B_CELL_DIFFERENTIATION
GOBP_PRIMARY_ALCOHOL_BIOSYNTHETIC_PROCESS	14	9	5	4	GOBP_PRIMARY_ALCOHOL_BIOSYNTHETIC_PROCESS
GOBP_PRIMARY_ALCOHOL_CATABOLIC_PROCESS	17	11	6	5	GOBP_PRIMARY_ALCOHOL_CATABOLIC_PROCESS
GOBP_PRIMARY_ALCOHOL_METABOLIC_PROCESS	103	63	32	31	GOBP_PRIMARY_ALCOHOL_METABOLIC_PROCESS
GOBP_PRIMARY_AMINO_COMPOUND_BIOSYNTHETIC_PROCESS	6	5	3	2	GOBP_PRIMARY_AMINO_COMPOUND_BIOSYNTHETIC_PROCESS
GOBP_PRIMARY_AMINO_COMPOUND_METABOLIC_PROCESS	16	9	5	4	GOBP_PRIMARY_AMINO_COMPOUND_METABOLIC_PROCESS
GOBP_PRIMARY_MIRNA_PROCESSING	18	6	3	3	GOBP_PRIMARY_MIRNA_PROCESSING
GOBP_PRIMITIVE_STREAK_FORMATION	11	8	4	4	GOBP_PRIMITIVE_STREAK_FORMATION
GOBP_PROCESS_UTILIZING_AUTOPHAGIC_MECHANISM	609	205	103	102	GOBP_PROCESS_UTILIZING_AUTOPHAGIC_MECHANISM
GOBP_PRODUCTION_OF_MOLECULAR_MEDIATOR_INVOLVED_IN_INFLAMMATORY_RESPONSE	121	55	28	27	GOBP_PRODUCTION_OF_MOLECULAR_MEDIATOR_INVOLVED_IN_INFLAMMATORY_RESPONSE
GOBP_PRODUCTION_OF_MOLECULAR_MEDIATOR_OF_IMMUNE_RESPONSE	237	133	67	66	GOBP_PRODUCTION_OF_MOLECULAR_MEDIATOR_OF_IMMUNE_RESPONSE
GOBP_PROGESTERONE_BIOSYNTHETIC_PROCESS	7	4	2	2	GOBP_PROGESTERONE_BIOSYNTHETIC_PROCESS
GOBP_PROGESTERONE_METABOLIC_PROCESS	17	11	6	5	GOBP_PROGESTERONE_METABOLIC_PROCESS
GOBP_PROGESTERONE_RECEPTOR_SIGNALING_PATHWAY	12	3	2	1	GOBP_PROGESTERONE_RECEPTOR_SIGNALING_PATHWAY
GOBP_PROGRAMMED_CELL_DEATH_INVOLVED_IN_CELL_DEVELOPMENT	25	16	8	8	GOBP_PROGRAMMED_CELL_DEATH_INVOLVED_IN_CELL_DEVELOPMENT
GOBP_PROGRAMMED_CELL_DEATH_IN_RESPONSE_TO_REACTIVE_OXYGEN_SPECIES	22	9	5	4	GOBP_PROGRAMMED_CELL_DEATH_IN_RESPONSE_TO_REACTIVE_OXYGEN_SPECIES
GOBP_PROGRAMMED_NECROTIC_CELL_DEATH	61	21	11	10	GOBP_PROGRAMMED_NECROTIC_CELL_DEATH
GOBP_PROLACTIN_SECRETION	5	3	2	1	GOBP_PROLACTIN_SECRETION
GOBP_PROLINE_BIOSYNTHETIC_PROCESS	6	3	2	1	GOBP_PROLINE_BIOSYNTHETIC_PROCESS
GOBP_PROLINE_METABOLIC_PROCESS	10	6	3	3	GOBP_PROLINE_METABOLIC_PROCESS
GOBP_PROLINE_TRANSMEMBRANE_TRANSPORT	11	7	4	3	GOBP_PROLINE_TRANSMEMBRANE_TRANSPORT
GOBP_PROLINE_TRANSPORT	13	8	4	4	GOBP_PROLINE_TRANSPORT
GOBP_PRONEPHROS_DEVELOPMENT	10	8	4	4	GOBP_PRONEPHROS_DEVELOPMENT
GOBP_PROPIONATE_METABOLIC_PROCESS	5	4	2	2	GOBP_PROPIONATE_METABOLIC_PROCESS
GOBP_PROSTAGLANDIN_SECRETION	17	11	6	5	GOBP_PROSTAGLANDIN_SECRETION
GOBP_PROSTAGLANDIN_TRANSPORT	28	18	9	9	GOBP_PROSTAGLANDIN_TRANSPORT
GOBP_PROSTANOID_BIOSYNTHETIC_PROCESS	33	22	11	11	GOBP_PROSTANOID_BIOSYNTHETIC_PROCESS
GOBP_PROSTANOID_METABOLIC_PROCESS	51	32	16	16	GOBP_PROSTANOID_METABOLIC_PROCESS
GOBP_PROSTATE_GLANDULAR_ACINUS_DEVELOPMENT	11	9	5	4	GOBP_PROSTATE_GLANDULAR_ACINUS_DEVELOPMENT
GOBP_PROSTATE_GLANDULAR_ACINUS_MORPHOGENESIS	7	6	3	3	GOBP_PROSTATE_GLANDULAR_ACINUS_MORPHOGENESIS
GOBP_PROSTATE_GLAND_DEVELOPMENT	51	32	16	16	GOBP_PROSTATE_GLAND_DEVELOPMENT
GOBP_PROSTATE_GLAND_GROWTH	12	9	5	4	GOBP_PROSTATE_GLAND_GROWTH
GOBP_PROSTATE_GLAND_MORPHOGENESIS	30	23	12	11	GOBP_PROSTATE_GLAND_MORPHOGENESIS
GOBP_PROSTATIC_BUD_FORMATION	9	7	4	3	GOBP_PROSTATIC_BUD_FORMATION
GOBP_PROTEASOMAL_PROTEIN_CATABOLIC_PROCESS	606	212	106	106	GOBP_PROTEASOMAL_PROTEIN_CATABOLIC_PROCESS
GOBP_PROTEASOME_ASSEMBLY	15	6	3	3	GOBP_PROTEASOME_ASSEMBLY
GOBP_PROTEASOME_MEDIATED_UBIQUITIN_DEPENDENT_PROTEIN_CATABOLIC_PROCESS	473	158	79	79	GOBP_PROTEASOME_MEDIATED_UBIQUITIN_DEPENDENT_PROTEIN_CATABOLIC_PROCESS
GOBP_PROTECTION_FROM_NATURAL_KILLER_CELL_MEDIATED_CYTOTOXICITY	6	4	2	2	GOBP_PROTECTION_FROM_NATURAL_KILLER_CELL_MEDIATED_CYTOTOXICITY
GOBP_PROTEINOGENIC_AMINO_ACID_BIOSYNTHETIC_PROCESS	44	25	13	12	GOBP_PROTEINOGENIC_AMINO_ACID_BIOSYNTHETIC_PROCESS
GOBP_PROTEINOGENIC_AMINO_ACID_METABOLIC_PROCESS	163	84	42	42	GOBP_PROTEINOGENIC_AMINO_ACID_METABOLIC_PROCESS
GOBP_PROTEIN_ACETYLATION	42	16	8	8	GOBP_PROTEIN_ACETYLATION
GOBP_PROTEIN_ACTIVATION_CASCADE	20	13	7	6	GOBP_PROTEIN_ACTIVATION_CASCADE
GOBP_PROTEIN_ACYLATION	75	25	13	12	GOBP_PROTEIN_ACYLATION
GOBP_PROTEIN_AUTOPHOSPHORYLATION	140	66	33	33	GOBP_PROTEIN_AUTOPHOSPHORYLATION
GOBP_PROTEIN_AUTOPROCESSING	25	10	5	5	GOBP_PROTEIN_AUTOPROCESSING
GOBP_PROTEIN_AUTOUBIQUITINATION	75	23	12	11	GOBP_PROTEIN_AUTOUBIQUITINATION
GOBP_PROTEIN_BRANCHED_POLYUBIQUITINATION	19	4	2	2	GOBP_PROTEIN_BRANCHED_POLYUBIQUITINATION
GOBP_PROTEIN_CATABOLIC_PROCESS	1089	417	209	208	GOBP_PROTEIN_CATABOLIC_PROCESS
GOBP_PROTEIN_CATABOLIC_PROCESS_IN_THE_VACUOLE	29	13	7	6	GOBP_PROTEIN_CATABOLIC_PROCESS_IN_THE_VACUOLE
GOBP_PROTEIN_COMPLEX_OLIGOMERIZATION	277	145	73	72	GOBP_PROTEIN_COMPLEX_OLIGOMERIZATION
GOBP_PROTEIN_CONTAINING_COMPLEX_DISASSEMBLY	267	102	51	51	GOBP_PROTEIN_CONTAINING_COMPLEX_DISASSEMBLY
GOBP_PROTEIN_CONTAINING_COMPLEX_LOCALIZATION	221	96	48	48	GOBP_PROTEIN_CONTAINING_COMPLEX_LOCALIZATION
GOBP_PROTEIN_CONTAINING_COMPLEX_ORGANIZATION	1898	766	383	383	GOBP_PROTEIN_CONTAINING_COMPLEX_ORGANIZATION
GOBP_PROTEIN_CONTAINING_COMPLEX_REMODELING	44	31	16	15	GOBP_PROTEIN_CONTAINING_COMPLEX_REMODELING
GOBP_PROTEIN_DEACETYLATION	25	10	5	5	GOBP_PROTEIN_DEACETYLATION
GOBP_PROTEIN_DEACYLATION	33	13	7	6	GOBP_MACROMOLECULE_DEACYLATION
GOBP_PROTEIN_DEGLUTAMYLATION	8	4	2	2	GOBP_PROTEIN_DEGLUTAMYLATION
GOBP_PROTEIN_DEGLYCOSYLATION	20	7	4	3	GOBP_PROTEIN_DEGLYCOSYLATION
GOBP_PROTEIN_DELIPIDATION	5	3	2	1	GOBP_PROTEIN_DELIPIDATION
GOBP_PROTEIN_DENEDDYLATION	11	3	2	1	GOBP_PROTEIN_DENEDDYLATION
GOBP_PROTEIN_DEPHOSPHORYLATION	87	33	17	16	GOBP_PROTEIN_DEPHOSPHORYLATION
GOBP_PROTEIN_DEPOLYMERIZATION	122	68	34	34	GOBP_PROTEIN_DEPOLYMERIZATION
GOBP_PROTEIN_DESTABILIZATION	56	22	11	11	GOBP_PROTEIN_DESTABILIZATION
GOBP_PROTEIN_DESUMOYLATION	9	3	2	1	GOBP_PROTEIN_DESUMOYLATION
GOBP_PROTEIN_DNA_COMPLEX_DISASSEMBLY	23	10	5	5	GOBP_PROTEIN_DNA_COMPLEX_DISASSEMBLY
GOBP_PROTEIN_DNA_COMPLEX_ORGANIZATION	263	82	41	41	GOBP_PROTEIN_DNA_COMPLEX_ORGANIZATION
GOBP_PROTEIN_DNA_COVALENT_CROSS_LINKING_REPAIR	9	6	3	3	GOBP_PROTEIN_DNA_COVALENT_CROSS_LINKING_REPAIR
GOBP_PROTEIN_EXIT_FROM_ENDOPLASMIC_RETICULUM	50	20	10	10	GOBP_PROTEIN_EXIT_FROM_ENDOPLASMIC_RETICULUM
GOBP_PROTEIN_EXPORT_FROM_NUCLEUS	63	26	13	13	GOBP_PROTEIN_EXPORT_FROM_NUCLEUS
GOBP_PROTEIN_FOLDING	233	98	49	49	GOBP_PROTEIN_FOLDING
GOBP_PROTEIN_FOLDING_IN_ENDOPLASMIC_RETICULUM	12	10	5	5	GOBP_PROTEIN_FOLDING_IN_ENDOPLASMIC_RETICULUM
GOBP_PROTEIN_HETEROOLIGOMERIZATION	31	15	8	7	GOBP_PROTEIN_HETEROOLIGOMERIZATION
GOBP_PROTEIN_HETEROTETRAMERIZATION	16	8	4	4	GOBP_PROTEIN_HETEROTETRAMERIZATION
GOBP_PROTEIN_HEXAMERIZATION	9	4	2	2	GOBP_PROTEIN_HEXAMERIZATION
GOBP_PROTEIN_HOMOOLIGOMERIZATION	209	111	56	55	GOBP_PROTEIN_HOMOOLIGOMERIZATION
GOBP_PROTEIN_HOMOTETRAMERIZATION	66	33	17	16	GOBP_PROTEIN_HOMOTETRAMERIZATION
GOBP_PROTEIN_HOMOTRIMERIZATION	15	10	5	5	GOBP_PROTEIN_HOMOTRIMERIZATION
GOBP_PROTEIN_HYDROXYLATION	16	5	3	2	GOBP_PROTEIN_HYDROXYLATION
GOBP_PROTEIN_IMPORT	11	7	4	3	GOBP_PROTEIN_IMPORT
GOBP_PROTEIN_IMPORT_INTO_MITOCHONDRIAL_MATRIX	24	12	6	6	GOBP_PROTEIN_IMPORT_INTO_MITOCHONDRIAL_MATRIX
GOBP_PROTEIN_IMPORT_INTO_PEROXISOME_MATRIX	15	3	2	1	GOBP_PROTEIN_IMPORT_INTO_PEROXISOME_MATRIX
GOBP_PROTEIN_INSERTION_INTO_ER_MEMBRANE	31	13	7	6	GOBP_PROTEIN_INSERTION_INTO_ER_MEMBRANE
GOBP_PROTEIN_INSERTION_INTO_ER_MEMBRANE_BY_STOP_TRANSFER_MEMBRANE_ANCHOR_SEQUENCE	11	6	3	3	GOBP_PROTEIN_INSERTION_INTO_ER_MEMBRANE_BY_STOP_TRANSFER_MEMBRANE_ANCHOR_SEQUENCE
GOBP_PROTEIN_INSERTION_INTO_MEMBRANE	47	24	12	12	GOBP_PROTEIN_INSERTION_INTO_MEMBRANE
GOBP_PROTEIN_INSERTION_INTO_MITOCHONDRIAL_INNER_MEMBRANE	13	5	3	2	GOBP_PROTEIN_INSERTION_INTO_MITOCHONDRIAL_INNER_MEMBRANE
GOBP_PROTEIN_INSERTION_INTO_MITOCHONDRIAL_MEMBRANE	7	3	2	1	GOBP_PROTEIN_INSERTION_INTO_MITOCHONDRIAL_MEMBRANE
GOBP_PROTEIN_INSERTION_INTO_MITOCHONDRIAL_OUTER_MEMBRANE	12	4	2	2	GOBP_PROTEIN_INSERTION_INTO_MITOCHONDRIAL_OUTER_MEMBRANE
GOBP_PROTEIN_K11_LINKED_DEUBIQUITINATION	11	4	2	2	GOBP_PROTEIN_K11_LINKED_DEUBIQUITINATION
GOBP_PROTEIN_K11_LINKED_UBIQUITINATION	39	10	5	5	GOBP_PROTEIN_K11_LINKED_UBIQUITINATION
GOBP_PROTEIN_K27_LINKED_UBIQUITINATION	13	3	2	1	GOBP_PROTEIN_K27_LINKED_UBIQUITINATION
GOBP_PROTEIN_K29_LINKED_UBIQUITINATION	11	3	2	1	GOBP_PROTEIN_K29_LINKED_UBIQUITINATION
GOBP_PROTEIN_K48_LINKED_DEUBIQUITINATION	27	7	4	3	GOBP_PROTEIN_K48_LINKED_DEUBIQUITINATION
GOBP_PROTEIN_K48_LINKED_UBIQUITINATION	101	30	15	15	GOBP_PROTEIN_K48_LINKED_UBIQUITINATION
GOBP_PROTEIN_K63_LINKED_DEUBIQUITINATION	28	11	6	5	GOBP_PROTEIN_K63_LINKED_DEUBIQUITINATION
GOBP_PROTEIN_K63_LINKED_UBIQUITINATION	70	16	8	8	GOBP_PROTEIN_K63_LINKED_UBIQUITINATION
GOBP_PROTEIN_K6_LINKED_UBIQUITINATION	16	6	3	3	GOBP_PROTEIN_K6_LINKED_UBIQUITINATION
GOBP_PROTEIN_KINASE_A_SIGNALING	21	11	6	5	GOBP_PROTEIN_KINASE_A_SIGNALING
GOBP_PROTEIN_KINASE_C_SIGNALING	9	6	3	3	GOBP_PROTEIN_KINASE_C_SIGNALING
GOBP_PROTEIN_LIPID_COMPLEX_ASSEMBLY	30	16	8	8	GOBP_PROTEIN_LIPID_COMPLEX_ASSEMBLY
GOBP_PROTEIN_LIPID_COMPLEX_ORGANIZATION	62	40	20	20	GOBP_PROTEIN_LIPID_COMPLEX_ORGANIZATION
GOBP_PROTEIN_LOCALIZATION_TO_ACTIN_CYTOSKELETON	5	3	2	1	GOBP_PROTEIN_LOCALIZATION_TO_ACTIN_CYTOSKELETON
GOBP_PROTEIN_LOCALIZATION_TO_ADHERENS_JUNCTION	7	5	3	2	GOBP_PROTEIN_LOCALIZATION_TO_ADHERENS_JUNCTION
GOBP_PROTEIN_LOCALIZATION_TO_AXON	10	6	3	3	GOBP_PROTEIN_LOCALIZATION_TO_AXON
GOBP_PROTEIN_LOCALIZATION_TO_BICELLULAR_TIGHT_JUNCTION	6	5	3	2	GOBP_PROTEIN_LOCALIZATION_TO_BICELLULAR_TIGHT_JUNCTION
GOBP_PROTEIN_LOCALIZATION_TO_CELL_CELL_JUNCTION	27	18	9	9	GOBP_PROTEIN_LOCALIZATION_TO_CELL_CELL_JUNCTION
GOBP_PROTEIN_LOCALIZATION_TO_CELL_CORTEX	12	8	4	4	GOBP_PROTEIN_LOCALIZATION_TO_CELL_CORTEX
GOBP_PROTEIN_LOCALIZATION_TO_CELL_JUNCTION	125	77	39	38	GOBP_PROTEIN_LOCALIZATION_TO_CELL_JUNCTION
GOBP_PROTEIN_LOCALIZATION_TO_CELL_LEADING_EDGE	7	3	2	1	GOBP_PROTEIN_LOCALIZATION_TO_CELL_LEADING_EDGE
GOBP_PROTEIN_LOCALIZATION_TO_CELL_PERIPHERY	369	171	86	85	GOBP_PROTEIN_LOCALIZATION_TO_CELL_PERIPHERY
GOBP_PROTEIN_LOCALIZATION_TO_CELL_SURFACE	68	34	17	17	GOBP_PROTEIN_LOCALIZATION_TO_CELL_SURFACE
GOBP_PROTEIN_LOCALIZATION_TO_CHROMATIN	63	22	11	11	GOBP_PROTEIN_LOCALIZATION_TO_CHROMATIN
GOBP_PROTEIN_LOCALIZATION_TO_CHROMOSOME	128	47	24	23	GOBP_PROTEIN_LOCALIZATION_TO_CHROMOSOME
GOBP_PROTEIN_LOCALIZATION_TO_CHROMOSOME_CENTROMERIC_REGION	41	14	7	7	GOBP_PROTEIN_LOCALIZATION_TO_CHROMOSOME_CENTROMERIC_REGION
GOBP_PROTEIN_LOCALIZATION_TO_CHROMOSOME_TELOMERIC_REGION	26	7	4	3	GOBP_PROTEIN_LOCALIZATION_TO_CHROMOSOME_TELOMERIC_REGION
GOBP_PROTEIN_LOCALIZATION_TO_CILIARY_MEMBRANE	12	4	2	2	GOBP_PROTEIN_LOCALIZATION_TO_CILIARY_MEMBRANE
GOBP_PROTEIN_LOCALIZATION_TO_CILIUM	76	20	10	10	GOBP_PROTEIN_LOCALIZATION_TO_CILIUM
GOBP_PROTEIN_LOCALIZATION_TO_CONDENSED_CHROMOSOME	15	7	4	3	GOBP_PROTEIN_LOCALIZATION_TO_CONDENSED_CHROMOSOME
GOBP_PROTEIN_LOCALIZATION_TO_CYTOPLASMIC_STRESS_GRANULE	8	5	3	2	GOBP_PROTEIN_LOCALIZATION_TO_CYTOPLASMIC_STRESS_GRANULE
GOBP_PROTEIN_LOCALIZATION_TO_CYTOSKELETON	66	26	13	13	GOBP_PROTEIN_LOCALIZATION_TO_CYTOSKELETON
GOBP_PROTEIN_LOCALIZATION_TO_EARLY_ENDOSOME	12	8	4	4	GOBP_PROTEIN_LOCALIZATION_TO_EARLY_ENDOSOME
GOBP_PROTEIN_LOCALIZATION_TO_ENDOPLASMIC_RETICULUM	82	24	12	12	GOBP_PROTEIN_LOCALIZATION_TO_ENDOPLASMIC_RETICULUM
GOBP_PROTEIN_LOCALIZATION_TO_ENDOPLASMIC_RETICULUM_EXIT_SITE	9	3	2	1	GOBP_PROTEIN_LOCALIZATION_TO_ENDOPLASMIC_RETICULUM_EXIT_SITE
GOBP_PROTEIN_LOCALIZATION_TO_ENDOSOME	27	11	6	5	GOBP_PROTEIN_LOCALIZATION_TO_ENDOSOME
GOBP_PROTEIN_LOCALIZATION_TO_EXTRACELLULAR_REGION	393	209	105	104	GOBP_PROTEIN_LOCALIZATION_TO_EXTRACELLULAR_REGION
GOBP_PROTEIN_LOCALIZATION_TO_GOLGI_APPARATUS	35	7	4	3	GOBP_PROTEIN_LOCALIZATION_TO_GOLGI_APPARATUS
GOBP_PROTEIN_LOCALIZATION_TO_GOLGI_MEMBRANE	8	3	2	1	GOBP_PROTEIN_LOCALIZATION_TO_GOLGI_MEMBRANE
GOBP_PROTEIN_LOCALIZATION_TO_LYSOSOME	52	16	8	8	GOBP_PROTEIN_LOCALIZATION_TO_LYSOSOME
GOBP_PROTEIN_LOCALIZATION_TO_MEMBRANE_RAFT	10	6	3	3	GOBP_PROTEIN_LOCALIZATION_TO_MEMBRANE_RAFT
GOBP_PROTEIN_LOCALIZATION_TO_MICROTUBULE	19	9	5	4	GOBP_PROTEIN_LOCALIZATION_TO_MICROTUBULE
GOBP_PROTEIN_LOCALIZATION_TO_MICROTUBULE_ORGANIZING_CENTER	38	10	5	5	GOBP_PROTEIN_LOCALIZATION_TO_MICROTUBULE_ORGANIZING_CENTER
GOBP_PROTEIN_LOCALIZATION_TO_MITOCHONDRION	137	53	27	26	GOBP_PROTEIN_LOCALIZATION_TO_MITOCHONDRION
GOBP_PROTEIN_LOCALIZATION_TO_NON_MOTILE_CILIUM	15	5	3	2	GOBP_PROTEIN_LOCALIZATION_TO_NON_MOTILE_CILIUM
GOBP_PROTEIN_LOCALIZATION_TO_NUCLEAR_ENVELOPE	14	7	4	3	GOBP_PROTEIN_LOCALIZATION_TO_NUCLEAR_ENVELOPE
GOBP_PROTEIN_LOCALIZATION_TO_NUCLEOLUS	20	7	4	3	GOBP_PROTEIN_LOCALIZATION_TO_NUCLEOLUS
GOBP_PROTEIN_LOCALIZATION_TO_NUCLEOPLASM	14	7	4	3	GOBP_PROTEIN_LOCALIZATION_TO_NUCLEOPLASM
GOBP_PROTEIN_LOCALIZATION_TO_NUCLEUS	328	131	66	65	GOBP_PROTEIN_LOCALIZATION_TO_NUCLEUS
GOBP_PROTEIN_LOCALIZATION_TO_ORGANELLE	1024	392	196	196	GOBP_PROTEIN_LOCALIZATION_TO_ORGANELLE
GOBP_PROTEIN_LOCALIZATION_TO_PHAGOPHORE_ASSEMBLY_SITE	17	4	2	2	GOBP_PROTEIN_LOCALIZATION_TO_PHAGOPHORE_ASSEMBLY_SITE
GOBP_PROTEIN_LOCALIZATION_TO_PHOTORECEPTOR_OUTER_SEGMENT	7	3	2	1	GOBP_PROTEIN_LOCALIZATION_TO_PHOTORECEPTOR_OUTER_SEGMENT
GOBP_PROTEIN_LOCALIZATION_TO_PLASMA_MEMBRANE	298	132	66	66	GOBP_PROTEIN_LOCALIZATION_TO_PLASMA_MEMBRANE
GOBP_PROTEIN_LOCALIZATION_TO_PLASMA_MEMBRANE_RAFT	5	3	2	1	GOBP_PROTEIN_LOCALIZATION_TO_PLASMA_MEMBRANE_RAFT
GOBP_PROTEIN_LOCALIZATION_TO_POSTSYNAPSE	57	31	16	15	GOBP_PROTEIN_LOCALIZATION_TO_POSTSYNAPSE
GOBP_PROTEIN_LOCALIZATION_TO_PRESYNAPSE	11	7	4	3	GOBP_PROTEIN_LOCALIZATION_TO_PRESYNAPSE
GOBP_PROTEIN_LOCALIZATION_TO_SITE_OF_DOUBLE_STRAND_BREAK	16	6	3	3	GOBP_PROTEIN_LOCALIZATION_TO_SITE_OF_DOUBLE_STRAND_BREAK
GOBP_PROTEIN_LOCALIZATION_TO_SYNAPSE	90	52	26	26	GOBP_PROTEIN_LOCALIZATION_TO_SYNAPSE
GOBP_PROTEIN_LOCALIZATION_TO_VACUOLE	81	24	12	12	GOBP_PROTEIN_LOCALIZATION_TO_VACUOLE
GOBP_PROTEIN_MATURATION	598	276	138	138	GOBP_PROTEIN_MATURATION
GOBP_PROTEIN_METHYLATION	42	10	5	5	GOBP_PROTEIN_METHYLATION
GOBP_PROTEIN_MODIFICATION_BY_SMALL_PROTEIN_CONJUGATION	819	258	129	129	GOBP_PROTEIN_MODIFICATION_BY_SMALL_PROTEIN_CONJUGATION
GOBP_PROTEIN_MODIFICATION_BY_SMALL_PROTEIN_REMOVAL	141	42	21	21	GOBP_PROTEIN_MODIFICATION_BY_SMALL_PROTEIN_REMOVAL
GOBP_PROTEIN_MONOUBIQUITINATION	54	10	5	5	GOBP_PROTEIN_MONOUBIQUITINATION
GOBP_PROTEIN_NEDDYLATION	28	6	3	3	GOBP_PROTEIN_NEDDYLATION
GOBP_PROTEIN_NITROSYLATION	5	4	2	2	GOBP_PROTEIN_NITROSYLATION
GOBP_PROTEIN_N_LINKED_GLYCOSYLATION	74	39	20	19	GOBP_PROTEIN_N_LINKED_GLYCOSYLATION
GOBP_PROTEIN_N_LINKED_GLYCOSYLATION_VIA_ASPARAGINE	43	21	11	10	GOBP_PROTEIN_N_LINKED_GLYCOSYLATION_VIA_ASPARAGINE
GOBP_PROTEIN_OXIDATION	6	3	2	1	GOBP_PROTEIN_OXIDATION
GOBP_PROTEIN_O_LINKED_GLYCOSYLATION	102	51	26	25	GOBP_PROTEIN_O_LINKED_GLYCOSYLATION
GOBP_PROTEIN_O_LINKED_GLYCOSYLATION_VIA_SERINE	10	5	3	2	GOBP_PROTEIN_O_LINKED_GLYCOSYLATION_VIA_SERINE
GOBP_PROTEIN_O_LINKED_GLYCOSYLATION_VIA_THREONINE	10	5	3	2	GOBP_PROTEIN_O_LINKED_GLYCOSYLATION_VIA_THREONINE
GOBP_PROTEIN_PALMITOYLATION	26	9	5	4	GOBP_PROTEIN_PALMITOYLATION
GOBP_PROTEIN_POLYGLUTAMYLATION	6	4	2	2	GOBP_PROTEIN_POLYGLUTAMYLATION
GOBP_PROTEIN_POLYMERIZATION	285	126	63	63	GOBP_PROTEIN_POLYMERIZATION
GOBP_PROTEIN_POLYUBIQUITINATION	265	70	35	35	GOBP_PROTEIN_POLYUBIQUITINATION
GOBP_PROTEIN_POLYUFMYLATION	5	4	2	2	GOBP_PROTEIN_POLYUFMYLATION
GOBP_PROTEIN_POLY_ADP_RIBOSYLATION	10	3	2	1	GOBP_PROTEIN_POLY_ADP_RIBOSYLATION
GOBP_PROTEIN_PROCESSING	239	117	59	58	GOBP_PROTEIN_PROCESSING
GOBP_PROTEIN_QUALITY_CONTROL_FOR_MISFOLDED_OR_INCOMPLETELY_SYNTHESIZED_PROTEINS	31	13	7	6	GOBP_PROTEIN_QUALITY_CONTROL_FOR_MISFOLDED_OR_INCOMPLETELY_SYNTHESIZED_PROTEINS
GOBP_PROTEIN_REFOLDING	29	17	9	8	GOBP_PROTEIN_REFOLDING
GOBP_PROTEIN_REPAIR	7	3	2	1	GOBP_PROTEIN_REPAIR
GOBP_PROTEIN_RETENTION_IN_ER_LUMEN	8	3	2	1	GOBP_PROTEIN_RETENTION_IN_ER_LUMEN
GOBP_PROTEIN_RNA_COMPLEX_DISASSEMBLY	9	3	2	1	GOBP_PROTEIN_RNA_COMPLEX_DISASSEMBLY
GOBP_PROTEIN_RNA_COMPLEX_ORGANIZATION	238	62	31	31	GOBP_PROTEIN_RNA_COMPLEX_ORGANIZATION
GOBP_PROTEIN_SIDE_CHAIN_DEGLUTAMYLATION	6	4	2	2	GOBP_PROTEIN_DEGLUTAMYLATION
GOBP_PROTEIN_STABILIZATION	243	92	46	46	GOBP_PROTEIN_STABILIZATION
GOBP_PROTEIN_STORAGE	5	3	2	1	GOBP_PROTEIN_STORAGE
GOBP_PROTEIN_SUMOYLATION	68	16	8	8	GOBP_PROTEIN_SUMOYLATION
GOBP_PROTEIN_TARGETING	340	116	58	58	GOBP_PROTEIN_TARGETING
GOBP_PROTEIN_TARGETING_TO_LYSOSOME	31	10	5	5	GOBP_PROTEIN_TARGETING_TO_LYSOSOME
GOBP_PROTEIN_TARGETING_TO_MEMBRANE	128	42	21	21	GOBP_PROTEIN_TARGETING_TO_MEMBRANE
GOBP_PROTEIN_TARGETING_TO_MITOCHONDRION	109	41	21	20	GOBP_PROTEIN_TARGETING_TO_MITOCHONDRION
GOBP_PROTEIN_TARGETING_TO_PEROXISOME	10	3	2	1	GOBP_PROTEIN_TARGETING_TO_PEROXISOME
GOBP_PROTEIN_TARGETING_TO_VACUOLE	46	12	6	6	GOBP_PROTEIN_TARGETING_TO_VACUOLE
GOBP_PROTEIN_TARGETING_TO_VACUOLE_INVOLVED_IN_AUTOPHAGY	6	4	2	2	GOBP_PROTEIN_TARGETING_TO_VACUOLE_INVOLVED_IN_AUTOPHAGY
GOBP_PROTEIN_TETRAMERIZATION	100	53	27	26	GOBP_PROTEIN_TETRAMERIZATION
GOBP_PROTEIN_TRANSMEMBRANE_IMPORT_INTO_INTRACELLULAR_ORGANELLE	43	17	9	8	GOBP_PROTEIN_TRANSMEMBRANE_IMPORT_INTO_INTRACELLULAR_ORGANELLE
GOBP_PROTEIN_TRANSMEMBRANE_TRANSPORT	77	27	14	13	GOBP_PROTEIN_TRANSMEMBRANE_TRANSPORT
GOBP_PROTEIN_TRANSPORT	1450	577	289	288	GOBP_PROTEIN_TRANSPORT
GOBP_PROTEIN_TRANSPORT_INTO_MEMBRANE_RAFT	5	4	2	2	GOBP_PROTEIN_TRANSPORT_INTO_MEMBRANE_RAFT
GOBP_PROTEIN_TRANSPORT_WITHIN_LIPID_BILAYER	8	4	2	2	GOBP_PROTEIN_TRANSPORT_INTO_MEMBRANE_RAFT
GOBP_PROTEIN_TRIMERIZATION	18	12	6	6	GOBP_PROTEIN_TRIMERIZATION
GOBP_PROTEIN_UFMYLATION	7	4	2	2	GOBP_PROTEIN_POLYUFMYLATION
GOBP_PROTEOGLYCAN_BIOSYNTHETIC_PROCESS	81	39	20	19	GOBP_PROTEOGLYCAN_BIOSYNTHETIC_PROCESS
GOBP_PROTEOGLYCAN_CATABOLIC_PROCESS	17	6	3	3	GOBP_PROTEOGLYCAN_CATABOLIC_PROCESS
GOBP_PROTEOGLYCAN_METABOLIC_PROCESS	110	54	27	27	GOBP_PROTEOGLYCAN_METABOLIC_PROCESS
GOBP_PROTEOLYSIS	1531	650	325	325	GOBP_PROTEOLYSIS
GOBP_PROTEOLYSIS_INVOLVED_IN_PROTEIN_CATABOLIC_PROCESS	842	300	150	150	GOBP_PROTEOLYSIS_INVOLVED_IN_PROTEIN_CATABOLIC_PROCESS
GOBP_PROTON_MOTIVE_FORCE_DRIVEN_ATP_SYNTHESIS	76	21	11	10	GOBP_PROTON_MOTIVE_FORCE_DRIVEN_ATP_SYNTHESIS
GOBP_PROTON_TRANSMEMBRANE_TRANSPORT	187	76	38	38	GOBP_PROTON_TRANSMEMBRANE_TRANSPORT
GOBP_PROTON_TRANSPORTING_TWO_SECTOR_ATPASE_COMPLEX_ASSEMBLY	16	6	3	3	GOBP_PROTON_TRANSPORTING_TWO_SECTOR_ATPASE_COMPLEX_ASSEMBLY
GOBP_PROTOPORPHYRINOGEN_IX_BIOSYNTHETIC_PROCESS	9	3	2	1	GOBP_PROTOPORPHYRINOGEN_IX_BIOSYNTHETIC_PROCESS
GOBP_PROTOPORPHYRINOGEN_IX_METABOLIC_PROCESS	11	4	2	2	GOBP_HEME_B_METABOLIC_PROCESS
GOBP_PROXIMAL_DISTAL_PATTERN_FORMATION	34	26	13	13	GOBP_PROXIMAL_DISTAL_PATTERN_FORMATION
GOBP_PROXIMAL_DISTAL_PATTERN_FORMATION_INVOLVED_IN_NEPHRON_DEVELOPMENT	5	5	3	2	GOBP_PROXIMAL_DISTAL_PATTERN_FORMATION_INVOLVED_IN_NEPHRON_DEVELOPMENT
GOBP_PROXIMAL_TUBULE_DEVELOPMENT	9	4	2	2	GOBP_PROXIMAL_TUBULE_DEVELOPMENT
GOBP_PRO_B_CELL_DIFFERENTIATION	12	6	3	3	GOBP_PRO_B_CELL_DIFFERENTIATION
GOBP_PSEUDOPODIUM_ORGANIZATION	16	7	4	3	GOBP_POSITIVE_REGULATION_OF_PSEUDOPODIUM_ASSEMBLY
GOBP_PSEUDOURIDINE_SYNTHESIS	18	10	5	5	GOBP_PSEUDOURIDINE_SYNTHESIS
GOBP_PSYCHOMOTOR_BEHAVIOR	5	4	2	2	GOBP_PSYCHOMOTOR_BEHAVIOR
GOBP_PTERIDINE_CONTAINING_COMPOUND_BIOSYNTHETIC_PROCESS	16	9	5	4	GOBP_PTERIDINE_CONTAINING_COMPOUND_BIOSYNTHETIC_PROCESS
GOBP_PTERIDINE_CONTAINING_COMPOUND_CATABOLIC_PROCESS	5	4	2	2	GOBP_PTERIDINE_CONTAINING_COMPOUND_CATABOLIC_PROCESS
GOBP_PTERIDINE_CONTAINING_COMPOUND_METABOLIC_PROCESS	35	21	11	10	GOBP_PTERIDINE_CONTAINING_COMPOUND_METABOLIC_PROCESS
GOBP_PULMONARY_VALVE_DEVELOPMENT	24	16	8	8	GOBP_PULMONARY_VALVE_DEVELOPMENT
GOBP_PULMONARY_VALVE_MORPHOGENESIS	20	15	8	7	GOBP_PULMONARY_VALVE_MORPHOGENESIS
GOBP_PURINERGIC_NUCLEOTIDE_RECEPTOR_SIGNALING_PATHWAY	32	18	9	9	GOBP_PURINERGIC_NUCLEOTIDE_RECEPTOR_SIGNALING_PATHWAY
GOBP_PURINE_CONTAINING_COMPOUND_BIOSYNTHETIC_PROCESS	259	114	57	57	GOBP_PURINE_CONTAINING_COMPOUND_BIOSYNTHETIC_PROCESS
GOBP_PURINE_CONTAINING_COMPOUND_CATABOLIC_PROCESS	160	72	36	36	GOBP_PURINE_CONTAINING_COMPOUND_CATABOLIC_PROCESS
GOBP_PURINE_CONTAINING_COMPOUND_METABOLIC_PROCESS	576	263	132	131	GOBP_PURINE_CONTAINING_COMPOUND_METABOLIC_PROCESS
GOBP_PURINE_CONTAINING_COMPOUND_SALVAGE	16	9	5	4	GOBP_PURINE_CONTAINING_COMPOUND_SALVAGE
GOBP_PURINE_CONTAINING_COMPOUND_TRANSMEMBRANE_TRANSPORT	40	23	12	11	GOBP_PURINE_CONTAINING_COMPOUND_TRANSMEMBRANE_TRANSPORT
GOBP_PURINE_DEOXYRIBONUCLEOSIDE_METABOLIC_PROCESS	5	4	2	2	GOBP_PURINE_DEOXYRIBONUCLEOSIDE_METABOLIC_PROCESS
GOBP_PURINE_DEOXYRIBONUCLEOSIDE_MONOPHOSPHATE_CATABOLIC_PROCESS	8	4	2	2	GOBP_PURINE_DEOXYRIBONUCLEOSIDE_MONOPHOSPHATE_CATABOLIC_PROCESS
GOBP_PURINE_DEOXYRIBONUCLEOSIDE_MONOPHOSPHATE_METABOLIC_PROCESS	12	7	4	3	GOBP_PURINE_DEOXYRIBONUCLEOSIDE_MONOPHOSPHATE_METABOLIC_PROCESS
GOBP_PURINE_DEOXYRIBONUCLEOTIDE_BIOSYNTHETIC_PROCESS	5	3	2	1	GOBP_PURINE_DEOXYRIBONUCLEOTIDE_BIOSYNTHETIC_PROCESS
GOBP_PURINE_DEOXYRIBONUCLEOTIDE_CATABOLIC_PROCESS	12	4	2	2	GOBP_PURINE_DEOXYRIBONUCLEOSIDE_MONOPHOSPHATE_CATABOLIC_PROCESS
GOBP_PURINE_DEOXYRIBONUCLEOTIDE_METABOLIC_PROCESS	17	7	4	3	GOBP_PURINE_DEOXYRIBONUCLEOSIDE_MONOPHOSPHATE_METABOLIC_PROCESS
GOBP_PURINE_NUCLEOBASE_BIOSYNTHETIC_PROCESS	10	6	3	3	GOBP_PURINE_NUCLEOBASE_BIOSYNTHETIC_PROCESS
GOBP_PURINE_NUCLEOBASE_METABOLIC_PROCESS	21	11	6	5	GOBP_PURINE_NUCLEOBASE_METABOLIC_PROCESS
GOBP_PURINE_NUCLEOBASE_TRANSMEMBRANE_TRANSPORT	8	8	4	4	GOBP_PURINE_NUCLEOBASE_TRANSMEMBRANE_TRANSPORT
GOBP_PURINE_NUCLEOSIDE_BIOSYNTHETIC_PROCESS	11	7	4	3	GOBP_PURINE_NUCLEOSIDE_BIOSYNTHETIC_PROCESS
GOBP_PURINE_NUCLEOSIDE_BISPHOSPHATE_METABOLIC_PROCESS	17	9	5	4	GOBP_PURINE_NUCLEOSIDE_BISPHOSPHATE_METABOLIC_PROCESS
GOBP_PURINE_NUCLEOSIDE_CATABOLIC_PROCESS	8	6	3	3	GOBP_PURINE_NUCLEOSIDE_CATABOLIC_PROCESS
GOBP_PURINE_NUCLEOSIDE_METABOLIC_PROCESS	27	16	8	8	GOBP_PURINE_NUCLEOSIDE_METABOLIC_PROCESS
GOBP_PURINE_NUCLEOSIDE_MONOPHOSPHATE_BIOSYNTHETIC_PROCESS	21	10	5	5	GOBP_PURINE_NUCLEOSIDE_MONOPHOSPHATE_BIOSYNTHETIC_PROCESS
GOBP_PURINE_NUCLEOSIDE_MONOPHOSPHATE_CATABOLIC_PROCESS	12	7	4	3	GOBP_PURINE_NUCLEOSIDE_MONOPHOSPHATE_CATABOLIC_PROCESS
GOBP_PURINE_NUCLEOSIDE_MONOPHOSPHATE_METABOLIC_PROCESS	44	23	12	11	GOBP_PURINE_NUCLEOSIDE_MONOPHOSPHATE_METABOLIC_PROCESS
GOBP_PURINE_NUCLEOSIDE_TRANSMEMBRANE_TRANSPORT	5	4	2	2	GOBP_PURINE_NUCLEOSIDE_TRANSMEMBRANE_TRANSPORT
GOBP_PURINE_NUCLEOTIDE_BIOSYNTHETIC_PROCESS	192	79	40	39	GOBP_PURINE_NUCLEOTIDE_BIOSYNTHETIC_PROCESS
GOBP_PURINE_NUCLEOTIDE_CATABOLIC_PROCESS	142	65	33	32	GOBP_PURINE_NUCLEOTIDE_CATABOLIC_PROCESS
GOBP_PURINE_NUCLEOTIDE_SALVAGE	12	6	3	3	GOBP_PURINE_NUCLEOTIDE_SALVAGE
GOBP_PURINE_NUCLEOTIDE_TRANSPORT	42	23	12	11	GOBP_PURINE_NUCLEOTIDE_TRANSPORT
GOBP_PURINE_RIBONUCLEOSIDE_CATABOLIC_PROCESS	6	4	2	2	GOBP_PURINE_RIBONUCLEOSIDE_CATABOLIC_PROCESS
GOBP_PURINE_RIBONUCLEOSIDE_METABOLIC_PROCESS	22	14	7	7	GOBP_PURINE_RIBONUCLEOSIDE_METABOLIC_PROCESS
GOBP_PURINE_RIBONUCLEOSIDE_SALVAGE	7	5	3	2	GOBP_PURINE_RIBONUCLEOSIDE_SALVAGE
GOBP_PURINE_RIBONUCLEOTIDE_SALVAGE	9	3	2	1	GOBP_GMP_SALVAGE
GOBP_PUTRESCINE_BIOSYNTHETIC_PROCESS	5	3	2	1	GOBP_PUTRESCINE_BIOSYNTHETIC_PROCESS
GOBP_PUTRESCINE_METABOLIC_PROCESS	8	5	3	2	GOBP_PUTRESCINE_METABOLIC_PROCESS
GOBP_PYRAMIDAL_NEURON_DEVELOPMENT	11	5	3	2	GOBP_PYRAMIDAL_NEURON_DEVELOPMENT
GOBP_PYRAMIDAL_NEURON_DIFFERENTIATION	15	7	4	3	GOBP_PYRAMIDAL_NEURON_DIFFERENTIATION
GOBP_PYRIDINE_CONTAINING_COMPOUND_BIOSYNTHETIC_PROCESS	23	13	7	6	GOBP_PYRIDINE_CONTAINING_COMPOUND_BIOSYNTHETIC_PROCESS
GOBP_PYRIDINE_CONTAINING_COMPOUND_CATABOLIC_PROCESS	106	51	26	25	GOBP_PYRIDINE_CONTAINING_COMPOUND_CATABOLIC_PROCESS
GOBP_PYRIDINE_CONTAINING_COMPOUND_METABOLIC_PROCESS	177	88	44	44	GOBP_PYRIDINE_CONTAINING_COMPOUND_METABOLIC_PROCESS
GOBP_PYRIMIDINE_CONTAINING_COMPOUND_BIOSYNTHETIC_PROCESS	44	26	13	13	GOBP_PYRIMIDINE_CONTAINING_COMPOUND_BIOSYNTHETIC_PROCESS
GOBP_PYRIMIDINE_CONTAINING_COMPOUND_CATABOLIC_PROCESS	34	13	7	6	GOBP_PYRIMIDINE_CONTAINING_COMPOUND_CATABOLIC_PROCESS
GOBP_PYRIMIDINE_CONTAINING_COMPOUND_METABOLIC_PROCESS	81	40	20	20	GOBP_PYRIMIDINE_CONTAINING_COMPOUND_METABOLIC_PROCESS
GOBP_PYRIMIDINE_CONTAINING_COMPOUND_SALVAGE	7	4	2	2	GOBP_PYRIMIDINE_CONTAINING_COMPOUND_SALVAGE
GOBP_PYRIMIDINE_CONTAINING_COMPOUND_TRANSMEMBRANE_TRANSPORT	16	12	6	6	GOBP_PYRIMIDINE_CONTAINING_COMPOUND_TRANSMEMBRANE_TRANSPORT
GOBP_PYRIMIDINE_DEOXYRIBONUCLEOSIDE_METABOLIC_PROCESS	5	3	2	1	GOBP_PYRIMIDINE_DEOXYRIBONUCLEOSIDE_METABOLIC_PROCESS
GOBP_PYRIMIDINE_DEOXYRIBONUCLEOSIDE_MONOPHOSPHATE_METABOLIC_PROCESS	12	4	2	2	GOBP_DTMP_METABOLIC_PROCESS
GOBP_PYRIMIDINE_DEOXYRIBONUCLEOSIDE_TRIPHOSPHATE_METABOLIC_PROCESS	6	5	3	2	GOBP_PYRIMIDINE_DEOXYRIBONUCLEOSIDE_TRIPHOSPHATE_METABOLIC_PROCESS
GOBP_PYRIMIDINE_DEOXYRIBONUCLEOTIDE_BIOSYNTHETIC_PROCESS	7	4	2	2	GOBP_PYRIMIDINE_DEOXYRIBONUCLEOTIDE_BIOSYNTHETIC_PROCESS
GOBP_PYRIMIDINE_DEOXYRIBONUCLEOTIDE_METABOLIC_PROCESS	24	8	4	4	GOBP_PYRIMIDINE_DEOXYRIBONUCLEOTIDE_METABOLIC_PROCESS
GOBP_PYRIMIDINE_NUCLEOBASE_BIOSYNTHETIC_PROCESS	8	5	3	2	GOBP_PYRIMIDINE_NUCLEOBASE_BIOSYNTHETIC_PROCESS
GOBP_PYRIMIDINE_NUCLEOBASE_CATABOLIC_PROCESS	8	4	2	2	GOBP_PYRIMIDINE_NUCLEOBASE_CATABOLIC_PROCESS
GOBP_PYRIMIDINE_NUCLEOBASE_METABOLIC_PROCESS	20	13	7	6	GOBP_PYRIMIDINE_NUCLEOBASE_METABOLIC_PROCESS
GOBP_PYRIMIDINE_NUCLEOSIDE_BIOSYNTHETIC_PROCESS	5	4	2	2	GOBP_PYRIMIDINE_NUCLEOSIDE_BIOSYNTHETIC_PROCESS
GOBP_PYRIMIDINE_NUCLEOSIDE_CATABOLIC_PROCESS	10	4	2	2	GOBP_PYRIMIDINE_NUCLEOSIDE_CATABOLIC_PROCESS
GOBP_PYRIMIDINE_NUCLEOSIDE_DIPHOSPHATE_BIOSYNTHETIC_PROCESS	7	3	2	1	GOBP_PYRIMIDINE_NUCLEOSIDE_DIPHOSPHATE_BIOSYNTHETIC_PROCESS
GOBP_PYRIMIDINE_NUCLEOSIDE_DIPHOSPHATE_METABOLIC_PROCESS	10	3	2	1	GOBP_PYRIMIDINE_NUCLEOSIDE_DIPHOSPHATE_BIOSYNTHETIC_PROCESS
GOBP_PYRIMIDINE_NUCLEOSIDE_METABOLIC_PROCESS	18	9	5	4	GOBP_PYRIMIDINE_NUCLEOSIDE_METABOLIC_PROCESS
GOBP_PYRIMIDINE_NUCLEOSIDE_MONOPHOSPHATE_BIOSYNTHETIC_PROCESS	16	8	4	4	GOBP_PYRIMIDINE_NUCLEOSIDE_MONOPHOSPHATE_BIOSYNTHETIC_PROCESS
GOBP_PYRIMIDINE_NUCLEOSIDE_MONOPHOSPHATE_METABOLIC_PROCESS	22	9	5	4	GOBP_PYRIMIDINE_NUCLEOSIDE_MONOPHOSPHATE_METABOLIC_PROCESS
GOBP_PYRIMIDINE_NUCLEOSIDE_TRIPHOSPHATE_BIOSYNTHETIC_PROCESS	19	13	7	6	GOBP_PYRIMIDINE_NUCLEOSIDE_TRIPHOSPHATE_BIOSYNTHETIC_PROCESS
GOBP_PYRIMIDINE_NUCLEOSIDE_TRIPHOSPHATE_METABOLIC_PROCESS	24	15	8	7	GOBP_PYRIMIDINE_NUCLEOSIDE_TRIPHOSPHATE_METABOLIC_PROCESS
GOBP_PYRIMIDINE_NUCLEOTIDE_BIOSYNTHETIC_PROCESS	34	19	10	9	GOBP_PYRIMIDINE_NUCLEOTIDE_BIOSYNTHETIC_PROCESS
GOBP_PYRIMIDINE_NUCLEOTIDE_CATABOLIC_PROCESS	21	5	3	2	GOBP_PYRIMIDINE_NUCLEOTIDE_CATABOLIC_PROCESS
GOBP_PYRIMIDINE_NUCLEOTIDE_METABOLIC_PROCESS	54	23	12	11	GOBP_PYRIMIDINE_NUCLEOTIDE_METABOLIC_PROCESS
GOBP_PYRIMIDINE_RIBONUCLEOSIDE_METABOLIC_PROCESS	8	4	2	2	GOBP_PYRIMIDINE_NUCLEOSIDE_CATABOLIC_PROCESS
GOBP_PYRIMIDINE_RIBONUCLEOSIDE_MONOPHOSPHATE_BIOSYNTHETIC_PROCESS	12	6	3	3	GOBP_PYRIMIDINE_RIBONUCLEOSIDE_MONOPHOSPHATE_BIOSYNTHETIC_PROCESS
GOBP_PYRIMIDINE_RIBONUCLEOSIDE_MONOPHOSPHATE_METABOLIC_PROCESS	16	6	3	3	GOBP_PYRIMIDINE_RIBONUCLEOSIDE_MONOPHOSPHATE_BIOSYNTHETIC_PROCESS
GOBP_PYRIMIDINE_RIBONUCLEOSIDE_TRIPHOSPHATE_BIOSYNTHETIC_PROCESS	15	10	5	5	GOBP_PYRIMIDINE_RIBONUCLEOSIDE_TRIPHOSPHATE_BIOSYNTHETIC_PROCESS
GOBP_PYRIMIDINE_RIBONUCLEOSIDE_TRIPHOSPHATE_METABOLIC_PROCESS	18	10	5	5	GOBP_PYRIMIDINE_RIBONUCLEOSIDE_TRIPHOSPHATE_BIOSYNTHETIC_PROCESS
GOBP_PYRIMIDINE_RIBONUCLEOTIDE_BIOSYNTHETIC_PROCESS	25	14	7	7	GOBP_PYRIMIDINE_RIBONUCLEOTIDE_BIOSYNTHETIC_PROCESS
GOBP_PYRIMIDINE_RIBONUCLEOTIDE_METABOLIC_PROCESS	33	14	7	7	GOBP_PYRIMIDINE_RIBONUCLEOTIDE_BIOSYNTHETIC_PROCESS
GOBP_PYROPTOTIC_CELL_DEATH	5	3	2	1	GOBP_PYROPTOTIC_CELL_DEATH
GOBP_PYROPTOTIC_INFLAMMATORY_RESPONSE	40	20	10	10	GOBP_PYROPTOTIC_INFLAMMATORY_RESPONSE
GOBP_PYRUVATE_CATABOLIC_PROCESS	5	3	2	1	GOBP_PYRUVATE_CATABOLIC_PROCESS
GOBP_PYRUVATE_DECARBOXYLATION_TO_ACETYL_COA	14	7	4	3	GOBP_PYRUVATE_DECARBOXYLATION_TO_ACETYL_COA
GOBP_PYRUVATE_FAMILY_AMINO_ACID_CATABOLIC_PROCESS	11	4	2	2	GOBP_PYRUVATE_FAMILY_AMINO_ACID_CATABOLIC_PROCESS
GOBP_PYRUVATE_FAMILY_AMINO_ACID_METABOLIC_PROCESS	13	6	3	3	GOBP_PYRUVATE_FAMILY_AMINO_ACID_METABOLIC_PROCESS
GOBP_PYRUVATE_METABOLIC_PROCESS	128	65	33	32	GOBP_PYRUVATE_METABOLIC_PROCESS
GOBP_PYRUVATE_TRANSPORT	8	5	3	2	GOBP_PYRUVATE_TRANSPORT
GOBP_P_BODY_ASSEMBLY	23	6	3	3	GOBP_P_BODY_ASSEMBLY
GOBP_QUATERNARY_AMMONIUM_GROUP_TRANSPORT	18	11	6	5	GOBP_QUATERNARY_AMMONIUM_GROUP_TRANSPORT
GOBP_QUINOLINATE_BIOSYNTHETIC_PROCESS	5	3	2	1	GOBP_DE_NOVO_NAD_BIOSYNTHETIC_PROCESS_FROM_L_TRYPTOPHAN
GOBP_QUINOLINATE_METABOLIC_PROCESS	6	4	2	2	GOBP_QUINOLINATE_METABOLIC_PROCESS
GOBP_QUINONE_METABOLIC_PROCESS	24	11	6	5	GOBP_QUINONE_METABOLIC_PROCESS
GOBP_RAB_PROTEIN_SIGNAL_TRANSDUCTION	23	5	3	2	GOBP_RAB_PROTEIN_SIGNAL_TRANSDUCTION
GOBP_RAC_PROTEIN_SIGNAL_TRANSDUCTION	56	23	12	11	GOBP_RAC_PROTEIN_SIGNAL_TRANSDUCTION
GOBP_RADIAL_GLIAL_CELL_DIFFERENTIATION	14	7	4	3	GOBP_RADIAL_GLIAL_CELL_DIFFERENTIATION
GOBP_RANDOM_INACTIVATION_OF_X_CHROMOSOME	14	5	3	2	GOBP_RANDOM_INACTIVATION_OF_X_CHROMOSOME
GOBP_RAP_PROTEIN_SIGNAL_TRANSDUCTION	15	7	4	3	GOBP_RAP_PROTEIN_SIGNAL_TRANSDUCTION
GOBP_RAS_PROTEIN_SIGNAL_TRANSDUCTION	116	44	22	22	GOBP_RAS_PROTEIN_SIGNAL_TRANSDUCTION
GOBP_REACTIVE_GLIOSIS	6	3	2	1	GOBP_REACTIVE_GLIOSIS
GOBP_REACTIVE_NITROGEN_SPECIES_METABOLIC_PROCESS	91	52	26	26	GOBP_REACTIVE_NITROGEN_SPECIES_METABOLIC_PROCESS
GOBP_REACTIVE_OXYGEN_SPECIES_BIOSYNTHETIC_PROCESS	64	30	15	15	GOBP_REACTIVE_OXYGEN_SPECIES_BIOSYNTHETIC_PROCESS
GOBP_REACTIVE_OXYGEN_SPECIES_METABOLIC_PROCESS	244	128	64	64	GOBP_REACTIVE_OXYGEN_SPECIES_METABOLIC_PROCESS
GOBP_RECEPTOR_CATABOLIC_PROCESS	31	11	6	5	GOBP_RECEPTOR_CATABOLIC_PROCESS
GOBP_RECEPTOR_CLUSTERING	65	38	19	19	GOBP_RECEPTOR_CLUSTERING
GOBP_RECEPTOR_DIFFUSION_TRAPPING	12	9	5	4	GOBP_RECEPTOR_DIFFUSION_TRAPPING
GOBP_RECEPTOR_GUANYLYL_CYCLASE_SIGNALING_PATHWAY	11	8	4	4	GOBP_RECEPTOR_GUANYLYL_CYCLASE_SIGNALING_PATHWAY
GOBP_RECEPTOR_INTERNALIZATION	142	64	32	32	GOBP_RECEPTOR_INTERNALIZATION
GOBP_RECEPTOR_LOCALIZATION_TO_SYNAPSE	81	49	25	24	GOBP_RECEPTOR_LOCALIZATION_TO_SYNAPSE
GOBP_RECEPTOR_MEDIATED_ENDOCYTOSIS	283	129	65	64	GOBP_RECEPTOR_MEDIATED_ENDOCYTOSIS
GOBP_RECEPTOR_MEDIATED_ENDOCYTOSIS_INVOLVED_IN_CHOLESTEROL_TRANSPORT	9	3	2	1	GOBP_RECEPTOR_MEDIATED_ENDOCYTOSIS_INVOLVED_IN_CHOLESTEROL_TRANSPORT
GOBP_RECEPTOR_MEDIATED_VIRION_ATTACHMENT_TO_HOST_CELL	7	6	3	3	GOBP_RECEPTOR_MEDIATED_VIRION_ATTACHMENT_TO_HOST_CELL
GOBP_RECEPTOR_METABOLIC_PROCESS	76	27	14	13	GOBP_RECEPTOR_METABOLIC_PROCESS
GOBP_RECEPTOR_RECYCLING	48	17	9	8	GOBP_RECEPTOR_RECYCLING
GOBP_RECOGNITION_OF_APOPTOTIC_CELL	7	5	3	2	GOBP_RECOGNITION_OF_APOPTOTIC_CELL
GOBP_RECOMBINATIONAL_REPAIR	193	80	40	40	GOBP_RECOMBINATIONAL_REPAIR
GOBP_REDUCTION_OF_FOOD_INTAKE_IN_RESPONSE_TO_DIETARY_EXCESS	9	9	5	4	GOBP_REDUCTION_OF_FOOD_INTAKE_IN_RESPONSE_TO_DIETARY_EXCESS
GOBP_REELIN_MEDIATED_SIGNALING_PATHWAY	12	5	3	2	GOBP_REELIN_MEDIATED_SIGNALING_PATHWAY
GOBP_REFLEX	23	19	10	9	GOBP_REFLEX
GOBP_REGENERATION	192	112	56	56	GOBP_REGENERATION
GOBP_REGULATED_EXOCYTOSIS	231	128	64	64	GOBP_REGULATED_EXOCYTOSIS
GOBP_REGULATION_BY_VIRUS_OF_VIRAL_PROTEIN_LEVELS_IN_HOST_CELL	8	3	2	1	GOBP_REGULATION_BY_VIRUS_OF_VIRAL_PROTEIN_LEVELS_IN_HOST_CELL
GOBP_REGULATION_OF_3_UTR_MEDIATED_MRNA_STABILIZATION	9	5	3	2	GOBP_REGULATION_OF_3_UTR_MEDIATED_MRNA_STABILIZATION
GOBP_REGULATION_OF_ACROSOME_REACTION	19	11	6	5	GOBP_REGULATION_OF_ACROSOME_REACTION
GOBP_REGULATION_OF_ACTIN_FILAMENT_BASED_MOVEMENT	43	29	15	14	GOBP_REGULATION_OF_ACTIN_FILAMENT_BASED_MOVEMENT
GOBP_REGULATION_OF_ACTIN_FILAMENT_BASED_PROCESS	401	194	97	97	GOBP_REGULATION_OF_ACTIN_FILAMENT_BASED_PROCESS
GOBP_REGULATION_OF_ACTIN_FILAMENT_BUNDLE_ASSEMBLY	110	52	26	26	GOBP_REGULATION_OF_ACTIN_FILAMENT_BUNDLE_ASSEMBLY
GOBP_REGULATION_OF_ACTIN_FILAMENT_LENGTH	153	71	36	35	GOBP_REGULATION_OF_ACTIN_FILAMENT_LENGTH
GOBP_REGULATION_OF_ACTIN_FILAMENT_ORGANIZATION	272	123	62	61	GOBP_REGULATION_OF_ACTIN_FILAMENT_ORGANIZATION
GOBP_REGULATION_OF_ACTIN_FILAMENT_POLYMERIZATION	130	57	29	28	GOBP_REGULATION_OF_ACTIN_FILAMENT_POLYMERIZATION
GOBP_REGULATION_OF_ACTIN_NUCLEATION	39	15	8	7	GOBP_REGULATION_OF_ACTIN_NUCLEATION
GOBP_REGULATION_OF_ACTION_POTENTIAL	65	40	20	20	GOBP_REGULATION_OF_ACTION_POTENTIAL
GOBP_REGULATION_OF_ACTIVATION_INDUCED_CELL_DEATH_OF_T_CELLS	5	4	2	2	GOBP_REGULATION_OF_ACTIVATION_INDUCED_CELL_DEATH_OF_T_CELLS
GOBP_REGULATION_OF_ACTIVIN_RECEPTOR_SIGNALING_PATHWAY	28	15	8	7	GOBP_REGULATION_OF_ACTIVIN_RECEPTOR_SIGNALING_PATHWAY
GOBP_REGULATION_OF_ACTOMYOSIN_STRUCTURE_ORGANIZATION	108	48	24	24	GOBP_REGULATION_OF_ACTOMYOSIN_STRUCTURE_ORGANIZATION
GOBP_REGULATION_OF_ACUTE_INFLAMMATORY_RESPONSE	49	34	17	17	GOBP_REGULATION_OF_ACUTE_INFLAMMATORY_RESPONSE
GOBP_REGULATION_OF_ACUTE_INFLAMMATORY_RESPONSE_TO_ANTIGENIC_STIMULUS	17	13	7	6	GOBP_REGULATION_OF_ACUTE_INFLAMMATORY_RESPONSE_TO_ANTIGENIC_STIMULUS
GOBP_REGULATION_OF_ACYL_COA_BIOSYNTHETIC_PROCESS	8	5	3	2	GOBP_REGULATION_OF_ACYL_COA_BIOSYNTHETIC_PROCESS
GOBP_REGULATION_OF_ADAPTIVE_IMMUNE_RESPONSE	222	129	65	64	GOBP_REGULATION_OF_ADAPTIVE_IMMUNE_RESPONSE
GOBP_REGULATION_OF_ADENYLATE_CYCLASE_ACTIVATING_G_PROTEIN_COUPLED_RECEPTOR_SIGNALING_PATHWAY	20	9	5	4	GOBP_REGULATION_OF_ADENYLATE_CYCLASE_ACTIVATING_G_PROTEIN_COUPLED_RECEPTOR_SIGNALING_PATHWAY
GOBP_REGULATION_OF_ADENYLATE_CYCLASE_ACTIVITY	31	16	8	8	GOBP_REGULATION_OF_ADENYLATE_CYCLASE_ACTIVITY
GOBP_REGULATION_OF_ADIPONECTIN_SECRETION	7	5	3	2	GOBP_REGULATION_OF_ADIPONECTIN_SECRETION
GOBP_REGULATION_OF_ADIPOSE_TISSUE_DEVELOPMENT	18	7	4	3	GOBP_REGULATION_OF_ADIPOSE_TISSUE_DEVELOPMENT
GOBP_REGULATION_OF_AEROBIC_RESPIRATION	31	15	8	7	GOBP_REGULATION_OF_AEROBIC_RESPIRATION
GOBP_REGULATION_OF_ALCOHOL_BIOSYNTHETIC_PROCESS	57	32	16	16	GOBP_REGULATION_OF_ALCOHOL_BIOSYNTHETIC_PROCESS
GOBP_REGULATION_OF_ALDOSTERONE_METABOLIC_PROCESS	8	6	3	3	GOBP_REGULATION_OF_ALDOSTERONE_METABOLIC_PROCESS
GOBP_REGULATION_OF_ALPHA_BETA_T_CELL_ACTIVATION	124	68	34	34	GOBP_REGULATION_OF_ALPHA_BETA_T_CELL_ACTIVATION
GOBP_REGULATION_OF_ALPHA_BETA_T_CELL_DIFFERENTIATION	82	45	23	22	GOBP_REGULATION_OF_ALPHA_BETA_T_CELL_DIFFERENTIATION
GOBP_REGULATION_OF_ALTERNATIVE_MRNA_SPLICING_VIA_SPLICEOSOME	59	22	11	11	GOBP_REGULATION_OF_ALTERNATIVE_MRNA_SPLICING_VIA_SPLICEOSOME
GOBP_REGULATION_OF_AMACRINE_CELL_DIFFERENTIATION	7	4	2	2	GOBP_REGULATION_OF_AMACRINE_CELL_DIFFERENTIATION
GOBP_REGULATION_OF_AMIDE_METABOLIC_PROCESS	88	40	20	20	GOBP_REGULATION_OF_AMIDE_METABOLIC_PROCESS
GOBP_REGULATION_OF_AMINE_METABOLIC_PROCESS	26	16	8	8	GOBP_REGULATION_OF_AMINE_METABOLIC_PROCESS
GOBP_REGULATION_OF_AMINO_ACID_METABOLIC_PROCESS	13	5	3	2	GOBP_REGULATION_OF_AMINO_ACID_METABOLIC_PROCESS
GOBP_REGULATION_OF_AMINO_ACID_TRANSMEMBRANE_TRANSPORT	16	7	4	3	GOBP_REGULATION_OF_AMINO_ACID_TRANSMEMBRANE_TRANSPORT
GOBP_REGULATION_OF_AMINO_ACID_TRANSPORT	39	20	10	10	GOBP_REGULATION_OF_AMINO_ACID_TRANSPORT
GOBP_REGULATION_OF_AMPA_RECEPTOR_ACTIVITY	11	7	4	3	GOBP_REGULATION_OF_AMPA_RECEPTOR_ACTIVITY
GOBP_REGULATION_OF_AMYLOID_BETA_CLEARANCE	21	11	6	5	GOBP_REGULATION_OF_AMYLOID_BETA_CLEARANCE
GOBP_REGULATION_OF_AMYLOID_FIBRIL_FORMATION	18	13	7	6	GOBP_REGULATION_OF_AMYLOID_FIBRIL_FORMATION
GOBP_REGULATION_OF_AMYLOID_PRECURSOR_PROTEIN_CATABOLIC_PROCESS	60	23	12	11	GOBP_REGULATION_OF_AMYLOID_PRECURSOR_PROTEIN_CATABOLIC_PROCESS
GOBP_REGULATION_OF_ANAPHASE_PROMOTING_COMPLEX_DEPENDENT_CATABOLIC_PROCESS	5	3	2	1	GOBP_REGULATION_OF_ANAPHASE_PROMOTING_COMPLEX_DEPENDENT_CATABOLIC_PROCESS
GOBP_REGULATION_OF_ANATOMICAL_STRUCTURE_MORPHOGENESIS	913	480	240	240	GOBP_REGULATION_OF_ANATOMICAL_STRUCTURE_MORPHOGENESIS
GOBP_REGULATION_OF_ANATOMICAL_STRUCTURE_SIZE	516	269	135	134	GOBP_REGULATION_OF_ANATOMICAL_STRUCTURE_SIZE
GOBP_REGULATION_OF_ANDROGEN_RECEPTOR_SIGNALING_PATHWAY	34	9	5	4	GOBP_REGULATION_OF_ANDROGEN_RECEPTOR_SIGNALING_PATHWAY
GOBP_REGULATION_OF_ANGIOTENSIN_LEVELS_IN_BLOOD	14	11	6	5	GOBP_REGULATION_OF_ANGIOTENSIN_LEVELS_IN_BLOOD
GOBP_REGULATION_OF_ANIMAL_ORGAN_FORMATION	29	20	10	10	GOBP_REGULATION_OF_ANIMAL_ORGAN_FORMATION
GOBP_REGULATION_OF_ANIMAL_ORGAN_MORPHOGENESIS	84	64	32	32	GOBP_REGULATION_OF_ANIMAL_ORGAN_MORPHOGENESIS
GOBP_REGULATION_OF_ANOIKIS	26	10	5	5	GOBP_REGULATION_OF_ANOIKIS
GOBP_REGULATION_OF_ANTIBACTERIAL_PEPTIDE_PRODUCTION	6	6	3	3	GOBP_REGULATION_OF_ANTIBACTERIAL_PEPTIDE_PRODUCTION
GOBP_REGULATION_OF_ANTIGEN_PROCESSING_AND_PRESENTATION	23	17	9	8	GOBP_REGULATION_OF_ANTIGEN_PROCESSING_AND_PRESENTATION
GOBP_REGULATION_OF_ANTIGEN_PROCESSING_AND_PRESENTATION_OF_PEPTIDE_ANTIGEN	6	4	2	2	GOBP_REGULATION_OF_ANTIGEN_PROCESSING_AND_PRESENTATION_OF_PEPTIDE_ANTIGEN
GOBP_REGULATION_OF_ANTIGEN_PROCESSING_AND_PRESENTATION_OF_PEPTIDE_OR_POLYSACCHARIDE_ANTIGEN_VIA_MHC_CLASS_II	5	5	3	2	GOBP_REGULATION_OF_ANTIGEN_PROCESSING_AND_PRESENTATION_OF_PEPTIDE_OR_POLYSACCHARIDE_ANTIGEN_VIA_MHC_CLASS_II
GOBP_REGULATION_OF_ANTIGEN_RECEPTOR_MEDIATED_SIGNALING_PATHWAY	74	38	19	19	GOBP_REGULATION_OF_ANTIGEN_RECEPTOR_MEDIATED_SIGNALING_PATHWAY
GOBP_REGULATION_OF_ANTIMICROBIAL_HUMORAL_RESPONSE	11	8	4	4	GOBP_REGULATION_OF_ANTIMICROBIAL_HUMORAL_RESPONSE
GOBP_REGULATION_OF_ANTIMICROBIAL_PEPTIDE_PRODUCTION	8	8	4	4	GOBP_REGULATION_OF_ANTIMICROBIAL_HUMORAL_RESPONSE
GOBP_REGULATION_OF_APOPTOTIC_CELL_CLEARANCE	10	7	4	3	GOBP_REGULATION_OF_APOPTOTIC_CELL_CLEARANCE
GOBP_REGULATION_OF_APOPTOTIC_PROCESS_INVOLVED_IN_DEVELOPMENT	15	9	5	4	GOBP_REGULATION_OF_APOPTOTIC_PROCESS_INVOLVED_IN_DEVELOPMENT
GOBP_REGULATION_OF_APOPTOTIC_PROCESS_IN_BONE_MARROW_CELL	5	3	2	1	GOBP_APOPTOTIC_PROCESS_IN_BONE_MARROW_CELL
GOBP_REGULATION_OF_APOPTOTIC_SIGNALING_PATHWAY	405	190	95	95	GOBP_REGULATION_OF_APOPTOTIC_SIGNALING_PATHWAY
GOBP_REGULATION_OF_APPETITE	25	14	7	7	GOBP_REGULATION_OF_APPETITE
GOBP_REGULATION_OF_ARACHIDONATE_SECRETION	6	5	3	2	GOBP_POSITIVE_REGULATION_OF_ARACHIDONATE_SECRETION
GOBP_REGULATION_OF_ARP2_3_COMPLEX_MEDIATED_ACTIN_NUCLEATION	31	9	5	4	GOBP_REGULATION_OF_ARP2_3_COMPLEX_MEDIATED_ACTIN_NUCLEATION
GOBP_REGULATION_OF_ARTERY_MORPHOGENESIS	14	4	2	2	GOBP_POSITIVE_REGULATION_OF_ARTERY_MORPHOGENESIS
GOBP_REGULATION_OF_ASTROCYTE_ACTIVATION	8	4	2	2	GOBP_REGULATION_OF_ASTROCYTE_ACTIVATION
GOBP_REGULATION_OF_ASTROCYTE_DIFFERENTIATION	33	23	12	11	GOBP_REGULATION_OF_ASTROCYTE_DIFFERENTIATION
GOBP_REGULATION_OF_ATPASE_COUPLED_CALCIUM_TRANSMEMBRANE_TRANSPORTER_ACTIVITY	6	3	2	1	GOBP_REGULATION_OF_ATPASE_COUPLED_CALCIUM_TRANSMEMBRANE_TRANSPORTER_ACTIVITY
GOBP_REGULATION_OF_ATP_BIOSYNTHETIC_PROCESS	21	8	4	4	GOBP_POSITIVE_REGULATION_OF_NUCLEOTIDE_BIOSYNTHETIC_PROCESS
GOBP_REGULATION_OF_ATP_DEPENDENT_ACTIVITY	41	16	8	8	GOBP_REGULATION_OF_ATP_DEPENDENT_ACTIVITY
GOBP_REGULATION_OF_ATRIAL_CARDIAC_MUSCLE_CELL_MEMBRANE_DEPOLARIZATION	10	5	3	2	GOBP_REGULATION_OF_ATRIAL_CARDIAC_MUSCLE_CELL_MEMBRANE_DEPOLARIZATION
GOBP_REGULATION_OF_ATRIAL_CARDIAC_MUSCLE_CELL_MEMBRANE_REPOLARIZATION	8	5	3	2	GOBP_REGULATION_OF_ATRIAL_CARDIAC_MUSCLE_CELL_MEMBRANE_REPOLARIZATION
GOBP_REGULATION_OF_ATTACHMENT_OF_MITOTIC_SPINDLE_MICROTUBULES_TO_KINETOCHORE	10	5	3	2	GOBP_REGULATION_OF_ATTACHMENT_OF_MITOTIC_SPINDLE_MICROTUBULES_TO_KINETOCHORE
GOBP_REGULATION_OF_ATTACHMENT_OF_SPINDLE_MICROTUBULES_TO_KINETOCHORE	23	11	6	5	GOBP_REGULATION_OF_ATTACHMENT_OF_SPINDLE_MICROTUBULES_TO_KINETOCHORE
GOBP_REGULATION_OF_AUTOPHAGOSOME_ASSEMBLY	49	16	8	8	GOBP_REGULATION_OF_AUTOPHAGOSOME_ASSEMBLY
GOBP_REGULATION_OF_AUTOPHAGY	371	120	60	60	GOBP_REGULATION_OF_AUTOPHAGY
GOBP_REGULATION_OF_AUTOPHAGY_OF_MITOCHONDRION	53	16	8	8	GOBP_REGULATION_OF_AUTOPHAGY_OF_MITOCHONDRION
GOBP_REGULATION_OF_AXONOGENESIS	144	80	40	40	GOBP_REGULATION_OF_AXONOGENESIS
GOBP_REGULATION_OF_AXON_DIAMETER	5	5	3	2	GOBP_REGULATION_OF_AXON_DIAMETER
GOBP_REGULATION_OF_AXON_EXTENSION	84	42	21	21	GOBP_REGULATION_OF_AXON_EXTENSION
GOBP_REGULATION_OF_AXON_EXTENSION_INVOLVED_IN_AXON_GUIDANCE	17	11	6	5	GOBP_REGULATION_OF_AXON_EXTENSION_INVOLVED_IN_AXON_GUIDANCE
GOBP_REGULATION_OF_AXON_GUIDANCE	12	9	5	4	GOBP_REGULATION_OF_AXON_GUIDANCE
GOBP_REGULATION_OF_BASEMENT_MEMBRANE_ORGANIZATION	6	4	2	2	GOBP_REGULATION_OF_BASEMENT_MEMBRANE_ORGANIZATION
GOBP_REGULATION_OF_BEHAVIOR	77	43	22	21	GOBP_REGULATION_OF_BEHAVIOR
GOBP_REGULATION_OF_BICELLULAR_TIGHT_JUNCTION_ASSEMBLY	26	16	8	8	GOBP_REGULATION_OF_BICELLULAR_TIGHT_JUNCTION_ASSEMBLY
GOBP_REGULATION_OF_BILE_ACID_BIOSYNTHETIC_PROCESS	12	7	4	3	GOBP_REGULATION_OF_BILE_ACID_BIOSYNTHETIC_PROCESS
GOBP_REGULATION_OF_BILE_ACID_METABOLIC_PROCESS	15	10	5	5	GOBP_REGULATION_OF_BILE_ACID_METABOLIC_PROCESS
GOBP_REGULATION_OF_BILE_ACID_SECRETION	5	3	2	1	GOBP_REGULATION_OF_BILE_ACID_SECRETION
GOBP_REGULATION_OF_BINDING	151	69	35	34	GOBP_REGULATION_OF_BINDING
GOBP_REGULATION_OF_BINDING_OF_SPERM_TO_ZONA_PELLUCIDA	5	4	2	2	GOBP_REGULATION_OF_BINDING_OF_SPERM_TO_ZONA_PELLUCIDA
GOBP_REGULATION_OF_BIOLOGICAL_PROCESS_INVOLVED_IN_SYMBIOTIC_INTERACTION	42	26	13	13	GOBP_REGULATION_OF_BIOLOGICAL_PROCESS_INVOLVED_IN_SYMBIOTIC_INTERACTION
GOBP_REGULATION_OF_BIOMINERAL_TISSUE_DEVELOPMENT	103	59	30	29	GOBP_REGULATION_OF_BIOMINERAL_TISSUE_DEVELOPMENT
GOBP_REGULATION_OF_BLOOD_BRAIN_BARRIER_PERMEABILITY	9	8	4	4	GOBP_REGULATION_OF_BLOOD_BRAIN_BARRIER_PERMEABILITY
GOBP_REGULATION_OF_BLOOD_CIRCULATION	279	164	82	82	GOBP_REGULATION_OF_BLOOD_CIRCULATION
GOBP_REGULATION_OF_BLOOD_PRESSURE	202	136	68	68	GOBP_REGULATION_OF_BLOOD_PRESSURE
GOBP_REGULATION_OF_BLOOD_VESSEL_BRANCHING	8	3	2	1	GOBP_POSITIVE_REGULATION_OF_BLOOD_VESSEL_BRANCHING
GOBP_REGULATION_OF_BLOOD_VESSEL_REMODELING	12	5	3	2	GOBP_REGULATION_OF_BLOOD_VESSEL_REMODELING
GOBP_REGULATION_OF_BLOOD_VOLUME_BY_RENIN_ANGIOTENSIN	9	6	3	3	GOBP_REGULATION_OF_BLOOD_VOLUME_BY_RENIN_ANGIOTENSIN
GOBP_REGULATION_OF_BMP_SIGNALING_PATHWAY	124	65	33	32	GOBP_REGULATION_OF_BMP_SIGNALING_PATHWAY
GOBP_REGULATION_OF_BODY_FLUID_LEVELS	389	224	112	112	GOBP_REGULATION_OF_BODY_FLUID_LEVELS
GOBP_REGULATION_OF_BONE_DEVELOPMENT	10	5	3	2	GOBP_REGULATION_OF_BONE_DEVELOPMENT
GOBP_REGULATION_OF_BONE_MINERALIZATION	82	47	24	23	GOBP_REGULATION_OF_BONE_MINERALIZATION
GOBP_REGULATION_OF_BONE_MINERALIZATION_INVOLVED_IN_BONE_MATURATION	7	7	4	3	GOBP_REGULATION_OF_BONE_MINERALIZATION_INVOLVED_IN_BONE_MATURATION
GOBP_REGULATION_OF_BONE_REMODELING	47	27	14	13	GOBP_REGULATION_OF_BONE_REMODELING
GOBP_REGULATION_OF_BRANCHING_INVOLVED_IN_LUNG_MORPHOGENESIS	6	5	3	2	GOBP_REGULATION_OF_BRANCHING_INVOLVED_IN_LUNG_MORPHOGENESIS
GOBP_REGULATION_OF_BRANCHING_INVOLVED_IN_MAMMARY_GLAND_DUCT_MORPHOGENESIS	5	5	3	2	GOBP_REGULATION_OF_BRANCHING_INVOLVED_IN_MAMMARY_GLAND_DUCT_MORPHOGENESIS
GOBP_REGULATION_OF_BRANCHING_INVOLVED_IN_PROSTATE_GLAND_MORPHOGENESIS	5	5	3	2	GOBP_REGULATION_OF_BRANCHING_INVOLVED_IN_PROSTATE_GLAND_MORPHOGENESIS
GOBP_REGULATION_OF_BRANCHING_INVOLVED_IN_SALIVARY_GLAND_MORPHOGENESIS	9	7	4	3	GOBP_REGULATION_OF_BRANCHING_INVOLVED_IN_SALIVARY_GLAND_MORPHOGENESIS
GOBP_REGULATION_OF_BRANCHING_INVOLVED_IN_URETERIC_BUD_MORPHOGENESIS	21	19	10	9	GOBP_REGULATION_OF_BRANCHING_INVOLVED_IN_URETERIC_BUD_MORPHOGENESIS
GOBP_REGULATION_OF_BROWN_FAT_CELL_DIFFERENTIATION	25	12	6	6	GOBP_REGULATION_OF_BROWN_FAT_CELL_DIFFERENTIATION
GOBP_REGULATION_OF_B_CELL_ACTIVATION	135	81	41	40	GOBP_REGULATION_OF_B_CELL_ACTIVATION
GOBP_REGULATION_OF_B_CELL_APOPTOTIC_PROCESS	22	7	4	3	GOBP_REGULATION_OF_B_CELL_APOPTOTIC_PROCESS
GOBP_REGULATION_OF_B_CELL_DIFFERENTIATION	37	20	10	10	GOBP_REGULATION_OF_B_CELL_DIFFERENTIATION
GOBP_REGULATION_OF_B_CELL_MEDIATED_IMMUNITY	62	36	18	18	GOBP_REGULATION_OF_B_CELL_MEDIATED_IMMUNITY
GOBP_REGULATION_OF_B_CELL_PROLIFERATION	68	47	24	23	GOBP_REGULATION_OF_B_CELL_PROLIFERATION
GOBP_REGULATION_OF_B_CELL_RECEPTOR_SIGNALING_PATHWAY	25	12	6	6	GOBP_REGULATION_OF_B_CELL_RECEPTOR_SIGNALING_PATHWAY
GOBP_REGULATION_OF_CALCINEURIN_MEDIATED_SIGNALING	40	21	11	10	GOBP_REGULATION_OF_CALCINEURIN_MEDIATED_SIGNALING
GOBP_REGULATION_OF_CALCIUM_IMPORT_INTO_THE_MITOCHONDRION	6	3	2	1	GOBP_REGULATION_OF_CALCIUM_IMPORT_INTO_THE_MITOCHONDRION
GOBP_REGULATION_OF_CALCIUM_ION_DEPENDENT_EXOCYTOSIS	41	22	11	11	GOBP_REGULATION_OF_CALCIUM_ION_DEPENDENT_EXOCYTOSIS
GOBP_REGULATION_OF_CALCIUM_ION_DEPENDENT_EXOCYTOSIS_OF_NEUROTRANSMITTER	7	3	2	1	GOBP_REGULATION_OF_CALCIUM_ION_DEPENDENT_EXOCYTOSIS_OF_NEUROTRANSMITTER
GOBP_REGULATION_OF_CALCIUM_ION_IMPORT	50	28	14	14	GOBP_REGULATION_OF_CALCIUM_ION_IMPORT
GOBP_REGULATION_OF_CALCIUM_ION_IMPORT_ACROSS_PLASMA_MEMBRANE	16	7	4	3	GOBP_REGULATION_OF_CALCIUM_ION_IMPORT_ACROSS_PLASMA_MEMBRANE
GOBP_REGULATION_OF_CALCIUM_ION_IMPORT_INTO_SARCOPLASMIC_RETICULUM	5	4	2	2	GOBP_CALCIUM_ION_IMPORT_INTO_SARCOPLASMIC_RETICULUM
GOBP_REGULATION_OF_CALCIUM_ION_TRANSMEMBRANE_TRANSPORT	172	87	44	43	GOBP_REGULATION_OF_CALCIUM_ION_TRANSMEMBRANE_TRANSPORT
GOBP_REGULATION_OF_CALCIUM_ION_TRANSMEMBRANE_TRANSPORTER_ACTIVITY	35	14	7	7	GOBP_REGULATION_OF_CALCIUM_ION_TRANSMEMBRANE_TRANSPORTER_ACTIVITY
GOBP_REGULATION_OF_CALCIUM_ION_TRANSPORT	250	136	68	68	GOBP_REGULATION_OF_CALCIUM_ION_TRANSPORT
GOBP_REGULATION_OF_CALCIUM_ION_TRANSPORT_INTO_CYTOSOL	20	10	5	5	GOBP_REGULATION_OF_CALCIUM_ION_TRANSPORT_INTO_CYTOSOL
GOBP_REGULATION_OF_CALCIUM_MEDIATED_SIGNALING	99	63	32	31	GOBP_REGULATION_OF_CALCIUM_MEDIATED_SIGNALING
GOBP_REGULATION_OF_CAMKK_AMPK_SIGNALING_CASCADE	5	3	2	1	GOBP_REGULATION_OF_CAMKK_AMPK_SIGNALING_CASCADE
GOBP_REGULATION_OF_CAMP_PKA_SIGNAL_TRANSDUCTION	26	14	7	7	GOBP_REGULATION_OF_CAMP_PKA_SIGNAL_TRANSDUCTION
GOBP_REGULATION_OF_CANONICAL_WNT_SIGNALING_PATHWAY	276	118	59	59	GOBP_REGULATION_OF_CANONICAL_WNT_SIGNALING_PATHWAY
GOBP_REGULATION_OF_CARBOHYDRATE_BIOSYNTHETIC_PROCESS	104	46	23	23	GOBP_REGULATION_OF_CARBOHYDRATE_BIOSYNTHETIC_PROCESS
GOBP_REGULATION_OF_CARBOHYDRATE_CATABOLIC_PROCESS	68	31	16	15	GOBP_REGULATION_OF_CARBOHYDRATE_CATABOLIC_PROCESS
GOBP_REGULATION_OF_CARBOHYDRATE_METABOLIC_PROCESS	186	82	41	41	GOBP_REGULATION_OF_CARBOHYDRATE_METABOLIC_PROCESS
GOBP_REGULATION_OF_CARDIAC_CONDUCTION	28	17	9	8	GOBP_REGULATION_OF_CARDIAC_CONDUCTION
GOBP_REGULATION_OF_CARDIAC_EPITHELIAL_TO_MESENCHYMAL_TRANSITION	14	9	5	4	GOBP_REGULATION_OF_CARDIAC_EPITHELIAL_TO_MESENCHYMAL_TRANSITION
GOBP_REGULATION_OF_CARDIAC_MUSCLE_ADAPTATION	20	4	2	2	GOBP_REGULATION_OF_CARDIAC_MUSCLE_ADAPTATION
GOBP_REGULATION_OF_CARDIAC_MUSCLE_CELL_ACTION_POTENTIAL	31	18	9	9	GOBP_REGULATION_OF_CARDIAC_MUSCLE_CELL_ACTION_POTENTIAL
GOBP_REGULATION_OF_CARDIAC_MUSCLE_CELL_ACTION_POTENTIAL_INVOLVED_IN_REGULATION_OF_CONTRACTION	8	5	3	2	GOBP_REGULATION_OF_CARDIAC_MUSCLE_CELL_ACTION_POTENTIAL_INVOLVED_IN_REGULATION_OF_CONTRACTION
GOBP_REGULATION_OF_CARDIAC_MUSCLE_CELL_DIFFERENTIATION	22	11	6	5	GOBP_REGULATION_OF_CARDIAC_MUSCLE_CELL_DIFFERENTIATION
GOBP_REGULATION_OF_CARDIAC_MUSCLE_CELL_MEMBRANE_REPOLARIZATION	30	16	8	8	GOBP_REGULATION_OF_CARDIAC_MUSCLE_CELL_MEMBRANE_REPOLARIZATION
GOBP_REGULATION_OF_CARDIAC_MUSCLE_CELL_PROLIFERATION	49	22	11	11	GOBP_REGULATION_OF_CARDIAC_MUSCLE_CELL_PROLIFERATION
GOBP_REGULATION_OF_CARDIAC_MUSCLE_CONTRACTION	86	52	26	26	GOBP_REGULATION_OF_CARDIAC_MUSCLE_CONTRACTION
GOBP_REGULATION_OF_CARDIAC_MUSCLE_CONTRACTION_BY_CALCIUM_ION_SIGNALING	34	17	9	8	GOBP_REGULATION_OF_CARDIAC_MUSCLE_CONTRACTION_BY_CALCIUM_ION_SIGNALING
GOBP_REGULATION_OF_CARDIAC_MUSCLE_CONTRACTION_BY_REGULATION_OF_THE_RELEASE_OF_SEQUESTERED_CALCIUM_ION	25	11	6	5	GOBP_REGULATION_OF_CARDIAC_MUSCLE_CONTRACTION_BY_REGULATION_OF_THE_RELEASE_OF_SEQUESTERED_CALCIUM_ION
GOBP_REGULATION_OF_CARDIAC_MUSCLE_TISSUE_DEVELOPMENT	5	4	2	2	GOBP_REGULATION_OF_CARDIAC_MUSCLE_TISSUE_DEVELOPMENT
GOBP_REGULATION_OF_CARDIOBLAST_DIFFERENTIATION	5	3	2	1	GOBP_REGULATION_OF_CARDIOBLAST_DIFFERENTIATION
GOBP_REGULATION_OF_CARDIOCYTE_DIFFERENTIATION	33	17	9	8	GOBP_REGULATION_OF_CARDIOCYTE_DIFFERENTIATION
GOBP_REGULATION_OF_CARTILAGE_DEVELOPMENT	75	45	23	22	GOBP_REGULATION_OF_CARTILAGE_DEVELOPMENT
GOBP_REGULATION_OF_CATABOLIC_PROCESS	1147	407	204	203	GOBP_REGULATION_OF_CATABOLIC_PROCESS
GOBP_REGULATION_OF_CATALYTIC_ACTIVITY	608	279	140	139	GOBP_REGULATION_OF_CATALYTIC_ACTIVITY
GOBP_REGULATION_OF_CATECHOLAMINE_METABOLIC_PROCESS	21	14	7	7	GOBP_REGULATION_OF_CATECHOLAMINE_METABOLIC_PROCESS
GOBP_REGULATION_OF_CATECHOLAMINE_SECRETION	39	27	14	13	GOBP_REGULATION_OF_CATECHOLAMINE_SECRETION
GOBP_REGULATION_OF_CATECHOLAMINE_UPTAKE_INVOLVED_IN_SYNAPTIC_TRANSMISSION	8	6	3	3	GOBP_CATECHOLAMINE_UPTAKE_INVOLVED_IN_SYNAPTIC_TRANSMISSION
GOBP_REGULATION_OF_CATION_CHANNEL_ACTIVITY	55	25	13	12	GOBP_REGULATION_OF_CATION_CHANNEL_ACTIVITY
GOBP_REGULATION_OF_CD40_SIGNALING_PATHWAY	6	5	3	2	GOBP_REGULATION_OF_CD40_SIGNALING_PATHWAY
GOBP_REGULATION_OF_CD4_POSITIVE_ALPHA_BETA_T_CELL_ACTIVATION	86	47	24	23	GOBP_REGULATION_OF_CD4_POSITIVE_ALPHA_BETA_T_CELL_ACTIVATION
GOBP_REGULATION_OF_CD4_POSITIVE_ALPHA_BETA_T_CELL_DIFFERENTIATION	64	37	19	18	GOBP_REGULATION_OF_CD4_POSITIVE_ALPHA_BETA_T_CELL_DIFFERENTIATION
GOBP_REGULATION_OF_CD4_POSITIVE_CD25_POSITIVE_ALPHA_BETA_REGULATORY_T_CELL_DIFFERENTIATION	8	7	4	3	GOBP_REGULATION_OF_CD4_POSITIVE_CD25_POSITIVE_ALPHA_BETA_REGULATORY_T_CELL_DIFFERENTIATION
GOBP_REGULATION_OF_CD8_POSITIVE_ALPHA_BETA_T_CELL_ACTIVATION	20	10	5	5	GOBP_REGULATION_OF_CD8_POSITIVE_ALPHA_BETA_T_CELL_ACTIVATION
GOBP_REGULATION_OF_CD8_POSITIVE_ALPHA_BETA_T_CELL_DIFFERENTIATION	8	4	2	2	GOBP_REGULATION_OF_CD8_POSITIVE_ALPHA_BETA_T_CELL_DIFFERENTIATION
GOBP_REGULATION_OF_CDC42_PROTEIN_SIGNAL_TRANSDUCTION	12	7	4	3	GOBP_REGULATION_OF_CDC42_PROTEIN_SIGNAL_TRANSDUCTION
GOBP_REGULATION_OF_CELLULAR_COMPONENT_BIOGENESIS	1075	485	243	242	GOBP_REGULATION_OF_CELLULAR_COMPONENT_BIOGENESIS
GOBP_REGULATION_OF_CELLULAR_COMPONENT_SIZE	361	172	86	86	GOBP_REGULATION_OF_CELLULAR_COMPONENT_SIZE
GOBP_REGULATION_OF_CELLULAR_EXTRAVASATION	40	28	14	14	GOBP_REGULATION_OF_CELLULAR_EXTRAVASATION
GOBP_REGULATION_OF_CELLULAR_LOCALIZATION	1040	492	246	246	GOBP_REGULATION_OF_CELLULAR_LOCALIZATION
GOBP_REGULATION_OF_CELLULAR_PH_REDUCTION	8	4	2	2	GOBP_POSITIVE_REGULATION_OF_CELLULAR_PH_REDUCTION
GOBP_REGULATION_OF_CELLULAR_RESPIRATION	47	24	12	12	GOBP_REGULATION_OF_CELLULAR_RESPIRATION
GOBP_REGULATION_OF_CELLULAR_RESPONSE_TO_GROWTH_FACTOR_STIMULUS	388	194	97	97	GOBP_REGULATION_OF_CELLULAR_RESPONSE_TO_GROWTH_FACTOR_STIMULUS
GOBP_REGULATION_OF_CELLULAR_RESPONSE_TO_HEAT	16	5	3	2	GOBP_REGULATION_OF_CELLULAR_RESPONSE_TO_HEAT
GOBP_REGULATION_OF_CELLULAR_RESPONSE_TO_HYPOXIA	24	11	6	5	GOBP_REGULATION_OF_CELLULAR_RESPONSE_TO_HYPOXIA
GOBP_REGULATION_OF_CELLULAR_RESPONSE_TO_INSULIN_STIMULUS	82	28	14	14	GOBP_REGULATION_OF_CELLULAR_RESPONSE_TO_INSULIN_STIMULUS
GOBP_REGULATION_OF_CELLULAR_RESPONSE_TO_OXIDATIVE_STRESS	24	11	6	5	GOBP_REGULATION_OF_CELLULAR_RESPONSE_TO_OXIDATIVE_STRESS
GOBP_REGULATION_OF_CELLULAR_RESPONSE_TO_STRESS	549	225	113	112	GOBP_REGULATION_OF_CELLULAR_RESPONSE_TO_STRESS
GOBP_REGULATION_OF_CELLULAR_RESPONSE_TO_TRANSFORMING_GROWTH_FACTOR_BETA_STIMULUS	187	86	43	43	GOBP_REGULATION_OF_CELLULAR_RESPONSE_TO_TRANSFORMING_GROWTH_FACTOR_BETA_STIMULUS
GOBP_REGULATION_OF_CELLULAR_RESPONSE_TO_VASCULAR_ENDOTHELIAL_GROWTH_FACTOR_STIMULUS	39	25	13	12	GOBP_REGULATION_OF_CELLULAR_RESPONSE_TO_VASCULAR_ENDOTHELIAL_GROWTH_FACTOR_STIMULUS
GOBP_REGULATION_OF_CELLULAR_SENESCENCE	56	27	14	13	GOBP_REGULATION_OF_CELLULAR_SENESCENCE
GOBP_REGULATION_OF_CELL_ACTIVATION	663	371	186	185	GOBP_REGULATION_OF_CELL_ACTIVATION
GOBP_REGULATION_OF_CELL_ADHESION	828	474	237	237	GOBP_REGULATION_OF_CELL_ADHESION
GOBP_REGULATION_OF_CELL_ADHESION_MEDIATED_BY_INTEGRIN	49	27	14	13	GOBP_REGULATION_OF_CELL_ADHESION_MEDIATED_BY_INTEGRIN
GOBP_REGULATION_OF_CELL_CELL_ADHESION	523	301	151	150	GOBP_REGULATION_OF_CELL_CELL_ADHESION
GOBP_REGULATION_OF_CELL_CELL_ADHESION_MEDIATED_BY_CADHERIN	23	14	7	7	GOBP_REGULATION_OF_CELL_CELL_ADHESION_MEDIATED_BY_CADHERIN
GOBP_REGULATION_OF_CELL_CELL_ADHESION_MEDIATED_BY_INTEGRIN	11	5	3	2	GOBP_REGULATION_OF_CELL_CELL_ADHESION_MEDIATED_BY_INTEGRIN
GOBP_REGULATION_OF_CELL_CHEMOTAXIS_TO_FIBROBLAST_GROWTH_FACTOR	10	4	2	2	GOBP_REGULATION_OF_CELL_CHEMOTAXIS_TO_FIBROBLAST_GROWTH_FACTOR
GOBP_REGULATION_OF_CELL_COMMUNICATION_BY_ELECTRICAL_COUPLING	17	8	4	4	GOBP_REGULATION_OF_CELL_COMMUNICATION_BY_ELECTRICAL_COUPLING
GOBP_REGULATION_OF_CELL_COMMUNICATION_BY_ELECTRICAL_COUPLING_INVOLVED_IN_CARDIAC_CONDUCTION	12	5	3	2	GOBP_REGULATION_OF_CELL_COMMUNICATION_BY_ELECTRICAL_COUPLING_INVOLVED_IN_CARDIAC_CONDUCTION
GOBP_REGULATION_OF_CELL_CYCLE	1114	490	245	245	GOBP_REGULATION_OF_CELL_CYCLE
GOBP_REGULATION_OF_CELL_CYCLE_CHECKPOINT	48	27	14	13	GOBP_REGULATION_OF_CELL_CYCLE_CHECKPOINT
GOBP_REGULATION_OF_CELL_CYCLE_G1_S_PHASE_TRANSITION	206	84	42	42	GOBP_REGULATION_OF_CELL_CYCLE_G1_S_PHASE_TRANSITION
GOBP_REGULATION_OF_CELL_CYCLE_G2_M_PHASE_TRANSITION	122	54	27	27	GOBP_REGULATION_OF_CELL_CYCLE_G2_M_PHASE_TRANSITION
GOBP_REGULATION_OF_CELL_CYCLE_PHASE_TRANSITION	467	213	107	106	GOBP_REGULATION_OF_CELL_CYCLE_PHASE_TRANSITION
GOBP_REGULATION_OF_CELL_CYCLE_PROCESS	774	347	174	173	GOBP_REGULATION_OF_CELL_CYCLE_PROCESS
GOBP_REGULATION_OF_CELL_DEVELOPMENT	856	454	227	227	GOBP_REGULATION_OF_CELL_DEVELOPMENT
GOBP_REGULATION_OF_CELL_DIFFERENTIATION	1660	858	429	429	GOBP_REGULATION_OF_CELL_DIFFERENTIATION
GOBP_REGULATION_OF_CELL_DIFFERENTIATION_INVOLVED_IN_EMBRYONIC_PLACENTA_DEVELOPMENT	5	3	2	1	GOBP_REGULATION_OF_CELL_DIFFERENTIATION_INVOLVED_IN_EMBRYONIC_PLACENTA_DEVELOPMENT
GOBP_REGULATION_OF_CELL_DIVISION	189	91	46	45	GOBP_REGULATION_OF_CELL_DIVISION
GOBP_REGULATION_OF_CELL_FATE_COMMITMENT	49	23	12	11	GOBP_REGULATION_OF_CELL_FATE_COMMITMENT
GOBP_REGULATION_OF_CELL_FATE_SPECIFICATION	23	9	5	4	GOBP_REGULATION_OF_CELL_FATE_SPECIFICATION
GOBP_REGULATION_OF_CELL_GROWTH	417	203	102	101	GOBP_REGULATION_OF_CELL_GROWTH
GOBP_REGULATION_OF_CELL_GROWTH_INVOLVED_IN_CARDIAC_MUSCLE_CELL_DEVELOPMENT	22	11	6	5	GOBP_REGULATION_OF_CELL_GROWTH_INVOLVED_IN_CARDIAC_MUSCLE_CELL_DEVELOPMENT
GOBP_REGULATION_OF_CELL_JUNCTION_ASSEMBLY	273	143	72	71	GOBP_REGULATION_OF_CELL_JUNCTION_ASSEMBLY
GOBP_REGULATION_OF_CELL_KILLING	113	69	35	34	GOBP_REGULATION_OF_CELL_KILLING
GOBP_REGULATION_OF_CELL_MATRIX_ADHESION	127	62	31	31	GOBP_REGULATION_OF_CELL_MATRIX_ADHESION
GOBP_REGULATION_OF_CELL_MATURATION	25	11	6	5	GOBP_REGULATION_OF_CELL_MATURATION
GOBP_REGULATION_OF_CELL_MIGRATION_INVOLVED_IN_SPROUTING_ANGIOGENESIS	82	27	14	13	GOBP_REGULATION_OF_CELL_MIGRATION_INVOLVED_IN_SPROUTING_ANGIOGENESIS
GOBP_REGULATION_OF_CELL_MORPHOGENESIS	246	111	56	55	GOBP_REGULATION_OF_CELL_MORPHOGENESIS
GOBP_REGULATION_OF_CELL_POPULATION_PROLIFERATION	1790	961	481	480	GOBP_REGULATION_OF_CELL_POPULATION_PROLIFERATION
GOBP_REGULATION_OF_CELL_PROJECTION_ASSEMBLY	233	103	52	51	GOBP_REGULATION_OF_CELL_PROJECTION_ASSEMBLY
GOBP_REGULATION_OF_CELL_PROJECTION_ORGANIZATION	692	344	172	172	GOBP_REGULATION_OF_CELL_PROJECTION_ORGANIZATION
GOBP_REGULATION_OF_CELL_PROJECTION_SIZE	13	12	6	6	GOBP_REGULATION_OF_CELL_PROJECTION_SIZE
GOBP_REGULATION_OF_CELL_PROLIFERATION_INVOLVED_IN_KIDNEY_DEVELOPMENT	16	12	6	6	GOBP_REGULATION_OF_CELL_PROLIFERATION_INVOLVED_IN_KIDNEY_DEVELOPMENT
GOBP_REGULATION_OF_CELL_PROLIFERATION_IN_BONE_MARROW	8	4	2	2	GOBP_POSITIVE_REGULATION_OF_CELL_PROLIFERATION_IN_BONE_MARROW
GOBP_REGULATION_OF_CELL_SHAPE	140	69	35	34	GOBP_REGULATION_OF_CELL_SHAPE
GOBP_REGULATION_OF_CELL_SIZE	185	91	46	45	GOBP_REGULATION_OF_CELL_SIZE
GOBP_REGULATION_OF_CELL_SUBSTRATE_ADHESION	225	120	60	60	GOBP_REGULATION_OF_CELL_SUBSTRATE_ADHESION
GOBP_REGULATION_OF_CELL_SUBSTRATE_JUNCTION_ORGANIZATION	69	32	16	16	GOBP_REGULATION_OF_CELL_SUBSTRATE_JUNCTION_ORGANIZATION
GOBP_REGULATION_OF_CENTRIOLE_ELONGATION	9	3	2	1	GOBP_POSITIVE_REGULATION_OF_CENTRIOLE_ELONGATION
GOBP_REGULATION_OF_CENTRIOLE_REPLICATION	25	9	5	4	GOBP_REGULATION_OF_CENTRIOLE_REPLICATION
GOBP_REGULATION_OF_CENTROMERIC_SISTER_CHROMATID_COHESION	5	3	2	1	GOBP_REGULATION_OF_CENTROMERIC_SISTER_CHROMATID_COHESION
GOBP_REGULATION_OF_CENTROSOME_CYCLE	59	25	13	12	GOBP_REGULATION_OF_CENTROSOME_CYCLE
GOBP_REGULATION_OF_CENTROSOME_DUPLICATION	50	21	11	10	GOBP_REGULATION_OF_CENTROSOME_DUPLICATION
GOBP_REGULATION_OF_CEREBELLAR_GRANULE_CELL_PRECURSOR_PROLIFERATION	8	6	3	3	GOBP_REGULATION_OF_CEREBELLAR_GRANULE_CELL_PRECURSOR_PROLIFERATION
GOBP_REGULATION_OF_CGMP_MEDIATED_SIGNALING	14	10	5	5	GOBP_REGULATION_OF_CGMP_MEDIATED_SIGNALING
GOBP_REGULATION_OF_CHAPERONE_MEDIATED_AUTOPHAGY	8	3	2	1	GOBP_REGULATION_OF_CHAPERONE_MEDIATED_AUTOPHAGY
GOBP_REGULATION_OF_CHEMOKINE_MEDIATED_SIGNALING_PATHWAY	12	8	4	4	GOBP_REGULATION_OF_CHEMOKINE_MEDIATED_SIGNALING_PATHWAY
GOBP_REGULATION_OF_CHEMOTAXIS	215	141	71	70	GOBP_REGULATION_OF_CHEMOTAXIS
GOBP_REGULATION_OF_CHLORIDE_TRANSPORT	6	5	3	2	GOBP_REGULATION_OF_CHLORIDE_TRANSPORT
GOBP_REGULATION_OF_CHOLESTEROL_BIOSYNTHETIC_PROCESS	34	16	8	8	GOBP_REGULATION_OF_CHOLESTEROL_BIOSYNTHETIC_PROCESS
GOBP_REGULATION_OF_CHOLESTEROL_EFFLUX	57	20	10	10	GOBP_REGULATION_OF_CHOLESTEROL_EFFLUX
GOBP_REGULATION_OF_CHOLESTEROL_METABOLIC_PROCESS	56	27	14	13	GOBP_REGULATION_OF_CHOLESTEROL_METABOLIC_PROCESS
GOBP_REGULATION_OF_CHOLESTEROL_STORAGE	19	10	5	5	GOBP_REGULATION_OF_CHOLESTEROL_STORAGE
GOBP_REGULATION_OF_CHONDROCYTE_DEVELOPMENT	6	5	3	2	GOBP_REGULATION_OF_CHONDROCYTE_DEVELOPMENT
GOBP_REGULATION_OF_CHONDROCYTE_DIFFERENTIATION	54	31	16	15	GOBP_REGULATION_OF_CHONDROCYTE_DIFFERENTIATION
GOBP_REGULATION_OF_CHROMATIN_ORGANIZATION	26	11	6	5	GOBP_REGULATION_OF_CHROMATIN_ORGANIZATION
GOBP_REGULATION_OF_CHROMOSOME_CONDENSATION	14	10	5	5	GOBP_REGULATION_OF_CHROMOSOME_CONDENSATION
GOBP_REGULATION_OF_CHROMOSOME_ORGANIZATION	244	116	58	58	GOBP_REGULATION_OF_CHROMOSOME_ORGANIZATION
GOBP_REGULATION_OF_CHROMOSOME_SEGREGATION	134	70	35	35	GOBP_REGULATION_OF_CHROMOSOME_SEGREGATION
GOBP_REGULATION_OF_CHRONIC_INFLAMMATORY_RESPONSE	9	8	4	4	GOBP_REGULATION_OF_CHRONIC_INFLAMMATORY_RESPONSE
GOBP_REGULATION_OF_CILIUM_ASSEMBLY	100	29	15	14	GOBP_REGULATION_OF_CILIUM_ASSEMBLY
GOBP_REGULATION_OF_CILIUM_BEAT_FREQUENCY	17	7	4	3	GOBP_REGULATION_OF_CILIUM_BEAT_FREQUENCY
GOBP_REGULATION_OF_CILIUM_BEAT_FREQUENCY_INVOLVED_IN_CILIARY_MOTILITY	9	4	2	2	GOBP_REGULATION_OF_CILIUM_BEAT_FREQUENCY_INVOLVED_IN_CILIARY_MOTILITY
GOBP_REGULATION_OF_CILIUM_DEPENDENT_CELL_MOTILITY	32	19	10	9	GOBP_REGULATION_OF_CILIUM_DEPENDENT_CELL_MOTILITY
GOBP_REGULATION_OF_CILIUM_MOVEMENT	43	26	13	13	GOBP_REGULATION_OF_CILIUM_MOVEMENT
GOBP_REGULATION_OF_CIRCADIAN_RHYTHM	115	53	27	26	GOBP_REGULATION_OF_CIRCADIAN_RHYTHM
GOBP_REGULATION_OF_CIRCADIAN_SLEEP_WAKE_CYCLE	22	11	6	5	GOBP_REGULATION_OF_CIRCADIAN_SLEEP_WAKE_CYCLE
GOBP_REGULATION_OF_CLATHRIN_DEPENDENT_ENDOCYTOSIS	18	7	4	3	GOBP_REGULATION_OF_CLATHRIN_DEPENDENT_ENDOCYTOSIS
GOBP_REGULATION_OF_COAGULATION	76	50	25	25	GOBP_REGULATION_OF_COAGULATION
GOBP_REGULATION_OF_COLLAGEN_FIBRIL_ORGANIZATION	9	5	3	2	GOBP_REGULATION_OF_COLLAGEN_FIBRIL_ORGANIZATION
GOBP_REGULATION_OF_COLLAGEN_METABOLIC_PROCESS	47	29	15	14	GOBP_REGULATION_OF_COLLAGEN_METABOLIC_PROCESS
GOBP_REGULATION_OF_COLLATERAL_SPROUTING	22	13	7	6	GOBP_REGULATION_OF_COLLATERAL_SPROUTING
GOBP_REGULATION_OF_COMPLEMENT_ACTIVATION	23	17	9	8	GOBP_REGULATION_OF_COMPLEMENT_ACTIVATION
GOBP_REGULATION_OF_COMPLEMENT_ACTIVATION_ALTERNATIVE_PATHWAY	6	4	2	2	GOBP_REGULATION_OF_COMPLEMENT_ACTIVATION_ALTERNATIVE_PATHWAY
GOBP_REGULATION_OF_COMPLEMENT_ACTIVATION_CLASSICAL_PATHWAY	8	7	4	3	GOBP_REGULATION_OF_COMPLEMENT_ACTIVATION_CLASSICAL_PATHWAY
GOBP_REGULATION_OF_COMPLEMENT_DEPENDENT_CYTOTOXICITY	11	7	4	3	GOBP_REGULATION_OF_COMPLEMENT_DEPENDENT_CYTOTOXICITY
GOBP_REGULATION_OF_CONNECTIVE_TISSUE_REPLACEMENT	16	3	2	1	GOBP_REGULATION_OF_CONNECTIVE_TISSUE_REPLACEMENT
GOBP_REGULATION_OF_COPII_VESICLE_COATING	5	3	2	1	GOBP_REGULATION_OF_COPII_VESICLE_COATING
GOBP_REGULATION_OF_CORTICOSTERONE_SECRETION	6	6	3	3	GOBP_REGULATION_OF_CORTICOSTERONE_SECRETION
GOBP_REGULATION_OF_CORTICOTROPIN_SECRETION	7	4	2	2	GOBP_REGULATION_OF_CORTICOTROPIN_SECRETION
GOBP_REGULATION_OF_CORTISOL_BIOSYNTHETIC_PROCESS	7	4	2	2	GOBP_REGULATION_OF_CORTISOL_BIOSYNTHETIC_PROCESS
GOBP_REGULATION_OF_CYCLIN_DEPENDENT_PROTEIN_SERINE_THREONINE_KINASE_ACTIVITY	33	15	8	7	GOBP_REGULATION_OF_CYCLIN_DEPENDENT_PROTEIN_SERINE_THREONINE_KINASE_ACTIVITY
GOBP_REGULATION_OF_CYTOKINESIS	95	36	18	18	GOBP_REGULATION_OF_CYTOKINESIS
GOBP_REGULATION_OF_CYTOPLASMIC_PATTERN_RECOGNITION_RECEPTOR_SIGNALING_PATHWAY	137	58	29	29	GOBP_REGULATION_OF_CYTOPLASMIC_PATTERN_RECOGNITION_RECEPTOR_SIGNALING_PATHWAY
GOBP_REGULATION_OF_CYTOPLASMIC_TRANSLATION	38	19	10	9	GOBP_REGULATION_OF_CYTOPLASMIC_TRANSLATION
GOBP_REGULATION_OF_CYTOPLASMIC_TRANSLATIONAL_INITIATION	10	5	3	2	GOBP_REGULATION_OF_CYTOPLASMIC_TRANSLATIONAL_INITIATION
GOBP_REGULATION_OF_CYTOSKELETON_ORGANIZATION	548	247	124	123	GOBP_REGULATION_OF_CYTOSKELETON_ORGANIZATION
GOBP_REGULATION_OF_CYTOSOLIC_CALCIUM_ION_CONCENTRATION	58	36	18	18	GOBP_REGULATION_OF_CYTOSOLIC_CALCIUM_ION_CONCENTRATION
GOBP_REGULATION_OF_DEFENSE_RESPONSE	907	448	224	224	GOBP_REGULATION_OF_DEFENSE_RESPONSE
GOBP_REGULATION_OF_DEFENSE_RESPONSE_TO_BACTERIUM	19	14	7	7	GOBP_REGULATION_OF_DEFENSE_RESPONSE_TO_BACTERIUM
GOBP_REGULATION_OF_DEFENSE_RESPONSE_TO_FUNGUS	7	3	2	1	GOBP_REGULATION_OF_DEFENSE_RESPONSE_TO_FUNGUS
GOBP_REGULATION_OF_DEFENSE_RESPONSE_TO_VIRUS	67	32	16	16	GOBP_REGULATION_OF_DEFENSE_RESPONSE_TO_VIRUS
GOBP_REGULATION_OF_DEFENSE_RESPONSE_TO_VIRUS_BY_HOST	45	26	13	13	GOBP_REGULATION_OF_DEFENSE_RESPONSE_TO_VIRUS_BY_HOST
GOBP_REGULATION_OF_DELAYED_RECTIFIER_POTASSIUM_CHANNEL_ACTIVITY	9	4	2	2	GOBP_NEGATIVE_REGULATION_OF_DELAYED_RECTIFIER_POTASSIUM_CHANNEL_ACTIVITY
GOBP_REGULATION_OF_DENDRITE_DEVELOPMENT	101	51	26	25	GOBP_REGULATION_OF_DENDRITE_DEVELOPMENT
GOBP_REGULATION_OF_DENDRITE_EXTENSION	26	13	7	6	GOBP_REGULATION_OF_DENDRITE_EXTENSION
GOBP_REGULATION_OF_DENDRITE_MORPHOGENESIS	65	27	14	13	GOBP_REGULATION_OF_DENDRITE_MORPHOGENESIS
GOBP_REGULATION_OF_DENDRITIC_CELL_ANTIGEN_PROCESSING_AND_PRESENTATION	11	9	5	4	GOBP_REGULATION_OF_DENDRITIC_CELL_ANTIGEN_PROCESSING_AND_PRESENTATION
GOBP_REGULATION_OF_DENDRITIC_CELL_CHEMOTAXIS	12	10	5	5	GOBP_REGULATION_OF_DENDRITIC_CELL_CHEMOTAXIS
GOBP_REGULATION_OF_DENDRITIC_CELL_DIFFERENTIATION	16	11	6	5	GOBP_REGULATION_OF_DENDRITIC_CELL_DIFFERENTIATION
GOBP_REGULATION_OF_DENDRITIC_SPINE_DEVELOPMENT	56	23	12	11	GOBP_REGULATION_OF_DENDRITIC_SPINE_DEVELOPMENT
GOBP_REGULATION_OF_DENDRITIC_SPINE_MAINTENANCE	15	7	4	3	GOBP_REGULATION_OF_DENDRITIC_SPINE_MAINTENANCE
GOBP_REGULATION_OF_DENDRITIC_SPINE_MORPHOGENESIS	42	18	9	9	GOBP_REGULATION_OF_DENDRITIC_SPINE_MORPHOGENESIS
GOBP_REGULATION_OF_DEPHOSPHORYLATION	24	7	4	3	GOBP_REGULATION_OF_DEPHOSPHORYLATION
GOBP_REGULATION_OF_DEVELOPMENTAL_GROWTH	332	164	82	82	GOBP_REGULATION_OF_DEVELOPMENTAL_GROWTH
GOBP_REGULATION_OF_DEVELOPMENT_HETEROCHRONIC	14	8	4	4	GOBP_REGULATION_OF_DEVELOPMENT_HETEROCHRONIC
GOBP_REGULATION_OF_DIGESTIVE_SYSTEM_PROCESS	44	31	16	15	GOBP_REGULATION_OF_DIGESTIVE_SYSTEM_PROCESS
GOBP_REGULATION_OF_DNA_BINDING	58	30	15	15	GOBP_REGULATION_OF_DNA_BINDING
GOBP_REGULATION_OF_DNA_BINDING_TRANSCRIPTION_FACTOR_ACTIVITY	212	89	45	44	GOBP_REGULATION_OF_DNA_BINDING_TRANSCRIPTION_FACTOR_ACTIVITY
GOBP_REGULATION_OF_DNA_BIOSYNTHETIC_PROCESS	88	44	22	22	GOBP_REGULATION_OF_DNA_BIOSYNTHETIC_PROCESS
GOBP_REGULATION_OF_DNA_CATABOLIC_PROCESS	10	3	2	1	GOBP_REGULATION_OF_DNA_CATABOLIC_PROCESS
GOBP_REGULATION_OF_DNA_DAMAGE_CHECKPOINT	23	11	6	5	GOBP_REGULATION_OF_DNA_DAMAGE_CHECKPOINT
GOBP_REGULATION_OF_DNA_DAMAGE_RESPONSE_SIGNAL_TRANSDUCTION_BY_P53_CLASS_MEDIATOR	39	17	9	8	GOBP_REGULATION_OF_DNA_DAMAGE_RESPONSE_SIGNAL_TRANSDUCTION_BY_P53_CLASS_MEDIATOR
GOBP_REGULATION_OF_DNA_METABOLIC_PROCESS	498	215	108	107	GOBP_REGULATION_OF_DNA_METABOLIC_PROCESS
GOBP_REGULATION_OF_DNA_RECOMBINATION	141	59	30	29	GOBP_REGULATION_OF_DNA_RECOMBINATION
GOBP_REGULATION_OF_DNA_REPAIR	234	88	44	44	GOBP_REGULATION_OF_DNA_REPAIR
GOBP_REGULATION_OF_DNA_REPLICATION	119	61	31	30	GOBP_REGULATION_OF_DNA_REPLICATION
GOBP_REGULATION_OF_DNA_STRAND_ELONGATION	17	4	2	2	GOBP_REGULATION_OF_DNA_STRAND_ELONGATION
GOBP_REGULATION_OF_DNA_TEMPLATED_DNA_REPLICATION	42	26	13	13	GOBP_REGULATION_OF_DNA_TEMPLATED_DNA_REPLICATION
GOBP_REGULATION_OF_DNA_TEMPLATED_DNA_REPLICATION_INITIATION	16	14	7	7	GOBP_REGULATION_OF_DNA_TEMPLATED_DNA_REPLICATION_INITIATION
GOBP_REGULATION_OF_DNA_TEMPLATED_TRANSCRIPTION_ELONGATION	103	25	13	12	GOBP_REGULATION_OF_DNA_TEMPLATED_TRANSCRIPTION_ELONGATION
GOBP_REGULATION_OF_DNA_TEMPLATED_TRANSCRIPTION_INITIATION	83	28	14	14	GOBP_REGULATION_OF_DNA_TEMPLATED_TRANSCRIPTION_INITIATION
GOBP_REGULATION_OF_DOPAMINERGIC_NEURON_DIFFERENTIATION	11	8	4	4	GOBP_REGULATION_OF_DOPAMINERGIC_NEURON_DIFFERENTIATION
GOBP_REGULATION_OF_DOPAMINE_RECEPTOR_SIGNALING_PATHWAY	11	7	4	3	GOBP_REGULATION_OF_DOPAMINE_RECEPTOR_SIGNALING_PATHWAY
GOBP_REGULATION_OF_DOPAMINE_SECRETION	23	18	9	9	GOBP_REGULATION_OF_DOPAMINE_SECRETION
GOBP_REGULATION_OF_DOUBLE_STRAND_BREAK_REPAIR	148	53	27	26	GOBP_REGULATION_OF_DOUBLE_STRAND_BREAK_REPAIR
GOBP_REGULATION_OF_DOUBLE_STRAND_BREAK_REPAIR_VIA_HOMOLOGOUS_RECOMBINATION	82	31	16	15	GOBP_REGULATION_OF_DOUBLE_STRAND_BREAK_REPAIR_VIA_HOMOLOGOUS_RECOMBINATION
GOBP_REGULATION_OF_DOUBLE_STRAND_BREAK_REPAIR_VIA_NONHOMOLOGOUS_END_JOINING	31	7	4	3	GOBP_REGULATION_OF_DOUBLE_STRAND_BREAK_REPAIR_VIA_NONHOMOLOGOUS_END_JOINING
GOBP_REGULATION_OF_D_GLUCOSE_IMPORT	60	23	12	11	GOBP_REGULATION_OF_D_GLUCOSE_IMPORT
GOBP_REGULATION_OF_D_GLUCOSE_TRANSMEMBRANE_TRANSPORT	80	34	17	17	GOBP_REGULATION_OF_D_GLUCOSE_TRANSMEMBRANE_TRANSPORT
GOBP_REGULATION_OF_EARLY_ENDOSOME_TO_LATE_ENDOSOME_TRANSPORT	19	6	3	3	GOBP_REGULATION_OF_EARLY_ENDOSOME_TO_LATE_ENDOSOME_TRANSPORT
GOBP_REGULATION_OF_EATING_BEHAVIOR	10	5	3	2	GOBP_REGULATION_OF_EATING_BEHAVIOR
GOBP_REGULATION_OF_EMBRYONIC_DEVELOPMENT	88	41	21	20	GOBP_REGULATION_OF_EMBRYONIC_DEVELOPMENT
GOBP_REGULATION_OF_ENAMEL_MINERALIZATION	8	6	3	3	GOBP_REGULATION_OF_ENAMEL_MINERALIZATION
GOBP_REGULATION_OF_ENDOCRINE_PROCESS	44	28	14	14	GOBP_REGULATION_OF_ENDOCRINE_PROCESS
GOBP_REGULATION_OF_ENDOCYTIC_RECYCLING	22	8	4	4	GOBP_REGULATION_OF_ENDOCYTIC_RECYCLING
GOBP_REGULATION_OF_ENDOCYTOSIS	318	148	74	74	GOBP_REGULATION_OF_ENDOCYTOSIS
GOBP_REGULATION_OF_ENDODERMAL_CELL_DIFFERENTIATION	7	4	2	2	GOBP_REGULATION_OF_ENDODERMAL_CELL_DIFFERENTIATION
GOBP_REGULATION_OF_ENDOPEPTIDASE_ACTIVITY	20	12	6	6	GOBP_REGULATION_OF_ENDOPEPTIDASE_ACTIVITY
GOBP_REGULATION_OF_ENDOPLASMIC_RETICULUM_STRESS_INDUCED_INTRINSIC_APOPTOTIC_SIGNALING_PATHWAY	36	13	7	6	GOBP_REGULATION_OF_ENDOPLASMIC_RETICULUM_STRESS_INDUCED_INTRINSIC_APOPTOTIC_SIGNALING_PATHWAY
GOBP_REGULATION_OF_ENDOPLASMIC_RETICULUM_UNFOLDED_PROTEIN_RESPONSE	37	12	6	6	GOBP_REGULATION_OF_ENDOPLASMIC_RETICULUM_UNFOLDED_PROTEIN_RESPONSE
GOBP_REGULATION_OF_ENDOSOME_ORGANIZATION	5	3	2	1	GOBP_REGULATION_OF_ENDOSOME_ORGANIZATION
GOBP_REGULATION_OF_ENDOSOME_SIZE	11	4	2	2	GOBP_REGULATION_OF_ENDOSOME_SIZE
GOBP_REGULATION_OF_ENDOTHELIAL_CELL_CHEMOTAXIS	24	13	7	6	GOBP_REGULATION_OF_ENDOTHELIAL_CELL_CHEMOTAXIS
GOBP_REGULATION_OF_ENDOTHELIAL_CELL_DEVELOPMENT	18	12	6	6	GOBP_REGULATION_OF_ENDOTHELIAL_CELL_DEVELOPMENT
GOBP_REGULATION_OF_ENDOTHELIAL_CELL_DIFFERENTIATION	47	23	12	11	GOBP_REGULATION_OF_ENDOTHELIAL_CELL_DIFFERENTIATION
GOBP_REGULATION_OF_ENDOTHELIAL_CELL_MIGRATION	240	110	55	55	GOBP_REGULATION_OF_ENDOTHELIAL_CELL_MIGRATION
GOBP_REGULATION_OF_ENDOTHELIAL_TUBE_MORPHOGENESIS	7	5	3	2	GOBP_REGULATION_OF_ENDOTHELIAL_TUBE_MORPHOGENESIS
GOBP_REGULATION_OF_ENTRY_OF_BACTERIUM_INTO_HOST_CELL	7	5	3	2	GOBP_REGULATION_OF_ENTRY_OF_BACTERIUM_INTO_HOST_CELL
GOBP_REGULATION_OF_EOSINOPHIL_MIGRATION	5	4	2	2	GOBP_REGULATION_OF_EOSINOPHIL_MIGRATION
GOBP_REGULATION_OF_EPIDERMIS_DEVELOPMENT	70	38	19	19	GOBP_REGULATION_OF_EPIDERMIS_DEVELOPMENT
GOBP_REGULATION_OF_EPITHELIAL_CELL_APOPTOTIC_PROCESS	55	26	13	13	GOBP_REGULATION_OF_EPITHELIAL_CELL_APOPTOTIC_PROCESS
GOBP_REGULATION_OF_EPITHELIAL_CELL_DIFFERENTIATION	177	99	50	49	GOBP_REGULATION_OF_EPITHELIAL_CELL_DIFFERENTIATION
GOBP_REGULATION_OF_EPITHELIAL_CELL_DIFFERENTIATION_INVOLVED_IN_KIDNEY_DEVELOPMENT	16	13	7	6	GOBP_REGULATION_OF_EPITHELIAL_CELL_DIFFERENTIATION_INVOLVED_IN_KIDNEY_DEVELOPMENT
GOBP_REGULATION_OF_EPITHELIAL_CELL_MIGRATION	72	31	16	15	GOBP_REGULATION_OF_EPITHELIAL_CELL_MIGRATION
GOBP_REGULATION_OF_EPITHELIAL_CELL_PROLIFERATION	423	230	115	115	GOBP_REGULATION_OF_EPITHELIAL_CELL_PROLIFERATION
GOBP_REGULATION_OF_EPITHELIAL_CELL_PROLIFERATION_INVOLVED_IN_LUNG_MORPHOGENESIS	9	6	3	3	GOBP_REGULATION_OF_EPITHELIAL_CELL_PROLIFERATION_INVOLVED_IN_LUNG_MORPHOGENESIS
GOBP_REGULATION_OF_EPITHELIAL_TO_MESENCHYMAL_TRANSITION	123	69	35	34	GOBP_REGULATION_OF_EPITHELIAL_TO_MESENCHYMAL_TRANSITION
GOBP_REGULATION_OF_EPITHELIAL_TO_MESENCHYMAL_TRANSITION_INVOLVED_IN_ENDOCARDIAL_CUSHION_FORMATION	6	5	3	2	GOBP_REGULATION_OF_EPITHELIAL_TO_MESENCHYMAL_TRANSITION_INVOLVED_IN_ENDOCARDIAL_CUSHION_FORMATION
GOBP_REGULATION_OF_ERAD_PATHWAY	26	8	4	4	GOBP_REGULATION_OF_ERAD_PATHWAY
GOBP_REGULATION_OF_ERBB_SIGNALING_PATHWAY	75	31	16	15	GOBP_REGULATION_OF_ERBB_SIGNALING_PATHWAY
GOBP_REGULATION_OF_ERYTHROCYTE_DIFFERENTIATION	53	25	13	12	GOBP_REGULATION_OF_ERYTHROCYTE_DIFFERENTIATION
GOBP_REGULATION_OF_ESTABLISHMENT_OF_PLANAR_POLARITY	7	5	3	2	GOBP_REGULATION_OF_ESTABLISHMENT_OF_PLANAR_POLARITY
GOBP_REGULATION_OF_ESTABLISHMENT_OF_PROTEIN_LOCALIZATION	551	268	134	134	GOBP_REGULATION_OF_ESTABLISHMENT_OF_PROTEIN_LOCALIZATION
GOBP_REGULATION_OF_ESTABLISHMENT_OF_PROTEIN_LOCALIZATION_TO_MITOCHONDRION	52	22	11	11	GOBP_REGULATION_OF_ESTABLISHMENT_OF_PROTEIN_LOCALIZATION_TO_MITOCHONDRION
GOBP_REGULATION_OF_ESTABLISHMENT_OF_T_CELL_POLARITY	6	4	2	2	GOBP_REGULATION_OF_ESTABLISHMENT_OF_T_CELL_POLARITY
GOBP_REGULATION_OF_ESTABLISHMENT_OR_MAINTENANCE_OF_CELL_POLARITY	28	17	9	8	GOBP_REGULATION_OF_ESTABLISHMENT_OR_MAINTENANCE_OF_CELL_POLARITY
GOBP_REGULATION_OF_EXCITATORY_SYNAPSE_ASSEMBLY	21	9	5	4	GOBP_REGULATION_OF_EXCITATORY_SYNAPSE_ASSEMBLY
GOBP_REGULATION_OF_EXCRETION	11	9	5	4	GOBP_REGULATION_OF_EXCRETION
GOBP_REGULATION_OF_EXECUTION_PHASE_OF_APOPTOSIS	27	11	6	5	GOBP_REGULATION_OF_EXECUTION_PHASE_OF_APOPTOSIS
GOBP_REGULATION_OF_EXIT_FROM_MITOSIS	19	11	6	5	GOBP_REGULATION_OF_EXIT_FROM_MITOSIS
GOBP_REGULATION_OF_EXOCYTOSIS	191	95	48	47	GOBP_REGULATION_OF_EXOCYTOSIS
GOBP_REGULATION_OF_EXOSOMAL_SECRETION	19	7	4	3	GOBP_REGULATION_OF_EXOSOMAL_SECRETION
GOBP_REGULATION_OF_EXTENT_OF_CELL_GROWTH	101	53	27	26	GOBP_REGULATION_OF_EXTENT_OF_CELL_GROWTH
GOBP_REGULATION_OF_EXTRACELLULAR_MATRIX_ASSEMBLY	23	11	6	5	GOBP_REGULATION_OF_EXTRACELLULAR_MATRIX_ASSEMBLY
GOBP_REGULATION_OF_EXTRACELLULAR_MATRIX_CONSTITUENT_SECRETION	8	4	2	2	GOBP_REGULATION_OF_EXTRACELLULAR_MATRIX_CONSTITUENT_SECRETION
GOBP_REGULATION_OF_EXTRACELLULAR_MATRIX_DISASSEMBLY	26	13	7	6	GOBP_REGULATION_OF_EXTRACELLULAR_MATRIX_DISASSEMBLY
GOBP_REGULATION_OF_EXTRACELLULAR_MATRIX_ORGANIZATION	76	40	20	20	GOBP_REGULATION_OF_EXTRACELLULAR_MATRIX_ORGANIZATION
GOBP_REGULATION_OF_EXTRINSIC_APOPTOTIC_SIGNALING_PATHWAY	167	86	43	43	GOBP_REGULATION_OF_EXTRINSIC_APOPTOTIC_SIGNALING_PATHWAY
GOBP_REGULATION_OF_EXTRINSIC_APOPTOTIC_SIGNALING_PATHWAY_IN_ABSENCE_OF_LIGAND	48	25	13	12	GOBP_REGULATION_OF_EXTRINSIC_APOPTOTIC_SIGNALING_PATHWAY_IN_ABSENCE_OF_LIGAND
GOBP_REGULATION_OF_EXTRINSIC_APOPTOTIC_SIGNALING_PATHWAY_VIA_DEATH_DOMAIN_RECEPTORS	49	22	11	11	GOBP_REGULATION_OF_EXTRINSIC_APOPTOTIC_SIGNALING_PATHWAY_VIA_DEATH_DOMAIN_RECEPTORS
GOBP_REGULATION_OF_FATTY_ACID_BETA_OXIDATION	18	7	4	3	GOBP_REGULATION_OF_FATTY_ACID_BETA_OXIDATION
GOBP_REGULATION_OF_FATTY_ACID_BIOSYNTHETIC_PROCESS	56	26	13	13	GOBP_REGULATION_OF_FATTY_ACID_BIOSYNTHETIC_PROCESS
GOBP_REGULATION_OF_FATTY_ACID_METABOLIC_PROCESS	111	59	30	29	GOBP_REGULATION_OF_FATTY_ACID_METABOLIC_PROCESS
GOBP_REGULATION_OF_FATTY_ACID_OXIDATION	34	19	10	9	GOBP_REGULATION_OF_FATTY_ACID_OXIDATION
GOBP_REGULATION_OF_FATTY_ACID_TRANSPORT	31	18	9	9	GOBP_REGULATION_OF_FATTY_ACID_TRANSPORT
GOBP_REGULATION_OF_FAT_CELL_DIFFERENTIATION	148	80	40	40	GOBP_REGULATION_OF_FAT_CELL_DIFFERENTIATION
GOBP_REGULATION_OF_FAT_CELL_PROLIFERATION	10	6	3	3	GOBP_REGULATION_OF_FAT_CELL_PROLIFERATION
GOBP_REGULATION_OF_FC_RECEPTOR_MEDIATED_STIMULATORY_SIGNALING_PATHWAY	11	5	3	2	GOBP_REGULATION_OF_FC_RECEPTOR_MEDIATED_STIMULATORY_SIGNALING_PATHWAY
GOBP_REGULATION_OF_FEAR_RESPONSE	11	9	5	4	GOBP_REGULATION_OF_FEAR_RESPONSE
GOBP_REGULATION_OF_FEEDING_BEHAVIOR	29	15	8	7	GOBP_REGULATION_OF_FEEDING_BEHAVIOR
GOBP_REGULATION_OF_FEMALE_GONAD_DEVELOPMENT	7	5	3	2	GOBP_REGULATION_OF_FEMALE_GONAD_DEVELOPMENT
GOBP_REGULATION_OF_FERMENTATION	5	4	2	2	GOBP_FERMENTATION
GOBP_REGULATION_OF_FERTILIZATION	18	13	7	6	GOBP_REGULATION_OF_FERTILIZATION
GOBP_REGULATION_OF_FEVER_GENERATION	8	7	4	3	GOBP_REGULATION_OF_FEVER_GENERATION
GOBP_REGULATION_OF_FIBRINOLYSIS	17	9	5	4	GOBP_REGULATION_OF_FIBRINOLYSIS
GOBP_REGULATION_OF_FIBROBLAST_APOPTOTIC_PROCESS	21	9	5	4	GOBP_REGULATION_OF_FIBROBLAST_APOPTOTIC_PROCESS
GOBP_REGULATION_OF_FIBROBLAST_GROWTH_FACTOR_RECEPTOR_SIGNALING_PATHWAY	41	21	11	10	GOBP_REGULATION_OF_FIBROBLAST_GROWTH_FACTOR_RECEPTOR_SIGNALING_PATHWAY
GOBP_REGULATION_OF_FIBROBLAST_MIGRATION	42	18	9	9	GOBP_REGULATION_OF_FIBROBLAST_MIGRATION
GOBP_REGULATION_OF_FIBROBLAST_PROLIFERATION	94	55	28	27	GOBP_REGULATION_OF_FIBROBLAST_PROLIFERATION
GOBP_REGULATION_OF_FILOPODIUM_ASSEMBLY	48	25	13	12	GOBP_REGULATION_OF_FILOPODIUM_ASSEMBLY
GOBP_REGULATION_OF_FLAGELLATED_SPERM_MOTILITY	23	15	8	7	GOBP_REGULATION_OF_FLAGELLATED_SPERM_MOTILITY
GOBP_REGULATION_OF_G2_MI_TRANSITION_OF_MEIOTIC_CELL_CYCLE	7	5	3	2	GOBP_REGULATION_OF_G2_MI_TRANSITION_OF_MEIOTIC_CELL_CYCLE
GOBP_REGULATION_OF_GAMMA_AMINOBUTYRIC_ACID_SECRETION	5	3	2	1	GOBP_REGULATION_OF_GAMMA_AMINOBUTYRIC_ACID_SECRETION
GOBP_REGULATION_OF_GAMMA_DELTA_T_CELL_ACTIVATION	13	8	4	4	GOBP_REGULATION_OF_GAMMA_DELTA_T_CELL_ACTIVATION
GOBP_REGULATION_OF_GAMMA_DELTA_T_CELL_DIFFERENTIATION	11	7	4	3	GOBP_REGULATION_OF_GAMMA_DELTA_T_CELL_DIFFERENTIATION
GOBP_REGULATION_OF_GAP_JUNCTION_ASSEMBLY	10	10	5	5	GOBP_REGULATION_OF_GAP_JUNCTION_ASSEMBLY
GOBP_REGULATION_OF_GASTRIC_ACID_SECRETION	7	6	3	3	GOBP_REGULATION_OF_GASTRIC_ACID_SECRETION
GOBP_REGULATION_OF_GASTRULATION	13	9	5	4	GOBP_REGULATION_OF_GASTRULATION
GOBP_REGULATION_OF_GENERATION_OF_PRECURSOR_METABOLITES_AND_ENERGY	141	66	33	33	GOBP_REGULATION_OF_GENERATION_OF_PRECURSOR_METABOLITES_AND_ENERGY
GOBP_REGULATION_OF_GENE_SILENCING_BY_REGULATORY_NCRNA	33	11	6	5	GOBP_REGULATION_OF_GENE_SILENCING_BY_REGULATORY_NCRNA
GOBP_REGULATION_OF_GERMINAL_CENTER_FORMATION	8	5	3	2	GOBP_REGULATION_OF_GERMINAL_CENTER_FORMATION
GOBP_REGULATION_OF_GERM_CELL_PROLIFERATION	7	5	3	2	GOBP_REGULATION_OF_GERM_CELL_PROLIFERATION
GOBP_REGULATION_OF_GLIAL_CELL_APOPTOTIC_PROCESS	12	9	5	4	GOBP_REGULATION_OF_GLIAL_CELL_APOPTOTIC_PROCESS
GOBP_REGULATION_OF_GLIAL_CELL_DIFFERENTIATION	77	52	26	26	GOBP_REGULATION_OF_GLIAL_CELL_DIFFERENTIATION
GOBP_REGULATION_OF_GLIAL_CELL_MIGRATION	21	7	4	3	GOBP_REGULATION_OF_GLIAL_CELL_MIGRATION
GOBP_REGULATION_OF_GLIAL_CELL_PROLIFERATION	43	20	10	10	GOBP_REGULATION_OF_GLIAL_CELL_PROLIFERATION
GOBP_REGULATION_OF_GLIOGENESIS	109	66	33	33	GOBP_REGULATION_OF_GLIOGENESIS
GOBP_REGULATION_OF_GLOMERULAR_FILTRATION	11	7	4	3	GOBP_REGULATION_OF_GLOMERULAR_FILTRATION
GOBP_REGULATION_OF_GLOMERULUS_DEVELOPMENT	6	5	3	2	GOBP_REGULATION_OF_GLOMERULUS_DEVELOPMENT
GOBP_REGULATION_OF_GLUCAGON_SECRETION	8	7	4	3	GOBP_REGULATION_OF_GLUCAGON_SECRETION
GOBP_REGULATION_OF_GLUCOCORTICOID_BIOSYNTHETIC_PROCESS	10	6	3	3	GOBP_REGULATION_OF_GLUCOCORTICOID_BIOSYNTHETIC_PROCESS
GOBP_REGULATION_OF_GLUCOCORTICOID_METABOLIC_PROCESS	12	7	4	3	GOBP_REGULATION_OF_GLUCOCORTICOID_METABOLIC_PROCESS
GOBP_REGULATION_OF_GLUCONEOGENESIS	56	24	12	12	GOBP_REGULATION_OF_GLUCONEOGENESIS
GOBP_REGULATION_OF_GLUCOSE_METABOLIC_PROCESS	105	44	22	22	GOBP_REGULATION_OF_GLUCOSE_METABOLIC_PROCESS
GOBP_REGULATION_OF_GLUTAMATE_RECEPTOR_CLUSTERING	6	3	2	1	GOBP_REGULATION_OF_GLUTAMATE_RECEPTOR_CLUSTERING
GOBP_REGULATION_OF_GLUTAMATE_RECEPTOR_SIGNALING_PATHWAY	12	7	4	3	GOBP_REGULATION_OF_GLUTAMATE_RECEPTOR_SIGNALING_PATHWAY
GOBP_REGULATION_OF_GLUTAMATE_SECRETION	19	10	5	5	GOBP_REGULATION_OF_GLUTAMATE_SECRETION
GOBP_REGULATION_OF_GLYCOGEN_BIOSYNTHETIC_PROCESS	32	11	6	5	GOBP_REGULATION_OF_GLYCOGEN_BIOSYNTHETIC_PROCESS
GOBP_REGULATION_OF_GLYCOGEN_CATABOLIC_PROCESS	8	4	2	2	GOBP_REGULATION_OF_GLYCOGEN_CATABOLIC_PROCESS
GOBP_REGULATION_OF_GLYCOGEN_METABOLIC_PROCESS	41	17	9	8	GOBP_REGULATION_OF_GLYCOGEN_METABOLIC_PROCESS
GOBP_REGULATION_OF_GLYCOLYTIC_PROCESS	56	25	13	12	GOBP_REGULATION_OF_GLYCOLYTIC_PROCESS
GOBP_REGULATION_OF_GLYCOPROTEIN_METABOLIC_PROCESS	57	25	13	12	GOBP_REGULATION_OF_GLYCOPROTEIN_METABOLIC_PROCESS
GOBP_REGULATION_OF_GOLGI_ORGANIZATION	16	4	2	2	GOBP_REGULATION_OF_GOLGI_ORGANIZATION
GOBP_REGULATION_OF_GOLGI_TO_PLASMA_MEMBRANE_PROTEIN_TRANSPORT	12	4	2	2	GOBP_REGULATION_OF_GOLGI_TO_PLASMA_MEMBRANE_PROTEIN_TRANSPORT
GOBP_REGULATION_OF_GONADOTROPIN_SECRETION	11	6	3	3	GOBP_REGULATION_OF_GONADOTROPIN_SECRETION
GOBP_REGULATION_OF_GONAD_DEVELOPMENT	13	8	4	4	GOBP_REGULATION_OF_GONAD_DEVELOPMENT
GOBP_REGULATION_OF_GRANULOCYTE_CHEMOTAXIS	53	46	23	23	GOBP_REGULATION_OF_GRANULOCYTE_CHEMOTAXIS
GOBP_REGULATION_OF_GRANULOCYTE_DIFFERENTIATION	17	13	7	6	GOBP_REGULATION_OF_GRANULOCYTE_DIFFERENTIATION
GOBP_REGULATION_OF_GROWTH	625	300	150	150	GOBP_REGULATION_OF_GROWTH
GOBP_REGULATION_OF_GROWTH_HORMONE_RECEPTOR_SIGNALING_PATHWAY	8	4	2	2	GOBP_REGULATION_OF_GROWTH_HORMONE_RECEPTOR_SIGNALING_PATHWAY
GOBP_REGULATION_OF_GTPASE_ACTIVITY	147	68	34	34	GOBP_REGULATION_OF_GTPASE_ACTIVITY
GOBP_REGULATION_OF_GUANYL_NUCLEOTIDE_EXCHANGE_FACTOR_ACTIVITY	7	5	3	2	GOBP_REGULATION_OF_GUANYL_NUCLEOTIDE_EXCHANGE_FACTOR_ACTIVITY
GOBP_REGULATION_OF_G_PROTEIN_COUPLED_RECEPTOR_SIGNALING_PATHWAY	164	87	44	43	GOBP_REGULATION_OF_G_PROTEIN_COUPLED_RECEPTOR_SIGNALING_PATHWAY
GOBP_REGULATION_OF_HAIR_CYCLE	29	20	10	10	GOBP_REGULATION_OF_HAIR_CYCLE
GOBP_REGULATION_OF_HAIR_FOLLICLE_DEVELOPMENT	20	14	7	7	GOBP_REGULATION_OF_HAIR_FOLLICLE_DEVELOPMENT
GOBP_REGULATION_OF_HEART_CONTRACTION	225	132	66	66	GOBP_REGULATION_OF_HEART_CONTRACTION
GOBP_REGULATION_OF_HEART_GROWTH	75	37	19	18	GOBP_REGULATION_OF_HEART_GROWTH
GOBP_REGULATION_OF_HEART_MORPHOGENESIS	9	6	3	3	GOBP_REGULATION_OF_HEART_MORPHOGENESIS
GOBP_REGULATION_OF_HEART_RATE	112	64	32	32	GOBP_REGULATION_OF_HEART_RATE
GOBP_REGULATION_OF_HEART_RATE_BY_CARDIAC_CONDUCTION	43	27	14	13	GOBP_REGULATION_OF_HEART_RATE_BY_CARDIAC_CONDUCTION
GOBP_REGULATION_OF_HEAT_GENERATION	14	12	6	6	GOBP_REGULATION_OF_HEAT_GENERATION
GOBP_REGULATION_OF_HEMATOPOIETIC_PROGENITOR_CELL_DIFFERENTIATION	42	20	10	10	GOBP_REGULATION_OF_HEMATOPOIETIC_PROGENITOR_CELL_DIFFERENTIATION
GOBP_REGULATION_OF_HEMATOPOIETIC_STEM_CELL_DIFFERENTIATION	17	9	5	4	GOBP_REGULATION_OF_HEMATOPOIETIC_STEM_CELL_DIFFERENTIATION
GOBP_REGULATION_OF_HEMATOPOIETIC_STEM_CELL_PROLIFERATION	17	11	6	5	GOBP_REGULATION_OF_HEMATOPOIETIC_STEM_CELL_PROLIFERATION
GOBP_REGULATION_OF_HEMOGLOBIN_BIOSYNTHETIC_PROCESS	8	4	2	2	GOBP_REGULATION_OF_HEMOGLOBIN_BIOSYNTHETIC_PROCESS
GOBP_REGULATION_OF_HEMOPOIESIS	446	231	116	115	GOBP_REGULATION_OF_HEMOPOIESIS
GOBP_REGULATION_OF_HEPATIC_STELLATE_CELL_ACTIVATION	7	4	2	2	GOBP_REGULATION_OF_HEPATIC_STELLATE_CELL_ACTIVATION
GOBP_REGULATION_OF_HEPATOCYTE_PROLIFERATION	15	10	5	5	GOBP_REGULATION_OF_HEPATOCYTE_PROLIFERATION
GOBP_REGULATION_OF_HETEROCHROMATIN_FORMATION	10	5	3	2	GOBP_REGULATION_OF_HETEROCHROMATIN_FORMATION
GOBP_REGULATION_OF_HETEROTYPIC_CELL_CELL_ADHESION	25	12	6	6	GOBP_REGULATION_OF_HETEROTYPIC_CELL_CELL_ADHESION
GOBP_REGULATION_OF_HIPPOCAMPAL_NEURON_APOPTOTIC_PROCESS	6	3	2	1	GOBP_REGULATION_OF_HIPPOCAMPAL_NEURON_APOPTOTIC_PROCESS
GOBP_REGULATION_OF_HIPPO_SIGNALING	42	12	6	6	GOBP_REGULATION_OF_HIPPO_SIGNALING
GOBP_REGULATION_OF_HOMOPHILIC_CELL_ADHESION	5	3	2	1	GOBP_REGULATION_OF_HOMOPHILIC_CELL_ADHESION
GOBP_REGULATION_OF_HOMOTYPIC_CELL_CELL_ADHESION	41	25	13	12	GOBP_REGULATION_OF_HOMOTYPIC_CELL_CELL_ADHESION
GOBP_REGULATION_OF_HORMONE_BIOSYNTHETIC_PROCESS	22	11	6	5	GOBP_REGULATION_OF_HORMONE_BIOSYNTHETIC_PROCESS
GOBP_REGULATION_OF_HORMONE_LEVELS	565	345	173	172	GOBP_REGULATION_OF_HORMONE_LEVELS
GOBP_REGULATION_OF_HORMONE_METABOLIC_PROCESS	37	22	11	11	GOBP_REGULATION_OF_HORMONE_METABOLIC_PROCESS
GOBP_REGULATION_OF_HORMONE_SECRETION	273	169	85	84	GOBP_REGULATION_OF_HORMONE_SECRETION
GOBP_REGULATION_OF_HUMORAL_IMMUNE_RESPONSE	48	35	18	17	GOBP_REGULATION_OF_HUMORAL_IMMUNE_RESPONSE
GOBP_REGULATION_OF_HUMORAL_IMMUNE_RESPONSE_MEDIATED_BY_CIRCULATING_IMMUNOGLOBULIN	16	12	6	6	GOBP_REGULATION_OF_HUMORAL_IMMUNE_RESPONSE_MEDIATED_BY_CIRCULATING_IMMUNOGLOBULIN
GOBP_REGULATION_OF_HYALURONAN_BIOSYNTHETIC_PROCESS	8	6	3	3	GOBP_REGULATION_OF_HYALURONAN_BIOSYNTHETIC_PROCESS
GOBP_REGULATION_OF_HYDROGEN_PEROXIDE_MEDIATED_PROGRAMMED_CELL_DEATH	17	8	4	4	GOBP_REGULATION_OF_HYDROGEN_PEROXIDE_MEDIATED_PROGRAMMED_CELL_DEATH
GOBP_REGULATION_OF_HYDROGEN_PEROXIDE_METABOLIC_PROCESS	18	9	5	4	GOBP_REGULATION_OF_HYDROGEN_PEROXIDE_METABOLIC_PROCESS
GOBP_REGULATION_OF_HYDROLASE_ACTIVITY	219	105	53	52	GOBP_REGULATION_OF_HYDROLASE_ACTIVITY
GOBP_REGULATION_OF_HYPERSENSITIVITY	11	9	5	4	GOBP_REGULATION_OF_HYPERSENSITIVITY
GOBP_REGULATION_OF_ICOSANOID_SECRETION	19	13	7	6	GOBP_REGULATION_OF_ICOSANOID_SECRETION
GOBP_REGULATION_OF_IMMUNE_EFFECTOR_PROCESS	421	244	122	122	GOBP_REGULATION_OF_IMMUNE_EFFECTOR_PROCESS
GOBP_REGULATION_OF_IMMUNE_RESPONSE	1043	519	260	259	GOBP_REGULATION_OF_IMMUNE_RESPONSE
GOBP_REGULATION_OF_IMMUNE_SYSTEM_PROCESS	1699	876	438	438	GOBP_REGULATION_OF_IMMUNE_SYSTEM_PROCESS
GOBP_REGULATION_OF_IMMUNOGLOBULIN_PRODUCTION	81	47	24	23	GOBP_REGULATION_OF_IMMUNOGLOBULIN_PRODUCTION
GOBP_REGULATION_OF_INCLUSION_BODY_ASSEMBLY	22	12	6	6	GOBP_REGULATION_OF_INCLUSION_BODY_ASSEMBLY
GOBP_REGULATION_OF_INFLAMMASOME_MEDIATED_SIGNALING_PATHWAY	53	19	10	9	GOBP_REGULATION_OF_INFLAMMASOME_MEDIATED_SIGNALING_PATHWAY
GOBP_REGULATION_OF_INFLAMMATORY_RESPONSE	451	237	119	118	GOBP_REGULATION_OF_INFLAMMATORY_RESPONSE
GOBP_REGULATION_OF_INFLAMMATORY_RESPONSE_TO_ANTIGENIC_STIMULUS	49	23	12	11	GOBP_REGULATION_OF_INFLAMMATORY_RESPONSE_TO_ANTIGENIC_STIMULUS
GOBP_REGULATION_OF_INFLAMMATORY_RESPONSE_TO_WOUNDING	13	8	4	4	GOBP_REGULATION_OF_INFLAMMATORY_RESPONSE_TO_WOUNDING
GOBP_REGULATION_OF_INNATE_IMMUNE_RESPONSE	497	223	112	111	GOBP_REGULATION_OF_INNATE_IMMUNE_RESPONSE
GOBP_REGULATION_OF_INNER_EAR_AUDITORY_RECEPTOR_CELL_DIFFERENTIATION	10	5	3	2	GOBP_REGULATION_OF_INNER_EAR_AUDITORY_RECEPTOR_CELL_DIFFERENTIATION
GOBP_REGULATION_OF_INOSITOL_PHOSPHATE_BIOSYNTHETIC_PROCESS	13	10	5	5	GOBP_REGULATION_OF_INOSITOL_PHOSPHATE_BIOSYNTHETIC_PROCESS
GOBP_REGULATION_OF_INSULIN_LIKE_GROWTH_FACTOR_RECEPTOR_SIGNALING_PATHWAY	26	16	8	8	GOBP_REGULATION_OF_INSULIN_LIKE_GROWTH_FACTOR_RECEPTOR_SIGNALING_PATHWAY
GOBP_REGULATION_OF_INSULIN_RECEPTOR_SIGNALING_PATHWAY	78	29	15	14	GOBP_REGULATION_OF_INSULIN_RECEPTOR_SIGNALING_PATHWAY
GOBP_REGULATION_OF_INSULIN_SECRETION	179	107	54	53	GOBP_REGULATION_OF_INSULIN_SECRETION
GOBP_REGULATION_OF_INTEGRIN_ACTIVATION	17	10	5	5	GOBP_REGULATION_OF_INTEGRIN_ACTIVATION
GOBP_REGULATION_OF_INTEGRIN_MEDIATED_SIGNALING_PATHWAY	24	15	8	7	GOBP_REGULATION_OF_INTEGRIN_MEDIATED_SIGNALING_PATHWAY
GOBP_REGULATION_OF_INTERLEUKIN_1_MEDIATED_SIGNALING_PATHWAY	13	6	3	3	GOBP_REGULATION_OF_INTERLEUKIN_1_MEDIATED_SIGNALING_PATHWAY
GOBP_REGULATION_OF_INTERLEUKIN_4_MEDIATED_SIGNALING_PATHWAY	5	3	2	1	GOBP_REGULATION_OF_INTERLEUKIN_4_MEDIATED_SIGNALING_PATHWAY
GOBP_REGULATION_OF_INTESTINAL_ABSORPTION	15	11	6	5	GOBP_REGULATION_OF_INTESTINAL_ABSORPTION
GOBP_REGULATION_OF_INTESTINAL_CHOLESTEROL_ABSORPTION	9	5	3	2	GOBP_REGULATION_OF_INTESTINAL_CHOLESTEROL_ABSORPTION
GOBP_REGULATION_OF_INTESTINAL_LIPID_ABSORPTION	12	8	4	4	GOBP_REGULATION_OF_INTESTINAL_LIPID_ABSORPTION
GOBP_REGULATION_OF_INTRACELLULAR_ESTROGEN_RECEPTOR_SIGNALING_PATHWAY	38	17	9	8	GOBP_REGULATION_OF_INTRACELLULAR_ESTROGEN_RECEPTOR_SIGNALING_PATHWAY
GOBP_REGULATION_OF_INTRACELLULAR_LIPID_TRANSPORT	13	6	3	3	GOBP_REGULATION_OF_INTRACELLULAR_LIPID_TRANSPORT
GOBP_REGULATION_OF_INTRACELLULAR_MRNA_LOCALIZATION	5	4	2	2	GOBP_REGULATION_OF_INTRACELLULAR_MRNA_LOCALIZATION
GOBP_REGULATION_OF_INTRACELLULAR_PROTEIN_TRANSPORT	151	65	33	32	GOBP_REGULATION_OF_INTRACELLULAR_PROTEIN_TRANSPORT
GOBP_REGULATION_OF_INTRACELLULAR_STEROID_HORMONE_RECEPTOR_SIGNALING_PATHWAY	83	33	17	16	GOBP_REGULATION_OF_INTRACELLULAR_STEROID_HORMONE_RECEPTOR_SIGNALING_PATHWAY
GOBP_REGULATION_OF_INTRACELLULAR_TRANSPORT	274	116	58	58	GOBP_REGULATION_OF_INTRACELLULAR_TRANSPORT
GOBP_REGULATION_OF_INTRINSIC_APOPTOTIC_SIGNALING_PATHWAY	194	81	41	40	GOBP_REGULATION_OF_INTRINSIC_APOPTOTIC_SIGNALING_PATHWAY
GOBP_REGULATION_OF_INTRINSIC_APOPTOTIC_SIGNALING_PATHWAY_BY_P53_CLASS_MEDIATOR	37	18	9	9	GOBP_REGULATION_OF_INTRINSIC_APOPTOTIC_SIGNALING_PATHWAY_BY_P53_CLASS_MEDIATOR
GOBP_REGULATION_OF_INTRINSIC_APOPTOTIC_SIGNALING_PATHWAY_IN_RESPONSE_TO_DNA_DAMAGE	41	16	8	8	GOBP_REGULATION_OF_INTRINSIC_APOPTOTIC_SIGNALING_PATHWAY_IN_RESPONSE_TO_DNA_DAMAGE
GOBP_REGULATION_OF_INTRINSIC_APOPTOTIC_SIGNALING_PATHWAY_IN_RESPONSE_TO_DNA_DAMAGE_BY_P53_CLASS_MEDIATOR	19	9	5	4	GOBP_REGULATION_OF_INTRINSIC_APOPTOTIC_SIGNALING_PATHWAY_IN_RESPONSE_TO_DNA_DAMAGE_BY_P53_CLASS_MEDIATOR
GOBP_REGULATION_OF_INTRINSIC_APOPTOTIC_SIGNALING_PATHWAY_IN_RESPONSE_TO_HYDROGEN_PEROXIDE	7	3	2	1	GOBP_REGULATION_OF_INTRINSIC_APOPTOTIC_SIGNALING_PATHWAY_IN_RESPONSE_TO_HYDROGEN_PEROXIDE
GOBP_REGULATION_OF_INTRINSIC_APOPTOTIC_SIGNALING_PATHWAY_IN_RESPONSE_TO_OSMOTIC_STRESS	8	4	2	2	GOBP_INTRINSIC_APOPTOTIC_SIGNALING_PATHWAY_IN_RESPONSE_TO_OSMOTIC_STRESS
GOBP_REGULATION_OF_IRE1_MEDIATED_UNFOLDED_PROTEIN_RESPONSE	16	7	4	3	GOBP_REGULATION_OF_IRE1_MEDIATED_UNFOLDED_PROTEIN_RESPONSE
GOBP_REGULATION_OF_IRON_ION_TRANSMEMBRANE_TRANSPORT	6	4	2	2	GOBP_REGULATION_OF_IRON_ION_TRANSMEMBRANE_TRANSPORT
GOBP_REGULATION_OF_IRON_ION_TRANSPORT	8	5	3	2	GOBP_REGULATION_OF_IRON_ION_TRANSPORT
GOBP_REGULATION_OF_ISOTYPE_SWITCHING	38	18	9	9	GOBP_REGULATION_OF_ISOTYPE_SWITCHING
GOBP_REGULATION_OF_ISOTYPE_SWITCHING_TO_IGE_ISOTYPES	7	3	2	1	GOBP_REGULATION_OF_ISOTYPE_SWITCHING_TO_IGE_ISOTYPES
GOBP_REGULATION_OF_JNK_CASCADE	148	68	34	34	GOBP_REGULATION_OF_JNK_CASCADE
GOBP_REGULATION_OF_JUN_KINASE_ACTIVITY	23	7	4	3	GOBP_REGULATION_OF_JUN_KINASE_ACTIVITY
GOBP_REGULATION_OF_KERATINOCYTE_DIFFERENTIATION	41	24	12	12	GOBP_REGULATION_OF_KERATINOCYTE_DIFFERENTIATION
GOBP_REGULATION_OF_KERATINOCYTE_MIGRATION	14	8	4	4	GOBP_REGULATION_OF_KERATINOCYTE_MIGRATION
GOBP_REGULATION_OF_KERATINOCYTE_PROLIFERATION	49	23	12	11	GOBP_REGULATION_OF_KERATINOCYTE_PROLIFERATION
GOBP_REGULATION_OF_KETONE_BIOSYNTHETIC_PROCESS	22	11	6	5	GOBP_REGULATION_OF_KETONE_BIOSYNTHETIC_PROCESS
GOBP_REGULATION_OF_KETONE_METABOLIC_PROCESS	145	78	39	39	GOBP_REGULATION_OF_KETONE_METABOLIC_PROCESS
GOBP_REGULATION_OF_KIDNEY_DEVELOPMENT	37	32	16	16	GOBP_REGULATION_OF_KIDNEY_DEVELOPMENT
GOBP_REGULATION_OF_KIDNEY_SIZE	6	4	2	2	GOBP_REGULATION_OF_KIDNEY_SIZE
GOBP_REGULATION_OF_KILLING_OF_CELLS_OF_ANOTHER_ORGANISM	5	3	2	1	GOBP_REGULATION_OF_KILLING_OF_CELLS_OF_ANOTHER_ORGANISM
GOBP_REGULATION_OF_KINASE_ACTIVITY	273	125	63	62	GOBP_REGULATION_OF_KINASE_ACTIVITY
GOBP_REGULATION_OF_LAMELLIPODIUM_ASSEMBLY	40	22	11	11	GOBP_REGULATION_OF_LAMELLIPODIUM_ASSEMBLY
GOBP_REGULATION_OF_LAMELLIPODIUM_MORPHOGENESIS	11	5	3	2	GOBP_REGULATION_OF_LAMELLIPODIUM_MORPHOGENESIS
GOBP_REGULATION_OF_LAMELLIPODIUM_ORGANIZATION	52	27	14	13	GOBP_REGULATION_OF_LAMELLIPODIUM_ORGANIZATION
GOBP_REGULATION_OF_LENS_FIBER_CELL_DIFFERENTIATION	10	6	3	3	GOBP_REGULATION_OF_LENS_FIBER_CELL_DIFFERENTIATION
GOBP_REGULATION_OF_LEUKOCYTE_ADHESION_TO_ARTERIAL_ENDOTHELIAL_CELL	5	4	2	2	GOBP_REGULATION_OF_LEUKOCYTE_ADHESION_TO_ARTERIAL_ENDOTHELIAL_CELL
GOBP_REGULATION_OF_LEUKOCYTE_ADHESION_TO_VASCULAR_ENDOTHELIAL_CELL	39	22	11	11	GOBP_REGULATION_OF_LEUKOCYTE_ADHESION_TO_VASCULAR_ENDOTHELIAL_CELL
GOBP_REGULATION_OF_LEUKOCYTE_APOPTOTIC_PROCESS	98	55	28	27	GOBP_REGULATION_OF_LEUKOCYTE_APOPTOTIC_PROCESS
GOBP_REGULATION_OF_LEUKOCYTE_CHEMOTAXIS	126	92	46	46	GOBP_REGULATION_OF_LEUKOCYTE_CHEMOTAXIS
GOBP_REGULATION_OF_LEUKOCYTE_DEGRANULATION	46	21	11	10	GOBP_REGULATION_OF_LEUKOCYTE_DEGRANULATION
GOBP_REGULATION_OF_LEUKOCYTE_DIFFERENTIATION	345	184	92	92	GOBP_REGULATION_OF_LEUKOCYTE_DIFFERENTIATION
GOBP_REGULATION_OF_LEUKOCYTE_MEDIATED_IMMUNITY	263	145	73	72	GOBP_REGULATION_OF_LEUKOCYTE_MEDIATED_IMMUNITY
GOBP_REGULATION_OF_LEUKOCYTE_MIGRATION	233	164	82	82	GOBP_REGULATION_OF_LEUKOCYTE_MIGRATION
GOBP_REGULATION_OF_LEUKOCYTE_PROLIFERATION	284	174	87	87	GOBP_REGULATION_OF_LEUKOCYTE_PROLIFERATION
GOBP_REGULATION_OF_LEUKOCYTE_TETHERING_OR_ROLLING	16	13	7	6	GOBP_REGULATION_OF_LEUKOCYTE_TETHERING_OR_ROLLING
GOBP_REGULATION_OF_LIPID_BIOSYNTHETIC_PROCESS	201	105	53	52	GOBP_REGULATION_OF_LIPID_BIOSYNTHETIC_PROCESS
GOBP_REGULATION_OF_LIPID_CATABOLIC_PROCESS	65	30	15	15	GOBP_REGULATION_OF_LIPID_CATABOLIC_PROCESS
GOBP_REGULATION_OF_LIPID_LOCALIZATION	185	96	48	48	GOBP_REGULATION_OF_LIPID_LOCALIZATION
GOBP_REGULATION_OF_LIPID_METABOLIC_PROCESS	352	185	93	92	GOBP_REGULATION_OF_LIPID_METABOLIC_PROCESS
GOBP_REGULATION_OF_LIPID_STORAGE	51	25	13	12	GOBP_REGULATION_OF_LIPID_STORAGE
GOBP_REGULATION_OF_LIPID_TRANSPORT	157	80	40	40	GOBP_REGULATION_OF_LIPID_TRANSPORT
GOBP_REGULATION_OF_LIPOPOLYSACCHARIDE_MEDIATED_SIGNALING_PATHWAY	31	16	8	8	GOBP_REGULATION_OF_LIPOPOLYSACCHARIDE_MEDIATED_SIGNALING_PATHWAY
GOBP_REGULATION_OF_LIPOPROTEIN_METABOLIC_PROCESS	14	6	3	3	GOBP_REGULATION_OF_LIPOPROTEIN_METABOLIC_PROCESS
GOBP_REGULATION_OF_LIPOPROTEIN_PARTICLE_CLEARANCE	38	15	8	7	GOBP_REGULATION_OF_LIPOPROTEIN_PARTICLE_CLEARANCE
GOBP_REGULATION_OF_LIPOPROTEIN_TRANSPORT	5	3	2	1	GOBP_REGULATION_OF_LIPOPROTEIN_TRANSPORT
GOBP_REGULATION_OF_LOCOMOTION	1185	647	324	323	GOBP_REGULATION_OF_LOCOMOTION
GOBP_REGULATION_OF_LOCOMOTION_INVOLVED_IN_LOCOMOTORY_BEHAVIOR	6	4	2	2	GOBP_REGULATION_OF_LOCOMOTION_INVOLVED_IN_LOCOMOTORY_BEHAVIOR
GOBP_REGULATION_OF_LONG_TERM_NEURONAL_SYNAPTIC_PLASTICITY	26	13	7	6	GOBP_REGULATION_OF_LONG_TERM_NEURONAL_SYNAPTIC_PLASTICITY
GOBP_REGULATION_OF_LONG_TERM_SYNAPTIC_DEPRESSION	15	10	5	5	GOBP_REGULATION_OF_LONG_TERM_SYNAPTIC_DEPRESSION
GOBP_REGULATION_OF_LONG_TERM_SYNAPTIC_POTENTIATION	45	27	14	13	GOBP_REGULATION_OF_LONG_TERM_SYNAPTIC_POTENTIATION
GOBP_REGULATION_OF_LOW_DENSITY_LIPOPROTEIN_PARTICLE_CLEARANCE	24	11	6	5	GOBP_REGULATION_OF_LOW_DENSITY_LIPOPROTEIN_PARTICLE_CLEARANCE
GOBP_REGULATION_OF_LUTEINIZING_HORMONE_SECRETION	6	3	2	1	GOBP_REGULATION_OF_LUTEINIZING_HORMONE_SECRETION
GOBP_REGULATION_OF_LYMPHANGIOGENESIS	7	5	3	2	GOBP_REGULATION_OF_LYMPHANGIOGENESIS
GOBP_REGULATION_OF_LYMPHOCYTE_ACTIVATION	530	292	146	146	GOBP_REGULATION_OF_LYMPHOCYTE_ACTIVATION
GOBP_REGULATION_OF_LYMPHOCYTE_APOPTOTIC_PROCESS	64	35	18	17	GOBP_REGULATION_OF_LYMPHOCYTE_APOPTOTIC_PROCESS
GOBP_REGULATION_OF_LYMPHOCYTE_CHEMOTAXIS	25	15	8	7	GOBP_REGULATION_OF_LYMPHOCYTE_CHEMOTAXIS
GOBP_REGULATION_OF_LYMPHOCYTE_DIFFERENTIATION	228	121	61	60	GOBP_REGULATION_OF_LYMPHOCYTE_DIFFERENTIATION
GOBP_REGULATION_OF_LYMPHOCYTE_MEDIATED_IMMUNITY	202	116	58	58	GOBP_REGULATION_OF_LYMPHOCYTE_MEDIATED_IMMUNITY
GOBP_REGULATION_OF_LYMPHOCYTE_MIGRATION	72	47	24	23	GOBP_REGULATION_OF_LYMPHOCYTE_MIGRATION
GOBP_REGULATION_OF_LYMPHOID_PROGENITOR_CELL_DIFFERENTIATION	12	3	2	1	GOBP_REGULATION_OF_LYMPHOID_PROGENITOR_CELL_DIFFERENTIATION
GOBP_REGULATION_OF_LYSOSOMAL_LUMEN_PH	32	9	5	4	GOBP_REGULATION_OF_LYSOSOMAL_LUMEN_PH
GOBP_REGULATION_OF_LYSOSOME_ORGANIZATION	13	6	3	3	GOBP_REGULATION_OF_LYSOSOME_ORGANIZATION
GOBP_REGULATION_OF_LYSOSOME_SIZE	9	4	2	2	GOBP_REGULATION_OF_LYSOSOME_SIZE
GOBP_REGULATION_OF_MACROAUTOPHAGY	195	51	26	25	GOBP_REGULATION_OF_MACROAUTOPHAGY
GOBP_REGULATION_OF_MACROPHAGE_ACTIVATION	62	35	18	17	GOBP_REGULATION_OF_MACROPHAGE_ACTIVATION
GOBP_REGULATION_OF_MACROPHAGE_APOPTOTIC_PROCESS	10	5	3	2	GOBP_REGULATION_OF_MACROPHAGE_APOPTOTIC_PROCESS
GOBP_REGULATION_OF_MACROPHAGE_CHEMOTAXIS	30	25	13	12	GOBP_REGULATION_OF_MACROPHAGE_CHEMOTAXIS
GOBP_REGULATION_OF_MACROPHAGE_DIFFERENTIATION	27	13	7	6	GOBP_REGULATION_OF_MACROPHAGE_DIFFERENTIATION
GOBP_REGULATION_OF_MACROPHAGE_FUSION	5	4	2	2	GOBP_REGULATION_OF_MACROPHAGE_FUSION
GOBP_REGULATION_OF_MACROPHAGE_MIGRATION	48	32	16	16	GOBP_REGULATION_OF_MACROPHAGE_MIGRATION
GOBP_REGULATION_OF_MACROPHAGE_PROLIFERATION	7	5	3	2	GOBP_REGULATION_OF_MACROPHAGE_PROLIFERATION
GOBP_REGULATION_OF_MAINTENANCE_OF_SISTER_CHROMATID_COHESION	9	3	2	1	GOBP_MAINTENANCE_OF_SISTER_CHROMATID_COHESION
GOBP_REGULATION_OF_MALE_GONAD_DEVELOPMENT	9	6	3	3	GOBP_REGULATION_OF_MALE_GONAD_DEVELOPMENT
GOBP_REGULATION_OF_MAMMARY_GLAND_EPITHELIAL_CELL_PROLIFERATION	16	7	4	3	GOBP_REGULATION_OF_MAMMARY_GLAND_EPITHELIAL_CELL_PROLIFERATION
GOBP_REGULATION_OF_MAP_KINASE_ACTIVITY	70	33	17	16	GOBP_REGULATION_OF_MAP_KINASE_ACTIVITY
GOBP_REGULATION_OF_MAST_CELL_ACTIVATION	19	10	5	5	GOBP_REGULATION_OF_MAST_CELL_ACTIVATION
GOBP_REGULATION_OF_MAST_CELL_CHEMOTAXIS	8	4	2	2	GOBP_REGULATION_OF_MAST_CELL_CHEMOTAXIS
GOBP_REGULATION_OF_MAST_CELL_DEGRANULATION	29	11	6	5	GOBP_REGULATION_OF_MAST_CELL_DEGRANULATION
GOBP_REGULATION_OF_MATRIX_METALLOPEPTIDASE_SECRETION	13	4	2	2	GOBP_REGULATION_OF_MATRIX_METALLOPEPTIDASE_SECRETION
GOBP_REGULATION_OF_MDA_5_SIGNALING_PATHWAY	7	3	2	1	GOBP_REGULATION_OF_MDA_5_SIGNALING_PATHWAY
GOBP_REGULATION_OF_MEGAKARYOCYTE_DIFFERENTIATION	38	11	6	5	GOBP_REGULATION_OF_MEGAKARYOCYTE_DIFFERENTIATION
GOBP_REGULATION_OF_MEIOSIS_I	6	5	3	2	GOBP_REGULATION_OF_MEIOSIS_I
GOBP_REGULATION_OF_MEIOTIC_CELL_CYCLE	70	39	20	19	GOBP_REGULATION_OF_MEIOTIC_CELL_CYCLE
GOBP_REGULATION_OF_MEIOTIC_CELL_CYCLE_PHASE_TRANSITION	14	10	5	5	GOBP_REGULATION_OF_MEIOTIC_CELL_CYCLE_PHASE_TRANSITION
GOBP_REGULATION_OF_MEIOTIC_NUCLEAR_DIVISION	35	22	11	11	GOBP_REGULATION_OF_MEIOTIC_NUCLEAR_DIVISION
GOBP_REGULATION_OF_MELANOCYTE_DIFFERENTIATION	6	5	3	2	GOBP_REGULATION_OF_MELANOCYTE_DIFFERENTIATION
GOBP_REGULATION_OF_MEMBRANE_DEPOLARIZATION	53	28	14	14	GOBP_REGULATION_OF_MEMBRANE_DEPOLARIZATION
GOBP_REGULATION_OF_MEMBRANE_DEPOLARIZATION_DURING_ACTION_POTENTIAL	8	6	3	3	GOBP_REGULATION_OF_MEMBRANE_DEPOLARIZATION_DURING_ACTION_POTENTIAL
GOBP_REGULATION_OF_MEMBRANE_DEPOLARIZATION_DURING_CARDIAC_MUSCLE_CELL_ACTION_POTENTIAL	6	4	2	2	GOBP_REGULATION_OF_MEMBRANE_DEPOLARIZATION_DURING_CARDIAC_MUSCLE_CELL_ACTION_POTENTIAL
GOBP_REGULATION_OF_MEMBRANE_HYPERPOLARIZATION	5	3	2	1	GOBP_REGULATION_OF_MEMBRANE_HYPERPOLARIZATION
GOBP_REGULATION_OF_MEMBRANE_INVAGINATION	15	11	6	5	GOBP_REGULATION_OF_MEMBRANE_INVAGINATION
GOBP_REGULATION_OF_MEMBRANE_LIPID_DISTRIBUTION	66	31	16	15	GOBP_REGULATION_OF_MEMBRANE_LIPID_DISTRIBUTION
GOBP_REGULATION_OF_MEMBRANE_LIPID_METABOLIC_PROCESS	22	9	5	4	GOBP_REGULATION_OF_MEMBRANE_LIPID_METABOLIC_PROCESS
GOBP_REGULATION_OF_MEMBRANE_PERMEABILITY	75	26	13	13	GOBP_REGULATION_OF_MEMBRANE_PERMEABILITY
GOBP_REGULATION_OF_MEMBRANE_POTENTIAL	474	277	139	138	GOBP_REGULATION_OF_MEMBRANE_POTENTIAL
GOBP_REGULATION_OF_MEMBRANE_PROTEIN_ECTODOMAIN_PROTEOLYSIS	28	15	8	7	GOBP_REGULATION_OF_MEMBRANE_PROTEIN_ECTODOMAIN_PROTEOLYSIS
GOBP_REGULATION_OF_MEMBRANE_REPOLARIZATION	41	21	11	10	GOBP_REGULATION_OF_MEMBRANE_REPOLARIZATION
GOBP_REGULATION_OF_MEMBRANE_REPOLARIZATION_DURING_ACTION_POTENTIAL	12	5	3	2	GOBP_REGULATION_OF_MEMBRANE_REPOLARIZATION_DURING_ACTION_POTENTIAL
GOBP_REGULATION_OF_MEMBRANE_REPOLARIZATION_DURING_CARDIAC_MUSCLE_CELL_ACTION_POTENTIAL	9	3	2	1	GOBP_REGULATION_OF_MEMBRANE_REPOLARIZATION_DURING_CARDIAC_MUSCLE_CELL_ACTION_POTENTIAL
GOBP_REGULATION_OF_MEMBRANE_TUBULATION	5	4	2	2	GOBP_REGULATION_OF_MEMBRANE_TUBULATION
GOBP_REGULATION_OF_MESENCHYMAL_CELL_PROLIFERATION	35	22	11	11	GOBP_REGULATION_OF_MESENCHYMAL_CELL_PROLIFERATION
GOBP_REGULATION_OF_MESENCHYMAL_STEM_CELL_DIFFERENTIATION	11	6	3	3	GOBP_MESENCHYMAL_STEM_CELL_DIFFERENTIATION
GOBP_REGULATION_OF_MESENCHYMAL_STEM_CELL_PROLIFERATION	10	5	3	2	GOBP_MESENCHYMAL_STEM_CELL_PROLIFERATION
GOBP_REGULATION_OF_MESENCHYMAL_TO_EPITHELIAL_TRANSITION_INVOLVED_IN_METANEPHROS_MORPHOGENESIS	7	5	3	2	GOBP_REGULATION_OF_MESENCHYMAL_TO_EPITHELIAL_TRANSITION_INVOLVED_IN_METANEPHROS_MORPHOGENESIS
GOBP_REGULATION_OF_MESODERMAL_CELL_DIFFERENTIATION	10	6	3	3	GOBP_REGULATION_OF_MESODERMAL_CELL_DIFFERENTIATION
GOBP_REGULATION_OF_MESODERMAL_CELL_FATE_SPECIFICATION	6	4	2	2	GOBP_REGULATION_OF_MESODERMAL_CELL_FATE_SPECIFICATION
GOBP_REGULATION_OF_MESODERM_DEVELOPMENT	7	4	2	2	GOBP_REGULATION_OF_MESODERM_DEVELOPMENT
GOBP_REGULATION_OF_MESONEPHROS_DEVELOPMENT	5	5	3	2	GOBP_REGULATION_OF_MESONEPHROS_DEVELOPMENT
GOBP_REGULATION_OF_METANEPHROS_DEVELOPMENT	6	4	2	2	GOBP_REGULATION_OF_METANEPHROS_DEVELOPMENT
GOBP_REGULATION_OF_METAPHASE_PLATE_CONGRESSION	15	6	3	3	GOBP_REGULATION_OF_METAPHASE_PLATE_CONGRESSION
GOBP_REGULATION_OF_MICROGLIAL_CELL_ACTIVATION	20	14	7	7	GOBP_REGULATION_OF_MICROGLIAL_CELL_ACTIVATION
GOBP_REGULATION_OF_MICROTUBULE_BASED_MOVEMENT	61	31	16	15	GOBP_REGULATION_OF_MICROTUBULE_BASED_MOVEMENT
GOBP_REGULATION_OF_MICROTUBULE_BASED_PROCESS	278	127	64	63	GOBP_REGULATION_OF_MICROTUBULE_BASED_PROCESS
GOBP_REGULATION_OF_MICROTUBULE_CYTOSKELETON_ORGANIZATION	171	76	38	38	GOBP_REGULATION_OF_MICROTUBULE_CYTOSKELETON_ORGANIZATION
GOBP_REGULATION_OF_MICROTUBULE_DEPOLYMERIZATION	38	20	10	10	GOBP_REGULATION_OF_MICROTUBULE_DEPOLYMERIZATION
GOBP_REGULATION_OF_MICROTUBULE_NUCLEATION	19	9	5	4	GOBP_REGULATION_OF_MICROTUBULE_NUCLEATION
GOBP_REGULATION_OF_MICROTUBULE_POLYMERIZATION	67	27	14	13	GOBP_REGULATION_OF_MICROTUBULE_POLYMERIZATION
GOBP_REGULATION_OF_MICROTUBULE_POLYMERIZATION_OR_DEPOLYMERIZATION	104	49	25	24	GOBP_REGULATION_OF_MICROTUBULE_POLYMERIZATION_OR_DEPOLYMERIZATION
GOBP_REGULATION_OF_MICROVILLUS_ASSEMBLY	6	6	3	3	GOBP_REGULATION_OF_MICROVILLUS_ASSEMBLY
GOBP_REGULATION_OF_MICROVILLUS_LENGTH	7	6	3	3	GOBP_REGULATION_OF_MICROVILLUS_LENGTH
GOBP_REGULATION_OF_MICROVILLUS_ORGANIZATION	13	12	6	6	GOBP_REGULATION_OF_MICROVILLUS_ORGANIZATION
GOBP_REGULATION_OF_MIRNA_CATABOLIC_PROCESS	11	3	2	1	GOBP_REGULATION_OF_MIRNA_CATABOLIC_PROCESS
GOBP_REGULATION_OF_MIRNA_METABOLIC_PROCESS	92	43	22	21	GOBP_REGULATION_OF_MIRNA_METABOLIC_PROCESS
GOBP_REGULATION_OF_MITOCHONDRIAL_ATP_SYNTHESIS_COUPLED_ELECTRON_TRANSPORT	7	5	3	2	GOBP_REGULATION_OF_MITOCHONDRIAL_ATP_SYNTHESIS_COUPLED_ELECTRON_TRANSPORT
GOBP_REGULATION_OF_MITOCHONDRIAL_DEPOLARIZATION	22	12	6	6	GOBP_REGULATION_OF_MITOCHONDRIAL_DEPOLARIZATION
GOBP_REGULATION_OF_MITOCHONDRIAL_FISSION	31	11	6	5	GOBP_REGULATION_OF_MITOCHONDRIAL_FISSION
GOBP_REGULATION_OF_MITOCHONDRIAL_FUSION	15	4	2	2	GOBP_REGULATION_OF_MITOCHONDRIAL_FUSION
GOBP_REGULATION_OF_MITOCHONDRIAL_GENE_EXPRESSION	35	9	5	4	GOBP_REGULATION_OF_MITOCHONDRIAL_GENE_EXPRESSION
GOBP_REGULATION_OF_MITOCHONDRIAL_MEMBRANE_PERMEABILITY	59	15	8	7	GOBP_REGULATION_OF_MITOCHONDRIAL_MEMBRANE_PERMEABILITY
GOBP_REGULATION_OF_MITOCHONDRIAL_MEMBRANE_PERMEABILITY_INVOLVED_IN_APOPTOTIC_PROCESS	49	11	6	5	GOBP_REGULATION_OF_MITOCHONDRIAL_MEMBRANE_PERMEABILITY_INVOLVED_IN_APOPTOTIC_PROCESS
GOBP_REGULATION_OF_MITOCHONDRIAL_MEMBRANE_POTENTIAL	78	35	18	17	GOBP_REGULATION_OF_MITOCHONDRIAL_MEMBRANE_POTENTIAL
GOBP_REGULATION_OF_MITOCHONDRIAL_OUTER_MEMBRANE_PERMEABILIZATION_INVOLVED_IN_APOPTOTIC_SIGNALING_PATHWAY	25	6	3	3	GOBP_REGULATION_OF_MITOCHONDRIAL_OUTER_MEMBRANE_PERMEABILIZATION_INVOLVED_IN_APOPTOTIC_SIGNALING_PATHWAY
GOBP_REGULATION_OF_MITOCHONDRIAL_RNA_CATABOLIC_PROCESS	5	3	2	1	GOBP_MITOCHONDRIAL_RNA_CATABOLIC_PROCESS
GOBP_REGULATION_OF_MITOCHONDRIAL_TRANSLATION	26	8	4	4	GOBP_REGULATION_OF_MITOCHONDRIAL_TRANSLATION
GOBP_REGULATION_OF_MITOCHONDRION_ORGANIZATION	118	47	24	23	GOBP_REGULATION_OF_MITOCHONDRION_ORGANIZATION
GOBP_REGULATION_OF_MITOTIC_CELL_CYCLE	528	237	119	118	GOBP_REGULATION_OF_MITOTIC_CELL_CYCLE
GOBP_REGULATION_OF_MITOTIC_CELL_CYCLE_PHASE_TRANSITION	358	162	81	81	GOBP_REGULATION_OF_MITOTIC_CELL_CYCLE_PHASE_TRANSITION
GOBP_REGULATION_OF_MITOTIC_CENTROSOME_SEPARATION	9	4	2	2	GOBP_REGULATION_OF_MITOTIC_CENTROSOME_SEPARATION
GOBP_REGULATION_OF_MITOTIC_CYTOKINESIS	16	7	4	3	GOBP_REGULATION_OF_MITOTIC_CYTOKINESIS
GOBP_REGULATION_OF_MITOTIC_NUCLEAR_DIVISION	120	73	37	36	GOBP_REGULATION_OF_MITOTIC_NUCLEAR_DIVISION
GOBP_REGULATION_OF_MITOTIC_RECOMBINATION	7	5	3	2	GOBP_REGULATION_OF_MITOTIC_RECOMBINATION
GOBP_REGULATION_OF_MITOTIC_SISTER_CHROMATID_SEGREGATION	57	32	16	16	GOBP_REGULATION_OF_MITOTIC_SISTER_CHROMATID_SEGREGATION
GOBP_REGULATION_OF_MITOTIC_SPINDLE_ASSEMBLY	25	8	4	4	GOBP_REGULATION_OF_MITOTIC_SPINDLE_ASSEMBLY
GOBP_REGULATION_OF_MODIFICATION_OF_POSTSYNAPTIC_ACTIN_CYTOSKELETON	7	3	2	1	GOBP_REGULATION_OF_MODIFICATION_OF_POSTSYNAPTIC_ACTIN_CYTOSKELETON
GOBP_REGULATION_OF_MODIFICATION_OF_POSTSYNAPTIC_STRUCTURE	15	7	4	3	GOBP_REGULATION_OF_MODIFICATION_OF_POSTSYNAPTIC_STRUCTURE
GOBP_REGULATION_OF_MODIFICATION_OF_SYNAPTIC_STRUCTURE	20	9	5	4	GOBP_REGULATION_OF_MODIFICATION_OF_SYNAPTIC_STRUCTURE
GOBP_REGULATION_OF_MOLECULAR_FUNCTION	1023	463	232	231	GOBP_REGULATION_OF_MOLECULAR_FUNCTION
GOBP_REGULATION_OF_MONOATOMIC_ANION_TRANSPORT	15	10	5	5	GOBP_REGULATION_OF_MONOATOMIC_ANION_TRANSPORT
GOBP_REGULATION_OF_MONOATOMIC_ION_TRANSMEMBRANE_TRANSPORT	321	174	87	87	GOBP_REGULATION_OF_MONOATOMIC_ION_TRANSMEMBRANE_TRANSPORT
GOBP_REGULATION_OF_MONOATOMIC_ION_TRANSPORT	452	256	128	128	GOBP_REGULATION_OF_MONOATOMIC_ION_TRANSPORT
GOBP_REGULATION_OF_MONOCYTE_CHEMOTAXIS	32	23	12	11	GOBP_REGULATION_OF_MONOCYTE_CHEMOTAXIS
GOBP_REGULATION_OF_MONOCYTE_DIFFERENTIATION	20	12	6	6	GOBP_REGULATION_OF_MONOCYTE_DIFFERENTIATION
GOBP_REGULATION_OF_MONOCYTE_EXTRAVASATION	7	4	2	2	GOBP_REGULATION_OF_MONOCYTE_EXTRAVASATION
GOBP_REGULATION_OF_MONONUCLEAR_CELL_MIGRATION	150	104	52	52	GOBP_REGULATION_OF_MONONUCLEAR_CELL_MIGRATION
GOBP_REGULATION_OF_MORPHOGENESIS_OF_AN_EPITHELIUM	69	55	28	27	GOBP_REGULATION_OF_MORPHOGENESIS_OF_AN_EPITHELIUM
GOBP_REGULATION_OF_MORPHOGENESIS_OF_A_BRANCHING_STRUCTURE	55	42	21	21	GOBP_REGULATION_OF_MORPHOGENESIS_OF_A_BRANCHING_STRUCTURE
GOBP_REGULATION_OF_MOTOR_NEURON_APOPTOTIC_PROCESS	15	5	3	2	GOBP_REGULATION_OF_MOTOR_NEURON_APOPTOTIC_PROCESS
GOBP_REGULATION_OF_MRNA_3_END_PROCESSING	10	3	2	1	GOBP_REGULATION_OF_MRNA_3_END_PROCESSING
GOBP_REGULATION_OF_MRNA_CATABOLIC_PROCESS	293	86	43	43	GOBP_REGULATION_OF_MRNA_CATABOLIC_PROCESS
GOBP_REGULATION_OF_MRNA_EXPORT_FROM_NUCLEUS	10	4	2	2	GOBP_REGULATION_OF_MRNA_EXPORT_FROM_NUCLEUS
GOBP_REGULATION_OF_MRNA_METABOLIC_PROCESS	407	125	63	62	GOBP_REGULATION_OF_MRNA_METABOLIC_PROCESS
GOBP_REGULATION_OF_MRNA_PROCESSING	134	43	22	21	GOBP_REGULATION_OF_MRNA_PROCESSING
GOBP_REGULATION_OF_MRNA_SPLICING_VIA_SPLICEOSOME	112	35	18	17	GOBP_REGULATION_OF_MRNA_SPLICING_VIA_SPLICEOSOME
GOBP_REGULATION_OF_MULTICELLULAR_ORGANISMAL_DEVELOPMENT	1513	808	404	404	GOBP_REGULATION_OF_MULTICELLULAR_ORGANISMAL_DEVELOPMENT
GOBP_REGULATION_OF_MULTICELLULAR_ORGANISM_GROWTH	68	27	14	13	GOBP_REGULATION_OF_MULTICELLULAR_ORGANISM_GROWTH
GOBP_REGULATION_OF_MUSCLE_ADAPTATION	99	39	20	19	GOBP_REGULATION_OF_MUSCLE_ADAPTATION
GOBP_REGULATION_OF_MUSCLE_CELL_DIFFERENTIATION	170	72	36	36	GOBP_REGULATION_OF_MUSCLE_CELL_DIFFERENTIATION
GOBP_REGULATION_OF_MUSCLE_CONTRACTION	179	107	54	53	GOBP_REGULATION_OF_MUSCLE_CONTRACTION
GOBP_REGULATION_OF_MUSCLE_HYPERTROPHY	76	29	15	14	GOBP_REGULATION_OF_MUSCLE_HYPERTROPHY
GOBP_REGULATION_OF_MUSCLE_ORGAN_DEVELOPMENT	45	22	11	11	GOBP_REGULATION_OF_MUSCLE_ORGAN_DEVELOPMENT
GOBP_REGULATION_OF_MUSCLE_SYSTEM_PROCESS	262	141	71	70	GOBP_REGULATION_OF_MUSCLE_SYSTEM_PROCESS
GOBP_REGULATION_OF_MYD88_DEPENDENT_TOLL_LIKE_RECEPTOR_SIGNALING_PATHWAY	5	4	2	2	GOBP_REGULATION_OF_MYD88_DEPENDENT_TOLL_LIKE_RECEPTOR_SIGNALING_PATHWAY
GOBP_REGULATION_OF_MYELINATION	48	29	15	14	GOBP_REGULATION_OF_MYELINATION
GOBP_REGULATION_OF_MYELOID_CELL_APOPTOTIC_PROCESS	34	19	10	9	GOBP_REGULATION_OF_MYELOID_CELL_APOPTOTIC_PROCESS
GOBP_REGULATION_OF_MYELOID_CELL_DIFFERENTIATION	228	114	57	57	GOBP_REGULATION_OF_MYELOID_CELL_DIFFERENTIATION
GOBP_REGULATION_OF_MYELOID_LEUKOCYTE_DIFFERENTIATION	132	71	36	35	GOBP_REGULATION_OF_MYELOID_LEUKOCYTE_DIFFERENTIATION
GOBP_REGULATION_OF_MYELOID_LEUKOCYTE_MEDIATED_IMMUNITY	58	27	14	13	GOBP_REGULATION_OF_MYELOID_LEUKOCYTE_MEDIATED_IMMUNITY
GOBP_REGULATION_OF_MYOBLAST_DIFFERENTIATION	77	42	21	21	GOBP_REGULATION_OF_MYOBLAST_DIFFERENTIATION
GOBP_REGULATION_OF_MYOBLAST_FUSION	21	15	8	7	GOBP_REGULATION_OF_MYOBLAST_FUSION
GOBP_REGULATION_OF_MYOBLAST_PROLIFERATION	27	9	5	4	GOBP_REGULATION_OF_MYOBLAST_PROLIFERATION
GOBP_REGULATION_OF_MYOTUBE_DIFFERENTIATION	49	21	11	10	GOBP_REGULATION_OF_MYOTUBE_DIFFERENTIATION
GOBP_REGULATION_OF_NADP_METABOLIC_PROCESS	8	7	4	3	GOBP_REGULATION_OF_NADP_METABOLIC_PROCESS
GOBP_REGULATION_OF_NATURAL_KILLER_CELL_ACTIVATION	45	26	13	13	GOBP_REGULATION_OF_NATURAL_KILLER_CELL_ACTIVATION
GOBP_REGULATION_OF_NATURAL_KILLER_CELL_CHEMOTAXIS	8	5	3	2	GOBP_REGULATION_OF_NATURAL_KILLER_CELL_CHEMOTAXIS
GOBP_REGULATION_OF_NATURAL_KILLER_CELL_DIFFERENTIATION	15	9	5	4	GOBP_REGULATION_OF_NATURAL_KILLER_CELL_DIFFERENTIATION
GOBP_REGULATION_OF_NATURAL_KILLER_CELL_MEDIATED_IMMUNE_RESPONSE_TO_TUMOR_CELL	10	7	4	3	GOBP_REGULATION_OF_NATURAL_KILLER_CELL_MEDIATED_IMMUNE_RESPONSE_TO_TUMOR_CELL
GOBP_REGULATION_OF_NATURAL_KILLER_CELL_MEDIATED_IMMUNITY	59	34	17	17	GOBP_REGULATION_OF_NATURAL_KILLER_CELL_MEDIATED_IMMUNITY
GOBP_REGULATION_OF_NATURAL_KILLER_CELL_PROLIFERATION	14	7	4	3	GOBP_REGULATION_OF_NATURAL_KILLER_CELL_PROLIFERATION
GOBP_REGULATION_OF_NERVOUS_SYSTEM_DEVELOPMENT	458	251	126	125	GOBP_REGULATION_OF_NERVOUS_SYSTEM_DEVELOPMENT
GOBP_REGULATION_OF_NERVOUS_SYSTEM_PROCESS	124	75	38	37	GOBP_REGULATION_OF_NERVOUS_SYSTEM_PROCESS
GOBP_REGULATION_OF_NEURAL_PRECURSOR_CELL_PROLIFERATION	96	58	29	29	GOBP_REGULATION_OF_NEURAL_PRECURSOR_CELL_PROLIFERATION
GOBP_REGULATION_OF_NEUROBLAST_PROLIFERATION	47	27	14	13	GOBP_REGULATION_OF_NEUROBLAST_PROLIFERATION
GOBP_REGULATION_OF_NEUROFIBRILLARY_TANGLE_ASSEMBLY	7	3	2	1	GOBP_REGULATION_OF_NEUROFIBRILLARY_TANGLE_ASSEMBLY
GOBP_REGULATION_OF_NEUROGENESIS	374	205	103	102	GOBP_REGULATION_OF_NEUROGENESIS
GOBP_REGULATION_OF_NEUROINFLAMMATORY_RESPONSE	42	28	14	14	GOBP_REGULATION_OF_NEUROINFLAMMATORY_RESPONSE
GOBP_REGULATION_OF_NEUROMUSCULAR_JUNCTION_DEVELOPMENT	12	4	2	2	GOBP_REGULATION_OF_NEUROMUSCULAR_JUNCTION_DEVELOPMENT
GOBP_REGULATION_OF_NEURONAL_ACTION_POTENTIAL	5	3	2	1	GOBP_REGULATION_OF_NEURONAL_ACTION_POTENTIAL
GOBP_REGULATION_OF_NEURONAL_SYNAPTIC_PLASTICITY	61	35	18	17	GOBP_REGULATION_OF_NEURONAL_SYNAPTIC_PLASTICITY
GOBP_REGULATION_OF_NEURON_APOPTOTIC_PROCESS	264	129	65	64	GOBP_REGULATION_OF_NEURON_APOPTOTIC_PROCESS
GOBP_REGULATION_OF_NEURON_DIFFERENTIATION	199	115	58	57	GOBP_REGULATION_OF_NEURON_DIFFERENTIATION
GOBP_REGULATION_OF_NEURON_MIGRATION	53	25	13	12	GOBP_REGULATION_OF_NEURON_MIGRATION
GOBP_REGULATION_OF_NEURON_PROJECTION_ARBORIZATION	15	5	3	2	GOBP_REGULATION_OF_NEURON_PROJECTION_ARBORIZATION
GOBP_REGULATION_OF_NEURON_PROJECTION_DEVELOPMENT	447	234	117	117	GOBP_REGULATION_OF_NEURON_PROJECTION_DEVELOPMENT
GOBP_REGULATION_OF_NEURON_PROJECTION_REGENERATION	33	17	9	8	GOBP_REGULATION_OF_NEURON_PROJECTION_REGENERATION
GOBP_REGULATION_OF_NEUROTRANSMITTER_RECEPTOR_ACTIVITY	19	15	8	7	GOBP_REGULATION_OF_NEUROTRANSMITTER_RECEPTOR_ACTIVITY
GOBP_REGULATION_OF_NEUROTRANSMITTER_RECEPTOR_LOCALIZATION_TO_POSTSYNAPTIC_SPECIALIZATION_MEMBRANE	19	10	5	5	GOBP_REGULATION_OF_NEUROTRANSMITTER_RECEPTOR_LOCALIZATION_TO_POSTSYNAPTIC_SPECIALIZATION_MEMBRANE
GOBP_REGULATION_OF_NEUROTRANSMITTER_SECRETION	90	49	25	24	GOBP_REGULATION_OF_NEUROTRANSMITTER_SECRETION
GOBP_REGULATION_OF_NEUROTRANSMITTER_TRANSPORT	108	59	30	29	GOBP_REGULATION_OF_NEUROTRANSMITTER_TRANSPORT
GOBP_REGULATION_OF_NEUROTRANSMITTER_UPTAKE	20	11	6	5	GOBP_REGULATION_OF_NEUROTRANSMITTER_UPTAKE
GOBP_REGULATION_OF_NEUROTROPHIN_TRK_RECEPTOR_SIGNALING_PATHWAY	11	9	5	4	GOBP_REGULATION_OF_NEUROTROPHIN_TRK_RECEPTOR_SIGNALING_PATHWAY
GOBP_REGULATION_OF_NEUTROPHIL_ACTIVATION	12	8	4	4	GOBP_REGULATION_OF_NEUTROPHIL_ACTIVATION
GOBP_REGULATION_OF_NEUTROPHIL_CHEMOTAXIS	33	29	15	14	GOBP_REGULATION_OF_NEUTROPHIL_CHEMOTAXIS
GOBP_REGULATION_OF_NEUTROPHIL_DEGRANULATION	7	4	2	2	GOBP_REGULATION_OF_NEUTROPHIL_DEGRANULATION
GOBP_REGULATION_OF_NEUTROPHIL_EXTRAVASATION	8	5	3	2	GOBP_REGULATION_OF_NEUTROPHIL_EXTRAVASATION
GOBP_REGULATION_OF_NEUTROPHIL_MEDIATED_CYTOTOXICITY	6	4	2	2	GOBP_REGULATION_OF_NEUTROPHIL_MEDIATED_CYTOTOXICITY
GOBP_REGULATION_OF_NEUTROPHIL_MIGRATION	45	34	17	17	GOBP_REGULATION_OF_NEUTROPHIL_MIGRATION
GOBP_REGULATION_OF_NITRIC_OXIDE_MEDIATED_SIGNAL_TRANSDUCTION	10	8	4	4	GOBP_REGULATION_OF_NITRIC_OXIDE_MEDIATED_SIGNAL_TRANSDUCTION
GOBP_REGULATION_OF_NITRIC_OXIDE_METABOLIC_PROCESS	69	37	19	18	GOBP_REGULATION_OF_NITRIC_OXIDE_METABOLIC_PROCESS
GOBP_REGULATION_OF_NITRIC_OXIDE_SYNTHASE_ACTIVITY	8	6	3	3	GOBP_REGULATION_OF_NITRIC_OXIDE_SYNTHASE_ACTIVITY
GOBP_REGULATION_OF_NK_T_CELL_ACTIVATION	12	11	6	5	GOBP_REGULATION_OF_NK_T_CELL_ACTIVATION
GOBP_REGULATION_OF_NK_T_CELL_DIFFERENTIATION	6	3	2	1	GOBP_REGULATION_OF_NK_T_CELL_DIFFERENTIATION
GOBP_REGULATION_OF_NK_T_CELL_PROLIFERATION	7	6	3	3	GOBP_REGULATION_OF_NK_T_CELL_PROLIFERATION
GOBP_REGULATION_OF_NODAL_SIGNALING_PATHWAY	8	5	3	2	GOBP_REGULATION_OF_NODAL_SIGNALING_PATHWAY
GOBP_REGULATION_OF_NON_CANONICAL_NF_KAPPAB_SIGNAL_TRANSDUCTION	111	49	25	24	GOBP_REGULATION_OF_NON_CANONICAL_NF_KAPPAB_SIGNAL_TRANSDUCTION
GOBP_REGULATION_OF_NON_CANONICAL_WNT_SIGNALING_PATHWAY	26	14	7	7	GOBP_REGULATION_OF_NON_CANONICAL_WNT_SIGNALING_PATHWAY
GOBP_REGULATION_OF_NON_MOTILE_CILIUM_ASSEMBLY	12	5	3	2	GOBP_REGULATION_OF_NON_MOTILE_CILIUM_ASSEMBLY
GOBP_REGULATION_OF_NOTCH_SIGNALING_PATHWAY	105	53	27	26	GOBP_REGULATION_OF_NOTCH_SIGNALING_PATHWAY
GOBP_REGULATION_OF_NUCLEAR_CELL_CYCLE_DNA_REPLICATION	14	9	5	4	GOBP_REGULATION_OF_NUCLEAR_CELL_CYCLE_DNA_REPLICATION
GOBP_REGULATION_OF_NUCLEAR_DIVISION	148	91	46	45	GOBP_REGULATION_OF_NUCLEAR_DIVISION
GOBP_REGULATION_OF_NUCLEAR_RECEPTOR_MEDIATED_GLUCOCORTICOID_SIGNALING_PATHWAY	9	3	2	1	GOBP_REGULATION_OF_NUCLEAR_RECEPTOR_MEDIATED_GLUCOCORTICOID_SIGNALING_PATHWAY
GOBP_REGULATION_OF_NUCLEAR_TRANSCRIBED_MRNA_CATABOLIC_PROCESS_DEADENYLATION_DEPENDENT_DECAY	23	14	7	7	GOBP_REGULATION_OF_NUCLEAR_TRANSCRIBED_MRNA_CATABOLIC_PROCESS_DEADENYLATION_DEPENDENT_DECAY
GOBP_REGULATION_OF_NUCLEAR_TRANSCRIBED_MRNA_CATABOLIC_PROCESS_NONSENSE_MEDIATED_DECAY	14	7	4	3	GOBP_REGULATION_OF_NUCLEAR_TRANSCRIBED_MRNA_CATABOLIC_PROCESS_NONSENSE_MEDIATED_DECAY
GOBP_REGULATION_OF_NUCLEAR_TRANSCRIBED_MRNA_POLY_A_TAIL_SHORTENING	15	6	3	3	GOBP_REGULATION_OF_NUCLEAR_TRANSCRIBED_MRNA_POLY_A_TAIL_SHORTENING
GOBP_REGULATION_OF_NUCLEOBASE_CONTAINING_COMPOUND_TRANSPORT	19	7	4	3	GOBP_REGULATION_OF_NUCLEOBASE_CONTAINING_COMPOUND_TRANSPORT
GOBP_REGULATION_OF_NUCLEOCYTOPLASMIC_TRANSPORT	120	54	27	27	GOBP_REGULATION_OF_NUCLEOCYTOPLASMIC_TRANSPORT
GOBP_REGULATION_OF_NUCLEOTIDE_BINDING_DOMAIN_LEUCINE_RICH_REPEAT_CONTAINING_RECEPTOR_SIGNALING_PATHWAY	15	8	4	4	GOBP_REGULATION_OF_NUCLEOTIDE_BINDING_DOMAIN_LEUCINE_RICH_REPEAT_CONTAINING_RECEPTOR_SIGNALING_PATHWAY
GOBP_REGULATION_OF_NUCLEOTIDE_BINDING_OLIGOMERIZATION_DOMAIN_CONTAINING_2_SIGNALING_PATHWAY	10	6	3	3	GOBP_REGULATION_OF_NUCLEOTIDE_BINDING_OLIGOMERIZATION_DOMAIN_CONTAINING_2_SIGNALING_PATHWAY
GOBP_REGULATION_OF_NUCLEOTIDE_BIOSYNTHETIC_PROCESS	25	9	5	4	GOBP_REGULATION_OF_NUCLEOTIDE_BIOSYNTHETIC_PROCESS
GOBP_REGULATION_OF_NUCLEOTIDE_EXCISION_REPAIR	29	12	6	6	GOBP_REGULATION_OF_NUCLEOTIDE_EXCISION_REPAIR
GOBP_REGULATION_OF_NUCLEOTIDE_METABOLIC_PROCESS	90	41	21	20	GOBP_REGULATION_OF_NUCLEOTIDE_METABOLIC_PROCESS
GOBP_REGULATION_OF_ODONTOBLAST_DIFFERENTIATION	11	4	2	2	GOBP_POSITIVE_REGULATION_OF_NEUROEPITHELIAL_CELL_DIFFERENTIATION
GOBP_REGULATION_OF_ODONTOGENESIS	18	15	8	7	GOBP_REGULATION_OF_ODONTOGENESIS
GOBP_REGULATION_OF_ODONTOGENESIS_OF_DENTIN_CONTAINING_TOOTH	11	9	5	4	GOBP_REGULATION_OF_ODONTOGENESIS_OF_DENTIN_CONTAINING_TOOTH
GOBP_REGULATION_OF_OLIGODENDROCYTE_DIFFERENTIATION	44	29	15	14	GOBP_REGULATION_OF_OLIGODENDROCYTE_DIFFERENTIATION
GOBP_REGULATION_OF_OOCYTE_MATURATION	7	4	2	2	GOBP_REGULATION_OF_OOCYTE_MATURATION
GOBP_REGULATION_OF_OPSIN_MEDIATED_SIGNALING_PATHWAY	10	6	3	3	GOBP_REGULATION_OF_OPSIN_MEDIATED_SIGNALING_PATHWAY
GOBP_REGULATION_OF_OPSONIZATION	11	9	5	4	GOBP_REGULATION_OF_OPSONIZATION
GOBP_REGULATION_OF_ORGANELLE_ASSEMBLY	258	91	46	45	GOBP_REGULATION_OF_ORGANELLE_ASSEMBLY
GOBP_REGULATION_OF_ORGANELLE_ORGANIZATION	1208	542	271	271	GOBP_REGULATION_OF_ORGANELLE_ORGANIZATION
GOBP_REGULATION_OF_ORGANELLE_TRANSPORT_ALONG_MICROTUBULE	9	5	3	2	GOBP_REGULATION_OF_ORGANELLE_TRANSPORT_ALONG_MICROTUBULE
GOBP_REGULATION_OF_ORGANIC_ACID_TRANSPORT	72	39	20	19	GOBP_REGULATION_OF_ORGANIC_ACID_TRANSPORT
GOBP_REGULATION_OF_ORGAN_GROWTH	104	55	28	27	GOBP_REGULATION_OF_ORGAN_GROWTH
GOBP_REGULATION_OF_OSSIFICATION	127	73	37	36	GOBP_REGULATION_OF_OSSIFICATION
GOBP_REGULATION_OF_OSTEOBLAST_DIFFERENTIATION	160	78	39	39	GOBP_REGULATION_OF_OSTEOBLAST_DIFFERENTIATION
GOBP_REGULATION_OF_OSTEOBLAST_PROLIFERATION	30	16	8	8	GOBP_REGULATION_OF_OSTEOBLAST_PROLIFERATION
GOBP_REGULATION_OF_OSTEOCLAST_DEVELOPMENT	11	6	3	3	GOBP_REGULATION_OF_OSTEOCLAST_DEVELOPMENT
GOBP_REGULATION_OF_OSTEOCLAST_DIFFERENTIATION	74	40	20	20	GOBP_REGULATION_OF_OSTEOCLAST_DIFFERENTIATION
GOBP_REGULATION_OF_OSTEOCLAST_PROLIFERATION	7	5	3	2	GOBP_REGULATION_OF_OSTEOCLAST_PROLIFERATION
GOBP_REGULATION_OF_OVARIAN_FOLLICLE_DEVELOPMENT	6	3	2	1	GOBP_REGULATION_OF_OVARIAN_FOLLICLE_DEVELOPMENT
GOBP_REGULATION_OF_OXIDATIVE_PHOSPHORYLATION	24	11	6	5	GOBP_REGULATION_OF_OXIDATIVE_PHOSPHORYLATION
GOBP_REGULATION_OF_OXIDATIVE_STRESS_INDUCED_INTRINSIC_APOPTOTIC_SIGNALING_PATHWAY	48	18	9	9	GOBP_REGULATION_OF_OXIDATIVE_STRESS_INDUCED_INTRINSIC_APOPTOTIC_SIGNALING_PATHWAY
GOBP_REGULATION_OF_OXIDOREDUCTASE_ACTIVITY	28	20	10	10	GOBP_REGULATION_OF_OXIDOREDUCTASE_ACTIVITY
GOBP_REGULATION_OF_P38MAPK_CASCADE	45	24	12	12	GOBP_REGULATION_OF_P38MAPK_CASCADE
GOBP_REGULATION_OF_PANCREATIC_JUICE_SECRETION	7	3	2	1	GOBP_REGULATION_OF_PANCREATIC_JUICE_SECRETION
GOBP_REGULATION_OF_PATTERN_RECOGNITION_RECEPTOR_SIGNALING_PATHWAY	200	79	40	39	GOBP_REGULATION_OF_PATTERN_RECOGNITION_RECEPTOR_SIGNALING_PATHWAY
GOBP_REGULATION_OF_PENTOSE_PHOSPHATE_SHUNT	6	5	3	2	GOBP_REGULATION_OF_PENTOSE_PHOSPHATE_SHUNT
GOBP_REGULATION_OF_PEPTIDASE_ACTIVITY	32	17	9	8	GOBP_REGULATION_OF_PEPTIDASE_ACTIVITY
GOBP_REGULATION_OF_PEPTIDE_TRANSPORT	217	131	66	65	GOBP_REGULATION_OF_PEPTIDE_TRANSPORT
GOBP_REGULATION_OF_PEPTIDYL_SERINE_PHOSPHORYLATION	31	15	8	7	GOBP_REGULATION_OF_PEPTIDYL_SERINE_PHOSPHORYLATION
GOBP_REGULATION_OF_PEPTIDYL_THREONINE_PHOSPHORYLATION	15	8	4	4	GOBP_POSITIVE_REGULATION_OF_PEPTIDYL_THREONINE_PHOSPHORYLATION
GOBP_REGULATION_OF_PEPTIDYL_TYROSINE_PHOSPHORYLATION	84	44	22	22	GOBP_REGULATION_OF_PEPTIDYL_TYROSINE_PHOSPHORYLATION
GOBP_REGULATION_OF_PERK_MEDIATED_UNFOLDED_PROTEIN_RESPONSE	16	6	3	3	GOBP_REGULATION_OF_PERK_MEDIATED_UNFOLDED_PROTEIN_RESPONSE
GOBP_REGULATION_OF_PEROXISOME_PROLIFERATOR_ACTIVATED_RECEPTOR_SIGNALING_PATHWAY	20	6	3	3	GOBP_REGULATION_OF_PEROXISOME_PROLIFERATOR_ACTIVATED_RECEPTOR_SIGNALING_PATHWAY
GOBP_REGULATION_OF_PH	105	44	22	22	GOBP_REGULATION_OF_PH
GOBP_REGULATION_OF_PHAGOCYTOSIS	106	66	33	33	GOBP_REGULATION_OF_PHAGOCYTOSIS
GOBP_REGULATION_OF_PHOSPHATASE_ACTIVITY	9	3	2	1	GOBP_REGULATION_OF_PHOSPHATASE_ACTIVITY
GOBP_REGULATION_OF_PHOSPHATE_TRANSPORT	8	4	2	2	GOBP_REGULATION_OF_PHOSPHATE_TRANSPORT
GOBP_REGULATION_OF_PHOSPHATIDYLCHOLINE_METABOLIC_PROCESS	10	5	3	2	GOBP_REGULATION_OF_PHOSPHATIDYLCHOLINE_METABOLIC_PROCESS
GOBP_REGULATION_OF_PHOSPHATIDYLINOSITOL_BIOSYNTHETIC_PROCESS	5	4	2	2	GOBP_REGULATION_OF_PHOSPHATIDYLINOSITOL_BIOSYNTHETIC_PROCESS
GOBP_REGULATION_OF_PHOSPHOLIPASE_C_ACTIVATING_G_PROTEIN_COUPLED_RECEPTOR_SIGNALING_PATHWAY	9	6	3	3	GOBP_REGULATION_OF_PHOSPHOLIPASE_C_ACTIVATING_G_PROTEIN_COUPLED_RECEPTOR_SIGNALING_PATHWAY
GOBP_REGULATION_OF_PHOSPHOLIPID_BIOSYNTHETIC_PROCESS	19	8	4	4	GOBP_REGULATION_OF_PHOSPHOLIPID_BIOSYNTHETIC_PROCESS
GOBP_REGULATION_OF_PHOSPHOLIPID_CATABOLIC_PROCESS	7	5	3	2	GOBP_REGULATION_OF_PHOSPHOLIPID_CATABOLIC_PROCESS
GOBP_REGULATION_OF_PHOSPHOLIPID_METABOLIC_PROCESS	37	20	10	10	GOBP_REGULATION_OF_PHOSPHOLIPID_METABOLIC_PROCESS
GOBP_REGULATION_OF_PHOSPHOLIPID_TRANSLOCATION	6	4	2	2	GOBP_REGULATION_OF_PHOSPHOLIPID_TRANSLOCATION
GOBP_REGULATION_OF_PHOSPHORUS_METABOLIC_PROCESS	611	288	144	144	GOBP_REGULATION_OF_PHOSPHORUS_METABOLIC_PROCESS
GOBP_REGULATION_OF_PHOSPHORYLATION	461	215	108	107	GOBP_REGULATION_OF_PHOSPHORYLATION
GOBP_REGULATION_OF_PHOTORECEPTOR_CELL_DIFFERENTIATION	7	4	2	2	GOBP_REGULATION_OF_PHOTORECEPTOR_CELL_DIFFERENTIATION
GOBP_REGULATION_OF_PIGMENTATION	17	9	5	4	GOBP_REGULATION_OF_PIGMENTATION
GOBP_REGULATION_OF_PIGMENT_CELL_DIFFERENTIATION	8	6	3	3	GOBP_REGULATION_OF_PIGMENT_CELL_DIFFERENTIATION
GOBP_REGULATION_OF_PINOCYTOSIS	12	5	3	2	GOBP_REGULATION_OF_PINOCYTOSIS
GOBP_REGULATION_OF_PLASMA_CELL_DIFFERENTIATION	6	3	2	1	GOBP_REGULATION_OF_PLASMA_CELL_DIFFERENTIATION
GOBP_REGULATION_OF_PLASMA_LIPOPROTEIN_PARTICLE_LEVELS	103	59	30	29	GOBP_REGULATION_OF_PLASMA_LIPOPROTEIN_PARTICLE_LEVELS
GOBP_REGULATION_OF_PLASMA_MEMBRANE_ORGANIZATION	17	13	7	6	GOBP_REGULATION_OF_PLASMA_MEMBRANE_ORGANIZATION
GOBP_REGULATION_OF_PLASMA_MEMBRANE_REPAIR	7	5	3	2	GOBP_REGULATION_OF_PLASMA_MEMBRANE_REPAIR
GOBP_REGULATION_OF_PLASMINOGEN_ACTIVATION	17	14	7	7	GOBP_REGULATION_OF_PLASMINOGEN_ACTIVATION
GOBP_REGULATION_OF_PLATELET_ACTIVATION	55	36	18	18	GOBP_REGULATION_OF_PLATELET_ACTIVATION
GOBP_REGULATION_OF_PLATELET_AGGREGATION	31	20	10	10	GOBP_REGULATION_OF_PLATELET_AGGREGATION
GOBP_REGULATION_OF_PLATELET_DERIVED_GROWTH_FACTOR_RECEPTOR_SIGNALING_PATHWAY	27	12	6	6	GOBP_REGULATION_OF_PLATELET_DERIVED_GROWTH_FACTOR_RECEPTOR_SIGNALING_PATHWAY
GOBP_REGULATION_OF_PODOSOME_ASSEMBLY	14	11	6	5	GOBP_REGULATION_OF_PODOSOME_ASSEMBLY
GOBP_REGULATION_OF_POLYSACCHARIDE_BIOSYNTHETIC_PROCESS	40	17	9	8	GOBP_REGULATION_OF_POLYSACCHARIDE_BIOSYNTHETIC_PROCESS
GOBP_REGULATION_OF_POLYSACCHARIDE_METABOLIC_PROCESS	49	23	12	11	GOBP_REGULATION_OF_POLYSACCHARIDE_METABOLIC_PROCESS
GOBP_REGULATION_OF_POSITIVE_CHEMOTAXIS	26	17	9	8	GOBP_REGULATION_OF_POSITIVE_CHEMOTAXIS
GOBP_REGULATION_OF_POSTSYNAPSE_ASSEMBLY	45	21	11	10	GOBP_REGULATION_OF_POSTSYNAPSE_ASSEMBLY
GOBP_REGULATION_OF_POSTSYNAPSE_ORGANIZATION	144	65	33	32	GOBP_REGULATION_OF_POSTSYNAPSE_ORGANIZATION
GOBP_REGULATION_OF_POSTSYNAPTIC_CYTOSOLIC_CALCIUM_ION_CONCENTRATION	9	6	3	3	GOBP_REGULATION_OF_POSTSYNAPTIC_CYTOSOLIC_CALCIUM_ION_CONCENTRATION
GOBP_REGULATION_OF_POSTSYNAPTIC_DENSITY_ASSEMBLY	16	7	4	3	GOBP_REGULATION_OF_POSTSYNAPTIC_DENSITY_ASSEMBLY
GOBP_REGULATION_OF_POSTSYNAPTIC_DENSITY_ORGANIZATION	21	9	5	4	GOBP_REGULATION_OF_POSTSYNAPTIC_DENSITY_ORGANIZATION
GOBP_REGULATION_OF_POSTSYNAPTIC_MEMBRANE_NEUROTRANSMITTER_RECEPTOR_LEVELS	121	60	30	30	GOBP_REGULATION_OF_POSTSYNAPTIC_MEMBRANE_NEUROTRANSMITTER_RECEPTOR_LEVELS
GOBP_REGULATION_OF_POSTSYNAPTIC_MEMBRANE_POTENTIAL	152	89	45	44	GOBP_REGULATION_OF_POSTSYNAPTIC_MEMBRANE_POTENTIAL
GOBP_REGULATION_OF_POSTSYNAPTIC_NEUROTRANSMITTER_RECEPTOR_INTERNALIZATION	26	8	4	4	GOBP_REGULATION_OF_POSTSYNAPTIC_NEUROTRANSMITTER_RECEPTOR_INTERNALIZATION
GOBP_REGULATION_OF_POSTSYNAPTIC_SPECIALIZATION_ASSEMBLY	20	9	5	4	GOBP_REGULATION_OF_POSTSYNAPTIC_SPECIALIZATION_ASSEMBLY
GOBP_REGULATION_OF_POST_TRANSLATIONAL_PROTEIN_MODIFICATION	248	87	44	43	GOBP_REGULATION_OF_POST_TRANSLATIONAL_PROTEIN_MODIFICATION
GOBP_REGULATION_OF_POTASSIUM_ION_EXPORT_ACROSS_PLASMA_MEMBRANE	12	6	3	3	GOBP_REGULATION_OF_POTASSIUM_ION_EXPORT_ACROSS_PLASMA_MEMBRANE
GOBP_REGULATION_OF_POTASSIUM_ION_IMPORT	9	4	2	2	GOBP_REGULATION_OF_POTASSIUM_ION_IMPORT
GOBP_REGULATION_OF_POTASSIUM_ION_TRANSMEMBRANE_TRANSPORT	76	45	23	22	GOBP_REGULATION_OF_POTASSIUM_ION_TRANSMEMBRANE_TRANSPORT
GOBP_REGULATION_OF_POTASSIUM_ION_TRANSMEMBRANE_TRANSPORTER_ACTIVITY	16	9	5	4	GOBP_REGULATION_OF_POTASSIUM_ION_TRANSMEMBRANE_TRANSPORTER_ACTIVITY
GOBP_REGULATION_OF_POTASSIUM_ION_TRANSPORT	95	59	30	29	GOBP_REGULATION_OF_POTASSIUM_ION_TRANSPORT
GOBP_REGULATION_OF_PRESYNAPSE_ORGANIZATION	33	20	10	10	GOBP_REGULATION_OF_PRESYNAPSE_ORGANIZATION
GOBP_REGULATION_OF_PRESYNAPTIC_CYTOSOLIC_CALCIUM_ION_CONCENTRATION	14	11	6	5	GOBP_REGULATION_OF_PRESYNAPTIC_CYTOSOLIC_CALCIUM_ION_CONCENTRATION
GOBP_REGULATION_OF_PRESYNAPTIC_MEMBRANE_POTENTIAL	31	21	11	10	GOBP_REGULATION_OF_PRESYNAPTIC_MEMBRANE_POTENTIAL
GOBP_REGULATION_OF_PRIMARY_MIRNA_PROCESSING	5	3	2	1	GOBP_REGULATION_OF_PRIMARY_MIRNA_PROCESSING
GOBP_REGULATION_OF_PROGRAMMED_CELL_DEATH	1573	778	389	389	GOBP_REGULATION_OF_PROGRAMMED_CELL_DEATH
GOBP_REGULATION_OF_PROGRAMMED_NECROTIC_CELL_DEATH	41	12	6	6	GOBP_REGULATION_OF_PROGRAMMED_NECROTIC_CELL_DEATH
GOBP_REGULATION_OF_PROSTAGLANDIN_SECRETION	13	8	4	4	GOBP_REGULATION_OF_PROSTAGLANDIN_SECRETION
GOBP_REGULATION_OF_PROSTATIC_BUD_FORMATION	6	5	3	2	GOBP_REGULATION_OF_PROSTATIC_BUD_FORMATION
GOBP_REGULATION_OF_PROTEASOMAL_PROTEIN_CATABOLIC_PROCESS	205	75	38	37	GOBP_REGULATION_OF_PROTEASOMAL_PROTEIN_CATABOLIC_PROCESS
GOBP_REGULATION_OF_PROTEASOMAL_UBIQUITIN_DEPENDENT_PROTEIN_CATABOLIC_PROCESS	135	52	26	26	GOBP_REGULATION_OF_PROTEASOMAL_UBIQUITIN_DEPENDENT_PROTEIN_CATABOLIC_PROCESS
GOBP_REGULATION_OF_PROTEIN_ACETYLATION	11	4	2	2	GOBP_REGULATION_OF_PROTEIN_ACETYLATION
GOBP_REGULATION_OF_PROTEIN_AUTOPHOSPHORYLATION	14	12	6	6	GOBP_REGULATION_OF_PROTEIN_AUTOPHOSPHORYLATION
GOBP_REGULATION_OF_PROTEIN_BINDING	70	29	15	14	GOBP_REGULATION_OF_PROTEIN_BINDING
GOBP_REGULATION_OF_PROTEIN_CATABOLIC_PROCESS	379	161	81	80	GOBP_REGULATION_OF_PROTEIN_CATABOLIC_PROCESS
GOBP_REGULATION_OF_PROTEIN_CATABOLIC_PROCESS_IN_THE_VACUOLE	14	6	3	3	GOBP_REGULATION_OF_PROTEIN_CATABOLIC_PROCESS_IN_THE_VACUOLE
GOBP_REGULATION_OF_PROTEIN_COMPLEX_STABILITY	16	6	3	3	GOBP_REGULATION_OF_PROTEIN_COMPLEX_STABILITY
GOBP_REGULATION_OF_PROTEIN_CONTAINING_COMPLEX_ASSEMBLY	437	191	96	95	GOBP_REGULATION_OF_PROTEIN_CONTAINING_COMPLEX_ASSEMBLY
GOBP_REGULATION_OF_PROTEIN_CONTAINING_COMPLEX_DISASSEMBLY	134	56	28	28	GOBP_REGULATION_OF_PROTEIN_CONTAINING_COMPLEX_DISASSEMBLY
GOBP_REGULATION_OF_PROTEIN_DEACETYLATION	11	5	3	2	GOBP_REGULATION_OF_PROTEIN_DEACETYLATION
GOBP_REGULATION_OF_PROTEIN_DEPOLYMERIZATION	96	52	26	26	GOBP_REGULATION_OF_PROTEIN_DEPOLYMERIZATION
GOBP_REGULATION_OF_PROTEIN_DEUBIQUITINATION	11	3	2	1	GOBP_POSITIVE_REGULATION_OF_PROTEIN_DEUBIQUITINATION
GOBP_REGULATION_OF_PROTEIN_EXIT_FROM_ENDOPLASMIC_RETICULUM	24	11	6	5	GOBP_REGULATION_OF_PROTEIN_EXIT_FROM_ENDOPLASMIC_RETICULUM
GOBP_REGULATION_OF_PROTEIN_EXPORT_FROM_NUCLEUS	37	15	8	7	GOBP_REGULATION_OF_PROTEIN_EXPORT_FROM_NUCLEUS
GOBP_REGULATION_OF_PROTEIN_FOLDING	10	3	2	1	GOBP_REGULATION_OF_PROTEIN_FOLDING
GOBP_REGULATION_OF_PROTEIN_GLYCOSYLATION	9	5	3	2	GOBP_REGULATION_OF_PROTEIN_GLYCOSYLATION
GOBP_REGULATION_OF_PROTEIN_IMPORT_INTO_NUCLEUS	62	31	16	15	GOBP_REGULATION_OF_PROTEIN_IMPORT_INTO_NUCLEUS
GOBP_REGULATION_OF_PROTEIN_KINASE_A_SIGNALING	8	4	2	2	GOBP_REGULATION_OF_PROTEIN_KINASE_A_SIGNALING
GOBP_REGULATION_OF_PROTEIN_KINASE_C_SIGNALING	5	4	2	2	GOBP_REGULATION_OF_PROTEIN_KINASE_C_SIGNALING
GOBP_REGULATION_OF_PROTEIN_LOCALIZATION_TO_CELL_CELL_JUNCTION	6	4	2	2	GOBP_REGULATION_OF_PROTEIN_LOCALIZATION_TO_CELL_CELL_JUNCTION
GOBP_REGULATION_OF_PROTEIN_LOCALIZATION_TO_CELL_CORTEX	9	7	4	3	GOBP_REGULATION_OF_PROTEIN_LOCALIZATION_TO_CELL_CORTEX
GOBP_REGULATION_OF_PROTEIN_LOCALIZATION_TO_CELL_PERIPHERY	156	75	38	37	GOBP_REGULATION_OF_PROTEIN_LOCALIZATION_TO_CELL_PERIPHERY
GOBP_REGULATION_OF_PROTEIN_LOCALIZATION_TO_CELL_SURFACE	43	19	10	9	GOBP_REGULATION_OF_PROTEIN_LOCALIZATION_TO_CELL_SURFACE
GOBP_REGULATION_OF_PROTEIN_LOCALIZATION_TO_CENTROSOME	12	3	2	1	GOBP_REGULATION_OF_PROTEIN_LOCALIZATION_TO_CENTROSOME
GOBP_REGULATION_OF_PROTEIN_LOCALIZATION_TO_CHROMATIN	10	5	3	2	GOBP_REGULATION_OF_PROTEIN_LOCALIZATION_TO_CHROMATIN
GOBP_REGULATION_OF_PROTEIN_LOCALIZATION_TO_CILIUM	11	3	2	1	GOBP_REGULATION_OF_PROTEIN_LOCALIZATION_TO_CILIUM
GOBP_REGULATION_OF_PROTEIN_LOCALIZATION_TO_ENDOSOME	14	8	4	4	GOBP_REGULATION_OF_PROTEIN_LOCALIZATION_TO_ENDOSOME
GOBP_REGULATION_OF_PROTEIN_LOCALIZATION_TO_MEMBRANE	203	93	47	46	GOBP_REGULATION_OF_PROTEIN_LOCALIZATION_TO_MEMBRANE
GOBP_REGULATION_OF_PROTEIN_LOCALIZATION_TO_NUCLEOLUS	10	4	2	2	GOBP_REGULATION_OF_PROTEIN_LOCALIZATION_TO_NUCLEOLUS
GOBP_REGULATION_OF_PROTEIN_LOCALIZATION_TO_NUCLEUS	148	60	30	30	GOBP_REGULATION_OF_PROTEIN_LOCALIZATION_TO_NUCLEUS
GOBP_REGULATION_OF_PROTEIN_LOCALIZATION_TO_PLASMA_MEMBRANE	119	54	27	27	GOBP_REGULATION_OF_PROTEIN_LOCALIZATION_TO_PLASMA_MEMBRANE
GOBP_REGULATION_OF_PROTEIN_LOCALIZATION_TO_SYNAPSE	29	15	8	7	GOBP_REGULATION_OF_PROTEIN_LOCALIZATION_TO_SYNAPSE
GOBP_REGULATION_OF_PROTEIN_MATURATION	66	37	19	18	GOBP_REGULATION_OF_PROTEIN_MATURATION
GOBP_REGULATION_OF_PROTEIN_METABOLIC_PROCESS	1613	676	338	338	GOBP_REGULATION_OF_PROTEIN_METABOLIC_PROCESS
GOBP_REGULATION_OF_PROTEIN_MODIFICATION_PROCESS	675	286	143	143	GOBP_REGULATION_OF_PROTEIN_MODIFICATION_PROCESS
GOBP_REGULATION_OF_PROTEIN_NEDDYLATION	20	5	3	2	GOBP_REGULATION_OF_PROTEIN_NEDDYLATION
GOBP_REGULATION_OF_PROTEIN_OLIGOMERIZATION	8	4	2	2	GOBP_REGULATION_OF_PROTEIN_OLIGOMERIZATION
GOBP_REGULATION_OF_PROTEIN_POLYMERIZATION	202	90	45	45	GOBP_REGULATION_OF_PROTEIN_POLYMERIZATION
GOBP_REGULATION_OF_PROTEIN_POLYUBIQUITINATION	29	9	5	4	GOBP_REGULATION_OF_PROTEIN_POLYUBIQUITINATION
GOBP_REGULATION_OF_PROTEIN_SECRETION	281	159	80	79	GOBP_REGULATION_OF_PROTEIN_SECRETION
GOBP_REGULATION_OF_PROTEIN_SERINE_THREONINE_KINASE_ACTIVITY	133	61	31	30	GOBP_REGULATION_OF_PROTEIN_SERINE_THREONINE_KINASE_ACTIVITY
GOBP_REGULATION_OF_PROTEIN_STABILITY	396	151	76	75	GOBP_REGULATION_OF_PROTEIN_STABILITY
GOBP_REGULATION_OF_PROTEIN_SUMOYLATION	24	5	3	2	GOBP_REGULATION_OF_PROTEIN_SUMOYLATION
GOBP_REGULATION_OF_PROTEIN_TARGETING	79	31	16	15	GOBP_REGULATION_OF_PROTEIN_TARGETING
GOBP_REGULATION_OF_PROTEIN_TARGETING_TO_MEMBRANE	33	13	7	6	GOBP_REGULATION_OF_PROTEIN_TARGETING_TO_MEMBRANE
GOBP_REGULATION_OF_PROTEIN_TRANSPORT	456	230	115	115	GOBP_REGULATION_OF_PROTEIN_TRANSPORT
GOBP_REGULATION_OF_PROTEIN_TYROSINE_KINASE_ACTIVITY	25	9	5	4	GOBP_REGULATION_OF_PROTEIN_TYROSINE_KINASE_ACTIVITY
GOBP_REGULATION_OF_PROTEIN_UBIQUITINATION	200	72	36	36	GOBP_REGULATION_OF_PROTEIN_UBIQUITINATION
GOBP_REGULATION_OF_PROTEOLYSIS	396	167	84	83	GOBP_REGULATION_OF_PROTEOLYSIS
GOBP_REGULATION_OF_PROTEOLYSIS_INVOLVED_IN_PROTEIN_CATABOLIC_PROCESS	244	88	44	44	GOBP_REGULATION_OF_PROTEOLYSIS_INVOLVED_IN_PROTEIN_CATABOLIC_PROCESS
GOBP_REGULATION_OF_PROTON_TRANSPORT	7	4	2	2	GOBP_REGULATION_OF_PROTON_TRANSPORT
GOBP_REGULATION_OF_RAC_PROTEIN_SIGNAL_TRANSDUCTION	32	14	7	7	GOBP_REGULATION_OF_RAC_PROTEIN_SIGNAL_TRANSDUCTION
GOBP_REGULATION_OF_RAS_PROTEIN_SIGNAL_TRANSDUCTION	48	20	10	10	GOBP_REGULATION_OF_RAS_PROTEIN_SIGNAL_TRANSDUCTION
GOBP_REGULATION_OF_REACTIVE_OXYGEN_SPECIES_BIOSYNTHETIC_PROCESS	48	18	9	9	GOBP_REGULATION_OF_REACTIVE_OXYGEN_SPECIES_BIOSYNTHETIC_PROCESS
GOBP_REGULATION_OF_REACTIVE_OXYGEN_SPECIES_METABOLIC_PROCESS	149	75	38	37	GOBP_REGULATION_OF_REACTIVE_OXYGEN_SPECIES_METABOLIC_PROCESS
GOBP_REGULATION_OF_RECEPTOR_BINDING	9	5	3	2	GOBP_REGULATION_OF_RECEPTOR_BINDING
GOBP_REGULATION_OF_RECEPTOR_CATABOLIC_PROCESS	13	6	3	3	GOBP_REGULATION_OF_RECEPTOR_CATABOLIC_PROCESS
GOBP_REGULATION_OF_RECEPTOR_CLUSTERING	19	10	5	5	GOBP_REGULATION_OF_RECEPTOR_CLUSTERING
GOBP_REGULATION_OF_RECEPTOR_INTERNALIZATION	78	30	15	15	GOBP_REGULATION_OF_RECEPTOR_INTERNALIZATION
GOBP_REGULATION_OF_RECEPTOR_LOCALIZATION_TO_SYNAPSE	30	14	7	7	GOBP_REGULATION_OF_RECEPTOR_LOCALIZATION_TO_SYNAPSE
GOBP_REGULATION_OF_RECEPTOR_MEDIATED_ENDOCYTOSIS	130	51	26	25	GOBP_REGULATION_OF_RECEPTOR_MEDIATED_ENDOCYTOSIS
GOBP_REGULATION_OF_RECEPTOR_RECYCLING	25	11	6	5	GOBP_REGULATION_OF_RECEPTOR_RECYCLING
GOBP_REGULATION_OF_RECEPTOR_SIGNALING_PATHWAY_VIA_JAK_STAT	79	35	18	17	GOBP_REGULATION_OF_RECEPTOR_SIGNALING_PATHWAY_VIA_JAK_STAT
GOBP_REGULATION_OF_RECEPTOR_SIGNALING_PATHWAY_VIA_STAT	99	44	22	22	GOBP_REGULATION_OF_RECEPTOR_SIGNALING_PATHWAY_VIA_STAT
GOBP_REGULATION_OF_REGULATED_SECRETORY_PATHWAY	128	66	33	33	GOBP_REGULATION_OF_REGULATED_SECRETORY_PATHWAY
GOBP_REGULATION_OF_REGULATORY_NCRNA_PROCESSING	16	6	3	3	GOBP_REGULATION_OF_REGULATORY_NCRNA_PROCESSING
GOBP_REGULATION_OF_RELAXATION_OF_CARDIAC_MUSCLE	6	4	2	2	GOBP_REGULATION_OF_RELAXATION_OF_CARDIAC_MUSCLE
GOBP_REGULATION_OF_RELAXATION_OF_MUSCLE	14	9	5	4	GOBP_REGULATION_OF_RELAXATION_OF_MUSCLE
GOBP_REGULATION_OF_RELEASE_OF_CYTOCHROME_C_FROM_MITOCHONDRIA	41	21	11	10	GOBP_REGULATION_OF_RELEASE_OF_CYTOCHROME_C_FROM_MITOCHONDRIA
GOBP_REGULATION_OF_RELEASE_OF_SEQUESTERED_CALCIUM_ION_INTO_CYTOSOL	83	44	22	22	GOBP_REGULATION_OF_RELEASE_OF_SEQUESTERED_CALCIUM_ION_INTO_CYTOSOL
GOBP_REGULATION_OF_RELEASE_OF_SEQUESTERED_CALCIUM_ION_INTO_CYTOSOL_BY_SARCOPLASMIC_RETICULUM	37	17	9	8	GOBP_REGULATION_OF_RELEASE_OF_SEQUESTERED_CALCIUM_ION_INTO_CYTOSOL_BY_SARCOPLASMIC_RETICULUM
GOBP_REGULATION_OF_REMOVAL_OF_SUPEROXIDE_RADICALS	7	4	2	2	GOBP_REGULATION_OF_REMOVAL_OF_SUPEROXIDE_RADICALS
GOBP_REGULATION_OF_RENAL_SODIUM_EXCRETION	8	7	4	3	GOBP_REGULATION_OF_RENAL_SODIUM_EXCRETION
GOBP_REGULATION_OF_RENAL_SYSTEM_PROCESS	24	16	8	8	GOBP_REGULATION_OF_RENAL_SYSTEM_PROCESS
GOBP_REGULATION_OF_REPRODUCTIVE_PROCESS	206	124	62	62	GOBP_REGULATION_OF_REPRODUCTIVE_PROCESS
GOBP_REGULATION_OF_RESPIRATORY_BURST	19	14	7	7	GOBP_REGULATION_OF_RESPIRATORY_BURST
GOBP_REGULATION_OF_RESPIRATORY_BURST_INVOLVED_IN_INFLAMMATORY_RESPONSE	8	7	4	3	GOBP_REGULATION_OF_RESPIRATORY_BURST_INVOLVED_IN_INFLAMMATORY_RESPONSE
GOBP_REGULATION_OF_RESPIRATORY_GASEOUS_EXCHANGE	24	15	8	7	GOBP_REGULATION_OF_RESPIRATORY_GASEOUS_EXCHANGE
GOBP_REGULATION_OF_RESPIRATORY_GASEOUS_EXCHANGE_BY_NERVOUS_SYSTEM_PROCESS	13	8	4	4	GOBP_REGULATION_OF_RESPIRATORY_GASEOUS_EXCHANGE_BY_NERVOUS_SYSTEM_PROCESS
GOBP_REGULATION_OF_RESPIRATORY_SYSTEM_PROCESS	16	8	4	4	GOBP_REGULATION_OF_RESPIRATORY_GASEOUS_EXCHANGE_BY_NERVOUS_SYSTEM_PROCESS
GOBP_REGULATION_OF_RESPONSE_TO_BIOTIC_STIMULUS	593	276	138	138	GOBP_REGULATION_OF_RESPONSE_TO_BIOTIC_STIMULUS
GOBP_REGULATION_OF_RESPONSE_TO_CYTOKINE_STIMULUS	207	86	43	43	GOBP_REGULATION_OF_RESPONSE_TO_CYTOKINE_STIMULUS
GOBP_REGULATION_OF_RESPONSE_TO_DRUG	19	4	2	2	GOBP_REGULATION_OF_RESPONSE_TO_DRUG
GOBP_REGULATION_OF_RESPONSE_TO_ENDOPLASMIC_RETICULUM_STRESS	95	34	17	17	GOBP_REGULATION_OF_RESPONSE_TO_ENDOPLASMIC_RETICULUM_STRESS
GOBP_REGULATION_OF_RESPONSE_TO_EXTERNAL_STIMULUS	1175	616	308	308	GOBP_REGULATION_OF_RESPONSE_TO_EXTERNAL_STIMULUS
GOBP_REGULATION_OF_RESPONSE_TO_FOOD	18	10	5	5	GOBP_REGULATION_OF_RESPONSE_TO_FOOD
GOBP_REGULATION_OF_RESPONSE_TO_NUTRIENT_LEVELS	35	18	9	9	GOBP_REGULATION_OF_RESPONSE_TO_NUTRIENT_LEVELS
GOBP_REGULATION_OF_RESPONSE_TO_OSMOTIC_STRESS	15	9	5	4	GOBP_REGULATION_OF_RESPONSE_TO_OSMOTIC_STRESS
GOBP_REGULATION_OF_RESPONSE_TO_OXIDATIVE_STRESS	36	17	9	8	GOBP_REGULATION_OF_RESPONSE_TO_OXIDATIVE_STRESS
GOBP_REGULATION_OF_RESPONSE_TO_REACTIVE_OXYGEN_SPECIES	11	7	4	3	GOBP_REGULATION_OF_RESPONSE_TO_REACTIVE_OXYGEN_SPECIES
GOBP_REGULATION_OF_RESPONSE_TO_STRESS	1510	712	356	356	GOBP_REGULATION_OF_RESPONSE_TO_STRESS
GOBP_REGULATION_OF_RESPONSE_TO_TUMOR_CELL	30	19	10	9	GOBP_REGULATION_OF_RESPONSE_TO_TUMOR_CELL
GOBP_REGULATION_OF_RESPONSE_TO_TYPE_II_INTERFERON	15	5	3	2	GOBP_REGULATION_OF_RESPONSE_TO_TYPE_II_INTERFERON
GOBP_REGULATION_OF_RESPONSE_TO_WOUNDING	177	103	52	51	GOBP_REGULATION_OF_RESPONSE_TO_WOUNDING
GOBP_REGULATION_OF_RESTING_MEMBRANE_POTENTIAL	13	11	6	5	GOBP_REGULATION_OF_RESTING_MEMBRANE_POTENTIAL
GOBP_REGULATION_OF_RETINOIC_ACID_RECEPTOR_SIGNALING_PATHWAY	17	8	4	4	GOBP_REGULATION_OF_RETINOIC_ACID_RECEPTOR_SIGNALING_PATHWAY
GOBP_REGULATION_OF_RETROGRADE_PROTEIN_TRANSPORT_ER_TO_CYTOSOL	13	5	3	2	GOBP_REGULATION_OF_RETROGRADE_PROTEIN_TRANSPORT_ER_TO_CYTOSOL
GOBP_REGULATION_OF_RETROGRADE_TRANSPORT_ENDOSOME_TO_GOLGI	7	4	2	2	GOBP_REGULATION_OF_RETROGRADE_TRANSPORT_ENDOSOME_TO_GOLGI
GOBP_REGULATION_OF_RHO_PROTEIN_SIGNAL_TRANSDUCTION	94	46	23	23	GOBP_REGULATION_OF_RHO_PROTEIN_SIGNAL_TRANSDUCTION
GOBP_REGULATION_OF_RIBONUCLEASE_ACTIVITY	6	5	3	2	GOBP_REGULATION_OF_RIBONUCLEASE_ACTIVITY
GOBP_REGULATION_OF_RIG_I_SIGNALING_PATHWAY	22	7	4	3	GOBP_REGULATION_OF_RIG_I_SIGNALING_PATHWAY
GOBP_REGULATION_OF_RNA_POLYMERASE_II_TRANSCRIPTION_PREINITIATION_COMPLEX_ASSEMBLY	7	4	2	2	GOBP_REGULATION_OF_RNA_POLYMERASE_II_TRANSCRIPTION_PREINITIATION_COMPLEX_ASSEMBLY
GOBP_REGULATION_OF_RNA_SPLICING	189	57	29	28	GOBP_REGULATION_OF_RNA_SPLICING
GOBP_REGULATION_OF_RRNA_PROCESSING	15	6	3	3	GOBP_REGULATION_OF_RRNA_PROCESSING
GOBP_REGULATION_OF_RUFFLE_ASSEMBLY	32	18	9	9	GOBP_REGULATION_OF_RUFFLE_ASSEMBLY
GOBP_REGULATION_OF_SALIVA_SECRETION	8	6	3	3	GOBP_REGULATION_OF_SALIVA_SECRETION
GOBP_REGULATION_OF_SARCOMERE_ORGANIZATION	9	3	2	1	GOBP_REGULATION_OF_SARCOMERE_ORGANIZATION
GOBP_REGULATION_OF_SA_NODE_CELL_ACTION_POTENTIAL	6	5	3	2	GOBP_REGULATION_OF_SA_NODE_CELL_ACTION_POTENTIAL
GOBP_REGULATION_OF_SECONDARY_HEART_FIELD_CARDIOBLAST_PROLIFERATION	9	4	2	2	GOBP_REGULATION_OF_SECONDARY_HEART_FIELD_CARDIOBLAST_PROLIFERATION
GOBP_REGULATION_OF_SECONDARY_METABOLIC_PROCESS	16	10	5	5	GOBP_REGULATION_OF_SECONDARY_METABOLIC_PROCESS
GOBP_REGULATION_OF_SECRETION	640	365	183	182	GOBP_REGULATION_OF_SECRETION
GOBP_REGULATION_OF_SENSORY_PERCEPTION	22	12	6	6	GOBP_REGULATION_OF_SENSORY_PERCEPTION
GOBP_REGULATION_OF_SEROTONIN_SECRETION	5	4	2	2	GOBP_REGULATION_OF_SEROTONIN_SECRETION
GOBP_REGULATION_OF_SHORT_TERM_NEURONAL_SYNAPTIC_PLASTICITY	16	10	5	5	GOBP_REGULATION_OF_SHORT_TERM_NEURONAL_SYNAPTIC_PLASTICITY
GOBP_REGULATION_OF_SIGNALING_RECEPTOR_ACTIVITY	45	26	13	13	GOBP_REGULATION_OF_SIGNALING_RECEPTOR_ACTIVITY
GOBP_REGULATION_OF_SIGNAL_TRANSDUCTION_BY_P53_CLASS_MEDIATOR	120	54	27	27	GOBP_REGULATION_OF_SIGNAL_TRANSDUCTION_BY_P53_CLASS_MEDIATOR
GOBP_REGULATION_OF_SISTER_CHROMATID_COHESION	18	10	5	5	GOBP_REGULATION_OF_SISTER_CHROMATID_COHESION
GOBP_REGULATION_OF_SISTER_CHROMATID_SEGREGATION	107	57	29	28	GOBP_REGULATION_OF_SISTER_CHROMATID_SEGREGATION
GOBP_REGULATION_OF_SKELETAL_MUSCLE_ACETYLCHOLINE_GATED_CHANNEL_CLUSTERING	9	4	2	2	GOBP_REGULATION_OF_SKELETAL_MUSCLE_ACETYLCHOLINE_GATED_CHANNEL_CLUSTERING
GOBP_REGULATION_OF_SKELETAL_MUSCLE_ADAPTATION	14	8	4	4	GOBP_REGULATION_OF_SKELETAL_MUSCLE_ADAPTATION
GOBP_REGULATION_OF_SKELETAL_MUSCLE_CELL_DIFFERENTIATION	23	12	6	6	GOBP_REGULATION_OF_SKELETAL_MUSCLE_CELL_DIFFERENTIATION
GOBP_REGULATION_OF_SKELETAL_MUSCLE_CELL_PROLIFERATION	17	11	6	5	GOBP_REGULATION_OF_SKELETAL_MUSCLE_CELL_PROLIFERATION
GOBP_REGULATION_OF_SKELETAL_MUSCLE_CONTRACTION	19	10	5	5	GOBP_REGULATION_OF_SKELETAL_MUSCLE_CONTRACTION
GOBP_REGULATION_OF_SKELETAL_MUSCLE_CONTRACTION_BY_CALCIUM_ION_SIGNALING	8	4	2	2	GOBP_REGULATION_OF_SKELETAL_MUSCLE_CONTRACTION_BY_CALCIUM_ION_SIGNALING
GOBP_REGULATION_OF_SKELETAL_MUSCLE_CONTRACTION_BY_REGULATION_OF_RELEASE_OF_SEQUESTERED_CALCIUM_ION	5	3	2	1	GOBP_REGULATION_OF_SKELETAL_MUSCLE_CONTRACTION_BY_REGULATION_OF_RELEASE_OF_SEQUESTERED_CALCIUM_ION
GOBP_REGULATION_OF_SKELETAL_MUSCLE_FIBER_DEVELOPMENT	11	5	3	2	GOBP_REGULATION_OF_SKELETAL_MUSCLE_FIBER_DEVELOPMENT
GOBP_REGULATION_OF_SKELETAL_MUSCLE_SATELLITE_CELL_PROLIFERATION	13	8	4	4	GOBP_REGULATION_OF_SKELETAL_MUSCLE_SATELLITE_CELL_PROLIFERATION
GOBP_REGULATION_OF_SKELETAL_MUSCLE_TISSUE_DEVELOPMENT	25	11	6	5	GOBP_REGULATION_OF_SKELETAL_MUSCLE_TISSUE_DEVELOPMENT
GOBP_REGULATION_OF_SKELETAL_MUSCLE_TISSUE_GROWTH	7	4	2	2	GOBP_REGULATION_OF_SKELETAL_MUSCLE_TISSUE_GROWTH
GOBP_REGULATION_OF_SKELETAL_MUSCLE_TISSUE_REGENERATION	9	4	2	2	GOBP_REGULATION_OF_SKELETAL_MUSCLE_TISSUE_REGENERATION
GOBP_REGULATION_OF_SMAD_PROTEIN_SIGNAL_TRANSDUCTION	84	44	22	22	GOBP_REGULATION_OF_SMAD_PROTEIN_SIGNAL_TRANSDUCTION
GOBP_REGULATION_OF_SMALL_GTPASE_MEDIATED_SIGNAL_TRANSDUCTION	312	135	68	67	GOBP_REGULATION_OF_SMALL_GTPASE_MEDIATED_SIGNAL_TRANSDUCTION
GOBP_REGULATION_OF_SMALL_MOLECULE_METABOLIC_PROCESS	357	177	89	88	GOBP_REGULATION_OF_SMALL_MOLECULE_METABOLIC_PROCESS
GOBP_REGULATION_OF_SMOOTHENED_SIGNALING_PATHWAY	94	37	19	18	GOBP_REGULATION_OF_SMOOTHENED_SIGNALING_PATHWAY
GOBP_REGULATION_OF_SMOOTH_MUSCLE_CELL_CHEMOTAXIS	8	5	3	2	GOBP_REGULATION_OF_SMOOTH_MUSCLE_CELL_CHEMOTAXIS
GOBP_REGULATION_OF_SMOOTH_MUSCLE_CELL_DIFFERENTIATION	50	21	11	10	GOBP_REGULATION_OF_SMOOTH_MUSCLE_CELL_DIFFERENTIATION
GOBP_REGULATION_OF_SMOOTH_MUSCLE_CONTRACTION	63	38	19	19	GOBP_REGULATION_OF_SMOOTH_MUSCLE_CONTRACTION
GOBP_REGULATION_OF_SNARE_COMPLEX_ASSEMBLY	15	4	2	2	GOBP_REGULATION_OF_SNARE_COMPLEX_ASSEMBLY
GOBP_REGULATION_OF_SODIUM_ION_EXPORT_ACROSS_PLASMA_MEMBRANE	11	5	3	2	GOBP_REGULATION_OF_SODIUM_ION_EXPORT_ACROSS_PLASMA_MEMBRANE
GOBP_REGULATION_OF_SODIUM_ION_TRANSMEMBRANE_TRANSPORT	44	18	9	9	GOBP_REGULATION_OF_SODIUM_ION_TRANSMEMBRANE_TRANSPORT
GOBP_REGULATION_OF_SODIUM_ION_TRANSMEMBRANE_TRANSPORTER_ACTIVITY	11	5	3	2	GOBP_REGULATION_OF_SODIUM_ION_TRANSMEMBRANE_TRANSPORTER_ACTIVITY
GOBP_REGULATION_OF_SODIUM_ION_TRANSPORT	77	36	18	18	GOBP_REGULATION_OF_SODIUM_ION_TRANSPORT
GOBP_REGULATION_OF_SOMATIC_STEM_CELL_POPULATION_MAINTENANCE	12	9	5	4	GOBP_REGULATION_OF_SOMATIC_STEM_CELL_POPULATION_MAINTENANCE
GOBP_REGULATION_OF_SOMITOGENESIS	6	5	3	2	GOBP_REGULATION_OF_SOMITOGENESIS
GOBP_REGULATION_OF_SPHINGOLIPID_BIOSYNTHETIC_PROCESS	15	6	3	3	GOBP_REGULATION_OF_SPHINGOLIPID_BIOSYNTHETIC_PROCESS
GOBP_REGULATION_OF_SPINDLE_ASSEMBLY	35	14	7	7	GOBP_REGULATION_OF_SPINDLE_ASSEMBLY
GOBP_REGULATION_OF_SPINDLE_CHECKPOINT	24	15	8	7	GOBP_REGULATION_OF_SPINDLE_CHECKPOINT
GOBP_REGULATION_OF_SPINDLE_ORGANIZATION	49	21	11	10	GOBP_REGULATION_OF_SPINDLE_ORGANIZATION
GOBP_REGULATION_OF_SPROUTING_ANGIOGENESIS	70	32	16	16	GOBP_REGULATION_OF_SPROUTING_ANGIOGENESIS
GOBP_REGULATION_OF_SREBP_SIGNALING_PATHWAY	9	4	2	2	GOBP_REGULATION_OF_SREBP_SIGNALING_PATHWAY
GOBP_REGULATION_OF_STEM_CELL_DIFFERENTIATION	86	39	20	19	GOBP_REGULATION_OF_STEM_CELL_DIFFERENTIATION
GOBP_REGULATION_OF_STEM_CELL_DIVISION	13	7	4	3	GOBP_REGULATION_OF_STEM_CELL_DIVISION
GOBP_REGULATION_OF_STEM_CELL_POPULATION_MAINTENANCE	75	36	18	18	GOBP_REGULATION_OF_STEM_CELL_POPULATION_MAINTENANCE
GOBP_REGULATION_OF_STEM_CELL_PROLIFERATION	95	51	26	25	GOBP_REGULATION_OF_STEM_CELL_PROLIFERATION
GOBP_REGULATION_OF_STEROID_BIOSYNTHETIC_PROCESS	88	47	24	23	GOBP_REGULATION_OF_STEROID_BIOSYNTHETIC_PROCESS
GOBP_REGULATION_OF_STEROID_HORMONE_BIOSYNTHETIC_PROCESS	16	8	4	4	GOBP_REGULATION_OF_STEROID_HORMONE_BIOSYNTHETIC_PROCESS
GOBP_REGULATION_OF_STEROID_HORMONE_SECRETION	25	17	9	8	GOBP_REGULATION_OF_STEROID_HORMONE_SECRETION
GOBP_REGULATION_OF_STEROID_METABOLIC_PROCESS	118	65	33	32	GOBP_REGULATION_OF_STEROID_METABOLIC_PROCESS
GOBP_REGULATION_OF_STEROL_TRANSPORT	80	33	17	16	GOBP_REGULATION_OF_STEROL_TRANSPORT
GOBP_REGULATION_OF_STORE_OPERATED_CALCIUM_CHANNEL_ACTIVITY	7	3	2	1	GOBP_REGULATION_OF_STORE_OPERATED_CALCIUM_CHANNEL_ACTIVITY
GOBP_REGULATION_OF_STORE_OPERATED_CALCIUM_ENTRY	15	7	4	3	GOBP_REGULATION_OF_STORE_OPERATED_CALCIUM_ENTRY
GOBP_REGULATION_OF_STRESS_ACTIVATED_PROTEIN_KINASE_SIGNALING_CASCADE	41	17	9	8	GOBP_REGULATION_OF_STRESS_ACTIVATED_PROTEIN_KINASE_SIGNALING_CASCADE
GOBP_REGULATION_OF_STRIATED_MUSCLE_CELL_DIFFERENTIATION	99	46	23	23	GOBP_REGULATION_OF_STRIATED_MUSCLE_CELL_DIFFERENTIATION
GOBP_REGULATION_OF_STRIATED_MUSCLE_CONTRACTION	105	63	32	31	GOBP_REGULATION_OF_STRIATED_MUSCLE_CONTRACTION
GOBP_REGULATION_OF_SUBSTRATE_ADHESION_DEPENDENT_CELL_SPREADING	61	31	16	15	GOBP_REGULATION_OF_SUBSTRATE_ADHESION_DEPENDENT_CELL_SPREADING
GOBP_REGULATION_OF_SULFUR_METABOLIC_PROCESS	17	9	5	4	GOBP_REGULATION_OF_SULFUR_METABOLIC_PROCESS
GOBP_REGULATION_OF_SUPEROXIDE_ANION_GENERATION	22	14	7	7	GOBP_REGULATION_OF_SUPEROXIDE_ANION_GENERATION
GOBP_REGULATION_OF_SUPEROXIDE_METABOLIC_PROCESS	32	19	10	9	GOBP_REGULATION_OF_SUPEROXIDE_METABOLIC_PROCESS
GOBP_REGULATION_OF_SUPRAMOLECULAR_FIBER_ORGANIZATION	402	184	92	92	GOBP_REGULATION_OF_SUPRAMOLECULAR_FIBER_ORGANIZATION
GOBP_REGULATION_OF_SYNAPSE_ASSEMBLY	173	89	45	44	GOBP_REGULATION_OF_SYNAPSE_ASSEMBLY
GOBP_REGULATION_OF_SYNAPSE_MATURATION	28	14	7	7	GOBP_REGULATION_OF_SYNAPSE_MATURATION
GOBP_REGULATION_OF_SYNAPSE_PRUNING	10	6	3	3	GOBP_REGULATION_OF_SYNAPSE_PRUNING
GOBP_REGULATION_OF_SYNAPSE_STRUCTURAL_PLASTICITY	7	4	2	2	GOBP_REGULATION_OF_SYNAPSE_STRUCTURAL_PLASTICITY
GOBP_REGULATION_OF_SYNAPSE_STRUCTURE_OR_ACTIVITY	319	159	80	79	GOBP_REGULATION_OF_SYNAPSE_STRUCTURE_OR_ACTIVITY
GOBP_REGULATION_OF_SYNAPTIC_ASSEMBLY_AT_NEUROMUSCULAR_JUNCTION	10	3	2	1	GOBP_REGULATION_OF_SYNAPTIC_ASSEMBLY_AT_NEUROMUSCULAR_JUNCTION
GOBP_REGULATION_OF_SYNAPTIC_PLASTICITY	229	113	57	56	GOBP_REGULATION_OF_SYNAPTIC_PLASTICITY
GOBP_REGULATION_OF_SYNAPTIC_TRANSMISSION_CHOLINERGIC	9	7	4	3	GOBP_REGULATION_OF_SYNAPTIC_TRANSMISSION_CHOLINERGIC
GOBP_REGULATION_OF_SYNAPTIC_TRANSMISSION_DOPAMINERGIC	9	5	3	2	GOBP_REGULATION_OF_SYNAPTIC_TRANSMISSION_DOPAMINERGIC
GOBP_REGULATION_OF_SYNAPTIC_TRANSMISSION_GABAERGIC	34	21	11	10	GOBP_REGULATION_OF_SYNAPTIC_TRANSMISSION_GABAERGIC
GOBP_REGULATION_OF_SYNAPTIC_TRANSMISSION_GLUTAMATERGIC	74	42	21	21	GOBP_REGULATION_OF_SYNAPTIC_TRANSMISSION_GLUTAMATERGIC
GOBP_REGULATION_OF_SYNAPTIC_VESICLE_CLUSTERING	6	6	3	3	GOBP_REGULATION_OF_SYNAPTIC_VESICLE_CLUSTERING
GOBP_REGULATION_OF_SYNAPTIC_VESICLE_CYCLE	15	5	3	2	GOBP_REGULATION_OF_SYNAPTIC_VESICLE_CYCLE
GOBP_REGULATION_OF_SYNAPTIC_VESICLE_ENDOCYTOSIS	24	7	4	3	GOBP_REGULATION_OF_SYNAPTIC_VESICLE_ENDOCYTOSIS
GOBP_REGULATION_OF_SYNAPTIC_VESICLE_EXOCYTOSIS	51	28	14	14	GOBP_REGULATION_OF_SYNAPTIC_VESICLE_EXOCYTOSIS
GOBP_REGULATION_OF_SYNAPTIC_VESICLE_MEMBRANE_ORGANIZATION	22	17	9	8	GOBP_REGULATION_OF_SYNAPTIC_VESICLE_MEMBRANE_ORGANIZATION
GOBP_REGULATION_OF_SYNAPTIC_VESICLE_PRIMING	11	3	2	1	GOBP_REGULATION_OF_SYNAPTIC_VESICLE_PRIMING
GOBP_REGULATION_OF_SYNAPTIC_VESICLE_RECYCLING	29	8	4	4	GOBP_REGULATION_OF_SYNAPTIC_VESICLE_RECYCLING
GOBP_REGULATION_OF_SYNAPTIC_VESICLE_TRANSPORT	5	3	2	1	GOBP_REGULATION_OF_SYNAPTIC_VESICLE_TRANSPORT
GOBP_REGULATION_OF_SYNCYTIUM_FORMATION_BY_PLASMA_MEMBRANE_FUSION	30	21	11	10	GOBP_REGULATION_OF_SYNCYTIUM_FORMATION_BY_PLASMA_MEMBRANE_FUSION
GOBP_REGULATION_OF_SYSTEMIC_ARTERIAL_BLOOD_PRESSURE	112	76	38	38	GOBP_REGULATION_OF_SYSTEMIC_ARTERIAL_BLOOD_PRESSURE
GOBP_REGULATION_OF_SYSTEMIC_ARTERIAL_BLOOD_PRESSURE_BY_CIRCULATORY_RENIN_ANGIOTENSIN	23	18	9	9	GOBP_REGULATION_OF_SYSTEMIC_ARTERIAL_BLOOD_PRESSURE_BY_CIRCULATORY_RENIN_ANGIOTENSIN
GOBP_REGULATION_OF_SYSTEMIC_ARTERIAL_BLOOD_PRESSURE_BY_ENDOTHELIN	6	4	2	2	GOBP_REGULATION_OF_SYSTEMIC_ARTERIAL_BLOOD_PRESSURE_BY_ENDOTHELIN
GOBP_REGULATION_OF_SYSTEMIC_ARTERIAL_BLOOD_PRESSURE_BY_RENIN_ANGIOTENSIN	33	23	12	11	GOBP_REGULATION_OF_SYSTEMIC_ARTERIAL_BLOOD_PRESSURE_BY_RENIN_ANGIOTENSIN
GOBP_REGULATION_OF_SYSTEMIC_ARTERIAL_BLOOD_PRESSURE_BY_VASOPRESSIN	5	4	2	2	GOBP_REGULATION_OF_SYSTEMIC_ARTERIAL_BLOOD_PRESSURE_BY_VASOPRESSIN
GOBP_REGULATION_OF_SYSTEMIC_ARTERIAL_BLOOD_PRESSURE_MEDIATED_BY_A_CHEMICAL_SIGNAL	54	38	19	19	GOBP_REGULATION_OF_SYSTEMIC_ARTERIAL_BLOOD_PRESSURE_MEDIATED_BY_A_CHEMICAL_SIGNAL
GOBP_REGULATION_OF_SYSTEM_PROCESS	594	341	171	170	GOBP_REGULATION_OF_SYSTEM_PROCESS
GOBP_REGULATION_OF_TELOMERASE_RNA_LOCALIZATION_TO_CAJAL_BODY	12	6	3	3	GOBP_POSITIVE_REGULATION_OF_TELOMERASE_RNA_LOCALIZATION_TO_CAJAL_BODY
GOBP_REGULATION_OF_TELOMERE_CAPPING	14	5	3	2	GOBP_REGULATION_OF_TELOMERE_CAPPING
GOBP_REGULATION_OF_TELOMERE_MAINTENANCE	111	43	22	21	GOBP_REGULATION_OF_TELOMERE_MAINTENANCE
GOBP_REGULATION_OF_TELOMERE_MAINTENANCE_IN_RESPONSE_TO_DNA_DAMAGE	19	6	3	3	GOBP_REGULATION_OF_TELOMERE_MAINTENANCE_IN_RESPONSE_TO_DNA_DAMAGE
GOBP_REGULATION_OF_TELOMERE_MAINTENANCE_VIA_TELOMERASE	45	17	9	8	GOBP_REGULATION_OF_TELOMERE_MAINTENANCE_VIA_TELOMERASE
GOBP_REGULATION_OF_TELOMERE_MAINTENANCE_VIA_TELOMERE_LENGTHENING	54	19	10	9	GOBP_REGULATION_OF_TELOMERE_MAINTENANCE_VIA_TELOMERE_LENGTHENING
GOBP_REGULATION_OF_TESTOSTERONE_BIOSYNTHETIC_PROCESS	8	3	2	1	GOBP_REGULATION_OF_TESTOSTERONE_BIOSYNTHETIC_PROCESS
GOBP_REGULATION_OF_THE_FORCE_OF_HEART_CONTRACTION	26	16	8	8	GOBP_REGULATION_OF_THE_FORCE_OF_HEART_CONTRACTION
GOBP_REGULATION_OF_THE_FORCE_OF_HEART_CONTRACTION_BY_CHEMICAL_SIGNAL	6	4	2	2	GOBP_REGULATION_OF_THE_FORCE_OF_HEART_CONTRACTION_BY_CHEMICAL_SIGNAL
GOBP_REGULATION_OF_THYMOCYTE_APOPTOTIC_PROCESS	15	11	6	5	GOBP_REGULATION_OF_THYMOCYTE_APOPTOTIC_PROCESS
GOBP_REGULATION_OF_THYROID_HORMONE_GENERATION	6	6	3	3	GOBP_REGULATION_OF_THYROID_HORMONE_GENERATION
GOBP_REGULATION_OF_TIGHT_JUNCTION_DISASSEMBLY	5	4	2	2	GOBP_REGULATION_OF_TIGHT_JUNCTION_DISASSEMBLY
GOBP_REGULATION_OF_TISSUE_REMODELING	86	43	22	21	GOBP_REGULATION_OF_TISSUE_REMODELING
GOBP_REGULATION_OF_TOLERANCE_INDUCTION	20	12	6	6	GOBP_REGULATION_OF_TOLERANCE_INDUCTION
GOBP_REGULATION_OF_TOLL_LIKE_RECEPTOR_2_SIGNALING_PATHWAY	12	4	2	2	GOBP_REGULATION_OF_TOLL_LIKE_RECEPTOR_2_SIGNALING_PATHWAY
GOBP_REGULATION_OF_TOLL_LIKE_RECEPTOR_3_SIGNALING_PATHWAY	13	6	3	3	GOBP_REGULATION_OF_TOLL_LIKE_RECEPTOR_3_SIGNALING_PATHWAY
GOBP_REGULATION_OF_TOLL_LIKE_RECEPTOR_4_SIGNALING_PATHWAY	38	15	8	7	GOBP_REGULATION_OF_TOLL_LIKE_RECEPTOR_4_SIGNALING_PATHWAY
GOBP_REGULATION_OF_TOLL_LIKE_RECEPTOR_7_SIGNALING_PATHWAY	6	3	2	1	GOBP_REGULATION_OF_TOLL_LIKE_RECEPTOR_7_SIGNALING_PATHWAY
GOBP_REGULATION_OF_TOLL_LIKE_RECEPTOR_9_SIGNALING_PATHWAY	12	8	4	4	GOBP_REGULATION_OF_TOLL_LIKE_RECEPTOR_9_SIGNALING_PATHWAY
GOBP_REGULATION_OF_TOLL_LIKE_RECEPTOR_SIGNALING_PATHWAY	40	14	7	7	GOBP_REGULATION_OF_TOLL_LIKE_RECEPTOR_SIGNALING_PATHWAY
GOBP_REGULATION_OF_TOOTH_MINERALIZATION	13	9	5	4	GOBP_REGULATION_OF_TOOTH_MINERALIZATION
GOBP_REGULATION_OF_TORC2_SIGNALING	13	3	2	1	GOBP_REGULATION_OF_TORC2_SIGNALING
GOBP_REGULATION_OF_TRANSCRIPTION_BY_RNA_POLYMERASE_I	48	21	11	10	GOBP_REGULATION_OF_TRANSCRIPTION_BY_RNA_POLYMERASE_I
GOBP_REGULATION_OF_TRANSCRIPTION_BY_RNA_POLYMERASE_III	30	7	4	3	GOBP_REGULATION_OF_TRANSCRIPTION_BY_RNA_POLYMERASE_III
GOBP_REGULATION_OF_TRANSCRIPTION_OF_NUCLEOLAR_LARGE_RRNA_BY_RNA_POLYMERASE_I	15	5	3	2	GOBP_REGULATION_OF_TRANSCRIPTION_OF_NUCLEOLAR_LARGE_RRNA_BY_RNA_POLYMERASE_I
GOBP_REGULATION_OF_TRANSCRIPTION_REGULATORY_REGION_DNA_BINDING	25	11	6	5	GOBP_REGULATION_OF_TRANSCRIPTION_REGULATORY_REGION_DNA_BINDING
GOBP_REGULATION_OF_TRANSFERASE_ACTIVITY	324	140	70	70	GOBP_REGULATION_OF_TRANSFERASE_ACTIVITY
GOBP_REGULATION_OF_TRANSLATION	450	152	76	76	GOBP_REGULATION_OF_TRANSLATION
GOBP_REGULATION_OF_TRANSLATIONAL_ELONGATION	14	3	2	1	GOBP_NEGATIVE_REGULATION_OF_TRANSLATIONAL_ELONGATION
GOBP_REGULATION_OF_TRANSLATIONAL_FIDELITY	18	4	2	2	GOBP_AMINOACYL_TRNA_METABOLISM_INVOLVED_IN_TRANSLATIONAL_FIDELITY
GOBP_REGULATION_OF_TRANSLATIONAL_INITIATION	86	39	20	19	GOBP_REGULATION_OF_TRANSLATIONAL_INITIATION
GOBP_REGULATION_OF_TRANSLATIONAL_INITIATION_IN_RESPONSE_TO_STRESS	11	4	2	2	GOBP_REGULATION_OF_TRANSLATIONAL_INITIATION_IN_RESPONSE_TO_STRESS
GOBP_REGULATION_OF_TRANSLATION_AT_SYNAPSE	7	5	3	2	GOBP_REGULATION_OF_TRANSLATION_AT_SYNAPSE
GOBP_REGULATION_OF_TRANSLATION_IN_RESPONSE_TO_ENDOPLASMIC_RETICULUM_STRESS	10	4	2	2	GOBP_REGULATION_OF_TRANSLATION_IN_RESPONSE_TO_ENDOPLASMIC_RETICULUM_STRESS
GOBP_REGULATION_OF_TRANSLATION_IN_RESPONSE_TO_STRESS	22	7	4	3	GOBP_REGULATION_OF_TRANSLATION_IN_RESPONSE_TO_STRESS
GOBP_REGULATION_OF_TRANSMEMBRANE_RECEPTOR_PROTEIN_SERINE_THREONINE_KINASE_SIGNALING_PATHWAY	334	162	81	81	GOBP_REGULATION_OF_TRANSMEMBRANE_RECEPTOR_PROTEIN_SERINE_THREONINE_KINASE_SIGNALING_PATHWAY
GOBP_REGULATION_OF_TRANSMEMBRANE_TRANSPORT	452	228	114	114	GOBP_REGULATION_OF_TRANSMEMBRANE_TRANSPORT
GOBP_REGULATION_OF_TRANSMISSION_OF_NERVE_IMPULSE	16	13	7	6	GOBP_REGULATION_OF_TRANSMISSION_OF_NERVE_IMPULSE
GOBP_REGULATION_OF_TRANSPORT	1663	854	427	427	GOBP_REGULATION_OF_TRANSPORT
GOBP_REGULATION_OF_TRANSPORTER_ACTIVITY	102	54	27	27	GOBP_REGULATION_OF_TRANSPORTER_ACTIVITY
GOBP_REGULATION_OF_TRANS_SYNAPTIC_SIGNALING	523	286	143	143	GOBP_REGULATION_OF_TRANS_SYNAPTIC_SIGNALING
GOBP_REGULATION_OF_TRIGLYCERIDE_BIOSYNTHETIC_PROCESS	22	7	4	3	GOBP_REGULATION_OF_TRIGLYCERIDE_BIOSYNTHETIC_PROCESS
GOBP_REGULATION_OF_TRIGLYCERIDE_CATABOLIC_PROCESS	14	8	4	4	GOBP_REGULATION_OF_TRIGLYCERIDE_CATABOLIC_PROCESS
GOBP_REGULATION_OF_TRIGLYCERIDE_METABOLIC_PROCESS	47	20	10	10	GOBP_REGULATION_OF_TRIGLYCERIDE_METABOLIC_PROCESS
GOBP_REGULATION_OF_TROPHOBLAST_CELL_MIGRATION	18	12	6	6	GOBP_REGULATION_OF_TROPHOBLAST_CELL_MIGRATION
GOBP_REGULATION_OF_TUBE_SIZE	162	101	51	50	GOBP_REGULATION_OF_TUBE_SIZE
GOBP_REGULATION_OF_TUBULIN_DEACETYLATION	7	3	2	1	GOBP_REGULATION_OF_TUBULIN_DEACETYLATION
GOBP_REGULATION_OF_TUMOR_NECROSIS_FACTOR_MEDIATED_SIGNALING_PATHWAY	76	28	14	14	GOBP_REGULATION_OF_TUMOR_NECROSIS_FACTOR_MEDIATED_SIGNALING_PATHWAY
GOBP_REGULATION_OF_TYPE_2_IMMUNE_RESPONSE	34	20	10	10	GOBP_REGULATION_OF_TYPE_2_IMMUNE_RESPONSE
GOBP_REGULATION_OF_TYPE_2_MITOPHAGY	13	4	2	2	GOBP_POSITIVE_REGULATION_OF_AUTOPHAGY_OF_MITOCHONDRION
GOBP_REGULATION_OF_TYPE_B_PANCREATIC_CELL_PROLIFERATION	14	10	5	5	GOBP_REGULATION_OF_TYPE_B_PANCREATIC_CELL_PROLIFERATION
GOBP_REGULATION_OF_TYPE_II_HYPERSENSITIVITY	5	5	3	2	GOBP_REGULATION_OF_TYPE_II_HYPERSENSITIVITY
GOBP_REGULATION_OF_TYPE_I_INTERFERON_MEDIATED_SIGNALING_PATHWAY	45	18	9	9	GOBP_REGULATION_OF_TYPE_I_INTERFERON_MEDIATED_SIGNALING_PATHWAY
GOBP_REGULATION_OF_TYROSINE_PHOSPHORYLATION_OF_STAT_PROTEIN	26	15	8	7	GOBP_REGULATION_OF_TYROSINE_PHOSPHORYLATION_OF_STAT_PROTEIN
GOBP_REGULATION_OF_T_CELL_ACTIVATION	401	217	109	108	GOBP_REGULATION_OF_T_CELL_ACTIVATION
GOBP_REGULATION_OF_T_CELL_ACTIVATION_VIA_T_CELL_RECEPTOR_CONTACT_WITH_ANTIGEN_BOUND_TO_MHC_MOLECULE_ON_ANTIGEN_PRESENTING_CELL	6	5	3	2	GOBP_REGULATION_OF_T_CELL_ACTIVATION_VIA_T_CELL_RECEPTOR_CONTACT_WITH_ANTIGEN_BOUND_TO_MHC_MOLECULE_ON_ANTIGEN_PRESENTING_CELL
GOBP_REGULATION_OF_T_CELL_APOPTOTIC_PROCESS	43	26	13	13	GOBP_REGULATION_OF_T_CELL_APOPTOTIC_PROCESS
GOBP_REGULATION_OF_T_CELL_CHEMOTAXIS	15	11	6	5	GOBP_REGULATION_OF_T_CELL_CHEMOTAXIS
GOBP_REGULATION_OF_T_CELL_DIFFERENTIATION_IN_THYMUS	28	15	8	7	GOBP_REGULATION_OF_T_CELL_DIFFERENTIATION_IN_THYMUS
GOBP_REGULATION_OF_T_CELL_MEDIATED_CYTOTOXICITY	48	35	18	17	GOBP_REGULATION_OF_T_CELL_MEDIATED_CYTOTOXICITY
GOBP_REGULATION_OF_T_CELL_MEDIATED_IMMUNITY	107	68	34	34	GOBP_REGULATION_OF_T_CELL_MEDIATED_IMMUNITY
GOBP_REGULATION_OF_T_CELL_MIGRATION	52	36	18	18	GOBP_REGULATION_OF_T_CELL_MIGRATION
GOBP_REGULATION_OF_T_CELL_RECEPTOR_SIGNALING_PATHWAY	53	28	14	14	GOBP_REGULATION_OF_T_CELL_RECEPTOR_SIGNALING_PATHWAY
GOBP_REGULATION_OF_T_HELPER_17_CELL_DIFFERENTIATION	29	16	8	8	GOBP_REGULATION_OF_T_HELPER_17_CELL_DIFFERENTIATION
GOBP_REGULATION_OF_T_HELPER_17_CELL_LINEAGE_COMMITMENT	15	9	5	4	GOBP_REGULATION_OF_T_HELPER_17_CELL_LINEAGE_COMMITMENT
GOBP_REGULATION_OF_T_HELPER_17_TYPE_IMMUNE_RESPONSE	39	23	12	11	GOBP_REGULATION_OF_T_HELPER_17_TYPE_IMMUNE_RESPONSE
GOBP_REGULATION_OF_T_HELPER_1_CELL_DIFFERENTIATION	11	6	3	3	GOBP_REGULATION_OF_T_HELPER_1_CELL_DIFFERENTIATION
GOBP_REGULATION_OF_T_HELPER_1_TYPE_IMMUNE_RESPONSE	32	22	11	11	GOBP_REGULATION_OF_T_HELPER_1_TYPE_IMMUNE_RESPONSE
GOBP_REGULATION_OF_T_HELPER_2_CELL_DIFFERENTIATION	12	7	4	3	GOBP_REGULATION_OF_T_HELPER_2_CELL_DIFFERENTIATION
GOBP_REGULATION_OF_T_HELPER_CELL_DIFFERENTIATION	50	28	14	14	GOBP_REGULATION_OF_T_HELPER_CELL_DIFFERENTIATION
GOBP_REGULATION_OF_UBIQUITIN_DEPENDENT_PROTEIN_CATABOLIC_PROCESS	176	66	33	33	GOBP_REGULATION_OF_UBIQUITIN_DEPENDENT_PROTEIN_CATABOLIC_PROCESS
GOBP_REGULATION_OF_UBIQUITIN_PROTEIN_LIGASE_ACTIVITY	17	3	2	1	GOBP_POSITIVE_REGULATION_OF_UBIQUITIN_PROTEIN_LIGASE_ACTIVITY
GOBP_REGULATION_OF_UBIQUITIN_PROTEIN_TRANSFERASE_ACTIVITY	29	3	2	1	GOBP_POSITIVE_REGULATION_OF_UBIQUITIN_PROTEIN_LIGASE_ACTIVITY
GOBP_REGULATION_OF_UNSATURATED_FATTY_ACID_BIOSYNTHETIC_PROCESS	15	7	4	3	GOBP_REGULATION_OF_UNSATURATED_FATTY_ACID_BIOSYNTHETIC_PROCESS
GOBP_REGULATION_OF_URINE_VOLUME	21	11	6	5	GOBP_REGULATION_OF_URINE_VOLUME
GOBP_REGULATION_OF_VACUOLE_ORGANIZATION	61	22	11	11	GOBP_REGULATION_OF_VACUOLE_ORGANIZATION
GOBP_REGULATION_OF_VASCULAR_ASSOCIATED_SMOOTH_MUSCLE_CELL_DIFFERENTIATION	25	8	4	4	GOBP_REGULATION_OF_VASCULAR_ASSOCIATED_SMOOTH_MUSCLE_CELL_DIFFERENTIATION
GOBP_REGULATION_OF_VASCULAR_ASSOCIATED_SMOOTH_MUSCLE_CONTRACTION	11	4	2	2	GOBP_REGULATION_OF_VASCULAR_ASSOCIATED_SMOOTH_MUSCLE_CONTRACTION
GOBP_REGULATION_OF_VASCULAR_ENDOTHELIAL_GROWTH_FACTOR_RECEPTOR_SIGNALING_PATHWAY	37	16	8	8	GOBP_REGULATION_OF_VASCULAR_ENDOTHELIAL_GROWTH_FACTOR_RECEPTOR_SIGNALING_PATHWAY
GOBP_REGULATION_OF_VASCULAR_PERMEABILITY	50	35	18	17	GOBP_REGULATION_OF_VASCULAR_PERMEABILITY
GOBP_REGULATION_OF_VASCULAR_WOUND_HEALING	15	9	5	4	GOBP_REGULATION_OF_VASCULAR_WOUND_HEALING
GOBP_REGULATION_OF_VASCULATURE_DEVELOPMENT	377	202	101	101	GOBP_REGULATION_OF_VASCULATURE_DEVELOPMENT
GOBP_REGULATION_OF_VASCULOGENESIS	16	8	4	4	GOBP_REGULATION_OF_VASCULOGENESIS
GOBP_REGULATION_OF_VASOCONSTRICTION	67	47	24	23	GOBP_REGULATION_OF_VASOCONSTRICTION
GOBP_REGULATION_OF_VENTRICULAR_CARDIAC_MUSCLE_CELL_ACTION_POTENTIAL	12	9	5	4	GOBP_REGULATION_OF_VENTRICULAR_CARDIAC_MUSCLE_CELL_ACTION_POTENTIAL
GOBP_REGULATION_OF_VENTRICULAR_CARDIAC_MUSCLE_CELL_MEMBRANE_DEPOLARIZATION	7	5	3	2	GOBP_REGULATION_OF_VENTRICULAR_CARDIAC_MUSCLE_CELL_MEMBRANE_DEPOLARIZATION
GOBP_REGULATION_OF_VENTRICULAR_CARDIAC_MUSCLE_CELL_MEMBRANE_REPOLARIZATION	25	13	7	6	GOBP_REGULATION_OF_VENTRICULAR_CARDIAC_MUSCLE_CELL_MEMBRANE_REPOLARIZATION
GOBP_REGULATION_OF_VERY_LOW_DENSITY_LIPOPROTEIN_PARTICLE_REMODELING	8	4	2	2	GOBP_REGULATION_OF_VERY_LOW_DENSITY_LIPOPROTEIN_PARTICLE_REMODELING
GOBP_REGULATION_OF_VESICLE_FUSION	35	24	12	12	GOBP_REGULATION_OF_VESICLE_FUSION
GOBP_REGULATION_OF_VESICLE_MEDIATED_TRANSPORT	559	253	127	126	GOBP_REGULATION_OF_VESICLE_MEDIATED_TRANSPORT
GOBP_REGULATION_OF_VESICLE_SIZE	18	6	3	3	GOBP_REGULATION_OF_VESICLE_SIZE
GOBP_REGULATION_OF_VIRAL_ENTRY_INTO_HOST_CELL	21	12	6	6	GOBP_REGULATION_OF_VIRAL_ENTRY_INTO_HOST_CELL
GOBP_REGULATION_OF_VIRAL_GENOME_REPLICATION	80	39	20	19	GOBP_REGULATION_OF_VIRAL_GENOME_REPLICATION
GOBP_REGULATION_OF_VIRAL_LIFE_CYCLE	115	58	29	29	GOBP_REGULATION_OF_VIRAL_LIFE_CYCLE
GOBP_REGULATION_OF_VIRAL_PROCESS	141	69	35	34	GOBP_REGULATION_OF_VIRAL_PROCESS
GOBP_REGULATION_OF_VIRAL_TRANSCRIPTION	20	8	4	4	GOBP_REGULATION_OF_VIRAL_TRANSCRIPTION
GOBP_REGULATION_OF_VITAMIN_D_BIOSYNTHETIC_PROCESS	6	5	3	2	GOBP_REGULATION_OF_VITAMIN_D_BIOSYNTHETIC_PROCESS
GOBP_REGULATION_OF_VITAMIN_D_RECEPTOR_SIGNALING_PATHWAY	10	4	2	2	GOBP_REGULATION_OF_VITAMIN_D_RECEPTOR_SIGNALING_PATHWAY
GOBP_REGULATION_OF_VITAMIN_METABOLIC_PROCESS	11	9	5	4	GOBP_REGULATION_OF_VITAMIN_METABOLIC_PROCESS
GOBP_REGULATION_OF_VOLTAGE_GATED_CALCIUM_CHANNEL_ACTIVITY	16	6	3	3	GOBP_REGULATION_OF_VOLTAGE_GATED_CALCIUM_CHANNEL_ACTIVITY
GOBP_REGULATION_OF_WNT_PROTEIN_SECRETION	5	3	2	1	GOBP_REGULATION_OF_WNT_PROTEIN_SECRETION
GOBP_REGULATION_OF_WNT_SIGNALING_PATHWAY	355	160	80	80	GOBP_REGULATION_OF_WNT_SIGNALING_PATHWAY
GOBP_REGULATION_OF_WNT_SIGNALING_PATHWAY_PLANAR_CELL_POLARITY_PATHWAY	14	8	4	4	GOBP_REGULATION_OF_WNT_SIGNALING_PATHWAY_PLANAR_CELL_POLARITY_PATHWAY
GOBP_REGULATION_OF_WOUND_HEALING	137	82	41	41	GOBP_REGULATION_OF_WOUND_HEALING
GOBP_REGULATION_OF_WOUND_HEALING_SPREADING_OF_EPIDERMAL_CELLS	11	5	3	2	GOBP_REGULATION_OF_WOUND_HEALING_SPREADING_OF_EPIDERMAL_CELLS
GOBP_REGULATION_PROTEIN_CATABOLIC_PROCESS_AT_SYNAPSE	6	4	2	2	GOBP_REGULATION_PROTEIN_CATABOLIC_PROCESS_AT_SYNAPSE
GOBP_REGULATORY_NCRNA_MEDIATED_GENE_SILENCING	711	45	23	22	GOBP_REGULATORY_NCRNA_MEDIATED_GENE_SILENCING
GOBP_REGULATORY_NCRNA_MEDIATED_HETEROCHROMATIN_FORMATION	27	9	5	4	GOBP_REGULATORY_NCRNA_MEDIATED_HETEROCHROMATIN_FORMATION
GOBP_REGULATORY_NCRNA_PROCESSING	70	27	14	13	GOBP_REGULATORY_NCRNA_PROCESSING
GOBP_REGULATORY_T_CELL_DIFFERENTIATION	43	26	13	13	GOBP_REGULATORY_T_CELL_DIFFERENTIATION
GOBP_RELAXATION_OF_CARDIAC_MUSCLE	17	12	6	6	GOBP_RELAXATION_OF_CARDIAC_MUSCLE
GOBP_RELAXATION_OF_MUSCLE	34	22	11	11	GOBP_RELAXATION_OF_MUSCLE
GOBP_RELAXATION_OF_SMOOTH_MUSCLE	10	6	3	3	GOBP_RELAXATION_OF_SMOOTH_MUSCLE
GOBP_RELAXATION_OF_VASCULAR_ASSOCIATED_SMOOTH_MUSCLE	7	4	2	2	GOBP_RELAXATION_OF_VASCULAR_ASSOCIATED_SMOOTH_MUSCLE
GOBP_RELEASE_OF_CYTOCHROME_C_FROM_MITOCHONDRIA	55	26	13	13	GOBP_RELEASE_OF_CYTOCHROME_C_FROM_MITOCHONDRIA
GOBP_RELEASE_OF_SEQUESTERED_CALCIUM_ION_INTO_CYTOSOL_BY_ENDOPLASMIC_RETICULUM	44	20	10	10	GOBP_RELEASE_OF_SEQUESTERED_CALCIUM_ION_INTO_CYTOSOL_BY_ENDOPLASMIC_RETICULUM
GOBP_RENAL_ABSORPTION	40	31	16	15	GOBP_RENAL_ABSORPTION
GOBP_RENAL_ALBUMIN_ABSORPTION	6	5	3	2	GOBP_RENAL_ALBUMIN_ABSORPTION
GOBP_RENAL_CONTROL_OF_PERIPHERAL_VASCULAR_RESISTANCE_INVOLVED_IN_REGULATION_OF_SYSTEMIC_ARTERIAL_BLOOD_PRESSURE	7	4	2	2	GOBP_RENAL_CONTROL_OF_PERIPHERAL_VASCULAR_RESISTANCE_INVOLVED_IN_REGULATION_OF_SYSTEMIC_ARTERIAL_BLOOD_PRESSURE
GOBP_RENAL_FILTRATION	34	28	14	14	GOBP_RENAL_FILTRATION
GOBP_RENAL_PROTEIN_ABSORPTION	9	8	4	4	GOBP_RENAL_PROTEIN_ABSORPTION
GOBP_RENAL_RESPONSE_TO_BLOOD_FLOW_INVOLVED_IN_CIRCULATORY_RENIN_ANGIOTENSIN_REGULATION_OF_SYSTEMIC_ARTERIAL_BLOOD_PRESSURE	8	6	3	3	GOBP_RENAL_RESPONSE_TO_BLOOD_FLOW_INVOLVED_IN_CIRCULATORY_RENIN_ANGIOTENSIN_REGULATION_OF_SYSTEMIC_ARTERIAL_BLOOD_PRESSURE
GOBP_RENAL_SODIUM_EXCRETION	12	10	5	5	GOBP_RENAL_SODIUM_EXCRETION
GOBP_RENAL_SODIUM_ION_ABSORPTION	16	13	7	6	GOBP_RENAL_SODIUM_ION_ABSORPTION
GOBP_RENAL_SODIUM_ION_TRANSPORT	19	14	7	7	GOBP_RENAL_SODIUM_ION_TRANSPORT
GOBP_RENAL_SYSTEM_DEVELOPMENT	335	223	112	111	GOBP_RENAL_SYSTEM_DEVELOPMENT
GOBP_RENAL_SYSTEM_PROCESS	138	93	47	46	GOBP_RENAL_SYSTEM_PROCESS
GOBP_RENAL_SYSTEM_PROCESS_INVOLVED_IN_REGULATION_OF_BLOOD_VOLUME	16	11	6	5	GOBP_RENAL_SYSTEM_PROCESS_INVOLVED_IN_REGULATION_OF_BLOOD_VOLUME
GOBP_RENAL_SYSTEM_PROCESS_INVOLVED_IN_REGULATION_OF_SYSTEMIC_ARTERIAL_BLOOD_PRESSURE	29	19	10	9	GOBP_RENAL_SYSTEM_PROCESS_INVOLVED_IN_REGULATION_OF_SYSTEMIC_ARTERIAL_BLOOD_PRESSURE
GOBP_RENAL_SYSTEM_VASCULATURE_DEVELOPMENT	33	27	14	13	GOBP_RENAL_SYSTEM_VASCULATURE_DEVELOPMENT
GOBP_RENAL_SYSTEM_VASCULATURE_MORPHOGENESIS	8	6	3	3	GOBP_RENAL_SYSTEM_VASCULATURE_MORPHOGENESIS
GOBP_RENAL_TUBULAR_SECRETION	20	15	8	7	GOBP_RENAL_TUBULAR_SECRETION
GOBP_RENAL_TUBULE_DEVELOPMENT	104	74	37	37	GOBP_RENAL_TUBULE_DEVELOPMENT
GOBP_RENAL_TUBULE_MORPHOGENESIS	81	59	30	29	GOBP_RENAL_TUBULE_MORPHOGENESIS
GOBP_RENAL_VESICLE_DEVELOPMENT	17	13	7	6	GOBP_RENAL_VESICLE_DEVELOPMENT
GOBP_RENAL_VESICLE_FORMATION	7	5	3	2	GOBP_RENAL_VESICLE_FORMATION
GOBP_RENAL_WATER_ABSORPTION	5	5	3	2	GOBP_RENAL_WATER_ABSORPTION
GOBP_RENAL_WATER_HOMEOSTASIS	24	15	8	7	GOBP_RENAL_WATER_HOMEOSTASIS
GOBP_RENAL_WATER_TRANSPORT	8	7	4	3	GOBP_RENAL_WATER_TRANSPORT
GOBP_REPLACEMENT_OSSIFICATION	31	13	7	6	GOBP_REPLACEMENT_OSSIFICATION
GOBP_REPLICATION_BORN_DOUBLE_STRAND_BREAK_REPAIR_VIA_SISTER_CHROMATID_EXCHANGE	6	3	2	1	GOBP_REPLICATION_BORN_DOUBLE_STRAND_BREAK_REPAIR_VIA_SISTER_CHROMATID_EXCHANGE
GOBP_REPLICATIVE_SENESCENCE	17	10	5	5	GOBP_REPLICATIVE_SENESCENCE
GOBP_REPRODUCTIVE_BEHAVIOR	48	29	15	14	GOBP_REPRODUCTIVE_BEHAVIOR
GOBP_REPRODUCTIVE_PROCESS	1645	777	389	388	GOBP_REPRODUCTIVE_PROCESS
GOBP_REPRODUCTIVE_SYSTEM_DEVELOPMENT	322	175	88	87	GOBP_REPRODUCTIVE_SYSTEM_DEVELOPMENT
GOBP_RESCUE_OF_STALLED_RIBOSOME	35	6	3	3	GOBP_RESCUE_OF_STALLED_RIBOSOME
GOBP_RESOLUTION_OF_DNA_RECOMBINATION_INTERMEDIATES	9	4	2	2	GOBP_RESOLUTION_OF_DNA_RECOMBINATION_INTERMEDIATES
GOBP_RESOLUTION_OF_MEIOTIC_RECOMBINATION_INTERMEDIATES	17	7	4	3	GOBP_RESOLUTION_OF_MEIOTIC_RECOMBINATION_INTERMEDIATES
GOBP_RESPIRATORY_BURST	40	27	14	13	GOBP_RESPIRATORY_BURST
GOBP_RESPIRATORY_BURST_INVOLVED_IN_DEFENSE_RESPONSE	17	13	7	6	GOBP_RESPIRATORY_BURST_INVOLVED_IN_DEFENSE_RESPONSE
GOBP_RESPIRATORY_BURST_INVOLVED_IN_INFLAMMATORY_RESPONSE	10	8	4	4	GOBP_RESPIRATORY_BURST_INVOLVED_IN_INFLAMMATORY_RESPONSE
GOBP_RESPIRATORY_CHAIN_COMPLEX_III_ASSEMBLY	13	3	2	1	GOBP_RESPIRATORY_CHAIN_COMPLEX_III_ASSEMBLY
GOBP_RESPIRATORY_CHAIN_COMPLEX_IV_ASSEMBLY	31	8	4	4	GOBP_RESPIRATORY_CHAIN_COMPLEX_IV_ASSEMBLY
GOBP_RESPIRATORY_GASEOUS_EXCHANGE_BY_RESPIRATORY_SYSTEM	82	43	22	21	GOBP_RESPIRATORY_GASEOUS_EXCHANGE_BY_RESPIRATORY_SYSTEM
GOBP_RESPIRATORY_SYSTEM_DEVELOPMENT	232	150	75	75	GOBP_RESPIRATORY_SYSTEM_DEVELOPMENT
GOBP_RESPIRATORY_SYSTEM_PROCESS	50	20	10	10	GOBP_RESPIRATORY_SYSTEM_PROCESS
GOBP_RESPONSE_TO_2_3_7_8_TETRACHLORODIBENZODIOXINE	7	6	3	3	GOBP_RESPONSE_TO_2_3_7_8_TETRACHLORODIBENZODIOXINE
GOBP_RESPONSE_TO_ABIOTIC_STIMULUS	1185	621	311	310	GOBP_RESPONSE_TO_ABIOTIC_STIMULUS
GOBP_RESPONSE_TO_ACETYLCHOLINE	52	33	17	16	GOBP_RESPONSE_TO_ACETYLCHOLINE
GOBP_RESPONSE_TO_ACIDIC_PH	27	15	8	7	GOBP_RESPONSE_TO_ACIDIC_PH
GOBP_RESPONSE_TO_ACID_CHEMICAL	142	76	38	38	GOBP_RESPONSE_TO_ACID_CHEMICAL
GOBP_RESPONSE_TO_ACTIVITY	84	45	23	22	GOBP_RESPONSE_TO_ACTIVITY
GOBP_RESPONSE_TO_ALCOHOL	272	159	80	79	GOBP_RESPONSE_TO_ALCOHOL
GOBP_RESPONSE_TO_ALDOSTERONE	17	12	6	6	GOBP_RESPONSE_TO_ALDOSTERONE
GOBP_RESPONSE_TO_ALKALOID	93	55	28	27	GOBP_RESPONSE_TO_ALKALOID
GOBP_RESPONSE_TO_AMINE	47	30	15	15	GOBP_RESPONSE_TO_AMINE
GOBP_RESPONSE_TO_AMINO_ACID_STARVATION	56	22	11	11	GOBP_RESPONSE_TO_AMINO_ACID_STARVATION
GOBP_RESPONSE_TO_AMMONIUM_ION	6	5	3	2	GOBP_CELLULAR_RESPONSE_TO_AMMONIUM_ION
GOBP_RESPONSE_TO_AMPHETAMINE	31	20	10	10	GOBP_RESPONSE_TO_AMPHETAMINE
GOBP_RESPONSE_TO_AMYLOID_BETA	60	34	17	17	GOBP_RESPONSE_TO_AMYLOID_BETA
GOBP_RESPONSE_TO_ANESTHETIC	6	3	2	1	GOBP_RESPONSE_TO_ANESTHETIC
GOBP_RESPONSE_TO_ANGIOTENSIN	46	23	12	11	GOBP_RESPONSE_TO_ANGIOTENSIN
GOBP_RESPONSE_TO_ANTIBIOTIC	37	19	10	9	GOBP_RESPONSE_TO_ANTIBIOTIC
GOBP_RESPONSE_TO_ARSENIC_CONTAINING_SUBSTANCE	30	17	9	8	GOBP_RESPONSE_TO_ARSENIC_CONTAINING_SUBSTANCE
GOBP_RESPONSE_TO_ATP	33	18	9	9	GOBP_RESPONSE_TO_ATP
GOBP_RESPONSE_TO_AUDITORY_STIMULUS	36	25	13	12	GOBP_RESPONSE_TO_AUDITORY_STIMULUS
GOBP_RESPONSE_TO_AXON_INJURY	84	49	25	24	GOBP_RESPONSE_TO_AXON_INJURY
GOBP_RESPONSE_TO_BACTERIAL_LIPOPROTEIN	11	4	2	2	GOBP_RESPONSE_TO_BACTERIAL_LIPOPROTEIN
GOBP_RESPONSE_TO_BACTERIUM	762	432	216	216	GOBP_RESPONSE_TO_BACTERIUM
GOBP_RESPONSE_TO_BILE_ACID	7	4	2	2	GOBP_RESPONSE_TO_BILE_ACID
GOBP_RESPONSE_TO_BLEOMYCIN	5	3	2	1	GOBP_RESPONSE_TO_BLEOMYCIN
GOBP_RESPONSE_TO_BLUE_LIGHT	7	4	2	2	GOBP_RESPONSE_TO_BLUE_LIGHT
GOBP_RESPONSE_TO_BMP	187	96	48	48	GOBP_RESPONSE_TO_BMP
GOBP_RESPONSE_TO_CADMIUM_ION	48	30	15	15	GOBP_RESPONSE_TO_CADMIUM_ION
GOBP_RESPONSE_TO_CAFFEINE	16	8	4	4	GOBP_RESPONSE_TO_CAFFEINE
GOBP_RESPONSE_TO_CALCIUM_ION	141	72	36	36	GOBP_RESPONSE_TO_CALCIUM_ION
GOBP_RESPONSE_TO_CAMP	90	53	27	26	GOBP_RESPONSE_TO_CAMP
GOBP_RESPONSE_TO_CARBOHYDRATE	247	125	63	62	GOBP_RESPONSE_TO_CARBOHYDRATE
GOBP_RESPONSE_TO_CGMP	9	6	3	3	GOBP_RESPONSE_TO_CGMP
GOBP_RESPONSE_TO_CHEMOKINE	93	65	33	32	GOBP_RESPONSE_TO_CHEMOKINE
GOBP_RESPONSE_TO_CISPLATIN	6	5	3	2	GOBP_RESPONSE_TO_CISPLATIN
GOBP_RESPONSE_TO_COCAINE	48	32	16	16	GOBP_RESPONSE_TO_COCAINE
GOBP_RESPONSE_TO_COLD	44	24	12	12	GOBP_RESPONSE_TO_COLD
GOBP_RESPONSE_TO_COPPER_ION	40	23	12	11	GOBP_RESPONSE_TO_COPPER_ION
GOBP_RESPONSE_TO_CORTICOSTEROID	153	97	49	48	GOBP_RESPONSE_TO_CORTICOSTEROID
GOBP_RESPONSE_TO_CORTICOSTERONE	16	10	5	5	GOBP_RESPONSE_TO_CORTICOSTERONE
GOBP_RESPONSE_TO_CORTICOTROPIN_RELEASING_HORMONE	5	5	3	2	GOBP_RESPONSE_TO_CORTICOTROPIN_RELEASING_HORMONE
GOBP_RESPONSE_TO_CORTISOL	7	3	2	1	GOBP_RESPONSE_TO_CORTISOL
GOBP_RESPONSE_TO_CYCLOHEXIMIDE	7	4	2	2	GOBP_RESPONSE_TO_CYCLOHEXIMIDE
GOBP_RESPONSE_TO_DEXAMETHASONE	44	30	15	15	GOBP_RESPONSE_TO_DEXAMETHASONE
GOBP_RESPONSE_TO_DIETARY_EXCESS	36	24	12	12	GOBP_RESPONSE_TO_DIETARY_EXCESS
GOBP_RESPONSE_TO_DISACCHARIDE	7	5	3	2	GOBP_RESPONSE_TO_DISACCHARIDE
GOBP_RESPONSE_TO_DSRNA	57	29	15	14	GOBP_RESPONSE_TO_DSRNA
GOBP_RESPONSE_TO_ELECTRICAL_STIMULUS	37	19	10	9	GOBP_RESPONSE_TO_ELECTRICAL_STIMULUS
GOBP_RESPONSE_TO_ENDOGENOUS_STIMULUS	1596	818	409	409	GOBP_RESPONSE_TO_ENDOGENOUS_STIMULUS
GOBP_RESPONSE_TO_ENDOPLASMIC_RETICULUM_STRESS	283	118	59	59	GOBP_RESPONSE_TO_ENDOPLASMIC_RETICULUM_STRESS
GOBP_RESPONSE_TO_EPIDERMAL_GROWTH_FACTOR	52	23	12	11	GOBP_RESPONSE_TO_EPIDERMAL_GROWTH_FACTOR
GOBP_RESPONSE_TO_EPINEPHRINE	15	8	4	4	GOBP_RESPONSE_TO_EPINEPHRINE
GOBP_RESPONSE_TO_ERYTHROPOIETIN	10	6	3	3	GOBP_RESPONSE_TO_ERYTHROPOIETIN
GOBP_RESPONSE_TO_ESTRADIOL	113	67	34	33	GOBP_RESPONSE_TO_ESTRADIOL
GOBP_RESPONSE_TO_ESTROGEN	65	40	20	20	GOBP_RESPONSE_TO_ESTROGEN
GOBP_RESPONSE_TO_ETHANOL	124	85	43	42	GOBP_RESPONSE_TO_ETHANOL
GOBP_RESPONSE_TO_ETHER	22	13	7	6	GOBP_RESPONSE_TO_ETHER
GOBP_RESPONSE_TO_FATTY_ACID	62	41	21	20	GOBP_RESPONSE_TO_FATTY_ACID
GOBP_RESPONSE_TO_FIBROBLAST_GROWTH_FACTOR	130	72	36	36	GOBP_RESPONSE_TO_FIBROBLAST_GROWTH_FACTOR
GOBP_RESPONSE_TO_FLUID_SHEAR_STRESS	44	18	9	9	GOBP_RESPONSE_TO_FLUID_SHEAR_STRESS
GOBP_RESPONSE_TO_FLUORIDE	5	3	2	1	GOBP_RESPONSE_TO_FLUORIDE
GOBP_RESPONSE_TO_FOLIC_ACID	10	6	3	3	GOBP_RESPONSE_TO_FOLIC_ACID
GOBP_RESPONSE_TO_FOLLICLE_STIMULATING_HORMONE	16	12	6	6	GOBP_RESPONSE_TO_FOLLICLE_STIMULATING_HORMONE
GOBP_RESPONSE_TO_FOOD	47	28	14	14	GOBP_RESPONSE_TO_FOOD
GOBP_RESPONSE_TO_FORSKOLIN	15	9	5	4	GOBP_RESPONSE_TO_FORSKOLIN
GOBP_RESPONSE_TO_FRUCTOSE	9	7	4	3	GOBP_RESPONSE_TO_FRUCTOSE
GOBP_RESPONSE_TO_FUNGUS	80	47	24	23	GOBP_RESPONSE_TO_FUNGUS
GOBP_RESPONSE_TO_GAMMA_RADIATION	53	23	12	11	GOBP_RESPONSE_TO_GAMMA_RADIATION
GOBP_RESPONSE_TO_GLUCAGON	20	10	5	5	GOBP_RESPONSE_TO_GLUCAGON
GOBP_RESPONSE_TO_GLYCOPROTEIN	8	4	2	2	GOBP_RESPONSE_TO_GLYCOPROTEIN
GOBP_RESPONSE_TO_GLYCOSIDE	7	7	4	3	GOBP_RESPONSE_TO_GLYCOSIDE
GOBP_RESPONSE_TO_GONADOTROPIN	28	19	10	9	GOBP_RESPONSE_TO_GONADOTROPIN
GOBP_RESPONSE_TO_GONADOTROPIN_RELEASING_HORMONE	8	6	3	3	GOBP_RESPONSE_TO_GONADOTROPIN_RELEASING_HORMONE
GOBP_RESPONSE_TO_GRAM_POSITIVE_BACTERIUM	6	4	2	2	GOBP_RESPONSE_TO_GRAM_POSITIVE_BACTERIUM
GOBP_RESPONSE_TO_GRANULOCYTE_MACROPHAGE_COLONY_STIMULATING_FACTOR	12	7	4	3	GOBP_RESPONSE_TO_GRANULOCYTE_MACROPHAGE_COLONY_STIMULATING_FACTOR
GOBP_RESPONSE_TO_GRAVITY	8	5	3	2	GOBP_RESPONSE_TO_GRAVITY
GOBP_RESPONSE_TO_GROWTH_FACTOR	804	412	206	206	GOBP_RESPONSE_TO_GROWTH_FACTOR
GOBP_RESPONSE_TO_GROWTH_HORMONE	42	18	9	9	GOBP_RESPONSE_TO_GROWTH_HORMONE
GOBP_RESPONSE_TO_HEAT	104	54	27	27	GOBP_RESPONSE_TO_HEAT
GOBP_RESPONSE_TO_HEPARIN	6	6	3	3	GOBP_RESPONSE_TO_HEPARIN
GOBP_RESPONSE_TO_HEPATOCYTE_GROWTH_FACTOR	17	7	4	3	GOBP_RESPONSE_TO_HEPATOCYTE_GROWTH_FACTOR
GOBP_RESPONSE_TO_HISTAMINE	11	8	4	4	GOBP_RESPONSE_TO_HISTAMINE
GOBP_RESPONSE_TO_HORMONE	927	482	241	241	GOBP_RESPONSE_TO_HORMONE
GOBP_RESPONSE_TO_HYDROGEN_PEROXIDE	103	47	24	23	GOBP_RESPONSE_TO_HYDROGEN_PEROXIDE
GOBP_RESPONSE_TO_HYDROPEROXIDE	20	15	8	7	GOBP_RESPONSE_TO_HYDROPEROXIDE
GOBP_RESPONSE_TO_HYDROSTATIC_PRESSURE	6	4	2	2	GOBP_RESPONSE_TO_HYDROSTATIC_PRESSURE
GOBP_RESPONSE_TO_HYDROXYUREA	12	7	4	3	GOBP_RESPONSE_TO_HYDROXYUREA
GOBP_RESPONSE_TO_HYPEROXIA	19	10	5	5	GOBP_RESPONSE_TO_HYPEROXIA
GOBP_RESPONSE_TO_IMMOBILIZATION_STRESS	25	17	9	8	GOBP_RESPONSE_TO_IMMOBILIZATION_STRESS
GOBP_RESPONSE_TO_INACTIVITY	11	6	3	3	GOBP_RESPONSE_TO_INACTIVITY
GOBP_RESPONSE_TO_INCREASED_OXYGEN_LEVELS	27	13	7	6	GOBP_RESPONSE_TO_INCREASED_OXYGEN_LEVELS
GOBP_RESPONSE_TO_INDOLE_3_METHANOL	5	3	2	1	GOBP_RESPONSE_TO_INDOLE_3_METHANOL
GOBP_RESPONSE_TO_INSECTICIDE	8	7	4	3	GOBP_RESPONSE_TO_INSECTICIDE
GOBP_RESPONSE_TO_INSULIN	280	120	60	60	GOBP_RESPONSE_TO_INSULIN
GOBP_RESPONSE_TO_INTERFERON_ALPHA	21	12	6	6	GOBP_RESPONSE_TO_INTERFERON_ALPHA
GOBP_RESPONSE_TO_INTERFERON_BETA	37	14	7	7	GOBP_RESPONSE_TO_INTERFERON_BETA
GOBP_RESPONSE_TO_INTERLEUKIN_1	118	56	28	28	GOBP_RESPONSE_TO_INTERLEUKIN_1
GOBP_RESPONSE_TO_INTERLEUKIN_12	12	9	5	4	GOBP_RESPONSE_TO_INTERLEUKIN_12
GOBP_RESPONSE_TO_INTERLEUKIN_13	7	3	2	1	GOBP_RESPONSE_TO_INTERLEUKIN_13
GOBP_RESPONSE_TO_INTERLEUKIN_15	11	6	3	3	GOBP_RESPONSE_TO_INTERLEUKIN_15
GOBP_RESPONSE_TO_INTERLEUKIN_17	19	7	4	3	GOBP_RESPONSE_TO_INTERLEUKIN_17
GOBP_RESPONSE_TO_INTERLEUKIN_18	12	3	2	1	GOBP_RESPONSE_TO_INTERLEUKIN_18
GOBP_RESPONSE_TO_INTERLEUKIN_2	11	5	3	2	GOBP_RESPONSE_TO_INTERLEUKIN_2
GOBP_RESPONSE_TO_INTERLEUKIN_3	7	5	3	2	GOBP_RESPONSE_TO_INTERLEUKIN_3
GOBP_RESPONSE_TO_INTERLEUKIN_4	39	23	12	11	GOBP_RESPONSE_TO_INTERLEUKIN_4
GOBP_RESPONSE_TO_INTERLEUKIN_6	48	21	11	10	GOBP_RESPONSE_TO_INTERLEUKIN_6
GOBP_RESPONSE_TO_INTERLEUKIN_7	22	12	6	6	GOBP_RESPONSE_TO_INTERLEUKIN_7
GOBP_RESPONSE_TO_INTERLEUKIN_9	9	5	3	2	GOBP_RESPONSE_TO_INTERLEUKIN_9
GOBP_RESPONSE_TO_IONIZING_RADIATION	146	64	32	32	GOBP_RESPONSE_TO_IONIZING_RADIATION
GOBP_RESPONSE_TO_IONOMYCIN	6	5	3	2	GOBP_RESPONSE_TO_IONOMYCIN
GOBP_RESPONSE_TO_IRON_II_ION	7	4	2	2	GOBP_RESPONSE_TO_IRON_II_ION
GOBP_RESPONSE_TO_IRON_ION	32	18	9	9	GOBP_RESPONSE_TO_IRON_ION
GOBP_RESPONSE_TO_ISCHEMIA	63	29	15	14	GOBP_RESPONSE_TO_ISCHEMIA
GOBP_RESPONSE_TO_ISOQUINOLINE_ALKALOID	17	13	7	6	GOBP_RESPONSE_TO_ISOQUINOLINE_ALKALOID
GOBP_RESPONSE_TO_KETONE	226	137	69	68	GOBP_RESPONSE_TO_KETONE
GOBP_RESPONSE_TO_LAMINAR_FLUID_SHEAR_STRESS	22	10	5	5	GOBP_RESPONSE_TO_LAMINAR_FLUID_SHEAR_STRESS
GOBP_RESPONSE_TO_LEAD_ION	19	8	4	4	GOBP_RESPONSE_TO_LEAD_ION
GOBP_RESPONSE_TO_LECTIN	23	9	5	4	GOBP_RESPONSE_TO_LECTIN
GOBP_RESPONSE_TO_LEPTIN	21	9	5	4	GOBP_RESPONSE_TO_LEPTIN
GOBP_RESPONSE_TO_LEUKEMIA_INHIBITORY_FACTOR	112	61	31	30	GOBP_RESPONSE_TO_LEUKEMIA_INHIBITORY_FACTOR
GOBP_RESPONSE_TO_LIGHT_INTENSITY	19	12	6	6	GOBP_RESPONSE_TO_LIGHT_INTENSITY
GOBP_RESPONSE_TO_LIGHT_STIMULUS	340	147	74	73	GOBP_RESPONSE_TO_LIGHT_STIMULUS
GOBP_RESPONSE_TO_LIPID	955	539	270	269	GOBP_RESPONSE_TO_LIPID
GOBP_RESPONSE_TO_LIPOPROTEIN_PARTICLE	39	19	10	9	GOBP_RESPONSE_TO_LIPOPROTEIN_PARTICLE
GOBP_RESPONSE_TO_LIPOTEICHOIC_ACID	11	4	2	2	GOBP_RESPONSE_TO_LIPOTEICHOIC_ACID
GOBP_RESPONSE_TO_LITHIUM_ION	17	12	6	6	GOBP_RESPONSE_TO_LITHIUM_ION
GOBP_RESPONSE_TO_LUTEINIZING_HORMONE	7	4	2	2	GOBP_RESPONSE_TO_LUTEINIZING_HORMONE
GOBP_RESPONSE_TO_L_GLUTAMATE	19	12	6	6	GOBP_RESPONSE_TO_L_GLUTAMATE
GOBP_RESPONSE_TO_L_LEUCINE	15	7	4	3	GOBP_RESPONSE_TO_L_LEUCINE
GOBP_RESPONSE_TO_L_PHENYLALANINE_DERIVATIVE	6	3	2	1	GOBP_RESPONSE_TO_L_PHENYLALANINE_DERIVATIVE
GOBP_RESPONSE_TO_MACROPHAGE_COLONY_STIMULATING_FACTOR	17	9	5	4	GOBP_RESPONSE_TO_MACROPHAGE_COLONY_STIMULATING_FACTOR
GOBP_RESPONSE_TO_MAGNESIUM_ION	19	10	5	5	GOBP_RESPONSE_TO_MAGNESIUM_ION
GOBP_RESPONSE_TO_MANGANESE_ION	15	5	3	2	GOBP_RESPONSE_TO_MANGANESE_ION
GOBP_RESPONSE_TO_MECHANICAL_STIMULUS	228	142	71	71	GOBP_RESPONSE_TO_MECHANICAL_STIMULUS
GOBP_RESPONSE_TO_MERCURY_ION	11	6	3	3	GOBP_RESPONSE_TO_MERCURY_ION
GOBP_RESPONSE_TO_METAL_ION	348	197	99	98	GOBP_RESPONSE_TO_METAL_ION
GOBP_RESPONSE_TO_METHYLMERCURY	6	5	3	2	GOBP_RESPONSE_TO_METHYLMERCURY
GOBP_RESPONSE_TO_MINERALOCORTICOID	37	23	12	11	GOBP_RESPONSE_TO_MINERALOCORTICOID
GOBP_RESPONSE_TO_MISFOLDED_PROTEIN	20	8	4	4	GOBP_RESPONSE_TO_MISFOLDED_PROTEIN
GOBP_RESPONSE_TO_MOLECULE_OF_BACTERIAL_ORIGIN	376	210	105	105	GOBP_RESPONSE_TO_MOLECULE_OF_BACTERIAL_ORIGIN
GOBP_RESPONSE_TO_MONOAMINE	63	29	15	14	GOBP_RESPONSE_TO_MONOAMINE
GOBP_RESPONSE_TO_MURAMYL_DIPEPTIDE	21	8	4	4	GOBP_RESPONSE_TO_MURAMYL_DIPEPTIDE
GOBP_RESPONSE_TO_MUSCLE_ACTIVITY	33	18	9	9	GOBP_RESPONSE_TO_MUSCLE_ACTIVITY
GOBP_RESPONSE_TO_MUSCLE_INACTIVITY	8	5	3	2	GOBP_RESPONSE_TO_MUSCLE_INACTIVITY
GOBP_RESPONSE_TO_MUSCLE_STRETCH	26	15	8	7	GOBP_RESPONSE_TO_MUSCLE_STRETCH
GOBP_RESPONSE_TO_MYCOTOXIN	5	3	2	1	GOBP_RESPONSE_TO_MYCOTOXIN
GOBP_RESPONSE_TO_NEMATODE	9	7	4	3	GOBP_RESPONSE_TO_NEMATODE
GOBP_RESPONSE_TO_NERVE_GROWTH_FACTOR	52	23	12	11	GOBP_RESPONSE_TO_NERVE_GROWTH_FACTOR
GOBP_RESPONSE_TO_NICOTINE	49	33	17	16	GOBP_RESPONSE_TO_NICOTINE
GOBP_RESPONSE_TO_NITRIC_OXIDE	22	17	9	8	GOBP_RESPONSE_TO_NITRIC_OXIDE
GOBP_RESPONSE_TO_NITROGEN_COMPOUND	1104	559	280	279	GOBP_RESPONSE_TO_NITROGEN_COMPOUND
GOBP_RESPONSE_TO_NITROSATIVE_STRESS	10	5	3	2	GOBP_RESPONSE_TO_NITROSATIVE_STRESS
GOBP_RESPONSE_TO_NUTRIENT	162	94	47	47	GOBP_RESPONSE_TO_NUTRIENT
GOBP_RESPONSE_TO_NUTRIENT_LEVELS	513	261	131	130	GOBP_RESPONSE_TO_NUTRIENT_LEVELS
GOBP_RESPONSE_TO_ODORANT	5	3	2	1	GOBP_RESPONSE_TO_ODORANT
GOBP_RESPONSE_TO_ORGANOPHOSPHORUS	129	75	38	37	GOBP_RESPONSE_TO_ORGANOPHOSPHORUS
GOBP_RESPONSE_TO_OSMOTIC_STRESS	87	49	25	24	GOBP_RESPONSE_TO_OSMOTIC_STRESS
GOBP_RESPONSE_TO_OXIDATIVE_STRESS	412	207	104	103	GOBP_RESPONSE_TO_OXIDATIVE_STRESS
GOBP_RESPONSE_TO_OXYGEN_CONTAINING_COMPOUND	1726	919	460	459	GOBP_RESPONSE_TO_OXYGEN_CONTAINING_COMPOUND
GOBP_RESPONSE_TO_OXYGEN_GLUCOSE_DEPRIVATION	11	5	3	2	GOBP_RESPONSE_TO_OXYGEN_GLUCOSE_DEPRIVATION
GOBP_RESPONSE_TO_OXYGEN_LEVELS	357	197	99	98	GOBP_RESPONSE_TO_OXYGEN_LEVELS
GOBP_RESPONSE_TO_OXYGEN_RADICAL	27	14	7	7	GOBP_RESPONSE_TO_OXYGEN_RADICAL
GOBP_RESPONSE_TO_PAIN	34	26	13	13	GOBP_RESPONSE_TO_PAIN
GOBP_RESPONSE_TO_PARATHYROID_HORMONE	15	10	5	5	GOBP_RESPONSE_TO_PARATHYROID_HORMONE
GOBP_RESPONSE_TO_PEPTIDE	1010	520	260	260	GOBP_RESPONSE_TO_PEPTIDE
GOBP_RESPONSE_TO_PEPTIDE_HORMONE	452	217	109	108	GOBP_RESPONSE_TO_PEPTIDE_HORMONE
GOBP_RESPONSE_TO_PEPTIDOGLYCAN	13	8	4	4	GOBP_RESPONSE_TO_PEPTIDOGLYCAN
GOBP_RESPONSE_TO_PH	40	24	12	12	GOBP_RESPONSE_TO_PH
GOBP_RESPONSE_TO_PHEROMONE	9	4	2	2	GOBP_RESPONSE_TO_PHEROMONE
GOBP_RESPONSE_TO_PHORBOL_13_ACETATE_12_MYRISTATE	11	4	2	2	GOBP_RESPONSE_TO_PHORBOL_13_ACETATE_12_MYRISTATE
GOBP_RESPONSE_TO_PLATELET_DERIVED_GROWTH_FACTOR	27	12	6	6	GOBP_RESPONSE_TO_PLATELET_DERIVED_GROWTH_FACTOR
GOBP_RESPONSE_TO_POTASSIUM_ION	21	14	7	7	GOBP_RESPONSE_TO_POTASSIUM_ION
GOBP_RESPONSE_TO_PROGESTERONE	36	21	11	10	GOBP_RESPONSE_TO_PROGESTERONE
GOBP_RESPONSE_TO_PROSTAGLANDIN	38	20	10	10	GOBP_RESPONSE_TO_PROSTAGLANDIN
GOBP_RESPONSE_TO_PROSTAGLANDIN_D	7	7	4	3	GOBP_RESPONSE_TO_PROSTAGLANDIN_D
GOBP_RESPONSE_TO_PROSTAGLANDIN_E	28	11	6	5	GOBP_RESPONSE_TO_PROSTAGLANDIN_E
GOBP_RESPONSE_TO_PROTOZOAN	33	15	8	7	GOBP_RESPONSE_TO_PROTOZOAN
GOBP_RESPONSE_TO_PSYCHOSOCIAL_STRESS	5	3	2	1	GOBP_RESPONSE_TO_PSYCHOSOCIAL_STRESS
GOBP_RESPONSE_TO_PURINE_CONTAINING_COMPOUND	149	82	41	41	GOBP_RESPONSE_TO_PURINE_CONTAINING_COMPOUND
GOBP_RESPONSE_TO_RADIATION	461	204	102	102	GOBP_RESPONSE_TO_RADIATION
GOBP_RESPONSE_TO_RAPAMYCIN	7	5	3	2	GOBP_RESPONSE_TO_RAPAMYCIN
GOBP_RESPONSE_TO_REACTIVE_OXYGEN_SPECIES	204	100	50	50	GOBP_RESPONSE_TO_REACTIVE_OXYGEN_SPECIES
GOBP_RESPONSE_TO_REDOX_STATE	14	10	5	5	GOBP_RESPONSE_TO_REDOX_STATE
GOBP_RESPONSE_TO_RETINOIC_ACID	108	63	32	31	GOBP_RESPONSE_TO_RETINOIC_ACID
GOBP_RESPONSE_TO_SALT	24	16	8	8	GOBP_RESPONSE_TO_SALT
GOBP_RESPONSE_TO_SALT_STRESS	22	14	7	7	GOBP_RESPONSE_TO_SALT_STRESS
GOBP_RESPONSE_TO_SELENIUM_ION	11	5	3	2	GOBP_RESPONSE_TO_SELENIUM_ION
GOBP_RESPONSE_TO_SODIUM_PHOSPHATE	9	8	4	4	GOBP_RESPONSE_TO_SODIUM_PHOSPHATE
GOBP_RESPONSE_TO_STARVATION	223	98	49	49	GOBP_RESPONSE_TO_STARVATION
GOBP_RESPONSE_TO_STEROID_HORMONE	342	184	92	92	GOBP_RESPONSE_TO_STEROID_HORMONE
GOBP_RESPONSE_TO_STEROL	36	15	8	7	GOBP_RESPONSE_TO_STEROL
GOBP_RESPONSE_TO_STEROL_DEPLETION	19	8	4	4	GOBP_CELLULAR_RESPONSE_TO_STEROL_DEPLETION
GOBP_RESPONSE_TO_STILBENOID	10	7	4	3	GOBP_RESPONSE_TO_STILBENOID
GOBP_RESPONSE_TO_STIMULUS_INVOLVED_IN_REGULATION_OF_MUSCLE_ADAPTATION	12	7	4	3	GOBP_RESPONSE_TO_STIMULUS_INVOLVED_IN_REGULATION_OF_MUSCLE_ADAPTATION
GOBP_RESPONSE_TO_SYMBIONT	7	4	2	2	GOBP_RESPONSE_TO_SYMBIONT
GOBP_RESPONSE_TO_SYMBIOTIC_BACTERIUM	5	3	2	1	GOBP_RESPONSE_TO_SYMBIOTIC_BACTERIUM
GOBP_RESPONSE_TO_TEMPERATURE_STIMULUS	175	92	46	46	GOBP_RESPONSE_TO_TEMPERATURE_STIMULUS
GOBP_RESPONSE_TO_TESTOSTERONE	45	30	15	15	GOBP_RESPONSE_TO_TESTOSTERONE
GOBP_RESPONSE_TO_THYROGLOBULIN_TRIIODOTHYRONINE	5	3	2	1	GOBP_RESPONSE_TO_THYROGLOBULIN_TRIIODOTHYRONINE
GOBP_RESPONSE_TO_THYROID_HORMONE	22	13	7	6	GOBP_RESPONSE_TO_THYROID_HORMONE
GOBP_RESPONSE_TO_THYROXINE	5	3	2	1	GOBP_RESPONSE_TO_L_PHENYLALANINE_DERIVATIVE
GOBP_RESPONSE_TO_TOPOLOGICALLY_INCORRECT_PROTEIN	165	77	39	38	GOBP_RESPONSE_TO_TOPOLOGICALLY_INCORRECT_PROTEIN
GOBP_RESPONSE_TO_TOXIC_SUBSTANCE	274	156	78	78	GOBP_RESPONSE_TO_TOXIC_SUBSTANCE
GOBP_RESPONSE_TO_TRANSFORMING_GROWTH_FACTOR_BETA	322	164	82	82	GOBP_RESPONSE_TO_TRANSFORMING_GROWTH_FACTOR_BETA
GOBP_RESPONSE_TO_TUMOR_CELL	49	29	15	14	GOBP_RESPONSE_TO_TUMOR_CELL
GOBP_RESPONSE_TO_TUMOR_NECROSIS_FACTOR	243	120	60	60	GOBP_RESPONSE_TO_TUMOR_NECROSIS_FACTOR
GOBP_RESPONSE_TO_TYPE_III_INTERFERON	13	4	2	2	GOBP_CELLULAR_RESPONSE_TO_TYPE_III_INTERFERON
GOBP_RESPONSE_TO_TYPE_II_INTERFERON	128	65	33	32	GOBP_RESPONSE_TO_TYPE_II_INTERFERON
GOBP_RESPONSE_TO_TYPE_I_INTERFERON	92	42	21	21	GOBP_RESPONSE_TO_TYPE_I_INTERFERON
GOBP_RESPONSE_TO_UV	158	63	32	31	GOBP_RESPONSE_TO_UV
GOBP_RESPONSE_TO_UV_A	15	10	5	5	GOBP_RESPONSE_TO_UV_A
GOBP_RESPONSE_TO_UV_B	21	12	6	6	GOBP_RESPONSE_TO_UV_B
GOBP_RESPONSE_TO_UV_C	15	4	2	2	GOBP_RESPONSE_TO_UV_C
GOBP_RESPONSE_TO_VASOPRESSIN	8	7	4	3	GOBP_RESPONSE_TO_VASOPRESSIN
GOBP_RESPONSE_TO_VIRUS	437	206	103	103	GOBP_RESPONSE_TO_VIRUS
GOBP_RESPONSE_TO_VITAMIN	89	55	28	27	GOBP_RESPONSE_TO_VITAMIN
GOBP_RESPONSE_TO_VITAMIN_A	15	11	6	5	GOBP_RESPONSE_TO_VITAMIN_A
GOBP_RESPONSE_TO_VITAMIN_D	40	26	13	13	GOBP_RESPONSE_TO_VITAMIN_D
GOBP_RESPONSE_TO_VITAMIN_K	5	3	2	1	GOBP_RESPONSE_TO_VITAMIN_K
GOBP_RESPONSE_TO_WATER	12	9	5	4	GOBP_RESPONSE_TO_WATER
GOBP_RESPONSE_TO_WATER_DEPRIVATION	5	4	2	2	GOBP_RESPONSE_TO_WATER_DEPRIVATION
GOBP_RESPONSE_TO_WOUNDING	593	347	174	173	GOBP_RESPONSE_TO_WOUNDING
GOBP_RESPONSE_TO_XENOBIOTIC_STIMULUS	447	254	127	127	GOBP_RESPONSE_TO_XENOBIOTIC_STIMULUS
GOBP_RESPONSE_TO_X_RAY	30	17	9	8	GOBP_RESPONSE_TO_X_RAY
GOBP_RESPONSE_TO_YEAST	16	13	7	6	GOBP_RESPONSE_TO_YEAST
GOBP_RESPONSE_TO_ZINC_ION	53	31	16	15	GOBP_RESPONSE_TO_ZINC_ION
GOBP_RESPONSE_TO_ZINC_ION_STARVATION	7	6	3	3	GOBP_RESPONSE_TO_ZINC_ION_STARVATION
GOBP_RETICULOPHAGY	23	9	5	4	GOBP_RETICULOPHAGY
GOBP_RETINAL_BIPOLAR_NEURON_DIFFERENTIATION	11	8	4	4	GOBP_RETINAL_BIPOLAR_NEURON_DIFFERENTIATION
GOBP_RETINAL_BLOOD_VESSEL_MORPHOGENESIS	6	4	2	2	GOBP_RETINAL_BLOOD_VESSEL_MORPHOGENESIS
GOBP_RETINAL_CONE_CELL_DEVELOPMENT	11	6	3	3	GOBP_RETINAL_CONE_CELL_DEVELOPMENT
GOBP_RETINAL_CONE_CELL_DIFFERENTIATION	14	8	4	4	GOBP_RETINAL_CONE_CELL_DIFFERENTIATION
GOBP_RETINAL_GANGLION_CELL_AXON_GUIDANCE	23	18	9	9	GOBP_RETINAL_GANGLION_CELL_AXON_GUIDANCE
GOBP_RETINAL_METABOLIC_PROCESS	19	12	6	6	GOBP_RETINAL_METABOLIC_PROCESS
GOBP_RETINAL_PIGMENT_EPITHELIUM_DEVELOPMENT	10	6	3	3	GOBP_RETINAL_PIGMENT_EPITHELIUM_DEVELOPMENT
GOBP_RETINAL_ROD_CELL_DEVELOPMENT	10	6	3	3	GOBP_RETINAL_ROD_CELL_DEVELOPMENT
GOBP_RETINAL_ROD_CELL_DIFFERENTIATION	18	12	6	6	GOBP_RETINAL_ROD_CELL_DIFFERENTIATION
GOBP_RETINA_DEVELOPMENT_IN_CAMERA_TYPE_EYE	180	104	52	52	GOBP_RETINA_DEVELOPMENT_IN_CAMERA_TYPE_EYE
GOBP_RETINA_HOMEOSTASIS	59	33	17	16	GOBP_RETINA_HOMEOSTASIS
GOBP_RETINA_LAYER_FORMATION	26	18	9	9	GOBP_RETINA_LAYER_FORMATION
GOBP_RETINA_MORPHOGENESIS_IN_CAMERA_TYPE_EYE	70	42	21	21	GOBP_RETINA_MORPHOGENESIS_IN_CAMERA_TYPE_EYE
GOBP_RETINA_VASCULATURE_DEVELOPMENT_IN_CAMERA_TYPE_EYE	20	12	6	6	GOBP_RETINA_VASCULATURE_DEVELOPMENT_IN_CAMERA_TYPE_EYE
GOBP_RETINA_VASCULATURE_MORPHOGENESIS_IN_CAMERA_TYPE_EYE	10	7	4	3	GOBP_RETINA_VASCULATURE_MORPHOGENESIS_IN_CAMERA_TYPE_EYE
GOBP_RETINOIC_ACID_METABOLIC_PROCESS	33	23	12	11	GOBP_RETINOIC_ACID_METABOLIC_PROCESS
GOBP_RETINOIC_ACID_RECEPTOR_SIGNALING_PATHWAY	38	14	7	7	GOBP_RETINOIC_ACID_RECEPTOR_SIGNALING_PATHWAY
GOBP_RETINOL_METABOLIC_PROCESS	52	33	17	16	GOBP_RETINOL_METABOLIC_PROCESS
GOBP_RETROGRADE_AXONAL_TRANSPORT	23	10	5	5	GOBP_RETROGRADE_AXONAL_TRANSPORT
GOBP_RETROGRADE_NEURONAL_DENSE_CORE_VESICLE_TRANSPORT	5	3	2	1	GOBP_RETROGRADE_NEURONAL_DENSE_CORE_VESICLE_TRANSPORT
GOBP_RETROGRADE_TRANSPORT_ENDOSOME_TO_GOLGI	108	33	17	16	GOBP_RETROGRADE_TRANSPORT_ENDOSOME_TO_GOLGI
GOBP_RETROGRADE_TRANS_SYNAPTIC_SIGNALING	10	7	4	3	GOBP_RETROGRADE_TRANS_SYNAPTIC_SIGNALING
GOBP_RETROGRADE_TRANS_SYNAPTIC_SIGNALING_BY_LIPID	5	4	2	2	GOBP_RETROGRADE_TRANS_SYNAPTIC_SIGNALING_BY_LIPID
GOBP_RETROGRADE_VESICLE_MEDIATED_TRANSPORT_GOLGI_TO_ENDOPLASMIC_RETICULUM	52	9	5	4	GOBP_RETROGRADE_VESICLE_MEDIATED_TRANSPORT_GOLGI_TO_ENDOPLASMIC_RETICULUM
GOBP_REVERSE_CHOLESTEROL_TRANSPORT	21	11	6	5	GOBP_REVERSE_CHOLESTEROL_TRANSPORT
GOBP_REVERSIBLE_DIFFERENTIATION	12	3	2	1	GOBP_REVERSIBLE_DIFFERENTIATION
GOBP_RHOMBOMERE_DEVELOPMENT	7	6	3	3	GOBP_RHOMBOMERE_DEVELOPMENT
GOBP_RHO_ACTIVATING_G_PROTEIN_COUPLED_RECEPTOR_SIGNALING_PATHWAY	7	4	2	2	GOBP_RHO_ACTIVATING_G_PROTEIN_COUPLED_RECEPTOR_SIGNALING_PATHWAY
GOBP_RHO_PROTEIN_SIGNAL_TRANSDUCTION	147	69	35	34	GOBP_RHO_PROTEIN_SIGNAL_TRANSDUCTION
GOBP_RHYTHMIC_BEHAVIOR	50	29	15	14	GOBP_RHYTHMIC_BEHAVIOR
GOBP_RHYTHMIC_PROCESS	301	165	83	82	GOBP_RHYTHMIC_PROCESS
GOBP_RIBOFLAVIN_METABOLIC_PROCESS	5	3	2	1	GOBP_RIBOFLAVIN_METABOLIC_PROCESS
GOBP_RIBOFLAVIN_TRANSPORT	6	4	2	2	GOBP_RIBOFLAVIN_TRANSPORT
GOBP_RIBONUCLEOPROTEIN_COMPLEX_BIOGENESIS	494	152	76	76	GOBP_RIBONUCLEOPROTEIN_COMPLEX_BIOGENESIS
GOBP_RIBONUCLEOPROTEIN_COMPLEX_LOCALIZATION	13	5	3	2	GOBP_RIBONUCLEOPROTEIN_COMPLEX_LOCALIZATION
GOBP_RIBONUCLEOSIDE_CATABOLIC_PROCESS	14	8	4	4	GOBP_RIBONUCLEOSIDE_CATABOLIC_PROCESS
GOBP_RIBONUCLEOSIDE_METABOLIC_PROCESS	30	18	9	9	GOBP_RIBONUCLEOSIDE_METABOLIC_PROCESS
GOBP_RIBONUCLEOSIDE_MONOPHOSPHATE_BIOSYNTHETIC_PROCESS	35	17	9	8	GOBP_RIBONUCLEOSIDE_MONOPHOSPHATE_BIOSYNTHETIC_PROCESS
GOBP_RIBONUCLEOSIDE_MONOPHOSPHATE_CATABOLIC_PROCESS	16	8	4	4	GOBP_RIBONUCLEOSIDE_MONOPHOSPHATE_CATABOLIC_PROCESS
GOBP_RIBONUCLEOSIDE_MONOPHOSPHATE_METABOLIC_PROCESS	60	30	15	15	GOBP_RIBONUCLEOSIDE_MONOPHOSPHATE_METABOLIC_PROCESS
GOBP_RIBOSE_PHOSPHATE_BIOSYNTHETIC_PROCESS	182	75	38	37	GOBP_RIBOSE_PHOSPHATE_BIOSYNTHETIC_PROCESS
GOBP_RIBOSE_PHOSPHATE_METABOLIC_PROCESS	385	171	86	85	GOBP_RIBOSE_PHOSPHATE_METABOLIC_PROCESS
GOBP_RIBOSOMAL_LARGE_SUBUNIT_ASSEMBLY	21	9	5	4	GOBP_RIBOSOMAL_LARGE_SUBUNIT_ASSEMBLY
GOBP_RIBOSOMAL_LARGE_SUBUNIT_BIOGENESIS	68	25	13	12	GOBP_RIBOSOMAL_LARGE_SUBUNIT_BIOGENESIS
GOBP_RIBOSOMAL_LARGE_SUBUNIT_EXPORT_FROM_NUCLEUS	8	3	2	1	GOBP_RIBOSOMAL_LARGE_SUBUNIT_EXPORT_FROM_NUCLEUS
GOBP_RIBOSOMAL_SMALL_SUBUNIT_ASSEMBLY	22	3	2	1	GOBP_RIBOSOMAL_SMALL_SUBUNIT_ASSEMBLY
GOBP_RIBOSOMAL_SMALL_SUBUNIT_BIOGENESIS	108	36	18	18	GOBP_RIBOSOMAL_SMALL_SUBUNIT_BIOGENESIS
GOBP_RIBOSOMAL_SUBUNIT_EXPORT_FROM_NUCLEUS	14	5	3	2	GOBP_RIBOSOMAL_SUBUNIT_EXPORT_FROM_NUCLEUS
GOBP_RIBOSOME_ASSEMBLY	63	18	9	9	GOBP_RIBOSOME_ASSEMBLY
GOBP_RIBOSOME_BIOGENESIS	320	109	55	54	GOBP_RIBOSOME_BIOGENESIS
GOBP_RIBOSOME_DISASSEMBLY	42	9	5	4	GOBP_RIBOSOME_DISASSEMBLY
GOBP_RIGHTING_REFLEX	9	6	3	3	GOBP_RIGHTING_REFLEX
GOBP_RIG_I_SIGNALING_PATHWAY	30	11	6	5	GOBP_RIG_I_SIGNALING_PATHWAY
GOBP_RNA_3_END_PROCESSING	94	27	14	13	GOBP_RNA_3_END_PROCESSING
GOBP_RNA_5_END_PROCESSING	38	17	9	8	GOBP_RNA_5_END_PROCESSING
GOBP_RNA_CAPPING	16	5	3	2	GOBP_RNA_CAPPING
GOBP_RNA_DECAPPING	20	5	3	2	GOBP_RNA_DECAPPING
GOBP_RNA_EXPORT_FROM_NUCLEUS	94	32	16	16	GOBP_RNA_EXPORT_FROM_NUCLEUS
GOBP_RNA_GUANINE_N7_METHYLATION	7	4	2	2	GOBP_RNA_GUANINE_N7_METHYLATION
GOBP_RNA_LOCALIZATION	204	78	39	39	GOBP_RNA_LOCALIZATION
GOBP_RNA_METHYLATION	84	26	13	13	GOBP_RNA_METHYLATION
GOBP_RNA_MODIFICATION	173	60	30	30	GOBP_RNA_MODIFICATION
GOBP_RNA_POLYMERASE_II_PREINITIATION_COMPLEX_ASSEMBLY	68	21	11	10	GOBP_RNA_POLYMERASE_II_PREINITIATION_COMPLEX_ASSEMBLY
GOBP_RNA_POLYMERASE_II_TRANSCRIPTION_INITIATION_SURVEILLANCE	19	5	3	2	GOBP_RNA_POLYMERASE_II_TRANSCRIPTION_INITIATION_SURVEILLANCE
GOBP_RNA_POLYMERASE_I_PREINITIATION_COMPLEX_ASSEMBLY	11	4	2	2	GOBP_RNA_POLYMERASE_I_PREINITIATION_COMPLEX_ASSEMBLY
GOBP_RNA_PROCESSING	1436	311	156	155	GOBP_RNA_PROCESSING
GOBP_RNA_SPLICING	487	138	69	69	GOBP_RNA_SPLICING
GOBP_RNA_SPLICING_VIA_ENDONUCLEOLYTIC_CLEAVAGE_AND_LIGATION	14	7	4	3	GOBP_RNA_SPLICING_VIA_ENDONUCLEOLYTIC_CLEAVAGE_AND_LIGATION
GOBP_RNA_SPLICING_VIA_TRANSESTERIFICATION_REACTIONS	344	88	44	44	GOBP_RNA_SPLICING_VIA_TRANSESTERIFICATION_REACTIONS
GOBP_RNA_SURVEILLANCE	37	10	5	5	GOBP_RNA_SURVEILLANCE
GOBP_RNA_TEMPLATED_DNA_BIOSYNTHETIC_PROCESS	61	26	13	13	GOBP_RNA_TEMPLATED_DNA_BIOSYNTHETIC_PROCESS
GOBP_ROOF_OF_MOUTH_DEVELOPMENT	92	58	29	29	GOBP_ROOF_OF_MOUTH_DEVELOPMENT
GOBP_ROSTROCAUDAL_NEURAL_TUBE_PATTERNING	11	5	3	2	GOBP_ROSTROCAUDAL_NEURAL_TUBE_PATTERNING
GOBP_ROUNDABOUT_SIGNALING_PATHWAY	5	3	2	1	GOBP_ROUNDABOUT_SIGNALING_PATHWAY
GOBP_RRNA_BASE_METHYLATION	10	3	2	1	GOBP_RRNA_BASE_METHYLATION
GOBP_RRNA_CATABOLIC_PROCESS	17	6	3	3	GOBP_RRNA_CATABOLIC_PROCESS
GOBP_RRNA_METABOLIC_PROCESS	266	96	48	48	GOBP_RRNA_METABOLIC_PROCESS
GOBP_RRNA_METHYLATION	26	7	4	3	GOBP_RRNA_METHYLATION
GOBP_RRNA_MODIFICATION	36	12	6	6	GOBP_RRNA_MODIFICATION
GOBP_RRNA_PROCESSING	222	80	40	40	GOBP_RRNA_PROCESSING
GOBP_RRNA_PSEUDOURIDINE_SYNTHESIS	9	4	2	2	GOBP_RRNA_PSEUDOURIDINE_SYNTHESIS
GOBP_RRNA_TRANSCRIPTION	42	15	8	7	GOBP_RRNA_TRANSCRIPTION
GOBP_RUFFLE_ASSEMBLY	44	24	12	12	GOBP_RUFFLE_ASSEMBLY
GOBP_RUFFLE_ORGANIZATION	57	31	16	15	GOBP_RUFFLE_ORGANIZATION
GOBP_R_LOOP_PROCESSING	9	3	2	1	GOBP_R_LOOP_PROCESSING
GOBP_SALIVARY_GLAND_DEVELOPMENT	37	32	16	16	GOBP_SALIVARY_GLAND_DEVELOPMENT
GOBP_SALIVA_SECRETION	15	12	6	6	GOBP_SALIVA_SECRETION
GOBP_SARCOMERE_ORGANIZATION	50	22	11	11	GOBP_SARCOMERE_ORGANIZATION
GOBP_SARCOPLASMIC_RETICULUM_CALCIUM_ION_TRANSPORT	49	23	12	11	GOBP_SARCOPLASMIC_RETICULUM_CALCIUM_ION_TRANSPORT
GOBP_SATELLITE_CELL_ACTIVATION_INVOLVED_IN_SKELETAL_MUSCLE_REGENERATION	6	3	2	1	GOBP_SATELLITE_CELL_ACTIVATION_INVOLVED_IN_SKELETAL_MUSCLE_REGENERATION
GOBP_SA_NODE_CELL_TO_ATRIAL_CARDIAC_MUSCLE_CELL_COMMUNICATION	13	10	5	5	GOBP_SA_NODE_CELL_TO_ATRIAL_CARDIAC_MUSCLE_CELL_COMMUNICATION
GOBP_SCARNA_LOCALIZATION_TO_CAJAL_BODY	5	4	2	2	GOBP_SCARNA_LOCALIZATION_TO_CAJAL_BODY
GOBP_SCF_DEPENDENT_PROTEASOMAL_UBIQUITIN_DEPENDENT_PROTEIN_CATABOLIC_PROCESS	45	17	9	8	GOBP_SCF_DEPENDENT_PROTEASOMAL_UBIQUITIN_DEPENDENT_PROTEIN_CATABOLIC_PROCESS
GOBP_SCHWANN_CELL_DIFFERENTIATION	50	23	12	11	GOBP_SCHWANN_CELL_DIFFERENTIATION
GOBP_SCHWANN_CELL_PROLIFERATION	11	3	2	1	GOBP_NEGATIVE_REGULATION_OF_SCHWANN_CELL_PROLIFERATION
GOBP_SEBACEOUS_GLAND_DEVELOPMENT	11	5	3	2	GOBP_SEBACEOUS_GLAND_DEVELOPMENT
GOBP_SECONDARY_ALCOHOL_METABOLIC_PROCESS	167	94	47	47	GOBP_SECONDARY_ALCOHOL_METABOLIC_PROCESS
GOBP_SECONDARY_HEART_FIELD_SPECIFICATION	11	6	3	3	GOBP_SECONDARY_HEART_FIELD_SPECIFICATION
GOBP_SECONDARY_METABOLIC_PROCESS	60	31	16	15	GOBP_SECONDARY_METABOLIC_PROCESS
GOBP_SECONDARY_METABOLITE_BIOSYNTHETIC_PROCESS	26	16	8	8	GOBP_SECONDARY_METABOLITE_BIOSYNTHETIC_PROCESS
GOBP_SECONDARY_PALATE_DEVELOPMENT	27	20	10	10	GOBP_SECONDARY_PALATE_DEVELOPMENT
GOBP_SECRETION	1016	566	283	283	GOBP_SECRETION
GOBP_SECRETION_BY_TISSUE	47	24	12	12	GOBP_SECRETION_BY_TISSUE
GOBP_SECRETORY_GRANULE_LOCALIZATION	25	11	6	5	GOBP_SECRETORY_GRANULE_LOCALIZATION
GOBP_SECRETORY_GRANULE_ORGANIZATION	76	31	16	15	GOBP_SECRETORY_GRANULE_ORGANIZATION
GOBP_SEGMENTATION	104	64	32	32	GOBP_SEGMENTATION
GOBP_SEGMENT_SPECIFICATION	17	13	7	6	GOBP_SEGMENT_SPECIFICATION
GOBP_SELF_PROTEOLYSIS	11	4	2	2	GOBP_SELF_PROTEOLYSIS
GOBP_SEMAPHORIN_PLEXIN_SIGNALING_PATHWAY	49	36	18	18	GOBP_SEMAPHORIN_PLEXIN_SIGNALING_PATHWAY
GOBP_SEMICIRCULAR_CANAL_DEVELOPMENT	11	7	4	3	GOBP_SEMICIRCULAR_CANAL_DEVELOPMENT
GOBP_SEMICIRCULAR_CANAL_MORPHOGENESIS	9	6	3	3	GOBP_SEMICIRCULAR_CANAL_MORPHOGENESIS
GOBP_SEMINIFEROUS_TUBULE_DEVELOPMENT	21	12	6	6	GOBP_SEMINIFEROUS_TUBULE_DEVELOPMENT
GOBP_SEMI_LUNAR_VALVE_DEVELOPMENT	49	34	17	17	GOBP_SEMI_LUNAR_VALVE_DEVELOPMENT
GOBP_SENSORY_ORGAN_DEVELOPMENT	638	366	183	183	GOBP_SENSORY_ORGAN_DEVELOPMENT
GOBP_SENSORY_ORGAN_MORPHOGENESIS	297	179	90	89	GOBP_SENSORY_ORGAN_MORPHOGENESIS
GOBP_SENSORY_PERCEPTION	1014	581	291	290	GOBP_SENSORY_PERCEPTION
GOBP_SENSORY_PERCEPTION_OF_BITTER_TASTE	46	22	11	11	GOBP_SENSORY_PERCEPTION_OF_BITTER_TASTE
GOBP_SENSORY_PERCEPTION_OF_CHEMICAL_STIMULUS	542	312	156	156	GOBP_SENSORY_PERCEPTION_OF_CHEMICAL_STIMULUS
GOBP_SENSORY_PERCEPTION_OF_LIGHT_STIMULUS	227	133	67	66	GOBP_SENSORY_PERCEPTION_OF_LIGHT_STIMULUS
GOBP_SENSORY_PERCEPTION_OF_MECHANICAL_STIMULUS	197	107	54	53	GOBP_SENSORY_PERCEPTION_OF_MECHANICAL_STIMULUS
GOBP_SENSORY_PERCEPTION_OF_PAIN	84	52	26	26	GOBP_SENSORY_PERCEPTION_OF_PAIN
GOBP_SENSORY_PERCEPTION_OF_SMELL	465	267	134	133	GOBP_SENSORY_PERCEPTION_OF_SMELL
GOBP_SENSORY_PERCEPTION_OF_SOUR_TASTE	9	8	4	4	GOBP_SENSORY_PERCEPTION_OF_SOUR_TASTE
GOBP_SENSORY_PERCEPTION_OF_SWEET_TASTE	7	5	3	2	GOBP_SENSORY_PERCEPTION_OF_SWEET_TASTE
GOBP_SENSORY_PERCEPTION_OF_TASTE	69	41	21	20	GOBP_SENSORY_PERCEPTION_OF_TASTE
GOBP_SENSORY_PERCEPTION_OF_TEMPERATURE_STIMULUS	30	18	9	9	GOBP_SENSORY_PERCEPTION_OF_TEMPERATURE_STIMULUS
GOBP_SENSORY_PERCEPTION_OF_UMAMI_TASTE	7	6	3	3	GOBP_SENSORY_PERCEPTION_OF_UMAMI_TASTE
GOBP_SENSORY_SYSTEM_DEVELOPMENT	439	248	124	124	GOBP_SENSORY_SYSTEM_DEVELOPMENT
GOBP_SEPTIN_CYTOSKELETON_ORGANIZATION	6	5	3	2	GOBP_SEPTIN_CYTOSKELETON_ORGANIZATION
GOBP_SEPTUM_PRIMUM_DEVELOPMENT	6	6	3	3	GOBP_SEPTUM_PRIMUM_DEVELOPMENT
GOBP_SEQUESTERING_OF_BMP_IN_EXTRACELLULAR_MATRIX	5	4	2	2	GOBP_SEQUESTERING_OF_BMP_IN_EXTRACELLULAR_MATRIX
GOBP_SEQUESTERING_OF_CALCIUM_ION	138	80	40	40	GOBP_SEQUESTERING_OF_CALCIUM_ION
GOBP_SEQUESTERING_OF_EXTRACELLULAR_LIGAND_FROM_RECEPTOR	11	10	5	5	GOBP_EXTRACELLULAR_REGULATION_OF_SIGNAL_TRANSDUCTION
GOBP_SERINE_FAMILY_AMINO_ACID_BIOSYNTHETIC_PROCESS	16	6	3	3	GOBP_SERINE_FAMILY_AMINO_ACID_BIOSYNTHETIC_PROCESS
GOBP_SERINE_FAMILY_AMINO_ACID_CATABOLIC_PROCESS	13	4	2	2	GOBP_SERINE_FAMILY_AMINO_ACID_CATABOLIC_PROCESS
GOBP_SERINE_FAMILY_AMINO_ACID_METABOLIC_PROCESS	32	14	7	7	GOBP_SERINE_FAMILY_AMINO_ACID_METABOLIC_PROCESS
GOBP_SERINE_TRANSPORT	10	7	4	3	GOBP_SERINE_TRANSPORT
GOBP_SEROTONERGIC_NEURON_AXON_GUIDANCE	5	3	2	1	GOBP_SEROTONERGIC_NEURON_AXON_GUIDANCE
GOBP_SEROTONIN_GATED_CATION_SELECTIVE_SIGNALING_PATHWAY	5	3	2	1	GOBP_SEROTONIN_GATED_CATION_SELECTIVE_SIGNALING_PATHWAY
GOBP_SEROTONIN_METABOLIC_PROCESS	13	8	4	4	GOBP_SEROTONIN_METABOLIC_PROCESS
GOBP_SEROTONIN_RECEPTOR_SIGNALING_PATHWAY	16	6	3	3	GOBP_SEROTONIN_RECEPTOR_SIGNALING_PATHWAY
GOBP_SEROTONIN_SECRETION	9	7	4	3	GOBP_SEROTONIN_SECRETION
GOBP_SEROTONIN_TRANSPORT	21	16	8	8	GOBP_SEROTONIN_TRANSPORT
GOBP_SEROTONIN_UPTAKE	13	10	5	5	GOBP_SEROTONIN_UPTAKE
GOBP_SERTOLI_CELL_DEVELOPMENT	18	10	5	5	GOBP_SERTOLI_CELL_DEVELOPMENT
GOBP_SERTOLI_CELL_DIFFERENTIATION	25	15	8	7	GOBP_SERTOLI_CELL_DIFFERENTIATION
GOBP_SERTOLI_CELL_PROLIFERATION	6	3	2	1	GOBP_SERTOLI_CELL_PROLIFERATION
GOBP_SEXUAL_REPRODUCTION	1159	504	252	252	GOBP_SEXUAL_REPRODUCTION
GOBP_SEX_CHROMOSOME_DOSAGE_COMPENSATION	23	6	3	3	GOBP_SEX_CHROMOSOME_DOSAGE_COMPENSATION
GOBP_SEX_DETERMINATION	22	16	8	8	GOBP_SEX_DETERMINATION
GOBP_SEX_DIFFERENTIATION	296	159	80	79	GOBP_SEX_DIFFERENTIATION
GOBP_SHORT_CHAIN_FATTY_ACID_CATABOLIC_PROCESS	7	5	3	2	GOBP_SHORT_CHAIN_FATTY_ACID_CATABOLIC_PROCESS
GOBP_SHORT_CHAIN_FATTY_ACID_METABOLIC_PROCESS	17	10	5	5	GOBP_SHORT_CHAIN_FATTY_ACID_METABOLIC_PROCESS
GOBP_SHORT_TERM_MEMORY	13	10	5	5	GOBP_SHORT_TERM_MEMORY
GOBP_SIALYLATION	10	7	4	3	GOBP_SIALYLATION
GOBP_SIGNALING_RECEPTOR_LIGAND_PRECURSOR_PROCESSING	45	25	13	12	GOBP_SIGNALING_RECEPTOR_LIGAND_PRECURSOR_PROCESSING
GOBP_SIGNAL_COMPLEX_ASSEMBLY	8	3	2	1	GOBP_SIGNAL_COMPLEX_ASSEMBLY
GOBP_SIGNAL_PEPTIDE_PROCESSING	14	3	2	1	GOBP_SIGNAL_PEPTIDE_PROCESSING
GOBP_SIGNAL_RELEASE	514	309	155	154	GOBP_SIGNAL_RELEASE
GOBP_SIGNAL_TRANSDUCTION_BY_P53_CLASS_MEDIATOR	194	89	45	44	GOBP_SIGNAL_TRANSDUCTION_BY_P53_CLASS_MEDIATOR
GOBP_SIGNAL_TRANSDUCTION_INVOLVED_IN_REGULATION_OF_GENE_EXPRESSION	29	17	9	8	GOBP_SIGNAL_TRANSDUCTION_INVOLVED_IN_REGULATION_OF_GENE_EXPRESSION
GOBP_SIGNAL_TRANSDUCTION_IN_ABSENCE_OF_LIGAND	73	38	19	19	GOBP_SIGNAL_TRANSDUCTION_IN_ABSENCE_OF_LIGAND
GOBP_SIGNAL_TRANSDUCTION_IN_RESPONSE_TO_DNA_DAMAGE	195	84	42	42	GOBP_SIGNAL_TRANSDUCTION_IN_RESPONSE_TO_DNA_DAMAGE
GOBP_SINGLE_FERTILIZATION	195	97	49	48	GOBP_SINGLE_FERTILIZATION
GOBP_SINGLE_STRANDED_VIRAL_RNA_REPLICATION_VIA_DOUBLE_STRANDED_DNA_INTERMEDIATE	15	7	4	3	GOBP_SINGLE_STRANDED_VIRAL_RNA_REPLICATION_VIA_DOUBLE_STRANDED_DNA_INTERMEDIATE
GOBP_SINGLE_STRAND_BREAK_REPAIR	15	7	4	3	GOBP_SINGLE_STRAND_BREAK_REPAIR
GOBP_SINOATRIAL_NODE_CELL_DEVELOPMENT	5	3	2	1	GOBP_SINOATRIAL_NODE_CELL_DEVELOPMENT
GOBP_SINOATRIAL_NODE_CELL_DIFFERENTIATION	6	4	2	2	GOBP_SINOATRIAL_NODE_CELL_DIFFERENTIATION
GOBP_SINOATRIAL_NODE_DEVELOPMENT	12	8	4	4	GOBP_SINOATRIAL_NODE_DEVELOPMENT
GOBP_SIRNA_PROCESSING	8	4	2	2	GOBP_SIRNA_PROCESSING
GOBP_SISTER_CHROMATID_COHESION	63	31	16	15	GOBP_SISTER_CHROMATID_COHESION
GOBP_SISTER_CHROMATID_SEGREGATION	238	118	59	59	GOBP_SISTER_CHROMATID_SEGREGATION
GOBP_SKELETAL_MUSCLE_ACETYLCHOLINE_GATED_CHANNEL_CLUSTERING	16	6	3	3	GOBP_SKELETAL_MUSCLE_ACETYLCHOLINE_GATED_CHANNEL_CLUSTERING
GOBP_SKELETAL_MUSCLE_ADAPTATION	23	12	6	6	GOBP_SKELETAL_MUSCLE_ADAPTATION
GOBP_SKELETAL_MUSCLE_ATROPHY	5	3	2	1	GOBP_SKELETAL_MUSCLE_ATROPHY
GOBP_SKELETAL_MUSCLE_CELL_DIFFERENTIATION	83	45	23	22	GOBP_SKELETAL_MUSCLE_CELL_DIFFERENTIATION
GOBP_SKELETAL_MUSCLE_CELL_PROLIFERATION	25	18	9	9	GOBP_SKELETAL_MUSCLE_CELL_PROLIFERATION
GOBP_SKELETAL_MUSCLE_CONTRACTION	51	32	16	16	GOBP_SKELETAL_MUSCLE_CONTRACTION
GOBP_SKELETAL_MUSCLE_FIBER_DIFFERENTIATION	13	8	4	4	GOBP_SKELETAL_MUSCLE_FIBER_DIFFERENTIATION
GOBP_SKELETAL_MUSCLE_ORGAN_DEVELOPMENT	196	103	52	51	GOBP_SKELETAL_MUSCLE_ORGAN_DEVELOPMENT
GOBP_SKELETAL_MUSCLE_SATELLITE_CELL_ACTIVATION	9	5	3	2	GOBP_SKELETAL_MUSCLE_SATELLITE_CELL_ACTIVATION
GOBP_SKELETAL_MUSCLE_SATELLITE_CELL_DIFFERENTIATION	13	8	4	4	GOBP_SKELETAL_MUSCLE_SATELLITE_CELL_DIFFERENTIATION
GOBP_SKELETAL_MUSCLE_SATELLITE_CELL_MAINTENANCE_INVOLVED_IN_SKELETAL_MUSCLE_REGENERATION	5	4	2	2	GOBP_SKELETAL_MUSCLE_SATELLITE_CELL_MAINTENANCE_INVOLVED_IN_SKELETAL_MUSCLE_REGENERATION
GOBP_SKELETAL_MUSCLE_SATELLITE_CELL_PROLIFERATION	18	12	6	6	GOBP_SKELETAL_MUSCLE_SATELLITE_CELL_PROLIFERATION
GOBP_SKELETAL_MUSCLE_TISSUE_GROWTH	11	7	4	3	GOBP_SKELETAL_MUSCLE_TISSUE_GROWTH
GOBP_SKELETAL_MUSCLE_TISSUE_REGENERATION	45	27	14	13	GOBP_SKELETAL_MUSCLE_TISSUE_REGENERATION
GOBP_SKELETAL_MYOFIBRIL_ASSEMBLY	9	3	2	1	GOBP_SKELETAL_MYOFIBRIL_ASSEMBLY
GOBP_SKELETAL_SYSTEM_DEVELOPMENT	545	317	159	158	GOBP_SKELETAL_SYSTEM_DEVELOPMENT
GOBP_SKELETAL_SYSTEM_MORPHOGENESIS	231	125	63	62	GOBP_SKELETAL_SYSTEM_MORPHOGENESIS
GOBP_SKIN_DEVELOPMENT	328	198	99	99	GOBP_SKIN_DEVELOPMENT
GOBP_SKIN_EPIDERMIS_DEVELOPMENT	137	84	42	42	GOBP_SKIN_EPIDERMIS_DEVELOPMENT
GOBP_SKIN_MORPHOGENESIS	13	8	4	4	GOBP_SKIN_MORPHOGENESIS
GOBP_SLEEP	27	15	8	7	GOBP_SLEEP
GOBP_SMAD_PROTEIN_SIGNAL_TRANSDUCTION	102	55	28	27	GOBP_SMAD_PROTEIN_SIGNAL_TRANSDUCTION
GOBP_SMALL_GTPASE_MEDIATED_SIGNAL_TRANSDUCTION	502	203	102	101	GOBP_SMALL_GTPASE_MEDIATED_SIGNAL_TRANSDUCTION
GOBP_SMALL_MOLECULE_BIOSYNTHETIC_PROCESS	618	337	169	168	GOBP_SMALL_MOLECULE_BIOSYNTHETIC_PROCESS
GOBP_SMALL_MOLECULE_CATABOLIC_PROCESS	377	197	99	98	GOBP_SMALL_MOLECULE_CATABOLIC_PROCESS
GOBP_SMALL_MOLECULE_METABOLIC_PROCESS	1795	904	452	452	GOBP_SMALL_MOLECULE_METABOLIC_PROCESS
GOBP_SMALL_NUCLEOLAR_RIBONUCLEOPROTEIN_COMPLEX_ASSEMBLY	12	3	2	1	GOBP_BOX_C_D_SNORNP_ASSEMBLY
GOBP_SMOOTHENED_SIGNALING_PATHWAY	157	65	33	32	GOBP_SMOOTHENED_SIGNALING_PATHWAY
GOBP_SMOOTH_MUSCLE_ADAPTATION	8	6	3	3	GOBP_SMOOTH_MUSCLE_ADAPTATION
GOBP_SMOOTH_MUSCLE_CELL_APOPTOTIC_PROCESS	40	13	7	6	GOBP_SMOOTH_MUSCLE_CELL_APOPTOTIC_PROCESS
GOBP_SMOOTH_MUSCLE_CELL_CHEMOTAXIS	10	6	3	3	GOBP_SMOOTH_MUSCLE_CELL_CHEMOTAXIS
GOBP_SMOOTH_MUSCLE_CELL_DIFFERENTIATION	80	43	22	21	GOBP_SMOOTH_MUSCLE_CELL_DIFFERENTIATION
GOBP_SMOOTH_MUSCLE_CELL_MATRIX_ADHESION	6	5	3	2	GOBP_SMOOTH_MUSCLE_CELL_MATRIX_ADHESION
GOBP_SMOOTH_MUSCLE_CELL_MIGRATION	96	47	24	23	GOBP_SMOOTH_MUSCLE_CELL_MIGRATION
GOBP_SMOOTH_MUSCLE_CELL_PROLIFERATION	176	98	49	49	GOBP_SMOOTH_MUSCLE_CELL_PROLIFERATION
GOBP_SMOOTH_MUSCLE_CONTRACTION	110	69	35	34	GOBP_SMOOTH_MUSCLE_CONTRACTION
GOBP_SMOOTH_MUSCLE_TISSUE_DEVELOPMENT	28	17	9	8	GOBP_SMOOTH_MUSCLE_TISSUE_DEVELOPMENT
GOBP_SNARE_COMPLEX_ASSEMBLY	24	6	3	3	GOBP_SNARE_COMPLEX_ASSEMBLY
GOBP_SNO_S_RNA_METABOLIC_PROCESS	17	6	3	3	GOBP_SNO_S_RNA_METABOLIC_PROCESS
GOBP_SNO_S_RNA_PROCESSING	14	6	3	3	GOBP_SNO_S_RNA_METABOLIC_PROCESS
GOBP_SNRNA_3_END_PROCESSING	24	8	4	4	GOBP_SNRNA_3_END_PROCESSING
GOBP_SNRNA_METABOLIC_PROCESS	59	17	9	8	GOBP_SNRNA_METABOLIC_PROCESS
GOBP_SNRNA_MODIFICATION	7	3	2	1	GOBP_SNRNA_MODIFICATION
GOBP_SNRNA_PROCESSING	36	12	6	6	GOBP_SNRNA_PROCESSING
GOBP_SNRNA_TRANSCRIPTION	20	4	2	2	GOBP_SNRNA_TRANSCRIPTION
GOBP_SNRNA_TRANSCRIPTION_BY_RNA_POLYMERASE_II	16	4	2	2	GOBP_SNRNA_TRANSCRIPTION
GOBP_SODIUM_DEPENDENT_PHOSPHATE_TRANSPORT	12	5	3	2	GOBP_SODIUM_DEPENDENT_PHOSPHATE_TRANSPORT
GOBP_SODIUM_INDEPENDENT_ORGANIC_ANION_TRANSPORT	16	10	5	5	GOBP_SODIUM_INDEPENDENT_ORGANIC_ANION_TRANSPORT
GOBP_SODIUM_ION_EXPORT_ACROSS_PLASMA_MEMBRANE	22	13	7	6	GOBP_SODIUM_ION_EXPORT_ACROSS_PLASMA_MEMBRANE
GOBP_SODIUM_ION_HOMEOSTASIS	47	32	16	16	GOBP_SODIUM_ION_HOMEOSTASIS
GOBP_SODIUM_ION_IMPORT_ACROSS_PLASMA_MEMBRANE	32	16	8	8	GOBP_SODIUM_ION_IMPORT_ACROSS_PLASMA_MEMBRANE
GOBP_SODIUM_ION_TRANSMEMBRANE_TRANSPORT	186	107	54	53	GOBP_SODIUM_ION_TRANSMEMBRANE_TRANSPORT
GOBP_SODIUM_ION_TRANSPORT	252	147	74	73	GOBP_SODIUM_ION_TRANSPORT
GOBP_SOFT_PALATE_DEVELOPMENT	5	4	2	2	GOBP_SOFT_PALATE_DEVELOPMENT
GOBP_SOMATIC_DIVERSIFICATION_OF_IMMUNE_RECEPTORS	81	37	19	18	GOBP_SOMATIC_DIVERSIFICATION_OF_IMMUNE_RECEPTORS
GOBP_SOMATIC_DIVERSIFICATION_OF_IMMUNE_RECEPTORS_VIA_SOMATIC_MUTATION	15	8	4	4	GOBP_SOMATIC_DIVERSIFICATION_OF_IMMUNE_RECEPTORS_VIA_SOMATIC_MUTATION
GOBP_SOMATIC_DIVERSIFICATION_OF_IMMUNOGLOBULINS	69	32	16	16	GOBP_SOMATIC_DIVERSIFICATION_OF_IMMUNOGLOBULINS
GOBP_SOMATIC_STEM_CELL_DIVISION	14	9	5	4	GOBP_SOMATIC_STEM_CELL_DIVISION
GOBP_SOMATIC_STEM_CELL_POPULATION_MAINTENANCE	78	42	21	21	GOBP_SOMATIC_STEM_CELL_POPULATION_MAINTENANCE
GOBP_SOMATOSTATIN_RECEPTOR_SIGNALING_PATHWAY	6	4	2	2	GOBP_SOMATOSTATIN_RECEPTOR_SIGNALING_PATHWAY
GOBP_SOMATOTROPIN_SECRETING_CELL_DIFFERENTIATION	5	5	3	2	GOBP_SOMATOTROPIN_SECRETING_CELL_DIFFERENTIATION
GOBP_SOMITE_DEVELOPMENT	85	54	27	27	GOBP_SOMITE_DEVELOPMENT
GOBP_SOMITE_ROSTRAL_CAUDAL_AXIS_SPECIFICATION	11	7	4	3	GOBP_SOMITE_ROSTRAL_CAUDAL_AXIS_SPECIFICATION
GOBP_SOMITE_SPECIFICATION	5	4	2	2	GOBP_SOMITE_SPECIFICATION
GOBP_SOMITOGENESIS	67	42	21	21	GOBP_SOMITOGENESIS
GOBP_SPECIFICATION_OF_ANIMAL_ORGAN_IDENTITY	38	25	13	12	GOBP_SPECIFICATION_OF_ANIMAL_ORGAN_IDENTITY
GOBP_SPECIFICATION_OF_SYMMETRY	147	60	30	30	GOBP_SPECIFICATION_OF_SYMMETRY
GOBP_SPERMATID_DIFFERENTIATION	256	102	51	51	GOBP_SPERMATID_DIFFERENTIATION
GOBP_SPERMATID_NUCLEUS_DIFFERENTIATION	30	14	7	7	GOBP_SPERMATID_NUCLEUS_DIFFERENTIATION
GOBP_SPERMIDINE_METABOLIC_PROCESS	9	4	2	2	GOBP_SPERMIDINE_METABOLIC_PROCESS
GOBP_SPERMINE_METABOLIC_PROCESS	5	3	2	1	GOBP_SPERMINE_METABOLIC_PROCESS
GOBP_SPERM_AXONEME_ASSEMBLY	34	10	5	5	GOBP_SPERM_AXONEME_ASSEMBLY
GOBP_SPERM_CAPACITATION	34	14	7	7	GOBP_SPERM_CAPACITATION
GOBP_SPERM_DNA_CONDENSATION	19	9	5	4	GOBP_SPERM_DNA_CONDENSATION
GOBP_SPERM_EGG_RECOGNITION	54	27	14	13	GOBP_SPERM_EGG_RECOGNITION
GOBP_SPERM_FLAGELLUM_ASSEMBLY	58	16	8	8	GOBP_SPERM_FLAGELLUM_ASSEMBLY
GOBP_SPHINGOID_BIOSYNTHETIC_PROCESS	15	6	3	3	GOBP_SPHINGOID_BIOSYNTHETIC_PROCESS
GOBP_SPHINGOID_METABOLIC_PROCESS	23	11	6	5	GOBP_SPHINGOID_METABOLIC_PROCESS
GOBP_SPHINGOLIPID_BIOSYNTHETIC_PROCESS	114	61	31	30	GOBP_SPHINGOLIPID_BIOSYNTHETIC_PROCESS
GOBP_SPHINGOLIPID_MEDIATED_SIGNALING_PATHWAY	20	13	7	6	GOBP_SPHINGOLIPID_MEDIATED_SIGNALING_PATHWAY
GOBP_SPHINGOLIPID_METABOLIC_PROCESS	174	96	48	48	GOBP_SPHINGOLIPID_METABOLIC_PROCESS
GOBP_SPHINGOMYELIN_BIOSYNTHETIC_PROCESS	11	5	3	2	GOBP_SPHINGOMYELIN_BIOSYNTHETIC_PROCESS
GOBP_SPHINGOMYELIN_CATABOLIC_PROCESS	8	4	2	2	GOBP_SPHINGOMYELIN_CATABOLIC_PROCESS
GOBP_SPHINGOMYELIN_METABOLIC_PROCESS	20	9	5	4	GOBP_SPHINGOMYELIN_METABOLIC_PROCESS
GOBP_SPHINGOSINE_1_PHOSPHATE_RECEPTOR_SIGNALING_PATHWAY	16	10	5	5	GOBP_SPHINGOSINE_1_PHOSPHATE_RECEPTOR_SIGNALING_PATHWAY
GOBP_SPINAL_CORD_ASSOCIATION_NEURON_DIFFERENTIATION	13	11	6	5	GOBP_SPINAL_CORD_ASSOCIATION_NEURON_DIFFERENTIATION
GOBP_SPINAL_CORD_DEVELOPMENT	104	60	30	30	GOBP_SPINAL_CORD_DEVELOPMENT
GOBP_SPINAL_CORD_MOTOR_NEURON_CELL_FATE_SPECIFICATION	10	7	4	3	GOBP_SPINAL_CORD_MOTOR_NEURON_CELL_FATE_SPECIFICATION
GOBP_SPINAL_CORD_MOTOR_NEURON_DIFFERENTIATION	31	16	8	8	GOBP_SPINAL_CORD_MOTOR_NEURON_DIFFERENTIATION
GOBP_SPINAL_CORD_OLIGODENDROCYTE_CELL_DIFFERENTIATION	5	4	2	2	GOBP_SPINAL_CORD_OLIGODENDROCYTE_CELL_DIFFERENTIATION
GOBP_SPINAL_CORD_PATTERNING	18	13	7	6	GOBP_SPINAL_CORD_PATTERNING
GOBP_SPINDLE_ASSEMBLY	139	63	32	31	GOBP_SPINDLE_ASSEMBLY
GOBP_SPINDLE_ASSEMBLY_INVOLVED_IN_FEMALE_MEIOSIS	12	8	4	4	GOBP_SPINDLE_ASSEMBLY_INVOLVED_IN_FEMALE_MEIOSIS
GOBP_SPINDLE_ELONGATION	14	8	4	4	GOBP_SPINDLE_ELONGATION
GOBP_SPINDLE_LOCALIZATION	66	30	15	15	GOBP_SPINDLE_LOCALIZATION
GOBP_SPINDLE_MIDZONE_ASSEMBLY	14	8	4	4	GOBP_SPINDLE_MIDZONE_ASSEMBLY
GOBP_SPINDLE_ORGANIZATION	210	98	49	49	GOBP_SPINDLE_ORGANIZATION
GOBP_SPLEEN_DEVELOPMENT	42	18	9	9	GOBP_SPLEEN_DEVELOPMENT
GOBP_SPLICEOSOMAL_COMPLEX_ASSEMBLY	94	19	10	9	GOBP_SPLICEOSOMAL_COMPLEX_ASSEMBLY
GOBP_SPLICEOSOMAL_SNRNP_ASSEMBLY	52	13	7	6	GOBP_SPLICEOSOMAL_SNRNP_ASSEMBLY
GOBP_SPLICEOSOMAL_TRI_SNRNP_COMPLEX_ASSEMBLY	27	4	2	2	GOBP_SPLICEOSOMAL_TRI_SNRNP_COMPLEX_ASSEMBLY
GOBP_SPONTANEOUS_NEUROTRANSMITTER_SECRETION	7	5	3	2	GOBP_SPONTANEOUS_NEUROTRANSMITTER_SECRETION
GOBP_SPONTANEOUS_SYNAPTIC_TRANSMISSION	13	8	4	4	GOBP_SPONTANEOUS_SYNAPTIC_TRANSMISSION
GOBP_SPROUTING_ANGIOGENESIS	206	91	46	45	GOBP_SPROUTING_ANGIOGENESIS
GOBP_SPROUTING_OF_INJURED_AXON	5	4	2	2	GOBP_SPROUTING_OF_INJURED_AXON
GOBP_SRP_DEPENDENT_COTRANSLATIONAL_PROTEIN_TARGETING_TO_MEMBRANE	25	5	3	2	GOBP_SRP_DEPENDENT_COTRANSLATIONAL_PROTEIN_TARGETING_TO_MEMBRANE
GOBP_STARTLE_RESPONSE	28	16	8	8	GOBP_STARTLE_RESPONSE
GOBP_STEM_CELL_DEVELOPMENT	89	59	30	29	GOBP_STEM_CELL_DEVELOPMENT
GOBP_STEM_CELL_DIFFERENTIATION	265	150	75	75	GOBP_STEM_CELL_DIFFERENTIATION
GOBP_STEM_CELL_DIVISION	37	23	12	11	GOBP_STEM_CELL_DIVISION
GOBP_STEM_CELL_FATE_COMMITMENT	10	10	5	5	GOBP_STEM_CELL_FATE_COMMITMENT
GOBP_STEM_CELL_FATE_SPECIFICATION	6	6	3	3	GOBP_STEM_CELL_FATE_SPECIFICATION
GOBP_STEM_CELL_PROLIFERATION	131	73	37	36	GOBP_STEM_CELL_PROLIFERATION
GOBP_STEROID_BIOSYNTHETIC_PROCESS	175	108	54	54	GOBP_STEROID_BIOSYNTHETIC_PROCESS
GOBP_STEROID_CATABOLIC_PROCESS	25	16	8	8	GOBP_STEROID_CATABOLIC_PROCESS
GOBP_STEROID_HORMONE_BIOSYNTHETIC_PROCESS	47	31	16	15	GOBP_STEROID_HORMONE_BIOSYNTHETIC_PROCESS
GOBP_STEROID_HORMONE_RECEPTOR_SIGNALING_PATHWAY	147	60	30	30	GOBP_STEROID_HORMONE_RECEPTOR_SIGNALING_PATHWAY
GOBP_STEROID_HORMONE_SECRETION	30	22	11	11	GOBP_STEROID_HORMONE_SECRETION
GOBP_STEROID_METABOLIC_PROCESS	340	193	97	96	GOBP_STEROID_METABOLIC_PROCESS
GOBP_STEROL_BIOSYNTHETIC_PROCESS	75	46	23	23	GOBP_STEROL_BIOSYNTHETIC_PROCESS
GOBP_STEROL_HOMEOSTASIS	113	59	30	29	GOBP_STEROL_HOMEOSTASIS
GOBP_STEROL_TRANSPORT	136	59	30	29	GOBP_STEROL_TRANSPORT
GOBP_STOMACH_DEVELOPMENT	6	4	2	2	GOBP_STOMACH_DEVELOPMENT
GOBP_STORE_OPERATED_CALCIUM_ENTRY	24	11	6	5	GOBP_STORE_OPERATED_CALCIUM_ENTRY
GOBP_STRESS_ACTIVATED_PROTEIN_KINASE_SIGNALING_CASCADE	57	22	11	11	GOBP_STRESS_ACTIVATED_PROTEIN_KINASE_SIGNALING_CASCADE
GOBP_STRESS_FIBER_ASSEMBLY	117	53	27	26	GOBP_STRESS_FIBER_ASSEMBLY
GOBP_STRESS_GRANULE_ASSEMBLY	35	13	7	6	GOBP_STRESS_GRANULE_ASSEMBLY
GOBP_STRESS_GRANULE_DISASSEMBLY	7	3	2	1	GOBP_PROTEIN_RNA_COMPLEX_DISASSEMBLY
GOBP_STRESS_INDUCED_PREMATURE_SENESCENCE	8	4	2	2	GOBP_STRESS_INDUCED_PREMATURE_SENESCENCE
GOBP_STRIATED_MUSCLE_ADAPTATION	56	21	11	10	GOBP_STRIATED_MUSCLE_ADAPTATION
GOBP_STRIATED_MUSCLE_ATROPHY	7	5	3	2	GOBP_STRIATED_MUSCLE_ATROPHY
GOBP_STRIATED_MUSCLE_CELL_APOPTOTIC_PROCESS	61	21	11	10	GOBP_STRIATED_MUSCLE_CELL_APOPTOTIC_PROCESS
GOBP_STRIATED_MUSCLE_CELL_DIFFERENTIATION	321	166	83	83	GOBP_STRIATED_MUSCLE_CELL_DIFFERENTIATION
GOBP_STRIATED_MUSCLE_CELL_PROLIFERATION	88	48	24	24	GOBP_STRIATED_MUSCLE_CELL_PROLIFERATION
GOBP_STRIATED_MUSCLE_CONTRACTION	202	124	62	62	GOBP_STRIATED_MUSCLE_CONTRACTION
GOBP_STRIATUM_DEVELOPMENT	21	9	5	4	GOBP_STRIATUM_DEVELOPMENT
GOBP_SUBPALLIUM_DEVELOPMENT	27	14	7	7	GOBP_SUBPALLIUM_DEVELOPMENT
GOBP_SUBSTANTIA_NIGRA_DEVELOPMENT	46	19	10	9	GOBP_SUBSTANTIA_NIGRA_DEVELOPMENT
GOBP_SUBSTRATE_ADHESION_DEPENDENT_CELL_SPREADING	100	53	27	26	GOBP_SUBSTRATE_ADHESION_DEPENDENT_CELL_SPREADING
GOBP_SUBSTRATE_DEPENDENT_CELL_MIGRATION	29	16	8	8	GOBP_SUBSTRATE_DEPENDENT_CELL_MIGRATION
GOBP_SUBSTRATE_DEPENDENT_CELL_MIGRATION_CELL_ATTACHMENT_TO_SUBSTRATE	5	3	2	1	GOBP_SUBSTRATE_DEPENDENT_CELL_MIGRATION_CELL_ATTACHMENT_TO_SUBSTRATE
GOBP_SUBSTRATE_DEPENDENT_CELL_MIGRATION_CELL_EXTENSION	10	3	2	1	GOBP_SUBSTRATE_DEPENDENT_CELL_MIGRATION_CELL_EXTENSION
GOBP_SUBSTRATE_INDEPENDENT_TELENCEPHALIC_TANGENTIAL_MIGRATION	12	9	5	4	GOBP_SUBSTRATE_INDEPENDENT_TELENCEPHALIC_TANGENTIAL_MIGRATION
GOBP_SUBSTRATE_LOCALIZATION_TO_AUTOPHAGOSOME	8	3	2	1	GOBP_SUBSTRATE_LOCALIZATION_TO_AUTOPHAGOSOME
GOBP_SUBTELOMERIC_HETEROCHROMATIN_FORMATION	10	4	2	2	GOBP_SUBTELOMERIC_HETEROCHROMATIN_FORMATION
GOBP_SUCCINATE_METABOLIC_PROCESS	8	4	2	2	GOBP_SUCCINATE_METABOLIC_PROCESS
GOBP_SUCCINATE_TRANSMEMBRANE_TRANSPORT	5	3	2	1	GOBP_SUCCINATE_TRANSMEMBRANE_TRANSPORT
GOBP_SUCCINYL_COA_METABOLIC_PROCESS	10	3	2	1	GOBP_SUCCINYL_COA_METABOLIC_PROCESS
GOBP_SUCKLING_BEHAVIOR	10	3	2	1	GOBP_SUCKLING_BEHAVIOR
GOBP_SUGAR_MEDIATED_SIGNALING_PATHWAY	11	3	2	1	GOBP_SUGAR_MEDIATED_SIGNALING_PATHWAY
GOBP_SULFATE_TRANSMEMBRANE_TRANSPORT	16	8	4	4	GOBP_SULFATE_TRANSMEMBRANE_TRANSPORT
GOBP_SULFATION	20	9	5	4	GOBP_SULFATION
GOBP_SULFUR_AMINO_ACID_BIOSYNTHETIC_PROCESS	13	6	3	3	GOBP_SULFUR_AMINO_ACID_BIOSYNTHETIC_PROCESS
GOBP_SULFUR_AMINO_ACID_CATABOLIC_PROCESS	11	5	3	2	GOBP_SULFUR_AMINO_ACID_CATABOLIC_PROCESS
GOBP_SULFUR_AMINO_ACID_METABOLIC_PROCESS	32	16	8	8	GOBP_SULFUR_AMINO_ACID_METABOLIC_PROCESS
GOBP_SULFUR_AMINO_ACID_TRANSPORT	13	6	3	3	GOBP_SULFUR_AMINO_ACID_TRANSPORT
GOBP_SULFUR_COMPOUND_BIOSYNTHETIC_PROCESS	162	72	36	36	GOBP_SULFUR_COMPOUND_BIOSYNTHETIC_PROCESS
GOBP_SULFUR_COMPOUND_CATABOLIC_PROCESS	48	17	9	8	GOBP_SULFUR_COMPOUND_CATABOLIC_PROCESS
GOBP_SULFUR_COMPOUND_METABOLIC_PROCESS	326	154	77	77	GOBP_SULFUR_COMPOUND_METABOLIC_PROCESS
GOBP_SULFUR_COMPOUND_TRANSPORT	66	34	17	17	GOBP_SULFUR_COMPOUND_TRANSPORT
GOBP_SUPEROXIDE_ANION_GENERATION	45	26	13	13	GOBP_SUPEROXIDE_ANION_GENERATION
GOBP_SUPEROXIDE_METABOLIC_PROCESS	77	42	21	21	GOBP_SUPEROXIDE_METABOLIC_PROCESS
GOBP_SUPRAMOLECULAR_FIBER_ORGANIZATION	878	438	219	219	GOBP_SUPRAMOLECULAR_FIBER_ORGANIZATION
GOBP_SURFACTANT_HOMEOSTASIS	20	14	7	7	GOBP_SURFACTANT_HOMEOSTASIS
GOBP_SYMBIONT_ENTRY_INTO_HOST	138	86	43	43	GOBP_SYMBIONT_ENTRY_INTO_HOST
GOBP_SYMPATHETIC_GANGLION_DEVELOPMENT	9	8	4	4	GOBP_SYMPATHETIC_GANGLION_DEVELOPMENT
GOBP_SYMPATHETIC_NERVOUS_SYSTEM_DEVELOPMENT	22	20	10	10	GOBP_SYMPATHETIC_NERVOUS_SYSTEM_DEVELOPMENT
GOBP_SYMPATHETIC_NEURON_PROJECTION_EXTENSION	6	5	3	2	GOBP_SYMPATHETIC_NEURON_PROJECTION_EXTENSION
GOBP_SYNAPSE_ASSEMBLY	276	156	78	78	GOBP_SYNAPSE_ASSEMBLY
GOBP_SYNAPSE_MATURATION	43	25	13	12	GOBP_SYNAPSE_MATURATION
GOBP_SYNAPSE_ORGANIZATION	583	307	154	153	GOBP_SYNAPSE_ORGANIZATION
GOBP_SYNAPSE_PRUNING	18	11	6	5	GOBP_SYNAPSE_PRUNING
GOBP_SYNAPTIC_ASSEMBLY_AT_NEUROMUSCULAR_JUNCTION	13	5	3	2	GOBP_SYNAPTIC_ASSEMBLY_AT_NEUROMUSCULAR_JUNCTION
GOBP_SYNAPTIC_MEMBRANE_ADHESION	32	21	11	10	GOBP_SYNAPTIC_MEMBRANE_ADHESION
GOBP_SYNAPTIC_SIGNALING	834	455	228	227	GOBP_SYNAPTIC_SIGNALING
GOBP_SYNAPTIC_SIGNALING_VIA_NEUROPEPTIDE	9	7	4	3	GOBP_SYNAPTIC_SIGNALING_VIA_NEUROPEPTIDE
GOBP_SYNAPTIC_TRANSMISSION_CHOLINERGIC	33	24	12	12	GOBP_SYNAPTIC_TRANSMISSION_CHOLINERGIC
GOBP_SYNAPTIC_TRANSMISSION_DOPAMINERGIC	29	14	7	7	GOBP_SYNAPTIC_TRANSMISSION_DOPAMINERGIC
GOBP_SYNAPTIC_TRANSMISSION_GABAERGIC	60	38	19	19	GOBP_SYNAPTIC_TRANSMISSION_GABAERGIC
GOBP_SYNAPTIC_TRANSMISSION_GLUTAMATERGIC	108	58	29	29	GOBP_SYNAPTIC_TRANSMISSION_GLUTAMATERGIC
GOBP_SYNAPTIC_TRANSMISSION_GLYCINERGIC	5	4	2	2	GOBP_SYNAPTIC_TRANSMISSION_GLYCINERGIC
GOBP_SYNAPTIC_VESICLE_BUDDING	13	3	2	1	GOBP_SYNAPTIC_VESICLE_BUDDING
GOBP_SYNAPTIC_VESICLE_BUDDING_FROM_PRESYNAPTIC_ENDOCYTIC_ZONE_MEMBRANE	11	3	2	1	GOBP_SYNAPTIC_VESICLE_BUDDING
GOBP_SYNAPTIC_VESICLE_CLUSTERING	17	12	6	6	GOBP_SYNAPTIC_VESICLE_CLUSTERING
GOBP_SYNAPTIC_VESICLE_CYTOSKELETAL_TRANSPORT	19	6	3	3	GOBP_SYNAPTIC_VESICLE_CYTOSKELETAL_TRANSPORT
GOBP_SYNAPTIC_VESICLE_DOCKING	13	8	4	4	GOBP_SYNAPTIC_VESICLE_DOCKING
GOBP_SYNAPTIC_VESICLE_ENDOSOMAL_PROCESSING	11	3	2	1	GOBP_SYNAPTIC_VESICLE_ENDOSOMAL_PROCESSING
GOBP_SYNAPTIC_VESICLE_EXOCYTOSIS	106	58	29	29	GOBP_SYNAPTIC_VESICLE_EXOCYTOSIS
GOBP_SYNAPTIC_VESICLE_LOCALIZATION	62	28	14	14	GOBP_SYNAPTIC_VESICLE_LOCALIZATION
GOBP_SYNAPTIC_VESICLE_LUMEN_ACIDIFICATION	18	4	2	2	GOBP_SYNAPTIC_VESICLE_LUMEN_ACIDIFICATION
GOBP_SYNAPTIC_VESICLE_MATURATION	27	5	3	2	GOBP_SYNAPTIC_VESICLE_MATURATION
GOBP_SYNAPTIC_VESICLE_MEMBRANE_ORGANIZATION	36	23	12	11	GOBP_SYNAPTIC_VESICLE_MEMBRANE_ORGANIZATION
GOBP_SYNAPTIC_VESICLE_PRIMING	27	16	8	8	GOBP_SYNAPTIC_VESICLE_PRIMING
GOBP_SYNAPTIC_VESICLE_RECYCLING	87	29	15	14	GOBP_SYNAPTIC_VESICLE_RECYCLING
GOBP_SYNAPTIC_VESICLE_TRANSPORT	47	16	8	8	GOBP_SYNAPTIC_VESICLE_TRANSPORT
GOBP_SYNAPTONEMAL_COMPLEX_ORGANIZATION	28	14	7	7	GOBP_SYNAPTONEMAL_COMPLEX_ORGANIZATION
GOBP_SYNCYTIUM_FORMATION	67	40	20	20	GOBP_SYNCYTIUM_FORMATION
GOBP_S_ADENOSYLMETHIONINE_METABOLIC_PROCESS	12	6	3	3	GOBP_S_ADENOSYLMETHIONINE_METABOLIC_PROCESS
GOBP_S_SHAPED_BODY_MORPHOGENESIS	7	5	3	2	GOBP_S_SHAPED_BODY_MORPHOGENESIS
GOBP_TACHYKININ_RECEPTOR_SIGNALING_PATHWAY	8	4	2	2	GOBP_TACHYKININ_RECEPTOR_SIGNALING_PATHWAY
GOBP_TAIL_ANCHORED_MEMBRANE_PROTEIN_INSERTION_INTO_ER_MEMBRANE	17	7	4	3	GOBP_TAIL_ANCHORED_MEMBRANE_PROTEIN_INSERTION_INTO_ER_MEMBRANE
GOBP_TANGENTIAL_MIGRATION_FROM_THE_SUBVENTRICULAR_ZONE_TO_THE_OLFACTORY_BULB	9	5	3	2	GOBP_TANGENTIAL_MIGRATION_FROM_THE_SUBVENTRICULAR_ZONE_TO_THE_OLFACTORY_BULB
GOBP_TAXIS	473	304	152	152	GOBP_TAXIS
GOBP_TELENCEPHALON_DEVELOPMENT	287	146	73	73	GOBP_TELENCEPHALON_DEVELOPMENT
GOBP_TELENCEPHALON_GLIAL_CELL_MIGRATION	28	10	5	5	GOBP_TELENCEPHALON_GLIAL_CELL_MIGRATION
GOBP_TELENCEPHALON_REGIONALIZATION	13	10	5	5	GOBP_TELENCEPHALON_REGIONALIZATION
GOBP_TELOMERASE_HOLOENZYME_COMPLEX_ASSEMBLY	8	5	3	2	GOBP_TELOMERASE_HOLOENZYME_COMPLEX_ASSEMBLY
GOBP_TELOMERASE_RNA_LOCALIZATION	19	10	5	5	GOBP_TELOMERASE_RNA_LOCALIZATION
GOBP_TELOMERE_CAPPING	27	9	5	4	GOBP_TELOMERE_CAPPING
GOBP_TELOMERE_LOCALIZATION	12	6	3	3	GOBP_TELOMERE_LOCALIZATION
GOBP_TELOMERE_MAINTENANCE_IN_RESPONSE_TO_DNA_DAMAGE	33	10	5	5	GOBP_TELOMERE_MAINTENANCE_IN_RESPONSE_TO_DNA_DAMAGE
GOBP_TELOMERE_MAINTENANCE_VIA_RECOMBINATION	15	9	5	4	GOBP_TELOMERE_MAINTENANCE_VIA_RECOMBINATION
GOBP_TELOMERE_MAINTENANCE_VIA_SEMI_CONSERVATIVE_REPLICATION	9	3	2	1	GOBP_TELOMERE_MAINTENANCE_VIA_SEMI_CONSERVATIVE_REPLICATION
GOBP_TELOMERE_MAINTENANCE_VIA_TELOMERE_LENGTHENING	72	29	15	14	GOBP_TELOMERE_MAINTENANCE_VIA_TELOMERE_LENGTHENING
GOBP_TELOMERE_ORGANIZATION	191	67	34	33	GOBP_TELOMERE_ORGANIZATION
GOBP_TELOMERE_TETHERING_AT_NUCLEAR_PERIPHERY	6	3	2	1	GOBP_TELOMERE_TETHERING_AT_NUCLEAR_PERIPHERY
GOBP_TELOMERIC_LOOP_DISASSEMBLY	11	3	2	1	GOBP_TELOMERIC_LOOP_DISASSEMBLY
GOBP_TEMPERATURE_HOMEOSTASIS	184	99	50	49	GOBP_TEMPERATURE_HOMEOSTASIS
GOBP_TENDON_DEVELOPMENT	7	5	3	2	GOBP_TENDON_DEVELOPMENT
GOBP_TERMINAL_BUTTON_ORGANIZATION	6	4	2	2	GOBP_TERMINAL_BUTTON_ORGANIZATION
GOBP_TERPENOID_BIOSYNTHETIC_PROCESS	16	14	7	7	GOBP_TERPENOID_BIOSYNTHETIC_PROCESS
GOBP_TERPENOID_CATABOLIC_PROCESS	8	6	3	3	GOBP_TERPENOID_CATABOLIC_PROCESS
GOBP_TERPENOID_METABOLIC_PROCESS	102	62	31	31	GOBP_TERPENOID_METABOLIC_PROCESS
GOBP_TERTIARY_ALCOHOL_METABOLIC_PROCESS	22	13	7	6	GOBP_TERTIARY_ALCOHOL_METABOLIC_PROCESS
GOBP_TESTOSTERONE_BIOSYNTHETIC_PROCESS	13	7	4	3	GOBP_TESTOSTERONE_BIOSYNTHETIC_PROCESS
GOBP_TETRAHYDROBIOPTERIN_BIOSYNTHETIC_PROCESS	8	3	2	1	GOBP_TETRAHYDROBIOPTERIN_BIOSYNTHETIC_PROCESS
GOBP_TETRAHYDROBIOPTERIN_METABOLIC_PROCESS	10	4	2	2	GOBP_TETRAHYDROBIOPTERIN_METABOLIC_PROCESS
GOBP_TETRAHYDROFOLATE_BIOSYNTHETIC_PROCESS	9	6	3	3	GOBP_TETRAHYDROFOLATE_BIOSYNTHETIC_PROCESS
GOBP_TETRAHYDROFOLATE_INTERCONVERSION	10	7	4	3	GOBP_TETRAHYDROFOLATE_INTERCONVERSION
GOBP_TETRAHYDROFOLATE_METABOLIC_PROCESS	20	13	7	6	GOBP_TETRAHYDROFOLATE_METABOLIC_PROCESS
GOBP_TETRAPYRROLE_BIOSYNTHETIC_PROCESS	35	12	6	6	GOBP_TETRAPYRROLE_BIOSYNTHETIC_PROCESS
GOBP_TETRAPYRROLE_CATABOLIC_PROCESS	13	7	4	3	GOBP_TETRAPYRROLE_CATABOLIC_PROCESS
GOBP_TETRAPYRROLE_METABOLIC_PROCESS	64	28	14	14	GOBP_TETRAPYRROLE_METABOLIC_PROCESS
GOBP_THALAMUS_DEVELOPMENT	13	11	6	5	GOBP_THALAMUS_DEVELOPMENT
GOBP_THELARCHE	5	4	2	2	GOBP_DEVELOPMENT_OF_SECONDARY_FEMALE_SEXUAL_CHARACTERISTICS
GOBP_THERMOCEPTION	8	5	3	2	GOBP_THERMOCEPTION
GOBP_THIAMINE_CONTAINING_COMPOUND_METABOLIC_PROCESS	7	4	2	2	GOBP_THIAMINE_CONTAINING_COMPOUND_METABOLIC_PROCESS
GOBP_THIAMINE_DIPHOSPHATE_BIOSYNTHETIC_PROCESS	5	3	2	1	GOBP_THIAMINE_DIPHOSPHATE_BIOSYNTHETIC_PROCESS
GOBP_THIAMINE_TRANSPORT	8	5	3	2	GOBP_THIAMINE_TRANSPORT
GOBP_THIOESTER_BIOSYNTHETIC_PROCESS	51	25	13	12	GOBP_THIOESTER_BIOSYNTHETIC_PROCESS
GOBP_THORAX_AND_ANTERIOR_ABDOMEN_DETERMINATION	5	3	2	1	GOBP_THORAX_AND_ANTERIOR_ABDOMEN_DETERMINATION
GOBP_THROMBIN_ACTIVATED_RECEPTOR_SIGNALING_PATHWAY	14	11	6	5	GOBP_THROMBIN_ACTIVATED_RECEPTOR_SIGNALING_PATHWAY
GOBP_THROMBOPOIETIN_MEDIATED_SIGNALING_PATHWAY	7	4	2	2	GOBP_THROMBOPOIETIN_MEDIATED_SIGNALING_PATHWAY
GOBP_THYMIC_T_CELL_SELECTION	24	16	8	8	GOBP_THYMIC_T_CELL_SELECTION
GOBP_THYMOCYTE_APOPTOTIC_PROCESS	21	13	7	6	GOBP_THYMOCYTE_APOPTOTIC_PROCESS
GOBP_THYMOCYTE_MIGRATION	7	6	3	3	GOBP_THYMOCYTE_MIGRATION
GOBP_THYMUS_DEVELOPMENT	51	24	12	12	GOBP_THYMUS_DEVELOPMENT
GOBP_THYROID_GLAND_DEVELOPMENT	31	20	10	10	GOBP_THYROID_GLAND_DEVELOPMENT
GOBP_THYROID_HORMONE_GENERATION	22	18	9	9	GOBP_THYROID_HORMONE_GENERATION
GOBP_THYROID_HORMONE_METABOLIC_PROCESS	31	22	11	11	GOBP_THYROID_HORMONE_METABOLIC_PROCESS
GOBP_THYROID_HORMONE_TRANSPORT	12	8	4	4	GOBP_THYROID_HORMONE_TRANSPORT
GOBP_THYROID_STIMULATING_HORMONE_SECRETING_CELL_DIFFERENTIATION	6	4	2	2	GOBP_THYROID_STIMULATING_HORMONE_SECRETING_CELL_DIFFERENTIATION
GOBP_TIGHT_JUNCTION_ASSEMBLY	81	52	26	26	GOBP_TIGHT_JUNCTION_ASSEMBLY
GOBP_TIGHT_JUNCTION_ORGANIZATION	89	59	30	29	GOBP_TIGHT_JUNCTION_ORGANIZATION
GOBP_TISSUE_HOMEOSTASIS	273	157	79	78	GOBP_TISSUE_HOMEOSTASIS
GOBP_TISSUE_MIGRATION	110	57	29	28	GOBP_TISSUE_MIGRATION
GOBP_TISSUE_MORPHOGENESIS	638	376	188	188	GOBP_TISSUE_MORPHOGENESIS
GOBP_TISSUE_REGENERATION	84	51	26	25	GOBP_TISSUE_REGENERATION
GOBP_TISSUE_REMODELING	198	107	54	53	GOBP_TISSUE_REMODELING
GOBP_TOLERANCE_INDUCTION	31	18	9	9	GOBP_TOLERANCE_INDUCTION
GOBP_TOLERANCE_INDUCTION_DEPENDENT_UPON_IMMUNE_RESPONSE	5	4	2	2	GOBP_TOLERANCE_INDUCTION_DEPENDENT_UPON_IMMUNE_RESPONSE
GOBP_TOLERANCE_INDUCTION_TO_SELF_ANTIGEN	6	3	2	1	GOBP_TOLERANCE_INDUCTION_TO_SELF_ANTIGEN
GOBP_TOLL_LIKE_RECEPTOR_2_SIGNALING_PATHWAY	18	4	2	2	GOBP_REGULATION_OF_TOLL_LIKE_RECEPTOR_2_SIGNALING_PATHWAY
GOBP_TOLL_LIKE_RECEPTOR_3_SIGNALING_PATHWAY	28	12	6	6	GOBP_TOLL_LIKE_RECEPTOR_3_SIGNALING_PATHWAY
GOBP_TOLL_LIKE_RECEPTOR_7_SIGNALING_PATHWAY	11	5	3	2	GOBP_TOLL_LIKE_RECEPTOR_7_SIGNALING_PATHWAY
GOBP_TOLL_LIKE_RECEPTOR_8_SIGNALING_PATHWAY	6	3	2	1	GOBP_TOLL_LIKE_RECEPTOR_8_SIGNALING_PATHWAY
GOBP_TOLL_LIKE_RECEPTOR_9_SIGNALING_PATHWAY	20	9	5	4	GOBP_TOLL_LIKE_RECEPTOR_9_SIGNALING_PATHWAY
GOBP_TOLL_LIKE_RECEPTOR_SIGNALING_PATHWAY	84	29	15	14	GOBP_TOLL_LIKE_RECEPTOR_SIGNALING_PATHWAY
GOBP_TOLL_SIGNALING_PATHWAY	13	4	2	2	GOBP_TOLL_SIGNALING_PATHWAY
GOBP_TONGUE_DEVELOPMENT	19	14	7	7	GOBP_TONGUE_DEVELOPMENT
GOBP_TONGUE_MORPHOGENESIS	10	6	3	3	GOBP_TONGUE_MORPHOGENESIS
GOBP_TONIC_SMOOTH_MUSCLE_CONTRACTION	12	10	5	5	GOBP_TONIC_SMOOTH_MUSCLE_CONTRACTION
GOBP_TOOTH_MINERALIZATION	34	24	12	12	GOBP_TOOTH_MINERALIZATION
GOBP_TORC1_SIGNALING	114	33	17	16	GOBP_TORC1_SIGNALING
GOBP_TORC2_SIGNALING	22	9	5	4	GOBP_TORC2_SIGNALING
GOBP_TOR_SIGNALING	183	62	31	31	GOBP_TOR_SIGNALING
GOBP_TOXIN_METABOLIC_PROCESS	19	11	6	5	GOBP_TOXIN_METABOLIC_PROCESS
GOBP_TRABECULA_FORMATION	26	21	11	10	GOBP_TRABECULA_FORMATION
GOBP_TRABECULA_MORPHOGENESIS	48	31	16	15	GOBP_TRABECULA_MORPHOGENESIS
GOBP_TRACHEA_CARTILAGE_DEVELOPMENT	7	4	2	2	GOBP_TRACHEA_CARTILAGE_DEVELOPMENT
GOBP_TRACHEA_DEVELOPMENT	19	11	6	5	GOBP_TRACHEA_DEVELOPMENT
GOBP_TRACHEA_FORMATION	7	3	2	1	GOBP_TRACHEA_FORMATION
GOBP_TRACHEA_MORPHOGENESIS	11	7	4	3	GOBP_TRACHEA_MORPHOGENESIS
GOBP_TRAIL_ACTIVATED_APOPTOTIC_SIGNALING_PATHWAY	13	6	3	3	GOBP_TRAIL_ACTIVATED_APOPTOTIC_SIGNALING_PATHWAY
GOBP_TRANSCRIPTION_BY_RNA_POLYMERASE_I	73	29	15	14	GOBP_TRANSCRIPTION_BY_RNA_POLYMERASE_I
GOBP_TRANSCRIPTION_BY_RNA_POLYMERASE_III	59	12	6	6	GOBP_TRANSCRIPTION_BY_RNA_POLYMERASE_III
GOBP_TRANSCRIPTION_COUPLED_NUCLEOTIDE_EXCISION_REPAIR	12	3	2	1	GOBP_TRANSCRIPTION_COUPLED_NUCLEOTIDE_EXCISION_REPAIR
GOBP_TRANSCRIPTION_DEPENDENT_TETHERING_OF_RNA_POLYMERASE_II_GENE_DNA_AT_NUCLEAR_PERIPHERY	7	4	2	2	GOBP_TRANSCRIPTION_DEPENDENT_TETHERING_OF_RNA_POLYMERASE_II_GENE_DNA_AT_NUCLEAR_PERIPHERY
GOBP_TRANSCRIPTION_INITIATION_AT_RNA_POLYMERASE_II_PROMOTER	190	65	33	32	GOBP_TRANSCRIPTION_INITIATION_AT_RNA_POLYMERASE_II_PROMOTER
GOBP_TRANSCRIPTION_INITIATION_AT_RNA_POLYMERASE_I_PROMOTER	17	6	3	3	GOBP_TRANSCRIPTION_INITIATION_AT_RNA_POLYMERASE_I_PROMOTER
GOBP_TRANSCRIPTION_PREINITIATION_COMPLEX_ASSEMBLY	82	27	14	13	GOBP_TRANSCRIPTION_PREINITIATION_COMPLEX_ASSEMBLY
GOBP_TRANSCYTOSIS	21	9	5	4	GOBP_TRANSCYTOSIS
GOBP_TRANSDIFFERENTIATION	9	7	4	3	GOBP_TRANSDIFFERENTIATION
GOBP_TRANSEPITHELIAL_CHLORIDE_TRANSPORT	9	4	2	2	GOBP_TRANSEPITHELIAL_CHLORIDE_TRANSPORT
GOBP_TRANSEPITHELIAL_TRANSPORT	37	25	13	12	GOBP_TRANSEPITHELIAL_TRANSPORT
GOBP_TRANSEPITHELIAL_WATER_TRANSPORT	5	5	3	2	GOBP_TRANSEPITHELIAL_WATER_TRANSPORT
GOBP_TRANSFERRIN_TRANSPORT	11	6	3	3	GOBP_TRANSFERRIN_TRANSPORT
GOBP_TRANSFORMING_GROWTH_FACTOR_BETA1_PRODUCTION	13	9	5	4	GOBP_TRANSFORMING_GROWTH_FACTOR_BETA1_PRODUCTION
GOBP_TRANSFORMING_GROWTH_FACTOR_BETA_PRODUCTION	37	24	12	12	GOBP_TRANSFORMING_GROWTH_FACTOR_BETA_PRODUCTION
GOBP_TRANSFORMING_GROWTH_FACTOR_BETA_RECEPTOR_SIGNALING_PATHWAY	262	128	64	64	GOBP_TRANSFORMING_GROWTH_FACTOR_BETA_RECEPTOR_SIGNALING_PATHWAY
GOBP_TRANSITION_BETWEEN_FAST_AND_SLOW_FIBER	9	5	3	2	GOBP_TRANSITION_BETWEEN_FAST_AND_SLOW_FIBER
GOBP_TRANSITION_METAL_ION_TRANSPORT	102	60	30	30	GOBP_TRANSITION_METAL_ION_TRANSPORT
GOBP_TRANSLATION	753	188	94	94	GOBP_TRANSLATION
GOBP_TRANSLATIONAL_ELONGATION	73	18	9	9	GOBP_TRANSLATIONAL_ELONGATION
GOBP_TRANSLATIONAL_INITIATION	127	53	27	26	GOBP_TRANSLATIONAL_INITIATION
GOBP_TRANSLATIONAL_READTHROUGH	8	3	2	1	GOBP_TRANSLATIONAL_READTHROUGH
GOBP_TRANSLATIONAL_TERMINATION	18	4	2	2	GOBP_TRANSLATIONAL_TERMINATION
GOBP_TRANSLESION_SYNTHESIS	26	12	6	6	GOBP_TRANSLESION_SYNTHESIS
GOBP_TRANSMEMBRANE_TRANSPORT	1592	856	428	428	GOBP_TRANSMEMBRANE_TRANSPORT
GOBP_TRANSMISSION_OF_NERVE_IMPULSE	81	58	29	29	GOBP_TRANSMISSION_OF_NERVE_IMPULSE
GOBP_TRANSPORT_OF_VIRUS	11	7	4	3	GOBP_TRANSPORT_OF_VIRUS
GOBP_TRANSPOSABLE_ELEMENT_SILENCING_BY_HETEROCHROMATIN_FORMATION	23	11	6	5	GOBP_TRANSPOSABLE_ELEMENT_SILENCING_BY_HETEROCHROMATIN_FORMATION
GOBP_TRANSPOSABLE_ELEMENT_SILENCING_BY_PIRNA_MEDIATED_HETEROCHROMATIN_FORMATION	5	4	2	2	GOBP_TRANSPOSABLE_ELEMENT_SILENCING_BY_PIRNA_MEDIATED_HETEROCHROMATIN_FORMATION
GOBP_TRANSPOSITION	46	21	11	10	GOBP_TRANSPOSITION
GOBP_TRANS_SYNAPTIC_SIGNALING_BY_BDNF	6	4	2	2	GOBP_TRANS_SYNAPTIC_SIGNALING_BY_BDNF
GOBP_TRANS_SYNAPTIC_SIGNALING_BY_BDNF_MODULATING_SYNAPTIC_TRANSMISSION	5	4	2	2	GOBP_TRANS_SYNAPTIC_SIGNALING_BY_BDNF
GOBP_TRANS_SYNAPTIC_SIGNALING_BY_LIPID	9	7	4	3	GOBP_TRANS_SYNAPTIC_SIGNALING_BY_LIPID
GOBP_TRANS_SYNAPTIC_SIGNALING_BY_TRANS_SYNAPTIC_COMPLEX	7	3	2	1	GOBP_TRANS_SYNAPTIC_SIGNALING_BY_TRANS_SYNAPTIC_COMPLEX
GOBP_TRANS_SYNAPTIC_SIGNALING_MODULATING_SYNAPTIC_TRANSMISSION	16	13	7	6	GOBP_TRANS_SYNAPTIC_SIGNALING_MODULATING_SYNAPTIC_TRANSMISSION
GOBP_TRICARBOXYLIC_ACID_CYCLE	33	14	7	7	GOBP_TRICARBOXYLIC_ACID_CYCLE
GOBP_TRICARBOXYLIC_ACID_METABOLIC_PROCESS	15	8	4	4	GOBP_TRICARBOXYLIC_ACID_METABOLIC_PROCESS
GOBP_TRICARBOXYLIC_ACID_TRANSPORT	5	3	2	1	GOBP_TRICARBOXYLIC_ACID_TRANSPORT
GOBP_TRIGEMINAL_NERVE_DEVELOPMENT	13	8	4	4	GOBP_TRIGEMINAL_NERVE_DEVELOPMENT
GOBP_TRIGLYCERIDE_BIOSYNTHETIC_PROCESS	42	19	10	9	GOBP_TRIGLYCERIDE_BIOSYNTHETIC_PROCESS
GOBP_TRIGLYCERIDE_CATABOLIC_PROCESS	32	20	10	10	GOBP_TRIGLYCERIDE_CATABOLIC_PROCESS
GOBP_TRIGLYCERIDE_METABOLIC_PROCESS	111	59	30	29	GOBP_TRIGLYCERIDE_METABOLIC_PROCESS
GOBP_TRIGLYCERIDE_RICH_LIPOPROTEIN_PARTICLE_CLEARANCE	8	6	3	3	GOBP_TRIGLYCERIDE_RICH_LIPOPROTEIN_PARTICLE_CLEARANCE
GOBP_TRIGLYCERIDE_RICH_LIPOPROTEIN_PARTICLE_REMODELING	16	11	6	5	GOBP_TRIGLYCERIDE_RICH_LIPOPROTEIN_PARTICLE_REMODELING
GOBP_TRIGLYCERIDE_STORAGE	8	5	3	2	GOBP_TRIGLYCERIDE_STORAGE
GOBP_TRIPARTITE_REGIONAL_SUBDIVISION	21	9	5	4	GOBP_TRIPARTITE_REGIONAL_SUBDIVISION
GOBP_TRIPEPTIDE_TRANSMEMBRANE_TRANSPORT	10	6	3	3	GOBP_TRIPEPTIDE_TRANSMEMBRANE_TRANSPORT
GOBP_TRIPEPTIDE_TRANSPORT	12	7	4	3	GOBP_TRIPEPTIDE_TRANSPORT
GOBP_TRNA_3_END_PROCESSING	7	3	2	1	GOBP_TRNA_3_END_PROCESSING
GOBP_TRNA_5_END_PROCESSING	16	10	5	5	GOBP_TRNA_5_END_PROCESSING
GOBP_TRNA_5_LEADER_REMOVAL	13	9	5	4	GOBP_TRNA_5_LEADER_REMOVAL
GOBP_TRNA_DECAY	17	7	4	3	GOBP_TRNA_DECAY
GOBP_TRNA_METABOLIC_PROCESS	203	60	30	30	GOBP_TRNA_METABOLIC_PROCESS
GOBP_TRNA_METHYLATION	40	13	7	6	GOBP_TRNA_METHYLATION
GOBP_TRNA_MODIFICATION	93	28	14	14	GOBP_TRNA_MODIFICATION
GOBP_TRNA_PROCESSING	135	45	23	22	GOBP_TRNA_PROCESSING
GOBP_TRNA_PSEUDOURIDINE_SYNTHESIS	6	3	2	1	GOBP_TRNA_PSEUDOURIDINE_SYNTHESIS
GOBP_TRNA_THREONYLCARBAMOYLADENOSINE_METABOLIC_PROCESS	20	7	4	3	GOBP_TRNA_THREONYLCARBAMOYLADENOSINE_METABOLIC_PROCESS
GOBP_TRNA_TRANSPORT	6	3	2	1	GOBP_TRNA_TRANSPORT
GOBP_TRNA_WOBBLE_BASE_MODIFICATION	21	4	2	2	GOBP_TRNA_WOBBLE_BASE_MODIFICATION
GOBP_TRNA_WOBBLE_URIDINE_MODIFICATION	17	3	2	1	GOBP_TRNA_WOBBLE_URIDINE_MODIFICATION
GOBP_TROPHECTODERMAL_CELL_DIFFERENTIATION	20	12	6	6	GOBP_TROPHECTODERMAL_CELL_DIFFERENTIATION
GOBP_TROPHECTODERMAL_CELL_PROLIFERATION	5	4	2	2	GOBP_TROPHECTODERMAL_CELL_PROLIFERATION
GOBP_TROPHOBLAST_CELL_MIGRATION	25	16	8	8	GOBP_TROPHOBLAST_CELL_MIGRATION
GOBP_TROPHOBLAST_GIANT_CELL_DIFFERENTIATION	14	8	4	4	GOBP_TROPHOBLAST_GIANT_CELL_DIFFERENTIATION
GOBP_TRUNK_SEGMENTATION	5	5	3	2	GOBP_TRUNK_SEGMENTATION
GOBP_TUBE_CLOSURE	91	40	20	20	GOBP_TUBE_CLOSURE
GOBP_TUBE_DEVELOPMENT	1215	703	352	351	GOBP_TUBE_DEVELOPMENT
GOBP_TUBE_FORMATION	153	78	39	39	GOBP_TUBE_FORMATION
GOBP_TUBE_LUMEN_CAVITATION	5	5	3	2	GOBP_TUBE_LUMEN_CAVITATION
GOBP_TUBE_MORPHOGENESIS	989	576	288	288	GOBP_TUBE_MORPHOGENESIS
GOBP_TUBULIN_COMPLEX_ASSEMBLY	10	4	2	2	GOBP_TUBULIN_COMPLEX_ASSEMBLY
GOBP_TUBULIN_DEACETYLATION	10	4	2	2	GOBP_TUBULIN_DEACETYLATION
GOBP_TUMOR_NECROSIS_FACTOR_MEDIATED_SIGNALING_PATHWAY	130	56	28	28	GOBP_TUMOR_NECROSIS_FACTOR_MEDIATED_SIGNALING_PATHWAY
GOBP_TUMOR_NECROSIS_FACTOR_SUPERFAMILY_CYTOKINE_PRODUCTION	202	101	51	50	GOBP_TUMOR_NECROSIS_FACTOR_SUPERFAMILY_CYTOKINE_PRODUCTION
GOBP_TYPE_2_IMMUNE_RESPONSE	45	26	13	13	GOBP_TYPE_2_IMMUNE_RESPONSE
GOBP_TYPE_2_MITOPHAGY	16	5	3	2	GOBP_TYPE_2_MITOPHAGY
GOBP_TYPE_B_PANCREATIC_CELL_APOPTOTIC_PROCESS	12	6	3	3	GOBP_TYPE_B_PANCREATIC_CELL_APOPTOTIC_PROCESS
GOBP_TYPE_B_PANCREATIC_CELL_DEVELOPMENT	24	11	6	5	GOBP_TYPE_B_PANCREATIC_CELL_DEVELOPMENT
GOBP_TYPE_B_PANCREATIC_CELL_DIFFERENTIATION	31	14	7	7	GOBP_TYPE_B_PANCREATIC_CELL_DIFFERENTIATION
GOBP_TYPE_B_PANCREATIC_CELL_PROLIFERATION	29	16	8	8	GOBP_TYPE_B_PANCREATIC_CELL_PROLIFERATION
GOBP_TYPE_II_HYPERSENSITIVITY	12	9	5	4	GOBP_TYPE_II_HYPERSENSITIVITY
GOBP_TYPE_II_INTERFERON_MEDIATED_SIGNALING_PATHWAY	28	12	6	6	GOBP_TYPE_II_INTERFERON_MEDIATED_SIGNALING_PATHWAY
GOBP_TYPE_II_INTERFERON_PRODUCTION	123	72	36	36	GOBP_TYPE_II_INTERFERON_PRODUCTION
GOBP_TYPE_II_PNEUMOCYTE_DIFFERENTIATION	7	4	2	2	GOBP_TYPE_II_PNEUMOCYTE_DIFFERENTIATION
GOBP_TYPE_IV_HYPERSENSITIVITY	5	4	2	2	GOBP_TYPE_IV_HYPERSENSITIVITY
GOBP_TYPE_I_HYPERSENSITIVITY	5	4	2	2	GOBP_TYPE_I_HYPERSENSITIVITY
GOBP_TYPE_I_INTERFERON_PRODUCTION	131	45	23	22	GOBP_TYPE_I_INTERFERON_PRODUCTION
GOBP_TYPE_I_PNEUMOCYTE_DIFFERENTIATION	9	4	2	2	GOBP_TYPE_I_PNEUMOCYTE_DIFFERENTIATION
GOBP_TYROSINE_CATABOLIC_PROCESS	6	3	2	1	GOBP_TYROSINE_CATABOLIC_PROCESS
GOBP_TYROSINE_METABOLIC_PROCESS	17	9	5	4	GOBP_TYROSINE_METABOLIC_PROCESS
GOBP_TYROSINE_PHOSPHORYLATION_OF_STAT_PROTEIN	31	16	8	8	GOBP_TYROSINE_PHOSPHORYLATION_OF_STAT_PROTEIN
GOBP_T_CELL_ACTIVATION	604	330	165	165	GOBP_T_CELL_ACTIVATION
GOBP_T_CELL_ACTIVATION_INVOLVED_IN_IMMUNE_RESPONSE	139	79	40	39	GOBP_T_CELL_ACTIVATION_INVOLVED_IN_IMMUNE_RESPONSE
GOBP_T_CELL_ACTIVATION_VIA_T_CELL_RECEPTOR_CONTACT_WITH_ANTIGEN_BOUND_TO_MHC_MOLECULE_ON_ANTIGEN_PRESENTING_CELL	14	11	6	5	GOBP_T_CELL_ACTIVATION_VIA_T_CELL_RECEPTOR_CONTACT_WITH_ANTIGEN_BOUND_TO_MHC_MOLECULE_ON_ANTIGEN_PRESENTING_CELL
GOBP_T_CELL_APOPTOTIC_PROCESS	61	33	17	16	GOBP_T_CELL_APOPTOTIC_PROCESS
GOBP_T_CELL_CHEMOTAXIS	29	21	11	10	GOBP_T_CELL_CHEMOTAXIS
GOBP_T_CELL_CYTOKINE_PRODUCTION	40	26	13	13	GOBP_T_CELL_CYTOKINE_PRODUCTION
GOBP_T_CELL_DIFFERENTIATION	327	169	85	84	GOBP_T_CELL_DIFFERENTIATION
GOBP_T_CELL_DIFFERENTIATION_INVOLVED_IN_IMMUNE_RESPONSE	98	51	26	25	GOBP_T_CELL_DIFFERENTIATION_INVOLVED_IN_IMMUNE_RESPONSE
GOBP_T_CELL_DIFFERENTIATION_IN_THYMUS	89	52	26	26	GOBP_T_CELL_DIFFERENTIATION_IN_THYMUS
GOBP_T_CELL_EXTRAVASATION	14	6	3	3	GOBP_T_CELL_EXTRAVASATION
GOBP_T_CELL_HOMEOSTASIS	50	20	10	10	GOBP_T_CELL_HOMEOSTASIS
GOBP_T_CELL_LINEAGE_COMMITMENT	42	24	12	12	GOBP_T_CELL_LINEAGE_COMMITMENT
GOBP_T_CELL_MEDIATED_CYTOTOXICITY	60	41	21	20	GOBP_T_CELL_MEDIATED_CYTOTOXICITY
GOBP_T_CELL_MEDIATED_IMMUNE_RESPONSE_TO_TUMOR_CELL	18	11	6	5	GOBP_T_CELL_MEDIATED_IMMUNE_RESPONSE_TO_TUMOR_CELL
GOBP_T_CELL_MEDIATED_IMMUNITY	139	86	43	43	GOBP_T_CELL_MEDIATED_IMMUNITY
GOBP_T_CELL_MIGRATION	79	56	28	28	GOBP_T_CELL_MIGRATION
GOBP_T_CELL_PROLIFERATION	225	131	66	65	GOBP_T_CELL_PROLIFERATION
GOBP_T_CELL_RECEPTOR_SIGNALING_PATHWAY	152	77	39	38	GOBP_T_CELL_RECEPTOR_SIGNALING_PATHWAY
GOBP_T_CELL_SELECTION	64	35	18	17	GOBP_T_CELL_SELECTION
GOBP_T_CELL_TOLERANCE_INDUCTION	16	10	5	5	GOBP_T_CELL_TOLERANCE_INDUCTION
GOBP_T_FOLLICULAR_HELPER_CELL_DIFFERENTIATION	11	4	2	2	GOBP_T_FOLLICULAR_HELPER_CELL_DIFFERENTIATION
GOBP_T_HELPER_17_CELL_DIFFERENTIATION	41	23	12	11	GOBP_T_HELPER_17_CELL_DIFFERENTIATION
GOBP_T_HELPER_17_TYPE_IMMUNE_RESPONSE	55	30	15	15	GOBP_T_HELPER_17_TYPE_IMMUNE_RESPONSE
GOBP_T_HELPER_1_CELL_CYTOKINE_PRODUCTION	8	7	4	3	GOBP_T_HELPER_1_CELL_CYTOKINE_PRODUCTION
GOBP_T_HELPER_1_CELL_DIFFERENTIATION	24	14	7	7	GOBP_T_HELPER_1_CELL_DIFFERENTIATION
GOBP_T_HELPER_1_TYPE_IMMUNE_RESPONSE	50	32	16	16	GOBP_T_HELPER_1_TYPE_IMMUNE_RESPONSE
GOBP_T_HELPER_2_CELL_CYTOKINE_PRODUCTION	13	8	4	4	GOBP_T_HELPER_2_CELL_CYTOKINE_PRODUCTION
GOBP_T_HELPER_2_CELL_DIFFERENTIATION	18	10	5	5	GOBP_T_HELPER_2_CELL_DIFFERENTIATION
GOBP_T_HELPER_CELL_LINEAGE_COMMITMENT	29	16	8	8	GOBP_T_HELPER_CELL_LINEAGE_COMMITMENT
GOBP_T_TUBULE_ORGANIZATION	6	4	2	2	GOBP_T_TUBULE_ORGANIZATION
GOBP_U2_TYPE_PRESPLICEOSOME_ASSEMBLY	25	6	3	3	GOBP_U2_TYPE_PRESPLICEOSOME_ASSEMBLY
GOBP_U4_SNRNA_3_END_PROCESSING	8	3	2	1	GOBP_U4_SNRNA_3_END_PROCESSING
GOBP_UBIQUINONE_METABOLIC_PROCESS	21	11	6	5	GOBP_QUINONE_METABOLIC_PROCESS
GOBP_UBIQUITIN_DEPENDENT_ENDOCYTOSIS	9	4	2	2	GOBP_UBIQUITIN_DEPENDENT_ENDOCYTOSIS
GOBP_UBIQUITIN_DEPENDENT_PROTEIN_CATABOLIC_PROCESS_VIA_THE_MULTIVESICULAR_BODY_SORTING_PATHWAY	37	5	3	2	GOBP_UBIQUITIN_DEPENDENT_PROTEIN_CATABOLIC_PROCESS_VIA_THE_MULTIVESICULAR_BODY_SORTING_PATHWAY
GOBP_UBIQUITIN_RECYCLING	14	5	3	2	GOBP_UBIQUITIN_RECYCLING
GOBP_UDP_N_ACETYLGLUCOSAMINE_BIOSYNTHETIC_PROCESS	10	3	2	1	GOBP_UDP_N_ACETYLGLUCOSAMINE_BIOSYNTHETIC_PROCESS
GOBP_UDP_N_ACETYLGLUCOSAMINE_METABOLIC_PROCESS	14	6	3	3	GOBP_UDP_N_ACETYLGLUCOSAMINE_METABOLIC_PROCESS
GOBP_UNSATURATED_FATTY_ACID_BIOSYNTHETIC_PROCESS	60	36	18	18	GOBP_UNSATURATED_FATTY_ACID_BIOSYNTHETIC_PROCESS
GOBP_UNSATURATED_FATTY_ACID_METABOLIC_PROCESS	119	64	32	32	GOBP_UNSATURATED_FATTY_ACID_METABOLIC_PROCESS
GOBP_URATE_METABOLIC_PROCESS	13	8	4	4	GOBP_URATE_METABOLIC_PROCESS
GOBP_URATE_TRANSPORT	11	8	4	4	GOBP_URATE_TRANSPORT
GOBP_UREA_CYCLE	12	10	5	5	GOBP_NITROGEN_CYCLE_METABOLIC_PROCESS
GOBP_UREA_TRANSMEMBRANE_TRANSPORT	7	7	4	3	GOBP_UREA_TRANSMEMBRANE_TRANSPORT
GOBP_UREA_TRANSPORT	10	9	5	4	GOBP_UREA_TRANSPORT
GOBP_URETERIC_BUD_ELONGATION	7	5	3	2	GOBP_URETERIC_BUD_ELONGATION
GOBP_URETERIC_BUD_FORMATION	7	7	4	3	GOBP_URETERIC_BUD_FORMATION
GOBP_URETER_DEVELOPMENT	18	14	7	7	GOBP_URETER_DEVELOPMENT
GOBP_URETER_MORPHOGENESIS	7	6	3	3	GOBP_URETER_MORPHOGENESIS
GOBP_URIDINE_TRANSMEMBRANE_TRANSPORT	6	6	3	3	GOBP_NUCLEOSIDE_TRANSMEMBRANE_TRANSPORT
GOBP_URINARY_BLADDER_SMOOTH_MUSCLE_CONTRACTION	8	6	3	3	GOBP_URINARY_BLADDER_SMOOTH_MUSCLE_CONTRACTION
GOBP_URINARY_TRACT_SMOOTH_MUSCLE_CONTRACTION	10	8	4	4	GOBP_URINARY_TRACT_SMOOTH_MUSCLE_CONTRACTION
GOBP_UROGENITAL_SYSTEM_DEVELOPMENT	68	44	22	22	GOBP_UROGENITAL_SYSTEM_DEVELOPMENT
GOBP_UTERINE_SMOOTH_MUSCLE_CONTRACTION	9	6	3	3	GOBP_UTERINE_SMOOTH_MUSCLE_CONTRACTION
GOBP_UTERUS_DEVELOPMENT	28	17	9	8	GOBP_UTERUS_DEVELOPMENT
GOBP_UTP_BIOSYNTHETIC_PROCESS	10	6	3	3	GOBP_UTP_BIOSYNTHETIC_PROCESS
GOBP_UTP_METABOLIC_PROCESS	12	6	3	3	GOBP_UTP_BIOSYNTHETIC_PROCESS
GOBP_UV_DAMAGE_EXCISION_REPAIR	14	3	2	1	GOBP_UV_DAMAGE_EXCISION_REPAIR
GOBP_VACUOLAR_ACIDIFICATION	36	10	5	5	GOBP_VACUOLAR_ACIDIFICATION
GOBP_VACUOLAR_LOCALIZATION	90	43	22	21	GOBP_VACUOLAR_LOCALIZATION
GOBP_VACUOLAR_TRANSMEMBRANE_TRANSPORT	9	7	4	3	GOBP_VACUOLAR_TRANSMEMBRANE_TRANSPORT
GOBP_VACUOLAR_TRANSPORT	168	51	26	25	GOBP_VACUOLAR_TRANSPORT
GOBP_VACUOLE_FUSION	13	3	2	1	GOBP_VACUOLE_FUSION
GOBP_VACUOLE_ORGANIZATION	247	70	35	35	GOBP_VACUOLE_ORGANIZATION
GOBP_VAGINA_DEVELOPMENT	10	5	3	2	GOBP_VAGINA_DEVELOPMENT
GOBP_VASCULAR_ASSOCIATED_SMOOTH_MUSCLE_CELL_APOPTOTIC_PROCESS	18	4	2	2	GOBP_VASCULAR_ASSOCIATED_SMOOTH_MUSCLE_CELL_APOPTOTIC_PROCESS
GOBP_VASCULAR_ASSOCIATED_SMOOTH_MUSCLE_CELL_DEVELOPMENT	12	7	4	3	GOBP_VASCULAR_ASSOCIATED_SMOOTH_MUSCLE_CELL_DEVELOPMENT
GOBP_VASCULAR_ASSOCIATED_SMOOTH_MUSCLE_CELL_DIFFERENTIATION	41	18	9	9	GOBP_VASCULAR_ASSOCIATED_SMOOTH_MUSCLE_CELL_DIFFERENTIATION
GOBP_VASCULAR_ASSOCIATED_SMOOTH_MUSCLE_CELL_MIGRATION	54	15	8	7	GOBP_VASCULAR_ASSOCIATED_SMOOTH_MUSCLE_CELL_MIGRATION
GOBP_VASCULAR_ASSOCIATED_SMOOTH_MUSCLE_CELL_PROLIFERATION	97	39	20	19	GOBP_VASCULAR_ASSOCIATED_SMOOTH_MUSCLE_CELL_PROLIFERATION
GOBP_VASCULAR_ASSOCIATED_SMOOTH_MUSCLE_CONTRACTION	27	15	8	7	GOBP_VASCULAR_ASSOCIATED_SMOOTH_MUSCLE_CONTRACTION
GOBP_VASCULAR_ENDOTHELIAL_CELL_PROLIFERATION	55	19	10	9	GOBP_VASCULAR_ENDOTHELIAL_CELL_PROLIFERATION
GOBP_VASCULAR_ENDOTHELIAL_CELL_RESPONSE_TO_FLUID_SHEAR_STRESS	15	3	2	1	GOBP_VASCULAR_ENDOTHELIAL_CELL_RESPONSE_TO_FLUID_SHEAR_STRESS
GOBP_VASCULAR_ENDOTHELIAL_CELL_RESPONSE_TO_LAMINAR_FLUID_SHEAR_STRESS	9	3	2	1	GOBP_VASCULAR_ENDOTHELIAL_CELL_RESPONSE_TO_FLUID_SHEAR_STRESS
GOBP_VASCULAR_ENDOTHELIAL_GROWTH_FACTOR_PRODUCTION	65	22	11	11	GOBP_VASCULAR_ENDOTHELIAL_GROWTH_FACTOR_PRODUCTION
GOBP_VASCULAR_ENDOTHELIAL_GROWTH_FACTOR_RECEPTOR_2_SIGNALING_PATHWAY	6	3	2	1	GOBP_VASCULAR_ENDOTHELIAL_GROWTH_FACTOR_RECEPTOR_2_SIGNALING_PATHWAY
GOBP_VASCULAR_ENDOTHELIAL_GROWTH_FACTOR_RECEPTOR_SIGNALING_PATHWAY	63	31	16	15	GOBP_VASCULAR_ENDOTHELIAL_GROWTH_FACTOR_RECEPTOR_SIGNALING_PATHWAY
GOBP_VASCULAR_ENDOTHELIAL_GROWTH_FACTOR_SIGNALING_PATHWAY	58	36	18	18	GOBP_VASCULAR_ENDOTHELIAL_GROWTH_FACTOR_SIGNALING_PATHWAY
GOBP_VASCULAR_PROCESS_IN_CIRCULATORY_SYSTEM	282	182	91	91	GOBP_VASCULAR_PROCESS_IN_CIRCULATORY_SYSTEM
GOBP_VASCULAR_TRANSPORT	88	59	30	29	GOBP_VASCULAR_TRANSPORT
GOBP_VASCULAR_WOUND_HEALING	24	14	7	7	GOBP_VASCULAR_WOUND_HEALING
GOBP_VASCULATURE_DEVELOPMENT	865	499	250	249	GOBP_VASCULATURE_DEVELOPMENT
GOBP_VASCULOGENESIS	82	55	28	27	GOBP_VASCULOGENESIS
GOBP_VASCULOGENESIS_INVOLVED_IN_CORONARY_VASCULAR_MORPHOGENESIS	5	3	2	1	GOBP_VASCULOGENESIS_INVOLVED_IN_CORONARY_VASCULAR_MORPHOGENESIS
GOBP_VASOCONSTRICTION	87	58	29	29	GOBP_VASOCONSTRICTION
GOBP_VASODILATION	59	35	18	17	GOBP_VASODILATION
GOBP_VENOUS_BLOOD_VESSEL_DEVELOPMENT	17	11	6	5	GOBP_VENOUS_BLOOD_VESSEL_DEVELOPMENT
GOBP_VENOUS_BLOOD_VESSEL_MORPHOGENESIS	10	7	4	3	GOBP_VENOUS_BLOOD_VESSEL_MORPHOGENESIS
GOBP_VENTRAL_MIDLINE_DEVELOPMENT	6	5	3	2	GOBP_VENTRAL_MIDLINE_DEVELOPMENT
GOBP_VENTRAL_SPINAL_CORD_DEVELOPMENT	47	28	14	14	GOBP_VENTRAL_SPINAL_CORD_DEVELOPMENT
GOBP_VENTRAL_SPINAL_CORD_INTERNEURON_DIFFERENTIATION	13	9	5	4	GOBP_CELL_FATE_COMMITMENT_INVOLVED_IN_PATTERN_SPECIFICATION
GOBP_VENTRICULAR_CARDIAC_MUSCLE_CELL_ACTION_POTENTIAL	38	23	12	11	GOBP_VENTRICULAR_CARDIAC_MUSCLE_CELL_ACTION_POTENTIAL
GOBP_VENTRICULAR_CARDIAC_MUSCLE_CELL_DEVELOPMENT	13	8	4	4	GOBP_VENTRICULAR_CARDIAC_MUSCLE_CELL_DEVELOPMENT
GOBP_VENTRICULAR_CARDIAC_MUSCLE_CELL_DIFFERENTIATION	19	11	6	5	GOBP_VENTRICULAR_CARDIAC_MUSCLE_CELL_DIFFERENTIATION
GOBP_VENTRICULAR_CARDIAC_MUSCLE_CELL_MEMBRANE_REPOLARIZATION	31	16	8	8	GOBP_VENTRICULAR_CARDIAC_MUSCLE_CELL_MEMBRANE_REPOLARIZATION
GOBP_VENTRICULAR_CARDIAC_MUSCLE_TISSUE_DEVELOPMENT	62	40	20	20	GOBP_VENTRICULAR_CARDIAC_MUSCLE_TISSUE_DEVELOPMENT
GOBP_VENTRICULAR_CARDIAC_MUSCLE_TISSUE_MORPHOGENESIS	48	30	15	15	GOBP_VENTRICULAR_CARDIAC_MUSCLE_TISSUE_MORPHOGENESIS
GOBP_VENTRICULAR_COMPACT_MYOCARDIUM_MORPHOGENESIS	8	5	3	2	GOBP_VENTRICULAR_COMPACT_MYOCARDIUM_MORPHOGENESIS
GOBP_VENTRICULAR_SEPTUM_DEVELOPMENT	78	45	23	22	GOBP_VENTRICULAR_SEPTUM_DEVELOPMENT
GOBP_VENTRICULAR_SEPTUM_MORPHOGENESIS	47	29	15	14	GOBP_VENTRICULAR_SEPTUM_MORPHOGENESIS
GOBP_VENTRICULAR_SYSTEM_DEVELOPMENT	34	17	9	8	GOBP_VENTRICULAR_SYSTEM_DEVELOPMENT
GOBP_VENTRICULAR_TRABECULA_MYOCARDIUM_MORPHOGENESIS	15	7	4	3	GOBP_VENTRICULAR_TRABECULA_MYOCARDIUM_MORPHOGENESIS
GOBP_VERY_LONG_CHAIN_FATTY_ACID_BIOSYNTHETIC_PROCESS	13	8	4	4	GOBP_VERY_LONG_CHAIN_FATTY_ACID_BIOSYNTHETIC_PROCESS
GOBP_VERY_LONG_CHAIN_FATTY_ACID_METABOLIC_PROCESS	35	17	9	8	GOBP_VERY_LONG_CHAIN_FATTY_ACID_METABOLIC_PROCESS
GOBP_VERY_LOW_DENSITY_LIPOPROTEIN_PARTICLE_ASSEMBLY	12	9	5	4	GOBP_VERY_LOW_DENSITY_LIPOPROTEIN_PARTICLE_ASSEMBLY
GOBP_VERY_LOW_DENSITY_LIPOPROTEIN_PARTICLE_CLEARANCE	9	6	3	3	GOBP_VERY_LOW_DENSITY_LIPOPROTEIN_PARTICLE_CLEARANCE
GOBP_VESICLE_BUDDING_FROM_MEMBRANE	88	25	13	12	GOBP_VESICLE_BUDDING_FROM_MEMBRANE
GOBP_VESICLE_CARGO_LOADING	36	8	4	4	GOBP_VESICLE_CARGO_LOADING
GOBP_VESICLE_COATING	38	10	5	5	GOBP_VESICLE_COATING
GOBP_VESICLE_CYTOSKELETAL_TRAFFICKING	61	19	10	9	GOBP_VESICLE_CYTOSKELETAL_TRAFFICKING
GOBP_VESICLE_DOCKING	60	25	13	12	GOBP_VESICLE_DOCKING
GOBP_VESICLE_DOCKING_INVOLVED_IN_EXOCYTOSIS	39	20	10	10	GOBP_VESICLE_DOCKING_INVOLVED_IN_EXOCYTOSIS
GOBP_VESICLE_FUSION_TO_PLASMA_MEMBRANE	32	22	11	11	GOBP_VESICLE_FUSION_TO_PLASMA_MEMBRANE
GOBP_VESICLE_LOCALIZATION	223	78	39	39	GOBP_VESICLE_LOCALIZATION
GOBP_VESICLE_MEDIATED_TRANSPORT	1597	667	334	333	GOBP_VESICLE_MEDIATED_TRANSPORT
GOBP_VESICLE_MEDIATED_TRANSPORT_BETWEEN_ENDOSOMAL_COMPARTMENTS	48	15	8	7	GOBP_VESICLE_MEDIATED_TRANSPORT_BETWEEN_ENDOSOMAL_COMPARTMENTS
GOBP_VESICLE_MEDIATED_TRANSPORT_IN_SYNAPSE	260	117	59	58	GOBP_VESICLE_MEDIATED_TRANSPORT_IN_SYNAPSE
GOBP_VESICLE_MEDIATED_TRANSPORT_TO_THE_PLASMA_MEMBRANE	158	45	23	22	GOBP_VESICLE_MEDIATED_TRANSPORT_TO_THE_PLASMA_MEMBRANE
GOBP_VESICLE_ORGANIZATION	400	142	71	71	GOBP_VESICLE_ORGANIZATION
GOBP_VESICLE_TARGETING	65	19	10	9	GOBP_VESICLE_TARGETING
GOBP_VESICLE_TARGETING_ROUGH_ER_TO_CIS_GOLGI	25	10	5	5	GOBP_VESICLE_COATING
GOBP_VESICLE_TARGETING_TO_FROM_OR_WITHIN_GOLGI	32	11	6	5	GOBP_VESICLE_TARGETING_TO_FROM_OR_WITHIN_GOLGI
GOBP_VESICLE_TETHERING	32	6	3	3	GOBP_VESICLE_TETHERING
GOBP_VESICLE_TRANSPORT_ALONG_MICROTUBULE	49	15	8	7	GOBP_VESICLE_TRANSPORT_ALONG_MICROTUBULE
GOBP_VESICLE_UNCOATING	6	4	2	2	GOBP_CLATHRIN_COAT_DISASSEMBLY
GOBP_VESTIBULAR_REFLEX	5	5	3	2	GOBP_VESTIBULAR_REFLEX
GOBP_VESTIBULOCOCHLEAR_NERVE_DEVELOPMENT	11	8	4	4	GOBP_VESTIBULOCOCHLEAR_NERVE_DEVELOPMENT
GOBP_VESTIBULOCOCHLEAR_NERVE_FORMATION	5	4	2	2	GOBP_VESTIBULOCOCHLEAR_NERVE_FORMATION
GOBP_VESTIBULOCOCHLEAR_NERVE_MORPHOGENESIS	7	6	3	3	GOBP_VESTIBULOCOCHLEAR_NERVE_MORPHOGENESIS
GOBP_VIRAL_BUDDING	26	4	2	2	GOBP_VIRAL_BUDDING
GOBP_VIRAL_GENE_EXPRESSION	109	42	21	21	GOBP_VIRAL_GENE_EXPRESSION
GOBP_VIRAL_GENOME_REPLICATION	125	50	25	25	GOBP_VIRAL_GENOME_REPLICATION
GOBP_VIRAL_LATENCY	5	4	2	2	GOBP_VIRAL_LATENCY
GOBP_VIRAL_LIFE_CYCLE	298	147	74	73	GOBP_VIRAL_LIFE_CYCLE
GOBP_VIRAL_PROCESS	410	193	97	96	GOBP_VIRAL_PROCESS
GOBP_VIRAL_PROTEIN_PROCESSING	31	12	6	6	GOBP_VIRAL_PROTEIN_PROCESSING
GOBP_VIRAL_RELEASE_FROM_HOST_CELL	29	8	4	4	GOBP_VIRAL_RELEASE_FROM_HOST_CELL
GOBP_VIRAL_RNA_GENOME_REPLICATION	26	8	4	4	GOBP_VIRAL_RNA_GENOME_REPLICATION
GOBP_VIRAL_TRANSCRIPTION	53	20	10	10	GOBP_VIRAL_TRANSCRIPTION
GOBP_VIRAL_TRANSLATION	26	10	5	5	GOBP_VIRAL_TRANSLATION
GOBP_VIRAL_TRANSLATIONAL_FRAMESHIFTING	6	3	2	1	GOBP_VIRAL_TRANSLATIONAL_FRAMESHIFTING
GOBP_VIRION_ASSEMBLY	35	7	4	3	GOBP_VIRION_ASSEMBLY
GOBP_VISUAL_BEHAVIOR	62	27	14	13	GOBP_VISUAL_BEHAVIOR
GOBP_VITAMIN_A_METABOLIC_PROCESS	8	7	4	3	GOBP_VITAMIN_A_METABOLIC_PROCESS
GOBP_VITAMIN_B6_METABOLIC_PROCESS	6	4	2	2	GOBP_VITAMIN_B6_METABOLIC_PROCESS
GOBP_VITAMIN_BIOSYNTHETIC_PROCESS	23	15	8	7	GOBP_VITAMIN_BIOSYNTHETIC_PROCESS
GOBP_VITAMIN_CATABOLIC_PROCESS	17	11	6	5	GOBP_VITAMIN_CATABOLIC_PROCESS
GOBP_VITAMIN_D3_METABOLIC_PROCESS	8	4	2	2	GOBP_VITAMIN_D3_METABOLIC_PROCESS
GOBP_VITAMIN_D_BIOSYNTHETIC_PROCESS	11	7	4	3	GOBP_VITAMIN_D_BIOSYNTHETIC_PROCESS
GOBP_VITAMIN_D_METABOLIC_PROCESS	21	13	7	6	GOBP_VITAMIN_D_METABOLIC_PROCESS
GOBP_VITAMIN_D_RECEPTOR_SIGNALING_PATHWAY	14	7	4	3	GOBP_VITAMIN_D_RECEPTOR_SIGNALING_PATHWAY
GOBP_VITAMIN_E_METABOLIC_PROCESS	6	5	3	2	GOBP_VITAMIN_E_METABOLIC_PROCESS
GOBP_VITAMIN_K_CATABOLIC_PROCESS	6	3	2	1	GOBP_MENAQUINONE_CATABOLIC_PROCESS
GOBP_VITAMIN_K_METABOLIC_PROCESS	13	6	3	3	GOBP_VITAMIN_K_METABOLIC_PROCESS
GOBP_VITAMIN_METABOLIC_PROCESS	119	74	37	37	GOBP_VITAMIN_METABOLIC_PROCESS
GOBP_VITAMIN_TRANSMEMBRANE_TRANSPORT	21	14	7	7	GOBP_VITAMIN_TRANSMEMBRANE_TRANSPORT
GOBP_VITAMIN_TRANSPORT	58	35	18	17	GOBP_VITAMIN_TRANSPORT
GOBP_VOCALIZATION_BEHAVIOR	21	14	7	7	GOBP_VOCALIZATION_BEHAVIOR
GOBP_VOLUNTARY_MUSCULOSKELETAL_MOVEMENT	6	4	2	2	GOBP_VOLUNTARY_MUSCULOSKELETAL_MOVEMENT
GOBP_VOLUNTARY_SKELETAL_MUSCLE_CONTRACTION	6	4	2	2	GOBP_VOLUNTARY_SKELETAL_MUSCLE_CONTRACTION
GOBP_V_D_J_RECOMBINATION	19	9	5	4	GOBP_V_D_J_RECOMBINATION
GOBP_WALKING_BEHAVIOR	40	17	9	8	GOBP_WALKING_BEHAVIOR
GOBP_WATER_SOLUBLE_VITAMIN_BIOSYNTHETIC_PROCESS	9	6	3	3	GOBP_WATER_SOLUBLE_VITAMIN_BIOSYNTHETIC_PROCESS
GOBP_WATER_SOLUBLE_VITAMIN_METABOLIC_PROCESS	66	38	19	19	GOBP_WATER_SOLUBLE_VITAMIN_METABOLIC_PROCESS
GOBP_WATER_TRANSPORT	29	22	11	11	GOBP_WATER_TRANSPORT
GOBP_WHITE_FAT_CELL_DIFFERENTIATION	19	11	6	5	GOBP_WHITE_FAT_CELL_DIFFERENTIATION
GOBP_WNT_PROTEIN_SECRETION	6	3	2	1	GOBP_REGULATION_OF_WNT_PROTEIN_SECRETION
GOBP_WNT_SIGNALING_PATHWAY	484	218	109	109	GOBP_WNT_SIGNALING_PATHWAY
GOBP_WNT_SIGNALING_PATHWAY_CALCIUM_MODULATING_PATHWAY	5	4	2	2	GOBP_WNT_SIGNALING_PATHWAY_CALCIUM_MODULATING_PATHWAY
GOBP_WNT_SIGNALING_PATHWAY_PLANAR_CELL_POLARITY_PATHWAY	47	22	11	11	GOBP_WNT_SIGNALING_PATHWAY_PLANAR_CELL_POLARITY_PATHWAY
GOBP_WOUND_HEALING	450	259	130	129	GOBP_WOUND_HEALING
GOBP_WOUND_HEALING_INVOLVED_IN_INFLAMMATORY_RESPONSE	10	6	3	3	GOBP_WOUND_HEALING_INVOLVED_IN_INFLAMMATORY_RESPONSE
GOBP_WOUND_HEALING_SPREADING_OF_EPIDERMAL_CELLS	27	16	8	8	GOBP_WOUND_HEALING_SPREADING_OF_EPIDERMAL_CELLS
GOBP_XENOBIOTIC_CATABOLIC_PROCESS	26	12	6	6	GOBP_XENOBIOTIC_CATABOLIC_PROCESS
GOBP_XENOBIOTIC_EXPORT_FROM_CELL	29	11	6	5	GOBP_XENOBIOTIC_EXPORT_FROM_CELL
GOBP_XENOBIOTIC_METABOLIC_PROCESS	135	73	37	36	GOBP_XENOBIOTIC_METABOLIC_PROCESS
GOBP_XENOBIOTIC_TRANSMEMBRANE_TRANSPORT	17	12	6	6	GOBP_XENOBIOTIC_TRANSMEMBRANE_TRANSPORT
GOBP_XENOBIOTIC_TRANSPORT	62	34	17	17	GOBP_XENOBIOTIC_TRANSPORT
GOBP_XENOBIOTIC_TRANSPORT_ACROSS_BLOOD_BRAIN_BARRIER	6	4	2	2	GOBP_XENOBIOTIC_TRANSPORT_ACROSS_BLOOD_BRAIN_BARRIER
GOBP_XMP_METABOLIC_PROCESS	8	3	2	1	GOBP_XMP_METABOLIC_PROCESS
GOBP_ZINC_ION_IMPORT_ACROSS_PLASMA_MEMBRANE	11	5	3	2	GOBP_ZINC_ION_IMPORT_ACROSS_PLASMA_MEMBRANE
GOBP_ZINC_ION_IMPORT_INTO_ORGANELLE	11	6	3	3	GOBP_ZINC_ION_IMPORT_INTO_ORGANELLE
GOBP_ZINC_ION_TRANSPORT	32	18	9	9	GOBP_ZINC_ION_TRANSPORT
GOBP_ZYGOTIC_DETERMINATION_OF_ANTERIOR_POSTERIOR_AXIS_EMBRYO	7	3	2	1	GOBP_THORAX_AND_ANTERIOR_ABDOMEN_DETERMINATION
GOBP_ZYMOGEN_ACTIVATION	47	31	16	15	GOBP_ZYMOGEN_ACTIVATION
