mode	cancer	section	set	bin	z	median_raw	n_tls
DTlike	KC	KC1	ANTIGEN_PRES	0.025	1.0744538800848624	0.08320794980725355	19
DTlike	KC	KC1	ANTIGEN_PRES	0.075	0.7807208395615395	0.08161337371438772	19
DTlike	KC	KC1	ANTIGEN_PRES	0.125	0.7089464293868706	0.08122373501953689	19
DTlike	KC	KC1	ANTIGEN_PRES	0.175	0.22132958468022057	0.07857663014613687	19
DTlike	KC	KC1	ANTIGEN_PRES	0.225	0.38627490820837684	0.07947206182470942	19
DTlike	KC	KC1	ANTIGEN_PRES	0.275	0.05163900732523402	0.07765543810947399	19
DTlike	KC	KC1	ANTIGEN_PRES	0.325	0.0875100935491081	0.07785016995310932	19
DTlike	KC	KC1	ANTIGEN_PRES	0.375	-0.02599468559485139	0.07723399137501503	19
DTlike	KC	KC1	ANTIGEN_PRES	0.425	-0.1490431563533013	0.07656600336322872	19
DTlike	KC	KC1	ANTIGEN_PRES	0.475	-0.22143274152251927	0.07617302509398922	19
DTlike	KC	KC1	ANTIGEN_PRES	0.525	-0.1683020711608808	0.07646145330964267	19
DTlike	KC	KC1	ANTIGEN_PRES	0.575	0.6752670343642858	0.08104090111692411	19
DTlike	KC	KC1	ANTIGEN_PRES	0.625	0.8007913062479775	0.08172232940522126	19
DTlike	KC	KC1	ANTIGEN_PRES	0.675	1.4630872826052574	0.08531770746830536	19
DTlike	KC	KC1	ANTIGEN_PRES	0.725	0.819244954229022	0.08182250794095666	19
DTlike	KC	KC1	ANTIGEN_PRES	0.775	0.2862897020561682	0.07892927637882795	19
DTlike	KC	KC1	ANTIGEN_PRES	0.825	-1.0658353862921406	0.0715890522875817	19
DTlike	KC	KC1	ANTIGEN_PRES	0.875	-1.2636058292782455	0.0705154242759039	19
DTlike	KC	KC1	ANTIGEN_PRES	0.925	-1.618639737035319	0.06858806676631789	19
DTlike	KC	KC1	ANTIGEN_PRES	0.975	-2.842701415061677	0.061943055076463145	19
DTlike	KC	KC1	B	0.025	1.3683159346157712	0.05253710228486013	19
DTlike	KC	KC1	B	0.075	1.5897168474984749	0.053977302844300266	19
DTlike	KC	KC1	B	0.125	1.5383073826553892	0.05364288714987738	19
DTlike	KC	KC1	B	0.175	1.021474749160819	0.05028091976589399	19
DTlike	KC	KC1	B	0.225	0.8318228705511023	0.04904724489926283	19
DTlike	KC	KC1	B	0.275	0.8745008823114773	0.049324862979571504	19
DTlike	KC	KC1	B	0.325	0.4292764963946797	0.046428703242355464	19
DTlike	KC	KC1	B	0.375	-0.0022783936976461805	0.043621462811195305	19
DTlike	KC	KC1	B	0.425	-0.21765612116173597	0.042220442736137793	19
DTlike	KC	KC1	B	0.475	-0.26738406025385014	0.041896965272708316	19
DTlike	KC	KC1	B	0.525	-0.3135373117657183	0.04159674095212212	19
DTlike	KC	KC1	B	0.575	-0.13762643191063562	0.04274103139013453	19
DTlike	KC	KC1	B	0.625	0.15540479461927734	0.04464718313488995	19
DTlike	KC	KC1	B	0.675	-0.009211699716607236	0.04357636204319365	19
DTlike	KC	KC1	B	0.725	-0.3656671791345428	0.0412576390795481	19
DTlike	KC	KC1	B	0.775	-0.4377190011211832	0.040788946006051985	19
DTlike	KC	KC1	B	0.825	-0.9164046897083975	0.03767512236583722	19
DTlike	KC	KC1	B	0.875	-1.309290715164973	0.03511942073709757	19
DTlike	KC	KC1	B	0.925	-1.731951156218194	0.03237003819963461	19
DTlike	KC	KC1	B	0.975	-2.1000931979535093	0.029975294801527986	19
DTlike	KC	KC1	CCL19	0.025	1.9784479550304626	0.01971775257188077	19
DTlike	KC	KC1	CCL19	0.075	1.8655270359665022	0.018966267318117933	19
DTlike	KC	KC1	CCL19	0.125	1.6076890105834003	0.01725036316554033	19
DTlike	KC	KC1	CCL19	0.175	0.3560229241151736	0.008920563741191543	19
DTlike	KC	KC1	CCL19	0.225	0.7215965124361247	0.01135344476151651	19
DTlike	KC	KC1	CCL19	0.275	-0.46838070160753353	0.0034341828915252313	19
DTlike	KC	KC1	CCL19	0.325	0.6920053837739418	0.011156516707652251	19
DTlike	KC	KC1	CCL19	0.375	0.8076204837855914	0.011925931653007578	19
DTlike	KC	KC1	CCL19	0.425	0.5004146466117793	0.009881486226777708	19
DTlike	KC	KC1	CCL19	0.475	0.009893660878392363	0.006617084108060812	19
DTlike	KC	KC1	CCL19	0.525	-0.9844135663949799	0.0	19
DTlike	KC	KC1	CCL19	0.575	-0.9844135663949799	0.0	19
DTlike	KC	KC1	CCL19	0.625	-0.11703917664586794	0.00577234996660624	19
DTlike	KC	KC1	CCL19	0.675	-0.07848920376812955	0.006028898854010962	19
DTlike	KC	KC1	CCL19	0.725	-0.9844135663949799	0.0	19
DTlike	KC	KC1	CCL19	0.775	-0.9844135663949799	0.0	19
DTlike	KC	KC1	CCL19	0.825	-0.9844135663949799	0.0	19
DTlike	KC	KC1	CCL19	0.875	-0.9844135663949799	0.0	19
DTlike	KC	KC1	CCL19	0.925	-0.9844135663949799	0.0	19
DTlike	KC	KC1	CCL19	0.975	-0.9844135663949799	0.0	19
DTlike	KC	KC1	CCL21	0.025	-0.9464220838403637	0.0	19
DTlike	KC	KC1	CCL21	0.075	-0.9464220838403637	0.0	19
DTlike	KC	KC1	CCL21	0.125	0.4974595728288034	0.006918422507525033	19
DTlike	KC	KC1	CCL21	0.175	0.49180357626288634	0.006891321551041942	19
DTlike	KC	KC1	CCL21	0.225	0.8103005984404564	0.008417414050822124	19
DTlike	KC	KC1	CCL21	0.275	0.4589560619842923	0.006733931240657699	19
DTlike	KC	KC1	CCL21	0.325	0.5593402152574819	0.0072149263292761055	19
DTlike	KC	KC1	CCL21	0.375	-0.9464220838403637	0.0	19
DTlike	KC	KC1	CCL21	0.425	1.7702263852435531	0.013016940707523668	19
DTlike	KC	KC1	CCL21	0.475	1.5971630651351312	0.012187700192184497	19
DTlike	KC	KC1	CCL21	0.525	1.3279812856252413	0.01089790384815935	19
DTlike	KC	KC1	CCL21	0.575	1.0805656264836592	0.00971240082787168	19
DTlike	KC	KC1	CCL21	0.625	0.8704244511421327	0.008705500137274641	19
DTlike	KC	KC1	CCL21	0.675	-0.9464220838403637	0.0	19
DTlike	KC	KC1	CCL21	0.725	-0.9464220838403637	0.0	19
DTlike	KC	KC1	CCL21	0.775	-0.9464220838403637	0.0	19
DTlike	KC	KC1	CCL21	0.825	-0.9464220838403637	0.0	19
DTlike	KC	KC1	CCL21	0.875	-0.9464220838403637	0.0	19
DTlike	KC	KC1	CCL21	0.925	-0.9464220838403637	0.0	19
DTlike	KC	KC1	CCL21	0.975	-0.9464220838403637	0.0	19
DTlike	KC	KC1	CD74	0.025	1.1043105675132323	0.7256080989264845	19
DTlike	KC	KC1	CD74	0.075	0.8763303521703515	0.7166118183133227	19
DTlike	KC	KC1	CD74	0.125	0.15699191925722705	0.6882261516510395	19
DTlike	KC	KC1	CD74	0.175	0.18979144675215767	0.6895204470918949	19
DTlike	KC	KC1	CD74	0.225	-0.35166237673790635	0.6681542485914682	19
DTlike	KC	KC1	CD74	0.275	0.7310734144049126	0.710879864024302	19
DTlike	KC	KC1	CD74	0.325	0.7193352486138759	0.7104166666666666	19
DTlike	KC	KC1	CD74	0.375	0.5297519487848003	0.7029355588772629	19
DTlike	KC	KC1	CD74	0.425	-0.6664240111349966	0.6557335041639974	19
DTlike	KC	KC1	CD74	0.475	-0.9120491700762686	0.6460409400431821	19
DTlike	KC	KC1	CD74	0.525	-1.2272455166227734	0.6336030415285631	19
DTlike	KC	KC1	CD74	0.575	-1.0004683273609196	0.6425518497757847	19
DTlike	KC	KC1	CD74	0.625	0.04135972334319559	0.6836632132364311	19
DTlike	KC	KC1	CD74	0.675	0.2905828961906581	0.6934977578475335	19
DTlike	KC	KC1	CD74	0.725	-0.9002758820742092	0.6465055233511977	19
DTlike	KC	KC1	CD74	0.775	-1.6182055308729442	0.6181754484304933	19
DTlike	KC	KC1	CD74	0.825	-1.7873626572155141	0.6115003736920777	19
DTlike	KC	KC1	CD74	0.875	0.4866110286072364	0.7012331838565021	19
DTlike	KC	KC1	CD74	0.925	1.982075243298928	0.7602453911310412	19
DTlike	KC	KC1	CD74	0.975	1.355479683158982	0.7355194319880418	19
DTlike	KC	KC1	COL1A1	0.025	-1.061471765527481	0.7118187305967575	19
DTlike	KC	KC1	COL1A1	0.075	-0.4278474697893098	0.7385455254435562	19
DTlike	KC	KC1	COL1A1	0.125	-0.07111114755374293	0.75359295743586	19
DTlike	KC	KC1	COL1A1	0.175	0.05633189245048116	0.7589686098654707	19
DTlike	KC	KC1	COL1A1	0.225	-0.06607961924852379	0.7538051914453258	19
DTlike	KC	KC1	COL1A1	0.275	0.49129649993833796	0.7773157753831738	19
DTlike	KC	KC1	COL1A1	0.325	0.7870333312674344	0.7897901985906469	19
DTlike	KC	KC1	COL1A1	0.375	0.9338936119807466	0.7959848862315229	19
DTlike	KC	KC1	COL1A1	0.425	1.1298621322717843	0.8042509998788026	19
DTlike	KC	KC1	COL1A1	0.475	-0.22558331582261654	0.7470771941063421	19
DTlike	KC	KC1	COL1A1	0.525	-1.4882044751284123	0.6938187933143091	19
DTlike	KC	KC1	COL1A1	0.575	-1.6848071387065808	0.685525930980698	19
DTlike	KC	KC1	COL1A1	0.625	-1.459254639075373	0.6950399212512305	19
DTlike	KC	KC1	COL1A1	0.675	-0.27441486892042793	0.7450174389636273	19
DTlike	KC	KC1	COL1A1	0.725	0.002527922340712561	0.7566991140763425	19
DTlike	KC	KC1	COL1A1	0.775	0.19019357712118298	0.764615006015531	19
DTlike	KC	KC1	COL1A1	0.825	-0.34702629027181614	0.7419546293853864	19
DTlike	KC	KC1	COL1A1	0.875	-0.20037138662746037	0.7481406540522805	19
DTlike	KC	KC1	COL1A1	0.925	1.063270541161486	0.8014421116999593	19
DTlike	KC	KC1	COL1A1	0.975	2.6517626081396104	0.8684460158675406	19
DTlike	KC	KC1	CXCL10	0.025	0.0	0.0	19
DTlike	KC	KC1	CXCL10	0.075	0.0	0.0	19
DTlike	KC	KC1	CXCL10	0.125	0.0	0.0	19
DTlike	KC	KC1	CXCL10	0.175	0.0	0.0	19
DTlike	KC	KC1	CXCL10	0.225	0.0	0.0	19
DTlike	KC	KC1	CXCL10	0.275	0.0	0.0	19
DTlike	KC	KC1	CXCL10	0.325	0.0	0.0	19
DTlike	KC	KC1	CXCL10	0.375	0.0	0.0	19
DTlike	KC	KC1	CXCL10	0.425	0.0	0.0	19
DTlike	KC	KC1	CXCL10	0.475	0.0	0.0	19
DTlike	KC	KC1	CXCL10	0.525	0.0	0.0	19
DTlike	KC	KC1	CXCL10	0.575	0.0	0.0	19
DTlike	KC	KC1	CXCL10	0.625	0.0	0.0	19
DTlike	KC	KC1	CXCL10	0.675	0.0	0.0	19
DTlike	KC	KC1	CXCL10	0.725	0.0	0.0	19
DTlike	KC	KC1	CXCL10	0.775	0.0	0.0	19
DTlike	KC	KC1	CXCL10	0.825	0.0	0.0	19
DTlike	KC	KC1	CXCL10	0.875	0.0	0.0	19
DTlike	KC	KC1	CXCL10	0.925	0.0	0.0	19
DTlike	KC	KC1	CXCL10	0.975	0.0	0.0	19
DTlike	KC	KC1	CXCL11	0.025	-0.4091429618388388	0.0	19
DTlike	KC	KC1	CXCL11	0.075	-0.4091429618388388	0.0	19
DTlike	KC	KC1	CXCL11	0.125	-0.4091429618388388	0.0	19
DTlike	KC	KC1	CXCL11	0.175	2.1350315748436874	0.006976543635736461	19
DTlike	KC	KC1	CXCL11	0.225	1.7110024853965995	0.0058137863631137175	19
DTlike	KC	KC1	CXCL11	0.275	-0.4091429618388388	0.0	19
DTlike	KC	KC1	CXCL11	0.325	-0.4091429618388388	0.0	19
DTlike	KC	KC1	CXCL11	0.375	3.1093962910199733	0.009648411411124892	19
DTlike	KC	KC1	CXCL11	0.425	-0.4091429618388388	0.0	19
DTlike	KC	KC1	CXCL11	0.475	-0.4091429618388388	0.0	19
DTlike	KC	KC1	CXCL11	0.525	-0.4091429618388388	0.0	19
DTlike	KC	KC1	CXCL11	0.575	-0.4091429618388388	0.0	19
DTlike	KC	KC1	CXCL11	0.625	-0.4091429618388388	0.0	19
DTlike	KC	KC1	CXCL11	0.675	-0.4091429618388388	0.0	19
DTlike	KC	KC1	CXCL11	0.725	-0.4091429618388388	0.0	19
DTlike	KC	KC1	CXCL11	0.775	-0.4091429618388388	0.0	19
DTlike	KC	KC1	CXCL11	0.825	-0.4091429618388388	0.0	19
DTlike	KC	KC1	CXCL11	0.875	-0.4091429618388388	0.0	19
DTlike	KC	KC1	CXCL11	0.925	-0.4091429618388388	0.0	19
DTlike	KC	KC1	CXCL11	0.975	-0.4091429618388388	0.0	19
DTlike	KC	KC1	CXCL13	0.025	0.0	0.0	19
DTlike	KC	KC1	CXCL13	0.075	0.0	0.0	19
DTlike	KC	KC1	CXCL13	0.125	0.0	0.0	19
DTlike	KC	KC1	CXCL13	0.175	0.0	0.0	19
DTlike	KC	KC1	CXCL13	0.225	0.0	0.0	19
DTlike	KC	KC1	CXCL13	0.275	0.0	0.0	19
DTlike	KC	KC1	CXCL13	0.325	0.0	0.0	19
DTlike	KC	KC1	CXCL13	0.375	0.0	0.0	19
DTlike	KC	KC1	CXCL13	0.425	0.0	0.0	19
DTlike	KC	KC1	CXCL13	0.475	0.0	0.0	19
DTlike	KC	KC1	CXCL13	0.525	0.0	0.0	19
DTlike	KC	KC1	CXCL13	0.575	0.0	0.0	19
DTlike	KC	KC1	CXCL13	0.625	0.0	0.0	19
DTlike	KC	KC1	CXCL13	0.675	0.0	0.0	19
DTlike	KC	KC1	CXCL13	0.725	0.0	0.0	19
DTlike	KC	KC1	CXCL13	0.775	0.0	0.0	19
DTlike	KC	KC1	CXCL13	0.825	0.0	0.0	19
DTlike	KC	KC1	CXCL13	0.875	0.0	0.0	19
DTlike	KC	KC1	CXCL13	0.925	0.0	0.0	19
DTlike	KC	KC1	CXCL13	0.975	0.0	0.0	19
DTlike	KC	KC1	CXCL16	0.025	1.0121922202192233	0.030991857446306347	19
DTlike	KC	KC1	CXCL16	0.075	0.881992396561544	0.029984038914646197	19
DTlike	KC	KC1	CXCL16	0.125	-0.13638737026499728	0.022101217168481742	19
DTlike	KC	KC1	CXCL16	0.175	-0.16028312023544494	0.021916250868439336	19
DTlike	KC	KC1	CXCL16	0.225	-0.22194752580839447	0.02143893431812187	19
DTlike	KC	KC1	CXCL16	0.275	0.07999787375093272	0.023776158445440957	19
DTlike	KC	KC1	CXCL16	0.325	0.7211074081460715	0.02873870026336394	19
DTlike	KC	KC1	CXCL16	0.375	-0.6127797441422994	0.018413677130044843	19
DTlike	KC	KC1	CXCL16	0.425	0.6909692113634947	0.028505413977906596	19
DTlike	KC	KC1	CXCL16	0.475	-0.6072815090796548	0.01845623650556386	19
DTlike	KC	KC1	CXCL16	0.525	0.9728189666745172	0.03068708672189709	19
DTlike	KC	KC1	CXCL16	0.575	-1.5795303921082904	0.010930493273542601	19
DTlike	KC	KC1	CXCL16	0.625	-1.251702203963127	0.013468064477033087	19
DTlike	KC	KC1	CXCL16	0.675	-0.9905979863688614	0.015489155303376956	19
DTlike	KC	KC1	CXCL16	0.725	-0.6708847857625131	0.017963912022207987	19
DTlike	KC	KC1	CXCL16	0.775	-1.0024209706747973	0.015397638876178274	19
DTlike	KC	KC1	CXCL16	0.825	1.8330631873222212	0.03734585201793722	19
DTlike	KC	KC1	CXCL16	0.875	2.2048183280065468	0.04022344209061388	19
DTlike	KC	KC1	CXCL16	0.925	-0.6646777190018966	0.018011958146487296	19
DTlike	KC	KC1	CXCL16	0.975	-0.498466264634282	0.019298526585522103	19
DTlike	KC	KC1	EMT	0.025	-0.2366556984802517	0.012517979524494459	19
DTlike	KC	KC1	EMT	0.075	-0.09543230753805211	0.012716619618641787	19
DTlike	KC	KC1	EMT	0.125	0.41119083800919876	0.013429218775603755	19
DTlike	KC	KC1	EMT	0.175	-0.10097453594143666	0.012708824105699566	19
DTlike	KC	KC1	EMT	0.225	-0.3329576232174351	0.012382524460933547	19
DTlike	KC	KC1	EMT	0.275	-0.8792614319380203	0.011614111811489972	19
DTlike	KC	KC1	EMT	0.325	-1.1108458588654246	0.011288372909024852	19
DTlike	KC	KC1	EMT	0.375	-1.58950195928144	0.010615111261528047	19
DTlike	KC	KC1	EMT	0.425	-1.4783572892248504	0.010771443633783935	19
DTlike	KC	KC1	EMT	0.475	-0.5601577585688913	0.012062952356231922	19
DTlike	KC	KC1	EMT	0.525	-0.9656213721938074	0.011492640810485696	19
DTlike	KC	KC1	EMT	0.575	0.12033061687635557	0.01302010452530801	19
DTlike	KC	KC1	EMT	0.625	1.282248464425649	0.014654419273656726	19
DTlike	KC	KC1	EMT	0.675	2.2775786451501934	0.016054417386488627	19
DTlike	KC	KC1	EMT	0.725	1.3235004849005578	0.014712442984716441	19
DTlike	KC	KC1	EMT	0.775	0.6466569654126982	0.013760417548015907	19
DTlike	KC	KC1	EMT	0.825	-0.7835270676559797	0.011748768563514164	19
DTlike	KC	KC1	EMT	0.875	0.22175118450528455	0.013162759300610293	19
DTlike	KC	KC1	EMT	0.925	0.5447634718315552	0.013617097570900768	19
DTlike	KC	KC1	EMT	0.975	1.3052722317941101	0.014686803734100458	19
DTlike	KC	KC1	G2M	0.025	-2.323258111855551	0.00900106207222091	19
DTlike	KC	KC1	G2M	0.075	-0.9223714618054555	0.00980399387746602	19
DTlike	KC	KC1	G2M	0.125	0.7651614671430715	0.010771219784717513	19
DTlike	KC	KC1	G2M	0.175	-0.5364339081297018	0.010025197739087282	19
DTlike	KC	KC1	G2M	0.225	-0.03294011196432351	0.01031378010417037	19
DTlike	KC	KC1	G2M	0.275	-1.6484255794177944	0.009387848900040992	19
DTlike	KC	KC1	G2M	0.325	0.4571692091386675	0.010594691027225142	19
DTlike	KC	KC1	G2M	0.375	-0.8738285634314341	0.009831816711684541	19
DTlike	KC	KC1	G2M	0.425	-0.4162688126651852	0.01009407153199931	19
DTlike	KC	KC1	G2M	0.475	-0.5617619488105282	0.010010680726289387	19
DTlike	KC	KC1	G2M	0.525	-0.27082222958346025	0.010177435655368154	19
DTlike	KC	KC1	G2M	0.575	0.24467573673477944	0.010472898327299024	19
DTlike	KC	KC1	G2M	0.625	0.6668603574408366	0.010714877547843466	19
DTlike	KC	KC1	G2M	0.675	-0.23518737084682087	0.010197860121154905	19
DTlike	KC	KC1	G2M	0.725	0.26782103260278645	0.010486164278683147	19
DTlike	KC	KC1	G2M	0.775	-0.05198928584830278	0.010302861884930759	19
DTlike	KC	KC1	G2M	0.825	1.840873102958078	0.011387774368657068	19
DTlike	KC	KC1	G2M	0.875	1.0983812268927329	0.01096220793013925	19
DTlike	KC	KC1	G2M	0.925	1.5738591267300726	0.011234732711824404	19
DTlike	KC	KC1	G2M	0.975	0.9584861247175087	0.010882025692032773	19
DTlike	KC	KC1	HLA-DRA	0.025	-0.29773360586194364	0.28335201793721976	19
DTlike	KC	KC1	HLA-DRA	0.075	0.47530169896427776	0.3399616173899825	19
DTlike	KC	KC1	HLA-DRA	0.125	1.2424339902183605	0.3961389374477464	19
DTlike	KC	KC1	HLA-DRA	0.175	1.2430635941223056	0.3961850435241361	19
DTlike	KC	KC1	HLA-DRA	0.225	1.1255995056029795	0.3875831142724601	19
DTlike	KC	KC1	HLA-DRA	0.275	0.8055153905185464	0.3641432617417984	19
DTlike	KC	KC1	HLA-DRA	0.325	0.2580310136305238	0.32405082212257097	19
DTlike	KC	KC1	HLA-DRA	0.375	0.22940334385407848	0.3219544095665172	19
DTlike	KC	KC1	HLA-DRA	0.425	-0.15634484718759367	0.29370595771941066	19
DTlike	KC	KC1	HLA-DRA	0.475	-0.019834286210910924	0.30370266567015447	19
DTlike	KC	KC1	HLA-DRA	0.525	0.024585601049100802	0.306955546890232	19
DTlike	KC	KC1	HLA-DRA	0.575	0.3648408449273791	0.33187253702948766	19
DTlike	KC	KC1	HLA-DRA	0.625	0.624139899483221	0.3508610819578284	19
DTlike	KC	KC1	HLA-DRA	0.675	1.118085820069424	0.38703288490284005	19
DTlike	KC	KC1	HLA-DRA	0.725	0.338862081234607	0.32997010463378174	19
DTlike	KC	KC1	HLA-DRA	0.775	-0.5439519778251389	0.26532137518684606	19
DTlike	KC	KC1	HLA-DRA	0.825	-1.1903783893127842	0.21798338169348458	19
DTlike	KC	KC1	HLA-DRA	0.875	-1.415416324544971	0.20150378846451214	19
DTlike	KC	KC1	HLA-DRA	0.925	-2.082862364840106	0.15262652146060218	19
DTlike	KC	KC1	HLA-DRA	0.975	-2.143340987891363	0.14819765436357366	19
DTlike	KC	KC1	IFN_I	0.025	0.6147553744701335	0.018323044668336147	19
DTlike	KC	KC1	IFN_I	0.075	0.5788264958858438	0.0182210901301228	19
DTlike	KC	KC1	IFN_I	0.125	-0.19600249961008645	0.01602237601649496	19
DTlike	KC	KC1	IFN_I	0.175	0.11708522158697944	0.016910817718342942	19
DTlike	KC	KC1	IFN_I	0.225	0.6803337497610016	0.018509134889712706	19
DTlike	KC	KC1	IFN_I	0.275	1.1090183834494798	0.01972560324578262	19
DTlike	KC	KC1	IFN_I	0.325	1.2346328758194818	0.020082056552067764	19
DTlike	KC	KC1	IFN_I	0.375	-0.1554442272128207	0.016137467277228115	19
DTlike	KC	KC1	IFN_I	0.425	0.2744835119561882	0.017357463164638053	19
DTlike	KC	KC1	IFN_I	0.475	-0.12474990644665665	0.01622456783318187	19
DTlike	KC	KC1	IFN_I	0.525	0.9751911154472854	0.01934584473822142	19
DTlike	KC	KC1	IFN_I	0.575	0.40190328131481995	0.01771903926319992	19
DTlike	KC	KC1	IFN_I	0.625	0.515788755832517	0.018042209409922415	19
DTlike	KC	KC1	IFN_I	0.675	0.5662915878409135	0.0181855201148141	19
DTlike	KC	KC1	IFN_I	0.725	-0.25215499637240424	0.015863033390103278	19
DTlike	KC	KC1	IFN_I	0.775	-0.3875152347163972	0.015478924808466533	19
DTlike	KC	KC1	IFN_I	0.825	-0.6148047255716823	0.014833950737635666	19
DTlike	KC	KC1	IFN_I	0.875	-0.43018047594357955	0.015357854651576625	19
DTlike	KC	KC1	IFN_I	0.925	-1.621522095222373	0.011977212409627527	19
DTlike	KC	KC1	IFN_I	0.975	-3.2859361922686383	0.007254143464905797	19
DTlike	KC	KC1	IFN_II	0.025	-0.14615287382096498	0.06026684012373805	19
DTlike	KC	KC1	IFN_II	0.075	-0.3337479909935251	0.05974004404497679	19
DTlike	KC	KC1	IFN_II	0.125	-0.576910805902146	0.0590572052838987	19
DTlike	KC	KC1	IFN_II	0.175	-0.33949399470061226	0.0597239083786169	19
DTlike	KC	KC1	IFN_II	0.225	-1.1008004332176007	0.05758604225186938	19
DTlike	KC	KC1	IFN_II	0.275	-2.174069546384056	0.05457213672600444	19
DTlike	KC	KC1	IFN_II	0.325	-0.8613389611934297	0.05825848707014626	19
DTlike	KC	KC1	IFN_II	0.375	0.25495009279741315	0.06139319923787056	19
DTlike	KC	KC1	IFN_II	0.425	-0.2593571841307608	0.05994894492652342	19
DTlike	KC	KC1	IFN_II	0.475	-0.5269579811116228	0.05919748053529818	19
DTlike	KC	KC1	IFN_II	0.525	-0.8492446446414522	0.05829244978000197	19
DTlike	KC	KC1	IFN_II	0.575	-0.7692325712753413	0.0585171360465643	19
DTlike	KC	KC1	IFN_II	0.625	-0.04877757238882319	0.060540285017911186	19
DTlike	KC	KC1	IFN_II	0.675	1.7371353789878314	0.06555540456885747	19
DTlike	KC	KC1	IFN_II	0.725	0.871760170908519	0.06312529725506183	19
DTlike	KC	KC1	IFN_II	0.775	1.4144717268154212	0.0646493151711955	19
DTlike	KC	KC1	IFN_II	0.825	0.10038749872112925	0.06095916358859693	19
DTlike	KC	KC1	IFN_II	0.875	0.8909364745942076	0.06317914727919366	19
DTlike	KC	KC1	IFN_II	0.925	0.7491456771176342	0.06278097680844318	19
DTlike	KC	KC1	IFN_II	0.975	1.9672975398182633	0.0662017354842467	19
DTlike	KC	KC1	INFLAMMATION	0.025	-0.6761802615791126	0.026643388598328027	19
DTlike	KC	KC1	INFLAMMATION	0.075	-0.4195250853562008	0.02684504155498399	19
DTlike	KC	KC1	INFLAMMATION	0.125	-0.026422868056252036	0.02715390041204324	19
DTlike	KC	KC1	INFLAMMATION	0.175	0.6859494299147485	0.02771360850848502	19
DTlike	KC	KC1	INFLAMMATION	0.225	0.6019158285304547	0.027647583640305957	19
DTlike	KC	KC1	INFLAMMATION	0.275	0.6399270576963514	0.027677448912692956	19
DTlike	KC	KC1	INFLAMMATION	0.325	0.6812526551415505	0.02770991827112569	19
DTlike	KC	KC1	INFLAMMATION	0.375	0.836387424480507	0.027831807045697574	19
DTlike	KC	KC1	INFLAMMATION	0.425	1.306242235568481	0.028200970112070442	19
DTlike	KC	KC1	INFLAMMATION	0.475	0.2053810162314144	0.027336027806934924	19
DTlike	KC	KC1	INFLAMMATION	0.525	-0.19943464794059537	0.027017965741005526	19
DTlike	KC	KC1	INFLAMMATION	0.575	-0.22452747004120624	0.026998250409945787	19
DTlike	KC	KC1	INFLAMMATION	0.625	0.6728228382735095	0.02770329499735999	19
DTlike	KC	KC1	INFLAMMATION	0.675	0.07205788947788484	0.02723127635365772	19
DTlike	KC	KC1	INFLAMMATION	0.725	-1.0650927149797877	0.026337821622190144	19
DTlike	KC	KC1	INFLAMMATION	0.775	-1.3541892110110385	0.026110679648895407	19
DTlike	KC	KC1	INFLAMMATION	0.825	0.036429622225652714	0.027203283365019527	19
DTlike	KC	KC1	INFLAMMATION	0.875	1.4189207877046057	0.028289501204738637	19
DTlike	KC	KC1	INFLAMMATION	0.925	-0.08160879853503666	0.02711054104477612	19
DTlike	KC	KC1	INFLAMMATION	0.975	-3.1103057277459567	0.024730905848719256	19
DTlike	KC	KC1	MHC_II	0.025	0.5755161961541717	0.22834721332479177	19
DTlike	KC	KC1	MHC_II	0.075	0.5297071190772082	0.22794614012247458	19
DTlike	KC	KC1	MHC_II	0.125	0.6843844399662077	0.22930038981212816	19
DTlike	KC	KC1	MHC_II	0.175	1.1826452871768829	0.2336628237735091	19
DTlike	KC	KC1	MHC_II	0.225	0.8804825408223722	0.2310172917515967	19
DTlike	KC	KC1	MHC_II	0.275	0.9695428819358223	0.23179704368045176	19
DTlike	KC	KC1	MHC_II	0.325	0.20706698078985522	0.22512132194852266	19
DTlike	KC	KC1	MHC_II	0.375	-0.8145745580800036	0.21617652170890256	19
DTlike	KC	KC1	MHC_II	0.425	-1.389768311946052	0.21114051540761178	19
DTlike	KC	KC1	MHC_II	0.475	-1.392207918102561	0.21111915587111774	19
DTlike	KC	KC1	MHC_II	0.525	-1.0867357472228079	0.21379366296908192	19
DTlike	KC	KC1	MHC_II	0.575	0.07033597272617392	0.22392419799931007	19
DTlike	KC	KC1	MHC_II	0.625	0.6944533477287207	0.22938854633781766	19
DTlike	KC	KC1	MHC_II	0.675	1.9565950964654228	0.24043900326131273	19
DTlike	KC	KC1	MHC_II	0.725	0.651271463756305	0.22901047505605382	19
DTlike	KC	KC1	MHC_II	0.775	0.3918167840048177	0.22673886589245335	19
DTlike	KC	KC1	MHC_II	0.825	-1.6771274959399725	0.2086245933350919	19
DTlike	KC	KC1	MHC_II	0.875	-0.8212532013975249	0.2161180480387609	19
DTlike	KC	KC1	MHC_II	0.925	-0.37659075512374085	0.22001121076233185	19
DTlike	KC	KC1	MHC_II	0.975	-1.2355601227912187	0.2124906576980568	19
DTlike	KC	KC1	MKI67	0.025	0.0	0.0	19
DTlike	KC	KC1	MKI67	0.075	0.0	0.0	19
DTlike	KC	KC1	MKI67	0.125	0.0	0.0	19
DTlike	KC	KC1	MKI67	0.175	0.0	0.0	19
DTlike	KC	KC1	MKI67	0.225	0.0	0.0	19
DTlike	KC	KC1	MKI67	0.275	0.0	0.0	19
DTlike	KC	KC1	MKI67	0.325	0.0	0.0	19
DTlike	KC	KC1	MKI67	0.375	0.0	0.0	19
DTlike	KC	KC1	MKI67	0.425	0.0	0.0	19
DTlike	KC	KC1	MKI67	0.475	0.0	0.0	19
DTlike	KC	KC1	MKI67	0.525	0.0	0.0	19
DTlike	KC	KC1	MKI67	0.575	0.0	0.0	19
DTlike	KC	KC1	MKI67	0.625	0.0	0.0	19
DTlike	KC	KC1	MKI67	0.675	0.0	0.0	19
DTlike	KC	KC1	MKI67	0.725	0.0	0.0	19
DTlike	KC	KC1	MKI67	0.775	0.0	0.0	19
DTlike	KC	KC1	MKI67	0.825	0.0	0.0	19
DTlike	KC	KC1	MKI67	0.875	0.0	0.0	19
DTlike	KC	KC1	MKI67	0.925	0.0	0.0	19
DTlike	KC	KC1	MKI67	0.975	0.0	0.0	19
DTlike	KC	KC1	MYC	0.025	2.5844408874616476	0.0896660794362588	19
DTlike	KC	KC1	MYC	0.075	0.8695930848763168	0.05792227204783259	19
DTlike	KC	KC1	MYC	0.125	0.2783510573870893	0.04697770133300571	19
DTlike	KC	KC1	MYC	0.175	-0.3879013507520372	0.03464460210159962	19
DTlike	KC	KC1	MYC	0.225	0.2629941795343671	0.04669342784126524	19
DTlike	KC	KC1	MYC	0.275	0.15132527960088665	0.04462630792227205	19
DTlike	KC	KC1	MYC	0.325	0.8383506751872839	0.05734393907039647	19
DTlike	KC	KC1	MYC	0.375	-1.5506522523674187	0.013120744062448099	19
DTlike	KC	KC1	MYC	0.425	-1.4380794415584104	0.015204596412556054	19
DTlike	KC	KC1	MYC	0.475	-0.9079608901921642	0.02501770120368185	19
DTlike	KC	KC1	MYC	0.525	-0.5685299896521692	0.03130095801059927	19
DTlike	KC	KC1	MYC	0.575	-0.7094403578973634	0.02869254484304933	19
DTlike	KC	KC1	MYC	0.625	-0.45594743299343604	0.033384990767607495	19
DTlike	KC	KC1	MYC	0.675	-0.4410352448950826	0.0336610325399563	19
DTlike	KC	KC1	MYC	0.725	1.0389703213442882	0.0610576397243793	19
DTlike	KC	KC1	MYC	0.775	1.341725976834695	0.06666199551569506	19
DTlike	KC	KC1	MYC	0.825	0.9718582194252358	0.05981531744158603	19
DTlike	KC	KC1	MYC	0.875	-0.7166321202815507	0.02855941704035874	19
DTlike	KC	KC1	MYC	0.925	-0.6224935092588183	0.030302031126351887	19
DTlike	KC	KC1	MYC	0.975	-0.5389370918033618	0.031848756624541376	19
DTlike	KC	KC1	TNFSF14	0.025	-0.33299850995183	0.0	19
DTlike	KC	KC1	TNFSF14	0.075	-0.33299850995183	0.0	19
DTlike	KC	KC1	TNFSF14	0.125	-0.33299850995183	0.0	19
DTlike	KC	KC1	TNFSF14	0.175	-0.33299850995183	0.0	19
DTlike	KC	KC1	TNFSF14	0.225	-0.33299850995183	0.0	19
DTlike	KC	KC1	TNFSF14	0.275	-0.33299850995183	0.0	19
DTlike	KC	KC1	TNFSF14	0.325	-0.33299850995183	0.0	19
DTlike	KC	KC1	TNFSF14	0.375	-0.33299850995183	0.0	19
DTlike	KC	KC1	TNFSF14	0.425	-0.33299850995183	0.0	19
DTlike	KC	KC1	TNFSF14	0.475	-0.33299850995183	0.0	19
DTlike	KC	KC1	TNFSF14	0.525	-0.33299850995183	0.0	19
DTlike	KC	KC1	TNFSF14	0.575	-0.33299850995183	0.0	19
DTlike	KC	KC1	TNFSF14	0.625	3.138688083162994	0.010612855007473842	19
DTlike	KC	KC1	TNFSF14	0.675	2.855285095969947	0.00974649949665965	19
DTlike	KC	KC1	TNFSF14	0.725	-0.33299850995183	0.0	19
DTlike	KC	KC1	TNFSF14	0.775	-0.33299850995183	0.0	19
DTlike	KC	KC1	TNFSF14	0.825	-0.33299850995183	0.0	19
DTlike	KC	KC1	TNFSF14	0.875	-0.33299850995183	0.0	19
DTlike	KC	KC1	TNFSF14	0.925	-0.33299850995183	0.0	19
DTlike	KC	KC1	TNFSF14	0.975	-0.33299850995183	0.0	19
DTlike	KC	KC2	ANTIGEN_PRES	0.025	0.20599846714894857	0.05763773963745937	14
DTlike	KC	KC2	ANTIGEN_PRES	0.075	0.06906208727606161	0.056792437406576975	14
DTlike	KC	KC2	ANTIGEN_PRES	0.125	-0.7746464825930124	0.05158426163190737	14
DTlike	KC	KC2	ANTIGEN_PRES	0.175	-0.43351627956731487	0.0536900433234247	14
DTlike	KC	KC2	ANTIGEN_PRES	0.225	-0.7024818669319466	0.05202973062024849	14
DTlike	KC	KC2	ANTIGEN_PRES	0.275	-0.7332734318807105	0.05183965564844252	14
DTlike	KC	KC2	ANTIGEN_PRES	0.325	-0.5622626449811744	0.05289529769042813	14
DTlike	KC	KC2	ANTIGEN_PRES	0.375	-0.5851858528894733	0.05275379373945577	14
DTlike	KC	KC2	ANTIGEN_PRES	0.425	-0.355558774871302	0.05417127156017767	14
DTlike	KC	KC2	ANTIGEN_PRES	0.475	-0.32547026977266647	0.05435700657455005	14
DTlike	KC	KC2	ANTIGEN_PRES	0.525	-0.7046635905592328	0.052016262936561905	14
DTlike	KC	KC2	ANTIGEN_PRES	0.575	-0.5292269811579785	0.05309922538556912	14
DTlike	KC	KC2	ANTIGEN_PRES	0.625	-0.4652733110646146	0.0534940085692141	14
DTlike	KC	KC2	ANTIGEN_PRES	0.675	-0.3859286345481689	0.05398379975640813	14
DTlike	KC	KC2	ANTIGEN_PRES	0.725	-0.39766983202354106	0.053911321862452004	14
DTlike	KC	KC2	ANTIGEN_PRES	0.775	-0.15755422261886204	0.05539354492463512	14
DTlike	KC	KC2	ANTIGEN_PRES	0.825	0.2002139420679242	0.057602032019366034	14
DTlike	KC	KC2	ANTIGEN_PRES	0.875	1.3472370449214144	0.06468255502293696	14
DTlike	KC	KC2	ANTIGEN_PRES	0.925	2.458801228644157	0.0715441916832752	14
DTlike	KC	KC2	ANTIGEN_PRES	0.975	2.831399405401515	0.07384422378816997	14
DTlike	KC	KC2	B	0.025	0.269526318207727	0.06548464303509147	14
DTlike	KC	KC2	B	0.075	-0.07643897473511431	0.061915368369073506	14
DTlike	KC	KC2	B	0.125	-0.4670512918115141	0.05788547671226586	14
DTlike	KC	KC2	B	0.175	-0.32485519991886636	0.05935249354531866	14
DTlike	KC	KC2	B	0.225	-0.5451584109646705	0.057079656685471825	14
DTlike	KC	KC2	B	0.275	-1.1541836119786646	0.05079643040443303	14
DTlike	KC	KC2	B	0.325	-1.3142793866495712	0.049144745092855276	14
DTlike	KC	KC2	B	0.375	-1.2199095540577216	0.05011834521858261	14
DTlike	KC	KC2	B	0.425	-0.921645081471865	0.05319549731299745	14
DTlike	KC	KC2	B	0.475	-1.0530565351161647	0.05183974405715081	14
DTlike	KC	KC2	B	0.525	-1.0101798264588069	0.052282096955244044	14
DTlike	KC	KC2	B	0.575	-0.6242545733369973	0.0562636328406134	14
DTlike	KC	KC2	B	0.625	-0.14715397060148092	0.06118581182568033	14
DTlike	KC	KC2	B	0.675	0.44701409655290536	0.06731575917216572	14
DTlike	KC	KC2	B	0.725	1.0634260681021617	0.07367519371303002	14
DTlike	KC	KC2	B	0.775	1.3550213571424892	0.07668354079041671	14
DTlike	KC	KC2	B	0.825	1.4625924545145115	0.07779333648518065	14
DTlike	KC	KC2	B	0.875	1.3764842630072176	0.07690497053416491	14
DTlike	KC	KC2	B	0.925	1.4024165117380227	0.07717250985188205	14
DTlike	KC	KC2	B	0.975	1.481685347836406	0.07799031514698555	14
DTlike	KC	KC2	CCL19	0.025	-1.6603548660274328	0.0	14
DTlike	KC	KC2	CCL19	0.075	-1.6603548660274328	0.0	14
DTlike	KC	KC2	CCL19	0.125	-1.6603548660274328	0.0	14
DTlike	KC	KC2	CCL19	0.175	-0.6424049853817516	0.01298710126014059	14
DTlike	KC	KC2	CCL19	0.225	-0.3109829944342231	0.017215414498453274	14
DTlike	KC	KC2	CCL19	0.275	0.41214700686621975	0.026441175736499244	14
DTlike	KC	KC2	CCL19	0.325	0.49314931840902465	0.027474610920601425	14
DTlike	KC	KC2	CCL19	0.375	-0.08298073226404706	0.020124289014423542	14
DTlike	KC	KC2	CCL19	0.425	-1.4009641960702708	0.0033093308037254227	14
DTlike	KC	KC2	CCL19	0.475	-0.5448121834087712	0.014232199496882862	14
DTlike	KC	KC2	CCL19	0.525	0.10253816515005842	0.022491156727850042	14
DTlike	KC	KC2	CCL19	0.575	1.5776179826217174	0.04131036513931223	14
DTlike	KC	KC2	CCL19	0.625	1.4308829155851082	0.0394383052174532	14
DTlike	KC	KC2	CCL19	0.675	0.27596421106197433	0.02470374269325653	14
DTlike	KC	KC2	CCL19	0.725	0.06732499960961022	0.022041903817408302	14
DTlike	KC	KC2	CCL19	0.775	0.18283422565886331	0.023515581494182126	14
DTlike	KC	KC2	CCL19	0.825	0.11492924281211758	0.0226492432735426	14
DTlike	KC	KC2	CCL19	0.875	0.8924712040215993	0.032569197464048245	14
DTlike	KC	KC2	CCL19	0.925	1.487764979934744	0.04016401199697164	14
DTlike	KC	KC2	CCL19	0.975	0.9255854379103235	0.03299167200512492	14
DTlike	KC	KC2	CCL21	0.025	1.1896900698058859	0.028734173041413874	14
DTlike	KC	KC2	CCL21	0.075	1.2768682877857946	0.02952489562393691	14
DTlike	KC	KC2	CCL21	0.125	-0.00029603298801877357	0.01794077870311054	14
DTlike	KC	KC2	CCL21	0.175	-0.07880798847229925	0.01722866072641857	14
DTlike	KC	KC2	CCL21	0.225	-0.8238362687574589	0.010471116244658846	14
DTlike	KC	KC2	CCL21	0.275	-0.8742233274005421	0.010014096291060108	14
DTlike	KC	KC2	CCL21	0.325	-0.8271886012301731	0.010440709968277843	14
DTlike	KC	KC2	CCL21	0.375	-1.0118327021058724	0.008765953777164541	14
DTlike	KC	KC2	CCL21	0.425	-1.0554096773630885	0.00837070254110613	14
DTlike	KC	KC2	CCL21	0.475	-1.9782907824468243	0.0	14
DTlike	KC	KC2	CCL21	0.525	-0.09733569567129459	0.01706061099078396	14
DTlike	KC	KC2	CCL21	0.575	1.6712079929137778	0.033101629781338855	14
DTlike	KC	KC2	CCL21	0.625	0.298099231502058	0.02064727901497302	14
DTlike	KC	KC2	CCL21	0.675	-0.6804892284228212	0.011771300448430493	14
DTlike	KC	KC2	CCL21	0.725	-1.00744829854421	0.008805721129462336	14
DTlike	KC	KC2	CCL21	0.775	0.24457512713844753	0.02016180547570682	14
DTlike	KC	KC2	CCL21	0.825	1.0252165224770127	0.027242367506565893	14
DTlike	KC	KC2	CCL21	0.875	1.6128085176362603	0.03257193572496263	14
DTlike	KC	KC2	CCL21	0.925	0.3785393124149476	0.02137688544639217	14
DTlike	KC	KC2	CCL21	0.975	0.7381535417284172	0.024638653106982704	14
DTlike	KC	KC2	CD74	0.025	-0.27021522564939054	0.6312648377736745	14
DTlike	KC	KC2	CD74	0.075	-0.27996055879884535	0.6303272597632426	14
DTlike	KC	KC2	CD74	0.125	-0.8878713609369429	0.571841439766355	14
DTlike	KC	KC2	CD74	0.175	-0.6027714834673817	0.599270299487508	14
DTlike	KC	KC2	CD74	0.225	-0.009235833781815271	0.6563731162941091	14
DTlike	KC	KC2	CD74	0.275	-0.9042816526786042	0.5702626401044251	14
DTlike	KC	KC2	CD74	0.325	-1.157249249052134	0.54592515958177	14
DTlike	KC	KC2	CD74	0.375	-0.9273010139602974	0.5680479957591867	14
DTlike	KC	KC2	CD74	0.425	-1.0637727832057233	0.5549183338043864	14
DTlike	KC	KC2	CD74	0.475	-1.1521547524643931	0.5464152903860877	14
DTlike	KC	KC2	CD74	0.525	-0.6753142594942357	0.5922911115443773	14
DTlike	KC	KC2	CD74	0.575	-0.4524824515417762	0.6137292912306925	14
DTlike	KC	KC2	CD74	0.625	-0.15586735193353438	0.6422660062603189	14
DTlike	KC	KC2	CD74	0.675	0.4504885926755975	0.7006022366838018	14
DTlike	KC	KC2	CD74	0.725	0.5673022202344818	0.711840630162851	14
DTlike	KC	KC2	CD74	0.775	1.0201329615014931	0.7554065235959854	14
DTlike	KC	KC2	CD74	0.825	1.1209742708308825	0.7651082539237668	14
DTlike	KC	KC2	CD74	0.875	1.6190100559660536	0.8130232295731175	14
DTlike	KC	KC2	CD74	0.925	1.7760905775146285	0.8281356162522082	14
DTlike	KC	KC2	CD74	0.975	1.9844792982419253	0.8481842568866111	14
DTlike	KC	KC2	COL1A1	0.025	0.42480080065649795	0.10836002562459962	14
DTlike	KC	KC2	COL1A1	0.075	1.3170270975827165	0.13997385766197618	14
DTlike	KC	KC2	COL1A1	0.125	0.26297089173052873	0.10262598306495446	14
DTlike	KC	KC2	COL1A1	0.175	0.007393888848254535	0.09357024410100363	14
DTlike	KC	KC2	COL1A1	0.225	0.09778234131568245	0.09677293535127056	14
DTlike	KC	KC2	COL1A1	0.275	0.7324731411323331	0.11926163402580764	14
DTlike	KC	KC2	COL1A1	0.325	0.692102866738637	0.1178312132027699	14
DTlike	KC	KC2	COL1A1	0.375	-0.08395143706013439	0.09033364840704593	14
DTlike	KC	KC2	COL1A1	0.425	-1.1428044854175283	0.052815809560156475	14
DTlike	KC	KC2	COL1A1	0.475	-1.3661470768234514	0.04490221723966119	14
DTlike	KC	KC2	COL1A1	0.525	-1.599009036279362	0.036651329657110696	14
DTlike	KC	KC2	COL1A1	0.575	-0.7126575760134166	0.06805700138799915	14
DTlike	KC	KC2	COL1A1	0.625	0.7117431868368693	0.11852711936792654	14
DTlike	KC	KC2	COL1A1	0.675	1.5070593457041177	0.14670718035655692	14
DTlike	KC	KC2	COL1A1	0.725	1.5835124250820276	0.14941610612855008	14
DTlike	KC	KC2	COL1A1	0.775	1.1519758910372053	0.13412567638860173	14
DTlike	KC	KC2	COL1A1	0.825	-0.20060685389070862	0.08620025224215247	14
DTlike	KC	KC2	COL1A1	0.875	-0.7097101827712777	0.06816143497757848	14
DTlike	KC	KC2	COL1A1	0.925	-1.2496387250005425	0.0490304025197523	14
DTlike	KC	KC2	COL1A1	0.975	-1.4243165034084546	0.04284112748238309	14
DTlike	KC	KC2	CXCL10	0.025	2.009361751444623	0.0405981408819133	14
DTlike	KC	KC2	CXCL10	0.075	0.5020723471837121	0.027065427254608868	14
DTlike	KC	KC2	CXCL10	0.125	1.046156595518091	0.031950312865177265	14
DTlike	KC	KC2	CXCL10	0.175	0.14323718626223497	0.02384374105524282	14
DTlike	KC	KC2	CXCL10	0.225	0.9510279359531719	0.03109623075990789	14
DTlike	KC	KC2	CXCL10	0.275	0.7069279608417978	0.028904657562168777	14
DTlike	KC	KC2	CXCL10	0.325	0.4281706705242193	0.02640192479517179	14
DTlike	KC	KC2	CXCL10	0.375	-0.30137351150798036	0.019851946757776358	14
DTlike	KC	KC2	CXCL10	0.425	0.10280729761676081	0.02348075429007592	14
DTlike	KC	KC2	CXCL10	0.475	-0.22236200589279634	0.02056132617471503	14
DTlike	KC	KC2	CXCL10	0.525	-0.8608189271383992	0.014829145842150565	14
DTlike	KC	KC2	CXCL10	0.575	-0.8471321285390431	0.014952028365835856	14
DTlike	KC	KC2	CXCL10	0.625	0.1990846005681292	0.024345149120933877	14
DTlike	KC	KC2	CXCL10	0.675	0.7238994646430099	0.029057030756140197	14
DTlike	KC	KC2	CXCL10	0.725	1.0718794939127445	0.03218125764370159	14
DTlike	KC	KC2	CXCL10	0.775	0.27407899191735574	0.025018462168125845	14
DTlike	KC	KC2	CXCL10	0.825	-1.1964129326009767	0.011816122889738854	14
DTlike	KC	KC2	CXCL10	0.875	-2.1520955383209235	0.003235833673053404	14
DTlike	KC	KC2	CXCL10	0.925	-1.6234928512290485	0.007981723060198396	14
DTlike	KC	KC2	CXCL10	0.975	-0.9550164011566936	0.01398342408712364	14
DTlike	KC	KC2	CXCL11	0.025	-1.0694219746340108	0.0	14
DTlike	KC	KC2	CXCL11	0.075	-1.0694219746340108	0.0	14
DTlike	KC	KC2	CXCL11	0.125	-1.0694219746340108	0.0	14
DTlike	KC	KC2	CXCL11	0.175	-1.0694219746340108	0.0	14
DTlike	KC	KC2	CXCL11	0.225	-1.0694219746340108	0.0	14
DTlike	KC	KC2	CXCL11	0.275	0.005532100623542584	0.005775544522741832	14
DTlike	KC	KC2	CXCL11	0.325	1.0245599505500922	0.01125060699529867	14
DTlike	KC	KC2	CXCL11	0.375	1.0245599505500922	0.01125060699529867	14
DTlike	KC	KC2	CXCL11	0.425	-1.0694219746340108	0.0	14
DTlike	KC	KC2	CXCL11	0.475	-1.0694219746340108	0.0	14
DTlike	KC	KC2	CXCL11	0.525	1.1398439093296615	0.011870008002294999	14
DTlike	KC	KC2	CXCL11	0.575	1.3278104834331323	0.012879920279023419	14
DTlike	KC	KC2	CXCL11	0.625	1.1357139338781528	0.011847818350060503	14
DTlike	KC	KC2	CXCL11	0.675	-1.0694219746340108	0.0	14
DTlike	KC	KC2	CXCL11	0.725	-0.4786629845747904	0.0031740470852017937	14
DTlike	KC	KC2	CXCL11	0.775	0.1742811623327689	0.0066822043898985125	14
DTlike	KC	KC2	CXCL11	0.825	0.3205991784465078	0.00746834608282775	14
DTlike	KC	KC2	CXCL11	0.875	0.31730497186210965	0.007450646873872481	14
DTlike	KC	KC2	CXCL11	0.925	0.712062758249102	0.009571612990895501	14
DTlike	KC	KC2	CXCL11	0.975	1.851770382391715	0.01569506726457399	14
DTlike	KC	KC2	CXCL13	0.025	-0.33594039744463977	0.04720531710442024	14
DTlike	KC	KC2	CXCL13	0.075	-0.5055858921739833	0.04333056285758466	14
DTlike	KC	KC2	CXCL13	0.125	-0.9427268525261556	0.03334613152745877	14
DTlike	KC	KC2	CXCL13	0.175	-1.201324844636347	0.027439675421738204	14
DTlike	KC	KC2	CXCL13	0.225	-0.39389223134832335	0.04588167974588939	14
DTlike	KC	KC2	CXCL13	0.275	-0.18576902477193943	0.05063527653213752	14
DTlike	KC	KC2	CXCL13	0.325	0.46792967233688054	0.0655659518607949	14
DTlike	KC	KC2	CXCL13	0.375	0.5186891256803182	0.06672531307886513	14
DTlike	KC	KC2	CXCL13	0.425	0.4413577669702977	0.06495904153093354	14
DTlike	KC	KC2	CXCL13	0.475	0.19392782544596676	0.059307667067702075	14
DTlike	KC	KC2	CXCL13	0.525	-0.570546646970278	0.04184683963271407	14
DTlike	KC	KC2	CXCL13	0.575	-1.1305264687767171	0.029056731671707168	14
DTlike	KC	KC2	CXCL13	0.625	0.8345158612700855	0.073938890939822	14
DTlike	KC	KC2	CXCL13	0.675	0.9843892945204261	0.07736204534130543	14
DTlike	KC	KC2	CXCL13	0.725	2.9358352308038524	0.12193365887662411	14
DTlike	KC	KC2	CXCL13	0.775	0.7273563057502513	0.07149133438371105	14
DTlike	KC	KC2	CXCL13	0.825	0.7470115618685595	0.07194026635940874	14
DTlike	KC	KC2	CXCL13	0.875	-0.2921160668981318	0.04820627802690583	14
DTlike	KC	KC2	CXCL13	0.925	-0.5542652441672421	0.04221871178149205	14
DTlike	KC	KC2	CXCL13	0.975	-1.7383189749328891	0.015174567584881487	14
DTlike	KC	KC2	CXCL16	0.025	1.362842580627606	0.039006858348720655	14
DTlike	KC	KC2	CXCL16	0.075	0.24124849046556893	0.02664509444217964	14
DTlike	KC	KC2	CXCL16	0.125	-0.16611745297870334	0.022155269058295964	14
DTlike	KC	KC2	CXCL16	0.175	-0.18787343230322792	0.021915483308420528	14
DTlike	KC	KC2	CXCL16	0.225	0.6536874042954306	0.031190832087693077	14
DTlike	KC	KC2	CXCL16	0.275	2.1092604809059883	0.0472335795304669	14
DTlike	KC	KC2	CXCL16	0.325	1.1847013398455248	0.03704345645503894	14
DTlike	KC	KC2	CXCL16	0.375	0.6717115855135216	0.0313894874432991	14
DTlike	KC	KC2	CXCL16	0.425	0.37828445070957634	0.028155450284905084	14
DTlike	KC	KC2	CXCL16	0.475	0.7241649599308023	0.03196760767087104	14
DTlike	KC	KC2	CXCL16	0.525	0.9711742525415922	0.034690045837012906	14
DTlike	KC	KC2	CXCL16	0.575	-0.12185313563661322	0.02264313275628324	14
DTlike	KC	KC2	CXCL16	0.625	-0.7490788080608527	0.015730100896860985	14
DTlike	KC	KC2	CXCL16	0.675	-0.8671229266485895	0.014429065578168716	14
DTlike	KC	KC2	CXCL16	0.725	-1.0978319381669004	0.01188628262619294	14
DTlike	KC	KC2	CXCL16	0.775	-0.9711183671022955	0.013282869201492256	14
DTlike	KC	KC2	CXCL16	0.825	-0.8921173084899514	0.014153587443946188	14
DTlike	KC	KC2	CXCL16	0.875	-0.7592723563672942	0.015617751662285448	14
DTlike	KC	KC2	CXCL16	0.925	-0.308404640072215	0.020587036282103545	14
DTlike	KC	KC2	CXCL16	0.975	-2.1762851790089717	0.0	14
DTlike	KC	KC2	EMT	0.025	-0.8829025632333694	0.015081858038643722	14
DTlike	KC	KC2	EMT	0.075	-0.4956777488236822	0.01597131719709772	14
DTlike	KC	KC2	EMT	0.125	-0.5842942615069656	0.01576776420704319	14
DTlike	KC	KC2	EMT	0.175	-0.05793396096117905	0.016976818928086234	14
DTlike	KC	KC2	EMT	0.225	0.5617759154934946	0.01840029853136864	14
DTlike	KC	KC2	EMT	0.275	1.2646081131305054	0.020014710913482107	14
DTlike	KC	KC2	EMT	0.325	1.1329800281443316	0.019712359924227468	14
DTlike	KC	KC2	EMT	0.375	1.1373064792091918	0.01972229782433108	14
DTlike	KC	KC2	EMT	0.425	0.618685801884672	0.01853102109297507	14
DTlike	KC	KC2	EMT	0.475	0.9521604950788292	0.019297015701110802	14
DTlike	KC	KC2	EMT	0.525	1.1927451627696999	0.019849641018750835	14
DTlike	KC	KC2	EMT	0.575	0.5921651114314319	0.018470102809501635	14
DTlike	KC	KC2	EMT	0.625	0.26836814740703696	0.017726338039234648	14
DTlike	KC	KC2	EMT	0.675	0.27869399931003797	0.017750056621314583	14
DTlike	KC	KC2	EMT	0.725	0.16022238034765496	0.01747792616225915	14
DTlike	KC	KC2	EMT	0.775	0.14312009812230697	0.01743864205393311	14
DTlike	KC	KC2	EMT	0.825	-0.904508378509602	0.015032229271172797	14
DTlike	KC	KC2	EMT	0.875	-1.3871098461107154	0.013923689014279561	14
DTlike	KC	KC2	EMT	0.925	-1.6988149331462825	0.013207699402861855	14
DTlike	KC	KC2	EMT	0.975	-2.291590040037393	0.011846089226789794	14
DTlike	KC	KC2	G2M	0.025	-1.388963601562034	0.01547106274655248	14
DTlike	KC	KC2	G2M	0.075	-1.0699209138100316	0.016327269258140972	14
DTlike	KC	KC2	G2M	0.125	-0.09386029319034406	0.01894669760162739	14
DTlike	KC	KC2	G2M	0.175	0.49183269755383013	0.02051850655296341	14
DTlike	KC	KC2	G2M	0.225	1.1134622152107712	0.022186757421095542	14
DTlike	KC	KC2	G2M	0.275	0.8373634398888926	0.02144579836342876	14
DTlike	KC	KC2	G2M	0.325	0.1990195626264248	0.01973269160584773	14
DTlike	KC	KC2	G2M	0.375	-0.13977729624462754	0.01882347134220512	14
DTlike	KC	KC2	G2M	0.425	-0.5339328777188184	0.017765686323482237	14
DTlike	KC	KC2	G2M	0.475	0.10416474168683874	0.019478132205297656	14
DTlike	KC	KC2	G2M	0.525	0.06358187147744929	0.01936922101859389	14
DTlike	KC	KC2	G2M	0.575	0.31222940732877275	0.020036509903308346	14
DTlike	KC	KC2	G2M	0.625	0.7551777589536659	0.02122523880234967	14
DTlike	KC	KC2	G2M	0.675	0.8934829573781878	0.02159640484383457	14
DTlike	KC	KC2	G2M	0.725	1.4476593874986414	0.023083633626231323	14
DTlike	KC	KC2	G2M	0.775	0.9090563615892291	0.021638198781150753	14
DTlike	KC	KC2	G2M	0.825	0.5919992130022954	0.020787320809056847	14
DTlike	KC	KC2	G2M	0.875	-0.652976162981022	0.017446212974255648	14
DTlike	KC	KC2	G2M	0.925	-0.9609071495158873	0.016619826644423942	14
DTlike	KC	KC2	G2M	0.975	-2.8786913191722534	0.01147311945783742	14
DTlike	KC	KC2	HLA-DRA	0.025	-0.138620382445952	0.25487718209481103	14
DTlike	KC	KC2	HLA-DRA	0.075	0.12972694014304453	0.27165531496443485	14
DTlike	KC	KC2	HLA-DRA	0.125	-0.08787740584924211	0.2580498331029367	14
DTlike	KC	KC2	HLA-DRA	0.175	0.03973023102919457	0.26602836579731476	14
DTlike	KC	KC2	HLA-DRA	0.225	0.09894875903656146	0.2697309417040359	14
DTlike	KC	KC2	HLA-DRA	0.275	-0.4132137905351765	0.23770851932749054	14
DTlike	KC	KC2	HLA-DRA	0.325	-0.4215661746373152	0.23718629533474941	14
DTlike	KC	KC2	HLA-DRA	0.375	-0.6359696733891563	0.22378094306566693	14
DTlike	KC	KC2	HLA-DRA	0.425	-0.23712420712920304	0.2487183345134136	14
DTlike	KC	KC2	HLA-DRA	0.475	-0.24358607196904478	0.24831431324045136	14
DTlike	KC	KC2	HLA-DRA	0.525	-0.7334868977826798	0.21768378162516538	14
DTlike	KC	KC2	HLA-DRA	0.575	-1.3313425048654648	0.18030349135169765	14
DTlike	KC	KC2	HLA-DRA	0.625	-1.281218636538433	0.18343743326927187	14
DTlike	KC	KC2	HLA-DRA	0.675	-0.9511347557607597	0.2040755792227205	14
DTlike	KC	KC2	HLA-DRA	0.725	0.0835857085938587	0.26877038320423974	14
DTlike	KC	KC2	HLA-DRA	0.775	0.5387710654124864	0.29723036679314707	14
DTlike	KC	KC2	HLA-DRA	0.825	0.400710957229847	0.2885983043721973	14
DTlike	KC	KC2	HLA-DRA	0.875	0.25605572800171084	0.27955388897479516	14
DTlike	KC	KC2	HLA-DRA	0.925	1.5818600716290103	0.3624484050142682	14
DTlike	KC	KC2	HLA-DRA	0.975	3.3457510398267214	0.47273382447149265	14
DTlike	KC	KC2	IFN_I	0.025	-3.240484108360784	0.007988296215347126	14
DTlike	KC	KC2	IFN_I	0.075	-1.9104106015749778	0.01277893444373265	14
DTlike	KC	KC2	IFN_I	0.125	-0.662787101407378	0.01727260551081419	14
DTlike	KC	KC2	IFN_I	0.175	0.006609926258537496	0.01968362939358701	14
DTlike	KC	KC2	IFN_I	0.225	0.40947181507175334	0.02113465112694373	14
DTlike	KC	KC2	IFN_I	0.275	0.042933888051996424	0.019814460478550636	14
DTlike	KC	KC2	IFN_I	0.325	0.20783578595878555	0.02040840158933528	14
DTlike	KC	KC2	IFN_I	0.375	0.6977578942076098	0.022172995477367678	14
DTlike	KC	KC2	IFN_I	0.425	0.7166775090351744	0.02224113985404825	14
DTlike	KC	KC2	IFN_I	0.475	0.808091824419916	0.022570394524312393	14
DTlike	KC	KC2	IFN_I	0.525	0.4840514714816969	0.021403270982338587	14
DTlike	KC	KC2	IFN_I	0.575	0.9150689361230059	0.022955703034159752	14
DTlike	KC	KC2	IFN_I	0.625	0.9278686640184318	0.023001804896542487	14
DTlike	KC	KC2	IFN_I	0.675	0.3050424257126549	0.02075851896411341	14
DTlike	KC	KC2	IFN_I	0.725	-0.14142666661052358	0.019150433478188122	14
DTlike	KC	KC2	IFN_I	0.775	-0.3759317504056222	0.01830579668672659	14
DTlike	KC	KC2	IFN_I	0.825	-0.5732493578398972	0.017595101173669934	14
DTlike	KC	KC2	IFN_I	0.875	0.055564839673885306	0.019859954445156237	14
DTlike	KC	KC2	IFN_I	0.925	0.394869561804359	0.02108205695649642	14
DTlike	KC	KC2	IFN_I	0.975	0.9324450443813731	0.02301828803270187	14
DTlike	KC	KC2	IFN_II	0.025	1.0829645454608474	0.0491571403496852	14
DTlike	KC	KC2	IFN_II	0.075	0.6693820632138473	0.04745919649565081	14
DTlike	KC	KC2	IFN_II	0.125	-0.03516375528886864	0.044566716050364746	14
DTlike	KC	KC2	IFN_II	0.175	0.29832381735174346	0.04593583393777034	14
DTlike	KC	KC2	IFN_II	0.225	-0.45245831349107085	0.042853532439270044	14
DTlike	KC	KC2	IFN_II	0.275	-0.5420454654477872	0.04248573650836186	14
DTlike	KC	KC2	IFN_II	0.325	-0.7680427438192795	0.04155791507899532	14
DTlike	KC	KC2	IFN_II	0.375	-0.5209482372893318	0.04257235020799002	14
DTlike	KC	KC2	IFN_II	0.425	-0.7017362206619514	0.04183013345939117	14
DTlike	KC	KC2	IFN_II	0.475	-0.83052398681578	0.04130140121031802	14
DTlike	KC	KC2	IFN_II	0.525	-0.613110818879249	0.04219398096920518	14
DTlike	KC	KC2	IFN_II	0.575	-0.4017327864651322	0.04306178375685102	14
DTlike	KC	KC2	IFN_II	0.625	-0.7875643851519549	0.041477769878595645	14
DTlike	KC	KC2	IFN_II	0.675	-1.4866096660045942	0.03860787163758016	14
DTlike	KC	KC2	IFN_II	0.725	-1.0566506987062085	0.040373048397594063	14
DTlike	KC	KC2	IFN_II	0.775	-0.2794285386491577	0.043563898219661876	14
DTlike	KC	KC2	IFN_II	0.825	0.8864770116283164	0.048350469818929806	14
DTlike	KC	KC2	IFN_II	0.875	1.8389152897666634	0.05226066135297618	14
DTlike	KC	KC2	IFN_II	0.925	2.1436104048334363	0.053511573130407206	14
DTlike	KC	KC2	IFN_II	0.975	1.5563424844155165	0.051100571700347486	14
DTlike	KC	KC2	INFLAMMATION	0.025	-0.6341817331110129	0.021899512337814453	14
DTlike	KC	KC2	INFLAMMATION	0.075	-0.7974313564324584	0.021757428968082533	14
DTlike	KC	KC2	INFLAMMATION	0.125	-0.5634471854838712	0.02196107574408056	14
DTlike	KC	KC2	INFLAMMATION	0.175	0.22717386769662576	0.022649188225637065	14
DTlike	KC	KC2	INFLAMMATION	0.225	-0.09885378037872626	0.022365431939271208	14
DTlike	KC	KC2	INFLAMMATION	0.275	-0.15078611568681707	0.022320232930241383	14
DTlike	KC	KC2	INFLAMMATION	0.325	-0.12150201528612159	0.022345720178419015	14
DTlike	KC	KC2	INFLAMMATION	0.375	0.2068711877156381	0.022631517905010307	14
DTlike	KC	KC2	INFLAMMATION	0.425	-0.3128369195121432	0.022179192946155588	14
DTlike	KC	KC2	INFLAMMATION	0.475	-0.6227730582945351	0.021909441812254397	14
DTlike	KC	KC2	INFLAMMATION	0.525	-0.7770960038721687	0.02177512772510057	14
DTlike	KC	KC2	INFLAMMATION	0.575	-1.5673386395004634	0.02108734459708185	14
DTlike	KC	KC2	INFLAMMATION	0.625	-1.3075337544773193	0.021313464282909346	14
DTlike	KC	KC2	INFLAMMATION	0.675	0.04247766156455019	0.02248843894603674	14
DTlike	KC	KC2	INFLAMMATION	0.725	1.8459276716530613	0.024058061278774946	14
DTlike	KC	KC2	INFLAMMATION	0.775	2.4543885787764337	0.024587631726015743	14
DTlike	KC	KC2	INFLAMMATION	0.825	1.8059374578050087	0.024023256026399917	14
DTlike	KC	KC2	INFLAMMATION	0.875	0.6843829440236656	0.023047117512791693	14
DTlike	KC	KC2	INFLAMMATION	0.925	-0.02475590954169516	0.022429922594528376	14
DTlike	KC	KC2	INFLAMMATION	0.975	-0.28862289765763094	0.02220026748066203	14
DTlike	KC	KC2	MHC_II	0.025	0.47694459143153806	0.18408150991618621	14
DTlike	KC	KC2	MHC_II	0.075	0.32274822765109984	0.18056599554814853	14
DTlike	KC	KC2	MHC_II	0.125	-0.4980313588279742	0.16185308715967414	14
DTlike	KC	KC2	MHC_II	0.175	-0.4690147930513711	0.16251463423768442	14
DTlike	KC	KC2	MHC_II	0.225	-0.45663406709249627	0.16279690172394717	14
DTlike	KC	KC2	MHC_II	0.275	-0.5437194854662529	0.1608114460878114	14
DTlike	KC	KC2	MHC_II	0.325	-0.7990015433807915	0.1549912845710413	14
DTlike	KC	KC2	MHC_II	0.375	-1.0450767287883647	0.14938103003125425	14
DTlike	KC	KC2	MHC_II	0.425	-0.9063479896586507	0.15254389888051392	14
DTlike	KC	KC2	MHC_II	0.475	-0.8722215380837189	0.15332194596217302	14
DTlike	KC	KC2	MHC_II	0.525	-0.7470137657801772	0.15617655103671196	14
DTlike	KC	KC2	MHC_II	0.575	-0.598053478823284	0.15957268837889751	14
DTlike	KC	KC2	MHC_II	0.625	-0.776134656777351	0.15551262545376893	14
DTlike	KC	KC2	MHC_II	0.675	-0.2092215830470776	0.16843764526140215	14
DTlike	KC	KC2	MHC_II	0.725	0.2835270791028481	0.17967179475202177	14
DTlike	KC	KC2	MHC_II	0.775	0.5392187255851532	0.18550129445589086	14
DTlike	KC	KC2	MHC_II	0.825	0.37348331069357904	0.1817227018998845	14
DTlike	KC	KC2	MHC_II	0.875	1.1990783330469086	0.20054539714447706	14
DTlike	KC	KC2	MHC_II	0.925	1.7677312401242895	0.21351008331634735	14
DTlike	KC	KC2	MHC_II	0.975	2.9577394811420867	0.24064101537475976	14
DTlike	KC	KC2	MKI67	0.025	-1.6371913955497484	0.0	14
DTlike	KC	KC2	MKI67	0.075	-1.6371913955497484	0.0	14
DTlike	KC	KC2	MKI67	0.125	-1.6371913955497484	0.0	14
DTlike	KC	KC2	MKI67	0.175	0.0599500063020576	0.013233993148829039	14
DTlike	KC	KC2	MKI67	0.225	1.0990385162100345	0.02133661217995082	14
DTlike	KC	KC2	MKI67	0.275	0.41418376848227956	0.015996242173372217	14
DTlike	KC	KC2	MKI67	0.325	0.010014884286033213	0.012844608350411568	14
DTlike	KC	KC2	MKI67	0.375	0.9981280562203912	0.020549731172457293	14
DTlike	KC	KC2	MKI67	0.425	1.2479058660856615	0.022497452099470037	14
DTlike	KC	KC2	MKI67	0.475	1.647870291156723	0.02561630033179191	14
DTlike	KC	KC2	MKI67	0.525	0.18717281249915396	0.014226052940517625	14
DTlike	KC	KC2	MKI67	0.575	0.12378764230992752	0.013731787166842962	14
DTlike	KC	KC2	MKI67	0.625	-0.13253363493949283	0.01173304149761549	14
DTlike	KC	KC2	MKI67	0.675	1.2241427031635816	0.0223121513726348	14
DTlike	KC	KC2	MKI67	0.725	0.5181307223730103	0.01680680119581465	14
DTlike	KC	KC2	MKI67	0.775	-0.13315680520043385	0.011728182131769575	14
DTlike	KC	KC2	MKI67	0.825	-1.6371913955497484	0.0	14
DTlike	KC	KC2	MKI67	0.875	-0.6817124907306426	0.007450646873872481	14
DTlike	KC	KC2	MKI67	0.925	-0.4097175328487787	0.009571612990895501	14
DTlike	KC	KC2	MKI67	0.975	0.3755607768294815	0.01569506726457399	14
DTlike	KC	KC2	MYC	0.025	0.006456744919172312	0.11588258061071963	14
DTlike	KC	KC2	MYC	0.075	-0.2609088195690329	0.11113574203649296	14
DTlike	KC	KC2	MYC	0.125	-0.3278584450458896	0.10994711078791797	14
DTlike	KC	KC2	MYC	0.175	-0.13994022292260133	0.11328343222962058	14
DTlike	KC	KC2	MYC	0.225	-0.8748077407125634	0.10023651092145233	14
DTlike	KC	KC2	MYC	0.275	-0.5747661258902101	0.10556348380159239	14
DTlike	KC	KC2	MYC	0.325	-1.194273160312645	0.09456468560695461	14
DTlike	KC	KC2	MYC	0.375	-1.2041842108088177	0.09438872369167806	14
DTlike	KC	KC2	MYC	0.425	-1.63364154690211	0.08676408940919476	14
DTlike	KC	KC2	MYC	0.475	-0.9939571182129144	0.0981211193515005	14
DTlike	KC	KC2	MYC	0.525	-0.1322304692645249	0.11342031207101674	14
DTlike	KC	KC2	MYC	0.575	0.8571352275404716	0.13098562293145025	14
DTlike	KC	KC2	MYC	0.625	1.234600245225639	0.13768717969250482	14
DTlike	KC	KC2	MYC	0.675	0.6080029385705263	0.1265625	14
DTlike	KC	KC2	MYC	0.725	1.3926949926836278	0.14049401178044676	14
DTlike	KC	KC2	MYC	0.775	0.3167653785074024	0.12139183530719405	14
DTlike	KC	KC2	MYC	0.825	0.29524569041456966	0.12100977232260618	14
DTlike	KC	KC2	MYC	0.875	0.3318051493219169	0.12165885310504145	14
DTlike	KC	KC2	MYC	0.925	-0.3798152555903704	0.10902466367713004	14
DTlike	KC	KC2	MYC	0.975	2.6736767480483574	0.16323670723894937	14
DTlike	KC	KC2	TNFSF14	0.025	-0.680176101315378	0.0	14
DTlike	KC	KC2	TNFSF14	0.075	0.8200981195945093	0.010242560130452508	14
DTlike	KC	KC2	TNFSF14	0.125	1.8343578715415751	0.017167038570744024	14
DTlike	KC	KC2	TNFSF14	0.175	1.1236087461432054	0.01231466521586213	14
DTlike	KC	KC2	TNFSF14	0.225	0.046822451503641956	0.004963310232368528	14
DTlike	KC	KC2	TNFSF14	0.275	-0.680176101315378	0.0	14
DTlike	KC	KC2	TNFSF14	0.325	-0.680176101315378	0.0	14
DTlike	KC	KC2	TNFSF14	0.375	-0.680176101315378	0.0	14
DTlike	KC	KC2	TNFSF14	0.425	-0.680176101315378	0.0	14
DTlike	KC	KC2	TNFSF14	0.475	-0.680176101315378	0.0	14
DTlike	KC	KC2	TNFSF14	0.525	-0.680176101315378	0.0	14
DTlike	KC	KC2	TNFSF14	0.575	-0.680176101315378	0.0	14
DTlike	KC	KC2	TNFSF14	0.625	1.788141086004044	0.016851510783685672	14
DTlike	KC	KC2	TNFSF14	0.675	1.9834498938942033	0.018184908492544997	14
DTlike	KC	KC2	TNFSF14	0.725	1.2458111484187349	0.013148956331411488	14
DTlike	KC	KC2	TNFSF14	0.775	-0.680176101315378	0.0	14
DTlike	KC	KC2	TNFSF14	0.825	-0.680176101315378	0.0	14
DTlike	KC	KC2	TNFSF14	0.875	-0.680176101315378	0.0	14
DTlike	KC	KC2	TNFSF14	0.925	-0.680176101315378	0.0	14
DTlike	KC	KC2	TNFSF14	0.975	-0.680176101315378	0.0	14
DTlike	KC	KC3	ANTIGEN_PRES	0.025	1.54616445334064	0.12828814210347378	66
DTlike	KC	KC3	ANTIGEN_PRES	0.075	1.269409761890353	0.12752907773031358	66
DTlike	KC	KC3	ANTIGEN_PRES	0.125	0.26831845984728175	0.12478335104478076	66
DTlike	KC	KC3	ANTIGEN_PRES	0.175	-0.2349432390783898	0.1234030383063455	66
DTlike	KC	KC3	ANTIGEN_PRES	0.225	-0.681354044346589	0.12217865242042922	66
DTlike	KC	KC3	ANTIGEN_PRES	0.275	-1.3593700956032995	0.1203190350594994	66
DTlike	KC	KC3	ANTIGEN_PRES	0.325	-2.0385856870493333	0.11845612767946595	66
DTlike	KC	KC3	ANTIGEN_PRES	0.375	-1.6005544618652352	0.11965753061007783	66
DTlike	KC	KC3	ANTIGEN_PRES	0.425	-1.3647588294691742	0.12030425519841523	66
DTlike	KC	KC3	ANTIGEN_PRES	0.475	-0.060369606385655916	0.12388184726302767	66
DTlike	KC	KC3	ANTIGEN_PRES	0.525	0.8705066481642401	0.1264349927831518	66
DTlike	KC	KC3	ANTIGEN_PRES	0.575	0.20810263078113164	0.12461819507107388	66
DTlike	KC	KC3	ANTIGEN_PRES	0.625	0.9506851460037663	0.12665490103794796	66
DTlike	KC	KC3	ANTIGEN_PRES	0.675	-0.34883372899321236	0.12309066704035873	66
DTlike	KC	KC3	ANTIGEN_PRES	0.725	-0.3957478411644125	0.12296199413165035	66
DTlike	KC	KC3	ANTIGEN_PRES	0.775	-0.3354062105301856	0.12312749514553673	66
DTlike	KC	KC3	ANTIGEN_PRES	0.825	0.7113092561922089	0.1259983567575338	66
DTlike	KC	KC3	ANTIGEN_PRES	0.875	0.9801624301498382	0.1267357493736909	66
DTlike	KC	KC3	ANTIGEN_PRES	0.925	1.0399301009600206	0.12689967616872022	66
DTlike	KC	KC3	ANTIGEN_PRES	0.975	0.5753348571559612	0.12562541521341972	66
DTlike	KC	KC3	B	0.025	0.8041989088168162	0.14457410603527698	66
DTlike	KC	KC3	B	0.075	0.7750719902922947	0.14445793888058464	66
DTlike	KC	KC3	B	0.125	0.8452591605638803	0.14473786701165325	66
DTlike	KC	KC3	B	0.175	-0.03461867488429295	0.14122864221896467	66
DTlike	KC	KC3	B	0.225	0.2326521906651111	0.14229460104866012	66
DTlike	KC	KC3	B	0.275	-0.3173533241856479	0.14010100903955283	66
DTlike	KC	KC3	B	0.325	-0.9553468449445743	0.1375564936643229	66
DTlike	KC	KC3	B	0.375	-1.6960521087243745	0.13460233210801203	66
DTlike	KC	KC3	B	0.425	-0.423061354892607	0.13967941273697726	66
DTlike	KC	KC3	B	0.475	0.31897156770943125	0.1426388694070727	66
DTlike	KC	KC3	B	0.525	1.5128825417295222	0.14740055542926944	66
DTlike	KC	KC3	B	0.575	1.2281542059016506	0.14626497081170808	66
DTlike	KC	KC3	B	0.625	1.0153358434557036	0.14541618539656656	66
DTlike	KC	KC3	B	0.675	0.5247451880175981	0.14345955821292142	66
DTlike	KC	KC3	B	0.725	0.678809254925648	0.14407401333552464	66
DTlike	KC	KC3	B	0.775	0.372059274549859	0.14285059959224838	66
DTlike	KC	KC3	B	0.825	-0.1318109664329718	0.1408410093165094	66
DTlike	KC	KC3	B	0.875	-1.113975987156302	0.13692383161026767	66
DTlike	KC	KC3	B	0.925	-1.4707616466563047	0.1355008601117807	66
DTlike	KC	KC3	B	0.975	-2.165159218750454	0.13273138794439243	66
DTlike	KC	KC3	CCL19	0.025	1.4550810284835893	0.1888923804562818	66
DTlike	KC	KC3	CCL19	0.075	0.986517364481447	0.18406222188528165	66
DTlike	KC	KC3	CCL19	0.125	1.1353465642827798	0.18559641817548356	66
DTlike	KC	KC3	CCL19	0.175	-0.13112868448689602	0.17254103905036128	66
DTlike	KC	KC3	CCL19	0.225	0.2970837928238296	0.1769552399933566	66
DTlike	KC	KC3	CCL19	0.275	-0.0718753855575485	0.17315184789379373	66
DTlike	KC	KC3	CCL19	0.325	-0.42479353446282275	0.1695138137209422	66
DTlike	KC	KC3	CCL19	0.375	-1.3241825376297778	0.16024251968758696	66
DTlike	KC	KC3	CCL19	0.425	0.1198208047831707	0.17512793581510994	66
DTlike	KC	KC3	CCL19	0.475	1.1066261562316373	0.1853003556854348	66
DTlike	KC	KC3	CCL19	0.525	1.4680764056962843	0.18902634247137093	66
DTlike	KC	KC3	CCL19	0.575	0.7818704596506666	0.1819526323516969	66
DTlike	KC	KC3	CCL19	0.625	-0.6206043695302298	0.1674953102475461	66
DTlike	KC	KC3	CCL19	0.675	-1.4236674103756364	0.15921698623782277	66
DTlike	KC	KC3	CCL19	0.725	-1.4459833340582644	0.15898694396539223	66
DTlike	KC	KC3	CCL19	0.775	-1.631188558481569	0.15707776775121157	66
DTlike	KC	KC3	CCL19	0.825	-1.2074041914750722	0.1614463218022635	66
DTlike	KC	KC3	CCL19	0.875	0.2217923154602164	0.1761791026129953	66
DTlike	KC	KC3	CCL19	0.925	-0.21522331160043706	0.17167415496366506	66
DTlike	KC	KC3	CCL19	0.975	0.9238364257646116	0.18341607943625882	66
DTlike	KC	KC3	CCL21	0.025	-0.8827579318693543	0.03025008886579897	66
DTlike	KC	KC3	CCL21	0.075	-0.9104955908513545	0.02999352951772391	66
DTlike	KC	KC3	CCL21	0.125	-0.7624595976092358	0.03136278775045682	66
DTlike	KC	KC3	CCL21	0.175	-1.0967385311986597	0.02827087630498905	66
DTlike	KC	KC3	CCL21	0.225	-0.7220793526761037	0.03173628463863611	66
DTlike	KC	KC3	CCL21	0.275	-0.5924242955290013	0.03293552848822995	66
DTlike	KC	KC3	CCL21	0.325	0.007830676053923192	0.03848758406321785	66
DTlike	KC	KC3	CCL21	0.375	-0.340142286050899	0.03526900976452546	66
DTlike	KC	KC3	CCL21	0.425	-0.292765929568886	0.03570721715402017	66
DTlike	KC	KC3	CCL21	0.475	-0.5240507140144327	0.03356794961325416	66
DTlike	KC	KC3	CCL21	0.525	-0.9748932488983206	0.02939788367836841	66
DTlike	KC	KC3	CCL21	0.575	-0.6930110843345799	0.0320051514518092	66
DTlike	KC	KC3	CCL21	0.625	0.0016263257466275504	0.03843019695383339	66
DTlike	KC	KC3	CCL21	0.675	-0.025513893157504592	0.03817916362498696	66
DTlike	KC	KC3	CCL21	0.725	0.339994341191456	0.04155993034295288	66
DTlike	KC	KC3	CCL21	0.775	1.4927206268262334	0.05222206677427024	66
DTlike	KC	KC3	CCL21	0.825	1.6818678707341115	0.05397158332931514	66
DTlike	KC	KC3	CCL21	0.875	2.4936354087674837	0.06148002340644952	66
DTlike	KC	KC3	CCL21	0.925	1.539229082105845	0.05265224651561966	66
DTlike	KC	KC3	CCL21	0.975	0.2604281243326506	0.04082398298923638	66
DTlike	KC	KC3	CD74	0.025	2.115103188520715	0.9748446698525067	66
DTlike	KC	KC3	CD74	0.075	0.9335747116084167	0.9666026180930108	66
DTlike	KC	KC3	CD74	0.125	0.03664754419769299	0.9603458749990008	66
DTlike	KC	KC3	CD74	0.175	-0.4141623791356372	0.9572011359644261	66
DTlike	KC	KC3	CD74	0.225	-0.24930881456541049	0.9583511138434833	66
DTlike	KC	KC3	CD74	0.275	-0.49506613238911906	0.9566367713004484	66
DTlike	KC	KC3	CD74	0.325	-1.1927453424092862	0.9517699329018194	66
DTlike	KC	KC3	CD74	0.375	-2.286288806090178	0.9441416429324823	66
DTlike	KC	KC3	CD74	0.425	-0.8063969389927401	0.9544650042440518	66
DTlike	KC	KC3	CD74	0.475	-0.6941145273690731	0.955248258703311	66
DTlike	KC	KC3	CD74	0.525	0.7007108783545559	0.9649782173239252	66
DTlike	KC	KC3	CD74	0.575	0.9820623347369514	0.9669408558141741	66
DTlike	KC	KC3	CD74	0.625	1.3123832214767261	0.9692450929941925	66
DTlike	KC	KC3	CD74	0.675	0.5387583494577396	0.9638484763554831	66
DTlike	KC	KC3	CD74	0.725	-0.6929681023214811	0.9552562558821901	66
DTlike	KC	KC3	CD74	0.775	-0.8454749586357382	0.9541924056001343	66
DTlike	KC	KC3	CD74	0.825	-0.20555781316277122	0.9586563100576555	66
DTlike	KC	KC3	CD74	0.875	1.1485364392507411	0.9681021381808963	66
DTlike	KC	KC3	CD74	0.925	0.48248917927519763	0.9634559564779086	66
DTlike	KC	KC3	CD74	0.975	-0.36818203180734965	0.9575218835469048	66
DTlike	KC	KC3	COL1A1	0.025	2.7698461704358497	0.8257915477646418	66
DTlike	KC	KC3	COL1A1	0.075	0.6043836038877323	0.7592216461510616	66
DTlike	KC	KC3	COL1A1	0.125	-0.397315082328346	0.7284277714298034	66
DTlike	KC	KC3	COL1A1	0.175	-0.1341676216323961	0.7365173596956108	66
DTlike	KC	KC3	COL1A1	0.225	0.43457929040481924	0.7540015806478568	66
DTlike	KC	KC3	COL1A1	0.275	0.9354751329787566	0.7693999474789915	66
DTlike	KC	KC3	COL1A1	0.325	0.7603574951056404	0.7640165415942162	66
DTlike	KC	KC3	COL1A1	0.375	-0.37805612722744053	0.7290198235696339	66
DTlike	KC	KC3	COL1A1	0.425	-0.4144609567970344	0.7279006788842699	66
DTlike	KC	KC3	COL1A1	0.475	-0.5904996671588978	0.7224889577074631	66
DTlike	KC	KC3	COL1A1	0.525	0.15149624745074702	0.7452991396040639	66
DTlike	KC	KC3	COL1A1	0.575	-0.14010452962080688	0.7363348493226389	66
DTlike	KC	KC3	COL1A1	0.625	-0.008720825992343292	0.7403738017198243	66
DTlike	KC	KC3	COL1A1	0.675	-0.2185759015567016	0.7339225095343865	66
DTlike	KC	KC3	COL1A1	0.725	0.6631127663422136	0.7610270777603805	66
DTlike	KC	KC3	COL1A1	0.775	0.7297524238989476	0.7630756910754497	66
DTlike	KC	KC3	COL1A1	0.825	0.01919029062463052	0.7412318356179022	66
DTlike	KC	KC3	COL1A1	0.875	-0.8850892579232952	0.7134327863487351	66
DTlike	KC	KC3	COL1A1	0.925	-1.8384246566250944	0.6841256790928998	66
DTlike	KC	KC3	COL1A1	0.975	-2.0627787942669595	0.6772286617534469	66
DTlike	KC	KC3	CXCL10	0.025	-1.105276097410823	0.0	66
DTlike	KC	KC3	CXCL10	0.075	-0.39883991926172896	0.0007602700891706613	66
DTlike	KC	KC3	CXCL10	0.125	-0.3672734336433565	0.0007942420962368387	66
DTlike	KC	KC3	CXCL10	0.175	0.6220497619644432	0.0018589565848323008	66
DTlike	KC	KC3	CXCL10	0.225	0.7896859198206545	0.002039367442350233	66
DTlike	KC	KC3	CXCL10	0.275	0.4718629624653874	0.0016973248125941227	66
DTlike	KC	KC3	CXCL10	0.325	-1.105276097410823	0.0	66
DTlike	KC	KC3	CXCL10	0.375	-1.105276097410823	0.0	66
DTlike	KC	KC3	CXCL10	0.425	-0.6947463223040921	0.0004418141629515101	66
DTlike	KC	KC3	CXCL10	0.475	1.1104533380547204	0.002384578915384938	66
DTlike	KC	KC3	CXCL10	0.525	0.7878581140393603	0.0020374003487792724	66
DTlike	KC	KC3	CXCL10	0.575	0.9499530116209882	0.002211847674737831	66
DTlike	KC	KC3	CXCL10	0.625	1.1671170502981385	0.0024455606811729187	66
DTlike	KC	KC3	CXCL10	0.675	1.7517677500485374	0.003074764639551045	66
DTlike	KC	KC3	CXCL10	0.725	1.4997969129774735	0.002803592385504914	66
DTlike	KC	KC3	CXCL10	0.775	0.04724753579523664	0.0012403516021569558	66
DTlike	KC	KC3	CXCL10	0.825	-1.105276097410823	0.0	66
DTlike	KC	KC3	CXCL10	0.875	-1.105276097410823	0.0	66
DTlike	KC	KC3	CXCL10	0.925	-1.105276097410823	0.0	66
DTlike	KC	KC3	CXCL10	0.975	-1.105276097410823	0.0	66
DTlike	KC	KC3	CXCL11	0.025	0.0	0.0	66
DTlike	KC	KC3	CXCL11	0.075	0.0	0.0	66
DTlike	KC	KC3	CXCL11	0.125	0.0	0.0	66
DTlike	KC	KC3	CXCL11	0.175	0.0	0.0	66
DTlike	KC	KC3	CXCL11	0.225	0.0	0.0	66
DTlike	KC	KC3	CXCL11	0.275	0.0	0.0	66
DTlike	KC	KC3	CXCL11	0.325	0.0	0.0	66
DTlike	KC	KC3	CXCL11	0.375	0.0	0.0	66
DTlike	KC	KC3	CXCL11	0.425	0.0	0.0	66
DTlike	KC	KC3	CXCL11	0.475	0.0	0.0	66
DTlike	KC	KC3	CXCL11	0.525	0.0	0.0	66
DTlike	KC	KC3	CXCL11	0.575	0.0	0.0	66
DTlike	KC	KC3	CXCL11	0.625	0.0	0.0	66
DTlike	KC	KC3	CXCL11	0.675	0.0	0.0	66
DTlike	KC	KC3	CXCL11	0.725	0.0	0.0	66
DTlike	KC	KC3	CXCL11	0.775	0.0	0.0	66
DTlike	KC	KC3	CXCL11	0.825	0.0	0.0	66
DTlike	KC	KC3	CXCL11	0.875	0.0	0.0	66
DTlike	KC	KC3	CXCL11	0.925	0.0	0.0	66
DTlike	KC	KC3	CXCL11	0.975	0.0	0.0	66
DTlike	KC	KC3	CXCL13	0.025	-0.9595313862156402	0.0	66
DTlike	KC	KC3	CXCL13	0.075	-0.9595313862156402	0.0	66
DTlike	KC	KC3	CXCL13	0.125	-0.9595313862156402	0.0	66
DTlike	KC	KC3	CXCL13	0.175	-0.9595313862156402	0.0	66
DTlike	KC	KC3	CXCL13	0.225	-0.9595313862156402	0.0	66
DTlike	KC	KC3	CXCL13	0.275	-0.7516999349368596	6.22820129546587e-05	66
DTlike	KC	KC3	CXCL13	0.325	0.3084108202335102	0.0003799713298537088	66
DTlike	KC	KC3	CXCL13	0.375	-0.38169847480004215	0.00017316241912847022	66
DTlike	KC	KC3	CXCL13	0.425	-0.3905549286897629	0.00017050835607642511	66
DTlike	KC	KC3	CXCL13	0.475	2.5801084242195254	0.0010607436515113105	66
DTlike	KC	KC3	CXCL13	0.525	1.1427636786427933	0.0006300065156567399	66
DTlike	KC	KC3	CXCL13	0.575	-0.5125463103131639	0.00013395051671247937	66
DTlike	KC	KC3	CXCL13	0.625	0.5762336537601904	0.0004602312957281095	66
DTlike	KC	KC3	CXCL13	0.675	0.4450190715239884	0.00042090948827119525	66
DTlike	KC	KC3	CXCL13	0.725	0.5426326168495225	0.00045016188513946365	66
DTlike	KC	KC3	CXCL13	0.775	0.6995826673970926	0.0004971959842678286	66
DTlike	KC	KC3	CXCL13	0.825	1.0966805349996545	0.0006161965223582597	66
DTlike	KC	KC3	CXCL13	0.875	1.3617878846230371	0.0006956427239895552	66
DTlike	KC	KC3	CXCL13	0.925	-0.9595313862156402	0.0	66
DTlike	KC	KC3	CXCL13	0.975	-0.9595313862156402	0.0	66
DTlike	KC	KC3	CXCL16	0.025	-2.0355578931866	0.0020349535554131963	66
DTlike	KC	KC3	CXCL16	0.075	-0.6870575017524356	0.004299536968771774	66
DTlike	KC	KC3	CXCL16	0.125	-0.3429798784159118	0.004877358438950987	66
DTlike	KC	KC3	CXCL16	0.175	-0.012080598591544953	0.005433049060431347	66
DTlike	KC	KC3	CXCL16	0.225	-0.10562096954963997	0.005275963475661272	66
DTlike	KC	KC3	CXCL16	0.275	0.050119747250252006	0.005537504255545302	66
DTlike	KC	KC3	CXCL16	0.325	1.1433566281984515	0.007373414814558312	66
DTlike	KC	KC3	CXCL16	0.375	0.8252506438279676	0.006839208417236202	66
DTlike	KC	KC3	CXCL16	0.425	-0.4807350774779358	0.004646021361942063	66
DTlike	KC	KC3	CXCL16	0.475	-1.3758102085983541	0.003142890692851699	66
DTlike	KC	KC3	CXCL16	0.525	-1.3065808192605408	0.003259150004163148	66
DTlike	KC	KC3	CXCL16	0.575	-1.1034631029487707	0.003600252620254872	66
DTlike	KC	KC3	CXCL16	0.625	-1.125878609839032	0.0035626094831611374	66
DTlike	KC	KC3	CXCL16	0.675	0.5355864604247317	0.006352765321375187	66
DTlike	KC	KC3	CXCL16	0.725	0.5892331617217184	0.006442856084945046	66
DTlike	KC	KC3	CXCL16	0.775	1.4515438821766868	0.007890964344392255	66
DTlike	KC	KC3	CXCL16	0.825	1.340752397613677	0.007704908367044017	66
DTlike	KC	KC3	CXCL16	0.875	0.7472463354362077	0.006708213080433505	66
DTlike	KC	KC3	CXCL16	0.925	1.119867095462438	0.0073339680286623535	66
DTlike	KC	KC3	CXCL16	0.975	0.7728083075086499	0.006751140185487159	66
DTlike	KC	KC3	EMT	0.025	-1.9775749421590239	0.014533431161318461	66
DTlike	KC	KC3	EMT	0.075	-1.0037734717748223	0.015605034049910942	66
DTlike	KC	KC3	EMT	0.125	0.656946741731016	0.017432544720268263	66
DTlike	KC	KC3	EMT	0.175	0.7623287600753923	0.01754851052921183	66
DTlike	KC	KC3	EMT	0.225	0.7307683137051953	0.017513780385004687	66
DTlike	KC	KC3	EMT	0.275	1.3979255386343914	0.018247941947830634	66
DTlike	KC	KC3	EMT	0.325	1.3985228718687117	0.018248599272797598	66
DTlike	KC	KC3	EMT	0.375	1.584507352603105	0.01845326265938061	66
DTlike	KC	KC3	EMT	0.425	1.4935087155432283	0.018353124792169474	66
DTlike	KC	KC3	EMT	0.475	-0.010120874362835043	0.016698481765926407	66
DTlike	KC	KC3	EMT	0.525	-0.7482869566853803	0.01588617974119672	66
DTlike	KC	KC3	EMT	0.575	-0.8259380513755743	0.01580072994480285	66
DTlike	KC	KC3	EMT	0.625	-1.1155767082249748	0.015482002123201381	66
DTlike	KC	KC3	EMT	0.675	-0.44230852891476147	0.016222888379474516	66
DTlike	KC	KC3	EMT	0.725	-0.045917472524093436	0.016659090022169587	66
DTlike	KC	KC3	EMT	0.775	0.2523515211391324	0.016987314947791213	66
DTlike	KC	KC3	EMT	0.825	-0.21257049168648937	0.01647569960619843	66
DTlike	KC	KC3	EMT	0.875	-0.02690192618651218	0.016680015349357147	66
DTlike	KC	KC3	EMT	0.925	-0.5185952068654258	0.01613894003174733	66
DTlike	KC	KC3	EMT	0.975	-1.3492951845402654	0.015224810691524773	66
DTlike	KC	KC3	G2M	0.025	-0.22174144720508981	0.007085760355847499	66
DTlike	KC	KC3	G2M	0.075	0.9168749498488732	0.007890236235763733	66
DTlike	KC	KC3	G2M	0.125	1.6049368121202836	0.008376378165143802	66
DTlike	KC	KC3	G2M	0.175	2.214163435972131	0.008806819993980721	66
DTlike	KC	KC3	G2M	0.225	1.5602726547770587	0.008344821235722817	66
DTlike	KC	KC3	G2M	0.275	0.10311561859185939	0.007315284253913777	66
DTlike	KC	KC3	G2M	0.325	-0.5938555298151055	0.006822847574324709	66
DTlike	KC	KC3	G2M	0.375	-1.6904934193594494	0.006048031109865471	66
DTlike	KC	KC3	G2M	0.425	-0.7866460070433435	0.006686633754456184	66
DTlike	KC	KC3	G2M	0.475	-0.8481731622942507	0.006643162474324189	66
DTlike	KC	KC3	G2M	0.525	-1.1496569430199715	0.006430152692972601	66
DTlike	KC	KC3	G2M	0.575	-1.2010814458302548	0.006393819321826184	66
DTlike	KC	KC3	G2M	0.625	-1.0617493538225728	0.006492262755109305	66
DTlike	KC	KC3	G2M	0.675	-0.15170019688495714	0.007135247168638455	66
DTlike	KC	KC3	G2M	0.725	0.28834085755109023	0.007446152944615901	66
DTlike	KC	KC3	G2M	0.775	-0.08672818708571553	0.007181152369800505	66
DTlike	KC	KC3	G2M	0.825	0.0887329780466637	0.007305122370211722	66
DTlike	KC	KC3	G2M	0.875	-0.06743413708568685	0.0071947843514679755	66
DTlike	KC	KC3	G2M	0.925	0.4107672310247987	0.007532651843437352	66
DTlike	KC	KC3	G2M	0.975	0.6720552915136708	0.007717261816486448	66
DTlike	KC	KC3	HLA-DRA	0.025	2.1822654554453704	0.8288851247024984	66
DTlike	KC	KC3	HLA-DRA	0.075	1.4655772239799016	0.8122651538580485	66
DTlike	KC	KC3	HLA-DRA	0.125	0.4837993350110737	0.7894977646726247	66
DTlike	KC	KC3	HLA-DRA	0.175	0.07829728945031948	0.7800941887818864	66
DTlike	KC	KC3	HLA-DRA	0.225	-0.3229132186809714	0.7707901334690286	66
DTlike	KC	KC3	HLA-DRA	0.275	0.46155642896566923	0.7889819525890154	66
DTlike	KC	KC3	HLA-DRA	0.325	-1.4248220276338543	0.7452369131509107	66
DTlike	KC	KC3	HLA-DRA	0.375	-1.8593916360707654	0.7351592616631264	66
DTlike	KC	KC3	HLA-DRA	0.425	-1.2878470271828704	0.748413357822339	66
DTlike	KC	KC3	HLA-DRA	0.475	0.32471532109529594	0.7858086128810682	66
DTlike	KC	KC3	HLA-DRA	0.525	0.9934893943407179	0.8013174563514502	66
DTlike	KC	KC3	HLA-DRA	0.575	0.9533929033908811	0.8003876203623921	66
DTlike	KC	KC3	HLA-DRA	0.625	0.058002747135452344	0.7796235591736886	66
DTlike	KC	KC3	HLA-DRA	0.675	-0.6826673625623867	0.7624474495515695	66
DTlike	KC	KC3	HLA-DRA	0.725	-1.090504881769886	0.7529897141222582	66
DTlike	KC	KC3	HLA-DRA	0.775	-0.7873178628259414	0.7600206087205419	66
DTlike	KC	KC3	HLA-DRA	0.825	0.5211857974572179	0.7903647552112603	66
DTlike	KC	KC3	HLA-DRA	0.875	0.6099586105244019	0.7924233931240658	66
DTlike	KC	KC3	HLA-DRA	0.925	-0.6802291057119877	0.7625039926284414	66
DTlike	KC	KC3	HLA-DRA	0.975	0.0034526156424282725	0.77835854385019	66
DTlike	KC	KC3	IFN_I	0.025	-2.7363434550073102	0.011970631591273859	66
DTlike	KC	KC3	IFN_I	0.075	-0.5036033562047784	0.013945239281562152	66
DTlike	KC	KC3	IFN_I	0.125	0.6829133734851225	0.014994579981967876	66
DTlike	KC	KC3	IFN_I	0.175	1.8805669827128373	0.016053770000703564	66
DTlike	KC	KC3	IFN_I	0.225	0.6760460582276075	0.014988506613407695	66
DTlike	KC	KC3	IFN_I	0.275	0.07483987373723193	0.014456807309946324	66
DTlike	KC	KC3	IFN_I	0.325	-0.5674856987943857	0.01388874252897607	66
DTlike	KC	KC3	IFN_I	0.375	0.3781084559421414	0.01472501428798457	66
DTlike	KC	KC3	IFN_I	0.425	-0.23663200711805996	0.014181345436181762	66
DTlike	KC	KC3	IFN_I	0.475	-0.11237210260499682	0.014291239356740442	66
DTlike	KC	KC3	IFN_I	0.525	-0.6862670132740708	0.013783693805589085	66
DTlike	KC	KC3	IFN_I	0.575	-1.036310338636073	0.013474119824020607	66
DTlike	KC	KC3	IFN_I	0.625	-0.66505797550473	0.013802450815912595	66
DTlike	KC	KC3	IFN_I	0.675	0.03446767926822492	0.01442110264117853	66
DTlike	KC	KC3	IFN_I	0.725	0.42187637697432595	0.014763722095267842	66
DTlike	KC	KC3	IFN_I	0.775	1.2024193524932447	0.015454024635579981	66
DTlike	KC	KC3	IFN_I	0.825	1.334401322754081	0.01557074785544611	66
DTlike	KC	KC3	IFN_I	0.875	1.064072847438479	0.015331672699968595	66
DTlike	KC	KC3	IFN_I	0.925	-0.5404026725689848	0.013912694421939178	66
DTlike	KC	KC3	IFN_I	0.975	-0.6652377033198832	0.013802291866858852	66
DTlike	KC	KC3	IFN_II	0.025	2.587204061616146	0.10322483559261456	66
DTlike	KC	KC3	IFN_II	0.075	1.9949580013042099	0.10142249522504568	66
DTlike	KC	KC3	IFN_II	0.125	1.1540370237073094	0.0988633801453099	66
DTlike	KC	KC3	IFN_II	0.175	0.24580210551641749	0.0960994133315351	66
DTlike	KC	KC3	IFN_II	0.225	-0.007109965667287356	0.09532974398987708	66
DTlike	KC	KC3	IFN_II	0.275	-0.01642100159501656	0.0953014083756096	66
DTlike	KC	KC3	IFN_II	0.325	-0.6709121406518768	0.09330964198122108	66
DTlike	KC	KC3	IFN_II	0.375	-0.25507801612663406	0.09457512043531119	66
DTlike	KC	KC3	IFN_II	0.425	-0.23218334453282558	0.0946447941631432	66
DTlike	KC	KC3	IFN_II	0.475	0.04639378426337613	0.09549256815162085	66
DTlike	KC	KC3	IFN_II	0.525	0.30054793272335245	0.09626601741882787	66
DTlike	KC	KC3	IFN_II	0.575	0.30737329732677443	0.09628678856611358	66
DTlike	KC	KC3	IFN_II	0.625	0.6014865571756289	0.0971818425586782	66
DTlike	KC	KC3	IFN_II	0.675	-0.27812776369376746	0.09450497477578475	66
DTlike	KC	KC3	IFN_II	0.725	-0.7605789568534069	0.09303676532859079	66
DTlike	KC	KC3	IFN_II	0.775	-0.6170790124920623	0.09347346851633359	66
DTlike	KC	KC3	IFN_II	0.825	-0.6297761288958952	0.09343482828386958	66
DTlike	KC	KC3	IFN_II	0.875	-0.7758533308282489	0.09299028191122588	66
DTlike	KC	KC3	IFN_II	0.925	-1.1120606098049606	0.09196712618022607	66
DTlike	KC	KC3	IFN_II	0.975	-1.882622492491246	0.08962212993636101	66
DTlike	KC	KC3	INFLAMMATION	0.025	-1.9550263588809087	0.03475611473943978	66
DTlike	KC	KC3	INFLAMMATION	0.075	-1.4758901264985758	0.03511046394264562	66
DTlike	KC	KC3	INFLAMMATION	0.125	-0.7842945081721445	0.0356219392595427	66
DTlike	KC	KC3	INFLAMMATION	0.175	-0.8070906015467668	0.03560508021825638	66
DTlike	KC	KC3	INFLAMMATION	0.225	-0.7658279012576428	0.03563559639295032	66
DTlike	KC	KC3	INFLAMMATION	0.275	-0.5712664864642051	0.035779485912563275	66
DTlike	KC	KC3	INFLAMMATION	0.325	-0.30627037736821855	0.0359754659987361	66
DTlike	KC	KC3	INFLAMMATION	0.375	0.2809752792178884	0.03640976842972264	66
DTlike	KC	KC3	INFLAMMATION	0.425	0.6714869977366886	0.03669857463336049	66
DTlike	KC	KC3	INFLAMMATION	0.475	0.11647465462404968	0.036288110618619814	66
DTlike	KC	KC3	INFLAMMATION	0.525	-0.28616848050912874	0.035990332524482915	66
DTlike	KC	KC3	INFLAMMATION	0.575	-0.34012243434428974	0.035950430427210425	66
DTlike	KC	KC3	INFLAMMATION	0.625	-0.3876657298941436	0.03591526938582538	66
DTlike	KC	KC3	INFLAMMATION	0.675	-0.2565182518729002	0.03601226059875916	66
DTlike	KC	KC3	INFLAMMATION	0.725	0.06351161414829266	0.03624894135960004	66
DTlike	KC	KC3	INFLAMMATION	0.775	0.5865220621148476	0.03663573810545205	66
DTlike	KC	KC3	INFLAMMATION	0.825	1.3556326520722037	0.037204540267153516	66
DTlike	KC	KC3	INFLAMMATION	0.875	2.0533513971842097	0.03772054399361546	66
DTlike	KC	KC3	INFLAMMATION	0.925	1.864749302381317	0.037581061738883724	66
DTlike	KC	KC3	INFLAMMATION	0.975	0.9434372973292581	0.036899697749208094	66
DTlike	KC	KC3	MHC_II	0.025	0.9708711320074336	0.3196975587948863	66
DTlike	KC	KC3	MHC_II	0.075	0.522546001624309	0.31667049940592534	66
DTlike	KC	KC3	MHC_II	0.125	-0.10012820285818677	0.31246624747088037	66
DTlike	KC	KC3	MHC_II	0.175	-0.9237178619266585	0.30690542867849213	66
DTlike	KC	KC3	MHC_II	0.225	-0.6753150200805448	0.3085826269966241	66
DTlike	KC	KC3	MHC_II	0.275	-0.28577307539621255	0.3112127864972596	66
DTlike	KC	KC3	MHC_II	0.325	-1.877586639607028	0.3004649745445769	66
DTlike	KC	KC3	MHC_II	0.375	-1.6262184987575616	0.3021621943506444	66
DTlike	KC	KC3	MHC_II	0.425	-0.637912978540331	0.30883516292052793	66
DTlike	KC	KC3	MHC_II	0.475	0.4371653664889536	0.3160940154310006	66
DTlike	KC	KC3	MHC_II	0.525	0.5899648665745754	0.317125706786262	66
DTlike	KC	KC3	MHC_II	0.575	0.1796634223572061	0.31435538062149615	66
DTlike	KC	KC3	MHC_II	0.625	-0.2783708266860235	0.3112627659539955	66
DTlike	KC	KC3	MHC_II	0.675	-0.9331595424734721	0.3068416791230693	66
DTlike	KC	KC3	MHC_II	0.725	-0.5805761347462599	0.30922229721119754	66
DTlike	KC	KC3	MHC_II	0.775	-0.3502333077331063	0.31077755559386755	66
DTlike	KC	KC3	MHC_II	0.825	0.590985606941575	0.31713259875261013	66
DTlike	KC	KC3	MHC_II	0.875	1.2804108247543728	0.32178754878136107	66
DTlike	KC	KC3	MHC_II	0.925	1.8874440335281106	0.325886193825995	66
DTlike	KC	KC3	MHC_II	0.975	1.809940834528915	0.32536289773950405	66
DTlike	KC	KC3	MKI67	0.025	-1.8950416249913897	0.0	66
DTlike	KC	KC3	MKI67	0.075	1.561854304298474	0.0025310011897135536	66
DTlike	KC	KC3	MKI67	0.125	1.2827653800438572	0.0023266634214459915	66
DTlike	KC	KC3	MKI67	0.175	1.7819480131880863	0.0026921450165578033	66
DTlike	KC	KC3	MKI67	0.225	0.04184664513877132	0.001418112264967351	66
DTlike	KC	KC3	MKI67	0.275	0.9234074976140837	0.002063555926581504	66
DTlike	KC	KC3	MKI67	0.325	-0.9050971931325751	0.0007247977914393486	66
DTlike	KC	KC3	MKI67	0.375	0.8758673736898261	0.0020287489457893044	66
DTlike	KC	KC3	MKI67	0.425	1.1835649466237939	0.00225403282447634	66
DTlike	KC	KC3	MKI67	0.475	0.7595561199511712	0.0019435904892979386	66
DTlike	KC	KC3	MKI67	0.525	-0.017350115252534735	0.001374770760322066	66
DTlike	KC	KC3	MKI67	0.575	-0.5527034743855817	0.0009828064036857245	66
DTlike	KC	KC3	MKI67	0.625	-0.8416020798800701	0.0007712863784463923	66
DTlike	KC	KC3	MKI67	0.675	-1.2277324428554537	0.0004885771421645861	66
DTlike	KC	KC3	MKI67	0.725	0.11935454256316062	0.0014748604531124377	66
DTlike	KC	KC3	MKI67	0.775	-0.829520357882121	0.0007801321329545066	66
DTlike	KC	KC3	MKI67	0.825	-0.9150224222007396	0.0007175309349607203	66
DTlike	KC	KC3	MKI67	0.875	-0.6130470147336388	0.0009386252725390212	66
DTlike	KC	KC3	MKI67	0.925	-0.4773141238955156	0.0010380034763442835	66
DTlike	KC	KC3	MKI67	0.975	-0.25573397390160274	0.0012002356160218895	66
DTlike	KC	KC3	MYC	0.025	-0.05218733089761523	0.3049014910101173	66
DTlike	KC	KC3	MYC	0.075	0.5167051865087631	0.32304270357801745	66
DTlike	KC	KC3	MYC	0.125	-0.5367121929927203	0.28945064880573496	66
DTlike	KC	KC3	MYC	0.175	-0.8844129328990585	0.2783629427107166	66
DTlike	KC	KC3	MYC	0.225	-1.0375297704686681	0.2734802539547829	66
DTlike	KC	KC3	MYC	0.275	-1.1869971562138857	0.26871394127917536	66
DTlike	KC	KC3	MYC	0.325	-0.1227246020156268	0.30265215288356684	66
DTlike	KC	KC3	MYC	0.375	1.6888322502790594	0.3604202495464348	66
DTlike	KC	KC3	MYC	0.425	1.8176487255689893	0.3645280326319574	66
DTlike	KC	KC3	MYC	0.475	1.2929123740644894	0.3477949004435663	66
DTlike	KC	KC3	MYC	0.525	1.067556282815076	0.34060859964027	66
DTlike	KC	KC3	MYC	0.575	0.7575415319150709	0.33072264873885543	66
DTlike	KC	KC3	MYC	0.625	-0.24036796770371469	0.29890066514405367	66
DTlike	KC	KC3	MYC	0.675	-0.6039259109394441	0.2873072942924616	66
DTlike	KC	KC3	MYC	0.725	-1.4478038582474893	0.26039716846891736	66
DTlike	KC	KC3	MYC	0.775	-1.7502702703113424	0.2507519238787502	66
DTlike	KC	KC3	MYC	0.825	-0.44114967322083054	0.29249800824827027	66
DTlike	KC	KC3	MYC	0.875	0.17905653743069214	0.31227554505725585	66
DTlike	KC	KC3	MYC	0.925	0.08838864264385063	0.3093842685822005	66
DTlike	KC	KC3	MYC	0.975	0.8954401346843631	0.33512004857997013	66
DTlike	KC	KC3	TNFSF14	0.025	-1.04738753580388	0.002380694557684468	66
DTlike	KC	KC3	TNFSF14	0.075	1.7937309340019782	0.006344590807174888	66
DTlike	KC	KC3	TNFSF14	0.125	2.023317287775465	0.006664907082729245	66
DTlike	KC	KC3	TNFSF14	0.175	1.1292586259624562	0.005417526583095529	66
DTlike	KC	KC3	TNFSF14	0.225	0.26065726138528345	0.004205663815688653	66
DTlike	KC	KC3	TNFSF14	0.275	1.3907498913129404	0.005782356229241231	66
DTlike	KC	KC3	TNFSF14	0.325	0.1700850624437097	0.004079298511493106	66
DTlike	KC	KC3	TNFSF14	0.375	-1.5025128155450236	0.0017457089319222747	66
DTlike	KC	KC3	TNFSF14	0.425	-1.0069430494857374	0.002437122246051862	66
DTlike	KC	KC3	TNFSF14	0.475	-0.3467296184173569	0.0033582445333086774	66
DTlike	KC	KC3	TNFSF14	0.525	-0.1859932107085194	0.003582502145388177	66
DTlike	KC	KC3	TNFSF14	0.575	-0.21657369601558993	0.003539836599299711	66
DTlike	KC	KC3	TNFSF14	0.625	0.635437425091552	0.004728552847274935	66
DTlike	KC	KC3	TNFSF14	0.675	0.13423425616096601	0.004029279873384331	66
DTlike	KC	KC3	TNFSF14	0.725	0.8013862863745296	0.0049600828154327745	66
DTlike	KC	KC3	TNFSF14	0.775	-0.5191921165341115	0.003117626812953825	66
DTlike	KC	KC3	TNFSF14	0.825	-1.1172570600998268	0.0022832133902309657	66
DTlike	KC	KC3	TNFSF14	0.875	-0.9561141031341178	0.002508038215220336	66
DTlike	KC	KC3	TNFSF14	0.925	-1.0937058977472227	0.0023160717046985797	66
DTlike	KC	KC3	TNFSF14	0.975	-0.3464479270174941	0.0033586375459532737	66
DTlike	LC	LC1	ANTIGEN_PRES	0.025	0.652878948437346	0.040723132147240756	55
DTlike	LC	LC1	ANTIGEN_PRES	0.075	0.8218006346196067	0.04192432464634648	55
DTlike	LC	LC1	ANTIGEN_PRES	0.125	0.8433058210672155	0.04207724680356948	55
DTlike	LC	LC1	ANTIGEN_PRES	0.175	0.5970148966052411	0.04032588605322548	55
DTlike	LC	LC1	ANTIGEN_PRES	0.225	0.7609183247856747	0.04149139400520995	55
DTlike	LC	LC1	ANTIGEN_PRES	0.275	0.6256313220995348	0.0405293758266929	55
DTlike	LC	LC1	ANTIGEN_PRES	0.325	0.4675265270305918	0.03940510162483257	55
DTlike	LC	LC1	ANTIGEN_PRES	0.375	0.5995708106245363	0.04034406101238983	55
DTlike	LC	LC1	ANTIGEN_PRES	0.425	0.74878472158193	0.04140511264320805	55
DTlike	LC	LC1	ANTIGEN_PRES	0.475	0.6937597497597171	0.04101383319940099	55
DTlike	LC	LC1	ANTIGEN_PRES	0.525	0.5246728436319156	0.03981146583066324	55
DTlike	LC	LC1	ANTIGEN_PRES	0.575	0.5137875501311366	0.039734061127932575	55
DTlike	LC	LC1	ANTIGEN_PRES	0.625	0.3824034708487184	0.038799796415670156	55
DTlike	LC	LC1	ANTIGEN_PRES	0.675	-0.04547514952527038	0.03575717589170504	55
DTlike	LC	LC1	ANTIGEN_PRES	0.725	-0.1951121075279888	0.034693115997418124	55
DTlike	LC	LC1	ANTIGEN_PRES	0.775	-0.487368677263094	0.0326148961588984	55
DTlike	LC	LC1	ANTIGEN_PRES	0.825	-1.4905419551662082	0.025481388058462052	55
DTlike	LC	LC1	ANTIGEN_PRES	0.875	-1.976716899195017	0.022024225693942166	55
DTlike	LC	LC1	ANTIGEN_PRES	0.925	-2.021511861634923	0.021705691264783784	55
DTlike	LC	LC1	ANTIGEN_PRES	0.975	-2.0153289709106663	0.02174965744892875	55
DTlike	LC	LC1	B	0.025	1.1274528882597612	0.06922531344376315	55
DTlike	LC	LC1	B	0.075	1.302181072060785	0.07074861077830646	55
DTlike	LC	LC1	B	0.125	1.244812121768939	0.07024846267876098	55
DTlike	LC	LC1	B	0.175	1.0017807209718077	0.06812969124194353	55
DTlike	LC	LC1	B	0.225	0.7243940070501541	0.06571140683720339	55
DTlike	LC	LC1	B	0.275	0.6184719283008892	0.06478796783201242	55
DTlike	LC	LC1	B	0.325	0.5290482169797988	0.06400836320191158	55
DTlike	LC	LC1	B	0.375	0.5088585936945617	0.06383234809852759	55
DTlike	LC	LC1	B	0.425	0.40778683944016375	0.0629511946949721	55
DTlike	LC	LC1	B	0.475	0.6931308915146294	0.06543885194921224	55
DTlike	LC	LC1	B	0.525	0.5151131274007245	0.0638868757329146	55
DTlike	LC	LC1	B	0.575	0.41738206267621075	0.06303484678624813	55
DTlike	LC	LC1	B	0.625	-0.14989753677749482	0.05808924795387724	55
DTlike	LC	LC1	B	0.675	-0.7660265864053686	0.05271777485425616	55
DTlike	LC	LC1	B	0.725	-1.104270792270496	0.0497689289038752	55
DTlike	LC	LC1	B	0.775	-1.177101261640673	0.04913398577419975	55
DTlike	LC	LC1	B	0.825	-1.3091829169462903	0.04798248503120435	55
DTlike	LC	LC1	B	0.875	-1.4616841265534737	0.04665296462381663	55
DTlike	LC	LC1	B	0.925	-1.6272741232018713	0.04520933489543355	55
DTlike	LC	LC1	B	0.975	-1.4949751263227367	0.046362730443447936	55
DTlike	LC	LC1	CCL19	0.025	1.3204062842530382	0.013784141867101508	55
DTlike	LC	LC1	CCL19	0.075	0.8440080849569351	0.011743273542600897	55
DTlike	LC	LC1	CCL19	0.125	0.43578665325801036	0.00999447140487745	55
DTlike	LC	LC1	CCL19	0.175	0.13633904096309857	0.008711651386491574	55
DTlike	LC	LC1	CCL19	0.225	0.7553365902645158	0.011363408872517617	55
DTlike	LC	LC1	CCL19	0.275	0.4656937800344008	0.01012259218242225	55
DTlike	LC	LC1	CCL19	0.325	0.6000878039600781	0.010698330098386988	55
DTlike	LC	LC1	CCL19	0.375	0.9980813833895172	0.012403316579889847	55
DTlike	LC	LC1	CCL19	0.425	0.5974229495909371	0.010686913982878108	55
DTlike	LC	LC1	CCL19	0.475	0.2299324484591775	0.00911260130826511	55
DTlike	LC	LC1	CCL19	0.525	0.1092157064357162	0.00859545624895	55
DTlike	LC	LC1	CCL19	0.575	0.005056760644442347	0.008149244039305056	55
DTlike	LC	LC1	CCL19	0.625	0.40127855521548617	0.009846640274663677	55
DTlike	LC	LC1	CCL19	0.675	0.23200590383872058	0.009121483897268651	55
DTlike	LC	LC1	CCL19	0.725	0.39150280616256616	0.009804761408161139	55
DTlike	LC	LC1	CCL19	0.775	0.0667032985370769	0.008413335017579317	55
DTlike	LC	LC1	CCL19	0.825	-1.8972145124909285	0.0	55
DTlike	LC	LC1	CCL19	0.875	-1.8972145124909285	0.0	55
DTlike	LC	LC1	CCL19	0.925	-1.8972145124909285	0.0	55
DTlike	LC	LC1	CCL19	0.975	-1.8972145124909285	0.0	55
DTlike	LC	LC1	CCL21	0.025	-0.5871049196436943	0.0	55
DTlike	LC	LC1	CCL21	0.075	-0.5871049196436943	0.0	55
DTlike	LC	LC1	CCL21	0.125	-0.20479402282032455	0.002538695211919572	55
DTlike	LC	LC1	CCL21	0.175	-0.1452745975421374	0.002933927681685529	55
DTlike	LC	LC1	CCL21	0.225	-0.11616714525413331	0.003127212650460231	55
DTlike	LC	LC1	CCL21	0.275	-0.05743704719594289	0.0035172036760228093	55
DTlike	LC	LC1	CCL21	0.325	-0.018269063302003483	0.0037772945444712355	55
DTlike	LC	LC1	CCL21	0.375	-0.03605774200449392	0.0036591706986075054	55
DTlike	LC	LC1	CCL21	0.425	-0.18224146296633245	0.002688453108421044	55
DTlike	LC	LC1	CCL21	0.475	-0.2579169457036051	0.002185938042067663	55
DTlike	LC	LC1	CCL21	0.525	-0.2820604232886467	0.0020256158240678176	55
DTlike	LC	LC1	CCL21	0.575	-0.5871049196436943	0.0	55
DTlike	LC	LC1	CCL21	0.625	-0.5871049196436943	0.0	55
DTlike	LC	LC1	CCL21	0.675	-0.25173973539793415	0.002226957155978173	55
DTlike	LC	LC1	CCL21	0.725	-0.15827321146738704	0.0028476117560663114	55
DTlike	LC	LC1	CCL21	0.775	-0.5871049196436943	0.0	55
DTlike	LC	LC1	CCL21	0.825	-0.5871049196436943	0.0	55
DTlike	LC	LC1	CCL21	0.875	-0.5871049196436943	0.0	55
DTlike	LC	LC1	CCL21	0.925	2.5214176020168346	0.020641816143497756	55
DTlike	LC	LC1	CCL21	0.975	3.298548232431967	0.025802270179372196	55
DTlike	LC	LC1	CD74	0.025	1.0047672227847182	0.244765144029794	55
DTlike	LC	LC1	CD74	0.075	0.8698403343102896	0.23641980143732744	55
DTlike	LC	LC1	CD74	0.125	0.5609691626202329	0.2173158572655281	55
DTlike	LC	LC1	CD74	0.175	0.38121849107956135	0.20619812563921014	55
DTlike	LC	LC1	CD74	0.225	0.5888697110145218	0.21904152986867392	55
DTlike	LC	LC1	CD74	0.275	0.5270707745106059	0.21521921318438303	55
DTlike	LC	LC1	CD74	0.325	0.3640023321789386	0.2051332915962961	55
DTlike	LC	LC1	CD74	0.375	0.49034156552035896	0.21294748042866915	55
DTlike	LC	LC1	CD74	0.425	0.6173176642609557	0.2208010599266205	55
DTlike	LC	LC1	CD74	0.475	0.6765638509431643	0.22446548686739268	55
DTlike	LC	LC1	CD74	0.525	0.8319885525823801	0.23407863660482975	55
DTlike	LC	LC1	CD74	0.575	0.7095590271998047	0.22650626652868805	55
DTlike	LC	LC1	CD74	0.625	0.48445207300049486	0.21258321031668662	55
DTlike	LC	LC1	CD74	0.675	0.08827339430167568	0.18807922272047833	55
DTlike	LC	LC1	CD74	0.725	-0.04950520865991476	0.17955749916614164	55
DTlike	LC	LC1	CD74	0.775	-0.9189117038485041	0.12578396939383488	55
DTlike	LC	LC1	CD74	0.825	-1.348170778259585	0.09923393124065769	55
DTlike	LC	LC1	CD74	0.875	-1.5013310717377257	0.0897608370702541	55
DTlike	LC	LC1	CD74	0.925	-2.1734206352812206	0.048191527023837624	55
DTlike	LC	LC1	CD74	0.975	-2.2038947585207547	0.046306676631788744	55
DTlike	LC	LC1	COL1A1	0.025	0.11136862243389692	0.06852236683801816	55
DTlike	LC	LC1	COL1A1	0.075	0.368670459292141	0.07190434066704035	55
DTlike	LC	LC1	COL1A1	0.125	0.6336881275156038	0.07538773133810668	55
DTlike	LC	LC1	COL1A1	0.175	0.5097102534088399	0.07375816689066014	55
DTlike	LC	LC1	COL1A1	0.225	0.6412579266865062	0.07548722873384836	55
DTlike	LC	LC1	COL1A1	0.275	0.8564931710498963	0.07831627951874896	55
DTlike	LC	LC1	COL1A1	0.325	0.5963686869512458	0.07489720483101477	55
DTlike	LC	LC1	COL1A1	0.375	0.6868628985135471	0.07608666021508306	55
DTlike	LC	LC1	COL1A1	0.425	0.8059208317705526	0.07765155698896228	55
DTlike	LC	LC1	COL1A1	0.475	1.0926770339005125	0.08142067882172875	55
DTlike	LC	LC1	COL1A1	0.525	1.1313523162463035	0.08192902650521447	55
DTlike	LC	LC1	COL1A1	0.575	1.112060700365712	0.08167545761964272	55
DTlike	LC	LC1	COL1A1	0.625	0.5593194883558477	0.07441023038277204	55
DTlike	LC	LC1	COL1A1	0.675	-0.795404958997765	0.05660374022152749	55
DTlike	LC	LC1	COL1A1	0.725	-1.0419442904998584	0.053363228699551575	55
DTlike	LC	LC1	COL1A1	0.775	-1.1481464629157785	0.05196730797049038	55
DTlike	LC	LC1	COL1A1	0.825	-1.5561326026927016	0.04660474055092889	55
DTlike	LC	LC1	COL1A1	0.875	-1.823284067296574	0.043093303272799345	55
DTlike	LC	LC1	COL1A1	0.925	-1.4278255234976611	0.04829120804457128	55
DTlike	LC	LC1	COL1A1	0.975	-1.3130126105902649	0.04980030829596413	55
DTlike	LC	LC1	CXCL10	0.025	-0.5265736332584035	0.009605934025431537	55
DTlike	LC	LC1	CXCL10	0.075	-0.32262633099540483	0.011591505203485914	55
DTlike	LC	LC1	CXCL10	0.125	-0.565818767152524	0.009223854900704678	55
DTlike	LC	LC1	CXCL10	0.175	-0.4042808069858097	0.010796541150092324	55
DTlike	LC	LC1	CXCL10	0.225	-0.3257615850024386	0.011560981289106218	55
DTlike	LC	LC1	CXCL10	0.275	-0.21039564791528156	0.01268415025024355	55
DTlike	LC	LC1	CXCL10	0.325	-0.17873222460290147	0.012992416062195911	55
DTlike	LC	LC1	CXCL10	0.375	-0.40565608711092804	0.010783151825752723	55
DTlike	LC	LC1	CXCL10	0.425	-0.5176327770391475	0.009692979581901757	55
DTlike	LC	LC1	CXCL10	0.475	-0.556553608100534	0.009314057774533318	55
DTlike	LC	LC1	CXCL10	0.525	-0.6745389902347869	0.008165386663917668	55
DTlike	LC	LC1	CXCL10	0.575	-0.48904903155207263	0.00997126255289585	55
DTlike	LC	LC1	CXCL10	0.625	-0.2789694429029073	0.012016535874439462	55
DTlike	LC	LC1	CXCL10	0.675	0.11756521084956494	0.01587708107829493	55
DTlike	LC	LC1	CXCL10	0.725	0.03477273334062588	0.015071037775552557	55
DTlike	LC	LC1	CXCL10	0.775	-0.4201149553225467	0.010642384521308288	55
DTlike	LC	LC1	CXCL10	0.825	-0.5151518330108728	0.00971713332604178	55
DTlike	LC	LC1	CXCL10	0.875	0.48294037817745183	0.01943426665208356	55
DTlike	LC	LC1	CXCL10	0.925	2.5789340216729335	0.0398402466367713	55
DTlike	LC	LC1	CXCL10	0.975	3.1776433771459778	0.04566910549917394	55
DTlike	LC	LC1	CXCL11	0.025	-0.20857605169327728	0.010246959383166112	55
DTlike	LC	LC1	CXCL11	0.075	-0.3988457653572294	0.008329399732515144	55
DTlike	LC	LC1	CXCL11	0.125	-0.5040724188879834	0.007268913640966296	55
DTlike	LC	LC1	CXCL11	0.175	-0.6658339058737557	0.005638663116591928	55
DTlike	LC	LC1	CXCL11	0.225	-0.4995071752497167	0.007314922681646266	55
DTlike	LC	LC1	CXCL11	0.275	-0.42696591667060385	0.008046001673568347	55
DTlike	LC	LC1	CXCL11	0.325	-0.308077543751534	0.009244172115154213	55
DTlike	LC	LC1	CXCL11	0.375	-0.2893382787782602	0.0094330285427151	55
DTlike	LC	LC1	CXCL11	0.425	-0.2858388436450692	0.009468296244979734	55
DTlike	LC	LC1	CXCL11	0.475	-0.32391273514688085	0.009084583268903663	55
DTlike	LC	LC1	CXCL11	0.525	-0.34722313155126194	0.008849658462821984	55
DTlike	LC	LC1	CXCL11	0.575	-0.4337372254516372	0.00797775965937401	55
DTlike	LC	LC1	CXCL11	0.625	-0.08640056451114637	0.011478257733322112	55
DTlike	LC	LC1	CXCL11	0.675	-0.058018664819143445	0.011764293721973094	55
DTlike	LC	LC1	CXCL11	0.725	0.23653215831703503	0.014732810164424515	55
DTlike	LC	LC1	CXCL11	0.775	-0.17906535417697422	0.01054437152370138	55
DTlike	LC	LC1	CXCL11	0.825	-1.2253298340850214	0.0	55
DTlike	LC	LC1	CXCL11	0.875	0.3737265621696057	0.016115470852017935	55
DTlike	LC	LC1	CXCL11	0.925	2.3662898802851546	0.03619674887892377	55
DTlike	LC	LC1	CXCL11	0.975	3.2641948088776993	0.04524593609865471	55
DTlike	LC	LC1	CXCL13	0.025	0.4874031853882242	0.008655582086075359	55
DTlike	LC	LC1	CXCL13	0.075	1.5316319453849385	0.012721001970809174	55
DTlike	LC	LC1	CXCL13	0.125	1.628773447968928	0.0130991959177362	55
DTlike	LC	LC1	CXCL13	0.175	0.9486330000758808	0.010451254578441104	55
DTlike	LC	LC1	CXCL13	0.225	0.6066225286213205	0.009119730084284353	55
DTlike	LC	LC1	CXCL13	0.275	0.8661885939186045	0.01013027976811514	55
DTlike	LC	LC1	CXCL13	0.325	0.30741229498637285	0.00795483664317745	55
DTlike	LC	LC1	CXCL13	0.375	0.2094499524308361	0.007573446979688736	55
DTlike	LC	LC1	CXCL13	0.425	0.18822863246596927	0.007490827558092131	55
DTlike	LC	LC1	CXCL13	0.475	0.09585634616703356	0.0071312012540635005	55
DTlike	LC	LC1	CXCL13	0.525	0.1765865892915206	0.007445502438124661	55
DTlike	LC	LC1	CXCL13	0.575	0.3623746736753644	0.008168817674723832	55
DTlike	LC	LC1	CXCL13	0.625	-0.2537616259985156	0.005770059030680753	55
DTlike	LC	LC1	CXCL13	0.675	0.2874021200813036	0.007876932484555803	55
DTlike	LC	LC1	CXCL13	0.725	-0.05514690421199854	0.006543311281800825	55
DTlike	LC	LC1	CXCL13	0.775	-0.444303936184657	0.005028234512539445	55
DTlike	LC	LC1	CXCL13	0.825	-1.735837711015282	0.0	55
DTlike	LC	LC1	CXCL13	0.875	-1.735837711015282	0.0	55
DTlike	LC	LC1	CXCL13	0.925	-1.735837711015282	0.0	55
DTlike	LC	LC1	CXCL13	0.975	-1.735837711015282	0.0	55
DTlike	LC	LC1	CXCL16	0.025	0.6076058542600531	0.01610575855791857	55
DTlike	LC	LC1	CXCL16	0.075	1.0485142692545362	0.018304912165219896	55
DTlike	LC	LC1	CXCL16	0.125	1.0051985400144496	0.018088862892918264	55
DTlike	LC	LC1	CXCL16	0.175	0.6923391544733208	0.016528389509121635	55
DTlike	LC	LC1	CXCL16	0.225	0.026398501135367413	0.013206824893361042	55
DTlike	LC	LC1	CXCL16	0.275	-0.6314233352407282	0.009925755140028766	55
DTlike	LC	LC1	CXCL16	0.325	-0.5149038081884916	0.010506928756869753	55
DTlike	LC	LC1	CXCL16	0.375	-0.12976201126549833	0.01242793081358104	55
DTlike	LC	LC1	CXCL16	0.425	-0.081510191654242	0.012668600212368257	55
DTlike	LC	LC1	CXCL16	0.475	-0.03737341546256293	0.01288874468517855	55
DTlike	LC	LC1	CXCL16	0.525	-0.09447302926342942	0.012603944446863163	55
DTlike	LC	LC1	CXCL16	0.575	0.3030271527275611	0.014586587393560741	55
DTlike	LC	LC1	CXCL16	0.625	0.6031847414220033	0.016083707025411065	55
DTlike	LC	LC1	CXCL16	0.675	-0.582406057477754	0.010170242474691872	55
DTlike	LC	LC1	CXCL16	0.725	-1.412279377582312	0.006031017993040955	55
DTlike	LC	LC1	CXCL16	0.775	-1.8492805592254917	0.0038513528010813824	55
DTlike	LC	LC1	CXCL16	0.825	-1.9405059666324895	0.003396340655805945	55
DTlike	LC	LC1	CXCL16	0.875	-0.3849507077824545	0.011155106064942914	55
DTlike	LC	LC1	CXCL16	0.925	1.169985930873483	0.018910785933443475	55
DTlike	LC	LC1	CXCL16	0.975	2.202614315614687	0.024061307810722174	55
DTlike	LC	LC1	EMT	0.025	1.6137625917471858	0.011583734940799234	55
DTlike	LC	LC1	EMT	0.075	1.4889497493947599	0.011453449582087065	55
DTlike	LC	LC1	EMT	0.125	0.9701239132336524	0.01091187542273473	55
DTlike	LC	LC1	EMT	0.175	0.6721715728177998	0.010600859129710979	55
DTlike	LC	LC1	EMT	0.225	0.6289819075185881	0.010555775779872044	55
DTlike	LC	LC1	EMT	0.275	0.5565579199306269	0.010480176306096581	55
DTlike	LC	LC1	EMT	0.325	0.42416560599463515	0.01034197914796136	55
DTlike	LC	LC1	EMT	0.375	0.31305385519523743	0.010225995615840835	55
DTlike	LC	LC1	EMT	0.425	0.3914640126049491	0.010307843727719871	55
DTlike	LC	LC1	EMT	0.475	0.12118546809174077	0.010025714609750772	55
DTlike	LC	LC1	EMT	0.525	0.2163626037074078	0.010125064861064417	55
DTlike	LC	LC1	EMT	0.575	0.04841643127377752	0.009949754957792866	55
DTlike	LC	LC1	EMT	0.625	-0.1489231819828797	0.009743762835374347	55
DTlike	LC	LC1	EMT	0.675	-0.5904666743383647	0.009282859524430401	55
DTlike	LC	LC1	EMT	0.725	-1.916228229690988	0.007898968920303305	55
DTlike	LC	LC1	EMT	0.775	-2.2688379533834637	0.007530898748429843	55
DTlike	LC	LC1	EMT	0.825	-1.7362677083962752	0.008086819950926475	55
DTlike	LC	LC1	EMT	0.875	-0.5930583343353917	0.009280154231080705	55
DTlike	LC	LC1	EMT	0.925	-0.023546376985569953	0.009874636884113152	55
DTlike	LC	LC1	EMT	0.975	-0.16786717239743346	0.009723988230933957	55
DTlike	LC	LC1	G2M	0.025	1.575545625668361	0.014050801199162395	55
DTlike	LC	LC1	G2M	0.075	1.425841992155239	0.013856829207061239	55
DTlike	LC	LC1	G2M	0.125	0.7889135031327399	0.013031556734093213	55
DTlike	LC	LC1	G2M	0.175	0.47816365706275776	0.012628916094899653	55
DTlike	LC	LC1	G2M	0.225	0.32212570544200353	0.012426736684761231	55
DTlike	LC	LC1	G2M	0.275	0.22554355937821782	0.012301594556719595	55
DTlike	LC	LC1	G2M	0.325	0.3897485451203928	0.012514356047205126	55
DTlike	LC	LC1	G2M	0.375	0.6405850657714546	0.012839366592778453	55
DTlike	LC	LC1	G2M	0.425	0.4453442011845833	0.012586391707969475	55
DTlike	LC	LC1	G2M	0.475	0.4081993952337352	0.012538262936226167	55
DTlike	LC	LC1	G2M	0.525	0.5874583433601241	0.012770529945743913	55
DTlike	LC	LC1	G2M	0.575	0.3661994753996903	0.012483843361182356	55
DTlike	LC	LC1	G2M	0.625	-0.15611916446741095	0.0118070716308709	55
DTlike	LC	LC1	G2M	0.675	-1.4739072350612337	0.010099604876579883	55
DTlike	LC	LC1	G2M	0.725	-1.758779654927742	0.009730493790366068	55
DTlike	LC	LC1	G2M	0.775	-1.8232963960161834	0.009646899020492278	55
DTlike	LC	LC1	G2M	0.825	-1.8995288320977297	0.009548124146813842	55
DTlike	LC	LC1	G2M	0.875	-0.7920423425038498	0.010983101746023623	55
DTlike	LC	LC1	G2M	0.925	0.4342486691593393	0.01257201515344069	55
DTlike	LC	LC1	G2M	0.975	-0.18424411299448115	0.01177062994829103	55
DTlike	LC	LC1	HLA-DRA	0.025	-1.0791069900628223	0.04162192888271332	55
DTlike	LC	LC1	HLA-DRA	0.075	-0.2540880676984482	0.05192532657438098	55
DTlike	LC	LC1	HLA-DRA	0.125	0.1244403807878203	0.05665264741107986	55
DTlike	LC	LC1	HLA-DRA	0.175	0.6479697685067957	0.06319083864369443	55
DTlike	LC	LC1	HLA-DRA	0.225	0.8155856381688606	0.06528413967927994	55
DTlike	LC	LC1	HLA-DRA	0.275	0.946608271443989	0.06692043947877345	55
DTlike	LC	LC1	HLA-DRA	0.325	1.0526273330570912	0.06824447766151802	55
DTlike	LC	LC1	HLA-DRA	0.375	0.965725851333825	0.06715919282511211	55
DTlike	LC	LC1	HLA-DRA	0.425	1.0979073731248925	0.06880996561296546	55
DTlike	LC	LC1	HLA-DRA	0.475	0.9550671294648425	0.06702607945361964	55
DTlike	LC	LC1	HLA-DRA	0.525	0.8078547981758253	0.06518759168894947	55
DTlike	LC	LC1	HLA-DRA	0.575	0.5609846438755156	0.06210450921773791	55
DTlike	LC	LC1	HLA-DRA	0.625	0.22856234608942813	0.057952993364195675	55
DTlike	LC	LC1	HLA-DRA	0.675	0.2844235098428034	0.05865062558821901	55
DTlike	LC	LC1	HLA-DRA	0.725	-0.5698351002183704	0.04798206278026905	55
DTlike	LC	LC1	HLA-DRA	0.775	-0.4403135821989847	0.04959961563100577	55
DTlike	LC	LC1	HLA-DRA	0.825	-1.0636604232144837	0.04181483612022644	55
DTlike	LC	LC1	HLA-DRA	0.875	-2.0361389636546203	0.029669862378227926	55
DTlike	LC	LC1	HLA-DRA	0.925	-2.2588646237217755	0.02688831278026906	55
DTlike	LC	LC1	HLA-DRA	0.975	-0.7857492931021692	0.04528557941940052	55
DTlike	LC	LC1	IFN_I	0.025	1.4515547434133982	0.014084459592535695	55
DTlike	LC	LC1	IFN_I	0.075	0.4612403934876894	0.01298716464775882	55
DTlike	LC	LC1	IFN_I	0.125	0.9926564200991413	0.013575987903342164	55
DTlike	LC	LC1	IFN_I	0.175	1.0995506488145355	0.013694429584818379	55
DTlike	LC	LC1	IFN_I	0.225	1.4038228032422755	0.014031571318566834	55
DTlike	LC	LC1	IFN_I	0.275	0.9065500089880747	0.013480579683081455	55
DTlike	LC	LC1	IFN_I	0.325	0.3678375433441328	0.012883671776734619	55
DTlike	LC	LC1	IFN_I	0.375	0.35214065727784477	0.012866279204638124	55
DTlike	LC	LC1	IFN_I	0.425	0.6324936207014126	0.013176917831192384	55
DTlike	LC	LC1	IFN_I	0.475	0.5709774040549789	0.01310875620801385	55
DTlike	LC	LC1	IFN_I	0.525	-0.10478935610093477	0.012359988455811776	55
DTlike	LC	LC1	IFN_I	0.575	-0.17729799406513227	0.012279646934054832	55
DTlike	LC	LC1	IFN_I	0.625	-0.5843781036028389	0.011828591219928856	55
DTlike	LC	LC1	IFN_I	0.675	-0.5764924395407176	0.011837328747878666	55
DTlike	LC	LC1	IFN_I	0.725	-1.5494744276742436	0.010759238526306128	55
DTlike	LC	LC1	IFN_I	0.775	-2.2653582601767472	0.009966019978567804	55
DTlike	LC	LC1	IFN_I	0.825	-0.18856653272608812	0.012267161090031046	55
DTlike	LC	LC1	IFN_I	0.875	-0.41284996356819526	0.01201864901416471	55
DTlike	LC	LC1	IFN_I	0.925	-0.7306362981385436	0.011666533205210336	55
DTlike	LC	LC1	IFN_I	0.975	-1.6489808678300264	0.010648982713327275	55
DTlike	LC	LC1	IFN_II	0.025	0.8451001015985473	0.02896854809818528	55
DTlike	LC	LC1	IFN_II	0.075	1.1179881847575142	0.029923034141516872	55
DTlike	LC	LC1	IFN_II	0.125	1.1320048754985284	0.02997206059782497	55
DTlike	LC	LC1	IFN_II	0.175	0.7211655108363351	0.028535059629948893	55
DTlike	LC	LC1	IFN_II	0.225	0.42666466680807086	0.027504978205650846	55
DTlike	LC	LC1	IFN_II	0.275	0.30295656887181477	0.02707228194584946	55
DTlike	LC	LC1	IFN_II	0.325	0.17085699070344185	0.026610234639744663	55
DTlike	LC	LC1	IFN_II	0.375	0.4657142493541091	0.027641562702513636	55
DTlike	LC	LC1	IFN_II	0.425	0.5833403256063973	0.028052985754832355	55
DTlike	LC	LC1	IFN_II	0.475	0.6336294668934385	0.028228883078504234	55
DTlike	LC	LC1	IFN_II	0.525	0.3983353156511241	0.027405890074051514	55
DTlike	LC	LC1	IFN_II	0.575	0.858992577494559	0.029017140085774343	55
DTlike	LC	LC1	IFN_II	0.625	0.6410027324346766	0.028254672695153745	55
DTlike	LC	LC1	IFN_II	0.675	0.04801504295771608	0.02618056793058807	55
DTlike	LC	LC1	IFN_II	0.725	-0.6645167813447326	0.023688331282313096	55
DTlike	LC	LC1	IFN_II	0.775	-0.9283900697161641	0.022765376464928034	55
DTlike	LC	LC1	IFN_II	0.825	-0.9478539040121736	0.022697297426920216	55
DTlike	LC	LC1	IFN_II	0.875	-1.5499528583427453	0.02059132401115073	55
DTlike	LC	LC1	IFN_II	0.925	-2.0728675796785065	0.01876231485256149	55
DTlike	LC	LC1	IFN_II	0.975	-2.1821854163719383	0.01837995169399769	55
DTlike	LC	LC1	INFLAMMATION	0.025	1.2761391000748097	0.022359556114515542	55
DTlike	LC	LC1	INFLAMMATION	0.075	1.145442667124587	0.0220623739088032	55
DTlike	LC	LC1	INFLAMMATION	0.125	1.0023438701193501	0.021736990765829467	55
DTlike	LC	LC1	INFLAMMATION	0.175	0.975533983116994	0.021676029489577243	55
DTlike	LC	LC1	INFLAMMATION	0.225	0.9250887439225605	0.02156132530742716	55
DTlike	LC	LC1	INFLAMMATION	0.275	0.5886251122689771	0.02079626231420163	55
DTlike	LC	LC1	INFLAMMATION	0.325	0.4337834434848421	0.02044417781100042	55
DTlike	LC	LC1	INFLAMMATION	0.375	0.6673668381717273	0.020975308055980125	55
DTlike	LC	LC1	INFLAMMATION	0.425	0.561278011241564	0.020734079501559297	55
DTlike	LC	LC1	INFLAMMATION	0.475	0.5052962851753546	0.02060678625830547	55
DTlike	LC	LC1	INFLAMMATION	0.525	0.5107286110162469	0.020619138474346127	55
DTlike	LC	LC1	INFLAMMATION	0.575	0.491552916403937	0.020575536096742425	55
DTlike	LC	LC1	INFLAMMATION	0.625	0.031093427894794017	0.019528526906457625	55
DTlike	LC	LC1	INFLAMMATION	0.675	-0.901459419735281	0.01740805501639783	55
DTlike	LC	LC1	INFLAMMATION	0.725	-1.3683866467564478	0.01634633925185093	55
DTlike	LC	LC1	INFLAMMATION	0.775	-1.57824108809401	0.015869164746415265	55
DTlike	LC	LC1	INFLAMMATION	0.825	-1.3981977841717126	0.01627855362548088	55
DTlike	LC	LC1	INFLAMMATION	0.875	-1.513536504554725	0.016016292333770513	55
DTlike	LC	LC1	INFLAMMATION	0.925	-1.1814675036894389	0.016771362658937115	55
DTlike	LC	LC1	INFLAMMATION	0.975	-1.1729840630141284	0.016790652608593803	55
DTlike	LC	LC1	MHC_II	0.025	0.6569725434308069	0.09284846786248133	55
DTlike	LC	LC1	MHC_II	0.075	0.7442607547553727	0.09490344648991689	55
DTlike	LC	LC1	MHC_II	0.125	0.784552709057567	0.09585201793721973	55
DTlike	LC	LC1	MHC_II	0.175	0.672349624046785	0.09321048206278028	55
DTlike	LC	LC1	MHC_II	0.225	0.6710024324147701	0.09317876586687203	55
DTlike	LC	LC1	MHC_II	0.275	0.5572723917331216	0.09050128171005795	55
DTlike	LC	LC1	MHC_II	0.325	0.4617632858124443	0.08825276305657473	55
DTlike	LC	LC1	MHC_II	0.375	0.6179062011182807	0.09192875032805031	55
DTlike	LC	LC1	MHC_II	0.425	0.695275061206371	0.09375020309352051	55
DTlike	LC	LC1	MHC_II	0.475	0.5783801745932988	0.0909982106995744	55
DTlike	LC	LC1	MHC_II	0.525	0.6638122414028791	0.09300949113168844	55
DTlike	LC	LC1	MHC_II	0.575	0.5832374862110572	0.09111256373086946	55
DTlike	LC	LC1	MHC_II	0.625	0.30515717541673454	0.08456587103638705	55
DTlike	LC	LC1	MHC_II	0.675	0.014215907391076784	0.07771639985855956	55
DTlike	LC	LC1	MHC_II	0.725	0.03431808114767273	0.07818965434284723	55
DTlike	LC	LC1	MHC_II	0.775	-0.5415138128794732	0.06463315894369706	55
DTlike	LC	LC1	MHC_II	0.825	-1.2373412657659406	0.04825167371944672	55
DTlike	LC	LC1	MHC_II	0.875	-2.073824161822633	0.028558814311201115	55
DTlike	LC	LC1	MHC_II	0.925	-2.0492161167161718	0.02913814806073479	55
DTlike	LC	LC1	MHC_II	0.975	-2.138580712554021	0.02703428624813154	55
DTlike	LC	LC1	MKI67	0.025	-0.31382902976951826	0.005887928834445295	55
DTlike	LC	LC1	MKI67	0.075	-0.723280964377467	0.004397853780425228	55
DTlike	LC	LC1	MKI67	0.125	-0.18685345724827107	0.0063500175855095405	55
DTlike	LC	LC1	MKI67	0.175	0.21694175429036253	0.0078195067264574	55
DTlike	LC	LC1	MKI67	0.225	-0.39062289760961205	0.005608461045680776	55
DTlike	LC	LC1	MKI67	0.275	-0.4370079457987813	0.005439656853187756	55
DTlike	LC	LC1	MKI67	0.325	-0.13852850657695356	0.006525881459619766	55
DTlike	LC	LC1	MKI67	0.375	0.1380023575694122	0.007532230941704036	55
DTlike	LC	LC1	MKI67	0.425	0.22892171693635996	0.00786310413552566	55
DTlike	LC	LC1	MKI67	0.475	0.3457365177756529	0.008288215866497497	55
DTlike	LC	LC1	MKI67	0.525	-0.1968834219965179	0.006313516597235121	55
DTlike	LC	LC1	MKI67	0.575	-0.6836412412273065	0.004542110426008969	55
DTlike	LC	LC1	MKI67	0.625	-0.7852580049077841	0.004172307301802183	55
DTlike	LC	LC1	MKI67	0.675	-0.624995666598072	0.004755533053667004	55
DTlike	LC	LC1	MKI67	0.725	-0.7140829211347164	0.004431327244886799	55
DTlike	LC	LC1	MKI67	0.775	0.2185092968110459	0.00782521131790944	55
DTlike	LC	LC1	MKI67	0.825	1.6468358672519632	0.013023168908819133	55
DTlike	LC	LC1	MKI67	0.875	1.5156208713781987	0.012545652073413157	55
DTlike	LC	LC1	MKI67	0.925	2.8161657926631114	0.01727858744394619	55
DTlike	LC	LC1	MKI67	0.975	-1.9317501174311096	0.0	55
DTlike	LC	LC1	MYC	0.025	1.274596038813407	0.09398355754857997	55
DTlike	LC	LC1	MYC	0.075	1.0787905582807786	0.09152908003804866	55
DTlike	LC	LC1	MYC	0.125	0.17667080237253535	0.0802207517590871	55
DTlike	LC	LC1	MYC	0.175	0.24447830985620309	0.0810707381931293	55
DTlike	LC	LC1	MYC	0.225	0.037430615102052485	0.07847533632286995	55
DTlike	LC	LC1	MYC	0.275	-0.13664558694339105	0.07629324151185138	55
DTlike	LC	LC1	MYC	0.325	0.19171084207787253	0.08040928294378036	55
DTlike	LC	LC1	MYC	0.375	0.5422396002350596	0.08480326084139041	55
DTlike	LC	LC1	MYC	0.425	0.5381413517436326	0.08475188812839272	55
DTlike	LC	LC1	MYC	0.475	0.13231053985841532	0.07966468322410027	55
DTlike	LC	LC1	MYC	0.525	0.01808042643765102	0.07823277619241743	55
DTlike	LC	LC1	MYC	0.575	0.2605178742371529	0.08127179870453413	55
DTlike	LC	LC1	MYC	0.625	0.24986648951365834	0.08113828056097289	55
DTlike	LC	LC1	MYC	0.675	-0.1595753298514064	0.07600581064864523	55
DTlike	LC	LC1	MYC	0.725	-0.9500016344315887	0.0660975916189887	55
DTlike	LC	LC1	MYC	0.775	-1.1292370425960683	0.06385082468869685	55
DTlike	LC	LC1	MYC	0.825	-2.6851850660637595	0.044346572709801406	55
DTlike	LC	LC1	MYC	0.875	-1.8221724189601307	0.0551646822328746	55
DTlike	LC	LC1	MYC	0.925	0.2587788866937836	0.08125	55
DTlike	LC	LC1	MYC	0.975	1.8792047436241515	0.1015625	55
DTlike	LC	LC1	TNFSF14	0.025	1.5051824898898327	0.07288729138736073	55
DTlike	LC	LC1	TNFSF14	0.075	1.1325683660480468	0.06651119019212573	55
DTlike	LC	LC1	TNFSF14	0.125	0.7193934543458426	0.0594410205990264	55
DTlike	LC	LC1	TNFSF14	0.175	0.5330579556460144	0.05625248339671907	55
DTlike	LC	LC1	TNFSF14	0.225	0.443833391107328	0.05472568981537592	55
DTlike	LC	LC1	TNFSF14	0.275	0.479727421058129	0.05533990154978747	55
DTlike	LC	LC1	TNFSF14	0.325	0.7177793584635204	0.059413400500844434	55
DTlike	LC	LC1	TNFSF14	0.375	0.6439141587136056	0.05814943341458422	55
DTlike	LC	LC1	TNFSF14	0.425	0.6300293371977749	0.05791183902028181	55
DTlike	LC	LC1	TNFSF14	0.475	0.5911727149402003	0.05724693197632737	55
DTlike	LC	LC1	TNFSF14	0.525	0.5473603027257895	0.056497222408138675	55
DTlike	LC	LC1	TNFSF14	0.575	0.3671136496889791	0.05341287636130685	55
DTlike	LC	LC1	TNFSF14	0.625	-0.05347383557283749	0.04621586423565425	55
DTlike	LC	LC1	TNFSF14	0.675	-0.6146535339627954	0.03661306520926756	55
DTlike	LC	LC1	TNFSF14	0.725	-1.0843889785157315	0.028575042660423034	55
DTlike	LC	LC1	TNFSF14	0.775	-0.6179396577793316	0.03655683369077793	55
DTlike	LC	LC1	TNFSF14	0.825	-0.7195609294515395	0.03481791004212529	55
DTlike	LC	LC1	TNFSF14	0.875	-1.1164216452990803	0.028026905829596414	55
DTlike	LC	LC1	TNFSF14	0.925	-1.3504029863797786	0.024023062139654067	55
DTlike	LC	LC1	TNFSF14	0.975	-2.7542910328639687	0.0	55
DTlike	LC	LC2	ANTIGEN_PRES	0.025	0.459498662765353	0.0619622187727569	25
DTlike	LC	LC2	ANTIGEN_PRES	0.075	1.4888683939708167	0.07194007021934856	25
DTlike	LC	LC2	ANTIGEN_PRES	0.125	2.0313875512877515	0.07719879834641255	25
DTlike	LC	LC2	ANTIGEN_PRES	0.175	1.63010738747262	0.07330912319701556	25
DTlike	LC	LC2	ANTIGEN_PRES	0.225	1.3798443273921888	0.07088328186872264	25
DTlike	LC	LC2	ANTIGEN_PRES	0.275	0.7315180407533548	0.06459894769714451	25
DTlike	LC	LC2	ANTIGEN_PRES	0.325	-0.04462898271317518	0.05707562593423019	25
DTlike	LC	LC2	ANTIGEN_PRES	0.375	-0.47390057786172	0.05291462520068649	25
DTlike	LC	LC2	ANTIGEN_PRES	0.425	-1.2077995668396837	0.04580082063966593	25
DTlike	LC	LC2	ANTIGEN_PRES	0.475	-0.09671450145096362	0.05657075236671649	25
DTlike	LC	LC2	ANTIGEN_PRES	0.525	-0.6002212354019238	0.05169017812655705	25
DTlike	LC	LC2	ANTIGEN_PRES	0.575	0.036944742269664176	0.057866333573234424	25
DTlike	LC	LC2	ANTIGEN_PRES	0.625	0.06850343603403235	0.05817223722348125	25
DTlike	LC	LC2	ANTIGEN_PRES	0.675	0.09456904454336099	0.058424895487744107	25
DTlike	LC	LC2	ANTIGEN_PRES	0.725	-0.1916143621764907	0.05565087228484089	25
DTlike	LC	LC2	ANTIGEN_PRES	0.775	-0.5311509328394869	0.05235968801930673	25
DTlike	LC	LC2	ANTIGEN_PRES	0.825	-1.0046467828235142	0.04777001425244204	25
DTlike	LC	LC2	ANTIGEN_PRES	0.875	-1.4299451552331794	0.04364752662556054	25
DTlike	LC	LC2	ANTIGEN_PRES	0.925	-1.459393169217808	0.043362082144313085	25
DTlike	LC	LC2	ANTIGEN_PRES	0.975	-0.8812263199311907	0.04896634925907473	25
DTlike	LC	LC2	B	0.025	1.9676036352224293	0.13068107776627957	25
DTlike	LC	LC2	B	0.075	1.7359588680399138	0.128825568842385	25
DTlike	LC	LC2	B	0.125	1.5088213134807609	0.12700616335974774	25
DTlike	LC	LC2	B	0.175	1.108124173893199	0.12379651987275309	25
DTlike	LC	LC2	B	0.225	1.002023767008592	0.12294663988540108	25
DTlike	LC	LC2	B	0.275	0.7082355794431088	0.12059335295216742	25
DTlike	LC	LC2	B	0.325	0.26170847767668926	0.1170166046743375	25
DTlike	LC	LC2	B	0.375	-0.4639397204406627	0.11120405503813575	25
DTlike	LC	LC2	B	0.425	-0.8435132438547644	0.10816361484803189	25
DTlike	LC	LC2	B	0.475	-0.8516254373484147	0.1080986349756052	25
DTlike	LC	LC2	B	0.525	-1.663795111951295	0.10159303548690694	25
DTlike	LC	LC2	B	0.575	-0.8214006699463047	0.10834073984298201	25
DTlike	LC	LC2	B	0.625	-0.4018639885787629	0.11170129085238702	25
DTlike	LC	LC2	B	0.675	-0.5875085838440164	0.11021425012456403	25
DTlike	LC	LC2	B	0.725	-0.40811013828755077	0.11165125826729734	25
DTlike	LC	LC2	B	0.775	-0.36083314590337234	0.11202995398458337	25
DTlike	LC	LC2	B	0.825	-0.6247662472641081	0.1099158107175345	25
DTlike	LC	LC2	B	0.875	-0.946425901431954	0.1073392692051807	25
DTlike	LC	LC2	B	0.925	-0.7922663663762551	0.10857410993341486	25
DTlike	LC	LC2	B	0.975	0.47357274046274206	0.11871366882577644	25
DTlike	LC	LC2	CCL19	0.025	-0.3841678003664759	0.0	25
DTlike	LC	LC2	CCL19	0.075	-0.3841678003664759	0.0	25
DTlike	LC	LC2	CCL19	0.125	-0.3841678003664759	0.0	25
DTlike	LC	LC2	CCL19	0.175	-0.3841678003664759	0.0	25
DTlike	LC	LC2	CCL19	0.225	-0.3841678003664759	0.0	25
DTlike	LC	LC2	CCL19	0.275	-0.3841678003664759	0.0	25
DTlike	LC	LC2	CCL19	0.325	-0.3841678003664759	0.0	25
DTlike	LC	LC2	CCL19	0.375	-0.3841678003664759	0.0	25
DTlike	LC	LC2	CCL19	0.425	-0.3841678003664759	0.0	25
DTlike	LC	LC2	CCL19	0.475	-0.3841678003664759	0.0	25
DTlike	LC	LC2	CCL19	0.525	-0.3841678003664759	0.0	25
DTlike	LC	LC2	CCL19	0.575	3.569504884083087	0.018988228699551572	25
DTlike	LC	LC2	CCL19	0.625	1.9078163645318211	0.011007668811334245	25
DTlike	LC	LC2	CCL19	0.675	1.053531357615183	0.006904810436200571	25
DTlike	LC	LC2	CCL19	0.725	-0.3841678003664759	0.0	25
DTlike	LC	LC2	CCL19	0.775	-0.3841678003664759	0.0	25
DTlike	LC	LC2	CCL19	0.825	-0.3841678003664759	0.0	25
DTlike	LC	LC2	CCL19	0.875	-0.3841678003664759	0.0	25
DTlike	LC	LC2	CCL19	0.925	-0.3841678003664759	0.0	25
DTlike	LC	LC2	CCL19	0.975	-0.3841678003664759	0.0	25
DTlike	LC	LC2	CCL21	0.025	-0.7715905697650085	0.0	25
DTlike	LC	LC2	CCL21	0.075	-0.7715905697650085	0.0	25
DTlike	LC	LC2	CCL21	0.125	-0.7715905697650085	0.0	25
DTlike	LC	LC2	CCL21	0.175	-0.7715905697650085	0.0	25
DTlike	LC	LC2	CCL21	0.225	0.6324581445208057	0.00559119032752455	25
DTlike	LC	LC2	CCL21	0.275	0.9090131943043751	0.006692485392036962	25
DTlike	LC	LC2	CCL21	0.325	0.8532458387190685	0.006470409123622876	25
DTlike	LC	LC2	CCL21	0.375	-0.7715905697650085	0.0	25
DTlike	LC	LC2	CCL21	0.425	-0.7715905697650085	0.0	25
DTlike	LC	LC2	CCL21	0.475	-0.7715905697650085	0.0	25
DTlike	LC	LC2	CCL21	0.525	-0.7715905697650085	0.0	25
DTlike	LC	LC2	CCL21	0.575	-0.7715905697650085	0.0	25
DTlike	LC	LC2	CCL21	0.625	-0.7715905697650085	0.0	25
DTlike	LC	LC2	CCL21	0.675	-0.35247005653889885	0.0016690179876051798	25
DTlike	LC	LC2	CCL21	0.725	0.9618936061840354	0.00690306529885128	25
DTlike	LC	LC2	CCL21	0.775	2.1783082665472566	0.0117470609623076	25
DTlike	LC	LC2	CCL21	0.825	1.9259064363199618	0.010741948634325317	25
DTlike	LC	LC2	CCL21	0.875	1.4114289523578625	0.008693200964255163	25
DTlike	LC	LC2	CCL21	0.925	-0.032288114999372716	0.0029440436732306495	25
DTlike	LC	LC2	CCL21	0.975	-0.7715905697650085	0.0	25
DTlike	LC	LC2	CD74	0.025	-0.32439014849565706	0.8066790272507762	25
DTlike	LC	LC2	CD74	0.075	0.46609902291190675	0.8654803526639809	25
DTlike	LC	LC2	CD74	0.125	1.0444411805810165	0.9085009108744395	25
DTlike	LC	LC2	CD74	0.175	1.036500533157193	0.9079102378961768	25
DTlike	LC	LC2	CD74	0.225	0.941282181993673	0.9008273258784127	25
DTlike	LC	LC2	CD74	0.275	0.5604009463512668	0.8724950952914798	25
DTlike	LC	LC2	CD74	0.325	0.4138778367288997	0.8615958276467149	25
DTlike	LC	LC2	CD74	0.375	0.2227410516116828	0.8473779272546088	25
DTlike	LC	LC2	CD74	0.425	0.20285561805863647	0.8458987294469358	25
DTlike	LC	LC2	CD74	0.475	1.9067651570956945	0.972645739910314	25
DTlike	LC	LC2	CD74	0.525	0.41133868983585486	0.8614069506726458	25
DTlike	LC	LC2	CD74	0.575	0.9803411832572775	0.9037327686430826	25
DTlike	LC	LC2	CD74	0.625	0.42614062909714656	0.86250800768738	25
DTlike	LC	LC2	CD74	0.675	-0.48875529227961745	0.7944525621000654	25
DTlike	LC	LC2	CD74	0.725	-0.948213976053582	0.760275269664283	25
DTlike	LC	LC2	CD74	0.775	-1.2417278454998493	0.7384419477480991	25
DTlike	LC	LC2	CD74	0.825	-1.358180681593922	0.7297794873904636	25
DTlike	LC	LC2	CD74	0.875	-1.763463148746208	0.6996321468609865	25
DTlike	LC	LC2	CD74	0.925	-1.6759141634518104	0.7061445654494981	25
DTlike	LC	LC2	CD74	0.975	-0.8121387745595665	0.7703973592426507	25
DTlike	LC	LC2	COL1A1	0.025	-2.6868051347723636	0.5724535554131966	25
DTlike	LC	LC2	COL1A1	0.075	-1.7185141138976285	0.6457492526158446	25
DTlike	LC	LC2	COL1A1	0.125	-0.3120823565848665	0.7522104238937306	25
DTlike	LC	LC2	COL1A1	0.175	0.20050459422593783	0.7910111740057341	25
DTlike	LC	LC2	COL1A1	0.225	0.6263716569570966	0.8232475808354967	25
DTlike	LC	LC2	COL1A1	0.275	0.343975448890382	0.8018713349430837	25
DTlike	LC	LC2	COL1A1	0.325	-0.2030546532875307	0.7604633781763827	25
DTlike	LC	LC2	COL1A1	0.375	-1.426773346834485	0.667832843667852	25
DTlike	LC	LC2	COL1A1	0.425	-1.0127981483920752	0.6991690846742284	25
DTlike	LC	LC2	COL1A1	0.475	-0.8078067794370116	0.7146860986547086	25
DTlike	LC	LC2	COL1A1	0.525	0.45600174541414845	0.8103512705530642	25
DTlike	LC	LC2	COL1A1	0.575	0.7691519362741239	0.8340554680240779	25
DTlike	LC	LC2	COL1A1	0.625	1.0851156697243989	0.8579726392409176	25
DTlike	LC	LC2	COL1A1	0.675	0.7797500345676011	0.8348577010167384	25
DTlike	LC	LC2	COL1A1	0.725	0.42848838337828044	0.8082686208028	25
DTlike	LC	LC2	COL1A1	0.775	0.6460130389984715	0.8247343536751803	25
DTlike	LC	LC2	COL1A1	0.825	0.7763880181742904	0.8346032100318568	25
DTlike	LC	LC2	COL1A1	0.875	1.0086148411387112	0.852181837253822	25
DTlike	LC	LC2	COL1A1	0.925	0.7103882648941097	0.8296072967913276	25
DTlike	LC	LC2	COL1A1	0.975	0.33707090056842526	0.8013486886805272	25
DTlike	LC	LC2	CXCL10	0.025	0.0	0.0	25
DTlike	LC	LC2	CXCL10	0.075	0.0	0.0	25
DTlike	LC	LC2	CXCL10	0.125	0.0	0.0	25
DTlike	LC	LC2	CXCL10	0.175	0.0	0.0	25
DTlike	LC	LC2	CXCL10	0.225	0.0	0.0	25
DTlike	LC	LC2	CXCL10	0.275	0.0	0.0	25
DTlike	LC	LC2	CXCL10	0.325	0.0	0.0	25
DTlike	LC	LC2	CXCL10	0.375	0.0	0.0	25
DTlike	LC	LC2	CXCL10	0.425	0.0	0.0	25
DTlike	LC	LC2	CXCL10	0.475	0.0	0.0	25
DTlike	LC	LC2	CXCL10	0.525	0.0	0.0	25
DTlike	LC	LC2	CXCL10	0.575	0.0	0.0	25
DTlike	LC	LC2	CXCL10	0.625	0.0	0.0	25
DTlike	LC	LC2	CXCL10	0.675	0.0	0.0	25
DTlike	LC	LC2	CXCL10	0.725	0.0	0.0	25
DTlike	LC	LC2	CXCL10	0.775	0.0	0.0	25
DTlike	LC	LC2	CXCL10	0.825	0.0	0.0	25
DTlike	LC	LC2	CXCL10	0.875	0.0	0.0	25
DTlike	LC	LC2	CXCL10	0.925	0.0	0.0	25
DTlike	LC	LC2	CXCL10	0.975	0.0	0.0	25
DTlike	LC	LC2	CXCL11	0.025	-0.40287259099743433	0.0	25
DTlike	LC	LC2	CXCL11	0.075	-0.40287259099743433	0.0	25
DTlike	LC	LC2	CXCL11	0.125	-0.40287259099743433	0.0	25
DTlike	LC	LC2	CXCL11	0.175	-0.40287259099743433	0.0	25
DTlike	LC	LC2	CXCL11	0.225	-0.40287259099743433	0.0	25
DTlike	LC	LC2	CXCL11	0.275	-0.40287259099743433	0.0	25
DTlike	LC	LC2	CXCL11	0.325	-0.40287259099743433	0.0	25
DTlike	LC	LC2	CXCL11	0.375	-0.40287259099743433	0.0	25
DTlike	LC	LC2	CXCL11	0.425	-0.40287259099743433	0.0	25
DTlike	LC	LC2	CXCL11	0.475	-0.40287259099743433	0.0	25
DTlike	LC	LC2	CXCL11	0.525	-0.40287259099743433	0.0	25
DTlike	LC	LC2	CXCL11	0.575	-0.40287259099743433	0.0	25
DTlike	LC	LC2	CXCL11	0.625	-0.40287259099743433	0.0	25
DTlike	LC	LC2	CXCL11	0.675	-0.40287259099743433	0.0	25
DTlike	LC	LC2	CXCL11	0.725	-0.40287259099743433	0.0	25
DTlike	LC	LC2	CXCL11	0.775	-0.40287259099743433	0.0	25
DTlike	LC	LC2	CXCL11	0.825	1.515754157677155	0.0007643701589889931	25
DTlike	LC	LC2	CXCL11	0.875	2.065536091507885	0.0009834002045472426	25
DTlike	LC	LC2	CXCL11	0.925	3.267543797771345	0.0014622733476311173	25
DTlike	LC	LC2	CXCL11	0.975	-0.40287259099743433	0.0	25
DTlike	LC	LC2	CXCL13	0.025	-0.41381963167293023	0.0	25
DTlike	LC	LC2	CXCL13	0.075	-0.41381963167293023	0.0	25
DTlike	LC	LC2	CXCL13	0.125	-0.41381963167293023	0.0	25
DTlike	LC	LC2	CXCL13	0.175	-0.41381963167293023	0.0	25
DTlike	LC	LC2	CXCL13	0.225	-0.41381963167293023	0.0	25
DTlike	LC	LC2	CXCL13	0.275	-0.41381963167293023	0.0	25
DTlike	LC	LC2	CXCL13	0.325	-0.41381963167293023	0.0	25
DTlike	LC	LC2	CXCL13	0.375	-0.41381963167293023	0.0	25
DTlike	LC	LC2	CXCL13	0.425	-0.41381963167293023	0.0	25
DTlike	LC	LC2	CXCL13	0.475	-0.41381963167293023	0.0	25
DTlike	LC	LC2	CXCL13	0.525	-0.41381963167293023	0.0	25
DTlike	LC	LC2	CXCL13	0.575	-0.41381963167293023	0.0	25
DTlike	LC	LC2	CXCL13	0.625	-0.41381963167293023	0.0	25
DTlike	LC	LC2	CXCL13	0.675	-0.41381963167293023	0.0	25
DTlike	LC	LC2	CXCL13	0.725	2.9205752930116566	0.002122571001494768	25
DTlike	LC	LC2	CXCL13	0.775	2.2752085333952854	0.0017117508076570712	25
DTlike	LC	LC2	CXCL13	0.825	1.8391499120328718	0.0014341695956045732	25
DTlike	LC	LC2	CXCL13	0.875	-0.41381963167293023	0.0	25
DTlike	LC	LC2	CXCL13	0.925	-0.41381963167293023	0.0	25
DTlike	LC	LC2	CXCL13	0.975	-0.41381963167293023	0.0	25
DTlike	LC	LC2	CXCL16	0.025	-0.750959660285368	0.0	25
DTlike	LC	LC2	CXCL16	0.075	-0.750959660285368	0.0	25
DTlike	LC	LC2	CXCL16	0.125	0.10097396566799725	0.004276982615639781	25
DTlike	LC	LC2	CXCL16	0.175	0.26856746585554453	0.005118356244945967	25
DTlike	LC	LC2	CXCL16	0.225	1.4057956078543723	0.010827609695180792	25
DTlike	LC	LC2	CXCL16	0.275	0.9135405164599217	0.008356329768885824	25
DTlike	LC	LC2	CXCL16	0.325	-0.750959660285368	0.0	25
DTlike	LC	LC2	CXCL16	0.375	-0.750959660285368	0.0	25
DTlike	LC	LC2	CXCL16	0.425	-0.750959660285368	0.0	25
DTlike	LC	LC2	CXCL16	0.475	-0.750959660285368	0.0	25
DTlike	LC	LC2	CXCL16	0.525	-0.750959660285368	0.0	25
DTlike	LC	LC2	CXCL16	0.575	2.1422228671843304	0.014524712955206229	25
DTlike	LC	LC2	CXCL16	0.625	1.9084303397120315	0.013350998777007746	25
DTlike	LC	LC2	CXCL16	0.675	1.5655199396387898	0.01162947755146145	25
DTlike	LC	LC2	CXCL16	0.725	0.3097512366601595	0.005325112107623318	25
DTlike	LC	LC2	CXCL16	0.775	-0.3542456758940975	0.001991632637723276	25
DTlike	LC	LC2	CXCL16	0.825	-0.750959660285368	0.0	25
DTlike	LC	LC2	CXCL16	0.875	-0.750959660285368	0.0	25
DTlike	LC	LC2	CXCL16	0.925	-0.750959660285368	0.0	25
DTlike	LC	LC2	CXCL16	0.975	-0.750959660285368	0.0	25
DTlike	LC	LC2	EMT	0.025	-1.7123522927865182	0.012180553052012788	25
DTlike	LC	LC2	EMT	0.075	-1.110216845438505	0.01349486702202668	25
DTlike	LC	LC2	EMT	0.125	-1.017572520192579	0.013697086857197513	25
DTlike	LC	LC2	EMT	0.175	0.5168163755298296	0.01704628141128691	25
DTlike	LC	LC2	EMT	0.225	1.0254305155753085	0.018156461309435337	25
DTlike	LC	LC2	EMT	0.275	0.8715994251999292	0.017820685775885033	25
DTlike	LC	LC2	EMT	0.325	0.6528577305793233	0.017343226316671012	25
DTlike	LC	LC2	EMT	0.375	0.7743785543976056	0.017608476464449897	25
DTlike	LC	LC2	EMT	0.425	1.9837958683966446	0.020248337775333504	25
DTlike	LC	LC2	EMT	0.475	1.783824605644612	0.019811849564260936	25
DTlike	LC	LC2	EMT	0.525	-0.14340979539617157	0.015605169642101702	25
DTlike	LC	LC2	EMT	0.575	0.18877831913030882	0.016330254806108644	25
DTlike	LC	LC2	EMT	0.625	0.24337696993796676	0.016449430267072563	25
DTlike	LC	LC2	EMT	0.675	0.050174330288442676	0.016027716299802725	25
DTlike	LC	LC2	EMT	0.725	-0.12694552429093456	0.0156411071070276	25
DTlike	LC	LC2	EMT	0.775	-0.23302168618553923	0.015409568867454477	25
DTlike	LC	LC2	EMT	0.825	-0.4013181444821495	0.015042218984272375	25
DTlike	LC	LC2	EMT	0.875	-0.6837282485306606	0.014425787005954533	25
DTlike	LC	LC2	EMT	0.925	-1.0019277233598893	0.013731235610813988	25
DTlike	LC	LC2	EMT	0.975	-1.6605399140170063	0.012293646764625696	25
DTlike	LC	LC2	G2M	0.025	1.4276032255478734	0.0159426275769361	25
DTlike	LC	LC2	G2M	0.075	0.5626416291535447	0.014707436152169977	25
DTlike	LC	LC2	G2M	0.125	0.6889465864539093	0.014887803466526137	25
DTlike	LC	LC2	G2M	0.175	-0.1652983765641444	0.013667915719638797	25
DTlike	LC	LC2	G2M	0.225	0.35905681517071175	0.014416710855818715	25
DTlike	LC	LC2	G2M	0.275	0.37702270799659576	0.014442366696319965	25
DTlike	LC	LC2	G2M	0.325	1.0825155087686884	0.015449831838565022	25
DTlike	LC	LC2	G2M	0.375	-0.3293914012241275	0.01343358589763414	25
DTlike	LC	LC2	G2M	0.425	-2.354763015280279	0.010541293731050635	25
DTlike	LC	LC2	G2M	0.475	-1.7229790764343955	0.01144350038024808	25
DTlike	LC	LC2	G2M	0.525	-1.586398619000833	0.011638541420816615	25
DTlike	LC	LC2	G2M	0.575	-1.2181909047117134	0.01216435321768547	25
DTlike	LC	LC2	G2M	0.625	-0.6643224249809959	0.012955294225313444	25
DTlike	LC	LC2	G2M	0.675	0.11588172368463412	0.014069449441008589	25
DTlike	LC	LC2	G2M	0.725	0.4530146366015487	0.01455088547791161	25
DTlike	LC	LC2	G2M	0.775	0.5728947478008107	0.014722077916940813	25
DTlike	LC	LC2	G2M	0.825	0.40375818063312013	0.014480545763084739	25
DTlike	LC	LC2	G2M	0.875	0.5518315675431078	0.014691999055935802	25
DTlike	LC	LC2	G2M	0.925	0.18626651294508884	0.0141699610573519	25
DTlike	LC	LC2	G2M	0.975	1.2599099758968368	0.015703156524321072	25
DTlike	LC	LC2	HLA-DRA	0.025	0.5104124481918836	0.47852895301228315	25
DTlike	LC	LC2	HLA-DRA	0.075	1.3812841600344739	0.56781207633747	25
DTlike	LC	LC2	HLA-DRA	0.125	1.7244124289816118	0.6029901205156951	25
DTlike	LC	LC2	HLA-DRA	0.175	1.3074596704185653	0.560243474761412	25
DTlike	LC	LC2	HLA-DRA	0.225	1.1304026821777975	0.5420913167549938	25
DTlike	LC	LC2	HLA-DRA	0.275	0.5387411230133798	0.48143325284580896	25
DTlike	LC	LC2	HLA-DRA	0.325	-0.33226400982035453	0.39213645099295324	25
DTlike	LC	LC2	HLA-DRA	0.375	-1.1929781094929954	0.30389470187676465	25
DTlike	LC	LC2	HLA-DRA	0.425	-1.1811707700576362	0.3051052086926527	25
DTlike	LC	LC2	HLA-DRA	0.475	0.7982097436501339	0.508034379671151	25
DTlike	LC	LC2	HLA-DRA	0.525	0.45922383231467245	0.47328101644245146	25
DTlike	LC	LC2	HLA-DRA	0.575	0.3259784740955955	0.4596204949343963	25
DTlike	LC	LC2	HLA-DRA	0.625	0.2565944239259771	0.4525071341214839	25
DTlike	LC	LC2	HLA-DRA	0.675	0.18987969911443625	0.44566743669882686	25
DTlike	LC	LC2	HLA-DRA	0.725	-0.2839572156658379	0.3970889387144992	25
DTlike	LC	LC2	HLA-DRA	0.775	-0.6700674020150201	0.35750432146704414	25
DTlike	LC	LC2	HLA-DRA	0.825	-1.2901180915759998	0.29393575972468455	25
DTlike	LC	LC2	HLA-DRA	0.875	-1.609114196990297	0.26123178251121076	25
DTlike	LC	LC2	HLA-DRA	0.925	-1.616432876948218	0.26048146005111145	25
DTlike	LC	LC2	HLA-DRA	0.975	-0.4464960133521782	0.38042520819987186	25
DTlike	LC	LC2	IFN_I	0.025	-1.1860040560195684	0.02730087550715353	25
DTlike	LC	LC2	IFN_I	0.075	-0.1190774122377171	0.029428251121076235	25
DTlike	LC	LC2	IFN_I	0.125	1.0875762093143373	0.03183423236065077	25
DTlike	LC	LC2	IFN_I	0.175	0.27271523045318274	0.03020945770039695	25
DTlike	LC	LC2	IFN_I	0.225	-0.32164058339751544	0.02902435460849433	25
DTlike	LC	LC2	IFN_I	0.275	-0.602297112886074	0.028464745510528813	25
DTlike	LC	LC2	IFN_I	0.325	0.375766595900723	0.03041493477148916	25
DTlike	LC	LC2	IFN_I	0.375	-1.2391049638447629	0.02719499608513061	25
DTlike	LC	LC2	IFN_I	0.425	-0.5962206236081635	0.0284768615966566	25
DTlike	LC	LC2	IFN_I	0.475	-0.5384329557677077	0.028592086083799866	25
DTlike	LC	LC2	IFN_I	0.525	3.5194503390785488	0.03668321588725176	25
DTlike	LC	LC2	IFN_I	0.575	-0.3350012717883459	0.0289977143489849	25
DTlike	LC	LC2	IFN_I	0.625	0.0803431639685474	0.029825881523511254	25
DTlike	LC	LC2	IFN_I	0.675	-0.44631672046429305	0.028775759285488995	25
DTlike	LC	LC2	IFN_I	0.725	-0.7661052806959715	0.028138123709872585	25
DTlike	LC	LC2	IFN_I	0.775	0.12404384912512853	0.029913017572138073	25
DTlike	LC	LC2	IFN_I	0.825	0.3727964296088777	0.030409012471792743	25
DTlike	LC	LC2	IFN_I	0.875	0.8540142539706762	0.03136852648383718	25
DTlike	LC	LC2	IFN_I	0.925	0.059530462158834	0.029784382480865842	25
DTlike	LC	LC2	IFN_I	0.975	-0.5960355528687341	0.028477230614508207	25
DTlike	LC	LC2	IFN_II	0.025	0.6609862112895422	0.054205168274675	25
DTlike	LC	LC2	IFN_II	0.075	1.1148848463002707	0.056158841781039096	25
DTlike	LC	LC2	IFN_II	0.125	1.5532953982529774	0.05804585137788491	25
DTlike	LC	LC2	IFN_II	0.175	0.8520817207960313	0.05502768283037344	25
DTlike	LC	LC2	IFN_II	0.225	0.6078313402137279	0.05397637872708678	25
DTlike	LC	LC2	IFN_II	0.275	-0.1493010353868455	0.0507175245492451	25
DTlike	LC	LC2	IFN_II	0.325	-1.24713868816839	0.04599220446433771	25
DTlike	LC	LC2	IFN_II	0.375	-2.3037262902477087	0.04144443312044208	25
DTlike	LC	LC2	IFN_II	0.425	-1.9117958257541976	0.04313138281748148	25
DTlike	LC	LC2	IFN_II	0.475	-1.1871810820020512	0.046250274389287846	25
DTlike	LC	LC2	IFN_II	0.525	-1.1157713784542833	0.04655763650751781	25
DTlike	LC	LC2	IFN_II	0.575	0.13927718403104156	0.05195962482957999	25
DTlike	LC	LC2	IFN_II	0.625	0.02898622809015819	0.05148490976768477	25
DTlike	LC	LC2	IFN_II	0.675	0.3331415997684358	0.05279405732978777	25
DTlike	LC	LC2	IFN_II	0.725	0.7372532998879577	0.05453343758176099	25
DTlike	LC	LC2	IFN_II	0.775	0.6718262927360016	0.054251826224920384	25
DTlike	LC	LC2	IFN_II	0.825	0.538421441750872	0.053677624183127645	25
DTlike	LC	LC2	IFN_II	0.875	0.1345147051929298	0.051939126136671565	25
DTlike	LC	LC2	IFN_II	0.925	0.13596886047942797	0.05194538512147178	25
DTlike	LC	LC2	IFN_II	0.975	0.4064451712241147	0.05310957104679078	25
DTlike	LC	LC2	INFLAMMATION	0.025	-1.0714791546760976	0.033864409948360985	25
DTlike	LC	LC2	INFLAMMATION	0.075	0.24400520703271134	0.03669822707879752	25
DTlike	LC	LC2	INFLAMMATION	0.125	1.1664663708903469	0.03868539342177593	25
DTlike	LC	LC2	INFLAMMATION	0.175	1.8057291602249532	0.04006249367168985	25
DTlike	LC	LC2	INFLAMMATION	0.225	1.5966455712829337	0.039612085690201276	25
DTlike	LC	LC2	INFLAMMATION	0.275	1.585658092901486	0.03958841645827122	25
DTlike	LC	LC2	INFLAMMATION	0.325	0.7197772241517065	0.03772313541791512	25
DTlike	LC	LC2	INFLAMMATION	0.375	0.0857016964121584	0.03635720956976227	25
DTlike	LC	LC2	INFLAMMATION	0.425	0.17364955267990972	0.03654666688976642	25
DTlike	LC	LC2	INFLAMMATION	0.475	0.06645979289312677	0.036315758650692725	25
DTlike	LC	LC2	INFLAMMATION	0.525	-0.609544466631749	0.03485950990562881	25
DTlike	LC	LC2	INFLAMMATION	0.575	0.060372860463761766	0.03630264617752905	25
DTlike	LC	LC2	INFLAMMATION	0.625	0.44624122440820785	0.037133884017877726	25
DTlike	LC	LC2	INFLAMMATION	0.675	0.025552403555952414	0.036227635930241274	25
DTlike	LC	LC2	INFLAMMATION	0.725	-0.27206387928895914	0.035586510771195526	25
DTlike	LC	LC2	INFLAMMATION	0.775	-0.6740210574297728	0.03472061439851823	25
DTlike	LC	LC2	INFLAMMATION	0.825	-1.1602207935444528	0.03367324266144509	25
DTlike	LC	LC2	INFLAMMATION	0.875	-1.4694473714429972	0.03300710659845392	25
DTlike	LC	LC2	INFLAMMATION	0.925	-1.7068951142982705	0.032495596541114516	25
DTlike	LC	LC2	INFLAMMATION	0.975	-1.012587319584975	0.03399127477167768	25
DTlike	LC	LC2	MHC_II	0.025	0.35237170852710537	0.26404938484534896	25
DTlike	LC	LC2	MHC_II	0.075	1.174848323964029	0.2834438839063278	25
DTlike	LC	LC2	MHC_II	0.125	1.6006593163619032	0.29348476620889385	25
DTlike	LC	LC2	MHC_II	0.175	1.5380592635643668	0.2920086188724081	25
DTlike	LC	LC2	MHC_II	0.225	1.403112155527723	0.28882648395090865	25
DTlike	LC	LC2	MHC_II	0.275	0.9270506216564979	0.27760066330343797	25
DTlike	LC	LC2	MHC_II	0.325	0.2639634524872965	0.26196466437237115	25
DTlike	LC	LC2	MHC_II	0.375	-0.6087140601619536	0.2413863976083707	25
DTlike	LC	LC2	MHC_II	0.425	-0.6954166944174238	0.23934189673492176	25
DTlike	LC	LC2	MHC_II	0.475	0.6548016531669698	0.2711808669656203	25
DTlike	LC	LC2	MHC_II	0.525	-0.19341230846966379	0.2511794656203289	25
DTlike	LC	LC2	MHC_II	0.575	0.0813653919978235	0.2576588909968955	25
DTlike	LC	LC2	MHC_II	0.625	0.19607133607393365	0.26036372695565524	25
DTlike	LC	LC2	MHC_II	0.675	0.03564154987880496	0.2565806949772183	25
DTlike	LC	LC2	MHC_II	0.725	-0.3238696851798098	0.24810320129546587	25
DTlike	LC	LC2	MHC_II	0.775	-0.5958018115409358	0.24169087628783129	25
DTlike	LC	LC2	MHC_II	0.825	-1.0998867983938376	0.22980424556705562	25
DTlike	LC	LC2	MHC_II	0.875	-1.6290781749282264	0.21732559090059791	25
DTlike	LC	LC2	MHC_II	0.925	-1.8808854896471185	0.21138782119723826	25
DTlike	LC	LC2	MHC_II	0.975	-1.2008797504674527	0.2274227703039362	25
DTlike	LC	LC2	MKI67	0.025	1.4085544226452429	0.02788158113270221	25
DTlike	LC	LC2	MKI67	0.075	0.7485390748113502	0.02255682696768208	25
DTlike	LC	LC2	MKI67	0.125	-0.01715289295133364	0.01637951380693887	25
DTlike	LC	LC2	MKI67	0.175	-0.3199493075608545	0.013936666871429452	25
DTlike	LC	LC2	MKI67	0.225	-0.6464619041269752	0.011302486750917246	25
DTlike	LC	LC2	MKI67	0.275	0.40963364088241633	0.019822666123114552	25
DTlike	LC	LC2	MKI67	0.325	1.4083434937743673	0.027879879438359186	25
DTlike	LC	LC2	MKI67	0.375	2.000742500850131	0.03265913054309915	25
DTlike	LC	LC2	MKI67	0.425	-2.047430755102353	0.0	25
DTlike	LC	LC2	MKI67	0.475	-2.047430755102353	0.0	25
DTlike	LC	LC2	MKI67	0.525	-0.8754879946965225	0.009454790884963852	25
DTlike	LC	LC2	MKI67	0.575	0.23382826207802207	0.018404334828101644	25
DTlike	LC	LC2	MKI67	0.625	0.005386542314228215	0.016561353444761517	25
DTlike	LC	LC2	MKI67	0.675	-0.42084540936165343	0.013122675287655995	25
DTlike	LC	LC2	MKI67	0.725	-0.49988022182323943	0.012485052316890883	25
DTlike	LC	LC2	MKI67	0.775	-0.4446541728886378	0.012930595189563798	25
DTlike	LC	LC2	MKI67	0.825	-0.2252320831344929	0.014700809609804598	25
DTlike	LC	LC2	MKI67	0.875	0.24839205948457985	0.018521830036589727	25
DTlike	LC	LC2	MKI67	0.925	0.1840230408168271	0.01800252514258348	25
DTlike	LC	LC2	MKI67	0.975	0.8970824590912557	0.02375521880315448	25
DTlike	LC	LC2	MYC	0.025	-0.39470480647272305	0.6337530182821662	25
DTlike	LC	LC2	MYC	0.075	0.13734483982524814	0.6682186327445776	25
DTlike	LC	LC2	MYC	0.125	0.7575305169563289	0.708393606249096	25
DTlike	LC	LC2	MYC	0.175	1.2006782376848921	0.7371002478168516	25
DTlike	LC	LC2	MYC	0.225	1.5022081057595222	0.7566330343796712	25
DTlike	LC	LC2	MYC	0.275	1.4921128326433641	0.7559790732436471	25
DTlike	LC	LC2	MYC	0.325	0.7079166943270644	0.705179675190886	25
DTlike	LC	LC2	MYC	0.375	0.14738462585024384	0.6688689994854077	25
DTlike	LC	LC2	MYC	0.425	0.9248820991046331	0.719234465086483	25
DTlike	LC	LC2	MYC	0.475	1.5166299244968855	0.757567264573991	25
DTlike	LC	LC2	MYC	0.525	-1.3807428921227345	0.5698785119428937	25
DTlike	LC	LC2	MYC	0.575	-0.45480469336928264	0.6298598110496756	25
DTlike	LC	LC2	MYC	0.625	-0.29845001894000106	0.6399883018132189	25
DTlike	LC	LC2	MYC	0.675	-0.05760071428536283	0.6555902655313146	25
DTlike	LC	LC2	MYC	0.725	-0.7307766583904607	0.6119826384680644	25
DTlike	LC	LC2	MYC	0.775	-0.17675086392113892	0.6478718446112762	25
DTlike	LC	LC2	MYC	0.825	-0.9257768460201813	0.599350732153104	25
DTlike	LC	LC2	MYC	0.875	-1.0634334476175833	0.5904334828101644	25
DTlike	LC	LC2	MYC	0.925	-2.032294086199405	0.5276717133596768	25
DTlike	LC	LC2	MYC	0.975	-0.8713528493093126	0.6028762612107623	25
DTlike	LC	LC2	TNFSF14	0.025	-0.6305424157418631	0.0	25
DTlike	LC	LC2	TNFSF14	0.075	-0.6305424157418631	0.0	25
DTlike	LC	LC2	TNFSF14	0.125	0.6458958431372693	0.006446188340807175	25
DTlike	LC	LC2	TNFSF14	0.175	0.6945173851261243	0.0066917337989602765	25
DTlike	LC	LC2	TNFSF14	0.225	0.8547675582265818	0.0075010191602119854	25
DTlike	LC	LC2	TNFSF14	0.275	0.33477452839070854	0.004874983013996467	25
DTlike	LC	LC2	TNFSF14	0.325	-0.6305424157418631	0.0	25
DTlike	LC	LC2	TNFSF14	0.375	-0.6305424157418631	0.0	25
DTlike	LC	LC2	TNFSF14	0.425	-0.6305424157418631	0.0	25
DTlike	LC	LC2	TNFSF14	0.475	-0.6305424157418631	0.0	25
DTlike	LC	LC2	TNFSF14	0.525	-0.6305424157418631	0.0	25
DTlike	LC	LC2	TNFSF14	0.575	3.112751521710201	0.01890414798206278	25
DTlike	LC	LC2	TNFSF14	0.625	1.5394830552448409	0.010958926366413206	25
DTlike	LC	LC2	TNFSF14	0.675	1.0148615128084946	0.008309515596511111	25
DTlike	LC	LC2	TNFSF14	0.725	-0.6305424157418631	0.0	25
DTlike	LC	LC2	TNFSF14	0.775	-0.6305424157418631	0.0	25
DTlike	LC	LC2	TNFSF14	0.825	-0.6305424157418631	0.0	25
DTlike	LC	LC2	TNFSF14	0.875	-0.6305424157418631	0.0	25
DTlike	LC	LC2	TNFSF14	0.925	-0.6305424157418631	0.0	25
DTlike	LC	LC2	TNFSF14	0.975	-0.6305424157418631	0.0	25
DTlike	LC	LC3	ANTIGEN_PRES	0.025	0.4653996064779996	0.06905573303173407	139
DTlike	LC	LC3	ANTIGEN_PRES	0.075	0.5209054852550997	0.06976073678565699	139
DTlike	LC	LC3	ANTIGEN_PRES	0.125	0.5732839074973338	0.0704260173850981	139
DTlike	LC	LC3	ANTIGEN_PRES	0.175	0.7202101556877795	0.07229219010060531	139
DTlike	LC	LC3	ANTIGEN_PRES	0.225	0.9768005298999031	0.07555125348317923	139
DTlike	LC	LC3	ANTIGEN_PRES	0.275	1.240774719849836	0.07890410184723837	139
DTlike	LC	LC3	ANTIGEN_PRES	0.325	1.2833969714520892	0.07944546517743453	139
DTlike	LC	LC3	ANTIGEN_PRES	0.375	1.0449669446937229	0.07641706408522553	139
DTlike	LC	LC3	ANTIGEN_PRES	0.425	0.8886556196417796	0.07443168752025255	139
DTlike	LC	LC3	ANTIGEN_PRES	0.475	0.6395781613597232	0.07126804887556765	139
DTlike	LC	LC3	ANTIGEN_PRES	0.525	0.4693564729307629	0.06910599087404609	139
DTlike	LC	LC3	ANTIGEN_PRES	0.575	0.09871404209732418	0.06439830385318054	139
DTlike	LC	LC3	ANTIGEN_PRES	0.625	-0.4553107854839777	0.05736139908170865	139
DTlike	LC	LC3	ANTIGEN_PRES	0.675	-1.0548330875145318	0.04974661155281668	139
DTlike	LC	LC3	ANTIGEN_PRES	0.725	-1.5014838375029054	0.04407351057014735	139
DTlike	LC	LC3	ANTIGEN_PRES	0.775	-1.7188521641684007	0.04131262308112084	139
DTlike	LC	LC3	ANTIGEN_PRES	0.825	-1.7931685324373254	0.04036869930652553	139
DTlike	LC	LC3	ANTIGEN_PRES	0.875	-1.2246421310004603	0.04758979473007265	139
DTlike	LC	LC3	ANTIGEN_PRES	0.925	-0.7742710237594058	0.05331014955119767	139
DTlike	LC	LC3	ANTIGEN_PRES	0.975	-0.3994810549763347	0.05807051621408404	139
DTlike	LC	LC3	B	0.025	0.7687887499222084	0.1426682891929529	139
DTlike	LC	LC3	B	0.075	0.7589643635397779	0.1424654797318297	139
DTlike	LC	LC3	B	0.125	0.7720434015462659	0.14273547650789803	139
DTlike	LC	LC3	B	0.175	0.791065149977579	0.14312815146985547	139
DTlike	LC	LC3	B	0.225	0.9713469839584944	0.14684979475389434	139
DTlike	LC	LC3	B	0.275	1.0119531032790368	0.1476880461069185	139
DTlike	LC	LC3	B	0.325	0.989479959271578	0.147224122351431	139
DTlike	LC	LC3	B	0.375	0.8564608697057461	0.14447814628495695	139
DTlike	LC	LC3	B	0.425	0.9274134971707857	0.14594285497833606	139
DTlike	LC	LC3	B	0.475	0.8391714970787434	0.14412123357721657	139
DTlike	LC	LC3	B	0.525	0.5244925364748763	0.13762516675506692	139
DTlike	LC	LC3	B	0.575	0.07393000544598685	0.1283239910313901	139
DTlike	LC	LC3	B	0.625	-0.37590000327857637	0.11903793711257908	139
DTlike	LC	LC3	B	0.675	-0.8092265324640567	0.11009257233827943	139
DTlike	LC	LC3	B	0.725	-1.2112000257621116	0.10179444313324418	139
DTlike	LC	LC3	B	0.775	-1.596954225988524	0.0938311364768764	139
DTlike	LC	LC3	B	0.825	-1.7013368761119045	0.09167631599261739	139
DTlike	LC	LC3	B	0.875	-1.3788117271510625	0.09833435539713566	139
DTlike	LC	LC3	B	0.925	-1.2307961320803114	0.10138991142940007	139
DTlike	LC	LC3	B	0.975	-0.9808845945345562	0.10654895366218237	139
DTlike	LC	LC3	CCL19	0.025	0.3905757272080701	0.1265991822738064	139
DTlike	LC	LC3	CCL19	0.075	1.239741308518253	0.16054293842518927	139
DTlike	LC	LC3	CCL19	0.125	1.2394453953098106	0.16053110986547087	139
DTlike	LC	LC3	CCL19	0.175	1.2483058283855273	0.16088528858672066	139
DTlike	LC	LC3	CCL19	0.225	1.2766337397015324	0.1620176421996696	139
DTlike	LC	LC3	CCL19	0.275	1.320260766310824	0.16376154843589605	139
DTlike	LC	LC3	CCL19	0.325	0.7022301083105731	0.13905696500604048	139
DTlike	LC	LC3	CCL19	0.375	0.4762832467395329	0.13002517504523642	139
DTlike	LC	LC3	CCL19	0.425	0.2910666892267798	0.12262150042419101	139
DTlike	LC	LC3	CCL19	0.475	-0.02001759240091958	0.1101865063187933	139
DTlike	LC	LC3	CCL19	0.525	0.057257049202446564	0.1132754110612855	139
DTlike	LC	LC3	CCL19	0.575	-0.11834109122125275	0.1062562141103423	139
DTlike	LC	LC3	CCL19	0.625	-0.6651598146349281	0.08439819040438114	139
DTlike	LC	LC3	CCL19	0.675	-1.3115214985036485	0.058561128863349535	139
DTlike	LC	LC3	CCL19	0.725	-1.8100350375019292	0.03863401172818213	139
DTlike	LC	LC3	CCL19	0.775	-1.8709068073072705	0.03620078014620062	139
DTlike	LC	LC3	CCL19	0.825	-1.2142637331334316	0.06244882043283291	139
DTlike	LC	LC3	CCL19	0.875	-0.6511384163276459	0.08495866875574044	139
DTlike	LC	LC3	CCL19	0.925	-0.20407744245393158	0.10282906884726985	139
DTlike	LC	LC3	CCL19	0.975	-0.3763384254284055	0.09594326832829285	139
DTlike	LC	LC3	CCL21	0.025	0.8664271417407393	0.031148972781311922	139
DTlike	LC	LC3	CCL21	0.075	0.4922182244546118	0.02856173118854651	139
DTlike	LC	LC3	CCL21	0.125	0.307375669604009	0.027283748960087655	139
DTlike	LC	LC3	CCL21	0.175	0.39826088010969113	0.02791211986715438	139
DTlike	LC	LC3	CCL21	0.225	0.9843474358107048	0.031964261448566386	139
DTlike	LC	LC3	CCL21	0.275	1.1467413753596456	0.03308703628210354	139
DTlike	LC	LC3	CCL21	0.325	0.9888107880050161	0.03199512060212165	139
DTlike	LC	LC3	CCL21	0.375	1.0002767427975756	0.03207439502282552	139
DTlike	LC	LC3	CCL21	0.425	1.0890377755539984	0.03268807958552833	139
DTlike	LC	LC3	CCL21	0.475	0.45540015616036794	0.02830717488789238	139
DTlike	LC	LC3	CCL21	0.525	0.17711868228801358	0.02638316567688765	139
DTlike	LC	LC3	CCL21	0.575	-0.3245329762028266	0.02291479820627803	139
DTlike	LC	LC3	CCL21	0.625	-0.47143420643230866	0.0218991383560679	139
DTlike	LC	LC3	CCL21	0.675	-0.367643439058496	0.022616736943087253	139
DTlike	LC	LC3	CCL21	0.725	-0.6877450794239404	0.02040358744394619	139
DTlike	LC	LC3	CCL21	0.775	-1.4691950826099196	0.015000723274989148	139
DTlike	LC	LC3	CCL21	0.825	-2.253471439174104	0.009578317992290142	139
DTlike	LC	LC3	CCL21	0.875	-1.6923593012602889	0.013457789042698383	139
DTlike	LC	LC3	CCL21	0.925	-1.2752940699286828	0.016341334740174098	139
DTlike	LC	LC3	CCL21	0.975	0.6356607222061811	0.029553477721591455	139
DTlike	LC	LC3	CD74	0.025	0.9361858224545073	0.6320886512590549	139
DTlike	LC	LC3	CD74	0.075	0.9002931698189215	0.6263561406046578	139
DTlike	LC	LC3	CD74	0.125	0.8225689056600265	0.6139425924359083	139
DTlike	LC	LC3	CD74	0.175	0.9380511319841872	0.6323865647864055	139
DTlike	LC	LC3	CD74	0.225	1.0461199233690437	0.649646517799945	139
DTlike	LC	LC3	CD74	0.275	1.0788492611661895	0.6548738070599057	139
DTlike	LC	LC3	CD74	0.325	0.9965233368964898	0.641725315562199	139
DTlike	LC	LC3	CD74	0.375	0.7738218353831462	0.6061570686806703	139
DTlike	LC	LC3	CD74	0.425	0.6800685320652105	0.5911834801969331	139
DTlike	LC	LC3	CD74	0.475	0.5982602306692841	0.5781176596199018	139
DTlike	LC	LC3	CD74	0.525	0.42596990632817266	0.5506007154151222	139
DTlike	LC	LC3	CD74	0.575	0.14357059195145516	0.5054979726645364	139
DTlike	LC	LC3	CD74	0.625	-0.38070813149367155	0.42176402860259365	139
DTlike	LC	LC3	CD74	0.675	-0.8156183540882413	0.3523033646042532	139
DTlike	LC	LC3	CD74	0.725	-1.3037803923429876	0.27433771202963536	139
DTlike	LC	LC3	CD74	0.775	-1.4002087640044474	0.2589368812928336	139
DTlike	LC	LC3	CD74	0.825	-1.3484000095910786	0.2672113947338163	139
DTlike	LC	LC3	CD74	0.875	-1.2650049369523886	0.28053064275037365	139
DTlike	LC	LC3	CD74	0.925	-1.420673264446523	0.2556684417040359	139
DTlike	LC	LC3	CD74	0.975	-1.4058887948273058	0.25802970852017937	139
DTlike	LC	LC3	COL1A1	0.025	0.7603480959568351	0.8826557705924001	139
DTlike	LC	LC3	COL1A1	0.075	0.8010305571542111	0.8855483081940482	139
DTlike	LC	LC3	COL1A1	0.125	0.7489516018191407	0.8818454757663248	139
DTlike	LC	LC3	COL1A1	0.175	0.8552593067604944	0.8894039917665222	139
DTlike	LC	LC3	COL1A1	0.225	0.6992335554968757	0.878310504817298	139
DTlike	LC	LC3	COL1A1	0.275	0.5921928452552341	0.8706998718770019	139
DTlike	LC	LC3	COL1A1	0.325	0.38787097958456535	0.856172513848589	139
DTlike	LC	LC3	COL1A1	0.375	0.29594264591359964	0.8496363763098583	139
DTlike	LC	LC3	COL1A1	0.425	0.3329380307327151	0.8522667614568522	139
DTlike	LC	LC3	COL1A1	0.475	0.7602295431856159	0.8826473414477899	139
DTlike	LC	LC3	COL1A1	0.525	1.0088261744221563	0.9003226512085749	139
DTlike	LC	LC3	COL1A1	0.575	0.9450833633554387	0.8957905144494271	139
DTlike	LC	LC3	COL1A1	0.625	0.31523916688103365	0.8510083658807079	139
DTlike	LC	LC3	COL1A1	0.675	-0.4531889433913623	0.7963728512705531	139
DTlike	LC	LC3	COL1A1	0.725	-1.1584629038855012	0.7462276193905274	139
DTlike	LC	LC3	COL1A1	0.775	-1.8502333233445678	0.6970424941276958	139
DTlike	LC	LC3	COL1A1	0.825	-2.1229575776307104	0.6776517017029989	139
DTlike	LC	LC3	COL1A1	0.875	-1.7242808833185546	0.7059977578475336	139
DTlike	LC	LC3	COL1A1	0.925	-1.1201625595482543	0.7489507876279177	139
DTlike	LC	LC3	COL1A1	0.975	-0.07385967539896353	0.8233432984554061	139
DTlike	LC	LC3	CXCL10	0.025	-1.7148915961615154	0.0	139
DTlike	LC	LC3	CXCL10	0.075	-0.4289944020434521	0.005213004484304932	139
DTlike	LC	LC3	CXCL10	0.125	-0.4946971783852509	0.0049466465909462866	139
DTlike	LC	LC3	CXCL10	0.175	-0.8244423563636307	0.003609865470852018	139
DTlike	LC	LC3	CXCL10	0.225	-0.6571374526127859	0.004288116591928251	139
DTlike	LC	LC3	CXCL10	0.275	-0.47569263652248095	0.005023690667569168	139
DTlike	LC	LC3	CXCL10	0.325	-0.1634535285819367	0.00628950248931888	139
DTlike	LC	LC3	CXCL10	0.375	0.08377585861721697	0.0072917660528575515	139
DTlike	LC	LC3	CXCL10	0.425	0.01939064106684032	0.007030749519538757	139
DTlike	LC	LC3	CXCL10	0.475	0.4208871237902944	0.008658409160172405	139
DTlike	LC	LC3	CXCL10	0.525	0.49131735864847115	0.00894393208675297	139
DTlike	LC	LC3	CXCL10	0.575	1.141068430819278	0.01157801144270914	139
DTlike	LC	LC3	CXCL10	0.625	0.9510049616140009	0.010807497499758041	139
DTlike	LC	LC3	CXCL10	0.675	0.901122628634362	0.01060527540401049	139
DTlike	LC	LC3	CXCL10	0.725	1.0951500803148484	0.01139185926181442	139
DTlike	LC	LC3	CXCL10	0.775	1.7138282789128387	0.013899969737819476	139
DTlike	LC	LC3	CXCL10	0.825	1.3425113542582408	0.012394657491881863	139
DTlike	LC	LC3	CXCL10	0.875	0.029035626317695018	0.007069850119177474	139
DTlike	LC	LC3	CXCL10	0.925	-1.7148915961615154	0.0	139
DTlike	LC	LC3	CXCL10	0.975	-1.7148915961615154	0.0	139
DTlike	LC	LC3	CXCL11	0.025	-1.2098544905857225	0.0	139
DTlike	LC	LC3	CXCL11	0.075	-0.6834569144409216	0.004107498754359741	139
DTlike	LC	LC3	CXCL11	0.125	-0.6967408563061592	0.0040038436899423446	139
DTlike	LC	LC3	CXCL11	0.175	-0.5945845963905007	0.004800972570030866	139
DTlike	LC	LC3	CXCL11	0.225	-0.496751688604027	0.0055643661817784094	139
DTlike	LC	LC3	CXCL11	0.275	-0.5480470754787623	0.005164106478389467	139
DTlike	LC	LC3	CXCL11	0.325	-0.4847502468385461	0.00565801385292322	139
DTlike	LC	LC3	CXCL11	0.375	-0.5364800250947654	0.0052543645783447255	139
DTlike	LC	LC3	CXCL11	0.425	-0.3637031016779711	0.006602548973330186	139
DTlike	LC	LC3	CXCL11	0.475	-0.3556424594231733	0.006665446447637351	139
DTlike	LC	LC3	CXCL11	0.525	-0.3238782820630099	0.006913303437967115	139
DTlike	LC	LC3	CXCL11	0.575	-0.4100508690513611	0.006240895718488475	139
DTlike	LC	LC3	CXCL11	0.625	-0.4923163844091812	0.005598975016015375	139
DTlike	LC	LC3	CXCL11	0.675	-0.1451436994556286	0.008307975656630365	139
DTlike	LC	LC3	CXCL11	0.725	-0.08554768880753348	0.008773005418535127	139
DTlike	LC	LC3	CXCL11	0.775	0.05252507632312127	0.009850392048881546	139
DTlike	LC	LC3	CXCL11	0.825	1.0465726602213372	0.01760698022039142	139
DTlike	LC	LC3	CXCL11	0.875	2.285090750900953	0.02727118033311979	139
DTlike	LC	LC3	CXCL11	0.925	2.679415289654834	0.030348108543175805	139
DTlike	LC	LC3	CXCL11	0.975	1.3633446015270207	0.020078762791767273	139
DTlike	LC	LC3	CXCL13	0.025	-0.029747550193066397	0.03218906241946291	139
DTlike	LC	LC3	CXCL13	0.075	-0.19045299558980225	0.030281243907194385	139
DTlike	LC	LC3	CXCL13	0.125	0.2073701099408007	0.03500401035400488	139
DTlike	LC	LC3	CXCL13	0.175	0.7268989515126214	0.04117160933710863	139
DTlike	LC	LC3	CXCL13	0.225	0.9796643658259232	0.044172319957073325	139
DTlike	LC	LC3	CXCL13	0.275	1.2936238162830311	0.04789949703066296	139
DTlike	LC	LC3	CXCL13	0.325	1.0153067753616214	0.04459544966849157	139
DTlike	LC	LC3	CXCL13	0.375	0.37958638268587774	0.037048479926556264	139
DTlike	LC	LC3	CXCL13	0.425	0.2690454105882525	0.03573619015061634	139
DTlike	LC	LC3	CXCL13	0.475	0.06715712530354168	0.03333946857640051	139
DTlike	LC	LC3	CXCL13	0.525	-0.29004178183903956	0.02909897326570119	139
DTlike	LC	LC3	CXCL13	0.575	-0.5689071005229043	0.02578841701104956	139
DTlike	LC	LC3	CXCL13	0.625	-1.2567139422018585	0.017623101752561685	139
DTlike	LC	LC3	CXCL13	0.675	-1.0928760948241214	0.019568106649351706	139
DTlike	LC	LC3	CXCL13	0.725	-1.0303411085262393	0.020310492224582383	139
DTlike	LC	LC3	CXCL13	0.775	0.7847645865949738	0.04185856259847291	139
DTlike	LC	LC3	CXCL13	0.825	1.1742101207684479	0.046481874507924556	139
DTlike	LC	LC3	CXCL13	0.875	1.07564658620976	0.04531177516622855	139
DTlike	LC	LC3	CXCL13	0.925	-0.7729944781342916	0.023365588860042485	139
DTlike	LC	LC3	CXCL13	0.975	-2.7411991792435226	0.0	139
DTlike	LC	LC3	CXCL16	0.025	-0.947371384705562	0.0007754110612855008	139
DTlike	LC	LC3	CXCL16	0.075	0.3613184938912638	0.005173210556943826	139
DTlike	LC	LC3	CXCL16	0.125	0.532286028167921	0.005747740052672788	139
DTlike	LC	LC3	CXCL16	0.175	0.49250921537269704	0.005614071679354816	139
DTlike	LC	LC3	CXCL16	0.225	0.461444374601376	0.005509679536257246	139
DTlike	LC	LC3	CXCL16	0.275	0.19373907604110188	0.004610066689663102	139
DTlike	LC	LC3	CXCL16	0.325	0.5024334070170781	0.005647421524663677	139
DTlike	LC	LC3	CXCL16	0.375	0.538486297513573	0.005768575807458705	139
DTlike	LC	LC3	CXCL16	0.425	0.991669547472208	0.007291479820627803	139
DTlike	LC	LC3	CXCL16	0.475	1.2193794179150226	0.008056689645940699	139
DTlike	LC	LC3	CXCL16	0.525	1.3770654151263688	0.008586587072634315	139
DTlike	LC	LC3	CXCL16	0.575	1.7012007725943585	0.009675830853694313	139
DTlike	LC	LC3	CXCL16	0.625	0.8226577931795669	0.006723522644566008	139
DTlike	LC	LC3	CXCL16	0.675	-1.178116922026711	0.0	139
DTlike	LC	LC3	CXCL16	0.725	-1.178116922026711	0.0	139
DTlike	LC	LC3	CXCL16	0.775	-1.178116922026711	0.0	139
DTlike	LC	LC3	CXCL16	0.825	-1.178116922026711	0.0	139
DTlike	LC	LC3	CXCL16	0.875	-1.178116922026711	0.0	139
DTlike	LC	LC3	CXCL16	0.925	-1.178116922026711	0.0	139
DTlike	LC	LC3	CXCL16	0.975	-1.178116922026711	0.0	139
DTlike	LC	LC3	EMT	0.025	0.11991173484957914	0.01484750759858637	139
DTlike	LC	LC3	EMT	0.075	-0.007635147369060982	0.014642269675447808	139
DTlike	LC	LC3	EMT	0.125	0.16798355235738474	0.014924860802484256	139
DTlike	LC	LC3	EMT	0.175	0.5534822278829906	0.01554517347623442	139
DTlike	LC	LC3	EMT	0.225	0.9578840597232651	0.016195903550044084	139
DTlike	LC	LC3	EMT	0.275	1.3019732890510445	0.016749583558313713	139
DTlike	LC	LC3	EMT	0.325	1.321383481787268	0.016780816839563763	139
DTlike	LC	LC3	EMT	0.375	0.6106418518867793	0.015637150028807528	139
DTlike	LC	LC3	EMT	0.425	0.6163293812512769	0.01564630193196858	139
DTlike	LC	LC3	EMT	0.475	0.8221768771219166	0.015977534744569543	139
DTlike	LC	LC3	EMT	0.525	0.9316305875807441	0.01615365862798891	139
DTlike	LC	LC3	EMT	0.575	0.7060712681738364	0.01579070717473217	139
DTlike	LC	LC3	EMT	0.625	0.07492844912571008	0.014775124205301308	139
DTlike	LC	LC3	EMT	0.675	-0.3110570851743238	0.01415402811856615	139
DTlike	LC	LC3	EMT	0.725	-0.606087015427752	0.013679290288086439	139
DTlike	LC	LC3	EMT	0.775	-0.6849149384158641	0.013552446895931438	139
DTlike	LC	LC3	EMT	0.825	-0.9440949650785244	0.013135395773505273	139
DTlike	LC	LC3	EMT	0.875	-1.6238309328383642	0.012041620717001208	139
DTlike	LC	LC3	EMT	0.925	-2.042029181252194	0.01136869058753313	139
DTlike	LC	LC3	EMT	0.975	-1.9647474952356938	0.011493045902682927	139
DTlike	LC	LC3	G2M	0.025	0.5891057673462907	0.015415268982971695	139
DTlike	LC	LC3	G2M	0.075	0.3681047489982083	0.015187547245966349	139
DTlike	LC	LC3	G2M	0.125	0.14379945859140103	0.01495642075282741	139
DTlike	LC	LC3	G2M	0.175	0.11837280182972275	0.014930220862495283	139
DTlike	LC	LC3	G2M	0.225	0.019840039638138556	0.01482869168436787	139
DTlike	LC	LC3	G2M	0.275	-0.06612315850024933	0.014740114315155135	139
DTlike	LC	LC3	G2M	0.325	0.3688614163884117	0.015188326923877882	139
DTlike	LC	LC3	G2M	0.375	0.3578088856585251	0.015176938281803163	139
DTlike	LC	LC3	G2M	0.425	0.6221738203936321	0.01544934264713674	139
DTlike	LC	LC3	G2M	0.475	0.3893722250364412	0.015209461473427138	139
DTlike	LC	LC3	G2M	0.525	0.5735884805087876	0.015399279809986614	139
DTlike	LC	LC3	G2M	0.575	0.23954773020133824	0.015055080763035746	139
DTlike	LC	LC3	G2M	0.625	-0.5447174884701046	0.014246965763368877	139
DTlike	LC	LC3	G2M	0.675	-1.2163030671117785	0.01355495703119577	139
DTlike	LC	LC3	G2M	0.725	-1.4223794836287385	0.01334261375840973	139
DTlike	LC	LC3	G2M	0.775	-1.977262539760418	0.012770856513481012	139
DTlike	LC	LC3	G2M	0.825	-1.666444112144474	0.013091127038743898	139
DTlike	LC	LC3	G2M	0.875	-0.5625090326698422	0.014228633172055699	139
DTlike	LC	LC3	G2M	0.925	1.2121753589786755	0.016057286339915558	139
DTlike	LC	LC3	G2M	0.975	2.4529881487160154	0.01733583268277628	139
DTlike	LC	LC3	HLA-DRA	0.025	0.8598006723572919	0.25265431284621476	139
DTlike	LC	LC3	HLA-DRA	0.075	0.9543064044898429	0.25905590678526796	139
DTlike	LC	LC3	HLA-DRA	0.125	0.9341333673185906	0.25768943313786363	139
DTlike	LC	LC3	HLA-DRA	0.175	1.1270132916469144	0.2707546613169695	139
DTlike	LC	LC3	HLA-DRA	0.225	1.3473167359664566	0.2856774936371349	139
DTlike	LC	LC3	HLA-DRA	0.275	1.2893306241306175	0.2817496520797897	139
DTlike	LC	LC3	HLA-DRA	0.325	1.1665632435548188	0.27343368116804456	139
DTlike	LC	LC3	HLA-DRA	0.375	0.7448519921000363	0.24486796213253612	139
DTlike	LC	LC3	HLA-DRA	0.425	0.49931188158366563	0.22823565795577547	139
DTlike	LC	LC3	HLA-DRA	0.475	0.26592901484893705	0.21242685661161545	139
DTlike	LC	LC3	HLA-DRA	0.525	0.03280331672389941	0.19663547525856034	139
DTlike	LC	LC3	HLA-DRA	0.575	-0.315793544309645	0.1730223514573991	139
DTlike	LC	LC3	HLA-DRA	0.625	-0.5910697565143707	0.15437579434545934	139
DTlike	LC	LC3	HLA-DRA	0.675	-1.0878829144188333	0.12072285045817897	139
DTlike	LC	LC3	HLA-DRA	0.725	-1.2663992191304887	0.10863057977282557	139
DTlike	LC	LC3	HLA-DRA	0.775	-1.4135249867573851	0.09866462954879163	139
DTlike	LC	LC3	HLA-DRA	0.825	-1.3125180298198444	0.10550660102229609	139
DTlike	LC	LC3	HLA-DRA	0.875	-1.1827684407673007	0.11429553016056704	139
DTlike	LC	LC3	HLA-DRA	0.925	-1.1535490594403313	0.11627478168515457	139
DTlike	LC	LC3	HLA-DRA	0.975	-0.89785459356288	0.13359491778774288	139
DTlike	LC	LC3	IFN_I	0.025	0.6829471328960202	0.017020181181844177	139
DTlike	LC	LC3	IFN_I	0.075	0.5476058736775625	0.016795478498067826	139
DTlike	LC	LC3	IFN_I	0.125	0.42688571159782607	0.016595050745571095	139
DTlike	LC	LC3	IFN_I	0.175	0.5440973562152629	0.01678965342081934	139
DTlike	LC	LC3	IFN_I	0.225	0.48483157854042147	0.01669125638079968	139
DTlike	LC	LC3	IFN_I	0.275	0.4957442493748465	0.01670937433269272	139
DTlike	LC	LC3	IFN_I	0.325	0.769055009450154	0.017163143284219518	139
DTlike	LC	LC3	IFN_I	0.375	0.9529428267928507	0.017468446236987113	139
DTlike	LC	LC3	IFN_I	0.425	0.9836265481175026	0.01751938941994336	139
DTlike	LC	LC3	IFN_I	0.475	1.0337205346063192	0.017602558833838974	139
DTlike	LC	LC3	IFN_I	0.525	0.7685419104012007	0.01716229140258336	139
DTlike	LC	LC3	IFN_I	0.575	0.6866764624172458	0.01702637286616088	139
DTlike	LC	LC3	IFN_I	0.625	-0.21439317744923314	0.015530356296516199	139
DTlike	LC	LC3	IFN_I	0.675	-0.6793798531103687	0.014758354066415388	139
DTlike	LC	LC3	IFN_I	0.725	-1.1395666805963167	0.013994320867879023	139
DTlike	LC	LC3	IFN_I	0.775	-1.4312534589466492	0.013510042811831064	139
DTlike	LC	LC3	IFN_I	0.825	-2.1273455252348845	0.012354343830207719	139
DTlike	LC	LC3	IFN_I	0.875	-1.7931589352209787	0.012909182939078305	139
DTlike	LC	LC3	IFN_I	0.925	-1.3872865020263567	0.013583039718129403	139
DTlike	LC	LC3	IFN_I	0.975	0.3957089384976086	0.016543288964813628	139
DTlike	LC	LC3	IFN_II	0.025	0.5568001662263247	0.04698226251929856	139
DTlike	LC	LC3	IFN_II	0.075	0.3150258994536819	0.04526272790245228	139
DTlike	LC	LC3	IFN_II	0.125	0.4622558573791486	0.046309849304862455	139
DTlike	LC	LC3	IFN_II	0.175	0.5291720320989314	0.046785767111970536	139
DTlike	LC	LC3	IFN_II	0.225	0.7570867007175559	0.04840673020125295	139
DTlike	LC	LC3	IFN_II	0.275	1.0597251779502415	0.050559140153469295	139
DTlike	LC	LC3	IFN_II	0.325	1.2148774455531024	0.05166260620296495	139
DTlike	LC	LC3	IFN_II	0.375	1.1599389067617814	0.05127187512760421	139
DTlike	LC	LC3	IFN_II	0.425	0.9486627642515155	0.04976924771563988	139
DTlike	LC	LC3	IFN_II	0.475	0.847593092296653	0.04905042514630866	139
DTlike	LC	LC3	IFN_II	0.525	0.8033059875105094	0.048735448656973324	139
DTlike	LC	LC3	IFN_II	0.575	0.5628506087689893	0.04702529416835795	139
DTlike	LC	LC3	IFN_II	0.625	-0.2528797428944019	0.04122369833923514	139
DTlike	LC	LC3	IFN_II	0.675	-0.9517761191303498	0.03625304315509081	139
DTlike	LC	LC3	IFN_II	0.725	-1.3632682212900888	0.033326449999964425	139
DTlike	LC	LC3	IFN_II	0.775	-1.755433240757881	0.030537313937253528	139
DTlike	LC	LC3	IFN_II	0.825	-1.469591405964813	0.032570263665239844	139
DTlike	LC	LC3	IFN_II	0.875	-1.2588103232759964	0.03406937013797538	139
DTlike	LC	LC3	IFN_II	0.925	-1.0861266742651987	0.035297521984741724	139
DTlike	LC	LC3	IFN_II	0.975	-1.0794089113897154	0.0353452997154587	139
DTlike	LC	LC3	INFLAMMATION	0.025	0.3069253582964623	0.027271431298840187	139
DTlike	LC	LC3	INFLAMMATION	0.075	0.41199448535380023	0.02756336381433639	139
DTlike	LC	LC3	INFLAMMATION	0.125	0.5574682431605128	0.027967559806485666	139
DTlike	LC	LC3	INFLAMMATION	0.175	0.65433305090087	0.028236696781148707	139
DTlike	LC	LC3	INFLAMMATION	0.225	0.8785050115472619	0.028859554191389716	139
DTlike	LC	LC3	INFLAMMATION	0.275	1.0833240683877614	0.029428639936742645	139
DTlike	LC	LC3	INFLAMMATION	0.325	1.061848231953823	0.029368969745049482	139
DTlike	LC	LC3	INFLAMMATION	0.375	1.0434947948751798	0.029317975078924145	139
DTlike	LC	LC3	INFLAMMATION	0.425	0.9019845682255563	0.028924791680610403	139
DTlike	LC	LC3	INFLAMMATION	0.475	0.7356433416395489	0.028462615834403203	139
DTlike	LC	LC3	INFLAMMATION	0.525	0.5880645386762117	0.0280525710154385	139
DTlike	LC	LC3	INFLAMMATION	0.575	0.3897554913496929	0.027501573204253744	139
DTlike	LC	LC3	INFLAMMATION	0.625	0.03395790795625774	0.02651299657440478	139
DTlike	LC	LC3	INFLAMMATION	0.675	-0.8094780467911152	0.024169526262759644	139
DTlike	LC	LC3	INFLAMMATION	0.725	-1.4671101745110675	0.022342308252167084	139
DTlike	LC	LC3	INFLAMMATION	0.775	-1.934976825225134	0.021042349909644605	139
DTlike	LC	LC3	INFLAMMATION	0.825	-1.9389414203511643	0.021031334359592167	139
DTlike	LC	LC3	INFLAMMATION	0.875	-1.3910125288084356	0.02255374407309272	139
DTlike	LC	LC3	INFLAMMATION	0.925	-0.8020417909020268	0.024190187754373545	139
DTlike	LC	LC3	INFLAMMATION	0.975	-0.3037383057339779	0.025574714246406238	139
DTlike	LC	LC3	MHC_II	0.025	0.6327791196899308	0.16729082908097523	139
DTlike	LC	LC3	MHC_II	0.075	0.6793893464697283	0.1689975710014948	139
DTlike	LC	LC3	MHC_II	0.125	0.7509414991521415	0.17161761958146485	139
DTlike	LC	LC3	MHC_II	0.175	0.8606788422292804	0.17563590776875532	139
DTlike	LC	LC3	MHC_II	0.225	1.0728018350635082	0.18340328478424686	139
DTlike	LC	LC3	MHC_II	0.275	1.1635575890838963	0.18672651791603878	139
DTlike	LC	LC3	MHC_II	0.325	1.0790442266622633	0.18363186447934743	139
DTlike	LC	LC3	MHC_II	0.375	0.9462041765701352	0.17876761691223575	139
DTlike	LC	LC3	MHC_II	0.425	0.7467169009544632	0.17146292608736552	139
DTlike	LC	LC3	MHC_II	0.475	0.5732267662771673	0.16511018107607828	139
DTlike	LC	LC3	MHC_II	0.525	0.47595305676795596	0.16154827783608433	139
DTlike	LC	LC3	MHC_II	0.575	0.16358888713568748	0.15011033686020495	139
DTlike	LC	LC3	MHC_II	0.625	-0.2942644830881082	0.1333449702357538	139
DTlike	LC	LC3	MHC_II	0.675	-0.8541860018130649	0.11284214083044675	139
DTlike	LC	LC3	MHC_II	0.725	-1.3526407087538133	0.09459006177845625	139
DTlike	LC	LC3	MHC_II	0.775	-1.5928709393151292	0.08579347284504237	139
DTlike	LC	LC3	MHC_II	0.825	-1.679721739107593	0.08261322869955157	139
DTlike	LC	LC3	MHC_II	0.875	-1.4296981434849931	0.09176842448489111	139
DTlike	LC	LC3	MHC_II	0.925	-1.2839189793564914	0.09710646782314532	139
DTlike	LC	LC3	MHC_II	0.975	-0.6575812511369525	0.12004128129671152	139
DTlike	LC	LC3	MKI67	0.025	1.1311872143947668	0.013467929212043563	139
DTlike	LC	LC3	MKI67	0.075	1.32413130281965	0.01436846038863976	139
DTlike	LC	LC3	MKI67	0.125	1.3168149525181967	0.014334312664295655	139
DTlike	LC	LC3	MKI67	0.175	1.2903013363936264	0.014210565219533828	139
DTlike	LC	LC3	MKI67	0.225	0.9989534962960981	0.012850752564045642	139
DTlike	LC	LC3	MKI67	0.275	0.8929386576339967	0.01235594773132745	139
DTlike	LC	LC3	MKI67	0.325	0.9184055587365273	0.012474809825529676	139
DTlike	LC	LC3	MKI67	0.375	0.5266820311958793	0.010646512042289074	139
DTlike	LC	LC3	MKI67	0.425	-0.10664311858494037	0.007690582959641256	139
DTlike	LC	LC3	MKI67	0.475	-0.13891576275936285	0.00753995630677245	139
DTlike	LC	LC3	MKI67	0.525	-0.35637310424595076	0.006525014013452915	139
DTlike	LC	LC3	MKI67	0.575	-0.13238242797951735	0.007570449449653485	139
DTlike	LC	LC3	MKI67	0.625	-0.219061320652233	0.0071658916016165645	139
DTlike	LC	LC3	MKI67	0.675	-0.49543121271726476	0.005875985773929179	139
DTlike	LC	LC3	MKI67	0.725	-0.5454562893754586	0.005642502895494907	139
DTlike	LC	LC3	MKI67	0.775	-0.561259418167263	0.00556874468771066	139
DTlike	LC	LC3	MKI67	0.825	-0.5807049696613048	0.005477986139421118	139
DTlike	LC	LC3	MKI67	0.875	-1.754395641948481	0.0	139
DTlike	LC	LC3	MKI67	0.925	-1.754395641948481	0.0	139
DTlike	LC	LC3	MKI67	0.975	-1.754395641948481	0.0	139
DTlike	LC	LC3	MYC	0.025	0.922601194885956	0.12845665171898354	139
DTlike	LC	LC3	MYC	0.075	0.9899086351908893	0.13075485799701048	139
DTlike	LC	LC3	MYC	0.125	1.036405653036573	0.13234249433912001	139
DTlike	LC	LC3	MYC	0.175	0.9467643615739347	0.1292817007942082	139
DTlike	LC	LC3	MYC	0.225	0.9446022347896178	0.1292078751766079	139
DTlike	LC	LC3	MYC	0.275	0.9727625663869223	0.13016940707523666	139
DTlike	LC	LC3	MYC	0.325	0.9728126776471634	0.13017111811954862	139
DTlike	LC	LC3	MYC	0.375	0.808446073682243	0.12455883574157117	139
DTlike	LC	LC3	MYC	0.425	0.633133754908425	0.11857281295128069	139
DTlike	LC	LC3	MYC	0.475	0.6430895525413388	0.11891275273385256	139
DTlike	LC	LC3	MYC	0.525	0.26662725939377824	0.10605848281016443	139
DTlike	LC	LC3	MYC	0.575	-0.21626020447649025	0.08957033534802104	139
DTlike	LC	LC3	MYC	0.625	-0.7293295761126529	0.07205162945732717	139
DTlike	LC	LC3	MYC	0.675	-0.9916064884056184	0.06309620872401142	139
DTlike	LC	LC3	MYC	0.725	-0.976449597644714	0.06361373934684103	139
DTlike	LC	LC3	MYC	0.775	-0.9733150186687373	0.06372076925392	139
DTlike	LC	LC3	MYC	0.825	-0.674516279593335	0.07392322435990163	139
DTlike	LC	LC3	MYC	0.875	-1.0110436743982516	0.06243252781929912	139
DTlike	LC	LC3	MYC	0.925	-1.243275624032118	0.054502989536621825	139
DTlike	LC	LC3	MYC	0.975	-2.3213575007049254	0.017691984304932736	139
DTlike	LC	LC3	TNFSF14	0.025	0.6526033884704605	0.047774784656579666	139
DTlike	LC	LC3	TNFSF14	0.075	0.6445478858644338	0.047717081125152876	139
DTlike	LC	LC3	TNFSF14	0.125	-0.09001605910816693	0.04245522028831294	139
DTlike	LC	LC3	TNFSF14	0.175	-0.038900266600995194	0.04282137518684605	139
DTlike	LC	LC3	TNFSF14	0.225	-0.4483180525544821	0.03988861565167076	139
DTlike	LC	LC3	TNFSF14	0.275	-0.18122089626368723	0.041801897777667664	139
DTlike	LC	LC3	TNFSF14	0.325	-0.41799617538359113	0.040105818659083456	139
DTlike	LC	LC3	TNFSF14	0.375	0.11402648278141754	0.04391682682041427	139
DTlike	LC	LC3	TNFSF14	0.425	0.33281477172135115	0.045484060737912356	139
DTlike	LC	LC3	TNFSF14	0.475	0.33201417378705006	0.04547832585949178	139
DTlike	LC	LC3	TNFSF14	0.525	0.5212234766572901	0.04683367827986662	139
DTlike	LC	LC3	TNFSF14	0.575	1.3233255366218508	0.05257933111970698	139
DTlike	LC	LC3	TNFSF14	0.625	1.9104516961262812	0.056785059111292294	139
DTlike	LC	LC3	TNFSF14	0.675	0.7742867278966589	0.04864643211845788	139
DTlike	LC	LC3	TNFSF14	0.725	-0.09942429241801062	0.04238782681666798	139
DTlike	LC	LC3	TNFSF14	0.775	-0.7857106793941031	0.03747178991177936	139
DTlike	LC	LC3	TNFSF14	0.825	0.39255331150779416	0.04591198247992491	139
DTlike	LC	LC3	TNFSF14	0.875	-0.9003543715247418	0.036650569161779924	139
DTlike	LC	LC3	TNFSF14	0.925	-0.9003543715247418	0.036650569161779924	139
DTlike	LC	LC3	TNFSF14	0.975	-3.1355522866620515	0.020639300908359203	139
DTlike	LC	LC4	ANTIGEN_PRES	0.025	0.888875619790037	0.11474602920390876	17
DTlike	LC	LC4	ANTIGEN_PRES	0.075	1.008008449946016	0.11884965122072744	17
DTlike	LC	LC4	ANTIGEN_PRES	0.125	1.2405739111675993	0.12686054750994466	17
DTlike	LC	LC4	ANTIGEN_PRES	0.175	1.180514199450857	0.12479174451918287	17
DTlike	LC	LC4	ANTIGEN_PRES	0.225	1.2204233365021189	0.12616644545813788	17
DTlike	LC	LC4	ANTIGEN_PRES	0.275	1.2843993629351012	0.1283701489232132	17
DTlike	LC	LC4	ANTIGEN_PRES	0.325	1.3104259973910937	0.12926665637659498	17
DTlike	LC	LC4	ANTIGEN_PRES	0.375	1.0469131203442255	0.12018975253280186	17
DTlike	LC	LC4	ANTIGEN_PRES	0.425	0.4915497037922537	0.10105983225377847	17
DTlike	LC	LC4	ANTIGEN_PRES	0.475	-0.48174049637589	0.0675341022855192	17
DTlike	LC	LC4	ANTIGEN_PRES	0.525	-0.9074082825014517	0.052871647807536254	17
DTlike	LC	LC4	ANTIGEN_PRES	0.575	-0.9062827583583625	0.05291041735282444	17
DTlike	LC	LC4	ANTIGEN_PRES	0.625	-1.0920437446699713	0.04651173722161115	17
DTlike	LC	LC4	ANTIGEN_PRES	0.675	-1.1566100432401691	0.04428770137850855	17
DTlike	LC	LC4	ANTIGEN_PRES	0.725	-1.1592237464942923	0.04419767035846976	17
DTlike	LC	LC4	ANTIGEN_PRES	0.775	-1.0712381662283934	0.0472284013825626	17
DTlike	LC	LC4	ANTIGEN_PRES	0.825	-0.9203733753651331	0.05242505520618663	17
DTlike	LC	LC4	ANTIGEN_PRES	0.875	-0.7626998369124885	0.057856241580394534	17
DTlike	LC	LC4	ANTIGEN_PRES	0.925	-0.6455024650962506	0.06189319524521319	17
DTlike	LC	LC4	ANTIGEN_PRES	0.975	-0.5685607860768989	0.06454351059171687	17
DTlike	LC	LC4	B	0.025	1.5412575503098462	0.15106820007524685	17
DTlike	LC	LC4	B	0.075	1.3889800303438458	0.14767132002277744	17
DTlike	LC	LC4	B	0.125	1.3876171524012735	0.1476409180770529	17
DTlike	LC	LC4	B	0.175	1.2022837652313185	0.14350665527795575	17
DTlike	LC	LC4	B	0.225	1.1239669198781819	0.14175962833785455	17
DTlike	LC	LC4	B	0.275	0.9730014690213865	0.13839201682998395	17
DTlike	LC	LC4	B	0.325	0.8525931047651683	0.13570604735278377	17
DTlike	LC	LC4	B	0.375	0.5060916675583974	0.12797658196312903	17
DTlike	LC	LC4	B	0.425	0.42765829607564937	0.12622695565520678	17
DTlike	LC	LC4	B	0.475	-0.35265818732729215	0.10882030562783344	17
DTlike	LC	LC4	B	0.525	-0.7304399687649066	0.10039306437884074	17
DTlike	LC	LC4	B	0.575	-1.095786418120363	0.09224322015801836	17
DTlike	LC	LC4	B	0.625	-1.1223150215128284	0.0916514421746111	17
DTlike	LC	LC4	B	0.675	-1.1142026579127775	0.09183240602336268	17
DTlike	LC	LC4	B	0.725	-1.1480533731730054	0.09107729246848627	17
DTlike	LC	LC4	B	0.775	-0.9704465629855561	0.09503919722529587	17
DTlike	LC	LC4	B	0.825	-1.0067265433594172	0.09422989364809375	17
DTlike	LC	LC4	B	0.875	-0.9065834267215996	0.09646380286447101	17
DTlike	LC	LC4	B	0.925	-0.612740702222388	0.10301860156120245	17
DTlike	LC	LC4	B	0.975	-0.3434970934849138	0.10902466367713004	17
DTlike	LC	LC4	CCL19	0.025	1.7671463773154619	0.08267937219730942	17
DTlike	LC	LC4	CCL19	0.075	0.2694387994247414	0.046192916628534815	17
DTlike	LC	LC4	CCL19	0.125	-0.20250419825968924	0.03469566077552097	17
DTlike	LC	LC4	CCL19	0.175	-0.8791402052846802	0.01821176901253775	17
DTlike	LC	LC4	CCL19	0.225	-1.1395435034736576	0.011867944951291171	17
DTlike	LC	LC4	CCL19	0.275	-1.1139274098450689	0.012491992312620116	17
DTlike	LC	LC4	CCL19	0.325	-1.2614847646238763	0.00889726865063188	17
DTlike	LC	LC4	CCL19	0.375	-1.2313637007079108	0.009631064003261313	17
DTlike	LC	LC4	CCL19	0.425	-1.3631433553402599	0.006420709335507542	17
DTlike	LC	LC4	CCL19	0.475	-0.9494604904766332	0.016498658924082983	17
DTlike	LC	LC4	CCL19	0.525	-0.026527369487592926	0.038982726447692816	17
DTlike	LC	LC4	CCL19	0.575	0.1133640051932233	0.042390695067264575	17
DTlike	LC	LC4	CCL19	0.625	0.09171724279382018	0.04186334670757612	17
DTlike	LC	LC4	CCL19	0.675	0.4717936417551807	0.05112259120106654	17
DTlike	LC	LC4	CCL19	0.725	0.31440641877817055	0.047288396860986556	17
DTlike	LC	LC4	CCL19	0.775	0.1392111998833457	0.043020372405191104	17
DTlike	LC	LC4	CCL19	0.825	0.499387546102915	0.05179482106744042	17
DTlike	LC	LC4	CCL19	0.875	1.1175743818460881	0.06685480129890213	17
DTlike	LC	LC4	CCL19	0.925	1.6775267202335578	0.08049609978520555	17
DTlike	LC	LC4	CCL19	0.975	1.705528664172867	0.0811782701223683	17
DTlike	LC	LC4	CCL21	0.025	0.932418758494008	0.016367713004484304	17
DTlike	LC	LC4	CCL21	0.075	0.8109763345366522	0.01542198459238818	17
DTlike	LC	LC4	CCL21	0.125	0.5469282678573352	0.013365719980069756	17
DTlike	LC	LC4	CCL21	0.175	0.8630910845391487	0.015827826292187867	17
DTlike	LC	LC4	CCL21	0.225	0.6783732801637622	0.014389343181218674	17
DTlike	LC	LC4	CCL21	0.275	1.3075592481616711	0.019289105776839885	17
DTlike	LC	LC4	CCL21	0.325	1.7795281133720806	0.02296454596412556	17
DTlike	LC	LC4	CCL21	0.375	1.356159252711805	0.019667576525638525	17
DTlike	LC	LC4	CCL21	0.425	0.10582114424947449	0.009930614470973214	17
DTlike	LC	LC4	CCL21	0.475	-1.1693841655582253	0.0	17
DTlike	LC	LC4	CCL21	0.525	-1.1693841655582253	0.0	17
DTlike	LC	LC4	CCL21	0.575	-1.1693841655582253	0.0	17
DTlike	LC	LC4	CCL21	0.625	-1.1693841655582253	0.0	17
DTlike	LC	LC4	CCL21	0.675	-1.1693841655582253	0.0	17
DTlike	LC	LC4	CCL21	0.725	0.2858947294322788	0.011332930895711165	17
DTlike	LC	LC4	CCL21	0.775	0.22080914641561955	0.010826079310648025	17
DTlike	LC	LC4	CCL21	0.825	0.08955231594499265	0.00980392156862745	17
DTlike	LC	LC4	CCL21	0.875	-1.0472549253609391	0.0009510769683158127	17
DTlike	LC	LC4	CCL21	0.925	-1.0431149511169633	0.0009833168655468572	17
DTlike	LC	LC4	CCL21	0.975	-1.0398209716098	0.001008968609865471	17
DTlike	LC	LC4	CD74	0.025	1.266737713382096	0.9779665401862712	17
DTlike	LC	LC4	CD74	0.075	1.2687078043738433	0.9783965579929707	17
DTlike	LC	LC4	CD74	0.125	1.2474114232963915	0.9737481315396115	17
DTlike	LC	LC4	CD74	0.175	1.0158581044330819	0.9232062780269059	17
DTlike	LC	LC4	CD74	0.225	1.020494877608101	0.9242183607374189	17
DTlike	LC	LC4	CD74	0.275	1.1160124050135158	0.9450672645739913	17
DTlike	LC	LC4	CD74	0.325	1.1989851680706876	0.9631779841981637	17
DTlike	LC	LC4	CD74	0.375	0.963683705968318	0.9118180119581466	17
DTlike	LC	LC4	CD74	0.425	-0.08498318228860365	0.6829222720478326	17
DTlike	LC	LC4	CD74	0.475	-0.8613001326247067	0.5134731888909649	17
DTlike	LC	LC4	CD74	0.525	-0.9072653231534206	0.5034402256935889	17
DTlike	LC	LC4	CD74	0.575	-1.4215508837311166	0.39118553811659196	17
DTlike	LC	LC4	CD74	0.625	-1.2750718983662985	0.4231579557754755	17
DTlike	LC	LC4	CD74	0.675	-1.1166336225287152	0.45774076446722184	17
DTlike	LC	LC4	CD74	0.725	-1.0723088180365539	0.4674156755702866	17
DTlike	LC	LC4	CD74	0.775	-1.0257320073149359	0.47758213898414376	17
DTlike	LC	LC4	CD74	0.825	-0.81116480411903	0.5244163809021367	17
DTlike	LC	LC4	CD74	0.875	-0.4507448725572487	0.6030863454419598	17
DTlike	LC	LC4	CD74	0.925	-0.11702277539247968	0.6759288917360664	17
DTlike	LC	LC4	CD74	0.975	0.04588711796707498	0.7114877341070956	17
DTlike	LC	LC4	COL1A1	0.025	1.5121233489533663	0.431385558707788	17
DTlike	LC	LC4	COL1A1	0.075	-0.1780609719903433	0.32629724535554133	17
DTlike	LC	LC4	COL1A1	0.125	0.20100422240923718	0.34986587123638696	17
DTlike	LC	LC4	COL1A1	0.175	1.2803545104059946	0.4169751798936281	17
DTlike	LC	LC4	COL1A1	0.225	1.5401690368507606	0.4331293176584657	17
DTlike	LC	LC4	COL1A1	0.275	1.8411664241264256	0.45184402667586526	17
DTlike	LC	LC4	COL1A1	0.325	0.24266018055537242	0.3524558576233184	17
DTlike	LC	LC4	COL1A1	0.375	-0.6560686374211502	0.2965768067577433	17
DTlike	LC	LC4	COL1A1	0.425	-1.5682350001391823	0.23986226777706596	17
DTlike	LC	LC4	COL1A1	0.475	-0.9752615034638583	0.27673078197166023	17
DTlike	LC	LC4	COL1A1	0.525	-1.0348164287092276	0.27302791562252704	17
DTlike	LC	LC4	COL1A1	0.575	-1.3431469808401069	0.25385726229383593	17
DTlike	LC	LC4	COL1A1	0.625	-1.1427369399722416	0.2663178873941206	17
DTlike	LC	LC4	COL1A1	0.675	-0.9735323231943069	0.27683829488357015	17
DTlike	LC	LC4	COL1A1	0.725	-0.518810983951665	0.3051108909514374	17
DTlike	LC	LC4	COL1A1	0.775	-0.13992508024119227	0.3286683693166632	17
DTlike	LC	LC4	COL1A1	0.825	0.4325646628307864	0.3642632927610506	17
DTlike	LC	LC4	COL1A1	0.875	0.4753474631912475	0.3669233412981572	17
DTlike	LC	LC4	COL1A1	0.925	0.5511557546521173	0.3716367713004484	17
DTlike	LC	LC4	COL1A1	0.975	0.4540492459479713	0.36559911073953033	17
DTlike	LC	LC4	CXCL10	0.025	-0.39089389681222014	0.0	17
DTlike	LC	LC4	CXCL10	0.075	-0.39089389681222014	0.0	17
DTlike	LC	LC4	CXCL10	0.125	-0.39089389681222014	0.0	17
DTlike	LC	LC4	CXCL10	0.175	-0.39089389681222014	0.0	17
DTlike	LC	LC4	CXCL10	0.225	-0.39089389681222014	0.0	17
DTlike	LC	LC4	CXCL10	0.275	-0.39089389681222014	0.0	17
DTlike	LC	LC4	CXCL10	0.325	-0.39089389681222014	0.0	17
DTlike	LC	LC4	CXCL10	0.375	-0.39089389681222014	0.0	17
DTlike	LC	LC4	CXCL10	0.425	-0.39089389681222014	0.0	17
DTlike	LC	LC4	CXCL10	0.475	-0.39089389681222014	0.0	17
DTlike	LC	LC4	CXCL10	0.525	-0.39089389681222014	0.0	17
DTlike	LC	LC4	CXCL10	0.575	-0.39089389681222014	0.0	17
DTlike	LC	LC4	CXCL10	0.625	-0.39089389681222014	0.0	17
DTlike	LC	LC4	CXCL10	0.675	-0.39089389681222014	0.0	17
DTlike	LC	LC4	CXCL10	0.725	-0.39089389681222014	0.0	17
DTlike	LC	LC4	CXCL10	0.775	-0.39089389681222014	0.0	17
DTlike	LC	LC4	CXCL10	0.825	-0.39089389681222014	0.0	17
DTlike	LC	LC4	CXCL10	0.875	1.2692451296057277	0.005003321707357581	17
DTlike	LC	LC4	CXCL10	0.925	1.8691272988155745	0.006811244677243094	17
DTlike	LC	LC4	CXCL10	0.975	3.50682381738644	0.011746929225969973	17
DTlike	LC	LC4	CXCL11	0.025	-0.490352347978612	0.0	17
DTlike	LC	LC4	CXCL11	0.075	-0.490352347978612	0.0	17
DTlike	LC	LC4	CXCL11	0.125	-0.490352347978612	0.0	17
DTlike	LC	LC4	CXCL11	0.175	-0.490352347978612	0.0	17
DTlike	LC	LC4	CXCL11	0.225	1.4387826020759658	0.003158797151147455	17
DTlike	LC	LC4	CXCL11	0.275	-0.490352347978612	0.0	17
DTlike	LC	LC4	CXCL11	0.325	-0.490352347978612	0.0	17
DTlike	LC	LC4	CXCL11	0.375	-0.490352347978612	0.0	17
DTlike	LC	LC4	CXCL11	0.425	-0.490352347978612	0.0	17
DTlike	LC	LC4	CXCL11	0.475	-0.490352347978612	0.0	17
DTlike	LC	LC4	CXCL11	0.525	-0.490352347978612	0.0	17
DTlike	LC	LC4	CXCL11	0.575	-0.490352347978612	0.0	17
DTlike	LC	LC4	CXCL11	0.625	-0.490352347978612	0.0	17
DTlike	LC	LC4	CXCL11	0.675	2.5466560835728997	0.004972847327930225	17
DTlike	LC	LC4	CXCL11	0.725	2.2009803271361426	0.004406832184913777	17
DTlike	LC	LC4	CXCL11	0.775	1.659218554872783	0.0035197425892493158	17
DTlike	LC	LC4	CXCL11	0.825	-0.490352347978612	0.0	17
DTlike	LC	LC4	CXCL11	0.875	-0.490352347978612	0.0	17
DTlike	LC	LC4	CXCL11	0.925	-0.490352347978612	0.0	17
DTlike	LC	LC4	CXCL11	0.975	-0.490352347978612	0.0	17
DTlike	LC	LC4	CXCL13	0.025	0.5426184831868694	0.021812940422805894	17
DTlike	LC	LC4	CXCL13	0.075	1.691714564893758	0.034403026905829595	17
DTlike	LC	LC4	CXCL13	0.125	1.3320201649089503	0.030462030434462984	17
DTlike	LC	LC4	CXCL13	0.175	1.645883494692643	0.03390087817638266	17
DTlike	LC	LC4	CXCL13	0.225	0.9678148376621297	0.026471609928630072	17
DTlike	LC	LC4	CXCL13	0.275	0.8049366484442801	0.02468703288490284	17
DTlike	LC	LC4	CXCL13	0.325	-0.3609109028033387	0.011913408703341124	17
DTlike	LC	LC4	CXCL13	0.375	-1.0995041942383244	0.003821001494768311	17
DTlike	LC	LC4	CXCL13	0.425	-1.4482466633035518	0.0	17
DTlike	LC	LC4	CXCL13	0.475	-1.4482466633035518	0.0	17
DTlike	LC	LC4	CXCL13	0.525	-1.135266222203736	0.0034291743603270908	17
DTlike	LC	LC4	CXCL13	0.575	-1.4482466633035518	0.0	17
DTlike	LC	LC4	CXCL13	0.625	-0.3782914783036678	0.011722978197000154	17
DTlike	LC	LC4	CXCL13	0.675	-0.6914490934255851	0.00829186262714645	17
DTlike	LC	LC4	CXCL13	0.725	-0.19586002801772726	0.013721790805352	17
DTlike	LC	LC4	CXCL13	0.775	0.009820872397032115	0.015975336322869956	17
DTlike	LC	LC4	CXCL13	0.825	0.02879968016223478	0.01618327788225083	17
DTlike	LC	LC4	CXCL13	0.875	-0.21939057538969423	0.013463978050507433	17
DTlike	LC	LC4	CXCL13	0.925	0.4141396784475474	0.020405260692055418	17
DTlike	LC	LC4	CXCL13	0.975	0.9876640594972834	0.026689088191330347	17
DTlike	LC	LC4	CXCL16	0.025	0.07239145354816166	0.01968351155570886	17
DTlike	LC	LC4	CXCL16	0.075	-0.22959637712691036	0.015052097072012664	17
DTlike	LC	LC4	CXCL16	0.125	-0.011320863095843889	0.018399663677130047	17
DTlike	LC	LC4	CXCL16	0.175	0.7295788260262936	0.029762418075198343	17
DTlike	LC	LC4	CXCL16	0.225	1.2142607888913728	0.03719570787956438	17
DTlike	LC	LC4	CXCL16	0.275	1.2781762699057113	0.03817594302294909	17
DTlike	LC	LC4	CXCL16	0.325	1.5693126680483895	0.04264093529788597	17
DTlike	LC	LC4	CXCL16	0.375	1.9102668990624072	0.04786995515695067	17
DTlike	LC	LC4	CXCL16	0.425	1.1893535326627511	0.036813719549145564	17
DTlike	LC	LC4	CXCL16	0.475	0.6745036123052464	0.028917761050608583	17
DTlike	LC	LC4	CXCL16	0.525	0.08035736109335118	0.019805680119581462	17
DTlike	LC	LC4	CXCL16	0.575	-1.2110568268208957	0.0	17
DTlike	LC	LC4	CXCL16	0.625	-1.2110568268208957	0.0	17
DTlike	LC	LC4	CXCL16	0.675	-0.7933487336949936	0.006406149903907752	17
DTlike	LC	LC4	CXCL16	0.725	-0.8710618672998127	0.005214308061320263	17
DTlike	LC	LC4	CXCL16	0.775	-0.9048957812911153	0.004695416690932386	17
DTlike	LC	LC4	CXCL16	0.825	-1.18650868328831	0.00037648082457666823	17
DTlike	LC	LC4	CXCL16	0.875	-0.8124310818341985	0.006113494854340743	17
DTlike	LC	LC4	CXCL16	0.925	-0.7454351583070226	0.007140972981120699	17
DTlike	LC	LC4	CXCL16	0.975	-0.7414892119636847	0.007201489701299689	17
DTlike	LC	LC4	EMT	0.025	1.7610713360706924	0.013482202711409921	17
DTlike	LC	LC4	EMT	0.075	1.111174597494069	0.01270068322193079	17
DTlike	LC	LC4	EMT	0.125	-0.0031222921519640815	0.011360709215857705	17
DTlike	LC	LC4	EMT	0.175	-0.0643989839160371	0.011287022234493077	17
DTlike	LC	LC4	EMT	0.225	0.18939751412276104	0.01159221981097774	17
DTlike	LC	LC4	EMT	0.275	0.3425521750576597	0.011776392688483387	17
DTlike	LC	LC4	EMT	0.325	0.5233635049282992	0.01199382350452661	17
DTlike	LC	LC4	EMT	0.375	0.5423606166204066	0.01201666807682545	17
DTlike	LC	LC4	EMT	0.425	0.4767300364576272	0.011937745419642447	17
DTlike	LC	LC4	EMT	0.475	1.0893835157539877	0.012674478820422322	17
DTlike	LC	LC4	EMT	0.525	1.426762466424384	0.013080186696209493	17
DTlike	LC	LC4	EMT	0.575	0.9562855952718875	0.012514424749226762	17
DTlike	LC	LC4	EMT	0.625	-0.34886190720689786	0.010944947401077362	17
DTlike	LC	LC4	EMT	0.675	-0.44074828959774126	0.010834451387797693	17
DTlike	LC	LC4	EMT	0.725	-0.6319693860562914	0.010604502528523173	17
DTlike	LC	LC4	EMT	0.775	-0.9580361107865403	0.010212397929251866	17
DTlike	LC	LC4	EMT	0.825	-1.5827426580831927	0.00946117036810603	17
DTlike	LC	LC4	EMT	0.875	-1.4174311170565008	0.009659962242998562	17
DTlike	LC	LC4	EMT	0.925	-1.5608685319121867	0.00948747463292725	17
DTlike	LC	LC4	EMT	0.975	-1.4109020814344373	0.00966781359581089	17
DTlike	LC	LC4	G2M	0.025	-0.24479601254833544	0.009056569550433132	17
DTlike	LC	LC4	G2M	0.075	-0.59627707939143	0.008768873310412135	17
DTlike	LC	LC4	G2M	0.125	-0.9209923453676996	0.008503085562759445	17
DTlike	LC	LC4	G2M	0.175	-1.5814690029510374	0.007962468531193454	17
DTlike	LC	LC4	G2M	0.225	-2.07997852905154	0.00755442573798722	17
DTlike	LC	LC4	G2M	0.275	-1.710325077030004	0.007856996539915657	17
DTlike	LC	LC4	G2M	0.325	-1.0057142785836086	0.008433738494217606	17
DTlike	LC	LC4	G2M	0.375	-0.5039009046366073	0.008844485571360316	17
DTlike	LC	LC4	G2M	0.425	0.6279626486301931	0.009770944829653821	17
DTlike	LC	LC4	G2M	0.475	0.2342975657215	0.009448719893905166	17
DTlike	LC	LC4	G2M	0.525	0.13048124356392252	0.00936374357980152	17
DTlike	LC	LC4	G2M	0.575	0.6128906700145399	0.00975860802979047	17
DTlike	LC	LC4	G2M	0.625	0.7053756590827247	0.009834309358036347	17
DTlike	LC	LC4	G2M	0.675	0.7218732202147616	0.009847813033639227	17
DTlike	LC	LC4	G2M	0.725	0.5390232946450694	0.009698145694379661	17
DTlike	LC	LC4	G2M	0.775	0.49273052650212656	0.009660253880022463	17
DTlike	LC	LC4	G2M	0.825	0.960400725407153	0.010043053895406823	17
DTlike	LC	LC4	G2M	0.875	1.0643687731406783	0.010128154400773763	17
DTlike	LC	LC4	G2M	0.925	1.215193173596663	0.010251608028886194	17
DTlike	LC	LC4	G2M	0.975	1.3388557290408987	0.010352828992371482	17
DTlike	LC	LC4	HLA-DRA	0.025	0.8332395861807395	0.6743273542600897	17
DTlike	LC	LC4	HLA-DRA	0.075	0.9036989305758371	0.6913536995515694	17
DTlike	LC	LC4	HLA-DRA	0.125	1.1949759916988734	0.7617401594419531	17
DTlike	LC	LC4	HLA-DRA	0.175	1.2263064169803437	0.7693110876637651	17
DTlike	LC	LC4	HLA-DRA	0.225	1.3188303753741977	0.791669298301017	17
DTlike	LC	LC4	HLA-DRA	0.275	1.310434919671408	0.7896405549327354	17
DTlike	LC	LC4	HLA-DRA	0.325	1.250269018593289	0.7751015975336322	17
DTlike	LC	LC4	HLA-DRA	0.375	1.0483483884931264	0.7263079222720479	17
DTlike	LC	LC4	HLA-DRA	0.425	0.5827174727759464	0.6137892376681614	17
DTlike	LC	LC4	HLA-DRA	0.475	-0.5567222693184917	0.33844613514158783	17
DTlike	LC	LC4	HLA-DRA	0.525	-0.9546019163661719	0.2422993952982742	17
DTlike	LC	LC4	HLA-DRA	0.575	-1.0147153910293314	0.22777310662680617	17
DTlike	LC	LC4	HLA-DRA	0.625	-1.1388930242768576	0.1977658552210122	17
DTlike	LC	LC4	HLA-DRA	0.675	-1.0798797191991434	0.21202629033676249	17
DTlike	LC	LC4	HLA-DRA	0.725	-1.1059062255129264	0.2057370424444676	17
DTlike	LC	LC4	HLA-DRA	0.775	-1.0276345483692648	0.2246512207274539	17
DTlike	LC	LC4	HLA-DRA	0.825	-0.9848878103672787	0.23498087575837515	17
DTlike	LC	LC4	HLA-DRA	0.875	-0.7573742906487043	0.2899590163934426	17
DTlike	LC	LC4	HLA-DRA	0.925	-0.6041242169816172	0.3269915589554208	17
DTlike	LC	LC4	HLA-DRA	0.975	-0.44408168827396993	0.3656654833084205	17
DTlike	LC	LC4	IFN_I	0.025	1.5350042003855944	0.0437023987472418	17
DTlike	LC	LC4	IFN_I	0.075	1.4133175594811578	0.042658387949867774	17
DTlike	LC	LC4	IFN_I	0.125	0.7574190662883704	0.037031105416755646	17
DTlike	LC	LC4	IFN_I	0.175	0.7242747332852398	0.03674674354046552	17
DTlike	LC	LC4	IFN_I	0.225	0.9787045490368355	0.03892962469195653	17
DTlike	LC	LC4	IFN_I	0.275	0.9385441983672376	0.03858506887700627	17
DTlike	LC	LC4	IFN_I	0.325	1.2789548944258664	0.041505623176026775	17
DTlike	LC	LC4	IFN_I	0.375	1.2588359939170815	0.04133301302583814	17
DTlike	LC	LC4	IFN_I	0.425	0.47619368319105726	0.03461833163758777	17
DTlike	LC	LC4	IFN_I	0.475	-0.12384090911832836	0.029470333562261815	17
DTlike	LC	LC4	IFN_I	0.525	-0.5557916221523285	0.025764411490708735	17
DTlike	LC	LC4	IFN_I	0.575	-0.4417417488810513	0.026742902623748233	17
DTlike	LC	LC4	IFN_I	0.625	-0.6494680446272229	0.024960714422597827	17
DTlike	LC	LC4	IFN_I	0.675	-1.0067669351178616	0.02189526782312327	17
DTlike	LC	LC4	IFN_I	0.725	-1.0082639185780264	0.021882424450306942	17
DTlike	LC	LC4	IFN_I	0.775	-1.092420769754238	0.02116040056462862	17
DTlike	LC	LC4	IFN_I	0.825	-1.1764960589651352	0.020439076440007146	17
DTlike	LC	LC4	IFN_I	0.875	-1.2326707282808722	0.019957125743787323	17
DTlike	LC	LC4	IFN_I	0.925	-1.1843611263077893	0.02037159807782396	17
DTlike	LC	LC4	IFN_I	0.975	-0.8894270165955883	0.02290198590647021	17
DTlike	LC	LC4	IFN_II	0.025	1.0284941398511267	0.07729446935724962	17
DTlike	LC	LC4	IFN_II	0.075	1.0702104580393939	0.07801388322688771	17
DTlike	LC	LC4	IFN_II	0.125	0.9742707120767433	0.07635936559703375	17
DTlike	LC	LC4	IFN_II	0.175	1.1478062589558338	0.07935205250522692	17
DTlike	LC	LC4	IFN_II	0.225	1.152415950751664	0.079431548404115	17
DTlike	LC	LC4	IFN_II	0.275	1.3235737979659812	0.08238323097177763	17
DTlike	LC	LC4	IFN_II	0.325	1.2785650800515722	0.08160703840904661	17
DTlike	LC	LC4	IFN_II	0.375	1.003554965212525	0.07686438374779182	17
DTlike	LC	LC4	IFN_II	0.425	0.3130856064479097	0.06495697545222737	17
DTlike	LC	LC4	IFN_II	0.475	-0.657205876893158	0.04822392754620193	17
DTlike	LC	LC4	IFN_II	0.525	-0.7806162121952083	0.046095669091745325	17
DTlike	LC	LC4	IFN_II	0.575	-1.3229362680057262	0.036743152214004225	17
DTlike	LC	LC4	IFN_II	0.625	-1.4221639025980424	0.0350319336866422	17
DTlike	LC	LC4	IFN_II	0.675	-1.34495803890292	0.036363378348392816	17
DTlike	LC	LC4	IFN_II	0.725	-1.0862446271329098	0.040824990129393224	17
DTlike	LC	LC4	IFN_II	0.775	-1.047301107097765	0.0414965860338873	17
DTlike	LC	LC4	IFN_II	0.825	-0.6795393206442188	0.047838778762965974	17
DTlike	LC	LC4	IFN_II	0.875	-0.46018634643024114	0.05162160473729378	17
DTlike	LC	LC4	IFN_II	0.925	-0.33687852983985306	0.05374809521733965	17
DTlike	LC	LC4	IFN_II	0.975	-0.15394673961270489	0.056902823937482284	17
DTlike	LC	LC4	INFLAMMATION	0.025	1.1302423095269207	0.03127988607039541	17
DTlike	LC	LC4	INFLAMMATION	0.075	1.2401032513609866	0.03184984714386391	17
DTlike	LC	LC4	INFLAMMATION	0.125	1.1002019097505293	0.03112403579077706	17
DTlike	LC	LC4	INFLAMMATION	0.175	1.0580100702763304	0.03090514356468777	17
DTlike	LC	LC4	INFLAMMATION	0.225	1.045732757663897	0.030841448586663094	17
DTlike	LC	LC4	INFLAMMATION	0.275	1.0900122509410097	0.03107117160832609	17
DTlike	LC	LC4	INFLAMMATION	0.325	1.103390521292202	0.03114057838022537	17
DTlike	LC	LC4	INFLAMMATION	0.375	0.9944518634771127	0.030575402137295583	17
DTlike	LC	LC4	INFLAMMATION	0.425	0.7077841394748887	0.02908816344287531	17
DTlike	LC	LC4	INFLAMMATION	0.475	-0.32793194736426207	0.023714844747364325	17
DTlike	LC	LC4	INFLAMMATION	0.525	-0.8675848372188626	0.020915113238904527	17
DTlike	LC	LC4	INFLAMMATION	0.575	-1.0720678322756552	0.01985425079386327	17
DTlike	LC	LC4	INFLAMMATION	0.625	-1.4102225057697475	0.01809989663045014	17
DTlike	LC	LC4	INFLAMMATION	0.675	-1.3664323076986877	0.018327081177417496	17
DTlike	LC	LC4	INFLAMMATION	0.725	-1.2967298397022864	0.01868869917212427	17
DTlike	LC	LC4	INFLAMMATION	0.775	-1.0023790205689282	0.02021579793942755	17
DTlike	LC	LC4	INFLAMMATION	0.825	-0.7933148318041929	0.021300427721977072	17
DTlike	LC	LC4	INFLAMMATION	0.875	-0.6687666497696935	0.021946586532795867	17
DTlike	LC	LC4	INFLAMMATION	0.925	-0.42371970151854915	0.02321789569275514	17
DTlike	LC	LC4	INFLAMMATION	0.975	-0.24077960007300137	0.0241669931140919	17
DTlike	LC	LC4	MHC_II	0.025	1.0254629713401249	0.33743647234678625	17
DTlike	LC	LC4	MHC_II	0.075	1.0575263264202344	0.3405009549908653	17
DTlike	LC	LC4	MHC_II	0.125	1.1683782076832883	0.35109571855648086	17
DTlike	LC	LC4	MHC_II	0.175	1.1546279014714589	0.34978152125455647	17
DTlike	LC	LC4	MHC_II	0.225	1.2521766941634846	0.3591048307275886	17
DTlike	LC	LC4	MHC_II	0.275	1.3096062909921964	0.36459371366882576	17
DTlike	LC	LC4	MHC_II	0.325	1.2556900063311778	0.35944061854936293	17
DTlike	LC	LC4	MHC_II	0.375	1.0105450723596068	0.3360106813652217	17
DTlike	LC	LC4	MHC_II	0.425	0.36521601872165604	0.2743328039362232	17
DTlike	LC	LC4	MHC_II	0.475	-0.6306123716487453	0.17915565197733857	17
DTlike	LC	LC4	MHC_II	0.525	-0.9788365533904912	0.1458738273357808	17
DTlike	LC	LC4	MHC_II	0.575	-0.9984452573593033	0.14399970864685466	17
DTlike	LC	LC4	MHC_II	0.625	-1.1476303218684232	0.1297412182361734	17
DTlike	LC	LC4	MHC_II	0.675	-1.117106440685774	0.13265856434298137	17
DTlike	LC	LC4	MHC_II	0.725	-1.1416526857483413	0.13031253593193054	17
DTlike	LC	LC4	MHC_II	0.775	-1.0555064683677011	0.1385460344961466	17
DTlike	LC	LC4	MHC_II	0.825	-0.9339846028864978	0.15016059094892015	17
DTlike	LC	LC4	MHC_II	0.875	-0.7192975734604741	0.1706794877998946	17
DTlike	LC	LC4	MHC_II	0.925	-0.504257046776828	0.1912321704542576	17
DTlike	LC	LC4	MHC_II	0.975	-0.37190016729064174	0.20388229265751687	17
DTlike	LC	LC4	MKI67	0.025	-0.7792220047972169	0.0	17
DTlike	LC	LC4	MKI67	0.075	-0.7792220047972169	0.0	17
DTlike	LC	LC4	MKI67	0.125	-0.7792220047972169	0.0	17
DTlike	LC	LC4	MKI67	0.175	-0.7792220047972169	0.0	17
DTlike	LC	LC4	MKI67	0.225	-0.7792220047972169	0.0	17
DTlike	LC	LC4	MKI67	0.275	-0.7792220047972169	0.0	17
DTlike	LC	LC4	MKI67	0.325	-0.7792220047972169	0.0	17
DTlike	LC	LC4	MKI67	0.375	-0.7792220047972169	0.0	17
DTlike	LC	LC4	MKI67	0.425	-0.7792220047972169	0.0	17
DTlike	LC	LC4	MKI67	0.475	-0.7792220047972169	0.0	17
DTlike	LC	LC4	MKI67	0.525	1.5135430757659463	0.010809174009846656	17
DTlike	LC	LC4	MKI67	0.575	1.8201202115757318	0.01225452296273388	17
DTlike	LC	LC4	MKI67	0.625	1.5764318787907678	0.01110566143497758	17
DTlike	LC	LC4	MKI67	0.675	1.2309359758645302	0.009476831091180868	17
DTlike	LC	LC4	MKI67	0.725	0.38486607090146	0.005488059234539577	17
DTlike	LC	LC4	MKI67	0.775	1.2379331536499292	0.009509819081490645	17
DTlike	LC	LC4	MKI67	0.825	1.0850885514001127	0.008789237668161434	17
DTlike	LC	LC4	MKI67	0.875	0.5017451396181241	0.006039082190435665	17
DTlike	LC	LC4	MKI67	0.925	-0.7792220047972169	0.0	17
DTlike	LC	LC4	MKI67	0.975	-0.7792220047972169	0.0	17
DTlike	LC	LC4	MYC	0.025	-0.9452589763491035	0.06609545163356821	17
DTlike	LC	LC4	MYC	0.075	-0.6690214370909032	0.07605138771058054	17
DTlike	LC	LC4	MYC	0.125	-0.49404968927590964	0.0823575817970437	17
DTlike	LC	LC4	MYC	0.175	0.9439534008442444	0.13418495791047122	17
DTlike	LC	LC4	MYC	0.225	0.9697629424222943	0.13511516510395435	17
DTlike	LC	LC4	MYC	0.275	1.1893858940148412	0.1430306427503737	17
DTlike	LC	LC4	MYC	0.325	1.8341748439022956	0.16626961883408073	17
DTlike	LC	LC4	MYC	0.375	1.5084690983371336	0.1545307885814284	17
DTlike	LC	LC4	MYC	0.425	1.1670376473747108	0.14222518482608168	17
DTlike	LC	LC4	MYC	0.475	0.424674175191033	0.11546950457054157	17
DTlike	LC	LC4	MYC	0.525	0.5196287642765867	0.11889178317066736	17
DTlike	LC	LC4	MYC	0.575	0.34197984697682354	0.11248910064773293	17
DTlike	LC	LC4	MYC	0.625	0.35633331900862786	0.11300641719498995	17
DTlike	LC	LC4	MYC	0.675	-0.7110928458958243	0.07453508309153259	17
DTlike	LC	LC4	MYC	0.725	-1.2259310122673397	0.05597969091650298	17
DTlike	LC	LC4	MYC	0.775	-0.9961385178937041	0.06426169122357463	17
DTlike	LC	LC4	MYC	0.825	-0.9865961114344936	0.06460561113027481	17
DTlike	LC	LC4	MYC	0.875	-0.9426950988511438	0.0661878568893764	17
DTlike	LC	LC4	MYC	0.925	-1.13485377453568	0.059262225069399946	17
DTlike	LC	LC4	MYC	0.975	-1.149762468754495	0.05872489764086567	17
DTlike	LC	LC4	TNFSF14	0.025	0.3220208185892042	0.016492756122800965	17
DTlike	LC	LC4	TNFSF14	0.075	0.6721675049404087	0.01968890134529148	17
DTlike	LC	LC4	TNFSF14	0.125	0.022991668236272918	0.013763212684176811	17
DTlike	LC	LC4	TNFSF14	0.175	1.5306075119785074	0.02752475710014948	17
DTlike	LC	LC4	TNFSF14	0.225	1.0544754493139283	0.023178615106866227	17
DTlike	LC	LC4	TNFSF14	0.275	0.3993511015464824	0.01719862833025587	17
DTlike	LC	LC4	TNFSF14	0.325	0.15860216115138226	0.015001067691650652	17
DTlike	LC	LC4	TNFSF14	0.375	0.015697022010088095	0.013696627022811466	17
DTlike	LC	LC4	TNFSF14	0.425	-1.4848069389735021	0.0	17
DTlike	LC	LC4	TNFSF14	0.475	-1.4848069389735021	0.0	17
DTlike	LC	LC4	TNFSF14	0.525	-0.09776513922599323	0.012660942383476016	17
DTlike	LC	LC4	TNFSF14	0.575	-1.4848069389735021	0.0	17
DTlike	LC	LC4	TNFSF14	0.625	-1.4848069389735021	0.0	17
DTlike	LC	LC4	TNFSF14	0.675	-1.4848069389735021	0.0	17
DTlike	LC	LC4	TNFSF14	0.725	-0.6768843436111633	0.007374731916552935	17
DTlike	LC	LC4	TNFSF14	0.775	0.33042906279433276	0.0165695067264574	17
DTlike	LC	LC4	TNFSF14	0.825	0.17167836999881386	0.015120427560143273	17
DTlike	LC	LC4	TNFSF14	0.875	1.3117297590022567	0.025526837051913397	17
DTlike	LC	LC4	TNFSF14	0.925	1.0195256011895908	0.022859592267400232	17
DTlike	LC	LC4	TNFSF14	0.975	1.1894081469534015	0.024410283186927943	17
DTlike	LC	LC5	ANTIGEN_PRES	0.025	1.5714713614033424	0.23330538238117807	15
DTlike	LC	LC5	ANTIGEN_PRES	0.075	1.4008140945262788	0.2316713847424426	15
DTlike	LC	LC5	ANTIGEN_PRES	0.125	0.6385122463219214	0.22437254864384912	15
DTlike	LC	LC5	ANTIGEN_PRES	0.175	-0.022611500510786923	0.2180424657765617	15
DTlike	LC	LC5	ANTIGEN_PRES	0.225	-0.018292191113935975	0.2180838220075888	15
DTlike	LC	LC5	ANTIGEN_PRES	0.275	0.5809054770020431	0.22382097925119226	15
DTlike	LC	LC5	ANTIGEN_PRES	0.325	0.9547331964921252	0.22740027957703593	15
DTlike	LC	LC5	ANTIGEN_PRES	0.375	0.07723604386248893	0.21899847928085037	15
DTlike	LC	LC5	ANTIGEN_PRES	0.425	0.8930927814685955	0.22681008910673103	15
DTlike	LC	LC5	ANTIGEN_PRES	0.475	0.8279862910988567	0.22618671189298986	15
DTlike	LC	LC5	ANTIGEN_PRES	0.525	0.6414266914139328	0.2244004536752944	15
DTlike	LC	LC5	ANTIGEN_PRES	0.575	-0.4766909507642061	0.21369477661518024	15
DTlike	LC	LC5	ANTIGEN_PRES	0.625	-0.5151140932589127	0.21332688531316862	15
DTlike	LC	LC5	ANTIGEN_PRES	0.675	-0.8317462965555128	0.21029521674140508	15
DTlike	LC	LC5	ANTIGEN_PRES	0.725	0.2168866292968166	0.2203355962464707	15
DTlike	LC	LC5	ANTIGEN_PRES	0.775	0.08722366942921782	0.21909410812157454	15
DTlike	LC	LC5	ANTIGEN_PRES	0.825	-0.40997771621694257	0.21433353797423307	15
DTlike	LC	LC5	ANTIGEN_PRES	0.875	-1.6475890179896673	0.20248374111661818	15
DTlike	LC	LC5	ANTIGEN_PRES	0.925	-1.8978505306740248	0.20008755413744203	15
DTlike	LC	LC5	ANTIGEN_PRES	0.975	-2.070416185231549	0.19843528419761602	15
DTlike	LC	LC5	B	0.025	0.5538948507599808	0.15202141342510517	15
DTlike	LC	LC5	B	0.075	-0.5749288710654183	0.1464282545337893	15
DTlike	LC	LC5	B	0.125	-0.16226035617665865	0.14847296756434447	15
DTlike	LC	LC5	B	0.175	1.1851531828131678	0.15514920750346758	15
DTlike	LC	LC5	B	0.225	-0.17782803086651636	0.14839583197937653	15
DTlike	LC	LC5	B	0.275	-0.3655920261137857	0.1474654884375275	15
DTlike	LC	LC5	B	0.325	0.3841167755498723	0.15118018752547902	15
DTlike	LC	LC5	B	0.375	1.6180566691259035	0.15729418190180525	15
DTlike	LC	LC5	B	0.425	1.5268458273425753	0.15684224532318705	15
DTlike	LC	LC5	B	0.475	0.24595459661624455	0.15049561383642102	15
DTlike	LC	LC5	B	0.525	-0.07453444167575689	0.1489076368304156	15
DTlike	LC	LC5	B	0.575	0.4242261641739121	0.15137892376681616	15
DTlike	LC	LC5	B	0.625	0.8586416963481004	0.15353139013452916	15
DTlike	LC	LC5	B	0.675	0.7538087814657861	0.1530119581464873	15
DTlike	LC	LC5	B	0.725	-0.5198566648142144	0.1467011293805016	15
DTlike	LC	LC5	B	0.775	-0.13853765357008987	0.14859051013759533	15
DTlike	LC	LC5	B	0.825	-0.7035003495812557	0.1457912013833934	15
DTlike	LC	LC5	B	0.875	-0.42003075765709524	0.1471957523667165	15
DTlike	LC	LC5	B	0.925	-1.750090134938798	0.1406054997983249	15
DTlike	LC	LC5	B	0.975	-2.6635392577360433	0.13607949101222647	15
DTlike	LC	LC5	CCL19	0.025	-0.11641485588432952	0.008554879350843477	15
DTlike	LC	LC5	CCL19	0.075	-0.24335190689986355	0.007455924811106333	15
DTlike	LC	LC5	CCL19	0.125	1.2049877387347772	0.019994891298177896	15
DTlike	LC	LC5	CCL19	0.175	1.7401547813527392	0.024628087408356467	15
DTlike	LC	LC5	CCL19	0.225	2.0957446482135342	0.027706598334401027	15
DTlike	LC	LC5	CCL19	0.275	-0.13939507210873173	0.00835592866826572	15
DTlike	LC	LC5	CCL19	0.325	-1.1045641535336193	0.0	15
DTlike	LC	LC5	CCL19	0.375	-0.16133073305020632	0.00816602119853241	15
DTlike	LC	LC5	CCL19	0.425	-0.13939507210873173	0.00835592866826572	15
DTlike	LC	LC5	CCL19	0.475	-0.12325559302679258	0.008495655829596412	15
DTlike	LC	LC5	CCL19	0.525	0.23421876586219262	0.011590481701142775	15
DTlike	LC	LC5	CCL19	0.575	1.325573994382668	0.02103886397608371	15
DTlike	LC	LC5	CCL19	0.625	0.46552954327730345	0.01359304932735426	15
DTlike	LC	LC5	CCL19	0.675	1.1384268419105559	0.01941864189622037	15
DTlike	LC	LC5	CCL19	0.725	-1.1045641535336193	0.0	15
DTlike	LC	LC5	CCL19	0.775	-1.1045641535336193	0.0	15
DTlike	LC	LC5	CCL19	0.825	-1.1045641535336193	0.0	15
DTlike	LC	LC5	CCL19	0.875	-1.1045641535336193	0.0	15
DTlike	LC	LC5	CCL19	0.925	-0.9202867014098947	0.0015953777164539498	15
DTlike	LC	LC5	CCL19	0.975	-0.8383856115771283	0.002304434479322372	15
DTlike	LC	LC5	CCL21	0.025	-0.7201539593112746	0.0	15
DTlike	LC	LC5	CCL21	0.075	-0.7201539593112746	0.0	15
DTlike	LC	LC5	CCL21	0.125	1.5135014644270859	0.015658310666764683	15
DTlike	LC	LC5	CCL21	0.175	1.4425917684353922	0.015161221439248345	15
DTlike	LC	LC5	CCL21	0.225	1.7129349844037254	0.017056374119154387	15
DTlike	LC	LC5	CCL21	0.275	1.1330521458436469	0.01299129517277763	15
DTlike	LC	LC5	CCL21	0.325	-0.7201539593112746	0.0	15
DTlike	LC	LC5	CCL21	0.375	-0.7201539593112746	0.0	15
DTlike	LC	LC5	CCL21	0.425	-0.7201539593112746	0.0	15
DTlike	LC	LC5	CCL21	0.475	-0.7201539593112746	0.0	15
DTlike	LC	LC5	CCL21	0.525	-0.7201539593112746	0.0	15
DTlike	LC	LC5	CCL21	0.575	1.3801462931976363	0.014723467862481316	15
DTlike	LC	LC5	CCL21	0.625	0.6496070749336673	0.009602261649444336	15
DTlike	LC	LC5	CCL21	0.675	1.5301677398054156	0.01577514413837284	15
DTlike	LC	LC5	CCL21	0.725	-0.7201539593112746	0.0	15
DTlike	LC	LC5	CCL21	0.775	-0.7201539593112746	0.0	15
DTlike	LC	LC5	CCL21	0.825	-0.7201539593112746	0.0	15
DTlike	LC	LC5	CCL21	0.875	-0.7201539593112746	0.0	15
DTlike	LC	LC5	CCL21	0.925	-0.7201539593112746	0.0	15
DTlike	LC	LC5	CCL21	0.975	-0.7201539593112746	0.0	15
DTlike	LC	LC5	CD74	0.025	-3.3717018539840837	0.979924913963917	15
DTlike	LC	LC5	CD74	0.075	-2.3040212961838327	0.9831673700870485	15
DTlike	LC	LC5	CD74	0.125	0.38720716239515895	0.991340404737266	15
DTlike	LC	LC5	CD74	0.175	0.45245063113696676	0.9915385436685884	15
DTlike	LC	LC5	CD74	0.225	0.3250061352006374	0.9911515054452273	15
DTlike	LC	LC5	CD74	0.275	0.562316575909735	0.9918721973094171	15
DTlike	LC	LC5	CD74	0.325	0.6210449172972994	0.9920505503465145	15
DTlike	LC	LC5	CD74	0.375	0.570226923933301	0.9918962203715566	15
DTlike	LC	LC5	CD74	0.425	0.5297445546358713	0.9917732788182536	15
DTlike	LC	LC5	CD74	0.475	0.6042653911865876	0.9919995923359153	15
DTlike	LC	LC5	CD74	0.525	0.6029230290977072	0.9919955156950673	15
DTlike	LC	LC5	CD74	0.575	0.4700291823006009	0.991591928251121	15
DTlike	LC	LC5	CD74	0.625	0.19553334489930435	0.9907583074623434	15
DTlike	LC	LC5	CD74	0.675	-0.0836951793538017	0.9899103139013453	15
DTlike	LC	LC5	CD74	0.725	0.13164207240069836	0.9905642750373692	15
DTlike	LC	LC5	CD74	0.775	-0.06062333095155474	0.9899803811659192	15
DTlike	LC	LC5	CD74	0.825	-0.35512868996874725	0.9890859931416512	15
DTlike	LC	LC5	CD74	0.875	-0.0924844549356919	0.9898836216100788	15
DTlike	LC	LC5	CD74	0.925	0.2174531576863229	0.9908248760915742	15
DTlike	LC	LC5	CD74	0.975	0.597811727297813	0.9919799931010693	15
DTlike	LC	LC5	COL1A1	0.025	-1.6997953514117006	0.2959174140508221	15
DTlike	LC	LC5	COL1A1	0.075	-1.3377835486007112	0.33827541106128545	15
DTlike	LC	LC5	COL1A1	0.125	-1.1119551686706277	0.36469896346394176	15
DTlike	LC	LC5	COL1A1	0.175	-0.7605156061309617	0.40581993196227	15
DTlike	LC	LC5	COL1A1	0.225	-0.5565746706429544	0.42968249519538754	15
DTlike	LC	LC5	COL1A1	0.275	-0.34867851701214875	0.45400784753363227	15
DTlike	LC	LC5	COL1A1	0.325	0.3925405403654401	0.5407358336730534	15
DTlike	LC	LC5	COL1A1	0.375	0.5085791819876144	0.5543131932971443	15
DTlike	LC	LC5	COL1A1	0.425	0.3726015196343385	0.5384028241580003	15
DTlike	LC	LC5	COL1A1	0.475	-0.24444730071763374	0.4662036530679208	15
DTlike	LC	LC5	COL1A1	0.525	-0.13294476360621207	0.4792502556840532	15
DTlike	LC	LC5	COL1A1	0.575	-0.15175708420825834	0.4770490782262083	15
DTlike	LC	LC5	COL1A1	0.625	-0.40544746094655826	0.44736547085201794	15
DTlike	LC	LC5	COL1A1	0.675	-0.2564589245448588	0.46479820627802687	15
DTlike	LC	LC5	COL1A1	0.725	-0.6310860482301609	0.4209641255605382	15
DTlike	LC	LC5	COL1A1	0.775	0.22523873896610358	0.5211603139013453	15
DTlike	LC	LC5	COL1A1	0.825	1.9000765695084085	0.7171284433055733	15
DTlike	LC	LC5	COL1A1	0.875	2.3500534307124403	0.7697789878283152	15
DTlike	LC	LC5	COL1A1	0.925	1.5874790758154584	0.6805522775548738	15
DTlike	LC	LC5	COL1A1	0.975	0.30087538773298134	0.5300103483959986	15
DTlike	LC	LC5	CXCL10	0.025	0.0	0.0	15
DTlike	LC	LC5	CXCL10	0.075	0.0	0.0	15
DTlike	LC	LC5	CXCL10	0.125	0.0	0.0	15
DTlike	LC	LC5	CXCL10	0.175	0.0	0.0	15
DTlike	LC	LC5	CXCL10	0.225	0.0	0.0	15
DTlike	LC	LC5	CXCL10	0.275	0.0	0.0	15
DTlike	LC	LC5	CXCL10	0.325	0.0	0.0	15
DTlike	LC	LC5	CXCL10	0.375	0.0	0.0	15
DTlike	LC	LC5	CXCL10	0.425	0.0	0.0	15
DTlike	LC	LC5	CXCL10	0.475	0.0	0.0	15
DTlike	LC	LC5	CXCL10	0.525	0.0	0.0	15
DTlike	LC	LC5	CXCL10	0.575	0.0	0.0	15
DTlike	LC	LC5	CXCL10	0.625	0.0	0.0	15
DTlike	LC	LC5	CXCL10	0.675	0.0	0.0	15
DTlike	LC	LC5	CXCL10	0.725	0.0	0.0	15
DTlike	LC	LC5	CXCL10	0.775	0.0	0.0	15
DTlike	LC	LC5	CXCL10	0.825	0.0	0.0	15
DTlike	LC	LC5	CXCL10	0.875	0.0	0.0	15
DTlike	LC	LC5	CXCL10	0.925	0.0	0.0	15
DTlike	LC	LC5	CXCL10	0.975	0.0	0.0	15
DTlike	LC	LC5	CXCL11	0.025	0.0	0.0	15
DTlike	LC	LC5	CXCL11	0.075	0.0	0.0	15
DTlike	LC	LC5	CXCL11	0.125	0.0	0.0	15
DTlike	LC	LC5	CXCL11	0.175	0.0	0.0	15
DTlike	LC	LC5	CXCL11	0.225	0.0	0.0	15
DTlike	LC	LC5	CXCL11	0.275	0.0	0.0	15
DTlike	LC	LC5	CXCL11	0.325	0.0	0.0	15
DTlike	LC	LC5	CXCL11	0.375	0.0	0.0	15
DTlike	LC	LC5	CXCL11	0.425	0.0	0.0	15
DTlike	LC	LC5	CXCL11	0.475	0.0	0.0	15
DTlike	LC	LC5	CXCL11	0.525	0.0	0.0	15
DTlike	LC	LC5	CXCL11	0.575	0.0	0.0	15
DTlike	LC	LC5	CXCL11	0.625	0.0	0.0	15
DTlike	LC	LC5	CXCL11	0.675	0.0	0.0	15
DTlike	LC	LC5	CXCL11	0.725	0.0	0.0	15
DTlike	LC	LC5	CXCL11	0.775	0.0	0.0	15
DTlike	LC	LC5	CXCL11	0.825	0.0	0.0	15
DTlike	LC	LC5	CXCL11	0.875	0.0	0.0	15
DTlike	LC	LC5	CXCL11	0.925	0.0	0.0	15
DTlike	LC	LC5	CXCL11	0.975	0.0	0.0	15
DTlike	LC	LC5	CXCL13	0.025	2.763273246588061	0.0208739520374342	15
DTlike	LC	LC5	CXCL13	0.075	1.570051651662305	0.014120614613558428	15
DTlike	LC	LC5	CXCL13	0.125	0.7191870715859157	0.00930493273542601	15
DTlike	LC	LC5	CXCL13	0.175	0.268818634238864	0.006755959405239557	15
DTlike	LC	LC5	CXCL13	0.225	0.6487590854987222	0.008906327852516193	15
DTlike	LC	LC5	CXCL13	0.275	-0.9248662286370021	0.0	15
DTlike	LC	LC5	CXCL13	0.325	-0.9248662286370021	0.0	15
DTlike	LC	LC5	CXCL13	0.375	0.08313432223595146	0.005705032386646737	15
DTlike	LC	LC5	CXCL13	0.425	0.18147583939428832	0.006261620912173247	15
DTlike	LC	LC5	CXCL13	0.475	0.3351344599541899	0.007131290483308421	15
DTlike	LC	LC5	CXCL13	0.525	0.5383603774688983	0.008281498625777522	15
DTlike	LC	LC5	CXCL13	0.575	0.5383603774688983	0.008281498625777522	15
DTlike	LC	LC5	CXCL13	0.625	0.6772409916369254	0.009067528356634134	15
DTlike	LC	LC5	CXCL13	0.675	-0.9248662286370021	0.0	15
DTlike	LC	LC5	CXCL13	0.725	-0.9248662286370021	0.0	15
DTlike	LC	LC5	CXCL13	0.775	-0.9248662286370021	0.0	15
DTlike	LC	LC5	CXCL13	0.825	-0.9248662286370021	0.0	15
DTlike	LC	LC5	CXCL13	0.875	-0.9248662286370021	0.0	15
DTlike	LC	LC5	CXCL13	0.925	-0.9248662286370021	0.0	15
DTlike	LC	LC5	CXCL13	0.975	-0.9248662286370021	0.0	15
DTlike	LC	LC5	CXCL16	0.025	1.5154595066693466	0.04677945373012638	15
DTlike	LC	LC5	CXCL16	0.075	0.7911213419000693	0.03578376417831707	15
DTlike	LC	LC5	CXCL16	0.125	1.346767393314571	0.04421865243798603	15
DTlike	LC	LC5	CXCL16	0.175	0.5603037308274463	0.03227987757135739	15
DTlike	LC	LC5	CXCL16	0.225	1.505269082585347	0.0466247597693786	15
DTlike	LC	LC5	CXCL16	0.275	1.0705725658139436	0.040025924887892375	15
DTlike	LC	LC5	CXCL16	0.325	0.10066619370608741	0.025302429867556576	15
DTlike	LC	LC5	CXCL16	0.375	-0.29891552965110746	0.019236649001222992	15
DTlike	LC	LC5	CXCL16	0.425	-0.1249190337227507	0.02187797255061829	15
DTlike	LC	LC5	CXCL16	0.475	0.3215687199260481	0.028655802253089793	15
DTlike	LC	LC5	CXCL16	0.525	0.7582258141166935	0.03528439933915506	15
DTlike	LC	LC5	CXCL16	0.575	0.29244876679993137	0.028213751868460386	15
DTlike	LC	LC5	CXCL16	0.625	-0.11988376535183366	0.02195440956651719	15
DTlike	LC	LC5	CXCL16	0.675	-0.7772660248882299	0.011975132490827557	15
DTlike	LC	LC5	CXCL16	0.725	-0.3264896183489869	0.018818065342729017	15
DTlike	LC	LC5	CXCL16	0.775	-1.5661247363319053	0.0	15
DTlike	LC	LC5	CXCL16	0.825	-1.5661247363319053	0.0	15
DTlike	LC	LC5	CXCL16	0.875	-1.5661247363319053	0.0	15
DTlike	LC	LC5	CXCL16	0.925	-1.5661247363319053	0.0	15
DTlike	LC	LC5	CXCL16	0.975	-0.35043019836895134	0.018454639530872716	15
DTlike	LC	LC5	EMT	0.025	0.06923597690777672	0.009405358475182488	15
DTlike	LC	LC5	EMT	0.075	0.6079869194364155	0.009798167819150981	15
DTlike	LC	LC5	EMT	0.125	1.1451334553724488	0.010189807372310122	15
DTlike	LC	LC5	EMT	0.175	0.7432594314440615	0.009896796522145536	15
DTlike	LC	LC5	EMT	0.225	0.28607995286482174	0.009563461845803837	15
DTlike	LC	LC5	EMT	0.275	-0.761868616235474	0.008799390811405365	15
DTlike	LC	LC5	EMT	0.325	-1.357916654475459	0.008364805513464453	15
DTlike	LC	LC5	EMT	0.375	-1.683355551926235	0.008127524369770354	15
DTlike	LC	LC5	EMT	0.425	-2.012887637138905	0.007887258837052371	15
DTlike	LC	LC5	EMT	0.475	-0.82516575303972	0.008753240160296596	15
DTlike	LC	LC5	EMT	0.525	-0.6656736254342849	0.008869527656182508	15
DTlike	LC	LC5	EMT	0.575	0.03448848618294549	0.00938002369066757	15
DTlike	LC	LC5	EMT	0.625	1.300343309577858	0.010302972614716415	15
DTlike	LC	LC5	EMT	0.675	0.22904476370912139	0.009521876850833404	15
DTlike	LC	LC5	EMT	0.725	0.4939013657201935	0.009714986764652558	15
DTlike	LC	LC5	EMT	0.775	1.6928405031954397	0.010589146712919875	15
DTlike	LC	LC5	EMT	0.825	-0.8452757808785722	0.008738577713850578	15
DTlike	LC	LC5	EMT	0.875	1.2253977413478319	0.010248328961841103	15
DTlike	LC	LC5	EMT	0.925	-0.08601539162347212	0.009292162964216437	15
DTlike	LC	LC5	EMT	0.975	0.4104471049931653	0.009654139328815698	15
DTlike	LC	LC5	G2M	0.025	-0.960863904506645	0.0029066336976030648	15
DTlike	LC	LC5	G2M	0.075	-0.7713680619762497	0.003082091935192769	15
DTlike	LC	LC5	G2M	0.125	-0.9501671308886892	0.00291653806817838	15
DTlike	LC	LC5	G2M	0.175	-0.8811320919173897	0.0029804590814739504	15
DTlike	LC	LC5	G2M	0.225	-0.6830664933723228	0.003163852238726427	15
DTlike	LC	LC5	G2M	0.275	-0.922211467985196	0.0029424228120239447	15
DTlike	LC	LC5	G2M	0.325	-0.4795945898891954	0.003352251208896158	15
DTlike	LC	LC5	G2M	0.375	-0.31332910866232166	0.0035061999600588226	15
DTlike	LC	LC5	G2M	0.425	-0.16186051428032264	0.003646447958461175	15
DTlike	LC	LC5	G2M	0.475	-1.2230633848382366	0.002663857612905913	15
DTlike	LC	LC5	G2M	0.525	-0.6119804502923591	0.0032296723204204916	15
DTlike	LC	LC5	G2M	0.575	-0.26169580140804866	0.003554008339233734	15
DTlike	LC	LC5	G2M	0.625	-0.002058696259184174	0.003794411866160745	15
DTlike	LC	LC5	G2M	0.675	2.115560487333817	0.005755160581688785	15
DTlike	LC	LC5	G2M	0.725	1.8126933256592235	0.005474729424458006	15
DTlike	LC	LC5	G2M	0.775	1.9171562362784316	0.005571453858862403	15
DTlike	LC	LC5	G2M	0.825	1.0419731200526845	0.004761103166780047	15
DTlike	LC	LC5	G2M	0.875	0.4445298523274981	0.004207917717352148	15
DTlike	LC	LC5	G2M	0.925	0.25100169807643735	0.00402872587643652	15
DTlike	LC	LC5	G2M	0.975	0.6394769765480713	0.00438842341279207	15
DTlike	LC	LC5	HLA-DRA	0.025	-1.0006274501217556	0.9651220727453911	15
DTlike	LC	LC5	HLA-DRA	0.075	0.16062300176744718	0.9701434131483205	15
DTlike	LC	LC5	HLA-DRA	0.125	-0.9817920677178428	0.9652035184546397	15
DTlike	LC	LC5	HLA-DRA	0.175	0.451931701362536	0.9714030554077676	15
DTlike	LC	LC5	HLA-DRA	0.225	0.25070671969718866	0.9705329423939288	15
DTlike	LC	LC5	HLA-DRA	0.275	1.2520346180432291	0.9748627648059378	15
DTlike	LC	LC5	HLA-DRA	0.325	0.8214188065342111	0.9730007473841553	15
DTlike	LC	LC5	HLA-DRA	0.375	-0.6749218716655978	0.9665304498770432	15
DTlike	LC	LC5	HLA-DRA	0.425	-0.4640960425293584	0.9674420777279522	15
DTlike	LC	LC5	HLA-DRA	0.475	0.8588328480523671	0.9731625287104888	15
DTlike	LC	LC5	HLA-DRA	0.525	1.0504348972918227	0.9739910313901347	15
DTlike	LC	LC5	HLA-DRA	0.575	-0.5224303297978083	0.9671898355754858	15
DTlike	LC	LC5	HLA-DRA	0.625	-0.48711037486557834	0.9673425619029049	15
DTlike	LC	LC5	HLA-DRA	0.675	-1.1581660345658034	0.9644408632286996	15
DTlike	LC	LC5	HLA-DRA	0.725	0.20709476101690336	0.9703443607750232	15
DTlike	LC	LC5	HLA-DRA	0.775	1.977301906112496	0.977998878923767	15
DTlike	LC	LC5	HLA-DRA	0.825	1.5467393096073678	0.9761370916079437	15
DTlike	LC	LC5	HLA-DRA	0.875	-1.6384979634625996	0.9623638693145421	15
DTlike	LC	LC5	HLA-DRA	0.925	-1.435503190916801	0.9632416350465678	15
DTlike	LC	LC5	HLA-DRA	0.975	-0.21397324384275782	0.9685236288375303	15
DTlike	LC	LC5	IFN_I	0.025	0.40868975984435346	0.028966855800616205	15
DTlike	LC	LC5	IFN_I	0.075	1.4137994226339157	0.031051886313593288	15
DTlike	LC	LC5	IFN_I	0.125	0.43760579928654386	0.02902684012549483	15
DTlike	LC	LC5	IFN_I	0.175	-0.5258222749725728	0.027028275186507092	15
DTlike	LC	LC5	IFN_I	0.225	-0.7435448908866463	0.02657662467079508	15
DTlike	LC	LC5	IFN_I	0.275	0.42113927493649095	0.02899268145904917	15
DTlike	LC	LC5	IFN_I	0.325	0.19411719332346764	0.0285217398446098	15
DTlike	LC	LC5	IFN_I	0.375	0.43623286327075494	0.029023992064640118	15
DTlike	LC	LC5	IFN_I	0.425	0.5471509271929006	0.02925408392056374	15
DTlike	LC	LC5	IFN_I	0.475	0.884804110194563	0.029954522106988478	15
DTlike	LC	LC5	IFN_I	0.525	0.559482074412239	0.029279664033027265	15
DTlike	LC	LC5	IFN_I	0.575	0.030483517800373307	0.028182293096610845	15
DTlike	LC	LC5	IFN_I	0.625	0.12411373391737801	0.0283765225073587	15
DTlike	LC	LC5	IFN_I	0.675	-1.581568006260927	0.02483820364986284	15
DTlike	LC	LC5	IFN_I	0.725	-3.1159503885197832	0.021655233468574276	15
DTlike	LC	LC5	IFN_I	0.775	-1.221778948262638	0.025584561178731584	15
DTlike	LC	LC5	IFN_I	0.825	0.7813544194697127	0.029739922874979587	15
DTlike	LC	LC5	IFN_I	0.875	-0.04374523175727878	0.02802831068703148	15
DTlike	LC	LC5	IFN_I	0.925	0.8026737430509692	0.029784148337959997	15
DTlike	LC	LC5	IFN_I	0.975	0.19076290132623253	0.028514781597741234	15
DTlike	LC	LC5	IFN_II	0.025	2.185279276424038	0.12171728495719529	15
DTlike	LC	LC5	IFN_II	0.075	1.649146909629963	0.11905119272628444	15
DTlike	LC	LC5	IFN_II	0.125	0.4010356937232618	0.11284455454859042	15
DTlike	LC	LC5	IFN_II	0.175	-0.2639282733524097	0.1095378053645087	15
DTlike	LC	LC5	IFN_II	0.225	-0.5720323388542605	0.1080056578833587	15
DTlike	LC	LC5	IFN_II	0.275	-0.40459771690785395	0.10883828089290788	15
DTlike	LC	LC5	IFN_II	0.325	0.7078999057256289	0.11437053645573823	15
DTlike	LC	LC5	IFN_II	0.375	-0.2849493114541438	0.10943327142878712	15
DTlike	LC	LC5	IFN_II	0.425	0.16370086204712395	0.11166433005544893	15
DTlike	LC	LC5	IFN_II	0.475	0.35034859777338084	0.11259249651014837	15
DTlike	LC	LC5	IFN_II	0.525	1.007266634415937	0.11585923469331542	15
DTlike	LC	LC5	IFN_II	0.575	0.20496229952687028	0.11186951594743075	15
DTlike	LC	LC5	IFN_II	0.625	-0.3726429552093598	0.10899718631847359	15
DTlike	LC	LC5	IFN_II	0.675	0.016492007637998306	0.11093228624058221	15
DTlike	LC	LC5	IFN_II	0.725	0.7164317292738749	0.11441296371789646	15
DTlike	LC	LC5	IFN_II	0.775	0.1341461579918717	0.11151735969561083	15
DTlike	LC	LC5	IFN_II	0.825	-0.582066704974522	0.1079557587405121	15
DTlike	LC	LC5	IFN_II	0.875	-1.827823055867419	0.10176083089352557	15
DTlike	LC	LC5	IFN_II	0.925	-2.0794733061142665	0.10050941833453043	15
DTlike	LC	LC5	IFN_II	0.975	-1.1491964114356992	0.10513552217588093	15
DTlike	LC	LC5	INFLAMMATION	0.025	0.6101715231488987	0.04733171307141423	15
DTlike	LC	LC5	INFLAMMATION	0.075	0.6865063559508796	0.047480611237534304	15
DTlike	LC	LC5	INFLAMMATION	0.125	0.3832550415184472	0.046889091443292764	15
DTlike	LC	LC5	INFLAMMATION	0.175	0.6149170795476733	0.04734096971898992	15
DTlike	LC	LC5	INFLAMMATION	0.225	0.4642122193044336	0.047047005921704736	15
DTlike	LC	LC5	INFLAMMATION	0.275	0.7407172148769334	0.04758635454215151	15
DTlike	LC	LC5	INFLAMMATION	0.325	0.6359736154880533	0.04738204244386897	15
DTlike	LC	LC5	INFLAMMATION	0.375	-0.4103593421805758	0.04534107303542081	15
DTlike	LC	LC5	INFLAMMATION	0.425	0.4935158002949831	0.04710416527229325	15
DTlike	LC	LC5	INFLAMMATION	0.475	0.31475833960530747	0.04675548227791217	15
DTlike	LC	LC5	INFLAMMATION	0.525	1.191877476163014	0.04846638444548557	15
DTlike	LC	LC5	INFLAMMATION	0.575	0.6659724038767418	0.04744055786091962	15
DTlike	LC	LC5	INFLAMMATION	0.625	0.5217254115648061	0.04715919073355197	15
DTlike	LC	LC5	INFLAMMATION	0.675	0.5316630478259797	0.0471785750141031	15
DTlike	LC	LC5	INFLAMMATION	0.725	0.464128884828458	0.047046843370085877	15
DTlike	LC	LC5	INFLAMMATION	0.775	-0.7733075188551071	0.044633108978649354	15
DTlike	LC	LC5	INFLAMMATION	0.825	-0.9278482939300527	0.04433166287397096	15
DTlike	LC	LC5	INFLAMMATION	0.875	-1.9800761128230535	0.0422791949923668	15
DTlike	LC	LC5	INFLAMMATION	0.925	-2.131387806642642	0.04198404750994939	15
DTlike	LC	LC5	INFLAMMATION	0.975	-2.096415339563167	0.04205226454824876	15
DTlike	LC	LC5	MHC_II	0.025	1.1338396335910579	0.5027963782167818	15
DTlike	LC	LC5	MHC_II	0.075	1.328244597945496	0.5045704796144529	15
DTlike	LC	LC5	MHC_II	0.125	0.558812552626341	0.4975487943835918	15
DTlike	LC	LC5	MHC_II	0.175	-0.14561879788920964	0.49112029268527885	15
DTlike	LC	LC5	MHC_II	0.225	-0.5752093278078811	0.4871999341590148	15
DTlike	LC	LC5	MHC_II	0.275	0.777690461265764	0.49954623104847323	15
DTlike	LC	LC5	MHC_II	0.325	0.9189805992832951	0.5008356170071416	15
DTlike	LC	LC5	MHC_II	0.375	0.23173488698393027	0.4945639480568012	15
DTlike	LC	LC5	MHC_II	0.425	0.9052792450032768	0.5007105811478009	15
DTlike	LC	LC5	MHC_II	0.475	0.6286619540009896	0.4981862262568814	15
DTlike	LC	LC5	MHC_II	0.525	0.4203815956142348	0.4962855007473842	15
DTlike	LC	LC5	MHC_II	0.575	-0.879279679464363	0.4844250480461243	15
DTlike	LC	LC5	MHC_II	0.625	-0.6738990603094375	0.48629931110677843	15
DTlike	LC	LC5	MHC_II	0.675	-0.2840022086326934	0.48985743294694983	15
DTlike	LC	LC5	MHC_II	0.725	0.2187814003240582	0.4944457370899964	15
DTlike	LC	LC5	MHC_II	0.775	1.3311716244112297	0.5045971910812157	15
DTlike	LC	LC5	MHC_II	0.825	-0.38902564996192424	0.4888990097159941	15
DTlike	LC	LC5	MHC_II	0.875	-1.795878122273372	0.4760603512705531	15
DTlike	LC	LC5	MHC_II	0.925	-1.8905725764766226	0.4751961883408071	15
DTlike	LC	LC5	MHC_II	0.975	-1.8200931282338597	0.47583936989766595	15
DTlike	LC	LC5	MKI67	0.025	-0.33321570149379026	0.0	15
DTlike	LC	LC5	MKI67	0.075	-0.33321570149379026	0.0	15
DTlike	LC	LC5	MKI67	0.125	2.9149373550843336	0.002922149525839888	15
DTlike	LC	LC5	MKI67	0.175	3.082945271803892	0.0030732951909695373	15
DTlike	LC	LC5	MKI67	0.225	-0.33321570149379026	0.0	15
DTlike	LC	LC5	MKI67	0.275	-0.33321570149379026	0.0	15
DTlike	LC	LC5	MKI67	0.325	-0.33321570149379026	0.0	15
DTlike	LC	LC5	MKI67	0.375	-0.33321570149379026	0.0	15
DTlike	LC	LC5	MKI67	0.425	-0.33321570149379026	0.0	15
DTlike	LC	LC5	MKI67	0.475	-0.33321570149379026	0.0	15
DTlike	LC	LC5	MKI67	0.525	-0.33321570149379026	0.0	15
DTlike	LC	LC5	MKI67	0.575	-0.33321570149379026	0.0	15
DTlike	LC	LC5	MKI67	0.625	-0.33321570149379026	0.0	15
DTlike	LC	LC5	MKI67	0.675	-0.33321570149379026	0.0	15
DTlike	LC	LC5	MKI67	0.725	-0.33321570149379026	0.0	15
DTlike	LC	LC5	MKI67	0.775	-0.33321570149379026	0.0	15
DTlike	LC	LC5	MKI67	0.825	-0.33321570149379026	0.0	15
DTlike	LC	LC5	MKI67	0.875	-0.33321570149379026	0.0	15
DTlike	LC	LC5	MKI67	0.925	-0.33321570149379026	0.0	15
DTlike	LC	LC5	MKI67	0.975	-0.33321570149379026	0.0	15
DTlike	LC	LC5	MYC	0.025	-0.594604212019664	0.03945565520677628	15
DTlike	LC	LC5	MYC	0.075	-0.4422197213671292	0.043778026905829596	15
DTlike	LC	LC5	MYC	0.125	0.10491957479377986	0.059297581415864144	15
DTlike	LC	LC5	MYC	0.175	0.2943968060342982	0.06467208520179371	15
DTlike	LC	LC5	MYC	0.225	0.7248171198695023	0.0768809167912307	15
DTlike	LC	LC5	MYC	0.275	0.5002284640193653	0.07051048075920326	15
DTlike	LC	LC5	MYC	0.325	-0.27235521552948055	0.048596217586274124	15
DTlike	LC	LC5	MYC	0.375	-0.29598330814726187	0.04792600896860986	15
DTlike	LC	LC5	MYC	0.425	-0.4091638245213605	0.0447156543008561	15
DTlike	LC	LC5	MYC	0.475	-0.10708492064147082	0.05328409390662094	15
DTlike	LC	LC5	MYC	0.525	0.23654189504315276	0.06303103611045552	15
DTlike	LC	LC5	MYC	0.575	1.3491763405762487	0.09459080717488788	15
DTlike	LC	LC5	MYC	0.625	3.2884809576785994	0.14959899965505347	15
DTlike	LC	LC5	MYC	0.675	-0.32946837273589474	0.046976208271051326	15
DTlike	LC	LC5	MYC	0.725	-0.8547167737514729	0.032077586936289024	15
DTlike	LC	LC5	MYC	0.775	-1.1457354390194654	0.02382286995515695	15
DTlike	LC	LC5	MYC	0.825	-1.1584393745308437	0.02346252402306214	15
DTlike	LC	LC5	MYC	0.875	-1.376114994696568	0.017288175595940525	15
DTlike	LC	LC5	MYC	0.925	0.10153043464894818	0.059201448775439806	15
DTlike	LC	LC5	MYC	0.975	0.3857945642967158	0.06726457399103139	15
DTlike	LC	LC5	TNFSF14	0.025	3.517100533563439	0.010767002989536622	15
DTlike	LC	LC5	TNFSF14	0.075	2.3862000404562234	0.007600237404378792	15
DTlike	LC	LC5	TNFSF14	0.125	-0.3279611430010923	0.0	15
DTlike	LC	LC5	TNFSF14	0.175	-0.3279611430010923	0.0	15
DTlike	LC	LC5	TNFSF14	0.225	-0.3279611430010923	0.0	15
DTlike	LC	LC5	TNFSF14	0.275	-0.3279611430010923	0.0	15
DTlike	LC	LC5	TNFSF14	0.325	-0.3279611430010923	0.0	15
DTlike	LC	LC5	TNFSF14	0.375	-0.3279611430010923	0.0	15
DTlike	LC	LC5	TNFSF14	0.425	-0.3279611430010923	0.0	15
DTlike	LC	LC5	TNFSF14	0.475	-0.3279611430010923	0.0	15
DTlike	LC	LC5	TNFSF14	0.525	-0.3279611430010923	0.0	15
DTlike	LC	LC5	TNFSF14	0.575	-0.3279611430010923	0.0	15
DTlike	LC	LC5	TNFSF14	0.625	-0.3279611430010923	0.0	15
DTlike	LC	LC5	TNFSF14	0.675	-0.3279611430010923	0.0	15
DTlike	LC	LC5	TNFSF14	0.725	-0.3279611430010923	0.0	15
DTlike	LC	LC5	TNFSF14	0.775	-0.3279611430010923	0.0	15
DTlike	LC	LC5	TNFSF14	0.825	-0.3279611430010923	0.0	15
DTlike	LC	LC5	TNFSF14	0.875	-0.3279611430010923	0.0	15
DTlike	LC	LC5	TNFSF14	0.925	-0.3279611430010923	0.0	15
DTlike	LC	LC5	TNFSF14	0.975	-0.3279611430010923	0.0	15
IT	KC	KC3	ANTIGEN_PRES	0.025	-0.402316917612199	0.16153972460026272	2
IT	KC	KC3	ANTIGEN_PRES	0.075	0.5812193153641537	0.16943211158441024	2
IT	KC	KC3	ANTIGEN_PRES	0.125	0.5515147336714807	0.16919374715404112	2
IT	KC	KC3	ANTIGEN_PRES	0.175	0.3074078793111822	0.1672349115814418	2
IT	KC	KC3	ANTIGEN_PRES	0.225	-0.07791579959200003	0.16414288153100193	2
IT	KC	KC3	ANTIGEN_PRES	0.275	-0.24060275268018913	0.16283739999611402	2
IT	KC	KC3	ANTIGEN_PRES	0.325	-0.1544358873307127	0.16352884604939363	2
IT	KC	KC3	ANTIGEN_PRES	0.375	-0.4375494872572318	0.16125700082785727	2
IT	KC	KC3	ANTIGEN_PRES	0.425	-0.046483088629007026	0.16439511333554874	2
IT	KC	KC3	ANTIGEN_PRES	0.475	0.09863830126488506	0.16555963999996445	2
IT	KC	KC3	ANTIGEN_PRES	0.525	0.8791127948004096	0.1718225579563251	2
IT	KC	KC3	ANTIGEN_PRES	0.575	0.6410805163331099	0.16991246782095998	2
IT	KC	KC3	ANTIGEN_PRES	0.625	0.4015432602505351	0.1679903009919826	2
IT	KC	KC3	ANTIGEN_PRES	0.675	0.09924543934793494	0.16556451197980981	2
IT	KC	KC3	ANTIGEN_PRES	0.725	0.07490091487486095	0.1653691593312296	2
IT	KC	KC3	ANTIGEN_PRES	0.775	-0.5105639664044292	0.16067109610411182	2
IT	KC	KC3	ANTIGEN_PRES	0.825	-3.9423169182139044	0.1331329928583292	2
IT	KC	KC3	ANTIGEN_PRES	0.875	0.5828400047377933	0.1694451168070843	2
IT	KC	KC3	ANTIGEN_PRES	0.925	0.6627293284083717	0.17008618872408116	2
IT	KC	KC3	ANTIGEN_PRES	0.975	0.9319523293548937	0.1722465688272863	2
IT	KC	KC3	B	0.025	0.08117423297947203	0.15834805453639533	2
IT	KC	KC3	B	0.075	0.07293573825382532	0.15822446680412883	2
IT	KC	KC3	B	0.125	0.021953474961712526	0.15745966904484016	2
IT	KC	KC3	B	0.175	-0.06892767181812652	0.15609633809539683	2
IT	KC	KC3	B	0.225	-0.10574976311320511	0.15554396063907555	2
IT	KC	KC3	B	0.275	-0.22153672230653412	0.15380701133106775	2
IT	KC	KC3	B	0.325	-0.25821632407272166	0.15325677139602115	2
IT	KC	KC3	B	0.375	-0.42519649172799984	0.15075185988715606	2
IT	KC	KC3	B	0.425	-0.5085411324935708	0.14950158596069252	2
IT	KC	KC3	B	0.475	-0.5652166429592854	0.14865138236807512	2
IT	KC	KC3	B	0.525	-0.6462305752981776	0.14743607198514957	2
IT	KC	KC3	B	0.575	-0.6468834274671164	0.14742627838549924	2
IT	KC	KC3	B	0.625	-0.997725692215348	0.14216320529661342	2
IT	KC	KC3	B	0.675	-0.9166702958394358	0.14337913769199107	2
IT	KC	KC3	B	0.725	-1.0675715952894564	0.14111542933067595	2
IT	KC	KC3	B	0.775	-0.6863951693955793	0.14683355280328375	2
IT	KC	KC3	B	0.825	0.3074340852180414	0.16174223550905165	2
IT	KC	KC3	B	0.875	2.1243114555984244	0.18899767008651536	2
IT	KC	KC3	B	0.925	2.0947680741875754	0.1885544823885631	2
IT	KC	KC3	B	0.975	2.4122844427974988	0.19331762532435176	2
IT	KC	KC3	CCL19	0.025	-1.5747015849756603	0.21748878923766815	2
IT	KC	KC3	CCL19	0.075	-0.10703209399129694	0.28397690861240976	2
IT	KC	KC3	CCL19	0.125	-0.18692449184756352	0.2803576364817074	2
IT	KC	KC3	CCL19	0.175	0.22664285026186073	0.29909299548492796	2
IT	KC	KC3	CCL19	0.225	-0.09513632323550604	0.2845158088422804	2
IT	KC	KC3	CCL19	0.275	-0.093914528208879	0.28457115839753166	2
IT	KC	KC3	CCL19	0.325	-0.14649530130398583	0.2821891529529551	2
IT	KC	KC3	CCL19	0.375	-0.45962294609218185	0.26800389642612915	2
IT	KC	KC3	CCL19	0.425	-0.1945440800074232	0.2800124551651568	2
IT	KC	KC3	CCL19	0.475	0.1083726969901071	0.2937351406562313	2
IT	KC	KC3	CCL19	0.525	0.7485229168361202	0.32273511953181744	2
IT	KC	KC3	CCL19	0.575	1.2157481984651308	0.34390128159396655	2
IT	KC	KC3	CCL19	0.625	0.773827679116391	0.32388147166734604	2
IT	KC	KC3	CCL19	0.675	1.6326608600825918	0.36278818970559557	2
IT	KC	KC3	CCL19	0.725	1.0509083006725157	0.3364337319382162	2
IT	KC	KC3	CCL19	0.775	-0.3684415134954972	0.2721345825325646	2
IT	KC	KC3	CCL19	0.825	-0.19987836677870685	0.27977080219232686	2
IT	KC	KC3	CCL19	0.875	1.430911937860733	0.35364859355890743	2
IT	KC	KC3	CCL19	0.925	-1.0378859960858344	0.24180751983442567	2
IT	KC	KC3	CCL19	0.975	-2.7230182142629182	0.16546794013161725	2
IT	KC	KC3	CCL21	0.025	1.2077879020824345	0.024803811659192824	2
IT	KC	KC3	CCL21	0.075	-0.12145882279764321	0.013824743384855134	2
IT	KC	KC3	CCL21	0.125	-0.2622775585969611	0.012661634621291233	2
IT	KC	KC3	CCL21	0.175	-0.5375581287052591	0.010387922663046405	2
IT	KC	KC3	CCL21	0.225	-0.018853977598057247	0.014672220064420198	2
IT	KC	KC3	CCL21	0.275	0.23208484264843524	0.016744878502165494	2
IT	KC	KC3	CCL21	0.325	-0.08859871691787519	0.014096155259869148	2
IT	KC	KC3	CCL21	0.375	-0.2722267401840124	0.012579458196197634	2
IT	KC	KC3	CCL21	0.425	0.3951370342533788	0.01809162708570823	2
IT	KC	KC3	CCL21	0.475	0.5978311070369647	0.01976580240789707	2
IT	KC	KC3	CCL21	0.525	0.8239237665398679	0.021633241084665602	2
IT	KC	KC3	CCL21	0.575	0.10993163395545562	0.015735939835575485	2
IT	KC	KC3	CCL21	0.625	0.49633745247329636	0.018927503736920776	2
IT	KC	KC3	CCL21	0.675	0.8888228356439972	0.02216928251121076	2
IT	KC	KC3	CCL21	0.725	-1.7952342659815745	0.0	2
IT	KC	KC3	CCL21	0.775	-0.43551236421893597	0.011230781550288277	2
IT	KC	KC3	CCL21	0.825	2.435011650613301	0.03494020926756353	2
IT	KC	KC3	CCL21	0.875	-0.06467911828367101	0.01429372197309417	2
IT	KC	KC3	CCL21	0.925	-1.7952342659815745	0.0	2
IT	KC	KC3	CCL21	0.975	-1.7952342659815745	0.0	2
IT	KC	KC3	CD74	0.025	0.43032008607610783	0.9828908479412966	2
IT	KC	KC3	CD74	0.075	0.9669393491223155	0.9839344707089018	2
IT	KC	KC3	CD74	0.125	1.2214449247119334	0.9844294358200312	2
IT	KC	KC3	CD74	0.175	1.059601732607719	0.9841146814835896	2
IT	KC	KC3	CD74	0.225	0.30113116978485366	0.9826395999827375	2
IT	KC	KC3	CD74	0.275	-0.49969852513423363	0.9810821379977771	2
IT	KC	KC3	CD74	0.325	-0.6275147705358419	0.9808335596239526	2
IT	KC	KC3	CD74	0.375	-0.31112149305645104	0.9814488845864229	2
IT	KC	KC3	CD74	0.425	0.11346043176515369	0.9822746159642757	2
IT	KC	KC3	CD74	0.475	0.1388350029367829	0.982323964696266	2
IT	KC	KC3	CD74	0.525	-0.2376797475882785	0.9815917148628244	2
IT	KC	KC3	CD74	0.575	-0.47037519018827795	0.9811391663269466	2
IT	KC	KC3	CD74	0.625	-1.1086133217085006	0.979897914118766	2
IT	KC	KC3	CD74	0.675	-1.1658970666041757	0.9797865080912458	2
IT	KC	KC3	CD74	0.725	-1.3494683365135747	0.9794294967613354	2
IT	KC	KC3	CD74	0.775	-2.136544477864812	0.9778987828315182	2
IT	KC	KC3	CD74	0.825	-0.47583394943844093	0.9811285500747383	2
IT	KC	KC3	CD74	0.875	1.065719662786136	0.9841265796983286	2
IT	KC	KC3	CD74	0.925	1.4234783459456342	0.984822352535357	2
IT	KC	KC3	CD74	0.975	1.6618161728956078	0.9852858744394619	2
IT	KC	KC3	COL1A1	0.025	-0.1910561317118639	0.8812678353037099	2
IT	KC	KC3	COL1A1	0.075	-0.07226588724531759	0.8866283085662946	2
IT	KC	KC3	COL1A1	0.125	-0.05573341691703418	0.8873743451247444	2
IT	KC	KC3	COL1A1	0.175	0.09287833841807205	0.8940805300017691	2
IT	KC	KC3	COL1A1	0.225	0.20695426189417426	0.8992282670103457	2
IT	KC	KC3	COL1A1	0.275	0.40643626692448126	0.9082299990897245	2
IT	KC	KC3	COL1A1	0.325	0.2926979470845527	0.9030974966256442	2
IT	KC	KC3	COL1A1	0.375	0.291447642833286	0.9030410759781482	2
IT	KC	KC3	COL1A1	0.425	0.40300536648625834	0.9080751778739902	2
IT	KC	KC3	COL1A1	0.475	0.5736047067065652	0.915773564269037	2
IT	KC	KC3	COL1A1	0.525	0.9286655162264021	0.931795873041697	2
IT	KC	KC3	COL1A1	0.575	0.5873147333318242	0.9163922365470852	2
IT	KC	KC3	COL1A1	0.625	0.6999409545533187	0.9214745549667076	2
IT	KC	KC3	COL1A1	0.675	0.09266916314783846	0.8940710908559174	2
IT	KC	KC3	COL1A1	0.725	-0.20515670028941962	0.8806315396113602	2
IT	KC	KC3	COL1A1	0.775	-0.7440122246222626	0.8563153961136024	2
IT	KC	KC3	COL1A1	0.825	-4.067520504406824	0.7063403089187843	2
IT	KC	KC3	COL1A1	0.875	0.3886725970788912	0.907428403995108	2
IT	KC	KC3	COL1A1	0.925	0.11436256588559945	0.8950500172473266	2
IT	KC	KC3	COL1A1	0.975	0.2570948046214261	0.9014908857958186	2
IT	KC	KC3	CXCL10	0.025	-0.9560174095521566	0.0	2
IT	KC	KC3	CXCL10	0.075	1.9268693048109549	0.005670976051903444	2
IT	KC	KC3	CXCL10	0.125	0.9000877353117646	0.003651176362184409	2
IT	KC	KC3	CXCL10	0.175	0.32224368077865695	0.002514489381504357	2
IT	KC	KC3	CXCL10	0.225	-0.9560174095521566	0.0	2
IT	KC	KC3	CXCL10	0.275	-0.046356237285675964	0.0017894101414280788	2
IT	KC	KC3	CXCL10	0.325	-0.1805685413905666	0.001525398809086231	2
IT	KC	KC3	CXCL10	0.375	0.3617373713251009	0.002592178099612605	2
IT	KC	KC3	CXCL10	0.425	1.1439211994904352	0.004130825364387876	2
IT	KC	KC3	CXCL10	0.475	1.5141991169636198	0.004859205425968966	2
IT	KC	KC3	CXCL10	0.525	1.6105352126494745	0.005048709817121934	2
IT	KC	KC3	CXCL10	0.575	0.18379899907090333	0.002242152466367713	2
IT	KC	KC3	CXCL10	0.625	0.8676888442447394	0.003587443946188341	2
IT	KC	KC3	CXCL10	0.675	-0.9560174095521566	0.0	2
IT	KC	KC3	CXCL10	0.725	-0.9560174095521566	0.0	2
IT	KC	KC3	CXCL10	0.775	-0.9560174095521566	0.0	2
IT	KC	KC3	CXCL10	0.825	-0.9560174095521566	0.0	2
IT	KC	KC3	CXCL10	0.875	-0.9560174095521566	0.0	2
IT	KC	KC3	CXCL10	0.925	-0.9560174095521566	0.0	2
IT	KC	KC3	CXCL10	0.975	-0.9560174095521566	0.0	2
IT	KC	KC3	CXCL11	0.025	-0.6015469081783807	0.0	2
IT	KC	KC3	CXCL11	0.075	3.0559024743964627	0.010340139299685145	2
IT	KC	KC3	CXCL11	0.125	1.753249269643779	0.006657349960071258	2
IT	KC	KC3	CXCL11	0.175	1.0201523463595215	0.004584778746086809	2
IT	KC	KC3	CXCL11	0.225	-0.6015469081783807	0.0	2
IT	KC	KC3	CXCL11	0.275	-0.6015469081783807	0.0	2
IT	KC	KC3	CXCL11	0.325	-0.6015469081783807	0.0	2
IT	KC	KC3	CXCL11	0.375	-0.28550745272334405	0.0008934893287029232	2
IT	KC	KC3	CXCL11	0.425	0.7106677557988531	0.0037098209701160443	2
IT	KC	KC3	CXCL11	0.475	0.9063488899007214	0.004263039886712296	2
IT	KC	KC3	CXCL11	0.525	0.6592965229429567	0.0035645870521137184	2
IT	KC	KC3	CXCL11	0.575	-0.6015469081783807	0.0	2
IT	KC	KC3	CXCL11	0.625	-0.6015469081783807	0.0	2
IT	KC	KC3	CXCL11	0.675	-0.6015469081783807	0.0	2
IT	KC	KC3	CXCL11	0.725	-0.6015469081783807	0.0	2
IT	KC	KC3	CXCL11	0.775	-0.6015469081783807	0.0	2
IT	KC	KC3	CXCL11	0.825	-0.6015469081783807	0.0	2
IT	KC	KC3	CXCL11	0.875	-0.6015469081783807	0.0	2
IT	KC	KC3	CXCL11	0.925	-0.6015469081783807	0.0	2
IT	KC	KC3	CXCL11	0.975	-0.6015469081783807	0.0	2
IT	KC	KC3	CXCL13	0.025	0.3877098946950813	0.002840909090909091	2
IT	KC	KC3	CXCL13	0.075	2.692643499491777	0.008392915354768948	2
IT	KC	KC3	CXCL13	0.125	1.137825619408149	0.004647749510763209	2
IT	KC	KC3	CXCL13	0.175	1.8717801233630365	0.00641566160804252	2
IT	KC	KC3	CXCL13	0.225	0.3777272551502363	0.002816863418978457	2
IT	KC	KC3	CXCL13	0.275	0.4760155463184214	0.003053615231305814	2
IT	KC	KC3	CXCL13	0.325	-0.5790218463600957	0.0005122950819672131	2
IT	KC	KC3	CXCL13	0.375	0.5463528516176543	0.0032230401374253154	2
IT	KC	KC3	CXCL13	0.425	0.39308722947908914	0.002853861740105386	2
IT	KC	KC3	CXCL13	0.475	0.6129081207589967	0.003383355068144634	2
IT	KC	KC3	CXCL13	0.525	-0.7917028293922347	0.0	2
IT	KC	KC3	CXCL13	0.575	-0.7917028293922347	0.0	2
IT	KC	KC3	CXCL13	0.625	-0.7917028293922347	0.0	2
IT	KC	KC3	CXCL13	0.675	-0.7917028293922347	0.0	2
IT	KC	KC3	CXCL13	0.725	-0.7917028293922347	0.0	2
IT	KC	KC3	CXCL13	0.775	-0.7917028293922347	0.0	2
IT	KC	KC3	CXCL13	0.825	-0.7917028293922347	0.0	2
IT	KC	KC3	CXCL13	0.875	-0.7917028293922347	0.0	2
IT	KC	KC3	CXCL13	0.925	-0.7917028293922347	0.0	2
IT	KC	KC3	CXCL13	0.975	-0.7917028293922347	0.0	2
IT	KC	KC3	CXCL16	0.025	-1.0943790559301423	0.0	2
IT	KC	KC3	CXCL16	0.075	0.47973913771251914	0.004168256845720828	2
IT	KC	KC3	CXCL16	0.125	1.0334593151008526	0.005634505015225576	2
IT	KC	KC3	CXCL16	0.175	1.211655698055323	0.006106368116822683	2
IT	KC	KC3	CXCL16	0.225	1.9517869207791587	0.008066231771476997	2
IT	KC	KC3	CXCL16	0.275	1.5179167423569249	0.006917345780154077	2
IT	KC	KC3	CXCL16	0.325	0.7126012476421573	0.00478487450997454	2
IT	KC	KC3	CXCL16	0.375	0.6505753060062696	0.0046206301369152445	2
IT	KC	KC3	CXCL16	0.425	0.17572489430513816	0.0033632286995515692	2
IT	KC	KC3	CXCL16	0.475	1.0917318194611956	0.005788810305767459	2
IT	KC	KC3	CXCL16	0.525	-0.4141130243316344	0.0018013409377857113	2
IT	KC	KC3	CXCL16	0.575	0.11077639684992514	0.0031912454137790463	2
IT	KC	KC3	CXCL16	0.625	-0.5491324106271178	0.0014438103003125424	2
IT	KC	KC3	CXCL16	0.675	-0.3120686517997158	0.0020715539091440828	2
IT	KC	KC3	CXCL16	0.725	-1.0943790559301423	0.0	2
IT	KC	KC3	CXCL16	0.775	-1.0943790559301423	0.0	2
IT	KC	KC3	CXCL16	0.825	-1.0943790559301423	0.0	2
IT	KC	KC3	CXCL16	0.875	-1.0943790559301423	0.0	2
IT	KC	KC3	CXCL16	0.925	-1.0943790559301423	0.0	2
IT	KC	KC3	CXCL16	0.975	-1.0943790559301423	0.0	2
IT	KC	KC3	EMT	0.025	0.7050198661071158	0.028649218515641228	2
IT	KC	KC3	EMT	0.075	-0.24297143052885517	0.02509680402513323	2
IT	KC	KC3	EMT	0.125	-0.3332173555825924	0.024758624831919283	2
IT	KC	KC3	EMT	0.175	-0.003366474032585294	0.02599467737320653	2
IT	KC	KC3	EMT	0.225	0.2792253720040762	0.0270536357964773	2
IT	KC	KC3	EMT	0.275	0.33579981284868643	0.02726563759877439	2
IT	KC	KC3	EMT	0.325	0.1658861803247983	0.02662891904191142	2
IT	KC	KC3	EMT	0.375	0.3912050236936018	0.0274732579372243	2
IT	KC	KC3	EMT	0.425	0.4758122999466348	0.027790307381908286	2
IT	KC	KC3	EMT	0.475	0.444471890891585	0.027672865245402724	2
IT	KC	KC3	EMT	0.525	0.20965746471095179	0.02679294348546201	2
IT	KC	KC3	EMT	0.575	0.04128786648543517	0.026162010899245438	2
IT	KC	KC3	EMT	0.625	0.06879503303172657	0.026265088698987502	2
IT	KC	KC3	EMT	0.675	0.21848256410978453	0.02682601384285436	2
IT	KC	KC3	EMT	0.725	0.5464768113533185	0.028055109005273998	2
IT	KC	KC3	EMT	0.775	1.4476446369398241	0.03143206157156153	2
IT	KC	KC3	EMT	0.825	1.5609528020773233	0.03185666206014797	2
IT	KC	KC3	EMT	0.875	-1.7053744464112315	0.019616730860940394	2
IT	KC	KC3	EMT	0.925	-2.0864809799089477	0.0181886076526063	2
IT	KC	KC3	EMT	0.975	-2.5193069380606445	0.01656667587848314	2
IT	KC	KC3	G2M	0.025	1.0687132141061821	0.007762380114575064	2
IT	KC	KC3	G2M	0.075	0.6727327749531103	0.007312257262305893	2
IT	KC	KC3	G2M	0.125	0.6194950390071159	0.007251740329692713	2
IT	KC	KC3	G2M	0.175	1.5937033148455797	0.008359152121958358	2
IT	KC	KC3	G2M	0.225	1.8787853649235027	0.008683213446265877	2
IT	KC	KC3	G2M	0.275	1.4097712582955655	0.008150071031753237	2
IT	KC	KC3	G2M	0.325	0.5683741329230038	0.007193629661129436	2
IT	KC	KC3	G2M	0.375	0.16499418580172462	0.006735095566024226	2
IT	KC	KC3	G2M	0.425	-0.11610723103220127	0.006415559147021266	2
IT	KC	KC3	G2M	0.475	-0.5266261147884392	0.005948910008336708	2
IT	KC	KC3	G2M	0.525	-0.7695155597816558	0.005672810284824458	2
IT	KC	KC3	G2M	0.575	-0.07286762329686325	0.006464710907159869	2
IT	KC	KC3	G2M	0.625	0.09785952788193444	0.00665878158502657	2
IT	KC	KC3	G2M	0.675	-0.30767855158547996	0.006197794276097731	2
IT	KC	KC3	G2M	0.725	-1.0931549949437644	0.005304919623423282	2
IT	KC	KC3	G2M	0.775	-1.3619601011247422	0.004999360789867045	2
IT	KC	KC3	G2M	0.825	0.19488328995454274	0.006769071407966853	2
IT	KC	KC3	G2M	0.875	-1.608320761507703	0.004719315231617568	2
IT	KC	KC3	G2M	0.925	-1.073394920955506	0.005327381492710735	2
IT	KC	KC3	G2M	0.975	-1.3396862436759125	0.005024680152276329	2
IT	KC	KC3	HLA-DRA	0.025	0.15421967459450855	0.9086322869955157	2
IT	KC	KC3	HLA-DRA	0.075	0.5295095519500429	0.9250609485815602	2
IT	KC	KC3	HLA-DRA	0.125	0.6132886482179255	0.9287284560301178	2
IT	KC	KC3	HLA-DRA	0.175	0.42647629555943145	0.9205505724603681	2
IT	KC	KC3	HLA-DRA	0.225	0.48444793316705503	0.9230883345299328	2
IT	KC	KC3	HLA-DRA	0.275	0.35547664187096123	0.9174424969338086	2
IT	KC	KC3	HLA-DRA	0.325	0.2791805696414719	0.9141025657855586	2
IT	KC	KC3	HLA-DRA	0.375	0.09871160579319772	0.9062023699296533	2
IT	KC	KC3	HLA-DRA	0.425	0.20089902944349827	0.910675718940104	2
IT	KC	KC3	HLA-DRA	0.475	0.3026951273726315	0.91513193730507	2
IT	KC	KC3	HLA-DRA	0.525	0.37034008443736643	0.9180931578832798	2
IT	KC	KC3	HLA-DRA	0.575	-0.01866818947237571	0.9010639607963038	2
IT	KC	KC3	HLA-DRA	0.625	-0.31160022903807694	0.8882405897540426	2
IT	KC	KC3	HLA-DRA	0.675	-0.9605557731246587	0.8598319604211347	2
IT	KC	KC3	HLA-DRA	0.725	-1.5497460406992873	0.8340396113602393	2
IT	KC	KC3	HLA-DRA	0.775	-2.1018486395420033	0.8098708093102713	2
IT	KC	KC3	HLA-DRA	0.825	-2.492087483068322	0.7927877428998505	2
IT	KC	KC3	HLA-DRA	0.875	1.1584437681764364	0.95259312576437	2
IT	KC	KC3	HLA-DRA	0.925	1.2248905978126832	0.955501897205933	2
IT	KC	KC3	HLA-DRA	0.975	1.235926826907494	0.9559850183448838	2
IT	KC	KC3	IFN_I	0.025	0.17907663138663127	0.01395218197348242	2
IT	KC	KC3	IFN_I	0.075	1.6609948772909477	0.018362563048706426	2
IT	KC	KC3	IFN_I	0.125	1.6396520166994535	0.018299043924959874	2
IT	KC	KC3	IFN_I	0.175	1.6593639388181336	0.018357709164090838	2
IT	KC	KC3	IFN_I	0.225	0.765133125618125	0.015696362179316525	2
IT	KC	KC3	IFN_I	0.275	0.6642830010706036	0.015396219116790868	2
IT	KC	KC3	IFN_I	0.325	0.11777671976397062	0.013769745478837261	2
IT	KC	KC3	IFN_I	0.375	0.24914806511031262	0.014160723656576517	2
IT	KC	KC3	IFN_I	0.425	-0.28661624512178935	0.012566219519011108	2
IT	KC	KC3	IFN_I	0.475	-0.20269547354692719	0.01281597862940394	2
IT	KC	KC3	IFN_I	0.525	-0.3749493188266813	0.012303328824695724	2
IT	KC	KC3	IFN_I	0.575	0.19293749278331174	0.013993433696348494	2
IT	KC	KC3	IFN_I	0.625	0.17466018045141513	0.013939038042177056	2
IT	KC	KC3	IFN_I	0.675	0.05901002139306117	0.013594848155678727	2
IT	KC	KC3	IFN_I	0.725	-0.23847139989384547	0.01270950482833891	2
IT	KC	KC3	IFN_I	0.775	0.02648097171071503	0.013498037481061185	2
IT	KC	KC3	IFN_I	0.825	-1.3060965484945848	0.009532113792203478	2
IT	KC	KC3	IFN_I	0.875	-2.097009303476315	0.007178254760934132	2
IT	KC	KC3	IFN_I	0.925	-1.5237239193125471	0.008884426485323345	2
IT	KC	KC3	IFN_I	0.975	-1.358954833423988	0.009374800674448337	2
IT	KC	KC3	IFN_II	0.025	0.4006926976554389	0.11872096937577983	2
IT	KC	KC3	IFN_II	0.075	0.3952161062999278	0.11867785993100549	2
IT	KC	KC3	IFN_II	0.125	-0.0354929274554369	0.11528749791580739	2
IT	KC	KC3	IFN_II	0.175	-0.10386146621356103	0.11474932927137678	2
IT	KC	KC3	IFN_II	0.225	-0.37114657940202156	0.11264537225175972	2
IT	KC	KC3	IFN_II	0.275	-0.4246574343607151	0.11222415710224007	2
IT	KC	KC3	IFN_II	0.325	-0.6024753139693984	0.11082444885978243	2
IT	KC	KC3	IFN_II	0.375	-0.6755081657110186	0.11024956468740396	2
IT	KC	KC3	IFN_II	0.425	-0.5132882090244916	0.11152649258107211	2
IT	KC	KC3	IFN_II	0.475	-0.4585294080679547	0.11195753104140374	2
IT	KC	KC3	IFN_II	0.525	0.03078297507506241	0.11580919419996288	2
IT	KC	KC3	IFN_II	0.575	0.22988024672841684	0.11737640494838314	2
IT	KC	KC3	IFN_II	0.625	0.43744220258989697	0.11901024616322212	2
IT	KC	KC3	IFN_II	0.675	-0.15634206005348233	0.1143362239080215	2
IT	KC	KC3	IFN_II	0.725	-1.1095678779102929	0.1068328275278948	2
IT	KC	KC3	IFN_II	0.775	-1.4497392250574246	0.1041551404499835	2
IT	KC	KC3	IFN_II	0.825	-1.5208039928078485	0.10359574821458228	2
IT	KC	KC3	IFN_II	0.875	2.4247190900900026	0.13465326162151478	2
IT	KC	KC3	IFN_II	0.925	2.00741842662048	0.13136844470925188	2
IT	KC	KC3	IFN_II	0.975	1.4952609149744576	0.12733695421985272	2
IT	KC	KC3	INFLAMMATION	0.025	0.03041578369430147	0.048777654227841624	2
IT	KC	KC3	INFLAMMATION	0.075	-0.26996381352578336	0.04838975494806759	2
IT	KC	KC3	INFLAMMATION	0.125	-0.10860969029123542	0.048598121790458	2
IT	KC	KC3	INFLAMMATION	0.175	-0.5178849903829937	0.04806959856316778	2
IT	KC	KC3	INFLAMMATION	0.225	-0.36963504973722067	0.048261043141079325	2
IT	KC	KC3	INFLAMMATION	0.275	-0.2703168607065618	0.0483892990357872	2
IT	KC	KC3	INFLAMMATION	0.325	0.272539389121692	0.049090323839994954	2
IT	KC	KC3	INFLAMMATION	0.375	0.20944194831975516	0.04900884210132439	2
IT	KC	KC3	INFLAMMATION	0.425	0.6388218683843077	0.04956332770315586	2
IT	KC	KC3	INFLAMMATION	0.475	0.704344106312732	0.04964794073658701	2
IT	KC	KC3	INFLAMMATION	0.525	1.3673712118081607	0.050504149810280854	2
IT	KC	KC3	INFLAMMATION	0.575	1.3642025854859863	0.05050005796156803	2
IT	KC	KC3	INFLAMMATION	0.625	1.1517992865622306	0.05022576807158663	2
IT	KC	KC3	INFLAMMATION	0.675	1.0599667038052747	0.05010717881638794	2
IT	KC	KC3	INFLAMMATION	0.725	0.14378490618803907	0.0489240549866512	2
IT	KC	KC3	INFLAMMATION	0.775	0.3873703405119992	0.04923861235143946	2
IT	KC	KC3	INFLAMMATION	0.825	-0.7401133855520755	0.047782620901471715	2
IT	KC	KC3	INFLAMMATION	0.875	-0.8740496392428438	0.04760966049795864	2
IT	KC	KC3	INFLAMMATION	0.925	-1.0855700105336654	0.04733651078858896	2
IT	KC	KC3	INFLAMMATION	0.975	-3.093914690222024	0.044743007561343015	2
IT	KC	KC3	MHC_II	0.025	-0.6490357751588379	0.36930013418942786	2
IT	KC	KC3	MHC_II	0.075	0.042597083484389786	0.37570050700208846	2
IT	KC	KC3	MHC_II	0.125	0.2673343141557364	0.37778022609467643	2
IT	KC	KC3	MHC_II	0.175	-0.2627340309220233	0.37287497183688567	2
IT	KC	KC3	MHC_II	0.225	-0.3435832802318851	0.3721267926103782	2
IT	KC	KC3	MHC_II	0.275	-0.3927498580776337	0.37167180493273544	2
IT	KC	KC3	MHC_II	0.325	-0.0830086117997913	0.3745381514731894	2
IT	KC	KC3	MHC_II	0.375	-0.4653789068137259	0.37099969547013445	2
IT	KC	KC3	MHC_II	0.425	-0.3720550721782794	0.37186331455142807	2
IT	KC	KC3	MHC_II	0.475	-0.28564140535255245	0.3726629869164436	2
IT	KC	KC3	MHC_II	0.525	0.4092989435409486	0.3790939672550646	2
IT	KC	KC3	MHC_II	0.575	0.8141399893590199	0.38284036766204654	2
IT	KC	KC3	MHC_II	0.625	0.4871727719440291	0.3798146119264393	2
IT	KC	KC3	MHC_II	0.675	0.3723126350151031	0.3787516958308962	2
IT	KC	KC3	MHC_II	0.725	-0.6516916855180782	0.3692755563859824	2
IT	KC	KC3	MHC_II	0.775	-0.024267151871365425	0.375081745142003	2
IT	KC	KC3	MHC_II	0.825	-3.203622312916713	0.3456599817306095	2
IT	KC	KC3	MHC_II	0.875	1.7680421382086784	0.3916677813731485	2
IT	KC	KC3	MHC_II	0.925	0.8448123182721391	0.3831242094975279	2
IT	KC	KC3	MHC_II	0.975	1.7280578968607514	0.39129776706850694	2
IT	KC	KC3	MKI67	0.025	0.6744672789019346	0.00542702812882185	2
IT	KC	KC3	MKI67	0.075	2.401306360648375	0.010161244156091976	2
IT	KC	KC3	MKI67	0.125	1.0812235611041532	0.006542170895018121	2
IT	KC	KC3	MKI67	0.175	0.8452161605565955	0.005895144759208978	2
IT	KC	KC3	MKI67	0.225	-0.05434831987220469	0.003428943579361997	2
IT	KC	KC3	MKI67	0.275	0.058589272239627656	0.003738567657429765	2
IT	KC	KC3	MKI67	0.325	-0.28118247060131857	0.0028070663684131303	2
IT	KC	KC3	MKI67	0.375	0.9368681822074354	0.006146413377355082	2
IT	KC	KC3	MKI67	0.425	0.8424692028541494	0.005887613836774676	2
IT	KC	KC3	MKI67	0.475	0.7132585222007906	0.005533376269586332	2
IT	KC	KC3	MKI67	0.525	-0.8593053609950672	0.0012221134435199846	2
IT	KC	KC3	MKI67	0.575	-0.3559660555611272	0.00260204341622503	2
IT	KC	KC3	MKI67	0.625	0.522361223367515	0.005010021742084522	2
IT	KC	KC3	MKI67	0.675	0.17281226797663063	0.004051715734061221	2
IT	KC	KC3	MKI67	0.725	-0.17237001928317633	0.0031053811659192826	2
IT	KC	KC3	MKI67	0.775	-1.3050799611488628	0.0	2
IT	KC	KC3	MKI67	0.825	-1.3050799611488628	0.0	2
IT	KC	KC3	MKI67	0.875	-1.3050799611488628	0.0	2
IT	KC	KC3	MKI67	0.925	-1.3050799611488628	0.0	2
IT	KC	KC3	MKI67	0.975	-1.3050799611488628	0.0	2
IT	KC	KC3	MYC	0.025	-0.29897195952352906	0.2947283938035059	2
IT	KC	KC3	MYC	0.075	0.3725736561986102	0.32340987063893395	2
IT	KC	KC3	MYC	0.125	0.5928836400421343	0.3328192324905882	2
IT	KC	KC3	MYC	0.175	0.7410262771227144	0.339146352367913	2
IT	KC	KC3	MYC	0.225	0.19292223774675138	0.315737021801647	2
IT	KC	KC3	MYC	0.275	0.20214146766208457	0.3161307718657774	2
IT	KC	KC3	MYC	0.325	-0.37502096385372746	0.2914803676009844	2
IT	KC	KC3	MYC	0.375	-0.2354438416958008	0.2974416573513812	2
IT	KC	KC3	MYC	0.425	-0.5899739782618013	0.28229980002804156	2
IT	KC	KC3	MYC	0.475	-0.2538829198619696	0.29665413081422864	2
IT	KC	KC3	MYC	0.525	-0.7952280465731332	0.27353347102845704	2
IT	KC	KC3	MYC	0.575	-0.3918493965246534	0.2907616311659193	2
IT	KC	KC3	MYC	0.625	-0.013019320620560522	0.3069413303437967	2
IT	KC	KC3	MYC	0.675	1.1571104804928072	0.3569171622148567	2
IT	KC	KC3	MYC	0.725	2.04802044949006	0.3949676133532636	2
IT	KC	KC3	MYC	0.775	-1.688410320845168	0.23538597053171045	2
IT	KC	KC3	MYC	0.825	2.4029623110564984	0.4101270553064275	2
IT	KC	KC3	MYC	0.875	-1.156755305829381	0.258092769058296	2
IT	KC	KC3	MYC	0.925	-0.7606889504814095	0.27500862366333223	2
IT	KC	KC3	MYC	0.975	-1.150395515740527	0.2583643934540796	2
IT	KC	KC3	TNFSF14	0.025	0.4686496012504869	0.0036944557684468	2
IT	KC	KC3	TNFSF14	0.075	-0.17823921910517174	0.0017293197214006298	2
IT	KC	KC3	TNFSF14	0.125	-0.38099012608787686	0.0011133976288469807	2
IT	KC	KC3	TNFSF14	0.175	-0.12965395453508943	0.0018769133290772178	2
IT	KC	KC3	TNFSF14	0.225	-0.18349820058829222	0.0017133438477141029	2
IT	KC	KC3	TNFSF14	0.275	0.4524172294233455	0.0036451446379977773	2
IT	KC	KC3	TNFSF14	0.325	0.1653215495091918	0.002772997753096681	2
IT	KC	KC3	TNFSF14	0.375	0.10717286926816773	0.0025963521471841036	2
IT	KC	KC3	TNFSF14	0.425	-0.543262284759296	0.0006204429534796153	2
IT	KC	KC3	TNFSF14	0.475	-0.7078458831692224	0.0001204665250570372	2
IT	KC	KC3	TNFSF14	0.525	-0.7036108300008902	0.0001333318821019635	2
IT	KC	KC3	TNFSF14	0.575	-0.6019476786862871	0.0004421669044707161	2
IT	KC	KC3	TNFSF14	0.625	0.9478410457581757	0.005150156271232505	2
IT	KC	KC3	TNFSF14	0.675	1.6947741155626175	0.0074192093975433806	2
IT	KC	KC3	TNFSF14	0.725	3.3303786712508967	0.012387892376681616	2
IT	KC	KC3	TNFSF14	0.775	-0.7475013810181513	0.0	2
IT	KC	KC3	TNFSF14	0.825	-0.7475013810181513	0.0	2
IT	KC	KC3	TNFSF14	0.875	-0.7475013810181513	0.0	2
IT	KC	KC3	TNFSF14	0.925	-0.7475013810181513	0.0	2
IT	KC	KC3	TNFSF14	0.975	-0.7475013810181513	0.0	2
IT	LC	LC1	ANTIGEN_PRES	0.025	1.4049553376246022	0.031596443697060286	1
IT	LC	LC1	ANTIGEN_PRES	0.075	0.8986940685781895	0.02868398106626806	1
IT	LC	LC1	ANTIGEN_PRES	0.125	-2.1503312987376044	0.011143290151137686	1
IT	LC	LC1	ANTIGEN_PRES	0.175	-0.5282021679428962	0.020475211758844043	1
IT	LC	LC1	ANTIGEN_PRES	0.225	0.07243670309041059	0.02393061783756851	1
IT	LC	LC1	ANTIGEN_PRES	0.275	0.5778282167615496	0.026838076866103767	1
IT	LC	LC1	ANTIGEN_PRES	0.325	1.340697573443289	0.031226776198559278	1
IT	LC	LC1	ANTIGEN_PRES	0.375	1.4387872855694313	0.0317910749875436	1
IT	LC	LC1	ANTIGEN_PRES	0.425	1.4673940771094474	0.03195564655649671	1
IT	LC	LC1	ANTIGEN_PRES	0.475	0.7016655345727842	0.027550498657923073	1
IT	LC	LC1	ANTIGEN_PRES	0.525	0.4670525439188908	0.026200797209765824	1
IT	LC	LC1	ANTIGEN_PRES	0.575	-0.20324085116702062	0.02234467669607985	1
IT	LC	LC1	ANTIGEN_PRES	0.625	-0.007530224043675165	0.023470577338290343	1
IT	LC	LC1	ANTIGEN_PRES	0.675	-0.20633201490916578	0.022326893587959383	1
IT	LC	LC1	ANTIGEN_PRES	0.725	-0.2598785722247507	0.0220188464259022	1
IT	LC	LC1	ANTIGEN_PRES	0.775	-0.8342093020244328	0.018714788046307197	1
IT	LC	LC1	ANTIGEN_PRES	0.825	-1.0938723375804282	0.017220976581963126	1
IT	LC	LC1	ANTIGEN_PRES	0.875	-1.0927787796670594	0.017227267694382792	1
IT	LC	LC1	ANTIGEN_PRES	0.925	-0.8948277105050206	0.018366057340973258	1
IT	LC	LC1	ANTIGEN_PRES	0.975	-1.0983080818665278	0.01719545825721087	1
IT	LC	LC1	B	0.025	1.528493858704223	0.06975585450921773	1
IT	LC	LC1	B	0.075	1.8677007064755637	0.0725161933233682	1
IT	LC	LC1	B	0.125	-0.2507093274851066	0.05527736256435808	1
IT	LC	LC1	B	0.175	1.2090113905544495	0.06715602533988184	1
IT	LC	LC1	B	0.225	0.02551362544734543	0.05752516193323369	1
IT	LC	LC1	B	0.275	0.4462770654987273	0.060949177877429005	1
IT	LC	LC1	B	0.325	0.8917934937806735	0.06457462440779307	1
IT	LC	LC1	B	0.375	1.0226344689208748	0.06563935946409788	1
IT	LC	LC1	B	0.425	0.9979941800766751	0.06543884598350219	1
IT	LC	LC1	B	0.475	0.3397441124786563	0.060082252439043984	1
IT	LC	LC1	B	0.525	0.34294347522999846	0.060108287659857186	1
IT	LC	LC1	B	0.575	-0.011876354940073738	0.057220896218075454	1
IT	LC	LC1	B	0.625	-0.48675371127859557	0.053356521405848754	1
IT	LC	LC1	B	0.675	-0.8733591851441384	0.050210470250674356	1
IT	LC	LC1	B	0.725	-1.042843893645732	0.0488312669051178	1
IT	LC	LC1	B	0.775	-1.020962041656535	0.04900933325539382	1
IT	LC	LC1	B	0.825	-1.1065209178955075	0.04831308703121165	1
IT	LC	LC1	B	0.875	-1.2156948586203387	0.04742467021988696	1
IT	LC	LC1	B	0.925	-1.364008176161027	0.04621775175773681	1
IT	LC	LC1	B	0.975	-1.2993779103401735	0.0467436887560206	1
IT	LC	LC1	CCL19	0.025	-0.8620145105872637	0.0	1
IT	LC	LC1	CCL19	0.075	-0.8620145105872637	0.0	1
IT	LC	LC1	CCL19	0.125	-0.8620145105872637	0.0	1
IT	LC	LC1	CCL19	0.175	-0.8620145105872637	0.0	1
IT	LC	LC1	CCL19	0.225	-0.8620145105872637	0.0	1
IT	LC	LC1	CCL19	0.275	-0.8620145105872637	0.0	1
IT	LC	LC1	CCL19	0.325	1.6782530580579518	0.005510374705479972	1
IT	LC	LC1	CCL19	0.375	1.2195936359414545	0.004515445939212755	1
IT	LC	LC1	CCL19	0.425	1.2195936359414545	0.004515445939212755	1
IT	LC	LC1	CCL19	0.475	-0.8620145105872637	0.0	1
IT	LC	LC1	CCL19	0.525	-0.8620145105872637	0.0	1
IT	LC	LC1	CCL19	0.575	1.719966851141517	0.005600860697237089	1
IT	LC	LC1	CCL19	0.625	0.7798608168710377	0.00356157295619179	1
IT	LC	LC1	CCL19	0.675	0.5180100103367398	0.002993563476109479	1
IT	LC	LC1	CCL19	0.725	0.3954101148712787	0.0027276185137732225	1
IT	LC	LC1	CCL19	0.775	0.7115224508804094	0.0034133326652804573	1
IT	LC	LC1	CCL19	0.825	1.2399490424180608	0.00455960109765076	1
IT	LC	LC1	CCL19	0.875	-0.8620145105872637	0.0	1
IT	LC	LC1	CCL19	0.925	-0.8620145105872637	0.0	1
IT	LC	LC1	CCL19	0.975	-0.8620145105872637	0.0	1
IT	LC	LC1	CCL21	0.025	-0.4927211037170198	0.0	1
IT	LC	LC1	CCL21	0.075	-0.4927211037170198	0.0	1
IT	LC	LC1	CCL21	0.125	-0.4927211037170198	0.0	1
IT	LC	LC1	CCL21	0.175	-0.4927211037170198	0.0	1
IT	LC	LC1	CCL21	0.225	-0.4927211037170198	0.0	1
IT	LC	LC1	CCL21	0.275	-0.4927211037170198	0.0	1
IT	LC	LC1	CCL21	0.325	-0.4927211037170198	0.0	1
IT	LC	LC1	CCL21	0.375	-0.4927211037170198	0.0	1
IT	LC	LC1	CCL21	0.425	-0.4927211037170198	0.0	1
IT	LC	LC1	CCL21	0.475	-0.4927211037170198	0.0	1
IT	LC	LC1	CCL21	0.525	-0.4927211037170198	0.0	1
IT	LC	LC1	CCL21	0.575	-0.4927211037170198	0.0	1
IT	LC	LC1	CCL21	0.625	0.7360567063158049	0.0032195009773485113	1
IT	LC	LC1	CCL21	0.675	2.3834673505279547	0.007535855110561312	1
IT	LC	LC1	CCL21	0.725	2.48618836675099	0.0078049927930813594	1
IT	LC	LC1	CCL21	0.775	1.9884931473678173	0.006500989553323146	1
IT	LC	LC1	CCL21	0.825	-0.3697860103158813	0.00032210026102670505	1
IT	LC	LC1	CCL21	0.875	-0.3263241086084081	0.0004359740906826109	1
IT	LC	LC1	CCL21	0.925	-0.4927211037170198	0.0	1
IT	LC	LC1	CCL21	0.975	-0.4927211037170198	0.0	1
IT	LC	LC1	CD74	0.025	1.2731798579447304	0.13382847533632286	1
IT	LC	LC1	CD74	0.075	0.6377191728717658	0.10706278026905829	1
IT	LC	LC1	CD74	0.125	-1.9041235674200925	0.0	1
IT	LC	LC1	CD74	0.175	-0.7881462386606901	0.047005124919923126	1
IT	LC	LC1	CD74	0.225	-1.0747641979175344	0.034932735426008964	1
IT	LC	LC1	CD74	0.275	-0.7405660090722557	0.0490092110047267	1
IT	LC	LC1	CD74	0.325	-0.4251225160318845	0.06229573611005548	1
IT	LC	LC1	CD74	0.375	0.5861503738213419	0.10489069506726456	1
IT	LC	LC1	CD74	0.425	0.8142360298364779	0.11449769556552065	1
IT	LC	LC1	CD74	0.475	1.3473401912305645	0.13695211919571823	1
IT	LC	LC1	CD74	0.525	2.0283245170719257	0.1656352765321375	1
IT	LC	LC1	CD74	0.575	1.32136797610007	0.13585816577462753	1
IT	LC	LC1	CD74	0.625	0.6317817230555384	0.10681269403242497	1
IT	LC	LC1	CD74	0.675	0.030767601400648454	0.08149789314983763	1
IT	LC	LC1	CD74	0.725	-0.32497762414789727	0.0665138532991672	1
IT	LC	LC1	CD74	0.775	-0.332506565254788	0.06619673322143448	1
IT	LC	LC1	CD74	0.825	-0.7383757325546617	0.04910146576534369	1
IT	LC	LC1	CD74	0.875	-0.4905100364608043	0.0595416043846537	1
IT	LC	LC1	CD74	0.925	-1.0718142408105638	0.03505698804185351	1
IT	LC	LC1	CD74	0.975	-0.7799607150018928	0.04734990034877927	1
IT	LC	LC1	COL1A1	0.025	-1.6058689451943695	0.0	1
IT	LC	LC1	COL1A1	0.075	-1.6058689451943695	0.0	1
IT	LC	LC1	COL1A1	0.125	-1.6058689451943695	0.0	1
IT	LC	LC1	COL1A1	0.175	-1.6058689451943695	0.0	1
IT	LC	LC1	COL1A1	0.225	-1.6058689451943695	0.0	1
IT	LC	LC1	COL1A1	0.275	0.11017039171767817	0.04291904011634953	1
IT	LC	LC1	COL1A1	0.325	0.32157093128079317	0.04820627802690583	1
IT	LC	LC1	COL1A1	0.375	0.7800849716632077	0.059673953662182345	1
IT	LC	LC1	COL1A1	0.425	0.46973975899432313	0.05191205779770802	1
IT	LC	LC1	COL1A1	0.475	0.5930464277610721	0.05499602198755967	1
IT	LC	LC1	COL1A1	0.525	0.9263985762398211	0.06333333333333334	1
IT	LC	LC1	COL1A1	0.575	0.4455604057052082	0.05130731954289021	1
IT	LC	LC1	COL1A1	0.625	0.7615375292024938	0.059210072438771987	1
IT	LC	LC1	COL1A1	0.675	0.3687136066877639	0.04938534096180609	1
IT	LC	LC1	COL1A1	0.725	0.4895615642023982	0.05240781149903908	1
IT	LC	LC1	COL1A1	0.775	0.006424369692642833	0.04032429791818022	1
IT	LC	LC1	COL1A1	0.825	0.1051437184936656	0.04279332039354796	1
IT	LC	LC1	COL1A1	0.875	0.4506102464782143	0.05143361869819269	1
IT	LC	LC1	COL1A1	0.925	0.3383799999709833	0.04862668161434977	1
IT	LC	LC1	COL1A1	0.975	1.862402227881577	0.08674327354260089	1
IT	LC	LC1	CXCL10	0.025	-1.1265677432140004	0.0	1
IT	LC	LC1	CXCL10	0.075	-1.1265677432140004	0.0	1
IT	LC	LC1	CXCL10	0.125	-1.1265677432140004	0.0	1
IT	LC	LC1	CXCL10	0.175	2.0743573614358106	0.047005124919923126	1
IT	LC	LC1	CXCL10	0.225	1.1148432534048385	0.03291479820627803	1
IT	LC	LC1	CXCL10	0.275	0.3878991463933231	0.022239728517755426	1
IT	LC	LC1	CXCL10	0.325	-0.36961406876818426	0.011115755871399255	1
IT	LC	LC1	CXCL10	0.375	-0.9733529153059328	0.0022499377179870453	1
IT	LC	LC1	CXCL10	0.425	-0.9733529153059328	0.0022499377179870453	1
IT	LC	LC1	CXCL10	0.475	-1.1265677432140004	0.0	1
IT	LC	LC1	CXCL10	0.525	-0.41556611690234785	0.010440956651718984	1
IT	LC	LC1	CXCL10	0.575	0.7198086023900409	0.027113771155793432	1
IT	LC	LC1	CXCL10	0.625	1.089121758526431	0.03253708175232839	1
IT	LC	LC1	CXCL10	0.675	1.3376115072587536	0.036186117983609094	1
IT	LC	LC1	CXCL10	0.725	1.329508360561432	0.03606712443946188	1
IT	LC	LC1	CXCL10	0.775	0.8122717051726693	0.028471578525440286	1
IT	LC	LC1	CXCL10	0.825	0.023409913633351542	0.016887256542400107	1
IT	LC	LC1	CXCL10	0.875	-0.7891963071157074	0.004954251030484215	1
IT	LC	LC1	CXCL10	0.925	-0.6626820185788477	0.006812095166915794	1
IT	LC	LC1	CXCL10	0.975	-0.1987962939436951	0.013624190333831589	1
IT	LC	LC1	CXCL11	0.025	-1.0496198966066879	0.0	1
IT	LC	LC1	CXCL11	0.075	-1.0496198966066879	0.0	1
IT	LC	LC1	CXCL11	0.125	-1.0496198966066879	0.0	1
IT	LC	LC1	CXCL11	0.175	-1.0496198966066879	0.0	1
IT	LC	LC1	CXCL11	0.225	-1.0496198966066879	0.0	1
IT	LC	LC1	CXCL11	0.275	-1.0496198966066879	0.0	1
IT	LC	LC1	CXCL11	0.325	-1.0496198966066879	0.0	1
IT	LC	LC1	CXCL11	0.375	0.15105990633848632	0.011452105132037867	1
IT	LC	LC1	CXCL11	0.425	0.15105990633848632	0.011452105132037867	1
IT	LC	LC1	CXCL11	0.475	0.344717939071579	0.013299218863011717	1
IT	LC	LC1	CXCL11	0.525	-1.0496198966066879	0.0	1
IT	LC	LC1	CXCL11	0.575	-0.6230719523135402	0.004068421813973673	1
IT	LC	LC1	CXCL11	0.625	0.37077746647164217	0.013547775094860295	1
IT	LC	LC1	CXCL11	0.675	1.2084203263493012	0.02153722746250193	1
IT	LC	LC1	CXCL11	0.725	1.233968843888436	0.021780909673286355	1
IT	LC	LC1	CXCL11	0.775	1.5605040232206548	0.02489540797154095	1
IT	LC	LC1	CXCL11	0.825	0.8915057168157203	0.01851449032862593	1
IT	LC	LC1	CXCL11	0.875	1.8484550297777584	0.02764188974951307	1
IT	LC	LC1	CXCL11	0.925	0.4383741759759447	0.01419251370204285	1
IT	LC	LC1	CXCL11	0.975	0.8211877909190358	0.017843796711509718	1
IT	LC	LC1	CXCL13	0.025	-1.230790974389	0.0	1
IT	LC	LC1	CXCL13	0.075	-1.230790974389	0.0	1
IT	LC	LC1	CXCL13	0.125	-1.230790974389	0.0	1
IT	LC	LC1	CXCL13	0.175	-1.230790974389	0.0	1
IT	LC	LC1	CXCL13	0.225	0.33168858705465354	0.015381165919282512	1
IT	LC	LC1	CXCL13	0.275	0.16658850889722399	0.013755908374742457	1
IT	LC	LC1	CXCL13	0.325	0.2989133449815779	0.015058523979630615	1
IT	LC	LC1	CXCL13	0.375	-0.5198108937393784	0.006998941205779771	1
IT	LC	LC1	CXCL13	0.425	0.8380898832076742	0.020366218236173392	1
IT	LC	LC1	CXCL13	0.475	0.55001398989627	0.017530377549544337	1
IT	LC	LC1	CXCL13	0.525	2.490916902285824	0.03663677130044843	1
IT	LC	LC1	CXCL13	0.575	1.5547590290546434	0.027421163026182558	1
IT	LC	LC1	CXCL13	0.625	0.8509382611518175	0.020492698631712086	1
IT	LC	LC1	CXCL13	0.675	0.3218514218253975	0.015284328127416112	1
IT	LC	LC1	CXCL13	0.725	-0.41149178483697496	0.00806524263292761	1
IT	LC	LC1	CXCL13	0.775	-0.5436735556392461	0.006764035373399804	1
IT	LC	LC1	CXCL13	0.825	-1.230790974389	0.0	1
IT	LC	LC1	CXCL13	0.875	-0.4663921254187525	0.0075247995651583095	1
IT	LC	LC1	CXCL13	0.925	-0.1797425570549098	0.010346599402092675	1
IT	LC	LC1	CXCL13	0.975	0.8713058602791803	0.02069319880418535	1
IT	LC	LC1	CXCL16	0.025	-0.7942182920176231	0.0	1
IT	LC	LC1	CXCL16	0.075	-0.7942182920176231	0.0	1
IT	LC	LC1	CXCL16	0.125	-0.7942182920176231	0.0	1
IT	LC	LC1	CXCL16	0.175	-0.7942182920176231	0.0	1
IT	LC	LC1	CXCL16	0.225	-0.7942182920176231	0.0	1
IT	LC	LC1	CXCL16	0.275	-0.5294947341166076	0.004650951399830324	1
IT	LC	LC1	CXCL16	0.325	-0.4059531763990963	0.006821463859542449	1
IT	LC	LC1	CXCL16	0.375	0.6113651159399761	0.024694818136522172	1
IT	LC	LC1	CXCL16	0.425	0.47532662090751004	0.022304745889387148	1
IT	LC	LC1	CXCL16	0.475	0.46859402332841005	0.022186460292203093	1
IT	LC	LC1	CXCL16	0.525	-0.7942182920176231	0.0	1
IT	LC	LC1	CXCL16	0.575	-0.45330013434983696	0.0059896210039056845	1
IT	LC	LC1	CXCL16	0.625	-0.5774293097058002	0.0038087846383810507	1
IT	LC	LC1	CXCL16	0.675	-0.34686357798128536	0.00785961419514458	1
IT	LC	LC1	CXCL16	0.725	-0.2257717234891035	0.009987087604099934	1
IT	LC	LC1	CXCL16	0.775	0.09287756196512735	0.015585464839542049	1
IT	LC	LC1	CXCL16	0.825	-0.06826518935129879	0.012754333712602903	1
IT	LC	LC1	CXCL16	0.875	1.0433689124244796	0.03228473071522399	1
IT	LC	LC1	CXCL16	0.925	1.2955456903052136	0.0367152466367713	1
IT	LC	LC1	CXCL16	0.975	3.38530967262805	0.0734304932735426	1
IT	LC	LC1	EMT	0.025	-2.6890856037844952	0.002863503680514426	1
IT	LC	LC1	EMT	0.075	-1.220083188309001	0.00773542600896861	1
IT	LC	LC1	EMT	0.125	1.0460041153638224	0.015250867247652086	1
IT	LC	LC1	EMT	0.175	-1.0004082058332189	0.008463974472096987	1
IT	LC	LC1	EMT	0.225	-1.3041446312091078	0.007456637617395718	1
IT	LC	LC1	EMT	0.275	-1.454929822864029	0.0069565610114725954	1
IT	LC	LC1	EMT	0.325	-0.34147128344647865	0.010649327927884	1
IT	LC	LC1	EMT	0.375	0.6925148345797283	0.014078525867012628	1
IT	LC	LC1	EMT	0.425	1.0960090518386052	0.015416707796297863	1
IT	LC	LC1	EMT	0.475	0.9139187310036768	0.014812808244789009	1
IT	LC	LC1	EMT	0.525	0.2426369417904229	0.01258651324139098	1
IT	LC	LC1	EMT	0.575	0.05592951896645336	0.011967301147141427	1
IT	LC	LC1	EMT	0.625	0.2688094512681337	0.012673313938226367	1
IT	LC	LC1	EMT	0.675	0.3807999352274237	0.013044728534708871	1
IT	LC	LC1	EMT	0.725	0.36071566163260055	0.012978119371955569	1
IT	LC	LC1	EMT	0.775	0.4166175692225216	0.013163517128229756	1
IT	LC	LC1	EMT	0.825	0.17527050925860482	0.01236309357687407	1
IT	LC	LC1	EMT	0.875	0.6251235291784519	0.013855023712033612	1
IT	LC	LC1	EMT	0.925	0.5331545498708972	0.01355001010613795	1
IT	LC	LC1	EMT	0.975	1.2026183362449847	0.01577027573304754	1
IT	LC	LC1	G2M	0.025	-2.037786345253045	0.0	1
IT	LC	LC1	G2M	0.075	-2.037786345253045	0.0	1
IT	LC	LC1	G2M	0.125	-1.2112593278954396	0.005177602076941232	1
IT	LC	LC1	G2M	0.175	-1.4517830631053248	0.00367089247783135	1
IT	LC	LC1	G2M	0.225	-0.5286563313381103	0.009453622846353552	1
IT	LC	LC1	G2M	0.275	-0.44105605045940816	0.010002376107521258	1
IT	LC	LC1	G2M	0.325	-0.058016864881870765	0.01240184332534612	1
IT	LC	LC1	G2M	0.375	-0.051106079766033895	0.01244513446358797	1
IT	LC	LC1	G2M	0.425	0.1444713008844281	0.013670287218419742	1
IT	LC	LC1	G2M	0.475	0.31315547293546786	0.014726973208371718	1
IT	LC	LC1	G2M	0.525	0.4795967402062312	0.015769609000078674	1
IT	LC	LC1	G2M	0.575	0.4610697027442718	0.015653550328519113	1
IT	LC	LC1	G2M	0.625	0.5503922298981107	0.016213092233861647	1
IT	LC	LC1	G2M	0.675	1.148847199158755	0.01996198564778267	1
IT	LC	LC1	G2M	0.725	1.3551962061605272	0.021254614956674196	1
IT	LC	LC1	G2M	0.775	1.6035815729312723	0.022810572068621332	1
IT	LC	LC1	G2M	0.825	0.8480114549857443	0.018077464342202133	1
IT	LC	LC1	G2M	0.875	0.4474794734935883	0.015568417238230787	1
IT	LC	LC1	G2M	0.925	0.13302446422428388	0.013598580953504838	1
IT	LC	LC1	G2M	0.975	0.3326245903295967	0.014848933338578134	1
IT	LC	LC1	HLA-DRA	0.025	2.5267767972230883	0.14798206278026907	1
IT	LC	LC1	HLA-DRA	0.075	1.8293962982167968	0.11838565022421525	1
IT	LC	LC1	HLA-DRA	0.125	-0.9601256978083679	0.0	1
IT	LC	LC1	HLA-DRA	0.175	2.364507525268161	0.14109545163356824	1
IT	LC	LC1	HLA-DRA	0.225	-0.02922839534693982	0.039506726457399104	1
IT	LC	LC1	HLA-DRA	0.275	-0.1951347020208567	0.03246576172585141	1
IT	LC	LC1	HLA-DRA	0.325	-0.3286059277464946	0.02680132248992932	1
IT	LC	LC1	HLA-DRA	0.375	-0.44263033067433283	0.021962194818136525	1
IT	LC	LC1	HLA-DRA	0.425	-0.28817052949501454	0.028517376681614345	1
IT	LC	LC1	HLA-DRA	0.475	-0.43905021498536323	0.022114132793288006	1
IT	LC	LC1	HLA-DRA	0.525	0.32756273874062225	0.054648729446935725	1
IT	LC	LC1	HLA-DRA	0.575	-0.011708670200838493	0.0402502531462462	1
IT	LC	LC1	HLA-DRA	0.625	-0.13425541571981803	0.03504944233643786	1
IT	LC	LC1	HLA-DRA	0.675	-0.35386876420090363	0.025729182774083807	1
IT	LC	LC1	HLA-DRA	0.725	-0.2670024086258942	0.029415739109545164	1
IT	LC	LC1	HLA-DRA	0.775	-0.4256827747612873	0.022681438985895738	1
IT	LC	LC1	HLA-DRA	0.825	-0.5069151123223141	0.019233987015594676	1
IT	LC	LC1	HLA-DRA	0.875	-0.8698045702779005	0.003833174797300358	1
IT	LC	LC1	HLA-DRA	0.925	-0.8359341474539752	0.005270615346287992	1
IT	LC	LC1	HLA-DRA	0.975	-0.9601256978083679	0.0	1
IT	LC	LC1	IFN_I	0.025	-2.29657930810236	0.007046764894298526	1
IT	LC	LC1	IFN_I	0.075	-2.5040576551461022	0.005637411915438821	1
IT	LC	LC1	IFN_I	0.125	-1.136062796228903	0.014929888248273899	1
IT	LC	LC1	IFN_I	0.175	-0.9947874066022567	0.01588953967237119	1
IT	LC	LC1	IFN_I	0.225	-0.4588241311058192	0.019530215673713432	1
IT	LC	LC1	IFN_I	0.275	0.02767520922580248	0.022834894471665774	1
IT	LC	LC1	IFN_I	0.325	0.5441930135645421	0.026343481832955113	1
IT	LC	LC1	IFN_I	0.375	1.1204061269938232	0.030257565781668914	1
IT	LC	LC1	IFN_I	0.425	1.294505434409001	0.03144018257527226	1
IT	LC	LC1	IFN_I	0.475	1.1646888641706261	0.030558368291624474	1
IT	LC	LC1	IFN_I	0.525	0.4918039317127813	0.025987614776852446	1
IT	LC	LC1	IFN_I	0.575	0.21165492462494212	0.024084626617897266	1
IT	LC	LC1	IFN_I	0.625	0.4591385858932483	0.02576572655047991	1
IT	LC	LC1	IFN_I	0.675	0.3233734377642131	0.02484350493715346	1
IT	LC	LC1	IFN_I	0.725	0.5013751054603346	0.026052629572008174	1
IT	LC	LC1	IFN_I	0.775	0.29902943146626015	0.024678141667770145	1
IT	LC	LC1	IFN_I	0.825	0.3428812104290094	0.02497601677710104	1
IT	LC	LC1	IFN_I	0.875	0.050332940138071804	0.02298880325786155	1
IT	LC	LC1	IFN_I	0.925	-0.003980685347078211	0.022619863216836313	1
IT	LC	LC1	IFN_I	0.975	0.5632337666798607	0.026472821315870643	1
IT	LC	LC1	IFN_II	0.025	0.1544310124288642	0.01969951759749966	1
IT	LC	LC1	IFN_II	0.075	-0.619264607384379	0.01575961407799973	1
IT	LC	LC1	IFN_II	0.125	-3.714047086637353	0.0	1
IT	LC	LC1	IFN_II	0.175	0.4235435682688107	0.021069924096829926	1
IT	LC	LC1	IFN_II	0.225	-0.4927781322676816	0.01640372333197445	1
IT	LC	LC1	IFN_II	0.275	-0.2615966568070686	0.017580972737923414	1
IT	LC	LC1	IFN_II	0.325	0.3405328210828509	0.020647207040381775	1
IT	LC	LC1	IFN_II	0.375	1.1240290835571831	0.024637018541166525	1
IT	LC	LC1	IFN_II	0.425	0.930748795308946	0.023652774003110326	1
IT	LC	LC1	IFN_II	0.475	0.5159954077695528	0.021540718190146805	1
IT	LC	LC1	IFN_II	0.525	-0.3517928558542019	0.017121665081306338	1
IT	LC	LC1	IFN_II	0.575	0.34340429397549926	0.020661829491208917	1
IT	LC	LC1	IFN_II	0.625	-0.1259016684960559	0.018271974662109194	1
IT	LC	LC1	IFN_II	0.675	0.25737495542086686	0.020223740809986367	1
IT	LC	LC1	IFN_II	0.725	-0.03556495370448372	0.018731997869469847	1
IT	LC	LC1	IFN_II	0.775	0.19320519345965365	0.019896968026837505	1
IT	LC	LC1	IFN_II	0.825	-0.3595397774059863	0.01708221529936944	1
IT	LC	LC1	IFN_II	0.875	-0.20892346304242435	0.017849201348997517	1
IT	LC	LC1	IFN_II	0.925	0.45222719959561053	0.021215990246259305	1
IT	LC	LC1	IFN_II	0.975	1.4339168707317884	0.026215065452733614	1
IT	LC	LC1	INFLAMMATION	0.025	-0.2524538016056463	0.023663388494746	1
IT	LC	LC1	INFLAMMATION	0.075	-1.2750169665194642	0.02227469714209223	1
IT	LC	LC1	INFLAMMATION	0.125	-1.8368530122466442	0.021511696004283515	1
IT	LC	LC1	INFLAMMATION	0.175	-0.869877205162153	0.022824896975723562	1
IT	LC	LC1	INFLAMMATION	0.225	-1.5831027192257812	0.02185630145237936	1
IT	LC	LC1	INFLAMMATION	0.275	-1.4428318522735015	0.022046796227322966	1
IT	LC	LC1	INFLAMMATION	0.325	-0.9146600379932909	0.02276407967383573	1
IT	LC	LC1	INFLAMMATION	0.375	-0.3061655123916541	0.02359044533498427	1
IT	LC	LC1	INFLAMMATION	0.425	0.5311681868191185	0.024727585911994587	1
IT	LC	LC1	INFLAMMATION	0.475	1.3953636065780368	0.025901206034056535	1
IT	LC	LC1	INFLAMMATION	0.525	1.1911065011545088	0.025623814782589297	1
IT	LC	LC1	INFLAMMATION	0.575	0.5086018298922342	0.024696939683183965	1
IT	LC	LC1	INFLAMMATION	0.625	0.27678499631834885	0.024382120957818706	1
IT	LC	LC1	INFLAMMATION	0.675	0.5744649048656144	0.02478638499650349	1
IT	LC	LC1	INFLAMMATION	0.725	0.9135276067320695	0.025246848915257157	1
IT	LC	LC1	INFLAMMATION	0.775	1.2871399411563529	0.02575423294380616	1
IT	LC	LC1	INFLAMMATION	0.825	0.7841451502256018	0.025071141140226186	1
IT	LC	LC1	INFLAMMATION	0.875	0.19187492090034192	0.024266808875854456	1
IT	LC	LC1	INFLAMMATION	0.925	-0.24372645074913768	0.023675240668853046	1
IT	LC	LC1	INFLAMMATION	0.975	1.0705099135249638	0.025460038652031322	1
IT	LC	LC1	MHC_II	0.025	2.1722278908633923	0.0719474028400598	1
IT	LC	LC1	MHC_II	0.075	1.8779073242675177	0.06777840059790732	1
IT	LC	LC1	MHC_II	0.125	-1.7045043528042065	0.017034130543099154	1
IT	LC	LC1	MHC_II	0.175	0.35577887181250417	0.0462177023275678	1
IT	LC	LC1	MHC_II	0.225	-0.3884105041621586	0.035676382660687594	1
IT	LC	LC1	MHC_II	0.275	0.22691355467951685	0.04439234638225669	1
IT	LC	LC1	MHC_II	0.325	0.47425686822190305	0.047895923589470736	1
IT	LC	LC1	MHC_II	0.375	0.6316937705004554	0.05012599132203953	1
IT	LC	LC1	MHC_II	0.425	0.7840296255421416	0.052283803562531136	1
IT	LC	LC1	MHC_II	0.475	0.5410584725785855	0.04884215728820097	1
IT	LC	LC1	MHC_II	0.525	0.9835245574885554	0.0551096163428002	1
IT	LC	LC1	MHC_II	0.575	0.3168674202244501	0.04566652803896041	1
IT	LC	LC1	MHC_II	0.625	-0.02301077029309403	0.04085220957418267	1
IT	LC	LC1	MHC_II	0.675	-0.4852994814875129	0.034303966290397406	1
IT	LC	LC1	MHC_II	0.725	-0.7547983882061514	0.030486558763079225	1
IT	LC	LC1	MHC_II	0.775	-0.9639444398633168	0.027524039465223672	1
IT	LC	LC1	MHC_II	0.825	-1.1501774448468056	0.02488607969122995	1
IT	LC	LC1	MHC_II	0.875	-1.1342337928493222	0.025111918889945798	1
IT	LC	LC1	MHC_II	0.925	-0.9994357561380244	0.027021310828765983	1
IT	LC	LC1	MHC_II	0.975	-0.7604434255284271	0.030406597741238994	1
IT	LC	LC1	MKI67	0.025	3.3340125949604933	0.14798206278026907	1
IT	LC	LC1	MKI67	0.075	2.577819337059326	0.11838565022421525	1
IT	LC	LC1	MKI67	0.125	-0.4469536945453417	0.0	1
IT	LC	LC1	MKI67	0.175	-0.4469536945453417	0.0	1
IT	LC	LC1	MKI67	0.225	-0.4469536945453417	0.0	1
IT	LC	LC1	MKI67	0.275	-0.4469536945453417	0.0	1
IT	LC	LC1	MKI67	0.325	-0.22071713947218824	0.00885460211294368	1
IT	LC	LC1	MKI67	0.375	-0.26156540636039655	0.007255854509217737	1
IT	LC	LC1	MKI67	0.425	-0.26156540636039655	0.007255854509217737	1
IT	LC	LC1	MKI67	0.475	-0.4469536945453417	0.0	1
IT	LC	LC1	MKI67	0.525	-0.4469536945453417	0.0	1
IT	LC	LC1	MKI67	0.575	-0.4469536945453417	0.0	1
IT	LC	LC1	MKI67	0.625	-0.2642216796212834	0.007151891456824193	1
IT	LC	LC1	MKI67	0.675	-0.2933642854496893	0.006011288077934127	1
IT	LC	LC1	MKI67	0.725	-0.15514616367912432	0.011420964125560538	1
IT	LC	LC1	MKI67	0.775	-0.15531618554651047	0.01141430969261217	1
IT	LC	LC1	MKI67	0.825	-0.0573782161066045	0.015247473395355062	1
IT	LC	LC1	MKI67	0.875	-0.21997419851554925	0.008883679847805408	1
IT	LC	LC1	MKI67	0.925	-0.4469536945453417	0.0	1
IT	LC	LC1	MKI67	0.975	-0.4469536945453417	0.0	1
IT	LC	LC1	MYC	0.025	-3.2022689525152552	0.0	1
IT	LC	LC1	MYC	0.075	0.2479619227177908	0.12264573991031391	1
IT	LC	LC1	MYC	0.125	2.548115839539822	0.20440956651718986	1
IT	LC	LC1	MYC	0.175	-0.6229307753529169	0.0916880204996797	1
IT	LC	LC1	MYC	0.225	-0.4464995386408174	0.09795964125560537	1
IT	LC	LC1	MYC	0.275	-0.643022398118492	0.09097382135498726	1
IT	LC	LC1	MYC	0.325	-0.2788790202732069	0.10391806642851713	1
IT	LC	LC1	MYC	0.375	0.1306589788335471	0.1184759591429995	1
IT	LC	LC1	MYC	0.425	0.39982499457987897	0.12804403338315895	1
IT	LC	LC1	MYC	0.475	0.9256168103726622	0.1467344134239838	1
IT	LC	LC1	MYC	0.525	-0.05080578439410225	0.1120254110612855	1
IT	LC	LC1	MYC	0.575	-0.07926776443757602	0.11101366989729494	1
IT	LC	LC1	MYC	0.625	-0.18612703191238356	0.10721513165459352	1
IT	LC	LC1	MYC	0.675	0.27245806167783093	0.1235165068810886	1
IT	LC	LC1	MYC	0.725	0.12285275763992724	0.11819847053171044	1
IT	LC	LC1	MYC	0.775	0.2676774270399223	0.12334656913094671	1
IT	LC	LC1	MYC	0.825	-0.31020934687365054	0.10280436383106888	1
IT	LC	LC1	MYC	0.875	-0.15170750058907856	0.1084386465552385	1
IT	LC	LC1	MYC	0.925	0.21454065827280316	0.12145771051320381	1
IT	LC	LC1	MYC	0.975	0.8420106624332916	0.14376245640259094	1
IT	LC	LC1	TNFSF14	0.025	3.2561549999191355	0.13382847533632286	1
IT	LC	LC1	TNFSF14	0.075	2.421450685062273	0.10706278026905829	1
IT	LC	LC1	TNFSF14	0.125	-0.9173665743651781	0.0	1
IT	LC	LC1	TNFSF14	0.175	-0.9173665743651781	0.0	1
IT	LC	LC1	TNFSF14	0.225	-0.4376956550003129	0.015381165919282512	1
IT	LC	LC1	TNFSF14	0.275	-0.5932646018213503	0.010392679675190886	1
IT	LC	LC1	TNFSF14	0.325	-0.4696824072700607	0.01435547617237972	1
IT	LC	LC1	TNFSF14	0.375	-0.11471024367384937	0.025738041853512705	1
IT	LC	LC1	TNFSF14	0.425	-0.11471024367384927	0.025738041853512708	1
IT	LC	LC1	TNFSF14	0.475	0.11258608976997449	0.03302654419210183	1
IT	LC	LC1	TNFSF14	0.525	-0.11768196584192618	0.025642750373692076	1
IT	LC	LC1	TNFSF14	0.575	-0.23646438879540152	0.021833863734992045	1
IT	LC	LC1	TNFSF14	0.625	-0.4024473546537732	0.016511440726687362	1
IT	LC	LC1	TNFSF14	0.675	-0.5987955468137415	0.01021532395237359	1
IT	LC	LC1	TNFSF14	0.725	-0.4568588928047493	0.01476667600896861	1
IT	LC	LC1	TNFSF14	0.775	-0.35476087570299014	0.018040559160257534	1
IT	LC	LC1	TNFSF14	0.825	-0.12551611079072206	0.025391540057559735	1
IT	LC	LC1	TNFSF14	0.875	-0.15333556894222705	0.024499479095891653	1
IT	LC	LC1	TNFSF14	0.925	-0.062025300007782065	0.027427441454907824	1
IT	LC	LC1	TNFSF14	0.975	0.2824905297717083	0.038474713502740406	1
IT	LC	LC4	ANTIGEN_PRES	0.025	-2.1123569221313176	0.04364436012418075	12
IT	LC	LC4	ANTIGEN_PRES	0.075	-1.2428511483161948	0.04899653710628525	12
IT	LC	LC4	ANTIGEN_PRES	0.125	-1.91087437898035	0.04488457066932403	12
IT	LC	LC4	ANTIGEN_PRES	0.175	-0.6488855241099519	0.0526526475517507	12
IT	LC	LC4	ANTIGEN_PRES	0.225	-0.08195838282911973	0.056142324661978535	12
IT	LC	LC4	ANTIGEN_PRES	0.275	-0.43968052385956957	0.05394039309709464	12
IT	LC	LC4	ANTIGEN_PRES	0.325	0.08980127917450488	0.057199578261798	12
IT	LC	LC4	ANTIGEN_PRES	0.375	-0.14585452403562324	0.05574901680076649	12
IT	LC	LC4	ANTIGEN_PRES	0.425	0.8347643144349932	0.061785141842756644	12
IT	LC	LC4	ANTIGEN_PRES	0.475	0.396066977453445	0.05908477358780999	12
IT	LC	LC4	ANTIGEN_PRES	0.525	-0.8409407740071773	0.051470465996725376	12
IT	LC	LC4	ANTIGEN_PRES	0.575	-0.49579666982577625	0.05359497440775468	12
IT	LC	LC4	ANTIGEN_PRES	0.625	-0.222945601355465	0.0552744885089686	12
IT	LC	LC4	ANTIGEN_PRES	0.675	0.20905923496347478	0.05793366158260902	12
IT	LC	LC4	ANTIGEN_PRES	0.725	0.8778887089596713	0.06205059078938003	12
IT	LC	LC4	ANTIGEN_PRES	0.775	1.2651858219278305	0.06443456885564236	12
IT	LC	LC4	ANTIGEN_PRES	0.825	1.4383969009834885	0.065500756543275	12
IT	LC	LC4	ANTIGEN_PRES	0.875	0.6970647618294497	0.060937542668494944	12
IT	LC	LC4	ANTIGEN_PRES	0.925	0.9010225402252359	0.06219298933684933	12
IT	LC	LC4	ANTIGEN_PRES	0.975	1.4328939094984414	0.06546688329568315	12
IT	LC	LC4	B	0.025	-1.6088307223007692	0.08489557382494603	12
IT	LC	LC4	B	0.075	-1.1458994979548163	0.08691330067907396	12
IT	LC	LC4	B	0.125	-1.4572743815761353	0.08555614559567828	12
IT	LC	LC4	B	0.175	-0.7024347371919498	0.08884618122286284	12
IT	LC	LC4	B	0.225	-0.12828254897650226	0.09134867452552431	12
IT	LC	LC4	B	0.275	-0.2579059638591392	0.09078369935993252	12
IT	LC	LC4	B	0.325	0.9330447852154263	0.0959745639678375	12
IT	LC	LC4	B	0.375	-0.07899709923309278	0.09156348953526047	12
IT	LC	LC4	B	0.425	-0.800705642351667	0.08841785875530761	12
IT	LC	LC4	B	0.475	-0.4883073421409956	0.08977947449079737	12
IT	LC	LC4	B	0.525	0.023924227613952048	0.0920120812787428	12
IT	LC	LC4	B	0.575	0.37210227919374783	0.09352964623816643	12
IT	LC	LC4	B	0.625	1.5752810007599893	0.09877380755013981	12
IT	LC	LC4	B	0.675	1.763507569872814	0.09959420976797659	12
IT	LC	LC4	B	0.725	1.5631148494668672	0.09872078029925563	12
IT	LC	LC4	B	0.775	-0.13078919223865426	0.0913377490982518	12
IT	LC	LC4	B	0.825	-0.42766101478341295	0.09004380689457185	12
IT	LC	LC4	B	0.875	-0.5119370312342673	0.08967648239233707	12
IT	LC	LC4	B	0.925	-0.21270616955927227	0.09098070667757188	12
IT	LC	LC4	B	0.975	1.7207566312779095	0.09940787600540962	12
IT	LC	LC4	CCL19	0.025	-0.9546807227478598	0.0	12
IT	LC	LC4	CCL19	0.075	-0.9546807227478598	0.0	12
IT	LC	LC4	CCL19	0.125	-0.9546807227478598	0.0	12
IT	LC	LC4	CCL19	0.175	-0.01820053948183029	0.00992152466367713	12
IT	LC	LC4	CCL19	0.225	0.345986198454959	0.013779895366218237	12
IT	LC	LC4	CCL19	0.275	0.39813450400406075	0.01433237977423844	12
IT	LC	LC4	CCL19	0.325	0.5802112214241057	0.01626138871094028	12
IT	LC	LC4	CCL19	0.375	-0.4352379388681055	0.005503228454507584	12
IT	LC	LC4	CCL19	0.425	-0.5525205749735099	0.004260679399510352	12
IT	LC	LC4	CCL19	0.475	-0.6146426014159724	0.0036025285613826784	12
IT	LC	LC4	CCL19	0.525	-0.3868942965052734	0.006015404417870785	12
IT	LC	LC4	CCL19	0.575	-0.40443247947290456	0.005829596412556054	12
IT	LC	LC4	CCL19	0.625	1.9974167790104016	0.0312759508387311	12
IT	LC	LC4	CCL19	0.675	2.13807592187384	0.032766161929182816	12
IT	LC	LC4	CCL19	0.725	1.720702953358121	0.02834431053811659	12
IT	LC	LC4	CCL19	0.775	1.091460684629714	0.021677813157633785	12
IT	LC	LC4	CCL19	0.825	-0.13197549555044888	0.008716137670001779	12
IT	LC	LC4	CCL19	0.875	-0.9546807227478598	0.0	12
IT	LC	LC4	CCL19	0.925	-0.9546807227478598	0.0	12
IT	LC	LC4	CCL19	0.975	-0.9546807227478598	0.0	12
IT	LC	LC4	CCL21	0.025	0.0	0.0	12
IT	LC	LC4	CCL21	0.075	0.0	0.0	12
IT	LC	LC4	CCL21	0.125	0.0	0.0	12
IT	LC	LC4	CCL21	0.175	0.0	0.0	12
IT	LC	LC4	CCL21	0.225	0.0	0.0	12
IT	LC	LC4	CCL21	0.275	0.0	0.0	12
IT	LC	LC4	CCL21	0.325	0.0	0.0	12
IT	LC	LC4	CCL21	0.375	0.0	0.0	12
IT	LC	LC4	CCL21	0.425	0.0	0.0	12
IT	LC	LC4	CCL21	0.475	0.0	0.0	12
IT	LC	LC4	CCL21	0.525	0.0	0.0	12
IT	LC	LC4	CCL21	0.575	0.0	0.0	12
IT	LC	LC4	CCL21	0.625	0.0	0.0	12
IT	LC	LC4	CCL21	0.675	0.0	0.0	12
IT	LC	LC4	CCL21	0.725	0.0	0.0	12
IT	LC	LC4	CCL21	0.775	0.0	0.0	12
IT	LC	LC4	CCL21	0.825	0.0	0.0	12
IT	LC	LC4	CCL21	0.875	0.0	0.0	12
IT	LC	LC4	CCL21	0.925	0.0	0.0	12
IT	LC	LC4	CCL21	0.975	0.0	0.0	12
IT	LC	LC4	CD74	0.025	-0.4124573509537826	0.6084485550572994	12
IT	LC	LC4	CD74	0.075	-0.353641431146401	0.6121458896114162	12
IT	LC	LC4	CD74	0.125	0.3370292324594123	0.6555633949131707	12
IT	LC	LC4	CD74	0.175	0.7839590797559356	0.683658665259826	12
IT	LC	LC4	CD74	0.225	0.8134514305568443	0.6855126375866287	12
IT	LC	LC4	CD74	0.275	-0.27567209496250944	0.6170472619231704	12
IT	LC	LC4	CD74	0.325	-0.3533160122756212	0.6121663463591716	12
IT	LC	LC4	CD74	0.375	-1.2141226530780924	0.5580536138222105	12
IT	LC	LC4	CD74	0.425	-0.6445440081301667	0.5938589334048976	12
IT	LC	LC4	CD74	0.475	-0.7983862509416849	0.5841879762543054	12
IT	LC	LC4	CD74	0.525	-1.3781908211627978	0.5477398261763342	12
IT	LC	LC4	CD74	0.575	-0.9914145753875425	0.5720536715246637	12
IT	LC	LC4	CD74	0.625	-1.1869514297395207	0.5597616735321722	12
IT	LC	LC4	CD74	0.675	-1.074964896926575	0.5668014627375614	12
IT	LC	LC4	CD74	0.725	0.28244453243665746	0.6521320467648943	12
IT	LC	LC4	CD74	0.775	0.7568408393057671	0.6819539362036178	12
IT	LC	LC4	CD74	0.825	1.0715955690917847	0.701740305987866	12
IT	LC	LC4	CD74	0.875	0.9941395103220518	0.6968711997415824	12
IT	LC	LC4	CD74	0.925	1.2258108469566038	0.7114347131737034	12
IT	LC	LC4	CD74	0.975	2.418390483819623	0.7864036316969554	12
IT	LC	LC4	COL1A1	0.025	-0.18861772130619747	0.23854285735220848	12
IT	LC	LC4	COL1A1	0.075	-1.1694506113565353	0.17702263850716043	12
IT	LC	LC4	COL1A1	0.125	-1.1971057481038556	0.1752880412254588	12
IT	LC	LC4	COL1A1	0.175	-1.2089858267071893	0.17454289386856708	12
IT	LC	LC4	COL1A1	0.225	-0.548421139765095	0.21597511388710938	12
IT	LC	LC4	COL1A1	0.275	-0.3783871674959345	0.2266400572135457	12
IT	LC	LC4	COL1A1	0.325	-0.20930838661409482	0.23724508861840699	12
IT	LC	LC4	COL1A1	0.375	-0.36372331097086213	0.22755980987649782	12
IT	LC	LC4	COL1A1	0.425	0.6603102856272676	0.29178968186230103	12
IT	LC	LC4	COL1A1	0.475	0.1656623064234991	0.26076416034832034	12
IT	LC	LC4	COL1A1	0.525	-0.19708017174653134	0.2380120719265403	12
IT	LC	LC4	COL1A1	0.575	-0.791498698921668	0.2007286995515695	12
IT	LC	LC4	COL1A1	0.625	-0.5343278031847711	0.21685908215476601	12
IT	LC	LC4	COL1A1	0.675	-0.4189809282275884	0.22409391804010637	12
IT	LC	LC4	COL1A1	0.725	-0.5900886400722628	0.2133616271620756	12
IT	LC	LC4	COL1A1	0.775	0.43524727596313517	0.2776731837830492	12
IT	LC	LC4	COL1A1	0.825	0.9344089284720296	0.30898181383911005	12
IT	LC	LC4	COL1A1	0.875	1.4665266487156092	0.3423575284310555	12
IT	LC	LC4	COL1A1	0.925	1.2342835708507285	0.32779067905188985	12
IT	LC	LC4	COL1A1	0.975	2.899537138420328	0.4322394235308001	12
IT	LC	LC4	CXCL10	0.025	-0.7964850260730372	0.0	12
IT	LC	LC4	CXCL10	0.075	1.642988700390884	0.009353165084993221	12
IT	LC	LC4	CXCL10	0.125	1.3442776318442815	0.008207879564381806	12
IT	LC	LC4	CXCL10	0.175	-0.7964850260730372	0.0	12
IT	LC	LC4	CXCL10	0.225	-0.7964850260730372	0.0	12
IT	LC	LC4	CXCL10	0.275	0.477128179978711	0.0048831493618489135	12
IT	LC	LC4	CXCL10	0.325	-0.7964850260730372	0.0	12
IT	LC	LC4	CXCL10	0.375	-0.7964850260730372	0.0	12
IT	LC	LC4	CXCL10	0.425	-0.7964850260730372	0.0	12
IT	LC	LC4	CXCL10	0.475	-0.7964850260730372	0.0	12
IT	LC	LC4	CXCL10	0.525	-0.7964850260730372	0.0	12
IT	LC	LC4	CXCL10	0.575	1.0097300661458055	0.006925193640440277	12
IT	LC	LC4	CXCL10	0.625	1.2731364337610533	0.007935117713004484	12
IT	LC	LC4	CXCL10	0.675	1.568796642308781	0.00906870595771941	12
IT	LC	LC4	CXCL10	0.725	-0.7964850260730372	0.0	12
IT	LC	LC4	CXCL10	0.775	-0.7964850260730372	0.0	12
IT	LC	LC4	CXCL10	0.825	1.26032615506321	0.00788600193440605	12
IT	LC	LC4	CXCL10	0.875	0.9814365033837189	0.006816713536520483	12
IT	LC	LC4	CXCL10	0.925	-0.7964850260730372	0.0	12
IT	LC	LC4	CXCL10	0.975	-0.7964850260730372	0.0	12
IT	LC	LC4	CXCL11	0.025	-0.5294799222362176	0.0	12
IT	LC	LC4	CXCL11	0.075	0.35864508017806507	0.0012838131057428034	12
IT	LC	LC4	CXCL11	0.125	-0.5294799222362176	0.0	12
IT	LC	LC4	CXCL11	0.175	-0.5294799222362176	0.0	12
IT	LC	LC4	CXCL11	0.225	-0.5294799222362176	0.0	12
IT	LC	LC4	CXCL11	0.275	-0.5294799222362176	0.0	12
IT	LC	LC4	CXCL11	0.325	-0.5294799222362176	0.0	12
IT	LC	LC4	CXCL11	0.375	-0.5294799222362176	0.0	12
IT	LC	LC4	CXCL11	0.425	-0.5294799222362176	0.0	12
IT	LC	LC4	CXCL11	0.475	-0.5294799222362176	0.0	12
IT	LC	LC4	CXCL11	0.525	-0.5294799222362176	0.0	12
IT	LC	LC4	CXCL11	0.575	-0.5294799222362176	0.0	12
IT	LC	LC4	CXCL11	0.625	-0.5294799222362176	0.0	12
IT	LC	LC4	CXCL11	0.675	3.729097334058627	0.006155909673286356	12
IT	LC	LC4	CXCL11	0.725	-0.5294799222362176	0.0	12
IT	LC	LC4	CXCL11	0.775	0.30481932245598725	0.0012060062508493	12
IT	LC	LC4	CXCL11	0.825	0.2352943853983035	0.0011055057299451916	12
IT	LC	LC4	CXCL11	0.875	0.41989508034456735	0.0013723519406216174	12
IT	LC	LC4	CXCL11	0.925	0.5230464890756787	0.001521460602178091	12
IT	LC	LC4	CXCL11	0.975	1.3124412975596011	0.002662556053811659	12
IT	LC	LC4	CXCL13	0.025	-1.5902390785859806	0.0	12
IT	LC	LC4	CXCL13	0.075	-1.1173283086239556	0.0025585852741212213	12
IT	LC	LC4	CXCL13	0.125	-0.3600096630204327	0.006655900153658002	12
IT	LC	LC4	CXCL13	0.175	-0.5456974154323577	0.005651275224215247	12
IT	LC	LC4	CXCL13	0.225	0.14048297537226412	0.00936371138515197	12
IT	LC	LC4	CXCL13	0.275	0.4937875060726328	0.01127519200041235	12
IT	LC	LC4	CXCL13	0.325	0.37549773181586166	0.010635209801409352	12
IT	LC	LC4	CXCL13	0.375	0.23260701855055577	0.009862129343126181	12
IT	LC	LC4	CXCL13	0.425	0.05971977798868977	0.008926758918340626	12
IT	LC	LC4	CXCL13	0.475	-0.5023537399147764	0.005885777157665562	12
IT	LC	LC4	CXCL13	0.525	-1.5902390785859806	0.0	12
IT	LC	LC4	CXCL13	0.575	-1.5902390785859806	0.0	12
IT	LC	LC4	CXCL13	0.625	-0.11865167152053518	0.007961717322703869	12
IT	LC	LC4	CXCL13	0.675	1.2502139487738992	0.015367679801878094	12
IT	LC	LC4	CXCL13	0.725	1.4791662773160275	0.01660637871400203	12
IT	LC	LC4	CXCL13	0.775	0.10627474399287104	0.00917863487046808	12
IT	LC	LC4	CXCL13	0.825	-0.10538838425409586	0.008033475577414533	12
IT	LC	LC4	CXCL13	0.875	0.29470980329424895	0.01019812353192398	12
IT	LC	LC4	CXCL13	0.925	2.3750492726049353	0.021453367162300372	12
IT	LC	LC4	CXCL13	0.975	0.7126373627421074	0.012459233591520588	12
IT	LC	LC4	CXCL16	0.025	-1.2025604678518587	0.0	12
IT	LC	LC4	CXCL16	0.075	-1.2025604678518587	0.0	12
IT	LC	LC4	CXCL16	0.125	-1.2025604678518587	0.0	12
IT	LC	LC4	CXCL16	0.175	-0.5311609234783319	0.010471605771844	12
IT	LC	LC4	CXCL16	0.225	0.2654394090210706	0.02289592853100985	12
IT	LC	LC4	CXCL16	0.275	0.7413140353576642	0.030317994163285643	12
IT	LC	LC4	CXCL16	0.325	0.5739647478294173	0.027707900397389622	12
IT	LC	LC4	CXCL16	0.375	1.149566078010959	0.03668537180308481	12
IT	LC	LC4	CXCL16	0.425	1.3988908216653309	0.04057401076120441	12
IT	LC	LC4	CXCL16	0.475	1.7889884196203976	0.04665823928438633	12
IT	LC	LC4	CXCL16	0.525	1.5820456377070862	0.04343061834289924	12
IT	LC	LC4	CXCL16	0.575	0.5057672173458632	0.02664424514200299	12
IT	LC	LC4	CXCL16	0.625	0.4605086978511642	0.02593836236633322	12
IT	LC	LC4	CXCL16	0.675	0.43459937614756217	0.02553426289237668	12
IT	LC	LC4	CXCL16	0.725	-0.33007833399644687	0.013607827150428048	12
IT	LC	LC4	CXCL16	0.775	-0.3664723759048086	0.013040200820469878	12
IT	LC	LC4	CXCL16	0.825	-0.4580100000657772	0.011612517525868761	12
IT	LC	LC4	CXCL16	0.875	-1.2025604678518587	0.0	12
IT	LC	LC4	CXCL16	0.925	-1.2025604678518587	0.0	12
IT	LC	LC4	CXCL16	0.975	-1.2025604678518587	0.0	12
IT	LC	LC4	EMT	0.025	-2.2633824161685583	0.00826065110990611	12
IT	LC	LC4	EMT	0.075	-2.0964154022846038	0.008531648038984471	12
IT	LC	LC4	EMT	0.125	-0.8871310271034688	0.010494385135572305	12
IT	LC	LC4	EMT	0.175	-0.1327911576194481	0.011718721508106468	12
IT	LC	LC4	EMT	0.225	0.2282860686561518	0.012304770316219122	12
IT	LC	LC4	EMT	0.275	1.0467446115537427	0.013633174930662028	12
IT	LC	LC4	EMT	0.325	0.767929836399762	0.01318064274426911	12
IT	LC	LC4	EMT	0.375	0.7764170155613069	0.013194417917195871	12
IT	LC	LC4	EMT	0.425	0.3131654850727896	0.012442534420971329	12
IT	LC	LC4	EMT	0.475	0.0963206224655388	0.012090582915784642	12
IT	LC	LC4	EMT	0.525	0.3348922145870782	0.012477798134685348	12
IT	LC	LC4	EMT	0.575	0.18238795979311756	0.012230275083519856	12
IT	LC	LC4	EMT	0.625	1.415243530025588	0.014231269565953128	12
IT	LC	LC4	EMT	0.675	1.232983112489963	0.013935450575748135	12
IT	LC	LC4	EMT	0.725	1.2399397279053086	0.013946741556945464	12
IT	LC	LC4	EMT	0.775	-0.7135563465228097	0.010776106682295353	12
IT	LC	LC4	EMT	0.825	-0.5507910607075885	0.011040283968517549	12
IT	LC	LC4	EMT	0.875	-0.8767283081605857	0.010511269338158248	12
IT	LC	LC4	EMT	0.925	0.4102383750612705	0.012600089224592142	12
IT	LC	LC4	EMT	0.975	-0.5237528410045577	0.01108416853192215	12
IT	LC	LC4	G2M	0.025	-1.4624177859002305	0.01033160254897333	12
IT	LC	LC4	G2M	0.075	-0.6218516299900934	0.011232439608772689	12
IT	LC	LC4	G2M	0.125	-1.6062512074048965	0.010177455875783937	12
IT	LC	LC4	G2M	0.175	-1.7772104069161452	0.009994238431742769	12
IT	LC	LC4	G2M	0.225	-1.0360325889643787	0.010788560736557946	12
IT	LC	LC4	G2M	0.275	-0.2164312473641756	0.011666929747234208	12
IT	LC	LC4	G2M	0.325	0.0568636211777678	0.011959820609071258	12
IT	LC	LC4	G2M	0.375	0.7113201938885538	0.012661203516986215	12
IT	LC	LC4	G2M	0.425	1.6398799173254088	0.01365634352497672	12
IT	LC	LC4	G2M	0.475	1.698933078603022	0.013719630960240613	12
IT	LC	LC4	G2M	0.525	0.9994364275868926	0.012969978476601677	12
IT	LC	LC4	G2M	0.575	-0.33887554529750535	0.011535705856569677	12
IT	LC	LC4	G2M	0.625	0.48014718198472633	0.0124134547646909	12
IT	LC	LC4	G2M	0.675	0.8597423362288413	0.012820267934908414	12
IT	LC	LC4	G2M	0.725	0.32279241230312483	0.01224481722549341	12
IT	LC	LC4	G2M	0.775	1.175358438721118	0.013158514579500742	12
IT	LC	LC4	G2M	0.825	-0.09958851570897444	0.011792150423921136	12
IT	LC	LC4	G2M	0.875	-0.314661248560527	0.011561656384941867	12
IT	LC	LC4	G2M	0.925	0.3735729321921422	0.01229923884824168	12
IT	LC	LC4	G2M	0.975	-0.844726363904697	0.010993584143808358	12
IT	LC	LC4	HLA-DRA	0.025	-1.199101494979322	0.25738247178830137	12
IT	LC	LC4	HLA-DRA	0.075	-0.3289518043885105	0.3098174247277386	12
IT	LC	LC4	HLA-DRA	0.125	-0.8168399330553026	0.280417436032709	12
IT	LC	LC4	HLA-DRA	0.175	0.8775732159860399	0.38252225166462833	12
IT	LC	LC4	HLA-DRA	0.225	0.6711871683745824	0.3700854918623977	12
IT	LC	LC4	HLA-DRA	0.275	-0.39271889749718486	0.3059748392939981	12
IT	LC	LC4	HLA-DRA	0.325	-0.1350264025665406	0.321503309844117	12
IT	LC	LC4	HLA-DRA	0.375	-0.7078966205626467	0.28698232656291217	12
IT	LC	LC4	HLA-DRA	0.425	-0.3883079789575425	0.3062406398896276	12
IT	LC	LC4	HLA-DRA	0.475	-1.1395265205538794	0.26097244143851783	12
IT	LC	LC4	HLA-DRA	0.525	-1.8209886276199163	0.21990774429456333	12
IT	LC	LC4	HLA-DRA	0.575	-0.979703246008914	0.27060334284549525	12
IT	LC	LC4	HLA-DRA	0.625	-0.5957682710795291	0.2937391464433307	12
IT	LC	LC4	HLA-DRA	0.675	-0.12694617749062587	0.3219902217239661	12
IT	LC	LC4	HLA-DRA	0.725	0.8649560648323639	0.38176194601362756	12
IT	LC	LC4	HLA-DRA	0.775	1.6947078393277115	0.4317625329442937	12
IT	LC	LC4	HLA-DRA	0.825	2.0080739334892344	0.45064587747438045	12
IT	LC	LC4	HLA-DRA	0.875	0.9774815631330135	0.3885426979597383	12
IT	LC	LC4	HLA-DRA	0.925	0.7145213124703723	0.37269679406810297	12
IT	LC	LC4	HLA-DRA	0.975	0.8232748771465891	0.37925025045320104	12
IT	LC	LC4	IFN_I	0.025	-0.8067707058026181	0.04265423782866411	12
IT	LC	LC4	IFN_I	0.075	-0.6390537472274028	0.043580445286082695	12
IT	LC	LC4	IFN_I	0.125	-0.46790085650383517	0.04452562748526874	12
IT	LC	LC4	IFN_I	0.175	0.5873054512836497	0.05035294488769825	12
IT	LC	LC4	IFN_I	0.225	-0.6337201653245321	0.04360989969173826	12
IT	LC	LC4	IFN_I	0.275	-0.5864639733651426	0.043870869350226084	12
IT	LC	LC4	IFN_I	0.325	-0.34707001495634837	0.04519290900216589	12
IT	LC	LC4	IFN_I	0.375	-0.02635339910974101	0.04696404844947445	12
IT	LC	LC4	IFN_I	0.425	0.1923311386078232	0.0481717214920625	12
IT	LC	LC4	IFN_I	0.475	-1.005054531776954	0.04155922656764987	12
IT	LC	LC4	IFN_I	0.525	-0.8140219336767603	0.042614193331139666	12
IT	LC	LC4	IFN_I	0.575	-1.0892443046357887	0.041094293288852904	12
IT	LC	LC4	IFN_I	0.625	-1.4040724922957846	0.039355672354551285	12
IT	LC	LC4	IFN_I	0.675	-0.8941224042369238	0.042171842993965564	12
IT	LC	LC4	IFN_I	0.725	0.38776522760859095	0.04925099524114579	12
IT	LC	LC4	IFN_I	0.775	1.5109074069302244	0.05545348466777428	12
IT	LC	LC4	IFN_I	0.825	1.7152874623941492	0.05658216201278717	12
IT	LC	LC4	IFN_I	0.875	1.3277697453245465	0.05444211724640937	12
IT	LC	LC4	IFN_I	0.925	1.1591707841571997	0.05351103897935272	12
IT	LC	LC4	IFN_I	0.975	1.833311312605648	0.057233942078129346	12
IT	LC	LC4	IFN_II	0.025	-2.052595400018806	0.035423874829704424	12
IT	LC	LC4	IFN_II	0.075	-2.002770096309077	0.03572091646317321	12
IT	LC	LC4	IFN_II	0.125	-1.8470714939145787	0.03664913894734522	12
IT	LC	LC4	IFN_II	0.175	-1.003574227761625	0.041677784778070145	12
IT	LC	LC4	IFN_II	0.225	-0.32525600039134217	0.04572168896465676	12
IT	LC	LC4	IFN_II	0.275	0.029182332231463066	0.04783473060108284	12
IT	LC	LC4	IFN_II	0.325	0.25334628126511816	0.04917112035946117	12
IT	LC	LC4	IFN_II	0.375	0.9521236036137289	0.05333699476076158	12
IT	LC	LC4	IFN_II	0.425	1.1857429768414305	0.054729754564852066	12
IT	LC	LC4	IFN_II	0.475	1.1555119364959727	0.054549527312089285	12
IT	LC	LC4	IFN_II	0.525	0.3308446281107591	0.04963313933022893	12
IT	LC	LC4	IFN_II	0.575	-0.07190225782580124	0.04723209841395039	12
IT	LC	LC4	IFN_II	0.625	-0.5786692909133332	0.04421092451055761	12
IT	LC	LC4	IFN_II	0.675	0.24706224312711902	0.049133657046358935	12
IT	LC	LC4	IFN_II	0.725	0.6980298354894884	0.05182217352901208	12
IT	LC	LC4	IFN_II	0.775	1.0000174330773353	0.05362252159708204	12
IT	LC	LC4	IFN_II	0.825	0.9116367056661344	0.05309562554863394	12
IT	LC	LC4	IFN_II	0.875	0.2134129931836314	0.048933051582387393	12
IT	LC	LC4	IFN_II	0.925	0.09575081393650431	0.048231589407170594	12
IT	LC	LC4	IFN_II	0.975	0.8091769840959048	0.052484795291837416	12
IT	LC	LC4	INFLAMMATION	0.025	-1.4445594101198802	0.01991527697690689	12
IT	LC	LC4	INFLAMMATION	0.075	-1.8994644502447957	0.01908366989104513	12
IT	LC	LC4	INFLAMMATION	0.125	-1.5053905614307133	0.019804072193470492	12
IT	LC	LC4	INFLAMMATION	0.175	-1.289823145683279	0.020198148703080603	12
IT	LC	LC4	INFLAMMATION	0.225	-1.1100030886134669	0.020526875844899605	12
IT	LC	LC4	INFLAMMATION	0.275	-0.6359476493777853	0.021393491572550036	12
IT	LC	LC4	INFLAMMATION	0.325	0.5204031056973554	0.023507404140759927	12
IT	LC	LC4	INFLAMMATION	0.375	1.4506270320420922	0.025207936648322403	12
IT	LC	LC4	INFLAMMATION	0.425	1.827580076409845	0.02589704051634573	12
IT	LC	LC4	INFLAMMATION	0.475	1.2399272907237846	0.02482275868278166	12
IT	LC	LC4	INFLAMMATION	0.525	0.40620936408042135	0.02329864777115885	12
IT	LC	LC4	INFLAMMATION	0.575	0.6178645320936366	0.023685572342121437	12
IT	LC	LC4	INFLAMMATION	0.625	0.3099636272959868	0.023122701959101145	12
IT	LC	LC4	INFLAMMATION	0.675	-0.0233240438882466	0.022513422297325877	12
IT	LC	LC4	INFLAMMATION	0.725	0.4255230424887724	0.023333954902102112	12
IT	LC	LC4	INFLAMMATION	0.775	0.4463477620981102	0.023372024351461157	12
IT	LC	LC4	INFLAMMATION	0.825	0.615053520412241	0.023680433561438667	12
IT	LC	LC4	INFLAMMATION	0.875	0.14883390847865344	0.022828142426688375	12
IT	LC	LC4	INFLAMMATION	0.925	-0.21901191630887148	0.022155687370323272	12
IT	LC	LC4	INFLAMMATION	0.975	0.1191910038461354	0.022773952546683622	12
IT	LC	LC4	MHC_II	0.025	-0.8995225855776849	0.1788770553064275	12
IT	LC	LC4	MHC_II	0.075	-0.6358963096066858	0.18470321625039107	12
IT	LC	LC4	MHC_II	0.125	0.306850863143125	0.20553800116580387	12
IT	LC	LC4	MHC_II	0.175	0.31784506981036	0.20578097397744255	12
IT	LC	LC4	MHC_II	0.225	0.34039150189753814	0.20627925185800744	12
IT	LC	LC4	MHC_II	0.275	-0.34356427869331463	0.19116377658302042	12
IT	LC	LC4	MHC_II	0.325	-0.23556421245570647	0.1935505863406648	12
IT	LC	LC4	MHC_II	0.375	-0.7293429464846299	0.1826380383992162	12
IT	LC	LC4	MHC_II	0.425	-0.34136522299977373	0.1912123758827227	12
IT	LC	LC4	MHC_II	0.475	-0.8466566070176721	0.18004539749241144	12
IT	LC	LC4	MHC_II	0.525	-1.623184860175386	0.16288406346465534	12
IT	LC	LC4	MHC_II	0.575	-1.4209142225377538	0.16735426008968607	12
IT	LC	LC4	MHC_II	0.625	-0.8971377000429714	0.17892976145989037	12
IT	LC	LC4	MHC_II	0.675	-0.6581498700495703	0.18421141085565595	12
IT	LC	LC4	MHC_II	0.725	0.40579838929917894	0.2077247490924621	12
IT	LC	LC4	MHC_II	0.775	1.0446315613028792	0.22184301125251235	12
IT	LC	LC4	MHC_II	0.825	1.6548205774032725	0.23532823536739061	12
IT	LC	LC4	MHC_II	0.875	1.2531545717784727	0.22645138579740884	12
IT	LC	LC4	MHC_II	0.925	1.5856014541761396	0.23379848742843445	12
IT	LC	LC4	MHC_II	0.975	1.7222048268302093	0.23681743245445452	12
IT	LC	LC4	MKI67	0.025	-1.1474927967916244	0.0	12
IT	LC	LC4	MKI67	0.075	-1.1474927967916244	0.0	12
IT	LC	LC4	MKI67	0.125	-1.1474927967916244	0.0	12
IT	LC	LC4	MKI67	0.175	-1.1474927967916244	0.0	12
IT	LC	LC4	MKI67	0.225	-0.13787209689728186	0.008316557948443364	12
IT	LC	LC4	MKI67	0.275	0.11014783370577443	0.01035957482145823	12
IT	LC	LC4	MKI67	0.325	0.07001170737176438	0.010028961136023917	12
IT	LC	LC4	MKI67	0.375	0.9786724533964555	0.017513880720756044	12
IT	LC	LC4	MKI67	0.425	1.2693599174337034	0.019908363262372726	12
IT	LC	LC4	MKI67	0.475	1.5219350109415737	0.021988902421000843	12
IT	LC	LC4	MKI67	0.525	0.35785711525620695	0.01240003278215281	12
IT	LC	LC4	MKI67	0.575	-0.30385104375698946	0.006949338031176595	12
IT	LC	LC4	MKI67	0.625	-0.4827094266705237	0.005476026215936529	12
IT	LC	LC4	MKI67	0.675	0.30134043534783594	0.01193448741094481	12
IT	LC	LC4	MKI67	0.725	0.3298259026093503	0.012169131014422494	12
IT	LC	LC4	MKI67	0.775	-0.20125013273880094	0.0077944934664159315	12
IT	LC	LC4	MKI67	0.825	-0.33242069277787933	0.006714000996512207	12
IT	LC	LC4	MKI67	0.875	-0.8314700603214041	0.0026031770160370904	12
IT	LC	LC4	MKI67	0.925	-0.8233661349816471	0.0026699315553457637	12
IT	LC	LC4	MKI67	0.975	2.7637603992483597	0.03221820220138606	12
IT	LC	LC4	MYC	0.025	-0.15784691070647736	0.167096158918897	12
IT	LC	LC4	MYC	0.075	0.004653298306707257	0.1735954516335682	12
IT	LC	LC4	MYC	0.125	0.04338650729543458	0.17514460941327203	12
IT	LC	LC4	MYC	0.175	0.866220687075959	0.20805435286840884	12
IT	LC	LC4	MYC	0.225	0.8916636436333689	0.2090719590807175	12
IT	LC	LC4	MYC	0.275	0.2661273089953604	0.1840532605377201	12
IT	LC	LC4	MYC	0.325	-1.0126301884378337	0.1329085922485586	12
IT	LC	LC4	MYC	0.375	-0.9653905900858623	0.13479796814091854	12
IT	LC	LC4	MYC	0.425	-1.1309663246416086	0.12817566794906352	12
IT	LC	LC4	MYC	0.475	-1.166661887792716	0.1267480026251669	12
IT	LC	LC4	MYC	0.525	-1.5192051308756724	0.11264782549130417	12
IT	LC	LC4	MYC	0.575	-1.416950653420109	0.11673755426399475	12
IT	LC	LC4	MYC	0.625	-1.03046368192511	0.1321953310472171	12
IT	LC	LC4	MYC	0.675	-0.234678108823474	0.1640232493564192	12
IT	LC	LC4	MYC	0.725	0.335717604901399	0.18683656590046724	12
IT	LC	LC4	MYC	0.775	1.3362035769391725	0.22685159867293742	12
IT	LC	LC4	MYC	0.825	1.5584358355617987	0.23573991031390135	12
IT	LC	LC4	MYC	0.875	1.4479619059018725	0.2313214396512476	12
IT	LC	LC4	MYC	0.925	0.689505708593232	0.20098653197635769	12
IT	LC	LC4	MYC	0.975	1.1949173995045617	0.22120077379547523	12
IT	LC	LC4	TNFSF14	0.025	-0.7859247112440456	0.0	12
IT	LC	LC4	TNFSF14	0.075	-0.007406255447727661	0.009392272395453123	12
IT	LC	LC4	TNFSF14	0.125	-0.7859247112440456	0.0	12
IT	LC	LC4	TNFSF14	0.175	-0.7859247112440456	0.0	12
IT	LC	LC4	TNFSF14	0.225	-0.7859247112440456	0.0	12
IT	LC	LC4	TNFSF14	0.275	-0.42322045115238566	0.004375769366042381	12
IT	LC	LC4	TNFSF14	0.325	0.42589145200070205	0.014619701580183643	12
IT	LC	LC4	TNFSF14	0.375	1.2676795660608213	0.02477527747904957	12
IT	LC	LC4	TNFSF14	0.425	1.6609823460943893	0.029520196262234722	12
IT	LC	LC4	TNFSF14	0.475	1.774000780274234	0.030883683423806152	12
IT	LC	LC4	TNFSF14	0.525	2.330124555008332	0.037592921899787524	12
IT	LC	LC4	TNFSF14	0.575	0.9361807570286842	0.020775979723142914	12
IT	LC	LC4	TNFSF14	0.625	-0.2883104094426878	0.006003363228699552	12
IT	LC	LC4	TNFSF14	0.675	-0.7264526004778702	0.0007174887892376681	12
IT	LC	LC4	TNFSF14	0.725	-0.656067738617581	0.001566632172013338	12
IT	LC	LC4	TNFSF14	0.775	-0.6624022250871646	0.0014902110904517118	12
IT	LC	LC4	TNFSF14	0.825	-0.12952679753342455	0.00791897476479381	12
IT	LC	LC4	TNFSF14	0.875	-0.7859247112440456	0.0	12
IT	LC	LC4	TNFSF14	0.925	-0.7859247112440456	0.0	12
IT	LC	LC4	TNFSF14	0.975	-0.7859247112440456	0.0	12
