section_id	cohort	set_id	obs	null_median	p_one_sided	n_anchors	sigma	rho_s	note
usz-KC1	USZ	GOBP_NEGATIVE_REGULATION_OF_VASCULAR_ENDOTHELIAL_GROWTH_FACTOR_PRODUCTION	-0.023336			20		0.0072	sigma unfit
usz-KC1	USZ	GOBP_REGULATION_OF_INTEGRIN_MEDIATED_SIGNALING_PATHWAY	0.006559			20		0.1082	sigma unfit
usz-KC1	USZ	GOBP_COMPLEMENT_ACTIVATION_CLASSICAL_PATHWAY	0.001035	-0.00051	0.393	20	75.7	0.3405	
usz-KC1	USZ	GOBP_PEPTIDE_ANTIGEN_ASSEMBLY_WITH_MHC_PROTEIN_COMPLEX	0.009135	0.000404	0.1343	20	41.0	0.3252	
usz-KC1	USZ	GOBP_NEGATIVE_REGULATION_OF_REACTIVE_OXYGEN_SPECIES_BIOSYNTHETIC_PROCESS	-0.002288			20		0.0722	sigma unfit
usz-KC1	USZ	GOBP_MRNA_5_SPLICE_SITE_RECOGNITION	0.00634			20		0.0491	sigma unfit
usz-KC1	USZ	GOBP_RESPONSE_TO_INTERFERON_ALPHA	0.005518			20		0.1591	sigma unfit
usz-KC1	USZ	GOBP_POSITIVE_REGULATION_OF_VASCULAR_ASSOCIATED_SMOOTH_MUSCLE_CELL_MIGRATION	0.003898			20		0.0872	sigma unfit
usz-KC1	USZ	GOBP_NEGATIVE_REGULATION_OF_EXTRACELLULAR_MATRIX_ORGANIZATION	0.003712			20		0.1602	sigma unfit
usz-KC1	USZ	GOBP_CELL_FATE_DETERMINATION	0.000974			20		0.1183	sigma unfit
usz-KC1	USZ	GOBP_HYPERSENSITIVITY	0.001432			20		0.1256	sigma unfit
usz-KC1	USZ	GOBP_NEGATIVE_REGULATION_OF_BLOOD_VESSEL_ENDOTHELIAL_CELL_PROLIFERATION_INVOLVED_IN_SPROUTING_ANGIOGENESIS	0.007776			20		0.0608	sigma unfit
usz-KC1	USZ	GOBP_PHYSIOLOGICAL_CARDIAC_MUSCLE_HYPERTROPHY	0.002913			20		0.0955	sigma unfit
usz-KC1	USZ	GOBP_INTEGRIN_MEDIATED_SIGNALING_PATHWAY	0.002274	-0.000271	0.1791	20	44.2	0.208	
usz-KC1	USZ	GOBP_RESPONSE_TO_PROSTAGLANDIN_E	0.003497			20		0.2205	sigma unfit
usz-KC1	USZ	GOBP_CELL_ADHESION_MOLECULE_PRODUCTION	0.005127			20		0.0213	sigma unfit
usz-KC1	USZ	GOBP_POSITIVE_REGULATION_OF_RNA_SPLICING	0.006614			20		0.1304	sigma unfit
usz-KC1	USZ	GOBP_DEFINITIVE_HEMOPOIESIS	0.000802			20		0.0602	sigma unfit
usz-KC1	USZ	GOBP_PROTEIN_DEACETYLATION	0.001413			20		0.0725	sigma unfit
usz-KC1	USZ	GOBP_CELL_JUNCTION_DISASSEMBLY	0.005036	0.000214	0.1095	20	42.9	0.1585	
usz-KC1	USZ	GOBP_REGULATION_OF_SYNAPTIC_VESICLE_ENDOCYTOSIS	-0.000263			20		0.1217	sigma unfit
usz-KC1	USZ	GOBP_RESPONSE_TO_NITRIC_OXIDE	0.003823			20		0.0761	sigma unfit
usz-KC1	USZ	GOBP_REGULATION_OF_CELL_GROWTH_INVOLVED_IN_CARDIAC_MUSCLE_CELL_DEVELOPMENT	0.001229			20		0.0982	sigma unfit
usz-KC1	USZ	GOBP_INNERVATION	0.000107			20		0.0913	sigma unfit
usz-KC1	USZ	GOBP_RESPONSE_TO_ETHER	0.001074			20		0.0548	sigma unfit
usz-KC1	USZ	GOBP_RESCUE_OF_STALLED_RIBOSOME	-0.003492			20		0.0127	sigma unfit
usz-KC1	USZ	GOBP_NEGATIVE_REGULATION_OF_MUSCLE_HYPERTROPHY	0.001855			20		0.0983	sigma unfit
usz-KC1	USZ	GOBP_NEURON_INTRINSIC_APOPTOTIC_SIGNALING_PATHWAY_IN_RESPONSE_TO_OXIDATIVE_STRESS	-0.003911			20		0.1387	sigma unfit
usz-KC1	USZ	GOBP_POSITIVE_REGULATION_OF_T_CELL_MIGRATION	-0.001828			20		0.1291	sigma unfit
usz-KC1	USZ	GOBP_POSITIVE_REGULATION_OF_LEUKOCYTE_ADHESION_TO_VASCULAR_ENDOTHELIAL_CELL	-0.003463			20		0.09	sigma unfit
usz-KC1	USZ	CTRL_B_AXIS	0.001463			20		0.9644	sigma unfit
usz-KC1	USZ	CTRL_MYC_V1	0.004252	-0.000221	0.0846	20	81.9	0.0148	
usz-KC1	USZ	CTRL_RANDOM_32	0.008531			20		0.0416	sigma unfit
usz-KC2	USZ	GOBP_NEGATIVE_REGULATION_OF_VASCULAR_ENDOTHELIAL_GROWTH_FACTOR_PRODUCTION	0.0536			8		0.0129	sigma unfit
usz-KC2	USZ	GOBP_REGULATION_OF_INTEGRIN_MEDIATED_SIGNALING_PATHWAY	0.01036	0.000751	0.1244	8	41.0	0.0599	
usz-KC2	USZ	GOBP_COMPLEMENT_ACTIVATION_CLASSICAL_PATHWAY	0.00685	0.000175	0.0846	8	41.3	0.1704	
usz-KC2	USZ	GOBP_PEPTIDE_ANTIGEN_ASSEMBLY_WITH_MHC_PROTEIN_COMPLEX	-0.014566	0.000652	0.9204	8	41.3	0.2593	
usz-KC2	USZ	GOBP_NEGATIVE_REGULATION_OF_REACTIVE_OXYGEN_SPECIES_BIOSYNTHETIC_PROCESS	0.007937			8		0.1118	sigma unfit
usz-KC2	USZ	GOBP_MRNA_5_SPLICE_SITE_RECOGNITION	0.007373			8		0.0618	sigma unfit
usz-KC2	USZ	GOBP_RESPONSE_TO_INTERFERON_ALPHA	0.013991			8		0.0921	sigma unfit
usz-KC2	USZ	GOBP_POSITIVE_REGULATION_OF_VASCULAR_ASSOCIATED_SMOOTH_MUSCLE_CELL_MIGRATION	-0.001693			8		0.0957	sigma unfit
usz-KC2	USZ	GOBP_NEGATIVE_REGULATION_OF_EXTRACELLULAR_MATRIX_ORGANIZATION	-0.001108			8		0.063	sigma unfit
usz-KC2	USZ	GOBP_CELL_FATE_DETERMINATION	-0.002914			8		0.0789	sigma unfit
usz-KC2	USZ	GOBP_HYPERSENSITIVITY	-0.005802			8		0.043	sigma unfit
usz-KC2	USZ	GOBP_NEGATIVE_REGULATION_OF_BLOOD_VESSEL_ENDOTHELIAL_CELL_PROLIFERATION_INVOLVED_IN_SPROUTING_ANGIOGENESIS	-3.5e-05			8		0.0325	sigma unfit
usz-KC2	USZ	GOBP_PHYSIOLOGICAL_CARDIAC_MUSCLE_HYPERTROPHY	0.00225			8		0.0427	sigma unfit
usz-KC2	USZ	GOBP_INTEGRIN_MEDIATED_SIGNALING_PATHWAY	0.003237	-0.000357	0.194	8	75.5	0.1941	
usz-KC2	USZ	GOBP_RESPONSE_TO_PROSTAGLANDIN_E	0.001417			8		0.1151	sigma unfit
usz-KC2	USZ	GOBP_CELL_ADHESION_MOLECULE_PRODUCTION	0.008385			8		0.0715	sigma unfit
usz-KC2	USZ	GOBP_POSITIVE_REGULATION_OF_RNA_SPLICING	0.005796	-0.00023	0.2189	8	43.2	0.1526	
usz-KC2	USZ	GOBP_DEFINITIVE_HEMOPOIESIS	-0.002029			8		0.0787	sigma unfit
usz-KC2	USZ	GOBP_PROTEIN_DEACETYLATION	0.002261			8		0.0207	sigma unfit
usz-KC2	USZ	GOBP_CELL_JUNCTION_DISASSEMBLY	0.00243			8		0.0609	sigma unfit
usz-KC2	USZ	GOBP_REGULATION_OF_SYNAPTIC_VESICLE_ENDOCYTOSIS	0.008177	0.000515	0.1791	8	44.1	0.0884	
usz-KC2	USZ	GOBP_RESPONSE_TO_NITRIC_OXIDE	-0.012449			8		0.0643	sigma unfit
usz-KC2	USZ	GOBP_REGULATION_OF_CELL_GROWTH_INVOLVED_IN_CARDIAC_MUSCLE_CELL_DEVELOPMENT	-0.001191			8		0.0018	sigma unfit
usz-KC2	USZ	GOBP_INNERVATION	0.001105			8		0.05	sigma unfit
usz-KC2	USZ	GOBP_RESPONSE_TO_ETHER	-0.002202			8		0.0709	sigma unfit
usz-KC2	USZ	GOBP_RESCUE_OF_STALLED_RIBOSOME	-0.010998			8		0.083	sigma unfit
usz-KC2	USZ	GOBP_NEGATIVE_REGULATION_OF_MUSCLE_HYPERTROPHY	-0.003523			8		0.0886	sigma unfit
usz-KC2	USZ	GOBP_NEURON_INTRINSIC_APOPTOTIC_SIGNALING_PATHWAY_IN_RESPONSE_TO_OXIDATIVE_STRESS	0.000266			8		0.123	sigma unfit
usz-KC2	USZ	GOBP_POSITIVE_REGULATION_OF_T_CELL_MIGRATION	0.004342			8		0.2014	sigma unfit
usz-KC2	USZ	GOBP_POSITIVE_REGULATION_OF_LEUKOCYTE_ADHESION_TO_VASCULAR_ENDOTHELIAL_CELL	-0.000825			8		0.1402	sigma unfit
usz-KC2	USZ	CTRL_B_AXIS	-0.001651	-0.00019	0.6965	8	42.6	0.8937	
usz-KC2	USZ	CTRL_MYC_V1	0.0021	-7.6e-05	0.3433	8	84.3	0.1411	
usz-KC2	USZ	CTRL_RANDOM_32	-0.006134			8		-0.0058	sigma unfit
usz-KC3	USZ	GOBP_NEGATIVE_REGULATION_OF_VASCULAR_ENDOTHELIAL_GROWTH_FACTOR_PRODUCTION	-0.006969			13		0.0276	sigma unfit
usz-KC3	USZ	GOBP_REGULATION_OF_INTEGRIN_MEDIATED_SIGNALING_PATHWAY	0.010188	-0.000326	0.1045	13	44.7	-0.0889	
usz-KC3	USZ	GOBP_COMPLEMENT_ACTIVATION_CLASSICAL_PATHWAY	0.000138	-1.2e-05	0.4975	13	47.4	0.282	
usz-KC3	USZ	GOBP_PEPTIDE_ANTIGEN_ASSEMBLY_WITH_MHC_PROTEIN_COMPLEX	-0.014219	-0.001069	0.9104	13	47.0	0.4539	
usz-KC3	USZ	GOBP_NEGATIVE_REGULATION_OF_REACTIVE_OXYGEN_SPECIES_BIOSYNTHETIC_PROCESS	0.006064			13		0.0893	sigma unfit
usz-KC3	USZ	GOBP_MRNA_5_SPLICE_SITE_RECOGNITION	-0.001238			13		0.0225	sigma unfit
usz-KC3	USZ	GOBP_RESPONSE_TO_INTERFERON_ALPHA	0.005274	0.001233	0.3333	13	78.0	0.04	
usz-KC3	USZ	GOBP_POSITIVE_REGULATION_OF_VASCULAR_ASSOCIATED_SMOOTH_MUSCLE_CELL_MIGRATION	0.004426	-0.0	0.2438	13	44.7	-0.0487	
usz-KC3	USZ	GOBP_NEGATIVE_REGULATION_OF_EXTRACELLULAR_MATRIX_ORGANIZATION	0.008468			13		-0.0361	sigma unfit
usz-KC3	USZ	GOBP_CELL_FATE_DETERMINATION	-0.00091	-0.001362	0.4428	13	42.1	-0.036	
usz-KC3	USZ	GOBP_HYPERSENSITIVITY	-0.005958			13		0.2781	sigma unfit
usz-KC3	USZ	GOBP_NEGATIVE_REGULATION_OF_BLOOD_VESSEL_ENDOTHELIAL_CELL_PROLIFERATION_INVOLVED_IN_SPROUTING_ANGIOGENESIS	-0.000552	0.000755	0.5672	13	42.5	-0.1212	
usz-KC3	USZ	GOBP_PHYSIOLOGICAL_CARDIAC_MUSCLE_HYPERTROPHY	0.002236			13		-0.0444	sigma unfit
usz-KC3	USZ	GOBP_INTEGRIN_MEDIATED_SIGNALING_PATHWAY	0.004422	0.00012	0.1443	13	47.7	-0.1061	
usz-KC3	USZ	GOBP_RESPONSE_TO_PROSTAGLANDIN_E	-0.004055	-0.000804	0.7512	13	42.3	0.2409	
usz-KC3	USZ	GOBP_CELL_ADHESION_MOLECULE_PRODUCTION	-0.003341			13		-0.0046	sigma unfit
usz-KC3	USZ	GOBP_POSITIVE_REGULATION_OF_RNA_SPLICING	-0.005796	0.000674	0.791	13	75.8	0.1375	
usz-KC3	USZ	GOBP_DEFINITIVE_HEMOPOIESIS	0.004522			13		0.0368	sigma unfit
usz-KC3	USZ	GOBP_PROTEIN_DEACETYLATION	-0.007005			13		-0.1055	sigma unfit
usz-KC3	USZ	GOBP_CELL_JUNCTION_DISASSEMBLY	0.009039	-0.00032	0.0448	13	44.3	0.2385	
usz-KC3	USZ	GOBP_REGULATION_OF_SYNAPTIC_VESICLE_ENDOCYTOSIS	-0.008051	-0.000853	0.8259	13	78.1	-0.0267	
usz-KC3	USZ	GOBP_RESPONSE_TO_NITRIC_OXIDE	0.004471	-0.000278	0.2189	13	43.3	0.1696	
usz-KC3	USZ	GOBP_REGULATION_OF_CELL_GROWTH_INVOLVED_IN_CARDIAC_MUSCLE_CELL_DEVELOPMENT	-2.4e-05			13		0.017	sigma unfit
usz-KC3	USZ	GOBP_INNERVATION	-0.006435	-0.000655	0.9403	13	40.2	0.0056	
usz-KC3	USZ	GOBP_RESPONSE_TO_ETHER	-0.007066			13		0.0468	sigma unfit
usz-KC3	USZ	GOBP_RESCUE_OF_STALLED_RIBOSOME	-0.002541			13		0.0994	sigma unfit
usz-KC3	USZ	GOBP_NEGATIVE_REGULATION_OF_MUSCLE_HYPERTROPHY	0.005255	-0.000215	0.1144	13	44.0	-0.1967	
usz-KC3	USZ	GOBP_NEURON_INTRINSIC_APOPTOTIC_SIGNALING_PATHWAY_IN_RESPONSE_TO_OXIDATIVE_STRESS	-0.011932	-0.000528	0.9204	13	41.0	0.131	
usz-KC3	USZ	GOBP_POSITIVE_REGULATION_OF_T_CELL_MIGRATION	0.006			13		0.2604	sigma unfit
usz-KC3	USZ	GOBP_POSITIVE_REGULATION_OF_LEUKOCYTE_ADHESION_TO_VASCULAR_ENDOTHELIAL_CELL	0.009466			13		0.1554	sigma unfit
usz-KC3	USZ	CTRL_B_AXIS	-0.003851	-0.000225	0.9303	13	43.9	0.9385	
usz-KC3	USZ	CTRL_MYC_V1	-0.009139	-0.000642	0.9303	13	133.7	0.1002	
usz-KC3	USZ	CTRL_RANDOM_32	5e-06			13		-0.0193	sigma unfit
usz-LC1	USZ	GOBP_NEGATIVE_REGULATION_OF_VASCULAR_ENDOTHELIAL_GROWTH_FACTOR_PRODUCTION	-0.004633			16		0.0232	sigma unfit
usz-LC1	USZ	GOBP_REGULATION_OF_INTEGRIN_MEDIATED_SIGNALING_PATHWAY	0.005128			16		0.1198	sigma unfit
usz-LC1	USZ	GOBP_COMPLEMENT_ACTIVATION_CLASSICAL_PATHWAY	0.002403	0.000164	0.3532	16	44.7	0.5714	
usz-LC1	USZ	GOBP_PEPTIDE_ANTIGEN_ASSEMBLY_WITH_MHC_PROTEIN_COMPLEX	0.012423	0.000821	0.0547	16	41.9	0.3411	
usz-LC1	USZ	GOBP_NEGATIVE_REGULATION_OF_REACTIVE_OXYGEN_SPECIES_BIOSYNTHETIC_PROCESS	0.008311			16		0.1375	sigma unfit
usz-LC1	USZ	GOBP_MRNA_5_SPLICE_SITE_RECOGNITION	-0.005074			16		0.0515	sigma unfit
usz-LC1	USZ	GOBP_RESPONSE_TO_INTERFERON_ALPHA	0.005193			16		0.1127	sigma unfit
usz-LC1	USZ	GOBP_POSITIVE_REGULATION_OF_VASCULAR_ASSOCIATED_SMOOTH_MUSCLE_CELL_MIGRATION	0.012914			16		0.2348	sigma unfit
usz-LC1	USZ	GOBP_NEGATIVE_REGULATION_OF_EXTRACELLULAR_MATRIX_ORGANIZATION	0.003758			16		0.0701	sigma unfit
usz-LC1	USZ	GOBP_CELL_FATE_DETERMINATION	-0.002208			16		0.1101	sigma unfit
usz-LC1	USZ	GOBP_HYPERSENSITIVITY	0.000905			16		0.3113	sigma unfit
usz-LC1	USZ	GOBP_NEGATIVE_REGULATION_OF_BLOOD_VESSEL_ENDOTHELIAL_CELL_PROLIFERATION_INVOLVED_IN_SPROUTING_ANGIOGENESIS	0.002672			16		0.0261	sigma unfit
usz-LC1	USZ	GOBP_PHYSIOLOGICAL_CARDIAC_MUSCLE_HYPERTROPHY	0.00251			16		0.0647	sigma unfit
usz-LC1	USZ	GOBP_INTEGRIN_MEDIATED_SIGNALING_PATHWAY	0.003728	0.000302	0.1194	16	77.1	0.2437	
usz-LC1	USZ	GOBP_RESPONSE_TO_PROSTAGLANDIN_E	-0.003692			16		0.1156	sigma unfit
usz-LC1	USZ	GOBP_CELL_ADHESION_MOLECULE_PRODUCTION	0.004284			16		0.0752	sigma unfit
usz-LC1	USZ	GOBP_POSITIVE_REGULATION_OF_RNA_SPLICING	0.006023	-0.000725	0.0547	16	44.0	0.2651	
usz-LC1	USZ	GOBP_DEFINITIVE_HEMOPOIESIS	0.002626			16		0.0907	sigma unfit
usz-LC1	USZ	GOBP_PROTEIN_DEACETYLATION	0.003116			16		0.1118	sigma unfit
usz-LC1	USZ	GOBP_CELL_JUNCTION_DISASSEMBLY	-0.000931			16		0.09	sigma unfit
usz-LC1	USZ	GOBP_REGULATION_OF_SYNAPTIC_VESICLE_ENDOCYTOSIS	0.003127	0.000605	0.3234	16	40.6	0.1644	
usz-LC1	USZ	GOBP_RESPONSE_TO_NITRIC_OXIDE	0.008785			16		0.1306	sigma unfit
usz-LC1	USZ	GOBP_REGULATION_OF_CELL_GROWTH_INVOLVED_IN_CARDIAC_MUSCLE_CELL_DEVELOPMENT	0.003653			16		0.0837	sigma unfit
usz-LC1	USZ	GOBP_INNERVATION	0.004953			16		0.0874	sigma unfit
usz-LC1	USZ	GOBP_RESPONSE_TO_ETHER	-0.00442			16		0.116	sigma unfit
usz-LC1	USZ	GOBP_RESCUE_OF_STALLED_RIBOSOME	-0.003598			16		0.1886	sigma unfit
usz-LC1	USZ	GOBP_NEGATIVE_REGULATION_OF_MUSCLE_HYPERTROPHY	0.004739			16		0.1242	sigma unfit
usz-LC1	USZ	GOBP_NEURON_INTRINSIC_APOPTOTIC_SIGNALING_PATHWAY_IN_RESPONSE_TO_OXIDATIVE_STRESS	0.000785			16		0.1567	sigma unfit
usz-LC1	USZ	GOBP_POSITIVE_REGULATION_OF_T_CELL_MIGRATION	0.00552			16		0.2071	sigma unfit
usz-LC1	USZ	GOBP_POSITIVE_REGULATION_OF_LEUKOCYTE_ADHESION_TO_VASCULAR_ENDOTHELIAL_CELL	0.001952			16		0.1302	sigma unfit
usz-LC1	USZ	CTRL_B_AXIS	-3.1e-05	0.000153	0.5373	16	40.9	0.955	
usz-LC1	USZ	CTRL_MYC_V1	0.007804	-0.000965	0.0448	16	134.6	0.3189	
usz-LC1	USZ	CTRL_RANDOM_32	-0.003271			16		0.0662	sigma unfit
usz-LC2	USZ	GOBP_NEGATIVE_REGULATION_OF_VASCULAR_ENDOTHELIAL_GROWTH_FACTOR_PRODUCTION	0.005226			8		0.0357	sigma unfit
usz-LC2	USZ	GOBP_REGULATION_OF_INTEGRIN_MEDIATED_SIGNALING_PATHWAY	0.009304	0.001573	0.1443	8	79.4	0.2838	
usz-LC2	USZ	GOBP_COMPLEMENT_ACTIVATION_CLASSICAL_PATHWAY	0.001281	0.001666	0.5224	8	79.4	0.8668	
usz-LC2	USZ	GOBP_PEPTIDE_ANTIGEN_ASSEMBLY_WITH_MHC_PROTEIN_COMPLEX	0.009502	-0.000191	0.199	8	76.4	0.6158	
usz-LC2	USZ	GOBP_NEGATIVE_REGULATION_OF_REACTIVE_OXYGEN_SPECIES_BIOSYNTHETIC_PROCESS	0.009639	0.000155	0.2388	8	118.1	-0.1754	
usz-LC2	USZ	GOBP_MRNA_5_SPLICE_SITE_RECOGNITION	0.009745	0.001292	0.2985	8	110.9	-0.2259	
usz-LC2	USZ	GOBP_RESPONSE_TO_INTERFERON_ALPHA	0.01214	-0.000651	0.1294	8	113.9	0.318	
usz-LC2	USZ	GOBP_POSITIVE_REGULATION_OF_VASCULAR_ASSOCIATED_SMOOTH_MUSCLE_CELL_MIGRATION	0.015787	-0.000406	0.0199	8	43.1	0.2097	
usz-LC2	USZ	GOBP_NEGATIVE_REGULATION_OF_EXTRACELLULAR_MATRIX_ORGANIZATION	0.010679			8		0.3258	sigma unfit
usz-LC2	USZ	GOBP_CELL_FATE_DETERMINATION	0.004654	0.000112	0.1294	8	76.2	0.145	
usz-LC2	USZ	GOBP_HYPERSENSITIVITY	0.001545	0.000445	0.4229	8	42.5	0.5712	
usz-LC2	USZ	GOBP_NEGATIVE_REGULATION_OF_BLOOD_VESSEL_ENDOTHELIAL_CELL_PROLIFERATION_INVOLVED_IN_SPROUTING_ANGIOGENESIS	0.004262	0.001176	0.3483	8	44.1	0.3867	
usz-LC2	USZ	GOBP_PHYSIOLOGICAL_CARDIAC_MUSCLE_HYPERTROPHY	0.002651			8		-0.0298	sigma unfit
usz-LC2	USZ	GOBP_INTEGRIN_MEDIATED_SIGNALING_PATHWAY	0.005685	-0.000321	0.1443	8	126.9	0.4207	
usz-LC2	USZ	GOBP_RESPONSE_TO_PROSTAGLANDIN_E	0.00411	-0.000516	0.2289	8	77.9	-0.094	
usz-LC2	USZ	GOBP_CELL_ADHESION_MOLECULE_PRODUCTION	0.007556	-0.00064	0.1642	8	42.2	0.0143	
usz-LC2	USZ	GOBP_POSITIVE_REGULATION_OF_RNA_SPLICING	0.005044	-0.000675	0.3035	8	132.0	-0.1685	
usz-LC2	USZ	GOBP_DEFINITIVE_HEMOPOIESIS	0.003924			8		0.177	sigma unfit
usz-LC2	USZ	GOBP_PROTEIN_DEACETYLATION	0.001407			8		0.2415	sigma unfit
usz-LC2	USZ	GOBP_CELL_JUNCTION_DISASSEMBLY	0.000699	-1.4e-05	0.4229	8	43.4	0.5196	
usz-LC2	USZ	GOBP_REGULATION_OF_SYNAPTIC_VESICLE_ENDOCYTOSIS	0.00588	-0.001139	0.2388	8	82.2	-0.1409	
usz-LC2	USZ	GOBP_RESPONSE_TO_NITRIC_OXIDE	0.0039	0.000141	0.3085	8	74.5	-0.2084	
usz-LC2	USZ	GOBP_REGULATION_OF_CELL_GROWTH_INVOLVED_IN_CARDIAC_MUSCLE_CELL_DEVELOPMENT	0.00117			8		-0.0398	sigma unfit
usz-LC2	USZ	GOBP_INNERVATION	-0.000667			8		0.095	sigma unfit
usz-LC2	USZ	GOBP_RESPONSE_TO_ETHER	0.005566	-0.000823	0.2488	8	114.2	-0.2986	
usz-LC2	USZ	GOBP_RESCUE_OF_STALLED_RIBOSOME	-0.002599			8		0.0925	sigma unfit
usz-LC2	USZ	GOBP_NEGATIVE_REGULATION_OF_MUSCLE_HYPERTROPHY	0.0117	0.000678	0.01	8	73.6	0.0256	
usz-LC2	USZ	GOBP_NEURON_INTRINSIC_APOPTOTIC_SIGNALING_PATHWAY_IN_RESPONSE_TO_OXIDATIVE_STRESS	0.018335	-0.000859	0.0945	8	127.4	0.0268	
usz-LC2	USZ	GOBP_POSITIVE_REGULATION_OF_T_CELL_MIGRATION	-6.5e-05	-0.000741	0.4627	8	118.8	0.0431	
usz-LC2	USZ	GOBP_POSITIVE_REGULATION_OF_LEUKOCYTE_ADHESION_TO_VASCULAR_ENDOTHELIAL_CELL	0.011699	0.000109	0.0398	8	79.6	-0.1217	
usz-LC2	USZ	CTRL_B_AXIS	-0.000447	0.000197	0.597	8	47.2	0.9829	
usz-LC2	USZ	CTRL_MYC_V1	-0.00215	0.001008	0.5572	8	170.4	-0.4438	
usz-LC2	USZ	CTRL_RANDOM_32	0.002903			8		-0.2405	sigma unfit
usz-LC3	USZ	GOBP_NEGATIVE_REGULATION_OF_VASCULAR_ENDOTHELIAL_GROWTH_FACTOR_PRODUCTION	0.010096			15		0.0587	sigma unfit
usz-LC3	USZ	GOBP_REGULATION_OF_INTEGRIN_MEDIATED_SIGNALING_PATHWAY	0.007294	0.000141	0.1841	15	78.2	0.1371	
usz-LC3	USZ	GOBP_COMPLEMENT_ACTIVATION_CLASSICAL_PATHWAY	0.015903	2.2e-05	0.0249	15	79.2	0.5752	
usz-LC3	USZ	GOBP_PEPTIDE_ANTIGEN_ASSEMBLY_WITH_MHC_PROTEIN_COMPLEX	0.009503	0.000576	0.2985	15	117.0	0.3645	
usz-LC3	USZ	GOBP_NEGATIVE_REGULATION_OF_REACTIVE_OXYGEN_SPECIES_BIOSYNTHETIC_PROCESS	0.012877			15		0.1941	sigma unfit
usz-LC3	USZ	GOBP_MRNA_5_SPLICE_SITE_RECOGNITION	0.007894			15		0.1132	sigma unfit
usz-LC3	USZ	GOBP_RESPONSE_TO_INTERFERON_ALPHA	0.006842	0.000282	0.1343	15	41.3	0.2251	
usz-LC3	USZ	GOBP_POSITIVE_REGULATION_OF_VASCULAR_ASSOCIATED_SMOOTH_MUSCLE_CELL_MIGRATION	0.001258			15		0.2386	sigma unfit
usz-LC3	USZ	GOBP_NEGATIVE_REGULATION_OF_EXTRACELLULAR_MATRIX_ORGANIZATION	0.003618	-0.000165	0.3284	15	42.3	0.0949	
usz-LC3	USZ	GOBP_CELL_FATE_DETERMINATION	0.003769			15		0.0115	sigma unfit
usz-LC3	USZ	GOBP_HYPERSENSITIVITY	0.011464			15		0.3019	sigma unfit
usz-LC3	USZ	GOBP_NEGATIVE_REGULATION_OF_BLOOD_VESSEL_ENDOTHELIAL_CELL_PROLIFERATION_INVOLVED_IN_SPROUTING_ANGIOGENESIS	-0.011332			15		0.0945	sigma unfit
usz-LC3	USZ	GOBP_PHYSIOLOGICAL_CARDIAC_MUSCLE_HYPERTROPHY	0.004035	-0.000538	0.209	15	43.8	0.1635	
usz-LC3	USZ	GOBP_INTEGRIN_MEDIATED_SIGNALING_PATHWAY	0.000954	-9.6e-05	0.4229	15	125.0	0.109	
usz-LC3	USZ	GOBP_RESPONSE_TO_PROSTAGLANDIN_E	0.006482			15		0.344	sigma unfit
usz-LC3	USZ	GOBP_CELL_ADHESION_MOLECULE_PRODUCTION	0.002204			15		-0.0211	sigma unfit
usz-LC3	USZ	GOBP_POSITIVE_REGULATION_OF_RNA_SPLICING	0.002292			15		0.4096	sigma unfit
usz-LC3	USZ	GOBP_DEFINITIVE_HEMOPOIESIS	-0.006569			15		0.141	sigma unfit
usz-LC3	USZ	GOBP_PROTEIN_DEACETYLATION	0.004043			15		0.1506	sigma unfit
usz-LC3	USZ	GOBP_CELL_JUNCTION_DISASSEMBLY	0.002339	0.00013	0.2537	15	43.6	0.1353	
usz-LC3	USZ	GOBP_REGULATION_OF_SYNAPTIC_VESICLE_ENDOCYTOSIS	-0.003699	0.000646	0.6766	15	73.1	0.2372	
usz-LC3	USZ	GOBP_RESPONSE_TO_NITRIC_OXIDE	0.002855			15		0.3085	sigma unfit
usz-LC3	USZ	GOBP_REGULATION_OF_CELL_GROWTH_INVOLVED_IN_CARDIAC_MUSCLE_CELL_DEVELOPMENT	0.01337	0.000154	0.0199	15	43.9	0.1867	
usz-LC3	USZ	GOBP_INNERVATION	0.003129			15		0.0556	sigma unfit
usz-LC3	USZ	GOBP_RESPONSE_TO_ETHER	-0.004099			15		0.0395	sigma unfit
usz-LC3	USZ	GOBP_RESCUE_OF_STALLED_RIBOSOME	0.007063			15		0.2658	sigma unfit
usz-LC3	USZ	GOBP_NEGATIVE_REGULATION_OF_MUSCLE_HYPERTROPHY	-0.001084			15		0.1177	sigma unfit
usz-LC3	USZ	GOBP_NEURON_INTRINSIC_APOPTOTIC_SIGNALING_PATHWAY_IN_RESPONSE_TO_OXIDATIVE_STRESS	0.00148	0.000938	0.4776	15	75.1	0.2236	
usz-LC3	USZ	GOBP_POSITIVE_REGULATION_OF_T_CELL_MIGRATION	-0.005779			15		0.2471	sigma unfit
usz-LC3	USZ	GOBP_POSITIVE_REGULATION_OF_LEUKOCYTE_ADHESION_TO_VASCULAR_ENDOTHELIAL_CELL	0.00144			15		0.2184	sigma unfit
usz-LC3	USZ	CTRL_B_AXIS	0.003427			15		0.9636	sigma unfit
usz-LC3	USZ	CTRL_MYC_V1	0.003782	0.000132	0.2736	15	115.8	0.3677	
usz-LC3	USZ	CTRL_RANDOM_32	-0.004306			15		0.0056	sigma unfit
usz-LC4	USZ	GOBP_NEGATIVE_REGULATION_OF_VASCULAR_ENDOTHELIAL_GROWTH_FACTOR_PRODUCTION				4			not evaluable
usz-LC4	USZ	GOBP_REGULATION_OF_INTEGRIN_MEDIATED_SIGNALING_PATHWAY				4			not evaluable
usz-LC4	USZ	GOBP_COMPLEMENT_ACTIVATION_CLASSICAL_PATHWAY				4			not evaluable
usz-LC4	USZ	GOBP_PEPTIDE_ANTIGEN_ASSEMBLY_WITH_MHC_PROTEIN_COMPLEX				4			not evaluable
usz-LC4	USZ	GOBP_NEGATIVE_REGULATION_OF_REACTIVE_OXYGEN_SPECIES_BIOSYNTHETIC_PROCESS				4			not evaluable
usz-LC4	USZ	GOBP_MRNA_5_SPLICE_SITE_RECOGNITION				4			not evaluable
usz-LC4	USZ	GOBP_RESPONSE_TO_INTERFERON_ALPHA				4			not evaluable
usz-LC4	USZ	GOBP_POSITIVE_REGULATION_OF_VASCULAR_ASSOCIATED_SMOOTH_MUSCLE_CELL_MIGRATION				4			not evaluable
usz-LC4	USZ	GOBP_NEGATIVE_REGULATION_OF_EXTRACELLULAR_MATRIX_ORGANIZATION				4			not evaluable
usz-LC4	USZ	GOBP_CELL_FATE_DETERMINATION				4			not evaluable
usz-LC4	USZ	GOBP_HYPERSENSITIVITY				4			not evaluable
usz-LC4	USZ	GOBP_NEGATIVE_REGULATION_OF_BLOOD_VESSEL_ENDOTHELIAL_CELL_PROLIFERATION_INVOLVED_IN_SPROUTING_ANGIOGENESIS				4			not evaluable
usz-LC4	USZ	GOBP_PHYSIOLOGICAL_CARDIAC_MUSCLE_HYPERTROPHY				4			not evaluable
usz-LC4	USZ	GOBP_INTEGRIN_MEDIATED_SIGNALING_PATHWAY				4			not evaluable
usz-LC4	USZ	GOBP_RESPONSE_TO_PROSTAGLANDIN_E				4			not evaluable
usz-LC4	USZ	GOBP_CELL_ADHESION_MOLECULE_PRODUCTION				4			not evaluable
usz-LC4	USZ	GOBP_POSITIVE_REGULATION_OF_RNA_SPLICING				4			not evaluable
usz-LC4	USZ	GOBP_DEFINITIVE_HEMOPOIESIS				4			not evaluable
usz-LC4	USZ	GOBP_PROTEIN_DEACETYLATION				4			not evaluable
usz-LC4	USZ	GOBP_CELL_JUNCTION_DISASSEMBLY				4			not evaluable
usz-LC4	USZ	GOBP_REGULATION_OF_SYNAPTIC_VESICLE_ENDOCYTOSIS				4			not evaluable
usz-LC4	USZ	GOBP_RESPONSE_TO_NITRIC_OXIDE				4			not evaluable
usz-LC4	USZ	GOBP_REGULATION_OF_CELL_GROWTH_INVOLVED_IN_CARDIAC_MUSCLE_CELL_DEVELOPMENT				4			not evaluable
usz-LC4	USZ	GOBP_INNERVATION				4			not evaluable
usz-LC4	USZ	GOBP_RESPONSE_TO_ETHER				4			not evaluable
usz-LC4	USZ	GOBP_RESCUE_OF_STALLED_RIBOSOME				4			not evaluable
usz-LC4	USZ	GOBP_NEGATIVE_REGULATION_OF_MUSCLE_HYPERTROPHY				4			not evaluable
usz-LC4	USZ	GOBP_NEURON_INTRINSIC_APOPTOTIC_SIGNALING_PATHWAY_IN_RESPONSE_TO_OXIDATIVE_STRESS				4			not evaluable
usz-LC4	USZ	GOBP_POSITIVE_REGULATION_OF_T_CELL_MIGRATION				4			not evaluable
usz-LC4	USZ	GOBP_POSITIVE_REGULATION_OF_LEUKOCYTE_ADHESION_TO_VASCULAR_ENDOTHELIAL_CELL				4			not evaluable
usz-LC4	USZ	CTRL_B_AXIS				4			not evaluable
usz-LC4	USZ	CTRL_MYC_V1				4			not evaluable
usz-LC4	USZ	CTRL_RANDOM_32				4			not evaluable
usz-LC5	USZ	GOBP_NEGATIVE_REGULATION_OF_VASCULAR_ENDOTHELIAL_GROWTH_FACTOR_PRODUCTION	0.013779			9		-0.0124	sigma unfit
usz-LC5	USZ	GOBP_REGULATION_OF_INTEGRIN_MEDIATED_SIGNALING_PATHWAY	0.005383	-0.000413	0.204	9	46.7	0.2917	
usz-LC5	USZ	GOBP_COMPLEMENT_ACTIVATION_CLASSICAL_PATHWAY	-0.001427	-0.000766	0.5224	9	77.0	0.6554	
usz-LC5	USZ	GOBP_PEPTIDE_ANTIGEN_ASSEMBLY_WITH_MHC_PROTEIN_COMPLEX	0.001277	0.002108	0.5174	9	53.5	0.4467	
usz-LC5	USZ	GOBP_NEGATIVE_REGULATION_OF_REACTIVE_OXYGEN_SPECIES_BIOSYNTHETIC_PROCESS	0.006568	-0.000162	0.2488	9	75.3	0.1835	
usz-LC5	USZ	GOBP_MRNA_5_SPLICE_SITE_RECOGNITION	0.004796			9		0.0645	sigma unfit
usz-LC5	USZ	GOBP_RESPONSE_TO_INTERFERON_ALPHA	0.014373	-0.001153	0.0647	9	74.7	0.2011	
usz-LC5	USZ	GOBP_POSITIVE_REGULATION_OF_VASCULAR_ASSOCIATED_SMOOTH_MUSCLE_CELL_MIGRATION	0.005957	-0.00064	0.0945	9	41.7	0.2212	
usz-LC5	USZ	GOBP_NEGATIVE_REGULATION_OF_EXTRACELLULAR_MATRIX_ORGANIZATION	-0.007715	0.000537	0.8657	9	43.4	0.2303	
usz-LC5	USZ	GOBP_CELL_FATE_DETERMINATION	0.003411	0.00039	0.1343	9	42.7	0.1626	
usz-LC5	USZ	GOBP_HYPERSENSITIVITY	0.009611	0.000601	0.0746	9	46.6	0.329	
usz-LC5	USZ	GOBP_NEGATIVE_REGULATION_OF_BLOOD_VESSEL_ENDOTHELIAL_CELL_PROLIFERATION_INVOLVED_IN_SPROUTING_ANGIOGENESIS	-0.009439	-0.000757	0.9104	9	41.6	0.0581	
usz-LC5	USZ	GOBP_PHYSIOLOGICAL_CARDIAC_MUSCLE_HYPERTROPHY	-0.001058			9		0.0347	sigma unfit
usz-LC5	USZ	GOBP_INTEGRIN_MEDIATED_SIGNALING_PATHWAY	-0.002146	-0.000842	0.6318	9	77.6	0.3164	
usz-LC5	USZ	GOBP_RESPONSE_TO_PROSTAGLANDIN_E	0.003811	0.000144	0.1493	9	41.1	0.1657	
usz-LC5	USZ	GOBP_CELL_ADHESION_MOLECULE_PRODUCTION	-0.000389	-0.001236	0.4776	9	41.7	0.0872	
usz-LC5	USZ	GOBP_POSITIVE_REGULATION_OF_RNA_SPLICING	0.006649	0.00097	0.204	9	78.6	0.2144	
usz-LC5	USZ	GOBP_DEFINITIVE_HEMOPOIESIS	-0.001559			9		0.0588	sigma unfit
usz-LC5	USZ	GOBP_PROTEIN_DEACETYLATION	0.003201			9		0.1268	sigma unfit
usz-LC5	USZ	GOBP_CELL_JUNCTION_DISASSEMBLY	-0.003029	-0.000134	0.7164	9	48.9	0.3608	
usz-LC5	USZ	GOBP_REGULATION_OF_SYNAPTIC_VESICLE_ENDOCYTOSIS	0.001735	-0.000133	0.4229	9	74.0	0.2903	
usz-LC5	USZ	GOBP_RESPONSE_TO_NITRIC_OXIDE	0.005219			9		0.2357	sigma unfit
usz-LC5	USZ	GOBP_REGULATION_OF_CELL_GROWTH_INVOLVED_IN_CARDIAC_MUSCLE_CELL_DEVELOPMENT	-0.000264			9		0.0289	sigma unfit
usz-LC5	USZ	GOBP_INNERVATION	-0.006242			9		0.1492	sigma unfit
usz-LC5	USZ	GOBP_RESPONSE_TO_ETHER	0.006686			9		0.189	sigma unfit
usz-LC5	USZ	GOBP_RESCUE_OF_STALLED_RIBOSOME	-0.007089			9		0.1758	sigma unfit
usz-LC5	USZ	GOBP_NEGATIVE_REGULATION_OF_MUSCLE_HYPERTROPHY	0.006759	-0.000332	0.0547	9	44.2	0.1155	
usz-LC5	USZ	GOBP_NEURON_INTRINSIC_APOPTOTIC_SIGNALING_PATHWAY_IN_RESPONSE_TO_OXIDATIVE_STRESS	0.006509	0.00029	0.2637	9	75.3	0.2606	
usz-LC5	USZ	GOBP_POSITIVE_REGULATION_OF_T_CELL_MIGRATION	0.000777	-1.5e-05	0.4328	9	42.4	0.3365	
usz-LC5	USZ	GOBP_POSITIVE_REGULATION_OF_LEUKOCYTE_ADHESION_TO_VASCULAR_ENDOTHELIAL_CELL	0.013682	-0.000382	0.01	9	44.2	0.2283	
usz-LC5	USZ	CTRL_B_AXIS	-0.004078			9		0.9568	sigma unfit
usz-LC5	USZ	CTRL_MYC_V1	0.004948	-0.000415	0.2935	9	90.9	0.2387	
usz-LC5	USZ	CTRL_RANDOM_32	0.001654			9		0.1028	sigma unfit
gse175540-GSM5924030_ffpe_c_2	GSE175540	GOBP_REGULATION_OF_INTEGRIN_MEDIATED_SIGNALING_PATHWAY	-0.003069	0.000199	0.6816	12	45.7	0.4062	
gse175540-GSM5924030_ffpe_c_2	GSE175540	GOBP_COMPLEMENT_ACTIVATION_CLASSICAL_PATHWAY	-0.013285	-0.000228	0.9254	12	85.5	0.8248	
gse175540-GSM5924030_ffpe_c_2	GSE175540	GOBP_PEPTIDE_ANTIGEN_ASSEMBLY_WITH_MHC_PROTEIN_COMPLEX	-0.036392	0.000961	0.9254	12	132.4	0.5364	
gse175540-GSM5924030_ffpe_c_2	GSE175540	GOBP_NEGATIVE_REGULATION_OF_REACTIVE_OXYGEN_SPECIES_BIOSYNTHETIC_PROCESS	-0.008055	-0.000345	0.8209	12	74.7	0.0178	
gse175540-GSM5924030_ffpe_c_2	GSE175540	GOBP_MRNA_5_SPLICE_SITE_RECOGNITION	0.003643			12		-0.0587	sigma unfit
gse175540-GSM5924030_ffpe_c_2	GSE175540	GOBP_RESPONSE_TO_INTERFERON_ALPHA	-0.013514	-0.000585	0.9552	12	45.8	0.258	
gse175540-GSM5924030_ffpe_c_2	GSE175540	GOBP_POSITIVE_REGULATION_OF_VASCULAR_ASSOCIATED_SMOOTH_MUSCLE_CELL_MIGRATION	-0.008569	2.4e-05	0.9154	12	43.7	0.0852	
gse175540-GSM5924030_ffpe_c_2	GSE175540	GOBP_NEGATIVE_REGULATION_OF_EXTRACELLULAR_MATRIX_ORGANIZATION	-0.013916	-0.00047	0.9552	12	45.9	0.2676	
gse175540-GSM5924030_ffpe_c_2	GSE175540	GOBP_CELL_FATE_DETERMINATION	-0.002956	-0.000264	0.8408	12	41.2	0.3351	
gse175540-GSM5924030_ffpe_c_2	GSE175540	GOBP_HYPERSENSITIVITY	-0.010615	0.000459	0.801	12	135.5	0.6874	
gse175540-GSM5924030_ffpe_c_2	GSE175540	GOBP_NEGATIVE_REGULATION_OF_BLOOD_VESSEL_ENDOTHELIAL_CELL_PROLIFERATION_INVOLVED_IN_SPROUTING_ANGIOGENESIS	0.006093	-0.000126	0.2338	12	77.3	0.471	
gse175540-GSM5924030_ffpe_c_2	GSE175540	GOBP_PHYSIOLOGICAL_CARDIAC_MUSCLE_HYPERTROPHY	0.005548	1.8e-05	0.0846	12	42.6	0.2706	
gse175540-GSM5924030_ffpe_c_2	GSE175540	GOBP_INTEGRIN_MEDIATED_SIGNALING_PATHWAY	-0.00566	-0.00032	0.8856	12	81.9	0.3942	
gse175540-GSM5924030_ffpe_c_2	GSE175540	GOBP_RESPONSE_TO_PROSTAGLANDIN_E	-0.00234	1.4e-05	0.7164	12	43.7	0.0465	
gse175540-GSM5924030_ffpe_c_2	GSE175540	GOBP_CELL_ADHESION_MOLECULE_PRODUCTION	-0.000555			12		-0.0484	sigma unfit
gse175540-GSM5924030_ffpe_c_2	GSE175540	GOBP_POSITIVE_REGULATION_OF_RNA_SPLICING	-0.00994	6.5e-05	0.9154	12	76.9	0.014	
gse175540-GSM5924030_ffpe_c_2	GSE175540	GOBP_DEFINITIVE_HEMOPOIESIS	0.00187			12		0.408	sigma unfit
gse175540-GSM5924030_ffpe_c_2	GSE175540	GOBP_PROTEIN_DEACETYLATION	-0.003655			12		0.2647	sigma unfit
gse175540-GSM5924030_ffpe_c_2	GSE175540	GOBP_CELL_JUNCTION_DISASSEMBLY	-0.018477	-0.000614	0.9751	12	133.8	0.5882	
gse175540-GSM5924030_ffpe_c_2	GSE175540	GOBP_REGULATION_OF_SYNAPTIC_VESICLE_ENDOCYTOSIS	-0.01164	-1.2e-05	0.9353	12	80.3	-0.0232	
gse175540-GSM5924030_ffpe_c_2	GSE175540	GOBP_RESPONSE_TO_NITRIC_OXIDE	-0.012973	0.00181	0.9154	12	118.6	-0.364	
gse175540-GSM5924030_ffpe_c_2	GSE175540	GOBP_REGULATION_OF_CELL_GROWTH_INVOLVED_IN_CARDIAC_MUSCLE_CELL_DEVELOPMENT	0.002486	-0.000135	0.2935	12	73.2	0.2882	
gse175540-GSM5924030_ffpe_c_2	GSE175540	GOBP_INNERVATION	0.001938	-0.000547	0.3085	12	74.1	0.3247	
gse175540-GSM5924030_ffpe_c_2	GSE175540	GOBP_RESPONSE_TO_ETHER	0.001949	0.00126	0.4428	12	112.4	0.1423	
gse175540-GSM5924030_ffpe_c_2	GSE175540	GOBP_RESCUE_OF_STALLED_RIBOSOME	-0.003055			12		-0.0387	sigma unfit
gse175540-GSM5924030_ffpe_c_2	GSE175540	GOBP_NEGATIVE_REGULATION_OF_MUSCLE_HYPERTROPHY	0.002429	0.00071	0.3433	12	73.9	-0.0557	
gse175540-GSM5924030_ffpe_c_2	GSE175540	GOBP_NEURON_INTRINSIC_APOPTOTIC_SIGNALING_PATHWAY_IN_RESPONSE_TO_OXIDATIVE_STRESS	-0.025862	0.000552	0.995	12	74.4	0.2756	
gse175540-GSM5924030_ffpe_c_2	GSE175540	GOBP_POSITIVE_REGULATION_OF_T_CELL_MIGRATION	-0.011751	-0.000131	0.9751	12	78.3	0.26	
gse175540-GSM5924030_ffpe_c_2	GSE175540	GOBP_POSITIVE_REGULATION_OF_LEUKOCYTE_ADHESION_TO_VASCULAR_ENDOTHELIAL_CELL	0.007606	0.000151	0.0647	12	44.2	0.364	
gse175540-GSM5924030_ffpe_c_2	GSE175540	CTRL_B_AXIS	0.003774	6e-05	0.0398	12	43.8	0.9838	
gse175540-GSM5924030_ffpe_c_2	GSE175540	CTRL_MYC_V1	-0.007275	-2.7e-05	0.8159	12	126.9	-0.1306	
gse175540-GSM5924030_ffpe_c_2	GSE175540	CTRL_RANDOM_32	-0.010916			12		-0.2243	sigma unfit
gse175540-GSM5924031_ffpe_c_3	GSE175540	GOBP_REGULATION_OF_INTEGRIN_MEDIATED_SIGNALING_PATHWAY	-0.006391	0.00015	0.9254	22	74.4	-0.3375	
gse175540-GSM5924031_ffpe_c_3	GSE175540	GOBP_COMPLEMENT_ACTIVATION_CLASSICAL_PATHWAY	-0.001136	0.00028	0.5871	22	125.1	0.7857	
gse175540-GSM5924031_ffpe_c_3	GSE175540	GOBP_PEPTIDE_ANTIGEN_ASSEMBLY_WITH_MHC_PROTEIN_COMPLEX	0.003075	0.001491	0.4328	22	133.3	0.1994	
gse175540-GSM5924031_ffpe_c_3	GSE175540	GOBP_NEGATIVE_REGULATION_OF_REACTIVE_OXYGEN_SPECIES_BIOSYNTHETIC_PROCESS	-0.007064			22		-0.0031	sigma unfit
gse175540-GSM5924031_ffpe_c_3	GSE175540	GOBP_MRNA_5_SPLICE_SITE_RECOGNITION	0.00772			22		-0.0897	sigma unfit
gse175540-GSM5924031_ffpe_c_3	GSE175540	GOBP_RESPONSE_TO_INTERFERON_ALPHA	-0.003062	-0.000165	0.791	22	73.3	0.021	
gse175540-GSM5924031_ffpe_c_3	GSE175540	GOBP_POSITIVE_REGULATION_OF_VASCULAR_ASSOCIATED_SMOOTH_MUSCLE_CELL_MIGRATION	-0.007001	0.000199	0.9751	22	45.8	0.4838	
gse175540-GSM5924031_ffpe_c_3	GSE175540	GOBP_NEGATIVE_REGULATION_OF_EXTRACELLULAR_MATRIX_ORGANIZATION	-0.001024	0.000206	0.607	22	74.5	0.098	
gse175540-GSM5924031_ffpe_c_3	GSE175540	GOBP_CELL_FATE_DETERMINATION	-0.000535	-3e-06	0.6368	22	73.6	0.0833	
gse175540-GSM5924031_ffpe_c_3	GSE175540	GOBP_HYPERSENSITIVITY	-0.000185	-0.000147	0.5075	22	116.8	0.1553	
gse175540-GSM5924031_ffpe_c_3	GSE175540	GOBP_NEGATIVE_REGULATION_OF_BLOOD_VESSEL_ENDOTHELIAL_CELL_PROLIFERATION_INVOLVED_IN_SPROUTING_ANGIOGENESIS	-0.002602	0.000294	0.6318	22	78.4	0.0707	
gse175540-GSM5924031_ffpe_c_3	GSE175540	GOBP_PHYSIOLOGICAL_CARDIAC_MUSCLE_HYPERTROPHY	0.001255			22		-0.0775	sigma unfit
gse175540-GSM5924031_ffpe_c_3	GSE175540	GOBP_INTEGRIN_MEDIATED_SIGNALING_PATHWAY	-0.003276	-5.6e-05	0.9502	22	76.7	-0.2837	
gse175540-GSM5924031_ffpe_c_3	GSE175540	GOBP_RESPONSE_TO_PROSTAGLANDIN_E	-0.001349	0.00013	0.7313	22	43.5	0.0919	
gse175540-GSM5924031_ffpe_c_3	GSE175540	GOBP_CELL_ADHESION_MOLECULE_PRODUCTION	-0.001069	0.000421	0.6318	22	72.0	-0.0858	
gse175540-GSM5924031_ffpe_c_3	GSE175540	GOBP_POSITIVE_REGULATION_OF_RNA_SPLICING	0.000575			22		0.1254	sigma unfit
gse175540-GSM5924031_ffpe_c_3	GSE175540	GOBP_DEFINITIVE_HEMOPOIESIS	0.000664	0.000326	0.4527	22	40.7	0.2796	
gse175540-GSM5924031_ffpe_c_3	GSE175540	GOBP_PROTEIN_DEACETYLATION	0.001886	0.000166	0.1642	22	41.6	-0.1246	
gse175540-GSM5924031_ffpe_c_3	GSE175540	GOBP_CELL_JUNCTION_DISASSEMBLY	-0.002468	0.0002	0.796	22	81.0	0.1151	
gse175540-GSM5924031_ffpe_c_3	GSE175540	GOBP_REGULATION_OF_SYNAPTIC_VESICLE_ENDOCYTOSIS	0.003483	-0.000121	0.1791	22	76.7	-0.0986	
gse175540-GSM5924031_ffpe_c_3	GSE175540	GOBP_RESPONSE_TO_NITRIC_OXIDE	-0.00213	-0.000187	0.6866	22	41.4	0.1012	
gse175540-GSM5924031_ffpe_c_3	GSE175540	GOBP_REGULATION_OF_CELL_GROWTH_INVOLVED_IN_CARDIAC_MUSCLE_CELL_DEVELOPMENT	0.001403			22		-0.1089	sigma unfit
gse175540-GSM5924031_ffpe_c_3	GSE175540	GOBP_INNERVATION	0.003527	-1e-05	0.0498	22	43.3	0.1574	
gse175540-GSM5924031_ffpe_c_3	GSE175540	GOBP_RESPONSE_TO_ETHER	0.002154			22		0.0898	sigma unfit
gse175540-GSM5924031_ffpe_c_3	GSE175540	GOBP_RESCUE_OF_STALLED_RIBOSOME	-0.001355			22		0.075	sigma unfit
gse175540-GSM5924031_ffpe_c_3	GSE175540	GOBP_NEGATIVE_REGULATION_OF_MUSCLE_HYPERTROPHY	-0.004259	-0.000245	0.8806	22	76.9	-0.0837	
gse175540-GSM5924031_ffpe_c_3	GSE175540	GOBP_NEURON_INTRINSIC_APOPTOTIC_SIGNALING_PATHWAY_IN_RESPONSE_TO_OXIDATIVE_STRESS	-0.00334	0.000459	0.7562	22	74.5	0.0705	
gse175540-GSM5924031_ffpe_c_3	GSE175540	GOBP_POSITIVE_REGULATION_OF_T_CELL_MIGRATION	0.003996	-0.000152	0.2239	22	121.4	0.2604	
gse175540-GSM5924031_ffpe_c_3	GSE175540	GOBP_POSITIVE_REGULATION_OF_LEUKOCYTE_ADHESION_TO_VASCULAR_ENDOTHELIAL_CELL	-0.004481	-0.000283	0.8209	22	73.4	0.1364	
gse175540-GSM5924031_ffpe_c_3	GSE175540	CTRL_B_AXIS	-0.002855	3.6e-05	0.9801	22	49.9	0.9728	
gse175540-GSM5924031_ffpe_c_3	GSE175540	CTRL_MYC_V1	0.002145	-0.000375	0.3134	22	126.9	-0.1704	
gse175540-GSM5924031_ffpe_c_3	GSE175540	CTRL_RANDOM_32	-0.000993			22		-0.0355	sigma unfit
gse175540-GSM5924032_ffpe_c_4	GSE175540	GOBP_REGULATION_OF_INTEGRIN_MEDIATED_SIGNALING_PATHWAY				2			not evaluable
gse175540-GSM5924032_ffpe_c_4	GSE175540	GOBP_COMPLEMENT_ACTIVATION_CLASSICAL_PATHWAY				2			not evaluable
gse175540-GSM5924032_ffpe_c_4	GSE175540	GOBP_PEPTIDE_ANTIGEN_ASSEMBLY_WITH_MHC_PROTEIN_COMPLEX				2			not evaluable
gse175540-GSM5924032_ffpe_c_4	GSE175540	GOBP_NEGATIVE_REGULATION_OF_REACTIVE_OXYGEN_SPECIES_BIOSYNTHETIC_PROCESS				2			not evaluable
gse175540-GSM5924032_ffpe_c_4	GSE175540	GOBP_MRNA_5_SPLICE_SITE_RECOGNITION				2			not evaluable
gse175540-GSM5924032_ffpe_c_4	GSE175540	GOBP_RESPONSE_TO_INTERFERON_ALPHA				2			not evaluable
gse175540-GSM5924032_ffpe_c_4	GSE175540	GOBP_POSITIVE_REGULATION_OF_VASCULAR_ASSOCIATED_SMOOTH_MUSCLE_CELL_MIGRATION				2			not evaluable
gse175540-GSM5924032_ffpe_c_4	GSE175540	GOBP_NEGATIVE_REGULATION_OF_EXTRACELLULAR_MATRIX_ORGANIZATION				2			not evaluable
gse175540-GSM5924032_ffpe_c_4	GSE175540	GOBP_CELL_FATE_DETERMINATION				2			not evaluable
gse175540-GSM5924032_ffpe_c_4	GSE175540	GOBP_HYPERSENSITIVITY				2			not evaluable
gse175540-GSM5924032_ffpe_c_4	GSE175540	GOBP_NEGATIVE_REGULATION_OF_BLOOD_VESSEL_ENDOTHELIAL_CELL_PROLIFERATION_INVOLVED_IN_SPROUTING_ANGIOGENESIS				2			not evaluable
gse175540-GSM5924032_ffpe_c_4	GSE175540	GOBP_PHYSIOLOGICAL_CARDIAC_MUSCLE_HYPERTROPHY				2			not evaluable
gse175540-GSM5924032_ffpe_c_4	GSE175540	GOBP_INTEGRIN_MEDIATED_SIGNALING_PATHWAY				2			not evaluable
gse175540-GSM5924032_ffpe_c_4	GSE175540	GOBP_RESPONSE_TO_PROSTAGLANDIN_E				2			not evaluable
gse175540-GSM5924032_ffpe_c_4	GSE175540	GOBP_CELL_ADHESION_MOLECULE_PRODUCTION				2			not evaluable
gse175540-GSM5924032_ffpe_c_4	GSE175540	GOBP_POSITIVE_REGULATION_OF_RNA_SPLICING				2			not evaluable
gse175540-GSM5924032_ffpe_c_4	GSE175540	GOBP_DEFINITIVE_HEMOPOIESIS				2			not evaluable
gse175540-GSM5924032_ffpe_c_4	GSE175540	GOBP_PROTEIN_DEACETYLATION				2			not evaluable
gse175540-GSM5924032_ffpe_c_4	GSE175540	GOBP_CELL_JUNCTION_DISASSEMBLY				2			not evaluable
gse175540-GSM5924032_ffpe_c_4	GSE175540	GOBP_REGULATION_OF_SYNAPTIC_VESICLE_ENDOCYTOSIS				2			not evaluable
gse175540-GSM5924032_ffpe_c_4	GSE175540	GOBP_RESPONSE_TO_NITRIC_OXIDE				2			not evaluable
gse175540-GSM5924032_ffpe_c_4	GSE175540	GOBP_REGULATION_OF_CELL_GROWTH_INVOLVED_IN_CARDIAC_MUSCLE_CELL_DEVELOPMENT				2			not evaluable
gse175540-GSM5924032_ffpe_c_4	GSE175540	GOBP_INNERVATION				2			not evaluable
gse175540-GSM5924032_ffpe_c_4	GSE175540	GOBP_RESPONSE_TO_ETHER				2			not evaluable
gse175540-GSM5924032_ffpe_c_4	GSE175540	GOBP_RESCUE_OF_STALLED_RIBOSOME				2			not evaluable
gse175540-GSM5924032_ffpe_c_4	GSE175540	GOBP_NEGATIVE_REGULATION_OF_MUSCLE_HYPERTROPHY				2			not evaluable
gse175540-GSM5924032_ffpe_c_4	GSE175540	GOBP_NEURON_INTRINSIC_APOPTOTIC_SIGNALING_PATHWAY_IN_RESPONSE_TO_OXIDATIVE_STRESS				2			not evaluable
gse175540-GSM5924032_ffpe_c_4	GSE175540	GOBP_POSITIVE_REGULATION_OF_T_CELL_MIGRATION				2			not evaluable
gse175540-GSM5924032_ffpe_c_4	GSE175540	GOBP_POSITIVE_REGULATION_OF_LEUKOCYTE_ADHESION_TO_VASCULAR_ENDOTHELIAL_CELL				2			not evaluable
gse175540-GSM5924032_ffpe_c_4	GSE175540	CTRL_B_AXIS				2			not evaluable
gse175540-GSM5924032_ffpe_c_4	GSE175540	CTRL_MYC_V1				2			not evaluable
gse175540-GSM5924032_ffpe_c_4	GSE175540	CTRL_RANDOM_32				2			not evaluable
gse175540-GSM5924033_ffpe_c_7	GSE175540	GOBP_REGULATION_OF_INTEGRIN_MEDIATED_SIGNALING_PATHWAY				6			not evaluable
gse175540-GSM5924033_ffpe_c_7	GSE175540	GOBP_COMPLEMENT_ACTIVATION_CLASSICAL_PATHWAY				6			not evaluable
gse175540-GSM5924033_ffpe_c_7	GSE175540	GOBP_PEPTIDE_ANTIGEN_ASSEMBLY_WITH_MHC_PROTEIN_COMPLEX				6			not evaluable
gse175540-GSM5924033_ffpe_c_7	GSE175540	GOBP_NEGATIVE_REGULATION_OF_REACTIVE_OXYGEN_SPECIES_BIOSYNTHETIC_PROCESS				6			not evaluable
gse175540-GSM5924033_ffpe_c_7	GSE175540	GOBP_MRNA_5_SPLICE_SITE_RECOGNITION				6			not evaluable
gse175540-GSM5924033_ffpe_c_7	GSE175540	GOBP_RESPONSE_TO_INTERFERON_ALPHA				6			not evaluable
gse175540-GSM5924033_ffpe_c_7	GSE175540	GOBP_POSITIVE_REGULATION_OF_VASCULAR_ASSOCIATED_SMOOTH_MUSCLE_CELL_MIGRATION				6			not evaluable
gse175540-GSM5924033_ffpe_c_7	GSE175540	GOBP_NEGATIVE_REGULATION_OF_EXTRACELLULAR_MATRIX_ORGANIZATION				6			not evaluable
gse175540-GSM5924033_ffpe_c_7	GSE175540	GOBP_CELL_FATE_DETERMINATION				6			not evaluable
gse175540-GSM5924033_ffpe_c_7	GSE175540	GOBP_HYPERSENSITIVITY				6			not evaluable
gse175540-GSM5924033_ffpe_c_7	GSE175540	GOBP_NEGATIVE_REGULATION_OF_BLOOD_VESSEL_ENDOTHELIAL_CELL_PROLIFERATION_INVOLVED_IN_SPROUTING_ANGIOGENESIS				6			not evaluable
gse175540-GSM5924033_ffpe_c_7	GSE175540	GOBP_PHYSIOLOGICAL_CARDIAC_MUSCLE_HYPERTROPHY				6			not evaluable
gse175540-GSM5924033_ffpe_c_7	GSE175540	GOBP_INTEGRIN_MEDIATED_SIGNALING_PATHWAY				6			not evaluable
gse175540-GSM5924033_ffpe_c_7	GSE175540	GOBP_RESPONSE_TO_PROSTAGLANDIN_E				6			not evaluable
gse175540-GSM5924033_ffpe_c_7	GSE175540	GOBP_CELL_ADHESION_MOLECULE_PRODUCTION				6			not evaluable
gse175540-GSM5924033_ffpe_c_7	GSE175540	GOBP_POSITIVE_REGULATION_OF_RNA_SPLICING				6			not evaluable
gse175540-GSM5924033_ffpe_c_7	GSE175540	GOBP_DEFINITIVE_HEMOPOIESIS				6			not evaluable
gse175540-GSM5924033_ffpe_c_7	GSE175540	GOBP_PROTEIN_DEACETYLATION				6			not evaluable
gse175540-GSM5924033_ffpe_c_7	GSE175540	GOBP_CELL_JUNCTION_DISASSEMBLY				6			not evaluable
gse175540-GSM5924033_ffpe_c_7	GSE175540	GOBP_REGULATION_OF_SYNAPTIC_VESICLE_ENDOCYTOSIS				6			not evaluable
gse175540-GSM5924033_ffpe_c_7	GSE175540	GOBP_RESPONSE_TO_NITRIC_OXIDE				6			not evaluable
gse175540-GSM5924033_ffpe_c_7	GSE175540	GOBP_REGULATION_OF_CELL_GROWTH_INVOLVED_IN_CARDIAC_MUSCLE_CELL_DEVELOPMENT				6			not evaluable
gse175540-GSM5924033_ffpe_c_7	GSE175540	GOBP_INNERVATION				6			not evaluable
gse175540-GSM5924033_ffpe_c_7	GSE175540	GOBP_RESPONSE_TO_ETHER				6			not evaluable
gse175540-GSM5924033_ffpe_c_7	GSE175540	GOBP_RESCUE_OF_STALLED_RIBOSOME				6			not evaluable
gse175540-GSM5924033_ffpe_c_7	GSE175540	GOBP_NEGATIVE_REGULATION_OF_MUSCLE_HYPERTROPHY				6			not evaluable
gse175540-GSM5924033_ffpe_c_7	GSE175540	GOBP_NEURON_INTRINSIC_APOPTOTIC_SIGNALING_PATHWAY_IN_RESPONSE_TO_OXIDATIVE_STRESS				6			not evaluable
gse175540-GSM5924033_ffpe_c_7	GSE175540	GOBP_POSITIVE_REGULATION_OF_T_CELL_MIGRATION				6			not evaluable
gse175540-GSM5924033_ffpe_c_7	GSE175540	GOBP_POSITIVE_REGULATION_OF_LEUKOCYTE_ADHESION_TO_VASCULAR_ENDOTHELIAL_CELL				6			not evaluable
gse175540-GSM5924033_ffpe_c_7	GSE175540	CTRL_B_AXIS				6			not evaluable
gse175540-GSM5924033_ffpe_c_7	GSE175540	CTRL_MYC_V1				6			not evaluable
gse175540-GSM5924033_ffpe_c_7	GSE175540	CTRL_RANDOM_32				6			not evaluable
gse175540-GSM5924035_ffpe_c_20	GSE175540	GOBP_REGULATION_OF_INTEGRIN_MEDIATED_SIGNALING_PATHWAY	0.007463	0.000448	0.2289	16	115.4	0.1705	
gse175540-GSM5924035_ffpe_c_20	GSE175540	GOBP_COMPLEMENT_ACTIVATION_CLASSICAL_PATHWAY	-0.00539	0.000755	0.7662	16	133.7	0.3073	
gse175540-GSM5924035_ffpe_c_20	GSE175540	GOBP_PEPTIDE_ANTIGEN_ASSEMBLY_WITH_MHC_PROTEIN_COMPLEX	-0.017592	0.001872	0.9005	16	135.1	0.1711	
gse175540-GSM5924035_ffpe_c_20	GSE175540	GOBP_NEGATIVE_REGULATION_OF_REACTIVE_OXYGEN_SPECIES_BIOSYNTHETIC_PROCESS	0.004194	0.000193	0.3632	16	111.7	0.0727	
gse175540-GSM5924035_ffpe_c_20	GSE175540	GOBP_MRNA_5_SPLICE_SITE_RECOGNITION	-0.006345			16		0.01	sigma unfit
gse175540-GSM5924035_ffpe_c_20	GSE175540	GOBP_RESPONSE_TO_INTERFERON_ALPHA	0.006243	-2.6e-05	0.199	16	73.6	0.1083	
gse175540-GSM5924035_ffpe_c_20	GSE175540	GOBP_POSITIVE_REGULATION_OF_VASCULAR_ASSOCIATED_SMOOTH_MUSCLE_CELL_MIGRATION	0.002993			16		0.0653	sigma unfit
gse175540-GSM5924035_ffpe_c_20	GSE175540	GOBP_NEGATIVE_REGULATION_OF_EXTRACELLULAR_MATRIX_ORGANIZATION	0.004387	8.3e-05	0.2935	16	72.8	0.1536	
gse175540-GSM5924035_ffpe_c_20	GSE175540	GOBP_CELL_FATE_DETERMINATION	0.003251	8.2e-05	0.0896	16	41.6	0.0806	
gse175540-GSM5924035_ffpe_c_20	GSE175540	GOBP_HYPERSENSITIVITY	-0.002638	-0.001056	0.592	16	113.5	0.1595	
gse175540-GSM5924035_ffpe_c_20	GSE175540	GOBP_NEGATIVE_REGULATION_OF_BLOOD_VESSEL_ENDOTHELIAL_CELL_PROLIFERATION_INVOLVED_IN_SPROUTING_ANGIOGENESIS	0.013551			16		0.077	sigma unfit
gse175540-GSM5924035_ffpe_c_20	GSE175540	GOBP_PHYSIOLOGICAL_CARDIAC_MUSCLE_HYPERTROPHY	0.008097			16		0.0455	sigma unfit
gse175540-GSM5924035_ffpe_c_20	GSE175540	GOBP_INTEGRIN_MEDIATED_SIGNALING_PATHWAY	0.002047	-0.000386	0.3483	16	125.5	0.2515	
gse175540-GSM5924035_ffpe_c_20	GSE175540	GOBP_RESPONSE_TO_PROSTAGLANDIN_E	0.002488	0.000142	0.2289	16	41.8	0.0962	
gse175540-GSM5924035_ffpe_c_20	GSE175540	GOBP_CELL_ADHESION_MOLECULE_PRODUCTION	0.003765			16		-0.0096	sigma unfit
gse175540-GSM5924035_ffpe_c_20	GSE175540	GOBP_POSITIVE_REGULATION_OF_RNA_SPLICING	-0.009804	0.000436	0.9104	16	114.5	0.114	
gse175540-GSM5924035_ffpe_c_20	GSE175540	GOBP_DEFINITIVE_HEMOPOIESIS	0.007916			16		0.1069	sigma unfit
gse175540-GSM5924035_ffpe_c_20	GSE175540	GOBP_PROTEIN_DEACETYLATION	0.003407			16		0.088	sigma unfit
gse175540-GSM5924035_ffpe_c_20	GSE175540	GOBP_CELL_JUNCTION_DISASSEMBLY	-0.000257	0.000204	0.5473	16	76.0	0.1472	
gse175540-GSM5924035_ffpe_c_20	GSE175540	GOBP_REGULATION_OF_SYNAPTIC_VESICLE_ENDOCYTOSIS	-0.0115	-0.001587	0.8159	16	127.9	0.0907	
gse175540-GSM5924035_ffpe_c_20	GSE175540	GOBP_RESPONSE_TO_NITRIC_OXIDE	-0.000979	-0.000623	0.5174	16	113.6	0.0129	
gse175540-GSM5924035_ffpe_c_20	GSE175540	GOBP_REGULATION_OF_CELL_GROWTH_INVOLVED_IN_CARDIAC_MUSCLE_CELL_DEVELOPMENT	0.004339			16		0.0627	sigma unfit
gse175540-GSM5924035_ffpe_c_20	GSE175540	GOBP_INNERVATION	0.006629			16		0.0901	sigma unfit
gse175540-GSM5924035_ffpe_c_20	GSE175540	GOBP_RESPONSE_TO_ETHER	0.004544			16		0.0453	sigma unfit
gse175540-GSM5924035_ffpe_c_20	GSE175540	GOBP_RESCUE_OF_STALLED_RIBOSOME	-0.007066			16		0.039	sigma unfit
gse175540-GSM5924035_ffpe_c_20	GSE175540	GOBP_NEGATIVE_REGULATION_OF_MUSCLE_HYPERTROPHY	0.004066			16		0.0339	sigma unfit
gse175540-GSM5924035_ffpe_c_20	GSE175540	GOBP_NEURON_INTRINSIC_APOPTOTIC_SIGNALING_PATHWAY_IN_RESPONSE_TO_OXIDATIVE_STRESS	-0.005477	0.000218	0.8358	16	43.5	0.1234	
gse175540-GSM5924035_ffpe_c_20	GSE175540	GOBP_POSITIVE_REGULATION_OF_T_CELL_MIGRATION	0.001759			16		0.1955	sigma unfit
gse175540-GSM5924035_ffpe_c_20	GSE175540	GOBP_POSITIVE_REGULATION_OF_LEUKOCYTE_ADHESION_TO_VASCULAR_ENDOTHELIAL_CELL	0.004067			16		0.1552	sigma unfit
gse175540-GSM5924035_ffpe_c_20	GSE175540	CTRL_B_AXIS	-0.000101	6e-06	0.5721	16	47.8	0.9905	
gse175540-GSM5924035_ffpe_c_20	GSE175540	CTRL_MYC_V1	-0.006166	0.000534	0.8259	16	143.8	0.1358	
gse175540-GSM5924035_ffpe_c_20	GSE175540	CTRL_RANDOM_32	-0.005114			16		0.0075	sigma unfit
gse175540-GSM5924037_ffpe_c_34	GSE175540	GOBP_REGULATION_OF_INTEGRIN_MEDIATED_SIGNALING_PATHWAY				4			not evaluable
gse175540-GSM5924037_ffpe_c_34	GSE175540	GOBP_COMPLEMENT_ACTIVATION_CLASSICAL_PATHWAY				4			not evaluable
gse175540-GSM5924037_ffpe_c_34	GSE175540	GOBP_PEPTIDE_ANTIGEN_ASSEMBLY_WITH_MHC_PROTEIN_COMPLEX				4			not evaluable
gse175540-GSM5924037_ffpe_c_34	GSE175540	GOBP_NEGATIVE_REGULATION_OF_REACTIVE_OXYGEN_SPECIES_BIOSYNTHETIC_PROCESS				4			not evaluable
gse175540-GSM5924037_ffpe_c_34	GSE175540	GOBP_MRNA_5_SPLICE_SITE_RECOGNITION				4			not evaluable
gse175540-GSM5924037_ffpe_c_34	GSE175540	GOBP_RESPONSE_TO_INTERFERON_ALPHA				4			not evaluable
gse175540-GSM5924037_ffpe_c_34	GSE175540	GOBP_POSITIVE_REGULATION_OF_VASCULAR_ASSOCIATED_SMOOTH_MUSCLE_CELL_MIGRATION				4			not evaluable
gse175540-GSM5924037_ffpe_c_34	GSE175540	GOBP_NEGATIVE_REGULATION_OF_EXTRACELLULAR_MATRIX_ORGANIZATION				4			not evaluable
gse175540-GSM5924037_ffpe_c_34	GSE175540	GOBP_CELL_FATE_DETERMINATION				4			not evaluable
gse175540-GSM5924037_ffpe_c_34	GSE175540	GOBP_HYPERSENSITIVITY				4			not evaluable
gse175540-GSM5924037_ffpe_c_34	GSE175540	GOBP_NEGATIVE_REGULATION_OF_BLOOD_VESSEL_ENDOTHELIAL_CELL_PROLIFERATION_INVOLVED_IN_SPROUTING_ANGIOGENESIS				4			not evaluable
gse175540-GSM5924037_ffpe_c_34	GSE175540	GOBP_PHYSIOLOGICAL_CARDIAC_MUSCLE_HYPERTROPHY				4			not evaluable
gse175540-GSM5924037_ffpe_c_34	GSE175540	GOBP_INTEGRIN_MEDIATED_SIGNALING_PATHWAY				4			not evaluable
gse175540-GSM5924037_ffpe_c_34	GSE175540	GOBP_RESPONSE_TO_PROSTAGLANDIN_E				4			not evaluable
gse175540-GSM5924037_ffpe_c_34	GSE175540	GOBP_CELL_ADHESION_MOLECULE_PRODUCTION				4			not evaluable
gse175540-GSM5924037_ffpe_c_34	GSE175540	GOBP_POSITIVE_REGULATION_OF_RNA_SPLICING				4			not evaluable
gse175540-GSM5924037_ffpe_c_34	GSE175540	GOBP_DEFINITIVE_HEMOPOIESIS				4			not evaluable
gse175540-GSM5924037_ffpe_c_34	GSE175540	GOBP_PROTEIN_DEACETYLATION				4			not evaluable
gse175540-GSM5924037_ffpe_c_34	GSE175540	GOBP_CELL_JUNCTION_DISASSEMBLY				4			not evaluable
gse175540-GSM5924037_ffpe_c_34	GSE175540	GOBP_REGULATION_OF_SYNAPTIC_VESICLE_ENDOCYTOSIS				4			not evaluable
gse175540-GSM5924037_ffpe_c_34	GSE175540	GOBP_RESPONSE_TO_NITRIC_OXIDE				4			not evaluable
gse175540-GSM5924037_ffpe_c_34	GSE175540	GOBP_REGULATION_OF_CELL_GROWTH_INVOLVED_IN_CARDIAC_MUSCLE_CELL_DEVELOPMENT				4			not evaluable
gse175540-GSM5924037_ffpe_c_34	GSE175540	GOBP_INNERVATION				4			not evaluable
gse175540-GSM5924037_ffpe_c_34	GSE175540	GOBP_RESPONSE_TO_ETHER				4			not evaluable
gse175540-GSM5924037_ffpe_c_34	GSE175540	GOBP_RESCUE_OF_STALLED_RIBOSOME				4			not evaluable
gse175540-GSM5924037_ffpe_c_34	GSE175540	GOBP_NEGATIVE_REGULATION_OF_MUSCLE_HYPERTROPHY				4			not evaluable
gse175540-GSM5924037_ffpe_c_34	GSE175540	GOBP_NEURON_INTRINSIC_APOPTOTIC_SIGNALING_PATHWAY_IN_RESPONSE_TO_OXIDATIVE_STRESS				4			not evaluable
gse175540-GSM5924037_ffpe_c_34	GSE175540	GOBP_POSITIVE_REGULATION_OF_T_CELL_MIGRATION				4			not evaluable
gse175540-GSM5924037_ffpe_c_34	GSE175540	GOBP_POSITIVE_REGULATION_OF_LEUKOCYTE_ADHESION_TO_VASCULAR_ENDOTHELIAL_CELL				4			not evaluable
gse175540-GSM5924037_ffpe_c_34	GSE175540	CTRL_B_AXIS				4			not evaluable
gse175540-GSM5924037_ffpe_c_34	GSE175540	CTRL_MYC_V1				4			not evaluable
gse175540-GSM5924037_ffpe_c_34	GSE175540	CTRL_RANDOM_32				4			not evaluable
gse175540-GSM5924038_ffpe_c_36	GSE175540	GOBP_REGULATION_OF_INTEGRIN_MEDIATED_SIGNALING_PATHWAY				5			not evaluable
gse175540-GSM5924038_ffpe_c_36	GSE175540	GOBP_COMPLEMENT_ACTIVATION_CLASSICAL_PATHWAY				5			not evaluable
gse175540-GSM5924038_ffpe_c_36	GSE175540	GOBP_PEPTIDE_ANTIGEN_ASSEMBLY_WITH_MHC_PROTEIN_COMPLEX				5			not evaluable
gse175540-GSM5924038_ffpe_c_36	GSE175540	GOBP_NEGATIVE_REGULATION_OF_REACTIVE_OXYGEN_SPECIES_BIOSYNTHETIC_PROCESS				5			not evaluable
gse175540-GSM5924038_ffpe_c_36	GSE175540	GOBP_MRNA_5_SPLICE_SITE_RECOGNITION				5			not evaluable
gse175540-GSM5924038_ffpe_c_36	GSE175540	GOBP_RESPONSE_TO_INTERFERON_ALPHA				5			not evaluable
gse175540-GSM5924038_ffpe_c_36	GSE175540	GOBP_POSITIVE_REGULATION_OF_VASCULAR_ASSOCIATED_SMOOTH_MUSCLE_CELL_MIGRATION				5			not evaluable
gse175540-GSM5924038_ffpe_c_36	GSE175540	GOBP_NEGATIVE_REGULATION_OF_EXTRACELLULAR_MATRIX_ORGANIZATION				5			not evaluable
gse175540-GSM5924038_ffpe_c_36	GSE175540	GOBP_CELL_FATE_DETERMINATION				5			not evaluable
gse175540-GSM5924038_ffpe_c_36	GSE175540	GOBP_HYPERSENSITIVITY				5			not evaluable
gse175540-GSM5924038_ffpe_c_36	GSE175540	GOBP_NEGATIVE_REGULATION_OF_BLOOD_VESSEL_ENDOTHELIAL_CELL_PROLIFERATION_INVOLVED_IN_SPROUTING_ANGIOGENESIS				5			not evaluable
gse175540-GSM5924038_ffpe_c_36	GSE175540	GOBP_PHYSIOLOGICAL_CARDIAC_MUSCLE_HYPERTROPHY				5			not evaluable
gse175540-GSM5924038_ffpe_c_36	GSE175540	GOBP_INTEGRIN_MEDIATED_SIGNALING_PATHWAY				5			not evaluable
gse175540-GSM5924038_ffpe_c_36	GSE175540	GOBP_RESPONSE_TO_PROSTAGLANDIN_E				5			not evaluable
gse175540-GSM5924038_ffpe_c_36	GSE175540	GOBP_CELL_ADHESION_MOLECULE_PRODUCTION				5			not evaluable
gse175540-GSM5924038_ffpe_c_36	GSE175540	GOBP_POSITIVE_REGULATION_OF_RNA_SPLICING				5			not evaluable
gse175540-GSM5924038_ffpe_c_36	GSE175540	GOBP_DEFINITIVE_HEMOPOIESIS				5			not evaluable
gse175540-GSM5924038_ffpe_c_36	GSE175540	GOBP_PROTEIN_DEACETYLATION				5			not evaluable
gse175540-GSM5924038_ffpe_c_36	GSE175540	GOBP_CELL_JUNCTION_DISASSEMBLY				5			not evaluable
gse175540-GSM5924038_ffpe_c_36	GSE175540	GOBP_REGULATION_OF_SYNAPTIC_VESICLE_ENDOCYTOSIS				5			not evaluable
gse175540-GSM5924038_ffpe_c_36	GSE175540	GOBP_RESPONSE_TO_NITRIC_OXIDE				5			not evaluable
gse175540-GSM5924038_ffpe_c_36	GSE175540	GOBP_REGULATION_OF_CELL_GROWTH_INVOLVED_IN_CARDIAC_MUSCLE_CELL_DEVELOPMENT				5			not evaluable
gse175540-GSM5924038_ffpe_c_36	GSE175540	GOBP_INNERVATION				5			not evaluable
gse175540-GSM5924038_ffpe_c_36	GSE175540	GOBP_RESPONSE_TO_ETHER				5			not evaluable
gse175540-GSM5924038_ffpe_c_36	GSE175540	GOBP_RESCUE_OF_STALLED_RIBOSOME				5			not evaluable
gse175540-GSM5924038_ffpe_c_36	GSE175540	GOBP_NEGATIVE_REGULATION_OF_MUSCLE_HYPERTROPHY				5			not evaluable
gse175540-GSM5924038_ffpe_c_36	GSE175540	GOBP_NEURON_INTRINSIC_APOPTOTIC_SIGNALING_PATHWAY_IN_RESPONSE_TO_OXIDATIVE_STRESS				5			not evaluable
gse175540-GSM5924038_ffpe_c_36	GSE175540	GOBP_POSITIVE_REGULATION_OF_T_CELL_MIGRATION				5			not evaluable
gse175540-GSM5924038_ffpe_c_36	GSE175540	GOBP_POSITIVE_REGULATION_OF_LEUKOCYTE_ADHESION_TO_VASCULAR_ENDOTHELIAL_CELL				5			not evaluable
gse175540-GSM5924038_ffpe_c_36	GSE175540	CTRL_B_AXIS				5			not evaluable
gse175540-GSM5924038_ffpe_c_36	GSE175540	CTRL_MYC_V1				5			not evaluable
gse175540-GSM5924038_ffpe_c_36	GSE175540	CTRL_RANDOM_32				5			not evaluable
gse175540-GSM5924039_ffpe_c_39	GSE175540	GOBP_REGULATION_OF_INTEGRIN_MEDIATED_SIGNALING_PATHWAY	0.012196	-4e-05	0.0398	17	75.0	0.1754	
gse175540-GSM5924039_ffpe_c_39	GSE175540	GOBP_COMPLEMENT_ACTIVATION_CLASSICAL_PATHWAY	0.004773	0.001237	0.2886	17	77.7	0.5937	
gse175540-GSM5924039_ffpe_c_39	GSE175540	GOBP_PEPTIDE_ANTIGEN_ASSEMBLY_WITH_MHC_PROTEIN_COMPLEX	0.010154	0.001543	0.2338	17	115.9	0.4283	
gse175540-GSM5924039_ffpe_c_39	GSE175540	GOBP_NEGATIVE_REGULATION_OF_REACTIVE_OXYGEN_SPECIES_BIOSYNTHETIC_PROCESS	0.004636	-0.000162	0.209	17	41.1	-0.0653	
gse175540-GSM5924039_ffpe_c_39	GSE175540	GOBP_MRNA_5_SPLICE_SITE_RECOGNITION	0.016556			17		-0.0129	sigma unfit
gse175540-GSM5924039_ffpe_c_39	GSE175540	GOBP_RESPONSE_TO_INTERFERON_ALPHA	-0.006884			17		0.1217	sigma unfit
gse175540-GSM5924039_ffpe_c_39	GSE175540	GOBP_POSITIVE_REGULATION_OF_VASCULAR_ASSOCIATED_SMOOTH_MUSCLE_CELL_MIGRATION	0.007211			17		0.0729	sigma unfit
gse175540-GSM5924039_ffpe_c_39	GSE175540	GOBP_NEGATIVE_REGULATION_OF_EXTRACELLULAR_MATRIX_ORGANIZATION	-0.000805			17		0.2533	sigma unfit
gse175540-GSM5924039_ffpe_c_39	GSE175540	GOBP_CELL_FATE_DETERMINATION	0.003819			17		0.1265	sigma unfit
gse175540-GSM5924039_ffpe_c_39	GSE175540	GOBP_HYPERSENSITIVITY	0.009413			17		0.3282	sigma unfit
gse175540-GSM5924039_ffpe_c_39	GSE175540	GOBP_NEGATIVE_REGULATION_OF_BLOOD_VESSEL_ENDOTHELIAL_CELL_PROLIFERATION_INVOLVED_IN_SPROUTING_ANGIOGENESIS	0.007131	-0.000396	0.0348	17	81.5	0.1401	
gse175540-GSM5924039_ffpe_c_39	GSE175540	GOBP_PHYSIOLOGICAL_CARDIAC_MUSCLE_HYPERTROPHY	0.001061			17		0.0362	sigma unfit
gse175540-GSM5924039_ffpe_c_39	GSE175540	GOBP_INTEGRIN_MEDIATED_SIGNALING_PATHWAY	0.003995	0.000217	0.1294	17	115.2	0.249	
gse175540-GSM5924039_ffpe_c_39	GSE175540	GOBP_RESPONSE_TO_PROSTAGLANDIN_E	0.00292	2.7e-05	0.1493	17	42.8	0.193	
gse175540-GSM5924039_ffpe_c_39	GSE175540	GOBP_CELL_ADHESION_MOLECULE_PRODUCTION	-0.001226			17		0.0584	sigma unfit
gse175540-GSM5924039_ffpe_c_39	GSE175540	GOBP_POSITIVE_REGULATION_OF_RNA_SPLICING	0.002338	-5.8e-05	0.2886	17	42.0	0.0959	
gse175540-GSM5924039_ffpe_c_39	GSE175540	GOBP_DEFINITIVE_HEMOPOIESIS	0.003125			17		0.1458	sigma unfit
gse175540-GSM5924039_ffpe_c_39	GSE175540	GOBP_PROTEIN_DEACETYLATION	0.001811			17		0.0105	sigma unfit
gse175540-GSM5924039_ffpe_c_39	GSE175540	GOBP_CELL_JUNCTION_DISASSEMBLY	0.005667	0.000204	0.0846	17	73.0	0.1564	
gse175540-GSM5924039_ffpe_c_39	GSE175540	GOBP_REGULATION_OF_SYNAPTIC_VESICLE_ENDOCYTOSIS	0.003822			17		-0.0329	sigma unfit
gse175540-GSM5924039_ffpe_c_39	GSE175540	GOBP_RESPONSE_TO_NITRIC_OXIDE	0.000777	-0.000378	0.403	17	41.5	0.0509	
gse175540-GSM5924039_ffpe_c_39	GSE175540	GOBP_REGULATION_OF_CELL_GROWTH_INVOLVED_IN_CARDIAC_MUSCLE_CELL_DEVELOPMENT	0.001967			17		0.0561	sigma unfit
gse175540-GSM5924039_ffpe_c_39	GSE175540	GOBP_INNERVATION	0.010015	-1.4e-05	0.0149	17	111.7	0.2586	
gse175540-GSM5924039_ffpe_c_39	GSE175540	GOBP_RESPONSE_TO_ETHER	-0.003442			17		0.1192	sigma unfit
gse175540-GSM5924039_ffpe_c_39	GSE175540	GOBP_RESCUE_OF_STALLED_RIBOSOME	0.002931			17		-0.001	sigma unfit
gse175540-GSM5924039_ffpe_c_39	GSE175540	GOBP_NEGATIVE_REGULATION_OF_MUSCLE_HYPERTROPHY	0.001356			17		0.0078	sigma unfit
gse175540-GSM5924039_ffpe_c_39	GSE175540	GOBP_NEURON_INTRINSIC_APOPTOTIC_SIGNALING_PATHWAY_IN_RESPONSE_TO_OXIDATIVE_STRESS	-0.000938			17		0.0783	sigma unfit
gse175540-GSM5924039_ffpe_c_39	GSE175540	GOBP_POSITIVE_REGULATION_OF_T_CELL_MIGRATION	0.000151	-0.000341	0.4677	17	43.3	0.0958	
gse175540-GSM5924039_ffpe_c_39	GSE175540	GOBP_POSITIVE_REGULATION_OF_LEUKOCYTE_ADHESION_TO_VASCULAR_ENDOTHELIAL_CELL	0.001573	-0.000435	0.209	17	43.1	0.2458	
gse175540-GSM5924039_ffpe_c_39	GSE175540	CTRL_B_AXIS	-0.002156	-0.000219	0.9204	17	41.5	0.9407	
gse175540-GSM5924039_ffpe_c_39	GSE175540	CTRL_MYC_V1	-0.000607	4.5e-05	0.6169	17	86.7	-0.1352	
gse175540-GSM5924039_ffpe_c_39	GSE175540	CTRL_RANDOM_32	2.4e-05			17		-0.0043	sigma unfit
gse175540-GSM5924040_ffpe_c_45	GSE175540	GOBP_REGULATION_OF_INTEGRIN_MEDIATED_SIGNALING_PATHWAY	-0.000591	-0.000165	0.5423	23	118.2	-0.0228	
gse175540-GSM5924040_ffpe_c_45	GSE175540	GOBP_COMPLEMENT_ACTIVATION_CLASSICAL_PATHWAY	0.002288	-0.000506	0.2587	23	78.1	0.2893	
gse175540-GSM5924040_ffpe_c_45	GSE175540	GOBP_PEPTIDE_ANTIGEN_ASSEMBLY_WITH_MHC_PROTEIN_COMPLEX	0.000183	0.000809	0.5323	23	119.9	0.1381	
gse175540-GSM5924040_ffpe_c_45	GSE175540	GOBP_NEGATIVE_REGULATION_OF_REACTIVE_OXYGEN_SPECIES_BIOSYNTHETIC_PROCESS	0.003064	0.000123	0.2836	23	41.9	0.0703	
gse175540-GSM5924040_ffpe_c_45	GSE175540	GOBP_MRNA_5_SPLICE_SITE_RECOGNITION	0.009115			23		0.0337	sigma unfit
gse175540-GSM5924040_ffpe_c_45	GSE175540	GOBP_RESPONSE_TO_INTERFERON_ALPHA	0.006056	-0.000321	0.0697	23	43.3	0.0375	
gse175540-GSM5924040_ffpe_c_45	GSE175540	GOBP_POSITIVE_REGULATION_OF_VASCULAR_ASSOCIATED_SMOOTH_MUSCLE_CELL_MIGRATION	0.004549			23		0.017	sigma unfit
gse175540-GSM5924040_ffpe_c_45	GSE175540	GOBP_NEGATIVE_REGULATION_OF_EXTRACELLULAR_MATRIX_ORGANIZATION	0.003522	0.000334	0.3483	23	115.4	-0.0715	
gse175540-GSM5924040_ffpe_c_45	GSE175540	GOBP_CELL_FATE_DETERMINATION	0.002744	-0.000132	0.0448	23	41.1	-0.0031	
gse175540-GSM5924040_ffpe_c_45	GSE175540	GOBP_HYPERSENSITIVITY	0.002704	0.000535	0.2587	23	75.6	0.0977	
gse175540-GSM5924040_ffpe_c_45	GSE175540	GOBP_NEGATIVE_REGULATION_OF_BLOOD_VESSEL_ENDOTHELIAL_CELL_PROLIFERATION_INVOLVED_IN_SPROUTING_ANGIOGENESIS	0.003858	-0.002038	0.204	23	111.1	-0.0791	
gse175540-GSM5924040_ffpe_c_45	GSE175540	GOBP_PHYSIOLOGICAL_CARDIAC_MUSCLE_HYPERTROPHY	0.003491	-0.00022	0.0149	23	42.9	-0.0488	
gse175540-GSM5924040_ffpe_c_45	GSE175540	GOBP_INTEGRIN_MEDIATED_SIGNALING_PATHWAY	0.002529	0.000217	0.2537	23	140.2	-0.0323	
gse175540-GSM5924040_ffpe_c_45	GSE175540	GOBP_RESPONSE_TO_PROSTAGLANDIN_E	-0.000675			23		-0.0004	sigma unfit
gse175540-GSM5924040_ffpe_c_45	GSE175540	GOBP_CELL_ADHESION_MOLECULE_PRODUCTION	-0.002869			23		-0.0029	sigma unfit
gse175540-GSM5924040_ffpe_c_45	GSE175540	GOBP_POSITIVE_REGULATION_OF_RNA_SPLICING	0.002678	0.000317	0.3433	23	114.0	0.0324	
gse175540-GSM5924040_ffpe_c_45	GSE175540	GOBP_DEFINITIVE_HEMOPOIESIS	0.002172			23		-0.0059	sigma unfit
gse175540-GSM5924040_ffpe_c_45	GSE175540	GOBP_PROTEIN_DEACETYLATION	-0.001004			23		0.0333	sigma unfit
gse175540-GSM5924040_ffpe_c_45	GSE175540	GOBP_CELL_JUNCTION_DISASSEMBLY	0.000364	-0.000152	0.4627	23	73.7	0.0489	
gse175540-GSM5924040_ffpe_c_45	GSE175540	GOBP_REGULATION_OF_SYNAPTIC_VESICLE_ENDOCYTOSIS	-0.007397	-0.000553	0.9453	23	43.3	-0.012	
gse175540-GSM5924040_ffpe_c_45	GSE175540	GOBP_RESPONSE_TO_NITRIC_OXIDE	-0.006607			23		0.0497	sigma unfit
gse175540-GSM5924040_ffpe_c_45	GSE175540	GOBP_REGULATION_OF_CELL_GROWTH_INVOLVED_IN_CARDIAC_MUSCLE_CELL_DEVELOPMENT	0.001587			23		-0.0364	sigma unfit
gse175540-GSM5924040_ffpe_c_45	GSE175540	GOBP_INNERVATION	0.00549	-0.00076	0.1144	23	116.6	0.0307	
gse175540-GSM5924040_ffpe_c_45	GSE175540	GOBP_RESPONSE_TO_ETHER	0.00163			23		0.0276	sigma unfit
gse175540-GSM5924040_ffpe_c_45	GSE175540	GOBP_RESCUE_OF_STALLED_RIBOSOME	0.004929	-0.000187	0.0249	23	42.3	0.0723	
gse175540-GSM5924040_ffpe_c_45	GSE175540	GOBP_NEGATIVE_REGULATION_OF_MUSCLE_HYPERTROPHY	0.002499			23		-0.0235	sigma unfit
gse175540-GSM5924040_ffpe_c_45	GSE175540	GOBP_NEURON_INTRINSIC_APOPTOTIC_SIGNALING_PATHWAY_IN_RESPONSE_TO_OXIDATIVE_STRESS	-0.003258	-0.000662	0.7413	23	41.6	0.0497	
gse175540-GSM5924040_ffpe_c_45	GSE175540	GOBP_POSITIVE_REGULATION_OF_T_CELL_MIGRATION	0.002951	-0.000225	0.2687	23	120.7	0.2479	
gse175540-GSM5924040_ffpe_c_45	GSE175540	GOBP_POSITIVE_REGULATION_OF_LEUKOCYTE_ADHESION_TO_VASCULAR_ENDOTHELIAL_CELL	0.001826	-3.4e-05	0.2886	23	42.2	0.1425	
gse175540-GSM5924040_ffpe_c_45	GSE175540	CTRL_B_AXIS	-0.000647	1e-05	0.6816	23	79.3	0.9329	
gse175540-GSM5924040_ffpe_c_45	GSE175540	CTRL_MYC_V1	-0.00168	0.000307	0.7015	23	122.3	0.0989	
gse175540-GSM5924040_ffpe_c_45	GSE175540	CTRL_RANDOM_32	-0.002018			23		0.0302	sigma unfit
gse175540-GSM5924041_ffpe_c_51	GSE175540	GOBP_REGULATION_OF_INTEGRIN_MEDIATED_SIGNALING_PATHWAY	-0.006719	-0.000449	0.8657	15	44.7	-0.1008	
gse175540-GSM5924041_ffpe_c_51	GSE175540	GOBP_COMPLEMENT_ACTIVATION_CLASSICAL_PATHWAY	0.009371	0.000293	0.0846	15	113.9	0.611	
gse175540-GSM5924041_ffpe_c_51	GSE175540	GOBP_PEPTIDE_ANTIGEN_ASSEMBLY_WITH_MHC_PROTEIN_COMPLEX	-0.011105	-0.001625	0.8557	15	120.9	0.3551	
gse175540-GSM5924041_ffpe_c_51	GSE175540	GOBP_NEGATIVE_REGULATION_OF_REACTIVE_OXYGEN_SPECIES_BIOSYNTHETIC_PROCESS	0.001216			15		0.2381	sigma unfit
gse175540-GSM5924041_ffpe_c_51	GSE175540	GOBP_MRNA_5_SPLICE_SITE_RECOGNITION	0.002221			15		0.1053	sigma unfit
gse175540-GSM5924041_ffpe_c_51	GSE175540	GOBP_RESPONSE_TO_INTERFERON_ALPHA	-0.003541	0.000253	0.6816	15	122.8	0.1345	
gse175540-GSM5924041_ffpe_c_51	GSE175540	GOBP_POSITIVE_REGULATION_OF_VASCULAR_ASSOCIATED_SMOOTH_MUSCLE_CELL_MIGRATION	0.011489	-0.000861	0.0547	15	77.9	0.2468	
gse175540-GSM5924041_ffpe_c_51	GSE175540	GOBP_NEGATIVE_REGULATION_OF_EXTRACELLULAR_MATRIX_ORGANIZATION	0.007397	0.00054	0.194	15	74.1	0.047	
gse175540-GSM5924041_ffpe_c_51	GSE175540	GOBP_CELL_FATE_DETERMINATION	-0.003181			15		0.095	sigma unfit
gse175540-GSM5924041_ffpe_c_51	GSE175540	GOBP_HYPERSENSITIVITY	-0.005703	-0.000754	0.8756	15	42.0	0.3878	
gse175540-GSM5924041_ffpe_c_51	GSE175540	GOBP_NEGATIVE_REGULATION_OF_BLOOD_VESSEL_ENDOTHELIAL_CELL_PROLIFERATION_INVOLVED_IN_SPROUTING_ANGIOGENESIS	0.002612	0.000124	0.4179	15	78.0	0.271	
gse175540-GSM5924041_ffpe_c_51	GSE175540	GOBP_PHYSIOLOGICAL_CARDIAC_MUSCLE_HYPERTROPHY	0.001331			15		0.1718	sigma unfit
gse175540-GSM5924041_ffpe_c_51	GSE175540	GOBP_INTEGRIN_MEDIATED_SIGNALING_PATHWAY	0.003756	-0.000273	0.0896	15	75.4	0.0965	
gse175540-GSM5924041_ffpe_c_51	GSE175540	GOBP_RESPONSE_TO_PROSTAGLANDIN_E	0.004325			15		0.144	sigma unfit
gse175540-GSM5924041_ffpe_c_51	GSE175540	GOBP_CELL_ADHESION_MOLECULE_PRODUCTION	0.003533	0.000462	0.3333	15	40.8	-0.108	
gse175540-GSM5924041_ffpe_c_51	GSE175540	GOBP_POSITIVE_REGULATION_OF_RNA_SPLICING	-0.001956	0.000583	0.6617	15	115.6	0.3679	
gse175540-GSM5924041_ffpe_c_51	GSE175540	GOBP_DEFINITIVE_HEMOPOIESIS	0.004167	-9e-05	0.1841	15	75.4	0.2099	
gse175540-GSM5924041_ffpe_c_51	GSE175540	GOBP_PROTEIN_DEACETYLATION	-0.005695			15		-0.0967	sigma unfit
gse175540-GSM5924041_ffpe_c_51	GSE175540	GOBP_CELL_JUNCTION_DISASSEMBLY	0.007226	3.3e-05	0.1144	15	116.8	0.1253	
gse175540-GSM5924041_ffpe_c_51	GSE175540	GOBP_REGULATION_OF_SYNAPTIC_VESICLE_ENDOCYTOSIS	-0.003162	0.000861	0.7015	15	41.1	0.2153	
gse175540-GSM5924041_ffpe_c_51	GSE175540	GOBP_RESPONSE_TO_NITRIC_OXIDE	0.007704			15		0.1738	sigma unfit
gse175540-GSM5924041_ffpe_c_51	GSE175540	GOBP_REGULATION_OF_CELL_GROWTH_INVOLVED_IN_CARDIAC_MUSCLE_CELL_DEVELOPMENT	0.001966			15		0.1945	sigma unfit
gse175540-GSM5924041_ffpe_c_51	GSE175540	GOBP_INNERVATION	0.005227	-0.000718	0.1294	15	112.9	0.1595	
gse175540-GSM5924041_ffpe_c_51	GSE175540	GOBP_RESPONSE_TO_ETHER	0.005211			15		0.0938	sigma unfit
gse175540-GSM5924041_ffpe_c_51	GSE175540	GOBP_RESCUE_OF_STALLED_RIBOSOME	0.003079			15		0.0388	sigma unfit
gse175540-GSM5924041_ffpe_c_51	GSE175540	GOBP_NEGATIVE_REGULATION_OF_MUSCLE_HYPERTROPHY	-0.00113	0.000131	0.6418	15	43.2	0.1119	
gse175540-GSM5924041_ffpe_c_51	GSE175540	GOBP_NEURON_INTRINSIC_APOPTOTIC_SIGNALING_PATHWAY_IN_RESPONSE_TO_OXIDATIVE_STRESS	-0.01124			15		0.2754	sigma unfit
gse175540-GSM5924041_ffpe_c_51	GSE175540	GOBP_POSITIVE_REGULATION_OF_T_CELL_MIGRATION	0.004814	-0.000437	0.0796	15	42.0	0.1808	
gse175540-GSM5924041_ffpe_c_51	GSE175540	GOBP_POSITIVE_REGULATION_OF_LEUKOCYTE_ADHESION_TO_VASCULAR_ENDOTHELIAL_CELL	0.003611			15		0.2031	sigma unfit
gse175540-GSM5924041_ffpe_c_51	GSE175540	CTRL_B_AXIS	-0.000299	-0.000281	0.5075	15	121.8	0.9555	
gse175540-GSM5924041_ffpe_c_51	GSE175540	CTRL_MYC_V1	-0.002944	0.000509	0.7811	15	124.8	0.259	
gse175540-GSM5924041_ffpe_c_51	GSE175540	CTRL_RANDOM_32	-0.000397			15		0.1274	sigma unfit
gse175540-GSM5924043_frozen_a_3	GSE175540	GOBP_REGULATION_OF_INTEGRIN_MEDIATED_SIGNALING_PATHWAY				6			not evaluable
gse175540-GSM5924043_frozen_a_3	GSE175540	GOBP_COMPLEMENT_ACTIVATION_CLASSICAL_PATHWAY				6			not evaluable
gse175540-GSM5924043_frozen_a_3	GSE175540	GOBP_PEPTIDE_ANTIGEN_ASSEMBLY_WITH_MHC_PROTEIN_COMPLEX				6			not evaluable
gse175540-GSM5924043_frozen_a_3	GSE175540	GOBP_NEGATIVE_REGULATION_OF_REACTIVE_OXYGEN_SPECIES_BIOSYNTHETIC_PROCESS				6			not evaluable
gse175540-GSM5924043_frozen_a_3	GSE175540	GOBP_MRNA_5_SPLICE_SITE_RECOGNITION				6			not evaluable
gse175540-GSM5924043_frozen_a_3	GSE175540	GOBP_RESPONSE_TO_INTERFERON_ALPHA				6			not evaluable
gse175540-GSM5924043_frozen_a_3	GSE175540	GOBP_POSITIVE_REGULATION_OF_VASCULAR_ASSOCIATED_SMOOTH_MUSCLE_CELL_MIGRATION				6			not evaluable
gse175540-GSM5924043_frozen_a_3	GSE175540	GOBP_NEGATIVE_REGULATION_OF_EXTRACELLULAR_MATRIX_ORGANIZATION				6			not evaluable
gse175540-GSM5924043_frozen_a_3	GSE175540	GOBP_CELL_FATE_DETERMINATION				6			not evaluable
gse175540-GSM5924043_frozen_a_3	GSE175540	GOBP_HYPERSENSITIVITY				6			not evaluable
gse175540-GSM5924043_frozen_a_3	GSE175540	GOBP_NEGATIVE_REGULATION_OF_BLOOD_VESSEL_ENDOTHELIAL_CELL_PROLIFERATION_INVOLVED_IN_SPROUTING_ANGIOGENESIS				6			not evaluable
gse175540-GSM5924043_frozen_a_3	GSE175540	GOBP_PHYSIOLOGICAL_CARDIAC_MUSCLE_HYPERTROPHY				6			not evaluable
gse175540-GSM5924043_frozen_a_3	GSE175540	GOBP_INTEGRIN_MEDIATED_SIGNALING_PATHWAY				6			not evaluable
gse175540-GSM5924043_frozen_a_3	GSE175540	GOBP_RESPONSE_TO_PROSTAGLANDIN_E				6			not evaluable
gse175540-GSM5924043_frozen_a_3	GSE175540	GOBP_CELL_ADHESION_MOLECULE_PRODUCTION				6			not evaluable
gse175540-GSM5924043_frozen_a_3	GSE175540	GOBP_POSITIVE_REGULATION_OF_RNA_SPLICING				6			not evaluable
gse175540-GSM5924043_frozen_a_3	GSE175540	GOBP_DEFINITIVE_HEMOPOIESIS				6			not evaluable
gse175540-GSM5924043_frozen_a_3	GSE175540	GOBP_PROTEIN_DEACETYLATION				6			not evaluable
gse175540-GSM5924043_frozen_a_3	GSE175540	GOBP_CELL_JUNCTION_DISASSEMBLY				6			not evaluable
gse175540-GSM5924043_frozen_a_3	GSE175540	GOBP_REGULATION_OF_SYNAPTIC_VESICLE_ENDOCYTOSIS				6			not evaluable
gse175540-GSM5924043_frozen_a_3	GSE175540	GOBP_RESPONSE_TO_NITRIC_OXIDE				6			not evaluable
gse175540-GSM5924043_frozen_a_3	GSE175540	GOBP_REGULATION_OF_CELL_GROWTH_INVOLVED_IN_CARDIAC_MUSCLE_CELL_DEVELOPMENT				6			not evaluable
gse175540-GSM5924043_frozen_a_3	GSE175540	GOBP_INNERVATION				6			not evaluable
gse175540-GSM5924043_frozen_a_3	GSE175540	GOBP_RESPONSE_TO_ETHER				6			not evaluable
gse175540-GSM5924043_frozen_a_3	GSE175540	GOBP_RESCUE_OF_STALLED_RIBOSOME				6			not evaluable
gse175540-GSM5924043_frozen_a_3	GSE175540	GOBP_NEGATIVE_REGULATION_OF_MUSCLE_HYPERTROPHY				6			not evaluable
gse175540-GSM5924043_frozen_a_3	GSE175540	GOBP_NEURON_INTRINSIC_APOPTOTIC_SIGNALING_PATHWAY_IN_RESPONSE_TO_OXIDATIVE_STRESS				6			not evaluable
gse175540-GSM5924043_frozen_a_3	GSE175540	GOBP_POSITIVE_REGULATION_OF_T_CELL_MIGRATION				6			not evaluable
gse175540-GSM5924043_frozen_a_3	GSE175540	GOBP_POSITIVE_REGULATION_OF_LEUKOCYTE_ADHESION_TO_VASCULAR_ENDOTHELIAL_CELL				6			not evaluable
gse175540-GSM5924043_frozen_a_3	GSE175540	CTRL_B_AXIS				6			not evaluable
gse175540-GSM5924043_frozen_a_3	GSE175540	CTRL_MYC_V1				6			not evaluable
gse175540-GSM5924043_frozen_a_3	GSE175540	CTRL_RANDOM_32				6			not evaluable
gse175540-GSM5924044_frozen_a_15	GSE175540	GOBP_REGULATION_OF_INTEGRIN_MEDIATED_SIGNALING_PATHWAY				5			not evaluable
gse175540-GSM5924044_frozen_a_15	GSE175540	GOBP_COMPLEMENT_ACTIVATION_CLASSICAL_PATHWAY				5			not evaluable
gse175540-GSM5924044_frozen_a_15	GSE175540	GOBP_PEPTIDE_ANTIGEN_ASSEMBLY_WITH_MHC_PROTEIN_COMPLEX				5			not evaluable
gse175540-GSM5924044_frozen_a_15	GSE175540	GOBP_NEGATIVE_REGULATION_OF_REACTIVE_OXYGEN_SPECIES_BIOSYNTHETIC_PROCESS				5			not evaluable
gse175540-GSM5924044_frozen_a_15	GSE175540	GOBP_MRNA_5_SPLICE_SITE_RECOGNITION				5			not evaluable
gse175540-GSM5924044_frozen_a_15	GSE175540	GOBP_RESPONSE_TO_INTERFERON_ALPHA				5			not evaluable
gse175540-GSM5924044_frozen_a_15	GSE175540	GOBP_POSITIVE_REGULATION_OF_VASCULAR_ASSOCIATED_SMOOTH_MUSCLE_CELL_MIGRATION				5			not evaluable
gse175540-GSM5924044_frozen_a_15	GSE175540	GOBP_NEGATIVE_REGULATION_OF_EXTRACELLULAR_MATRIX_ORGANIZATION				5			not evaluable
gse175540-GSM5924044_frozen_a_15	GSE175540	GOBP_CELL_FATE_DETERMINATION				5			not evaluable
gse175540-GSM5924044_frozen_a_15	GSE175540	GOBP_HYPERSENSITIVITY				5			not evaluable
gse175540-GSM5924044_frozen_a_15	GSE175540	GOBP_NEGATIVE_REGULATION_OF_BLOOD_VESSEL_ENDOTHELIAL_CELL_PROLIFERATION_INVOLVED_IN_SPROUTING_ANGIOGENESIS				5			not evaluable
gse175540-GSM5924044_frozen_a_15	GSE175540	GOBP_PHYSIOLOGICAL_CARDIAC_MUSCLE_HYPERTROPHY				5			not evaluable
gse175540-GSM5924044_frozen_a_15	GSE175540	GOBP_INTEGRIN_MEDIATED_SIGNALING_PATHWAY				5			not evaluable
gse175540-GSM5924044_frozen_a_15	GSE175540	GOBP_RESPONSE_TO_PROSTAGLANDIN_E				5			not evaluable
gse175540-GSM5924044_frozen_a_15	GSE175540	GOBP_CELL_ADHESION_MOLECULE_PRODUCTION				5			not evaluable
gse175540-GSM5924044_frozen_a_15	GSE175540	GOBP_POSITIVE_REGULATION_OF_RNA_SPLICING				5			not evaluable
gse175540-GSM5924044_frozen_a_15	GSE175540	GOBP_DEFINITIVE_HEMOPOIESIS				5			not evaluable
gse175540-GSM5924044_frozen_a_15	GSE175540	GOBP_PROTEIN_DEACETYLATION				5			not evaluable
gse175540-GSM5924044_frozen_a_15	GSE175540	GOBP_CELL_JUNCTION_DISASSEMBLY				5			not evaluable
gse175540-GSM5924044_frozen_a_15	GSE175540	GOBP_REGULATION_OF_SYNAPTIC_VESICLE_ENDOCYTOSIS				5			not evaluable
gse175540-GSM5924044_frozen_a_15	GSE175540	GOBP_RESPONSE_TO_NITRIC_OXIDE				5			not evaluable
gse175540-GSM5924044_frozen_a_15	GSE175540	GOBP_REGULATION_OF_CELL_GROWTH_INVOLVED_IN_CARDIAC_MUSCLE_CELL_DEVELOPMENT				5			not evaluable
gse175540-GSM5924044_frozen_a_15	GSE175540	GOBP_INNERVATION				5			not evaluable
gse175540-GSM5924044_frozen_a_15	GSE175540	GOBP_RESPONSE_TO_ETHER				5			not evaluable
gse175540-GSM5924044_frozen_a_15	GSE175540	GOBP_RESCUE_OF_STALLED_RIBOSOME				5			not evaluable
gse175540-GSM5924044_frozen_a_15	GSE175540	GOBP_NEGATIVE_REGULATION_OF_MUSCLE_HYPERTROPHY				5			not evaluable
gse175540-GSM5924044_frozen_a_15	GSE175540	GOBP_NEURON_INTRINSIC_APOPTOTIC_SIGNALING_PATHWAY_IN_RESPONSE_TO_OXIDATIVE_STRESS				5			not evaluable
gse175540-GSM5924044_frozen_a_15	GSE175540	GOBP_POSITIVE_REGULATION_OF_T_CELL_MIGRATION				5			not evaluable
gse175540-GSM5924044_frozen_a_15	GSE175540	GOBP_POSITIVE_REGULATION_OF_LEUKOCYTE_ADHESION_TO_VASCULAR_ENDOTHELIAL_CELL				5			not evaluable
gse175540-GSM5924044_frozen_a_15	GSE175540	CTRL_B_AXIS				5			not evaluable
gse175540-GSM5924044_frozen_a_15	GSE175540	CTRL_MYC_V1				5			not evaluable
gse175540-GSM5924044_frozen_a_15	GSE175540	CTRL_RANDOM_32				5			not evaluable
gse175540-GSM5924046_frozen_b_1	GSE175540	GOBP_REGULATION_OF_INTEGRIN_MEDIATED_SIGNALING_PATHWAY	0.004989	-0.000784	0.3284	9	83.7	0.03	
gse175540-GSM5924046_frozen_b_1	GSE175540	GOBP_COMPLEMENT_ACTIVATION_CLASSICAL_PATHWAY	0.01774	-0.000408	0.0249	9	83.7	0.693	
gse175540-GSM5924046_frozen_b_1	GSE175540	GOBP_PEPTIDE_ANTIGEN_ASSEMBLY_WITH_MHC_PROTEIN_COMPLEX	0.022914	0.000469	0.0597	9	86.3	0.2196	
gse175540-GSM5924046_frozen_b_1	GSE175540	GOBP_NEGATIVE_REGULATION_OF_REACTIVE_OXYGEN_SPECIES_BIOSYNTHETIC_PROCESS	0.019592	-0.000562	0.0149	9	41.7	0.0121	
gse175540-GSM5924046_frozen_b_1	GSE175540	GOBP_MRNA_5_SPLICE_SITE_RECOGNITION	0.001118			9		0.0289	sigma unfit
gse175540-GSM5924046_frozen_b_1	GSE175540	GOBP_RESPONSE_TO_INTERFERON_ALPHA	-0.000746	-0.000145	0.5323	9	76.1	0.0911	
gse175540-GSM5924046_frozen_b_1	GSE175540	GOBP_POSITIVE_REGULATION_OF_VASCULAR_ASSOCIATED_SMOOTH_MUSCLE_CELL_MIGRATION	0.010693			9		0.0877	sigma unfit
gse175540-GSM5924046_frozen_b_1	GSE175540	GOBP_NEGATIVE_REGULATION_OF_EXTRACELLULAR_MATRIX_ORGANIZATION	0.006194	-0.000271	0.2786	9	74.2	0.0253	
gse175540-GSM5924046_frozen_b_1	GSE175540	GOBP_CELL_FATE_DETERMINATION	0.003021	-0.000463	0.1841	9	44.2	0.02	
gse175540-GSM5924046_frozen_b_1	GSE175540	GOBP_HYPERSENSITIVITY	0.007328	-0.000678	0.199	9	75.8	0.3956	
gse175540-GSM5924046_frozen_b_1	GSE175540	GOBP_NEGATIVE_REGULATION_OF_BLOOD_VESSEL_ENDOTHELIAL_CELL_PROLIFERATION_INVOLVED_IN_SPROUTING_ANGIOGENESIS	0.000964	-0.001162	0.3781	9	42.6	0.0519	
gse175540-GSM5924046_frozen_b_1	GSE175540	GOBP_PHYSIOLOGICAL_CARDIAC_MUSCLE_HYPERTROPHY	-0.00267			9		-0.0161	sigma unfit
gse175540-GSM5924046_frozen_b_1	GSE175540	GOBP_INTEGRIN_MEDIATED_SIGNALING_PATHWAY	0.008881	0.000362	0.1194	9	100.4	0.1604	
gse175540-GSM5924046_frozen_b_1	GSE175540	GOBP_RESPONSE_TO_PROSTAGLANDIN_E	0.004148			9		0.0412	sigma unfit
gse175540-GSM5924046_frozen_b_1	GSE175540	GOBP_CELL_ADHESION_MOLECULE_PRODUCTION	-0.003543			9		-0.037	sigma unfit
gse175540-GSM5924046_frozen_b_1	GSE175540	GOBP_POSITIVE_REGULATION_OF_RNA_SPLICING	-0.008528			9		-0.0497	sigma unfit
gse175540-GSM5924046_frozen_b_1	GSE175540	GOBP_DEFINITIVE_HEMOPOIESIS	0.009929			9		0.1149	sigma unfit
gse175540-GSM5924046_frozen_b_1	GSE175540	GOBP_PROTEIN_DEACETYLATION	0.003598			9		-0.014	sigma unfit
gse175540-GSM5924046_frozen_b_1	GSE175540	GOBP_CELL_JUNCTION_DISASSEMBLY	0.009781	0.000303	0.0697	9	76.8	0.2066	
gse175540-GSM5924046_frozen_b_1	GSE175540	GOBP_REGULATION_OF_SYNAPTIC_VESICLE_ENDOCYTOSIS	-0.005252	0.000137	0.8159	9	43.0	0.031	
gse175540-GSM5924046_frozen_b_1	GSE175540	GOBP_RESPONSE_TO_NITRIC_OXIDE	0.014583	0.000529	0.0398	9	43.0	-0.0117	
gse175540-GSM5924046_frozen_b_1	GSE175540	GOBP_REGULATION_OF_CELL_GROWTH_INVOLVED_IN_CARDIAC_MUSCLE_CELL_DEVELOPMENT	-0.002639			9		0.0256	sigma unfit
gse175540-GSM5924046_frozen_b_1	GSE175540	GOBP_INNERVATION	0.002718	-0.000358	0.2886	9	45.7	-0.0291	
gse175540-GSM5924046_frozen_b_1	GSE175540	GOBP_RESPONSE_TO_ETHER	0.010929			9		0.0841	sigma unfit
gse175540-GSM5924046_frozen_b_1	GSE175540	GOBP_RESCUE_OF_STALLED_RIBOSOME	0.001909			9		0.018	sigma unfit
gse175540-GSM5924046_frozen_b_1	GSE175540	GOBP_NEGATIVE_REGULATION_OF_MUSCLE_HYPERTROPHY	-0.00284			9		-0.0315	sigma unfit
gse175540-GSM5924046_frozen_b_1	GSE175540	GOBP_NEURON_INTRINSIC_APOPTOTIC_SIGNALING_PATHWAY_IN_RESPONSE_TO_OXIDATIVE_STRESS	0.002842	0.000478	0.4229	9	42.9	0.0333	
gse175540-GSM5924046_frozen_b_1	GSE175540	GOBP_POSITIVE_REGULATION_OF_T_CELL_MIGRATION	0.004918	-0.000464	0.1443	9	47.4	0.1944	
gse175540-GSM5924046_frozen_b_1	GSE175540	GOBP_POSITIVE_REGULATION_OF_LEUKOCYTE_ADHESION_TO_VASCULAR_ENDOTHELIAL_CELL	0.015512	-0.001056	0.01	9	46.2	0.1765	
gse175540-GSM5924046_frozen_b_1	GSE175540	CTRL_B_AXIS	-6.7e-05	-5.9e-05	0.5075	9	49.2	0.9182	
gse175540-GSM5924046_frozen_b_1	GSE175540	CTRL_MYC_V1	-0.002623	0.000112	0.7313	9	49.0	-0.1263	
gse175540-GSM5924046_frozen_b_1	GSE175540	CTRL_RANDOM_32	-0.000893			9		0.0369	sigma unfit
gse175540-GSM5924049_frozen_b_18	GSE175540	GOBP_REGULATION_OF_INTEGRIN_MEDIATED_SIGNALING_PATHWAY				6			not evaluable
gse175540-GSM5924049_frozen_b_18	GSE175540	GOBP_COMPLEMENT_ACTIVATION_CLASSICAL_PATHWAY				6			not evaluable
gse175540-GSM5924049_frozen_b_18	GSE175540	GOBP_PEPTIDE_ANTIGEN_ASSEMBLY_WITH_MHC_PROTEIN_COMPLEX				6			not evaluable
gse175540-GSM5924049_frozen_b_18	GSE175540	GOBP_NEGATIVE_REGULATION_OF_REACTIVE_OXYGEN_SPECIES_BIOSYNTHETIC_PROCESS				6			not evaluable
gse175540-GSM5924049_frozen_b_18	GSE175540	GOBP_MRNA_5_SPLICE_SITE_RECOGNITION				6			not evaluable
gse175540-GSM5924049_frozen_b_18	GSE175540	GOBP_RESPONSE_TO_INTERFERON_ALPHA				6			not evaluable
gse175540-GSM5924049_frozen_b_18	GSE175540	GOBP_POSITIVE_REGULATION_OF_VASCULAR_ASSOCIATED_SMOOTH_MUSCLE_CELL_MIGRATION				6			not evaluable
gse175540-GSM5924049_frozen_b_18	GSE175540	GOBP_NEGATIVE_REGULATION_OF_EXTRACELLULAR_MATRIX_ORGANIZATION				6			not evaluable
gse175540-GSM5924049_frozen_b_18	GSE175540	GOBP_CELL_FATE_DETERMINATION				6			not evaluable
gse175540-GSM5924049_frozen_b_18	GSE175540	GOBP_HYPERSENSITIVITY				6			not evaluable
gse175540-GSM5924049_frozen_b_18	GSE175540	GOBP_NEGATIVE_REGULATION_OF_BLOOD_VESSEL_ENDOTHELIAL_CELL_PROLIFERATION_INVOLVED_IN_SPROUTING_ANGIOGENESIS				6			not evaluable
gse175540-GSM5924049_frozen_b_18	GSE175540	GOBP_PHYSIOLOGICAL_CARDIAC_MUSCLE_HYPERTROPHY				6			not evaluable
gse175540-GSM5924049_frozen_b_18	GSE175540	GOBP_INTEGRIN_MEDIATED_SIGNALING_PATHWAY				6			not evaluable
gse175540-GSM5924049_frozen_b_18	GSE175540	GOBP_RESPONSE_TO_PROSTAGLANDIN_E				6			not evaluable
gse175540-GSM5924049_frozen_b_18	GSE175540	GOBP_CELL_ADHESION_MOLECULE_PRODUCTION				6			not evaluable
gse175540-GSM5924049_frozen_b_18	GSE175540	GOBP_POSITIVE_REGULATION_OF_RNA_SPLICING				6			not evaluable
gse175540-GSM5924049_frozen_b_18	GSE175540	GOBP_DEFINITIVE_HEMOPOIESIS				6			not evaluable
gse175540-GSM5924049_frozen_b_18	GSE175540	GOBP_PROTEIN_DEACETYLATION				6			not evaluable
gse175540-GSM5924049_frozen_b_18	GSE175540	GOBP_CELL_JUNCTION_DISASSEMBLY				6			not evaluable
gse175540-GSM5924049_frozen_b_18	GSE175540	GOBP_REGULATION_OF_SYNAPTIC_VESICLE_ENDOCYTOSIS				6			not evaluable
gse175540-GSM5924049_frozen_b_18	GSE175540	GOBP_RESPONSE_TO_NITRIC_OXIDE				6			not evaluable
gse175540-GSM5924049_frozen_b_18	GSE175540	GOBP_REGULATION_OF_CELL_GROWTH_INVOLVED_IN_CARDIAC_MUSCLE_CELL_DEVELOPMENT				6			not evaluable
gse175540-GSM5924049_frozen_b_18	GSE175540	GOBP_INNERVATION				6			not evaluable
gse175540-GSM5924049_frozen_b_18	GSE175540	GOBP_RESPONSE_TO_ETHER				6			not evaluable
gse175540-GSM5924049_frozen_b_18	GSE175540	GOBP_RESCUE_OF_STALLED_RIBOSOME				6			not evaluable
gse175540-GSM5924049_frozen_b_18	GSE175540	GOBP_NEGATIVE_REGULATION_OF_MUSCLE_HYPERTROPHY				6			not evaluable
gse175540-GSM5924049_frozen_b_18	GSE175540	GOBP_NEURON_INTRINSIC_APOPTOTIC_SIGNALING_PATHWAY_IN_RESPONSE_TO_OXIDATIVE_STRESS				6			not evaluable
gse175540-GSM5924049_frozen_b_18	GSE175540	GOBP_POSITIVE_REGULATION_OF_T_CELL_MIGRATION				6			not evaluable
gse175540-GSM5924049_frozen_b_18	GSE175540	GOBP_POSITIVE_REGULATION_OF_LEUKOCYTE_ADHESION_TO_VASCULAR_ENDOTHELIAL_CELL				6			not evaluable
gse175540-GSM5924049_frozen_b_18	GSE175540	CTRL_B_AXIS				6			not evaluable
gse175540-GSM5924049_frozen_b_18	GSE175540	CTRL_MYC_V1				6			not evaluable
gse175540-GSM5924049_frozen_b_18	GSE175540	CTRL_RANDOM_32				6			not evaluable
gse175540-GSM5924050_frozen_c_2	GSE175540	GOBP_REGULATION_OF_INTEGRIN_MEDIATED_SIGNALING_PATHWAY				6			not evaluable
gse175540-GSM5924050_frozen_c_2	GSE175540	GOBP_COMPLEMENT_ACTIVATION_CLASSICAL_PATHWAY				6			not evaluable
gse175540-GSM5924050_frozen_c_2	GSE175540	GOBP_PEPTIDE_ANTIGEN_ASSEMBLY_WITH_MHC_PROTEIN_COMPLEX				6			not evaluable
gse175540-GSM5924050_frozen_c_2	GSE175540	GOBP_NEGATIVE_REGULATION_OF_REACTIVE_OXYGEN_SPECIES_BIOSYNTHETIC_PROCESS				6			not evaluable
gse175540-GSM5924050_frozen_c_2	GSE175540	GOBP_MRNA_5_SPLICE_SITE_RECOGNITION				6			not evaluable
gse175540-GSM5924050_frozen_c_2	GSE175540	GOBP_RESPONSE_TO_INTERFERON_ALPHA				6			not evaluable
gse175540-GSM5924050_frozen_c_2	GSE175540	GOBP_POSITIVE_REGULATION_OF_VASCULAR_ASSOCIATED_SMOOTH_MUSCLE_CELL_MIGRATION				6			not evaluable
gse175540-GSM5924050_frozen_c_2	GSE175540	GOBP_NEGATIVE_REGULATION_OF_EXTRACELLULAR_MATRIX_ORGANIZATION				6			not evaluable
gse175540-GSM5924050_frozen_c_2	GSE175540	GOBP_CELL_FATE_DETERMINATION				6			not evaluable
gse175540-GSM5924050_frozen_c_2	GSE175540	GOBP_HYPERSENSITIVITY				6			not evaluable
gse175540-GSM5924050_frozen_c_2	GSE175540	GOBP_NEGATIVE_REGULATION_OF_BLOOD_VESSEL_ENDOTHELIAL_CELL_PROLIFERATION_INVOLVED_IN_SPROUTING_ANGIOGENESIS				6			not evaluable
gse175540-GSM5924050_frozen_c_2	GSE175540	GOBP_PHYSIOLOGICAL_CARDIAC_MUSCLE_HYPERTROPHY				6			not evaluable
gse175540-GSM5924050_frozen_c_2	GSE175540	GOBP_INTEGRIN_MEDIATED_SIGNALING_PATHWAY				6			not evaluable
gse175540-GSM5924050_frozen_c_2	GSE175540	GOBP_RESPONSE_TO_PROSTAGLANDIN_E				6			not evaluable
gse175540-GSM5924050_frozen_c_2	GSE175540	GOBP_CELL_ADHESION_MOLECULE_PRODUCTION				6			not evaluable
gse175540-GSM5924050_frozen_c_2	GSE175540	GOBP_POSITIVE_REGULATION_OF_RNA_SPLICING				6			not evaluable
gse175540-GSM5924050_frozen_c_2	GSE175540	GOBP_DEFINITIVE_HEMOPOIESIS				6			not evaluable
gse175540-GSM5924050_frozen_c_2	GSE175540	GOBP_PROTEIN_DEACETYLATION				6			not evaluable
gse175540-GSM5924050_frozen_c_2	GSE175540	GOBP_CELL_JUNCTION_DISASSEMBLY				6			not evaluable
gse175540-GSM5924050_frozen_c_2	GSE175540	GOBP_REGULATION_OF_SYNAPTIC_VESICLE_ENDOCYTOSIS				6			not evaluable
gse175540-GSM5924050_frozen_c_2	GSE175540	GOBP_RESPONSE_TO_NITRIC_OXIDE				6			not evaluable
gse175540-GSM5924050_frozen_c_2	GSE175540	GOBP_REGULATION_OF_CELL_GROWTH_INVOLVED_IN_CARDIAC_MUSCLE_CELL_DEVELOPMENT				6			not evaluable
gse175540-GSM5924050_frozen_c_2	GSE175540	GOBP_INNERVATION				6			not evaluable
gse175540-GSM5924050_frozen_c_2	GSE175540	GOBP_RESPONSE_TO_ETHER				6			not evaluable
gse175540-GSM5924050_frozen_c_2	GSE175540	GOBP_RESCUE_OF_STALLED_RIBOSOME				6			not evaluable
gse175540-GSM5924050_frozen_c_2	GSE175540	GOBP_NEGATIVE_REGULATION_OF_MUSCLE_HYPERTROPHY				6			not evaluable
gse175540-GSM5924050_frozen_c_2	GSE175540	GOBP_NEURON_INTRINSIC_APOPTOTIC_SIGNALING_PATHWAY_IN_RESPONSE_TO_OXIDATIVE_STRESS				6			not evaluable
gse175540-GSM5924050_frozen_c_2	GSE175540	GOBP_POSITIVE_REGULATION_OF_T_CELL_MIGRATION				6			not evaluable
gse175540-GSM5924050_frozen_c_2	GSE175540	GOBP_POSITIVE_REGULATION_OF_LEUKOCYTE_ADHESION_TO_VASCULAR_ENDOTHELIAL_CELL				6			not evaluable
gse175540-GSM5924050_frozen_c_2	GSE175540	CTRL_B_AXIS				6			not evaluable
gse175540-GSM5924050_frozen_c_2	GSE175540	CTRL_MYC_V1				6			not evaluable
gse175540-GSM5924050_frozen_c_2	GSE175540	CTRL_RANDOM_32				6			not evaluable
gse175540-GSM5924051_frozen_c_5	GSE175540	GOBP_REGULATION_OF_INTEGRIN_MEDIATED_SIGNALING_PATHWAY	0.008243			13		0.1674	sigma unfit
gse175540-GSM5924051_frozen_c_5	GSE175540	GOBP_COMPLEMENT_ACTIVATION_CLASSICAL_PATHWAY	0.009884	-0.00013	0.0348	13	41.6	0.2708	
gse175540-GSM5924051_frozen_c_5	GSE175540	GOBP_PEPTIDE_ANTIGEN_ASSEMBLY_WITH_MHC_PROTEIN_COMPLEX	0.007396	0.000286	0.2786	13	43.4	0.2843	
gse175540-GSM5924051_frozen_c_5	GSE175540	GOBP_NEGATIVE_REGULATION_OF_REACTIVE_OXYGEN_SPECIES_BIOSYNTHETIC_PROCESS	0.021199			13		0.1396	sigma unfit
gse175540-GSM5924051_frozen_c_5	GSE175540	GOBP_MRNA_5_SPLICE_SITE_RECOGNITION	-0.006965			13		0.1078	sigma unfit
gse175540-GSM5924051_frozen_c_5	GSE175540	GOBP_RESPONSE_TO_INTERFERON_ALPHA	0.004282			13		0.1855	sigma unfit
gse175540-GSM5924051_frozen_c_5	GSE175540	GOBP_POSITIVE_REGULATION_OF_VASCULAR_ASSOCIATED_SMOOTH_MUSCLE_CELL_MIGRATION	-0.002034			13		0.1173	sigma unfit
gse175540-GSM5924051_frozen_c_5	GSE175540	GOBP_NEGATIVE_REGULATION_OF_EXTRACELLULAR_MATRIX_ORGANIZATION	0.004209			13		0.2137	sigma unfit
gse175540-GSM5924051_frozen_c_5	GSE175540	GOBP_CELL_FATE_DETERMINATION	0.003124			13		0.146	sigma unfit
gse175540-GSM5924051_frozen_c_5	GSE175540	GOBP_HYPERSENSITIVITY	-0.00242			13		0.2162	sigma unfit
gse175540-GSM5924051_frozen_c_5	GSE175540	GOBP_NEGATIVE_REGULATION_OF_BLOOD_VESSEL_ENDOTHELIAL_CELL_PROLIFERATION_INVOLVED_IN_SPROUTING_ANGIOGENESIS	0.016985	-0.001299	0.0547	13	45.1	0.1152	
gse175540-GSM5924051_frozen_c_5	GSE175540	GOBP_PHYSIOLOGICAL_CARDIAC_MUSCLE_HYPERTROPHY	0.002561			13		0.0936	sigma unfit
gse175540-GSM5924051_frozen_c_5	GSE175540	GOBP_INTEGRIN_MEDIATED_SIGNALING_PATHWAY	0.007436	-0.000309	0.0498	13	42.1	0.3042	
gse175540-GSM5924051_frozen_c_5	GSE175540	GOBP_RESPONSE_TO_PROSTAGLANDIN_E	-0.002985			13		0.2783	sigma unfit
gse175540-GSM5924051_frozen_c_5	GSE175540	GOBP_CELL_ADHESION_MOLECULE_PRODUCTION	-0.006787			13		0.0381	sigma unfit
gse175540-GSM5924051_frozen_c_5	GSE175540	GOBP_POSITIVE_REGULATION_OF_RNA_SPLICING	0.004823			13		0.2364	sigma unfit
gse175540-GSM5924051_frozen_c_5	GSE175540	GOBP_DEFINITIVE_HEMOPOIESIS	0.006707			13		0.2329	sigma unfit
gse175540-GSM5924051_frozen_c_5	GSE175540	GOBP_PROTEIN_DEACETYLATION	-0.005053			13		0.1533	sigma unfit
gse175540-GSM5924051_frozen_c_5	GSE175540	GOBP_CELL_JUNCTION_DISASSEMBLY	0.005885			13		0.1407	sigma unfit
gse175540-GSM5924051_frozen_c_5	GSE175540	GOBP_REGULATION_OF_SYNAPTIC_VESICLE_ENDOCYTOSIS	0.003654			13		0.1266	sigma unfit
gse175540-GSM5924051_frozen_c_5	GSE175540	GOBP_RESPONSE_TO_NITRIC_OXIDE	0.004068			13		0.1957	sigma unfit
gse175540-GSM5924051_frozen_c_5	GSE175540	GOBP_REGULATION_OF_CELL_GROWTH_INVOLVED_IN_CARDIAC_MUSCLE_CELL_DEVELOPMENT	-0.001439			13		0.0859	sigma unfit
gse175540-GSM5924051_frozen_c_5	GSE175540	GOBP_INNERVATION	0.007472			13		0.1789	sigma unfit
gse175540-GSM5924051_frozen_c_5	GSE175540	GOBP_RESPONSE_TO_ETHER	0.006276			13		0.1016	sigma unfit
gse175540-GSM5924051_frozen_c_5	GSE175540	GOBP_RESCUE_OF_STALLED_RIBOSOME	0.005266			13		0.1374	sigma unfit
gse175540-GSM5924051_frozen_c_5	GSE175540	GOBP_NEGATIVE_REGULATION_OF_MUSCLE_HYPERTROPHY	-0.003434			13		0.1455	sigma unfit
gse175540-GSM5924051_frozen_c_5	GSE175540	GOBP_NEURON_INTRINSIC_APOPTOTIC_SIGNALING_PATHWAY_IN_RESPONSE_TO_OXIDATIVE_STRESS	0.001899			13		0.2222	sigma unfit
gse175540-GSM5924051_frozen_c_5	GSE175540	GOBP_POSITIVE_REGULATION_OF_T_CELL_MIGRATION	0.005792			13		0.2441	sigma unfit
gse175540-GSM5924051_frozen_c_5	GSE175540	GOBP_POSITIVE_REGULATION_OF_LEUKOCYTE_ADHESION_TO_VASCULAR_ENDOTHELIAL_CELL	-0.001733			13		0.171	sigma unfit
gse175540-GSM5924051_frozen_c_5	GSE175540	CTRL_B_AXIS	0.001325			13		0.9047	sigma unfit
gse175540-GSM5924051_frozen_c_5	GSE175540	CTRL_MYC_V1	-0.006011	8e-06	0.8557	13	47.2	0.1918	
gse175540-GSM5924051_frozen_c_5	GSE175540	CTRL_RANDOM_32	0.001878			13		0.05	sigma unfit
gse175540-GSM5924052_frozen_c_23	GSE175540	GOBP_REGULATION_OF_INTEGRIN_MEDIATED_SIGNALING_PATHWAY	-0.024677	0.001096	0.995	12	73.9	0.2512	
gse175540-GSM5924052_frozen_c_23	GSE175540	GOBP_COMPLEMENT_ACTIVATION_CLASSICAL_PATHWAY	-0.002706	-0.001269	0.5821	12	74.4	0.5454	
gse175540-GSM5924052_frozen_c_23	GSE175540	GOBP_PEPTIDE_ANTIGEN_ASSEMBLY_WITH_MHC_PROTEIN_COMPLEX	0.006727	-0.00056	0.2836	12	47.4	0.361	
gse175540-GSM5924052_frozen_c_23	GSE175540	GOBP_NEGATIVE_REGULATION_OF_REACTIVE_OXYGEN_SPECIES_BIOSYNTHETIC_PROCESS	-0.011948			12		0.1565	sigma unfit
gse175540-GSM5924052_frozen_c_23	GSE175540	GOBP_MRNA_5_SPLICE_SITE_RECOGNITION	0.012981			12		0.084	sigma unfit
gse175540-GSM5924052_frozen_c_23	GSE175540	GOBP_RESPONSE_TO_INTERFERON_ALPHA	-0.021333			12		0.2049	sigma unfit
gse175540-GSM5924052_frozen_c_23	GSE175540	GOBP_POSITIVE_REGULATION_OF_VASCULAR_ASSOCIATED_SMOOTH_MUSCLE_CELL_MIGRATION	0.007579			12		0.1545	sigma unfit
gse175540-GSM5924052_frozen_c_23	GSE175540	GOBP_NEGATIVE_REGULATION_OF_EXTRACELLULAR_MATRIX_ORGANIZATION	-0.022868	-0.000289	0.99	12	43.8	0.2112	
gse175540-GSM5924052_frozen_c_23	GSE175540	GOBP_CELL_FATE_DETERMINATION	-0.003612			12		0.1863	sigma unfit
gse175540-GSM5924052_frozen_c_23	GSE175540	GOBP_HYPERSENSITIVITY	-0.016206			12		0.309	sigma unfit
gse175540-GSM5924052_frozen_c_23	GSE175540	GOBP_NEGATIVE_REGULATION_OF_BLOOD_VESSEL_ENDOTHELIAL_CELL_PROLIFERATION_INVOLVED_IN_SPROUTING_ANGIOGENESIS	0.00481			12		0.1566	sigma unfit
gse175540-GSM5924052_frozen_c_23	GSE175540	GOBP_PHYSIOLOGICAL_CARDIAC_MUSCLE_HYPERTROPHY	0.000127			12		0.0946	sigma unfit
gse175540-GSM5924052_frozen_c_23	GSE175540	GOBP_INTEGRIN_MEDIATED_SIGNALING_PATHWAY	-0.009506	-0.000904	0.9104	12	78.4	0.3582	
gse175540-GSM5924052_frozen_c_23	GSE175540	GOBP_RESPONSE_TO_PROSTAGLANDIN_E	0.0089			12		0.1427	sigma unfit
gse175540-GSM5924052_frozen_c_23	GSE175540	GOBP_CELL_ADHESION_MOLECULE_PRODUCTION	-0.017367			12		0.1213	sigma unfit
gse175540-GSM5924052_frozen_c_23	GSE175540	GOBP_POSITIVE_REGULATION_OF_RNA_SPLICING	0.00188	0.000162	0.3781	12	40.9	0.1957	
gse175540-GSM5924052_frozen_c_23	GSE175540	GOBP_DEFINITIVE_HEMOPOIESIS	0.004788			12		0.1435	sigma unfit
gse175540-GSM5924052_frozen_c_23	GSE175540	GOBP_PROTEIN_DEACETYLATION	-0.007543			12		0.1307	sigma unfit
gse175540-GSM5924052_frozen_c_23	GSE175540	GOBP_CELL_JUNCTION_DISASSEMBLY	-0.00326	0.000306	0.7562	12	42.7	0.2558	
gse175540-GSM5924052_frozen_c_23	GSE175540	GOBP_REGULATION_OF_SYNAPTIC_VESICLE_ENDOCYTOSIS	0.002405			12		0.216	sigma unfit
gse175540-GSM5924052_frozen_c_23	GSE175540	GOBP_RESPONSE_TO_NITRIC_OXIDE	0.005132			12		0.1725	sigma unfit
gse175540-GSM5924052_frozen_c_23	GSE175540	GOBP_REGULATION_OF_CELL_GROWTH_INVOLVED_IN_CARDIAC_MUSCLE_CELL_DEVELOPMENT	-0.003693			12		0.0875	sigma unfit
gse175540-GSM5924052_frozen_c_23	GSE175540	GOBP_INNERVATION	-0.005138			12		0.1537	sigma unfit
gse175540-GSM5924052_frozen_c_23	GSE175540	GOBP_RESPONSE_TO_ETHER	-0.005203			12		0.2006	sigma unfit
gse175540-GSM5924052_frozen_c_23	GSE175540	GOBP_RESCUE_OF_STALLED_RIBOSOME	-0.008644	0.000116	0.9602	12	40.3	0.1056	
gse175540-GSM5924052_frozen_c_23	GSE175540	GOBP_NEGATIVE_REGULATION_OF_MUSCLE_HYPERTROPHY	-0.012611	0.000209	0.99	12	40.6	0.1602	
gse175540-GSM5924052_frozen_c_23	GSE175540	GOBP_NEURON_INTRINSIC_APOPTOTIC_SIGNALING_PATHWAY_IN_RESPONSE_TO_OXIDATIVE_STRESS	0.001845			12		0.2214	sigma unfit
gse175540-GSM5924052_frozen_c_23	GSE175540	GOBP_POSITIVE_REGULATION_OF_T_CELL_MIGRATION	0.004891			12		0.2501	sigma unfit
gse175540-GSM5924052_frozen_c_23	GSE175540	GOBP_POSITIVE_REGULATION_OF_LEUKOCYTE_ADHESION_TO_VASCULAR_ENDOTHELIAL_CELL	0.00452			12		0.1951	sigma unfit
gse175540-GSM5924052_frozen_c_23	GSE175540	CTRL_B_AXIS	-0.002081			12		0.96	sigma unfit
gse175540-GSM5924052_frozen_c_23	GSE175540	CTRL_MYC_V1	-0.010505	-0.00031	0.9254	12	118.6	0.2409	
gse175540-GSM5924052_frozen_c_23	GSE175540	CTRL_RANDOM_32	7e-05			12		0.0818	sigma unfit
gse175540-GSM5924053_frozen_c_57	GSE175540	GOBP_REGULATION_OF_INTEGRIN_MEDIATED_SIGNALING_PATHWAY				4			not evaluable
gse175540-GSM5924053_frozen_c_57	GSE175540	GOBP_COMPLEMENT_ACTIVATION_CLASSICAL_PATHWAY				4			not evaluable
gse175540-GSM5924053_frozen_c_57	GSE175540	GOBP_PEPTIDE_ANTIGEN_ASSEMBLY_WITH_MHC_PROTEIN_COMPLEX				4			not evaluable
gse175540-GSM5924053_frozen_c_57	GSE175540	GOBP_NEGATIVE_REGULATION_OF_REACTIVE_OXYGEN_SPECIES_BIOSYNTHETIC_PROCESS				4			not evaluable
gse175540-GSM5924053_frozen_c_57	GSE175540	GOBP_MRNA_5_SPLICE_SITE_RECOGNITION				4			not evaluable
gse175540-GSM5924053_frozen_c_57	GSE175540	GOBP_RESPONSE_TO_INTERFERON_ALPHA				4			not evaluable
gse175540-GSM5924053_frozen_c_57	GSE175540	GOBP_POSITIVE_REGULATION_OF_VASCULAR_ASSOCIATED_SMOOTH_MUSCLE_CELL_MIGRATION				4			not evaluable
gse175540-GSM5924053_frozen_c_57	GSE175540	GOBP_NEGATIVE_REGULATION_OF_EXTRACELLULAR_MATRIX_ORGANIZATION				4			not evaluable
gse175540-GSM5924053_frozen_c_57	GSE175540	GOBP_CELL_FATE_DETERMINATION				4			not evaluable
gse175540-GSM5924053_frozen_c_57	GSE175540	GOBP_HYPERSENSITIVITY				4			not evaluable
gse175540-GSM5924053_frozen_c_57	GSE175540	GOBP_NEGATIVE_REGULATION_OF_BLOOD_VESSEL_ENDOTHELIAL_CELL_PROLIFERATION_INVOLVED_IN_SPROUTING_ANGIOGENESIS				4			not evaluable
gse175540-GSM5924053_frozen_c_57	GSE175540	GOBP_PHYSIOLOGICAL_CARDIAC_MUSCLE_HYPERTROPHY				4			not evaluable
gse175540-GSM5924053_frozen_c_57	GSE175540	GOBP_INTEGRIN_MEDIATED_SIGNALING_PATHWAY				4			not evaluable
gse175540-GSM5924053_frozen_c_57	GSE175540	GOBP_RESPONSE_TO_PROSTAGLANDIN_E				4			not evaluable
gse175540-GSM5924053_frozen_c_57	GSE175540	GOBP_CELL_ADHESION_MOLECULE_PRODUCTION				4			not evaluable
gse175540-GSM5924053_frozen_c_57	GSE175540	GOBP_POSITIVE_REGULATION_OF_RNA_SPLICING				4			not evaluable
gse175540-GSM5924053_frozen_c_57	GSE175540	GOBP_DEFINITIVE_HEMOPOIESIS				4			not evaluable
gse175540-GSM5924053_frozen_c_57	GSE175540	GOBP_PROTEIN_DEACETYLATION				4			not evaluable
gse175540-GSM5924053_frozen_c_57	GSE175540	GOBP_CELL_JUNCTION_DISASSEMBLY				4			not evaluable
gse175540-GSM5924053_frozen_c_57	GSE175540	GOBP_REGULATION_OF_SYNAPTIC_VESICLE_ENDOCYTOSIS				4			not evaluable
gse175540-GSM5924053_frozen_c_57	GSE175540	GOBP_RESPONSE_TO_NITRIC_OXIDE				4			not evaluable
gse175540-GSM5924053_frozen_c_57	GSE175540	GOBP_REGULATION_OF_CELL_GROWTH_INVOLVED_IN_CARDIAC_MUSCLE_CELL_DEVELOPMENT				4			not evaluable
gse175540-GSM5924053_frozen_c_57	GSE175540	GOBP_INNERVATION				4			not evaluable
gse175540-GSM5924053_frozen_c_57	GSE175540	GOBP_RESPONSE_TO_ETHER				4			not evaluable
gse175540-GSM5924053_frozen_c_57	GSE175540	GOBP_RESCUE_OF_STALLED_RIBOSOME				4			not evaluable
gse175540-GSM5924053_frozen_c_57	GSE175540	GOBP_NEGATIVE_REGULATION_OF_MUSCLE_HYPERTROPHY				4			not evaluable
gse175540-GSM5924053_frozen_c_57	GSE175540	GOBP_NEURON_INTRINSIC_APOPTOTIC_SIGNALING_PATHWAY_IN_RESPONSE_TO_OXIDATIVE_STRESS				4			not evaluable
gse175540-GSM5924053_frozen_c_57	GSE175540	GOBP_POSITIVE_REGULATION_OF_T_CELL_MIGRATION				4			not evaluable
gse175540-GSM5924053_frozen_c_57	GSE175540	GOBP_POSITIVE_REGULATION_OF_LEUKOCYTE_ADHESION_TO_VASCULAR_ENDOTHELIAL_CELL				4			not evaluable
gse175540-GSM5924053_frozen_c_57	GSE175540	CTRL_B_AXIS				4			not evaluable
gse175540-GSM5924053_frozen_c_57	GSE175540	CTRL_MYC_V1				4			not evaluable
gse175540-GSM5924053_frozen_c_57	GSE175540	CTRL_RANDOM_32				4			not evaluable
stcrc-SN048_A121573_Rep1	STCRC	GOBP_REGULATION_OF_INTEGRIN_MEDIATED_SIGNALING_PATHWAY	0.009624	-0.001144	0.1443	11	112.4	0.2757	
stcrc-SN048_A121573_Rep1	STCRC	GOBP_COMPLEMENT_ACTIVATION_CLASSICAL_PATHWAY	0.004641	0.000439	0.3184	11	78.3	0.5552	
stcrc-SN048_A121573_Rep1	STCRC	GOBP_PEPTIDE_ANTIGEN_ASSEMBLY_WITH_MHC_PROTEIN_COMPLEX	-0.001597	-0.000353	0.5522	11	42.5	0.4809	
stcrc-SN048_A121573_Rep1	STCRC	GOBP_NEGATIVE_REGULATION_OF_REACTIVE_OXYGEN_SPECIES_BIOSYNTHETIC_PROCESS	-0.003844			11		-0.0053	sigma unfit
stcrc-SN048_A121573_Rep1	STCRC	GOBP_MRNA_5_SPLICE_SITE_RECOGNITION	0.003172			11		-0.0562	sigma unfit
stcrc-SN048_A121573_Rep1	STCRC	GOBP_RESPONSE_TO_INTERFERON_ALPHA	0.006848			11		0.1469	sigma unfit
stcrc-SN048_A121573_Rep1	STCRC	GOBP_POSITIVE_REGULATION_OF_VASCULAR_ASSOCIATED_SMOOTH_MUSCLE_CELL_MIGRATION	-0.009709	-0.000728	0.9303	11	44.0	0.3272	
stcrc-SN048_A121573_Rep1	STCRC	GOBP_NEGATIVE_REGULATION_OF_EXTRACELLULAR_MATRIX_ORGANIZATION	0.015847			11		0.159	sigma unfit
stcrc-SN048_A121573_Rep1	STCRC	GOBP_CELL_FATE_DETERMINATION	0.00148	0.00067	0.4428	11	80.1	0.0712	
stcrc-SN048_A121573_Rep1	STCRC	GOBP_HYPERSENSITIVITY	0.003811	8.7e-05	0.2338	11	76.4	0.4765	
stcrc-SN048_A121573_Rep1	STCRC	GOBP_NEGATIVE_REGULATION_OF_BLOOD_VESSEL_ENDOTHELIAL_CELL_PROLIFERATION_INVOLVED_IN_SPROUTING_ANGIOGENESIS	0.019546			11		0.1285	sigma unfit
stcrc-SN048_A121573_Rep1	STCRC	GOBP_PHYSIOLOGICAL_CARDIAC_MUSCLE_HYPERTROPHY	0.00309			11		0.0256	sigma unfit
stcrc-SN048_A121573_Rep1	STCRC	GOBP_INTEGRIN_MEDIATED_SIGNALING_PATHWAY	0.004773	-4.7e-05	0.2239	11	121.5	0.3261	
stcrc-SN048_A121573_Rep1	STCRC	GOBP_RESPONSE_TO_PROSTAGLANDIN_E	0.001428	0.000388	0.408	11	40.7	0.1397	
stcrc-SN048_A121573_Rep1	STCRC	GOBP_CELL_ADHESION_MOLECULE_PRODUCTION	0.002374	-0.000524	0.408	11	74.4	0.0786	
stcrc-SN048_A121573_Rep1	STCRC	GOBP_POSITIVE_REGULATION_OF_RNA_SPLICING	8.1e-05			11		0.0088	sigma unfit
stcrc-SN048_A121573_Rep1	STCRC	GOBP_DEFINITIVE_HEMOPOIESIS	0.000499			11		0.0187	sigma unfit
stcrc-SN048_A121573_Rep1	STCRC	GOBP_PROTEIN_DEACETYLATION	0.001723			11		0.1912	sigma unfit
stcrc-SN048_A121573_Rep1	STCRC	GOBP_CELL_JUNCTION_DISASSEMBLY	0.007039	-7.1e-05	0.0597	11	44.8	0.2915	
stcrc-SN048_A121573_Rep1	STCRC	GOBP_REGULATION_OF_SYNAPTIC_VESICLE_ENDOCYTOSIS	-0.00448	0.000245	0.7015	11	74.4	0.024	
stcrc-SN048_A121573_Rep1	STCRC	GOBP_RESPONSE_TO_NITRIC_OXIDE	-0.011351			11		0.1254	sigma unfit
stcrc-SN048_A121573_Rep1	STCRC	GOBP_REGULATION_OF_CELL_GROWTH_INVOLVED_IN_CARDIAC_MUSCLE_CELL_DEVELOPMENT	0.003872			11		0.021	sigma unfit
stcrc-SN048_A121573_Rep1	STCRC	GOBP_INNERVATION	0.002692	-0.00056	0.1244	11	43.7	0.0112	
stcrc-SN048_A121573_Rep1	STCRC	GOBP_RESPONSE_TO_ETHER	-0.0035			11		0.0268	sigma unfit
stcrc-SN048_A121573_Rep1	STCRC	GOBP_RESCUE_OF_STALLED_RIBOSOME	0.002189			11		0.0021	sigma unfit
stcrc-SN048_A121573_Rep1	STCRC	GOBP_NEGATIVE_REGULATION_OF_MUSCLE_HYPERTROPHY	0.007155			11		0.231	sigma unfit
stcrc-SN048_A121573_Rep1	STCRC	GOBP_NEURON_INTRINSIC_APOPTOTIC_SIGNALING_PATHWAY_IN_RESPONSE_TO_OXIDATIVE_STRESS	0.013506	-0.000737	0.0348	11	43.5	0.1462	
stcrc-SN048_A121573_Rep1	STCRC	GOBP_POSITIVE_REGULATION_OF_T_CELL_MIGRATION	0.002852	0.000994	0.3184	11	44.9	0.0727	
stcrc-SN048_A121573_Rep1	STCRC	GOBP_POSITIVE_REGULATION_OF_LEUKOCYTE_ADHESION_TO_VASCULAR_ENDOTHELIAL_CELL	0.008009	0.001145	0.1493	11	80.6	0.146	
stcrc-SN048_A121573_Rep1	STCRC	CTRL_B_AXIS	-0.002796			11		0.888	sigma unfit
stcrc-SN048_A121573_Rep1	STCRC	CTRL_MYC_V1	-0.002145	-0.001127	0.5721	11	90.8	-0.0879	
stcrc-SN048_A121573_Rep1	STCRC	CTRL_RANDOM_32	-0.003958	0.000126	0.7662	11	42.8	-0.0858	
stcrc-SN048_A121573_Rep2	STCRC	GOBP_REGULATION_OF_INTEGRIN_MEDIATED_SIGNALING_PATHWAY	0.010221	0.000852	0.0945	15	45.0	0.3467	
stcrc-SN048_A121573_Rep2	STCRC	GOBP_COMPLEMENT_ACTIVATION_CLASSICAL_PATHWAY	-0.003158	0.000755	0.7512	15	83.6	0.5158	
stcrc-SN048_A121573_Rep2	STCRC	GOBP_PEPTIDE_ANTIGEN_ASSEMBLY_WITH_MHC_PROTEIN_COMPLEX	0.003943	-0.000925	0.2786	15	45.4	0.4658	
stcrc-SN048_A121573_Rep2	STCRC	GOBP_NEGATIVE_REGULATION_OF_REACTIVE_OXYGEN_SPECIES_BIOSYNTHETIC_PROCESS	0.009315			15		0.0588	sigma unfit
stcrc-SN048_A121573_Rep2	STCRC	GOBP_MRNA_5_SPLICE_SITE_RECOGNITION	-0.004475			15		-0.0494	sigma unfit
stcrc-SN048_A121573_Rep2	STCRC	GOBP_RESPONSE_TO_INTERFERON_ALPHA	-0.000282			15		0.2039	sigma unfit
stcrc-SN048_A121573_Rep2	STCRC	GOBP_POSITIVE_REGULATION_OF_VASCULAR_ASSOCIATED_SMOOTH_MUSCLE_CELL_MIGRATION	-0.005596			15		0.2704	sigma unfit
stcrc-SN048_A121573_Rep2	STCRC	GOBP_NEGATIVE_REGULATION_OF_EXTRACELLULAR_MATRIX_ORGANIZATION	-0.006657			15		0.2098	sigma unfit
stcrc-SN048_A121573_Rep2	STCRC	GOBP_CELL_FATE_DETERMINATION	0.000564	4.8e-05	0.4428	15	80.8	0.0642	
stcrc-SN048_A121573_Rep2	STCRC	GOBP_HYPERSENSITIVITY	0.004325	-6.4e-05	0.2189	15	76.8	0.4208	
stcrc-SN048_A121573_Rep2	STCRC	GOBP_NEGATIVE_REGULATION_OF_BLOOD_VESSEL_ENDOTHELIAL_CELL_PROLIFERATION_INVOLVED_IN_SPROUTING_ANGIOGENESIS	0.000232	0.000536	0.5174	15	41.2	0.1449	
stcrc-SN048_A121573_Rep2	STCRC	GOBP_PHYSIOLOGICAL_CARDIAC_MUSCLE_HYPERTROPHY	0.005465			15		-0.0125	sigma unfit
stcrc-SN048_A121573_Rep2	STCRC	GOBP_INTEGRIN_MEDIATED_SIGNALING_PATHWAY	0.007071	-0.000157	0.0547	15	84.3	0.3834	
stcrc-SN048_A121573_Rep2	STCRC	GOBP_RESPONSE_TO_PROSTAGLANDIN_E	-0.006182			15		0.0899	sigma unfit
stcrc-SN048_A121573_Rep2	STCRC	GOBP_CELL_ADHESION_MOLECULE_PRODUCTION	0.002125	-0.000141	0.3881	15	42.7	0.0864	
stcrc-SN048_A121573_Rep2	STCRC	GOBP_POSITIVE_REGULATION_OF_RNA_SPLICING	-0.001803	-0.000383	0.6169	15	40.7	0.0111	
stcrc-SN048_A121573_Rep2	STCRC	GOBP_DEFINITIVE_HEMOPOIESIS	0.006277			15		-0.0104	sigma unfit
stcrc-SN048_A121573_Rep2	STCRC	GOBP_PROTEIN_DEACETYLATION	0.002492			15		0.1238	sigma unfit
stcrc-SN048_A121573_Rep2	STCRC	GOBP_CELL_JUNCTION_DISASSEMBLY	-0.000225	-0.000404	0.4776	15	43.0	0.3368	
stcrc-SN048_A121573_Rep2	STCRC	GOBP_REGULATION_OF_SYNAPTIC_VESICLE_ENDOCYTOSIS	0.003246	-0.000449	0.2985	15	78.3	0.0636	
stcrc-SN048_A121573_Rep2	STCRC	GOBP_RESPONSE_TO_NITRIC_OXIDE	-0.006826			15		0.0821	sigma unfit
stcrc-SN048_A121573_Rep2	STCRC	GOBP_REGULATION_OF_CELL_GROWTH_INVOLVED_IN_CARDIAC_MUSCLE_CELL_DEVELOPMENT	0.008072			15		-0.0127	sigma unfit
stcrc-SN048_A121573_Rep2	STCRC	GOBP_INNERVATION	-0.000374			15		0.0357	sigma unfit
stcrc-SN048_A121573_Rep2	STCRC	GOBP_RESPONSE_TO_ETHER	-0.001983			15		0.0365	sigma unfit
stcrc-SN048_A121573_Rep2	STCRC	GOBP_RESCUE_OF_STALLED_RIBOSOME	-0.003583			15		-0.0445	sigma unfit
stcrc-SN048_A121573_Rep2	STCRC	GOBP_NEGATIVE_REGULATION_OF_MUSCLE_HYPERTROPHY	0.000971			15		0.2392	sigma unfit
stcrc-SN048_A121573_Rep2	STCRC	GOBP_NEURON_INTRINSIC_APOPTOTIC_SIGNALING_PATHWAY_IN_RESPONSE_TO_OXIDATIVE_STRESS	0.007291	0.000161	0.1443	15	43.6	0.2082	
stcrc-SN048_A121573_Rep2	STCRC	GOBP_POSITIVE_REGULATION_OF_T_CELL_MIGRATION	0.001878	-0.000408	0.3284	15	43.7	0.0904	
stcrc-SN048_A121573_Rep2	STCRC	GOBP_POSITIVE_REGULATION_OF_LEUKOCYTE_ADHESION_TO_VASCULAR_ENDOTHELIAL_CELL	0.004486	-6.4e-05	0.2189	15	76.1	0.1672	
stcrc-SN048_A121573_Rep2	STCRC	CTRL_B_AXIS	-0.000673			15		0.8792	sigma unfit
stcrc-SN048_A121573_Rep2	STCRC	CTRL_MYC_V1	-0.009168	0.000596	0.806	15	133.9	-0.026	
stcrc-SN048_A121573_Rep2	STCRC	CTRL_RANDOM_32	0.000613	-0.000351	0.4478	15	43.0	-0.0418	
stcrc-SN048_A416371_Rep1	STCRC	GOBP_REGULATION_OF_INTEGRIN_MEDIATED_SIGNALING_PATHWAY	-0.002878	0.000275	0.7164	14	43.8	0.0678	
stcrc-SN048_A416371_Rep1	STCRC	GOBP_COMPLEMENT_ACTIVATION_CLASSICAL_PATHWAY	0.004563	-0.001112	0.2736	14	88.5	0.2519	
stcrc-SN048_A416371_Rep1	STCRC	GOBP_PEPTIDE_ANTIGEN_ASSEMBLY_WITH_MHC_PROTEIN_COMPLEX	0.038051	0.000784	0.0149	14	98.6	0.1294	
stcrc-SN048_A416371_Rep1	STCRC	GOBP_NEGATIVE_REGULATION_OF_REACTIVE_OXYGEN_SPECIES_BIOSYNTHETIC_PROCESS	-0.005015	-0.000493	0.7612	14	42.8	0.0513	
stcrc-SN048_A416371_Rep1	STCRC	GOBP_MRNA_5_SPLICE_SITE_RECOGNITION	0.000676			14		0.0415	sigma unfit
stcrc-SN048_A416371_Rep1	STCRC	GOBP_RESPONSE_TO_INTERFERON_ALPHA	0.003517	-0.001025	0.3234	14	79.7	0.0563	
stcrc-SN048_A416371_Rep1	STCRC	GOBP_POSITIVE_REGULATION_OF_VASCULAR_ASSOCIATED_SMOOTH_MUSCLE_CELL_MIGRATION	-0.005042			14		0.0443	sigma unfit
stcrc-SN048_A416371_Rep1	STCRC	GOBP_NEGATIVE_REGULATION_OF_EXTRACELLULAR_MATRIX_ORGANIZATION	0.002778	-0.000131	0.3085	14	40.8	0.0825	
stcrc-SN048_A416371_Rep1	STCRC	GOBP_CELL_FATE_DETERMINATION	0.006519	-0.000171	0.01	14	41.4	-0.0174	
stcrc-SN048_A416371_Rep1	STCRC	GOBP_HYPERSENSITIVITY	0.002443	0.00022	0.2587	14	42.6	0.2206	
stcrc-SN048_A416371_Rep1	STCRC	GOBP_NEGATIVE_REGULATION_OF_BLOOD_VESSEL_ENDOTHELIAL_CELL_PROLIFERATION_INVOLVED_IN_SPROUTING_ANGIOGENESIS	0.001126			14		0.0588	sigma unfit
stcrc-SN048_A416371_Rep1	STCRC	GOBP_PHYSIOLOGICAL_CARDIAC_MUSCLE_HYPERTROPHY	0.00304			14		0.0123	sigma unfit
stcrc-SN048_A416371_Rep1	STCRC	GOBP_INTEGRIN_MEDIATED_SIGNALING_PATHWAY	0.002324	7.3e-05	0.2886	14	75.2	0.1537	
stcrc-SN048_A416371_Rep1	STCRC	GOBP_RESPONSE_TO_PROSTAGLANDIN_E	0.000285			14		0.0304	sigma unfit
stcrc-SN048_A416371_Rep1	STCRC	GOBP_CELL_ADHESION_MOLECULE_PRODUCTION	-0.009001	-0.000522	0.8557	14	78.0	0.0184	
stcrc-SN048_A416371_Rep1	STCRC	GOBP_POSITIVE_REGULATION_OF_RNA_SPLICING	-0.005357	7e-06	0.8756	14	44.6	0.0459	
stcrc-SN048_A416371_Rep1	STCRC	GOBP_DEFINITIVE_HEMOPOIESIS	0.002748			14		0.0017	sigma unfit
stcrc-SN048_A416371_Rep1	STCRC	GOBP_PROTEIN_DEACETYLATION	0.002511			14		0.0678	sigma unfit
stcrc-SN048_A416371_Rep1	STCRC	GOBP_CELL_JUNCTION_DISASSEMBLY	0.007193	0.000241	0.0547	14	84.2	0.1525	
stcrc-SN048_A416371_Rep1	STCRC	GOBP_REGULATION_OF_SYNAPTIC_VESICLE_ENDOCYTOSIS	-0.001286	0.000389	0.592	14	75.3	0.0578	
stcrc-SN048_A416371_Rep1	STCRC	GOBP_RESPONSE_TO_NITRIC_OXIDE	-0.004142	0.000358	0.801	14	42.5	0.0433	
stcrc-SN048_A416371_Rep1	STCRC	GOBP_REGULATION_OF_CELL_GROWTH_INVOLVED_IN_CARDIAC_MUSCLE_CELL_DEVELOPMENT	0.002473			14		0.0133	sigma unfit
stcrc-SN048_A416371_Rep1	STCRC	GOBP_INNERVATION	0.000496			14		0.1072	sigma unfit
stcrc-SN048_A416371_Rep1	STCRC	GOBP_RESPONSE_TO_ETHER	-0.00108			14		0.0553	sigma unfit
stcrc-SN048_A416371_Rep1	STCRC	GOBP_RESCUE_OF_STALLED_RIBOSOME	0.004195			14		0.019	sigma unfit
stcrc-SN048_A416371_Rep1	STCRC	GOBP_NEGATIVE_REGULATION_OF_MUSCLE_HYPERTROPHY	-0.001449			14		0.0483	sigma unfit
stcrc-SN048_A416371_Rep1	STCRC	GOBP_NEURON_INTRINSIC_APOPTOTIC_SIGNALING_PATHWAY_IN_RESPONSE_TO_OXIDATIVE_STRESS	0.002873	-0.001351	0.2836	14	44.9	0.0512	
stcrc-SN048_A416371_Rep1	STCRC	GOBP_POSITIVE_REGULATION_OF_T_CELL_MIGRATION	0.002141	-4.5e-05	0.3333	14	77.1	0.1502	
stcrc-SN048_A416371_Rep1	STCRC	GOBP_POSITIVE_REGULATION_OF_LEUKOCYTE_ADHESION_TO_VASCULAR_ENDOTHELIAL_CELL	0.005032	0.000491	0.1493	14	41.2	0.0807	
stcrc-SN048_A416371_Rep1	STCRC	CTRL_B_AXIS	0.000213	-7.4e-05	0.3632	14	43.1	0.9288	
stcrc-SN048_A416371_Rep1	STCRC	CTRL_MYC_V1	0.000364	-0.00162	0.4328	14	92.7	0.0651	
stcrc-SN048_A416371_Rep1	STCRC	CTRL_RANDOM_32	-0.001079	-6.4e-05	0.5721	14	44.6	-0.0128	
stcrc-SN048_A416371_Rep2	STCRC	GOBP_REGULATION_OF_INTEGRIN_MEDIATED_SIGNALING_PATHWAY	-0.003877	0.000466	0.7761	13	47.1	0.083	
stcrc-SN048_A416371_Rep2	STCRC	GOBP_COMPLEMENT_ACTIVATION_CLASSICAL_PATHWAY	0.003114	9.5e-05	0.3731	13	121.5	0.2124	
stcrc-SN048_A416371_Rep2	STCRC	GOBP_PEPTIDE_ANTIGEN_ASSEMBLY_WITH_MHC_PROTEIN_COMPLEX	-0.001794	0.001097	0.5473	13	138.0	0.0951	
stcrc-SN048_A416371_Rep2	STCRC	GOBP_NEGATIVE_REGULATION_OF_REACTIVE_OXYGEN_SPECIES_BIOSYNTHETIC_PROCESS	0.004898	-0.000625	0.194	13	42.5	-0.0022	
stcrc-SN048_A416371_Rep2	STCRC	GOBP_MRNA_5_SPLICE_SITE_RECOGNITION	0.008244			13		0.0014	sigma unfit
stcrc-SN048_A416371_Rep2	STCRC	GOBP_RESPONSE_TO_INTERFERON_ALPHA	0.008366	2.9e-05	0.1592	13	83.2	0.0699	
stcrc-SN048_A416371_Rep2	STCRC	GOBP_POSITIVE_REGULATION_OF_VASCULAR_ASSOCIATED_SMOOTH_MUSCLE_CELL_MIGRATION	0.005774			13		-0.0137	sigma unfit
stcrc-SN048_A416371_Rep2	STCRC	GOBP_NEGATIVE_REGULATION_OF_EXTRACELLULAR_MATRIX_ORGANIZATION	0.00208	-0.000898	0.3333	13	41.9	0.0711	
stcrc-SN048_A416371_Rep2	STCRC	GOBP_CELL_FATE_DETERMINATION	0.001489			13		-0.0691	sigma unfit
stcrc-SN048_A416371_Rep2	STCRC	GOBP_HYPERSENSITIVITY	-0.001641	-0.000249	0.6318	13	44.7	0.2372	
stcrc-SN048_A416371_Rep2	STCRC	GOBP_NEGATIVE_REGULATION_OF_BLOOD_VESSEL_ENDOTHELIAL_CELL_PROLIFERATION_INVOLVED_IN_SPROUTING_ANGIOGENESIS	0.003559			13		0.0726	sigma unfit
stcrc-SN048_A416371_Rep2	STCRC	GOBP_PHYSIOLOGICAL_CARDIAC_MUSCLE_HYPERTROPHY	0.003792			13		0.0379	sigma unfit
stcrc-SN048_A416371_Rep2	STCRC	GOBP_INTEGRIN_MEDIATED_SIGNALING_PATHWAY	-0.005306	0.000684	0.9005	13	77.9	0.1056	
stcrc-SN048_A416371_Rep2	STCRC	GOBP_RESPONSE_TO_PROSTAGLANDIN_E	0.002409			13		-0.0186	sigma unfit
stcrc-SN048_A416371_Rep2	STCRC	GOBP_CELL_ADHESION_MOLECULE_PRODUCTION	0.003806	0.000236	0.2637	13	49.1	0.0225	
stcrc-SN048_A416371_Rep2	STCRC	GOBP_POSITIVE_REGULATION_OF_RNA_SPLICING	-0.001585	-0.00038	0.592	13	75.5	0.0205	
stcrc-SN048_A416371_Rep2	STCRC	GOBP_DEFINITIVE_HEMOPOIESIS	-0.004032			13		-0.0602	sigma unfit
stcrc-SN048_A416371_Rep2	STCRC	GOBP_PROTEIN_DEACETYLATION	-0.001004			13		0.0854	sigma unfit
stcrc-SN048_A416371_Rep2	STCRC	GOBP_CELL_JUNCTION_DISASSEMBLY	0.000307	0.000864	0.5174	13	115.6	0.1283	
stcrc-SN048_A416371_Rep2	STCRC	GOBP_REGULATION_OF_SYNAPTIC_VESICLE_ENDOCYTOSIS	-0.001257	-0.000218	0.5622	13	76.3	-0.0163	
stcrc-SN048_A416371_Rep2	STCRC	GOBP_RESPONSE_TO_NITRIC_OXIDE	0.006681	-9.2e-05	0.1045	13	42.2	0.003	
stcrc-SN048_A416371_Rep2	STCRC	GOBP_REGULATION_OF_CELL_GROWTH_INVOLVED_IN_CARDIAC_MUSCLE_CELL_DEVELOPMENT	0.003047			13		0.0258	sigma unfit
stcrc-SN048_A416371_Rep2	STCRC	GOBP_INNERVATION	-0.002413	-0.000278	0.7811	13	42.2	0.0803	
stcrc-SN048_A416371_Rep2	STCRC	GOBP_RESPONSE_TO_ETHER	0.003196			13		0.0009	sigma unfit
stcrc-SN048_A416371_Rep2	STCRC	GOBP_RESCUE_OF_STALLED_RIBOSOME	0.001083			13		-0.0061	sigma unfit
stcrc-SN048_A416371_Rep2	STCRC	GOBP_NEGATIVE_REGULATION_OF_MUSCLE_HYPERTROPHY	0.0029			13		0.0734	sigma unfit
stcrc-SN048_A416371_Rep2	STCRC	GOBP_NEURON_INTRINSIC_APOPTOTIC_SIGNALING_PATHWAY_IN_RESPONSE_TO_OXIDATIVE_STRESS	0.008496	0.000377	0.1542	13	77.2	-0.0212	
stcrc-SN048_A416371_Rep2	STCRC	GOBP_POSITIVE_REGULATION_OF_T_CELL_MIGRATION	0.004273	-0.000235	0.2537	13	87.0	0.1158	
stcrc-SN048_A416371_Rep2	STCRC	GOBP_POSITIVE_REGULATION_OF_LEUKOCYTE_ADHESION_TO_VASCULAR_ENDOTHELIAL_CELL	0.003072	-0.000278	0.2388	13	73.1	0.0611	
stcrc-SN048_A416371_Rep2	STCRC	CTRL_B_AXIS	-0.00028			13		0.9328	sigma unfit
stcrc-SN048_A416371_Rep2	STCRC	CTRL_MYC_V1	-0.006239	-0.001673	0.6965	13	87.1	0.0058	
stcrc-SN048_A416371_Rep2	STCRC	CTRL_RANDOM_32	0.001242	-0.000243	0.403	13	44.3	-0.0717	
stcrc-SN123_A595688_Rep1	STCRC	GOBP_REGULATION_OF_INTEGRIN_MEDIATED_SIGNALING_PATHWAY				7			not evaluable
stcrc-SN123_A595688_Rep1	STCRC	GOBP_COMPLEMENT_ACTIVATION_CLASSICAL_PATHWAY				7			not evaluable
stcrc-SN123_A595688_Rep1	STCRC	GOBP_PEPTIDE_ANTIGEN_ASSEMBLY_WITH_MHC_PROTEIN_COMPLEX				7			not evaluable
stcrc-SN123_A595688_Rep1	STCRC	GOBP_NEGATIVE_REGULATION_OF_REACTIVE_OXYGEN_SPECIES_BIOSYNTHETIC_PROCESS				7			not evaluable
stcrc-SN123_A595688_Rep1	STCRC	GOBP_MRNA_5_SPLICE_SITE_RECOGNITION				7			not evaluable
stcrc-SN123_A595688_Rep1	STCRC	GOBP_RESPONSE_TO_INTERFERON_ALPHA				7			not evaluable
stcrc-SN123_A595688_Rep1	STCRC	GOBP_POSITIVE_REGULATION_OF_VASCULAR_ASSOCIATED_SMOOTH_MUSCLE_CELL_MIGRATION				7			not evaluable
stcrc-SN123_A595688_Rep1	STCRC	GOBP_NEGATIVE_REGULATION_OF_EXTRACELLULAR_MATRIX_ORGANIZATION				7			not evaluable
stcrc-SN123_A595688_Rep1	STCRC	GOBP_CELL_FATE_DETERMINATION				7			not evaluable
stcrc-SN123_A595688_Rep1	STCRC	GOBP_HYPERSENSITIVITY				7			not evaluable
stcrc-SN123_A595688_Rep1	STCRC	GOBP_NEGATIVE_REGULATION_OF_BLOOD_VESSEL_ENDOTHELIAL_CELL_PROLIFERATION_INVOLVED_IN_SPROUTING_ANGIOGENESIS				7			not evaluable
stcrc-SN123_A595688_Rep1	STCRC	GOBP_PHYSIOLOGICAL_CARDIAC_MUSCLE_HYPERTROPHY				7			not evaluable
stcrc-SN123_A595688_Rep1	STCRC	GOBP_INTEGRIN_MEDIATED_SIGNALING_PATHWAY				7			not evaluable
stcrc-SN123_A595688_Rep1	STCRC	GOBP_RESPONSE_TO_PROSTAGLANDIN_E				7			not evaluable
stcrc-SN123_A595688_Rep1	STCRC	GOBP_CELL_ADHESION_MOLECULE_PRODUCTION				7			not evaluable
stcrc-SN123_A595688_Rep1	STCRC	GOBP_POSITIVE_REGULATION_OF_RNA_SPLICING				7			not evaluable
stcrc-SN123_A595688_Rep1	STCRC	GOBP_DEFINITIVE_HEMOPOIESIS				7			not evaluable
stcrc-SN123_A595688_Rep1	STCRC	GOBP_PROTEIN_DEACETYLATION				7			not evaluable
stcrc-SN123_A595688_Rep1	STCRC	GOBP_CELL_JUNCTION_DISASSEMBLY				7			not evaluable
stcrc-SN123_A595688_Rep1	STCRC	GOBP_REGULATION_OF_SYNAPTIC_VESICLE_ENDOCYTOSIS				7			not evaluable
stcrc-SN123_A595688_Rep1	STCRC	GOBP_RESPONSE_TO_NITRIC_OXIDE				7			not evaluable
stcrc-SN123_A595688_Rep1	STCRC	GOBP_REGULATION_OF_CELL_GROWTH_INVOLVED_IN_CARDIAC_MUSCLE_CELL_DEVELOPMENT				7			not evaluable
stcrc-SN123_A595688_Rep1	STCRC	GOBP_INNERVATION				7			not evaluable
stcrc-SN123_A595688_Rep1	STCRC	GOBP_RESPONSE_TO_ETHER				7			not evaluable
stcrc-SN123_A595688_Rep1	STCRC	GOBP_RESCUE_OF_STALLED_RIBOSOME				7			not evaluable
stcrc-SN123_A595688_Rep1	STCRC	GOBP_NEGATIVE_REGULATION_OF_MUSCLE_HYPERTROPHY				7			not evaluable
stcrc-SN123_A595688_Rep1	STCRC	GOBP_NEURON_INTRINSIC_APOPTOTIC_SIGNALING_PATHWAY_IN_RESPONSE_TO_OXIDATIVE_STRESS				7			not evaluable
stcrc-SN123_A595688_Rep1	STCRC	GOBP_POSITIVE_REGULATION_OF_T_CELL_MIGRATION				7			not evaluable
stcrc-SN123_A595688_Rep1	STCRC	GOBP_POSITIVE_REGULATION_OF_LEUKOCYTE_ADHESION_TO_VASCULAR_ENDOTHELIAL_CELL				7			not evaluable
stcrc-SN123_A595688_Rep1	STCRC	CTRL_B_AXIS				7			not evaluable
stcrc-SN123_A595688_Rep1	STCRC	CTRL_MYC_V1				7			not evaluable
stcrc-SN123_A595688_Rep1	STCRC	CTRL_RANDOM_32				7			not evaluable
stcrc-SN124_A595688_Rep2	STCRC	GOBP_REGULATION_OF_INTEGRIN_MEDIATED_SIGNALING_PATHWAY				2			not evaluable
stcrc-SN124_A595688_Rep2	STCRC	GOBP_COMPLEMENT_ACTIVATION_CLASSICAL_PATHWAY				2			not evaluable
stcrc-SN124_A595688_Rep2	STCRC	GOBP_PEPTIDE_ANTIGEN_ASSEMBLY_WITH_MHC_PROTEIN_COMPLEX				2			not evaluable
stcrc-SN124_A595688_Rep2	STCRC	GOBP_NEGATIVE_REGULATION_OF_REACTIVE_OXYGEN_SPECIES_BIOSYNTHETIC_PROCESS				2			not evaluable
stcrc-SN124_A595688_Rep2	STCRC	GOBP_MRNA_5_SPLICE_SITE_RECOGNITION				2			not evaluable
stcrc-SN124_A595688_Rep2	STCRC	GOBP_RESPONSE_TO_INTERFERON_ALPHA				2			not evaluable
stcrc-SN124_A595688_Rep2	STCRC	GOBP_POSITIVE_REGULATION_OF_VASCULAR_ASSOCIATED_SMOOTH_MUSCLE_CELL_MIGRATION				2			not evaluable
stcrc-SN124_A595688_Rep2	STCRC	GOBP_NEGATIVE_REGULATION_OF_EXTRACELLULAR_MATRIX_ORGANIZATION				2			not evaluable
stcrc-SN124_A595688_Rep2	STCRC	GOBP_CELL_FATE_DETERMINATION				2			not evaluable
stcrc-SN124_A595688_Rep2	STCRC	GOBP_HYPERSENSITIVITY				2			not evaluable
stcrc-SN124_A595688_Rep2	STCRC	GOBP_NEGATIVE_REGULATION_OF_BLOOD_VESSEL_ENDOTHELIAL_CELL_PROLIFERATION_INVOLVED_IN_SPROUTING_ANGIOGENESIS				2			not evaluable
stcrc-SN124_A595688_Rep2	STCRC	GOBP_PHYSIOLOGICAL_CARDIAC_MUSCLE_HYPERTROPHY				2			not evaluable
stcrc-SN124_A595688_Rep2	STCRC	GOBP_INTEGRIN_MEDIATED_SIGNALING_PATHWAY				2			not evaluable
stcrc-SN124_A595688_Rep2	STCRC	GOBP_RESPONSE_TO_PROSTAGLANDIN_E				2			not evaluable
stcrc-SN124_A595688_Rep2	STCRC	GOBP_CELL_ADHESION_MOLECULE_PRODUCTION				2			not evaluable
stcrc-SN124_A595688_Rep2	STCRC	GOBP_POSITIVE_REGULATION_OF_RNA_SPLICING				2			not evaluable
stcrc-SN124_A595688_Rep2	STCRC	GOBP_DEFINITIVE_HEMOPOIESIS				2			not evaluable
stcrc-SN124_A595688_Rep2	STCRC	GOBP_PROTEIN_DEACETYLATION				2			not evaluable
stcrc-SN124_A595688_Rep2	STCRC	GOBP_CELL_JUNCTION_DISASSEMBLY				2			not evaluable
stcrc-SN124_A595688_Rep2	STCRC	GOBP_REGULATION_OF_SYNAPTIC_VESICLE_ENDOCYTOSIS				2			not evaluable
stcrc-SN124_A595688_Rep2	STCRC	GOBP_RESPONSE_TO_NITRIC_OXIDE				2			not evaluable
stcrc-SN124_A595688_Rep2	STCRC	GOBP_REGULATION_OF_CELL_GROWTH_INVOLVED_IN_CARDIAC_MUSCLE_CELL_DEVELOPMENT				2			not evaluable
stcrc-SN124_A595688_Rep2	STCRC	GOBP_INNERVATION				2			not evaluable
stcrc-SN124_A595688_Rep2	STCRC	GOBP_RESPONSE_TO_ETHER				2			not evaluable
stcrc-SN124_A595688_Rep2	STCRC	GOBP_RESCUE_OF_STALLED_RIBOSOME				2			not evaluable
stcrc-SN124_A595688_Rep2	STCRC	GOBP_NEGATIVE_REGULATION_OF_MUSCLE_HYPERTROPHY				2			not evaluable
stcrc-SN124_A595688_Rep2	STCRC	GOBP_NEURON_INTRINSIC_APOPTOTIC_SIGNALING_PATHWAY_IN_RESPONSE_TO_OXIDATIVE_STRESS				2			not evaluable
stcrc-SN124_A595688_Rep2	STCRC	GOBP_POSITIVE_REGULATION_OF_T_CELL_MIGRATION				2			not evaluable
stcrc-SN124_A595688_Rep2	STCRC	GOBP_POSITIVE_REGULATION_OF_LEUKOCYTE_ADHESION_TO_VASCULAR_ENDOTHELIAL_CELL				2			not evaluable
stcrc-SN124_A595688_Rep2	STCRC	CTRL_B_AXIS				2			not evaluable
stcrc-SN124_A595688_Rep2	STCRC	CTRL_MYC_V1				2			not evaluable
stcrc-SN124_A595688_Rep2	STCRC	CTRL_RANDOM_32				2			not evaluable
stcrc-SN123_A551763_Rep1	STCRC	GOBP_REGULATION_OF_INTEGRIN_MEDIATED_SIGNALING_PATHWAY				3			not evaluable
stcrc-SN123_A551763_Rep1	STCRC	GOBP_COMPLEMENT_ACTIVATION_CLASSICAL_PATHWAY				3			not evaluable
stcrc-SN123_A551763_Rep1	STCRC	GOBP_PEPTIDE_ANTIGEN_ASSEMBLY_WITH_MHC_PROTEIN_COMPLEX				3			not evaluable
stcrc-SN123_A551763_Rep1	STCRC	GOBP_NEGATIVE_REGULATION_OF_REACTIVE_OXYGEN_SPECIES_BIOSYNTHETIC_PROCESS				3			not evaluable
stcrc-SN123_A551763_Rep1	STCRC	GOBP_MRNA_5_SPLICE_SITE_RECOGNITION				3			not evaluable
stcrc-SN123_A551763_Rep1	STCRC	GOBP_RESPONSE_TO_INTERFERON_ALPHA				3			not evaluable
stcrc-SN123_A551763_Rep1	STCRC	GOBP_POSITIVE_REGULATION_OF_VASCULAR_ASSOCIATED_SMOOTH_MUSCLE_CELL_MIGRATION				3			not evaluable
stcrc-SN123_A551763_Rep1	STCRC	GOBP_NEGATIVE_REGULATION_OF_EXTRACELLULAR_MATRIX_ORGANIZATION				3			not evaluable
stcrc-SN123_A551763_Rep1	STCRC	GOBP_CELL_FATE_DETERMINATION				3			not evaluable
stcrc-SN123_A551763_Rep1	STCRC	GOBP_HYPERSENSITIVITY				3			not evaluable
stcrc-SN123_A551763_Rep1	STCRC	GOBP_NEGATIVE_REGULATION_OF_BLOOD_VESSEL_ENDOTHELIAL_CELL_PROLIFERATION_INVOLVED_IN_SPROUTING_ANGIOGENESIS				3			not evaluable
stcrc-SN123_A551763_Rep1	STCRC	GOBP_PHYSIOLOGICAL_CARDIAC_MUSCLE_HYPERTROPHY				3			not evaluable
stcrc-SN123_A551763_Rep1	STCRC	GOBP_INTEGRIN_MEDIATED_SIGNALING_PATHWAY				3			not evaluable
stcrc-SN123_A551763_Rep1	STCRC	GOBP_RESPONSE_TO_PROSTAGLANDIN_E				3			not evaluable
stcrc-SN123_A551763_Rep1	STCRC	GOBP_CELL_ADHESION_MOLECULE_PRODUCTION				3			not evaluable
stcrc-SN123_A551763_Rep1	STCRC	GOBP_POSITIVE_REGULATION_OF_RNA_SPLICING				3			not evaluable
stcrc-SN123_A551763_Rep1	STCRC	GOBP_DEFINITIVE_HEMOPOIESIS				3			not evaluable
stcrc-SN123_A551763_Rep1	STCRC	GOBP_PROTEIN_DEACETYLATION				3			not evaluable
stcrc-SN123_A551763_Rep1	STCRC	GOBP_CELL_JUNCTION_DISASSEMBLY				3			not evaluable
stcrc-SN123_A551763_Rep1	STCRC	GOBP_REGULATION_OF_SYNAPTIC_VESICLE_ENDOCYTOSIS				3			not evaluable
stcrc-SN123_A551763_Rep1	STCRC	GOBP_RESPONSE_TO_NITRIC_OXIDE				3			not evaluable
stcrc-SN123_A551763_Rep1	STCRC	GOBP_REGULATION_OF_CELL_GROWTH_INVOLVED_IN_CARDIAC_MUSCLE_CELL_DEVELOPMENT				3			not evaluable
stcrc-SN123_A551763_Rep1	STCRC	GOBP_INNERVATION				3			not evaluable
stcrc-SN123_A551763_Rep1	STCRC	GOBP_RESPONSE_TO_ETHER				3			not evaluable
stcrc-SN123_A551763_Rep1	STCRC	GOBP_RESCUE_OF_STALLED_RIBOSOME				3			not evaluable
stcrc-SN123_A551763_Rep1	STCRC	GOBP_NEGATIVE_REGULATION_OF_MUSCLE_HYPERTROPHY				3			not evaluable
stcrc-SN123_A551763_Rep1	STCRC	GOBP_NEURON_INTRINSIC_APOPTOTIC_SIGNALING_PATHWAY_IN_RESPONSE_TO_OXIDATIVE_STRESS				3			not evaluable
stcrc-SN123_A551763_Rep1	STCRC	GOBP_POSITIVE_REGULATION_OF_T_CELL_MIGRATION				3			not evaluable
stcrc-SN123_A551763_Rep1	STCRC	GOBP_POSITIVE_REGULATION_OF_LEUKOCYTE_ADHESION_TO_VASCULAR_ENDOTHELIAL_CELL				3			not evaluable
stcrc-SN123_A551763_Rep1	STCRC	CTRL_B_AXIS				3			not evaluable
stcrc-SN123_A551763_Rep1	STCRC	CTRL_MYC_V1				3			not evaluable
stcrc-SN123_A551763_Rep1	STCRC	CTRL_RANDOM_32				3			not evaluable
stcrc-SN124_A551763_Rep2	STCRC	GOBP_REGULATION_OF_INTEGRIN_MEDIATED_SIGNALING_PATHWAY	-0.006084	-0.001262	0.7413	10	42.0	0.1578	
stcrc-SN124_A551763_Rep2	STCRC	GOBP_COMPLEMENT_ACTIVATION_CLASSICAL_PATHWAY	0.000617			10		0.2863	sigma unfit
stcrc-SN124_A551763_Rep2	STCRC	GOBP_PEPTIDE_ANTIGEN_ASSEMBLY_WITH_MHC_PROTEIN_COMPLEX	0.013627	0.000677	0.1443	10	41.2	0.2981	
stcrc-SN124_A551763_Rep2	STCRC	GOBP_NEGATIVE_REGULATION_OF_REACTIVE_OXYGEN_SPECIES_BIOSYNTHETIC_PROCESS	0.000102			10		0.0945	sigma unfit
stcrc-SN124_A551763_Rep2	STCRC	GOBP_MRNA_5_SPLICE_SITE_RECOGNITION	0.009003			10		0.06	sigma unfit
stcrc-SN124_A551763_Rep2	STCRC	GOBP_RESPONSE_TO_INTERFERON_ALPHA	-0.009173			10		0.2248	sigma unfit
stcrc-SN124_A551763_Rep2	STCRC	GOBP_POSITIVE_REGULATION_OF_VASCULAR_ASSOCIATED_SMOOTH_MUSCLE_CELL_MIGRATION	0.000777			10		0.0575	sigma unfit
stcrc-SN124_A551763_Rep2	STCRC	GOBP_NEGATIVE_REGULATION_OF_EXTRACELLULAR_MATRIX_ORGANIZATION	-0.00671			10		0.1294	sigma unfit
stcrc-SN124_A551763_Rep2	STCRC	GOBP_CELL_FATE_DETERMINATION	-0.003202			10		0.1573	sigma unfit
stcrc-SN124_A551763_Rep2	STCRC	GOBP_HYPERSENSITIVITY	0.011163			10		0.1743	sigma unfit
stcrc-SN124_A551763_Rep2	STCRC	GOBP_NEGATIVE_REGULATION_OF_BLOOD_VESSEL_ENDOTHELIAL_CELL_PROLIFERATION_INVOLVED_IN_SPROUTING_ANGIOGENESIS	-0.004076			10		0.1179	sigma unfit
stcrc-SN124_A551763_Rep2	STCRC	GOBP_PHYSIOLOGICAL_CARDIAC_MUSCLE_HYPERTROPHY	0.007748			10		0.0714	sigma unfit
stcrc-SN124_A551763_Rep2	STCRC	GOBP_INTEGRIN_MEDIATED_SIGNALING_PATHWAY	-0.004507	-0.00013	0.8557	10	45.6	0.2485	
stcrc-SN124_A551763_Rep2	STCRC	GOBP_RESPONSE_TO_PROSTAGLANDIN_E	0.000664			10		0.1271	sigma unfit
stcrc-SN124_A551763_Rep2	STCRC	GOBP_CELL_ADHESION_MOLECULE_PRODUCTION	0.00531			10		0.1435	sigma unfit
stcrc-SN124_A551763_Rep2	STCRC	GOBP_POSITIVE_REGULATION_OF_RNA_SPLICING	0.006197			10		0.1237	sigma unfit
stcrc-SN124_A551763_Rep2	STCRC	GOBP_DEFINITIVE_HEMOPOIESIS	0.012564			10		0.0855	sigma unfit
stcrc-SN124_A551763_Rep2	STCRC	GOBP_PROTEIN_DEACETYLATION	0.008006			10		0.1114	sigma unfit
stcrc-SN124_A551763_Rep2	STCRC	GOBP_CELL_JUNCTION_DISASSEMBLY	-0.001472			10		0.1302	sigma unfit
stcrc-SN124_A551763_Rep2	STCRC	GOBP_REGULATION_OF_SYNAPTIC_VESICLE_ENDOCYTOSIS	-0.002938	-4e-05	0.6766	10	41.8	0.1071	
stcrc-SN124_A551763_Rep2	STCRC	GOBP_RESPONSE_TO_NITRIC_OXIDE	0.007535			10		0.1546	sigma unfit
stcrc-SN124_A551763_Rep2	STCRC	GOBP_REGULATION_OF_CELL_GROWTH_INVOLVED_IN_CARDIAC_MUSCLE_CELL_DEVELOPMENT	0.006521			10		0.0636	sigma unfit
stcrc-SN124_A551763_Rep2	STCRC	GOBP_INNERVATION	0.00064			10		0.1079	sigma unfit
stcrc-SN124_A551763_Rep2	STCRC	GOBP_RESPONSE_TO_ETHER	0.004147			10		0.1209	sigma unfit
stcrc-SN124_A551763_Rep2	STCRC	GOBP_RESCUE_OF_STALLED_RIBOSOME	-0.000919			10		0.1483	sigma unfit
stcrc-SN124_A551763_Rep2	STCRC	GOBP_NEGATIVE_REGULATION_OF_MUSCLE_HYPERTROPHY	0.00511			10		0.1083	sigma unfit
stcrc-SN124_A551763_Rep2	STCRC	GOBP_NEURON_INTRINSIC_APOPTOTIC_SIGNALING_PATHWAY_IN_RESPONSE_TO_OXIDATIVE_STRESS	-0.014745			10		0.1709	sigma unfit
stcrc-SN124_A551763_Rep2	STCRC	GOBP_POSITIVE_REGULATION_OF_T_CELL_MIGRATION	-0.004919			10		0.1716	sigma unfit
stcrc-SN124_A551763_Rep2	STCRC	GOBP_POSITIVE_REGULATION_OF_LEUKOCYTE_ADHESION_TO_VASCULAR_ENDOTHELIAL_CELL	-0.013007			10		0.1608	sigma unfit
stcrc-SN124_A551763_Rep2	STCRC	CTRL_B_AXIS	0.001021			10		0.9255	sigma unfit
stcrc-SN124_A551763_Rep2	STCRC	CTRL_MYC_V1	-0.002272	-0.000221	0.6219	10	75.4	0.2427	
stcrc-SN124_A551763_Rep2	STCRC	CTRL_RANDOM_32	-0.003507			10		0.1053	sigma unfit
stcrc-SN123_A798015_Rep1	STCRC	GOBP_REGULATION_OF_INTEGRIN_MEDIATED_SIGNALING_PATHWAY	-0.003935	0.000901	0.6866	13	47.4	0.0644	
stcrc-SN123_A798015_Rep1	STCRC	GOBP_COMPLEMENT_ACTIVATION_CLASSICAL_PATHWAY	0.00442	-1.8e-05	0.2985	13	81.5	0.2581	
stcrc-SN123_A798015_Rep1	STCRC	GOBP_PEPTIDE_ANTIGEN_ASSEMBLY_WITH_MHC_PROTEIN_COMPLEX	0.002141	-0.002454	0.3731	13	75.0	0.2587	
stcrc-SN123_A798015_Rep1	STCRC	GOBP_NEGATIVE_REGULATION_OF_REACTIVE_OXYGEN_SPECIES_BIOSYNTHETIC_PROCESS	0.005576			13		0.0501	sigma unfit
stcrc-SN123_A798015_Rep1	STCRC	GOBP_MRNA_5_SPLICE_SITE_RECOGNITION	0.012363			13		0.0601	sigma unfit
stcrc-SN123_A798015_Rep1	STCRC	GOBP_RESPONSE_TO_INTERFERON_ALPHA	0.012653	-0.000248	0.0199	13	41.7	0.1824	
stcrc-SN123_A798015_Rep1	STCRC	GOBP_POSITIVE_REGULATION_OF_VASCULAR_ASSOCIATED_SMOOTH_MUSCLE_CELL_MIGRATION	0.012592			13		0.1741	sigma unfit
stcrc-SN123_A798015_Rep1	STCRC	GOBP_NEGATIVE_REGULATION_OF_EXTRACELLULAR_MATRIX_ORGANIZATION	0.012171	-0.00024	0.1542	13	45.5	0.0947	
stcrc-SN123_A798015_Rep1	STCRC	GOBP_CELL_FATE_DETERMINATION	-0.000536	-0.000214	0.5274	13	43.9	-0.0174	
stcrc-SN123_A798015_Rep1	STCRC	GOBP_HYPERSENSITIVITY	0.007557	0.00039	0.1493	13	45.3	0.257	
stcrc-SN123_A798015_Rep1	STCRC	GOBP_NEGATIVE_REGULATION_OF_BLOOD_VESSEL_ENDOTHELIAL_CELL_PROLIFERATION_INVOLVED_IN_SPROUTING_ANGIOGENESIS	0.007757	7.8e-05	0.1244	13	41.1	0.0052	
stcrc-SN123_A798015_Rep1	STCRC	GOBP_PHYSIOLOGICAL_CARDIAC_MUSCLE_HYPERTROPHY	0.004566			13		0.0041	sigma unfit
stcrc-SN123_A798015_Rep1	STCRC	GOBP_INTEGRIN_MEDIATED_SIGNALING_PATHWAY	-0.004422	-0.000255	0.8308	13	77.0	0.0836	
stcrc-SN123_A798015_Rep1	STCRC	GOBP_RESPONSE_TO_PROSTAGLANDIN_E	0.003462			13		0.0854	sigma unfit
stcrc-SN123_A798015_Rep1	STCRC	GOBP_CELL_ADHESION_MOLECULE_PRODUCTION	0.010218			13		0.089	sigma unfit
stcrc-SN123_A798015_Rep1	STCRC	GOBP_POSITIVE_REGULATION_OF_RNA_SPLICING	0.004417			13		0.0714	sigma unfit
stcrc-SN123_A798015_Rep1	STCRC	GOBP_DEFINITIVE_HEMOPOIESIS	0.004515			13		0.0524	sigma unfit
stcrc-SN123_A798015_Rep1	STCRC	GOBP_PROTEIN_DEACETYLATION	0.005684	-0.000152	0.0746	13	42.3	0.0535	
stcrc-SN123_A798015_Rep1	STCRC	GOBP_CELL_JUNCTION_DISASSEMBLY	0.006463	-5.5e-05	0.1542	13	46.0	0.1596	
stcrc-SN123_A798015_Rep1	STCRC	GOBP_REGULATION_OF_SYNAPTIC_VESICLE_ENDOCYTOSIS	-0.001321			13		-0.0654	sigma unfit
stcrc-SN123_A798015_Rep1	STCRC	GOBP_RESPONSE_TO_NITRIC_OXIDE	0.002859			13		0.0754	sigma unfit
stcrc-SN123_A798015_Rep1	STCRC	GOBP_REGULATION_OF_CELL_GROWTH_INVOLVED_IN_CARDIAC_MUSCLE_CELL_DEVELOPMENT	0.009765	0.00036	0.0846	13	41.2	0.0263	
stcrc-SN123_A798015_Rep1	STCRC	GOBP_INNERVATION	0.005213			13		0.0655	sigma unfit
stcrc-SN123_A798015_Rep1	STCRC	GOBP_RESPONSE_TO_ETHER	-0.006872			13		0.0402	sigma unfit
stcrc-SN123_A798015_Rep1	STCRC	GOBP_RESCUE_OF_STALLED_RIBOSOME	0.005486			13		0.1137	sigma unfit
stcrc-SN123_A798015_Rep1	STCRC	GOBP_NEGATIVE_REGULATION_OF_MUSCLE_HYPERTROPHY	0.00631	-0.000253	0.1841	13	72.9	0.058	
stcrc-SN123_A798015_Rep1	STCRC	GOBP_NEURON_INTRINSIC_APOPTOTIC_SIGNALING_PATHWAY_IN_RESPONSE_TO_OXIDATIVE_STRESS	0.011044			13		0.1161	sigma unfit
stcrc-SN123_A798015_Rep1	STCRC	GOBP_POSITIVE_REGULATION_OF_T_CELL_MIGRATION	0.000562			13		0.2042	sigma unfit
stcrc-SN123_A798015_Rep1	STCRC	GOBP_POSITIVE_REGULATION_OF_LEUKOCYTE_ADHESION_TO_VASCULAR_ENDOTHELIAL_CELL	-0.005773			13		0.061	sigma unfit
stcrc-SN123_A798015_Rep1	STCRC	CTRL_B_AXIS	0.003376			13		0.9153	sigma unfit
stcrc-SN123_A798015_Rep1	STCRC	CTRL_MYC_V1	0.002643	-0.000185	0.3085	13	76.0	0.1684	
stcrc-SN123_A798015_Rep1	STCRC	CTRL_RANDOM_32	-0.009118			13		-0.0728	sigma unfit
stcrc-SN124_A798015_Rep2	STCRC	GOBP_REGULATION_OF_INTEGRIN_MEDIATED_SIGNALING_PATHWAY	-0.015335	0.001741	0.8458	8	130.0	0.0385	
stcrc-SN124_A798015_Rep2	STCRC	GOBP_COMPLEMENT_ACTIVATION_CLASSICAL_PATHWAY	0.003554	0.000301	0.398	8	143.7	0.2394	
stcrc-SN124_A798015_Rep2	STCRC	GOBP_PEPTIDE_ANTIGEN_ASSEMBLY_WITH_MHC_PROTEIN_COMPLEX	0.009631	0.001242	0.3433	8	78.3	0.3293	
stcrc-SN124_A798015_Rep2	STCRC	GOBP_NEGATIVE_REGULATION_OF_REACTIVE_OXYGEN_SPECIES_BIOSYNTHETIC_PROCESS	-0.00249			8		0.0688	sigma unfit
stcrc-SN124_A798015_Rep2	STCRC	GOBP_MRNA_5_SPLICE_SITE_RECOGNITION	0.015074			8		0.045	sigma unfit
stcrc-SN124_A798015_Rep2	STCRC	GOBP_RESPONSE_TO_INTERFERON_ALPHA	-0.007167	0.000613	0.7363	8	76.6	0.176	
stcrc-SN124_A798015_Rep2	STCRC	GOBP_POSITIVE_REGULATION_OF_VASCULAR_ASSOCIATED_SMOOTH_MUSCLE_CELL_MIGRATION	0.00384	0.000195	0.398	8	73.5	0.166	
stcrc-SN124_A798015_Rep2	STCRC	GOBP_NEGATIVE_REGULATION_OF_EXTRACELLULAR_MATRIX_ORGANIZATION	-0.014847	-0.000366	0.7761	8	122.9	0.0693	
stcrc-SN124_A798015_Rep2	STCRC	GOBP_CELL_FATE_DETERMINATION	-0.001832	-0.000137	0.6119	8	78.7	-0.0266	
stcrc-SN124_A798015_Rep2	STCRC	GOBP_HYPERSENSITIVITY	0.006537	0.000382	0.3234	8	114.2	0.252	
stcrc-SN124_A798015_Rep2	STCRC	GOBP_NEGATIVE_REGULATION_OF_BLOOD_VESSEL_ENDOTHELIAL_CELL_PROLIFERATION_INVOLVED_IN_SPROUTING_ANGIOGENESIS	0.000267	0.002141	0.5622	8	46.7	0.0462	
stcrc-SN124_A798015_Rep2	STCRC	GOBP_PHYSIOLOGICAL_CARDIAC_MUSCLE_HYPERTROPHY	-0.010957	-0.001059	0.8706	8	74.1	0.0325	
stcrc-SN124_A798015_Rep2	STCRC	GOBP_INTEGRIN_MEDIATED_SIGNALING_PATHWAY	-0.005903	0.000821	0.7313	8	140.0	0.0542	
stcrc-SN124_A798015_Rep2	STCRC	GOBP_RESPONSE_TO_PROSTAGLANDIN_E	0.003044			8		0.1235	sigma unfit
stcrc-SN124_A798015_Rep2	STCRC	GOBP_CELL_ADHESION_MOLECULE_PRODUCTION	0.002649			8		0.0753	sigma unfit
stcrc-SN124_A798015_Rep2	STCRC	GOBP_POSITIVE_REGULATION_OF_RNA_SPLICING	0.003471	-0.001059	0.3085	8	74.8	0.0696	
stcrc-SN124_A798015_Rep2	STCRC	GOBP_DEFINITIVE_HEMOPOIESIS	0.004374			8		0.0245	sigma unfit
stcrc-SN124_A798015_Rep2	STCRC	GOBP_PROTEIN_DEACETYLATION	0.00486	-0.000423	0.2438	8	77.9	0.0618	
stcrc-SN124_A798015_Rep2	STCRC	GOBP_CELL_JUNCTION_DISASSEMBLY	0.00684	-0.000496	0.2388	8	118.5	0.1164	
stcrc-SN124_A798015_Rep2	STCRC	GOBP_REGULATION_OF_SYNAPTIC_VESICLE_ENDOCYTOSIS	-0.00287	-0.000772	0.6368	8	42.8	-0.0585	
stcrc-SN124_A798015_Rep2	STCRC	GOBP_RESPONSE_TO_NITRIC_OXIDE	0.001706			8		0.1027	sigma unfit
stcrc-SN124_A798015_Rep2	STCRC	GOBP_REGULATION_OF_CELL_GROWTH_INVOLVED_IN_CARDIAC_MUSCLE_CELL_DEVELOPMENT	-0.008079	0.000269	0.8159	8	74.7	0.0604	
stcrc-SN124_A798015_Rep2	STCRC	GOBP_INNERVATION	-0.004566	0.00014	0.8259	8	40.9	0.0489	
stcrc-SN124_A798015_Rep2	STCRC	GOBP_RESPONSE_TO_ETHER	0.015764			8		0.0755	sigma unfit
stcrc-SN124_A798015_Rep2	STCRC	GOBP_RESCUE_OF_STALLED_RIBOSOME	0.002241	-0.000231	0.2786	8	43.3	0.0266	
stcrc-SN124_A798015_Rep2	STCRC	GOBP_NEGATIVE_REGULATION_OF_MUSCLE_HYPERTROPHY	-0.001216	-0.001445	0.4726	8	115.3	0.0671	
stcrc-SN124_A798015_Rep2	STCRC	GOBP_NEURON_INTRINSIC_APOPTOTIC_SIGNALING_PATHWAY_IN_RESPONSE_TO_OXIDATIVE_STRESS	-0.001647	-0.000624	0.5572	8	44.7	0.1036	
stcrc-SN124_A798015_Rep2	STCRC	GOBP_POSITIVE_REGULATION_OF_T_CELL_MIGRATION	0.004364			8		0.2058	sigma unfit
stcrc-SN124_A798015_Rep2	STCRC	GOBP_POSITIVE_REGULATION_OF_LEUKOCYTE_ADHESION_TO_VASCULAR_ENDOTHELIAL_CELL	0.003119			8		0.0894	sigma unfit
stcrc-SN124_A798015_Rep2	STCRC	CTRL_B_AXIS	0.00266	-0.000172	0.209	8	43.0	0.9256	
stcrc-SN124_A798015_Rep2	STCRC	CTRL_MYC_V1	0.008634	2.3e-05	0.1443	8	86.3	0.1739	
stcrc-SN124_A798015_Rep2	STCRC	CTRL_RANDOM_32	-0.002409			8		-0.1009	sigma unfit
stcrc-SN123_A938797_Rep1_X	STCRC	GOBP_REGULATION_OF_INTEGRIN_MEDIATED_SIGNALING_PATHWAY	0.008768	0.001402	0.3085	13	114.2	0.3294	
stcrc-SN123_A938797_Rep1_X	STCRC	GOBP_COMPLEMENT_ACTIVATION_CLASSICAL_PATHWAY	0.012767	0.001517	0.1095	13	80.8	0.5572	
stcrc-SN123_A938797_Rep1_X	STCRC	GOBP_PEPTIDE_ANTIGEN_ASSEMBLY_WITH_MHC_PROTEIN_COMPLEX	0.006724	-0.005533	0.2886	13	120.0	0.447	
stcrc-SN123_A938797_Rep1_X	STCRC	GOBP_NEGATIVE_REGULATION_OF_REACTIVE_OXYGEN_SPECIES_BIOSYNTHETIC_PROCESS	-0.001537			13		0.1266	sigma unfit
stcrc-SN123_A938797_Rep1_X	STCRC	GOBP_MRNA_5_SPLICE_SITE_RECOGNITION	0.005507			13		-0.0218	sigma unfit
stcrc-SN123_A938797_Rep1_X	STCRC	GOBP_RESPONSE_TO_INTERFERON_ALPHA	0.004329	4.6e-05	0.2438	13	42.1	0.1546	
stcrc-SN123_A938797_Rep1_X	STCRC	GOBP_POSITIVE_REGULATION_OF_VASCULAR_ASSOCIATED_SMOOTH_MUSCLE_CELL_MIGRATION	-0.011304	-0.000418	0.9453	13	41.6	0.2818	
stcrc-SN123_A938797_Rep1_X	STCRC	GOBP_NEGATIVE_REGULATION_OF_EXTRACELLULAR_MATRIX_ORGANIZATION	-0.001918	-0.00187	0.5075	13	85.8	0.348	
stcrc-SN123_A938797_Rep1_X	STCRC	GOBP_CELL_FATE_DETERMINATION	0.008725	0.000202	0.005	13	41.4	0.0671	
stcrc-SN123_A938797_Rep1_X	STCRC	GOBP_HYPERSENSITIVITY	0.005457	0.000604	0.2388	13	46.9	0.4347	
stcrc-SN123_A938797_Rep1_X	STCRC	GOBP_NEGATIVE_REGULATION_OF_BLOOD_VESSEL_ENDOTHELIAL_CELL_PROLIFERATION_INVOLVED_IN_SPROUTING_ANGIOGENESIS	0.018658	-0.000862	0.0448	13	43.2	0.1544	
stcrc-SN123_A938797_Rep1_X	STCRC	GOBP_PHYSIOLOGICAL_CARDIAC_MUSCLE_HYPERTROPHY	-0.003271			13		-0.0277	sigma unfit
stcrc-SN123_A938797_Rep1_X	STCRC	GOBP_INTEGRIN_MEDIATED_SIGNALING_PATHWAY	0.004555	0.000771	0.3134	13	118.4	0.3506	
stcrc-SN123_A938797_Rep1_X	STCRC	GOBP_RESPONSE_TO_PROSTAGLANDIN_E	0.003267	-0.00037	0.2289	13	42.8	0.1805	
stcrc-SN123_A938797_Rep1_X	STCRC	GOBP_CELL_ADHESION_MOLECULE_PRODUCTION	0.00757			13		0.0572	sigma unfit
stcrc-SN123_A938797_Rep1_X	STCRC	GOBP_POSITIVE_REGULATION_OF_RNA_SPLICING	0.009721	0.000454	0.0249	13	45.5	0.1144	
stcrc-SN123_A938797_Rep1_X	STCRC	GOBP_DEFINITIVE_HEMOPOIESIS	0.006578			13		0.1053	sigma unfit
stcrc-SN123_A938797_Rep1_X	STCRC	GOBP_PROTEIN_DEACETYLATION	0.005368			13		0.177	sigma unfit
stcrc-SN123_A938797_Rep1_X	STCRC	GOBP_CELL_JUNCTION_DISASSEMBLY	0.002024	-0.000113	0.3433	13	78.0	0.3738	
stcrc-SN123_A938797_Rep1_X	STCRC	GOBP_REGULATION_OF_SYNAPTIC_VESICLE_ENDOCYTOSIS	0.005105	0.000435	0.3134	13	78.3	0.0889	
stcrc-SN123_A938797_Rep1_X	STCRC	GOBP_RESPONSE_TO_NITRIC_OXIDE	0.006098			13		0.1418	sigma unfit
stcrc-SN123_A938797_Rep1_X	STCRC	GOBP_REGULATION_OF_CELL_GROWTH_INVOLVED_IN_CARDIAC_MUSCLE_CELL_DEVELOPMENT	0.004882			13		-0.035	sigma unfit
stcrc-SN123_A938797_Rep1_X	STCRC	GOBP_INNERVATION	-0.000417	9.8e-05	0.5672	13	44.9	0.2347	
stcrc-SN123_A938797_Rep1_X	STCRC	GOBP_RESPONSE_TO_ETHER	-0.001738			13		0.0734	sigma unfit
stcrc-SN123_A938797_Rep1_X	STCRC	GOBP_RESCUE_OF_STALLED_RIBOSOME	-0.000497			13		0.0171	sigma unfit
stcrc-SN123_A938797_Rep1_X	STCRC	GOBP_NEGATIVE_REGULATION_OF_MUSCLE_HYPERTROPHY	0.002573			13		0.1491	sigma unfit
stcrc-SN123_A938797_Rep1_X	STCRC	GOBP_NEURON_INTRINSIC_APOPTOTIC_SIGNALING_PATHWAY_IN_RESPONSE_TO_OXIDATIVE_STRESS	0.005472	-0.000116	0.2836	13	111.6	0.2573	
stcrc-SN123_A938797_Rep1_X	STCRC	GOBP_POSITIVE_REGULATION_OF_T_CELL_MIGRATION	0.003904			13		0.2415	sigma unfit
stcrc-SN123_A938797_Rep1_X	STCRC	GOBP_POSITIVE_REGULATION_OF_LEUKOCYTE_ADHESION_TO_VASCULAR_ENDOTHELIAL_CELL	0.009781	0.000529	0.0697	13	40.1	0.1817	
stcrc-SN123_A938797_Rep1_X	STCRC	CTRL_B_AXIS	0.001767	0.000114	0.2537	13	46.4	0.9115	
stcrc-SN123_A938797_Rep1_X	STCRC	CTRL_MYC_V1	0.001386	-8.5e-05	0.4527	13	118.0	0.0263	
stcrc-SN123_A938797_Rep1_X	STCRC	CTRL_RANDOM_32	0.003927	-0.000477	0.1891	13	40.5	-0.0472	
stcrc-SN124_A938797_Rep2	STCRC	GOBP_REGULATION_OF_INTEGRIN_MEDIATED_SIGNALING_PATHWAY	-0.006085	8e-05	0.6368	9	75.8	0.4093	
stcrc-SN124_A938797_Rep2	STCRC	GOBP_COMPLEMENT_ACTIVATION_CLASSICAL_PATHWAY	-0.001762	0.000438	0.6219	9	83.9	0.6533	
stcrc-SN124_A938797_Rep2	STCRC	GOBP_PEPTIDE_ANTIGEN_ASSEMBLY_WITH_MHC_PROTEIN_COMPLEX	-0.004114	-0.002094	0.5274	9	125.2	0.4849	
stcrc-SN124_A938797_Rep2	STCRC	GOBP_NEGATIVE_REGULATION_OF_REACTIVE_OXYGEN_SPECIES_BIOSYNTHETIC_PROCESS	0.006829			9		-0.0406	sigma unfit
stcrc-SN124_A938797_Rep2	STCRC	GOBP_MRNA_5_SPLICE_SITE_RECOGNITION	0.008442			9		-0.207	sigma unfit
stcrc-SN124_A938797_Rep2	STCRC	GOBP_RESPONSE_TO_INTERFERON_ALPHA	0.002439			9		0.2118	sigma unfit
stcrc-SN124_A938797_Rep2	STCRC	GOBP_POSITIVE_REGULATION_OF_VASCULAR_ASSOCIATED_SMOOTH_MUSCLE_CELL_MIGRATION	0.003678			9		0.4651	sigma unfit
stcrc-SN124_A938797_Rep2	STCRC	GOBP_NEGATIVE_REGULATION_OF_EXTRACELLULAR_MATRIX_ORGANIZATION	-0.009796	0.000808	0.8209	9	78.1	0.454	
stcrc-SN124_A938797_Rep2	STCRC	GOBP_CELL_FATE_DETERMINATION	0.004777	-0.000544	0.1144	9	41.3	-0.1094	
stcrc-SN124_A938797_Rep2	STCRC	GOBP_HYPERSENSITIVITY	-0.003936	-0.00082	0.6368	9	82.3	0.5203	
stcrc-SN124_A938797_Rep2	STCRC	GOBP_NEGATIVE_REGULATION_OF_BLOOD_VESSEL_ENDOTHELIAL_CELL_PROLIFERATION_INVOLVED_IN_SPROUTING_ANGIOGENESIS	0.004064	-0.000469	0.3134	9	42.1	0.3378	
stcrc-SN124_A938797_Rep2	STCRC	GOBP_PHYSIOLOGICAL_CARDIAC_MUSCLE_HYPERTROPHY	0.004827	0.000373	0.2338	9	72.9	0.2025	
stcrc-SN124_A938797_Rep2	STCRC	GOBP_INTEGRIN_MEDIATED_SIGNALING_PATHWAY	-0.003213	-0.000575	0.6866	9	85.9	0.4145	
stcrc-SN124_A938797_Rep2	STCRC	GOBP_RESPONSE_TO_PROSTAGLANDIN_E	-0.003423	-0.00016	0.7562	9	75.2	0.2245	
stcrc-SN124_A938797_Rep2	STCRC	GOBP_CELL_ADHESION_MOLECULE_PRODUCTION	0.005215			9		-0.0109	sigma unfit
stcrc-SN124_A938797_Rep2	STCRC	GOBP_POSITIVE_REGULATION_OF_RNA_SPLICING	0.002731			9		-0.1525	sigma unfit
stcrc-SN124_A938797_Rep2	STCRC	GOBP_DEFINITIVE_HEMOPOIESIS	-0.001286			9		0.1681	sigma unfit
stcrc-SN124_A938797_Rep2	STCRC	GOBP_PROTEIN_DEACETYLATION	-0.00033	-0.000427	0.5025	9	41.8	0.3019	
stcrc-SN124_A938797_Rep2	STCRC	GOBP_CELL_JUNCTION_DISASSEMBLY	-0.00864	0.000177	0.9055	9	80.3	0.5227	
stcrc-SN124_A938797_Rep2	STCRC	GOBP_REGULATION_OF_SYNAPTIC_VESICLE_ENDOCYTOSIS	0.001993	0.000118	0.403	9	76.0	-0.0607	
stcrc-SN124_A938797_Rep2	STCRC	GOBP_RESPONSE_TO_NITRIC_OXIDE	-0.009905	-0.000603	0.9353	9	41.0	0.1502	
stcrc-SN124_A938797_Rep2	STCRC	GOBP_REGULATION_OF_CELL_GROWTH_INVOLVED_IN_CARDIAC_MUSCLE_CELL_DEVELOPMENT	0.006256	0.000474	0.1841	9	75.9	0.2023	
stcrc-SN124_A938797_Rep2	STCRC	GOBP_INNERVATION	0.003446	-0.000642	0.2239	9	42.1	0.3817	
stcrc-SN124_A938797_Rep2	STCRC	GOBP_RESPONSE_TO_ETHER	0.001932			9		0.0199	sigma unfit
stcrc-SN124_A938797_Rep2	STCRC	GOBP_RESCUE_OF_STALLED_RIBOSOME	0.005972			9		0.0117	sigma unfit
stcrc-SN124_A938797_Rep2	STCRC	GOBP_NEGATIVE_REGULATION_OF_MUSCLE_HYPERTROPHY	0.006476	-0.000171	0.1194	9	41.1	0.269	
stcrc-SN124_A938797_Rep2	STCRC	GOBP_NEURON_INTRINSIC_APOPTOTIC_SIGNALING_PATHWAY_IN_RESPONSE_TO_OXIDATIVE_STRESS	-0.009073	-0.000354	0.8756	9	43.7	0.1418	
stcrc-SN124_A938797_Rep2	STCRC	GOBP_POSITIVE_REGULATION_OF_T_CELL_MIGRATION	-0.004085	-0.000135	0.7711	9	44.9	0.2527	
stcrc-SN124_A938797_Rep2	STCRC	GOBP_POSITIVE_REGULATION_OF_LEUKOCYTE_ADHESION_TO_VASCULAR_ENDOTHELIAL_CELL	0.002091	0.000544	0.3781	9	44.3	0.1431	
stcrc-SN124_A938797_Rep2	STCRC	CTRL_B_AXIS	0.002474			9		0.928	sigma unfit
stcrc-SN124_A938797_Rep2	STCRC	CTRL_MYC_V1	0.021377	-0.001185	0.0299	9	92.1	-0.4069	
stcrc-SN124_A938797_Rep2	STCRC	CTRL_RANDOM_32	-0.005385			9		-0.2605	sigma unfit
stcrc-SN84_A120838_Rep1	STCRC	GOBP_REGULATION_OF_INTEGRIN_MEDIATED_SIGNALING_PATHWAY				2			not evaluable
stcrc-SN84_A120838_Rep1	STCRC	GOBP_COMPLEMENT_ACTIVATION_CLASSICAL_PATHWAY				2			not evaluable
stcrc-SN84_A120838_Rep1	STCRC	GOBP_PEPTIDE_ANTIGEN_ASSEMBLY_WITH_MHC_PROTEIN_COMPLEX				2			not evaluable
stcrc-SN84_A120838_Rep1	STCRC	GOBP_NEGATIVE_REGULATION_OF_REACTIVE_OXYGEN_SPECIES_BIOSYNTHETIC_PROCESS				2			not evaluable
stcrc-SN84_A120838_Rep1	STCRC	GOBP_MRNA_5_SPLICE_SITE_RECOGNITION				2			not evaluable
stcrc-SN84_A120838_Rep1	STCRC	GOBP_RESPONSE_TO_INTERFERON_ALPHA				2			not evaluable
stcrc-SN84_A120838_Rep1	STCRC	GOBP_POSITIVE_REGULATION_OF_VASCULAR_ASSOCIATED_SMOOTH_MUSCLE_CELL_MIGRATION				2			not evaluable
stcrc-SN84_A120838_Rep1	STCRC	GOBP_NEGATIVE_REGULATION_OF_EXTRACELLULAR_MATRIX_ORGANIZATION				2			not evaluable
stcrc-SN84_A120838_Rep1	STCRC	GOBP_CELL_FATE_DETERMINATION				2			not evaluable
stcrc-SN84_A120838_Rep1	STCRC	GOBP_HYPERSENSITIVITY				2			not evaluable
stcrc-SN84_A120838_Rep1	STCRC	GOBP_NEGATIVE_REGULATION_OF_BLOOD_VESSEL_ENDOTHELIAL_CELL_PROLIFERATION_INVOLVED_IN_SPROUTING_ANGIOGENESIS				2			not evaluable
stcrc-SN84_A120838_Rep1	STCRC	GOBP_PHYSIOLOGICAL_CARDIAC_MUSCLE_HYPERTROPHY				2			not evaluable
stcrc-SN84_A120838_Rep1	STCRC	GOBP_INTEGRIN_MEDIATED_SIGNALING_PATHWAY				2			not evaluable
stcrc-SN84_A120838_Rep1	STCRC	GOBP_RESPONSE_TO_PROSTAGLANDIN_E				2			not evaluable
stcrc-SN84_A120838_Rep1	STCRC	GOBP_CELL_ADHESION_MOLECULE_PRODUCTION				2			not evaluable
stcrc-SN84_A120838_Rep1	STCRC	GOBP_POSITIVE_REGULATION_OF_RNA_SPLICING				2			not evaluable
stcrc-SN84_A120838_Rep1	STCRC	GOBP_DEFINITIVE_HEMOPOIESIS				2			not evaluable
stcrc-SN84_A120838_Rep1	STCRC	GOBP_PROTEIN_DEACETYLATION				2			not evaluable
stcrc-SN84_A120838_Rep1	STCRC	GOBP_CELL_JUNCTION_DISASSEMBLY				2			not evaluable
stcrc-SN84_A120838_Rep1	STCRC	GOBP_REGULATION_OF_SYNAPTIC_VESICLE_ENDOCYTOSIS				2			not evaluable
stcrc-SN84_A120838_Rep1	STCRC	GOBP_RESPONSE_TO_NITRIC_OXIDE				2			not evaluable
stcrc-SN84_A120838_Rep1	STCRC	GOBP_REGULATION_OF_CELL_GROWTH_INVOLVED_IN_CARDIAC_MUSCLE_CELL_DEVELOPMENT				2			not evaluable
stcrc-SN84_A120838_Rep1	STCRC	GOBP_INNERVATION				2			not evaluable
stcrc-SN84_A120838_Rep1	STCRC	GOBP_RESPONSE_TO_ETHER				2			not evaluable
stcrc-SN84_A120838_Rep1	STCRC	GOBP_RESCUE_OF_STALLED_RIBOSOME				2			not evaluable
stcrc-SN84_A120838_Rep1	STCRC	GOBP_NEGATIVE_REGULATION_OF_MUSCLE_HYPERTROPHY				2			not evaluable
stcrc-SN84_A120838_Rep1	STCRC	GOBP_NEURON_INTRINSIC_APOPTOTIC_SIGNALING_PATHWAY_IN_RESPONSE_TO_OXIDATIVE_STRESS				2			not evaluable
stcrc-SN84_A120838_Rep1	STCRC	GOBP_POSITIVE_REGULATION_OF_T_CELL_MIGRATION				2			not evaluable
stcrc-SN84_A120838_Rep1	STCRC	GOBP_POSITIVE_REGULATION_OF_LEUKOCYTE_ADHESION_TO_VASCULAR_ENDOTHELIAL_CELL				2			not evaluable
stcrc-SN84_A120838_Rep1	STCRC	CTRL_B_AXIS				2			not evaluable
stcrc-SN84_A120838_Rep1	STCRC	CTRL_MYC_V1				2			not evaluable
stcrc-SN84_A120838_Rep1	STCRC	CTRL_RANDOM_32				2			not evaluable
stcrc-SN84_A120838_Rep2	STCRC	GOBP_REGULATION_OF_INTEGRIN_MEDIATED_SIGNALING_PATHWAY				3			not evaluable
stcrc-SN84_A120838_Rep2	STCRC	GOBP_COMPLEMENT_ACTIVATION_CLASSICAL_PATHWAY				3			not evaluable
stcrc-SN84_A120838_Rep2	STCRC	GOBP_PEPTIDE_ANTIGEN_ASSEMBLY_WITH_MHC_PROTEIN_COMPLEX				3			not evaluable
stcrc-SN84_A120838_Rep2	STCRC	GOBP_NEGATIVE_REGULATION_OF_REACTIVE_OXYGEN_SPECIES_BIOSYNTHETIC_PROCESS				3			not evaluable
stcrc-SN84_A120838_Rep2	STCRC	GOBP_MRNA_5_SPLICE_SITE_RECOGNITION				3			not evaluable
stcrc-SN84_A120838_Rep2	STCRC	GOBP_RESPONSE_TO_INTERFERON_ALPHA				3			not evaluable
stcrc-SN84_A120838_Rep2	STCRC	GOBP_POSITIVE_REGULATION_OF_VASCULAR_ASSOCIATED_SMOOTH_MUSCLE_CELL_MIGRATION				3			not evaluable
stcrc-SN84_A120838_Rep2	STCRC	GOBP_NEGATIVE_REGULATION_OF_EXTRACELLULAR_MATRIX_ORGANIZATION				3			not evaluable
stcrc-SN84_A120838_Rep2	STCRC	GOBP_CELL_FATE_DETERMINATION				3			not evaluable
stcrc-SN84_A120838_Rep2	STCRC	GOBP_HYPERSENSITIVITY				3			not evaluable
stcrc-SN84_A120838_Rep2	STCRC	GOBP_NEGATIVE_REGULATION_OF_BLOOD_VESSEL_ENDOTHELIAL_CELL_PROLIFERATION_INVOLVED_IN_SPROUTING_ANGIOGENESIS				3			not evaluable
stcrc-SN84_A120838_Rep2	STCRC	GOBP_PHYSIOLOGICAL_CARDIAC_MUSCLE_HYPERTROPHY				3			not evaluable
stcrc-SN84_A120838_Rep2	STCRC	GOBP_INTEGRIN_MEDIATED_SIGNALING_PATHWAY				3			not evaluable
stcrc-SN84_A120838_Rep2	STCRC	GOBP_RESPONSE_TO_PROSTAGLANDIN_E				3			not evaluable
stcrc-SN84_A120838_Rep2	STCRC	GOBP_CELL_ADHESION_MOLECULE_PRODUCTION				3			not evaluable
stcrc-SN84_A120838_Rep2	STCRC	GOBP_POSITIVE_REGULATION_OF_RNA_SPLICING				3			not evaluable
stcrc-SN84_A120838_Rep2	STCRC	GOBP_DEFINITIVE_HEMOPOIESIS				3			not evaluable
stcrc-SN84_A120838_Rep2	STCRC	GOBP_PROTEIN_DEACETYLATION				3			not evaluable
stcrc-SN84_A120838_Rep2	STCRC	GOBP_CELL_JUNCTION_DISASSEMBLY				3			not evaluable
stcrc-SN84_A120838_Rep2	STCRC	GOBP_REGULATION_OF_SYNAPTIC_VESICLE_ENDOCYTOSIS				3			not evaluable
stcrc-SN84_A120838_Rep2	STCRC	GOBP_RESPONSE_TO_NITRIC_OXIDE				3			not evaluable
stcrc-SN84_A120838_Rep2	STCRC	GOBP_REGULATION_OF_CELL_GROWTH_INVOLVED_IN_CARDIAC_MUSCLE_CELL_DEVELOPMENT				3			not evaluable
stcrc-SN84_A120838_Rep2	STCRC	GOBP_INNERVATION				3			not evaluable
stcrc-SN84_A120838_Rep2	STCRC	GOBP_RESPONSE_TO_ETHER				3			not evaluable
stcrc-SN84_A120838_Rep2	STCRC	GOBP_RESCUE_OF_STALLED_RIBOSOME				3			not evaluable
stcrc-SN84_A120838_Rep2	STCRC	GOBP_NEGATIVE_REGULATION_OF_MUSCLE_HYPERTROPHY				3			not evaluable
stcrc-SN84_A120838_Rep2	STCRC	GOBP_NEURON_INTRINSIC_APOPTOTIC_SIGNALING_PATHWAY_IN_RESPONSE_TO_OXIDATIVE_STRESS				3			not evaluable
stcrc-SN84_A120838_Rep2	STCRC	GOBP_POSITIVE_REGULATION_OF_T_CELL_MIGRATION				3			not evaluable
stcrc-SN84_A120838_Rep2	STCRC	GOBP_POSITIVE_REGULATION_OF_LEUKOCYTE_ADHESION_TO_VASCULAR_ENDOTHELIAL_CELL				3			not evaluable
stcrc-SN84_A120838_Rep2	STCRC	CTRL_B_AXIS				3			not evaluable
stcrc-SN84_A120838_Rep2	STCRC	CTRL_MYC_V1				3			not evaluable
stcrc-SN84_A120838_Rep2	STCRC	CTRL_RANDOM_32				3			not evaluable
htan-6723_KL_4	HTAN	GOBP_REGULATION_OF_INTEGRIN_MEDIATED_SIGNALING_PATHWAY	0.000256	0.000177	0.4876	14	72.7	0.0491	
htan-6723_KL_4	HTAN	GOBP_COMPLEMENT_ACTIVATION_CLASSICAL_PATHWAY	0.004386	-0.000123	0.0647	14	45.7	0.3694	
htan-6723_KL_4	HTAN	GOBP_PEPTIDE_ANTIGEN_ASSEMBLY_WITH_MHC_PROTEIN_COMPLEX	0.004266	0.000633	0.2985	14	79.3	0.2569	
htan-6723_KL_4	HTAN	GOBP_NEGATIVE_REGULATION_OF_REACTIVE_OXYGEN_SPECIES_BIOSYNTHETIC_PROCESS	-0.001819	0.000544	0.6517	14	76.0	0.0806	
htan-6723_KL_4	HTAN	GOBP_MRNA_5_SPLICE_SITE_RECOGNITION	0.009334			14		0.0462	sigma unfit
htan-6723_KL_4	HTAN	GOBP_RESPONSE_TO_INTERFERON_ALPHA	-0.000212	-0.000896	0.4527	14	74.4	0.0961	
htan-6723_KL_4	HTAN	GOBP_POSITIVE_REGULATION_OF_VASCULAR_ASSOCIATED_SMOOTH_MUSCLE_CELL_MIGRATION	0.002198			14		0.0484	sigma unfit
htan-6723_KL_4	HTAN	GOBP_NEGATIVE_REGULATION_OF_EXTRACELLULAR_MATRIX_ORGANIZATION	-0.001917			14		0.0052	sigma unfit
htan-6723_KL_4	HTAN	GOBP_CELL_FATE_DETERMINATION	0.002752	-3e-06	0.2985	14	129.6	0.0226	
htan-6723_KL_4	HTAN	GOBP_HYPERSENSITIVITY	0.002664			14		0.2255	sigma unfit
htan-6723_KL_4	HTAN	GOBP_NEGATIVE_REGULATION_OF_BLOOD_VESSEL_ENDOTHELIAL_CELL_PROLIFERATION_INVOLVED_IN_SPROUTING_ANGIOGENESIS	-0.000654			14		-0.0014	sigma unfit
htan-6723_KL_4	HTAN	GOBP_PHYSIOLOGICAL_CARDIAC_MUSCLE_HYPERTROPHY	0.000703			14		0.0546	sigma unfit
htan-6723_KL_4	HTAN	GOBP_INTEGRIN_MEDIATED_SIGNALING_PATHWAY	-0.002096	0.000205	0.8209	14	78.0	0.1201	
htan-6723_KL_4	HTAN	GOBP_RESPONSE_TO_PROSTAGLANDIN_E	0.000702			14		0.113	sigma unfit
htan-6723_KL_4	HTAN	GOBP_CELL_ADHESION_MOLECULE_PRODUCTION	0.008583	0.000227	0.0299	14	74.5	0.0167	
htan-6723_KL_4	HTAN	GOBP_POSITIVE_REGULATION_OF_RNA_SPLICING	-0.000532	0.000433	0.5672	14	118.3	0.1627	
htan-6723_KL_4	HTAN	GOBP_DEFINITIVE_HEMOPOIESIS	0.001926	-0.000644	0.2935	14	72.3	0.0643	
htan-6723_KL_4	HTAN	GOBP_PROTEIN_DEACETYLATION	0.002865			14		0.1044	sigma unfit
htan-6723_KL_4	HTAN	GOBP_CELL_JUNCTION_DISASSEMBLY	-0.001012			14		0.0614	sigma unfit
htan-6723_KL_4	HTAN	GOBP_REGULATION_OF_SYNAPTIC_VESICLE_ENDOCYTOSIS	0.000873	0.000411	0.4627	14	112.6	0.1422	
htan-6723_KL_4	HTAN	GOBP_RESPONSE_TO_NITRIC_OXIDE	-0.005133	-0.000358	0.8109	14	116.6	0.1061	
htan-6723_KL_4	HTAN	GOBP_REGULATION_OF_CELL_GROWTH_INVOLVED_IN_CARDIAC_MUSCLE_CELL_DEVELOPMENT	0.002492			14		0.0598	sigma unfit
htan-6723_KL_4	HTAN	GOBP_INNERVATION	0.000579			14		0.0049	sigma unfit
htan-6723_KL_4	HTAN	GOBP_RESPONSE_TO_ETHER	-0.000186	0.000765	0.5622	14	121.6	0.0565	
htan-6723_KL_4	HTAN	GOBP_RESCUE_OF_STALLED_RIBOSOME	0.006413	0.000725	0.1493	14	111.2	0.1172	
htan-6723_KL_4	HTAN	GOBP_NEGATIVE_REGULATION_OF_MUSCLE_HYPERTROPHY	0.000747	1.6e-05	0.4229	14	40.8	0.0466	
htan-6723_KL_4	HTAN	GOBP_NEURON_INTRINSIC_APOPTOTIC_SIGNALING_PATHWAY_IN_RESPONSE_TO_OXIDATIVE_STRESS	0.004962	-0.000423	0.2637	14	117.2	0.137	
htan-6723_KL_4	HTAN	GOBP_POSITIVE_REGULATION_OF_T_CELL_MIGRATION	-0.005357	0.000279	0.8507	14	110.4	0.1724	
htan-6723_KL_4	HTAN	GOBP_POSITIVE_REGULATION_OF_LEUKOCYTE_ADHESION_TO_VASCULAR_ENDOTHELIAL_CELL	-0.001531			14		0.1069	sigma unfit
htan-6723_KL_4	HTAN	CTRL_B_AXIS	0.000478	-0.000187	0.3532	14	91.1	0.9535	
htan-6723_KL_4	HTAN	CTRL_MYC_V1	-0.002026	-0.000522	0.5672	14	178.2	0.1744	
htan-6723_KL_4	HTAN	CTRL_RANDOM_32	-0.001208			14		0.0342	sigma unfit
htan-8578_AS_4	HTAN	GOBP_REGULATION_OF_INTEGRIN_MEDIATED_SIGNALING_PATHWAY	-0.005602	0.000217	0.8259	12	112.4	0.1318	
htan-8578_AS_4	HTAN	GOBP_COMPLEMENT_ACTIVATION_CLASSICAL_PATHWAY	0.007846	0.000196	0.0995	12	135.5	0.3343	
htan-8578_AS_4	HTAN	GOBP_PEPTIDE_ANTIGEN_ASSEMBLY_WITH_MHC_PROTEIN_COMPLEX	0.015585	-0.00061	0.0547	12	42.4	0.5052	
htan-8578_AS_4	HTAN	GOBP_NEGATIVE_REGULATION_OF_REACTIVE_OXYGEN_SPECIES_BIOSYNTHETIC_PROCESS	0.009311			12		0.0205	sigma unfit
htan-8578_AS_4	HTAN	GOBP_MRNA_5_SPLICE_SITE_RECOGNITION	-0.001443			12		-0.0633	sigma unfit
htan-8578_AS_4	HTAN	GOBP_RESPONSE_TO_INTERFERON_ALPHA	-0.005829	-2e-05	0.8259	12	81.9	0.0361	
htan-8578_AS_4	HTAN	GOBP_POSITIVE_REGULATION_OF_VASCULAR_ASSOCIATED_SMOOTH_MUSCLE_CELL_MIGRATION	0.008269	0.000222	0.0547	12	81.6	0.0991	
htan-8578_AS_4	HTAN	GOBP_NEGATIVE_REGULATION_OF_EXTRACELLULAR_MATRIX_ORGANIZATION	0.002458	-0.00053	0.2836	12	127.2	0.1265	
htan-8578_AS_4	HTAN	GOBP_CELL_FATE_DETERMINATION	-0.002052			12		0.0349	sigma unfit
htan-8578_AS_4	HTAN	GOBP_HYPERSENSITIVITY	0.000144	-2.2e-05	0.4826	12	83.9	0.2486	
htan-8578_AS_4	HTAN	GOBP_NEGATIVE_REGULATION_OF_BLOOD_VESSEL_ENDOTHELIAL_CELL_PROLIFERATION_INVOLVED_IN_SPROUTING_ANGIOGENESIS	-0.000846			12		-0.0088	sigma unfit
htan-8578_AS_4	HTAN	GOBP_PHYSIOLOGICAL_CARDIAC_MUSCLE_HYPERTROPHY	-0.001585			12		-0.0614	sigma unfit
htan-8578_AS_4	HTAN	GOBP_INTEGRIN_MEDIATED_SIGNALING_PATHWAY	0.000838	0.000156	0.4229	12	123.7	0.1367	
htan-8578_AS_4	HTAN	GOBP_RESPONSE_TO_PROSTAGLANDIN_E	-0.001663	5.7e-05	0.7363	12	45.3	0.1122	
htan-8578_AS_4	HTAN	GOBP_CELL_ADHESION_MOLECULE_PRODUCTION	0.002831			12		-0.0889	sigma unfit
htan-8578_AS_4	HTAN	GOBP_POSITIVE_REGULATION_OF_RNA_SPLICING	-0.006426	0.000308	0.9353	12	45.6	-0.0107	
htan-8578_AS_4	HTAN	GOBP_DEFINITIVE_HEMOPOIESIS	-0.000828			12		0.113	sigma unfit
htan-8578_AS_4	HTAN	GOBP_PROTEIN_DEACETYLATION	-0.001539	0.000177	0.7413	12	46.1	0.0306	
htan-8578_AS_4	HTAN	GOBP_CELL_JUNCTION_DISASSEMBLY	0.006571	-0.000433	0.0299	12	73.7	0.2855	
htan-8578_AS_4	HTAN	GOBP_REGULATION_OF_SYNAPTIC_VESICLE_ENDOCYTOSIS	0.002572	0.000134	0.2189	12	40.9	-0.0748	
htan-8578_AS_4	HTAN	GOBP_RESPONSE_TO_NITRIC_OXIDE	0.004753			12		0.0304	sigma unfit
htan-8578_AS_4	HTAN	GOBP_REGULATION_OF_CELL_GROWTH_INVOLVED_IN_CARDIAC_MUSCLE_CELL_DEVELOPMENT	-0.001779			12		-0.0453	sigma unfit
htan-8578_AS_4	HTAN	GOBP_INNERVATION	-0.00087			12		-0.0205	sigma unfit
htan-8578_AS_4	HTAN	GOBP_RESPONSE_TO_ETHER	0.001658			12		-0.0632	sigma unfit
htan-8578_AS_4	HTAN	GOBP_RESCUE_OF_STALLED_RIBOSOME	0.002095			12		0.0361	sigma unfit
htan-8578_AS_4	HTAN	GOBP_NEGATIVE_REGULATION_OF_MUSCLE_HYPERTROPHY	0.001951	5e-06	0.3035	12	74.4	-0.0268	
htan-8578_AS_4	HTAN	GOBP_NEURON_INTRINSIC_APOPTOTIC_SIGNALING_PATHWAY_IN_RESPONSE_TO_OXIDATIVE_STRESS	-0.004847			12		-0.0043	sigma unfit
htan-8578_AS_4	HTAN	GOBP_POSITIVE_REGULATION_OF_T_CELL_MIGRATION	0.002699	-0.000176	0.1443	12	42.1	0.15	
htan-8578_AS_4	HTAN	GOBP_POSITIVE_REGULATION_OF_LEUKOCYTE_ADHESION_TO_VASCULAR_ENDOTHELIAL_CELL	0.001043			12		0.0861	sigma unfit
htan-8578_AS_4	HTAN	CTRL_B_AXIS	0.001286	0.000161	0.2289	12	47.7	0.9009	
htan-8578_AS_4	HTAN	CTRL_MYC_V1	0.003214	-0.000491	0.2587	12	75.2	-0.0988	
htan-8578_AS_4	HTAN	CTRL_RANDOM_32	-0.005428	1.2e-05	0.9303	12	40.9	0.017	
htan-7319_AS_2	HTAN	GOBP_REGULATION_OF_INTEGRIN_MEDIATED_SIGNALING_PATHWAY	-0.001241	0.000735	0.5821	9	74.7	0.026	
htan-7319_AS_2	HTAN	GOBP_COMPLEMENT_ACTIVATION_CLASSICAL_PATHWAY	0.005988	-0.00118	0.0746	9	77.4	0.4965	
htan-7319_AS_2	HTAN	GOBP_PEPTIDE_ANTIGEN_ASSEMBLY_WITH_MHC_PROTEIN_COMPLEX	-0.008493	0.000167	0.7065	9	81.6	0.2791	
htan-7319_AS_2	HTAN	GOBP_NEGATIVE_REGULATION_OF_REACTIVE_OXYGEN_SPECIES_BIOSYNTHETIC_PROCESS	0.014812			9		0.1251	sigma unfit
htan-7319_AS_2	HTAN	GOBP_MRNA_5_SPLICE_SITE_RECOGNITION	0.001228			9		0.1238	sigma unfit
htan-7319_AS_2	HTAN	GOBP_RESPONSE_TO_INTERFERON_ALPHA	0.00169	-0.000662	0.3582	9	42.8	0.1627	
htan-7319_AS_2	HTAN	GOBP_POSITIVE_REGULATION_OF_VASCULAR_ASSOCIATED_SMOOTH_MUSCLE_CELL_MIGRATION	0.002195	-0.000611	0.3184	9	43.2	0.1207	
htan-7319_AS_2	HTAN	GOBP_NEGATIVE_REGULATION_OF_EXTRACELLULAR_MATRIX_ORGANIZATION	0.011059	-0.00255	0.1343	9	75.3	0.0727	
htan-7319_AS_2	HTAN	GOBP_CELL_FATE_DETERMINATION	-0.0097	3.2e-05	0.9353	9	84.2	-0.0683	
htan-7319_AS_2	HTAN	GOBP_HYPERSENSITIVITY	0.004039	-0.000491	0.2139	9	43.8	0.204	
htan-7319_AS_2	HTAN	GOBP_NEGATIVE_REGULATION_OF_BLOOD_VESSEL_ENDOTHELIAL_CELL_PROLIFERATION_INVOLVED_IN_SPROUTING_ANGIOGENESIS	0.002517			9		-0.0182	sigma unfit
htan-7319_AS_2	HTAN	GOBP_PHYSIOLOGICAL_CARDIAC_MUSCLE_HYPERTROPHY	-0.003002			9		0.0209	sigma unfit
htan-7319_AS_2	HTAN	GOBP_INTEGRIN_MEDIATED_SIGNALING_PATHWAY	-0.000661	0.00032	0.607	9	83.4	0.0247	
htan-7319_AS_2	HTAN	GOBP_RESPONSE_TO_PROSTAGLANDIN_E	0.009423			9		0.1445	sigma unfit
htan-7319_AS_2	HTAN	GOBP_CELL_ADHESION_MOLECULE_PRODUCTION	-0.004538	-0.001328	0.6766	9	42.9	0.0352	
htan-7319_AS_2	HTAN	GOBP_POSITIVE_REGULATION_OF_RNA_SPLICING	0.002536	-0.000557	0.3085	9	44.3	0.2693	
htan-7319_AS_2	HTAN	GOBP_DEFINITIVE_HEMOPOIESIS	-0.004709			9		0.1066	sigma unfit
htan-7319_AS_2	HTAN	GOBP_PROTEIN_DEACETYLATION	0.002123			9		0.0081	sigma unfit
htan-7319_AS_2	HTAN	GOBP_CELL_JUNCTION_DISASSEMBLY	7e-06			9		0.1098	sigma unfit
htan-7319_AS_2	HTAN	GOBP_REGULATION_OF_SYNAPTIC_VESICLE_ENDOCYTOSIS	0.011596	-0.000991	0.1045	9	52.1	0.0817	
htan-7319_AS_2	HTAN	GOBP_RESPONSE_TO_NITRIC_OXIDE	-0.001598	0.000197	0.607	9	44.7	0.1466	
htan-7319_AS_2	HTAN	GOBP_REGULATION_OF_CELL_GROWTH_INVOLVED_IN_CARDIAC_MUSCLE_CELL_DEVELOPMENT	0.004362			9		0.0696	sigma unfit
htan-7319_AS_2	HTAN	GOBP_INNERVATION	-0.001433			9		-0.0178	sigma unfit
htan-7319_AS_2	HTAN	GOBP_RESPONSE_TO_ETHER	0.003482			9		0.0931	sigma unfit
htan-7319_AS_2	HTAN	GOBP_RESCUE_OF_STALLED_RIBOSOME	0.002037			9		0.1254	sigma unfit
htan-7319_AS_2	HTAN	GOBP_NEGATIVE_REGULATION_OF_MUSCLE_HYPERTROPHY	0.010147	0.000113	0.0249	9	41.9	0.0237	
htan-7319_AS_2	HTAN	GOBP_NEURON_INTRINSIC_APOPTOTIC_SIGNALING_PATHWAY_IN_RESPONSE_TO_OXIDATIVE_STRESS	0.005903			9		0.1008	sigma unfit
htan-7319_AS_2	HTAN	GOBP_POSITIVE_REGULATION_OF_T_CELL_MIGRATION	-0.010139	0.000274	0.9751	9	46.2	0.2376	
htan-7319_AS_2	HTAN	GOBP_POSITIVE_REGULATION_OF_LEUKOCYTE_ADHESION_TO_VASCULAR_ENDOTHELIAL_CELL	-0.000968			9		0.1145	sigma unfit
htan-7319_AS_2	HTAN	CTRL_B_AXIS	0.003328	-0.00022	0.0995	9	45.1	0.9392	
htan-7319_AS_2	HTAN	CTRL_MYC_V1	0.007163	-0.00075	0.1095	9	85.9	0.3574	
htan-7319_AS_2	HTAN	CTRL_RANDOM_32	-9.1e-05	-0.000326	0.4677	9	41.8	0.0407	
htan-8899_AS_5	HTAN	GOBP_REGULATION_OF_INTEGRIN_MEDIATED_SIGNALING_PATHWAY				5			not evaluable
htan-8899_AS_5	HTAN	GOBP_COMPLEMENT_ACTIVATION_CLASSICAL_PATHWAY				5			not evaluable
htan-8899_AS_5	HTAN	GOBP_PEPTIDE_ANTIGEN_ASSEMBLY_WITH_MHC_PROTEIN_COMPLEX				5			not evaluable
htan-8899_AS_5	HTAN	GOBP_NEGATIVE_REGULATION_OF_REACTIVE_OXYGEN_SPECIES_BIOSYNTHETIC_PROCESS				5			not evaluable
htan-8899_AS_5	HTAN	GOBP_MRNA_5_SPLICE_SITE_RECOGNITION				5			not evaluable
htan-8899_AS_5	HTAN	GOBP_RESPONSE_TO_INTERFERON_ALPHA				5			not evaluable
htan-8899_AS_5	HTAN	GOBP_POSITIVE_REGULATION_OF_VASCULAR_ASSOCIATED_SMOOTH_MUSCLE_CELL_MIGRATION				5			not evaluable
htan-8899_AS_5	HTAN	GOBP_NEGATIVE_REGULATION_OF_EXTRACELLULAR_MATRIX_ORGANIZATION				5			not evaluable
htan-8899_AS_5	HTAN	GOBP_CELL_FATE_DETERMINATION				5			not evaluable
htan-8899_AS_5	HTAN	GOBP_HYPERSENSITIVITY				5			not evaluable
htan-8899_AS_5	HTAN	GOBP_NEGATIVE_REGULATION_OF_BLOOD_VESSEL_ENDOTHELIAL_CELL_PROLIFERATION_INVOLVED_IN_SPROUTING_ANGIOGENESIS				5			not evaluable
htan-8899_AS_5	HTAN	GOBP_PHYSIOLOGICAL_CARDIAC_MUSCLE_HYPERTROPHY				5			not evaluable
htan-8899_AS_5	HTAN	GOBP_INTEGRIN_MEDIATED_SIGNALING_PATHWAY				5			not evaluable
htan-8899_AS_5	HTAN	GOBP_RESPONSE_TO_PROSTAGLANDIN_E				5			not evaluable
htan-8899_AS_5	HTAN	GOBP_CELL_ADHESION_MOLECULE_PRODUCTION				5			not evaluable
htan-8899_AS_5	HTAN	GOBP_POSITIVE_REGULATION_OF_RNA_SPLICING				5			not evaluable
htan-8899_AS_5	HTAN	GOBP_DEFINITIVE_HEMOPOIESIS				5			not evaluable
htan-8899_AS_5	HTAN	GOBP_PROTEIN_DEACETYLATION				5			not evaluable
htan-8899_AS_5	HTAN	GOBP_CELL_JUNCTION_DISASSEMBLY				5			not evaluable
htan-8899_AS_5	HTAN	GOBP_REGULATION_OF_SYNAPTIC_VESICLE_ENDOCYTOSIS				5			not evaluable
htan-8899_AS_5	HTAN	GOBP_RESPONSE_TO_NITRIC_OXIDE				5			not evaluable
htan-8899_AS_5	HTAN	GOBP_REGULATION_OF_CELL_GROWTH_INVOLVED_IN_CARDIAC_MUSCLE_CELL_DEVELOPMENT				5			not evaluable
htan-8899_AS_5	HTAN	GOBP_INNERVATION				5			not evaluable
htan-8899_AS_5	HTAN	GOBP_RESPONSE_TO_ETHER				5			not evaluable
htan-8899_AS_5	HTAN	GOBP_RESCUE_OF_STALLED_RIBOSOME				5			not evaluable
htan-8899_AS_5	HTAN	GOBP_NEGATIVE_REGULATION_OF_MUSCLE_HYPERTROPHY				5			not evaluable
htan-8899_AS_5	HTAN	GOBP_NEURON_INTRINSIC_APOPTOTIC_SIGNALING_PATHWAY_IN_RESPONSE_TO_OXIDATIVE_STRESS				5			not evaluable
htan-8899_AS_5	HTAN	GOBP_POSITIVE_REGULATION_OF_T_CELL_MIGRATION				5			not evaluable
htan-8899_AS_5	HTAN	GOBP_POSITIVE_REGULATION_OF_LEUKOCYTE_ADHESION_TO_VASCULAR_ENDOTHELIAL_CELL				5			not evaluable
htan-8899_AS_5	HTAN	CTRL_B_AXIS				5			not evaluable
htan-8899_AS_5	HTAN	CTRL_MYC_V1				5			not evaluable
htan-8899_AS_5	HTAN	CTRL_RANDOM_32				5			not evaluable
htan-8899_AS_6	HTAN	GOBP_REGULATION_OF_INTEGRIN_MEDIATED_SIGNALING_PATHWAY	-0.000538	-0.000326	0.5174	8	82.5	-0.1071	
htan-8899_AS_6	HTAN	GOBP_COMPLEMENT_ACTIVATION_CLASSICAL_PATHWAY	0.001742	0.000445	0.4229	8	154.9	0.4015	
htan-8899_AS_6	HTAN	GOBP_PEPTIDE_ANTIGEN_ASSEMBLY_WITH_MHC_PROTEIN_COMPLEX	0.005273	0.000512	0.2886	8	74.7	0.3315	
htan-8899_AS_6	HTAN	GOBP_NEGATIVE_REGULATION_OF_REACTIVE_OXYGEN_SPECIES_BIOSYNTHETIC_PROCESS	-0.00235	-0.000565	0.607	8	44.3	0.0204	
htan-8899_AS_6	HTAN	GOBP_MRNA_5_SPLICE_SITE_RECOGNITION	-0.002446			8		0.0279	sigma unfit
htan-8899_AS_6	HTAN	GOBP_RESPONSE_TO_INTERFERON_ALPHA	-0.003531	-0.000785	0.6965	8	83.7	0.1263	
htan-8899_AS_6	HTAN	GOBP_POSITIVE_REGULATION_OF_VASCULAR_ASSOCIATED_SMOOTH_MUSCLE_CELL_MIGRATION	0.002553	0.000136	0.3582	8	118.1	0.0655	
htan-8899_AS_6	HTAN	GOBP_NEGATIVE_REGULATION_OF_EXTRACELLULAR_MATRIX_ORGANIZATION	0.003682	0.00038	0.3582	8	114.6	-0.1104	
htan-8899_AS_6	HTAN	GOBP_CELL_FATE_DETERMINATION	0.003998	9e-05	0.1493	8	76.1	0.0493	
htan-8899_AS_6	HTAN	GOBP_HYPERSENSITIVITY	-0.002143	-0.000265	0.607	8	132.9	0.1935	
htan-8899_AS_6	HTAN	GOBP_NEGATIVE_REGULATION_OF_BLOOD_VESSEL_ENDOTHELIAL_CELL_PROLIFERATION_INVOLVED_IN_SPROUTING_ANGIOGENESIS	0.000147	-0.000582	0.4527	8	83.3	-0.0031	
htan-8899_AS_6	HTAN	GOBP_PHYSIOLOGICAL_CARDIAC_MUSCLE_HYPERTROPHY	0.003508	-0.000483	0.2488	8	78.0	0.0064	
htan-8899_AS_6	HTAN	GOBP_INTEGRIN_MEDIATED_SIGNALING_PATHWAY	0.00247	-0.00059	0.2239	8	87.5	-0.0674	
htan-8899_AS_6	HTAN	GOBP_RESPONSE_TO_PROSTAGLANDIN_E	0.002873			8		0.0605	sigma unfit
htan-8899_AS_6	HTAN	GOBP_CELL_ADHESION_MOLECULE_PRODUCTION	0.000262	-0.000578	0.4328	8	42.9	-0.1038	
htan-8899_AS_6	HTAN	GOBP_POSITIVE_REGULATION_OF_RNA_SPLICING	-0.008611	2.8e-05	0.8955	8	82.7	0.0904	
htan-8899_AS_6	HTAN	GOBP_DEFINITIVE_HEMOPOIESIS	-0.003722			8		0.1344	sigma unfit
htan-8899_AS_6	HTAN	GOBP_PROTEIN_DEACETYLATION	0.002905	9.3e-05	0.2786	8	74.0	0.0079	
htan-8899_AS_6	HTAN	GOBP_CELL_JUNCTION_DISASSEMBLY	0.005747	-0.000442	0.1741	8	117.5	0.0735	
htan-8899_AS_6	HTAN	GOBP_REGULATION_OF_SYNAPTIC_VESICLE_ENDOCYTOSIS	0.002817	0.000534	0.3433	8	42.1	-0.1224	
htan-8899_AS_6	HTAN	GOBP_RESPONSE_TO_NITRIC_OXIDE	-0.006466	0.000786	0.8706	8	77.1	-0.0868	
htan-8899_AS_6	HTAN	GOBP_REGULATION_OF_CELL_GROWTH_INVOLVED_IN_CARDIAC_MUSCLE_CELL_DEVELOPMENT	-0.000837	0.000348	0.5721	8	74.2	0.0204	
htan-8899_AS_6	HTAN	GOBP_INNERVATION	0.000332	0.000178	0.4826	8	85.6	-0.0542	
htan-8899_AS_6	HTAN	GOBP_RESPONSE_TO_ETHER	0.003011	-0.000113	0.3085	8	80.0	-0.0387	
htan-8899_AS_6	HTAN	GOBP_RESCUE_OF_STALLED_RIBOSOME	-0.003312	0.000312	0.7512	8	74.2	0.0686	
htan-8899_AS_6	HTAN	GOBP_NEGATIVE_REGULATION_OF_MUSCLE_HYPERTROPHY	0.002199	9.8e-05	0.3184	8	116.6	0.0191	
htan-8899_AS_6	HTAN	GOBP_NEURON_INTRINSIC_APOPTOTIC_SIGNALING_PATHWAY_IN_RESPONSE_TO_OXIDATIVE_STRESS	0.004234	0.000895	0.3582	8	73.4	-0.0445	
htan-8899_AS_6	HTAN	GOBP_POSITIVE_REGULATION_OF_T_CELL_MIGRATION	0.000901	0.000387	0.4527	8	41.1	0.1797	
htan-8899_AS_6	HTAN	GOBP_POSITIVE_REGULATION_OF_LEUKOCYTE_ADHESION_TO_VASCULAR_ENDOTHELIAL_CELL	0.006156			8		-0.0281	sigma unfit
htan-8899_AS_6	HTAN	CTRL_B_AXIS	-0.000656	-0.000363	0.5771	8	45.1	0.9588	
htan-8899_AS_6	HTAN	CTRL_MYC_V1	-0.006611	0.000277	0.7711	8	178.2	-0.0332	
htan-8899_AS_6	HTAN	CTRL_RANDOM_32	-0.001122	0.000241	0.6468	8	42.2	-0.0964	
htan-8270_AS_2	HTAN	GOBP_REGULATION_OF_INTEGRIN_MEDIATED_SIGNALING_PATHWAY				3			not evaluable
htan-8270_AS_2	HTAN	GOBP_COMPLEMENT_ACTIVATION_CLASSICAL_PATHWAY				3			not evaluable
htan-8270_AS_2	HTAN	GOBP_PEPTIDE_ANTIGEN_ASSEMBLY_WITH_MHC_PROTEIN_COMPLEX				3			not evaluable
htan-8270_AS_2	HTAN	GOBP_NEGATIVE_REGULATION_OF_REACTIVE_OXYGEN_SPECIES_BIOSYNTHETIC_PROCESS				3			not evaluable
htan-8270_AS_2	HTAN	GOBP_MRNA_5_SPLICE_SITE_RECOGNITION				3			not evaluable
htan-8270_AS_2	HTAN	GOBP_RESPONSE_TO_INTERFERON_ALPHA				3			not evaluable
htan-8270_AS_2	HTAN	GOBP_POSITIVE_REGULATION_OF_VASCULAR_ASSOCIATED_SMOOTH_MUSCLE_CELL_MIGRATION				3			not evaluable
htan-8270_AS_2	HTAN	GOBP_NEGATIVE_REGULATION_OF_EXTRACELLULAR_MATRIX_ORGANIZATION				3			not evaluable
htan-8270_AS_2	HTAN	GOBP_CELL_FATE_DETERMINATION				3			not evaluable
htan-8270_AS_2	HTAN	GOBP_HYPERSENSITIVITY				3			not evaluable
htan-8270_AS_2	HTAN	GOBP_NEGATIVE_REGULATION_OF_BLOOD_VESSEL_ENDOTHELIAL_CELL_PROLIFERATION_INVOLVED_IN_SPROUTING_ANGIOGENESIS				3			not evaluable
htan-8270_AS_2	HTAN	GOBP_PHYSIOLOGICAL_CARDIAC_MUSCLE_HYPERTROPHY				3			not evaluable
htan-8270_AS_2	HTAN	GOBP_INTEGRIN_MEDIATED_SIGNALING_PATHWAY				3			not evaluable
htan-8270_AS_2	HTAN	GOBP_RESPONSE_TO_PROSTAGLANDIN_E				3			not evaluable
htan-8270_AS_2	HTAN	GOBP_CELL_ADHESION_MOLECULE_PRODUCTION				3			not evaluable
htan-8270_AS_2	HTAN	GOBP_POSITIVE_REGULATION_OF_RNA_SPLICING				3			not evaluable
htan-8270_AS_2	HTAN	GOBP_DEFINITIVE_HEMOPOIESIS				3			not evaluable
htan-8270_AS_2	HTAN	GOBP_PROTEIN_DEACETYLATION				3			not evaluable
htan-8270_AS_2	HTAN	GOBP_CELL_JUNCTION_DISASSEMBLY				3			not evaluable
htan-8270_AS_2	HTAN	GOBP_REGULATION_OF_SYNAPTIC_VESICLE_ENDOCYTOSIS				3			not evaluable
htan-8270_AS_2	HTAN	GOBP_RESPONSE_TO_NITRIC_OXIDE				3			not evaluable
htan-8270_AS_2	HTAN	GOBP_REGULATION_OF_CELL_GROWTH_INVOLVED_IN_CARDIAC_MUSCLE_CELL_DEVELOPMENT				3			not evaluable
htan-8270_AS_2	HTAN	GOBP_INNERVATION				3			not evaluable
htan-8270_AS_2	HTAN	GOBP_RESPONSE_TO_ETHER				3			not evaluable
htan-8270_AS_2	HTAN	GOBP_RESCUE_OF_STALLED_RIBOSOME				3			not evaluable
htan-8270_AS_2	HTAN	GOBP_NEGATIVE_REGULATION_OF_MUSCLE_HYPERTROPHY				3			not evaluable
htan-8270_AS_2	HTAN	GOBP_NEURON_INTRINSIC_APOPTOTIC_SIGNALING_PATHWAY_IN_RESPONSE_TO_OXIDATIVE_STRESS				3			not evaluable
htan-8270_AS_2	HTAN	GOBP_POSITIVE_REGULATION_OF_T_CELL_MIGRATION				3			not evaluable
htan-8270_AS_2	HTAN	GOBP_POSITIVE_REGULATION_OF_LEUKOCYTE_ADHESION_TO_VASCULAR_ENDOTHELIAL_CELL				3			not evaluable
htan-8270_AS_2	HTAN	CTRL_B_AXIS				3			not evaluable
htan-8270_AS_2	HTAN	CTRL_MYC_V1				3			not evaluable
htan-8270_AS_2	HTAN	CTRL_RANDOM_32				3			not evaluable
htan-7003_AS_5	HTAN	GOBP_REGULATION_OF_INTEGRIN_MEDIATED_SIGNALING_PATHWAY	0.00586	-0.000628	0.2637	10	113.6	0.2079	
htan-7003_AS_5	HTAN	GOBP_COMPLEMENT_ACTIVATION_CLASSICAL_PATHWAY	0.005848	-0.000424	0.0945	10	85.3	0.5439	
htan-7003_AS_5	HTAN	GOBP_PEPTIDE_ANTIGEN_ASSEMBLY_WITH_MHC_PROTEIN_COMPLEX	0.007465	0.001375	0.2786	10	83.8	0.3331	
htan-7003_AS_5	HTAN	GOBP_NEGATIVE_REGULATION_OF_REACTIVE_OXYGEN_SPECIES_BIOSYNTHETIC_PROCESS	0.00012	-0.000123	0.4776	10	50.7	-0.1103	
htan-7003_AS_5	HTAN	GOBP_MRNA_5_SPLICE_SITE_RECOGNITION	0.002397			10		-0.0277	sigma unfit
htan-7003_AS_5	HTAN	GOBP_RESPONSE_TO_INTERFERON_ALPHA	0.000178	0.000325	0.5075	10	80.8	0.2405	
htan-7003_AS_5	HTAN	GOBP_POSITIVE_REGULATION_OF_VASCULAR_ASSOCIATED_SMOOTH_MUSCLE_CELL_MIGRATION	0.006654	-4.5e-05	0.0896	10	44.2	0.1623	
htan-7003_AS_5	HTAN	GOBP_NEGATIVE_REGULATION_OF_EXTRACELLULAR_MATRIX_ORGANIZATION	0.000759	0.00048	0.4776	10	49.4	0.0766	
htan-7003_AS_5	HTAN	GOBP_CELL_FATE_DETERMINATION	0.003133	-9.1e-05	0.1095	10	46.4	0.2271	
htan-7003_AS_5	HTAN	GOBP_HYPERSENSITIVITY	0.006358	0.000228	0.1144	10	79.3	0.5656	
htan-7003_AS_5	HTAN	GOBP_NEGATIVE_REGULATION_OF_BLOOD_VESSEL_ENDOTHELIAL_CELL_PROLIFERATION_INVOLVED_IN_SPROUTING_ANGIOGENESIS	-0.002142	-0.000149	0.7711	10	49.7	0.1046	
htan-7003_AS_5	HTAN	GOBP_PHYSIOLOGICAL_CARDIAC_MUSCLE_HYPERTROPHY	-0.002662	-8.1e-05	0.9353	10	44.2	0.0624	
htan-7003_AS_5	HTAN	GOBP_INTEGRIN_MEDIATED_SIGNALING_PATHWAY	0.004635	-0.000258	0.1493	10	113.6	0.2027	
htan-7003_AS_5	HTAN	GOBP_RESPONSE_TO_PROSTAGLANDIN_E	-0.000792	-0.000233	0.6119	10	42.1	0.0505	
htan-7003_AS_5	HTAN	GOBP_CELL_ADHESION_MOLECULE_PRODUCTION	0.003011			10		-0.0689	sigma unfit
htan-7003_AS_5	HTAN	GOBP_POSITIVE_REGULATION_OF_RNA_SPLICING	-0.003501	-1.3e-05	0.8607	10	49.1	-0.002	
htan-7003_AS_5	HTAN	GOBP_DEFINITIVE_HEMOPOIESIS	-0.001911			10		0.0304	sigma unfit
htan-7003_AS_5	HTAN	GOBP_PROTEIN_DEACETYLATION	0.000334	0.000372	0.5075	10	46.6	0.2269	
htan-7003_AS_5	HTAN	GOBP_CELL_JUNCTION_DISASSEMBLY	-2.3e-05	6.4e-05	0.5373	10	44.8	0.1261	
htan-7003_AS_5	HTAN	GOBP_REGULATION_OF_SYNAPTIC_VESICLE_ENDOCYTOSIS	-0.004292	0.000229	0.8607	10	43.4	-0.0825	
htan-7003_AS_5	HTAN	GOBP_RESPONSE_TO_NITRIC_OXIDE	-0.001443	-0.000702	0.5672	10	45.7	0.0725	
htan-7003_AS_5	HTAN	GOBP_REGULATION_OF_CELL_GROWTH_INVOLVED_IN_CARDIAC_MUSCLE_CELL_DEVELOPMENT	-0.002639	-0.000302	0.8706	10	43.5	0.044	
htan-7003_AS_5	HTAN	GOBP_INNERVATION	0.002424			10		0.0717	sigma unfit
htan-7003_AS_5	HTAN	GOBP_RESPONSE_TO_ETHER	-0.002022	-9.2e-05	0.6816	10	46.4	0.0393	
htan-7003_AS_5	HTAN	GOBP_RESCUE_OF_STALLED_RIBOSOME	0.001103	-0.00024	0.4129	10	77.4	0.0123	
htan-7003_AS_5	HTAN	GOBP_NEGATIVE_REGULATION_OF_MUSCLE_HYPERTROPHY	-0.001909	-8.3e-05	0.7512	10	42.8	0.1507	
htan-7003_AS_5	HTAN	GOBP_NEURON_INTRINSIC_APOPTOTIC_SIGNALING_PATHWAY_IN_RESPONSE_TO_OXIDATIVE_STRESS	0.006749	0.000218	0.0995	10	48.1	0.1677	
htan-7003_AS_5	HTAN	GOBP_POSITIVE_REGULATION_OF_T_CELL_MIGRATION	-0.001179	-4.5e-05	0.7264	10	45.5	0.082	
htan-7003_AS_5	HTAN	GOBP_POSITIVE_REGULATION_OF_LEUKOCYTE_ADHESION_TO_VASCULAR_ENDOTHELIAL_CELL	-0.002024			10		-0.0428	sigma unfit
htan-7003_AS_5	HTAN	CTRL_B_AXIS	0.000427	0.000216	0.4577	10	86.6	0.9562	
htan-7003_AS_5	HTAN	CTRL_MYC_V1	0.004124	0.00134	0.3632	10	85.9	-0.1532	
htan-7003_AS_5	HTAN	CTRL_RANDOM_32	-0.000415	-0.000319	0.5174	10	43.5	-0.0444	
htan-8899_AS_8	HTAN	GOBP_REGULATION_OF_INTEGRIN_MEDIATED_SIGNALING_PATHWAY	-0.000378	0.000745	0.5473	13	76.4	0.1443	
htan-8899_AS_8	HTAN	GOBP_COMPLEMENT_ACTIVATION_CLASSICAL_PATHWAY	0.005425	-0.000708	0.0846	13	42.7	0.5146	
htan-8899_AS_8	HTAN	GOBP_PEPTIDE_ANTIGEN_ASSEMBLY_WITH_MHC_PROTEIN_COMPLEX	0.001195	0.000272	0.4677	13	77.7	0.3831	
htan-8899_AS_8	HTAN	GOBP_NEGATIVE_REGULATION_OF_REACTIVE_OXYGEN_SPECIES_BIOSYNTHETIC_PROCESS	0.006777	0.000576	0.2438	13	76.4	0.2511	
htan-8899_AS_8	HTAN	GOBP_MRNA_5_SPLICE_SITE_RECOGNITION	0.001805			13		0.0932	sigma unfit
htan-8899_AS_8	HTAN	GOBP_RESPONSE_TO_INTERFERON_ALPHA	0.004647			13		0.2699	sigma unfit
htan-8899_AS_8	HTAN	GOBP_POSITIVE_REGULATION_OF_VASCULAR_ASSOCIATED_SMOOTH_MUSCLE_CELL_MIGRATION	-0.001127			13		0.1331	sigma unfit
htan-8899_AS_8	HTAN	GOBP_NEGATIVE_REGULATION_OF_EXTRACELLULAR_MATRIX_ORGANIZATION	0.002603	5e-05	0.3682	13	43.5	0.2049	
htan-8899_AS_8	HTAN	GOBP_CELL_FATE_DETERMINATION	0.005073	0.000291	0.0398	13	43.1	0.2691	
htan-8899_AS_8	HTAN	GOBP_HYPERSENSITIVITY	0.015195	-0.000778	0.01	13	42.7	0.4177	
htan-8899_AS_8	HTAN	GOBP_NEGATIVE_REGULATION_OF_BLOOD_VESSEL_ENDOTHELIAL_CELL_PROLIFERATION_INVOLVED_IN_SPROUTING_ANGIOGENESIS	0.0028	-0.00011	0.3682	13	43.4	0.2637	
htan-8899_AS_8	HTAN	GOBP_PHYSIOLOGICAL_CARDIAC_MUSCLE_HYPERTROPHY	-0.006696			13		0.0267	sigma unfit
htan-8899_AS_8	HTAN	GOBP_INTEGRIN_MEDIATED_SIGNALING_PATHWAY	0.004071	-0.000428	0.1542	13	116.0	0.2893	
htan-8899_AS_8	HTAN	GOBP_RESPONSE_TO_PROSTAGLANDIN_E	-0.005577	0.000517	0.8806	13	43.1	0.2961	
htan-8899_AS_8	HTAN	GOBP_CELL_ADHESION_MOLECULE_PRODUCTION	0.004358	0.000556	0.2985	13	42.1	0.107	
htan-8899_AS_8	HTAN	GOBP_POSITIVE_REGULATION_OF_RNA_SPLICING	-0.005654	0.000548	0.8209	13	75.0	0.2852	
htan-8899_AS_8	HTAN	GOBP_DEFINITIVE_HEMOPOIESIS	-0.005317			13		0.1994	sigma unfit
htan-8899_AS_8	HTAN	GOBP_PROTEIN_DEACETYLATION	-0.007001	2.9e-05	0.9751	13	40.7	0.0605	
htan-8899_AS_8	HTAN	GOBP_CELL_JUNCTION_DISASSEMBLY	-0.001006	-0.0003	0.6468	13	40.7	0.1156	
htan-8899_AS_8	HTAN	GOBP_REGULATION_OF_SYNAPTIC_VESICLE_ENDOCYTOSIS	0.013588	0.001473	0.1443	13	115.7	0.2403	
htan-8899_AS_8	HTAN	GOBP_RESPONSE_TO_NITRIC_OXIDE	0.006445			13		0.2397	sigma unfit
htan-8899_AS_8	HTAN	GOBP_REGULATION_OF_CELL_GROWTH_INVOLVED_IN_CARDIAC_MUSCLE_CELL_DEVELOPMENT	-0.005472			13		0.0513	sigma unfit
htan-8899_AS_8	HTAN	GOBP_INNERVATION	0.004173			13		0.059	sigma unfit
htan-8899_AS_8	HTAN	GOBP_RESPONSE_TO_ETHER	0.003646	-9e-05	0.2736	13	43.3	0.2123	
htan-8899_AS_8	HTAN	GOBP_RESCUE_OF_STALLED_RIBOSOME	0.006026			13		0.1911	sigma unfit
htan-8899_AS_8	HTAN	GOBP_NEGATIVE_REGULATION_OF_MUSCLE_HYPERTROPHY	-0.00289			13		0.1265	sigma unfit
htan-8899_AS_8	HTAN	GOBP_NEURON_INTRINSIC_APOPTOTIC_SIGNALING_PATHWAY_IN_RESPONSE_TO_OXIDATIVE_STRESS	0.01244	5.8e-05	0.0498	13	77.1	0.3415	
htan-8899_AS_8	HTAN	GOBP_POSITIVE_REGULATION_OF_T_CELL_MIGRATION	-0.002891	0.000445	0.7463	13	75.0	0.2735	
htan-8899_AS_8	HTAN	GOBP_POSITIVE_REGULATION_OF_LEUKOCYTE_ADHESION_TO_VASCULAR_ENDOTHELIAL_CELL	-0.000428	0.000559	0.5672	13	42.3	0.2447	
htan-8899_AS_8	HTAN	CTRL_B_AXIS	0.000588			13		0.9391	sigma unfit
htan-8899_AS_8	HTAN	CTRL_MYC_V1	-0.009208	-0.00118	0.7711	13	131.8	0.3746	
htan-8899_AS_8	HTAN	CTRL_RANDOM_32	-0.000543			13		0.1692	sigma unfit
cervilla-Visium-v1	Cervilla	GOBP_REGULATION_OF_INTEGRIN_MEDIATED_SIGNALING_PATHWAY	0.010162	-0.000195	0.0945	12	83.4	0.3888	
cervilla-Visium-v1	Cervilla	GOBP_COMPLEMENT_ACTIVATION_CLASSICAL_PATHWAY	0.008845	0.000424	0.0945	12	130.3	0.3954	
cervilla-Visium-v1	Cervilla	GOBP_PEPTIDE_ANTIGEN_ASSEMBLY_WITH_MHC_PROTEIN_COMPLEX	0.006631	-0.000969	0.1741	12	85.7	0.6221	
cervilla-Visium-v1	Cervilla	GOBP_NEGATIVE_REGULATION_OF_REACTIVE_OXYGEN_SPECIES_BIOSYNTHETIC_PROCESS	-0.006451	0.000317	0.9055	12	45.2	0.0318	
cervilla-Visium-v1	Cervilla	GOBP_MRNA_5_SPLICE_SITE_RECOGNITION	-0.006846	0.000613	0.806	12	40.6	-0.1171	
cervilla-Visium-v1	Cervilla	GOBP_RESPONSE_TO_INTERFERON_ALPHA	-0.009085	-0.000281	0.9403	12	80.6	0.2273	
cervilla-Visium-v1	Cervilla	GOBP_POSITIVE_REGULATION_OF_VASCULAR_ASSOCIATED_SMOOTH_MUSCLE_CELL_MIGRATION	0.001647	4e-06	0.3383	12	76.1	0.3173	
cervilla-Visium-v1	Cervilla	GOBP_NEGATIVE_REGULATION_OF_EXTRACELLULAR_MATRIX_ORGANIZATION	0.007614	-0.001045	0.1791	12	47.2	0.2623	
cervilla-Visium-v1	Cervilla	GOBP_CELL_FATE_DETERMINATION	0.00273	-0.000151	0.0746	12	43.7	0.3419	
cervilla-Visium-v1	Cervilla	GOBP_HYPERSENSITIVITY	0.006482	0.000727	0.1343	12	118.2	0.5328	
cervilla-Visium-v1	Cervilla	GOBP_NEGATIVE_REGULATION_OF_BLOOD_VESSEL_ENDOTHELIAL_CELL_PROLIFERATION_INVOLVED_IN_SPROUTING_ANGIOGENESIS	0.000325	0.000177	0.4925	12	86.6	0.2	
cervilla-Visium-v1	Cervilla	GOBP_PHYSIOLOGICAL_CARDIAC_MUSCLE_HYPERTROPHY	0.006984	-0.000371	0.0199	12	123.5	0.0989	
cervilla-Visium-v1	Cervilla	GOBP_INTEGRIN_MEDIATED_SIGNALING_PATHWAY	0.005864	-0.000106	0.0697	12	78.4	0.4198	
cervilla-Visium-v1	Cervilla	GOBP_RESPONSE_TO_PROSTAGLANDIN_E	0.00286			12		0.1468	sigma unfit
cervilla-Visium-v1	Cervilla	GOBP_CELL_ADHESION_MOLECULE_PRODUCTION	0.000337	-0.000485	0.4726	12	48.3	0.2235	
cervilla-Visium-v1	Cervilla	GOBP_POSITIVE_REGULATION_OF_RNA_SPLICING	0.004431	0.00039	0.1244	12	42.8	0.2274	
cervilla-Visium-v1	Cervilla	GOBP_DEFINITIVE_HEMOPOIESIS	-0.000391			12		0.0416	sigma unfit
cervilla-Visium-v1	Cervilla	GOBP_PROTEIN_DEACETYLATION	0.005202	-0.00035	0.1045	12	118.3	0.2659	
cervilla-Visium-v1	Cervilla	GOBP_CELL_JUNCTION_DISASSEMBLY	0.002787	-0.0002	0.204	12	78.8	0.3051	
cervilla-Visium-v1	Cervilla	GOBP_REGULATION_OF_SYNAPTIC_VESICLE_ENDOCYTOSIS	0.002881	0.000463	0.3184	12	47.9	0.2117	
cervilla-Visium-v1	Cervilla	GOBP_RESPONSE_TO_NITRIC_OXIDE	-0.000374	0.000205	0.5771	12	42.2	0.1429	
cervilla-Visium-v1	Cervilla	GOBP_REGULATION_OF_CELL_GROWTH_INVOLVED_IN_CARDIAC_MUSCLE_CELL_DEVELOPMENT	0.004025	-0.000591	0.0945	12	124.7	0.0562	
cervilla-Visium-v1	Cervilla	GOBP_INNERVATION	0.003857	-0.000324	0.0647	12	75.6	0.3187	
cervilla-Visium-v1	Cervilla	GOBP_RESPONSE_TO_ETHER	-0.004668	-0.000699	0.8259	12	76.9	0.1403	
cervilla-Visium-v1	Cervilla	GOBP_RESCUE_OF_STALLED_RIBOSOME	0.003768			12		0.1108	sigma unfit
cervilla-Visium-v1	Cervilla	GOBP_NEGATIVE_REGULATION_OF_MUSCLE_HYPERTROPHY	0.00261	-9.9e-05	0.3184	12	114.3	0.2506	
cervilla-Visium-v1	Cervilla	GOBP_NEURON_INTRINSIC_APOPTOTIC_SIGNALING_PATHWAY_IN_RESPONSE_TO_OXIDATIVE_STRESS	0.00031	0.00014	0.4925	12	78.4	0.3103	
cervilla-Visium-v1	Cervilla	GOBP_POSITIVE_REGULATION_OF_T_CELL_MIGRATION	0.001837	-0.000263	0.199	12	42.5	0.3175	
cervilla-Visium-v1	Cervilla	GOBP_POSITIVE_REGULATION_OF_LEUKOCYTE_ADHESION_TO_VASCULAR_ENDOTHELIAL_CELL	-0.000626	-0.000131	0.5473	12	75.6	0.1992	
cervilla-Visium-v1	Cervilla	CTRL_B_AXIS	0.001613	-0.000228	0.1692	12	91.6	0.9298	
cervilla-Visium-v1	Cervilla	CTRL_MYC_V1	-0.013073	0.000653	0.9154	12	130.7	-0.1835	
cervilla-Visium-v1	Cervilla	CTRL_RANDOM_32	-0.000343	0.000123	0.5274	12	73.7	-0.0973	
cervilla-CytAssist-v2	Cervilla	GOBP_REGULATION_OF_INTEGRIN_MEDIATED_SIGNALING_PATHWAY	0.019471	-0.000132	0.0448	14	90.8	0.2881	
cervilla-CytAssist-v2	Cervilla	GOBP_COMPLEMENT_ACTIVATION_CLASSICAL_PATHWAY	0.004586	0.000653	0.2139	14	125.8	0.3576	
cervilla-CytAssist-v2	Cervilla	GOBP_PEPTIDE_ANTIGEN_ASSEMBLY_WITH_MHC_PROTEIN_COMPLEX	-0.014205	-0.00264	0.8408	14	47.5	0.2016	
cervilla-CytAssist-v2	Cervilla	GOBP_NEGATIVE_REGULATION_OF_REACTIVE_OXYGEN_SPECIES_BIOSYNTHETIC_PROCESS	0.008429	0.000771	0.0448	14	43.6	0.2442	
cervilla-CytAssist-v2	Cervilla	GOBP_MRNA_5_SPLICE_SITE_RECOGNITION	0.004634			14		0.0198	sigma unfit
cervilla-CytAssist-v2	Cervilla	GOBP_RESPONSE_TO_INTERFERON_ALPHA	-0.00076	0.000738	0.6119	14	45.6	0.1106	
cervilla-CytAssist-v2	Cervilla	GOBP_POSITIVE_REGULATION_OF_VASCULAR_ASSOCIATED_SMOOTH_MUSCLE_CELL_MIGRATION	-0.006973	-0.00017	0.9602	14	43.3	0.1655	
cervilla-CytAssist-v2	Cervilla	GOBP_NEGATIVE_REGULATION_OF_EXTRACELLULAR_MATRIX_ORGANIZATION	0.006604	-0.000423	0.1493	14	78.1	0.1731	
cervilla-CytAssist-v2	Cervilla	GOBP_CELL_FATE_DETERMINATION	0.002782	0.000129	0.0995	14	48.3	0.1982	
cervilla-CytAssist-v2	Cervilla	GOBP_HYPERSENSITIVITY	0.002551	-0.00043	0.2239	14	117.4	0.3495	
cervilla-CytAssist-v2	Cervilla	GOBP_NEGATIVE_REGULATION_OF_BLOOD_VESSEL_ENDOTHELIAL_CELL_PROLIFERATION_INVOLVED_IN_SPROUTING_ANGIOGENESIS	-0.001876	-0.001279	0.5323	14	117.7	0.148	
cervilla-CytAssist-v2	Cervilla	GOBP_PHYSIOLOGICAL_CARDIAC_MUSCLE_HYPERTROPHY	0.005687	-0.000891	0.1194	14	136.6	0.1877	
cervilla-CytAssist-v2	Cervilla	GOBP_INTEGRIN_MEDIATED_SIGNALING_PATHWAY	0.006681	0.000397	0.0896	14	89.1	0.2062	
cervilla-CytAssist-v2	Cervilla	GOBP_RESPONSE_TO_PROSTAGLANDIN_E	0.00962	0.000342	0.01	14	45.6	0.2443	
cervilla-CytAssist-v2	Cervilla	GOBP_CELL_ADHESION_MOLECULE_PRODUCTION	-0.008496	-0.000297	0.806	14	82.7	-0.0342	
cervilla-CytAssist-v2	Cervilla	GOBP_POSITIVE_REGULATION_OF_RNA_SPLICING	0.004439	-1e-05	0.0448	14	42.1	0.1992	
cervilla-CytAssist-v2	Cervilla	GOBP_DEFINITIVE_HEMOPOIESIS	0.014674	0.000394	0.005	14	42.9	0.2762	
cervilla-CytAssist-v2	Cervilla	GOBP_PROTEIN_DEACETYLATION	0.007516	-0.000831	0.0299	14	117.5	0.2634	
cervilla-CytAssist-v2	Cervilla	GOBP_CELL_JUNCTION_DISASSEMBLY	0.00273	5.2e-05	0.2587	14	115.4	0.1872	
cervilla-CytAssist-v2	Cervilla	GOBP_REGULATION_OF_SYNAPTIC_VESICLE_ENDOCYTOSIS	0.002998	-2.9e-05	0.209	14	44.2	0.0147	
cervilla-CytAssist-v2	Cervilla	GOBP_RESPONSE_TO_NITRIC_OXIDE	0.009909	0.000128	0.0299	14	76.2	0.3194	
cervilla-CytAssist-v2	Cervilla	GOBP_REGULATION_OF_CELL_GROWTH_INVOLVED_IN_CARDIAC_MUSCLE_CELL_DEVELOPMENT	0.002414	0.000115	0.2637	14	133.5	0.1007	
cervilla-CytAssist-v2	Cervilla	GOBP_INNERVATION	0.005081	-0.00035	0.0846	14	84.8	0.1597	
cervilla-CytAssist-v2	Cervilla	GOBP_RESPONSE_TO_ETHER	0.009995	0.000413	0.0199	14	44.3	0.0911	
cervilla-CytAssist-v2	Cervilla	GOBP_RESCUE_OF_STALLED_RIBOSOME	0.004362			14		0.0742	sigma unfit
cervilla-CytAssist-v2	Cervilla	GOBP_NEGATIVE_REGULATION_OF_MUSCLE_HYPERTROPHY	0.00124	0.000466	0.4378	14	122.3	0.2034	
cervilla-CytAssist-v2	Cervilla	GOBP_NEURON_INTRINSIC_APOPTOTIC_SIGNALING_PATHWAY_IN_RESPONSE_TO_OXIDATIVE_STRESS	0.005801	-0.000618	0.1443	14	75.4	0.2765	
cervilla-CytAssist-v2	Cervilla	GOBP_POSITIVE_REGULATION_OF_T_CELL_MIGRATION	0.003759	0.000274	0.1741	14	74.4	0.2484	
cervilla-CytAssist-v2	Cervilla	GOBP_POSITIVE_REGULATION_OF_LEUKOCYTE_ADHESION_TO_VASCULAR_ENDOTHELIAL_CELL	1e-06	-0.00018	0.4876	14	87.1	0.2098	
cervilla-CytAssist-v2	Cervilla	CTRL_B_AXIS	0.002269	-6.4e-05	0.1095	14	90.3	0.8309	
cervilla-CytAssist-v2	Cervilla	CTRL_MYC_V1	0.004192	-0.000448	0.3333	14	120.7	-0.2916	
cervilla-CytAssist-v2	Cervilla	CTRL_RANDOM_32	-0.007226	0.000269	0.9652	14	83.4	-0.2974	
parent-CRC-Visium	Parent	GOBP_REGULATION_OF_INTEGRIN_MEDIATED_SIGNALING_PATHWAY	0.016821	0.000479	0.01	14	45.2	0.289	
parent-CRC-Visium	Parent	GOBP_COMPLEMENT_ACTIVATION_CLASSICAL_PATHWAY	0.025813	-0.000102	0.005	14	114.5	0.75	
parent-CRC-Visium	Parent	GOBP_PEPTIDE_ANTIGEN_ASSEMBLY_WITH_MHC_PROTEIN_COMPLEX	0.003804	0.000614	0.3881	14	82.7	0.4939	
parent-CRC-Visium	Parent	GOBP_NEGATIVE_REGULATION_OF_REACTIVE_OXYGEN_SPECIES_BIOSYNTHETIC_PROCESS	-0.001935	0.000254	0.5771	14	73.3	-0.0265	
parent-CRC-Visium	Parent	GOBP_MRNA_5_SPLICE_SITE_RECOGNITION	-0.009981			14		-0.0804	sigma unfit
parent-CRC-Visium	Parent	GOBP_RESPONSE_TO_INTERFERON_ALPHA	0.007187	0.000142	0.2488	14	74.6	0.1194	
parent-CRC-Visium	Parent	GOBP_POSITIVE_REGULATION_OF_VASCULAR_ASSOCIATED_SMOOTH_MUSCLE_CELL_MIGRATION	0.00953			14		0.0641	sigma unfit
parent-CRC-Visium	Parent	GOBP_NEGATIVE_REGULATION_OF_EXTRACELLULAR_MATRIX_ORGANIZATION	0.004461	-0.000222	0.2985	14	40.8	0.2715	
parent-CRC-Visium	Parent	GOBP_CELL_FATE_DETERMINATION	0.000152			14		-0.068	sigma unfit
parent-CRC-Visium	Parent	GOBP_HYPERSENSITIVITY	0.018561	-0.000142	0.01	14	76.7	0.6543	
parent-CRC-Visium	Parent	GOBP_NEGATIVE_REGULATION_OF_BLOOD_VESSEL_ENDOTHELIAL_CELL_PROLIFERATION_INVOLVED_IN_SPROUTING_ANGIOGENESIS	0.019124	-0.000415	0.01	14	40.8	0.2471	
parent-CRC-Visium	Parent	GOBP_PHYSIOLOGICAL_CARDIAC_MUSCLE_HYPERTROPHY	-0.003066			14		0.1241	sigma unfit
parent-CRC-Visium	Parent	GOBP_INTEGRIN_MEDIATED_SIGNALING_PATHWAY	0.002504	-0.00044	0.2488	14	77.6	0.348	
parent-CRC-Visium	Parent	GOBP_RESPONSE_TO_PROSTAGLANDIN_E	-0.005292			14		0.0866	sigma unfit
parent-CRC-Visium	Parent	GOBP_CELL_ADHESION_MOLECULE_PRODUCTION	0.004335			14		-0.0312	sigma unfit
parent-CRC-Visium	Parent	GOBP_POSITIVE_REGULATION_OF_RNA_SPLICING	-0.000936	-0.000829	0.5124	14	79.3	-0.2066	
parent-CRC-Visium	Parent	GOBP_DEFINITIVE_HEMOPOIESIS	-0.002684			14		-0.0538	sigma unfit
parent-CRC-Visium	Parent	GOBP_PROTEIN_DEACETYLATION	0.007721			14		0.2088	sigma unfit
parent-CRC-Visium	Parent	GOBP_CELL_JUNCTION_DISASSEMBLY	0.010115	-0.000971	0.0299	14	47.8	0.4422	
parent-CRC-Visium	Parent	GOBP_REGULATION_OF_SYNAPTIC_VESICLE_ENDOCYTOSIS	0.001976	0.000159	0.408	14	73.7	-0.0674	
parent-CRC-Visium	Parent	GOBP_RESPONSE_TO_NITRIC_OXIDE	0.001638	-0.000177	0.4129	14	78.3	-0.1503	
parent-CRC-Visium	Parent	GOBP_REGULATION_OF_CELL_GROWTH_INVOLVED_IN_CARDIAC_MUSCLE_CELL_DEVELOPMENT	-0.001613			14		0.1086	sigma unfit
parent-CRC-Visium	Parent	GOBP_INNERVATION	0.004501	-0.000314	0.0547	14	43.2	0.2309	
parent-CRC-Visium	Parent	GOBP_RESPONSE_TO_ETHER	0.004388			14		-0.0679	sigma unfit
parent-CRC-Visium	Parent	GOBP_RESCUE_OF_STALLED_RIBOSOME	-0.0074			14		-0.0138	sigma unfit
parent-CRC-Visium	Parent	GOBP_NEGATIVE_REGULATION_OF_MUSCLE_HYPERTROPHY	0.0016			14		0.1525	sigma unfit
parent-CRC-Visium	Parent	GOBP_NEURON_INTRINSIC_APOPTOTIC_SIGNALING_PATHWAY_IN_RESPONSE_TO_OXIDATIVE_STRESS	-0.007407	0.00053	0.8209	14	77.0	-0.0075	
parent-CRC-Visium	Parent	GOBP_POSITIVE_REGULATION_OF_T_CELL_MIGRATION	-0.002151	-0.000676	0.6318	14	44.8	0.065	
parent-CRC-Visium	Parent	GOBP_POSITIVE_REGULATION_OF_LEUKOCYTE_ADHESION_TO_VASCULAR_ENDOTHELIAL_CELL	-0.005916	0.000322	0.8159	14	42.5	0.064	
parent-CRC-Visium	Parent	CTRL_B_AXIS	-0.003			14		0.9569	sigma unfit
parent-CRC-Visium	Parent	CTRL_MYC_V1	-0.016752	0.000676	0.9104	14	141.4	-0.3421	
parent-CRC-Visium	Parent	CTRL_RANDOM_32	-0.007547			14		-0.0988	sigma unfit
cytassist-CRC-11mm	Parent	GOBP_REGULATION_OF_INTEGRIN_MEDIATED_SIGNALING_PATHWAY	0.000313	-0.001407	0.4129	31	126.4	0.5219	
cytassist-CRC-11mm	Parent	GOBP_COMPLEMENT_ACTIVATION_CLASSICAL_PATHWAY	0.006153	0.001004	0.199	31	115.8	0.7923	
cytassist-CRC-11mm	Parent	GOBP_PEPTIDE_ANTIGEN_ASSEMBLY_WITH_MHC_PROTEIN_COMPLEX	0.009816	2.8e-05	0.2935	31	121.6	0.3688	
cytassist-CRC-11mm	Parent	GOBP_NEGATIVE_REGULATION_OF_REACTIVE_OXYGEN_SPECIES_BIOSYNTHETIC_PROCESS	-0.000479	0.000204	0.5871	31	74.4	0.2784	
cytassist-CRC-11mm	Parent	GOBP_MRNA_5_SPLICE_SITE_RECOGNITION	-0.000686	-0.000346	0.5174	31	117.4	-0.2989	
cytassist-CRC-11mm	Parent	GOBP_RESPONSE_TO_INTERFERON_ALPHA	0.003276	-0.000268	0.2139	31	75.5	0.3905	
cytassist-CRC-11mm	Parent	GOBP_POSITIVE_REGULATION_OF_VASCULAR_ASSOCIATED_SMOOTH_MUSCLE_CELL_MIGRATION	0.001544	-0.000244	0.3483	31	113.5	0.0498	
cytassist-CRC-11mm	Parent	GOBP_NEGATIVE_REGULATION_OF_EXTRACELLULAR_MATRIX_ORGANIZATION	-0.011427	0.0002	0.8706	31	124.7	0.5406	
cytassist-CRC-11mm	Parent	GOBP_CELL_FATE_DETERMINATION	0.00476	-0.000185	0.01	31	84.4	0.1887	
cytassist-CRC-11mm	Parent	GOBP_HYPERSENSITIVITY	-0.000976	-0.001057	0.4776	31	84.3	0.7197	
cytassist-CRC-11mm	Parent	GOBP_NEGATIVE_REGULATION_OF_BLOOD_VESSEL_ENDOTHELIAL_CELL_PROLIFERATION_INVOLVED_IN_SPROUTING_ANGIOGENESIS	0.001558	-0.001689	0.3483	31	119.2	0.5475	
cytassist-CRC-11mm	Parent	GOBP_PHYSIOLOGICAL_CARDIAC_MUSCLE_HYPERTROPHY	-0.004567	-0.000239	0.8607	31	142.2	0.2207	
cytassist-CRC-11mm	Parent	GOBP_INTEGRIN_MEDIATED_SIGNALING_PATHWAY	-0.004281	-7.8e-05	0.806	31	122.9	0.5833	
cytassist-CRC-11mm	Parent	GOBP_RESPONSE_TO_PROSTAGLANDIN_E	0.004648	0.00031	0.0547	31	113.1	0.1629	
cytassist-CRC-11mm	Parent	GOBP_CELL_ADHESION_MOLECULE_PRODUCTION	-0.000635	-0.000358	0.5075	31	122.7	-0.1783	
cytassist-CRC-11mm	Parent	GOBP_POSITIVE_REGULATION_OF_RNA_SPLICING	0.008155	0.000245	0.005	31	120.6	-0.1609	
cytassist-CRC-11mm	Parent	GOBP_DEFINITIVE_HEMOPOIESIS	0.012508	-0.000923	0.0249	31	119.9	-0.2254	
cytassist-CRC-11mm	Parent	GOBP_PROTEIN_DEACETYLATION	0.000291	0.000239	0.4925	31	76.1	0.3134	
cytassist-CRC-11mm	Parent	GOBP_CELL_JUNCTION_DISASSEMBLY	-0.002465	-0.000389	0.7114	31	115.5	0.5635	
cytassist-CRC-11mm	Parent	GOBP_REGULATION_OF_SYNAPTIC_VESICLE_ENDOCYTOSIS	0.00265	1.5e-05	0.1741	31	74.8	0.2568	
cytassist-CRC-11mm	Parent	GOBP_RESPONSE_TO_NITRIC_OXIDE	0.001975	0.00033	0.3483	31	120.0	-0.1964	
cytassist-CRC-11mm	Parent	GOBP_REGULATION_OF_CELL_GROWTH_INVOLVED_IN_CARDIAC_MUSCLE_CELL_DEVELOPMENT	-0.001614	-0.000869	0.5821	31	130.7	0.1709	
cytassist-CRC-11mm	Parent	GOBP_INNERVATION	-0.002569	0.000252	0.791	31	118.6	0.5724	
cytassist-CRC-11mm	Parent	GOBP_RESPONSE_TO_ETHER	0.011383	6.4e-05	0.0448	31	138.6	-0.01	
cytassist-CRC-11mm	Parent	GOBP_RESCUE_OF_STALLED_RIBOSOME	0.004896	-6.8e-05	0.0796	31	116.0	-0.1349	
cytassist-CRC-11mm	Parent	GOBP_NEGATIVE_REGULATION_OF_MUSCLE_HYPERTROPHY	-0.004706	-0.000485	0.8806	31	114.1	0.0293	
cytassist-CRC-11mm	Parent	GOBP_NEURON_INTRINSIC_APOPTOTIC_SIGNALING_PATHWAY_IN_RESPONSE_TO_OXIDATIVE_STRESS	0.006067	0.000621	0.0697	31	77.6	0.5596	
cytassist-CRC-11mm	Parent	GOBP_POSITIVE_REGULATION_OF_T_CELL_MIGRATION	0.001237	-0.000236	0.3284	31	80.2	0.4616	
cytassist-CRC-11mm	Parent	GOBP_POSITIVE_REGULATION_OF_LEUKOCYTE_ADHESION_TO_VASCULAR_ENDOTHELIAL_CELL	-0.001154	0.000447	0.7413	31	112.9	-0.1902	
cytassist-CRC-11mm	Parent	CTRL_B_AXIS	-0.000913	0.00011	0.7313	31	77.0	0.9543	
cytassist-CRC-11mm	Parent	CTRL_MYC_V1	0.014901	0.002581	0.1542	31	151.3	-0.4685	
cytassist-CRC-11mm	Parent	CTRL_RANDOM_32	0.002546	0.000259	0.2587	31	124.5	-0.4779	
hd-colon-16um	VisiumHD	GOBP_REGULATION_OF_INTEGRIN_MEDIATED_SIGNALING_PATHWAY				0			not evaluable
hd-colon-16um	VisiumHD	GOBP_COMPLEMENT_ACTIVATION_CLASSICAL_PATHWAY				0			not evaluable
hd-colon-16um	VisiumHD	GOBP_PEPTIDE_ANTIGEN_ASSEMBLY_WITH_MHC_PROTEIN_COMPLEX				0			not evaluable
hd-colon-16um	VisiumHD	GOBP_NEGATIVE_REGULATION_OF_REACTIVE_OXYGEN_SPECIES_BIOSYNTHETIC_PROCESS				0			not evaluable
hd-colon-16um	VisiumHD	GOBP_MRNA_5_SPLICE_SITE_RECOGNITION				0			not evaluable
hd-colon-16um	VisiumHD	GOBP_RESPONSE_TO_INTERFERON_ALPHA				0			not evaluable
hd-colon-16um	VisiumHD	GOBP_POSITIVE_REGULATION_OF_VASCULAR_ASSOCIATED_SMOOTH_MUSCLE_CELL_MIGRATION				0			not evaluable
hd-colon-16um	VisiumHD	GOBP_NEGATIVE_REGULATION_OF_EXTRACELLULAR_MATRIX_ORGANIZATION				0			not evaluable
hd-colon-16um	VisiumHD	GOBP_CELL_FATE_DETERMINATION				0			not evaluable
hd-colon-16um	VisiumHD	GOBP_HYPERSENSITIVITY				0			not evaluable
hd-colon-16um	VisiumHD	GOBP_NEGATIVE_REGULATION_OF_BLOOD_VESSEL_ENDOTHELIAL_CELL_PROLIFERATION_INVOLVED_IN_SPROUTING_ANGIOGENESIS				0			not evaluable
hd-colon-16um	VisiumHD	GOBP_PHYSIOLOGICAL_CARDIAC_MUSCLE_HYPERTROPHY				0			not evaluable
hd-colon-16um	VisiumHD	GOBP_INTEGRIN_MEDIATED_SIGNALING_PATHWAY				0			not evaluable
hd-colon-16um	VisiumHD	GOBP_RESPONSE_TO_PROSTAGLANDIN_E				0			not evaluable
hd-colon-16um	VisiumHD	GOBP_CELL_ADHESION_MOLECULE_PRODUCTION				0			not evaluable
hd-colon-16um	VisiumHD	GOBP_POSITIVE_REGULATION_OF_RNA_SPLICING				0			not evaluable
hd-colon-16um	VisiumHD	GOBP_DEFINITIVE_HEMOPOIESIS				0			not evaluable
hd-colon-16um	VisiumHD	GOBP_PROTEIN_DEACETYLATION				0			not evaluable
hd-colon-16um	VisiumHD	GOBP_CELL_JUNCTION_DISASSEMBLY				0			not evaluable
hd-colon-16um	VisiumHD	GOBP_REGULATION_OF_SYNAPTIC_VESICLE_ENDOCYTOSIS				0			not evaluable
hd-colon-16um	VisiumHD	GOBP_RESPONSE_TO_NITRIC_OXIDE				0			not evaluable
hd-colon-16um	VisiumHD	GOBP_REGULATION_OF_CELL_GROWTH_INVOLVED_IN_CARDIAC_MUSCLE_CELL_DEVELOPMENT				0			not evaluable
hd-colon-16um	VisiumHD	GOBP_INNERVATION				0			not evaluable
hd-colon-16um	VisiumHD	GOBP_RESPONSE_TO_ETHER				0			not evaluable
hd-colon-16um	VisiumHD	GOBP_RESCUE_OF_STALLED_RIBOSOME				0			not evaluable
hd-colon-16um	VisiumHD	GOBP_NEGATIVE_REGULATION_OF_MUSCLE_HYPERTROPHY				0			not evaluable
hd-colon-16um	VisiumHD	GOBP_NEURON_INTRINSIC_APOPTOTIC_SIGNALING_PATHWAY_IN_RESPONSE_TO_OXIDATIVE_STRESS				0			not evaluable
hd-colon-16um	VisiumHD	GOBP_POSITIVE_REGULATION_OF_T_CELL_MIGRATION				0			not evaluable
hd-colon-16um	VisiumHD	GOBP_POSITIVE_REGULATION_OF_LEUKOCYTE_ADHESION_TO_VASCULAR_ENDOTHELIAL_CELL				0			not evaluable
hd-colon-16um	VisiumHD	CTRL_B_AXIS				0			not evaluable
hd-colon-16um	VisiumHD	CTRL_MYC_V1				0			not evaluable
hd-colon-16um	VisiumHD	CTRL_RANDOM_32				0			not evaluable
