program_id	n_sections	raw_pos_frac	raw_median	own_pos_frac	own_median	local_pos_frac	local_median	median_k_used	raw_size	covered_size	depth
GOBP_3_UTR_MEDIATED_MRNA_STABILIZATION	53	0.629	0.001857	0.486	-0.000192	0.486	-0.000395	24	29	10	6
GOBP_ACETYL_COA_BIOSYNTHETIC_PROCESS	53	0.371	-0.003004	0.4	-0.000902	0.543	0.00064	21	21	9	6
GOBP_ACID_SECRETION	53	0.343	-0.000219	0.4	-0.000279	0.514	2.5e-05	40	42	26	5
GOBP_ACROSOME_ASSEMBLY	53	0.4	-4e-05	0.371	-0.000258	0.343	-0.000355	35	38	16	3
GOBP_ACROSOME_REACTION	53	0.343	-0.000341	0.371	-0.000291	0.4	-0.000324	41	43	20	2
GOBP_ACTIN_FILAMENT_DEPOLYMERIZATION	53	0.514	6.6e-05	0.429	-0.000128	0.429	-0.000304	59	60	33	6
GOBP_ACTIN_FILAMENT_POLYMERIZATION	53	0.629	0.0006	0.629	0.000594	0.429	-0.000282	153	157	70	6
GOBP_ACTIVATED_T_CELL_PROLIFERATION	53	0.743	0.001227	0.543	0.000558	0.343	-0.000279	47	51	29	6
GOBP_ACTIVATION_OF_GTPASE_ACTIVITY	53	0.571	0.00042	0.6	0.000714	0.657	0.001202	24	24	9	7
GOBP_ACTIVATION_OF_PROTEIN_KINASE_ACTIVITY	53	0.571	0.00104	0.571	0.000622	0.457	-0.000408	41	41	22	7
GOBP_ACUTE_PHASE_RESPONSE	53	0.486	-0.000136	0.429	-0.000934	0.457	-0.00037	46	47	33	6
GOBP_ACYLGLYCEROL_HOMEOSTASIS	53	0.543	0.00051	0.429	-0.000627	0.286	-0.00123	44	48	22	4
GOBP_ADAPTIVE_THERMOGENESIS	53	0.429	-0.000313	0.429	-0.000424	0.371	-0.000156	167	169	87	4
GOBP_ADENYLATE_CYCLASE_ACTIVATING_ADRENERGIC_RECEPTOR_SIGNALING_PATHWAY	53	0.686	0.00187	0.629	0.001401	0.4	-0.001566	20	20	10	5
GOBP_ADENYLATE_CYCLASE_INHIBITING_G_PROTEIN_COUPLED_RECEPTOR_SIGNALING_PATHWAY	53	0.686	0.001144	0.714	0.001222	0.514	0.000154	84	87	58	5
GOBP_ADHERENS_JUNCTION_ORGANIZATION	53	0.514	0.000133	0.571	0.001243	0.657	0.000812	58	59	39	6
GOBP_ADIPOSE_TISSUE_DEVELOPMENT	53	0.314	-0.001349	0.314	-0.001199	0.343	-0.00093	69	70	33	5
GOBP_ADRENAL_GLAND_DEVELOPMENT	53	0.371	-0.000857	0.371	-0.000626	0.457	-0.000735	27	27	17	5
GOBP_ADULT_LOCOMOTORY_BEHAVIOR	53	0.486	-0.000326	0.371	-0.000363	0.371	-0.000616	85	85	44	4
GOBP_ALCOHOL_CATABOLIC_PROCESS	53	0.514	1.2e-05	0.514	1.6e-05	0.4	-0.000429	36	38	21	5
GOBP_ALDEHYDE_METABOLIC_PROCESS	53	0.4	-0.000438	0.457	-6.8e-05	0.371	-0.000353	74	76	43	3
GOBP_ALDITOL_METABOLIC_PROCESS	53	0.4	0.0	0.429	-7.7e-05	0.543	0.000136	22	22	10	
GOBP_ALPHA_AMINO_ACID_METABOLIC_PROCESS	53	0.257	-0.001017	0.257	-0.00067	0.371	-0.000674	195	201	101	
GOBP_AMIDE_BIOSYNTHETIC_PROCESS	53	0.314	-0.000831	0.257	-0.000641	0.343	-0.000286	171	176	90	
GOBP_AMIDE_METABOLIC_PROCESS	53	0.257	-0.001291	0.171	-0.001339	0.2	-0.001187	460	493	254	
GOBP_AMIDE_TRANSPORT	53	0.457	-0.000148	0.4	-0.000245	0.486	-9e-06	334	338	196	
GOBP_AMINE_BIOSYNTHETIC_PROCESS	53	0.314	-0.001907	0.343	-0.001169	0.429	-0.000705	41	42	27	4
GOBP_AMINE_CATABOLIC_PROCESS	53	0.429	-0.000618	0.4	-0.001365	0.486	-0.000185	18	22	10	4
GOBP_AMINE_TRANSPORT	53	0.429	-0.000241	0.314	-0.000331	0.371	-0.000555	89	90	56	5
GOBP_AMINO_ACID_ACTIVATION	53	0.429	-0.000314	0.429	-0.000239	0.457	-0.000247	26	45	10	5
GOBP_AMINO_ACID_BIOSYNTHETIC_PROCESS	53	0.286	-0.001818	0.286	-0.001588	0.343	-0.000438	66	68	34	4
GOBP_AMINO_ACID_IMPORT_ACROSS_PLASMA_MEMBRANE	53	0.4	-0.000316	0.429	-0.000343	0.429	-0.00044	52	52	32	4
GOBP_AMINO_SUGAR_METABOLIC_PROCESS	53	0.314	-0.001413	0.2	-0.001611	0.286	-0.00123	43	43	25	4
GOBP_AMMONIUM_ION_METABOLIC_PROCESS	53	0.314	-0.001195	0.4	-0.001011	0.514	0.000528	23	25	15	
GOBP_AMP_METABOLIC_PROCESS	53	0.543	0.000269	0.543	0.000659	0.543	0.000662	21	23	10	6
GOBP_AMYLOID_BETA_CLEARANCE	53	0.6	0.00046	0.486	-0.000216	0.2	-0.003265	40	42	23	2
GOBP_AMYLOID_BETA_FORMATION	53	0.457	-0.00042	0.4	-0.001163	0.371	-0.000896	45	60	23	4
GOBP_AMYLOID_FIBRIL_FORMATION	53	0.543	0.000265	0.429	-0.00066	0.257	-0.002072	43	45	24	5
GOBP_ANAPHASE_PROMOTING_COMPLEX_DEPENDENT_CATABOLIC_PROCESS	53	0.371	-0.001479	0.429	-0.001067	0.486	-1.7e-05	24	24	11	8
GOBP_ANDROGEN_METABOLIC_PROCESS	53	0.314	-0.000717	0.314	-0.000564	0.457	-0.000839	29	30	18	4
GOBP_ANDROGEN_RECEPTOR_SIGNALING_PATHWAY	53	0.657	0.001516	0.6	0.00151	0.486	-0.000204	50	52	16	6
GOBP_ANGIOTENSIN_ACTIVATED_SIGNALING_PATHWAY	53	0.314	-0.001891	0.371	-0.00127	0.457	-0.001022	21	23	12	4
GOBP_ANTERIOR_POSTERIOR_AXIS_SPECIFICATION	53	0.343	-0.000883	0.343	-0.000564	0.429	-0.000464	59	60	33	4
GOBP_ANTEROGRADE_AXONAL_TRANSPORT	53	0.429	-0.00082	0.371	-0.000688	0.429	-0.000517	47	47	19	7
GOBP_ANTIBACTERIAL_HUMORAL_RESPONSE	53	0.829	0.006912	0.714	0.001823	0.2	-0.002465	70	79	52	5
GOBP_ANTIFUNGAL_INNATE_IMMUNE_RESPONSE	53	0.457	-0.000132	0.457	-0.000576	0.286	-0.000779	21	23	13	4
GOBP_ANTIGEN_PROCESSING_AND_PRESENTATION_OF_ENDOGENOUS_PEPTIDE_ANTIGEN	53	0.657	0.006124	0.457	-0.000893	0.286	-0.005745	22	24	14	4
GOBP_ANTIGEN_PROCESSING_AND_PRESENTATION_OF_EXOGENOUS_PEPTIDE_ANTIGEN_VIA_MHC_CLASS_II	53	0.857	0.008899	0.543	0.001212	0.171	-0.00594	29	31	23	5
GOBP_ANTIGEN_PROCESSING_AND_PRESENTATION_OF_PEPTIDE_ANTIGEN_VIA_MHC_CLASS_I	53	0.657	0.002864	0.543	0.000384	0.286	-0.003256	36	37	20	4
GOBP_ANTIGEN_PROCESSING_AND_PRESENTATION_VIA_MHC_CLASS_IB	53	0.543	0.003259	0.514	0.000486	0.286	-0.002914	22	23	15	3
GOBP_ANTIMICROBIAL_HUMORAL_IMMUNE_RESPONSE_MEDIATED_BY_ANTIMICROBIAL_PEPTIDE	53	0.6	0.000251	0.343	-0.000398	0.343	-0.000397	110	134	84	5
GOBP_ANTIVIRAL_INNATE_IMMUNE_RESPONSE	53	0.457	-0.000414	0.571	0.000652	0.6	0.000888	61	66	26	4
GOBP_AORTA_MORPHOGENESIS	53	0.6	0.001104	0.457	-0.000455	0.4	-0.00155	34	38	22	6
GOBP_AORTIC_VALVE_MORPHOGENESIS	53	0.629	0.001357	0.6	0.000996	0.543	0.000336	39	39	29	4
GOBP_APOPTOTIC_CELL_CLEARANCE	53	0.657	0.00229	0.543	0.000926	0.371	-0.00124	44	44	25	5
GOBP_APOPTOTIC_PROCESS_INVOLVED_IN_MORPHOGENESIS	53	0.6	0.000659	0.543	0.000794	0.514	0.0001	30	30	18	3
GOBP_ARACHIDONATE_METABOLIC_PROCESS	53	0.429	-0.000483	0.4	-0.000141	0.543	0.000325	50	52	26	4
GOBP_ARACHIDONATE_SECRETION	53	0.257	-0.001136	0.4	-0.000612	0.343	-0.000924	29	29	21	6
GOBP_ARF_PROTEIN_SIGNAL_TRANSDUCTION	53	0.486	-7.5e-05	0.543	9.8e-05	0.429	-0.000733	22	22	4	6
GOBP_ARGININE_METABOLIC_PROCESS	53	0.257	-0.002731	0.286	-0.003314	0.314	-0.001333	22	23	15	5
GOBP_AROMATIC_AMINO_ACID_FAMILY_CATABOLIC_PROCESS	53	0.371	0.0	0.314	-0.000277	0.543	5.2e-05	24	24	13	
GOBP_ARP2_3_COMPLEX_MEDIATED_ACTIN_NUCLEATION	53	0.629	0.00366	0.629	0.001683	0.514	0.000141	43	46	13	6
GOBP_ASPARTATE_FAMILY_AMINO_ACID_METABOLIC_PROCESS	53	0.314	-0.002856	0.257	-0.001847	0.343	-0.001375	36	38	22	
GOBP_ASPARTATE_TRANSMEMBRANE_TRANSPORT	53	0.314	-0.000613	0.343	-0.000728	0.4	-0.000445	20	20	11	4
GOBP_ASSOCIATIVE_LEARNING	53	0.486	-6e-05	0.429	-0.000487	0.343	-0.000453	91	93	50	5
GOBP_ASTROCYTE_ACTIVATION	53	0.543	0.000478	0.4	-0.001095	0.343	-0.001781	23	26	14	4
GOBP_ATP_TRANSPORT	53	0.486	-0.000498	0.457	-0.000442	0.429	-0.001265	24	24	15	6
GOBP_ATRIAL_CARDIAC_MUSCLE_TISSUE_DEVELOPMENT	53	0.714	0.001476	0.657	0.000961	0.6	0.000257	23	23	17	7
GOBP_ATRIAL_SEPTUM_DEVELOPMENT	53	0.657	0.001521	0.6	0.001002	0.571	0.000169	23	23	15	5
GOBP_ATRIOVENTRICULAR_VALVE_DEVELOPMENT	53	0.686	0.001968	0.657	0.00112	0.543	0.000213	31	31	19	5
GOBP_ATTACHMENT_OF_MITOTIC_SPINDLE_MICROTUBULES_TO_KINETOCHORE	53	0.486	-2.3e-05	0.571	0.000469	0.6	0.000728	26	26	15	4
GOBP_AUDITORY_RECEPTOR_CELL_STEREOCILIUM_ORGANIZATION	53	0.486	-0.000183	0.514	0.000353	0.543	0.001022	19	20	9	5
GOBP_AUTOPHAGOSOME_MATURATION	53	0.371	-0.000677	0.4	-0.001156	0.4	-0.000867	67	70	9	5
GOBP_AUTOPHAGOSOME_ORGANIZATION	53	0.4	-0.000194	0.4	-0.000482	0.257	-0.000617	128	133	35	5
GOBP_AXONAL_FASCICULATION	53	0.543	0.000304	0.486	-0.000103	0.514	0.000208	21	21	12	4
GOBP_AXON_ENSHEATHMENT_IN_CENTRAL_NERVOUS_SYSTEM	53	0.571	0.000492	0.457	-0.000314	0.486	-0.000283	24	25	18	4
GOBP_AXON_EXTENSION	53	0.514	4.5e-05	0.486	-3.6e-05	0.371	-0.00075	112	113	59	5
GOBP_BARBED_END_ACTIN_FILAMENT_CAPPING	53	0.571	0.000654	0.571	0.000808	0.457	-0.000605	26	27	13	9
GOBP_BASEMENT_MEMBRANE_ORGANIZATION	53	0.657	0.002365	0.6	0.001522	0.457	-0.000542	40	40	25	6
GOBP_BASE_EXCISION_REPAIR	53	0.571	0.000223	0.486	-7e-06	0.543	0.000137	46	48	17	6
GOBP_BASIC_AMINO_ACID_TRANSPORT	53	0.371	-0.00105	0.4	-0.001057	0.457	-0.001547	23	23	15	5
GOBP_BEHAVIORAL_RESPONSE_TO_PAIN	53	0.571	0.001428	0.571	0.001513	0.6	0.001333	20	20	15	3
GOBP_BENZENE_CONTAINING_COMPOUND_METABOLIC_PROCESS	53	0.543	9.7e-05	0.486	-0.000196	0.4	-0.000297	23	23	11	3
GOBP_BICARBONATE_TRANSPORT	53	0.171	-0.001432	0.2	-0.001033	0.4	-0.000583	36	37	22	4
GOBP_BILE_ACID_AND_BILE_SALT_TRANSPORT	53	0.486	-9.1e-05	0.514	0.00015	0.543	0.000169	29	30	20	5
GOBP_BILE_ACID_BIOSYNTHETIC_PROCESS	53	0.343	-0.000968	0.371	-0.000276	0.543	0.000488	36	38	21	7
GOBP_BINDING_OF_SPERM_TO_ZONA_PELLUCIDA	53	0.429	-0.000651	0.4	-0.001365	0.4	-0.001012	40	41	20	5
GOBP_BIOLOGICAL_PROCESS_INVOLVED_IN_INTERACTION_WITH_SYMBIONT	53	0.571	0.000859	0.486	-0.00047	0.4	-0.001122	35	42	17	3
GOBP_BIOLOGICAL_PROCESS_INVOLVED_IN_INTRASPECIES_INTERACTION_BETWEEN_ORGANISMS	53	0.543	8.4e-05	0.571	8e-05	0.514	7e-05	61	61	34	1
GOBP_BLASTOCYST_GROWTH	53	0.429	-0.000389	0.4	-0.001209	0.486	-0.000899	24	24	15	3
GOBP_BLOOD_VESSEL_ENDOTHELIAL_CELL_PROLIFERATION_INVOLVED_IN_SPROUTING_ANGIOGENESIS	53	0.514	0.000232	0.514	0.000296	0.486	-0.000123	25	56	19	5
GOBP_BLOOD_VESSEL_REMODELING	53	0.657	0.001893	0.6	0.00087	0.543	0.000197	48	54	30	3
GOBP_BONE_MATURATION	53	0.686	0.000997	0.571	0.000114	0.457	-0.000205	28	28	19	5
GOBP_BONE_MINERALIZATION	53	0.714	0.001847	0.571	0.000489	0.486	-4.7e-05	126	127	75	3
GOBP_BONE_RESORPTION	53	0.457	-0.000476	0.343	-0.001255	0.314	-0.001287	62	63	33	4
GOBP_BRAIN_MORPHOGENESIS	53	0.343	-0.000696	0.4	-0.000971	0.371	-0.000575	36	37	22	4
GOBP_BRANCHED_CHAIN_AMINO_ACID_METABOLIC_PROCESS	53	0.371	-0.001322	0.429	-0.000788	0.4	-0.000303	26	26	12	5
GOBP_BRANCHING_INVOLVED_IN_BLOOD_VESSEL_MORPHOGENESIS	53	0.571	0.001731	0.486	-0.000925	0.314	-0.001405	37	39	24	4
GOBP_BRANCHING_INVOLVED_IN_MAMMARY_GLAND_DUCT_MORPHOGENESIS	53	0.543	7.4e-05	0.514	0.000245	0.543	0.000528	25	25	15	5
GOBP_BRANCHING_INVOLVED_IN_SALIVARY_GLAND_MORPHOGENESIS	53	0.457	-0.000276	0.514	0.000289	0.4	-0.001143	22	22	19	4
GOBP_BRANCH_ELONGATION_OF_AN_EPITHELIUM	53	0.571	0.001001	0.543	0.00027	0.543	0.000504	21	21	17	4
GOBP_BROWN_FAT_CELL_DIFFERENTIATION	53	0.514	3e-05	0.629	0.000144	0.514	0.000174	52	53	27	5
GOBP_B_CELL_ACTIVATION_INVOLVED_IN_IMMUNE_RESPONSE	53	0.457	-0.000394	0.314	-0.000719	0.314	-0.001118	107	109	58	5
GOBP_B_CELL_HOMEOSTASIS	53	0.771	0.001645	0.543	0.000321	0.429	-0.000993	36	37	14	4
GOBP_B_CELL_PROLIFERATION	53	0.6	0.001204	0.457	-0.000424	0.314	-0.000645	92	93	65	5
GOBP_B_CELL_RECEPTOR_SIGNALING_PATHWAY	53	0.943	0.006978	0.686	0.001624	0.229	-0.002549	74	78	50	6
GOBP_C21_STEROID_HORMONE_BIOSYNTHETIC_PROCESS	53	0.429	-0.00111	0.4	-0.000754	0.4	-0.000613	21	21	15	5
GOBP_CALCINEURIN_MEDIATED_SIGNALING	53	0.514	0.00011	0.486	-0.000434	0.543	0.000425	54	54	29	6
GOBP_CALCIUM_DEPENDENT_CELL_CELL_ADHESION_VIA_PLASMA_MEMBRANE_CELL_ADHESION_MOLECULES	53	0.543	0.000233	0.486	-8.8e-05	0.457	-3.5e-05	48	48	34	
GOBP_CALCIUM_INDEPENDENT_CELL_CELL_ADHESION_VIA_PLASMA_MEMBRANE_CELL_ADHESION_MOLECULES	53	0.371	-0.000869	0.4	-0.000791	0.571	0.000398	23	23	21	
GOBP_CALCIUM_ION_IMPORT_ACROSS_PLASMA_MEMBRANE	53	0.486	0.0	0.457	-4.4e-05	0.4	-0.000303	38	44	21	6
GOBP_CALCIUM_ION_REGULATED_EXOCYTOSIS	53	0.457	-9e-05	0.4	-0.000352	0.371	-0.000849	66	67	35	5
GOBP_CALCIUM_ION_TRANSMEMBRANE_TRANSPORT_VIA_HIGH_VOLTAGE_GATED_CALCIUM_CHANNEL	53	0.486	-0.000248	0.371	-0.000865	0.314	-0.001084	19	22	10	6
GOBP_CALCIUM_ION_TRANSPORT_INTO_CYTOSOL	53	0.429	-0.000678	0.457	-7.5e-05	0.371	-0.000447	31	31	16	4
GOBP_CAMERA_TYPE_EYE_PHOTORECEPTOR_CELL_DIFFERENTIATION	53	0.571	0.000703	0.6	0.000244	0.6	0.000439	33	33	18	4
GOBP_CAMP_MEDIATED_SIGNALING	53	0.543	0.001247	0.571	0.000744	0.486	-9.7e-05	29	29	13	
GOBP_CAMP_METABOLIC_PROCESS	53	0.4	-0.000498	0.371	-0.000364	0.457	-0.000393	23	23	9	6
GOBP_CANONICAL_NF_KAPPAB_SIGNAL_TRANSDUCTION	53	0.771	0.000813	0.486	-9.8e-05	0.371	-0.000593	327	342	141	5
GOBP_CANONICAL_WNT_SIGNALING_PATHWAY	53	0.457	-0.000277	0.286	-0.000754	0.286	-0.001066	305	330	151	5
GOBP_CARBOHYDRATE_PHOSPHORYLATION	53	0.543	0.000269	0.514	0.000191	0.486	-3.3e-05	24	24	10	5
GOBP_CARDIAC_ATRIUM_MORPHOGENESIS	53	0.686	0.001119	0.714	0.000934	0.486	-9.1e-05	30	30	21	4
GOBP_CARDIAC_CONDUCTION_SYSTEM_DEVELOPMENT	53	0.543	0.000136	0.543	0.000908	0.657	0.001258	37	37	24	7
GOBP_CARDIAC_EPITHELIAL_TO_MESENCHYMAL_TRANSITION	53	0.571	0.000969	0.571	0.000565	0.429	-0.000584	37	40	27	5
GOBP_CARDIAC_MUSCLE_CELL_MEMBRANE_REPOLARIZATION	53	0.486	-0.000517	0.371	-0.000385	0.457	-0.000488	39	42	23	5
GOBP_CARDIAC_MUSCLE_CELL_PROLIFERATION	53	0.6	0.00034	0.457	-8.9e-05	0.514	0.000128	52	64	30	4
GOBP_CARDIAC_MYOFIBRIL_ASSEMBLY	53	0.686	0.00077	0.571	0.000516	0.457	-0.000249	20	20	10	5
GOBP_CARDIAC_RIGHT_VENTRICLE_MORPHOGENESIS	53	0.543	0.00053	0.6	0.000424	0.6	0.000948	20	21	13	5
GOBP_CARTILAGE_CONDENSATION	53	0.571	0.002138	0.486	-0.000751	0.457	-0.000951	21	21	12	3
GOBP_CATECHOLAMINE_SECRETION	53	0.657	0.000637	0.429	-0.000174	0.429	-0.000364	45	46	32	4
GOBP_CATECHOL_CONTAINING_COMPOUND_BIOSYNTHETIC_PROCESS	53	0.343	-0.000943	0.343	-0.001249	0.343	-0.001368	23	24	18	5
GOBP_CD4_POSITIVE_ALPHA_BETA_T_CELL_PROLIFERATION	53	0.514	0.000373	0.457	-0.001835	0.286	-0.002259	22	22	10	7
GOBP_CELLULAR_COMPONENT_DISASSEMBLY_INVOLVED_IN_EXECUTION_PHASE_OF_APOPTOSIS	53	0.543	0.000331	0.543	0.000187	0.6	0.000696	30	30	13	3
GOBP_CELLULAR_DEFENSE_RESPONSE	53	0.771	0.00137	0.629	0.000812	0.429	-9.4e-05	49	52	29	4
GOBP_CELLULAR_HYPEROSMOTIC_RESPONSE	53	0.571	0.001317	0.629	0.001321	0.629	0.002089	22	22	14	5
GOBP_CELLULAR_OXIDANT_DETOXIFICATION	53	0.429	-0.001701	0.257	-0.002055	0.4	-0.001249	94	98	57	3
GOBP_CELLULAR_RESPONSE_TO_ACID_CHEMICAL	53	0.686	0.002169	0.6	0.001228	0.4	-0.000893	90	101	51	4
GOBP_CELLULAR_RESPONSE_TO_ALKALOID	53	0.314	-0.001121	0.314	-0.001262	0.314	-0.001009	37	37	20	5
GOBP_CELLULAR_RESPONSE_TO_AMYLOID_BETA	53	0.6	0.001537	0.543	0.000303	0.371	-0.001112	43	49	24	5
GOBP_CELLULAR_RESPONSE_TO_CADMIUM_ION	53	0.429	-0.001196	0.343	-0.00158	0.371	-0.001536	25	26	18	5
GOBP_CELLULAR_RESPONSE_TO_CALCIUM_ION	53	0.457	-0.000556	0.343	-0.000253	0.257	-0.001239	77	80	47	5
GOBP_CELLULAR_RESPONSE_TO_CAMP	53	0.514	7.4e-05	0.514	0.000151	0.486	-5e-06	57	58	32	5
GOBP_CELLULAR_RESPONSE_TO_CHOLESTEROL	53	0.429	-0.000686	0.4	-0.000877	0.343	-0.000716	18	21	8	6
GOBP_CELLULAR_RESPONSE_TO_COPPER_ION	53	0.457	-0.00094	0.429	-0.000905	0.4	-0.001503	25	26	15	5
GOBP_CELLULAR_RESPONSE_TO_DEXAMETHASONE_STIMULUS	53	0.543	0.000186	0.543	0.00069	0.543	0.000435	28	29	20	6
GOBP_CELLULAR_RESPONSE_TO_DSRNA	53	0.486	-0.000354	0.486	-0.000868	0.4	-0.00063	23	25	11	5
GOBP_CELLULAR_RESPONSE_TO_ESTRADIOL_STIMULUS	53	0.657	0.002377	0.629	0.001023	0.629	0.001176	34	36	24	5
GOBP_CELLULAR_RESPONSE_TO_EXTERNAL_STIMULUS	53	0.571	0.000381	0.457	-0.000406	0.4	-0.000745	78	78	44	3
GOBP_CELLULAR_RESPONSE_TO_FATTY_ACID	53	0.371	-0.002132	0.343	-0.00055	0.514	2.8e-05	39	41	28	5
GOBP_CELLULAR_RESPONSE_TO_FLUID_SHEAR_STRESS	53	0.714	0.00284	0.571	0.000963	0.314	-0.001423	32	34	13	4
GOBP_CELLULAR_RESPONSE_TO_GAMMA_RADIATION	53	0.486	-0.00087	0.457	-0.000349	0.4	-0.001205	26	28	11	6
GOBP_CELLULAR_RESPONSE_TO_GLUCOSE_STARVATION	53	0.629	0.000826	0.543	0.0004	0.543	0.000193	49	50	20	5
GOBP_CELLULAR_RESPONSE_TO_GONADOTROPIN_STIMULUS	53	0.457	-0.000549	0.486	-0.000321	0.571	0.000405	20	20	13	5
GOBP_CELLULAR_RESPONSE_TO_GROWTH_HORMONE_STIMULUS	53	0.629	0.001079	0.571	0.000608	0.629	0.000992	28	29	11	6
GOBP_CELLULAR_RESPONSE_TO_HEAT	53	0.543	0.000112	0.543	0.000139	0.486	-9.8e-05	63	67	33	4
GOBP_CELLULAR_RESPONSE_TO_HYDROGEN_PEROXIDE	53	0.486	-0.000237	0.486	-0.000116	0.4	-0.000677	68	71	29	6
GOBP_CELLULAR_RESPONSE_TO_INTERFERON_BETA	53	0.571	0.001648	0.429	-0.001087	0.514	0.00012	27	29	10	6
GOBP_CELLULAR_RESPONSE_TO_OXYGEN_LEVELS	53	0.4	-0.000698	0.429	-0.000857	0.343	-0.000853	168	183	92	4
GOBP_CELLULAR_RESPONSE_TO_OXYGEN_RADICAL	53	0.457	-0.001425	0.4	-0.001726	0.343	-0.001589	21	23	13	6
GOBP_CELLULAR_RESPONSE_TO_PH	53	0.543	2.8e-05	0.571	0.000128	0.6	0.000453	27	27	17	4
GOBP_CELLULAR_RESPONSE_TO_PROSTAGLANDIN_STIMULUS	53	0.714	0.002195	0.629	0.001304	0.486	-0.000201	26	26	14	5
GOBP_CELLULAR_RESPONSE_TO_RETINOIC_ACID	53	0.686	0.001508	0.6	0.000885	0.457	-0.00028	68	69	42	5
GOBP_CELLULAR_RESPONSE_TO_UV	53	0.629	0.00042	0.429	-0.000794	0.314	-0.001424	87	91	35	6
GOBP_CELLULAR_RESPONSE_TO_VIRUS	53	0.657	0.00194	0.6	0.000542	0.429	-0.00096	79	89	43	4
GOBP_CELLULAR_RESPONSE_TO_VITAMIN_D	53	0.571	0.000229	0.514	0.000248	0.429	-0.000221	23	24	12	5
GOBP_CELLULAR_RESPONSE_TO_ZINC_ION	53	0.457	-0.00094	0.543	0.000709	0.429	-0.000472	24	25	14	5
GOBP_CELLULAR_SENESCENCE	53	0.686	0.001092	0.629	0.000576	0.486	-2e-05	98	111	47	2
GOBP_CELL_ADHESION_MEDIATED_BY_INTEGRIN	53	0.629	0.001065	0.543	0.000472	0.343	-0.001006	89	89	59	3
GOBP_CELL_ADHESION_MOLECULE_PRODUCTION	53	0.629	0.001657	0.629	0.002374	0.543	0.001344	11	23	7	2
GOBP_CELL_CELL_ADHESION_MEDIATED_BY_CADHERIN	53	0.343	-0.001428	0.457	-0.000207	0.514	0.000588	52	53	35	4
GOBP_CELL_CELL_ADHESION_VIA_PLASMA_MEMBRANE_ADHESION_MOLECULES	53	0.343	-0.000417	0.429	-0.000321	0.4	-0.000209	278	282	173	
GOBP_CELL_CELL_JUNCTION_MAINTENANCE	53	0.457	-0.000507	0.457	-0.000608	0.486	-6.8e-05	21	21	15	6
GOBP_CELL_CELL_SIGNALING_INVOLVED_IN_CARDIAC_CONDUCTION	53	0.571	0.001123	0.571	0.001017	0.543	0.000488	31	33	21	
GOBP_CELL_COMMUNICATION_BY_ELECTRICAL_COUPLING_INVOLVED_IN_CARDIAC_CONDUCTION	53	0.457	-0.00092	0.4	-0.000612	0.6	0.000475	26	26	15	4
GOBP_CELL_CYCLE_DNA_REPLICATION	53	0.371	-0.00064	0.371	-0.000745	0.457	-0.000466	47	47	27	3
GOBP_CELL_CYCLE_G1_S_PHASE_TRANSITION	53	0.714	0.000711	0.629	0.000412	0.571	0.000119	238	272	119	4
GOBP_CELL_CYCLE_G2_M_PHASE_TRANSITION	53	0.486	-0.000178	0.6	0.000352	0.486	-2e-06	157	161	75	4
GOBP_CELL_DIFFERENTIATION_INVOLVED_IN_EMBRYONIC_PLACENTA_DEVELOPMENT	53	0.4	-0.00145	0.371	-0.001398	0.629	0.001559	26	26	14	3
GOBP_CELL_DIFFERENTIATION_INVOLVED_IN_METANEPHROS_DEVELOPMENT	53	0.6	0.001228	0.571	0.000545	0.514	2.5e-05	22	22	16	
GOBP_CELL_DIFFERENTIATION_IN_HINDBRAIN	53	0.6	8.2e-05	0.6	6.7e-05	0.6	0.000181	24	24	12	4
GOBP_CELL_FATE_COMMITMENT_INVOLVED_IN_FORMATION_OF_PRIMARY_GERM_LAYER	53	0.6	0.00148	0.6	0.000644	0.657	0.000881	34	34	23	4
GOBP_CELL_FATE_DETERMINATION	53	0.657	0.001682	0.657	0.00273	0.571	0.000725	42	43	30	3
GOBP_CELL_JUNCTION_DISASSEMBLY	53	0.857	0.003792	0.629	0.002024	0.4	-0.000889	33	33	17	5
GOBP_CELL_MIGRATION_INVOLVED_IN_HEART_DEVELOPMENT	53	0.6	0.00074	0.6	0.001079	0.514	0.000191	20	21	15	4
GOBP_CELL_MIGRATION_INVOLVED_IN_SPROUTING_ANGIOGENESIS	53	0.657	0.000764	0.543	0.000156	0.429	-0.000436	59	102	36	5
GOBP_CELL_PROLIFERATION_INVOLVED_IN_HEART_MORPHOGENESIS	53	0.629	0.001341	0.486	-4.7e-05	0.457	-0.000241	20	21	9	3
GOBP_CELL_PROLIFERATION_INVOLVED_IN_KIDNEY_DEVELOPMENT	53	0.743	0.002907	0.657	0.001735	0.486	-8.1e-05	22	23	18	3
GOBP_CELL_PROLIFERATION_IN_FOREBRAIN	53	0.543	0.000375	0.686	0.000476	0.486	-1.2e-05	28	28	19	4
GOBP_CELL_REDOX_HOMEOSTASIS	53	0.229	-0.002675	0.343	-0.001561	0.4	-0.000965	41	44	21	3
GOBP_CELL_SURFACE_RECEPTOR_SIGNALING_PATHWAY_VIA_JAK_STAT	53	0.6	0.000576	0.429	-7.5e-05	0.314	-0.000926	124	131	62	5
GOBP_CELL_SURFACE_TOLL_LIKE_RECEPTOR_SIGNALING_PATHWAY	53	0.514	0.000114	0.4	-0.000482	0.371	-0.000916	68	76	25	7
GOBP_CELL_VOLUME_HOMEOSTASIS	53	0.514	0.000161	0.457	-0.000286	0.571	0.00067	37	37	16	3
GOBP_CENTRAL_NERVOUS_SYSTEM_PROJECTION_NEURON_AXONOGENESIS	53	0.6	0.00071	0.486	-3.7e-05	0.4	-0.000345	28	29	16	7
GOBP_CENTRIOLE_ASSEMBLY	53	0.4	-0.000204	0.343	-0.000482	0.4	-0.000463	52	52	17	4
GOBP_CENTROMERE_COMPLEX_ASSEMBLY	53	0.543	0.000606	0.571	0.000664	0.571	0.000281	28	30	17	
GOBP_CENTROSOME_DUPLICATION	53	0.486	-3e-06	0.543	0.000122	0.714	0.000488	80	81	33	3
GOBP_CERAMIDE_BIOSYNTHETIC_PROCESS	53	0.457	-0.000187	0.429	-0.000364	0.4	-0.000401	69	71	34	6
GOBP_CERAMIDE_CATABOLIC_PROCESS	53	0.314	-0.001743	0.229	-0.002118	0.2	-0.002532	21	26	12	6
GOBP_CEREBELLAR_PURKINJE_CELL_LAYER_MORPHOGENESIS	53	0.429	0.0	0.343	-8.7e-05	0.457	-0.000386	19	20	7	3
GOBP_CEREBRAL_CORTEX_CELL_MIGRATION	53	0.571	0.001186	0.514	0.000254	0.4	-0.000406	50	50	19	5
GOBP_CEREBRAL_CORTEX_NEURON_DIFFERENTIATION	53	0.457	-0.000383	0.457	-0.000528	0.457	-6.9e-05	28	28	14	7
GOBP_CGAS_STING_SIGNALING_PATHWAY	53	0.486	-0.000109	0.429	-0.000735	0.486	-0.00077	24	27	9	6
GOBP_CGMP_MEDIATED_SIGNALING	53	0.4	-0.000276	0.286	-0.000559	0.257	-0.002174	34	37	28	
GOBP_CHAPERONE_MEDIATED_PROTEIN_COMPLEX_ASSEMBLY	53	0.457	-0.000536	0.571	0.000511	0.6	0.00143	23	24	17	6
GOBP_CHAPERONE_MEDIATED_PROTEIN_FOLDING	53	0.314	-0.001899	0.4	-0.00171	0.314	-0.001324	71	73	38	
GOBP_CHEMICAL_SYNAPTIC_TRANSMISSION_POSTSYNAPTIC	53	0.543	0.00013	0.486	-1e-06	0.514	3e-06	120	121	66	4
GOBP_CHEMOKINE_C_X_C_MOTIF_LIGAND_2_PRODUCTION	53	0.657	0.004131	0.486	-0.000281	0.4	-0.001725	19	21	14	4
GOBP_CHLORIDE_TRANSPORT	53	0.343	-0.000504	0.371	-0.000668	0.543	5.3e-05	128	130	86	5
GOBP_CHOLESTEROL_EFFLUX	53	0.514	0.000124	0.4	-0.001478	0.314	-0.001298	59	78	32	7
GOBP_CHOLESTEROL_STORAGE	53	0.543	0.000243	0.486	-0.000345	0.371	-0.001247	23	25	14	4
GOBP_CHONDROCYTE_DEVELOPMENT	53	0.686	0.001408	0.543	0.000702	0.429	-0.000466	33	34	19	4
GOBP_CHONDROCYTE_PROLIFERATION	53	0.571	0.001251	0.457	-0.000459	0.343	-0.002041	25	26	16	3
GOBP_CHONDROITIN_SULFATE_PROTEOGLYCAN_BIOSYNTHETIC_PROCESS	53	0.457	-9.7e-05	0.4	-0.000919	0.371	-0.001147	22	22	6	7
GOBP_CHROMOSOME_CONDENSATION	53	0.6	0.000424	0.571	0.000239	0.514	1e-06	33	47	21	6
GOBP_CHROMOSOME_SEPARATION	53	0.371	-0.000791	0.371	-0.00039	0.457	-0.000283	81	83	51	3
GOBP_CHRONIC_INFLAMMATORY_RESPONSE	53	0.629	0.001833	0.6	0.000547	0.371	-0.001219	21	21	19	5
GOBP_CIRCADIAN_REGULATION_OF_GENE_EXPRESSION	53	0.343	-0.000663	0.4	-0.000913	0.4	-0.001174	65	67	31	3
GOBP_CIRCADIAN_SLEEP_WAKE_CYCLE_SLEEP	53	0.6	0.00052	0.371	-0.000599	0.257	-0.000956	21	21	11	3
GOBP_CLATHRIN_COAT_ASSEMBLY	53	0.457	-0.000467	0.486	-8.5e-05	0.4	-0.000547	21	21	9	6
GOBP_CLATHRIN_DEPENDENT_ENDOCYTOSIS	53	0.229	-0.002625	0.229	-0.002454	0.257	-0.002151	50	50	17	5
GOBP_COCHLEA_MORPHOGENESIS	53	0.314	-0.001302	0.314	-0.000837	0.371	-0.000992	28	28	21	4
GOBP_COLLAGEN_BIOSYNTHETIC_PROCESS	53	0.629	0.001461	0.4	-0.000788	0.2	-0.002009	48	54	33	4
GOBP_COLLAGEN_CATABOLIC_PROCESS	53	0.629	0.001723	0.429	-0.000541	0.343	-0.002711	45	45	34	4
GOBP_COLLAGEN_FIBRIL_ORGANIZATION	53	0.686	0.003176	0.486	-0.000251	0.371	-0.001636	70	71	45	6
GOBP_COLLATERAL_SPROUTING	53	0.343	-0.001304	0.286	-0.001404	0.343	-0.000901	31	32	14	4
GOBP_COLUMNAR_CUBOIDAL_EPITHELIAL_CELL_DEVELOPMENT	53	0.657	0.001951	0.629	0.000966	0.457	-0.000247	26	27	13	5
GOBP_COMPLEMENT_ACTIVATION_CLASSICAL_PATHWAY	53	1.0	0.009469	0.8	0.00442	0.314	-0.002821	40	40	29	4
GOBP_CONNECTIVE_TISSUE_REPLACEMENT	53	0.629	0.000882	0.457	-0.000238	0.343	-0.002113	16	26	9	3
GOBP_COPII_COATED_VESICLE_BUDDING	53	0.457	-0.000331	0.4	-0.001039	0.457	-0.001055	43	43	15	4
GOBP_COPPER_ION_HOMEOSTASIS	53	0.457	-0.000673	0.486	-0.000576	0.486	-0.000425	22	22	12	4
GOBP_CORONARY_VASCULATURE_DEVELOPMENT	53	0.486	-0.000459	0.457	-0.000334	0.486	-0.000507	47	49	28	5
GOBP_CORPUS_CALLOSUM_DEVELOPMENT	53	0.457	-0.000526	0.486	-8.7e-05	0.429	-0.000897	27	27	10	4
GOBP_CORTICAL_ACTIN_CYTOSKELETON_ORGANIZATION	53	0.514	0.000718	0.486	-0.000416	0.457	-0.001281	41	41	25	4
GOBP_CORTICOSTEROID_HORMONE_SECRETION	53	0.486	-0.000322	0.4	-0.000539	0.343	-0.001668	22	22	16	5
GOBP_CRANIAL_NERVE_MORPHOGENESIS	53	0.429	-0.000616	0.457	-5.1e-05	0.457	-0.000599	31	31	23	3
GOBP_CRISTAE_FORMATION	53	0.429	-0.001325	0.457	-0.00049	0.543	0.001414	19	20	12	7
GOBP_CYCLIC_NUCLEOTIDE_BIOSYNTHETIC_PROCESS	53	0.429	0.0	0.486	-2.1e-05	0.4	-0.000646	21	21	14	7
GOBP_CYTOKINE_PRODUCTION_INVOLVED_IN_INFLAMMATORY_RESPONSE	53	0.543	0.00018	0.457	-0.000288	0.314	-0.000765	68	89	36	3
GOBP_CYTOPLASMIC_MICROTUBULE_ORGANIZATION	53	0.457	-0.000348	0.429	-0.000537	0.429	-0.000449	65	65	24	4
GOBP_CYTOPLASMIC_TRANSLATIONAL_INITIATION	53	0.6	0.00142	0.571	0.000509	0.457	-0.000924	46	48	18	4
GOBP_DECIDUALIZATION	53	0.457	-0.000196	0.343	-0.000987	0.429	-0.000872	25	25	15	3
GOBP_DEFENSE_RESPONSE_TO_GRAM_NEGATIVE_BACTERIUM	53	0.6	0.001089	0.514	0.000114	0.371	-0.000778	97	112	66	5
GOBP_DEFENSE_RESPONSE_TO_GRAM_POSITIVE_BACTERIUM	53	0.686	0.001537	0.629	0.000493	0.4	-0.000381	113	135	73	5
GOBP_DEFINITIVE_HEMOPOIESIS	53	0.629	0.00338	0.657	0.002172	0.6	0.000701	21	21	10	5
GOBP_DENDRITE_EXTENSION	53	0.429	-0.000305	0.371	-0.000566	0.429	-0.000511	35	36	19	5
GOBP_DENDRITE_MORPHOGENESIS	53	0.429	-0.000184	0.486	-0.000158	0.514	0.000163	140	143	66	4
GOBP_DENDRITIC_CELL_CHEMOTAXIS	53	0.657	0.000488	0.286	-0.001708	0.2	-0.003709	26	26	18	4
GOBP_DENDRITIC_SPINE_DEVELOPMENT	53	0.543	0.000228	0.6	0.000337	0.543	0.000242	93	95	39	3
GOBP_DENDRITIC_SPINE_MAINTENANCE	53	0.629	0.000733	0.571	0.000338	0.486	-0.001199	23	24	10	5
GOBP_DENTATE_GYRUS_DEVELOPMENT	53	0.629	0.001253	0.486	-0.000389	0.343	-0.00091	26	26	16	4
GOBP_DEOXYRIBONUCLEOSIDE_MONOPHOSPHATE_METABOLIC_PROCESS	53	0.6	0.000916	0.543	0.000406	0.486	-4e-06	25	25	12	
GOBP_DEOXYRIBONUCLEOTIDE_CATABOLIC_PROCESS	53	0.4	-0.00039	0.314	-0.000736	0.457	-0.000817	30	30	9	4
GOBP_DETECTION_OF_EXTERNAL_BIOTIC_STIMULUS	53	0.686	0.001194	0.629	0.000756	0.486	-0.00015	25	26	14	4
GOBP_DETECTION_OF_LIGHT_STIMULUS_INVOLVED_IN_SENSORY_PERCEPTION	53	0.257	0.0	0.543	1.1e-05	0.657	0.00013	24	24	16	4
GOBP_DETECTION_OF_MECHANICAL_STIMULUS_INVOLVED_IN_SENSORY_PERCEPTION	53	0.514	1.2e-05	0.543	0.000205	0.486	-5.7e-05	39	39	24	4
GOBP_DETECTION_OF_STIMULUS_INVOLVED_IN_SENSORY_PERCEPTION_OF_PAIN	53	0.371	-0.000564	0.371	-0.000718	0.429	-0.000309	29	29	19	
GOBP_DETECTION_OF_TEMPERATURE_STIMULUS_INVOLVED_IN_SENSORY_PERCEPTION_OF_PAIN	53	0.4	-0.000618	0.457	-0.000489	0.486	-0.000266	20	20	12	5
GOBP_DETERMINATION_OF_ADULT_LIFESPAN	53	0.543	0.000413	0.543	0.00022	0.457	-0.000581	37	38	19	2
GOBP_DETOXIFICATION_OF_INORGANIC_COMPOUND	53	0.4	-0.000884	0.486	-0.000683	0.6	0.000708	22	23	14	2
GOBP_DE_NOVO_POST_TRANSLATIONAL_PROTEIN_FOLDING	53	0.543	6e-05	0.429	-0.001446	0.457	-0.001257	32	33	18	4
GOBP_DIACYLGLYCEROL_METABOLIC_PROCESS	53	0.543	7.8e-05	0.543	3.1e-05	0.543	6.8e-05	26	26	12	7
GOBP_DIGESTIVE_TRACT_MORPHOGENESIS	53	0.429	-0.00026	0.457	-0.000491	0.486	-9.2e-05	52	53	37	4
GOBP_DIOL_BIOSYNTHETIC_PROCESS	53	0.314	-0.002006	0.286	-0.001736	0.314	-0.001219	21	23	9	7
GOBP_DISRUPTION_OF_ANATOMICAL_STRUCTURE_IN_ANOTHER_ORGANISM	53	0.714	0.00132	0.514	7.8e-05	0.343	-0.001144	111	125	73	2
GOBP_DNA_CATABOLIC_PROCESS	53	0.657	0.000906	0.571	0.000695	0.514	0.000208	29	29	12	6
GOBP_DNA_DAMAGE_RESPONSE_SIGNAL_TRANSDUCTION_BY_P53_CLASS_MEDIATOR	53	0.543	1.4e-05	0.4	-0.000313	0.429	-0.00082	74	78	36	5
GOBP_DNA_DOUBLE_STRAND_BREAK_PROCESSING	53	0.486	0.0	0.514	1.6e-05	0.457	-0.000172	20	22	9	6
GOBP_DNA_METHYLATION_DEPENDENT_CONSTITUTIVE_HETEROCHROMATIN_FORMATION	53	0.629	0.001113	0.629	0.000276	0.571	0.000254	42	43	17	7
GOBP_DNA_MODIFICATION	53	0.514	0.000117	0.514	4.4e-05	0.457	-0.000169	29	29	10	5
GOBP_DNA_REPAIR_DEPENDENT_CHROMATIN_REMODELING	53	0.543	0.000144	0.543	0.000206	0.514	0.000616	23	23	4	5
GOBP_DNA_REPLICATION_CHECKPOINT_SIGNALING	53	0.371	-7e-06	0.429	-0.00011	0.486	-0.0	20	20	10	6
GOBP_DNA_REPLICATION_INITIATION	53	0.486	-3.6e-05	0.486	-0.000189	0.457	-0.000119	38	38	25	6
GOBP_DNA_STRAND_ELONGATION	53	0.457	-8e-06	0.6	0.00059	0.486	-4.8e-05	37	37	20	6
GOBP_DNA_SYNTHESIS_INVOLVED_IN_DNA_REPAIR	53	0.371	-0.000716	0.457	-0.000652	0.457	-0.000409	41	42	21	6
GOBP_DNA_TEMPLATED_DNA_REPLICATION_MAINTENANCE_OF_FIDELITY	53	0.514	9.5e-05	0.457	-0.000159	0.429	-0.000181	59	59	31	6
GOBP_DNA_TEMPLATED_TRANSCRIPTION_ELONGATION	53	0.6	0.000258	0.486	-4.3e-05	0.486	-9.7e-05	134	137	37	7
GOBP_DNA_TEMPLATED_TRANSCRIPTION_TERMINATION	53	0.629	0.000999	0.514	0.000417	0.4	-0.001178	22	30	5	7
GOBP_DOLICHOL_LINKED_OLIGOSACCHARIDE_BIOSYNTHETIC_PROCESS	53	0.429	-0.000265	0.371	-0.000614	0.4	-0.000501	22	22	9	5
GOBP_DOPAMINERGIC_NEURON_DIFFERENTIATION	53	0.543	0.000431	0.457	-0.000431	0.429	-0.000536	44	44	30	5
GOBP_DOPAMINE_METABOLIC_PROCESS	53	0.314	-0.000871	0.343	-0.000774	0.371	-0.00106	41	44	31	6
GOBP_DOPAMINE_TRANSPORT	53	0.4	-0.000377	0.486	-0.000623	0.371	-0.000682	42	43	30	
GOBP_DORSAL_SPINAL_CORD_DEVELOPMENT	53	0.371	0.0	0.429	-2.5e-05	0.429	-7.3e-05	21	21	15	4
GOBP_DORSAL_VENTRAL_PATTERN_FORMATION	53	0.629	0.000934	0.571	0.00045	0.514	5.3e-05	91	92	58	4
GOBP_DOUBLE_STRAND_BREAK_REPAIR_VIA_NONHOMOLOGOUS_END_JOINING	53	0.514	3e-06	0.514	4.1e-05	0.457	-0.00058	77	77	27	7
GOBP_EATING_BEHAVIOR	53	0.743	0.000961	0.686	0.000782	0.657	0.000665	40	41	28	4
GOBP_ECTODERM_DEVELOPMENT	53	0.6	0.000415	0.629	0.000988	0.571	0.000917	23	24	13	5
GOBP_EMBRYONIC_AXIS_SPECIFICATION	53	0.429	-0.000402	0.4	-0.00034	0.371	-0.000813	42	43	22	4
GOBP_EMBRYONIC_BRAIN_DEVELOPMENT	53	0.629	0.000751	0.543	0.000133	0.486	-6.3e-05	19	20	8	5
GOBP_EMBRYONIC_CAMERA_TYPE_EYE_MORPHOGENESIS	53	0.429	-0.000298	0.429	-0.000198	0.486	-5.5e-05	27	27	16	6
GOBP_EMBRYONIC_CRANIAL_SKELETON_MORPHOGENESIS	53	0.657	0.000549	0.6	0.000387	0.571	0.000288	43	43	23	5
GOBP_EMBRYONIC_DIGESTIVE_TRACT_DEVELOPMENT	53	0.486	-0.000335	0.514	0.00039	0.543	0.000168	35	35	26	5
GOBP_EMBRYONIC_DIGIT_MORPHOGENESIS	53	0.714	0.000654	0.686	0.000669	0.686	0.000674	60	61	29	4
GOBP_EMBRYONIC_FORELIMB_MORPHOGENESIS	53	0.571	4.9e-05	0.543	0.00028	0.543	0.000238	33	33	22	6
GOBP_EMBRYONIC_HEART_TUBE_MORPHOGENESIS	53	0.429	-0.000403	0.4	-0.000407	0.429	-0.00029	70	70	36	4
GOBP_EMBRYONIC_HEMOPOIESIS	53	0.486	-0.000363	0.429	-0.00046	0.457	-0.000377	24	24	9	5
GOBP_EMBRYONIC_HINDLIMB_MORPHOGENESIS	53	0.571	0.000243	0.571	0.000205	0.6	0.00029	29	29	21	6
GOBP_EMBRYONIC_PLACENTA_MORPHOGENESIS	53	0.543	0.001316	0.429	-0.000439	0.571	0.000939	27	27	21	4
GOBP_ENAMEL_MINERALIZATION	53	0.457	-0.000115	0.571	0.000305	0.514	1e-05	22	22	15	4
GOBP_ENDOCARDIAL_CUSHION_FORMATION	53	0.743	0.001372	0.6	0.001113	0.514	0.000395	31	31	24	3
GOBP_ENDOCRINE_HORMONE_SECRETION	53	0.457	-0.000589	0.457	-0.000147	0.4	-0.000379	59	60	42	
GOBP_ENDOCYTIC_RECYCLING	53	0.457	-0.000193	0.514	0.000131	0.429	-0.000402	89	92	27	4
GOBP_ENDODERM_FORMATION	53	0.571	0.001262	0.486	-0.000217	0.286	-0.002016	59	61	45	4
GOBP_ENDOPLASMIC_RETICULUM_CALCIUM_ION_HOMEOSTASIS	53	0.514	0.00055	0.486	-0.00018	0.371	-0.001208	26	26	7	6
GOBP_ENDOPLASMIC_RETICULUM_TO_CYTOSOL_TRANSPORT	53	0.6	0.000604	0.457	-0.00034	0.371	-0.002869	28	29	12	3
GOBP_ENDOPLASMIC_RETICULUM_TUBULAR_NETWORK_ORGANIZATION	53	0.371	-0.00079	0.429	-0.000658	0.486	-0.001041	23	23	7	6
GOBP_ENDOSOME_TO_LYSOSOME_TRANSPORT	53	0.314	-0.001307	0.286	-0.001039	0.314	-0.000765	67	68	15	3
GOBP_ENDOTHELIAL_CELL_APOPTOTIC_PROCESS	53	0.629	0.000514	0.514	0.000577	0.429	-0.000737	63	75	41	5
GOBP_ENTRAINMENT_OF_CIRCADIAN_CLOCK_BY_PHOTOPERIOD	53	0.286	-0.002377	0.343	-0.001905	0.343	-0.00075	23	24	7	4
GOBP_EOSINOPHIL_CHEMOTAXIS	53	0.371	-0.001309	0.371	-0.000744	0.371	-0.001424	21	21	20	5
GOBP_EPHRIN_RECEPTOR_SIGNALING_PATHWAY	53	0.486	-2e-06	0.486	-3.7e-05	0.486	-2.2e-05	52	53	28	6
GOBP_EPIDERMIS_MORPHOGENESIS	53	0.657	0.000977	0.571	0.000477	0.486	-0.000187	38	38	23	5
GOBP_EPITHELIAL_CELL_DIFFERENTIATION_INVOLVED_IN_KIDNEY_DEVELOPMENT	53	0.686	0.000578	0.657	0.000727	0.457	-0.000502	50	50	35	5
GOBP_EPITHELIAL_CELL_MATURATION	53	0.629	0.001007	0.543	0.000796	0.486	-0.000468	25	25	16	4
GOBP_EPITHELIAL_CELL_MORPHOGENESIS	53	0.457	-0.000898	0.486	-0.00086	0.429	-0.001002	40	40	25	4
GOBP_EPITHELIAL_TUBE_BRANCHING_INVOLVED_IN_LUNG_MORPHOGENESIS	53	0.543	0.001364	0.514	0.000179	0.514	0.000837	32	32	27	5
GOBP_ERAD_PATHWAY	53	0.514	0.000124	0.371	-0.000494	0.371	-0.001372	110	112	43	3
GOBP_ERBB2_SIGNALING_PATHWAY	53	0.371	-0.001463	0.4	-0.001312	0.371	-0.000667	23	23	13	7
GOBP_ERK1_AND_ERK2_CASCADE	53	0.629	0.000885	0.486	-4.2e-05	0.257	-0.000648	303	330	186	6
GOBP_ERYTHROCYTE_MATURATION	53	0.6	0.000863	0.543	0.000888	0.486	-0.000112	24	24	13	4
GOBP_ERYTHROSE_4_PHOSPHATE_PHOSPHOENOLPYRUVATE_FAMILY_AMINO_ACID_METABOLIC_PROCESS	53	0.4	-0.000852	0.4	-0.000577	0.486	-0.000336	28	28	13	
GOBP_ESTABLISHMENT_OF_ENDOTHELIAL_BARRIER	53	0.514	0.000349	0.543	0.000742	0.429	-0.00089	54	54	34	6
GOBP_ESTABLISHMENT_OF_EPITHELIAL_CELL_POLARITY	53	0.4	-0.000821	0.4	-0.001426	0.4	-0.001466	32	33	17	4
GOBP_ESTABLISHMENT_OF_MITOCHONDRION_LOCALIZATION_MICROTUBULE_MEDIATED	53	0.429	-0.000341	0.457	-0.000157	0.6	0.000835	27	28	12	4
GOBP_ESTABLISHMENT_OF_MITOTIC_SPINDLE_LOCALIZATION	53	0.6	0.000529	0.571	0.000638	0.714	0.001096	42	42	17	5
GOBP_ESTABLISHMENT_OF_PIGMENT_GRANULE_LOCALIZATION	53	0.486	-3e-05	0.514	0.000307	0.514	1.1e-05	24	24	7	4
GOBP_ESTABLISHMENT_OF_PROTEIN_LOCALIZATION_TO_CHROMOSOME	53	0.457	-0.000238	0.486	-0.000421	0.486	-9.6e-05	19	22	6	5
GOBP_ESTABLISHMENT_OF_PROTEIN_LOCALIZATION_TO_MITOCHONDRIAL_MEMBRANE	53	0.486	-0.001472	0.457	-0.00283	0.514	0.000516	33	33	11	
GOBP_ESTABLISHMENT_OF_PROTEIN_LOCALIZATION_TO_PEROXISOME	53	0.429	-0.000441	0.429	-0.0006	0.543	0.000266	20	20	5	5
GOBP_ESTABLISHMENT_OF_SKIN_BARRIER	53	0.371	-0.00122	0.514	3.1e-05	0.514	0.000542	36	37	28	7
GOBP_ESTABLISHMENT_OF_TISSUE_POLARITY	53	0.486	-4.7e-05	0.4	-0.000765	0.371	-0.001091	32	32	18	3
GOBP_ESTABLISHMENT_OR_MAINTENANCE_OF_BIPOLAR_CELL_POLARITY	53	0.457	-0.000235	0.514	3.7e-05	0.429	-0.000276	54	56	28	3
GOBP_ESTABLISHMENT_OR_MAINTENANCE_OF_MONOPOLAR_CELL_POLARITY	53	0.543	0.001065	0.543	0.000408	0.543	0.000235	26	27	15	3
GOBP_ESTROGEN_METABOLIC_PROCESS	53	0.4	-0.000428	0.4	-0.000167	0.6	0.000379	38	39	19	4
GOBP_ESTROGEN_RECEPTOR_SIGNALING_PATHWAY	53	0.6	0.000685	0.514	0.0007	0.429	-0.00067	56	58	23	6
GOBP_EXIT_FROM_MITOSIS	53	0.543	0.000827	0.543	0.000528	0.486	-0.001132	31	32	13	5
GOBP_EXPLORATION_BEHAVIOR	53	0.371	-0.00049	0.286	-0.00105	0.171	-0.001195	38	40	27	3
GOBP_EXTRACELLULAR_MATRIX_ASSEMBLY	53	0.571	0.00195	0.514	0.001702	0.4	-0.001657	41	50	29	5
GOBP_EXTRACELLULAR_MATRIX_DISASSEMBLY	53	0.657	0.002674	0.514	0.000159	0.229	-0.002184	67	74	47	5
GOBP_EXTRACELLULAR_TRANSPORT	53	0.4	-0.000166	0.457	-4.2e-05	0.4	-0.000167	49	54	20	4
GOBP_EXTRACELLULAR_VESICLE_BIOGENESIS	53	0.343	-0.0034	0.4	-0.001415	0.457	-0.001053	25	25	9	4
GOBP_EXTRINSIC_APOPTOTIC_SIGNALING_PATHWAY_VIA_DEATH_DOMAIN_RECEPTORS	53	0.6	0.001563	0.486	-0.000201	0.286	-0.001254	83	86	33	5
GOBP_EYE_PHOTORECEPTOR_CELL_DEVELOPMENT	53	0.371	-0.000857	0.371	-0.000822	0.429	-0.000436	39	39	19	6
GOBP_FACE_MORPHOGENESIS	53	0.571	0.001078	0.4	-0.000227	0.371	-0.001322	33	33	16	3
GOBP_FATTY_ACID_BETA_OXIDATION	53	0.286	-0.001165	0.4	-0.001234	0.429	-0.000445	72	72	29	6
GOBP_FATTY_ACID_TRANSMEMBRANE_TRANSPORT	53	0.543	0.000436	0.429	-0.000421	0.486	-0.000441	20	20	12	4
GOBP_FATTY_ACYL_COA_BIOSYNTHETIC_PROCESS	53	0.314	-0.001201	0.429	-0.000625	0.543	0.00011	28	28	14	6
GOBP_FAT_SOLUBLE_VITAMIN_METABOLIC_PROCESS	53	0.429	-0.000558	0.4	-0.00061	0.371	-0.000779	49	49	32	
GOBP_FC_EPSILON_RECEPTOR_SIGNALING_PATHWAY	53	0.514	0.000265	0.429	-0.000597	0.429	-0.000924	25	25	10	6
GOBP_FC_GAMMA_RECEPTOR_SIGNALING_PATHWAY	53	0.514	1.9e-05	0.486	-0.000168	0.371	-0.000601	36	38	16	6
GOBP_FEAR_RESPONSE	53	0.429	-0.000383	0.343	-0.000675	0.371	-0.000668	53	54	38	3
GOBP_FEMALE_MEIOTIC_NUCLEAR_DIVISION	53	0.371	-0.000534	0.486	-0.000108	0.514	0.000181	41	43	23	4
GOBP_FIBRINOLYSIS	53	0.629	0.000812	0.486	-9.9e-05	0.286	-0.001597	26	27	17	6
GOBP_FIBROBLAST_GROWTH_FACTOR_RECEPTOR_SIGNALING_PATHWAY	53	0.629	0.000793	0.457	-0.000378	0.343	-0.000373	86	93	47	6
GOBP_FIBROBLAST_PROLIFERATION	53	0.657	0.001168	0.486	-8.3e-05	0.314	-0.001443	110	114	64	3
GOBP_FILOPODIUM_ASSEMBLY	53	0.486	-4.4e-05	0.429	-0.000249	0.514	6.1e-05	68	68	34	7
GOBP_FOAM_CELL_DIFFERENTIATION	53	0.486	0.0	0.4	-0.000113	0.429	-0.000646	39	41	28	4
GOBP_FOCAL_ADHESION_ASSEMBLY	53	0.686	0.001683	0.6	0.00054	0.486	-0.000151	84	84	37	5
GOBP_FOREBRAIN_NEURON_DEVELOPMENT	53	0.286	-0.000954	0.286	-0.001281	0.2	-0.001389	38	39	26	6
GOBP_FOREBRAIN_REGIONALIZATION	53	0.486	0.0	0.486	-0.000133	0.486	-8.3e-05	24	24	18	4
GOBP_G0_TO_G1_TRANSITION	53	0.657	0.001047	0.657	0.000639	0.543	0.000513	40	42	19	3
GOBP_G1_TO_G0_TRANSITION	53	0.514	0.000413	0.486	-0.000486	0.543	0.000102	19	20	8	3
GOBP_GABAERGIC_NEURON_DIFFERENTIATION	53	0.6	0.001019	0.543	0.000609	0.4	-0.001142	21	21	14	5
GOBP_GAMMA_AMINOBUTYRIC_ACID_SIGNALING_PATHWAY	53	0.6	0.001086	0.514	0.000634	0.514	0.000209	30	30	22	4
GOBP_GAMMA_DELTA_T_CELL_ACTIVATION	53	0.686	0.001769	0.686	0.001162	0.457	-0.000274	28	28	18	5
GOBP_GANGLIOSIDE_METABOLIC_PROCESS	53	0.314	-0.00113	0.286	-0.001307	0.343	-0.00166	29	29	15	7
GOBP_GASTRULATION_WITH_MOUTH_FORMING_SECOND	53	0.657	0.000626	0.6	0.000615	0.686	0.001083	27	28	12	5
GOBP_GAS_TRANSPORT	53	0.457	0.0	0.514	4.9e-05	0.486	-5.4e-05	22	22	16	4
GOBP_GENOMIC_IMPRINTING	53	0.486	-0.000502	0.429	-0.000331	0.371	-0.001159	21	21	8	4
GOBP_GLANDULAR_EPITHELIAL_CELL_DIFFERENTIATION	53	0.629	0.001139	0.629	0.0004	0.4	-0.000797	36	36	25	6
GOBP_GLIAL_CELL_PROLIFERATION	53	0.514	8e-06	0.4	-0.000411	0.4	-0.000789	57	62	33	3
GOBP_GLOMERULAR_EPITHELIUM_DEVELOPMENT	53	0.543	0.000171	0.571	0.000129	0.457	-0.001278	28	28	20	5
GOBP_GLUCAN_METABOLIC_PROCESS	53	0.429	-0.000212	0.4	-0.000449	0.457	-0.000139	84	89	36	5
GOBP_GLUCOCORTICOID_METABOLIC_PROCESS	53	0.4	-0.000616	0.371	-0.000867	0.343	-0.000901	26	26	18	6
GOBP_GLUCOSAMINE_CONTAINING_COMPOUND_METABOLIC_PROCESS	53	0.486	-1.2e-05	0.343	-0.001013	0.343	-0.000735	26	26	12	
GOBP_GLUCOSE_CATABOLIC_PROCESS	53	0.457	-0.000639	0.514	8.9e-05	0.429	-0.001431	29	30	17	7
GOBP_GLUTAMATE_METABOLIC_PROCESS	53	0.343	-0.000863	0.457	-0.000764	0.4	-0.000963	33	34	16	5
GOBP_GLUTAMATE_SECRETION	53	0.6	0.000863	0.657	0.000822	0.629	0.000575	30	30	17	4
GOBP_GLUTAMINE_FAMILY_AMINO_ACID_CATABOLIC_PROCESS	53	0.314	-0.002245	0.371	-0.001712	0.314	-0.00184	25	26	17	
GOBP_GLUTAMINE_FAMILY_AMINO_ACID_METABOLIC_PROCESS	53	0.314	-0.000621	0.343	-0.000787	0.457	-0.000163	68	71	37	
GOBP_GLUTAMINE_METABOLIC_PROCESS	53	0.514	0.000237	0.486	-0.000231	0.429	-0.001501	19	20	10	
GOBP_GLUTATHIONE_METABOLIC_PROCESS	53	0.371	-0.002789	0.314	-0.002439	0.286	-0.001664	51	58	29	4
GOBP_GLYCEROL_ETHER_METABOLIC_PROCESS	53	0.429	-0.00111	0.429	-0.001006	0.429	-0.000796	21	22	9	
GOBP_GLYCEROPHOSPHOLIPID_CATABOLIC_PROCESS	53	0.314	-0.001447	0.429	-0.000779	0.457	-0.000409	33	34	15	6
GOBP_GLYCOLIPID_CATABOLIC_PROCESS	53	0.314	-0.002066	0.286	-0.002877	0.286	-0.002319	20	26	12	5
GOBP_GLYCOLYTIC_PROCESS_THROUGH_GLUCOSE_6_PHOSPHATE	53	0.429	-0.001643	0.4	-0.002002	0.486	-0.000383	22	22	12	6
GOBP_GLYCOPROTEIN_CATABOLIC_PROCESS	53	0.457	-0.000238	0.371	-0.001203	0.343	-0.001861	38	39	18	5
GOBP_GLYCOSAMINOGLYCAN_BIOSYNTHETIC_PROCESS	53	0.371	-0.000322	0.371	-0.000603	0.343	-0.001151	45	45	23	6
GOBP_GLYCOSAMINOGLYCAN_CATABOLIC_PROCESS	53	0.4	-0.001667	0.4	-0.001577	0.4	-0.001391	26	26	15	6
GOBP_GLYCOSPHINGOLIPID_BIOSYNTHETIC_PROCESS	53	0.571	0.000127	0.571	0.000171	0.514	9e-06	40	40	25	6
GOBP_GLYCOSYLATION	53	0.314	-0.000822	0.343	-0.000806	0.371	-0.000406	243	247	120	
GOBP_GLYCOSYLCERAMIDE_METABOLIC_PROCESS	53	0.4	-0.001292	0.486	-0.000762	0.543	0.000817	16	21	11	7
GOBP_GLYCOSYL_COMPOUND_BIOSYNTHETIC_PROCESS	53	0.4	-0.000934	0.4	-0.000509	0.371	-0.000655	23	25	11	5
GOBP_GLYCOSYL_COMPOUND_METABOLIC_PROCESS	53	0.486	-0.000409	0.429	-0.000318	0.457	-0.000198	68	74	34	
GOBP_GMP_METABOLIC_PROCESS	53	0.4	-0.001148	0.314	-0.001328	0.429	-0.00126	28	28	16	6
GOBP_GOLGI_ORGANIZATION	53	0.4	-0.000583	0.343	-0.000972	0.514	1.5e-05	151	156	39	5
GOBP_GOLGI_TO_PLASMA_MEMBRANE_PROTEIN_TRANSPORT	53	0.514	0.000192	0.486	-0.000195	0.514	0.000107	43	44	11	5
GOBP_GPI_ANCHOR_METABOLIC_PROCESS	53	0.4	-0.000194	0.457	-0.000138	0.457	-0.000102	31	32	13	6
GOBP_GRANULOCYTE_DIFFERENTIATION	53	0.6	0.000504	0.543	6.7e-05	0.429	-0.000408	42	43	30	6
GOBP_GROWTH_PLATE_CARTILAGE_DEVELOPMENT	53	0.486	-0.000108	0.429	-0.000478	0.343	-0.000673	21	21	8	5
GOBP_GTP_METABOLIC_PROCESS	53	0.429	-0.002208	0.371	-0.000789	0.429	-0.001107	24	25	9	6
GOBP_G_PROTEIN_COUPLED_ACETYLCHOLINE_RECEPTOR_SIGNALING_PATHWAY	53	0.6	0.001066	0.543	0.000671	0.343	-0.001079	21	21	12	4
GOBP_G_PROTEIN_COUPLED_DOPAMINE_RECEPTOR_SIGNALING_PATHWAY	53	0.629	0.001057	0.6	0.000478	0.314	-0.00051	34	35	18	4
GOBP_G_PROTEIN_COUPLED_RECEPTOR_SIGNALING_PATHWAY_COUPLED_TO_CYCLIC_NUCLEOTIDE_SECOND_MESSENGER	53	0.4	0.0	0.457	-0.0001	0.457	-0.000326	56	56	42	4
GOBP_HEART_FORMATION	53	0.314	-0.000627	0.343	-0.000824	0.429	-0.000329	33	34	18	4
GOBP_HEART_TRABECULA_MORPHOGENESIS	53	0.514	0.000159	0.486	-0.000186	0.457	-0.000571	34	34	21	4
GOBP_HEMATOPOIETIC_STEM_CELL_DIFFERENTIATION	53	0.457	-0.000744	0.4	-8.8e-05	0.4	-0.001029	37	37	18	5
GOBP_HEMATOPOIETIC_STEM_CELL_HOMEOSTASIS	53	0.571	0.000494	0.486	-2.6e-05	0.543	0.000438	28	29	14	4
GOBP_HEMATOPOIETIC_STEM_CELL_PROLIFERATION	53	0.686	0.001514	0.629	0.00148	0.629	0.00071	34	37	20	4
GOBP_HEPARAN_SULFATE_PROTEOGLYCAN_BIOSYNTHETIC_PROCESS	53	0.543	0.000292	0.6	0.000761	0.514	0.000139	34	34	15	7
GOBP_HEPATOCYTE_APOPTOTIC_PROCESS	53	0.514	0.000367	0.571	0.001303	0.457	-0.00176	19	20	5	6
GOBP_HETEROPHILIC_CELL_CELL_ADHESION_VIA_PLASMA_MEMBRANE_CELL_ADHESION_MOLECULES	53	0.514	2.4e-05	0.457	-0.000139	0.4	-0.000307	47	47	29	
GOBP_HETEROTYPIC_CELL_CELL_ADHESION	53	0.514	0.000318	0.486	-0.000623	0.429	-0.000634	62	63	43	4
GOBP_HIGH_DENSITY_LIPOPROTEIN_PARTICLE_REMODELING	53	0.543	0.000744	0.343	-0.000941	0.257	-0.002676	20	21	15	4
GOBP_HIPPO_SIGNALING	53	0.514	0.000232	0.429	-0.000691	0.486	-4.4e-05	55	58	20	4
GOBP_HISTONE_MRNA_METABOLIC_PROCESS	53	0.629	0.001097	0.6	0.00064	0.6	0.001218	24	24	5	7
GOBP_HOMEOSTASIS_OF_NUMBER_OF_CELLS_WITHIN_A_TISSUE	53	0.543	0.000258	0.486	-4.4e-05	0.4	-0.000509	43	43	22	4
GOBP_HOMOLOGOUS_CHROMOSOME_PAIRING_AT_MEIOSIS	53	0.6	0.000113	0.6	0.000218	0.571	0.000114	52	54	26	4
GOBP_HOMOLOGOUS_RECOMBINATION	53	0.543	4.7e-05	0.543	1.2e-05	0.514	6.5e-05	66	68	35	7
GOBP_HOMOPHILIC_CELL_ADHESION_VIA_PLASMA_MEMBRANE_ADHESION_MOLECULES	53	0.371	-0.000703	0.4	-0.000382	0.543	0.000198	168	171	102	
GOBP_HOST_MEDIATED_SUPPRESSION_OF_SYMBIONT_INVASION	53	0.771	0.003934	0.486	-0.000245	0.286	-0.004785	24	24	13	4
GOBP_HYALURONAN_METABOLIC_PROCESS	53	0.514	0.000159	0.457	-0.000991	0.514	0.000168	34	34	24	6
GOBP_HYDROGEN_PEROXIDE_CATABOLIC_PROCESS	53	0.314	-0.003745	0.314	-0.003123	0.371	-0.00169	30	32	20	4
GOBP_HYPERSENSITIVITY	53	0.886	0.006629	0.657	0.002551	0.2	-0.003564	19	21	16	5
GOBP_HYPOTHALAMUS_DEVELOPMENT	53	0.429	-0.000803	0.4	-0.001066	0.371	-0.000769	30	30	23	4
GOBP_IMMUNE_RESPONSE_REGULATING_CELL_SURFACE_RECEPTOR_SIGNALING_PATHWAY_INVOLVED_IN_PHAGOCYTOSIS	53	0.343	-0.000925	0.4	-0.000404	0.371	-0.000762	25	25	9	
GOBP_IMMUNOGLOBULIN_PRODUCTION_INVOLVED_IN_IMMUNOGLOBULIN_MEDIATED_IMMUNE_RESPONSE	53	0.429	-0.000605	0.343	-0.000719	0.314	-0.000559	58	59	28	4
GOBP_IMMUNOLOGICAL_MEMORY_PROCESS	53	0.657	0.002229	0.571	0.000649	0.343	-0.002251	21	21	16	2
GOBP_INCLUSION_BODY_ASSEMBLY	53	0.486	-0.000215	0.486	-2.7e-05	0.457	-0.000976	31	32	17	5
GOBP_INDOLE_CONTAINING_COMPOUND_METABOLIC_PROCESS	53	0.343	-0.000617	0.371	-0.000251	0.486	-0.00014	25	27	13	3
GOBP_INFLAMMASOME_MEDIATED_SIGNALING_PATHWAY	53	0.686	0.001184	0.6	0.000437	0.571	0.000233	58	60	22	5
GOBP_INFLAMMATORY_CELL_APOPTOTIC_PROCESS	53	0.571	0.001151	0.486	-0.000637	0.4	-0.000525	22	23	13	5
GOBP_INFLAMMATORY_RESPONSE_TO_WOUNDING	53	0.6	0.001553	0.543	0.000102	0.4	-0.001311	28	30	19	4
GOBP_INHIBITORY_SYNAPSE_ASSEMBLY	53	0.457	0.0	0.371	-0.000152	0.4	-0.000191	29	29	22	6
GOBP_INNATE_IMMUNE_RESPONSE_IN_MUCOSA	53	0.486	0.0	0.429	-6.5e-05	0.486	-0.000182	18	27	11	4
GOBP_INNERVATION	53	0.771	0.003609	0.686	0.001938	0.629	0.00055	29	30	19	2
GOBP_INOSITOL_PHOSPHATE_BIOSYNTHETIC_PROCESS	53	0.343	-0.00145	0.429	-0.00093	0.4	-0.000787	26	26	16	5
GOBP_INSULIN_LIKE_GROWTH_FACTOR_RECEPTOR_SIGNALING_PATHWAY	53	0.657	0.001097	0.457	-0.000161	0.429	-0.000126	52	54	24	6
GOBP_INSULIN_RECEPTOR_SIGNALING_PATHWAY	53	0.571	0.000338	0.486	-6e-06	0.429	-0.000742	129	137	48	6
GOBP_INSULIN_SECRETION_INVOLVED_IN_CELLULAR_RESPONSE_TO_GLUCOSE_STIMULUS	53	0.4	-0.000396	0.371	-0.000986	0.486	-7e-06	74	75	35	4
GOBP_INTEGRIN_ACTIVATION	53	0.629	0.002013	0.486	-3.3e-05	0.343	-0.001715	27	27	15	6
GOBP_INTEGRIN_MEDIATED_SIGNALING_PATHWAY	53	0.743	0.003352	0.657	0.00247	0.371	-0.001664	118	119	74	4
GOBP_INTERFERON_BETA_PRODUCTION	53	0.543	0.000156	0.4	-0.000867	0.371	-0.00108	60	63	21	4
GOBP_INTERLEUKIN_10_PRODUCTION	53	0.629	0.001121	0.486	-3.9e-05	0.371	-0.000396	61	67	40	3
GOBP_INTERLEUKIN_12_PRODUCTION	53	0.743	0.00131	0.514	0.000144	0.314	-0.001739	63	64	36	3
GOBP_INTERLEUKIN_13_PRODUCTION	53	0.6	0.000934	0.429	-0.000212	0.286	-0.001656	22	22	12	3
GOBP_INTERLEUKIN_17_PRODUCTION	53	0.543	0.000161	0.514	0.000175	0.457	-0.000253	40	49	24	3
GOBP_INTERLEUKIN_1_BETA_PRODUCTION	53	0.657	0.002069	0.571	0.000723	0.429	-0.000441	95	113	55	4
GOBP_INTERLEUKIN_1_MEDIATED_SIGNALING_PATHWAY	53	0.514	0.00023	0.343	-0.00151	0.286	-0.001898	30	35	14	5
GOBP_INTERLEUKIN_2_PRODUCTION	53	0.686	0.001274	0.543	0.000397	0.314	-0.000854	65	67	39	3
GOBP_INTERLEUKIN_5_PRODUCTION	53	0.4	-0.000189	0.457	-9.1e-05	0.4	-0.000147	22	22	12	3
GOBP_INTERLEUKIN_6_MEDIATED_SIGNALING_PATHWAY	53	0.657	0.00151	0.571	0.000644	0.514	0.000134	18	27	9	5
GOBP_INTERLEUKIN_6_PRODUCTION	53	0.686	0.000922	0.514	2.9e-05	0.229	-0.001005	147	177	84	3
GOBP_INTERLEUKIN_8_PRODUCTION	53	0.6	0.000396	0.371	-0.00044	0.343	-0.00136	84	105	46	3
GOBP_INTERMEDIATE_FILAMENT_ORGANIZATION	53	0.486	-7e-06	0.571	0.000385	0.543	0.000127	73	75	55	4
GOBP_INTERMEMBRANE_LIPID_TRANSFER	53	0.343	-0.001541	0.371	-0.001487	0.343	-0.001349	34	37	15	5
GOBP_INTERSTRAND_CROSS_LINK_REPAIR	53	0.514	0.000128	0.6	0.000717	0.543	0.000185	40	42	18	6
GOBP_INTESTINAL_EPITHELIAL_CELL_DIFFERENTIATION	53	0.371	-0.001321	0.429	-0.000726	0.486	-0.000352	25	26	14	5
GOBP_INTESTINAL_LIPID_ABSORPTION	53	0.314	-0.000426	0.314	-0.000709	0.486	-0.000368	24	24	18	5
GOBP_INTRACELLULAR_IRON_ION_HOMEOSTASIS	53	0.4	-0.000384	0.286	-0.001277	0.4	-0.000828	73	77	40	4
GOBP_INTRACELLULAR_SODIUM_ION_HOMEOSTASIS	53	0.229	-0.004782	0.229	-0.002464	0.457	-0.000676	22	22	15	5
GOBP_INTRACELLULAR_STEROL_TRANSPORT	53	0.4	-0.000829	0.371	-0.001319	0.4	-0.001233	33	37	14	5
GOBP_INTRACELLULAR_ZINC_ION_HOMEOSTASIS	53	0.371	-0.0015	0.457	-0.000467	0.371	-0.001233	34	35	21	4
GOBP_INTRACILIARY_TRANSPORT	53	0.429	-0.000315	0.371	-0.000444	0.4	-8.4e-05	42	50	9	5
GOBP_INTRA_GOLGI_VESICLE_MEDIATED_TRANSPORT	53	0.486	-0.001057	0.457	-0.000709	0.4	-0.001633	35	35	7	4
GOBP_INTRINSIC_APOPTOTIC_SIGNALING_PATHWAY_IN_RESPONSE_TO_DNA_DAMAGE_BY_P53_CLASS_MEDIATOR	53	0.457	-0.000178	0.371	-0.001761	0.314	-0.002841	45	48	26	6
GOBP_INTRINSIC_APOPTOTIC_SIGNALING_PATHWAY_IN_RESPONSE_TO_ENDOPLASMIC_RETICULUM_STRESS	53	0.429	-0.000234	0.371	-0.00149	0.229	-0.001949	67	67	27	5
GOBP_IONOTROPIC_GLUTAMATE_RECEPTOR_SIGNALING_PATHWAY	53	0.457	-0.000399	0.514	1.6e-05	0.543	7.6e-05	31	31	15	4
GOBP_IRE1_MEDIATED_UNFOLDED_PROTEIN_RESPONSE	53	0.457	-0.000708	0.514	0.000381	0.457	-0.001568	22	22	10	5
GOBP_IRON_ION_TRANSMEMBRANE_TRANSPORT	53	0.257	-0.002036	0.257	-0.002046	0.343	-0.001796	22	23	16	5
GOBP_ISOPRENOID_BIOSYNTHETIC_PROCESS	53	0.314	-0.001295	0.314	-0.001104	0.371	-0.000505	30	30	22	5
GOBP_JNK_CASCADE	53	0.6	0.000298	0.486	-0.0001	0.371	-0.000402	184	186	82	6
GOBP_KERATINIZATION	53	0.257	-0.000122	0.486	-1.7e-05	0.457	-2.8e-05	76	82	51	2
GOBP_KERATINOCYTE_MIGRATION	53	0.4	-0.000812	0.371	-0.001101	0.429	-0.000925	20	20	13	5
GOBP_KERATINOCYTE_PROLIFERATION	53	0.343	-0.001157	0.314	-0.000903	0.314	-0.000576	59	63	35	4
GOBP_KETONE_BIOSYNTHETIC_PROCESS	53	0.457	-0.000657	0.486	-0.000497	0.371	-0.000545	52	53	30	4
GOBP_KINETOCHORE_ORGANIZATION	53	0.571	0.000251	0.457	-0.000298	0.429	-9.7e-05	21	21	13	6
GOBP_LABYRINTHINE_LAYER_BLOOD_VESSEL_DEVELOPMENT	53	0.543	0.001666	0.486	-0.000477	0.371	-0.00178	21	21	12	5
GOBP_LACTATE_METABOLIC_PROCESS	53	0.457	-0.001588	0.486	-0.000687	0.429	-0.001784	19	20	6	7
GOBP_LACTATION	53	0.543	0.000652	0.543	8.1e-05	0.6	0.000365	39	41	22	5
GOBP_LAMELLIPODIUM_ASSEMBLY	53	0.629	0.000597	0.514	0.000417	0.429	-0.000439	70	72	38	7
GOBP_LATE_ENDOSOME_TO_LYSOSOME_TRANSPORT	53	0.371	-0.001748	0.314	-0.001508	0.429	-0.001172	21	22	4	3
GOBP_LATE_ENDOSOME_TO_VACUOLE_TRANSPORT_VIA_MULTIVESICULAR_BODY_SORTING_PATHWAY	53	0.486	-4e-06	0.486	-0.000261	0.514	0.000215	27	28	6	4
GOBP_LENS_FIBER_CELL_DIFFERENTIATION	53	0.543	0.000473	0.514	5.3e-05	0.286	-0.001492	40	40	23	5
GOBP_LENS_MORPHOGENESIS_IN_CAMERA_TYPE_EYE	53	0.543	5.8e-05	0.429	-0.000754	0.514	8e-05	24	24	14	3
GOBP_LEUKOCYTE_ACTIVATION_INVOLVED_IN_INFLAMMATORY_RESPONSE	53	0.6	0.001228	0.571	0.000721	0.314	-0.001973	49	52	32	3
GOBP_LEUKOCYTE_DEGRANULATION	53	0.829	0.001383	0.6	0.000369	0.314	-0.000839	80	83	46	3
GOBP_LEUKOCYTE_MIGRATION_INVOLVED_IN_INFLAMMATORY_RESPONSE	53	0.543	0.000343	0.457	-0.001468	0.371	-0.001525	21	21	19	3
GOBP_LEUKOCYTE_TETHERING_OR_ROLLING	53	0.657	0.000978	0.571	0.000328	0.429	-0.001142	32	32	24	4
GOBP_LEUKOTRIENE_BIOSYNTHETIC_PROCESS	53	0.314	-0.0005	0.429	-0.000435	0.343	-0.000599	18	21	9	7
GOBP_LINOLEIC_ACID_METABOLIC_PROCESS	53	0.429	-8.9e-05	0.371	-0.00042	0.457	-0.000539	21	22	10	4
GOBP_LIPID_DIGESTION	53	0.429	0.0	0.486	-4.3e-05	0.371	-0.00016	21	22	15	3
GOBP_LIPID_DROPLET_ORGANIZATION	53	0.343	-0.00107	0.286	-0.00112	0.371	-0.001178	38	39	15	5
GOBP_LIPID_IMPORT_INTO_CELL	53	0.6	0.001777	0.543	0.000791	0.6	0.001047	20	22	13	5
GOBP_LIPOPOLYSACCHARIDE_MEDIATED_SIGNALING_PATHWAY	53	0.514	0.000307	0.457	-0.000386	0.429	-0.000727	63	63	33	4
GOBP_LIPOPROTEIN_LOCALIZATION	53	0.486	-0.000469	0.457	-0.001609	0.429	-0.000609	23	27	14	3
GOBP_LIVER_MORPHOGENESIS	53	0.714	0.00387	0.514	0.000122	0.457	-0.001161	23	24	15	5
GOBP_LIVER_REGENERATION	53	0.514	0.000376	0.514	0.000342	0.429	-0.000373	26	27	15	5
GOBP_LONG_CHAIN_FATTY_ACID_BIOSYNTHETIC_PROCESS	53	0.486	-0.000201	0.429	-0.000428	0.429	-0.000808	38	40	20	6
GOBP_LONG_CHAIN_FATTY_ACYL_COA_METABOLIC_PROCESS	53	0.314	-0.002278	0.314	-0.001633	0.4	-0.000757	25	25	15	6
GOBP_LONG_TERM_MEMORY	53	0.486	-0.000139	0.4	-0.000326	0.343	-0.000985	37	37	20	5
GOBP_LONG_TERM_SYNAPTIC_DEPRESSION	53	0.514	0.000357	0.571	0.000393	0.571	0.00042	33	33	19	4
GOBP_LONG_TERM_SYNAPTIC_POTENTIATION	53	0.514	3.3e-05	0.4	-0.000279	0.4	-0.000568	99	116	52	4
GOBP_LOW_DENSITY_LIPOPROTEIN_PARTICLE_CLEARANCE	53	0.4	-0.001572	0.371	-0.001102	0.486	-0.000159	30	37	20	3
GOBP_LUNG_ALVEOLUS_DEVELOPMENT	53	0.657	0.001278	0.486	-0.000254	0.457	-0.00072	55	55	33	4
GOBP_LUNG_CELL_DIFFERENTIATION	53	0.571	0.000989	0.6	0.00058	0.571	0.00063	30	30	17	4
GOBP_LUNG_EPITHELIUM_DEVELOPMENT	53	0.514	0.000114	0.6	0.000597	0.514	6.4e-05	48	48	26	6
GOBP_LYMPHANGIOGENESIS	53	0.486	-6e-05	0.429	-0.000882	0.457	-0.000756	19	20	13	3
GOBP_LYMPHOCYTE_COSTIMULATION	53	0.686	0.00097	0.457	-0.000184	0.343	-0.000789	49	50	31	2
GOBP_LYMPHOID_PROGENITOR_CELL_DIFFERENTIATION	53	0.571	0.000483	0.571	0.000645	0.514	0.000566	24	24	12	5
GOBP_LYMPH_NODE_DEVELOPMENT	53	0.6	0.000878	0.457	-0.000308	0.343	-0.000892	21	21	14	4
GOBP_LYSOSOMAL_LUMEN_ACIDIFICATION	53	0.429	-0.00028	0.429	-0.000657	0.314	-0.001059	24	24	7	6
GOBP_LYTIC_VACUOLE_ORGANIZATION	53	0.429	-0.000543	0.314	-0.001147	0.286	-0.001202	109	113	33	6
GOBP_L_AMINO_ACID_CATABOLIC_PROCESS	53	0.343	-0.000817	0.343	-0.000443	0.343	-0.000222	75	78	44	5
GOBP_L_GLUTAMATE_TRANSMEMBRANE_TRANSPORT	53	0.6	0.000823	0.486	-0.000289	0.4	-0.001107	34	34	17	5
GOBP_MACROPHAGE_ACTIVATION_INVOLVED_IN_IMMUNE_RESPONSE	53	0.571	0.001607	0.486	-8.3e-05	0.4	-0.000362	20	20	14	4
GOBP_MACROPHAGE_CHEMOTAXIS	53	0.457	-0.000589	0.429	-0.001465	0.371	-0.002758	42	43	33	4
GOBP_MACROPHAGE_CYTOKINE_PRODUCTION	53	0.743	0.00213	0.543	0.000654	0.257	-0.002808	38	38	20	5
GOBP_MACROPHAGE_DIFFERENTIATION	53	0.714	0.001462	0.571	0.000346	0.486	-0.000103	69	74	39	6
GOBP_MAGNESIUM_ION_TRANSPORT	53	0.314	-0.000395	0.4	-0.000385	0.4	-0.00028	21	21	11	7
GOBP_MAINTENANCE_OF_BLOOD_BRAIN_BARRIER	53	0.457	-0.000686	0.486	-0.001012	0.457	-0.000147	39	39	29	4
GOBP_MAINTENANCE_OF_GASTROINTESTINAL_EPITHELIUM	53	0.457	-0.001108	0.371	-0.001544	0.571	0.00049	24	25	18	4
GOBP_MAINTENANCE_OF_PROTEIN_LOCATION_IN_NUCLEUS	53	0.543	0.000825	0.457	-0.001203	0.486	-0.000872	26	26	7	5
GOBP_MAINTENANCE_OF_SYNAPSE_STRUCTURE	53	0.429	-0.000899	0.457	-0.000457	0.457	-0.000631	31	31	15	6
GOBP_MALE_GENITALIA_DEVELOPMENT	53	0.543	0.000709	0.571	0.000587	0.571	0.000316	23	23	13	4
GOBP_MALE_MEIOSIS_I	53	0.514	9e-06	0.514	7.8e-05	0.543	9.8e-05	28	29	16	5
GOBP_MAMMARY_GLAND_ALVEOLUS_DEVELOPMENT	53	0.371	-0.002236	0.486	-0.000134	0.514	0.001141	20	20	12	4
GOBP_MAMMARY_GLAND_EPITHELIAL_CELL_PROLIFERATION	53	0.343	-0.001811	0.286	-0.002302	0.429	-0.000339	27	28	13	4
GOBP_MANNOSYLATION	53	0.257	-0.000506	0.314	-0.000468	0.4	-0.000255	20	20	5	
GOBP_MAST_CELL_ACTIVATION_INVOLVED_IN_IMMUNE_RESPONSE	53	0.743	0.001056	0.6	0.00034	0.371	-0.000396	58	60	32	5
GOBP_MATING_BEHAVIOR	53	0.4	-0.000306	0.429	-0.000399	0.457	-0.000454	35	35	21	4
GOBP_MATURATION_OF_5_8S_RRNA_FROM_TRICISTRONIC_RRNA_TRANSCRIPT_SSU_RRNA_5_8S_RRNA_LSU_RRNA	53	0.486	0.0	0.514	9.5e-05	0.571	0.000438	22	23	9	7
GOBP_MATURATION_OF_LSU_RRNA	53	0.314	-0.001727	0.343	-0.001515	0.343	-0.001543	22	26	11	6
GOBP_MATURATION_OF_SSU_RRNA_FROM_TRICISTRONIC_RRNA_TRANSCRIPT_SSU_RRNA_5_8S_RRNA_LSU_RRNA	53	0.571	0.000542	0.486	-6e-06	0.6	0.000771	31	35	13	7
GOBP_MATURE_B_CELL_DIFFERENTIATION	53	0.457	-0.000353	0.343	-0.001074	0.286	-0.001652	42	42	27	6
GOBP_MEGAKARYOCYTE_DEVELOPMENT	53	0.714	0.002088	0.629	0.001456	0.457	-0.000119	23	23	8	6
GOBP_MEIOTIC_SPINDLE_ORGANIZATION	53	0.571	0.000428	0.514	4.3e-05	0.486	-6.1e-05	22	22	13	3
GOBP_MELANOCYTE_DIFFERENTIATION	53	0.6	0.000296	0.514	0.000204	0.486	-0.000274	24	24	16	4
GOBP_MEMBRANE_DEPOLARIZATION_DURING_CARDIAC_MUSCLE_CELL_ACTION_POTENTIAL	53	0.514	0.000104	0.571	9.4e-05	0.457	-0.000317	22	23	13	6
GOBP_MEMBRANE_DOCKING	53	0.4	-0.000879	0.457	-0.000256	0.4	-0.000381	89	89	34	2
GOBP_MEMBRANE_FISSION	53	0.429	-0.000309	0.343	-0.000822	0.514	4.6e-05	45	45	10	5
GOBP_MEMBRANE_LIPID_BIOSYNTHETIC_PROCESS	53	0.457	-2.9e-05	0.486	-7.1e-05	0.457	-0.000268	150	153	77	
GOBP_MEMBRANE_LIPID_CATABOLIC_PROCESS	53	0.229	-0.002253	0.171	-0.001978	0.229	-0.001972	47	54	27	
GOBP_MEMBRANE_LIPID_METABOLIC_PROCESS	53	0.486	-4.7e-05	0.429	-0.000306	0.371	-0.000426	214	222	116	
GOBP_MEMBRANE_PROTEIN_ECTODOMAIN_PROTEOLYSIS	53	0.6	0.000761	0.4	-0.001141	0.343	-0.002549	52	52	24	7
GOBP_MEMBRANE_RAFT_ORGANIZATION	53	0.6	0.001297	0.286	-0.002217	0.314	-0.001652	29	30	18	5
GOBP_MEMBRANE_REPOLARIZATION_DURING_ACTION_POTENTIAL	53	0.514	0.000171	0.486	-0.000112	0.543	0.00024	31	34	21	5
GOBP_MESENCHYMAL_CELL_MIGRATION	53	0.629	0.001489	0.6	0.000655	0.514	1.5e-05	62	62	44	5
GOBP_MESENCHYMAL_CELL_PROLIFERATION	53	0.486	-0.000246	0.571	0.000503	0.429	-0.000276	47	47	32	3
GOBP_MESENCHYMAL_TO_EPITHELIAL_TRANSITION	53	0.429	-0.000565	0.457	-0.000757	0.4	-0.000993	20	20	14	5
GOBP_MESODERMAL_CELL_DIFFERENTIATION	53	0.514	2.5e-05	0.457	-1.8e-05	0.514	0.000111	32	35	24	4
GOBP_MESONEPHRIC_TUBULE_MORPHOGENESIS	53	0.486	-1.2e-05	0.429	-0.000504	0.486	-0.000319	68	68	51	5
GOBP_METABOLIC_COMPOUND_SALVAGE	53	0.4	-0.000745	0.457	-0.000793	0.543	0.000219	33	35	17	4
GOBP_METALLO_SULFUR_CLUSTER_ASSEMBLY	53	0.429	-0.000836	0.343	-0.001135	0.343	-0.000401	25	27	8	5
GOBP_METANEPHRIC_NEPHRON_MORPHOGENESIS	53	0.514	0.000484	0.486	-5.7e-05	0.514	0.000258	23	23	16	4
GOBP_METANEPHRIC_TUBULE_DEVELOPMENT	53	0.343	-0.00151	0.343	-0.001197	0.429	-0.000524	24	24	17	4
GOBP_MHC_CLASS_II_BIOSYNTHETIC_PROCESS	53	0.771	0.001548	0.686	0.001028	0.457	-0.000197	20	20	8	5
GOBP_MICROAUTOPHAGY	53	0.429	-0.000359	0.457	-0.000775	0.429	-0.001261	22	22	4	4
GOBP_MICROTUBULE_ANCHORING	53	0.429	-0.000235	0.486	-0.000322	0.429	-0.000275	23	25	5	4
GOBP_MICROTUBULE_DEPOLYMERIZATION	53	0.571	0.000225	0.6	0.000343	0.629	0.000188	53	53	30	5
GOBP_MICROTUBULE_NUCLEATION	53	0.343	-0.001014	0.429	-0.000596	0.371	-0.000738	48	48	19	4
GOBP_MICROTUBULE_ORGANIZING_CENTER_LOCALIZATION	53	0.486	-0.000597	0.486	-0.000277	0.486	-0.0002	33	33	13	2
GOBP_MICROVILLUS_ASSEMBLY	53	0.457	-0.000683	0.457	-8.3e-05	0.486	-0.000141	22	23	15	7
GOBP_MIDBODY_ABSCISSION	53	0.4	-0.001532	0.4	-0.001601	0.457	-0.000385	23	24	7	5
GOBP_MIDDLE_EAR_MORPHOGENESIS	53	0.571	6.7e-05	0.543	0.000313	0.571	0.000765	21	22	14	4
GOBP_MIRNA_CATABOLIC_PROCESS	53	0.6	0.001481	0.514	0.000828	0.543	0.00051	14	20	4	7
GOBP_MIRNA_MEDIATED_GENE_SILENCING_BY_INHIBITION_OF_TRANSLATION	53	0.457	-0.000709	0.514	0.000425	0.457	-0.000262	18	99	5	9
GOBP_MIRNA_MEDIATED_GENE_SILENCING_BY_MRNA_DESTABILIZATION	53	0.486	-0.000218	0.486	-0.000335	0.429	-0.000298	8	105		6
GOBP_MIRNA_PROCESSING	53	0.686	0.00218	0.657	0.001257	0.571	0.001784	43	44	13	6
GOBP_MISMATCH_REPAIR	53	0.514	4.7e-05	0.543	0.000408	0.571	0.00016	32	36	18	6
GOBP_MITOCHONDRIAL_CALCIUM_ION_HOMEOSTASIS	53	0.543	0.000375	0.571	0.000253	0.514	7.4e-05	25	25	8	6
GOBP_MITOCHONDRIAL_CALCIUM_ION_TRANSMEMBRANE_TRANSPORT	53	0.371	-0.000936	0.371	-0.000858	0.514	0.000397	24	24	9	6
GOBP_MITOCHONDRIAL_DNA_METABOLIC_PROCESS	53	0.486	-3e-06	0.543	0.000252	0.514	9.6e-05	23	23	10	6
GOBP_MITOCHONDRIAL_ELECTRON_TRANSPORT_CYTOCHROME_C_TO_OXYGEN	53	0.314	-0.005217	0.343	-0.00549	0.4	-0.002788	18	23	15	7
GOBP_MITOCHONDRIAL_ELECTRON_TRANSPORT_NADH_TO_UBIQUINONE	53	0.371	-0.00312	0.429	-0.000656	0.4	-0.002562	43	52	17	7
GOBP_MITOCHONDRIAL_FISSION	53	0.6	0.000541	0.514	1.7e-05	0.343	-0.000881	40	43	15	6
GOBP_MITOCHONDRIAL_FUSION	53	0.429	-0.000965	0.457	-0.000769	0.457	-0.000313	36	36	10	6
GOBP_MITOCHONDRIAL_RESPIRATORY_CHAIN_COMPLEX_ASSEMBLY	53	0.371	-0.001089	0.371	-0.001672	0.486	-7.1e-05	93	103	34	6
GOBP_MITOCHONDRIAL_RNA_PROCESSING	53	0.486	0.0	0.6	0.00042	0.571	0.000456	24	24	8	5
GOBP_MITOCHONDRIAL_TRANSCRIPTION	53	0.371	-0.002137	0.343	-0.001265	0.371	-0.001211	20	21	5	7
GOBP_MITOCHONDRIAL_TRANSLATION	53	0.314	-0.001623	0.371	-0.00125	0.429	-0.000771	52	132	19	6
GOBP_MITOCHONDRION_DISTRIBUTION	53	0.371	-0.001086	0.4	-0.000738	0.4	-0.00059	20	21	8	4
GOBP_MITOPHAGY	53	0.343	-0.001153	0.371	-0.001297	0.429	-0.000572	94	97	31	5
GOBP_MITOTIC_G2_DNA_DAMAGE_CHECKPOINT_SIGNALING	53	0.686	0.000871	0.571	0.000468	0.6	0.000535	36	36	16	6
GOBP_MITOTIC_RECOMBINATION	53	0.6	0.00036	0.6	0.000449	0.543	0.000193	29	29	18	7
GOBP_MITOTIC_SISTER_CHROMATID_COHESION	53	0.429	-0.000283	0.4	-0.000501	0.4	-0.000907	30	31	15	4
GOBP_MITOTIC_SPINDLE_ASSEMBLY	53	0.629	0.000303	0.571	0.000633	0.543	0.00013	77	78	36	5
GOBP_MODIFICATION_OF_POSTSYNAPTIC_STRUCTURE	53	0.6	0.001466	0.6	0.00058	0.514	0.0001	35	35	15	7
GOBP_MODIFIED_AMINO_ACID_BIOSYNTHETIC_PROCESS	53	0.343	-0.00189	0.371	-0.001755	0.429	-0.000941	45	47	24	4
GOBP_MODIFIED_AMINO_ACID_CATABOLIC_PROCESS	53	0.314	-0.000678	0.457	-0.000331	0.457	-7.3e-05	33	35	18	4
GOBP_MODIFIED_AMINO_ACID_TRANSPORT	53	0.514	0.000334	0.514	9.7e-05	0.543	0.000348	41	42	24	5
GOBP_MODULATION_BY_HOST_OF_VIRAL_GENOME_REPLICATION	53	0.6	0.001531	0.6	0.000925	0.486	-0.000179	24	27	7	
GOBP_MODULATION_BY_HOST_OF_VIRAL_PROCESS	53	0.543	0.000256	0.457	-0.000239	0.457	-0.000496	47	50	20	
GOBP_MOLTING_CYCLE_PROCESS	53	0.714	0.000653	0.657	0.000706	0.514	0.000337	102	102	59	2
GOBP_MONOAMINE_TRANSPORT	53	0.457	-0.000204	0.371	-0.000674	0.286	-0.001175	73	75	50	
GOBP_MONOATOMIC_ANION_HOMEOSTASIS	53	0.571	0.000671	0.6	0.000519	0.743	0.001899	21	21	15	4
GOBP_MONOCYTE_CHEMOTACTIC_PROTEIN_1_PRODUCTION	53	0.457	-0.000657	0.429	-0.000994	0.343	-0.001698	19	20	12	4
GOBP_MONOCYTE_CHEMOTAXIS	53	0.629	0.000541	0.4	-0.000378	0.486	-0.000755	49	55	38	4
GOBP_MONOCYTE_DIFFERENTIATION	53	0.629	0.001605	0.4	-0.000818	0.257	-0.002708	36	37	24	6
GOBP_MONOSACCHARIDE_BIOSYNTHETIC_PROCESS	53	0.286	-0.001456	0.343	-0.001193	0.371	-0.001652	92	96	45	5
GOBP_MONOSACCHARIDE_TRANSMEMBRANE_TRANSPORT	53	0.486	-6.8e-05	0.371	-0.000297	0.457	-0.000184	117	122	58	4
GOBP_MORPHOGENESIS_OF_AN_EPITHELIAL_FOLD	53	0.714	0.001906	0.657	0.000894	0.6	0.001209	25	25	19	5
GOBP_MOTOR_BEHAVIOR	53	0.571	0.00021	0.514	0.000121	0.486	-0.000317	33	34	13	3
GOBP_MOTOR_NEURON_APOPTOTIC_PROCESS	53	0.6	0.001112	0.629	0.000913	0.486	-4.8e-05	21	21	7	6
GOBP_MOTOR_NEURON_AXON_GUIDANCE	53	0.257	-0.000565	0.314	-0.00086	0.486	-5.6e-05	25	26	18	7
GOBP_MRNA_3_END_PROCESSING	53	0.543	0.000494	0.571	0.00037	0.514	6.9e-05	41	41	12	6
GOBP_MRNA_5_SPLICE_SITE_RECOGNITION	53	0.686	0.002712	0.714	0.003643	0.629	0.004139	6	23		7
GOBP_MRNA_EXPORT_FROM_NUCLEUS	53	0.657	0.001314	0.6	0.000804	0.486	-0.000449	69	73	23	5
GOBP_MRNA_MODIFICATION	53	0.486	-0.001069	0.514	0.000534	0.543	0.000205	20	20	13	6
GOBP_MRNA_TRANSCRIPTION	53	0.543	0.000117	0.457	-0.000302	0.457	-0.000525	52	52	16	7
GOBP_MULTICELLULAR_ORGANISMAL_LEVEL_IRON_ION_HOMEOSTASIS	53	0.314	-0.001181	0.229	-0.002619	0.2	-0.00276	28	28	15	4
GOBP_MULTICELLULAR_ORGANISM_GROWTH	53	0.6	0.001293	0.657	0.000371	0.457	-0.000149	172	178	74	2
GOBP_MULTIVESICULAR_BODY_ORGANIZATION	53	0.486	-0.001124	0.429	-0.001445	0.371	-0.00058	33	33	7	6
GOBP_MUSCLE_CELL_CELLULAR_HOMEOSTASIS	53	0.457	-0.000207	0.486	-2e-06	0.371	-0.001193	26	26	13	3
GOBP_MUSCLE_HYPERTROPHY_IN_RESPONSE_TO_STRESS	53	0.371	-0.001318	0.4	-0.000947	0.371	-0.001766	26	34	8	3
GOBP_MYD88_DEPENDENT_TOLL_LIKE_RECEPTOR_SIGNALING_PATHWAY	53	0.486	-0.000296	0.429	-0.000934	0.429	-0.001193	21	21	7	7
GOBP_MYELIN_ASSEMBLY	53	0.486	-0.000109	0.457	-0.000764	0.543	0.00012	21	22	13	4
GOBP_MYELOID_CELL_APOPTOTIC_PROCESS	53	0.514	0.00019	0.486	-4.7e-05	0.371	-0.000589	40	41	23	5
GOBP_MYELOID_DENDRITIC_CELL_DIFFERENTIATION	53	0.486	-0.000188	0.429	-0.000947	0.4	-0.001567	21	21	12	5
GOBP_MYOBLAST_DIFFERENTIATION	53	0.6	0.000966	0.457	-0.00022	0.314	-0.00104	112	114	57	4
GOBP_MYOBLAST_FUSION	53	0.657	0.00145	0.571	0.000829	0.429	-0.001551	48	48	33	4
GOBP_MYOTUBE_CELL_DEVELOPMENT	53	0.486	-0.000531	0.229	-0.000993	0.257	-0.002113	42	44	24	6
GOBP_NADH_DEHYDROGENASE_COMPLEX_ASSEMBLY	53	0.286	-0.00273	0.343	-0.002257	0.371	-0.001276	37	43	13	6
GOBP_NADH_METABOLIC_PROCESS	53	0.429	-0.001587	0.4	-0.000573	0.514	0.000169	40	40	21	
GOBP_NAD_METABOLIC_PROCESS	53	0.429	-0.000716	0.457	-0.00017	0.6	0.000448	36	37	17	5
GOBP_NATURAL_KILLER_CELL_ACTIVATION_INVOLVED_IN_IMMUNE_RESPONSE	53	0.657	0.001224	0.6	0.000382	0.429	-0.00035	30	31	15	4
GOBP_NATURAL_KILLER_CELL_DIFFERENTIATION	53	0.571	0.000182	0.429	-0.000223	0.314	-0.001427	27	27	15	5
GOBP_NATURAL_KILLER_CELL_MEDIATED_IMMUNITY	53	0.629	0.000686	0.429	-0.000568	0.314	-0.00133	88	90	49	4
GOBP_NECROPTOTIC_PROCESS	53	0.543	0.000346	0.429	-0.000296	0.514	9e-05	39	48	16	5
GOBP_NEGATIVE_ADAPTATION_OF_SIGNALING_PATHWAY	53	0.543	0.000858	0.429	-0.000886	0.486	-0.000219	20	21	8	6
GOBP_NEGATIVE_CHEMOTAXIS	53	0.514	1.6e-05	0.457	-7e-06	0.429	-0.000174	45	45	34	4
GOBP_NEGATIVE_REGULATION_OF_ACTIN_FILAMENT_BUNDLE_ASSEMBLY	53	0.457	-0.000204	0.543	7.2e-05	0.486	-0.00023	33	38	16	6
GOBP_NEGATIVE_REGULATION_OF_AMINE_TRANSPORT	53	0.571	0.000283	0.571	0.00024	0.543	0.000297	25	25	19	5
GOBP_NEGATIVE_REGULATION_OF_AMYLOID_PRECURSOR_PROTEIN_BIOSYNTHETIC_PROCESS	53	0.629	0.00333	0.571	0.000737	0.429	-0.002077	7	20	5	9
GOBP_NEGATIVE_REGULATION_OF_AMYLOID_PRECURSOR_PROTEIN_CATABOLIC_PROCESS	53	0.514	0.000458	0.343	-0.00181	0.314	-0.002643	19	34	10	8
GOBP_NEGATIVE_REGULATION_OF_AXON_EXTENSION	53	0.4	-0.000533	0.4	-0.000594	0.457	-0.000171	33	33	20	6
GOBP_NEGATIVE_REGULATION_OF_BLOOD_CIRCULATION	53	0.429	-0.001212	0.4	-0.001521	0.343	-0.001152	23	26	13	5
GOBP_NEGATIVE_REGULATION_OF_BLOOD_VESSEL_ENDOTHELIAL_CELL_PROLIFERATION_INVOLVED_IN_SPROUTING_ANGIOGENESIS	53	0.771	0.002742	0.714	0.002517	0.429	-0.000589	7	26	7	8
GOBP_NEGATIVE_REGULATION_OF_BMP_SIGNALING_PATHWAY	53	0.543	0.000519	0.429	-0.000463	0.4	-0.000873	60	75	36	6
GOBP_NEGATIVE_REGULATION_OF_BONE_MINERALIZATION	53	0.6	0.0019	0.543	0.000291	0.457	-0.001283	19	20	10	6
GOBP_NEGATIVE_REGULATION_OF_B_CELL_ACTIVATION	53	0.743	0.001869	0.6	0.000862	0.429	-0.001139	33	34	21	7
GOBP_NEGATIVE_REGULATION_OF_CALCIUM_ION_TRANSMEMBRANE_TRANSPORT	53	0.457	-0.000769	0.514	0.000186	0.429	-0.000323	36	42	18	7
GOBP_NEGATIVE_REGULATION_OF_CALCIUM_MEDIATED_SIGNALING	53	0.543	3.2e-05	0.486	-0.000216	0.371	-0.000972	22	22	13	7
GOBP_NEGATIVE_REGULATION_OF_CANONICAL_NF_KAPPAB_SIGNAL_TRANSDUCTION	53	0.514	0.000355	0.486	-0.000588	0.371	-0.000726	79	92	32	7
GOBP_NEGATIVE_REGULATION_OF_CANONICAL_WNT_SIGNALING_PATHWAY	53	0.514	3.1e-05	0.543	0.000124	0.314	-0.001085	137	149	67	7
GOBP_NEGATIVE_REGULATION_OF_CARDIAC_MUSCLE_TISSUE_GROWTH	53	0.714	0.000978	0.714	0.00072	0.571	0.000725	21	28	14	7
GOBP_NEGATIVE_REGULATION_OF_CATION_CHANNEL_ACTIVITY	53	0.457	-0.000249	0.457	-0.000907	0.514	0.000409	20	20	10	
GOBP_NEGATIVE_REGULATION_OF_CELLULAR_RESPONSE_TO_INSULIN_STIMULUS	53	0.543	3.6e-05	0.457	-0.000378	0.457	-0.000424	45	52	16	5
GOBP_NEGATIVE_REGULATION_OF_CELLULAR_RESPONSE_TO_VASCULAR_ENDOTHELIAL_GROWTH_FACTOR_STIMULUS	53	0.743	0.003066	0.6	0.000495	0.4	-0.00165	15	20	9	6
GOBP_NEGATIVE_REGULATION_OF_CELLULAR_SENESCENCE	53	0.457	-0.000915	0.543	0.000266	0.6	0.000754	22	26	13	5
GOBP_NEGATIVE_REGULATION_OF_CELL_CYCLE_G1_S_PHASE_TRANSITION	53	0.514	8.9e-05	0.371	-0.000313	0.371	-0.001111	61	82	29	8
GOBP_NEGATIVE_REGULATION_OF_CELL_JUNCTION_ASSEMBLY	53	0.657	0.000689	0.571	0.00042	0.371	-0.001222	31	34	17	6
GOBP_NEGATIVE_REGULATION_OF_CELL_MATRIX_ADHESION	53	0.629	0.001808	0.629	0.001251	0.514	2.8e-05	36	40	19	7
GOBP_NEGATIVE_REGULATION_OF_CELL_MIGRATION_INVOLVED_IN_SPROUTING_ANGIOGENESIS	53	0.657	0.003563	0.571	0.000871	0.343	-0.001384	16	45	11	9
GOBP_NEGATIVE_REGULATION_OF_CHEMOKINE_PRODUCTION	53	0.514	4.9e-05	0.457	-0.000235	0.429	-0.001221	23	32	13	6
GOBP_NEGATIVE_REGULATION_OF_CHOLESTEROL_EFFLUX	53	0.543	0.000473	0.371	-0.000803	0.229	-0.005049	7	26	5	8
GOBP_NEGATIVE_REGULATION_OF_CHONDROCYTE_DIFFERENTIATION	53	0.6	0.001364	0.571	0.00112	0.514	8e-06	25	25	16	6
GOBP_NEGATIVE_REGULATION_OF_CHROMOSOME_SEGREGATION	53	0.429	-0.000224	0.457	-0.000212	0.429	-0.000265	52	53	32	7
GOBP_NEGATIVE_REGULATION_OF_CILIUM_ASSEMBLY	53	0.514	2.8e-05	0.457	-0.000218	0.514	0.00017	22	23	4	7
GOBP_NEGATIVE_REGULATION_OF_COLD_INDUCED_THERMOGENESIS	53	0.429	-0.000742	0.429	-0.00112	0.429	-0.001026	47	48	18	5
GOBP_NEGATIVE_REGULATION_OF_CYTOKINE_PRODUCTION_INVOLVED_IN_IMMUNE_RESPONSE	53	0.6	0.000532	0.514	0.000195	0.314	-0.000924	34	35	21	6
GOBP_NEGATIVE_REGULATION_OF_CYTOKINE_PRODUCTION_INVOLVED_IN_INFLAMMATORY_RESPONSE	53	0.657	0.001071	0.6	0.000725	0.4	-0.00058	35	51	19	6
GOBP_NEGATIVE_REGULATION_OF_DNA_BINDING	53	0.543	0.000704	0.629	0.000771	0.429	-0.000718	22	22	13	5
GOBP_NEGATIVE_REGULATION_OF_DNA_BINDING_TRANSCRIPTION_FACTOR_ACTIVITY	53	0.457	-0.000141	0.514	3.8e-05	0.371	-0.000725	76	76	37	
GOBP_NEGATIVE_REGULATION_OF_DNA_REPLICATION	53	0.229	-0.002185	0.314	-0.001445	0.286	-0.001525	24	24	15	8
GOBP_NEGATIVE_REGULATION_OF_DNA_TEMPLATED_TRANSCRIPTION_ELONGATION	53	0.629	0.000863	0.629	0.000631	0.571	0.000172	24	25	7	10
GOBP_NEGATIVE_REGULATION_OF_DOUBLE_STRAND_BREAK_REPAIR_VIA_HOMOLOGOUS_RECOMBINATION	53	0.457	-0.001039	0.371	-0.00044	0.4	-0.000861	26	26	9	7
GOBP_NEGATIVE_REGULATION_OF_D_GLUCOSE_TRANSMEMBRANE_TRANSPORT	53	0.514	0.000127	0.429	-0.000509	0.4	-0.000359	19	22	7	6
GOBP_NEGATIVE_REGULATION_OF_ENDOPLASMIC_RETICULUM_STRESS_INDUCED_INTRINSIC_APOPTOTIC_SIGNALING_PATHWAY	53	0.6	0.00218	0.457	-0.000839	0.257	-0.002564	21	21	8	6
GOBP_NEGATIVE_REGULATION_OF_ENDOPLASMIC_RETICULUM_UNFOLDED_PROTEIN_RESPONSE	53	0.543	0.001378	0.514	0.00044	0.4	-0.002893	21	22	9	6
GOBP_NEGATIVE_REGULATION_OF_ENDOTHELIAL_CELL_APOPTOTIC_PROCESS	53	0.429	-0.000505	0.486	-8.2e-05	0.486	-3.4e-05	34	39	21	7
GOBP_NEGATIVE_REGULATION_OF_EPITHELIAL_CELL_APOPTOTIC_PROCESS	53	0.486	-0.00075	0.457	-0.000663	0.4	-0.00044	27	28	12	7
GOBP_NEGATIVE_REGULATION_OF_EPITHELIAL_CELL_DIFFERENTIATION	53	0.371	-0.001539	0.429	-0.000849	0.457	-0.000391	48	55	31	6
GOBP_NEGATIVE_REGULATION_OF_EPITHELIAL_TO_MESENCHYMAL_TRANSITION	53	0.486	-2.6e-05	0.514	4e-05	0.543	0.000337	41	57	26	5
GOBP_NEGATIVE_REGULATION_OF_ERBB_SIGNALING_PATHWAY	53	0.343	-0.002017	0.286	-0.002284	0.4	-0.000892	32	33	10	6
GOBP_NEGATIVE_REGULATION_OF_ERK1_AND_ERK2_CASCADE	53	0.743	0.001652	0.486	-0.000169	0.314	-0.000661	71	84	39	8
GOBP_NEGATIVE_REGULATION_OF_EXTRACELLULAR_MATRIX_ORGANIZATION	53	0.686	0.003676	0.629	0.002778	0.4	-0.001223	15	27	11	6
GOBP_NEGATIVE_REGULATION_OF_EXTRINSIC_APOPTOTIC_SIGNALING_PATHWAY_VIA_DEATH_DOMAIN_RECEPTORS	53	0.629	0.001407	0.6	0.000616	0.371	-0.000534	29	32	14	8
GOBP_NEGATIVE_REGULATION_OF_FATTY_ACID_BIOSYNTHETIC_PROCESS	53	0.343	-0.001177	0.343	-0.000586	0.257	-0.001642	19	27	11	8
GOBP_NEGATIVE_REGULATION_OF_FAT_CELL_DIFFERENTIATION	53	0.371	-0.000322	0.429	-0.000444	0.486	-0.000181	51	62	30	6
GOBP_NEGATIVE_REGULATION_OF_FIBROBLAST_GROWTH_FACTOR_RECEPTOR_SIGNALING_PATHWAY	53	0.657	0.003192	0.657	0.001752	0.429	-5.9e-05	19	25	13	6
GOBP_NEGATIVE_REGULATION_OF_FIBROBLAST_PROLIFERATION	53	0.543	0.001286	0.543	0.00149	0.486	-0.000206	34	35	16	6
GOBP_NEGATIVE_REGULATION_OF_GLIAL_CELL_DIFFERENTIATION	53	0.486	-8.4e-05	0.571	4.7e-05	0.543	0.000662	27	29	16	6
GOBP_NEGATIVE_REGULATION_OF_GLUCONEOGENESIS	53	0.371	-0.001687	0.343	-0.000744	0.4	-0.001242	19	20	10	7
GOBP_NEGATIVE_REGULATION_OF_G_PROTEIN_COUPLED_RECEPTOR_SIGNALING_PATHWAY	53	0.6	0.000341	0.486	-2e-06	0.4	-0.000511	63	66	32	6
GOBP_NEGATIVE_REGULATION_OF_HIPPO_SIGNALING	53	0.4	-0.000768	0.371	-0.00076	0.457	-0.000518	24	24	7	7
GOBP_NEGATIVE_REGULATION_OF_HORMONE_SECRETION	53	0.4	-0.000698	0.371	-0.000416	0.4	-0.000566	70	70	48	5
GOBP_NEGATIVE_REGULATION_OF_HYDROLASE_ACTIVITY	53	0.629	0.000612	0.486	-7.9e-05	0.371	-0.001577	46	48	22	5
GOBP_NEGATIVE_REGULATION_OF_INFLAMMASOME_MEDIATED_SIGNALING_PATHWAY	53	0.686	0.00181	0.543	0.000451	0.571	0.000411	22	23	8	6
GOBP_NEGATIVE_REGULATION_OF_INFLAMMATORY_RESPONSE_TO_ANTIGENIC_STIMULUS	53	0.629	0.001498	0.571	0.000567	0.514	0.000173	28	34	11	6
GOBP_NEGATIVE_REGULATION_OF_INTERLEUKIN_10_PRODUCTION	53	0.686	0.002414	0.6	0.001518	0.457	-0.000773	21	25	13	6
GOBP_NEGATIVE_REGULATION_OF_INTERLEUKIN_17_PRODUCTION	53	0.371	-2.3e-05	0.343	-0.000558	0.371	-0.000537	15	23	10	6
GOBP_NEGATIVE_REGULATION_OF_INTERLEUKIN_1_BETA_PRODUCTION	53	0.486	-0.00012	0.514	1e-05	0.371	-0.000867	32	46	20	7
GOBP_NEGATIVE_REGULATION_OF_INTERLEUKIN_2_PRODUCTION	53	0.657	0.001629	0.486	-0.00017	0.314	-0.002601	28	29	19	6
GOBP_NEGATIVE_REGULATION_OF_INTERLEUKIN_6_PRODUCTION	53	0.543	0.000198	0.429	-0.000189	0.229	-0.000554	46	67	27	6
GOBP_NEGATIVE_REGULATION_OF_INTERLEUKIN_8_PRODUCTION	53	0.314	-0.00332	0.343	-0.002759	0.371	-0.001848	17	37	7	6
GOBP_NEGATIVE_REGULATION_OF_INTRACELLULAR_PROTEIN_TRANSPORT	53	0.543	0.000125	0.457	-0.000314	0.429	-0.001633	37	37	15	6
GOBP_NEGATIVE_REGULATION_OF_INTRACELLULAR_STEROID_HORMONE_RECEPTOR_SIGNALING_PATHWAY	53	0.486	-0.000346	0.457	-0.000392	0.371	-0.001133	40	42	19	7
GOBP_NEGATIVE_REGULATION_OF_INTRINSIC_APOPTOTIC_SIGNALING_PATHWAY_BY_P53_CLASS_MEDIATOR	53	0.514	1e-05	0.314	-0.001671	0.371	-0.001957	22	24	12	8
GOBP_NEGATIVE_REGULATION_OF_INTRINSIC_APOPTOTIC_SIGNALING_PATHWAY_IN_RESPONSE_TO_DNA_DAMAGE	53	0.714	0.001245	0.429	-0.000401	0.286	-0.002233	30	31	15	6
GOBP_NEGATIVE_REGULATION_OF_JNK_CASCADE	53	0.6	0.000909	0.543	0.000635	0.457	-0.000174	37	38	16	8
GOBP_NEGATIVE_REGULATION_OF_KERATINOCYTE_PROLIFERATION	53	0.629	0.000539	0.571	0.000532	0.6	0.001209	23	24	11	7
GOBP_NEGATIVE_REGULATION_OF_LEUKOCYTE_CHEMOTAXIS	53	0.429	-0.000977	0.371	-0.002499	0.371	-0.002519	20	23	17	6
GOBP_NEGATIVE_REGULATION_OF_LIPID_CATABOLIC_PROCESS	53	0.486	-3e-05	0.429	-0.000306	0.429	-0.000383	27	27	12	7
GOBP_NEGATIVE_REGULATION_OF_LIPID_STORAGE	53	0.457	-0.000884	0.371	-0.001132	0.343	-0.001474	21	22	11	5
GOBP_NEGATIVE_REGULATION_OF_LIPOPROTEIN_PARTICLE_CLEARANCE	53	0.571	0.001942	0.486	-1e-06	0.4	-0.000873	13	23	11	5
GOBP_NEGATIVE_REGULATION_OF_MACROAUTOPHAGY	53	0.514	0.00017	0.514	0.000111	0.514	0.000164	40	40	13	8
GOBP_NEGATIVE_REGULATION_OF_MAP_KINASE_ACTIVITY	53	0.543	0.000444	0.429	-0.001026	0.286	-0.002401	22	22	11	8
GOBP_NEGATIVE_REGULATION_OF_MEGAKARYOCYTE_DIFFERENTIATION	53	0.4	-0.000241	0.4	-0.000983	0.429	-0.001	5	20		7
GOBP_NEGATIVE_REGULATION_OF_MEIOTIC_CELL_CYCLE	53	0.486	0.0	0.429	-0.000336	0.371	-0.001209	20	21	11	5
GOBP_NEGATIVE_REGULATION_OF_MEMBRANE_PERMEABILITY	53	0.457	-0.000519	0.486	-0.000239	0.543	0.000138	21	23	8	4
GOBP_NEGATIVE_REGULATION_OF_MICROTUBULE_DEPOLYMERIZATION	53	0.486	-7e-06	0.486	-4.1e-05	0.514	0.000286	32	32	16	7
GOBP_NEGATIVE_REGULATION_OF_MIRNA_METABOLIC_PROCESS	53	0.571	0.000541	0.4	-0.000509	0.429	-0.000555	29	29	13	8
GOBP_NEGATIVE_REGULATION_OF_MONONUCLEAR_CELL_MIGRATION	53	0.457	-0.000277	0.314	-0.001091	0.371	-0.002153	32	37	25	6
GOBP_NEGATIVE_REGULATION_OF_MRNA_PROCESSING	53	0.514	0.000771	0.543	6.4e-05	0.457	-0.000578	23	23	6	9
GOBP_NEGATIVE_REGULATION_OF_MUSCLE_CONTRACTION	53	0.457	-0.000887	0.429	-0.001225	0.4	-0.000617	21	24	10	5
GOBP_NEGATIVE_REGULATION_OF_MUSCLE_HYPERTROPHY	53	0.686	0.003171	0.657	0.001855	0.543	0.00017	33	41	15	5
GOBP_NEGATIVE_REGULATION_OF_MYELOID_CELL_APOPTOTIC_PROCESS	53	0.457	-0.000504	0.371	-0.001528	0.314	-0.002202	20	21	12	7
GOBP_NEGATIVE_REGULATION_OF_MYOBLAST_DIFFERENTIATION	53	0.543	0.000211	0.514	0.000129	0.429	-0.000544	27	27	20	6
GOBP_NEGATIVE_REGULATION_OF_NATURAL_KILLER_CELL_MEDIATED_IMMUNITY	53	0.629	0.001249	0.486	-0.00034	0.4	-0.001304	26	26	18	7
GOBP_NEGATIVE_REGULATION_OF_NEURAL_PRECURSOR_CELL_PROLIFERATION	53	0.543	0.000318	0.6	0.00097	0.6	0.000809	27	28	17	6
GOBP_NEGATIVE_REGULATION_OF_NEURON_APOPTOTIC_PROCESS	53	0.514	0.00043	0.457	-0.000113	0.257	-0.000969	171	181	86	7
GOBP_NEGATIVE_REGULATION_OF_NEURON_DIFFERENTIATION	53	0.571	0.000283	0.457	-9.5e-05	0.4	-0.000665	75	76	49	6
GOBP_NEGATIVE_REGULATION_OF_NF_KAPPAB_TRANSCRIPTION_FACTOR_ACTIVITY	53	0.543	0.000158	0.4	-0.000489	0.371	-0.000955	49	49	20	
GOBP_NEGATIVE_REGULATION_OF_NON_CANONICAL_NF_KAPPAB_SIGNAL_TRANSDUCTION	53	0.543	0.000434	0.371	-0.000633	0.343	-0.000896	31	42	15	7
GOBP_NEGATIVE_REGULATION_OF_NOTCH_SIGNALING_PATHWAY	53	0.571	0.000568	0.514	0.000322	0.457	-0.000474	40	43	24	6
GOBP_NEGATIVE_REGULATION_OF_NUCLEOCYTOPLASMIC_TRANSPORT	53	0.514	0.000302	0.457	-0.000958	0.571	0.000474	30	30	12	6
GOBP_NEGATIVE_REGULATION_OF_NUCLEOTIDE_CATABOLIC_PROCESS	53	0.543	0.000806	0.571	0.001164	0.486	-0.0003	20	20	9	7
GOBP_NEGATIVE_REGULATION_OF_ORGANIC_ACID_TRANSPORT	53	0.629	0.002194	0.657	0.001149	0.514	0.000533	22	23	12	5
GOBP_NEGATIVE_REGULATION_OF_OSTEOBLAST_DIFFERENTIATION	53	0.486	-0.000716	0.429	-0.001003	0.4	-0.001696	50	69	28	6
GOBP_NEGATIVE_REGULATION_OF_OSTEOCLAST_DIFFERENTIATION	53	0.543	0.000164	0.4	-0.000417	0.286	-0.001006	34	34	16	8
GOBP_NEGATIVE_REGULATION_OF_OXIDATIVE_STRESS_INDUCED_INTRINSIC_APOPTOTIC_SIGNALING_PATHWAY	53	0.543	0.000389	0.486	-7.6e-05	0.371	-0.001754	29	35	9	8
GOBP_NEGATIVE_REGULATION_OF_PEPTIDE_SECRETION	53	0.457	-0.000338	0.4	-0.000466	0.286	-0.000703	48	48	35	6
GOBP_NEGATIVE_REGULATION_OF_PEPTIDYL_TYROSINE_PHOSPHORYLATION	53	0.314	-0.002863	0.229	-0.002309	0.343	-0.001767	22	22	8	8
GOBP_NEGATIVE_REGULATION_OF_PHAGOCYTOSIS	53	0.571	0.000205	0.4	-0.0006	0.4	-0.002076	21	22	14	6
GOBP_NEGATIVE_REGULATION_OF_PHOSPHATIDYLINOSITOL_3_KINASE_PROTEIN_KINASE_B_SIGNAL_TRANSDUCTION	53	0.457	-0.000237	0.371	-0.000604	0.457	-0.001115	61	75	33	7
GOBP_NEGATIVE_REGULATION_OF_POTASSIUM_ION_TRANSMEMBRANE_TRANSPORT	53	0.514	1.8e-05	0.543	0.000444	0.714	0.001236	22	27	14	7
GOBP_NEGATIVE_REGULATION_OF_PROGRAMMED_NECROTIC_CELL_DEATH	53	0.429	-0.000978	0.457	-0.000228	0.4	-0.001494	17	24	6	6
GOBP_NEGATIVE_REGULATION_OF_PROTEASOMAL_UBIQUITIN_DEPENDENT_PROTEIN_CATABOLIC_PROCESS	53	0.657	0.000618	0.543	0.000852	0.543	0.000326	41	43	18	9
GOBP_NEGATIVE_REGULATION_OF_PROTEIN_BINDING	53	0.486	-0.000468	0.486	-0.000138	0.286	-0.00169	41	44	17	5
GOBP_NEGATIVE_REGULATION_OF_PROTEIN_LOCALIZATION_TO_CELL_PERIPHERY	53	0.371	-0.002344	0.4	-0.001882	0.314	-0.002219	32	32	15	5
GOBP_NEGATIVE_REGULATION_OF_PROTEIN_LOCALIZATION_TO_NUCLEUS	53	0.314	-0.00087	0.371	-0.000588	0.4	-0.001233	40	40	16	5
GOBP_NEGATIVE_REGULATION_OF_PROTEIN_MATURATION	53	0.429	-0.0005	0.4	-0.000984	0.343	-0.003654	24	25	13	8
GOBP_NEGATIVE_REGULATION_OF_PROTEIN_SECRETION	53	0.457	-0.000345	0.343	-0.00046	0.457	-0.00037	69	77	48	6
GOBP_NEGATIVE_REGULATION_OF_PROTEIN_UBIQUITINATION	53	0.543	0.00084	0.543	0.001056	0.457	-0.000745	69	78	25	11
GOBP_NEGATIVE_REGULATION_OF_PROTEOLYSIS	53	0.629	0.000595	0.486	-0.00026	0.286	-0.000953	131	143	61	8
GOBP_NEGATIVE_REGULATION_OF_PROTEOLYSIS_INVOLVED_IN_PROTEIN_CATABOLIC_PROCESS	53	0.571	0.000812	0.457	-0.000177	0.514	0.00021	67	77	25	
GOBP_NEGATIVE_REGULATION_OF_RAS_PROTEIN_SIGNAL_TRANSDUCTION	53	0.371	-0.001142	0.4	-0.001317	0.4	-0.001804	24	24	8	8
GOBP_NEGATIVE_REGULATION_OF_REACTIVE_OXYGEN_SPECIES_BIOSYNTHETIC_PROCESS	53	0.686	0.004632	0.629	0.004194	0.6	0.00198	17	20	6	7
GOBP_NEGATIVE_REGULATION_OF_RECEPTOR_MEDIATED_ENDOCYTOSIS	53	0.486	-0.00122	0.4	-0.001102	0.286	-0.001898	29	35	9	6
GOBP_NEGATIVE_REGULATION_OF_RECEPTOR_SIGNALING_PATHWAY_VIA_JAK_STAT	53	0.6	0.001197	0.486	-0.000647	0.429	-0.001845	22	24	12	7
GOBP_NEGATIVE_REGULATION_OF_REGULATED_SECRETORY_PATHWAY	53	0.429	-0.000854	0.343	-0.00153	0.257	-0.002739	25	26	11	7
GOBP_NEGATIVE_REGULATION_OF_RELEASE_OF_CYTOCHROME_C_FROM_MITOCHONDRIA	53	0.629	0.000937	0.4	-0.000954	0.286	-0.002757	19	20	6	7
GOBP_NEGATIVE_REGULATION_OF_RHO_PROTEIN_SIGNAL_TRANSDUCTION	53	0.371	-0.001011	0.457	-0.001329	0.4	-0.000892	23	25	11	8
GOBP_NEGATIVE_REGULATION_OF_SIGNAL_TRANSDUCTION_IN_ABSENCE_OF_LIGAND	53	0.486	-0.000267	0.457	-0.000524	0.429	-0.000893	36	37	21	6
GOBP_NEGATIVE_REGULATION_OF_SMAD_PROTEIN_SIGNAL_TRANSDUCTION	53	0.771	0.004643	0.629	0.000944	0.486	-0.000316	25	42	16	7
GOBP_NEGATIVE_REGULATION_OF_SMOOTHENED_SIGNALING_PATHWAY	53	0.514	3.6e-05	0.429	-0.001101	0.371	-0.000961	37	37	14	6
GOBP_NEGATIVE_REGULATION_OF_SMOOTH_MUSCLE_CELL_DIFFERENTIATION	53	0.543	0.000182	0.514	0.000173	0.6	0.000932	17	23	10	7
GOBP_NEGATIVE_REGULATION_OF_SPROUTING_ANGIOGENESIS	53	0.571	0.00194	0.486	-0.000293	0.429	-0.002386	13	30	7	7
GOBP_NEGATIVE_REGULATION_OF_STEM_CELL_DIFFERENTIATION	53	0.6	0.001437	0.543	0.00076	0.514	0.000553	26	26	12	6
GOBP_NEGATIVE_REGULATION_OF_STEM_CELL_POPULATION_MAINTENANCE	53	0.486	-1.2e-05	0.543	0.00033	0.429	-0.00034	25	26	14	5
GOBP_NEGATIVE_REGULATION_OF_STEM_CELL_PROLIFERATION	53	0.543	0.000404	0.457	-0.000194	0.486	-0.000335	23	28	12	6
GOBP_NEGATIVE_REGULATION_OF_STEROID_BIOSYNTHETIC_PROCESS	53	0.429	-0.000836	0.4	-0.000835	0.343	-0.000808	24	30	17	8
GOBP_NEGATIVE_REGULATION_OF_STRIATED_MUSCLE_CELL_APOPTOTIC_PROCESS	53	0.629	0.000514	0.514	0.000195	0.457	-0.000455	28	38	15	8
GOBP_NEGATIVE_REGULATION_OF_STRIATED_MUSCLE_CELL_DIFFERENTIATION	53	0.714	0.000293	0.629	0.000346	0.486	-9.2e-05	38	44	24	7
GOBP_NEGATIVE_REGULATION_OF_SYSTEMIC_ARTERIAL_BLOOD_PRESSURE	53	0.571	0.000439	0.457	-0.000665	0.4	-0.000465	25	26	17	5
GOBP_NEGATIVE_REGULATION_OF_TELOMERE_MAINTENANCE_VIA_TELOMERASE	53	0.571	0.001179	0.514	0.000948	0.543	0.000254	22	22	6	9
GOBP_NEGATIVE_REGULATION_OF_TISSUE_REMODELING	53	0.629	0.001254	0.543	0.000359	0.4	-0.000769	22	22	15	5
GOBP_NEGATIVE_REGULATION_OF_TOLL_LIKE_RECEPTOR_4_SIGNALING_PATHWAY	53	0.314	-0.001974	0.371	-0.002744	0.343	-0.001953	14	21	6	5
GOBP_NEGATIVE_REGULATION_OF_TOLL_LIKE_RECEPTOR_SIGNALING_PATHWAY	53	0.486	0.0	0.514	3e-05	0.571	0.000461	20	22	4	5
GOBP_NEGATIVE_REGULATION_OF_TORC1_SIGNALING	53	0.514	0.000361	0.571	0.000297	0.514	0.000217	48	51	18	8
GOBP_NEGATIVE_REGULATION_OF_TRANSCRIPTION_BY_RNA_POLYMERASE_II	53	0.4	-9.9e-05	0.371	-0.00033	0.229	-0.000397	928	969	446	10
GOBP_NEGATIVE_REGULATION_OF_TRANSFERASE_ACTIVITY	53	0.457	-0.000167	0.457	-0.00013	0.429	-0.000549	95	103	37	
GOBP_NEGATIVE_REGULATION_OF_TRANSFORMING_GROWTH_FACTOR_BETA_RECEPTOR_SIGNALING_PATHWAY	53	0.657	0.001008	0.543	0.00056	0.457	-5.4e-05	97	134	59	7
GOBP_NEGATIVE_REGULATION_OF_TRANSLATIONAL_INITIATION	53	0.514	0.000237	0.371	-0.000793	0.457	-0.00047	24	25	8	9
GOBP_NEGATIVE_REGULATION_OF_TRANSPORTER_ACTIVITY	53	0.543	0.000328	0.486	-3e-05	0.543	0.000547	32	32	17	4
GOBP_NEGATIVE_REGULATION_OF_TUMOR_NECROSIS_FACTOR_MEDIATED_SIGNALING_PATHWAY	53	0.314	-0.001855	0.314	-0.002455	0.314	-0.001636	30	37	15	7
GOBP_NEGATIVE_REGULATION_OF_TUMOR_NECROSIS_FACTOR_SUPERFAMILY_CYTOKINE_PRODUCTION	53	0.629	0.000313	0.4	-0.000491	0.257	-0.001486	68	84	39	6
GOBP_NEGATIVE_REGULATION_OF_TYPE_II_INTERFERON_PRODUCTION	53	0.686	0.001836	0.486	-8.9e-05	0.257	-0.00132	41	44	26	6
GOBP_NEGATIVE_REGULATION_OF_TYPE_I_INTERFERON_MEDIATED_SIGNALING_PATHWAY	53	0.629	0.001971	0.629	0.001239	0.571	0.000603	22	23	9	7
GOBP_NEGATIVE_REGULATION_OF_TYPE_I_INTERFERON_PRODUCTION	53	0.6	0.000541	0.4	-0.000471	0.371	-0.000834	46	48	14	6
GOBP_NEGATIVE_REGULATION_OF_T_CELL_APOPTOTIC_PROCESS	53	0.8	0.001659	0.543	0.001121	0.371	-0.001118	25	25	17	9
GOBP_NEGATIVE_REGULATION_OF_T_CELL_MEDIATED_IMMUNITY	53	0.6	0.000689	0.429	-0.000209	0.371	-0.000454	33	33	22	8
GOBP_NEGATIVE_REGULATION_OF_T_CELL_PROLIFERATION	53	0.743	0.001297	0.486	-0.000248	0.371	-0.000505	76	79	42	8
GOBP_NEGATIVE_REGULATION_OF_T_CELL_RECEPTOR_SIGNALING_PATHWAY	53	0.571	0.000767	0.371	-0.000882	0.429	-0.000591	30	30	14	6
GOBP_NEGATIVE_REGULATION_OF_T_HELPER_CELL_DIFFERENTIATION	53	0.629	0.000822	0.514	4e-06	0.457	-0.001082	21	21	13	6
GOBP_NEGATIVE_REGULATION_OF_VASCULAR_ASSOCIATED_SMOOTH_MUSCLE_CELL_MIGRATION	53	0.4	-0.000904	0.457	-0.000352	0.343	-0.002539	10	26	4	8
GOBP_NEGATIVE_REGULATION_OF_VASCULAR_ASSOCIATED_SMOOTH_MUSCLE_CELL_PROLIFERATION	53	0.629	0.001673	0.6	0.000674	0.429	-0.001148	24	43	15	7
GOBP_NEGATIVE_REGULATION_OF_VASCULAR_ENDOTHELIAL_CELL_PROLIFERATION	53	0.229	0.0	0.4	-0.000355	0.4	-0.000369	5	25	4	8
GOBP_NEGATIVE_REGULATION_OF_VASCULAR_ENDOTHELIAL_GROWTH_FACTOR_PRODUCTION	53	0.429	0.0	0.571	0.005226	0.286	-0.00322	1	28		6
GOBP_NEGATIVE_REGULATION_OF_VASCULAR_PERMEABILITY	53	0.543	0.000189	0.514	0.000159	0.514	9.1e-05	19	20	16	4
GOBP_NEGATIVE_REGULATION_OF_VIRAL_GENOME_REPLICATION	53	0.657	0.001543	0.6	0.001015	0.4	-0.000838	50	50	29	5
GOBP_NEPHRON_TUBULE_FORMATION	53	0.371	-0.001665	0.4	-0.001452	0.343	-0.001244	20	20	18	6
GOBP_NEURAL_TUBE_PATTERNING	53	0.543	4.5e-05	0.514	0.000143	0.457	-0.000378	34	34	15	4
GOBP_NEUROBLAST_PROLIFERATION	53	0.486	-0.000123	0.457	-0.000158	0.429	-0.000456	74	76	39	4
GOBP_NEUROEPITHELIAL_CELL_DIFFERENTIATION	53	0.571	0.000721	0.6	0.000458	0.543	0.000431	47	47	29	6
GOBP_NEUROMUSCULAR_JUNCTION_DEVELOPMENT	53	0.371	-0.000599	0.343	-0.00085	0.343	-0.000616	56	56	24	6
GOBP_NEUROMUSCULAR_PROCESS_CONTROLLING_BALANCE	53	0.4	-0.000794	0.343	-0.000665	0.343	-0.000964	58	59	28	5
GOBP_NEUROMUSCULAR_SYNAPTIC_TRANSMISSION	53	0.314	-4.6e-05	0.4	-0.000126	0.4	-0.000224	37	37	23	8
GOBP_NEURONAL_ACTION_POTENTIAL	53	0.429	-0.000556	0.343	-0.000598	0.514	1.9e-05	38	39	26	4
GOBP_NEURONAL_STEM_CELL_POPULATION_MAINTENANCE	53	0.4	-0.000709	0.486	-0.000406	0.457	-0.0009	24	24	13	3
GOBP_NEURON_CELLULAR_HOMEOSTASIS	53	0.314	-0.000874	0.286	-0.000444	0.371	-0.00096	64	64	32	3
GOBP_NEURON_FATE_SPECIFICATION	53	0.514	0.000153	0.457	-0.000513	0.486	-5.2e-05	35	37	28	4
GOBP_NEURON_INTRINSIC_APOPTOTIC_SIGNALING_PATHWAY_IN_RESPONSE_TO_OXIDATIVE_STRESS	53	0.629	0.00361	0.629	0.001845	0.429	-0.002159	23	24	6	6
GOBP_NEURON_MATURATION	53	0.543	0.000108	0.429	-0.000531	0.371	-0.000674	54	55	27	4
GOBP_NEURON_MIGRATION	53	0.629	0.00042	0.629	0.000714	0.514	0.000104	193	196	102	4
GOBP_NEURON_PROJECTION_ARBORIZATION	53	0.429	-0.000389	0.429	-0.000367	0.4	-0.000494	36	36	16	6
GOBP_NEURON_PROJECTION_EXTENSION_INVOLVED_IN_NEURON_PROJECTION_GUIDANCE	53	0.429	-0.00028	0.429	-0.000627	0.457	-0.000166	21	21	15	
GOBP_NEURON_PROJECTION_REGENERATION	53	0.371	-0.001968	0.4	-0.00103	0.343	-0.00034	56	60	34	4
GOBP_NEUROPEPTIDE_SIGNALING_PATHWAY	53	0.514	3.6e-05	0.514	8e-06	0.486	-4.7e-05	106	112	81	4
GOBP_NEUROTRANSMITTER_RECEPTOR_LOCALIZATION_TO_POSTSYNAPTIC_SPECIALIZATION_MEMBRANE	53	0.486	-0.000553	0.429	-0.000492	0.371	-0.000668	38	38	23	3
GOBP_NEUROTRANSMITTER_RECEPTOR_TRANSPORT	53	0.543	0.000665	0.629	0.000847	0.543	0.000275	20	20	9	4
GOBP_NEUROTRANSMITTER_REUPTAKE	53	0.514	0.000751	0.457	-0.000266	0.343	-0.000499	34	35	19	4
GOBP_NEUROTROPHIN_TRK_RECEPTOR_SIGNALING_PATHWAY	53	0.343	-0.001452	0.286	-0.000672	0.343	-0.000855	26	26	14	5
GOBP_NEUTRAL_AMINO_ACID_TRANSPORT	53	0.543	9.6e-05	0.486	-6.7e-05	0.457	-5.1e-05	59	59	33	5
GOBP_NEUTROPHIL_ACTIVATION_INVOLVED_IN_IMMUNE_RESPONSE	53	0.543	0.000504	0.543	0.000527	0.371	-0.001314	21	21	11	5
GOBP_NEUTROPHIL_CHEMOTAXIS	53	0.657	0.001495	0.457	-0.000238	0.314	-0.001052	81	83	62	5
GOBP_NEUTROPHIL_HOMEOSTASIS	53	0.457	-0.000145	0.457	-6e-05	0.371	-0.000925	23	23	14	3
GOBP_NEUTROPHIL_MEDIATED_IMMUNITY	53	0.4	-0.000224	0.371	-0.001208	0.314	-0.001355	42	42	21	5
GOBP_NITRIC_OXIDE_MEDIATED_SIGNAL_TRANSDUCTION	53	0.4	-0.001084	0.314	-0.001205	0.314	-0.001615	25	26	21	
GOBP_NK_T_CELL_ACTIVATION	53	0.429	-0.001557	0.286	-0.00059	0.429	-0.001026	20	20	16	6
GOBP_NLS_BEARING_PROTEIN_IMPORT_INTO_NUCLEUS	53	0.371	-0.00075	0.429	-0.000676	0.457	-7.4e-05	17	20	5	5
GOBP_NODAL_SIGNALING_PATHWAY	53	0.514	5.6e-05	0.571	0.000388	0.571	0.000269	20	22	10	8
GOBP_NON_CANONICAL_NF_KAPPAB_SIGNAL_TRANSDUCTION	53	0.629	0.000928	0.514	1e-06	0.286	-0.000803	124	140	63	5
GOBP_NON_MOTILE_CILIUM_ASSEMBLY	53	0.457	-0.000206	0.543	4.6e-05	0.543	8.3e-05	67	67	19	7
GOBP_NON_PROTEINOGENIC_AMINO_ACID_METABOLIC_PROCESS	53	0.343	-0.000619	0.429	-0.000209	0.457	-0.000376	65	66	34	5
GOBP_NOREPINEPHRINE_TRANSPORT	53	0.486	-3e-05	0.457	-0.000147	0.429	-0.000319	22	23	14	
GOBP_NOTCH_SIGNALING_PATHWAY	53	0.429	-4e-05	0.429	-0.000115	0.429	-0.000197	185	191	98	4
GOBP_NUCLEAR_MEMBRANE_REASSEMBLY	53	0.371	-0.001457	0.486	-0.000423	0.457	-0.000488	25	26	7	6
GOBP_NUCLEAR_MIGRATION	53	0.514	0.001128	0.457	-0.001141	0.429	-0.001359	27	28	10	4
GOBP_NUCLEAR_TRANSCRIBED_MRNA_CATABOLIC_PROCESS_NONSENSE_MEDIATED_DECAY	53	0.6	0.001074	0.571	0.000456	0.514	0.000469	42	45	13	9
GOBP_NUCLEAR_TRANSCRIBED_MRNA_POLY_A_TAIL_SHORTENING	53	0.629	0.000882	0.543	0.000639	0.486	-0.000151	32	32	11	7
GOBP_NUCLEOLAR_LARGE_RRNA_TRANSCRIPTION_BY_RNA_POLYMERASE_I	53	0.514	0.000668	0.429	-0.001281	0.4	-0.000659	20	24	8	8
GOBP_NUCLEOPHAGY	53	0.514	0.000129	0.514	0.000193	0.457	-0.000149	23	23	6	5
GOBP_NUCLEOSIDE_CATABOLIC_PROCESS	53	0.6	0.00103	0.571	0.000305	0.543	0.000359	19	20	11	5
GOBP_NUCLEOSOME_ORGANIZATION	53	0.629	0.001206	0.571	0.000929	0.457	-6.9e-05	75	139	30	6
GOBP_NUCLEOTIDE_BINDING_OLIGOMERIZATION_DOMAIN_CONTAINING_2_SIGNALING_PATHWAY	53	0.371	-0.000395	0.371	-0.000608	0.343	-0.001001	20	20	9	7
GOBP_NUCLEOTIDE_EXCISION_REPAIR	53	0.571	0.000479	0.657	0.000592	0.543	5.8e-05	87	88	30	6
GOBP_NUCLEOTIDE_SUGAR_BIOSYNTHETIC_PROCESS	53	0.371	-0.000709	0.457	-0.000181	0.486	-2.4e-05	29	30	11	5
GOBP_NUCLEOTIDE_TRANSMEMBRANE_TRANSPORT	53	0.4	-0.000337	0.457	-0.000279	0.4	-0.000479	28	28	12	3
GOBP_N_GLYCAN_PROCESSING	53	0.371	-0.001328	0.314	-0.001957	0.343	-0.001063	22	22	9	6
GOBP_N_TERMINAL_PROTEIN_AMINO_ACID_MODIFICATION	53	0.543	9.3e-05	0.543	0.000258	0.629	0.000225	19	20	4	6
GOBP_OLEFINIC_COMPOUND_BIOSYNTHETIC_PROCESS	53	0.543	8.7e-05	0.429	-0.001037	0.4	-0.001013	30	31	19	4
GOBP_OLFACTORY_LOBE_DEVELOPMENT	53	0.457	-0.000314	0.343	-0.000754	0.343	-0.000929	39	39	26	4
GOBP_OLIGODENDROCYTE_DEVELOPMENT	53	0.4	-0.000446	0.4	-0.000459	0.4	-0.000536	48	49	31	5
GOBP_OLIGOSACCHARIDE_BIOSYNTHETIC_PROCESS	53	0.343	-0.000299	0.4	-0.000414	0.486	-0.000248	27	27	19	5
GOBP_ONE_CARBON_COMPOUND_TRANSPORT	53	0.429	-6.3e-05	0.371	-0.000431	0.429	-0.000314	25	25	19	4
GOBP_ONE_CARBON_METABOLIC_PROCESS	53	0.314	-0.001093	0.4	-0.000966	0.486	-6.1e-05	23	24	12	4
GOBP_OOCYTE_MATURATION	53	0.657	0.000608	0.629	0.000778	0.6	0.000473	35	37	19	3
GOBP_ORGANELLE_DISASSEMBLY	53	0.4	-0.000468	0.457	-0.000471	0.6	0.000196	67	73	20	5
GOBP_ORGANIC_ACID_BIOSYNTHETIC_PROCESS	53	0.371	-0.000933	0.343	-0.001201	0.4	-0.000672	313	334	176	
GOBP_ORGANIC_ACID_CATABOLIC_PROCESS	53	0.314	-0.001312	0.343	-0.000844	0.429	-0.00027	242	246	125	
GOBP_ORGANIC_ACID_METABOLIC_PROCESS	53	0.343	-0.00051	0.286	-0.000465	0.457	-0.000117	888	929	471	
GOBP_ORGANIC_ACID_TRANSMEMBRANE_TRANSPORT	53	0.429	-0.000774	0.371	-0.00038	0.371	-0.000747	156	159	88	
GOBP_ORGANIC_ANION_TRANSPORT	53	0.343	-0.000489	0.486	-0.000157	0.543	3.4e-05	449	467	269	
GOBP_ORGANIC_CATION_TRANSPORT	53	0.314	-0.000976	0.371	-0.000487	0.429	-0.000347	119	121	70	
GOBP_ORGANISM_EMERGENCE_FROM_PROTECTIVE_STRUCTURE	53	0.429	-0.00032	0.4	-0.000959	0.343	-0.001043	30	30	18	2
GOBP_ORGAN_INDUCTION	53	0.543	0.000289	0.571	0.000519	0.514	2.8e-05	23	23	15	3
GOBP_OSTEOBLAST_DIFFERENTIATION	53	0.571	0.000519	0.486	-5.5e-05	0.429	-0.000686	229	267	142	3
GOBP_OSTEOCLAST_DIFFERENTIATION	53	0.629	0.000585	0.4	-0.000551	0.257	-0.00155	113	116	63	6
GOBP_OUTER_DYNEIN_ARM_ASSEMBLY	53	0.2	0.0	0.486	-6e-06	0.686	0.00019	15	23	4	7
GOBP_OUTFLOW_TRACT_SEPTUM_MORPHOGENESIS	53	0.629	0.000629	0.543	0.000428	0.543	0.000127	28	28	17	4
GOBP_OVARIAN_FOLLICLE_DEVELOPMENT	53	0.371	-0.000593	0.343	-0.000673	0.343	-0.000867	62	62	35	4
GOBP_OVULATION_CYCLE_PROCESS	53	0.743	0.000591	0.543	0.000316	0.486	-0.00023	50	50	33	2
GOBP_O_GLYCAN_PROCESSING	53	0.343	-0.001079	0.257	-0.000892	0.4	-0.000538	39	39	28	
GOBP_P38MAPK_CASCADE	53	0.686	0.001033	0.571	0.000556	0.514	0.000273	56	60	32	6
GOBP_PARAXIAL_MESODERM_DEVELOPMENT	53	0.4	-0.001172	0.429	-0.001008	0.4	-0.000654	20	20	12	6
GOBP_PENTOSE_PHOSPHATE_SHUNT	53	0.486	-0.000266	0.429	-0.00058	0.457	-0.000789	20	20	9	5
GOBP_PEPTIDE_ANTIGEN_ASSEMBLY_WITH_MHC_PROTEIN_COMPLEX	53	0.771	0.013131	0.714	0.004266	0.314	-0.004315	19	21	15	4
GOBP_PEPTIDE_BIOSYNTHETIC_PROCESS	53	0.4	-0.001873	0.371	-0.001772	0.429	-0.000542	25	26	12	4
GOBP_PEPTIDE_CATABOLIC_PROCESS	53	0.457	-0.000187	0.4	-0.000667	0.429	-0.001076	19	20	10	4
GOBP_PEPTIDE_CROSS_LINKING	53	0.629	0.003957	0.629	0.001192	0.371	-0.002388	19	21	16	6
GOBP_PEPTIDYL_CYSTEINE_MODIFICATION	53	0.314	-0.002394	0.257	-0.002517	0.343	-0.001421	22	22	8	7
GOBP_PEPTIDYL_GLUTAMIC_ACID_MODIFICATION	53	0.429	-0.000249	0.514	0.0	0.457	-5.8e-05	20	21	11	7
GOBP_PEPTIDYL_SERINE_MODIFICATION	53	0.514	0.000268	0.514	1e-05	0.429	-0.000375	92	93	38	7
GOBP_PEPTIDYL_THREONINE_PHOSPHORYLATION	53	0.629	0.000417	0.571	0.000562	0.6	0.000332	40	40	17	6
GOBP_PEPTIDYL_TYROSINE_DEPHOSPHORYLATION	53	0.457	-0.00089	0.429	-0.000459	0.4	-0.002226	22	22	9	6
GOBP_PEPTIDYL_TYROSINE_MODIFICATION	53	0.514	6.7e-05	0.4	-0.000307	0.4	-0.000351	130	131	74	7
GOBP_PERIPHERAL_NERVOUS_SYSTEM_AXON_ENSHEATHMENT	53	0.457	-0.000234	0.543	0.000706	0.457	-0.000104	29	30	16	4
GOBP_PERK_MEDIATED_UNFOLDED_PROTEIN_RESPONSE	53	0.429	-0.000827	0.4	-0.003122	0.343	-0.001952	24	24	10	5
GOBP_PEROXISOME_ORGANIZATION	53	0.371	-0.00049	0.371	-0.001047	0.429	-0.00031	38	39	10	5
GOBP_PEROXISOME_PROLIFERATOR_ACTIVATED_RECEPTOR_SIGNALING_PATHWAY	53	0.371	-0.000458	0.457	-0.000423	0.543	0.000352	28	30	9	6
GOBP_PHAGOCYTOSIS_ENGULFMENT	53	0.743	0.001435	0.457	-6.3e-05	0.429	-0.000465	48	48	28	5
GOBP_PHAGOCYTOSIS_RECOGNITION	53	0.571	0.000147	0.514	1.7e-05	0.4	-0.000391	29	29	23	3
GOBP_PHAGOSOME_MATURATION	53	0.343	-0.000805	0.4	-0.000934	0.286	-0.001218	31	31	14	5
GOBP_PHARYNGEAL_SYSTEM_DEVELOPMENT	53	0.571	0.000409	0.6	0.000505	0.629	0.000495	32	32	25	4
GOBP_PHASIC_SMOOTH_MUSCLE_CONTRACTION	53	0.343	-0.000204	0.486	-1e-05	0.486	-6.1e-05	23	23	19	6
GOBP_PHOSPHATE_ION_HOMEOSTASIS	53	0.457	0.0	0.4	-0.000793	0.429	-0.000298	19	20	14	4
GOBP_PHOSPHATE_ION_TRANSPORT	53	0.514	0.000266	0.4	-0.000704	0.371	-0.001412	27	27	15	5
GOBP_PHOSPHATIDIC_ACID_METABOLIC_PROCESS	53	0.4	-0.00097	0.371	-0.000375	0.4	-0.000452	39	39	21	7
GOBP_PHOSPHATIDYLCHOLINE_BIOSYNTHETIC_PROCESS	53	0.371	-0.001017	0.457	-0.000272	0.457	-0.00015	27	27	15	7
GOBP_PHOSPHATIDYLETHANOLAMINE_METABOLIC_PROCESS	53	0.514	2.8e-05	0.486	-0.000298	0.429	-0.00024	28	28	14	7
GOBP_PHOSPHATIDYLGLYCEROL_METABOLIC_PROCESS	53	0.486	-0.000403	0.429	-0.000225	0.543	0.000528	36	37	19	7
GOBP_PHOSPHATIDYLINOSITOL_3_KINASE_PROTEIN_KINASE_B_SIGNAL_TRANSDUCTION	53	0.629	0.000711	0.543	5.9e-05	0.286	-0.000543	319	341	177	5
GOBP_PHOSPHATIDYLINOSITOL_3_PHOSPHATE_BIOSYNTHETIC_PROCESS	53	0.4	-0.0003	0.429	-0.000279	0.4	-0.000434	23	23	6	8
GOBP_PHOSPHATIDYLINOSITOL_BIOSYNTHETIC_PROCESS	53	0.457	-0.000361	0.429	-0.00039	0.429	-4.5e-05	114	120	45	7
GOBP_PHOSPHATIDYLINOSITOL_DEPHOSPHORYLATION	53	0.457	0.0	0.457	-0.000481	0.457	-0.000268	29	29	13	6
GOBP_PHOSPHATIDYLINOSITOL_MEDIATED_SIGNALING	53	0.457	-0.000107	0.486	-0.000104	0.657	0.000532	23	24	14	4
GOBP_PHOSPHATIDYLSERINE_METABOLIC_PROCESS	53	0.457	-0.000518	0.429	-0.000623	0.371	-0.000916	23	23	14	4
GOBP_PHOSPHOLIPASE_C_ACTIVATING_G_PROTEIN_COUPLED_RECEPTOR_SIGNALING_PATHWAY	53	0.514	2.2e-05	0.514	1e-06	0.429	-7.6e-05	143	147	100	4
GOBP_PHOTORECEPTOR_CELL_MAINTENANCE	53	0.343	-0.000789	0.429	-0.000428	0.543	0.000113	45	45	23	2
GOBP_PHOTOTRANSDUCTION_VISIBLE_LIGHT	53	0.486	-3.5e-05	0.486	-4.9e-05	0.486	-2.9e-05	23	23	12	4
GOBP_PHYSIOLOGICAL_CARDIAC_MUSCLE_HYPERTROPHY	53	0.743	0.001675	0.714	0.00251	0.714	0.001279	24	32	16	4
GOBP_PIGMENT_BIOSYNTHETIC_PROCESS	53	0.429	-0.001106	0.4	-0.00088	0.457	-0.000105	56	58	28	4
GOBP_PIGMENT_GRANULE_ORGANIZATION	53	0.4	-0.00134	0.371	-0.001871	0.343	-0.001739	40	40	16	3
GOBP_PINOCYTOSIS	53	0.543	0.000892	0.486	-0.000124	0.543	0.00036	23	23	10	4
GOBP_PIRNA_PROCESSING	53	0.114	0.0	0.571	1.2e-05	0.657	0.000113	22	22	12	6
GOBP_PITUITARY_GLAND_DEVELOPMENT	53	0.4	-0.000606	0.429	-0.000405	0.571	0.00038	43	43	28	5
GOBP_PLASMA_MEMBRANE_FUSION	53	0.371	-0.000186	0.457	-5.9e-05	0.571	0.000158	32	35	16	
GOBP_PLASMA_MEMBRANE_PHOSPHOLIPID_SCRAMBLING	53	0.4	-0.001184	0.514	0.000145	0.457	-0.000982	30	30	10	6
GOBP_PLASMA_MEMBRANE_REPAIR	53	0.4	-0.001127	0.371	-0.002014	0.429	-0.000571	29	30	14	5
GOBP_PLASMINOGEN_ACTIVATION	53	0.514	0.000498	0.371	-0.001594	0.429	-0.004449	25	26	18	8
GOBP_PLATELET_AGGREGATION	53	0.714	0.003377	0.571	0.001552	0.429	-0.000433	78	78	44	4
GOBP_PLATELET_DENSE_GRANULE_ORGANIZATION	53	0.4	-0.000996	0.4	-0.000689	0.4	-0.000582	25	25	9	6
GOBP_PLATELET_DERIVED_GROWTH_FACTOR_RECEPTOR_SIGNALING_PATHWAY	53	0.514	0.000324	0.286	-0.00132	0.229	-0.001222	58	62	28	6
GOBP_PLATELET_MORPHOGENESIS	53	0.543	6e-05	0.486	-0.000795	0.286	-0.001305	26	27	11	4
GOBP_PODOSOME_ASSEMBLY	53	0.657	0.001803	0.543	0.000812	0.4	-0.000851	22	22	14	6
GOBP_POLARIZED_EPITHELIAL_CELL_DIFFERENTIATION	53	0.514	4.7e-05	0.6	0.000637	0.486	-0.000207	26	27	12	5
GOBP_POLYSACCHARIDE_BIOSYNTHETIC_PROCESS	53	0.486	-0.000196	0.486	-4e-05	0.514	0.000138	56	59	24	5
GOBP_POLYSACCHARIDE_CATABOLIC_PROCESS	53	0.371	-0.001599	0.4	-0.000801	0.429	-0.000916	29	30	14	5
GOBP_POLY_A_PLUS_MRNA_EXPORT_FROM_NUCLEUS	53	0.4	-0.000277	0.486	-9.4e-05	0.371	-0.0008	22	25	5	
GOBP_PORE_COMPLEX_ASSEMBLY	53	0.371	-0.00116	0.371	-0.002239	0.4	-0.001431	20	20	8	6
GOBP_PORPHYRIN_CONTAINING_COMPOUND_METABOLIC_PROCESS	53	0.314	-0.001169	0.343	-0.000702	0.457	-0.000929	52	54	23	4
GOBP_POSITIVE_CHEMOTAXIS	53	0.543	0.000396	0.457	-0.000382	0.514	4.3e-05	65	72	46	4
GOBP_POSITIVE_REGULATION_BY_HOST_OF_VIRAL_PROCESS	53	0.6	0.001104	0.571	0.000941	0.343	-0.002336	21	21	7	
GOBP_POSITIVE_REGULATION_OF_ACTIN_FILAMENT_POLYMERIZATION	53	0.543	0.000195	0.4	-0.000775	0.457	-0.00169	51	52	25	7
GOBP_POSITIVE_REGULATION_OF_ACTIVATED_T_CELL_PROLIFERATION	53	0.429	-0.000675	0.514	0.00059	0.486	-0.000191	25	28	18	9
GOBP_POSITIVE_REGULATION_OF_ACUTE_INFLAMMATORY_RESPONSE	53	0.686	0.001799	0.543	2.7e-05	0.229	-0.002192	27	28	21	7
GOBP_POSITIVE_REGULATION_OF_ALCOHOL_BIOSYNTHETIC_PROCESS	53	0.457	-0.000697	0.486	-0.000272	0.4	-0.000342	29	31	19	7
GOBP_POSITIVE_REGULATION_OF_ALPHA_BETA_T_CELL_PROLIFERATION	53	0.714	0.004064	0.543	0.000548	0.257	-0.002558	24	24	16	9
GOBP_POSITIVE_REGULATION_OF_AMIDE_METABOLIC_PROCESS	53	0.571	0.000186	0.457	-0.000259	0.314	-0.001492	30	31	16	
GOBP_POSITIVE_REGULATION_OF_AMINO_ACID_TRANSPORT	53	0.314	-0.000884	0.314	-0.000809	0.429	-0.000509	22	22	10	6
GOBP_POSITIVE_REGULATION_OF_AMYLOID_BETA_FORMATION	53	0.4	-0.000241	0.429	-0.002444	0.371	-0.004094	20	21	12	9
GOBP_POSITIVE_REGULATION_OF_ANTIGEN_RECEPTOR_MEDIATED_SIGNALING_PATHWAY	53	0.629	0.002207	0.543	0.000571	0.4	-0.000981	25	28	16	6
GOBP_POSITIVE_REGULATION_OF_ATP_DEPENDENT_ACTIVITY	53	0.429	-0.000674	0.429	-0.001171	0.371	-0.001587	23	23	5	4
GOBP_POSITIVE_REGULATION_OF_AUTOPHAGOSOME_ASSEMBLY	53	0.543	0.000125	0.486	-0.000113	0.543	0.000914	19	20	4	7
GOBP_POSITIVE_REGULATION_OF_AUTOPHAGY_OF_MITOCHONDRION	53	0.371	-0.001657	0.371	-0.003405	0.314	-0.002569	26	27	4	8
GOBP_POSITIVE_REGULATION_OF_AXON_EXTENSION	53	0.486	-0.000293	0.429	-0.000458	0.371	-0.001776	39	39	17	6
GOBP_POSITIVE_REGULATION_OF_BEHAVIOR	53	0.4	-2.3e-05	0.543	8.1e-05	0.514	0.000105	29	29	22	5
GOBP_POSITIVE_REGULATION_OF_BLOOD_PRESSURE	53	0.571	0.000201	0.4	-0.000842	0.257	-0.002297	36	37	22	4
GOBP_POSITIVE_REGULATION_OF_BLOOD_VESSEL_ENDOTHELIAL_CELL_PROLIFERATION_INVOLVED_IN_SPROUTING_ANGIOGENESIS	53	0.457	0.0	0.429	-0.000417	0.543	4.7e-05	10	23	6	8
GOBP_POSITIVE_REGULATION_OF_BMP_SIGNALING_PATHWAY	53	0.629	0.001999	0.6	0.001157	0.457	-0.00043	35	40	20	6
GOBP_POSITIVE_REGULATION_OF_BONE_MINERALIZATION	53	0.714	0.001648	0.6	0.000655	0.457	-3.5e-05	44	44	29	6
GOBP_POSITIVE_REGULATION_OF_B_CELL_PROLIFERATION	53	0.457	-0.000272	0.4	-0.000908	0.343	-0.002315	47	47	34	8
GOBP_POSITIVE_REGULATION_OF_CALCINEURIN_MEDIATED_SIGNALING	53	0.314	-0.001179	0.286	-0.001013	0.343	-0.001104	21	21	9	8
GOBP_POSITIVE_REGULATION_OF_CALCIUM_ION_IMPORT	53	0.343	-0.000749	0.343	-0.000492	0.371	-0.001413	27	27	18	7
GOBP_POSITIVE_REGULATION_OF_CANONICAL_NF_KAPPAB_SIGNAL_TRANSDUCTION	53	0.714	0.00106	0.514	0.000112	0.314	-0.000511	226	227	100	7
GOBP_POSITIVE_REGULATION_OF_CANONICAL_WNT_SIGNALING_PATHWAY	53	0.571	0.000181	0.457	-9.4e-05	0.4	-0.000777	106	116	52	7
GOBP_POSITIVE_REGULATION_OF_CARDIAC_MUSCLE_CELL_PROLIFERATION	53	0.543	0.000239	0.571	0.000354	0.571	0.000482	25	33	15	6
GOBP_POSITIVE_REGULATION_OF_CATION_CHANNEL_ACTIVITY	53	0.371	-0.000717	0.371	-0.001493	0.343	-0.000939	28	28	15	5
GOBP_POSITIVE_REGULATION_OF_CELLULAR_RESPONSE_TO_INSULIN_STIMULUS	53	0.429	-0.001106	0.429	-0.00148	0.4	-0.001378	25	25	9	5
GOBP_POSITIVE_REGULATION_OF_CELLULAR_RESPONSE_TO_TRANSFORMING_GROWTH_FACTOR_BETA_STIMULUS	53	0.486	-0.000693	0.514	0.000221	0.514	0.000414	31	34	18	5
GOBP_POSITIVE_REGULATION_OF_CELL_ADHESION_MEDIATED_BY_INTEGRIN	53	0.571	0.001317	0.514	0.000241	0.286	-0.001435	22	22	13	6
GOBP_POSITIVE_REGULATION_OF_CELL_CYCLE_G2_M_PHASE_TRANSITION	53	0.4	-0.000852	0.4	-0.000924	0.429	-0.001269	30	30	17	8
GOBP_POSITIVE_REGULATION_OF_CELL_MIGRATION_INVOLVED_IN_SPROUTING_ANGIOGENESIS	53	0.343	-0.001054	0.4	-0.00118	0.343	-0.000947	23	37	15	9
GOBP_POSITIVE_REGULATION_OF_CELL_MORPHOGENESIS	53	0.543	0.000778	0.6	0.000907	0.686	0.000807	35	37	13	6
GOBP_POSITIVE_REGULATION_OF_CHEMOKINE_PRODUCTION	53	0.6	0.000554	0.514	0.000223	0.486	-0.000245	69	72	43	6
GOBP_POSITIVE_REGULATION_OF_CHOLESTEROL_EFFLUX	53	0.514	0.000373	0.457	-0.000916	0.286	-0.002527	26	27	13	8
GOBP_POSITIVE_REGULATION_OF_CHOLESTEROL_METABOLIC_PROCESS	53	0.543	0.000404	0.514	4.8e-05	0.343	-0.00142	22	24	12	7
GOBP_POSITIVE_REGULATION_OF_CHONDROCYTE_DIFFERENTIATION	53	0.4	-0.000729	0.457	-0.00055	0.457	-0.000509	21	21	11	6
GOBP_POSITIVE_REGULATION_OF_CHROMOSOME_SEGREGATION	53	0.457	-0.00044	0.486	-4.8e-05	0.486	-0.000168	30	30	20	7
GOBP_POSITIVE_REGULATION_OF_CILIUM_ASSEMBLY	53	0.4	-0.000416	0.4	-0.000717	0.371	-0.000779	30	30	9	7
GOBP_POSITIVE_REGULATION_OF_CIRCADIAN_RHYTHM	53	0.4	-0.000157	0.314	-0.000411	0.371	-0.000489	18	20	10	4
GOBP_POSITIVE_REGULATION_OF_COAGULATION	53	0.457	-0.000354	0.286	-0.001396	0.286	-0.001964	30	30	17	5
GOBP_POSITIVE_REGULATION_OF_COLD_INDUCED_THERMOGENESIS	53	0.457	-0.000129	0.457	-0.000149	0.4	-0.000164	101	101	60	5
GOBP_POSITIVE_REGULATION_OF_COLLAGEN_METABOLIC_PROCESS	53	0.543	0.000374	0.314	-0.00183	0.286	-0.002425	25	26	16	6
GOBP_POSITIVE_REGULATION_OF_CYTOKINESIS	53	0.486	-0.000467	0.486	-7e-05	0.6	0.00032	49	50	22	6
GOBP_POSITIVE_REGULATION_OF_CYTOKINE_PRODUCTION_INVOLVED_IN_INFLAMMATORY_RESPONSE	53	0.629	0.001387	0.514	0.000819	0.486	-0.000145	26	30	14	6
GOBP_POSITIVE_REGULATION_OF_DEFENSE_RESPONSE_TO_VIRUS_BY_HOST	53	0.6	0.000956	0.543	0.000267	0.371	-0.001356	31	33	19	7
GOBP_POSITIVE_REGULATION_OF_DENDRITE_EXTENSION	53	0.4	0.0	0.571	4.1e-05	0.457	-8e-06	21	22	12	6
GOBP_POSITIVE_REGULATION_OF_DENDRITIC_SPINE_DEVELOPMENT	53	0.6	0.000758	0.629	0.000455	0.457	-0.00017	39	41	17	5
GOBP_POSITIVE_REGULATION_OF_DNA_BINDING	53	0.571	0.00046	0.571	0.000334	0.486	-0.000698	28	29	15	5
GOBP_POSITIVE_REGULATION_OF_DNA_BIOSYNTHETIC_PROCESS	53	0.514	0.000264	0.514	0.000247	0.486	-0.000282	46	46	27	8
GOBP_POSITIVE_REGULATION_OF_DNA_REPLICATION	53	0.314	-0.001375	0.457	-0.00083	0.486	-0.000226	42	42	26	8
GOBP_POSITIVE_REGULATION_OF_DNA_TEMPLATED_TRANSCRIPTION_ELONGATION	53	0.657	0.0005	0.514	0.000125	0.543	0.000143	62	62	12	10
GOBP_POSITIVE_REGULATION_OF_DNA_TEMPLATED_TRANSCRIPTION_INITIATION	53	0.514	0.000144	0.514	0.000557	0.543	0.000388	72	72	25	10
GOBP_POSITIVE_REGULATION_OF_DOUBLE_STRAND_BREAK_REPAIR_VIA_HOMOLOGOUS_RECOMBINATION	53	0.543	0.000399	0.543	0.000529	0.486	-9.5e-05	43	43	14	7
GOBP_POSITIVE_REGULATION_OF_D_GLUCOSE_IMPORT	53	0.486	-4.9e-05	0.514	9e-05	0.486	-0.000482	37	38	17	
GOBP_POSITIVE_REGULATION_OF_EMBRYONIC_DEVELOPMENT	53	0.457	-0.000183	0.4	-0.000691	0.371	-0.00103	22	22	13	5
GOBP_POSITIVE_REGULATION_OF_ENDOTHELIAL_CELL_APOPTOTIC_PROCESS	53	0.686	0.001594	0.486	-1e-06	0.457	-0.002647	23	29	17	7
GOBP_POSITIVE_REGULATION_OF_EPITHELIAL_CELL_APOPTOTIC_PROCESS	53	0.686	0.001146	0.457	-0.000358	0.371	-0.000985	18	21	10	7
GOBP_POSITIVE_REGULATION_OF_EPITHELIAL_CELL_MIGRATION	53	0.486	-0.000576	0.4	-0.001152	0.429	-0.001046	48	50	22	5
GOBP_POSITIVE_REGULATION_OF_EPITHELIAL_TO_MESENCHYMAL_TRANSITION	53	0.571	0.002279	0.571	0.001031	0.457	-0.000519	56	60	40	5
GOBP_POSITIVE_REGULATION_OF_ERBB_SIGNALING_PATHWAY	53	0.429	-0.001609	0.429	-0.001869	0.4	-0.000556	31	32	15	6
GOBP_POSITIVE_REGULATION_OF_ERK1_AND_ERK2_CASCADE	53	0.629	0.001646	0.543	0.000181	0.371	-0.000742	189	201	121	8
GOBP_POSITIVE_REGULATION_OF_ERYTHROCYTE_DIFFERENTIATION	53	0.686	0.001124	0.571	0.000469	0.486	-0.000305	34	37	16	7
GOBP_POSITIVE_REGULATION_OF_ESTABLISHMENT_OF_PROTEIN_LOCALIZATION_TO_MITOCHONDRION	53	0.4	-0.001189	0.314	-0.001488	0.486	-0.000464	37	37	14	
GOBP_POSITIVE_REGULATION_OF_EXCITATORY_POSTSYNAPTIC_POTENTIAL	53	0.629	0.000255	0.543	0.000135	0.514	2.2e-05	33	33	19	5
GOBP_POSITIVE_REGULATION_OF_EXECUTION_PHASE_OF_APOPTOSIS	53	0.4	-0.001626	0.4	-0.000807	0.457	-0.00126	19	20	8	5
GOBP_POSITIVE_REGULATION_OF_EXTRACELLULAR_MATRIX_ORGANIZATION	53	0.629	0.001615	0.543	0.000349	0.514	6e-06	27	29	16	6
GOBP_POSITIVE_REGULATION_OF_EXTRINSIC_APOPTOTIC_SIGNALING_PATHWAY	53	0.486	-0.000278	0.371	-0.001066	0.257	-0.002007	59	59	32	7
GOBP_POSITIVE_REGULATION_OF_FATTY_ACID_BIOSYNTHETIC_PROCESS	53	0.686	0.001865	0.543	0.000269	0.343	-0.001371	22	24	11	8
GOBP_POSITIVE_REGULATION_OF_FATTY_ACID_TRANSPORT	53	0.314	-0.002001	0.314	-0.002425	0.4	-0.001514	21	21	14	6
GOBP_POSITIVE_REGULATION_OF_FAT_CELL_DIFFERENTIATION	53	0.486	-0.00037	0.429	-0.00014	0.514	0.000375	68	72	46	6
GOBP_POSITIVE_REGULATION_OF_FIBROBLAST_PROLIFERATION	53	0.657	0.002149	0.514	0.000323	0.343	-0.001574	56	57	40	6
GOBP_POSITIVE_REGULATION_OF_FILOPODIUM_ASSEMBLY	53	0.429	-0.000495	0.343	-0.001412	0.2	-0.001856	30	30	19	7
GOBP_POSITIVE_REGULATION_OF_FOCAL_ADHESION_ASSEMBLY	53	0.543	0.001313	0.686	0.001265	0.6	0.000573	26	26	13	7
GOBP_POSITIVE_REGULATION_OF_G1_S_TRANSITION_OF_MITOTIC_CELL_CYCLE	53	0.714	0.00089	0.6	0.000381	0.543	0.000357	44	56	26	8
GOBP_POSITIVE_REGULATION_OF_GENE_EXPRESSION_EPIGENETIC	53	0.571	0.000376	0.571	0.000412	0.543	0.000186	60	61	25	7
GOBP_POSITIVE_REGULATION_OF_GLIAL_CELL_PROLIFERATION	53	0.429	-0.000265	0.486	-0.000168	0.514	0.000257	21	24	11	6
GOBP_POSITIVE_REGULATION_OF_GLUCONEOGENESIS	53	0.629	0.000773	0.486	-9.2e-05	0.457	-0.000153	21	23	9	7
GOBP_POSITIVE_REGULATION_OF_GLYCOGEN_METABOLIC_PROCESS	53	0.486	-0.00032	0.429	-0.000887	0.314	-0.001519	21	21	9	7
GOBP_POSITIVE_REGULATION_OF_GLYCOPROTEIN_METABOLIC_PROCESS	53	0.429	-0.000209	0.543	0.00027	0.429	-0.000414	21	22	11	8
GOBP_POSITIVE_REGULATION_OF_GRANULOCYTE_CHEMOTAXIS	53	0.714	0.003152	0.6	0.001064	0.4	-0.000557	27	27	24	7
GOBP_POSITIVE_REGULATION_OF_G_PROTEIN_COUPLED_RECEPTOR_SIGNALING_PATHWAY	53	0.629	0.001407	0.543	0.001019	0.514	0.00035	39	42	28	6
GOBP_POSITIVE_REGULATION_OF_HEART_RATE	53	0.457	-0.000323	0.486	-0.000432	0.514	1.9e-05	27	28	18	4
GOBP_POSITIVE_REGULATION_OF_HOMOTYPIC_CELL_CELL_ADHESION	53	0.629	0.002093	0.571	0.001225	0.514	0.000372	20	20	13	7
GOBP_POSITIVE_REGULATION_OF_HUMORAL_IMMUNE_RESPONSE	53	0.714	0.00109	0.543	0.000333	0.286	-0.001592	20	23	16	6
GOBP_POSITIVE_REGULATION_OF_INFLAMMASOME_MEDIATED_SIGNALING_PATHWAY	53	0.6	0.001078	0.657	0.000901	0.571	0.000923	27	28	10	7
GOBP_POSITIVE_REGULATION_OF_INSULIN_SECRETION_INVOLVED_IN_CELLULAR_RESPONSE_TO_GLUCOSE_STIMULUS	53	0.4	-0.000979	0.429	-0.000775	0.371	-0.00096	39	40	19	6
GOBP_POSITIVE_REGULATION_OF_INTERFERON_ALPHA_PRODUCTION	53	0.4	-0.000711	0.4	-0.001441	0.486	-0.001225	25	26	11	7
GOBP_POSITIVE_REGULATION_OF_INTERFERON_BETA_PRODUCTION	53	0.543	0.000982	0.457	-0.000734	0.429	-0.000698	40	42	15	7
GOBP_POSITIVE_REGULATION_OF_INTERLEUKIN_10_PRODUCTION	53	0.429	-0.000761	0.4	-0.001095	0.486	-0.000202	42	43	27	6
GOBP_POSITIVE_REGULATION_OF_INTERLEUKIN_12_PRODUCTION	53	0.686	0.000841	0.429	-0.000242	0.371	-0.002033	43	43	24	6
GOBP_POSITIVE_REGULATION_OF_INTERLEUKIN_17_PRODUCTION	53	0.6	0.000687	0.457	-1.8e-05	0.429	-0.000459	27	28	16	6
GOBP_POSITIVE_REGULATION_OF_INTERLEUKIN_1_PRODUCTION	53	0.714	0.001157	0.543	0.000207	0.429	-0.000353	71	74	39	6
GOBP_POSITIVE_REGULATION_OF_INTERLEUKIN_2_PRODUCTION	53	0.629	0.000981	0.4	-0.000185	0.343	-0.001572	36	37	19	6
GOBP_POSITIVE_REGULATION_OF_INTERLEUKIN_4_PRODUCTION	53	0.714	0.002475	0.629	0.0009	0.429	-0.000807	26	27	15	6
GOBP_POSITIVE_REGULATION_OF_INTERLEUKIN_6_PRODUCTION	53	0.714	0.00123	0.457	-9.9e-05	0.2	-0.000841	98	103	54	6
GOBP_POSITIVE_REGULATION_OF_INTERLEUKIN_8_PRODUCTION	53	0.514	0.000588	0.429	-0.000747	0.343	-0.001967	64	65	35	6
GOBP_POSITIVE_REGULATION_OF_INTRINSIC_APOPTOTIC_SIGNALING_PATHWAY	53	0.486	-0.00023	0.486	-0.000227	0.343	-0.001619	60	68	29	7
GOBP_POSITIVE_REGULATION_OF_ISOTYPE_SWITCHING	53	0.371	-0.000701	0.314	-0.001584	0.371	-0.00169	29	29	15	5
GOBP_POSITIVE_REGULATION_OF_JNK_CASCADE	53	0.686	0.000971	0.543	0.000223	0.457	-0.000553	98	99	45	8
GOBP_POSITIVE_REGULATION_OF_KERATINOCYTE_DIFFERENTIATION	53	0.543	0.000483	0.543	0.000352	0.6	0.000864	18	21	10	5
GOBP_POSITIVE_REGULATION_OF_LAMELLIPODIUM_ASSEMBLY	53	0.514	0.000109	0.486	-2.6e-05	0.486	-0.000605	28	28	17	7
GOBP_POSITIVE_REGULATION_OF_LEUKOCYTE_ADHESION_TO_VASCULAR_ENDOTHELIAL_CELL	53	0.771	0.003003	0.629	0.001826	0.4	-0.000855	22	24	15	8
GOBP_POSITIVE_REGULATION_OF_LEUKOCYTE_DEGRANULATION	53	0.6	0.001277	0.514	0.000592	0.343	-0.001757	24	25	10	6
GOBP_POSITIVE_REGULATION_OF_LIPID_CATABOLIC_PROCESS	53	0.371	-0.000837	0.371	-0.000666	0.343	-0.000769	27	27	12	7
GOBP_POSITIVE_REGULATION_OF_LIPID_STORAGE	53	0.457	-0.000345	0.371	-0.001406	0.286	-0.001264	20	23	13	5
GOBP_POSITIVE_REGULATION_OF_LONG_TERM_SYNAPTIC_POTENTIATION	53	0.514	0.000402	0.514	0.000314	0.514	1e-05	24	24	15	5
GOBP_POSITIVE_REGULATION_OF_LYASE_ACTIVITY	53	0.6	0.000705	0.543	0.000418	0.486	-6.9e-05	22	23	10	5
GOBP_POSITIVE_REGULATION_OF_LYMPHOCYTE_APOPTOTIC_PROCESS	53	0.543	0.000984	0.543	0.001079	0.486	-4.1e-05	20	20	10	8
GOBP_POSITIVE_REGULATION_OF_MACROPHAGE_ACTIVATION	53	0.543	0.000262	0.457	-0.000384	0.371	-0.000822	27	31	15	6
GOBP_POSITIVE_REGULATION_OF_MACROPHAGE_CHEMOTAXIS	53	0.6	0.000904	0.429	-0.000397	0.4	-0.001122	21	21	18	7
GOBP_POSITIVE_REGULATION_OF_MACROPHAGE_CYTOKINE_PRODUCTION	53	0.8	0.002835	0.486	-0.000227	0.229	-0.003087	24	24	14	7
GOBP_POSITIVE_REGULATION_OF_MACROPHAGE_DERIVED_FOAM_CELL_DIFFERENTIATION	53	0.4	-0.000299	0.429	-0.000438	0.371	-0.000335	20	21	14	6
GOBP_POSITIVE_REGULATION_OF_MAP_KINASE_ACTIVITY	53	0.457	-0.000172	0.457	-0.00015	0.4	-0.000781	39	40	19	8
GOBP_POSITIVE_REGULATION_OF_MEIOTIC_CELL_CYCLE	53	0.371	-0.000433	0.4	-0.000506	0.457	-0.000207	26	27	16	5
GOBP_POSITIVE_REGULATION_OF_MESENCHYMAL_CELL_PROLIFERATION	53	0.571	0.001184	0.657	0.001371	0.629	0.001166	27	27	18	6
GOBP_POSITIVE_REGULATION_OF_MICROTUBULE_POLYMERIZATION_OR_DEPOLYMERIZATION	53	0.429	-0.000847	0.571	0.000784	0.543	0.000298	37	38	17	7
GOBP_POSITIVE_REGULATION_OF_MIRNA_TRANSCRIPTION	53	0.429	-0.000732	0.486	-0.000237	0.343	-0.001201	56	56	33	9
GOBP_POSITIVE_REGULATION_OF_MITOCHONDRIAL_FISSION	53	0.543	0.00056	0.429	-0.000303	0.4	-0.00052	21	22	8	5
GOBP_POSITIVE_REGULATION_OF_MITOCHONDRIAL_MEMBRANE_PERMEABILITY	53	0.371	-0.001962	0.429	-0.001046	0.429	-0.001043	42	45	12	5
GOBP_POSITIVE_REGULATION_OF_MITOTIC_NUCLEAR_DIVISION	53	0.486	-1.8e-05	0.514	3.9e-05	0.486	-1.1e-05	46	46	31	7
GOBP_POSITIVE_REGULATION_OF_MITOTIC_SISTER_CHROMATID_SEPARATION	53	0.4	-0.001379	0.371	-0.000819	0.429	-0.000666	21	21	15	8
GOBP_POSITIVE_REGULATION_OF_MONOCYTE_CHEMOTAXIS	53	0.543	0.001178	0.457	-0.000516	0.429	-0.000298	23	23	16	7
GOBP_POSITIVE_REGULATION_OF_MORPHOGENESIS_OF_AN_EPITHELIUM	53	0.4	-0.001168	0.4	-0.001399	0.4	-0.000644	38	38	32	5
GOBP_POSITIVE_REGULATION_OF_MRNA_PROCESSING	53	0.543	0.001875	0.486	-0.000854	0.4	-0.001561	32	37	11	9
GOBP_POSITIVE_REGULATION_OF_MULTICELLULAR_ORGANISM_GROWTH	53	0.429	-0.00137	0.429	-0.000286	0.571	0.000255	34	34	13	5
GOBP_POSITIVE_REGULATION_OF_MUSCLE_CELL_APOPTOTIC_PROCESS	53	0.486	-2.8e-05	0.429	-0.000558	0.543	0.000601	26	35	8	7
GOBP_POSITIVE_REGULATION_OF_MUSCLE_HYPERTROPHY	53	0.514	0.00013	0.543	0.000392	0.514	0.000144	28	38	14	5
GOBP_POSITIVE_REGULATION_OF_MUSCLE_ORGAN_DEVELOPMENT	53	0.6	0.000789	0.543	7.3e-05	0.457	-0.000477	21	22	10	5
GOBP_POSITIVE_REGULATION_OF_MYELINATION	53	0.429	-0.00012	0.486	-0.000297	0.429	-0.000243	21	21	15	5
GOBP_POSITIVE_REGULATION_OF_MYELOID_LEUKOCYTE_MEDIATED_IMMUNITY	53	0.714	0.003947	0.6	0.00088	0.343	-0.003884	21	22	13	7
GOBP_POSITIVE_REGULATION_OF_MYOBLAST_DIFFERENTIATION	53	0.686	0.001261	0.629	0.001345	0.543	0.000171	46	47	22	6
GOBP_POSITIVE_REGULATION_OF_NATURAL_KILLER_CELL_ACTIVATION	53	0.657	0.00246	0.571	0.000814	0.257	-0.001845	24	26	14	7
GOBP_POSITIVE_REGULATION_OF_NATURAL_KILLER_CELL_MEDIATED_CYTOTOXICITY	53	0.629	0.002039	0.571	0.000823	0.286	-0.001506	28	30	15	7
GOBP_POSITIVE_REGULATION_OF_NEUROBLAST_PROLIFERATION	53	0.429	-0.000649	0.486	-0.000162	0.429	-0.00058	29	29	15	7
GOBP_POSITIVE_REGULATION_OF_NEURON_APOPTOTIC_PROCESS	53	0.629	0.000252	0.514	0.000232	0.4	-0.000401	65	69	35	7
GOBP_POSITIVE_REGULATION_OF_NEURON_DIFFERENTIATION	53	0.571	0.000506	0.571	0.000536	0.571	0.000315	93	97	58	6
GOBP_POSITIVE_REGULATION_OF_NEURON_PROJECTION_DEVELOPMENT	53	0.343	-0.000353	0.286	-0.00073	0.343	-0.000539	151	159	74	7
GOBP_POSITIVE_REGULATION_OF_NEUROTRANSMITTER_SECRETION	53	0.229	-3.4e-05	0.314	-0.000164	0.286	-0.000341	20	20	9	6
GOBP_POSITIVE_REGULATION_OF_NEUTROPHIL_MIGRATION	53	0.657	0.003131	0.514	6.1e-05	0.4	-0.001571	34	34	26	6
GOBP_POSITIVE_REGULATION_OF_NF_KAPPAB_TRANSCRIPTION_FACTOR_ACTIVITY	53	0.486	-3e-05	0.486	-9.5e-05	0.457	-0.000279	91	94	35	
GOBP_POSITIVE_REGULATION_OF_NITRIC_OXIDE_METABOLIC_PROCESS	53	0.629	0.001393	0.514	0.000835	0.486	-0.000135	41	45	22	
GOBP_POSITIVE_REGULATION_OF_NON_CANONICAL_NF_KAPPAB_SIGNAL_TRANSDUCTION	53	0.657	0.001115	0.543	0.000391	0.4	-0.000673	61	65	33	7
GOBP_POSITIVE_REGULATION_OF_NOTCH_SIGNALING_PATHWAY	53	0.429	-0.000303	0.457	-0.000639	0.486	-0.000206	48	50	24	6
GOBP_POSITIVE_REGULATION_OF_NUCLEOTIDE_CATABOLIC_PROCESS	53	0.429	-0.001372	0.4	-0.001204	0.4	-0.000997	24	24	9	7
GOBP_POSITIVE_REGULATION_OF_OLIGODENDROCYTE_DIFFERENTIATION	53	0.429	-0.000823	0.371	-0.000834	0.4	-0.001636	25	25	20	7
GOBP_POSITIVE_REGULATION_OF_OSTEOBLAST_DIFFERENTIATION	53	0.629	0.001407	0.543	0.000193	0.371	-0.000506	70	80	45	6
GOBP_POSITIVE_REGULATION_OF_OSTEOCLAST_DIFFERENTIATION	53	0.514	6.7e-05	0.457	-0.000491	0.371	-0.001525	29	30	20	8
GOBP_POSITIVE_REGULATION_OF_P38MAPK_CASCADE	53	0.571	0.000243	0.629	0.000407	0.657	0.000679	26	29	16	8
GOBP_POSITIVE_REGULATION_OF_PEPTIDYL_SERINE_PHOSPHORYLATION	53	0.629	0.001323	0.6	0.000806	0.629	0.000789	22	22	11	8
GOBP_POSITIVE_REGULATION_OF_PEPTIDYL_TYROSINE_PHOSPHORYLATION	53	0.486	-3.1e-05	0.429	-0.000618	0.457	-8.5e-05	57	57	34	8
GOBP_POSITIVE_REGULATION_OF_PHAGOCYTOSIS	53	0.686	0.00167	0.543	0.00025	0.314	-0.00063	72	77	48	6
GOBP_POSITIVE_REGULATION_OF_PHOSPHATIDYLINOSITOL_3_KINASE_PROTEIN_KINASE_B_SIGNAL_TRANSDUCTION	53	0.657	0.000892	0.571	0.000153	0.257	-0.000743	200	208	120	7
GOBP_POSITIVE_REGULATION_OF_POTASSIUM_ION_TRANSMEMBRANE_TRANSPORT	53	0.571	0.000313	0.486	-0.000144	0.543	0.000145	30	31	19	7
GOBP_POSITIVE_REGULATION_OF_PROTEASOMAL_UBIQUITIN_DEPENDENT_PROTEIN_CATABOLIC_PROCESS	53	0.486	-0.00019	0.486	-0.000237	0.286	-0.001003	80	82	31	9
GOBP_POSITIVE_REGULATION_OF_PROTEIN_BINDING	53	0.6	0.001017	0.514	0.000244	0.457	-0.000168	24	25	11	5
GOBP_POSITIVE_REGULATION_OF_PROTEIN_DEPOLYMERIZATION	53	0.543	0.000554	0.571	0.000566	0.486	-4e-05	20	21	14	7
GOBP_POSITIVE_REGULATION_OF_PROTEIN_EXPORT_FROM_NUCLEUS	53	0.457	-0.000733	0.4	-0.001239	0.457	-0.000622	19	20	7	7
GOBP_POSITIVE_REGULATION_OF_PROTEIN_IMPORT_INTO_NUCLEUS	53	0.686	0.001798	0.6	0.001122	0.543	0.00074	40	40	21	6
GOBP_POSITIVE_REGULATION_OF_PROTEIN_LOCALIZATION_TO_CELL_SURFACE	53	0.657	0.001852	0.543	0.000376	0.457	-0.000322	21	23	13	5
GOBP_POSITIVE_REGULATION_OF_PROTEIN_LOCALIZATION_TO_PLASMA_MEMBRANE	53	0.314	-0.00358	0.343	-0.001807	0.286	-0.001634	65	66	32	6
GOBP_POSITIVE_REGULATION_OF_PROTEIN_MATURATION	53	0.486	-0.000521	0.4	-0.001277	0.457	-0.002041	26	26	19	8
GOBP_POSITIVE_REGULATION_OF_PROTEIN_TARGETING_TO_MEMBRANE	53	0.457	-0.000765	0.343	-0.001025	0.429	-0.001224	27	27	12	5
GOBP_POSITIVE_REGULATION_OF_PROTEIN_UBIQUITINATION	53	0.486	-0.000233	0.429	-0.000494	0.257	-0.001298	105	110	43	11
GOBP_POSITIVE_REGULATION_OF_PROTEOLYSIS	53	0.543	0.000439	0.4	-0.000647	0.343	-0.001114	207	209	93	8
GOBP_POSITIVE_REGULATION_OF_PROTEOLYSIS_INVOLVED_IN_PROTEIN_CATABOLIC_PROCESS	53	0.629	0.000575	0.429	-0.000547	0.343	-0.000561	137	139	54	
GOBP_POSITIVE_REGULATION_OF_REACTIVE_OXYGEN_SPECIES_BIOSYNTHETIC_PROCESS	53	0.629	0.001081	0.457	-0.001224	0.343	-0.002423	19	21	8	7
GOBP_POSITIVE_REGULATION_OF_RECEPTOR_INTERNALIZATION	53	0.429	-0.000287	0.343	-0.00079	0.314	-0.001734	30	30	16	7
GOBP_POSITIVE_REGULATION_OF_RECEPTOR_SIGNALING_PATHWAY_VIA_STAT	53	0.543	0.00027	0.429	-6.2e-05	0.457	-0.000258	47	49	23	6
GOBP_POSITIVE_REGULATION_OF_REGULATORY_T_CELL_DIFFERENTIATION	53	0.714	0.002795	0.571	0.000405	0.371	-0.001261	23	24	16	9
GOBP_POSITIVE_REGULATION_OF_RELEASE_OF_CYTOCHROME_C_FROM_MITOCHONDRIA	53	0.457	-0.000554	0.4	-0.000947	0.486	-0.000145	21	21	15	7
GOBP_POSITIVE_REGULATION_OF_RELEASE_OF_SEQUESTERED_CALCIUM_ION_INTO_CYTOSOL	53	0.571	0.000399	0.6	0.000308	0.457	-0.000118	35	35	24	8
GOBP_POSITIVE_REGULATION_OF_RESPONSE_TO_ENDOPLASMIC_RETICULUM_STRESS	53	0.543	0.000177	0.543	0.000452	0.457	-0.000241	41	41	14	5
GOBP_POSITIVE_REGULATION_OF_RESPONSE_TO_WOUNDING	53	0.657	0.001188	0.6	0.000798	0.514	0.000146	68	76	41	5
GOBP_POSITIVE_REGULATION_OF_RHO_PROTEIN_SIGNAL_TRANSDUCTION	53	0.543	0.000412	0.457	-0.000707	0.429	-0.000684	29	29	16	8
GOBP_POSITIVE_REGULATION_OF_RNA_SPLICING	53	0.6	0.000957	0.6	0.002292	0.457	-0.000372	43	48	13	7
GOBP_POSITIVE_REGULATION_OF_SIGNAL_TRANSDUCTION_BY_P53_CLASS_MEDIATOR	53	0.629	0.000777	0.543	0.000837	0.543	0.000227	28	36	14	7
GOBP_POSITIVE_REGULATION_OF_SMAD_PROTEIN_SIGNAL_TRANSDUCTION	53	0.714	0.000933	0.6	0.000587	0.514	4.9e-05	42	42	28	7
GOBP_POSITIVE_REGULATION_OF_SMOOTHENED_SIGNALING_PATHWAY	53	0.514	0.00015	0.457	-0.000201	0.371	-0.000668	38	39	17	6
GOBP_POSITIVE_REGULATION_OF_SMOOTH_MUSCLE_CELL_DIFFERENTIATION	53	0.543	0.000813	0.4	-0.001361	0.429	-0.001493	16	25	10	7
GOBP_POSITIVE_REGULATION_OF_SMOOTH_MUSCLE_CONTRACTION	53	0.686	0.000532	0.486	-0.00014	0.514	1.3e-05	29	30	21	6
GOBP_POSITIVE_REGULATION_OF_SODIUM_ION_TRANSMEMBRANE_TRANSPORT	53	0.371	-0.003374	0.343	-0.002972	0.457	-0.001492	19	20	9	7
GOBP_POSITIVE_REGULATION_OF_SPROUTING_ANGIOGENESIS	53	0.314	-0.001347	0.371	-0.001161	0.429	-0.001211	24	31	18	7
GOBP_POSITIVE_REGULATION_OF_STEM_CELL_DIFFERENTIATION	53	0.486	-0.00014	0.457	-0.000106	0.543	0.000279	23	23	16	6
GOBP_POSITIVE_REGULATION_OF_STEM_CELL_POPULATION_MAINTENANCE	53	0.714	0.000822	0.6	0.00069	0.543	0.000679	49	50	21	5
GOBP_POSITIVE_REGULATION_OF_STEM_CELL_PROLIFERATION	53	0.629	0.001351	0.6	0.000372	0.543	0.000395	46	55	33	6
GOBP_POSITIVE_REGULATION_OF_STEROID_BIOSYNTHETIC_PROCESS	53	0.543	0.000341	0.629	0.000282	0.571	0.00042	28	30	18	8
GOBP_POSITIVE_REGULATION_OF_STRESS_ACTIVATED_PROTEIN_KINASE_SIGNALING_CASCADE	53	0.629	0.001296	0.571	0.000471	0.543	0.000583	21	21	7	6
GOBP_POSITIVE_REGULATION_OF_STRESS_FIBER_ASSEMBLY	53	0.6	0.000488	0.543	0.000446	0.429	-0.000942	52	52	27	7
GOBP_POSITIVE_REGULATION_OF_STRIATED_MUSCLE_CELL_DIFFERENTIATION	53	0.514	2e-05	0.457	-0.000562	0.4	-0.000593	41	51	22	7
GOBP_POSITIVE_REGULATION_OF_SUBSTRATE_ADHESION_DEPENDENT_CELL_SPREADING	53	0.543	0.000711	0.514	0.000307	0.371	-0.001742	43	43	21	7
GOBP_POSITIVE_REGULATION_OF_SYNAPSE_ASSEMBLY	53	0.371	-0.000465	0.4	-0.000346	0.4	-0.000267	66	68	40	6
GOBP_POSITIVE_REGULATION_OF_SYNAPTIC_TRANSMISSION_GLUTAMATERGIC	53	0.343	-5.3e-05	0.4	-0.000246	0.4	-0.000158	32	32	20	6
GOBP_POSITIVE_REGULATION_OF_SYNCYTIUM_FORMATION_BY_PLASMA_MEMBRANE_FUSION	53	0.571	0.000884	0.543	0.000391	0.371	-0.001459	24	24	17	6
GOBP_POSITIVE_REGULATION_OF_TELOMERE_MAINTENANCE_VIA_TELOMERE_LENGTHENING	53	0.6	0.002302	0.486	-0.000836	0.4	-0.003095	26	26	13	9
GOBP_POSITIVE_REGULATION_OF_TISSUE_REMODELING	53	0.371	-0.000816	0.457	-0.000244	0.486	-3.8e-05	11	23	6	5
GOBP_POSITIVE_REGULATION_OF_TORC1_SIGNALING	53	0.371	-0.000549	0.429	-0.000269	0.371	-0.000784	52	55	11	8
GOBP_POSITIVE_REGULATION_OF_TRANSCRIPTION_BY_RNA_POLYMERASE_I	53	0.543	0.000795	0.514	0.000457	0.457	-0.000614	34	36	16	10
GOBP_POSITIVE_REGULATION_OF_TRANSCRIPTION_BY_RNA_POLYMERASE_II	53	0.657	0.000403	0.571	0.000119	0.371	-0.000157	1217	1248	592	10
GOBP_POSITIVE_REGULATION_OF_TRANSFERASE_ACTIVITY	53	0.6	0.000441	0.4	-0.000289	0.257	-0.001099	170	176	84	
GOBP_POSITIVE_REGULATION_OF_TRANSFORMING_GROWTH_FACTOR_BETA_PRODUCTION	53	0.657	0.002869	0.6	0.001145	0.543	0.000402	19	20	12	6
GOBP_POSITIVE_REGULATION_OF_TRANSLATIONAL_INITIATION	53	0.514	0.000713	0.486	-0.000362	0.486	-0.000155	24	30	14	9
GOBP_POSITIVE_REGULATION_OF_TRIGLYCERIDE_METABOLIC_PROCESS	53	0.457	-0.000121	0.514	6.8e-05	0.457	-0.00046	22	23	12	7
GOBP_POSITIVE_REGULATION_OF_TUMOR_NECROSIS_FACTOR_SUPERFAMILY_CYTOKINE_PRODUCTION	53	0.771	0.001136	0.371	-0.000878	0.286	-0.001016	108	116	63	6
GOBP_POSITIVE_REGULATION_OF_TYPE_II_INTERFERON_PRODUCTION	53	0.657	0.001049	0.571	0.000355	0.286	-0.000957	76	78	43	6
GOBP_POSITIVE_REGULATION_OF_TYPE_I_INTERFERON_MEDIATED_SIGNALING_PATHWAY	53	0.486	-2e-05	0.457	-0.000335	0.371	-0.000896	19	20	11	7
GOBP_POSITIVE_REGULATION_OF_T_CELL_CYTOKINE_PRODUCTION	53	0.543	0.000568	0.429	-0.00031	0.257	-0.002145	28	28	20	7
GOBP_POSITIVE_REGULATION_OF_T_CELL_MEDIATED_CYTOTOXICITY	53	0.743	0.003333	0.514	0.000807	0.229	-0.003447	35	38	27	7
GOBP_POSITIVE_REGULATION_OF_T_CELL_MIGRATION	53	0.743	0.003365	0.686	0.001837	0.429	-0.000541	37	37	25	8
GOBP_POSITIVE_REGULATION_OF_T_HELPER_17_TYPE_IMMUNE_RESPONSE	53	0.657	0.001038	0.629	0.000211	0.571	0.000799	19	20	11	8
GOBP_POSITIVE_REGULATION_OF_T_HELPER_CELL_DIFFERENTIATION	53	0.8	0.001522	0.6	0.000725	0.543	3e-05	26	27	11	6
GOBP_POSITIVE_REGULATION_OF_VASCULAR_ASSOCIATED_SMOOTH_MUSCLE_CELL_MIGRATION	53	0.8	0.004185	0.714	0.002993	0.543	0.000842	16	27	10	8
GOBP_POSITIVE_REGULATION_OF_VASCULAR_ASSOCIATED_SMOOTH_MUSCLE_CELL_PROLIFERATION	53	0.771	0.005309	0.629	0.001639	0.457	-0.00077	37	53	22	7
GOBP_POSITIVE_REGULATION_OF_VASCULAR_ENDOTHELIAL_CELL_PROLIFERATION	53	0.514	0.000864	0.457	-0.001191	0.4	-0.001537	18	27	12	8
GOBP_POSITIVE_REGULATION_OF_VASCULAR_ENDOTHELIAL_GROWTH_FACTOR_PRODUCTION	53	0.629	0.002401	0.514	0.000335	0.486	-6.9e-05	31	32	19	6
GOBP_POSITIVE_REGULATION_OF_VASOCONSTRICTION	53	0.486	-0.000127	0.457	-0.000199	0.457	-0.000661	28	29	21	5
GOBP_POSITIVE_REGULATION_OF_VESICLE_FUSION	53	0.343	-0.00148	0.343	-0.001212	0.457	-0.000117	22	22	17	5
GOBP_POSITIVE_REGULATION_OF_VIRAL_GENOME_REPLICATION	53	0.486	-0.000229	0.543	0.000885	0.457	-0.000889	30	31	12	5
GOBP_POSITIVE_REGULATION_OF_VIRAL_LIFE_CYCLE	53	0.629	0.001757	0.371	-0.00207	0.314	-0.003176	24	25	14	5
GOBP_POSTREPLICATION_REPAIR	53	0.6	0.000735	0.6	0.001319	0.571	0.000936	36	38	17	
GOBP_POSTSYNAPTIC_ACTIN_CYTOSKELETON_ORGANIZATION	53	0.543	0.001501	0.6	0.001698	0.714	0.00204	19	20	7	4
GOBP_POSTSYNAPTIC_DENSITY_ASSEMBLY	53	0.543	0.000226	0.514	0.000121	0.543	1.1e-05	29	29	18	7
GOBP_POSTSYNAPTIC_MEMBRANE_ORGANIZATION	53	0.486	-5.3e-05	0.429	-0.000515	0.371	-0.000761	43	43	23	5
GOBP_POSTSYNAPTIC_MODULATION_OF_CHEMICAL_SYNAPTIC_TRANSMISSION	53	0.514	4.1e-05	0.571	0.000221	0.514	0.000248	32	32	22	6
GOBP_POST_ANAL_TAIL_MORPHOGENESIS	53	0.629	0.000548	0.543	0.000758	0.486	-1.4e-05	21	21	14	3
GOBP_POST_EMBRYONIC_DEVELOPMENT	53	0.514	1.7e-05	0.4	-0.000623	0.457	-0.000478	96	97	48	2
GOBP_POTASSIUM_ION_EXPORT_ACROSS_PLASMA_MEMBRANE	53	0.429	-6e-05	0.543	0.000251	0.6	0.000952	23	24	15	4
GOBP_POTASSIUM_ION_HOMEOSTASIS	53	0.343	-0.002103	0.4	-0.00189	0.514	0.000416	36	36	21	4
GOBP_POTASSIUM_ION_IMPORT_ACROSS_PLASMA_MEMBRANE	53	0.257	-0.001211	0.314	-0.000951	0.429	-0.000597	49	52	35	6
GOBP_PRESYNAPSE_ASSEMBLY	53	0.343	-0.001075	0.4	-0.000835	0.486	-0.000337	44	46	28	5
GOBP_PRESYNAPTIC_ENDOCYTOSIS	53	0.486	-6e-05	0.486	-7.1e-05	0.486	-0.000575	79	80	27	4
GOBP_PRESYNAPTIC_MODULATION_OF_CHEMICAL_SYNAPTIC_TRANSMISSION	53	0.371	-0.000656	0.429	-0.000328	0.4	-0.001084	38	38	21	6
GOBP_PROGRAMMED_CELL_DEATH_INVOLVED_IN_CELL_DEVELOPMENT	53	0.429	-0.000313	0.514	3.7e-05	0.6	0.000492	25	25	16	3
GOBP_PROGRAMMED_CELL_DEATH_IN_RESPONSE_TO_REACTIVE_OXYGEN_SPECIES	53	0.571	0.000339	0.429	-0.001142	0.429	-0.00111	16	22	9	4
GOBP_PROSTAGLANDIN_TRANSPORT	53	0.429	-0.000571	0.429	-0.000568	0.543	0.000162	28	28	18	6
GOBP_PROSTANOID_BIOSYNTHETIC_PROCESS	53	0.486	-2e-06	0.4	-0.000767	0.286	-0.002443	30	33	22	7
GOBP_PROSTATE_GLAND_MORPHOGENESIS	53	0.657	0.003517	0.6	0.000827	0.486	-0.000184	30	30	23	3
GOBP_PROTEINOGENIC_AMINO_ACID_BIOSYNTHETIC_PROCESS	53	0.257	-0.002591	0.286	-0.002046	0.457	-0.000144	43	44	25	6
GOBP_PROTEIN_ACETYLATION	53	0.6	0.000775	0.514	0.000224	0.486	-0.000134	38	42	16	7
GOBP_PROTEIN_ACTIVATION_CASCADE	53	0.714	0.001254	0.514	0.000534	0.429	-0.00136	20	20	13	6
GOBP_PROTEIN_AUTOPHOSPHORYLATION	53	0.514	0.000227	0.514	0.000406	0.514	2.6e-05	140	140	66	6
GOBP_PROTEIN_AUTOPROCESSING	53	0.514	0.000318	0.543	0.000215	0.571	0.000194	25	25	10	7
GOBP_PROTEIN_AUTOUBIQUITINATION	53	0.657	0.00043	0.6	0.000182	0.6	0.00046	73	75	23	10
GOBP_PROTEIN_CATABOLIC_PROCESS_IN_THE_VACUOLE	53	0.486	-7.2e-05	0.4	-0.000352	0.343	-0.001194	27	29	13	6
GOBP_PROTEIN_DEACETYLATION	53	0.714	0.001289	0.714	0.002123	0.571	0.0005	25	25	10	7
GOBP_PROTEIN_DEGLYCOSYLATION	53	0.543	0.000149	0.429	-0.000868	0.257	-0.002157	19	20	7	5
GOBP_PROTEIN_DESTABILIZATION	53	0.6	0.001465	0.514	6.5e-05	0.543	0.00057	56	56	22	4
GOBP_PROTEIN_DNA_COMPLEX_DISASSEMBLY	53	0.657	0.001465	0.657	0.001769	0.686	0.002823	20	23	10	6
GOBP_PROTEIN_EXIT_FROM_ENDOPLASMIC_RETICULUM	53	0.486	-4.4e-05	0.457	-0.000134	0.371	-0.001721	47	50	20	
GOBP_PROTEIN_EXPORT_FROM_NUCLEUS	53	0.571	0.000335	0.543	0.000397	0.486	-4e-05	62	63	26	4
GOBP_PROTEIN_HETEROOLIGOMERIZATION	53	0.657	0.000718	0.6	0.000642	0.514	0.000139	31	31	15	7
GOBP_PROTEIN_HOMOTETRAMERIZATION	53	0.657	0.000829	0.571	0.000271	0.571	0.000164	65	66	33	8
GOBP_PROTEIN_IMPORT_INTO_MITOCHONDRIAL_MATRIX	53	0.486	-0.000278	0.457	-4.3e-05	0.514	0.000597	24	24	12	4
GOBP_PROTEIN_INSERTION_INTO_ER_MEMBRANE	53	0.457	-0.00056	0.429	-0.000359	0.429	-0.000334	31	31	13	5
GOBP_PROTEIN_K11_LINKED_UBIQUITINATION	53	0.457	-0.000474	0.429	-0.00114	0.4	-0.001034	39	39	10	11
GOBP_PROTEIN_K48_LINKED_DEUBIQUITINATION	53	0.571	0.000934	0.571	0.000232	0.429	-0.000772	27	27	7	10
GOBP_PROTEIN_K48_LINKED_UBIQUITINATION	53	0.429	-0.000486	0.257	-0.001095	0.257	-0.001179	99	101	30	11
GOBP_PROTEIN_K63_LINKED_DEUBIQUITINATION	53	0.4	-0.000307	0.4	-0.000968	0.457	-0.000168	28	28	11	10
GOBP_PROTEIN_K63_LINKED_UBIQUITINATION	53	0.514	0.0002	0.514	2.1e-05	0.457	-0.000582	67	70	16	11
GOBP_PROTEIN_KINASE_A_SIGNALING	53	0.714	0.000948	0.514	0.000106	0.486	-0.000299	20	21	11	
GOBP_PROTEIN_LIPID_COMPLEX_ASSEMBLY	53	0.514	6e-05	0.457	-0.00074	0.343	-0.00185	29	30	16	6
GOBP_PROTEIN_LOCALIZATION_TO_CELL_CELL_JUNCTION	53	0.571	0.000209	0.571	0.000588	0.4	-0.001238	27	27	18	5
GOBP_PROTEIN_LOCALIZATION_TO_CELL_SURFACE	53	0.686	0.001763	0.629	0.000792	0.457	-0.000405	66	68	34	4
GOBP_PROTEIN_LOCALIZATION_TO_CHROMATIN	53	0.571	0.000454	0.571	0.000556	0.457	-0.000589	43	63	22	6
GOBP_PROTEIN_LOCALIZATION_TO_CHROMOSOME_CENTROMERIC_REGION	53	0.686	0.001197	0.6	0.000572	0.571	0.000385	24	41	14	6
GOBP_PROTEIN_LOCALIZATION_TO_CHROMOSOME_TELOMERIC_REGION	53	0.343	-0.001098	0.343	-0.001946	0.429	-0.000779	25	26	7	6
GOBP_PROTEIN_LOCALIZATION_TO_CILIUM	53	0.486	-0.00018	0.4	-0.000288	0.486	-0.000349	73	76	20	5
GOBP_PROTEIN_LOCALIZATION_TO_ENDOPLASMIC_RETICULUM	53	0.514	0.000394	0.457	-0.00281	0.343	-0.000845	71	82	24	5
GOBP_PROTEIN_LOCALIZATION_TO_ENDOSOME	53	0.429	-0.000317	0.486	-2.4e-05	0.571	0.000554	27	27	11	5
GOBP_PROTEIN_LOCALIZATION_TO_GOLGI_APPARATUS	53	0.429	-0.001567	0.429	-0.001296	0.343	-0.001522	35	35	7	5
GOBP_PROTEIN_LOCALIZATION_TO_MICROTUBULE_ORGANIZING_CENTER	53	0.514	0.000504	0.543	0.000233	0.571	0.00065	38	38	10	7
GOBP_PROTEIN_LOCALIZATION_TO_NUCLEOLUS	53	0.714	0.002203	0.657	0.001171	0.571	0.000909	20	20	7	6
GOBP_PROTEIN_METHYLATION	53	0.486	-0.000283	0.4	-0.000825	0.371	-0.000485	41	42	10	5
GOBP_PROTEIN_MONOUBIQUITINATION	53	0.314	-0.001714	0.4	-0.000574	0.371	-0.000453	53	54	10	10
GOBP_PROTEIN_N_LINKED_GLYCOSYLATION_VIA_ASPARAGINE	53	0.486	-0.000467	0.486	-9.8e-05	0.429	-0.000855	43	43	21	
GOBP_PROTEIN_PALMITOYLATION	53	0.543	0.000403	0.457	-0.000326	0.4	-0.000402	26	26	9	7
GOBP_PROTEIN_QUALITY_CONTROL_FOR_MISFOLDED_OR_INCOMPLETELY_SYNTHESIZED_PROTEINS	53	0.457	-0.000492	0.429	-0.000344	0.457	-0.000194	31	31	13	6
GOBP_PROTEIN_REFOLDING	53	0.571	0.000364	0.457	-0.000783	0.543	4.8e-05	28	29	17	3
GOBP_PROTEIN_STABILIZATION	53	0.514	0.000148	0.343	-0.000794	0.314	-0.000952	224	243	92	4
GOBP_PROTEIN_SUMOYLATION	53	0.514	0.000232	0.514	0.000257	0.457	-0.000431	65	68	16	8
GOBP_PROTEIN_TARGETING_TO_LYSOSOME	53	0.6	0.000871	0.514	0.000735	0.343	-0.001614	30	31	10	6
GOBP_PROTEIN_TARGETING_TO_MITOCHONDRION	53	0.371	-0.000624	0.371	-0.000628	0.514	0.000196	109	109	41	
GOBP_PROTEOLYSIS_INVOLVED_IN_PROTEIN_CATABOLIC_PROCESS	53	0.571	0.000282	0.343	-0.000475	0.343	-0.000802	817	842	300	
GOBP_PROTON_MOTIVE_FORCE_DRIVEN_ATP_SYNTHESIS	53	0.371	-0.004804	0.343	-0.004241	0.343	-0.003673	64	76	21	8
GOBP_PROTON_TRANSMEMBRANE_TRANSPORT	53	0.4	-0.001844	0.343	-0.002794	0.457	-0.000322	169	187	76	5
GOBP_PROXIMAL_DISTAL_PATTERN_FORMATION	53	0.457	-0.00023	0.429	-0.000173	0.4	-0.000372	34	34	26	4
GOBP_PULMONARY_VALVE_MORPHOGENESIS	53	0.657	0.001499	0.686	0.001273	0.514	0.000114	20	20	15	4
GOBP_PURINERGIC_NUCLEOTIDE_RECEPTOR_SIGNALING_PATHWAY	53	0.486	0.0	0.4	-0.000534	0.229	-0.000761	31	32	18	4
GOBP_PURINE_CONTAINING_COMPOUND_TRANSMEMBRANE_TRANSPORT	53	0.314	-0.000607	0.457	-0.000152	0.429	-0.000364	40	40	23	3
GOBP_PURINE_NUCLEOBASE_METABOLIC_PROCESS	53	0.4	-0.000197	0.514	0.000197	0.543	0.000331	20	21	11	4
GOBP_PURINE_NUCLEOSIDE_MONOPHOSPHATE_BIOSYNTHETIC_PROCESS	53	0.571	0.000368	0.571	0.000462	0.6	0.000779	19	21	10	7
GOBP_PURINE_RIBONUCLEOSIDE_METABOLIC_PROCESS	53	0.486	-0.000263	0.486	-6.3e-05	0.543	0.000177	20	22	14	5
GOBP_PYRIDINE_CONTAINING_COMPOUND_BIOSYNTHETIC_PROCESS	53	0.486	-0.000122	0.457	-0.000114	0.543	0.000286	23	23	13	4
GOBP_PYRIMIDINE_DEOXYRIBONUCLEOTIDE_METABOLIC_PROCESS	53	0.6	0.000867	0.514	4.8e-05	0.486	-0.000164	24	24	8	5
GOBP_PYRIMIDINE_NUCLEOBASE_METABOLIC_PROCESS	53	0.543	0.000237	0.543	0.00074	0.429	-0.00108	20	20	13	4
GOBP_PYRIMIDINE_NUCLEOSIDE_MONOPHOSPHATE_METABOLIC_PROCESS	53	0.571	0.001367	0.571	0.000601	0.486	-0.00038	22	22	9	7
GOBP_PYRIMIDINE_NUCLEOSIDE_TRIPHOSPHATE_METABOLIC_PROCESS	53	0.429	-0.000851	0.457	-0.00017	0.457	-0.000262	23	24	15	7
GOBP_PYRIMIDINE_NUCLEOTIDE_CATABOLIC_PROCESS	53	0.571	0.00063	0.514	0.00071	0.429	-0.000504	21	21	5	5
GOBP_PYRIMIDINE_RIBONUCLEOTIDE_BIOSYNTHETIC_PROCESS	53	0.4	-0.000789	0.371	-0.001393	0.4	-0.001247	24	25	14	6
GOBP_PYROPTOTIC_INFLAMMATORY_RESPONSE	53	0.714	0.001446	0.629	0.000582	0.543	0.000181	39	40	20	5
GOBP_P_BODY_ASSEMBLY	53	0.514	0.000741	0.457	-0.000329	0.486	-2.3e-05	23	23	6	7
GOBP_RAB_PROTEIN_SIGNAL_TRANSDUCTION	53	0.371	-0.001239	0.371	-0.000874	0.371	-0.000739	23	23	5	6
GOBP_RAC_PROTEIN_SIGNAL_TRANSDUCTION	53	0.6	0.001489	0.486	-3.9e-05	0.457	-0.000253	53	56	23	6
GOBP_RAS_PROTEIN_SIGNAL_TRANSDUCTION	53	0.457	-0.000402	0.429	-0.000499	0.371	-0.000531	116	116	44	6
GOBP_REACTIVE_OXYGEN_SPECIES_BIOSYNTHETIC_PROCESS	53	0.571	0.000438	0.514	0.000127	0.543	0.000253	59	64	30	4
GOBP_RECEPTOR_CATABOLIC_PROCESS	53	0.486	-0.001064	0.457	-0.000157	0.371	-0.001571	31	31	11	5
GOBP_RECEPTOR_CLUSTERING	53	0.714	0.002918	0.686	0.001577	0.429	-0.000479	65	65	38	5
GOBP_RECEPTOR_INTERNALIZATION	53	0.371	-0.000332	0.343	-0.00067	0.257	-0.000874	139	142	64	5
GOBP_RECEPTOR_RECYCLING	53	0.543	0.000412	0.486	-0.000153	0.429	-0.000661	48	48	17	5
GOBP_RECOMBINATIONAL_REPAIR	53	0.514	5e-05	0.543	0.000125	0.486	-0.000135	186	193	80	6
GOBP_REFLEX	53	0.314	-4.6e-05	0.486	-8.9e-05	0.514	0.000166	23	23	19	3
GOBP_REGULATION_OF_ACTIN_FILAMENT_BASED_MOVEMENT	53	0.514	2.5e-05	0.486	-0.000277	0.543	8.1e-05	42	43	29	5
GOBP_REGULATION_OF_ACTIVIN_RECEPTOR_SIGNALING_PATHWAY	53	0.486	-0.000402	0.486	-9e-06	0.457	-0.000436	28	28	15	6
GOBP_REGULATION_OF_ADENYLATE_CYCLASE_ACTIVATING_G_PROTEIN_COUPLED_RECEPTOR_SIGNALING_PATHWAY	53	0.657	0.001484	0.543	0.000312	0.343	-0.000759	20	20	9	6
GOBP_REGULATION_OF_ADENYLATE_CYCLASE_ACTIVITY	53	0.514	0.000981	0.486	-0.000283	0.429	-0.00076	31	31	16	4
GOBP_REGULATION_OF_ALTERNATIVE_MRNA_SPLICING_VIA_SPLICEOSOME	53	0.514	5e-05	0.486	-0.000166	0.4	-0.001143	57	59	22	8
GOBP_REGULATION_OF_AMIDE_METABOLIC_PROCESS	53	0.514	4.3e-05	0.371	-0.002153	0.371	-0.002034	71	88	40	
GOBP_REGULATION_OF_AMYLOID_BETA_CLEARANCE	53	0.657	0.001617	0.486	-7.3e-05	0.286	-0.002727	19	21	11	4
GOBP_REGULATION_OF_ANDROGEN_RECEPTOR_SIGNALING_PATHWAY	53	0.686	0.001092	0.6	0.000783	0.457	-0.000228	32	34	9	7
GOBP_REGULATION_OF_ANOIKIS	53	0.514	0.000919	0.429	-0.000697	0.429	-0.00095	26	26	10	6
GOBP_REGULATION_OF_ANTIGEN_PROCESSING_AND_PRESENTATION	53	0.714	0.002085	0.486	-0.000724	0.314	-0.004235	23	23	17	4
GOBP_REGULATION_OF_APPETITE	53	0.486	-2.4e-05	0.429	-0.000264	0.429	-0.00021	25	25	14	3
GOBP_REGULATION_OF_ARP2_3_COMPLEX_MEDIATED_ACTIN_NUCLEATION	53	0.457	-0.000278	0.486	-0.000295	0.457	-0.001144	28	31	9	8
GOBP_REGULATION_OF_ASTROCYTE_DIFFERENTIATION	53	0.429	-0.000409	0.429	-0.000763	0.4	-0.000552	30	33	23	6
GOBP_REGULATION_OF_ATP_BIOSYNTHETIC_PROCESS	53	0.543	0.000913	0.486	-0.000286	0.429	-0.001401	19	21	8	8
GOBP_REGULATION_OF_ATTACHMENT_OF_SPINDLE_MICROTUBULES_TO_KINETOCHORE	53	0.486	-0.000189	0.514	9.7e-05	0.486	-0.000184	23	23	11	6
GOBP_REGULATION_OF_BICELLULAR_TIGHT_JUNCTION_ASSEMBLY	53	0.486	-0.000412	0.514	0.000285	0.429	-0.000488	23	26	16	6
GOBP_REGULATION_OF_BONE_REMODELING	53	0.4	-0.00064	0.371	-0.001977	0.371	-0.000996	47	47	27	5
GOBP_REGULATION_OF_BRANCHING_INVOLVED_IN_URETERIC_BUD_MORPHOGENESIS	53	0.4	-0.001616	0.371	-0.001776	0.457	-0.001077	21	21	19	5
GOBP_REGULATION_OF_BROWN_FAT_CELL_DIFFERENTIATION	53	0.514	0.000988	0.514	0.000987	0.629	0.000894	24	25	12	6
GOBP_REGULATION_OF_B_CELL_APOPTOTIC_PROCESS	53	0.571	0.001393	0.429	-0.001028	0.343	-0.00115	21	22	7	8
GOBP_REGULATION_OF_B_CELL_DIFFERENTIATION	53	0.629	0.00206	0.543	0.000293	0.314	-0.001759	36	37	20	7
GOBP_REGULATION_OF_B_CELL_RECEPTOR_SIGNALING_PATHWAY	53	0.657	0.000892	0.514	3.1e-05	0.314	-0.001808	22	25	12	6
GOBP_REGULATION_OF_CALCIUM_ION_DEPENDENT_EXOCYTOSIS	53	0.514	8.2e-05	0.457	-0.000251	0.457	-6e-05	41	41	22	7
GOBP_REGULATION_OF_CALCIUM_ION_TRANSMEMBRANE_TRANSPORTER_ACTIVITY	53	0.371	-0.001768	0.371	-0.001185	0.4	-0.000527	35	35	14	
GOBP_REGULATION_OF_CALCIUM_ION_TRANSPORT_INTO_CYTOSOL	53	0.486	-0.000291	0.429	-0.000909	0.429	-0.000848	20	20	10	3
GOBP_REGULATION_OF_CAMP_PKA_SIGNAL_TRANSDUCTION	53	0.457	-0.000175	0.314	-0.001401	0.4	-0.000544	26	26	14	6
GOBP_REGULATION_OF_CARDIAC_CONDUCTION	53	0.4	-0.000824	0.343	-0.000862	0.371	-0.000456	25	28	17	7
GOBP_REGULATION_OF_CARDIAC_MUSCLE_ADAPTATION	53	0.371	-0.001845	0.314	-0.002033	0.286	-0.001656	12	20	4	5
GOBP_REGULATION_OF_CARDIAC_MUSCLE_CELL_ACTION_POTENTIAL	53	0.2	-0.002311	0.257	-0.001506	0.457	-0.000909	30	31	18	4
GOBP_REGULATION_OF_CARDIAC_MUSCLE_CELL_DIFFERENTIATION	53	0.514	0.000288	0.571	0.000219	0.571	0.000316	16	22	11	6
GOBP_REGULATION_OF_CARDIAC_MUSCLE_CONTRACTION_BY_REGULATION_OF_THE_RELEASE_OF_SEQUESTERED_CALCIUM_ION	53	0.457	-0.001392	0.429	-0.000672	0.457	-0.000905	23	25	11	7
GOBP_REGULATION_OF_CATECHOLAMINE_METABOLIC_PROCESS	53	0.429	-0.00111	0.429	-0.000671	0.286	-0.001201	21	21	14	6
GOBP_REGULATION_OF_CATION_CHANNEL_ACTIVITY	53	0.429	-0.000602	0.371	-0.000469	0.486	-0.000275	55	55	25	
GOBP_REGULATION_OF_CD8_POSITIVE_ALPHA_BETA_T_CELL_ACTIVATION	53	0.714	0.001716	0.571	0.000738	0.314	-0.002604	20	20	10	8
GOBP_REGULATION_OF_CELLULAR_EXTRAVASATION	53	0.714	0.001814	0.6	0.000894	0.371	-0.000778	39	40	28	5
GOBP_REGULATION_OF_CELLULAR_RESPONSE_TO_HYPOXIA	53	0.429	-0.001864	0.314	-0.001819	0.457	-0.001835	21	24	11	5
GOBP_REGULATION_OF_CELLULAR_RESPONSE_TO_OXIDATIVE_STRESS	53	0.543	0.000371	0.429	-0.000123	0.457	-0.000211	22	24	11	5
GOBP_REGULATION_OF_CELL_CELL_ADHESION_MEDIATED_BY_CADHERIN	53	0.371	-0.000874	0.429	-0.000464	0.543	0.000202	23	23	14	6
GOBP_REGULATION_OF_CELL_FATE_SPECIFICATION	53	0.629	0.00131	0.629	0.001326	0.514	0.000548	23	23	9	5
GOBP_REGULATION_OF_CELL_GROWTH_INVOLVED_IN_CARDIAC_MUSCLE_CELL_DEVELOPMENT	53	0.686	0.002445	0.629	0.001966	0.571	0.000817	17	22	11	5
GOBP_REGULATION_OF_CELL_MATURATION	53	0.6	0.00099	0.543	0.000495	0.571	0.00036	24	25	11	6
GOBP_REGULATION_OF_CELL_SHAPE	53	0.657	0.000829	0.571	0.000277	0.429	-0.000857	136	140	69	3
GOBP_REGULATION_OF_CENTRIOLE_REPLICATION	53	0.429	-0.000227	0.4	-0.000359	0.371	-0.000863	25	25	9	6
GOBP_REGULATION_OF_CHOLESTEROL_BIOSYNTHETIC_PROCESS	53	0.486	-0.000471	0.457	-0.000421	0.4	-0.001434	27	34	16	7
GOBP_REGULATION_OF_CHROMATIN_ORGANIZATION	53	0.371	-0.000669	0.371	-0.000969	0.371	-0.001891	24	26	11	5
GOBP_REGULATION_OF_COLLATERAL_SPROUTING	53	0.257	-0.001302	0.314	-0.001746	0.343	-0.000994	22	22	13	5
GOBP_REGULATION_OF_COMPLEMENT_ACTIVATION	53	0.743	0.002334	0.571	0.001379	0.4	-0.001201	20	23	17	5
GOBP_REGULATION_OF_CYCLIN_DEPENDENT_PROTEIN_SERINE_THREONINE_KINASE_ACTIVITY	53	0.543	0.000137	0.543	0.000143	0.486	-6.3e-05	33	33	15	8
GOBP_REGULATION_OF_CYTOPLASMIC_TRANSLATION	53	0.543	0.000175	0.457	-0.00123	0.314	-0.001019	37	38	19	8
GOBP_REGULATION_OF_CYTOSOLIC_CALCIUM_ION_CONCENTRATION	53	0.343	-0.00111	0.371	-0.000589	0.457	-0.00042	57	58	36	6
GOBP_REGULATION_OF_DENDRITE_MORPHOGENESIS	53	0.571	0.000518	0.629	0.000365	0.629	0.000423	63	65	27	5
GOBP_REGULATION_OF_DENDRITIC_SPINE_MORPHOGENESIS	53	0.4	-0.000447	0.514	0.000306	0.514	0.000194	40	42	18	5
GOBP_REGULATION_OF_DEPHOSPHORYLATION	53	0.457	-0.000256	0.543	0.000716	0.514	0.000125	23	24	7	5
GOBP_REGULATION_OF_DIGESTIVE_SYSTEM_PROCESS	53	0.571	0.000646	0.543	0.000441	0.429	-0.000192	43	44	31	5
GOBP_REGULATION_OF_DNA_BINDING_TRANSCRIPTION_FACTOR_ACTIVITY	53	0.543	0.000163	0.457	-0.000177	0.286	-0.000587	205	212	89	
GOBP_REGULATION_OF_DNA_DAMAGE_CHECKPOINT	53	0.571	0.000595	0.543	0.000103	0.486	-7.7e-05	23	23	11	5
GOBP_REGULATION_OF_DNA_DAMAGE_RESPONSE_SIGNAL_TRANSDUCTION_BY_P53_CLASS_MEDIATOR	53	0.714	0.002289	0.486	-5.9e-05	0.429	-0.000811	37	39	17	5
GOBP_REGULATION_OF_DNA_TEMPLATED_DNA_REPLICATION	53	0.486	-8.4e-05	0.6	0.000536	0.571	0.000279	42	42	26	8
GOBP_REGULATION_OF_DOPAMINE_SECRETION	53	0.286	0.0	0.4	-0.000185	0.314	-0.000445	23	23	18	6
GOBP_REGULATION_OF_DOUBLE_STRAND_BREAK_REPAIR_VIA_NONHOMOLOGOUS_END_JOINING	53	0.6	0.000689	0.543	0.000363	0.486	-6.1e-05	31	31	7	7
GOBP_REGULATION_OF_D_GLUCOSE_IMPORT	53	0.571	0.000359	0.543	0.000212	0.457	-9.1e-05	56	60	23	
GOBP_REGULATION_OF_ENDOCYTIC_RECYCLING	53	0.429	-0.000588	0.4	-0.000634	0.457	-0.000725	22	22	8	5
GOBP_REGULATION_OF_ENDOPEPTIDASE_ACTIVITY	53	0.629	0.001473	0.657	0.001079	0.514	1.8e-05	20	20	12	6
GOBP_REGULATION_OF_ENDOTHELIAL_CELL_CHEMOTAXIS	53	0.629	0.001016	0.486	-0.000336	0.286	-0.001457	21	24	13	5
GOBP_REGULATION_OF_ENDOTHELIAL_CELL_DIFFERENTIATION	53	0.571	0.000421	0.6	0.000843	0.6	0.000862	36	47	23	6
GOBP_REGULATION_OF_ERAD_PATHWAY	53	0.571	0.001558	0.514	0.000769	0.457	-0.001272	26	26	8	6
GOBP_REGULATION_OF_ESTABLISHMENT_OR_MAINTENANCE_OF_CELL_POLARITY	53	0.543	0.000758	0.571	0.000275	0.4	-0.002089	27	28	17	4
GOBP_REGULATION_OF_EXCITATORY_SYNAPSE_ASSEMBLY	53	0.486	0.0	0.4	-0.000394	0.457	-0.000113	21	21	9	6
GOBP_REGULATION_OF_EXTRACELLULAR_MATRIX_ASSEMBLY	53	0.429	-0.0003	0.371	-0.000742	0.4	-0.000944	14	23	11	5
GOBP_REGULATION_OF_EXTRACELLULAR_MATRIX_DISASSEMBLY	53	0.629	0.001691	0.543	0.000719	0.486	-0.000597	19	26	13	6
GOBP_REGULATION_OF_FATTY_ACID_OXIDATION	53	0.429	-0.000584	0.429	-0.000122	0.486	-7.2e-05	34	34	19	7
GOBP_REGULATION_OF_FEEDING_BEHAVIOR	53	0.429	0.0	0.486	-2.8e-05	0.514	2e-06	29	29	15	5
GOBP_REGULATION_OF_FIBROBLAST_APOPTOTIC_PROCESS	53	0.543	0.000561	0.6	0.000636	0.429	-0.000776	19	21	9	6
GOBP_REGULATION_OF_FIBROBLAST_MIGRATION	53	0.686	0.003886	0.743	0.001609	0.457	-0.000578	37	42	18	6
GOBP_REGULATION_OF_FLAGELLATED_SPERM_MOTILITY	53	0.171	0.0	0.457	-1.8e-05	0.6	3.1e-05	22	23	15	4
GOBP_REGULATION_OF_GENE_SILENCING_BY_REGULATORY_NCRNA	53	0.486	-5.2e-05	0.486	-0.000151	0.4	-0.000762	30	33	11	8
GOBP_REGULATION_OF_GLIAL_CELL_MIGRATION	53	0.371	-0.002491	0.371	-0.002191	0.4	-0.000944	19	21	7	6
GOBP_REGULATION_OF_GLYCOGEN_BIOSYNTHETIC_PROCESS	53	0.486	-2.4e-05	0.514	0.000275	0.514	0.000314	29	32	11	7
GOBP_REGULATION_OF_GLYCOLYTIC_PROCESS	53	0.4	-0.001115	0.343	-0.000614	0.457	-0.000322	56	56	25	6
GOBP_REGULATION_OF_HAIR_FOLLICLE_DEVELOPMENT	53	0.4	-0.000724	0.543	0.000229	0.314	-0.000585	20	20	14	5
GOBP_REGULATION_OF_HEART_RATE_BY_CARDIAC_CONDUCTION	53	0.343	-0.001769	0.4	-0.001071	0.571	0.000735	43	43	27	4
GOBP_REGULATION_OF_HEMATOPOIETIC_PROGENITOR_CELL_DIFFERENTIATION	53	0.4	-0.000558	0.4	-0.000936	0.543	0.000483	42	42	20	5
GOBP_REGULATION_OF_HETEROTYPIC_CELL_CELL_ADHESION	53	0.486	-8e-06	0.514	2.7e-05	0.371	-0.002525	24	25	12	6
GOBP_REGULATION_OF_HORMONE_BIOSYNTHETIC_PROCESS	53	0.429	-0.00088	0.371	-0.000822	0.457	-0.000693	22	22	11	5
GOBP_REGULATION_OF_INCLUSION_BODY_ASSEMBLY	53	0.457	-0.000574	0.429	-0.001575	0.4	-0.000873	21	22	12	5
GOBP_REGULATION_OF_INSULIN_LIKE_GROWTH_FACTOR_RECEPTOR_SIGNALING_PATHWAY	53	0.686	0.00093	0.629	0.000767	0.486	-0.000488	24	26	16	5
GOBP_REGULATION_OF_INSULIN_RECEPTOR_SIGNALING_PATHWAY	53	0.514	0.000366	0.429	-0.000658	0.371	-0.001433	71	78	29	5
GOBP_REGULATION_OF_INTEGRIN_MEDIATED_SIGNALING_PATHWAY	53	0.6	0.00586	0.571	0.004989	0.514	1.1e-05	23	24	15	5
GOBP_REGULATION_OF_INTRACELLULAR_ESTROGEN_RECEPTOR_SIGNALING_PATHWAY	53	0.457	-0.000175	0.514	2.3e-05	0.543	0.000113	38	38	17	7
GOBP_REGULATION_OF_JUN_KINASE_ACTIVITY	53	0.543	0.000572	0.457	-0.000611	0.457	-0.000502	23	23	7	9
GOBP_REGULATION_OF_KETONE_BIOSYNTHETIC_PROCESS	53	0.514	0.000251	0.457	-0.0005	0.429	-0.000255	22	22	11	6
GOBP_REGULATION_OF_LIPOPOLYSACCHARIDE_MEDIATED_SIGNALING_PATHWAY	53	0.314	-0.000705	0.371	-0.000696	0.4	-0.001165	31	31	16	5
GOBP_REGULATION_OF_LONG_TERM_NEURONAL_SYNAPTIC_PLASTICITY	53	0.429	-0.00065	0.4	-0.000511	0.429	-0.000727	26	26	13	5
GOBP_REGULATION_OF_LOW_DENSITY_LIPOPROTEIN_PARTICLE_CLEARANCE	53	0.486	-0.000621	0.429	-0.000668	0.4	-0.001233	17	24	11	5
GOBP_REGULATION_OF_LYMPHOCYTE_CHEMOTAXIS	53	0.771	0.0021	0.6	0.001706	0.4	-0.00107	24	25	15	6
GOBP_REGULATION_OF_MACROPHAGE_DIFFERENTIATION	53	0.686	0.001241	0.543	0.0005	0.4	-0.001321	24	27	13	7
GOBP_REGULATION_OF_MAST_CELL_DEGRANULATION	53	0.514	0.000157	0.486	-1.9e-05	0.429	-0.000547	28	29	11	6
GOBP_REGULATION_OF_MEIOTIC_NUCLEAR_DIVISION	53	0.457	-0.000205	0.343	-0.00057	0.4	-0.000423	33	35	22	5
GOBP_REGULATION_OF_MEMBRANE_LIPID_METABOLIC_PROCESS	53	0.629	0.001434	0.6	0.000858	0.429	-0.000527	19	22	9	
GOBP_REGULATION_OF_MEMBRANE_PROTEIN_ECTODOMAIN_PROTEOLYSIS	53	0.6	0.001764	0.429	-0.000291	0.314	-0.003633	28	28	15	7
GOBP_REGULATION_OF_MICROGLIAL_CELL_ACTIVATION	53	0.514	4.2e-05	0.4	-0.001534	0.286	-0.001691	18	20	14	6
GOBP_REGULATION_OF_MICROTUBULE_POLYMERIZATION	53	0.486	-0.000354	0.486	-5.8e-05	0.429	-0.000499	66	67	27	6
GOBP_REGULATION_OF_MITOCHONDRIAL_DEPOLARIZATION	53	0.571	0.002074	0.486	-5.5e-05	0.429	-0.001266	22	22	12	5
GOBP_REGULATION_OF_MITOCHONDRIAL_OUTER_MEMBRANE_PERMEABILIZATION_INVOLVED_IN_APOPTOTIC_SIGNALING_PATHWAY	53	0.4	-0.002283	0.429	-0.001673	0.429	-0.001666	25	25	6	5
GOBP_REGULATION_OF_MITOCHONDRIAL_TRANSLATION	53	0.343	-0.001028	0.343	-0.001596	0.4	-0.001139	25	26	8	8
GOBP_REGULATION_OF_MITOTIC_SPINDLE_ASSEMBLY	53	0.4	-0.001536	0.457	-0.001301	0.457	-0.000498	24	25	8	7
GOBP_REGULATION_OF_MODIFICATION_OF_SYNAPTIC_STRUCTURE	53	0.486	-0.000322	0.514	0.000165	0.429	-0.000959	20	20	9	5
GOBP_REGULATION_OF_MONOCYTE_DIFFERENTIATION	53	0.657	0.002061	0.371	-0.002046	0.314	-0.003895	19	20	12	7
GOBP_REGULATION_OF_MYOBLAST_FUSION	53	0.8	0.002347	0.686	0.001274	0.457	-0.000365	21	21	15	6
GOBP_REGULATION_OF_MYOBLAST_PROLIFERATION	53	0.686	0.000874	0.629	0.000847	0.514	7.1e-05	18	27	9	5
GOBP_REGULATION_OF_MYOTUBE_DIFFERENTIATION	53	0.657	0.000767	0.6	0.000447	0.343	-0.000761	42	49	21	7
GOBP_REGULATION_OF_NEURON_MIGRATION	53	0.686	0.000916	0.6	0.000719	0.543	0.000428	52	53	25	6
GOBP_REGULATION_OF_NEURON_PROJECTION_REGENERATION	53	0.343	-0.002594	0.371	-0.002443	0.343	-0.002056	30	33	17	4
GOBP_REGULATION_OF_NEUROTRANSMITTER_UPTAKE	53	0.514	0.000215	0.457	-0.000321	0.457	-0.001501	20	20	11	6
GOBP_REGULATION_OF_NITRIC_OXIDE_METABOLIC_PROCESS	53	0.457	-0.000137	0.429	-0.000353	0.4	-0.000552	63	69	37	5
GOBP_REGULATION_OF_NON_CANONICAL_WNT_SIGNALING_PATHWAY	53	0.6	0.000868	0.543	0.000299	0.371	-0.000625	26	26	14	6
GOBP_REGULATION_OF_NUCLEAR_TRANSCRIBED_MRNA_CATABOLIC_PROCESS_DEADENYLATION_DEPENDENT_DECAY	53	0.6	0.00205	0.6	0.001707	0.457	-0.000475	23	23	14	5
GOBP_REGULATION_OF_NUCLEOTIDE_EXCISION_REPAIR	53	0.657	0.001992	0.571	0.000998	0.543	0.000531	29	29	12	6
GOBP_REGULATION_OF_OSTEOBLAST_PROLIFERATION	53	0.657	0.001632	0.486	-3.7e-05	0.429	-0.001679	27	30	16	5
GOBP_REGULATION_OF_OXIDATIVE_PHOSPHORYLATION	53	0.343	-0.001626	0.343	-0.001858	0.371	-0.00156	21	24	11	8
GOBP_REGULATION_OF_OXIDOREDUCTASE_ACTIVITY	53	0.457	-0.000288	0.429	-0.000321	0.457	-0.000512	28	28	20	4
GOBP_REGULATION_OF_PEROXISOME_PROLIFERATOR_ACTIVATED_RECEPTOR_SIGNALING_PATHWAY	53	0.543	0.000348	0.429	-0.00035	0.429	-0.000982	18	20	6	6
GOBP_REGULATION_OF_PHOSPHOLIPID_METABOLIC_PROCESS	53	0.429	-0.000402	0.486	-0.000494	0.429	-0.000603	34	37	20	6
GOBP_REGULATION_OF_PLATELET_AGGREGATION	53	0.571	0.000573	0.514	0.000201	0.486	-9.1e-05	31	31	20	6
GOBP_REGULATION_OF_PLATELET_DERIVED_GROWTH_FACTOR_RECEPTOR_SIGNALING_PATHWAY	53	0.343	-0.001144	0.257	-0.001707	0.257	-0.00164	25	27	12	5
GOBP_REGULATION_OF_POSITIVE_CHEMOTAXIS	53	0.4	-0.001339	0.4	-0.000779	0.486	-4.7e-05	26	26	17	5
GOBP_REGULATION_OF_POSTSYNAPSE_ASSEMBLY	53	0.543	0.000551	0.543	0.000391	0.429	-0.000331	45	45	21	6
GOBP_REGULATION_OF_POSTSYNAPTIC_DENSITY_ORGANIZATION	53	0.514	0.000353	0.543	8.2e-05	0.571	0.000361	21	21	9	6
GOBP_REGULATION_OF_POSTSYNAPTIC_NEUROTRANSMITTER_RECEPTOR_INTERNALIZATION	53	0.543	0.000367	0.514	5.4e-05	0.629	0.000285	25	26	8	3
GOBP_REGULATION_OF_POSTSYNAPTIC_SPECIALIZATION_ASSEMBLY	53	0.486	0.0	0.543	0.000161	0.514	5.6e-05	20	20	9	6
GOBP_REGULATION_OF_PRESYNAPSE_ORGANIZATION	53	0.429	-0.001062	0.4	-0.001726	0.343	-0.000546	32	33	20	5
GOBP_REGULATION_OF_PRESYNAPTIC_MEMBRANE_POTENTIAL	53	0.229	0.0	0.543	3.5e-05	0.486	-1.8e-05	31	31	21	4
GOBP_REGULATION_OF_PROTEIN_EXIT_FROM_ENDOPLASMIC_RETICULUM	53	0.543	0.000802	0.4	-0.001071	0.486	-0.001041	23	24	11	
GOBP_REGULATION_OF_PROTEIN_LOCALIZATION_TO_SYNAPSE	53	0.371	-0.000356	0.343	-0.001065	0.257	-0.001328	29	29	15	5
GOBP_REGULATION_OF_PROTEIN_NEDDYLATION	53	0.457	-0.001078	0.486	-0.000981	0.343	-0.000963	18	20	5	10
GOBP_REGULATION_OF_PROTEIN_POLYUBIQUITINATION	53	0.486	-0.000209	0.571	0.000447	0.4	-0.001079	27	29	9	11
GOBP_REGULATION_OF_PROTEIN_SUMOYLATION	53	0.543	0.000611	0.514	0.001013	0.457	-0.000251	22	24	5	10
GOBP_REGULATION_OF_PROTEIN_TYROSINE_KINASE_ACTIVITY	53	0.371	-0.001074	0.429	-0.001162	0.4	-0.000415	25	25	9	7
GOBP_REGULATION_OF_PROTEOLYSIS_INVOLVED_IN_PROTEIN_CATABOLIC_PROCESS	53	0.514	0.000708	0.457	-0.000456	0.371	-0.000404	231	244	88	
GOBP_REGULATION_OF_RAC_PROTEIN_SIGNAL_TRANSDUCTION	53	0.6	0.000858	0.543	0.00046	0.343	-0.001694	30	32	14	7
GOBP_REGULATION_OF_RECEPTOR_LOCALIZATION_TO_SYNAPSE	53	0.486	-0.000129	0.429	-0.000676	0.343	-0.001452	30	30	14	4
GOBP_REGULATION_OF_RECEPTOR_RECYCLING	53	0.543	0.000612	0.514	3.5e-05	0.371	-0.000843	25	25	11	4
GOBP_REGULATION_OF_RENAL_SYSTEM_PROCESS	53	0.543	0.00042	0.429	-0.000554	0.429	-0.001081	23	24	16	5
GOBP_REGULATION_OF_RESPIRATORY_GASEOUS_EXCHANGE	53	0.543	0.000108	0.571	0.000232	0.514	0.000176	24	24	15	4
GOBP_REGULATION_OF_RESPONSE_TO_NUTRIENT_LEVELS	53	0.657	0.00068	0.514	0.000365	0.429	-9.5e-05	35	35	18	4
GOBP_REGULATION_OF_RESPONSE_TO_TUMOR_CELL	53	0.457	-8.9e-05	0.371	-0.002088	0.229	-0.002215	29	30	19	5
GOBP_REGULATION_OF_RIG_I_SIGNALING_PATHWAY	53	0.486	-0.00051	0.457	-0.000395	0.429	-0.001075	22	22	7	7
GOBP_REGULATION_OF_RUFFLE_ASSEMBLY	53	0.571	0.000845	0.486	-5.5e-05	0.4	-0.001343	32	32	18	7
GOBP_REGULATION_OF_SENSORY_PERCEPTION	53	0.457	-4.6e-05	0.514	1e-06	0.571	0.000513	21	22	12	6
GOBP_REGULATION_OF_SIGNALING_RECEPTOR_ACTIVITY	53	0.457	-0.000197	0.514	2.7e-05	0.543	0.000428	45	45	26	3
GOBP_REGULATION_OF_SISTER_CHROMATID_SEGREGATION	53	0.6	0.000311	0.543	0.000147	0.457	-0.000204	106	107	57	7
GOBP_REGULATION_OF_SKELETAL_MUSCLE_CELL_DIFFERENTIATION	53	0.657	0.002056	0.571	0.000866	0.429	-0.000547	21	23	12	5
GOBP_REGULATION_OF_SKELETAL_MUSCLE_TISSUE_DEVELOPMENT	53	0.6	0.000987	0.571	0.000696	0.4	-0.000601	24	25	11	6
GOBP_REGULATION_OF_SPINDLE_CHECKPOINT	53	0.257	-0.001659	0.286	-0.001431	0.314	-0.001442	23	24	15	7
GOBP_REGULATION_OF_STEROID_HORMONE_SECRETION	53	0.314	-0.001793	0.314	-0.001627	0.429	-0.000282	25	25	17	5
GOBP_REGULATION_OF_SUPEROXIDE_ANION_GENERATION	53	0.486	-0.000116	0.514	0.000161	0.286	-0.002354	22	22	14	7
GOBP_REGULATION_OF_SYNAPSE_MATURATION	53	0.429	-0.000806	0.371	-0.00082	0.4	-0.000833	28	28	14	4
GOBP_REGULATION_OF_SYNAPTIC_TRANSMISSION_GABAERGIC	53	0.343	-0.000985	0.286	-0.00099	0.4	-0.000467	34	34	21	6
GOBP_REGULATION_OF_SYNAPTIC_VESICLE_ENDOCYTOSIS	53	0.6	0.001782	0.571	0.001976	0.429	-0.000739	24	24	7	6
GOBP_REGULATION_OF_SYNAPTIC_VESICLE_EXOCYTOSIS	53	0.4	-0.000115	0.429	-9.3e-05	0.514	6e-06	50	51	28	6
GOBP_REGULATION_OF_SYNAPTIC_VESICLE_MEMBRANE_ORGANIZATION	53	0.314	0.0	0.6	2.6e-05	0.571	0.000214	22	22	17	5
GOBP_REGULATION_OF_SYSTEMIC_ARTERIAL_BLOOD_PRESSURE_BY_CIRCULATORY_RENIN_ANGIOTENSIN	53	0.143	-0.002982	0.171	-0.00332	0.143	-0.002243	23	23	18	6
GOBP_REGULATION_OF_THE_FORCE_OF_HEART_CONTRACTION	53	0.457	-0.001156	0.429	-0.00074	0.4	-0.000689	26	26	16	3
GOBP_REGULATION_OF_TOLERANCE_INDUCTION	53	0.543	0.000253	0.514	3.4e-05	0.4	-0.001084	19	20	12	4
GOBP_REGULATION_OF_TRANSCRIPTION_BY_RNA_POLYMERASE_III	53	0.486	-0.000241	0.486	-0.000171	0.514	0.000967	30	30	7	9
GOBP_REGULATION_OF_TRANSCRIPTION_REGULATORY_REGION_DNA_BINDING	53	0.429	-0.001017	0.314	-0.000857	0.314	-0.000892	24	25	11	5
GOBP_REGULATION_OF_TRANSLATION_IN_RESPONSE_TO_STRESS	53	0.486	-9e-06	0.514	0.000326	0.571	0.001342	19	22	7	4
GOBP_REGULATION_OF_TRANSPORTER_ACTIVITY	53	0.486	-1.9e-05	0.343	-0.000449	0.4	-0.000394	102	102	54	
GOBP_REGULATION_OF_TRIGLYCERIDE_BIOSYNTHETIC_PROCESS	53	0.743	0.002265	0.629	0.001383	0.343	-0.000714	19	22	7	7
GOBP_REGULATION_OF_TYPE_2_IMMUNE_RESPONSE	53	0.571	0.00038	0.429	-0.000322	0.257	-0.002915	34	34	20	5
GOBP_REGULATION_OF_TYROSINE_PHOSPHORYLATION_OF_STAT_PROTEIN	53	0.457	-0.000492	0.429	-0.000282	0.343	-0.000716	26	26	15	8
GOBP_REGULATION_OF_T_CELL_DIFFERENTIATION_IN_THYMUS	53	0.571	0.000227	0.457	-0.000611	0.543	0.000199	28	28	15	8
GOBP_REGULATION_OF_T_HELPER_17_CELL_DIFFERENTIATION	53	0.743	0.002014	0.657	0.001607	0.571	0.000378	28	29	16	5
GOBP_REGULATION_OF_T_HELPER_1_TYPE_IMMUNE_RESPONSE	53	0.571	0.000676	0.457	-9.2e-05	0.371	-0.00054	32	32	22	7
GOBP_REGULATION_OF_UBIQUITIN_PROTEIN_TRANSFERASE_ACTIVITY	53	0.543	0.000254	0.6	0.000685	0.486	-0.000217	22	29	3	5
GOBP_REGULATION_OF_URINE_VOLUME	53	0.543	0.000248	0.514	0.000632	0.429	-0.001105	21	21	11	4
GOBP_REGULATION_OF_VASCULAR_ASSOCIATED_SMOOTH_MUSCLE_CELL_DIFFERENTIATION	53	0.571	0.000664	0.486	-0.000612	0.429	-0.000512	14	25	8	7
GOBP_REGULATION_OF_VASCULAR_ENDOTHELIAL_GROWTH_FACTOR_RECEPTOR_SIGNALING_PATHWAY	53	0.6	0.000585	0.429	-0.00041	0.429	-0.0004	32	37	16	5
GOBP_REGULATION_OF_VENTRICULAR_CARDIAC_MUSCLE_CELL_MEMBRANE_REPOLARIZATION	53	0.514	0.000293	0.543	0.000674	0.486	-1.7e-05	23	25	13	5
GOBP_REGULATION_OF_VIRAL_ENTRY_INTO_HOST_CELL	53	0.629	0.003254	0.486	-0.000843	0.314	-0.003074	20	21	12	5
GOBP_REGULATION_OF_VIRAL_TRANSCRIPTION	53	0.657	0.001785	0.543	0.001075	0.429	-0.000798	20	20	8	4
GOBP_REGULATORY_NCRNA_MEDIATED_HETEROCHROMATIN_FORMATION	53	0.629	0.001084	0.571	0.000661	0.571	0.000316	22	27	9	6
GOBP_REGULATORY_T_CELL_DIFFERENTIATION	53	0.629	0.000854	0.514	6.7e-05	0.314	-0.001189	40	43	26	6
GOBP_RELAXATION_OF_MUSCLE	53	0.429	-0.002031	0.429	-0.000354	0.457	-0.000482	32	34	22	4
GOBP_RELEASE_OF_CYTOCHROME_C_FROM_MITOCHONDRIA	53	0.543	0.001715	0.429	-0.000561	0.286	-0.001221	54	55	26	4
GOBP_RELEASE_OF_SEQUESTERED_CALCIUM_ION_INTO_CYTOSOL_BY_ENDOPLASMIC_RETICULUM	53	0.429	-0.000376	0.457	-0.000501	0.457	-0.000254	40	44	20	4
GOBP_RENAL_ABSORPTION	53	0.629	0.000823	0.629	0.000531	0.657	0.001615	39	40	31	4
GOBP_RENAL_FILTRATION	53	0.829	0.003891	0.571	0.000432	0.314	-0.002657	33	34	28	4
GOBP_RENAL_SYSTEM_PROCESS_INVOLVED_IN_REGULATION_OF_SYSTEMIC_ARTERIAL_BLOOD_PRESSURE	53	0.486	-0.000235	0.343	-0.000354	0.371	-0.000991	29	29	19	4
GOBP_RENAL_SYSTEM_VASCULATURE_DEVELOPMENT	53	0.6	0.001378	0.571	0.000111	0.343	-0.001171	32	33	27	5
GOBP_RENAL_TUBULAR_SECRETION	53	0.286	-0.001679	0.286	-0.000875	0.457	-0.000601	19	20	15	4
GOBP_RENAL_WATER_HOMEOSTASIS	53	0.371	-0.00083	0.429	-0.001386	0.343	-0.001204	24	24	15	4
GOBP_REPLACEMENT_OSSIFICATION	53	0.686	0.001964	0.629	0.00078	0.457	-0.000194	29	31	13	3
GOBP_RESCUE_OF_STALLED_RIBOSOME	53	0.6	0.000793	0.571	0.001909	0.6	0.000864	30	35	6	
GOBP_RESPIRATORY_BURST	53	0.629	0.002477	0.343	-0.001969	0.171	-0.002222	37	40	27	3
GOBP_RESPIRATORY_CHAIN_COMPLEX_IV_ASSEMBLY	53	0.4	-0.000871	0.429	-0.000541	0.457	-0.00012	28	31	8	7
GOBP_RESPIRATORY_SYSTEM_PROCESS	53	0.571	0.000525	0.4	-0.00046	0.4	-0.0007	49	50	20	3
GOBP_RESPONSE_TO_ACIDIC_PH	53	0.657	0.001408	0.657	0.001249	0.514	0.000126	27	27	15	4
GOBP_RESPONSE_TO_AMINO_ACID_STARVATION	53	0.543	0.000255	0.486	-0.000286	0.486	-0.000285	53	56	22	4
GOBP_RESPONSE_TO_AMPHETAMINE	53	0.371	-0.001387	0.4	-0.000842	0.371	-0.001227	31	31	20	5
GOBP_RESPONSE_TO_ANTIBIOTIC	53	0.6	0.001876	0.486	-0.000113	0.4	-0.000433	36	37	19	3
GOBP_RESPONSE_TO_ARSENIC_CONTAINING_SUBSTANCE	53	0.571	0.001319	0.514	0.00064	0.543	0.000886	30	30	17	3
GOBP_RESPONSE_TO_ATP	53	0.314	-0.00091	0.314	-0.000964	0.343	-0.001636	33	33	18	4
GOBP_RESPONSE_TO_AUDITORY_STIMULUS	53	0.486	-4.4e-05	0.571	0.00025	0.514	5.2e-05	36	36	25	4
GOBP_RESPONSE_TO_AXON_INJURY	53	0.514	8.1e-05	0.429	-0.000463	0.343	-0.001253	79	84	49	4
GOBP_RESPONSE_TO_BMP	53	0.514	0.001044	0.543	0.000425	0.486	-0.000105	164	187	96	4
GOBP_RESPONSE_TO_CHEMOKINE	53	0.629	0.001161	0.486	-0.000127	0.314	-0.001501	88	93	65	5
GOBP_RESPONSE_TO_COCAINE	53	0.514	8.7e-05	0.429	-0.000359	0.486	-0.000732	48	48	32	4
GOBP_RESPONSE_TO_COLD	53	0.543	0.000367	0.4	-0.00059	0.4	-0.000869	44	44	24	3
GOBP_RESPONSE_TO_DIETARY_EXCESS	53	0.571	0.000223	0.514	6.7e-05	0.429	-0.000183	36	36	24	3
GOBP_RESPONSE_TO_ELECTRICAL_STIMULUS	53	0.629	0.000984	0.486	-0.000216	0.343	-0.001094	34	37	19	3
GOBP_RESPONSE_TO_EPIDERMAL_GROWTH_FACTOR	53	0.543	0.000297	0.457	-0.000437	0.371	-0.001444	50	52	23	4
GOBP_RESPONSE_TO_ESTROGEN	53	0.4	-0.000732	0.343	-0.000957	0.286	-0.001205	62	65	40	4
GOBP_RESPONSE_TO_ETHANOL	53	0.543	0.000352	0.571	0.00055	0.457	-0.000312	120	124	85	5
GOBP_RESPONSE_TO_ETHER	53	0.657	0.001942	0.6	0.001932	0.571	0.001302	22	22	13	4
GOBP_RESPONSE_TO_FOOD	53	0.629	0.000607	0.486	-7.9e-05	0.457	-0.000599	46	47	28	3
GOBP_RESPONSE_TO_GLUCAGON	53	0.457	-0.000136	0.486	-0.000946	0.4	-0.001312	19	20	10	5
GOBP_RESPONSE_TO_HYDROPEROXIDE	53	0.371	-0.000128	0.457	-0.00019	0.543	0.000188	18	20	15	4
GOBP_RESPONSE_TO_IMMOBILIZATION_STRESS	53	0.314	-0.001122	0.257	-0.001935	0.371	-0.002506	25	25	17	3
GOBP_RESPONSE_TO_INCREASED_OXYGEN_LEVELS	53	0.514	0.001479	0.371	-0.00116	0.286	-0.002982	25	27	13	4
GOBP_RESPONSE_TO_INTERFERON_ALPHA	53	0.686	0.003422	0.6	0.003276	0.486	-0.000118	21	21	12	5
GOBP_RESPONSE_TO_INTERLEUKIN_4	53	0.686	0.002398	0.514	0.00015	0.4	-0.000804	38	39	23	5
GOBP_RESPONSE_TO_INTERLEUKIN_7	53	0.486	-0.0	0.4	-0.002353	0.343	-0.002478	22	22	12	5
GOBP_RESPONSE_TO_IRON_ION	53	0.543	0.000188	0.486	-7e-06	0.514	5e-06	32	32	18	4
GOBP_RESPONSE_TO_ISCHEMIA	53	0.343	-0.001363	0.343	-0.001655	0.4	-0.000769	62	63	29	3
GOBP_RESPONSE_TO_LAMINAR_FLUID_SHEAR_STRESS	53	0.657	0.003331	0.571	0.001681	0.514	0.000204	21	22	10	4
GOBP_RESPONSE_TO_LECTIN	53	0.6	0.001092	0.457	-0.000396	0.457	-0.000546	21	23	9	3
GOBP_RESPONSE_TO_LEPTIN	53	0.486	-4.2e-05	0.514	1.2e-05	0.6	0.000595	21	21	9	4
GOBP_RESPONSE_TO_LEUKEMIA_INHIBITORY_FACTOR	53	0.6	0.001017	0.514	0.000203	0.343	-0.000306	102	112	61	5
GOBP_RESPONSE_TO_LIPOPROTEIN_PARTICLE	53	0.657	0.001513	0.429	-0.000642	0.314	-0.002784	32	39	19	3
GOBP_RESPONSE_TO_MINERALOCORTICOID	53	0.571	0.000913	0.486	-0.000233	0.429	-0.001755	37	37	23	6
GOBP_RESPONSE_TO_MISFOLDED_PROTEIN	53	0.514	0.000283	0.514	1e-06	0.343	-0.001412	20	20	8	4
GOBP_RESPONSE_TO_MURAMYL_DIPEPTIDE	53	0.686	0.001242	0.6	0.000877	0.286	-0.001019	21	21	8	4
GOBP_RESPONSE_TO_MUSCLE_ACTIVITY	53	0.657	0.001614	0.6	0.000901	0.4	-0.00128	31	33	18	3
GOBP_RESPONSE_TO_MUSCLE_STRETCH	53	0.486	-0.000547	0.514	0.000339	0.457	-0.00037	26	26	15	4
GOBP_RESPONSE_TO_NERVE_GROWTH_FACTOR	53	0.429	-0.000293	0.371	-0.001435	0.229	-0.002539	52	52	23	4
GOBP_RESPONSE_TO_NICOTINE	53	0.714	0.000843	0.571	0.000218	0.486	-1.3e-05	47	49	33	3
GOBP_RESPONSE_TO_NITRIC_OXIDE	53	0.571	0.001507	0.6	0.001975	0.514	0.001196	22	22	17	4
GOBP_RESPONSE_TO_PLATELET_DERIVED_GROWTH_FACTOR	53	0.314	-0.001939	0.286	-0.002565	0.229	-0.002114	24	27	12	4
GOBP_RESPONSE_TO_POTASSIUM_ION	53	0.486	-2.7e-05	0.457	-0.000634	0.571	0.000493	21	21	14	4
GOBP_RESPONSE_TO_PROGESTERONE	53	0.314	-0.001558	0.314	-0.001789	0.314	-0.001303	36	36	21	5
GOBP_RESPONSE_TO_PROSTAGLANDIN_E	53	0.771	0.002599	0.657	0.002409	0.486	-0.000166	28	28	11	5
GOBP_RESPONSE_TO_PROTOZOAN	53	0.514	6e-05	0.429	-0.000146	0.343	-0.001055	29	33	15	3
GOBP_RESPONSE_TO_SALT	53	0.429	-0.001124	0.314	-0.001	0.457	-0.00034	24	24	16	3
GOBP_RESPONSE_TO_SALT_STRESS	53	0.6	0.002638	0.629	0.001761	0.6	0.001184	22	22	14	4
GOBP_RESPONSE_TO_TESTOSTERONE	53	0.314	-0.001247	0.257	-0.001487	0.286	-0.001617	44	45	30	4
GOBP_RESPONSE_TO_THYROID_HORMONE	53	0.457	-7.5e-05	0.286	-0.001691	0.314	-0.002282	21	22	13	4
GOBP_RESPONSE_TO_TUMOR_CELL	53	0.486	-1.2e-05	0.343	-0.001639	0.171	-0.003363	47	49	29	3
GOBP_RESPONSE_TO_TYPE_I_INTERFERON	53	0.657	0.000706	0.543	0.000495	0.429	-0.000987	90	92	42	4
GOBP_RESPONSE_TO_UV_B	53	0.514	0.000529	0.4	-0.000634	0.371	-0.001602	21	21	12	6
GOBP_RESPONSE_TO_X_RAY	53	0.486	-0.001225	0.4	-0.001027	0.429	-0.000165	29	30	17	5
GOBP_RETICULOPHAGY	53	0.343	-0.001848	0.371	-0.001463	0.371	-0.001695	21	23	9	5
GOBP_RETINAL_GANGLION_CELL_AXON_GUIDANCE	53	0.514	0.000464	0.457	-0.000263	0.571	0.000692	22	23	18	7
GOBP_RETINA_LAYER_FORMATION	53	0.371	0.0	0.571	4.8e-05	0.571	0.000127	26	26	18	3
GOBP_RETINA_VASCULATURE_DEVELOPMENT_IN_CAMERA_TYPE_EYE	53	0.543	0.000771	0.486	-0.000448	0.4	-0.000881	20	20	12	5
GOBP_RETINOIC_ACID_METABOLIC_PROCESS	53	0.486	0.0	0.429	-0.000133	0.457	-0.000287	32	33	23	4
GOBP_RETINOIC_ACID_RECEPTOR_SIGNALING_PATHWAY	53	0.543	0.000372	0.514	0.000628	0.571	0.000685	38	38	14	4
GOBP_RETINOL_METABOLIC_PROCESS	53	0.4	-0.00059	0.4	-0.00041	0.429	-0.000358	51	52	33	4
GOBP_RETROGRADE_AXONAL_TRANSPORT	53	0.343	-0.000783	0.286	-0.001854	0.371	-0.000923	23	23	10	7
GOBP_RETROGRADE_TRANSPORT_ENDOSOME_TO_GOLGI	53	0.4	-0.000534	0.4	-0.000528	0.4	-0.000667	105	108	33	3
GOBP_RETROGRADE_VESICLE_MEDIATED_TRANSPORT_GOLGI_TO_ENDOPLASMIC_RETICULUM	53	0.514	0.000847	0.343	-0.001059	0.286	-0.001981	52	52	9	4
GOBP_REVERSE_CHOLESTEROL_TRANSPORT	53	0.457	-0.00095	0.371	-0.001779	0.171	-0.003433	18	21	11	7
GOBP_RHO_PROTEIN_SIGNAL_TRANSDUCTION	53	0.743	0.001368	0.629	0.001013	0.486	-9.8e-05	144	147	69	6
GOBP_RIBONUCLEOSIDE_MONOPHOSPHATE_BIOSYNTHETIC_PROCESS	53	0.371	-0.000908	0.429	-0.00055	0.486	-0.000295	33	35	17	7
GOBP_RIBONUCLEOSIDE_MONOPHOSPHATE_METABOLIC_PROCESS	53	0.429	-0.000444	0.429	-9.2e-05	0.543	0.000271	58	60	30	
GOBP_RIBOSOMAL_LARGE_SUBUNIT_ASSEMBLY	53	0.486	-0.000162	0.486	-0.000555	0.457	-0.000598	16	21	9	6
GOBP_RIBOSOMAL_SMALL_SUBUNIT_ASSEMBLY	53	0.514	0.000509	0.543	0.000405	0.457	-0.000794	10	22	3	6
GOBP_RNA_5_END_PROCESSING	53	0.514	0.000282	0.543	0.000436	0.629	0.000526	38	38	17	5
GOBP_RNA_DECAPPING	53	0.486	-4.9e-05	0.486	-0.000675	0.4	-0.001535	20	20	5	6
GOBP_RNA_POLYMERASE_II_PREINITIATION_COMPLEX_ASSEMBLY	53	0.543	0.00052	0.571	0.000329	0.571	0.000176	66	68	21	8
GOBP_RNA_SURVEILLANCE	53	0.429	-0.000293	0.486	-0.000184	0.4	-0.000402	36	37	10	7
GOBP_RNA_TEMPLATED_DNA_BIOSYNTHETIC_PROCESS	53	0.486	-0.000343	0.457	-0.000766	0.457	-0.000271	60	61	26	7
GOBP_RRNA_METHYLATION	53	0.514	2e-05	0.457	-0.000278	0.457	-0.00031	24	26	7	6
GOBP_RUFFLE_ORGANIZATION	53	0.686	0.001674	0.629	0.000629	0.514	0.000175	57	57	31	6
GOBP_SARCOMERE_ORGANIZATION	53	0.6	0.000912	0.6	0.000374	0.4	-0.000866	48	50	22	5
GOBP_SCF_DEPENDENT_PROTEASOMAL_UBIQUITIN_DEPENDENT_PROTEIN_CATABOLIC_PROCESS	53	0.457	-0.000135	0.514	2.2e-05	0.4	-0.000319	45	45	17	8
GOBP_SCHWANN_CELL_DIFFERENTIATION	53	0.371	-0.001634	0.371	-0.001384	0.257	-0.001177	49	50	23	5
GOBP_SECONDARY_ALCOHOL_METABOLIC_PROCESS	53	0.314	-0.001119	0.286	-0.000753	0.429	-0.000535	156	167	94	5
GOBP_SECONDARY_METABOLITE_BIOSYNTHETIC_PROCESS	53	0.486	-0.000194	0.514	0.000297	0.571	0.000487	26	26	16	4
GOBP_SECONDARY_PALATE_DEVELOPMENT	53	0.486	-1e-06	0.486	-3.5e-05	0.571	0.000287	27	27	20	5
GOBP_SECRETION_BY_TISSUE	53	0.543	0.000376	0.543	0.000221	0.514	7.9e-05	47	47	24	2
GOBP_SECRETORY_GRANULE_LOCALIZATION	53	0.429	-0.000509	0.429	-0.000702	0.514	3.8e-05	25	25	11	4
GOBP_SEMAPHORIN_PLEXIN_SIGNALING_PATHWAY	53	0.6	0.000988	0.543	0.000462	0.371	-0.001303	49	49	36	4
GOBP_SEMINIFEROUS_TUBULE_DEVELOPMENT	53	0.429	-0.000626	0.429	-0.000662	0.457	-0.000265	20	21	12	4
GOBP_SENSORY_PERCEPTION_OF_BITTER_TASTE	53	0.286	-0.000367	0.457	-0.000126	0.514	6.8e-05	44	46	22	7
GOBP_SENSORY_PERCEPTION_OF_SMELL	53	0.543	5e-06	0.457	-9e-06	0.457	-2e-05	403	465	267	6
GOBP_SEQUESTERING_OF_CALCIUM_ION	53	0.714	0.000971	0.457	-0.000238	0.343	-0.000805	134	138	80	
GOBP_SERINE_FAMILY_AMINO_ACID_METABOLIC_PROCESS	53	0.2	-0.001844	0.286	-0.001139	0.429	-0.000695	30	32	14	
GOBP_SEROTONIN_TRANSPORT	53	0.343	0.0	0.314	-0.000383	0.343	-0.000588	20	21	16	
GOBP_SERTOLI_CELL_DIFFERENTIATION	53	0.657	0.002291	0.629	0.001478	0.514	5.6e-05	25	25	15	3
GOBP_SEX_CHROMOSOME_DOSAGE_COMPENSATION	53	0.543	0.000809	0.543	0.000495	0.429	-0.001108	20	23	6	7
GOBP_SEX_DETERMINATION	53	0.571	0.000134	0.571	0.000236	0.571	0.00037	22	22	16	3
GOBP_SIGNALING_RECEPTOR_LIGAND_PRECURSOR_PROCESSING	53	0.257	-0.001521	0.229	-0.00288	0.286	-0.002357	45	45	25	7
GOBP_SIGNAL_TRANSDUCTION_INVOLVED_IN_REGULATION_OF_GENE_EXPRESSION	53	0.571	0.000208	0.514	0.000316	0.486	-2.4e-05	29	29	17	3
GOBP_SIGNAL_TRANSDUCTION_IN_ABSENCE_OF_LIGAND	53	0.486	-8.1e-05	0.343	-0.000745	0.286	-0.001173	72	73	38	3
GOBP_SKELETAL_MUSCLE_ADAPTATION	53	0.714	0.002713	0.629	0.000958	0.514	1e-05	21	23	12	4
GOBP_SKELETAL_MUSCLE_CELL_DIFFERENTIATION	53	0.714	0.001385	0.6	0.000624	0.4	-0.000559	80	83	45	4
GOBP_SKELETAL_MUSCLE_CELL_PROLIFERATION	53	0.657	0.001612	0.571	0.001031	0.486	-0.000123	25	25	18	5
GOBP_SKELETAL_MUSCLE_CONTRACTION	53	0.486	-6e-06	0.514	0.000447	0.571	0.000527	51	51	32	4
GOBP_SKELETAL_MUSCLE_TISSUE_REGENERATION	53	0.457	-0.000315	0.429	-0.000241	0.343	-0.000197	43	45	27	4
GOBP_SMAD_PROTEIN_SIGNAL_TRANSDUCTION	53	0.657	0.002119	0.571	0.000753	0.514	2e-05	84	102	55	5
GOBP_SMOOTHENED_SIGNALING_PATHWAY	53	0.6	0.000133	0.371	-0.000337	0.371	-0.000429	154	157	65	4
GOBP_SMOOTH_MUSCLE_CELL_APOPTOTIC_PROCESS	53	0.457	-0.000332	0.486	-0.001121	0.4	-0.000673	31	40	13	6
GOBP_SMOOTH_MUSCLE_TISSUE_DEVELOPMENT	53	0.571	0.001697	0.486	-0.000617	0.429	-0.000779	26	28	17	6
GOBP_SNARE_COMPLEX_ASSEMBLY	53	0.457	-0.000209	0.371	-0.000634	0.4	-0.000405	24	24	6	4
GOBP_SNRNA_3_END_PROCESSING	53	0.514	0.000129	0.457	-0.000115	0.457	-0.000559	23	24	8	6
GOBP_SNRNA_TRANSCRIPTION	53	0.543	0.000319	0.486	-0.000426	0.4	-0.000708	20	20	4	7
GOBP_SODIUM_ION_EXPORT_ACROSS_PLASMA_MEMBRANE	53	0.229	-0.003409	0.257	-0.002058	0.286	-0.001367	21	22	13	4
GOBP_SODIUM_ION_IMPORT_ACROSS_PLASMA_MEMBRANE	53	0.314	-0.000538	0.457	-9.9e-05	0.486	-0.000165	30	32	16	6
GOBP_SOMATIC_DIVERSIFICATION_OF_IMMUNE_RECEPTORS	53	0.486	-0.000217	0.514	6.4e-05	0.457	-0.000268	80	81	37	2
GOBP_SOMATIC_STEM_CELL_POPULATION_MAINTENANCE	53	0.543	0.00013	0.571	0.000499	0.514	0.000229	77	78	42	3
GOBP_SOMITOGENESIS	53	0.429	-0.000306	0.371	-0.00059	0.486	-0.000198	67	67	42	3
GOBP_SPECIFICATION_OF_ANIMAL_ORGAN_IDENTITY	53	0.343	-0.001323	0.4	-0.000739	0.4	-0.000288	37	38	25	4
GOBP_SPECIFICATION_OF_SYMMETRY	53	0.6	0.000395	0.629	0.000326	0.457	-9e-05	137	147	60	3
GOBP_SPERMATID_NUCLEUS_DIFFERENTIATION	53	0.429	-0.000249	0.429	-0.000385	0.486	-6.3e-05	28	30	14	5
GOBP_SPERM_AXONEME_ASSEMBLY	53	0.486	0.0	0.514	6e-06	0.6	0.00019	34	34	10	3
GOBP_SPERM_CAPACITATION	53	0.343	-0.000608	0.371	-0.000356	0.514	4.6e-05	33	34	14	3
GOBP_SPHINGOID_METABOLIC_PROCESS	53	0.229	-0.001189	0.257	-0.001608	0.286	-0.001253	22	23	11	6
GOBP_SPHINGOLIPID_MEDIATED_SIGNALING_PATHWAY	53	0.486	-0.000121	0.514	0.00029	0.6	0.000863	20	20	13	3
GOBP_SPHINGOMYELIN_METABOLIC_PROCESS	53	0.486	-3.8e-05	0.486	-0.000399	0.371	-0.000882	20	20	9	6
GOBP_SPINAL_CORD_MOTOR_NEURON_DIFFERENTIATION	53	0.543	0.000104	0.514	5.8e-05	0.457	-0.000193	31	31	16	5
GOBP_SPLEEN_DEVELOPMENT	53	0.429	-0.000535	0.4	-0.000543	0.486	-0.000243	42	42	18	4
GOBP_SPLICEOSOMAL_TRI_SNRNP_COMPLEX_ASSEMBLY	53	0.514	0.000543	0.571	0.00091	0.486	-3.4e-05	14	27	4	7
GOBP_SRP_DEPENDENT_COTRANSLATIONAL_PROTEIN_TARGETING_TO_MEMBRANE	53	0.514	0.000197	0.429	-0.0015	0.343	-0.002341	17	25	5	6
GOBP_STARTLE_RESPONSE	53	0.429	-0.000332	0.429	-0.000516	0.429	-0.000186	28	28	16	3
GOBP_STEM_CELL_DEVELOPMENT	53	0.657	0.000605	0.543	7.1e-05	0.4	-0.000147	88	89	59	4
GOBP_STEM_CELL_DIVISION	53	0.657	0.001563	0.543	0.000218	0.4	-0.000903	36	37	23	3
GOBP_STEROID_CATABOLIC_PROCESS	53	0.4	-0.000454	0.371	-0.002394	0.286	-0.001902	25	25	16	5
GOBP_STEROL_BIOSYNTHETIC_PROCESS	53	0.257	-0.001271	0.4	-0.000948	0.371	-0.000887	68	75	46	6
GOBP_STEROL_HOMEOSTASIS	53	0.486	-0.000534	0.343	-0.000904	0.4	-0.000739	97	113	59	4
GOBP_STORE_OPERATED_CALCIUM_ENTRY	53	0.343	-0.000478	0.314	-0.001248	0.343	-0.000683	23	24	11	8
GOBP_STRESS_ACTIVATED_PROTEIN_KINASE_SIGNALING_CASCADE	53	0.4	-0.001152	0.429	-0.000923	0.486	-6.5e-05	56	57	22	4
GOBP_STRESS_FIBER_ASSEMBLY	53	0.514	0.000125	0.571	0.000353	0.286	-0.000908	112	117	53	5
GOBP_STRESS_GRANULE_ASSEMBLY	53	0.457	-0.000951	0.457	-0.000372	0.371	-0.001518	34	35	13	7
GOBP_STRIATED_MUSCLE_CELL_APOPTOTIC_PROCESS	53	0.657	0.001373	0.686	0.000667	0.543	8.5e-05	45	61	21	6
GOBP_STRIATUM_DEVELOPMENT	53	0.486	-4.9e-05	0.514	2.1e-05	0.371	-0.00063	21	21	9	4
GOBP_SUBSTANTIA_NIGRA_DEVELOPMENT	53	0.429	-0.000802	0.457	-0.001149	0.429	-0.002248	45	46	19	5
GOBP_SUBSTRATE_ADHESION_DEPENDENT_CELL_SPREADING	53	0.629	0.001008	0.457	-0.000225	0.371	-0.001131	100	100	53	4
GOBP_SUBSTRATE_DEPENDENT_CELL_MIGRATION	53	0.629	0.001971	0.486	-0.000288	0.371	-0.00081	29	29	16	4
GOBP_SULFATION	53	0.286	-0.001358	0.2	-0.001202	0.229	-0.001734	18	20	9	4
GOBP_SULFUR_AMINO_ACID_METABOLIC_PROCESS	53	0.343	-0.00183	0.343	-0.001787	0.457	-0.000178	31	32	16	4
GOBP_SULFUR_COMPOUND_CATABOLIC_PROCESS	53	0.429	-0.000626	0.429	-0.000326	0.486	-0.000563	45	48	17	4
GOBP_SULFUR_COMPOUND_TRANSPORT	53	0.543	0.0004	0.543	0.000686	0.543	0.000337	63	66	34	4
GOBP_SUPEROXIDE_ANION_GENERATION	53	0.543	0.000238	0.486	-0.000547	0.229	-0.002322	43	45	26	5
GOBP_SURFACTANT_HOMEOSTASIS	53	0.4	-0.001232	0.371	-0.00082	0.457	-0.000846	20	20	14	4
GOBP_SYMBIONT_ENTRY_INTO_HOST	53	0.4	-0.000903	0.4	-0.000869	0.229	-0.001567	135	138	86	4
GOBP_SYMPATHETIC_NERVOUS_SYSTEM_DEVELOPMENT	53	0.571	0.000696	0.543	0.000573	0.571	0.000261	22	22	20	4
GOBP_SYNAPSE_MATURATION	53	0.486	-0.000278	0.457	-0.000381	0.429	-0.000284	43	43	25	3
GOBP_SYNAPTIC_MEMBRANE_ADHESION	53	0.371	-0.000645	0.457	-0.000573	0.429	-0.000267	32	32	21	4
GOBP_SYNAPTIC_TRANSMISSION_CHOLINERGIC	53	0.486	-0.00045	0.4	-0.000503	0.286	-0.001028	33	33	24	8
GOBP_SYNAPTIC_TRANSMISSION_DOPAMINERGIC	53	0.4	-0.000236	0.371	-0.000875	0.229	-0.001438	27	29	14	8
GOBP_SYNAPTIC_TRANSMISSION_GABAERGIC	53	0.4	-0.000872	0.371	-0.001323	0.457	-0.000205	60	60	38	8
GOBP_SYNAPTIC_TRANSMISSION_GLUTAMATERGIC	53	0.314	-0.000593	0.257	-0.000444	0.314	-0.000396	106	108	58	8
GOBP_SYNAPTIC_VESICLE_MATURATION	53	0.429	-0.000506	0.429	-0.000767	0.429	-0.001581	27	27	5	3
GOBP_SYNAPTIC_VESICLE_PRIMING	53	0.429	-0.000145	0.486	-6.3e-05	0.371	-0.000582	27	27	16	3
GOBP_SYNAPTIC_VESICLE_TRANSPORT	53	0.514	4e-05	0.486	-2.1e-05	0.543	0.000609	47	47	16	2
GOBP_SYNAPTONEMAL_COMPLEX_ORGANIZATION	53	0.543	6.3e-05	0.514	2.6e-05	0.4	-0.000254	28	28	14	6
GOBP_TELENCEPHALON_GLIAL_CELL_MIGRATION	53	0.629	0.002213	0.571	0.001555	0.429	-0.001633	28	28	10	5
GOBP_TELOMERE_CAPPING	53	0.629	0.000793	0.686	0.000501	0.543	0.000367	27	27	9	7
GOBP_TELOMERE_MAINTENANCE_IN_RESPONSE_TO_DNA_DAMAGE	53	0.514	0.000548	0.543	0.000101	0.486	-0.000427	33	33	10	5
GOBP_TERTIARY_ALCOHOL_METABOLIC_PROCESS	53	0.371	-0.000247	0.286	-0.001266	0.343	-0.001366	21	22	13	5
GOBP_TETRAHYDROFOLATE_METABOLIC_PROCESS	53	0.229	-0.002581	0.343	-0.001526	0.371	-0.000372	19	20	13	5
GOBP_TETRAPYRROLE_BIOSYNTHETIC_PROCESS	53	0.371	-0.000665	0.429	-0.000456	0.543	0.000171	33	35	12	4
GOBP_THIOESTER_BIOSYNTHETIC_PROCESS	53	0.257	-0.001777	0.286	-0.001462	0.4	-0.000669	51	51	25	
GOBP_THYMIC_T_CELL_SELECTION	53	0.686	0.002705	0.457	-0.00023	0.257	-0.002943	24	24	16	3
GOBP_THYMOCYTE_APOPTOTIC_PROCESS	53	0.629	0.001554	0.6	0.000747	0.543	0.000298	21	21	13	8
GOBP_THYMUS_DEVELOPMENT	53	0.343	-0.001066	0.457	-0.000567	0.429	-0.000308	51	51	24	4
GOBP_THYROID_GLAND_DEVELOPMENT	53	0.371	-0.001603	0.343	-0.001251	0.343	-0.000892	31	31	20	5
GOBP_THYROID_HORMONE_GENERATION	53	0.429	-0.000697	0.371	-0.001173	0.229	-0.002206	22	22	18	5
GOBP_TIGHT_JUNCTION_ASSEMBLY	53	0.314	-0.001247	0.457	-0.000271	0.514	2.1e-05	78	81	52	7
GOBP_TOLERANCE_INDUCTION	53	0.686	0.002274	0.629	0.000585	0.4	-0.001157	29	31	18	2
GOBP_TOLL_LIKE_RECEPTOR_3_SIGNALING_PATHWAY	53	0.4	-0.000959	0.4	-0.000835	0.343	-0.00104	28	28	12	7
GOBP_TOLL_LIKE_RECEPTOR_9_SIGNALING_PATHWAY	53	0.429	-0.000442	0.429	-0.001079	0.457	-0.000145	20	20	9	7
GOBP_TORC1_SIGNALING	53	0.543	0.000372	0.514	0.000204	0.4	-0.00038	102	114	33	5
GOBP_TORC2_SIGNALING	53	0.514	0.000112	0.429	-0.000427	0.457	-0.000304	21	22	9	5
GOBP_TRABECULA_FORMATION	53	0.571	0.001328	0.543	0.00073	0.429	-0.000396	26	26	21	3
GOBP_TRANSCRIPTION_BY_RNA_POLYMERASE_III	53	0.457	-0.000597	0.457	-0.000704	0.486	-4.7e-05	59	59	12	7
GOBP_TRANSCYTOSIS	53	0.429	-0.001188	0.371	-0.00142	0.343	-0.002841	21	21	9	2
GOBP_TRANSEPITHELIAL_TRANSPORT	53	0.543	0.000318	0.657	0.000519	0.657	0.000328	37	37	25	4
GOBP_TRANSFORMING_GROWTH_FACTOR_BETA_PRODUCTION	53	0.743	0.003629	0.6	0.000932	0.457	-0.000475	36	37	24	3
GOBP_TRANSFORMING_GROWTH_FACTOR_BETA_RECEPTOR_SIGNALING_PATHWAY	53	0.686	0.001553	0.486	-0.000324	0.486	-0.00018	216	262	128	6
GOBP_TRANSLATIONAL_ELONGATION	53	0.6	0.000763	0.571	0.000158	0.514	0.00046	62	73	18	5
GOBP_TRANSLESION_SYNTHESIS	53	0.429	-0.000351	0.571	0.000556	0.486	-0.000158	26	26	12	6
GOBP_TRANSPOSABLE_ELEMENT_SILENCING_BY_HETEROCHROMATIN_FORMATION	53	0.543	0.000214	0.514	4.5e-05	0.457	-2.6e-05	23	23	11	7
GOBP_TRANSPOSITION	53	0.686	0.000713	0.629	0.000318	0.514	0.000279	46	46	21	2
GOBP_TRICARBOXYLIC_ACID_CYCLE	53	0.257	-0.002047	0.371	-0.00074	0.543	0.000531	32	33	14	4
GOBP_TRIGLYCERIDE_BIOSYNTHETIC_PROCESS	53	0.429	-0.000858	0.429	-0.000893	0.4	-0.000863	39	42	19	7
GOBP_TRIGLYCERIDE_CATABOLIC_PROCESS	53	0.457	-0.000377	0.4	-0.000908	0.371	-0.000916	31	32	20	7
GOBP_TRIPARTITE_REGIONAL_SUBDIVISION	53	0.514	0.000214	0.457	-0.000435	0.457	-0.000252	20	21	9	4
GOBP_TRNA_METHYLATION	53	0.543	0.000112	0.457	-0.000107	0.486	-4.1e-05	40	40	13	6
GOBP_TRNA_THREONYLCARBAMOYLADENOSINE_METABOLIC_PROCESS	53	0.429	0.0	0.543	7e-06	0.514	0.000151	18	20	7	7
GOBP_TRNA_WOBBLE_BASE_MODIFICATION	53	0.514	6e-06	0.571	0.000248	0.429	-0.00013	21	21	4	7
GOBP_TROPHECTODERMAL_CELL_DIFFERENTIATION	53	0.543	0.000782	0.571	0.000683	0.486	-0.000983	20	20	12	4
GOBP_TROPHOBLAST_CELL_MIGRATION	53	0.629	0.000998	0.543	0.000584	0.343	-0.002278	23	25	16	3
GOBP_TUBE_CLOSURE	53	0.543	0.000138	0.543	0.000429	0.543	0.000281	90	91	40	4
GOBP_TUMOR_NECROSIS_FACTOR_MEDIATED_SIGNALING_PATHWAY	53	0.514	3.1e-05	0.429	-0.000345	0.343	-0.000716	120	130	56	5
GOBP_TUMOR_NECROSIS_FACTOR_SUPERFAMILY_CYTOKINE_PRODUCTION	53	0.657	0.000739	0.457	-0.000181	0.229	-0.001036	177	202	101	3
GOBP_TYPE_B_PANCREATIC_CELL_DEVELOPMENT	53	0.6	0.000684	0.543	0.000337	0.657	0.00067	22	24	11	5
GOBP_TYPE_B_PANCREATIC_CELL_PROLIFERATION	53	0.657	0.001963	0.629	0.000406	0.343	-0.001072	29	29	16	4
GOBP_TYPE_II_INTERFERON_MEDIATED_SIGNALING_PATHWAY	53	0.514	7.5e-05	0.457	-0.001333	0.286	-0.001434	28	28	12	6
GOBP_TYPE_II_INTERFERON_PRODUCTION	53	0.657	0.001141	0.543	0.000289	0.257	-0.001048	118	123	72	3
GOBP_T_CELL_CHEMOTAXIS	53	0.771	0.003325	0.686	0.001689	0.429	-0.000839	26	29	21	5
GOBP_T_CELL_HOMEOSTASIS	53	0.743	0.000869	0.6	0.000477	0.371	-0.00128	49	50	20	4
GOBP_T_CELL_MEDIATED_CYTOTOXICITY	53	0.771	0.003545	0.486	-0.000412	0.314	-0.001957	57	60	41	4
GOBP_T_CELL_RECEPTOR_SIGNALING_PATHWAY	53	0.771	0.000793	0.457	-0.000229	0.2	-0.000995	147	152	77	6
GOBP_T_HELPER_17_TYPE_IMMUNE_RESPONSE	53	0.629	0.001811	0.571	0.000509	0.486	-0.000235	53	55	30	5
GOBP_T_HELPER_1_CELL_DIFFERENTIATION	53	0.6	0.001104	0.429	-0.000862	0.429	-0.001135	24	24	14	6
GOBP_T_HELPER_CELL_LINEAGE_COMMITMENT	53	0.686	0.00117	0.486	-0.000245	0.343	-0.00171	29	29	16	6
GOBP_U2_TYPE_PRESPLICEOSOME_ASSEMBLY	53	0.4	-0.000209	0.486	-0.001761	0.371	-0.001871	25	25	6	7
GOBP_UBIQUINONE_METABOLIC_PROCESS	53	0.371	-0.001088	0.4	-0.000896	0.429	-0.001283	21	21	11	5
GOBP_UBIQUITIN_DEPENDENT_PROTEIN_CATABOLIC_PROCESS_VIA_THE_MULTIVESICULAR_BODY_SORTING_PATHWAY	53	0.4	-0.001303	0.429	-0.001041	0.429	-0.000613	36	37	5	8
GOBP_UTERUS_DEVELOPMENT	53	0.514	8.7e-05	0.457	-0.000568	0.514	5e-06	28	28	17	4
GOBP_VACUOLAR_LOCALIZATION	53	0.6	0.000556	0.657	0.000161	0.343	-0.000305	88	90	43	3
GOBP_VASCULAR_ASSOCIATED_SMOOTH_MUSCLE_CELL_DIFFERENTIATION	53	0.486	-0.000543	0.429	-0.00134	0.429	-0.000825	30	41	18	5
GOBP_VASCULAR_ASSOCIATED_SMOOTH_MUSCLE_CELL_MIGRATION	53	0.629	0.003367	0.543	0.00035	0.486	-0.000342	28	54	15	6
GOBP_VASCULAR_ASSOCIATED_SMOOTH_MUSCLE_CELL_PROLIFERATION	53	0.714	0.003178	0.657	0.001308	0.4	-0.000565	63	97	39	5
GOBP_VASCULAR_ASSOCIATED_SMOOTH_MUSCLE_CONTRACTION	53	0.743	0.002447	0.686	0.001161	0.429	-0.000507	26	27	15	6
GOBP_VASCULAR_ENDOTHELIAL_CELL_PROLIFERATION	53	0.486	-0.000621	0.4	-0.001588	0.4	-0.00089	27	55	19	5
GOBP_VASCULAR_ENDOTHELIAL_GROWTH_FACTOR_PRODUCTION	53	0.657	0.001525	0.543	0.000155	0.457	-0.001401	36	65	22	3
GOBP_VASCULAR_ENDOTHELIAL_GROWTH_FACTOR_RECEPTOR_SIGNALING_PATHWAY	53	0.829	0.002001	0.6	0.001011	0.514	0.000409	58	63	31	6
GOBP_VASCULAR_ENDOTHELIAL_GROWTH_FACTOR_SIGNALING_PATHWAY	53	0.657	0.00119	0.543	0.000497	0.457	-0.000774	50	58	36	6
GOBP_VASCULAR_TRANSPORT	53	0.343	-0.0017	0.371	-0.000884	0.457	-4.9e-05	87	88	59	4
GOBP_VASCULAR_WOUND_HEALING	53	0.714	0.001162	0.686	0.001354	0.571	0.000892	20	24	14	5
GOBP_VASCULOGENESIS	53	0.457	-0.000714	0.486	-0.000244	0.314	-0.000388	81	82	55	4
GOBP_VASODILATION	53	0.543	0.000326	0.429	-0.000562	0.286	-0.00112	55	59	35	6
GOBP_VENTRICULAR_CARDIAC_MUSCLE_CELL_ACTION_POTENTIAL	53	0.286	-0.001683	0.4	-0.000974	0.571	0.000654	36	38	23	7
GOBP_VENTRICULAR_CARDIAC_MUSCLE_TISSUE_MORPHOGENESIS	53	0.543	0.000205	0.543	0.000427	0.4	-0.000461	48	48	30	5
GOBP_VENTRICULAR_SEPTUM_MORPHOGENESIS	53	0.4	-0.000315	0.457	-0.000318	0.486	-9.2e-05	45	47	29	4
GOBP_VENTRICULAR_SYSTEM_DEVELOPMENT	53	0.571	0.000146	0.543	0.000418	0.457	-0.000706	33	34	17	4
GOBP_VERY_LONG_CHAIN_FATTY_ACID_METABOLIC_PROCESS	53	0.4	-0.000737	0.4	-0.000572	0.514	0.000147	35	35	17	6
GOBP_VESICLE_CARGO_LOADING	53	0.457	-0.000758	0.429	-0.000867	0.457	-0.000802	35	36	8	3
GOBP_VESICLE_COATING	53	0.371	-0.001485	0.286	-0.001621	0.371	-0.001411	38	38	10	
GOBP_VESICLE_DOCKING	53	0.486	-7.2e-05	0.543	0.000119	0.457	-2e-05	60	60	25	
GOBP_VESICLE_DOCKING_INVOLVED_IN_EXOCYTOSIS	53	0.514	0.000234	0.543	9.2e-05	0.543	8.3e-05	39	39	20	
GOBP_VESICLE_FUSION_TO_PLASMA_MEMBRANE	53	0.4	-9.8e-05	0.457	-0.000122	0.457	-6.8e-05	32	32	22	3
GOBP_VESICLE_MEDIATED_TRANSPORT_BETWEEN_ENDOSOMAL_COMPARTMENTS	53	0.371	-0.002805	0.343	-0.002429	0.286	-0.002596	46	48	15	3
GOBP_VESICLE_TARGETING	53	0.343	-0.000915	0.343	-0.000861	0.343	-0.000937	64	65	19	
GOBP_VESICLE_TARGETING_ROUGH_ER_TO_CIS_GOLGI	53	0.429	-0.000484	0.429	-0.001094	0.314	-0.001104	25	25	10	
GOBP_VESICLE_TETHERING	53	0.4	-0.00051	0.343	-0.000982	0.371	-0.000962	32	32	6	
GOBP_VESICLE_TRANSPORT_ALONG_MICROTUBULE	53	0.257	-0.001258	0.343	-0.001534	0.4	-0.001602	48	49	15	5
GOBP_VIRAL_BUDDING	53	0.4	-0.000882	0.429	-0.000807	0.514	2.7e-05	25	26	4	2
GOBP_VIRAL_PROTEIN_PROCESSING	53	0.314	-0.001873	0.286	-0.002057	0.343	-0.001628	31	31	12	2
GOBP_VIRAL_RELEASE_FROM_HOST_CELL	53	0.371	-0.000562	0.4	-0.001213	0.486	-0.000175	28	29	8	2
GOBP_VIRAL_RNA_GENOME_REPLICATION	53	0.543	9.7e-05	0.486	-0.000301	0.343	-0.001704	25	26	8	3
GOBP_VIRAL_TRANSCRIPTION	53	0.743	0.001419	0.714	0.001293	0.514	0.000263	53	53	20	2
GOBP_VIRAL_TRANSLATION	53	0.486	-0.000421	0.371	-0.002173	0.486	-0.001865	26	26	10	2
GOBP_VISUAL_BEHAVIOR	53	0.486	-9.8e-05	0.4	-0.000813	0.314	-0.000791	62	62	27	3
GOBP_VITAMIN_BIOSYNTHETIC_PROCESS	53	0.429	-0.00042	0.343	-0.001024	0.4	-0.000663	23	23	15	5
GOBP_VITAMIN_D_METABOLIC_PROCESS	53	0.629	0.000923	0.514	4.1e-05	0.457	-0.000699	21	21	13	6
GOBP_VITAMIN_TRANSMEMBRANE_TRANSPORT	53	0.229	-0.001641	0.229	-0.001723	0.343	-0.000268	20	21	14	3
GOBP_VOCALIZATION_BEHAVIOR	53	0.4	-0.000211	0.457	-0.000131	0.514	4.2e-05	20	21	14	3
GOBP_WALKING_BEHAVIOR	53	0.543	6.5e-05	0.457	-0.000275	0.486	-1.6e-05	40	40	17	4
GOBP_WATER_SOLUBLE_VITAMIN_METABOLIC_PROCESS	53	0.343	-0.001257	0.429	-0.000941	0.371	-0.000573	64	66	38	
GOBP_WATER_TRANSPORT	53	0.429	-0.000296	0.429	-0.000592	0.514	0.000123	27	29	22	5
GOBP_WNT_SIGNALING_PATHWAY_PLANAR_CELL_POLARITY_PATHWAY	53	0.543	0.000671	0.514	8.2e-05	0.457	-0.000313	47	47	22	6
GOBP_WOUND_HEALING_SPREADING_OF_EPIDERMAL_CELLS	53	0.543	0.000765	0.571	0.000704	0.6	0.000763	26	27	16	5
GOBP_XENOBIOTIC_CATABOLIC_PROCESS	53	0.4	-0.00147	0.4	-0.001409	0.429	-0.000978	25	26	12	4
GOBP_XENOBIOTIC_EXPORT_FROM_CELL	53	0.343	-0.000398	0.429	-0.000156	0.543	0.000321	16	29	11	3
GOBP_ZINC_ION_TRANSPORT	53	0.486	-5.6e-05	0.4	-0.000579	0.429	-0.000115	32	32	18	8
