section_id	cohort	set_id	own_contrast	comp_contrast	raw_contrast	n_near	n_far	k_used
usz-KC1	USZ	GOBP_NEGATIVE_REGULATION_OF_VASCULAR_ENDOTHELIAL_GROWTH_FACTOR_PRODUCTION	-0.023983	-0.021715	-0.024612	109	269	1
usz-KC1	USZ	GOBP_REGULATION_OF_INTEGRIN_MEDIATED_SIGNALING_PATHWAY	-0.00363	-0.002285	-0.004394	109	269	23
usz-KC1	USZ	GOBP_COMPLEMENT_ACTIVATION_CLASSICAL_PATHWAY	-0.000506	0.00134	-0.000941	109	269	37
usz-KC1	USZ	GOBP_PEPTIDE_ANTIGEN_ASSEMBLY_WITH_MHC_PROTEIN_COMPLEX	-0.014311	-0.010734	-0.014992	109	269	19
usz-KC1	USZ	GOBP_NEGATIVE_REGULATION_OF_REACTIVE_OXYGEN_SPECIES_BIOSYNTHETIC_PROCESS	-0.007903	-0.006811	-0.008569	109	269	16
usz-KC1	USZ	GOBP_MRNA_5_SPLICE_SITE_RECOGNITION	-0.00116	0.000625	-0.001429	109	269	6
usz-KC1	USZ	GOBP_RESPONSE_TO_INTERFERON_ALPHA	-0.005149	-0.003703	-0.005835	109	269	21
usz-KC1	USZ	GOBP_POSITIVE_REGULATION_OF_VASCULAR_ASSOCIATED_SMOOTH_MUSCLE_CELL_MIGRATION	-0.001509	-0.000437	-0.001193	109	269	16
usz-KC1	USZ	GOBP_NEGATIVE_REGULATION_OF_EXTRACELLULAR_MATRIX_ORGANIZATION	0.00247	0.004013	0.002341	109	269	15
usz-KC1	USZ	GOBP_CELL_FATE_DETERMINATION	-0.000127	0.000175	-8.3e-05	109	269	40
usz-KC1	USZ	GOBP_HYPERSENSITIVITY	-0.001359	-0.001049	-0.001627	109	269	19
usz-KC1	USZ	GOBP_NEGATIVE_REGULATION_OF_BLOOD_VESSEL_ENDOTHELIAL_CELL_PROLIFERATION_INVOLVED_IN_SPROUTING_ANGIOGENESIS	0.00238	0.00373	0.002326	109	269	7
usz-KC1	USZ	GOBP_PHYSIOLOGICAL_CARDIAC_MUSCLE_HYPERTROPHY	-0.002274	-0.00137	-0.002215	109	269	24
usz-KC1	USZ	GOBP_INTEGRIN_MEDIATED_SIGNALING_PATHWAY	-0.000649	0.000929	-0.001089	109	269	116
usz-KC1	USZ	GOBP_RESPONSE_TO_PROSTAGLANDIN_E	-0.001282	-0.000443	-0.001255	109	269	28
usz-KC1	USZ	GOBP_CELL_ADHESION_MOLECULE_PRODUCTION	0.002672	0.002424	0.002827	109	269	10
usz-KC1	USZ	GOBP_POSITIVE_REGULATION_OF_RNA_SPLICING	0.004005	0.005414	0.003505	109	269	38
usz-KC1	USZ	GOBP_DEFINITIVE_HEMOPOIESIS	-0.001453	-0.001136	-0.001508	109	269	19
usz-KC1	USZ	GOBP_PROTEIN_DEACETYLATION	0.000476	0.00161	0.000424	109	269	25
usz-KC1	USZ	GOBP_CELL_JUNCTION_DISASSEMBLY	-0.00219	-0.000204	-0.001891	109	269	31
usz-KC1	USZ	GOBP_REGULATION_OF_SYNAPTIC_VESICLE_ENDOCYTOSIS	-0.000861	0.001869	-0.002634	109	269	23
usz-KC1	USZ	GOBP_RESPONSE_TO_NITRIC_OXIDE	-0.002294	-0.000236	-0.003024	109	269	22
usz-KC1	USZ	GOBP_REGULATION_OF_CELL_GROWTH_INVOLVED_IN_CARDIAC_MUSCLE_CELL_DEVELOPMENT	-0.000778	-0.000172	-0.000504	109	269	17
usz-KC1	USZ	GOBP_INNERVATION	-0.002203	-0.00183	-0.002151	109	269	27
usz-KC1	USZ	GOBP_RESPONSE_TO_ETHER	-0.003496	-0.003363	-0.003564	109	269	21
usz-KC1	USZ	GOBP_RESCUE_OF_STALLED_RIBOSOME	0.000921	0.002351	0.000495	109	269	30
usz-KC1	USZ	GOBP_NEGATIVE_REGULATION_OF_MUSCLE_HYPERTROPHY	-0.002337	-0.00174	-0.002096	109	269	32
usz-KC1	USZ	GOBP_NEURON_INTRINSIC_APOPTOTIC_SIGNALING_PATHWAY_IN_RESPONSE_TO_OXIDATIVE_STRESS	-0.008924	-0.007801	-0.009494	109	269	21
usz-KC1	USZ	GOBP_POSITIVE_REGULATION_OF_T_CELL_MIGRATION	-0.000517	0.000354	-0.000669	109	269	36
usz-KC1	USZ	GOBP_POSITIVE_REGULATION_OF_LEUKOCYTE_ADHESION_TO_VASCULAR_ENDOTHELIAL_CELL	0.000149	0.000885	0.000302	109	269	22
usz-KC1	USZ	CTRL_B_AXIS	-0.00029	-0.000379	0.000618	109	269	45
usz-KC1	USZ	CTRL_MYC_V1	-0.00435	-0.002354	-0.005287	109	269	164
usz-KC1	USZ	CTRL_RANDOM_32	0.000278	0.001242	0.000166	109	269	28
usz-KC1	USZ	HALLMARK_INTERFERON_GAMMA_RESPONSE	-0.003292	-0.002024	-0.003463	109	269	192
usz-KC1	USZ	HALLMARK_INTERFERON_ALPHA_RESPONSE	-0.002766	-0.001467	-0.003003	109	269	94
usz-KC1	USZ	HALLMARK_G2M_CHECKPOINT	-0.002377	-0.001711	-0.002452	109	269	181
usz-KC1	USZ	HALLMARK_EPITHELIAL_MESENCHYMAL_TRANSITION	-0.004258	-0.001652	-0.005076	109	269	189
usz-KC1	USZ	GENE_CXCL13	6.7e-05	0.000425	0.00022	109	269	1
usz-KC1	USZ	GENE_CCL19	0.008885	0.006928	0.009115	109	269	1
usz-KC1	USZ	GENE_CCL21	-0.005749	-0.003473	-0.006306	109	269	1
usz-KC1	USZ	GENE_LTB	0.039013	0.030512	0.0427	109	269	1
usz-KC1	USZ	GENE_CD74	0.081143	0.088404	0.087483	109	269	1
usz-KC1	USZ	GENE_HLA_DRA	-0.049	-0.047795	-0.045792	109	269	1
usz-KC1	USZ	GENE_IFNG	-0.003073	-0.00216	-0.002807	109	269	1
usz-KC1	USZ	GENE_CXCL9	-0.005872	-0.006318	-0.005244	109	269	1
usz-KC1	USZ	GENE_GZMB	-2.6e-05	0.000987	0.0	109	269	1
usz-KC1	USZ	GENE_CD8A	-0.011873	-0.012726	-0.01135	109	269	1
usz-KC1	USZ	GENE_MKI67	-0.009472	-0.009853	-0.009062	109	269	1
usz-KC1	USZ	GENE_COL1A1	-0.039036	-0.022838	-0.043004	109	269	1
usz-KC2	USZ	GOBP_NEGATIVE_REGULATION_OF_VASCULAR_ENDOTHELIAL_GROWTH_FACTOR_PRODUCTION	0.019652	0.018618	0.018856	60	83	1
usz-KC2	USZ	GOBP_REGULATION_OF_INTEGRIN_MEDIATED_SIGNALING_PATHWAY	0.004939	0.003627	0.007629	60	83	23
usz-KC2	USZ	GOBP_COMPLEMENT_ACTIVATION_CLASSICAL_PATHWAY	0.005967	0.0056	0.010162	60	83	37
usz-KC2	USZ	GOBP_PEPTIDE_ANTIGEN_ASSEMBLY_WITH_MHC_PROTEIN_COMPLEX	0.002904	0.002766	0.0142	60	83	19
usz-KC2	USZ	GOBP_NEGATIVE_REGULATION_OF_REACTIVE_OXYGEN_SPECIES_BIOSYNTHETIC_PROCESS	0.003059	0.003837	0.005418	60	83	16
usz-KC2	USZ	GOBP_MRNA_5_SPLICE_SITE_RECOGNITION	0.011176	0.009623	0.013973	60	83	6
usz-KC2	USZ	GOBP_RESPONSE_TO_INTERFERON_ALPHA	-0.002822	-0.002688	0.000157	60	83	21
usz-KC2	USZ	GOBP_POSITIVE_REGULATION_OF_VASCULAR_ASSOCIATED_SMOOTH_MUSCLE_CELL_MIGRATION	0.005268	0.004811	0.007518	60	83	16
usz-KC2	USZ	GOBP_NEGATIVE_REGULATION_OF_EXTRACELLULAR_MATRIX_ORGANIZATION	-0.002879	-0.004147	-0.001028	60	83	15
usz-KC2	USZ	GOBP_CELL_FATE_DETERMINATION	0.000387	0.000319	0.000783	60	83	40
usz-KC2	USZ	GOBP_HYPERSENSITIVITY	0.004208	0.003722	0.005383	60	83	19
usz-KC2	USZ	GOBP_NEGATIVE_REGULATION_OF_BLOOD_VESSEL_ENDOTHELIAL_CELL_PROLIFERATION_INVOLVED_IN_SPROUTING_ANGIOGENESIS	0.002815	0.001092	0.00232	60	83	7
usz-KC2	USZ	GOBP_PHYSIOLOGICAL_CARDIAC_MUSCLE_HYPERTROPHY	0.002481	0.002688	0.002853	60	83	24
usz-KC2	USZ	GOBP_INTEGRIN_MEDIATED_SIGNALING_PATHWAY	0.002012	0.001263	0.003938	60	83	116
usz-KC2	USZ	GOBP_RESPONSE_TO_PROSTAGLANDIN_E	0.003209	0.002359	0.004802	60	83	28
usz-KC2	USZ	GOBP_CELL_ADHESION_MOLECULE_PRODUCTION	0.004499	0.004259	0.00515	60	83	10
usz-KC2	USZ	GOBP_POSITIVE_REGULATION_OF_RNA_SPLICING	0.006837	0.006321	0.009731	60	83	38
usz-KC2	USZ	GOBP_DEFINITIVE_HEMOPOIESIS	0.005566	0.004662	0.006213	60	83	19
usz-KC2	USZ	GOBP_PROTEIN_DEACETYLATION	0.001133	0.000487	0.001776	60	83	25
usz-KC2	USZ	GOBP_CELL_JUNCTION_DISASSEMBLY	0.006178	0.006433	0.007328	60	83	31
usz-KC2	USZ	GOBP_REGULATION_OF_SYNAPTIC_VESICLE_ENDOCYTOSIS	0.001657	0.001291	0.003904	60	83	23
usz-KC2	USZ	GOBP_RESPONSE_TO_NITRIC_OXIDE	0.002305	0.002106	0.002681	60	83	22
usz-KC2	USZ	GOBP_REGULATION_OF_CELL_GROWTH_INVOLVED_IN_CARDIAC_MUSCLE_CELL_DEVELOPMENT	0.003548	0.003512	0.003151	60	83	17
usz-KC2	USZ	GOBP_INNERVATION	-0.002322	-0.001025	-0.001832	60	83	27
usz-KC2	USZ	GOBP_RESPONSE_TO_ETHER	-0.004875	-0.003982	-0.004665	60	83	21
usz-KC2	USZ	GOBP_RESCUE_OF_STALLED_RIBOSOME	0.002004	0.002034	0.004371	60	83	30
usz-KC2	USZ	GOBP_NEGATIVE_REGULATION_OF_MUSCLE_HYPERTROPHY	-0.00086	-0.000952	-0.000572	60	83	32
usz-KC2	USZ	GOBP_NEURON_INTRINSIC_APOPTOTIC_SIGNALING_PATHWAY_IN_RESPONSE_TO_OXIDATIVE_STRESS	-0.004045	-0.003789	-0.00167	60	83	21
usz-KC2	USZ	GOBP_POSITIVE_REGULATION_OF_T_CELL_MIGRATION	0.002284	0.002543	0.005936	60	83	36
usz-KC2	USZ	GOBP_POSITIVE_REGULATION_OF_LEUKOCYTE_ADHESION_TO_VASCULAR_ENDOTHELIAL_CELL	0.002933	0.002941	0.005664	60	83	22
usz-KC2	USZ	CTRL_B_AXIS	0.003102	0.002853	0.016899	60	83	45
usz-KC2	USZ	CTRL_MYC_V1	0.002131	0.001611	0.0032	60	83	164
usz-KC2	USZ	CTRL_RANDOM_32	0.000898	0.001128	0.000882	60	83	28
usz-KC2	USZ	HALLMARK_INTERFERON_GAMMA_RESPONSE	0.002083	0.001532	0.004137	60	83	192
usz-KC2	USZ	HALLMARK_INTERFERON_ALPHA_RESPONSE	0.002702	0.002128	0.005251	60	83	94
usz-KC2	USZ	HALLMARK_G2M_CHECKPOINT	-0.001195	-0.001257	-0.000948	60	83	181
usz-KC2	USZ	HALLMARK_EPITHELIAL_MESENCHYMAL_TRANSITION	0.000453	-0.001283	0.002724	60	83	189
usz-KC2	USZ	GENE_CXCL13	-0.016117	-0.002066	-0.000364	60	83	1
usz-KC2	USZ	GENE_CCL19	-0.017049	-0.016941	-0.011466	60	83	1
usz-KC2	USZ	GENE_CCL21	-0.041903	-0.040563	-0.034912	60	83	1
usz-KC2	USZ	GENE_LTB	0.03651	0.038271	0.057529	60	83	1
usz-KC2	USZ	GENE_CD74	0.044112	0.05398	0.131333	60	83	1
usz-KC2	USZ	GENE_HLA_DRA	-0.032313	-0.028321	0.022649	60	83	1
usz-KC2	USZ	GENE_IFNG	-0.002364	0.000543	-0.003627	60	83	1
usz-KC2	USZ	GENE_CXCL9	-0.004484	0.001185	-0.000788	60	83	1
usz-KC2	USZ	GENE_GZMB	-0.004399	-0.00425	-0.001411	60	83	1
usz-KC2	USZ	GENE_CD8A	0.012706	0.012105	0.015625	60	83	1
usz-KC2	USZ	GENE_MKI67	-0.020857	-0.018943	-0.025454	60	83	1
usz-KC2	USZ	GENE_COL1A1	0.021263	0.016841	0.022127	60	83	1
usz-KC3	USZ	GOBP_NEGATIVE_REGULATION_OF_VASCULAR_ENDOTHELIAL_GROWTH_FACTOR_PRODUCTION	0.020663	0.027135	0.023141	287	224	1
usz-KC3	USZ	GOBP_REGULATION_OF_INTEGRIN_MEDIATED_SIGNALING_PATHWAY	-0.007612	-0.0031	-0.010287	287	224	23
usz-KC3	USZ	GOBP_COMPLEMENT_ACTIVATION_CLASSICAL_PATHWAY	0.000299	0.002331	0.000798	287	224	37
usz-KC3	USZ	GOBP_PEPTIDE_ANTIGEN_ASSEMBLY_WITH_MHC_PROTEIN_COMPLEX	-0.0161	-0.007475	-0.010576	287	224	19
usz-KC3	USZ	GOBP_NEGATIVE_REGULATION_OF_REACTIVE_OXYGEN_SPECIES_BIOSYNTHETIC_PROCESS	-0.005179	-0.001227	-0.005631	287	224	16
usz-KC3	USZ	GOBP_MRNA_5_SPLICE_SITE_RECOGNITION	-0.001716	-0.001401	-9.9e-05	287	224	6
usz-KC3	USZ	GOBP_RESPONSE_TO_INTERFERON_ALPHA	-0.009109	9.2e-05	-0.012298	287	224	21
usz-KC3	USZ	GOBP_POSITIVE_REGULATION_OF_VASCULAR_ASSOCIATED_SMOOTH_MUSCLE_CELL_MIGRATION	-0.004037	-0.004053	-0.008282	287	224	16
usz-KC3	USZ	GOBP_NEGATIVE_REGULATION_OF_EXTRACELLULAR_MATRIX_ORGANIZATION	-0.004129	-0.002093	-0.006613	287	224	15
usz-KC3	USZ	GOBP_CELL_FATE_DETERMINATION	0.001339	0.000945	0.000603	287	224	40
usz-KC3	USZ	GOBP_HYPERSENSITIVITY	-0.000547	0.002181	0.00082	287	224	19
usz-KC3	USZ	GOBP_NEGATIVE_REGULATION_OF_BLOOD_VESSEL_ENDOTHELIAL_CELL_PROLIFERATION_INVOLVED_IN_SPROUTING_ANGIOGENESIS	-0.00639	-0.005021	-0.009528	287	224	7
usz-KC3	USZ	GOBP_PHYSIOLOGICAL_CARDIAC_MUSCLE_HYPERTROPHY	0.003612	0.001678	0.003658	287	224	24
usz-KC3	USZ	GOBP_INTEGRIN_MEDIATED_SIGNALING_PATHWAY	-0.002244	0.000228	-0.004451	287	224	116
usz-KC3	USZ	GOBP_RESPONSE_TO_PROSTAGLANDIN_E	-0.009976	-0.006663	-0.009448	287	224	28
usz-KC3	USZ	GOBP_CELL_ADHESION_MOLECULE_PRODUCTION	-0.005399	-0.003159	-0.006794	287	224	10
usz-KC3	USZ	GOBP_POSITIVE_REGULATION_OF_RNA_SPLICING	-0.004661	-0.000257	-0.004272	287	224	38
usz-KC3	USZ	GOBP_DEFINITIVE_HEMOPOIESIS	0.000674	0.000681	0.002046	287	224	19
usz-KC3	USZ	GOBP_PROTEIN_DEACETYLATION	-0.006313	-0.004	-0.006086	287	224	25
usz-KC3	USZ	GOBP_CELL_JUNCTION_DISASSEMBLY	-0.002226	3.2e-05	-0.00134	287	224	31
usz-KC3	USZ	GOBP_REGULATION_OF_SYNAPTIC_VESICLE_ENDOCYTOSIS	-0.009051	-0.002678	-0.012455	287	224	23
usz-KC3	USZ	GOBP_RESPONSE_TO_NITRIC_OXIDE	-0.008781	-0.00448	-0.00826	287	224	22
usz-KC3	USZ	GOBP_REGULATION_OF_CELL_GROWTH_INVOLVED_IN_CARDIAC_MUSCLE_CELL_DEVELOPMENT	0.004482	0.001938	0.004355	287	224	17
usz-KC3	USZ	GOBP_INNERVATION	-0.002701	-0.001765	-0.003107	287	224	27
usz-KC3	USZ	GOBP_RESPONSE_TO_ETHER	-0.006436	-0.004749	-0.006945	287	224	21
usz-KC3	USZ	GOBP_RESCUE_OF_STALLED_RIBOSOME	-0.001245	0.000614	-0.001014	287	224	30
usz-KC3	USZ	GOBP_NEGATIVE_REGULATION_OF_MUSCLE_HYPERTROPHY	0.004683	0.004037	0.002227	287	224	32
usz-KC3	USZ	GOBP_NEURON_INTRINSIC_APOPTOTIC_SIGNALING_PATHWAY_IN_RESPONSE_TO_OXIDATIVE_STRESS	-0.013727	-0.008887	-0.014176	287	224	21
usz-KC3	USZ	GOBP_POSITIVE_REGULATION_OF_T_CELL_MIGRATION	-0.000167	0.000801	0.002632	287	224	36
usz-KC3	USZ	GOBP_POSITIVE_REGULATION_OF_LEUKOCYTE_ADHESION_TO_VASCULAR_ENDOTHELIAL_CELL	0.004295	0.005562	0.006337	287	224	22
usz-KC3	USZ	CTRL_B_AXIS	-0.000566	-0.000932	0.009511	287	224	45
usz-KC3	USZ	CTRL_MYC_V1	-0.011958	-0.00441	-0.013751	287	224	164
usz-KC3	USZ	CTRL_RANDOM_32	-0.005095	-0.002934	-0.005619	287	224	28
usz-KC3	USZ	HALLMARK_INTERFERON_GAMMA_RESPONSE	-0.004621	-0.001229	-0.003744	287	224	192
usz-KC3	USZ	HALLMARK_INTERFERON_ALPHA_RESPONSE	-0.006	-0.001776	-0.005963	287	224	94
usz-KC3	USZ	HALLMARK_G2M_CHECKPOINT	-0.002391	-0.000474	-0.0022	287	224	181
usz-KC3	USZ	HALLMARK_EPITHELIAL_MESENCHYMAL_TRANSITION	-0.004074	-0.000892	-0.007126	287	224	189
usz-KC3	USZ	GENE_CXCL13	-0.011702	-0.01003	0.000361	287	224	1
usz-KC3	USZ	GENE_CCL19	-0.059622	-0.030936	-0.019731	287	224	1
usz-KC3	USZ	GENE_CCL21	-0.000838	-0.002588	0.00272	287	224	1
usz-KC3	USZ	GENE_LTB	0.033596	0.020526	0.094831	287	224	1
usz-KC3	USZ	GENE_CD74	0.004951	0.008918	0.00966	287	224	1
usz-KC3	USZ	GENE_HLA_DRA	-0.03584	-0.012199	-0.010036	287	224	1
usz-KC3	USZ	GENE_IFNG	-0.004058	-0.003061	-0.004467	287	224	1
usz-KC3	USZ	GENE_CXCL9	-0.001561	0.000309	0.00228	287	224	1
usz-KC3	USZ	GENE_GZMB	0.001478	0.001603	0.001903	287	224	1
usz-KC3	USZ	GENE_CD8A	0.006514	0.002907	0.013078	287	224	1
usz-KC3	USZ	GENE_MKI67	0.00145	0.001659	0.00215	287	224	1
usz-KC3	USZ	GENE_COL1A1	0.015942	0.026105	0.025179	287	224	1
usz-LC1	USZ	GOBP_NEGATIVE_REGULATION_OF_VASCULAR_ENDOTHELIAL_GROWTH_FACTOR_PRODUCTION	-0.00623	-0.007591	-0.003708	253	328	1
usz-LC1	USZ	GOBP_REGULATION_OF_INTEGRIN_MEDIATED_SIGNALING_PATHWAY	0.000666	0.000252	0.002732	253	328	23
usz-LC1	USZ	GOBP_COMPLEMENT_ACTIVATION_CLASSICAL_PATHWAY	0.004365	0.004032	0.019594	253	328	37
usz-LC1	USZ	GOBP_PEPTIDE_ANTIGEN_ASSEMBLY_WITH_MHC_PROTEIN_COMPLEX	-0.009141	-0.009548	0.001679	253	328	19
usz-LC1	USZ	GOBP_NEGATIVE_REGULATION_OF_REACTIVE_OXYGEN_SPECIES_BIOSYNTHETIC_PROCESS	-0.004808	-0.004975	-0.001845	253	328	16
usz-LC1	USZ	GOBP_MRNA_5_SPLICE_SITE_RECOGNITION	0.00408	0.003806	0.005501	253	328	6
usz-LC1	USZ	GOBP_RESPONSE_TO_INTERFERON_ALPHA	-0.000896	-0.001249	0.001161	253	328	21
usz-LC1	USZ	GOBP_POSITIVE_REGULATION_OF_VASCULAR_ASSOCIATED_SMOOTH_MUSCLE_CELL_MIGRATION	0.001934	0.001346	0.00718	253	328	16
usz-LC1	USZ	GOBP_NEGATIVE_REGULATION_OF_EXTRACELLULAR_MATRIX_ORGANIZATION	0.004974	0.00486	0.005904	253	328	15
usz-LC1	USZ	GOBP_CELL_FATE_DETERMINATION	-0.003053	-0.003186	-0.001791	253	328	40
usz-LC1	USZ	GOBP_HYPERSENSITIVITY	0.000536	0.000379	0.008036	253	328	19
usz-LC1	USZ	GOBP_NEGATIVE_REGULATION_OF_BLOOD_VESSEL_ENDOTHELIAL_CELL_PROLIFERATION_INVOLVED_IN_SPROUTING_ANGIOGENESIS	0.001429	0.001779	0.001254	253	328	7
usz-LC1	USZ	GOBP_PHYSIOLOGICAL_CARDIAC_MUSCLE_HYPERTROPHY	-0.000457	-0.001114	1.9e-05	253	328	24
usz-LC1	USZ	GOBP_INTEGRIN_MEDIATED_SIGNALING_PATHWAY	-0.000698	-0.001279	0.000949	253	328	116
usz-LC1	USZ	GOBP_RESPONSE_TO_PROSTAGLANDIN_E	0.001857	0.001353	0.003446	253	328	28
usz-LC1	USZ	GOBP_CELL_ADHESION_MOLECULE_PRODUCTION	0.003	0.002173	0.00517	253	328	10
usz-LC1	USZ	GOBP_POSITIVE_REGULATION_OF_RNA_SPLICING	0.002765	0.002416	0.007956	253	328	38
usz-LC1	USZ	GOBP_DEFINITIVE_HEMOPOIESIS	0.001242	0.001013	0.00253	253	328	19
usz-LC1	USZ	GOBP_PROTEIN_DEACETYLATION	0.00077	0.000478	0.002564	253	328	25
usz-LC1	USZ	GOBP_CELL_JUNCTION_DISASSEMBLY	-0.000303	-0.000436	0.000516	253	328	31
usz-LC1	USZ	GOBP_REGULATION_OF_SYNAPTIC_VESICLE_ENDOCYTOSIS	-0.004496	-0.004818	-0.000992	253	328	23
usz-LC1	USZ	GOBP_RESPONSE_TO_NITRIC_OXIDE	0.00028	0.000103	0.002206	253	328	22
usz-LC1	USZ	GOBP_REGULATION_OF_CELL_GROWTH_INVOLVED_IN_CARDIAC_MUSCLE_CELL_DEVELOPMENT	0.00085	0.000222	0.001608	253	328	17
usz-LC1	USZ	GOBP_INNERVATION	-0.000942	-0.001141	-0.000301	253	328	27
usz-LC1	USZ	GOBP_RESPONSE_TO_ETHER	0.000675	5e-05	0.00266	253	328	21
usz-LC1	USZ	GOBP_RESCUE_OF_STALLED_RIBOSOME	0.001134	0.000504	0.004508	253	328	30
usz-LC1	USZ	GOBP_NEGATIVE_REGULATION_OF_MUSCLE_HYPERTROPHY	-0.000654	-0.00099	0.000703	253	328	32
usz-LC1	USZ	GOBP_NEURON_INTRINSIC_APOPTOTIC_SIGNALING_PATHWAY_IN_RESPONSE_TO_OXIDATIVE_STRESS	-0.001529	-0.001825	0.001911	253	328	21
usz-LC1	USZ	GOBP_POSITIVE_REGULATION_OF_T_CELL_MIGRATION	5.3e-05	-0.000164	0.004017	253	328	36
usz-LC1	USZ	GOBP_POSITIVE_REGULATION_OF_LEUKOCYTE_ADHESION_TO_VASCULAR_ENDOTHELIAL_CELL	-0.001447	-0.001678	0.00122	253	328	22
usz-LC1	USZ	CTRL_B_AXIS	0.001659	0.001673	0.019467	253	328	45
usz-LC1	USZ	CTRL_MYC_V1	-0.001555	-0.002214	0.001924	253	328	164
usz-LC1	USZ	CTRL_RANDOM_32	0.002254	0.001705	0.003067	253	328	28
usz-LC1	USZ	HALLMARK_INTERFERON_GAMMA_RESPONSE	0.0002	-0.000252	0.003483	253	328	192
usz-LC1	USZ	HALLMARK_INTERFERON_ALPHA_RESPONSE	0.001268	0.000811	0.004181	253	328	94
usz-LC1	USZ	HALLMARK_G2M_CHECKPOINT	-0.000167	-0.000513	0.001539	253	328	181
usz-LC1	USZ	HALLMARK_EPITHELIAL_MESENCHYMAL_TRANSITION	-0.000168	-0.000907	0.002272	253	328	189
usz-LC1	USZ	GENE_CXCL13	-0.005505	-0.003685	0.004109	253	328	1
usz-LC1	USZ	GENE_CCL19	0.002096	0.002099	0.009448	253	328	1
usz-LC1	USZ	GENE_CCL21	-0.004547	-0.005294	-0.003903	253	328	1
usz-LC1	USZ	GENE_LTB	-0.017444	-0.018464	0.039371	253	328	1
usz-LC1	USZ	GENE_CD74	-0.039597	-0.038855	0.032189	253	328	1
usz-LC1	USZ	GENE_HLA_DRA	-0.015229	-0.016755	0.009841	253	328	1
usz-LC1	USZ	GENE_IFNG	-0.013177	-0.012187	-0.013195	253	328	1
usz-LC1	USZ	GENE_CXCL9	-0.006241	-0.006543	-0.006585	253	328	1
usz-LC1	USZ	GENE_GZMB	0.007887	0.008388	0.009379	253	328	1
usz-LC1	USZ	GENE_CD8A	-0.024299	-0.02373	-0.009377	253	328	1
usz-LC1	USZ	GENE_MKI67	-0.005904	-0.005208	-0.006257	253	328	1
usz-LC1	USZ	GENE_COL1A1	0.003265	0.002385	0.00562	253	328	1
usz-LC2	USZ	GOBP_NEGATIVE_REGULATION_OF_VASCULAR_ENDOTHELIAL_GROWTH_FACTOR_PRODUCTION	0.014035	0.013054	0.015853	163	180	1
usz-LC2	USZ	GOBP_REGULATION_OF_INTEGRIN_MEDIATED_SIGNALING_PATHWAY	-0.010133	-0.007288	-0.009131	163	180	23
usz-LC2	USZ	GOBP_COMPLEMENT_ACTIVATION_CLASSICAL_PATHWAY	0.005729	0.007214	0.016938	163	180	37
usz-LC2	USZ	GOBP_PEPTIDE_ANTIGEN_ASSEMBLY_WITH_MHC_PROTEIN_COMPLEX	0.004245	0.009823	0.016809	163	180	19
usz-LC2	USZ	GOBP_NEGATIVE_REGULATION_OF_REACTIVE_OXYGEN_SPECIES_BIOSYNTHETIC_PROCESS	-0.000739	0.002068	-0.000677	163	180	16
usz-LC2	USZ	GOBP_MRNA_5_SPLICE_SITE_RECOGNITION	0.007663	0.012109	0.005018	163	180	6
usz-LC2	USZ	GOBP_RESPONSE_TO_INTERFERON_ALPHA	-0.005086	-0.001865	-0.003537	163	180	21
usz-LC2	USZ	GOBP_POSITIVE_REGULATION_OF_VASCULAR_ASSOCIATED_SMOOTH_MUSCLE_CELL_MIGRATION	0.002717	0.003984	0.004431	163	180	16
usz-LC2	USZ	GOBP_NEGATIVE_REGULATION_OF_EXTRACELLULAR_MATRIX_ORGANIZATION	-0.010926	-0.009537	-0.008752	163	180	15
usz-LC2	USZ	GOBP_CELL_FATE_DETERMINATION	-0.003643	-0.002442	-0.002918	163	180	40
usz-LC2	USZ	GOBP_HYPERSENSITIVITY	0.000239	0.002151	0.004444	163	180	19
usz-LC2	USZ	GOBP_NEGATIVE_REGULATION_OF_BLOOD_VESSEL_ENDOTHELIAL_CELL_PROLIFERATION_INVOLVED_IN_SPROUTING_ANGIOGENESIS	-0.000335	-0.000182	0.001828	163	180	7
usz-LC2	USZ	GOBP_PHYSIOLOGICAL_CARDIAC_MUSCLE_HYPERTROPHY	-0.002557	-0.002467	-0.003516	163	180	24
usz-LC2	USZ	GOBP_INTEGRIN_MEDIATED_SIGNALING_PATHWAY	-0.005493	-0.003177	-0.004747	163	180	116
usz-LC2	USZ	GOBP_RESPONSE_TO_PROSTAGLANDIN_E	-0.005811	-0.004156	-0.006118	163	180	28
usz-LC2	USZ	GOBP_CELL_ADHESION_MOLECULE_PRODUCTION	-0.001954	-0.001862	0.00081	163	180	10
usz-LC2	USZ	GOBP_POSITIVE_REGULATION_OF_RNA_SPLICING	0.000131	0.004543	0.001143	163	180	38
usz-LC2	USZ	GOBP_DEFINITIVE_HEMOPOIESIS	-0.002695	-0.002855	-0.001331	163	180	19
usz-LC2	USZ	GOBP_PROTEIN_DEACETYLATION	-0.000603	0.000148	-0.000958	163	180	25
usz-LC2	USZ	GOBP_CELL_JUNCTION_DISASSEMBLY	0.003881	0.00523	0.007572	163	180	31
usz-LC2	USZ	GOBP_REGULATION_OF_SYNAPTIC_VESICLE_ENDOCYTOSIS	-0.000269	0.00385	-0.002176	163	180	23
usz-LC2	USZ	GOBP_RESPONSE_TO_NITRIC_OXIDE	-0.002246	-0.000165	-0.002511	163	180	22
usz-LC2	USZ	GOBP_REGULATION_OF_CELL_GROWTH_INVOLVED_IN_CARDIAC_MUSCLE_CELL_DEVELOPMENT	0.001278	0.00043	0.000564	163	180	17
usz-LC2	USZ	GOBP_INNERVATION	0.000259	0.000145	0.000403	163	180	27
usz-LC2	USZ	GOBP_RESPONSE_TO_ETHER	-0.001634	-0.000133	-0.001037	163	180	21
usz-LC2	USZ	GOBP_RESCUE_OF_STALLED_RIBOSOME	0.004748	0.005105	0.006141	163	180	30
usz-LC2	USZ	GOBP_NEGATIVE_REGULATION_OF_MUSCLE_HYPERTROPHY	-0.004088	-0.00322	-0.004948	163	180	32
usz-LC2	USZ	GOBP_NEURON_INTRINSIC_APOPTOTIC_SIGNALING_PATHWAY_IN_RESPONSE_TO_OXIDATIVE_STRESS	-0.002511	0.002397	-0.000788	163	180	21
usz-LC2	USZ	GOBP_POSITIVE_REGULATION_OF_T_CELL_MIGRATION	-0.000807	0.000437	0.001491	163	180	36
usz-LC2	USZ	GOBP_POSITIVE_REGULATION_OF_LEUKOCYTE_ADHESION_TO_VASCULAR_ENDOTHELIAL_CELL	-0.004302	-0.003465	-0.003571	163	180	22
usz-LC2	USZ	CTRL_B_AXIS	0.001191	0.001664	0.018004	163	180	45
usz-LC2	USZ	CTRL_MYC_V1	-0.005658	0.000514	-0.009964	163	180	164
usz-LC2	USZ	CTRL_RANDOM_32	0.001393	0.001641	0.001534	163	180	28
usz-LC2	USZ	HALLMARK_INTERFERON_GAMMA_RESPONSE	0.00107	0.002344	0.003934	163	180	192
usz-LC2	USZ	HALLMARK_INTERFERON_ALPHA_RESPONSE	0.001744	0.002901	0.005347	163	180	94
usz-LC2	USZ	HALLMARK_G2M_CHECKPOINT	-0.000916	0.000771	-0.002369	163	180	181
usz-LC2	USZ	HALLMARK_EPITHELIAL_MESENCHYMAL_TRANSITION	-0.011027	-0.006943	-0.009185	163	180	189
usz-LC2	USZ	GENE_CXCL13	-0.003892	-0.003478	0.004178	163	180	1
usz-LC2	USZ	GENE_CCL19	0.006497	0.006805	0.010052	163	180	1
usz-LC2	USZ	GENE_CCL21	0.00946	0.009811	0.013204	163	180	1
usz-LC2	USZ	GENE_LTB	0.003929	0.00657	0.020216	163	180	1
usz-LC2	USZ	GENE_CD74	-0.054249	-0.033272	0.000787	163	180	1
usz-LC2	USZ	GENE_HLA_DRA	-0.004364	0.022667	0.072645	163	180	1
usz-LC2	USZ	GENE_IFNG	0.0	0.0	0.0	163	180	1
usz-LC2	USZ	GENE_CXCL9	0.019078	0.020921	0.02242	163	180	1
usz-LC2	USZ	GENE_GZMB	0.003852	0.0035	0.004357	163	180	1
usz-LC2	USZ	GENE_CD8A	0.000435	0.000325	0.0	163	180	1
usz-LC2	USZ	GENE_MKI67	-0.000162	-0.001581	0.00089	163	180	1
usz-LC2	USZ	GENE_COL1A1	-0.029789	0.021338	-0.036045	163	180	1
usz-LC3	USZ	GOBP_NEGATIVE_REGULATION_OF_VASCULAR_ENDOTHELIAL_GROWTH_FACTOR_PRODUCTION	0.016028	0.010551	0.017782	296	126	1
usz-LC3	USZ	GOBP_REGULATION_OF_INTEGRIN_MEDIATED_SIGNALING_PATHWAY	0.013097	0.007613	0.006145	296	126	23
usz-LC3	USZ	GOBP_COMPLEMENT_ACTIVATION_CLASSICAL_PATHWAY	0.007623	0.00335	0.013505	296	126	37
usz-LC3	USZ	GOBP_PEPTIDE_ANTIGEN_ASSEMBLY_WITH_MHC_PROTEIN_COMPLEX	0.013771	0.003409	0.018839	296	126	19
usz-LC3	USZ	GOBP_NEGATIVE_REGULATION_OF_REACTIVE_OXYGEN_SPECIES_BIOSYNTHETIC_PROCESS	0.00357	0.001222	0.00307	296	126	16
usz-LC3	USZ	GOBP_MRNA_5_SPLICE_SITE_RECOGNITION	-0.007048	-0.007065	-0.000615	296	126	6
usz-LC3	USZ	GOBP_RESPONSE_TO_INTERFERON_ALPHA	0.014758	0.010742	0.015479	296	126	21
usz-LC3	USZ	GOBP_POSITIVE_REGULATION_OF_VASCULAR_ASSOCIATED_SMOOTH_MUSCLE_CELL_MIGRATION	-0.00303	-0.005438	-0.002044	296	126	16
usz-LC3	USZ	GOBP_NEGATIVE_REGULATION_OF_EXTRACELLULAR_MATRIX_ORGANIZATION	3.1e-05	-0.005942	-0.004861	296	126	15
usz-LC3	USZ	GOBP_CELL_FATE_DETERMINATION	0.002934	0.001517	0.000317	296	126	40
usz-LC3	USZ	GOBP_HYPERSENSITIVITY	0.008169	0.004994	0.009547	296	126	19
usz-LC3	USZ	GOBP_NEGATIVE_REGULATION_OF_BLOOD_VESSEL_ENDOTHELIAL_CELL_PROLIFERATION_INVOLVED_IN_SPROUTING_ANGIOGENESIS	0.0047	0.001835	0.006379	296	126	7
usz-LC3	USZ	GOBP_PHYSIOLOGICAL_CARDIAC_MUSCLE_HYPERTROPHY	0.001256	-0.000811	0.003215	296	126	24
usz-LC3	USZ	GOBP_INTEGRIN_MEDIATED_SIGNALING_PATHWAY	0.006061	0.00247	0.000137	296	126	116
usz-LC3	USZ	GOBP_RESPONSE_TO_PROSTAGLANDIN_E	0.003537	0.001375	0.00664	296	126	28
usz-LC3	USZ	GOBP_CELL_ADHESION_MOLECULE_PRODUCTION	-0.007839	-0.008397	-0.011144	296	126	10
usz-LC3	USZ	GOBP_POSITIVE_REGULATION_OF_RNA_SPLICING	0.004241	0.001538	0.009069	296	126	38
usz-LC3	USZ	GOBP_DEFINITIVE_HEMOPOIESIS	-0.001507	-0.001518	0.001842	296	126	19
usz-LC3	USZ	GOBP_PROTEIN_DEACETYLATION	0.007639	0.005931	0.007694	296	126	25
usz-LC3	USZ	GOBP_CELL_JUNCTION_DISASSEMBLY	0.006849	0.004154	0.00354	296	126	31
usz-LC3	USZ	GOBP_REGULATION_OF_SYNAPTIC_VESICLE_ENDOCYTOSIS	0.006417	0.003248	0.005816	296	126	23
usz-LC3	USZ	GOBP_RESPONSE_TO_NITRIC_OXIDE	0.001029	0.000138	0.005484	296	126	22
usz-LC3	USZ	GOBP_REGULATION_OF_CELL_GROWTH_INVOLVED_IN_CARDIAC_MUSCLE_CELL_DEVELOPMENT	0.002977	0.000272	0.006719	296	126	17
usz-LC3	USZ	GOBP_INNERVATION	0.00058	-0.000647	-0.00079	296	126	27
usz-LC3	USZ	GOBP_RESPONSE_TO_ETHER	-0.000157	-0.001194	-0.002547	296	126	21
usz-LC3	USZ	GOBP_RESCUE_OF_STALLED_RIBOSOME	0.000967	-0.000144	0.002884	296	126	30
usz-LC3	USZ	GOBP_NEGATIVE_REGULATION_OF_MUSCLE_HYPERTROPHY	-0.001155	-0.003098	-0.000749	296	126	32
usz-LC3	USZ	GOBP_NEURON_INTRINSIC_APOPTOTIC_SIGNALING_PATHWAY_IN_RESPONSE_TO_OXIDATIVE_STRESS	0.007827	0.003019	0.003747	296	126	21
usz-LC3	USZ	GOBP_POSITIVE_REGULATION_OF_T_CELL_MIGRATION	-8.2e-05	-0.002157	0.001572	296	126	36
usz-LC3	USZ	GOBP_POSITIVE_REGULATION_OF_LEUKOCYTE_ADHESION_TO_VASCULAR_ENDOTHELIAL_CELL	0.00273	0.000886	0.005753	296	126	22
usz-LC3	USZ	CTRL_B_AXIS	0.001874	0.001445	0.023607	296	126	45
usz-LC3	USZ	CTRL_MYC_V1	0.011693	0.008689	0.012471	296	126	164
usz-LC3	USZ	CTRL_RANDOM_32	0.002462	0.001639	0.000505	296	126	28
usz-LC3	USZ	HALLMARK_INTERFERON_GAMMA_RESPONSE	0.004048	0.001648	0.004688	296	126	192
usz-LC3	USZ	HALLMARK_INTERFERON_ALPHA_RESPONSE	0.00656	0.004119	0.007153	296	126	94
usz-LC3	USZ	HALLMARK_G2M_CHECKPOINT	0.003247	0.0027	0.004411	296	126	181
usz-LC3	USZ	HALLMARK_EPITHELIAL_MESENCHYMAL_TRANSITION	0.011144	0.002714	-0.00307	296	126	189
usz-LC3	USZ	GENE_CXCL13	0.003849	0.005281	0.016784	296	126	1
usz-LC3	USZ	GENE_CCL19	-0.004815	-0.008641	0.044933	296	126	1
usz-LC3	USZ	GENE_CCL21	-0.019798	-0.020143	0.009903	296	126	1
usz-LC3	USZ	GENE_LTB	-0.001803	0.008149	0.143306	296	126	1
usz-LC3	USZ	GENE_CD74	0.061673	0.022427	0.138303	296	126	1
usz-LC3	USZ	GENE_HLA_DRA	0.008532	-0.027133	0.069481	296	126	1
usz-LC3	USZ	GENE_IFNG	0.003396	0.002529	0.003269	296	126	1
usz-LC3	USZ	GENE_CXCL9	0.012171	0.013642	0.007739	296	126	1
usz-LC3	USZ	GENE_GZMB	0.01156	0.011087	0.019205	296	126	1
usz-LC3	USZ	GENE_CD8A	0.023687	0.023246	0.029557	296	126	1
usz-LC3	USZ	GENE_MKI67	-0.005943	-0.006059	-0.005566	296	126	1
usz-LC3	USZ	GENE_COL1A1	0.0392	0.013259	0.008886	296	126	1
usz-LC4	USZ	GOBP_NEGATIVE_REGULATION_OF_VASCULAR_ENDOTHELIAL_GROWTH_FACTOR_PRODUCTION	0.021224	0.02004	0.030894	177	231	1
usz-LC4	USZ	GOBP_REGULATION_OF_INTEGRIN_MEDIATED_SIGNALING_PATHWAY	-0.003306	-0.001711	0.009033	177	231	23
usz-LC4	USZ	GOBP_COMPLEMENT_ACTIVATION_CLASSICAL_PATHWAY	0.003965	0.006032	0.034511	177	231	37
usz-LC4	USZ	GOBP_PEPTIDE_ANTIGEN_ASSEMBLY_WITH_MHC_PROTEIN_COMPLEX	0.005721	0.003556	0.046711	177	231	19
usz-LC4	USZ	GOBP_NEGATIVE_REGULATION_OF_REACTIVE_OXYGEN_SPECIES_BIOSYNTHETIC_PROCESS	-0.003959	-0.00499	0.007727	177	231	16
usz-LC4	USZ	GOBP_MRNA_5_SPLICE_SITE_RECOGNITION	-0.001246	-0.001487	0.00514	177	231	6
usz-LC4	USZ	GOBP_RESPONSE_TO_INTERFERON_ALPHA	-0.001029	-0.002323	0.010955	177	231	21
usz-LC4	USZ	GOBP_POSITIVE_REGULATION_OF_VASCULAR_ASSOCIATED_SMOOTH_MUSCLE_CELL_MIGRATION	0.00188	0.003086	0.011736	177	231	16
usz-LC4	USZ	GOBP_NEGATIVE_REGULATION_OF_EXTRACELLULAR_MATRIX_ORGANIZATION	-0.003534	-0.0023	0.005842	177	231	15
usz-LC4	USZ	GOBP_CELL_FATE_DETERMINATION	-0.002859	-0.002386	0.001798	177	231	40
usz-LC4	USZ	GOBP_HYPERSENSITIVITY	-0.000865	0.000855	0.017567	177	231	19
usz-LC4	USZ	GOBP_NEGATIVE_REGULATION_OF_BLOOD_VESSEL_ENDOTHELIAL_CELL_PROLIFERATION_INVOLVED_IN_SPROUTING_ANGIOGENESIS	-0.008558	-0.008438	-0.002766	177	231	7
usz-LC4	USZ	GOBP_PHYSIOLOGICAL_CARDIAC_MUSCLE_HYPERTROPHY	-0.003078	-0.002585	-0.000412	177	231	24
usz-LC4	USZ	GOBP_INTEGRIN_MEDIATED_SIGNALING_PATHWAY	-0.003225	-0.00245	0.007215	177	231	116
usz-LC4	USZ	GOBP_RESPONSE_TO_PROSTAGLANDIN_E	-0.000605	-0.0014	0.006105	177	231	28
usz-LC4	USZ	GOBP_CELL_ADHESION_MOLECULE_PRODUCTION	0.004676	0.004592	0.010464	177	231	10
usz-LC4	USZ	GOBP_POSITIVE_REGULATION_OF_RNA_SPLICING	0.004775	0.003939	0.018676	177	231	38
usz-LC4	USZ	GOBP_DEFINITIVE_HEMOPOIESIS	0.000829	0.000302	0.005388	177	231	19
usz-LC4	USZ	GOBP_PROTEIN_DEACETYLATION	0.001228	0.00117	0.009701	177	231	25
usz-LC4	USZ	GOBP_CELL_JUNCTION_DISASSEMBLY	0.002053	0.002178	0.013477	177	231	31
usz-LC4	USZ	GOBP_REGULATION_OF_SYNAPTIC_VESICLE_ENDOCYTOSIS	0.005345	0.00348	0.020495	177	231	23
usz-LC4	USZ	GOBP_RESPONSE_TO_NITRIC_OXIDE	-0.001616	-0.002389	0.006876	177	231	22
usz-LC4	USZ	GOBP_REGULATION_OF_CELL_GROWTH_INVOLVED_IN_CARDIAC_MUSCLE_CELL_DEVELOPMENT	-0.002471	-0.001774	0.000481	177	231	17
usz-LC4	USZ	GOBP_INNERVATION	0.000462	0.000469	0.001335	177	231	27
usz-LC4	USZ	GOBP_RESPONSE_TO_ETHER	0.005706	0.00541	0.010335	177	231	21
usz-LC4	USZ	GOBP_RESCUE_OF_STALLED_RIBOSOME	-0.003449	-0.002823	0.004098	177	231	30
usz-LC4	USZ	GOBP_NEGATIVE_REGULATION_OF_MUSCLE_HYPERTROPHY	0.001361	0.001217	0.006421	177	231	32
usz-LC4	USZ	GOBP_NEURON_INTRINSIC_APOPTOTIC_SIGNALING_PATHWAY_IN_RESPONSE_TO_OXIDATIVE_STRESS	-0.001594	-0.001352	0.011956	177	231	21
usz-LC4	USZ	GOBP_POSITIVE_REGULATION_OF_T_CELL_MIGRATION	-0.004078	-0.004654	0.006412	177	231	36
usz-LC4	USZ	GOBP_POSITIVE_REGULATION_OF_LEUKOCYTE_ADHESION_TO_VASCULAR_ENDOTHELIAL_CELL	-0.00407	-0.003864	0.00563	177	231	22
usz-LC4	USZ	CTRL_B_AXIS	0.001947	0.001207	0.031142	177	231	45
usz-LC4	USZ	CTRL_MYC_V1	0.001391	-0.000632	0.011602	177	231	164
usz-LC4	USZ	CTRL_RANDOM_32	-0.001525	-0.002669	0.001473	177	231	28
usz-LC4	USZ	HALLMARK_INTERFERON_GAMMA_RESPONSE	-0.001023	-0.001865	0.011283	177	231	192
usz-LC4	USZ	HALLMARK_INTERFERON_ALPHA_RESPONSE	-0.00103	-0.002156	0.015048	177	231	94
usz-LC4	USZ	HALLMARK_G2M_CHECKPOINT	0.001003	0.000247	0.005802	177	231	181
usz-LC4	USZ	HALLMARK_EPITHELIAL_MESENCHYMAL_TRANSITION	-0.005795	-0.00209	0.006563	177	231	189
usz-LC4	USZ	GENE_CXCL13	0.000581	-0.00258	0.010232	177	231	1
usz-LC4	USZ	GENE_CCL19	-0.009267	-0.010444	0.012065	177	231	1
usz-LC4	USZ	GENE_CCL21	-0.007497	-0.007481	-0.004558	177	231	1
usz-LC4	USZ	GENE_LTB	0.02047	0.021399	0.054801	177	231	1
usz-LC4	USZ	GENE_CD74	0.045425	0.025314	0.252696	177	231	1
usz-LC4	USZ	GENE_HLA_DRA	0.050723	0.025734	0.219066	177	231	1
usz-LC4	USZ	GENE_IFNG	0.009765	0.008944	0.009026	177	231	1
usz-LC4	USZ	GENE_CXCL9	0.002462	0.001229	0.008223	177	231	1
usz-LC4	USZ	GENE_GZMB	0.022691	0.020205	0.026195	177	231	1
usz-LC4	USZ	GENE_CD8A	-0.010375	-0.006917	-0.003402	177	231	1
usz-LC4	USZ	GENE_MKI67	0.00328	0.003043	0.004615	177	231	1
usz-LC4	USZ	GENE_COL1A1	-0.018543	0.020787	0.017144	177	231	1
usz-LC5	USZ	GOBP_NEGATIVE_REGULATION_OF_VASCULAR_ENDOTHELIAL_GROWTH_FACTOR_PRODUCTION	-0.001702	-0.002101	-0.000797	111	110	1
usz-LC5	USZ	GOBP_REGULATION_OF_INTEGRIN_MEDIATED_SIGNALING_PATHWAY	-0.003098	-0.002799	-0.00893	111	110	23
usz-LC5	USZ	GOBP_COMPLEMENT_ACTIVATION_CLASSICAL_PATHWAY	0.00557	0.003816	0.002202	111	110	37
usz-LC5	USZ	GOBP_PEPTIDE_ANTIGEN_ASSEMBLY_WITH_MHC_PROTEIN_COMPLEX	0.009458	0.006711	0.009415	111	110	19
usz-LC5	USZ	GOBP_NEGATIVE_REGULATION_OF_REACTIVE_OXYGEN_SPECIES_BIOSYNTHETIC_PROCESS	0.004057	0.005119	-0.006671	111	110	16
usz-LC5	USZ	GOBP_MRNA_5_SPLICE_SITE_RECOGNITION	0.006127	0.008898	-0.00554	111	110	6
usz-LC5	USZ	GOBP_RESPONSE_TO_INTERFERON_ALPHA	-0.000821	0.000961	-0.006822	111	110	21
usz-LC5	USZ	GOBP_POSITIVE_REGULATION_OF_VASCULAR_ASSOCIATED_SMOOTH_MUSCLE_CELL_MIGRATION	0.002268	0.002521	-0.00286	111	110	16
usz-LC5	USZ	GOBP_NEGATIVE_REGULATION_OF_EXTRACELLULAR_MATRIX_ORGANIZATION	0.005468	0.004209	0.012163	111	110	15
usz-LC5	USZ	GOBP_CELL_FATE_DETERMINATION	0.002074	0.002275	0.001392	111	110	40
usz-LC5	USZ	GOBP_HYPERSENSITIVITY	-0.002908	-0.003947	-0.007546	111	110	19
usz-LC5	USZ	GOBP_NEGATIVE_REGULATION_OF_BLOOD_VESSEL_ENDOTHELIAL_CELL_PROLIFERATION_INVOLVED_IN_SPROUTING_ANGIOGENESIS	0.003737	0.002308	0.000346	111	110	7
usz-LC5	USZ	GOBP_PHYSIOLOGICAL_CARDIAC_MUSCLE_HYPERTROPHY	0.002573	0.002859	0.003981	111	110	24
usz-LC5	USZ	GOBP_INTEGRIN_MEDIATED_SIGNALING_PATHWAY	-0.00085	-0.000438	-0.006028	111	110	116
usz-LC5	USZ	GOBP_RESPONSE_TO_PROSTAGLANDIN_E	-0.002671	-0.001937	-0.00614	111	110	28
usz-LC5	USZ	GOBP_CELL_ADHESION_MOLECULE_PRODUCTION	-0.009777	-0.009619	-0.011514	111	110	10
usz-LC5	USZ	GOBP_POSITIVE_REGULATION_OF_RNA_SPLICING	-0.001835	-0.000716	-0.00726	111	110	38
usz-LC5	USZ	GOBP_DEFINITIVE_HEMOPOIESIS	0.001682	0.002407	0.001098	111	110	19
usz-LC5	USZ	GOBP_PROTEIN_DEACETYLATION	-0.002245	-0.001909	-0.003833	111	110	25
usz-LC5	USZ	GOBP_CELL_JUNCTION_DISASSEMBLY	0.010405	0.008543	0.009834	111	110	31
usz-LC5	USZ	GOBP_REGULATION_OF_SYNAPTIC_VESICLE_ENDOCYTOSIS	-0.002721	-0.001666	-0.009522	111	110	23
usz-LC5	USZ	GOBP_RESPONSE_TO_NITRIC_OXIDE	-0.002832	-0.001858	-0.003338	111	110	22
usz-LC5	USZ	GOBP_REGULATION_OF_CELL_GROWTH_INVOLVED_IN_CARDIAC_MUSCLE_CELL_DEVELOPMENT	0.002949	0.003074	0.004401	111	110	17
usz-LC5	USZ	GOBP_INNERVATION	-0.000564	-0.00047	-0.002675	111	110	27
usz-LC5	USZ	GOBP_RESPONSE_TO_ETHER	-0.005781	-0.004862	-0.010667	111	110	21
usz-LC5	USZ	GOBP_RESCUE_OF_STALLED_RIBOSOME	0.001658	0.002246	0.003226	111	110	30
usz-LC5	USZ	GOBP_NEGATIVE_REGULATION_OF_MUSCLE_HYPERTROPHY	-0.001852	-0.001386	-0.00623	111	110	32
usz-LC5	USZ	GOBP_NEURON_INTRINSIC_APOPTOTIC_SIGNALING_PATHWAY_IN_RESPONSE_TO_OXIDATIVE_STRESS	0.005788	0.00618	-0.00484	111	110	21
usz-LC5	USZ	GOBP_POSITIVE_REGULATION_OF_T_CELL_MIGRATION	-0.001085	-0.000362	-0.004299	111	110	36
usz-LC5	USZ	GOBP_POSITIVE_REGULATION_OF_LEUKOCYTE_ADHESION_TO_VASCULAR_ENDOTHELIAL_CELL	0.003295	0.00342	-0.000664	111	110	22
usz-LC5	USZ	CTRL_B_AXIS	0.004789	0.003538	0.00132	111	110	45
usz-LC5	USZ	CTRL_MYC_V1	-0.00631	-0.003853	-0.020226	111	110	164
usz-LC5	USZ	CTRL_RANDOM_32	-0.005552	-0.004568	-0.007198	111	110	28
usz-LC5	USZ	HALLMARK_INTERFERON_GAMMA_RESPONSE	-0.004138	-0.003611	-0.007189	111	110	192
usz-LC5	USZ	HALLMARK_INTERFERON_ALPHA_RESPONSE	-0.004249	-0.003377	-0.007597	111	110	94
usz-LC5	USZ	HALLMARK_G2M_CHECKPOINT	-0.001606	-0.000821	-0.005699	111	110	181
usz-LC5	USZ	HALLMARK_EPITHELIAL_MESENCHYMAL_TRANSITION	0.002204	0.001396	-0.007056	111	110	189
usz-LC5	USZ	GENE_CXCL13	-0.002864	-0.003566	-0.003137	111	110	1
usz-LC5	USZ	GENE_CCL19	-0.00777	-0.00784	-0.004563	111	110	1
usz-LC5	USZ	GENE_CCL21	-0.004498	-0.003861	-0.002644	111	110	1
usz-LC5	USZ	GENE_LTB	-0.029913	-0.027208	-0.022467	111	110	1
usz-LC5	USZ	GENE_CD74	0.045271	0.031911	0.016984	111	110	1
usz-LC5	USZ	GENE_HLA_DRA	-0.009346	-0.028772	-0.033423	111	110	1
usz-LC5	USZ	GENE_IFNG	-0.0	4e-06	0.0	111	110	1
usz-LC5	USZ	GENE_CXCL9	-0.012066	-0.017516	-0.019391	111	110	1
usz-LC5	USZ	GENE_GZMB	-0.019091	-0.014332	-0.018963	111	110	1
usz-LC5	USZ	GENE_CD8A	0.026305	0.029213	0.033128	111	110	1
usz-LC5	USZ	GENE_MKI67	-0.01662	-0.012178	-0.017789	111	110	1
usz-LC5	USZ	GENE_COL1A1	-0.003164	0.006923	-0.095957	111	110	1
gse175540-GSM5924030_ffpe_c_2	GSE175540	GOBP_REGULATION_OF_INTEGRIN_MEDIATED_SIGNALING_PATHWAY	-0.004663	-0.001512	-0.008445	117	173	23
gse175540-GSM5924030_ffpe_c_2	GSE175540	GOBP_COMPLEMENT_ACTIVATION_CLASSICAL_PATHWAY	0.01183	0.014684	0.011274	117	173	37
gse175540-GSM5924030_ffpe_c_2	GSE175540	GOBP_PEPTIDE_ANTIGEN_ASSEMBLY_WITH_MHC_PROTEIN_COMPLEX	-0.008636	0.005339	-0.020863	117	173	19
gse175540-GSM5924030_ffpe_c_2	GSE175540	GOBP_NEGATIVE_REGULATION_OF_REACTIVE_OXYGEN_SPECIES_BIOSYNTHETIC_PROCESS	0.002799	0.006149	-0.002475	117	173	16
gse175540-GSM5924030_ffpe_c_2	GSE175540	GOBP_MRNA_5_SPLICE_SITE_RECOGNITION	0.011753	0.011414	0.011846	117	173	6
gse175540-GSM5924030_ffpe_c_2	GSE175540	GOBP_RESPONSE_TO_INTERFERON_ALPHA	-0.00779	-0.005089	-0.013248	117	173	21
gse175540-GSM5924030_ffpe_c_2	GSE175540	GOBP_POSITIVE_REGULATION_OF_VASCULAR_ASSOCIATED_SMOOTH_MUSCLE_CELL_MIGRATION	0.002787	0.002748	-0.001271	117	173	16
gse175540-GSM5924030_ffpe_c_2	GSE175540	GOBP_NEGATIVE_REGULATION_OF_EXTRACELLULAR_MATRIX_ORGANIZATION	-0.009752	-0.005449	-0.013481	117	173	15
gse175540-GSM5924030_ffpe_c_2	GSE175540	GOBP_CELL_FATE_DETERMINATION	0.001035	0.0016	0.001197	117	173	40
gse175540-GSM5924030_ffpe_c_2	GSE175540	GOBP_HYPERSENSITIVITY	-0.00604	0.001816	-0.003059	117	173	19
gse175540-GSM5924030_ffpe_c_2	GSE175540	GOBP_NEGATIVE_REGULATION_OF_BLOOD_VESSEL_ENDOTHELIAL_CELL_PROLIFERATION_INVOLVED_IN_SPROUTING_ANGIOGENESIS	0.009893	0.011405	0.00414	117	173	7
gse175540-GSM5924030_ffpe_c_2	GSE175540	GOBP_PHYSIOLOGICAL_CARDIAC_MUSCLE_HYPERTROPHY	-0.000152	0.000139	0.0003	117	173	24
gse175540-GSM5924030_ffpe_c_2	GSE175540	GOBP_INTEGRIN_MEDIATED_SIGNALING_PATHWAY	-0.003392	-0.000414	-0.007835	117	173	116
gse175540-GSM5924030_ffpe_c_2	GSE175540	GOBP_RESPONSE_TO_PROSTAGLANDIN_E	-0.00408	-0.002771	-0.007115	117	173	28
gse175540-GSM5924030_ffpe_c_2	GSE175540	GOBP_CELL_ADHESION_MOLECULE_PRODUCTION	0.003057	0.003669	0.003365	117	173	10
gse175540-GSM5924030_ffpe_c_2	GSE175540	GOBP_POSITIVE_REGULATION_OF_RNA_SPLICING	-0.006059	-0.00438	-0.012481	117	173	38
gse175540-GSM5924030_ffpe_c_2	GSE175540	GOBP_DEFINITIVE_HEMOPOIESIS	0.001601	0.002873	0.001194	117	173	19
gse175540-GSM5924030_ffpe_c_2	GSE175540	GOBP_PROTEIN_DEACETYLATION	-0.003509	-0.002786	-0.005391	117	173	25
gse175540-GSM5924030_ffpe_c_2	GSE175540	GOBP_CELL_JUNCTION_DISASSEMBLY	0.000743	0.005086	0.001155	117	173	31
gse175540-GSM5924030_ffpe_c_2	GSE175540	GOBP_REGULATION_OF_SYNAPTIC_VESICLE_ENDOCYTOSIS	-0.006182	-0.001464	-0.012539	117	173	23
gse175540-GSM5924030_ffpe_c_2	GSE175540	GOBP_RESPONSE_TO_NITRIC_OXIDE	-0.001364	0.000187	-0.005833	117	173	22
gse175540-GSM5924030_ffpe_c_2	GSE175540	GOBP_REGULATION_OF_CELL_GROWTH_INVOLVED_IN_CARDIAC_MUSCLE_CELL_DEVELOPMENT	-0.000981	-0.000822	0.000345	117	173	17
gse175540-GSM5924030_ffpe_c_2	GSE175540	GOBP_INNERVATION	0.000471	0.000992	-0.001235	117	173	27
gse175540-GSM5924030_ffpe_c_2	GSE175540	GOBP_RESPONSE_TO_ETHER	0.003355	0.006049	0.003117	117	173	21
gse175540-GSM5924030_ffpe_c_2	GSE175540	GOBP_RESCUE_OF_STALLED_RIBOSOME	0.000328	0.000437	-0.001198	117	173	29
gse175540-GSM5924030_ffpe_c_2	GSE175540	GOBP_NEGATIVE_REGULATION_OF_MUSCLE_HYPERTROPHY	0.003731	0.003743	0.002539	117	173	32
gse175540-GSM5924030_ffpe_c_2	GSE175540	GOBP_NEURON_INTRINSIC_APOPTOTIC_SIGNALING_PATHWAY_IN_RESPONSE_TO_OXIDATIVE_STRESS	0.001644	0.006224	-0.002208	117	173	21
gse175540-GSM5924030_ffpe_c_2	GSE175540	GOBP_POSITIVE_REGULATION_OF_T_CELL_MIGRATION	-0.000865	0.002328	-0.00492	117	173	36
gse175540-GSM5924030_ffpe_c_2	GSE175540	GOBP_POSITIVE_REGULATION_OF_LEUKOCYTE_ADHESION_TO_VASCULAR_ENDOTHELIAL_CELL	-0.004889	-0.002023	-0.005308	117	173	22
gse175540-GSM5924030_ffpe_c_2	GSE175540	CTRL_B_AXIS	-0.00061	-1e-06	0.000361	117	173	45
gse175540-GSM5924030_ffpe_c_2	GSE175540	CTRL_MYC_V1	-0.001852	0.001192	-0.007563	117	173	160
gse175540-GSM5924030_ffpe_c_2	GSE175540	CTRL_RANDOM_32	0.004969	0.005602	0.002477	117	173	28
gse175540-GSM5924030_ffpe_c_2	GSE175540	HALLMARK_INTERFERON_GAMMA_RESPONSE	-0.007035	-0.003408	-0.009859	117	173	191
gse175540-GSM5924030_ffpe_c_2	GSE175540	HALLMARK_INTERFERON_ALPHA_RESPONSE	-0.006111	-0.003391	-0.008035	117	173	93
gse175540-GSM5924030_ffpe_c_2	GSE175540	HALLMARK_G2M_CHECKPOINT	-0.001213	-0.000833	-0.00122	117	173	179
gse175540-GSM5924030_ffpe_c_2	GSE175540	HALLMARK_EPITHELIAL_MESENCHYMAL_TRANSITION	-0.010296	-0.004463	-0.016469	117	173	189
gse175540-GSM5924030_ffpe_c_2	GSE175540	GENE_CXCL13	-0.003825	-0.002247	0.000856	117	173	1
gse175540-GSM5924030_ffpe_c_2	GSE175540	GENE_CCL19	-0.049801	-0.050208	-0.044804	117	173	1
gse175540-GSM5924030_ffpe_c_2	GSE175540	GENE_CCL21	-0.003878	-0.004781	-0.004396	117	173	1
gse175540-GSM5924030_ffpe_c_2	GSE175540	GENE_LTB	0.004615	0.004139	0.005429	117	173	1
gse175540-GSM5924030_ffpe_c_2	GSE175540	GENE_CD74	-0.003336	-0.001229	-0.010197	117	173	1
gse175540-GSM5924030_ffpe_c_2	GSE175540	GENE_HLA_DRA	-0.009032	-0.001851	-0.033863	117	173	1
gse175540-GSM5924030_ffpe_c_2	GSE175540	GENE_IFNG	0.002875	0.002975	0.002916	117	173	1
gse175540-GSM5924030_ffpe_c_2	GSE175540	GENE_CXCL9	-0.036645	-0.024995	-0.036926	117	173	1
gse175540-GSM5924030_ffpe_c_2	GSE175540	GENE_GZMB	0.002516	0.002912	0.002854	117	173	1
gse175540-GSM5924030_ffpe_c_2	GSE175540	GENE_CD8A	-0.006068	-0.005158	-0.004014	117	173	1
gse175540-GSM5924030_ffpe_c_2	GSE175540	GENE_MKI67	-9.5e-05	4e-05	5e-06	117	173	1
gse175540-GSM5924030_ffpe_c_2	GSE175540	GENE_COL1A1	-0.030171	-0.020844	-0.028291	117	173	1
gse175540-GSM5924031_ffpe_c_3	GSE175540	GOBP_REGULATION_OF_INTEGRIN_MEDIATED_SIGNALING_PATHWAY	-0.005249	-0.004295	-0.011068	107	177	23
gse175540-GSM5924031_ffpe_c_3	GSE175540	GOBP_COMPLEMENT_ACTIVATION_CLASSICAL_PATHWAY	0.006058	0.006728	0.019961	107	177	37
gse175540-GSM5924031_ffpe_c_3	GSE175540	GOBP_PEPTIDE_ANTIGEN_ASSEMBLY_WITH_MHC_PROTEIN_COMPLEX	-0.01926	-0.005798	-0.011284	107	177	19
gse175540-GSM5924031_ffpe_c_3	GSE175540	GOBP_NEGATIVE_REGULATION_OF_REACTIVE_OXYGEN_SPECIES_BIOSYNTHETIC_PROCESS	0.001506	0.001791	0.001873	107	177	16
gse175540-GSM5924031_ffpe_c_3	GSE175540	GOBP_MRNA_5_SPLICE_SITE_RECOGNITION	0.008671	0.00673	0.005194	107	177	6
gse175540-GSM5924031_ffpe_c_3	GSE175540	GOBP_RESPONSE_TO_INTERFERON_ALPHA	0.002589	0.003488	0.00617	107	177	21
gse175540-GSM5924031_ffpe_c_3	GSE175540	GOBP_POSITIVE_REGULATION_OF_VASCULAR_ASSOCIATED_SMOOTH_MUSCLE_CELL_MIGRATION	0.00857	0.008952	0.015824	107	177	16
gse175540-GSM5924031_ffpe_c_3	GSE175540	GOBP_NEGATIVE_REGULATION_OF_EXTRACELLULAR_MATRIX_ORGANIZATION	0.000108	0.001565	0.002079	107	177	15
gse175540-GSM5924031_ffpe_c_3	GSE175540	GOBP_CELL_FATE_DETERMINATION	-0.000193	0.000344	0.001148	107	177	40
gse175540-GSM5924031_ffpe_c_3	GSE175540	GOBP_HYPERSENSITIVITY	-0.009885	-0.00291	-0.004824	107	177	19
gse175540-GSM5924031_ffpe_c_3	GSE175540	GOBP_NEGATIVE_REGULATION_OF_BLOOD_VESSEL_ENDOTHELIAL_CELL_PROLIFERATION_INVOLVED_IN_SPROUTING_ANGIOGENESIS	-0.002801	-0.000308	0.001853	107	177	7
gse175540-GSM5924031_ffpe_c_3	GSE175540	GOBP_PHYSIOLOGICAL_CARDIAC_MUSCLE_HYPERTROPHY	0.000828	0.000274	0.000512	107	177	24
gse175540-GSM5924031_ffpe_c_3	GSE175540	GOBP_INTEGRIN_MEDIATED_SIGNALING_PATHWAY	-0.00504	-0.003622	-0.005961	107	177	116
gse175540-GSM5924031_ffpe_c_3	GSE175540	GOBP_RESPONSE_TO_PROSTAGLANDIN_E	0.000918	0.001333	0.002903	107	177	28
gse175540-GSM5924031_ffpe_c_3	GSE175540	GOBP_CELL_ADHESION_MOLECULE_PRODUCTION	0.003082	0.002466	0.003083	107	177	10
gse175540-GSM5924031_ffpe_c_3	GSE175540	GOBP_POSITIVE_REGULATION_OF_RNA_SPLICING	0.004417	0.003976	0.007626	107	177	38
gse175540-GSM5924031_ffpe_c_3	GSE175540	GOBP_DEFINITIVE_HEMOPOIESIS	-0.001792	-0.000487	0.003351	107	177	19
gse175540-GSM5924031_ffpe_c_3	GSE175540	GOBP_PROTEIN_DEACETYLATION	-0.000963	-0.000536	-0.000659	107	177	25
gse175540-GSM5924031_ffpe_c_3	GSE175540	GOBP_CELL_JUNCTION_DISASSEMBLY	-0.002076	0.000408	-0.001492	107	177	31
gse175540-GSM5924031_ffpe_c_3	GSE175540	GOBP_REGULATION_OF_SYNAPTIC_VESICLE_ENDOCYTOSIS	-0.003158	-0.001579	-0.004571	107	177	23
gse175540-GSM5924031_ffpe_c_3	GSE175540	GOBP_RESPONSE_TO_NITRIC_OXIDE	0.002101	0.000569	0.004422	107	177	22
gse175540-GSM5924031_ffpe_c_3	GSE175540	GOBP_REGULATION_OF_CELL_GROWTH_INVOLVED_IN_CARDIAC_MUSCLE_CELL_DEVELOPMENT	-0.00093	-0.001734	-0.001657	107	177	17
gse175540-GSM5924031_ffpe_c_3	GSE175540	GOBP_INNERVATION	0.000617	0.001237	0.000821	107	177	27
gse175540-GSM5924031_ffpe_c_3	GSE175540	GOBP_RESPONSE_TO_ETHER	0.003006	0.002387	0.003584	107	177	21
gse175540-GSM5924031_ffpe_c_3	GSE175540	GOBP_RESCUE_OF_STALLED_RIBOSOME	0.001467	0.00119	0.001949	107	177	29
gse175540-GSM5924031_ffpe_c_3	GSE175540	GOBP_NEGATIVE_REGULATION_OF_MUSCLE_HYPERTROPHY	-0.001558	-0.001878	-0.001803	107	177	32
gse175540-GSM5924031_ffpe_c_3	GSE175540	GOBP_NEURON_INTRINSIC_APOPTOTIC_SIGNALING_PATHWAY_IN_RESPONSE_TO_OXIDATIVE_STRESS	-0.001242	-0.000109	0.00057	107	177	21
gse175540-GSM5924031_ffpe_c_3	GSE175540	GOBP_POSITIVE_REGULATION_OF_T_CELL_MIGRATION	-0.007764	-0.005062	-0.003912	107	177	36
gse175540-GSM5924031_ffpe_c_3	GSE175540	GOBP_POSITIVE_REGULATION_OF_LEUKOCYTE_ADHESION_TO_VASCULAR_ENDOTHELIAL_CELL	0.001046	0.002399	0.004086	107	177	22
gse175540-GSM5924031_ffpe_c_3	GSE175540	CTRL_B_AXIS	0.002671	0.001986	0.019661	107	177	45
gse175540-GSM5924031_ffpe_c_3	GSE175540	CTRL_MYC_V1	-0.002994	-0.003877	-0.007287	107	177	160
gse175540-GSM5924031_ffpe_c_3	GSE175540	CTRL_RANDOM_32	-0.001547	-0.001848	-0.002095	107	177	28
gse175540-GSM5924031_ffpe_c_3	GSE175540	HALLMARK_INTERFERON_GAMMA_RESPONSE	-0.003202	0.000246	0.000431	107	177	191
gse175540-GSM5924031_ffpe_c_3	GSE175540	HALLMARK_INTERFERON_ALPHA_RESPONSE	-0.00256	-8.8e-05	0.00109	107	177	93
gse175540-GSM5924031_ffpe_c_3	GSE175540	HALLMARK_G2M_CHECKPOINT	0.000165	-0.000355	-0.000711	107	177	179
gse175540-GSM5924031_ffpe_c_3	GSE175540	HALLMARK_EPITHELIAL_MESENCHYMAL_TRANSITION	-0.002752	-0.001976	-0.006062	107	177	189
gse175540-GSM5924031_ffpe_c_3	GSE175540	GENE_CXCL13	-0.055936	-0.030197	-0.00644	107	177	1
gse175540-GSM5924031_ffpe_c_3	GSE175540	GENE_CCL19	0.011909	0.003745	0.043183	107	177	1
gse175540-GSM5924031_ffpe_c_3	GSE175540	GENE_CCL21	0.022727	0.022696	0.053691	107	177	1
gse175540-GSM5924031_ffpe_c_3	GSE175540	GENE_LTB	0.009794	0.001694	0.049533	107	177	1
gse175540-GSM5924031_ffpe_c_3	GSE175540	GENE_CD74	-0.000525	0.001574	0.001547	107	177	1
gse175540-GSM5924031_ffpe_c_3	GSE175540	GENE_HLA_DRA	-0.005087	0.00321	-0.000419	107	177	1
gse175540-GSM5924031_ffpe_c_3	GSE175540	GENE_IFNG	0.000727	0.000835	0.000526	107	177	1
gse175540-GSM5924031_ffpe_c_3	GSE175540	GENE_CXCL9	-0.079238	-0.037117	-0.054205	107	177	1
gse175540-GSM5924031_ffpe_c_3	GSE175540	GENE_GZMB	0.021404	0.014578	0.05232	107	177	1
gse175540-GSM5924031_ffpe_c_3	GSE175540	GENE_CD8A	-0.002412	-0.001848	0.004316	107	177	1
gse175540-GSM5924031_ffpe_c_3	GSE175540	GENE_MKI67	0.004588	0.005554	0.003442	107	177	1
gse175540-GSM5924031_ffpe_c_3	GSE175540	GENE_COL1A1	-0.000224	0.000589	-0.002806	107	177	1
gse175540-GSM5924032_ffpe_c_4	GSE175540	GOBP_REGULATION_OF_INTEGRIN_MEDIATED_SIGNALING_PATHWAY	-0.000786	-0.004798	-0.0006	128	124	23
gse175540-GSM5924032_ffpe_c_4	GSE175540	GOBP_COMPLEMENT_ACTIVATION_CLASSICAL_PATHWAY	0.003447	0.001479	0.014489	128	124	37
gse175540-GSM5924032_ffpe_c_4	GSE175540	GOBP_PEPTIDE_ANTIGEN_ASSEMBLY_WITH_MHC_PROTEIN_COMPLEX	-0.000334	-0.004583	0.001218	128	124	19
gse175540-GSM5924032_ffpe_c_4	GSE175540	GOBP_NEGATIVE_REGULATION_OF_REACTIVE_OXYGEN_SPECIES_BIOSYNTHETIC_PROCESS	0.000389	0.000299	-0.001176	128	124	16
gse175540-GSM5924032_ffpe_c_4	GSE175540	GOBP_MRNA_5_SPLICE_SITE_RECOGNITION	0.005689	0.005065	0.004356	128	124	6
gse175540-GSM5924032_ffpe_c_4	GSE175540	GOBP_RESPONSE_TO_INTERFERON_ALPHA	0.001453	-0.000789	-0.000138	128	124	21
gse175540-GSM5924032_ffpe_c_4	GSE175540	GOBP_POSITIVE_REGULATION_OF_VASCULAR_ASSOCIATED_SMOOTH_MUSCLE_CELL_MIGRATION	0.005219	0.004041	0.011621	128	124	16
gse175540-GSM5924032_ffpe_c_4	GSE175540	GOBP_NEGATIVE_REGULATION_OF_EXTRACELLULAR_MATRIX_ORGANIZATION	0.000924	-0.002676	0.001645	128	124	15
gse175540-GSM5924032_ffpe_c_4	GSE175540	GOBP_CELL_FATE_DETERMINATION	-0.000144	-0.001057	3.6e-05	128	124	40
gse175540-GSM5924032_ffpe_c_4	GSE175540	GOBP_HYPERSENSITIVITY	5.9e-05	-0.000898	-0.000196	128	124	19
gse175540-GSM5924032_ffpe_c_4	GSE175540	GOBP_NEGATIVE_REGULATION_OF_BLOOD_VESSEL_ENDOTHELIAL_CELL_PROLIFERATION_INVOLVED_IN_SPROUTING_ANGIOGENESIS	0.006006	0.003159	0.015564	128	124	7
gse175540-GSM5924032_ffpe_c_4	GSE175540	GOBP_PHYSIOLOGICAL_CARDIAC_MUSCLE_HYPERTROPHY	-0.005415	-0.005551	-0.004507	128	124	24
gse175540-GSM5924032_ffpe_c_4	GSE175540	GOBP_INTEGRIN_MEDIATED_SIGNALING_PATHWAY	0.001189	-0.001503	0.001554	128	124	116
gse175540-GSM5924032_ffpe_c_4	GSE175540	GOBP_RESPONSE_TO_PROSTAGLANDIN_E	-0.001905	-0.003007	-0.001596	128	124	28
gse175540-GSM5924032_ffpe_c_4	GSE175540	GOBP_CELL_ADHESION_MOLECULE_PRODUCTION	-0.007666	-0.008351	-0.009067	128	124	10
gse175540-GSM5924032_ffpe_c_4	GSE175540	GOBP_POSITIVE_REGULATION_OF_RNA_SPLICING	0.006784	0.005796	0.006915	128	124	38
gse175540-GSM5924032_ffpe_c_4	GSE175540	GOBP_DEFINITIVE_HEMOPOIESIS	0.004269	0.002935	0.009505	128	124	19
gse175540-GSM5924032_ffpe_c_4	GSE175540	GOBP_PROTEIN_DEACETYLATION	0.001865	0.001119	0.001481	128	124	25
gse175540-GSM5924032_ffpe_c_4	GSE175540	GOBP_CELL_JUNCTION_DISASSEMBLY	-0.001337	-0.00353	-0.001099	128	124	31
gse175540-GSM5924032_ffpe_c_4	GSE175540	GOBP_REGULATION_OF_SYNAPTIC_VESICLE_ENDOCYTOSIS	0.009065	0.007779	0.005013	128	124	23
gse175540-GSM5924032_ffpe_c_4	GSE175540	GOBP_RESPONSE_TO_NITRIC_OXIDE	-0.004886	-0.003264	-0.005116	128	124	22
gse175540-GSM5924032_ffpe_c_4	GSE175540	GOBP_REGULATION_OF_CELL_GROWTH_INVOLVED_IN_CARDIAC_MUSCLE_CELL_DEVELOPMENT	-0.004539	-0.004336	-0.002887	128	124	17
gse175540-GSM5924032_ffpe_c_4	GSE175540	GOBP_INNERVATION	0.004613	0.003672	0.005779	128	124	27
gse175540-GSM5924032_ffpe_c_4	GSE175540	GOBP_RESPONSE_TO_ETHER	-0.002043	-0.001709	-0.00196	128	124	21
gse175540-GSM5924032_ffpe_c_4	GSE175540	GOBP_RESCUE_OF_STALLED_RIBOSOME	-0.001145	-0.001481	-0.000676	128	124	29
gse175540-GSM5924032_ffpe_c_4	GSE175540	GOBP_NEGATIVE_REGULATION_OF_MUSCLE_HYPERTROPHY	-0.001392	-0.001388	-0.000528	128	124	32
gse175540-GSM5924032_ffpe_c_4	GSE175540	GOBP_NEURON_INTRINSIC_APOPTOTIC_SIGNALING_PATHWAY_IN_RESPONSE_TO_OXIDATIVE_STRESS	0.005888	0.003623	0.006263	128	124	21
gse175540-GSM5924032_ffpe_c_4	GSE175540	GOBP_POSITIVE_REGULATION_OF_T_CELL_MIGRATION	-0.004302	-0.004355	-0.001417	128	124	36
gse175540-GSM5924032_ffpe_c_4	GSE175540	GOBP_POSITIVE_REGULATION_OF_LEUKOCYTE_ADHESION_TO_VASCULAR_ENDOTHELIAL_CELL	-0.003984	-0.004993	-6.1e-05	128	124	22
gse175540-GSM5924032_ffpe_c_4	GSE175540	CTRL_B_AXIS	2e-05	-0.000224	0.017624	128	124	45
gse175540-GSM5924032_ffpe_c_4	GSE175540	CTRL_MYC_V1	0.000297	-0.000328	-0.002831	128	124	160
gse175540-GSM5924032_ffpe_c_4	GSE175540	CTRL_RANDOM_32	-0.004933	-0.004821	-0.006008	128	124	28
gse175540-GSM5924032_ffpe_c_4	GSE175540	HALLMARK_INTERFERON_GAMMA_RESPONSE	0.000802	6e-05	0.000864	128	124	191
gse175540-GSM5924032_ffpe_c_4	GSE175540	HALLMARK_INTERFERON_ALPHA_RESPONSE	0.002745	0.001586	0.002406	128	124	93
gse175540-GSM5924032_ffpe_c_4	GSE175540	HALLMARK_G2M_CHECKPOINT	0.001045	0.000951	0.001656	128	124	179
gse175540-GSM5924032_ffpe_c_4	GSE175540	HALLMARK_EPITHELIAL_MESENCHYMAL_TRANSITION	0.005061	0.000797	0.006495	128	124	189
gse175540-GSM5924032_ffpe_c_4	GSE175540	GENE_CXCL13	-0.00203	0.000259	0.005812	128	124	1
gse175540-GSM5924032_ffpe_c_4	GSE175540	GENE_CCL19	-0.006514	-0.006194	0.006921	128	124	1
gse175540-GSM5924032_ffpe_c_4	GSE175540	GENE_CCL21	-0.019319	-0.020543	-0.005443	128	124	1
gse175540-GSM5924032_ffpe_c_4	GSE175540	GENE_LTB	-0.006287	-0.002176	0.011754	128	124	1
gse175540-GSM5924032_ffpe_c_4	GSE175540	GENE_CD74	-0.008908	-0.009842	-0.009455	128	124	1
gse175540-GSM5924032_ffpe_c_4	GSE175540	GENE_HLA_DRA	-0.034308	-0.037228	-0.032196	128	124	1
gse175540-GSM5924032_ffpe_c_4	GSE175540	GENE_IFNG	0.002345	0.002295	0.002487	128	124	1
gse175540-GSM5924032_ffpe_c_4	GSE175540	GENE_CXCL9	0.002535	0.003978	0.021066	128	124	1
gse175540-GSM5924032_ffpe_c_4	GSE175540	GENE_GZMB	-0.001669	-0.000601	-0.000863	128	124	1
gse175540-GSM5924032_ffpe_c_4	GSE175540	GENE_CD8A	-0.004482	-0.004353	-0.000114	128	124	1
gse175540-GSM5924032_ffpe_c_4	GSE175540	GENE_MKI67	-0.000799	-0.000518	0.0	128	124	1
gse175540-GSM5924032_ffpe_c_4	GSE175540	GENE_COL1A1	-0.012956	-0.05384	0.00321	128	124	1
gse175540-GSM5924033_ffpe_c_7	GSE175540	GOBP_REGULATION_OF_INTEGRIN_MEDIATED_SIGNALING_PATHWAY	0.004798	0.00221	0.00855	79	104	23
gse175540-GSM5924033_ffpe_c_7	GSE175540	GOBP_COMPLEMENT_ACTIVATION_CLASSICAL_PATHWAY	0.002242	0.004586	0.013729	79	104	37
gse175540-GSM5924033_ffpe_c_7	GSE175540	GOBP_PEPTIDE_ANTIGEN_ASSEMBLY_WITH_MHC_PROTEIN_COMPLEX	0.002846	0.010186	0.015656	79	104	19
gse175540-GSM5924033_ffpe_c_7	GSE175540	GOBP_NEGATIVE_REGULATION_OF_REACTIVE_OXYGEN_SPECIES_BIOSYNTHETIC_PROCESS	0.005718	0.007938	0.007594	79	104	16
gse175540-GSM5924033_ffpe_c_7	GSE175540	GOBP_MRNA_5_SPLICE_SITE_RECOGNITION	0.005513	0.005135	0.004894	79	104	6
gse175540-GSM5924033_ffpe_c_7	GSE175540	GOBP_RESPONSE_TO_INTERFERON_ALPHA	0.008291	0.008137	0.013093	79	104	21
gse175540-GSM5924033_ffpe_c_7	GSE175540	GOBP_POSITIVE_REGULATION_OF_VASCULAR_ASSOCIATED_SMOOTH_MUSCLE_CELL_MIGRATION	-4.8e-05	-0.002136	0.002602	79	104	16
gse175540-GSM5924033_ffpe_c_7	GSE175540	GOBP_NEGATIVE_REGULATION_OF_EXTRACELLULAR_MATRIX_ORGANIZATION	0.016019	0.009249	0.019463	79	104	15
gse175540-GSM5924033_ffpe_c_7	GSE175540	GOBP_CELL_FATE_DETERMINATION	0.000474	-0.000911	-0.000277	79	104	40
gse175540-GSM5924033_ffpe_c_7	GSE175540	GOBP_HYPERSENSITIVITY	-0.003414	0.001529	0.00403	79	104	19
gse175540-GSM5924033_ffpe_c_7	GSE175540	GOBP_NEGATIVE_REGULATION_OF_BLOOD_VESSEL_ENDOTHELIAL_CELL_PROLIFERATION_INVOLVED_IN_SPROUTING_ANGIOGENESIS	0.010536	0.005199	0.014231	79	104	7
gse175540-GSM5924033_ffpe_c_7	GSE175540	GOBP_PHYSIOLOGICAL_CARDIAC_MUSCLE_HYPERTROPHY	0.002079	-0.000843	0.001875	79	104	24
gse175540-GSM5924033_ffpe_c_7	GSE175540	GOBP_INTEGRIN_MEDIATED_SIGNALING_PATHWAY	0.007178	0.004399	0.009686	79	104	116
gse175540-GSM5924033_ffpe_c_7	GSE175540	GOBP_RESPONSE_TO_PROSTAGLANDIN_E	-0.000369	-0.000682	0.001415	79	104	28
gse175540-GSM5924033_ffpe_c_7	GSE175540	GOBP_CELL_ADHESION_MOLECULE_PRODUCTION	-0.006225	0.00101	-0.006741	79	104	10
gse175540-GSM5924033_ffpe_c_7	GSE175540	GOBP_POSITIVE_REGULATION_OF_RNA_SPLICING	0.008082	0.006979	0.009726	79	104	38
gse175540-GSM5924033_ffpe_c_7	GSE175540	GOBP_DEFINITIVE_HEMOPOIESIS	0.006021	0.004169	0.007218	79	104	19
gse175540-GSM5924033_ffpe_c_7	GSE175540	GOBP_PROTEIN_DEACETYLATION	0.003726	0.003747	0.004575	79	104	25
gse175540-GSM5924033_ffpe_c_7	GSE175540	GOBP_CELL_JUNCTION_DISASSEMBLY	-0.008264	-0.00416	-0.003241	79	104	31
gse175540-GSM5924033_ffpe_c_7	GSE175540	GOBP_REGULATION_OF_SYNAPTIC_VESICLE_ENDOCYTOSIS	-0.006794	-0.004473	-0.002423	79	104	23
gse175540-GSM5924033_ffpe_c_7	GSE175540	GOBP_RESPONSE_TO_NITRIC_OXIDE	0.004676	0.003688	0.004754	79	104	22
gse175540-GSM5924033_ffpe_c_7	GSE175540	GOBP_REGULATION_OF_CELL_GROWTH_INVOLVED_IN_CARDIAC_MUSCLE_CELL_DEVELOPMENT	-0.000942	-0.003095	-0.001122	79	104	17
gse175540-GSM5924033_ffpe_c_7	GSE175540	GOBP_INNERVATION	0.008005	0.005553	0.012061	79	104	27
gse175540-GSM5924033_ffpe_c_7	GSE175540	GOBP_RESPONSE_TO_ETHER	-0.005025	-0.003498	-0.004461	79	104	21
gse175540-GSM5924033_ffpe_c_7	GSE175540	GOBP_RESCUE_OF_STALLED_RIBOSOME	-0.002284	-0.000869	-0.001776	79	104	29
gse175540-GSM5924033_ffpe_c_7	GSE175540	GOBP_NEGATIVE_REGULATION_OF_MUSCLE_HYPERTROPHY	0.008762	0.005213	0.009348	79	104	32
gse175540-GSM5924033_ffpe_c_7	GSE175540	GOBP_NEURON_INTRINSIC_APOPTOTIC_SIGNALING_PATHWAY_IN_RESPONSE_TO_OXIDATIVE_STRESS	0.003418	0.002717	0.005497	79	104	21
gse175540-GSM5924033_ffpe_c_7	GSE175540	GOBP_POSITIVE_REGULATION_OF_T_CELL_MIGRATION	0.001287	0.001481	0.003059	79	104	36
gse175540-GSM5924033_ffpe_c_7	GSE175540	GOBP_POSITIVE_REGULATION_OF_LEUKOCYTE_ADHESION_TO_VASCULAR_ENDOTHELIAL_CELL	0.006556	0.004984	0.008214	79	104	22
gse175540-GSM5924033_ffpe_c_7	GSE175540	CTRL_B_AXIS	0.001589	0.001172	0.007953	79	104	45
gse175540-GSM5924033_ffpe_c_7	GSE175540	CTRL_MYC_V1	-0.008261	-0.001025	-0.00626	79	104	160
gse175540-GSM5924033_ffpe_c_7	GSE175540	CTRL_RANDOM_32	0.002199	0.001845	0.002761	79	104	28
gse175540-GSM5924033_ffpe_c_7	GSE175540	HALLMARK_INTERFERON_GAMMA_RESPONSE	-0.000319	0.001094	0.00172	79	104	191
gse175540-GSM5924033_ffpe_c_7	GSE175540	HALLMARK_INTERFERON_ALPHA_RESPONSE	-0.002825	-0.001697	0.000751	79	104	93
gse175540-GSM5924033_ffpe_c_7	GSE175540	HALLMARK_G2M_CHECKPOINT	6.1e-05	0.000436	-6.4e-05	79	104	179
gse175540-GSM5924033_ffpe_c_7	GSE175540	HALLMARK_EPITHELIAL_MESENCHYMAL_TRANSITION	0.006994	0.001096	0.014882	79	104	189
gse175540-GSM5924033_ffpe_c_7	GSE175540	GENE_CXCL13	-0.022805	-0.028997	-0.020727	79	104	1
gse175540-GSM5924033_ffpe_c_7	GSE175540	GENE_CCL19	-0.065207	-0.066869	-0.05944	79	104	1
gse175540-GSM5924033_ffpe_c_7	GSE175540	GENE_CCL21	-0.038888	-0.043566	-0.03421	79	104	1
gse175540-GSM5924033_ffpe_c_7	GSE175540	GENE_LTB	0.000222	-0.002739	0.003588	79	104	1
gse175540-GSM5924033_ffpe_c_7	GSE175540	GENE_CD74	-0.008271	0.007855	-0.000579	79	104	1
gse175540-GSM5924033_ffpe_c_7	GSE175540	GENE_HLA_DRA	-0.031115	0.00079	-0.009898	79	104	1
gse175540-GSM5924033_ffpe_c_7	GSE175540	GENE_IFNG	8.5e-05	-0.000209	0.0	79	104	1
gse175540-GSM5924033_ffpe_c_7	GSE175540	GENE_CXCL9	0.014449	0.007685	0.02608	79	104	1
gse175540-GSM5924033_ffpe_c_7	GSE175540	GENE_GZMB	-0.000892	-0.001806	-0.000686	79	104	1
gse175540-GSM5924033_ffpe_c_7	GSE175540	GENE_CD8A	3.7e-05	-0.000103	0.0	79	104	1
gse175540-GSM5924033_ffpe_c_7	GSE175540	GENE_MKI67	-0.003889	-0.003858	-0.003988	79	104	1
gse175540-GSM5924033_ffpe_c_7	GSE175540	GENE_COL1A1	-0.038282	-0.016154	0.001485	79	104	1
gse175540-GSM5924035_ffpe_c_20	GSE175540	GOBP_REGULATION_OF_INTEGRIN_MEDIATED_SIGNALING_PATHWAY	2.6e-05	0.002153	0.000411	62	107	23
gse175540-GSM5924035_ffpe_c_20	GSE175540	GOBP_COMPLEMENT_ACTIVATION_CLASSICAL_PATHWAY	0.002534	0.004513	0.00402	62	107	37
gse175540-GSM5924035_ffpe_c_20	GSE175540	GOBP_PEPTIDE_ANTIGEN_ASSEMBLY_WITH_MHC_PROTEIN_COMPLEX	0.009657	0.013674	0.011388	62	107	19
gse175540-GSM5924035_ffpe_c_20	GSE175540	GOBP_NEGATIVE_REGULATION_OF_REACTIVE_OXYGEN_SPECIES_BIOSYNTHETIC_PROCESS	-0.009107	-0.005335	-0.009212	62	107	16
gse175540-GSM5924035_ffpe_c_20	GSE175540	GOBP_MRNA_5_SPLICE_SITE_RECOGNITION	0.006895	0.006649	0.007008	62	107	6
gse175540-GSM5924035_ffpe_c_20	GSE175540	GOBP_RESPONSE_TO_INTERFERON_ALPHA	0.001446	0.002983	0.001851	62	107	21
gse175540-GSM5924035_ffpe_c_20	GSE175540	GOBP_POSITIVE_REGULATION_OF_VASCULAR_ASSOCIATED_SMOOTH_MUSCLE_CELL_MIGRATION	-0.003483	-0.002348	-0.003225	62	107	16
gse175540-GSM5924035_ffpe_c_20	GSE175540	GOBP_NEGATIVE_REGULATION_OF_EXTRACELLULAR_MATRIX_ORGANIZATION	0.016454	0.017865	0.016426	62	107	15
gse175540-GSM5924035_ffpe_c_20	GSE175540	GOBP_CELL_FATE_DETERMINATION	0.004968	0.004345	0.005203	62	107	40
gse175540-GSM5924035_ffpe_c_20	GSE175540	GOBP_HYPERSENSITIVITY	-0.0075	-0.006198	-0.005957	62	107	19
gse175540-GSM5924035_ffpe_c_20	GSE175540	GOBP_NEGATIVE_REGULATION_OF_BLOOD_VESSEL_ENDOTHELIAL_CELL_PROLIFERATION_INVOLVED_IN_SPROUTING_ANGIOGENESIS	-0.003751	-0.003418	-0.002421	62	107	7
gse175540-GSM5924035_ffpe_c_20	GSE175540	GOBP_PHYSIOLOGICAL_CARDIAC_MUSCLE_HYPERTROPHY	0.00014	6.3e-05	0.000188	62	107	24
gse175540-GSM5924035_ffpe_c_20	GSE175540	GOBP_INTEGRIN_MEDIATED_SIGNALING_PATHWAY	-0.002861	-0.001779	-0.002316	62	107	116
gse175540-GSM5924035_ffpe_c_20	GSE175540	GOBP_RESPONSE_TO_PROSTAGLANDIN_E	-0.001341	-0.000451	-0.001119	62	107	28
gse175540-GSM5924035_ffpe_c_20	GSE175540	GOBP_CELL_ADHESION_MOLECULE_PRODUCTION	-0.00073	-0.000303	-0.001765	62	107	10
gse175540-GSM5924035_ffpe_c_20	GSE175540	GOBP_POSITIVE_REGULATION_OF_RNA_SPLICING	0.005352	0.00815	0.006023	62	107	38
gse175540-GSM5924035_ffpe_c_20	GSE175540	GOBP_DEFINITIVE_HEMOPOIESIS	-0.001494	-0.002079	-0.000284	62	107	19
gse175540-GSM5924035_ffpe_c_20	GSE175540	GOBP_PROTEIN_DEACETYLATION	-0.005009	-0.004719	-0.005094	62	107	25
gse175540-GSM5924035_ffpe_c_20	GSE175540	GOBP_CELL_JUNCTION_DISASSEMBLY	0.00153	0.001749	0.001821	62	107	31
gse175540-GSM5924035_ffpe_c_20	GSE175540	GOBP_REGULATION_OF_SYNAPTIC_VESICLE_ENDOCYTOSIS	-0.003306	0.002302	-0.003673	62	107	23
gse175540-GSM5924035_ffpe_c_20	GSE175540	GOBP_RESPONSE_TO_NITRIC_OXIDE	-0.001543	0.002107	-0.001048	62	107	22
gse175540-GSM5924035_ffpe_c_20	GSE175540	GOBP_REGULATION_OF_CELL_GROWTH_INVOLVED_IN_CARDIAC_MUSCLE_CELL_DEVELOPMENT	0.000448	0.0002	0.00097	62	107	17
gse175540-GSM5924035_ffpe_c_20	GSE175540	GOBP_INNERVATION	-0.00408	-0.003429	-0.003746	62	107	27
gse175540-GSM5924035_ffpe_c_20	GSE175540	GOBP_RESPONSE_TO_ETHER	0.000631	0.001508	0.000647	62	107	21
gse175540-GSM5924035_ffpe_c_20	GSE175540	GOBP_RESCUE_OF_STALLED_RIBOSOME	-0.001138	-0.000817	-0.001211	62	107	29
gse175540-GSM5924035_ffpe_c_20	GSE175540	GOBP_NEGATIVE_REGULATION_OF_MUSCLE_HYPERTROPHY	-0.002242	-0.00133	-0.001793	62	107	32
gse175540-GSM5924035_ffpe_c_20	GSE175540	GOBP_NEURON_INTRINSIC_APOPTOTIC_SIGNALING_PATHWAY_IN_RESPONSE_TO_OXIDATIVE_STRESS	0.002253	0.004666	0.002168	62	107	21
gse175540-GSM5924035_ffpe_c_20	GSE175540	GOBP_POSITIVE_REGULATION_OF_T_CELL_MIGRATION	-0.002674	-0.001688	-0.002537	62	107	36
gse175540-GSM5924035_ffpe_c_20	GSE175540	GOBP_POSITIVE_REGULATION_OF_LEUKOCYTE_ADHESION_TO_VASCULAR_ENDOTHELIAL_CELL	0.004781	0.00496	0.005422	62	107	22
gse175540-GSM5924035_ffpe_c_20	GSE175540	CTRL_B_AXIS	-0.000481	-0.000574	0.004876	62	107	45
gse175540-GSM5924035_ffpe_c_20	GSE175540	CTRL_MYC_V1	-0.004944	-0.002378	-0.004676	62	107	160
gse175540-GSM5924035_ffpe_c_20	GSE175540	CTRL_RANDOM_32	-0.0119	-0.011226	-0.012042	62	107	28
gse175540-GSM5924035_ffpe_c_20	GSE175540	HALLMARK_INTERFERON_GAMMA_RESPONSE	-0.000374	0.000552	4.1e-05	62	107	191
gse175540-GSM5924035_ffpe_c_20	GSE175540	HALLMARK_INTERFERON_ALPHA_RESPONSE	0.001283	0.001891	0.001542	62	107	93
gse175540-GSM5924035_ffpe_c_20	GSE175540	HALLMARK_G2M_CHECKPOINT	-0.000598	-0.000186	-0.000442	62	107	179
gse175540-GSM5924035_ffpe_c_20	GSE175540	HALLMARK_EPITHELIAL_MESENCHYMAL_TRANSITION	-0.001259	0.000888	-0.000388	62	107	189
gse175540-GSM5924035_ffpe_c_20	GSE175540	GENE_CXCL13	-0.000624	0.000789	0.0	62	107	1
gse175540-GSM5924035_ffpe_c_20	GSE175540	GENE_CCL19	-0.003199	-0.002662	0.0	62	107	1
gse175540-GSM5924035_ffpe_c_20	GSE175540	GENE_CCL21	-0.000676	-0.000853	0.0	62	107	1
gse175540-GSM5924035_ffpe_c_20	GSE175540	GENE_LTB	-0.006809	-0.005747	-0.004537	62	107	1
gse175540-GSM5924035_ffpe_c_20	GSE175540	GENE_CD74	-0.025451	-0.018897	-0.023484	62	107	1
gse175540-GSM5924035_ffpe_c_20	GSE175540	GENE_HLA_DRA	-0.015892	-0.007822	-0.009234	62	107	1
gse175540-GSM5924035_ffpe_c_20	GSE175540	GENE_IFNG	-6.2e-05	0.000151	0.0	62	107	1
gse175540-GSM5924035_ffpe_c_20	GSE175540	GENE_CXCL9	-0.029794	-0.032843	-0.026228	62	107	1
gse175540-GSM5924035_ffpe_c_20	GSE175540	GENE_GZMB	0.000387	-0.000614	0.0	62	107	1
gse175540-GSM5924035_ffpe_c_20	GSE175540	GENE_CD8A	-0.009308	-0.010193	-0.01081	62	107	1
gse175540-GSM5924035_ffpe_c_20	GSE175540	GENE_MKI67	0.00017	0.000204	0.0	62	107	1
gse175540-GSM5924035_ffpe_c_20	GSE175540	GENE_COL1A1	-0.000473	-0.003165	0.012096	62	107	1
gse175540-GSM5924037_ffpe_c_34	GSE175540	GOBP_REGULATION_OF_INTEGRIN_MEDIATED_SIGNALING_PATHWAY	0.033112	0.012148	0.017652	71	54	23
gse175540-GSM5924037_ffpe_c_34	GSE175540	GOBP_COMPLEMENT_ACTIVATION_CLASSICAL_PATHWAY	0.028174	0.006702	0.055679	71	54	37
gse175540-GSM5924037_ffpe_c_34	GSE175540	GOBP_PEPTIDE_ANTIGEN_ASSEMBLY_WITH_MHC_PROTEIN_COMPLEX	0.025279	0.005689	0.056084	71	54	19
gse175540-GSM5924037_ffpe_c_34	GSE175540	GOBP_NEGATIVE_REGULATION_OF_REACTIVE_OXYGEN_SPECIES_BIOSYNTHETIC_PROCESS	0.015329	0.00654	0.015797	71	54	16
gse175540-GSM5924037_ffpe_c_34	GSE175540	GOBP_MRNA_5_SPLICE_SITE_RECOGNITION	0.01845	0.014495	0.013539	71	54	6
gse175540-GSM5924037_ffpe_c_34	GSE175540	GOBP_RESPONSE_TO_INTERFERON_ALPHA	0.026542	0.010664	0.046436	71	54	21
gse175540-GSM5924037_ffpe_c_34	GSE175540	GOBP_POSITIVE_REGULATION_OF_VASCULAR_ASSOCIATED_SMOOTH_MUSCLE_CELL_MIGRATION	0.004816	-0.000313	0.017276	71	54	16
gse175540-GSM5924037_ffpe_c_34	GSE175540	GOBP_NEGATIVE_REGULATION_OF_EXTRACELLULAR_MATRIX_ORGANIZATION	0.036313	0.013676	0.034479	71	54	15
gse175540-GSM5924037_ffpe_c_34	GSE175540	GOBP_CELL_FATE_DETERMINATION	0.000964	-0.000567	0.002086	71	54	40
gse175540-GSM5924037_ffpe_c_34	GSE175540	GOBP_HYPERSENSITIVITY	0.044595	0.027251	0.066418	71	54	19
gse175540-GSM5924037_ffpe_c_34	GSE175540	GOBP_NEGATIVE_REGULATION_OF_BLOOD_VESSEL_ENDOTHELIAL_CELL_PROLIFERATION_INVOLVED_IN_SPROUTING_ANGIOGENESIS	0.006333	-0.003676	0.019296	71	54	7
gse175540-GSM5924037_ffpe_c_34	GSE175540	GOBP_PHYSIOLOGICAL_CARDIAC_MUSCLE_HYPERTROPHY	0.010614	0.007273	0.015211	71	54	24
gse175540-GSM5924037_ffpe_c_34	GSE175540	GOBP_INTEGRIN_MEDIATED_SIGNALING_PATHWAY	0.01789	0.004262	0.013579	71	54	116
gse175540-GSM5924037_ffpe_c_34	GSE175540	GOBP_RESPONSE_TO_PROSTAGLANDIN_E	0.004863	0.000188	0.013025	71	54	28
gse175540-GSM5924037_ffpe_c_34	GSE175540	GOBP_CELL_ADHESION_MOLECULE_PRODUCTION	-0.002828	-0.007956	-0.012467	71	54	10
gse175540-GSM5924037_ffpe_c_34	GSE175540	GOBP_POSITIVE_REGULATION_OF_RNA_SPLICING	0.01844	0.011381	0.030198	71	54	38
gse175540-GSM5924037_ffpe_c_34	GSE175540	GOBP_DEFINITIVE_HEMOPOIESIS	0.008252	0.008993	0.014929	71	54	19
gse175540-GSM5924037_ffpe_c_34	GSE175540	GOBP_PROTEIN_DEACETYLATION	0.005515	0.000523	0.00216	71	54	25
gse175540-GSM5924037_ffpe_c_34	GSE175540	GOBP_CELL_JUNCTION_DISASSEMBLY	0.032894	0.014735	0.037528	71	54	31
gse175540-GSM5924037_ffpe_c_34	GSE175540	GOBP_REGULATION_OF_SYNAPTIC_VESICLE_ENDOCYTOSIS	0.032475	0.01945	0.02178	71	54	23
gse175540-GSM5924037_ffpe_c_34	GSE175540	GOBP_RESPONSE_TO_NITRIC_OXIDE	0.00344	0.002759	0.017895	71	54	22
gse175540-GSM5924037_ffpe_c_34	GSE175540	GOBP_REGULATION_OF_CELL_GROWTH_INVOLVED_IN_CARDIAC_MUSCLE_CELL_DEVELOPMENT	0.012357	0.009211	0.018824	71	54	17
gse175540-GSM5924037_ffpe_c_34	GSE175540	GOBP_INNERVATION	0.006348	0.002275	0.008084	71	54	27
gse175540-GSM5924037_ffpe_c_34	GSE175540	GOBP_RESPONSE_TO_ETHER	0.015345	0.009788	0.00856	71	54	21
gse175540-GSM5924037_ffpe_c_34	GSE175540	GOBP_RESCUE_OF_STALLED_RIBOSOME	0.000783	-0.002086	-0.003059	71	54	29
gse175540-GSM5924037_ffpe_c_34	GSE175540	GOBP_NEGATIVE_REGULATION_OF_MUSCLE_HYPERTROPHY	0.004597	0.003238	0.004003	71	54	32
gse175540-GSM5924037_ffpe_c_34	GSE175540	GOBP_NEURON_INTRINSIC_APOPTOTIC_SIGNALING_PATHWAY_IN_RESPONSE_TO_OXIDATIVE_STRESS	0.024435	0.008754	0.03066	71	54	21
gse175540-GSM5924037_ffpe_c_34	GSE175540	GOBP_POSITIVE_REGULATION_OF_T_CELL_MIGRATION	0.013641	0.005455	0.022282	71	54	36
gse175540-GSM5924037_ffpe_c_34	GSE175540	GOBP_POSITIVE_REGULATION_OF_LEUKOCYTE_ADHESION_TO_VASCULAR_ENDOTHELIAL_CELL	0.007367	0.002822	0.010736	71	54	22
gse175540-GSM5924037_ffpe_c_34	GSE175540	CTRL_B_AXIS	-0.002712	-0.000514	0.045513	71	54	45
gse175540-GSM5924037_ffpe_c_34	GSE175540	CTRL_MYC_V1	0.025338	0.01389	0.01206	71	54	160
gse175540-GSM5924037_ffpe_c_34	GSE175540	CTRL_RANDOM_32	0.006058	0.005317	0.002442	71	54	28
gse175540-GSM5924037_ffpe_c_34	GSE175540	HALLMARK_INTERFERON_GAMMA_RESPONSE	0.0093	0.003388	0.017099	71	54	191
gse175540-GSM5924037_ffpe_c_34	GSE175540	HALLMARK_INTERFERON_ALPHA_RESPONSE	0.008382	0.001432	0.016451	71	54	93
gse175540-GSM5924037_ffpe_c_34	GSE175540	HALLMARK_G2M_CHECKPOINT	0.005293	0.003324	0.00187	71	54	179
gse175540-GSM5924037_ffpe_c_34	GSE175540	HALLMARK_EPITHELIAL_MESENCHYMAL_TRANSITION	0.038404	0.009845	0.035876	71	54	189
gse175540-GSM5924037_ffpe_c_34	GSE175540	GENE_CXCL13	-0.025178	0.003166	0.010231	71	54	1
gse175540-GSM5924037_ffpe_c_34	GSE175540	GENE_CCL19	-0.092526	-0.078657	0.122468	71	54	1
gse175540-GSM5924037_ffpe_c_34	GSE175540	GENE_CCL21	-0.052603	-0.030043	-0.028646	71	54	1
gse175540-GSM5924037_ffpe_c_34	GSE175540	GENE_LTB	-0.054781	0.000985	0.079576	71	54	1
gse175540-GSM5924037_ffpe_c_34	GSE175540	GENE_CD74	-0.009816	-0.026982	0.028961	71	54	1
gse175540-GSM5924037_ffpe_c_34	GSE175540	GENE_HLA_DRA	0.096726	0.055442	0.212054	71	54	1
gse175540-GSM5924037_ffpe_c_34	GSE175540	GENE_IFNG	0.00111	0.002381	0.0	71	54	1
gse175540-GSM5924037_ffpe_c_34	GSE175540	GENE_CXCL9	0.055117	0.049194	0.075868	71	54	1
gse175540-GSM5924037_ffpe_c_34	GSE175540	GENE_GZMB	0.008317	0.009985	0.009712	71	54	1
gse175540-GSM5924037_ffpe_c_34	GSE175540	GENE_CD8A	-0.011498	-0.007975	-0.020844	71	54	1
gse175540-GSM5924037_ffpe_c_34	GSE175540	GENE_MKI67	-0.00503	-0.004477	-0.006813	71	54	1
gse175540-GSM5924037_ffpe_c_34	GSE175540	GENE_COL1A1	0.103806	0.035981	0.083398	71	54	1
gse175540-GSM5924038_ffpe_c_36	GSE175540	GOBP_REGULATION_OF_INTEGRIN_MEDIATED_SIGNALING_PATHWAY	0.008987	-0.001634	0.005326	79	133	23
gse175540-GSM5924038_ffpe_c_36	GSE175540	GOBP_COMPLEMENT_ACTIVATION_CLASSICAL_PATHWAY	0.004693	-0.001693	0.036865	79	133	37
gse175540-GSM5924038_ffpe_c_36	GSE175540	GOBP_PEPTIDE_ANTIGEN_ASSEMBLY_WITH_MHC_PROTEIN_COMPLEX	0.016722	0.008728	0.032824	79	133	19
gse175540-GSM5924038_ffpe_c_36	GSE175540	GOBP_NEGATIVE_REGULATION_OF_REACTIVE_OXYGEN_SPECIES_BIOSYNTHETIC_PROCESS	0.005355	0.003736	0.007882	79	133	16
gse175540-GSM5924038_ffpe_c_36	GSE175540	GOBP_MRNA_5_SPLICE_SITE_RECOGNITION	-0.009236	-0.008098	-0.004893	79	133	6
gse175540-GSM5924038_ffpe_c_36	GSE175540	GOBP_RESPONSE_TO_INTERFERON_ALPHA	0.007855	0.004268	0.008398	79	133	21
gse175540-GSM5924038_ffpe_c_36	GSE175540	GOBP_POSITIVE_REGULATION_OF_VASCULAR_ASSOCIATED_SMOOTH_MUSCLE_CELL_MIGRATION	0.003421	0.000747	0.00458	79	133	16
gse175540-GSM5924038_ffpe_c_36	GSE175540	GOBP_NEGATIVE_REGULATION_OF_EXTRACELLULAR_MATRIX_ORGANIZATION	0.010769	0.00086	0.017736	79	133	15
gse175540-GSM5924038_ffpe_c_36	GSE175540	GOBP_CELL_FATE_DETERMINATION	0.002937	0.001937	0.004322	79	133	40
gse175540-GSM5924038_ffpe_c_36	GSE175540	GOBP_HYPERSENSITIVITY	0.003556	0.000108	0.016797	79	133	19
gse175540-GSM5924038_ffpe_c_36	GSE175540	GOBP_NEGATIVE_REGULATION_OF_BLOOD_VESSEL_ENDOTHELIAL_CELL_PROLIFERATION_INVOLVED_IN_SPROUTING_ANGIOGENESIS	0.017958	0.008567	0.030354	79	133	7
gse175540-GSM5924038_ffpe_c_36	GSE175540	GOBP_PHYSIOLOGICAL_CARDIAC_MUSCLE_HYPERTROPHY	0.001185	-0.000967	0.0031	79	133	24
gse175540-GSM5924038_ffpe_c_36	GSE175540	GOBP_INTEGRIN_MEDIATED_SIGNALING_PATHWAY	0.010216	0.003825	0.010581	79	133	116
gse175540-GSM5924038_ffpe_c_36	GSE175540	GOBP_RESPONSE_TO_PROSTAGLANDIN_E	0.001614	0.000486	0.008374	79	133	28
gse175540-GSM5924038_ffpe_c_36	GSE175540	GOBP_CELL_ADHESION_MOLECULE_PRODUCTION	0.000832	-0.000471	0.001668	79	133	10
gse175540-GSM5924038_ffpe_c_36	GSE175540	GOBP_POSITIVE_REGULATION_OF_RNA_SPLICING	-0.003617	-0.004178	0.000903	79	133	38
gse175540-GSM5924038_ffpe_c_36	GSE175540	GOBP_DEFINITIVE_HEMOPOIESIS	0.003089	0.001472	0.006293	79	133	19
gse175540-GSM5924038_ffpe_c_36	GSE175540	GOBP_PROTEIN_DEACETYLATION	0.001438	-0.00163	0.001261	79	133	25
gse175540-GSM5924038_ffpe_c_36	GSE175540	GOBP_CELL_JUNCTION_DISASSEMBLY	0.001973	-3.4e-05	0.002785	79	133	31
gse175540-GSM5924038_ffpe_c_36	GSE175540	GOBP_REGULATION_OF_SYNAPTIC_VESICLE_ENDOCYTOSIS	-0.009677	-0.011444	-0.011644	79	133	23
gse175540-GSM5924038_ffpe_c_36	GSE175540	GOBP_RESPONSE_TO_NITRIC_OXIDE	-0.001559	-0.001522	0.004571	79	133	22
gse175540-GSM5924038_ffpe_c_36	GSE175540	GOBP_REGULATION_OF_CELL_GROWTH_INVOLVED_IN_CARDIAC_MUSCLE_CELL_DEVELOPMENT	0.002063	0.000818	0.005437	79	133	17
gse175540-GSM5924038_ffpe_c_36	GSE175540	GOBP_INNERVATION	0.002629	-0.000885	0.003194	79	133	27
gse175540-GSM5924038_ffpe_c_36	GSE175540	GOBP_RESPONSE_TO_ETHER	0.006674	0.00589	0.007783	79	133	21
gse175540-GSM5924038_ffpe_c_36	GSE175540	GOBP_RESCUE_OF_STALLED_RIBOSOME	-0.003504	-0.003175	-0.004578	79	133	29
gse175540-GSM5924038_ffpe_c_36	GSE175540	GOBP_NEGATIVE_REGULATION_OF_MUSCLE_HYPERTROPHY	0.000533	-0.000643	-0.000301	79	133	32
gse175540-GSM5924038_ffpe_c_36	GSE175540	GOBP_NEURON_INTRINSIC_APOPTOTIC_SIGNALING_PATHWAY_IN_RESPONSE_TO_OXIDATIVE_STRESS	0.00955	0.005252	0.017048	79	133	21
gse175540-GSM5924038_ffpe_c_36	GSE175540	GOBP_POSITIVE_REGULATION_OF_T_CELL_MIGRATION	0.001619	0.000798	0.001773	79	133	36
gse175540-GSM5924038_ffpe_c_36	GSE175540	GOBP_POSITIVE_REGULATION_OF_LEUKOCYTE_ADHESION_TO_VASCULAR_ENDOTHELIAL_CELL	-0.000367	-0.002708	0.003249	79	133	22
gse175540-GSM5924038_ffpe_c_36	GSE175540	CTRL_B_AXIS	-0.002873	-0.003958	0.027423	79	133	45
gse175540-GSM5924038_ffpe_c_36	GSE175540	CTRL_MYC_V1	-0.001093	-0.001457	-0.002228	79	133	160
gse175540-GSM5924038_ffpe_c_36	GSE175540	CTRL_RANDOM_32	0.002583	0.002153	0.002214	79	133	28
gse175540-GSM5924038_ffpe_c_36	GSE175540	HALLMARK_INTERFERON_GAMMA_RESPONSE	0.000669	0.000546	0.001793	79	133	191
gse175540-GSM5924038_ffpe_c_36	GSE175540	HALLMARK_INTERFERON_ALPHA_RESPONSE	0.003125	0.002084	0.003616	79	133	93
gse175540-GSM5924038_ffpe_c_36	GSE175540	HALLMARK_G2M_CHECKPOINT	-0.001065	-0.001173	-0.000914	79	133	179
gse175540-GSM5924038_ffpe_c_36	GSE175540	HALLMARK_EPITHELIAL_MESENCHYMAL_TRANSITION	0.01406	0.001028	0.017968	79	133	189
gse175540-GSM5924038_ffpe_c_36	GSE175540	GENE_CXCL13	-0.003972	0.014037	0.003015	79	133	1
gse175540-GSM5924038_ffpe_c_36	GSE175540	GENE_CCL19	-0.035008	-0.028364	0.091887	79	133	1
gse175540-GSM5924038_ffpe_c_36	GSE175540	GENE_CCL21	0.012778	0.020789	0.033742	79	133	1
gse175540-GSM5924038_ffpe_c_36	GSE175540	GENE_LTB	-0.020969	-0.01799	0.001536	79	133	1
gse175540-GSM5924038_ffpe_c_36	GSE175540	GENE_CD74	0.006351	-0.002358	0.020796	79	133	1
gse175540-GSM5924038_ffpe_c_36	GSE175540	GENE_HLA_DRA	0.064556	0.030292	0.149906	79	133	1
gse175540-GSM5924038_ffpe_c_36	GSE175540	GENE_IFNG	-0.003754	-0.00358	-0.003965	79	133	1
gse175540-GSM5924038_ffpe_c_36	GSE175540	GENE_CXCL9	-0.002607	0.018239	-0.030355	79	133	1
gse175540-GSM5924038_ffpe_c_36	GSE175540	GENE_GZMB	0.01848	0.023825	0.018401	79	133	1
gse175540-GSM5924038_ffpe_c_36	GSE175540	GENE_CD8A	3.8e-05	0.001498	0.0	79	133	1
gse175540-GSM5924038_ffpe_c_36	GSE175540	GENE_MKI67	0.000217	-0.00039	0.0	79	133	1
gse175540-GSM5924038_ffpe_c_36	GSE175540	GENE_COL1A1	0.003478	-0.001036	0.004461	79	133	1
gse175540-GSM5924040_ffpe_c_45	GSE175540	GOBP_REGULATION_OF_INTEGRIN_MEDIATED_SIGNALING_PATHWAY	0.008715	0.00377	0.00789	32	73	23
gse175540-GSM5924040_ffpe_c_45	GSE175540	GOBP_COMPLEMENT_ACTIVATION_CLASSICAL_PATHWAY	-0.001016	-0.001218	-0.00216	32	73	37
gse175540-GSM5924040_ffpe_c_45	GSE175540	GOBP_PEPTIDE_ANTIGEN_ASSEMBLY_WITH_MHC_PROTEIN_COMPLEX	-0.006516	-0.004476	-0.005218	32	73	19
gse175540-GSM5924040_ffpe_c_45	GSE175540	GOBP_NEGATIVE_REGULATION_OF_REACTIVE_OXYGEN_SPECIES_BIOSYNTHETIC_PROCESS	0.009854	0.011633	0.011055	32	73	16
gse175540-GSM5924040_ffpe_c_45	GSE175540	GOBP_MRNA_5_SPLICE_SITE_RECOGNITION	0.018748	0.019578	0.018937	32	73	6
gse175540-GSM5924040_ffpe_c_45	GSE175540	GOBP_RESPONSE_TO_INTERFERON_ALPHA	0.003436	0.002916	0.004168	32	73	21
gse175540-GSM5924040_ffpe_c_45	GSE175540	GOBP_POSITIVE_REGULATION_OF_VASCULAR_ASSOCIATED_SMOOTH_MUSCLE_CELL_MIGRATION	0.015998	0.016127	0.016404	32	73	16
gse175540-GSM5924040_ffpe_c_45	GSE175540	GOBP_NEGATIVE_REGULATION_OF_EXTRACELLULAR_MATRIX_ORGANIZATION	0.011923	0.009154	0.009861	32	73	15
gse175540-GSM5924040_ffpe_c_45	GSE175540	GOBP_CELL_FATE_DETERMINATION	0.006364	0.005111	0.006319	32	73	40
gse175540-GSM5924040_ffpe_c_45	GSE175540	GOBP_HYPERSENSITIVITY	0.010563	0.008586	0.010426	32	73	19
gse175540-GSM5924040_ffpe_c_45	GSE175540	GOBP_NEGATIVE_REGULATION_OF_BLOOD_VESSEL_ENDOTHELIAL_CELL_PROLIFERATION_INVOLVED_IN_SPROUTING_ANGIOGENESIS	0.023015	0.016681	0.021805	32	73	7
gse175540-GSM5924040_ffpe_c_45	GSE175540	GOBP_PHYSIOLOGICAL_CARDIAC_MUSCLE_HYPERTROPHY	0.002376	0.000755	0.001903	32	73	24
gse175540-GSM5924040_ffpe_c_45	GSE175540	GOBP_INTEGRIN_MEDIATED_SIGNALING_PATHWAY	0.010752	0.006908	0.009642	32	73	116
gse175540-GSM5924040_ffpe_c_45	GSE175540	GOBP_RESPONSE_TO_PROSTAGLANDIN_E	0.01183	0.011262	0.011102	32	73	28
gse175540-GSM5924040_ffpe_c_45	GSE175540	GOBP_CELL_ADHESION_MOLECULE_PRODUCTION	-0.001029	-0.003069	-0.001239	32	73	10
gse175540-GSM5924040_ffpe_c_45	GSE175540	GOBP_POSITIVE_REGULATION_OF_RNA_SPLICING	0.002919	0.000656	0.002587	32	73	38
gse175540-GSM5924040_ffpe_c_45	GSE175540	GOBP_DEFINITIVE_HEMOPOIESIS	-0.003472	-0.004165	-0.004077	32	73	19
gse175540-GSM5924040_ffpe_c_45	GSE175540	GOBP_PROTEIN_DEACETYLATION	6.1e-05	0.000347	0.000383	32	73	25
gse175540-GSM5924040_ffpe_c_45	GSE175540	GOBP_CELL_JUNCTION_DISASSEMBLY	-0.00025	8e-05	-0.000684	32	73	31
gse175540-GSM5924040_ffpe_c_45	GSE175540	GOBP_REGULATION_OF_SYNAPTIC_VESICLE_ENDOCYTOSIS	0.014442	0.015425	0.015131	32	73	23
gse175540-GSM5924040_ffpe_c_45	GSE175540	GOBP_RESPONSE_TO_NITRIC_OXIDE	-0.001206	0.000547	-0.000914	32	73	22
gse175540-GSM5924040_ffpe_c_45	GSE175540	GOBP_REGULATION_OF_CELL_GROWTH_INVOLVED_IN_CARDIAC_MUSCLE_CELL_DEVELOPMENT	-0.003232	-0.00451	-0.003519	32	73	17
gse175540-GSM5924040_ffpe_c_45	GSE175540	GOBP_INNERVATION	0.00572	0.003135	0.005206	32	73	27
gse175540-GSM5924040_ffpe_c_45	GSE175540	GOBP_RESPONSE_TO_ETHER	0.012826	0.0122	0.013002	32	73	21
gse175540-GSM5924040_ffpe_c_45	GSE175540	GOBP_RESCUE_OF_STALLED_RIBOSOME	0.001058	0.002644	0.001691	32	73	29
gse175540-GSM5924040_ffpe_c_45	GSE175540	GOBP_NEGATIVE_REGULATION_OF_MUSCLE_HYPERTROPHY	0.002965	0.002335	0.00282	32	73	32
gse175540-GSM5924040_ffpe_c_45	GSE175540	GOBP_NEURON_INTRINSIC_APOPTOTIC_SIGNALING_PATHWAY_IN_RESPONSE_TO_OXIDATIVE_STRESS	0.023297	0.023033	0.023914	32	73	21
gse175540-GSM5924040_ffpe_c_45	GSE175540	GOBP_POSITIVE_REGULATION_OF_T_CELL_MIGRATION	-0.012338	-0.010873	-0.010913	32	73	36
gse175540-GSM5924040_ffpe_c_45	GSE175540	GOBP_POSITIVE_REGULATION_OF_LEUKOCYTE_ADHESION_TO_VASCULAR_ENDOTHELIAL_CELL	0.007011	0.006711	0.007823	32	73	22
gse175540-GSM5924040_ffpe_c_45	GSE175540	CTRL_B_AXIS	0.000121	4.4e-05	-0.002675	32	73	45
gse175540-GSM5924040_ffpe_c_45	GSE175540	CTRL_MYC_V1	-0.006173	-0.00349	-0.005713	32	73	160
gse175540-GSM5924040_ffpe_c_45	GSE175540	CTRL_RANDOM_32	0.007711	0.007524	0.007229	32	73	28
gse175540-GSM5924040_ffpe_c_45	GSE175540	HALLMARK_INTERFERON_GAMMA_RESPONSE	-0.001185	0.000387	-0.000523	32	73	191
gse175540-GSM5924040_ffpe_c_45	GSE175540	HALLMARK_INTERFERON_ALPHA_RESPONSE	-0.002104	-0.000701	-0.001601	32	73	93
gse175540-GSM5924040_ffpe_c_45	GSE175540	HALLMARK_G2M_CHECKPOINT	-0.001767	-0.001349	-0.001581	32	73	179
gse175540-GSM5924040_ffpe_c_45	GSE175540	HALLMARK_EPITHELIAL_MESENCHYMAL_TRANSITION	0.010977	0.00412	0.009279	32	73	189
gse175540-GSM5924040_ffpe_c_45	GSE175540	GENE_CXCL13	0.042602	0.058038	0.048694	32	73	1
gse175540-GSM5924040_ffpe_c_45	GSE175540	GENE_CCL19	0.02285	0.017206	0.018142	32	73	1
gse175540-GSM5924040_ffpe_c_45	GSE175540	GENE_CCL21	-0.000426	-0.00234	-0.00097	32	73	1
gse175540-GSM5924040_ffpe_c_45	GSE175540	GENE_LTB	0.022041	0.020463	0.02161	32	73	1
gse175540-GSM5924040_ffpe_c_45	GSE175540	GENE_CD74	-0.00305	0.001368	-0.001692	32	73	1
gse175540-GSM5924040_ffpe_c_45	GSE175540	GENE_HLA_DRA	0.004701	0.004261	0.004328	32	73	1
gse175540-GSM5924040_ffpe_c_45	GSE175540	GENE_IFNG	7.6e-05	0.000722	0.0	32	73	1
gse175540-GSM5924040_ffpe_c_45	GSE175540	GENE_CXCL9	0.027531	0.021919	0.02363	32	73	1
gse175540-GSM5924040_ffpe_c_45	GSE175540	GENE_GZMB	-0.001312	-0.001545	-0.002138	32	73	1
gse175540-GSM5924040_ffpe_c_45	GSE175540	GENE_CD8A	-0.039505	-0.029058	-0.033388	32	73	1
gse175540-GSM5924040_ffpe_c_45	GSE175540	GENE_MKI67	-0.001317	-0.000703	0.0	32	73	1
gse175540-GSM5924040_ffpe_c_45	GSE175540	GENE_COL1A1	0.153482	0.073978	0.146375	32	73	1
gse175540-GSM5924041_ffpe_c_51	GSE175540	GOBP_REGULATION_OF_INTEGRIN_MEDIATED_SIGNALING_PATHWAY	0.007009	0.000257	0.005427	105	179	23
gse175540-GSM5924041_ffpe_c_51	GSE175540	GOBP_COMPLEMENT_ACTIVATION_CLASSICAL_PATHWAY	0.016707	0.017844	0.027109	105	179	37
gse175540-GSM5924041_ffpe_c_51	GSE175540	GOBP_PEPTIDE_ANTIGEN_ASSEMBLY_WITH_MHC_PROTEIN_COMPLEX	0.006268	0.006575	0.016156	105	179	19
gse175540-GSM5924041_ffpe_c_51	GSE175540	GOBP_NEGATIVE_REGULATION_OF_REACTIVE_OXYGEN_SPECIES_BIOSYNTHETIC_PROCESS	0.008982	0.008205	0.013699	105	179	16
gse175540-GSM5924041_ffpe_c_51	GSE175540	GOBP_MRNA_5_SPLICE_SITE_RECOGNITION	-0.005857	-0.003528	-0.004456	105	179	6
gse175540-GSM5924041_ffpe_c_51	GSE175540	GOBP_RESPONSE_TO_INTERFERON_ALPHA	0.002206	0.00172	0.004421	105	179	21
gse175540-GSM5924041_ffpe_c_51	GSE175540	GOBP_POSITIVE_REGULATION_OF_VASCULAR_ASSOCIATED_SMOOTH_MUSCLE_CELL_MIGRATION	0.008376	0.005759	0.012255	105	179	16
gse175540-GSM5924041_ffpe_c_51	GSE175540	GOBP_NEGATIVE_REGULATION_OF_EXTRACELLULAR_MATRIX_ORGANIZATION	0.019559	0.010131	0.020234	105	179	15
gse175540-GSM5924041_ffpe_c_51	GSE175540	GOBP_CELL_FATE_DETERMINATION	0.00594	0.004064	0.006554	105	179	40
gse175540-GSM5924041_ffpe_c_51	GSE175540	GOBP_HYPERSENSITIVITY	0.00316	0.005527	0.007957	105	179	19
gse175540-GSM5924041_ffpe_c_51	GSE175540	GOBP_NEGATIVE_REGULATION_OF_BLOOD_VESSEL_ENDOTHELIAL_CELL_PROLIFERATION_INVOLVED_IN_SPROUTING_ANGIOGENESIS	0.036489	0.026643	0.040637	105	179	7
gse175540-GSM5924041_ffpe_c_51	GSE175540	GOBP_PHYSIOLOGICAL_CARDIAC_MUSCLE_HYPERTROPHY	0.005802	0.004443	0.006719	105	179	24
gse175540-GSM5924041_ffpe_c_51	GSE175540	GOBP_INTEGRIN_MEDIATED_SIGNALING_PATHWAY	0.005628	0.002198	0.005858	105	179	116
gse175540-GSM5924041_ffpe_c_51	GSE175540	GOBP_RESPONSE_TO_PROSTAGLANDIN_E	0.000921	0.000303	0.002037	105	179	28
gse175540-GSM5924041_ffpe_c_51	GSE175540	GOBP_CELL_ADHESION_MOLECULE_PRODUCTION	-0.015611	-0.012141	-0.017405	105	179	10
gse175540-GSM5924041_ffpe_c_51	GSE175540	GOBP_POSITIVE_REGULATION_OF_RNA_SPLICING	-0.011924	-0.00916	-0.006677	105	179	38
gse175540-GSM5924041_ffpe_c_51	GSE175540	GOBP_DEFINITIVE_HEMOPOIESIS	0.004365	0.001997	0.007264	105	179	19
gse175540-GSM5924041_ffpe_c_51	GSE175540	GOBP_PROTEIN_DEACETYLATION	0.004116	0.00359	0.004308	105	179	25
gse175540-GSM5924041_ffpe_c_51	GSE175540	GOBP_CELL_JUNCTION_DISASSEMBLY	-0.001186	-0.000173	-0.000151	105	179	31
gse175540-GSM5924041_ffpe_c_51	GSE175540	GOBP_REGULATION_OF_SYNAPTIC_VESICLE_ENDOCYTOSIS	-0.0009	-0.000598	0.001342	105	179	23
gse175540-GSM5924041_ffpe_c_51	GSE175540	GOBP_RESPONSE_TO_NITRIC_OXIDE	0.004174	0.004369	0.007265	105	179	22
gse175540-GSM5924041_ffpe_c_51	GSE175540	GOBP_REGULATION_OF_CELL_GROWTH_INVOLVED_IN_CARDIAC_MUSCLE_CELL_DEVELOPMENT	0.009158	0.007607	0.010498	105	179	17
gse175540-GSM5924041_ffpe_c_51	GSE175540	GOBP_INNERVATION	0.004242	0.002727	0.004808	105	179	27
gse175540-GSM5924041_ffpe_c_51	GSE175540	GOBP_RESPONSE_TO_ETHER	-0.001368	-0.001258	-0.000309	105	179	21
gse175540-GSM5924041_ffpe_c_51	GSE175540	GOBP_RESCUE_OF_STALLED_RIBOSOME	-0.000535	6e-06	-0.000537	105	179	29
gse175540-GSM5924041_ffpe_c_51	GSE175540	GOBP_NEGATIVE_REGULATION_OF_MUSCLE_HYPERTROPHY	0.006376	0.005747	0.006576	105	179	32
gse175540-GSM5924041_ffpe_c_51	GSE175540	GOBP_NEURON_INTRINSIC_APOPTOTIC_SIGNALING_PATHWAY_IN_RESPONSE_TO_OXIDATIVE_STRESS	0.008873	0.005906	0.01368	105	179	21
gse175540-GSM5924041_ffpe_c_51	GSE175540	GOBP_POSITIVE_REGULATION_OF_T_CELL_MIGRATION	0.004007	0.005127	0.006931	105	179	36
gse175540-GSM5924041_ffpe_c_51	GSE175540	GOBP_POSITIVE_REGULATION_OF_LEUKOCYTE_ADHESION_TO_VASCULAR_ENDOTHELIAL_CELL	0.007122	0.004339	0.009714	105	179	22
gse175540-GSM5924041_ffpe_c_51	GSE175540	CTRL_B_AXIS	0.001041	-0.001082	0.008111	105	179	45
gse175540-GSM5924041_ffpe_c_51	GSE175540	CTRL_MYC_V1	-0.004062	-0.000558	-0.002433	105	179	160
gse175540-GSM5924041_ffpe_c_51	GSE175540	CTRL_RANDOM_32	0.001915	0.001153	0.002701	105	179	28
gse175540-GSM5924041_ffpe_c_51	GSE175540	HALLMARK_INTERFERON_GAMMA_RESPONSE	-0.001259	-0.000182	0.00099	105	179	191
gse175540-GSM5924041_ffpe_c_51	GSE175540	HALLMARK_INTERFERON_ALPHA_RESPONSE	-0.001315	-0.000626	0.00115	105	179	93
gse175540-GSM5924041_ffpe_c_51	GSE175540	HALLMARK_G2M_CHECKPOINT	0.000753	0.001193	0.001481	105	179	179
gse175540-GSM5924041_ffpe_c_51	GSE175540	HALLMARK_EPITHELIAL_MESENCHYMAL_TRANSITION	0.012085	0.00555	0.012297	105	179	189
gse175540-GSM5924041_ffpe_c_51	GSE175540	GENE_CXCL13	0.007783	0.006869	0.015292	105	179	1
gse175540-GSM5924041_ffpe_c_51	GSE175540	GENE_CCL19	0.002629	-0.001445	0.015645	105	179	1
gse175540-GSM5924041_ffpe_c_51	GSE175540	GENE_CCL21	0.030907	0.02795	0.030363	105	179	1
gse175540-GSM5924041_ffpe_c_51	GSE175540	GENE_LTB	-0.003139	-0.003432	0.0	105	179	1
gse175540-GSM5924041_ffpe_c_51	GSE175540	GENE_CD74	0.00857	0.008164	0.015104	105	179	1
gse175540-GSM5924041_ffpe_c_51	GSE175540	GENE_HLA_DRA	0.046333	0.045783	0.063463	105	179	1
gse175540-GSM5924041_ffpe_c_51	GSE175540	GENE_IFNG	-1e-05	1.5e-05	0.0	105	179	1
gse175540-GSM5924041_ffpe_c_51	GSE175540	GENE_CXCL9	0.000727	0.000304	0.001913	105	179	1
gse175540-GSM5924041_ffpe_c_51	GSE175540	GENE_GZMB	0.000162	-0.000646	0.0	105	179	1
gse175540-GSM5924041_ffpe_c_51	GSE175540	GENE_CD8A	-0.003229	-0.003266	-0.003332	105	179	1
gse175540-GSM5924041_ffpe_c_51	GSE175540	GENE_MKI67	4.7e-05	-0.000265	0.0	105	179	1
gse175540-GSM5924041_ffpe_c_51	GSE175540	GENE_COL1A1	0.013592	0.009412	0.010545	105	179	1
gse175540-GSM5924044_frozen_a_15	GSE175540	GOBP_REGULATION_OF_INTEGRIN_MEDIATED_SIGNALING_PATHWAY	-0.009343	-0.005642	0.001602	30	57	23
gse175540-GSM5924044_frozen_a_15	GSE175540	GOBP_COMPLEMENT_ACTIVATION_CLASSICAL_PATHWAY	0.004819	0.00334	0.04264	30	57	40
gse175540-GSM5924044_frozen_a_15	GSE175540	GOBP_PEPTIDE_ANTIGEN_ASSEMBLY_WITH_MHC_PROTEIN_COMPLEX	0.014743	0.010351	0.068422	30	57	19
gse175540-GSM5924044_frozen_a_15	GSE175540	GOBP_NEGATIVE_REGULATION_OF_REACTIVE_OXYGEN_SPECIES_BIOSYNTHETIC_PROCESS	0.012151	0.008366	0.024186	30	57	17
gse175540-GSM5924044_frozen_a_15	GSE175540	GOBP_MRNA_5_SPLICE_SITE_RECOGNITION	0.004341	0.002596	0.00748	30	57	7
gse175540-GSM5924044_frozen_a_15	GSE175540	GOBP_RESPONSE_TO_INTERFERON_ALPHA	0.009596	0.007477	0.02749	30	57	21
gse175540-GSM5924044_frozen_a_15	GSE175540	GOBP_POSITIVE_REGULATION_OF_VASCULAR_ASSOCIATED_SMOOTH_MUSCLE_CELL_MIGRATION	-0.015456	-0.010955	-0.0101	30	57	16
gse175540-GSM5924044_frozen_a_15	GSE175540	GOBP_NEGATIVE_REGULATION_OF_EXTRACELLULAR_MATRIX_ORGANIZATION	0.010928	0.009294	0.025892	30	57	15
gse175540-GSM5924044_frozen_a_15	GSE175540	GOBP_CELL_FATE_DETERMINATION	-0.000913	-0.000899	0.001096	30	57	43
gse175540-GSM5924044_frozen_a_15	GSE175540	GOBP_HYPERSENSITIVITY	0.014958	0.013228	0.044368	30	57	19
gse175540-GSM5924044_frozen_a_15	GSE175540	GOBP_NEGATIVE_REGULATION_OF_BLOOD_VESSEL_ENDOTHELIAL_CELL_PROLIFERATION_INVOLVED_IN_SPROUTING_ANGIOGENESIS	-0.0052	0.003036	-0.004862	30	57	7
gse175540-GSM5924044_frozen_a_15	GSE175540	GOBP_PHYSIOLOGICAL_CARDIAC_MUSCLE_HYPERTROPHY	1e-05	0.002597	-0.001678	30	57	24
gse175540-GSM5924044_frozen_a_15	GSE175540	GOBP_INTEGRIN_MEDIATED_SIGNALING_PATHWAY	-0.011493	-0.008202	0.001552	30	57	118
gse175540-GSM5924044_frozen_a_15	GSE175540	GOBP_RESPONSE_TO_PROSTAGLANDIN_E	0.005015	0.005509	0.015279	30	57	28
gse175540-GSM5924044_frozen_a_15	GSE175540	GOBP_CELL_ADHESION_MOLECULE_PRODUCTION	0.018512	0.019376	0.025061	30	57	11
gse175540-GSM5924044_frozen_a_15	GSE175540	GOBP_POSITIVE_REGULATION_OF_RNA_SPLICING	0.001456	0.000214	0.01098	30	57	48
gse175540-GSM5924044_frozen_a_15	GSE175540	GOBP_DEFINITIVE_HEMOPOIESIS	0.007134	0.003776	0.014548	30	57	21
gse175540-GSM5924044_frozen_a_15	GSE175540	GOBP_PROTEIN_DEACETYLATION	-0.002555	-0.002458	0.001487	30	57	25
gse175540-GSM5924044_frozen_a_15	GSE175540	GOBP_CELL_JUNCTION_DISASSEMBLY	-0.005765	-0.004829	0.005844	30	57	33
gse175540-GSM5924044_frozen_a_15	GSE175540	GOBP_REGULATION_OF_SYNAPTIC_VESICLE_ENDOCYTOSIS	0.006473	0.00541	0.016302	30	57	24
gse175540-GSM5924044_frozen_a_15	GSE175540	GOBP_RESPONSE_TO_NITRIC_OXIDE	0.000283	-0.002887	0.012311	30	57	22
gse175540-GSM5924044_frozen_a_15	GSE175540	GOBP_REGULATION_OF_CELL_GROWTH_INVOLVED_IN_CARDIAC_MUSCLE_CELL_DEVELOPMENT	0.006484	0.007651	0.004638	30	57	17
gse175540-GSM5924044_frozen_a_15	GSE175540	GOBP_INNERVATION	0.010612	0.00969	0.013791	30	57	29
gse175540-GSM5924044_frozen_a_15	GSE175540	GOBP_RESPONSE_TO_ETHER	-0.006693	-0.007857	0.004165	30	57	22
gse175540-GSM5924044_frozen_a_15	GSE175540	GOBP_RESCUE_OF_STALLED_RIBOSOME	-0.000664	-0.000806	0.000933	30	57	31
gse175540-GSM5924044_frozen_a_15	GSE175540	GOBP_NEGATIVE_REGULATION_OF_MUSCLE_HYPERTROPHY	-0.013537	-0.010759	-0.010041	30	57	33
gse175540-GSM5924044_frozen_a_15	GSE175540	GOBP_NEURON_INTRINSIC_APOPTOTIC_SIGNALING_PATHWAY_IN_RESPONSE_TO_OXIDATIVE_STRESS	0.00466	0.005765	0.014652	30	57	23
gse175540-GSM5924044_frozen_a_15	GSE175540	GOBP_POSITIVE_REGULATION_OF_T_CELL_MIGRATION	0.019939	0.015818	0.046429	30	57	37
gse175540-GSM5924044_frozen_a_15	GSE175540	GOBP_POSITIVE_REGULATION_OF_LEUKOCYTE_ADHESION_TO_VASCULAR_ENDOTHELIAL_CELL	0.009799	0.006402	0.028335	30	57	22
gse175540-GSM5924044_frozen_a_15	GSE175540	CTRL_B_AXIS	-0.000967	-0.001797	0.025164	30	57	48
gse175540-GSM5924044_frozen_a_15	GSE175540	CTRL_MYC_V1	0.008665	0.004295	0.018452	30	57	195
gse175540-GSM5924044_frozen_a_15	GSE175540	CTRL_RANDOM_32	-0.004733	-0.005147	-0.002993	30	57	28
gse175540-GSM5924044_frozen_a_15	GSE175540	HALLMARK_INTERFERON_GAMMA_RESPONSE	0.01473	0.009224	0.033282	30	57	196
gse175540-GSM5924044_frozen_a_15	GSE175540	HALLMARK_INTERFERON_ALPHA_RESPONSE	0.010685	0.004253	0.02665	30	57	96
gse175540-GSM5924044_frozen_a_15	GSE175540	HALLMARK_G2M_CHECKPOINT	-0.00152	-0.00216	0.00062	30	57	194
gse175540-GSM5924044_frozen_a_15	GSE175540	HALLMARK_EPITHELIAL_MESENCHYMAL_TRANSITION	-0.009112	-0.004678	0.004572	30	57	200
gse175540-GSM5924044_frozen_a_15	GSE175540	GENE_CXCL13	0.042759	0.03091	0.070688	30	57	1
gse175540-GSM5924044_frozen_a_15	GSE175540	GENE_CCL19	-0.00778	-0.000446	0.084397	30	57	1
gse175540-GSM5924044_frozen_a_15	GSE175540	GENE_CCL21	0.124255	0.125419	0.238595	30	57	1
gse175540-GSM5924044_frozen_a_15	GSE175540	GENE_LTB	-0.01838	-0.020961	0.025929	30	57	1
gse175540-GSM5924044_frozen_a_15	GSE175540	GENE_CD74	-0.002511	-0.000465	0.00089	30	57	1
gse175540-GSM5924044_frozen_a_15	GSE175540	GENE_HLA_DRA	0.000911	0.000387	0.018004	30	57	1
gse175540-GSM5924044_frozen_a_15	GSE175540	GENE_IFNG	0.000286	0.0016	0.0	30	57	1
gse175540-GSM5924044_frozen_a_15	GSE175540	GENE_CXCL9	-0.011119	-0.057141	0.083494	30	57	1
gse175540-GSM5924044_frozen_a_15	GSE175540	GENE_GZMB	-0.001393	-0.000541	0.0	30	57	1
gse175540-GSM5924044_frozen_a_15	GSE175540	GENE_CD8A	0.045627	-0.008479	0.150736	30	57	1
gse175540-GSM5924044_frozen_a_15	GSE175540	GENE_MKI67	0.002171	0.004494	0.0	30	57	1
gse175540-GSM5924044_frozen_a_15	GSE175540	GENE_COL1A1	-0.118658	-0.098229	-0.048964	30	57	1
gse175540-GSM5924046_frozen_b_1	GSE175540	GOBP_REGULATION_OF_INTEGRIN_MEDIATED_SIGNALING_PATHWAY	-0.011522	-0.012855	-0.009467	79	78	23
gse175540-GSM5924046_frozen_b_1	GSE175540	GOBP_COMPLEMENT_ACTIVATION_CLASSICAL_PATHWAY	0.002306	0.000851	0.022138	79	78	40
gse175540-GSM5924046_frozen_b_1	GSE175540	GOBP_PEPTIDE_ANTIGEN_ASSEMBLY_WITH_MHC_PROTEIN_COMPLEX	-0.000432	-0.004371	0.012779	79	78	19
gse175540-GSM5924046_frozen_b_1	GSE175540	GOBP_NEGATIVE_REGULATION_OF_REACTIVE_OXYGEN_SPECIES_BIOSYNTHETIC_PROCESS	-0.009233	-0.007834	-0.006416	79	78	17
gse175540-GSM5924046_frozen_b_1	GSE175540	GOBP_MRNA_5_SPLICE_SITE_RECOGNITION	-0.003389	-0.002526	-0.003406	79	78	7
gse175540-GSM5924046_frozen_b_1	GSE175540	GOBP_RESPONSE_TO_INTERFERON_ALPHA	-0.012925	-0.01243	-0.009467	79	78	21
gse175540-GSM5924046_frozen_b_1	GSE175540	GOBP_POSITIVE_REGULATION_OF_VASCULAR_ASSOCIATED_SMOOTH_MUSCLE_CELL_MIGRATION	-0.003075	-0.003342	0.002497	79	78	16
gse175540-GSM5924046_frozen_b_1	GSE175540	GOBP_NEGATIVE_REGULATION_OF_EXTRACELLULAR_MATRIX_ORGANIZATION	0.000703	0.002431	0.002408	79	78	15
gse175540-GSM5924046_frozen_b_1	GSE175540	GOBP_CELL_FATE_DETERMINATION	-0.001174	-0.001046	-0.000969	79	78	43
gse175540-GSM5924046_frozen_b_1	GSE175540	GOBP_HYPERSENSITIVITY	0.005836	0.005747	0.016505	79	78	19
gse175540-GSM5924046_frozen_b_1	GSE175540	GOBP_NEGATIVE_REGULATION_OF_BLOOD_VESSEL_ENDOTHELIAL_CELL_PROLIFERATION_INVOLVED_IN_SPROUTING_ANGIOGENESIS	0.00374	0.004091	0.002912	79	78	7
gse175540-GSM5924046_frozen_b_1	GSE175540	GOBP_PHYSIOLOGICAL_CARDIAC_MUSCLE_HYPERTROPHY	0.000217	0.000928	-0.001231	79	78	24
gse175540-GSM5924046_frozen_b_1	GSE175540	GOBP_INTEGRIN_MEDIATED_SIGNALING_PATHWAY	-0.003312	-0.003138	0.000229	79	78	118
gse175540-GSM5924046_frozen_b_1	GSE175540	GOBP_RESPONSE_TO_PROSTAGLANDIN_E	-0.00177	-0.001519	-0.001647	79	78	28
gse175540-GSM5924046_frozen_b_1	GSE175540	GOBP_CELL_ADHESION_MOLECULE_PRODUCTION	-0.008644	-0.008607	-0.00723	79	78	11
gse175540-GSM5924046_frozen_b_1	GSE175540	GOBP_POSITIVE_REGULATION_OF_RNA_SPLICING	-0.007679	-0.006681	-0.007033	79	78	48
gse175540-GSM5924046_frozen_b_1	GSE175540	GOBP_DEFINITIVE_HEMOPOIESIS	0.000289	0.002446	0.000452	79	78	21
gse175540-GSM5924046_frozen_b_1	GSE175540	GOBP_PROTEIN_DEACETYLATION	0.000932	0.000966	0.000626	79	78	25
gse175540-GSM5924046_frozen_b_1	GSE175540	GOBP_CELL_JUNCTION_DISASSEMBLY	0.003731	0.001875	0.007831	79	78	33
gse175540-GSM5924046_frozen_b_1	GSE175540	GOBP_REGULATION_OF_SYNAPTIC_VESICLE_ENDOCYTOSIS	-0.005556	-0.005407	-0.001077	79	78	24
gse175540-GSM5924046_frozen_b_1	GSE175540	GOBP_RESPONSE_TO_NITRIC_OXIDE	-0.004985	-0.003321	-0.001929	79	78	22
gse175540-GSM5924046_frozen_b_1	GSE175540	GOBP_REGULATION_OF_CELL_GROWTH_INVOLVED_IN_CARDIAC_MUSCLE_CELL_DEVELOPMENT	-0.001711	-0.001348	-0.002624	79	78	17
gse175540-GSM5924046_frozen_b_1	GSE175540	GOBP_INNERVATION	-0.000546	-0.001336	0.000666	79	78	29
gse175540-GSM5924046_frozen_b_1	GSE175540	GOBP_RESPONSE_TO_ETHER	0.002045	0.0005	0.006306	79	78	22
gse175540-GSM5924046_frozen_b_1	GSE175540	GOBP_RESCUE_OF_STALLED_RIBOSOME	0.002705	0.003172	0.001496	79	78	31
gse175540-GSM5924046_frozen_b_1	GSE175540	GOBP_NEGATIVE_REGULATION_OF_MUSCLE_HYPERTROPHY	-0.004962	-0.004552	-0.004206	79	78	33
gse175540-GSM5924046_frozen_b_1	GSE175540	GOBP_NEURON_INTRINSIC_APOPTOTIC_SIGNALING_PATHWAY_IN_RESPONSE_TO_OXIDATIVE_STRESS	1.6e-05	0.000644	0.003974	79	78	23
gse175540-GSM5924046_frozen_b_1	GSE175540	GOBP_POSITIVE_REGULATION_OF_T_CELL_MIGRATION	-0.008305	-0.005424	-0.004096	79	78	37
gse175540-GSM5924046_frozen_b_1	GSE175540	GOBP_POSITIVE_REGULATION_OF_LEUKOCYTE_ADHESION_TO_VASCULAR_ENDOTHELIAL_CELL	0.003291	0.004332	0.005482	79	78	22
gse175540-GSM5924046_frozen_b_1	GSE175540	CTRL_B_AXIS	-0.000701	0.001585	0.012389	79	78	48
gse175540-GSM5924046_frozen_b_1	GSE175540	CTRL_MYC_V1	-0.006908	-0.007024	-0.001704	79	78	195
gse175540-GSM5924046_frozen_b_1	GSE175540	CTRL_RANDOM_32	0.000571	0.000639	0.003718	79	78	28
gse175540-GSM5924046_frozen_b_1	GSE175540	HALLMARK_INTERFERON_GAMMA_RESPONSE	-0.001242	0.000261	0.00432	79	78	196
gse175540-GSM5924046_frozen_b_1	GSE175540	HALLMARK_INTERFERON_ALPHA_RESPONSE	-0.004372	-0.002597	0.000766	79	78	96
gse175540-GSM5924046_frozen_b_1	GSE175540	HALLMARK_G2M_CHECKPOINT	-0.002141	-0.002312	-0.001963	79	78	194
gse175540-GSM5924046_frozen_b_1	GSE175540	HALLMARK_EPITHELIAL_MESENCHYMAL_TRANSITION	-0.005627	-0.004668	-0.002212	79	78	200
gse175540-GSM5924046_frozen_b_1	GSE175540	GENE_CXCL13	-0.015735	-0.013406	-0.012579	79	78	1
gse175540-GSM5924046_frozen_b_1	GSE175540	GENE_CCL19	-0.006076	-0.000535	-0.004596	79	78	1
gse175540-GSM5924046_frozen_b_1	GSE175540	GENE_CCL21	-0.036463	-0.032322	-0.037447	79	78	1
gse175540-GSM5924046_frozen_b_1	GSE175540	GENE_LTB	-0.006613	-0.000706	-0.002866	79	78	1
gse175540-GSM5924046_frozen_b_1	GSE175540	GENE_CD74	-0.000355	-0.002106	0.001485	79	78	1
gse175540-GSM5924046_frozen_b_1	GSE175540	GENE_HLA_DRA	0.009331	0.007241	0.010221	79	78	1
gse175540-GSM5924046_frozen_b_1	GSE175540	GENE_IFNG	-5.6e-05	-0.000202	0.0	79	78	1
gse175540-GSM5924046_frozen_b_1	GSE175540	GENE_CXCL9	-0.0084	0.004436	0.010425	79	78	1
gse175540-GSM5924046_frozen_b_1	GSE175540	GENE_GZMB	-0.005313	-0.003379	-0.005016	79	78	1
gse175540-GSM5924046_frozen_b_1	GSE175540	GENE_CD8A	-0.005542	-0.003681	-0.002971	79	78	1
gse175540-GSM5924046_frozen_b_1	GSE175540	GENE_MKI67	0.000564	-0.000115	-0.001217	79	78	1
gse175540-GSM5924046_frozen_b_1	GSE175540	GENE_COL1A1	-0.011382	-0.010477	-0.006775	79	78	1
gse175540-GSM5924049_frozen_b_18	GSE175540	GOBP_REGULATION_OF_INTEGRIN_MEDIATED_SIGNALING_PATHWAY	0.006469	0.004847	-0.00945	51	51	23
gse175540-GSM5924049_frozen_b_18	GSE175540	GOBP_COMPLEMENT_ACTIVATION_CLASSICAL_PATHWAY	-0.01022	-0.00618	-0.010591	51	51	40
gse175540-GSM5924049_frozen_b_18	GSE175540	GOBP_PEPTIDE_ANTIGEN_ASSEMBLY_WITH_MHC_PROTEIN_COMPLEX	-0.014205	-8e-05	-0.016032	51	51	19
gse175540-GSM5924049_frozen_b_18	GSE175540	GOBP_NEGATIVE_REGULATION_OF_REACTIVE_OXYGEN_SPECIES_BIOSYNTHETIC_PROCESS	-0.006019	-0.002221	-0.013147	51	51	17
gse175540-GSM5924049_frozen_b_18	GSE175540	GOBP_MRNA_5_SPLICE_SITE_RECOGNITION	0.003307	0.004397	0.002107	51	51	7
gse175540-GSM5924049_frozen_b_18	GSE175540	GOBP_RESPONSE_TO_INTERFERON_ALPHA	-0.017418	-0.00939	-0.027374	51	51	21
gse175540-GSM5924049_frozen_b_18	GSE175540	GOBP_POSITIVE_REGULATION_OF_VASCULAR_ASSOCIATED_SMOOTH_MUSCLE_CELL_MIGRATION	0.004943	0.00375	0.003914	51	51	16
gse175540-GSM5924049_frozen_b_18	GSE175540	GOBP_NEGATIVE_REGULATION_OF_EXTRACELLULAR_MATRIX_ORGANIZATION	0.016573	0.016529	0.006496	51	51	15
gse175540-GSM5924049_frozen_b_18	GSE175540	GOBP_CELL_FATE_DETERMINATION	0.007425	0.006441	0.002441	51	51	43
gse175540-GSM5924049_frozen_b_18	GSE175540	GOBP_HYPERSENSITIVITY	-0.0026	0.003688	0.000258	51	51	19
gse175540-GSM5924049_frozen_b_18	GSE175540	GOBP_NEGATIVE_REGULATION_OF_BLOOD_VESSEL_ENDOTHELIAL_CELL_PROLIFERATION_INVOLVED_IN_SPROUTING_ANGIOGENESIS	-0.002354	-0.004477	-0.002304	51	51	7
gse175540-GSM5924049_frozen_b_18	GSE175540	GOBP_PHYSIOLOGICAL_CARDIAC_MUSCLE_HYPERTROPHY	0.005769	0.004541	0.005733	51	51	24
gse175540-GSM5924049_frozen_b_18	GSE175540	GOBP_INTEGRIN_MEDIATED_SIGNALING_PATHWAY	0.00083	0.002021	-0.007775	51	51	118
gse175540-GSM5924049_frozen_b_18	GSE175540	GOBP_RESPONSE_TO_PROSTAGLANDIN_E	-0.000715	-0.00076	-0.003194	51	51	28
gse175540-GSM5924049_frozen_b_18	GSE175540	GOBP_CELL_ADHESION_MOLECULE_PRODUCTION	0.003108	0.00416	-0.008032	51	51	11
gse175540-GSM5924049_frozen_b_18	GSE175540	GOBP_POSITIVE_REGULATION_OF_RNA_SPLICING	-0.001546	-0.000844	-0.010825	51	51	48
gse175540-GSM5924049_frozen_b_18	GSE175540	GOBP_DEFINITIVE_HEMOPOIESIS	-0.001293	-0.000307	-0.003691	51	51	21
gse175540-GSM5924049_frozen_b_18	GSE175540	GOBP_PROTEIN_DEACETYLATION	0.005199	0.003471	0.004899	51	51	25
gse175540-GSM5924049_frozen_b_18	GSE175540	GOBP_CELL_JUNCTION_DISASSEMBLY	-0.003439	-0.001607	-0.004833	51	51	33
gse175540-GSM5924049_frozen_b_18	GSE175540	GOBP_REGULATION_OF_SYNAPTIC_VESICLE_ENDOCYTOSIS	0.00154	0.005035	-0.005133	51	51	24
gse175540-GSM5924049_frozen_b_18	GSE175540	GOBP_RESPONSE_TO_NITRIC_OXIDE	-0.003591	-0.003087	-0.008697	51	51	22
gse175540-GSM5924049_frozen_b_18	GSE175540	GOBP_REGULATION_OF_CELL_GROWTH_INVOLVED_IN_CARDIAC_MUSCLE_CELL_DEVELOPMENT	0.00761	0.006742	0.007474	51	51	17
gse175540-GSM5924049_frozen_b_18	GSE175540	GOBP_INNERVATION	0.005332	0.003745	0.000796	51	51	29
gse175540-GSM5924049_frozen_b_18	GSE175540	GOBP_RESPONSE_TO_ETHER	0.007191	0.007971	0.00567	51	51	22
gse175540-GSM5924049_frozen_b_18	GSE175540	GOBP_RESCUE_OF_STALLED_RIBOSOME	0.000686	0.000155	0.000195	51	51	31
gse175540-GSM5924049_frozen_b_18	GSE175540	GOBP_NEGATIVE_REGULATION_OF_MUSCLE_HYPERTROPHY	0.000728	0.001168	-0.004118	51	51	33
gse175540-GSM5924049_frozen_b_18	GSE175540	GOBP_NEURON_INTRINSIC_APOPTOTIC_SIGNALING_PATHWAY_IN_RESPONSE_TO_OXIDATIVE_STRESS	-0.008026	-0.004689	-0.017006	51	51	23
gse175540-GSM5924049_frozen_b_18	GSE175540	GOBP_POSITIVE_REGULATION_OF_T_CELL_MIGRATION	-0.009269	-0.00261	-0.008176	51	51	37
gse175540-GSM5924049_frozen_b_18	GSE175540	GOBP_POSITIVE_REGULATION_OF_LEUKOCYTE_ADHESION_TO_VASCULAR_ENDOTHELIAL_CELL	-0.003407	-0.000775	-0.002537	51	51	22
gse175540-GSM5924049_frozen_b_18	GSE175540	CTRL_B_AXIS	-0.001674	-0.000888	0.001323	51	51	48
gse175540-GSM5924049_frozen_b_18	GSE175540	CTRL_MYC_V1	-0.007322	-0.0032	-0.013577	51	51	195
gse175540-GSM5924049_frozen_b_18	GSE175540	CTRL_RANDOM_32	-0.006132	-0.005776	-0.007525	51	51	28
gse175540-GSM5924049_frozen_b_18	GSE175540	HALLMARK_INTERFERON_GAMMA_RESPONSE	-0.015817	-0.00458	-0.018621	51	51	196
gse175540-GSM5924049_frozen_b_18	GSE175540	HALLMARK_INTERFERON_ALPHA_RESPONSE	-0.019423	-0.004938	-0.022958	51	51	96
gse175540-GSM5924049_frozen_b_18	GSE175540	HALLMARK_G2M_CHECKPOINT	0.001273	0.002824	0.001383	51	51	194
gse175540-GSM5924049_frozen_b_18	GSE175540	HALLMARK_EPITHELIAL_MESENCHYMAL_TRANSITION	0.001111	0.001313	-0.013372	51	51	200
gse175540-GSM5924049_frozen_b_18	GSE175540	GENE_CXCL13	-0.011768	0.006371	-0.008947	51	51	1
gse175540-GSM5924049_frozen_b_18	GSE175540	GENE_CCL19	0.0	0.0	0.0	51	51	1
gse175540-GSM5924049_frozen_b_18	GSE175540	GENE_CCL21	-0.002746	-0.00092	-0.000418	51	51	1
gse175540-GSM5924049_frozen_b_18	GSE175540	GENE_LTB	0.009815	0.010205	0.012108	51	51	1
gse175540-GSM5924049_frozen_b_18	GSE175540	GENE_CD74	-0.000514	-0.000131	-0.000836	51	51	1
gse175540-GSM5924049_frozen_b_18	GSE175540	GENE_HLA_DRA	-0.000321	0.003326	0.000911	51	51	1
gse175540-GSM5924049_frozen_b_18	GSE175540	GENE_IFNG	0.000495	0.001342	0.0	51	51	1
gse175540-GSM5924049_frozen_b_18	GSE175540	GENE_CXCL9	-0.006977	0.005112	0.024542	51	51	1
gse175540-GSM5924049_frozen_b_18	GSE175540	GENE_GZMB	-0.006997	-0.005788	-0.001864	51	51	1
gse175540-GSM5924049_frozen_b_18	GSE175540	GENE_CD8A	0.002482	0.011507	0.014411	51	51	1
gse175540-GSM5924049_frozen_b_18	GSE175540	GENE_MKI67	-0.002097	0.003209	0.00555	51	51	1
gse175540-GSM5924049_frozen_b_18	GSE175540	GENE_COL1A1	0.002632	0.013407	-0.038535	51	51	1
gse175540-GSM5924050_frozen_c_2	GSE175540	GOBP_REGULATION_OF_INTEGRIN_MEDIATED_SIGNALING_PATHWAY	-0.027591	-0.016511	-0.048861	69	82	23
gse175540-GSM5924050_frozen_c_2	GSE175540	GOBP_COMPLEMENT_ACTIVATION_CLASSICAL_PATHWAY	0.002804	0.010123	-0.005125	69	82	40
gse175540-GSM5924050_frozen_c_2	GSE175540	GOBP_PEPTIDE_ANTIGEN_ASSEMBLY_WITH_MHC_PROTEIN_COMPLEX	-0.048285	-0.021726	-0.099373	69	82	19
gse175540-GSM5924050_frozen_c_2	GSE175540	GOBP_NEGATIVE_REGULATION_OF_REACTIVE_OXYGEN_SPECIES_BIOSYNTHETIC_PROCESS	-0.014303	-0.004382	-0.027368	69	82	17
gse175540-GSM5924050_frozen_c_2	GSE175540	GOBP_MRNA_5_SPLICE_SITE_RECOGNITION	0.006228	0.01125	0.001053	69	82	7
gse175540-GSM5924050_frozen_c_2	GSE175540	GOBP_RESPONSE_TO_INTERFERON_ALPHA	-0.002541	0.002788	-0.015346	69	82	21
gse175540-GSM5924050_frozen_c_2	GSE175540	GOBP_POSITIVE_REGULATION_OF_VASCULAR_ASSOCIATED_SMOOTH_MUSCLE_CELL_MIGRATION	-0.006305	0.000122	-0.017135	69	82	16
gse175540-GSM5924050_frozen_c_2	GSE175540	GOBP_NEGATIVE_REGULATION_OF_EXTRACELLULAR_MATRIX_ORGANIZATION	-0.002607	0.005701	-0.016647	69	82	15
gse175540-GSM5924050_frozen_c_2	GSE175540	GOBP_CELL_FATE_DETERMINATION	-0.005398	-0.003245	-0.010605	69	82	43
gse175540-GSM5924050_frozen_c_2	GSE175540	GOBP_HYPERSENSITIVITY	0.004549	0.013801	-0.007439	69	82	19
gse175540-GSM5924050_frozen_c_2	GSE175540	GOBP_NEGATIVE_REGULATION_OF_BLOOD_VESSEL_ENDOTHELIAL_CELL_PROLIFERATION_INVOLVED_IN_SPROUTING_ANGIOGENESIS	0.00221	-0.000265	8.8e-05	69	82	7
gse175540-GSM5924050_frozen_c_2	GSE175540	GOBP_PHYSIOLOGICAL_CARDIAC_MUSCLE_HYPERTROPHY	-0.003342	-0.003113	-0.006397	69	82	24
gse175540-GSM5924050_frozen_c_2	GSE175540	GOBP_INTEGRIN_MEDIATED_SIGNALING_PATHWAY	-0.011997	-0.002884	-0.026166	69	82	118
gse175540-GSM5924050_frozen_c_2	GSE175540	GOBP_RESPONSE_TO_PROSTAGLANDIN_E	-0.009087	-0.005532	-0.016151	69	82	28
gse175540-GSM5924050_frozen_c_2	GSE175540	GOBP_CELL_ADHESION_MOLECULE_PRODUCTION	-0.011753	-0.005395	-0.026585	69	82	11
gse175540-GSM5924050_frozen_c_2	GSE175540	GOBP_POSITIVE_REGULATION_OF_RNA_SPLICING	-0.008385	-0.003726	-0.016736	69	82	48
gse175540-GSM5924050_frozen_c_2	GSE175540	GOBP_DEFINITIVE_HEMOPOIESIS	0.002144	0.003791	-0.003367	69	82	21
gse175540-GSM5924050_frozen_c_2	GSE175540	GOBP_PROTEIN_DEACETYLATION	-0.013225	-0.00785	-0.020768	69	82	25
gse175540-GSM5924050_frozen_c_2	GSE175540	GOBP_CELL_JUNCTION_DISASSEMBLY	-0.007411	-0.001142	-0.020878	69	82	33
gse175540-GSM5924050_frozen_c_2	GSE175540	GOBP_REGULATION_OF_SYNAPTIC_VESICLE_ENDOCYTOSIS	-0.014584	-0.00568	-0.031258	69	82	24
gse175540-GSM5924050_frozen_c_2	GSE175540	GOBP_RESPONSE_TO_NITRIC_OXIDE	-0.01162	-0.003714	-0.020959	69	82	22
gse175540-GSM5924050_frozen_c_2	GSE175540	GOBP_REGULATION_OF_CELL_GROWTH_INVOLVED_IN_CARDIAC_MUSCLE_CELL_DEVELOPMENT	-0.004761	-0.004155	-0.008362	69	82	17
gse175540-GSM5924050_frozen_c_2	GSE175540	GOBP_INNERVATION	-0.006386	-0.001532	-0.013845	69	82	29
gse175540-GSM5924050_frozen_c_2	GSE175540	GOBP_RESPONSE_TO_ETHER	-0.015564	-0.008019	-0.029496	69	82	22
gse175540-GSM5924050_frozen_c_2	GSE175540	GOBP_RESCUE_OF_STALLED_RIBOSOME	-0.004085	-0.000702	-0.010582	69	82	31
gse175540-GSM5924050_frozen_c_2	GSE175540	GOBP_NEGATIVE_REGULATION_OF_MUSCLE_HYPERTROPHY	-0.014189	-0.009121	-0.024361	69	82	33
gse175540-GSM5924050_frozen_c_2	GSE175540	GOBP_NEURON_INTRINSIC_APOPTOTIC_SIGNALING_PATHWAY_IN_RESPONSE_TO_OXIDATIVE_STRESS	-0.010812	-0.005046	-0.021208	69	82	23
gse175540-GSM5924050_frozen_c_2	GSE175540	GOBP_POSITIVE_REGULATION_OF_T_CELL_MIGRATION	-0.011589	-0.003603	-0.023945	69	82	37
gse175540-GSM5924050_frozen_c_2	GSE175540	GOBP_POSITIVE_REGULATION_OF_LEUKOCYTE_ADHESION_TO_VASCULAR_ENDOTHELIAL_CELL	-0.006222	-0.002127	-0.014898	69	82	22
gse175540-GSM5924050_frozen_c_2	GSE175540	CTRL_B_AXIS	0.000306	0.00128	0.007001	69	82	48
gse175540-GSM5924050_frozen_c_2	GSE175540	CTRL_MYC_V1	-0.021034	-0.007406	-0.045069	69	82	195
gse175540-GSM5924050_frozen_c_2	GSE175540	CTRL_RANDOM_32	-0.003464	2.3e-05	-0.010391	69	82	28
gse175540-GSM5924050_frozen_c_2	GSE175540	HALLMARK_INTERFERON_GAMMA_RESPONSE	-0.016381	-0.005903	-0.032296	69	82	196
gse175540-GSM5924050_frozen_c_2	GSE175540	HALLMARK_INTERFERON_ALPHA_RESPONSE	-0.010478	-0.001293	-0.025412	69	82	96
gse175540-GSM5924050_frozen_c_2	GSE175540	HALLMARK_G2M_CHECKPOINT	-0.00212	0.001688	-0.008949	69	82	194
gse175540-GSM5924050_frozen_c_2	GSE175540	HALLMARK_EPITHELIAL_MESENCHYMAL_TRANSITION	-0.008541	-0.001887	-0.026653	69	82	200
gse175540-GSM5924050_frozen_c_2	GSE175540	GENE_CXCL13	-0.021022	-0.019326	-0.018259	69	82	1
gse175540-GSM5924050_frozen_c_2	GSE175540	GENE_CCL19	-0.006249	-0.004942	0.0	69	82	1
gse175540-GSM5924050_frozen_c_2	GSE175540	GENE_CCL21	0.016833	0.015361	0.024491	69	82	1
gse175540-GSM5924050_frozen_c_2	GSE175540	GENE_LTB	-0.015943	-0.0124	-0.002043	69	82	1
gse175540-GSM5924050_frozen_c_2	GSE175540	GENE_CD74	0.013494	0.037519	-0.027888	69	82	1
gse175540-GSM5924050_frozen_c_2	GSE175540	GENE_HLA_DRA	-0.050895	-0.015704	-0.092088	69	82	1
gse175540-GSM5924050_frozen_c_2	GSE175540	GENE_IFNG	0.000788	0.000332	0.0	69	82	1
gse175540-GSM5924050_frozen_c_2	GSE175540	GENE_CXCL9	-0.064979	-0.052706	-0.101611	69	82	1
gse175540-GSM5924050_frozen_c_2	GSE175540	GENE_GZMB	0.010875	0.008302	0.003838	69	82	1
gse175540-GSM5924050_frozen_c_2	GSE175540	GENE_CD8A	0.002164	0.006411	0.001475	69	82	1
gse175540-GSM5924050_frozen_c_2	GSE175540	GENE_MKI67	-0.009479	-0.004463	-0.017281	69	82	1
gse175540-GSM5924050_frozen_c_2	GSE175540	GENE_COL1A1	-0.050749	-0.04755	-0.078175	69	82	1
gse175540-GSM5924051_frozen_c_5	GSE175540	GOBP_REGULATION_OF_INTEGRIN_MEDIATED_SIGNALING_PATHWAY	-0.006885	-0.004153	-0.010138	30	44	23
gse175540-GSM5924051_frozen_c_5	GSE175540	GOBP_COMPLEMENT_ACTIVATION_CLASSICAL_PATHWAY	-0.013344	-0.009382	-0.009131	30	44	40
gse175540-GSM5924051_frozen_c_5	GSE175540	GOBP_PEPTIDE_ANTIGEN_ASSEMBLY_WITH_MHC_PROTEIN_COMPLEX	-0.007596	-0.007339	0.003022	30	44	19
gse175540-GSM5924051_frozen_c_5	GSE175540	GOBP_NEGATIVE_REGULATION_OF_REACTIVE_OXYGEN_SPECIES_BIOSYNTHETIC_PROCESS	-0.000367	-0.000527	0.002202	30	44	17
gse175540-GSM5924051_frozen_c_5	GSE175540	GOBP_MRNA_5_SPLICE_SITE_RECOGNITION	-0.018406	-0.015086	-0.018756	30	44	7
gse175540-GSM5924051_frozen_c_5	GSE175540	GOBP_RESPONSE_TO_INTERFERON_ALPHA	-0.006503	-0.004781	-0.003177	30	44	21
gse175540-GSM5924051_frozen_c_5	GSE175540	GOBP_POSITIVE_REGULATION_OF_VASCULAR_ASSOCIATED_SMOOTH_MUSCLE_CELL_MIGRATION	0.004308	0.00637	0.00222	30	44	16
gse175540-GSM5924051_frozen_c_5	GSE175540	GOBP_NEGATIVE_REGULATION_OF_EXTRACELLULAR_MATRIX_ORGANIZATION	-0.008813	-0.004104	-0.007322	30	44	15
gse175540-GSM5924051_frozen_c_5	GSE175540	GOBP_CELL_FATE_DETERMINATION	-0.004449	-0.003084	-0.003727	30	44	43
gse175540-GSM5924051_frozen_c_5	GSE175540	GOBP_HYPERSENSITIVITY	0.003447	0.002493	0.004822	30	44	19
gse175540-GSM5924051_frozen_c_5	GSE175540	GOBP_NEGATIVE_REGULATION_OF_BLOOD_VESSEL_ENDOTHELIAL_CELL_PROLIFERATION_INVOLVED_IN_SPROUTING_ANGIOGENESIS	-0.038246	-0.031774	-0.041594	30	44	7
gse175540-GSM5924051_frozen_c_5	GSE175540	GOBP_PHYSIOLOGICAL_CARDIAC_MUSCLE_HYPERTROPHY	-0.007426	-0.006517	-0.007555	30	44	24
gse175540-GSM5924051_frozen_c_5	GSE175540	GOBP_INTEGRIN_MEDIATED_SIGNALING_PATHWAY	-0.010877	-0.008015	-0.010265	30	44	118
gse175540-GSM5924051_frozen_c_5	GSE175540	GOBP_RESPONSE_TO_PROSTAGLANDIN_E	0.006715	0.006415	0.008381	30	44	28
gse175540-GSM5924051_frozen_c_5	GSE175540	GOBP_CELL_ADHESION_MOLECULE_PRODUCTION	0.003418	-0.001904	0.000678	30	44	11
gse175540-GSM5924051_frozen_c_5	GSE175540	GOBP_POSITIVE_REGULATION_OF_RNA_SPLICING	0.003307	0.003536	0.004672	30	44	48
gse175540-GSM5924051_frozen_c_5	GSE175540	GOBP_DEFINITIVE_HEMOPOIESIS	-0.003658	-0.003671	-0.002613	30	44	21
gse175540-GSM5924051_frozen_c_5	GSE175540	GOBP_PROTEIN_DEACETYLATION	-0.005257	-0.006111	-0.005013	30	44	25
gse175540-GSM5924051_frozen_c_5	GSE175540	GOBP_CELL_JUNCTION_DISASSEMBLY	-0.015949	-0.013922	-0.014126	30	44	33
gse175540-GSM5924051_frozen_c_5	GSE175540	GOBP_REGULATION_OF_SYNAPTIC_VESICLE_ENDOCYTOSIS	-0.008134	-0.008122	-0.00567	30	44	24
gse175540-GSM5924051_frozen_c_5	GSE175540	GOBP_RESPONSE_TO_NITRIC_OXIDE	0.003272	0.004078	0.006081	30	44	22
gse175540-GSM5924051_frozen_c_5	GSE175540	GOBP_REGULATION_OF_CELL_GROWTH_INVOLVED_IN_CARDIAC_MUSCLE_CELL_DEVELOPMENT	-0.00957	-0.009473	-0.010006	30	44	17
gse175540-GSM5924051_frozen_c_5	GSE175540	GOBP_INNERVATION	-0.011859	-0.007389	-0.010955	30	44	29
gse175540-GSM5924051_frozen_c_5	GSE175540	GOBP_RESPONSE_TO_ETHER	0.010955	0.009522	0.0104	30	44	22
gse175540-GSM5924051_frozen_c_5	GSE175540	GOBP_RESCUE_OF_STALLED_RIBOSOME	-0.003667	-0.005635	-0.0027	30	44	31
gse175540-GSM5924051_frozen_c_5	GSE175540	GOBP_NEGATIVE_REGULATION_OF_MUSCLE_HYPERTROPHY	-0.010683	-0.011044	-0.011242	30	44	33
gse175540-GSM5924051_frozen_c_5	GSE175540	GOBP_NEURON_INTRINSIC_APOPTOTIC_SIGNALING_PATHWAY_IN_RESPONSE_TO_OXIDATIVE_STRESS	-0.018784	-0.012609	-0.01638	30	44	23
gse175540-GSM5924051_frozen_c_5	GSE175540	GOBP_POSITIVE_REGULATION_OF_T_CELL_MIGRATION	0.006461	0.00724	0.009286	30	44	37
gse175540-GSM5924051_frozen_c_5	GSE175540	GOBP_POSITIVE_REGULATION_OF_LEUKOCYTE_ADHESION_TO_VASCULAR_ENDOTHELIAL_CELL	-0.000928	-0.001543	0.001825	30	44	22
gse175540-GSM5924051_frozen_c_5	GSE175540	CTRL_B_AXIS	-0.00552	-0.004782	0.000474	30	44	48
gse175540-GSM5924051_frozen_c_5	GSE175540	CTRL_MYC_V1	0.008482	0.008022	0.009634	30	44	195
gse175540-GSM5924051_frozen_c_5	GSE175540	CTRL_RANDOM_32	-0.006292	-0.006954	-0.005836	30	44	28
gse175540-GSM5924051_frozen_c_5	GSE175540	HALLMARK_INTERFERON_GAMMA_RESPONSE	-0.001144	-0.001321	0.001942	30	44	196
gse175540-GSM5924051_frozen_c_5	GSE175540	HALLMARK_INTERFERON_ALPHA_RESPONSE	-0.008226	-0.006834	-0.004816	30	44	96
gse175540-GSM5924051_frozen_c_5	GSE175540	HALLMARK_G2M_CHECKPOINT	-0.000408	-0.001272	-0.000293	30	44	194
gse175540-GSM5924051_frozen_c_5	GSE175540	HALLMARK_EPITHELIAL_MESENCHYMAL_TRANSITION	-0.017538	-0.010905	-0.017226	30	44	200
gse175540-GSM5924051_frozen_c_5	GSE175540	GENE_CXCL13	-0.030141	-0.031426	-0.020114	30	44	1
gse175540-GSM5924051_frozen_c_5	GSE175540	GENE_CCL19	0.020799	0.019695	0.02469	30	44	1
gse175540-GSM5924051_frozen_c_5	GSE175540	GENE_CCL21	-0.037109	-0.038265	-0.008505	30	44	1
gse175540-GSM5924051_frozen_c_5	GSE175540	GENE_LTB	0.02135	0.034838	0.048568	30	44	1
gse175540-GSM5924051_frozen_c_5	GSE175540	GENE_CD74	-0.005352	-0.00573	0.004084	30	44	1
gse175540-GSM5924051_frozen_c_5	GSE175540	GENE_HLA_DRA	0.002626	0.000308	0.003218	30	44	1
gse175540-GSM5924051_frozen_c_5	GSE175540	GENE_IFNG	0.017189	0.016984	0.017304	30	44	1
gse175540-GSM5924051_frozen_c_5	GSE175540	GENE_CXCL9	0.130477	0.136739	0.149309	30	44	1
gse175540-GSM5924051_frozen_c_5	GSE175540	GENE_GZMB	0.000233	0.01236	0.000387	30	44	1
gse175540-GSM5924051_frozen_c_5	GSE175540	GENE_CD8A	-0.055711	-0.039353	-0.045768	30	44	1
gse175540-GSM5924051_frozen_c_5	GSE175540	GENE_MKI67	-0.02198	-0.013548	-0.02044	30	44	1
gse175540-GSM5924051_frozen_c_5	GSE175540	GENE_COL1A1	-0.008467	0.009677	0.019982	30	44	1
gse175540-GSM5924052_frozen_c_23	GSE175540	GOBP_REGULATION_OF_INTEGRIN_MEDIATED_SIGNALING_PATHWAY	-0.006431	-0.001479	-0.011464	121	151	23
gse175540-GSM5924052_frozen_c_23	GSE175540	GOBP_COMPLEMENT_ACTIVATION_CLASSICAL_PATHWAY	0.007379	0.010669	0.010642	121	151	40
gse175540-GSM5924052_frozen_c_23	GSE175540	GOBP_PEPTIDE_ANTIGEN_ASSEMBLY_WITH_MHC_PROTEIN_COMPLEX	-0.023269	-0.009518	-0.026635	121	151	19
gse175540-GSM5924052_frozen_c_23	GSE175540	GOBP_NEGATIVE_REGULATION_OF_REACTIVE_OXYGEN_SPECIES_BIOSYNTHETIC_PROCESS	-0.011966	-0.008812	-0.010989	121	151	17
gse175540-GSM5924052_frozen_c_23	GSE175540	GOBP_MRNA_5_SPLICE_SITE_RECOGNITION	-0.0029	-0.000464	-0.003033	121	151	7
gse175540-GSM5924052_frozen_c_23	GSE175540	GOBP_RESPONSE_TO_INTERFERON_ALPHA	-0.001936	0.003574	-0.003582	121	151	21
gse175540-GSM5924052_frozen_c_23	GSE175540	GOBP_POSITIVE_REGULATION_OF_VASCULAR_ASSOCIATED_SMOOTH_MUSCLE_CELL_MIGRATION	-0.010208	-0.008344	-0.012257	121	151	16
gse175540-GSM5924052_frozen_c_23	GSE175540	GOBP_NEGATIVE_REGULATION_OF_EXTRACELLULAR_MATRIX_ORGANIZATION	-0.003114	0.000916	-0.006284	121	151	15
gse175540-GSM5924052_frozen_c_23	GSE175540	GOBP_CELL_FATE_DETERMINATION	-0.002378	-0.000901	-0.003309	121	151	43
gse175540-GSM5924052_frozen_c_23	GSE175540	GOBP_HYPERSENSITIVITY	-0.00465	0.00111	-0.001706	121	151	19
gse175540-GSM5924052_frozen_c_23	GSE175540	GOBP_NEGATIVE_REGULATION_OF_BLOOD_VESSEL_ENDOTHELIAL_CELL_PROLIFERATION_INVOLVED_IN_SPROUTING_ANGIOGENESIS	0.002747	0.004238	0.002197	121	151	7
gse175540-GSM5924052_frozen_c_23	GSE175540	GOBP_PHYSIOLOGICAL_CARDIAC_MUSCLE_HYPERTROPHY	0.00091	0.001468	0.000245	121	151	24
gse175540-GSM5924052_frozen_c_23	GSE175540	GOBP_INTEGRIN_MEDIATED_SIGNALING_PATHWAY	-0.007187	-0.003686	-0.008575	121	151	118
gse175540-GSM5924052_frozen_c_23	GSE175540	GOBP_RESPONSE_TO_PROSTAGLANDIN_E	-0.003247	-0.001363	-0.003054	121	151	28
gse175540-GSM5924052_frozen_c_23	GSE175540	GOBP_CELL_ADHESION_MOLECULE_PRODUCTION	-0.006627	-0.004342	-0.011378	121	151	11
gse175540-GSM5924052_frozen_c_23	GSE175540	GOBP_POSITIVE_REGULATION_OF_RNA_SPLICING	-0.000817	0.002423	-0.001941	121	151	48
gse175540-GSM5924052_frozen_c_23	GSE175540	GOBP_DEFINITIVE_HEMOPOIESIS	0.00492	0.006839	0.005622	121	151	21
gse175540-GSM5924052_frozen_c_23	GSE175540	GOBP_PROTEIN_DEACETYLATION	-0.003806	-0.001226	-0.004861	121	151	25
gse175540-GSM5924052_frozen_c_23	GSE175540	GOBP_CELL_JUNCTION_DISASSEMBLY	-0.002978	0.001331	-0.003831	121	151	33
gse175540-GSM5924052_frozen_c_23	GSE175540	GOBP_REGULATION_OF_SYNAPTIC_VESICLE_ENDOCYTOSIS	-0.005323	-0.000274	-0.007566	121	151	24
gse175540-GSM5924052_frozen_c_23	GSE175540	GOBP_RESPONSE_TO_NITRIC_OXIDE	-0.002616	-0.000204	-0.002387	121	151	22
gse175540-GSM5924052_frozen_c_23	GSE175540	GOBP_REGULATION_OF_CELL_GROWTH_INVOLVED_IN_CARDIAC_MUSCLE_CELL_DEVELOPMENT	0.000676	0.002217	-0.000163	121	151	17
gse175540-GSM5924052_frozen_c_23	GSE175540	GOBP_INNERVATION	-0.002831	-0.001706	-0.004537	121	151	29
gse175540-GSM5924052_frozen_c_23	GSE175540	GOBP_RESPONSE_TO_ETHER	-0.00935	-0.007161	-0.009935	121	151	22
gse175540-GSM5924052_frozen_c_23	GSE175540	GOBP_RESCUE_OF_STALLED_RIBOSOME	-0.002484	0.00104	-0.003642	121	151	31
gse175540-GSM5924052_frozen_c_23	GSE175540	GOBP_NEGATIVE_REGULATION_OF_MUSCLE_HYPERTROPHY	-0.003914	-0.002158	-0.005756	121	151	33
gse175540-GSM5924052_frozen_c_23	GSE175540	GOBP_NEURON_INTRINSIC_APOPTOTIC_SIGNALING_PATHWAY_IN_RESPONSE_TO_OXIDATIVE_STRESS	-0.00346	0.000131	-0.004758	121	151	23
gse175540-GSM5924052_frozen_c_23	GSE175540	GOBP_POSITIVE_REGULATION_OF_T_CELL_MIGRATION	-0.010043	-0.007123	-0.010402	121	151	37
gse175540-GSM5924052_frozen_c_23	GSE175540	GOBP_POSITIVE_REGULATION_OF_LEUKOCYTE_ADHESION_TO_VASCULAR_ENDOTHELIAL_CELL	-0.009589	-0.008141	-0.009044	121	151	22
gse175540-GSM5924052_frozen_c_23	GSE175540	CTRL_B_AXIS	-0.002352	-0.001152	0.004782	121	151	48
gse175540-GSM5924052_frozen_c_23	GSE175540	CTRL_MYC_V1	-0.011189	-0.005407	-0.015547	121	151	195
gse175540-GSM5924052_frozen_c_23	GSE175540	CTRL_RANDOM_32	-0.005631	-0.003947	-0.006123	121	151	28
gse175540-GSM5924052_frozen_c_23	GSE175540	HALLMARK_INTERFERON_GAMMA_RESPONSE	-0.002918	0.001112	-0.004302	121	151	196
gse175540-GSM5924052_frozen_c_23	GSE175540	HALLMARK_INTERFERON_ALPHA_RESPONSE	-0.002517	0.001795	-0.003097	121	151	96
gse175540-GSM5924052_frozen_c_23	GSE175540	HALLMARK_G2M_CHECKPOINT	-0.000373	0.000936	-0.001084	121	151	194
gse175540-GSM5924052_frozen_c_23	GSE175540	HALLMARK_EPITHELIAL_MESENCHYMAL_TRANSITION	-0.005167	-0.001868	-0.009297	121	151	200
gse175540-GSM5924052_frozen_c_23	GSE175540	GENE_CXCL13	-0.001466	0.000414	0.001599	121	151	1
gse175540-GSM5924052_frozen_c_23	GSE175540	GENE_CCL19	-0.023154	-0.016201	-0.013264	121	151	1
gse175540-GSM5924052_frozen_c_23	GSE175540	GENE_CCL21	0.006017	0.00442	0.007147	121	151	1
gse175540-GSM5924052_frozen_c_23	GSE175540	GENE_LTB	0.001383	0.007901	0.011481	121	151	1
gse175540-GSM5924052_frozen_c_23	GSE175540	GENE_CD74	-0.01245	-0.009502	-0.016337	121	151	1
gse175540-GSM5924052_frozen_c_23	GSE175540	GENE_HLA_DRA	-0.000789	0.025617	-0.005263	121	151	1
gse175540-GSM5924052_frozen_c_23	GSE175540	GENE_IFNG	-0.000102	-0.000114	0.0	121	151	1
gse175540-GSM5924052_frozen_c_23	GSE175540	GENE_CXCL9	-0.007469	-0.00245	0.003405	121	151	1
gse175540-GSM5924052_frozen_c_23	GSE175540	GENE_GZMB	-0.00454	-0.004891	-0.001659	121	151	1
gse175540-GSM5924052_frozen_c_23	GSE175540	GENE_CD8A	-0.004779	-0.005526	-4.4e-05	121	151	1
gse175540-GSM5924052_frozen_c_23	GSE175540	GENE_MKI67	-0.002414	-0.002807	-0.001525	121	151	1
gse175540-GSM5924052_frozen_c_23	GSE175540	GENE_COL1A1	0.083769	0.06361	0.073677	121	151	1
