section_id	cohort	set_id	raw_contrast	own_contrast	local_contrast	n_near	n_far	k_used
usz-KC1	USZ	GOBP_NEGATIVE_REGULATION_OF_VASCULAR_ENDOTHELIAL_GROWTH_FACTOR_PRODUCTION	-0.024612	-0.023983	-0.016143	109	269	1
usz-KC1	USZ	GOBP_REGULATION_OF_INTEGRIN_MEDIATED_SIGNALING_PATHWAY	-0.004394	-0.00363	-0.004444	109	269	23
usz-KC1	USZ	GOBP_COMPLEMENT_ACTIVATION_CLASSICAL_PATHWAY	-0.000941	-0.000506	-0.006624	109	269	37
usz-KC1	USZ	GOBP_PEPTIDE_ANTIGEN_ASSEMBLY_WITH_MHC_PROTEIN_COMPLEX	-0.014992	-0.014311	-0.019129	109	269	19
usz-KC1	USZ	GOBP_NEGATIVE_REGULATION_OF_REACTIVE_OXYGEN_SPECIES_BIOSYNTHETIC_PROCESS	-0.008569	-0.007903	-0.008875	109	269	16
usz-KC1	USZ	GOBP_MRNA_5_SPLICE_SITE_RECOGNITION	-0.001429	-0.00116	-0.00336	109	269	6
usz-KC1	USZ	GOBP_RESPONSE_TO_INTERFERON_ALPHA	-0.005835	-0.005149	-0.005417	109	269	21
usz-KC1	USZ	GOBP_POSITIVE_REGULATION_OF_VASCULAR_ASSOCIATED_SMOOTH_MUSCLE_CELL_MIGRATION	-0.001193	-0.001509	-0.00181	109	269	16
usz-KC1	USZ	GOBP_NEGATIVE_REGULATION_OF_EXTRACELLULAR_MATRIX_ORGANIZATION	0.002341	0.00247	-0.001452	109	269	15
usz-KC1	USZ	GOBP_CELL_FATE_DETERMINATION	-8.3e-05	-0.000127	-0.001048	109	269	40
usz-KC1	USZ	GOBP_HYPERSENSITIVITY	-0.001627	-0.001359	-0.00344	109	269	19
usz-KC1	USZ	GOBP_NEGATIVE_REGULATION_OF_BLOOD_VESSEL_ENDOTHELIAL_CELL_PROLIFERATION_INVOLVED_IN_SPROUTING_ANGIOGENESIS	0.002326	0.00238	0.001476	109	269	7
usz-KC1	USZ	GOBP_PHYSIOLOGICAL_CARDIAC_MUSCLE_HYPERTROPHY	-0.002215	-0.002274	-0.002925	109	269	24
usz-KC1	USZ	GOBP_INTEGRIN_MEDIATED_SIGNALING_PATHWAY	-0.001089	-0.000649	-0.00222	109	269	116
usz-KC1	USZ	GOBP_RESPONSE_TO_PROSTAGLANDIN_E	-0.001255	-0.001282	-0.004524	109	269	28
usz-KC1	USZ	GOBP_CELL_ADHESION_MOLECULE_PRODUCTION	0.002827	0.002672	0.000956	109	269	10
usz-KC1	USZ	GOBP_POSITIVE_REGULATION_OF_RNA_SPLICING	0.003505	0.004005	0.002038	109	269	38
usz-KC1	USZ	GOBP_DEFINITIVE_HEMOPOIESIS	-0.001508	-0.001453	-0.002468	109	269	19
usz-KC1	USZ	GOBP_PROTEIN_DEACETYLATION	0.000424	0.000476	-0.000559	109	269	25
usz-KC1	USZ	GOBP_CELL_JUNCTION_DISASSEMBLY	-0.001891	-0.00219	-0.00361	109	269	31
usz-KC1	USZ	GOBP_REGULATION_OF_SYNAPTIC_VESICLE_ENDOCYTOSIS	-0.002634	-0.000861	-0.002736	109	269	23
usz-KC1	USZ	GOBP_RESPONSE_TO_NITRIC_OXIDE	-0.003024	-0.002294	-0.002795	109	269	22
usz-KC1	USZ	GOBP_REGULATION_OF_CELL_GROWTH_INVOLVED_IN_CARDIAC_MUSCLE_CELL_DEVELOPMENT	-0.000504	-0.000778	-0.001182	109	269	17
usz-KC1	USZ	GOBP_INNERVATION	-0.002151	-0.002203	-0.003031	109	269	27
usz-KC1	USZ	GOBP_RESPONSE_TO_ETHER	-0.003564	-0.003496	-0.005647	109	269	21
usz-KC1	USZ	GOBP_RESCUE_OF_STALLED_RIBOSOME	0.000495	0.000921	0.000789	109	269	30
usz-KC1	USZ	GOBP_NEGATIVE_REGULATION_OF_MUSCLE_HYPERTROPHY	-0.002096	-0.002337	-0.0026	109	269	32
usz-KC1	USZ	GOBP_NEURON_INTRINSIC_APOPTOTIC_SIGNALING_PATHWAY_IN_RESPONSE_TO_OXIDATIVE_STRESS	-0.009494	-0.008924	-0.010266	109	269	21
usz-KC1	USZ	GOBP_POSITIVE_REGULATION_OF_T_CELL_MIGRATION	-0.000669	-0.000517	-0.002033	109	269	36
usz-KC1	USZ	GOBP_POSITIVE_REGULATION_OF_LEUKOCYTE_ADHESION_TO_VASCULAR_ENDOTHELIAL_CELL	0.000302	0.000149	-0.001511	109	269	22
usz-KC1	USZ	CTRL_B_AXIS	0.000618	-0.00029	-0.007273	109	269	45
usz-KC1	USZ	CTRL_MYC_V1	-0.005287	-0.00435	-0.004968	109	269	164
usz-KC1	USZ	CTRL_RANDOM_32	0.000166	0.000278	-0.000397	109	269	28
usz-KC1	USZ	HALLMARK_INTERFERON_GAMMA_RESPONSE	-0.003463	-0.003292	-0.004818	109	269	192
usz-KC1	USZ	HALLMARK_INTERFERON_ALPHA_RESPONSE	-0.003003	-0.002766	-0.004362	109	269	94
usz-KC1	USZ	HALLMARK_G2M_CHECKPOINT	-0.002452	-0.002377	-0.003194	109	269	181
usz-KC1	USZ	HALLMARK_EPITHELIAL_MESENCHYMAL_TRANSITION	-0.005076	-0.004258	-0.006778	109	269	189
usz-KC1	USZ	GENE_CXCL13	0.00022	6.7e-05	-8.7e-05	109	269	1
usz-KC1	USZ	GENE_CCL19	0.009115	0.008885	-0.01247	109	269	1
usz-KC1	USZ	GENE_CCL21	-0.006306	-0.005749	-0.011255	109	269	1
usz-KC1	USZ	GENE_LTB	0.0427	0.039013	0.002882	109	269	1
usz-KC1	USZ	GENE_CD74	0.087483	0.081143	0.045339	109	269	1
usz-KC1	USZ	GENE_HLA_DRA	-0.045792	-0.049	-0.071365	109	269	1
usz-KC1	USZ	GENE_IFNG	-0.002807	-0.003073	-0.001747	109	269	1
usz-KC1	USZ	GENE_CXCL9	-0.005244	-0.005872	-0.007014	109	269	1
usz-KC1	USZ	GENE_GZMB	0.0	-2.6e-05	-0.000222	109	269	1
usz-KC1	USZ	GENE_CD8A	-0.01135	-0.011873	-0.010788	109	269	1
usz-KC1	USZ	GENE_MKI67	-0.009062	-0.009472	-0.009094	109	269	1
usz-KC1	USZ	GENE_COL1A1	-0.043004	-0.039036	-0.065539	109	269	1
usz-KC2	USZ	GOBP_NEGATIVE_REGULATION_OF_VASCULAR_ENDOTHELIAL_GROWTH_FACTOR_PRODUCTION	0.018856	0.019652	0.010997	60	83	1
usz-KC2	USZ	GOBP_REGULATION_OF_INTEGRIN_MEDIATED_SIGNALING_PATHWAY	0.007629	0.004939	0.002441	60	83	23
usz-KC2	USZ	GOBP_COMPLEMENT_ACTIVATION_CLASSICAL_PATHWAY	0.010162	0.005967	0.003682	60	83	37
usz-KC2	USZ	GOBP_PEPTIDE_ANTIGEN_ASSEMBLY_WITH_MHC_PROTEIN_COMPLEX	0.0142	0.002904	0.001744	60	83	19
usz-KC2	USZ	GOBP_NEGATIVE_REGULATION_OF_REACTIVE_OXYGEN_SPECIES_BIOSYNTHETIC_PROCESS	0.005418	0.003059	0.001478	60	83	16
usz-KC2	USZ	GOBP_MRNA_5_SPLICE_SITE_RECOGNITION	0.013973	0.011176	0.009667	60	83	6
usz-KC2	USZ	GOBP_RESPONSE_TO_INTERFERON_ALPHA	0.000157	-0.002822	-0.002511	60	83	21
usz-KC2	USZ	GOBP_POSITIVE_REGULATION_OF_VASCULAR_ASSOCIATED_SMOOTH_MUSCLE_CELL_MIGRATION	0.007518	0.005268	0.004628	60	83	16
usz-KC2	USZ	GOBP_NEGATIVE_REGULATION_OF_EXTRACELLULAR_MATRIX_ORGANIZATION	-0.001028	-0.002879	-0.003847	60	83	15
usz-KC2	USZ	GOBP_CELL_FATE_DETERMINATION	0.000783	0.000387	0.000585	60	83	40
usz-KC2	USZ	GOBP_HYPERSENSITIVITY	0.005383	0.004208	0.00297	60	83	19
usz-KC2	USZ	GOBP_NEGATIVE_REGULATION_OF_BLOOD_VESSEL_ENDOTHELIAL_CELL_PROLIFERATION_INVOLVED_IN_SPROUTING_ANGIOGENESIS	0.00232	0.002815	-0.002777	60	83	7
usz-KC2	USZ	GOBP_PHYSIOLOGICAL_CARDIAC_MUSCLE_HYPERTROPHY	0.002853	0.002481	0.003133	60	83	24
usz-KC2	USZ	GOBP_INTEGRIN_MEDIATED_SIGNALING_PATHWAY	0.003938	0.002012	0.000882	60	83	116
usz-KC2	USZ	GOBP_RESPONSE_TO_PROSTAGLANDIN_E	0.004802	0.003209	0.004714	60	83	28
usz-KC2	USZ	GOBP_CELL_ADHESION_MOLECULE_PRODUCTION	0.00515	0.004499	0.005664	60	83	10
usz-KC2	USZ	GOBP_POSITIVE_REGULATION_OF_RNA_SPLICING	0.009731	0.006837	0.007192	60	83	38
usz-KC2	USZ	GOBP_DEFINITIVE_HEMOPOIESIS	0.006213	0.005566	0.004534	60	83	19
usz-KC2	USZ	GOBP_PROTEIN_DEACETYLATION	0.001776	0.001133	2.5e-05	60	83	25
usz-KC2	USZ	GOBP_CELL_JUNCTION_DISASSEMBLY	0.007328	0.006178	0.005473	60	83	31
usz-KC2	USZ	GOBP_REGULATION_OF_SYNAPTIC_VESICLE_ENDOCYTOSIS	0.003904	0.001657	-0.001049	60	83	23
usz-KC2	USZ	GOBP_RESPONSE_TO_NITRIC_OXIDE	0.002681	0.002305	0.001858	60	83	22
usz-KC2	USZ	GOBP_REGULATION_OF_CELL_GROWTH_INVOLVED_IN_CARDIAC_MUSCLE_CELL_DEVELOPMENT	0.003151	0.003548	0.005345	60	83	17
usz-KC2	USZ	GOBP_INNERVATION	-0.001832	-0.002322	-0.001082	60	83	27
usz-KC2	USZ	GOBP_RESPONSE_TO_ETHER	-0.004665	-0.004875	-0.003539	60	83	21
usz-KC2	USZ	GOBP_RESCUE_OF_STALLED_RIBOSOME	0.004371	0.002004	0.001277	60	83	30
usz-KC2	USZ	GOBP_NEGATIVE_REGULATION_OF_MUSCLE_HYPERTROPHY	-0.000572	-0.00086	0.000265	60	83	32
usz-KC2	USZ	GOBP_NEURON_INTRINSIC_APOPTOTIC_SIGNALING_PATHWAY_IN_RESPONSE_TO_OXIDATIVE_STRESS	-0.00167	-0.004045	-0.005061	60	83	21
usz-KC2	USZ	GOBP_POSITIVE_REGULATION_OF_T_CELL_MIGRATION	0.005936	0.002284	0.003385	60	83	36
usz-KC2	USZ	GOBP_POSITIVE_REGULATION_OF_LEUKOCYTE_ADHESION_TO_VASCULAR_ENDOTHELIAL_CELL	0.005664	0.002933	0.00357	60	83	22
usz-KC2	USZ	CTRL_B_AXIS	0.016899	0.003102	0.004774	60	83	45
usz-KC2	USZ	CTRL_MYC_V1	0.0032	0.002131	0.000944	60	83	164
usz-KC2	USZ	CTRL_RANDOM_32	0.000882	0.000898	0.003177	60	83	28
usz-KC2	USZ	HALLMARK_INTERFERON_GAMMA_RESPONSE	0.004137	0.002083	0.003138	60	83	192
usz-KC2	USZ	HALLMARK_INTERFERON_ALPHA_RESPONSE	0.005251	0.002702	0.003534	60	83	94
usz-KC2	USZ	HALLMARK_G2M_CHECKPOINT	-0.000948	-0.001195	-0.000201	60	83	181
usz-KC2	USZ	HALLMARK_EPITHELIAL_MESENCHYMAL_TRANSITION	0.002724	0.000453	-0.00121	60	83	189
usz-KC2	USZ	GENE_CXCL13	-0.000364	-0.016117	0.017614	60	83	1
usz-KC2	USZ	GENE_CCL19	-0.011466	-0.017049	-0.018145	60	83	1
usz-KC2	USZ	GENE_CCL21	-0.034912	-0.041903	-0.038289	60	83	1
usz-KC2	USZ	GENE_LTB	0.057529	0.03651	0.038734	60	83	1
usz-KC2	USZ	GENE_CD74	0.131333	0.044112	0.058235	60	83	1
usz-KC2	USZ	GENE_HLA_DRA	0.022649	-0.032313	-0.02359	60	83	1
usz-KC2	USZ	GENE_IFNG	-0.003627	-0.002364	-0.001343	60	83	1
usz-KC2	USZ	GENE_CXCL9	-0.000788	-0.004484	-0.002418	60	83	1
usz-KC2	USZ	GENE_GZMB	-0.001411	-0.004399	-0.006597	60	83	1
usz-KC2	USZ	GENE_CD8A	0.015625	0.012706	0.002581	60	83	1
usz-KC2	USZ	GENE_MKI67	-0.025454	-0.020857	-0.020861	60	83	1
usz-KC2	USZ	GENE_COL1A1	0.022127	0.021263	0.018836	60	83	1
usz-KC3	USZ	GOBP_NEGATIVE_REGULATION_OF_VASCULAR_ENDOTHELIAL_GROWTH_FACTOR_PRODUCTION	0.023141	0.020663	0.020939	287	224	1
usz-KC3	USZ	GOBP_REGULATION_OF_INTEGRIN_MEDIATED_SIGNALING_PATHWAY	-0.010287	-0.007612	-0.002334	287	224	23
usz-KC3	USZ	GOBP_COMPLEMENT_ACTIVATION_CLASSICAL_PATHWAY	0.000798	0.000299	-0.002119	287	224	37
usz-KC3	USZ	GOBP_PEPTIDE_ANTIGEN_ASSEMBLY_WITH_MHC_PROTEIN_COMPLEX	-0.010576	-0.0161	-0.027735	287	224	19
usz-KC3	USZ	GOBP_NEGATIVE_REGULATION_OF_REACTIVE_OXYGEN_SPECIES_BIOSYNTHETIC_PROCESS	-0.005631	-0.005179	-0.00513	287	224	16
usz-KC3	USZ	GOBP_MRNA_5_SPLICE_SITE_RECOGNITION	-9.9e-05	-0.001716	-0.000601	287	224	6
usz-KC3	USZ	GOBP_RESPONSE_TO_INTERFERON_ALPHA	-0.012298	-0.009109	-0.003362	287	224	21
usz-KC3	USZ	GOBP_POSITIVE_REGULATION_OF_VASCULAR_ASSOCIATED_SMOOTH_MUSCLE_CELL_MIGRATION	-0.008282	-0.004037	0.000586	287	224	16
usz-KC3	USZ	GOBP_NEGATIVE_REGULATION_OF_EXTRACELLULAR_MATRIX_ORGANIZATION	-0.006613	-0.004129	-0.001856	287	224	15
usz-KC3	USZ	GOBP_CELL_FATE_DETERMINATION	0.000603	0.001339	0.001199	287	224	40
usz-KC3	USZ	GOBP_HYPERSENSITIVITY	0.00082	-0.000547	-0.003185	287	224	19
usz-KC3	USZ	GOBP_NEGATIVE_REGULATION_OF_BLOOD_VESSEL_ENDOTHELIAL_CELL_PROLIFERATION_INVOLVED_IN_SPROUTING_ANGIOGENESIS	-0.009528	-0.00639	0.004065	287	224	7
usz-KC3	USZ	GOBP_PHYSIOLOGICAL_CARDIAC_MUSCLE_HYPERTROPHY	0.003658	0.003612	0.004036	287	224	24
usz-KC3	USZ	GOBP_INTEGRIN_MEDIATED_SIGNALING_PATHWAY	-0.004451	-0.002244	0.001383	287	224	116
usz-KC3	USZ	GOBP_RESPONSE_TO_PROSTAGLANDIN_E	-0.009448	-0.009976	-0.008965	287	224	28
usz-KC3	USZ	GOBP_CELL_ADHESION_MOLECULE_PRODUCTION	-0.006794	-0.005399	-0.002173	287	224	10
usz-KC3	USZ	GOBP_POSITIVE_REGULATION_OF_RNA_SPLICING	-0.004272	-0.004661	-0.002681	287	224	38
usz-KC3	USZ	GOBP_DEFINITIVE_HEMOPOIESIS	0.002046	0.000674	0.000166	287	224	19
usz-KC3	USZ	GOBP_PROTEIN_DEACETYLATION	-0.006086	-0.006313	-0.004025	287	224	25
usz-KC3	USZ	GOBP_CELL_JUNCTION_DISASSEMBLY	-0.00134	-0.002226	-0.004478	287	224	31
usz-KC3	USZ	GOBP_REGULATION_OF_SYNAPTIC_VESICLE_ENDOCYTOSIS	-0.012455	-0.009051	-0.002966	287	224	23
usz-KC3	USZ	GOBP_RESPONSE_TO_NITRIC_OXIDE	-0.00826	-0.008781	-0.006582	287	224	22
usz-KC3	USZ	GOBP_REGULATION_OF_CELL_GROWTH_INVOLVED_IN_CARDIAC_MUSCLE_CELL_DEVELOPMENT	0.004355	0.004482	0.003762	287	224	17
usz-KC3	USZ	GOBP_INNERVATION	-0.003107	-0.002701	-0.002127	287	224	27
usz-KC3	USZ	GOBP_RESPONSE_TO_ETHER	-0.006945	-0.006436	-0.004655	287	224	21
usz-KC3	USZ	GOBP_RESCUE_OF_STALLED_RIBOSOME	-0.001014	-0.001245	-0.001278	287	224	30
usz-KC3	USZ	GOBP_NEGATIVE_REGULATION_OF_MUSCLE_HYPERTROPHY	0.002227	0.004683	0.006398	287	224	32
usz-KC3	USZ	GOBP_NEURON_INTRINSIC_APOPTOTIC_SIGNALING_PATHWAY_IN_RESPONSE_TO_OXIDATIVE_STRESS	-0.014176	-0.013727	-0.012218	287	224	21
usz-KC3	USZ	GOBP_POSITIVE_REGULATION_OF_T_CELL_MIGRATION	0.002632	-0.000167	-0.002424	287	224	36
usz-KC3	USZ	GOBP_POSITIVE_REGULATION_OF_LEUKOCYTE_ADHESION_TO_VASCULAR_ENDOTHELIAL_CELL	0.006337	0.004295	0.001073	287	224	22
usz-KC3	USZ	CTRL_B_AXIS	0.009511	-0.000566	-0.009915	287	224	45
usz-KC3	USZ	CTRL_MYC_V1	-0.013751	-0.011958	-0.007071	287	224	164
usz-KC3	USZ	CTRL_RANDOM_32	-0.005619	-0.005095	-0.004673	287	224	28
usz-KC3	USZ	HALLMARK_INTERFERON_GAMMA_RESPONSE	-0.003744	-0.004621	-0.005766	287	224	192
usz-KC3	USZ	HALLMARK_INTERFERON_ALPHA_RESPONSE	-0.005963	-0.006	-0.006173	287	224	94
usz-KC3	USZ	HALLMARK_G2M_CHECKPOINT	-0.0022	-0.002391	-0.001378	287	224	181
usz-KC3	USZ	HALLMARK_EPITHELIAL_MESENCHYMAL_TRANSITION	-0.007126	-0.004074	0.002084	287	224	189
usz-KC3	USZ	GENE_CXCL13	0.000361	-0.011702	-0.016317	287	224	1
usz-KC3	USZ	GENE_CCL19	-0.019731	-0.059622	-0.083149	287	224	1
usz-KC3	USZ	GENE_CCL21	0.00272	-0.000838	0.000778	287	224	1
usz-KC3	USZ	GENE_LTB	0.094831	0.033596	-0.030507	287	224	1
usz-KC3	USZ	GENE_CD74	0.00966	0.004951	0.000237	287	224	1
usz-KC3	USZ	GENE_HLA_DRA	-0.010036	-0.03584	-0.055702	287	224	1
usz-KC3	USZ	GENE_IFNG	-0.004467	-0.004058	-0.004593	287	224	1
usz-KC3	USZ	GENE_CXCL9	0.00228	-0.001561	-0.00601	287	224	1
usz-KC3	USZ	GENE_GZMB	0.001903	0.001478	3.8e-05	287	224	1
usz-KC3	USZ	GENE_CD8A	0.013078	0.006514	0.003049	287	224	1
usz-KC3	USZ	GENE_MKI67	0.00215	0.00145	0.00136	287	224	1
usz-KC3	USZ	GENE_COL1A1	0.025179	0.015942	0.015533	287	224	1
usz-LC1	USZ	GOBP_NEGATIVE_REGULATION_OF_VASCULAR_ENDOTHELIAL_GROWTH_FACTOR_PRODUCTION	-0.003708	-0.00623	-0.010649	253	328	1
usz-LC1	USZ	GOBP_REGULATION_OF_INTEGRIN_MEDIATED_SIGNALING_PATHWAY	0.002732	0.000666	-0.002963	253	328	23
usz-LC1	USZ	GOBP_COMPLEMENT_ACTIVATION_CLASSICAL_PATHWAY	0.019594	0.004365	-0.004373	253	328	37
usz-LC1	USZ	GOBP_PEPTIDE_ANTIGEN_ASSEMBLY_WITH_MHC_PROTEIN_COMPLEX	0.001679	-0.009141	-0.017037	253	328	19
usz-LC1	USZ	GOBP_NEGATIVE_REGULATION_OF_REACTIVE_OXYGEN_SPECIES_BIOSYNTHETIC_PROCESS	-0.001845	-0.004808	-0.008244	253	328	16
usz-LC1	USZ	GOBP_MRNA_5_SPLICE_SITE_RECOGNITION	0.005501	0.00408	0.00047	253	328	6
usz-LC1	USZ	GOBP_RESPONSE_TO_INTERFERON_ALPHA	0.001161	-0.000896	-0.004416	253	328	21
usz-LC1	USZ	GOBP_POSITIVE_REGULATION_OF_VASCULAR_ASSOCIATED_SMOOTH_MUSCLE_CELL_MIGRATION	0.00718	0.001934	-0.002216	253	328	16
usz-LC1	USZ	GOBP_NEGATIVE_REGULATION_OF_EXTRACELLULAR_MATRIX_ORGANIZATION	0.005904	0.004974	0.003247	253	328	15
usz-LC1	USZ	GOBP_CELL_FATE_DETERMINATION	-0.001791	-0.003053	-0.003184	253	328	40
usz-LC1	USZ	GOBP_HYPERSENSITIVITY	0.008036	0.000536	-0.005287	253	328	19
usz-LC1	USZ	GOBP_NEGATIVE_REGULATION_OF_BLOOD_VESSEL_ENDOTHELIAL_CELL_PROLIFERATION_INVOLVED_IN_SPROUTING_ANGIOGENESIS	0.001254	0.001429	0.001047	253	328	7
usz-LC1	USZ	GOBP_PHYSIOLOGICAL_CARDIAC_MUSCLE_HYPERTROPHY	1.9e-05	-0.000457	-0.001624	253	328	24
usz-LC1	USZ	GOBP_INTEGRIN_MEDIATED_SIGNALING_PATHWAY	0.000949	-0.000698	-0.002723	253	328	116
usz-LC1	USZ	GOBP_RESPONSE_TO_PROSTAGLANDIN_E	0.003446	0.001857	3.1e-05	253	328	28
usz-LC1	USZ	GOBP_CELL_ADHESION_MOLECULE_PRODUCTION	0.00517	0.003	0.002048	253	328	10
usz-LC1	USZ	GOBP_POSITIVE_REGULATION_OF_RNA_SPLICING	0.007956	0.002765	-0.00192	253	328	38
usz-LC1	USZ	GOBP_DEFINITIVE_HEMOPOIESIS	0.00253	0.001242	7.3e-05	253	328	19
usz-LC1	USZ	GOBP_PROTEIN_DEACETYLATION	0.002564	0.00077	-0.002191	253	328	25
usz-LC1	USZ	GOBP_CELL_JUNCTION_DISASSEMBLY	0.000516	-0.000303	-0.001073	253	328	31
usz-LC1	USZ	GOBP_REGULATION_OF_SYNAPTIC_VESICLE_ENDOCYTOSIS	-0.000992	-0.004496	-0.008868	253	328	23
usz-LC1	USZ	GOBP_RESPONSE_TO_NITRIC_OXIDE	0.002206	0.00028	-0.001777	253	328	22
usz-LC1	USZ	GOBP_REGULATION_OF_CELL_GROWTH_INVOLVED_IN_CARDIAC_MUSCLE_CELL_DEVELOPMENT	0.001608	0.00085	-0.000391	253	328	17
usz-LC1	USZ	GOBP_INNERVATION	-0.000301	-0.000942	-0.001711	253	328	27
usz-LC1	USZ	GOBP_RESPONSE_TO_ETHER	0.00266	0.000675	-0.000853	253	328	21
usz-LC1	USZ	GOBP_RESCUE_OF_STALLED_RIBOSOME	0.004508	0.001134	-0.002238	253	328	30
usz-LC1	USZ	GOBP_NEGATIVE_REGULATION_OF_MUSCLE_HYPERTROPHY	0.000703	-0.000654	-0.00238	253	328	32
usz-LC1	USZ	GOBP_NEURON_INTRINSIC_APOPTOTIC_SIGNALING_PATHWAY_IN_RESPONSE_TO_OXIDATIVE_STRESS	0.001911	-0.001529	-0.005394	253	328	21
usz-LC1	USZ	GOBP_POSITIVE_REGULATION_OF_T_CELL_MIGRATION	0.004017	5.3e-05	-0.003627	253	328	36
usz-LC1	USZ	GOBP_POSITIVE_REGULATION_OF_LEUKOCYTE_ADHESION_TO_VASCULAR_ENDOTHELIAL_CELL	0.00122	-0.001447	-0.004223	253	328	22
usz-LC1	USZ	CTRL_B_AXIS	0.019467	0.001659	-0.004388	253	328	45
usz-LC1	USZ	CTRL_MYC_V1	0.001924	-0.001555	-0.006006	253	328	164
usz-LC1	USZ	CTRL_RANDOM_32	0.003067	0.002254	0.001614	253	328	28
usz-LC1	USZ	HALLMARK_INTERFERON_GAMMA_RESPONSE	0.003483	0.0002	-0.002768	253	328	192
usz-LC1	USZ	HALLMARK_INTERFERON_ALPHA_RESPONSE	0.004181	0.001268	-0.001441	253	328	94
usz-LC1	USZ	HALLMARK_G2M_CHECKPOINT	0.001539	-0.000167	-0.001898	253	328	181
usz-LC1	USZ	HALLMARK_EPITHELIAL_MESENCHYMAL_TRANSITION	0.002272	-0.000168	-0.002651	253	328	189
usz-LC1	USZ	GENE_CXCL13	0.004109	-0.005505	-0.011558	253	328	1
usz-LC1	USZ	GENE_CCL19	0.009448	0.002096	-0.002032	253	328	1
usz-LC1	USZ	GENE_CCL21	-0.003903	-0.004547	-0.005598	253	328	1
usz-LC1	USZ	GENE_LTB	0.039371	-0.017444	-0.048478	253	328	1
usz-LC1	USZ	GENE_CD74	0.032189	-0.039597	-0.07313	253	328	1
usz-LC1	USZ	GENE_HLA_DRA	0.009841	-0.015229	-0.030786	253	328	1
usz-LC1	USZ	GENE_IFNG	-0.013195	-0.013177	-0.011402	253	328	1
usz-LC1	USZ	GENE_CXCL9	-0.006585	-0.006241	-0.006032	253	328	1
usz-LC1	USZ	GENE_GZMB	0.009379	0.007887	0.007286	253	328	1
usz-LC1	USZ	GENE_CD8A	-0.009377	-0.024299	-0.032924	253	328	1
usz-LC1	USZ	GENE_MKI67	-0.006257	-0.005904	-0.005205	253	328	1
usz-LC1	USZ	GENE_COL1A1	0.00562	0.003265	-0.011645	253	328	1
usz-LC2	USZ	GOBP_NEGATIVE_REGULATION_OF_VASCULAR_ENDOTHELIAL_GROWTH_FACTOR_PRODUCTION	0.015853	0.014035	0.01161	163	180	1
usz-LC2	USZ	GOBP_REGULATION_OF_INTEGRIN_MEDIATED_SIGNALING_PATHWAY	-0.009131	-0.010133	-0.008761	163	180	23
usz-LC2	USZ	GOBP_COMPLEMENT_ACTIVATION_CLASSICAL_PATHWAY	0.016938	0.005729	-0.007134	163	180	37
usz-LC2	USZ	GOBP_PEPTIDE_ANTIGEN_ASSEMBLY_WITH_MHC_PROTEIN_COMPLEX	0.016809	0.004245	-0.009106	163	180	19
usz-LC2	USZ	GOBP_NEGATIVE_REGULATION_OF_REACTIVE_OXYGEN_SPECIES_BIOSYNTHETIC_PROCESS	-0.000677	-0.000739	0.000285	163	180	16
usz-LC2	USZ	GOBP_MRNA_5_SPLICE_SITE_RECOGNITION	0.005018	0.007663	0.011125	163	180	6
usz-LC2	USZ	GOBP_RESPONSE_TO_INTERFERON_ALPHA	-0.003537	-0.005086	-0.007537	163	180	21
usz-LC2	USZ	GOBP_POSITIVE_REGULATION_OF_VASCULAR_ASSOCIATED_SMOOTH_MUSCLE_CELL_MIGRATION	0.004431	0.002717	0.002966	163	180	16
usz-LC2	USZ	GOBP_NEGATIVE_REGULATION_OF_EXTRACELLULAR_MATRIX_ORGANIZATION	-0.008752	-0.010926	-0.011112	163	180	15
usz-LC2	USZ	GOBP_CELL_FATE_DETERMINATION	-0.002918	-0.003643	-0.003783	163	180	40
usz-LC2	USZ	GOBP_HYPERSENSITIVITY	0.004444	0.000239	-0.005593	163	180	19
usz-LC2	USZ	GOBP_NEGATIVE_REGULATION_OF_BLOOD_VESSEL_ENDOTHELIAL_CELL_PROLIFERATION_INVOLVED_IN_SPROUTING_ANGIOGENESIS	0.001828	-0.000335	-0.004862	163	180	7
usz-LC2	USZ	GOBP_PHYSIOLOGICAL_CARDIAC_MUSCLE_HYPERTROPHY	-0.003516	-0.002557	-0.002876	163	180	24
usz-LC2	USZ	GOBP_INTEGRIN_MEDIATED_SIGNALING_PATHWAY	-0.004747	-0.005493	-0.004164	163	180	116
usz-LC2	USZ	GOBP_RESPONSE_TO_PROSTAGLANDIN_E	-0.006118	-0.005811	-0.005612	163	180	28
usz-LC2	USZ	GOBP_CELL_ADHESION_MOLECULE_PRODUCTION	0.00081	-0.001954	-0.004049	163	180	10
usz-LC2	USZ	GOBP_POSITIVE_REGULATION_OF_RNA_SPLICING	0.001143	0.000131	0.000432	163	180	38
usz-LC2	USZ	GOBP_DEFINITIVE_HEMOPOIESIS	-0.001331	-0.002695	-0.004825	163	180	19
usz-LC2	USZ	GOBP_PROTEIN_DEACETYLATION	-0.000958	-0.000603	-0.000208	163	180	25
usz-LC2	USZ	GOBP_CELL_JUNCTION_DISASSEMBLY	0.007572	0.003881	0.000504	163	180	31
usz-LC2	USZ	GOBP_REGULATION_OF_SYNAPTIC_VESICLE_ENDOCYTOSIS	-0.002176	-0.000269	0.002241	163	180	23
usz-LC2	USZ	GOBP_RESPONSE_TO_NITRIC_OXIDE	-0.002511	-0.002246	-0.000752	163	180	22
usz-LC2	USZ	GOBP_REGULATION_OF_CELL_GROWTH_INVOLVED_IN_CARDIAC_MUSCLE_CELL_DEVELOPMENT	0.000564	0.001278	0.000237	163	180	17
usz-LC2	USZ	GOBP_INNERVATION	0.000403	0.000259	-6.9e-05	163	180	27
usz-LC2	USZ	GOBP_RESPONSE_TO_ETHER	-0.001037	-0.001634	-0.000191	163	180	21
usz-LC2	USZ	GOBP_RESCUE_OF_STALLED_RIBOSOME	0.006141	0.004748	0.00378	163	180	30
usz-LC2	USZ	GOBP_NEGATIVE_REGULATION_OF_MUSCLE_HYPERTROPHY	-0.004948	-0.004088	-0.001623	163	180	32
usz-LC2	USZ	GOBP_NEURON_INTRINSIC_APOPTOTIC_SIGNALING_PATHWAY_IN_RESPONSE_TO_OXIDATIVE_STRESS	-0.000788	-0.002511	-0.003963	163	180	21
usz-LC2	USZ	GOBP_POSITIVE_REGULATION_OF_T_CELL_MIGRATION	0.001491	-0.000807	-0.002173	163	180	36
usz-LC2	USZ	GOBP_POSITIVE_REGULATION_OF_LEUKOCYTE_ADHESION_TO_VASCULAR_ENDOTHELIAL_CELL	-0.003571	-0.004302	-0.003987	163	180	22
usz-LC2	USZ	CTRL_B_AXIS	0.018004	0.001191	-0.010857	163	180	45
usz-LC2	USZ	CTRL_MYC_V1	-0.009964	-0.005658	0.004075	163	180	164
usz-LC2	USZ	CTRL_RANDOM_32	0.001534	0.001393	0.001608	163	180	28
usz-LC2	USZ	HALLMARK_INTERFERON_GAMMA_RESPONSE	0.003934	0.00107	-0.00307	163	180	192
usz-LC2	USZ	HALLMARK_INTERFERON_ALPHA_RESPONSE	0.005347	0.001744	-0.002878	163	180	94
usz-LC2	USZ	HALLMARK_G2M_CHECKPOINT	-0.002369	-0.000916	0.00148	163	180	181
usz-LC2	USZ	HALLMARK_EPITHELIAL_MESENCHYMAL_TRANSITION	-0.009185	-0.011027	-0.009474	163	180	189
usz-LC2	USZ	GENE_CXCL13	0.004178	-0.003892	-0.01916	163	180	1
usz-LC2	USZ	GENE_CCL19	0.010052	0.006497	-0.001584	163	180	1
usz-LC2	USZ	GENE_CCL21	0.013204	0.00946	0.007178	163	180	1
usz-LC2	USZ	GENE_LTB	0.020216	0.003929	-0.028748	163	180	1
usz-LC2	USZ	GENE_CD74	0.000787	-0.054249	-0.089608	163	180	1
usz-LC2	USZ	GENE_HLA_DRA	0.072645	-0.004364	-0.056781	163	180	1
usz-LC2	USZ	GENE_IFNG	0.0	0.0	0.0	163	180	1
usz-LC2	USZ	GENE_CXCL9	0.02242	0.019078	0.015859	163	180	1
usz-LC2	USZ	GENE_GZMB	0.004357	0.003852	0.002997	163	180	1
usz-LC2	USZ	GENE_CD8A	0.0	0.000435	0.001266	163	180	1
usz-LC2	USZ	GENE_MKI67	0.00089	-0.000162	-0.000591	163	180	1
usz-LC2	USZ	GENE_COL1A1	-0.036045	-0.029789	-0.016864	163	180	1
usz-LC3	USZ	GOBP_NEGATIVE_REGULATION_OF_VASCULAR_ENDOTHELIAL_GROWTH_FACTOR_PRODUCTION	0.017782	0.016028	0.011499	296	126	1
usz-LC3	USZ	GOBP_REGULATION_OF_INTEGRIN_MEDIATED_SIGNALING_PATHWAY	0.006145	0.013097	0.007438	296	126	23
usz-LC3	USZ	GOBP_COMPLEMENT_ACTIVATION_CLASSICAL_PATHWAY	0.013505	0.007623	-0.00084	296	126	37
usz-LC3	USZ	GOBP_PEPTIDE_ANTIGEN_ASSEMBLY_WITH_MHC_PROTEIN_COMPLEX	0.018839	0.013771	-0.002446	296	126	19
usz-LC3	USZ	GOBP_NEGATIVE_REGULATION_OF_REACTIVE_OXYGEN_SPECIES_BIOSYNTHETIC_PROCESS	0.00307	0.00357	-0.00093	296	126	16
usz-LC3	USZ	GOBP_MRNA_5_SPLICE_SITE_RECOGNITION	-0.000615	-0.007048	-0.00793	296	126	6
usz-LC3	USZ	GOBP_RESPONSE_TO_INTERFERON_ALPHA	0.015479	0.014758	0.008228	296	126	21
usz-LC3	USZ	GOBP_POSITIVE_REGULATION_OF_VASCULAR_ASSOCIATED_SMOOTH_MUSCLE_CELL_MIGRATION	-0.002044	-0.00303	-0.006184	296	126	16
usz-LC3	USZ	GOBP_NEGATIVE_REGULATION_OF_EXTRACELLULAR_MATRIX_ORGANIZATION	-0.004861	3.1e-05	-0.004224	296	126	15
usz-LC3	USZ	GOBP_CELL_FATE_DETERMINATION	0.000317	0.002934	0.002834	296	126	40
usz-LC3	USZ	GOBP_HYPERSENSITIVITY	0.009547	0.008169	0.004083	296	126	19
usz-LC3	USZ	GOBP_NEGATIVE_REGULATION_OF_BLOOD_VESSEL_ENDOTHELIAL_CELL_PROLIFERATION_INVOLVED_IN_SPROUTING_ANGIOGENESIS	0.006379	0.0047	0.002349	296	126	7
usz-LC3	USZ	GOBP_PHYSIOLOGICAL_CARDIAC_MUSCLE_HYPERTROPHY	0.003215	0.001256	-0.000131	296	126	24
usz-LC3	USZ	GOBP_INTEGRIN_MEDIATED_SIGNALING_PATHWAY	0.000137	0.006061	0.002932	296	126	116
usz-LC3	USZ	GOBP_RESPONSE_TO_PROSTAGLANDIN_E	0.00664	0.003537	-0.000315	296	126	28
usz-LC3	USZ	GOBP_CELL_ADHESION_MOLECULE_PRODUCTION	-0.011144	-0.007839	-0.005858	296	126	10
usz-LC3	USZ	GOBP_POSITIVE_REGULATION_OF_RNA_SPLICING	0.009069	0.004241	-0.001783	296	126	38
usz-LC3	USZ	GOBP_DEFINITIVE_HEMOPOIESIS	0.001842	-0.001507	-0.001946	296	126	19
usz-LC3	USZ	GOBP_PROTEIN_DEACETYLATION	0.007694	0.007639	0.006631	296	126	25
usz-LC3	USZ	GOBP_CELL_JUNCTION_DISASSEMBLY	0.00354	0.006849	0.004374	296	126	31
usz-LC3	USZ	GOBP_REGULATION_OF_SYNAPTIC_VESICLE_ENDOCYTOSIS	0.005816	0.006417	0.000424	296	126	23
usz-LC3	USZ	GOBP_RESPONSE_TO_NITRIC_OXIDE	0.005484	0.001029	-0.001519	296	126	22
usz-LC3	USZ	GOBP_REGULATION_OF_CELL_GROWTH_INVOLVED_IN_CARDIAC_MUSCLE_CELL_DEVELOPMENT	0.006719	0.002977	0.001102	296	126	17
usz-LC3	USZ	GOBP_INNERVATION	-0.00079	0.00058	-9.2e-05	296	126	27
usz-LC3	USZ	GOBP_RESPONSE_TO_ETHER	-0.002547	-0.000157	-0.000658	296	126	21
usz-LC3	USZ	GOBP_RESCUE_OF_STALLED_RIBOSOME	0.002884	0.000967	-0.001375	296	126	30
usz-LC3	USZ	GOBP_NEGATIVE_REGULATION_OF_MUSCLE_HYPERTROPHY	-0.000749	-0.001155	-0.002027	296	126	32
usz-LC3	USZ	GOBP_NEURON_INTRINSIC_APOPTOTIC_SIGNALING_PATHWAY_IN_RESPONSE_TO_OXIDATIVE_STRESS	0.003747	0.007827	-0.000523	296	126	21
usz-LC3	USZ	GOBP_POSITIVE_REGULATION_OF_T_CELL_MIGRATION	0.001572	-8.2e-05	-0.002701	296	126	36
usz-LC3	USZ	GOBP_POSITIVE_REGULATION_OF_LEUKOCYTE_ADHESION_TO_VASCULAR_ENDOTHELIAL_CELL	0.005753	0.00273	0.000268	296	126	22
usz-LC3	USZ	CTRL_B_AXIS	0.023607	0.001874	-0.006537	296	126	45
usz-LC3	USZ	CTRL_MYC_V1	0.012471	0.011693	0.006419	296	126	164
usz-LC3	USZ	CTRL_RANDOM_32	0.000505	0.002462	0.002314	296	126	28
usz-LC3	USZ	HALLMARK_INTERFERON_GAMMA_RESPONSE	0.004688	0.004048	0.001438	296	126	192
usz-LC3	USZ	HALLMARK_INTERFERON_ALPHA_RESPONSE	0.007153	0.00656	0.003399	296	126	94
usz-LC3	USZ	HALLMARK_G2M_CHECKPOINT	0.004411	0.003247	0.002604	296	126	181
usz-LC3	USZ	HALLMARK_EPITHELIAL_MESENCHYMAL_TRANSITION	-0.00307	0.011144	0.005035	296	126	189
usz-LC3	USZ	GENE_CXCL13	0.016784	0.003849	0.000769	296	126	1
usz-LC3	USZ	GENE_CCL19	0.044933	-0.004815	-0.039396	296	126	1
usz-LC3	USZ	GENE_CCL21	0.009903	-0.019798	-0.021589	296	126	1
usz-LC3	USZ	GENE_LTB	0.143306	-0.001803	-0.018156	296	126	1
usz-LC3	USZ	GENE_CD74	0.138303	0.061673	0.009958	296	126	1
usz-LC3	USZ	GENE_HLA_DRA	0.069481	0.008532	-0.040816	296	126	1
usz-LC3	USZ	GENE_IFNG	0.003269	0.003396	0.003539	296	126	1
usz-LC3	USZ	GENE_CXCL9	0.007739	0.012171	0.011014	296	126	1
usz-LC3	USZ	GENE_GZMB	0.019205	0.01156	0.012646	296	126	1
usz-LC3	USZ	GENE_CD8A	0.029557	0.023687	0.031884	296	126	1
usz-LC3	USZ	GENE_MKI67	-0.005566	-0.005943	-0.004624	296	126	1
usz-LC3	USZ	GENE_COL1A1	0.008886	0.0392	0.02782	296	126	1
usz-LC4	USZ	GOBP_NEGATIVE_REGULATION_OF_VASCULAR_ENDOTHELIAL_GROWTH_FACTOR_PRODUCTION	0.030894	0.021224	0.022765	177	231	1
usz-LC4	USZ	GOBP_REGULATION_OF_INTEGRIN_MEDIATED_SIGNALING_PATHWAY	0.009033	-0.003306	0.000491	177	231	23
usz-LC4	USZ	GOBP_COMPLEMENT_ACTIVATION_CLASSICAL_PATHWAY	0.034511	0.003965	0.013703	177	231	37
usz-LC4	USZ	GOBP_PEPTIDE_ANTIGEN_ASSEMBLY_WITH_MHC_PROTEIN_COMPLEX	0.046711	0.005721	0.017217	177	231	19
usz-LC4	USZ	GOBP_NEGATIVE_REGULATION_OF_REACTIVE_OXYGEN_SPECIES_BIOSYNTHETIC_PROCESS	0.007727	-0.003959	-0.000668	177	231	16
usz-LC4	USZ	GOBP_MRNA_5_SPLICE_SITE_RECOGNITION	0.00514	-0.001246	0.001584	177	231	6
usz-LC4	USZ	GOBP_RESPONSE_TO_INTERFERON_ALPHA	0.010955	-0.001029	0.002456	177	231	21
usz-LC4	USZ	GOBP_POSITIVE_REGULATION_OF_VASCULAR_ASSOCIATED_SMOOTH_MUSCLE_CELL_MIGRATION	0.011736	0.00188	0.004568	177	231	16
usz-LC4	USZ	GOBP_NEGATIVE_REGULATION_OF_EXTRACELLULAR_MATRIX_ORGANIZATION	0.005842	-0.003534	-0.001458	177	231	15
usz-LC4	USZ	GOBP_CELL_FATE_DETERMINATION	0.001798	-0.002859	-0.001537	177	231	40
usz-LC4	USZ	GOBP_HYPERSENSITIVITY	0.017567	-0.000865	0.003957	177	231	19
usz-LC4	USZ	GOBP_NEGATIVE_REGULATION_OF_BLOOD_VESSEL_ENDOTHELIAL_CELL_PROLIFERATION_INVOLVED_IN_SPROUTING_ANGIOGENESIS	-0.002766	-0.008558	-0.007076	177	231	7
usz-LC4	USZ	GOBP_PHYSIOLOGICAL_CARDIAC_MUSCLE_HYPERTROPHY	-0.000412	-0.003078	-0.002183	177	231	24
usz-LC4	USZ	GOBP_INTEGRIN_MEDIATED_SIGNALING_PATHWAY	0.007215	-0.003225	0.000506	177	231	116
usz-LC4	USZ	GOBP_RESPONSE_TO_PROSTAGLANDIN_E	0.006105	-0.000605	0.001717	177	231	28
usz-LC4	USZ	GOBP_CELL_ADHESION_MOLECULE_PRODUCTION	0.010464	0.004676	0.008303	177	231	10
usz-LC4	USZ	GOBP_POSITIVE_REGULATION_OF_RNA_SPLICING	0.018676	0.004775	0.008981	177	231	38
usz-LC4	USZ	GOBP_DEFINITIVE_HEMOPOIESIS	0.005388	0.000829	0.001636	177	231	19
usz-LC4	USZ	GOBP_PROTEIN_DEACETYLATION	0.009701	0.001228	0.003129	177	231	25
usz-LC4	USZ	GOBP_CELL_JUNCTION_DISASSEMBLY	0.013477	0.002053	0.00602	177	231	31
usz-LC4	USZ	GOBP_REGULATION_OF_SYNAPTIC_VESICLE_ENDOCYTOSIS	0.020495	0.005345	0.01069	177	231	23
usz-LC4	USZ	GOBP_RESPONSE_TO_NITRIC_OXIDE	0.006876	-0.001616	0.00083	177	231	22
usz-LC4	USZ	GOBP_REGULATION_OF_CELL_GROWTH_INVOLVED_IN_CARDIAC_MUSCLE_CELL_DEVELOPMENT	0.000481	-0.002471	-0.001555	177	231	17
usz-LC4	USZ	GOBP_INNERVATION	0.001335	0.000462	0.001317	177	231	27
usz-LC4	USZ	GOBP_RESPONSE_TO_ETHER	0.010335	0.005706	0.008631	177	231	21
usz-LC4	USZ	GOBP_RESCUE_OF_STALLED_RIBOSOME	0.004098	-0.003449	-0.000695	177	231	30
usz-LC4	USZ	GOBP_NEGATIVE_REGULATION_OF_MUSCLE_HYPERTROPHY	0.006421	0.001361	0.003434	177	231	32
usz-LC4	USZ	GOBP_NEURON_INTRINSIC_APOPTOTIC_SIGNALING_PATHWAY_IN_RESPONSE_TO_OXIDATIVE_STRESS	0.011956	-0.001594	0.002504	177	231	21
usz-LC4	USZ	GOBP_POSITIVE_REGULATION_OF_T_CELL_MIGRATION	0.006412	-0.004078	-0.001007	177	231	36
usz-LC4	USZ	GOBP_POSITIVE_REGULATION_OF_LEUKOCYTE_ADHESION_TO_VASCULAR_ENDOTHELIAL_CELL	0.00563	-0.00407	-0.002125	177	231	22
usz-LC4	USZ	CTRL_B_AXIS	0.031142	0.001947	0.013222	177	231	45
usz-LC4	USZ	CTRL_MYC_V1	0.011602	0.001391	0.006594	177	231	164
usz-LC4	USZ	CTRL_RANDOM_32	0.001473	-0.001525	0.000273	177	231	28
usz-LC4	USZ	HALLMARK_INTERFERON_GAMMA_RESPONSE	0.011283	-0.001023	0.00279	177	231	192
usz-LC4	USZ	HALLMARK_INTERFERON_ALPHA_RESPONSE	0.015048	-0.00103	0.003889	177	231	94
usz-LC4	USZ	HALLMARK_G2M_CHECKPOINT	0.005802	0.001003	0.003298	177	231	181
usz-LC4	USZ	HALLMARK_EPITHELIAL_MESENCHYMAL_TRANSITION	0.006563	-0.005795	-0.001005	177	231	189
usz-LC4	USZ	GENE_CXCL13	0.010232	0.000581	0.002592	177	231	1
usz-LC4	USZ	GENE_CCL19	0.012065	-0.009267	-0.001398	177	231	1
usz-LC4	USZ	GENE_CCL21	-0.004558	-0.007497	-0.007778	177	231	1
usz-LC4	USZ	GENE_LTB	0.054801	0.02047	0.042336	177	231	1
usz-LC4	USZ	GENE_CD74	0.252696	0.045425	0.109158	177	231	1
usz-LC4	USZ	GENE_HLA_DRA	0.219066	0.050723	0.105679	177	231	1
usz-LC4	USZ	GENE_IFNG	0.009026	0.009765	0.008938	177	231	1
usz-LC4	USZ	GENE_CXCL9	0.008223	0.002462	0.003993	177	231	1
usz-LC4	USZ	GENE_GZMB	0.026195	0.022691	0.022963	177	231	1
usz-LC4	USZ	GENE_CD8A	-0.003402	-0.010375	-0.006262	177	231	1
usz-LC4	USZ	GENE_MKI67	0.004615	0.00328	0.003854	177	231	1
usz-LC4	USZ	GENE_COL1A1	0.017144	-0.018543	0.00988	177	231	1
usz-LC5	USZ	GOBP_NEGATIVE_REGULATION_OF_VASCULAR_ENDOTHELIAL_GROWTH_FACTOR_PRODUCTION	-0.000797	-0.001702	-0.003015	111	110	1
usz-LC5	USZ	GOBP_REGULATION_OF_INTEGRIN_MEDIATED_SIGNALING_PATHWAY	-0.00893	-0.003098	-0.000797	111	110	23
usz-LC5	USZ	GOBP_COMPLEMENT_ACTIVATION_CLASSICAL_PATHWAY	0.002202	0.00557	0.014567	111	110	37
usz-LC5	USZ	GOBP_PEPTIDE_ANTIGEN_ASSEMBLY_WITH_MHC_PROTEIN_COMPLEX	0.009415	0.009458	0.021815	111	110	19
usz-LC5	USZ	GOBP_NEGATIVE_REGULATION_OF_REACTIVE_OXYGEN_SPECIES_BIOSYNTHETIC_PROCESS	-0.006671	0.004057	0.005579	111	110	16
usz-LC5	USZ	GOBP_MRNA_5_SPLICE_SITE_RECOGNITION	-0.00554	0.006127	0.009255	111	110	6
usz-LC5	USZ	GOBP_RESPONSE_TO_INTERFERON_ALPHA	-0.006822	-0.000821	0.002305	111	110	21
usz-LC5	USZ	GOBP_POSITIVE_REGULATION_OF_VASCULAR_ASSOCIATED_SMOOTH_MUSCLE_CELL_MIGRATION	-0.00286	0.002268	0.004163	111	110	16
usz-LC5	USZ	GOBP_NEGATIVE_REGULATION_OF_EXTRACELLULAR_MATRIX_ORGANIZATION	0.012163	0.005468	0.006346	111	110	15
usz-LC5	USZ	GOBP_CELL_FATE_DETERMINATION	0.001392	0.002074	0.002755	111	110	40
usz-LC5	USZ	GOBP_HYPERSENSITIVITY	-0.007546	-0.002908	0.000383	111	110	19
usz-LC5	USZ	GOBP_NEGATIVE_REGULATION_OF_BLOOD_VESSEL_ENDOTHELIAL_CELL_PROLIFERATION_INVOLVED_IN_SPROUTING_ANGIOGENESIS	0.000346	0.003737	0.002526	111	110	7
usz-LC5	USZ	GOBP_PHYSIOLOGICAL_CARDIAC_MUSCLE_HYPERTROPHY	0.003981	0.002573	0.001738	111	110	24
usz-LC5	USZ	GOBP_INTEGRIN_MEDIATED_SIGNALING_PATHWAY	-0.006028	-0.00085	0.000303	111	110	116
usz-LC5	USZ	GOBP_RESPONSE_TO_PROSTAGLANDIN_E	-0.00614	-0.002671	-0.001283	111	110	28
usz-LC5	USZ	GOBP_CELL_ADHESION_MOLECULE_PRODUCTION	-0.011514	-0.009777	-0.009526	111	110	10
usz-LC5	USZ	GOBP_POSITIVE_REGULATION_OF_RNA_SPLICING	-0.00726	-0.001835	-0.000273	111	110	38
usz-LC5	USZ	GOBP_DEFINITIVE_HEMOPOIESIS	0.001098	0.001682	0.001273	111	110	19
usz-LC5	USZ	GOBP_PROTEIN_DEACETYLATION	-0.003833	-0.002245	-0.001328	111	110	25
usz-LC5	USZ	GOBP_CELL_JUNCTION_DISASSEMBLY	0.009834	0.010405	0.012816	111	110	31
usz-LC5	USZ	GOBP_REGULATION_OF_SYNAPTIC_VESICLE_ENDOCYTOSIS	-0.009522	-0.002721	0.000535	111	110	23
usz-LC5	USZ	GOBP_RESPONSE_TO_NITRIC_OXIDE	-0.003338	-0.002832	-0.001064	111	110	22
usz-LC5	USZ	GOBP_REGULATION_OF_CELL_GROWTH_INVOLVED_IN_CARDIAC_MUSCLE_CELL_DEVELOPMENT	0.004401	0.002949	0.002076	111	110	17
usz-LC5	USZ	GOBP_INNERVATION	-0.002675	-0.000564	-0.000534	111	110	27
usz-LC5	USZ	GOBP_RESPONSE_TO_ETHER	-0.010667	-0.005781	-0.005574	111	110	21
usz-LC5	USZ	GOBP_RESCUE_OF_STALLED_RIBOSOME	0.003226	0.001658	0.001551	111	110	30
usz-LC5	USZ	GOBP_NEGATIVE_REGULATION_OF_MUSCLE_HYPERTROPHY	-0.00623	-0.001852	-0.001906	111	110	32
usz-LC5	USZ	GOBP_NEURON_INTRINSIC_APOPTOTIC_SIGNALING_PATHWAY_IN_RESPONSE_TO_OXIDATIVE_STRESS	-0.00484	0.005788	0.009655	111	110	21
usz-LC5	USZ	GOBP_POSITIVE_REGULATION_OF_T_CELL_MIGRATION	-0.004299	-0.001085	0.000832	111	110	36
usz-LC5	USZ	GOBP_POSITIVE_REGULATION_OF_LEUKOCYTE_ADHESION_TO_VASCULAR_ENDOTHELIAL_CELL	-0.000664	0.003295	0.004284	111	110	22
usz-LC5	USZ	CTRL_B_AXIS	0.00132	0.004789	0.009757	111	110	45
usz-LC5	USZ	CTRL_MYC_V1	-0.020226	-0.00631	-0.003689	111	110	164
usz-LC5	USZ	CTRL_RANDOM_32	-0.007198	-0.005552	-0.005173	111	110	28
usz-LC5	USZ	HALLMARK_INTERFERON_GAMMA_RESPONSE	-0.007189	-0.004138	-0.002563	111	110	192
usz-LC5	USZ	HALLMARK_INTERFERON_ALPHA_RESPONSE	-0.007597	-0.004249	-0.003284	111	110	94
usz-LC5	USZ	HALLMARK_G2M_CHECKPOINT	-0.005699	-0.001606	-0.001553	111	110	181
usz-LC5	USZ	HALLMARK_EPITHELIAL_MESENCHYMAL_TRANSITION	-0.007056	0.002204	0.004222	111	110	189
usz-LC5	USZ	GENE_CXCL13	-0.003137	-0.002864	-0.00013	111	110	1
usz-LC5	USZ	GENE_CCL19	-0.004563	-0.00777	-0.004366	111	110	1
usz-LC5	USZ	GENE_CCL21	-0.002644	-0.004498	0.001029	111	110	1
usz-LC5	USZ	GENE_LTB	-0.022467	-0.029913	-0.033853	111	110	1
usz-LC5	USZ	GENE_CD74	0.016984	0.045271	0.048417	111	110	1
usz-LC5	USZ	GENE_HLA_DRA	-0.033423	-0.009346	0.004061	111	110	1
usz-LC5	USZ	GENE_IFNG	0.0	-0.0	3e-06	111	110	1
usz-LC5	USZ	GENE_CXCL9	-0.019391	-0.012066	-0.002466	111	110	1
usz-LC5	USZ	GENE_GZMB	-0.018963	-0.019091	-0.018775	111	110	1
usz-LC5	USZ	GENE_CD8A	0.033128	0.026305	0.020089	111	110	1
usz-LC5	USZ	GENE_MKI67	-0.017789	-0.01662	-0.01671	111	110	1
usz-LC5	USZ	GENE_COL1A1	-0.095957	-0.003164	0.005461	111	110	1
gse175540-GSM5924030_ffpe_c_2	GSE175540	GOBP_REGULATION_OF_INTEGRIN_MEDIATED_SIGNALING_PATHWAY	-0.008445	-0.004663	-0.006201	117	173	23
gse175540-GSM5924030_ffpe_c_2	GSE175540	GOBP_COMPLEMENT_ACTIVATION_CLASSICAL_PATHWAY	0.011274	0.01183	-3.8e-05	117	173	37
gse175540-GSM5924030_ffpe_c_2	GSE175540	GOBP_PEPTIDE_ANTIGEN_ASSEMBLY_WITH_MHC_PROTEIN_COMPLEX	-0.020863	-0.008636	-0.006382	117	173	19
gse175540-GSM5924030_ffpe_c_2	GSE175540	GOBP_NEGATIVE_REGULATION_OF_REACTIVE_OXYGEN_SPECIES_BIOSYNTHETIC_PROCESS	-0.002475	0.002799	0.002735	117	173	16
gse175540-GSM5924030_ffpe_c_2	GSE175540	GOBP_MRNA_5_SPLICE_SITE_RECOGNITION	0.011846	0.011753	0.012234	117	173	6
gse175540-GSM5924030_ffpe_c_2	GSE175540	GOBP_RESPONSE_TO_INTERFERON_ALPHA	-0.013248	-0.00779	-0.008141	117	173	21
gse175540-GSM5924030_ffpe_c_2	GSE175540	GOBP_POSITIVE_REGULATION_OF_VASCULAR_ASSOCIATED_SMOOTH_MUSCLE_CELL_MIGRATION	-0.001271	0.002787	-0.000271	117	173	16
gse175540-GSM5924030_ffpe_c_2	GSE175540	GOBP_NEGATIVE_REGULATION_OF_EXTRACELLULAR_MATRIX_ORGANIZATION	-0.013481	-0.009752	-0.012123	117	173	15
gse175540-GSM5924030_ffpe_c_2	GSE175540	GOBP_CELL_FATE_DETERMINATION	0.001197	0.001035	0.000292	117	173	40
gse175540-GSM5924030_ffpe_c_2	GSE175540	GOBP_HYPERSENSITIVITY	-0.003059	-0.00604	-0.009776	117	173	19
gse175540-GSM5924030_ffpe_c_2	GSE175540	GOBP_NEGATIVE_REGULATION_OF_BLOOD_VESSEL_ENDOTHELIAL_CELL_PROLIFERATION_INVOLVED_IN_SPROUTING_ANGIOGENESIS	0.00414	0.009893	0.002123	117	173	7
gse175540-GSM5924030_ffpe_c_2	GSE175540	GOBP_PHYSIOLOGICAL_CARDIAC_MUSCLE_HYPERTROPHY	0.0003	-0.000152	-0.002138	117	173	24
gse175540-GSM5924030_ffpe_c_2	GSE175540	GOBP_INTEGRIN_MEDIATED_SIGNALING_PATHWAY	-0.007835	-0.003392	-0.003797	117	173	116
gse175540-GSM5924030_ffpe_c_2	GSE175540	GOBP_RESPONSE_TO_PROSTAGLANDIN_E	-0.007115	-0.00408	-0.004761	117	173	28
gse175540-GSM5924030_ffpe_c_2	GSE175540	GOBP_CELL_ADHESION_MOLECULE_PRODUCTION	0.003365	0.003057	0.00355	117	173	10
gse175540-GSM5924030_ffpe_c_2	GSE175540	GOBP_POSITIVE_REGULATION_OF_RNA_SPLICING	-0.012481	-0.006059	-0.007179	117	173	38
gse175540-GSM5924030_ffpe_c_2	GSE175540	GOBP_DEFINITIVE_HEMOPOIESIS	0.001194	0.001601	-0.000468	117	173	19
gse175540-GSM5924030_ffpe_c_2	GSE175540	GOBP_PROTEIN_DEACETYLATION	-0.005391	-0.003509	-0.00315	117	173	25
gse175540-GSM5924030_ffpe_c_2	GSE175540	GOBP_CELL_JUNCTION_DISASSEMBLY	0.001155	0.000743	0.002128	117	173	31
gse175540-GSM5924030_ffpe_c_2	GSE175540	GOBP_REGULATION_OF_SYNAPTIC_VESICLE_ENDOCYTOSIS	-0.012539	-0.006182	-0.003757	117	173	23
gse175540-GSM5924030_ffpe_c_2	GSE175540	GOBP_RESPONSE_TO_NITRIC_OXIDE	-0.005833	-0.001364	-0.002296	117	173	22
gse175540-GSM5924030_ffpe_c_2	GSE175540	GOBP_REGULATION_OF_CELL_GROWTH_INVOLVED_IN_CARDIAC_MUSCLE_CELL_DEVELOPMENT	0.000345	-0.000981	-0.003221	117	173	17
gse175540-GSM5924030_ffpe_c_2	GSE175540	GOBP_INNERVATION	-0.001235	0.000471	-0.000832	117	173	27
gse175540-GSM5924030_ffpe_c_2	GSE175540	GOBP_RESPONSE_TO_ETHER	0.003117	0.003355	0.004949	117	173	21
gse175540-GSM5924030_ffpe_c_2	GSE175540	GOBP_RESCUE_OF_STALLED_RIBOSOME	-0.001198	0.000328	0.000409	117	173	29
gse175540-GSM5924030_ffpe_c_2	GSE175540	GOBP_NEGATIVE_REGULATION_OF_MUSCLE_HYPERTROPHY	0.002539	0.003731	0.003116	117	173	32
gse175540-GSM5924030_ffpe_c_2	GSE175540	GOBP_NEURON_INTRINSIC_APOPTOTIC_SIGNALING_PATHWAY_IN_RESPONSE_TO_OXIDATIVE_STRESS	-0.002208	0.001644	-0.000248	117	173	21
gse175540-GSM5924030_ffpe_c_2	GSE175540	GOBP_POSITIVE_REGULATION_OF_T_CELL_MIGRATION	-0.00492	-0.000865	-0.000767	117	173	36
gse175540-GSM5924030_ffpe_c_2	GSE175540	GOBP_POSITIVE_REGULATION_OF_LEUKOCYTE_ADHESION_TO_VASCULAR_ENDOTHELIAL_CELL	-0.005308	-0.004889	-0.005958	117	173	22
gse175540-GSM5924030_ffpe_c_2	GSE175540	CTRL_B_AXIS	0.000361	-0.00061	-0.009686	117	173	45
gse175540-GSM5924030_ffpe_c_2	GSE175540	CTRL_MYC_V1	-0.007563	-0.001852	0.000299	117	173	160
gse175540-GSM5924030_ffpe_c_2	GSE175540	CTRL_RANDOM_32	0.002477	0.004969	0.005302	117	173	28
gse175540-GSM5924030_ffpe_c_2	GSE175540	HALLMARK_INTERFERON_GAMMA_RESPONSE	-0.009859	-0.007035	-0.004702	117	173	191
gse175540-GSM5924030_ffpe_c_2	GSE175540	HALLMARK_INTERFERON_ALPHA_RESPONSE	-0.008035	-0.006111	-0.004113	117	173	93
gse175540-GSM5924030_ffpe_c_2	GSE175540	HALLMARK_G2M_CHECKPOINT	-0.00122	-0.001213	-0.000835	117	173	179
gse175540-GSM5924030_ffpe_c_2	GSE175540	HALLMARK_EPITHELIAL_MESENCHYMAL_TRANSITION	-0.016469	-0.010296	-0.014051	117	173	189
gse175540-GSM5924030_ffpe_c_2	GSE175540	GENE_CXCL13	0.000856	-0.003825	-0.011523	117	173	1
gse175540-GSM5924030_ffpe_c_2	GSE175540	GENE_CCL19	-0.044804	-0.049801	-0.060377	117	173	1
gse175540-GSM5924030_ffpe_c_2	GSE175540	GENE_CCL21	-0.004396	-0.003878	-0.00534	117	173	1
gse175540-GSM5924030_ffpe_c_2	GSE175540	GENE_LTB	0.005429	0.004615	-0.000922	117	173	1
gse175540-GSM5924030_ffpe_c_2	GSE175540	GENE_CD74	-0.010197	-0.003336	-0.004074	117	173	1
gse175540-GSM5924030_ffpe_c_2	GSE175540	GENE_HLA_DRA	-0.033863	-0.009032	-0.01845	117	173	1
gse175540-GSM5924030_ffpe_c_2	GSE175540	GENE_IFNG	0.002916	0.002875	0.002777	117	173	1
gse175540-GSM5924030_ffpe_c_2	GSE175540	GENE_CXCL9	-0.036926	-0.036645	-0.014125	117	173	1
gse175540-GSM5924030_ffpe_c_2	GSE175540	GENE_GZMB	0.002854	0.002516	0.003214	117	173	1
gse175540-GSM5924030_ffpe_c_2	GSE175540	GENE_CD8A	-0.004014	-0.006068	-0.007392	117	173	1
gse175540-GSM5924030_ffpe_c_2	GSE175540	GENE_MKI67	5e-06	-9.5e-05	0.000167	117	173	1
gse175540-GSM5924030_ffpe_c_2	GSE175540	GENE_COL1A1	-0.028291	-0.030171	-0.043652	117	173	1
gse175540-GSM5924031_ffpe_c_3	GSE175540	GOBP_REGULATION_OF_INTEGRIN_MEDIATED_SIGNALING_PATHWAY	-0.011068	-0.005249	-0.001051	107	177	23
gse175540-GSM5924031_ffpe_c_3	GSE175540	GOBP_COMPLEMENT_ACTIVATION_CLASSICAL_PATHWAY	0.019961	0.006058	-0.005012	107	177	37
gse175540-GSM5924031_ffpe_c_3	GSE175540	GOBP_PEPTIDE_ANTIGEN_ASSEMBLY_WITH_MHC_PROTEIN_COMPLEX	-0.011284	-0.01926	-0.018272	107	177	19
gse175540-GSM5924031_ffpe_c_3	GSE175540	GOBP_NEGATIVE_REGULATION_OF_REACTIVE_OXYGEN_SPECIES_BIOSYNTHETIC_PROCESS	0.001873	0.001506	0.001022	107	177	16
gse175540-GSM5924031_ffpe_c_3	GSE175540	GOBP_MRNA_5_SPLICE_SITE_RECOGNITION	0.005194	0.008671	0.009205	107	177	6
gse175540-GSM5924031_ffpe_c_3	GSE175540	GOBP_RESPONSE_TO_INTERFERON_ALPHA	0.00617	0.002589	0.00243	107	177	21
gse175540-GSM5924031_ffpe_c_3	GSE175540	GOBP_POSITIVE_REGULATION_OF_VASCULAR_ASSOCIATED_SMOOTH_MUSCLE_CELL_MIGRATION	0.015824	0.00857	0.004697	107	177	16
gse175540-GSM5924031_ffpe_c_3	GSE175540	GOBP_NEGATIVE_REGULATION_OF_EXTRACELLULAR_MATRIX_ORGANIZATION	0.002079	0.000108	-0.000545	107	177	15
gse175540-GSM5924031_ffpe_c_3	GSE175540	GOBP_CELL_FATE_DETERMINATION	0.001148	-0.000193	-0.000273	107	177	40
gse175540-GSM5924031_ffpe_c_3	GSE175540	GOBP_HYPERSENSITIVITY	-0.004824	-0.009885	-0.010791	107	177	19
gse175540-GSM5924031_ffpe_c_3	GSE175540	GOBP_NEGATIVE_REGULATION_OF_BLOOD_VESSEL_ENDOTHELIAL_CELL_PROLIFERATION_INVOLVED_IN_SPROUTING_ANGIOGENESIS	0.001853	-0.002801	-0.004391	107	177	7
gse175540-GSM5924031_ffpe_c_3	GSE175540	GOBP_PHYSIOLOGICAL_CARDIAC_MUSCLE_HYPERTROPHY	0.000512	0.000828	0.000903	107	177	24
gse175540-GSM5924031_ffpe_c_3	GSE175540	GOBP_INTEGRIN_MEDIATED_SIGNALING_PATHWAY	-0.005961	-0.00504	-0.003344	107	177	116
gse175540-GSM5924031_ffpe_c_3	GSE175540	GOBP_RESPONSE_TO_PROSTAGLANDIN_E	0.002903	0.000918	0.000433	107	177	28
gse175540-GSM5924031_ffpe_c_3	GSE175540	GOBP_CELL_ADHESION_MOLECULE_PRODUCTION	0.003083	0.003082	0.003225	107	177	10
gse175540-GSM5924031_ffpe_c_3	GSE175540	GOBP_POSITIVE_REGULATION_OF_RNA_SPLICING	0.007626	0.004417	0.003636	107	177	38
gse175540-GSM5924031_ffpe_c_3	GSE175540	GOBP_DEFINITIVE_HEMOPOIESIS	0.003351	-0.001792	-0.003853	107	177	19
gse175540-GSM5924031_ffpe_c_3	GSE175540	GOBP_PROTEIN_DEACETYLATION	-0.000659	-0.000963	-0.000941	107	177	25
gse175540-GSM5924031_ffpe_c_3	GSE175540	GOBP_CELL_JUNCTION_DISASSEMBLY	-0.001492	-0.002076	-0.001897	107	177	31
gse175540-GSM5924031_ffpe_c_3	GSE175540	GOBP_REGULATION_OF_SYNAPTIC_VESICLE_ENDOCYTOSIS	-0.004571	-0.003158	-0.001631	107	177	23
gse175540-GSM5924031_ffpe_c_3	GSE175540	GOBP_RESPONSE_TO_NITRIC_OXIDE	0.004422	0.002101	0.000483	107	177	22
gse175540-GSM5924031_ffpe_c_3	GSE175540	GOBP_REGULATION_OF_CELL_GROWTH_INVOLVED_IN_CARDIAC_MUSCLE_CELL_DEVELOPMENT	-0.001657	-0.00093	-0.000564	107	177	17
gse175540-GSM5924031_ffpe_c_3	GSE175540	GOBP_INNERVATION	0.000821	0.000617	0.000137	107	177	27
gse175540-GSM5924031_ffpe_c_3	GSE175540	GOBP_RESPONSE_TO_ETHER	0.003584	0.003006	0.00214	107	177	21
gse175540-GSM5924031_ffpe_c_3	GSE175540	GOBP_RESCUE_OF_STALLED_RIBOSOME	0.001949	0.001467	0.001509	107	177	29
gse175540-GSM5924031_ffpe_c_3	GSE175540	GOBP_NEGATIVE_REGULATION_OF_MUSCLE_HYPERTROPHY	-0.001803	-0.001558	-2.4e-05	107	177	32
gse175540-GSM5924031_ffpe_c_3	GSE175540	GOBP_NEURON_INTRINSIC_APOPTOTIC_SIGNALING_PATHWAY_IN_RESPONSE_TO_OXIDATIVE_STRESS	0.00057	-0.001242	-0.001925	107	177	21
gse175540-GSM5924031_ffpe_c_3	GSE175540	GOBP_POSITIVE_REGULATION_OF_T_CELL_MIGRATION	-0.003912	-0.007764	-0.008446	107	177	36
gse175540-GSM5924031_ffpe_c_3	GSE175540	GOBP_POSITIVE_REGULATION_OF_LEUKOCYTE_ADHESION_TO_VASCULAR_ENDOTHELIAL_CELL	0.004086	0.001046	0.000128	107	177	22
gse175540-GSM5924031_ffpe_c_3	GSE175540	CTRL_B_AXIS	0.019661	0.002671	-0.007099	107	177	45
gse175540-GSM5924031_ffpe_c_3	GSE175540	CTRL_MYC_V1	-0.007287	-0.002994	-0.001801	107	177	160
gse175540-GSM5924031_ffpe_c_3	GSE175540	CTRL_RANDOM_32	-0.002095	-0.001547	-0.001083	107	177	28
gse175540-GSM5924031_ffpe_c_3	GSE175540	HALLMARK_INTERFERON_GAMMA_RESPONSE	0.000431	-0.003202	-0.00409	107	177	191
gse175540-GSM5924031_ffpe_c_3	GSE175540	HALLMARK_INTERFERON_ALPHA_RESPONSE	0.00109	-0.00256	-0.003783	107	177	93
gse175540-GSM5924031_ffpe_c_3	GSE175540	HALLMARK_G2M_CHECKPOINT	-0.000711	0.000165	0.000207	107	177	179
gse175540-GSM5924031_ffpe_c_3	GSE175540	HALLMARK_EPITHELIAL_MESENCHYMAL_TRANSITION	-0.006062	-0.002752	-0.000168	107	177	189
gse175540-GSM5924031_ffpe_c_3	GSE175540	GENE_CXCL13	-0.00644	-0.055936	-0.073085	107	177	1
gse175540-GSM5924031_ffpe_c_3	GSE175540	GENE_CCL19	0.043183	0.011909	-0.000956	107	177	1
gse175540-GSM5924031_ffpe_c_3	GSE175540	GENE_CCL21	0.053691	0.022727	0.012887	107	177	1
gse175540-GSM5924031_ffpe_c_3	GSE175540	GENE_LTB	0.049533	0.009794	-0.009053	107	177	1
gse175540-GSM5924031_ffpe_c_3	GSE175540	GENE_CD74	0.001547	-0.000525	-0.000718	107	177	1
gse175540-GSM5924031_ffpe_c_3	GSE175540	GENE_HLA_DRA	-0.000419	-0.005087	-0.005552	107	177	1
gse175540-GSM5924031_ffpe_c_3	GSE175540	GENE_IFNG	0.000526	0.000727	0.000654	107	177	1
gse175540-GSM5924031_ffpe_c_3	GSE175540	GENE_CXCL9	-0.054205	-0.079238	-0.093699	107	177	1
gse175540-GSM5924031_ffpe_c_3	GSE175540	GENE_GZMB	0.05232	0.021404	0.001001	107	177	1
gse175540-GSM5924031_ffpe_c_3	GSE175540	GENE_CD8A	0.004316	-0.002412	-0.006266	107	177	1
gse175540-GSM5924031_ffpe_c_3	GSE175540	GENE_MKI67	0.003442	0.004588	0.006815	107	177	1
gse175540-GSM5924031_ffpe_c_3	GSE175540	GENE_COL1A1	-0.002806	-0.000224	0.001588	107	177	1
gse175540-GSM5924032_ffpe_c_4	GSE175540	GOBP_REGULATION_OF_INTEGRIN_MEDIATED_SIGNALING_PATHWAY	-0.0006	-0.000786	-0.000497	128	124	23
gse175540-GSM5924032_ffpe_c_4	GSE175540	GOBP_COMPLEMENT_ACTIVATION_CLASSICAL_PATHWAY	0.014489	0.003447	0.001814	128	124	37
gse175540-GSM5924032_ffpe_c_4	GSE175540	GOBP_PEPTIDE_ANTIGEN_ASSEMBLY_WITH_MHC_PROTEIN_COMPLEX	0.001218	-0.000334	-0.000342	128	124	19
gse175540-GSM5924032_ffpe_c_4	GSE175540	GOBP_NEGATIVE_REGULATION_OF_REACTIVE_OXYGEN_SPECIES_BIOSYNTHETIC_PROCESS	-0.001176	0.000389	0.001454	128	124	16
gse175540-GSM5924032_ffpe_c_4	GSE175540	GOBP_MRNA_5_SPLICE_SITE_RECOGNITION	0.004356	0.005689	0.00685	128	124	6
gse175540-GSM5924032_ffpe_c_4	GSE175540	GOBP_RESPONSE_TO_INTERFERON_ALPHA	-0.000138	0.001453	0.001134	128	124	21
gse175540-GSM5924032_ffpe_c_4	GSE175540	GOBP_POSITIVE_REGULATION_OF_VASCULAR_ASSOCIATED_SMOOTH_MUSCLE_CELL_MIGRATION	0.011621	0.005219	0.000967	128	124	16
gse175540-GSM5924032_ffpe_c_4	GSE175540	GOBP_NEGATIVE_REGULATION_OF_EXTRACELLULAR_MATRIX_ORGANIZATION	0.001645	0.000924	0.000516	128	124	15
gse175540-GSM5924032_ffpe_c_4	GSE175540	GOBP_CELL_FATE_DETERMINATION	3.6e-05	-0.000144	-0.000225	128	124	40
gse175540-GSM5924032_ffpe_c_4	GSE175540	GOBP_HYPERSENSITIVITY	-0.000196	5.9e-05	0.002289	128	124	19
gse175540-GSM5924032_ffpe_c_4	GSE175540	GOBP_NEGATIVE_REGULATION_OF_BLOOD_VESSEL_ENDOTHELIAL_CELL_PROLIFERATION_INVOLVED_IN_SPROUTING_ANGIOGENESIS	0.015564	0.006006	0.000821	128	124	7
gse175540-GSM5924032_ffpe_c_4	GSE175540	GOBP_PHYSIOLOGICAL_CARDIAC_MUSCLE_HYPERTROPHY	-0.004507	-0.005415	-0.00571	128	124	24
gse175540-GSM5924032_ffpe_c_4	GSE175540	GOBP_INTEGRIN_MEDIATED_SIGNALING_PATHWAY	0.001554	0.001189	0.001199	128	124	116
gse175540-GSM5924032_ffpe_c_4	GSE175540	GOBP_RESPONSE_TO_PROSTAGLANDIN_E	-0.001596	-0.001905	-0.002534	128	124	28
gse175540-GSM5924032_ffpe_c_4	GSE175540	GOBP_CELL_ADHESION_MOLECULE_PRODUCTION	-0.009067	-0.007666	-0.005947	128	124	10
gse175540-GSM5924032_ffpe_c_4	GSE175540	GOBP_POSITIVE_REGULATION_OF_RNA_SPLICING	0.006915	0.006784	0.005153	128	124	38
gse175540-GSM5924032_ffpe_c_4	GSE175540	GOBP_DEFINITIVE_HEMOPOIESIS	0.009505	0.004269	0.000768	128	124	19
gse175540-GSM5924032_ffpe_c_4	GSE175540	GOBP_PROTEIN_DEACETYLATION	0.001481	0.001865	0.002468	128	124	25
gse175540-GSM5924032_ffpe_c_4	GSE175540	GOBP_CELL_JUNCTION_DISASSEMBLY	-0.001099	-0.001337	0.000149	128	124	31
gse175540-GSM5924032_ffpe_c_4	GSE175540	GOBP_REGULATION_OF_SYNAPTIC_VESICLE_ENDOCYTOSIS	0.005013	0.009065	0.011471	128	124	23
gse175540-GSM5924032_ffpe_c_4	GSE175540	GOBP_RESPONSE_TO_NITRIC_OXIDE	-0.005116	-0.004886	-0.006502	128	124	22
gse175540-GSM5924032_ffpe_c_4	GSE175540	GOBP_REGULATION_OF_CELL_GROWTH_INVOLVED_IN_CARDIAC_MUSCLE_CELL_DEVELOPMENT	-0.002887	-0.004539	-0.00515	128	124	17
gse175540-GSM5924032_ffpe_c_4	GSE175540	GOBP_INNERVATION	0.005779	0.004613	0.004676	128	124	27
gse175540-GSM5924032_ffpe_c_4	GSE175540	GOBP_RESPONSE_TO_ETHER	-0.00196	-0.002043	-0.001786	128	124	21
gse175540-GSM5924032_ffpe_c_4	GSE175540	GOBP_RESCUE_OF_STALLED_RIBOSOME	-0.000676	-0.001145	-0.001066	128	124	29
gse175540-GSM5924032_ffpe_c_4	GSE175540	GOBP_NEGATIVE_REGULATION_OF_MUSCLE_HYPERTROPHY	-0.000528	-0.001392	-0.002032	128	124	32
gse175540-GSM5924032_ffpe_c_4	GSE175540	GOBP_NEURON_INTRINSIC_APOPTOTIC_SIGNALING_PATHWAY_IN_RESPONSE_TO_OXIDATIVE_STRESS	0.006263	0.005888	0.005801	128	124	21
gse175540-GSM5924032_ffpe_c_4	GSE175540	GOBP_POSITIVE_REGULATION_OF_T_CELL_MIGRATION	-0.001417	-0.004302	-0.007133	128	124	36
gse175540-GSM5924032_ffpe_c_4	GSE175540	GOBP_POSITIVE_REGULATION_OF_LEUKOCYTE_ADHESION_TO_VASCULAR_ENDOTHELIAL_CELL	-6.1e-05	-0.003984	-0.007204	128	124	22
gse175540-GSM5924032_ffpe_c_4	GSE175540	CTRL_B_AXIS	0.017624	2e-05	-0.008999	128	124	45
gse175540-GSM5924032_ffpe_c_4	GSE175540	CTRL_MYC_V1	-0.002831	0.000297	0.001319	128	124	160
gse175540-GSM5924032_ffpe_c_4	GSE175540	CTRL_RANDOM_32	-0.006008	-0.004933	-0.004597	128	124	28
gse175540-GSM5924032_ffpe_c_4	GSE175540	HALLMARK_INTERFERON_GAMMA_RESPONSE	0.000864	0.000802	-1.2e-05	128	124	191
gse175540-GSM5924032_ffpe_c_4	GSE175540	HALLMARK_INTERFERON_ALPHA_RESPONSE	0.002406	0.002745	0.002634	128	124	93
gse175540-GSM5924032_ffpe_c_4	GSE175540	HALLMARK_G2M_CHECKPOINT	0.001656	0.001045	0.000368	128	124	179
gse175540-GSM5924032_ffpe_c_4	GSE175540	HALLMARK_EPITHELIAL_MESENCHYMAL_TRANSITION	0.006495	0.005061	0.005843	128	124	189
gse175540-GSM5924032_ffpe_c_4	GSE175540	GENE_CXCL13	0.005812	-0.00203	-0.008727	128	124	1
gse175540-GSM5924032_ffpe_c_4	GSE175540	GENE_CCL19	0.006921	-0.006514	-0.028276	128	124	1
gse175540-GSM5924032_ffpe_c_4	GSE175540	GENE_CCL21	-0.005443	-0.019319	-0.037215	128	124	1
gse175540-GSM5924032_ffpe_c_4	GSE175540	GENE_LTB	0.011754	-0.006287	-0.033444	128	124	1
gse175540-GSM5924032_ffpe_c_4	GSE175540	GENE_CD74	-0.009455	-0.008908	-0.007175	128	124	1
gse175540-GSM5924032_ffpe_c_4	GSE175540	GENE_HLA_DRA	-0.032196	-0.034308	-0.029485	128	124	1
gse175540-GSM5924032_ffpe_c_4	GSE175540	GENE_IFNG	0.002487	0.002345	0.002277	128	124	1
gse175540-GSM5924032_ffpe_c_4	GSE175540	GENE_CXCL9	0.021066	0.002535	-0.023439	128	124	1
gse175540-GSM5924032_ffpe_c_4	GSE175540	GENE_GZMB	-0.000863	-0.001669	-0.002143	128	124	1
gse175540-GSM5924032_ffpe_c_4	GSE175540	GENE_CD8A	-0.000114	-0.004482	-0.011894	128	124	1
gse175540-GSM5924032_ffpe_c_4	GSE175540	GENE_MKI67	0.0	-0.000799	0.000177	128	124	1
gse175540-GSM5924032_ffpe_c_4	GSE175540	GENE_COL1A1	0.00321	-0.012956	-0.010763	128	124	1
gse175540-GSM5924033_ffpe_c_7	GSE175540	GOBP_REGULATION_OF_INTEGRIN_MEDIATED_SIGNALING_PATHWAY	0.00855	0.004798	-0.001758	79	104	23
gse175540-GSM5924033_ffpe_c_7	GSE175540	GOBP_COMPLEMENT_ACTIVATION_CLASSICAL_PATHWAY	0.013729	0.002242	-0.009622	79	104	37
gse175540-GSM5924033_ffpe_c_7	GSE175540	GOBP_PEPTIDE_ANTIGEN_ASSEMBLY_WITH_MHC_PROTEIN_COMPLEX	0.015656	0.002846	-0.009764	79	104	19
gse175540-GSM5924033_ffpe_c_7	GSE175540	GOBP_NEGATIVE_REGULATION_OF_REACTIVE_OXYGEN_SPECIES_BIOSYNTHETIC_PROCESS	0.007594	0.005718	0.002614	79	104	16
gse175540-GSM5924033_ffpe_c_7	GSE175540	GOBP_MRNA_5_SPLICE_SITE_RECOGNITION	0.004894	0.005513	0.006168	79	104	6
gse175540-GSM5924033_ffpe_c_7	GSE175540	GOBP_RESPONSE_TO_INTERFERON_ALPHA	0.013093	0.008291	0.001206	79	104	21
gse175540-GSM5924033_ffpe_c_7	GSE175540	GOBP_POSITIVE_REGULATION_OF_VASCULAR_ASSOCIATED_SMOOTH_MUSCLE_CELL_MIGRATION	0.002602	-4.8e-05	-0.005617	79	104	16
gse175540-GSM5924033_ffpe_c_7	GSE175540	GOBP_NEGATIVE_REGULATION_OF_EXTRACELLULAR_MATRIX_ORGANIZATION	0.019463	0.016019	0.002825	79	104	15
gse175540-GSM5924033_ffpe_c_7	GSE175540	GOBP_CELL_FATE_DETERMINATION	-0.000277	0.000474	-0.001169	79	104	40
gse175540-GSM5924033_ffpe_c_7	GSE175540	GOBP_HYPERSENSITIVITY	0.00403	-0.003414	-0.006435	79	104	19
gse175540-GSM5924033_ffpe_c_7	GSE175540	GOBP_NEGATIVE_REGULATION_OF_BLOOD_VESSEL_ENDOTHELIAL_CELL_PROLIFERATION_INVOLVED_IN_SPROUTING_ANGIOGENESIS	0.014231	0.010536	0.000864	79	104	7
gse175540-GSM5924033_ffpe_c_7	GSE175540	GOBP_PHYSIOLOGICAL_CARDIAC_MUSCLE_HYPERTROPHY	0.001875	0.002079	0.000314	79	104	24
gse175540-GSM5924033_ffpe_c_7	GSE175540	GOBP_INTEGRIN_MEDIATED_SIGNALING_PATHWAY	0.009686	0.007178	0.00269	79	104	116
gse175540-GSM5924033_ffpe_c_7	GSE175540	GOBP_RESPONSE_TO_PROSTAGLANDIN_E	0.001415	-0.000369	-0.010095	79	104	28
gse175540-GSM5924033_ffpe_c_7	GSE175540	GOBP_CELL_ADHESION_MOLECULE_PRODUCTION	-0.006741	-0.006225	0.00029	79	104	10
gse175540-GSM5924033_ffpe_c_7	GSE175540	GOBP_POSITIVE_REGULATION_OF_RNA_SPLICING	0.009726	0.008082	0.000618	79	104	38
gse175540-GSM5924033_ffpe_c_7	GSE175540	GOBP_DEFINITIVE_HEMOPOIESIS	0.007218	0.006021	4.1e-05	79	104	19
gse175540-GSM5924033_ffpe_c_7	GSE175540	GOBP_PROTEIN_DEACETYLATION	0.004575	0.003726	0.000236	79	104	25
gse175540-GSM5924033_ffpe_c_7	GSE175540	GOBP_CELL_JUNCTION_DISASSEMBLY	-0.003241	-0.008264	-0.00871	79	104	31
gse175540-GSM5924033_ffpe_c_7	GSE175540	GOBP_REGULATION_OF_SYNAPTIC_VESICLE_ENDOCYTOSIS	-0.002423	-0.006794	-0.010523	79	104	23
gse175540-GSM5924033_ffpe_c_7	GSE175540	GOBP_RESPONSE_TO_NITRIC_OXIDE	0.004754	0.004676	-0.001105	79	104	22
gse175540-GSM5924033_ffpe_c_7	GSE175540	GOBP_REGULATION_OF_CELL_GROWTH_INVOLVED_IN_CARDIAC_MUSCLE_CELL_DEVELOPMENT	-0.001122	-0.000942	-0.001995	79	104	17
gse175540-GSM5924033_ffpe_c_7	GSE175540	GOBP_INNERVATION	0.012061	0.008005	0.003764	79	104	27
gse175540-GSM5924033_ffpe_c_7	GSE175540	GOBP_RESPONSE_TO_ETHER	-0.004461	-0.005025	-0.004101	79	104	21
gse175540-GSM5924033_ffpe_c_7	GSE175540	GOBP_RESCUE_OF_STALLED_RIBOSOME	-0.001776	-0.002284	-0.00221	79	104	29
gse175540-GSM5924033_ffpe_c_7	GSE175540	GOBP_NEGATIVE_REGULATION_OF_MUSCLE_HYPERTROPHY	0.009348	0.008762	0.005487	79	104	32
gse175540-GSM5924033_ffpe_c_7	GSE175540	GOBP_NEURON_INTRINSIC_APOPTOTIC_SIGNALING_PATHWAY_IN_RESPONSE_TO_OXIDATIVE_STRESS	0.005497	0.003418	-0.002457	79	104	21
gse175540-GSM5924033_ffpe_c_7	GSE175540	GOBP_POSITIVE_REGULATION_OF_T_CELL_MIGRATION	0.003059	0.001287	-0.002493	79	104	36
gse175540-GSM5924033_ffpe_c_7	GSE175540	GOBP_POSITIVE_REGULATION_OF_LEUKOCYTE_ADHESION_TO_VASCULAR_ENDOTHELIAL_CELL	0.008214	0.006556	0.001374	79	104	22
gse175540-GSM5924033_ffpe_c_7	GSE175540	CTRL_B_AXIS	0.007953	0.001589	-0.008442	79	104	45
gse175540-GSM5924033_ffpe_c_7	GSE175540	CTRL_MYC_V1	-0.00626	-0.008261	-0.007191	79	104	160
gse175540-GSM5924033_ffpe_c_7	GSE175540	CTRL_RANDOM_32	0.002761	0.002199	0.001321	79	104	28
gse175540-GSM5924033_ffpe_c_7	GSE175540	HALLMARK_INTERFERON_GAMMA_RESPONSE	0.00172	-0.000319	-0.00264	79	104	191
gse175540-GSM5924033_ffpe_c_7	GSE175540	HALLMARK_INTERFERON_ALPHA_RESPONSE	0.000751	-0.002825	-0.005825	79	104	93
gse175540-GSM5924033_ffpe_c_7	GSE175540	HALLMARK_G2M_CHECKPOINT	-6.4e-05	6.1e-05	-0.000127	79	104	179
gse175540-GSM5924033_ffpe_c_7	GSE175540	HALLMARK_EPITHELIAL_MESENCHYMAL_TRANSITION	0.014882	0.006994	-0.005133	79	104	189
gse175540-GSM5924033_ffpe_c_7	GSE175540	GENE_CXCL13	-0.020727	-0.022805	-0.032347	79	104	1
gse175540-GSM5924033_ffpe_c_7	GSE175540	GENE_CCL19	-0.05944	-0.065207	-0.232869	79	104	1
gse175540-GSM5924033_ffpe_c_7	GSE175540	GENE_CCL21	-0.03421	-0.038888	-0.09718	79	104	1
gse175540-GSM5924033_ffpe_c_7	GSE175540	GENE_LTB	0.003588	0.000222	-0.031564	79	104	1
gse175540-GSM5924033_ffpe_c_7	GSE175540	GENE_CD74	-0.000579	-0.008271	-0.021589	79	104	1
gse175540-GSM5924033_ffpe_c_7	GSE175540	GENE_HLA_DRA	-0.009898	-0.031115	-0.056089	79	104	1
gse175540-GSM5924033_ffpe_c_7	GSE175540	GENE_IFNG	0.0	8.5e-05	0.00043	79	104	1
gse175540-GSM5924033_ffpe_c_7	GSE175540	GENE_CXCL9	0.02608	0.014449	0.003135	79	104	1
gse175540-GSM5924033_ffpe_c_7	GSE175540	GENE_GZMB	-0.000686	-0.000892	-0.001808	79	104	1
gse175540-GSM5924033_ffpe_c_7	GSE175540	GENE_CD8A	0.0	3.7e-05	0.000134	79	104	1
gse175540-GSM5924033_ffpe_c_7	GSE175540	GENE_MKI67	-0.003988	-0.003889	-0.003077	79	104	1
gse175540-GSM5924033_ffpe_c_7	GSE175540	GENE_COL1A1	0.001485	-0.038282	-0.054617	79	104	1
gse175540-GSM5924035_ffpe_c_20	GSE175540	GOBP_REGULATION_OF_INTEGRIN_MEDIATED_SIGNALING_PATHWAY	0.000411	2.6e-05	-0.010011	62	107	23
gse175540-GSM5924035_ffpe_c_20	GSE175540	GOBP_COMPLEMENT_ACTIVATION_CLASSICAL_PATHWAY	0.00402	0.002534	-0.007118	62	107	37
gse175540-GSM5924035_ffpe_c_20	GSE175540	GOBP_PEPTIDE_ANTIGEN_ASSEMBLY_WITH_MHC_PROTEIN_COMPLEX	0.011388	0.009657	-0.001807	62	107	19
gse175540-GSM5924035_ffpe_c_20	GSE175540	GOBP_NEGATIVE_REGULATION_OF_REACTIVE_OXYGEN_SPECIES_BIOSYNTHETIC_PROCESS	-0.009212	-0.009107	-0.012429	62	107	16
gse175540-GSM5924035_ffpe_c_20	GSE175540	GOBP_MRNA_5_SPLICE_SITE_RECOGNITION	0.007008	0.006895	0.00764	62	107	6
gse175540-GSM5924035_ffpe_c_20	GSE175540	GOBP_RESPONSE_TO_INTERFERON_ALPHA	0.001851	0.001446	-0.004533	62	107	21
gse175540-GSM5924035_ffpe_c_20	GSE175540	GOBP_POSITIVE_REGULATION_OF_VASCULAR_ASSOCIATED_SMOOTH_MUSCLE_CELL_MIGRATION	-0.003225	-0.003483	-0.004481	62	107	16
gse175540-GSM5924035_ffpe_c_20	GSE175540	GOBP_NEGATIVE_REGULATION_OF_EXTRACELLULAR_MATRIX_ORGANIZATION	0.016426	0.016454	0.008592	62	107	15
gse175540-GSM5924035_ffpe_c_20	GSE175540	GOBP_CELL_FATE_DETERMINATION	0.005203	0.004968	0.003192	62	107	40
gse175540-GSM5924035_ffpe_c_20	GSE175540	GOBP_HYPERSENSITIVITY	-0.005957	-0.0075	-0.013222	62	107	19
gse175540-GSM5924035_ffpe_c_20	GSE175540	GOBP_NEGATIVE_REGULATION_OF_BLOOD_VESSEL_ENDOTHELIAL_CELL_PROLIFERATION_INVOLVED_IN_SPROUTING_ANGIOGENESIS	-0.002421	-0.003751	-0.008375	62	107	7
gse175540-GSM5924035_ffpe_c_20	GSE175540	GOBP_PHYSIOLOGICAL_CARDIAC_MUSCLE_HYPERTROPHY	0.000188	0.00014	-0.000206	62	107	24
gse175540-GSM5924035_ffpe_c_20	GSE175540	GOBP_INTEGRIN_MEDIATED_SIGNALING_PATHWAY	-0.002316	-0.002861	-0.009344	62	107	116
gse175540-GSM5924035_ffpe_c_20	GSE175540	GOBP_RESPONSE_TO_PROSTAGLANDIN_E	-0.001119	-0.001341	-0.003186	62	107	28
gse175540-GSM5924035_ffpe_c_20	GSE175540	GOBP_CELL_ADHESION_MOLECULE_PRODUCTION	-0.001765	-0.00073	-0.001659	62	107	10
gse175540-GSM5924035_ffpe_c_20	GSE175540	GOBP_POSITIVE_REGULATION_OF_RNA_SPLICING	0.006023	0.005352	-3.9e-05	62	107	38
gse175540-GSM5924035_ffpe_c_20	GSE175540	GOBP_DEFINITIVE_HEMOPOIESIS	-0.000284	-0.001494	-0.004676	62	107	19
gse175540-GSM5924035_ffpe_c_20	GSE175540	GOBP_PROTEIN_DEACETYLATION	-0.005094	-0.005009	-0.005713	62	107	25
gse175540-GSM5924035_ffpe_c_20	GSE175540	GOBP_CELL_JUNCTION_DISASSEMBLY	0.001821	0.00153	-0.002525	62	107	31
gse175540-GSM5924035_ffpe_c_20	GSE175540	GOBP_REGULATION_OF_SYNAPTIC_VESICLE_ENDOCYTOSIS	-0.003673	-0.003306	-0.006346	62	107	23
gse175540-GSM5924035_ffpe_c_20	GSE175540	GOBP_RESPONSE_TO_NITRIC_OXIDE	-0.001048	-0.001543	-0.002629	62	107	22
gse175540-GSM5924035_ffpe_c_20	GSE175540	GOBP_REGULATION_OF_CELL_GROWTH_INVOLVED_IN_CARDIAC_MUSCLE_CELL_DEVELOPMENT	0.00097	0.000448	-0.001031	62	107	17
gse175540-GSM5924035_ffpe_c_20	GSE175540	GOBP_INNERVATION	-0.003746	-0.00408	-0.006812	62	107	27
gse175540-GSM5924035_ffpe_c_20	GSE175540	GOBP_RESPONSE_TO_ETHER	0.000647	0.000631	-0.001176	62	107	21
gse175540-GSM5924035_ffpe_c_20	GSE175540	GOBP_RESCUE_OF_STALLED_RIBOSOME	-0.001211	-0.001138	-0.001088	62	107	29
gse175540-GSM5924035_ffpe_c_20	GSE175540	GOBP_NEGATIVE_REGULATION_OF_MUSCLE_HYPERTROPHY	-0.001793	-0.002242	-0.002429	62	107	32
gse175540-GSM5924035_ffpe_c_20	GSE175540	GOBP_NEURON_INTRINSIC_APOPTOTIC_SIGNALING_PATHWAY_IN_RESPONSE_TO_OXIDATIVE_STRESS	0.002168	0.002253	-0.002899	62	107	21
gse175540-GSM5924035_ffpe_c_20	GSE175540	GOBP_POSITIVE_REGULATION_OF_T_CELL_MIGRATION	-0.002537	-0.002674	-0.006864	62	107	36
gse175540-GSM5924035_ffpe_c_20	GSE175540	GOBP_POSITIVE_REGULATION_OF_LEUKOCYTE_ADHESION_TO_VASCULAR_ENDOTHELIAL_CELL	0.005422	0.004781	0.000303	62	107	22
gse175540-GSM5924035_ffpe_c_20	GSE175540	CTRL_B_AXIS	0.004876	-0.000481	-0.006914	62	107	45
gse175540-GSM5924035_ffpe_c_20	GSE175540	CTRL_MYC_V1	-0.004676	-0.004944	-0.007599	62	107	160
gse175540-GSM5924035_ffpe_c_20	GSE175540	CTRL_RANDOM_32	-0.012042	-0.0119	-0.010371	62	107	28
gse175540-GSM5924035_ffpe_c_20	GSE175540	HALLMARK_INTERFERON_GAMMA_RESPONSE	4.1e-05	-0.000374	-0.002626	62	107	191
gse175540-GSM5924035_ffpe_c_20	GSE175540	HALLMARK_INTERFERON_ALPHA_RESPONSE	0.001542	0.001283	-0.001045	62	107	93
gse175540-GSM5924035_ffpe_c_20	GSE175540	HALLMARK_G2M_CHECKPOINT	-0.000442	-0.000598	-0.001032	62	107	179
gse175540-GSM5924035_ffpe_c_20	GSE175540	HALLMARK_EPITHELIAL_MESENCHYMAL_TRANSITION	-0.000388	-0.001259	-0.010113	62	107	189
gse175540-GSM5924035_ffpe_c_20	GSE175540	GENE_CXCL13	0.0	-0.000624	-0.000684	62	107	1
gse175540-GSM5924035_ffpe_c_20	GSE175540	GENE_CCL19	0.0	-0.003199	-0.008831	62	107	1
gse175540-GSM5924035_ffpe_c_20	GSE175540	GENE_CCL21	0.0	-0.000676	-0.001357	62	107	1
gse175540-GSM5924035_ffpe_c_20	GSE175540	GENE_LTB	-0.004537	-0.006809	-0.006825	62	107	1
gse175540-GSM5924035_ffpe_c_20	GSE175540	GENE_CD74	-0.023484	-0.025451	-0.043953	62	107	1
gse175540-GSM5924035_ffpe_c_20	GSE175540	GENE_HLA_DRA	-0.009234	-0.015892	-0.047933	62	107	1
gse175540-GSM5924035_ffpe_c_20	GSE175540	GENE_IFNG	0.0	-6.2e-05	0.000167	62	107	1
gse175540-GSM5924035_ffpe_c_20	GSE175540	GENE_CXCL9	-0.026228	-0.029794	-0.030914	62	107	1
gse175540-GSM5924035_ffpe_c_20	GSE175540	GENE_GZMB	0.0	0.000387	0.002651	62	107	1
gse175540-GSM5924035_ffpe_c_20	GSE175540	GENE_CD8A	-0.01081	-0.009308	-0.008847	62	107	1
gse175540-GSM5924035_ffpe_c_20	GSE175540	GENE_MKI67	0.0	0.00017	-0.000318	62	107	1
gse175540-GSM5924035_ffpe_c_20	GSE175540	GENE_COL1A1	0.012096	-0.000473	-0.063766	62	107	1
gse175540-GSM5924037_ffpe_c_34	GSE175540	GOBP_REGULATION_OF_INTEGRIN_MEDIATED_SIGNALING_PATHWAY	0.017652	0.033112	0.019251	71	54	23
gse175540-GSM5924037_ffpe_c_34	GSE175540	GOBP_COMPLEMENT_ACTIVATION_CLASSICAL_PATHWAY	0.055679	0.028174	0.015128	71	54	37
gse175540-GSM5924037_ffpe_c_34	GSE175540	GOBP_PEPTIDE_ANTIGEN_ASSEMBLY_WITH_MHC_PROTEIN_COMPLEX	0.056084	0.025279	0.013177	71	54	19
gse175540-GSM5924037_ffpe_c_34	GSE175540	GOBP_NEGATIVE_REGULATION_OF_REACTIVE_OXYGEN_SPECIES_BIOSYNTHETIC_PROCESS	0.015797	0.015329	0.009289	71	54	16
gse175540-GSM5924037_ffpe_c_34	GSE175540	GOBP_MRNA_5_SPLICE_SITE_RECOGNITION	0.013539	0.01845	0.009239	71	54	6
gse175540-GSM5924037_ffpe_c_34	GSE175540	GOBP_RESPONSE_TO_INTERFERON_ALPHA	0.046436	0.026542	0.012266	71	54	21
gse175540-GSM5924037_ffpe_c_34	GSE175540	GOBP_POSITIVE_REGULATION_OF_VASCULAR_ASSOCIATED_SMOOTH_MUSCLE_CELL_MIGRATION	0.017276	0.004816	0.009485	71	54	16
gse175540-GSM5924037_ffpe_c_34	GSE175540	GOBP_NEGATIVE_REGULATION_OF_EXTRACELLULAR_MATRIX_ORGANIZATION	0.034479	0.036313	0.025182	71	54	15
gse175540-GSM5924037_ffpe_c_34	GSE175540	GOBP_CELL_FATE_DETERMINATION	0.002086	0.000964	0.001011	71	54	40
gse175540-GSM5924037_ffpe_c_34	GSE175540	GOBP_HYPERSENSITIVITY	0.066418	0.044595	0.033201	71	54	19
gse175540-GSM5924037_ffpe_c_34	GSE175540	GOBP_NEGATIVE_REGULATION_OF_BLOOD_VESSEL_ENDOTHELIAL_CELL_PROLIFERATION_INVOLVED_IN_SPROUTING_ANGIOGENESIS	0.019296	0.006333	0.010265	71	54	7
gse175540-GSM5924037_ffpe_c_34	GSE175540	GOBP_PHYSIOLOGICAL_CARDIAC_MUSCLE_HYPERTROPHY	0.015211	0.010614	0.010325	71	54	24
gse175540-GSM5924037_ffpe_c_34	GSE175540	GOBP_INTEGRIN_MEDIATED_SIGNALING_PATHWAY	0.013579	0.01789	0.012457	71	54	116
gse175540-GSM5924037_ffpe_c_34	GSE175540	GOBP_RESPONSE_TO_PROSTAGLANDIN_E	0.013025	0.004863	-0.000195	71	54	28
gse175540-GSM5924037_ffpe_c_34	GSE175540	GOBP_CELL_ADHESION_MOLECULE_PRODUCTION	-0.012467	-0.002828	0.003265	71	54	10
gse175540-GSM5924037_ffpe_c_34	GSE175540	GOBP_POSITIVE_REGULATION_OF_RNA_SPLICING	0.030198	0.01844	0.009368	71	54	38
gse175540-GSM5924037_ffpe_c_34	GSE175540	GOBP_DEFINITIVE_HEMOPOIESIS	0.014929	0.008252	0.00459	71	54	19
gse175540-GSM5924037_ffpe_c_34	GSE175540	GOBP_PROTEIN_DEACETYLATION	0.00216	0.005515	0.000994	71	54	25
gse175540-GSM5924037_ffpe_c_34	GSE175540	GOBP_CELL_JUNCTION_DISASSEMBLY	0.037528	0.032894	0.023484	71	54	31
gse175540-GSM5924037_ffpe_c_34	GSE175540	GOBP_REGULATION_OF_SYNAPTIC_VESICLE_ENDOCYTOSIS	0.02178	0.032475	0.024573	71	54	23
gse175540-GSM5924037_ffpe_c_34	GSE175540	GOBP_RESPONSE_TO_NITRIC_OXIDE	0.017895	0.00344	-0.002745	71	54	22
gse175540-GSM5924037_ffpe_c_34	GSE175540	GOBP_REGULATION_OF_CELL_GROWTH_INVOLVED_IN_CARDIAC_MUSCLE_CELL_DEVELOPMENT	0.018824	0.012357	0.011862	71	54	17
gse175540-GSM5924037_ffpe_c_34	GSE175540	GOBP_INNERVATION	0.008084	0.006348	0.001928	71	54	27
gse175540-GSM5924037_ffpe_c_34	GSE175540	GOBP_RESPONSE_TO_ETHER	0.00856	0.015345	0.011931	71	54	21
gse175540-GSM5924037_ffpe_c_34	GSE175540	GOBP_RESCUE_OF_STALLED_RIBOSOME	-0.003059	0.000783	-0.000903	71	54	29
gse175540-GSM5924037_ffpe_c_34	GSE175540	GOBP_NEGATIVE_REGULATION_OF_MUSCLE_HYPERTROPHY	0.004003	0.004597	0.005883	71	54	32
gse175540-GSM5924037_ffpe_c_34	GSE175540	GOBP_NEURON_INTRINSIC_APOPTOTIC_SIGNALING_PATHWAY_IN_RESPONSE_TO_OXIDATIVE_STRESS	0.03066	0.024435	0.007254	71	54	21
gse175540-GSM5924037_ffpe_c_34	GSE175540	GOBP_POSITIVE_REGULATION_OF_T_CELL_MIGRATION	0.022282	0.013641	0.007795	71	54	36
gse175540-GSM5924037_ffpe_c_34	GSE175540	GOBP_POSITIVE_REGULATION_OF_LEUKOCYTE_ADHESION_TO_VASCULAR_ENDOTHELIAL_CELL	0.010736	0.007367	-0.001041	71	54	22
gse175540-GSM5924037_ffpe_c_34	GSE175540	CTRL_B_AXIS	0.045513	-0.002712	-0.009602	71	54	45
gse175540-GSM5924037_ffpe_c_34	GSE175540	CTRL_MYC_V1	0.01206	0.025338	0.009543	71	54	160
gse175540-GSM5924037_ffpe_c_34	GSE175540	CTRL_RANDOM_32	0.002442	0.006058	0.004671	71	54	28
gse175540-GSM5924037_ffpe_c_34	GSE175540	HALLMARK_INTERFERON_GAMMA_RESPONSE	0.017099	0.0093	0.005271	71	54	191
gse175540-GSM5924037_ffpe_c_34	GSE175540	HALLMARK_INTERFERON_ALPHA_RESPONSE	0.016451	0.008382	0.002595	71	54	93
gse175540-GSM5924037_ffpe_c_34	GSE175540	HALLMARK_G2M_CHECKPOINT	0.00187	0.005293	0.000887	71	54	179
gse175540-GSM5924037_ffpe_c_34	GSE175540	HALLMARK_EPITHELIAL_MESENCHYMAL_TRANSITION	0.035876	0.038404	0.02494	71	54	189
gse175540-GSM5924037_ffpe_c_34	GSE175540	GENE_CXCL13	0.010231	-0.025178	-0.016958	71	54	1
gse175540-GSM5924037_ffpe_c_34	GSE175540	GENE_CCL19	0.122468	-0.092526	-0.109904	71	54	1
gse175540-GSM5924037_ffpe_c_34	GSE175540	GENE_CCL21	-0.028646	-0.052603	-0.070625	71	54	1
gse175540-GSM5924037_ffpe_c_34	GSE175540	GENE_LTB	0.079576	-0.054781	-0.036867	71	54	1
gse175540-GSM5924037_ffpe_c_34	GSE175540	GENE_CD74	0.028961	-0.009816	0.012526	71	54	1
gse175540-GSM5924037_ffpe_c_34	GSE175540	GENE_HLA_DRA	0.212054	0.096726	0.096837	71	54	1
gse175540-GSM5924037_ffpe_c_34	GSE175540	GENE_IFNG	0.0	0.00111	0.000409	71	54	1
gse175540-GSM5924037_ffpe_c_34	GSE175540	GENE_CXCL9	0.075868	0.055117	0.043594	71	54	1
gse175540-GSM5924037_ffpe_c_34	GSE175540	GENE_GZMB	0.009712	0.008317	0.013491	71	54	1
gse175540-GSM5924037_ffpe_c_34	GSE175540	GENE_CD8A	-0.020844	-0.011498	0.008333	71	54	1
gse175540-GSM5924037_ffpe_c_34	GSE175540	GENE_MKI67	-0.006813	-0.00503	-0.004367	71	54	1
gse175540-GSM5924037_ffpe_c_34	GSE175540	GENE_COL1A1	0.083398	0.103806	0.093762	71	54	1
gse175540-GSM5924038_ffpe_c_36	GSE175540	GOBP_REGULATION_OF_INTEGRIN_MEDIATED_SIGNALING_PATHWAY	0.005326	0.008987	0.01138	79	133	23
gse175540-GSM5924038_ffpe_c_36	GSE175540	GOBP_COMPLEMENT_ACTIVATION_CLASSICAL_PATHWAY	0.036865	0.004693	-0.011109	79	133	37
gse175540-GSM5924038_ffpe_c_36	GSE175540	GOBP_PEPTIDE_ANTIGEN_ASSEMBLY_WITH_MHC_PROTEIN_COMPLEX	0.032824	0.016722	0.011467	79	133	19
gse175540-GSM5924038_ffpe_c_36	GSE175540	GOBP_NEGATIVE_REGULATION_OF_REACTIVE_OXYGEN_SPECIES_BIOSYNTHETIC_PROCESS	0.007882	0.005355	0.005082	79	133	16
gse175540-GSM5924038_ffpe_c_36	GSE175540	GOBP_MRNA_5_SPLICE_SITE_RECOGNITION	-0.004893	-0.009236	-0.009733	79	133	6
gse175540-GSM5924038_ffpe_c_36	GSE175540	GOBP_RESPONSE_TO_INTERFERON_ALPHA	0.008398	0.007855	0.009181	79	133	21
gse175540-GSM5924038_ffpe_c_36	GSE175540	GOBP_POSITIVE_REGULATION_OF_VASCULAR_ASSOCIATED_SMOOTH_MUSCLE_CELL_MIGRATION	0.00458	0.003421	0.002523	79	133	16
gse175540-GSM5924038_ffpe_c_36	GSE175540	GOBP_NEGATIVE_REGULATION_OF_EXTRACELLULAR_MATRIX_ORGANIZATION	0.017736	0.010769	0.005537	79	133	15
gse175540-GSM5924038_ffpe_c_36	GSE175540	GOBP_CELL_FATE_DETERMINATION	0.004322	0.002937	0.002022	79	133	40
gse175540-GSM5924038_ffpe_c_36	GSE175540	GOBP_HYPERSENSITIVITY	0.016797	0.003556	-0.000919	79	133	19
gse175540-GSM5924038_ffpe_c_36	GSE175540	GOBP_NEGATIVE_REGULATION_OF_BLOOD_VESSEL_ENDOTHELIAL_CELL_PROLIFERATION_INVOLVED_IN_SPROUTING_ANGIOGENESIS	0.030354	0.017958	0.007625	79	133	7
gse175540-GSM5924038_ffpe_c_36	GSE175540	GOBP_PHYSIOLOGICAL_CARDIAC_MUSCLE_HYPERTROPHY	0.0031	0.001185	-0.000487	79	133	24
gse175540-GSM5924038_ffpe_c_36	GSE175540	GOBP_INTEGRIN_MEDIATED_SIGNALING_PATHWAY	0.010581	0.010216	0.009937	79	133	116
gse175540-GSM5924038_ffpe_c_36	GSE175540	GOBP_RESPONSE_TO_PROSTAGLANDIN_E	0.008374	0.001614	0.000383	79	133	28
gse175540-GSM5924038_ffpe_c_36	GSE175540	GOBP_CELL_ADHESION_MOLECULE_PRODUCTION	0.001668	0.000832	0.001095	79	133	10
gse175540-GSM5924038_ffpe_c_36	GSE175540	GOBP_POSITIVE_REGULATION_OF_RNA_SPLICING	0.000903	-0.003617	-0.003172	79	133	38
gse175540-GSM5924038_ffpe_c_36	GSE175540	GOBP_DEFINITIVE_HEMOPOIESIS	0.006293	0.003089	0.001902	79	133	19
gse175540-GSM5924038_ffpe_c_36	GSE175540	GOBP_PROTEIN_DEACETYLATION	0.001261	0.001438	0.001312	79	133	25
gse175540-GSM5924038_ffpe_c_36	GSE175540	GOBP_CELL_JUNCTION_DISASSEMBLY	0.002785	0.001973	0.003186	79	133	31
gse175540-GSM5924038_ffpe_c_36	GSE175540	GOBP_REGULATION_OF_SYNAPTIC_VESICLE_ENDOCYTOSIS	-0.011644	-0.009677	-0.004404	79	133	23
gse175540-GSM5924038_ffpe_c_36	GSE175540	GOBP_RESPONSE_TO_NITRIC_OXIDE	0.004571	-0.001559	-0.003061	79	133	22
gse175540-GSM5924038_ffpe_c_36	GSE175540	GOBP_REGULATION_OF_CELL_GROWTH_INVOLVED_IN_CARDIAC_MUSCLE_CELL_DEVELOPMENT	0.005437	0.002063	-0.000174	79	133	17
gse175540-GSM5924038_ffpe_c_36	GSE175540	GOBP_INNERVATION	0.003194	0.002629	0.002572	79	133	27
gse175540-GSM5924038_ffpe_c_36	GSE175540	GOBP_RESPONSE_TO_ETHER	0.007783	0.006674	0.007141	79	133	21
gse175540-GSM5924038_ffpe_c_36	GSE175540	GOBP_RESCUE_OF_STALLED_RIBOSOME	-0.004578	-0.003504	-0.001562	79	133	29
gse175540-GSM5924038_ffpe_c_36	GSE175540	GOBP_NEGATIVE_REGULATION_OF_MUSCLE_HYPERTROPHY	-0.000301	0.000533	0.000705	79	133	32
gse175540-GSM5924038_ffpe_c_36	GSE175540	GOBP_NEURON_INTRINSIC_APOPTOTIC_SIGNALING_PATHWAY_IN_RESPONSE_TO_OXIDATIVE_STRESS	0.017048	0.00955	0.008212	79	133	21
gse175540-GSM5924038_ffpe_c_36	GSE175540	GOBP_POSITIVE_REGULATION_OF_T_CELL_MIGRATION	0.001773	0.001619	0.002386	79	133	36
gse175540-GSM5924038_ffpe_c_36	GSE175540	GOBP_POSITIVE_REGULATION_OF_LEUKOCYTE_ADHESION_TO_VASCULAR_ENDOTHELIAL_CELL	0.003249	-0.000367	-0.00245	79	133	22
gse175540-GSM5924038_ffpe_c_36	GSE175540	CTRL_B_AXIS	0.027423	-0.002873	-0.01089	79	133	45
gse175540-GSM5924038_ffpe_c_36	GSE175540	CTRL_MYC_V1	-0.002228	-0.001093	0.002998	79	133	160
gse175540-GSM5924038_ffpe_c_36	GSE175540	CTRL_RANDOM_32	0.002214	0.002583	0.00291	79	133	28
gse175540-GSM5924038_ffpe_c_36	GSE175540	HALLMARK_INTERFERON_GAMMA_RESPONSE	0.001793	0.000669	0.000329	79	133	191
gse175540-GSM5924038_ffpe_c_36	GSE175540	HALLMARK_INTERFERON_ALPHA_RESPONSE	0.003616	0.003125	0.0032	79	133	93
gse175540-GSM5924038_ffpe_c_36	GSE175540	HALLMARK_G2M_CHECKPOINT	-0.000914	-0.001065	-0.000809	79	133	179
gse175540-GSM5924038_ffpe_c_36	GSE175540	HALLMARK_EPITHELIAL_MESENCHYMAL_TRANSITION	0.017968	0.01406	0.011006	79	133	189
gse175540-GSM5924038_ffpe_c_36	GSE175540	GENE_CXCL13	0.003015	-0.003972	-0.00329	79	133	1
gse175540-GSM5924038_ffpe_c_36	GSE175540	GENE_CCL19	0.091887	-0.035008	-0.078832	79	133	1
gse175540-GSM5924038_ffpe_c_36	GSE175540	GENE_CCL21	0.033742	0.012778	0.006874	79	133	1
gse175540-GSM5924038_ffpe_c_36	GSE175540	GENE_LTB	0.001536	-0.020969	-0.024914	79	133	1
gse175540-GSM5924038_ffpe_c_36	GSE175540	GENE_CD74	0.020796	0.006351	0.003499	79	133	1
gse175540-GSM5924038_ffpe_c_36	GSE175540	GENE_HLA_DRA	0.149906	0.064556	0.047838	79	133	1
gse175540-GSM5924038_ffpe_c_36	GSE175540	GENE_IFNG	-0.003965	-0.003754	-0.003842	79	133	1
gse175540-GSM5924038_ffpe_c_36	GSE175540	GENE_CXCL9	-0.030355	-0.002607	-0.006867	79	133	1
gse175540-GSM5924038_ffpe_c_36	GSE175540	GENE_GZMB	0.018401	0.01848	0.018437	79	133	1
gse175540-GSM5924038_ffpe_c_36	GSE175540	GENE_CD8A	0.0	3.8e-05	-0.00032	79	133	1
gse175540-GSM5924038_ffpe_c_36	GSE175540	GENE_MKI67	0.0	0.000217	-5.8e-05	79	133	1
gse175540-GSM5924038_ffpe_c_36	GSE175540	GENE_COL1A1	0.004461	0.003478	0.003446	79	133	1
gse175540-GSM5924040_ffpe_c_45	GSE175540	GOBP_REGULATION_OF_INTEGRIN_MEDIATED_SIGNALING_PATHWAY	0.00789	0.008715	0.014745	32	73	23
gse175540-GSM5924040_ffpe_c_45	GSE175540	GOBP_COMPLEMENT_ACTIVATION_CLASSICAL_PATHWAY	-0.00216	-0.001016	-0.00942	32	73	37
gse175540-GSM5924040_ffpe_c_45	GSE175540	GOBP_PEPTIDE_ANTIGEN_ASSEMBLY_WITH_MHC_PROTEIN_COMPLEX	-0.005218	-0.006516	-0.021772	32	73	19
gse175540-GSM5924040_ffpe_c_45	GSE175540	GOBP_NEGATIVE_REGULATION_OF_REACTIVE_OXYGEN_SPECIES_BIOSYNTHETIC_PROCESS	0.011055	0.009854	0.004122	32	73	16
gse175540-GSM5924040_ffpe_c_45	GSE175540	GOBP_MRNA_5_SPLICE_SITE_RECOGNITION	0.018937	0.018748	0.01545	32	73	6
gse175540-GSM5924040_ffpe_c_45	GSE175540	GOBP_RESPONSE_TO_INTERFERON_ALPHA	0.004168	0.003436	0.005009	32	73	21
gse175540-GSM5924040_ffpe_c_45	GSE175540	GOBP_POSITIVE_REGULATION_OF_VASCULAR_ASSOCIATED_SMOOTH_MUSCLE_CELL_MIGRATION	0.016404	0.015998	0.019416	32	73	16
gse175540-GSM5924040_ffpe_c_45	GSE175540	GOBP_NEGATIVE_REGULATION_OF_EXTRACELLULAR_MATRIX_ORGANIZATION	0.009861	0.011923	0.019379	32	73	15
gse175540-GSM5924040_ffpe_c_45	GSE175540	GOBP_CELL_FATE_DETERMINATION	0.006319	0.006364	0.007602	32	73	40
gse175540-GSM5924040_ffpe_c_45	GSE175540	GOBP_HYPERSENSITIVITY	0.010426	0.010563	0.005692	32	73	19
gse175540-GSM5924040_ffpe_c_45	GSE175540	GOBP_NEGATIVE_REGULATION_OF_BLOOD_VESSEL_ENDOTHELIAL_CELL_PROLIFERATION_INVOLVED_IN_SPROUTING_ANGIOGENESIS	0.021805	0.023015	0.030631	32	73	7
gse175540-GSM5924040_ffpe_c_45	GSE175540	GOBP_PHYSIOLOGICAL_CARDIAC_MUSCLE_HYPERTROPHY	0.001903	0.002376	0.005498	32	73	24
gse175540-GSM5924040_ffpe_c_45	GSE175540	GOBP_INTEGRIN_MEDIATED_SIGNALING_PATHWAY	0.009642	0.010752	0.014368	32	73	116
gse175540-GSM5924040_ffpe_c_45	GSE175540	GOBP_RESPONSE_TO_PROSTAGLANDIN_E	0.011102	0.01183	0.011964	32	73	28
gse175540-GSM5924040_ffpe_c_45	GSE175540	GOBP_CELL_ADHESION_MOLECULE_PRODUCTION	-0.001239	-0.001029	0.000809	32	73	10
gse175540-GSM5924040_ffpe_c_45	GSE175540	GOBP_POSITIVE_REGULATION_OF_RNA_SPLICING	0.002587	0.002919	0.002646	32	73	38
gse175540-GSM5924040_ffpe_c_45	GSE175540	GOBP_DEFINITIVE_HEMOPOIESIS	-0.004077	-0.003472	-0.003067	32	73	19
gse175540-GSM5924040_ffpe_c_45	GSE175540	GOBP_PROTEIN_DEACETYLATION	0.000383	6.1e-05	-0.000416	32	73	25
gse175540-GSM5924040_ffpe_c_45	GSE175540	GOBP_CELL_JUNCTION_DISASSEMBLY	-0.000684	-0.00025	-0.003889	32	73	31
gse175540-GSM5924040_ffpe_c_45	GSE175540	GOBP_REGULATION_OF_SYNAPTIC_VESICLE_ENDOCYTOSIS	0.015131	0.014442	0.015246	32	73	23
gse175540-GSM5924040_ffpe_c_45	GSE175540	GOBP_RESPONSE_TO_NITRIC_OXIDE	-0.000914	-0.001206	-0.002324	32	73	22
gse175540-GSM5924040_ffpe_c_45	GSE175540	GOBP_REGULATION_OF_CELL_GROWTH_INVOLVED_IN_CARDIAC_MUSCLE_CELL_DEVELOPMENT	-0.003519	-0.003232	-0.000458	32	73	17
gse175540-GSM5924040_ffpe_c_45	GSE175540	GOBP_INNERVATION	0.005206	0.00572	0.009239	32	73	27
gse175540-GSM5924040_ffpe_c_45	GSE175540	GOBP_RESPONSE_TO_ETHER	0.013002	0.012826	0.01302	32	73	21
gse175540-GSM5924040_ffpe_c_45	GSE175540	GOBP_RESCUE_OF_STALLED_RIBOSOME	0.001691	0.001058	-0.00225	32	73	29
gse175540-GSM5924040_ffpe_c_45	GSE175540	GOBP_NEGATIVE_REGULATION_OF_MUSCLE_HYPERTROPHY	0.00282	0.002965	0.006656	32	73	32
gse175540-GSM5924040_ffpe_c_45	GSE175540	GOBP_NEURON_INTRINSIC_APOPTOTIC_SIGNALING_PATHWAY_IN_RESPONSE_TO_OXIDATIVE_STRESS	0.023914	0.023297	0.021212	32	73	21
gse175540-GSM5924040_ffpe_c_45	GSE175540	GOBP_POSITIVE_REGULATION_OF_T_CELL_MIGRATION	-0.010913	-0.012338	-0.024364	32	73	36
gse175540-GSM5924040_ffpe_c_45	GSE175540	GOBP_POSITIVE_REGULATION_OF_LEUKOCYTE_ADHESION_TO_VASCULAR_ENDOTHELIAL_CELL	0.007823	0.007011	0.000636	32	73	22
gse175540-GSM5924040_ffpe_c_45	GSE175540	CTRL_B_AXIS	-0.002675	0.000121	-0.01192	32	73	45
gse175540-GSM5924040_ffpe_c_45	GSE175540	CTRL_MYC_V1	-0.005713	-0.006173	-0.010538	32	73	160
gse175540-GSM5924040_ffpe_c_45	GSE175540	CTRL_RANDOM_32	0.007229	0.007711	0.008139	32	73	28
gse175540-GSM5924040_ffpe_c_45	GSE175540	HALLMARK_INTERFERON_GAMMA_RESPONSE	-0.000523	-0.001185	-0.00698	32	73	191
gse175540-GSM5924040_ffpe_c_45	GSE175540	HALLMARK_INTERFERON_ALPHA_RESPONSE	-0.001601	-0.002104	-0.0076	32	73	93
gse175540-GSM5924040_ffpe_c_45	GSE175540	HALLMARK_G2M_CHECKPOINT	-0.001581	-0.001767	-0.003076	32	73	179
gse175540-GSM5924040_ffpe_c_45	GSE175540	HALLMARK_EPITHELIAL_MESENCHYMAL_TRANSITION	0.009279	0.010977	0.022052	32	73	189
gse175540-GSM5924040_ffpe_c_45	GSE175540	GENE_CXCL13	0.048694	0.042602	-0.096533	32	73	1
gse175540-GSM5924040_ffpe_c_45	GSE175540	GENE_CCL19	0.018142	0.02285	0.017326	32	73	1
gse175540-GSM5924040_ffpe_c_45	GSE175540	GENE_CCL21	-0.00097	-0.000426	-0.001672	32	73	1
gse175540-GSM5924040_ffpe_c_45	GSE175540	GENE_LTB	0.02161	0.022041	0.017805	32	73	1
gse175540-GSM5924040_ffpe_c_45	GSE175540	GENE_CD74	-0.001692	-0.00305	-0.011851	32	73	1
gse175540-GSM5924040_ffpe_c_45	GSE175540	GENE_HLA_DRA	0.004328	0.004701	-0.011846	32	73	1
gse175540-GSM5924040_ffpe_c_45	GSE175540	GENE_IFNG	0.0	7.6e-05	0.000531	32	73	1
gse175540-GSM5924040_ffpe_c_45	GSE175540	GENE_CXCL9	0.02363	0.027531	0.00664	32	73	1
gse175540-GSM5924040_ffpe_c_45	GSE175540	GENE_GZMB	-0.002138	-0.001312	-0.017078	32	73	1
gse175540-GSM5924040_ffpe_c_45	GSE175540	GENE_CD8A	-0.033388	-0.039505	-0.067152	32	73	1
gse175540-GSM5924040_ffpe_c_45	GSE175540	GENE_MKI67	0.0	-0.001317	-0.006208	32	73	1
gse175540-GSM5924040_ffpe_c_45	GSE175540	GENE_COL1A1	0.146375	0.153482	0.231836	32	73	1
gse175540-GSM5924041_ffpe_c_51	GSE175540	GOBP_REGULATION_OF_INTEGRIN_MEDIATED_SIGNALING_PATHWAY	0.005427	0.007009	0.005925	105	179	23
gse175540-GSM5924041_ffpe_c_51	GSE175540	GOBP_COMPLEMENT_ACTIVATION_CLASSICAL_PATHWAY	0.027109	0.016707	0.00579	105	179	37
gse175540-GSM5924041_ffpe_c_51	GSE175540	GOBP_PEPTIDE_ANTIGEN_ASSEMBLY_WITH_MHC_PROTEIN_COMPLEX	0.016156	0.006268	0.000569	105	179	19
gse175540-GSM5924041_ffpe_c_51	GSE175540	GOBP_NEGATIVE_REGULATION_OF_REACTIVE_OXYGEN_SPECIES_BIOSYNTHETIC_PROCESS	0.013699	0.008982	0.005319	105	179	16
gse175540-GSM5924041_ffpe_c_51	GSE175540	GOBP_MRNA_5_SPLICE_SITE_RECOGNITION	-0.004456	-0.005857	-0.009063	105	179	6
gse175540-GSM5924041_ffpe_c_51	GSE175540	GOBP_RESPONSE_TO_INTERFERON_ALPHA	0.004421	0.002206	0.002104	105	179	21
gse175540-GSM5924041_ffpe_c_51	GSE175540	GOBP_POSITIVE_REGULATION_OF_VASCULAR_ASSOCIATED_SMOOTH_MUSCLE_CELL_MIGRATION	0.012255	0.008376	0.002744	105	179	16
gse175540-GSM5924041_ffpe_c_51	GSE175540	GOBP_NEGATIVE_REGULATION_OF_EXTRACELLULAR_MATRIX_ORGANIZATION	0.020234	0.019559	0.018196	105	179	15
gse175540-GSM5924041_ffpe_c_51	GSE175540	GOBP_CELL_FATE_DETERMINATION	0.006554	0.00594	0.005482	105	179	40
gse175540-GSM5924041_ffpe_c_51	GSE175540	GOBP_HYPERSENSITIVITY	0.007957	0.00316	-0.001925	105	179	19
gse175540-GSM5924041_ffpe_c_51	GSE175540	GOBP_NEGATIVE_REGULATION_OF_BLOOD_VESSEL_ENDOTHELIAL_CELL_PROLIFERATION_INVOLVED_IN_SPROUTING_ANGIOGENESIS	0.040637	0.036489	0.026814	105	179	7
gse175540-GSM5924041_ffpe_c_51	GSE175540	GOBP_PHYSIOLOGICAL_CARDIAC_MUSCLE_HYPERTROPHY	0.006719	0.005802	0.004287	105	179	24
gse175540-GSM5924041_ffpe_c_51	GSE175540	GOBP_INTEGRIN_MEDIATED_SIGNALING_PATHWAY	0.005858	0.005628	0.004005	105	179	116
gse175540-GSM5924041_ffpe_c_51	GSE175540	GOBP_RESPONSE_TO_PROSTAGLANDIN_E	0.002037	0.000921	-0.00037	105	179	28
gse175540-GSM5924041_ffpe_c_51	GSE175540	GOBP_CELL_ADHESION_MOLECULE_PRODUCTION	-0.017405	-0.015611	-0.013941	105	179	10
gse175540-GSM5924041_ffpe_c_51	GSE175540	GOBP_POSITIVE_REGULATION_OF_RNA_SPLICING	-0.006677	-0.011924	-0.016971	105	179	38
gse175540-GSM5924041_ffpe_c_51	GSE175540	GOBP_DEFINITIVE_HEMOPOIESIS	0.007264	0.004365	0.002623	105	179	19
gse175540-GSM5924041_ffpe_c_51	GSE175540	GOBP_PROTEIN_DEACETYLATION	0.004308	0.004116	0.004581	105	179	25
gse175540-GSM5924041_ffpe_c_51	GSE175540	GOBP_CELL_JUNCTION_DISASSEMBLY	-0.000151	-0.001186	-0.00176	105	179	31
gse175540-GSM5924041_ffpe_c_51	GSE175540	GOBP_REGULATION_OF_SYNAPTIC_VESICLE_ENDOCYTOSIS	0.001342	-0.0009	-0.00346	105	179	23
gse175540-GSM5924041_ffpe_c_51	GSE175540	GOBP_RESPONSE_TO_NITRIC_OXIDE	0.007265	0.004174	0.001966	105	179	22
gse175540-GSM5924041_ffpe_c_51	GSE175540	GOBP_REGULATION_OF_CELL_GROWTH_INVOLVED_IN_CARDIAC_MUSCLE_CELL_DEVELOPMENT	0.010498	0.009158	0.007394	105	179	17
gse175540-GSM5924041_ffpe_c_51	GSE175540	GOBP_INNERVATION	0.004808	0.004242	0.00321	105	179	27
gse175540-GSM5924041_ffpe_c_51	GSE175540	GOBP_RESPONSE_TO_ETHER	-0.000309	-0.001368	-0.002222	105	179	21
gse175540-GSM5924041_ffpe_c_51	GSE175540	GOBP_RESCUE_OF_STALLED_RIBOSOME	-0.000537	-0.000535	-0.001123	105	179	29
gse175540-GSM5924041_ffpe_c_51	GSE175540	GOBP_NEGATIVE_REGULATION_OF_MUSCLE_HYPERTROPHY	0.006576	0.006376	0.005278	105	179	32
gse175540-GSM5924041_ffpe_c_51	GSE175540	GOBP_NEURON_INTRINSIC_APOPTOTIC_SIGNALING_PATHWAY_IN_RESPONSE_TO_OXIDATIVE_STRESS	0.01368	0.008873	0.00416	105	179	21
gse175540-GSM5924041_ffpe_c_51	GSE175540	GOBP_POSITIVE_REGULATION_OF_T_CELL_MIGRATION	0.006931	0.004007	0.002737	105	179	36
gse175540-GSM5924041_ffpe_c_51	GSE175540	GOBP_POSITIVE_REGULATION_OF_LEUKOCYTE_ADHESION_TO_VASCULAR_ENDOTHELIAL_CELL	0.009714	0.007122	0.00512	105	179	22
gse175540-GSM5924041_ffpe_c_51	GSE175540	CTRL_B_AXIS	0.008111	0.001041	-0.006967	105	179	45
gse175540-GSM5924041_ffpe_c_51	GSE175540	CTRL_MYC_V1	-0.002433	-0.004062	-0.005901	105	179	160
gse175540-GSM5924041_ffpe_c_51	GSE175540	CTRL_RANDOM_32	0.002701	0.001915	0.000641	105	179	28
gse175540-GSM5924041_ffpe_c_51	GSE175540	HALLMARK_INTERFERON_GAMMA_RESPONSE	0.00099	-0.001259	-0.00163	105	179	191
gse175540-GSM5924041_ffpe_c_51	GSE175540	HALLMARK_INTERFERON_ALPHA_RESPONSE	0.00115	-0.001315	-0.001522	105	179	93
gse175540-GSM5924041_ffpe_c_51	GSE175540	HALLMARK_G2M_CHECKPOINT	0.001481	0.000753	-0.000122	105	179	179
gse175540-GSM5924041_ffpe_c_51	GSE175540	HALLMARK_EPITHELIAL_MESENCHYMAL_TRANSITION	0.012297	0.012085	0.0083	105	179	189
gse175540-GSM5924041_ffpe_c_51	GSE175540	GENE_CXCL13	0.015292	0.007783	0.005485	105	179	1
gse175540-GSM5924041_ffpe_c_51	GSE175540	GENE_CCL19	0.015645	0.002629	-0.003165	105	179	1
gse175540-GSM5924041_ffpe_c_51	GSE175540	GENE_CCL21	0.030363	0.030907	0.026993	105	179	1
gse175540-GSM5924041_ffpe_c_51	GSE175540	GENE_LTB	0.0	-0.003139	-0.004006	105	179	1
gse175540-GSM5924041_ffpe_c_51	GSE175540	GENE_CD74	0.015104	0.00857	-0.000596	105	179	1
gse175540-GSM5924041_ffpe_c_51	GSE175540	GENE_HLA_DRA	0.063463	0.046333	0.022215	105	179	1
gse175540-GSM5924041_ffpe_c_51	GSE175540	GENE_IFNG	0.0	-1e-05	-2.2e-05	105	179	1
gse175540-GSM5924041_ffpe_c_51	GSE175540	GENE_CXCL9	0.001913	0.000727	0.001107	105	179	1
gse175540-GSM5924041_ffpe_c_51	GSE175540	GENE_GZMB	0.0	0.000162	0.000249	105	179	1
gse175540-GSM5924041_ffpe_c_51	GSE175540	GENE_CD8A	-0.003332	-0.003229	-0.003678	105	179	1
gse175540-GSM5924041_ffpe_c_51	GSE175540	GENE_MKI67	0.0	4.7e-05	0.00011	105	179	1
gse175540-GSM5924041_ffpe_c_51	GSE175540	GENE_COL1A1	0.010545	0.013592	0.002016	105	179	1
gse175540-GSM5924044_frozen_a_15	GSE175540	GOBP_REGULATION_OF_INTEGRIN_MEDIATED_SIGNALING_PATHWAY	0.001602	-0.009343	-0.015684	30	57	23
gse175540-GSM5924044_frozen_a_15	GSE175540	GOBP_COMPLEMENT_ACTIVATION_CLASSICAL_PATHWAY	0.04264	0.004819	0.001702	30	57	40
gse175540-GSM5924044_frozen_a_15	GSE175540	GOBP_PEPTIDE_ANTIGEN_ASSEMBLY_WITH_MHC_PROTEIN_COMPLEX	0.068422	0.014743	-0.002909	30	57	19
gse175540-GSM5924044_frozen_a_15	GSE175540	GOBP_NEGATIVE_REGULATION_OF_REACTIVE_OXYGEN_SPECIES_BIOSYNTHETIC_PROCESS	0.024186	0.012151	0.004253	30	57	17
gse175540-GSM5924044_frozen_a_15	GSE175540	GOBP_MRNA_5_SPLICE_SITE_RECOGNITION	0.00748	0.004341	0.002159	30	57	7
gse175540-GSM5924044_frozen_a_15	GSE175540	GOBP_RESPONSE_TO_INTERFERON_ALPHA	0.02749	0.009596	0.007572	30	57	21
gse175540-GSM5924044_frozen_a_15	GSE175540	GOBP_POSITIVE_REGULATION_OF_VASCULAR_ASSOCIATED_SMOOTH_MUSCLE_CELL_MIGRATION	-0.0101	-0.015456	-0.016106	30	57	16
gse175540-GSM5924044_frozen_a_15	GSE175540	GOBP_NEGATIVE_REGULATION_OF_EXTRACELLULAR_MATRIX_ORGANIZATION	0.025892	0.010928	0.005666	30	57	15
gse175540-GSM5924044_frozen_a_15	GSE175540	GOBP_CELL_FATE_DETERMINATION	0.001096	-0.000913	-0.002406	30	57	43
gse175540-GSM5924044_frozen_a_15	GSE175540	GOBP_HYPERSENSITIVITY	0.044368	0.014958	0.014302	30	57	19
gse175540-GSM5924044_frozen_a_15	GSE175540	GOBP_NEGATIVE_REGULATION_OF_BLOOD_VESSEL_ENDOTHELIAL_CELL_PROLIFERATION_INVOLVED_IN_SPROUTING_ANGIOGENESIS	-0.004862	-0.0052	-0.003654	30	57	7
gse175540-GSM5924044_frozen_a_15	GSE175540	GOBP_PHYSIOLOGICAL_CARDIAC_MUSCLE_HYPERTROPHY	-0.001678	1e-05	0.002906	30	57	24
gse175540-GSM5924044_frozen_a_15	GSE175540	GOBP_INTEGRIN_MEDIATED_SIGNALING_PATHWAY	0.001552	-0.011493	-0.014024	30	57	118
gse175540-GSM5924044_frozen_a_15	GSE175540	GOBP_RESPONSE_TO_PROSTAGLANDIN_E	0.015279	0.005015	0.000476	30	57	28
gse175540-GSM5924044_frozen_a_15	GSE175540	GOBP_CELL_ADHESION_MOLECULE_PRODUCTION	0.025061	0.018512	0.014598	30	57	11
gse175540-GSM5924044_frozen_a_15	GSE175540	GOBP_POSITIVE_REGULATION_OF_RNA_SPLICING	0.01098	0.001456	-0.003231	30	57	48
gse175540-GSM5924044_frozen_a_15	GSE175540	GOBP_DEFINITIVE_HEMOPOIESIS	0.014548	0.007134	0.005361	30	57	21
gse175540-GSM5924044_frozen_a_15	GSE175540	GOBP_PROTEIN_DEACETYLATION	0.001487	-0.002555	-0.002924	30	57	25
gse175540-GSM5924044_frozen_a_15	GSE175540	GOBP_CELL_JUNCTION_DISASSEMBLY	0.005844	-0.005765	-0.009154	30	57	33
gse175540-GSM5924044_frozen_a_15	GSE175540	GOBP_REGULATION_OF_SYNAPTIC_VESICLE_ENDOCYTOSIS	0.016302	0.006473	0.00246	30	57	24
gse175540-GSM5924044_frozen_a_15	GSE175540	GOBP_RESPONSE_TO_NITRIC_OXIDE	0.012311	0.000283	-0.007248	30	57	22
gse175540-GSM5924044_frozen_a_15	GSE175540	GOBP_REGULATION_OF_CELL_GROWTH_INVOLVED_IN_CARDIAC_MUSCLE_CELL_DEVELOPMENT	0.004638	0.006484	0.008095	30	57	17
gse175540-GSM5924044_frozen_a_15	GSE175540	GOBP_INNERVATION	0.013791	0.010612	0.009977	30	57	29
gse175540-GSM5924044_frozen_a_15	GSE175540	GOBP_RESPONSE_TO_ETHER	0.004165	-0.006693	-0.009597	30	57	22
gse175540-GSM5924044_frozen_a_15	GSE175540	GOBP_RESCUE_OF_STALLED_RIBOSOME	0.000933	-0.000664	-0.001348	30	57	31
gse175540-GSM5924044_frozen_a_15	GSE175540	GOBP_NEGATIVE_REGULATION_OF_MUSCLE_HYPERTROPHY	-0.010041	-0.013537	-0.015179	30	57	33
gse175540-GSM5924044_frozen_a_15	GSE175540	GOBP_NEURON_INTRINSIC_APOPTOTIC_SIGNALING_PATHWAY_IN_RESPONSE_TO_OXIDATIVE_STRESS	0.014652	0.00466	-0.001835	30	57	23
gse175540-GSM5924044_frozen_a_15	GSE175540	GOBP_POSITIVE_REGULATION_OF_T_CELL_MIGRATION	0.046429	0.019939	0.01626	30	57	37
gse175540-GSM5924044_frozen_a_15	GSE175540	GOBP_POSITIVE_REGULATION_OF_LEUKOCYTE_ADHESION_TO_VASCULAR_ENDOTHELIAL_CELL	0.028335	0.009799	0.007177	30	57	22
gse175540-GSM5924044_frozen_a_15	GSE175540	CTRL_B_AXIS	0.025164	-0.000967	0.000644	30	57	48
gse175540-GSM5924044_frozen_a_15	GSE175540	CTRL_MYC_V1	0.018452	0.008665	-0.002322	30	57	195
gse175540-GSM5924044_frozen_a_15	GSE175540	CTRL_RANDOM_32	-0.002993	-0.004733	-0.008268	30	57	28
gse175540-GSM5924044_frozen_a_15	GSE175540	HALLMARK_INTERFERON_GAMMA_RESPONSE	0.033282	0.01473	0.010429	30	57	196
gse175540-GSM5924044_frozen_a_15	GSE175540	HALLMARK_INTERFERON_ALPHA_RESPONSE	0.02665	0.010685	0.005689	30	57	96
gse175540-GSM5924044_frozen_a_15	GSE175540	HALLMARK_G2M_CHECKPOINT	0.00062	-0.00152	-0.002516	30	57	194
gse175540-GSM5924044_frozen_a_15	GSE175540	HALLMARK_EPITHELIAL_MESENCHYMAL_TRANSITION	0.004572	-0.009112	-0.011951	30	57	200
gse175540-GSM5924044_frozen_a_15	GSE175540	GENE_CXCL13	0.070688	0.042759	0.052737	30	57	1
gse175540-GSM5924044_frozen_a_15	GSE175540	GENE_CCL19	0.084397	-0.00778	-0.021481	30	57	1
gse175540-GSM5924044_frozen_a_15	GSE175540	GENE_CCL21	0.238595	0.124255	0.089028	30	57	1
gse175540-GSM5924044_frozen_a_15	GSE175540	GENE_LTB	0.025929	-0.01838	-0.034507	30	57	1
gse175540-GSM5924044_frozen_a_15	GSE175540	GENE_CD74	0.00089	-0.002511	-0.004617	30	57	1
gse175540-GSM5924044_frozen_a_15	GSE175540	GENE_HLA_DRA	0.018004	0.000911	-0.005897	30	57	1
gse175540-GSM5924044_frozen_a_15	GSE175540	GENE_IFNG	0.0	0.000286	0.001212	30	57	1
gse175540-GSM5924044_frozen_a_15	GSE175540	GENE_CXCL9	0.083494	-0.011119	0.005872	30	57	1
gse175540-GSM5924044_frozen_a_15	GSE175540	GENE_GZMB	0.0	-0.001393	0.001447	30	57	1
gse175540-GSM5924044_frozen_a_15	GSE175540	GENE_CD8A	0.150736	0.045627	0.037783	30	57	1
gse175540-GSM5924044_frozen_a_15	GSE175540	GENE_MKI67	0.0	0.002171	0.002746	30	57	1
gse175540-GSM5924044_frozen_a_15	GSE175540	GENE_COL1A1	-0.048964	-0.118658	-0.107175	30	57	1
gse175540-GSM5924046_frozen_b_1	GSE175540	GOBP_REGULATION_OF_INTEGRIN_MEDIATED_SIGNALING_PATHWAY	-0.009467	-0.011522	-0.013813	79	78	23
gse175540-GSM5924046_frozen_b_1	GSE175540	GOBP_COMPLEMENT_ACTIVATION_CLASSICAL_PATHWAY	0.022138	0.002306	-0.011336	79	78	40
gse175540-GSM5924046_frozen_b_1	GSE175540	GOBP_PEPTIDE_ANTIGEN_ASSEMBLY_WITH_MHC_PROTEIN_COMPLEX	0.012779	-0.000432	-0.009083	79	78	19
gse175540-GSM5924046_frozen_b_1	GSE175540	GOBP_NEGATIVE_REGULATION_OF_REACTIVE_OXYGEN_SPECIES_BIOSYNTHETIC_PROCESS	-0.006416	-0.009233	-0.008832	79	78	17
gse175540-GSM5924046_frozen_b_1	GSE175540	GOBP_MRNA_5_SPLICE_SITE_RECOGNITION	-0.003406	-0.003389	-0.001628	79	78	7
gse175540-GSM5924046_frozen_b_1	GSE175540	GOBP_RESPONSE_TO_INTERFERON_ALPHA	-0.009467	-0.012925	-0.01772	79	78	21
gse175540-GSM5924046_frozen_b_1	GSE175540	GOBP_POSITIVE_REGULATION_OF_VASCULAR_ASSOCIATED_SMOOTH_MUSCLE_CELL_MIGRATION	0.002497	-0.003075	-0.000786	79	78	16
gse175540-GSM5924046_frozen_b_1	GSE175540	GOBP_NEGATIVE_REGULATION_OF_EXTRACELLULAR_MATRIX_ORGANIZATION	0.002408	0.000703	-0.002876	79	78	15
gse175540-GSM5924046_frozen_b_1	GSE175540	GOBP_CELL_FATE_DETERMINATION	-0.000969	-0.001174	-0.002356	79	78	43
gse175540-GSM5924046_frozen_b_1	GSE175540	GOBP_HYPERSENSITIVITY	0.016505	0.005836	0.000148	79	78	19
gse175540-GSM5924046_frozen_b_1	GSE175540	GOBP_NEGATIVE_REGULATION_OF_BLOOD_VESSEL_ENDOTHELIAL_CELL_PROLIFERATION_INVOLVED_IN_SPROUTING_ANGIOGENESIS	0.002912	0.00374	-0.002326	79	78	7
gse175540-GSM5924046_frozen_b_1	GSE175540	GOBP_PHYSIOLOGICAL_CARDIAC_MUSCLE_HYPERTROPHY	-0.001231	0.000217	0.001326	79	78	24
gse175540-GSM5924046_frozen_b_1	GSE175540	GOBP_INTEGRIN_MEDIATED_SIGNALING_PATHWAY	0.000229	-0.003312	-0.006246	79	78	118
gse175540-GSM5924046_frozen_b_1	GSE175540	GOBP_RESPONSE_TO_PROSTAGLANDIN_E	-0.001647	-0.00177	-0.001702	79	78	28
gse175540-GSM5924046_frozen_b_1	GSE175540	GOBP_CELL_ADHESION_MOLECULE_PRODUCTION	-0.00723	-0.008644	-0.005575	79	78	11
gse175540-GSM5924046_frozen_b_1	GSE175540	GOBP_POSITIVE_REGULATION_OF_RNA_SPLICING	-0.007033	-0.007679	-0.006371	79	78	48
gse175540-GSM5924046_frozen_b_1	GSE175540	GOBP_DEFINITIVE_HEMOPOIESIS	0.000452	0.000289	8.3e-05	79	78	21
gse175540-GSM5924046_frozen_b_1	GSE175540	GOBP_PROTEIN_DEACETYLATION	0.000626	0.000932	0.000527	79	78	25
gse175540-GSM5924046_frozen_b_1	GSE175540	GOBP_CELL_JUNCTION_DISASSEMBLY	0.007831	0.003731	-0.000223	79	78	33
gse175540-GSM5924046_frozen_b_1	GSE175540	GOBP_REGULATION_OF_SYNAPTIC_VESICLE_ENDOCYTOSIS	-0.001077	-0.005556	-0.005471	79	78	24
gse175540-GSM5924046_frozen_b_1	GSE175540	GOBP_RESPONSE_TO_NITRIC_OXIDE	-0.001929	-0.004985	-0.007681	79	78	22
gse175540-GSM5924046_frozen_b_1	GSE175540	GOBP_REGULATION_OF_CELL_GROWTH_INVOLVED_IN_CARDIAC_MUSCLE_CELL_DEVELOPMENT	-0.002624	-0.001711	-0.000891	79	78	17
gse175540-GSM5924046_frozen_b_1	GSE175540	GOBP_INNERVATION	0.000666	-0.000546	-0.000979	79	78	29
gse175540-GSM5924046_frozen_b_1	GSE175540	GOBP_RESPONSE_TO_ETHER	0.006306	0.002045	-0.000833	79	78	22
gse175540-GSM5924046_frozen_b_1	GSE175540	GOBP_RESCUE_OF_STALLED_RIBOSOME	0.001496	0.002705	0.003368	79	78	31
gse175540-GSM5924046_frozen_b_1	GSE175540	GOBP_NEGATIVE_REGULATION_OF_MUSCLE_HYPERTROPHY	-0.004206	-0.004962	-0.005337	79	78	33
gse175540-GSM5924046_frozen_b_1	GSE175540	GOBP_NEURON_INTRINSIC_APOPTOTIC_SIGNALING_PATHWAY_IN_RESPONSE_TO_OXIDATIVE_STRESS	0.003974	1.6e-05	-0.002424	79	78	23
gse175540-GSM5924046_frozen_b_1	GSE175540	GOBP_POSITIVE_REGULATION_OF_T_CELL_MIGRATION	-0.004096	-0.008305	-0.008624	79	78	37
gse175540-GSM5924046_frozen_b_1	GSE175540	GOBP_POSITIVE_REGULATION_OF_LEUKOCYTE_ADHESION_TO_VASCULAR_ENDOTHELIAL_CELL	0.005482	0.003291	0.000918	79	78	22
gse175540-GSM5924046_frozen_b_1	GSE175540	CTRL_B_AXIS	0.012389	-0.000701	-0.005775	79	78	48
gse175540-GSM5924046_frozen_b_1	GSE175540	CTRL_MYC_V1	-0.001704	-0.006908	-0.004468	79	78	195
gse175540-GSM5924046_frozen_b_1	GSE175540	CTRL_RANDOM_32	0.003718	0.000571	-8.8e-05	79	78	28
gse175540-GSM5924046_frozen_b_1	GSE175540	HALLMARK_INTERFERON_GAMMA_RESPONSE	0.00432	-0.001242	-0.002734	79	78	196
gse175540-GSM5924046_frozen_b_1	GSE175540	HALLMARK_INTERFERON_ALPHA_RESPONSE	0.000766	-0.004372	-0.007313	79	78	96
gse175540-GSM5924046_frozen_b_1	GSE175540	HALLMARK_G2M_CHECKPOINT	-0.001963	-0.002141	-0.001979	79	78	194
gse175540-GSM5924046_frozen_b_1	GSE175540	HALLMARK_EPITHELIAL_MESENCHYMAL_TRANSITION	-0.002212	-0.005627	-0.00642	79	78	200
gse175540-GSM5924046_frozen_b_1	GSE175540	GENE_CXCL13	-0.012579	-0.015735	-0.010842	79	78	1
gse175540-GSM5924046_frozen_b_1	GSE175540	GENE_CCL19	-0.004596	-0.006076	-0.00516	79	78	1
gse175540-GSM5924046_frozen_b_1	GSE175540	GENE_CCL21	-0.037447	-0.036463	-0.028595	79	78	1
gse175540-GSM5924046_frozen_b_1	GSE175540	GENE_LTB	-0.002866	-0.006613	-0.004825	79	78	1
gse175540-GSM5924046_frozen_b_1	GSE175540	GENE_CD74	0.001485	-0.000355	-0.002455	79	78	1
gse175540-GSM5924046_frozen_b_1	GSE175540	GENE_HLA_DRA	0.010221	0.009331	0.005434	79	78	1
gse175540-GSM5924046_frozen_b_1	GSE175540	GENE_IFNG	0.0	-5.6e-05	-5.3e-05	79	78	1
gse175540-GSM5924046_frozen_b_1	GSE175540	GENE_CXCL9	0.010425	-0.0084	-0.014926	79	78	1
gse175540-GSM5924046_frozen_b_1	GSE175540	GENE_GZMB	-0.005016	-0.005313	-0.003767	79	78	1
gse175540-GSM5924046_frozen_b_1	GSE175540	GENE_CD8A	-0.002971	-0.005542	-0.004697	79	78	1
gse175540-GSM5924046_frozen_b_1	GSE175540	GENE_MKI67	-0.001217	0.000564	-0.000391	79	78	1
gse175540-GSM5924046_frozen_b_1	GSE175540	GENE_COL1A1	-0.006775	-0.011382	-0.039414	79	78	1
gse175540-GSM5924049_frozen_b_18	GSE175540	GOBP_REGULATION_OF_INTEGRIN_MEDIATED_SIGNALING_PATHWAY	-0.00945	0.006469	-0.001376	51	51	23
gse175540-GSM5924049_frozen_b_18	GSE175540	GOBP_COMPLEMENT_ACTIVATION_CLASSICAL_PATHWAY	-0.010591	-0.01022	-0.016706	51	51	40
gse175540-GSM5924049_frozen_b_18	GSE175540	GOBP_PEPTIDE_ANTIGEN_ASSEMBLY_WITH_MHC_PROTEIN_COMPLEX	-0.016032	-0.014205	-0.016387	51	51	19
gse175540-GSM5924049_frozen_b_18	GSE175540	GOBP_NEGATIVE_REGULATION_OF_REACTIVE_OXYGEN_SPECIES_BIOSYNTHETIC_PROCESS	-0.013147	-0.006019	-0.007346	51	51	17
gse175540-GSM5924049_frozen_b_18	GSE175540	GOBP_MRNA_5_SPLICE_SITE_RECOGNITION	0.002107	0.003307	0.006272	51	51	7
gse175540-GSM5924049_frozen_b_18	GSE175540	GOBP_RESPONSE_TO_INTERFERON_ALPHA	-0.027374	-0.017418	-0.02202	51	51	21
gse175540-GSM5924049_frozen_b_18	GSE175540	GOBP_POSITIVE_REGULATION_OF_VASCULAR_ASSOCIATED_SMOOTH_MUSCLE_CELL_MIGRATION	0.003914	0.004943	-0.008401	51	51	16
gse175540-GSM5924049_frozen_b_18	GSE175540	GOBP_NEGATIVE_REGULATION_OF_EXTRACELLULAR_MATRIX_ORGANIZATION	0.006496	0.016573	0.010114	51	51	15
gse175540-GSM5924049_frozen_b_18	GSE175540	GOBP_CELL_FATE_DETERMINATION	0.002441	0.007425	0.005191	51	51	43
gse175540-GSM5924049_frozen_b_18	GSE175540	GOBP_HYPERSENSITIVITY	0.000258	-0.0026	-0.013027	51	51	19
gse175540-GSM5924049_frozen_b_18	GSE175540	GOBP_NEGATIVE_REGULATION_OF_BLOOD_VESSEL_ENDOTHELIAL_CELL_PROLIFERATION_INVOLVED_IN_SPROUTING_ANGIOGENESIS	-0.002304	-0.002354	-0.00728	51	51	7
gse175540-GSM5924049_frozen_b_18	GSE175540	GOBP_PHYSIOLOGICAL_CARDIAC_MUSCLE_HYPERTROPHY	0.005733	0.005769	0.007166	51	51	24
gse175540-GSM5924049_frozen_b_18	GSE175540	GOBP_INTEGRIN_MEDIATED_SIGNALING_PATHWAY	-0.007775	0.00083	-0.007904	51	51	118
gse175540-GSM5924049_frozen_b_18	GSE175540	GOBP_RESPONSE_TO_PROSTAGLANDIN_E	-0.003194	-0.000715	0.001294	51	51	28
gse175540-GSM5924049_frozen_b_18	GSE175540	GOBP_CELL_ADHESION_MOLECULE_PRODUCTION	-0.008032	0.003108	0.001284	51	51	11
gse175540-GSM5924049_frozen_b_18	GSE175540	GOBP_POSITIVE_REGULATION_OF_RNA_SPLICING	-0.010825	-0.001546	-0.003226	51	51	48
gse175540-GSM5924049_frozen_b_18	GSE175540	GOBP_DEFINITIVE_HEMOPOIESIS	-0.003691	-0.001293	-0.007145	51	51	21
gse175540-GSM5924049_frozen_b_18	GSE175540	GOBP_PROTEIN_DEACETYLATION	0.004899	0.005199	0.003553	51	51	25
gse175540-GSM5924049_frozen_b_18	GSE175540	GOBP_CELL_JUNCTION_DISASSEMBLY	-0.004833	-0.003439	-0.005667	51	51	33
gse175540-GSM5924049_frozen_b_18	GSE175540	GOBP_REGULATION_OF_SYNAPTIC_VESICLE_ENDOCYTOSIS	-0.005133	0.00154	-0.000168	51	51	24
gse175540-GSM5924049_frozen_b_18	GSE175540	GOBP_RESPONSE_TO_NITRIC_OXIDE	-0.008697	-0.003591	-0.004189	51	51	22
gse175540-GSM5924049_frozen_b_18	GSE175540	GOBP_REGULATION_OF_CELL_GROWTH_INVOLVED_IN_CARDIAC_MUSCLE_CELL_DEVELOPMENT	0.007474	0.00761	0.007797	51	51	17
gse175540-GSM5924049_frozen_b_18	GSE175540	GOBP_INNERVATION	0.000796	0.005332	0.00166	51	51	29
gse175540-GSM5924049_frozen_b_18	GSE175540	GOBP_RESPONSE_TO_ETHER	0.00567	0.007191	0.003265	51	51	22
gse175540-GSM5924049_frozen_b_18	GSE175540	GOBP_RESCUE_OF_STALLED_RIBOSOME	0.000195	0.000686	1.4e-05	51	51	31
gse175540-GSM5924049_frozen_b_18	GSE175540	GOBP_NEGATIVE_REGULATION_OF_MUSCLE_HYPERTROPHY	-0.004118	0.000728	0.000322	51	51	33
gse175540-GSM5924049_frozen_b_18	GSE175540	GOBP_NEURON_INTRINSIC_APOPTOTIC_SIGNALING_PATHWAY_IN_RESPONSE_TO_OXIDATIVE_STRESS	-0.017006	-0.008026	-0.016789	51	51	23
gse175540-GSM5924049_frozen_b_18	GSE175540	GOBP_POSITIVE_REGULATION_OF_T_CELL_MIGRATION	-0.008176	-0.009269	-0.015719	51	51	37
gse175540-GSM5924049_frozen_b_18	GSE175540	GOBP_POSITIVE_REGULATION_OF_LEUKOCYTE_ADHESION_TO_VASCULAR_ENDOTHELIAL_CELL	-0.002537	-0.003407	-0.010275	51	51	22
gse175540-GSM5924049_frozen_b_18	GSE175540	CTRL_B_AXIS	0.001323	-0.001674	-0.01886	51	51	48
gse175540-GSM5924049_frozen_b_18	GSE175540	CTRL_MYC_V1	-0.013577	-0.007322	-0.006948	51	51	195
gse175540-GSM5924049_frozen_b_18	GSE175540	CTRL_RANDOM_32	-0.007525	-0.006132	-0.005121	51	51	28
gse175540-GSM5924049_frozen_b_18	GSE175540	HALLMARK_INTERFERON_GAMMA_RESPONSE	-0.018621	-0.015817	-0.019306	51	51	196
gse175540-GSM5924049_frozen_b_18	GSE175540	HALLMARK_INTERFERON_ALPHA_RESPONSE	-0.022958	-0.019423	-0.02538	51	51	96
gse175540-GSM5924049_frozen_b_18	GSE175540	HALLMARK_G2M_CHECKPOINT	0.001383	0.001273	0.001915	51	51	194
gse175540-GSM5924049_frozen_b_18	GSE175540	HALLMARK_EPITHELIAL_MESENCHYMAL_TRANSITION	-0.013372	0.001111	-0.008836	51	51	200
gse175540-GSM5924049_frozen_b_18	GSE175540	GENE_CXCL13	-0.008947	-0.011768	-0.032619	51	51	1
gse175540-GSM5924049_frozen_b_18	GSE175540	GENE_CCL19	0.0	0.0	0.0	51	51	1
gse175540-GSM5924049_frozen_b_18	GSE175540	GENE_CCL21	-0.000418	-0.002746	-0.003265	51	51	1
gse175540-GSM5924049_frozen_b_18	GSE175540	GENE_LTB	0.012108	0.009815	0.009232	51	51	1
gse175540-GSM5924049_frozen_b_18	GSE175540	GENE_CD74	-0.000836	-0.000514	0.000163	51	51	1
gse175540-GSM5924049_frozen_b_18	GSE175540	GENE_HLA_DRA	0.000911	-0.000321	-0.004023	51	51	1
gse175540-GSM5924049_frozen_b_18	GSE175540	GENE_IFNG	0.0	0.000495	-5.2e-05	51	51	1
gse175540-GSM5924049_frozen_b_18	GSE175540	GENE_CXCL9	0.024542	-0.006977	-0.015207	51	51	1
gse175540-GSM5924049_frozen_b_18	GSE175540	GENE_GZMB	-0.001864	-0.006997	-0.011366	51	51	1
gse175540-GSM5924049_frozen_b_18	GSE175540	GENE_CD8A	0.014411	0.002482	-0.01446	51	51	1
gse175540-GSM5924049_frozen_b_18	GSE175540	GENE_MKI67	0.00555	-0.002097	0.001615	51	51	1
gse175540-GSM5924049_frozen_b_18	GSE175540	GENE_COL1A1	-0.038535	0.002632	-0.082449	51	51	1
gse175540-GSM5924050_frozen_c_2	GSE175540	GOBP_REGULATION_OF_INTEGRIN_MEDIATED_SIGNALING_PATHWAY	-0.048861	-0.027591	-0.029223	69	82	23
gse175540-GSM5924050_frozen_c_2	GSE175540	GOBP_COMPLEMENT_ACTIVATION_CLASSICAL_PATHWAY	-0.005125	0.002804	-0.009956	69	82	40
gse175540-GSM5924050_frozen_c_2	GSE175540	GOBP_PEPTIDE_ANTIGEN_ASSEMBLY_WITH_MHC_PROTEIN_COMPLEX	-0.099373	-0.048285	-0.055029	69	82	19
gse175540-GSM5924050_frozen_c_2	GSE175540	GOBP_NEGATIVE_REGULATION_OF_REACTIVE_OXYGEN_SPECIES_BIOSYNTHETIC_PROCESS	-0.027368	-0.014303	-0.011172	69	82	17
gse175540-GSM5924050_frozen_c_2	GSE175540	GOBP_MRNA_5_SPLICE_SITE_RECOGNITION	0.001053	0.006228	0.004808	69	82	7
gse175540-GSM5924050_frozen_c_2	GSE175540	GOBP_RESPONSE_TO_INTERFERON_ALPHA	-0.015346	-0.002541	-0.00257	69	82	21
gse175540-GSM5924050_frozen_c_2	GSE175540	GOBP_POSITIVE_REGULATION_OF_VASCULAR_ASSOCIATED_SMOOTH_MUSCLE_CELL_MIGRATION	-0.017135	-0.006305	-0.000899	69	82	16
gse175540-GSM5924050_frozen_c_2	GSE175540	GOBP_NEGATIVE_REGULATION_OF_EXTRACELLULAR_MATRIX_ORGANIZATION	-0.016647	-0.002607	-0.009458	69	82	15
gse175540-GSM5924050_frozen_c_2	GSE175540	GOBP_CELL_FATE_DETERMINATION	-0.010605	-0.005398	-0.005925	69	82	43
gse175540-GSM5924050_frozen_c_2	GSE175540	GOBP_HYPERSENSITIVITY	-0.007439	0.004549	-0.004475	69	82	19
gse175540-GSM5924050_frozen_c_2	GSE175540	GOBP_NEGATIVE_REGULATION_OF_BLOOD_VESSEL_ENDOTHELIAL_CELL_PROLIFERATION_INVOLVED_IN_SPROUTING_ANGIOGENESIS	8.8e-05	0.00221	-0.002666	69	82	7
gse175540-GSM5924050_frozen_c_2	GSE175540	GOBP_PHYSIOLOGICAL_CARDIAC_MUSCLE_HYPERTROPHY	-0.006397	-0.003342	-0.004788	69	82	24
gse175540-GSM5924050_frozen_c_2	GSE175540	GOBP_INTEGRIN_MEDIATED_SIGNALING_PATHWAY	-0.026166	-0.011997	-0.014086	69	82	118
gse175540-GSM5924050_frozen_c_2	GSE175540	GOBP_RESPONSE_TO_PROSTAGLANDIN_E	-0.016151	-0.009087	-0.007959	69	82	28
gse175540-GSM5924050_frozen_c_2	GSE175540	GOBP_CELL_ADHESION_MOLECULE_PRODUCTION	-0.026585	-0.011753	-0.006838	69	82	11
gse175540-GSM5924050_frozen_c_2	GSE175540	GOBP_POSITIVE_REGULATION_OF_RNA_SPLICING	-0.016736	-0.008385	-0.008602	69	82	48
gse175540-GSM5924050_frozen_c_2	GSE175540	GOBP_DEFINITIVE_HEMOPOIESIS	-0.003367	0.002144	-5e-06	69	82	21
gse175540-GSM5924050_frozen_c_2	GSE175540	GOBP_PROTEIN_DEACETYLATION	-0.020768	-0.013225	-0.011411	69	82	25
gse175540-GSM5924050_frozen_c_2	GSE175540	GOBP_CELL_JUNCTION_DISASSEMBLY	-0.020878	-0.007411	-0.011506	69	82	33
gse175540-GSM5924050_frozen_c_2	GSE175540	GOBP_REGULATION_OF_SYNAPTIC_VESICLE_ENDOCYTOSIS	-0.031258	-0.014584	-0.012944	69	82	24
gse175540-GSM5924050_frozen_c_2	GSE175540	GOBP_RESPONSE_TO_NITRIC_OXIDE	-0.020959	-0.01162	-0.010193	69	82	22
gse175540-GSM5924050_frozen_c_2	GSE175540	GOBP_REGULATION_OF_CELL_GROWTH_INVOLVED_IN_CARDIAC_MUSCLE_CELL_DEVELOPMENT	-0.008362	-0.004761	-0.006404	69	82	17
gse175540-GSM5924050_frozen_c_2	GSE175540	GOBP_INNERVATION	-0.013845	-0.006386	-0.006559	69	82	29
gse175540-GSM5924050_frozen_c_2	GSE175540	GOBP_RESPONSE_TO_ETHER	-0.029496	-0.015564	-0.016083	69	82	22
gse175540-GSM5924050_frozen_c_2	GSE175540	GOBP_RESCUE_OF_STALLED_RIBOSOME	-0.010582	-0.004085	-0.002669	69	82	31
gse175540-GSM5924050_frozen_c_2	GSE175540	GOBP_NEGATIVE_REGULATION_OF_MUSCLE_HYPERTROPHY	-0.024361	-0.014189	-0.011288	69	82	33
gse175540-GSM5924050_frozen_c_2	GSE175540	GOBP_NEURON_INTRINSIC_APOPTOTIC_SIGNALING_PATHWAY_IN_RESPONSE_TO_OXIDATIVE_STRESS	-0.021208	-0.010812	-0.012522	69	82	23
gse175540-GSM5924050_frozen_c_2	GSE175540	GOBP_POSITIVE_REGULATION_OF_T_CELL_MIGRATION	-0.023945	-0.011589	-0.011387	69	82	37
gse175540-GSM5924050_frozen_c_2	GSE175540	GOBP_POSITIVE_REGULATION_OF_LEUKOCYTE_ADHESION_TO_VASCULAR_ENDOTHELIAL_CELL	-0.014898	-0.006222	-0.006587	69	82	22
gse175540-GSM5924050_frozen_c_2	GSE175540	CTRL_B_AXIS	0.007001	0.000306	-0.008255	69	82	48
gse175540-GSM5924050_frozen_c_2	GSE175540	CTRL_MYC_V1	-0.045069	-0.021034	-0.017128	69	82	195
gse175540-GSM5924050_frozen_c_2	GSE175540	CTRL_RANDOM_32	-0.010391	-0.003464	-0.003088	69	82	28
gse175540-GSM5924050_frozen_c_2	GSE175540	HALLMARK_INTERFERON_GAMMA_RESPONSE	-0.032296	-0.016381	-0.015231	69	82	196
gse175540-GSM5924050_frozen_c_2	GSE175540	HALLMARK_INTERFERON_ALPHA_RESPONSE	-0.025412	-0.010478	-0.009122	69	82	96
gse175540-GSM5924050_frozen_c_2	GSE175540	HALLMARK_G2M_CHECKPOINT	-0.008949	-0.00212	-0.001613	69	82	194
gse175540-GSM5924050_frozen_c_2	GSE175540	HALLMARK_EPITHELIAL_MESENCHYMAL_TRANSITION	-0.026653	-0.008541	-0.014304	69	82	200
gse175540-GSM5924050_frozen_c_2	GSE175540	GENE_CXCL13	-0.018259	-0.021022	-0.020077	69	82	1
gse175540-GSM5924050_frozen_c_2	GSE175540	GENE_CCL19	0.0	-0.006249	-0.008574	69	82	1
gse175540-GSM5924050_frozen_c_2	GSE175540	GENE_CCL21	0.024491	0.016833	0.013007	69	82	1
gse175540-GSM5924050_frozen_c_2	GSE175540	GENE_LTB	-0.002043	-0.015943	-0.016838	69	82	1
gse175540-GSM5924050_frozen_c_2	GSE175540	GENE_CD74	-0.027888	0.013494	0.009869	69	82	1
gse175540-GSM5924050_frozen_c_2	GSE175540	GENE_HLA_DRA	-0.092088	-0.050895	-0.080579	69	82	1
gse175540-GSM5924050_frozen_c_2	GSE175540	GENE_IFNG	0.0	0.000788	7.2e-05	69	82	1
gse175540-GSM5924050_frozen_c_2	GSE175540	GENE_CXCL9	-0.101611	-0.064979	-0.059094	69	82	1
gse175540-GSM5924050_frozen_c_2	GSE175540	GENE_GZMB	0.003838	0.010875	0.004414	69	82	1
gse175540-GSM5924050_frozen_c_2	GSE175540	GENE_CD8A	0.001475	0.002164	0.002305	69	82	1
gse175540-GSM5924050_frozen_c_2	GSE175540	GENE_MKI67	-0.017281	-0.009479	-0.007427	69	82	1
gse175540-GSM5924050_frozen_c_2	GSE175540	GENE_COL1A1	-0.078175	-0.050749	-0.117672	69	82	1
gse175540-GSM5924051_frozen_c_5	GSE175540	GOBP_REGULATION_OF_INTEGRIN_MEDIATED_SIGNALING_PATHWAY	-0.010138	-0.006885	-0.007886	30	44	23
gse175540-GSM5924051_frozen_c_5	GSE175540	GOBP_COMPLEMENT_ACTIVATION_CLASSICAL_PATHWAY	-0.009131	-0.013344	-0.014038	30	44	40
gse175540-GSM5924051_frozen_c_5	GSE175540	GOBP_PEPTIDE_ANTIGEN_ASSEMBLY_WITH_MHC_PROTEIN_COMPLEX	0.003022	-0.007596	-0.011805	30	44	19
gse175540-GSM5924051_frozen_c_5	GSE175540	GOBP_NEGATIVE_REGULATION_OF_REACTIVE_OXYGEN_SPECIES_BIOSYNTHETIC_PROCESS	0.002202	-0.000367	-0.0019	30	44	17
gse175540-GSM5924051_frozen_c_5	GSE175540	GOBP_MRNA_5_SPLICE_SITE_RECOGNITION	-0.018756	-0.018406	-0.021629	30	44	7
gse175540-GSM5924051_frozen_c_5	GSE175540	GOBP_RESPONSE_TO_INTERFERON_ALPHA	-0.003177	-0.006503	-0.004956	30	44	21
gse175540-GSM5924051_frozen_c_5	GSE175540	GOBP_POSITIVE_REGULATION_OF_VASCULAR_ASSOCIATED_SMOOTH_MUSCLE_CELL_MIGRATION	0.00222	0.004308	-0.000236	30	44	16
gse175540-GSM5924051_frozen_c_5	GSE175540	GOBP_NEGATIVE_REGULATION_OF_EXTRACELLULAR_MATRIX_ORGANIZATION	-0.007322	-0.008813	-0.009823	30	44	15
gse175540-GSM5924051_frozen_c_5	GSE175540	GOBP_CELL_FATE_DETERMINATION	-0.003727	-0.004449	-0.004087	30	44	43
gse175540-GSM5924051_frozen_c_5	GSE175540	GOBP_HYPERSENSITIVITY	0.004822	0.003447	0.003659	30	44	19
gse175540-GSM5924051_frozen_c_5	GSE175540	GOBP_NEGATIVE_REGULATION_OF_BLOOD_VESSEL_ENDOTHELIAL_CELL_PROLIFERATION_INVOLVED_IN_SPROUTING_ANGIOGENESIS	-0.041594	-0.038246	-0.039032	30	44	7
gse175540-GSM5924051_frozen_c_5	GSE175540	GOBP_PHYSIOLOGICAL_CARDIAC_MUSCLE_HYPERTROPHY	-0.007555	-0.007426	-0.007349	30	44	24
gse175540-GSM5924051_frozen_c_5	GSE175540	GOBP_INTEGRIN_MEDIATED_SIGNALING_PATHWAY	-0.010265	-0.010877	-0.010781	30	44	118
gse175540-GSM5924051_frozen_c_5	GSE175540	GOBP_RESPONSE_TO_PROSTAGLANDIN_E	0.008381	0.006715	0.007258	30	44	28
gse175540-GSM5924051_frozen_c_5	GSE175540	GOBP_CELL_ADHESION_MOLECULE_PRODUCTION	0.000678	0.003418	0.00278	30	44	11
gse175540-GSM5924051_frozen_c_5	GSE175540	GOBP_POSITIVE_REGULATION_OF_RNA_SPLICING	0.004672	0.003307	0.000974	30	44	48
gse175540-GSM5924051_frozen_c_5	GSE175540	GOBP_DEFINITIVE_HEMOPOIESIS	-0.002613	-0.003658	-0.004189	30	44	21
gse175540-GSM5924051_frozen_c_5	GSE175540	GOBP_PROTEIN_DEACETYLATION	-0.005013	-0.005257	-0.005582	30	44	25
gse175540-GSM5924051_frozen_c_5	GSE175540	GOBP_CELL_JUNCTION_DISASSEMBLY	-0.014126	-0.015949	-0.016308	30	44	33
gse175540-GSM5924051_frozen_c_5	GSE175540	GOBP_REGULATION_OF_SYNAPTIC_VESICLE_ENDOCYTOSIS	-0.00567	-0.008134	-0.009643	30	44	24
gse175540-GSM5924051_frozen_c_5	GSE175540	GOBP_RESPONSE_TO_NITRIC_OXIDE	0.006081	0.003272	0.001487	30	44	22
gse175540-GSM5924051_frozen_c_5	GSE175540	GOBP_REGULATION_OF_CELL_GROWTH_INVOLVED_IN_CARDIAC_MUSCLE_CELL_DEVELOPMENT	-0.010006	-0.00957	-0.009895	30	44	17
gse175540-GSM5924051_frozen_c_5	GSE175540	GOBP_INNERVATION	-0.010955	-0.011859	-0.012501	30	44	29
gse175540-GSM5924051_frozen_c_5	GSE175540	GOBP_RESPONSE_TO_ETHER	0.0104	0.010955	0.007816	30	44	22
gse175540-GSM5924051_frozen_c_5	GSE175540	GOBP_RESCUE_OF_STALLED_RIBOSOME	-0.0027	-0.003667	-0.004278	30	44	31
gse175540-GSM5924051_frozen_c_5	GSE175540	GOBP_NEGATIVE_REGULATION_OF_MUSCLE_HYPERTROPHY	-0.011242	-0.010683	-0.012223	30	44	33
gse175540-GSM5924051_frozen_c_5	GSE175540	GOBP_NEURON_INTRINSIC_APOPTOTIC_SIGNALING_PATHWAY_IN_RESPONSE_TO_OXIDATIVE_STRESS	-0.01638	-0.018784	-0.018604	30	44	23
gse175540-GSM5924051_frozen_c_5	GSE175540	GOBP_POSITIVE_REGULATION_OF_T_CELL_MIGRATION	0.009286	0.006461	0.00422	30	44	37
gse175540-GSM5924051_frozen_c_5	GSE175540	GOBP_POSITIVE_REGULATION_OF_LEUKOCYTE_ADHESION_TO_VASCULAR_ENDOTHELIAL_CELL	0.001825	-0.000928	-0.002258	30	44	22
gse175540-GSM5924051_frozen_c_5	GSE175540	CTRL_B_AXIS	0.000474	-0.00552	-0.00542	30	44	48
gse175540-GSM5924051_frozen_c_5	GSE175540	CTRL_MYC_V1	0.009634	0.008482	0.006387	30	44	195
gse175540-GSM5924051_frozen_c_5	GSE175540	CTRL_RANDOM_32	-0.005836	-0.006292	-0.007639	30	44	28
gse175540-GSM5924051_frozen_c_5	GSE175540	HALLMARK_INTERFERON_GAMMA_RESPONSE	0.001942	-0.001144	-0.002026	30	44	196
gse175540-GSM5924051_frozen_c_5	GSE175540	HALLMARK_INTERFERON_ALPHA_RESPONSE	-0.004816	-0.008226	-0.008888	30	44	96
gse175540-GSM5924051_frozen_c_5	GSE175540	HALLMARK_G2M_CHECKPOINT	-0.000293	-0.000408	-0.000762	30	44	194
gse175540-GSM5924051_frozen_c_5	GSE175540	HALLMARK_EPITHELIAL_MESENCHYMAL_TRANSITION	-0.017226	-0.017538	-0.016715	30	44	200
gse175540-GSM5924051_frozen_c_5	GSE175540	GENE_CXCL13	-0.020114	-0.030141	-0.030558	30	44	1
gse175540-GSM5924051_frozen_c_5	GSE175540	GENE_CCL19	0.02469	0.020799	0.020026	30	44	1
gse175540-GSM5924051_frozen_c_5	GSE175540	GENE_CCL21	-0.008505	-0.037109	-0.036439	30	44	1
gse175540-GSM5924051_frozen_c_5	GSE175540	GENE_LTB	0.048568	0.02135	0.018314	30	44	1
gse175540-GSM5924051_frozen_c_5	GSE175540	GENE_CD74	0.004084	-0.005352	-0.011311	30	44	1
gse175540-GSM5924051_frozen_c_5	GSE175540	GENE_HLA_DRA	0.003218	0.002626	-0.001981	30	44	1
gse175540-GSM5924051_frozen_c_5	GSE175540	GENE_IFNG	0.017304	0.017189	0.017746	30	44	1
gse175540-GSM5924051_frozen_c_5	GSE175540	GENE_CXCL9	0.149309	0.130477	0.138991	30	44	1
gse175540-GSM5924051_frozen_c_5	GSE175540	GENE_GZMB	0.000387	0.000233	-0.004449	30	44	1
gse175540-GSM5924051_frozen_c_5	GSE175540	GENE_CD8A	-0.045768	-0.055711	-0.050731	30	44	1
gse175540-GSM5924051_frozen_c_5	GSE175540	GENE_MKI67	-0.02044	-0.02198	-0.022088	30	44	1
gse175540-GSM5924051_frozen_c_5	GSE175540	GENE_COL1A1	0.019982	-0.008467	-0.01457	30	44	1
gse175540-GSM5924052_frozen_c_23	GSE175540	GOBP_REGULATION_OF_INTEGRIN_MEDIATED_SIGNALING_PATHWAY	-0.011464	-0.006431	-0.005284	121	151	23
gse175540-GSM5924052_frozen_c_23	GSE175540	GOBP_COMPLEMENT_ACTIVATION_CLASSICAL_PATHWAY	0.010642	0.007379	0.002098	121	151	40
gse175540-GSM5924052_frozen_c_23	GSE175540	GOBP_PEPTIDE_ANTIGEN_ASSEMBLY_WITH_MHC_PROTEIN_COMPLEX	-0.026635	-0.023269	-0.019899	121	151	19
gse175540-GSM5924052_frozen_c_23	GSE175540	GOBP_NEGATIVE_REGULATION_OF_REACTIVE_OXYGEN_SPECIES_BIOSYNTHETIC_PROCESS	-0.010989	-0.011966	-0.01046	121	151	17
gse175540-GSM5924052_frozen_c_23	GSE175540	GOBP_MRNA_5_SPLICE_SITE_RECOGNITION	-0.003033	-0.0029	-0.003601	121	151	7
gse175540-GSM5924052_frozen_c_23	GSE175540	GOBP_RESPONSE_TO_INTERFERON_ALPHA	-0.003582	-0.001936	-0.003093	121	151	21
gse175540-GSM5924052_frozen_c_23	GSE175540	GOBP_POSITIVE_REGULATION_OF_VASCULAR_ASSOCIATED_SMOOTH_MUSCLE_CELL_MIGRATION	-0.012257	-0.010208	-0.011234	121	151	16
gse175540-GSM5924052_frozen_c_23	GSE175540	GOBP_NEGATIVE_REGULATION_OF_EXTRACELLULAR_MATRIX_ORGANIZATION	-0.006284	-0.003114	-0.005181	121	151	15
gse175540-GSM5924052_frozen_c_23	GSE175540	GOBP_CELL_FATE_DETERMINATION	-0.003309	-0.002378	-0.003725	121	151	43
gse175540-GSM5924052_frozen_c_23	GSE175540	GOBP_HYPERSENSITIVITY	-0.001706	-0.00465	-0.008112	121	151	19
gse175540-GSM5924052_frozen_c_23	GSE175540	GOBP_NEGATIVE_REGULATION_OF_BLOOD_VESSEL_ENDOTHELIAL_CELL_PROLIFERATION_INVOLVED_IN_SPROUTING_ANGIOGENESIS	0.002197	0.002747	0.001821	121	151	7
gse175540-GSM5924052_frozen_c_23	GSE175540	GOBP_PHYSIOLOGICAL_CARDIAC_MUSCLE_HYPERTROPHY	0.000245	0.00091	0.000495	121	151	24
gse175540-GSM5924052_frozen_c_23	GSE175540	GOBP_INTEGRIN_MEDIATED_SIGNALING_PATHWAY	-0.008575	-0.007187	-0.008119	121	151	118
gse175540-GSM5924052_frozen_c_23	GSE175540	GOBP_RESPONSE_TO_PROSTAGLANDIN_E	-0.003054	-0.003247	-0.004029	121	151	28
gse175540-GSM5924052_frozen_c_23	GSE175540	GOBP_CELL_ADHESION_MOLECULE_PRODUCTION	-0.011378	-0.006627	-0.005206	121	151	11
gse175540-GSM5924052_frozen_c_23	GSE175540	GOBP_POSITIVE_REGULATION_OF_RNA_SPLICING	-0.001941	-0.000817	0.001052	121	151	48
gse175540-GSM5924052_frozen_c_23	GSE175540	GOBP_DEFINITIVE_HEMOPOIESIS	0.005622	0.00492	0.003512	121	151	21
gse175540-GSM5924052_frozen_c_23	GSE175540	GOBP_PROTEIN_DEACETYLATION	-0.004861	-0.003806	-0.004517	121	151	25
gse175540-GSM5924052_frozen_c_23	GSE175540	GOBP_CELL_JUNCTION_DISASSEMBLY	-0.003831	-0.002978	-0.00275	121	151	33
gse175540-GSM5924052_frozen_c_23	GSE175540	GOBP_REGULATION_OF_SYNAPTIC_VESICLE_ENDOCYTOSIS	-0.007566	-0.005323	-0.004118	121	151	24
gse175540-GSM5924052_frozen_c_23	GSE175540	GOBP_RESPONSE_TO_NITRIC_OXIDE	-0.002387	-0.002616	-0.000935	121	151	22
gse175540-GSM5924052_frozen_c_23	GSE175540	GOBP_REGULATION_OF_CELL_GROWTH_INVOLVED_IN_CARDIAC_MUSCLE_CELL_DEVELOPMENT	-0.000163	0.000676	-0.000109	121	151	17
gse175540-GSM5924052_frozen_c_23	GSE175540	GOBP_INNERVATION	-0.004537	-0.002831	-0.001827	121	151	29
gse175540-GSM5924052_frozen_c_23	GSE175540	GOBP_RESPONSE_TO_ETHER	-0.009935	-0.00935	-0.009064	121	151	22
gse175540-GSM5924052_frozen_c_23	GSE175540	GOBP_RESCUE_OF_STALLED_RIBOSOME	-0.003642	-0.002484	-0.00165	121	151	31
gse175540-GSM5924052_frozen_c_23	GSE175540	GOBP_NEGATIVE_REGULATION_OF_MUSCLE_HYPERTROPHY	-0.005756	-0.003914	-0.004626	121	151	33
gse175540-GSM5924052_frozen_c_23	GSE175540	GOBP_NEURON_INTRINSIC_APOPTOTIC_SIGNALING_PATHWAY_IN_RESPONSE_TO_OXIDATIVE_STRESS	-0.004758	-0.00346	-0.005083	121	151	23
gse175540-GSM5924052_frozen_c_23	GSE175540	GOBP_POSITIVE_REGULATION_OF_T_CELL_MIGRATION	-0.010402	-0.010043	-0.009542	121	151	37
gse175540-GSM5924052_frozen_c_23	GSE175540	GOBP_POSITIVE_REGULATION_OF_LEUKOCYTE_ADHESION_TO_VASCULAR_ENDOTHELIAL_CELL	-0.009044	-0.009589	-0.010985	121	151	22
gse175540-GSM5924052_frozen_c_23	GSE175540	CTRL_B_AXIS	0.004782	-0.002352	-0.005162	121	151	48
gse175540-GSM5924052_frozen_c_23	GSE175540	CTRL_MYC_V1	-0.015547	-0.011189	-0.007973	121	151	195
gse175540-GSM5924052_frozen_c_23	GSE175540	CTRL_RANDOM_32	-0.006123	-0.005631	-0.00437	121	151	28
gse175540-GSM5924052_frozen_c_23	GSE175540	HALLMARK_INTERFERON_GAMMA_RESPONSE	-0.004302	-0.002918	-0.002508	121	151	196
gse175540-GSM5924052_frozen_c_23	GSE175540	HALLMARK_INTERFERON_ALPHA_RESPONSE	-0.003097	-0.002517	-0.002633	121	151	96
gse175540-GSM5924052_frozen_c_23	GSE175540	HALLMARK_G2M_CHECKPOINT	-0.001084	-0.000373	-0.000371	121	151	194
gse175540-GSM5924052_frozen_c_23	GSE175540	HALLMARK_EPITHELIAL_MESENCHYMAL_TRANSITION	-0.009297	-0.005167	-0.006158	121	151	200
gse175540-GSM5924052_frozen_c_23	GSE175540	GENE_CXCL13	0.001599	-0.001466	-0.001719	121	151	1
gse175540-GSM5924052_frozen_c_23	GSE175540	GENE_CCL19	-0.013264	-0.023154	-0.015768	121	151	1
gse175540-GSM5924052_frozen_c_23	GSE175540	GENE_CCL21	0.007147	0.006017	0.002602	121	151	1
gse175540-GSM5924052_frozen_c_23	GSE175540	GENE_LTB	0.011481	0.001383	0.007179	121	151	1
gse175540-GSM5924052_frozen_c_23	GSE175540	GENE_CD74	-0.016337	-0.01245	-0.008855	121	151	1
gse175540-GSM5924052_frozen_c_23	GSE175540	GENE_HLA_DRA	-0.005263	-0.000789	-0.005655	121	151	1
gse175540-GSM5924052_frozen_c_23	GSE175540	GENE_IFNG	0.0	-0.000102	-0.000203	121	151	1
gse175540-GSM5924052_frozen_c_23	GSE175540	GENE_CXCL9	0.003405	-0.007469	-0.010775	121	151	1
gse175540-GSM5924052_frozen_c_23	GSE175540	GENE_GZMB	-0.001659	-0.00454	-0.005708	121	151	1
gse175540-GSM5924052_frozen_c_23	GSE175540	GENE_CD8A	-4.4e-05	-0.004779	-0.00651	121	151	1
gse175540-GSM5924052_frozen_c_23	GSE175540	GENE_MKI67	-0.001525	-0.002414	-0.003273	121	151	1
gse175540-GSM5924052_frozen_c_23	GSE175540	GENE_COL1A1	0.073677	0.083769	0.058378	121	151	1
