section_id	cohort	set_id	obs	null_median	p_one_sided	sigma	note
usz-KC1	USZ	GOBP_NEGATIVE_REGULATION_OF_VASCULAR_ENDOTHELIAL_GROWTH_FACTOR_PRODUCTION	-0.023983				NOT_TESTABLE_SIGMA_UNFIT
usz-KC1	USZ	GOBP_REGULATION_OF_INTEGRIN_MEDIATED_SIGNALING_PATHWAY	-0.00363				NOT_TESTABLE_SIGMA_UNFIT
usz-KC1	USZ	GOBP_COMPLEMENT_ACTIVATION_CLASSICAL_PATHWAY	-0.000506	0.000672	0.5622	146.7	NOT_CALIBRATED
usz-KC1	USZ	GOBP_PEPTIDE_ANTIGEN_ASSEMBLY_WITH_MHC_PROTEIN_COMPLEX	-0.014311				NOT_TESTABLE_SIGMA_UNFIT
usz-KC1	USZ	GOBP_NEGATIVE_REGULATION_OF_REACTIVE_OXYGEN_SPECIES_BIOSYNTHETIC_PROCESS	-0.007903				NOT_TESTABLE_SIGMA_UNFIT
usz-KC1	USZ	GOBP_MRNA_5_SPLICE_SITE_RECOGNITION	-0.00116				NOT_TESTABLE_SIGMA_UNFIT
usz-KC1	USZ	GOBP_RESPONSE_TO_INTERFERON_ALPHA	-0.005149				NOT_TESTABLE_SIGMA_UNFIT
usz-KC1	USZ	GOBP_POSITIVE_REGULATION_OF_VASCULAR_ASSOCIATED_SMOOTH_MUSCLE_CELL_MIGRATION	-0.001509				NOT_TESTABLE_SIGMA_UNFIT
usz-KC1	USZ	GOBP_NEGATIVE_REGULATION_OF_EXTRACELLULAR_MATRIX_ORGANIZATION	0.00247				NOT_TESTABLE_SIGMA_UNFIT
usz-KC1	USZ	GOBP_CELL_FATE_DETERMINATION	-0.000127				NOT_TESTABLE_SIGMA_UNFIT
usz-KC1	USZ	GOBP_HYPERSENSITIVITY	-0.001359				NOT_TESTABLE_SIGMA_UNFIT
usz-KC1	USZ	GOBP_NEGATIVE_REGULATION_OF_BLOOD_VESSEL_ENDOTHELIAL_CELL_PROLIFERATION_INVOLVED_IN_SPROUTING_ANGIOGENESIS	0.00238				NOT_TESTABLE_SIGMA_UNFIT
usz-KC1	USZ	GOBP_PHYSIOLOGICAL_CARDIAC_MUSCLE_HYPERTROPHY	-0.002274				NOT_TESTABLE_SIGMA_UNFIT
usz-KC1	USZ	GOBP_INTEGRIN_MEDIATED_SIGNALING_PATHWAY	-0.000649	-0.000575	0.5075	84.2	NOT_CALIBRATED
usz-KC1	USZ	GOBP_RESPONSE_TO_PROSTAGLANDIN_E	-0.001282				NOT_TESTABLE_SIGMA_UNFIT
usz-KC1	USZ	GOBP_CELL_ADHESION_MOLECULE_PRODUCTION	0.002672				NOT_TESTABLE_SIGMA_UNFIT
usz-KC1	USZ	GOBP_POSITIVE_REGULATION_OF_RNA_SPLICING	0.004005				NOT_TESTABLE_SIGMA_UNFIT
usz-KC1	USZ	GOBP_DEFINITIVE_HEMOPOIESIS	-0.001453				NOT_TESTABLE_SIGMA_UNFIT
usz-KC1	USZ	GOBP_PROTEIN_DEACETYLATION	0.000476				NOT_TESTABLE_SIGMA_UNFIT
usz-KC1	USZ	GOBP_CELL_JUNCTION_DISASSEMBLY	-0.00219	-7.4e-05	0.6169	83.0	NOT_CALIBRATED
usz-KC1	USZ	GOBP_REGULATION_OF_SYNAPTIC_VESICLE_ENDOCYTOSIS	-0.000861				NOT_TESTABLE_SIGMA_UNFIT
usz-KC1	USZ	GOBP_RESPONSE_TO_NITRIC_OXIDE	-0.002294				NOT_TESTABLE_SIGMA_UNFIT
usz-KC1	USZ	GOBP_REGULATION_OF_CELL_GROWTH_INVOLVED_IN_CARDIAC_MUSCLE_CELL_DEVELOPMENT	-0.000778				NOT_TESTABLE_SIGMA_UNFIT
usz-KC1	USZ	GOBP_INNERVATION	-0.002203				NOT_TESTABLE_SIGMA_UNFIT
usz-KC1	USZ	GOBP_RESPONSE_TO_ETHER	-0.003496				NOT_TESTABLE_SIGMA_UNFIT
usz-KC1	USZ	GOBP_RESCUE_OF_STALLED_RIBOSOME	0.000921				NOT_TESTABLE_SIGMA_UNFIT
usz-KC1	USZ	GOBP_NEGATIVE_REGULATION_OF_MUSCLE_HYPERTROPHY	-0.002337				NOT_TESTABLE_SIGMA_UNFIT
usz-KC1	USZ	GOBP_NEURON_INTRINSIC_APOPTOTIC_SIGNALING_PATHWAY_IN_RESPONSE_TO_OXIDATIVE_STRESS	-0.008924				NOT_TESTABLE_SIGMA_UNFIT
usz-KC1	USZ	GOBP_POSITIVE_REGULATION_OF_T_CELL_MIGRATION	-0.000517				NOT_TESTABLE_SIGMA_UNFIT
usz-KC1	USZ	GOBP_POSITIVE_REGULATION_OF_LEUKOCYTE_ADHESION_TO_VASCULAR_ENDOTHELIAL_CELL	0.000149				NOT_TESTABLE_SIGMA_UNFIT
usz-KC1	USZ	CTRL_B_AXIS	-0.00029				NOT_TESTABLE_SIGMA_UNFIT
usz-KC1	USZ	CTRL_MYC_V1	-0.00435	0.00063	0.7711	148.5	NOT_CALIBRATED
usz-KC1	USZ	CTRL_RANDOM_32	0.000278				NOT_TESTABLE_SIGMA_UNFIT
usz-KC1	USZ	HALLMARK_INTERFERON_GAMMA_RESPONSE	-0.003292				NOT_TESTABLE_SIGMA_UNFIT
usz-KC1	USZ	HALLMARK_INTERFERON_ALPHA_RESPONSE	-0.002766				NOT_TESTABLE_SIGMA_UNFIT
usz-KC1	USZ	HALLMARK_G2M_CHECKPOINT	-0.002377				NOT_TESTABLE_SIGMA_UNFIT
usz-KC1	USZ	HALLMARK_EPITHELIAL_MESENCHYMAL_TRANSITION	-0.004258	-0.00047	0.791	97.8	NOT_CALIBRATED
usz-KC1	USZ	GENE_CXCL13	6.7e-05				NOT_TESTABLE_SIGMA_UNFIT
usz-KC1	USZ	GENE_CCL19	0.008885				NOT_TESTABLE_SIGMA_UNFIT
usz-KC1	USZ	GENE_CCL21	-0.005749				NOT_TESTABLE_SIGMA_UNFIT
usz-KC1	USZ	GENE_LTB	0.039013				NOT_TESTABLE_SIGMA_UNFIT
usz-KC1	USZ	GENE_CD74	0.081143				NOT_TESTABLE_SIGMA_UNFIT
usz-KC1	USZ	GENE_HLA_DRA	-0.049				NOT_TESTABLE_SIGMA_UNFIT
usz-KC1	USZ	GENE_IFNG	-0.003073				NOT_TESTABLE_SIGMA_UNFIT
usz-KC1	USZ	GENE_CXCL9	-0.005872				NOT_TESTABLE_SIGMA_UNFIT
usz-KC1	USZ	GENE_GZMB	-2.6e-05				NOT_TESTABLE_SIGMA_UNFIT
usz-KC1	USZ	GENE_CD8A	-0.011873				NOT_TESTABLE_SIGMA_UNFIT
usz-KC1	USZ	GENE_MKI67	-0.009472				NOT_TESTABLE_SIGMA_UNFIT
usz-KC1	USZ	GENE_COL1A1	-0.039036				NOT_TESTABLE_SIGMA_UNFIT
usz-KC2	USZ	GOBP_NEGATIVE_REGULATION_OF_VASCULAR_ENDOTHELIAL_GROWTH_FACTOR_PRODUCTION	0.019652				NOT_TESTABLE_SIGMA_UNFIT
usz-KC2	USZ	GOBP_REGULATION_OF_INTEGRIN_MEDIATED_SIGNALING_PATHWAY	0.004939				NOT_TESTABLE_SIGMA_UNFIT
usz-KC2	USZ	GOBP_COMPLEMENT_ACTIVATION_CLASSICAL_PATHWAY	0.005967				NOT_TESTABLE_SIGMA_UNFIT
usz-KC2	USZ	GOBP_PEPTIDE_ANTIGEN_ASSEMBLY_WITH_MHC_PROTEIN_COMPLEX	0.002904				NOT_TESTABLE_SIGMA_UNFIT
usz-KC2	USZ	GOBP_NEGATIVE_REGULATION_OF_REACTIVE_OXYGEN_SPECIES_BIOSYNTHETIC_PROCESS	0.003059				NOT_TESTABLE_SIGMA_UNFIT
usz-KC2	USZ	GOBP_MRNA_5_SPLICE_SITE_RECOGNITION	0.011176				NOT_TESTABLE_SIGMA_UNFIT
usz-KC2	USZ	GOBP_RESPONSE_TO_INTERFERON_ALPHA	-0.002822				NOT_TESTABLE_SIGMA_UNFIT
usz-KC2	USZ	GOBP_POSITIVE_REGULATION_OF_VASCULAR_ASSOCIATED_SMOOTH_MUSCLE_CELL_MIGRATION	0.005268				NOT_TESTABLE_SIGMA_UNFIT
usz-KC2	USZ	GOBP_NEGATIVE_REGULATION_OF_EXTRACELLULAR_MATRIX_ORGANIZATION	-0.002879				NOT_TESTABLE_SIGMA_UNFIT
usz-KC2	USZ	GOBP_CELL_FATE_DETERMINATION	0.000387				NOT_TESTABLE_SIGMA_UNFIT
usz-KC2	USZ	GOBP_HYPERSENSITIVITY	0.004208				NOT_TESTABLE_SIGMA_UNFIT
usz-KC2	USZ	GOBP_NEGATIVE_REGULATION_OF_BLOOD_VESSEL_ENDOTHELIAL_CELL_PROLIFERATION_INVOLVED_IN_SPROUTING_ANGIOGENESIS	0.002815				NOT_TESTABLE_SIGMA_UNFIT
usz-KC2	USZ	GOBP_PHYSIOLOGICAL_CARDIAC_MUSCLE_HYPERTROPHY	0.002481				NOT_TESTABLE_SIGMA_UNFIT
usz-KC2	USZ	GOBP_INTEGRIN_MEDIATED_SIGNALING_PATHWAY	0.002012	0.000256	0.3433	88.3	NOT_CALIBRATED
usz-KC2	USZ	GOBP_RESPONSE_TO_PROSTAGLANDIN_E	0.003209				NOT_TESTABLE_SIGMA_UNFIT
usz-KC2	USZ	GOBP_CELL_ADHESION_MOLECULE_PRODUCTION	0.004499				NOT_TESTABLE_SIGMA_UNFIT
usz-KC2	USZ	GOBP_POSITIVE_REGULATION_OF_RNA_SPLICING	0.006837	0.00093	0.2189	82.6	NOT_CALIBRATED
usz-KC2	USZ	GOBP_DEFINITIVE_HEMOPOIESIS	0.005566				NOT_TESTABLE_SIGMA_UNFIT
usz-KC2	USZ	GOBP_PROTEIN_DEACETYLATION	0.001133				NOT_TESTABLE_SIGMA_UNFIT
usz-KC2	USZ	GOBP_CELL_JUNCTION_DISASSEMBLY	0.006178				NOT_TESTABLE_SIGMA_UNFIT
usz-KC2	USZ	GOBP_REGULATION_OF_SYNAPTIC_VESICLE_ENDOCYTOSIS	0.001657	-0.000545	0.4129	83.4	NOT_CALIBRATED
usz-KC2	USZ	GOBP_RESPONSE_TO_NITRIC_OXIDE	0.002305				NOT_TESTABLE_SIGMA_UNFIT
usz-KC2	USZ	GOBP_REGULATION_OF_CELL_GROWTH_INVOLVED_IN_CARDIAC_MUSCLE_CELL_DEVELOPMENT	0.003548				NOT_TESTABLE_SIGMA_UNFIT
usz-KC2	USZ	GOBP_INNERVATION	-0.002322				NOT_TESTABLE_SIGMA_UNFIT
usz-KC2	USZ	GOBP_RESPONSE_TO_ETHER	-0.004875				NOT_TESTABLE_SIGMA_UNFIT
usz-KC2	USZ	GOBP_RESCUE_OF_STALLED_RIBOSOME	0.002004				NOT_TESTABLE_SIGMA_UNFIT
usz-KC2	USZ	GOBP_NEGATIVE_REGULATION_OF_MUSCLE_HYPERTROPHY	-0.00086				NOT_TESTABLE_SIGMA_UNFIT
usz-KC2	USZ	GOBP_NEURON_INTRINSIC_APOPTOTIC_SIGNALING_PATHWAY_IN_RESPONSE_TO_OXIDATIVE_STRESS	-0.004045				NOT_TESTABLE_SIGMA_UNFIT
usz-KC2	USZ	GOBP_POSITIVE_REGULATION_OF_T_CELL_MIGRATION	0.002284				NOT_TESTABLE_SIGMA_UNFIT
usz-KC2	USZ	GOBP_POSITIVE_REGULATION_OF_LEUKOCYTE_ADHESION_TO_VASCULAR_ENDOTHELIAL_CELL	0.002933				NOT_TESTABLE_SIGMA_UNFIT
usz-KC2	USZ	CTRL_B_AXIS	0.003102				NOT_TESTABLE_SIGMA_UNFIT
usz-KC2	USZ	CTRL_MYC_V1	0.002131	0.000465	0.3831	101.2	NOT_CALIBRATED
usz-KC2	USZ	CTRL_RANDOM_32	0.000898				NOT_TESTABLE_SIGMA_UNFIT
usz-KC2	USZ	HALLMARK_INTERFERON_GAMMA_RESPONSE	0.002083	0.000284	0.2786	87.5	NOT_CALIBRATED
usz-KC2	USZ	HALLMARK_INTERFERON_ALPHA_RESPONSE	0.002702	0.000638	0.3682	87.0	NOT_CALIBRATED
usz-KC2	USZ	HALLMARK_G2M_CHECKPOINT	-0.001195				NOT_TESTABLE_SIGMA_UNFIT
usz-KC2	USZ	HALLMARK_EPITHELIAL_MESENCHYMAL_TRANSITION	0.000453	0.000234	0.4627	153.9	NOT_CALIBRATED
usz-KC2	USZ	GENE_CXCL13	-0.016117				NOT_TESTABLE_SIGMA_UNFIT
usz-KC2	USZ	GENE_CCL19	-0.017049				NOT_TESTABLE_SIGMA_UNFIT
usz-KC2	USZ	GENE_CCL21	-0.041903				NOT_TESTABLE_SIGMA_UNFIT
usz-KC2	USZ	GENE_LTB	0.03651				NOT_TESTABLE_SIGMA_UNFIT
usz-KC2	USZ	GENE_CD74	0.044112				NOT_TESTABLE_SIGMA_UNFIT
usz-KC2	USZ	GENE_HLA_DRA	-0.032313				NOT_TESTABLE_SIGMA_UNFIT
usz-KC2	USZ	GENE_IFNG	-0.002364				NOT_TESTABLE_SIGMA_UNFIT
usz-KC2	USZ	GENE_CXCL9	-0.004484				NOT_TESTABLE_SIGMA_UNFIT
usz-KC2	USZ	GENE_GZMB	-0.004399				NOT_TESTABLE_SIGMA_UNFIT
usz-KC2	USZ	GENE_CD8A	0.012706				NOT_TESTABLE_SIGMA_UNFIT
usz-KC2	USZ	GENE_MKI67	-0.020857				NOT_TESTABLE_SIGMA_UNFIT
usz-KC2	USZ	GENE_COL1A1	0.021263				NOT_TESTABLE_SIGMA_UNFIT
usz-KC3	USZ	GOBP_NEGATIVE_REGULATION_OF_VASCULAR_ENDOTHELIAL_GROWTH_FACTOR_PRODUCTION	0.020663				NOT_TESTABLE_SIGMA_UNFIT
usz-KC3	USZ	GOBP_REGULATION_OF_INTEGRIN_MEDIATED_SIGNALING_PATHWAY	-0.007612	0.000354	0.9055	84.7	NOT_CALIBRATED
usz-KC3	USZ	GOBP_COMPLEMENT_ACTIVATION_CLASSICAL_PATHWAY	0.000299	0.00035	0.5075	86.2	NOT_CALIBRATED
usz-KC3	USZ	GOBP_PEPTIDE_ANTIGEN_ASSEMBLY_WITH_MHC_PROTEIN_COMPLEX	-0.0161	0.000147	0.9701	85.7	NOT_CALIBRATED
usz-KC3	USZ	GOBP_NEGATIVE_REGULATION_OF_REACTIVE_OXYGEN_SPECIES_BIOSYNTHETIC_PROCESS	-0.005179				NOT_TESTABLE_SIGMA_UNFIT
usz-KC3	USZ	GOBP_MRNA_5_SPLICE_SITE_RECOGNITION	-0.001716				NOT_TESTABLE_SIGMA_UNFIT
usz-KC3	USZ	GOBP_RESPONSE_TO_INTERFERON_ALPHA	-0.009109	0.000155	0.8756	92.2	NOT_CALIBRATED
usz-KC3	USZ	GOBP_POSITIVE_REGULATION_OF_VASCULAR_ASSOCIATED_SMOOTH_MUSCLE_CELL_MIGRATION	-0.004037				NOT_TESTABLE_SIGMA_UNFIT
usz-KC3	USZ	GOBP_NEGATIVE_REGULATION_OF_EXTRACELLULAR_MATRIX_ORGANIZATION	-0.004129				NOT_TESTABLE_SIGMA_UNFIT
usz-KC3	USZ	GOBP_CELL_FATE_DETERMINATION	0.001339				NOT_TESTABLE_SIGMA_UNFIT
usz-KC3	USZ	GOBP_HYPERSENSITIVITY	-0.000547				NOT_TESTABLE_SIGMA_UNFIT
usz-KC3	USZ	GOBP_NEGATIVE_REGULATION_OF_BLOOD_VESSEL_ENDOTHELIAL_CELL_PROLIFERATION_INVOLVED_IN_SPROUTING_ANGIOGENESIS	-0.00639	-0.000478	0.7264	82.0	NOT_CALIBRATED
usz-KC3	USZ	GOBP_PHYSIOLOGICAL_CARDIAC_MUSCLE_HYPERTROPHY	0.003612				NOT_TESTABLE_SIGMA_UNFIT
usz-KC3	USZ	GOBP_INTEGRIN_MEDIATED_SIGNALING_PATHWAY	-0.002244	0.000213	0.791	87.5	NOT_CALIBRATED
usz-KC3	USZ	GOBP_RESPONSE_TO_PROSTAGLANDIN_E	-0.009976	-0.000368	0.9851	83.2	NOT_CALIBRATED
usz-KC3	USZ	GOBP_CELL_ADHESION_MOLECULE_PRODUCTION	-0.005399				NOT_TESTABLE_SIGMA_UNFIT
usz-KC3	USZ	GOBP_POSITIVE_REGULATION_OF_RNA_SPLICING	-0.004661	0.00094	0.8756	90.1	NOT_CALIBRATED
usz-KC3	USZ	GOBP_DEFINITIVE_HEMOPOIESIS	0.000674				NOT_TESTABLE_SIGMA_UNFIT
usz-KC3	USZ	GOBP_PROTEIN_DEACETYLATION	-0.006313				NOT_TESTABLE_SIGMA_UNFIT
usz-KC3	USZ	GOBP_CELL_JUNCTION_DISASSEMBLY	-0.002226	-0.000563	0.6368	82.6	NOT_CALIBRATED
usz-KC3	USZ	GOBP_REGULATION_OF_SYNAPTIC_VESICLE_ENDOCYTOSIS	-0.009051	-0.000317	0.8905	91.9	NOT_CALIBRATED
usz-KC3	USZ	GOBP_RESPONSE_TO_NITRIC_OXIDE	-0.008781	-0.000822	0.9353	82.6	NOT_CALIBRATED
usz-KC3	USZ	GOBP_REGULATION_OF_CELL_GROWTH_INVOLVED_IN_CARDIAC_MUSCLE_CELL_DEVELOPMENT	0.004482				NOT_TESTABLE_SIGMA_UNFIT
usz-KC3	USZ	GOBP_INNERVATION	-0.002701				NOT_TESTABLE_SIGMA_UNFIT
usz-KC3	USZ	GOBP_RESPONSE_TO_ETHER	-0.006436				NOT_TESTABLE_SIGMA_UNFIT
usz-KC3	USZ	GOBP_RESCUE_OF_STALLED_RIBOSOME	-0.001245				NOT_TESTABLE_SIGMA_UNFIT
usz-KC3	USZ	GOBP_NEGATIVE_REGULATION_OF_MUSCLE_HYPERTROPHY	0.004683				NOT_TESTABLE_SIGMA_UNFIT
usz-KC3	USZ	GOBP_NEURON_INTRINSIC_APOPTOTIC_SIGNALING_PATHWAY_IN_RESPONSE_TO_OXIDATIVE_STRESS	-0.013727				NOT_TESTABLE_SIGMA_UNFIT
usz-KC3	USZ	GOBP_POSITIVE_REGULATION_OF_T_CELL_MIGRATION	-0.000167				NOT_TESTABLE_SIGMA_UNFIT
usz-KC3	USZ	GOBP_POSITIVE_REGULATION_OF_LEUKOCYTE_ADHESION_TO_VASCULAR_ENDOTHELIAL_CELL	0.004295				NOT_TESTABLE_SIGMA_UNFIT
usz-KC3	USZ	CTRL_B_AXIS	-0.000566	-0.000262	0.5622	84.8	NOT_CALIBRATED
usz-KC3	USZ	CTRL_MYC_V1	-0.011958	0.000556	0.995	239.9	NOT_CALIBRATED
usz-KC3	USZ	CTRL_RANDOM_32	-0.005095				NOT_TESTABLE_SIGMA_UNFIT
usz-KC3	USZ	HALLMARK_INTERFERON_GAMMA_RESPONSE	-0.004621	-0.000912	0.8856	152.2	NOT_CALIBRATED
usz-KC3	USZ	HALLMARK_INTERFERON_ALPHA_RESPONSE	-0.006	-0.000797	0.9055	156.2	NOT_CALIBRATED
usz-KC3	USZ	HALLMARK_G2M_CHECKPOINT	-0.002391	0.000313	0.9254	94.1	NOT_CALIBRATED
usz-KC3	USZ	HALLMARK_EPITHELIAL_MESENCHYMAL_TRANSITION	-0.004074	0.000729	0.801	99.8	NOT_CALIBRATED
usz-KC3	USZ	GENE_CXCL13	-0.011702				NOT_TESTABLE_SIGMA_UNFIT
usz-KC3	USZ	GENE_CCL19	-0.059622	0.001562	0.8259	94.0	NOT_CALIBRATED
usz-KC3	USZ	GENE_CCL21	-0.000838				NOT_TESTABLE_SIGMA_UNFIT
usz-KC3	USZ	GENE_LTB	0.033596				NOT_TESTABLE_SIGMA_UNFIT
usz-KC3	USZ	GENE_CD74	0.004951				NOT_TESTABLE_SIGMA_UNFIT
usz-KC3	USZ	GENE_HLA_DRA	-0.03584				NOT_TESTABLE_SIGMA_UNFIT
usz-KC3	USZ	GENE_IFNG	-0.004058				NOT_TESTABLE_SIGMA_UNFIT
usz-KC3	USZ	GENE_CXCL9	-0.001561				NOT_TESTABLE_SIGMA_UNFIT
usz-KC3	USZ	GENE_GZMB	0.001478				NOT_TESTABLE_SIGMA_UNFIT
usz-KC3	USZ	GENE_CD8A	0.006514				NOT_TESTABLE_SIGMA_UNFIT
usz-KC3	USZ	GENE_MKI67	0.00145				NOT_TESTABLE_SIGMA_UNFIT
usz-KC3	USZ	GENE_COL1A1	0.015942	0.002317	0.4229	82.8	NOT_CALIBRATED
usz-LC1	USZ	GOBP_NEGATIVE_REGULATION_OF_VASCULAR_ENDOTHELIAL_GROWTH_FACTOR_PRODUCTION	-0.00623				NOT_TESTABLE_SIGMA_UNFIT
usz-LC1	USZ	GOBP_REGULATION_OF_INTEGRIN_MEDIATED_SIGNALING_PATHWAY	0.000666				NOT_TESTABLE_SIGMA_UNFIT
usz-LC1	USZ	GOBP_COMPLEMENT_ACTIVATION_CLASSICAL_PATHWAY	0.004365	0.000278	0.2189	84.6	NOT_CALIBRATED
usz-LC1	USZ	GOBP_PEPTIDE_ANTIGEN_ASSEMBLY_WITH_MHC_PROTEIN_COMPLEX	-0.009141	-0.000289	0.9204	83.4	NOT_CALIBRATED
usz-LC1	USZ	GOBP_NEGATIVE_REGULATION_OF_REACTIVE_OXYGEN_SPECIES_BIOSYNTHETIC_PROCESS	-0.004808				NOT_TESTABLE_SIGMA_UNFIT
usz-LC1	USZ	GOBP_MRNA_5_SPLICE_SITE_RECOGNITION	0.00408				NOT_TESTABLE_SIGMA_UNFIT
usz-LC1	USZ	GOBP_RESPONSE_TO_INTERFERON_ALPHA	-0.000896				NOT_TESTABLE_SIGMA_UNFIT
usz-LC1	USZ	GOBP_POSITIVE_REGULATION_OF_VASCULAR_ASSOCIATED_SMOOTH_MUSCLE_CELL_MIGRATION	0.001934				NOT_TESTABLE_SIGMA_UNFIT
usz-LC1	USZ	GOBP_NEGATIVE_REGULATION_OF_EXTRACELLULAR_MATRIX_ORGANIZATION	0.004974				NOT_TESTABLE_SIGMA_UNFIT
usz-LC1	USZ	GOBP_CELL_FATE_DETERMINATION	-0.003053				NOT_TESTABLE_SIGMA_UNFIT
usz-LC1	USZ	GOBP_HYPERSENSITIVITY	0.000536				NOT_TESTABLE_SIGMA_UNFIT
usz-LC1	USZ	GOBP_NEGATIVE_REGULATION_OF_BLOOD_VESSEL_ENDOTHELIAL_CELL_PROLIFERATION_INVOLVED_IN_SPROUTING_ANGIOGENESIS	0.001429				NOT_TESTABLE_SIGMA_UNFIT
usz-LC1	USZ	GOBP_PHYSIOLOGICAL_CARDIAC_MUSCLE_HYPERTROPHY	-0.000457				NOT_TESTABLE_SIGMA_UNFIT
usz-LC1	USZ	GOBP_INTEGRIN_MEDIATED_SIGNALING_PATHWAY	-0.000698	-0.00029	0.5572	147.2	NOT_CALIBRATED
usz-LC1	USZ	GOBP_RESPONSE_TO_PROSTAGLANDIN_E	0.001857				NOT_TESTABLE_SIGMA_UNFIT
usz-LC1	USZ	GOBP_CELL_ADHESION_MOLECULE_PRODUCTION	0.003				NOT_TESTABLE_SIGMA_UNFIT
usz-LC1	USZ	GOBP_POSITIVE_REGULATION_OF_RNA_SPLICING	0.002765	-3.8e-05	0.2587	83.1	NOT_CALIBRATED
usz-LC1	USZ	GOBP_DEFINITIVE_HEMOPOIESIS	0.001242				NOT_TESTABLE_SIGMA_UNFIT
usz-LC1	USZ	GOBP_PROTEIN_DEACETYLATION	0.00077				NOT_TESTABLE_SIGMA_UNFIT
usz-LC1	USZ	GOBP_CELL_JUNCTION_DISASSEMBLY	-0.000303				NOT_TESTABLE_SIGMA_UNFIT
usz-LC1	USZ	GOBP_REGULATION_OF_SYNAPTIC_VESICLE_ENDOCYTOSIS	-0.004496				NOT_TESTABLE_SIGMA_UNFIT
usz-LC1	USZ	GOBP_RESPONSE_TO_NITRIC_OXIDE	0.00028				NOT_TESTABLE_SIGMA_UNFIT
usz-LC1	USZ	GOBP_REGULATION_OF_CELL_GROWTH_INVOLVED_IN_CARDIAC_MUSCLE_CELL_DEVELOPMENT	0.00085				NOT_TESTABLE_SIGMA_UNFIT
usz-LC1	USZ	GOBP_INNERVATION	-0.000942				NOT_TESTABLE_SIGMA_UNFIT
usz-LC1	USZ	GOBP_RESPONSE_TO_ETHER	0.000675				NOT_TESTABLE_SIGMA_UNFIT
usz-LC1	USZ	GOBP_RESCUE_OF_STALLED_RIBOSOME	0.001134				NOT_TESTABLE_SIGMA_UNFIT
usz-LC1	USZ	GOBP_NEGATIVE_REGULATION_OF_MUSCLE_HYPERTROPHY	-0.000654				NOT_TESTABLE_SIGMA_UNFIT
usz-LC1	USZ	GOBP_NEURON_INTRINSIC_APOPTOTIC_SIGNALING_PATHWAY_IN_RESPONSE_TO_OXIDATIVE_STRESS	-0.001529				NOT_TESTABLE_SIGMA_UNFIT
usz-LC1	USZ	GOBP_POSITIVE_REGULATION_OF_T_CELL_MIGRATION	5.3e-05				NOT_TESTABLE_SIGMA_UNFIT
usz-LC1	USZ	GOBP_POSITIVE_REGULATION_OF_LEUKOCYTE_ADHESION_TO_VASCULAR_ENDOTHELIAL_CELL	-0.001447				NOT_TESTABLE_SIGMA_UNFIT
usz-LC1	USZ	CTRL_B_AXIS	0.001659				NOT_TESTABLE_SIGMA_UNFIT
usz-LC1	USZ	CTRL_MYC_V1	-0.001555	-0.000882	0.5821	247.7	NOT_CALIBRATED
usz-LC1	USZ	CTRL_RANDOM_32	0.002254				NOT_TESTABLE_SIGMA_UNFIT
usz-LC1	USZ	HALLMARK_INTERFERON_GAMMA_RESPONSE	0.0002	-7.2e-05	0.4876	88.4	NOT_CALIBRATED
usz-LC1	USZ	HALLMARK_INTERFERON_ALPHA_RESPONSE	0.001268				NOT_TESTABLE_SIGMA_UNFIT
usz-LC1	USZ	HALLMARK_G2M_CHECKPOINT	-0.000167	0.0001	0.5572	150.9	NOT_CALIBRATED
usz-LC1	USZ	HALLMARK_EPITHELIAL_MESENCHYMAL_TRANSITION	-0.000168	-0.000269	0.4876	149.0	NOT_CALIBRATED
usz-LC1	USZ	GENE_CXCL13	-0.005505				NOT_TESTABLE_SIGMA_UNFIT
usz-LC1	USZ	GENE_CCL19	0.002096				NOT_TESTABLE_SIGMA_UNFIT
usz-LC1	USZ	GENE_CCL21	-0.004547				NOT_TESTABLE_SIGMA_UNFIT
usz-LC1	USZ	GENE_LTB	-0.017444				NOT_TESTABLE_SIGMA_UNFIT
usz-LC1	USZ	GENE_CD74	-0.039597				NOT_TESTABLE_SIGMA_UNFIT
usz-LC1	USZ	GENE_HLA_DRA	-0.015229				NOT_TESTABLE_SIGMA_UNFIT
usz-LC1	USZ	GENE_IFNG	-0.013177				NOT_TESTABLE_SIGMA_UNFIT
usz-LC1	USZ	GENE_CXCL9	-0.006241				NOT_TESTABLE_SIGMA_UNFIT
usz-LC1	USZ	GENE_GZMB	0.007887				NOT_TESTABLE_SIGMA_UNFIT
usz-LC1	USZ	GENE_CD8A	-0.024299				NOT_TESTABLE_SIGMA_UNFIT
usz-LC1	USZ	GENE_MKI67	-0.005904				NOT_TESTABLE_SIGMA_UNFIT
usz-LC1	USZ	GENE_COL1A1	0.003265				NOT_TESTABLE_SIGMA_UNFIT
usz-LC2	USZ	GOBP_NEGATIVE_REGULATION_OF_VASCULAR_ENDOTHELIAL_GROWTH_FACTOR_PRODUCTION	0.014035				NOT_TESTABLE_SIGMA_UNFIT
usz-LC2	USZ	GOBP_REGULATION_OF_INTEGRIN_MEDIATED_SIGNALING_PATHWAY	-0.010133	0.000619	0.9502	96.5	NOT_CALIBRATED
usz-LC2	USZ	GOBP_COMPLEMENT_ACTIVATION_CLASSICAL_PATHWAY	0.005729	-0.000901	0.1493	94.1	NOT_CALIBRATED
usz-LC2	USZ	GOBP_PEPTIDE_ANTIGEN_ASSEMBLY_WITH_MHC_PROTEIN_COMPLEX	0.004245	0.000171	0.2935	92.1	NOT_CALIBRATED
usz-LC2	USZ	GOBP_NEGATIVE_REGULATION_OF_REACTIVE_OXYGEN_SPECIES_BIOSYNTHETIC_PROCESS	-0.000739	-0.000826	0.4925	157.5	NOT_CALIBRATED
usz-LC2	USZ	GOBP_MRNA_5_SPLICE_SITE_RECOGNITION	0.007663	-0.000243	0.2935	88.6	NOT_CALIBRATED
usz-LC2	USZ	GOBP_RESPONSE_TO_INTERFERON_ALPHA	-0.005086	9e-05	0.6866	149.4	NOT_CALIBRATED
usz-LC2	USZ	GOBP_POSITIVE_REGULATION_OF_VASCULAR_ASSOCIATED_SMOOTH_MUSCLE_CELL_MIGRATION	0.002717	-0.000918	0.3234	83.4	NOT_CALIBRATED
usz-LC2	USZ	GOBP_NEGATIVE_REGULATION_OF_EXTRACELLULAR_MATRIX_ORGANIZATION	-0.010926				NOT_TESTABLE_SIGMA_UNFIT
usz-LC2	USZ	GOBP_CELL_FATE_DETERMINATION	-0.003643	0.000113	0.8856	90.1	NOT_CALIBRATED
usz-LC2	USZ	GOBP_HYPERSENSITIVITY	0.000239				NOT_TESTABLE_SIGMA_UNFIT
usz-LC2	USZ	GOBP_NEGATIVE_REGULATION_OF_BLOOD_VESSEL_ENDOTHELIAL_CELL_PROLIFERATION_INVOLVED_IN_SPROUTING_ANGIOGENESIS	-0.000335				NOT_TESTABLE_SIGMA_UNFIT
usz-LC2	USZ	GOBP_PHYSIOLOGICAL_CARDIAC_MUSCLE_HYPERTROPHY	-0.002557				NOT_TESTABLE_SIGMA_UNFIT
usz-LC2	USZ	GOBP_INTEGRIN_MEDIATED_SIGNALING_PATHWAY	-0.005493	-0.000125	0.8905	170.5	NOT_CALIBRATED
usz-LC2	USZ	GOBP_RESPONSE_TO_PROSTAGLANDIN_E	-0.005811	-0.00105	0.8458	146.1	NOT_CALIBRATED
usz-LC2	USZ	GOBP_CELL_ADHESION_MOLECULE_PRODUCTION	-0.001954				NOT_TESTABLE_SIGMA_UNFIT
usz-LC2	USZ	GOBP_POSITIVE_REGULATION_OF_RNA_SPLICING	0.000131	0.000146	0.5025	233.6	NOT_CALIBRATED
usz-LC2	USZ	GOBP_DEFINITIVE_HEMOPOIESIS	-0.002695				NOT_TESTABLE_SIGMA_UNFIT
usz-LC2	USZ	GOBP_PROTEIN_DEACETYLATION	-0.000603				NOT_TESTABLE_SIGMA_UNFIT
usz-LC2	USZ	GOBP_CELL_JUNCTION_DISASSEMBLY	0.003881	-0.000192	0.1493	81.7	NOT_CALIBRATED
usz-LC2	USZ	GOBP_REGULATION_OF_SYNAPTIC_VESICLE_ENDOCYTOSIS	-0.000269	-0.000494	0.4975	150.2	NOT_CALIBRATED
usz-LC2	USZ	GOBP_RESPONSE_TO_NITRIC_OXIDE	-0.002246	-0.000395	0.6418	85.9	NOT_CALIBRATED
usz-LC2	USZ	GOBP_REGULATION_OF_CELL_GROWTH_INVOLVED_IN_CARDIAC_MUSCLE_CELL_DEVELOPMENT	0.001278				NOT_TESTABLE_SIGMA_UNFIT
usz-LC2	USZ	GOBP_INNERVATION	0.000259				NOT_TESTABLE_SIGMA_UNFIT
usz-LC2	USZ	GOBP_RESPONSE_TO_ETHER	-0.001634	-0.000581	0.5771	150.7	NOT_CALIBRATED
usz-LC2	USZ	GOBP_RESCUE_OF_STALLED_RIBOSOME	0.004748				NOT_TESTABLE_SIGMA_UNFIT
usz-LC2	USZ	GOBP_NEGATIVE_REGULATION_OF_MUSCLE_HYPERTROPHY	-0.004088	2.3e-05	0.8856	85.5	NOT_CALIBRATED
usz-LC2	USZ	GOBP_NEURON_INTRINSIC_APOPTOTIC_SIGNALING_PATHWAY_IN_RESPONSE_TO_OXIDATIVE_STRESS	-0.002511	0.000122	0.597	229.8	NOT_CALIBRATED
usz-LC2	USZ	GOBP_POSITIVE_REGULATION_OF_T_CELL_MIGRATION	-0.000807	-0.000909	0.4975	161.0	NOT_CALIBRATED
usz-LC2	USZ	GOBP_POSITIVE_REGULATION_OF_LEUKOCYTE_ADHESION_TO_VASCULAR_ENDOTHELIAL_CELL	-0.004302	0.000594	0.7313	153.0	NOT_CALIBRATED
usz-LC2	USZ	CTRL_B_AXIS	0.001191				NOT_TESTABLE_SIGMA_UNFIT
usz-LC2	USZ	CTRL_MYC_V1	-0.005658	2.5e-05	0.6766	294.8	NOT_CALIBRATED
usz-LC2	USZ	CTRL_RANDOM_32	0.001393				NOT_TESTABLE_SIGMA_UNFIT
usz-LC2	USZ	HALLMARK_INTERFERON_GAMMA_RESPONSE	0.00107	-0.000603	0.3284	152.9	NOT_CALIBRATED
usz-LC2	USZ	HALLMARK_INTERFERON_ALPHA_RESPONSE	0.001744	-0.000331	0.3284	161.3	NOT_CALIBRATED
usz-LC2	USZ	HALLMARK_G2M_CHECKPOINT	-0.000916	0.000403	0.6318	252.0	NOT_CALIBRATED
usz-LC2	USZ	HALLMARK_EPITHELIAL_MESENCHYMAL_TRANSITION	-0.011027	0.000603	0.9652	182.3	NOT_CALIBRATED
usz-LC2	USZ	GENE_CXCL13	-0.003892				NOT_TESTABLE_SIGMA_UNFIT
usz-LC2	USZ	GENE_CCL19	0.006497	-0.000877	0.2189	85.3	NOT_CALIBRATED
usz-LC2	USZ	GENE_CCL21	0.00946				NOT_TESTABLE_SIGMA_UNFIT
usz-LC2	USZ	GENE_LTB	0.003929	-0.003847	0.3632	98.6	NOT_CALIBRATED
usz-LC2	USZ	GENE_CD74	-0.054249	0.000503	0.9353	90.0	NOT_CALIBRATED
usz-LC2	USZ	GENE_HLA_DRA	-0.004364				NOT_TESTABLE_SIGMA_UNFIT
usz-LC2	USZ	GENE_IFNG	0.0				NOT_TESTABLE_SIGMA_UNFIT
usz-LC2	USZ	GENE_CXCL9	0.019078				NOT_TESTABLE_SIGMA_UNFIT
usz-LC2	USZ	GENE_GZMB	0.003852				NOT_TESTABLE_SIGMA_UNFIT
usz-LC2	USZ	GENE_CD8A	0.000435				NOT_TESTABLE_SIGMA_UNFIT
usz-LC2	USZ	GENE_MKI67	-0.000162				NOT_TESTABLE_SIGMA_UNFIT
usz-LC2	USZ	GENE_COL1A1	-0.029789	0.006786	0.6766	164.2	NOT_CALIBRATED
usz-LC3	USZ	GOBP_NEGATIVE_REGULATION_OF_VASCULAR_ENDOTHELIAL_GROWTH_FACTOR_PRODUCTION	0.016028				NOT_TESTABLE_SIGMA_UNFIT
usz-LC3	USZ	GOBP_REGULATION_OF_INTEGRIN_MEDIATED_SIGNALING_PATHWAY	0.013097	-0.000636	0.0547	91.2	NOT_CALIBRATED
usz-LC3	USZ	GOBP_COMPLEMENT_ACTIVATION_CLASSICAL_PATHWAY	0.007623	-0.000321	0.209	150.9	NOT_CALIBRATED
usz-LC3	USZ	GOBP_PEPTIDE_ANTIGEN_ASSEMBLY_WITH_MHC_PROTEIN_COMPLEX	0.013771	-0.001412	0.209	156.9	NOT_CALIBRATED
usz-LC3	USZ	GOBP_NEGATIVE_REGULATION_OF_REACTIVE_OXYGEN_SPECIES_BIOSYNTHETIC_PROCESS	0.00357				NOT_TESTABLE_SIGMA_UNFIT
usz-LC3	USZ	GOBP_MRNA_5_SPLICE_SITE_RECOGNITION	-0.007048				NOT_TESTABLE_SIGMA_UNFIT
usz-LC3	USZ	GOBP_RESPONSE_TO_INTERFERON_ALPHA	0.014758				NOT_TESTABLE_SIGMA_UNFIT
usz-LC3	USZ	GOBP_POSITIVE_REGULATION_OF_VASCULAR_ASSOCIATED_SMOOTH_MUSCLE_CELL_MIGRATION	-0.00303				NOT_TESTABLE_SIGMA_UNFIT
usz-LC3	USZ	GOBP_NEGATIVE_REGULATION_OF_EXTRACELLULAR_MATRIX_ORGANIZATION	3.1e-05	0.002001	0.5871	83.5	NOT_CALIBRATED
usz-LC3	USZ	GOBP_CELL_FATE_DETERMINATION	0.002934				NOT_TESTABLE_SIGMA_UNFIT
usz-LC3	USZ	GOBP_HYPERSENSITIVITY	0.008169				NOT_TESTABLE_SIGMA_UNFIT
usz-LC3	USZ	GOBP_NEGATIVE_REGULATION_OF_BLOOD_VESSEL_ENDOTHELIAL_CELL_PROLIFERATION_INVOLVED_IN_SPROUTING_ANGIOGENESIS	0.0047				NOT_TESTABLE_SIGMA_UNFIT
usz-LC3	USZ	GOBP_PHYSIOLOGICAL_CARDIAC_MUSCLE_HYPERTROPHY	0.001256	0.000402	0.4179	81.9	NOT_CALIBRATED
usz-LC3	USZ	GOBP_INTEGRIN_MEDIATED_SIGNALING_PATHWAY	0.006061	-0.000144	0.1592	225.2	NOT_CALIBRATED
usz-LC3	USZ	GOBP_RESPONSE_TO_PROSTAGLANDIN_E	0.003537				NOT_TESTABLE_SIGMA_UNFIT
usz-LC3	USZ	GOBP_CELL_ADHESION_MOLECULE_PRODUCTION	-0.007839				NOT_TESTABLE_SIGMA_UNFIT
usz-LC3	USZ	GOBP_POSITIVE_REGULATION_OF_RNA_SPLICING	0.004241				NOT_TESTABLE_SIGMA_UNFIT
usz-LC3	USZ	GOBP_DEFINITIVE_HEMOPOIESIS	-0.001507				NOT_TESTABLE_SIGMA_UNFIT
usz-LC3	USZ	GOBP_PROTEIN_DEACETYLATION	0.007639				NOT_TESTABLE_SIGMA_UNFIT
usz-LC3	USZ	GOBP_CELL_JUNCTION_DISASSEMBLY	0.006849	-0.000223	0.0796	81.8	NOT_CALIBRATED
usz-LC3	USZ	GOBP_REGULATION_OF_SYNAPTIC_VESICLE_ENDOCYTOSIS	0.006417	-0.000802	0.194	83.9	NOT_CALIBRATED
usz-LC3	USZ	GOBP_RESPONSE_TO_NITRIC_OXIDE	0.001029				NOT_TESTABLE_SIGMA_UNFIT
usz-LC3	USZ	GOBP_REGULATION_OF_CELL_GROWTH_INVOLVED_IN_CARDIAC_MUSCLE_CELL_DEVELOPMENT	0.002977	0.000622	0.3731	82.1	NOT_CALIBRATED
usz-LC3	USZ	GOBP_INNERVATION	0.00058				NOT_TESTABLE_SIGMA_UNFIT
usz-LC3	USZ	GOBP_RESPONSE_TO_ETHER	-0.000157				NOT_TESTABLE_SIGMA_UNFIT
usz-LC3	USZ	GOBP_RESCUE_OF_STALLED_RIBOSOME	0.000967				NOT_TESTABLE_SIGMA_UNFIT
usz-LC3	USZ	GOBP_NEGATIVE_REGULATION_OF_MUSCLE_HYPERTROPHY	-0.001155				NOT_TESTABLE_SIGMA_UNFIT
usz-LC3	USZ	GOBP_NEURON_INTRINSIC_APOPTOTIC_SIGNALING_PATHWAY_IN_RESPONSE_TO_OXIDATIVE_STRESS	0.007827	-0.000621	0.1841	86.4	NOT_CALIBRATED
usz-LC3	USZ	GOBP_POSITIVE_REGULATION_OF_T_CELL_MIGRATION	-8.2e-05				NOT_TESTABLE_SIGMA_UNFIT
usz-LC3	USZ	GOBP_POSITIVE_REGULATION_OF_LEUKOCYTE_ADHESION_TO_VASCULAR_ENDOTHELIAL_CELL	0.00273				NOT_TESTABLE_SIGMA_UNFIT
usz-LC3	USZ	CTRL_B_AXIS	0.001874				NOT_TESTABLE_SIGMA_UNFIT
usz-LC3	USZ	CTRL_MYC_V1	0.011693	-0.000505	0.0149	157.2	NOT_CALIBRATED
usz-LC3	USZ	CTRL_RANDOM_32	0.002462				NOT_TESTABLE_SIGMA_UNFIT
usz-LC3	USZ	HALLMARK_INTERFERON_GAMMA_RESPONSE	0.004048	-8.3e-05	0.0896	90.0	NOT_CALIBRATED
usz-LC3	USZ	HALLMARK_INTERFERON_ALPHA_RESPONSE	0.00656	-0.000276	0.0299	83.2	NOT_CALIBRATED
usz-LC3	USZ	HALLMARK_G2M_CHECKPOINT	0.003247				NOT_TESTABLE_SIGMA_UNFIT
usz-LC3	USZ	HALLMARK_EPITHELIAL_MESENCHYMAL_TRANSITION	0.011144	-0.00024	0.1542	240.4	NOT_CALIBRATED
usz-LC3	USZ	GENE_CXCL13	0.003849				NOT_TESTABLE_SIGMA_UNFIT
usz-LC3	USZ	GENE_CCL19	-0.004815				NOT_TESTABLE_SIGMA_UNFIT
usz-LC3	USZ	GENE_CCL21	-0.019798				NOT_TESTABLE_SIGMA_UNFIT
usz-LC3	USZ	GENE_LTB	-0.001803	0.002876	0.5323	80.4	NOT_CALIBRATED
usz-LC3	USZ	GENE_CD74	0.061673				NOT_TESTABLE_SIGMA_UNFIT
usz-LC3	USZ	GENE_HLA_DRA	0.008532				NOT_TESTABLE_SIGMA_UNFIT
usz-LC3	USZ	GENE_IFNG	0.003396				NOT_TESTABLE_SIGMA_UNFIT
usz-LC3	USZ	GENE_CXCL9	0.012171				NOT_TESTABLE_SIGMA_UNFIT
usz-LC3	USZ	GENE_GZMB	0.01156				NOT_TESTABLE_SIGMA_UNFIT
usz-LC3	USZ	GENE_CD8A	0.023687				NOT_TESTABLE_SIGMA_UNFIT
usz-LC3	USZ	GENE_MKI67	-0.005943				NOT_TESTABLE_SIGMA_UNFIT
usz-LC3	USZ	GENE_COL1A1	0.0392	0.00898	0.2488	86.2	NOT_CALIBRATED
usz-LC4	USZ	GOBP_NEGATIVE_REGULATION_OF_VASCULAR_ENDOTHELIAL_GROWTH_FACTOR_PRODUCTION	0.021224				NOT_TESTABLE_SIGMA_UNFIT
usz-LC4	USZ	GOBP_REGULATION_OF_INTEGRIN_MEDIATED_SIGNALING_PATHWAY	-0.003306				NOT_TESTABLE_SIGMA_UNFIT
usz-LC4	USZ	GOBP_COMPLEMENT_ACTIVATION_CLASSICAL_PATHWAY	0.003965	-2.3e-05	0.2836	83.2	NOT_CALIBRATED
usz-LC4	USZ	GOBP_PEPTIDE_ANTIGEN_ASSEMBLY_WITH_MHC_PROTEIN_COMPLEX	0.005721				NOT_TESTABLE_SIGMA_UNFIT
usz-LC4	USZ	GOBP_NEGATIVE_REGULATION_OF_REACTIVE_OXYGEN_SPECIES_BIOSYNTHETIC_PROCESS	-0.003959				NOT_TESTABLE_SIGMA_UNFIT
usz-LC4	USZ	GOBP_MRNA_5_SPLICE_SITE_RECOGNITION	-0.001246				NOT_TESTABLE_SIGMA_UNFIT
usz-LC4	USZ	GOBP_RESPONSE_TO_INTERFERON_ALPHA	-0.001029				NOT_TESTABLE_SIGMA_UNFIT
usz-LC4	USZ	GOBP_POSITIVE_REGULATION_OF_VASCULAR_ASSOCIATED_SMOOTH_MUSCLE_CELL_MIGRATION	0.00188				NOT_TESTABLE_SIGMA_UNFIT
usz-LC4	USZ	GOBP_NEGATIVE_REGULATION_OF_EXTRACELLULAR_MATRIX_ORGANIZATION	-0.003534				NOT_TESTABLE_SIGMA_UNFIT
usz-LC4	USZ	GOBP_CELL_FATE_DETERMINATION	-0.002859				NOT_TESTABLE_SIGMA_UNFIT
usz-LC4	USZ	GOBP_HYPERSENSITIVITY	-0.000865				NOT_TESTABLE_SIGMA_UNFIT
usz-LC4	USZ	GOBP_NEGATIVE_REGULATION_OF_BLOOD_VESSEL_ENDOTHELIAL_CELL_PROLIFERATION_INVOLVED_IN_SPROUTING_ANGIOGENESIS	-0.008558				NOT_TESTABLE_SIGMA_UNFIT
usz-LC4	USZ	GOBP_PHYSIOLOGICAL_CARDIAC_MUSCLE_HYPERTROPHY	-0.003078				NOT_TESTABLE_SIGMA_UNFIT
usz-LC4	USZ	GOBP_INTEGRIN_MEDIATED_SIGNALING_PATHWAY	-0.003225	0.000302	0.9005	84.2	NOT_CALIBRATED
usz-LC4	USZ	GOBP_RESPONSE_TO_PROSTAGLANDIN_E	-0.000605				NOT_TESTABLE_SIGMA_UNFIT
usz-LC4	USZ	GOBP_CELL_ADHESION_MOLECULE_PRODUCTION	0.004676				NOT_TESTABLE_SIGMA_UNFIT
usz-LC4	USZ	GOBP_POSITIVE_REGULATION_OF_RNA_SPLICING	0.004775				NOT_TESTABLE_SIGMA_UNFIT
usz-LC4	USZ	GOBP_DEFINITIVE_HEMOPOIESIS	0.000829				NOT_TESTABLE_SIGMA_UNFIT
usz-LC4	USZ	GOBP_PROTEIN_DEACETYLATION	0.001228				NOT_TESTABLE_SIGMA_UNFIT
usz-LC4	USZ	GOBP_CELL_JUNCTION_DISASSEMBLY	0.002053				NOT_TESTABLE_SIGMA_UNFIT
usz-LC4	USZ	GOBP_REGULATION_OF_SYNAPTIC_VESICLE_ENDOCYTOSIS	0.005345				NOT_TESTABLE_SIGMA_UNFIT
usz-LC4	USZ	GOBP_RESPONSE_TO_NITRIC_OXIDE	-0.001616				NOT_TESTABLE_SIGMA_UNFIT
usz-LC4	USZ	GOBP_REGULATION_OF_CELL_GROWTH_INVOLVED_IN_CARDIAC_MUSCLE_CELL_DEVELOPMENT	-0.002471				NOT_TESTABLE_SIGMA_UNFIT
usz-LC4	USZ	GOBP_INNERVATION	0.000462				NOT_TESTABLE_SIGMA_UNFIT
usz-LC4	USZ	GOBP_RESPONSE_TO_ETHER	0.005706				NOT_TESTABLE_SIGMA_UNFIT
usz-LC4	USZ	GOBP_RESCUE_OF_STALLED_RIBOSOME	-0.003449				NOT_TESTABLE_SIGMA_UNFIT
usz-LC4	USZ	GOBP_NEGATIVE_REGULATION_OF_MUSCLE_HYPERTROPHY	0.001361				NOT_TESTABLE_SIGMA_UNFIT
usz-LC4	USZ	GOBP_NEURON_INTRINSIC_APOPTOTIC_SIGNALING_PATHWAY_IN_RESPONSE_TO_OXIDATIVE_STRESS	-0.001594				NOT_TESTABLE_SIGMA_UNFIT
usz-LC4	USZ	GOBP_POSITIVE_REGULATION_OF_T_CELL_MIGRATION	-0.004078				NOT_TESTABLE_SIGMA_UNFIT
usz-LC4	USZ	GOBP_POSITIVE_REGULATION_OF_LEUKOCYTE_ADHESION_TO_VASCULAR_ENDOTHELIAL_CELL	-0.00407				NOT_TESTABLE_SIGMA_UNFIT
usz-LC4	USZ	CTRL_B_AXIS	0.001947				NOT_TESTABLE_SIGMA_UNFIT
usz-LC4	USZ	CTRL_MYC_V1	0.001391	0.000761	0.4726	94.6	NOT_CALIBRATED
usz-LC4	USZ	CTRL_RANDOM_32	-0.001525				NOT_TESTABLE_SIGMA_UNFIT
usz-LC4	USZ	HALLMARK_INTERFERON_GAMMA_RESPONSE	-0.001023				NOT_TESTABLE_SIGMA_UNFIT
usz-LC4	USZ	HALLMARK_INTERFERON_ALPHA_RESPONSE	-0.00103				NOT_TESTABLE_SIGMA_UNFIT
usz-LC4	USZ	HALLMARK_G2M_CHECKPOINT	0.001003				NOT_TESTABLE_SIGMA_UNFIT
usz-LC4	USZ	HALLMARK_EPITHELIAL_MESENCHYMAL_TRANSITION	-0.005795	-0.000202	0.9403	103.6	NOT_CALIBRATED
usz-LC4	USZ	GENE_CXCL13	0.000581				NOT_TESTABLE_SIGMA_UNFIT
usz-LC4	USZ	GENE_CCL19	-0.009267				NOT_TESTABLE_SIGMA_UNFIT
usz-LC4	USZ	GENE_CCL21	-0.007497				NOT_TESTABLE_SIGMA_UNFIT
usz-LC4	USZ	GENE_LTB	0.02047				NOT_TESTABLE_SIGMA_UNFIT
usz-LC4	USZ	GENE_CD74	0.045425				NOT_TESTABLE_SIGMA_UNFIT
usz-LC4	USZ	GENE_HLA_DRA	0.050723				NOT_TESTABLE_SIGMA_UNFIT
usz-LC4	USZ	GENE_IFNG	0.009765				NOT_TESTABLE_SIGMA_UNFIT
usz-LC4	USZ	GENE_CXCL9	0.002462				NOT_TESTABLE_SIGMA_UNFIT
usz-LC4	USZ	GENE_GZMB	0.022691				NOT_TESTABLE_SIGMA_UNFIT
usz-LC4	USZ	GENE_CD8A	-0.010375				NOT_TESTABLE_SIGMA_UNFIT
usz-LC4	USZ	GENE_MKI67	0.00328				NOT_TESTABLE_SIGMA_UNFIT
usz-LC4	USZ	GENE_COL1A1	-0.018543	-0.007177	0.5871	82.1	NOT_CALIBRATED
usz-LC5	USZ	GOBP_NEGATIVE_REGULATION_OF_VASCULAR_ENDOTHELIAL_GROWTH_FACTOR_PRODUCTION	-0.001702				NOT_TESTABLE_SIGMA_UNFIT
usz-LC5	USZ	GOBP_REGULATION_OF_INTEGRIN_MEDIATED_SIGNALING_PATHWAY	-0.003098	0.000349	0.6667	90.6	NOT_CALIBRATED
usz-LC5	USZ	GOBP_COMPLEMENT_ACTIVATION_CLASSICAL_PATHWAY	0.00557	0.000518	0.3433	150.8	NOT_CALIBRATED
usz-LC5	USZ	GOBP_PEPTIDE_ANTIGEN_ASSEMBLY_WITH_MHC_PROTEIN_COMPLEX	0.009458	-0.001304	0.3035	102.8	NOT_CALIBRATED
usz-LC5	USZ	GOBP_NEGATIVE_REGULATION_OF_REACTIVE_OXYGEN_SPECIES_BIOSYNTHETIC_PROCESS	0.004057	0.000585	0.3532	96.4	NOT_CALIBRATED
usz-LC5	USZ	GOBP_MRNA_5_SPLICE_SITE_RECOGNITION	0.006127				NOT_TESTABLE_SIGMA_UNFIT
usz-LC5	USZ	GOBP_RESPONSE_TO_INTERFERON_ALPHA	-0.000821	-0.000287	0.5423	90.7	NOT_CALIBRATED
usz-LC5	USZ	GOBP_POSITIVE_REGULATION_OF_VASCULAR_ASSOCIATED_SMOOTH_MUSCLE_CELL_MIGRATION	0.002268				NOT_TESTABLE_SIGMA_UNFIT
usz-LC5	USZ	GOBP_NEGATIVE_REGULATION_OF_EXTRACELLULAR_MATRIX_ORGANIZATION	0.005468	-0.00032	0.2736	85.3	NOT_CALIBRATED
usz-LC5	USZ	GOBP_CELL_FATE_DETERMINATION	0.002074				NOT_TESTABLE_SIGMA_UNFIT
usz-LC5	USZ	GOBP_HYPERSENSITIVITY	-0.002908	0.000613	0.6418	91.1	NOT_CALIBRATED
usz-LC5	USZ	GOBP_NEGATIVE_REGULATION_OF_BLOOD_VESSEL_ENDOTHELIAL_CELL_PROLIFERATION_INVOLVED_IN_SPROUTING_ANGIOGENESIS	0.003737				NOT_TESTABLE_SIGMA_UNFIT
usz-LC5	USZ	GOBP_PHYSIOLOGICAL_CARDIAC_MUSCLE_HYPERTROPHY	0.002573				NOT_TESTABLE_SIGMA_UNFIT
usz-LC5	USZ	GOBP_INTEGRIN_MEDIATED_SIGNALING_PATHWAY	-0.00085	0.000341	0.607	96.4	NOT_CALIBRATED
usz-LC5	USZ	GOBP_RESPONSE_TO_PROSTAGLANDIN_E	-0.002671				NOT_TESTABLE_SIGMA_UNFIT
usz-LC5	USZ	GOBP_CELL_ADHESION_MOLECULE_PRODUCTION	-0.009777				NOT_TESTABLE_SIGMA_UNFIT
usz-LC5	USZ	GOBP_POSITIVE_REGULATION_OF_RNA_SPLICING	-0.001835	-0.00035	0.5771	151.0	NOT_CALIBRATED
usz-LC5	USZ	GOBP_DEFINITIVE_HEMOPOIESIS	0.001682				NOT_TESTABLE_SIGMA_UNFIT
usz-LC5	USZ	GOBP_PROTEIN_DEACETYLATION	-0.002245				NOT_TESTABLE_SIGMA_UNFIT
usz-LC5	USZ	GOBP_CELL_JUNCTION_DISASSEMBLY	0.010405	8.3e-05	0.0647	94.2	NOT_CALIBRATED
usz-LC5	USZ	GOBP_REGULATION_OF_SYNAPTIC_VESICLE_ENDOCYTOSIS	-0.002721	-0.001199	0.5821	92.3	NOT_CALIBRATED
usz-LC5	USZ	GOBP_RESPONSE_TO_NITRIC_OXIDE	-0.002832				NOT_TESTABLE_SIGMA_UNFIT
usz-LC5	USZ	GOBP_REGULATION_OF_CELL_GROWTH_INVOLVED_IN_CARDIAC_MUSCLE_CELL_DEVELOPMENT	0.002949				NOT_TESTABLE_SIGMA_UNFIT
usz-LC5	USZ	GOBP_INNERVATION	-0.000564				NOT_TESTABLE_SIGMA_UNFIT
usz-LC5	USZ	GOBP_RESPONSE_TO_ETHER	-0.005781				NOT_TESTABLE_SIGMA_UNFIT
usz-LC5	USZ	GOBP_RESCUE_OF_STALLED_RIBOSOME	0.001658				NOT_TESTABLE_SIGMA_UNFIT
usz-LC5	USZ	GOBP_NEGATIVE_REGULATION_OF_MUSCLE_HYPERTROPHY	-0.001852	-0.00033	0.5871	84.5	NOT_CALIBRATED
usz-LC5	USZ	GOBP_NEURON_INTRINSIC_APOPTOTIC_SIGNALING_PATHWAY_IN_RESPONSE_TO_OXIDATIVE_STRESS	0.005788	0.000752	0.3184	94.9	NOT_CALIBRATED
usz-LC5	USZ	GOBP_POSITIVE_REGULATION_OF_T_CELL_MIGRATION	-0.001085	0.000195	0.5771	81.5	NOT_CALIBRATED
usz-LC5	USZ	GOBP_POSITIVE_REGULATION_OF_LEUKOCYTE_ADHESION_TO_VASCULAR_ENDOTHELIAL_CELL	0.003295	-0.000474	0.3284	86.4	NOT_CALIBRATED
usz-LC5	USZ	CTRL_B_AXIS	0.004789				NOT_TESTABLE_SIGMA_UNFIT
usz-LC5	USZ	CTRL_MYC_V1	-0.00631	-0.000598	0.7463	171.5	NOT_CALIBRATED
usz-LC5	USZ	CTRL_RANDOM_32	-0.005552				NOT_TESTABLE_SIGMA_UNFIT
usz-LC5	USZ	HALLMARK_INTERFERON_GAMMA_RESPONSE	-0.004138	0.000425	0.8856	99.1	NOT_CALIBRATED
usz-LC5	USZ	HALLMARK_INTERFERON_ALPHA_RESPONSE	-0.004249	-0.000172	0.7313	151.3	NOT_CALIBRATED
usz-LC5	USZ	HALLMARK_G2M_CHECKPOINT	-0.001606	1.5e-05	0.6866	148.5	NOT_CALIBRATED
usz-LC5	USZ	HALLMARK_EPITHELIAL_MESENCHYMAL_TRANSITION	0.002204	1.7e-05	0.393	97.1	NOT_CALIBRATED
usz-LC5	USZ	GENE_CXCL13	-0.002864				NOT_TESTABLE_SIGMA_UNFIT
usz-LC5	USZ	GENE_CCL19	-0.00777				NOT_TESTABLE_SIGMA_UNFIT
usz-LC5	USZ	GENE_CCL21	-0.004498				NOT_TESTABLE_SIGMA_UNFIT
usz-LC5	USZ	GENE_LTB	-0.029913				NOT_TESTABLE_SIGMA_UNFIT
usz-LC5	USZ	GENE_CD74	0.045271				NOT_TESTABLE_SIGMA_UNFIT
usz-LC5	USZ	GENE_HLA_DRA	-0.009346	0.008587	0.6468	85.5	NOT_CALIBRATED
usz-LC5	USZ	GENE_IFNG	-0.0				NOT_TESTABLE_SIGMA_UNFIT
usz-LC5	USZ	GENE_CXCL9	-0.012066				NOT_TESTABLE_SIGMA_UNFIT
usz-LC5	USZ	GENE_GZMB	-0.019091				NOT_TESTABLE_SIGMA_UNFIT
usz-LC5	USZ	GENE_CD8A	0.026305				NOT_TESTABLE_SIGMA_UNFIT
usz-LC5	USZ	GENE_MKI67	-0.01662				NOT_TESTABLE_SIGMA_UNFIT
usz-LC5	USZ	GENE_COL1A1	-0.003164	0.001058	0.5323	86.4	NOT_CALIBRATED
gse175540-GSM5924030_ffpe_c_2	GSE175540	GOBP_REGULATION_OF_INTEGRIN_MEDIATED_SIGNALING_PATHWAY	-0.004663	-0.00042	0.7015	87.1	NOT_CALIBRATED
gse175540-GSM5924030_ffpe_c_2	GSE175540	GOBP_COMPLEMENT_ACTIVATION_CLASSICAL_PATHWAY	0.01183	3.4e-05	0.1741	153.9	NOT_CALIBRATED
gse175540-GSM5924030_ffpe_c_2	GSE175540	GOBP_PEPTIDE_ANTIGEN_ASSEMBLY_WITH_MHC_PROTEIN_COMPLEX	-0.008636	-0.001048	0.6169	243.4	NOT_CALIBRATED
gse175540-GSM5924030_ffpe_c_2	GSE175540	GOBP_NEGATIVE_REGULATION_OF_REACTIVE_OXYGEN_SPECIES_BIOSYNTHETIC_PROCESS	0.002799	0.000844	0.408	87.0	NOT_CALIBRATED
gse175540-GSM5924030_ffpe_c_2	GSE175540	GOBP_MRNA_5_SPLICE_SITE_RECOGNITION	0.011753				NOT_TESTABLE_SIGMA_UNFIT
gse175540-GSM5924030_ffpe_c_2	GSE175540	GOBP_RESPONSE_TO_INTERFERON_ALPHA	-0.00779	-0.00113	0.806	88.1	NOT_CALIBRATED
gse175540-GSM5924030_ffpe_c_2	GSE175540	GOBP_POSITIVE_REGULATION_OF_VASCULAR_ASSOCIATED_SMOOTH_MUSCLE_CELL_MIGRATION	0.002787	0.000123	0.3582	84.1	NOT_CALIBRATED
gse175540-GSM5924030_ffpe_c_2	GSE175540	GOBP_NEGATIVE_REGULATION_OF_EXTRACELLULAR_MATRIX_ORGANIZATION	-0.009752	8.1e-05	0.8408	85.3	NOT_CALIBRATED
gse175540-GSM5924030_ffpe_c_2	GSE175540	GOBP_CELL_FATE_DETERMINATION	0.001035				NOT_TESTABLE_SIGMA_UNFIT
gse175540-GSM5924030_ffpe_c_2	GSE175540	GOBP_HYPERSENSITIVITY	-0.00604	-0.001039	0.6269	254.8	NOT_CALIBRATED
gse175540-GSM5924030_ffpe_c_2	GSE175540	GOBP_NEGATIVE_REGULATION_OF_BLOOD_VESSEL_ENDOTHELIAL_CELL_PROLIFERATION_INVOLVED_IN_SPROUTING_ANGIOGENESIS	0.009893	-0.00262	0.194	150.2	NOT_CALIBRATED
gse175540-GSM5924030_ffpe_c_2	GSE175540	GOBP_PHYSIOLOGICAL_CARDIAC_MUSCLE_HYPERTROPHY	-0.000152	-0.000687	0.4527	84.3	NOT_CALIBRATED
gse175540-GSM5924030_ffpe_c_2	GSE175540	GOBP_INTEGRIN_MEDIATED_SIGNALING_PATHWAY	-0.003392	0.000267	0.7463	101.4	NOT_CALIBRATED
gse175540-GSM5924030_ffpe_c_2	GSE175540	GOBP_RESPONSE_TO_PROSTAGLANDIN_E	-0.00408	0.000353	0.7861	82.6	NOT_CALIBRATED
gse175540-GSM5924030_ffpe_c_2	GSE175540	GOBP_CELL_ADHESION_MOLECULE_PRODUCTION	0.003057				NOT_TESTABLE_SIGMA_UNFIT
gse175540-GSM5924030_ffpe_c_2	GSE175540	GOBP_POSITIVE_REGULATION_OF_RNA_SPLICING	-0.006059	-0.001357	0.7662	92.3	NOT_CALIBRATED
gse175540-GSM5924030_ffpe_c_2	GSE175540	GOBP_DEFINITIVE_HEMOPOIESIS	0.001601				NOT_TESTABLE_SIGMA_UNFIT
gse175540-GSM5924030_ffpe_c_2	GSE175540	GOBP_PROTEIN_DEACETYLATION	-0.003509				NOT_TESTABLE_SIGMA_UNFIT
gse175540-GSM5924030_ffpe_c_2	GSE175540	GOBP_CELL_JUNCTION_DISASSEMBLY	0.000743	-0.000881	0.398	249.3	NOT_CALIBRATED
gse175540-GSM5924030_ffpe_c_2	GSE175540	GOBP_REGULATION_OF_SYNAPTIC_VESICLE_ENDOCYTOSIS	-0.006182	-3e-05	0.7164	151.9	NOT_CALIBRATED
gse175540-GSM5924030_ffpe_c_2	GSE175540	GOBP_RESPONSE_TO_NITRIC_OXIDE	-0.001364	0.000225	0.5522	221.9	NOT_CALIBRATED
gse175540-GSM5924030_ffpe_c_2	GSE175540	GOBP_REGULATION_OF_CELL_GROWTH_INVOLVED_IN_CARDIAC_MUSCLE_CELL_DEVELOPMENT	-0.000981	-0.000485	0.5522	85.1	NOT_CALIBRATED
gse175540-GSM5924030_ffpe_c_2	GSE175540	GOBP_INNERVATION	0.000471	-9e-06	0.4627	88.9	NOT_CALIBRATED
gse175540-GSM5924030_ffpe_c_2	GSE175540	GOBP_RESPONSE_TO_ETHER	0.003355	0.000424	0.3433	154.3	NOT_CALIBRATED
gse175540-GSM5924030_ffpe_c_2	GSE175540	GOBP_RESCUE_OF_STALLED_RIBOSOME	0.000328				NOT_TESTABLE_SIGMA_UNFIT
gse175540-GSM5924030_ffpe_c_2	GSE175540	GOBP_NEGATIVE_REGULATION_OF_MUSCLE_HYPERTROPHY	0.003731	-0.000111	0.2139	88.4	NOT_CALIBRATED
gse175540-GSM5924030_ffpe_c_2	GSE175540	GOBP_NEURON_INTRINSIC_APOPTOTIC_SIGNALING_PATHWAY_IN_RESPONSE_TO_OXIDATIVE_STRESS	0.001644	0.000421	0.4229	88.2	NOT_CALIBRATED
gse175540-GSM5924030_ffpe_c_2	GSE175540	GOBP_POSITIVE_REGULATION_OF_T_CELL_MIGRATION	-0.000865	-0.001314	0.4826	92.3	NOT_CALIBRATED
gse175540-GSM5924030_ffpe_c_2	GSE175540	GOBP_POSITIVE_REGULATION_OF_LEUKOCYTE_ADHESION_TO_VASCULAR_ENDOTHELIAL_CELL	-0.004889	0.000505	0.8358	81.9	NOT_CALIBRATED
gse175540-GSM5924030_ffpe_c_2	GSE175540	CTRL_B_AXIS	-0.00061				NOT_TESTABLE_SIGMA_UNFIT
gse175540-GSM5924030_ffpe_c_2	GSE175540	CTRL_MYC_V1	-0.001852	-0.000341	0.5821	231.7	NOT_CALIBRATED
gse175540-GSM5924030_ffpe_c_2	GSE175540	CTRL_RANDOM_32	0.004969				NOT_TESTABLE_SIGMA_UNFIT
gse175540-GSM5924030_ffpe_c_2	GSE175540	HALLMARK_INTERFERON_GAMMA_RESPONSE	-0.007035	-0.000179	0.8507	257.9	NOT_CALIBRATED
gse175540-GSM5924030_ffpe_c_2	GSE175540	HALLMARK_INTERFERON_ALPHA_RESPONSE	-0.006111	-0.000119	0.8358	234.9	NOT_CALIBRATED
gse175540-GSM5924030_ffpe_c_2	GSE175540	HALLMARK_G2M_CHECKPOINT	-0.001213				NOT_TESTABLE_SIGMA_UNFIT
gse175540-GSM5924030_ffpe_c_2	GSE175540	HALLMARK_EPITHELIAL_MESENCHYMAL_TRANSITION	-0.010296	-0.001556	0.7861	159.4	NOT_CALIBRATED
gse175540-GSM5924030_ffpe_c_2	GSE175540	GENE_CXCL13	-0.003825	-0.001564	0.5174	91.7	NOT_CALIBRATED
gse175540-GSM5924030_ffpe_c_2	GSE175540	GENE_CCL19	-0.049801	-0.003437	0.9303	94.2	NOT_CALIBRATED
gse175540-GSM5924030_ffpe_c_2	GSE175540	GENE_CCL21	-0.003878				NOT_TESTABLE_SIGMA_UNFIT
gse175540-GSM5924030_ffpe_c_2	GSE175540	GENE_LTB	0.004615	-0.001022	0.398	87.4	NOT_CALIBRATED
gse175540-GSM5924030_ffpe_c_2	GSE175540	GENE_CD74	-0.003336				NOT_TESTABLE_SIGMA_UNFIT
gse175540-GSM5924030_ffpe_c_2	GSE175540	GENE_HLA_DRA	-0.009032	0.002794	0.602	85.0	NOT_CALIBRATED
gse175540-GSM5924030_ffpe_c_2	GSE175540	GENE_IFNG	0.002875				NOT_TESTABLE_SIGMA_UNFIT
gse175540-GSM5924030_ffpe_c_2	GSE175540	GENE_CXCL9	-0.036645	-0.008727	0.7363	161.1	NOT_CALIBRATED
gse175540-GSM5924030_ffpe_c_2	GSE175540	GENE_GZMB	0.002516				NOT_TESTABLE_SIGMA_UNFIT
gse175540-GSM5924030_ffpe_c_2	GSE175540	GENE_CD8A	-0.006068				NOT_TESTABLE_SIGMA_UNFIT
gse175540-GSM5924030_ffpe_c_2	GSE175540	GENE_MKI67	-9.5e-05				NOT_TESTABLE_SIGMA_UNFIT
gse175540-GSM5924030_ffpe_c_2	GSE175540	GENE_COL1A1	-0.030171	-0.002251	0.6567	148.3	NOT_CALIBRATED
gse175540-GSM5924031_ffpe_c_3	GSE175540	GOBP_REGULATION_OF_INTEGRIN_MEDIATED_SIGNALING_PATHWAY	-0.005249	-0.000481	0.8259	88.7	NOT_CALIBRATED
gse175540-GSM5924031_ffpe_c_3	GSE175540	GOBP_COMPLEMENT_ACTIVATION_CLASSICAL_PATHWAY	0.006058	0.000359	0.199	234.1	NOT_CALIBRATED
gse175540-GSM5924031_ffpe_c_3	GSE175540	GOBP_PEPTIDE_ANTIGEN_ASSEMBLY_WITH_MHC_PROTEIN_COMPLEX	-0.01926	-0.001356	0.8955	247.8	NOT_CALIBRATED
gse175540-GSM5924031_ffpe_c_3	GSE175540	GOBP_NEGATIVE_REGULATION_OF_REACTIVE_OXYGEN_SPECIES_BIOSYNTHETIC_PROCESS	0.001506				NOT_TESTABLE_SIGMA_UNFIT
gse175540-GSM5924031_ffpe_c_3	GSE175540	GOBP_MRNA_5_SPLICE_SITE_RECOGNITION	0.008671				NOT_TESTABLE_SIGMA_UNFIT
gse175540-GSM5924031_ffpe_c_3	GSE175540	GOBP_RESPONSE_TO_INTERFERON_ALPHA	0.002589	-0.000403	0.3085	86.0	NOT_CALIBRATED
gse175540-GSM5924031_ffpe_c_3	GSE175540	GOBP_POSITIVE_REGULATION_OF_VASCULAR_ASSOCIATED_SMOOTH_MUSCLE_CELL_MIGRATION	0.00857	-0.000692	0.0498	86.5	NOT_CALIBRATED
gse175540-GSM5924031_ffpe_c_3	GSE175540	GOBP_NEGATIVE_REGULATION_OF_EXTRACELLULAR_MATRIX_ORGANIZATION	0.000108	0.000649	0.5174	90.5	NOT_CALIBRATED
gse175540-GSM5924031_ffpe_c_3	GSE175540	GOBP_CELL_FATE_DETERMINATION	-0.000193	0.000376	0.5871	144.4	NOT_CALIBRATED
gse175540-GSM5924031_ffpe_c_3	GSE175540	GOBP_HYPERSENSITIVITY	-0.009885	-0.000499	0.8756	159.5	NOT_CALIBRATED
gse175540-GSM5924031_ffpe_c_3	GSE175540	GOBP_NEGATIVE_REGULATION_OF_BLOOD_VESSEL_ENDOTHELIAL_CELL_PROLIFERATION_INVOLVED_IN_SPROUTING_ANGIOGENESIS	-0.002801	-0.000175	0.6219	95.2	NOT_CALIBRATED
gse175540-GSM5924031_ffpe_c_3	GSE175540	GOBP_PHYSIOLOGICAL_CARDIAC_MUSCLE_HYPERTROPHY	0.000828				NOT_TESTABLE_SIGMA_UNFIT
gse175540-GSM5924031_ffpe_c_3	GSE175540	GOBP_INTEGRIN_MEDIATED_SIGNALING_PATHWAY	-0.00504	-0.000118	0.9453	147.4	NOT_CALIBRATED
gse175540-GSM5924031_ffpe_c_3	GSE175540	GOBP_RESPONSE_TO_PROSTAGLANDIN_E	0.000918	6e-05	0.4129	86.7	NOT_CALIBRATED
gse175540-GSM5924031_ffpe_c_3	GSE175540	GOBP_CELL_ADHESION_MOLECULE_PRODUCTION	0.003082	-0.00082	0.3532	84.7	NOT_CALIBRATED
gse175540-GSM5924031_ffpe_c_3	GSE175540	GOBP_POSITIVE_REGULATION_OF_RNA_SPLICING	0.004417				NOT_TESTABLE_SIGMA_UNFIT
gse175540-GSM5924031_ffpe_c_3	GSE175540	GOBP_DEFINITIVE_HEMOPOIESIS	-0.001792	0.000267	0.6517	82.4	NOT_CALIBRATED
gse175540-GSM5924031_ffpe_c_3	GSE175540	GOBP_PROTEIN_DEACETYLATION	-0.000963				NOT_TESTABLE_SIGMA_UNFIT
gse175540-GSM5924031_ffpe_c_3	GSE175540	GOBP_CELL_JUNCTION_DISASSEMBLY	-0.002076	-0.000632	0.6866	153.8	NOT_CALIBRATED
gse175540-GSM5924031_ffpe_c_3	GSE175540	GOBP_REGULATION_OF_SYNAPTIC_VESICLE_ENDOCYTOSIS	-0.003158	-0.000128	0.7363	89.0	NOT_CALIBRATED
gse175540-GSM5924031_ffpe_c_3	GSE175540	GOBP_RESPONSE_TO_NITRIC_OXIDE	0.002101	-0.000537	0.3035	83.0	NOT_CALIBRATED
gse175540-GSM5924031_ffpe_c_3	GSE175540	GOBP_REGULATION_OF_CELL_GROWTH_INVOLVED_IN_CARDIAC_MUSCLE_CELL_DEVELOPMENT	-0.00093				NOT_TESTABLE_SIGMA_UNFIT
gse175540-GSM5924031_ffpe_c_3	GSE175540	GOBP_INNERVATION	0.000617	-0.000447	0.4179	84.2	NOT_CALIBRATED
gse175540-GSM5924031_ffpe_c_3	GSE175540	GOBP_RESPONSE_TO_ETHER	0.003006				NOT_TESTABLE_SIGMA_UNFIT
gse175540-GSM5924031_ffpe_c_3	GSE175540	GOBP_RESCUE_OF_STALLED_RIBOSOME	0.001467				NOT_TESTABLE_SIGMA_UNFIT
gse175540-GSM5924031_ffpe_c_3	GSE175540	GOBP_NEGATIVE_REGULATION_OF_MUSCLE_HYPERTROPHY	-0.001558	5e-05	0.6418	91.5	NOT_CALIBRATED
gse175540-GSM5924031_ffpe_c_3	GSE175540	GOBP_NEURON_INTRINSIC_APOPTOTIC_SIGNALING_PATHWAY_IN_RESPONSE_TO_OXIDATIVE_STRESS	-0.001242	-0.001189	0.5075	145.1	NOT_CALIBRATED
gse175540-GSM5924031_ffpe_c_3	GSE175540	GOBP_POSITIVE_REGULATION_OF_T_CELL_MIGRATION	-0.007764	0.000212	0.8856	165.0	NOT_CALIBRATED
gse175540-GSM5924031_ffpe_c_3	GSE175540	GOBP_POSITIVE_REGULATION_OF_LEUKOCYTE_ADHESION_TO_VASCULAR_ENDOTHELIAL_CELL	0.001046	-3.3e-05	0.3881	85.3	NOT_CALIBRATED
gse175540-GSM5924031_ffpe_c_3	GSE175540	CTRL_B_AXIS	0.002671	0.000252	0.199	89.3	NOT_CALIBRATED
gse175540-GSM5924031_ffpe_c_3	GSE175540	CTRL_MYC_V1	-0.002994	0.000356	0.6915	174.6	NOT_CALIBRATED
gse175540-GSM5924031_ffpe_c_3	GSE175540	CTRL_RANDOM_32	-0.001547				NOT_TESTABLE_SIGMA_UNFIT
gse175540-GSM5924031_ffpe_c_3	GSE175540	HALLMARK_INTERFERON_GAMMA_RESPONSE	-0.003202	-0.000176	0.7264	278.9	NOT_CALIBRATED
gse175540-GSM5924031_ffpe_c_3	GSE175540	HALLMARK_INTERFERON_ALPHA_RESPONSE	-0.00256	-0.000537	0.6468	253.4	NOT_CALIBRATED
gse175540-GSM5924031_ffpe_c_3	GSE175540	HALLMARK_G2M_CHECKPOINT	0.000165	0.000139	0.4925	102.9	NOT_CALIBRATED
gse175540-GSM5924031_ffpe_c_3	GSE175540	HALLMARK_EPITHELIAL_MESENCHYMAL_TRANSITION	-0.002752	0.000218	0.6915	229.7	NOT_CALIBRATED
gse175540-GSM5924031_ffpe_c_3	GSE175540	GENE_CXCL13	-0.055936	0.001144	0.7562	155.8	NOT_CALIBRATED
gse175540-GSM5924031_ffpe_c_3	GSE175540	GENE_CCL19	0.011909	0.000598	0.2836	102.6	NOT_CALIBRATED
gse175540-GSM5924031_ffpe_c_3	GSE175540	GENE_CCL21	0.022727	-0.001805	0.1642	168.7	NOT_CALIBRATED
gse175540-GSM5924031_ffpe_c_3	GSE175540	GENE_LTB	0.009794	-0.005417	0.3035	91.9	NOT_CALIBRATED
gse175540-GSM5924031_ffpe_c_3	GSE175540	GENE_CD74	-0.000525	-7.4e-05	0.6119	84.1	NOT_CALIBRATED
gse175540-GSM5924031_ffpe_c_3	GSE175540	GENE_HLA_DRA	-0.005087	9.9e-05	0.6816	156.7	NOT_CALIBRATED
gse175540-GSM5924031_ffpe_c_3	GSE175540	GENE_IFNG	0.000727				NOT_TESTABLE_SIGMA_UNFIT
gse175540-GSM5924031_ffpe_c_3	GSE175540	GENE_CXCL9	-0.079238	0.007004	0.791	247.5	NOT_CALIBRATED
gse175540-GSM5924031_ffpe_c_3	GSE175540	GENE_GZMB	0.021404	0.000329	0.2537	85.4	NOT_CALIBRATED
gse175540-GSM5924031_ffpe_c_3	GSE175540	GENE_CD8A	-0.002412	-0.007572	0.4627	80.4	NOT_CALIBRATED
gse175540-GSM5924031_ffpe_c_3	GSE175540	GENE_MKI67	0.004588				NOT_TESTABLE_SIGMA_UNFIT
gse175540-GSM5924031_ffpe_c_3	GSE175540	GENE_COL1A1	-0.000224	0.000371	0.6169	89.3	NOT_CALIBRATED
gse175540-GSM5924032_ffpe_c_4	GSE175540	GOBP_REGULATION_OF_INTEGRIN_MEDIATED_SIGNALING_PATHWAY	-0.000786	-0.001099	0.4876	164.7	NOT_CALIBRATED
gse175540-GSM5924032_ffpe_c_4	GSE175540	GOBP_COMPLEMENT_ACTIVATION_CLASSICAL_PATHWAY	0.003447	-0.000182	0.3035	155.1	NOT_CALIBRATED
gse175540-GSM5924032_ffpe_c_4	GSE175540	GOBP_PEPTIDE_ANTIGEN_ASSEMBLY_WITH_MHC_PROTEIN_COMPLEX	-0.000334	0.000117	0.5174	156.0	NOT_CALIBRATED
gse175540-GSM5924032_ffpe_c_4	GSE175540	GOBP_NEGATIVE_REGULATION_OF_REACTIVE_OXYGEN_SPECIES_BIOSYNTHETIC_PROCESS	0.000389				NOT_TESTABLE_SIGMA_UNFIT
gse175540-GSM5924032_ffpe_c_4	GSE175540	GOBP_MRNA_5_SPLICE_SITE_RECOGNITION	0.005689				NOT_TESTABLE_SIGMA_UNFIT
gse175540-GSM5924032_ffpe_c_4	GSE175540	GOBP_RESPONSE_TO_INTERFERON_ALPHA	0.001453	0.000663	0.4527	89.6	NOT_CALIBRATED
gse175540-GSM5924032_ffpe_c_4	GSE175540	GOBP_POSITIVE_REGULATION_OF_VASCULAR_ASSOCIATED_SMOOTH_MUSCLE_CELL_MIGRATION	0.005219	0.000863	0.3284	151.8	NOT_CALIBRATED
gse175540-GSM5924032_ffpe_c_4	GSE175540	GOBP_NEGATIVE_REGULATION_OF_EXTRACELLULAR_MATRIX_ORGANIZATION	0.000924	-0.000491	0.4428	154.6	NOT_CALIBRATED
gse175540-GSM5924032_ffpe_c_4	GSE175540	GOBP_CELL_FATE_DETERMINATION	-0.000144	0.000145	0.5323	83.7	NOT_CALIBRATED
gse175540-GSM5924032_ffpe_c_4	GSE175540	GOBP_HYPERSENSITIVITY	5.9e-05	0.00025	0.5075	90.2	NOT_CALIBRATED
gse175540-GSM5924032_ffpe_c_4	GSE175540	GOBP_NEGATIVE_REGULATION_OF_BLOOD_VESSEL_ENDOTHELIAL_CELL_PROLIFERATION_INVOLVED_IN_SPROUTING_ANGIOGENESIS	0.006006	0.000491	0.3134	160.9	NOT_CALIBRATED
gse175540-GSM5924032_ffpe_c_4	GSE175540	GOBP_PHYSIOLOGICAL_CARDIAC_MUSCLE_HYPERTROPHY	-0.005415				NOT_TESTABLE_SIGMA_UNFIT
gse175540-GSM5924032_ffpe_c_4	GSE175540	GOBP_INTEGRIN_MEDIATED_SIGNALING_PATHWAY	0.001189	-0.00057	0.3731	252.1	NOT_CALIBRATED
gse175540-GSM5924032_ffpe_c_4	GSE175540	GOBP_RESPONSE_TO_PROSTAGLANDIN_E	-0.001905				NOT_TESTABLE_SIGMA_UNFIT
gse175540-GSM5924032_ffpe_c_4	GSE175540	GOBP_CELL_ADHESION_MOLECULE_PRODUCTION	-0.007666				NOT_TESTABLE_SIGMA_UNFIT
gse175540-GSM5924032_ffpe_c_4	GSE175540	GOBP_POSITIVE_REGULATION_OF_RNA_SPLICING	0.006784	-0.00068	0.1244	88.6	NOT_CALIBRATED
gse175540-GSM5924032_ffpe_c_4	GSE175540	GOBP_DEFINITIVE_HEMOPOIESIS	0.004269				NOT_TESTABLE_SIGMA_UNFIT
gse175540-GSM5924032_ffpe_c_4	GSE175540	GOBP_PROTEIN_DEACETYLATION	0.001865				NOT_TESTABLE_SIGMA_UNFIT
gse175540-GSM5924032_ffpe_c_4	GSE175540	GOBP_CELL_JUNCTION_DISASSEMBLY	-0.001337	-0.000387	0.5522	238.4	NOT_CALIBRATED
gse175540-GSM5924032_ffpe_c_4	GSE175540	GOBP_REGULATION_OF_SYNAPTIC_VESICLE_ENDOCYTOSIS	0.009065	0.000189	0.194	153.9	NOT_CALIBRATED
gse175540-GSM5924032_ffpe_c_4	GSE175540	GOBP_RESPONSE_TO_NITRIC_OXIDE	-0.004886				NOT_TESTABLE_SIGMA_UNFIT
gse175540-GSM5924032_ffpe_c_4	GSE175540	GOBP_REGULATION_OF_CELL_GROWTH_INVOLVED_IN_CARDIAC_MUSCLE_CELL_DEVELOPMENT	-0.004539				NOT_TESTABLE_SIGMA_UNFIT
gse175540-GSM5924032_ffpe_c_4	GSE175540	GOBP_INNERVATION	0.004613				NOT_TESTABLE_SIGMA_UNFIT
gse175540-GSM5924032_ffpe_c_4	GSE175540	GOBP_RESPONSE_TO_ETHER	-0.002043				NOT_TESTABLE_SIGMA_UNFIT
gse175540-GSM5924032_ffpe_c_4	GSE175540	GOBP_RESCUE_OF_STALLED_RIBOSOME	-0.001145				NOT_TESTABLE_SIGMA_UNFIT
gse175540-GSM5924032_ffpe_c_4	GSE175540	GOBP_NEGATIVE_REGULATION_OF_MUSCLE_HYPERTROPHY	-0.001392	-0.000152	0.6368	83.5	NOT_CALIBRATED
gse175540-GSM5924032_ffpe_c_4	GSE175540	GOBP_NEURON_INTRINSIC_APOPTOTIC_SIGNALING_PATHWAY_IN_RESPONSE_TO_OXIDATIVE_STRESS	0.005888	-0.000463	0.2786	151.7	NOT_CALIBRATED
gse175540-GSM5924032_ffpe_c_4	GSE175540	GOBP_POSITIVE_REGULATION_OF_T_CELL_MIGRATION	-0.004302				NOT_TESTABLE_SIGMA_UNFIT
gse175540-GSM5924032_ffpe_c_4	GSE175540	GOBP_POSITIVE_REGULATION_OF_LEUKOCYTE_ADHESION_TO_VASCULAR_ENDOTHELIAL_CELL	-0.003984	0.000512	0.8408	82.9	NOT_CALIBRATED
gse175540-GSM5924032_ffpe_c_4	GSE175540	CTRL_B_AXIS	2e-05				NOT_TESTABLE_SIGMA_UNFIT
gse175540-GSM5924032_ffpe_c_4	GSE175540	CTRL_MYC_V1	0.000297	-0.00066	0.4428	179.9	NOT_CALIBRATED
gse175540-GSM5924032_ffpe_c_4	GSE175540	CTRL_RANDOM_32	-0.004933				NOT_TESTABLE_SIGMA_UNFIT
gse175540-GSM5924032_ffpe_c_4	GSE175540	HALLMARK_INTERFERON_GAMMA_RESPONSE	0.000802	-6.9e-05	0.408	101.3	NOT_CALIBRATED
gse175540-GSM5924032_ffpe_c_4	GSE175540	HALLMARK_INTERFERON_ALPHA_RESPONSE	0.002745	0.000245	0.3184	101.2	NOT_CALIBRATED
gse175540-GSM5924032_ffpe_c_4	GSE175540	HALLMARK_G2M_CHECKPOINT	0.001045				NOT_TESTABLE_SIGMA_UNFIT
gse175540-GSM5924032_ffpe_c_4	GSE175540	HALLMARK_EPITHELIAL_MESENCHYMAL_TRANSITION	0.005061	-0.000244	0.2438	278.0	NOT_CALIBRATED
gse175540-GSM5924032_ffpe_c_4	GSE175540	GENE_CXCL13	-0.00203				NOT_TESTABLE_SIGMA_UNFIT
gse175540-GSM5924032_ffpe_c_4	GSE175540	GENE_CCL19	-0.006514				NOT_TESTABLE_SIGMA_UNFIT
gse175540-GSM5924032_ffpe_c_4	GSE175540	GENE_CCL21	-0.019319				NOT_TESTABLE_SIGMA_UNFIT
gse175540-GSM5924032_ffpe_c_4	GSE175540	GENE_LTB	-0.006287				NOT_TESTABLE_SIGMA_UNFIT
gse175540-GSM5924032_ffpe_c_4	GSE175540	GENE_CD74	-0.008908				NOT_TESTABLE_SIGMA_UNFIT
gse175540-GSM5924032_ffpe_c_4	GSE175540	GENE_HLA_DRA	-0.034308	0.000189	0.9851	86.9	NOT_CALIBRATED
gse175540-GSM5924032_ffpe_c_4	GSE175540	GENE_IFNG	0.002345				NOT_TESTABLE_SIGMA_UNFIT
gse175540-GSM5924032_ffpe_c_4	GSE175540	GENE_CXCL9	0.002535				NOT_TESTABLE_SIGMA_UNFIT
gse175540-GSM5924032_ffpe_c_4	GSE175540	GENE_GZMB	-0.001669				NOT_TESTABLE_SIGMA_UNFIT
gse175540-GSM5924032_ffpe_c_4	GSE175540	GENE_CD8A	-0.004482				NOT_TESTABLE_SIGMA_UNFIT
gse175540-GSM5924032_ffpe_c_4	GSE175540	GENE_MKI67	-0.000799				NOT_TESTABLE_SIGMA_UNFIT
gse175540-GSM5924032_ffpe_c_4	GSE175540	GENE_COL1A1	-0.012956	0.011714	0.602	243.7	NOT_CALIBRATED
gse175540-GSM5924033_ffpe_c_7	GSE175540	GOBP_REGULATION_OF_INTEGRIN_MEDIATED_SIGNALING_PATHWAY	0.004798	-0.000147	0.3184	99.3	NOT_CALIBRATED
gse175540-GSM5924033_ffpe_c_7	GSE175540	GOBP_COMPLEMENT_ACTIVATION_CLASSICAL_PATHWAY	0.002242	-0.001974	0.3781	230.8	NOT_CALIBRATED
gse175540-GSM5924033_ffpe_c_7	GSE175540	GOBP_PEPTIDE_ANTIGEN_ASSEMBLY_WITH_MHC_PROTEIN_COMPLEX	0.002846	-0.002044	0.408	160.8	NOT_CALIBRATED
gse175540-GSM5924033_ffpe_c_7	GSE175540	GOBP_NEGATIVE_REGULATION_OF_REACTIVE_OXYGEN_SPECIES_BIOSYNTHETIC_PROCESS	0.005718	-0.001226	0.2388	82.2	NOT_CALIBRATED
gse175540-GSM5924033_ffpe_c_7	GSE175540	GOBP_MRNA_5_SPLICE_SITE_RECOGNITION	0.005513				NOT_TESTABLE_SIGMA_UNFIT
gse175540-GSM5924033_ffpe_c_7	GSE175540	GOBP_RESPONSE_TO_INTERFERON_ALPHA	0.008291				NOT_TESTABLE_SIGMA_UNFIT
gse175540-GSM5924033_ffpe_c_7	GSE175540	GOBP_POSITIVE_REGULATION_OF_VASCULAR_ASSOCIATED_SMOOTH_MUSCLE_CELL_MIGRATION	-4.8e-05	-0.001045	0.4428	82.7	NOT_CALIBRATED
gse175540-GSM5924033_ffpe_c_7	GSE175540	GOBP_NEGATIVE_REGULATION_OF_EXTRACELLULAR_MATRIX_ORGANIZATION	0.016019	0.001383	0.0796	90.8	NOT_CALIBRATED
gse175540-GSM5924033_ffpe_c_7	GSE175540	GOBP_CELL_FATE_DETERMINATION	0.000474	3.8e-05	0.4627	157.8	NOT_CALIBRATED
gse175540-GSM5924033_ffpe_c_7	GSE175540	GOBP_HYPERSENSITIVITY	-0.003414	-0.001436	0.5522	160.8	NOT_CALIBRATED
gse175540-GSM5924033_ffpe_c_7	GSE175540	GOBP_NEGATIVE_REGULATION_OF_BLOOD_VESSEL_ENDOTHELIAL_CELL_PROLIFERATION_INVOLVED_IN_SPROUTING_ANGIOGENESIS	0.010536	0.000928	0.209	90.4	NOT_CALIBRATED
gse175540-GSM5924033_ffpe_c_7	GSE175540	GOBP_PHYSIOLOGICAL_CARDIAC_MUSCLE_HYPERTROPHY	0.002079	0.0005	0.3881	155.2	NOT_CALIBRATED
gse175540-GSM5924033_ffpe_c_7	GSE175540	GOBP_INTEGRIN_MEDIATED_SIGNALING_PATHWAY	0.007178	-7.1e-05	0.1592	159.0	NOT_CALIBRATED
gse175540-GSM5924033_ffpe_c_7	GSE175540	GOBP_RESPONSE_TO_PROSTAGLANDIN_E	-0.000369	-0.000117	0.5274	83.8	NOT_CALIBRATED
gse175540-GSM5924033_ffpe_c_7	GSE175540	GOBP_CELL_ADHESION_MOLECULE_PRODUCTION	-0.006225	0.001866	0.806	92.5	NOT_CALIBRATED
gse175540-GSM5924033_ffpe_c_7	GSE175540	GOBP_POSITIVE_REGULATION_OF_RNA_SPLICING	0.008082	-0.000505	0.1194	90.2	NOT_CALIBRATED
gse175540-GSM5924033_ffpe_c_7	GSE175540	GOBP_DEFINITIVE_HEMOPOIESIS	0.006021				NOT_TESTABLE_SIGMA_UNFIT
gse175540-GSM5924033_ffpe_c_7	GSE175540	GOBP_PROTEIN_DEACETYLATION	0.003726	-0.000229	0.199	90.2	NOT_CALIBRATED
gse175540-GSM5924033_ffpe_c_7	GSE175540	GOBP_CELL_JUNCTION_DISASSEMBLY	-0.008264	-0.000601	0.8209	165.9	NOT_CALIBRATED
gse175540-GSM5924033_ffpe_c_7	GSE175540	GOBP_REGULATION_OF_SYNAPTIC_VESICLE_ENDOCYTOSIS	-0.006794	4.4e-05	0.7164	152.6	NOT_CALIBRATED
gse175540-GSM5924033_ffpe_c_7	GSE175540	GOBP_RESPONSE_TO_NITRIC_OXIDE	0.004676				NOT_TESTABLE_SIGMA_UNFIT
gse175540-GSM5924033_ffpe_c_7	GSE175540	GOBP_REGULATION_OF_CELL_GROWTH_INVOLVED_IN_CARDIAC_MUSCLE_CELL_DEVELOPMENT	-0.000942	-0.000582	0.5323	152.1	NOT_CALIBRATED
gse175540-GSM5924033_ffpe_c_7	GSE175540	GOBP_INNERVATION	0.008005	-1.4e-05	0.1095	87.7	NOT_CALIBRATED
gse175540-GSM5924033_ffpe_c_7	GSE175540	GOBP_RESPONSE_TO_ETHER	-0.005025				NOT_TESTABLE_SIGMA_UNFIT
gse175540-GSM5924033_ffpe_c_7	GSE175540	GOBP_RESCUE_OF_STALLED_RIBOSOME	-0.002284				NOT_TESTABLE_SIGMA_UNFIT
gse175540-GSM5924033_ffpe_c_7	GSE175540	GOBP_NEGATIVE_REGULATION_OF_MUSCLE_HYPERTROPHY	0.008762	7.3e-05	0.0945	156.8	NOT_CALIBRATED
gse175540-GSM5924033_ffpe_c_7	GSE175540	GOBP_NEURON_INTRINSIC_APOPTOTIC_SIGNALING_PATHWAY_IN_RESPONSE_TO_OXIDATIVE_STRESS	0.003418				NOT_TESTABLE_SIGMA_UNFIT
gse175540-GSM5924033_ffpe_c_7	GSE175540	GOBP_POSITIVE_REGULATION_OF_T_CELL_MIGRATION	0.001287				NOT_TESTABLE_SIGMA_UNFIT
gse175540-GSM5924033_ffpe_c_7	GSE175540	GOBP_POSITIVE_REGULATION_OF_LEUKOCYTE_ADHESION_TO_VASCULAR_ENDOTHELIAL_CELL	0.006556				NOT_TESTABLE_SIGMA_UNFIT
gse175540-GSM5924033_ffpe_c_7	GSE175540	CTRL_B_AXIS	0.001589	-7.4e-05	0.2488	86.1	NOT_CALIBRATED
gse175540-GSM5924033_ffpe_c_7	GSE175540	CTRL_MYC_V1	-0.008261	0.000248	0.801	256.9	NOT_CALIBRATED
gse175540-GSM5924033_ffpe_c_7	GSE175540	CTRL_RANDOM_32	0.002199				NOT_TESTABLE_SIGMA_UNFIT
gse175540-GSM5924033_ffpe_c_7	GSE175540	HALLMARK_INTERFERON_GAMMA_RESPONSE	-0.000319	0.000611	0.592	101.4	NOT_CALIBRATED
gse175540-GSM5924033_ffpe_c_7	GSE175540	HALLMARK_INTERFERON_ALPHA_RESPONSE	-0.002825	-0.000816	0.7264	100.2	NOT_CALIBRATED
gse175540-GSM5924033_ffpe_c_7	GSE175540	HALLMARK_G2M_CHECKPOINT	6.1e-05				NOT_TESTABLE_SIGMA_UNFIT
gse175540-GSM5924033_ffpe_c_7	GSE175540	HALLMARK_EPITHELIAL_MESENCHYMAL_TRANSITION	0.006994	-0.000814	0.2786	170.7	NOT_CALIBRATED
gse175540-GSM5924033_ffpe_c_7	GSE175540	GENE_CXCL13	-0.022805				NOT_TESTABLE_SIGMA_UNFIT
gse175540-GSM5924033_ffpe_c_7	GSE175540	GENE_CCL19	-0.065207	-0.007119	0.8308	160.8	NOT_CALIBRATED
gse175540-GSM5924033_ffpe_c_7	GSE175540	GENE_CCL21	-0.038888	-0.000318	0.7413	153.7	NOT_CALIBRATED
gse175540-GSM5924033_ffpe_c_7	GSE175540	GENE_LTB	0.000222				NOT_TESTABLE_SIGMA_UNFIT
gse175540-GSM5924033_ffpe_c_7	GSE175540	GENE_CD74	-0.008271	0.003629	0.7114	91.2	NOT_CALIBRATED
gse175540-GSM5924033_ffpe_c_7	GSE175540	GENE_HLA_DRA	-0.031115	0.002098	0.7512	82.8	NOT_CALIBRATED
gse175540-GSM5924033_ffpe_c_7	GSE175540	GENE_IFNG	8.5e-05				NOT_TESTABLE_SIGMA_UNFIT
gse175540-GSM5924033_ffpe_c_7	GSE175540	GENE_CXCL9	0.014449	0.003428	0.3085	87.5	NOT_CALIBRATED
gse175540-GSM5924033_ffpe_c_7	GSE175540	GENE_GZMB	-0.000892				NOT_TESTABLE_SIGMA_UNFIT
gse175540-GSM5924033_ffpe_c_7	GSE175540	GENE_CD8A	3.7e-05				NOT_TESTABLE_SIGMA_UNFIT
gse175540-GSM5924033_ffpe_c_7	GSE175540	GENE_MKI67	-0.003889				NOT_TESTABLE_SIGMA_UNFIT
gse175540-GSM5924033_ffpe_c_7	GSE175540	GENE_COL1A1	-0.038282	-0.006784	0.6716	169.3	NOT_CALIBRATED
gse175540-GSM5924035_ffpe_c_20	GSE175540	GOBP_REGULATION_OF_INTEGRIN_MEDIATED_SIGNALING_PATHWAY	2.6e-05	0.001782	0.5672	157.6	NOT_CALIBRATED
gse175540-GSM5924035_ffpe_c_20	GSE175540	GOBP_COMPLEMENT_ACTIVATION_CLASSICAL_PATHWAY	0.002534	0.001488	0.4776	252.8	NOT_CALIBRATED
gse175540-GSM5924035_ffpe_c_20	GSE175540	GOBP_PEPTIDE_ANTIGEN_ASSEMBLY_WITH_MHC_PROTEIN_COMPLEX	0.009657	-0.000936	0.3333	244.9	NOT_CALIBRATED
gse175540-GSM5924035_ffpe_c_20	GSE175540	GOBP_NEGATIVE_REGULATION_OF_REACTIVE_OXYGEN_SPECIES_BIOSYNTHETIC_PROCESS	-0.009107	0.000679	0.7363	150.7	NOT_CALIBRATED
gse175540-GSM5924035_ffpe_c_20	GSE175540	GOBP_MRNA_5_SPLICE_SITE_RECOGNITION	0.006895				NOT_TESTABLE_SIGMA_UNFIT
gse175540-GSM5924035_ffpe_c_20	GSE175540	GOBP_RESPONSE_TO_INTERFERON_ALPHA	0.001446	-0.0006	0.4229	86.6	NOT_CALIBRATED
gse175540-GSM5924035_ffpe_c_20	GSE175540	GOBP_POSITIVE_REGULATION_OF_VASCULAR_ASSOCIATED_SMOOTH_MUSCLE_CELL_MIGRATION	-0.003483				NOT_TESTABLE_SIGMA_UNFIT
gse175540-GSM5924035_ffpe_c_20	GSE175540	GOBP_NEGATIVE_REGULATION_OF_EXTRACELLULAR_MATRIX_ORGANIZATION	0.016454	-0.00081	0.1095	81.9	NOT_CALIBRATED
gse175540-GSM5924035_ffpe_c_20	GSE175540	GOBP_CELL_FATE_DETERMINATION	0.004968				NOT_TESTABLE_SIGMA_UNFIT
gse175540-GSM5924035_ffpe_c_20	GSE175540	GOBP_HYPERSENSITIVITY	-0.0075	-0.001979	0.6567	156.2	NOT_CALIBRATED
gse175540-GSM5924035_ffpe_c_20	GSE175540	GOBP_NEGATIVE_REGULATION_OF_BLOOD_VESSEL_ENDOTHELIAL_CELL_PROLIFERATION_INVOLVED_IN_SPROUTING_ANGIOGENESIS	-0.003751				NOT_TESTABLE_SIGMA_UNFIT
gse175540-GSM5924035_ffpe_c_20	GSE175540	GOBP_PHYSIOLOGICAL_CARDIAC_MUSCLE_HYPERTROPHY	0.00014				NOT_TESTABLE_SIGMA_UNFIT
gse175540-GSM5924035_ffpe_c_20	GSE175540	GOBP_INTEGRIN_MEDIATED_SIGNALING_PATHWAY	-0.002861	0.001062	0.6915	173.6	NOT_CALIBRATED
gse175540-GSM5924035_ffpe_c_20	GSE175540	GOBP_RESPONSE_TO_PROSTAGLANDIN_E	-0.001341				NOT_TESTABLE_SIGMA_UNFIT
gse175540-GSM5924035_ffpe_c_20	GSE175540	GOBP_CELL_ADHESION_MOLECULE_PRODUCTION	-0.00073				NOT_TESTABLE_SIGMA_UNFIT
gse175540-GSM5924035_ffpe_c_20	GSE175540	GOBP_POSITIVE_REGULATION_OF_RNA_SPLICING	0.005352	-0.00146	0.3582	156.8	NOT_CALIBRATED
gse175540-GSM5924035_ffpe_c_20	GSE175540	GOBP_DEFINITIVE_HEMOPOIESIS	-0.001494				NOT_TESTABLE_SIGMA_UNFIT
gse175540-GSM5924035_ffpe_c_20	GSE175540	GOBP_PROTEIN_DEACETYLATION	-0.005009				NOT_TESTABLE_SIGMA_UNFIT
gse175540-GSM5924035_ffpe_c_20	GSE175540	GOBP_CELL_JUNCTION_DISASSEMBLY	0.00153	0.000218	0.4328	89.1	NOT_CALIBRATED
gse175540-GSM5924035_ffpe_c_20	GSE175540	GOBP_REGULATION_OF_SYNAPTIC_VESICLE_ENDOCYTOSIS	-0.003306	-0.00164	0.5473	233.1	NOT_CALIBRATED
gse175540-GSM5924035_ffpe_c_20	GSE175540	GOBP_RESPONSE_TO_NITRIC_OXIDE	-0.001543	0.000347	0.5672	154.8	NOT_CALIBRATED
gse175540-GSM5924035_ffpe_c_20	GSE175540	GOBP_REGULATION_OF_CELL_GROWTH_INVOLVED_IN_CARDIAC_MUSCLE_CELL_DEVELOPMENT	0.000448				NOT_TESTABLE_SIGMA_UNFIT
gse175540-GSM5924035_ffpe_c_20	GSE175540	GOBP_INNERVATION	-0.00408				NOT_TESTABLE_SIGMA_UNFIT
gse175540-GSM5924035_ffpe_c_20	GSE175540	GOBP_RESPONSE_TO_ETHER	0.000631				NOT_TESTABLE_SIGMA_UNFIT
gse175540-GSM5924035_ffpe_c_20	GSE175540	GOBP_RESCUE_OF_STALLED_RIBOSOME	-0.001138				NOT_TESTABLE_SIGMA_UNFIT
gse175540-GSM5924035_ffpe_c_20	GSE175540	GOBP_NEGATIVE_REGULATION_OF_MUSCLE_HYPERTROPHY	-0.002242				NOT_TESTABLE_SIGMA_UNFIT
gse175540-GSM5924035_ffpe_c_20	GSE175540	GOBP_NEURON_INTRINSIC_APOPTOTIC_SIGNALING_PATHWAY_IN_RESPONSE_TO_OXIDATIVE_STRESS	0.002253				NOT_TESTABLE_SIGMA_UNFIT
gse175540-GSM5924035_ffpe_c_20	GSE175540	GOBP_POSITIVE_REGULATION_OF_T_CELL_MIGRATION	-0.002674				NOT_TESTABLE_SIGMA_UNFIT
gse175540-GSM5924035_ffpe_c_20	GSE175540	GOBP_POSITIVE_REGULATION_OF_LEUKOCYTE_ADHESION_TO_VASCULAR_ENDOTHELIAL_CELL	0.004781				NOT_TESTABLE_SIGMA_UNFIT
gse175540-GSM5924035_ffpe_c_20	GSE175540	CTRL_B_AXIS	-0.000481	-0.000289	0.5572	96.0	NOT_CALIBRATED
gse175540-GSM5924035_ffpe_c_20	GSE175540	CTRL_MYC_V1	-0.004944	0.000109	0.6716	258.5	NOT_CALIBRATED
gse175540-GSM5924035_ffpe_c_20	GSE175540	CTRL_RANDOM_32	-0.0119				NOT_TESTABLE_SIGMA_UNFIT
gse175540-GSM5924035_ffpe_c_20	GSE175540	HALLMARK_INTERFERON_GAMMA_RESPONSE	-0.000374	-0.000629	0.4925	167.0	NOT_CALIBRATED
gse175540-GSM5924035_ffpe_c_20	GSE175540	HALLMARK_INTERFERON_ALPHA_RESPONSE	0.001283	-0.000803	0.3532	94.2	NOT_CALIBRATED
gse175540-GSM5924035_ffpe_c_20	GSE175540	HALLMARK_G2M_CHECKPOINT	-0.000598				NOT_TESTABLE_SIGMA_UNFIT
gse175540-GSM5924035_ffpe_c_20	GSE175540	HALLMARK_EPITHELIAL_MESENCHYMAL_TRANSITION	-0.001259	0.000496	0.602	244.6	NOT_CALIBRATED
gse175540-GSM5924035_ffpe_c_20	GSE175540	GENE_CXCL13	-0.000624				NOT_TESTABLE_SIGMA_UNFIT
gse175540-GSM5924035_ffpe_c_20	GSE175540	GENE_CCL19	-0.003199	-0.002404	0.5672	83.8	NOT_CALIBRATED
gse175540-GSM5924035_ffpe_c_20	GSE175540	GENE_CCL21	-0.000676				NOT_TESTABLE_SIGMA_UNFIT
gse175540-GSM5924035_ffpe_c_20	GSE175540	GENE_LTB	-0.006809				NOT_TESTABLE_SIGMA_UNFIT
gse175540-GSM5924035_ffpe_c_20	GSE175540	GENE_CD74	-0.025451	-0.003685	0.6418	147.4	NOT_CALIBRATED
gse175540-GSM5924035_ffpe_c_20	GSE175540	GENE_HLA_DRA	-0.015892	0.003141	0.607	155.2	NOT_CALIBRATED
gse175540-GSM5924035_ffpe_c_20	GSE175540	GENE_IFNG	-6.2e-05				NOT_TESTABLE_SIGMA_UNFIT
gse175540-GSM5924035_ffpe_c_20	GSE175540	GENE_CXCL9	-0.029794				NOT_TESTABLE_SIGMA_UNFIT
gse175540-GSM5924035_ffpe_c_20	GSE175540	GENE_GZMB	0.000387				NOT_TESTABLE_SIGMA_UNFIT
gse175540-GSM5924035_ffpe_c_20	GSE175540	GENE_CD8A	-0.009308				NOT_TESTABLE_SIGMA_UNFIT
gse175540-GSM5924035_ffpe_c_20	GSE175540	GENE_MKI67	0.00017				NOT_TESTABLE_SIGMA_UNFIT
gse175540-GSM5924035_ffpe_c_20	GSE175540	GENE_COL1A1	-0.000473	-0.025742	0.4428	231.8	NOT_CALIBRATED
gse175540-GSM5924037_ffpe_c_34	GSE175540	GOBP_REGULATION_OF_INTEGRIN_MEDIATED_SIGNALING_PATHWAY	0.033112	0.002083	0.0597	167.6	NOT_CALIBRATED
gse175540-GSM5924037_ffpe_c_34	GSE175540	GOBP_COMPLEMENT_ACTIVATION_CLASSICAL_PATHWAY	0.028174	-0.000467	0.0746	160.4	NOT_CALIBRATED
gse175540-GSM5924037_ffpe_c_34	GSE175540	GOBP_PEPTIDE_ANTIGEN_ASSEMBLY_WITH_MHC_PROTEIN_COMPLEX	0.025279	0.004655	0.2139	152.6	NOT_CALIBRATED
gse175540-GSM5924037_ffpe_c_34	GSE175540	GOBP_NEGATIVE_REGULATION_OF_REACTIVE_OXYGEN_SPECIES_BIOSYNTHETIC_PROCESS	0.015329	-0.000323	0.1244	147.6	NOT_CALIBRATED
gse175540-GSM5924037_ffpe_c_34	GSE175540	GOBP_MRNA_5_SPLICE_SITE_RECOGNITION	0.01845				NOT_TESTABLE_SIGMA_UNFIT
gse175540-GSM5924037_ffpe_c_34	GSE175540	GOBP_RESPONSE_TO_INTERFERON_ALPHA	0.026542	-0.000316	0.0547	90.0	NOT_CALIBRATED
gse175540-GSM5924037_ffpe_c_34	GSE175540	GOBP_POSITIVE_REGULATION_OF_VASCULAR_ASSOCIATED_SMOOTH_MUSCLE_CELL_MIGRATION	0.004816	0.000477	0.3333	82.6	NOT_CALIBRATED
gse175540-GSM5924037_ffpe_c_34	GSE175540	GOBP_NEGATIVE_REGULATION_OF_EXTRACELLULAR_MATRIX_ORGANIZATION	0.036313	0.001061	0.0597	150.8	NOT_CALIBRATED
gse175540-GSM5924037_ffpe_c_34	GSE175540	GOBP_CELL_FATE_DETERMINATION	0.000964	3e-05	0.3881	85.9	NOT_CALIBRATED
gse175540-GSM5924037_ffpe_c_34	GSE175540	GOBP_HYPERSENSITIVITY	0.044595	0.001036	0.005	94.2	NOT_CALIBRATED
gse175540-GSM5924037_ffpe_c_34	GSE175540	GOBP_NEGATIVE_REGULATION_OF_BLOOD_VESSEL_ENDOTHELIAL_CELL_PROLIFERATION_INVOLVED_IN_SPROUTING_ANGIOGENESIS	0.006333				NOT_TESTABLE_SIGMA_UNFIT
gse175540-GSM5924037_ffpe_c_34	GSE175540	GOBP_PHYSIOLOGICAL_CARDIAC_MUSCLE_HYPERTROPHY	0.010614				NOT_TESTABLE_SIGMA_UNFIT
gse175540-GSM5924037_ffpe_c_34	GSE175540	GOBP_INTEGRIN_MEDIATED_SIGNALING_PATHWAY	0.01789	-0.000465	0.0448	229.9	NOT_CALIBRATED
gse175540-GSM5924037_ffpe_c_34	GSE175540	GOBP_RESPONSE_TO_PROSTAGLANDIN_E	0.004863	0.00034	0.3035	86.0	NOT_CALIBRATED
gse175540-GSM5924037_ffpe_c_34	GSE175540	GOBP_CELL_ADHESION_MOLECULE_PRODUCTION	-0.002828				NOT_TESTABLE_SIGMA_UNFIT
gse175540-GSM5924037_ffpe_c_34	GSE175540	GOBP_POSITIVE_REGULATION_OF_RNA_SPLICING	0.01844	0.003422	0.1443	149.7	NOT_CALIBRATED
gse175540-GSM5924037_ffpe_c_34	GSE175540	GOBP_DEFINITIVE_HEMOPOIESIS	0.008252				NOT_TESTABLE_SIGMA_UNFIT
gse175540-GSM5924037_ffpe_c_34	GSE175540	GOBP_PROTEIN_DEACETYLATION	0.005515	-0.000981	0.2139	82.1	NOT_CALIBRATED
gse175540-GSM5924037_ffpe_c_34	GSE175540	GOBP_CELL_JUNCTION_DISASSEMBLY	0.032894	0.000133	0.0199	166.0	NOT_CALIBRATED
gse175540-GSM5924037_ffpe_c_34	GSE175540	GOBP_REGULATION_OF_SYNAPTIC_VESICLE_ENDOCYTOSIS	0.032475	0.000464	0.0199	153.6	NOT_CALIBRATED
gse175540-GSM5924037_ffpe_c_34	GSE175540	GOBP_RESPONSE_TO_NITRIC_OXIDE	0.00344				NOT_TESTABLE_SIGMA_UNFIT
gse175540-GSM5924037_ffpe_c_34	GSE175540	GOBP_REGULATION_OF_CELL_GROWTH_INVOLVED_IN_CARDIAC_MUSCLE_CELL_DEVELOPMENT	0.012357				NOT_TESTABLE_SIGMA_UNFIT
gse175540-GSM5924037_ffpe_c_34	GSE175540	GOBP_INNERVATION	0.006348				NOT_TESTABLE_SIGMA_UNFIT
gse175540-GSM5924037_ffpe_c_34	GSE175540	GOBP_RESPONSE_TO_ETHER	0.015345	0.000444	0.0746	80.7	NOT_CALIBRATED
gse175540-GSM5924037_ffpe_c_34	GSE175540	GOBP_RESCUE_OF_STALLED_RIBOSOME	0.000783				NOT_TESTABLE_SIGMA_UNFIT
gse175540-GSM5924037_ffpe_c_34	GSE175540	GOBP_NEGATIVE_REGULATION_OF_MUSCLE_HYPERTROPHY	0.004597	0.000202	0.2537	85.0	NOT_CALIBRATED
gse175540-GSM5924037_ffpe_c_34	GSE175540	GOBP_NEURON_INTRINSIC_APOPTOTIC_SIGNALING_PATHWAY_IN_RESPONSE_TO_OXIDATIVE_STRESS	0.024435	-0.000356	0.0498	85.8	NOT_CALIBRATED
gse175540-GSM5924037_ffpe_c_34	GSE175540	GOBP_POSITIVE_REGULATION_OF_T_CELL_MIGRATION	0.013641	-0.000853	0.1095	148.5	NOT_CALIBRATED
gse175540-GSM5924037_ffpe_c_34	GSE175540	GOBP_POSITIVE_REGULATION_OF_LEUKOCYTE_ADHESION_TO_VASCULAR_ENDOTHELIAL_CELL	0.007367				NOT_TESTABLE_SIGMA_UNFIT
gse175540-GSM5924037_ffpe_c_34	GSE175540	CTRL_B_AXIS	-0.002712	-0.000719	0.6567	86.5	NOT_CALIBRATED
gse175540-GSM5924037_ffpe_c_34	GSE175540	CTRL_MYC_V1	0.025338	-0.000382	0.0547	255.5	NOT_CALIBRATED
gse175540-GSM5924037_ffpe_c_34	GSE175540	CTRL_RANDOM_32	0.006058				NOT_TESTABLE_SIGMA_UNFIT
gse175540-GSM5924037_ffpe_c_34	GSE175540	HALLMARK_INTERFERON_GAMMA_RESPONSE	0.0093	0.000296	0.0846	152.9	NOT_CALIBRATED
gse175540-GSM5924037_ffpe_c_34	GSE175540	HALLMARK_INTERFERON_ALPHA_RESPONSE	0.008382	7e-05	0.0647	94.0	NOT_CALIBRATED
gse175540-GSM5924037_ffpe_c_34	GSE175540	HALLMARK_G2M_CHECKPOINT	0.005293	-0.001034	0.1493	169.6	NOT_CALIBRATED
gse175540-GSM5924037_ffpe_c_34	GSE175540	HALLMARK_EPITHELIAL_MESENCHYMAL_TRANSITION	0.038404	-0.000619	0.0149	238.2	NOT_CALIBRATED
gse175540-GSM5924037_ffpe_c_34	GSE175540	GENE_CXCL13	-0.025178				NOT_TESTABLE_SIGMA_UNFIT
gse175540-GSM5924037_ffpe_c_34	GSE175540	GENE_CCL19	-0.092526				NOT_TESTABLE_SIGMA_UNFIT
gse175540-GSM5924037_ffpe_c_34	GSE175540	GENE_CCL21	-0.052603	0.001314	0.8856	82.7	NOT_CALIBRATED
gse175540-GSM5924037_ffpe_c_34	GSE175540	GENE_LTB	-0.054781				NOT_TESTABLE_SIGMA_UNFIT
gse175540-GSM5924037_ffpe_c_34	GSE175540	GENE_CD74	-0.009816				NOT_TESTABLE_SIGMA_UNFIT
gse175540-GSM5924037_ffpe_c_34	GSE175540	GENE_HLA_DRA	0.096726				NOT_TESTABLE_SIGMA_UNFIT
gse175540-GSM5924037_ffpe_c_34	GSE175540	GENE_IFNG	0.00111				NOT_TESTABLE_SIGMA_UNFIT
gse175540-GSM5924037_ffpe_c_34	GSE175540	GENE_CXCL9	0.055117	0.000112	0.01	91.1	NOT_CALIBRATED
gse175540-GSM5924037_ffpe_c_34	GSE175540	GENE_GZMB	0.008317				NOT_TESTABLE_SIGMA_UNFIT
gse175540-GSM5924037_ffpe_c_34	GSE175540	GENE_CD8A	-0.011498				NOT_TESTABLE_SIGMA_UNFIT
gse175540-GSM5924037_ffpe_c_34	GSE175540	GENE_MKI67	-0.00503				NOT_TESTABLE_SIGMA_UNFIT
gse175540-GSM5924037_ffpe_c_34	GSE175540	GENE_COL1A1	0.103806	-0.006529	0.0796	93.7	NOT_CALIBRATED
gse175540-GSM5924038_ffpe_c_36	GSE175540	GOBP_REGULATION_OF_INTEGRIN_MEDIATED_SIGNALING_PATHWAY	0.008987	-0.000882	0.1542	92.6	NOT_CALIBRATED
gse175540-GSM5924038_ffpe_c_36	GSE175540	GOBP_COMPLEMENT_ACTIVATION_CLASSICAL_PATHWAY	0.004693	0.000292	0.2935	95.7	NOT_CALIBRATED
gse175540-GSM5924038_ffpe_c_36	GSE175540	GOBP_PEPTIDE_ANTIGEN_ASSEMBLY_WITH_MHC_PROTEIN_COMPLEX	0.016722	0.001507	0.1144	151.6	NOT_CALIBRATED
gse175540-GSM5924038_ffpe_c_36	GSE175540	GOBP_NEGATIVE_REGULATION_OF_REACTIVE_OXYGEN_SPECIES_BIOSYNTHETIC_PROCESS	0.005355				NOT_TESTABLE_SIGMA_UNFIT
gse175540-GSM5924038_ffpe_c_36	GSE175540	GOBP_MRNA_5_SPLICE_SITE_RECOGNITION	-0.009236				NOT_TESTABLE_SIGMA_UNFIT
gse175540-GSM5924038_ffpe_c_36	GSE175540	GOBP_RESPONSE_TO_INTERFERON_ALPHA	0.007855	-0.001709	0.1542	87.7	NOT_CALIBRATED
gse175540-GSM5924038_ffpe_c_36	GSE175540	GOBP_POSITIVE_REGULATION_OF_VASCULAR_ASSOCIATED_SMOOTH_MUSCLE_CELL_MIGRATION	0.003421				NOT_TESTABLE_SIGMA_UNFIT
gse175540-GSM5924038_ffpe_c_36	GSE175540	GOBP_NEGATIVE_REGULATION_OF_EXTRACELLULAR_MATRIX_ORGANIZATION	0.010769	0.000861	0.2189	84.8	NOT_CALIBRATED
gse175540-GSM5924038_ffpe_c_36	GSE175540	GOBP_CELL_FATE_DETERMINATION	0.002937				NOT_TESTABLE_SIGMA_UNFIT
gse175540-GSM5924038_ffpe_c_36	GSE175540	GOBP_HYPERSENSITIVITY	0.003556	0.00049	0.3632	88.3	NOT_CALIBRATED
gse175540-GSM5924038_ffpe_c_36	GSE175540	GOBP_NEGATIVE_REGULATION_OF_BLOOD_VESSEL_ENDOTHELIAL_CELL_PROLIFERATION_INVOLVED_IN_SPROUTING_ANGIOGENESIS	0.017958	-0.000851	0.1144	166.4	NOT_CALIBRATED
gse175540-GSM5924038_ffpe_c_36	GSE175540	GOBP_PHYSIOLOGICAL_CARDIAC_MUSCLE_HYPERTROPHY	0.001185				NOT_TESTABLE_SIGMA_UNFIT
gse175540-GSM5924038_ffpe_c_36	GSE175540	GOBP_INTEGRIN_MEDIATED_SIGNALING_PATHWAY	0.010216	-0.000499	0.0299	158.0	NOT_CALIBRATED
gse175540-GSM5924038_ffpe_c_36	GSE175540	GOBP_RESPONSE_TO_PROSTAGLANDIN_E	0.001614	0.000214	0.4378	83.8	NOT_CALIBRATED
gse175540-GSM5924038_ffpe_c_36	GSE175540	GOBP_CELL_ADHESION_MOLECULE_PRODUCTION	0.000832				NOT_TESTABLE_SIGMA_UNFIT
gse175540-GSM5924038_ffpe_c_36	GSE175540	GOBP_POSITIVE_REGULATION_OF_RNA_SPLICING	-0.003617	9.2e-05	0.7264	81.2	NOT_CALIBRATED
gse175540-GSM5924038_ffpe_c_36	GSE175540	GOBP_DEFINITIVE_HEMOPOIESIS	0.003089				NOT_TESTABLE_SIGMA_UNFIT
gse175540-GSM5924038_ffpe_c_36	GSE175540	GOBP_PROTEIN_DEACETYLATION	0.001438				NOT_TESTABLE_SIGMA_UNFIT
gse175540-GSM5924038_ffpe_c_36	GSE175540	GOBP_CELL_JUNCTION_DISASSEMBLY	0.001973	0.000348	0.3831	152.5	NOT_CALIBRATED
gse175540-GSM5924038_ffpe_c_36	GSE175540	GOBP_REGULATION_OF_SYNAPTIC_VESICLE_ENDOCYTOSIS	-0.009677	-0.000599	0.8557	86.2	NOT_CALIBRATED
gse175540-GSM5924038_ffpe_c_36	GSE175540	GOBP_RESPONSE_TO_NITRIC_OXIDE	-0.001559				NOT_TESTABLE_SIGMA_UNFIT
gse175540-GSM5924038_ffpe_c_36	GSE175540	GOBP_REGULATION_OF_CELL_GROWTH_INVOLVED_IN_CARDIAC_MUSCLE_CELL_DEVELOPMENT	0.002063				NOT_TESTABLE_SIGMA_UNFIT
gse175540-GSM5924038_ffpe_c_36	GSE175540	GOBP_INNERVATION	0.002629				NOT_TESTABLE_SIGMA_UNFIT
gse175540-GSM5924038_ffpe_c_36	GSE175540	GOBP_RESPONSE_TO_ETHER	0.006674				NOT_TESTABLE_SIGMA_UNFIT
gse175540-GSM5924038_ffpe_c_36	GSE175540	GOBP_RESCUE_OF_STALLED_RIBOSOME	-0.003504				NOT_TESTABLE_SIGMA_UNFIT
gse175540-GSM5924038_ffpe_c_36	GSE175540	GOBP_NEGATIVE_REGULATION_OF_MUSCLE_HYPERTROPHY	0.000533				NOT_TESTABLE_SIGMA_UNFIT
gse175540-GSM5924038_ffpe_c_36	GSE175540	GOBP_NEURON_INTRINSIC_APOPTOTIC_SIGNALING_PATHWAY_IN_RESPONSE_TO_OXIDATIVE_STRESS	0.00955				NOT_TESTABLE_SIGMA_UNFIT
gse175540-GSM5924038_ffpe_c_36	GSE175540	GOBP_POSITIVE_REGULATION_OF_T_CELL_MIGRATION	0.001619				NOT_TESTABLE_SIGMA_UNFIT
gse175540-GSM5924038_ffpe_c_36	GSE175540	GOBP_POSITIVE_REGULATION_OF_LEUKOCYTE_ADHESION_TO_VASCULAR_ENDOTHELIAL_CELL	-0.000367				NOT_TESTABLE_SIGMA_UNFIT
gse175540-GSM5924038_ffpe_c_36	GSE175540	CTRL_B_AXIS	-0.002873	0.000196	0.7811	94.1	NOT_CALIBRATED
gse175540-GSM5924038_ffpe_c_36	GSE175540	CTRL_MYC_V1	-0.001093	-0.00098	0.5174	160.6	NOT_CALIBRATED
gse175540-GSM5924038_ffpe_c_36	GSE175540	CTRL_RANDOM_32	0.002583				NOT_TESTABLE_SIGMA_UNFIT
gse175540-GSM5924038_ffpe_c_36	GSE175540	HALLMARK_INTERFERON_GAMMA_RESPONSE	0.000669	-0.000562	0.4179	158.3	NOT_CALIBRATED
gse175540-GSM5924038_ffpe_c_36	GSE175540	HALLMARK_INTERFERON_ALPHA_RESPONSE	0.003125	-0.000525	0.2687	158.0	NOT_CALIBRATED
gse175540-GSM5924038_ffpe_c_36	GSE175540	HALLMARK_G2M_CHECKPOINT	-0.001065				NOT_TESTABLE_SIGMA_UNFIT
gse175540-GSM5924038_ffpe_c_36	GSE175540	HALLMARK_EPITHELIAL_MESENCHYMAL_TRANSITION	0.01406	0.000256	0.0796	238.0	NOT_CALIBRATED
gse175540-GSM5924038_ffpe_c_36	GSE175540	GENE_CXCL13	-0.003972	-0.003532	0.5025	90.9	NOT_CALIBRATED
gse175540-GSM5924038_ffpe_c_36	GSE175540	GENE_CCL19	-0.035008	-0.000393	0.7861	151.8	NOT_CALIBRATED
gse175540-GSM5924038_ffpe_c_36	GSE175540	GENE_CCL21	0.012778				NOT_TESTABLE_SIGMA_UNFIT
gse175540-GSM5924038_ffpe_c_36	GSE175540	GENE_LTB	-0.020969				NOT_TESTABLE_SIGMA_UNFIT
gse175540-GSM5924038_ffpe_c_36	GSE175540	GENE_CD74	0.006351	0.002192	0.3831	147.9	NOT_CALIBRATED
gse175540-GSM5924038_ffpe_c_36	GSE175540	GENE_HLA_DRA	0.064556	-0.003923	0.0647	88.8	NOT_CALIBRATED
gse175540-GSM5924038_ffpe_c_36	GSE175540	GENE_IFNG	-0.003754				NOT_TESTABLE_SIGMA_UNFIT
gse175540-GSM5924038_ffpe_c_36	GSE175540	GENE_CXCL9	-0.002607	-7.1e-05	0.5174	153.0	NOT_CALIBRATED
gse175540-GSM5924038_ffpe_c_36	GSE175540	GENE_GZMB	0.01848				NOT_TESTABLE_SIGMA_UNFIT
gse175540-GSM5924038_ffpe_c_36	GSE175540	GENE_CD8A	3.8e-05				NOT_TESTABLE_SIGMA_UNFIT
gse175540-GSM5924038_ffpe_c_36	GSE175540	GENE_MKI67	0.000217				NOT_TESTABLE_SIGMA_UNFIT
gse175540-GSM5924038_ffpe_c_36	GSE175540	GENE_COL1A1	0.003478				NOT_TESTABLE_SIGMA_UNFIT
gse175540-GSM5924040_ffpe_c_45	GSE175540	GOBP_REGULATION_OF_INTEGRIN_MEDIATED_SIGNALING_PATHWAY	0.008715	-0.002326	0.3134	222.6	NOT_CALIBRATED
gse175540-GSM5924040_ffpe_c_45	GSE175540	GOBP_COMPLEMENT_ACTIVATION_CLASSICAL_PATHWAY	-0.001016	0.00174	0.5821	93.3	NOT_CALIBRATED
gse175540-GSM5924040_ffpe_c_45	GSE175540	GOBP_PEPTIDE_ANTIGEN_ASSEMBLY_WITH_MHC_PROTEIN_COMPLEX	-0.006516	-0.000757	0.592	159.5	NOT_CALIBRATED
gse175540-GSM5924040_ffpe_c_45	GSE175540	GOBP_NEGATIVE_REGULATION_OF_REACTIVE_OXYGEN_SPECIES_BIOSYNTHETIC_PROCESS	0.009854	3.5e-05	0.2985	81.8	NOT_CALIBRATED
gse175540-GSM5924040_ffpe_c_45	GSE175540	GOBP_MRNA_5_SPLICE_SITE_RECOGNITION	0.018748				NOT_TESTABLE_SIGMA_UNFIT
gse175540-GSM5924040_ffpe_c_45	GSE175540	GOBP_RESPONSE_TO_INTERFERON_ALPHA	0.003436				NOT_TESTABLE_SIGMA_UNFIT
gse175540-GSM5924040_ffpe_c_45	GSE175540	GOBP_POSITIVE_REGULATION_OF_VASCULAR_ASSOCIATED_SMOOTH_MUSCLE_CELL_MIGRATION	0.015998				NOT_TESTABLE_SIGMA_UNFIT
gse175540-GSM5924040_ffpe_c_45	GSE175540	GOBP_NEGATIVE_REGULATION_OF_EXTRACELLULAR_MATRIX_ORGANIZATION	0.011923	0.002295	0.3483	221.3	NOT_CALIBRATED
gse175540-GSM5924040_ffpe_c_45	GSE175540	GOBP_CELL_FATE_DETERMINATION	0.006364				NOT_TESTABLE_SIGMA_UNFIT
gse175540-GSM5924040_ffpe_c_45	GSE175540	GOBP_HYPERSENSITIVITY	0.010563	0.001055	0.2488	88.7	NOT_CALIBRATED
gse175540-GSM5924040_ffpe_c_45	GSE175540	GOBP_NEGATIVE_REGULATION_OF_BLOOD_VESSEL_ENDOTHELIAL_CELL_PROLIFERATION_INVOLVED_IN_SPROUTING_ANGIOGENESIS	0.023015	-0.00249	0.1592	147.2	NOT_CALIBRATED
gse175540-GSM5924040_ffpe_c_45	GSE175540	GOBP_PHYSIOLOGICAL_CARDIAC_MUSCLE_HYPERTROPHY	0.002376	-0.000313	0.3483	82.8	NOT_CALIBRATED
gse175540-GSM5924040_ffpe_c_45	GSE175540	GOBP_INTEGRIN_MEDIATED_SIGNALING_PATHWAY	0.010752	-0.000453	0.1642	259.4	NOT_CALIBRATED
gse175540-GSM5924040_ffpe_c_45	GSE175540	GOBP_RESPONSE_TO_PROSTAGLANDIN_E	0.01183				NOT_TESTABLE_SIGMA_UNFIT
gse175540-GSM5924040_ffpe_c_45	GSE175540	GOBP_CELL_ADHESION_MOLECULE_PRODUCTION	-0.001029				NOT_TESTABLE_SIGMA_UNFIT
gse175540-GSM5924040_ffpe_c_45	GSE175540	GOBP_POSITIVE_REGULATION_OF_RNA_SPLICING	0.002919	0.000176	0.4478	152.9	NOT_CALIBRATED
gse175540-GSM5924040_ffpe_c_45	GSE175540	GOBP_DEFINITIVE_HEMOPOIESIS	-0.003472				NOT_TESTABLE_SIGMA_UNFIT
gse175540-GSM5924040_ffpe_c_45	GSE175540	GOBP_PROTEIN_DEACETYLATION	6.1e-05				NOT_TESTABLE_SIGMA_UNFIT
gse175540-GSM5924040_ffpe_c_45	GSE175540	GOBP_CELL_JUNCTION_DISASSEMBLY	-0.00025	0.000295	0.5274	86.4	NOT_CALIBRATED
gse175540-GSM5924040_ffpe_c_45	GSE175540	GOBP_REGULATION_OF_SYNAPTIC_VESICLE_ENDOCYTOSIS	0.014442	-0.001852	0.1791	84.5	NOT_CALIBRATED
gse175540-GSM5924040_ffpe_c_45	GSE175540	GOBP_RESPONSE_TO_NITRIC_OXIDE	-0.001206				NOT_TESTABLE_SIGMA_UNFIT
gse175540-GSM5924040_ffpe_c_45	GSE175540	GOBP_REGULATION_OF_CELL_GROWTH_INVOLVED_IN_CARDIAC_MUSCLE_CELL_DEVELOPMENT	-0.003232				NOT_TESTABLE_SIGMA_UNFIT
gse175540-GSM5924040_ffpe_c_45	GSE175540	GOBP_INNERVATION	0.00572	0.000313	0.3682	153.9	NOT_CALIBRATED
gse175540-GSM5924040_ffpe_c_45	GSE175540	GOBP_RESPONSE_TO_ETHER	0.012826				NOT_TESTABLE_SIGMA_UNFIT
gse175540-GSM5924040_ffpe_c_45	GSE175540	GOBP_RESCUE_OF_STALLED_RIBOSOME	0.001058				NOT_TESTABLE_SIGMA_UNFIT
gse175540-GSM5924040_ffpe_c_45	GSE175540	GOBP_NEGATIVE_REGULATION_OF_MUSCLE_HYPERTROPHY	0.002965				NOT_TESTABLE_SIGMA_UNFIT
gse175540-GSM5924040_ffpe_c_45	GSE175540	GOBP_NEURON_INTRINSIC_APOPTOTIC_SIGNALING_PATHWAY_IN_RESPONSE_TO_OXIDATIVE_STRESS	0.023297				NOT_TESTABLE_SIGMA_UNFIT
gse175540-GSM5924040_ffpe_c_45	GSE175540	GOBP_POSITIVE_REGULATION_OF_T_CELL_MIGRATION	-0.012338	-0.000504	0.7612	224.8	NOT_CALIBRATED
gse175540-GSM5924040_ffpe_c_45	GSE175540	GOBP_POSITIVE_REGULATION_OF_LEUKOCYTE_ADHESION_TO_VASCULAR_ENDOTHELIAL_CELL	0.007011	-0.000142	0.2537	83.1	NOT_CALIBRATED
gse175540-GSM5924040_ffpe_c_45	GSE175540	CTRL_B_AXIS	0.000121	-0.000358	0.4677	146.2	NOT_CALIBRATED
gse175540-GSM5924040_ffpe_c_45	GSE175540	CTRL_MYC_V1	-0.006173	-0.002448	0.6468	163.4	NOT_CALIBRATED
gse175540-GSM5924040_ffpe_c_45	GSE175540	CTRL_RANDOM_32	0.007711				NOT_TESTABLE_SIGMA_UNFIT
gse175540-GSM5924040_ffpe_c_45	GSE175540	HALLMARK_INTERFERON_GAMMA_RESPONSE	-0.001185	0.000758	0.592	165.1	NOT_CALIBRATED
gse175540-GSM5924040_ffpe_c_45	GSE175540	HALLMARK_INTERFERON_ALPHA_RESPONSE	-0.002104	-0.000452	0.602	149.3	NOT_CALIBRATED
gse175540-GSM5924040_ffpe_c_45	GSE175540	HALLMARK_G2M_CHECKPOINT	-0.001767	0.000236	0.7512	84.0	NOT_CALIBRATED
gse175540-GSM5924040_ffpe_c_45	GSE175540	HALLMARK_EPITHELIAL_MESENCHYMAL_TRANSITION	0.010977	-4.6e-05	0.2388	298.6	NOT_CALIBRATED
gse175540-GSM5924040_ffpe_c_45	GSE175540	GENE_CXCL13	0.042602	-0.012158	0.3831	238.1	NOT_CALIBRATED
gse175540-GSM5924040_ffpe_c_45	GSE175540	GENE_CCL19	0.02285	-0.003783	0.2189	87.3	NOT_CALIBRATED
gse175540-GSM5924040_ffpe_c_45	GSE175540	GENE_CCL21	-0.000426				NOT_TESTABLE_SIGMA_UNFIT
gse175540-GSM5924040_ffpe_c_45	GSE175540	GENE_LTB	0.022041				NOT_TESTABLE_SIGMA_UNFIT
gse175540-GSM5924040_ffpe_c_45	GSE175540	GENE_CD74	-0.00305				NOT_TESTABLE_SIGMA_UNFIT
gse175540-GSM5924040_ffpe_c_45	GSE175540	GENE_HLA_DRA	0.004701	0.006626	0.5124	87.7	NOT_CALIBRATED
gse175540-GSM5924040_ffpe_c_45	GSE175540	GENE_IFNG	7.6e-05				NOT_TESTABLE_SIGMA_UNFIT
gse175540-GSM5924040_ffpe_c_45	GSE175540	GENE_CXCL9	0.027531	-0.009203	0.2985	87.9	NOT_CALIBRATED
gse175540-GSM5924040_ffpe_c_45	GSE175540	GENE_GZMB	-0.001312	-0.003567	0.4677	167.0	NOT_CALIBRATED
gse175540-GSM5924040_ffpe_c_45	GSE175540	GENE_CD8A	-0.039505				NOT_TESTABLE_SIGMA_UNFIT
gse175540-GSM5924040_ffpe_c_45	GSE175540	GENE_MKI67	-0.001317				NOT_TESTABLE_SIGMA_UNFIT
gse175540-GSM5924040_ffpe_c_45	GSE175540	GENE_COL1A1	0.153482	-0.004474	0.2338	260.7	NOT_CALIBRATED
gse175540-GSM5924041_ffpe_c_51	GSE175540	GOBP_REGULATION_OF_INTEGRIN_MEDIATED_SIGNALING_PATHWAY	0.007009	-0.000973	0.1592	84.2	NOT_CALIBRATED
gse175540-GSM5924041_ffpe_c_51	GSE175540	GOBP_COMPLEMENT_ACTIVATION_CLASSICAL_PATHWAY	0.016707	0.000671	0.0299	157.4	NOT_CALIBRATED
gse175540-GSM5924041_ffpe_c_51	GSE175540	GOBP_PEPTIDE_ANTIGEN_ASSEMBLY_WITH_MHC_PROTEIN_COMPLEX	0.006268	3e-06	0.3234	231.8	NOT_CALIBRATED
gse175540-GSM5924041_ffpe_c_51	GSE175540	GOBP_NEGATIVE_REGULATION_OF_REACTIVE_OXYGEN_SPECIES_BIOSYNTHETIC_PROCESS	0.008982				NOT_TESTABLE_SIGMA_UNFIT
gse175540-GSM5924041_ffpe_c_51	GSE175540	GOBP_MRNA_5_SPLICE_SITE_RECOGNITION	-0.005857				NOT_TESTABLE_SIGMA_UNFIT
gse175540-GSM5924041_ffpe_c_51	GSE175540	GOBP_RESPONSE_TO_INTERFERON_ALPHA	0.002206	-0.001319	0.3831	236.2	NOT_CALIBRATED
gse175540-GSM5924041_ffpe_c_51	GSE175540	GOBP_POSITIVE_REGULATION_OF_VASCULAR_ASSOCIATED_SMOOTH_MUSCLE_CELL_MIGRATION	0.008376				NOT_TESTABLE_SIGMA_UNFIT
gse175540-GSM5924041_ffpe_c_51	GSE175540	GOBP_NEGATIVE_REGULATION_OF_EXTRACELLULAR_MATRIX_ORGANIZATION	0.019559	0.000809	0.0199	90.1	NOT_CALIBRATED
gse175540-GSM5924041_ffpe_c_51	GSE175540	GOBP_CELL_FATE_DETERMINATION	0.00594				NOT_TESTABLE_SIGMA_UNFIT
gse175540-GSM5924041_ffpe_c_51	GSE175540	GOBP_HYPERSENSITIVITY	0.00316				NOT_TESTABLE_SIGMA_UNFIT
gse175540-GSM5924041_ffpe_c_51	GSE175540	GOBP_NEGATIVE_REGULATION_OF_BLOOD_VESSEL_ENDOTHELIAL_CELL_PROLIFERATION_INVOLVED_IN_SPROUTING_ANGIOGENESIS	0.036489	-0.003063	0.005	148.6	NOT_CALIBRATED
gse175540-GSM5924041_ffpe_c_51	GSE175540	GOBP_PHYSIOLOGICAL_CARDIAC_MUSCLE_HYPERTROPHY	0.005802				NOT_TESTABLE_SIGMA_UNFIT
gse175540-GSM5924041_ffpe_c_51	GSE175540	GOBP_INTEGRIN_MEDIATED_SIGNALING_PATHWAY	0.005628	-0.000162	0.0547	90.5	NOT_CALIBRATED
gse175540-GSM5924041_ffpe_c_51	GSE175540	GOBP_RESPONSE_TO_PROSTAGLANDIN_E	0.000921				NOT_TESTABLE_SIGMA_UNFIT
gse175540-GSM5924041_ffpe_c_51	GSE175540	GOBP_CELL_ADHESION_MOLECULE_PRODUCTION	-0.015611				NOT_TESTABLE_SIGMA_UNFIT
gse175540-GSM5924041_ffpe_c_51	GSE175540	GOBP_POSITIVE_REGULATION_OF_RNA_SPLICING	-0.011924	0.000858	0.9552	155.8	NOT_CALIBRATED
gse175540-GSM5924041_ffpe_c_51	GSE175540	GOBP_DEFINITIVE_HEMOPOIESIS	0.004365	-0.00035	0.1891	85.1	NOT_CALIBRATED
gse175540-GSM5924041_ffpe_c_51	GSE175540	GOBP_PROTEIN_DEACETYLATION	0.004116				NOT_TESTABLE_SIGMA_UNFIT
gse175540-GSM5924041_ffpe_c_51	GSE175540	GOBP_CELL_JUNCTION_DISASSEMBLY	-0.001186	-0.000307	0.5572	161.4	NOT_CALIBRATED
gse175540-GSM5924041_ffpe_c_51	GSE175540	GOBP_REGULATION_OF_SYNAPTIC_VESICLE_ENDOCYTOSIS	-0.0009				NOT_TESTABLE_SIGMA_UNFIT
gse175540-GSM5924041_ffpe_c_51	GSE175540	GOBP_RESPONSE_TO_NITRIC_OXIDE	0.004174				NOT_TESTABLE_SIGMA_UNFIT
gse175540-GSM5924041_ffpe_c_51	GSE175540	GOBP_REGULATION_OF_CELL_GROWTH_INVOLVED_IN_CARDIAC_MUSCLE_CELL_DEVELOPMENT	0.009158				NOT_TESTABLE_SIGMA_UNFIT
gse175540-GSM5924041_ffpe_c_51	GSE175540	GOBP_INNERVATION	0.004242	-6.4e-05	0.2587	149.8	NOT_CALIBRATED
gse175540-GSM5924041_ffpe_c_51	GSE175540	GOBP_RESPONSE_TO_ETHER	-0.001368				NOT_TESTABLE_SIGMA_UNFIT
gse175540-GSM5924041_ffpe_c_51	GSE175540	GOBP_RESCUE_OF_STALLED_RIBOSOME	-0.000535				NOT_TESTABLE_SIGMA_UNFIT
gse175540-GSM5924041_ffpe_c_51	GSE175540	GOBP_NEGATIVE_REGULATION_OF_MUSCLE_HYPERTROPHY	0.006376	-6.4e-05	0.0597	83.1	NOT_CALIBRATED
gse175540-GSM5924041_ffpe_c_51	GSE175540	GOBP_NEURON_INTRINSIC_APOPTOTIC_SIGNALING_PATHWAY_IN_RESPONSE_TO_OXIDATIVE_STRESS	0.008873				NOT_TESTABLE_SIGMA_UNFIT
gse175540-GSM5924041_ffpe_c_51	GSE175540	GOBP_POSITIVE_REGULATION_OF_T_CELL_MIGRATION	0.004007				NOT_TESTABLE_SIGMA_UNFIT
gse175540-GSM5924041_ffpe_c_51	GSE175540	GOBP_POSITIVE_REGULATION_OF_LEUKOCYTE_ADHESION_TO_VASCULAR_ENDOTHELIAL_CELL	0.007122				NOT_TESTABLE_SIGMA_UNFIT
gse175540-GSM5924041_ffpe_c_51	GSE175540	CTRL_B_AXIS	0.001041	2e-05	0.3284	169.7	NOT_CALIBRATED
gse175540-GSM5924041_ffpe_c_51	GSE175540	CTRL_MYC_V1	-0.004062	0.000336	0.7711	174.1	NOT_CALIBRATED
gse175540-GSM5924041_ffpe_c_51	GSE175540	CTRL_RANDOM_32	0.001915				NOT_TESTABLE_SIGMA_UNFIT
gse175540-GSM5924041_ffpe_c_51	GSE175540	HALLMARK_INTERFERON_GAMMA_RESPONSE	-0.001259	0.000271	0.6468	272.7	NOT_CALIBRATED
gse175540-GSM5924041_ffpe_c_51	GSE175540	HALLMARK_INTERFERON_ALPHA_RESPONSE	-0.001315	-8.1e-05	0.592	287.3	NOT_CALIBRATED
gse175540-GSM5924041_ffpe_c_51	GSE175540	HALLMARK_G2M_CHECKPOINT	0.000753				NOT_TESTABLE_SIGMA_UNFIT
gse175540-GSM5924041_ffpe_c_51	GSE175540	HALLMARK_EPITHELIAL_MESENCHYMAL_TRANSITION	0.012085	2.9e-05	0.0448	156.6	NOT_CALIBRATED
gse175540-GSM5924041_ffpe_c_51	GSE175540	GENE_CXCL13	0.007783				NOT_TESTABLE_SIGMA_UNFIT
gse175540-GSM5924041_ffpe_c_51	GSE175540	GENE_CCL19	0.002629				NOT_TESTABLE_SIGMA_UNFIT
gse175540-GSM5924041_ffpe_c_51	GSE175540	GENE_CCL21	0.030907				NOT_TESTABLE_SIGMA_UNFIT
gse175540-GSM5924041_ffpe_c_51	GSE175540	GENE_LTB	-0.003139				NOT_TESTABLE_SIGMA_UNFIT
gse175540-GSM5924041_ffpe_c_51	GSE175540	GENE_CD74	0.00857				NOT_TESTABLE_SIGMA_UNFIT
gse175540-GSM5924041_ffpe_c_51	GSE175540	GENE_HLA_DRA	0.046333				NOT_TESTABLE_SIGMA_UNFIT
gse175540-GSM5924041_ffpe_c_51	GSE175540	GENE_IFNG	-1e-05				NOT_TESTABLE_SIGMA_UNFIT
gse175540-GSM5924041_ffpe_c_51	GSE175540	GENE_CXCL9	0.000727				NOT_TESTABLE_SIGMA_UNFIT
gse175540-GSM5924041_ffpe_c_51	GSE175540	GENE_GZMB	0.000162				NOT_TESTABLE_SIGMA_UNFIT
gse175540-GSM5924041_ffpe_c_51	GSE175540	GENE_CD8A	-0.003229				NOT_TESTABLE_SIGMA_UNFIT
gse175540-GSM5924041_ffpe_c_51	GSE175540	GENE_MKI67	4.7e-05				NOT_TESTABLE_SIGMA_UNFIT
gse175540-GSM5924041_ffpe_c_51	GSE175540	GENE_COL1A1	0.013592	0.001167	0.199	84.8	NOT_CALIBRATED
gse175540-GSM5924044_frozen_a_15	GSE175540	GOBP_REGULATION_OF_INTEGRIN_MEDIATED_SIGNALING_PATHWAY	-0.009343	0.000654	0.7363	103.2	NOT_CALIBRATED
gse175540-GSM5924044_frozen_a_15	GSE175540	GOBP_COMPLEMENT_ACTIVATION_CLASSICAL_PATHWAY	0.004819	0.000348	0.4179	161.7	NOT_CALIBRATED
gse175540-GSM5924044_frozen_a_15	GSE175540	GOBP_PEPTIDE_ANTIGEN_ASSEMBLY_WITH_MHC_PROTEIN_COMPLEX	0.014743	-0.000321	0.3184	188.1	NOT_CALIBRATED
gse175540-GSM5924044_frozen_a_15	GSE175540	GOBP_NEGATIVE_REGULATION_OF_REACTIVE_OXYGEN_SPECIES_BIOSYNTHETIC_PROCESS	0.012151	-0.001235	0.199	90.1	NOT_CALIBRATED
gse175540-GSM5924044_frozen_a_15	GSE175540	GOBP_MRNA_5_SPLICE_SITE_RECOGNITION	0.004341				NOT_TESTABLE_SIGMA_UNFIT
gse175540-GSM5924044_frozen_a_15	GSE175540	GOBP_RESPONSE_TO_INTERFERON_ALPHA	0.009596	0.000595	0.2935	89.7	NOT_CALIBRATED
gse175540-GSM5924044_frozen_a_15	GSE175540	GOBP_POSITIVE_REGULATION_OF_VASCULAR_ASSOCIATED_SMOOTH_MUSCLE_CELL_MIGRATION	-0.015456				NOT_TESTABLE_SIGMA_UNFIT
gse175540-GSM5924044_frozen_a_15	GSE175540	GOBP_NEGATIVE_REGULATION_OF_EXTRACELLULAR_MATRIX_ORGANIZATION	0.010928	-0.000534	0.2637	92.6	NOT_CALIBRATED
gse175540-GSM5924044_frozen_a_15	GSE175540	GOBP_CELL_FATE_DETERMINATION	-0.000913	0.00069	0.5871	92.4	NOT_CALIBRATED
gse175540-GSM5924044_frozen_a_15	GSE175540	GOBP_HYPERSENSITIVITY	0.014958	0.00083	0.2687	152.8	NOT_CALIBRATED
gse175540-GSM5924044_frozen_a_15	GSE175540	GOBP_NEGATIVE_REGULATION_OF_BLOOD_VESSEL_ENDOTHELIAL_CELL_PROLIFERATION_INVOLVED_IN_SPROUTING_ANGIOGENESIS	-0.0052	-0.001201	0.5771	83.3	NOT_CALIBRATED
gse175540-GSM5924044_frozen_a_15	GSE175540	GOBP_PHYSIOLOGICAL_CARDIAC_MUSCLE_HYPERTROPHY	1e-05				NOT_TESTABLE_SIGMA_UNFIT
gse175540-GSM5924044_frozen_a_15	GSE175540	GOBP_INTEGRIN_MEDIATED_SIGNALING_PATHWAY	-0.011493	-0.00131	0.8557	160.4	NOT_CALIBRATED
gse175540-GSM5924044_frozen_a_15	GSE175540	GOBP_RESPONSE_TO_PROSTAGLANDIN_E	0.005015	-0.000595	0.2438	84.4	NOT_CALIBRATED
gse175540-GSM5924044_frozen_a_15	GSE175540	GOBP_CELL_ADHESION_MOLECULE_PRODUCTION	0.018512				NOT_TESTABLE_SIGMA_UNFIT
gse175540-GSM5924044_frozen_a_15	GSE175540	GOBP_POSITIVE_REGULATION_OF_RNA_SPLICING	0.001456	-0.000282	0.4428	96.1	NOT_CALIBRATED
gse175540-GSM5924044_frozen_a_15	GSE175540	GOBP_DEFINITIVE_HEMOPOIESIS	0.007134				NOT_TESTABLE_SIGMA_UNFIT
gse175540-GSM5924044_frozen_a_15	GSE175540	GOBP_PROTEIN_DEACETYLATION	-0.002555				NOT_TESTABLE_SIGMA_UNFIT
gse175540-GSM5924044_frozen_a_15	GSE175540	GOBP_CELL_JUNCTION_DISASSEMBLY	-0.005765	-0.000869	0.6617	95.3	NOT_CALIBRATED
gse175540-GSM5924044_frozen_a_15	GSE175540	GOBP_REGULATION_OF_SYNAPTIC_VESICLE_ENDOCYTOSIS	0.006473	-0.001378	0.3234	92.2	NOT_CALIBRATED
gse175540-GSM5924044_frozen_a_15	GSE175540	GOBP_RESPONSE_TO_NITRIC_OXIDE	0.000283	-0.001979	0.4328	94.5	NOT_CALIBRATED
gse175540-GSM5924044_frozen_a_15	GSE175540	GOBP_REGULATION_OF_CELL_GROWTH_INVOLVED_IN_CARDIAC_MUSCLE_CELL_DEVELOPMENT	0.006484				NOT_TESTABLE_SIGMA_UNFIT
gse175540-GSM5924044_frozen_a_15	GSE175540	GOBP_INNERVATION	0.010612				NOT_TESTABLE_SIGMA_UNFIT
gse175540-GSM5924044_frozen_a_15	GSE175540	GOBP_RESPONSE_TO_ETHER	-0.006693	-0.001112	0.6368	91.4	NOT_CALIBRATED
gse175540-GSM5924044_frozen_a_15	GSE175540	GOBP_RESCUE_OF_STALLED_RIBOSOME	-0.000664				NOT_TESTABLE_SIGMA_UNFIT
gse175540-GSM5924044_frozen_a_15	GSE175540	GOBP_NEGATIVE_REGULATION_OF_MUSCLE_HYPERTROPHY	-0.013537	0.000159	0.9204	88.0	NOT_CALIBRATED
gse175540-GSM5924044_frozen_a_15	GSE175540	GOBP_NEURON_INTRINSIC_APOPTOTIC_SIGNALING_PATHWAY_IN_RESPONSE_TO_OXIDATIVE_STRESS	0.00466	-0.002288	0.3483	94.1	NOT_CALIBRATED
gse175540-GSM5924044_frozen_a_15	GSE175540	GOBP_POSITIVE_REGULATION_OF_T_CELL_MIGRATION	0.019939	0.001403	0.1095	153.9	NOT_CALIBRATED
gse175540-GSM5924044_frozen_a_15	GSE175540	GOBP_POSITIVE_REGULATION_OF_LEUKOCYTE_ADHESION_TO_VASCULAR_ENDOTHELIAL_CELL	0.009799	0.001089	0.2488	92.4	NOT_CALIBRATED
gse175540-GSM5924044_frozen_a_15	GSE175540	CTRL_B_AXIS	-0.000967	0.000383	0.6368	84.9	NOT_CALIBRATED
gse175540-GSM5924044_frozen_a_15	GSE175540	CTRL_MYC_V1	0.008665	0.000789	0.2985	192.0	NOT_CALIBRATED
gse175540-GSM5924044_frozen_a_15	GSE175540	CTRL_RANDOM_32	-0.004733				NOT_TESTABLE_SIGMA_UNFIT
gse175540-GSM5924044_frozen_a_15	GSE175540	HALLMARK_INTERFERON_GAMMA_RESPONSE	0.01473	-0.000234	0.1791	199.0	NOT_CALIBRATED
gse175540-GSM5924044_frozen_a_15	GSE175540	HALLMARK_INTERFERON_ALPHA_RESPONSE	0.010685	-0.000535	0.2139	185.4	NOT_CALIBRATED
gse175540-GSM5924044_frozen_a_15	GSE175540	HALLMARK_G2M_CHECKPOINT	-0.00152	-0.000337	0.6119	87.9	NOT_CALIBRATED
gse175540-GSM5924044_frozen_a_15	GSE175540	HALLMARK_EPITHELIAL_MESENCHYMAL_TRANSITION	-0.009112	-0.001626	0.7164	162.8	NOT_CALIBRATED
gse175540-GSM5924044_frozen_a_15	GSE175540	GENE_CXCL13	0.042759				NOT_TESTABLE_SIGMA_UNFIT
gse175540-GSM5924044_frozen_a_15	GSE175540	GENE_CCL19	-0.00778	-0.005081	0.5423	94.5	NOT_CALIBRATED
gse175540-GSM5924044_frozen_a_15	GSE175540	GENE_CCL21	0.124255	0.007	0.0299	93.6	NOT_CALIBRATED
gse175540-GSM5924044_frozen_a_15	GSE175540	GENE_LTB	-0.01838				NOT_TESTABLE_SIGMA_UNFIT
gse175540-GSM5924044_frozen_a_15	GSE175540	GENE_CD74	-0.002511				NOT_TESTABLE_SIGMA_UNFIT
gse175540-GSM5924044_frozen_a_15	GSE175540	GENE_HLA_DRA	0.000911				NOT_TESTABLE_SIGMA_UNFIT
gse175540-GSM5924044_frozen_a_15	GSE175540	GENE_IFNG	0.000286				NOT_TESTABLE_SIGMA_UNFIT
gse175540-GSM5924044_frozen_a_15	GSE175540	GENE_CXCL9	-0.011119	-0.010933	0.5075	159.9	NOT_CALIBRATED
gse175540-GSM5924044_frozen_a_15	GSE175540	GENE_GZMB	-0.001393				NOT_TESTABLE_SIGMA_UNFIT
gse175540-GSM5924044_frozen_a_15	GSE175540	GENE_CD8A	0.045627	0.015509	0.3582	150.3	NOT_CALIBRATED
gse175540-GSM5924044_frozen_a_15	GSE175540	GENE_MKI67	0.002171				NOT_TESTABLE_SIGMA_UNFIT
gse175540-GSM5924044_frozen_a_15	GSE175540	GENE_COL1A1	-0.118658	0.000327	0.8159	87.4	NOT_CALIBRATED
gse175540-GSM5924046_frozen_b_1	GSE175540	GOBP_REGULATION_OF_INTEGRIN_MEDIATED_SIGNALING_PATHWAY	-0.011522	-0.000332	0.796	156.9	NOT_CALIBRATED
gse175540-GSM5924046_frozen_b_1	GSE175540	GOBP_COMPLEMENT_ACTIVATION_CLASSICAL_PATHWAY	0.002306	-0.000133	0.3881	152.0	NOT_CALIBRATED
gse175540-GSM5924046_frozen_b_1	GSE175540	GOBP_PEPTIDE_ANTIGEN_ASSEMBLY_WITH_MHC_PROTEIN_COMPLEX	-0.000432	0.001155	0.5224	157.2	NOT_CALIBRATED
gse175540-GSM5924046_frozen_b_1	GSE175540	GOBP_NEGATIVE_REGULATION_OF_REACTIVE_OXYGEN_SPECIES_BIOSYNTHETIC_PROCESS	-0.009233	0.000666	0.801	80.8	NOT_CALIBRATED
gse175540-GSM5924046_frozen_b_1	GSE175540	GOBP_MRNA_5_SPLICE_SITE_RECOGNITION	-0.003389				NOT_TESTABLE_SIGMA_UNFIT
gse175540-GSM5924046_frozen_b_1	GSE175540	GOBP_RESPONSE_TO_INTERFERON_ALPHA	-0.012925	0.000191	0.9154	90.7	NOT_CALIBRATED
gse175540-GSM5924046_frozen_b_1	GSE175540	GOBP_POSITIVE_REGULATION_OF_VASCULAR_ASSOCIATED_SMOOTH_MUSCLE_CELL_MIGRATION	-0.003075				NOT_TESTABLE_SIGMA_UNFIT
gse175540-GSM5924046_frozen_b_1	GSE175540	GOBP_NEGATIVE_REGULATION_OF_EXTRACELLULAR_MATRIX_ORGANIZATION	0.000703	0.00032	0.4925	89.5	NOT_CALIBRATED
gse175540-GSM5924046_frozen_b_1	GSE175540	GOBP_CELL_FATE_DETERMINATION	-0.001174	0.000328	0.6269	83.5	NOT_CALIBRATED
gse175540-GSM5924046_frozen_b_1	GSE175540	GOBP_HYPERSENSITIVITY	0.005836	0.000342	0.3085	92.4	NOT_CALIBRATED
gse175540-GSM5924046_frozen_b_1	GSE175540	GOBP_NEGATIVE_REGULATION_OF_BLOOD_VESSEL_ENDOTHELIAL_CELL_PROLIFERATION_INVOLVED_IN_SPROUTING_ANGIOGENESIS	0.00374	-0.000466	0.3781	84.6	NOT_CALIBRATED
gse175540-GSM5924046_frozen_b_1	GSE175540	GOBP_PHYSIOLOGICAL_CARDIAC_MUSCLE_HYPERTROPHY	0.000217				NOT_TESTABLE_SIGMA_UNFIT
gse175540-GSM5924046_frozen_b_1	GSE175540	GOBP_INTEGRIN_MEDIATED_SIGNALING_PATHWAY	-0.003312	-0.000968	0.597	182.8	NOT_CALIBRATED
gse175540-GSM5924046_frozen_b_1	GSE175540	GOBP_RESPONSE_TO_PROSTAGLANDIN_E	-0.00177				NOT_TESTABLE_SIGMA_UNFIT
gse175540-GSM5924046_frozen_b_1	GSE175540	GOBP_CELL_ADHESION_MOLECULE_PRODUCTION	-0.008644				NOT_TESTABLE_SIGMA_UNFIT
gse175540-GSM5924046_frozen_b_1	GSE175540	GOBP_POSITIVE_REGULATION_OF_RNA_SPLICING	-0.007679				NOT_TESTABLE_SIGMA_UNFIT
gse175540-GSM5924046_frozen_b_1	GSE175540	GOBP_DEFINITIVE_HEMOPOIESIS	0.000289				NOT_TESTABLE_SIGMA_UNFIT
gse175540-GSM5924046_frozen_b_1	GSE175540	GOBP_PROTEIN_DEACETYLATION	0.000932				NOT_TESTABLE_SIGMA_UNFIT
gse175540-GSM5924046_frozen_b_1	GSE175540	GOBP_CELL_JUNCTION_DISASSEMBLY	0.003731	5e-05	0.3483	92.8	NOT_CALIBRATED
gse175540-GSM5924046_frozen_b_1	GSE175540	GOBP_REGULATION_OF_SYNAPTIC_VESICLE_ENDOCYTOSIS	-0.005556	0.000162	0.7811	82.6	NOT_CALIBRATED
gse175540-GSM5924046_frozen_b_1	GSE175540	GOBP_RESPONSE_TO_NITRIC_OXIDE	-0.004985	0.00027	0.7065	83.0	NOT_CALIBRATED
gse175540-GSM5924046_frozen_b_1	GSE175540	GOBP_REGULATION_OF_CELL_GROWTH_INVOLVED_IN_CARDIAC_MUSCLE_CELL_DEVELOPMENT	-0.001711				NOT_TESTABLE_SIGMA_UNFIT
gse175540-GSM5924046_frozen_b_1	GSE175540	GOBP_INNERVATION	-0.000546	0.000489	0.597	86.3	NOT_CALIBRATED
gse175540-GSM5924046_frozen_b_1	GSE175540	GOBP_RESPONSE_TO_ETHER	0.002045				NOT_TESTABLE_SIGMA_UNFIT
gse175540-GSM5924046_frozen_b_1	GSE175540	GOBP_RESCUE_OF_STALLED_RIBOSOME	0.002705				NOT_TESTABLE_SIGMA_UNFIT
gse175540-GSM5924046_frozen_b_1	GSE175540	GOBP_NEGATIVE_REGULATION_OF_MUSCLE_HYPERTROPHY	-0.004962				NOT_TESTABLE_SIGMA_UNFIT
gse175540-GSM5924046_frozen_b_1	GSE175540	GOBP_NEURON_INTRINSIC_APOPTOTIC_SIGNALING_PATHWAY_IN_RESPONSE_TO_OXIDATIVE_STRESS	1.6e-05	-0.000743	0.4826	81.8	NOT_CALIBRATED
gse175540-GSM5924046_frozen_b_1	GSE175540	GOBP_POSITIVE_REGULATION_OF_T_CELL_MIGRATION	-0.008305	-0.001076	0.8408	87.5	NOT_CALIBRATED
gse175540-GSM5924046_frozen_b_1	GSE175540	GOBP_POSITIVE_REGULATION_OF_LEUKOCYTE_ADHESION_TO_VASCULAR_ENDOTHELIAL_CELL	0.003291	1.2e-05	0.3085	86.0	NOT_CALIBRATED
gse175540-GSM5924046_frozen_b_1	GSE175540	CTRL_B_AXIS	-0.000701				NOT_TESTABLE_SIGMA_UNFIT
gse175540-GSM5924046_frozen_b_1	GSE175540	CTRL_MYC_V1	-0.006908	0.000316	0.8905	89.9	NOT_CALIBRATED
gse175540-GSM5924046_frozen_b_1	GSE175540	CTRL_RANDOM_32	0.000571				NOT_TESTABLE_SIGMA_UNFIT
gse175540-GSM5924046_frozen_b_1	GSE175540	HALLMARK_INTERFERON_GAMMA_RESPONSE	-0.001242	0.000159	0.6119	101.8	NOT_CALIBRATED
gse175540-GSM5924046_frozen_b_1	GSE175540	HALLMARK_INTERFERON_ALPHA_RESPONSE	-0.004372	-0.000527	0.7413	97.4	NOT_CALIBRATED
gse175540-GSM5924046_frozen_b_1	GSE175540	HALLMARK_G2M_CHECKPOINT	-0.002141				NOT_TESTABLE_SIGMA_UNFIT
gse175540-GSM5924046_frozen_b_1	GSE175540	HALLMARK_EPITHELIAL_MESENCHYMAL_TRANSITION	-0.005627	0.000448	0.6965	192.3	NOT_CALIBRATED
gse175540-GSM5924046_frozen_b_1	GSE175540	GENE_CXCL13	-0.015735				NOT_TESTABLE_SIGMA_UNFIT
gse175540-GSM5924046_frozen_b_1	GSE175540	GENE_CCL19	-0.006076				NOT_TESTABLE_SIGMA_UNFIT
gse175540-GSM5924046_frozen_b_1	GSE175540	GENE_CCL21	-0.036463	0.001796	0.9851	100.3	NOT_CALIBRATED
gse175540-GSM5924046_frozen_b_1	GSE175540	GENE_LTB	-0.006613				NOT_TESTABLE_SIGMA_UNFIT
gse175540-GSM5924046_frozen_b_1	GSE175540	GENE_CD74	-0.000355				NOT_TESTABLE_SIGMA_UNFIT
gse175540-GSM5924046_frozen_b_1	GSE175540	GENE_HLA_DRA	0.009331				NOT_TESTABLE_SIGMA_UNFIT
gse175540-GSM5924046_frozen_b_1	GSE175540	GENE_IFNG	-5.6e-05				NOT_TESTABLE_SIGMA_UNFIT
gse175540-GSM5924046_frozen_b_1	GSE175540	GENE_CXCL9	-0.0084				NOT_TESTABLE_SIGMA_UNFIT
gse175540-GSM5924046_frozen_b_1	GSE175540	GENE_GZMB	-0.005313				NOT_TESTABLE_SIGMA_UNFIT
gse175540-GSM5924046_frozen_b_1	GSE175540	GENE_CD8A	-0.005542				NOT_TESTABLE_SIGMA_UNFIT
gse175540-GSM5924046_frozen_b_1	GSE175540	GENE_MKI67	0.000564				NOT_TESTABLE_SIGMA_UNFIT
gse175540-GSM5924046_frozen_b_1	GSE175540	GENE_COL1A1	-0.011382	0.00321	0.5522	160.8	NOT_CALIBRATED
gse175540-GSM5924049_frozen_b_18	GSE175540	GOBP_REGULATION_OF_INTEGRIN_MEDIATED_SIGNALING_PATHWAY	0.006469				NOT_TESTABLE_SIGMA_UNFIT
gse175540-GSM5924049_frozen_b_18	GSE175540	GOBP_COMPLEMENT_ACTIVATION_CLASSICAL_PATHWAY	-0.01022				NOT_TESTABLE_SIGMA_UNFIT
gse175540-GSM5924049_frozen_b_18	GSE175540	GOBP_PEPTIDE_ANTIGEN_ASSEMBLY_WITH_MHC_PROTEIN_COMPLEX	-0.014205	0.002643	0.8955	87.8	NOT_CALIBRATED
gse175540-GSM5924049_frozen_b_18	GSE175540	GOBP_NEGATIVE_REGULATION_OF_REACTIVE_OXYGEN_SPECIES_BIOSYNTHETIC_PROCESS	-0.006019				NOT_TESTABLE_SIGMA_UNFIT
gse175540-GSM5924049_frozen_b_18	GSE175540	GOBP_MRNA_5_SPLICE_SITE_RECOGNITION	0.003307				NOT_TESTABLE_SIGMA_UNFIT
gse175540-GSM5924049_frozen_b_18	GSE175540	GOBP_RESPONSE_TO_INTERFERON_ALPHA	-0.017418				NOT_TESTABLE_SIGMA_UNFIT
gse175540-GSM5924049_frozen_b_18	GSE175540	GOBP_POSITIVE_REGULATION_OF_VASCULAR_ASSOCIATED_SMOOTH_MUSCLE_CELL_MIGRATION	0.004943				NOT_TESTABLE_SIGMA_UNFIT
gse175540-GSM5924049_frozen_b_18	GSE175540	GOBP_NEGATIVE_REGULATION_OF_EXTRACELLULAR_MATRIX_ORGANIZATION	0.016573				NOT_TESTABLE_SIGMA_UNFIT
gse175540-GSM5924049_frozen_b_18	GSE175540	GOBP_CELL_FATE_DETERMINATION	0.007425				NOT_TESTABLE_SIGMA_UNFIT
gse175540-GSM5924049_frozen_b_18	GSE175540	GOBP_HYPERSENSITIVITY	-0.0026				NOT_TESTABLE_SIGMA_UNFIT
gse175540-GSM5924049_frozen_b_18	GSE175540	GOBP_NEGATIVE_REGULATION_OF_BLOOD_VESSEL_ENDOTHELIAL_CELL_PROLIFERATION_INVOLVED_IN_SPROUTING_ANGIOGENESIS	-0.002354				NOT_TESTABLE_SIGMA_UNFIT
gse175540-GSM5924049_frozen_b_18	GSE175540	GOBP_PHYSIOLOGICAL_CARDIAC_MUSCLE_HYPERTROPHY	0.005769				NOT_TESTABLE_SIGMA_UNFIT
gse175540-GSM5924049_frozen_b_18	GSE175540	GOBP_INTEGRIN_MEDIATED_SIGNALING_PATHWAY	0.00083				NOT_TESTABLE_SIGMA_UNFIT
gse175540-GSM5924049_frozen_b_18	GSE175540	GOBP_RESPONSE_TO_PROSTAGLANDIN_E	-0.000715				NOT_TESTABLE_SIGMA_UNFIT
gse175540-GSM5924049_frozen_b_18	GSE175540	GOBP_CELL_ADHESION_MOLECULE_PRODUCTION	0.003108				NOT_TESTABLE_SIGMA_UNFIT
gse175540-GSM5924049_frozen_b_18	GSE175540	GOBP_POSITIVE_REGULATION_OF_RNA_SPLICING	-0.001546				NOT_TESTABLE_SIGMA_UNFIT
gse175540-GSM5924049_frozen_b_18	GSE175540	GOBP_DEFINITIVE_HEMOPOIESIS	-0.001293				NOT_TESTABLE_SIGMA_UNFIT
gse175540-GSM5924049_frozen_b_18	GSE175540	GOBP_PROTEIN_DEACETYLATION	0.005199				NOT_TESTABLE_SIGMA_UNFIT
gse175540-GSM5924049_frozen_b_18	GSE175540	GOBP_CELL_JUNCTION_DISASSEMBLY	-0.003439				NOT_TESTABLE_SIGMA_UNFIT
gse175540-GSM5924049_frozen_b_18	GSE175540	GOBP_REGULATION_OF_SYNAPTIC_VESICLE_ENDOCYTOSIS	0.00154				NOT_TESTABLE_SIGMA_UNFIT
gse175540-GSM5924049_frozen_b_18	GSE175540	GOBP_RESPONSE_TO_NITRIC_OXIDE	-0.003591				NOT_TESTABLE_SIGMA_UNFIT
gse175540-GSM5924049_frozen_b_18	GSE175540	GOBP_REGULATION_OF_CELL_GROWTH_INVOLVED_IN_CARDIAC_MUSCLE_CELL_DEVELOPMENT	0.00761				NOT_TESTABLE_SIGMA_UNFIT
gse175540-GSM5924049_frozen_b_18	GSE175540	GOBP_INNERVATION	0.005332				NOT_TESTABLE_SIGMA_UNFIT
gse175540-GSM5924049_frozen_b_18	GSE175540	GOBP_RESPONSE_TO_ETHER	0.007191				NOT_TESTABLE_SIGMA_UNFIT
gse175540-GSM5924049_frozen_b_18	GSE175540	GOBP_RESCUE_OF_STALLED_RIBOSOME	0.000686				NOT_TESTABLE_SIGMA_UNFIT
gse175540-GSM5924049_frozen_b_18	GSE175540	GOBP_NEGATIVE_REGULATION_OF_MUSCLE_HYPERTROPHY	0.000728				NOT_TESTABLE_SIGMA_UNFIT
gse175540-GSM5924049_frozen_b_18	GSE175540	GOBP_NEURON_INTRINSIC_APOPTOTIC_SIGNALING_PATHWAY_IN_RESPONSE_TO_OXIDATIVE_STRESS	-0.008026				NOT_TESTABLE_SIGMA_UNFIT
gse175540-GSM5924049_frozen_b_18	GSE175540	GOBP_POSITIVE_REGULATION_OF_T_CELL_MIGRATION	-0.009269				NOT_TESTABLE_SIGMA_UNFIT
gse175540-GSM5924049_frozen_b_18	GSE175540	GOBP_POSITIVE_REGULATION_OF_LEUKOCYTE_ADHESION_TO_VASCULAR_ENDOTHELIAL_CELL	-0.003407				NOT_TESTABLE_SIGMA_UNFIT
gse175540-GSM5924049_frozen_b_18	GSE175540	CTRL_B_AXIS	-0.001674				NOT_TESTABLE_SIGMA_UNFIT
gse175540-GSM5924049_frozen_b_18	GSE175540	CTRL_MYC_V1	-0.007322	0.000632	0.9154	86.0	NOT_CALIBRATED
gse175540-GSM5924049_frozen_b_18	GSE175540	CTRL_RANDOM_32	-0.006132				NOT_TESTABLE_SIGMA_UNFIT
gse175540-GSM5924049_frozen_b_18	GSE175540	HALLMARK_INTERFERON_GAMMA_RESPONSE	-0.015817	6.1e-05	0.9602	100.8	NOT_CALIBRATED
gse175540-GSM5924049_frozen_b_18	GSE175540	HALLMARK_INTERFERON_ALPHA_RESPONSE	-0.019423	-0.001006	0.9254	100.7	NOT_CALIBRATED
gse175540-GSM5924049_frozen_b_18	GSE175540	HALLMARK_G2M_CHECKPOINT	0.001273				NOT_TESTABLE_SIGMA_UNFIT
gse175540-GSM5924049_frozen_b_18	GSE175540	HALLMARK_EPITHELIAL_MESENCHYMAL_TRANSITION	0.001111				NOT_TESTABLE_SIGMA_UNFIT
gse175540-GSM5924049_frozen_b_18	GSE175540	GENE_CXCL13	-0.011768				NOT_TESTABLE_SIGMA_UNFIT
gse175540-GSM5924049_frozen_b_18	GSE175540	GENE_CCL19	0.0				NOT_TESTABLE_SIGMA_UNFIT
gse175540-GSM5924049_frozen_b_18	GSE175540	GENE_CCL21	-0.002746				NOT_TESTABLE_SIGMA_UNFIT
gse175540-GSM5924049_frozen_b_18	GSE175540	GENE_LTB	0.009815				NOT_TESTABLE_SIGMA_UNFIT
gse175540-GSM5924049_frozen_b_18	GSE175540	GENE_CD74	-0.000514				NOT_TESTABLE_SIGMA_UNFIT
gse175540-GSM5924049_frozen_b_18	GSE175540	GENE_HLA_DRA	-0.000321	-2.8e-05	0.5075	87.0	NOT_CALIBRATED
gse175540-GSM5924049_frozen_b_18	GSE175540	GENE_IFNG	0.000495				NOT_TESTABLE_SIGMA_UNFIT
gse175540-GSM5924049_frozen_b_18	GSE175540	GENE_CXCL9	-0.006977				NOT_TESTABLE_SIGMA_UNFIT
gse175540-GSM5924049_frozen_b_18	GSE175540	GENE_GZMB	-0.006997				NOT_TESTABLE_SIGMA_UNFIT
gse175540-GSM5924049_frozen_b_18	GSE175540	GENE_CD8A	0.002482				NOT_TESTABLE_SIGMA_UNFIT
gse175540-GSM5924049_frozen_b_18	GSE175540	GENE_MKI67	-0.002097				NOT_TESTABLE_SIGMA_UNFIT
gse175540-GSM5924049_frozen_b_18	GSE175540	GENE_COL1A1	0.002632				NOT_TESTABLE_SIGMA_UNFIT
gse175540-GSM5924050_frozen_c_2	GSE175540	GOBP_REGULATION_OF_INTEGRIN_MEDIATED_SIGNALING_PATHWAY	-0.027591	-0.000547	0.9453	87.8	NOT_CALIBRATED
gse175540-GSM5924050_frozen_c_2	GSE175540	GOBP_COMPLEMENT_ACTIVATION_CLASSICAL_PATHWAY	0.002804				NOT_TESTABLE_SIGMA_UNFIT
gse175540-GSM5924050_frozen_c_2	GSE175540	GOBP_PEPTIDE_ANTIGEN_ASSEMBLY_WITH_MHC_PROTEIN_COMPLEX	-0.048285	0.006177	0.9403	154.3	NOT_CALIBRATED
gse175540-GSM5924050_frozen_c_2	GSE175540	GOBP_NEGATIVE_REGULATION_OF_REACTIVE_OXYGEN_SPECIES_BIOSYNTHETIC_PROCESS	-0.014303				NOT_TESTABLE_SIGMA_UNFIT
gse175540-GSM5924050_frozen_c_2	GSE175540	GOBP_MRNA_5_SPLICE_SITE_RECOGNITION	0.006228				NOT_TESTABLE_SIGMA_UNFIT
gse175540-GSM5924050_frozen_c_2	GSE175540	GOBP_RESPONSE_TO_INTERFERON_ALPHA	-0.002541				NOT_TESTABLE_SIGMA_UNFIT
gse175540-GSM5924050_frozen_c_2	GSE175540	GOBP_POSITIVE_REGULATION_OF_VASCULAR_ASSOCIATED_SMOOTH_MUSCLE_CELL_MIGRATION	-0.006305				NOT_TESTABLE_SIGMA_UNFIT
gse175540-GSM5924050_frozen_c_2	GSE175540	GOBP_NEGATIVE_REGULATION_OF_EXTRACELLULAR_MATRIX_ORGANIZATION	-0.002607				NOT_TESTABLE_SIGMA_UNFIT
gse175540-GSM5924050_frozen_c_2	GSE175540	GOBP_CELL_FATE_DETERMINATION	-0.005398				NOT_TESTABLE_SIGMA_UNFIT
gse175540-GSM5924050_frozen_c_2	GSE175540	GOBP_HYPERSENSITIVITY	0.004549	0.00167	0.408	87.2	NOT_CALIBRATED
gse175540-GSM5924050_frozen_c_2	GSE175540	GOBP_NEGATIVE_REGULATION_OF_BLOOD_VESSEL_ENDOTHELIAL_CELL_PROLIFERATION_INVOLVED_IN_SPROUTING_ANGIOGENESIS	0.00221				NOT_TESTABLE_SIGMA_UNFIT
gse175540-GSM5924050_frozen_c_2	GSE175540	GOBP_PHYSIOLOGICAL_CARDIAC_MUSCLE_HYPERTROPHY	-0.003342				NOT_TESTABLE_SIGMA_UNFIT
gse175540-GSM5924050_frozen_c_2	GSE175540	GOBP_INTEGRIN_MEDIATED_SIGNALING_PATHWAY	-0.011997	-0.001409	0.8806	102.2	NOT_CALIBRATED
gse175540-GSM5924050_frozen_c_2	GSE175540	GOBP_RESPONSE_TO_PROSTAGLANDIN_E	-0.009087				NOT_TESTABLE_SIGMA_UNFIT
gse175540-GSM5924050_frozen_c_2	GSE175540	GOBP_CELL_ADHESION_MOLECULE_PRODUCTION	-0.011753				NOT_TESTABLE_SIGMA_UNFIT
gse175540-GSM5924050_frozen_c_2	GSE175540	GOBP_POSITIVE_REGULATION_OF_RNA_SPLICING	-0.008385				NOT_TESTABLE_SIGMA_UNFIT
gse175540-GSM5924050_frozen_c_2	GSE175540	GOBP_DEFINITIVE_HEMOPOIESIS	0.002144				NOT_TESTABLE_SIGMA_UNFIT
gse175540-GSM5924050_frozen_c_2	GSE175540	GOBP_PROTEIN_DEACETYLATION	-0.013225				NOT_TESTABLE_SIGMA_UNFIT
gse175540-GSM5924050_frozen_c_2	GSE175540	GOBP_CELL_JUNCTION_DISASSEMBLY	-0.007411	0.000974	0.7811	91.2	NOT_CALIBRATED
gse175540-GSM5924050_frozen_c_2	GSE175540	GOBP_REGULATION_OF_SYNAPTIC_VESICLE_ENDOCYTOSIS	-0.014584				NOT_TESTABLE_SIGMA_UNFIT
gse175540-GSM5924050_frozen_c_2	GSE175540	GOBP_RESPONSE_TO_NITRIC_OXIDE	-0.01162				NOT_TESTABLE_SIGMA_UNFIT
gse175540-GSM5924050_frozen_c_2	GSE175540	GOBP_REGULATION_OF_CELL_GROWTH_INVOLVED_IN_CARDIAC_MUSCLE_CELL_DEVELOPMENT	-0.004761				NOT_TESTABLE_SIGMA_UNFIT
gse175540-GSM5924050_frozen_c_2	GSE175540	GOBP_INNERVATION	-0.006386				NOT_TESTABLE_SIGMA_UNFIT
gse175540-GSM5924050_frozen_c_2	GSE175540	GOBP_RESPONSE_TO_ETHER	-0.015564	-0.002019	0.8955	88.3	NOT_CALIBRATED
gse175540-GSM5924050_frozen_c_2	GSE175540	GOBP_RESCUE_OF_STALLED_RIBOSOME	-0.004085				NOT_TESTABLE_SIGMA_UNFIT
gse175540-GSM5924050_frozen_c_2	GSE175540	GOBP_NEGATIVE_REGULATION_OF_MUSCLE_HYPERTROPHY	-0.014189				NOT_TESTABLE_SIGMA_UNFIT
gse175540-GSM5924050_frozen_c_2	GSE175540	GOBP_NEURON_INTRINSIC_APOPTOTIC_SIGNALING_PATHWAY_IN_RESPONSE_TO_OXIDATIVE_STRESS	-0.010812				NOT_TESTABLE_SIGMA_UNFIT
gse175540-GSM5924050_frozen_c_2	GSE175540	GOBP_POSITIVE_REGULATION_OF_T_CELL_MIGRATION	-0.011589	0.000672	0.8856	89.2	NOT_CALIBRATED
gse175540-GSM5924050_frozen_c_2	GSE175540	GOBP_POSITIVE_REGULATION_OF_LEUKOCYTE_ADHESION_TO_VASCULAR_ENDOTHELIAL_CELL	-0.006222	0.000374	0.7065	87.8	NOT_CALIBRATED
gse175540-GSM5924050_frozen_c_2	GSE175540	CTRL_B_AXIS	0.000306				NOT_TESTABLE_SIGMA_UNFIT
gse175540-GSM5924050_frozen_c_2	GSE175540	CTRL_MYC_V1	-0.021034	-0.001069	0.9303	154.1	NOT_CALIBRATED
gse175540-GSM5924050_frozen_c_2	GSE175540	CTRL_RANDOM_32	-0.003464				NOT_TESTABLE_SIGMA_UNFIT
gse175540-GSM5924050_frozen_c_2	GSE175540	HALLMARK_INTERFERON_GAMMA_RESPONSE	-0.016381	0.0005	0.9502	156.5	NOT_CALIBRATED
gse175540-GSM5924050_frozen_c_2	GSE175540	HALLMARK_INTERFERON_ALPHA_RESPONSE	-0.010478	0.001662	0.8856	101.3	NOT_CALIBRATED
gse175540-GSM5924050_frozen_c_2	GSE175540	HALLMARK_G2M_CHECKPOINT	-0.00212	-1.8e-05	0.7164	89.4	NOT_CALIBRATED
gse175540-GSM5924050_frozen_c_2	GSE175540	HALLMARK_EPITHELIAL_MESENCHYMAL_TRANSITION	-0.008541	-0.00136	0.7413	102.2	NOT_CALIBRATED
gse175540-GSM5924050_frozen_c_2	GSE175540	GENE_CXCL13	-0.021022				NOT_TESTABLE_SIGMA_UNFIT
gse175540-GSM5924050_frozen_c_2	GSE175540	GENE_CCL19	-0.006249				NOT_TESTABLE_SIGMA_UNFIT
gse175540-GSM5924050_frozen_c_2	GSE175540	GENE_CCL21	0.016833				NOT_TESTABLE_SIGMA_UNFIT
gse175540-GSM5924050_frozen_c_2	GSE175540	GENE_LTB	-0.015943				NOT_TESTABLE_SIGMA_UNFIT
gse175540-GSM5924050_frozen_c_2	GSE175540	GENE_CD74	0.013494				NOT_TESTABLE_SIGMA_UNFIT
gse175540-GSM5924050_frozen_c_2	GSE175540	GENE_HLA_DRA	-0.050895				NOT_TESTABLE_SIGMA_UNFIT
gse175540-GSM5924050_frozen_c_2	GSE175540	GENE_IFNG	0.000788				NOT_TESTABLE_SIGMA_UNFIT
gse175540-GSM5924050_frozen_c_2	GSE175540	GENE_CXCL9	-0.064979				NOT_TESTABLE_SIGMA_UNFIT
gse175540-GSM5924050_frozen_c_2	GSE175540	GENE_GZMB	0.010875				NOT_TESTABLE_SIGMA_UNFIT
gse175540-GSM5924050_frozen_c_2	GSE175540	GENE_CD8A	0.002164				NOT_TESTABLE_SIGMA_UNFIT
gse175540-GSM5924050_frozen_c_2	GSE175540	GENE_MKI67	-0.009479				NOT_TESTABLE_SIGMA_UNFIT
gse175540-GSM5924050_frozen_c_2	GSE175540	GENE_COL1A1	-0.050749				NOT_TESTABLE_SIGMA_UNFIT
gse175540-GSM5924051_frozen_c_5	GSE175540	GOBP_REGULATION_OF_INTEGRIN_MEDIATED_SIGNALING_PATHWAY	-0.006885				NOT_TESTABLE_SIGMA_UNFIT
gse175540-GSM5924051_frozen_c_5	GSE175540	GOBP_COMPLEMENT_ACTIVATION_CLASSICAL_PATHWAY	-0.013344				NOT_TESTABLE_SIGMA_UNFIT
gse175540-GSM5924051_frozen_c_5	GSE175540	GOBP_PEPTIDE_ANTIGEN_ASSEMBLY_WITH_MHC_PROTEIN_COMPLEX	-0.007596	-0.001904	0.5821	84.0	NOT_CALIBRATED
gse175540-GSM5924051_frozen_c_5	GSE175540	GOBP_NEGATIVE_REGULATION_OF_REACTIVE_OXYGEN_SPECIES_BIOSYNTHETIC_PROCESS	-0.000367				NOT_TESTABLE_SIGMA_UNFIT
gse175540-GSM5924051_frozen_c_5	GSE175540	GOBP_MRNA_5_SPLICE_SITE_RECOGNITION	-0.018406				NOT_TESTABLE_SIGMA_UNFIT
gse175540-GSM5924051_frozen_c_5	GSE175540	GOBP_RESPONSE_TO_INTERFERON_ALPHA	-0.006503				NOT_TESTABLE_SIGMA_UNFIT
gse175540-GSM5924051_frozen_c_5	GSE175540	GOBP_POSITIVE_REGULATION_OF_VASCULAR_ASSOCIATED_SMOOTH_MUSCLE_CELL_MIGRATION	0.004308				NOT_TESTABLE_SIGMA_UNFIT
gse175540-GSM5924051_frozen_c_5	GSE175540	GOBP_NEGATIVE_REGULATION_OF_EXTRACELLULAR_MATRIX_ORGANIZATION	-0.008813				NOT_TESTABLE_SIGMA_UNFIT
gse175540-GSM5924051_frozen_c_5	GSE175540	GOBP_CELL_FATE_DETERMINATION	-0.004449				NOT_TESTABLE_SIGMA_UNFIT
gse175540-GSM5924051_frozen_c_5	GSE175540	GOBP_HYPERSENSITIVITY	0.003447				NOT_TESTABLE_SIGMA_UNFIT
gse175540-GSM5924051_frozen_c_5	GSE175540	GOBP_NEGATIVE_REGULATION_OF_BLOOD_VESSEL_ENDOTHELIAL_CELL_PROLIFERATION_INVOLVED_IN_SPROUTING_ANGIOGENESIS	-0.038246	0.002425	0.9502	86.7	NOT_CALIBRATED
gse175540-GSM5924051_frozen_c_5	GSE175540	GOBP_PHYSIOLOGICAL_CARDIAC_MUSCLE_HYPERTROPHY	-0.007426				NOT_TESTABLE_SIGMA_UNFIT
gse175540-GSM5924051_frozen_c_5	GSE175540	GOBP_INTEGRIN_MEDIATED_SIGNALING_PATHWAY	-0.010877				NOT_TESTABLE_SIGMA_UNFIT
gse175540-GSM5924051_frozen_c_5	GSE175540	GOBP_RESPONSE_TO_PROSTAGLANDIN_E	0.006715				NOT_TESTABLE_SIGMA_UNFIT
gse175540-GSM5924051_frozen_c_5	GSE175540	GOBP_CELL_ADHESION_MOLECULE_PRODUCTION	0.003418				NOT_TESTABLE_SIGMA_UNFIT
gse175540-GSM5924051_frozen_c_5	GSE175540	GOBP_POSITIVE_REGULATION_OF_RNA_SPLICING	0.003307				NOT_TESTABLE_SIGMA_UNFIT
gse175540-GSM5924051_frozen_c_5	GSE175540	GOBP_DEFINITIVE_HEMOPOIESIS	-0.003658				NOT_TESTABLE_SIGMA_UNFIT
gse175540-GSM5924051_frozen_c_5	GSE175540	GOBP_PROTEIN_DEACETYLATION	-0.005257				NOT_TESTABLE_SIGMA_UNFIT
gse175540-GSM5924051_frozen_c_5	GSE175540	GOBP_CELL_JUNCTION_DISASSEMBLY	-0.015949				NOT_TESTABLE_SIGMA_UNFIT
gse175540-GSM5924051_frozen_c_5	GSE175540	GOBP_REGULATION_OF_SYNAPTIC_VESICLE_ENDOCYTOSIS	-0.008134				NOT_TESTABLE_SIGMA_UNFIT
gse175540-GSM5924051_frozen_c_5	GSE175540	GOBP_RESPONSE_TO_NITRIC_OXIDE	0.003272				NOT_TESTABLE_SIGMA_UNFIT
gse175540-GSM5924051_frozen_c_5	GSE175540	GOBP_REGULATION_OF_CELL_GROWTH_INVOLVED_IN_CARDIAC_MUSCLE_CELL_DEVELOPMENT	-0.00957				NOT_TESTABLE_SIGMA_UNFIT
gse175540-GSM5924051_frozen_c_5	GSE175540	GOBP_INNERVATION	-0.011859				NOT_TESTABLE_SIGMA_UNFIT
gse175540-GSM5924051_frozen_c_5	GSE175540	GOBP_RESPONSE_TO_ETHER	0.010955				NOT_TESTABLE_SIGMA_UNFIT
gse175540-GSM5924051_frozen_c_5	GSE175540	GOBP_RESCUE_OF_STALLED_RIBOSOME	-0.003667				NOT_TESTABLE_SIGMA_UNFIT
gse175540-GSM5924051_frozen_c_5	GSE175540	GOBP_NEGATIVE_REGULATION_OF_MUSCLE_HYPERTROPHY	-0.010683				NOT_TESTABLE_SIGMA_UNFIT
gse175540-GSM5924051_frozen_c_5	GSE175540	GOBP_NEURON_INTRINSIC_APOPTOTIC_SIGNALING_PATHWAY_IN_RESPONSE_TO_OXIDATIVE_STRESS	-0.018784				NOT_TESTABLE_SIGMA_UNFIT
gse175540-GSM5924051_frozen_c_5	GSE175540	GOBP_POSITIVE_REGULATION_OF_T_CELL_MIGRATION	0.006461				NOT_TESTABLE_SIGMA_UNFIT
gse175540-GSM5924051_frozen_c_5	GSE175540	GOBP_POSITIVE_REGULATION_OF_LEUKOCYTE_ADHESION_TO_VASCULAR_ENDOTHELIAL_CELL	-0.000928				NOT_TESTABLE_SIGMA_UNFIT
gse175540-GSM5924051_frozen_c_5	GSE175540	CTRL_B_AXIS	-0.00552				NOT_TESTABLE_SIGMA_UNFIT
gse175540-GSM5924051_frozen_c_5	GSE175540	CTRL_MYC_V1	0.008482	0.00069	0.2388	88.5	NOT_CALIBRATED
gse175540-GSM5924051_frozen_c_5	GSE175540	CTRL_RANDOM_32	-0.006292				NOT_TESTABLE_SIGMA_UNFIT
gse175540-GSM5924051_frozen_c_5	GSE175540	HALLMARK_INTERFERON_GAMMA_RESPONSE	-0.001144				NOT_TESTABLE_SIGMA_UNFIT
gse175540-GSM5924051_frozen_c_5	GSE175540	HALLMARK_INTERFERON_ALPHA_RESPONSE	-0.008226				NOT_TESTABLE_SIGMA_UNFIT
gse175540-GSM5924051_frozen_c_5	GSE175540	HALLMARK_G2M_CHECKPOINT	-0.000408				NOT_TESTABLE_SIGMA_UNFIT
gse175540-GSM5924051_frozen_c_5	GSE175540	HALLMARK_EPITHELIAL_MESENCHYMAL_TRANSITION	-0.017538	0.000409	0.9104	91.1	NOT_CALIBRATED
gse175540-GSM5924051_frozen_c_5	GSE175540	GENE_CXCL13	-0.030141				NOT_TESTABLE_SIGMA_UNFIT
gse175540-GSM5924051_frozen_c_5	GSE175540	GENE_CCL19	0.020799				NOT_TESTABLE_SIGMA_UNFIT
gse175540-GSM5924051_frozen_c_5	GSE175540	GENE_CCL21	-0.037109				NOT_TESTABLE_SIGMA_UNFIT
gse175540-GSM5924051_frozen_c_5	GSE175540	GENE_LTB	0.02135				NOT_TESTABLE_SIGMA_UNFIT
gse175540-GSM5924051_frozen_c_5	GSE175540	GENE_CD74	-0.005352				NOT_TESTABLE_SIGMA_UNFIT
gse175540-GSM5924051_frozen_c_5	GSE175540	GENE_HLA_DRA	0.002626				NOT_TESTABLE_SIGMA_UNFIT
gse175540-GSM5924051_frozen_c_5	GSE175540	GENE_IFNG	0.017189				NOT_TESTABLE_SIGMA_UNFIT
gse175540-GSM5924051_frozen_c_5	GSE175540	GENE_CXCL9	0.130477				NOT_TESTABLE_SIGMA_UNFIT
gse175540-GSM5924051_frozen_c_5	GSE175540	GENE_GZMB	0.000233				NOT_TESTABLE_SIGMA_UNFIT
gse175540-GSM5924051_frozen_c_5	GSE175540	GENE_CD8A	-0.055711				NOT_TESTABLE_SIGMA_UNFIT
gse175540-GSM5924051_frozen_c_5	GSE175540	GENE_MKI67	-0.02198				NOT_TESTABLE_SIGMA_UNFIT
gse175540-GSM5924051_frozen_c_5	GSE175540	GENE_COL1A1	-0.008467				NOT_TESTABLE_SIGMA_UNFIT
gse175540-GSM5924052_frozen_c_23	GSE175540	GOBP_REGULATION_OF_INTEGRIN_MEDIATED_SIGNALING_PATHWAY	-0.006431	-0.001596	0.6816	89.2	NOT_CALIBRATED
gse175540-GSM5924052_frozen_c_23	GSE175540	GOBP_COMPLEMENT_ACTIVATION_CLASSICAL_PATHWAY	0.007379	-0.001629	0.1791	87.3	NOT_CALIBRATED
gse175540-GSM5924052_frozen_c_23	GSE175540	GOBP_PEPTIDE_ANTIGEN_ASSEMBLY_WITH_MHC_PROTEIN_COMPLEX	-0.023269	0.000963	0.9254	90.1	NOT_CALIBRATED
gse175540-GSM5924052_frozen_c_23	GSE175540	GOBP_NEGATIVE_REGULATION_OF_REACTIVE_OXYGEN_SPECIES_BIOSYNTHETIC_PROCESS	-0.011966				NOT_TESTABLE_SIGMA_UNFIT
gse175540-GSM5924052_frozen_c_23	GSE175540	GOBP_MRNA_5_SPLICE_SITE_RECOGNITION	-0.0029				NOT_TESTABLE_SIGMA_UNFIT
gse175540-GSM5924052_frozen_c_23	GSE175540	GOBP_RESPONSE_TO_INTERFERON_ALPHA	-0.001936				NOT_TESTABLE_SIGMA_UNFIT
gse175540-GSM5924052_frozen_c_23	GSE175540	GOBP_POSITIVE_REGULATION_OF_VASCULAR_ASSOCIATED_SMOOTH_MUSCLE_CELL_MIGRATION	-0.010208				NOT_TESTABLE_SIGMA_UNFIT
gse175540-GSM5924052_frozen_c_23	GSE175540	GOBP_NEGATIVE_REGULATION_OF_EXTRACELLULAR_MATRIX_ORGANIZATION	-0.003114	-0.001509	0.5572	84.6	NOT_CALIBRATED
gse175540-GSM5924052_frozen_c_23	GSE175540	GOBP_CELL_FATE_DETERMINATION	-0.002378				NOT_TESTABLE_SIGMA_UNFIT
gse175540-GSM5924052_frozen_c_23	GSE175540	GOBP_HYPERSENSITIVITY	-0.00465				NOT_TESTABLE_SIGMA_UNFIT
gse175540-GSM5924052_frozen_c_23	GSE175540	GOBP_NEGATIVE_REGULATION_OF_BLOOD_VESSEL_ENDOTHELIAL_CELL_PROLIFERATION_INVOLVED_IN_SPROUTING_ANGIOGENESIS	0.002747				NOT_TESTABLE_SIGMA_UNFIT
gse175540-GSM5924052_frozen_c_23	GSE175540	GOBP_PHYSIOLOGICAL_CARDIAC_MUSCLE_HYPERTROPHY	0.00091				NOT_TESTABLE_SIGMA_UNFIT
gse175540-GSM5924052_frozen_c_23	GSE175540	GOBP_INTEGRIN_MEDIATED_SIGNALING_PATHWAY	-0.007187	-0.000346	0.9104	97.1	NOT_CALIBRATED
gse175540-GSM5924052_frozen_c_23	GSE175540	GOBP_RESPONSE_TO_PROSTAGLANDIN_E	-0.003247				NOT_TESTABLE_SIGMA_UNFIT
gse175540-GSM5924052_frozen_c_23	GSE175540	GOBP_CELL_ADHESION_MOLECULE_PRODUCTION	-0.006627				NOT_TESTABLE_SIGMA_UNFIT
gse175540-GSM5924052_frozen_c_23	GSE175540	GOBP_POSITIVE_REGULATION_OF_RNA_SPLICING	-0.000817	-0.001385	0.4577	81.8	NOT_CALIBRATED
gse175540-GSM5924052_frozen_c_23	GSE175540	GOBP_DEFINITIVE_HEMOPOIESIS	0.00492				NOT_TESTABLE_SIGMA_UNFIT
gse175540-GSM5924052_frozen_c_23	GSE175540	GOBP_PROTEIN_DEACETYLATION	-0.003806				NOT_TESTABLE_SIGMA_UNFIT
gse175540-GSM5924052_frozen_c_23	GSE175540	GOBP_CELL_JUNCTION_DISASSEMBLY	-0.002978	-0.000869	0.5871	84.4	NOT_CALIBRATED
gse175540-GSM5924052_frozen_c_23	GSE175540	GOBP_REGULATION_OF_SYNAPTIC_VESICLE_ENDOCYTOSIS	-0.005323				NOT_TESTABLE_SIGMA_UNFIT
gse175540-GSM5924052_frozen_c_23	GSE175540	GOBP_RESPONSE_TO_NITRIC_OXIDE	-0.002616				NOT_TESTABLE_SIGMA_UNFIT
gse175540-GSM5924052_frozen_c_23	GSE175540	GOBP_REGULATION_OF_CELL_GROWTH_INVOLVED_IN_CARDIAC_MUSCLE_CELL_DEVELOPMENT	0.000676				NOT_TESTABLE_SIGMA_UNFIT
gse175540-GSM5924052_frozen_c_23	GSE175540	GOBP_INNERVATION	-0.002831				NOT_TESTABLE_SIGMA_UNFIT
gse175540-GSM5924052_frozen_c_23	GSE175540	GOBP_RESPONSE_TO_ETHER	-0.00935				NOT_TESTABLE_SIGMA_UNFIT
gse175540-GSM5924052_frozen_c_23	GSE175540	GOBP_RESCUE_OF_STALLED_RIBOSOME	-0.002484				NOT_TESTABLE_SIGMA_UNFIT
gse175540-GSM5924052_frozen_c_23	GSE175540	GOBP_NEGATIVE_REGULATION_OF_MUSCLE_HYPERTROPHY	-0.003914				NOT_TESTABLE_SIGMA_UNFIT
gse175540-GSM5924052_frozen_c_23	GSE175540	GOBP_NEURON_INTRINSIC_APOPTOTIC_SIGNALING_PATHWAY_IN_RESPONSE_TO_OXIDATIVE_STRESS	-0.00346				NOT_TESTABLE_SIGMA_UNFIT
gse175540-GSM5924052_frozen_c_23	GSE175540	GOBP_POSITIVE_REGULATION_OF_T_CELL_MIGRATION	-0.010043				NOT_TESTABLE_SIGMA_UNFIT
gse175540-GSM5924052_frozen_c_23	GSE175540	GOBP_POSITIVE_REGULATION_OF_LEUKOCYTE_ADHESION_TO_VASCULAR_ENDOTHELIAL_CELL	-0.009589				NOT_TESTABLE_SIGMA_UNFIT
gse175540-GSM5924052_frozen_c_23	GSE175540	CTRL_B_AXIS	-0.002352				NOT_TESTABLE_SIGMA_UNFIT
gse175540-GSM5924052_frozen_c_23	GSE175540	CTRL_MYC_V1	-0.011189	0.000905	0.9005	158.7	NOT_CALIBRATED
gse175540-GSM5924052_frozen_c_23	GSE175540	CTRL_RANDOM_32	-0.005631				NOT_TESTABLE_SIGMA_UNFIT
gse175540-GSM5924052_frozen_c_23	GSE175540	HALLMARK_INTERFERON_GAMMA_RESPONSE	-0.002918	-0.000381	0.7114	100.1	NOT_CALIBRATED
gse175540-GSM5924052_frozen_c_23	GSE175540	HALLMARK_INTERFERON_ALPHA_RESPONSE	-0.002517	0.000153	0.6716	98.3	NOT_CALIBRATED
gse175540-GSM5924052_frozen_c_23	GSE175540	HALLMARK_G2M_CHECKPOINT	-0.000373	-0.00025	0.5274	82.5	NOT_CALIBRATED
gse175540-GSM5924052_frozen_c_23	GSE175540	HALLMARK_EPITHELIAL_MESENCHYMAL_TRANSITION	-0.005167	0.000579	0.7463	159.5	NOT_CALIBRATED
gse175540-GSM5924052_frozen_c_23	GSE175540	GENE_CXCL13	-0.001466				NOT_TESTABLE_SIGMA_UNFIT
gse175540-GSM5924052_frozen_c_23	GSE175540	GENE_CCL19	-0.023154	-0.000948	0.9055	91.1	NOT_CALIBRATED
gse175540-GSM5924052_frozen_c_23	GSE175540	GENE_CCL21	0.006017				NOT_TESTABLE_SIGMA_UNFIT
gse175540-GSM5924052_frozen_c_23	GSE175540	GENE_LTB	0.001383				NOT_TESTABLE_SIGMA_UNFIT
gse175540-GSM5924052_frozen_c_23	GSE175540	GENE_CD74	-0.01245				NOT_TESTABLE_SIGMA_UNFIT
gse175540-GSM5924052_frozen_c_23	GSE175540	GENE_HLA_DRA	-0.000789				NOT_TESTABLE_SIGMA_UNFIT
gse175540-GSM5924052_frozen_c_23	GSE175540	GENE_IFNG	-0.000102				NOT_TESTABLE_SIGMA_UNFIT
gse175540-GSM5924052_frozen_c_23	GSE175540	GENE_CXCL9	-0.007469				NOT_TESTABLE_SIGMA_UNFIT
gse175540-GSM5924052_frozen_c_23	GSE175540	GENE_GZMB	-0.00454				NOT_TESTABLE_SIGMA_UNFIT
gse175540-GSM5924052_frozen_c_23	GSE175540	GENE_CD8A	-0.004779				NOT_TESTABLE_SIGMA_UNFIT
gse175540-GSM5924052_frozen_c_23	GSE175540	GENE_MKI67	-0.002414				NOT_TESTABLE_SIGMA_UNFIT
gse175540-GSM5924052_frozen_c_23	GSE175540	GENE_COL1A1	0.083769				NOT_TESTABLE_SIGMA_UNFIT
