source_record_id	metadata_path	selected_manifest_present	metadata_present	record_status	raw_selected_id	raw_selected_organ	raw_selected_disease_state	raw_selected_oncotree_code	raw_selected_st_technology	raw_selected_preservation_method	raw_id	raw_patient	raw_subseries	raw_study_link	raw_download_page_link1	raw_platform	raw_st_technology	raw_dataset_title	raw_species	raw_organ	raw_tissue	raw_disease_state	raw_disease_comment	raw_oncotree_code	raw_preservation_method	raw_data_publication_date	raw_license	raw_treatment_comment	raw_slide_id	raw_region_name	raw_sample_id	raw_z_step_size	patient_explicit_p_tokens	subseries_explicit_p_tokens	identity_conflict	conflict_reasons	evidence_grade	interpretation
INT1	data/other_sources/hest1k/metadata/INT1.json	yes	yes	MATCHED	INT1	Kidney	Cancer	SCCRCC	Visium		INT1	Patient 24	ccRCC tumor frozen_c_57	https://pubmed.ncbi.nlm.nih.gov/35231421/	None (internal)		Visium	Tertiary lymphoid structures generate and propagate anti-tumor antibody-producing plasma cells in renal cell cancer	Homo sapiens	Lymph node	Lymph node	Cancer		SCCRCC		2022-03-03	Internal						P24		no		E3_explicit	Bundled metadata explicitly supplies a patient value; it remains raw.
INT10	data/other_sources/hest1k/metadata/INT10.json	yes	yes	MATCHED	INT10	Kidney	Cancer	SCCRCC	Visium		INT10	Patient 15	ccRCC tumor frozen_a_15	https://pubmed.ncbi.nlm.nih.gov/35231421/	None (internal)		Visium	Tertiary lymphoid structures generate and propagate anti-tumor antibody-producing plasma cells in renal cell cancer	Homo sapiens	Lymph node	Lymph node	Cancer		SCCRCC		2022-03-03	Internal						P15		no		E3_explicit	Bundled metadata explicitly supplies a patient value; it remains raw.
INT11	data/other_sources/hest1k/metadata/INT11.json	yes	yes	MATCHED	INT11	Kidney	Cancer	SCCRCC	Visium		INT11	Patient 14	ccRCC tumor frozen_a_3	https://pubmed.ncbi.nlm.nih.gov/35231421/	None (internal)		Visium	Tertiary lymphoid structures generate and propagate anti-tumor antibody-producing plasma cells in renal cell cancer	Homo sapiens	Lymph node	Lymph node	Cancer		SCCRCC		2022-03-03	Internal						P14		no		E3_explicit	Bundled metadata explicitly supplies a patient value; it remains raw.
INT12	data/other_sources/hest1k/metadata/INT12.json	yes	yes	MATCHED	INT12	Kidney	Cancer	SCCRCC	Visium		INT12	Patient 13	ccRCC tumor frozen_a_1	https://pubmed.ncbi.nlm.nih.gov/35231421/	None (internal)		Visium	Tertiary lymphoid structures generate and propagate anti-tumor antibody-producing plasma cells in renal cell cancer	Homo sapiens	Lymph node	Lymph node	Cancer		SCCRCC		2022-03-03	Internal						P13		no		E3_explicit	Bundled metadata explicitly supplies a patient value; it remains raw.
INT13	data/other_sources/hest1k/metadata/INT13.json	yes	yes	MATCHED	INT13	Kidney	Cancer	SCCRCC	Visium		INT13	Patient 12	ccRCC tumor ffpe_c_51	https://pubmed.ncbi.nlm.nih.gov/35231421/	None (internal)		Visium	Tertiary lymphoid structures generate and propagate anti-tumor antibody-producing plasma cells in renal cell cancer	Homo sapiens	Lymph node	Lymph node	Cancer		SCCRCC		2022-03-03	Internal						P12		no		E3_explicit	Bundled metadata explicitly supplies a patient value; it remains raw.
INT14	data/other_sources/hest1k/metadata/INT14.json	yes	yes	MATCHED	INT14	Kidney	Cancer	SCCRCC	Visium		INT14	Patient 11	ccRCC tumor ffpe_c_45	https://pubmed.ncbi.nlm.nih.gov/35231421/	None (internal)		Visium	Tertiary lymphoid structures generate and propagate anti-tumor antibody-producing plasma cells in renal cell cancer	Homo sapiens	Lymph node	Lymph node	Cancer		SCCRCC		2022-03-03	Internal						P11		no		E3_explicit	Bundled metadata explicitly supplies a patient value; it remains raw.
INT15	data/other_sources/hest1k/metadata/INT15.json	yes	yes	MATCHED	INT15	Kidney	Cancer	SCCRCC	Visium		INT15	Patient 10	ccRCC tumor ffpe_c_39	https://pubmed.ncbi.nlm.nih.gov/35231421/	None (internal)		Visium	Tertiary lymphoid structures generate and propagate anti-tumor antibody-producing plasma cells in renal cell cancer	Homo sapiens	Lymph node	Lymph node	Cancer		SCCRCC		2022-03-03	Internal						P10		no		E3_explicit	Bundled metadata explicitly supplies a patient value; it remains raw.
INT16	data/other_sources/hest1k/metadata/INT16.json	yes	yes	MATCHED	INT16	Kidney	Cancer	SCCRCC	Visium		INT16	Patient 9	ccRCC tumor ffpe_c_36	https://pubmed.ncbi.nlm.nih.gov/35231421/	None (internal)		Visium	Tertiary lymphoid structures generate and propagate anti-tumor antibody-producing plasma cells in renal cell cancer	Homo sapiens	Lymph node	Lymph node	Cancer		SCCRCC		2022-03-03	Internal						P9		no		E3_explicit	Bundled metadata explicitly supplies a patient value; it remains raw.
INT17	data/other_sources/hest1k/metadata/INT17.json	yes	yes	MATCHED	INT17	Kidney	Cancer	SCCRCC	Visium		INT17	Patient 8	ccRCC tumor ffpe_c_34	https://pubmed.ncbi.nlm.nih.gov/35231421/	None (internal)		Visium	Tertiary lymphoid structures generate and propagate anti-tumor antibody-producing plasma cells in renal cell cancer	Homo sapiens	Lymph node	Lymph node	Cancer		SCCRCC		2022-03-03	Internal						P8		no		E3_explicit	Bundled metadata explicitly supplies a patient value; it remains raw.
INT18	data/other_sources/hest1k/metadata/INT18.json	yes	yes	MATCHED	INT18	Kidney	Cancer	SCCRCC	Visium		INT18	Patient 7	ccRCC tumor ffpe_c_21	https://pubmed.ncbi.nlm.nih.gov/35231421/	None (internal)		Visium	Tertiary lymphoid structures generate and propagate anti-tumor antibody-producing plasma cells in renal cell cancer	Homo sapiens	Lymph node	Lymph node	Cancer		SCCRCC		2022-03-03	Internal						P7		no		E3_explicit	Bundled metadata explicitly supplies a patient value; it remains raw.
INT19	data/other_sources/hest1k/metadata/INT19.json	yes	yes	MATCHED	INT19	Kidney	Cancer	SCCRCC	Visium		INT19	Patient 6	ccRCC tumor ffpe_c_20	https://pubmed.ncbi.nlm.nih.gov/35231421/	None (internal)		Visium	Tertiary lymphoid structures generate and propagate anti-tumor antibody-producing plasma cells in renal cell cancer	Homo sapiens	Lymph node	Lymph node	Cancer		SCCRCC		2022-03-03	Internal						P6		no		E3_explicit	Bundled metadata explicitly supplies a patient value; it remains raw.
INT2	data/other_sources/hest1k/metadata/INT2.json	yes	yes	MATCHED	INT2	Kidney	Cancer	SCCRCC	Visium		INT2	Patient 23	ccRCC tumor frozen_c_23	https://pubmed.ncbi.nlm.nih.gov/35231421/	None (internal)		Visium	Tertiary lymphoid structures generate and propagate anti-tumor antibody-producing plasma cells in renal cell cancer	Homo sapiens	Lymph node	Lymph node	Cancer		SCCRCC		2022-03-03	Internal						P23		no		E3_explicit	Bundled metadata explicitly supplies a patient value; it remains raw.
INT20	data/other_sources/hest1k/metadata/INT20.json	yes	yes	MATCHED	INT20	Kidney	Cancer	SCCRCC	Visium		INT20	Patient 5	ccRCC tumor ffpe_c_10	https://pubmed.ncbi.nlm.nih.gov/35231421/	None (internal)		Visium	Tertiary lymphoid structures generate and propagate anti-tumor antibody-producing plasma cells in renal cell cancer	Homo sapiens	Lymph node	Lymph node	Cancer		SCCRCC		2022-03-03	Internal						P5		no		E3_explicit	Bundled metadata explicitly supplies a patient value; it remains raw.
INT21	data/other_sources/hest1k/metadata/INT21.json	yes	yes	MATCHED	INT21	Kidney	Cancer	SCCRCC	Visium		INT21	Patient 4	ccRCC tumor ffpe_c_7	https://pubmed.ncbi.nlm.nih.gov/35231421/	None (internal)		Visium	Tertiary lymphoid structures generate and propagate anti-tumor antibody-producing plasma cells in renal cell cancer	Homo sapiens	Lymph node	Lymph node	Cancer		SCCRCC		2022-03-03	Internal						P4		no		E3_explicit	Bundled metadata explicitly supplies a patient value; it remains raw.
INT22	data/other_sources/hest1k/metadata/INT22.json	yes	yes	MATCHED	INT22	Kidney	Cancer	SCCRCC	Visium		INT22	Patient 3	ccRCC tumor ffpe_c_4	https://pubmed.ncbi.nlm.nih.gov/35231421/	None (internal)		Visium	Tertiary lymphoid structures generate and propagate anti-tumor antibody-producing plasma cells in renal cell cancer	Homo sapiens	Lymph node	Lymph node	Cancer		SCCRCC		2022-03-03	Internal						P3		no		E3_explicit	Bundled metadata explicitly supplies a patient value; it remains raw.
INT23	data/other_sources/hest1k/metadata/INT23.json	yes	yes	MATCHED	INT23	Kidney	Cancer	SCCRCC	Visium		INT23	Patient 2	ccRCC tumor ffpe_c_3	https://pubmed.ncbi.nlm.nih.gov/35231421/	None (internal)		Visium	Tertiary lymphoid structures generate and propagate anti-tumor antibody-producing plasma cells in renal cell cancer	Homo sapiens	Lymph node	Lymph node	Cancer		SCCRCC		2022-03-03	Internal						P2		no		E3_explicit	Bundled metadata explicitly supplies a patient value; it remains raw.
INT24	data/other_sources/hest1k/metadata/INT24.json	yes	yes	MATCHED	INT24	Kidney	Cancer	SCCRCC	Visium		INT24	Patient 1	ccRCC tumor ffpe_c_2	https://pubmed.ncbi.nlm.nih.gov/35231421/	None (internal)		Visium	Tertiary lymphoid structures generate and propagate anti-tumor antibody-producing plasma cells in renal cell cancer	Homo sapiens	Lymph node	Lymph node	Cancer		SCCRCC		2022-03-03	Internal						P1		no		E3_explicit	Bundled metadata explicitly supplies a patient value; it remains raw.
INT25	data/other_sources/hest1k/metadata/INT25.json	yes	yes	MATCHED	INT25	Prostate	Cancer	PRAD	Visium		INT25		Sample_6884-AS-S3-D	None (internal)	None (internal)		Visium	Prostate ST Internal	Homo sapiens	Prostate	Prostate	Cancer		PRAD		None (internal)	Internal				Sample_6884-AS-S3-D-GEX_TGAGTATC-GAACGAGT				no		E0_unknown	Bundled metadata does not establish patient identity.
INT26	data/other_sources/hest1k/metadata/INT26.json	yes	yes	MATCHED	INT26	Prostate	Cancer	PRAD	Visium		INT26		Sample_6884-AS-S3-C	None (internal)	None (internal)		Visium	Prostate ST Internal	Homo sapiens	Prostate	Prostate	Cancer		PRAD		None (internal)	Internal				Sample_6884-AS-S3-C-GEX_TATGTTGT-ATTAAGCC				no		E0_unknown	Bundled metadata does not establish patient identity.
INT27	data/other_sources/hest1k/metadata/INT27.json	yes	yes	MATCHED	INT27	Prostate	Cancer	PRAD	Visium		INT27		Sample_6884-AS-S3-B	None (internal)	None (internal)		Visium	Prostate ST Internal	Homo sapiens	Prostate	Prostate	Cancer		PRAD		None (internal)	Internal				Sample_6884-AS-S3-B-GEX_CTTAACGC-TCACACTA				no		E0_unknown	Bundled metadata does not establish patient identity.
INT28	data/other_sources/hest1k/metadata/INT28.json	yes	yes	MATCHED	INT28	Prostate	Cancer	PRAD	Visium		INT28		Sample_6884-AS-S3-A	None (internal)	None (internal)		Visium	Prostate ST Internal	Homo sapiens	Prostate	Prostate	Cancer		PRAD		None (internal)	Internal				Sample_6884-AS-S3-A-GEX_GAGTAGGA-ATGCTATA				no		E0_unknown	Bundled metadata does not establish patient identity.
INT3	data/other_sources/hest1k/metadata/INT3.json	yes	yes	MATCHED	INT3	Kidney	Cancer	SCCRCC	Visium		INT3	Patient 22	ccRCC tumor frozen_c_5	https://pubmed.ncbi.nlm.nih.gov/35231421/	None (internal)		Visium	Tertiary lymphoid structures generate and propagate anti-tumor antibody-producing plasma cells in renal cell cancer	Homo sapiens	Lymph node	Lymph node	Cancer		SCCRCC		2022-03-03	Internal						P22		no		E3_explicit	Bundled metadata explicitly supplies a patient value; it remains raw.
INT35	data/other_sources/hest1k/metadata/INT35.json	yes	yes	MATCHED	INT35	Prostate	Cancer	PRAD	Visium		INT35		Sample_6884-AS-S1-B	None (internal)	None (internal)		Visium	Prostate ST Internal	Homo sapiens	Prostate	Prostate	Cancer		PRAD		None (internal)	Internal				Sample_6884-AS-S1-B-GEX_GTTAAACC-CAAGCCGG				no		E0_unknown	Bundled metadata does not establish patient identity.
INT4	data/other_sources/hest1k/metadata/INT4.json	yes	yes	MATCHED	INT4	Kidney	Cancer	SCCRCC	Visium		INT4	Patient 21	ccRCC tumor frozen_c_2	https://pubmed.ncbi.nlm.nih.gov/35231421/	None (internal)		Visium	Tertiary lymphoid structures generate and propagate anti-tumor antibody-producing plasma cells in renal cell cancer	Homo sapiens	Lymph node	Lymph node	Cancer		SCCRCC		2022-03-03	Internal						P21		no		E3_explicit	Bundled metadata explicitly supplies a patient value; it remains raw.
INT5	data/other_sources/hest1k/metadata/INT5.json	yes	yes	MATCHED	INT5	Kidney	Cancer	SCCRCC	Visium		INT5	Patient 20	ccRCC tumor frozen_b_18	https://pubmed.ncbi.nlm.nih.gov/35231421/	None (internal)		Visium	Tertiary lymphoid structures generate and propagate anti-tumor antibody-producing plasma cells in renal cell cancer	Homo sapiens	Lymph node	Lymph node	Cancer		SCCRCC		2022-03-03	Internal						P20		no		E3_explicit	Bundled metadata explicitly supplies a patient value; it remains raw.
INT6	data/other_sources/hest1k/metadata/INT6.json	yes	yes	MATCHED	INT6	Kidney	Cancer	SCCRCC	Visium		INT6	Patient 19	ccRCC tumor frozen_b_13	https://pubmed.ncbi.nlm.nih.gov/35231421/	None (internal)		Visium	Tertiary lymphoid structures generate and propagate anti-tumor antibody-producing plasma cells in renal cell cancer	Homo sapiens	Lymph node	Lymph node	Cancer		SCCRCC		2022-03-03	Internal						P19		no		E3_explicit	Bundled metadata explicitly supplies a patient value; it remains raw.
INT7	data/other_sources/hest1k/metadata/INT7.json	yes	yes	MATCHED	INT7	Kidney	Cancer	SCCRCC	Visium		INT7	Patient 18	ccRCC tumor frozen_b_7	https://pubmed.ncbi.nlm.nih.gov/35231421/	None (internal)		Visium	Tertiary lymphoid structures generate and propagate anti-tumor antibody-producing plasma cells in renal cell cancer	Homo sapiens	Lymph node	Lymph node	Cancer		SCCRCC		2022-03-03	Internal						P18		no		E3_explicit	Bundled metadata explicitly supplies a patient value; it remains raw.
INT8	data/other_sources/hest1k/metadata/INT8.json	yes	yes	MATCHED	INT8	Kidney	Cancer	SCCRCC	Visium		INT8	Patient 17	ccRCC tumor frozen_b_1	https://pubmed.ncbi.nlm.nih.gov/35231421/	None (internal)		Visium	Tertiary lymphoid structures generate and propagate anti-tumor antibody-producing plasma cells in renal cell cancer	Homo sapiens	Lymph node	Lymph node	Cancer		SCCRCC		2022-03-03	Internal						P17		no		E3_explicit	Bundled metadata explicitly supplies a patient value; it remains raw.
INT9	data/other_sources/hest1k/metadata/INT9.json	yes	yes	MATCHED	INT9	Kidney	Cancer	SCCRCC	Visium		INT9	Patient 16	ccRCC tumor frozen_a_17	https://pubmed.ncbi.nlm.nih.gov/35231421/	None (internal)		Visium	Tertiary lymphoid structures generate and propagate anti-tumor antibody-producing plasma cells in renal cell cancer	Homo sapiens	Lymph node	Lymph node	Cancer		SCCRCC		2022-03-03	Internal						P16		no		E3_explicit	Bundled metadata explicitly supplies a patient value; it remains raw.
MEND1	data/other_sources/hest1k/metadata/MEND1.json	yes	yes	MATCHED	MEND1	Prostate	Cancer		Spatial Transcriptomics	Fresh Frozen	MEND1		Patient3_Biopsy4_rep2_Chip2_D2	https://www.ncbi.nlm.nih.gov/pmc/articles/PMC9482614/	https://data.mendeley.com/datasets/mdt8n2xgf4/1		Spatial Transcriptomics	Prostate needle biopsies pre- and post-ADT: Count matrices, histological-, and Androgen receptor immunohistochemistry images	Homo sapiens	Prostate	prostate	Cancer	Local advanced PCa with bone metastases and progression to retroperitoneal lymph nodes		Fresh Frozen	20 Jul 2022	CC BY 4.0							P3	no		E1_weak	Only an explicit P-number inside subseries is available; no patient is assigned.
MEND10	data/other_sources/hest1k/metadata/MEND10.json	yes	yes	MATCHED	MEND10	Prostate	Cancer		Spatial Transcriptomics	Fresh Frozen	MEND10		Patient2_Biopsy4_rep1_Chip2_E1	https://www.ncbi.nlm.nih.gov/pmc/articles/PMC9482614/	https://data.mendeley.com/datasets/mdt8n2xgf4/1		Spatial Transcriptomics	Prostate needle biopsies pre- and post-ADT: Count matrices, histological-, and Androgen receptor immunohistochemistry images	Homo sapiens	Prostate	prostate	Cancer	Local advanced PCa with initially bone metastases		Fresh Frozen	20 Jul 2022	CC BY 4.0							P2	no		E1_weak	Only an explicit P-number inside subseries is available; no patient is assigned.
MEND11	data/other_sources/hest1k/metadata/MEND11.json	yes	yes	MATCHED	MEND11	Prostate	Cancer		Spatial Transcriptomics	Fresh Frozen	MEND11		Patient2_Biopsy3_rep2_Chip3_E1	https://www.ncbi.nlm.nih.gov/pmc/articles/PMC9482614/	https://data.mendeley.com/datasets/mdt8n2xgf4/1		Spatial Transcriptomics	Prostate needle biopsies pre- and post-ADT: Count matrices, histological-, and Androgen receptor immunohistochemistry images	Homo sapiens	Prostate	prostate	Cancer	Local advanced PCa with initially bone metastases		Fresh Frozen	20 Jul 2022	CC BY 4.0							P2	no		E1_weak	Only an explicit P-number inside subseries is available; no patient is assigned.
MEND12	data/other_sources/hest1k/metadata/MEND12.json	yes	yes	MATCHED	MEND12	Prostate	Cancer		Spatial Transcriptomics	Fresh Frozen	MEND12		Patient2_Biopsy3_rep1_Chip3_D2	https://www.ncbi.nlm.nih.gov/pmc/articles/PMC9482614/	https://data.mendeley.com/datasets/mdt8n2xgf4/1		Spatial Transcriptomics	Prostate needle biopsies pre- and post-ADT: Count matrices, histological-, and Androgen receptor immunohistochemistry images	Homo sapiens	Prostate	prostate	Cancer	Local advanced PCa with initially bone metastases		Fresh Frozen	20 Jul 2022	CC BY 4.0							P2	no		E1_weak	Only an explicit P-number inside subseries is available; no patient is assigned.
MEND13	data/other_sources/hest1k/metadata/MEND13.json	yes	yes	MATCHED	MEND13	Prostate	Cancer		Spatial Transcriptomics	Fresh Frozen	MEND13		Patient2_Biopsy2_rep2_Chip3_C2	https://www.ncbi.nlm.nih.gov/pmc/articles/PMC9482614/	https://data.mendeley.com/datasets/mdt8n2xgf4/1		Spatial Transcriptomics	Prostate needle biopsies pre- and post-ADT: Count matrices, histological-, and Androgen receptor immunohistochemistry images	Homo sapiens	Prostate	prostate	Cancer	Local advanced PCa with initially bone metastases		Fresh Frozen	20 Jul 2022	CC BY 4.0							P2	no		E1_weak	Only an explicit P-number inside subseries is available; no patient is assigned.
MEND139	data/other_sources/hest1k/metadata/MEND139.json	yes	yes	MATCHED	MEND139	Prostate	Cancer		Visium	Fresh Frozen	MEND139	patient 2	patient_2_V2_2	https://www.nature.com/articles/s41586-022-05023-2	https://data.mendeley.com/datasets/svw96g68dv/5		Visium	Spatially resolved clonal copy number alterations in benign and malignant tissueJus	Homo sapiens	Prostate	Prostate	Cancer	Gleason 4+3 ISUP grade group 4 , Prostatic Acinar Adenocarcinoma		Fresh Frozen	25 Mar 2024	CC BY NC 3.0						P2	P2	no		E2_corroborated	Bundled patient and subseries fields contain the same explicit P-number.
MEND14	data/other_sources/hest1k/metadata/MEND14.json	yes	yes	MATCHED	MEND14	Prostate	Cancer		Spatial Transcriptomics	Fresh Frozen	MEND14		Patient2_Biopsy2_rep1_Chip2_C2	https://www.ncbi.nlm.nih.gov/pmc/articles/PMC9482614/	https://data.mendeley.com/datasets/mdt8n2xgf4/1		Spatial Transcriptomics	Prostate needle biopsies pre- and post-ADT: Count matrices, histological-, and Androgen receptor immunohistochemistry images	Homo sapiens	Prostate	prostate	Cancer	Local advanced PCa with initially bone metastases		Fresh Frozen	20 Jul 2022	CC BY 4.0							P2	no		E1_weak	Only an explicit P-number inside subseries is available; no patient is assigned.
MEND140	data/other_sources/hest1k/metadata/MEND140.json	yes	yes	MATCHED	MEND140	Prostate	Cancer		Visium	Fresh Frozen	MEND140	patient 2	patient_2_V2_1	https://www.nature.com/articles/s41586-022-05023-2	https://data.mendeley.com/datasets/svw96g68dv/5		Visium	Spatially resolved clonal copy number alterations in benign and malignant tissueJus	Homo sapiens	Prostate	Prostate	Cancer	Gleason 4+3 ISUP grade group 4 , Prostatic Acinar Adenocarcinoma		Fresh Frozen	25 Mar 2024	CC BY NC 3.0						P2	P2	no		E2_corroborated	Bundled patient and subseries fields contain the same explicit P-number.
MEND141	data/other_sources/hest1k/metadata/MEND141.json	yes	yes	MATCHED	MEND141	Prostate	Cancer		Visium	Fresh Frozen	MEND141	patient 2	patient_2_V1_6	https://www.nature.com/articles/s41586-022-05023-2	https://data.mendeley.com/datasets/svw96g68dv/5		Visium	Spatially resolved clonal copy number alterations in benign and malignant tissueJus	Homo sapiens	Prostate	Prostate	Cancer	Gleason 4+3 ISUP grade group 4 , Prostatic Acinar Adenocarcinoma		Fresh Frozen	25 Mar 2024	CC BY NC 3.0						P2	P2	no		E2_corroborated	Bundled patient and subseries fields contain the same explicit P-number.
MEND142	data/other_sources/hest1k/metadata/MEND142.json	yes	yes	MATCHED	MEND142	Prostate	Cancer		Visium	Fresh Frozen	MEND142	patient 2	patient_2_V1_5	https://www.nature.com/articles/s41586-022-05023-2	https://data.mendeley.com/datasets/svw96g68dv/5		Visium	Spatially resolved clonal copy number alterations in benign and malignant tissueJus	Homo sapiens	Prostate	Prostate	Cancer	Gleason 4+3 ISUP grade group 4 , Prostatic Acinar Adenocarcinoma		Fresh Frozen	25 Mar 2024	CC BY NC 3.0						P2	P2	no		E2_corroborated	Bundled patient and subseries fields contain the same explicit P-number.
MEND143	data/other_sources/hest1k/metadata/MEND143.json	yes	yes	MATCHED	MEND143	Prostate	Cancer		Visium	Fresh Frozen	MEND143	patient 2	patient_2_V1_4	https://www.nature.com/articles/s41586-022-05023-2	https://data.mendeley.com/datasets/svw96g68dv/5		Visium	Spatially resolved clonal copy number alterations in benign and malignant tissueJus	Homo sapiens	Prostate	Prostate	Cancer	Gleason 4+3 ISUP grade group 4 , Prostatic Acinar Adenocarcinoma		Fresh Frozen	25 Mar 2024	CC BY NC 3.0						P2	P2	no		E2_corroborated	Bundled patient and subseries fields contain the same explicit P-number.
MEND144	data/other_sources/hest1k/metadata/MEND144.json	yes	yes	MATCHED	MEND144	Prostate	Cancer		Visium	Fresh Frozen	MEND144	patient 2	patient_2_V1_3	https://www.nature.com/articles/s41586-022-05023-2	https://data.mendeley.com/datasets/svw96g68dv/5		Visium	Spatially resolved clonal copy number alterations in benign and malignant tissueJus	Homo sapiens	Prostate	Prostate	Cancer	Gleason 4+3 ISUP grade group 4 , Prostatic Acinar Adenocarcinoma		Fresh Frozen	25 Mar 2024	CC BY NC 3.0						P2	P2	no		E2_corroborated	Bundled patient and subseries fields contain the same explicit P-number.
MEND145	data/other_sources/hest1k/metadata/MEND145.json	yes	yes	MATCHED	MEND145	Prostate	Cancer		Visium	Fresh Frozen	MEND145	patient 2	patient_2_V1_2	https://www.nature.com/articles/s41586-022-05023-2	https://data.mendeley.com/datasets/svw96g68dv/5		Visium	Spatially resolved clonal copy number alterations in benign and malignant tissueJus	Homo sapiens	Prostate	Prostate	Cancer	Gleason 4+3 ISUP grade group 4 , Prostatic Acinar Adenocarcinoma		Fresh Frozen	25 Mar 2024	CC BY NC 3.0						P2	P2	no		E2_corroborated	Bundled patient and subseries fields contain the same explicit P-number.
MEND146	data/other_sources/hest1k/metadata/MEND146.json	yes	yes	MATCHED	MEND146	Prostate	Cancer		Visium	Fresh Frozen	MEND146	patient 2	patient_2_V1_1	https://www.nature.com/articles/s41586-022-05023-2	https://data.mendeley.com/datasets/svw96g68dv/5		Visium	Spatially resolved clonal copy number alterations in benign and malignant tissueJus	Homo sapiens	Prostate	Prostate	Cancer	Gleason 4+3 ISUP grade group 4 , Prostatic Acinar Adenocarcinoma		Fresh Frozen	25 Mar 2024	CC BY NC 3.0						P2	P2	no		E2_corroborated	Bundled patient and subseries fields contain the same explicit P-number.
MEND147	data/other_sources/hest1k/metadata/MEND147.json	yes	yes	MATCHED	MEND147	Prostate	Cancer		Visium	Fresh Frozen	MEND147	patient 2	patient_2_H3_6	https://www.nature.com/articles/s41586-022-05023-2	https://data.mendeley.com/datasets/svw96g68dv/5		Visium	Spatially resolved clonal copy number alterations in benign and malignant tissueJus	Homo sapiens	Prostate	Prostate	Cancer	Gleason 4+3 ISUP grade group 4 , Prostatic Acinar Adenocarcinoma		Fresh Frozen	25 Mar 2024	CC BY NC 3.0						P2	P2	no		E2_corroborated	Bundled patient and subseries fields contain the same explicit P-number.
MEND148	data/other_sources/hest1k/metadata/MEND148.json	yes	yes	MATCHED	MEND148	Prostate	Cancer		Visium	Fresh Frozen	MEND148	patient 2	patient_2_H3_5	https://www.nature.com/articles/s41586-022-05023-2	https://data.mendeley.com/datasets/svw96g68dv/5		Visium	Spatially resolved clonal copy number alterations in benign and malignant tissueJus	Homo sapiens	Prostate	Prostate	Cancer	Gleason 4+3 ISUP grade group 4 , Prostatic Acinar Adenocarcinoma		Fresh Frozen	25 Mar 2024	CC BY NC 3.0						P2	P2	no		E2_corroborated	Bundled patient and subseries fields contain the same explicit P-number.
MEND149	data/other_sources/hest1k/metadata/MEND149.json	yes	yes	MATCHED	MEND149	Prostate	Cancer		Visium	Fresh Frozen	MEND149	patient 2	patient_2_H3_4	https://www.nature.com/articles/s41586-022-05023-2	https://data.mendeley.com/datasets/svw96g68dv/5		Visium	Spatially resolved clonal copy number alterations in benign and malignant tissueJus	Homo sapiens	Prostate	Prostate	Cancer	Gleason 4+3 ISUP grade group 4 , Prostatic Acinar Adenocarcinoma		Fresh Frozen	25 Mar 2024	CC BY NC 3.0						P2	P2	no		E2_corroborated	Bundled patient and subseries fields contain the same explicit P-number.
MEND15	data/other_sources/hest1k/metadata/MEND15.json	yes	yes	MATCHED	MEND15	Prostate	Cancer		Spatial Transcriptomics	Fresh Frozen	MEND15		Patient2_Biopsy1_rep2_Chip3_C1	https://www.ncbi.nlm.nih.gov/pmc/articles/PMC9482614/	https://data.mendeley.com/datasets/mdt8n2xgf4/1		Spatial Transcriptomics	Prostate needle biopsies pre- and post-ADT: Count matrices, histological-, and Androgen receptor immunohistochemistry images	Homo sapiens	Prostate	prostate	Cancer	Local advanced PCa with initially bone metastases		Fresh Frozen	20 Jul 2022	CC BY 4.0							P2	no		E1_weak	Only an explicit P-number inside subseries is available; no patient is assigned.
MEND150	data/other_sources/hest1k/metadata/MEND150.json	yes	yes	MATCHED	MEND150	Prostate	Cancer		Visium	Fresh Frozen	MEND150	patient 2	patient_2_H3_2	https://www.nature.com/articles/s41586-022-05023-2	https://data.mendeley.com/datasets/svw96g68dv/5		Visium	Spatially resolved clonal copy number alterations in benign and malignant tissueJus	Homo sapiens	Prostate	Prostate	Cancer	Gleason 4+3 ISUP grade group 4 , Prostatic Acinar Adenocarcinoma		Fresh Frozen	25 Mar 2024	CC BY NC 3.0						P2	P2	no		E2_corroborated	Bundled patient and subseries fields contain the same explicit P-number.
MEND151	data/other_sources/hest1k/metadata/MEND151.json	yes	yes	MATCHED	MEND151	Prostate	Cancer		Visium	Fresh Frozen	MEND151	patient 2	patient_2_H3_1	https://www.nature.com/articles/s41586-022-05023-2	https://data.mendeley.com/datasets/svw96g68dv/5		Visium	Spatially resolved clonal copy number alterations in benign and malignant tissueJus	Homo sapiens	Prostate	Prostate	Cancer	Gleason 4+3 ISUP grade group 4 , Prostatic Acinar Adenocarcinoma		Fresh Frozen	25 Mar 2024	CC BY NC 3.0						P2	P2	no		E2_corroborated	Bundled patient and subseries fields contain the same explicit P-number.
MEND152	data/other_sources/hest1k/metadata/MEND152.json	yes	yes	MATCHED	MEND152	Prostate	Cancer		Visium	Fresh Frozen	MEND152	patient 2	patient_2_H2_2	https://www.nature.com/articles/s41586-022-05023-2	https://data.mendeley.com/datasets/svw96g68dv/5		Visium	Spatially resolved clonal copy number alterations in benign and malignant tissueJus	Homo sapiens	Prostate	Prostate	Cancer	Gleason 4+3 ISUP grade group 4 , Prostatic Acinar Adenocarcinoma		Fresh Frozen	25 Mar 2024	CC BY NC 3.0						P2	P2	no		E2_corroborated	Bundled patient and subseries fields contain the same explicit P-number.
MEND153	data/other_sources/hest1k/metadata/MEND153.json	yes	yes	MATCHED	MEND153	Prostate	Cancer		Visium	Fresh Frozen	MEND153	patient 2	patient_2_H2_1	https://www.nature.com/articles/s41586-022-05023-2	https://data.mendeley.com/datasets/svw96g68dv/5		Visium	Spatially resolved clonal copy number alterations in benign and malignant tissueJus	Homo sapiens	Prostate	Prostate	Cancer	Gleason 4+3 ISUP grade group 4 , Prostatic Acinar Adenocarcinoma		Fresh Frozen	25 Mar 2024	CC BY NC 3.0						P2	P2	no		E2_corroborated	Bundled patient and subseries fields contain the same explicit P-number.
MEND154	data/other_sources/hest1k/metadata/MEND154.json	yes	yes	MATCHED	MEND154	Prostate	Cancer		Visium	Fresh Frozen	MEND154	patient 1	patient_1_V1_2	https://www.nature.com/articles/s41586-022-05023-2	https://data.mendeley.com/datasets/svw96g68dv/5		Visium	Spatially resolved clonal copy number alterations in benign and malignant tissueJus	Homo sapiens	Prostate	Prostate	Cancer	Gleason 4+3 ISUP grade group 4 , Prostatic Acinar Adenocarcinoma		Fresh Frozen	25 Mar 2024	CC BY NC 3.0						P1	P1	no		E2_corroborated	Bundled patient and subseries fields contain the same explicit P-number.
MEND156	data/other_sources/hest1k/metadata/MEND156.json	yes	yes	MATCHED	MEND156	Prostate	Cancer		Visium	Fresh Frozen	MEND156	patient 1	patient_1_H2_5	https://www.nature.com/articles/s41586-022-05023-2	https://data.mendeley.com/datasets/svw96g68dv/5		Visium	Spatially resolved clonal copy number alterations in benign and malignant tissueJus	Homo sapiens	Prostate	Prostate	Cancer	Gleason 4+3 ISUP grade group 4 , Prostatic Acinar Adenocarcinoma		Fresh Frozen	25 Mar 2024	CC BY NC 3.0						P1	P1	no		E2_corroborated	Bundled patient and subseries fields contain the same explicit P-number.
MEND157	data/other_sources/hest1k/metadata/MEND157.json	yes	yes	MATCHED	MEND157	Prostate	Cancer		Visium	Fresh Frozen	MEND157	patient 1	patient_1_H2_2	https://www.nature.com/articles/s41586-022-05023-2	https://data.mendeley.com/datasets/svw96g68dv/5		Visium	Spatially resolved clonal copy number alterations in benign and malignant tissueJus	Homo sapiens	Prostate	Prostate	Cancer	Gleason 4+3 ISUP grade group 4 , Prostatic Acinar Adenocarcinoma		Fresh Frozen	25 Mar 2024	CC BY NC 3.0						P1	P1	no		E2_corroborated	Bundled patient and subseries fields contain the same explicit P-number.
MEND158	data/other_sources/hest1k/metadata/MEND158.json	yes	yes	MATCHED	MEND158	Prostate	Cancer		Visium	Fresh Frozen	MEND158	patient 1	patient_1_H2_1	https://www.nature.com/articles/s41586-022-05023-2	https://data.mendeley.com/datasets/svw96g68dv/5		Visium	Spatially resolved clonal copy number alterations in benign and malignant tissueJus	Homo sapiens	Prostate	Prostate	Cancer	Gleason 4+3 ISUP grade group 4 , Prostatic Acinar Adenocarcinoma		Fresh Frozen	25 Mar 2024	CC BY NC 3.0						P1	P1	no		E2_corroborated	Bundled patient and subseries fields contain the same explicit P-number.
MEND159	data/other_sources/hest1k/metadata/MEND159.json	yes	yes	MATCHED	MEND159	Prostate	Cancer		Visium	Fresh Frozen	MEND159	patient 1	patient_1_H1_5	https://www.nature.com/articles/s41586-022-05023-2	https://data.mendeley.com/datasets/svw96g68dv/5		Visium	Spatially resolved clonal copy number alterations in benign and malignant tissueJus	Homo sapiens	Prostate	Prostate	Cancer	Gleason 4+3 ISUP grade group 4 , Prostatic Acinar Adenocarcinoma		Fresh Frozen	25 Mar 2024	CC BY NC 3.0						P1	P1	no		E2_corroborated	Bundled patient and subseries fields contain the same explicit P-number.
MEND16	data/other_sources/hest1k/metadata/MEND16.json	yes	yes	MATCHED	MEND16	Prostate	Cancer		Spatial Transcriptomics	Fresh Frozen	MEND16		Patient2_Biopsy1_rep1_Chip2_C1	https://www.ncbi.nlm.nih.gov/pmc/articles/PMC9482614/	https://data.mendeley.com/datasets/mdt8n2xgf4/1		Spatial Transcriptomics	Prostate needle biopsies pre- and post-ADT: Count matrices, histological-, and Androgen receptor immunohistochemistry images	Homo sapiens	Prostate	prostate	Cancer	Local advanced PCa with initially bone metastases		Fresh Frozen	20 Jul 2022	CC BY 4.0							P2	no		E1_weak	Only an explicit P-number inside subseries is available; no patient is assigned.
MEND160	data/other_sources/hest1k/metadata/MEND160.json	yes	yes	MATCHED	MEND160	Prostate	Cancer		Visium	Fresh Frozen	MEND160	patient 1	patient_1_H1_4	https://www.nature.com/articles/s41586-022-05023-2	https://data.mendeley.com/datasets/svw96g68dv/5		Visium	Spatially resolved clonal copy number alterations in benign and malignant tissueJus	Homo sapiens	Prostate	Prostate	Cancer	Gleason 4+3 ISUP grade group 4 , Prostatic Acinar Adenocarcinoma		Fresh Frozen	25 Mar 2024	CC BY NC 3.0						P1	P1	no		E2_corroborated	Bundled patient and subseries fields contain the same explicit P-number.
MEND161	data/other_sources/hest1k/metadata/MEND161.json	yes	yes	MATCHED	MEND161	Prostate	Cancer		Visium	Fresh Frozen	MEND161	patient 1	patient_1_H1_2	https://www.nature.com/articles/s41586-022-05023-2	https://data.mendeley.com/datasets/svw96g68dv/5		Visium	Spatially resolved clonal copy number alterations in benign and malignant tissueJus	Homo sapiens	Prostate	Prostate	Cancer	Gleason 4+3 ISUP grade group 4 , Prostatic Acinar Adenocarcinoma		Fresh Frozen	25 Mar 2024	CC BY NC 3.0						P1	P1	no		E2_corroborated	Bundled patient and subseries fields contain the same explicit P-number.
MEND162	data/other_sources/hest1k/metadata/MEND162.json	yes	yes	MATCHED	MEND162	Prostate	Cancer		Visium	Fresh Frozen	MEND162	patient 1	patient_1_H1_1	https://www.nature.com/articles/s41586-022-05023-2	https://data.mendeley.com/datasets/svw96g68dv/5		Visium	Spatially resolved clonal copy number alterations in benign and malignant tissueJus	Homo sapiens	Prostate	Prostate	Cancer	Gleason 4+3 ISUP grade group 4 , Prostatic Acinar Adenocarcinoma		Fresh Frozen	25 Mar 2024	CC BY NC 3.0						P1	P1	no		E2_corroborated	Bundled patient and subseries fields contain the same explicit P-number.
MEND17	data/other_sources/hest1k/metadata/MEND17.json	yes	yes	MATCHED	MEND17	Prostate	Cancer		Spatial Transcriptomics	Fresh Frozen	MEND17		Patient1_Biopsy4_rep2_chip2_e2	https://www.ncbi.nlm.nih.gov/pmc/articles/PMC9482614/	https://data.mendeley.com/datasets/mdt8n2xgf4/1		Spatial Transcriptomics	Prostate needle biopsies pre- and post-ADT: Count matrices, histological-, and Androgen receptor immunohistochemistry images	Homo sapiens	Prostate	prostate	Cancer	Local advanced nonmetastatic PCa		Fresh Frozen	20 Jul 2022	CC BY 4.0							P1	no		E1_weak	Only an explicit P-number inside subseries is available; no patient is assigned.
MEND18	data/other_sources/hest1k/metadata/MEND18.json	yes	yes	MATCHED	MEND18	Prostate	Cancer		Spatial Transcriptomics	Fresh Frozen	MEND18		Patient1_Biopsy4_rep1_chip1_e2	https://www.ncbi.nlm.nih.gov/pmc/articles/PMC9482614/	https://data.mendeley.com/datasets/mdt8n2xgf4/1		Spatial Transcriptomics	Prostate needle biopsies pre- and post-ADT: Count matrices, histological-, and Androgen receptor immunohistochemistry images	Homo sapiens	Prostate	prostate	Cancer	Local advanced nonmetastatic PCa		Fresh Frozen	20 Jul 2022	CC BY 4.0							P1	no		E1_weak	Only an explicit P-number inside subseries is available; no patient is assigned.
MEND19	data/other_sources/hest1k/metadata/MEND19.json	yes	yes	MATCHED	MEND19	Prostate	Cancer		Spatial Transcriptomics	Fresh Frozen	MEND19		Patient1_Biopsy3_rep2_chip2_c2	https://www.ncbi.nlm.nih.gov/pmc/articles/PMC9482614/	https://data.mendeley.com/datasets/mdt8n2xgf4/1		Spatial Transcriptomics	Prostate needle biopsies pre- and post-ADT: Count matrices, histological-, and Androgen receptor immunohistochemistry images	Homo sapiens	Prostate	prostate	Cancer	Local advanced nonmetastatic PCa		Fresh Frozen	20 Jul 2022	CC BY 4.0							P1	no		E1_weak	Only an explicit P-number inside subseries is available; no patient is assigned.
MEND2	data/other_sources/hest1k/metadata/MEND2.json	yes	yes	MATCHED	MEND2	Prostate	Cancer		Spatial Transcriptomics	Fresh Frozen	MEND2		Patient3_Biopsy4_rep1_Chip2_D1	https://www.ncbi.nlm.nih.gov/pmc/articles/PMC9482614/	https://data.mendeley.com/datasets/mdt8n2xgf4/1		Spatial Transcriptomics	Prostate needle biopsies pre- and post-ADT: Count matrices, histological-, and Androgen receptor immunohistochemistry images	Homo sapiens	Prostate	prostate	Cancer	Local advanced PCa with bone metastases and progression to retroperitoneal lymph nodes		Fresh Frozen	20 Jul 2022	CC BY 4.0							P3	no		E1_weak	Only an explicit P-number inside subseries is available; no patient is assigned.
MEND20	data/other_sources/hest1k/metadata/MEND20.json	yes	yes	MATCHED	MEND20	Prostate	Cancer		Spatial Transcriptomics	Fresh Frozen	MEND20		Patient1_Biopsy3_rep1_chip2_c1	https://www.ncbi.nlm.nih.gov/pmc/articles/PMC9482614/	https://data.mendeley.com/datasets/mdt8n2xgf4/1		Spatial Transcriptomics	Prostate needle biopsies pre- and post-ADT: Count matrices, histological-, and Androgen receptor immunohistochemistry images	Homo sapiens	Prostate	prostate	Cancer	Local advanced nonmetastatic PCa		Fresh Frozen	20 Jul 2022	CC BY 4.0							P1	no		E1_weak	Only an explicit P-number inside subseries is available; no patient is assigned.
MEND21	data/other_sources/hest1k/metadata/MEND21.json	yes	yes	MATCHED	MEND21	Prostate	Cancer		Spatial Transcriptomics	Fresh Frozen	MEND21		Patient1_Biopsy2_rep2_chip2_d2	https://www.ncbi.nlm.nih.gov/pmc/articles/PMC9482614/	https://data.mendeley.com/datasets/mdt8n2xgf4/1		Spatial Transcriptomics	Prostate needle biopsies pre- and post-ADT: Count matrices, histological-, and Androgen receptor immunohistochemistry images	Homo sapiens	Prostate	prostate	Cancer	Local advanced nonmetastatic PCa		Fresh Frozen	20 Jul 2022	CC BY 4.0							P1	no		E1_weak	Only an explicit P-number inside subseries is available; no patient is assigned.
MEND22	data/other_sources/hest1k/metadata/MEND22.json	yes	yes	MATCHED	MEND22	Prostate	Cancer		Spatial Transcriptomics	Fresh Frozen	MEND22		Patient1_Biopsy2_rep1_chip1_d2	https://www.ncbi.nlm.nih.gov/pmc/articles/PMC9482614/	https://data.mendeley.com/datasets/mdt8n2xgf4/1		Spatial Transcriptomics	Prostate needle biopsies pre- and post-ADT: Count matrices, histological-, and Androgen receptor immunohistochemistry images	Homo sapiens	Prostate	prostate	Cancer	Local advanced nonmetastatic PCa		Fresh Frozen	20 Jul 2022	CC BY 4.0							P1	no		E1_weak	Only an explicit P-number inside subseries is available; no patient is assigned.
MEND23	data/other_sources/hest1k/metadata/MEND23.json	yes	yes	MATCHED	MEND23	Prostate	Cancer		Spatial Transcriptomics	Fresh Frozen	MEND23		Patient1_Biopsy1_rep2_chip2_d1	https://www.ncbi.nlm.nih.gov/pmc/articles/PMC9482614/	https://data.mendeley.com/datasets/mdt8n2xgf4/1		Spatial Transcriptomics	Prostate needle biopsies pre- and post-ADT: Count matrices, histological-, and Androgen receptor immunohistochemistry images	Homo sapiens	Prostate	prostate	Cancer	Local advanced nonmetastatic PCa		Fresh Frozen	20 Jul 2022	CC BY 4.0							P1	no		E1_weak	Only an explicit P-number inside subseries is available; no patient is assigned.
MEND24	data/other_sources/hest1k/metadata/MEND24.json	yes	yes	MATCHED	MEND24	Prostate	Cancer		Spatial Transcriptomics	Fresh Frozen	MEND24		Patient1_Biopsy1_rep1_chip1_d1	https://www.ncbi.nlm.nih.gov/pmc/articles/PMC9482614/	https://data.mendeley.com/datasets/mdt8n2xgf4/1		Spatial Transcriptomics	Prostate needle biopsies pre- and post-ADT: Count matrices, histological-, and Androgen receptor immunohistochemistry images	Homo sapiens	Prostate	prostate	Cancer	Local advanced nonmetastatic PCa		Fresh Frozen	20 Jul 2022	CC BY 4.0							P1	no		E1_weak	Only an explicit P-number inside subseries is available; no patient is assigned.
MEND3	data/other_sources/hest1k/metadata/MEND3.json	yes	yes	MATCHED	MEND3	Prostate	Cancer		Spatial Transcriptomics	Fresh Frozen	MEND3		Patient3_Biopsy3_rep2_Chip2_C2	https://www.ncbi.nlm.nih.gov/pmc/articles/PMC9482614/	https://data.mendeley.com/datasets/mdt8n2xgf4/1		Spatial Transcriptomics	Prostate needle biopsies pre- and post-ADT: Count matrices, histological-, and Androgen receptor immunohistochemistry images	Homo sapiens	Prostate	prostate	Cancer	Local advanced PCa with bone metastases and progression to retroperitoneal lymph nodes		Fresh Frozen	20 Jul 2022	CC BY 4.0							P3	no		E1_weak	Only an explicit P-number inside subseries is available; no patient is assigned.
MEND33	data/other_sources/hest1k/metadata/MEND33.json	yes	yes	MATCHED	MEND33	Bowel	Healthy		Visium		MEND33	Patient 1	V19T26-028_D1	https://pubmed.ncbi.nlm.nih.gov/34845373/	https://data.mendeley.com/datasets/v8s9nz948s/1		Visium	Human ileum, Visium	Homo sapiens	Bowel	ileum	Healthy				20 Aug 2021	CC BY 4.0						P1		no		E3_explicit	Bundled metadata explicitly supplies a patient value; it remains raw.
MEND34	data/other_sources/hest1k/metadata/MEND34.json	yes	yes	MATCHED	MEND34	Bowel	Healthy		Visium		MEND34	Patient 1	V19T26-028_C1	https://pubmed.ncbi.nlm.nih.gov/34845373/	https://data.mendeley.com/datasets/v8s9nz948s/1		Visium	Human ileum, Visium	Homo sapiens	Bowel	ileum	Healthy				20 Aug 2021	CC BY 4.0						P1		no		E3_explicit	Bundled metadata explicitly supplies a patient value; it remains raw.
MEND35	data/other_sources/hest1k/metadata/MEND35.json	yes	yes	MATCHED	MEND35	Bowel	Healthy		Visium		MEND35	Patient 1	V19T26-028_B1	https://pubmed.ncbi.nlm.nih.gov/34845373/	https://data.mendeley.com/datasets/v8s9nz948s/1		Visium	Human ileum, Visium	Homo sapiens	Bowel	ileum	Healthy				20 Aug 2021	CC BY 4.0						P1		no		E3_explicit	Bundled metadata explicitly supplies a patient value; it remains raw.
MEND36	data/other_sources/hest1k/metadata/MEND36.json	yes	yes	MATCHED	MEND36	Bowel	Healthy		Visium		MEND36	Patient 1	V19T26-028_A1	https://pubmed.ncbi.nlm.nih.gov/34845373/	https://data.mendeley.com/datasets/v8s9nz948s/1		Visium	Human ileum, Visium	Homo sapiens	Bowel	ileum	Healthy				20 Aug 2021	CC BY 4.0						P1		no		E3_explicit	Bundled metadata explicitly supplies a patient value; it remains raw.
MEND37	data/other_sources/hest1k/metadata/MEND37.json	yes	yes	MATCHED	MEND37	Skin	Cancer		Visium	FFPE	MEND37	Patient 1	V10F24-015_D1	https://www.ncbi.nlm.nih.gov/pmc/articles/PMC7391009/	https://data.mendeley.com/datasets/2bh5fchcv6/1		Visium	Human squamous cell carcinoma	Homo sapiens	Skin	skin	Cancer			FFPE	20 Aug 2021	CC BY 4.0						P1		no		E3_explicit	Bundled metadata explicitly supplies a patient value; it remains raw.
MEND38	data/other_sources/hest1k/metadata/MEND38.json	yes	yes	MATCHED	MEND38	Skin	Cancer		Visium	FFPE	MEND38	Patient 1	V10F24-015_C1	https://www.ncbi.nlm.nih.gov/pmc/articles/PMC7391009/	https://data.mendeley.com/datasets/2bh5fchcv6/1		Visium	Human squamous cell carcinoma	Homo sapiens	Skin	skin	Cancer			FFPE	20 Aug 2021	CC BY 4.0						P1		no		E3_explicit	Bundled metadata explicitly supplies a patient value; it remains raw.
MEND39	data/other_sources/hest1k/metadata/MEND39.json	yes	yes	MATCHED	MEND39	Skin	Cancer		Visium	FFPE	MEND39	Patient 1	V10F24-015_B1	https://www.ncbi.nlm.nih.gov/pmc/articles/PMC7391009/	https://data.mendeley.com/datasets/2bh5fchcv6/1		Visium	Human squamous cell carcinoma	Homo sapiens	Skin	skin	Cancer			FFPE	20 Aug 2021	CC BY 4.0						P1		no		E3_explicit	Bundled metadata explicitly supplies a patient value; it remains raw.
MEND4	data/other_sources/hest1k/metadata/MEND4.json	yes	yes	MATCHED	MEND4	Prostate	Cancer		Spatial Transcriptomics	Fresh Frozen	MEND4		Patient3_Biopsy3_rep1_Chip1_D2	https://www.ncbi.nlm.nih.gov/pmc/articles/PMC9482614/	https://data.mendeley.com/datasets/mdt8n2xgf4/1		Spatial Transcriptomics	Prostate needle biopsies pre- and post-ADT: Count matrices, histological-, and Androgen receptor immunohistochemistry images	Homo sapiens	Prostate	prostate	Cancer	Local advanced PCa with bone metastases and progression to retroperitoneal lymph nodes		Fresh Frozen	20 Jul 2022	CC BY 4.0							P3	no		E1_weak	Only an explicit P-number inside subseries is available; no patient is assigned.
MEND40	data/other_sources/hest1k/metadata/MEND40.json	yes	yes	MATCHED	MEND40	Skin	Cancer		Visium	FFPE	MEND40	Patient 1	V10F24-015_A1	https://www.ncbi.nlm.nih.gov/pmc/articles/PMC7391009/	https://data.mendeley.com/datasets/2bh5fchcv6/1		Visium	Human squamous cell carcinoma	Homo sapiens	Skin	skin	Cancer			FFPE	20 Aug 2021	CC BY 4.0						P1		no		E3_explicit	Bundled metadata explicitly supplies a patient value; it remains raw.
MEND41	data/other_sources/hest1k/metadata/MEND41.json	yes	yes	MATCHED	MEND41	Lung	Healthy		Visium	PFA fixed	MEND41		V19D02-088_C1	https://pubmed.ncbi.nlm.nih.gov/36776149/	https://data.mendeley.com/datasets/xjtv62ncwr/1		Visium	Genome-wide Spatial Expression Profiling in Formalin-fixed Tissues: Supplementary Data	Homo sapiens	Lung	lung	Healthy			PFA fixed	8 Oct 2021	CC BY 4.0				V19D02-088_C1				no		E0_unknown	Bundled metadata does not establish patient identity.
MEND45	data/other_sources/hest1k/metadata/MEND45.json	yes	yes	MATCHED	MEND45	Lung	Healthy		Visium	PFA fixed	MEND45		V19D02-088_B1	https://pubmed.ncbi.nlm.nih.gov/36776149/	https://data.mendeley.com/datasets/xjtv62ncwr/1		Visium	Genome-wide Spatial Expression Profiling in Formalin-fixed Tissues: Supplementary Data	Homo sapiens	Lung	lung	Healthy			PFA fixed	8 Oct 2021	CC BY 4.0				V19D02-088_B1				no		E0_unknown	Bundled metadata does not establish patient identity.
MEND47	data/other_sources/hest1k/metadata/MEND47.json	yes	yes	MATCHED	MEND47	Lung	Healthy		Visium	PFA fixed	MEND47		V19D02-088_D1	https://pubmed.ncbi.nlm.nih.gov/36776149/	https://data.mendeley.com/datasets/xjtv62ncwr/1		Visium	Genome-wide Spatial Expression Profiling in Formalin-fixed Tissues: Supplementary Data	Homo sapiens	Lung	lung	Healthy			PFA fixed	8 Oct 2021	CC BY 4.0				V19D02-088_D1				no		E0_unknown	Bundled metadata does not establish patient identity.
MEND48	data/other_sources/hest1k/metadata/MEND48.json	yes	yes	MATCHED	MEND48	Kidney	Healthy		Visium	PFA fixed	MEND48		V19D02-085_C1	https://pubmed.ncbi.nlm.nih.gov/36776149/	https://data.mendeley.com/datasets/xjtv62ncwr/1		Visium	Genome-wide Spatial Expression Profiling in Formalin-fixed Tissues: Supplementary Data	Homo sapiens	Kidney	kidney	Healthy			PFA fixed	8 Oct 2021	CC BY 4.0				V19D02-085_C1				no		E0_unknown	Bundled metadata does not establish patient identity.
MEND49	data/other_sources/hest1k/metadata/MEND49.json	yes	yes	MATCHED	MEND49	Kidney	Healthy		Visium	PFA fixed	MEND49		V19D02-085_B1	https://pubmed.ncbi.nlm.nih.gov/36776149/	https://data.mendeley.com/datasets/xjtv62ncwr/1		Visium	Genome-wide Spatial Expression Profiling in Formalin-fixed Tissues: Supplementary Data	Homo sapiens	Kidney	kidney	Healthy			PFA fixed	8 Oct 2021	CC BY 4.0				V19D02-085_B1				no		E0_unknown	Bundled metadata does not establish patient identity.
MEND5	data/other_sources/hest1k/metadata/MEND5.json	yes	yes	MATCHED	MEND5	Prostate	Cancer		Spatial Transcriptomics	Fresh Frozen	MEND5		Patient3_Biopsy2_rep2_Chip2_C1	https://www.ncbi.nlm.nih.gov/pmc/articles/PMC9482614/	https://data.mendeley.com/datasets/mdt8n2xgf4/1		Spatial Transcriptomics	Prostate needle biopsies pre- and post-ADT: Count matrices, histological-, and Androgen receptor immunohistochemistry images	Homo sapiens	Prostate	prostate	Cancer	Local advanced PCa with bone metastases and progression to retroperitoneal lymph nodes		Fresh Frozen	20 Jul 2022	CC BY 4.0							P3	no		E1_weak	Only an explicit P-number inside subseries is available; no patient is assigned.
MEND51	data/other_sources/hest1k/metadata/MEND51.json	yes	yes	MATCHED	MEND51	Lung	Healthy		Visium	PFA fixed	MEND51		V19D02-088_A1	https://pubmed.ncbi.nlm.nih.gov/36776149/	https://data.mendeley.com/datasets/xjtv62ncwr/1		Visium	Genome-wide Spatial Expression Profiling in Formalin-fixed Tissues: Supplementary Data	Homo sapiens	Lung	lung	Healthy			PFA fixed	8 Oct 2021	CC BY 4.0				V19D02-088_A1				no		E0_unknown	Bundled metadata does not establish patient identity.
MEND54	data/other_sources/hest1k/metadata/MEND54.json	yes	yes	MATCHED	MEND54	Kidney	Healthy		Visium	PFA fixed	MEND54		V19D02-085_D1	https://pubmed.ncbi.nlm.nih.gov/36776149/	https://data.mendeley.com/datasets/xjtv62ncwr/1		Visium	Genome-wide Spatial Expression Profiling in Formalin-fixed Tissues: Supplementary Data	Homo sapiens	Kidney	kidney	Healthy			PFA fixed	8 Oct 2021	CC BY 4.0				V19D02-085_D1				no		E0_unknown	Bundled metadata does not establish patient identity.
MEND59	data/other_sources/hest1k/metadata/MEND59.json	yes	yes	MATCHED	MEND59	Prostate	Cancer		Visium	Fresh Frozen	MEND59		V11M22-349_D1	https://www.nature.com/articles/s41467-023-36071-5	https://data.mendeley.com/datasets/4w6krnywhn/1		Visium	Spatially resolved transcriptomic profiling of degraded	Homo sapiens	Prostate	prostate	Cancer	Prostatic Acinar Adenocarcinoma		Fresh Frozen	20 Dec 2022	CC BY 4.0				V11M22-349_D1				no		E0_unknown	Bundled metadata does not establish patient identity.
MEND6	data/other_sources/hest1k/metadata/MEND6.json	yes	yes	MATCHED	MEND6	Prostate	Cancer		Spatial Transcriptomics	Fresh Frozen	MEND6		Patient3_Biopsy2_rep1_chip1_C1	https://www.ncbi.nlm.nih.gov/pmc/articles/PMC9482614/	https://data.mendeley.com/datasets/mdt8n2xgf4/1		Spatial Transcriptomics	Prostate needle biopsies pre- and post-ADT: Count matrices, histological-, and Androgen receptor immunohistochemistry images	Homo sapiens	Prostate	prostate	Cancer	Local advanced PCa with bone metastases and progression to retroperitoneal lymph nodes		Fresh Frozen	20 Jul 2022	CC BY 4.0							P3	no		E1_weak	Only an explicit P-number inside subseries is available; no patient is assigned.
MEND60	data/other_sources/hest1k/metadata/MEND60.json	yes	yes	MATCHED	MEND60	Prostate	Cancer		Visium	Fresh Frozen	MEND60		V11M22-349_C1	https://www.nature.com/articles/s41467-023-36071-5	https://data.mendeley.com/datasets/4w6krnywhn/1		Visium	Spatially resolved transcriptomic profiling of degraded	Homo sapiens	Prostate	prostate	Cancer	Prostatic Acinar Adenocarcinoma		Fresh Frozen	20 Dec 2022	CC BY 4.0				V11M22-349_C1				no		E0_unknown	Bundled metadata does not establish patient identity.
MEND61	data/other_sources/hest1k/metadata/MEND61.json	yes	yes	MATCHED	MEND61	Prostate	Cancer		Visium	Fresh Frozen	MEND61		V11A20-405_D1	https://www.nature.com/articles/s41467-023-36071-5	https://data.mendeley.com/datasets/4w6krnywhn/1		Visium	Spatially resolved transcriptomic profiling of degraded	Homo sapiens	Prostate	prostate	Cancer	Prostatic Acinar Adenocarcinoma		Fresh Frozen	20 Dec 2022	CC BY 4.0				V11A20-405_D1				no		E0_unknown	Bundled metadata does not establish patient identity.
MEND62	data/other_sources/hest1k/metadata/MEND62.json	yes	yes	MATCHED	MEND62	Prostate	Cancer		Visium	Fresh Frozen	MEND62		V11A20-405_C1	https://www.nature.com/articles/s41467-023-36071-5	https://data.mendeley.com/datasets/4w6krnywhn/1		Visium	Spatially resolved transcriptomic profiling of degraded	Homo sapiens	Prostate	prostate	Cancer	Prostatic Acinar Adenocarcinoma		Fresh Frozen	20 Dec 2022	CC BY 4.0				V11A20-405_C1				no		E0_unknown	Bundled metadata does not establish patient identity.
MEND7	data/other_sources/hest1k/metadata/MEND7.json	yes	yes	MATCHED	MEND7	Prostate	Cancer		Spatial Transcriptomics	Fresh Frozen	MEND7		Patient3_Biopsy1_rep2_Chip2_E2	https://www.ncbi.nlm.nih.gov/pmc/articles/PMC9482614/	https://data.mendeley.com/datasets/mdt8n2xgf4/1		Spatial Transcriptomics	Prostate needle biopsies pre- and post-ADT: Count matrices, histological-, and Androgen receptor immunohistochemistry images	Homo sapiens	Prostate	prostate	Cancer	Local advanced PCa with bone metastases and progression to retroperitoneal lymph nodes		Fresh Frozen	20 Jul 2022	CC BY 4.0							P3	no		E1_weak	Only an explicit P-number inside subseries is available; no patient is assigned.
MEND8	data/other_sources/hest1k/metadata/MEND8.json	yes	yes	MATCHED	MEND8	Prostate	Cancer		Spatial Transcriptomics	Fresh Frozen	MEND8		Patient3_Biopsy1_rep1_Chip1_E2	https://www.ncbi.nlm.nih.gov/pmc/articles/PMC9482614/	https://data.mendeley.com/datasets/mdt8n2xgf4/1		Spatial Transcriptomics	Prostate needle biopsies pre- and post-ADT: Count matrices, histological-, and Androgen receptor immunohistochemistry images	Homo sapiens	Prostate	prostate	Cancer	Local advanced PCa with bone metastases and progression to retroperitoneal lymph nodes		Fresh Frozen	20 Jul 2022	CC BY 4.0							P3	no		E1_weak	Only an explicit P-number inside subseries is available; no patient is assigned.
MEND85	data/other_sources/hest1k/metadata/MEND85.json	yes	yes	MATCHED	MEND85	Lung	Healthy		Visium	Fresh Frozen	MEND85		V11A20-384_D1	https://www.nature.com/articles/s41467-023-36071-5	https://data.mendeley.com/datasets/4w6krnywhn/1		Visium	Spatially resolved transcriptomic profiling of degraded	Homo sapiens	Lung	lung	Healthy			Fresh Frozen	20 Dec 2022	CC BY 4.0				V11A20-384_D1				no		E0_unknown	Bundled metadata does not establish patient identity.
MEND86	data/other_sources/hest1k/metadata/MEND86.json	yes	yes	MATCHED	MEND86	Lung	Healthy		Visium	Fresh Frozen	MEND86		V11A20-384_C1	https://www.nature.com/articles/s41467-023-36071-5	https://data.mendeley.com/datasets/4w6krnywhn/1		Visium	Spatially resolved transcriptomic profiling of degraded	Homo sapiens	Lung	lung	Healthy			Fresh Frozen	20 Dec 2022	CC BY 4.0				V11A20-384_C1				no		E0_unknown	Bundled metadata does not establish patient identity.
MEND87	data/other_sources/hest1k/metadata/MEND87.json	yes	yes	MATCHED	MEND87	Lung	Healthy		Visium	Fresh Frozen	MEND87		V10T03-286_D1	https://www.nature.com/articles/s41467-023-36071-5	https://data.mendeley.com/datasets/4w6krnywhn/1		Visium	Spatially resolved transcriptomic profiling of degraded	Homo sapiens	Lung	lung	Healthy			Fresh Frozen	20 Dec 2022	CC BY 4.0				V10T03-286_D1				no		E0_unknown	Bundled metadata does not establish patient identity.
MEND88	data/other_sources/hest1k/metadata/MEND88.json	yes	yes	MATCHED	MEND88	Lung	Healthy		Visium	Fresh Frozen	MEND88		V10T03-286_B1	https://www.nature.com/articles/s41467-023-36071-5	https://data.mendeley.com/datasets/4w6krnywhn/1		Visium	Spatially resolved transcriptomic profiling of degraded	Homo sapiens	Lung	lung	Healthy			Fresh Frozen	20 Dec 2022	CC BY 4.0				V10T03-286_B1				no		E0_unknown	Bundled metadata does not establish patient identity.
MEND89	data/other_sources/hest1k/metadata/MEND89.json	yes	yes	MATCHED	MEND89	Lung	Healthy		Visium	Fresh Frozen	MEND89		V10B01-037_B1	https://www.nature.com/articles/s41467-023-36071-5	https://data.mendeley.com/datasets/4w6krnywhn/1		Visium	Spatially resolved transcriptomic profiling of degraded	Homo sapiens	Lung	lung	Healthy			Fresh Frozen	20 Dec 2022	CC BY 4.0				V10B01-037_B1				no		E0_unknown	Bundled metadata does not establish patient identity.
MEND9	data/other_sources/hest1k/metadata/MEND9.json	yes	yes	MATCHED	MEND9	Prostate	Cancer		Spatial Transcriptomics	Fresh Frozen	MEND9		Patient2_Biopsy4_rep2_Chip3_E2	https://www.ncbi.nlm.nih.gov/pmc/articles/PMC9482614/	https://data.mendeley.com/datasets/mdt8n2xgf4/1		Spatial Transcriptomics	Prostate needle biopsies pre- and post-ADT: Count matrices, histological-, and Androgen receptor immunohistochemistry images	Homo sapiens	Prostate	prostate	Cancer	Local advanced PCa with initially bone metastases		Fresh Frozen	20 Jul 2022	CC BY 4.0							P2	no		E1_weak	Only an explicit P-number inside subseries is available; no patient is assigned.
MEND90	data/other_sources/hest1k/metadata/MEND90.json	yes	yes	MATCHED	MEND90	Lung	Healthy		Visium	Fresh Frozen	MEND90		V10B01-037_A1	https://www.nature.com/articles/s41467-023-36071-5	https://data.mendeley.com/datasets/4w6krnywhn/1		Visium	Spatially resolved transcriptomic profiling of degraded	Homo sapiens	Lung	lung	Healthy			Fresh Frozen	20 Dec 2022	CC BY 4.0				V10B01-037_A1				no		E0_unknown	Bundled metadata does not establish patient identity.
MEND91	data/other_sources/hest1k/metadata/MEND91.json	yes	yes	MATCHED	MEND91	Bowel	Healthy		Visium	Fresh Frozen	MEND91		V11M22-349_B1	https://www.nature.com/articles/s41467-023-36071-5	https://data.mendeley.com/datasets/4w6krnywhn/1		Visium	Spatially resolved transcriptomic profiling of degraded	Homo sapiens	Bowel	colon	Healthy			Fresh Frozen	20 Dec 2022	CC BY 4.0				V11M22-349_B1				no		E0_unknown	Bundled metadata does not establish patient identity.
MEND92	data/other_sources/hest1k/metadata/MEND92.json	yes	yes	MATCHED	MEND92	Bowel	Healthy		Visium	Fresh Frozen	MEND92		V11M22-349_A1	https://www.nature.com/articles/s41467-023-36071-5	https://data.mendeley.com/datasets/4w6krnywhn/1		Visium	Spatially resolved transcriptomic profiling of degraded	Homo sapiens	Bowel	colon	Healthy			Fresh Frozen	20 Dec 2022	CC BY 4.0				V11M22-349_A1				no		E0_unknown	Bundled metadata does not establish patient identity.
MEND93	data/other_sources/hest1k/metadata/MEND93.json	yes	yes	MATCHED	MEND93	Bowel	Healthy		Visium	Fresh Frozen	MEND93		V11B18-363_C1	https://www.nature.com/articles/s41467-023-36071-5	https://data.mendeley.com/datasets/4w6krnywhn/1		Visium	Spatially resolved transcriptomic profiling of degraded	Homo sapiens	Bowel	colon	Healthy			Fresh Frozen	20 Dec 2022	CC BY 4.0				V11B18-363_C1				no		E0_unknown	Bundled metadata does not establish patient identity.
MEND95	data/other_sources/hest1k/metadata/MEND95.json	yes	yes	MATCHED	MEND95	Bowel	Healthy		Visium	Fresh Frozen	MEND95		V11A20-396_A1	https://www.nature.com/articles/s41467-023-36071-5	https://data.mendeley.com/datasets/4w6krnywhn/1		Visium	Spatially resolved transcriptomic profiling of degraded	Homo sapiens	Bowel	colon	Healthy			Fresh Frozen	20 Dec 2022	CC BY 4.0				V11A20-396_A1				no		E0_unknown	Bundled metadata does not establish patient identity.
MEND96	data/other_sources/hest1k/metadata/MEND96.json	yes	yes	MATCHED	MEND96	Bowel	Healthy		Visium	Fresh Frozen	MEND96		V10S29-108_B1	https://www.nature.com/articles/s41467-023-36071-5	https://data.mendeley.com/datasets/4w6krnywhn/1		Visium	Spatially resolved transcriptomic profiling of degraded	Homo sapiens	Bowel	colon	Healthy			Fresh Frozen	20 Dec 2022	CC BY 4.0				V10S29-108_B1				no		E0_unknown	Bundled metadata does not establish patient identity.
MISC101	data/other_sources/hest1k/metadata/MISC101.json	yes	yes	MATCHED	MISC101	Heart	Healthy		Visium	Fresh Frozen	MISC101		HCAHeartST9383358	https://www.nature.com/articles/s41586-023-06311-1#data-availability	https://www.heartcellatlas.org/		Visium	Spatially resolved multiomics of human cardiac niches	Homo sapiens	Heart	heart left ventricle	Healthy			Fresh Frozen		Creative Commons Attribution 4.0 International								no		E0_unknown	Bundled metadata does not establish patient identity.
MISC102	data/other_sources/hest1k/metadata/MISC102.json	yes	yes	MATCHED	MISC102	Heart	Healthy		Visium	Fresh Frozen	MISC102		HCAHeartST9383356	https://www.nature.com/articles/s41586-023-06311-1#data-availability	https://www.heartcellatlas.org/		Visium	Spatially resolved multiomics of human cardiac niches	Homo sapiens	Heart	heart left ventricle	Healthy			Fresh Frozen		Creative Commons Attribution 4.0 International								no		E0_unknown	Bundled metadata does not establish patient identity.
MISC103	data/other_sources/hest1k/metadata/MISC103.json	yes	yes	MATCHED	MISC103	Heart	Healthy		Visium	Fresh Frozen	MISC103		HCAHeartST9383355	https://www.nature.com/articles/s41586-023-06311-1#data-availability	https://www.heartcellatlas.org/		Visium	Spatially resolved multiomics of human cardiac niches	Homo sapiens	Heart	right cardiac atrium	Healthy			Fresh Frozen		Creative Commons Attribution 4.0 International								no		E0_unknown	Bundled metadata does not establish patient identity.
MISC104	data/other_sources/hest1k/metadata/MISC104.json	yes	yes	MATCHED	MISC104	Heart	Healthy		Visium	Fresh Frozen	MISC104		HCAHeartST9383354	https://www.nature.com/articles/s41586-023-06311-1#data-availability	https://www.heartcellatlas.org/		Visium	Spatially resolved multiomics of human cardiac niches	Homo sapiens	Heart	heart left ventricle	Healthy			Fresh Frozen		Creative Commons Attribution 4.0 International								no		E0_unknown	Bundled metadata does not establish patient identity.
MISC105	data/other_sources/hest1k/metadata/MISC105.json	yes	yes	MATCHED	MISC105	Heart	Healthy		Visium	Fresh Frozen	MISC105		HCAHeartST9383353	https://www.nature.com/articles/s41586-023-06311-1#data-availability	https://www.heartcellatlas.org/		Visium	Spatially resolved multiomics of human cardiac niches	Homo sapiens	Heart	right cardiac atrium	Healthy			Fresh Frozen		Creative Commons Attribution 4.0 International								no		E0_unknown	Bundled metadata does not establish patient identity.
MISC106	data/other_sources/hest1k/metadata/MISC106.json	yes	yes	MATCHED	MISC106	Heart	Healthy		Visium	Fresh Frozen	MISC106		HCAHeartST9383352	https://www.nature.com/articles/s41586-023-06311-1#data-availability	https://www.heartcellatlas.org/		Visium	Spatially resolved multiomics of human cardiac niches	Homo sapiens	Heart	heart left ventricle	Healthy			Fresh Frozen		Creative Commons Attribution 4.0 International								no		E0_unknown	Bundled metadata does not establish patient identity.
MISC107	data/other_sources/hest1k/metadata/MISC107.json	yes	yes	MATCHED	MISC107	Heart	Healthy		Visium	Fresh Frozen	MISC107		HCAHeartST9341984	https://www.nature.com/articles/s41586-023-06311-1#data-availability	https://www.heartcellatlas.org/		Visium	Spatially resolved multiomics of human cardiac niches	Homo sapiens	Heart	apical region of left ventricle	Healthy			Fresh Frozen		Creative Commons Attribution 4.0 International								no		E0_unknown	Bundled metadata does not establish patient identity.
MISC108	data/other_sources/hest1k/metadata/MISC108.json	yes	yes	MATCHED	MISC108	Heart	Healthy		Visium	Fresh Frozen	MISC108		HCAHeartST9341983	https://www.nature.com/articles/s41586-023-06311-1#data-availability	https://www.heartcellatlas.org/		Visium	Spatially resolved multiomics of human cardiac niches	Homo sapiens	Heart	left cardiac atrium	Healthy			Fresh Frozen		Creative Commons Attribution 4.0 International								no		E0_unknown	Bundled metadata does not establish patient identity.
MISC109	data/other_sources/hest1k/metadata/MISC109.json	yes	yes	MATCHED	MISC109	Heart	Healthy		Visium	Fresh Frozen	MISC109		HCAHeartST9341982	https://www.nature.com/articles/s41586-023-06311-1#data-availability	https://www.heartcellatlas.org/		Visium	Spatially resolved multiomics of human cardiac niches	Homo sapiens	Heart	heart right ventricle	Healthy			Fresh Frozen		Creative Commons Attribution 4.0 International								no		E0_unknown	Bundled metadata does not establish patient identity.
MISC110	data/other_sources/hest1k/metadata/MISC110.json	yes	yes	MATCHED	MISC110	Heart	Healthy		Visium	Fresh Frozen	MISC110		HCAHeartST8795940	https://www.nature.com/articles/s41586-023-06311-1#data-availability	https://www.heartcellatlas.org/		Visium	Spatially resolved multiomics of human cardiac niches	Homo sapiens	Heart	heart right ventricle	Healthy			Fresh Frozen		Creative Commons Attribution 4.0 International								no		E0_unknown	Bundled metadata does not establish patient identity.
MISC111	data/other_sources/hest1k/metadata/MISC111.json	yes	yes	MATCHED	MISC111	Heart	Healthy		Visium	Fresh Frozen	MISC111		HCAHeartST8795939	https://www.nature.com/articles/s41586-023-06311-1#data-availability	https://www.heartcellatlas.org/		Visium	Spatially resolved multiomics of human cardiac niches	Homo sapiens	Heart	interventricular septum	Healthy			Fresh Frozen		Creative Commons Attribution 4.0 International								no		E0_unknown	Bundled metadata does not establish patient identity.
MISC112	data/other_sources/hest1k/metadata/MISC112.json	yes	yes	MATCHED	MISC112	Heart	Healthy		Visium	Fresh Frozen	MISC112		HCAHeartST8795938	https://www.nature.com/articles/s41586-023-06311-1#data-availability	https://www.heartcellatlas.org/		Visium	Spatially resolved multiomics of human cardiac niches	Homo sapiens	Heart	interventricular septum	Healthy			Fresh Frozen		Creative Commons Attribution 4.0 International								no		E0_unknown	Bundled metadata does not establish patient identity.
MISC113	data/other_sources/hest1k/metadata/MISC113.json	yes	yes	MATCHED	MISC113	Heart	Healthy		Visium	Fresh Frozen	MISC113		HCAHeartST8795937	https://www.nature.com/articles/s41586-023-06311-1#data-availability	https://www.heartcellatlas.org/		Visium	Spatially resolved multiomics of human cardiac niches	Homo sapiens	Heart	right cardiac atrium	Healthy			Fresh Frozen		Creative Commons Attribution 4.0 International								no		E0_unknown	Bundled metadata does not establish patient identity.
MISC114	data/other_sources/hest1k/metadata/MISC114.json	yes	yes	MATCHED	MISC114	Heart	Healthy		Visium	Fresh Frozen	MISC114		HCAHeartST8795936	https://www.nature.com/articles/s41586-023-06311-1#data-availability	https://www.heartcellatlas.org/		Visium	Spatially resolved multiomics of human cardiac niches	Homo sapiens	Heart	apical region of left ventricle	Healthy			Fresh Frozen		Creative Commons Attribution 4.0 International								no		E0_unknown	Bundled metadata does not establish patient identity.
MISC115	data/other_sources/hest1k/metadata/MISC115.json	yes	yes	MATCHED	MISC115	Heart	Healthy		Visium	Fresh Frozen	MISC115		HCAHeartST8795935	https://www.nature.com/articles/s41586-023-06311-1#data-availability	https://www.heartcellatlas.org/		Visium	Spatially resolved multiomics of human cardiac niches	Homo sapiens	Heart	left cardiac atrium	Healthy			Fresh Frozen		Creative Commons Attribution 4.0 International								no		E0_unknown	Bundled metadata does not establish patient identity.
MISC116	data/other_sources/hest1k/metadata/MISC116.json	yes	yes	MATCHED	MISC116	Heart	Healthy		Visium	Fresh Frozen	MISC116		HCAHeartST8795934	https://www.nature.com/articles/s41586-023-06311-1#data-availability	https://www.heartcellatlas.org/		Visium	Spatially resolved multiomics of human cardiac niches	Homo sapiens	Heart	left cardiac atrium	Healthy			Fresh Frozen		Creative Commons Attribution 4.0 International								no		E0_unknown	Bundled metadata does not establish patient identity.
MISC117	data/other_sources/hest1k/metadata/MISC117.json	yes	yes	MATCHED	MISC117	Heart	Healthy		Visium	Fresh Frozen	MISC117		HCAHeartST8795933	https://www.nature.com/articles/s41586-023-06311-1#data-availability	https://www.heartcellatlas.org/		Visium	Spatially resolved multiomics of human cardiac niches	Homo sapiens	Heart	heart left ventricle	Healthy			Fresh Frozen		Creative Commons Attribution 4.0 International								no		E0_unknown	Bundled metadata does not establish patient identity.
MISC118	data/other_sources/hest1k/metadata/MISC118.json	yes	yes	MATCHED	MISC118	Heart	Healthy		Visium	Fresh Frozen	MISC118		HCAHeartST13233999	https://www.nature.com/articles/s41586-023-06311-1#data-availability	https://www.heartcellatlas.org/		Visium	Spatially resolved multiomics of human cardiac niches	Homo sapiens	Heart	sinoatrial node	Healthy			Fresh Frozen		Creative Commons Attribution 4.0 International								no		E0_unknown	Bundled metadata does not establish patient identity.
MISC119	data/other_sources/hest1k/metadata/MISC119.json	yes	yes	MATCHED	MISC119	Heart	Healthy		Visium	Fresh Frozen	MISC119		HCAHeartST13233998	https://www.nature.com/articles/s41586-023-06311-1#data-availability	https://www.heartcellatlas.org/		Visium	Spatially resolved multiomics of human cardiac niches	Homo sapiens	Heart	sinoatrial node	Healthy			Fresh Frozen		Creative Commons Attribution 4.0 International								no		E0_unknown	Bundled metadata does not establish patient identity.
MISC120	data/other_sources/hest1k/metadata/MISC120.json	yes	yes	MATCHED	MISC120	Heart	Healthy		Visium	Fresh Frozen	MISC120		HCAHeartST13233997	https://www.nature.com/articles/s41586-023-06311-1#data-availability	https://www.heartcellatlas.org/		Visium	Spatially resolved multiomics of human cardiac niches	Homo sapiens	Heart	sinoatrial node	Healthy			Fresh Frozen		Creative Commons Attribution 4.0 International								no		E0_unknown	Bundled metadata does not establish patient identity.
MISC121	data/other_sources/hest1k/metadata/MISC121.json	yes	yes	MATCHED	MISC121	Heart	Healthy		Visium	Fresh Frozen	MISC121		HCAHeartST13233996	https://www.nature.com/articles/s41586-023-06311-1#data-availability	https://www.heartcellatlas.org/		Visium	Spatially resolved multiomics of human cardiac niches	Homo sapiens	Heart	sinoatrial node	Healthy			Fresh Frozen		Creative Commons Attribution 4.0 International								no		E0_unknown	Bundled metadata does not establish patient identity.
MISC122	data/other_sources/hest1k/metadata/MISC122.json	yes	yes	MATCHED	MISC122	Heart	Healthy		Visium	Fresh Frozen	MISC122		HCAHeartST13228106	https://www.nature.com/articles/s41586-023-06311-1#data-availability	https://www.heartcellatlas.org/		Visium	Spatially resolved multiomics of human cardiac niches	Homo sapiens	Heart	sinoatrial node	Healthy			Fresh Frozen		Creative Commons Attribution 4.0 International								no		E0_unknown	Bundled metadata does not establish patient identity.
MISC123	data/other_sources/hest1k/metadata/MISC123.json	yes	yes	MATCHED	MISC123	Heart	Healthy		Visium	Fresh Frozen	MISC123		HCAHeartST13228105	https://www.nature.com/articles/s41586-023-06311-1#data-availability	https://www.heartcellatlas.org/		Visium	Spatially resolved multiomics of human cardiac niches	Homo sapiens	Heart	sinoatrial node	Healthy			Fresh Frozen		Creative Commons Attribution 4.0 International								no		E0_unknown	Bundled metadata does not establish patient identity.
MISC124	data/other_sources/hest1k/metadata/MISC124.json	yes	yes	MATCHED	MISC124	Heart	Healthy		Visium	Fresh Frozen	MISC124		HCAHeartST13228103	https://www.nature.com/articles/s41586-023-06311-1#data-availability	https://www.heartcellatlas.org/		Visium	Spatially resolved multiomics of human cardiac niches	Homo sapiens	Heart	atrioventricular node	Healthy			Fresh Frozen		Creative Commons Attribution 4.0 International								no		E0_unknown	Bundled metadata does not establish patient identity.
MISC125	data/other_sources/hest1k/metadata/MISC125.json	yes	yes	MATCHED	MISC125	Heart	Healthy		Visium	Fresh Frozen	MISC125		HCAHeartST12992075	https://www.nature.com/articles/s41586-023-06311-1#data-availability	https://www.heartcellatlas.org/		Visium	Spatially resolved multiomics of human cardiac niches	Homo sapiens	Heart	atrioventricular node	Healthy			Fresh Frozen		Creative Commons Attribution 4.0 International								no		E0_unknown	Bundled metadata does not establish patient identity.
MISC126	data/other_sources/hest1k/metadata/MISC126.json	yes	yes	MATCHED	MISC126	Heart	Healthy		Visium	Fresh Frozen	MISC126		HCAHeartST12992074	https://www.nature.com/articles/s41586-023-06311-1#data-availability	https://www.heartcellatlas.org/		Visium	Spatially resolved multiomics of human cardiac niches	Homo sapiens	Heart	atrioventricular node	Healthy			Fresh Frozen		Creative Commons Attribution 4.0 International								no		E0_unknown	Bundled metadata does not establish patient identity.
MISC127	data/other_sources/hest1k/metadata/MISC127.json	yes	yes	MATCHED	MISC127	Heart	Healthy		Visium	Fresh Frozen	MISC127		HCAHeartST12992072	https://www.nature.com/articles/s41586-023-06311-1#data-availability	https://www.heartcellatlas.org/		Visium	Spatially resolved multiomics of human cardiac niches	Homo sapiens	Heart	sinoatrial node	Healthy			Fresh Frozen		Creative Commons Attribution 4.0 International								no		E0_unknown	Bundled metadata does not establish patient identity.
MISC128	data/other_sources/hest1k/metadata/MISC128.json	yes	yes	MATCHED	MISC128	Heart	Healthy		Visium	FFPE	MISC128		HCAHeartST11702010	https://www.nature.com/articles/s41586-023-06311-1#data-availability	https://www.heartcellatlas.org/		Visium	Spatially resolved multiomics of human cardiac niches	Homo sapiens	Heart	sinoatrial node	Healthy			FFPE	July 12th 2023	Creative Commons Attribution 4.0 International								no		E0_unknown	Bundled metadata does not establish patient identity.
MISC129	data/other_sources/hest1k/metadata/MISC129.json	yes	yes	MATCHED	MISC129	Heart	Healthy		Visium	FFPE	MISC129		HCAHeartST11702009	https://www.nature.com/articles/s41586-023-06311-1#data-availability	https://www.heartcellatlas.org/		Visium	Spatially resolved multiomics of human cardiac niches	Homo sapiens	Heart	sinoatrial node	Healthy			FFPE	July 12th 2023	Creative Commons Attribution 4.0 International								no		E0_unknown	Bundled metadata does not establish patient identity.
MISC130	data/other_sources/hest1k/metadata/MISC130.json	yes	yes	MATCHED	MISC130	Heart	Healthy		Visium	FFPE	MISC130		HCAHeartST11702008	https://www.nature.com/articles/s41586-023-06311-1#data-availability	https://www.heartcellatlas.org/		Visium	Spatially resolved multiomics of human cardiac niches	Homo sapiens	Heart	sinoatrial node	Healthy			FFPE		Creative Commons Attribution 4.0 International								no		E0_unknown	Bundled metadata does not establish patient identity.
MISC131	data/other_sources/hest1k/metadata/MISC131.json	yes	yes	MATCHED	MISC131	Heart	Healthy		Visium	Fresh Frozen	MISC131		HCAHeartST11350377	https://www.nature.com/articles/s41586-023-06311-1#data-availability	https://www.heartcellatlas.org/		Visium	Spatially resolved multiomics of human cardiac niches	Homo sapiens	Heart	atrioventricular node	Healthy			Fresh Frozen		Creative Commons Attribution 4.0 International								no		E0_unknown	Bundled metadata does not establish patient identity.
MISC132	data/other_sources/hest1k/metadata/MISC132.json	yes	yes	MATCHED	MISC132	Heart	Healthy		Visium	Fresh Frozen	MISC132		HCAHeartST11350375	https://www.nature.com/articles/s41586-023-06311-1#data-availability	https://www.heartcellatlas.org/		Visium	Spatially resolved multiomics of human cardiac niches	Homo sapiens	Heart	interventricular septum	Healthy			Fresh Frozen		Creative Commons Attribution 4.0 International								no		E0_unknown	Bundled metadata does not establish patient identity.
MISC133	data/other_sources/hest1k/metadata/MISC133.json	yes	yes	MATCHED	MISC133	Heart	Healthy		Visium	Fresh Frozen	MISC133		HCAHeartST11290662	https://www.nature.com/articles/s41586-023-06311-1#data-availability	https://www.heartcellatlas.org/		Visium	Spatially resolved multiomics of human cardiac niches	Homo sapiens	Heart	atrioventricular node	Healthy			Fresh Frozen		Creative Commons Attribution 4.0 International								no		E0_unknown	Bundled metadata does not establish patient identity.
MISC134	data/other_sources/hest1k/metadata/MISC134.json	yes	yes	MATCHED	MISC134	Heart	Healthy		Visium	Fresh Frozen	MISC134		HCAHeartST11290659	https://www.nature.com/articles/s41586-023-06311-1#data-availability	https://www.heartcellatlas.org/		Visium	Spatially resolved multiomics of human cardiac niches	Homo sapiens	Heart	atrioventricular node	Healthy			Fresh Frozen		Creative Commons Attribution 4.0 International								no		E0_unknown	Bundled metadata does not establish patient identity.
MISC135	data/other_sources/hest1k/metadata/MISC135.json	yes	yes	MATCHED	MISC135	Heart	Healthy		Visium	Fresh Frozen	MISC135		HCAHeartST11290658	https://www.nature.com/articles/s41586-023-06311-1#data-availability	https://www.heartcellatlas.org/		Visium	Spatially resolved multiomics of human cardiac niches	Homo sapiens	Heart	atrioventricular node	Healthy			Fresh Frozen		Creative Commons Attribution 4.0 International								no		E0_unknown	Bundled metadata does not establish patient identity.
MISC136	data/other_sources/hest1k/metadata/MISC136.json	yes	yes	MATCHED	MISC136	Heart	Healthy		Visium	Fresh Frozen	MISC136		HCAHeartST11290657	https://www.nature.com/articles/s41586-023-06311-1#data-availability	https://www.heartcellatlas.org/		Visium	Spatially resolved multiomics of human cardiac niches	Homo sapiens	Heart	atrioventricular node	Healthy			Fresh Frozen		Creative Commons Attribution 4.0 International								no		E0_unknown	Bundled metadata does not establish patient identity.
MISC138	data/other_sources/hest1k/metadata/MISC138.json	yes	yes	MATCHED	MISC138	Heart	Healthy		Visium	Fresh Frozen	MISC138		HCAHeartST10550732	https://www.nature.com/articles/s41586-023-06311-1#data-availability	https://www.heartcellatlas.org/		Visium	Spatially resolved multiomics of human cardiac niches	Homo sapiens	Heart	interventricular septum	Healthy			Fresh Frozen		Creative Commons Attribution 4.0 International								no		E0_unknown	Bundled metadata does not establish patient identity.
MISC139	data/other_sources/hest1k/metadata/MISC139.json	yes	yes	MATCHED	MISC139	Heart	Healthy		Visium	Fresh Frozen	MISC139		HCAHeartST10550730	https://www.nature.com/articles/s41586-023-06311-1#data-availability	https://www.heartcellatlas.org/		Visium	Spatially resolved multiomics of human cardiac niches	Homo sapiens	Heart	heart right ventricle	Healthy			Fresh Frozen		Creative Commons Attribution 4.0 International								no		E0_unknown	Bundled metadata does not establish patient identity.
MISC140	data/other_sources/hest1k/metadata/MISC140.json	yes	yes	MATCHED	MISC140	Heart	Healthy		Visium	Fresh Frozen	MISC140		HCAHeartST10238253	https://www.nature.com/articles/s41586-023-06311-1#data-availability	https://www.heartcellatlas.org/		Visium	Spatially resolved multiomics of human cardiac niches	Homo sapiens	Heart	apical region of left ventricle	Healthy			Fresh Frozen		Creative Commons Attribution 4.0 International								no		E0_unknown	Bundled metadata does not establish patient identity.
MISC141	data/other_sources/hest1k/metadata/MISC141.json	yes	yes	MATCHED	MISC141	Heart	Healthy		Visium	Fresh Frozen	MISC141		HCAHeartST10238252	https://www.nature.com/articles/s41586-023-06311-1#data-availability	https://www.heartcellatlas.org/		Visium	Spatially resolved multiomics of human cardiac niches	Homo sapiens	Heart	left cardiac atrium	Healthy			Fresh Frozen		Creative Commons Attribution 4.0 International								no		E0_unknown	Bundled metadata does not establish patient identity.
MISC142	data/other_sources/hest1k/metadata/MISC142.json	yes	yes	MATCHED	MISC142	Heart	Healthy		Visium	Fresh Frozen	MISC142		HCAHeartST10238251	https://www.nature.com/articles/s41586-023-06311-1#data-availability	https://www.heartcellatlas.org/		Visium	Spatially resolved multiomics of human cardiac niches	Homo sapiens	Heart	right cardiac atrium	Healthy			Fresh Frozen		Creative Commons Attribution 4.0 International								no		E0_unknown	Bundled metadata does not establish patient identity.
MISC33	data/other_sources/hest1k/metadata/MISC33.json	yes	yes	MATCHED	MISC33	Bowel	Cancer	COAD	Visium	FFPE	MISC33		8899_AS_8	https://www.cell.com/cell/fulltext/S0092-8674(23)01222-9?_returnURL=https%3A%2F%2Flinkinghub.elsevier.com%2Fretrieve%2Fpii%2FS0092867423012229%3Fshowall%3Dtrue#secsectitle0020	https://humantumoratlas.org/explore?selectedFilters=%5B%7B%22value%22%3A%22HTAN+Vanderbilt%22%2C%22group%22%3A%22AtlasName%22%2C%22count%22%3A2389%2C%22isSelected%22%3Afalse%7D%2C%7B%22value%22%3A%2210x+Visium%22%2C%22group%22%3A%22assayName%22%2C%22count%22%3A369%2C%22isSelected%22%3Afalse%7D%2C%7B%22value%22%3A%22hdf5%22%2C%22group%22%3A%22FileFormat%22%2C%22count%22%3A41%2C%22isSelected%22%3Afalse%7D%2C%7B%22value%22%3A%22tif%22%2C%22group%22%3A%22FileFormat%22%2C%22count%22%3A41%2C%22isSelected%22%3Afalse%7D%5D&tab=file		Visium	COLON MAP: Colon Molecular Atlas Project	Homo sapiens	Bowel	Colon	Cancer	Not otherwise specified	COAD	FFPE	December 7 2023	CC BY-NC-ND 4.0								no		E0_unknown	Bundled metadata does not establish patient identity.
MISC34	data/other_sources/hest1k/metadata/MISC34.json	yes	yes	MATCHED	MISC34	Bowel	Cancer	COAD	Visium	FFPE	MISC34		8899_AS_7	https://www.cell.com/cell/fulltext/S0092-8674(23)01222-9?_returnURL=https%3A%2F%2Flinkinghub.elsevier.com%2Fretrieve%2Fpii%2FS0092867423012229%3Fshowall%3Dtrue#secsectitle0020	https://humantumoratlas.org/explore?selectedFilters=%5B%7B%22value%22%3A%22HTAN+Vanderbilt%22%2C%22group%22%3A%22AtlasName%22%2C%22count%22%3A2389%2C%22isSelected%22%3Afalse%7D%2C%7B%22value%22%3A%2210x+Visium%22%2C%22group%22%3A%22assayName%22%2C%22count%22%3A369%2C%22isSelected%22%3Afalse%7D%2C%7B%22value%22%3A%22hdf5%22%2C%22group%22%3A%22FileFormat%22%2C%22count%22%3A41%2C%22isSelected%22%3Afalse%7D%2C%7B%22value%22%3A%22tif%22%2C%22group%22%3A%22FileFormat%22%2C%22count%22%3A41%2C%22isSelected%22%3Afalse%7D%5D&tab=file		Visium	COLON MAP: Colon Molecular Atlas Project	Homo sapiens	Bowel	Colon	Cancer	Not otherwise specified	COAD	FFPE	December 7 2023	CC BY-NC-ND 4.0								no		E0_unknown	Bundled metadata does not establish patient identity.
MISC35	data/other_sources/hest1k/metadata/MISC35.json	yes	yes	MATCHED	MISC35	Bowel	Cancer	COAD	Visium	FFPE	MISC35		8899_AS_6	https://www.cell.com/cell/fulltext/S0092-8674(23)01222-9?_returnURL=https%3A%2F%2Flinkinghub.elsevier.com%2Fretrieve%2Fpii%2FS0092867423012229%3Fshowall%3Dtrue#secsectitle0020	https://humantumoratlas.org/explore?selectedFilters=%5B%7B%22value%22%3A%22HTAN+Vanderbilt%22%2C%22group%22%3A%22AtlasName%22%2C%22count%22%3A2389%2C%22isSelected%22%3Afalse%7D%2C%7B%22value%22%3A%2210x+Visium%22%2C%22group%22%3A%22assayName%22%2C%22count%22%3A369%2C%22isSelected%22%3Afalse%7D%2C%7B%22value%22%3A%22hdf5%22%2C%22group%22%3A%22FileFormat%22%2C%22count%22%3A41%2C%22isSelected%22%3Afalse%7D%2C%7B%22value%22%3A%22tif%22%2C%22group%22%3A%22FileFormat%22%2C%22count%22%3A41%2C%22isSelected%22%3Afalse%7D%5D&tab=file		Visium	COLON MAP: Colon Molecular Atlas Project	Homo sapiens	Bowel	Colon	Cancer	Not otherwise specified	COAD	FFPE	December 7 2023	CC BY-NC-ND 4.0								no		E0_unknown	Bundled metadata does not establish patient identity.
MISC36	data/other_sources/hest1k/metadata/MISC36.json	yes	yes	MATCHED	MISC36	Bowel	Cancer	COAD	Visium	FFPE	MISC36		8899_AS_5	https://www.cell.com/cell/fulltext/S0092-8674(23)01222-9?_returnURL=https%3A%2F%2Flinkinghub.elsevier.com%2Fretrieve%2Fpii%2FS0092867423012229%3Fshowall%3Dtrue#secsectitle0020	https://humantumoratlas.org/explore?selectedFilters=%5B%7B%22value%22%3A%22HTAN+Vanderbilt%22%2C%22group%22%3A%22AtlasName%22%2C%22count%22%3A2389%2C%22isSelected%22%3Afalse%7D%2C%7B%22value%22%3A%2210x+Visium%22%2C%22group%22%3A%22assayName%22%2C%22count%22%3A369%2C%22isSelected%22%3Afalse%7D%2C%7B%22value%22%3A%22hdf5%22%2C%22group%22%3A%22FileFormat%22%2C%22count%22%3A41%2C%22isSelected%22%3Afalse%7D%2C%7B%22value%22%3A%22tif%22%2C%22group%22%3A%22FileFormat%22%2C%22count%22%3A41%2C%22isSelected%22%3Afalse%7D%5D&tab=file		Visium	COLON MAP: Colon Molecular Atlas Project	Homo sapiens	Bowel	Colon	Cancer	Not otherwise specified	COAD	FFPE	December 7 2023	CC BY-NC-ND 4.0								no		E0_unknown	Bundled metadata does not establish patient identity.
MISC37	data/other_sources/hest1k/metadata/MISC37.json	yes	yes	MATCHED	MISC37	Bowel	Cancer	COAD	Visium	FFPE	MISC37		8899_AS_4	https://www.cell.com/cell/fulltext/S0092-8674(23)01222-9?_returnURL=https%3A%2F%2Flinkinghub.elsevier.com%2Fretrieve%2Fpii%2FS0092867423012229%3Fshowall%3Dtrue#secsectitle0020	https://humantumoratlas.org/explore?selectedFilters=%5B%7B%22value%22%3A%22HTAN+Vanderbilt%22%2C%22group%22%3A%22AtlasName%22%2C%22count%22%3A2389%2C%22isSelected%22%3Afalse%7D%2C%7B%22value%22%3A%2210x+Visium%22%2C%22group%22%3A%22assayName%22%2C%22count%22%3A369%2C%22isSelected%22%3Afalse%7D%2C%7B%22value%22%3A%22hdf5%22%2C%22group%22%3A%22FileFormat%22%2C%22count%22%3A41%2C%22isSelected%22%3Afalse%7D%2C%7B%22value%22%3A%22tif%22%2C%22group%22%3A%22FileFormat%22%2C%22count%22%3A41%2C%22isSelected%22%3Afalse%7D%5D&tab=file		Visium	COLON MAP: Colon Molecular Atlas Project	Homo sapiens	Bowel	Colon	Cancer	Not otherwise specified	COAD	FFPE	December 7 2023	CC BY-NC-ND 4.0								no		E0_unknown	Bundled metadata does not establish patient identity.
MISC38	data/other_sources/hest1k/metadata/MISC38.json	yes	yes	MATCHED	MISC38	Bowel	Cancer	COAD	Visium	FFPE	MISC38		8899_AS_3	https://www.cell.com/cell/fulltext/S0092-8674(23)01222-9?_returnURL=https%3A%2F%2Flinkinghub.elsevier.com%2Fretrieve%2Fpii%2FS0092867423012229%3Fshowall%3Dtrue#secsectitle0020	https://humantumoratlas.org/explore?selectedFilters=%5B%7B%22value%22%3A%22HTAN+Vanderbilt%22%2C%22group%22%3A%22AtlasName%22%2C%22count%22%3A2389%2C%22isSelected%22%3Afalse%7D%2C%7B%22value%22%3A%2210x+Visium%22%2C%22group%22%3A%22assayName%22%2C%22count%22%3A369%2C%22isSelected%22%3Afalse%7D%2C%7B%22value%22%3A%22hdf5%22%2C%22group%22%3A%22FileFormat%22%2C%22count%22%3A41%2C%22isSelected%22%3Afalse%7D%2C%7B%22value%22%3A%22tif%22%2C%22group%22%3A%22FileFormat%22%2C%22count%22%3A41%2C%22isSelected%22%3Afalse%7D%5D&tab=file		Visium	COLON MAP: Colon Molecular Atlas Project	Homo sapiens	Bowel	Colon	Cancer	Not otherwise specified	COAD	FFPE	December 7 2023	CC BY-NC-ND 4.0								no		E0_unknown	Bundled metadata does not establish patient identity.
MISC39	data/other_sources/hest1k/metadata/MISC39.json	yes	yes	MATCHED	MISC39	Bowel	Cancer	COAD	Visium	FFPE	MISC39		8899_AS_2	https://www.cell.com/cell/fulltext/S0092-8674(23)01222-9?_returnURL=https%3A%2F%2Flinkinghub.elsevier.com%2Fretrieve%2Fpii%2FS0092867423012229%3Fshowall%3Dtrue#secsectitle0020	https://humantumoratlas.org/explore?selectedFilters=%5B%7B%22value%22%3A%22HTAN+Vanderbilt%22%2C%22group%22%3A%22AtlasName%22%2C%22count%22%3A2389%2C%22isSelected%22%3Afalse%7D%2C%7B%22value%22%3A%2210x+Visium%22%2C%22group%22%3A%22assayName%22%2C%22count%22%3A369%2C%22isSelected%22%3Afalse%7D%2C%7B%22value%22%3A%22hdf5%22%2C%22group%22%3A%22FileFormat%22%2C%22count%22%3A41%2C%22isSelected%22%3Afalse%7D%2C%7B%22value%22%3A%22tif%22%2C%22group%22%3A%22FileFormat%22%2C%22count%22%3A41%2C%22isSelected%22%3Afalse%7D%5D&tab=file		Visium	COLON MAP: Colon Molecular Atlas Project	Homo sapiens	Bowel	Colon	Cancer	Not otherwise specified	COAD	FFPE	December 7 2023	CC BY-NC-ND 4.0								no		E0_unknown	Bundled metadata does not establish patient identity.
MISC40	data/other_sources/hest1k/metadata/MISC40.json	yes	yes	MATCHED	MISC40	Bowel	Cancer	COAD	Visium	FFPE	MISC40		8899_AS_1	https://www.cell.com/cell/fulltext/S0092-8674(21)01381-7?_returnURL=https%3A%2F%2Flinkinghub.elsevier.com%2Fretrieve%2Fpii%2FS0092867421013817%3Fshowall%3Dtrue	https://humantumoratlas.org/explore?selectedFilters=%5B%7B%22value%22%3A%22HTAN+Vanderbilt%22%2C%22group%22%3A%22AtlasName%22%2C%22count%22%3A2389%2C%22isSelected%22%3Afalse%7D%2C%7B%22value%22%3A%2210x+Visium%22%2C%22group%22%3A%22assayName%22%2C%22count%22%3A369%2C%22isSelected%22%3Afalse%7D%2C%7B%22value%22%3A%22hdf5%22%2C%22group%22%3A%22FileFormat%22%2C%22count%22%3A41%2C%22isSelected%22%3Afalse%7D%2C%7B%22value%22%3A%22tif%22%2C%22group%22%3A%22FileFormat%22%2C%22count%22%3A41%2C%22isSelected%22%3Afalse%7D%5D&tab=file		Visium	COLON MAP: Colon Molecular Atlas Project	Homo sapiens	Bowel	Colon	Cancer	Not otherwise specified	COAD	FFPE	December 7 2023	CC BY-NC-ND 4.0								no		E0_unknown	Bundled metadata does not establish patient identity.
MISC41	data/other_sources/hest1k/metadata/MISC41.json	yes	yes	MATCHED	MISC41	Bowel	Cancer	COAD	Visium	FFPE	MISC41		8578_AS_4	https://www.cell.com/cell/fulltext/S0092-8674(23)01222-9?_returnURL=https%3A%2F%2Flinkinghub.elsevier.com%2Fretrieve%2Fpii%2FS0092867423012229%3Fshowall%3Dtrue#secsectitle0020	https://humantumoratlas.org/explore?selectedFilters=%5B%7B%22value%22%3A%22HTAN+Vanderbilt%22%2C%22group%22%3A%22AtlasName%22%2C%22count%22%3A2389%2C%22isSelected%22%3Afalse%7D%2C%7B%22value%22%3A%2210x+Visium%22%2C%22group%22%3A%22assayName%22%2C%22count%22%3A369%2C%22isSelected%22%3Afalse%7D%2C%7B%22value%22%3A%22hdf5%22%2C%22group%22%3A%22FileFormat%22%2C%22count%22%3A41%2C%22isSelected%22%3Afalse%7D%2C%7B%22value%22%3A%22tif%22%2C%22group%22%3A%22FileFormat%22%2C%22count%22%3A41%2C%22isSelected%22%3Afalse%7D%5D&tab=file		Visium	COLON MAP: Colon Molecular Atlas Project	Homo sapiens	Bowel	Colon	Cancer	Not otherwise specified	COAD	FFPE	December 7 2023	CC BY-NC-ND 4.0								no		E0_unknown	Bundled metadata does not establish patient identity.
MISC42	data/other_sources/hest1k/metadata/MISC42.json	yes	yes	MATCHED	MISC42	Bowel	Cancer	COAD	Visium	FFPE	MISC42		8578_AS_3	https://www.cell.com/cell/fulltext/S0092-8674(23)01222-9?_returnURL=https%3A%2F%2Flinkinghub.elsevier.com%2Fretrieve%2Fpii%2FS0092867423012229%3Fshowall%3Dtrue#secsectitle0020	https://humantumoratlas.org/explore?selectedFilters=%5B%7B%22value%22%3A%22HTAN+Vanderbilt%22%2C%22group%22%3A%22AtlasName%22%2C%22count%22%3A2389%2C%22isSelected%22%3Afalse%7D%2C%7B%22value%22%3A%2210x+Visium%22%2C%22group%22%3A%22assayName%22%2C%22count%22%3A369%2C%22isSelected%22%3Afalse%7D%2C%7B%22value%22%3A%22hdf5%22%2C%22group%22%3A%22FileFormat%22%2C%22count%22%3A41%2C%22isSelected%22%3Afalse%7D%2C%7B%22value%22%3A%22tif%22%2C%22group%22%3A%22FileFormat%22%2C%22count%22%3A41%2C%22isSelected%22%3Afalse%7D%5D&tab=file		Visium	COLON MAP: Colon Molecular Atlas Project	Homo sapiens	Bowel	Colon	Cancer	Primary	COAD	FFPE	December 7 2023	CC BY-NC-ND 4.0								no		E0_unknown	Bundled metadata does not establish patient identity.
MISC43	data/other_sources/hest1k/metadata/MISC43.json	yes	yes	MATCHED	MISC43	Bowel	Cancer	COAD	Visium	FFPE	MISC43		8578_AS_2	https://www.cell.com/cell/fulltext/S0092-8674(23)01222-9?_returnURL=https%3A%2F%2Flinkinghub.elsevier.com%2Fretrieve%2Fpii%2FS0092867423012229%3Fshowall%3Dtrue#secsectitle0020	https://humantumoratlas.org/explore?selectedFilters=%5B%7B%22value%22%3A%22HTAN+Vanderbilt%22%2C%22group%22%3A%22AtlasName%22%2C%22count%22%3A2389%2C%22isSelected%22%3Afalse%7D%2C%7B%22value%22%3A%2210x+Visium%22%2C%22group%22%3A%22assayName%22%2C%22count%22%3A369%2C%22isSelected%22%3Afalse%7D%2C%7B%22value%22%3A%22hdf5%22%2C%22group%22%3A%22FileFormat%22%2C%22count%22%3A41%2C%22isSelected%22%3Afalse%7D%2C%7B%22value%22%3A%22tif%22%2C%22group%22%3A%22FileFormat%22%2C%22count%22%3A41%2C%22isSelected%22%3Afalse%7D%5D&tab=file		Visium	COLON MAP: Colon Molecular Atlas Project	Homo sapiens	Bowel	Colon	Cancer	Not otherwise specified	COAD	FFPE	December 7 2023	CC BY-NC-ND 4.0								no		E0_unknown	Bundled metadata does not establish patient identity.
MISC44	data/other_sources/hest1k/metadata/MISC44.json	yes	yes	MATCHED	MISC44	Bowel	Cancer	COAD	Visium	FFPE	MISC44		8578_AS_1	https://www.cell.com/cell/fulltext/S0092-8674(23)01222-9?_returnURL=https%3A%2F%2Flinkinghub.elsevier.com%2Fretrieve%2Fpii%2FS0092867423012229%3Fshowall%3Dtrue#secsectitle0020	https://humantumoratlas.org/explore?selectedFilters=%5B%7B%22value%22%3A%22HTAN+Vanderbilt%22%2C%22group%22%3A%22AtlasName%22%2C%22count%22%3A2389%2C%22isSelected%22%3Afalse%7D%2C%7B%22value%22%3A%2210x+Visium%22%2C%22group%22%3A%22assayName%22%2C%22count%22%3A369%2C%22isSelected%22%3Afalse%7D%2C%7B%22value%22%3A%22hdf5%22%2C%22group%22%3A%22FileFormat%22%2C%22count%22%3A41%2C%22isSelected%22%3Afalse%7D%2C%7B%22value%22%3A%22tif%22%2C%22group%22%3A%22FileFormat%22%2C%22count%22%3A41%2C%22isSelected%22%3Afalse%7D%5D&tab=file		Visium	COLON MAP: Colon Molecular Atlas Project	Homo sapiens	Bowel	Colon	Cancer	Not otherwise specified	COAD	FFPE	December 7 2023	CC BY-NC-ND 4.0								no		E0_unknown	Bundled metadata does not establish patient identity.
MISC45	data/other_sources/hest1k/metadata/MISC45.json	yes	yes	MATCHED	MISC45	Bowel	Cancer	COAD	Visium	FFPE	MISC45		8270_AS_12	https://www.cell.com/cell/fulltext/S0092-8674(23)01222-9?_returnURL=https%3A%2F%2Flinkinghub.elsevier.com%2Fretrieve%2Fpii%2FS0092867423012229%3Fshowall%3Dtrue#secsectitle0020	https://humantumoratlas.org/explore?selectedFilters=%5B%7B%22value%22%3A%22HTAN+Vanderbilt%22%2C%22group%22%3A%22AtlasName%22%2C%22count%22%3A2389%2C%22isSelected%22%3Afalse%7D%2C%7B%22value%22%3A%2210x+Visium%22%2C%22group%22%3A%22assayName%22%2C%22count%22%3A369%2C%22isSelected%22%3Afalse%7D%2C%7B%22value%22%3A%22hdf5%22%2C%22group%22%3A%22FileFormat%22%2C%22count%22%3A41%2C%22isSelected%22%3Afalse%7D%2C%7B%22value%22%3A%22tif%22%2C%22group%22%3A%22FileFormat%22%2C%22count%22%3A41%2C%22isSelected%22%3Afalse%7D%5D&tab=file		Visium	COLON MAP: Colon Molecular Atlas Project	Homo sapiens	Bowel	Colon	Cancer	Not otherwise specified	COAD	FFPE	December 7 2023	CC BY-NC-ND 4.0								no		E0_unknown	Bundled metadata does not establish patient identity.
MISC46	data/other_sources/hest1k/metadata/MISC46.json	yes	yes	MATCHED	MISC46	Bowel	Cancer	COAD	Visium	FFPE	MISC46		8270_AS_11	https://www.cell.com/cell/fulltext/S0092-8674(23)01222-9?_returnURL=https%3A%2F%2Flinkinghub.elsevier.com%2Fretrieve%2Fpii%2FS0092867423012229%3Fshowall%3Dtrue#secsectitle0020	https://humantumoratlas.org/explore?selectedFilters=%5B%7B%22value%22%3A%22HTAN+Vanderbilt%22%2C%22group%22%3A%22AtlasName%22%2C%22count%22%3A2389%2C%22isSelected%22%3Afalse%7D%2C%7B%22value%22%3A%2210x+Visium%22%2C%22group%22%3A%22assayName%22%2C%22count%22%3A369%2C%22isSelected%22%3Afalse%7D%2C%7B%22value%22%3A%22hdf5%22%2C%22group%22%3A%22FileFormat%22%2C%22count%22%3A41%2C%22isSelected%22%3Afalse%7D%2C%7B%22value%22%3A%22tif%22%2C%22group%22%3A%22FileFormat%22%2C%22count%22%3A41%2C%22isSelected%22%3Afalse%7D%5D&tab=file		Visium	COLON MAP: Colon Molecular Atlas Project	Homo sapiens	Bowel	Colon	Cancer	Primary	COAD	FFPE	December 7 2023	CC BY-NC-ND 4.0								no		E0_unknown	Bundled metadata does not establish patient identity.
MISC47	data/other_sources/hest1k/metadata/MISC47.json	yes	yes	MATCHED	MISC47	Bowel	Cancer	COAD	Visium	FFPE	MISC47		8270_AS_10	https://www.cell.com/cell/fulltext/S0092-8674(23)01222-9?_returnURL=https%3A%2F%2Flinkinghub.elsevier.com%2Fretrieve%2Fpii%2FS0092867423012229%3Fshowall%3Dtrue#secsectitle0020	https://humantumoratlas.org/explore?selectedFilters=%5B%7B%22value%22%3A%22HTAN+Vanderbilt%22%2C%22group%22%3A%22AtlasName%22%2C%22count%22%3A2389%2C%22isSelected%22%3Afalse%7D%2C%7B%22value%22%3A%2210x+Visium%22%2C%22group%22%3A%22assayName%22%2C%22count%22%3A369%2C%22isSelected%22%3Afalse%7D%2C%7B%22value%22%3A%22hdf5%22%2C%22group%22%3A%22FileFormat%22%2C%22count%22%3A41%2C%22isSelected%22%3Afalse%7D%2C%7B%22value%22%3A%22tif%22%2C%22group%22%3A%22FileFormat%22%2C%22count%22%3A41%2C%22isSelected%22%3Afalse%7D%5D&tab=file		Visium	COLON MAP: Colon Molecular Atlas Project	Homo sapiens	Bowel	Colon	Cancer	Primary	COAD	FFPE	December 7 2023	CC BY-NC-ND 4.0								no		E0_unknown	Bundled metadata does not establish patient identity.
MISC48	data/other_sources/hest1k/metadata/MISC48.json	yes	yes	MATCHED	MISC48	Bowel	Cancer	COAD	Visium	FFPE	MISC48		8270_AS_9	https://www.cell.com/cell/fulltext/S0092-8674(23)01222-9?_returnURL=https%3A%2F%2Flinkinghub.elsevier.com%2Fretrieve%2Fpii%2FS0092867423012229%3Fshowall%3Dtrue#secsectitle0020	https://humantumoratlas.org/explore?selectedFilters=%5B%7B%22value%22%3A%22HTAN+Vanderbilt%22%2C%22group%22%3A%22AtlasName%22%2C%22count%22%3A2389%2C%22isSelected%22%3Afalse%7D%2C%7B%22value%22%3A%2210x+Visium%22%2C%22group%22%3A%22assayName%22%2C%22count%22%3A369%2C%22isSelected%22%3Afalse%7D%2C%7B%22value%22%3A%22hdf5%22%2C%22group%22%3A%22FileFormat%22%2C%22count%22%3A41%2C%22isSelected%22%3Afalse%7D%2C%7B%22value%22%3A%22tif%22%2C%22group%22%3A%22FileFormat%22%2C%22count%22%3A41%2C%22isSelected%22%3Afalse%7D%5D&tab=file		Visium	COLON MAP: Colon Molecular Atlas Project	Homo sapiens	Bowel	Colon	Cancer	Primary	COAD	FFPE	December 7 2023	CC BY-NC-ND 4.0								no		E0_unknown	Bundled metadata does not establish patient identity.
MISC49	data/other_sources/hest1k/metadata/MISC49.json	yes	yes	MATCHED	MISC49	Bowel	Cancer	COAD	Visium	FFPE	MISC49		8270_AS_8	https://www.cell.com/cell/fulltext/S0092-8674(23)01222-9?_returnURL=https%3A%2F%2Flinkinghub.elsevier.com%2Fretrieve%2Fpii%2FS0092867423012229%3Fshowall%3Dtrue#secsectitle0020	https://humantumoratlas.org/explore?selectedFilters=%5B%7B%22value%22%3A%22HTAN+Vanderbilt%22%2C%22group%22%3A%22AtlasName%22%2C%22count%22%3A2389%2C%22isSelected%22%3Afalse%7D%2C%7B%22value%22%3A%2210x+Visium%22%2C%22group%22%3A%22assayName%22%2C%22count%22%3A369%2C%22isSelected%22%3Afalse%7D%2C%7B%22value%22%3A%22hdf5%22%2C%22group%22%3A%22FileFormat%22%2C%22count%22%3A41%2C%22isSelected%22%3Afalse%7D%2C%7B%22value%22%3A%22tif%22%2C%22group%22%3A%22FileFormat%22%2C%22count%22%3A41%2C%22isSelected%22%3Afalse%7D%5D&tab=file		Visium	COLON MAP: Colon Molecular Atlas Project	Homo sapiens	Bowel	Colon	Cancer	Primary	COAD	FFPE	December 7 2023	CC BY-NC-ND 4.0								no		E0_unknown	Bundled metadata does not establish patient identity.
MISC50	data/other_sources/hest1k/metadata/MISC50.json	yes	yes	MATCHED	MISC50	Bowel	Cancer	COAD	Visium	FFPE	MISC50		8270_AS_7	https://www.cell.com/cell/fulltext/S0092-8674(23)01222-9?_returnURL=https%3A%2F%2Flinkinghub.elsevier.com%2Fretrieve%2Fpii%2FS0092867423012229%3Fshowall%3Dtrue#secsectitle0020	https://humantumoratlas.org/explore?selectedFilters=%5B%7B%22value%22%3A%22HTAN+Vanderbilt%22%2C%22group%22%3A%22AtlasName%22%2C%22count%22%3A2389%2C%22isSelected%22%3Afalse%7D%2C%7B%22value%22%3A%2210x+Visium%22%2C%22group%22%3A%22assayName%22%2C%22count%22%3A369%2C%22isSelected%22%3Afalse%7D%2C%7B%22value%22%3A%22hdf5%22%2C%22group%22%3A%22FileFormat%22%2C%22count%22%3A41%2C%22isSelected%22%3Afalse%7D%2C%7B%22value%22%3A%22tif%22%2C%22group%22%3A%22FileFormat%22%2C%22count%22%3A41%2C%22isSelected%22%3Afalse%7D%5D&tab=file		Visium	COLON MAP: Colon Molecular Atlas Project	Homo sapiens	Bowel	Colon	Cancer	Not otherwise specified	COAD	FFPE	December 7 2023	CC BY-NC-ND 4.0								no		E0_unknown	Bundled metadata does not establish patient identity.
MISC51	data/other_sources/hest1k/metadata/MISC51.json	yes	yes	MATCHED	MISC51	Bowel	Cancer	COAD	Visium	FFPE	MISC51		8270_AS_6	https://www.cell.com/cell/fulltext/S0092-8674(23)01222-9?_returnURL=https%3A%2F%2Flinkinghub.elsevier.com%2Fretrieve%2Fpii%2FS0092867423012229%3Fshowall%3Dtrue#secsectitle0020	https://humantumoratlas.org/explore?selectedFilters=%5B%7B%22value%22%3A%22HTAN+Vanderbilt%22%2C%22group%22%3A%22AtlasName%22%2C%22count%22%3A2389%2C%22isSelected%22%3Afalse%7D%2C%7B%22value%22%3A%2210x+Visium%22%2C%22group%22%3A%22assayName%22%2C%22count%22%3A369%2C%22isSelected%22%3Afalse%7D%2C%7B%22value%22%3A%22hdf5%22%2C%22group%22%3A%22FileFormat%22%2C%22count%22%3A41%2C%22isSelected%22%3Afalse%7D%2C%7B%22value%22%3A%22tif%22%2C%22group%22%3A%22FileFormat%22%2C%22count%22%3A41%2C%22isSelected%22%3Afalse%7D%5D&tab=file		Visium	COLON MAP: Colon Molecular Atlas Project	Homo sapiens	Bowel	Colon	Cancer	Primary	COAD	FFPE	December 7 2023	CC BY-NC-ND 4.0								no		E0_unknown	Bundled metadata does not establish patient identity.
MISC52	data/other_sources/hest1k/metadata/MISC52.json	yes	yes	MATCHED	MISC52	Bowel	Tumor		Visium	FFPE	MISC52		8270_AS_5	https://www.cell.com/cell/fulltext/S0092-8674(23)01222-9?_returnURL=https%3A%2F%2Flinkinghub.elsevier.com%2Fretrieve%2Fpii%2FS0092867423012229%3Fshowall%3Dtrue#secsectitle0020	https://humantumoratlas.org/explore?selectedFilters=%5B%7B%22value%22%3A%22HTAN+Vanderbilt%22%2C%22group%22%3A%22AtlasName%22%2C%22count%22%3A2389%2C%22isSelected%22%3Afalse%7D%2C%7B%22value%22%3A%2210x+Visium%22%2C%22group%22%3A%22assayName%22%2C%22count%22%3A369%2C%22isSelected%22%3Afalse%7D%2C%7B%22value%22%3A%22hdf5%22%2C%22group%22%3A%22FileFormat%22%2C%22count%22%3A41%2C%22isSelected%22%3Afalse%7D%2C%7B%22value%22%3A%22tif%22%2C%22group%22%3A%22FileFormat%22%2C%22count%22%3A41%2C%22isSelected%22%3Afalse%7D%5D&tab=file		Visium	COLON MAP: Colon Molecular Atlas Project	Homo sapiens	Bowel	Colon	Tumor	Atypia - hyperplasia		FFPE	December 7 2023	CC BY-NC-ND 4.0								no		E0_unknown	Bundled metadata does not establish patient identity.
MISC53	data/other_sources/hest1k/metadata/MISC53.json	yes	yes	MATCHED	MISC53	Bowel	Tumor		Visium	FFPE	MISC53		8270_AS_3	https://www.cell.com/cell/fulltext/S0092-8674(23)01222-9?_returnURL=https%3A%2F%2Flinkinghub.elsevier.com%2Fretrieve%2Fpii%2FS0092867423012229%3Fshowall%3Dtrue#secsectitle0020	https://humantumoratlas.org/explore?selectedFilters=%5B%7B%22value%22%3A%22HTAN+Vanderbilt%22%2C%22group%22%3A%22AtlasName%22%2C%22count%22%3A2389%2C%22isSelected%22%3Afalse%7D%2C%7B%22value%22%3A%2210x+Visium%22%2C%22group%22%3A%22assayName%22%2C%22count%22%3A369%2C%22isSelected%22%3Afalse%7D%2C%7B%22value%22%3A%22hdf5%22%2C%22group%22%3A%22FileFormat%22%2C%22count%22%3A41%2C%22isSelected%22%3Afalse%7D%2C%7B%22value%22%3A%22tif%22%2C%22group%22%3A%22FileFormat%22%2C%22count%22%3A41%2C%22isSelected%22%3Afalse%7D%5D&tab=file		Visium	COLON MAP: Colon Molecular Atlas Project	Homo sapiens	Bowel	Colon	Tumor	Premalignant		FFPE	December 7 2023	CC BY-NC-ND 4.0								no		E0_unknown	Bundled metadata does not establish patient identity.
MISC54	data/other_sources/hest1k/metadata/MISC54.json	yes	yes	MATCHED	MISC54	Bowel	Tumor		Visium	FFPE	MISC54		8270_AS_2	https://www.cell.com/cell/fulltext/S0092-8674(23)01222-9?_returnURL=https%3A%2F%2Flinkinghub.elsevier.com%2Fretrieve%2Fpii%2FS0092867423012229%3Fshowall%3Dtrue#secsectitle0020	https://humantumoratlas.org/explore?selectedFilters=%5B%7B%22value%22%3A%22HTAN+Vanderbilt%22%2C%22group%22%3A%22AtlasName%22%2C%22count%22%3A2389%2C%22isSelected%22%3Afalse%7D%2C%7B%22value%22%3A%2210x+Visium%22%2C%22group%22%3A%22assayName%22%2C%22count%22%3A369%2C%22isSelected%22%3Afalse%7D%2C%7B%22value%22%3A%22hdf5%22%2C%22group%22%3A%22FileFormat%22%2C%22count%22%3A41%2C%22isSelected%22%3Afalse%7D%2C%7B%22value%22%3A%22tif%22%2C%22group%22%3A%22FileFormat%22%2C%22count%22%3A41%2C%22isSelected%22%3Afalse%7D%5D&tab=file		Visium	COLON MAP: Colon Molecular Atlas Project	Homo sapiens	Bowel	Colon	Tumor	Premalignant		FFPE	December 7 2023	CC BY-NC-ND 4.0								no		E0_unknown	Bundled metadata does not establish patient identity.
MISC55	data/other_sources/hest1k/metadata/MISC55.json	yes	yes	MATCHED	MISC55	Bowel	Tumor		Visium	FFPE	MISC55		8270_AS_1	https://www.cell.com/cell/fulltext/S0092-8674(23)01222-9?_returnURL=https%3A%2F%2Flinkinghub.elsevier.com%2Fretrieve%2Fpii%2FS0092867423012229%3Fshowall%3Dtrue#secsectitle0020	https://humantumoratlas.org/explore?selectedFilters=%5B%7B%22value%22%3A%22HTAN+Vanderbilt%22%2C%22group%22%3A%22AtlasName%22%2C%22count%22%3A2389%2C%22isSelected%22%3Afalse%7D%2C%7B%22value%22%3A%2210x+Visium%22%2C%22group%22%3A%22assayName%22%2C%22count%22%3A369%2C%22isSelected%22%3Afalse%7D%2C%7B%22value%22%3A%22hdf5%22%2C%22group%22%3A%22FileFormat%22%2C%22count%22%3A41%2C%22isSelected%22%3Afalse%7D%2C%7B%22value%22%3A%22tif%22%2C%22group%22%3A%22FileFormat%22%2C%22count%22%3A41%2C%22isSelected%22%3Afalse%7D%5D&tab=file		Visium	COLON MAP: Colon Molecular Atlas Project	Homo sapiens	Bowel	Colon	Tumor	Premalignant		FFPE	December 7 2023	CC BY-NC-ND 4.0								no		E0_unknown	Bundled metadata does not establish patient identity.
MISC56	data/other_sources/hest1k/metadata/MISC56.json	yes	yes	MATCHED	MISC56	Bowel	Cancer	COAD	Visium	FFPE	MISC56		7794_AS_3	https://www.cell.com/cell/fulltext/S0092-8674(23)01222-9?_returnURL=https%3A%2F%2Flinkinghub.elsevier.com%2Fretrieve%2Fpii%2FS0092867423012229%3Fshowall%3Dtrue#secsectitle0020	https://humantumoratlas.org/explore?selectedFilters=%5B%7B%22value%22%3A%22HTAN+Vanderbilt%22%2C%22group%22%3A%22AtlasName%22%2C%22count%22%3A2389%2C%22isSelected%22%3Afalse%7D%2C%7B%22value%22%3A%2210x+Visium%22%2C%22group%22%3A%22assayName%22%2C%22count%22%3A369%2C%22isSelected%22%3Afalse%7D%2C%7B%22value%22%3A%22hdf5%22%2C%22group%22%3A%22FileFormat%22%2C%22count%22%3A41%2C%22isSelected%22%3Afalse%7D%2C%7B%22value%22%3A%22tif%22%2C%22group%22%3A%22FileFormat%22%2C%22count%22%3A41%2C%22isSelected%22%3Afalse%7D%5D&tab=file		Visium	COLON MAP: Colon Molecular Atlas Project	Homo sapiens	Bowel	Colon	Cancer	Not otherwise specified	COAD	FFPE	December 7 2023	CC BY-NC-ND 4.0								no		E0_unknown	Bundled metadata does not establish patient identity.
MISC57	data/other_sources/hest1k/metadata/MISC57.json	yes	yes	MATCHED	MISC57	Bowel	Cancer	COAD	Visium	FFPE	MISC57		7794_AS_2	https://www.cell.com/cell/fulltext/S0092-8674(23)01222-9?_returnURL=https%3A%2F%2Flinkinghub.elsevier.com%2Fretrieve%2Fpii%2FS0092867423012229%3Fshowall%3Dtrue#secsectitle0020	https://humantumoratlas.org/explore?selectedFilters=%5B%7B%22value%22%3A%22HTAN+Vanderbilt%22%2C%22group%22%3A%22AtlasName%22%2C%22count%22%3A2389%2C%22isSelected%22%3Afalse%7D%2C%7B%22value%22%3A%2210x+Visium%22%2C%22group%22%3A%22assayName%22%2C%22count%22%3A369%2C%22isSelected%22%3Afalse%7D%2C%7B%22value%22%3A%22hdf5%22%2C%22group%22%3A%22FileFormat%22%2C%22count%22%3A41%2C%22isSelected%22%3Afalse%7D%2C%7B%22value%22%3A%22tif%22%2C%22group%22%3A%22FileFormat%22%2C%22count%22%3A41%2C%22isSelected%22%3Afalse%7D%5D&tab=file		Visium	COLON MAP: Colon Molecular Atlas Project	Homo sapiens	Bowel	Colon	Cancer	Not otherwise specified	COAD	FFPE	December 7 2023	CC BY-NC-ND 4.0								no		E0_unknown	Bundled metadata does not establish patient identity.
MISC58	data/other_sources/hest1k/metadata/MISC58.json	yes	yes	MATCHED	MISC58	Bowel	Cancer	COAD	Visium	FFPE	MISC58		7794_AS_1	https://www.cell.com/cell/fulltext/S0092-8674(23)01222-9?_returnURL=https%3A%2F%2Flinkinghub.elsevier.com%2Fretrieve%2Fpii%2FS0092867423012229%3Fshowall%3Dtrue#secsectitle0020	https://humantumoratlas.org/explore?selectedFilters=%5B%7B%22value%22%3A%22HTAN+Vanderbilt%22%2C%22group%22%3A%22AtlasName%22%2C%22count%22%3A2389%2C%22isSelected%22%3Afalse%7D%2C%7B%22value%22%3A%2210x+Visium%22%2C%22group%22%3A%22assayName%22%2C%22count%22%3A369%2C%22isSelected%22%3Afalse%7D%2C%7B%22value%22%3A%22hdf5%22%2C%22group%22%3A%22FileFormat%22%2C%22count%22%3A41%2C%22isSelected%22%3Afalse%7D%2C%7B%22value%22%3A%22tif%22%2C%22group%22%3A%22FileFormat%22%2C%22count%22%3A41%2C%22isSelected%22%3Afalse%7D%5D&tab=file		Visium	COLON MAP: Colon Molecular Atlas Project	Homo sapiens	Bowel	Colon	Cancer	Not otherwise specified	COAD	FFPE	December 7 2023	CC BY-NC-ND 4.0								no		E0_unknown	Bundled metadata does not establish patient identity.
MISC59	data/other_sources/hest1k/metadata/MISC59.json	yes	yes	MATCHED	MISC59	Bowel	Tumor		Visium	FFPE	MISC59		7319_AS_4	https://www.cell.com/cell/fulltext/S0092-8674(23)01222-9?_returnURL=https%3A%2F%2Flinkinghub.elsevier.com%2Fretrieve%2Fpii%2FS0092867423012229%3Fshowall%3Dtrue#secsectitle0020	https://humantumoratlas.org/explore?selectedFilters=%5B%7B%22value%22%3A%22HTAN+Vanderbilt%22%2C%22group%22%3A%22AtlasName%22%2C%22count%22%3A2389%2C%22isSelected%22%3Afalse%7D%2C%7B%22value%22%3A%2210x+Visium%22%2C%22group%22%3A%22assayName%22%2C%22count%22%3A369%2C%22isSelected%22%3Afalse%7D%2C%7B%22value%22%3A%22hdf5%22%2C%22group%22%3A%22FileFormat%22%2C%22count%22%3A41%2C%22isSelected%22%3Afalse%7D%2C%7B%22value%22%3A%22tif%22%2C%22group%22%3A%22FileFormat%22%2C%22count%22%3A41%2C%22isSelected%22%3Afalse%7D%5D&tab=file		Visium	COLON MAP: Colon Molecular Atlas Project	Homo sapiens	Bowel	Colon	Tumor	Premalignant		FFPE	December 7 2023	CC BY-NC-ND 4.0								no		E0_unknown	Bundled metadata does not establish patient identity.
MISC60	data/other_sources/hest1k/metadata/MISC60.json	yes	yes	MATCHED	MISC60	Bowel	Tumor		Visium	FFPE	MISC60		7319_AS_3	https://www.cell.com/cell/fulltext/S0092-8674(23)01222-9?_returnURL=https%3A%2F%2Flinkinghub.elsevier.com%2Fretrieve%2Fpii%2FS0092867423012229%3Fshowall%3Dtrue#secsectitle0020	https://humantumoratlas.org/explore?selectedFilters=%5B%7B%22value%22%3A%22HTAN+Vanderbilt%22%2C%22group%22%3A%22AtlasName%22%2C%22count%22%3A2389%2C%22isSelected%22%3Afalse%7D%2C%7B%22value%22%3A%2210x+Visium%22%2C%22group%22%3A%22assayName%22%2C%22count%22%3A369%2C%22isSelected%22%3Afalse%7D%2C%7B%22value%22%3A%22hdf5%22%2C%22group%22%3A%22FileFormat%22%2C%22count%22%3A41%2C%22isSelected%22%3Afalse%7D%2C%7B%22value%22%3A%22tif%22%2C%22group%22%3A%22FileFormat%22%2C%22count%22%3A41%2C%22isSelected%22%3Afalse%7D%5D&tab=file		Visium	COLON MAP: Colon Molecular Atlas Project	Homo sapiens	Bowel	Colon	Tumor	Premalignant		FFPE	December 7 2023	CC BY-NC-ND 4.0								no		E0_unknown	Bundled metadata does not establish patient identity.
MISC61	data/other_sources/hest1k/metadata/MISC61.json	yes	yes	MATCHED	MISC61	Bowel	Tumor		Visium	FFPE	MISC61		7319_AS_2	https://www.cell.com/cell/fulltext/S0092-8674(23)01222-9?_returnURL=https%3A%2F%2Flinkinghub.elsevier.com%2Fretrieve%2Fpii%2FS0092867423012229%3Fshowall%3Dtrue#secsectitle0020	https://humantumoratlas.org/explore?selectedFilters=%5B%7B%22value%22%3A%22HTAN+Vanderbilt%22%2C%22group%22%3A%22AtlasName%22%2C%22count%22%3A2389%2C%22isSelected%22%3Afalse%7D%2C%7B%22value%22%3A%2210x+Visium%22%2C%22group%22%3A%22assayName%22%2C%22count%22%3A369%2C%22isSelected%22%3Afalse%7D%2C%7B%22value%22%3A%22hdf5%22%2C%22group%22%3A%22FileFormat%22%2C%22count%22%3A41%2C%22isSelected%22%3Afalse%7D%2C%7B%22value%22%3A%22tif%22%2C%22group%22%3A%22FileFormat%22%2C%22count%22%3A41%2C%22isSelected%22%3Afalse%7D%5D&tab=file		Visium	COLON MAP: Colon Molecular Atlas Project	Homo sapiens	Bowel	Colon	Tumor	Premalignant		FFPE	December 7 2023	CC BY-NC-ND 4.0								no		E0_unknown	Bundled metadata does not establish patient identity.
MISC62	data/other_sources/hest1k/metadata/MISC62.json	yes	yes	MATCHED	MISC62	Bowel	Cancer	COAD	Visium	FFPE	MISC62		7003_AS_8	https://www.cell.com/cell/fulltext/S0092-8674(23)01222-9?_returnURL=https%3A%2F%2Flinkinghub.elsevier.com%2Fretrieve%2Fpii%2FS0092867423012229%3Fshowall%3Dtrue#secsectitle0020	https://humantumoratlas.org/explore?selectedFilters=%5B%7B%22value%22%3A%22HTAN+Vanderbilt%22%2C%22group%22%3A%22AtlasName%22%2C%22count%22%3A2389%2C%22isSelected%22%3Afalse%7D%2C%7B%22value%22%3A%2210x+Visium%22%2C%22group%22%3A%22assayName%22%2C%22count%22%3A369%2C%22isSelected%22%3Afalse%7D%2C%7B%22value%22%3A%22hdf5%22%2C%22group%22%3A%22FileFormat%22%2C%22count%22%3A41%2C%22isSelected%22%3Afalse%7D%2C%7B%22value%22%3A%22tif%22%2C%22group%22%3A%22FileFormat%22%2C%22count%22%3A41%2C%22isSelected%22%3Afalse%7D%5D&tab=file		Visium	COLON MAP: Colon Molecular Atlas Project	Homo sapiens	Bowel	Colon	Cancer	Not otherwise specified	COAD	FFPE	December 7 2023	CC BY-NC-ND 4.0								no		E0_unknown	Bundled metadata does not establish patient identity.
MISC63	data/other_sources/hest1k/metadata/MISC63.json	yes	yes	MATCHED	MISC63	Bowel	Cancer	COAD	Visium	FFPE	MISC63		7003_AS_7	https://www.cell.com/cell/fulltext/S0092-8674(23)01222-9?_returnURL=https%3A%2F%2Flinkinghub.elsevier.com%2Fretrieve%2Fpii%2FS0092867423012229%3Fshowall%3Dtrue#secsectitle0020	https://humantumoratlas.org/explore?selectedFilters=%5B%7B%22value%22%3A%22HTAN+Vanderbilt%22%2C%22group%22%3A%22AtlasName%22%2C%22count%22%3A2389%2C%22isSelected%22%3Afalse%7D%2C%7B%22value%22%3A%2210x+Visium%22%2C%22group%22%3A%22assayName%22%2C%22count%22%3A369%2C%22isSelected%22%3Afalse%7D%2C%7B%22value%22%3A%22hdf5%22%2C%22group%22%3A%22FileFormat%22%2C%22count%22%3A41%2C%22isSelected%22%3Afalse%7D%2C%7B%22value%22%3A%22tif%22%2C%22group%22%3A%22FileFormat%22%2C%22count%22%3A41%2C%22isSelected%22%3Afalse%7D%5D&tab=file		Visium	COLON MAP: Colon Molecular Atlas Project	Homo sapiens	Bowel	Colon	Cancer	Primary	COAD	FFPE	December 7 2023	CC BY-NC-ND 4.0								no		E0_unknown	Bundled metadata does not establish patient identity.
MISC64	data/other_sources/hest1k/metadata/MISC64.json	yes	yes	MATCHED	MISC64	Bowel	Cancer	COAD	Visium	FFPE	MISC64		7003_AS_6	https://www.cell.com/cell/fulltext/S0092-8674(23)01222-9?_returnURL=https%3A%2F%2Flinkinghub.elsevier.com%2Fretrieve%2Fpii%2FS0092867423012229%3Fshowall%3Dtrue#secsectitle0020	https://humantumoratlas.org/explore?selectedFilters=%5B%7B%22value%22%3A%22HTAN+Vanderbilt%22%2C%22group%22%3A%22AtlasName%22%2C%22count%22%3A2389%2C%22isSelected%22%3Afalse%7D%2C%7B%22value%22%3A%2210x+Visium%22%2C%22group%22%3A%22assayName%22%2C%22count%22%3A369%2C%22isSelected%22%3Afalse%7D%2C%7B%22value%22%3A%22hdf5%22%2C%22group%22%3A%22FileFormat%22%2C%22count%22%3A41%2C%22isSelected%22%3Afalse%7D%2C%7B%22value%22%3A%22tif%22%2C%22group%22%3A%22FileFormat%22%2C%22count%22%3A41%2C%22isSelected%22%3Afalse%7D%5D&tab=file		Visium	COLON MAP: Colon Molecular Atlas Project	Homo sapiens	Bowel	Colon	Cancer	Not otherwise specified	COAD	FFPE	December 7 2023	CC BY-NC-ND 4.0								no		E0_unknown	Bundled metadata does not establish patient identity.
MISC65	data/other_sources/hest1k/metadata/MISC65.json	yes	yes	MATCHED	MISC65	Bowel	Cancer	COAD	Visium	FFPE	MISC65		7003_AS_5	https://www.cell.com/cell/fulltext/S0092-8674(23)01222-9?_returnURL=https%3A%2F%2Flinkinghub.elsevier.com%2Fretrieve%2Fpii%2FS0092867423012229%3Fshowall%3Dtrue#secsectitle0020	https://humantumoratlas.org/explore?selectedFilters=%5B%7B%22value%22%3A%22HTAN+Vanderbilt%22%2C%22group%22%3A%22AtlasName%22%2C%22count%22%3A2389%2C%22isSelected%22%3Afalse%7D%2C%7B%22value%22%3A%2210x+Visium%22%2C%22group%22%3A%22assayName%22%2C%22count%22%3A369%2C%22isSelected%22%3Afalse%7D%2C%7B%22value%22%3A%22hdf5%22%2C%22group%22%3A%22FileFormat%22%2C%22count%22%3A41%2C%22isSelected%22%3Afalse%7D%2C%7B%22value%22%3A%22tif%22%2C%22group%22%3A%22FileFormat%22%2C%22count%22%3A41%2C%22isSelected%22%3Afalse%7D%5D&tab=file		Visium	COLON MAP: Colon Molecular Atlas Project	Homo sapiens	Bowel	Colon	Cancer	Primary	COAD	FFPE	December 7 2023	CC BY-NC-ND 4.0								no		E0_unknown	Bundled metadata does not establish patient identity.
MISC66	data/other_sources/hest1k/metadata/MISC66.json	yes	yes	MATCHED	MISC66	Bowel	Cancer	COAD	Visium	FFPE	MISC66		7003_AS_4	https://www.cell.com/cell/fulltext/S0092-8674(23)01222-9?_returnURL=https%3A%2F%2Flinkinghub.elsevier.com%2Fretrieve%2Fpii%2FS0092867423012229%3Fshowall%3Dtrue#secsectitle0020	https://humantumoratlas.org/explore?selectedFilters=%5B%7B%22value%22%3A%22HTAN+Vanderbilt%22%2C%22group%22%3A%22AtlasName%22%2C%22count%22%3A2389%2C%22isSelected%22%3Afalse%7D%2C%7B%22value%22%3A%2210x+Visium%22%2C%22group%22%3A%22assayName%22%2C%22count%22%3A369%2C%22isSelected%22%3Afalse%7D%2C%7B%22value%22%3A%22hdf5%22%2C%22group%22%3A%22FileFormat%22%2C%22count%22%3A41%2C%22isSelected%22%3Afalse%7D%2C%7B%22value%22%3A%22tif%22%2C%22group%22%3A%22FileFormat%22%2C%22count%22%3A41%2C%22isSelected%22%3Afalse%7D%5D&tab=file		Visium	COLON MAP: Colon Molecular Atlas Project	Homo sapiens	Bowel	Colon	Cancer	Not otherwise specified	COAD	FFPE	December 7 2023	CC BY-NC-ND 4.0								no		E0_unknown	Bundled metadata does not establish patient identity.
MISC67	data/other_sources/hest1k/metadata/MISC67.json	yes	yes	MATCHED	MISC67	Bowel	Cancer	COAD	Visium	FFPE	MISC67		7003_AS_3	https://www.cell.com/cell/fulltext/S0092-8674(21)01381-7?_returnURL=https%3A%2F%2Flinkinghub.elsevier.com%2Fretrieve%2Fpii%2FS0092867421013817%3Fshowall%3Dtrue	https://humantumoratlas.org/explore?selectedFilters=%5B%7B%22value%22%3A%22HTAN+Vanderbilt%22%2C%22group%22%3A%22AtlasName%22%2C%22count%22%3A2389%2C%22isSelected%22%3Afalse%7D%2C%7B%22value%22%3A%2210x+Visium%22%2C%22group%22%3A%22assayName%22%2C%22count%22%3A369%2C%22isSelected%22%3Afalse%7D%2C%7B%22value%22%3A%22hdf5%22%2C%22group%22%3A%22FileFormat%22%2C%22count%22%3A41%2C%22isSelected%22%3Afalse%7D%2C%7B%22value%22%3A%22tif%22%2C%22group%22%3A%22FileFormat%22%2C%22count%22%3A41%2C%22isSelected%22%3Afalse%7D%5D&tab=file		Visium	COLON MAP: Colon Molecular Atlas Project	Homo sapiens	Bowel	Colon	Cancer	Primary	COAD	FFPE	December 7 2023	CC BY-NC-ND 4.0								no		E0_unknown	Bundled metadata does not establish patient identity.
MISC68	data/other_sources/hest1k/metadata/MISC68.json	yes	yes	MATCHED	MISC68	Bowel	Cancer	COAD	Visium	FFPE	MISC68		7003_AS_2	https://www.cell.com/cell/fulltext/S0092-8674(23)01222-9?_returnURL=https%3A%2F%2Flinkinghub.elsevier.com%2Fretrieve%2Fpii%2FS0092867423012229%3Fshowall%3Dtrue#secsectitle0020	https://humantumoratlas.org/explore?selectedFilters=%5B%7B%22value%22%3A%22HTAN+Vanderbilt%22%2C%22group%22%3A%22AtlasName%22%2C%22count%22%3A2389%2C%22isSelected%22%3Afalse%7D%2C%7B%22value%22%3A%2210x+Visium%22%2C%22group%22%3A%22assayName%22%2C%22count%22%3A369%2C%22isSelected%22%3Afalse%7D%2C%7B%22value%22%3A%22hdf5%22%2C%22group%22%3A%22FileFormat%22%2C%22count%22%3A41%2C%22isSelected%22%3Afalse%7D%2C%7B%22value%22%3A%22tif%22%2C%22group%22%3A%22FileFormat%22%2C%22count%22%3A41%2C%22isSelected%22%3Afalse%7D%5D&tab=file		Visium	COLON MAP: Colon Molecular Atlas Project	Homo sapiens	Bowel	Colon	Cancer	Not otherwise specified	COAD	FFPE	December 7 2023	CC BY-NC-ND 4.0								no		E0_unknown	Bundled metadata does not establish patient identity.
MISC69	data/other_sources/hest1k/metadata/MISC69.json	yes	yes	MATCHED	MISC69	Bowel	Cancer	COAD	Visium	FFPE	MISC69		7003_AS_1	https://www.cell.com/cell/fulltext/S0092-8674(23)01222-9?_returnURL=https%3A%2F%2Flinkinghub.elsevier.com%2Fretrieve%2Fpii%2FS0092867423012229%3Fshowall%3Dtrue#secsectitle0020	https://humantumoratlas.org/explore?selectedFilters=%5B%7B%22value%22%3A%22HTAN+Vanderbilt%22%2C%22group%22%3A%22AtlasName%22%2C%22count%22%3A2389%2C%22isSelected%22%3Afalse%7D%2C%7B%22value%22%3A%2210x+Visium%22%2C%22group%22%3A%22assayName%22%2C%22count%22%3A369%2C%22isSelected%22%3Afalse%7D%2C%7B%22value%22%3A%22hdf5%22%2C%22group%22%3A%22FileFormat%22%2C%22count%22%3A41%2C%22isSelected%22%3Afalse%7D%2C%7B%22value%22%3A%22tif%22%2C%22group%22%3A%22FileFormat%22%2C%22count%22%3A41%2C%22isSelected%22%3Afalse%7D%5D&tab=file		Visium	COLON MAP: Colon Molecular Atlas Project	Homo sapiens	Bowel	Colon	Cancer	Primary	COAD	FFPE	December 7 2023	CC BY-NC-ND 4.0								no		E0_unknown	Bundled metadata does not establish patient identity.
MISC70	data/other_sources/hest1k/metadata/MISC70.json	yes	yes	MATCHED	MISC70	Bowel	Cancer	COAD	Visium	FFPE	MISC70		6723_KL_4	https://www.cell.com/cell/fulltext/S0092-8674(23)01222-9?_returnURL=https%3A%2F%2Flinkinghub.elsevier.com%2Fretrieve%2Fpii%2FS0092867423012229%3Fshowall%3Dtrue#secsectitle0020	https://humantumoratlas.org/explore?selectedFilters=%5B%7B%22value%22%3A%22HTAN+Vanderbilt%22%2C%22group%22%3A%22AtlasName%22%2C%22count%22%3A2389%2C%22isSelected%22%3Afalse%7D%2C%7B%22value%22%3A%2210x+Visium%22%2C%22group%22%3A%22assayName%22%2C%22count%22%3A369%2C%22isSelected%22%3Afalse%7D%2C%7B%22value%22%3A%22hdf5%22%2C%22group%22%3A%22FileFormat%22%2C%22count%22%3A41%2C%22isSelected%22%3Afalse%7D%2C%7B%22value%22%3A%22tif%22%2C%22group%22%3A%22FileFormat%22%2C%22count%22%3A41%2C%22isSelected%22%3Afalse%7D%5D&tab=file		Visium	COLON MAP: Colon Molecular Atlas Project	Homo sapiens	Bowel	Colon	Cancer	Not otherwise specified	COAD	FFPE	December 7 2023	CC BY-NC-ND 4.0								no		E0_unknown	Bundled metadata does not establish patient identity.
MISC71	data/other_sources/hest1k/metadata/MISC71.json	yes	yes	MATCHED	MISC71	Bowel	Cancer	COAD	Visium	FFPE	MISC71		6723_KL_3	https://www.cell.com/cell/fulltext/S0092-8674(23)01222-9?_returnURL=https%3A%2F%2Flinkinghub.elsevier.com%2Fretrieve%2Fpii%2FS0092867423012229%3Fshowall%3Dtrue#secsectitle0020	https://humantumoratlas.org/explore?selectedFilters=%5B%7B%22value%22%3A%22HTAN+Vanderbilt%22%2C%22group%22%3A%22AtlasName%22%2C%22count%22%3A2389%2C%22isSelected%22%3Afalse%7D%2C%7B%22value%22%3A%2210x+Visium%22%2C%22group%22%3A%22assayName%22%2C%22count%22%3A369%2C%22isSelected%22%3Afalse%7D%2C%7B%22value%22%3A%22hdf5%22%2C%22group%22%3A%22FileFormat%22%2C%22count%22%3A41%2C%22isSelected%22%3Afalse%7D%2C%7B%22value%22%3A%22tif%22%2C%22group%22%3A%22FileFormat%22%2C%22count%22%3A41%2C%22isSelected%22%3Afalse%7D%5D&tab=file		Visium	COLON MAP: Colon Molecular Atlas Project	Homo sapiens	Bowel	Colon	Cancer	Not otherwise specified	COAD	FFPE	December 7 2023	CC BY-NC-ND 4.0								no		E0_unknown	Bundled metadata does not establish patient identity.
MISC72	data/other_sources/hest1k/metadata/MISC72.json	yes	yes	MATCHED	MISC72	Bowel	Cancer	COAD	Visium	FFPE	MISC72		6723_KL_2	https://www.cell.com/cell/fulltext/S0092-8674(23)01222-9?_returnURL=https%3A%2F%2Flinkinghub.elsevier.com%2Fretrieve%2Fpii%2FS0092867423012229%3Fshowall%3Dtrue#secsectitle0020	https://humantumoratlas.org/explore?selectedFilters=%5B%7B%22value%22%3A%22HTAN+Vanderbilt%22%2C%22group%22%3A%22AtlasName%22%2C%22count%22%3A2389%2C%22isSelected%22%3Afalse%7D%2C%7B%22value%22%3A%2210x+Visium%22%2C%22group%22%3A%22assayName%22%2C%22count%22%3A369%2C%22isSelected%22%3Afalse%7D%2C%7B%22value%22%3A%22hdf5%22%2C%22group%22%3A%22FileFormat%22%2C%22count%22%3A41%2C%22isSelected%22%3Afalse%7D%2C%7B%22value%22%3A%22tif%22%2C%22group%22%3A%22FileFormat%22%2C%22count%22%3A41%2C%22isSelected%22%3Afalse%7D%5D&tab=file		Visium	COLON MAP: Colon Molecular Atlas Project	Homo sapiens	Bowel	Colon	Cancer	Not otherwise specified	COAD	FFPE	December 7 2023	CC BY-NC-ND 4.0								no		E0_unknown	Bundled metadata does not establish patient identity.
MISC73	data/other_sources/hest1k/metadata/MISC73.json	yes	yes	MATCHED	MISC73	Bowel	Cancer	COAD	Visium	FFPE	MISC73		6723_KL_1	https://www.cell.com/cell/fulltext/S0092-8674(23)01222-9?_returnURL=https%3A%2F%2Flinkinghub.elsevier.com%2Fretrieve%2Fpii%2FS0092867423012229%3Fshowall%3Dtrue#secsectitle0020	https://humantumoratlas.org/explore?selectedFilters=%5B%7B%22value%22%3A%22HTAN+Vanderbilt%22%2C%22group%22%3A%22AtlasName%22%2C%22count%22%3A2389%2C%22isSelected%22%3Afalse%7D%2C%7B%22value%22%3A%2210x+Visium%22%2C%22group%22%3A%22assayName%22%2C%22count%22%3A369%2C%22isSelected%22%3Afalse%7D%2C%7B%22value%22%3A%22hdf5%22%2C%22group%22%3A%22FileFormat%22%2C%22count%22%3A41%2C%22isSelected%22%3Afalse%7D%2C%7B%22value%22%3A%22tif%22%2C%22group%22%3A%22FileFormat%22%2C%22count%22%3A41%2C%22isSelected%22%3Afalse%7D%5D&tab=file		Visium	COLON MAP: Colon Molecular Atlas Project	Homo sapiens	Bowel	Colon	Cancer	Not otherwise specified	COAD	FFPE	December 7 2023	CC BY-NC-ND 4.0								no		E0_unknown	Bundled metadata does not establish patient identity.
NCBI1	data/other_sources/hest1k/metadata/NCBI1.json	yes	yes	MATCHED	NCBI1	Cervix	Cancer	UNKNOWN	Visium		NCBI1		CA_HPV, replicate 2, Spatial Transcriptomics	https://www.ncbi.nlm.nih.gov/pmc/articles/PMC10040725/	                                            		Visium	Spatiotemporally Deciphering the Unknown Role of Persistent HPV Infection in Precancer to Cervical Cancer Progression: Integrating Single-Cell RNA-Sequencing Landscape and Spatial Transcriptomics Atlas [Spatial Transcriptomics]	Homo sapiens	Cervix	Cervical tissue	Cancer	Cancer HPV positive	UNKNOWN		April 2, 2023	CC BY 4.0								no		E0_unknown	Bundled metadata does not establish patient identity.
NCBI2	data/other_sources/hest1k/metadata/NCBI2.json	yes	yes	MATCHED	NCBI2	Cervix	Cancer	UNKNOWN	Visium		NCBI2		CA_HPV, replicate 1, Spatial Transcriptomics	https://www.ncbi.nlm.nih.gov/pmc/articles/PMC10040725/	                                            		Visium	Spatiotemporally Deciphering the Unknown Role of Persistent HPV Infection in Precancer to Cervical Cancer Progression: Integrating Single-Cell RNA-Sequencing Landscape and Spatial Transcriptomics Atlas [Spatial Transcriptomics]	Homo sapiens	Cervix	Cervical tissue	Cancer	Cancer HPV positive	UNKNOWN		April 2, 2023	CC BY 4.0								no		E0_unknown	Bundled metadata does not establish patient identity.
NCBI534	data/other_sources/hest1k/metadata/NCBI534.json	yes	yes	MATCHED	NCBI534	Lung	Healthy		Visium	PFA	NCBI534		PFA fixed lung_organoid_4	https://pubmed.ncbi.nlm.nih.gov/36776149/	                                            		Visium	Genome-wide Spatial Expression Profiling in Formalin-fixed Tissues	Homo sapiens	Lung	Lung	Healthy			PFA	October 15, 2021	CC BY	Human embryonic stem cells were grown on vitronectin coated plates (1001-015, Life Technologies) and incubated with 0.5mM EDTA (Merck) at 37oC for 3 minutes for disaggregation. 100,000 cells/well were plated on a 24 multi-well plate coated with 5 μl/ml vitronectin and further incubated with supplemented Essential 8 Basal medium at 37oC overnight. The day after (day 0), cells were treated for 3 subsequent days in Advanced RPMI 1640 basal medium (ThermoFisher) supplemented with 8 μM CHIR (Merck) and 1% Penicillin-Streptomycin and 1% of GlutaMAX TM (ThermoFisher). The medium was changed every day. From day 3 to 4, media were changed to Advanced RPMI supplemented with 200ng/ml FGF9 (Peprotech), 1 μg/ml heparin (Merck) and 10ng/ml activin A (Vitro). On day 4, cultures were rinsed twice with PBS, and resuspended in Advanced RPMI supplemented with 5 μM CHIR, 200ng/ml FGF9 and 1 μg/ml Heparin. Cellular suspensions were seeded in V-shape 96 multi-well plate at a final concentration of 100,000 cells/well and centrifugated at 2000 rpm for 3 minutes. The resulting spheroids were incubated during 1h at 37°C. Culture media was replaced by Advanced RPMI supplemented with 200ng/ml FGF9 and 1 μg/ml Heparin for 7 additional days, the media was changed every second day. From day 11 to 16, developing organoids were incubated only in the presence of Advanced RPMI, the media was every second day.							no		E0_unknown	Bundled metadata does not establish patient identity.
NCBI568	data/other_sources/hest1k/metadata/NCBI568.json	yes	yes	MATCHED	NCBI568	Kidney	Healthy		Visium	Fresh Frozen	NCBI568		20-0034	https://www.nature.com/articles/s41467-023-38975-8	                                            		Visium	A Spatial Transcriptomic atlas of the human kidney papilla identifies significant immune injury in patients with stone disease	Homo sapiens	Kidney	Kidney	Healthy			Fresh Frozen	May 4, 2023									no		E0_unknown	Bundled metadata does not establish patient identity.
NCBI569	data/other_sources/hest1k/metadata/NCBI569.json	yes	yes	MATCHED	NCBI569	Pancreas	Cancer	PAAD	Visium	Fresh Frozen	NCBI569		ST_PDAC-4	https://www.nature.com/articles/s41467-023-40314-w	                                            		Visium	Schwann Cells Shape Tumor Cells and Cancer-Associated Fibroblasts in the Pancreatic Ductal Adenocarcinoma Microenvironment [ST]	Homo sapiens	Pancreas	Pancreas	Cancer		PAAD	Fresh Frozen	May 30, 2023									no		E0_unknown	Bundled metadata does not establish patient identity.
NCBI570	data/other_sources/hest1k/metadata/NCBI570.json	yes	yes	MATCHED	NCBI570	Pancreas	Cancer	PAAD	Visium	Fresh Frozen	NCBI570		ST_PDAC-3	https://www.nature.com/articles/s41467-023-40314-w	                                            		Visium	Schwann Cells Shape Tumor Cells and Cancer-Associated Fibroblasts in the Pancreatic Ductal Adenocarcinoma Microenvironment [ST]	Homo sapiens	Pancreas	Pancreas	Cancer		PAAD	Fresh Frozen	May 30, 2023									no		E0_unknown	Bundled metadata does not establish patient identity.
NCBI571	data/other_sources/hest1k/metadata/NCBI571.json	yes	yes	MATCHED	NCBI571	Pancreas	Cancer	PAAD	Visium	Fresh Frozen	NCBI571		ST_PDAC-2	https://www.nature.com/articles/s41467-023-40314-w	                                            		Visium	Schwann Cells Shape Tumor Cells and Cancer-Associated Fibroblasts in the Pancreatic Ductal Adenocarcinoma Microenvironment [ST]	Homo sapiens	Pancreas	Pancreas	Cancer		PAAD	Fresh Frozen	May 30, 2023									no		E0_unknown	Bundled metadata does not establish patient identity.
NCBI572	data/other_sources/hest1k/metadata/NCBI572.json	yes	yes	MATCHED	NCBI572	Pancreas	Cancer	PAAD	Visium	Fresh Frozen	NCBI572		ST_PDAC-1	https://www.nature.com/articles/s41467-023-40314-w	                                            		Visium	Schwann Cells Shape Tumor Cells and Cancer-Associated Fibroblasts in the Pancreatic Ductal Adenocarcinoma Microenvironment [ST]	Homo sapiens	Pancreas	Pancreas	Cancer		PAAD	Fresh Frozen	May 30, 2023									no		E0_unknown	Bundled metadata does not establish patient identity.
NCBI575	data/other_sources/hest1k/metadata/NCBI575.json	yes	yes	MATCHED	NCBI575	Uterus	Healthy		Visium	Fresh Frozen	NCBI575		NC1c	https://pubmed.ncbi.nlm.nih.gov/37423216/	                                            		Visium	SARS-CoV-2 Niches in Human Placenta Revealed by Spatial Transcriptomics	Homo sapiens	Uterus	Placenta	Healthy			Fresh Frozen	July 5, 2023									no		E0_unknown	Bundled metadata does not establish patient identity.
NCBI576	data/other_sources/hest1k/metadata/NCBI576.json	yes	yes	MATCHED	NCBI576	Uterus	Healthy		Visium	Fresh Frozen	NCBI576		NC1b	https://pubmed.ncbi.nlm.nih.gov/37423216/	                                            		Visium	SARS-CoV-2 Niches in Human Placenta Revealed by Spatial Transcriptomics	Homo sapiens	Uterus	Placenta	Healthy			Fresh Frozen	July 5, 2023									no		E0_unknown	Bundled metadata does not establish patient identity.
NCBI594	data/other_sources/hest1k/metadata/NCBI594.json	yes	yes	MATCHED	NCBI594	Eye	Healthy		Visium	Fresh Frozen	NCBI594		Control_D1	https://www.ncbi.nlm.nih.gov/pmc/articles/PMC10312719/	                                            		Visium	GENE EXPRESSION WITHIN A HUMAN CHOROIDAL NEOVASCULAR MEMBRANE USING SPATIAL TRANSCRIPTOMICS	Homo sapiens	Eye	Spanning retina/Choroid/Sclera	Healthy			Fresh Frozen	August 7, 2023	CC BY-NC-ND 4.0 DEED								no		E0_unknown	Bundled metadata does not establish patient identity.
NCBI595	data/other_sources/hest1k/metadata/NCBI595.json	yes	yes	MATCHED	NCBI595	Eye	Healthy		Visium	Fresh Frozen	NCBI595		Control_A1	https://www.ncbi.nlm.nih.gov/pmc/articles/PMC10312719/	                                            		Visium	GENE EXPRESSION WITHIN A HUMAN CHOROIDAL NEOVASCULAR MEMBRANE USING SPATIAL TRANSCRIPTOMICS	Homo sapiens	Eye	Spanning retina/Choroid/Sclera	Healthy			Fresh Frozen	August 7, 2023	CC BY-NC-ND 4.0 DEED								no		E0_unknown	Bundled metadata does not establish patient identity.
NCBI599	data/other_sources/hest1k/metadata/NCBI599.json	yes	yes	MATCHED	NCBI599	Kidney	Healthy		Visium		NCBI599		Human Nephrectomy		                                            		Visium	Integration of spatial and single cell transcriptomics localizes epithelial-immune cross-talk in kidney injury	Homo sapiens	Kidney	Kidney	Healthy				June 1, 2021									no		E0_unknown	Bundled metadata does not establish patient identity.
NCBI600	data/other_sources/hest1k/metadata/NCBI600.json	yes	yes	MATCHED	NCBI600	Bladder	Cancer	BLCA	Visium		NCBI600	Patient 4	MIBC_B371		                                            		Visium	A new epithelial cell subpopulation predicts response to surgery, chemotherapy, and immunotherapy in bladder cancer	Homo sapiens	Bladder	Bladder	Cancer		BLCA		June 4, 2021							P4		no		E3_explicit	Bundled metadata explicitly supplies a patient value; it remains raw.
NCBI601	data/other_sources/hest1k/metadata/NCBI601.json	yes	yes	MATCHED	NCBI601	Bladder	Cancer	BLCA	Visium		NCBI601	Patient 3	MIBC_B72		                                            		Visium	A new epithelial cell subpopulation predicts response to surgery, chemotherapy, and immunotherapy in bladder cancer	Homo sapiens	Bladder	Bladder	Cancer		BLCA		June 4, 2021							P3		no		E3_explicit	Bundled metadata explicitly supplies a patient value; it remains raw.
NCBI602	data/other_sources/hest1k/metadata/NCBI602.json	yes	yes	MATCHED	NCBI602	Bladder	Cancer	BLCA	Visium		NCBI602	Patient 2	MIBC_B8		                                            		Visium	A new epithelial cell subpopulation predicts response to surgery, chemotherapy, and immunotherapy in bladder cancer	Homo sapiens	Bladder	Bladder	Cancer		BLCA		June 4, 2021							P2		no		E3_explicit	Bundled metadata explicitly supplies a patient value; it remains raw.
NCBI603	data/other_sources/hest1k/metadata/NCBI603.json	yes	yes	MATCHED	NCBI603	Bladder	Cancer	BLCA	Visium		NCBI603	Patient 1	MIBC_B1204		                                            		Visium	A new epithelial cell subpopulation predicts response to surgery, chemotherapy, and immunotherapy in bladder cancer	Homo sapiens	Bladder	Bladder	Cancer		BLCA		June 4, 2021							P1		no		E3_explicit	Bundled metadata explicitly supplies a patient value; it remains raw.
NCBI642	data/other_sources/hest1k/metadata/NCBI642.json	yes	yes	MATCHED	NCBI642	Liver	Cancer	HCC	Visium	Fresh Frozen	NCBI642	Patient b	CHC23, tumor	https://www.biorxiv.org/content/10.1101/2022.11.09.515839v1.full	                                            		Visium	Identification of TREM1+CD163+ myeloid cells as a deleterious immune subset in HCC [Spatial Transcriptomics]	Homo sapiens	Liver	Liver	Cancer		HCC	Fresh Frozen	February 4, 2024									no		E3_explicit	Bundled metadata explicitly supplies a patient value; it remains raw.
NCBI643	data/other_sources/hest1k/metadata/NCBI643.json	yes	yes	MATCHED	NCBI643	Liver	Cancer	HCC	Visium	Fresh Frozen	NCBI643	Patient a	CHC20, tumor	https://www.biorxiv.org/content/10.1101/2022.11.09.515839v1.full	                                            		Visium	Identification of TREM1+CD163+ myeloid cells as a deleterious immune subset in HCC [Spatial Transcriptomics]	Homo sapiens	Liver	Liver	Cancer		HCC	Fresh Frozen	February 4, 2024									no		E3_explicit	Bundled metadata explicitly supplies a patient value; it remains raw.
NCBI681	data/other_sources/hest1k/metadata/NCBI681.json	yes	yes	MATCHED	NCBI681	Lymph node	Cancer	IDC	Visium	Fresh Frozen	NCBI681	Patient 8	PT_8 LNM ST	https://www.nature.com/articles/s41467-022-34581-2	                                            		Visium	Single cell profiling of primary and paired metastatic lymph node tumors in breast cancer patients	Homo sapiens	Lymph node	Lymph node	Cancer		IDC	Fresh Frozen	April 30, 2022							P8		no		E3_explicit	Bundled metadata explicitly supplies a patient value; it remains raw.
NCBI682	data/other_sources/hest1k/metadata/NCBI682.json	yes	yes	MATCHED	NCBI682	Lymph node	Cancer	IDC	Visium	Fresh Frozen	NCBI682	Patient 7	PT_7 LNM ST	https://www.nature.com/articles/s41467-022-34581-2	                                            		Visium	Single cell profiling of primary and paired metastatic lymph node tumors in breast cancer patients	Homo sapiens	Lymph node	Lymph node	Cancer		IDC	Fresh Frozen	April 30, 2022							P7		no		E3_explicit	Bundled metadata explicitly supplies a patient value; it remains raw.
NCBI683	data/other_sources/hest1k/metadata/NCBI683.json	yes	yes	MATCHED	NCBI683	Lymph node	Cancer	IDC	Visium	Fresh Frozen	NCBI683	Patient 6	PT_6 LNM ST	https://www.nature.com/articles/s41467-022-34581-2	                                            		Visium	Single cell profiling of primary and paired metastatic lymph node tumors in breast cancer patients	Homo sapiens	Lymph node	Lymph node	Cancer		IDC	Fresh Frozen	April 30, 2022							P6		no		E3_explicit	Bundled metadata explicitly supplies a patient value; it remains raw.
NCBI684	data/other_sources/hest1k/metadata/NCBI684.json	yes	yes	MATCHED	NCBI684	Lymph node	Cancer	IDC	Visium	Fresh Frozen	NCBI684	Patient 3	PT_3 LNM ST	https://www.nature.com/articles/s41467-022-34581-2	                                            		Visium	Single cell profiling of primary and paired metastatic lymph node tumors in breast cancer patients	Homo sapiens	Lymph node	Lymph node	Cancer		IDC	Fresh Frozen	April 30, 2022							P3		no		E3_explicit	Bundled metadata explicitly supplies a patient value; it remains raw.
NCBI709	data/other_sources/hest1k/metadata/NCBI709.json	yes	yes	MATCHED	NCBI709	Kidney	Healthy		Visium	Fresh Frozen	NCBI709	Patient 6	21-019	https://www.ncbi.nlm.nih.gov/pmc/articles/PMC10356613/	                                            		Visium	Spatial localization with Spatial Transcriptomics for an atlas of healthy and injured cell states and niches in the human kidney [Visium ST]	Homo sapiens	Kidney	Kidney	Healthy			Fresh Frozen	October 12, 2022	Creative Commons Attribution 4.0						P6		no		E3_explicit	Bundled metadata explicitly supplies a patient value; it remains raw.
NCBI710	data/other_sources/hest1k/metadata/NCBI710.json	yes	yes	MATCHED	NCBI710	Kidney	Healthy		Visium	Fresh Frozen	NCBI710	Patient 5	21-015	https://www.ncbi.nlm.nih.gov/pmc/articles/PMC10356613/	                                            		Visium	Spatial localization with Spatial Transcriptomics for an atlas of healthy and injured cell states and niches in the human kidney [Visium ST]	Homo sapiens	Kidney	Kidney	Healthy			Fresh Frozen	October 12, 2022	Creative Commons Attribution 4.0						P5		no		E3_explicit	Bundled metadata explicitly supplies a patient value; it remains raw.
NCBI711	data/other_sources/hest1k/metadata/NCBI711.json	yes	yes	MATCHED	NCBI711	Kidney	Healthy		Visium	Fresh Frozen	NCBI711	Patient 4	IU-M32	https://www.ncbi.nlm.nih.gov/pmc/articles/PMC10356613/	                                            		Visium	Spatial localization with Spatial Transcriptomics for an atlas of healthy and injured cell states and niches in the human kidney [Visium ST]	Homo sapiens	Kidney	Kidney	Healthy			Fresh Frozen	October 12, 2022	Creative Commons Attribution 4.0						P4		no		E3_explicit	Bundled metadata explicitly supplies a patient value; it remains raw.
NCBI712	data/other_sources/hest1k/metadata/NCBI712.json	yes	yes	MATCHED	NCBI712	Kidney	Healthy		Visium	Fresh Frozen	NCBI712	Patient 3	IU-M61	https://www.ncbi.nlm.nih.gov/pmc/articles/PMC10356613/	                                            		Visium	Spatial localization with Spatial Transcriptomics for an atlas of healthy and injured cell states and niches in the human kidney [Visium ST]	Homo sapiens	Kidney	Kidney	Healthy			Fresh Frozen	October 12, 2022	Creative Commons Attribution 4.0						P3		no		E3_explicit	Bundled metadata explicitly supplies a patient value; it remains raw.
NCBI713	data/other_sources/hest1k/metadata/NCBI713.json	yes	yes	MATCHED	NCBI713	Kidney	Healthy		Visium	Fresh Frozen	NCBI713	Patient 2	IU-F52	https://www.ncbi.nlm.nih.gov/pmc/articles/PMC10356613/	                                            		Visium	Spatial localization with Spatial Transcriptomics for an atlas of healthy and injured cell states and niches in the human kidney [Visium ST]	Homo sapiens	Kidney	Kidney	Healthy			Fresh Frozen	October 12, 2022	Creative Commons Attribution 4.0						P2		no		E3_explicit	Bundled metadata explicitly supplies a patient value; it remains raw.
NCBI714	data/other_sources/hest1k/metadata/NCBI714.json	yes	yes	MATCHED	NCBI714	Kidney	Healthy		Visium	Fresh Frozen	NCBI714	Patient 1	IU-F59	https://www.ncbi.nlm.nih.gov/pmc/articles/PMC10356613/	                                            		Visium	Spatial localization with Spatial Transcriptomics for an atlas of healthy and injured cell states and niches in the human kidney [Visium ST]	Homo sapiens	Kidney	Kidney	Healthy			Fresh Frozen	October 12, 2022	Creative Commons Attribution 4.0						P1		no		E3_explicit	Bundled metadata explicitly supplies a patient value; it remains raw.
NCBI759	data/other_sources/hest1k/metadata/NCBI759.json	yes	yes	MATCHED	NCBI759	Skin	Cancer	CSCC	Spatial Transcriptomics	FFPE	NCBI759	Patient 10	P10_ST_rep3	https://www.ncbi.nlm.nih.gov/pmc/articles/PMC7391009/	                                            		Spatial Transcriptomics	Single Cell and Spatial Analysis of Human Squamous Cell Carcinoma [ST]	Homo sapiens	Skin	Skin	Cancer		CSCC	FFPE	June 22, 2020							P10	P10	no		E2_corroborated	Bundled patient and subseries fields contain the same explicit P-number.
NCBI760	data/other_sources/hest1k/metadata/NCBI760.json	yes	yes	MATCHED	NCBI760	Skin	Cancer	CSCC	Spatial Transcriptomics	FFPE	NCBI760	Patient 10	P10_ST_rep2	https://www.ncbi.nlm.nih.gov/pmc/articles/PMC7391009/	                                            		Spatial Transcriptomics	Single Cell and Spatial Analysis of Human Squamous Cell Carcinoma [ST]	Homo sapiens	Skin	Skin	Cancer		CSCC	FFPE	June 22, 2020							P10	P10	no		E2_corroborated	Bundled patient and subseries fields contain the same explicit P-number.
NCBI761	data/other_sources/hest1k/metadata/NCBI761.json	yes	yes	MATCHED	NCBI761	Skin	Cancer	CSCC	Spatial Transcriptomics	FFPE	NCBI761	Patient 10	P10_ST_rep1	https://www.ncbi.nlm.nih.gov/pmc/articles/PMC7391009/	                                            		Spatial Transcriptomics	Single Cell and Spatial Analysis of Human Squamous Cell Carcinoma [ST]	Homo sapiens	Skin	Skin	Cancer		CSCC	FFPE	June 22, 2020							P10	P10	no		E2_corroborated	Bundled patient and subseries fields contain the same explicit P-number.
NCBI762	data/other_sources/hest1k/metadata/NCBI762.json	yes	yes	MATCHED	NCBI762	Skin	Cancer	CSCC	Spatial Transcriptomics	FFPE	NCBI762	Patient 9	P9_ST_rep3	https://www.ncbi.nlm.nih.gov/pmc/articles/PMC7391009/	                                            		Spatial Transcriptomics	Single Cell and Spatial Analysis of Human Squamous Cell Carcinoma [ST]	Homo sapiens	Skin	Skin	Cancer		CSCC	FFPE	June 22, 2020							P9	P9	no		E2_corroborated	Bundled patient and subseries fields contain the same explicit P-number.
NCBI763	data/other_sources/hest1k/metadata/NCBI763.json	yes	yes	MATCHED	NCBI763	Skin	Cancer	CSCC	Spatial Transcriptomics	FFPE	NCBI763	Patient 9	P9_ST_rep2	https://www.ncbi.nlm.nih.gov/pmc/articles/PMC7391009/	                                            		Spatial Transcriptomics	Single Cell and Spatial Analysis of Human Squamous Cell Carcinoma [ST]	Homo sapiens	Skin	Skin	Cancer		CSCC	FFPE	June 22, 2020							P9	P9	no		E2_corroborated	Bundled patient and subseries fields contain the same explicit P-number.
NCBI764	data/other_sources/hest1k/metadata/NCBI764.json	yes	yes	MATCHED	NCBI764	Skin	Cancer	CSCC	Spatial Transcriptomics	FFPE	NCBI764	Patient 9	P9_ST_rep1	https://www.ncbi.nlm.nih.gov/pmc/articles/PMC7391009/	                                            		Spatial Transcriptomics	Single Cell and Spatial Analysis of Human Squamous Cell Carcinoma [ST]	Homo sapiens	Skin	Skin	Cancer		CSCC	FFPE	June 22, 2020							P9	P9	no		E2_corroborated	Bundled patient and subseries fields contain the same explicit P-number.
NCBI765	data/other_sources/hest1k/metadata/NCBI765.json	yes	yes	MATCHED	NCBI765	Skin	Cancer	CSCC	Spatial Transcriptomics	FFPE	NCBI765	Patient 5	P5_ST_rep3	https://www.ncbi.nlm.nih.gov/pmc/articles/PMC7391009/	                                            		Spatial Transcriptomics	Single Cell and Spatial Analysis of Human Squamous Cell Carcinoma [ST]	Homo sapiens	Skin	Skin	Cancer		CSCC	FFPE	June 22, 2020							P5	P5	no		E2_corroborated	Bundled patient and subseries fields contain the same explicit P-number.
NCBI766	data/other_sources/hest1k/metadata/NCBI766.json	yes	yes	MATCHED	NCBI766	Skin	Cancer	CSCC	Spatial Transcriptomics	FFPE	NCBI766	Patient 5	P5_ST_rep2	https://www.ncbi.nlm.nih.gov/pmc/articles/PMC7391009/	                                            		Spatial Transcriptomics	Single Cell and Spatial Analysis of Human Squamous Cell Carcinoma [ST]	Homo sapiens	Skin	Skin	Cancer		CSCC	FFPE	June 22, 2020							P5	P5	no		E2_corroborated	Bundled patient and subseries fields contain the same explicit P-number.
NCBI767	data/other_sources/hest1k/metadata/NCBI767.json	yes	yes	MATCHED	NCBI767	Skin	Cancer	CSCC	Spatial Transcriptomics	FFPE	NCBI767	Patient 5	P5_ST_rep1	https://www.ncbi.nlm.nih.gov/pmc/articles/PMC7391009/	                                            		Spatial Transcriptomics	Single Cell and Spatial Analysis of Human Squamous Cell Carcinoma [ST]	Homo sapiens	Skin	Skin	Cancer		CSCC	FFPE	June 22, 2020							P5	P5	no		E2_corroborated	Bundled patient and subseries fields contain the same explicit P-number.
NCBI768	data/other_sources/hest1k/metadata/NCBI768.json	yes	yes	MATCHED	NCBI768	Skin	Cancer	CSCC	Spatial Transcriptomics	FFPE	NCBI768	Patient 2	P2_ST_rep3	https://www.ncbi.nlm.nih.gov/pmc/articles/PMC7391009/	                                            		Spatial Transcriptomics	Single Cell and Spatial Analysis of Human Squamous Cell Carcinoma [ST]	Homo sapiens	Skin	Skin	Cancer		CSCC	FFPE	June 22, 2020							P2	P2	no		E2_corroborated	Bundled patient and subseries fields contain the same explicit P-number.
NCBI769	data/other_sources/hest1k/metadata/NCBI769.json	yes	yes	MATCHED	NCBI769	Skin	Cancer	CSCC	Spatial Transcriptomics	FFPE	NCBI769	Patient 2	P2_ST_rep2	https://www.ncbi.nlm.nih.gov/pmc/articles/PMC7391009/	                                            		Spatial Transcriptomics	Single Cell and Spatial Analysis of Human Squamous Cell Carcinoma [ST]	Homo sapiens	Skin	Skin	Cancer		CSCC	FFPE	June 22, 2020							P2	P2	no		E2_corroborated	Bundled patient and subseries fields contain the same explicit P-number.
NCBI770	data/other_sources/hest1k/metadata/NCBI770.json	yes	yes	MATCHED	NCBI770	Skin	Cancer	CSCC	Spatial Transcriptomics	FFPE	NCBI770	Patient 2	P2_ST_rep1	https://www.ncbi.nlm.nih.gov/pmc/articles/PMC7391009/	                                            		Spatial Transcriptomics	Single Cell and Spatial Analysis of Human Squamous Cell Carcinoma [ST]	Homo sapiens	Skin	Skin	Cancer		CSCC	FFPE	June 22, 2020							P2	P2	no		E2_corroborated	Bundled patient and subseries fields contain the same explicit P-number.
NCBI771	data/other_sources/hest1k/metadata/NCBI771.json	yes	yes	MATCHED	NCBI771	Eye	Cancer	ACYC	Visium	FFPE	NCBI771		LGACC, sample A, spatial	https://www.ncbi.nlm.nih.gov/pmc/articles/PMC10296284/	                                            		Visium	Spatial transcriptomics of adenoid cystic carcinoma of the lacrimal gland	Homo sapiens	Eye	Lacrimal gland	Cancer		ACYC	FFPE	July 5, 2023									no		E0_unknown	Bundled metadata does not establish patient identity.
NCBI776	data/other_sources/hest1k/metadata/NCBI776.json	yes	yes	MATCHED	NCBI776	Breast	Cancer	IDC	Visium	Fresh Frozen	NCBI776		Breast Cancer, Visium CytAssist Spatial Gene Expression	https://www.nature.com/articles/s41467-023-43458-x	                                            		Visium	High resolution mapping of the tumor microenvironment using integrated single-cell, spatial and in situ analysis [scRNA-seq and Visium]	Homo sapiens	Breast	Breast	Cancer		IDC	Fresh Frozen	October 9, 2023									no		E0_unknown	Bundled metadata does not establish patient identity.
NCBI783	data/other_sources/hest1k/metadata/NCBI783.json	yes	yes	MATCHED	NCBI783	Breast	Cancer	IDC	Xenium	FFPE	NCBI783	patient 5	Breast Cancer, Xenium In Situ Spatial Gene Expression	https://www.nature.com/articles/s41467-023-43458-x	                                            		Xenium	High resolution mapping of the tumor microenvironment using integrated single-cell, spatial and in situ analysis [Xenium]	Homo sapiens	Breast	Breast	Cancer	pT2 pN1a pMX, ER−/HER2+/PR−	IDC	FFPE	October 9, 2023			N/A	Sample_2		3.0	P5		no		E3_explicit	Bundled metadata explicitly supplies a patient value; it remains raw.
NCBI784	data/other_sources/hest1k/metadata/NCBI784.json	yes	yes	MATCHED	NCBI784	Breast	Cancer	IDC	Xenium	FFPE	NCBI784	patient 4	Breast Cancer, Xenium In Situ Spatial Gene Expression Rep 2	https://www.nature.com/articles/s41467-023-43458-x			Xenium	High resolution mapping of the tumor microenvironment using integrated single-cell, spatial and in situ analysis [Xenium]	Homo sapiens	Breast	Breast	Cancer	T2N1M0, Stage II-B, ER+/HER2+/PR‚àí	IDC	FFPE	9-Oct-23							P4		no		E3_explicit	Bundled metadata explicitly supplies a patient value; it remains raw.
NCBI785	data/other_sources/hest1k/metadata/NCBI785.json	yes	yes	MATCHED	NCBI785	Breast	Cancer	IDC	Xenium	FFPE	NCBI785	patient 4	Breast Cancer, Xenium In Situ Spatial Gene Expression Rep 1	https://www.nature.com/articles/s41467-023-43458-x	                                            		Xenium	High resolution mapping of the tumor microenvironment using integrated single-cell, spatial and in situ analysis [Xenium]	Homo sapiens	Breast	Breast	Cancer	T2N1M0, Stage II-B, ER+/HER2+/PR−	IDC	FFPE	October 9, 2023			0001879	Replicate 1		3.0	P4		no		E3_explicit	Bundled metadata explicitly supplies a patient value; it remains raw.
NCBI811	data/other_sources/hest1k/metadata/NCBI811.json	yes	yes	MATCHED	NCBI811	Uterus	Healthy		Visium	Fresh Frozen	NCBI811		NC4	https://pubmed.ncbi.nlm.nih.gov/37423216/	                                            		Visium	SARS-CoV-2 Niches in Human Placenta Revealed by Spatial Transcriptomics	Homo sapiens	Uterus	Placenta	Healthy			Fresh Frozen	July 5, 2023									no		E0_unknown	Bundled metadata does not establish patient identity.
NCBI812	data/other_sources/hest1k/metadata/NCBI812.json	yes	yes	MATCHED	NCBI812	Uterus	Healthy		Visium	Fresh Frozen	NCBI812		NC3	https://pubmed.ncbi.nlm.nih.gov/37423216/	                                            		Visium	SARS-CoV-2 Niches in Human Placenta Revealed by Spatial Transcriptomics	Homo sapiens	Uterus	Placenta	Healthy			Fresh Frozen	July 5, 2023									no		E0_unknown	Bundled metadata does not establish patient identity.
NCBI813	data/other_sources/hest1k/metadata/NCBI813.json	yes	yes	MATCHED	NCBI813	Uterus	Healthy		Visium	Fresh Frozen	NCBI813		NC2	https://pubmed.ncbi.nlm.nih.gov/37423216/	                                            		Visium	SARS-CoV-2 Niches in Human Placenta Revealed by Spatial Transcriptomics	Homo sapiens	Uterus	Placenta	Healthy			Fresh Frozen	July 5, 2023									no		E0_unknown	Bundled metadata does not establish patient identity.
NCBI828	data/other_sources/hest1k/metadata/NCBI828.json	yes	yes	MATCHED	NCBI828	Liver	Healthy		Visium	Fresh Frozen	NCBI828		Healthy_liver_spatial_10	https://www.nature.com/articles/s41586-024-07376-2	                                            		Visium	Multimodal decoding of human liver regeneration [st_human]	Homo sapiens	Liver	Healthy liver explant	Healthy	non-A–E hepatitis hepatitis ALF 		Fresh Frozen	February 1, 2023	Creative Commons Attribution 4.0 International								no		E0_unknown	Bundled metadata does not establish patient identity.
NCBI829	data/other_sources/hest1k/metadata/NCBI829.json	yes	yes	MATCHED	NCBI829	Liver	Healthy		Visium	Fresh Frozen	NCBI829		Healthy_liver_spatial_02	https://www.nature.com/articles/s41586-024-07376-2	                                            		Visium	Multimodal decoding of human liver regeneration [st_human]	Homo sapiens	Liver	Healthy liver explant	Healthy			Fresh Frozen	February 1, 2023	Creative Commons Attribution 4.0 International								no		E0_unknown	Bundled metadata does not establish patient identity.
NCBI830	data/other_sources/hest1k/metadata/NCBI830.json	yes	yes	MATCHED	NCBI830	Liver	Healthy		Visium	Fresh Frozen	NCBI830		Healthy_liver_spatial_01	https://www.nature.com/articles/s41586-024-07376-2	                                            		Visium	Multimodal decoding of human liver regeneration [st_human]	Homo sapiens	Liver	Healthy liver explant	Healthy			Fresh Frozen	February 1, 2023	Creative Commons Attribution 4.0 International								no		E0_unknown	Bundled metadata does not establish patient identity.
NCBI854	data/other_sources/hest1k/metadata/NCBI854.json	yes	yes	MATCHED	NCBI854	Bladder	Cancer	BLCA	Visium	FFPE	NCBI854	Patient 1	GSM7659431	https://www.sciencedirect.com/science/article/pii/S2211124724004698?via%3Dihub#app2	                                            		Visium	Batf3-dendritic cells and 4-1BB-4-1BB ligand axis are required at the effector phase within the tumor microenvironment for PD-1-PD-L1 blockade efficacy	Homo sapiens	Bladder	FFPE bladder tumor	Cancer	invasive bladder carcinoma	BLCA	FFPE	May 13, 2024	CC BY-NC 4.0						P1		no		E3_explicit	Bundled metadata explicitly supplies a patient value; it remains raw.
NCBI855	data/other_sources/hest1k/metadata/NCBI855.json	yes	yes	MATCHED	NCBI855	Bladder	Cancer	BLCA	Visium	FFPE	NCBI855	Patient 10	GSM7659430	https://www.sciencedirect.com/science/article/pii/S2211124724004698?via%3Dihub#app2	                                            		Visium	Batf3-dendritic cells and 4-1BB-4-1BB ligand axis are required at the effector phase within the tumor microenvironment for PD-1-PD-L1 blockade efficacy	Homo sapiens	Bladder	Bladder	Cancer	invasive bladder carcinoma	BLCA	FFPE	May 13, 2024	CC BY-NC 4.0						P10		no		E3_explicit	Bundled metadata explicitly supplies a patient value; it remains raw.
NCBI875	data/other_sources/hest1k/metadata/NCBI875.json	yes	yes	MATCHED	NCBI875	Lung	Healthy		Xenium	FFPE	NCBI875	Patient 7	VUHD116B	https://www.biorxiv.org/content/10.1101/2023.12.15.571954v2	https://www.ncbi.nlm.nih.gov/geo/query/acc.cgi?acc=GSE250346		Xenium	Image-based spatial transcriptomics identifies molecular niche dysregulation associated with distal lung remodeling in pulmonary fibrosis	Homo sapiens	Lung	Lung	Healthy	Control		FFPE	December 23, 2023							P7		no		E3_explicit	Bundled metadata explicitly supplies a patient value; it remains raw.
NCBI876	data/other_sources/hest1k/metadata/NCBI876.json	yes	yes	MATCHED	NCBI876	Lung	Healthy		Xenium	FFPE	NCBI876	Patient 7	VUHD116A	https://www.biorxiv.org/content/10.1101/2023.12.15.571954v2	https://www.ncbi.nlm.nih.gov/geo/query/acc.cgi?acc=GSE250346		Xenium	Image-based spatial transcriptomics identifies molecular niche dysregulation associated with distal lung remodeling in pulmonary fibrosis	Homo sapiens	Lung	Lung	Healthy	Control		FFPE	December 23, 2023							P7		no		E3_explicit	Bundled metadata explicitly supplies a patient value; it remains raw.
NCBI879	data/other_sources/hest1k/metadata/NCBI879.json	yes	yes	MATCHED	NCBI879	Lung	Healthy		Xenium	FFPE	NCBI879	Patient 4	VUHD069	https://www.biorxiv.org/content/10.1101/2023.12.15.571954v2	https://www.ncbi.nlm.nih.gov/geo/query/acc.cgi?acc=GSE250346		Xenium	Image-based spatial transcriptomics identifies molecular niche dysregulation associated with distal lung remodeling in pulmonary fibrosis	Homo sapiens	Lung	Lung	Healthy	Control		FFPE	December 23, 2023							P4		no		E3_explicit	Bundled metadata explicitly supplies a patient value; it remains raw.
NCBI883	data/other_sources/hest1k/metadata/NCBI883.json	yes	yes	MATCHED	NCBI883	Lung	Healthy		Xenium	FFPE	NCBI883	Patient 28	THD0011	https://www.biorxiv.org/content/10.1101/2023.12.15.571954v2	https://www.ncbi.nlm.nih.gov/geo/query/acc.cgi?acc=GSE250346		Xenium	Image-based spatial transcriptomics identifies molecular niche dysregulation associated with distal lung remodeling in pulmonary fibrosis	Homo sapiens	Lung	Lung	Healthy	Control		FFPE	December 23, 2023							P28		no		E3_explicit	Bundled metadata explicitly supplies a patient value; it remains raw.
NCBI884	data/other_sources/hest1k/metadata/NCBI884.json	yes	yes	MATCHED	NCBI884	Lung	Healthy		Xenium	FFPE	NCBI884	Patient 27	THD0008	https://www.biorxiv.org/content/10.1101/2023.12.15.571954v2	https://www.ncbi.nlm.nih.gov/geo/query/acc.cgi?acc=GSE250346		Xenium	Image-based spatial transcriptomics identifies molecular niche dysregulation associated with distal lung remodeling in pulmonary fibrosis	Homo sapiens	Lung	Lung	Healthy	Control		FFPE	December 23, 2023							P27		no		E3_explicit	Bundled metadata explicitly supplies a patient value; it remains raw.
NCBI885	data/other_sources/hest1k/metadata/NCBI885.json	yes	yes	MATCHED	NCBI885	Lung	Healthy		Xenium	FFPE	NCBI885		NB_PDLTMA6-9	https://pmc.ncbi.nlm.nih.gov/articles/PMC12803277/	https://www.ncbi.nlm.nih.gov/geo/query/acc.cgi?acc=GSM9427184		Xenium	Fishing with Two Lines: A Hybrid Approach to Spatial Transcriptomic Discovery	Homo sapiens	Lung	Lung	Healthy			FFPE	January 7, 2026									no		E0_unknown	Bundled metadata does not establish patient identity.
NCBI886	data/other_sources/hest1k/metadata/NCBI886.json	yes	yes	MATCHED	NCBI886	Lung	Healthy		Xenium	FFPE	NCBI886		PDLTMA6-10-v1	https://pmc.ncbi.nlm.nih.gov/articles/PMC12803277/	https://www.ncbi.nlm.nih.gov/geo/query/acc.cgi?acc=GSM9427183		Xenium	Fishing with Two Lines: A Hybrid Approach to Spatial Transcriptomic Discovery	Homo sapiens	Lung	Lung	Healthy			FFPE	January 7, 2026									no		E0_unknown	Bundled metadata does not establish patient identity.
NCBI887	data/other_sources/hest1k/metadata/NCBI887.json	yes	yes	MATCHED	NCBI887	Lung	Healthy		Xenium 5k	FFPE	NCBI887		PDLTMA06-10_5K	https://pmc.ncbi.nlm.nih.gov/articles/PMC12803277/	https://www.ncbi.nlm.nih.gov/geo/query/acc.cgi?acc=GSM9427182		Xenium 5k	Fishing with Two Lines: A Hybrid Approach to Spatial Transcriptomic Discovery	Homo sapiens	Lung	Lung	Healthy			FFPE	January 7, 2026									no		E0_unknown	Bundled metadata does not establish patient identity.
NCBI888	data/other_sources/hest1k/metadata/NCBI888.json	yes	yes	MATCHED	NCBI888	Lung	Healthy		Xenium 5k	FFPE	NCBI888		PDLTMA06-11_5K	https://pmc.ncbi.nlm.nih.gov/articles/PMC12803277/	https://www.ncbi.nlm.nih.gov/geo/query/acc.cgi?acc=GSM9427181		Xenium 5k	Fishing with Two Lines: A Hybrid Approach to Spatial Transcriptomic Discovery	Homo sapiens	Lung	Lung	Healthy			FFPE	January 7, 2026									no		E0_unknown	Bundled metadata does not establish patient identity.
SPA0	data/other_sources/hest1k/metadata/SPA0.json	yes	yes	MATCHED	SPA0	Breast	Cancer	IDC	Spatial Transcriptomics		SPA0		Breast Cancer Layer 4	https://pubmed.ncbi.nlm.nih.gov/27365449/	https://www.spatialresearch.org/resources-published-datasets/doi-10-1126science-aaf2403/		Spatial Transcriptomics	Visualization and analysis of gene expression in tissue sections by spatial transcriptomics	Homo sapiens	Breast	Breast	Cancer		IDC		1 Jul 2016									no		E0_unknown	Bundled metadata does not establish patient identity.
SPA1	data/other_sources/hest1k/metadata/SPA1.json	yes	yes	MATCHED	SPA1	Breast	Cancer	IDC	Spatial Transcriptomics		SPA1		Breast Cancer Layer 3	https://pubmed.ncbi.nlm.nih.gov/27365449/	https://www.spatialresearch.org/resources-published-datasets/doi-10-1126science-aaf2403/		Spatial Transcriptomics	Visualization and analysis of gene expression in tissue sections by spatial transcriptomics	Homo sapiens	Breast	Breast	Cancer		IDC		1 Jul 2016									no		E0_unknown	Bundled metadata does not establish patient identity.
SPA100	data/other_sources/hest1k/metadata/SPA100.json	yes	yes	MATCHED	SPA100	Breast	Cancer	IDC	Spatial Transcriptomics		SPA100	BC23810	BC23810_E1	https://www.science.org/doi/10.1126/science.aaf2403	https://data.mendeley.com/datasets/29ntw7sh4r/5		Spatial Transcriptomics	Integrating spatial gene expression and breast tumour morphology via deep learning	Homo sapiens	Breast	Breast	Cancer	HER2_non_luminal	IDC		30 Nov 2021	CC BY 4.0								no		E3_explicit	Bundled metadata explicitly supplies a patient value; it remains raw.
SPA101	data/other_sources/hest1k/metadata/SPA101.json	yes	yes	MATCHED	SPA101	Breast	Cancer	IDC	Spatial Transcriptomics		SPA101	BC23810	BC23810_D2	https://www.science.org/doi/10.1126/science.aaf2403	https://data.mendeley.com/datasets/29ntw7sh4r/5		Spatial Transcriptomics	Integrating spatial gene expression and breast tumour morphology via deep learning	Homo sapiens	Breast	Breast	Cancer	HER2_non_luminal	IDC		30 Nov 2021	CC BY 4.0								no		E3_explicit	Bundled metadata explicitly supplies a patient value; it remains raw.
SPA102	data/other_sources/hest1k/metadata/SPA102.json	yes	yes	MATCHED	SPA102	Breast	Cancer	IDC	Spatial Transcriptomics		SPA102	BC23567	BC23567_E2	https://www.science.org/doi/10.1126/science.aaf2403	https://data.mendeley.com/datasets/29ntw7sh4r/5		Spatial Transcriptomics	Integrating spatial gene expression and breast tumour morphology via deep learning	Homo sapiens	Breast	Breast	Cancer	HER2_non_luminal	IDC		30 Nov 2021	CC BY 4.0								no		E3_explicit	Bundled metadata explicitly supplies a patient value; it remains raw.
SPA103	data/other_sources/hest1k/metadata/SPA103.json	yes	yes	MATCHED	SPA103	Breast	Cancer	IDC	Spatial Transcriptomics		SPA103	BC23567	BC23567_E1	https://www.science.org/doi/10.1126/science.aaf2403	https://data.mendeley.com/datasets/29ntw7sh4r/5		Spatial Transcriptomics	Integrating spatial gene expression and breast tumour morphology via deep learning	Homo sapiens	Breast	Breast	Cancer	HER2_non_luminal	IDC		30 Nov 2021	CC BY 4.0								no		E3_explicit	Bundled metadata explicitly supplies a patient value; it remains raw.
SPA104	data/other_sources/hest1k/metadata/SPA104.json	yes	yes	MATCHED	SPA104	Breast	Cancer	IDC	Spatial Transcriptomics		SPA104	BC23567	BC23567_D2	https://www.science.org/doi/10.1126/science.aaf2403	https://data.mendeley.com/datasets/29ntw7sh4r/5		Spatial Transcriptomics	Integrating spatial gene expression and breast tumour morphology via deep learning	Homo sapiens	Breast	Breast	Cancer	HER2_non_luminal	IDC		30 Nov 2021	CC BY 4.0								no		E3_explicit	Bundled metadata explicitly supplies a patient value; it remains raw.
SPA105	data/other_sources/hest1k/metadata/SPA105.json	yes	yes	MATCHED	SPA105	Breast	Cancer	IDC	Spatial Transcriptomics		SPA105	BC24220	BC24220_E2	https://www.science.org/doi/10.1126/science.aaf2403	https://data.mendeley.com/datasets/29ntw7sh4r/5		Spatial Transcriptomics	Integrating spatial gene expression and breast tumour morphology via deep learning	Homo sapiens	Breast	Breast	Cancer	HER2_luminal	IDC		30 Nov 2021	CC BY 4.0								no		E3_explicit	Bundled metadata explicitly supplies a patient value; it remains raw.
SPA106	data/other_sources/hest1k/metadata/SPA106.json	yes	yes	MATCHED	SPA106	Breast	Cancer	IDC	Spatial Transcriptomics		SPA106	BC24220	BC24220_E1	https://www.science.org/doi/10.1126/science.aaf2403	https://data.mendeley.com/datasets/29ntw7sh4r/5		Spatial Transcriptomics	Integrating spatial gene expression and breast tumour morphology via deep learning	Homo sapiens	Breast	Breast	Cancer	HER2_luminal	IDC		30 Nov 2021	CC BY 4.0								no		E3_explicit	Bundled metadata explicitly supplies a patient value; it remains raw.
SPA107	data/other_sources/hest1k/metadata/SPA107.json	yes	yes	MATCHED	SPA107	Breast	Cancer	IDC	Spatial Transcriptomics		SPA107	BC24220	BC24220_D2	https://www.science.org/doi/10.1126/science.aaf2403	https://data.mendeley.com/datasets/29ntw7sh4r/5		Spatial Transcriptomics	Integrating spatial gene expression and breast tumour morphology via deep learning	Homo sapiens	Breast	Breast	Cancer	HER2_luminal	IDC		30 Nov 2021	CC BY 4.0								no		E3_explicit	Bundled metadata explicitly supplies a patient value; it remains raw.
SPA108	data/other_sources/hest1k/metadata/SPA108.json	yes	yes	MATCHED	SPA108	Breast	Cancer	IDC	Spatial Transcriptomics		SPA108	BC23944	BC23944_E2	https://www.science.org/doi/10.1126/science.aaf2403	https://data.mendeley.com/datasets/29ntw7sh4r/5		Spatial Transcriptomics	Integrating spatial gene expression and breast tumour morphology via deep learning	Homo sapiens	Breast	Breast	Cancer	HER2_luminal	IDC		30 Nov 2021	CC BY 4.0								no		E3_explicit	Bundled metadata explicitly supplies a patient value; it remains raw.
SPA109	data/other_sources/hest1k/metadata/SPA109.json	yes	yes	MATCHED	SPA109	Breast	Cancer	IDC	Spatial Transcriptomics		SPA109	BC23944	BC23944_E1	https://www.science.org/doi/10.1126/science.aaf2403	https://data.mendeley.com/datasets/29ntw7sh4r/5		Spatial Transcriptomics	Integrating spatial gene expression and breast tumour morphology via deep learning	Homo sapiens	Breast	Breast	Cancer	HER2_luminal	IDC		30 Nov 2021	CC BY 4.0								no		E3_explicit	Bundled metadata explicitly supplies a patient value; it remains raw.
SPA110	data/other_sources/hest1k/metadata/SPA110.json	yes	yes	MATCHED	SPA110	Breast	Cancer	IDC	Spatial Transcriptomics		SPA110	BC23944	BC23944_D2	https://www.science.org/doi/10.1126/science.aaf2403	https://data.mendeley.com/datasets/29ntw7sh4r/5		Spatial Transcriptomics	Integrating spatial gene expression and breast tumour morphology via deep learning	Homo sapiens	Breast	Breast	Cancer	HER2_luminal	IDC		30 Nov 2021	CC BY 4.0								no		E3_explicit	Bundled metadata explicitly supplies a patient value; it remains raw.
SPA111	data/other_sources/hest1k/metadata/SPA111.json	yes	yes	MATCHED	SPA111	Breast	Cancer	IDC	Spatial Transcriptomics		SPA111	BC23901	BC23901_D1	https://www.science.org/doi/10.1126/science.aaf2403	https://data.mendeley.com/datasets/29ntw7sh4r/5		Spatial Transcriptomics	Integrating spatial gene expression and breast tumour morphology via deep learning	Homo sapiens	Breast	Breast	Cancer	HER2_luminal	IDC		30 Nov 2021	CC BY 4.0								no		E3_explicit	Bundled metadata explicitly supplies a patient value; it remains raw.
SPA112	data/other_sources/hest1k/metadata/SPA112.json	yes	yes	MATCHED	SPA112	Breast	Cancer	IDC	Spatial Transcriptomics		SPA112	BC23901	BC23901_C2	https://www.science.org/doi/10.1126/science.aaf2403	https://data.mendeley.com/datasets/29ntw7sh4r/5		Spatial Transcriptomics	Integrating spatial gene expression and breast tumour morphology via deep learning	Homo sapiens	Breast	Breast	Cancer	HER2_luminal	IDC		30 Nov 2021	CC BY 4.0								no		E3_explicit	Bundled metadata explicitly supplies a patient value; it remains raw.
SPA113	data/other_sources/hest1k/metadata/SPA113.json	yes	yes	MATCHED	SPA113	Breast	Cancer	IDC	Spatial Transcriptomics		SPA113	BC23450	BC23450_E2	https://www.science.org/doi/10.1126/science.aaf2403	https://data.mendeley.com/datasets/29ntw7sh4r/5		Spatial Transcriptomics	Integrating spatial gene expression and breast tumour morphology via deep learning	Homo sapiens	Breast	Breast	Cancer	HER2_luminal	IDC		30 Nov 2021	CC BY 4.0								no		E3_explicit	Bundled metadata explicitly supplies a patient value; it remains raw.
SPA114	data/other_sources/hest1k/metadata/SPA114.json	yes	yes	MATCHED	SPA114	Breast	Cancer	IDC	Spatial Transcriptomics		SPA114	BC23450	BC23450_E1	https://www.science.org/doi/10.1126/science.aaf2403	https://data.mendeley.com/datasets/29ntw7sh4r/5		Spatial Transcriptomics	Integrating spatial gene expression and breast tumour morphology via deep learning	Homo sapiens	Breast	Breast	Cancer	HER2_luminal	IDC		30 Nov 2021	CC BY 4.0								no		E3_explicit	Bundled metadata explicitly supplies a patient value; it remains raw.
SPA115	data/other_sources/hest1k/metadata/SPA115.json	yes	yes	MATCHED	SPA115	Breast	Cancer	IDC	Spatial Transcriptomics		SPA115	BC23450	BC23450_D2	https://www.science.org/doi/10.1126/science.aaf2403	https://data.mendeley.com/datasets/29ntw7sh4r/5		Spatial Transcriptomics	Integrating spatial gene expression and breast tumour morphology via deep learning	Homo sapiens	Breast	Breast	Cancer	HER2_luminal	IDC		30 Nov 2021	CC BY 4.0								no		E3_explicit	Bundled metadata explicitly supplies a patient value; it remains raw.
SPA116	data/other_sources/hest1k/metadata/SPA116.json	yes	yes	MATCHED	SPA116	Breast	Cancer	IDC	Spatial Transcriptomics		SPA116	BC23287	BC23287_D1	https://www.science.org/doi/10.1126/science.aaf2403	https://data.mendeley.com/datasets/29ntw7sh4r/5		Spatial Transcriptomics	Integrating spatial gene expression and breast tumour morphology via deep learning	Homo sapiens	Breast	Breast	Cancer	HER2_luminal	IDC		30 Nov 2021	CC BY 4.0								no		E3_explicit	Bundled metadata explicitly supplies a patient value; it remains raw.
SPA117	data/other_sources/hest1k/metadata/SPA117.json	yes	yes	MATCHED	SPA117	Breast	Cancer	IDC	Spatial Transcriptomics		SPA117	BC23287	BC23287_C2	https://www.science.org/doi/10.1126/science.aaf2403	https://data.mendeley.com/datasets/29ntw7sh4r/5		Spatial Transcriptomics	Integrating spatial gene expression and breast tumour morphology via deep learning	Homo sapiens	Breast	Breast	Cancer	HER2_luminal	IDC		30 Nov 2021	CC BY 4.0								no		E3_explicit	Bundled metadata explicitly supplies a patient value; it remains raw.
SPA118	data/other_sources/hest1k/metadata/SPA118.json	yes	yes	MATCHED	SPA118	Breast	Cancer	IDC	Spatial Transcriptomics		SPA118	BC23287	BC23287_C1	https://www.science.org/doi/10.1126/science.aaf2403	https://data.mendeley.com/datasets/29ntw7sh4r/5		Spatial Transcriptomics	Integrating spatial gene expression and breast tumour morphology via deep learning	Homo sapiens	Breast	Breast	Cancer	HER2_luminal	IDC		30 Nov 2021	CC BY 4.0								no		E3_explicit	Bundled metadata explicitly supplies a patient value; it remains raw.
SPA119	data/other_sources/hest1k/metadata/SPA119.json	yes	yes	MATCHED	SPA119	Breast	Cancer	IDC	Spatial Transcriptomics	Fresh Frozen	SPA119	Patient H	H3	https://pubmed.ncbi.nlm.nih.gov/34650042/	https://zenodo.org/records/4751624		Spatial Transcriptomics	Spatial deconvolution of HER2-positive breast cancer delineates tumor-associated cell type interactions	Homo sapiens	Breast	Breast	Cancer	HER2-positive breast cancer	IDC	Fresh Frozen	16 Sep 2021	Creative Commons Attribution 4.0 International								no		E3_explicit	Bundled metadata explicitly supplies a patient value; it remains raw.
SPA120	data/other_sources/hest1k/metadata/SPA120.json	yes	yes	MATCHED	SPA120	Breast	Cancer	IDC	Spatial Transcriptomics	Fresh Frozen	SPA120	Patient H	H2	https://pubmed.ncbi.nlm.nih.gov/34650042/	https://zenodo.org/records/4751624		Spatial Transcriptomics	Spatial deconvolution of HER2-positive breast cancer delineates tumor-associated cell type interactions	Homo sapiens	Breast	Breast	Cancer	HER2-positive breast cancer	IDC	Fresh Frozen	16 Sep 2021	Creative Commons Attribution 4.0 International								no		E3_explicit	Bundled metadata explicitly supplies a patient value; it remains raw.
SPA121	data/other_sources/hest1k/metadata/SPA121.json	yes	yes	MATCHED	SPA121	Breast	Cancer	IDC	Spatial Transcriptomics	Fresh Frozen	SPA121	Patient H	H1	https://pubmed.ncbi.nlm.nih.gov/34650042/	https://zenodo.org/records/4751624		Spatial Transcriptomics	Spatial deconvolution of HER2-positive breast cancer delineates tumor-associated cell type interactions	Homo sapiens	Breast	Breast	Cancer	HER2-positive breast cancer	IDC	Fresh Frozen	16 Sep 2021	Creative Commons Attribution 4.0 International								no		E3_explicit	Bundled metadata explicitly supplies a patient value; it remains raw.
SPA122	data/other_sources/hest1k/metadata/SPA122.json	yes	yes	MATCHED	SPA122	Breast	Cancer	IDC	Spatial Transcriptomics	Fresh Frozen	SPA122	Patient G	G3	https://pubmed.ncbi.nlm.nih.gov/34650042/	https://zenodo.org/records/4751624		Spatial Transcriptomics	Spatial deconvolution of HER2-positive breast cancer delineates tumor-associated cell type interactions	Homo sapiens	Breast	Breast	Cancer	HER2-positive breast cancer	IDC	Fresh Frozen	16 Sep 2021	Creative Commons Attribution 4.0 International								no		E3_explicit	Bundled metadata explicitly supplies a patient value; it remains raw.
SPA123	data/other_sources/hest1k/metadata/SPA123.json	yes	yes	MATCHED	SPA123	Breast	Cancer	IDC	Spatial Transcriptomics	Fresh Frozen	SPA123	Patient G	G2	https://pubmed.ncbi.nlm.nih.gov/34650042/	https://zenodo.org/records/4751624		Spatial Transcriptomics	Spatial deconvolution of HER2-positive breast cancer delineates tumor-associated cell type interactions	Homo sapiens	Breast	Breast	Cancer	HER2-positive breast cancer	IDC	Fresh Frozen	16 Sep 2021	Creative Commons Attribution 4.0 International								no		E3_explicit	Bundled metadata explicitly supplies a patient value; it remains raw.
SPA124	data/other_sources/hest1k/metadata/SPA124.json	yes	yes	MATCHED	SPA124	Breast	Cancer	IDC	Spatial Transcriptomics	Fresh Frozen	SPA124	Patient G	G1	https://pubmed.ncbi.nlm.nih.gov/34650042/	https://zenodo.org/records/4751624		Spatial Transcriptomics	Spatial deconvolution of HER2-positive breast cancer delineates tumor-associated cell type interactions	Homo sapiens	Breast	Breast	Cancer	HER2-positive breast cancer	IDC	Fresh Frozen	16 Sep 2021	Creative Commons Attribution 4.0 International								no		E3_explicit	Bundled metadata explicitly supplies a patient value; it remains raw.
SPA125	data/other_sources/hest1k/metadata/SPA125.json	yes	yes	MATCHED	SPA125	Breast	Cancer	IDC	Spatial Transcriptomics	Fresh Frozen	SPA125	Patient F	F3	https://pubmed.ncbi.nlm.nih.gov/34650042/	https://zenodo.org/records/4751624		Spatial Transcriptomics	Spatial deconvolution of HER2-positive breast cancer delineates tumor-associated cell type interactions	Homo sapiens	Breast	Breast	Cancer	HER2-positive breast cancer	IDC	Fresh Frozen	16 Sep 2021	Creative Commons Attribution 4.0 International								no		E3_explicit	Bundled metadata explicitly supplies a patient value; it remains raw.
SPA126	data/other_sources/hest1k/metadata/SPA126.json	yes	yes	MATCHED	SPA126	Breast	Cancer	IDC	Spatial Transcriptomics	Fresh Frozen	SPA126	Patient F	F2	https://pubmed.ncbi.nlm.nih.gov/34650042/	https://zenodo.org/records/4751624		Spatial Transcriptomics	Spatial deconvolution of HER2-positive breast cancer delineates tumor-associated cell type interactions	Homo sapiens	Breast	Breast	Cancer	HER2-positive breast cancer	IDC	Fresh Frozen	16 Sep 2021	Creative Commons Attribution 4.0 International								no		E3_explicit	Bundled metadata explicitly supplies a patient value; it remains raw.
SPA127	data/other_sources/hest1k/metadata/SPA127.json	yes	yes	MATCHED	SPA127	Breast	Cancer	IDC	Spatial Transcriptomics	Fresh Frozen	SPA127	Patient F	F1	https://pubmed.ncbi.nlm.nih.gov/34650042/	https://zenodo.org/records/4751624		Spatial Transcriptomics	Spatial deconvolution of HER2-positive breast cancer delineates tumor-associated cell type interactions	Homo sapiens	Breast	Breast	Cancer	HER2-positive breast cancer	IDC	Fresh Frozen	16 Sep 2021	Creative Commons Attribution 4.0 International								no		E3_explicit	Bundled metadata explicitly supplies a patient value; it remains raw.
SPA128	data/other_sources/hest1k/metadata/SPA128.json	yes	yes	MATCHED	SPA128	Breast	Cancer	IDC	Spatial Transcriptomics	Fresh Frozen	SPA128	Patient E	E3	https://pubmed.ncbi.nlm.nih.gov/34650042/	https://zenodo.org/records/4751624		Spatial Transcriptomics	Spatial deconvolution of HER2-positive breast cancer delineates tumor-associated cell type interactions	Homo sapiens	Breast	Breast	Cancer	HER2-positive breast cancer	IDC	Fresh Frozen	16 Sep 2021	Creative Commons Attribution 4.0 International								no		E3_explicit	Bundled metadata explicitly supplies a patient value; it remains raw.
SPA129	data/other_sources/hest1k/metadata/SPA129.json	yes	yes	MATCHED	SPA129	Breast	Cancer	IDC	Spatial Transcriptomics	Fresh Frozen	SPA129	Patient E	E2	https://pubmed.ncbi.nlm.nih.gov/34650042/	https://zenodo.org/records/4751624		Spatial Transcriptomics	Spatial deconvolution of HER2-positive breast cancer delineates tumor-associated cell type interactions	Homo sapiens	Breast	Breast	Cancer	HER2-positive breast cancer	IDC	Fresh Frozen	16 Sep 2021	Creative Commons Attribution 4.0 International								no		E3_explicit	Bundled metadata explicitly supplies a patient value; it remains raw.
SPA130	data/other_sources/hest1k/metadata/SPA130.json	yes	yes	MATCHED	SPA130	Breast	Cancer	IDC	Spatial Transcriptomics	Fresh Frozen	SPA130	Patient E	E1	https://pubmed.ncbi.nlm.nih.gov/34650042/	https://zenodo.org/records/4751624		Spatial Transcriptomics	Spatial deconvolution of HER2-positive breast cancer delineates tumor-associated cell type interactions	Homo sapiens	Breast	Breast	Cancer	HER2-positive breast cancer	IDC	Fresh Frozen	16 Sep 2021	Creative Commons Attribution 4.0 International								no		E3_explicit	Bundled metadata explicitly supplies a patient value; it remains raw.
SPA131	data/other_sources/hest1k/metadata/SPA131.json	yes	yes	MATCHED	SPA131	Breast	Cancer	IDC	Spatial Transcriptomics	Fresh Frozen	SPA131	Patient D	D6	https://pubmed.ncbi.nlm.nih.gov/34650042/	https://zenodo.org/records/4751624		Spatial Transcriptomics	Spatial deconvolution of HER2-positive breast cancer delineates tumor-associated cell type interactions	Homo sapiens	Breast	Breast	Cancer	HER2-positive breast cancer	IDC	Fresh Frozen	16 Sep 2021	Creative Commons Attribution 4.0 International								no		E3_explicit	Bundled metadata explicitly supplies a patient value; it remains raw.
SPA132	data/other_sources/hest1k/metadata/SPA132.json	yes	yes	MATCHED	SPA132	Breast	Cancer	IDC	Spatial Transcriptomics	Fresh Frozen	SPA132	Patient D	D5	https://pubmed.ncbi.nlm.nih.gov/34650042/	https://zenodo.org/records/4751624		Spatial Transcriptomics	Spatial deconvolution of HER2-positive breast cancer delineates tumor-associated cell type interactions	Homo sapiens	Breast	Breast	Cancer	HER2-positive breast cancer	IDC	Fresh Frozen	16 Sep 2021	Creative Commons Attribution 4.0 International								no		E3_explicit	Bundled metadata explicitly supplies a patient value; it remains raw.
SPA133	data/other_sources/hest1k/metadata/SPA133.json	yes	yes	MATCHED	SPA133	Breast	Cancer	IDC	Spatial Transcriptomics	Fresh Frozen	SPA133	Patient D	D4	https://pubmed.ncbi.nlm.nih.gov/34650042/	https://zenodo.org/records/4751624		Spatial Transcriptomics	Spatial deconvolution of HER2-positive breast cancer delineates tumor-associated cell type interactions	Homo sapiens	Breast	Breast	Cancer	HER2-positive breast cancer	IDC	Fresh Frozen	16 Sep 2021	Creative Commons Attribution 4.0 International								no		E3_explicit	Bundled metadata explicitly supplies a patient value; it remains raw.
SPA134	data/other_sources/hest1k/metadata/SPA134.json	yes	yes	MATCHED	SPA134	Breast	Cancer	IDC	Spatial Transcriptomics	Fresh Frozen	SPA134	Patient D	D3	https://pubmed.ncbi.nlm.nih.gov/34650042/	https://zenodo.org/records/4751624		Spatial Transcriptomics	Spatial deconvolution of HER2-positive breast cancer delineates tumor-associated cell type interactions	Homo sapiens	Breast	Breast	Cancer	HER2-positive breast cancer	IDC	Fresh Frozen	16 Sep 2021	Creative Commons Attribution 4.0 International								no		E3_explicit	Bundled metadata explicitly supplies a patient value; it remains raw.
SPA135	data/other_sources/hest1k/metadata/SPA135.json	yes	yes	MATCHED	SPA135	Breast	Cancer	IDC	Spatial Transcriptomics	Fresh Frozen	SPA135	Patient D	D2	https://pubmed.ncbi.nlm.nih.gov/34650042/	https://zenodo.org/records/4751624		Spatial Transcriptomics	Spatial deconvolution of HER2-positive breast cancer delineates tumor-associated cell type interactions	Homo sapiens	Breast	Breast	Cancer	HER2-positive breast cancer	IDC	Fresh Frozen	16 Sep 2021	Creative Commons Attribution 4.0 International								no		E3_explicit	Bundled metadata explicitly supplies a patient value; it remains raw.
SPA136	data/other_sources/hest1k/metadata/SPA136.json	yes	yes	MATCHED	SPA136	Breast	Cancer	IDC	Spatial Transcriptomics	Fresh Frozen	SPA136	Patient D	D1	https://pubmed.ncbi.nlm.nih.gov/34650042/	https://zenodo.org/records/4751624		Spatial Transcriptomics	Spatial deconvolution of HER2-positive breast cancer delineates tumor-associated cell type interactions	Homo sapiens	Breast	Breast	Cancer	HER2-positive breast cancer	IDC	Fresh Frozen	16 Sep 2021	Creative Commons Attribution 4.0 International								no		E3_explicit	Bundled metadata explicitly supplies a patient value; it remains raw.
SPA137	data/other_sources/hest1k/metadata/SPA137.json	yes	yes	MATCHED	SPA137	Breast	Cancer	IDC	Spatial Transcriptomics	Fresh Frozen	SPA137	Patient C	C6	https://pubmed.ncbi.nlm.nih.gov/34650042/	https://zenodo.org/records/4751624		Spatial Transcriptomics	Spatial deconvolution of HER2-positive breast cancer delineates tumor-associated cell type interactions	Homo sapiens	Breast	Breast	Cancer	HER2-positive breast cancer	IDC	Fresh Frozen	16 Sep 2021	Creative Commons Attribution 4.0 International								no		E3_explicit	Bundled metadata explicitly supplies a patient value; it remains raw.
SPA138	data/other_sources/hest1k/metadata/SPA138.json	yes	yes	MATCHED	SPA138	Breast	Cancer	IDC	Spatial Transcriptomics	Fresh Frozen	SPA138	Patient C	C5	https://pubmed.ncbi.nlm.nih.gov/34650042/	https://zenodo.org/records/4751624		Spatial Transcriptomics	Spatial deconvolution of HER2-positive breast cancer delineates tumor-associated cell type interactions	Homo sapiens	Breast	Breast	Cancer	HER2-positive breast cancer	IDC	Fresh Frozen	16 Sep 2021	Creative Commons Attribution 4.0 International								no		E3_explicit	Bundled metadata explicitly supplies a patient value; it remains raw.
SPA139	data/other_sources/hest1k/metadata/SPA139.json	yes	yes	MATCHED	SPA139	Breast	Cancer	IDC	Spatial Transcriptomics	Fresh Frozen	SPA139	Patient C	C4	https://pubmed.ncbi.nlm.nih.gov/34650042/	https://zenodo.org/records/4751624		Spatial Transcriptomics	Spatial deconvolution of HER2-positive breast cancer delineates tumor-associated cell type interactions	Homo sapiens	Breast	Breast	Cancer	HER2-positive breast cancer	IDC	Fresh Frozen	16 Sep 2021	Creative Commons Attribution 4.0 International								no		E3_explicit	Bundled metadata explicitly supplies a patient value; it remains raw.
SPA140	data/other_sources/hest1k/metadata/SPA140.json	yes	yes	MATCHED	SPA140	Breast	Cancer	IDC	Spatial Transcriptomics	Fresh Frozen	SPA140	Patient C	C3	https://pubmed.ncbi.nlm.nih.gov/34650042/	https://zenodo.org/records/4751624		Spatial Transcriptomics	Spatial deconvolution of HER2-positive breast cancer delineates tumor-associated cell type interactions	Homo sapiens	Breast	Breast	Cancer	HER2-positive breast cancer	IDC	Fresh Frozen	16 Sep 2021	Creative Commons Attribution 4.0 International								no		E3_explicit	Bundled metadata explicitly supplies a patient value; it remains raw.
SPA141	data/other_sources/hest1k/metadata/SPA141.json	yes	yes	MATCHED	SPA141	Breast	Cancer	IDC	Spatial Transcriptomics	Fresh Frozen	SPA141	Patient C	C2	https://pubmed.ncbi.nlm.nih.gov/34650042/	https://zenodo.org/records/4751624		Spatial Transcriptomics	Spatial deconvolution of HER2-positive breast cancer delineates tumor-associated cell type interactions	Homo sapiens	Breast	Breast	Cancer	HER2-positive breast cancer	IDC	Fresh Frozen	16 Sep 2021	Creative Commons Attribution 4.0 International								no		E3_explicit	Bundled metadata explicitly supplies a patient value; it remains raw.
SPA142	data/other_sources/hest1k/metadata/SPA142.json	yes	yes	MATCHED	SPA142	Breast	Cancer	IDC	Spatial Transcriptomics	Fresh Frozen	SPA142	Patient C	C1	https://pubmed.ncbi.nlm.nih.gov/34650042/	https://zenodo.org/records/4751624		Spatial Transcriptomics	Spatial deconvolution of HER2-positive breast cancer delineates tumor-associated cell type interactions	Homo sapiens	Breast	Breast	Cancer	HER2-positive breast cancer	IDC	Fresh Frozen	16 Sep 2021	Creative Commons Attribution 4.0 International								no		E3_explicit	Bundled metadata explicitly supplies a patient value; it remains raw.
SPA143	data/other_sources/hest1k/metadata/SPA143.json	yes	yes	MATCHED	SPA143	Breast	Cancer	IDC	Spatial Transcriptomics	Fresh Frozen	SPA143	Patient B	B6	https://pubmed.ncbi.nlm.nih.gov/34650042/	https://zenodo.org/records/4751624		Spatial Transcriptomics	Spatial deconvolution of HER2-positive breast cancer delineates tumor-associated cell type interactions	Homo sapiens	Breast	Breast	Cancer	HER2-positive breast cancer	IDC	Fresh Frozen	16 Sep 2021	Creative Commons Attribution 4.0 International								no		E3_explicit	Bundled metadata explicitly supplies a patient value; it remains raw.
SPA144	data/other_sources/hest1k/metadata/SPA144.json	yes	yes	MATCHED	SPA144	Breast	Cancer	IDC	Spatial Transcriptomics	Fresh Frozen	SPA144	Patient B	B5	https://pubmed.ncbi.nlm.nih.gov/34650042/	https://zenodo.org/records/4751624		Spatial Transcriptomics	Spatial deconvolution of HER2-positive breast cancer delineates tumor-associated cell type interactions	Homo sapiens	Breast	Breast	Cancer	HER2-positive breast cancer	IDC	Fresh Frozen	16 Sep 2021	Creative Commons Attribution 4.0 International								no		E3_explicit	Bundled metadata explicitly supplies a patient value; it remains raw.
SPA145	data/other_sources/hest1k/metadata/SPA145.json	yes	yes	MATCHED	SPA145	Breast	Cancer	IDC	Spatial Transcriptomics	Fresh Frozen	SPA145	Patient B	B4	https://pubmed.ncbi.nlm.nih.gov/34650042/	https://zenodo.org/records/4751624		Spatial Transcriptomics	Spatial deconvolution of HER2-positive breast cancer delineates tumor-associated cell type interactions	Homo sapiens	Breast	Breast	Cancer	HER2-positive breast cancer	IDC	Fresh Frozen	16 Sep 2021	Creative Commons Attribution 4.0 International								no		E3_explicit	Bundled metadata explicitly supplies a patient value; it remains raw.
SPA146	data/other_sources/hest1k/metadata/SPA146.json	yes	yes	MATCHED	SPA146	Breast	Cancer	IDC	Spatial Transcriptomics	Fresh Frozen	SPA146	Patient B	B3	https://pubmed.ncbi.nlm.nih.gov/34650042/	https://zenodo.org/records/4751624		Spatial Transcriptomics	Spatial deconvolution of HER2-positive breast cancer delineates tumor-associated cell type interactions	Homo sapiens	Breast	Breast	Cancer	HER2-positive breast cancer	IDC	Fresh Frozen	16 Sep 2021	Creative Commons Attribution 4.0 International								no		E3_explicit	Bundled metadata explicitly supplies a patient value; it remains raw.
SPA147	data/other_sources/hest1k/metadata/SPA147.json	yes	yes	MATCHED	SPA147	Breast	Cancer	IDC	Spatial Transcriptomics	Fresh Frozen	SPA147	Patient B	B2	https://pubmed.ncbi.nlm.nih.gov/34650042/	https://zenodo.org/records/4751624		Spatial Transcriptomics	Spatial deconvolution of HER2-positive breast cancer delineates tumor-associated cell type interactions	Homo sapiens	Breast	Breast	Cancer	HER2-positive breast cancer	IDC	Fresh Frozen	16 Sep 2021	Creative Commons Attribution 4.0 International								no		E3_explicit	Bundled metadata explicitly supplies a patient value; it remains raw.
SPA148	data/other_sources/hest1k/metadata/SPA148.json	yes	yes	MATCHED	SPA148	Breast	Cancer	IDC	Spatial Transcriptomics	Fresh Frozen	SPA148	Patient B	B1	https://pubmed.ncbi.nlm.nih.gov/34650042/	https://zenodo.org/records/4751624		Spatial Transcriptomics	Spatial deconvolution of HER2-positive breast cancer delineates tumor-associated cell type interactions	Homo sapiens	Breast	Breast	Cancer	HER2-positive breast cancer	IDC	Fresh Frozen	16 Sep 2021	Creative Commons Attribution 4.0 International								no		E3_explicit	Bundled metadata explicitly supplies a patient value; it remains raw.
SPA149	data/other_sources/hest1k/metadata/SPA149.json	yes	yes	MATCHED	SPA149	Breast	Cancer	IDC	Spatial Transcriptomics	Fresh Frozen	SPA149	Patient A	A6	https://pubmed.ncbi.nlm.nih.gov/34650042/	https://zenodo.org/records/4751624		Spatial Transcriptomics	Spatial deconvolution of HER2-positive breast cancer delineates tumor-associated cell type interactions	Homo sapiens	Breast	Breast	Cancer	HER2-positive breast cancer	IDC	Fresh Frozen	16 Sep 2021	Creative Commons Attribution 4.0 International								no		E3_explicit	Bundled metadata explicitly supplies a patient value; it remains raw.
SPA150	data/other_sources/hest1k/metadata/SPA150.json	yes	yes	MATCHED	SPA150	Breast	Cancer	IDC	Spatial Transcriptomics	Fresh Frozen	SPA150	Patient A	A5	https://pubmed.ncbi.nlm.nih.gov/34650042/	https://zenodo.org/records/4751624		Spatial Transcriptomics	Spatial deconvolution of HER2-positive breast cancer delineates tumor-associated cell type interactions	Homo sapiens	Breast	Breast	Cancer	HER2-positive breast cancer	IDC	Fresh Frozen	16 Sep 2021	Creative Commons Attribution 4.0 International								no		E3_explicit	Bundled metadata explicitly supplies a patient value; it remains raw.
SPA151	data/other_sources/hest1k/metadata/SPA151.json	yes	yes	MATCHED	SPA151	Breast	Cancer	IDC	Spatial Transcriptomics	Fresh Frozen	SPA151	Patient A	A4	https://pubmed.ncbi.nlm.nih.gov/34650042/	https://zenodo.org/records/4751624		Spatial Transcriptomics	Spatial deconvolution of HER2-positive breast cancer delineates tumor-associated cell type interactions	Homo sapiens	Breast	Breast	Cancer	HER2-positive breast cancer	IDC	Fresh Frozen	16 Sep 2021	Creative Commons Attribution 4.0 International								no		E3_explicit	Bundled metadata explicitly supplies a patient value; it remains raw.
SPA152	data/other_sources/hest1k/metadata/SPA152.json	yes	yes	MATCHED	SPA152	Breast	Cancer	IDC	Spatial Transcriptomics	Fresh Frozen	SPA152	Patient A	A3	https://pubmed.ncbi.nlm.nih.gov/34650042/	https://zenodo.org/records/4751624		Spatial Transcriptomics	Spatial deconvolution of HER2-positive breast cancer delineates tumor-associated cell type interactions	Homo sapiens	Breast	Breast	Cancer	HER2-positive breast cancer	IDC	Fresh Frozen	16 Sep 2021	Creative Commons Attribution 4.0 International								no		E3_explicit	Bundled metadata explicitly supplies a patient value; it remains raw.
SPA153	data/other_sources/hest1k/metadata/SPA153.json	yes	yes	MATCHED	SPA153	Breast	Cancer	IDC	Spatial Transcriptomics	Fresh Frozen	SPA153	Patient A	A2	https://pubmed.ncbi.nlm.nih.gov/34650042/	https://zenodo.org/records/4751624		Spatial Transcriptomics	Spatial deconvolution of HER2-positive breast cancer delineates tumor-associated cell type interactions	Homo sapiens	Breast	Breast	Cancer	HER2-positive breast cancer	IDC	Fresh Frozen	16 Sep 2021	Creative Commons Attribution 4.0 International								no		E3_explicit	Bundled metadata explicitly supplies a patient value; it remains raw.
SPA154	data/other_sources/hest1k/metadata/SPA154.json	yes	yes	MATCHED	SPA154	Breast	Cancer	IDC	Spatial Transcriptomics	Fresh Frozen	SPA154	Patient A	A1	https://pubmed.ncbi.nlm.nih.gov/34650042/	https://zenodo.org/records/4751624		Spatial Transcriptomics	Spatial deconvolution of HER2-positive breast cancer delineates tumor-associated cell type interactions	Homo sapiens	Breast	Breast	Cancer	HER2-positive breast cancer	IDC	Fresh Frozen	16 Sep 2021	Creative Commons Attribution 4.0 International								no		E3_explicit	Bundled metadata explicitly supplies a patient value; it remains raw.
SPA2	data/other_sources/hest1k/metadata/SPA2.json	yes	yes	MATCHED	SPA2	Breast	Cancer	IDC	Spatial Transcriptomics		SPA2		Breast Cancer Layer 2	https://pubmed.ncbi.nlm.nih.gov/27365449/	https://www.spatialresearch.org/resources-published-datasets/doi-10-1126science-aaf2403/		Spatial Transcriptomics	Visualization and analysis of gene expression in tissue sections by spatial transcriptomics	Homo sapiens	Breast	Breast	Cancer		IDC		1 Jul 2016									no		E0_unknown	Bundled metadata does not establish patient identity.
SPA3	data/other_sources/hest1k/metadata/SPA3.json	yes	yes	MATCHED	SPA3	Breast	Cancer	IDC	Spatial Transcriptomics		SPA3		Breast Cancer Layer 1	https://pubmed.ncbi.nlm.nih.gov/27365449/	https://www.spatialresearch.org/resources-published-datasets/doi-10-1126science-aaf2403/		Spatial Transcriptomics	Visualization and analysis of gene expression in tissue sections by spatial transcriptomics	Homo sapiens	Breast	Breast	Cancer		IDC		1 Jul 2016									no		E0_unknown	Bundled metadata does not establish patient identity.
SPA30	data/other_sources/hest1k/metadata/SPA30.json	yes	yes	MATCHED	SPA30	Heart	Healthy		Spatial Transcriptomics	Snap Frozen	SPA30		ST_Sample_9PCW_6	https://www.sciencedirect.com/science/article/pii/S0092867419312826?via%3Dihub	https://data.mendeley.com/datasets/mbvhhf8m62/2		Spatial Transcriptomics	A spatiotemporal organ-wide gene expression and cell atlas of the developing human heart	Homo sapiens	Heart	Heart	Healthy	9 Post Conception Week		Snap Frozen	16 Dec 2019	CC BY 4.0								no		E0_unknown	Bundled metadata does not establish patient identity.
SPA31	data/other_sources/hest1k/metadata/SPA31.json	yes	yes	MATCHED	SPA31	Heart	Healthy		Spatial Transcriptomics	Snap Frozen	SPA31		ST_Sample_9PCW_5	https://www.sciencedirect.com/science/article/pii/S0092867419312826?via%3Dihub	https://data.mendeley.com/datasets/mbvhhf8m62/2		Spatial Transcriptomics	A spatiotemporal organ-wide gene expression and cell atlas of the developing human heart	Homo sapiens	Heart	Heart	Healthy	9 Post Conception Week		Snap Frozen	16 Dec 2019	CC BY 4.0								no		E0_unknown	Bundled metadata does not establish patient identity.
SPA32	data/other_sources/hest1k/metadata/SPA32.json	yes	yes	MATCHED	SPA32	Heart	Healthy		Spatial Transcriptomics	Snap Frozen	SPA32		ST_Sample_9PCW_4	https://www.sciencedirect.com/science/article/pii/S0092867419312826?via%3Dihub	https://data.mendeley.com/datasets/mbvhhf8m62/2		Spatial Transcriptomics	A spatiotemporal organ-wide gene expression and cell atlas of the developing human heart	Homo sapiens	Heart	Heart	Healthy	9 Post Conception Week		Snap Frozen	16 Dec 2019	CC BY 4.0								no		E0_unknown	Bundled metadata does not establish patient identity.
SPA33	data/other_sources/hest1k/metadata/SPA33.json	yes	yes	MATCHED	SPA33	Heart	Healthy		Spatial Transcriptomics	Snap Frozen	SPA33		ST_Sample_9PCW_3	https://www.sciencedirect.com/science/article/pii/S0092867419312826?via%3Dihub	https://data.mendeley.com/datasets/mbvhhf8m62/2		Spatial Transcriptomics	A spatiotemporal organ-wide gene expression and cell atlas of the developing human heart	Homo sapiens	Heart	Heart	Healthy	9 Post Conception Week		Snap Frozen	16 Dec 2019	CC BY 4.0								no		E0_unknown	Bundled metadata does not establish patient identity.
SPA34	data/other_sources/hest1k/metadata/SPA34.json	yes	yes	MATCHED	SPA34	Heart	Healthy		Spatial Transcriptomics	Snap Frozen	SPA34		ST_Sample_9PCW_2	https://www.sciencedirect.com/science/article/pii/S0092867419312826?via%3Dihub	https://data.mendeley.com/datasets/mbvhhf8m62/2		Spatial Transcriptomics	A spatiotemporal organ-wide gene expression and cell atlas of the developing human heart	Homo sapiens	Heart	Heart	Healthy	9 Post Conception Week		Snap Frozen	16 Dec 2019	CC BY 4.0								no		E0_unknown	Bundled metadata does not establish patient identity.
SPA35	data/other_sources/hest1k/metadata/SPA35.json	yes	yes	MATCHED	SPA35	Heart	Healthy		Spatial Transcriptomics	Snap Frozen	SPA35		ST_Sample_9PCW_1	https://www.sciencedirect.com/science/article/pii/S0092867419312826?via%3Dihub	https://data.mendeley.com/datasets/mbvhhf8m62/2		Spatial Transcriptomics	A spatiotemporal organ-wide gene expression and cell atlas of the developing human heart	Homo sapiens	Heart	Heart	Healthy	9 Post Conception Week		Snap Frozen	16 Dec 2019	CC BY 4.0								no		E0_unknown	Bundled metadata does not establish patient identity.
SPA36	data/other_sources/hest1k/metadata/SPA36.json	yes	yes	MATCHED	SPA36	Heart	Healthy		Spatial Transcriptomics	Snap Frozen	SPA36		ST_Sample_6.5PCW_9	https://www.sciencedirect.com/science/article/pii/S0092867419312826?via%3Dihub	https://data.mendeley.com/datasets/mbvhhf8m62/2		Spatial Transcriptomics	A spatiotemporal organ-wide gene expression and cell atlas of the developing human heart	Homo sapiens	Heart	Heart	Healthy	6.5 Post Conception Week		Snap Frozen	16 Dec 2019	CC BY 4.0								no		E0_unknown	Bundled metadata does not establish patient identity.
SPA37	data/other_sources/hest1k/metadata/SPA37.json	yes	yes	MATCHED	SPA37	Heart	Healthy		Spatial Transcriptomics	Snap Frozen	SPA37		ST_Sample_6.5PCW_8	https://www.sciencedirect.com/science/article/pii/S0092867419312826?via%3Dihub	https://data.mendeley.com/datasets/mbvhhf8m62/2		Spatial Transcriptomics	A spatiotemporal organ-wide gene expression and cell atlas of the developing human heart	Homo sapiens	Heart	Heart	Healthy	6.5 Post Conception Week		Snap Frozen	16 Dec 2019	CC BY 4.0								no		E0_unknown	Bundled metadata does not establish patient identity.
SPA38	data/other_sources/hest1k/metadata/SPA38.json	yes	yes	MATCHED	SPA38	Heart	Healthy		Spatial Transcriptomics	Snap Frozen	SPA38		ST_Sample_6.5PCW_7	https://www.sciencedirect.com/science/article/pii/S0092867419312826?via%3Dihub	https://data.mendeley.com/datasets/mbvhhf8m62/2		Spatial Transcriptomics	A spatiotemporal organ-wide gene expression and cell atlas of the developing human heart	Homo sapiens	Heart	Heart	Healthy	6.5 Post Conception Week		Snap Frozen	16 Dec 2019	CC BY 4.0								no		E0_unknown	Bundled metadata does not establish patient identity.
SPA39	data/other_sources/hest1k/metadata/SPA39.json	yes	yes	MATCHED	SPA39	Heart	Healthy		Spatial Transcriptomics	Snap Frozen	SPA39		ST_Sample_6.5PCW_6	https://www.sciencedirect.com/science/article/pii/S0092867419312826?via%3Dihub	https://data.mendeley.com/datasets/mbvhhf8m62/2		Spatial Transcriptomics	A spatiotemporal organ-wide gene expression and cell atlas of the developing human heart	Homo sapiens	Heart	Heart	Healthy	6.5 Post Conception Week		Snap Frozen	16 Dec 2019	CC BY 4.0								no		E0_unknown	Bundled metadata does not establish patient identity.
SPA40	data/other_sources/hest1k/metadata/SPA40.json	yes	yes	MATCHED	SPA40	Heart	Healthy		Spatial Transcriptomics	Snap Frozen	SPA40		ST_Sample_6.5PCW_5	https://www.sciencedirect.com/science/article/pii/S0092867419312826?via%3Dihub	https://data.mendeley.com/datasets/mbvhhf8m62/2		Spatial Transcriptomics	A spatiotemporal organ-wide gene expression and cell atlas of the developing human heart	Homo sapiens	Heart	Heart	Healthy	6.5 Post Conception Week		Snap Frozen	16 Dec 2019	CC BY 4.0								no		E0_unknown	Bundled metadata does not establish patient identity.
SPA41	data/other_sources/hest1k/metadata/SPA41.json	yes	yes	MATCHED	SPA41	Heart	Healthy		Spatial Transcriptomics	Snap Frozen	SPA41		ST_Sample_6.5PCW_4	https://www.sciencedirect.com/science/article/pii/S0092867419312826?via%3Dihub	https://data.mendeley.com/datasets/mbvhhf8m62/2		Spatial Transcriptomics	A spatiotemporal organ-wide gene expression and cell atlas of the developing human heart	Homo sapiens	Heart	Heart	Healthy	6.5 Post Conception Week		Snap Frozen	16 Dec 2019	CC BY 4.0								no		E0_unknown	Bundled metadata does not establish patient identity.
SPA42	data/other_sources/hest1k/metadata/SPA42.json	yes	yes	MATCHED	SPA42	Heart	Healthy		Spatial Transcriptomics	Snap Frozen	SPA42		ST_Sample_6.5PCW_3	https://www.sciencedirect.com/science/article/pii/S0092867419312826?via%3Dihub	https://data.mendeley.com/datasets/mbvhhf8m62/2		Spatial Transcriptomics	A spatiotemporal organ-wide gene expression and cell atlas of the developing human heart	Homo sapiens	Heart	Heart	Healthy	6.5 Post Conception Week		Snap Frozen	16 Dec 2019	CC BY 4.0								no		E0_unknown	Bundled metadata does not establish patient identity.
SPA43	data/other_sources/hest1k/metadata/SPA43.json	yes	yes	MATCHED	SPA43	Heart	Healthy		Spatial Transcriptomics	Snap Frozen	SPA43		ST_Sample_6.5PCW_2	https://www.sciencedirect.com/science/article/pii/S0092867419312826?via%3Dihub	https://data.mendeley.com/datasets/mbvhhf8m62/2		Spatial Transcriptomics	A spatiotemporal organ-wide gene expression and cell atlas of the developing human heart	Homo sapiens	Heart	Heart	Healthy	6.5 Post Conception Week		Snap Frozen	16 Dec 2019	CC BY 4.0								no		E0_unknown	Bundled metadata does not establish patient identity.
SPA44	data/other_sources/hest1k/metadata/SPA44.json	yes	yes	MATCHED	SPA44	Heart	Healthy		Spatial Transcriptomics	Snap Frozen	SPA44		ST_Sample_6.5PCW_1	https://www.sciencedirect.com/science/article/pii/S0092867419312826?via%3Dihub	https://data.mendeley.com/datasets/mbvhhf8m62/2		Spatial Transcriptomics	A spatiotemporal organ-wide gene expression and cell atlas of the developing human heart	Homo sapiens	Heart	Heart	Healthy	6.5 Post Conception Week		Snap Frozen	16 Dec 2019	CC BY 4.0								no		E0_unknown	Bundled metadata does not establish patient identity.
SPA45	data/other_sources/hest1k/metadata/SPA45.json	yes	yes	MATCHED	SPA45	Heart	Healthy		Spatial Transcriptomics	Snap Frozen	SPA45		ST_Sample_4.5-5PCW_4	https://www.sciencedirect.com/science/article/pii/S0092867419312826?via%3Dihub	https://data.mendeley.com/datasets/mbvhhf8m62/2		Spatial Transcriptomics	A spatiotemporal organ-wide gene expression and cell atlas of the developing human heart	Homo sapiens	Heart	Heart	Healthy	4.5-5 Post Conception Week		Snap Frozen	16 Dec 2019	CC BY 4.0								no		E0_unknown	Bundled metadata does not establish patient identity.
SPA46	data/other_sources/hest1k/metadata/SPA46.json	yes	yes	MATCHED	SPA46	Heart	Healthy		Spatial Transcriptomics	Snap Frozen	SPA46		ST_Sample_4.5-5PCW_3	https://www.sciencedirect.com/science/article/pii/S0092867419312826?via%3Dihub	https://data.mendeley.com/datasets/mbvhhf8m62/2		Spatial Transcriptomics	A spatiotemporal organ-wide gene expression and cell atlas of the developing human heart	Homo sapiens	Heart	Heart	Healthy	4.5-5 Post Conception Week		Snap Frozen	16 Dec 2019	CC BY 4.0								no		E0_unknown	Bundled metadata does not establish patient identity.
SPA47	data/other_sources/hest1k/metadata/SPA47.json	yes	yes	MATCHED	SPA47	Heart	Healthy		Spatial Transcriptomics	Snap Frozen	SPA47		ST_Sample_4.5-5PCW_2	https://www.sciencedirect.com/science/article/pii/S0092867419312826?via%3Dihub	https://data.mendeley.com/datasets/mbvhhf8m62/2		Spatial Transcriptomics	A spatiotemporal organ-wide gene expression and cell atlas of the developing human heart	Homo sapiens	Heart	Heart	Healthy	4.5-5 Post Conception Week		Snap Frozen	16 Dec 2019	CC BY 4.0								no		E0_unknown	Bundled metadata does not establish patient identity.
SPA48	data/other_sources/hest1k/metadata/SPA48.json	yes	yes	MATCHED	SPA48	Heart	Healthy		Spatial Transcriptomics	Snap Frozen	SPA48		ST_Sample_4.5-5PCW_1	https://www.sciencedirect.com/science/article/pii/S0092867419312826?via%3Dihub	https://data.mendeley.com/datasets/mbvhhf8m62/2		Spatial Transcriptomics	A spatiotemporal organ-wide gene expression and cell atlas of the developing human heart	Homo sapiens	Heart	Heart	Healthy	4.5-5 Post Conception Week		Snap Frozen	16 Dec 2019	CC BY 4.0								no		E0_unknown	Bundled metadata does not establish patient identity.
SPA51	data/other_sources/hest1k/metadata/SPA51.json	yes	yes	MATCHED	SPA51	Breast	Cancer	IDC	Spatial Transcriptomics		SPA51	BC23803	BC23803_E2	https://www.science.org/doi/10.1126/science.aaf2403	https://data.mendeley.com/datasets/29ntw7sh4r/5		Spatial Transcriptomics	Integrating spatial gene expression and breast tumour morphology via deep learning	Homo sapiens	Breast	Breast	Cancer	TNBC	IDC		30 Nov 2021	CC BY 4.0								no		E3_explicit	Bundled metadata explicitly supplies a patient value; it remains raw.
SPA52	data/other_sources/hest1k/metadata/SPA52.json	yes	yes	MATCHED	SPA52	Breast	Cancer	IDC	Spatial Transcriptomics		SPA52	BC23803	BC23803_E1	https://www.science.org/doi/10.1126/science.aaf2403	https://data.mendeley.com/datasets/29ntw7sh4r/5		Spatial Transcriptomics	Integrating spatial gene expression and breast tumour morphology via deep learning	Homo sapiens	Breast	Breast	Cancer	TNBC	IDC		30 Nov 2021	CC BY 4.0								no		E3_explicit	Bundled metadata explicitly supplies a patient value; it remains raw.
SPA53	data/other_sources/hest1k/metadata/SPA53.json	yes	yes	MATCHED	SPA53	Breast	Cancer	IDC	Spatial Transcriptomics		SPA53	BC23803	BC23803_D2	https://www.science.org/doi/10.1126/science.aaf2403	https://data.mendeley.com/datasets/29ntw7sh4r/5		Spatial Transcriptomics	Integrating spatial gene expression and breast tumour morphology via deep learning	Homo sapiens	Breast	Breast	Cancer	TNBC	IDC		30 Nov 2021	CC BY 4.0								no		E3_explicit	Bundled metadata explicitly supplies a patient value; it remains raw.
SPA54	data/other_sources/hest1k/metadata/SPA54.json	yes	yes	MATCHED	SPA54	Breast	Cancer	IDC	Spatial Transcriptomics		SPA54	BC23377	BC23377_D1	https://www.science.org/doi/10.1126/science.aaf2403	https://data.mendeley.com/datasets/29ntw7sh4r/5		Spatial Transcriptomics	Integrating spatial gene expression and breast tumour morphology via deep learning	Homo sapiens	Breast	Breast	Cancer	TNBC	IDC		30 Nov 2021	CC BY 4.0								no		E3_explicit	Bundled metadata explicitly supplies a patient value; it remains raw.
SPA55	data/other_sources/hest1k/metadata/SPA55.json	yes	yes	MATCHED	SPA55	Breast	Cancer	IDC	Spatial Transcriptomics		SPA55	BC23377	BC23377_C2	https://www.science.org/doi/10.1126/science.aaf2403	https://data.mendeley.com/datasets/29ntw7sh4r/5		Spatial Transcriptomics	Integrating spatial gene expression and breast tumour morphology via deep learning	Homo sapiens	Breast	Breast	Cancer	TNBC	IDC		30 Nov 2021	CC BY 4.0								no		E3_explicit	Bundled metadata explicitly supplies a patient value; it remains raw.
SPA56	data/other_sources/hest1k/metadata/SPA56.json	yes	yes	MATCHED	SPA56	Breast	Cancer	IDC	Spatial Transcriptomics		SPA56	BC23377	BC23377_C1	https://www.science.org/doi/10.1126/science.aaf2403	https://data.mendeley.com/datasets/29ntw7sh4r/5		Spatial Transcriptomics	Integrating spatial gene expression and breast tumour morphology via deep learning	Homo sapiens	Breast	Breast	Cancer	TNBC	IDC		30 Nov 2021	CC BY 4.0								no		E3_explicit	Bundled metadata explicitly supplies a patient value; it remains raw.
SPA57	data/other_sources/hest1k/metadata/SPA57.json	yes	yes	MATCHED	SPA57	Breast	Cancer	IDC	Spatial Transcriptomics		SPA57	BC23288	BC23288_E2	https://www.science.org/doi/10.1126/science.aaf2403	https://data.mendeley.com/datasets/29ntw7sh4r/5		Spatial Transcriptomics	Integrating spatial gene expression and breast tumour morphology via deep learning	Homo sapiens	Breast	Breast	Cancer	TNBC	IDC		30 Nov 2021	CC BY 4.0								no		E3_explicit	Bundled metadata explicitly supplies a patient value; it remains raw.
SPA58	data/other_sources/hest1k/metadata/SPA58.json	yes	yes	MATCHED	SPA58	Breast	Cancer	IDC	Spatial Transcriptomics		SPA58	BC23288	BC23288_E1	https://www.science.org/doi/10.1126/science.aaf2403	https://data.mendeley.com/datasets/29ntw7sh4r/5		Spatial Transcriptomics	Integrating spatial gene expression and breast tumour morphology via deep learning	Homo sapiens	Breast	Breast	Cancer	TNBC	IDC		30 Nov 2021	CC BY 4.0								no		E3_explicit	Bundled metadata explicitly supplies a patient value; it remains raw.
SPA59	data/other_sources/hest1k/metadata/SPA59.json	yes	yes	MATCHED	SPA59	Breast	Cancer	IDC	Spatial Transcriptomics		SPA59	BC23288	BC23288_D2	https://www.science.org/doi/10.1126/science.aaf2403	https://data.mendeley.com/datasets/29ntw7sh4r/5		Spatial Transcriptomics	Integrating spatial gene expression and breast tumour morphology via deep learning	Homo sapiens	Breast	Breast	Cancer	TNBC	IDC		30 Nov 2021	CC BY 4.0								no		E3_explicit	Bundled metadata explicitly supplies a patient value; it remains raw.
SPA60	data/other_sources/hest1k/metadata/SPA60.json	yes	yes	MATCHED	SPA60	Breast	Cancer	IDC	Spatial Transcriptomics		SPA60	BC23209	BC23209_D1	https://www.science.org/doi/10.1126/science.aaf2403	https://data.mendeley.com/datasets/29ntw7sh4r/5		Spatial Transcriptomics	Integrating spatial gene expression and breast tumour morphology via deep learning	Homo sapiens	Breast	Breast	Cancer	TNBC	IDC		30 Nov 2021	CC BY 4.0								no		E3_explicit	Bundled metadata explicitly supplies a patient value; it remains raw.
SPA61	data/other_sources/hest1k/metadata/SPA61.json	yes	yes	MATCHED	SPA61	Breast	Cancer	IDC	Spatial Transcriptomics		SPA61	BC23209	BC23209_C2	https://www.science.org/doi/10.1126/science.aaf2403	https://data.mendeley.com/datasets/29ntw7sh4r/5		Spatial Transcriptomics	Integrating spatial gene expression and breast tumour morphology via deep learning	Homo sapiens	Breast	Breast	Cancer	TNBC	IDC		30 Nov 2021	CC BY 4.0								no		E3_explicit	Bundled metadata explicitly supplies a patient value; it remains raw.
SPA62	data/other_sources/hest1k/metadata/SPA62.json	yes	yes	MATCHED	SPA62	Breast	Cancer	IDC	Spatial Transcriptomics		SPA62	BC23209	BC23209_C1	https://www.science.org/doi/10.1126/science.aaf2403	https://data.mendeley.com/datasets/29ntw7sh4r/5		Spatial Transcriptomics	Integrating spatial gene expression and breast tumour morphology via deep learning	Homo sapiens	Breast	Breast	Cancer	TNBC	IDC		30 Nov 2021	CC BY 4.0								no		E3_explicit	Bundled metadata explicitly supplies a patient value; it remains raw.
SPA63	data/other_sources/hest1k/metadata/SPA63.json	yes	yes	MATCHED	SPA63	Breast	Cancer	IDC	Spatial Transcriptomics		SPA63	BC23895	BC23895_D1	https://www.science.org/doi/10.1126/science.aaf2403	https://data.mendeley.com/datasets/29ntw7sh4r/5		Spatial Transcriptomics	Integrating spatial gene expression and breast tumour morphology via deep learning	Homo sapiens	Breast	Breast	Cancer	Luminal_B	IDC		30 Nov 2021	CC BY 4.0								no		E3_explicit	Bundled metadata explicitly supplies a patient value; it remains raw.
SPA64	data/other_sources/hest1k/metadata/SPA64.json	yes	yes	MATCHED	SPA64	Breast	Cancer	IDC	Spatial Transcriptomics		SPA64	BC23895	BC23895_C2	https://www.science.org/doi/10.1126/science.aaf2403	https://data.mendeley.com/datasets/29ntw7sh4r/5		Spatial Transcriptomics	Integrating spatial gene expression and breast tumour morphology via deep learning	Homo sapiens	Breast	Breast	Cancer	Luminal_B	IDC		30 Nov 2021	CC BY 4.0								no		E3_explicit	Bundled metadata explicitly supplies a patient value; it remains raw.
SPA65	data/other_sources/hest1k/metadata/SPA65.json	yes	yes	MATCHED	SPA65	Breast	Cancer	IDC	Spatial Transcriptomics		SPA65	BC23895	BC23895_C1	https://www.science.org/doi/10.1126/science.aaf2403	https://data.mendeley.com/datasets/29ntw7sh4r/5		Spatial Transcriptomics	Integrating spatial gene expression and breast tumour morphology via deep learning	Homo sapiens	Breast	Breast	Cancer	Luminal_B	IDC		30 Nov 2021	CC BY 4.0								no		E3_explicit	Bundled metadata explicitly supplies a patient value; it remains raw.
SPA66	data/other_sources/hest1k/metadata/SPA66.json	yes	yes	MATCHED	SPA66	Breast	Cancer	IDC	Spatial Transcriptomics		SPA66	BC23508	BC23508_E2	https://www.science.org/doi/10.1126/science.aaf2403	https://data.mendeley.com/datasets/29ntw7sh4r/5		Spatial Transcriptomics	Integrating spatial gene expression and breast tumour morphology via deep learning	Homo sapiens	Breast	Breast	Cancer	Luminal_B	IDC		30 Nov 2021	CC BY 4.0								no		E3_explicit	Bundled metadata explicitly supplies a patient value; it remains raw.
SPA67	data/other_sources/hest1k/metadata/SPA67.json	yes	yes	MATCHED	SPA67	Breast	Cancer	IDC	Spatial Transcriptomics		SPA67	BC23508	BC23508_E1	https://www.science.org/doi/10.1126/science.aaf2403	https://data.mendeley.com/datasets/29ntw7sh4r/5		Spatial Transcriptomics	Integrating spatial gene expression and breast tumour morphology via deep learning	Homo sapiens	Breast	Breast	Cancer	Luminal_B	IDC		30 Nov 2021	CC BY 4.0								no		E3_explicit	Bundled metadata explicitly supplies a patient value; it remains raw.
SPA68	data/other_sources/hest1k/metadata/SPA68.json	yes	yes	MATCHED	SPA68	Breast	Cancer	IDC	Spatial Transcriptomics		SPA68	BC23508	BC23508_D2	https://www.science.org/doi/10.1126/science.aaf2403	https://data.mendeley.com/datasets/29ntw7sh4r/5		Spatial Transcriptomics	Integrating spatial gene expression and breast tumour morphology via deep learning	Homo sapiens	Breast	Breast	Cancer	Luminal_B	IDC		30 Nov 2021	CC BY 4.0								no		E3_explicit	Bundled metadata explicitly supplies a patient value; it remains raw.
SPA69	data/other_sources/hest1k/metadata/SPA69.json	yes	yes	MATCHED	SPA69	Breast	Cancer	IDC	Spatial Transcriptomics		SPA69	BC23506	BC23506_D1	https://www.science.org/doi/10.1126/science.aaf2403	https://data.mendeley.com/datasets/29ntw7sh4r/5		Spatial Transcriptomics	Integrating spatial gene expression and breast tumour morphology via deep learning	Homo sapiens	Breast	Breast	Cancer	Luminal_B	IDC		30 Nov 2021	CC BY 4.0								no		E3_explicit	Bundled metadata explicitly supplies a patient value; it remains raw.
SPA70	data/other_sources/hest1k/metadata/SPA70.json	yes	yes	MATCHED	SPA70	Breast	Cancer	IDC	Spatial Transcriptomics		SPA70	BC23506	BC23506_C2	https://www.science.org/doi/10.1126/science.aaf2403	https://data.mendeley.com/datasets/29ntw7sh4r/5		Spatial Transcriptomics	Integrating spatial gene expression and breast tumour morphology via deep learning	Homo sapiens	Breast	Breast	Cancer	Luminal_B	IDC		30 Nov 2021	CC BY 4.0								no		E3_explicit	Bundled metadata explicitly supplies a patient value; it remains raw.
SPA71	data/other_sources/hest1k/metadata/SPA71.json	yes	yes	MATCHED	SPA71	Breast	Cancer	IDC	Spatial Transcriptomics		SPA71	BC23506	BC23506_C1	https://www.science.org/doi/10.1126/science.aaf2403	https://data.mendeley.com/datasets/29ntw7sh4r/5		Spatial Transcriptomics	Integrating spatial gene expression and breast tumour morphology via deep learning	Homo sapiens	Breast	Breast	Cancer	Luminal_B	IDC		30 Nov 2021	CC BY 4.0								no		E3_explicit	Bundled metadata explicitly supplies a patient value; it remains raw.
SPA72	data/other_sources/hest1k/metadata/SPA72.json	yes	yes	MATCHED	SPA72	Breast	Cancer	IDC	Spatial Transcriptomics		SPA72	BC23277	BC23277_E2	https://www.science.org/doi/10.1126/science.aaf2403	https://data.mendeley.com/datasets/29ntw7sh4r/5		Spatial Transcriptomics	Integrating spatial gene expression and breast tumour morphology via deep learning	Homo sapiens	Breast	Breast	Cancer	Luminal_B	IDC		30 Nov 2021	CC BY 4.0								no		E3_explicit	Bundled metadata explicitly supplies a patient value; it remains raw.
SPA73	data/other_sources/hest1k/metadata/SPA73.json	yes	yes	MATCHED	SPA73	Breast	Cancer	IDC	Spatial Transcriptomics		SPA73	BC23277	BC23277_E1	https://www.science.org/doi/10.1126/science.aaf2403	https://data.mendeley.com/datasets/29ntw7sh4r/5		Spatial Transcriptomics	Integrating spatial gene expression and breast tumour morphology via deep learning	Homo sapiens	Breast	Breast	Cancer	Luminal_B	IDC		30 Nov 2021	CC BY 4.0								no		E3_explicit	Bundled metadata explicitly supplies a patient value; it remains raw.
SPA74	data/other_sources/hest1k/metadata/SPA74.json	yes	yes	MATCHED	SPA74	Breast	Cancer	IDC	Spatial Transcriptomics		SPA74	BC23277	BC23277_D2	https://www.science.org/doi/10.1126/science.aaf2403	https://data.mendeley.com/datasets/29ntw7sh4r/5		Spatial Transcriptomics	Integrating spatial gene expression and breast tumour morphology via deep learning	Homo sapiens	Breast	Breast	Cancer	Luminal_B	IDC		30 Nov 2021	CC BY 4.0								no		E3_explicit	Bundled metadata explicitly supplies a patient value; it remains raw.
SPA75	data/other_sources/hest1k/metadata/SPA75.json	yes	yes	MATCHED	SPA75	Breast	Cancer	IDC	Spatial Transcriptomics		SPA75	BC23270	BC23270_E2	https://www.science.org/doi/10.1126/science.aaf2403	https://data.mendeley.com/datasets/29ntw7sh4r/5		Spatial Transcriptomics	Integrating spatial gene expression and breast tumour morphology via deep learning	Homo sapiens	Breast	Breast	Cancer	Luminal_B	IDC		30 Nov 2021	CC BY 4.0								no		E3_explicit	Bundled metadata explicitly supplies a patient value; it remains raw.
SPA76	data/other_sources/hest1k/metadata/SPA76.json	yes	yes	MATCHED	SPA76	Breast	Cancer	IDC	Spatial Transcriptomics		SPA76	BC23270	BC23270_E1	https://www.science.org/doi/10.1126/science.aaf2403	https://data.mendeley.com/datasets/29ntw7sh4r/5		Spatial Transcriptomics	Integrating spatial gene expression and breast tumour morphology via deep learning	Homo sapiens	Breast	Breast	Cancer	Luminal_B	IDC		30 Nov 2021	CC BY 4.0								no		E3_explicit	Bundled metadata explicitly supplies a patient value; it remains raw.
SPA77	data/other_sources/hest1k/metadata/SPA77.json	yes	yes	MATCHED	SPA77	Breast	Cancer	IDC	Spatial Transcriptomics		SPA77	BC23270	BC23270_D2	https://www.science.org/doi/10.1126/science.aaf2403	https://data.mendeley.com/datasets/29ntw7sh4r/5		Spatial Transcriptomics	Integrating spatial gene expression and breast tumour morphology via deep learning	Homo sapiens	Breast	Breast	Cancer	Luminal_B	IDC		30 Nov 2021	CC BY 4.0								no		E3_explicit	Bundled metadata explicitly supplies a patient value; it remains raw.
SPA78	data/other_sources/hest1k/metadata/SPA78.json	yes	yes	MATCHED	SPA78	Breast	Cancer	IDC	Spatial Transcriptomics		SPA78	BC24223	BC24223_E2	https://www.science.org/doi/10.1126/science.aaf2403	https://data.mendeley.com/datasets/29ntw7sh4r/5		Spatial Transcriptomics	Integrating spatial gene expression and breast tumour morphology via deep learning	Homo sapiens	Breast	Breast	Cancer	Luminal_A	IDC		30 Nov 2021	CC BY 4.0								no		E3_explicit	Bundled metadata explicitly supplies a patient value; it remains raw.
SPA79	data/other_sources/hest1k/metadata/SPA79.json	yes	yes	MATCHED	SPA79	Breast	Cancer	IDC	Spatial Transcriptomics		SPA79	BC24223	BC24223_E1	https://www.science.org/doi/10.1126/science.aaf2403	https://data.mendeley.com/datasets/29ntw7sh4r/5		Spatial Transcriptomics	Integrating spatial gene expression and breast tumour morphology via deep learning	Homo sapiens	Breast	Breast	Cancer	Luminal_A	IDC		30 Nov 2021	CC BY 4.0								no		E3_explicit	Bundled metadata explicitly supplies a patient value; it remains raw.
SPA80	data/other_sources/hest1k/metadata/SPA80.json	yes	yes	MATCHED	SPA80	Breast	Cancer	IDC	Spatial Transcriptomics		SPA80	BC24223	BC24223_D2	https://www.science.org/doi/10.1126/science.aaf2403	https://data.mendeley.com/datasets/29ntw7sh4r/5		Spatial Transcriptomics	Integrating spatial gene expression and breast tumour morphology via deep learning	Homo sapiens	Breast	Breast	Cancer	Luminal_A	IDC		30 Nov 2021	CC BY 4.0								no		E3_explicit	Bundled metadata explicitly supplies a patient value; it remains raw.
SPA81	data/other_sources/hest1k/metadata/SPA81.json	yes	yes	MATCHED	SPA81	Breast	Cancer	IDC	Spatial Transcriptomics		SPA81	BC23272	BC23272_E2	https://www.science.org/doi/10.1126/science.aaf2403	https://data.mendeley.com/datasets/29ntw7sh4r/5		Spatial Transcriptomics	Integrating spatial gene expression and breast tumour morphology via deep learning	Homo sapiens	Breast	Breast	Cancer	Luminal_A	IDC		30 Nov 2021	CC BY 4.0								no		E3_explicit	Bundled metadata explicitly supplies a patient value; it remains raw.
SPA82	data/other_sources/hest1k/metadata/SPA82.json	yes	yes	MATCHED	SPA82	Breast	Cancer	IDC	Spatial Transcriptomics		SPA82	BC23272	BC23272_E1	https://www.science.org/doi/10.1126/science.aaf2403	https://data.mendeley.com/datasets/29ntw7sh4r/5		Spatial Transcriptomics	Integrating spatial gene expression and breast tumour morphology via deep learning	Homo sapiens	Breast	Breast	Cancer	Luminal_A	IDC		30 Nov 2021	CC BY 4.0								no		E3_explicit	Bundled metadata explicitly supplies a patient value; it remains raw.
SPA83	data/other_sources/hest1k/metadata/SPA83.json	yes	yes	MATCHED	SPA83	Breast	Cancer	IDC	Spatial Transcriptomics		SPA83	BC23272	BC23272_D2	https://www.science.org/doi/10.1126/science.aaf2403	https://data.mendeley.com/datasets/29ntw7sh4r/5		Spatial Transcriptomics	Integrating spatial gene expression and breast tumour morphology via deep learning	Homo sapiens	Breast	Breast	Cancer	Luminal_A	IDC		30 Nov 2021	CC BY 4.0								no		E3_explicit	Bundled metadata explicitly supplies a patient value; it remains raw.
SPA84	data/other_sources/hest1k/metadata/SPA84.json	yes	yes	MATCHED	SPA84	Breast	Cancer	IDC	Spatial Transcriptomics		SPA84	BC23269	BC23269_D1	https://www.science.org/doi/10.1126/science.aaf2403	https://data.mendeley.com/datasets/29ntw7sh4r/5		Spatial Transcriptomics	Integrating spatial gene expression and breast tumour morphology via deep learning	Homo sapiens	Breast	Breast	Cancer	Luminal_A	IDC		30 Nov 2021	CC BY 4.0								no		E3_explicit	Bundled metadata explicitly supplies a patient value; it remains raw.
SPA85	data/other_sources/hest1k/metadata/SPA85.json	yes	yes	MATCHED	SPA85	Breast	Cancer	IDC	Spatial Transcriptomics		SPA85	BC23269	BC23269_C2	https://www.science.org/doi/10.1126/science.aaf2403	https://data.mendeley.com/datasets/29ntw7sh4r/5		Spatial Transcriptomics	Integrating spatial gene expression and breast tumour morphology via deep learning	Homo sapiens	Breast	Breast	Cancer	Luminal_A	IDC		30 Nov 2021	CC BY 4.0								no		E3_explicit	Bundled metadata explicitly supplies a patient value; it remains raw.
SPA86	data/other_sources/hest1k/metadata/SPA86.json	yes	yes	MATCHED	SPA86	Breast	Cancer	IDC	Spatial Transcriptomics		SPA86	BC23269	BC23269_C1	https://www.science.org/doi/10.1126/science.aaf2403	https://data.mendeley.com/datasets/29ntw7sh4r/5		Spatial Transcriptomics	Integrating spatial gene expression and breast tumour morphology via deep learning	Homo sapiens	Breast	Breast	Cancer	Luminal_A	IDC		30 Nov 2021	CC BY 4.0								no		E3_explicit	Bundled metadata explicitly supplies a patient value; it remains raw.
SPA87	data/other_sources/hest1k/metadata/SPA87.json	yes	yes	MATCHED	SPA87	Breast	Cancer	IDC	Spatial Transcriptomics		SPA87	BC23268	BC23268_D1	https://www.science.org/doi/10.1126/science.aaf2403	https://data.mendeley.com/datasets/29ntw7sh4r/5		Spatial Transcriptomics	Integrating spatial gene expression and breast tumour morphology via deep learning	Homo sapiens	Breast	Breast	Cancer	Luminal_A	IDC		30 Nov 2021	CC BY 4.0								no		E3_explicit	Bundled metadata explicitly supplies a patient value; it remains raw.
SPA88	data/other_sources/hest1k/metadata/SPA88.json	yes	yes	MATCHED	SPA88	Breast	Cancer	IDC	Spatial Transcriptomics		SPA88	BC23268	BC23268_C2	https://www.science.org/doi/10.1126/science.aaf2403	https://data.mendeley.com/datasets/29ntw7sh4r/5		Spatial Transcriptomics	Integrating spatial gene expression and breast tumour morphology via deep learning	Homo sapiens	Breast	Breast	Cancer	Luminal_A	IDC		30 Nov 2021	CC BY 4.0								no		E3_explicit	Bundled metadata explicitly supplies a patient value; it remains raw.
SPA89	data/other_sources/hest1k/metadata/SPA89.json	yes	yes	MATCHED	SPA89	Breast	Cancer	IDC	Spatial Transcriptomics		SPA89	BC23268	BC23268_C1	https://www.science.org/doi/10.1126/science.aaf2403	https://data.mendeley.com/datasets/29ntw7sh4r/5		Spatial Transcriptomics	Integrating spatial gene expression and breast tumour morphology via deep learning	Homo sapiens	Breast	Breast	Cancer	Luminal_A	IDC		30 Nov 2021	CC BY 4.0								no		E3_explicit	Bundled metadata explicitly supplies a patient value; it remains raw.
SPA90	data/other_sources/hest1k/metadata/SPA90.json	yes	yes	MATCHED	SPA90	Breast	Cancer	IDC	Spatial Transcriptomics		SPA90	BC24105	BC24105_D1	https://www.science.org/doi/10.1126/science.aaf2403	https://data.mendeley.com/datasets/29ntw7sh4r/5		Spatial Transcriptomics	Integrating spatial gene expression and breast tumour morphology via deep learning	Homo sapiens	Breast	Breast	Cancer	HER2_non_luminal	IDC		30 Nov 2021	CC BY 4.0								no		E3_explicit	Bundled metadata explicitly supplies a patient value; it remains raw.
SPA91	data/other_sources/hest1k/metadata/SPA91.json	yes	yes	MATCHED	SPA91	Breast	Cancer	IDC	Spatial Transcriptomics		SPA91	BC24105	BC24105_C2	https://www.science.org/doi/10.1126/science.aaf2403	https://data.mendeley.com/datasets/29ntw7sh4r/5		Spatial Transcriptomics	Integrating spatial gene expression and breast tumour morphology via deep learning	Homo sapiens	Breast	Breast	Cancer	HER2_non_luminal	IDC		30 Nov 2021	CC BY 4.0								no		E3_explicit	Bundled metadata explicitly supplies a patient value; it remains raw.
SPA92	data/other_sources/hest1k/metadata/SPA92.json	yes	yes	MATCHED	SPA92	Breast	Cancer	IDC	Spatial Transcriptomics		SPA92	BC24105	BC24105_C1	https://www.science.org/doi/10.1126/science.aaf2403	https://data.mendeley.com/datasets/29ntw7sh4r/5		Spatial Transcriptomics	Integrating spatial gene expression and breast tumour morphology via deep learning	Homo sapiens	Breast	Breast	Cancer	HER2_non_luminal	IDC		30 Nov 2021	CC BY 4.0								no		E3_explicit	Bundled metadata explicitly supplies a patient value; it remains raw.
SPA93	data/other_sources/hest1k/metadata/SPA93.json	yes	yes	MATCHED	SPA93	Breast	Cancer	IDC	Spatial Transcriptomics		SPA93	BC24044	BC24044_E2	https://www.science.org/doi/10.1126/science.aaf2403	https://data.mendeley.com/datasets/29ntw7sh4r/5		Spatial Transcriptomics	Integrating spatial gene expression and breast tumour morphology via deep learning	Homo sapiens	Breast	Breast	Cancer	HER2_non_luminal	IDC		30 Nov 2021	CC BY 4.0								no		E3_explicit	Bundled metadata explicitly supplies a patient value; it remains raw.
SPA94	data/other_sources/hest1k/metadata/SPA94.json	yes	yes	MATCHED	SPA94	Breast	Cancer	IDC	Spatial Transcriptomics		SPA94	BC24044	BC24044_E1	https://www.science.org/doi/10.1126/science.aaf2403	https://data.mendeley.com/datasets/29ntw7sh4r/5		Spatial Transcriptomics	Integrating spatial gene expression and breast tumour morphology via deep learning	Homo sapiens	Breast	Breast	Cancer	HER2_non_luminal	IDC		30 Nov 2021	CC BY 4.0								no		E3_explicit	Bundled metadata explicitly supplies a patient value; it remains raw.
SPA95	data/other_sources/hest1k/metadata/SPA95.json	yes	yes	MATCHED	SPA95	Breast	Cancer	IDC	Spatial Transcriptomics		SPA95	BC24044	BC24044_D2	https://www.science.org/doi/10.1126/science.aaf2403	https://data.mendeley.com/datasets/29ntw7sh4r/5		Spatial Transcriptomics	Integrating spatial gene expression and breast tumour morphology via deep learning	Homo sapiens	Breast	Breast	Cancer	HER2_non_luminal	IDC		30 Nov 2021	CC BY 4.0								no		E3_explicit	Bundled metadata explicitly supplies a patient value; it remains raw.
SPA96	data/other_sources/hest1k/metadata/SPA96.json	yes	yes	MATCHED	SPA96	Breast	Cancer	IDC	Spatial Transcriptomics		SPA96	BC23903	BC23903_D1	https://www.science.org/doi/10.1126/science.aaf2403	https://data.mendeley.com/datasets/29ntw7sh4r/5		Spatial Transcriptomics	Integrating spatial gene expression and breast tumour morphology via deep learning	Homo sapiens	Breast	Breast	Cancer	HER2_non_luminal	IDC		30 Nov 2021	CC BY 4.0								no		E3_explicit	Bundled metadata explicitly supplies a patient value; it remains raw.
SPA97	data/other_sources/hest1k/metadata/SPA97.json	yes	yes	MATCHED	SPA97	Breast	Cancer	IDC	Spatial Transcriptomics		SPA97	BC23903	BC23903_C2	https://www.science.org/doi/10.1126/science.aaf2403	https://data.mendeley.com/datasets/29ntw7sh4r/5		Spatial Transcriptomics	Integrating spatial gene expression and breast tumour morphology via deep learning	Homo sapiens	Breast	Breast	Cancer	HER2_non_luminal	IDC		30 Nov 2021	CC BY 4.0								no		E3_explicit	Bundled metadata explicitly supplies a patient value; it remains raw.
SPA98	data/other_sources/hest1k/metadata/SPA98.json	yes	yes	MATCHED	SPA98	Breast	Cancer	IDC	Spatial Transcriptomics		SPA98	BC23903	BC23903_C1	https://www.science.org/doi/10.1126/science.aaf2403	https://data.mendeley.com/datasets/29ntw7sh4r/5		Spatial Transcriptomics	Integrating spatial gene expression and breast tumour morphology via deep learning	Homo sapiens	Breast	Breast	Cancer	HER2_non_luminal	IDC		30 Nov 2021	CC BY 4.0								no		E3_explicit	Bundled metadata explicitly supplies a patient value; it remains raw.
SPA99	data/other_sources/hest1k/metadata/SPA99.json	yes	yes	MATCHED	SPA99	Breast	Cancer	IDC	Spatial Transcriptomics		SPA99	BC23810	BC23810_E2	https://www.science.org/doi/10.1126/science.aaf2403	https://data.mendeley.com/datasets/29ntw7sh4r/5		Spatial Transcriptomics	Integrating spatial gene expression and breast tumour morphology via deep learning	Homo sapiens	Breast	Breast	Cancer	HER2_non_luminal	IDC		30 Nov 2021	CC BY 4.0								no		E3_explicit	Bundled metadata explicitly supplies a patient value; it remains raw.
TENX105	data/other_sources/hest1k/metadata/TENX105.json	yes	yes	MATCHED	TENX105	Kidney	Cancer	PRCC	Xenium	FFPE	TENX105		Kidney Cancer (PRCC)		https://www.10xgenomics.com/datasets/human-kidney-preview-data-xenium-human-multi-tissue-and-cancer-panel-1-standard		Xenium	Human Kidney Preview Data (Xenium Human Multi-Tissue and Cancer Panel)	Homo sapiens	Kidney	Kidney	Cancer		PRCC	FFPE	2023-07-17	Creative Commons Attribution		N/A	hKidney_cancer_section		3.0			no		E0_unknown	Bundled metadata does not establish patient identity.
TENX106	data/other_sources/hest1k/metadata/TENX106.json	yes	yes	MATCHED	TENX106	Kidney	Healthy		Xenium	FFPE	TENX106		Non-diseased Kidney		https://www.10xgenomics.com/datasets/human-kidney-preview-data-xenium-human-multi-tissue-and-cancer-panel-1-standard		Xenium	Human Kidney Preview Data (Xenium Human Multi-Tissue and Cancer Panel)	Homo sapiens	Kidney	Kidney	Healthy			FFPE	2023-07-17	Creative Commons Attribution		N/A	hKidney_nondiseased_section		3.0			no		E0_unknown	Bundled metadata does not establish patient identity.
TENX111	data/other_sources/hest1k/metadata/TENX111.json	yes	yes	MATCHED	TENX111	Bowel	Cancer	COAD	Xenium	FFPE	TENX111		Cancer, pre-designed + add-on panel		https://www.10xgenomics.com/datasets/human-colon-preview-data-xenium-human-colon-gene-expression-panel-1-standard		Xenium	Human Colon Preview Data (Xenium Human Colon Gene Expression Panel)	Homo sapiens	Bowel	Colon	Cancer	cancer; stage 2A adenocarcinoma	COAD	FFPE	2023-08-29	Creative Commons Attribution		N/A	hColon_Cancer_Add_on_FFPE		3.0			no		E0_unknown	Bundled metadata does not establish patient identity.
TENX114	data/other_sources/hest1k/metadata/TENX114.json	yes	yes	MATCHED	TENX114	Bowel	Healthy		Xenium	FFPE	TENX114		Non-diseased, pre-designed panel		https://www.10xgenomics.com/datasets/human-colon-preview-data-xenium-human-colon-gene-expression-panel-1-standard		Xenium	Human Colon Preview Data (Xenium Human Colon Gene Expression Panel)	Homo sapiens	Bowel	Colon	Healthy			FFPE	2023-08-29	Creative Commons Attribution		N/A	hColon_Non_diseased_Base_FFPE		3.0			no		E0_unknown	Bundled metadata does not establish patient identity.
TENX115	data/other_sources/hest1k/metadata/TENX115.json	yes	yes	MATCHED	TENX115	Skin	Cancer	SKCM	Xenium	FFPE	TENX115	patient 2			https://www.10xgenomics.com/datasets/human-skin-preview-data-xenium-human-skin-gene-expression-panel-1-standard		Xenium	Human Skin Preview Data (Xenium Human Skin Gene Expression Panel)	Homo sapiens	Skin	Skin	Cancer		SKCM	FFPE	2023-09-18	Creative Commons Attribution		N/A	human_skin_melanoma_ffpe		3.0	P2		no		E3_explicit	Bundled metadata explicitly supplies a patient value; it remains raw.
TENX116	data/other_sources/hest1k/metadata/TENX116.json	yes	yes	MATCHED	TENX116	Pancreas	Cancer	PAAD	Xenium	FFPE	TENX116	patient 2			https://www.10xgenomics.com/datasets/pancreatic-cancer-with-xenium-human-multi-tissue-and-cancer-panel-1-standard		Xenium	Pancreatic Cancer with Xenium Human Multi-Tissue and Cancer Panel	Homo sapiens	Pancreas	Pancreas	Cancer		PAAD	FFPE	2023-11-16	Creative Commons Attribution		0009465	hPancreas_cancer		3.0	P2		no		E3_explicit	Bundled metadata explicitly supplies a patient value; it remains raw.
TENX117	data/other_sources/hest1k/metadata/TENX117.json	yes	yes	MATCHED	TENX117	Skin	Cancer	SKCM	Xenium	FFPE	TENX117	patient 1			https://www.10xgenomics.com/datasets/human-skin-preview-data-xenium-human-skin-gene-expression-panel-add-on-1-standard		Xenium	Human Skin Preview Data (Xenium Human Skin Gene Expression Panel with Custom Add-On)	Homo sapiens	Skin	Skin	Cancer		SKCM	FFPE	2023-12-07	Creative Commons Attribution		0012563	hSkin_Melanoma_Add_on_FFPE		3.0	P1		no		E3_explicit	Bundled metadata explicitly supplies a patient value; it remains raw.
TENX118	data/other_sources/hest1k/metadata/TENX118.json	yes	yes	MATCHED	TENX118	Lung	Cancer	LUAD	Xenium	FFPE	TENX118	patient 2			https://www.10xgenomics.com/datasets/preview-data-ffpe-human-lung-cancer-with-xenium-multimodal-cell-segmentation-1-standard		Xenium	Preview Data: FFPE Human Lung Cancer with Xenium Multimodal Cell Segmentation	Homo sapiens	Lung	Lung	Cancer		LUAD	FFPE	2024-02-05	Creative Commons Attribution		0017509	Human_Lung_Cancer		3.0	P2		no		E3_explicit	Bundled metadata explicitly supplies a patient value; it remains raw.
TENX119	data/other_sources/hest1k/metadata/TENX119.json	yes	yes	MATCHED	TENX119	Heart	Healthy		Xenium	FFPE	TENX119				https://www.10xgenomics.com/datasets/human-heart-data-xenium-human-multi-tissue-and-cancer-panel-1-standard		Xenium	Human Heart Data with Xenium Human Multi-Tissue and Cancer Panel	Homo sapiens	Heart	Heart	Healthy			FFPE	2024-03-05	Creative Commons Attribution		0006587	hHeart_nondiseased_section		3.0			no		E0_unknown	Bundled metadata does not establish patient identity.
TENX120	data/other_sources/hest1k/metadata/TENX120.json	yes	yes	MATCHED	TENX120	Liver	Cancer	HCC	Xenium	FFPE	TENX120		liver cancer		https://www.10xgenomics.com/datasets/human-liver-data-xenium-human-multi-tissue-and-cancer-panel-1-standard		Xenium	Human Liver Data with Xenium Human Multi-Tissue and Cancer Panel	Homo sapiens	Liver	Liver	Cancer		HCC	FFPE	2024-03-05	Creative Commons Attribution		0008698	hLiver_cancer_section		3.0			no		E0_unknown	Bundled metadata does not establish patient identity.
TENX121	data/other_sources/hest1k/metadata/TENX121.json	yes	yes	MATCHED	TENX121	Liver	Healthy		Xenium	FFPE	TENX121		nondiseased		https://www.10xgenomics.com/datasets/human-liver-data-xenium-human-multi-tissue-and-cancer-panel-1-standard		Xenium	Human Liver Data with Xenium Human Multi-Tissue and Cancer Panel	Homo sapiens	Liver	Liver	Healthy			FFPE	2024-03-05	Creative Commons Attribution		0019736	hLiver_nondiseased_section		3.0			no		E0_unknown	Bundled metadata does not establish patient identity.
TENX122	data/other_sources/hest1k/metadata/TENX122.json	yes	yes	MATCHED	TENX122	Skin	Healthy		Xenium	FFPE	TENX122		Sample 2		https://www.10xgenomics.com/datasets/human-skin-data-xenium-human-multi-tissue-and-cancer-panel-1-standard		Xenium	Human Skin Data with Xenium Human Multi-Tissue and Cancer Panel	Homo sapiens	Skin	Skin	Healthy			FFPE	2024-03-05	Creative Commons Attribution		0019724	hSkin_nondiseased_section_2		3.0			no		E0_unknown	Bundled metadata does not establish patient identity.
TENX123	data/other_sources/hest1k/metadata/TENX123.json	yes	yes	MATCHED	TENX123	Skin	Healthy		Xenium	FFPE	TENX123		Sample 1		https://www.10xgenomics.com/datasets/human-skin-data-xenium-human-multi-tissue-and-cancer-panel-1-standard		Xenium	Human Skin Data with Xenium Human Multi-Tissue and Cancer Panel	Homo sapiens	Skin	Skin	Healthy			FFPE	2024-03-05	Creative Commons Attribution		0019724	hSkin_nondiseased_section_1		3.0			no		E0_unknown	Bundled metadata does not establish patient identity.
TENX126	data/other_sources/hest1k/metadata/TENX126.json	yes	yes	MATCHED	TENX126	Pancreas	Cancer	PAAD	Xenium	FFPE	TENX126	patient1			https://www.10xgenomics.com/datasets/ffpe-human-pancreas-with-xenium-multimodal-cell-segmentation-1-standard		Xenium	FFPE Human Pancreas with Xenium Multimodal Cell Segmentation	Homo sapiens	Pancreas	Pancreas	Cancer		PAAD	FFPE	2024-03-19	Creative Commons Attribution		0023939	Human_Pancreas_section		3.0	P1		no		E3_explicit	Bundled metadata explicitly supplies a patient value; it remains raw.
TENX128	data/other_sources/hest1k/metadata/TENX128.json	yes	yes	MATCHED	TENX128	Bowel	Cancer	COAD	Visium HD	FFPE	TENX128				https://www.10xgenomics.com/datasets/visium-hd-cytassist-gene-expression-libraries-of-human-crc		Visium HD	Visium HD Spatial Gene Expression Library, Human Colorectal Cancer (FFPE)	Homo sapiens	Bowel	Colon	Cancer		COAD	FFPE	2024-03-25	Creative Commons Attribution				Visium_HD_Human_Colon_Cancer				no		E0_unknown	Bundled metadata does not establish patient identity.
TENX13	data/other_sources/hest1k/metadata/TENX13.json	yes	yes	MATCHED	TENX13	Breast	Cancer	IDC	Visium	Fresh Frozen	TENX13				https://www.10xgenomics.com/datasets/human-breast-cancer-block-a-section-1-1-standard-1-1-0		Visium	Human Breast Cancer (Block A Section 1)	Homo sapiens	Breast	Breast	Cancer	AJCC/UICC Stage Group IIA, ER positive, PR negative, Her2 positive	IDC	Fresh Frozen	2020-06-23	Creative Commons Attribution				V1_Breast_Cancer_Block_A_Section_1				no		E0_unknown	Bundled metadata does not establish patient identity.
TENX132	data/other_sources/hest1k/metadata/TENX132.json	yes	yes	MATCHED	TENX132	Bone	Healthy		Xenium	FFPE	TENX132		Non-diseased Femur Bone		https://www.10xgenomics.com/datasets/human-bone-and-bone-marrow-data-with-custom-add-on-panel-1-standard		Xenium	Human Bone and Bone Marrow Data with Custom Add-on Panel	Homo sapiens	Bone	Femur bone	Healthy			FFPE	2024-04-03	Creative Commons Attribution		0023651	hBone_nondiseased_section		3.0			no		E0_unknown	Bundled metadata does not establish patient identity.
TENX133	data/other_sources/hest1k/metadata/TENX133.json	yes	yes	MATCHED	TENX133	Lymphoid	Healthy		Xenium	FFPE	TENX133		Non-diseased Bone Marrow		https://www.10xgenomics.com/datasets/human-bone-and-bone-marrow-data-with-custom-add-on-panel-1-standard		Xenium	Human Bone and Bone Marrow Data with Custom Add-on Panel	Homo sapiens	Lymphoid	Bone marrow	Healthy			FFPE	2024-04-03	Creative Commons Attribution		0023651	hBoneMarrow_nondiseased_section		3.0			no		E0_unknown	Bundled metadata does not establish patient identity.
TENX134	data/other_sources/hest1k/metadata/TENX134.json	yes	yes	MATCHED	TENX134	Lymphoid	Cancer	ALL	Xenium	FFPE	TENX134		Acute Lymphoid Leukemia Bone Marrow		https://www.10xgenomics.com/datasets/human-bone-and-bone-marrow-data-with-custom-add-on-panel-1-standard		Xenium	Human Bone and Bone Marrow Data with Custom Add-on Panel	Homo sapiens	Lymphoid	Bone marrow	Cancer		ALL	FFPE	2024-04-03	Creative Commons Attribution		0023651	hBoneMarrow_acute_lymphoid_leukemia_section		3.0			no		E0_unknown	Bundled metadata does not establish patient identity.
TENX139	data/other_sources/hest1k/metadata/TENX139.json	yes	yes	MATCHED	TENX139	Bowel	Cancer	COADREAD	Xenium	FFPE	TENX139				https://www.10xgenomics.com/datasets/ffpe-human-colorectal-cancer-data-with-human-immuno-oncology-profiling-panel-and-custom-add-on-1-standard		Xenium	FFPE Human Colorectal Cancer Data with Human Immuno-Oncology Profiling Panel and Custom Add-on	Homo sapiens	Bowel	Bowel	Cancer	Colorectal Cancer Adenocarcinoma; Grade 2	COADREAD	FFPE	2024-05-15	Creative Commons Attribution		N/A	Human_Colorectal_Cancer_With_Addon		3.0			no		E0_unknown	Bundled metadata does not establish patient identity.
TENX14	data/other_sources/hest1k/metadata/TENX14.json	yes	yes	MATCHED	TENX14	Breast	Cancer	IDC	Visium	Fresh Frozen	TENX14				https://www.10xgenomics.com/datasets/human-breast-cancer-block-a-section-2-1-standard-1-1-0		Visium	Human Breast Cancer (Block A Section 2)	Homo sapiens	Breast	Breast	Cancer	AJCC/UICC Stage Group IIA, ER positive, PR negative, Her2 positive	IDC	Fresh Frozen	2020-06-23	Creative Commons Attribution				V1_Breast_Cancer_Block_A_Section_2				no		E0_unknown	Bundled metadata does not establish patient identity.
TENX140	data/other_sources/hest1k/metadata/TENX140.json	yes	yes	MATCHED	TENX140	Pancreas	Cancer	PAAD	Xenium	FFPE	TENX140	patient 3			https://www.10xgenomics.com/datasets/ffpe-human-ductal-adenocarcinoma-data-with-human-immuno-oncology-profiling-panel-1-standard		Xenium	FFPE Human Pancreatic Ductal Adenocarcinoma Data with Human Immuno-Oncology Profiling Panel	Homo sapiens	Pancreas	Pancreas	Cancer	Pancreatic Ductal Adenocarcinoma; Stage IIB; Grade 3	PAAD	FFPE	2024-05-15	Creative Commons Attribution		N/A	Human_Ductal_Adenocarcinoma		3.0	P3		no		E3_explicit	Bundled metadata explicitly supplies a patient value; it remains raw.
TENX141	data/other_sources/hest1k/metadata/TENX141.json	yes	yes	MATCHED	TENX141	Lung	Cancer	LUAD	Xenium	FFPE	TENX141	patient 1			https://www.10xgenomics.com/datasets/ffpe-human-lung-cancer-data-with-human-immuno-oncology-profiling-panel-and-custom-add-on-1-standard		Xenium	FFPE Human Lung Cancer Data with Human Immuno-Oncology Profiling Panel and Custom Add-on	Homo sapiens	Lung	Lung	Cancer	Lung NSCLC; Stage I-B; Grade 2	LUAD	FFPE	2024-05-15	Creative Commons Attribution		N/A	Human_Lung_Cancer_With_Addon		3.0	P1		no		E3_explicit	Bundled metadata explicitly supplies a patient value; it remains raw.
TENX142	data/other_sources/hest1k/metadata/TENX142.json	yes	yes	MATCHED	TENX142	Ovary	Cancer	HGSOC	Xenium	FFPE	TENX142				https://www.10xgenomics.com/datasets/ffpe-human-ovarian-cancer-data-with-human-immuno-oncology-profiling-panel-and-custom-add-on-1-standard		Xenium	FFPE Human Ovarian Cancer Data with Human Immuno-Oncology Profiling Panel and Custom Add-on	Homo sapiens	Ovary	Ovary	Cancer	Ovary Serous Carcinoma; Stage II-A; Grade 3	HGSOC	FFPE	2024-05-15	Creative Commons Attribution		N/A	Human_Ovarian_Cancer_With_Addon		3.0			no		E0_unknown	Bundled metadata does not establish patient identity.
TENX144	data/other_sources/hest1k/metadata/TENX144.json	yes	yes	MATCHED	TENX144	Pancreas	Healthy		Visium HD	FFPE	TENX144				https://www.10xgenomics.com/datasets/visium-hd-cytassist-gene-expression-libraries-human-pancreas		Visium HD	Visium HD Spatial Gene Expression Library, Human Pancreas (FFPE)	Homo sapiens	Pancreas	Pancreas	Healthy			FFPE	2024-06-11	Creative Commons Attribution								no		E0_unknown	Bundled metadata does not establish patient identity.
TENX147	data/other_sources/hest1k/metadata/TENX147.json	yes	yes	MATCHED	TENX147	Bowel	Cancer	COAD	Xenium	FFPE	TENX147	Patient 1	Xenium In Situ, Sample P5 CRC	https://www.biorxiv.org/content/10.1101/2024.06.04.597233v1.full	https://www.10xgenomics.com/products/visium-hd-spatial-gene-expression/dataset-human-crc		Xenium	Characterization of immune cell populations in the tumor microenvironment of colorectal cancer using high definition spatial profiling	Homo sapiens	Bowel	Colon	Cancer	Stage IV-A 	COAD	FFPE	2024-07-11	Creative Commons Attribution						P1	P5	yes	patient_subseries_p_number_conflict	EC_conflict	Bundled metadata fields conflict; no normalized identity is assigned.
TENX148	data/other_sources/hest1k/metadata/TENX148.json	yes	yes	MATCHED	TENX148	Bowel	Cancer	COAD	Xenium	FFPE	TENX148	Patient 1	Xenium In Situ, Sample P2 CRC	https://www.biorxiv.org/content/10.1101/2024.06.04.597233v1.full	https://www.10xgenomics.com/products/visium-hd-spatial-gene-expression/dataset-human-crc		Xenium	Characterization of immune cell populations in the tumor microenvironment of colorectal cancer using high definition spatial profiling	Homo sapiens	Bowel	Colon	Cancer		COAD	FFPE	2024-07-11	Creative Commons Attribution						P1	P2	yes	patient_subseries_p_number_conflict	EC_conflict	Bundled metadata fields conflict; no normalized identity is assigned.
TENX149	data/other_sources/hest1k/metadata/TENX149.json	yes	yes	MATCHED	TENX149	Bowel	Cancer	COAD	Xenium	FFPE	TENX149	Patient 1	Xenium In Situ, Sample P1 CRC	https://www.biorxiv.org/content/10.1101/2024.06.04.597233v1.full	https://www.10xgenomics.com/products/visium-hd-spatial-gene-expression/dataset-human-crc		Xenium	Characterization of immune cell populations in the tumor microenvironment of colorectal cancer using high definition spatial profiling	Homo sapiens	Bowel	Colon	Cancer	Stage II-A 	COAD	FFPE	2024-07-11	Creative Commons Attribution						P1	P1	no		E2_corroborated	Bundled patient and subseries fields contain the same explicit P-number.
TENX15	data/other_sources/hest1k/metadata/TENX15.json	yes	yes	MATCHED	TENX15	Heart	Healthy		Visium	Fresh Frozen	TENX15				https://www.10xgenomics.com/datasets/human-heart-1-standard-1-1-0		Visium	Human Heart	Homo sapiens	Heart	Heart	Healthy			Fresh Frozen	2020-06-23	Creative Commons Attribution				V1_Human_Heart				no		E0_unknown	Bundled metadata does not establish patient identity.
TENX152	data/other_sources/hest1k/metadata/TENX152.json	yes	yes	MATCHED	TENX152	Bowel	Cancer	COAD	Visium	FFPE	TENX152	Patient 1	Visium CytAssist v2, Sample P2 CRC	https://www.biorxiv.org/content/10.1101/2024.06.04.597233v1.full	https://www.10xgenomics.com/products/visium-hd-spatial-gene-expression/dataset-human-crc		Visium	Characterization of immune cell populations in the tumor microenvironment of colorectal cancer using high definition spatial profiling	Homo sapiens	Bowel	Colon	Cancer		COAD	FFPE	2024-07-11	Creative Commons Attribution						P1	P2	yes	patient_subseries_p_number_conflict	EC_conflict	Bundled metadata fields conflict; no normalized identity is assigned.
TENX153	data/other_sources/hest1k/metadata/TENX153.json	yes	yes	MATCHED	TENX153	Bowel	Healthy		Visium HD	FFPE	TENX153	Patient 1	Visium HD, Sample P3 NAT	https://www.biorxiv.org/content/10.1101/2024.06.04.597233v1.full	https://www.10xgenomics.com/products/visium-hd-spatial-gene-expression/dataset-human-crc		Visium HD	Characterization of immune cell populations in the tumor microenvironment of colorectal cancer using high definition spatial profiling	Homo sapiens	Bowel	Colon	Healthy	Stage IV-A 		FFPE	2024-07-11	Creative Commons Attribution						P1	P3	yes	patient_subseries_p_number_conflict	EC_conflict	Bundled metadata fields conflict; no normalized identity is assigned.
TENX154	data/other_sources/hest1k/metadata/TENX154.json	yes	yes	MATCHED	TENX154	Bowel	Cancer	COAD	Visium HD	FFPE	TENX154	Patient 1	Visium HD, Sample P5 CRC	https://www.biorxiv.org/content/10.1101/2024.06.04.597233v1.full	https://www.10xgenomics.com/products/visium-hd-spatial-gene-expression/dataset-human-crc		Visium HD	Characterization of immune cell populations in the tumor microenvironment of colorectal cancer using high definition spatial profiling	Homo sapiens	Bowel	Colon	Cancer		COAD	FFPE	2024-07-11	Creative Commons Attribution						P1	P5	yes	patient_subseries_p_number_conflict	EC_conflict	Bundled metadata fields conflict; no normalized identity is assigned.
TENX155	data/other_sources/hest1k/metadata/TENX155.json	yes	yes	MATCHED	TENX155	Bowel	Cancer	COAD	Visium HD	FFPE	TENX155	Patient 1	Visium HD, Sample P2 CRC	https://www.biorxiv.org/content/10.1101/2024.06.04.597233v1.full	https://www.10xgenomics.com/products/visium-hd-spatial-gene-expression/dataset-human-crc		Visium HD	Characterization of immune cell populations in the tumor microenvironment of colorectal cancer using high definition spatial profiling	Homo sapiens	Bowel	Colon	Cancer		COAD	FFPE	2024-07-11	Creative Commons Attribution						P1	P2	yes	patient_subseries_p_number_conflict	EC_conflict	Bundled metadata fields conflict; no normalized identity is assigned.
TENX156	data/other_sources/hest1k/metadata/TENX156.json	yes	yes	MATCHED	TENX156	Bowel	Cancer	COAD	Visium HD	FFPE	TENX156	Patient 1	Visium HD, Sample P1 CRC	https://www.biorxiv.org/content/10.1101/2024.06.04.597233v1.full	https://www.10xgenomics.com/products/visium-hd-spatial-gene-expression/dataset-human-crc		Visium HD	Characterization of immune cell populations in the tumor microenvironment of colorectal cancer using high definition spatial profiling	Homo sapiens	Bowel	Colon	Cancer	Stage II-A 	COAD	FFPE	2024-07-11	Creative Commons Attribution						P1	P1	no		E2_corroborated	Bundled patient and subseries fields contain the same explicit P-number.
TENX157	data/other_sources/hest1k/metadata/TENX157.json	yes	yes	MATCHED	TENX157	Prostate	Cancer	PRAD	Xenium	FFPE	TENX157				https://www.10xgenomics.com/datasets/xenium-prime-ffpe-human-prostate		Xenium	FFPE Human Prostate Adenocarcinoma with 5K Human Pan Tissue and Pathways Panel	Homo sapiens	Prostate	Prostate	Cancer		PRAD	FFPE	2024-07-31	Creative Commons Attribution								no		E0_unknown	Bundled metadata does not establish patient identity.
TENX158	data/other_sources/hest1k/metadata/TENX158.json	yes	yes	MATCHED	TENX158	Skin	Cancer	SKCM	Xenium	FFPE	TENX158				https://www.10xgenomics.com/datasets/xenium-prime-ffpe-human-skin		Xenium	FFPE Human Skin Primary Dermal Melanoma with 5K Human Pan Tissue and Pathways Panel	Homo sapiens	Skin	Skin	Cancer	Primary Dermal Melanoma 	SKCM	FFPE	2024-07-31	Creative Commons Attribution								no		E0_unknown	Bundled metadata does not establish patient identity.
TENX16	data/other_sources/hest1k/metadata/TENX16.json	yes	yes	MATCHED	TENX16	Lymph node	Healthy		Visium	Fresh Frozen	TENX16				https://www.10xgenomics.com/datasets/human-lymph-node-1-standard-1-1-0		Visium	Human Lymph Node	Homo sapiens	Lymph node	Lymph node	Healthy			Fresh Frozen	2020-06-23	Creative Commons Attribution				V1_Human_Lymph_Node				no		E0_unknown	Bundled metadata does not establish patient identity.
TENX160	data/other_sources/hest1k/metadata/TENX160.json	yes	yes	MATCHED	TENX160	Ovary	Cancer	HGSOC	Xenium 5k	Fresh Frozen	TENX160				https://www.10xgenomics.com/datasets/xenium-prime-fresh-frozen-human-ovary		Xenium 5k	Fresh Frozen Human Ovarian Adenocarcinoma with 5K Human Pan Tissue and Pathways Panel	Homo sapiens	Ovary	Ovary	Cancer	Ovarian Adenocarcinoma	HGSOC	Fresh Frozen	2024-09-04	Creative Commons Attribution								no		E0_unknown	Bundled metadata does not establish patient identity.
TENX161	data/other_sources/hest1k/metadata/TENX161.json	yes	yes	MATCHED	TENX161	Breast	Cancer	IDC	Visium HD	Fixed Frozen	TENX161				https://www.10xgenomics.com/datasets/visium-hd-cytassist-gene-expression-human-breast-cancer-fixed-frozen		Visium HD	Visium HD Spatial Gene Expression Library, Human Breast Cancer (Fixed Frozen)	Homo sapiens	Breast	Breast	Cancer	Invasive ductal carcinoma	IDC	Fixed Frozen	2024-09-17	Creative Commons Attribution								no		E0_unknown	Bundled metadata does not establish patient identity.
TENX162	data/other_sources/hest1k/metadata/TENX162.json	yes	yes	MATCHED	TENX162	Breast	Cancer	IDC	Visium HD	Fresh Frozen	TENX162				https://www.10xgenomics.com/datasets/visium-hd-cytassist-gene-expression-human-breast-cancer-fresh-frozen		Visium HD	Visium HD Spatial Gene Expression Library, Human Breast Cancer (Fresh Frozen)	Homo sapiens	Breast	Breast	Cancer	DCIS	IDC	Fresh Frozen	2024-09-17	Creative Commons Attribution								no		E0_unknown	Bundled metadata does not establish patient identity.
TENX163	data/other_sources/hest1k/metadata/TENX163.json	yes	yes	MATCHED	TENX163	Lung	Cancer	LUAD	Visium HD	Fixed Frozen	TENX163				https://www.10xgenomics.com/datasets/visium-hd-cytassist-gene-expression-human-lung-cancer-fixed-frozen		Visium HD	Visium HD Spatial Gene Expression Library, Human Lung Cancer (Fixed Frozen)	Homo sapiens	Lung	Lung	Cancer		LUAD	Fixed Frozen	2024-09-17	Creative Commons Attribution								no		E0_unknown	Bundled metadata does not establish patient identity.
TENX168	data/other_sources/hest1k/metadata/TENX168.json	yes	yes	MATCHED	TENX168	Lung	Cancer	LUAD	Visium HD	FFPE	TENX168		Experiment 1, HD only (control)		https://www.10xgenomics.com/datasets/visium-hd-cytassist-gene-expression-human-lung-cancer-post-xenium-expt		Visium HD	Visium HD Spatial Gene Expression Libraries, Post-Xenium, Human Lung Cancer (FFPE)	Homo sapiens	Lung	Lung	Cancer		LUAD	FFPE	2024-09-24	Creative Commons Attribution								no		E0_unknown	Bundled metadata does not establish patient identity.
TENX169	data/other_sources/hest1k/metadata/TENX169.json	yes	yes	MATCHED	TENX169	Lung	Cancer	LUAD	Visium HD	FFPE	TENX169		Experiment 1, post-Xenium v1		https://www.10xgenomics.com/datasets/visium-hd-cytassist-gene-expression-human-lung-cancer-post-xenium-expt		Visium HD	Visium HD Spatial Gene Expression Libraries, Post-Xenium, Human Lung Cancer (FFPE)	Homo sapiens	Lung	Lung	Cancer		LUAD	FFPE	2024-09-24	Creative Commons Attribution								no		E0_unknown	Bundled metadata does not establish patient identity.
TENX170	data/other_sources/hest1k/metadata/TENX170.json	yes	yes	MATCHED	TENX170	Lung	Cancer	LUAD	Visium HD	FFPE	TENX170		Experiment 2, HD only (control)		https://www.10xgenomics.com/datasets/visium-hd-cytassist-gene-expression-human-lung-cancer-post-xenium-expt		Visium HD	Visium HD Spatial Gene Expression Libraries, Post-Xenium, Human Lung Cancer (FFPE)	Homo sapiens	Lung	Lung	Cancer		LUAD	FFPE	2024-09-24	Creative Commons Attribution								no		E0_unknown	Bundled metadata does not establish patient identity.
TENX171	data/other_sources/hest1k/metadata/TENX171.json	yes	yes	MATCHED	TENX171	Lung	Cancer	LUAD	Visium HD	FFPE	TENX171		Experiment 2, post-Xenium Prime 5K		https://www.10xgenomics.com/datasets/visium-hd-cytassist-gene-expression-human-lung-cancer-post-xenium-expt		Visium HD	Visium HD Spatial Gene Expression Libraries, Post-Xenium, Human Lung Cancer (FFPE)	Homo sapiens	Lung	Lung	Cancer		LUAD	FFPE	2024-09-24	Creative Commons Attribution								no		E0_unknown	Bundled metadata does not establish patient identity.
TENX172	data/other_sources/hest1k/metadata/TENX172.json	yes	yes	MATCHED	TENX172	Lymphoid	Healthy		Visium HD	Fresh Frozen	TENX172				https://www.10xgenomics.com/datasets/visium-hd-cytassist-gene-expression-libraries-human-tonsil-ff-ultima		Visium HD	Visium HD Spatial Gene Expression Library, Human Tonsil (Fresh Frozen), Ultima Sequencing	Homo sapiens	Lymphoid	Tonsil	Healthy			Fresh Frozen	2025-02-20	Creative Commons Attribution								no		E0_unknown	Bundled metadata does not establish patient identity.
TENX173	data/other_sources/hest1k/metadata/TENX173.json	yes	yes	MATCHED	TENX173	Kidney	Healthy		Visium HD	FFPE	TENX173				https://www.10xgenomics.com/datasets/visium-hd-cytassist-gene-expression-libraries-human-kidney-ffpe		Visium HD	Visium HD Spatial Gene Expression Library, Human Kidney (FFPE)	Homo sapiens	Kidney	Kidney	Healthy			FFPE	2025-03-06	Creative Commons Attribution								no		E0_unknown	Bundled metadata does not establish patient identity.
TENX174	data/other_sources/hest1k/metadata/TENX174.json	yes	yes	MATCHED	TENX174	Prostate	Cancer	PRAD	Visium HD	FFPE	TENX174				https://www.10xgenomics.com/datasets/visium-hd-cytassist-gene-expression-libraries-human-prostate-cancer-ffpe		Visium HD	Visium HD Spatial Gene Expression Library, Human Prostate Cancer (FFPE)	Homo sapiens	Prostate	Prostate	Cancer		PRAD	FFPE	2025-06-10	Creative Commons Attribution								no		E0_unknown	Bundled metadata does not establish patient identity.
TENX177	data/other_sources/hest1k/metadata/TENX177.json	yes	yes	MATCHED	TENX177	Ovary	Cancer	CCOV	Visium HD 3'	Fresh Frozen	TENX177				https://www.10xgenomics.com/datasets/visium-hd-three-prime-ovarian-cancer-fresh-frozen		Visium HD 3'	Visium HD 3' Gene Expression Library, Human Ovarian Cancer (Fresh Frozen)	Homo sapiens	Ovary	Ovary	Cancer	Clear Cell Adenocarcinoma	CCOV	Fresh Frozen	2025-06-10	Creative Commons Attribution								no		E0_unknown	Bundled metadata does not establish patient identity.
TENX178	data/other_sources/hest1k/metadata/TENX178.json	yes	yes	MATCHED	TENX178	Lymphoid	Healthy		Visium HD	FFPE	TENX178				https://www.10xgenomics.com/datasets/visium-hd-cytassist-gene-expression-libraries-human-lymph-node-v4		Visium HD	Visium HD Spatial Gene Expression Library, Human Lymph Node (FFPE)	Homo sapiens	Lymphoid	Prelaryngeal lymph node	Healthy			FFPE	2025-07-03	Creative Commons Attribution								no		E0_unknown	Bundled metadata does not establish patient identity.
TENX179	data/other_sources/hest1k/metadata/TENX179.json	yes	yes	MATCHED	TENX179	Pancreas	Cancer	PDAC	Visium HD 3'	Fresh Frozen	TENX179				https://www.10xgenomics.com/datasets/visium-hd-three-prime-human-pancreatic-cancer-fresh-frozen		Visium HD 3'	Visium HD 3' Gene Expression Library, Human Pancreatic Cancer (Fresh Frozen)	Homo sapiens	Pancreas	Pancreas	Cancer		PDAC	Fresh Frozen	2025-07-03	Creative Commons Attribution								no		E0_unknown	Bundled metadata does not establish patient identity.
TENX180	data/other_sources/hest1k/metadata/TENX180.json	yes	yes	MATCHED	TENX180	Breast	Cancer	IDC	Visium HD	Fresh Frozen	TENX180				https://www.10xgenomics.com/datasets/visium-hd-cytassist-gene-expression-libraries-human-breast-cancer-ff-ultima-4		Visium HD	Visium HD Spatial Gene Expression Library, Human Breast Cancer (Fresh Frozen), Ultima Sequencing	Homo sapiens	Breast	Breast	Cancer	Invasive ductal carcinoma (DCIS RIN: 7.7)	IDC	Fresh Frozen	2025-07-24	Creative Commons Attribution								no		E0_unknown	Bundled metadata does not establish patient identity.
TENX182	data/other_sources/hest1k/metadata/TENX182.json	yes	yes	MATCHED	TENX182	Ovary	Cancer	SOC	Visium HD 3'	Fresh Frozen	TENX182		Deep sequencing		https://www.10xgenomics.com/datasets/visium-hd-three-prime-ovarian-cancer-discovery-fresh-frozen		Visium HD 3'	Cross-Platform Comparison: Visium HD 3' Gene Expression Library, Human Ovarian Cancer (Fresh Frozen)	Homo sapiens	Ovary	Ovary	Cancer	(Ovarian Cancer, Ovarian Papillary Serous Carcinoma, II-A).	SOC	Fresh Frozen	2025-10-07	Creative Commons Attribution								no		E0_unknown	Bundled metadata does not establish patient identity.
TENX183	data/other_sources/hest1k/metadata/TENX183.json	yes	yes	MATCHED	TENX183	Ovary	Cancer	SOC	Visium HD 3'	Fresh Frozen	TENX183		Minimum Sequencing Depth		https://www.10xgenomics.com/datasets/visium-hd-three-prime-ovarian-cancer-discovery-fresh-frozen		Visium HD 3'	Cross-Platform Comparison: Visium HD 3' Gene Expression Library, Human Ovarian Cancer (Fresh Frozen)	Homo sapiens	Ovary	Ovary	Cancer	(Ovarian Cancer, Ovarian Papillary Serous Carcinoma, II-A).	SOC	Fresh Frozen	2025-10-07	Creative Commons Attribution								no		E0_unknown	Bundled metadata does not establish patient identity.
TENX184	data/other_sources/hest1k/metadata/TENX184.json	yes	yes	MATCHED	TENX184	Ovary	Cancer	SOC	Visium HD	Fresh Frozen	TENX184		Deep sequencing		https://www.10xgenomics.com/datasets/visium-hd-cytassist-gene-expression-ovarian-cancer-discovery-fresh-frozen		Visium HD	Cross-Platform Comparison: Visium HD Spatial Gene Expression Library, Human Ovarian Cancer (Fresh Frozen)	Homo sapiens	Ovary	Ovary	Cancer	(Ovarian Cancer, Ovarian Papillary Serous Carcinoma, II-A).	SOC	Fresh Frozen	2025-10-07	Creative Commons Attribution								no		E0_unknown	Bundled metadata does not establish patient identity.
TENX185	data/other_sources/hest1k/metadata/TENX185.json	yes	yes	MATCHED	TENX185	Ovary	Cancer	SOC	Visium HD	Fresh Frozen	TENX185		Minimum Sequencing Depth		https://www.10xgenomics.com/datasets/visium-hd-cytassist-gene-expression-ovarian-cancer-discovery-fresh-frozen		Visium HD	Cross-Platform Comparison: Visium HD Spatial Gene Expression Library, Human Ovarian Cancer (Fresh Frozen)	Homo sapiens	Ovary	Ovary	Cancer	(Ovarian Cancer, Ovarian Papillary Serous Carcinoma, II-A).	SOC	Fresh Frozen	2025-10-07	Creative Commons Attribution								no		E0_unknown	Bundled metadata does not establish patient identity.
TENX187	data/other_sources/hest1k/metadata/TENX187.json	yes	yes	MATCHED	TENX187	Ovary	Cancer	HGSOC	Xenium 5k	FFPE	TENX187				https://www.10xgenomics.com/datasets/xenium-prime-ffpe-human-ovarian-cancer		Xenium 5k	FFPE Human Ovarian Cancer with 5K Human Pan Tissue and Pathways Panel plus 100 Custom Genes	Homo sapiens	Ovary	Ovary	Cancer	Ovarian Papillary Serous Carcinoma: III-B (T3b N0 MX)	HGSOC	FFPE	2024-09-04	Creative Commons Attribution								no		E0_unknown	Bundled metadata does not establish patient identity.
TENX188	data/other_sources/hest1k/metadata/TENX188.json	yes	yes	MATCHED	TENX188	Cervix	Cancer	TODO	Xenium 5k	FFPE	TENX188				https://www.10xgenomics.com/datasets/xenium-prime-ffpe-human-cervical-cancer		Xenium 5k	FFPE Human Cervical Cancer with 5K Human Pan Tissue and Pathways Panel plus 100 Custom Genes	Homo sapiens	Cervix	Cervix	Cancer	Stage III-B (T1b N1 MX)	TODO	FFPE	2024-09-04	Creative Commons Attribution								no		E0_unknown	Bundled metadata does not establish patient identity.
TENX189	data/other_sources/hest1k/metadata/TENX189.json	yes	yes	MATCHED	TENX189	Lung	Cancer	LUAD	Xenium 5k	FFPE	TENX189		Experiment 2, Xenium Prime 5K		https://www.10xgenomics.com/datasets/xenium-human-lung-cancer-post-xenium-technote		Xenium 5k	Post-Xenium Technical Note: Xenium v1 and Xenium Prime 5K for FFPE Human Lung Cancer	Homo sapiens	Lung	Lung	Cancer	Lung Cancer, Invasive Acinar Adenocarcinoma, IB, T2a N0 MX	LUAD	FFPE	2024-11-06	Creative Commons Attribution								no		E0_unknown	Bundled metadata does not establish patient identity.
TENX190	data/other_sources/hest1k/metadata/TENX190.json	yes	yes	MATCHED	TENX190	Lung	Cancer	LUAD	Xenium 5k	FFPE	TENX190		Experiment 1, Xenium v1		https://www.10xgenomics.com/datasets/xenium-human-lung-cancer-post-xenium-technote		Xenium 5k	Post-Xenium Technical Note: Xenium v1 and Xenium Prime 5K for FFPE Human Lung Cancer	Homo sapiens	Lung	Lung	Cancer	Lung Cancer, Invasive Acinar Adenocarcinoma, IB, T2a N0 MX	LUAD	FFPE	2024-11-06	Creative Commons Attribution								no		E0_unknown	Bundled metadata does not establish patient identity.
TENX191	data/other_sources/hest1k/metadata/TENX191.json	yes	yes	MATCHED	TENX191	Breast	Cancer	IDC	Xenium	FFPE	TENX191	Patient 1	Section 1, top	https://www.biorxiv.org/content/10.64898/2025.12.08.692193v1	https://www.10xgenomics.com/datasets/xenium-ffpe-human-breast-biomarkers		Xenium	Xenium v1 Human Breast FFPE with Biomarkers & Housekeeping Genes Custom Panel	Homo sapiens	Breast	Breast	Cancer	IDC, T3 N0 M0, G3, HER2-Neg	IDC	FFPE	2025-12-11	Creative Commons Attribution						P1		no		E3_explicit	Bundled metadata explicitly supplies a patient value; it remains raw.
TENX192	data/other_sources/hest1k/metadata/TENX192.json	yes	yes	MATCHED	TENX192	Breast	Cancer	IDC	Xenium	FFPE	TENX192	Patient 1	Section 1, middle	https://www.biorxiv.org/content/10.64898/2025.12.08.692193v1	https://www.10xgenomics.com/datasets/xenium-ffpe-human-breast-biomarkers		Xenium	Xenium v1 Human Breast FFPE with Biomarkers & Housekeeping Genes Custom Panel	Homo sapiens	Breast	Breast	Cancer	DCIS, T2 N0 M0, G2, ER+/PR+/HER2-2+	IDC	FFPE	2025-12-11	Creative Commons Attribution						P1		no		E3_explicit	Bundled metadata explicitly supplies a patient value; it remains raw.
TENX193	data/other_sources/hest1k/metadata/TENX193.json	yes	yes	MATCHED	TENX193	Breast	Cancer	IDC	Xenium	FFPE	TENX193	Patient 1	Section 1, bottom	https://www.biorxiv.org/content/10.64898/2025.12.08.692193v1	https://www.10xgenomics.com/datasets/xenium-ffpe-human-breast-biomarkers		Xenium	Xenium v1 Human Breast FFPE with Biomarkers & Housekeeping Genes Custom Panel	Homo sapiens	Breast	Breast	Cancer	DCIS, T1c N0 M0, G3, HER2-1+	IDC	FFPE	2025-12-11	Creative Commons Attribution						P1		no		E3_explicit	Bundled metadata explicitly supplies a patient value; it remains raw.
TENX194	data/other_sources/hest1k/metadata/TENX194.json	yes	yes	MATCHED	TENX194	Breast	Healthy		Xenium	FFPE	TENX194	Patient 2	Section 2, top	https://www.biorxiv.org/content/10.64898/2025.12.08.692193v1	https://www.10xgenomics.com/datasets/xenium-ffpe-human-breast-biomarkers		Xenium	Xenium v1 Human Breast FFPE with Biomarkers & Housekeeping Genes Custom Panel	Homo sapiens	Breast	Breast	Healthy	Normal, NA (Normal), NA, HER2-Neg		FFPE	2025-12-11	Creative Commons Attribution						P2		no		E3_explicit	Bundled metadata explicitly supplies a patient value; it remains raw.
TENX195	data/other_sources/hest1k/metadata/TENX195.json	yes	yes	MATCHED	TENX195	Breast	Cancer	IDC	Xenium	FFPE	TENX195	Patient 2	Section 2, middle	https://www.biorxiv.org/content/10.64898/2025.12.08.692193v1	https://www.10xgenomics.com/datasets/xenium-ffpe-human-breast-biomarkers		Xenium	Xenium v1 Human Breast FFPE with Biomarkers & Housekeeping Genes Custom Panel	Homo sapiens	Breast	Breast	Cancer	DCIS, T1c N1 MX, G2, HER2-2+	IDC	FFPE	2025-12-11	Creative Commons Attribution						P2		no		E3_explicit	Bundled metadata explicitly supplies a patient value; it remains raw.
TENX196	data/other_sources/hest1k/metadata/TENX196.json	yes	yes	MATCHED	TENX196	Breast	Cancer	IDC	Xenium	FFPE	TENX196	Patient 2	Section 2, bottom	https://www.biorxiv.org/content/10.64898/2025.12.08.692193v1	https://www.10xgenomics.com/datasets/xenium-ffpe-human-breast-biomarkers		Xenium	Xenium v1 Human Breast FFPE with Biomarkers & Housekeeping Genes Custom Panel	Homo sapiens	Breast	Breast	Cancer	DCIS, Tis NX MX, G3, HER2-3+	IDC	FFPE	2025-12-11	Creative Commons Attribution						P2		no		E3_explicit	Bundled metadata explicitly supplies a patient value; it remains raw.
TENX197	data/other_sources/hest1k/metadata/TENX197.json	yes	yes	MATCHED	TENX197	Breast	Cancer	IDC	Xenium	FFPE	TENX197	Patient 3	Section 3, top	https://www.biorxiv.org/content/10.64898/2025.12.08.692193v1	https://www.10xgenomics.com/datasets/xenium-ffpe-human-breast-biomarkers		Xenium	Xenium v1 Human Breast FFPE with Biomarkers & Housekeeping Genes Custom Panel	Homo sapiens	Breast	Breast	Cancer	CCH/DCIS, Tis N0, G2, ER+/PR+/HER2-1+	IDC	FFPE	2025-12-11	Creative Commons Attribution						P3		no		E3_explicit	Bundled metadata explicitly supplies a patient value; it remains raw.
TENX198	data/other_sources/hest1k/metadata/TENX198.json	yes	yes	MATCHED	TENX198	Breast	Cancer	IDC	Xenium	FFPE	TENX198	Patient 3	Section 3, middle	https://www.biorxiv.org/content/10.64898/2025.12.08.692193v1	https://www.10xgenomics.com/datasets/xenium-ffpe-human-breast-biomarkers		Xenium	Xenium v1 Human Breast FFPE with Biomarkers & Housekeeping Genes Custom Panel	Homo sapiens	Breast	Breast	Cancer	DCIS, T4b N3a M1, G2, ER+/PR+/HER2-2+	IDC	FFPE	2025-12-11	Creative Commons Attribution						P3		no		E3_explicit	Bundled metadata explicitly supplies a patient value; it remains raw.
TENX199	data/other_sources/hest1k/metadata/TENX199.json	yes	yes	MATCHED	TENX199	Breast	Cancer	IDC	Xenium	FFPE	TENX199	Patient 3	Section 3, bottom	https://www.biorxiv.org/content/10.64898/2025.12.08.692193v1	https://www.10xgenomics.com/datasets/xenium-ffpe-human-breast-biomarkers		Xenium	Xenium v1 Human Breast FFPE with Biomarkers & Housekeeping Genes Custom Panel	Homo sapiens	Breast	Breast	Cancer	DCIS, TX NX M0, G2, ER-/PR-/HER2-2+	IDC	FFPE	2025-12-11	Creative Commons Attribution						P3		no		E3_explicit	Bundled metadata explicitly supplies a patient value; it remains raw.
TENX200	data/other_sources/hest1k/metadata/TENX200.json	yes	yes	MATCHED	TENX200	Breast	Cancer	IDC	Xenium	FFPE	TENX200	Patient 4	Section 4, top	https://www.biorxiv.org/content/10.64898/2025.12.08.692193v1	https://www.10xgenomics.com/datasets/xenium-ffpe-human-breast-biomarkers		Xenium	Xenium v1 Human Breast FFPE with Biomarkers & Housekeeping Genes Custom Panel	Homo sapiens	Breast	Breast	Cancer	IDC, Tis NX MX, G3, ER+/PR+/HER2-1+	IDC	FFPE	2025-12-11	Creative Commons Attribution						P4		no		E3_explicit	Bundled metadata explicitly supplies a patient value; it remains raw.
TENX201	data/other_sources/hest1k/metadata/TENX201.json	yes	yes	MATCHED	TENX201	Breast	Cancer	IDC	Xenium	FFPE	TENX201	Patient 4	Section 4, middle	https://www.biorxiv.org/content/10.64898/2025.12.08.692193v1	https://www.10xgenomics.com/datasets/xenium-ffpe-human-breast-biomarkers		Xenium	Xenium v1 Human Breast FFPE with Biomarkers & Housekeeping Genes Custom Panel	Homo sapiens	Breast	Breast	Cancer	IDC, T2 N0 MX, Not provided, ER+/PR+/HER2-2+	IDC	FFPE	2025-12-11	Creative Commons Attribution						P4		no		E3_explicit	Bundled metadata explicitly supplies a patient value; it remains raw.
TENX202	data/other_sources/hest1k/metadata/TENX202.json	yes	yes	MATCHED	TENX202	Breast	Cancer	IDC	Xenium	FFPE	TENX202	Patient 4	Section 4, bottom	https://www.biorxiv.org/content/10.64898/2025.12.08.692193v1	https://www.10xgenomics.com/datasets/xenium-ffpe-human-breast-biomarkers		Xenium	Xenium v1 Human Breast FFPE with Biomarkers & Housekeeping Genes Custom Panel	Homo sapiens	Breast	Breast	Cancer	DCIS, T4a N2a, G3, HER2-1+	IDC	FFPE	2025-12-11	Creative Commons Attribution						P4		no		E3_explicit	Bundled metadata explicitly supplies a patient value; it remains raw.
TENX23	data/other_sources/hest1k/metadata/TENX23.json	yes	yes	MATCHED	TENX23	Breast	Cancer	ILC	Visium	Fresh Frozen	TENX23				https://www.10xgenomics.com/datasets/human-breast-cancer-targeted-immunology-panel-1-standard-1-2-0		Visium	Human Breast Cancer: Targeted, Immunology Panel	Homo sapiens	Breast	Breast	Cancer	Invasive Lobular Carcinoma, AJCC/UICC Stage Group I, ER positive, PR positive, HER2 negative	ILC	Fresh Frozen	2020-10-27	Creative Commons Attribution				Targeted_Visium_Human_BreastCancer_Immunology				no		E0_unknown	Bundled metadata does not establish patient identity.
TENX24	data/other_sources/hest1k/metadata/TENX24.json	yes	yes	MATCHED	TENX24	Breast	Cancer	ILC	Visium	Fresh Frozen	TENX24				https://www.10xgenomics.com/datasets/human-breast-cancer-whole-transcriptome-analysis-1-standard-1-2-0		Visium	Human Breast Cancer: Whole Transcriptome Analysis	Homo sapiens	Breast	Breast	Cancer	Invasive Lobular Carcinoma, AJCC/UICC Stage Group I, ER positive, PR positive, HER2 negative	ILC	Fresh Frozen	2020-10-27	Creative Commons Attribution								no		E0_unknown	Bundled metadata does not establish patient identity.
TENX28	data/other_sources/hest1k/metadata/TENX28.json	yes	yes	MATCHED	TENX28	Bowel	Cancer	COAD	Visium	Fresh Frozen	TENX28				https://www.10xgenomics.com/datasets/human-colorectal-cancer-targeted-gene-signature-panel-1-standard-1-2-0		Visium	Human Colorectal Cancer: Targeted, Gene Signature Panel	Homo sapiens	Bowel	Colon	Cancer	Invasive Adenocarcinoma of the large intestine Stage Group IIB	COAD	Fresh Frozen	2020-10-27	Creative Commons Attribution				Targeted_Visium_Human_ColorectalCancer_GeneSignature				no		E0_unknown	Bundled metadata does not establish patient identity.
TENX29	data/other_sources/hest1k/metadata/TENX29.json	yes	yes	MATCHED	TENX29	Bowel	Cancer	COAD	Visium	Fresh Frozen	TENX29				https://www.10xgenomics.com/datasets/human-colorectal-cancer-whole-transcriptome-analysis-1-standard-1-2-0		Visium	Human Colorectal Cancer: Whole Transcriptome Analysis	Homo sapiens	Bowel	Large intestine	Cancer	Invasive Adenocarcinoma of the large intestine Stage Group IIB	COAD	Fresh Frozen	2020-10-27	Creative Commons Attribution				Parent_Visium_Human_ColorectalCancer				no		E0_unknown	Bundled metadata does not establish patient identity.
TENX39	data/other_sources/hest1k/metadata/TENX39.json	yes	yes	MATCHED	TENX39	Breast	Cancer	IDC	Visium	FFPE	TENX39				https://www.10xgenomics.com/datasets/human-breast-cancer-ductal-carcinoma-in-situ-invasive-carcinoma-ffpe-1-standard-1-3-0		Visium	Human Breast Cancer: Ductal Carcinoma In Situ, Invasive Carcinoma (FFPE)	Homo sapiens	Breast	Breast	Cancer	Ductal Carcinoma In Situ, Invasive Carcinoma, grade II	IDC	FFPE	2021-06-09	Creative Commons Attribution				V1_Human_Invasive_Ductal_Carcinoma				no		E0_unknown	Bundled metadata does not establish patient identity.
TENX40	data/other_sources/hest1k/metadata/TENX40.json	yes	yes	MATCHED	TENX40	Prostate	Cancer	PRAD	Visium	FFPE	TENX40				https://www.10xgenomics.com/datasets/human-prostate-cancer-adenocarcinoma-with-invasive-carcinoma-ffpe-1-standard-1-3-0		Visium	Human Prostate Cancer, Adenocarcinoma with Invasive Carcinoma (FFPE)	Homo sapiens	Prostate	Prostate	Cancer	Adenocarcinoma, Invasive Carcinoma, Stage III, Total Gleason score: 7	PRAD	FFPE	2021-06-09	Creative Commons Attribution				Visium_FFPE_Human_Prostate_Cancer				no		E0_unknown	Bundled metadata does not establish patient identity.
TENX41	data/other_sources/hest1k/metadata/TENX41.json	yes	yes	MATCHED	TENX41	Prostate	Healthy		Visium	FFPE	TENX41				https://www.10xgenomics.com/datasets/normal-human-prostate-ffpe-1-standard-1-3-0		Visium	Normal Human Prostate (FFPE)	Homo sapiens	Prostate	Prostate	Healthy			FFPE	2021-06-09	Creative Commons Attribution				Visium_FFPE_Human_Normal_Prostate				no		E0_unknown	Bundled metadata does not establish patient identity.
TENX46	data/other_sources/hest1k/metadata/TENX46.json	yes	yes	MATCHED	TENX46	Prostate	Cancer	PRAD	Visium	FFPE	TENX46				https://www.10xgenomics.com/datasets/human-prostate-cancer-acinar-cell-carcinoma-ffpe-1-standard		Visium	Human Prostate Cancer, Acinar Cell Carcinoma (FFPE)	Homo sapiens	Prostate	Prostate	Cancer	Invasive Acinar Cell Carcinoma Stage IV Gleason score 7	PRAD	FFPE	2021-10-08	Creative Commons Attribution				Visium_FFPE_Human_Prostate_Acinar_Cell_Carcinoma				no		E0_unknown	Bundled metadata does not establish patient identity.
TENX49	data/other_sources/hest1k/metadata/TENX49.json	yes	yes	MATCHED	TENX49	Bowel	Cancer	COAD	Visium	FFPE	TENX49				https://www.10xgenomics.com/datasets/human-intestine-cancer-1-standard		Visium	Human Intestine Cancer (FPPE)	Homo sapiens	Bowel	Large intestine	Cancer	Large Intestine Colorectal cancer	COAD	FFPE	2022-03-28	Creative Commons Attribution				Visium_FFPE_Human_Intestinal_Cancer				no		E0_unknown	Bundled metadata does not establish patient identity.
TENX50	data/other_sources/hest1k/metadata/TENX50.json	yes	yes	MATCHED	TENX50	Cervix	Cancer	CESC	Visium	FFPE	TENX50				https://www.10xgenomics.com/datasets/human-cervical-cancer-1-standard		Visium	Human Cervical Cancer (FFPE)	Homo sapiens	Cervix	Cervix	Cancer	Cervical Cancer, Invasive. Squamous cell carcinoma T1bN0M0 IB	CESC	FFPE	2022-03-28	Creative Commons Attribution				Visium_FFPE_Human_Cervical_Cancer				no		E0_unknown	Bundled metadata does not establish patient identity.
TENX51	data/other_sources/hest1k/metadata/TENX51.json	yes	yes	MATCHED	TENX51	Ovary	Cancer	SOC	Visium	FFPE	TENX51				https://www.10xgenomics.com/datasets/human-ovarian-cancer-1-standard		Visium	Human Ovarian Cancer (FFPE)	Homo sapiens	Ovary	Ovary	Cancer	Serous papillary carcinoma	SOC	FFPE	2022-03-28	Creative Commons Attribution				Visium_FFPE_Human_Ovarian_Cancer				no		E0_unknown	Bundled metadata does not establish patient identity.
TENX53	data/other_sources/hest1k/metadata/TENX53.json	yes	yes	MATCHED	TENX53	Breast	Cancer	IDC	Visium	Fresh Frozen	TENX53				https://www.10xgenomics.com/datasets/human-breast-cancer-visium-fresh-frozen-whole-transcriptome-1-standard		Visium	Human Breast Cancer: Visium Fresh Frozen, Whole Transcriptome	Homo sapiens	Breast	Breast	Cancer		IDC	Fresh Frozen	2022-07-01	Creative Commons Attribution				Visium_Human_Breast_Cancer				no		E0_unknown	Bundled metadata does not establish patient identity.
TENX62	data/other_sources/hest1k/metadata/TENX62.json	yes	yes	MATCHED	TENX62	Lung	Cancer	LUSC	Visium	FFPE	TENX62				https://www.10xgenomics.com/datasets/human-lung-cancer-ffpe-2-standard		Visium	Human Lung Cancer (FFPE)	Homo sapiens	Lung	Lung	Cancer	Lung, Squamous Cell Carcinoma	LUSC	FFPE	2022-07-13	Creative Commons Attribution				CytAssist_FFPE_Human_Lung_Squamous_Cell_Carcinoma				no		E0_unknown	Bundled metadata does not establish patient identity.
TENX65	data/other_sources/hest1k/metadata/TENX65.json	yes	yes	MATCHED	TENX65	Ovary	Cancer	HGSOC	Visium	FFPE	TENX65				https://www.10xgenomics.com/datasets/human-ovarian-cancer-11-mm-capture-area-ffpe-2-standard		Visium	Human Ovarian Cancer, 11 mm Capture Area (FFPE)	Homo sapiens	Ovary	Ovary	Cancer	Ovarian Serous Carcinoma, High Grade	HGSOC	FFPE	2022-07-14	Creative Commons Attribution				CytAssist_11mm_FFPE_Human_Ovarian_Carcinoma				no		E0_unknown	Bundled metadata does not establish patient identity.
TENX68	data/other_sources/hest1k/metadata/TENX68.json	yes	yes	MATCHED	TENX68	Breast	Cancer	IDC	Visium	Fresh Frozen	TENX68				https://www.10xgenomics.com/datasets/fresh-frozen-visium-on-cytassist-human-breast-cancer-probe-based-whole-transcriptome-profiling-2-standard		Visium	Fresh Frozen Visium on CytAssist: Human Breast Cancer, Probe-Based Whole Transcriptome Profiling	Homo sapiens	Breast	Breast	Cancer		IDC	Fresh Frozen	2023-01-06	Creative Commons Attribution				CytAssist_Fresh_Frozen_Human_Breast_Cancer				no		E0_unknown	Bundled metadata does not establish patient identity.
TENX70	data/other_sources/hest1k/metadata/TENX70.json	yes	yes	MATCHED	TENX70	Bowel	Cancer	COADREAD	Visium	FFPE	TENX70				https://www.10xgenomics.com/datasets/human-colorectal-cancer-11-mm-capture-area-ffpe-2-standard		Visium	Human Colorectal Cancer, 11 mm Capture Area (FFPE)	Homo sapiens	Bowel	Colorectal	Cancer	Colon carcinoma	COADREAD	FFPE	2023-02-14	Creative Commons Attribution				CytAssist_11mm_FFPE_Human_Colorectal_Cancer				no		E0_unknown	Bundled metadata does not establish patient identity.
TENX71	data/other_sources/hest1k/metadata/TENX71.json	yes	yes	MATCHED	TENX71	Kidney	Healthy		Visium	FFPE	TENX71				https://www.10xgenomics.com/datasets/human-kidney-11-mm-capture-area-ffpe-2-standard		Visium	Human Kidney, 11 mm Capture Area (FFPE)	Homo sapiens	Kidney	Kidney	Healthy			FFPE	2023-02-14	Creative Commons Attribution				CytAssist_11mm_FFPE_Human_Kidney				no		E0_unknown	Bundled metadata does not establish patient identity.
TENX72	data/other_sources/hest1k/metadata/TENX72.json	yes	yes	MATCHED	TENX72	Lung	Cancer	LNET	Visium	FFPE	TENX72				https://www.10xgenomics.com/datasets/human-lung-cancer-11-mm-capture-area-ffpe-2-standard		Visium	Human Lung Cancer, 11 mm Capture Area (FFPE)	Homo sapiens	Lung	Lung	Cancer	Neuroendocrine Carcinoma either ALUCA of LUCA	LNET	FFPE	2023-02-14	Creative Commons Attribution				CytAssist_11mm_FFPE_Human_Lung_Cancer				no		E0_unknown	Bundled metadata does not establish patient identity.
TENX89	data/other_sources/hest1k/metadata/TENX89.json	yes	yes	MATCHED	TENX89	Bowel	Cancer	COAD	Visium	FFPE	TENX89		Control, Replicate 2		https://www.10xgenomics.com/datasets/visium-cytassist-gene-expression-libraries-of-post-xenium-human-colon-cancer-ffpe-using-the-human-whole-transcriptome-probe-set-2-standard		Visium	Visium CytAssist Gene Expression Libraries of Post-Xenium Human Colon Cancer (FFPE)	Homo sapiens	Bowel	Colon	Cancer		COAD	FFPE	2023-10-05	Creative Commons Attribution				CytAssist_FFPE_Human_Colon_Rep2				no		E0_unknown	Bundled metadata does not establish patient identity.
TENX90	data/other_sources/hest1k/metadata/TENX90.json	yes	yes	MATCHED	TENX90	Bowel	Cancer	COAD	Visium	FFPE	TENX90		Control, Replicate 1		https://www.10xgenomics.com/datasets/visium-cytassist-gene-expression-libraries-of-post-xenium-human-colon-cancer-ffpe-using-the-human-whole-transcriptome-probe-set-2-standard		Visium	Visium CytAssist Gene Expression Libraries of Post-Xenium Human Colon Cancer (FFPE)	Homo sapiens	Bowel	Colon	Cancer		COAD	FFPE	2023-10-05	Creative Commons Attribution				CytAssist_FFPE_Human_Colon_Rep1				no		E0_unknown	Bundled metadata does not establish patient identity.
TENX91	data/other_sources/hest1k/metadata/TENX91.json	yes	yes	MATCHED	TENX91	Bowel	Cancer	COAD	Visium	FFPE	TENX91		Post-Xenium, Replicate 2		https://www.10xgenomics.com/datasets/visium-cytassist-gene-expression-libraries-of-post-xenium-human-colon-cancer-ffpe-using-the-human-whole-transcriptome-probe-set-2-standard		Visium	Visium CytAssist Gene Expression Libraries of Post-Xenium Human Colon Cancer (FFPE)	Homo sapiens	Bowel	Colon	Cancer		COAD	FFPE	2023-10-05	Creative Commons Attribution				CytAssist_FFPE_Human_Colon_Post_Xenium_Rep2				no		E0_unknown	Bundled metadata does not establish patient identity.
TENX92	data/other_sources/hest1k/metadata/TENX92.json	yes	yes	MATCHED	TENX92	Bowel	Cancer	COAD	Visium	FFPE	TENX92		Post-Xenium, Replicate 1		https://www.10xgenomics.com/datasets/visium-cytassist-gene-expression-libraries-of-post-xenium-human-colon-cancer-ffpe-using-the-human-whole-transcriptome-probe-set-2-standard		Visium	Visium CytAssist Gene Expression Libraries of Post-Xenium Human Colon Cancer (FFPE)	Homo sapiens	Bowel	Colon	Cancer		COAD	FFPE	2023-10-05	Creative Commons Attribution				CytAssist_FFPE_Human_Colon_Post_Xenium_Rep1				no		E0_unknown	Bundled metadata does not establish patient identity.
TENX94	data/other_sources/hest1k/metadata/TENX94.json	yes	yes	MATCHED	TENX94	Breast	Cancer	ILC	Xenium	FFPE	TENX94	patient 3	Tissue sample 2		https://www.10xgenomics.com/datasets/ffpe-human-breast-with-pre-designed-panel-1-standard		Xenium	FFPE Human Breast with Pre-designed Panel	Homo sapiens	Breast	Breast	Cancer		ILC	FFPE	2023-01-22	Creative Commons Attribution		0002429	Xenium_V1_FFPE_Human_Breast_ILC		3.0	P3		no		E3_explicit	Bundled metadata explicitly supplies a patient value; it remains raw.
TENX95	data/other_sources/hest1k/metadata/TENX95.json	yes	yes	MATCHED	TENX95	Breast	Cancer	IDC	Xenium	FFPE	TENX95	patient 2	Tissue sample 1		https://www.10xgenomics.com/datasets/ffpe-human-breast-with-pre-designed-panel-1-standard		Xenium	FFPE Human Breast with Pre-designed Panel	Homo sapiens	Breast	Breast	Cancer		IDC	FFPE	2023-01-22	Creative Commons Attribution		0002429	Xenium_V1_FFPE_Human_Breast_IDC		3.0	P2		no		E3_explicit	Bundled metadata explicitly supplies a patient value; it remains raw.
TENX96	data/other_sources/hest1k/metadata/TENX96.json	yes	yes	MATCHED	TENX96	Breast	Cancer	ILC	Xenium	FFPE	TENX96	patient 3	Tissue sample 2		https://www.10xgenomics.com/datasets/ffpe-human-breast-with-custom-add-on-panel-1-standard		Xenium	FFPE Human Breast with Custom Add-on Panel	Homo sapiens	Breast	Breast	Cancer		ILC	FFPE	2023-01-22	Creative Commons Attribution		0002807	Xenium_V1_FFPE_Human_Breast_ILC_With_Addon		3.0	P3		no		E3_explicit	Bundled metadata explicitly supplies a patient value; it remains raw.
TENX97	data/other_sources/hest1k/metadata/TENX97.json	yes	yes	MATCHED	TENX97	Breast	Cancer	IDC	Xenium	FFPE	TENX97	patient 2	Tissue sample 1		https://www.10xgenomics.com/datasets/ffpe-human-breast-with-custom-add-on-panel-1-standard		Xenium	FFPE Human Breast with Custom Add-on Panel	Homo sapiens	Breast	Breast	Cancer		IDC	FFPE	2023-01-22	Creative Commons Attribution		0002807	Xenium_V1_FFPE_Human_Breast_IDC_With_Addon		3.0	P2		no		E3_explicit	Bundled metadata explicitly supplies a patient value; it remains raw.
TENX98	data/other_sources/hest1k/metadata/TENX98.json	yes	yes	MATCHED	TENX98	Breast	Cancer	IDC	Xenium	FFPE	TENX98	patient 1	Replicate 2		https://www.10xgenomics.com/datasets/ffpe-human-breast-using-the-entire-sample-area-1-standard		Xenium	FFPE Human Breast using the Entire Sample Area	Homo sapiens	Breast	Breast	Cancer		IDC	FFPE	2023-01-22	Creative Commons Attribution		0002169	Xenium_V1_FFPE_Human_Breast_IDC_Big_2		3.0	P1		no		E3_explicit	Bundled metadata explicitly supplies a patient value; it remains raw.
TENX99	data/other_sources/hest1k/metadata/TENX99.json	yes	yes	MATCHED	TENX99	Breast	Cancer	IDC	Xenium	FFPE	TENX99	patient 1	Replicate 1		https://www.10xgenomics.com/datasets/ffpe-human-breast-using-the-entire-sample-area-1-standard		Xenium	FFPE Human Breast using the Entire Sample Area	Homo sapiens	Breast	Breast	Cancer		IDC	FFPE	2023-01-22	Creative Commons Attribution		0002178	Xenium_V1_FFPE_Human_Breast_IDC_Big_1		3.0	P1		no		E3_explicit	Bundled metadata explicitly supplies a patient value; it remains raw.
ZEN36	data/other_sources/hest1k/metadata/ZEN36.json	yes	yes	MATCHED	ZEN36	Bowel	Cancer	READ	Visium	Fresh Frozen	ZEN36	Patient 7	A938797_Rep2	https://www.biorxiv.org/content/10.1101/2023.01.23.525135v2	https://zenodo.org/records/7760264		Visium	Charting the Heterogeneity of Colorectal Cancer Consensus Molecular Subtypes using Spatial Transcriptomics: datasets	Homo sapiens	Bowel	Rectum	Cancer		READ	Fresh Frozen	Jan 19, 2023	Creative Commons Attribution 4.0 International				Count_SN124_A938797_Rep2		P7		no		E3_explicit	Bundled metadata explicitly supplies a patient value; it remains raw.
ZEN37	data/other_sources/hest1k/metadata/ZEN37.json	yes	yes	MATCHED	ZEN37	Bowel	Healthy		Visium	Fresh Frozen	ZEN37	Patient 6	A798015_Rep2	https://www.biorxiv.org/content/10.1101/2023.01.23.525135v2	https://zenodo.org/records/7760264		Visium	Charting the Heterogeneity of Colorectal Cancer Consensus Molecular Subtypes using Spatial Transcriptomics: datasets	Homo sapiens	Bowel	Sigma/Rectum	Healthy			Fresh Frozen	Jan 19, 2023	Creative Commons Attribution 4.0 International				Count_SN124_A798015_Rep21		P6		no		E3_explicit	Bundled metadata explicitly supplies a patient value; it remains raw.
ZEN38	data/other_sources/hest1k/metadata/ZEN38.json	yes	yes	MATCHED	ZEN38	Bowel	Cancer	COAD	Visium	Fresh Frozen	ZEN38	Patient 5	A595688_Rep2	https://www.biorxiv.org/content/10.1101/2023.01.23.525135v2	https://zenodo.org/records/7760264		Visium	Charting the Heterogeneity of Colorectal Cancer Consensus Molecular Subtypes using Spatial Transcriptomics: datasets	Homo sapiens	Bowel	Colon (right)	Cancer		COAD	Fresh Frozen	Jan 19, 2023	Creative Commons Attribution 4.0 International				Count_SN124_A595688_Rep2		P5		no		E3_explicit	Bundled metadata explicitly supplies a patient value; it remains raw.
ZEN39	data/other_sources/hest1k/metadata/ZEN39.json	yes	yes	MATCHED	ZEN39	Bowel	Cancer	COAD	Visium	Fresh Frozen	ZEN39	Patient 4	A551763_Rep2	https://www.biorxiv.org/content/10.1101/2023.01.23.525135v2	https://zenodo.org/records/7760264		Visium	Charting the Heterogeneity of Colorectal Cancer Consensus Molecular Subtypes using Spatial Transcriptomics: datasets	Homo sapiens	Bowel	Cecum	Cancer	Adenocarcinoma, mucinous, moderately differentiated	COAD	Fresh Frozen	Jan 19, 2023	Creative Commons Attribution 4.0 International				Count_SN124_A551763_Rep2		P4		no		E3_explicit	Bundled metadata explicitly supplies a patient value; it remains raw.
ZEN40	data/other_sources/hest1k/metadata/ZEN40.json	yes	yes	MATCHED	ZEN40	Bowel	Cancer	READ	Visium	Fresh Frozen	ZEN40	Patient 7	A938797_Rep1	https://www.biorxiv.org/content/10.1101/2023.01.23.525135v2	https://zenodo.org/records/7760264		Visium	Charting the Heterogeneity of Colorectal Cancer Consensus Molecular Subtypes using Spatial Transcriptomics: datasets	Homo sapiens	Bowel	Rectum	Cancer		READ	Fresh Frozen	Jan 19, 2023	Creative Commons Attribution 4.0 International				SN123_A938797_Rep1		P7		no		E3_explicit	Bundled metadata explicitly supplies a patient value; it remains raw.
ZEN41	data/other_sources/hest1k/metadata/ZEN41.json	yes	yes	MATCHED	ZEN41	Bowel	Healthy		Visium	Fresh Frozen	ZEN41	Patient 6	A798015_Rep1	https://www.biorxiv.org/content/10.1101/2023.01.23.525135v2	https://zenodo.org/records/7760264		Visium	Charting the Heterogeneity of Colorectal Cancer Consensus Molecular Subtypes using Spatial Transcriptomics: datasets	Homo sapiens	Bowel	Sigma/Rectum	Healthy			Fresh Frozen	Jan 19, 2023	Creative Commons Attribution 4.0 International				Count_SN123_A798015_Rep1		P6		no		E3_explicit	Bundled metadata explicitly supplies a patient value; it remains raw.
ZEN42	data/other_sources/hest1k/metadata/ZEN42.json	yes	yes	MATCHED	ZEN42	Bowel	Cancer	COAD	Visium	Fresh Frozen	ZEN42	Patient 5	A595688_Rep1	https://www.biorxiv.org/content/10.1101/2023.01.23.525135v2	https://zenodo.org/records/7760264		Visium	Charting the Heterogeneity of Colorectal Cancer Consensus Molecular Subtypes using Spatial Transcriptomics: datasets	Homo sapiens	Bowel	Colon (right)	Cancer		COAD	Fresh Frozen	Jan 19, 2023	Creative Commons Attribution 4.0 International				Count_SN123_A595688_Rep1		P5		no		E3_explicit	Bundled metadata explicitly supplies a patient value; it remains raw.
ZEN43	data/other_sources/hest1k/metadata/ZEN43.json	yes	yes	MATCHED	ZEN43	Bowel	Cancer	COAD	Visium	Fresh Frozen	ZEN43	Patient 4	A551763_Rep1	https://www.biorxiv.org/content/10.1101/2023.01.23.525135v2	https://zenodo.org/records/7760264		Visium	Charting the Heterogeneity of Colorectal Cancer Consensus Molecular Subtypes using Spatial Transcriptomics: datasets	Homo sapiens	Bowel	Cecum	Cancer	Adenocarcinoma, mucinous, moderately differentiated	COAD	Fresh Frozen	Jan 19, 2023	Creative Commons Attribution 4.0 International				Count_SN123_A551763_Rep1		P4		no		E3_explicit	Bundled metadata explicitly supplies a patient value; it remains raw.
ZEN44	data/other_sources/hest1k/metadata/ZEN44.json	yes	yes	MATCHED	ZEN44	Bowel	Cancer	COAD	Visium	Fresh Frozen	ZEN44	Patient 3	A120838_Rep2	https://www.biorxiv.org/content/10.1101/2023.01.23.525135v2	https://zenodo.org/records/7760264		Visium	Charting the Heterogeneity of Colorectal Cancer Consensus Molecular Subtypes using Spatial Transcriptomics: datasets	Homo sapiens	Bowel	Colon (Sigma)	Cancer		COAD	Fresh Frozen	Jan 19, 2023	Creative Commons Attribution 4.0 International				Count_SN84_A120838_Rep2		P3		no		E3_explicit	Bundled metadata explicitly supplies a patient value; it remains raw.
ZEN45	data/other_sources/hest1k/metadata/ZEN45.json	yes	yes	MATCHED	ZEN45	Bowel	Cancer	COAD	Visium	Fresh Frozen	ZEN45	Patient 3	A120838_Rep1	https://www.biorxiv.org/content/10.1101/2023.01.23.525135v2	https://zenodo.org/records/7760264		Visium	Charting the Heterogeneity of Colorectal Cancer Consensus Molecular Subtypes using Spatial Transcriptomics: datasets	Homo sapiens	Bowel	Colon (Sigma)	Cancer		COAD	Fresh Frozen	Jan 19, 2023	Creative Commons Attribution 4.0 International				Count_SN84_A120838_Rep1		P3		no		E3_explicit	Bundled metadata explicitly supplies a patient value; it remains raw.
ZEN46	data/other_sources/hest1k/metadata/ZEN46.json	yes	yes	MATCHED	ZEN46	Bowel	Cancer	COAD	Visium	Fresh Frozen	ZEN46	Patient 2	A416371_Rep2	https://www.biorxiv.org/content/10.1101/2023.01.23.525135v2	https://zenodo.org/records/7760264		Visium	Charting the Heterogeneity of Colorectal Cancer Consensus Molecular Subtypes using Spatial Transcriptomics: datasets	Homo sapiens	Bowel	Colon (right)	Cancer		COAD	Fresh Frozen	Jan 19, 2023	Creative Commons Attribution 4.0 International				Count_SN048_A416371_Rep2		P2		no		E3_explicit	Bundled metadata explicitly supplies a patient value; it remains raw.
ZEN47	data/other_sources/hest1k/metadata/ZEN47.json	yes	yes	MATCHED	ZEN47	Bowel	Cancer	COAD	Visium	Fresh Frozen	ZEN47	Patient 2	A416371_Rep1	https://www.biorxiv.org/content/10.1101/2023.01.23.525135v2	https://zenodo.org/records/7760264		Visium	Charting the Heterogeneity of Colorectal Cancer Consensus Molecular Subtypes using Spatial Transcriptomics: datasets	Homo sapiens	Bowel	Colon (right)	Cancer		COAD	Fresh Frozen	Jan 19, 2023	Creative Commons Attribution 4.0 International				Count_SN048_A416371_Rep1		P2		no		E3_explicit	Bundled metadata explicitly supplies a patient value; it remains raw.
ZEN48	data/other_sources/hest1k/metadata/ZEN48.json	yes	yes	MATCHED	ZEN48	Bowel	Cancer	READ	Visium	Fresh Frozen	ZEN48	Patient 1	A121573_Rep2	https://www.biorxiv.org/content/10.1101/2023.01.23.525135v2	https://zenodo.org/records/7760264		Visium	Charting the Heterogeneity of Colorectal Cancer Consensus Molecular Subtypes using Spatial Transcriptomics: datasets	Homo sapiens	Bowel	Rectum	Cancer		READ	Fresh Frozen	Jan 19, 2023	Creative Commons Attribution 4.0 International				Count_SN048_A121573_Rep2		P1		no		E3_explicit	Bundled metadata explicitly supplies a patient value; it remains raw.
ZEN49	data/other_sources/hest1k/metadata/ZEN49.json	yes	yes	MATCHED	ZEN49	Bowel	Cancer	READ	Visium	Fresh Frozen	ZEN49	Patient 1	A121573_Rep1	https://www.biorxiv.org/content/10.1101/2023.01.23.525135v2	https://zenodo.org/records/7760264		Visium	Charting the Heterogeneity of Colorectal Cancer Consensus Molecular Subtypes using Spatial Transcriptomics: datasets	Homo sapiens	Bowel	Rectum	Cancer		READ	Fresh Frozen	Jan 19, 2023	Creative Commons Attribution 4.0 International				Count_SN048_A121573_Rep1		P1		no		E3_explicit	Bundled metadata explicitly supplies a patient value; it remains raw.
