section_id	cohort	set_id	arm	obs	null_median	p_one_sided	sigma	note
usz-KC1	USZ	GOBP_NEGATIVE_REGULATION_OF_VASCULAR_ENDOTHELIAL_GROWTH_FACTOR_PRODUCTION	own	-0.073194	-0.002331	0.9801		white_fallback
usz-KC1	USZ	GOBP_NEGATIVE_REGULATION_OF_VASCULAR_ENDOTHELIAL_GROWTH_FACTOR_PRODUCTION	comp	-0.076758	0.002606	1.0		white_fallback
usz-KC1	USZ	GOBP_REGULATION_OF_INTEGRIN_MEDIATED_SIGNALING_PATHWAY	own	0.002861	-0.000867	0.3085		white_fallback
usz-KC1	USZ	GOBP_REGULATION_OF_INTEGRIN_MEDIATED_SIGNALING_PATHWAY	comp	0.003981	-0.000265	0.2786		white_fallback
usz-KC1	USZ	GOBP_COMPLEMENT_ACTIVATION_CLASSICAL_PATHWAY	own	-4.9e-05	0.000105	0.5075	75.7	
usz-KC1	USZ	GOBP_COMPLEMENT_ACTIVATION_CLASSICAL_PATHWAY	comp	-0.000335	-0.000511	0.4876	41.7	
usz-KC1	USZ	GOBP_PEPTIDE_ANTIGEN_ASSEMBLY_WITH_MHC_PROTEIN_COMPLEX	own	-0.017127	-0.001234	0.9851	41.0	
usz-KC1	USZ	GOBP_PEPTIDE_ANTIGEN_ASSEMBLY_WITH_MHC_PROTEIN_COMPLEX	comp	-0.016992	-0.000448	0.9851		white_fallback
usz-KC1	USZ	GOBP_NEGATIVE_REGULATION_OF_REACTIVE_OXYGEN_SPECIES_BIOSYNTHETIC_PROCESS	own	-0.000745	-9e-06	0.5473		white_fallback
usz-KC1	USZ	GOBP_NEGATIVE_REGULATION_OF_REACTIVE_OXYGEN_SPECIES_BIOSYNTHETIC_PROCESS	comp	-0.00049	-0.000151	0.5174		white_fallback
usz-KC1	USZ	GOBP_MRNA_5_SPLICE_SITE_RECOGNITION	own	0.002542	0.000284	0.403		white_fallback
usz-KC1	USZ	GOBP_MRNA_5_SPLICE_SITE_RECOGNITION	comp	0.001956	5.3e-05	0.4179		white_fallback
usz-KC1	USZ	GOBP_RESPONSE_TO_INTERFERON_ALPHA	own	-0.004034	0.000115	0.796		white_fallback
usz-KC1	USZ	GOBP_RESPONSE_TO_INTERFERON_ALPHA	comp	-0.004497	-0.000121	0.801		white_fallback
usz-KC1	USZ	GOBP_POSITIVE_REGULATION_OF_VASCULAR_ASSOCIATED_SMOOTH_MUSCLE_CELL_MIGRATION	own	5.5e-05	0.000269	0.5274		white_fallback
usz-KC1	USZ	GOBP_POSITIVE_REGULATION_OF_VASCULAR_ASSOCIATED_SMOOTH_MUSCLE_CELL_MIGRATION	comp	-0.000731	0.000387	0.6119		white_fallback
usz-KC1	USZ	GOBP_NEGATIVE_REGULATION_OF_EXTRACELLULAR_MATRIX_ORGANIZATION	own	-0.005877	-0.001327	0.796		white_fallback
usz-KC1	USZ	GOBP_NEGATIVE_REGULATION_OF_EXTRACELLULAR_MATRIX_ORGANIZATION	comp	-0.005644	-0.00061	0.7811		white_fallback
usz-KC1	USZ	GOBP_CELL_FATE_DETERMINATION	own	-0.001615	-6e-06	0.801		white_fallback
usz-KC1	USZ	GOBP_CELL_FATE_DETERMINATION	comp	-0.001291	8.6e-05	0.7413		white_fallback
usz-KC1	USZ	GOBP_HYPERSENSITIVITY	own	0.001154	0.000139	0.403		white_fallback
usz-KC1	USZ	GOBP_HYPERSENSITIVITY	comp	0.001665	0.000463	0.3781		white_fallback
usz-KC1	USZ	GOBP_NEGATIVE_REGULATION_OF_BLOOD_VESSEL_ENDOTHELIAL_CELL_PROLIFERATION_INVOLVED_IN_SPROUTING_ANGIOGENESIS	own	0.008959	-0.000298	0.1095		white_fallback
usz-KC1	USZ	GOBP_NEGATIVE_REGULATION_OF_BLOOD_VESSEL_ENDOTHELIAL_CELL_PROLIFERATION_INVOLVED_IN_SPROUTING_ANGIOGENESIS	comp	0.008719	-6.7e-05	0.1045		white_fallback
usz-KC1	USZ	GOBP_PHYSIOLOGICAL_CARDIAC_MUSCLE_HYPERTROPHY	own	-0.001656	-0.000206	0.7164		white_fallback
usz-KC1	USZ	GOBP_PHYSIOLOGICAL_CARDIAC_MUSCLE_HYPERTROPHY	comp	-0.001901	-4.9e-05	0.7463		white_fallback
usz-KC1	USZ	GOBP_INTEGRIN_MEDIATED_SIGNALING_PATHWAY	own	0.001968	-0.000206	0.2587	44.2	
usz-KC1	USZ	GOBP_INTEGRIN_MEDIATED_SIGNALING_PATHWAY	comp	0.0023	-0.000105	0.199		white_fallback
usz-KC1	USZ	GOBP_RESPONSE_TO_PROSTAGLANDIN_E	own	0.005339	0.000254	0.0896		white_fallback
usz-KC1	USZ	GOBP_RESPONSE_TO_PROSTAGLANDIN_E	comp	0.004776	-0.000229	0.0995		white_fallback
usz-KC1	USZ	GOBP_CELL_ADHESION_MOLECULE_PRODUCTION	own	0.002465	-8.2e-05	0.2836		white_fallback
usz-KC1	USZ	GOBP_CELL_ADHESION_MOLECULE_PRODUCTION	comp	0.003131	-0.000121	0.2189		white_fallback
usz-KC1	USZ	GOBP_POSITIVE_REGULATION_OF_RNA_SPLICING	own	0.000496	6.2e-05	0.4726		white_fallback
usz-KC1	USZ	GOBP_POSITIVE_REGULATION_OF_RNA_SPLICING	comp	1.6e-05	0.000311	0.5124		white_fallback
usz-KC1	USZ	GOBP_DEFINITIVE_HEMOPOIESIS	own	-0.001317	0.000595	0.6716		white_fallback
usz-KC1	USZ	GOBP_DEFINITIVE_HEMOPOIESIS	comp	-0.001685	-1.2e-05	0.6617		white_fallback
usz-KC1	USZ	GOBP_PROTEIN_DEACETYLATION	own	0.006008	0.000529	0.0746		white_fallback
usz-KC1	USZ	GOBP_PROTEIN_DEACETYLATION	comp	0.005974	-0.000136	0.0647		white_fallback
usz-KC1	USZ	GOBP_CELL_JUNCTION_DISASSEMBLY	own	0.000133	-0.000665	0.4378	42.9	
usz-KC1	USZ	GOBP_CELL_JUNCTION_DISASSEMBLY	comp	-0.000932	4e-05	0.6318		white_fallback
usz-KC1	USZ	GOBP_REGULATION_OF_SYNAPTIC_VESICLE_ENDOCYTOSIS	own	-0.003506	-0.000375	0.7065		white_fallback
usz-KC1	USZ	GOBP_REGULATION_OF_SYNAPTIC_VESICLE_ENDOCYTOSIS	comp	-0.003709	-0.000958	0.6915		white_fallback
usz-KC1	USZ	GOBP_RESPONSE_TO_NITRIC_OXIDE	own	-0.008254	-0.000477	0.9453		white_fallback
usz-KC1	USZ	GOBP_RESPONSE_TO_NITRIC_OXIDE	comp	-0.007622	0.000745	0.9851		white_fallback
usz-KC1	USZ	GOBP_REGULATION_OF_CELL_GROWTH_INVOLVED_IN_CARDIAC_MUSCLE_CELL_DEVELOPMENT	own	-0.002048	6.9e-05	0.6766		white_fallback
usz-KC1	USZ	GOBP_REGULATION_OF_CELL_GROWTH_INVOLVED_IN_CARDIAC_MUSCLE_CELL_DEVELOPMENT	comp	-0.002628	0.000219	0.7612		white_fallback
usz-KC1	USZ	GOBP_INNERVATION	own	-0.00214	-0.000127	0.7065		white_fallback
usz-KC1	USZ	GOBP_INNERVATION	comp	-0.001629	4.3e-05	0.6965		white_fallback
usz-KC1	USZ	GOBP_RESPONSE_TO_ETHER	own	0.001508	0.000196	0.3682		white_fallback
usz-KC1	USZ	GOBP_RESPONSE_TO_ETHER	comp	0.001739	-8.6e-05	0.2836		white_fallback
usz-KC1	USZ	GOBP_RESCUE_OF_STALLED_RIBOSOME	own	-0.007447	-0.000415	0.9602		white_fallback
usz-KC1	USZ	GOBP_RESCUE_OF_STALLED_RIBOSOME	comp	-0.007351	5.1e-05	0.99		white_fallback
usz-KC1	USZ	GOBP_NEGATIVE_REGULATION_OF_MUSCLE_HYPERTROPHY	own	-0.00226	-0.000405	0.7164		white_fallback
usz-KC1	USZ	GOBP_NEGATIVE_REGULATION_OF_MUSCLE_HYPERTROPHY	comp	-0.002581	0.000172	0.7711		white_fallback
usz-KC1	USZ	GOBP_NEURON_INTRINSIC_APOPTOTIC_SIGNALING_PATHWAY_IN_RESPONSE_TO_OXIDATIVE_STRESS	own	-3.3e-05	0.000133	0.5224		white_fallback
usz-KC1	USZ	GOBP_NEURON_INTRINSIC_APOPTOTIC_SIGNALING_PATHWAY_IN_RESPONSE_TO_OXIDATIVE_STRESS	comp	-0.000755	-0.00049	0.5274		white_fallback
usz-KC1	USZ	GOBP_POSITIVE_REGULATION_OF_T_CELL_MIGRATION	own	0.000308	5.5e-05	0.4826		white_fallback
usz-KC1	USZ	GOBP_POSITIVE_REGULATION_OF_T_CELL_MIGRATION	comp	0.000136	0.000181	0.5124		white_fallback
usz-KC1	USZ	GOBP_POSITIVE_REGULATION_OF_LEUKOCYTE_ADHESION_TO_VASCULAR_ENDOTHELIAL_CELL	own	0.002025	-6.3e-05	0.3234		white_fallback
usz-KC1	USZ	GOBP_POSITIVE_REGULATION_OF_LEUKOCYTE_ADHESION_TO_VASCULAR_ENDOTHELIAL_CELL	comp	0.002338	-0.000146	0.2388		white_fallback
usz-KC1	USZ	CTRL_B_AXIS	own	0.000907	-4e-05	0.2587		white_fallback
usz-KC1	USZ	CTRL_B_AXIS	comp	0.001	-0.000196	0.2338		white_fallback
usz-KC1	USZ	CTRL_MYC_V1	own	-0.002771	-0.000441	0.6816	81.9	
usz-KC1	USZ	CTRL_MYC_V1	comp	-0.002402	-0.000151	0.7214	77.2	
usz-KC1	USZ	CTRL_RANDOM_32	own	0.00069	7.4e-05	0.4129		white_fallback
usz-KC1	USZ	CTRL_RANDOM_32	comp	0.000576	-0.000569	0.4129		white_fallback
usz-KC1	USZ	HALLMARK_INTERFERON_GAMMA_RESPONSE	own	-0.001203	4.4e-05	0.6915	44.5	
usz-KC1	USZ	HALLMARK_INTERFERON_GAMMA_RESPONSE	comp	-0.000924	4.8e-05	0.7264	43.4	
usz-KC1	USZ	HALLMARK_INTERFERON_ALPHA_RESPONSE	own	-0.002733	-0.000111	0.8706	42.1	
usz-KC1	USZ	HALLMARK_INTERFERON_ALPHA_RESPONSE	comp	-0.002561	-5.3e-05	0.8109	41.6	
usz-KC1	USZ	HALLMARK_G2M_CHECKPOINT	own	-0.000856	-7.8e-05	0.7463		white_fallback
usz-KC1	USZ	HALLMARK_G2M_CHECKPOINT	comp	-0.000727	-8.5e-05	0.6667		white_fallback
usz-KC1	USZ	HALLMARK_EPITHELIAL_MESENCHYMAL_TRANSITION	own	0.000883	0.00036	0.4527	79.3	
usz-KC1	USZ	HALLMARK_EPITHELIAL_MESENCHYMAL_TRANSITION	comp	0.001727	-0.000468	0.2786	74.2	
usz-KC1	USZ	GENE_CXCL13	own	0.000173	-4.3e-05	0.3035		white_fallback
usz-KC1	USZ	GENE_CXCL13	comp	0.000443	-0.000144	0.2338		white_fallback
usz-KC1	USZ	GENE_CCL19	own	0.031133	0.000382	0.0647		white_fallback
usz-KC1	USZ	GENE_CCL19	comp	0.032867	0.000693	0.0796		white_fallback
usz-KC1	USZ	GENE_CCL21	own	-0.000321	-0.000578	0.4876		white_fallback
usz-KC1	USZ	GENE_CCL21	comp	-0.000549	-0.000365	0.5025		white_fallback
usz-KC1	USZ	GENE_LTB	own	0.013834	0.001798	0.2786		white_fallback
usz-KC1	USZ	GENE_LTB	comp	0.01215	-0.001112	0.3134		white_fallback
usz-KC1	USZ	GENE_CD74	own	0.051608	0.008293	0.1393		white_fallback
usz-KC1	USZ	GENE_CD74	comp	0.055459	-0.004145	0.0846		white_fallback
usz-KC1	USZ	GENE_HLA_DRA	own	-0.015559	0.000837	0.6368		white_fallback
usz-KC1	USZ	GENE_HLA_DRA	comp	-0.015039	-0.004098	0.6169		white_fallback
usz-KC1	USZ	GENE_IFNG	own	-0.00028	0.000154	0.5473		white_fallback
usz-KC1	USZ	GENE_IFNG	comp	-0.000103	8e-06	0.5075		white_fallback
usz-KC1	USZ	GENE_CXCL9	own	-0.006488	0.001294	0.7463		white_fallback
usz-KC1	USZ	GENE_CXCL9	comp	-0.00373	-0.00057	0.602		white_fallback
usz-KC1	USZ	GENE_GZMB	own	-0.0026	-0.001064	0.5522		white_fallback
usz-KC1	USZ	GENE_GZMB	comp	-0.002993	0.000354	0.6468		white_fallback
usz-KC1	USZ	GENE_CD8A	own	-0.003722	-0.001359	0.5622		white_fallback
usz-KC1	USZ	GENE_CD8A	comp	-0.004817	-0.000639	0.6766		white_fallback
usz-KC1	USZ	GENE_MKI67	own	-0.000395	0.000745	0.5473		white_fallback
usz-KC1	USZ	GENE_MKI67	comp	-0.000875	-0.001229	0.4975		white_fallback
usz-KC1	USZ	GENE_COL1A1	own	0.012865	0.002776	0.4428	41.8	
usz-KC1	USZ	GENE_COL1A1	comp	0.028897	-1e-06	0.2736		white_fallback
usz-KC2	USZ	GOBP_NEGATIVE_REGULATION_OF_VASCULAR_ENDOTHELIAL_GROWTH_FACTOR_PRODUCTION	own	-0.002482	0.001255	0.5274		white_fallback
usz-KC2	USZ	GOBP_NEGATIVE_REGULATION_OF_VASCULAR_ENDOTHELIAL_GROWTH_FACTOR_PRODUCTION	comp	-0.000497	-0.005053	0.4328		white_fallback
usz-KC2	USZ	GOBP_REGULATION_OF_INTEGRIN_MEDIATED_SIGNALING_PATHWAY	own	0.001665	0.001236	0.4925	41.0	
usz-KC2	USZ	GOBP_REGULATION_OF_INTEGRIN_MEDIATED_SIGNALING_PATHWAY	comp	-0.001003	8.8e-05	0.5622		white_fallback
usz-KC2	USZ	GOBP_COMPLEMENT_ACTIVATION_CLASSICAL_PATHWAY	own	0.008647	-0.000409	0.0398	41.3	
usz-KC2	USZ	GOBP_COMPLEMENT_ACTIVATION_CLASSICAL_PATHWAY	comp	0.006578	-0.00013	0.0796		white_fallback
usz-KC2	USZ	GOBP_PEPTIDE_ANTIGEN_ASSEMBLY_WITH_MHC_PROTEIN_COMPLEX	own	0.025315	-0.000644	0.005	41.3	
usz-KC2	USZ	GOBP_PEPTIDE_ANTIGEN_ASSEMBLY_WITH_MHC_PROTEIN_COMPLEX	comp	0.01811	9.2e-05	0.0299		white_fallback
usz-KC2	USZ	GOBP_NEGATIVE_REGULATION_OF_REACTIVE_OXYGEN_SPECIES_BIOSYNTHETIC_PROCESS	own	0.01522	-0.000889	0.0199		white_fallback
usz-KC2	USZ	GOBP_NEGATIVE_REGULATION_OF_REACTIVE_OXYGEN_SPECIES_BIOSYNTHETIC_PROCESS	comp	0.013816	0.000494	0.0199		white_fallback
usz-KC2	USZ	GOBP_MRNA_5_SPLICE_SITE_RECOGNITION	own	0.002069	-0.000417	0.4577		white_fallback
usz-KC2	USZ	GOBP_MRNA_5_SPLICE_SITE_RECOGNITION	comp	0.005353	0.000548	0.3532		white_fallback
usz-KC2	USZ	GOBP_RESPONSE_TO_INTERFERON_ALPHA	own	0.00189	0.000741	0.4378		white_fallback
usz-KC2	USZ	GOBP_RESPONSE_TO_INTERFERON_ALPHA	comp	0.003712	0.00076	0.3284		white_fallback
usz-KC2	USZ	GOBP_POSITIVE_REGULATION_OF_VASCULAR_ASSOCIATED_SMOOTH_MUSCLE_CELL_MIGRATION	own	0.015248	0.000311	0.0249		white_fallback
usz-KC2	USZ	GOBP_POSITIVE_REGULATION_OF_VASCULAR_ASSOCIATED_SMOOTH_MUSCLE_CELL_MIGRATION	comp	0.014615	-0.000237	0.0249		white_fallback
usz-KC2	USZ	GOBP_NEGATIVE_REGULATION_OF_EXTRACELLULAR_MATRIX_ORGANIZATION	own	-0.0048	-0.000153	0.7214		white_fallback
usz-KC2	USZ	GOBP_NEGATIVE_REGULATION_OF_EXTRACELLULAR_MATRIX_ORGANIZATION	comp	-0.005807	0.000144	0.801		white_fallback
usz-KC2	USZ	GOBP_CELL_FATE_DETERMINATION	own	-0.00195	3.4e-05	0.7612		white_fallback
usz-KC2	USZ	GOBP_CELL_FATE_DETERMINATION	comp	-0.001651	-0.000152	0.6716		white_fallback
usz-KC2	USZ	GOBP_HYPERSENSITIVITY	own	0.000201	0.000136	0.4925		white_fallback
usz-KC2	USZ	GOBP_HYPERSENSITIVITY	comp	-0.000505	0.000725	0.597		white_fallback
usz-KC2	USZ	GOBP_NEGATIVE_REGULATION_OF_BLOOD_VESSEL_ENDOTHELIAL_CELL_PROLIFERATION_INVOLVED_IN_SPROUTING_ANGIOGENESIS	own	0.007403	0.000392	0.1841		white_fallback
usz-KC2	USZ	GOBP_NEGATIVE_REGULATION_OF_BLOOD_VESSEL_ENDOTHELIAL_CELL_PROLIFERATION_INVOLVED_IN_SPROUTING_ANGIOGENESIS	comp	0.008123	-0.000474	0.199		white_fallback
usz-KC2	USZ	GOBP_PHYSIOLOGICAL_CARDIAC_MUSCLE_HYPERTROPHY	own	0.006076	-0.00058	0.0697		white_fallback
usz-KC2	USZ	GOBP_PHYSIOLOGICAL_CARDIAC_MUSCLE_HYPERTROPHY	comp	0.005246	0.00019	0.1194		white_fallback
usz-KC2	USZ	GOBP_INTEGRIN_MEDIATED_SIGNALING_PATHWAY	own	0.002118	-0.000475	0.2587	75.5	
usz-KC2	USZ	GOBP_INTEGRIN_MEDIATED_SIGNALING_PATHWAY	comp	0.002539	0.000229	0.204	44.4	
usz-KC2	USZ	GOBP_RESPONSE_TO_PROSTAGLANDIN_E	own	-8e-06	0.000277	0.5174		white_fallback
usz-KC2	USZ	GOBP_RESPONSE_TO_PROSTAGLANDIN_E	comp	0.000851	-0.000621	0.4179		white_fallback
usz-KC2	USZ	GOBP_CELL_ADHESION_MOLECULE_PRODUCTION	own	-0.004026	-0.000128	0.7264		white_fallback
usz-KC2	USZ	GOBP_CELL_ADHESION_MOLECULE_PRODUCTION	comp	-0.004499	0.000277	0.7612		white_fallback
usz-KC2	USZ	GOBP_POSITIVE_REGULATION_OF_RNA_SPLICING	own	0.010715	-0.000341	0.0697	43.2	
usz-KC2	USZ	GOBP_POSITIVE_REGULATION_OF_RNA_SPLICING	comp	0.005059	7.6e-05	0.2338	41.5	
usz-KC2	USZ	GOBP_DEFINITIVE_HEMOPOIESIS	own	0.006684	4.4e-05	0.1194		white_fallback
usz-KC2	USZ	GOBP_DEFINITIVE_HEMOPOIESIS	comp	0.007229	-6.3e-05	0.1095		white_fallback
usz-KC2	USZ	GOBP_PROTEIN_DEACETYLATION	own	-0.001679	0.000165	0.6816		white_fallback
usz-KC2	USZ	GOBP_PROTEIN_DEACETYLATION	comp	-0.000675	-0.000232	0.5423		white_fallback
usz-KC2	USZ	GOBP_CELL_JUNCTION_DISASSEMBLY	own	0.004874	0.001079	0.1891		white_fallback
usz-KC2	USZ	GOBP_CELL_JUNCTION_DISASSEMBLY	comp	0.004495	-0.000208	0.1741		white_fallback
usz-KC2	USZ	GOBP_REGULATION_OF_SYNAPTIC_VESICLE_ENDOCYTOSIS	own	0.007883	0.000841	0.199	44.1	
usz-KC2	USZ	GOBP_REGULATION_OF_SYNAPTIC_VESICLE_ENDOCYTOSIS	comp	0.005926	0.000831	0.2587	41.9	
usz-KC2	USZ	GOBP_RESPONSE_TO_NITRIC_OXIDE	own	8.5e-05	0.000119	0.5025		white_fallback
usz-KC2	USZ	GOBP_RESPONSE_TO_NITRIC_OXIDE	comp	0.003889	0.000152	0.2189		white_fallback
usz-KC2	USZ	GOBP_REGULATION_OF_CELL_GROWTH_INVOLVED_IN_CARDIAC_MUSCLE_CELL_DEVELOPMENT	own	0.003104	-0.000274	0.2836		white_fallback
usz-KC2	USZ	GOBP_REGULATION_OF_CELL_GROWTH_INVOLVED_IN_CARDIAC_MUSCLE_CELL_DEVELOPMENT	comp	0.002187	-0.000424	0.3085		white_fallback
usz-KC2	USZ	GOBP_INNERVATION	own	0.001623	-0.000319	0.3184		white_fallback
usz-KC2	USZ	GOBP_INNERVATION	comp	0.001274	-0.000219	0.3433		white_fallback
usz-KC2	USZ	GOBP_RESPONSE_TO_ETHER	own	-0.003037	-0.000377	0.7065		white_fallback
usz-KC2	USZ	GOBP_RESPONSE_TO_ETHER	comp	-0.001084	0.000441	0.602		white_fallback
usz-KC2	USZ	GOBP_RESCUE_OF_STALLED_RIBOSOME	own	0.002367	0.000553	0.3781		white_fallback
usz-KC2	USZ	GOBP_RESCUE_OF_STALLED_RIBOSOME	comp	0.000181	0.00041	0.5174		white_fallback
usz-KC2	USZ	GOBP_NEGATIVE_REGULATION_OF_MUSCLE_HYPERTROPHY	own	0.001898	0.000135	0.3333		white_fallback
usz-KC2	USZ	GOBP_NEGATIVE_REGULATION_OF_MUSCLE_HYPERTROPHY	comp	0.00214	-0.000239	0.3035		white_fallback
usz-KC2	USZ	GOBP_NEURON_INTRINSIC_APOPTOTIC_SIGNALING_PATHWAY_IN_RESPONSE_TO_OXIDATIVE_STRESS	own	0.01336	-0.000115	0.0249		white_fallback
usz-KC2	USZ	GOBP_NEURON_INTRINSIC_APOPTOTIC_SIGNALING_PATHWAY_IN_RESPONSE_TO_OXIDATIVE_STRESS	comp	0.011596	0.000303	0.0448		white_fallback
usz-KC2	USZ	GOBP_POSITIVE_REGULATION_OF_T_CELL_MIGRATION	own	-0.006978	0.000473	0.8905		white_fallback
usz-KC2	USZ	GOBP_POSITIVE_REGULATION_OF_T_CELL_MIGRATION	comp	-0.005561	-7.5e-05	0.8557		white_fallback
usz-KC2	USZ	GOBP_POSITIVE_REGULATION_OF_LEUKOCYTE_ADHESION_TO_VASCULAR_ENDOTHELIAL_CELL	own	0.011189	-0.000672	0.0299		white_fallback
usz-KC2	USZ	GOBP_POSITIVE_REGULATION_OF_LEUKOCYTE_ADHESION_TO_VASCULAR_ENDOTHELIAL_CELL	comp	0.01194	0.000507	0.0149		white_fallback
usz-KC2	USZ	CTRL_B_AXIS	own	0.002895	0.000131	0.1542	42.6	
usz-KC2	USZ	CTRL_B_AXIS	comp	0.001138	-3.8e-05	0.3234		white_fallback
usz-KC2	USZ	CTRL_MYC_V1	own	0.007437	0.000131	0.0697	84.3	
usz-KC2	USZ	CTRL_MYC_V1	comp	0.004621	-0.000333	0.1642	79.5	
usz-KC2	USZ	CTRL_RANDOM_32	own	-0.003484	-0.000316	0.7363		white_fallback
usz-KC2	USZ	CTRL_RANDOM_32	comp	-0.002096	5.6e-05	0.6567		white_fallback
usz-KC2	USZ	HALLMARK_INTERFERON_GAMMA_RESPONSE	own	0.002101	0.000462	0.3085	74.3	
usz-KC2	USZ	HALLMARK_INTERFERON_GAMMA_RESPONSE	comp	0.002116	-0.000176	0.194	45.4	
usz-KC2	USZ	HALLMARK_INTERFERON_ALPHA_RESPONSE	own	-0.002252	-3.3e-05	0.6418	74.4	
usz-KC2	USZ	HALLMARK_INTERFERON_ALPHA_RESPONSE	comp	-0.002955	0.000182	0.806	43.7	
usz-KC2	USZ	HALLMARK_G2M_CHECKPOINT	own	0.000691	-8.7e-05	0.3881	40.3	
usz-KC2	USZ	HALLMARK_G2M_CHECKPOINT	comp	0.000496	0.000284	0.4677		white_fallback
usz-KC2	USZ	HALLMARK_EPITHELIAL_MESENCHYMAL_TRANSITION	own	0.003821	-0.000737	0.2935	117.6	
usz-KC2	USZ	HALLMARK_EPITHELIAL_MESENCHYMAL_TRANSITION	comp	0.002211	0.000267	0.3134	84.5	
usz-KC2	USZ	GENE_CXCL13	own	0.033899	-0.006115	0.1343		white_fallback
usz-KC2	USZ	GENE_CXCL13	comp	0.058621	-0.005979	0.0498		white_fallback
usz-KC2	USZ	GENE_CCL19	own	-0.023094	-0.003435	0.8308		white_fallback
usz-KC2	USZ	GENE_CCL19	comp	-0.017935	-0.001897	0.8109		white_fallback
usz-KC2	USZ	GENE_CCL21	own	-0.016951	-0.000245	0.8458		white_fallback
usz-KC2	USZ	GENE_CCL21	comp	-0.01597	-0.002431	0.801		white_fallback
usz-KC2	USZ	GENE_LTB	own	-0.008699	0.001707	0.5871		white_fallback
usz-KC2	USZ	GENE_LTB	comp	-0.014695	-0.000405	0.6766		white_fallback
usz-KC2	USZ	GENE_CD74	own	0.123187	-0.000677	0.0746		white_fallback
usz-KC2	USZ	GENE_CD74	comp	0.100757	0.000109	0.1045		white_fallback
usz-KC2	USZ	GENE_HLA_DRA	own	0.109297	0.003573	0.0249		white_fallback
usz-KC2	USZ	GENE_HLA_DRA	comp	0.111093	0.000521	0.0249		white_fallback
usz-KC2	USZ	GENE_IFNG	own	0.000723	0.000224	0.4726		white_fallback
usz-KC2	USZ	GENE_IFNG	comp	0.005078	-0.000521	0.3035		white_fallback
usz-KC2	USZ	GENE_CXCL9	own	0.00141	-0.000872	0.4776		white_fallback
usz-KC2	USZ	GENE_CXCL9	comp	0.005703	-0.00103	0.403		white_fallback
usz-KC2	USZ	GENE_GZMB	own	-0.005371	-0.00042	0.6468		white_fallback
usz-KC2	USZ	GENE_GZMB	comp	-0.004484	-0.001293	0.6169		white_fallback
usz-KC2	USZ	GENE_CD8A	own	0.033097	-0.003985	0.0896		white_fallback
usz-KC2	USZ	GENE_CD8A	comp	0.028112	0.00066	0.1343		white_fallback
usz-KC2	USZ	GENE_MKI67	own	-0.010911	-0.000316	0.7114		white_fallback
usz-KC2	USZ	GENE_MKI67	comp	-0.014814	0.000783	0.791		white_fallback
usz-KC2	USZ	GENE_COL1A1	own	0.089995	0.005775	0.0249		white_fallback
usz-KC2	USZ	GENE_COL1A1	comp	0.082513	-0.004951	0.0199		white_fallback
usz-KC3	USZ	GOBP_NEGATIVE_REGULATION_OF_VASCULAR_ENDOTHELIAL_GROWTH_FACTOR_PRODUCTION	own	0.029315	0.000436	0.0647		white_fallback
usz-KC3	USZ	GOBP_NEGATIVE_REGULATION_OF_VASCULAR_ENDOTHELIAL_GROWTH_FACTOR_PRODUCTION	comp	0.032223	-0.000674	0.0398		white_fallback
usz-KC3	USZ	GOBP_REGULATION_OF_INTEGRIN_MEDIATED_SIGNALING_PATHWAY	own	-0.010124	-0.000399	0.995	44.7	
usz-KC3	USZ	GOBP_REGULATION_OF_INTEGRIN_MEDIATED_SIGNALING_PATHWAY	comp	-0.008151	-0.000328	0.9801	42.8	
usz-KC3	USZ	GOBP_COMPLEMENT_ACTIVATION_CLASSICAL_PATHWAY	own	-0.003467	0.000608	0.806	47.4	
usz-KC3	USZ	GOBP_COMPLEMENT_ACTIVATION_CLASSICAL_PATHWAY	comp	-0.00327	-4.3e-05	0.8308	45.9	
usz-KC3	USZ	GOBP_PEPTIDE_ANTIGEN_ASSEMBLY_WITH_MHC_PROTEIN_COMPLEX	own	-0.008294	0.000505	0.9005	47.0	
usz-KC3	USZ	GOBP_PEPTIDE_ANTIGEN_ASSEMBLY_WITH_MHC_PROTEIN_COMPLEX	comp	-0.006329	0.000528	0.8905	45.1	
usz-KC3	USZ	GOBP_NEGATIVE_REGULATION_OF_REACTIVE_OXYGEN_SPECIES_BIOSYNTHETIC_PROCESS	own	-0.003595	-0.000118	0.8109		white_fallback
usz-KC3	USZ	GOBP_NEGATIVE_REGULATION_OF_REACTIVE_OXYGEN_SPECIES_BIOSYNTHETIC_PROCESS	comp	-0.002834	0.000416	0.7861		white_fallback
usz-KC3	USZ	GOBP_MRNA_5_SPLICE_SITE_RECOGNITION	own	2.5e-05	-0.001205	0.3881		white_fallback
usz-KC3	USZ	GOBP_MRNA_5_SPLICE_SITE_RECOGNITION	comp	0.000715	-0.000227	0.4129		white_fallback
usz-KC3	USZ	GOBP_RESPONSE_TO_INTERFERON_ALPHA	own	-0.012013	-0.000193	0.9851	78.0	
usz-KC3	USZ	GOBP_RESPONSE_TO_INTERFERON_ALPHA	comp	-0.011345	-0.000158	0.9652	74.2	
usz-KC3	USZ	GOBP_POSITIVE_REGULATION_OF_VASCULAR_ASSOCIATED_SMOOTH_MUSCLE_CELL_MIGRATION	own	0.000893	-0.000426	0.3532	44.7	
usz-KC3	USZ	GOBP_POSITIVE_REGULATION_OF_VASCULAR_ASSOCIATED_SMOOTH_MUSCLE_CELL_MIGRATION	comp	0.001426	0.000119	0.3433	43.5	
usz-KC3	USZ	GOBP_NEGATIVE_REGULATION_OF_EXTRACELLULAR_MATRIX_ORGANIZATION	own	0.006044	-0.000164	0.1095		white_fallback
usz-KC3	USZ	GOBP_NEGATIVE_REGULATION_OF_EXTRACELLULAR_MATRIX_ORGANIZATION	comp	0.008043	0.000404	0.0697		white_fallback
usz-KC3	USZ	GOBP_CELL_FATE_DETERMINATION	own	0.000566	1.1e-05	0.408	42.1	
usz-KC3	USZ	GOBP_CELL_FATE_DETERMINATION	comp	0.000496	-3.9e-05	0.3632	41.1	
usz-KC3	USZ	GOBP_HYPERSENSITIVITY	own	-0.003245	2.9e-05	0.8308		white_fallback
usz-KC3	USZ	GOBP_HYPERSENSITIVITY	comp	-0.003193	0.000221	0.8905		white_fallback
usz-KC3	USZ	GOBP_NEGATIVE_REGULATION_OF_BLOOD_VESSEL_ENDOTHELIAL_CELL_PROLIFERATION_INVOLVED_IN_SPROUTING_ANGIOGENESIS	own	-0.005538	2.3e-05	0.8358	42.5	
usz-KC3	USZ	GOBP_NEGATIVE_REGULATION_OF_BLOOD_VESSEL_ENDOTHELIAL_CELL_PROLIFERATION_INVOLVED_IN_SPROUTING_ANGIOGENESIS	comp	-0.003991	3.6e-05	0.7463		white_fallback
usz-KC3	USZ	GOBP_PHYSIOLOGICAL_CARDIAC_MUSCLE_HYPERTROPHY	own	-0.001345	-0.00033	0.7015		white_fallback
usz-KC3	USZ	GOBP_PHYSIOLOGICAL_CARDIAC_MUSCLE_HYPERTROPHY	comp	-0.001329	-0.000119	0.7065		white_fallback
usz-KC3	USZ	GOBP_INTEGRIN_MEDIATED_SIGNALING_PATHWAY	own	-0.003516	-0.000341	0.9403	47.7	
usz-KC3	USZ	GOBP_INTEGRIN_MEDIATED_SIGNALING_PATHWAY	comp	-0.002333	0.000272	0.8557	43.1	
usz-KC3	USZ	GOBP_RESPONSE_TO_PROSTAGLANDIN_E	own	-0.000671	-6.6e-05	0.5871	42.3	
usz-KC3	USZ	GOBP_RESPONSE_TO_PROSTAGLANDIN_E	comp	0.000269	-5.1e-05	0.4478	41.1	
usz-KC3	USZ	GOBP_CELL_ADHESION_MOLECULE_PRODUCTION	own	0.002624	-9e-05	0.2438		white_fallback
usz-KC3	USZ	GOBP_CELL_ADHESION_MOLECULE_PRODUCTION	comp	0.002728	0.000376	0.2338		white_fallback
usz-KC3	USZ	GOBP_POSITIVE_REGULATION_OF_RNA_SPLICING	own	0.001868	-1.3e-05	0.3134	75.8	
usz-KC3	USZ	GOBP_POSITIVE_REGULATION_OF_RNA_SPLICING	comp	0.002598	-1e-05	0.2289	44.3	
usz-KC3	USZ	GOBP_DEFINITIVE_HEMOPOIESIS	own	0.001546	-0.000294	0.2537		white_fallback
usz-KC3	USZ	GOBP_DEFINITIVE_HEMOPOIESIS	comp	0.001266	-0.000291	0.2935		white_fallback
usz-KC3	USZ	GOBP_PROTEIN_DEACETYLATION	own	-0.003353	-4.4e-05	0.9353		white_fallback
usz-KC3	USZ	GOBP_PROTEIN_DEACETYLATION	comp	-0.00241	0.000213	0.8905		white_fallback
usz-KC3	USZ	GOBP_CELL_JUNCTION_DISASSEMBLY	own	-0.004197	0.000132	0.9154	44.3	
usz-KC3	USZ	GOBP_CELL_JUNCTION_DISASSEMBLY	comp	-0.004355	-0.000297	0.8955	43.8	
usz-KC3	USZ	GOBP_REGULATION_OF_SYNAPTIC_VESICLE_ENDOCYTOSIS	own	-0.012114	0.000175	0.99	78.1	
usz-KC3	USZ	GOBP_REGULATION_OF_SYNAPTIC_VESICLE_ENDOCYTOSIS	comp	-0.010146	-0.000248	0.9602	75.0	
usz-KC3	USZ	GOBP_RESPONSE_TO_NITRIC_OXIDE	own	-3.2e-05	-8.6e-05	0.4975	43.3	
usz-KC3	USZ	GOBP_RESPONSE_TO_NITRIC_OXIDE	comp	0.000786	-0.000318	0.3333	41.8	
usz-KC3	USZ	GOBP_REGULATION_OF_CELL_GROWTH_INVOLVED_IN_CARDIAC_MUSCLE_CELL_DEVELOPMENT	own	0.001415	0.000159	0.2687		white_fallback
usz-KC3	USZ	GOBP_REGULATION_OF_CELL_GROWTH_INVOLVED_IN_CARDIAC_MUSCLE_CELL_DEVELOPMENT	comp	0.001006	-8.5e-05	0.3234		white_fallback
usz-KC3	USZ	GOBP_INNERVATION	own	-0.00279	-0.000306	0.8706	40.2	
usz-KC3	USZ	GOBP_INNERVATION	comp	-0.002412	-4.8e-05	0.8756		white_fallback
usz-KC3	USZ	GOBP_RESPONSE_TO_ETHER	own	0.001522	3.3e-05	0.2587		white_fallback
usz-KC3	USZ	GOBP_RESPONSE_TO_ETHER	comp	0.001347	-0.000231	0.2687		white_fallback
usz-KC3	USZ	GOBP_RESCUE_OF_STALLED_RIBOSOME	own	-0.001419	9e-05	0.796		white_fallback
usz-KC3	USZ	GOBP_RESCUE_OF_STALLED_RIBOSOME	comp	-0.001528	-8.9e-05	0.796		white_fallback
usz-KC3	USZ	GOBP_NEGATIVE_REGULATION_OF_MUSCLE_HYPERTROPHY	own	0.000924	-0.000301	0.3383	44.0	
usz-KC3	USZ	GOBP_NEGATIVE_REGULATION_OF_MUSCLE_HYPERTROPHY	comp	0.001131	3e-05	0.3284	43.4	
usz-KC3	USZ	GOBP_NEURON_INTRINSIC_APOPTOTIC_SIGNALING_PATHWAY_IN_RESPONSE_TO_OXIDATIVE_STRESS	own	-0.011312	-0.000216	1.0	41.0	
usz-KC3	USZ	GOBP_NEURON_INTRINSIC_APOPTOTIC_SIGNALING_PATHWAY_IN_RESPONSE_TO_OXIDATIVE_STRESS	comp	-0.010902	-0.000422	0.995		white_fallback
usz-KC3	USZ	GOBP_POSITIVE_REGULATION_OF_T_CELL_MIGRATION	own	-0.004183	-0.000876	0.9005		white_fallback
usz-KC3	USZ	GOBP_POSITIVE_REGULATION_OF_T_CELL_MIGRATION	comp	-0.002947	-0.000385	0.8259		white_fallback
usz-KC3	USZ	GOBP_POSITIVE_REGULATION_OF_LEUKOCYTE_ADHESION_TO_VASCULAR_ENDOTHELIAL_CELL	own	-0.001059	9e-06	0.6468		white_fallback
usz-KC3	USZ	GOBP_POSITIVE_REGULATION_OF_LEUKOCYTE_ADHESION_TO_VASCULAR_ENDOTHELIAL_CELL	comp	-0.0005	-0.000185	0.5323		white_fallback
usz-KC3	USZ	CTRL_B_AXIS	own	-0.002226	5.9e-05	0.9254	43.9	
usz-KC3	USZ	CTRL_B_AXIS	comp	-0.002412	0.000204	0.9602	43.2	
usz-KC3	USZ	CTRL_MYC_V1	own	-0.007536	0.000317	0.9751	133.7	
usz-KC3	USZ	CTRL_MYC_V1	comp	-0.0071	-9.1e-05	0.9602	130.6	
usz-KC3	USZ	CTRL_RANDOM_32	own	-0.003032	-0.000133	0.9204		white_fallback
usz-KC3	USZ	CTRL_RANDOM_32	comp	-0.002986	-4.4e-05	0.9453		white_fallback
usz-KC3	USZ	HALLMARK_INTERFERON_GAMMA_RESPONSE	own	-0.005104	-0.00017	0.9851	84.6	
usz-KC3	USZ	HALLMARK_INTERFERON_GAMMA_RESPONSE	comp	-0.0044	-6.8e-05	0.9751	82.6	
usz-KC3	USZ	HALLMARK_INTERFERON_ALPHA_RESPONSE	own	-0.007002	3.7e-05	1.0	85.2	
usz-KC3	USZ	HALLMARK_INTERFERON_ALPHA_RESPONSE	comp	-0.006307	0.000134	0.995	83.1	
usz-KC3	USZ	HALLMARK_G2M_CHECKPOINT	own	-0.001497	8.4e-05	0.8706	77.4	
usz-KC3	USZ	HALLMARK_G2M_CHECKPOINT	comp	-0.001386	0.000108	0.8905	74.6	
usz-KC3	USZ	HALLMARK_EPITHELIAL_MESENCHYMAL_TRANSITION	own	-0.003015	-0.00033	0.7512	79.7	
usz-KC3	USZ	HALLMARK_EPITHELIAL_MESENCHYMAL_TRANSITION	comp	-0.001048	-0.000532	0.597	50.7	
usz-KC3	USZ	GENE_CXCL13	own	-0.004482	0.001623	0.7264	46.5	
usz-KC3	USZ	GENE_CXCL13	comp	4.3e-05	-0.000945	0.4527	41.9	
usz-KC3	USZ	GENE_CCL19	own	0.025156	-0.001165	0.2935	79.5	
usz-KC3	USZ	GENE_CCL19	comp	0.030194	0.001908	0.209	78.5	
usz-KC3	USZ	GENE_CCL21	own	0.014704	-0.000411	0.1493		white_fallback
usz-KC3	USZ	GENE_CCL21	comp	0.017936	0.001785	0.1244		white_fallback
usz-KC3	USZ	GENE_LTB	own	-0.023348	-0.003531	0.791		white_fallback
usz-KC3	USZ	GENE_LTB	comp	-0.010761	0.000457	0.6667		white_fallback
usz-KC3	USZ	GENE_CD74	own	-0.007954	0.000504	0.8259		white_fallback
usz-KC3	USZ	GENE_CD74	comp	-0.006073	0.002199	0.7811		white_fallback
usz-KC3	USZ	GENE_HLA_DRA	own	0.027397	-0.000301	0.1343		white_fallback
usz-KC3	USZ	GENE_HLA_DRA	comp	0.035914	0.000638	0.0796		white_fallback
usz-KC3	USZ	GENE_IFNG	own	0.000468	0.000275	0.4577		white_fallback
usz-KC3	USZ	GENE_IFNG	comp	0.000795	0.00012	0.3333		white_fallback
usz-KC3	USZ	GENE_CXCL9	own	0.001941	0.000655	0.4428		white_fallback
usz-KC3	USZ	GENE_CXCL9	comp	0.002373	-5.3e-05	0.4129		white_fallback
usz-KC3	USZ	GENE_GZMB	own	-0.007398	-2.1e-05	0.9204		white_fallback
usz-KC3	USZ	GENE_GZMB	comp	-0.007566	-0.000497	0.9254		white_fallback
usz-KC3	USZ	GENE_CD8A	own	-0.005712	6e-05	0.7214		white_fallback
usz-KC3	USZ	GENE_CD8A	comp	-0.004082	5.3e-05	0.6318		white_fallback
usz-KC3	USZ	GENE_MKI67	own	0.000686	0.000221	0.4527		white_fallback
usz-KC3	USZ	GENE_MKI67	comp	0.00056	-8.9e-05	0.4129		white_fallback
usz-KC3	USZ	GENE_COL1A1	own	0.035038	-0.003297	0.0846	43.7	
usz-KC3	USZ	GENE_COL1A1	comp	0.032769	0.003241	0.1891	42.2	
usz-LC1	USZ	GOBP_NEGATIVE_REGULATION_OF_VASCULAR_ENDOTHELIAL_GROWTH_FACTOR_PRODUCTION	own	-0.012542	-0.000132	0.8806		white_fallback
usz-LC1	USZ	GOBP_NEGATIVE_REGULATION_OF_VASCULAR_ENDOTHELIAL_GROWTH_FACTOR_PRODUCTION	comp	-0.011914	0.001104	0.8806		white_fallback
usz-LC1	USZ	GOBP_REGULATION_OF_INTEGRIN_MEDIATED_SIGNALING_PATHWAY	own	-0.003331	-0.000117	0.8806		white_fallback
usz-LC1	USZ	GOBP_REGULATION_OF_INTEGRIN_MEDIATED_SIGNALING_PATHWAY	comp	-0.003875	0.000388	0.9652		white_fallback
usz-LC1	USZ	GOBP_COMPLEMENT_ACTIVATION_CLASSICAL_PATHWAY	own	0.007668	-0.000721	0.01	43.7	
usz-LC1	USZ	GOBP_COMPLEMENT_ACTIVATION_CLASSICAL_PATHWAY	comp	0.003594	-0.0001	0.0945	40.4	
usz-LC1	USZ	GOBP_PEPTIDE_ANTIGEN_ASSEMBLY_WITH_MHC_PROTEIN_COMPLEX	own	0.003244	-0.000184	0.194	41.5	
usz-LC1	USZ	GOBP_PEPTIDE_ANTIGEN_ASSEMBLY_WITH_MHC_PROTEIN_COMPLEX	comp	0.00465	0.00013	0.1493		white_fallback
usz-LC1	USZ	GOBP_NEGATIVE_REGULATION_OF_REACTIVE_OXYGEN_SPECIES_BIOSYNTHETIC_PROCESS	own	-0.002357	0.000287	0.8308		white_fallback
usz-LC1	USZ	GOBP_NEGATIVE_REGULATION_OF_REACTIVE_OXYGEN_SPECIES_BIOSYNTHETIC_PROCESS	comp	-0.002851	0.000424	0.8259		white_fallback
usz-LC1	USZ	GOBP_MRNA_5_SPLICE_SITE_RECOGNITION	own	0.001841	-0.00079	0.2985		white_fallback
usz-LC1	USZ	GOBP_MRNA_5_SPLICE_SITE_RECOGNITION	comp	0.000956	0.000164	0.4229		white_fallback
usz-LC1	USZ	GOBP_RESPONSE_TO_INTERFERON_ALPHA	own	0.000576	-0.000304	0.4179		white_fallback
usz-LC1	USZ	GOBP_RESPONSE_TO_INTERFERON_ALPHA	comp	0.000255	0.000386	0.5473		white_fallback
usz-LC1	USZ	GOBP_POSITIVE_REGULATION_OF_VASCULAR_ASSOCIATED_SMOOTH_MUSCLE_CELL_MIGRATION	own	0.010531	7e-05	0.005		white_fallback
usz-LC1	USZ	GOBP_POSITIVE_REGULATION_OF_VASCULAR_ASSOCIATED_SMOOTH_MUSCLE_CELL_MIGRATION	comp	0.008213	-0.000123	0.0199		white_fallback
usz-LC1	USZ	GOBP_NEGATIVE_REGULATION_OF_EXTRACELLULAR_MATRIX_ORGANIZATION	own	0.005207	-7.2e-05	0.0398		white_fallback
usz-LC1	USZ	GOBP_NEGATIVE_REGULATION_OF_EXTRACELLULAR_MATRIX_ORGANIZATION	comp	0.005392	0.000403	0.0199		white_fallback
usz-LC1	USZ	GOBP_CELL_FATE_DETERMINATION	own	0.001498	-7.3e-05	0.2139		white_fallback
usz-LC1	USZ	GOBP_CELL_FATE_DETERMINATION	comp	0.001533	1.3e-05	0.1642		white_fallback
usz-LC1	USZ	GOBP_HYPERSENSITIVITY	own	0.005635	-0.000353	0.0398		white_fallback
usz-LC1	USZ	GOBP_HYPERSENSITIVITY	comp	0.00344	-0.0003	0.1294		white_fallback
usz-LC1	USZ	GOBP_NEGATIVE_REGULATION_OF_BLOOD_VESSEL_ENDOTHELIAL_CELL_PROLIFERATION_INVOLVED_IN_SPROUTING_ANGIOGENESIS	own	-0.000799	-0.000217	0.5871		white_fallback
usz-LC1	USZ	GOBP_NEGATIVE_REGULATION_OF_BLOOD_VESSEL_ENDOTHELIAL_CELL_PROLIFERATION_INVOLVED_IN_SPROUTING_ANGIOGENESIS	comp	-0.000407	0.000878	0.607		white_fallback
usz-LC1	USZ	GOBP_PHYSIOLOGICAL_CARDIAC_MUSCLE_HYPERTROPHY	own	0.001787	-3.4e-05	0.204		white_fallback
usz-LC1	USZ	GOBP_PHYSIOLOGICAL_CARDIAC_MUSCLE_HYPERTROPHY	comp	0.001515	0.000135	0.2388		white_fallback
usz-LC1	USZ	GOBP_INTEGRIN_MEDIATED_SIGNALING_PATHWAY	own	-0.000988	0.000348	0.7662	77.4	
usz-LC1	USZ	GOBP_INTEGRIN_MEDIATED_SIGNALING_PATHWAY	comp	-0.000464	-0.000128	0.592	73.4	
usz-LC1	USZ	GOBP_RESPONSE_TO_PROSTAGLANDIN_E	own	0.004512	-0.000234	0.0547		white_fallback
usz-LC1	USZ	GOBP_RESPONSE_TO_PROSTAGLANDIN_E	comp	0.004465	1e-06	0.0746		white_fallback
usz-LC1	USZ	GOBP_CELL_ADHESION_MOLECULE_PRODUCTION	own	-0.003624	0.000462	0.8259		white_fallback
usz-LC1	USZ	GOBP_CELL_ADHESION_MOLECULE_PRODUCTION	comp	-0.003494	0.000215	0.796		white_fallback
usz-LC1	USZ	GOBP_POSITIVE_REGULATION_OF_RNA_SPLICING	own	-0.001681	0.000441	0.7313	44.2	
usz-LC1	USZ	GOBP_POSITIVE_REGULATION_OF_RNA_SPLICING	comp	-0.002993	1e-05	0.8706	40.7	
usz-LC1	USZ	GOBP_DEFINITIVE_HEMOPOIESIS	own	0.002644	0.000198	0.1095		white_fallback
usz-LC1	USZ	GOBP_DEFINITIVE_HEMOPOIESIS	comp	0.002284	1e-05	0.1244		white_fallback
usz-LC1	USZ	GOBP_PROTEIN_DEACETYLATION	own	-0.001702	0.00033	0.7313		white_fallback
usz-LC1	USZ	GOBP_PROTEIN_DEACETYLATION	comp	-0.002137	-0.000229	0.8209		white_fallback
usz-LC1	USZ	GOBP_CELL_JUNCTION_DISASSEMBLY	own	-0.000742	-0.000228	0.6219		white_fallback
usz-LC1	USZ	GOBP_CELL_JUNCTION_DISASSEMBLY	comp	-9e-05	9.2e-05	0.5373		white_fallback
usz-LC1	USZ	GOBP_REGULATION_OF_SYNAPTIC_VESICLE_ENDOCYTOSIS	own	0.002278	-0.000497	0.1841	40.8	
usz-LC1	USZ	GOBP_REGULATION_OF_SYNAPTIC_VESICLE_ENDOCYTOSIS	comp	0.002998	0.000242	0.194		white_fallback
usz-LC1	USZ	GOBP_RESPONSE_TO_NITRIC_OXIDE	own	0.005039	-0.000107	0.0299		white_fallback
usz-LC1	USZ	GOBP_RESPONSE_TO_NITRIC_OXIDE	comp	0.004936	0.000279	0.0299		white_fallback
usz-LC1	USZ	GOBP_REGULATION_OF_CELL_GROWTH_INVOLVED_IN_CARDIAC_MUSCLE_CELL_DEVELOPMENT	own	0.00232	0.000201	0.2139		white_fallback
usz-LC1	USZ	GOBP_REGULATION_OF_CELL_GROWTH_INVOLVED_IN_CARDIAC_MUSCLE_CELL_DEVELOPMENT	comp	0.001975	-0.000296	0.1741		white_fallback
usz-LC1	USZ	GOBP_INNERVATION	own	1.6e-05	1.6e-05	0.5025		white_fallback
usz-LC1	USZ	GOBP_INNERVATION	comp	-3.5e-05	4.7e-05	0.5274		white_fallback
usz-LC1	USZ	GOBP_RESPONSE_TO_ETHER	own	-0.001351	-0.000714	0.5771		white_fallback
usz-LC1	USZ	GOBP_RESPONSE_TO_ETHER	comp	-0.001608	-0.000369	0.6965		white_fallback
usz-LC1	USZ	GOBP_RESCUE_OF_STALLED_RIBOSOME	own	8e-05	-1.8e-05	0.4876		white_fallback
usz-LC1	USZ	GOBP_RESCUE_OF_STALLED_RIBOSOME	comp	-0.000546	-1.8e-05	0.602		white_fallback
usz-LC1	USZ	GOBP_NEGATIVE_REGULATION_OF_MUSCLE_HYPERTROPHY	own	0.00255	9.3e-05	0.1493		white_fallback
usz-LC1	USZ	GOBP_NEGATIVE_REGULATION_OF_MUSCLE_HYPERTROPHY	comp	0.002204	-3.1e-05	0.1542		white_fallback
usz-LC1	USZ	GOBP_NEURON_INTRINSIC_APOPTOTIC_SIGNALING_PATHWAY_IN_RESPONSE_TO_OXIDATIVE_STRESS	own	0.000101	-0.000245	0.4776		white_fallback
usz-LC1	USZ	GOBP_NEURON_INTRINSIC_APOPTOTIC_SIGNALING_PATHWAY_IN_RESPONSE_TO_OXIDATIVE_STRESS	comp	-0.000356	3e-06	0.5373		white_fallback
usz-LC1	USZ	GOBP_POSITIVE_REGULATION_OF_T_CELL_MIGRATION	own	0.000977	-9.4e-05	0.3134		white_fallback
usz-LC1	USZ	GOBP_POSITIVE_REGULATION_OF_T_CELL_MIGRATION	comp	0.000539	4e-05	0.4279		white_fallback
usz-LC1	USZ	GOBP_POSITIVE_REGULATION_OF_LEUKOCYTE_ADHESION_TO_VASCULAR_ENDOTHELIAL_CELL	own	0.000968	-0.000103	0.3682		white_fallback
usz-LC1	USZ	GOBP_POSITIVE_REGULATION_OF_LEUKOCYTE_ADHESION_TO_VASCULAR_ENDOTHELIAL_CELL	comp	0.000884	-0.000151	0.3383		white_fallback
usz-LC1	USZ	CTRL_B_AXIS	own	0.002256	-0.000101	0.0448	42.8	
usz-LC1	USZ	CTRL_B_AXIS	comp	0.001222	-3e-06	0.1542		white_fallback
usz-LC1	USZ	CTRL_MYC_V1	own	0.000682	-4.3e-05	0.4378	135.0	
usz-LC1	USZ	CTRL_MYC_V1	comp	-0.000368	4.5e-05	0.5522	119.0	
usz-LC1	USZ	CTRL_RANDOM_32	own	0.000385	-0.000242	0.3682		white_fallback
usz-LC1	USZ	CTRL_RANDOM_32	comp	2e-06	9.7e-05	0.5174		white_fallback
usz-LC1	USZ	HALLMARK_INTERFERON_GAMMA_RESPONSE	own	0.000125	-8.3e-05	0.4378	76.1	
usz-LC1	USZ	HALLMARK_INTERFERON_GAMMA_RESPONSE	comp	-1.3e-05	-2.2e-05	0.5025	44.4	
usz-LC1	USZ	HALLMARK_INTERFERON_ALPHA_RESPONSE	own	-0.000741	0.000141	0.6965	42.0	
usz-LC1	USZ	HALLMARK_INTERFERON_ALPHA_RESPONSE	comp	-0.000954	-0.0001	0.7164		white_fallback
usz-LC1	USZ	HALLMARK_G2M_CHECKPOINT	own	-0.001128	7.1e-05	0.7612	115.1	
usz-LC1	USZ	HALLMARK_G2M_CHECKPOINT	comp	-0.001299	4.3e-05	0.9353	42.2	
usz-LC1	USZ	HALLMARK_EPITHELIAL_MESENCHYMAL_TRANSITION	own	-0.001802	-0.000235	0.801	81.3	
usz-LC1	USZ	HALLMARK_EPITHELIAL_MESENCHYMAL_TRANSITION	comp	-0.001615	0.000114	0.8358	80.5	
usz-LC1	USZ	GENE_CXCL13	own	-0.007152	0.000969	0.8159		white_fallback
usz-LC1	USZ	GENE_CXCL13	comp	-0.004839	0.000137	0.7363		white_fallback
usz-LC1	USZ	GENE_CCL19	own	-0.002045	0.00096	0.6766		white_fallback
usz-LC1	USZ	GENE_CCL19	comp	0.002371	-0.000242	0.403		white_fallback
usz-LC1	USZ	GENE_CCL21	own	0.010096	1.5e-05	0.0199		white_fallback
usz-LC1	USZ	GENE_CCL21	comp	0.00966	-0.000452	0.0448		white_fallback
usz-LC1	USZ	GENE_LTB	own	-0.023024	0.001292	0.9005	41.2	
usz-LC1	USZ	GENE_LTB	comp	-0.012359	-0.000255	0.7662	40.3	
usz-LC1	USZ	GENE_CD74	own	0.020624	0.000264	0.2637		white_fallback
usz-LC1	USZ	GENE_CD74	comp	0.03118	-0.000337	0.1144		white_fallback
usz-LC1	USZ	GENE_HLA_DRA	own	0.020653	0.000829	0.1741		white_fallback
usz-LC1	USZ	GENE_HLA_DRA	comp	0.02808	-0.002012	0.0697		white_fallback
usz-LC1	USZ	GENE_IFNG	own	-0.004137	0.000282	0.7562		white_fallback
usz-LC1	USZ	GENE_IFNG	comp	-0.005468	-0.000236	0.791		white_fallback
usz-LC1	USZ	GENE_CXCL9	own	-0.007779	-0.000129	0.8557		white_fallback
usz-LC1	USZ	GENE_CXCL9	comp	-0.007885	-7.5e-05	0.8856		white_fallback
usz-LC1	USZ	GENE_GZMB	own	-0.003079	-0.001023	0.6269		white_fallback
usz-LC1	USZ	GENE_GZMB	comp	-0.004819	-0.000547	0.6965		white_fallback
usz-LC1	USZ	GENE_CD8A	own	0.003195	-0.000269	0.3881		white_fallback
usz-LC1	USZ	GENE_CD8A	comp	0.005184	0.000555	0.3881		white_fallback
usz-LC1	USZ	GENE_MKI67	own	-0.012924	-6.4e-05	0.9801		white_fallback
usz-LC1	USZ	GENE_MKI67	comp	-0.009487	0.000151	0.9353		white_fallback
usz-LC1	USZ	GENE_COL1A1	own	0.000528	-0.001582	0.4726		white_fallback
usz-LC1	USZ	GENE_COL1A1	comp	-0.002917	-0.003278	0.4925		white_fallback
usz-LC2	USZ	GOBP_NEGATIVE_REGULATION_OF_VASCULAR_ENDOTHELIAL_GROWTH_FACTOR_PRODUCTION	own	-0.011282	-0.001612	0.7761		white_fallback
usz-LC2	USZ	GOBP_NEGATIVE_REGULATION_OF_VASCULAR_ENDOTHELIAL_GROWTH_FACTOR_PRODUCTION	comp	-0.011631	0.003601	0.8209		white_fallback
usz-LC2	USZ	GOBP_REGULATION_OF_INTEGRIN_MEDIATED_SIGNALING_PATHWAY	own	-0.012602	-0.000496	0.9851	79.4	
usz-LC2	USZ	GOBP_REGULATION_OF_INTEGRIN_MEDIATED_SIGNALING_PATHWAY	comp	-0.00727	-0.000425	1.0	44.2	
usz-LC2	USZ	GOBP_COMPLEMENT_ACTIVATION_CLASSICAL_PATHWAY	own	0.008184	-0.000353	0.0498	79.4	
usz-LC2	USZ	GOBP_COMPLEMENT_ACTIVATION_CLASSICAL_PATHWAY	comp	-8e-05	1e-05	0.5174	46.5	
usz-LC2	USZ	GOBP_PEPTIDE_ANTIGEN_ASSEMBLY_WITH_MHC_PROTEIN_COMPLEX	own	-0.002691	-0.001003	0.602	76.4	
usz-LC2	USZ	GOBP_PEPTIDE_ANTIGEN_ASSEMBLY_WITH_MHC_PROTEIN_COMPLEX	comp	-0.001289	0.000594	0.6169	46.7	
usz-LC2	USZ	GOBP_NEGATIVE_REGULATION_OF_REACTIVE_OXYGEN_SPECIES_BIOSYNTHETIC_PROCESS	own	-0.003295	-0.000349	0.6915	118.1	
usz-LC2	USZ	GOBP_NEGATIVE_REGULATION_OF_REACTIVE_OXYGEN_SPECIES_BIOSYNTHETIC_PROCESS	comp	0.000934	4.1e-05	0.4129	72.8	
usz-LC2	USZ	GOBP_MRNA_5_SPLICE_SITE_RECOGNITION	own	0.002489	-0.000759	0.4129	110.9	
usz-LC2	USZ	GOBP_MRNA_5_SPLICE_SITE_RECOGNITION	comp	0.007575	0.000768	0.1891		white_fallback
usz-LC2	USZ	GOBP_RESPONSE_TO_INTERFERON_ALPHA	own	-0.014931	-0.000322	1.0	113.9	
usz-LC2	USZ	GOBP_RESPONSE_TO_INTERFERON_ALPHA	comp	-0.011564	0.000111	0.9851	78.1	
usz-LC2	USZ	GOBP_POSITIVE_REGULATION_OF_VASCULAR_ASSOCIATED_SMOOTH_MUSCLE_CELL_MIGRATION	own	-0.002206	-0.000349	0.6517	43.1	
usz-LC2	USZ	GOBP_POSITIVE_REGULATION_OF_VASCULAR_ASSOCIATED_SMOOTH_MUSCLE_CELL_MIGRATION	comp	-0.000298	0.000552	0.5821	41.1	
usz-LC2	USZ	GOBP_NEGATIVE_REGULATION_OF_EXTRACELLULAR_MATRIX_ORGANIZATION	own	-0.003888	0.000248	0.8259		white_fallback
usz-LC2	USZ	GOBP_NEGATIVE_REGULATION_OF_EXTRACELLULAR_MATRIX_ORGANIZATION	comp	-0.001445	0.000114	0.6119		white_fallback
usz-LC2	USZ	GOBP_CELL_FATE_DETERMINATION	own	-0.006291	7e-06	1.0	76.2	
usz-LC2	USZ	GOBP_CELL_FATE_DETERMINATION	comp	-0.003537	7e-06	0.9602	41.9	
usz-LC2	USZ	GOBP_HYPERSENSITIVITY	own	0.001435	-6.7e-05	0.2836	42.5	
usz-LC2	USZ	GOBP_HYPERSENSITIVITY	comp	-0.001451	0.000213	0.7114	42.3	
usz-LC2	USZ	GOBP_NEGATIVE_REGULATION_OF_BLOOD_VESSEL_ENDOTHELIAL_CELL_PROLIFERATION_INVOLVED_IN_SPROUTING_ANGIOGENESIS	own	-0.00548	-0.000977	0.8557	44.1	
usz-LC2	USZ	GOBP_NEGATIVE_REGULATION_OF_BLOOD_VESSEL_ENDOTHELIAL_CELL_PROLIFERATION_INVOLVED_IN_SPROUTING_ANGIOGENESIS	comp	-0.003926	-0.000347	0.801	42.6	
usz-LC2	USZ	GOBP_PHYSIOLOGICAL_CARDIAC_MUSCLE_HYPERTROPHY	own	-0.000669	5.4e-05	0.607		white_fallback
usz-LC2	USZ	GOBP_PHYSIOLOGICAL_CARDIAC_MUSCLE_HYPERTROPHY	comp	0.000129	0.00035	0.5622		white_fallback
usz-LC2	USZ	GOBP_INTEGRIN_MEDIATED_SIGNALING_PATHWAY	own	-0.006618	6.1e-05	0.9851	126.9	
usz-LC2	USZ	GOBP_INTEGRIN_MEDIATED_SIGNALING_PATHWAY	comp	-0.00272	0.000184	0.8259	117.0	
usz-LC2	USZ	GOBP_RESPONSE_TO_PROSTAGLANDIN_E	own	-0.005728	-0.000401	0.9552	77.9	
usz-LC2	USZ	GOBP_RESPONSE_TO_PROSTAGLANDIN_E	comp	-0.002607	-0.000131	0.8607	41.2	
usz-LC2	USZ	GOBP_CELL_ADHESION_MOLECULE_PRODUCTION	own	-0.002644	7.4e-05	0.7413	42.2	
usz-LC2	USZ	GOBP_CELL_ADHESION_MOLECULE_PRODUCTION	comp	-0.001972	0.000216	0.6965		white_fallback
usz-LC2	USZ	GOBP_POSITIVE_REGULATION_OF_RNA_SPLICING	own	-0.011411	0.000196	0.9502	132.0	
usz-LC2	USZ	GOBP_POSITIVE_REGULATION_OF_RNA_SPLICING	comp	-0.004605	-8e-05	0.8209	111.8	
usz-LC2	USZ	GOBP_DEFINITIVE_HEMOPOIESIS	own	-0.003506	0.000237	0.8856		white_fallback
usz-LC2	USZ	GOBP_DEFINITIVE_HEMOPOIESIS	comp	-0.002638	0.000293	0.7761		white_fallback
usz-LC2	USZ	GOBP_PROTEIN_DEACETYLATION	own	-0.002596	-0.000146	0.8955		white_fallback
usz-LC2	USZ	GOBP_PROTEIN_DEACETYLATION	comp	-0.001477	-0.000134	0.7065		white_fallback
usz-LC2	USZ	GOBP_CELL_JUNCTION_DISASSEMBLY	own	0.001097	-0.000384	0.2935	43.4	
usz-LC2	USZ	GOBP_CELL_JUNCTION_DISASSEMBLY	comp	-0.000151	-0.000186	0.4975	40.8	
usz-LC2	USZ	GOBP_REGULATION_OF_SYNAPTIC_VESICLE_ENDOCYTOSIS	own	-0.010236	0.001113	0.9801	82.2	
usz-LC2	USZ	GOBP_REGULATION_OF_SYNAPTIC_VESICLE_ENDOCYTOSIS	comp	-0.004115	-0.000493	0.7811	73.4	
usz-LC2	USZ	GOBP_RESPONSE_TO_NITRIC_OXIDE	own	-0.002212	-0.000336	0.7264	74.5	
usz-LC2	USZ	GOBP_RESPONSE_TO_NITRIC_OXIDE	comp	0.001041	-0.000361	0.3532		white_fallback
usz-LC2	USZ	GOBP_REGULATION_OF_CELL_GROWTH_INVOLVED_IN_CARDIAC_MUSCLE_CELL_DEVELOPMENT	own	-0.001091	-4.5e-05	0.6368		white_fallback
usz-LC2	USZ	GOBP_REGULATION_OF_CELL_GROWTH_INVOLVED_IN_CARDIAC_MUSCLE_CELL_DEVELOPMENT	comp	-0.000496	0.000564	0.6119		white_fallback
usz-LC2	USZ	GOBP_INNERVATION	own	0.002076	-7.1e-05	0.0697		white_fallback
usz-LC2	USZ	GOBP_INNERVATION	comp	0.00174	0.000436	0.1393		white_fallback
usz-LC2	USZ	GOBP_RESPONSE_TO_ETHER	own	-0.006903	0.000527	0.8955	114.2	
usz-LC2	USZ	GOBP_RESPONSE_TO_ETHER	comp	-0.003425	-6.5e-05	0.791	41.8	
usz-LC2	USZ	GOBP_RESCUE_OF_STALLED_RIBOSOME	own	-0.001701	-6.1e-05	0.7463		white_fallback
usz-LC2	USZ	GOBP_RESCUE_OF_STALLED_RIBOSOME	comp	-0.001192	0.000373	0.7413		white_fallback
usz-LC2	USZ	GOBP_NEGATIVE_REGULATION_OF_MUSCLE_HYPERTROPHY	own	-0.006304	-0.00047	0.9652	73.6	
usz-LC2	USZ	GOBP_NEGATIVE_REGULATION_OF_MUSCLE_HYPERTROPHY	comp	-0.002518	-0.000331	0.7861		white_fallback
usz-LC2	USZ	GOBP_NEURON_INTRINSIC_APOPTOTIC_SIGNALING_PATHWAY_IN_RESPONSE_TO_OXIDATIVE_STRESS	own	-0.020942	-0.000759	0.995	127.4	
usz-LC2	USZ	GOBP_NEURON_INTRINSIC_APOPTOTIC_SIGNALING_PATHWAY_IN_RESPONSE_TO_OXIDATIVE_STRESS	comp	-0.01404	-0.000328	0.9701	115.5	
usz-LC2	USZ	GOBP_POSITIVE_REGULATION_OF_T_CELL_MIGRATION	own	-0.003075	-0.000507	0.7413	118.8	
usz-LC2	USZ	GOBP_POSITIVE_REGULATION_OF_T_CELL_MIGRATION	comp	8.1e-05	-0.000453	0.4279	75.5	
usz-LC2	USZ	GOBP_POSITIVE_REGULATION_OF_LEUKOCYTE_ADHESION_TO_VASCULAR_ENDOTHELIAL_CELL	own	-0.000462	0.000297	0.5721	79.6	
usz-LC2	USZ	GOBP_POSITIVE_REGULATION_OF_LEUKOCYTE_ADHESION_TO_VASCULAR_ENDOTHELIAL_CELL	comp	0.002725	0.000194	0.2587	40.7	
usz-LC2	USZ	CTRL_B_AXIS	own	0.004563	0.000152	0.0149	47.2	
usz-LC2	USZ	CTRL_B_AXIS	comp	0.002109	4.9e-05	0.1294	44.9	
usz-LC2	USZ	CTRL_MYC_V1	own	-0.029281	-4.9e-05	0.995	170.4	
usz-LC2	USZ	CTRL_MYC_V1	comp	-0.015434	0.000317	0.9851	141.9	
usz-LC2	USZ	CTRL_RANDOM_32	own	-0.003002	-2e-05	0.8806		white_fallback
usz-LC2	USZ	CTRL_RANDOM_32	comp	-0.001296	0.000354	0.7662		white_fallback
usz-LC2	USZ	HALLMARK_INTERFERON_GAMMA_RESPONSE	own	-0.001118	0.00017	0.6667	114.6	
usz-LC2	USZ	HALLMARK_INTERFERON_GAMMA_RESPONSE	comp	-0.000796	0.000117	0.6368	113.8	
usz-LC2	USZ	HALLMARK_INTERFERON_ALPHA_RESPONSE	own	-0.002545	-0.000407	0.801	120.2	
usz-LC2	USZ	HALLMARK_INTERFERON_ALPHA_RESPONSE	comp	-0.00239	-0.000113	0.8209	117.2	
usz-LC2	USZ	HALLMARK_G2M_CHECKPOINT	own	-0.007024	-0.000103	0.99	143.3	
usz-LC2	USZ	HALLMARK_G2M_CHECKPOINT	comp	-0.003014	-4.3e-05	0.8607	117.7	
usz-LC2	USZ	HALLMARK_EPITHELIAL_MESENCHYMAL_TRANSITION	own	-0.009703	-0.000366	0.9701	134.1	
usz-LC2	USZ	HALLMARK_EPITHELIAL_MESENCHYMAL_TRANSITION	comp	-0.006074	-0.001062	0.9154	130.8	
usz-LC2	USZ	GENE_CXCL13	own	-0.007058	-0.000196	0.6517	49.8	
usz-LC2	USZ	GENE_CXCL13	comp	-0.007071	-0.000968	0.7612	49.4	
usz-LC2	USZ	GENE_CCL19	own	0.000794	-0.000937	0.4129	48.5	
usz-LC2	USZ	GENE_CCL19	comp	8.3e-05	0.000713	0.5373	47.8	
usz-LC2	USZ	GENE_CCL21	own	0.002695	0.000773	0.393		white_fallback
usz-LC2	USZ	GENE_CCL21	comp	0.002084	-0.000639	0.3383		white_fallback
usz-LC2	USZ	GENE_LTB	own	0.000587	-0.002947	0.4328	113.7	
usz-LC2	USZ	GENE_LTB	comp	8.3e-05	-0.001288	0.4627	79.7	
usz-LC2	USZ	GENE_CD74	own	-0.05416	0.000163	0.9303	77.2	
usz-LC2	USZ	GENE_CD74	comp	-0.055011	0.000329	0.9851	42.5	
usz-LC2	USZ	GENE_HLA_DRA	own	-0.003628	-0.004756	0.4876	43.4	
usz-LC2	USZ	GENE_HLA_DRA	comp	0.01466	-0.001147	0.3333		white_fallback
usz-LC2	USZ	GENE_IFNG	own	0.0	0.0	1.0		white_fallback
usz-LC2	USZ	GENE_IFNG	comp	0.0	0.0	1.0		white_fallback
usz-LC2	USZ	GENE_CXCL9	own	0.000595	0.000816	0.5124		white_fallback
usz-LC2	USZ	GENE_CXCL9	comp	-0.001687	0.001383	0.6318		white_fallback
usz-LC2	USZ	GENE_GZMB	own	0.004244	-2.3e-05	0.0697		white_fallback
usz-LC2	USZ	GENE_GZMB	comp	0.003965	-4e-06	0.0647		white_fallback
usz-LC2	USZ	GENE_CD8A	own	0.00038	4.6e-05	0.2239		white_fallback
usz-LC2	USZ	GENE_CD8A	comp	0.000259	-1.8e-05	0.2637		white_fallback
usz-LC2	USZ	GENE_MKI67	own	0.004646	0.001457	0.2886		white_fallback
usz-LC2	USZ	GENE_MKI67	comp	0.003287	6.9e-05	0.3532		white_fallback
usz-LC2	USZ	GENE_COL1A1	own	-0.032391	0.00272	0.6766	124.7	
usz-LC2	USZ	GENE_COL1A1	comp	-0.050477	-0.000515	0.8507	113.6	
usz-LC3	USZ	GOBP_NEGATIVE_REGULATION_OF_VASCULAR_ENDOTHELIAL_GROWTH_FACTOR_PRODUCTION	own	0.000746	-0.00146	0.4677		white_fallback
usz-LC3	USZ	GOBP_NEGATIVE_REGULATION_OF_VASCULAR_ENDOTHELIAL_GROWTH_FACTOR_PRODUCTION	comp	0.000241	-0.000474	0.4876		white_fallback
usz-LC3	USZ	GOBP_REGULATION_OF_INTEGRIN_MEDIATED_SIGNALING_PATHWAY	own	0.00897	0.000341	0.0249	79.0	
usz-LC3	USZ	GOBP_REGULATION_OF_INTEGRIN_MEDIATED_SIGNALING_PATHWAY	comp	0.007001	0.000313	0.1144	78.0	
usz-LC3	USZ	GOBP_COMPLEMENT_ACTIVATION_CLASSICAL_PATHWAY	own	0.006202	2.3e-05	0.0896	78.7	
usz-LC3	USZ	GOBP_COMPLEMENT_ACTIVATION_CLASSICAL_PATHWAY	comp	0.005959	-0.000455	0.0945	77.8	
usz-LC3	USZ	GOBP_PEPTIDE_ANTIGEN_ASSEMBLY_WITH_MHC_PROTEIN_COMPLEX	own	0.014813	-0.000919	0.0995	117.4	
usz-LC3	USZ	GOBP_PEPTIDE_ANTIGEN_ASSEMBLY_WITH_MHC_PROTEIN_COMPLEX	comp	0.015968	0.001015	0.0896	115.2	
usz-LC3	USZ	GOBP_NEGATIVE_REGULATION_OF_REACTIVE_OXYGEN_SPECIES_BIOSYNTHETIC_PROCESS	own	0.000356	-0.000279	0.4478		white_fallback
usz-LC3	USZ	GOBP_NEGATIVE_REGULATION_OF_REACTIVE_OXYGEN_SPECIES_BIOSYNTHETIC_PROCESS	comp	0.000744	0.000287	0.4677		white_fallback
usz-LC3	USZ	GOBP_MRNA_5_SPLICE_SITE_RECOGNITION	own	0.002643	0.001034	0.3881		white_fallback
usz-LC3	USZ	GOBP_MRNA_5_SPLICE_SITE_RECOGNITION	comp	0.00204	-0.000586	0.3582		white_fallback
usz-LC3	USZ	GOBP_RESPONSE_TO_INTERFERON_ALPHA	own	0.012795	-4.4e-05	0.0149	41.3	
usz-LC3	USZ	GOBP_RESPONSE_TO_INTERFERON_ALPHA	comp	0.010878	-0.000112	0.01		white_fallback
usz-LC3	USZ	GOBP_POSITIVE_REGULATION_OF_VASCULAR_ASSOCIATED_SMOOTH_MUSCLE_CELL_MIGRATION	own	0.00208	-7.5e-05	0.2935		white_fallback
usz-LC3	USZ	GOBP_POSITIVE_REGULATION_OF_VASCULAR_ASSOCIATED_SMOOTH_MUSCLE_CELL_MIGRATION	comp	0.002865	0.000222	0.2438		white_fallback
usz-LC3	USZ	GOBP_NEGATIVE_REGULATION_OF_EXTRACELLULAR_MATRIX_ORGANIZATION	own	0.008516	-0.000371	0.0348	41.7	
usz-LC3	USZ	GOBP_NEGATIVE_REGULATION_OF_EXTRACELLULAR_MATRIX_ORGANIZATION	comp	0.006346	-0.000262	0.0945		white_fallback
usz-LC3	USZ	GOBP_CELL_FATE_DETERMINATION	own	-0.003265	-5.1e-05	0.9701		white_fallback
usz-LC3	USZ	GOBP_CELL_FATE_DETERMINATION	comp	-0.004016	0.000209	0.9701		white_fallback
usz-LC3	USZ	GOBP_HYPERSENSITIVITY	own	0.00211	9.2e-05	0.2388		white_fallback
usz-LC3	USZ	GOBP_HYPERSENSITIVITY	comp	0.001086	-0.000137	0.3781		white_fallback
usz-LC3	USZ	GOBP_NEGATIVE_REGULATION_OF_BLOOD_VESSEL_ENDOTHELIAL_CELL_PROLIFERATION_INVOLVED_IN_SPROUTING_ANGIOGENESIS	own	-0.000992	0.000285	0.5771		white_fallback
usz-LC3	USZ	GOBP_NEGATIVE_REGULATION_OF_BLOOD_VESSEL_ENDOTHELIAL_CELL_PROLIFERATION_INVOLVED_IN_SPROUTING_ANGIOGENESIS	comp	-0.002158	-0.000144	0.6915		white_fallback
usz-LC3	USZ	GOBP_PHYSIOLOGICAL_CARDIAC_MUSCLE_HYPERTROPHY	own	0.006095	0.000186	0.0249	43.5	
usz-LC3	USZ	GOBP_PHYSIOLOGICAL_CARDIAC_MUSCLE_HYPERTROPHY	comp	0.004841	0.000381	0.0697	42.5	
usz-LC3	USZ	GOBP_INTEGRIN_MEDIATED_SIGNALING_PATHWAY	own	0.000686	0.000271	0.4527	124.3	
usz-LC3	USZ	GOBP_INTEGRIN_MEDIATED_SIGNALING_PATHWAY	comp	-0.001161	0.000272	0.6368	120.6	
usz-LC3	USZ	GOBP_RESPONSE_TO_PROSTAGLANDIN_E	own	0.004374	-0.00013	0.0945		white_fallback
usz-LC3	USZ	GOBP_RESPONSE_TO_PROSTAGLANDIN_E	comp	0.004652	-0.000258	0.0498		white_fallback
usz-LC3	USZ	GOBP_CELL_ADHESION_MOLECULE_PRODUCTION	own	0.002761	-0.000422	0.2537		white_fallback
usz-LC3	USZ	GOBP_CELL_ADHESION_MOLECULE_PRODUCTION	comp	0.001596	2e-06	0.3881		white_fallback
usz-LC3	USZ	GOBP_POSITIVE_REGULATION_OF_RNA_SPLICING	own	0.004045	0.000216	0.0995		white_fallback
usz-LC3	USZ	GOBP_POSITIVE_REGULATION_OF_RNA_SPLICING	comp	0.005164	0.000191	0.0647		white_fallback
usz-LC3	USZ	GOBP_DEFINITIVE_HEMOPOIESIS	own	-0.001998	-0.000103	0.806		white_fallback
usz-LC3	USZ	GOBP_DEFINITIVE_HEMOPOIESIS	comp	-0.00243	-0.000181	0.8507		white_fallback
usz-LC3	USZ	GOBP_PROTEIN_DEACETYLATION	own	0.002625	-0.0002	0.1095		white_fallback
usz-LC3	USZ	GOBP_PROTEIN_DEACETYLATION	comp	0.001997	-0.000218	0.1791		white_fallback
usz-LC3	USZ	GOBP_CELL_JUNCTION_DISASSEMBLY	own	0.002034	7.2e-05	0.2438	43.5	
usz-LC3	USZ	GOBP_CELL_JUNCTION_DISASSEMBLY	comp	0.000996	2.7e-05	0.3582	41.9	
usz-LC3	USZ	GOBP_REGULATION_OF_SYNAPTIC_VESICLE_ENDOCYTOSIS	own	0.002159	6.5e-05	0.3234	72.3	
usz-LC3	USZ	GOBP_REGULATION_OF_SYNAPTIC_VESICLE_ENDOCYTOSIS	comp	0.003356	0.000775	0.2139	41.2	
usz-LC3	USZ	GOBP_RESPONSE_TO_NITRIC_OXIDE	own	0.004001	-0.000339	0.1144		white_fallback
usz-LC3	USZ	GOBP_RESPONSE_TO_NITRIC_OXIDE	comp	0.004338	0.00064	0.0746		white_fallback
usz-LC3	USZ	GOBP_REGULATION_OF_CELL_GROWTH_INVOLVED_IN_CARDIAC_MUSCLE_CELL_DEVELOPMENT	own	0.006452	-0.000218	0.0448	43.9	
usz-LC3	USZ	GOBP_REGULATION_OF_CELL_GROWTH_INVOLVED_IN_CARDIAC_MUSCLE_CELL_DEVELOPMENT	comp	0.005243	-0.000109	0.0746	42.7	
usz-LC3	USZ	GOBP_INNERVATION	own	-0.000705	-1.7e-05	0.6418		white_fallback
usz-LC3	USZ	GOBP_INNERVATION	comp	-0.001515	-4.4e-05	0.7512		white_fallback
usz-LC3	USZ	GOBP_RESPONSE_TO_ETHER	own	0.002855	0.000362	0.1393		white_fallback
usz-LC3	USZ	GOBP_RESPONSE_TO_ETHER	comp	0.002699	-0.000192	0.1443		white_fallback
usz-LC3	USZ	GOBP_RESCUE_OF_STALLED_RIBOSOME	own	0.001399	0.000164	0.3383		white_fallback
usz-LC3	USZ	GOBP_RESCUE_OF_STALLED_RIBOSOME	comp	0.001439	0.000201	0.3383		white_fallback
usz-LC3	USZ	GOBP_NEGATIVE_REGULATION_OF_MUSCLE_HYPERTROPHY	own	0.000871	-0.000119	0.3731		white_fallback
usz-LC3	USZ	GOBP_NEGATIVE_REGULATION_OF_MUSCLE_HYPERTROPHY	comp	2.7e-05	0.00012	0.5323		white_fallback
usz-LC3	USZ	GOBP_NEURON_INTRINSIC_APOPTOTIC_SIGNALING_PATHWAY_IN_RESPONSE_TO_OXIDATIVE_STRESS	own	5.8e-05	-0.000663	0.4527	75.1	
usz-LC3	USZ	GOBP_NEURON_INTRINSIC_APOPTOTIC_SIGNALING_PATHWAY_IN_RESPONSE_TO_OXIDATIVE_STRESS	comp	0.000376	-0.000395	0.4677	72.6	
usz-LC3	USZ	GOBP_POSITIVE_REGULATION_OF_T_CELL_MIGRATION	own	0.001225	0.000235	0.3532		white_fallback
usz-LC3	USZ	GOBP_POSITIVE_REGULATION_OF_T_CELL_MIGRATION	comp	0.002179	-5.6e-05	0.2189		white_fallback
usz-LC3	USZ	GOBP_POSITIVE_REGULATION_OF_LEUKOCYTE_ADHESION_TO_VASCULAR_ENDOTHELIAL_CELL	own	0.003047	-0.000377	0.1642		white_fallback
usz-LC3	USZ	GOBP_POSITIVE_REGULATION_OF_LEUKOCYTE_ADHESION_TO_VASCULAR_ENDOTHELIAL_CELL	comp	0.002848	0.000211	0.204		white_fallback
usz-LC3	USZ	CTRL_B_AXIS	own	-0.003543	6.4e-05	0.9751	41.6	
usz-LC3	USZ	CTRL_B_AXIS	comp	-0.002138	6.5e-05	0.8706		white_fallback
usz-LC3	USZ	CTRL_MYC_V1	own	0.004951	-7.5e-05	0.0746	114.9	
usz-LC3	USZ	CTRL_MYC_V1	comp	0.00491	0.000149	0.0448	79.2	
usz-LC3	USZ	CTRL_RANDOM_32	own	-4.6e-05	0.000518	0.5871		white_fallback
usz-LC3	USZ	CTRL_RANDOM_32	comp	-0.000816	3.9e-05	0.6119		white_fallback
usz-LC3	USZ	HALLMARK_INTERFERON_GAMMA_RESPONSE	own	0.003771	-0.000294	0.0249	76.1	
usz-LC3	USZ	HALLMARK_INTERFERON_GAMMA_RESPONSE	comp	0.003379	-0.000193	0.0597	73.7	
usz-LC3	USZ	HALLMARK_INTERFERON_ALPHA_RESPONSE	own	0.005751	5.1e-05	0.005	42.6	
usz-LC3	USZ	HALLMARK_INTERFERON_ALPHA_RESPONSE	comp	0.004948	0.00026	0.0149	41.3	
usz-LC3	USZ	HALLMARK_G2M_CHECKPOINT	own	0.000852	-6.3e-05	0.2139		white_fallback
usz-LC3	USZ	HALLMARK_G2M_CHECKPOINT	comp	0.000904	4.5e-05	0.2139		white_fallback
usz-LC3	USZ	HALLMARK_EPITHELIAL_MESENCHYMAL_TRANSITION	own	0.011827	-0.000581	0.0249	138.0	
usz-LC3	USZ	HALLMARK_EPITHELIAL_MESENCHYMAL_TRANSITION	comp	0.008261	4e-05	0.0796	134.8	
usz-LC3	USZ	GENE_CXCL13	own	-0.021152	0.000959	0.9303		white_fallback
usz-LC3	USZ	GENE_CXCL13	comp	-0.007192	0.001119	0.6766		white_fallback
usz-LC3	USZ	GENE_CCL19	own	0.061907	0.001031	0.0199		white_fallback
usz-LC3	USZ	GENE_CCL19	comp	0.059147	-0.002081	0.01		white_fallback
usz-LC3	USZ	GENE_CCL21	own	0.02224	0.001913	0.0448		white_fallback
usz-LC3	USZ	GENE_CCL21	comp	0.022764	0.002154	0.0547		white_fallback
usz-LC3	USZ	GENE_LTB	own	0.04334	0.000511	0.1393	41.3	
usz-LC3	USZ	GENE_LTB	comp	0.046353	0.002363	0.0597	40.8	
usz-LC3	USZ	GENE_CD74	own	0.043984	-0.000122	0.0746	40.2	
usz-LC3	USZ	GENE_CD74	comp	0.038296	-0.004375	0.0945		white_fallback
usz-LC3	USZ	GENE_HLA_DRA	own	0.037968	0.002006	0.1841		white_fallback
usz-LC3	USZ	GENE_HLA_DRA	comp	0.035179	-0.000234	0.199		white_fallback
usz-LC3	USZ	GENE_IFNG	own	0.002484	0.000136	0.194		white_fallback
usz-LC3	USZ	GENE_IFNG	comp	0.002903	0.000477	0.199		white_fallback
usz-LC3	USZ	GENE_CXCL9	own	0.002975	-0.000607	0.408		white_fallback
usz-LC3	USZ	GENE_CXCL9	comp	0.001487	0.000675	0.4826		white_fallback
usz-LC3	USZ	GENE_GZMB	own	-0.009555	0.000157	0.8358		white_fallback
usz-LC3	USZ	GENE_GZMB	comp	-0.01	0.002317	0.8706		white_fallback
usz-LC3	USZ	GENE_CD8A	own	0.003478	0.000522	0.4229		white_fallback
usz-LC3	USZ	GENE_CD8A	comp	0.003902	8.6e-05	0.4229		white_fallback
usz-LC3	USZ	GENE_MKI67	own	0.002341	0.0006	0.4229		white_fallback
usz-LC3	USZ	GENE_MKI67	comp	0.001656	0.00033	0.4229		white_fallback
usz-LC3	USZ	GENE_COL1A1	own	0.025499	0.003756	0.2687	44.8	
usz-LC3	USZ	GENE_COL1A1	comp	0.007204	-0.000299	0.3731	42.4	
usz-LC4	USZ	GOBP_NEGATIVE_REGULATION_OF_VASCULAR_ENDOTHELIAL_GROWTH_FACTOR_PRODUCTION	own	-0.001737	0.000228	0.5473		white_fallback
usz-LC4	USZ	GOBP_NEGATIVE_REGULATION_OF_VASCULAR_ENDOTHELIAL_GROWTH_FACTOR_PRODUCTION	comp	0.00341	-0.000816	0.3881		white_fallback
usz-LC4	USZ	GOBP_REGULATION_OF_INTEGRIN_MEDIATED_SIGNALING_PATHWAY	own	0.000276	-0.000217	0.4378		white_fallback
usz-LC4	USZ	GOBP_REGULATION_OF_INTEGRIN_MEDIATED_SIGNALING_PATHWAY	comp	0.001842	-0.0003	0.2836		white_fallback
usz-LC4	USZ	GOBP_COMPLEMENT_ACTIVATION_CLASSICAL_PATHWAY	own	0.002761	0.000426	0.2687	43.7	
usz-LC4	USZ	GOBP_COMPLEMENT_ACTIVATION_CLASSICAL_PATHWAY	comp	0.00427	0.000156	0.1443	41.8	
usz-LC4	USZ	GOBP_PEPTIDE_ANTIGEN_ASSEMBLY_WITH_MHC_PROTEIN_COMPLEX	own	0.011414	-4e-05	0.0547		white_fallback
usz-LC4	USZ	GOBP_PEPTIDE_ANTIGEN_ASSEMBLY_WITH_MHC_PROTEIN_COMPLEX	comp	0.008766	0.000379	0.0697		white_fallback
usz-LC4	USZ	GOBP_NEGATIVE_REGULATION_OF_REACTIVE_OXYGEN_SPECIES_BIOSYNTHETIC_PROCESS	own	-0.001101	0.0003	0.607		white_fallback
usz-LC4	USZ	GOBP_NEGATIVE_REGULATION_OF_REACTIVE_OXYGEN_SPECIES_BIOSYNTHETIC_PROCESS	comp	-0.002207	-0.001057	0.6269		white_fallback
usz-LC4	USZ	GOBP_MRNA_5_SPLICE_SITE_RECOGNITION	own	-0.000483	-7.8e-05	0.5274		white_fallback
usz-LC4	USZ	GOBP_MRNA_5_SPLICE_SITE_RECOGNITION	comp	-0.000916	-8.3e-05	0.5473		white_fallback
usz-LC4	USZ	GOBP_RESPONSE_TO_INTERFERON_ALPHA	own	0.001748	-0.000221	0.3483		white_fallback
usz-LC4	USZ	GOBP_RESPONSE_TO_INTERFERON_ALPHA	comp	0.001288	0.000249	0.3781		white_fallback
usz-LC4	USZ	GOBP_POSITIVE_REGULATION_OF_VASCULAR_ASSOCIATED_SMOOTH_MUSCLE_CELL_MIGRATION	own	-0.005415	-0.000161	0.8905		white_fallback
usz-LC4	USZ	GOBP_POSITIVE_REGULATION_OF_VASCULAR_ASSOCIATED_SMOOTH_MUSCLE_CELL_MIGRATION	comp	-0.005502	0.00059	0.9154		white_fallback
usz-LC4	USZ	GOBP_NEGATIVE_REGULATION_OF_EXTRACELLULAR_MATRIX_ORGANIZATION	own	-0.002804	5.8e-05	0.7612		white_fallback
usz-LC4	USZ	GOBP_NEGATIVE_REGULATION_OF_EXTRACELLULAR_MATRIX_ORGANIZATION	comp	-0.002528	3.4e-05	0.7214		white_fallback
usz-LC4	USZ	GOBP_CELL_FATE_DETERMINATION	own	-0.001533	0.000135	0.7761		white_fallback
usz-LC4	USZ	GOBP_CELL_FATE_DETERMINATION	comp	-0.001227	-0.000104	0.7264		white_fallback
usz-LC4	USZ	GOBP_HYPERSENSITIVITY	own	0.0041	-3.6e-05	0.2139		white_fallback
usz-LC4	USZ	GOBP_HYPERSENSITIVITY	comp	0.004387	4e-05	0.1542		white_fallback
usz-LC4	USZ	GOBP_NEGATIVE_REGULATION_OF_BLOOD_VESSEL_ENDOTHELIAL_CELL_PROLIFERATION_INVOLVED_IN_SPROUTING_ANGIOGENESIS	own	-0.002953	-8e-06	0.8109		white_fallback
usz-LC4	USZ	GOBP_NEGATIVE_REGULATION_OF_BLOOD_VESSEL_ENDOTHELIAL_CELL_PROLIFERATION_INVOLVED_IN_SPROUTING_ANGIOGENESIS	comp	-0.002205	0.00023	0.7562		white_fallback
usz-LC4	USZ	GOBP_PHYSIOLOGICAL_CARDIAC_MUSCLE_HYPERTROPHY	own	0.000245	1.6e-05	0.4527		white_fallback
usz-LC4	USZ	GOBP_PHYSIOLOGICAL_CARDIAC_MUSCLE_HYPERTROPHY	comp	0.000334	0.000184	0.4826		white_fallback
usz-LC4	USZ	GOBP_INTEGRIN_MEDIATED_SIGNALING_PATHWAY	own	0.000514	-0.000305	0.3881	44.6	
usz-LC4	USZ	GOBP_INTEGRIN_MEDIATED_SIGNALING_PATHWAY	comp	0.001385	-0.000162	0.2289	41.5	
usz-LC4	USZ	GOBP_RESPONSE_TO_PROSTAGLANDIN_E	own	-0.002442	-5.5e-05	0.8507		white_fallback
usz-LC4	USZ	GOBP_RESPONSE_TO_PROSTAGLANDIN_E	comp	-0.00305	0.000102	0.8408		white_fallback
usz-LC4	USZ	GOBP_CELL_ADHESION_MOLECULE_PRODUCTION	own	-0.005391	1.4e-05	0.8557		white_fallback
usz-LC4	USZ	GOBP_CELL_ADHESION_MOLECULE_PRODUCTION	comp	-0.005199	-0.000268	0.8308		white_fallback
usz-LC4	USZ	GOBP_POSITIVE_REGULATION_OF_RNA_SPLICING	own	0.006242	-0.000148	0.0348		white_fallback
usz-LC4	USZ	GOBP_POSITIVE_REGULATION_OF_RNA_SPLICING	comp	0.004093	-0.000372	0.1294		white_fallback
usz-LC4	USZ	GOBP_DEFINITIVE_HEMOPOIESIS	own	-0.002099	-0.00042	0.7811		white_fallback
usz-LC4	USZ	GOBP_DEFINITIVE_HEMOPOIESIS	comp	-0.00138	0.000236	0.7711		white_fallback
usz-LC4	USZ	GOBP_PROTEIN_DEACETYLATION	own	0.001572	-0.000442	0.2637		white_fallback
usz-LC4	USZ	GOBP_PROTEIN_DEACETYLATION	comp	0.001158	-0.000156	0.3383		white_fallback
usz-LC4	USZ	GOBP_CELL_JUNCTION_DISASSEMBLY	own	0.006009	-1.2e-05	0.0149		white_fallback
usz-LC4	USZ	GOBP_CELL_JUNCTION_DISASSEMBLY	comp	0.0059	0.000345	0.0199		white_fallback
usz-LC4	USZ	GOBP_REGULATION_OF_SYNAPTIC_VESICLE_ENDOCYTOSIS	own	0.002141	0.000374	0.3682	40.7	
usz-LC4	USZ	GOBP_REGULATION_OF_SYNAPTIC_VESICLE_ENDOCYTOSIS	comp	-0.000452	0.000205	0.597		white_fallback
usz-LC4	USZ	GOBP_RESPONSE_TO_NITRIC_OXIDE	own	-0.002627	-0.000183	0.8159		white_fallback
usz-LC4	USZ	GOBP_RESPONSE_TO_NITRIC_OXIDE	comp	-0.0031	0.000211	0.8109		white_fallback
usz-LC4	USZ	GOBP_REGULATION_OF_CELL_GROWTH_INVOLVED_IN_CARDIAC_MUSCLE_CELL_DEVELOPMENT	own	0.000998	-0.000128	0.3831		white_fallback
usz-LC4	USZ	GOBP_REGULATION_OF_CELL_GROWTH_INVOLVED_IN_CARDIAC_MUSCLE_CELL_DEVELOPMENT	comp	0.000635	0.000302	0.4378		white_fallback
usz-LC4	USZ	GOBP_INNERVATION	own	-0.001004	-0.000114	0.7015		white_fallback
usz-LC4	USZ	GOBP_INNERVATION	comp	-0.000941	0.000359	0.7114		white_fallback
usz-LC4	USZ	GOBP_RESPONSE_TO_ETHER	own	-0.001128	-2.7e-05	0.6567		white_fallback
usz-LC4	USZ	GOBP_RESPONSE_TO_ETHER	comp	-0.001999	0.000118	0.7562		white_fallback
usz-LC4	USZ	GOBP_RESCUE_OF_STALLED_RIBOSOME	own	-0.006327	0.000351	0.9851		white_fallback
usz-LC4	USZ	GOBP_RESCUE_OF_STALLED_RIBOSOME	comp	-0.00694	0.000542	0.99		white_fallback
usz-LC4	USZ	GOBP_NEGATIVE_REGULATION_OF_MUSCLE_HYPERTROPHY	own	0.001508	-0.000259	0.2736		white_fallback
usz-LC4	USZ	GOBP_NEGATIVE_REGULATION_OF_MUSCLE_HYPERTROPHY	comp	0.000129	4.2e-05	0.4975		white_fallback
usz-LC4	USZ	GOBP_NEURON_INTRINSIC_APOPTOTIC_SIGNALING_PATHWAY_IN_RESPONSE_TO_OXIDATIVE_STRESS	own	-0.001203	0.00053	0.6368		white_fallback
usz-LC4	USZ	GOBP_NEURON_INTRINSIC_APOPTOTIC_SIGNALING_PATHWAY_IN_RESPONSE_TO_OXIDATIVE_STRESS	comp	-0.002368	0.000511	0.7761		white_fallback
usz-LC4	USZ	GOBP_POSITIVE_REGULATION_OF_T_CELL_MIGRATION	own	-0.001256	7.6e-05	0.6617		white_fallback
usz-LC4	USZ	GOBP_POSITIVE_REGULATION_OF_T_CELL_MIGRATION	comp	-0.002409	1.3e-05	0.806		white_fallback
usz-LC4	USZ	GOBP_POSITIVE_REGULATION_OF_LEUKOCYTE_ADHESION_TO_VASCULAR_ENDOTHELIAL_CELL	own	0.001088	-0.00028	0.2786		white_fallback
usz-LC4	USZ	GOBP_POSITIVE_REGULATION_OF_LEUKOCYTE_ADHESION_TO_VASCULAR_ENDOTHELIAL_CELL	comp	0.000761	-3.4e-05	0.4179		white_fallback
usz-LC4	USZ	CTRL_B_AXIS	own	-0.000756	8.7e-05	0.7065		white_fallback
usz-LC4	USZ	CTRL_B_AXIS	comp	-0.000838	-8e-06	0.7164		white_fallback
usz-LC4	USZ	CTRL_MYC_V1	own	-0.000808	0.000239	0.6119	77.1	
usz-LC4	USZ	CTRL_MYC_V1	comp	-0.004443	0.00034	0.8905	73.7	
usz-LC4	USZ	CTRL_RANDOM_32	own	-0.003119	6e-05	0.9154		white_fallback
usz-LC4	USZ	CTRL_RANDOM_32	comp	-0.003559	-0.000189	0.9453		white_fallback
usz-LC4	USZ	HALLMARK_INTERFERON_GAMMA_RESPONSE	own	0.001219	-6e-06	0.2836	41.7	
usz-LC4	USZ	HALLMARK_INTERFERON_GAMMA_RESPONSE	comp	0.0001	-6e-06	0.4478		white_fallback
usz-LC4	USZ	HALLMARK_INTERFERON_ALPHA_RESPONSE	own	0.001163	-0.000261	0.3184	41.9	
usz-LC4	USZ	HALLMARK_INTERFERON_ALPHA_RESPONSE	comp	-0.000609	-0.000254	0.592		white_fallback
usz-LC4	USZ	HALLMARK_G2M_CHECKPOINT	own	0.002009	-9e-06	0.0846	43.1	
usz-LC4	USZ	HALLMARK_G2M_CHECKPOINT	comp	0.000755	0.000142	0.3134		white_fallback
usz-LC4	USZ	HALLMARK_EPITHELIAL_MESENCHYMAL_TRANSITION	own	-0.00489	0.000559	0.9353	83.1	
usz-LC4	USZ	HALLMARK_EPITHELIAL_MESENCHYMAL_TRANSITION	comp	-0.001883	-0.000362	0.7164	79.5	
usz-LC4	USZ	GENE_CXCL13	own	0.003187	0.000192	0.403		white_fallback
usz-LC4	USZ	GENE_CXCL13	comp	0.003764	-0.000973	0.3682		white_fallback
usz-LC4	USZ	GENE_CCL19	own	-0.010572	0.000554	0.7363		white_fallback
usz-LC4	USZ	GENE_CCL19	comp	-0.007701	-0.003051	0.6418		white_fallback
usz-LC4	USZ	GENE_CCL21	own	-0.001037	6.1e-05	0.5821		white_fallback
usz-LC4	USZ	GENE_CCL21	comp	-0.001237	-0.000744	0.5423		white_fallback
usz-LC4	USZ	GENE_LTB	own	0.016333	0.003678	0.2985		white_fallback
usz-LC4	USZ	GENE_LTB	comp	0.010973	0.004918	0.393		white_fallback
usz-LC4	USZ	GENE_CD74	own	0.037546	0.007001	0.204		white_fallback
usz-LC4	USZ	GENE_CD74	comp	0.033523	-0.000263	0.1741		white_fallback
usz-LC4	USZ	GENE_HLA_DRA	own	0.012904	0.000982	0.3532		white_fallback
usz-LC4	USZ	GENE_HLA_DRA	comp	0.01398	0.001891	0.3881		white_fallback
usz-LC4	USZ	GENE_IFNG	own	-0.002771	0.000474	0.7164		white_fallback
usz-LC4	USZ	GENE_IFNG	comp	-0.002862	-6.9e-05	0.6716		white_fallback
usz-LC4	USZ	GENE_CXCL9	own	0.016657	-0.001865	0.0796		white_fallback
usz-LC4	USZ	GENE_CXCL9	comp	0.013817	-0.00034	0.0995		white_fallback
usz-LC4	USZ	GENE_GZMB	own	0.010616	-0.000622	0.1891		white_fallback
usz-LC4	USZ	GENE_GZMB	comp	0.008976	-0.002087	0.1592		white_fallback
usz-LC4	USZ	GENE_CD8A	own	0.016103	-0.000719	0.2139		white_fallback
usz-LC4	USZ	GENE_CD8A	comp	0.010972	0.00182	0.3383		white_fallback
usz-LC4	USZ	GENE_MKI67	own	0.003131	0.000339	0.3831		white_fallback
usz-LC4	USZ	GENE_MKI67	comp	0.003135	0.000633	0.3333		white_fallback
usz-LC4	USZ	GENE_COL1A1	own	-0.086145	0.004166	0.99	42.9	
usz-LC4	USZ	GENE_COL1A1	comp	-0.071541	0.003591	0.9751	41.6	
usz-LC5	USZ	GOBP_NEGATIVE_REGULATION_OF_VASCULAR_ENDOTHELIAL_GROWTH_FACTOR_PRODUCTION	own	-0.016503	0.0017	0.7463		white_fallback
usz-LC5	USZ	GOBP_NEGATIVE_REGULATION_OF_VASCULAR_ENDOTHELIAL_GROWTH_FACTOR_PRODUCTION	comp	-0.013877	-0.001065	0.6866		white_fallback
usz-LC5	USZ	GOBP_REGULATION_OF_INTEGRIN_MEDIATED_SIGNALING_PATHWAY	own	-0.005866	-0.000618	0.8308	46.7	
usz-LC5	USZ	GOBP_REGULATION_OF_INTEGRIN_MEDIATED_SIGNALING_PATHWAY	comp	-0.002878	7.7e-05	0.6866	42.1	
usz-LC5	USZ	GOBP_COMPLEMENT_ACTIVATION_CLASSICAL_PATHWAY	own	-0.008144	-0.00028	0.8706	77.0	
usz-LC5	USZ	GOBP_COMPLEMENT_ACTIVATION_CLASSICAL_PATHWAY	comp	-0.008147	0.000327	0.8905	75.4	
usz-LC5	USZ	GOBP_PEPTIDE_ANTIGEN_ASSEMBLY_WITH_MHC_PROTEIN_COMPLEX	own	-0.027791	0.001671	0.9851	53.5	
usz-LC5	USZ	GOBP_PEPTIDE_ANTIGEN_ASSEMBLY_WITH_MHC_PROTEIN_COMPLEX	comp	-0.021393	0.000816	0.9801	49.0	
usz-LC5	USZ	GOBP_NEGATIVE_REGULATION_OF_REACTIVE_OXYGEN_SPECIES_BIOSYNTHETIC_PROCESS	own	-0.014129	6e-06	0.9552	75.3	
usz-LC5	USZ	GOBP_NEGATIVE_REGULATION_OF_REACTIVE_OXYGEN_SPECIES_BIOSYNTHETIC_PROCESS	comp	-0.005252	0.000247	0.801	41.8	
usz-LC5	USZ	GOBP_MRNA_5_SPLICE_SITE_RECOGNITION	own	-0.003286	0.000147	0.5721		white_fallback
usz-LC5	USZ	GOBP_MRNA_5_SPLICE_SITE_RECOGNITION	comp	0.003979	0.000743	0.3333		white_fallback
usz-LC5	USZ	GOBP_RESPONSE_TO_INTERFERON_ALPHA	own	-0.010857	-0.000423	0.9154	74.7	
usz-LC5	USZ	GOBP_RESPONSE_TO_INTERFERON_ALPHA	comp	-0.00751	0.000827	0.9154	41.2	
usz-LC5	USZ	GOBP_POSITIVE_REGULATION_OF_VASCULAR_ASSOCIATED_SMOOTH_MUSCLE_CELL_MIGRATION	own	-0.00459	0.000368	0.8308	41.7	
usz-LC5	USZ	GOBP_POSITIVE_REGULATION_OF_VASCULAR_ASSOCIATED_SMOOTH_MUSCLE_CELL_MIGRATION	comp	-0.004096	0.000104	0.8507		white_fallback
usz-LC5	USZ	GOBP_NEGATIVE_REGULATION_OF_EXTRACELLULAR_MATRIX_ORGANIZATION	own	-0.004227	-0.000434	0.7313	43.4	
usz-LC5	USZ	GOBP_NEGATIVE_REGULATION_OF_EXTRACELLULAR_MATRIX_ORGANIZATION	comp	-0.00385	5.8e-05	0.7711	40.8	
usz-LC5	USZ	GOBP_CELL_FATE_DETERMINATION	own	0.00067	0.000137	0.4378	42.7	
usz-LC5	USZ	GOBP_CELL_FATE_DETERMINATION	comp	0.00099	-0.00029	0.3134		white_fallback
usz-LC5	USZ	GOBP_HYPERSENSITIVITY	own	-0.011854	0.00022	0.9652	46.6	
usz-LC5	USZ	GOBP_HYPERSENSITIVITY	comp	-0.008742	0.000171	0.9403	42.3	
usz-LC5	USZ	GOBP_NEGATIVE_REGULATION_OF_BLOOD_VESSEL_ENDOTHELIAL_CELL_PROLIFERATION_INVOLVED_IN_SPROUTING_ANGIOGENESIS	own	0.000343	0.000323	0.5025	41.6	
usz-LC5	USZ	GOBP_NEGATIVE_REGULATION_OF_BLOOD_VESSEL_ENDOTHELIAL_CELL_PROLIFERATION_INVOLVED_IN_SPROUTING_ANGIOGENESIS	comp	-0.000775	-8.5e-05	0.5423		white_fallback
usz-LC5	USZ	GOBP_PHYSIOLOGICAL_CARDIAC_MUSCLE_HYPERTROPHY	own	0.002132	-2.2e-05	0.1393		white_fallback
usz-LC5	USZ	GOBP_PHYSIOLOGICAL_CARDIAC_MUSCLE_HYPERTROPHY	comp	0.000406	7.1e-05	0.4279		white_fallback
usz-LC5	USZ	GOBP_INTEGRIN_MEDIATED_SIGNALING_PATHWAY	own	-0.00605	0.000258	0.9353	77.6	
usz-LC5	USZ	GOBP_INTEGRIN_MEDIATED_SIGNALING_PATHWAY	comp	-0.003343	0.000124	0.8458	44.0	
usz-LC5	USZ	GOBP_RESPONSE_TO_PROSTAGLANDIN_E	own	-0.010708	0.000206	0.995	41.1	
usz-LC5	USZ	GOBP_RESPONSE_TO_PROSTAGLANDIN_E	comp	-0.008584	-0.000319	0.995		white_fallback
usz-LC5	USZ	GOBP_CELL_ADHESION_MOLECULE_PRODUCTION	own	0.000404	0.000692	0.5174	41.7	
usz-LC5	USZ	GOBP_CELL_ADHESION_MOLECULE_PRODUCTION	comp	0.000897	0.000191	0.4478		white_fallback
usz-LC5	USZ	GOBP_POSITIVE_REGULATION_OF_RNA_SPLICING	own	-0.021217	1.5e-05	1.0	78.6	
usz-LC5	USZ	GOBP_POSITIVE_REGULATION_OF_RNA_SPLICING	comp	-0.0161	3.4e-05	1.0	42.1	
usz-LC5	USZ	GOBP_DEFINITIVE_HEMOPOIESIS	own	-0.00437	0.000241	0.9154		white_fallback
usz-LC5	USZ	GOBP_DEFINITIVE_HEMOPOIESIS	comp	-0.003936	-0.000709	0.8209		white_fallback
usz-LC5	USZ	GOBP_PROTEIN_DEACETYLATION	own	-0.002575	0.00029	0.7662		white_fallback
usz-LC5	USZ	GOBP_PROTEIN_DEACETYLATION	comp	-0.000616	-0.000147	0.5473		white_fallback
usz-LC5	USZ	GOBP_CELL_JUNCTION_DISASSEMBLY	own	-0.005479	-5.9e-05	0.8706	48.9	
usz-LC5	USZ	GOBP_CELL_JUNCTION_DISASSEMBLY	comp	-0.005707	-0.000111	0.8905	43.5	
usz-LC5	USZ	GOBP_REGULATION_OF_SYNAPTIC_VESICLE_ENDOCYTOSIS	own	-0.012684	-0.000637	0.9652	74.0	
usz-LC5	USZ	GOBP_REGULATION_OF_SYNAPTIC_VESICLE_ENDOCYTOSIS	comp	-0.008743	1.1e-05	0.9055	41.9	
usz-LC5	USZ	GOBP_RESPONSE_TO_NITRIC_OXIDE	own	-0.006627	3.5e-05	0.9204		white_fallback
usz-LC5	USZ	GOBP_RESPONSE_TO_NITRIC_OXIDE	comp	-0.006391	-0.000319	0.9403		white_fallback
usz-LC5	USZ	GOBP_REGULATION_OF_CELL_GROWTH_INVOLVED_IN_CARDIAC_MUSCLE_CELL_DEVELOPMENT	own	0.002473	-5.6e-05	0.209		white_fallback
usz-LC5	USZ	GOBP_REGULATION_OF_CELL_GROWTH_INVOLVED_IN_CARDIAC_MUSCLE_CELL_DEVELOPMENT	comp	-4e-06	0.000251	0.5373		white_fallback
usz-LC5	USZ	GOBP_INNERVATION	own	-0.004424	-0.000205	0.9801		white_fallback
usz-LC5	USZ	GOBP_INNERVATION	comp	-0.004189	0.000431	0.9701		white_fallback
usz-LC5	USZ	GOBP_RESPONSE_TO_ETHER	own	-0.002955	-0.000565	0.7164		white_fallback
usz-LC5	USZ	GOBP_RESPONSE_TO_ETHER	comp	0.000897	0.000598	0.4677		white_fallback
usz-LC5	USZ	GOBP_RESCUE_OF_STALLED_RIBOSOME	own	-0.003376	0.000344	0.8706		white_fallback
usz-LC5	USZ	GOBP_RESCUE_OF_STALLED_RIBOSOME	comp	-0.003811	-0.000349	0.8657		white_fallback
usz-LC5	USZ	GOBP_NEGATIVE_REGULATION_OF_MUSCLE_HYPERTROPHY	own	-0.001318	-4.7e-05	0.597	44.2	
usz-LC5	USZ	GOBP_NEGATIVE_REGULATION_OF_MUSCLE_HYPERTROPHY	comp	-1.5e-05	-0.000172	0.4776		white_fallback
usz-LC5	USZ	GOBP_NEURON_INTRINSIC_APOPTOTIC_SIGNALING_PATHWAY_IN_RESPONSE_TO_OXIDATIVE_STRESS	own	-0.010728	0.000102	0.8905	75.3	
usz-LC5	USZ	GOBP_NEURON_INTRINSIC_APOPTOTIC_SIGNALING_PATHWAY_IN_RESPONSE_TO_OXIDATIVE_STRESS	comp	-0.00464	-0.001039	0.7662	42.2	
usz-LC5	USZ	GOBP_POSITIVE_REGULATION_OF_T_CELL_MIGRATION	own	-0.003647	-0.000146	0.8408	42.4	
usz-LC5	USZ	GOBP_POSITIVE_REGULATION_OF_T_CELL_MIGRATION	comp	-0.002412	0.000465	0.7612		white_fallback
usz-LC5	USZ	GOBP_POSITIVE_REGULATION_OF_LEUKOCYTE_ADHESION_TO_VASCULAR_ENDOTHELIAL_CELL	own	-0.012724	6.9e-05	1.0	44.2	
usz-LC5	USZ	GOBP_POSITIVE_REGULATION_OF_LEUKOCYTE_ADHESION_TO_VASCULAR_ENDOTHELIAL_CELL	comp	-0.009185	3.2e-05	0.9701		white_fallback
usz-LC5	USZ	CTRL_B_AXIS	own	0.001592	0.000169	0.2388		white_fallback
usz-LC5	USZ	CTRL_B_AXIS	comp	0.001288	0.000176	0.2637		white_fallback
usz-LC5	USZ	CTRL_MYC_V1	own	-0.015112	0.000348	0.995	90.9	
usz-LC5	USZ	CTRL_MYC_V1	comp	-0.007534	0.000265	0.9254	78.6	
usz-LC5	USZ	CTRL_RANDOM_32	own	0.000207	6.6e-05	0.4826		white_fallback
usz-LC5	USZ	CTRL_RANDOM_32	comp	0.00297	0.001007	0.1692		white_fallback
usz-LC5	USZ	HALLMARK_INTERFERON_GAMMA_RESPONSE	own	-0.008246	-0.000228	1.0	52.0	
usz-LC5	USZ	HALLMARK_INTERFERON_GAMMA_RESPONSE	comp	-0.00619	1e-06	0.995	48.2	
usz-LC5	USZ	HALLMARK_INTERFERON_ALPHA_RESPONSE	own	-0.00833	-0.000113	0.9851	77.7	
usz-LC5	USZ	HALLMARK_INTERFERON_ALPHA_RESPONSE	comp	-0.006004	-8.9e-05	0.9851	47.3	
usz-LC5	USZ	HALLMARK_G2M_CHECKPOINT	own	-0.004338	-5e-05	0.9851	77.7	
usz-LC5	USZ	HALLMARK_G2M_CHECKPOINT	comp	-0.002226	-6.2e-05	0.9751		white_fallback
usz-LC5	USZ	HALLMARK_EPITHELIAL_MESENCHYMAL_TRANSITION	own	-0.008789	-0.000715	0.9204	76.6	
usz-LC5	USZ	HALLMARK_EPITHELIAL_MESENCHYMAL_TRANSITION	comp	-0.007611	-3.6e-05	0.9701	47.5	
usz-LC5	USZ	GENE_CXCL13	own	0.001742	0.000596	0.4776		white_fallback
usz-LC5	USZ	GENE_CXCL13	comp	-0.003944	-0.00068	0.592		white_fallback
usz-LC5	USZ	GENE_CCL19	own	-0.008196	0.000588	0.8159		white_fallback
usz-LC5	USZ	GENE_CCL19	comp	-0.008511	-0.00091	0.7711		white_fallback
usz-LC5	USZ	GENE_CCL21	own	0.003606	-5.9e-05	0.393		white_fallback
usz-LC5	USZ	GENE_CCL21	comp	0.00456	-0.000338	0.3333		white_fallback
usz-LC5	USZ	GENE_LTB	own	0.035602	-0.000907	0.0697		white_fallback
usz-LC5	USZ	GENE_LTB	comp	0.025762	0.00276	0.194		white_fallback
usz-LC5	USZ	GENE_CD74	own	0.009055	0.001161	0.4229		white_fallback
usz-LC5	USZ	GENE_CD74	comp	0.013224	0.001058	0.3284		white_fallback
usz-LC5	USZ	GENE_HLA_DRA	own	-0.026361	-0.000811	0.801	44.4	
usz-LC5	USZ	GENE_HLA_DRA	comp	-0.000742	0.002743	0.5473	41.0	
usz-LC5	USZ	GENE_IFNG	own	8e-06	-0.0	0.0697		white_fallback
usz-LC5	USZ	GENE_IFNG	comp	5e-05	1e-06	0.0498		white_fallback
usz-LC5	USZ	GENE_CXCL9	own	-0.02506	-0.00148	0.8806	40.5	
usz-LC5	USZ	GENE_CXCL9	comp	-0.031879	-0.001459	0.9104		white_fallback
usz-LC5	USZ	GENE_GZMB	own	-0.04358	0.000319	1.0		white_fallback
usz-LC5	USZ	GENE_GZMB	comp	-0.051263	-0.002201	1.0		white_fallback
usz-LC5	USZ	GENE_CD8A	own	0.014674	-0.003689	0.1642		white_fallback
usz-LC5	USZ	GENE_CD8A	comp	0.0073	0.000652	0.3383		white_fallback
usz-LC5	USZ	GENE_MKI67	own	-0.003368	0.00104	0.6766		white_fallback
usz-LC5	USZ	GENE_MKI67	comp	-0.005787	6.6e-05	0.6866		white_fallback
usz-LC5	USZ	GENE_COL1A1	own	-0.085653	0.0038	0.9851	45.8	
usz-LC5	USZ	GENE_COL1A1	comp	-0.055986	2.3e-05	0.8955		white_fallback
gse175540-GSM5924030_ffpe_c_2	GSE175540	GOBP_REGULATION_OF_INTEGRIN_MEDIATED_SIGNALING_PATHWAY	own	-0.001618	0.000592	0.6368	46.4	
gse175540-GSM5924030_ffpe_c_2	GSE175540	GOBP_REGULATION_OF_INTEGRIN_MEDIATED_SIGNALING_PATHWAY	comp	1.2e-05	0.00052	0.5323	42.7	
gse175540-GSM5924030_ffpe_c_2	GSE175540	GOBP_COMPLEMENT_ACTIVATION_CLASSICAL_PATHWAY	own	-0.00591	-0.001637	0.7363	85.8	
gse175540-GSM5924030_ffpe_c_2	GSE175540	GOBP_COMPLEMENT_ACTIVATION_CLASSICAL_PATHWAY	comp	-0.003139	0.000448	0.6915	83.4	
gse175540-GSM5924030_ffpe_c_2	GSE175540	GOBP_PEPTIDE_ANTIGEN_ASSEMBLY_WITH_MHC_PROTEIN_COMPLEX	own	-0.003747	0.000911	0.5871	131.7	
gse175540-GSM5924030_ffpe_c_2	GSE175540	GOBP_PEPTIDE_ANTIGEN_ASSEMBLY_WITH_MHC_PROTEIN_COMPLEX	comp	-0.005857	0.002578	0.6915	76.2	
gse175540-GSM5924030_ffpe_c_2	GSE175540	GOBP_NEGATIVE_REGULATION_OF_REACTIVE_OXYGEN_SPECIES_BIOSYNTHETIC_PROCESS	own	-0.005651	0.000415	0.806	74.1	
gse175540-GSM5924030_ffpe_c_2	GSE175540	GOBP_NEGATIVE_REGULATION_OF_REACTIVE_OXYGEN_SPECIES_BIOSYNTHETIC_PROCESS	comp	-0.004044	0.000434	0.7562	42.4	
gse175540-GSM5924030_ffpe_c_2	GSE175540	GOBP_MRNA_5_SPLICE_SITE_RECOGNITION	own	0.014344	-0.000401	0.0249		white_fallback
gse175540-GSM5924030_ffpe_c_2	GSE175540	GOBP_MRNA_5_SPLICE_SITE_RECOGNITION	comp	0.013645	-0.000855	0.0199		white_fallback
gse175540-GSM5924030_ffpe_c_2	GSE175540	GOBP_RESPONSE_TO_INTERFERON_ALPHA	own	-0.008863	0.000555	0.8955	46.4	
gse175540-GSM5924030_ffpe_c_2	GSE175540	GOBP_RESPONSE_TO_INTERFERON_ALPHA	comp	-0.007693	0.00053	0.9005	45.0	
gse175540-GSM5924030_ffpe_c_2	GSE175540	GOBP_POSITIVE_REGULATION_OF_VASCULAR_ASSOCIATED_SMOOTH_MUSCLE_CELL_MIGRATION	own	-0.004973	-0.001211	0.7313	72.6	
gse175540-GSM5924030_ffpe_c_2	GSE175540	GOBP_POSITIVE_REGULATION_OF_VASCULAR_ASSOCIATED_SMOOTH_MUSCLE_CELL_MIGRATION	comp	-0.004137	2e-05	0.8408		white_fallback
gse175540-GSM5924030_ffpe_c_2	GSE175540	GOBP_NEGATIVE_REGULATION_OF_EXTRACELLULAR_MATRIX_ORGANIZATION	own	-0.011667	-0.000143	0.9751	46.6	
gse175540-GSM5924030_ffpe_c_2	GSE175540	GOBP_NEGATIVE_REGULATION_OF_EXTRACELLULAR_MATRIX_ORGANIZATION	comp	-0.012021	-1.9e-05	0.9701	43.5	
gse175540-GSM5924030_ffpe_c_2	GSE175540	GOBP_CELL_FATE_DETERMINATION	own	0.003536	6.8e-05	0.0547	41.3	
gse175540-GSM5924030_ffpe_c_2	GSE175540	GOBP_CELL_FATE_DETERMINATION	comp	0.003915	-0.000141	0.0199		white_fallback
gse175540-GSM5924030_ffpe_c_2	GSE175540	GOBP_HYPERSENSITIVITY	own	0.004401	-0.000992	0.3632	134.8	
gse175540-GSM5924030_ffpe_c_2	GSE175540	GOBP_HYPERSENSITIVITY	comp	0.00555	-0.000673	0.2587	74.1	
gse175540-GSM5924030_ffpe_c_2	GSE175540	GOBP_NEGATIVE_REGULATION_OF_BLOOD_VESSEL_ENDOTHELIAL_CELL_PROLIFERATION_INVOLVED_IN_SPROUTING_ANGIOGENESIS	own	0.01283	0.000591	0.0896	77.7	
gse175540-GSM5924030_ffpe_c_2	GSE175540	GOBP_NEGATIVE_REGULATION_OF_BLOOD_VESSEL_ENDOTHELIAL_CELL_PROLIFERATION_INVOLVED_IN_SPROUTING_ANGIOGENESIS	comp	0.013276	-0.000244	0.0348	75.6	
gse175540-GSM5924030_ffpe_c_2	GSE175540	GOBP_PHYSIOLOGICAL_CARDIAC_MUSCLE_HYPERTROPHY	own	0.002965	-0.000313	0.1642	44.0	
gse175540-GSM5924030_ffpe_c_2	GSE175540	GOBP_PHYSIOLOGICAL_CARDIAC_MUSCLE_HYPERTROPHY	comp	0.002963	-4e-05	0.1642		white_fallback
gse175540-GSM5924030_ffpe_c_2	GSE175540	GOBP_INTEGRIN_MEDIATED_SIGNALING_PATHWAY	own	-0.003416	0.000663	0.8209	81.8	
gse175540-GSM5924030_ffpe_c_2	GSE175540	GOBP_INTEGRIN_MEDIATED_SIGNALING_PATHWAY	comp	-0.002815	-2.7e-05	0.7114	75.2	
gse175540-GSM5924030_ffpe_c_2	GSE175540	GOBP_RESPONSE_TO_PROSTAGLANDIN_E	own	-0.002575	5.3e-05	0.7413	43.4	
gse175540-GSM5924030_ffpe_c_2	GSE175540	GOBP_RESPONSE_TO_PROSTAGLANDIN_E	comp	-0.002382	0.000265	0.7413	41.9	
gse175540-GSM5924030_ffpe_c_2	GSE175540	GOBP_CELL_ADHESION_MOLECULE_PRODUCTION	own	0.00505	-0.000756	0.1343		white_fallback
gse175540-GSM5924030_ffpe_c_2	GSE175540	GOBP_CELL_ADHESION_MOLECULE_PRODUCTION	comp	0.005346	-0.000677	0.1542		white_fallback
gse175540-GSM5924030_ffpe_c_2	GSE175540	GOBP_POSITIVE_REGULATION_OF_RNA_SPLICING	own	-0.004614	0.000628	0.801	77.5	
gse175540-GSM5924030_ffpe_c_2	GSE175540	GOBP_POSITIVE_REGULATION_OF_RNA_SPLICING	comp	-0.003983	0.001001	0.7313	76.2	
gse175540-GSM5924030_ffpe_c_2	GSE175540	GOBP_DEFINITIVE_HEMOPOIESIS	own	-0.005481	0.000287	0.8905		white_fallback
gse175540-GSM5924030_ffpe_c_2	GSE175540	GOBP_DEFINITIVE_HEMOPOIESIS	comp	-0.00589	-0.000158	0.9403		white_fallback
gse175540-GSM5924030_ffpe_c_2	GSE175540	GOBP_PROTEIN_DEACETYLATION	own	-0.002103	-4.2e-05	0.6915	41.8	
gse175540-GSM5924030_ffpe_c_2	GSE175540	GOBP_PROTEIN_DEACETYLATION	comp	-0.00084	0.000163	0.592		white_fallback
gse175540-GSM5924030_ffpe_c_2	GSE175540	GOBP_CELL_JUNCTION_DISASSEMBLY	own	9.4e-05	-0.000598	0.4726	133.0	
gse175540-GSM5924030_ffpe_c_2	GSE175540	GOBP_CELL_JUNCTION_DISASSEMBLY	comp	0.000556	0.000685	0.5075	79.7	
gse175540-GSM5924030_ffpe_c_2	GSE175540	GOBP_REGULATION_OF_SYNAPTIC_VESICLE_ENDOCYTOSIS	own	-0.00764	0.000563	0.8458	79.8	
gse175540-GSM5924030_ffpe_c_2	GSE175540	GOBP_REGULATION_OF_SYNAPTIC_VESICLE_ENDOCYTOSIS	comp	-0.006848	-0.000169	0.8657	43.7	
gse175540-GSM5924030_ffpe_c_2	GSE175540	GOBP_RESPONSE_TO_NITRIC_OXIDE	own	-0.008952	-0.000797	0.8209	118.0	
gse175540-GSM5924030_ffpe_c_2	GSE175540	GOBP_RESPONSE_TO_NITRIC_OXIDE	comp	-0.008144	-0.000444	0.8706	76.4	
gse175540-GSM5924030_ffpe_c_2	GSE175540	GOBP_REGULATION_OF_CELL_GROWTH_INVOLVED_IN_CARDIAC_MUSCLE_CELL_DEVELOPMENT	own	0.005467	-0.000495	0.0697	45.2	
gse175540-GSM5924030_ffpe_c_2	GSE175540	GOBP_REGULATION_OF_CELL_GROWTH_INVOLVED_IN_CARDIAC_MUSCLE_CELL_DEVELOPMENT	comp	0.005674	0.000543	0.0597	41.6	
gse175540-GSM5924030_ffpe_c_2	GSE175540	GOBP_INNERVATION	own	-0.004982	0.000312	0.8856	73.9	
gse175540-GSM5924030_ffpe_c_2	GSE175540	GOBP_INNERVATION	comp	-0.004657	-0.000281	0.9104	41.4	
gse175540-GSM5924030_ffpe_c_2	GSE175540	GOBP_RESPONSE_TO_ETHER	own	0.001322	-0.000178	0.4229	112.7	
gse175540-GSM5924030_ffpe_c_2	GSE175540	GOBP_RESPONSE_TO_ETHER	comp	0.002078	0.000426	0.2985		white_fallback
gse175540-GSM5924030_ffpe_c_2	GSE175540	GOBP_RESCUE_OF_STALLED_RIBOSOME	own	-0.000859	-0.000237	0.6368		white_fallback
gse175540-GSM5924030_ffpe_c_2	GSE175540	GOBP_RESCUE_OF_STALLED_RIBOSOME	comp	-0.000738	2.7e-05	0.592		white_fallback
gse175540-GSM5924030_ffpe_c_2	GSE175540	GOBP_NEGATIVE_REGULATION_OF_MUSCLE_HYPERTROPHY	own	0.003163	-0.000396	0.2786	74.7	
gse175540-GSM5924030_ffpe_c_2	GSE175540	GOBP_NEGATIVE_REGULATION_OF_MUSCLE_HYPERTROPHY	comp	0.004356	-0.000168	0.1045	43.1	
gse175540-GSM5924030_ffpe_c_2	GSE175540	GOBP_NEURON_INTRINSIC_APOPTOTIC_SIGNALING_PATHWAY_IN_RESPONSE_TO_OXIDATIVE_STRESS	own	-0.00477	-3.9e-05	0.7114	75.5	
gse175540-GSM5924030_ffpe_c_2	GSE175540	GOBP_NEURON_INTRINSIC_APOPTOTIC_SIGNALING_PATHWAY_IN_RESPONSE_TO_OXIDATIVE_STRESS	comp	-0.004624	-0.001333	0.7264	43.0	
gse175540-GSM5924030_ffpe_c_2	GSE175540	GOBP_POSITIVE_REGULATION_OF_T_CELL_MIGRATION	own	-0.003728	0.000483	0.7811	77.5	
gse175540-GSM5924030_ffpe_c_2	GSE175540	GOBP_POSITIVE_REGULATION_OF_T_CELL_MIGRATION	comp	-0.002922	-0.000252	0.7562	42.3	
gse175540-GSM5924030_ffpe_c_2	GSE175540	GOBP_POSITIVE_REGULATION_OF_LEUKOCYTE_ADHESION_TO_VASCULAR_ENDOTHELIAL_CELL	own	-0.003833	0.000367	0.8308	44.2	
gse175540-GSM5924030_ffpe_c_2	GSE175540	GOBP_POSITIVE_REGULATION_OF_LEUKOCYTE_ADHESION_TO_VASCULAR_ENDOTHELIAL_CELL	comp	-0.003283	-6.9e-05	0.796		white_fallback
gse175540-GSM5924030_ffpe_c_2	GSE175540	CTRL_B_AXIS	own	0.000744	-0.000152	0.2786	45.5	
gse175540-GSM5924030_ffpe_c_2	GSE175540	CTRL_B_AXIS	comp	-0.000207	0.000194	0.5771	44.5	
gse175540-GSM5924030_ffpe_c_2	GSE175540	CTRL_MYC_V1	own	-0.005863	0.000445	0.8557	126.9	
gse175540-GSM5924030_ffpe_c_2	GSE175540	CTRL_MYC_V1	comp	-0.004769	4.5e-05	0.7861	113.1	
gse175540-GSM5924030_ffpe_c_2	GSE175540	CTRL_RANDOM_32	own	0.00159	0.000172	0.2687		white_fallback
gse175540-GSM5924030_ffpe_c_2	GSE175540	CTRL_RANDOM_32	comp	0.001623	0.000448	0.3682		white_fallback
gse175540-GSM5924030_ffpe_c_2	GSE175540	HALLMARK_INTERFERON_GAMMA_RESPONSE	own	-0.006268	0.000277	0.8706	138.4	
gse175540-GSM5924030_ffpe_c_2	GSE175540	HALLMARK_INTERFERON_GAMMA_RESPONSE	comp	-0.005946	-1.1e-05	0.9652	83.4	
gse175540-GSM5924030_ffpe_c_2	GSE175540	HALLMARK_INTERFERON_ALPHA_RESPONSE	own	-0.004468	-1.3e-05	0.8159	125.9	
gse175540-GSM5924030_ffpe_c_2	GSE175540	HALLMARK_INTERFERON_ALPHA_RESPONSE	comp	-0.003934	0.000451	0.9502	80.8	
gse175540-GSM5924030_ffpe_c_2	GSE175540	HALLMARK_G2M_CHECKPOINT	own	-0.000278	7e-06	0.607		white_fallback
gse175540-GSM5924030_ffpe_c_2	GSE175540	HALLMARK_G2M_CHECKPOINT	comp	-0.000177	-0.000137	0.5174		white_fallback
gse175540-GSM5924030_ffpe_c_2	GSE175540	HALLMARK_EPITHELIAL_MESENCHYMAL_TRANSITION	own	-0.00572	-0.000363	0.7711	89.1	
gse175540-GSM5924030_ffpe_c_2	GSE175540	HALLMARK_EPITHELIAL_MESENCHYMAL_TRANSITION	comp	-0.004204	9.2e-05	0.7662	85.9	
gse175540-GSM5924030_ffpe_c_2	GSE175540	GENE_CXCL13	own	-0.009654	0.001895	0.6915	48.0	
gse175540-GSM5924030_ffpe_c_2	GSE175540	GENE_CXCL13	comp	-0.012417	0.000811	0.7363	47.1	
gse175540-GSM5924030_ffpe_c_2	GSE175540	GENE_CCL19	own	-0.013569	-0.003356	0.6716	51.2	
gse175540-GSM5924030_ffpe_c_2	GSE175540	GENE_CCL19	comp	-0.013961	-0.001487	0.7015	51.0	
gse175540-GSM5924030_ffpe_c_2	GSE175540	GENE_CCL21	own	0.003547	0.000135	0.3383		white_fallback
gse175540-GSM5924030_ffpe_c_2	GSE175540	GENE_CCL21	comp	0.002134	8.7e-05	0.3781		white_fallback
gse175540-GSM5924030_ffpe_c_2	GSE175540	GENE_LTB	own	0.018242	-0.001723	0.1095	43.9	
gse175540-GSM5924030_ffpe_c_2	GSE175540	GENE_LTB	comp	0.01477	-0.001371	0.209	43.1	
gse175540-GSM5924030_ffpe_c_2	GSE175540	GENE_CD74	own	0.001848	0.001734	0.4975		white_fallback
gse175540-GSM5924030_ffpe_c_2	GSE175540	GENE_CD74	comp	0.000714	0.000811	0.5075		white_fallback
gse175540-GSM5924030_ffpe_c_2	GSE175540	GENE_HLA_DRA	own	0.014916	0.004347	0.3632	73.7	
gse175540-GSM5924030_ffpe_c_2	GSE175540	GENE_HLA_DRA	comp	0.004657	-0.002698	0.4279	42.0	
gse175540-GSM5924030_ffpe_c_2	GSE175540	GENE_IFNG	own	0.003724	-4e-06	0.0448		white_fallback
gse175540-GSM5924030_ffpe_c_2	GSE175540	GENE_IFNG	comp	0.003879	1.3e-05	0.0398		white_fallback
gse175540-GSM5924030_ffpe_c_2	GSE175540	GENE_CXCL9	own	-0.016297	-0.009609	0.592	116.6	
gse175540-GSM5924030_ffpe_c_2	GSE175540	GENE_CXCL9	comp	-0.011667	-0.003925	0.6617	47.2	
gse175540-GSM5924030_ffpe_c_2	GSE175540	GENE_GZMB	own	0.005796	-0.000142	0.1642		white_fallback
gse175540-GSM5924030_ffpe_c_2	GSE175540	GENE_GZMB	comp	0.006642	0.000811	0.1741		white_fallback
gse175540-GSM5924030_ffpe_c_2	GSE175540	GENE_CD8A	own	-0.019849	-0.001187	0.9502		white_fallback
gse175540-GSM5924030_ffpe_c_2	GSE175540	GENE_CD8A	comp	-0.018317	0.000465	0.9552		white_fallback
gse175540-GSM5924030_ffpe_c_2	GSE175540	GENE_MKI67	own	4.4e-05	-3.7e-05	0.403		white_fallback
gse175540-GSM5924030_ffpe_c_2	GSE175540	GENE_MKI67	comp	0.001395	5e-05	0.1542		white_fallback
gse175540-GSM5924030_ffpe_c_2	GSE175540	GENE_COL1A1	own	0.040205	0.004011	0.2736	110.8	
gse175540-GSM5924030_ffpe_c_2	GSE175540	GENE_COL1A1	comp	0.042895	-0.002245	0.1244	43.2	
gse175540-GSM5924031_ffpe_c_3	GSE175540	GOBP_REGULATION_OF_INTEGRIN_MEDIATED_SIGNALING_PATHWAY	own	-0.008023	0.000174	0.9652	74.8	
gse175540-GSM5924031_ffpe_c_3	GSE175540	GOBP_REGULATION_OF_INTEGRIN_MEDIATED_SIGNALING_PATHWAY	comp	-0.004493	-4e-06	0.8706	43.4	
gse175540-GSM5924031_ffpe_c_3	GSE175540	GOBP_COMPLEMENT_ACTIVATION_CLASSICAL_PATHWAY	own	0.000586	7e-05	0.4677	123.9	
gse175540-GSM5924031_ffpe_c_3	GSE175540	GOBP_COMPLEMENT_ACTIVATION_CLASSICAL_PATHWAY	comp	-0.003591	-0.000232	0.7463	119.7	
gse175540-GSM5924031_ffpe_c_3	GSE175540	GOBP_PEPTIDE_ANTIGEN_ASSEMBLY_WITH_MHC_PROTEIN_COMPLEX	own	-0.008902	0.001235	0.7612	132.3	
gse175540-GSM5924031_ffpe_c_3	GSE175540	GOBP_PEPTIDE_ANTIGEN_ASSEMBLY_WITH_MHC_PROTEIN_COMPLEX	comp	-0.004666	-0.001336	0.6617	114.0	
gse175540-GSM5924031_ffpe_c_3	GSE175540	GOBP_NEGATIVE_REGULATION_OF_REACTIVE_OXYGEN_SPECIES_BIOSYNTHETIC_PROCESS	own	0.002505	0.000307	0.2438		white_fallback
gse175540-GSM5924031_ffpe_c_3	GSE175540	GOBP_NEGATIVE_REGULATION_OF_REACTIVE_OXYGEN_SPECIES_BIOSYNTHETIC_PROCESS	comp	0.00157	-3e-05	0.3433		white_fallback
gse175540-GSM5924031_ffpe_c_3	GSE175540	GOBP_MRNA_5_SPLICE_SITE_RECOGNITION	own	-0.002863	0.000862	0.6915		white_fallback
gse175540-GSM5924031_ffpe_c_3	GSE175540	GOBP_MRNA_5_SPLICE_SITE_RECOGNITION	comp	-0.001892	0.001771	0.6915		white_fallback
gse175540-GSM5924031_ffpe_c_3	GSE175540	GOBP_RESPONSE_TO_INTERFERON_ALPHA	own	-0.002086	0.000143	0.7015	72.9	
gse175540-GSM5924031_ffpe_c_3	GSE175540	GOBP_RESPONSE_TO_INTERFERON_ALPHA	comp	-0.001019	-0.000354	0.5871	41.0	
gse175540-GSM5924031_ffpe_c_3	GSE175540	GOBP_POSITIVE_REGULATION_OF_VASCULAR_ASSOCIATED_SMOOTH_MUSCLE_CELL_MIGRATION	own	0.005253	-0.000165	0.1144	46.5	
gse175540-GSM5924031_ffpe_c_3	GSE175540	GOBP_POSITIVE_REGULATION_OF_VASCULAR_ASSOCIATED_SMOOTH_MUSCLE_CELL_MIGRATION	comp	0.000455	-2e-06	0.4527	43.8	
gse175540-GSM5924031_ffpe_c_3	GSE175540	GOBP_NEGATIVE_REGULATION_OF_EXTRACELLULAR_MATRIX_ORGANIZATION	own	-0.005603	0.001017	0.8159	74.0	
gse175540-GSM5924031_ffpe_c_3	GSE175540	GOBP_NEGATIVE_REGULATION_OF_EXTRACELLULAR_MATRIX_ORGANIZATION	comp	-0.00672	-0.000679	0.9254	44.5	
gse175540-GSM5924031_ffpe_c_3	GSE175540	GOBP_CELL_FATE_DETERMINATION	own	1.6e-05	3e-06	0.4975	73.9	
gse175540-GSM5924031_ffpe_c_3	GSE175540	GOBP_CELL_FATE_DETERMINATION	comp	0.000322	0.000132	0.4677	72.0	
gse175540-GSM5924031_ffpe_c_3	GSE175540	GOBP_HYPERSENSITIVITY	own	0.003416	-0.000285	0.3284	117.0	
gse175540-GSM5924031_ffpe_c_3	GSE175540	GOBP_HYPERSENSITIVITY	comp	0.003418	0.000486	0.2985	76.3	
gse175540-GSM5924031_ffpe_c_3	GSE175540	GOBP_NEGATIVE_REGULATION_OF_BLOOD_VESSEL_ENDOTHELIAL_CELL_PROLIFERATION_INVOLVED_IN_SPROUTING_ANGIOGENESIS	own	0.010932	-0.000558	0.0697	78.2	
gse175540-GSM5924031_ffpe_c_3	GSE175540	GOBP_NEGATIVE_REGULATION_OF_BLOOD_VESSEL_ENDOTHELIAL_CELL_PROLIFERATION_INVOLVED_IN_SPROUTING_ANGIOGENESIS	comp	0.009037	-0.000129	0.1244	73.4	
gse175540-GSM5924031_ffpe_c_3	GSE175540	GOBP_PHYSIOLOGICAL_CARDIAC_MUSCLE_HYPERTROPHY	own	0.003951	-0.000174	0.01		white_fallback
gse175540-GSM5924031_ffpe_c_3	GSE175540	GOBP_PHYSIOLOGICAL_CARDIAC_MUSCLE_HYPERTROPHY	comp	0.003723	0.000361	0.0299		white_fallback
gse175540-GSM5924031_ffpe_c_3	GSE175540	GOBP_INTEGRIN_MEDIATED_SIGNALING_PATHWAY	own	-0.003117	0.000186	0.9154	77.6	
gse175540-GSM5924031_ffpe_c_3	GSE175540	GOBP_INTEGRIN_MEDIATED_SIGNALING_PATHWAY	comp	-0.001318	-0.00013	0.796	45.4	
gse175540-GSM5924031_ffpe_c_3	GSE175540	GOBP_RESPONSE_TO_PROSTAGLANDIN_E	own	-0.00378	0.000299	0.9055	42.9	
gse175540-GSM5924031_ffpe_c_3	GSE175540	GOBP_RESPONSE_TO_PROSTAGLANDIN_E	comp	-0.002206	-0.000206	0.8159	41.9	
gse175540-GSM5924031_ffpe_c_3	GSE175540	GOBP_CELL_ADHESION_MOLECULE_PRODUCTION	own	0.000439	-4.7e-05	0.4279	42.8	
gse175540-GSM5924031_ffpe_c_3	GSE175540	GOBP_CELL_ADHESION_MOLECULE_PRODUCTION	comp	-0.001132	0.000348	0.6517	41.7	
gse175540-GSM5924031_ffpe_c_3	GSE175540	GOBP_POSITIVE_REGULATION_OF_RNA_SPLICING	own	0.005521	0.000129	0.0249		white_fallback
gse175540-GSM5924031_ffpe_c_3	GSE175540	GOBP_POSITIVE_REGULATION_OF_RNA_SPLICING	comp	0.005304	1e-06	0.0348		white_fallback
gse175540-GSM5924031_ffpe_c_3	GSE175540	GOBP_DEFINITIVE_HEMOPOIESIS	own	0.000209	-2e-06	0.4826	40.7	
gse175540-GSM5924031_ffpe_c_3	GSE175540	GOBP_DEFINITIVE_HEMOPOIESIS	comp	-0.000377	9.3e-05	0.5572		white_fallback
gse175540-GSM5924031_ffpe_c_3	GSE175540	GOBP_PROTEIN_DEACETYLATION	own	0.001217	7.1e-05	0.2736	42.0	
gse175540-GSM5924031_ffpe_c_3	GSE175540	GOBP_PROTEIN_DEACETYLATION	comp	0.001842	-0.000129	0.1443		white_fallback
gse175540-GSM5924031_ffpe_c_3	GSE175540	GOBP_CELL_JUNCTION_DISASSEMBLY	own	-0.002911	0.000628	0.8159	80.5	
gse175540-GSM5924031_ffpe_c_3	GSE175540	GOBP_CELL_JUNCTION_DISASSEMBLY	comp	-0.002131	-8.4e-05	0.8109	48.4	
gse175540-GSM5924031_ffpe_c_3	GSE175540	GOBP_REGULATION_OF_SYNAPTIC_VESICLE_ENDOCYTOSIS	own	-0.006683	-0.000267	0.9453	76.6	
gse175540-GSM5924031_ffpe_c_3	GSE175540	GOBP_REGULATION_OF_SYNAPTIC_VESICLE_ENDOCYTOSIS	comp	-0.004351	0.000682	0.9204	44.9	
gse175540-GSM5924031_ffpe_c_3	GSE175540	GOBP_RESPONSE_TO_NITRIC_OXIDE	own	-0.000342	-0.000152	0.5323	42.5	
gse175540-GSM5924031_ffpe_c_3	GSE175540	GOBP_RESPONSE_TO_NITRIC_OXIDE	comp	6.6e-05	0.00021	0.5075		white_fallback
gse175540-GSM5924031_ffpe_c_3	GSE175540	GOBP_REGULATION_OF_CELL_GROWTH_INVOLVED_IN_CARDIAC_MUSCLE_CELL_DEVELOPMENT	own	0.002906	0.00024	0.1592		white_fallback
gse175540-GSM5924031_ffpe_c_3	GSE175540	GOBP_REGULATION_OF_CELL_GROWTH_INVOLVED_IN_CARDIAC_MUSCLE_CELL_DEVELOPMENT	comp	0.002707	-6.2e-05	0.1095		white_fallback
gse175540-GSM5924031_ffpe_c_3	GSE175540	GOBP_INNERVATION	own	0.001065	-2.7e-05	0.3433	43.8	
gse175540-GSM5924031_ffpe_c_3	GSE175540	GOBP_INNERVATION	comp	0.001287	0.000135	0.3383	42.2	
gse175540-GSM5924031_ffpe_c_3	GSE175540	GOBP_RESPONSE_TO_ETHER	own	0.002635	0.000464	0.2488	40.4	
gse175540-GSM5924031_ffpe_c_3	GSE175540	GOBP_RESPONSE_TO_ETHER	comp	0.001665	5.7e-05	0.3085		white_fallback
gse175540-GSM5924031_ffpe_c_3	GSE175540	GOBP_RESCUE_OF_STALLED_RIBOSOME	own	0.002605	4.8e-05	0.0896		white_fallback
gse175540-GSM5924031_ffpe_c_3	GSE175540	GOBP_RESCUE_OF_STALLED_RIBOSOME	comp	0.001656	1.1e-05	0.1542		white_fallback
gse175540-GSM5924031_ffpe_c_3	GSE175540	GOBP_NEGATIVE_REGULATION_OF_MUSCLE_HYPERTROPHY	own	-0.000851	2.3e-05	0.6318	77.0	
gse175540-GSM5924031_ffpe_c_3	GSE175540	GOBP_NEGATIVE_REGULATION_OF_MUSCLE_HYPERTROPHY	comp	-0.001887	0.000212	0.7512	44.6	
gse175540-GSM5924031_ffpe_c_3	GSE175540	GOBP_NEURON_INTRINSIC_APOPTOTIC_SIGNALING_PATHWAY_IN_RESPONSE_TO_OXIDATIVE_STRESS	own	-0.00283	0.000468	0.6915	73.3	
gse175540-GSM5924031_ffpe_c_3	GSE175540	GOBP_NEURON_INTRINSIC_APOPTOTIC_SIGNALING_PATHWAY_IN_RESPONSE_TO_OXIDATIVE_STRESS	comp	-0.001565	0.000479	0.6816	72.4	
gse175540-GSM5924031_ffpe_c_3	GSE175540	GOBP_POSITIVE_REGULATION_OF_T_CELL_MIGRATION	own	-0.008569	0.000128	0.9453	120.6	
gse175540-GSM5924031_ffpe_c_3	GSE175540	GOBP_POSITIVE_REGULATION_OF_T_CELL_MIGRATION	comp	-0.006221	0.000334	0.9453	74.0	
gse175540-GSM5924031_ffpe_c_3	GSE175540	GOBP_POSITIVE_REGULATION_OF_LEUKOCYTE_ADHESION_TO_VASCULAR_ENDOTHELIAL_CELL	own	0.002003	0.00023	0.393	72.8	
gse175540-GSM5924031_ffpe_c_3	GSE175540	GOBP_POSITIVE_REGULATION_OF_LEUKOCYTE_ADHESION_TO_VASCULAR_ENDOTHELIAL_CELL	comp	0.00258	-0.00033	0.2985		white_fallback
gse175540-GSM5924031_ffpe_c_3	GSE175540	CTRL_B_AXIS	own	0.001187	-0.000119	0.2537	48.3	
gse175540-GSM5924031_ffpe_c_3	GSE175540	CTRL_B_AXIS	comp	-0.001031	-6.5e-05	0.7214	46.5	
gse175540-GSM5924031_ffpe_c_3	GSE175540	CTRL_MYC_V1	own	-0.001447	0.000203	0.5821	127.1	
gse175540-GSM5924031_ffpe_c_3	GSE175540	CTRL_MYC_V1	comp	0.000916	-0.000827	0.4229	117.5	
gse175540-GSM5924031_ffpe_c_3	GSE175540	CTRL_RANDOM_32	own	-0.001637	0.000257	0.8109		white_fallback
gse175540-GSM5924031_ffpe_c_3	GSE175540	CTRL_RANDOM_32	comp	-0.001095	0.000211	0.7114		white_fallback
gse175540-GSM5924031_ffpe_c_3	GSE175540	HALLMARK_INTERFERON_GAMMA_RESPONSE	own	0.000278	0.000345	0.5174	154.2	
gse175540-GSM5924031_ffpe_c_3	GSE175540	HALLMARK_INTERFERON_GAMMA_RESPONSE	comp	0.001595	3.3e-05	0.3284	128.8	
gse175540-GSM5924031_ffpe_c_3	GSE175540	HALLMARK_INTERFERON_ALPHA_RESPONSE	own	0.000553	0.000177	0.4627	137.7	
gse175540-GSM5924031_ffpe_c_3	GSE175540	HALLMARK_INTERFERON_ALPHA_RESPONSE	comp	0.001781	-0.000582	0.3184	121.1	
gse175540-GSM5924031_ffpe_c_3	GSE175540	HALLMARK_G2M_CHECKPOINT	own	0.000776	0.000292	0.393	82.3	
gse175540-GSM5924031_ffpe_c_3	GSE175540	HALLMARK_G2M_CHECKPOINT	comp	0.001102	0.000156	0.2488	75.7	
gse175540-GSM5924031_ffpe_c_3	GSE175540	HALLMARK_EPITHELIAL_MESENCHYMAL_TRANSITION	own	-0.003033	0.000133	0.6915	129.0	
gse175540-GSM5924031_ffpe_c_3	GSE175540	HALLMARK_EPITHELIAL_MESENCHYMAL_TRANSITION	comp	-0.000288	0.000244	0.5522	114.6	
gse175540-GSM5924031_ffpe_c_3	GSE175540	GENE_CXCL13	own	-0.090071	0.000362	0.9104	116.8	
gse175540-GSM5924031_ffpe_c_3	GSE175540	GENE_CXCL13	comp	-0.064223	0.00059	0.9751	45.6	
gse175540-GSM5924031_ffpe_c_3	GSE175540	GENE_CCL19	own	0.04031	0.000576	0.01	84.0	
gse175540-GSM5924031_ffpe_c_3	GSE175540	GENE_CCL19	comp	0.038811	0.001391	0.0299	82.6	
gse175540-GSM5924031_ffpe_c_3	GSE175540	GENE_CCL21	own	-0.036226	-9.7e-05	0.9701	89.5	
gse175540-GSM5924031_ffpe_c_3	GSE175540	GENE_CCL21	comp	-0.036229	0.000944	0.9353	88.2	
gse175540-GSM5924031_ffpe_c_3	GSE175540	GENE_LTB	own	0.000808	0.000773	0.5025	48.7	
gse175540-GSM5924031_ffpe_c_3	GSE175540	GENE_LTB	comp	-0.000521	-0.000102	0.5124	47.8	
gse175540-GSM5924031_ffpe_c_3	GSE175540	GENE_CD74	own	-0.00046	5.3e-05	0.6567	44.9	
gse175540-GSM5924031_ffpe_c_3	GSE175540	GENE_CD74	comp	-2.2e-05	0.000114	0.5572		white_fallback
gse175540-GSM5924031_ffpe_c_3	GSE175540	GENE_HLA_DRA	own	-0.005113	-0.00054	0.7164	114.5	
gse175540-GSM5924031_ffpe_c_3	GSE175540	GENE_HLA_DRA	comp	-0.003916	-3.7e-05	0.796	45.6	
gse175540-GSM5924031_ffpe_c_3	GSE175540	GENE_IFNG	own	1.6e-05	6e-06	0.4826		white_fallback
gse175540-GSM5924031_ffpe_c_3	GSE175540	GENE_IFNG	comp	-0.000135	2.4e-05	0.6667		white_fallback
gse175540-GSM5924031_ffpe_c_3	GSE175540	GENE_CXCL9	own	0.01086	0.002681	0.4478	135.3	
gse175540-GSM5924031_ffpe_c_3	GSE175540	GENE_CXCL9	comp	0.034375	0.002001	0.3333	121.7	
gse175540-GSM5924031_ffpe_c_3	GSE175540	GENE_GZMB	own	0.003237	0.007677	0.5522	47.5	
gse175540-GSM5924031_ffpe_c_3	GSE175540	GENE_GZMB	comp	-0.003259	-0.001105	0.5373	47.3	
gse175540-GSM5924031_ffpe_c_3	GSE175540	GENE_CD8A	own	-0.015125	-0.001839	0.7861		white_fallback
gse175540-GSM5924031_ffpe_c_3	GSE175540	GENE_CD8A	comp	-0.018401	-0.001505	0.8458		white_fallback
gse175540-GSM5924031_ffpe_c_3	GSE175540	GENE_MKI67	own	-0.012583	1.5e-05	0.8657		white_fallback
gse175540-GSM5924031_ffpe_c_3	GSE175540	GENE_MKI67	comp	-0.010765	0.000826	0.8507		white_fallback
gse175540-GSM5924031_ffpe_c_3	GSE175540	GENE_COL1A1	own	-1.9e-05	0.000373	0.592	76.8	
gse175540-GSM5924031_ffpe_c_3	GSE175540	GENE_COL1A1	comp	0.000838	0.000281	0.3532	44.9	
gse175540-GSM5924032_ffpe_c_4	GSE175540	GOBP_REGULATION_OF_INTEGRIN_MEDIATED_SIGNALING_PATHWAY	own	-0.011747	-0.000922	0.9204	123.4	
gse175540-GSM5924032_ffpe_c_4	GSE175540	GOBP_REGULATION_OF_INTEGRIN_MEDIATED_SIGNALING_PATHWAY	comp	-0.011802	-0.000793	0.9701	72.5	
gse175540-GSM5924032_ffpe_c_4	GSE175540	GOBP_COMPLEMENT_ACTIVATION_CLASSICAL_PATHWAY	own	-0.001344	-0.000659	0.5124	112.7	
gse175540-GSM5924032_ffpe_c_4	GSE175540	GOBP_COMPLEMENT_ACTIVATION_CLASSICAL_PATHWAY	comp	-0.001947	-8e-06	0.6269	82.2	
gse175540-GSM5924032_ffpe_c_4	GSE175540	GOBP_PEPTIDE_ANTIGEN_ASSEMBLY_WITH_MHC_PROTEIN_COMPLEX	own	0.003438	0.000151	0.3284	80.9	
gse175540-GSM5924032_ffpe_c_4	GSE175540	GOBP_PEPTIDE_ANTIGEN_ASSEMBLY_WITH_MHC_PROTEIN_COMPLEX	comp	0.003505	-0.000613	0.3035	79.3	
gse175540-GSM5924032_ffpe_c_4	GSE175540	GOBP_NEGATIVE_REGULATION_OF_REACTIVE_OXYGEN_SPECIES_BIOSYNTHETIC_PROCESS	own	-0.003151	-0.000747	0.6716	42.2	
gse175540-GSM5924032_ffpe_c_4	GSE175540	GOBP_NEGATIVE_REGULATION_OF_REACTIVE_OXYGEN_SPECIES_BIOSYNTHETIC_PROCESS	comp	-0.001944	0.000203	0.6418		white_fallback
gse175540-GSM5924032_ffpe_c_4	GSE175540	GOBP_MRNA_5_SPLICE_SITE_RECOGNITION	own	0.003575	0.000666	0.3682		white_fallback
gse175540-GSM5924032_ffpe_c_4	GSE175540	GOBP_MRNA_5_SPLICE_SITE_RECOGNITION	comp	0.004539	0.000509	0.3284		white_fallback
gse175540-GSM5924032_ffpe_c_4	GSE175540	GOBP_RESPONSE_TO_INTERFERON_ALPHA	own	-0.00607	0.000188	0.8507	75.2	
gse175540-GSM5924032_ffpe_c_4	GSE175540	GOBP_RESPONSE_TO_INTERFERON_ALPHA	comp	-0.005204	-5e-05	0.8607	44.1	
gse175540-GSM5924032_ffpe_c_4	GSE175540	GOBP_POSITIVE_REGULATION_OF_VASCULAR_ASSOCIATED_SMOOTH_MUSCLE_CELL_MIGRATION	own	-0.000517	0.000427	0.5871	78.3	
gse175540-GSM5924032_ffpe_c_4	GSE175540	GOBP_POSITIVE_REGULATION_OF_VASCULAR_ASSOCIATED_SMOOTH_MUSCLE_CELL_MIGRATION	comp	-0.002301	-0.000152	0.7214		white_fallback
gse175540-GSM5924032_ffpe_c_4	GSE175540	GOBP_NEGATIVE_REGULATION_OF_EXTRACELLULAR_MATRIX_ORGANIZATION	own	-0.004601	0.000896	0.6965	113.3	
gse175540-GSM5924032_ffpe_c_4	GSE175540	GOBP_NEGATIVE_REGULATION_OF_EXTRACELLULAR_MATRIX_ORGANIZATION	comp	-0.004746	-0.00096	0.7065	72.5	
gse175540-GSM5924032_ffpe_c_4	GSE175540	GOBP_CELL_FATE_DETERMINATION	own	0.003707	-0.000349	0.0597	73.5	
gse175540-GSM5924032_ffpe_c_4	GSE175540	GOBP_CELL_FATE_DETERMINATION	comp	0.003619	-3.4e-05	0.0299		white_fallback
gse175540-GSM5924032_ffpe_c_4	GSE175540	GOBP_HYPERSENSITIVITY	own	-0.004478	2.2e-05	0.8806	76.0	
gse175540-GSM5924032_ffpe_c_4	GSE175540	GOBP_HYPERSENSITIVITY	comp	-0.004187	-2.6e-05	0.8756	74.3	
gse175540-GSM5924032_ffpe_c_4	GSE175540	GOBP_NEGATIVE_REGULATION_OF_BLOOD_VESSEL_ENDOTHELIAL_CELL_PROLIFERATION_INVOLVED_IN_SPROUTING_ANGIOGENESIS	own	0.00811	-1e-06	0.2189	119.2	
gse175540-GSM5924032_ffpe_c_4	GSE175540	GOBP_NEGATIVE_REGULATION_OF_BLOOD_VESSEL_ENDOTHELIAL_CELL_PROLIFERATION_INVOLVED_IN_SPROUTING_ANGIOGENESIS	comp	0.005959	-0.000567	0.1891	41.9	
gse175540-GSM5924032_ffpe_c_4	GSE175540	GOBP_PHYSIOLOGICAL_CARDIAC_MUSCLE_HYPERTROPHY	own	-0.001621	-0.00014	0.7214		white_fallback
gse175540-GSM5924032_ffpe_c_4	GSE175540	GOBP_PHYSIOLOGICAL_CARDIAC_MUSCLE_HYPERTROPHY	comp	-0.002073	1.2e-05	0.8408		white_fallback
gse175540-GSM5924032_ffpe_c_4	GSE175540	GOBP_INTEGRIN_MEDIATED_SIGNALING_PATHWAY	own	-0.004604	-3e-05	0.8408	143.2	
gse175540-GSM5924032_ffpe_c_4	GSE175540	GOBP_INTEGRIN_MEDIATED_SIGNALING_PATHWAY	comp	-0.005078	0.000236	0.9204	117.7	
gse175540-GSM5924032_ffpe_c_4	GSE175540	GOBP_RESPONSE_TO_PROSTAGLANDIN_E	own	1.4e-05	0.000233	0.5572		white_fallback
gse175540-GSM5924032_ffpe_c_4	GSE175540	GOBP_RESPONSE_TO_PROSTAGLANDIN_E	comp	0.00028	-6.1e-05	0.4726		white_fallback
gse175540-GSM5924032_ffpe_c_4	GSE175540	GOBP_CELL_ADHESION_MOLECULE_PRODUCTION	own	-0.001873	-0.000589	0.6169		white_fallback
gse175540-GSM5924032_ffpe_c_4	GSE175540	GOBP_CELL_ADHESION_MOLECULE_PRODUCTION	comp	-0.00148	0.000123	0.6418		white_fallback
gse175540-GSM5924032_ffpe_c_4	GSE175540	GOBP_POSITIVE_REGULATION_OF_RNA_SPLICING	own	0.001116	-0.00034	0.3731	76.5	
gse175540-GSM5924032_ffpe_c_4	GSE175540	GOBP_POSITIVE_REGULATION_OF_RNA_SPLICING	comp	0.001371	0.00056	0.403	74.1	
gse175540-GSM5924032_ffpe_c_4	GSE175540	GOBP_DEFINITIVE_HEMOPOIESIS	own	-0.000808	-0.000101	0.597		white_fallback
gse175540-GSM5924032_ffpe_c_4	GSE175540	GOBP_DEFINITIVE_HEMOPOIESIS	comp	-0.001286	5.3e-05	0.6667		white_fallback
gse175540-GSM5924032_ffpe_c_4	GSE175540	GOBP_PROTEIN_DEACETYLATION	own	0.003133	-6.4e-05	0.1045		white_fallback
gse175540-GSM5924032_ffpe_c_4	GSE175540	GOBP_PROTEIN_DEACETYLATION	comp	0.003581	0.000174	0.0896		white_fallback
gse175540-GSM5924032_ffpe_c_4	GSE175540	GOBP_CELL_JUNCTION_DISASSEMBLY	own	-0.003724	0.000453	0.7612	127.9	
gse175540-GSM5924032_ffpe_c_4	GSE175540	GOBP_CELL_JUNCTION_DISASSEMBLY	comp	-0.004372	-0.000293	0.796	116.8	
gse175540-GSM5924032_ffpe_c_4	GSE175540	GOBP_REGULATION_OF_SYNAPTIC_VESICLE_ENDOCYTOSIS	own	0.003609	-0.000292	0.2786	80.8	
gse175540-GSM5924032_ffpe_c_4	GSE175540	GOBP_REGULATION_OF_SYNAPTIC_VESICLE_ENDOCYTOSIS	comp	0.005303	0.001003	0.2488	77.0	
gse175540-GSM5924032_ffpe_c_4	GSE175540	GOBP_RESPONSE_TO_NITRIC_OXIDE	own	-0.000907	-0.000159	0.607		white_fallback
gse175540-GSM5924032_ffpe_c_4	GSE175540	GOBP_RESPONSE_TO_NITRIC_OXIDE	comp	0.000416	0.000236	0.4925		white_fallback
gse175540-GSM5924032_ffpe_c_4	GSE175540	GOBP_REGULATION_OF_CELL_GROWTH_INVOLVED_IN_CARDIAC_MUSCLE_CELL_DEVELOPMENT	own	0.003774	0.000383	0.0249		white_fallback
gse175540-GSM5924032_ffpe_c_4	GSE175540	GOBP_REGULATION_OF_CELL_GROWTH_INVOLVED_IN_CARDIAC_MUSCLE_CELL_DEVELOPMENT	comp	0.003392	0.000246	0.0498		white_fallback
gse175540-GSM5924032_ffpe_c_4	GSE175540	GOBP_INNERVATION	own	-0.001216	0.000121	0.6667		white_fallback
gse175540-GSM5924032_ffpe_c_4	GSE175540	GOBP_INNERVATION	comp	-0.001403	-0.000153	0.6866		white_fallback
gse175540-GSM5924032_ffpe_c_4	GSE175540	GOBP_RESPONSE_TO_ETHER	own	0.002687	-0.000138	0.1741		white_fallback
gse175540-GSM5924032_ffpe_c_4	GSE175540	GOBP_RESPONSE_TO_ETHER	comp	0.002813	-7.2e-05	0.1791		white_fallback
gse175540-GSM5924032_ffpe_c_4	GSE175540	GOBP_RESCUE_OF_STALLED_RIBOSOME	own	-0.002958	-0.000165	0.8955		white_fallback
gse175540-GSM5924032_ffpe_c_4	GSE175540	GOBP_RESCUE_OF_STALLED_RIBOSOME	comp	-0.003119	-0.00033	0.8955		white_fallback
gse175540-GSM5924032_ffpe_c_4	GSE175540	GOBP_NEGATIVE_REGULATION_OF_MUSCLE_HYPERTROPHY	own	0.002407	0.000101	0.199	43.0	
gse175540-GSM5924032_ffpe_c_4	GSE175540	GOBP_NEGATIVE_REGULATION_OF_MUSCLE_HYPERTROPHY	comp	0.001931	9e-05	0.2189		white_fallback
gse175540-GSM5924032_ffpe_c_4	GSE175540	GOBP_NEURON_INTRINSIC_APOPTOTIC_SIGNALING_PATHWAY_IN_RESPONSE_TO_OXIDATIVE_STRESS	own	-7.8e-05	-0.00058	0.4677	79.2	
gse175540-GSM5924032_ffpe_c_4	GSE175540	GOBP_NEURON_INTRINSIC_APOPTOTIC_SIGNALING_PATHWAY_IN_RESPONSE_TO_OXIDATIVE_STRESS	comp	0.000906	-0.00086	0.4378	76.9	
gse175540-GSM5924032_ffpe_c_4	GSE175540	GOBP_POSITIVE_REGULATION_OF_T_CELL_MIGRATION	own	-0.001531	-0.000182	0.6766	41.4	
gse175540-GSM5924032_ffpe_c_4	GSE175540	GOBP_POSITIVE_REGULATION_OF_T_CELL_MIGRATION	comp	-0.001749	-0.000234	0.6915		white_fallback
gse175540-GSM5924032_ffpe_c_4	GSE175540	GOBP_POSITIVE_REGULATION_OF_LEUKOCYTE_ADHESION_TO_VASCULAR_ENDOTHELIAL_CELL	own	-0.000382	0.000403	0.5871	43.7	
gse175540-GSM5924032_ffpe_c_4	GSE175540	GOBP_POSITIVE_REGULATION_OF_LEUKOCYTE_ADHESION_TO_VASCULAR_ENDOTHELIAL_CELL	comp	-0.001063	9.6e-05	0.6219		white_fallback
gse175540-GSM5924032_ffpe_c_4	GSE175540	CTRL_B_AXIS	own	-0.00091	5.7e-05	0.7264	42.0	
gse175540-GSM5924032_ffpe_c_4	GSE175540	CTRL_B_AXIS	comp	-0.000431	6.7e-05	0.5721		white_fallback
gse175540-GSM5924032_ffpe_c_4	GSE175540	CTRL_MYC_V1	own	0.003923	0.000884	0.2438	122.7	
gse175540-GSM5924032_ffpe_c_4	GSE175540	CTRL_MYC_V1	comp	0.005511	-0.000367	0.0896	116.6	
gse175540-GSM5924032_ffpe_c_4	GSE175540	CTRL_RANDOM_32	own	-0.006589	-1.6e-05	0.9851		white_fallback
gse175540-GSM5924032_ffpe_c_4	GSE175540	CTRL_RANDOM_32	comp	-0.006276	-0.000336	0.995		white_fallback
gse175540-GSM5924032_ffpe_c_4	GSE175540	HALLMARK_INTERFERON_GAMMA_RESPONSE	own	-0.000312	0.000205	0.597	76.8	
gse175540-GSM5924032_ffpe_c_4	GSE175540	HALLMARK_INTERFERON_GAMMA_RESPONSE	comp	-0.000146	-6.6e-05	0.5174	52.7	
gse175540-GSM5924032_ffpe_c_4	GSE175540	HALLMARK_INTERFERON_ALPHA_RESPONSE	own	-0.002821	0.000366	0.796	78.6	
gse175540-GSM5924032_ffpe_c_4	GSE175540	HALLMARK_INTERFERON_ALPHA_RESPONSE	comp	-0.002448	0.000126	0.7662	76.8	
gse175540-GSM5924032_ffpe_c_4	GSE175540	HALLMARK_G2M_CHECKPOINT	own	-0.000336	-4.5e-05	0.6318		white_fallback
gse175540-GSM5924032_ffpe_c_4	GSE175540	HALLMARK_G2M_CHECKPOINT	comp	-0.0003	-0.00017	0.5572		white_fallback
gse175540-GSM5924032_ffpe_c_4	GSE175540	HALLMARK_EPITHELIAL_MESENCHYMAL_TRANSITION	own	-0.002275	-0.000543	0.6368	161.9	
gse175540-GSM5924032_ffpe_c_4	GSE175540	HALLMARK_EPITHELIAL_MESENCHYMAL_TRANSITION	comp	-0.002681	0.000407	0.7662	135.4	
gse175540-GSM5924032_ffpe_c_4	GSE175540	GENE_CXCL13	own	-0.021505	-0.000435	0.9751		white_fallback
gse175540-GSM5924032_ffpe_c_4	GSE175540	GENE_CXCL13	comp	-0.022224	-0.0009	0.9801		white_fallback
gse175540-GSM5924032_ffpe_c_4	GSE175540	GENE_CCL19	own	-0.003325	-0.00154	0.5721	42.1	
gse175540-GSM5924032_ffpe_c_4	GSE175540	GENE_CCL19	comp	-0.001248	0.000624	0.5473	42.3	
gse175540-GSM5924032_ffpe_c_4	GSE175540	GENE_CCL21	own	0.012714	-0.000285	0.1841		white_fallback
gse175540-GSM5924032_ffpe_c_4	GSE175540	GENE_CCL21	comp	0.01211	0.001263	0.209		white_fallback
gse175540-GSM5924032_ffpe_c_4	GSE175540	GENE_LTB	own	0.008913	0.000897	0.2886		white_fallback
gse175540-GSM5924032_ffpe_c_4	GSE175540	GENE_LTB	comp	0.008886	0.001511	0.2786		white_fallback
gse175540-GSM5924032_ffpe_c_4	GSE175540	GENE_CD74	own	0.010832	0.000146	0.0348		white_fallback
gse175540-GSM5924032_ffpe_c_4	GSE175540	GENE_CD74	comp	0.011032	9.9e-05	0.0249		white_fallback
gse175540-GSM5924032_ffpe_c_4	GSE175540	GENE_HLA_DRA	own	0.004524	-0.000709	0.3134	41.0	
gse175540-GSM5924032_ffpe_c_4	GSE175540	GENE_HLA_DRA	comp	0.006626	0.000572	0.2338		white_fallback
gse175540-GSM5924032_ffpe_c_4	GSE175540	GENE_IFNG	own	-0.000104	-1e-06	0.9055		white_fallback
gse175540-GSM5924032_ffpe_c_4	GSE175540	GENE_IFNG	comp	-9.8e-05	-5e-06	0.8657		white_fallback
gse175540-GSM5924032_ffpe_c_4	GSE175540	GENE_CXCL9	own	0.010482	1.5e-05	0.3284	43.8	
gse175540-GSM5924032_ffpe_c_4	GSE175540	GENE_CXCL9	comp	0.006056	0.001904	0.3632	42.7	
gse175540-GSM5924032_ffpe_c_4	GSE175540	GENE_GZMB	own	-0.000671	1.9e-05	0.8159		white_fallback
gse175540-GSM5924032_ffpe_c_4	GSE175540	GENE_GZMB	comp	-0.000794	-2.9e-05	0.7761		white_fallback
gse175540-GSM5924032_ffpe_c_4	GSE175540	GENE_CD8A	own	-0.004443	0.000224	0.6468		white_fallback
gse175540-GSM5924032_ffpe_c_4	GSE175540	GENE_CD8A	comp	-0.00576	-0.000195	0.7363		white_fallback
gse175540-GSM5924032_ffpe_c_4	GSE175540	GENE_MKI67	own	-1.6e-05	-1.3e-05	0.5124		white_fallback
gse175540-GSM5924032_ffpe_c_4	GSE175540	GENE_MKI67	comp	2.7e-05	-1.1e-05	0.4726		white_fallback
gse175540-GSM5924032_ffpe_c_4	GSE175540	GENE_COL1A1	own	-0.007358	0.014117	0.607	135.6	
gse175540-GSM5924032_ffpe_c_4	GSE175540	GENE_COL1A1	comp	-0.014744	-0.001084	0.6169	121.5	
gse175540-GSM5924033_ffpe_c_7	GSE175540	GOBP_REGULATION_OF_INTEGRIN_MEDIATED_SIGNALING_PATHWAY	own	0.001052	-0.000423	0.4179	80.6	
gse175540-GSM5924033_ffpe_c_7	GSE175540	GOBP_REGULATION_OF_INTEGRIN_MEDIATED_SIGNALING_PATHWAY	comp	0.001628	-0.000123	0.393	45.9	
gse175540-GSM5924033_ffpe_c_7	GSE175540	GOBP_COMPLEMENT_ACTIVATION_CLASSICAL_PATHWAY	own	0.008885	0.001131	0.209	132.9	
gse175540-GSM5924033_ffpe_c_7	GSE175540	GOBP_COMPLEMENT_ACTIVATION_CLASSICAL_PATHWAY	comp	0.010495	0.002136	0.1592	119.1	
gse175540-GSM5924033_ffpe_c_7	GSE175540	GOBP_PEPTIDE_ANTIGEN_ASSEMBLY_WITH_MHC_PROTEIN_COMPLEX	own	0.012654	0.000603	0.194	118.9	
gse175540-GSM5924033_ffpe_c_7	GSE175540	GOBP_PEPTIDE_ANTIGEN_ASSEMBLY_WITH_MHC_PROTEIN_COMPLEX	comp	0.011677	0.000307	0.194	112.1	
gse175540-GSM5924033_ffpe_c_7	GSE175540	GOBP_NEGATIVE_REGULATION_OF_REACTIVE_OXYGEN_SPECIES_BIOSYNTHETIC_PROCESS	own	0.004649	-0.000186	0.2587	43.7	
gse175540-GSM5924033_ffpe_c_7	GSE175540	GOBP_NEGATIVE_REGULATION_OF_REACTIVE_OXYGEN_SPECIES_BIOSYNTHETIC_PROCESS	comp	0.005274	0.000274	0.1592		white_fallback
gse175540-GSM5924033_ffpe_c_7	GSE175540	GOBP_MRNA_5_SPLICE_SITE_RECOGNITION	own	-0.009433	-0.000635	0.9104		white_fallback
gse175540-GSM5924033_ffpe_c_7	GSE175540	GOBP_MRNA_5_SPLICE_SITE_RECOGNITION	comp	-0.010628	0.000429	0.9204		white_fallback
gse175540-GSM5924033_ffpe_c_7	GSE175540	GOBP_RESPONSE_TO_INTERFERON_ALPHA	own	0.003566	0.000152	0.2338	43.0	
gse175540-GSM5924033_ffpe_c_7	GSE175540	GOBP_RESPONSE_TO_INTERFERON_ALPHA	comp	0.00344	-0.000711	0.2239		white_fallback
gse175540-GSM5924033_ffpe_c_7	GSE175540	GOBP_POSITIVE_REGULATION_OF_VASCULAR_ASSOCIATED_SMOOTH_MUSCLE_CELL_MIGRATION	own	0.007173	-0.00059	0.0896	43.6	
gse175540-GSM5924033_ffpe_c_7	GSE175540	GOBP_POSITIVE_REGULATION_OF_VASCULAR_ASSOCIATED_SMOOTH_MUSCLE_CELL_MIGRATION	comp	0.006605	-0.000518	0.1144		white_fallback
gse175540-GSM5924033_ffpe_c_7	GSE175540	GOBP_NEGATIVE_REGULATION_OF_EXTRACELLULAR_MATRIX_ORGANIZATION	own	0.004149	-1.8e-05	0.3284	79.3	
gse175540-GSM5924033_ffpe_c_7	GSE175540	GOBP_NEGATIVE_REGULATION_OF_EXTRACELLULAR_MATRIX_ORGANIZATION	comp	0.00391	0.00057	0.2637	43.1	
gse175540-GSM5924033_ffpe_c_7	GSE175540	GOBP_CELL_FATE_DETERMINATION	own	5.8e-05	-0.000175	0.4826	113.1	
gse175540-GSM5924033_ffpe_c_7	GSE175540	GOBP_CELL_FATE_DETERMINATION	comp	-0.000677	-0.000395	0.597		white_fallback
gse175540-GSM5924033_ffpe_c_7	GSE175540	GOBP_HYPERSENSITIVITY	own	0.013539	0.000464	0.1045	118.1	
gse175540-GSM5924033_ffpe_c_7	GSE175540	GOBP_HYPERSENSITIVITY	comp	0.013463	0.000801	0.0348	45.2	
gse175540-GSM5924033_ffpe_c_7	GSE175540	GOBP_NEGATIVE_REGULATION_OF_BLOOD_VESSEL_ENDOTHELIAL_CELL_PROLIFERATION_INVOLVED_IN_SPROUTING_ANGIOGENESIS	own	0.01252	0.000255	0.0846	77.4	
gse175540-GSM5924033_ffpe_c_7	GSE175540	GOBP_NEGATIVE_REGULATION_OF_BLOOD_VESSEL_ENDOTHELIAL_CELL_PROLIFERATION_INVOLVED_IN_SPROUTING_ANGIOGENESIS	comp	0.010866	0.000329	0.0647	41.7	
gse175540-GSM5924033_ffpe_c_7	GSE175540	GOBP_PHYSIOLOGICAL_CARDIAC_MUSCLE_HYPERTROPHY	own	-0.003608	-0.0006	0.7512	114.9	
gse175540-GSM5924033_ffpe_c_7	GSE175540	GOBP_PHYSIOLOGICAL_CARDIAC_MUSCLE_HYPERTROPHY	comp	-0.003861	-0.000362	0.9303		white_fallback
gse175540-GSM5924033_ffpe_c_7	GSE175540	GOBP_INTEGRIN_MEDIATED_SIGNALING_PATHWAY	own	0.004786	0.000157	0.209	117.7	
gse175540-GSM5924033_ffpe_c_7	GSE175540	GOBP_INTEGRIN_MEDIATED_SIGNALING_PATHWAY	comp	0.004517	0.000424	0.1393	80.4	
gse175540-GSM5924033_ffpe_c_7	GSE175540	GOBP_RESPONSE_TO_PROSTAGLANDIN_E	own	-0.005853	0.000144	0.9303	72.0	
gse175540-GSM5924033_ffpe_c_7	GSE175540	GOBP_RESPONSE_TO_PROSTAGLANDIN_E	comp	-0.005768	-0.000107	0.9751		white_fallback
gse175540-GSM5924033_ffpe_c_7	GSE175540	GOBP_CELL_ADHESION_MOLECULE_PRODUCTION	own	0.000334	0.000741	0.5323	78.4	
gse175540-GSM5924033_ffpe_c_7	GSE175540	GOBP_CELL_ADHESION_MOLECULE_PRODUCTION	comp	0.001965	-0.000663	0.3284		white_fallback
gse175540-GSM5924033_ffpe_c_7	GSE175540	GOBP_POSITIVE_REGULATION_OF_RNA_SPLICING	own	0.0116	-0.000418	0.01	75.1	
gse175540-GSM5924033_ffpe_c_7	GSE175540	GOBP_POSITIVE_REGULATION_OF_RNA_SPLICING	comp	0.011439	-0.000232	0.005	42.9	
gse175540-GSM5924033_ffpe_c_7	GSE175540	GOBP_DEFINITIVE_HEMOPOIESIS	own	0.009809	7.9e-05	0.01		white_fallback
gse175540-GSM5924033_ffpe_c_7	GSE175540	GOBP_DEFINITIVE_HEMOPOIESIS	comp	0.009696	0.000145	0.0149		white_fallback
gse175540-GSM5924033_ffpe_c_7	GSE175540	GOBP_PROTEIN_DEACETYLATION	own	0.001394	-0.000222	0.3483	76.6	
gse175540-GSM5924033_ffpe_c_7	GSE175540	GOBP_PROTEIN_DEACETYLATION	comp	0.002225	-0.000152	0.2488	42.9	
gse175540-GSM5924033_ffpe_c_7	GSE175540	GOBP_CELL_JUNCTION_DISASSEMBLY	own	0.004325	0.001846	0.3632	123.1	
gse175540-GSM5924033_ffpe_c_7	GSE175540	GOBP_CELL_JUNCTION_DISASSEMBLY	comp	0.004661	0.000611	0.2388	79.0	
gse175540-GSM5924033_ffpe_c_7	GSE175540	GOBP_REGULATION_OF_SYNAPTIC_VESICLE_ENDOCYTOSIS	own	-0.001439	-0.000292	0.5821	83.5	
gse175540-GSM5924033_ffpe_c_7	GSE175540	GOBP_REGULATION_OF_SYNAPTIC_VESICLE_ENDOCYTOSIS	comp	-0.000408	0.00037	0.5572	75.5	
gse175540-GSM5924033_ffpe_c_7	GSE175540	GOBP_RESPONSE_TO_NITRIC_OXIDE	own	0.001389	-0.000101	0.3731	40.7	
gse175540-GSM5924033_ffpe_c_7	GSE175540	GOBP_RESPONSE_TO_NITRIC_OXIDE	comp	0.000524	0.000176	0.4527		white_fallback
gse175540-GSM5924033_ffpe_c_7	GSE175540	GOBP_REGULATION_OF_CELL_GROWTH_INVOLVED_IN_CARDIAC_MUSCLE_CELL_DEVELOPMENT	own	0.002412	0.000359	0.3085	112.0	
gse175540-GSM5924033_ffpe_c_7	GSE175540	GOBP_REGULATION_OF_CELL_GROWTH_INVOLVED_IN_CARDIAC_MUSCLE_CELL_DEVELOPMENT	comp	0.001752	0.00034	0.2836		white_fallback
gse175540-GSM5924033_ffpe_c_7	GSE175540	GOBP_INNERVATION	own	0.003057	-0.000281	0.2736	74.7	
gse175540-GSM5924033_ffpe_c_7	GSE175540	GOBP_INNERVATION	comp	0.003217	-0.000202	0.1741	41.2	
gse175540-GSM5924033_ffpe_c_7	GSE175540	GOBP_RESPONSE_TO_ETHER	own	-0.002103	-2.9e-05	0.7065		white_fallback
gse175540-GSM5924033_ffpe_c_7	GSE175540	GOBP_RESPONSE_TO_ETHER	comp	-0.001694	-9.6e-05	0.6617		white_fallback
gse175540-GSM5924033_ffpe_c_7	GSE175540	GOBP_RESCUE_OF_STALLED_RIBOSOME	own	0.000741	-0.000421	0.3831	42.0	
gse175540-GSM5924033_ffpe_c_7	GSE175540	GOBP_RESCUE_OF_STALLED_RIBOSOME	comp	0.001787	1.4e-05	0.2836		white_fallback
gse175540-GSM5924033_ffpe_c_7	GSE175540	GOBP_NEGATIVE_REGULATION_OF_MUSCLE_HYPERTROPHY	own	0.006048	-0.000568	0.1194	115.0	
gse175540-GSM5924033_ffpe_c_7	GSE175540	GOBP_NEGATIVE_REGULATION_OF_MUSCLE_HYPERTROPHY	comp	0.005398	-4.5e-05	0.0348		white_fallback
gse175540-GSM5924033_ffpe_c_7	GSE175540	GOBP_NEURON_INTRINSIC_APOPTOTIC_SIGNALING_PATHWAY_IN_RESPONSE_TO_OXIDATIVE_STRESS	own	0.008222	-0.000401	0.0896	43.4	
gse175540-GSM5924033_ffpe_c_7	GSE175540	GOBP_NEURON_INTRINSIC_APOPTOTIC_SIGNALING_PATHWAY_IN_RESPONSE_TO_OXIDATIVE_STRESS	comp	0.007456	0.000243	0.1194	41.5	
gse175540-GSM5924033_ffpe_c_7	GSE175540	GOBP_POSITIVE_REGULATION_OF_T_CELL_MIGRATION	own	0.008369	0.000444	0.0249		white_fallback
gse175540-GSM5924033_ffpe_c_7	GSE175540	GOBP_POSITIVE_REGULATION_OF_T_CELL_MIGRATION	comp	0.00791	-8e-05	0.0249		white_fallback
gse175540-GSM5924033_ffpe_c_7	GSE175540	GOBP_POSITIVE_REGULATION_OF_LEUKOCYTE_ADHESION_TO_VASCULAR_ENDOTHELIAL_CELL	own	0.004725	-6.5e-05	0.1244	40.4	
gse175540-GSM5924033_ffpe_c_7	GSE175540	GOBP_POSITIVE_REGULATION_OF_LEUKOCYTE_ADHESION_TO_VASCULAR_ENDOTHELIAL_CELL	comp	0.003881	-0.000577	0.1194		white_fallback
gse175540-GSM5924033_ffpe_c_7	GSE175540	CTRL_B_AXIS	own	0.003176	0.000103	0.0498	75.8	
gse175540-GSM5924033_ffpe_c_7	GSE175540	CTRL_B_AXIS	comp	0.002402	0.000389	0.0796	45.3	
gse175540-GSM5924033_ffpe_c_7	GSE175540	CTRL_MYC_V1	own	0.003965	-0.000401	0.3035	148.9	
gse175540-GSM5924033_ffpe_c_7	GSE175540	CTRL_MYC_V1	comp	0.006322	-6e-05	0.1493	114.1	
gse175540-GSM5924033_ffpe_c_7	GSE175540	CTRL_RANDOM_32	own	8.2e-05	0.000181	0.5124		white_fallback
gse175540-GSM5924033_ffpe_c_7	GSE175540	CTRL_RANDOM_32	comp	0.000521	0.000414	0.4677		white_fallback
gse175540-GSM5924033_ffpe_c_7	GSE175540	HALLMARK_INTERFERON_GAMMA_RESPONSE	own	0.005985	-0.000321	0.0199	84.8	
gse175540-GSM5924033_ffpe_c_7	GSE175540	HALLMARK_INTERFERON_GAMMA_RESPONSE	comp	0.005755	0.000109	0.0149	81.0	
gse175540-GSM5924033_ffpe_c_7	GSE175540	HALLMARK_INTERFERON_ALPHA_RESPONSE	own	0.00411	-0.000225	0.1443	82.0	
gse175540-GSM5924033_ffpe_c_7	GSE175540	HALLMARK_INTERFERON_ALPHA_RESPONSE	comp	0.003697	-0.000143	0.1194	77.4	
gse175540-GSM5924033_ffpe_c_7	GSE175540	HALLMARK_G2M_CHECKPOINT	own	0.002576	2.1e-05	0.0448	40.5	
gse175540-GSM5924033_ffpe_c_7	GSE175540	HALLMARK_G2M_CHECKPOINT	comp	0.002645	-5e-05	0.005		white_fallback
gse175540-GSM5924033_ffpe_c_7	GSE175540	HALLMARK_EPITHELIAL_MESENCHYMAL_TRANSITION	own	0.008402	0.000445	0.1841	124.7	
gse175540-GSM5924033_ffpe_c_7	GSE175540	HALLMARK_EPITHELIAL_MESENCHYMAL_TRANSITION	comp	0.010031	-0.000495	0.0448	118.4	
gse175540-GSM5924033_ffpe_c_7	GSE175540	GENE_CXCL13	own	0.00346	0.000411	0.398	43.9	
gse175540-GSM5924033_ffpe_c_7	GSE175540	GENE_CXCL13	comp	0.000669	0.000212	0.4826	43.4	
gse175540-GSM5924033_ffpe_c_7	GSE175540	GENE_CCL19	own	-0.094344	-0.003987	0.9453	117.2	
gse175540-GSM5924033_ffpe_c_7	GSE175540	GENE_CCL19	comp	-0.096952	0.000451	0.9851	115.2	
gse175540-GSM5924033_ffpe_c_7	GSE175540	GENE_CCL21	own	-0.033752	-0.002424	0.8706	80.6	
gse175540-GSM5924033_ffpe_c_7	GSE175540	GENE_CCL21	comp	-0.037417	0.002658	0.8806	77.9	
gse175540-GSM5924033_ffpe_c_7	GSE175540	GENE_LTB	own	-0.001548	0.002078	0.607	41.6	
gse175540-GSM5924033_ffpe_c_7	GSE175540	GENE_LTB	comp	-0.005255	0.000402	0.6468		white_fallback
gse175540-GSM5924033_ffpe_c_7	GSE175540	GENE_CD74	own	0.000917	-0.002028	0.4428	74.7	
gse175540-GSM5924033_ffpe_c_7	GSE175540	GENE_CD74	comp	-0.000314	-0.000435	0.5025	41.7	
gse175540-GSM5924033_ffpe_c_7	GSE175540	GENE_HLA_DRA	own	0.009722	-0.003509	0.3781	41.8	
gse175540-GSM5924033_ffpe_c_7	GSE175540	GENE_HLA_DRA	comp	0.010731	0.002729	0.3731		white_fallback
gse175540-GSM5924033_ffpe_c_7	GSE175540	GENE_IFNG	own	7.5e-05	6e-06	0.3831		white_fallback
gse175540-GSM5924033_ffpe_c_7	GSE175540	GENE_IFNG	comp	-6.2e-05	1.4e-05	0.5821		white_fallback
gse175540-GSM5924033_ffpe_c_7	GSE175540	GENE_CXCL9	own	0.044256	0.002716	0.0448	80.2	
gse175540-GSM5924033_ffpe_c_7	GSE175540	GENE_CXCL9	comp	0.030069	0.000765	0.1592	80.0	
gse175540-GSM5924033_ffpe_c_7	GSE175540	GENE_GZMB	own	0.002658	6e-05	0.1841		white_fallback
gse175540-GSM5924033_ffpe_c_7	GSE175540	GENE_GZMB	comp	0.002075	0.000242	0.2587		white_fallback
gse175540-GSM5924033_ffpe_c_7	GSE175540	GENE_CD8A	own	-3.7e-05	9e-06	0.7413		white_fallback
gse175540-GSM5924033_ffpe_c_7	GSE175540	GENE_CD8A	comp	-2e-05	-4e-06	0.5522		white_fallback
gse175540-GSM5924033_ffpe_c_7	GSE175540	GENE_MKI67	own	4.7e-05	1.5e-05	0.4776		white_fallback
gse175540-GSM5924033_ffpe_c_7	GSE175540	GENE_MKI67	comp	-0.000109	2.4e-05	0.5771		white_fallback
gse175540-GSM5924033_ffpe_c_7	GSE175540	GENE_COL1A1	own	-0.0087	0.011217	0.6119	123.2	
gse175540-GSM5924033_ffpe_c_7	GSE175540	GENE_COL1A1	comp	0.00609	0.007345	0.5075	80.7	
gse175540-GSM5924035_ffpe_c_20	GSE175540	GOBP_REGULATION_OF_INTEGRIN_MEDIATED_SIGNALING_PATHWAY	own	0.000622	-0.002153	0.4428	114.7	
gse175540-GSM5924035_ffpe_c_20	GSE175540	GOBP_REGULATION_OF_INTEGRIN_MEDIATED_SIGNALING_PATHWAY	comp	-0.002642	0.000511	0.6617	74.8	
gse175540-GSM5924035_ffpe_c_20	GSE175540	GOBP_COMPLEMENT_ACTIVATION_CLASSICAL_PATHWAY	own	0.000616	-0.000422	0.4428	134.2	
gse175540-GSM5924035_ffpe_c_20	GSE175540	GOBP_COMPLEMENT_ACTIVATION_CLASSICAL_PATHWAY	comp	0.000546	-0.00127	0.4179	123.3	
gse175540-GSM5924035_ffpe_c_20	GSE175540	GOBP_PEPTIDE_ANTIGEN_ASSEMBLY_WITH_MHC_PROTEIN_COMPLEX	own	-0.008597	0.000361	0.6716	135.8	
gse175540-GSM5924035_ffpe_c_20	GSE175540	GOBP_PEPTIDE_ANTIGEN_ASSEMBLY_WITH_MHC_PROTEIN_COMPLEX	comp	-0.008306	-0.001353	0.6816	114.5	
gse175540-GSM5924035_ffpe_c_20	GSE175540	GOBP_NEGATIVE_REGULATION_OF_REACTIVE_OXYGEN_SPECIES_BIOSYNTHETIC_PROCESS	own	-0.018846	-0.000586	0.9254	112.1	
gse175540-GSM5924035_ffpe_c_20	GSE175540	GOBP_NEGATIVE_REGULATION_OF_REACTIVE_OXYGEN_SPECIES_BIOSYNTHETIC_PROCESS	comp	-0.015049	-0.00076	0.9552	43.1	
gse175540-GSM5924035_ffpe_c_20	GSE175540	GOBP_MRNA_5_SPLICE_SITE_RECOGNITION	own	0.012762	-0.001322	0.1045		white_fallback
gse175540-GSM5924035_ffpe_c_20	GSE175540	GOBP_MRNA_5_SPLICE_SITE_RECOGNITION	comp	0.018109	0.000224	0.0448		white_fallback
gse175540-GSM5924035_ffpe_c_20	GSE175540	GOBP_RESPONSE_TO_INTERFERON_ALPHA	own	-0.002612	-0.001668	0.5672	74.0	
gse175540-GSM5924035_ffpe_c_20	GSE175540	GOBP_RESPONSE_TO_INTERFERON_ALPHA	comp	-0.003591	0.000657	0.6866	42.8	
gse175540-GSM5924035_ffpe_c_20	GSE175540	GOBP_POSITIVE_REGULATION_OF_VASCULAR_ASSOCIATED_SMOOTH_MUSCLE_CELL_MIGRATION	own	-0.003407	-2e-05	0.7214		white_fallback
gse175540-GSM5924035_ffpe_c_20	GSE175540	GOBP_POSITIVE_REGULATION_OF_VASCULAR_ASSOCIATED_SMOOTH_MUSCLE_CELL_MIGRATION	comp	-0.003924	-0.000565	0.7313		white_fallback
gse175540-GSM5924035_ffpe_c_20	GSE175540	GOBP_NEGATIVE_REGULATION_OF_EXTRACELLULAR_MATRIX_ORGANIZATION	own	0.006126	0.002273	0.3433	72.2	
gse175540-GSM5924035_ffpe_c_20	GSE175540	GOBP_NEGATIVE_REGULATION_OF_EXTRACELLULAR_MATRIX_ORGANIZATION	comp	0.002481	-0.000133	0.393		white_fallback
gse175540-GSM5924035_ffpe_c_20	GSE175540	GOBP_CELL_FATE_DETERMINATION	own	0.002782	-0.000109	0.1294	40.9	
gse175540-GSM5924035_ffpe_c_20	GSE175540	GOBP_CELL_FATE_DETERMINATION	comp	0.001441	3.3e-05	0.3085		white_fallback
gse175540-GSM5924035_ffpe_c_20	GSE175540	GOBP_HYPERSENSITIVITY	own	-0.000839	-0.001354	0.4726	114.2	
gse175540-GSM5924035_ffpe_c_20	GSE175540	GOBP_HYPERSENSITIVITY	comp	-0.001835	-0.00141	0.5075	72.3	
gse175540-GSM5924035_ffpe_c_20	GSE175540	GOBP_NEGATIVE_REGULATION_OF_BLOOD_VESSEL_ENDOTHELIAL_CELL_PROLIFERATION_INVOLVED_IN_SPROUTING_ANGIOGENESIS	own	-0.005639	0.00031	0.7463		white_fallback
gse175540-GSM5924035_ffpe_c_20	GSE175540	GOBP_NEGATIVE_REGULATION_OF_BLOOD_VESSEL_ENDOTHELIAL_CELL_PROLIFERATION_INVOLVED_IN_SPROUTING_ANGIOGENESIS	comp	-0.005718	0.000253	0.7463		white_fallback
gse175540-GSM5924035_ffpe_c_20	GSE175540	GOBP_PHYSIOLOGICAL_CARDIAC_MUSCLE_HYPERTROPHY	own	0.003526	0.000408	0.1493		white_fallback
gse175540-GSM5924035_ffpe_c_20	GSE175540	GOBP_PHYSIOLOGICAL_CARDIAC_MUSCLE_HYPERTROPHY	comp	0.002673	3.7e-05	0.2687		white_fallback
gse175540-GSM5924035_ffpe_c_20	GSE175540	GOBP_INTEGRIN_MEDIATED_SIGNALING_PATHWAY	own	0.000707	-0.000125	0.4527	126.8	
gse175540-GSM5924035_ffpe_c_20	GSE175540	GOBP_INTEGRIN_MEDIATED_SIGNALING_PATHWAY	comp	-0.00142	-0.000374	0.597	116.0	
gse175540-GSM5924035_ffpe_c_20	GSE175540	GOBP_RESPONSE_TO_PROSTAGLANDIN_E	own	-0.007917	-8.2e-05	0.9453	41.8	
gse175540-GSM5924035_ffpe_c_20	GSE175540	GOBP_RESPONSE_TO_PROSTAGLANDIN_E	comp	-0.006479	-0.000507	0.9303		white_fallback
gse175540-GSM5924035_ffpe_c_20	GSE175540	GOBP_CELL_ADHESION_MOLECULE_PRODUCTION	own	-0.002755	9.8e-05	0.6567		white_fallback
gse175540-GSM5924035_ffpe_c_20	GSE175540	GOBP_CELL_ADHESION_MOLECULE_PRODUCTION	comp	-0.001541	-0.000647	0.5721		white_fallback
gse175540-GSM5924035_ffpe_c_20	GSE175540	GOBP_POSITIVE_REGULATION_OF_RNA_SPLICING	own	-0.005749	-0.00012	0.7065	113.6	
gse175540-GSM5924035_ffpe_c_20	GSE175540	GOBP_POSITIVE_REGULATION_OF_RNA_SPLICING	comp	-0.003727	-0.000277	0.6766	74.2	
gse175540-GSM5924035_ffpe_c_20	GSE175540	GOBP_DEFINITIVE_HEMOPOIESIS	own	0.001384	-0.000397	0.3731		white_fallback
gse175540-GSM5924035_ffpe_c_20	GSE175540	GOBP_DEFINITIVE_HEMOPOIESIS	comp	-0.000242	0.000484	0.5323		white_fallback
gse175540-GSM5924035_ffpe_c_20	GSE175540	GOBP_PROTEIN_DEACETYLATION	own	-0.007193	0.000572	0.9453		white_fallback
gse175540-GSM5924035_ffpe_c_20	GSE175540	GOBP_PROTEIN_DEACETYLATION	comp	-0.006857	0.000107	0.9204		white_fallback
gse175540-GSM5924035_ffpe_c_20	GSE175540	GOBP_CELL_JUNCTION_DISASSEMBLY	own	-0.004019	-0.000527	0.7164	77.0	
gse175540-GSM5924035_ffpe_c_20	GSE175540	GOBP_CELL_JUNCTION_DISASSEMBLY	comp	-0.007104	0.000117	0.9303	42.6	
gse175540-GSM5924035_ffpe_c_20	GSE175540	GOBP_REGULATION_OF_SYNAPTIC_VESICLE_ENDOCYTOSIS	own	-0.028629	0.001182	0.9801	127.1	
gse175540-GSM5924035_ffpe_c_20	GSE175540	GOBP_REGULATION_OF_SYNAPTIC_VESICLE_ENDOCYTOSIS	comp	-0.022673	-0.001895	0.9701	77.7	
gse175540-GSM5924035_ffpe_c_20	GSE175540	GOBP_RESPONSE_TO_NITRIC_OXIDE	own	-0.009253	-0.000806	0.796	113.5	
gse175540-GSM5924035_ffpe_c_20	GSE175540	GOBP_RESPONSE_TO_NITRIC_OXIDE	comp	-0.006123	-0.000367	0.7662	41.2	
gse175540-GSM5924035_ffpe_c_20	GSE175540	GOBP_REGULATION_OF_CELL_GROWTH_INVOLVED_IN_CARDIAC_MUSCLE_CELL_DEVELOPMENT	own	0.002627	0.000648	0.3035		white_fallback
gse175540-GSM5924035_ffpe_c_20	GSE175540	GOBP_REGULATION_OF_CELL_GROWTH_INVOLVED_IN_CARDIAC_MUSCLE_CELL_DEVELOPMENT	comp	0.000871	6.8e-05	0.4229		white_fallback
gse175540-GSM5924035_ffpe_c_20	GSE175540	GOBP_INNERVATION	own	0.000764	-0.000182	0.4279		white_fallback
gse175540-GSM5924035_ffpe_c_20	GSE175540	GOBP_INNERVATION	comp	-0.000151	-0.000188	0.4975		white_fallback
gse175540-GSM5924035_ffpe_c_20	GSE175540	GOBP_RESPONSE_TO_ETHER	own	0.008602	9.4e-05	0.0498		white_fallback
gse175540-GSM5924035_ffpe_c_20	GSE175540	GOBP_RESPONSE_TO_ETHER	comp	0.007484	-9.5e-05	0.0398		white_fallback
gse175540-GSM5924035_ffpe_c_20	GSE175540	GOBP_RESCUE_OF_STALLED_RIBOSOME	own	-0.006816	0.000154	0.9652		white_fallback
gse175540-GSM5924035_ffpe_c_20	GSE175540	GOBP_RESCUE_OF_STALLED_RIBOSOME	comp	-0.005344	-0.000154	0.9403		white_fallback
gse175540-GSM5924035_ffpe_c_20	GSE175540	GOBP_NEGATIVE_REGULATION_OF_MUSCLE_HYPERTROPHY	own	-0.004275	0.000177	0.8507		white_fallback
gse175540-GSM5924035_ffpe_c_20	GSE175540	GOBP_NEGATIVE_REGULATION_OF_MUSCLE_HYPERTROPHY	comp	-0.004409	-0.000404	0.8955		white_fallback
gse175540-GSM5924035_ffpe_c_20	GSE175540	GOBP_NEURON_INTRINSIC_APOPTOTIC_SIGNALING_PATHWAY_IN_RESPONSE_TO_OXIDATIVE_STRESS	own	-0.002983	-0.001481	0.5771	43.2	
gse175540-GSM5924035_ffpe_c_20	GSE175540	GOBP_NEURON_INTRINSIC_APOPTOTIC_SIGNALING_PATHWAY_IN_RESPONSE_TO_OXIDATIVE_STRESS	comp	-0.001321	-0.000868	0.5274		white_fallback
gse175540-GSM5924035_ffpe_c_20	GSE175540	GOBP_POSITIVE_REGULATION_OF_T_CELL_MIGRATION	own	0.006732	-3.7e-05	0.0945		white_fallback
gse175540-GSM5924035_ffpe_c_20	GSE175540	GOBP_POSITIVE_REGULATION_OF_T_CELL_MIGRATION	comp	0.006387	0.000897	0.0746		white_fallback
gse175540-GSM5924035_ffpe_c_20	GSE175540	GOBP_POSITIVE_REGULATION_OF_LEUKOCYTE_ADHESION_TO_VASCULAR_ENDOTHELIAL_CELL	own	-0.00335	0.000165	0.7363		white_fallback
gse175540-GSM5924035_ffpe_c_20	GSE175540	GOBP_POSITIVE_REGULATION_OF_LEUKOCYTE_ADHESION_TO_VASCULAR_ENDOTHELIAL_CELL	comp	-0.005299	0.000321	0.8706		white_fallback
gse175540-GSM5924035_ffpe_c_20	GSE175540	CTRL_B_AXIS	own	-0.00208	2e-05	0.9055	47.5	
gse175540-GSM5924035_ffpe_c_20	GSE175540	CTRL_B_AXIS	comp	-0.001492	-5.2e-05	0.8507	45.1	
gse175540-GSM5924035_ffpe_c_20	GSE175540	CTRL_MYC_V1	own	-0.008107	-0.001007	0.8706	142.9	
gse175540-GSM5924035_ffpe_c_20	GSE175540	CTRL_MYC_V1	comp	-0.004352	0.000247	0.7861	118.7	
gse175540-GSM5924035_ffpe_c_20	GSE175540	CTRL_RANDOM_32	own	-0.010975	-0.000242	0.9851	40.5	
gse175540-GSM5924035_ffpe_c_20	GSE175540	CTRL_RANDOM_32	comp	-0.008802	0.000291	0.9801		white_fallback
gse175540-GSM5924035_ffpe_c_20	GSE175540	HALLMARK_INTERFERON_GAMMA_RESPONSE	own	0.00023	0.000316	0.5224	122.3	
gse175540-GSM5924035_ffpe_c_20	GSE175540	HALLMARK_INTERFERON_GAMMA_RESPONSE	comp	-0.000433	-9.3e-05	0.5622	81.6	
gse175540-GSM5924035_ffpe_c_20	GSE175540	HALLMARK_INTERFERON_ALPHA_RESPONSE	own	-0.000881	-8.5e-05	0.5672	80.4	
gse175540-GSM5924035_ffpe_c_20	GSE175540	HALLMARK_INTERFERON_ALPHA_RESPONSE	comp	-0.001677	0.000966	0.6965	75.0	
gse175540-GSM5924035_ffpe_c_20	GSE175540	HALLMARK_G2M_CHECKPOINT	own	-0.001279	0.000239	0.7711		white_fallback
gse175540-GSM5924035_ffpe_c_20	GSE175540	HALLMARK_G2M_CHECKPOINT	comp	-0.001134	0.000153	0.7463		white_fallback
gse175540-GSM5924035_ffpe_c_20	GSE175540	HALLMARK_EPITHELIAL_MESENCHYMAL_TRANSITION	own	-0.002485	0.000898	0.6517	140.3	
gse175540-GSM5924035_ffpe_c_20	GSE175540	HALLMARK_EPITHELIAL_MESENCHYMAL_TRANSITION	comp	-0.003844	0.001762	0.7811	131.2	
gse175540-GSM5924035_ffpe_c_20	GSE175540	GENE_CXCL13	own	0.000413	-1.4e-05	0.4229		white_fallback
gse175540-GSM5924035_ffpe_c_20	GSE175540	GENE_CXCL13	comp	0.000574	-0.00061	0.3881		white_fallback
gse175540-GSM5924035_ffpe_c_20	GSE175540	GENE_CCL19	own	-0.000847	-0.00043	0.5224	43.6	
gse175540-GSM5924035_ffpe_c_20	GSE175540	GENE_CCL19	comp	0.002055	-0.000394	0.393	42.8	
gse175540-GSM5924035_ffpe_c_20	GSE175540	GENE_CCL21	own	-0.000111	5.5e-05	0.5721		white_fallback
gse175540-GSM5924035_ffpe_c_20	GSE175540	GENE_CCL21	comp	-0.000593	1.3e-05	0.6766		white_fallback
gse175540-GSM5924035_ffpe_c_20	GSE175540	GENE_LTB	own	-0.001511	1.1e-05	0.5771		white_fallback
gse175540-GSM5924035_ffpe_c_20	GSE175540	GENE_LTB	comp	-0.000978	-0.000722	0.5274		white_fallback
gse175540-GSM5924035_ffpe_c_20	GSE175540	GENE_CD74	own	-0.046967	-0.000566	0.8955	75.5	
gse175540-GSM5924035_ffpe_c_20	GSE175540	GENE_CD74	comp	-0.045145	0.001104	0.9502	40.8	
gse175540-GSM5924035_ffpe_c_20	GSE175540	GENE_HLA_DRA	own	0.007544	0.001485	0.4428	115.1	
gse175540-GSM5924035_ffpe_c_20	GSE175540	GENE_HLA_DRA	comp	0.010303	0.00515	0.4527	43.9	
gse175540-GSM5924035_ffpe_c_20	GSE175540	GENE_IFNG	own	-5e-06	3e-06	0.5124		white_fallback
gse175540-GSM5924035_ffpe_c_20	GSE175540	GENE_IFNG	comp	-0.000386	1e-05	0.8109		white_fallback
gse175540-GSM5924035_ffpe_c_20	GSE175540	GENE_CXCL9	own	0.007126	0.000508	0.3881		white_fallback
gse175540-GSM5924035_ffpe_c_20	GSE175540	GENE_CXCL9	comp	0.002105	0.00151	0.4975		white_fallback
gse175540-GSM5924035_ffpe_c_20	GSE175540	GENE_GZMB	own	-0.000101	0.000298	0.5473		white_fallback
gse175540-GSM5924035_ffpe_c_20	GSE175540	GENE_GZMB	comp	-0.000641	0.000311	0.592		white_fallback
gse175540-GSM5924035_ffpe_c_20	GSE175540	GENE_CD8A	own	0.023035	0.001492	0.1144		white_fallback
gse175540-GSM5924035_ffpe_c_20	GSE175540	GENE_CD8A	comp	0.020475	-4.3e-05	0.1095		white_fallback
gse175540-GSM5924035_ffpe_c_20	GSE175540	GENE_MKI67	own	-0.003238	-4e-05	0.8408		white_fallback
gse175540-GSM5924035_ffpe_c_20	GSE175540	GENE_MKI67	comp	-0.003617	6e-06	0.8607		white_fallback
gse175540-GSM5924035_ffpe_c_20	GSE175540	GENE_COL1A1	own	-0.0717	0.002262	0.7264	128.6	
gse175540-GSM5924035_ffpe_c_20	GSE175540	GENE_COL1A1	comp	-0.10401	-0.00315	0.8955	73.9	
gse175540-GSM5924037_ffpe_c_34	GSE175540	GOBP_REGULATION_OF_INTEGRIN_MEDIATED_SIGNALING_PATHWAY	own	0.013698	-4.8e-05	0.1841	124.5	
gse175540-GSM5924037_ffpe_c_34	GSE175540	GOBP_REGULATION_OF_INTEGRIN_MEDIATED_SIGNALING_PATHWAY	comp	0.009273	0.002502	0.2587	77.7	
gse175540-GSM5924037_ffpe_c_34	GSE175540	GOBP_COMPLEMENT_ACTIVATION_CLASSICAL_PATHWAY	own	0.014196	-6.3e-05	0.1493	115.8	
gse175540-GSM5924037_ffpe_c_34	GSE175540	GOBP_COMPLEMENT_ACTIVATION_CLASSICAL_PATHWAY	comp	0.013771	0.000712	0.0945	87.5	
gse175540-GSM5924037_ffpe_c_34	GSE175540	GOBP_PEPTIDE_ANTIGEN_ASSEMBLY_WITH_MHC_PROTEIN_COMPLEX	own	0.001045	0.000566	0.4776	83.2	
gse175540-GSM5924037_ffpe_c_34	GSE175540	GOBP_PEPTIDE_ANTIGEN_ASSEMBLY_WITH_MHC_PROTEIN_COMPLEX	comp	-0.001577	-0.001551	0.5025	76.7	
gse175540-GSM5924037_ffpe_c_34	GSE175540	GOBP_NEGATIVE_REGULATION_OF_REACTIVE_OXYGEN_SPECIES_BIOSYNTHETIC_PROCESS	own	0.013392	0.00042	0.0995	77.4	
gse175540-GSM5924037_ffpe_c_34	GSE175540	GOBP_NEGATIVE_REGULATION_OF_REACTIVE_OXYGEN_SPECIES_BIOSYNTHETIC_PROCESS	comp	0.011404	-0.000341	0.0896	42.0	
gse175540-GSM5924037_ffpe_c_34	GSE175540	GOBP_MRNA_5_SPLICE_SITE_RECOGNITION	own	-0.005335	-0.000805	0.6119		white_fallback
gse175540-GSM5924037_ffpe_c_34	GSE175540	GOBP_MRNA_5_SPLICE_SITE_RECOGNITION	comp	-0.007771	-4.4e-05	0.7164		white_fallback
gse175540-GSM5924037_ffpe_c_34	GSE175540	GOBP_RESPONSE_TO_INTERFERON_ALPHA	own	0.006904	-0.00186	0.2438	78.4	
gse175540-GSM5924037_ffpe_c_34	GSE175540	GOBP_RESPONSE_TO_INTERFERON_ALPHA	comp	0.005393	0.000798	0.3781	75.7	
gse175540-GSM5924037_ffpe_c_34	GSE175540	GOBP_POSITIVE_REGULATION_OF_VASCULAR_ASSOCIATED_SMOOTH_MUSCLE_CELL_MIGRATION	own	0.006255	-0.0006	0.1841	41.4	
gse175540-GSM5924037_ffpe_c_34	GSE175540	GOBP_POSITIVE_REGULATION_OF_VASCULAR_ASSOCIATED_SMOOTH_MUSCLE_CELL_MIGRATION	comp	0.007313	0.000239	0.204		white_fallback
gse175540-GSM5924037_ffpe_c_34	GSE175540	GOBP_NEGATIVE_REGULATION_OF_EXTRACELLULAR_MATRIX_ORGANIZATION	own	0.018802	-0.000309	0.0945	82.3	
gse175540-GSM5924037_ffpe_c_34	GSE175540	GOBP_NEGATIVE_REGULATION_OF_EXTRACELLULAR_MATRIX_ORGANIZATION	comp	0.01602	-0.000265	0.1095	74.1	
gse175540-GSM5924037_ffpe_c_34	GSE175540	GOBP_CELL_FATE_DETERMINATION	own	0.000644	0.000168	0.4378	74.8	
gse175540-GSM5924037_ffpe_c_34	GSE175540	GOBP_CELL_FATE_DETERMINATION	comp	0.000165	-0.000171	0.4478	42.8	
gse175540-GSM5924037_ffpe_c_34	GSE175540	GOBP_HYPERSENSITIVITY	own	0.00477	-3.6e-05	0.3831	80.0	
gse175540-GSM5924037_ffpe_c_34	GSE175540	GOBP_HYPERSENSITIVITY	comp	0.003244	-0.00089	0.3582	76.3	
gse175540-GSM5924037_ffpe_c_34	GSE175540	GOBP_NEGATIVE_REGULATION_OF_BLOOD_VESSEL_ENDOTHELIAL_CELL_PROLIFERATION_INVOLVED_IN_SPROUTING_ANGIOGENESIS	own	0.00821	-0.000576	0.1891	40.7	
gse175540-GSM5924037_ffpe_c_34	GSE175540	GOBP_NEGATIVE_REGULATION_OF_BLOOD_VESSEL_ENDOTHELIAL_CELL_PROLIFERATION_INVOLVED_IN_SPROUTING_ANGIOGENESIS	comp	0.008469	4e-05	0.2239		white_fallback
gse175540-GSM5924037_ffpe_c_34	GSE175540	GOBP_PHYSIOLOGICAL_CARDIAC_MUSCLE_HYPERTROPHY	own	-0.003372	-0.000325	0.7463		white_fallback
gse175540-GSM5924037_ffpe_c_34	GSE175540	GOBP_PHYSIOLOGICAL_CARDIAC_MUSCLE_HYPERTROPHY	comp	-0.003456	-0.000148	0.796		white_fallback
gse175540-GSM5924037_ffpe_c_34	GSE175540	GOBP_INTEGRIN_MEDIATED_SIGNALING_PATHWAY	own	0.010299	-0.000865	0.1045	128.7	
gse175540-GSM5924037_ffpe_c_34	GSE175540	GOBP_INTEGRIN_MEDIATED_SIGNALING_PATHWAY	comp	0.008034	-0.000104	0.0647	84.4	
gse175540-GSM5924037_ffpe_c_34	GSE175540	GOBP_RESPONSE_TO_PROSTAGLANDIN_E	own	0.005657	0.001173	0.2537	74.1	
gse175540-GSM5924037_ffpe_c_34	GSE175540	GOBP_RESPONSE_TO_PROSTAGLANDIN_E	comp	0.004489	-0.000142	0.2289	42.0	
gse175540-GSM5924037_ffpe_c_34	GSE175540	GOBP_CELL_ADHESION_MOLECULE_PRODUCTION	own	-0.003658	-0.000225	0.6567		white_fallback
gse175540-GSM5924037_ffpe_c_34	GSE175540	GOBP_CELL_ADHESION_MOLECULE_PRODUCTION	comp	-0.004526	-0.000623	0.7065		white_fallback
gse175540-GSM5924037_ffpe_c_34	GSE175540	GOBP_POSITIVE_REGULATION_OF_RNA_SPLICING	own	0.004837	0.000993	0.398	82.4	
gse175540-GSM5924037_ffpe_c_34	GSE175540	GOBP_POSITIVE_REGULATION_OF_RNA_SPLICING	comp	0.002559	0.001279	0.4428	76.6	
gse175540-GSM5924037_ffpe_c_34	GSE175540	GOBP_DEFINITIVE_HEMOPOIESIS	own	0.004188	-0.000613	0.2488		white_fallback
gse175540-GSM5924037_ffpe_c_34	GSE175540	GOBP_DEFINITIVE_HEMOPOIESIS	comp	0.003908	3.9e-05	0.2388		white_fallback
gse175540-GSM5924037_ffpe_c_34	GSE175540	GOBP_PROTEIN_DEACETYLATION	own	0.007484	7.9e-05	0.1194	44.0	
gse175540-GSM5924037_ffpe_c_34	GSE175540	GOBP_PROTEIN_DEACETYLATION	comp	0.006627	-0.000251	0.1045		white_fallback
gse175540-GSM5924037_ffpe_c_34	GSE175540	GOBP_CELL_JUNCTION_DISASSEMBLY	own	0.015079	-0.000319	0.0746	121.6	
gse175540-GSM5924037_ffpe_c_34	GSE175540	GOBP_CELL_JUNCTION_DISASSEMBLY	comp	0.01351	0.000999	0.0846	84.8	
gse175540-GSM5924037_ffpe_c_34	GSE175540	GOBP_REGULATION_OF_SYNAPTIC_VESICLE_ENDOCYTOSIS	own	0.010577	-0.000387	0.1493	83.5	
gse175540-GSM5924037_ffpe_c_34	GSE175540	GOBP_REGULATION_OF_SYNAPTIC_VESICLE_ENDOCYTOSIS	comp	0.007921	-0.000595	0.2189	76.4	
gse175540-GSM5924037_ffpe_c_34	GSE175540	GOBP_RESPONSE_TO_NITRIC_OXIDE	own	-0.00083	0.000362	0.5473	41.2	
gse175540-GSM5924037_ffpe_c_34	GSE175540	GOBP_RESPONSE_TO_NITRIC_OXIDE	comp	-0.001541	0.000779	0.592		white_fallback
gse175540-GSM5924037_ffpe_c_34	GSE175540	GOBP_REGULATION_OF_CELL_GROWTH_INVOLVED_IN_CARDIAC_MUSCLE_CELL_DEVELOPMENT	own	-0.00242	0.000683	0.6716		white_fallback
gse175540-GSM5924037_ffpe_c_34	GSE175540	GOBP_REGULATION_OF_CELL_GROWTH_INVOLVED_IN_CARDIAC_MUSCLE_CELL_DEVELOPMENT	comp	-0.002332	-1e-06	0.6866		white_fallback
gse175540-GSM5924037_ffpe_c_34	GSE175540	GOBP_INNERVATION	own	0.00412	-0.000289	0.1244	40.6	
gse175540-GSM5924037_ffpe_c_34	GSE175540	GOBP_INNERVATION	comp	0.003866	-0.000109	0.1741		white_fallback
gse175540-GSM5924037_ffpe_c_34	GSE175540	GOBP_RESPONSE_TO_ETHER	own	0.014871	-0.000156	0.01	40.7	
gse175540-GSM5924037_ffpe_c_34	GSE175540	GOBP_RESPONSE_TO_ETHER	comp	0.013163	-0.000617	0.0199		white_fallback
gse175540-GSM5924037_ffpe_c_34	GSE175540	GOBP_RESCUE_OF_STALLED_RIBOSOME	own	0.016002	0.000222	0.005	42.6	
gse175540-GSM5924037_ffpe_c_34	GSE175540	GOBP_RESCUE_OF_STALLED_RIBOSOME	comp	0.014994	-0.000149	0.005	40.1	
gse175540-GSM5924037_ffpe_c_34	GSE175540	GOBP_NEGATIVE_REGULATION_OF_MUSCLE_HYPERTROPHY	own	-0.000887	-0.001111	0.4776	73.7	
gse175540-GSM5924037_ffpe_c_34	GSE175540	GOBP_NEGATIVE_REGULATION_OF_MUSCLE_HYPERTROPHY	comp	-0.001521	0.000361	0.6269	73.1	
gse175540-GSM5924037_ffpe_c_34	GSE175540	GOBP_NEURON_INTRINSIC_APOPTOTIC_SIGNALING_PATHWAY_IN_RESPONSE_TO_OXIDATIVE_STRESS	own	0.019479	0.000555	0.0746	75.1	
gse175540-GSM5924037_ffpe_c_34	GSE175540	GOBP_NEURON_INTRINSIC_APOPTOTIC_SIGNALING_PATHWAY_IN_RESPONSE_TO_OXIDATIVE_STRESS	comp	0.016631	-0.000592	0.0498	42.8	
gse175540-GSM5924037_ffpe_c_34	GSE175540	GOBP_POSITIVE_REGULATION_OF_T_CELL_MIGRATION	own	0.004818	-0.001094	0.204	78.4	
gse175540-GSM5924037_ffpe_c_34	GSE175540	GOBP_POSITIVE_REGULATION_OF_T_CELL_MIGRATION	comp	0.003632	7.6e-05	0.2736	43.2	
gse175540-GSM5924037_ffpe_c_34	GSE175540	GOBP_POSITIVE_REGULATION_OF_LEUKOCYTE_ADHESION_TO_VASCULAR_ENDOTHELIAL_CELL	own	0.010359	-0.000207	0.0498	43.6	
gse175540-GSM5924037_ffpe_c_34	GSE175540	GOBP_POSITIVE_REGULATION_OF_LEUKOCYTE_ADHESION_TO_VASCULAR_ENDOTHELIAL_CELL	comp	0.00909	-0.000451	0.0796		white_fallback
gse175540-GSM5924037_ffpe_c_34	GSE175540	CTRL_B_AXIS	own	-8e-06	0.00024	0.5373	50.0	
gse175540-GSM5924037_ffpe_c_34	GSE175540	CTRL_B_AXIS	comp	-0.000315	0.00013	0.5423	47.7	
gse175540-GSM5924037_ffpe_c_34	GSE175540	CTRL_MYC_V1	own	0.013436	0.001473	0.1891	145.8	
gse175540-GSM5924037_ffpe_c_34	GSE175540	CTRL_MYC_V1	comp	0.009052	0.00019	0.1493	121.6	
gse175540-GSM5924037_ffpe_c_34	GSE175540	CTRL_RANDOM_32	own	0.00172	0.000283	0.3383		white_fallback
gse175540-GSM5924037_ffpe_c_34	GSE175540	CTRL_RANDOM_32	comp	0.001141	-0.000172	0.403		white_fallback
gse175540-GSM5924037_ffpe_c_34	GSE175540	HALLMARK_INTERFERON_GAMMA_RESPONSE	own	0.00222	-3.6e-05	0.2836	82.7	
gse175540-GSM5924037_ffpe_c_34	GSE175540	HALLMARK_INTERFERON_GAMMA_RESPONSE	comp	0.00155	0.000217	0.398	75.7	
gse175540-GSM5924037_ffpe_c_34	GSE175540	HALLMARK_INTERFERON_ALPHA_RESPONSE	own	-0.005151	0.001028	0.8657	79.4	
gse175540-GSM5924037_ffpe_c_34	GSE175540	HALLMARK_INTERFERON_ALPHA_RESPONSE	comp	-0.005743	-0.000237	0.8806	74.1	
gse175540-GSM5924037_ffpe_c_34	GSE175540	HALLMARK_G2M_CHECKPOINT	own	0.006946	0.000438	0.0697	124.0	
gse175540-GSM5924037_ffpe_c_34	GSE175540	HALLMARK_G2M_CHECKPOINT	comp	0.005662	0.000103	0.0448	74.4	
gse175540-GSM5924037_ffpe_c_34	GSE175540	HALLMARK_EPITHELIAL_MESENCHYMAL_TRANSITION	own	0.020226	-0.001308	0.0299	138.9	
gse175540-GSM5924037_ffpe_c_34	GSE175540	HALLMARK_EPITHELIAL_MESENCHYMAL_TRANSITION	comp	0.017437	-0.001088	0.0348	123.0	
gse175540-GSM5924037_ffpe_c_34	GSE175540	GENE_CXCL13	own	-0.061776	-0.001077	0.99	42.8	
gse175540-GSM5924037_ffpe_c_34	GSE175540	GENE_CXCL13	comp	-0.059992	-0.001522	0.9701	41.6	
gse175540-GSM5924037_ffpe_c_34	GSE175540	GENE_CCL19	own	-0.062132	0.010417	0.8458	43.5	
gse175540-GSM5924037_ffpe_c_34	GSE175540	GENE_CCL19	comp	-0.057128	-0.002717	0.8408	43.0	
gse175540-GSM5924037_ffpe_c_34	GSE175540	GENE_CCL21	own	-0.044173	0.004631	0.9104	44.4	
gse175540-GSM5924037_ffpe_c_34	GSE175540	GENE_CCL21	comp	-0.042979	0.001146	0.9303	43.9	
gse175540-GSM5924037_ffpe_c_34	GSE175540	GENE_LTB	own	-0.045415	0.000203	0.7811	42.6	
gse175540-GSM5924037_ffpe_c_34	GSE175540	GENE_LTB	comp	-0.037476	-0.00807	0.7512	41.3	
gse175540-GSM5924037_ffpe_c_34	GSE175540	GENE_CD74	own	0.019211	-0.001554	0.3234	41.1	
gse175540-GSM5924037_ffpe_c_34	GSE175540	GENE_CD74	comp	0.014588	-0.003205	0.2836		white_fallback
gse175540-GSM5924037_ffpe_c_34	GSE175540	GENE_HLA_DRA	own	0.031535	9.9e-05	0.2438	42.4	
gse175540-GSM5924037_ffpe_c_34	GSE175540	GENE_HLA_DRA	comp	0.023792	0.004687	0.3682		white_fallback
gse175540-GSM5924037_ffpe_c_34	GSE175540	GENE_IFNG	own	0.000889	1.6e-05	0.1741		white_fallback
gse175540-GSM5924037_ffpe_c_34	GSE175540	GENE_IFNG	comp	0.001091	0.000235	0.2239		white_fallback
gse175540-GSM5924037_ffpe_c_34	GSE175540	GENE_CXCL9	own	0.057944	0.001133	0.005	47.7	
gse175540-GSM5924037_ffpe_c_34	GSE175540	GENE_CXCL9	comp	0.05855	0.00207	0.005	47.4	
gse175540-GSM5924037_ffpe_c_34	GSE175540	GENE_GZMB	own	0.011832	0.000117	0.0995		white_fallback
gse175540-GSM5924037_ffpe_c_34	GSE175540	GENE_GZMB	comp	0.011669	0.000119	0.1095		white_fallback
gse175540-GSM5924037_ffpe_c_34	GSE175540	GENE_CD8A	own	0.006654	-0.002654	0.3831		white_fallback
gse175540-GSM5924037_ffpe_c_34	GSE175540	GENE_CD8A	comp	0.009239	0.004753	0.4428		white_fallback
gse175540-GSM5924037_ffpe_c_34	GSE175540	GENE_MKI67	own	0.00019	0.000189	0.5025		white_fallback
gse175540-GSM5924037_ffpe_c_34	GSE175540	GENE_MKI67	comp	-0.000146	0.000606	0.6269		white_fallback
gse175540-GSM5924037_ffpe_c_34	GSE175540	GENE_COL1A1	own	0.097353	-0.000799	0.0498	79.0	
gse175540-GSM5924037_ffpe_c_34	GSE175540	GENE_COL1A1	comp	0.092559	-0.003488	0.0448	74.4	
gse175540-GSM5924038_ffpe_c_36	GSE175540	GOBP_REGULATION_OF_INTEGRIN_MEDIATED_SIGNALING_PATHWAY	own	0.010143	-0.000776	0.1393	77.4	
gse175540-GSM5924038_ffpe_c_36	GSE175540	GOBP_REGULATION_OF_INTEGRIN_MEDIATED_SIGNALING_PATHWAY	comp	0.004035	-0.001265	0.2985	75.8	
gse175540-GSM5924038_ffpe_c_36	GSE175540	GOBP_COMPLEMENT_ACTIVATION_CLASSICAL_PATHWAY	own	0.004784	-0.000628	0.2289	77.4	
gse175540-GSM5924038_ffpe_c_36	GSE175540	GOBP_COMPLEMENT_ACTIVATION_CLASSICAL_PATHWAY	comp	0.003682	0.000147	0.2239	46.6	
gse175540-GSM5924038_ffpe_c_36	GSE175540	GOBP_PEPTIDE_ANTIGEN_ASSEMBLY_WITH_MHC_PROTEIN_COMPLEX	own	0.007477	0.001508	0.2587	81.7	
gse175540-GSM5924038_ffpe_c_36	GSE175540	GOBP_PEPTIDE_ANTIGEN_ASSEMBLY_WITH_MHC_PROTEIN_COMPLEX	comp	0.005807	-0.000596	0.1741	78.7	
gse175540-GSM5924038_ffpe_c_36	GSE175540	GOBP_NEGATIVE_REGULATION_OF_REACTIVE_OXYGEN_SPECIES_BIOSYNTHETIC_PROCESS	own	0.006728	0.000951	0.1393		white_fallback
gse175540-GSM5924038_ffpe_c_36	GSE175540	GOBP_NEGATIVE_REGULATION_OF_REACTIVE_OXYGEN_SPECIES_BIOSYNTHETIC_PROCESS	comp	0.006335	5.1e-05	0.1443		white_fallback
gse175540-GSM5924038_ffpe_c_36	GSE175540	GOBP_MRNA_5_SPLICE_SITE_RECOGNITION	own	-0.001938	0.000511	0.597		white_fallback
gse175540-GSM5924038_ffpe_c_36	GSE175540	GOBP_MRNA_5_SPLICE_SITE_RECOGNITION	comp	0.00137	0.000852	0.4726		white_fallback
gse175540-GSM5924038_ffpe_c_36	GSE175540	GOBP_RESPONSE_TO_INTERFERON_ALPHA	own	-0.005103	7.3e-05	0.7114	73.7	
gse175540-GSM5924038_ffpe_c_36	GSE175540	GOBP_RESPONSE_TO_INTERFERON_ALPHA	comp	-0.003076	0.000155	0.7214	42.9	
gse175540-GSM5924038_ffpe_c_36	GSE175540	GOBP_POSITIVE_REGULATION_OF_VASCULAR_ASSOCIATED_SMOOTH_MUSCLE_CELL_MIGRATION	own	0.002961	-0.000788	0.3085		white_fallback
gse175540-GSM5924038_ffpe_c_36	GSE175540	GOBP_POSITIVE_REGULATION_OF_VASCULAR_ASSOCIATED_SMOOTH_MUSCLE_CELL_MIGRATION	comp	0.000894	-0.000207	0.4428		white_fallback
gse175540-GSM5924038_ffpe_c_36	GSE175540	GOBP_NEGATIVE_REGULATION_OF_EXTRACELLULAR_MATRIX_ORGANIZATION	own	0.01463	-6.3e-05	0.0547	45.2	
gse175540-GSM5924038_ffpe_c_36	GSE175540	GOBP_NEGATIVE_REGULATION_OF_EXTRACELLULAR_MATRIX_ORGANIZATION	comp	0.007101	-0.00104	0.1642		white_fallback
gse175540-GSM5924038_ffpe_c_36	GSE175540	GOBP_CELL_FATE_DETERMINATION	own	0.000854	-6.1e-05	0.3582		white_fallback
gse175540-GSM5924038_ffpe_c_36	GSE175540	GOBP_CELL_FATE_DETERMINATION	comp	-0.000901	-0.000452	0.592		white_fallback
gse175540-GSM5924038_ffpe_c_36	GSE175540	GOBP_HYPERSENSITIVITY	own	0.003347	-0.001176	0.2886	77.9	
gse175540-GSM5924038_ffpe_c_36	GSE175540	GOBP_HYPERSENSITIVITY	comp	0.003619	-0.000243	0.3035	75.5	
gse175540-GSM5924038_ffpe_c_36	GSE175540	GOBP_NEGATIVE_REGULATION_OF_BLOOD_VESSEL_ENDOTHELIAL_CELL_PROLIFERATION_INVOLVED_IN_SPROUTING_ANGIOGENESIS	own	0.013017	0.000924	0.199	122.0	
gse175540-GSM5924038_ffpe_c_36	GSE175540	GOBP_NEGATIVE_REGULATION_OF_BLOOD_VESSEL_ENDOTHELIAL_CELL_PROLIFERATION_INVOLVED_IN_SPROUTING_ANGIOGENESIS	comp	0.000997	-0.001254	0.4279	73.8	
gse175540-GSM5924038_ffpe_c_36	GSE175540	GOBP_PHYSIOLOGICAL_CARDIAC_MUSCLE_HYPERTROPHY	own	0.001702	0.000312	0.3134	40.4	
gse175540-GSM5924038_ffpe_c_36	GSE175540	GOBP_PHYSIOLOGICAL_CARDIAC_MUSCLE_HYPERTROPHY	comp	-0.001256	3.4e-05	0.6766		white_fallback
gse175540-GSM5924038_ffpe_c_36	GSE175540	GOBP_INTEGRIN_MEDIATED_SIGNALING_PATHWAY	own	0.004229	8.8e-05	0.2488	118.5	
gse175540-GSM5924038_ffpe_c_36	GSE175540	GOBP_INTEGRIN_MEDIATED_SIGNALING_PATHWAY	comp	-0.000118	0.00032	0.5373	77.1	
gse175540-GSM5924038_ffpe_c_36	GSE175540	GOBP_RESPONSE_TO_PROSTAGLANDIN_E	own	-0.00064	0.000217	0.602	42.1	
gse175540-GSM5924038_ffpe_c_36	GSE175540	GOBP_RESPONSE_TO_PROSTAGLANDIN_E	comp	-0.00253	-0.000204	0.7413		white_fallback
gse175540-GSM5924038_ffpe_c_36	GSE175540	GOBP_CELL_ADHESION_MOLECULE_PRODUCTION	own	0.00364	0.000331	0.2189		white_fallback
gse175540-GSM5924038_ffpe_c_36	GSE175540	GOBP_CELL_ADHESION_MOLECULE_PRODUCTION	comp	0.002684	0.000346	0.2587		white_fallback
gse175540-GSM5924038_ffpe_c_36	GSE175540	GOBP_POSITIVE_REGULATION_OF_RNA_SPLICING	own	-0.000251	-0.000446	0.4975	42.0	
gse175540-GSM5924038_ffpe_c_36	GSE175540	GOBP_POSITIVE_REGULATION_OF_RNA_SPLICING	comp	-7.9e-05	0.000741	0.5622	41.3	
gse175540-GSM5924038_ffpe_c_36	GSE175540	GOBP_DEFINITIVE_HEMOPOIESIS	own	-0.004085	-0.000168	0.8259		white_fallback
gse175540-GSM5924038_ffpe_c_36	GSE175540	GOBP_DEFINITIVE_HEMOPOIESIS	comp	-0.004056	0.000662	0.8607		white_fallback
gse175540-GSM5924038_ffpe_c_36	GSE175540	GOBP_PROTEIN_DEACETYLATION	own	0.005136	-7.7e-05	0.0896		white_fallback
gse175540-GSM5924038_ffpe_c_36	GSE175540	GOBP_PROTEIN_DEACETYLATION	comp	0.003297	0.000326	0.2289		white_fallback
gse175540-GSM5924038_ffpe_c_36	GSE175540	GOBP_CELL_JUNCTION_DISASSEMBLY	own	0.005038	0.00052	0.2587	112.3	
gse175540-GSM5924038_ffpe_c_36	GSE175540	GOBP_CELL_JUNCTION_DISASSEMBLY	comp	0.004622	2.9e-05	0.2637	110.7	
gse175540-GSM5924038_ffpe_c_36	GSE175540	GOBP_REGULATION_OF_SYNAPTIC_VESICLE_ENDOCYTOSIS	own	0.001729	-0.000145	0.3682	74.3	
gse175540-GSM5924038_ffpe_c_36	GSE175540	GOBP_REGULATION_OF_SYNAPTIC_VESICLE_ENDOCYTOSIS	comp	0.001821	0.000628	0.4279	73.5	
gse175540-GSM5924038_ffpe_c_36	GSE175540	GOBP_RESPONSE_TO_NITRIC_OXIDE	own	0.001341	-0.000245	0.393		white_fallback
gse175540-GSM5924038_ffpe_c_36	GSE175540	GOBP_RESPONSE_TO_NITRIC_OXIDE	comp	0.002535	-0.000329	0.2488		white_fallback
gse175540-GSM5924038_ffpe_c_36	GSE175540	GOBP_REGULATION_OF_CELL_GROWTH_INVOLVED_IN_CARDIAC_MUSCLE_CELL_DEVELOPMENT	own	-0.000439	0.000123	0.5771		white_fallback
gse175540-GSM5924038_ffpe_c_36	GSE175540	GOBP_REGULATION_OF_CELL_GROWTH_INVOLVED_IN_CARDIAC_MUSCLE_CELL_DEVELOPMENT	comp	-0.002148	0.00021	0.7662		white_fallback
gse175540-GSM5924038_ffpe_c_36	GSE175540	GOBP_INNERVATION	own	0.003956	0.000184	0.1791		white_fallback
gse175540-GSM5924038_ffpe_c_36	GSE175540	GOBP_INNERVATION	comp	0.000652	-0.00039	0.3881		white_fallback
gse175540-GSM5924038_ffpe_c_36	GSE175540	GOBP_RESPONSE_TO_ETHER	own	-0.004911	-0.000137	0.9353		white_fallback
gse175540-GSM5924038_ffpe_c_36	GSE175540	GOBP_RESPONSE_TO_ETHER	comp	-0.005121	0.000118	0.9403		white_fallback
gse175540-GSM5924038_ffpe_c_36	GSE175540	GOBP_RESCUE_OF_STALLED_RIBOSOME	own	-0.003659	0.000343	0.8756		white_fallback
gse175540-GSM5924038_ffpe_c_36	GSE175540	GOBP_RESCUE_OF_STALLED_RIBOSOME	comp	-0.002276	2.9e-05	0.791		white_fallback
gse175540-GSM5924038_ffpe_c_36	GSE175540	GOBP_NEGATIVE_REGULATION_OF_MUSCLE_HYPERTROPHY	own	0.00323	-0.000281	0.1542		white_fallback
gse175540-GSM5924038_ffpe_c_36	GSE175540	GOBP_NEGATIVE_REGULATION_OF_MUSCLE_HYPERTROPHY	comp	0.000794	-7.2e-05	0.3831		white_fallback
gse175540-GSM5924038_ffpe_c_36	GSE175540	GOBP_NEURON_INTRINSIC_APOPTOTIC_SIGNALING_PATHWAY_IN_RESPONSE_TO_OXIDATIVE_STRESS	own	0.011648	5.9e-05	0.0299		white_fallback
gse175540-GSM5924038_ffpe_c_36	GSE175540	GOBP_NEURON_INTRINSIC_APOPTOTIC_SIGNALING_PATHWAY_IN_RESPONSE_TO_OXIDATIVE_STRESS	comp	0.007699	-0.000437	0.1045		white_fallback
gse175540-GSM5924038_ffpe_c_36	GSE175540	GOBP_POSITIVE_REGULATION_OF_T_CELL_MIGRATION	own	-0.00174	0.000306	0.7015		white_fallback
gse175540-GSM5924038_ffpe_c_36	GSE175540	GOBP_POSITIVE_REGULATION_OF_T_CELL_MIGRATION	comp	-0.001072	0.000103	0.7065		white_fallback
gse175540-GSM5924038_ffpe_c_36	GSE175540	GOBP_POSITIVE_REGULATION_OF_LEUKOCYTE_ADHESION_TO_VASCULAR_ENDOTHELIAL_CELL	own	0.004314	-0.000234	0.1244	41.3	
gse175540-GSM5924038_ffpe_c_36	GSE175540	GOBP_POSITIVE_REGULATION_OF_LEUKOCYTE_ADHESION_TO_VASCULAR_ENDOTHELIAL_CELL	comp	0.002718	0.000676	0.2438		white_fallback
gse175540-GSM5924038_ffpe_c_36	GSE175540	CTRL_B_AXIS	own	-0.006148	-7.1e-05	0.9851	81.6	
gse175540-GSM5924038_ffpe_c_36	GSE175540	CTRL_B_AXIS	comp	-0.004436	0.000306	0.9602	78.2	
gse175540-GSM5924038_ffpe_c_36	GSE175540	CTRL_MYC_V1	own	-0.006911	0.00017	0.8905	117.8	
gse175540-GSM5924038_ffpe_c_36	GSE175540	CTRL_MYC_V1	comp	-0.003539	-0.000337	0.7363	116.7	
gse175540-GSM5924038_ffpe_c_36	GSE175540	CTRL_RANDOM_32	own	0.003549	-4e-06	0.1095		white_fallback
gse175540-GSM5924038_ffpe_c_36	GSE175540	CTRL_RANDOM_32	comp	0.003122	-3.9e-05	0.1194		white_fallback
gse175540-GSM5924038_ffpe_c_36	GSE175540	HALLMARK_INTERFERON_GAMMA_RESPONSE	own	0.002204	0.000215	0.3532	116.0	
gse175540-GSM5924038_ffpe_c_36	GSE175540	HALLMARK_INTERFERON_GAMMA_RESPONSE	comp	0.002997	-0.000187	0.1642	87.5	
gse175540-GSM5924038_ffpe_c_36	GSE175540	HALLMARK_INTERFERON_ALPHA_RESPONSE	own	-0.000461	0.000247	0.5821	88.1	
gse175540-GSM5924038_ffpe_c_36	GSE175540	HALLMARK_INTERFERON_ALPHA_RESPONSE	comp	0.000102	-0.000341	0.4627	86.3	
gse175540-GSM5924038_ffpe_c_36	GSE175540	HALLMARK_G2M_CHECKPOINT	own	-0.001763	-8.2e-05	0.9005		white_fallback
gse175540-GSM5924038_ffpe_c_36	GSE175540	HALLMARK_G2M_CHECKPOINT	comp	-0.000825	-0.000106	0.6866		white_fallback
gse175540-GSM5924038_ffpe_c_36	GSE175540	HALLMARK_EPITHELIAL_MESENCHYMAL_TRANSITION	own	0.010322	0.000652	0.0995	132.6	
gse175540-GSM5924038_ffpe_c_36	GSE175540	HALLMARK_EPITHELIAL_MESENCHYMAL_TRANSITION	comp	0.000201	-9.6e-05	0.4925	127.1	
gse175540-GSM5924038_ffpe_c_36	GSE175540	GENE_CXCL13	own	0.066675	0.00236	0.005	47.4	
gse175540-GSM5924038_ffpe_c_36	GSE175540	GENE_CXCL13	comp	0.073825	-0.001881	0.005	45.7	
gse175540-GSM5924038_ffpe_c_36	GSE175540	GENE_CCL19	own	-0.008658	-0.002854	0.5771	81.2	
gse175540-GSM5924038_ffpe_c_36	GSE175540	GENE_CCL19	comp	-0.012682	-0.001675	0.6318	79.9	
gse175540-GSM5924038_ffpe_c_36	GSE175540	GENE_CCL21	own	-0.003284	0.000863	0.5423	42.1	
gse175540-GSM5924038_ffpe_c_36	GSE175540	GENE_CCL21	comp	-0.012466	0.000357	0.7114	41.3	
gse175540-GSM5924038_ffpe_c_36	GSE175540	GENE_LTB	own	-0.028478	-0.001508	0.9751		white_fallback
gse175540-GSM5924038_ffpe_c_36	GSE175540	GENE_LTB	comp	-0.026716	-0.000703	0.9801		white_fallback
gse175540-GSM5924038_ffpe_c_36	GSE175540	GENE_CD74	own	-0.00174	-0.001927	0.4975	77.2	
gse175540-GSM5924038_ffpe_c_36	GSE175540	GENE_CD74	comp	-0.001544	-0.000827	0.5124	76.5	
gse175540-GSM5924038_ffpe_c_36	GSE175540	GENE_HLA_DRA	own	0.011615	-0.002905	0.3831	76.0	
gse175540-GSM5924038_ffpe_c_36	GSE175540	GENE_HLA_DRA	comp	0.006636	0.002151	0.4527	74.5	
gse175540-GSM5924038_ffpe_c_36	GSE175540	GENE_IFNG	own	0.000171	-1.5e-05	0.1841		white_fallback
gse175540-GSM5924038_ffpe_c_36	GSE175540	GENE_IFNG	comp	-1.6e-05	-1e-05	0.5124		white_fallback
gse175540-GSM5924038_ffpe_c_36	GSE175540	GENE_CXCL9	own	0.030692	0.005488	0.3582	85.0	
gse175540-GSM5924038_ffpe_c_36	GSE175540	GENE_CXCL9	comp	0.037923	0.001275	0.194	83.6	
gse175540-GSM5924038_ffpe_c_36	GSE175540	GENE_GZMB	own	0.02544	-0.001455	0.0498		white_fallback
gse175540-GSM5924038_ffpe_c_36	GSE175540	GENE_GZMB	comp	0.024497	0.000926	0.0348		white_fallback
gse175540-GSM5924038_ffpe_c_36	GSE175540	GENE_CD8A	own	-0.002695	-2.8e-05	0.7413		white_fallback
gse175540-GSM5924038_ffpe_c_36	GSE175540	GENE_CD8A	comp	-0.002604	-0.000302	0.7114		white_fallback
gse175540-GSM5924038_ffpe_c_36	GSE175540	GENE_MKI67	own	0.000654	-0.000165	0.204		white_fallback
gse175540-GSM5924038_ffpe_c_36	GSE175540	GENE_MKI67	comp	0.000682	-7.6e-05	0.2388		white_fallback
gse175540-GSM5924038_ffpe_c_36	GSE175540	GENE_COL1A1	own	0.006085	0.000408	0.0647		white_fallback
gse175540-GSM5924038_ffpe_c_36	GSE175540	GENE_COL1A1	comp	0.002841	5e-06	0.1443		white_fallback
gse175540-GSM5924041_ffpe_c_51	GSE175540	GOBP_REGULATION_OF_INTEGRIN_MEDIATED_SIGNALING_PATHWAY	own	0.000759	-0.00063	0.4129	44.4	
gse175540-GSM5924041_ffpe_c_51	GSE175540	GOBP_REGULATION_OF_INTEGRIN_MEDIATED_SIGNALING_PATHWAY	comp	-0.003643	-0.000469	0.7662		white_fallback
gse175540-GSM5924041_ffpe_c_51	GSE175540	GOBP_COMPLEMENT_ACTIVATION_CLASSICAL_PATHWAY	own	0.009166	0.000985	0.1194	115.3	
gse175540-GSM5924041_ffpe_c_51	GSE175540	GOBP_COMPLEMENT_ACTIVATION_CLASSICAL_PATHWAY	comp	0.009553	9.8e-05	0.0945	111.9	
gse175540-GSM5924041_ffpe_c_51	GSE175540	GOBP_PEPTIDE_ANTIGEN_ASSEMBLY_WITH_MHC_PROTEIN_COMPLEX	own	0.009737	0.00042	0.209	120.9	
gse175540-GSM5924041_ffpe_c_51	GSE175540	GOBP_PEPTIDE_ANTIGEN_ASSEMBLY_WITH_MHC_PROTEIN_COMPLEX	comp	0.016805	-0.001155	0.01	76.2	
gse175540-GSM5924041_ffpe_c_51	GSE175540	GOBP_NEGATIVE_REGULATION_OF_REACTIVE_OXYGEN_SPECIES_BIOSYNTHETIC_PROCESS	own	0.002726	0.000454	0.3682		white_fallback
gse175540-GSM5924041_ffpe_c_51	GSE175540	GOBP_NEGATIVE_REGULATION_OF_REACTIVE_OXYGEN_SPECIES_BIOSYNTHETIC_PROCESS	comp	0.001641	0.000438	0.403		white_fallback
gse175540-GSM5924041_ffpe_c_51	GSE175540	GOBP_MRNA_5_SPLICE_SITE_RECOGNITION	own	-0.007581	0.000715	0.8657		white_fallback
gse175540-GSM5924041_ffpe_c_51	GSE175540	GOBP_MRNA_5_SPLICE_SITE_RECOGNITION	comp	-0.007432	0.000449	0.8657		white_fallback
gse175540-GSM5924041_ffpe_c_51	GSE175540	GOBP_RESPONSE_TO_INTERFERON_ALPHA	own	-0.013646	-0.000862	0.9204	122.3	
gse175540-GSM5924041_ffpe_c_51	GSE175540	GOBP_RESPONSE_TO_INTERFERON_ALPHA	comp	-0.009783	-3e-05	0.9104	111.9	
gse175540-GSM5924041_ffpe_c_51	GSE175540	GOBP_POSITIVE_REGULATION_OF_VASCULAR_ASSOCIATED_SMOOTH_MUSCLE_CELL_MIGRATION	own	0.003863	7.1e-05	0.2189	40.7	
gse175540-GSM5924041_ffpe_c_51	GSE175540	GOBP_POSITIVE_REGULATION_OF_VASCULAR_ASSOCIATED_SMOOTH_MUSCLE_CELL_MIGRATION	comp	-0.000918	-0.000371	0.5373		white_fallback
gse175540-GSM5924041_ffpe_c_51	GSE175540	GOBP_NEGATIVE_REGULATION_OF_EXTRACELLULAR_MATRIX_ORGANIZATION	own	0.016221	-0.000622	0.0299	73.6	
gse175540-GSM5924041_ffpe_c_51	GSE175540	GOBP_NEGATIVE_REGULATION_OF_EXTRACELLULAR_MATRIX_ORGANIZATION	comp	0.00963	-0.000552	0.0448		white_fallback
gse175540-GSM5924041_ffpe_c_51	GSE175540	GOBP_CELL_FATE_DETERMINATION	own	0.000375	-0.000209	0.3781		white_fallback
gse175540-GSM5924041_ffpe_c_51	GSE175540	GOBP_CELL_FATE_DETERMINATION	comp	-0.000686	-0.000273	0.6169		white_fallback
gse175540-GSM5924041_ffpe_c_51	GSE175540	GOBP_HYPERSENSITIVITY	own	0.006308	0.000217	0.1095	41.3	
gse175540-GSM5924041_ffpe_c_51	GSE175540	GOBP_HYPERSENSITIVITY	comp	0.007725	-0.000465	0.0299		white_fallback
gse175540-GSM5924041_ffpe_c_51	GSE175540	GOBP_NEGATIVE_REGULATION_OF_BLOOD_VESSEL_ENDOTHELIAL_CELL_PROLIFERATION_INVOLVED_IN_SPROUTING_ANGIOGENESIS	own	0.018629	-0.000229	0.0299	77.8	
gse175540-GSM5924041_ffpe_c_51	GSE175540	GOBP_NEGATIVE_REGULATION_OF_BLOOD_VESSEL_ENDOTHELIAL_CELL_PROLIFERATION_INVOLVED_IN_SPROUTING_ANGIOGENESIS	comp	0.007342	-0.001424	0.1393	40.9	
gse175540-GSM5924041_ffpe_c_51	GSE175540	GOBP_PHYSIOLOGICAL_CARDIAC_MUSCLE_HYPERTROPHY	own	-0.000934	-0.000424	0.592		white_fallback
gse175540-GSM5924041_ffpe_c_51	GSE175540	GOBP_PHYSIOLOGICAL_CARDIAC_MUSCLE_HYPERTROPHY	comp	-0.00298	-0.000318	0.9055		white_fallback
gse175540-GSM5924041_ffpe_c_51	GSE175540	GOBP_INTEGRIN_MEDIATED_SIGNALING_PATHWAY	own	-0.000803	0.000204	0.6269	75.5	
gse175540-GSM5924041_ffpe_c_51	GSE175540	GOBP_INTEGRIN_MEDIATED_SIGNALING_PATHWAY	comp	-0.003283	-0.000282	0.8706	73.7	
gse175540-GSM5924041_ffpe_c_51	GSE175540	GOBP_RESPONSE_TO_PROSTAGLANDIN_E	own	0.000896	-0.000285	0.3184		white_fallback
gse175540-GSM5924041_ffpe_c_51	GSE175540	GOBP_RESPONSE_TO_PROSTAGLANDIN_E	comp	0.000903	-2.6e-05	0.3632		white_fallback
gse175540-GSM5924041_ffpe_c_51	GSE175540	GOBP_CELL_ADHESION_MOLECULE_PRODUCTION	own	-0.008	0.000135	0.9154		white_fallback
gse175540-GSM5924041_ffpe_c_51	GSE175540	GOBP_CELL_ADHESION_MOLECULE_PRODUCTION	comp	-0.005448	-0.000226	0.791		white_fallback
gse175540-GSM5924041_ffpe_c_51	GSE175540	GOBP_POSITIVE_REGULATION_OF_RNA_SPLICING	own	-0.005698	-0.000318	0.801	115.2	
gse175540-GSM5924041_ffpe_c_51	GSE175540	GOBP_POSITIVE_REGULATION_OF_RNA_SPLICING	comp	-0.003735	0.001271	0.8259	77.4	
gse175540-GSM5924041_ffpe_c_51	GSE175540	GOBP_DEFINITIVE_HEMOPOIESIS	own	0.000677	-0.00066	0.4328	73.8	
gse175540-GSM5924041_ffpe_c_51	GSE175540	GOBP_DEFINITIVE_HEMOPOIESIS	comp	0.000221	-0.000162	0.4428	42.1	
gse175540-GSM5924041_ffpe_c_51	GSE175540	GOBP_PROTEIN_DEACETYLATION	own	-4.7e-05	-3.5e-05	0.5025		white_fallback
gse175540-GSM5924041_ffpe_c_51	GSE175540	GOBP_PROTEIN_DEACETYLATION	comp	-0.00092	-0.000522	0.5672		white_fallback
gse175540-GSM5924041_ffpe_c_51	GSE175540	GOBP_CELL_JUNCTION_DISASSEMBLY	own	-0.001011	-0.000264	0.5373	116.8	
gse175540-GSM5924041_ffpe_c_51	GSE175540	GOBP_CELL_JUNCTION_DISASSEMBLY	comp	0.003364	0.000696	0.2488	74.5	
gse175540-GSM5924041_ffpe_c_51	GSE175540	GOBP_REGULATION_OF_SYNAPTIC_VESICLE_ENDOCYTOSIS	own	-0.007105	-0.000105	0.8756	41.2	
gse175540-GSM5924041_ffpe_c_51	GSE175540	GOBP_REGULATION_OF_SYNAPTIC_VESICLE_ENDOCYTOSIS	comp	-0.008034	-0.000273	0.9353		white_fallback
gse175540-GSM5924041_ffpe_c_51	GSE175540	GOBP_RESPONSE_TO_NITRIC_OXIDE	own	0.005524	-0.000187	0.0796		white_fallback
gse175540-GSM5924041_ffpe_c_51	GSE175540	GOBP_RESPONSE_TO_NITRIC_OXIDE	comp	0.004517	-0.000133	0.1045		white_fallback
gse175540-GSM5924041_ffpe_c_51	GSE175540	GOBP_REGULATION_OF_CELL_GROWTH_INVOLVED_IN_CARDIAC_MUSCLE_CELL_DEVELOPMENT	own	-0.003242	-0.000257	0.8806		white_fallback
gse175540-GSM5924041_ffpe_c_51	GSE175540	GOBP_REGULATION_OF_CELL_GROWTH_INVOLVED_IN_CARDIAC_MUSCLE_CELL_DEVELOPMENT	comp	-0.004525	-0.000688	0.9353		white_fallback
gse175540-GSM5924041_ffpe_c_51	GSE175540	GOBP_INNERVATION	own	0.007618	-0.001011	0.0846	113.7	
gse175540-GSM5924041_ffpe_c_51	GSE175540	GOBP_INNERVATION	comp	0.004125	0.000127	0.1244	73.1	
gse175540-GSM5924041_ffpe_c_51	GSE175540	GOBP_RESPONSE_TO_ETHER	own	0.000897	-5.9e-05	0.398		white_fallback
gse175540-GSM5924041_ffpe_c_51	GSE175540	GOBP_RESPONSE_TO_ETHER	comp	0.000514	5.9e-05	0.4428		white_fallback
gse175540-GSM5924041_ffpe_c_51	GSE175540	GOBP_RESCUE_OF_STALLED_RIBOSOME	own	-0.002206	-0.00033	0.7612		white_fallback
gse175540-GSM5924041_ffpe_c_51	GSE175540	GOBP_RESCUE_OF_STALLED_RIBOSOME	comp	-0.002502	-0.000442	0.806		white_fallback
gse175540-GSM5924041_ffpe_c_51	GSE175540	GOBP_NEGATIVE_REGULATION_OF_MUSCLE_HYPERTROPHY	own	0.002091	-0.000351	0.2239	43.5	
gse175540-GSM5924041_ffpe_c_51	GSE175540	GOBP_NEGATIVE_REGULATION_OF_MUSCLE_HYPERTROPHY	comp	0.000582	-0.000104	0.3881	42.1	
gse175540-GSM5924041_ffpe_c_51	GSE175540	GOBP_NEURON_INTRINSIC_APOPTOTIC_SIGNALING_PATHWAY_IN_RESPONSE_TO_OXIDATIVE_STRESS	own	0.00207	0.000482	0.403		white_fallback
gse175540-GSM5924041_ffpe_c_51	GSE175540	GOBP_NEURON_INTRINSIC_APOPTOTIC_SIGNALING_PATHWAY_IN_RESPONSE_TO_OXIDATIVE_STRESS	comp	-0.00078	0.000444	0.5871		white_fallback
gse175540-GSM5924041_ffpe_c_51	GSE175540	GOBP_POSITIVE_REGULATION_OF_T_CELL_MIGRATION	own	0.001559	0.000174	0.3483	42.1	
gse175540-GSM5924041_ffpe_c_51	GSE175540	GOBP_POSITIVE_REGULATION_OF_T_CELL_MIGRATION	comp	0.003627	-2.7e-05	0.1841	40.8	
gse175540-GSM5924041_ffpe_c_51	GSE175540	GOBP_POSITIVE_REGULATION_OF_LEUKOCYTE_ADHESION_TO_VASCULAR_ENDOTHELIAL_CELL	own	0.004712	0.000822	0.0796		white_fallback
gse175540-GSM5924041_ffpe_c_51	GSE175540	GOBP_POSITIVE_REGULATION_OF_LEUKOCYTE_ADHESION_TO_VASCULAR_ENDOTHELIAL_CELL	comp	0.003089	-9.5e-05	0.1642		white_fallback
gse175540-GSM5924041_ffpe_c_51	GSE175540	CTRL_B_AXIS	own	0.001357	0.000132	0.3234	124.5	
gse175540-GSM5924041_ffpe_c_51	GSE175540	CTRL_B_AXIS	comp	-0.000463	-0.00017	0.5821	85.2	
gse175540-GSM5924041_ffpe_c_51	GSE175540	CTRL_MYC_V1	own	-0.005955	-6.1e-05	0.9353	125.1	
gse175540-GSM5924041_ffpe_c_51	GSE175540	CTRL_MYC_V1	comp	-0.0042	0.000236	0.8408	116.3	
gse175540-GSM5924041_ffpe_c_51	GSE175540	CTRL_RANDOM_32	own	-0.002134	-0.000164	0.796		white_fallback
gse175540-GSM5924041_ffpe_c_51	GSE175540	CTRL_RANDOM_32	comp	-0.002819	-0.000292	0.796		white_fallback
gse175540-GSM5924041_ffpe_c_51	GSE175540	HALLMARK_INTERFERON_GAMMA_RESPONSE	own	-0.004092	-0.000415	0.8358	145.6	
gse175540-GSM5924041_ffpe_c_51	GSE175540	HALLMARK_INTERFERON_GAMMA_RESPONSE	comp	-0.000832	0.000289	0.6219	132.3	
gse175540-GSM5924041_ffpe_c_51	GSE175540	HALLMARK_INTERFERON_ALPHA_RESPONSE	own	-0.006254	3.2e-05	0.8756	155.6	
gse175540-GSM5924041_ffpe_c_51	GSE175540	HALLMARK_INTERFERON_ALPHA_RESPONSE	comp	-0.002149	-0.000793	0.6169	140.2	
gse175540-GSM5924041_ffpe_c_51	GSE175540	HALLMARK_G2M_CHECKPOINT	own	-0.001311	7e-05	0.8955	42.3	
gse175540-GSM5924041_ffpe_c_51	GSE175540	HALLMARK_G2M_CHECKPOINT	comp	-0.001417	4.8e-05	0.9353	41.5	
gse175540-GSM5924041_ffpe_c_51	GSE175540	HALLMARK_EPITHELIAL_MESENCHYMAL_TRANSITION	own	0.00449	0.000424	0.2537	86.0	
gse175540-GSM5924041_ffpe_c_51	GSE175540	HALLMARK_EPITHELIAL_MESENCHYMAL_TRANSITION	comp	-0.000258	0.000254	0.5721	82.5	
gse175540-GSM5924041_ffpe_c_51	GSE175540	GENE_CXCL13	own	-0.005898	-0.000662	0.6915	41.7	
gse175540-GSM5924041_ffpe_c_51	GSE175540	GENE_CXCL13	comp	-0.00642	-0.001577	0.6965		white_fallback
gse175540-GSM5924041_ffpe_c_51	GSE175540	GENE_CCL19	own	0.031595	0.00054	0.0149	49.0	
gse175540-GSM5924041_ffpe_c_51	GSE175540	GENE_CCL19	comp	0.025837	0.000752	0.0249	46.8	
gse175540-GSM5924041_ffpe_c_51	GSE175540	GENE_CCL21	own	0.027935	0.000177	0.0249	44.8	
gse175540-GSM5924041_ffpe_c_51	GSE175540	GENE_CCL21	comp	0.026612	-0.000401	0.0199	44.4	
gse175540-GSM5924041_ffpe_c_51	GSE175540	GENE_LTB	own	-0.004349	-4.4e-05	0.7264	41.2	
gse175540-GSM5924041_ffpe_c_51	GSE175540	GENE_LTB	comp	-0.003289	-0.00012	0.6269		white_fallback
gse175540-GSM5924041_ffpe_c_51	GSE175540	GENE_CD74	own	-0.011303	0.000564	0.791		white_fallback
gse175540-GSM5924041_ffpe_c_51	GSE175540	GENE_CD74	comp	-0.006257	4.8e-05	0.6567		white_fallback
gse175540-GSM5924041_ffpe_c_51	GSE175540	GENE_HLA_DRA	own	0.001174	0.002378	0.5124		white_fallback
gse175540-GSM5924041_ffpe_c_51	GSE175540	GENE_HLA_DRA	comp	0.010129	-0.002307	0.3085		white_fallback
gse175540-GSM5924041_ffpe_c_51	GSE175540	GENE_IFNG	own	-2.7e-05	2e-06	0.9552		white_fallback
gse175540-GSM5924041_ffpe_c_51	GSE175540	GENE_IFNG	comp	-6e-06	0.0	0.6269		white_fallback
gse175540-GSM5924041_ffpe_c_51	GSE175540	GENE_CXCL9	own	0.0048	0.000157	0.2687		white_fallback
gse175540-GSM5924041_ffpe_c_51	GSE175540	GENE_CXCL9	comp	0.005376	-0.0	0.194		white_fallback
gse175540-GSM5924041_ffpe_c_51	GSE175540	GENE_GZMB	own	0.005987	-1.2e-05	0.0149		white_fallback
gse175540-GSM5924041_ffpe_c_51	GSE175540	GENE_GZMB	comp	0.005892	-2.6e-05	0.0299		white_fallback
gse175540-GSM5924041_ffpe_c_51	GSE175540	GENE_CD8A	own	0.001828	5.3e-05	0.2886		white_fallback
gse175540-GSM5924041_ffpe_c_51	GSE175540	GENE_CD8A	comp	0.001428	-9.9e-05	0.3234		white_fallback
gse175540-GSM5924041_ffpe_c_51	GSE175540	GENE_MKI67	own	-9.3e-05	3e-06	0.6318		white_fallback
gse175540-GSM5924041_ffpe_c_51	GSE175540	GENE_MKI67	comp	-0.000458	-5.3e-05	0.6965		white_fallback
gse175540-GSM5924041_ffpe_c_51	GSE175540	GENE_COL1A1	own	0.00213	-0.00032	0.403	45.5	
gse175540-GSM5924041_ffpe_c_51	GSE175540	GENE_COL1A1	comp	0.000302	-0.000542	0.4776	43.6	
gse175540-GSM5924046_frozen_b_1	GSE175540	GOBP_REGULATION_OF_INTEGRIN_MEDIATED_SIGNALING_PATHWAY	own	0.012979	6.3e-05	0.1194	83.7	
gse175540-GSM5924046_frozen_b_1	GSE175540	GOBP_REGULATION_OF_INTEGRIN_MEDIATED_SIGNALING_PATHWAY	comp	0.011264	-0.000316	0.0199		white_fallback
gse175540-GSM5924046_frozen_b_1	GSE175540	GOBP_COMPLEMENT_ACTIVATION_CLASSICAL_PATHWAY	own	0.005056	0.000255	0.2935	83.7	
gse175540-GSM5924046_frozen_b_1	GSE175540	GOBP_COMPLEMENT_ACTIVATION_CLASSICAL_PATHWAY	comp	0.003642	0.000471	0.3632	78.8	
gse175540-GSM5924046_frozen_b_1	GSE175540	GOBP_PEPTIDE_ANTIGEN_ASSEMBLY_WITH_MHC_PROTEIN_COMPLEX	own	0.005535	0.002676	0.4428	86.3	
gse175540-GSM5924046_frozen_b_1	GSE175540	GOBP_PEPTIDE_ANTIGEN_ASSEMBLY_WITH_MHC_PROTEIN_COMPLEX	comp	0.001463	0.000568	0.4677	83.2	
gse175540-GSM5924046_frozen_b_1	GSE175540	GOBP_NEGATIVE_REGULATION_OF_REACTIVE_OXYGEN_SPECIES_BIOSYNTHETIC_PROCESS	own	0.013921	0.00182	0.0348	41.7	
gse175540-GSM5924046_frozen_b_1	GSE175540	GOBP_NEGATIVE_REGULATION_OF_REACTIVE_OXYGEN_SPECIES_BIOSYNTHETIC_PROCESS	comp	0.013942	-0.000357	0.0149		white_fallback
gse175540-GSM5924046_frozen_b_1	GSE175540	GOBP_MRNA_5_SPLICE_SITE_RECOGNITION	own	-0.010407	-0.000484	0.8905		white_fallback
gse175540-GSM5924046_frozen_b_1	GSE175540	GOBP_MRNA_5_SPLICE_SITE_RECOGNITION	comp	-0.009679	0.000749	0.8856		white_fallback
gse175540-GSM5924046_frozen_b_1	GSE175540	GOBP_RESPONSE_TO_INTERFERON_ALPHA	own	0.001723	0.000314	0.408	76.1	
gse175540-GSM5924046_frozen_b_1	GSE175540	GOBP_RESPONSE_TO_INTERFERON_ALPHA	comp	-0.00096	-0.000119	0.5721	41.8	
gse175540-GSM5924046_frozen_b_1	GSE175540	GOBP_POSITIVE_REGULATION_OF_VASCULAR_ASSOCIATED_SMOOTH_MUSCLE_CELL_MIGRATION	own	-0.00167	-0.001349	0.5373		white_fallback
gse175540-GSM5924046_frozen_b_1	GSE175540	GOBP_POSITIVE_REGULATION_OF_VASCULAR_ASSOCIATED_SMOOTH_MUSCLE_CELL_MIGRATION	comp	-0.003433	-9.4e-05	0.7264		white_fallback
gse175540-GSM5924046_frozen_b_1	GSE175540	GOBP_NEGATIVE_REGULATION_OF_EXTRACELLULAR_MATRIX_ORGANIZATION	own	0.011637	-0.000346	0.0945	74.2	
gse175540-GSM5924046_frozen_b_1	GSE175540	GOBP_NEGATIVE_REGULATION_OF_EXTRACELLULAR_MATRIX_ORGANIZATION	comp	0.012437	2.7e-05	0.0249	42.7	
gse175540-GSM5924046_frozen_b_1	GSE175540	GOBP_CELL_FATE_DETERMINATION	own	0.005928	-0.000423	0.0199	44.2	
gse175540-GSM5924046_frozen_b_1	GSE175540	GOBP_CELL_FATE_DETERMINATION	comp	0.005748	2.3e-05	0.0249		white_fallback
gse175540-GSM5924046_frozen_b_1	GSE175540	GOBP_HYPERSENSITIVITY	own	-0.003357	0.000574	0.7015	75.8	
gse175540-GSM5924046_frozen_b_1	GSE175540	GOBP_HYPERSENSITIVITY	comp	-0.00388	0.000277	0.7413	45.1	
gse175540-GSM5924046_frozen_b_1	GSE175540	GOBP_NEGATIVE_REGULATION_OF_BLOOD_VESSEL_ENDOTHELIAL_CELL_PROLIFERATION_INVOLVED_IN_SPROUTING_ANGIOGENESIS	own	-0.011535	-0.000295	0.9005	42.6	
gse175540-GSM5924046_frozen_b_1	GSE175540	GOBP_NEGATIVE_REGULATION_OF_BLOOD_VESSEL_ENDOTHELIAL_CELL_PROLIFERATION_INVOLVED_IN_SPROUTING_ANGIOGENESIS	comp	-0.011149	0.000207	0.9154		white_fallback
gse175540-GSM5924046_frozen_b_1	GSE175540	GOBP_PHYSIOLOGICAL_CARDIAC_MUSCLE_HYPERTROPHY	own	-0.002008	7e-06	0.796		white_fallback
gse175540-GSM5924046_frozen_b_1	GSE175540	GOBP_PHYSIOLOGICAL_CARDIAC_MUSCLE_HYPERTROPHY	comp	-0.001243	-0.000101	0.6418		white_fallback
gse175540-GSM5924046_frozen_b_1	GSE175540	GOBP_INTEGRIN_MEDIATED_SIGNALING_PATHWAY	own	0.006234	1.5e-05	0.199	100.4	
gse175540-GSM5924046_frozen_b_1	GSE175540	GOBP_INTEGRIN_MEDIATED_SIGNALING_PATHWAY	comp	0.004255	-0.000435	0.1343	77.9	
gse175540-GSM5924046_frozen_b_1	GSE175540	GOBP_RESPONSE_TO_PROSTAGLANDIN_E	own	-0.000983	1.5e-05	0.6418		white_fallback
gse175540-GSM5924046_frozen_b_1	GSE175540	GOBP_RESPONSE_TO_PROSTAGLANDIN_E	comp	-0.000833	9e-06	0.6119		white_fallback
gse175540-GSM5924046_frozen_b_1	GSE175540	GOBP_CELL_ADHESION_MOLECULE_PRODUCTION	own	-0.006119	9.1e-05	0.8308		white_fallback
gse175540-GSM5924046_frozen_b_1	GSE175540	GOBP_CELL_ADHESION_MOLECULE_PRODUCTION	comp	-0.007085	1e-06	0.8706		white_fallback
gse175540-GSM5924046_frozen_b_1	GSE175540	GOBP_POSITIVE_REGULATION_OF_RNA_SPLICING	own	-0.008427	-0.000378	0.9751		white_fallback
gse175540-GSM5924046_frozen_b_1	GSE175540	GOBP_POSITIVE_REGULATION_OF_RNA_SPLICING	comp	-0.008452	0.000332	0.995		white_fallback
gse175540-GSM5924046_frozen_b_1	GSE175540	GOBP_DEFINITIVE_HEMOPOIESIS	own	0.000541	-5.1e-05	0.4726		white_fallback
gse175540-GSM5924046_frozen_b_1	GSE175540	GOBP_DEFINITIVE_HEMOPOIESIS	comp	0.000568	-0.000145	0.4478		white_fallback
gse175540-GSM5924046_frozen_b_1	GSE175540	GOBP_PROTEIN_DEACETYLATION	own	-0.005697	0.000118	0.9801		white_fallback
gse175540-GSM5924046_frozen_b_1	GSE175540	GOBP_PROTEIN_DEACETYLATION	comp	-0.006395	-1.9e-05	0.9751		white_fallback
gse175540-GSM5924046_frozen_b_1	GSE175540	GOBP_CELL_JUNCTION_DISASSEMBLY	own	0.000231	-0.000685	0.4677	76.8	
gse175540-GSM5924046_frozen_b_1	GSE175540	GOBP_CELL_JUNCTION_DISASSEMBLY	comp	-0.002043	-9.2e-05	0.6866	41.2	
gse175540-GSM5924046_frozen_b_1	GSE175540	GOBP_REGULATION_OF_SYNAPTIC_VESICLE_ENDOCYTOSIS	own	-0.003318	6.1e-05	0.7313	43.0	
gse175540-GSM5924046_frozen_b_1	GSE175540	GOBP_REGULATION_OF_SYNAPTIC_VESICLE_ENDOCYTOSIS	comp	-0.002966	0.000921	0.7662		white_fallback
gse175540-GSM5924046_frozen_b_1	GSE175540	GOBP_RESPONSE_TO_NITRIC_OXIDE	own	-0.001739	0.000168	0.5871	43.0	
gse175540-GSM5924046_frozen_b_1	GSE175540	GOBP_RESPONSE_TO_NITRIC_OXIDE	comp	-0.001884	-7e-05	0.607		white_fallback
gse175540-GSM5924046_frozen_b_1	GSE175540	GOBP_REGULATION_OF_CELL_GROWTH_INVOLVED_IN_CARDIAC_MUSCLE_CELL_DEVELOPMENT	own	-0.002422	-3e-05	0.7761		white_fallback
gse175540-GSM5924046_frozen_b_1	GSE175540	GOBP_REGULATION_OF_CELL_GROWTH_INVOLVED_IN_CARDIAC_MUSCLE_CELL_DEVELOPMENT	comp	-0.002115	0.000316	0.7711		white_fallback
gse175540-GSM5924046_frozen_b_1	GSE175540	GOBP_INNERVATION	own	0.005888	-0.00036	0.0896	45.7	
gse175540-GSM5924046_frozen_b_1	GSE175540	GOBP_INNERVATION	comp	0.006419	-0.000583	0.0647	41.3	
gse175540-GSM5924046_frozen_b_1	GSE175540	GOBP_RESPONSE_TO_ETHER	own	0.003143	3.3e-05	0.3284		white_fallback
gse175540-GSM5924046_frozen_b_1	GSE175540	GOBP_RESPONSE_TO_ETHER	comp	0.001112	-8.1e-05	0.3682		white_fallback
gse175540-GSM5924046_frozen_b_1	GSE175540	GOBP_RESCUE_OF_STALLED_RIBOSOME	own	0.004019	0.000243	0.1244		white_fallback
gse175540-GSM5924046_frozen_b_1	GSE175540	GOBP_RESCUE_OF_STALLED_RIBOSOME	comp	0.004859	0.000245	0.0398		white_fallback
gse175540-GSM5924046_frozen_b_1	GSE175540	GOBP_NEGATIVE_REGULATION_OF_MUSCLE_HYPERTROPHY	own	-0.003156	0.000236	0.801		white_fallback
gse175540-GSM5924046_frozen_b_1	GSE175540	GOBP_NEGATIVE_REGULATION_OF_MUSCLE_HYPERTROPHY	comp	-0.00309	3.3e-05	0.791		white_fallback
gse175540-GSM5924046_frozen_b_1	GSE175540	GOBP_NEURON_INTRINSIC_APOPTOTIC_SIGNALING_PATHWAY_IN_RESPONSE_TO_OXIDATIVE_STRESS	own	0.01242	0.001266	0.0498	42.9	
gse175540-GSM5924046_frozen_b_1	GSE175540	GOBP_NEURON_INTRINSIC_APOPTOTIC_SIGNALING_PATHWAY_IN_RESPONSE_TO_OXIDATIVE_STRESS	comp	0.012222	-0.000388	0.0199		white_fallback
gse175540-GSM5924046_frozen_b_1	GSE175540	GOBP_POSITIVE_REGULATION_OF_T_CELL_MIGRATION	own	-0.002827	-0.00058	0.7114	47.4	
gse175540-GSM5924046_frozen_b_1	GSE175540	GOBP_POSITIVE_REGULATION_OF_T_CELL_MIGRATION	comp	-0.002301	0.000607	0.7363	44.1	
gse175540-GSM5924046_frozen_b_1	GSE175540	GOBP_POSITIVE_REGULATION_OF_LEUKOCYTE_ADHESION_TO_VASCULAR_ENDOTHELIAL_CELL	own	0.006842	0.000168	0.0846	46.2	
gse175540-GSM5924046_frozen_b_1	GSE175540	GOBP_POSITIVE_REGULATION_OF_LEUKOCYTE_ADHESION_TO_VASCULAR_ENDOTHELIAL_CELL	comp	0.007251	2.1e-05	0.0697	41.7	
gse175540-GSM5924046_frozen_b_1	GSE175540	CTRL_B_AXIS	own	-0.003509	0.000406	0.9353	49.2	
gse175540-GSM5924046_frozen_b_1	GSE175540	CTRL_B_AXIS	comp	-0.001933	0.000292	0.8408	42.5	
gse175540-GSM5924046_frozen_b_1	GSE175540	CTRL_MYC_V1	own	-0.001909	0.000162	0.7114	49.0	
gse175540-GSM5924046_frozen_b_1	GSE175540	CTRL_MYC_V1	comp	-0.001647	0.000378	0.7015	47.3	
gse175540-GSM5924046_frozen_b_1	GSE175540	CTRL_RANDOM_32	own	0.002369	0.000183	0.2836		white_fallback
gse175540-GSM5924046_frozen_b_1	GSE175540	CTRL_RANDOM_32	comp	0.002481	0.000752	0.2836		white_fallback
gse175540-GSM5924046_frozen_b_1	GSE175540	HALLMARK_INTERFERON_GAMMA_RESPONSE	own	-0.000662	6.3e-05	0.607	79.9	
gse175540-GSM5924046_frozen_b_1	GSE175540	HALLMARK_INTERFERON_GAMMA_RESPONSE	comp	-0.000341	0.000296	0.6119	52.5	
gse175540-GSM5924046_frozen_b_1	GSE175540	HALLMARK_INTERFERON_ALPHA_RESPONSE	own	0.000334	0.000308	0.4925	76.0	
gse175540-GSM5924046_frozen_b_1	GSE175540	HALLMARK_INTERFERON_ALPHA_RESPONSE	comp	-1.6e-05	0.000301	0.5522	48.4	
gse175540-GSM5924046_frozen_b_1	GSE175540	HALLMARK_G2M_CHECKPOINT	own	-0.000153	-0.000184	0.4876		white_fallback
gse175540-GSM5924046_frozen_b_1	GSE175540	HALLMARK_G2M_CHECKPOINT	comp	-5.5e-05	4.3e-05	0.5373		white_fallback
gse175540-GSM5924046_frozen_b_1	GSE175540	HALLMARK_EPITHELIAL_MESENCHYMAL_TRANSITION	own	0.00373	0.000174	0.2935	107.6	
gse175540-GSM5924046_frozen_b_1	GSE175540	HALLMARK_EPITHELIAL_MESENCHYMAL_TRANSITION	comp	0.00228	0.000746	0.4378	87.7	
gse175540-GSM5924046_frozen_b_1	GSE175540	GENE_CXCL13	own	-0.001973	4.8e-05	0.6517		white_fallback
gse175540-GSM5924046_frozen_b_1	GSE175540	GENE_CXCL13	comp	-0.00099	0.000459	0.6219		white_fallback
gse175540-GSM5924046_frozen_b_1	GSE175540	GENE_CCL19	own	-0.013007	0.000315	0.9055		white_fallback
gse175540-GSM5924046_frozen_b_1	GSE175540	GENE_CCL19	comp	-0.011683	-0.000467	0.8458		white_fallback
gse175540-GSM5924046_frozen_b_1	GSE175540	GENE_CCL21	own	-0.049664	-0.000592	1.0	57.6	
gse175540-GSM5924046_frozen_b_1	GSE175540	GENE_CCL21	comp	-0.04923	-0.001336	1.0	56.9	
gse175540-GSM5924046_frozen_b_1	GSE175540	GENE_LTB	own	-0.002267	-0.002537	0.4876		white_fallback
gse175540-GSM5924046_frozen_b_1	GSE175540	GENE_LTB	comp	-0.000121	-0.000348	0.4876		white_fallback
gse175540-GSM5924046_frozen_b_1	GSE175540	GENE_CD74	own	0.000287	-5.6e-05	0.3682		white_fallback
gse175540-GSM5924046_frozen_b_1	GSE175540	GENE_CD74	comp	-0.001146	0.000246	0.8209		white_fallback
gse175540-GSM5924046_frozen_b_1	GSE175540	GENE_HLA_DRA	own	0.019916	-0.000269	0.0149	41.6	
gse175540-GSM5924046_frozen_b_1	GSE175540	GENE_HLA_DRA	comp	0.01726	-0.000123	0.01		white_fallback
gse175540-GSM5924046_frozen_b_1	GSE175540	GENE_IFNG	own	-0.000204	-9e-06	0.9851		white_fallback
gse175540-GSM5924046_frozen_b_1	GSE175540	GENE_IFNG	comp	-9.8e-05	5e-06	0.8259		white_fallback
gse175540-GSM5924046_frozen_b_1	GSE175540	GENE_CXCL9	own	-0.025012	0.000481	0.8209	42.5	
gse175540-GSM5924046_frozen_b_1	GSE175540	GENE_CXCL9	comp	-0.01874	0.00249	0.7512		white_fallback
gse175540-GSM5924046_frozen_b_1	GSE175540	GENE_GZMB	own	-0.004755	2.1e-05	0.7811		white_fallback
gse175540-GSM5924046_frozen_b_1	GSE175540	GENE_GZMB	comp	-0.002542	-1.3e-05	0.6368		white_fallback
gse175540-GSM5924046_frozen_b_1	GSE175540	GENE_CD8A	own	-0.002671	-0.00033	0.6368		white_fallback
gse175540-GSM5924046_frozen_b_1	GSE175540	GENE_CD8A	comp	-0.001067	-0.001208	0.4876		white_fallback
gse175540-GSM5924046_frozen_b_1	GSE175540	GENE_MKI67	own	0.010029	0.000338	0.0945		white_fallback
gse175540-GSM5924046_frozen_b_1	GSE175540	GENE_MKI67	comp	0.009411	0.00019	0.1045		white_fallback
gse175540-GSM5924046_frozen_b_1	GSE175540	GENE_COL1A1	own	0.014208	0.001477	0.4478	88.5	
gse175540-GSM5924046_frozen_b_1	GSE175540	GENE_COL1A1	comp	-0.001189	-0.002552	0.4876	82.9	
gse175540-GSM5924049_frozen_b_18	GSE175540	GOBP_REGULATION_OF_INTEGRIN_MEDIATED_SIGNALING_PATHWAY	own	0.002293	0.001207	0.4378		white_fallback
gse175540-GSM5924049_frozen_b_18	GSE175540	GOBP_REGULATION_OF_INTEGRIN_MEDIATED_SIGNALING_PATHWAY	comp	-7.7e-05	0.000295	0.5224		white_fallback
gse175540-GSM5924049_frozen_b_18	GSE175540	GOBP_COMPLEMENT_ACTIVATION_CLASSICAL_PATHWAY	own	-0.001014	-0.000422	0.5373	46.0	
gse175540-GSM5924049_frozen_b_18	GSE175540	GOBP_COMPLEMENT_ACTIVATION_CLASSICAL_PATHWAY	comp	0.000492	0.000309	0.4677	44.6	
gse175540-GSM5924049_frozen_b_18	GSE175540	GOBP_PEPTIDE_ANTIGEN_ASSEMBLY_WITH_MHC_PROTEIN_COMPLEX	own	-0.001673	-0.00144	0.5124	52.1	
gse175540-GSM5924049_frozen_b_18	GSE175540	GOBP_PEPTIDE_ANTIGEN_ASSEMBLY_WITH_MHC_PROTEIN_COMPLEX	comp	0.005513	0.00061	0.2935	46.9	
gse175540-GSM5924049_frozen_b_18	GSE175540	GOBP_NEGATIVE_REGULATION_OF_REACTIVE_OXYGEN_SPECIES_BIOSYNTHETIC_PROCESS	own	-0.006338	-0.000313	0.7861		white_fallback
gse175540-GSM5924049_frozen_b_18	GSE175540	GOBP_NEGATIVE_REGULATION_OF_REACTIVE_OXYGEN_SPECIES_BIOSYNTHETIC_PROCESS	comp	-0.006295	0.000222	0.796		white_fallback
gse175540-GSM5924049_frozen_b_18	GSE175540	GOBP_MRNA_5_SPLICE_SITE_RECOGNITION	own	0.000225	0.000369	0.5075		white_fallback
gse175540-GSM5924049_frozen_b_18	GSE175540	GOBP_MRNA_5_SPLICE_SITE_RECOGNITION	comp	-0.001804	-0.0008	0.5622		white_fallback
gse175540-GSM5924049_frozen_b_18	GSE175540	GOBP_RESPONSE_TO_INTERFERON_ALPHA	own	0.000265	0.000879	0.5423	47.9	
gse175540-GSM5924049_frozen_b_18	GSE175540	GOBP_RESPONSE_TO_INTERFERON_ALPHA	comp	0.002593	0.000701	0.393	45.2	
gse175540-GSM5924049_frozen_b_18	GSE175540	GOBP_POSITIVE_REGULATION_OF_VASCULAR_ASSOCIATED_SMOOTH_MUSCLE_CELL_MIGRATION	own	-0.000138	0.000797	0.5423		white_fallback
gse175540-GSM5924049_frozen_b_18	GSE175540	GOBP_POSITIVE_REGULATION_OF_VASCULAR_ASSOCIATED_SMOOTH_MUSCLE_CELL_MIGRATION	comp	-0.003426	0.000757	0.7413		white_fallback
gse175540-GSM5924049_frozen_b_18	GSE175540	GOBP_NEGATIVE_REGULATION_OF_EXTRACELLULAR_MATRIX_ORGANIZATION	own	0.014836	-0.000158	0.0348		white_fallback
gse175540-GSM5924049_frozen_b_18	GSE175540	GOBP_NEGATIVE_REGULATION_OF_EXTRACELLULAR_MATRIX_ORGANIZATION	comp	0.015855	0.001005	0.0398		white_fallback
gse175540-GSM5924049_frozen_b_18	GSE175540	GOBP_CELL_FATE_DETERMINATION	own	0.006553	5.5e-05	0.0547	42.0	
gse175540-GSM5924049_frozen_b_18	GSE175540	GOBP_CELL_FATE_DETERMINATION	comp	0.004369	-0.00024	0.0896		white_fallback
gse175540-GSM5924049_frozen_b_18	GSE175540	GOBP_HYPERSENSITIVITY	own	0.005377	0.000546	0.2488	49.5	
gse175540-GSM5924049_frozen_b_18	GSE175540	GOBP_HYPERSENSITIVITY	comp	0.006382	-0.000154	0.194	45.8	
gse175540-GSM5924049_frozen_b_18	GSE175540	GOBP_NEGATIVE_REGULATION_OF_BLOOD_VESSEL_ENDOTHELIAL_CELL_PROLIFERATION_INVOLVED_IN_SPROUTING_ANGIOGENESIS	own	0.002954	3.2e-05	0.3831	42.3	
gse175540-GSM5924049_frozen_b_18	GSE175540	GOBP_NEGATIVE_REGULATION_OF_BLOOD_VESSEL_ENDOTHELIAL_CELL_PROLIFERATION_INVOLVED_IN_SPROUTING_ANGIOGENESIS	comp	-0.001264	0.000251	0.5622		white_fallback
gse175540-GSM5924049_frozen_b_18	GSE175540	GOBP_PHYSIOLOGICAL_CARDIAC_MUSCLE_HYPERTROPHY	own	-0.004822	-0.000521	0.8806		white_fallback
gse175540-GSM5924049_frozen_b_18	GSE175540	GOBP_PHYSIOLOGICAL_CARDIAC_MUSCLE_HYPERTROPHY	comp	-0.005041	0.000561	0.9303		white_fallback
gse175540-GSM5924049_frozen_b_18	GSE175540	GOBP_INTEGRIN_MEDIATED_SIGNALING_PATHWAY	own	0.006646	-0.000697	0.1244	45.7	
gse175540-GSM5924049_frozen_b_18	GSE175540	GOBP_INTEGRIN_MEDIATED_SIGNALING_PATHWAY	comp	0.004149	-0.000243	0.2289	44.4	
gse175540-GSM5924049_frozen_b_18	GSE175540	GOBP_RESPONSE_TO_PROSTAGLANDIN_E	own	-0.001334	0.000788	0.6766		white_fallback
gse175540-GSM5924049_frozen_b_18	GSE175540	GOBP_RESPONSE_TO_PROSTAGLANDIN_E	comp	-0.001777	2e-06	0.7114		white_fallback
gse175540-GSM5924049_frozen_b_18	GSE175540	GOBP_CELL_ADHESION_MOLECULE_PRODUCTION	own	0.001809	0.000376	0.4428		white_fallback
gse175540-GSM5924049_frozen_b_18	GSE175540	GOBP_CELL_ADHESION_MOLECULE_PRODUCTION	comp	0.002022	0.000941	0.4378		white_fallback
gse175540-GSM5924049_frozen_b_18	GSE175540	GOBP_POSITIVE_REGULATION_OF_RNA_SPLICING	own	-0.01278	0.000202	0.9801	43.9	
gse175540-GSM5924049_frozen_b_18	GSE175540	GOBP_POSITIVE_REGULATION_OF_RNA_SPLICING	comp	-0.013118	-0.000236	0.995	41.6	
gse175540-GSM5924049_frozen_b_18	GSE175540	GOBP_DEFINITIVE_HEMOPOIESIS	own	-0.002377	0.000362	0.6965		white_fallback
gse175540-GSM5924049_frozen_b_18	GSE175540	GOBP_DEFINITIVE_HEMOPOIESIS	comp	-0.002153	0.000575	0.6269		white_fallback
gse175540-GSM5924049_frozen_b_18	GSE175540	GOBP_PROTEIN_DEACETYLATION	own	0.008283	0.000615	0.0149		white_fallback
gse175540-GSM5924049_frozen_b_18	GSE175540	GOBP_PROTEIN_DEACETYLATION	comp	0.007242	-0.000291	0.0249		white_fallback
gse175540-GSM5924049_frozen_b_18	GSE175540	GOBP_CELL_JUNCTION_DISASSEMBLY	own	-0.000742	-1.7e-05	0.5622		white_fallback
gse175540-GSM5924049_frozen_b_18	GSE175540	GOBP_CELL_JUNCTION_DISASSEMBLY	comp	-0.000779	4.3e-05	0.6169		white_fallback
gse175540-GSM5924049_frozen_b_18	GSE175540	GOBP_REGULATION_OF_SYNAPTIC_VESICLE_ENDOCYTOSIS	own	0.001189	1.2e-05	0.4328	41.2	
gse175540-GSM5924049_frozen_b_18	GSE175540	GOBP_REGULATION_OF_SYNAPTIC_VESICLE_ENDOCYTOSIS	comp	3e-05	-0.000233	0.4776		white_fallback
gse175540-GSM5924049_frozen_b_18	GSE175540	GOBP_RESPONSE_TO_NITRIC_OXIDE	own	0.008744	-5.2e-05	0.1194		white_fallback
gse175540-GSM5924049_frozen_b_18	GSE175540	GOBP_RESPONSE_TO_NITRIC_OXIDE	comp	0.007729	0.000412	0.1244		white_fallback
gse175540-GSM5924049_frozen_b_18	GSE175540	GOBP_REGULATION_OF_CELL_GROWTH_INVOLVED_IN_CARDIAC_MUSCLE_CELL_DEVELOPMENT	own	-0.004525	-0.000339	0.8905	41.4	
gse175540-GSM5924049_frozen_b_18	GSE175540	GOBP_REGULATION_OF_CELL_GROWTH_INVOLVED_IN_CARDIAC_MUSCLE_CELL_DEVELOPMENT	comp	-0.00496	0.00035	0.8657		white_fallback
gse175540-GSM5924049_frozen_b_18	GSE175540	GOBP_INNERVATION	own	0.002715	-5.1e-05	0.2687		white_fallback
gse175540-GSM5924049_frozen_b_18	GSE175540	GOBP_INNERVATION	comp	-6.9e-05	-0.00019	0.4975		white_fallback
gse175540-GSM5924049_frozen_b_18	GSE175540	GOBP_RESPONSE_TO_ETHER	own	0.015137	-2e-05	0.0149		white_fallback
gse175540-GSM5924049_frozen_b_18	GSE175540	GOBP_RESPONSE_TO_ETHER	comp	0.015079	-0.000441	0.01		white_fallback
gse175540-GSM5924049_frozen_b_18	GSE175540	GOBP_RESCUE_OF_STALLED_RIBOSOME	own	-0.002691	-0.000121	0.7463		white_fallback
gse175540-GSM5924049_frozen_b_18	GSE175540	GOBP_RESCUE_OF_STALLED_RIBOSOME	comp	-0.004364	0.000237	0.9005		white_fallback
gse175540-GSM5924049_frozen_b_18	GSE175540	GOBP_NEGATIVE_REGULATION_OF_MUSCLE_HYPERTROPHY	own	0.002847	-5.6e-05	0.2786		white_fallback
gse175540-GSM5924049_frozen_b_18	GSE175540	GOBP_NEGATIVE_REGULATION_OF_MUSCLE_HYPERTROPHY	comp	0.003357	0.000516	0.194		white_fallback
gse175540-GSM5924049_frozen_b_18	GSE175540	GOBP_NEURON_INTRINSIC_APOPTOTIC_SIGNALING_PATHWAY_IN_RESPONSE_TO_OXIDATIVE_STRESS	own	0.007589	0.000358	0.1592		white_fallback
gse175540-GSM5924049_frozen_b_18	GSE175540	GOBP_NEURON_INTRINSIC_APOPTOTIC_SIGNALING_PATHWAY_IN_RESPONSE_TO_OXIDATIVE_STRESS	comp	0.004689	-0.000467	0.2289		white_fallback
gse175540-GSM5924049_frozen_b_18	GSE175540	GOBP_POSITIVE_REGULATION_OF_T_CELL_MIGRATION	own	-0.005332	-0.000886	0.7463	49.2	
gse175540-GSM5924049_frozen_b_18	GSE175540	GOBP_POSITIVE_REGULATION_OF_T_CELL_MIGRATION	comp	-0.004994	-2e-05	0.801	45.0	
gse175540-GSM5924049_frozen_b_18	GSE175540	GOBP_POSITIVE_REGULATION_OF_LEUKOCYTE_ADHESION_TO_VASCULAR_ENDOTHELIAL_CELL	own	-0.008241	-0.000756	0.9254	45.7	
gse175540-GSM5924049_frozen_b_18	GSE175540	GOBP_POSITIVE_REGULATION_OF_LEUKOCYTE_ADHESION_TO_VASCULAR_ENDOTHELIAL_CELL	comp	-0.008839	-0.000831	0.9154	43.5	
gse175540-GSM5924049_frozen_b_18	GSE175540	CTRL_B_AXIS	own	3.4e-05	0.000281	0.5473		white_fallback
gse175540-GSM5924049_frozen_b_18	GSE175540	CTRL_B_AXIS	comp	-5.6e-05	0.00023	0.5622		white_fallback
gse175540-GSM5924049_frozen_b_18	GSE175540	CTRL_MYC_V1	own	-0.004017	0.000361	0.806	49.8	
gse175540-GSM5924049_frozen_b_18	GSE175540	CTRL_MYC_V1	comp	-0.005429	-0.000311	0.8308	48.9	
gse175540-GSM5924049_frozen_b_18	GSE175540	CTRL_RANDOM_32	own	-0.011649	-5.3e-05	0.995		white_fallback
gse175540-GSM5924049_frozen_b_18	GSE175540	CTRL_RANDOM_32	comp	-0.012659	3e-06	0.995		white_fallback
gse175540-GSM5924049_frozen_b_18	GSE175540	HALLMARK_INTERFERON_GAMMA_RESPONSE	own	-0.001347	0.000238	0.5871	86.6	
gse175540-GSM5924049_frozen_b_18	GSE175540	HALLMARK_INTERFERON_GAMMA_RESPONSE	comp	0.00244	-0.000491	0.3532	81.2	
gse175540-GSM5924049_frozen_b_18	GSE175540	HALLMARK_INTERFERON_ALPHA_RESPONSE	own	0.000307	-0.000832	0.4527	84.8	
gse175540-GSM5924049_frozen_b_18	GSE175540	HALLMARK_INTERFERON_ALPHA_RESPONSE	comp	0.004459	-0.001574	0.2985	80.0	
gse175540-GSM5924049_frozen_b_18	GSE175540	HALLMARK_G2M_CHECKPOINT	own	0.000217	6.9e-05	0.4677		white_fallback
gse175540-GSM5924049_frozen_b_18	GSE175540	HALLMARK_G2M_CHECKPOINT	comp	-0.00027	-6.1e-05	0.5622		white_fallback
gse175540-GSM5924049_frozen_b_18	GSE175540	HALLMARK_EPITHELIAL_MESENCHYMAL_TRANSITION	own	0.012232	0.001347	0.0398	48.2	
gse175540-GSM5924049_frozen_b_18	GSE175540	HALLMARK_EPITHELIAL_MESENCHYMAL_TRANSITION	comp	0.009671	-5.5e-05	0.0498	47.6	
gse175540-GSM5924049_frozen_b_18	GSE175540	GENE_CXCL13	own	-0.007854	0.002493	0.6318		white_fallback
gse175540-GSM5924049_frozen_b_18	GSE175540	GENE_CXCL13	comp	-0.002687	-0.000711	0.5522		white_fallback
gse175540-GSM5924049_frozen_b_18	GSE175540	GENE_CCL19	own	0.0	0.0	1.0		white_fallback
gse175540-GSM5924049_frozen_b_18	GSE175540	GENE_CCL19	comp	0.0	0.0	1.0		white_fallback
gse175540-GSM5924049_frozen_b_18	GSE175540	GENE_CCL21	own	0.00241	7.5e-05	0.1592		white_fallback
gse175540-GSM5924049_frozen_b_18	GSE175540	GENE_CCL21	comp	0.003141	-0.000118	0.1592		white_fallback
gse175540-GSM5924049_frozen_b_18	GSE175540	GENE_LTB	own	-0.007769	2.8e-05	0.9104		white_fallback
gse175540-GSM5924049_frozen_b_18	GSE175540	GENE_LTB	comp	-0.007749	-2.2e-05	0.9204		white_fallback
gse175540-GSM5924049_frozen_b_18	GSE175540	GENE_CD74	own	-0.000324	-0.0	0.8109	51.3	
gse175540-GSM5924049_frozen_b_18	GSE175540	GENE_CD74	comp	-9e-06	-6.5e-05	0.4428	49.0	
gse175540-GSM5924049_frozen_b_18	GSE175540	GENE_HLA_DRA	own	0.003565	0.000119	0.2289	49.5	
gse175540-GSM5924049_frozen_b_18	GSE175540	GENE_HLA_DRA	comp	0.00628	0.000211	0.0796	45.0	
gse175540-GSM5924049_frozen_b_18	GSE175540	GENE_IFNG	own	0.00049	3.5e-05	0.1592		white_fallback
gse175540-GSM5924049_frozen_b_18	GSE175540	GENE_IFNG	comp	0.000244	-9.6e-05	0.3582		white_fallback
gse175540-GSM5924049_frozen_b_18	GSE175540	GENE_CXCL9	own	-0.022883	-0.007572	0.6915	41.9	
gse175540-GSM5924049_frozen_b_18	GSE175540	GENE_CXCL9	comp	-0.02393	-0.002736	0.6766	41.9	
gse175540-GSM5924049_frozen_b_18	GSE175540	GENE_GZMB	own	-0.00854	0.001842	0.8259		white_fallback
gse175540-GSM5924049_frozen_b_18	GSE175540	GENE_GZMB	comp	-0.007492	-6.2e-05	0.7164		white_fallback
gse175540-GSM5924049_frozen_b_18	GSE175540	GENE_CD8A	own	0.043841	-0.002525	0.0647		white_fallback
gse175540-GSM5924049_frozen_b_18	GSE175540	GENE_CD8A	comp	0.04114	-0.004129	0.0398		white_fallback
gse175540-GSM5924049_frozen_b_18	GSE175540	GENE_MKI67	own	-0.017131	-0.000492	0.8706		white_fallback
gse175540-GSM5924049_frozen_b_18	GSE175540	GENE_MKI67	comp	-0.020014	0.000107	0.8657		white_fallback
gse175540-GSM5924049_frozen_b_18	GSE175540	GENE_COL1A1	own	0.155066	0.000353	0.01	47.3	
gse175540-GSM5924049_frozen_b_18	GSE175540	GENE_COL1A1	comp	0.116388	0.003333	0.0199	46.5	
gse175540-GSM5924050_frozen_c_2	GSE175540	GOBP_REGULATION_OF_INTEGRIN_MEDIATED_SIGNALING_PATHWAY	own	-0.02163	-3.5e-05	0.995	45.5	
gse175540-GSM5924050_frozen_c_2	GSE175540	GOBP_REGULATION_OF_INTEGRIN_MEDIATED_SIGNALING_PATHWAY	comp	-0.01324	-0.000185	0.9204	42.7	
gse175540-GSM5924050_frozen_c_2	GSE175540	GOBP_COMPLEMENT_ACTIVATION_CLASSICAL_PATHWAY	own	-0.006117	-0.000606	0.7811	43.9	
gse175540-GSM5924050_frozen_c_2	GSE175540	GOBP_COMPLEMENT_ACTIVATION_CLASSICAL_PATHWAY	comp	-0.004603	-0.00028	0.7015	41.4	
gse175540-GSM5924050_frozen_c_2	GSE175540	GOBP_PEPTIDE_ANTIGEN_ASSEMBLY_WITH_MHC_PROTEIN_COMPLEX	own	-0.053112	0.001947	0.9801	84.0	
gse175540-GSM5924050_frozen_c_2	GSE175540	GOBP_PEPTIDE_ANTIGEN_ASSEMBLY_WITH_MHC_PROTEIN_COMPLEX	comp	-0.035198	0.001769	0.9751	49.0	
gse175540-GSM5924050_frozen_c_2	GSE175540	GOBP_NEGATIVE_REGULATION_OF_REACTIVE_OXYGEN_SPECIES_BIOSYNTHETIC_PROCESS	own	-0.02946	0.000259	1.0		white_fallback
gse175540-GSM5924050_frozen_c_2	GSE175540	GOBP_NEGATIVE_REGULATION_OF_REACTIVE_OXYGEN_SPECIES_BIOSYNTHETIC_PROCESS	comp	-0.02466	0.00061	0.995		white_fallback
gse175540-GSM5924050_frozen_c_2	GSE175540	GOBP_MRNA_5_SPLICE_SITE_RECOGNITION	own	-0.009922	-0.001265	0.796		white_fallback
gse175540-GSM5924050_frozen_c_2	GSE175540	GOBP_MRNA_5_SPLICE_SITE_RECOGNITION	comp	-0.005934	0.000348	0.7214		white_fallback
gse175540-GSM5924050_frozen_c_2	GSE175540	GOBP_RESPONSE_TO_INTERFERON_ALPHA	own	-0.004935	-0.000796	0.6866		white_fallback
gse175540-GSM5924050_frozen_c_2	GSE175540	GOBP_RESPONSE_TO_INTERFERON_ALPHA	comp	-0.003163	0.000805	0.6766		white_fallback
gse175540-GSM5924050_frozen_c_2	GSE175540	GOBP_POSITIVE_REGULATION_OF_VASCULAR_ASSOCIATED_SMOOTH_MUSCLE_CELL_MIGRATION	own	-0.01381	4e-05	0.9303		white_fallback
gse175540-GSM5924050_frozen_c_2	GSE175540	GOBP_POSITIVE_REGULATION_OF_VASCULAR_ASSOCIATED_SMOOTH_MUSCLE_CELL_MIGRATION	comp	-0.009987	-0.000388	0.8706		white_fallback
gse175540-GSM5924050_frozen_c_2	GSE175540	GOBP_NEGATIVE_REGULATION_OF_EXTRACELLULAR_MATRIX_ORGANIZATION	own	-0.029873	0.000621	0.995		white_fallback
gse175540-GSM5924050_frozen_c_2	GSE175540	GOBP_NEGATIVE_REGULATION_OF_EXTRACELLULAR_MATRIX_ORGANIZATION	comp	-0.027264	0.000805	1.0		white_fallback
gse175540-GSM5924050_frozen_c_2	GSE175540	GOBP_CELL_FATE_DETERMINATION	own	-0.005537	0.000283	0.9303		white_fallback
gse175540-GSM5924050_frozen_c_2	GSE175540	GOBP_CELL_FATE_DETERMINATION	comp	-0.004893	0.000519	0.9453		white_fallback
gse175540-GSM5924050_frozen_c_2	GSE175540	GOBP_HYPERSENSITIVITY	own	-0.017084	0.000209	0.9403	45.3	
gse175540-GSM5924050_frozen_c_2	GSE175540	GOBP_HYPERSENSITIVITY	comp	-0.012174	-0.001842	0.8955		white_fallback
gse175540-GSM5924050_frozen_c_2	GSE175540	GOBP_NEGATIVE_REGULATION_OF_BLOOD_VESSEL_ENDOTHELIAL_CELL_PROLIFERATION_INVOLVED_IN_SPROUTING_ANGIOGENESIS	own	-0.003091	-0.000296	0.5721		white_fallback
gse175540-GSM5924050_frozen_c_2	GSE175540	GOBP_NEGATIVE_REGULATION_OF_BLOOD_VESSEL_ENDOTHELIAL_CELL_PROLIFERATION_INVOLVED_IN_SPROUTING_ANGIOGENESIS	comp	-0.007261	0.000394	0.7164		white_fallback
gse175540-GSM5924050_frozen_c_2	GSE175540	GOBP_PHYSIOLOGICAL_CARDIAC_MUSCLE_HYPERTROPHY	own	-0.000953	-0.000193	0.5622		white_fallback
gse175540-GSM5924050_frozen_c_2	GSE175540	GOBP_PHYSIOLOGICAL_CARDIAC_MUSCLE_HYPERTROPHY	comp	-0.001382	-0.000727	0.5522		white_fallback
gse175540-GSM5924050_frozen_c_2	GSE175540	GOBP_INTEGRIN_MEDIATED_SIGNALING_PATHWAY	own	-0.020704	0.00126	1.0	80.3	
gse175540-GSM5924050_frozen_c_2	GSE175540	GOBP_INTEGRIN_MEDIATED_SIGNALING_PATHWAY	comp	-0.015116	0.000865	0.99	48.5	
gse175540-GSM5924050_frozen_c_2	GSE175540	GOBP_RESPONSE_TO_PROSTAGLANDIN_E	own	-0.012069	1.7e-05	0.995		white_fallback
gse175540-GSM5924050_frozen_c_2	GSE175540	GOBP_RESPONSE_TO_PROSTAGLANDIN_E	comp	-0.010419	-0.000162	0.995		white_fallback
gse175540-GSM5924050_frozen_c_2	GSE175540	GOBP_CELL_ADHESION_MOLECULE_PRODUCTION	own	-0.014075	0.001581	0.9104		white_fallback
gse175540-GSM5924050_frozen_c_2	GSE175540	GOBP_CELL_ADHESION_MOLECULE_PRODUCTION	comp	-0.007677	-0.000107	0.791		white_fallback
gse175540-GSM5924050_frozen_c_2	GSE175540	GOBP_POSITIVE_REGULATION_OF_RNA_SPLICING	own	-0.010918	-0.000246	0.9801		white_fallback
gse175540-GSM5924050_frozen_c_2	GSE175540	GOBP_POSITIVE_REGULATION_OF_RNA_SPLICING	comp	-0.009531	-8.9e-05	0.9801		white_fallback
gse175540-GSM5924050_frozen_c_2	GSE175540	GOBP_DEFINITIVE_HEMOPOIESIS	own	-0.002349	-0.000708	0.6219		white_fallback
gse175540-GSM5924050_frozen_c_2	GSE175540	GOBP_DEFINITIVE_HEMOPOIESIS	comp	-0.001485	-1e-06	0.5821		white_fallback
gse175540-GSM5924050_frozen_c_2	GSE175540	GOBP_PROTEIN_DEACETYLATION	own	-0.010349	0.000168	0.9552		white_fallback
gse175540-GSM5924050_frozen_c_2	GSE175540	GOBP_PROTEIN_DEACETYLATION	comp	-0.008447	0.000667	0.9552		white_fallback
gse175540-GSM5924050_frozen_c_2	GSE175540	GOBP_CELL_JUNCTION_DISASSEMBLY	own	-0.012553	-0.000376	0.9552	75.7	
gse175540-GSM5924050_frozen_c_2	GSE175540	GOBP_CELL_JUNCTION_DISASSEMBLY	comp	-0.006185	0.000559	0.8856		white_fallback
gse175540-GSM5924050_frozen_c_2	GSE175540	GOBP_REGULATION_OF_SYNAPTIC_VESICLE_ENDOCYTOSIS	own	-0.009849	-0.000267	0.8657		white_fallback
gse175540-GSM5924050_frozen_c_2	GSE175540	GOBP_REGULATION_OF_SYNAPTIC_VESICLE_ENDOCYTOSIS	comp	-0.006632	-0.00142	0.796		white_fallback
gse175540-GSM5924050_frozen_c_2	GSE175540	GOBP_RESPONSE_TO_NITRIC_OXIDE	own	-0.017447	-0.000347	1.0		white_fallback
gse175540-GSM5924050_frozen_c_2	GSE175540	GOBP_RESPONSE_TO_NITRIC_OXIDE	comp	-0.014546	0.000798	0.9751		white_fallback
gse175540-GSM5924050_frozen_c_2	GSE175540	GOBP_REGULATION_OF_CELL_GROWTH_INVOLVED_IN_CARDIAC_MUSCLE_CELL_DEVELOPMENT	own	-0.00511	-0.000196	0.801		white_fallback
gse175540-GSM5924050_frozen_c_2	GSE175540	GOBP_REGULATION_OF_CELL_GROWTH_INVOLVED_IN_CARDIAC_MUSCLE_CELL_DEVELOPMENT	comp	-0.005769	0.000687	0.8607		white_fallback
gse175540-GSM5924050_frozen_c_2	GSE175540	GOBP_INNERVATION	own	-0.010138	0.000498	0.9602		white_fallback
gse175540-GSM5924050_frozen_c_2	GSE175540	GOBP_INNERVATION	comp	-0.00698	-0.000355	0.8856		white_fallback
gse175540-GSM5924050_frozen_c_2	GSE175540	GOBP_RESPONSE_TO_ETHER	own	-0.019415	-0.000687	1.0	45.9	
gse175540-GSM5924050_frozen_c_2	GSE175540	GOBP_RESPONSE_TO_ETHER	comp	-0.014115	0.000617	0.9751	40.4	
gse175540-GSM5924050_frozen_c_2	GSE175540	GOBP_RESCUE_OF_STALLED_RIBOSOME	own	-0.003484	0.000305	0.7811		white_fallback
gse175540-GSM5924050_frozen_c_2	GSE175540	GOBP_RESCUE_OF_STALLED_RIBOSOME	comp	-0.004025	0.000503	0.796		white_fallback
gse175540-GSM5924050_frozen_c_2	GSE175540	GOBP_NEGATIVE_REGULATION_OF_MUSCLE_HYPERTROPHY	own	-0.013732	-0.000471	0.995		white_fallback
gse175540-GSM5924050_frozen_c_2	GSE175540	GOBP_NEGATIVE_REGULATION_OF_MUSCLE_HYPERTROPHY	comp	-0.010281	1e-05	0.9701		white_fallback
gse175540-GSM5924050_frozen_c_2	GSE175540	GOBP_NEURON_INTRINSIC_APOPTOTIC_SIGNALING_PATHWAY_IN_RESPONSE_TO_OXIDATIVE_STRESS	own	-0.020598	0.000827	1.0		white_fallback
gse175540-GSM5924050_frozen_c_2	GSE175540	GOBP_NEURON_INTRINSIC_APOPTOTIC_SIGNALING_PATHWAY_IN_RESPONSE_TO_OXIDATIVE_STRESS	comp	-0.017451	0.000635	1.0		white_fallback
gse175540-GSM5924050_frozen_c_2	GSE175540	GOBP_POSITIVE_REGULATION_OF_T_CELL_MIGRATION	own	-0.006009	-0.000303	0.8109	46.8	
gse175540-GSM5924050_frozen_c_2	GSE175540	GOBP_POSITIVE_REGULATION_OF_T_CELL_MIGRATION	comp	-0.001005	-3.6e-05	0.5672	40.8	
gse175540-GSM5924050_frozen_c_2	GSE175540	GOBP_POSITIVE_REGULATION_OF_LEUKOCYTE_ADHESION_TO_VASCULAR_ENDOTHELIAL_CELL	own	-0.015352	0.000592	0.9751	44.6	
gse175540-GSM5924050_frozen_c_2	GSE175540	GOBP_POSITIVE_REGULATION_OF_LEUKOCYTE_ADHESION_TO_VASCULAR_ENDOTHELIAL_CELL	comp	-0.010127	-0.000271	0.9602		white_fallback
gse175540-GSM5924050_frozen_c_2	GSE175540	CTRL_B_AXIS	own	0.00244	0.000154	0.1144		white_fallback
gse175540-GSM5924050_frozen_c_2	GSE175540	CTRL_B_AXIS	comp	0.002315	-7.4e-05	0.1244		white_fallback
gse175540-GSM5924050_frozen_c_2	GSE175540	CTRL_MYC_V1	own	-0.028961	0.000923	1.0	83.7	
gse175540-GSM5924050_frozen_c_2	GSE175540	CTRL_MYC_V1	comp	-0.023735	-0.001618	1.0	77.3	
gse175540-GSM5924050_frozen_c_2	GSE175540	CTRL_RANDOM_32	own	-0.009417	0.000783	0.9602		white_fallback
gse175540-GSM5924050_frozen_c_2	GSE175540	CTRL_RANDOM_32	comp	-0.010005	-0.000111	0.9801		white_fallback
gse175540-GSM5924050_frozen_c_2	GSE175540	HALLMARK_INTERFERON_GAMMA_RESPONSE	own	-0.021761	-7e-06	1.0	86.6	
gse175540-GSM5924050_frozen_c_2	GSE175540	HALLMARK_INTERFERON_GAMMA_RESPONSE	comp	-0.017197	0.00143	1.0	78.5	
gse175540-GSM5924050_frozen_c_2	GSE175540	HALLMARK_INTERFERON_ALPHA_RESPONSE	own	-0.019522	0.000635	1.0	80.6	
gse175540-GSM5924050_frozen_c_2	GSE175540	HALLMARK_INTERFERON_ALPHA_RESPONSE	comp	-0.014953	-0.000111	0.9851	74.5	
gse175540-GSM5924050_frozen_c_2	GSE175540	HALLMARK_G2M_CHECKPOINT	own	-0.005875	0.000135	0.9701	45.8	
gse175540-GSM5924050_frozen_c_2	GSE175540	HALLMARK_G2M_CHECKPOINT	comp	-0.003889	-0.000203	0.9453		white_fallback
gse175540-GSM5924050_frozen_c_2	GSE175540	HALLMARK_EPITHELIAL_MESENCHYMAL_TRANSITION	own	-0.014003	-1.8e-05	0.9353	80.1	
gse175540-GSM5924050_frozen_c_2	GSE175540	HALLMARK_EPITHELIAL_MESENCHYMAL_TRANSITION	comp	-0.009818	0.001028	0.9005	75.6	
gse175540-GSM5924050_frozen_c_2	GSE175540	GENE_CXCL13	own	-0.043988	-0.001265	0.99		white_fallback
gse175540-GSM5924050_frozen_c_2	GSE175540	GENE_CXCL13	comp	-0.043465	0.000303	0.995		white_fallback
gse175540-GSM5924050_frozen_c_2	GSE175540	GENE_CCL19	own	-0.027326	-0.000559	0.9801		white_fallback
gse175540-GSM5924050_frozen_c_2	GSE175540	GENE_CCL19	comp	-0.02687	-0.000501	0.9751		white_fallback
gse175540-GSM5924050_frozen_c_2	GSE175540	GENE_CCL21	own	0.007936	0.00129	0.3134		white_fallback
gse175540-GSM5924050_frozen_c_2	GSE175540	GENE_CCL21	comp	0.003696	0.000993	0.3831		white_fallback
gse175540-GSM5924050_frozen_c_2	GSE175540	GENE_LTB	own	-0.018951	0.000702	0.7761		white_fallback
gse175540-GSM5924050_frozen_c_2	GSE175540	GENE_LTB	comp	-0.011852	0.000563	0.6965		white_fallback
gse175540-GSM5924050_frozen_c_2	GSE175540	GENE_CD74	own	-0.023634	0.001881	0.7214		white_fallback
gse175540-GSM5924050_frozen_c_2	GSE175540	GENE_CD74	comp	-0.004114	0.001513	0.5473		white_fallback
gse175540-GSM5924050_frozen_c_2	GSE175540	GENE_HLA_DRA	own	-0.070532	0.002137	0.9403		white_fallback
gse175540-GSM5924050_frozen_c_2	GSE175540	GENE_HLA_DRA	comp	-0.039042	0.005223	0.8209		white_fallback
gse175540-GSM5924050_frozen_c_2	GSE175540	GENE_IFNG	own	0.000536	0.000129	0.2687		white_fallback
gse175540-GSM5924050_frozen_c_2	GSE175540	GENE_IFNG	comp	0.000325	-6.8e-05	0.403		white_fallback
gse175540-GSM5924050_frozen_c_2	GSE175540	GENE_CXCL9	own	-0.075572	0.008265	0.9652	41.9	
gse175540-GSM5924050_frozen_c_2	GSE175540	GENE_CXCL9	comp	-0.061145	0.00469	0.9154		white_fallback
gse175540-GSM5924050_frozen_c_2	GSE175540	GENE_GZMB	own	0.057025	0.002663	0.0149		white_fallback
gse175540-GSM5924050_frozen_c_2	GSE175540	GENE_GZMB	comp	0.055733	-0.002244	0.01		white_fallback
gse175540-GSM5924050_frozen_c_2	GSE175540	GENE_CD8A	own	-0.031932	-0.001409	0.9104		white_fallback
gse175540-GSM5924050_frozen_c_2	GSE175540	GENE_CD8A	comp	-0.032276	0.001207	0.9005		white_fallback
gse175540-GSM5924050_frozen_c_2	GSE175540	GENE_MKI67	own	-0.014074	-0.004785	0.6567		white_fallback
gse175540-GSM5924050_frozen_c_2	GSE175540	GENE_MKI67	comp	-0.015966	-0.002645	0.7612		white_fallback
gse175540-GSM5924050_frozen_c_2	GSE175540	GENE_COL1A1	own	-0.020104	-0.006772	0.6169	42.3	
gse175540-GSM5924050_frozen_c_2	GSE175540	GENE_COL1A1	comp	-0.021561	-0.000447	0.6716		white_fallback
gse175540-GSM5924052_frozen_c_23	GSE175540	GOBP_REGULATION_OF_INTEGRIN_MEDIATED_SIGNALING_PATHWAY	own	0.000285	0.001134	0.5423	73.9	
gse175540-GSM5924052_frozen_c_23	GSE175540	GOBP_REGULATION_OF_INTEGRIN_MEDIATED_SIGNALING_PATHWAY	comp	-0.000739	-0.000411	0.5423	42.5	
gse175540-GSM5924052_frozen_c_23	GSE175540	GOBP_COMPLEMENT_ACTIVATION_CLASSICAL_PATHWAY	own	0.009048	-0.001076	0.0846	74.4	
gse175540-GSM5924052_frozen_c_23	GSE175540	GOBP_COMPLEMENT_ACTIVATION_CLASSICAL_PATHWAY	comp	0.007676	7.5e-05	0.0547	42.9	
gse175540-GSM5924052_frozen_c_23	GSE175540	GOBP_PEPTIDE_ANTIGEN_ASSEMBLY_WITH_MHC_PROTEIN_COMPLEX	own	-0.014338	-0.001567	0.9154	47.4	
gse175540-GSM5924052_frozen_c_23	GSE175540	GOBP_PEPTIDE_ANTIGEN_ASSEMBLY_WITH_MHC_PROTEIN_COMPLEX	comp	-0.01204	-7e-06	0.8557	44.8	
gse175540-GSM5924052_frozen_c_23	GSE175540	GOBP_NEGATIVE_REGULATION_OF_REACTIVE_OXYGEN_SPECIES_BIOSYNTHETIC_PROCESS	own	0.001472	0.000474	0.4229		white_fallback
gse175540-GSM5924052_frozen_c_23	GSE175540	GOBP_NEGATIVE_REGULATION_OF_REACTIVE_OXYGEN_SPECIES_BIOSYNTHETIC_PROCESS	comp	0.002312	0.000803	0.4279		white_fallback
gse175540-GSM5924052_frozen_c_23	GSE175540	GOBP_MRNA_5_SPLICE_SITE_RECOGNITION	own	0.013554	-0.001005	0.0249		white_fallback
gse175540-GSM5924052_frozen_c_23	GSE175540	GOBP_MRNA_5_SPLICE_SITE_RECOGNITION	comp	0.014478	0.000241	0.0199		white_fallback
gse175540-GSM5924052_frozen_c_23	GSE175540	GOBP_RESPONSE_TO_INTERFERON_ALPHA	own	-0.00216	-0.000786	0.6418		white_fallback
gse175540-GSM5924052_frozen_c_23	GSE175540	GOBP_RESPONSE_TO_INTERFERON_ALPHA	comp	-0.003874	-0.000148	0.7662		white_fallback
gse175540-GSM5924052_frozen_c_23	GSE175540	GOBP_POSITIVE_REGULATION_OF_VASCULAR_ASSOCIATED_SMOOTH_MUSCLE_CELL_MIGRATION	own	-0.006816	0.000153	0.8657		white_fallback
gse175540-GSM5924052_frozen_c_23	GSE175540	GOBP_POSITIVE_REGULATION_OF_VASCULAR_ASSOCIATED_SMOOTH_MUSCLE_CELL_MIGRATION	comp	-0.007265	-7e-06	0.8856		white_fallback
gse175540-GSM5924052_frozen_c_23	GSE175540	GOBP_NEGATIVE_REGULATION_OF_EXTRACELLULAR_MATRIX_ORGANIZATION	own	-0.003578	-0.00108	0.6269	43.8	
gse175540-GSM5924052_frozen_c_23	GSE175540	GOBP_NEGATIVE_REGULATION_OF_EXTRACELLULAR_MATRIX_ORGANIZATION	comp	-0.004225	-0.00041	0.7114	41.2	
gse175540-GSM5924052_frozen_c_23	GSE175540	GOBP_CELL_FATE_DETERMINATION	own	0.000822	-0.000461	0.3383		white_fallback
gse175540-GSM5924052_frozen_c_23	GSE175540	GOBP_CELL_FATE_DETERMINATION	comp	-0.000663	8.1e-05	0.6617		white_fallback
gse175540-GSM5924052_frozen_c_23	GSE175540	GOBP_HYPERSENSITIVITY	own	-0.009766	0.000212	0.9204		white_fallback
gse175540-GSM5924052_frozen_c_23	GSE175540	GOBP_HYPERSENSITIVITY	comp	-0.00961	8.2e-05	0.9453		white_fallback
gse175540-GSM5924052_frozen_c_23	GSE175540	GOBP_NEGATIVE_REGULATION_OF_BLOOD_VESSEL_ENDOTHELIAL_CELL_PROLIFERATION_INVOLVED_IN_SPROUTING_ANGIOGENESIS	own	-0.000924	0.001536	0.5871		white_fallback
gse175540-GSM5924052_frozen_c_23	GSE175540	GOBP_NEGATIVE_REGULATION_OF_BLOOD_VESSEL_ENDOTHELIAL_CELL_PROLIFERATION_INVOLVED_IN_SPROUTING_ANGIOGENESIS	comp	-0.000908	-0.001445	0.4925		white_fallback
gse175540-GSM5924052_frozen_c_23	GSE175540	GOBP_PHYSIOLOGICAL_CARDIAC_MUSCLE_HYPERTROPHY	own	-0.000188	0.000106	0.5224		white_fallback
gse175540-GSM5924052_frozen_c_23	GSE175540	GOBP_PHYSIOLOGICAL_CARDIAC_MUSCLE_HYPERTROPHY	comp	0.000314	3.6e-05	0.4627		white_fallback
gse175540-GSM5924052_frozen_c_23	GSE175540	GOBP_INTEGRIN_MEDIATED_SIGNALING_PATHWAY	own	0.001826	-0.000331	0.2985	78.5	
gse175540-GSM5924052_frozen_c_23	GSE175540	GOBP_INTEGRIN_MEDIATED_SIGNALING_PATHWAY	comp	0.001286	0.000121	0.3532	47.1	
gse175540-GSM5924052_frozen_c_23	GSE175540	GOBP_RESPONSE_TO_PROSTAGLANDIN_E	own	-0.001859	-0.000333	0.6766		white_fallback
gse175540-GSM5924052_frozen_c_23	GSE175540	GOBP_RESPONSE_TO_PROSTAGLANDIN_E	comp	-0.001715	-0.000504	0.6667		white_fallback
gse175540-GSM5924052_frozen_c_23	GSE175540	GOBP_CELL_ADHESION_MOLECULE_PRODUCTION	own	-0.014344	-0.000986	0.9851		white_fallback
gse175540-GSM5924052_frozen_c_23	GSE175540	GOBP_CELL_ADHESION_MOLECULE_PRODUCTION	comp	-0.015098	-0.000655	0.99		white_fallback
gse175540-GSM5924052_frozen_c_23	GSE175540	GOBP_POSITIVE_REGULATION_OF_RNA_SPLICING	own	0.000907	0.000673	0.4826	41.0	
gse175540-GSM5924052_frozen_c_23	GSE175540	GOBP_POSITIVE_REGULATION_OF_RNA_SPLICING	comp	0.001068	-0.000221	0.408		white_fallback
gse175540-GSM5924052_frozen_c_23	GSE175540	GOBP_DEFINITIVE_HEMOPOIESIS	own	0.003647	-2e-05	0.204		white_fallback
gse175540-GSM5924052_frozen_c_23	GSE175540	GOBP_DEFINITIVE_HEMOPOIESIS	comp	0.00339	0.000135	0.2239		white_fallback
gse175540-GSM5924052_frozen_c_23	GSE175540	GOBP_PROTEIN_DEACETYLATION	own	-0.002581	-0.00043	0.7264		white_fallback
gse175540-GSM5924052_frozen_c_23	GSE175540	GOBP_PROTEIN_DEACETYLATION	comp	-0.003341	0.000168	0.7711		white_fallback
gse175540-GSM5924052_frozen_c_23	GSE175540	GOBP_CELL_JUNCTION_DISASSEMBLY	own	-0.002125	2.5e-05	0.7313	42.7	
gse175540-GSM5924052_frozen_c_23	GSE175540	GOBP_CELL_JUNCTION_DISASSEMBLY	comp	-0.002014	-4.7e-05	0.6866	41.1	
gse175540-GSM5924052_frozen_c_23	GSE175540	GOBP_REGULATION_OF_SYNAPTIC_VESICLE_ENDOCYTOSIS	own	0.001208	7e-06	0.4129		white_fallback
gse175540-GSM5924052_frozen_c_23	GSE175540	GOBP_REGULATION_OF_SYNAPTIC_VESICLE_ENDOCYTOSIS	comp	0.000732	-0.000296	0.4478		white_fallback
gse175540-GSM5924052_frozen_c_23	GSE175540	GOBP_RESPONSE_TO_NITRIC_OXIDE	own	0.005194	-0.000151	0.194		white_fallback
gse175540-GSM5924052_frozen_c_23	GSE175540	GOBP_RESPONSE_TO_NITRIC_OXIDE	comp	0.00514	-0.000341	0.1244		white_fallback
gse175540-GSM5924052_frozen_c_23	GSE175540	GOBP_REGULATION_OF_CELL_GROWTH_INVOLVED_IN_CARDIAC_MUSCLE_CELL_DEVELOPMENT	own	-0.000841	0.000102	0.5871		white_fallback
gse175540-GSM5924052_frozen_c_23	GSE175540	GOBP_REGULATION_OF_CELL_GROWTH_INVOLVED_IN_CARDIAC_MUSCLE_CELL_DEVELOPMENT	comp	0.000394	8.1e-05	0.4726		white_fallback
gse175540-GSM5924052_frozen_c_23	GSE175540	GOBP_INNERVATION	own	0.004181	0.000104	0.1741		white_fallback
gse175540-GSM5924052_frozen_c_23	GSE175540	GOBP_INNERVATION	comp	0.004545	0.000482	0.1244		white_fallback
gse175540-GSM5924052_frozen_c_23	GSE175540	GOBP_RESPONSE_TO_ETHER	own	-0.000753	0.000312	0.6318		white_fallback
gse175540-GSM5924052_frozen_c_23	GSE175540	GOBP_RESPONSE_TO_ETHER	comp	-0.0009	0.000658	0.5871		white_fallback
gse175540-GSM5924052_frozen_c_23	GSE175540	GOBP_RESCUE_OF_STALLED_RIBOSOME	own	-0.001909	5e-06	0.6617	40.3	
gse175540-GSM5924052_frozen_c_23	GSE175540	GOBP_RESCUE_OF_STALLED_RIBOSOME	comp	-0.000412	-0.00015	0.5423		white_fallback
gse175540-GSM5924052_frozen_c_23	GSE175540	GOBP_NEGATIVE_REGULATION_OF_MUSCLE_HYPERTROPHY	own	-0.003569	-0.000333	0.791	40.7	
gse175540-GSM5924052_frozen_c_23	GSE175540	GOBP_NEGATIVE_REGULATION_OF_MUSCLE_HYPERTROPHY	comp	-0.003869	0.000519	0.8308		white_fallback
gse175540-GSM5924052_frozen_c_23	GSE175540	GOBP_NEURON_INTRINSIC_APOPTOTIC_SIGNALING_PATHWAY_IN_RESPONSE_TO_OXIDATIVE_STRESS	own	-0.006057	-0.00032	0.8507		white_fallback
gse175540-GSM5924052_frozen_c_23	GSE175540	GOBP_NEURON_INTRINSIC_APOPTOTIC_SIGNALING_PATHWAY_IN_RESPONSE_TO_OXIDATIVE_STRESS	comp	-0.006777	-0.000261	0.8806		white_fallback
gse175540-GSM5924052_frozen_c_23	GSE175540	GOBP_POSITIVE_REGULATION_OF_T_CELL_MIGRATION	own	-0.001677	-1.3e-05	0.6667		white_fallback
gse175540-GSM5924052_frozen_c_23	GSE175540	GOBP_POSITIVE_REGULATION_OF_T_CELL_MIGRATION	comp	-0.001113	0.000356	0.6219		white_fallback
gse175540-GSM5924052_frozen_c_23	GSE175540	GOBP_POSITIVE_REGULATION_OF_LEUKOCYTE_ADHESION_TO_VASCULAR_ENDOTHELIAL_CELL	own	-0.001134	-4.5e-05	0.602		white_fallback
gse175540-GSM5924052_frozen_c_23	GSE175540	GOBP_POSITIVE_REGULATION_OF_LEUKOCYTE_ADHESION_TO_VASCULAR_ENDOTHELIAL_CELL	comp	-0.001272	0.000127	0.6368		white_fallback
gse175540-GSM5924052_frozen_c_23	GSE175540	CTRL_B_AXIS	own	0.00167	0.000153	0.0945		white_fallback
gse175540-GSM5924052_frozen_c_23	GSE175540	CTRL_B_AXIS	comp	0.001746	-8.4e-05	0.1045		white_fallback
gse175540-GSM5924052_frozen_c_23	GSE175540	CTRL_MYC_V1	own	-0.003795	0.000135	0.7562	118.6	
gse175540-GSM5924052_frozen_c_23	GSE175540	CTRL_MYC_V1	comp	-0.003503	0.000389	0.7711	83.1	
gse175540-GSM5924052_frozen_c_23	GSE175540	CTRL_RANDOM_32	own	0.003006	0.000555	0.2189		white_fallback
gse175540-GSM5924052_frozen_c_23	GSE175540	CTRL_RANDOM_32	comp	0.004202	-0.000556	0.0846		white_fallback
gse175540-GSM5924052_frozen_c_23	GSE175540	HALLMARK_INTERFERON_GAMMA_RESPONSE	own	0.002716	-0.000326	0.209	81.2	
gse175540-GSM5924052_frozen_c_23	GSE175540	HALLMARK_INTERFERON_GAMMA_RESPONSE	comp	0.003229	0.000127	0.1791	77.3	
gse175540-GSM5924052_frozen_c_23	GSE175540	HALLMARK_INTERFERON_ALPHA_RESPONSE	own	0.002523	0.000223	0.2587	80.9	
gse175540-GSM5924052_frozen_c_23	GSE175540	HALLMARK_INTERFERON_ALPHA_RESPONSE	comp	0.002552	0.00036	0.2587	77.4	
gse175540-GSM5924052_frozen_c_23	GSE175540	HALLMARK_G2M_CHECKPOINT	own	0.002548	0.000213	0.0995	42.0	
gse175540-GSM5924052_frozen_c_23	GSE175540	HALLMARK_G2M_CHECKPOINT	comp	0.002824	4.8e-05	0.0896	41.5	
gse175540-GSM5924052_frozen_c_23	GSE175540	HALLMARK_EPITHELIAL_MESENCHYMAL_TRANSITION	own	-0.001082	-0.000669	0.5174	114.7	
gse175540-GSM5924052_frozen_c_23	GSE175540	HALLMARK_EPITHELIAL_MESENCHYMAL_TRANSITION	comp	-0.0027	0.000264	0.7015	79.1	
gse175540-GSM5924052_frozen_c_23	GSE175540	GENE_CXCL13	own	0.000492	0.000131	0.4726		white_fallback
gse175540-GSM5924052_frozen_c_23	GSE175540	GENE_CXCL13	comp	0.00049	0.000474	0.4925		white_fallback
gse175540-GSM5924052_frozen_c_23	GSE175540	GENE_CCL19	own	-0.048947	0.001846	1.0	73.9	
gse175540-GSM5924052_frozen_c_23	GSE175540	GENE_CCL19	comp	-0.047994	-0.000961	1.0	44.3	
gse175540-GSM5924052_frozen_c_23	GSE175540	GENE_CCL21	own	0.000475	-2.2e-05	0.4179		white_fallback
gse175540-GSM5924052_frozen_c_23	GSE175540	GENE_CCL21	comp	0.001163	-0.000498	0.3284		white_fallback
gse175540-GSM5924052_frozen_c_23	GSE175540	GENE_LTB	own	-0.027905	-0.001211	0.9453		white_fallback
gse175540-GSM5924052_frozen_c_23	GSE175540	GENE_LTB	comp	-0.023662	-0.000119	0.9652		white_fallback
gse175540-GSM5924052_frozen_c_23	GSE175540	GENE_CD74	own	-0.002049	-0.000692	0.5423		white_fallback
gse175540-GSM5924052_frozen_c_23	GSE175540	GENE_CD74	comp	0.001769	0.001063	0.4726		white_fallback
gse175540-GSM5924052_frozen_c_23	GSE175540	GENE_HLA_DRA	own	0.009313	0.003258	0.4279		white_fallback
gse175540-GSM5924052_frozen_c_23	GSE175540	GENE_HLA_DRA	comp	0.029619	-0.00288	0.2239		white_fallback
gse175540-GSM5924052_frozen_c_23	GSE175540	GENE_IFNG	own	-9.9e-05	1e-06	0.9254		white_fallback
gse175540-GSM5924052_frozen_c_23	GSE175540	GENE_IFNG	comp	-0.000138	-4e-06	0.9403		white_fallback
gse175540-GSM5924052_frozen_c_23	GSE175540	GENE_CXCL9	own	0.006475	-0.003309	0.3284		white_fallback
gse175540-GSM5924052_frozen_c_23	GSE175540	GENE_CXCL9	comp	0.00787	-0.00301	0.2985		white_fallback
gse175540-GSM5924052_frozen_c_23	GSE175540	GENE_GZMB	own	-0.001892	0.000388	0.6567		white_fallback
gse175540-GSM5924052_frozen_c_23	GSE175540	GENE_GZMB	comp	-0.00141	-0.000256	0.592		white_fallback
gse175540-GSM5924052_frozen_c_23	GSE175540	GENE_CD8A	own	-0.016216	0.002734	0.9552		white_fallback
gse175540-GSM5924052_frozen_c_23	GSE175540	GENE_CD8A	comp	-0.014118	0.001485	0.9254		white_fallback
gse175540-GSM5924052_frozen_c_23	GSE175540	GENE_MKI67	own	0.007414	-0.000608	0.0896		white_fallback
gse175540-GSM5924052_frozen_c_23	GSE175540	GENE_MKI67	comp	0.007928	0.000221	0.1642		white_fallback
gse175540-GSM5924052_frozen_c_23	GSE175540	GENE_COL1A1	own	-0.027577	0.001157	0.7114	44.1	
gse175540-GSM5924052_frozen_c_23	GSE175540	GENE_COL1A1	comp	-0.037288	-0.001411	0.8109	40.9	
